name,job_id,index,tile,kind,row,word,address,beats,command_offer,command,ar,aw,gather_complete,b,local_done,r_first,r_last,r_count,r_gap_histogram,local_reads_first,local_reads_last,local_reads_count,local_reads_gap_histogram,loads_first,loads_last,loads_count,loads_gap_histogram,result_requests_first,result_requests_last,result_requests_count,result_requests_gap_histogram,result_responses_first,result_responses_last,result_responses_count,result_responses_gap_histogram,local_writes_first,local_writes_last,local_writes_count,local_writes_gap_histogram,w_first,w_last,w_count,w_gap_histogram,command_to_ar,ar_to_first_r,remaining_r_span,last_r_to_last_bank_load,last_bank_load_to_local_done,c_gather,aw_w_issue,b_response,b_to_local_done
dense,1,0,0,a,0,0,64,16,6,6,7,,,,42,9,24,16,1:15,25,40,16,1:15,26,41,16,1:15,,,0,,,,0,,,,0,,,,0,,1,2,15,17,1,,,,
dense,1,1,0,a,0,16,192,16,45,45,46,,,,81,48,63,16,1:15,64,79,16,1:15,65,80,16,1:15,,,0,,,,0,,,,0,,,,0,,1,2,15,17,1,,,,
dense,1,2,0,a,1,0,320,16,84,84,85,,,,120,87,102,16,1:15,103,118,16,1:15,104,119,16,1:15,,,0,,,,0,,,,0,,,,0,,1,2,15,17,1,,,,
dense,1,3,0,a,1,16,448,16,123,123,124,,,,159,126,141,16,1:15,142,157,16,1:15,143,158,16,1:15,,,0,,,,0,,,,0,,,,0,,1,2,15,17,1,,,,
dense,1,4,0,a,2,0,576,16,162,162,163,,,,198,165,180,16,1:15,181,196,16,1:15,182,197,16,1:15,,,0,,,,0,,,,0,,,,0,,1,2,15,17,1,,,,
dense,1,5,0,a,2,16,704,16,201,201,202,,,,237,204,219,16,1:15,220,235,16,1:15,221,236,16,1:15,,,0,,,,0,,,,0,,,,0,,1,2,15,17,1,,,,
dense,1,6,0,a,3,0,832,16,240,240,241,,,,276,243,258,16,1:15,259,274,16,1:15,260,275,16,1:15,,,0,,,,0,,,,0,,,,0,,1,2,15,17,1,,,,
dense,1,7,0,a,3,16,960,16,279,279,280,,,,315,282,297,16,1:15,298,313,16,1:15,299,314,16,1:15,,,0,,,,0,,,,0,,,,0,,1,2,15,17,1,,,,
dense,1,8,0,a,4,0,1088,16,318,318,319,,,,354,321,336,16,1:15,337,352,16,1:15,338,353,16,1:15,,,0,,,,0,,,,0,,,,0,,1,2,15,17,1,,,,
dense,1,9,0,a,4,16,1216,16,357,357,358,,,,393,360,375,16,1:15,376,391,16,1:15,377,392,16,1:15,,,0,,,,0,,,,0,,,,0,,1,2,15,17,1,,,,
dense,1,10,0,a,5,0,1344,16,396,396,397,,,,432,399,414,16,1:15,415,430,16,1:15,416,431,16,1:15,,,0,,,,0,,,,0,,,,0,,1,2,15,17,1,,,,
dense,1,11,0,a,5,16,1472,16,435,435,436,,,,471,438,453,16,1:15,454,469,16,1:15,455,470,16,1:15,,,0,,,,0,,,,0,,,,0,,1,2,15,17,1,,,,
dense,1,12,0,a,6,0,1600,16,474,474,475,,,,510,477,492,16,1:15,493,508,16,1:15,494,509,16,1:15,,,0,,,,0,,,,0,,,,0,,1,2,15,17,1,,,,
dense,1,13,0,a,6,16,1728,16,513,513,514,,,,549,516,531,16,1:15,532,547,16,1:15,533,548,16,1:15,,,0,,,,0,,,,0,,,,0,,1,2,15,17,1,,,,
dense,1,14,0,a,7,0,1856,16,552,552,553,,,,588,555,570,16,1:15,571,586,16,1:15,572,587,16,1:15,,,0,,,,0,,,,0,,,,0,,1,2,15,17,1,,,,
dense,1,15,0,a,7,16,1984,16,591,591,592,,,,627,594,609,16,1:15,610,625,16,1:15,611,626,16,1:15,,,0,,,,0,,,,0,,,,0,,1,2,15,17,1,,,,
dense,1,16,0,a,8,0,2112,16,630,630,631,,,,666,633,648,16,1:15,649,664,16,1:15,650,665,16,1:15,,,0,,,,0,,,,0,,,,0,,1,2,15,17,1,,,,
dense,1,17,0,a,8,16,2240,16,669,669,670,,,,705,672,687,16,1:15,688,703,16,1:15,689,704,16,1:15,,,0,,,,0,,,,0,,,,0,,1,2,15,17,1,,,,
dense,1,18,0,a,9,0,2368,16,708,708,709,,,,744,711,726,16,1:15,727,742,16,1:15,728,743,16,1:15,,,0,,,,0,,,,0,,,,0,,1,2,15,17,1,,,,
dense,1,19,0,a,9,16,2496,16,747,747,748,,,,783,750,765,16,1:15,766,781,16,1:15,767,782,16,1:15,,,0,,,,0,,,,0,,,,0,,1,2,15,17,1,,,,
dense,1,20,0,a,10,0,2624,16,786,786,787,,,,822,789,804,16,1:15,805,820,16,1:15,806,821,16,1:15,,,0,,,,0,,,,0,,,,0,,1,2,15,17,1,,,,
dense,1,21,0,a,10,16,2752,16,825,825,826,,,,861,828,843,16,1:15,844,859,16,1:15,845,860,16,1:15,,,0,,,,0,,,,0,,,,0,,1,2,15,17,1,,,,
dense,1,22,0,a,11,0,2880,16,864,864,865,,,,900,867,882,16,1:15,883,898,16,1:15,884,899,16,1:15,,,0,,,,0,,,,0,,,,0,,1,2,15,17,1,,,,
dense,1,23,0,a,11,16,3008,16,903,903,904,,,,939,906,921,16,1:15,922,937,16,1:15,923,938,16,1:15,,,0,,,,0,,,,0,,,,0,,1,2,15,17,1,,,,
dense,1,24,0,a,12,0,3136,16,942,942,943,,,,978,945,960,16,1:15,961,976,16,1:15,962,977,16,1:15,,,0,,,,0,,,,0,,,,0,,1,2,15,17,1,,,,
dense,1,25,0,a,12,16,3264,16,981,981,982,,,,1017,984,999,16,1:15,1000,1015,16,1:15,1001,1016,16,1:15,,,0,,,,0,,,,0,,,,0,,1,2,15,17,1,,,,
dense,1,26,0,a,13,0,3392,16,1020,1020,1021,,,,1056,1023,1038,16,1:15,1039,1054,16,1:15,1040,1055,16,1:15,,,0,,,,0,,,,0,,,,0,,1,2,15,17,1,,,,
dense,1,27,0,a,13,16,3520,16,1059,1059,1060,,,,1095,1062,1077,16,1:15,1078,1093,16,1:15,1079,1094,16,1:15,,,0,,,,0,,,,0,,,,0,,1,2,15,17,1,,,,
dense,1,28,0,a,14,0,3648,16,1098,1098,1099,,,,1134,1101,1116,16,1:15,1117,1132,16,1:15,1118,1133,16,1:15,,,0,,,,0,,,,0,,,,0,,1,2,15,17,1,,,,
dense,1,29,0,a,14,16,3776,16,1137,1137,1138,,,,1173,1140,1155,16,1:15,1156,1171,16,1:15,1157,1172,16,1:15,,,0,,,,0,,,,0,,,,0,,1,2,15,17,1,,,,
dense,1,30,0,a,15,0,3904,16,1176,1176,1177,,,,1212,1179,1194,16,1:15,1195,1210,16,1:15,1196,1211,16,1:15,,,0,,,,0,,,,0,,,,0,,1,2,15,17,1,,,,
dense,1,31,0,a,15,16,4032,8,1215,1215,1216,,,,1235,1218,1225,8,1:7,1226,1233,8,1:7,1227,1234,8,1:7,,,0,,,,0,,,,0,,,,0,,1,2,7,9,1,,,,
dense,1,32,0,a,15,24,4096,8,1238,1238,1239,,,,1258,1241,1248,8,1:7,1249,1256,8,1:7,1250,1257,8,1:7,,,0,,,,0,,,,0,,,,0,,1,2,7,9,1,,,,
dense,1,33,0,a,16,0,4160,16,1261,1261,1262,,,,1297,1264,1279,16,1:15,1280,1295,16,1:15,1281,1296,16,1:15,,,0,,,,0,,,,0,,,,0,,1,2,15,17,1,,,,
dense,1,34,0,a,16,16,4288,16,1300,1300,1301,,,,1336,1303,1318,16,1:15,1319,1334,16,1:15,1320,1335,16,1:15,,,0,,,,0,,,,0,,,,0,,1,2,15,17,1,,,,
dense,1,35,0,a,17,0,4416,16,1339,1339,1340,,,,1375,1342,1357,16,1:15,1358,1373,16,1:15,1359,1374,16,1:15,,,0,,,,0,,,,0,,,,0,,1,2,15,17,1,,,,
dense,1,36,0,a,17,16,4544,16,1378,1378,1379,,,,1414,1381,1396,16,1:15,1397,1412,16,1:15,1398,1413,16,1:15,,,0,,,,0,,,,0,,,,0,,1,2,15,17,1,,,,
dense,1,37,0,a,18,0,4672,16,1417,1417,1418,,,,1453,1420,1435,16,1:15,1436,1451,16,1:15,1437,1452,16,1:15,,,0,,,,0,,,,0,,,,0,,1,2,15,17,1,,,,
dense,1,38,0,a,18,16,4800,16,1456,1456,1457,,,,1492,1459,1474,16,1:15,1475,1490,16,1:15,1476,1491,16,1:15,,,0,,,,0,,,,0,,,,0,,1,2,15,17,1,,,,
dense,1,39,0,a,19,0,4928,16,1495,1495,1496,,,,1531,1498,1513,16,1:15,1514,1529,16,1:15,1515,1530,16,1:15,,,0,,,,0,,,,0,,,,0,,1,2,15,17,1,,,,
dense,1,40,0,a,19,16,5056,16,1534,1534,1535,,,,1570,1537,1552,16,1:15,1553,1568,16,1:15,1554,1569,16,1:15,,,0,,,,0,,,,0,,,,0,,1,2,15,17,1,,,,
dense,1,41,0,a,20,0,5184,16,1573,1573,1574,,,,1609,1576,1591,16,1:15,1592,1607,16,1:15,1593,1608,16,1:15,,,0,,,,0,,,,0,,,,0,,1,2,15,17,1,,,,
dense,1,42,0,a,20,16,5312,16,1612,1612,1613,,,,1648,1615,1630,16,1:15,1631,1646,16,1:15,1632,1647,16,1:15,,,0,,,,0,,,,0,,,,0,,1,2,15,17,1,,,,
dense,1,43,0,a,21,0,5440,16,1651,1651,1652,,,,1687,1654,1669,16,1:15,1670,1685,16,1:15,1671,1686,16,1:15,,,0,,,,0,,,,0,,,,0,,1,2,15,17,1,,,,
dense,1,44,0,a,21,16,5568,16,1690,1690,1691,,,,1726,1693,1708,16,1:15,1709,1724,16,1:15,1710,1725,16,1:15,,,0,,,,0,,,,0,,,,0,,1,2,15,17,1,,,,
dense,1,45,0,a,22,0,5696,16,1729,1729,1730,,,,1765,1732,1747,16,1:15,1748,1763,16,1:15,1749,1764,16,1:15,,,0,,,,0,,,,0,,,,0,,1,2,15,17,1,,,,
dense,1,46,0,a,22,16,5824,16,1768,1768,1769,,,,1804,1771,1786,16,1:15,1787,1802,16,1:15,1788,1803,16,1:15,,,0,,,,0,,,,0,,,,0,,1,2,15,17,1,,,,
dense,1,47,0,a,23,0,5952,16,1807,1807,1808,,,,1843,1810,1825,16,1:15,1826,1841,16,1:15,1827,1842,16,1:15,,,0,,,,0,,,,0,,,,0,,1,2,15,17,1,,,,
dense,1,48,0,a,23,16,6080,16,1846,1846,1847,,,,1882,1849,1864,16,1:15,1865,1880,16,1:15,1866,1881,16,1:15,,,0,,,,0,,,,0,,,,0,,1,2,15,17,1,,,,
dense,1,49,0,a,24,0,6208,16,1885,1885,1886,,,,1921,1888,1903,16,1:15,1904,1919,16,1:15,1905,1920,16,1:15,,,0,,,,0,,,,0,,,,0,,1,2,15,17,1,,,,
dense,1,50,0,a,24,16,6336,16,1924,1924,1925,,,,1960,1927,1942,16,1:15,1943,1958,16,1:15,1944,1959,16,1:15,,,0,,,,0,,,,0,,,,0,,1,2,15,17,1,,,,
dense,1,51,0,a,25,0,6464,16,1963,1963,1964,,,,1999,1966,1981,16,1:15,1982,1997,16,1:15,1983,1998,16,1:15,,,0,,,,0,,,,0,,,,0,,1,2,15,17,1,,,,
dense,1,52,0,a,25,16,6592,16,2002,2002,2003,,,,2038,2005,2020,16,1:15,2021,2036,16,1:15,2022,2037,16,1:15,,,0,,,,0,,,,0,,,,0,,1,2,15,17,1,,,,
dense,1,53,0,a,26,0,6720,16,2041,2041,2042,,,,2077,2044,2059,16,1:15,2060,2075,16,1:15,2061,2076,16,1:15,,,0,,,,0,,,,0,,,,0,,1,2,15,17,1,,,,
dense,1,54,0,a,26,16,6848,16,2080,2080,2081,,,,2116,2083,2098,16,1:15,2099,2114,16,1:15,2100,2115,16,1:15,,,0,,,,0,,,,0,,,,0,,1,2,15,17,1,,,,
dense,1,55,0,a,27,0,6976,16,2119,2119,2120,,,,2155,2122,2137,16,1:15,2138,2153,16,1:15,2139,2154,16,1:15,,,0,,,,0,,,,0,,,,0,,1,2,15,17,1,,,,
dense,1,56,0,a,27,16,7104,16,2158,2158,2159,,,,2194,2161,2176,16,1:15,2177,2192,16,1:15,2178,2193,16,1:15,,,0,,,,0,,,,0,,,,0,,1,2,15,17,1,,,,
dense,1,57,0,a,28,0,7232,16,2197,2197,2198,,,,2233,2200,2215,16,1:15,2216,2231,16,1:15,2217,2232,16,1:15,,,0,,,,0,,,,0,,,,0,,1,2,15,17,1,,,,
dense,1,58,0,a,28,16,7360,16,2236,2236,2237,,,,2272,2239,2254,16,1:15,2255,2270,16,1:15,2256,2271,16,1:15,,,0,,,,0,,,,0,,,,0,,1,2,15,17,1,,,,
dense,1,59,0,a,29,0,7488,16,2275,2275,2276,,,,2311,2278,2293,16,1:15,2294,2309,16,1:15,2295,2310,16,1:15,,,0,,,,0,,,,0,,,,0,,1,2,15,17,1,,,,
dense,1,60,0,a,29,16,7616,16,2314,2314,2315,,,,2350,2317,2332,16,1:15,2333,2348,16,1:15,2334,2349,16,1:15,,,0,,,,0,,,,0,,,,0,,1,2,15,17,1,,,,
dense,1,61,0,a,30,0,7744,16,2353,2353,2354,,,,2389,2356,2371,16,1:15,2372,2387,16,1:15,2373,2388,16,1:15,,,0,,,,0,,,,0,,,,0,,1,2,15,17,1,,,,
dense,1,62,0,a,30,16,7872,16,2392,2392,2393,,,,2428,2395,2410,16,1:15,2411,2426,16,1:15,2412,2427,16,1:15,,,0,,,,0,,,,0,,,,0,,1,2,15,17,1,,,,
dense,1,63,0,a,31,0,8000,16,2431,2431,2432,,,,2467,2434,2449,16,1:15,2450,2465,16,1:15,2451,2466,16,1:15,,,0,,,,0,,,,0,,,,0,,1,2,15,17,1,,,,
dense,1,64,0,a,31,16,8128,8,2470,2470,2471,,,,2490,2473,2480,8,1:7,2481,2488,8,1:7,2482,2489,8,1:7,,,0,,,,0,,,,0,,,,0,,1,2,7,9,1,,,,
dense,1,65,0,a,31,24,8192,8,2493,2493,2494,,,,2513,2496,2503,8,1:7,2504,2511,8,1:7,2505,2512,8,1:7,,,0,,,,0,,,,0,,,,0,,1,2,7,9,1,,,,
dense,1,66,0,bt,0,0,8384,16,2521,2521,2522,,,,2557,2524,2539,16,1:15,2540,2555,16,1:15,2541,2556,16,1:15,,,0,,,,0,,,,0,,,,0,,1,2,15,17,1,,,,
dense,1,67,0,bt,0,16,8512,16,2560,2560,2561,,,,2596,2563,2578,16,1:15,2579,2594,16,1:15,2580,2595,16,1:15,,,0,,,,0,,,,0,,,,0,,1,2,15,17,1,,,,
dense,1,68,0,bt,1,0,8640,16,2599,2599,2600,,,,2635,2602,2617,16,1:15,2618,2633,16,1:15,2619,2634,16,1:15,,,0,,,,0,,,,0,,,,0,,1,2,15,17,1,,,,
dense,1,69,0,bt,1,16,8768,16,2638,2638,2639,,,,2674,2641,2656,16,1:15,2657,2672,16,1:15,2658,2673,16,1:15,,,0,,,,0,,,,0,,,,0,,1,2,15,17,1,,,,
dense,1,70,0,bt,2,0,8896,16,2677,2677,2678,,,,2713,2680,2695,16,1:15,2696,2711,16,1:15,2697,2712,16,1:15,,,0,,,,0,,,,0,,,,0,,1,2,15,17,1,,,,
dense,1,71,0,bt,2,16,9024,16,2716,2716,2717,,,,2752,2719,2734,16,1:15,2735,2750,16,1:15,2736,2751,16,1:15,,,0,,,,0,,,,0,,,,0,,1,2,15,17,1,,,,
dense,1,72,0,bt,3,0,9152,16,2755,2755,2756,,,,2791,2758,2773,16,1:15,2774,2789,16,1:15,2775,2790,16,1:15,,,0,,,,0,,,,0,,,,0,,1,2,15,17,1,,,,
dense,1,73,0,bt,3,16,9280,16,2794,2794,2795,,,,2830,2797,2812,16,1:15,2813,2828,16,1:15,2814,2829,16,1:15,,,0,,,,0,,,,0,,,,0,,1,2,15,17,1,,,,
dense,1,74,0,bt,4,0,9408,16,2833,2833,2834,,,,2869,2836,2851,16,1:15,2852,2867,16,1:15,2853,2868,16,1:15,,,0,,,,0,,,,0,,,,0,,1,2,15,17,1,,,,
dense,1,75,0,bt,4,16,9536,16,2872,2872,2873,,,,2908,2875,2890,16,1:15,2891,2906,16,1:15,2892,2907,16,1:15,,,0,,,,0,,,,0,,,,0,,1,2,15,17,1,,,,
dense,1,76,0,bt,5,0,9664,16,2911,2911,2912,,,,2947,2914,2929,16,1:15,2930,2945,16,1:15,2931,2946,16,1:15,,,0,,,,0,,,,0,,,,0,,1,2,15,17,1,,,,
dense,1,77,0,bt,5,16,9792,16,2950,2950,2951,,,,2986,2953,2968,16,1:15,2969,2984,16,1:15,2970,2985,16,1:15,,,0,,,,0,,,,0,,,,0,,1,2,15,17,1,,,,
dense,1,78,0,bt,6,0,9920,16,2989,2989,2990,,,,3025,2992,3007,16,1:15,3008,3023,16,1:15,3009,3024,16,1:15,,,0,,,,0,,,,0,,,,0,,1,2,15,17,1,,,,
dense,1,79,0,bt,6,16,10048,16,3028,3028,3029,,,,3064,3031,3046,16,1:15,3047,3062,16,1:15,3048,3063,16,1:15,,,0,,,,0,,,,0,,,,0,,1,2,15,17,1,,,,
dense,1,80,0,bt,7,0,10176,16,3067,3067,3068,,,,3103,3070,3085,16,1:15,3086,3101,16,1:15,3087,3102,16,1:15,,,0,,,,0,,,,0,,,,0,,1,2,15,17,1,,,,
dense,1,81,0,bt,7,16,10304,16,3106,3106,3107,,,,3142,3109,3124,16,1:15,3125,3140,16,1:15,3126,3141,16,1:15,,,0,,,,0,,,,0,,,,0,,1,2,15,17,1,,,,
dense,1,82,0,bt,8,0,10432,16,3145,3145,3146,,,,3181,3148,3163,16,1:15,3164,3179,16,1:15,3165,3180,16,1:15,,,0,,,,0,,,,0,,,,0,,1,2,15,17,1,,,,
dense,1,83,0,bt,8,16,10560,16,3184,3184,3185,,,,3220,3187,3202,16,1:15,3203,3218,16,1:15,3204,3219,16,1:15,,,0,,,,0,,,,0,,,,0,,1,2,15,17,1,,,,
dense,1,84,0,bt,9,0,10688,16,3223,3223,3224,,,,3259,3226,3241,16,1:15,3242,3257,16,1:15,3243,3258,16,1:15,,,0,,,,0,,,,0,,,,0,,1,2,15,17,1,,,,
dense,1,85,0,bt,9,16,10816,16,3262,3262,3263,,,,3298,3265,3280,16,1:15,3281,3296,16,1:15,3282,3297,16,1:15,,,0,,,,0,,,,0,,,,0,,1,2,15,17,1,,,,
dense,1,86,0,bt,10,0,10944,16,3301,3301,3302,,,,3337,3304,3319,16,1:15,3320,3335,16,1:15,3321,3336,16,1:15,,,0,,,,0,,,,0,,,,0,,1,2,15,17,1,,,,
dense,1,87,0,bt,10,16,11072,16,3340,3340,3341,,,,3376,3343,3358,16,1:15,3359,3374,16,1:15,3360,3375,16,1:15,,,0,,,,0,,,,0,,,,0,,1,2,15,17,1,,,,
dense,1,88,0,bt,11,0,11200,16,3379,3379,3380,,,,3415,3382,3397,16,1:15,3398,3413,16,1:15,3399,3414,16,1:15,,,0,,,,0,,,,0,,,,0,,1,2,15,17,1,,,,
dense,1,89,0,bt,11,16,11328,16,3418,3418,3419,,,,3454,3421,3436,16,1:15,3437,3452,16,1:15,3438,3453,16,1:15,,,0,,,,0,,,,0,,,,0,,1,2,15,17,1,,,,
dense,1,90,0,bt,12,0,11456,16,3457,3457,3458,,,,3493,3460,3475,16,1:15,3476,3491,16,1:15,3477,3492,16,1:15,,,0,,,,0,,,,0,,,,0,,1,2,15,17,1,,,,
dense,1,91,0,bt,12,16,11584,16,3496,3496,3497,,,,3532,3499,3514,16,1:15,3515,3530,16,1:15,3516,3531,16,1:15,,,0,,,,0,,,,0,,,,0,,1,2,15,17,1,,,,
dense,1,92,0,bt,13,0,11712,16,3535,3535,3536,,,,3571,3538,3553,16,1:15,3554,3569,16,1:15,3555,3570,16,1:15,,,0,,,,0,,,,0,,,,0,,1,2,15,17,1,,,,
dense,1,93,0,bt,13,16,11840,16,3574,3574,3575,,,,3610,3577,3592,16,1:15,3593,3608,16,1:15,3594,3609,16,1:15,,,0,,,,0,,,,0,,,,0,,1,2,15,17,1,,,,
dense,1,94,0,bt,14,0,11968,16,3613,3613,3614,,,,3649,3616,3631,16,1:15,3632,3647,16,1:15,3633,3648,16,1:15,,,0,,,,0,,,,0,,,,0,,1,2,15,17,1,,,,
dense,1,95,0,bt,14,16,12096,16,3652,3652,3653,,,,3688,3655,3670,16,1:15,3671,3686,16,1:15,3672,3687,16,1:15,,,0,,,,0,,,,0,,,,0,,1,2,15,17,1,,,,
dense,1,96,0,bt,15,0,12224,8,3691,3691,3692,,,,3711,3694,3701,8,1:7,3702,3709,8,1:7,3703,3710,8,1:7,,,0,,,,0,,,,0,,,,0,,1,2,7,9,1,,,,
dense,1,97,0,bt,15,8,12288,16,3714,3714,3715,,,,3750,3717,3732,16,1:15,3733,3748,16,1:15,3734,3749,16,1:15,,,0,,,,0,,,,0,,,,0,,1,2,15,17,1,,,,
dense,1,98,0,bt,15,24,12416,8,3753,3753,3754,,,,3773,3756,3763,8,1:7,3764,3771,8,1:7,3765,3772,8,1:7,,,0,,,,0,,,,0,,,,0,,1,2,7,9,1,,,,
dense,1,99,0,bt,16,0,12480,16,3776,3776,3777,,,,3812,3779,3794,16,1:15,3795,3810,16,1:15,3796,3811,16,1:15,,,0,,,,0,,,,0,,,,0,,1,2,15,17,1,,,,
dense,1,100,0,bt,16,16,12608,16,3815,3815,3816,,,,3851,3818,3833,16,1:15,3834,3849,16,1:15,3835,3850,16,1:15,,,0,,,,0,,,,0,,,,0,,1,2,15,17,1,,,,
dense,1,101,0,bt,17,0,12736,16,3854,3854,3855,,,,3890,3857,3872,16,1:15,3873,3888,16,1:15,3874,3889,16,1:15,,,0,,,,0,,,,0,,,,0,,1,2,15,17,1,,,,
dense,1,102,0,bt,17,16,12864,16,3893,3893,3894,,,,3929,3896,3911,16,1:15,3912,3927,16,1:15,3913,3928,16,1:15,,,0,,,,0,,,,0,,,,0,,1,2,15,17,1,,,,
dense,1,103,0,bt,18,0,12992,16,3932,3932,3933,,,,3968,3935,3950,16,1:15,3951,3966,16,1:15,3952,3967,16,1:15,,,0,,,,0,,,,0,,,,0,,1,2,15,17,1,,,,
dense,1,104,0,bt,18,16,13120,16,3971,3971,3972,,,,4007,3974,3989,16,1:15,3990,4005,16,1:15,3991,4006,16,1:15,,,0,,,,0,,,,0,,,,0,,1,2,15,17,1,,,,
dense,1,105,0,bt,19,0,13248,16,4010,4010,4011,,,,4046,4013,4028,16,1:15,4029,4044,16,1:15,4030,4045,16,1:15,,,0,,,,0,,,,0,,,,0,,1,2,15,17,1,,,,
dense,1,106,0,bt,19,16,13376,16,4049,4049,4050,,,,4085,4052,4067,16,1:15,4068,4083,16,1:15,4069,4084,16,1:15,,,0,,,,0,,,,0,,,,0,,1,2,15,17,1,,,,
dense,1,107,0,bt,20,0,13504,16,4088,4088,4089,,,,4124,4091,4106,16,1:15,4107,4122,16,1:15,4108,4123,16,1:15,,,0,,,,0,,,,0,,,,0,,1,2,15,17,1,,,,
dense,1,108,0,bt,20,16,13632,16,4127,4127,4128,,,,4163,4130,4145,16,1:15,4146,4161,16,1:15,4147,4162,16,1:15,,,0,,,,0,,,,0,,,,0,,1,2,15,17,1,,,,
dense,1,109,0,bt,21,0,13760,16,4166,4166,4167,,,,4202,4169,4184,16,1:15,4185,4200,16,1:15,4186,4201,16,1:15,,,0,,,,0,,,,0,,,,0,,1,2,15,17,1,,,,
dense,1,110,0,bt,21,16,13888,16,4205,4205,4206,,,,4241,4208,4223,16,1:15,4224,4239,16,1:15,4225,4240,16,1:15,,,0,,,,0,,,,0,,,,0,,1,2,15,17,1,,,,
dense,1,111,0,bt,22,0,14016,16,4244,4244,4245,,,,4280,4247,4262,16,1:15,4263,4278,16,1:15,4264,4279,16,1:15,,,0,,,,0,,,,0,,,,0,,1,2,15,17,1,,,,
dense,1,112,0,bt,22,16,14144,16,4283,4283,4284,,,,4319,4286,4301,16,1:15,4302,4317,16,1:15,4303,4318,16,1:15,,,0,,,,0,,,,0,,,,0,,1,2,15,17,1,,,,
dense,1,113,0,bt,23,0,14272,16,4322,4322,4323,,,,4358,4325,4340,16,1:15,4341,4356,16,1:15,4342,4357,16,1:15,,,0,,,,0,,,,0,,,,0,,1,2,15,17,1,,,,
dense,1,114,0,bt,23,16,14400,16,4361,4361,4362,,,,4397,4364,4379,16,1:15,4380,4395,16,1:15,4381,4396,16,1:15,,,0,,,,0,,,,0,,,,0,,1,2,15,17,1,,,,
dense,1,115,0,bt,24,0,14528,16,4400,4400,4401,,,,4436,4403,4418,16,1:15,4419,4434,16,1:15,4420,4435,16,1:15,,,0,,,,0,,,,0,,,,0,,1,2,15,17,1,,,,
dense,1,116,0,bt,24,16,14656,16,4439,4439,4440,,,,4475,4442,4457,16,1:15,4458,4473,16,1:15,4459,4474,16,1:15,,,0,,,,0,,,,0,,,,0,,1,2,15,17,1,,,,
dense,1,117,0,bt,25,0,14784,16,4478,4478,4479,,,,4514,4481,4496,16,1:15,4497,4512,16,1:15,4498,4513,16,1:15,,,0,,,,0,,,,0,,,,0,,1,2,15,17,1,,,,
dense,1,118,0,bt,25,16,14912,16,4517,4517,4518,,,,4553,4520,4535,16,1:15,4536,4551,16,1:15,4537,4552,16,1:15,,,0,,,,0,,,,0,,,,0,,1,2,15,17,1,,,,
dense,1,119,0,bt,26,0,15040,16,4556,4556,4557,,,,4592,4559,4574,16,1:15,4575,4590,16,1:15,4576,4591,16,1:15,,,0,,,,0,,,,0,,,,0,,1,2,15,17,1,,,,
dense,1,120,0,bt,26,16,15168,16,4595,4595,4596,,,,4631,4598,4613,16,1:15,4614,4629,16,1:15,4615,4630,16,1:15,,,0,,,,0,,,,0,,,,0,,1,2,15,17,1,,,,
dense,1,121,0,bt,27,0,15296,16,4634,4634,4635,,,,4670,4637,4652,16,1:15,4653,4668,16,1:15,4654,4669,16,1:15,,,0,,,,0,,,,0,,,,0,,1,2,15,17,1,,,,
dense,1,122,0,bt,27,16,15424,16,4673,4673,4674,,,,4709,4676,4691,16,1:15,4692,4707,16,1:15,4693,4708,16,1:15,,,0,,,,0,,,,0,,,,0,,1,2,15,17,1,,,,
dense,1,123,0,bt,28,0,15552,16,4712,4712,4713,,,,4748,4715,4730,16,1:15,4731,4746,16,1:15,4732,4747,16,1:15,,,0,,,,0,,,,0,,,,0,,1,2,15,17,1,,,,
dense,1,124,0,bt,28,16,15680,16,4751,4751,4752,,,,4787,4754,4769,16,1:15,4770,4785,16,1:15,4771,4786,16,1:15,,,0,,,,0,,,,0,,,,0,,1,2,15,17,1,,,,
dense,1,125,0,bt,29,0,15808,16,4790,4790,4791,,,,4826,4793,4808,16,1:15,4809,4824,16,1:15,4810,4825,16,1:15,,,0,,,,0,,,,0,,,,0,,1,2,15,17,1,,,,
dense,1,126,0,bt,29,16,15936,16,4829,4829,4830,,,,4865,4832,4847,16,1:15,4848,4863,16,1:15,4849,4864,16,1:15,,,0,,,,0,,,,0,,,,0,,1,2,15,17,1,,,,
dense,1,127,0,bt,30,0,16064,16,4868,4868,4869,,,,4904,4871,4886,16,1:15,4887,4902,16,1:15,4888,4903,16,1:15,,,0,,,,0,,,,0,,,,0,,1,2,15,17,1,,,,
dense,1,128,0,bt,30,16,16192,16,4907,4907,4908,,,,4943,4910,4925,16,1:15,4926,4941,16,1:15,4927,4942,16,1:15,,,0,,,,0,,,,0,,,,0,,1,2,15,17,1,,,,
dense,1,129,0,bt,31,0,16320,8,4946,4946,4947,,,,4966,4949,4956,8,1:7,4957,4964,8,1:7,4958,4965,8,1:7,,,0,,,,0,,,,0,,,,0,,1,2,7,9,1,,,,
dense,1,130,0,bt,31,8,16384,16,4969,4969,4970,,,,5005,4972,4987,16,1:15,4988,5003,16,1:15,4989,5004,16,1:15,,,0,,,,0,,,,0,,,,0,,1,2,15,17,1,,,,
dense,1,131,0,bt,31,24,16512,8,5008,5008,5009,,,,5028,5011,5018,8,1:7,5019,5026,8,1:7,5020,5027,8,1:7,,,0,,,,0,,,,0,,,,0,,1,2,7,9,1,,,,
dense,1,132,0,c,0,0,16704,16,22382,22382,,22447,22446,22464,22465,,,0,,,,0,,,,0,,22383,22443,16,4:15,22385,22445,16,4:15,22386,22446,16,4:15,22447,22462,16,1:15,,,,,,64,16,2,1
dense,1,133,0,c,1,0,16832,16,22468,22468,,22533,22532,22550,22551,,,0,,,,0,,,,0,,22469,22529,16,4:15,22471,22531,16,4:15,22472,22532,16,4:15,22533,22548,16,1:15,,,,,,64,16,2,1
dense,1,134,0,c,2,0,16960,16,22554,22554,,22619,22618,22636,22637,,,0,,,,0,,,,0,,22555,22615,16,4:15,22557,22617,16,4:15,22558,22618,16,4:15,22619,22634,16,1:15,,,,,,64,16,2,1
dense,1,135,0,c,3,0,17088,16,22640,22640,,22705,22704,22722,22723,,,0,,,,0,,,,0,,22641,22701,16,4:15,22643,22703,16,4:15,22644,22704,16,4:15,22705,22720,16,1:15,,,,,,64,16,2,1
dense,1,136,0,c,4,0,17216,16,22726,22726,,22791,22790,22808,22809,,,0,,,,0,,,,0,,22727,22787,16,4:15,22729,22789,16,4:15,22730,22790,16,4:15,22791,22806,16,1:15,,,,,,64,16,2,1
dense,1,137,0,c,5,0,17344,16,22812,22812,,22877,22876,22894,22895,,,0,,,,0,,,,0,,22813,22873,16,4:15,22815,22875,16,4:15,22816,22876,16,4:15,22877,22892,16,1:15,,,,,,64,16,2,1
dense,1,138,0,c,6,0,17472,16,22898,22898,,22963,22962,22980,22981,,,0,,,,0,,,,0,,22899,22959,16,4:15,22901,22961,16,4:15,22902,22962,16,4:15,22963,22978,16,1:15,,,,,,64,16,2,1
dense,1,139,0,c,7,0,17600,16,22984,22984,,23049,23048,23066,23067,,,0,,,,0,,,,0,,22985,23045,16,4:15,22987,23047,16,4:15,22988,23048,16,4:15,23049,23064,16,1:15,,,,,,64,16,2,1
dense,1,140,0,c,8,0,17728,16,23070,23070,,23135,23134,23152,23153,,,0,,,,0,,,,0,,23071,23131,16,4:15,23073,23133,16,4:15,23074,23134,16,4:15,23135,23150,16,1:15,,,,,,64,16,2,1
dense,1,141,0,c,9,0,17856,16,23156,23156,,23221,23220,23238,23239,,,0,,,,0,,,,0,,23157,23217,16,4:15,23159,23219,16,4:15,23160,23220,16,4:15,23221,23236,16,1:15,,,,,,64,16,2,1
dense,1,142,0,c,10,0,17984,16,23242,23242,,23307,23306,23324,23325,,,0,,,,0,,,,0,,23243,23303,16,4:15,23245,23305,16,4:15,23246,23306,16,4:15,23307,23322,16,1:15,,,,,,64,16,2,1
dense,1,143,0,c,11,0,18112,16,23328,23328,,23393,23392,23410,23411,,,0,,,,0,,,,0,,23329,23389,16,4:15,23331,23391,16,4:15,23332,23392,16,4:15,23393,23408,16,1:15,,,,,,64,16,2,1
dense,1,144,0,c,12,0,18240,16,23414,23414,,23479,23478,23496,23497,,,0,,,,0,,,,0,,23415,23475,16,4:15,23417,23477,16,4:15,23418,23478,16,4:15,23479,23494,16,1:15,,,,,,64,16,2,1
dense,1,145,0,c,13,0,18368,16,23500,23500,,23565,23564,23582,23583,,,0,,,,0,,,,0,,23501,23561,16,4:15,23503,23563,16,4:15,23504,23564,16,4:15,23565,23580,16,1:15,,,,,,64,16,2,1
dense,1,146,0,c,14,0,18496,16,23586,23586,,23651,23650,23668,23669,,,0,,,,0,,,,0,,23587,23647,16,4:15,23589,23649,16,4:15,23590,23650,16,4:15,23651,23666,16,1:15,,,,,,64,16,2,1
dense,1,147,0,c,15,0,18624,16,23672,23672,,23737,23736,23754,23755,,,0,,,,0,,,,0,,23673,23733,16,4:15,23675,23735,16,4:15,23676,23736,16,4:15,23737,23752,16,1:15,,,,,,64,16,2,1
dense,1,148,0,c,16,0,18752,16,23758,23758,,23823,23822,23840,23841,,,0,,,,0,,,,0,,23759,23819,16,4:15,23761,23821,16,4:15,23762,23822,16,4:15,23823,23838,16,1:15,,,,,,64,16,2,1
dense,1,149,0,c,17,0,18880,16,23844,23844,,23909,23908,23926,23927,,,0,,,,0,,,,0,,23845,23905,16,4:15,23847,23907,16,4:15,23848,23908,16,4:15,23909,23924,16,1:15,,,,,,64,16,2,1
dense,1,150,0,c,18,0,19008,16,23930,23930,,23995,23994,24012,24013,,,0,,,,0,,,,0,,23931,23991,16,4:15,23933,23993,16,4:15,23934,23994,16,4:15,23995,24010,16,1:15,,,,,,64,16,2,1
dense,1,151,0,c,19,0,19136,16,24016,24016,,24081,24080,24098,24099,,,0,,,,0,,,,0,,24017,24077,16,4:15,24019,24079,16,4:15,24020,24080,16,4:15,24081,24096,16,1:15,,,,,,64,16,2,1
dense,1,152,0,c,20,0,19264,16,24102,24102,,24167,24166,24184,24185,,,0,,,,0,,,,0,,24103,24163,16,4:15,24105,24165,16,4:15,24106,24166,16,4:15,24167,24182,16,1:15,,,,,,64,16,2,1
dense,1,153,0,c,21,0,19392,16,24188,24188,,24253,24252,24270,24271,,,0,,,,0,,,,0,,24189,24249,16,4:15,24191,24251,16,4:15,24192,24252,16,4:15,24253,24268,16,1:15,,,,,,64,16,2,1
dense,1,154,0,c,22,0,19520,16,24274,24274,,24339,24338,24356,24357,,,0,,,,0,,,,0,,24275,24335,16,4:15,24277,24337,16,4:15,24278,24338,16,4:15,24339,24354,16,1:15,,,,,,64,16,2,1
dense,1,155,0,c,23,0,19648,16,24360,24360,,24425,24424,24442,24443,,,0,,,,0,,,,0,,24361,24421,16,4:15,24363,24423,16,4:15,24364,24424,16,4:15,24425,24440,16,1:15,,,,,,64,16,2,1
dense,1,156,0,c,24,0,19776,16,24446,24446,,24511,24510,24528,24529,,,0,,,,0,,,,0,,24447,24507,16,4:15,24449,24509,16,4:15,24450,24510,16,4:15,24511,24526,16,1:15,,,,,,64,16,2,1
dense,1,157,0,c,25,0,19904,16,24532,24532,,24597,24596,24614,24615,,,0,,,,0,,,,0,,24533,24593,16,4:15,24535,24595,16,4:15,24536,24596,16,4:15,24597,24612,16,1:15,,,,,,64,16,2,1
dense,1,158,0,c,26,0,20032,16,24618,24618,,24683,24682,24700,24701,,,0,,,,0,,,,0,,24619,24679,16,4:15,24621,24681,16,4:15,24622,24682,16,4:15,24683,24698,16,1:15,,,,,,64,16,2,1
dense,1,159,0,c,27,0,20160,16,24704,24704,,24769,24768,24786,24787,,,0,,,,0,,,,0,,24705,24765,16,4:15,24707,24767,16,4:15,24708,24768,16,4:15,24769,24784,16,1:15,,,,,,64,16,2,1
dense,1,160,0,c,28,0,20288,16,24790,24790,,24855,24854,24872,24873,,,0,,,,0,,,,0,,24791,24851,16,4:15,24793,24853,16,4:15,24794,24854,16,4:15,24855,24870,16,1:15,,,,,,64,16,2,1
dense,1,161,0,c,29,0,20416,8,24876,24876,,24909,24908,24918,24919,,,0,,,,0,,,,0,,24877,24905,8,4:7,24879,24907,8,4:7,24880,24908,8,4:7,24909,24916,8,1:7,,,,,,32,8,2,1
dense,1,162,0,c,29,8,20480,8,24922,24922,,24955,24954,24964,24965,,,0,,,,0,,,,0,,24923,24951,8,4:7,24925,24953,8,4:7,24926,24954,8,4:7,24955,24962,8,1:7,,,,,,32,8,2,1
dense,1,163,0,c,30,0,20544,16,24968,24968,,25033,25032,25050,25051,,,0,,,,0,,,,0,,24969,25029,16,4:15,24971,25031,16,4:15,24972,25032,16,4:15,25033,25048,16,1:15,,,,,,64,16,2,1
dense,1,164,0,c,31,0,20672,16,25054,25054,,25119,25118,25136,25137,,,0,,,,0,,,,0,,25055,25115,16,4:15,25057,25117,16,4:15,25058,25118,16,4:15,25119,25134,16,1:15,,,,,,64,16,2,1
odd,2,0,0,a,0,0,64,2,6,6,7,,,,14,9,10,2,1:1,11,12,2,1:1,12,13,2,1:1,,,0,,,,0,,,,0,,,,0,,1,2,1,3,1,,,,
odd,2,1,0,a,1,0,128,2,17,17,18,,,,25,20,21,2,1:1,22,23,2,1:1,23,24,2,1:1,,,0,,,,0,,,,0,,,,0,,1,2,1,3,1,,,,
odd,2,2,0,a,2,0,192,2,28,28,29,,,,36,31,32,2,1:1,33,34,2,1:1,34,35,2,1:1,,,0,,,,0,,,,0,,,,0,,1,2,1,3,1,,,,
odd,2,3,0,a,3,0,256,2,39,39,40,,,,47,42,43,2,1:1,44,45,2,1:1,45,46,2,1:1,,,0,,,,0,,,,0,,,,0,,1,2,1,3,1,,,,
odd,2,4,0,a,4,0,320,2,50,50,51,,,,58,53,54,2,1:1,55,56,2,1:1,56,57,2,1:1,,,0,,,,0,,,,0,,,,0,,1,2,1,3,1,,,,
odd,2,5,0,bt,0,0,512,2,66,66,67,,,,74,69,70,2,1:1,71,72,2,1:1,72,73,2,1:1,,,0,,,,0,,,,0,,,,0,,1,2,1,3,1,,,,
odd,2,6,0,bt,1,0,576,2,77,77,78,,,,85,80,81,2,1:1,82,83,2,1:1,83,84,2,1:1,,,0,,,,0,,,,0,,,,0,,1,2,1,3,1,,,,
odd,2,7,0,bt,2,0,640,2,88,88,89,,,,96,91,92,2,1:1,93,94,2,1:1,94,95,2,1:1,,,0,,,,0,,,,0,,,,0,,1,2,1,3,1,,,,
odd,2,8,0,c,0,0,832,2,154,154,,163,162,166,167,,,0,,,,0,,,,0,,155,159,2,4:1,157,161,2,4:1,158,162,2,4:1,163,164,2,1:1,,,,,,8,2,2,1
odd,2,9,0,c,1,0,896,2,170,170,,179,178,182,183,,,0,,,,0,,,,0,,171,175,2,4:1,173,177,2,4:1,174,178,2,4:1,179,180,2,1:1,,,,,,8,2,2,1
odd,2,10,0,c,2,0,960,2,186,186,,195,194,198,199,,,0,,,,0,,,,0,,187,191,2,4:1,189,193,2,4:1,190,194,2,4:1,195,196,2,1:1,,,,,,8,2,2,1
odd,2,11,0,c,3,0,1024,2,202,202,,211,210,214,215,,,0,,,,0,,,,0,,203,207,2,4:1,205,209,2,4:1,206,210,2,4:1,211,212,2,1:1,,,,,,8,2,2,1
odd,2,12,0,c,4,0,1088,2,218,218,,227,226,230,231,,,0,,,,0,,,,0,,219,223,2,4:1,221,225,2,4:1,222,226,2,4:1,227,228,2,1:1,,,,,,8,2,2,1
multi_tile,3,0,0,a,0,0,64,16,6,6,7,,,,42,9,24,16,1:15,25,40,16,1:15,26,41,16,1:15,,,0,,,,0,,,,0,,,,0,,1,2,15,17,1,,,,
multi_tile,3,1,0,a,0,16,192,16,45,45,46,,,,81,48,63,16,1:15,64,79,16,1:15,65,80,16,1:15,,,0,,,,0,,,,0,,,,0,,1,2,15,17,1,,,,
multi_tile,3,2,0,a,1,0,320,16,84,84,85,,,,120,87,102,16,1:15,103,118,16,1:15,104,119,16,1:15,,,0,,,,0,,,,0,,,,0,,1,2,15,17,1,,,,
multi_tile,3,3,0,a,1,16,448,16,123,123,124,,,,159,126,141,16,1:15,142,157,16,1:15,143,158,16,1:15,,,0,,,,0,,,,0,,,,0,,1,2,15,17,1,,,,
multi_tile,3,4,0,a,2,0,576,16,162,162,163,,,,198,165,180,16,1:15,181,196,16,1:15,182,197,16,1:15,,,0,,,,0,,,,0,,,,0,,1,2,15,17,1,,,,
multi_tile,3,5,0,a,2,16,704,16,201,201,202,,,,237,204,219,16,1:15,220,235,16,1:15,221,236,16,1:15,,,0,,,,0,,,,0,,,,0,,1,2,15,17,1,,,,
multi_tile,3,6,0,a,3,0,832,16,240,240,241,,,,276,243,258,16,1:15,259,274,16,1:15,260,275,16,1:15,,,0,,,,0,,,,0,,,,0,,1,2,15,17,1,,,,
multi_tile,3,7,0,a,3,16,960,16,279,279,280,,,,315,282,297,16,1:15,298,313,16,1:15,299,314,16,1:15,,,0,,,,0,,,,0,,,,0,,1,2,15,17,1,,,,
multi_tile,3,8,0,a,4,0,1088,16,318,318,319,,,,354,321,336,16,1:15,337,352,16,1:15,338,353,16,1:15,,,0,,,,0,,,,0,,,,0,,1,2,15,17,1,,,,
multi_tile,3,9,0,a,4,16,1216,16,357,357,358,,,,393,360,375,16,1:15,376,391,16,1:15,377,392,16,1:15,,,0,,,,0,,,,0,,,,0,,1,2,15,17,1,,,,
multi_tile,3,10,0,a,5,0,1344,16,396,396,397,,,,432,399,414,16,1:15,415,430,16,1:15,416,431,16,1:15,,,0,,,,0,,,,0,,,,0,,1,2,15,17,1,,,,
multi_tile,3,11,0,a,5,16,1472,16,435,435,436,,,,471,438,453,16,1:15,454,469,16,1:15,455,470,16,1:15,,,0,,,,0,,,,0,,,,0,,1,2,15,17,1,,,,
multi_tile,3,12,0,a,6,0,1600,16,474,474,475,,,,510,477,492,16,1:15,493,508,16,1:15,494,509,16,1:15,,,0,,,,0,,,,0,,,,0,,1,2,15,17,1,,,,
multi_tile,3,13,0,a,6,16,1728,16,513,513,514,,,,549,516,531,16,1:15,532,547,16,1:15,533,548,16,1:15,,,0,,,,0,,,,0,,,,0,,1,2,15,17,1,,,,
multi_tile,3,14,0,a,7,0,1856,16,552,552,553,,,,588,555,570,16,1:15,571,586,16,1:15,572,587,16,1:15,,,0,,,,0,,,,0,,,,0,,1,2,15,17,1,,,,
multi_tile,3,15,0,a,7,16,1984,16,591,591,592,,,,627,594,609,16,1:15,610,625,16,1:15,611,626,16,1:15,,,0,,,,0,,,,0,,,,0,,1,2,15,17,1,,,,
multi_tile,3,16,0,a,8,0,2112,16,630,630,631,,,,666,633,648,16,1:15,649,664,16,1:15,650,665,16,1:15,,,0,,,,0,,,,0,,,,0,,1,2,15,17,1,,,,
multi_tile,3,17,0,a,8,16,2240,16,669,669,670,,,,705,672,687,16,1:15,688,703,16,1:15,689,704,16,1:15,,,0,,,,0,,,,0,,,,0,,1,2,15,17,1,,,,
multi_tile,3,18,0,a,9,0,2368,16,708,708,709,,,,744,711,726,16,1:15,727,742,16,1:15,728,743,16,1:15,,,0,,,,0,,,,0,,,,0,,1,2,15,17,1,,,,
multi_tile,3,19,0,a,9,16,2496,16,747,747,748,,,,783,750,765,16,1:15,766,781,16,1:15,767,782,16,1:15,,,0,,,,0,,,,0,,,,0,,1,2,15,17,1,,,,
multi_tile,3,20,0,a,10,0,2624,16,786,786,787,,,,822,789,804,16,1:15,805,820,16,1:15,806,821,16,1:15,,,0,,,,0,,,,0,,,,0,,1,2,15,17,1,,,,
multi_tile,3,21,0,a,10,16,2752,16,825,825,826,,,,861,828,843,16,1:15,844,859,16,1:15,845,860,16,1:15,,,0,,,,0,,,,0,,,,0,,1,2,15,17,1,,,,
multi_tile,3,22,0,a,11,0,2880,16,864,864,865,,,,900,867,882,16,1:15,883,898,16,1:15,884,899,16,1:15,,,0,,,,0,,,,0,,,,0,,1,2,15,17,1,,,,
multi_tile,3,23,0,a,11,16,3008,16,903,903,904,,,,939,906,921,16,1:15,922,937,16,1:15,923,938,16,1:15,,,0,,,,0,,,,0,,,,0,,1,2,15,17,1,,,,
multi_tile,3,24,0,a,12,0,3136,16,942,942,943,,,,978,945,960,16,1:15,961,976,16,1:15,962,977,16,1:15,,,0,,,,0,,,,0,,,,0,,1,2,15,17,1,,,,
multi_tile,3,25,0,a,12,16,3264,16,981,981,982,,,,1017,984,999,16,1:15,1000,1015,16,1:15,1001,1016,16,1:15,,,0,,,,0,,,,0,,,,0,,1,2,15,17,1,,,,
multi_tile,3,26,0,a,13,0,3392,16,1020,1020,1021,,,,1056,1023,1038,16,1:15,1039,1054,16,1:15,1040,1055,16,1:15,,,0,,,,0,,,,0,,,,0,,1,2,15,17,1,,,,
multi_tile,3,27,0,a,13,16,3520,16,1059,1059,1060,,,,1095,1062,1077,16,1:15,1078,1093,16,1:15,1079,1094,16,1:15,,,0,,,,0,,,,0,,,,0,,1,2,15,17,1,,,,
multi_tile,3,28,0,a,14,0,3648,16,1098,1098,1099,,,,1134,1101,1116,16,1:15,1117,1132,16,1:15,1118,1133,16,1:15,,,0,,,,0,,,,0,,,,0,,1,2,15,17,1,,,,
multi_tile,3,29,0,a,14,16,3776,16,1137,1137,1138,,,,1173,1140,1155,16,1:15,1156,1171,16,1:15,1157,1172,16,1:15,,,0,,,,0,,,,0,,,,0,,1,2,15,17,1,,,,
multi_tile,3,30,0,a,15,0,3904,16,1176,1176,1177,,,,1212,1179,1194,16,1:15,1195,1210,16,1:15,1196,1211,16,1:15,,,0,,,,0,,,,0,,,,0,,1,2,15,17,1,,,,
multi_tile,3,31,0,a,15,16,4032,8,1215,1215,1216,,,,1235,1218,1225,8,1:7,1226,1233,8,1:7,1227,1234,8,1:7,,,0,,,,0,,,,0,,,,0,,1,2,7,9,1,,,,
multi_tile,3,32,0,a,15,24,4096,8,1238,1238,1239,,,,1258,1241,1248,8,1:7,1249,1256,8,1:7,1250,1257,8,1:7,,,0,,,,0,,,,0,,,,0,,1,2,7,9,1,,,,
multi_tile,3,33,0,a,16,0,4160,16,1261,1261,1262,,,,1297,1264,1279,16,1:15,1280,1295,16,1:15,1281,1296,16,1:15,,,0,,,,0,,,,0,,,,0,,1,2,15,17,1,,,,
multi_tile,3,34,0,a,16,16,4288,16,1300,1300,1301,,,,1336,1303,1318,16,1:15,1319,1334,16,1:15,1320,1335,16,1:15,,,0,,,,0,,,,0,,,,0,,1,2,15,17,1,,,,
multi_tile,3,35,0,a,17,0,4416,16,1339,1339,1340,,,,1375,1342,1357,16,1:15,1358,1373,16,1:15,1359,1374,16,1:15,,,0,,,,0,,,,0,,,,0,,1,2,15,17,1,,,,
multi_tile,3,36,0,a,17,16,4544,16,1378,1378,1379,,,,1414,1381,1396,16,1:15,1397,1412,16,1:15,1398,1413,16,1:15,,,0,,,,0,,,,0,,,,0,,1,2,15,17,1,,,,
multi_tile,3,37,0,a,18,0,4672,16,1417,1417,1418,,,,1453,1420,1435,16,1:15,1436,1451,16,1:15,1437,1452,16,1:15,,,0,,,,0,,,,0,,,,0,,1,2,15,17,1,,,,
multi_tile,3,38,0,a,18,16,4800,16,1456,1456,1457,,,,1492,1459,1474,16,1:15,1475,1490,16,1:15,1476,1491,16,1:15,,,0,,,,0,,,,0,,,,0,,1,2,15,17,1,,,,
multi_tile,3,39,0,a,19,0,4928,16,1495,1495,1496,,,,1531,1498,1513,16,1:15,1514,1529,16,1:15,1515,1530,16,1:15,,,0,,,,0,,,,0,,,,0,,1,2,15,17,1,,,,
multi_tile,3,40,0,a,19,16,5056,16,1534,1534,1535,,,,1570,1537,1552,16,1:15,1553,1568,16,1:15,1554,1569,16,1:15,,,0,,,,0,,,,0,,,,0,,1,2,15,17,1,,,,
multi_tile,3,41,0,a,20,0,5184,16,1573,1573,1574,,,,1609,1576,1591,16,1:15,1592,1607,16,1:15,1593,1608,16,1:15,,,0,,,,0,,,,0,,,,0,,1,2,15,17,1,,,,
multi_tile,3,42,0,a,20,16,5312,16,1612,1612,1613,,,,1648,1615,1630,16,1:15,1631,1646,16,1:15,1632,1647,16,1:15,,,0,,,,0,,,,0,,,,0,,1,2,15,17,1,,,,
multi_tile,3,43,0,a,21,0,5440,16,1651,1651,1652,,,,1687,1654,1669,16,1:15,1670,1685,16,1:15,1671,1686,16,1:15,,,0,,,,0,,,,0,,,,0,,1,2,15,17,1,,,,
multi_tile,3,44,0,a,21,16,5568,16,1690,1690,1691,,,,1726,1693,1708,16,1:15,1709,1724,16,1:15,1710,1725,16,1:15,,,0,,,,0,,,,0,,,,0,,1,2,15,17,1,,,,
multi_tile,3,45,0,a,22,0,5696,16,1729,1729,1730,,,,1765,1732,1747,16,1:15,1748,1763,16,1:15,1749,1764,16,1:15,,,0,,,,0,,,,0,,,,0,,1,2,15,17,1,,,,
multi_tile,3,46,0,a,22,16,5824,16,1768,1768,1769,,,,1804,1771,1786,16,1:15,1787,1802,16,1:15,1788,1803,16,1:15,,,0,,,,0,,,,0,,,,0,,1,2,15,17,1,,,,
multi_tile,3,47,0,a,23,0,5952,16,1807,1807,1808,,,,1843,1810,1825,16,1:15,1826,1841,16,1:15,1827,1842,16,1:15,,,0,,,,0,,,,0,,,,0,,1,2,15,17,1,,,,
multi_tile,3,48,0,a,23,16,6080,16,1846,1846,1847,,,,1882,1849,1864,16,1:15,1865,1880,16,1:15,1866,1881,16,1:15,,,0,,,,0,,,,0,,,,0,,1,2,15,17,1,,,,
multi_tile,3,49,0,a,24,0,6208,16,1885,1885,1886,,,,1921,1888,1903,16,1:15,1904,1919,16,1:15,1905,1920,16,1:15,,,0,,,,0,,,,0,,,,0,,1,2,15,17,1,,,,
multi_tile,3,50,0,a,24,16,6336,16,1924,1924,1925,,,,1960,1927,1942,16,1:15,1943,1958,16,1:15,1944,1959,16,1:15,,,0,,,,0,,,,0,,,,0,,1,2,15,17,1,,,,
multi_tile,3,51,0,a,25,0,6464,16,1963,1963,1964,,,,1999,1966,1981,16,1:15,1982,1997,16,1:15,1983,1998,16,1:15,,,0,,,,0,,,,0,,,,0,,1,2,15,17,1,,,,
multi_tile,3,52,0,a,25,16,6592,16,2002,2002,2003,,,,2038,2005,2020,16,1:15,2021,2036,16,1:15,2022,2037,16,1:15,,,0,,,,0,,,,0,,,,0,,1,2,15,17,1,,,,
multi_tile,3,53,0,a,26,0,6720,16,2041,2041,2042,,,,2077,2044,2059,16,1:15,2060,2075,16,1:15,2061,2076,16,1:15,,,0,,,,0,,,,0,,,,0,,1,2,15,17,1,,,,
multi_tile,3,54,0,a,26,16,6848,16,2080,2080,2081,,,,2116,2083,2098,16,1:15,2099,2114,16,1:15,2100,2115,16,1:15,,,0,,,,0,,,,0,,,,0,,1,2,15,17,1,,,,
multi_tile,3,55,0,a,27,0,6976,16,2119,2119,2120,,,,2155,2122,2137,16,1:15,2138,2153,16,1:15,2139,2154,16,1:15,,,0,,,,0,,,,0,,,,0,,1,2,15,17,1,,,,
multi_tile,3,56,0,a,27,16,7104,16,2158,2158,2159,,,,2194,2161,2176,16,1:15,2177,2192,16,1:15,2178,2193,16,1:15,,,0,,,,0,,,,0,,,,0,,1,2,15,17,1,,,,
multi_tile,3,57,0,a,28,0,7232,16,2197,2197,2198,,,,2233,2200,2215,16,1:15,2216,2231,16,1:15,2217,2232,16,1:15,,,0,,,,0,,,,0,,,,0,,1,2,15,17,1,,,,
multi_tile,3,58,0,a,28,16,7360,16,2236,2236,2237,,,,2272,2239,2254,16,1:15,2255,2270,16,1:15,2256,2271,16,1:15,,,0,,,,0,,,,0,,,,0,,1,2,15,17,1,,,,
multi_tile,3,59,0,a,29,0,7488,16,2275,2275,2276,,,,2311,2278,2293,16,1:15,2294,2309,16,1:15,2295,2310,16,1:15,,,0,,,,0,,,,0,,,,0,,1,2,15,17,1,,,,
multi_tile,3,60,0,a,29,16,7616,16,2314,2314,2315,,,,2350,2317,2332,16,1:15,2333,2348,16,1:15,2334,2349,16,1:15,,,0,,,,0,,,,0,,,,0,,1,2,15,17,1,,,,
multi_tile,3,61,0,a,30,0,7744,16,2353,2353,2354,,,,2389,2356,2371,16,1:15,2372,2387,16,1:15,2373,2388,16,1:15,,,0,,,,0,,,,0,,,,0,,1,2,15,17,1,,,,
multi_tile,3,62,0,a,30,16,7872,16,2392,2392,2393,,,,2428,2395,2410,16,1:15,2411,2426,16,1:15,2412,2427,16,1:15,,,0,,,,0,,,,0,,,,0,,1,2,15,17,1,,,,
multi_tile,3,63,0,a,31,0,8000,16,2431,2431,2432,,,,2467,2434,2449,16,1:15,2450,2465,16,1:15,2451,2466,16,1:15,,,0,,,,0,,,,0,,,,0,,1,2,15,17,1,,,,
multi_tile,3,64,0,a,31,16,8128,8,2470,2470,2471,,,,2490,2473,2480,8,1:7,2481,2488,8,1:7,2482,2489,8,1:7,,,0,,,,0,,,,0,,,,0,,1,2,7,9,1,,,,
multi_tile,3,65,0,a,31,24,8192,8,2493,2493,2494,,,,2513,2496,2503,8,1:7,2504,2511,8,1:7,2505,2512,8,1:7,,,0,,,,0,,,,0,,,,0,,1,2,7,9,1,,,,
multi_tile,3,66,0,bt,0,0,8640,16,2521,2521,2522,,,,2557,2524,2539,16,1:15,2540,2555,16,1:15,2541,2556,16,1:15,,,0,,,,0,,,,0,,,,0,,1,2,15,17,1,,,,
multi_tile,3,67,0,bt,0,16,8768,16,2560,2560,2561,,,,2596,2563,2578,16,1:15,2579,2594,16,1:15,2580,2595,16,1:15,,,0,,,,0,,,,0,,,,0,,1,2,15,17,1,,,,
multi_tile,3,68,0,bt,1,0,8896,16,2599,2599,2600,,,,2635,2602,2617,16,1:15,2618,2633,16,1:15,2619,2634,16,1:15,,,0,,,,0,,,,0,,,,0,,1,2,15,17,1,,,,
multi_tile,3,69,0,bt,1,16,9024,16,2638,2638,2639,,,,2674,2641,2656,16,1:15,2657,2672,16,1:15,2658,2673,16,1:15,,,0,,,,0,,,,0,,,,0,,1,2,15,17,1,,,,
multi_tile,3,70,0,bt,2,0,9152,16,2677,2677,2678,,,,2713,2680,2695,16,1:15,2696,2711,16,1:15,2697,2712,16,1:15,,,0,,,,0,,,,0,,,,0,,1,2,15,17,1,,,,
multi_tile,3,71,0,bt,2,16,9280,16,2716,2716,2717,,,,2752,2719,2734,16,1:15,2735,2750,16,1:15,2736,2751,16,1:15,,,0,,,,0,,,,0,,,,0,,1,2,15,17,1,,,,
multi_tile,3,72,0,bt,3,0,9408,16,2755,2755,2756,,,,2791,2758,2773,16,1:15,2774,2789,16,1:15,2775,2790,16,1:15,,,0,,,,0,,,,0,,,,0,,1,2,15,17,1,,,,
multi_tile,3,73,0,bt,3,16,9536,16,2794,2794,2795,,,,2830,2797,2812,16,1:15,2813,2828,16,1:15,2814,2829,16,1:15,,,0,,,,0,,,,0,,,,0,,1,2,15,17,1,,,,
multi_tile,3,74,0,bt,4,0,9664,16,2833,2833,2834,,,,2869,2836,2851,16,1:15,2852,2867,16,1:15,2853,2868,16,1:15,,,0,,,,0,,,,0,,,,0,,1,2,15,17,1,,,,
multi_tile,3,75,0,bt,4,16,9792,16,2872,2872,2873,,,,2908,2875,2890,16,1:15,2891,2906,16,1:15,2892,2907,16,1:15,,,0,,,,0,,,,0,,,,0,,1,2,15,17,1,,,,
multi_tile,3,76,0,bt,5,0,9920,16,2911,2911,2912,,,,2947,2914,2929,16,1:15,2930,2945,16,1:15,2931,2946,16,1:15,,,0,,,,0,,,,0,,,,0,,1,2,15,17,1,,,,
multi_tile,3,77,0,bt,5,16,10048,16,2950,2950,2951,,,,2986,2953,2968,16,1:15,2969,2984,16,1:15,2970,2985,16,1:15,,,0,,,,0,,,,0,,,,0,,1,2,15,17,1,,,,
multi_tile,3,78,0,bt,6,0,10176,16,2989,2989,2990,,,,3025,2992,3007,16,1:15,3008,3023,16,1:15,3009,3024,16,1:15,,,0,,,,0,,,,0,,,,0,,1,2,15,17,1,,,,
multi_tile,3,79,0,bt,6,16,10304,16,3028,3028,3029,,,,3064,3031,3046,16,1:15,3047,3062,16,1:15,3048,3063,16,1:15,,,0,,,,0,,,,0,,,,0,,1,2,15,17,1,,,,
multi_tile,3,80,0,bt,7,0,10432,16,3067,3067,3068,,,,3103,3070,3085,16,1:15,3086,3101,16,1:15,3087,3102,16,1:15,,,0,,,,0,,,,0,,,,0,,1,2,15,17,1,,,,
multi_tile,3,81,0,bt,7,16,10560,16,3106,3106,3107,,,,3142,3109,3124,16,1:15,3125,3140,16,1:15,3126,3141,16,1:15,,,0,,,,0,,,,0,,,,0,,1,2,15,17,1,,,,
multi_tile,3,82,0,bt,8,0,10688,16,3145,3145,3146,,,,3181,3148,3163,16,1:15,3164,3179,16,1:15,3165,3180,16,1:15,,,0,,,,0,,,,0,,,,0,,1,2,15,17,1,,,,
multi_tile,3,83,0,bt,8,16,10816,16,3184,3184,3185,,,,3220,3187,3202,16,1:15,3203,3218,16,1:15,3204,3219,16,1:15,,,0,,,,0,,,,0,,,,0,,1,2,15,17,1,,,,
multi_tile,3,84,0,bt,9,0,10944,16,3223,3223,3224,,,,3259,3226,3241,16,1:15,3242,3257,16,1:15,3243,3258,16,1:15,,,0,,,,0,,,,0,,,,0,,1,2,15,17,1,,,,
multi_tile,3,85,0,bt,9,16,11072,16,3262,3262,3263,,,,3298,3265,3280,16,1:15,3281,3296,16,1:15,3282,3297,16,1:15,,,0,,,,0,,,,0,,,,0,,1,2,15,17,1,,,,
multi_tile,3,86,0,bt,10,0,11200,16,3301,3301,3302,,,,3337,3304,3319,16,1:15,3320,3335,16,1:15,3321,3336,16,1:15,,,0,,,,0,,,,0,,,,0,,1,2,15,17,1,,,,
multi_tile,3,87,0,bt,10,16,11328,16,3340,3340,3341,,,,3376,3343,3358,16,1:15,3359,3374,16,1:15,3360,3375,16,1:15,,,0,,,,0,,,,0,,,,0,,1,2,15,17,1,,,,
multi_tile,3,88,0,bt,11,0,11456,16,3379,3379,3380,,,,3415,3382,3397,16,1:15,3398,3413,16,1:15,3399,3414,16,1:15,,,0,,,,0,,,,0,,,,0,,1,2,15,17,1,,,,
multi_tile,3,89,0,bt,11,16,11584,16,3418,3418,3419,,,,3454,3421,3436,16,1:15,3437,3452,16,1:15,3438,3453,16,1:15,,,0,,,,0,,,,0,,,,0,,1,2,15,17,1,,,,
multi_tile,3,90,0,bt,12,0,11712,16,3457,3457,3458,,,,3493,3460,3475,16,1:15,3476,3491,16,1:15,3477,3492,16,1:15,,,0,,,,0,,,,0,,,,0,,1,2,15,17,1,,,,
multi_tile,3,91,0,bt,12,16,11840,16,3496,3496,3497,,,,3532,3499,3514,16,1:15,3515,3530,16,1:15,3516,3531,16,1:15,,,0,,,,0,,,,0,,,,0,,1,2,15,17,1,,,,
multi_tile,3,92,0,bt,13,0,11968,16,3535,3535,3536,,,,3571,3538,3553,16,1:15,3554,3569,16,1:15,3555,3570,16,1:15,,,0,,,,0,,,,0,,,,0,,1,2,15,17,1,,,,
multi_tile,3,93,0,bt,13,16,12096,16,3574,3574,3575,,,,3610,3577,3592,16,1:15,3593,3608,16,1:15,3594,3609,16,1:15,,,0,,,,0,,,,0,,,,0,,1,2,15,17,1,,,,
multi_tile,3,94,0,bt,14,0,12224,8,3613,3613,3614,,,,3633,3616,3623,8,1:7,3624,3631,8,1:7,3625,3632,8,1:7,,,0,,,,0,,,,0,,,,0,,1,2,7,9,1,,,,
multi_tile,3,95,0,bt,14,8,12288,16,3636,3636,3637,,,,3672,3639,3654,16,1:15,3655,3670,16,1:15,3656,3671,16,1:15,,,0,,,,0,,,,0,,,,0,,1,2,15,17,1,,,,
multi_tile,3,96,0,bt,14,24,12416,8,3675,3675,3676,,,,3695,3678,3685,8,1:7,3686,3693,8,1:7,3687,3694,8,1:7,,,0,,,,0,,,,0,,,,0,,1,2,7,9,1,,,,
multi_tile,3,97,0,bt,15,0,12480,16,3698,3698,3699,,,,3734,3701,3716,16,1:15,3717,3732,16,1:15,3718,3733,16,1:15,,,0,,,,0,,,,0,,,,0,,1,2,15,17,1,,,,
multi_tile,3,98,0,bt,15,16,12608,16,3737,3737,3738,,,,3773,3740,3755,16,1:15,3756,3771,16,1:15,3757,3772,16,1:15,,,0,,,,0,,,,0,,,,0,,1,2,15,17,1,,,,
multi_tile,3,99,0,bt,16,0,12736,16,3776,3776,3777,,,,3812,3779,3794,16,1:15,3795,3810,16,1:15,3796,3811,16,1:15,,,0,,,,0,,,,0,,,,0,,1,2,15,17,1,,,,
multi_tile,3,100,0,bt,16,16,12864,16,3815,3815,3816,,,,3851,3818,3833,16,1:15,3834,3849,16,1:15,3835,3850,16,1:15,,,0,,,,0,,,,0,,,,0,,1,2,15,17,1,,,,
multi_tile,3,101,0,bt,17,0,12992,16,3854,3854,3855,,,,3890,3857,3872,16,1:15,3873,3888,16,1:15,3874,3889,16,1:15,,,0,,,,0,,,,0,,,,0,,1,2,15,17,1,,,,
multi_tile,3,102,0,bt,17,16,13120,16,3893,3893,3894,,,,3929,3896,3911,16,1:15,3912,3927,16,1:15,3913,3928,16,1:15,,,0,,,,0,,,,0,,,,0,,1,2,15,17,1,,,,
multi_tile,3,103,0,bt,18,0,13248,16,3932,3932,3933,,,,3968,3935,3950,16,1:15,3951,3966,16,1:15,3952,3967,16,1:15,,,0,,,,0,,,,0,,,,0,,1,2,15,17,1,,,,
multi_tile,3,104,0,bt,18,16,13376,16,3971,3971,3972,,,,4007,3974,3989,16,1:15,3990,4005,16,1:15,3991,4006,16,1:15,,,0,,,,0,,,,0,,,,0,,1,2,15,17,1,,,,
multi_tile,3,105,0,bt,19,0,13504,16,4010,4010,4011,,,,4046,4013,4028,16,1:15,4029,4044,16,1:15,4030,4045,16,1:15,,,0,,,,0,,,,0,,,,0,,1,2,15,17,1,,,,
multi_tile,3,106,0,bt,19,16,13632,16,4049,4049,4050,,,,4085,4052,4067,16,1:15,4068,4083,16,1:15,4069,4084,16,1:15,,,0,,,,0,,,,0,,,,0,,1,2,15,17,1,,,,
multi_tile,3,107,0,bt,20,0,13760,16,4088,4088,4089,,,,4124,4091,4106,16,1:15,4107,4122,16,1:15,4108,4123,16,1:15,,,0,,,,0,,,,0,,,,0,,1,2,15,17,1,,,,
multi_tile,3,108,0,bt,20,16,13888,16,4127,4127,4128,,,,4163,4130,4145,16,1:15,4146,4161,16,1:15,4147,4162,16,1:15,,,0,,,,0,,,,0,,,,0,,1,2,15,17,1,,,,
multi_tile,3,109,0,bt,21,0,14016,16,4166,4166,4167,,,,4202,4169,4184,16,1:15,4185,4200,16,1:15,4186,4201,16,1:15,,,0,,,,0,,,,0,,,,0,,1,2,15,17,1,,,,
multi_tile,3,110,0,bt,21,16,14144,16,4205,4205,4206,,,,4241,4208,4223,16,1:15,4224,4239,16,1:15,4225,4240,16,1:15,,,0,,,,0,,,,0,,,,0,,1,2,15,17,1,,,,
multi_tile,3,111,0,bt,22,0,14272,16,4244,4244,4245,,,,4280,4247,4262,16,1:15,4263,4278,16,1:15,4264,4279,16,1:15,,,0,,,,0,,,,0,,,,0,,1,2,15,17,1,,,,
multi_tile,3,112,0,bt,22,16,14400,16,4283,4283,4284,,,,4319,4286,4301,16,1:15,4302,4317,16,1:15,4303,4318,16,1:15,,,0,,,,0,,,,0,,,,0,,1,2,15,17,1,,,,
multi_tile,3,113,0,bt,23,0,14528,16,4322,4322,4323,,,,4358,4325,4340,16,1:15,4341,4356,16,1:15,4342,4357,16,1:15,,,0,,,,0,,,,0,,,,0,,1,2,15,17,1,,,,
multi_tile,3,114,0,bt,23,16,14656,16,4361,4361,4362,,,,4397,4364,4379,16,1:15,4380,4395,16,1:15,4381,4396,16,1:15,,,0,,,,0,,,,0,,,,0,,1,2,15,17,1,,,,
multi_tile,3,115,0,bt,24,0,14784,16,4400,4400,4401,,,,4436,4403,4418,16,1:15,4419,4434,16,1:15,4420,4435,16,1:15,,,0,,,,0,,,,0,,,,0,,1,2,15,17,1,,,,
multi_tile,3,116,0,bt,24,16,14912,16,4439,4439,4440,,,,4475,4442,4457,16,1:15,4458,4473,16,1:15,4459,4474,16,1:15,,,0,,,,0,,,,0,,,,0,,1,2,15,17,1,,,,
multi_tile,3,117,0,bt,25,0,15040,16,4478,4478,4479,,,,4514,4481,4496,16,1:15,4497,4512,16,1:15,4498,4513,16,1:15,,,0,,,,0,,,,0,,,,0,,1,2,15,17,1,,,,
multi_tile,3,118,0,bt,25,16,15168,16,4517,4517,4518,,,,4553,4520,4535,16,1:15,4536,4551,16,1:15,4537,4552,16,1:15,,,0,,,,0,,,,0,,,,0,,1,2,15,17,1,,,,
multi_tile,3,119,0,bt,26,0,15296,16,4556,4556,4557,,,,4592,4559,4574,16,1:15,4575,4590,16,1:15,4576,4591,16,1:15,,,0,,,,0,,,,0,,,,0,,1,2,15,17,1,,,,
multi_tile,3,120,0,bt,26,16,15424,16,4595,4595,4596,,,,4631,4598,4613,16,1:15,4614,4629,16,1:15,4615,4630,16,1:15,,,0,,,,0,,,,0,,,,0,,1,2,15,17,1,,,,
multi_tile,3,121,0,bt,27,0,15552,16,4634,4634,4635,,,,4670,4637,4652,16,1:15,4653,4668,16,1:15,4654,4669,16,1:15,,,0,,,,0,,,,0,,,,0,,1,2,15,17,1,,,,
multi_tile,3,122,0,bt,27,16,15680,16,4673,4673,4674,,,,4709,4676,4691,16,1:15,4692,4707,16,1:15,4693,4708,16,1:15,,,0,,,,0,,,,0,,,,0,,1,2,15,17,1,,,,
multi_tile,3,123,0,bt,28,0,15808,16,4712,4712,4713,,,,4748,4715,4730,16,1:15,4731,4746,16,1:15,4732,4747,16,1:15,,,0,,,,0,,,,0,,,,0,,1,2,15,17,1,,,,
multi_tile,3,124,0,bt,28,16,15936,16,4751,4751,4752,,,,4787,4754,4769,16,1:15,4770,4785,16,1:15,4771,4786,16,1:15,,,0,,,,0,,,,0,,,,0,,1,2,15,17,1,,,,
multi_tile,3,125,0,bt,29,0,16064,16,4790,4790,4791,,,,4826,4793,4808,16,1:15,4809,4824,16,1:15,4810,4825,16,1:15,,,0,,,,0,,,,0,,,,0,,1,2,15,17,1,,,,
multi_tile,3,126,0,bt,29,16,16192,16,4829,4829,4830,,,,4865,4832,4847,16,1:15,4848,4863,16,1:15,4849,4864,16,1:15,,,0,,,,0,,,,0,,,,0,,1,2,15,17,1,,,,
multi_tile,3,127,0,bt,30,0,16320,8,4868,4868,4869,,,,4888,4871,4878,8,1:7,4879,4886,8,1:7,4880,4887,8,1:7,,,0,,,,0,,,,0,,,,0,,1,2,7,9,1,,,,
multi_tile,3,128,0,bt,30,8,16384,16,4891,4891,4892,,,,4927,4894,4909,16,1:15,4910,4925,16,1:15,4911,4926,16,1:15,,,0,,,,0,,,,0,,,,0,,1,2,15,17,1,,,,
multi_tile,3,129,0,bt,30,24,16512,8,4930,4930,4931,,,,4950,4933,4940,8,1:7,4941,4948,8,1:7,4942,4949,8,1:7,,,0,,,,0,,,,0,,,,0,,1,2,7,9,1,,,,
multi_tile,3,130,0,bt,31,0,16576,16,4953,4953,4954,,,,4989,4956,4971,16,1:15,4972,4987,16,1:15,4973,4988,16,1:15,,,0,,,,0,,,,0,,,,0,,1,2,15,17,1,,,,
multi_tile,3,131,0,bt,31,16,16704,16,4992,4992,4993,,,,5028,4995,5010,16,1:15,5011,5026,16,1:15,5012,5027,16,1:15,,,0,,,,0,,,,0,,,,0,,1,2,15,17,1,,,,
multi_tile,3,132,0,c,0,0,17728,16,22382,22382,,22447,22446,22464,22465,,,0,,,,0,,,,0,,22383,22443,16,4:15,22385,22445,16,4:15,22386,22446,16,4:15,22447,22462,16,1:15,,,,,,64,16,2,1
multi_tile,3,133,0,c,1,0,17920,16,22468,22468,,22533,22532,22550,22551,,,0,,,,0,,,,0,,22469,22529,16,4:15,22471,22531,16,4:15,22472,22532,16,4:15,22533,22548,16,1:15,,,,,,64,16,2,1
multi_tile,3,134,0,c,2,0,18112,16,22554,22554,,22619,22618,22636,22637,,,0,,,,0,,,,0,,22555,22615,16,4:15,22557,22617,16,4:15,22558,22618,16,4:15,22619,22634,16,1:15,,,,,,64,16,2,1
multi_tile,3,135,0,c,3,0,18304,16,22640,22640,,22705,22704,22722,22723,,,0,,,,0,,,,0,,22641,22701,16,4:15,22643,22703,16,4:15,22644,22704,16,4:15,22705,22720,16,1:15,,,,,,64,16,2,1
multi_tile,3,136,0,c,4,0,18496,16,22726,22726,,22791,22790,22808,22809,,,0,,,,0,,,,0,,22727,22787,16,4:15,22729,22789,16,4:15,22730,22790,16,4:15,22791,22806,16,1:15,,,,,,64,16,2,1
multi_tile,3,137,0,c,5,0,18688,16,22812,22812,,22877,22876,22894,22895,,,0,,,,0,,,,0,,22813,22873,16,4:15,22815,22875,16,4:15,22816,22876,16,4:15,22877,22892,16,1:15,,,,,,64,16,2,1
multi_tile,3,138,0,c,6,0,18880,16,22898,22898,,22963,22962,22980,22981,,,0,,,,0,,,,0,,22899,22959,16,4:15,22901,22961,16,4:15,22902,22962,16,4:15,22963,22978,16,1:15,,,,,,64,16,2,1
multi_tile,3,139,0,c,7,0,19072,16,22984,22984,,23049,23048,23066,23067,,,0,,,,0,,,,0,,22985,23045,16,4:15,22987,23047,16,4:15,22988,23048,16,4:15,23049,23064,16,1:15,,,,,,64,16,2,1
multi_tile,3,140,0,c,8,0,19264,16,23070,23070,,23135,23134,23152,23153,,,0,,,,0,,,,0,,23071,23131,16,4:15,23073,23133,16,4:15,23074,23134,16,4:15,23135,23150,16,1:15,,,,,,64,16,2,1
multi_tile,3,141,0,c,9,0,19456,16,23156,23156,,23221,23220,23238,23239,,,0,,,,0,,,,0,,23157,23217,16,4:15,23159,23219,16,4:15,23160,23220,16,4:15,23221,23236,16,1:15,,,,,,64,16,2,1
multi_tile,3,142,0,c,10,0,19648,16,23242,23242,,23307,23306,23324,23325,,,0,,,,0,,,,0,,23243,23303,16,4:15,23245,23305,16,4:15,23246,23306,16,4:15,23307,23322,16,1:15,,,,,,64,16,2,1
multi_tile,3,143,0,c,11,0,19840,16,23328,23328,,23393,23392,23410,23411,,,0,,,,0,,,,0,,23329,23389,16,4:15,23331,23391,16,4:15,23332,23392,16,4:15,23393,23408,16,1:15,,,,,,64,16,2,1
multi_tile,3,144,0,c,12,0,20032,16,23414,23414,,23479,23478,23496,23497,,,0,,,,0,,,,0,,23415,23475,16,4:15,23417,23477,16,4:15,23418,23478,16,4:15,23479,23494,16,1:15,,,,,,64,16,2,1
multi_tile,3,145,0,c,13,0,20224,16,23500,23500,,23565,23564,23582,23583,,,0,,,,0,,,,0,,23501,23561,16,4:15,23503,23563,16,4:15,23504,23564,16,4:15,23565,23580,16,1:15,,,,,,64,16,2,1
multi_tile,3,146,0,c,14,0,20416,8,23586,23586,,23619,23618,23628,23629,,,0,,,,0,,,,0,,23587,23615,8,4:7,23589,23617,8,4:7,23590,23618,8,4:7,23619,23626,8,1:7,,,,,,32,8,2,1
multi_tile,3,147,0,c,14,8,20480,8,23632,23632,,23665,23664,23674,23675,,,0,,,,0,,,,0,,23633,23661,8,4:7,23635,23663,8,4:7,23636,23664,8,4:7,23665,23672,8,1:7,,,,,,32,8,2,1
multi_tile,3,148,0,c,15,0,20608,16,23678,23678,,23743,23742,23760,23761,,,0,,,,0,,,,0,,23679,23739,16,4:15,23681,23741,16,4:15,23682,23742,16,4:15,23743,23758,16,1:15,,,,,,64,16,2,1
multi_tile,3,149,0,c,16,0,20800,16,23764,23764,,23829,23828,23846,23847,,,0,,,,0,,,,0,,23765,23825,16,4:15,23767,23827,16,4:15,23768,23828,16,4:15,23829,23844,16,1:15,,,,,,64,16,2,1
multi_tile,3,150,0,c,17,0,20992,16,23850,23850,,23915,23914,23932,23933,,,0,,,,0,,,,0,,23851,23911,16,4:15,23853,23913,16,4:15,23854,23914,16,4:15,23915,23930,16,1:15,,,,,,64,16,2,1
multi_tile,3,151,0,c,18,0,21184,16,23936,23936,,24001,24000,24018,24019,,,0,,,,0,,,,0,,23937,23997,16,4:15,23939,23999,16,4:15,23940,24000,16,4:15,24001,24016,16,1:15,,,,,,64,16,2,1
multi_tile,3,152,0,c,19,0,21376,16,24022,24022,,24087,24086,24104,24105,,,0,,,,0,,,,0,,24023,24083,16,4:15,24025,24085,16,4:15,24026,24086,16,4:15,24087,24102,16,1:15,,,,,,64,16,2,1
multi_tile,3,153,0,c,20,0,21568,16,24108,24108,,24173,24172,24190,24191,,,0,,,,0,,,,0,,24109,24169,16,4:15,24111,24171,16,4:15,24112,24172,16,4:15,24173,24188,16,1:15,,,,,,64,16,2,1
multi_tile,3,154,0,c,21,0,21760,16,24194,24194,,24259,24258,24276,24277,,,0,,,,0,,,,0,,24195,24255,16,4:15,24197,24257,16,4:15,24198,24258,16,4:15,24259,24274,16,1:15,,,,,,64,16,2,1
multi_tile,3,155,0,c,22,0,21952,16,24280,24280,,24345,24344,24362,24363,,,0,,,,0,,,,0,,24281,24341,16,4:15,24283,24343,16,4:15,24284,24344,16,4:15,24345,24360,16,1:15,,,,,,64,16,2,1
multi_tile,3,156,0,c,23,0,22144,16,24366,24366,,24431,24430,24448,24449,,,0,,,,0,,,,0,,24367,24427,16,4:15,24369,24429,16,4:15,24370,24430,16,4:15,24431,24446,16,1:15,,,,,,64,16,2,1
multi_tile,3,157,0,c,24,0,22336,16,24452,24452,,24517,24516,24534,24535,,,0,,,,0,,,,0,,24453,24513,16,4:15,24455,24515,16,4:15,24456,24516,16,4:15,24517,24532,16,1:15,,,,,,64,16,2,1
multi_tile,3,158,0,c,25,0,22528,16,24538,24538,,24603,24602,24620,24621,,,0,,,,0,,,,0,,24539,24599,16,4:15,24541,24601,16,4:15,24542,24602,16,4:15,24603,24618,16,1:15,,,,,,64,16,2,1
multi_tile,3,159,0,c,26,0,22720,16,24624,24624,,24689,24688,24706,24707,,,0,,,,0,,,,0,,24625,24685,16,4:15,24627,24687,16,4:15,24628,24688,16,4:15,24689,24704,16,1:15,,,,,,64,16,2,1
multi_tile,3,160,0,c,27,0,22912,16,24710,24710,,24775,24774,24792,24793,,,0,,,,0,,,,0,,24711,24771,16,4:15,24713,24773,16,4:15,24714,24774,16,4:15,24775,24790,16,1:15,,,,,,64,16,2,1
multi_tile,3,161,0,c,28,0,23104,16,24796,24796,,24861,24860,24878,24879,,,0,,,,0,,,,0,,24797,24857,16,4:15,24799,24859,16,4:15,24800,24860,16,4:15,24861,24876,16,1:15,,,,,,64,16,2,1
multi_tile,3,162,0,c,29,0,23296,16,24882,24882,,24947,24946,24964,24965,,,0,,,,0,,,,0,,24883,24943,16,4:15,24885,24945,16,4:15,24886,24946,16,4:15,24947,24962,16,1:15,,,,,,64,16,2,1
multi_tile,3,163,0,c,30,0,23488,16,24968,24968,,25033,25032,25050,25051,,,0,,,,0,,,,0,,24969,25029,16,4:15,24971,25031,16,4:15,24972,25032,16,4:15,25033,25048,16,1:15,,,,,,64,16,2,1
multi_tile,3,164,0,c,31,0,23680,16,25054,25054,,25119,25118,25136,25137,,,0,,,,0,,,,0,,25055,25115,16,4:15,25057,25117,16,4:15,25058,25118,16,4:15,25119,25134,16,1:15,,,,,,64,16,2,1
multi_tile,3,165,1,a,0,0,64,16,25146,25146,25147,,,,25182,25149,25164,16,1:15,25165,25180,16,1:15,25166,25181,16,1:15,,,0,,,,0,,,,0,,,,0,,1,2,15,17,1,,,,
multi_tile,3,166,1,a,0,16,192,16,25185,25185,25186,,,,25221,25188,25203,16,1:15,25204,25219,16,1:15,25205,25220,16,1:15,,,0,,,,0,,,,0,,,,0,,1,2,15,17,1,,,,
multi_tile,3,167,1,a,1,0,320,16,25224,25224,25225,,,,25260,25227,25242,16,1:15,25243,25258,16,1:15,25244,25259,16,1:15,,,0,,,,0,,,,0,,,,0,,1,2,15,17,1,,,,
multi_tile,3,168,1,a,1,16,448,16,25263,25263,25264,,,,25299,25266,25281,16,1:15,25282,25297,16,1:15,25283,25298,16,1:15,,,0,,,,0,,,,0,,,,0,,1,2,15,17,1,,,,
multi_tile,3,169,1,a,2,0,576,16,25302,25302,25303,,,,25338,25305,25320,16,1:15,25321,25336,16,1:15,25322,25337,16,1:15,,,0,,,,0,,,,0,,,,0,,1,2,15,17,1,,,,
multi_tile,3,170,1,a,2,16,704,16,25341,25341,25342,,,,25377,25344,25359,16,1:15,25360,25375,16,1:15,25361,25376,16,1:15,,,0,,,,0,,,,0,,,,0,,1,2,15,17,1,,,,
multi_tile,3,171,1,a,3,0,832,16,25380,25380,25381,,,,25416,25383,25398,16,1:15,25399,25414,16,1:15,25400,25415,16,1:15,,,0,,,,0,,,,0,,,,0,,1,2,15,17,1,,,,
multi_tile,3,172,1,a,3,16,960,16,25419,25419,25420,,,,25455,25422,25437,16,1:15,25438,25453,16,1:15,25439,25454,16,1:15,,,0,,,,0,,,,0,,,,0,,1,2,15,17,1,,,,
multi_tile,3,173,1,a,4,0,1088,16,25458,25458,25459,,,,25494,25461,25476,16,1:15,25477,25492,16,1:15,25478,25493,16,1:15,,,0,,,,0,,,,0,,,,0,,1,2,15,17,1,,,,
multi_tile,3,174,1,a,4,16,1216,16,25497,25497,25498,,,,25533,25500,25515,16,1:15,25516,25531,16,1:15,25517,25532,16,1:15,,,0,,,,0,,,,0,,,,0,,1,2,15,17,1,,,,
multi_tile,3,175,1,a,5,0,1344,16,25536,25536,25537,,,,25572,25539,25554,16,1:15,25555,25570,16,1:15,25556,25571,16,1:15,,,0,,,,0,,,,0,,,,0,,1,2,15,17,1,,,,
multi_tile,3,176,1,a,5,16,1472,16,25575,25575,25576,,,,25611,25578,25593,16,1:15,25594,25609,16,1:15,25595,25610,16,1:15,,,0,,,,0,,,,0,,,,0,,1,2,15,17,1,,,,
multi_tile,3,177,1,a,6,0,1600,16,25614,25614,25615,,,,25650,25617,25632,16,1:15,25633,25648,16,1:15,25634,25649,16,1:15,,,0,,,,0,,,,0,,,,0,,1,2,15,17,1,,,,
multi_tile,3,178,1,a,6,16,1728,16,25653,25653,25654,,,,25689,25656,25671,16,1:15,25672,25687,16,1:15,25673,25688,16,1:15,,,0,,,,0,,,,0,,,,0,,1,2,15,17,1,,,,
multi_tile,3,179,1,a,7,0,1856,16,25692,25692,25693,,,,25728,25695,25710,16,1:15,25711,25726,16,1:15,25712,25727,16,1:15,,,0,,,,0,,,,0,,,,0,,1,2,15,17,1,,,,
multi_tile,3,180,1,a,7,16,1984,16,25731,25731,25732,,,,25767,25734,25749,16,1:15,25750,25765,16,1:15,25751,25766,16,1:15,,,0,,,,0,,,,0,,,,0,,1,2,15,17,1,,,,
multi_tile,3,181,1,a,8,0,2112,16,25770,25770,25771,,,,25806,25773,25788,16,1:15,25789,25804,16,1:15,25790,25805,16,1:15,,,0,,,,0,,,,0,,,,0,,1,2,15,17,1,,,,
multi_tile,3,182,1,a,8,16,2240,16,25809,25809,25810,,,,25845,25812,25827,16,1:15,25828,25843,16,1:15,25829,25844,16,1:15,,,0,,,,0,,,,0,,,,0,,1,2,15,17,1,,,,
multi_tile,3,183,1,a,9,0,2368,16,25848,25848,25849,,,,25884,25851,25866,16,1:15,25867,25882,16,1:15,25868,25883,16,1:15,,,0,,,,0,,,,0,,,,0,,1,2,15,17,1,,,,
multi_tile,3,184,1,a,9,16,2496,16,25887,25887,25888,,,,25923,25890,25905,16,1:15,25906,25921,16,1:15,25907,25922,16,1:15,,,0,,,,0,,,,0,,,,0,,1,2,15,17,1,,,,
multi_tile,3,185,1,a,10,0,2624,16,25926,25926,25927,,,,25962,25929,25944,16,1:15,25945,25960,16,1:15,25946,25961,16,1:15,,,0,,,,0,,,,0,,,,0,,1,2,15,17,1,,,,
multi_tile,3,186,1,a,10,16,2752,16,25965,25965,25966,,,,26001,25968,25983,16,1:15,25984,25999,16,1:15,25985,26000,16,1:15,,,0,,,,0,,,,0,,,,0,,1,2,15,17,1,,,,
multi_tile,3,187,1,a,11,0,2880,16,26004,26004,26005,,,,26040,26007,26022,16,1:15,26023,26038,16,1:15,26024,26039,16,1:15,,,0,,,,0,,,,0,,,,0,,1,2,15,17,1,,,,
multi_tile,3,188,1,a,11,16,3008,16,26043,26043,26044,,,,26079,26046,26061,16,1:15,26062,26077,16,1:15,26063,26078,16,1:15,,,0,,,,0,,,,0,,,,0,,1,2,15,17,1,,,,
multi_tile,3,189,1,a,12,0,3136,16,26082,26082,26083,,,,26118,26085,26100,16,1:15,26101,26116,16,1:15,26102,26117,16,1:15,,,0,,,,0,,,,0,,,,0,,1,2,15,17,1,,,,
multi_tile,3,190,1,a,12,16,3264,16,26121,26121,26122,,,,26157,26124,26139,16,1:15,26140,26155,16,1:15,26141,26156,16,1:15,,,0,,,,0,,,,0,,,,0,,1,2,15,17,1,,,,
multi_tile,3,191,1,a,13,0,3392,16,26160,26160,26161,,,,26196,26163,26178,16,1:15,26179,26194,16,1:15,26180,26195,16,1:15,,,0,,,,0,,,,0,,,,0,,1,2,15,17,1,,,,
multi_tile,3,192,1,a,13,16,3520,16,26199,26199,26200,,,,26235,26202,26217,16,1:15,26218,26233,16,1:15,26219,26234,16,1:15,,,0,,,,0,,,,0,,,,0,,1,2,15,17,1,,,,
multi_tile,3,193,1,a,14,0,3648,16,26238,26238,26239,,,,26274,26241,26256,16,1:15,26257,26272,16,1:15,26258,26273,16,1:15,,,0,,,,0,,,,0,,,,0,,1,2,15,17,1,,,,
multi_tile,3,194,1,a,14,16,3776,16,26277,26277,26278,,,,26313,26280,26295,16,1:15,26296,26311,16,1:15,26297,26312,16,1:15,,,0,,,,0,,,,0,,,,0,,1,2,15,17,1,,,,
multi_tile,3,195,1,a,15,0,3904,16,26316,26316,26317,,,,26352,26319,26334,16,1:15,26335,26350,16,1:15,26336,26351,16,1:15,,,0,,,,0,,,,0,,,,0,,1,2,15,17,1,,,,
multi_tile,3,196,1,a,15,16,4032,8,26355,26355,26356,,,,26375,26358,26365,8,1:7,26366,26373,8,1:7,26367,26374,8,1:7,,,0,,,,0,,,,0,,,,0,,1,2,7,9,1,,,,
multi_tile,3,197,1,a,15,24,4096,8,26378,26378,26379,,,,26398,26381,26388,8,1:7,26389,26396,8,1:7,26390,26397,8,1:7,,,0,,,,0,,,,0,,,,0,,1,2,7,9,1,,,,
multi_tile,3,198,1,a,16,0,4160,16,26401,26401,26402,,,,26437,26404,26419,16,1:15,26420,26435,16,1:15,26421,26436,16,1:15,,,0,,,,0,,,,0,,,,0,,1,2,15,17,1,,,,
multi_tile,3,199,1,a,16,16,4288,16,26440,26440,26441,,,,26476,26443,26458,16,1:15,26459,26474,16,1:15,26460,26475,16,1:15,,,0,,,,0,,,,0,,,,0,,1,2,15,17,1,,,,
multi_tile,3,200,1,a,17,0,4416,16,26479,26479,26480,,,,26515,26482,26497,16,1:15,26498,26513,16,1:15,26499,26514,16,1:15,,,0,,,,0,,,,0,,,,0,,1,2,15,17,1,,,,
multi_tile,3,201,1,a,17,16,4544,16,26518,26518,26519,,,,26554,26521,26536,16,1:15,26537,26552,16,1:15,26538,26553,16,1:15,,,0,,,,0,,,,0,,,,0,,1,2,15,17,1,,,,
multi_tile,3,202,1,a,18,0,4672,16,26557,26557,26558,,,,26593,26560,26575,16,1:15,26576,26591,16,1:15,26577,26592,16,1:15,,,0,,,,0,,,,0,,,,0,,1,2,15,17,1,,,,
multi_tile,3,203,1,a,18,16,4800,16,26596,26596,26597,,,,26632,26599,26614,16,1:15,26615,26630,16,1:15,26616,26631,16,1:15,,,0,,,,0,,,,0,,,,0,,1,2,15,17,1,,,,
multi_tile,3,204,1,a,19,0,4928,16,26635,26635,26636,,,,26671,26638,26653,16,1:15,26654,26669,16,1:15,26655,26670,16,1:15,,,0,,,,0,,,,0,,,,0,,1,2,15,17,1,,,,
multi_tile,3,205,1,a,19,16,5056,16,26674,26674,26675,,,,26710,26677,26692,16,1:15,26693,26708,16,1:15,26694,26709,16,1:15,,,0,,,,0,,,,0,,,,0,,1,2,15,17,1,,,,
multi_tile,3,206,1,a,20,0,5184,16,26713,26713,26714,,,,26749,26716,26731,16,1:15,26732,26747,16,1:15,26733,26748,16,1:15,,,0,,,,0,,,,0,,,,0,,1,2,15,17,1,,,,
multi_tile,3,207,1,a,20,16,5312,16,26752,26752,26753,,,,26788,26755,26770,16,1:15,26771,26786,16,1:15,26772,26787,16,1:15,,,0,,,,0,,,,0,,,,0,,1,2,15,17,1,,,,
multi_tile,3,208,1,a,21,0,5440,16,26791,26791,26792,,,,26827,26794,26809,16,1:15,26810,26825,16,1:15,26811,26826,16,1:15,,,0,,,,0,,,,0,,,,0,,1,2,15,17,1,,,,
multi_tile,3,209,1,a,21,16,5568,16,26830,26830,26831,,,,26866,26833,26848,16,1:15,26849,26864,16,1:15,26850,26865,16,1:15,,,0,,,,0,,,,0,,,,0,,1,2,15,17,1,,,,
multi_tile,3,210,1,a,22,0,5696,16,26869,26869,26870,,,,26905,26872,26887,16,1:15,26888,26903,16,1:15,26889,26904,16,1:15,,,0,,,,0,,,,0,,,,0,,1,2,15,17,1,,,,
multi_tile,3,211,1,a,22,16,5824,16,26908,26908,26909,,,,26944,26911,26926,16,1:15,26927,26942,16,1:15,26928,26943,16,1:15,,,0,,,,0,,,,0,,,,0,,1,2,15,17,1,,,,
multi_tile,3,212,1,a,23,0,5952,16,26947,26947,26948,,,,26983,26950,26965,16,1:15,26966,26981,16,1:15,26967,26982,16,1:15,,,0,,,,0,,,,0,,,,0,,1,2,15,17,1,,,,
multi_tile,3,213,1,a,23,16,6080,16,26986,26986,26987,,,,27022,26989,27004,16,1:15,27005,27020,16,1:15,27006,27021,16,1:15,,,0,,,,0,,,,0,,,,0,,1,2,15,17,1,,,,
multi_tile,3,214,1,a,24,0,6208,16,27025,27025,27026,,,,27061,27028,27043,16,1:15,27044,27059,16,1:15,27045,27060,16,1:15,,,0,,,,0,,,,0,,,,0,,1,2,15,17,1,,,,
multi_tile,3,215,1,a,24,16,6336,16,27064,27064,27065,,,,27100,27067,27082,16,1:15,27083,27098,16,1:15,27084,27099,16,1:15,,,0,,,,0,,,,0,,,,0,,1,2,15,17,1,,,,
multi_tile,3,216,1,a,25,0,6464,16,27103,27103,27104,,,,27139,27106,27121,16,1:15,27122,27137,16,1:15,27123,27138,16,1:15,,,0,,,,0,,,,0,,,,0,,1,2,15,17,1,,,,
multi_tile,3,217,1,a,25,16,6592,16,27142,27142,27143,,,,27178,27145,27160,16,1:15,27161,27176,16,1:15,27162,27177,16,1:15,,,0,,,,0,,,,0,,,,0,,1,2,15,17,1,,,,
multi_tile,3,218,1,a,26,0,6720,16,27181,27181,27182,,,,27217,27184,27199,16,1:15,27200,27215,16,1:15,27201,27216,16,1:15,,,0,,,,0,,,,0,,,,0,,1,2,15,17,1,,,,
multi_tile,3,219,1,a,26,16,6848,16,27220,27220,27221,,,,27256,27223,27238,16,1:15,27239,27254,16,1:15,27240,27255,16,1:15,,,0,,,,0,,,,0,,,,0,,1,2,15,17,1,,,,
multi_tile,3,220,1,a,27,0,6976,16,27259,27259,27260,,,,27295,27262,27277,16,1:15,27278,27293,16,1:15,27279,27294,16,1:15,,,0,,,,0,,,,0,,,,0,,1,2,15,17,1,,,,
multi_tile,3,221,1,a,27,16,7104,16,27298,27298,27299,,,,27334,27301,27316,16,1:15,27317,27332,16,1:15,27318,27333,16,1:15,,,0,,,,0,,,,0,,,,0,,1,2,15,17,1,,,,
multi_tile,3,222,1,a,28,0,7232,16,27337,27337,27338,,,,27373,27340,27355,16,1:15,27356,27371,16,1:15,27357,27372,16,1:15,,,0,,,,0,,,,0,,,,0,,1,2,15,17,1,,,,
multi_tile,3,223,1,a,28,16,7360,16,27376,27376,27377,,,,27412,27379,27394,16,1:15,27395,27410,16,1:15,27396,27411,16,1:15,,,0,,,,0,,,,0,,,,0,,1,2,15,17,1,,,,
multi_tile,3,224,1,a,29,0,7488,16,27415,27415,27416,,,,27451,27418,27433,16,1:15,27434,27449,16,1:15,27435,27450,16,1:15,,,0,,,,0,,,,0,,,,0,,1,2,15,17,1,,,,
multi_tile,3,225,1,a,29,16,7616,16,27454,27454,27455,,,,27490,27457,27472,16,1:15,27473,27488,16,1:15,27474,27489,16,1:15,,,0,,,,0,,,,0,,,,0,,1,2,15,17,1,,,,
multi_tile,3,226,1,a,30,0,7744,16,27493,27493,27494,,,,27529,27496,27511,16,1:15,27512,27527,16,1:15,27513,27528,16,1:15,,,0,,,,0,,,,0,,,,0,,1,2,15,17,1,,,,
multi_tile,3,227,1,a,30,16,7872,16,27532,27532,27533,,,,27568,27535,27550,16,1:15,27551,27566,16,1:15,27552,27567,16,1:15,,,0,,,,0,,,,0,,,,0,,1,2,15,17,1,,,,
multi_tile,3,228,1,a,31,0,8000,16,27571,27571,27572,,,,27607,27574,27589,16,1:15,27590,27605,16,1:15,27591,27606,16,1:15,,,0,,,,0,,,,0,,,,0,,1,2,15,17,1,,,,
multi_tile,3,229,1,a,31,16,8128,8,27610,27610,27611,,,,27630,27613,27620,8,1:7,27621,27628,8,1:7,27622,27629,8,1:7,,,0,,,,0,,,,0,,,,0,,1,2,7,9,1,,,,
multi_tile,3,230,1,a,31,24,8192,8,27633,27633,27634,,,,27653,27636,27643,8,1:7,27644,27651,8,1:7,27645,27652,8,1:7,,,0,,,,0,,,,0,,,,0,,1,2,7,9,1,,,,
multi_tile,3,231,1,bt,0,0,16832,16,27661,27661,27662,,,,27697,27664,27679,16,1:15,27680,27695,16,1:15,27681,27696,16,1:15,,,0,,,,0,,,,0,,,,0,,1,2,15,17,1,,,,
multi_tile,3,232,1,bt,0,16,16960,16,27700,27700,27701,,,,27736,27703,27718,16,1:15,27719,27734,16,1:15,27720,27735,16,1:15,,,0,,,,0,,,,0,,,,0,,1,2,15,17,1,,,,
multi_tile,3,233,1,bt,1,0,17088,16,27739,27739,27740,,,,27775,27742,27757,16,1:15,27758,27773,16,1:15,27759,27774,16,1:15,,,0,,,,0,,,,0,,,,0,,1,2,15,17,1,,,,
multi_tile,3,234,1,bt,1,16,17216,16,27778,27778,27779,,,,27814,27781,27796,16,1:15,27797,27812,16,1:15,27798,27813,16,1:15,,,0,,,,0,,,,0,,,,0,,1,2,15,17,1,,,,
multi_tile,3,235,1,bt,2,0,17344,16,27817,27817,27818,,,,27853,27820,27835,16,1:15,27836,27851,16,1:15,27837,27852,16,1:15,,,0,,,,0,,,,0,,,,0,,1,2,15,17,1,,,,
multi_tile,3,236,1,bt,2,16,17472,16,27856,27856,27857,,,,27892,27859,27874,16,1:15,27875,27890,16,1:15,27876,27891,16,1:15,,,0,,,,0,,,,0,,,,0,,1,2,15,17,1,,,,
multi_tile,3,237,1,c,0,0,17856,2,30070,30070,,30079,30078,30082,30083,,,0,,,,0,,,,0,,30071,30075,2,4:1,30073,30077,2,4:1,30074,30078,2,4:1,30079,30080,2,1:1,,,,,,8,2,2,1
multi_tile,3,238,1,c,1,0,18048,2,30086,30086,,30095,30094,30098,30099,,,0,,,,0,,,,0,,30087,30091,2,4:1,30089,30093,2,4:1,30090,30094,2,4:1,30095,30096,2,1:1,,,,,,8,2,2,1
multi_tile,3,239,1,c,2,0,18240,2,30102,30102,,30111,30110,30114,30115,,,0,,,,0,,,,0,,30103,30107,2,4:1,30105,30109,2,4:1,30106,30110,2,4:1,30111,30112,2,1:1,,,,,,8,2,2,1
multi_tile,3,240,1,c,3,0,18432,2,30118,30118,,30127,30126,30130,30131,,,0,,,,0,,,,0,,30119,30123,2,4:1,30121,30125,2,4:1,30122,30126,2,4:1,30127,30128,2,1:1,,,,,,8,2,2,1
multi_tile,3,241,1,c,4,0,18624,2,30134,30134,,30143,30142,30146,30147,,,0,,,,0,,,,0,,30135,30139,2,4:1,30137,30141,2,4:1,30138,30142,2,4:1,30143,30144,2,1:1,,,,,,8,2,2,1
multi_tile,3,242,1,c,5,0,18816,2,30150,30150,,30159,30158,30162,30163,,,0,,,,0,,,,0,,30151,30155,2,4:1,30153,30157,2,4:1,30154,30158,2,4:1,30159,30160,2,1:1,,,,,,8,2,2,1
multi_tile,3,243,1,c,6,0,19008,2,30166,30166,,30175,30174,30178,30179,,,0,,,,0,,,,0,,30167,30171,2,4:1,30169,30173,2,4:1,30170,30174,2,4:1,30175,30176,2,1:1,,,,,,8,2,2,1
multi_tile,3,244,1,c,7,0,19200,2,30182,30182,,30191,30190,30194,30195,,,0,,,,0,,,,0,,30183,30187,2,4:1,30185,30189,2,4:1,30186,30190,2,4:1,30191,30192,2,1:1,,,,,,8,2,2,1
multi_tile,3,245,1,c,8,0,19392,2,30198,30198,,30207,30206,30210,30211,,,0,,,,0,,,,0,,30199,30203,2,4:1,30201,30205,2,4:1,30202,30206,2,4:1,30207,30208,2,1:1,,,,,,8,2,2,1
multi_tile,3,246,1,c,9,0,19584,2,30214,30214,,30223,30222,30226,30227,,,0,,,,0,,,,0,,30215,30219,2,4:1,30217,30221,2,4:1,30218,30222,2,4:1,30223,30224,2,1:1,,,,,,8,2,2,1
multi_tile,3,247,1,c,10,0,19776,2,30230,30230,,30239,30238,30242,30243,,,0,,,,0,,,,0,,30231,30235,2,4:1,30233,30237,2,4:1,30234,30238,2,4:1,30239,30240,2,1:1,,,,,,8,2,2,1
multi_tile,3,248,1,c,11,0,19968,2,30246,30246,,30255,30254,30258,30259,,,0,,,,0,,,,0,,30247,30251,2,4:1,30249,30253,2,4:1,30250,30254,2,4:1,30255,30256,2,1:1,,,,,,8,2,2,1
multi_tile,3,249,1,c,12,0,20160,2,30262,30262,,30271,30270,30274,30275,,,0,,,,0,,,,0,,30263,30267,2,4:1,30265,30269,2,4:1,30266,30270,2,4:1,30271,30272,2,1:1,,,,,,8,2,2,1
multi_tile,3,250,1,c,13,0,20352,2,30278,30278,,30287,30286,30290,30291,,,0,,,,0,,,,0,,30279,30283,2,4:1,30281,30285,2,4:1,30282,30286,2,4:1,30287,30288,2,1:1,,,,,,8,2,2,1
multi_tile,3,251,1,c,14,0,20544,2,30294,30294,,30303,30302,30306,30307,,,0,,,,0,,,,0,,30295,30299,2,4:1,30297,30301,2,4:1,30298,30302,2,4:1,30303,30304,2,1:1,,,,,,8,2,2,1
multi_tile,3,252,1,c,15,0,20736,2,30310,30310,,30319,30318,30322,30323,,,0,,,,0,,,,0,,30311,30315,2,4:1,30313,30317,2,4:1,30314,30318,2,4:1,30319,30320,2,1:1,,,,,,8,2,2,1
multi_tile,3,253,1,c,16,0,20928,2,30326,30326,,30335,30334,30338,30339,,,0,,,,0,,,,0,,30327,30331,2,4:1,30329,30333,2,4:1,30330,30334,2,4:1,30335,30336,2,1:1,,,,,,8,2,2,1
multi_tile,3,254,1,c,17,0,21120,2,30342,30342,,30351,30350,30354,30355,,,0,,,,0,,,,0,,30343,30347,2,4:1,30345,30349,2,4:1,30346,30350,2,4:1,30351,30352,2,1:1,,,,,,8,2,2,1
multi_tile,3,255,1,c,18,0,21312,2,30358,30358,,30367,30366,30370,30371,,,0,,,,0,,,,0,,30359,30363,2,4:1,30361,30365,2,4:1,30362,30366,2,4:1,30367,30368,2,1:1,,,,,,8,2,2,1
multi_tile,3,256,1,c,19,0,21504,2,30374,30374,,30383,30382,30386,30387,,,0,,,,0,,,,0,,30375,30379,2,4:1,30377,30381,2,4:1,30378,30382,2,4:1,30383,30384,2,1:1,,,,,,8,2,2,1
multi_tile,3,257,1,c,20,0,21696,2,30390,30390,,30399,30398,30402,30403,,,0,,,,0,,,,0,,30391,30395,2,4:1,30393,30397,2,4:1,30394,30398,2,4:1,30399,30400,2,1:1,,,,,,8,2,2,1
multi_tile,3,258,1,c,21,0,21888,2,30406,30406,,30415,30414,30418,30419,,,0,,,,0,,,,0,,30407,30411,2,4:1,30409,30413,2,4:1,30410,30414,2,4:1,30415,30416,2,1:1,,,,,,8,2,2,1
multi_tile,3,259,1,c,22,0,22080,2,30422,30422,,30431,30430,30434,30435,,,0,,,,0,,,,0,,30423,30427,2,4:1,30425,30429,2,4:1,30426,30430,2,4:1,30431,30432,2,1:1,,,,,,8,2,2,1
multi_tile,3,260,1,c,23,0,22272,2,30438,30438,,30447,30446,30450,30451,,,0,,,,0,,,,0,,30439,30443,2,4:1,30441,30445,2,4:1,30442,30446,2,4:1,30447,30448,2,1:1,,,,,,8,2,2,1
multi_tile,3,261,1,c,24,0,22464,2,30454,30454,,30463,30462,30466,30467,,,0,,,,0,,,,0,,30455,30459,2,4:1,30457,30461,2,4:1,30458,30462,2,4:1,30463,30464,2,1:1,,,,,,8,2,2,1
multi_tile,3,262,1,c,25,0,22656,2,30470,30470,,30479,30478,30482,30483,,,0,,,,0,,,,0,,30471,30475,2,4:1,30473,30477,2,4:1,30474,30478,2,4:1,30479,30480,2,1:1,,,,,,8,2,2,1
multi_tile,3,263,1,c,26,0,22848,2,30486,30486,,30495,30494,30498,30499,,,0,,,,0,,,,0,,30487,30491,2,4:1,30489,30493,2,4:1,30490,30494,2,4:1,30495,30496,2,1:1,,,,,,8,2,2,1
multi_tile,3,264,1,c,27,0,23040,2,30502,30502,,30511,30510,30514,30515,,,0,,,,0,,,,0,,30503,30507,2,4:1,30505,30509,2,4:1,30506,30510,2,4:1,30511,30512,2,1:1,,,,,,8,2,2,1
multi_tile,3,265,1,c,28,0,23232,2,30518,30518,,30527,30526,30530,30531,,,0,,,,0,,,,0,,30519,30523,2,4:1,30521,30525,2,4:1,30522,30526,2,4:1,30527,30528,2,1:1,,,,,,8,2,2,1
multi_tile,3,266,1,c,29,0,23424,2,30534,30534,,30543,30542,30546,30547,,,0,,,,0,,,,0,,30535,30539,2,4:1,30537,30541,2,4:1,30538,30542,2,4:1,30543,30544,2,1:1,,,,,,8,2,2,1
multi_tile,3,267,1,c,30,0,23616,2,30550,30550,,30559,30558,30562,30563,,,0,,,,0,,,,0,,30551,30555,2,4:1,30553,30557,2,4:1,30554,30558,2,4:1,30559,30560,2,1:1,,,,,,8,2,2,1
multi_tile,3,268,1,c,31,0,23808,2,30566,30566,,30575,30574,30578,30579,,,0,,,,0,,,,0,,30567,30571,2,4:1,30569,30573,2,4:1,30570,30574,2,4:1,30575,30576,2,1:1,,,,,,8,2,2,1
multi_tile,3,269,2,a,0,0,8256,16,30588,30588,30589,,,,30624,30591,30606,16,1:15,30607,30622,16,1:15,30608,30623,16,1:15,,,0,,,,0,,,,0,,,,0,,1,2,15,17,1,,,,
multi_tile,3,270,2,a,0,16,8384,16,30627,30627,30628,,,,30663,30630,30645,16,1:15,30646,30661,16,1:15,30647,30662,16,1:15,,,0,,,,0,,,,0,,,,0,,1,2,15,17,1,,,,
multi_tile,3,271,2,bt,0,0,8640,16,30671,30671,30672,,,,30707,30674,30689,16,1:15,30690,30705,16,1:15,30691,30706,16,1:15,,,0,,,,0,,,,0,,,,0,,1,2,15,17,1,,,,
multi_tile,3,272,2,bt,0,16,8768,16,30710,30710,30711,,,,30746,30713,30728,16,1:15,30729,30744,16,1:15,30730,30745,16,1:15,,,0,,,,0,,,,0,,,,0,,1,2,15,17,1,,,,
multi_tile,3,273,2,bt,1,0,8896,16,30749,30749,30750,,,,30785,30752,30767,16,1:15,30768,30783,16,1:15,30769,30784,16,1:15,,,0,,,,0,,,,0,,,,0,,1,2,15,17,1,,,,
multi_tile,3,274,2,bt,1,16,9024,16,30788,30788,30789,,,,30824,30791,30806,16,1:15,30807,30822,16,1:15,30808,30823,16,1:15,,,0,,,,0,,,,0,,,,0,,1,2,15,17,1,,,,
multi_tile,3,275,2,bt,2,0,9152,16,30827,30827,30828,,,,30863,30830,30845,16,1:15,30846,30861,16,1:15,30847,30862,16,1:15,,,0,,,,0,,,,0,,,,0,,1,2,15,17,1,,,,
multi_tile,3,276,2,bt,2,16,9280,16,30866,30866,30867,,,,30902,30869,30884,16,1:15,30885,30900,16,1:15,30886,30901,16,1:15,,,0,,,,0,,,,0,,,,0,,1,2,15,17,1,,,,
multi_tile,3,277,2,bt,3,0,9408,16,30905,30905,30906,,,,30941,30908,30923,16,1:15,30924,30939,16,1:15,30925,30940,16,1:15,,,0,,,,0,,,,0,,,,0,,1,2,15,17,1,,,,
multi_tile,3,278,2,bt,3,16,9536,16,30944,30944,30945,,,,30980,30947,30962,16,1:15,30963,30978,16,1:15,30964,30979,16,1:15,,,0,,,,0,,,,0,,,,0,,1,2,15,17,1,,,,
multi_tile,3,279,2,bt,4,0,9664,16,30983,30983,30984,,,,31019,30986,31001,16,1:15,31002,31017,16,1:15,31003,31018,16,1:15,,,0,,,,0,,,,0,,,,0,,1,2,15,17,1,,,,
multi_tile,3,280,2,bt,4,16,9792,16,31022,31022,31023,,,,31058,31025,31040,16,1:15,31041,31056,16,1:15,31042,31057,16,1:15,,,0,,,,0,,,,0,,,,0,,1,2,15,17,1,,,,
multi_tile,3,281,2,bt,5,0,9920,16,31061,31061,31062,,,,31097,31064,31079,16,1:15,31080,31095,16,1:15,31081,31096,16,1:15,,,0,,,,0,,,,0,,,,0,,1,2,15,17,1,,,,
multi_tile,3,282,2,bt,5,16,10048,16,31100,31100,31101,,,,31136,31103,31118,16,1:15,31119,31134,16,1:15,31120,31135,16,1:15,,,0,,,,0,,,,0,,,,0,,1,2,15,17,1,,,,
multi_tile,3,283,2,bt,6,0,10176,16,31139,31139,31140,,,,31175,31142,31157,16,1:15,31158,31173,16,1:15,31159,31174,16,1:15,,,0,,,,0,,,,0,,,,0,,1,2,15,17,1,,,,
multi_tile,3,284,2,bt,6,16,10304,16,31178,31178,31179,,,,31214,31181,31196,16,1:15,31197,31212,16,1:15,31198,31213,16,1:15,,,0,,,,0,,,,0,,,,0,,1,2,15,17,1,,,,
multi_tile,3,285,2,bt,7,0,10432,16,31217,31217,31218,,,,31253,31220,31235,16,1:15,31236,31251,16,1:15,31237,31252,16,1:15,,,0,,,,0,,,,0,,,,0,,1,2,15,17,1,,,,
multi_tile,3,286,2,bt,7,16,10560,16,31256,31256,31257,,,,31292,31259,31274,16,1:15,31275,31290,16,1:15,31276,31291,16,1:15,,,0,,,,0,,,,0,,,,0,,1,2,15,17,1,,,,
multi_tile,3,287,2,bt,8,0,10688,16,31295,31295,31296,,,,31331,31298,31313,16,1:15,31314,31329,16,1:15,31315,31330,16,1:15,,,0,,,,0,,,,0,,,,0,,1,2,15,17,1,,,,
multi_tile,3,288,2,bt,8,16,10816,16,31334,31334,31335,,,,31370,31337,31352,16,1:15,31353,31368,16,1:15,31354,31369,16,1:15,,,0,,,,0,,,,0,,,,0,,1,2,15,17,1,,,,
multi_tile,3,289,2,bt,9,0,10944,16,31373,31373,31374,,,,31409,31376,31391,16,1:15,31392,31407,16,1:15,31393,31408,16,1:15,,,0,,,,0,,,,0,,,,0,,1,2,15,17,1,,,,
multi_tile,3,290,2,bt,9,16,11072,16,31412,31412,31413,,,,31448,31415,31430,16,1:15,31431,31446,16,1:15,31432,31447,16,1:15,,,0,,,,0,,,,0,,,,0,,1,2,15,17,1,,,,
multi_tile,3,291,2,bt,10,0,11200,16,31451,31451,31452,,,,31487,31454,31469,16,1:15,31470,31485,16,1:15,31471,31486,16,1:15,,,0,,,,0,,,,0,,,,0,,1,2,15,17,1,,,,
multi_tile,3,292,2,bt,10,16,11328,16,31490,31490,31491,,,,31526,31493,31508,16,1:15,31509,31524,16,1:15,31510,31525,16,1:15,,,0,,,,0,,,,0,,,,0,,1,2,15,17,1,,,,
multi_tile,3,293,2,bt,11,0,11456,16,31529,31529,31530,,,,31565,31532,31547,16,1:15,31548,31563,16,1:15,31549,31564,16,1:15,,,0,,,,0,,,,0,,,,0,,1,2,15,17,1,,,,
multi_tile,3,294,2,bt,11,16,11584,16,31568,31568,31569,,,,31604,31571,31586,16,1:15,31587,31602,16,1:15,31588,31603,16,1:15,,,0,,,,0,,,,0,,,,0,,1,2,15,17,1,,,,
multi_tile,3,295,2,bt,12,0,11712,16,31607,31607,31608,,,,31643,31610,31625,16,1:15,31626,31641,16,1:15,31627,31642,16,1:15,,,0,,,,0,,,,0,,,,0,,1,2,15,17,1,,,,
multi_tile,3,296,2,bt,12,16,11840,16,31646,31646,31647,,,,31682,31649,31664,16,1:15,31665,31680,16,1:15,31666,31681,16,1:15,,,0,,,,0,,,,0,,,,0,,1,2,15,17,1,,,,
multi_tile,3,297,2,bt,13,0,11968,16,31685,31685,31686,,,,31721,31688,31703,16,1:15,31704,31719,16,1:15,31705,31720,16,1:15,,,0,,,,0,,,,0,,,,0,,1,2,15,17,1,,,,
multi_tile,3,298,2,bt,13,16,12096,16,31724,31724,31725,,,,31760,31727,31742,16,1:15,31743,31758,16,1:15,31744,31759,16,1:15,,,0,,,,0,,,,0,,,,0,,1,2,15,17,1,,,,
multi_tile,3,299,2,bt,14,0,12224,8,31763,31763,31764,,,,31783,31766,31773,8,1:7,31774,31781,8,1:7,31775,31782,8,1:7,,,0,,,,0,,,,0,,,,0,,1,2,7,9,1,,,,
multi_tile,3,300,2,bt,14,8,12288,16,31786,31786,31787,,,,31822,31789,31804,16,1:15,31805,31820,16,1:15,31806,31821,16,1:15,,,0,,,,0,,,,0,,,,0,,1,2,15,17,1,,,,
multi_tile,3,301,2,bt,14,24,12416,8,31825,31825,31826,,,,31845,31828,31835,8,1:7,31836,31843,8,1:7,31837,31844,8,1:7,,,0,,,,0,,,,0,,,,0,,1,2,7,9,1,,,,
multi_tile,3,302,2,bt,15,0,12480,16,31848,31848,31849,,,,31884,31851,31866,16,1:15,31867,31882,16,1:15,31868,31883,16,1:15,,,0,,,,0,,,,0,,,,0,,1,2,15,17,1,,,,
multi_tile,3,303,2,bt,15,16,12608,16,31887,31887,31888,,,,31923,31890,31905,16,1:15,31906,31921,16,1:15,31907,31922,16,1:15,,,0,,,,0,,,,0,,,,0,,1,2,15,17,1,,,,
multi_tile,3,304,2,bt,16,0,12736,16,31926,31926,31927,,,,31962,31929,31944,16,1:15,31945,31960,16,1:15,31946,31961,16,1:15,,,0,,,,0,,,,0,,,,0,,1,2,15,17,1,,,,
multi_tile,3,305,2,bt,16,16,12864,16,31965,31965,31966,,,,32001,31968,31983,16,1:15,31984,31999,16,1:15,31985,32000,16,1:15,,,0,,,,0,,,,0,,,,0,,1,2,15,17,1,,,,
multi_tile,3,306,2,bt,17,0,12992,16,32004,32004,32005,,,,32040,32007,32022,16,1:15,32023,32038,16,1:15,32024,32039,16,1:15,,,0,,,,0,,,,0,,,,0,,1,2,15,17,1,,,,
multi_tile,3,307,2,bt,17,16,13120,16,32043,32043,32044,,,,32079,32046,32061,16,1:15,32062,32077,16,1:15,32063,32078,16,1:15,,,0,,,,0,,,,0,,,,0,,1,2,15,17,1,,,,
multi_tile,3,308,2,bt,18,0,13248,16,32082,32082,32083,,,,32118,32085,32100,16,1:15,32101,32116,16,1:15,32102,32117,16,1:15,,,0,,,,0,,,,0,,,,0,,1,2,15,17,1,,,,
multi_tile,3,309,2,bt,18,16,13376,16,32121,32121,32122,,,,32157,32124,32139,16,1:15,32140,32155,16,1:15,32141,32156,16,1:15,,,0,,,,0,,,,0,,,,0,,1,2,15,17,1,,,,
multi_tile,3,310,2,bt,19,0,13504,16,32160,32160,32161,,,,32196,32163,32178,16,1:15,32179,32194,16,1:15,32180,32195,16,1:15,,,0,,,,0,,,,0,,,,0,,1,2,15,17,1,,,,
multi_tile,3,311,2,bt,19,16,13632,16,32199,32199,32200,,,,32235,32202,32217,16,1:15,32218,32233,16,1:15,32219,32234,16,1:15,,,0,,,,0,,,,0,,,,0,,1,2,15,17,1,,,,
multi_tile,3,312,2,bt,20,0,13760,16,32238,32238,32239,,,,32274,32241,32256,16,1:15,32257,32272,16,1:15,32258,32273,16,1:15,,,0,,,,0,,,,0,,,,0,,1,2,15,17,1,,,,
multi_tile,3,313,2,bt,20,16,13888,16,32277,32277,32278,,,,32313,32280,32295,16,1:15,32296,32311,16,1:15,32297,32312,16,1:15,,,0,,,,0,,,,0,,,,0,,1,2,15,17,1,,,,
multi_tile,3,314,2,bt,21,0,14016,16,32316,32316,32317,,,,32352,32319,32334,16,1:15,32335,32350,16,1:15,32336,32351,16,1:15,,,0,,,,0,,,,0,,,,0,,1,2,15,17,1,,,,
multi_tile,3,315,2,bt,21,16,14144,16,32355,32355,32356,,,,32391,32358,32373,16,1:15,32374,32389,16,1:15,32375,32390,16,1:15,,,0,,,,0,,,,0,,,,0,,1,2,15,17,1,,,,
multi_tile,3,316,2,bt,22,0,14272,16,32394,32394,32395,,,,32430,32397,32412,16,1:15,32413,32428,16,1:15,32414,32429,16,1:15,,,0,,,,0,,,,0,,,,0,,1,2,15,17,1,,,,
multi_tile,3,317,2,bt,22,16,14400,16,32433,32433,32434,,,,32469,32436,32451,16,1:15,32452,32467,16,1:15,32453,32468,16,1:15,,,0,,,,0,,,,0,,,,0,,1,2,15,17,1,,,,
multi_tile,3,318,2,bt,23,0,14528,16,32472,32472,32473,,,,32508,32475,32490,16,1:15,32491,32506,16,1:15,32492,32507,16,1:15,,,0,,,,0,,,,0,,,,0,,1,2,15,17,1,,,,
multi_tile,3,319,2,bt,23,16,14656,16,32511,32511,32512,,,,32547,32514,32529,16,1:15,32530,32545,16,1:15,32531,32546,16,1:15,,,0,,,,0,,,,0,,,,0,,1,2,15,17,1,,,,
multi_tile,3,320,2,bt,24,0,14784,16,32550,32550,32551,,,,32586,32553,32568,16,1:15,32569,32584,16,1:15,32570,32585,16,1:15,,,0,,,,0,,,,0,,,,0,,1,2,15,17,1,,,,
multi_tile,3,321,2,bt,24,16,14912,16,32589,32589,32590,,,,32625,32592,32607,16,1:15,32608,32623,16,1:15,32609,32624,16,1:15,,,0,,,,0,,,,0,,,,0,,1,2,15,17,1,,,,
multi_tile,3,322,2,bt,25,0,15040,16,32628,32628,32629,,,,32664,32631,32646,16,1:15,32647,32662,16,1:15,32648,32663,16,1:15,,,0,,,,0,,,,0,,,,0,,1,2,15,17,1,,,,
multi_tile,3,323,2,bt,25,16,15168,16,32667,32667,32668,,,,32703,32670,32685,16,1:15,32686,32701,16,1:15,32687,32702,16,1:15,,,0,,,,0,,,,0,,,,0,,1,2,15,17,1,,,,
multi_tile,3,324,2,bt,26,0,15296,16,32706,32706,32707,,,,32742,32709,32724,16,1:15,32725,32740,16,1:15,32726,32741,16,1:15,,,0,,,,0,,,,0,,,,0,,1,2,15,17,1,,,,
multi_tile,3,325,2,bt,26,16,15424,16,32745,32745,32746,,,,32781,32748,32763,16,1:15,32764,32779,16,1:15,32765,32780,16,1:15,,,0,,,,0,,,,0,,,,0,,1,2,15,17,1,,,,
multi_tile,3,326,2,bt,27,0,15552,16,32784,32784,32785,,,,32820,32787,32802,16,1:15,32803,32818,16,1:15,32804,32819,16,1:15,,,0,,,,0,,,,0,,,,0,,1,2,15,17,1,,,,
multi_tile,3,327,2,bt,27,16,15680,16,32823,32823,32824,,,,32859,32826,32841,16,1:15,32842,32857,16,1:15,32843,32858,16,1:15,,,0,,,,0,,,,0,,,,0,,1,2,15,17,1,,,,
multi_tile,3,328,2,bt,28,0,15808,16,32862,32862,32863,,,,32898,32865,32880,16,1:15,32881,32896,16,1:15,32882,32897,16,1:15,,,0,,,,0,,,,0,,,,0,,1,2,15,17,1,,,,
multi_tile,3,329,2,bt,28,16,15936,16,32901,32901,32902,,,,32937,32904,32919,16,1:15,32920,32935,16,1:15,32921,32936,16,1:15,,,0,,,,0,,,,0,,,,0,,1,2,15,17,1,,,,
multi_tile,3,330,2,bt,29,0,16064,16,32940,32940,32941,,,,32976,32943,32958,16,1:15,32959,32974,16,1:15,32960,32975,16,1:15,,,0,,,,0,,,,0,,,,0,,1,2,15,17,1,,,,
multi_tile,3,331,2,bt,29,16,16192,16,32979,32979,32980,,,,33015,32982,32997,16,1:15,32998,33013,16,1:15,32999,33014,16,1:15,,,0,,,,0,,,,0,,,,0,,1,2,15,17,1,,,,
multi_tile,3,332,2,bt,30,0,16320,8,33018,33018,33019,,,,33038,33021,33028,8,1:7,33029,33036,8,1:7,33030,33037,8,1:7,,,0,,,,0,,,,0,,,,0,,1,2,7,9,1,,,,
multi_tile,3,333,2,bt,30,8,16384,16,33041,33041,33042,,,,33077,33044,33059,16,1:15,33060,33075,16,1:15,33061,33076,16,1:15,,,0,,,,0,,,,0,,,,0,,1,2,15,17,1,,,,
multi_tile,3,334,2,bt,30,24,16512,8,33080,33080,33081,,,,33100,33083,33090,8,1:7,33091,33098,8,1:7,33092,33099,8,1:7,,,0,,,,0,,,,0,,,,0,,1,2,7,9,1,,,,
multi_tile,3,335,2,bt,31,0,16576,16,33103,33103,33104,,,,33139,33106,33121,16,1:15,33122,33137,16,1:15,33123,33138,16,1:15,,,0,,,,0,,,,0,,,,0,,1,2,15,17,1,,,,
multi_tile,3,336,2,bt,31,16,16704,16,33142,33142,33143,,,,33178,33145,33160,16,1:15,33161,33176,16,1:15,33162,33177,16,1:15,,,0,,,,0,,,,0,,,,0,,1,2,15,17,1,,,,
multi_tile,3,337,2,c,0,0,23872,16,35356,35356,,35421,35420,35438,35439,,,0,,,,0,,,,0,,35357,35417,16,4:15,35359,35419,16,4:15,35360,35420,16,4:15,35421,35436,16,1:15,,,,,,64,16,2,1
multi_tile,3,338,3,a,0,0,8256,16,35448,35448,35449,,,,35484,35451,35466,16,1:15,35467,35482,16,1:15,35468,35483,16,1:15,,,0,,,,0,,,,0,,,,0,,1,2,15,17,1,,,,
multi_tile,3,339,3,a,0,16,8384,16,35487,35487,35488,,,,35523,35490,35505,16,1:15,35506,35521,16,1:15,35507,35522,16,1:15,,,0,,,,0,,,,0,,,,0,,1,2,15,17,1,,,,
multi_tile,3,340,3,bt,0,0,16832,16,35531,35531,35532,,,,35567,35534,35549,16,1:15,35550,35565,16,1:15,35551,35566,16,1:15,,,0,,,,0,,,,0,,,,0,,1,2,15,17,1,,,,
multi_tile,3,341,3,bt,0,16,16960,16,35570,35570,35571,,,,35606,35573,35588,16,1:15,35589,35604,16,1:15,35590,35605,16,1:15,,,0,,,,0,,,,0,,,,0,,1,2,15,17,1,,,,
multi_tile,3,342,3,bt,1,0,17088,16,35609,35609,35610,,,,35645,35612,35627,16,1:15,35628,35643,16,1:15,35629,35644,16,1:15,,,0,,,,0,,,,0,,,,0,,1,2,15,17,1,,,,
multi_tile,3,343,3,bt,1,16,17216,16,35648,35648,35649,,,,35684,35651,35666,16,1:15,35667,35682,16,1:15,35668,35683,16,1:15,,,0,,,,0,,,,0,,,,0,,1,2,15,17,1,,,,
multi_tile,3,344,3,bt,2,0,17344,16,35687,35687,35688,,,,35723,35690,35705,16,1:15,35706,35721,16,1:15,35707,35722,16,1:15,,,0,,,,0,,,,0,,,,0,,1,2,15,17,1,,,,
multi_tile,3,345,3,bt,2,16,17472,16,35726,35726,35727,,,,35762,35729,35744,16,1:15,35745,35760,16,1:15,35746,35761,16,1:15,,,0,,,,0,,,,0,,,,0,,1,2,15,17,1,,,,
multi_tile,3,346,3,c,0,0,24000,2,36043,36043,,36052,36051,36055,36056,,,0,,,,0,,,,0,,36044,36048,2,4:1,36046,36050,2,4:1,36047,36051,2,4:1,36052,36053,2,1:1,,,,,,8,2,2,1
asymmetric,4,0,0,a,0,0,64,16,6,6,7,,,,42,9,24,16,1:15,25,40,16,1:15,26,41,16,1:15,,,0,,,,0,,,,0,,,,0,,1,2,15,17,1,,,,
asymmetric,4,1,0,a,0,16,192,16,45,45,46,,,,81,48,63,16,1:15,64,79,16,1:15,65,80,16,1:15,,,0,,,,0,,,,0,,,,0,,1,2,15,17,1,,,,
asymmetric,4,2,0,a,1,0,320,16,84,84,85,,,,120,87,102,16,1:15,103,118,16,1:15,104,119,16,1:15,,,0,,,,0,,,,0,,,,0,,1,2,15,17,1,,,,
asymmetric,4,3,0,a,1,16,448,16,123,123,124,,,,159,126,141,16,1:15,142,157,16,1:15,143,158,16,1:15,,,0,,,,0,,,,0,,,,0,,1,2,15,17,1,,,,
asymmetric,4,4,0,a,2,0,576,16,162,162,163,,,,198,165,180,16,1:15,181,196,16,1:15,182,197,16,1:15,,,0,,,,0,,,,0,,,,0,,1,2,15,17,1,,,,
asymmetric,4,5,0,a,2,16,704,16,201,201,202,,,,237,204,219,16,1:15,220,235,16,1:15,221,236,16,1:15,,,0,,,,0,,,,0,,,,0,,1,2,15,17,1,,,,
asymmetric,4,6,0,a,3,0,832,16,240,240,241,,,,276,243,258,16,1:15,259,274,16,1:15,260,275,16,1:15,,,0,,,,0,,,,0,,,,0,,1,2,15,17,1,,,,
asymmetric,4,7,0,a,3,16,960,16,279,279,280,,,,315,282,297,16,1:15,298,313,16,1:15,299,314,16,1:15,,,0,,,,0,,,,0,,,,0,,1,2,15,17,1,,,,
asymmetric,4,8,0,a,4,0,1088,16,318,318,319,,,,354,321,336,16,1:15,337,352,16,1:15,338,353,16,1:15,,,0,,,,0,,,,0,,,,0,,1,2,15,17,1,,,,
asymmetric,4,9,0,a,4,16,1216,16,357,357,358,,,,393,360,375,16,1:15,376,391,16,1:15,377,392,16,1:15,,,0,,,,0,,,,0,,,,0,,1,2,15,17,1,,,,
asymmetric,4,10,0,a,5,0,1344,16,396,396,397,,,,432,399,414,16,1:15,415,430,16,1:15,416,431,16,1:15,,,0,,,,0,,,,0,,,,0,,1,2,15,17,1,,,,
asymmetric,4,11,0,a,5,16,1472,16,435,435,436,,,,471,438,453,16,1:15,454,469,16,1:15,455,470,16,1:15,,,0,,,,0,,,,0,,,,0,,1,2,15,17,1,,,,
asymmetric,4,12,0,a,6,0,1600,16,474,474,475,,,,510,477,492,16,1:15,493,508,16,1:15,494,509,16,1:15,,,0,,,,0,,,,0,,,,0,,1,2,15,17,1,,,,
asymmetric,4,13,0,a,6,16,1728,16,513,513,514,,,,549,516,531,16,1:15,532,547,16,1:15,533,548,16,1:15,,,0,,,,0,,,,0,,,,0,,1,2,15,17,1,,,,
asymmetric,4,14,0,a,7,0,1856,16,552,552,553,,,,588,555,570,16,1:15,571,586,16,1:15,572,587,16,1:15,,,0,,,,0,,,,0,,,,0,,1,2,15,17,1,,,,
asymmetric,4,15,0,a,7,16,1984,16,591,591,592,,,,627,594,609,16,1:15,610,625,16,1:15,611,626,16,1:15,,,0,,,,0,,,,0,,,,0,,1,2,15,17,1,,,,
asymmetric,4,16,0,a,8,0,2112,16,630,630,631,,,,666,633,648,16,1:15,649,664,16,1:15,650,665,16,1:15,,,0,,,,0,,,,0,,,,0,,1,2,15,17,1,,,,
asymmetric,4,17,0,a,8,16,2240,16,669,669,670,,,,705,672,687,16,1:15,688,703,16,1:15,689,704,16,1:15,,,0,,,,0,,,,0,,,,0,,1,2,15,17,1,,,,
asymmetric,4,18,0,a,9,0,2368,16,708,708,709,,,,744,711,726,16,1:15,727,742,16,1:15,728,743,16,1:15,,,0,,,,0,,,,0,,,,0,,1,2,15,17,1,,,,
asymmetric,4,19,0,a,9,16,2496,16,747,747,748,,,,783,750,765,16,1:15,766,781,16,1:15,767,782,16,1:15,,,0,,,,0,,,,0,,,,0,,1,2,15,17,1,,,,
asymmetric,4,20,0,a,10,0,2624,16,786,786,787,,,,822,789,804,16,1:15,805,820,16,1:15,806,821,16,1:15,,,0,,,,0,,,,0,,,,0,,1,2,15,17,1,,,,
asymmetric,4,21,0,a,10,16,2752,16,825,825,826,,,,861,828,843,16,1:15,844,859,16,1:15,845,860,16,1:15,,,0,,,,0,,,,0,,,,0,,1,2,15,17,1,,,,
asymmetric,4,22,0,a,11,0,2880,16,864,864,865,,,,900,867,882,16,1:15,883,898,16,1:15,884,899,16,1:15,,,0,,,,0,,,,0,,,,0,,1,2,15,17,1,,,,
asymmetric,4,23,0,a,11,16,3008,16,903,903,904,,,,939,906,921,16,1:15,922,937,16,1:15,923,938,16,1:15,,,0,,,,0,,,,0,,,,0,,1,2,15,17,1,,,,
asymmetric,4,24,0,a,12,0,3136,16,942,942,943,,,,978,945,960,16,1:15,961,976,16,1:15,962,977,16,1:15,,,0,,,,0,,,,0,,,,0,,1,2,15,17,1,,,,
asymmetric,4,25,0,a,12,16,3264,16,981,981,982,,,,1017,984,999,16,1:15,1000,1015,16,1:15,1001,1016,16,1:15,,,0,,,,0,,,,0,,,,0,,1,2,15,17,1,,,,
asymmetric,4,26,0,a,13,0,3392,16,1020,1020,1021,,,,1056,1023,1038,16,1:15,1039,1054,16,1:15,1040,1055,16,1:15,,,0,,,,0,,,,0,,,,0,,1,2,15,17,1,,,,
asymmetric,4,27,0,a,13,16,3520,16,1059,1059,1060,,,,1095,1062,1077,16,1:15,1078,1093,16,1:15,1079,1094,16,1:15,,,0,,,,0,,,,0,,,,0,,1,2,15,17,1,,,,
asymmetric,4,28,0,a,14,0,3648,16,1098,1098,1099,,,,1134,1101,1116,16,1:15,1117,1132,16,1:15,1118,1133,16,1:15,,,0,,,,0,,,,0,,,,0,,1,2,15,17,1,,,,
asymmetric,4,29,0,a,14,16,3776,16,1137,1137,1138,,,,1173,1140,1155,16,1:15,1156,1171,16,1:15,1157,1172,16,1:15,,,0,,,,0,,,,0,,,,0,,1,2,15,17,1,,,,
asymmetric,4,30,0,a,15,0,3904,16,1176,1176,1177,,,,1212,1179,1194,16,1:15,1195,1210,16,1:15,1196,1211,16,1:15,,,0,,,,0,,,,0,,,,0,,1,2,15,17,1,,,,
asymmetric,4,31,0,a,15,16,4032,8,1215,1215,1216,,,,1235,1218,1225,8,1:7,1226,1233,8,1:7,1227,1234,8,1:7,,,0,,,,0,,,,0,,,,0,,1,2,7,9,1,,,,
asymmetric,4,32,0,a,15,24,4096,8,1238,1238,1239,,,,1258,1241,1248,8,1:7,1249,1256,8,1:7,1250,1257,8,1:7,,,0,,,,0,,,,0,,,,0,,1,2,7,9,1,,,,
asymmetric,4,33,0,a,16,0,4160,16,1261,1261,1262,,,,1297,1264,1279,16,1:15,1280,1295,16,1:15,1281,1296,16,1:15,,,0,,,,0,,,,0,,,,0,,1,2,15,17,1,,,,
asymmetric,4,34,0,a,16,16,4288,16,1300,1300,1301,,,,1336,1303,1318,16,1:15,1319,1334,16,1:15,1320,1335,16,1:15,,,0,,,,0,,,,0,,,,0,,1,2,15,17,1,,,,
asymmetric,4,35,0,a,17,0,4416,16,1339,1339,1340,,,,1375,1342,1357,16,1:15,1358,1373,16,1:15,1359,1374,16,1:15,,,0,,,,0,,,,0,,,,0,,1,2,15,17,1,,,,
asymmetric,4,36,0,a,17,16,4544,16,1378,1378,1379,,,,1414,1381,1396,16,1:15,1397,1412,16,1:15,1398,1413,16,1:15,,,0,,,,0,,,,0,,,,0,,1,2,15,17,1,,,,
asymmetric,4,37,0,a,18,0,4672,16,1417,1417,1418,,,,1453,1420,1435,16,1:15,1436,1451,16,1:15,1437,1452,16,1:15,,,0,,,,0,,,,0,,,,0,,1,2,15,17,1,,,,
asymmetric,4,38,0,a,18,16,4800,16,1456,1456,1457,,,,1492,1459,1474,16,1:15,1475,1490,16,1:15,1476,1491,16,1:15,,,0,,,,0,,,,0,,,,0,,1,2,15,17,1,,,,
asymmetric,4,39,0,a,19,0,4928,16,1495,1495,1496,,,,1531,1498,1513,16,1:15,1514,1529,16,1:15,1515,1530,16,1:15,,,0,,,,0,,,,0,,,,0,,1,2,15,17,1,,,,
asymmetric,4,40,0,a,19,16,5056,16,1534,1534,1535,,,,1570,1537,1552,16,1:15,1553,1568,16,1:15,1554,1569,16,1:15,,,0,,,,0,,,,0,,,,0,,1,2,15,17,1,,,,
asymmetric,4,41,0,a,20,0,5184,16,1573,1573,1574,,,,1609,1576,1591,16,1:15,1592,1607,16,1:15,1593,1608,16,1:15,,,0,,,,0,,,,0,,,,0,,1,2,15,17,1,,,,
asymmetric,4,42,0,a,20,16,5312,16,1612,1612,1613,,,,1648,1615,1630,16,1:15,1631,1646,16,1:15,1632,1647,16,1:15,,,0,,,,0,,,,0,,,,0,,1,2,15,17,1,,,,
asymmetric,4,43,0,a,21,0,5440,16,1651,1651,1652,,,,1687,1654,1669,16,1:15,1670,1685,16,1:15,1671,1686,16,1:15,,,0,,,,0,,,,0,,,,0,,1,2,15,17,1,,,,
asymmetric,4,44,0,a,21,16,5568,16,1690,1690,1691,,,,1726,1693,1708,16,1:15,1709,1724,16,1:15,1710,1725,16,1:15,,,0,,,,0,,,,0,,,,0,,1,2,15,17,1,,,,
asymmetric,4,45,0,a,22,0,5696,16,1729,1729,1730,,,,1765,1732,1747,16,1:15,1748,1763,16,1:15,1749,1764,16,1:15,,,0,,,,0,,,,0,,,,0,,1,2,15,17,1,,,,
asymmetric,4,46,0,a,22,16,5824,16,1768,1768,1769,,,,1804,1771,1786,16,1:15,1787,1802,16,1:15,1788,1803,16,1:15,,,0,,,,0,,,,0,,,,0,,1,2,15,17,1,,,,
asymmetric,4,47,0,a,23,0,5952,16,1807,1807,1808,,,,1843,1810,1825,16,1:15,1826,1841,16,1:15,1827,1842,16,1:15,,,0,,,,0,,,,0,,,,0,,1,2,15,17,1,,,,
asymmetric,4,48,0,a,23,16,6080,16,1846,1846,1847,,,,1882,1849,1864,16,1:15,1865,1880,16,1:15,1866,1881,16,1:15,,,0,,,,0,,,,0,,,,0,,1,2,15,17,1,,,,
asymmetric,4,49,0,a,24,0,6208,16,1885,1885,1886,,,,1921,1888,1903,16,1:15,1904,1919,16,1:15,1905,1920,16,1:15,,,0,,,,0,,,,0,,,,0,,1,2,15,17,1,,,,
asymmetric,4,50,0,a,24,16,6336,16,1924,1924,1925,,,,1960,1927,1942,16,1:15,1943,1958,16,1:15,1944,1959,16,1:15,,,0,,,,0,,,,0,,,,0,,1,2,15,17,1,,,,
asymmetric,4,51,0,a,25,0,6464,16,1963,1963,1964,,,,1999,1966,1981,16,1:15,1982,1997,16,1:15,1983,1998,16,1:15,,,0,,,,0,,,,0,,,,0,,1,2,15,17,1,,,,
asymmetric,4,52,0,a,25,16,6592,16,2002,2002,2003,,,,2038,2005,2020,16,1:15,2021,2036,16,1:15,2022,2037,16,1:15,,,0,,,,0,,,,0,,,,0,,1,2,15,17,1,,,,
asymmetric,4,53,0,a,26,0,6720,16,2041,2041,2042,,,,2077,2044,2059,16,1:15,2060,2075,16,1:15,2061,2076,16,1:15,,,0,,,,0,,,,0,,,,0,,1,2,15,17,1,,,,
asymmetric,4,54,0,a,26,16,6848,16,2080,2080,2081,,,,2116,2083,2098,16,1:15,2099,2114,16,1:15,2100,2115,16,1:15,,,0,,,,0,,,,0,,,,0,,1,2,15,17,1,,,,
asymmetric,4,55,0,a,27,0,6976,16,2119,2119,2120,,,,2155,2122,2137,16,1:15,2138,2153,16,1:15,2139,2154,16,1:15,,,0,,,,0,,,,0,,,,0,,1,2,15,17,1,,,,
asymmetric,4,56,0,a,27,16,7104,16,2158,2158,2159,,,,2194,2161,2176,16,1:15,2177,2192,16,1:15,2178,2193,16,1:15,,,0,,,,0,,,,0,,,,0,,1,2,15,17,1,,,,
asymmetric,4,57,0,a,28,0,7232,16,2197,2197,2198,,,,2233,2200,2215,16,1:15,2216,2231,16,1:15,2217,2232,16,1:15,,,0,,,,0,,,,0,,,,0,,1,2,15,17,1,,,,
asymmetric,4,58,0,a,28,16,7360,16,2236,2236,2237,,,,2272,2239,2254,16,1:15,2255,2270,16,1:15,2256,2271,16,1:15,,,0,,,,0,,,,0,,,,0,,1,2,15,17,1,,,,
asymmetric,4,59,0,a,29,0,7488,16,2275,2275,2276,,,,2311,2278,2293,16,1:15,2294,2309,16,1:15,2295,2310,16,1:15,,,0,,,,0,,,,0,,,,0,,1,2,15,17,1,,,,
asymmetric,4,60,0,a,29,16,7616,16,2314,2314,2315,,,,2350,2317,2332,16,1:15,2333,2348,16,1:15,2334,2349,16,1:15,,,0,,,,0,,,,0,,,,0,,1,2,15,17,1,,,,
asymmetric,4,61,0,a,30,0,7744,16,2353,2353,2354,,,,2389,2356,2371,16,1:15,2372,2387,16,1:15,2373,2388,16,1:15,,,0,,,,0,,,,0,,,,0,,1,2,15,17,1,,,,
asymmetric,4,62,0,a,30,16,7872,16,2392,2392,2393,,,,2428,2395,2410,16,1:15,2411,2426,16,1:15,2412,2427,16,1:15,,,0,,,,0,,,,0,,,,0,,1,2,15,17,1,,,,
asymmetric,4,63,0,a,31,0,8000,16,2431,2431,2432,,,,2467,2434,2449,16,1:15,2450,2465,16,1:15,2451,2466,16,1:15,,,0,,,,0,,,,0,,,,0,,1,2,15,17,1,,,,
asymmetric,4,64,0,a,31,16,8128,8,2470,2470,2471,,,,2490,2473,2480,8,1:7,2481,2488,8,1:7,2482,2489,8,1:7,,,0,,,,0,,,,0,,,,0,,1,2,7,9,1,,,,
asymmetric,4,65,0,a,31,24,8192,8,2493,2493,2494,,,,2513,2496,2503,8,1:7,2504,2511,8,1:7,2505,2512,8,1:7,,,0,,,,0,,,,0,,,,0,,1,2,7,9,1,,,,
asymmetric,4,66,0,bt,0,0,16832,16,2521,2521,2522,,,,2557,2524,2539,16,1:15,2540,2555,16,1:15,2541,2556,16,1:15,,,0,,,,0,,,,0,,,,0,,1,2,15,17,1,,,,
asymmetric,4,67,0,bt,0,16,16960,16,2560,2560,2561,,,,2596,2563,2578,16,1:15,2579,2594,16,1:15,2580,2595,16,1:15,,,0,,,,0,,,,0,,,,0,,1,2,15,17,1,,,,
asymmetric,4,68,0,bt,1,0,17088,16,2599,2599,2600,,,,2635,2602,2617,16,1:15,2618,2633,16,1:15,2619,2634,16,1:15,,,0,,,,0,,,,0,,,,0,,1,2,15,17,1,,,,
asymmetric,4,69,0,bt,1,16,17216,16,2638,2638,2639,,,,2674,2641,2656,16,1:15,2657,2672,16,1:15,2658,2673,16,1:15,,,0,,,,0,,,,0,,,,0,,1,2,15,17,1,,,,
asymmetric,4,70,0,bt,2,0,17344,16,2677,2677,2678,,,,2713,2680,2695,16,1:15,2696,2711,16,1:15,2697,2712,16,1:15,,,0,,,,0,,,,0,,,,0,,1,2,15,17,1,,,,
asymmetric,4,71,0,bt,2,16,17472,16,2716,2716,2717,,,,2752,2719,2734,16,1:15,2735,2750,16,1:15,2736,2751,16,1:15,,,0,,,,0,,,,0,,,,0,,1,2,15,17,1,,,,
asymmetric,4,72,0,bt,3,0,17600,16,2755,2755,2756,,,,2791,2758,2773,16,1:15,2774,2789,16,1:15,2775,2790,16,1:15,,,0,,,,0,,,,0,,,,0,,1,2,15,17,1,,,,
asymmetric,4,73,0,bt,3,16,17728,16,2794,2794,2795,,,,2830,2797,2812,16,1:15,2813,2828,16,1:15,2814,2829,16,1:15,,,0,,,,0,,,,0,,,,0,,1,2,15,17,1,,,,
asymmetric,4,74,0,bt,4,0,17856,16,2833,2833,2834,,,,2869,2836,2851,16,1:15,2852,2867,16,1:15,2853,2868,16,1:15,,,0,,,,0,,,,0,,,,0,,1,2,15,17,1,,,,
asymmetric,4,75,0,bt,4,16,17984,16,2872,2872,2873,,,,2908,2875,2890,16,1:15,2891,2906,16,1:15,2892,2907,16,1:15,,,0,,,,0,,,,0,,,,0,,1,2,15,17,1,,,,
asymmetric,4,76,0,bt,5,0,18112,16,2911,2911,2912,,,,2947,2914,2929,16,1:15,2930,2945,16,1:15,2931,2946,16,1:15,,,0,,,,0,,,,0,,,,0,,1,2,15,17,1,,,,
asymmetric,4,77,0,bt,5,16,18240,16,2950,2950,2951,,,,2986,2953,2968,16,1:15,2969,2984,16,1:15,2970,2985,16,1:15,,,0,,,,0,,,,0,,,,0,,1,2,15,17,1,,,,
asymmetric,4,78,0,bt,6,0,18368,16,2989,2989,2990,,,,3025,2992,3007,16,1:15,3008,3023,16,1:15,3009,3024,16,1:15,,,0,,,,0,,,,0,,,,0,,1,2,15,17,1,,,,
asymmetric,4,79,0,bt,6,16,18496,16,3028,3028,3029,,,,3064,3031,3046,16,1:15,3047,3062,16,1:15,3048,3063,16,1:15,,,0,,,,0,,,,0,,,,0,,1,2,15,17,1,,,,
asymmetric,4,80,0,bt,7,0,18624,16,3067,3067,3068,,,,3103,3070,3085,16,1:15,3086,3101,16,1:15,3087,3102,16,1:15,,,0,,,,0,,,,0,,,,0,,1,2,15,17,1,,,,
asymmetric,4,81,0,bt,7,16,18752,16,3106,3106,3107,,,,3142,3109,3124,16,1:15,3125,3140,16,1:15,3126,3141,16,1:15,,,0,,,,0,,,,0,,,,0,,1,2,15,17,1,,,,
asymmetric,4,82,0,bt,8,0,18880,16,3145,3145,3146,,,,3181,3148,3163,16,1:15,3164,3179,16,1:15,3165,3180,16,1:15,,,0,,,,0,,,,0,,,,0,,1,2,15,17,1,,,,
asymmetric,4,83,0,bt,8,16,19008,16,3184,3184,3185,,,,3220,3187,3202,16,1:15,3203,3218,16,1:15,3204,3219,16,1:15,,,0,,,,0,,,,0,,,,0,,1,2,15,17,1,,,,
asymmetric,4,84,0,bt,9,0,19136,16,3223,3223,3224,,,,3259,3226,3241,16,1:15,3242,3257,16,1:15,3243,3258,16,1:15,,,0,,,,0,,,,0,,,,0,,1,2,15,17,1,,,,
asymmetric,4,85,0,bt,9,16,19264,16,3262,3262,3263,,,,3298,3265,3280,16,1:15,3281,3296,16,1:15,3282,3297,16,1:15,,,0,,,,0,,,,0,,,,0,,1,2,15,17,1,,,,
asymmetric,4,86,0,bt,10,0,19392,16,3301,3301,3302,,,,3337,3304,3319,16,1:15,3320,3335,16,1:15,3321,3336,16,1:15,,,0,,,,0,,,,0,,,,0,,1,2,15,17,1,,,,
asymmetric,4,87,0,bt,10,16,19520,16,3340,3340,3341,,,,3376,3343,3358,16,1:15,3359,3374,16,1:15,3360,3375,16,1:15,,,0,,,,0,,,,0,,,,0,,1,2,15,17,1,,,,
asymmetric,4,88,0,bt,11,0,19648,16,3379,3379,3380,,,,3415,3382,3397,16,1:15,3398,3413,16,1:15,3399,3414,16,1:15,,,0,,,,0,,,,0,,,,0,,1,2,15,17,1,,,,
asymmetric,4,89,0,bt,11,16,19776,16,3418,3418,3419,,,,3454,3421,3436,16,1:15,3437,3452,16,1:15,3438,3453,16,1:15,,,0,,,,0,,,,0,,,,0,,1,2,15,17,1,,,,
asymmetric,4,90,0,bt,12,0,19904,16,3457,3457,3458,,,,3493,3460,3475,16,1:15,3476,3491,16,1:15,3477,3492,16,1:15,,,0,,,,0,,,,0,,,,0,,1,2,15,17,1,,,,
asymmetric,4,91,0,bt,12,16,20032,16,3496,3496,3497,,,,3532,3499,3514,16,1:15,3515,3530,16,1:15,3516,3531,16,1:15,,,0,,,,0,,,,0,,,,0,,1,2,15,17,1,,,,
asymmetric,4,92,0,bt,13,0,20160,16,3535,3535,3536,,,,3571,3538,3553,16,1:15,3554,3569,16,1:15,3555,3570,16,1:15,,,0,,,,0,,,,0,,,,0,,1,2,15,17,1,,,,
asymmetric,4,93,0,bt,13,16,20288,16,3574,3574,3575,,,,3610,3577,3592,16,1:15,3593,3608,16,1:15,3594,3609,16,1:15,,,0,,,,0,,,,0,,,,0,,1,2,15,17,1,,,,
asymmetric,4,94,0,bt,14,0,20416,8,3613,3613,3614,,,,3633,3616,3623,8,1:7,3624,3631,8,1:7,3625,3632,8,1:7,,,0,,,,0,,,,0,,,,0,,1,2,7,9,1,,,,
asymmetric,4,95,0,bt,14,8,20480,16,3636,3636,3637,,,,3672,3639,3654,16,1:15,3655,3670,16,1:15,3656,3671,16,1:15,,,0,,,,0,,,,0,,,,0,,1,2,15,17,1,,,,
asymmetric,4,96,0,bt,14,24,20608,8,3675,3675,3676,,,,3695,3678,3685,8,1:7,3686,3693,8,1:7,3687,3694,8,1:7,,,0,,,,0,,,,0,,,,0,,1,2,7,9,1,,,,
asymmetric,4,97,0,bt,15,0,20672,16,3698,3698,3699,,,,3734,3701,3716,16,1:15,3717,3732,16,1:15,3718,3733,16,1:15,,,0,,,,0,,,,0,,,,0,,1,2,15,17,1,,,,
asymmetric,4,98,0,bt,15,16,20800,16,3737,3737,3738,,,,3773,3740,3755,16,1:15,3756,3771,16,1:15,3757,3772,16,1:15,,,0,,,,0,,,,0,,,,0,,1,2,15,17,1,,,,
asymmetric,4,99,0,bt,16,0,20928,16,3776,3776,3777,,,,3812,3779,3794,16,1:15,3795,3810,16,1:15,3796,3811,16,1:15,,,0,,,,0,,,,0,,,,0,,1,2,15,17,1,,,,
asymmetric,4,100,0,bt,16,16,21056,16,3815,3815,3816,,,,3851,3818,3833,16,1:15,3834,3849,16,1:15,3835,3850,16,1:15,,,0,,,,0,,,,0,,,,0,,1,2,15,17,1,,,,
asymmetric,4,101,0,bt,17,0,21184,16,3854,3854,3855,,,,3890,3857,3872,16,1:15,3873,3888,16,1:15,3874,3889,16,1:15,,,0,,,,0,,,,0,,,,0,,1,2,15,17,1,,,,
asymmetric,4,102,0,bt,17,16,21312,16,3893,3893,3894,,,,3929,3896,3911,16,1:15,3912,3927,16,1:15,3913,3928,16,1:15,,,0,,,,0,,,,0,,,,0,,1,2,15,17,1,,,,
asymmetric,4,103,0,bt,18,0,21440,16,3932,3932,3933,,,,3968,3935,3950,16,1:15,3951,3966,16,1:15,3952,3967,16,1:15,,,0,,,,0,,,,0,,,,0,,1,2,15,17,1,,,,
asymmetric,4,104,0,bt,18,16,21568,16,3971,3971,3972,,,,4007,3974,3989,16,1:15,3990,4005,16,1:15,3991,4006,16,1:15,,,0,,,,0,,,,0,,,,0,,1,2,15,17,1,,,,
asymmetric,4,105,0,bt,19,0,21696,16,4010,4010,4011,,,,4046,4013,4028,16,1:15,4029,4044,16,1:15,4030,4045,16,1:15,,,0,,,,0,,,,0,,,,0,,1,2,15,17,1,,,,
asymmetric,4,106,0,bt,19,16,21824,16,4049,4049,4050,,,,4085,4052,4067,16,1:15,4068,4083,16,1:15,4069,4084,16,1:15,,,0,,,,0,,,,0,,,,0,,1,2,15,17,1,,,,
asymmetric,4,107,0,bt,20,0,21952,16,4088,4088,4089,,,,4124,4091,4106,16,1:15,4107,4122,16,1:15,4108,4123,16,1:15,,,0,,,,0,,,,0,,,,0,,1,2,15,17,1,,,,
asymmetric,4,108,0,bt,20,16,22080,16,4127,4127,4128,,,,4163,4130,4145,16,1:15,4146,4161,16,1:15,4147,4162,16,1:15,,,0,,,,0,,,,0,,,,0,,1,2,15,17,1,,,,
asymmetric,4,109,0,bt,21,0,22208,16,4166,4166,4167,,,,4202,4169,4184,16,1:15,4185,4200,16,1:15,4186,4201,16,1:15,,,0,,,,0,,,,0,,,,0,,1,2,15,17,1,,,,
asymmetric,4,110,0,bt,21,16,22336,16,4205,4205,4206,,,,4241,4208,4223,16,1:15,4224,4239,16,1:15,4225,4240,16,1:15,,,0,,,,0,,,,0,,,,0,,1,2,15,17,1,,,,
asymmetric,4,111,0,bt,22,0,22464,16,4244,4244,4245,,,,4280,4247,4262,16,1:15,4263,4278,16,1:15,4264,4279,16,1:15,,,0,,,,0,,,,0,,,,0,,1,2,15,17,1,,,,
asymmetric,4,112,0,bt,22,16,22592,16,4283,4283,4284,,,,4319,4286,4301,16,1:15,4302,4317,16,1:15,4303,4318,16,1:15,,,0,,,,0,,,,0,,,,0,,1,2,15,17,1,,,,
asymmetric,4,113,0,bt,23,0,22720,16,4322,4322,4323,,,,4358,4325,4340,16,1:15,4341,4356,16,1:15,4342,4357,16,1:15,,,0,,,,0,,,,0,,,,0,,1,2,15,17,1,,,,
asymmetric,4,114,0,bt,23,16,22848,16,4361,4361,4362,,,,4397,4364,4379,16,1:15,4380,4395,16,1:15,4381,4396,16,1:15,,,0,,,,0,,,,0,,,,0,,1,2,15,17,1,,,,
asymmetric,4,115,0,bt,24,0,22976,16,4400,4400,4401,,,,4436,4403,4418,16,1:15,4419,4434,16,1:15,4420,4435,16,1:15,,,0,,,,0,,,,0,,,,0,,1,2,15,17,1,,,,
asymmetric,4,116,0,bt,24,16,23104,16,4439,4439,4440,,,,4475,4442,4457,16,1:15,4458,4473,16,1:15,4459,4474,16,1:15,,,0,,,,0,,,,0,,,,0,,1,2,15,17,1,,,,
asymmetric,4,117,0,bt,25,0,23232,16,4478,4478,4479,,,,4514,4481,4496,16,1:15,4497,4512,16,1:15,4498,4513,16,1:15,,,0,,,,0,,,,0,,,,0,,1,2,15,17,1,,,,
asymmetric,4,118,0,bt,25,16,23360,16,4517,4517,4518,,,,4553,4520,4535,16,1:15,4536,4551,16,1:15,4537,4552,16,1:15,,,0,,,,0,,,,0,,,,0,,1,2,15,17,1,,,,
asymmetric,4,119,0,bt,26,0,23488,16,4556,4556,4557,,,,4592,4559,4574,16,1:15,4575,4590,16,1:15,4576,4591,16,1:15,,,0,,,,0,,,,0,,,,0,,1,2,15,17,1,,,,
asymmetric,4,120,0,bt,26,16,23616,16,4595,4595,4596,,,,4631,4598,4613,16,1:15,4614,4629,16,1:15,4615,4630,16,1:15,,,0,,,,0,,,,0,,,,0,,1,2,15,17,1,,,,
asymmetric,4,121,0,bt,27,0,23744,16,4634,4634,4635,,,,4670,4637,4652,16,1:15,4653,4668,16,1:15,4654,4669,16,1:15,,,0,,,,0,,,,0,,,,0,,1,2,15,17,1,,,,
asymmetric,4,122,0,bt,27,16,23872,16,4673,4673,4674,,,,4709,4676,4691,16,1:15,4692,4707,16,1:15,4693,4708,16,1:15,,,0,,,,0,,,,0,,,,0,,1,2,15,17,1,,,,
asymmetric,4,123,0,bt,28,0,24000,16,4712,4712,4713,,,,4748,4715,4730,16,1:15,4731,4746,16,1:15,4732,4747,16,1:15,,,0,,,,0,,,,0,,,,0,,1,2,15,17,1,,,,
asymmetric,4,124,0,bt,28,16,24128,16,4751,4751,4752,,,,4787,4754,4769,16,1:15,4770,4785,16,1:15,4771,4786,16,1:15,,,0,,,,0,,,,0,,,,0,,1,2,15,17,1,,,,
asymmetric,4,125,0,bt,29,0,24256,16,4790,4790,4791,,,,4826,4793,4808,16,1:15,4809,4824,16,1:15,4810,4825,16,1:15,,,0,,,,0,,,,0,,,,0,,1,2,15,17,1,,,,
asymmetric,4,126,0,bt,29,16,24384,16,4829,4829,4830,,,,4865,4832,4847,16,1:15,4848,4863,16,1:15,4849,4864,16,1:15,,,0,,,,0,,,,0,,,,0,,1,2,15,17,1,,,,
asymmetric,4,127,0,bt,30,0,24512,8,4868,4868,4869,,,,4888,4871,4878,8,1:7,4879,4886,8,1:7,4880,4887,8,1:7,,,0,,,,0,,,,0,,,,0,,1,2,7,9,1,,,,
asymmetric,4,128,0,bt,30,8,24576,16,4891,4891,4892,,,,4927,4894,4909,16,1:15,4910,4925,16,1:15,4911,4926,16,1:15,,,0,,,,0,,,,0,,,,0,,1,2,15,17,1,,,,
asymmetric,4,129,0,bt,30,24,24704,8,4930,4930,4931,,,,4950,4933,4940,8,1:7,4941,4948,8,1:7,4942,4949,8,1:7,,,0,,,,0,,,,0,,,,0,,1,2,7,9,1,,,,
asymmetric,4,130,0,bt,31,0,24768,16,4953,4953,4954,,,,4989,4956,4971,16,1:15,4972,4987,16,1:15,4973,4988,16,1:15,,,0,,,,0,,,,0,,,,0,,1,2,15,17,1,,,,
asymmetric,4,131,0,bt,31,16,24896,16,4992,4992,4993,,,,5028,4995,5010,16,1:15,5011,5026,16,1:15,5012,5027,16,1:15,,,0,,,,0,,,,0,,,,0,,1,2,15,17,1,,,,
asymmetric,4,132,0,c,0,0,33088,16,22318,22318,,22383,22382,22400,22401,,,0,,,,0,,,,0,,22319,22379,16,4:15,22321,22381,16,4:15,22322,22382,16,4:15,22383,22398,16,1:15,,,,,,64,16,2,1
asymmetric,4,133,0,c,1,0,33344,16,22404,22404,,22469,22468,22486,22487,,,0,,,,0,,,,0,,22405,22465,16,4:15,22407,22467,16,4:15,22408,22468,16,4:15,22469,22484,16,1:15,,,,,,64,16,2,1
asymmetric,4,134,0,c,2,0,33600,16,22490,22490,,22555,22554,22572,22573,,,0,,,,0,,,,0,,22491,22551,16,4:15,22493,22553,16,4:15,22494,22554,16,4:15,22555,22570,16,1:15,,,,,,64,16,2,1
asymmetric,4,135,0,c,3,0,33856,16,22576,22576,,22641,22640,22658,22659,,,0,,,,0,,,,0,,22577,22637,16,4:15,22579,22639,16,4:15,22580,22640,16,4:15,22641,22656,16,1:15,,,,,,64,16,2,1
asymmetric,4,136,0,c,4,0,34112,16,22662,22662,,22727,22726,22744,22745,,,0,,,,0,,,,0,,22663,22723,16,4:15,22665,22725,16,4:15,22666,22726,16,4:15,22727,22742,16,1:15,,,,,,64,16,2,1
asymmetric,4,137,0,c,5,0,34368,16,22748,22748,,22813,22812,22830,22831,,,0,,,,0,,,,0,,22749,22809,16,4:15,22751,22811,16,4:15,22752,22812,16,4:15,22813,22828,16,1:15,,,,,,64,16,2,1
asymmetric,4,138,0,c,6,0,34624,16,22834,22834,,22899,22898,22916,22917,,,0,,,,0,,,,0,,22835,22895,16,4:15,22837,22897,16,4:15,22838,22898,16,4:15,22899,22914,16,1:15,,,,,,64,16,2,1
asymmetric,4,139,0,c,7,0,34880,16,22920,22920,,22985,22984,23002,23003,,,0,,,,0,,,,0,,22921,22981,16,4:15,22923,22983,16,4:15,22924,22984,16,4:15,22985,23000,16,1:15,,,,,,64,16,2,1
asymmetric,4,140,0,c,8,0,35136,16,23006,23006,,23071,23070,23088,23089,,,0,,,,0,,,,0,,23007,23067,16,4:15,23009,23069,16,4:15,23010,23070,16,4:15,23071,23086,16,1:15,,,,,,64,16,2,1
asymmetric,4,141,0,c,9,0,35392,16,23092,23092,,23157,23156,23174,23175,,,0,,,,0,,,,0,,23093,23153,16,4:15,23095,23155,16,4:15,23096,23156,16,4:15,23157,23172,16,1:15,,,,,,64,16,2,1
asymmetric,4,142,0,c,10,0,35648,16,23178,23178,,23243,23242,23260,23261,,,0,,,,0,,,,0,,23179,23239,16,4:15,23181,23241,16,4:15,23182,23242,16,4:15,23243,23258,16,1:15,,,,,,64,16,2,1
asymmetric,4,143,0,c,11,0,35904,16,23264,23264,,23329,23328,23346,23347,,,0,,,,0,,,,0,,23265,23325,16,4:15,23267,23327,16,4:15,23268,23328,16,4:15,23329,23344,16,1:15,,,,,,64,16,2,1
asymmetric,4,144,0,c,12,0,36160,16,23350,23350,,23415,23414,23432,23433,,,0,,,,0,,,,0,,23351,23411,16,4:15,23353,23413,16,4:15,23354,23414,16,4:15,23415,23430,16,1:15,,,,,,64,16,2,1
asymmetric,4,145,0,c,13,0,36416,16,23436,23436,,23501,23500,23518,23519,,,0,,,,0,,,,0,,23437,23497,16,4:15,23439,23499,16,4:15,23440,23500,16,4:15,23501,23516,16,1:15,,,,,,64,16,2,1
asymmetric,4,146,0,c,14,0,36672,16,23522,23522,,23587,23586,23604,23605,,,0,,,,0,,,,0,,23523,23583,16,4:15,23525,23585,16,4:15,23526,23586,16,4:15,23587,23602,16,1:15,,,,,,64,16,2,1
asymmetric,4,147,0,c,15,0,36928,16,23608,23608,,23673,23672,23690,23691,,,0,,,,0,,,,0,,23609,23669,16,4:15,23611,23671,16,4:15,23612,23672,16,4:15,23673,23688,16,1:15,,,,,,64,16,2,1
asymmetric,4,148,0,c,16,0,37184,16,23694,23694,,23759,23758,23776,23777,,,0,,,,0,,,,0,,23695,23755,16,4:15,23697,23757,16,4:15,23698,23758,16,4:15,23759,23774,16,1:15,,,,,,64,16,2,1
asymmetric,4,149,0,c,17,0,37440,16,23780,23780,,23845,23844,23862,23863,,,0,,,,0,,,,0,,23781,23841,16,4:15,23783,23843,16,4:15,23784,23844,16,4:15,23845,23860,16,1:15,,,,,,64,16,2,1
asymmetric,4,150,0,c,18,0,37696,16,23866,23866,,23931,23930,23948,23949,,,0,,,,0,,,,0,,23867,23927,16,4:15,23869,23929,16,4:15,23870,23930,16,4:15,23931,23946,16,1:15,,,,,,64,16,2,1
asymmetric,4,151,0,c,19,0,37952,16,23952,23952,,24017,24016,24034,24035,,,0,,,,0,,,,0,,23953,24013,16,4:15,23955,24015,16,4:15,23956,24016,16,4:15,24017,24032,16,1:15,,,,,,64,16,2,1
asymmetric,4,152,0,c,20,0,38208,16,24038,24038,,24103,24102,24120,24121,,,0,,,,0,,,,0,,24039,24099,16,4:15,24041,24101,16,4:15,24042,24102,16,4:15,24103,24118,16,1:15,,,,,,64,16,2,1
asymmetric,4,153,0,c,21,0,38464,16,24124,24124,,24189,24188,24206,24207,,,0,,,,0,,,,0,,24125,24185,16,4:15,24127,24187,16,4:15,24128,24188,16,4:15,24189,24204,16,1:15,,,,,,64,16,2,1
asymmetric,4,154,0,c,22,0,38720,16,24210,24210,,24275,24274,24292,24293,,,0,,,,0,,,,0,,24211,24271,16,4:15,24213,24273,16,4:15,24214,24274,16,4:15,24275,24290,16,1:15,,,,,,64,16,2,1
asymmetric,4,155,0,c,23,0,38976,16,24296,24296,,24361,24360,24378,24379,,,0,,,,0,,,,0,,24297,24357,16,4:15,24299,24359,16,4:15,24300,24360,16,4:15,24361,24376,16,1:15,,,,,,64,16,2,1
asymmetric,4,156,0,c,24,0,39232,16,24382,24382,,24447,24446,24464,24465,,,0,,,,0,,,,0,,24383,24443,16,4:15,24385,24445,16,4:15,24386,24446,16,4:15,24447,24462,16,1:15,,,,,,64,16,2,1
asymmetric,4,157,0,c,25,0,39488,16,24468,24468,,24533,24532,24550,24551,,,0,,,,0,,,,0,,24469,24529,16,4:15,24471,24531,16,4:15,24472,24532,16,4:15,24533,24548,16,1:15,,,,,,64,16,2,1
asymmetric,4,158,0,c,26,0,39744,16,24554,24554,,24619,24618,24636,24637,,,0,,,,0,,,,0,,24555,24615,16,4:15,24557,24617,16,4:15,24558,24618,16,4:15,24619,24634,16,1:15,,,,,,64,16,2,1
asymmetric,4,159,0,c,27,0,40000,16,24640,24640,,24705,24704,24722,24723,,,0,,,,0,,,,0,,24641,24701,16,4:15,24643,24703,16,4:15,24644,24704,16,4:15,24705,24720,16,1:15,,,,,,64,16,2,1
asymmetric,4,160,0,c,28,0,40256,16,24726,24726,,24791,24790,24808,24809,,,0,,,,0,,,,0,,24727,24787,16,4:15,24729,24789,16,4:15,24730,24790,16,4:15,24791,24806,16,1:15,,,,,,64,16,2,1
asymmetric,4,161,0,c,29,0,40512,16,24812,24812,,24877,24876,24894,24895,,,0,,,,0,,,,0,,24813,24873,16,4:15,24815,24875,16,4:15,24816,24876,16,4:15,24877,24892,16,1:15,,,,,,64,16,2,1
asymmetric,4,162,0,c,30,0,40768,16,24898,24898,,24963,24962,24980,24981,,,0,,,,0,,,,0,,24899,24959,16,4:15,24901,24961,16,4:15,24902,24962,16,4:15,24963,24978,16,1:15,,,,,,64,16,2,1
asymmetric,4,163,0,c,31,0,41024,16,24984,24984,,25049,25048,25066,25067,,,0,,,,0,,,,0,,24985,25045,16,4:15,24987,25047,16,4:15,24988,25048,16,4:15,25049,25064,16,1:15,,,,,,64,16,2,1
asymmetric,4,164,1,a,0,0,64,16,25076,25076,25077,,,,25112,25079,25094,16,1:15,25095,25110,16,1:15,25096,25111,16,1:15,,,0,,,,0,,,,0,,,,0,,1,2,15,17,1,,,,
asymmetric,4,165,1,a,0,16,192,16,25115,25115,25116,,,,25151,25118,25133,16,1:15,25134,25149,16,1:15,25135,25150,16,1:15,,,0,,,,0,,,,0,,,,0,,1,2,15,17,1,,,,
asymmetric,4,166,1,a,1,0,320,16,25154,25154,25155,,,,25190,25157,25172,16,1:15,25173,25188,16,1:15,25174,25189,16,1:15,,,0,,,,0,,,,0,,,,0,,1,2,15,17,1,,,,
asymmetric,4,167,1,a,1,16,448,16,25193,25193,25194,,,,25229,25196,25211,16,1:15,25212,25227,16,1:15,25213,25228,16,1:15,,,0,,,,0,,,,0,,,,0,,1,2,15,17,1,,,,
asymmetric,4,168,1,a,2,0,576,16,25232,25232,25233,,,,25268,25235,25250,16,1:15,25251,25266,16,1:15,25252,25267,16,1:15,,,0,,,,0,,,,0,,,,0,,1,2,15,17,1,,,,
asymmetric,4,169,1,a,2,16,704,16,25271,25271,25272,,,,25307,25274,25289,16,1:15,25290,25305,16,1:15,25291,25306,16,1:15,,,0,,,,0,,,,0,,,,0,,1,2,15,17,1,,,,
asymmetric,4,170,1,a,3,0,832,16,25310,25310,25311,,,,25346,25313,25328,16,1:15,25329,25344,16,1:15,25330,25345,16,1:15,,,0,,,,0,,,,0,,,,0,,1,2,15,17,1,,,,
asymmetric,4,171,1,a,3,16,960,16,25349,25349,25350,,,,25385,25352,25367,16,1:15,25368,25383,16,1:15,25369,25384,16,1:15,,,0,,,,0,,,,0,,,,0,,1,2,15,17,1,,,,
asymmetric,4,172,1,a,4,0,1088,16,25388,25388,25389,,,,25424,25391,25406,16,1:15,25407,25422,16,1:15,25408,25423,16,1:15,,,0,,,,0,,,,0,,,,0,,1,2,15,17,1,,,,
asymmetric,4,173,1,a,4,16,1216,16,25427,25427,25428,,,,25463,25430,25445,16,1:15,25446,25461,16,1:15,25447,25462,16,1:15,,,0,,,,0,,,,0,,,,0,,1,2,15,17,1,,,,
asymmetric,4,174,1,a,5,0,1344,16,25466,25466,25467,,,,25502,25469,25484,16,1:15,25485,25500,16,1:15,25486,25501,16,1:15,,,0,,,,0,,,,0,,,,0,,1,2,15,17,1,,,,
asymmetric,4,175,1,a,5,16,1472,16,25505,25505,25506,,,,25541,25508,25523,16,1:15,25524,25539,16,1:15,25525,25540,16,1:15,,,0,,,,0,,,,0,,,,0,,1,2,15,17,1,,,,
asymmetric,4,176,1,a,6,0,1600,16,25544,25544,25545,,,,25580,25547,25562,16,1:15,25563,25578,16,1:15,25564,25579,16,1:15,,,0,,,,0,,,,0,,,,0,,1,2,15,17,1,,,,
asymmetric,4,177,1,a,6,16,1728,16,25583,25583,25584,,,,25619,25586,25601,16,1:15,25602,25617,16,1:15,25603,25618,16,1:15,,,0,,,,0,,,,0,,,,0,,1,2,15,17,1,,,,
asymmetric,4,178,1,a,7,0,1856,16,25622,25622,25623,,,,25658,25625,25640,16,1:15,25641,25656,16,1:15,25642,25657,16,1:15,,,0,,,,0,,,,0,,,,0,,1,2,15,17,1,,,,
asymmetric,4,179,1,a,7,16,1984,16,25661,25661,25662,,,,25697,25664,25679,16,1:15,25680,25695,16,1:15,25681,25696,16,1:15,,,0,,,,0,,,,0,,,,0,,1,2,15,17,1,,,,
asymmetric,4,180,1,a,8,0,2112,16,25700,25700,25701,,,,25736,25703,25718,16,1:15,25719,25734,16,1:15,25720,25735,16,1:15,,,0,,,,0,,,,0,,,,0,,1,2,15,17,1,,,,
asymmetric,4,181,1,a,8,16,2240,16,25739,25739,25740,,,,25775,25742,25757,16,1:15,25758,25773,16,1:15,25759,25774,16,1:15,,,0,,,,0,,,,0,,,,0,,1,2,15,17,1,,,,
asymmetric,4,182,1,a,9,0,2368,16,25778,25778,25779,,,,25814,25781,25796,16,1:15,25797,25812,16,1:15,25798,25813,16,1:15,,,0,,,,0,,,,0,,,,0,,1,2,15,17,1,,,,
asymmetric,4,183,1,a,9,16,2496,16,25817,25817,25818,,,,25853,25820,25835,16,1:15,25836,25851,16,1:15,25837,25852,16,1:15,,,0,,,,0,,,,0,,,,0,,1,2,15,17,1,,,,
asymmetric,4,184,1,a,10,0,2624,16,25856,25856,25857,,,,25892,25859,25874,16,1:15,25875,25890,16,1:15,25876,25891,16,1:15,,,0,,,,0,,,,0,,,,0,,1,2,15,17,1,,,,
asymmetric,4,185,1,a,10,16,2752,16,25895,25895,25896,,,,25931,25898,25913,16,1:15,25914,25929,16,1:15,25915,25930,16,1:15,,,0,,,,0,,,,0,,,,0,,1,2,15,17,1,,,,
asymmetric,4,186,1,a,11,0,2880,16,25934,25934,25935,,,,25970,25937,25952,16,1:15,25953,25968,16,1:15,25954,25969,16,1:15,,,0,,,,0,,,,0,,,,0,,1,2,15,17,1,,,,
asymmetric,4,187,1,a,11,16,3008,16,25973,25973,25974,,,,26009,25976,25991,16,1:15,25992,26007,16,1:15,25993,26008,16,1:15,,,0,,,,0,,,,0,,,,0,,1,2,15,17,1,,,,
asymmetric,4,188,1,a,12,0,3136,16,26012,26012,26013,,,,26048,26015,26030,16,1:15,26031,26046,16,1:15,26032,26047,16,1:15,,,0,,,,0,,,,0,,,,0,,1,2,15,17,1,,,,
asymmetric,4,189,1,a,12,16,3264,16,26051,26051,26052,,,,26087,26054,26069,16,1:15,26070,26085,16,1:15,26071,26086,16,1:15,,,0,,,,0,,,,0,,,,0,,1,2,15,17,1,,,,
asymmetric,4,190,1,a,13,0,3392,16,26090,26090,26091,,,,26126,26093,26108,16,1:15,26109,26124,16,1:15,26110,26125,16,1:15,,,0,,,,0,,,,0,,,,0,,1,2,15,17,1,,,,
asymmetric,4,191,1,a,13,16,3520,16,26129,26129,26130,,,,26165,26132,26147,16,1:15,26148,26163,16,1:15,26149,26164,16,1:15,,,0,,,,0,,,,0,,,,0,,1,2,15,17,1,,,,
asymmetric,4,192,1,a,14,0,3648,16,26168,26168,26169,,,,26204,26171,26186,16,1:15,26187,26202,16,1:15,26188,26203,16,1:15,,,0,,,,0,,,,0,,,,0,,1,2,15,17,1,,,,
asymmetric,4,193,1,a,14,16,3776,16,26207,26207,26208,,,,26243,26210,26225,16,1:15,26226,26241,16,1:15,26227,26242,16,1:15,,,0,,,,0,,,,0,,,,0,,1,2,15,17,1,,,,
asymmetric,4,194,1,a,15,0,3904,16,26246,26246,26247,,,,26282,26249,26264,16,1:15,26265,26280,16,1:15,26266,26281,16,1:15,,,0,,,,0,,,,0,,,,0,,1,2,15,17,1,,,,
asymmetric,4,195,1,a,15,16,4032,8,26285,26285,26286,,,,26305,26288,26295,8,1:7,26296,26303,8,1:7,26297,26304,8,1:7,,,0,,,,0,,,,0,,,,0,,1,2,7,9,1,,,,
asymmetric,4,196,1,a,15,24,4096,8,26308,26308,26309,,,,26328,26311,26318,8,1:7,26319,26326,8,1:7,26320,26327,8,1:7,,,0,,,,0,,,,0,,,,0,,1,2,7,9,1,,,,
asymmetric,4,197,1,a,16,0,4160,16,26331,26331,26332,,,,26367,26334,26349,16,1:15,26350,26365,16,1:15,26351,26366,16,1:15,,,0,,,,0,,,,0,,,,0,,1,2,15,17,1,,,,
asymmetric,4,198,1,a,16,16,4288,16,26370,26370,26371,,,,26406,26373,26388,16,1:15,26389,26404,16,1:15,26390,26405,16,1:15,,,0,,,,0,,,,0,,,,0,,1,2,15,17,1,,,,
asymmetric,4,199,1,a,17,0,4416,16,26409,26409,26410,,,,26445,26412,26427,16,1:15,26428,26443,16,1:15,26429,26444,16,1:15,,,0,,,,0,,,,0,,,,0,,1,2,15,17,1,,,,
asymmetric,4,200,1,a,17,16,4544,16,26448,26448,26449,,,,26484,26451,26466,16,1:15,26467,26482,16,1:15,26468,26483,16,1:15,,,0,,,,0,,,,0,,,,0,,1,2,15,17,1,,,,
asymmetric,4,201,1,a,18,0,4672,16,26487,26487,26488,,,,26523,26490,26505,16,1:15,26506,26521,16,1:15,26507,26522,16,1:15,,,0,,,,0,,,,0,,,,0,,1,2,15,17,1,,,,
asymmetric,4,202,1,a,18,16,4800,16,26526,26526,26527,,,,26562,26529,26544,16,1:15,26545,26560,16,1:15,26546,26561,16,1:15,,,0,,,,0,,,,0,,,,0,,1,2,15,17,1,,,,
asymmetric,4,203,1,a,19,0,4928,16,26565,26565,26566,,,,26601,26568,26583,16,1:15,26584,26599,16,1:15,26585,26600,16,1:15,,,0,,,,0,,,,0,,,,0,,1,2,15,17,1,,,,
asymmetric,4,204,1,a,19,16,5056,16,26604,26604,26605,,,,26640,26607,26622,16,1:15,26623,26638,16,1:15,26624,26639,16,1:15,,,0,,,,0,,,,0,,,,0,,1,2,15,17,1,,,,
asymmetric,4,205,1,a,20,0,5184,16,26643,26643,26644,,,,26679,26646,26661,16,1:15,26662,26677,16,1:15,26663,26678,16,1:15,,,0,,,,0,,,,0,,,,0,,1,2,15,17,1,,,,
asymmetric,4,206,1,a,20,16,5312,16,26682,26682,26683,,,,26718,26685,26700,16,1:15,26701,26716,16,1:15,26702,26717,16,1:15,,,0,,,,0,,,,0,,,,0,,1,2,15,17,1,,,,
asymmetric,4,207,1,a,21,0,5440,16,26721,26721,26722,,,,26757,26724,26739,16,1:15,26740,26755,16,1:15,26741,26756,16,1:15,,,0,,,,0,,,,0,,,,0,,1,2,15,17,1,,,,
asymmetric,4,208,1,a,21,16,5568,16,26760,26760,26761,,,,26796,26763,26778,16,1:15,26779,26794,16,1:15,26780,26795,16,1:15,,,0,,,,0,,,,0,,,,0,,1,2,15,17,1,,,,
asymmetric,4,209,1,a,22,0,5696,16,26799,26799,26800,,,,26835,26802,26817,16,1:15,26818,26833,16,1:15,26819,26834,16,1:15,,,0,,,,0,,,,0,,,,0,,1,2,15,17,1,,,,
asymmetric,4,210,1,a,22,16,5824,16,26838,26838,26839,,,,26874,26841,26856,16,1:15,26857,26872,16,1:15,26858,26873,16,1:15,,,0,,,,0,,,,0,,,,0,,1,2,15,17,1,,,,
asymmetric,4,211,1,a,23,0,5952,16,26877,26877,26878,,,,26913,26880,26895,16,1:15,26896,26911,16,1:15,26897,26912,16,1:15,,,0,,,,0,,,,0,,,,0,,1,2,15,17,1,,,,
asymmetric,4,212,1,a,23,16,6080,16,26916,26916,26917,,,,26952,26919,26934,16,1:15,26935,26950,16,1:15,26936,26951,16,1:15,,,0,,,,0,,,,0,,,,0,,1,2,15,17,1,,,,
asymmetric,4,213,1,a,24,0,6208,16,26955,26955,26956,,,,26991,26958,26973,16,1:15,26974,26989,16,1:15,26975,26990,16,1:15,,,0,,,,0,,,,0,,,,0,,1,2,15,17,1,,,,
asymmetric,4,214,1,a,24,16,6336,16,26994,26994,26995,,,,27030,26997,27012,16,1:15,27013,27028,16,1:15,27014,27029,16,1:15,,,0,,,,0,,,,0,,,,0,,1,2,15,17,1,,,,
asymmetric,4,215,1,a,25,0,6464,16,27033,27033,27034,,,,27069,27036,27051,16,1:15,27052,27067,16,1:15,27053,27068,16,1:15,,,0,,,,0,,,,0,,,,0,,1,2,15,17,1,,,,
asymmetric,4,216,1,a,25,16,6592,16,27072,27072,27073,,,,27108,27075,27090,16,1:15,27091,27106,16,1:15,27092,27107,16,1:15,,,0,,,,0,,,,0,,,,0,,1,2,15,17,1,,,,
asymmetric,4,217,1,a,26,0,6720,16,27111,27111,27112,,,,27147,27114,27129,16,1:15,27130,27145,16,1:15,27131,27146,16,1:15,,,0,,,,0,,,,0,,,,0,,1,2,15,17,1,,,,
asymmetric,4,218,1,a,26,16,6848,16,27150,27150,27151,,,,27186,27153,27168,16,1:15,27169,27184,16,1:15,27170,27185,16,1:15,,,0,,,,0,,,,0,,,,0,,1,2,15,17,1,,,,
asymmetric,4,219,1,a,27,0,6976,16,27189,27189,27190,,,,27225,27192,27207,16,1:15,27208,27223,16,1:15,27209,27224,16,1:15,,,0,,,,0,,,,0,,,,0,,1,2,15,17,1,,,,
asymmetric,4,220,1,a,27,16,7104,16,27228,27228,27229,,,,27264,27231,27246,16,1:15,27247,27262,16,1:15,27248,27263,16,1:15,,,0,,,,0,,,,0,,,,0,,1,2,15,17,1,,,,
asymmetric,4,221,1,a,28,0,7232,16,27267,27267,27268,,,,27303,27270,27285,16,1:15,27286,27301,16,1:15,27287,27302,16,1:15,,,0,,,,0,,,,0,,,,0,,1,2,15,17,1,,,,
asymmetric,4,222,1,a,28,16,7360,16,27306,27306,27307,,,,27342,27309,27324,16,1:15,27325,27340,16,1:15,27326,27341,16,1:15,,,0,,,,0,,,,0,,,,0,,1,2,15,17,1,,,,
asymmetric,4,223,1,a,29,0,7488,16,27345,27345,27346,,,,27381,27348,27363,16,1:15,27364,27379,16,1:15,27365,27380,16,1:15,,,0,,,,0,,,,0,,,,0,,1,2,15,17,1,,,,
asymmetric,4,224,1,a,29,16,7616,16,27384,27384,27385,,,,27420,27387,27402,16,1:15,27403,27418,16,1:15,27404,27419,16,1:15,,,0,,,,0,,,,0,,,,0,,1,2,15,17,1,,,,
asymmetric,4,225,1,a,30,0,7744,16,27423,27423,27424,,,,27459,27426,27441,16,1:15,27442,27457,16,1:15,27443,27458,16,1:15,,,0,,,,0,,,,0,,,,0,,1,2,15,17,1,,,,
asymmetric,4,226,1,a,30,16,7872,16,27462,27462,27463,,,,27498,27465,27480,16,1:15,27481,27496,16,1:15,27482,27497,16,1:15,,,0,,,,0,,,,0,,,,0,,1,2,15,17,1,,,,
asymmetric,4,227,1,a,31,0,8000,16,27501,27501,27502,,,,27537,27504,27519,16,1:15,27520,27535,16,1:15,27521,27536,16,1:15,,,0,,,,0,,,,0,,,,0,,1,2,15,17,1,,,,
asymmetric,4,228,1,a,31,16,8128,8,27540,27540,27541,,,,27560,27543,27550,8,1:7,27551,27558,8,1:7,27552,27559,8,1:7,,,0,,,,0,,,,0,,,,0,,1,2,7,9,1,,,,
asymmetric,4,229,1,a,31,24,8192,8,27563,27563,27564,,,,27583,27566,27573,8,1:7,27574,27581,8,1:7,27575,27582,8,1:7,,,0,,,,0,,,,0,,,,0,,1,2,7,9,1,,,,
asymmetric,4,230,1,bt,0,0,25024,16,27591,27591,27592,,,,27627,27594,27609,16,1:15,27610,27625,16,1:15,27611,27626,16,1:15,,,0,,,,0,,,,0,,,,0,,1,2,15,17,1,,,,
asymmetric,4,231,1,bt,0,16,25152,16,27630,27630,27631,,,,27666,27633,27648,16,1:15,27649,27664,16,1:15,27650,27665,16,1:15,,,0,,,,0,,,,0,,,,0,,1,2,15,17,1,,,,
asymmetric,4,232,1,bt,1,0,25280,16,27669,27669,27670,,,,27705,27672,27687,16,1:15,27688,27703,16,1:15,27689,27704,16,1:15,,,0,,,,0,,,,0,,,,0,,1,2,15,17,1,,,,
asymmetric,4,233,1,bt,1,16,25408,16,27708,27708,27709,,,,27744,27711,27726,16,1:15,27727,27742,16,1:15,27728,27743,16,1:15,,,0,,,,0,,,,0,,,,0,,1,2,15,17,1,,,,
asymmetric,4,234,1,bt,2,0,25536,16,27747,27747,27748,,,,27783,27750,27765,16,1:15,27766,27781,16,1:15,27767,27782,16,1:15,,,0,,,,0,,,,0,,,,0,,1,2,15,17,1,,,,
asymmetric,4,235,1,bt,2,16,25664,16,27786,27786,27787,,,,27822,27789,27804,16,1:15,27805,27820,16,1:15,27806,27821,16,1:15,,,0,,,,0,,,,0,,,,0,,1,2,15,17,1,,,,
asymmetric,4,236,1,bt,3,0,25792,16,27825,27825,27826,,,,27861,27828,27843,16,1:15,27844,27859,16,1:15,27845,27860,16,1:15,,,0,,,,0,,,,0,,,,0,,1,2,15,17,1,,,,
asymmetric,4,237,1,bt,3,16,25920,16,27864,27864,27865,,,,27900,27867,27882,16,1:15,27883,27898,16,1:15,27884,27899,16,1:15,,,0,,,,0,,,,0,,,,0,,1,2,15,17,1,,,,
asymmetric,4,238,1,bt,4,0,26048,16,27903,27903,27904,,,,27939,27906,27921,16,1:15,27922,27937,16,1:15,27923,27938,16,1:15,,,0,,,,0,,,,0,,,,0,,1,2,15,17,1,,,,
asymmetric,4,239,1,bt,4,16,26176,16,27942,27942,27943,,,,27978,27945,27960,16,1:15,27961,27976,16,1:15,27962,27977,16,1:15,,,0,,,,0,,,,0,,,,0,,1,2,15,17,1,,,,
asymmetric,4,240,1,bt,5,0,26304,16,27981,27981,27982,,,,28017,27984,27999,16,1:15,28000,28015,16,1:15,28001,28016,16,1:15,,,0,,,,0,,,,0,,,,0,,1,2,15,17,1,,,,
asymmetric,4,241,1,bt,5,16,26432,16,28020,28020,28021,,,,28056,28023,28038,16,1:15,28039,28054,16,1:15,28040,28055,16,1:15,,,0,,,,0,,,,0,,,,0,,1,2,15,17,1,,,,
asymmetric,4,242,1,bt,6,0,26560,16,28059,28059,28060,,,,28095,28062,28077,16,1:15,28078,28093,16,1:15,28079,28094,16,1:15,,,0,,,,0,,,,0,,,,0,,1,2,15,17,1,,,,
asymmetric,4,243,1,bt,6,16,26688,16,28098,28098,28099,,,,28134,28101,28116,16,1:15,28117,28132,16,1:15,28118,28133,16,1:15,,,0,,,,0,,,,0,,,,0,,1,2,15,17,1,,,,
asymmetric,4,244,1,bt,7,0,26816,16,28137,28137,28138,,,,28173,28140,28155,16,1:15,28156,28171,16,1:15,28157,28172,16,1:15,,,0,,,,0,,,,0,,,,0,,1,2,15,17,1,,,,
asymmetric,4,245,1,bt,7,16,26944,16,28176,28176,28177,,,,28212,28179,28194,16,1:15,28195,28210,16,1:15,28196,28211,16,1:15,,,0,,,,0,,,,0,,,,0,,1,2,15,17,1,,,,
asymmetric,4,246,1,bt,8,0,27072,16,28215,28215,28216,,,,28251,28218,28233,16,1:15,28234,28249,16,1:15,28235,28250,16,1:15,,,0,,,,0,,,,0,,,,0,,1,2,15,17,1,,,,
asymmetric,4,247,1,bt,8,16,27200,16,28254,28254,28255,,,,28290,28257,28272,16,1:15,28273,28288,16,1:15,28274,28289,16,1:15,,,0,,,,0,,,,0,,,,0,,1,2,15,17,1,,,,
asymmetric,4,248,1,bt,9,0,27328,16,28293,28293,28294,,,,28329,28296,28311,16,1:15,28312,28327,16,1:15,28313,28328,16,1:15,,,0,,,,0,,,,0,,,,0,,1,2,15,17,1,,,,
asymmetric,4,249,1,bt,9,16,27456,16,28332,28332,28333,,,,28368,28335,28350,16,1:15,28351,28366,16,1:15,28352,28367,16,1:15,,,0,,,,0,,,,0,,,,0,,1,2,15,17,1,,,,
asymmetric,4,250,1,bt,10,0,27584,16,28371,28371,28372,,,,28407,28374,28389,16,1:15,28390,28405,16,1:15,28391,28406,16,1:15,,,0,,,,0,,,,0,,,,0,,1,2,15,17,1,,,,
asymmetric,4,251,1,bt,10,16,27712,16,28410,28410,28411,,,,28446,28413,28428,16,1:15,28429,28444,16,1:15,28430,28445,16,1:15,,,0,,,,0,,,,0,,,,0,,1,2,15,17,1,,,,
asymmetric,4,252,1,bt,11,0,27840,16,28449,28449,28450,,,,28485,28452,28467,16,1:15,28468,28483,16,1:15,28469,28484,16,1:15,,,0,,,,0,,,,0,,,,0,,1,2,15,17,1,,,,
asymmetric,4,253,1,bt,11,16,27968,16,28488,28488,28489,,,,28524,28491,28506,16,1:15,28507,28522,16,1:15,28508,28523,16,1:15,,,0,,,,0,,,,0,,,,0,,1,2,15,17,1,,,,
asymmetric,4,254,1,bt,12,0,28096,16,28527,28527,28528,,,,28563,28530,28545,16,1:15,28546,28561,16,1:15,28547,28562,16,1:15,,,0,,,,0,,,,0,,,,0,,1,2,15,17,1,,,,
asymmetric,4,255,1,bt,12,16,28224,16,28566,28566,28567,,,,28602,28569,28584,16,1:15,28585,28600,16,1:15,28586,28601,16,1:15,,,0,,,,0,,,,0,,,,0,,1,2,15,17,1,,,,
asymmetric,4,256,1,bt,13,0,28352,16,28605,28605,28606,,,,28641,28608,28623,16,1:15,28624,28639,16,1:15,28625,28640,16,1:15,,,0,,,,0,,,,0,,,,0,,1,2,15,17,1,,,,
asymmetric,4,257,1,bt,13,16,28480,16,28644,28644,28645,,,,28680,28647,28662,16,1:15,28663,28678,16,1:15,28664,28679,16,1:15,,,0,,,,0,,,,0,,,,0,,1,2,15,17,1,,,,
asymmetric,4,258,1,bt,14,0,28608,8,28683,28683,28684,,,,28703,28686,28693,8,1:7,28694,28701,8,1:7,28695,28702,8,1:7,,,0,,,,0,,,,0,,,,0,,1,2,7,9,1,,,,
asymmetric,4,259,1,bt,14,8,28672,16,28706,28706,28707,,,,28742,28709,28724,16,1:15,28725,28740,16,1:15,28726,28741,16,1:15,,,0,,,,0,,,,0,,,,0,,1,2,15,17,1,,,,
asymmetric,4,260,1,bt,14,24,28800,8,28745,28745,28746,,,,28765,28748,28755,8,1:7,28756,28763,8,1:7,28757,28764,8,1:7,,,0,,,,0,,,,0,,,,0,,1,2,7,9,1,,,,
asymmetric,4,261,1,bt,15,0,28864,16,28768,28768,28769,,,,28804,28771,28786,16,1:15,28787,28802,16,1:15,28788,28803,16,1:15,,,0,,,,0,,,,0,,,,0,,1,2,15,17,1,,,,
asymmetric,4,262,1,bt,15,16,28992,16,28807,28807,28808,,,,28843,28810,28825,16,1:15,28826,28841,16,1:15,28827,28842,16,1:15,,,0,,,,0,,,,0,,,,0,,1,2,15,17,1,,,,
asymmetric,4,263,1,bt,16,0,29120,16,28846,28846,28847,,,,28882,28849,28864,16,1:15,28865,28880,16,1:15,28866,28881,16,1:15,,,0,,,,0,,,,0,,,,0,,1,2,15,17,1,,,,
asymmetric,4,264,1,bt,16,16,29248,16,28885,28885,28886,,,,28921,28888,28903,16,1:15,28904,28919,16,1:15,28905,28920,16,1:15,,,0,,,,0,,,,0,,,,0,,1,2,15,17,1,,,,
asymmetric,4,265,1,bt,17,0,29376,16,28924,28924,28925,,,,28960,28927,28942,16,1:15,28943,28958,16,1:15,28944,28959,16,1:15,,,0,,,,0,,,,0,,,,0,,1,2,15,17,1,,,,
asymmetric,4,266,1,bt,17,16,29504,16,28963,28963,28964,,,,28999,28966,28981,16,1:15,28982,28997,16,1:15,28983,28998,16,1:15,,,0,,,,0,,,,0,,,,0,,1,2,15,17,1,,,,
asymmetric,4,267,1,bt,18,0,29632,16,29002,29002,29003,,,,29038,29005,29020,16,1:15,29021,29036,16,1:15,29022,29037,16,1:15,,,0,,,,0,,,,0,,,,0,,1,2,15,17,1,,,,
asymmetric,4,268,1,bt,18,16,29760,16,29041,29041,29042,,,,29077,29044,29059,16,1:15,29060,29075,16,1:15,29061,29076,16,1:15,,,0,,,,0,,,,0,,,,0,,1,2,15,17,1,,,,
asymmetric,4,269,1,bt,19,0,29888,16,29080,29080,29081,,,,29116,29083,29098,16,1:15,29099,29114,16,1:15,29100,29115,16,1:15,,,0,,,,0,,,,0,,,,0,,1,2,15,17,1,,,,
asymmetric,4,270,1,bt,19,16,30016,16,29119,29119,29120,,,,29155,29122,29137,16,1:15,29138,29153,16,1:15,29139,29154,16,1:15,,,0,,,,0,,,,0,,,,0,,1,2,15,17,1,,,,
asymmetric,4,271,1,bt,20,0,30144,16,29158,29158,29159,,,,29194,29161,29176,16,1:15,29177,29192,16,1:15,29178,29193,16,1:15,,,0,,,,0,,,,0,,,,0,,1,2,15,17,1,,,,
asymmetric,4,272,1,bt,20,16,30272,16,29197,29197,29198,,,,29233,29200,29215,16,1:15,29216,29231,16,1:15,29217,29232,16,1:15,,,0,,,,0,,,,0,,,,0,,1,2,15,17,1,,,,
asymmetric,4,273,1,bt,21,0,30400,16,29236,29236,29237,,,,29272,29239,29254,16,1:15,29255,29270,16,1:15,29256,29271,16,1:15,,,0,,,,0,,,,0,,,,0,,1,2,15,17,1,,,,
asymmetric,4,274,1,bt,21,16,30528,16,29275,29275,29276,,,,29311,29278,29293,16,1:15,29294,29309,16,1:15,29295,29310,16,1:15,,,0,,,,0,,,,0,,,,0,,1,2,15,17,1,,,,
asymmetric,4,275,1,bt,22,0,30656,16,29314,29314,29315,,,,29350,29317,29332,16,1:15,29333,29348,16,1:15,29334,29349,16,1:15,,,0,,,,0,,,,0,,,,0,,1,2,15,17,1,,,,
asymmetric,4,276,1,bt,22,16,30784,16,29353,29353,29354,,,,29389,29356,29371,16,1:15,29372,29387,16,1:15,29373,29388,16,1:15,,,0,,,,0,,,,0,,,,0,,1,2,15,17,1,,,,
asymmetric,4,277,1,bt,23,0,30912,16,29392,29392,29393,,,,29428,29395,29410,16,1:15,29411,29426,16,1:15,29412,29427,16,1:15,,,0,,,,0,,,,0,,,,0,,1,2,15,17,1,,,,
asymmetric,4,278,1,bt,23,16,31040,16,29431,29431,29432,,,,29467,29434,29449,16,1:15,29450,29465,16,1:15,29451,29466,16,1:15,,,0,,,,0,,,,0,,,,0,,1,2,15,17,1,,,,
asymmetric,4,279,1,bt,24,0,31168,16,29470,29470,29471,,,,29506,29473,29488,16,1:15,29489,29504,16,1:15,29490,29505,16,1:15,,,0,,,,0,,,,0,,,,0,,1,2,15,17,1,,,,
asymmetric,4,280,1,bt,24,16,31296,16,29509,29509,29510,,,,29545,29512,29527,16,1:15,29528,29543,16,1:15,29529,29544,16,1:15,,,0,,,,0,,,,0,,,,0,,1,2,15,17,1,,,,
asymmetric,4,281,1,bt,25,0,31424,16,29548,29548,29549,,,,29584,29551,29566,16,1:15,29567,29582,16,1:15,29568,29583,16,1:15,,,0,,,,0,,,,0,,,,0,,1,2,15,17,1,,,,
asymmetric,4,282,1,bt,25,16,31552,16,29587,29587,29588,,,,29623,29590,29605,16,1:15,29606,29621,16,1:15,29607,29622,16,1:15,,,0,,,,0,,,,0,,,,0,,1,2,15,17,1,,,,
asymmetric,4,283,1,bt,26,0,31680,16,29626,29626,29627,,,,29662,29629,29644,16,1:15,29645,29660,16,1:15,29646,29661,16,1:15,,,0,,,,0,,,,0,,,,0,,1,2,15,17,1,,,,
asymmetric,4,284,1,bt,26,16,31808,16,29665,29665,29666,,,,29701,29668,29683,16,1:15,29684,29699,16,1:15,29685,29700,16,1:15,,,0,,,,0,,,,0,,,,0,,1,2,15,17,1,,,,
asymmetric,4,285,1,bt,27,0,31936,16,29704,29704,29705,,,,29740,29707,29722,16,1:15,29723,29738,16,1:15,29724,29739,16,1:15,,,0,,,,0,,,,0,,,,0,,1,2,15,17,1,,,,
asymmetric,4,286,1,bt,27,16,32064,16,29743,29743,29744,,,,29779,29746,29761,16,1:15,29762,29777,16,1:15,29763,29778,16,1:15,,,0,,,,0,,,,0,,,,0,,1,2,15,17,1,,,,
asymmetric,4,287,1,bt,28,0,32192,16,29782,29782,29783,,,,29818,29785,29800,16,1:15,29801,29816,16,1:15,29802,29817,16,1:15,,,0,,,,0,,,,0,,,,0,,1,2,15,17,1,,,,
asymmetric,4,288,1,bt,28,16,32320,16,29821,29821,29822,,,,29857,29824,29839,16,1:15,29840,29855,16,1:15,29841,29856,16,1:15,,,0,,,,0,,,,0,,,,0,,1,2,15,17,1,,,,
asymmetric,4,289,1,bt,29,0,32448,16,29860,29860,29861,,,,29896,29863,29878,16,1:15,29879,29894,16,1:15,29880,29895,16,1:15,,,0,,,,0,,,,0,,,,0,,1,2,15,17,1,,,,
asymmetric,4,290,1,bt,29,16,32576,16,29899,29899,29900,,,,29935,29902,29917,16,1:15,29918,29933,16,1:15,29919,29934,16,1:15,,,0,,,,0,,,,0,,,,0,,1,2,15,17,1,,,,
asymmetric,4,291,1,bt,30,0,32704,8,29938,29938,29939,,,,29958,29941,29948,8,1:7,29949,29956,8,1:7,29950,29957,8,1:7,,,0,,,,0,,,,0,,,,0,,1,2,7,9,1,,,,
asymmetric,4,292,1,bt,30,8,32768,16,29961,29961,29962,,,,29997,29964,29979,16,1:15,29980,29995,16,1:15,29981,29996,16,1:15,,,0,,,,0,,,,0,,,,0,,1,2,15,17,1,,,,
asymmetric,4,293,1,bt,30,24,32896,8,30000,30000,30001,,,,30020,30003,30010,8,1:7,30011,30018,8,1:7,30012,30019,8,1:7,,,0,,,,0,,,,0,,,,0,,1,2,7,9,1,,,,
asymmetric,4,294,1,c,0,0,33216,16,47310,47310,,47375,47374,47392,47393,,,0,,,,0,,,,0,,47311,47371,16,4:15,47313,47373,16,4:15,47314,47374,16,4:15,47375,47390,16,1:15,,,,,,64,16,2,1
asymmetric,4,295,1,c,1,0,33472,16,47396,47396,,47461,47460,47478,47479,,,0,,,,0,,,,0,,47397,47457,16,4:15,47399,47459,16,4:15,47400,47460,16,4:15,47461,47476,16,1:15,,,,,,64,16,2,1
asymmetric,4,296,1,c,2,0,33728,16,47482,47482,,47547,47546,47564,47565,,,0,,,,0,,,,0,,47483,47543,16,4:15,47485,47545,16,4:15,47486,47546,16,4:15,47547,47562,16,1:15,,,,,,64,16,2,1
asymmetric,4,297,1,c,3,0,33984,16,47568,47568,,47633,47632,47650,47651,,,0,,,,0,,,,0,,47569,47629,16,4:15,47571,47631,16,4:15,47572,47632,16,4:15,47633,47648,16,1:15,,,,,,64,16,2,1
asymmetric,4,298,1,c,4,0,34240,16,47654,47654,,47719,47718,47736,47737,,,0,,,,0,,,,0,,47655,47715,16,4:15,47657,47717,16,4:15,47658,47718,16,4:15,47719,47734,16,1:15,,,,,,64,16,2,1
asymmetric,4,299,1,c,5,0,34496,16,47740,47740,,47805,47804,47822,47823,,,0,,,,0,,,,0,,47741,47801,16,4:15,47743,47803,16,4:15,47744,47804,16,4:15,47805,47820,16,1:15,,,,,,64,16,2,1
asymmetric,4,300,1,c,6,0,34752,16,47826,47826,,47891,47890,47908,47909,,,0,,,,0,,,,0,,47827,47887,16,4:15,47829,47889,16,4:15,47830,47890,16,4:15,47891,47906,16,1:15,,,,,,64,16,2,1
asymmetric,4,301,1,c,7,0,35008,16,47912,47912,,47977,47976,47994,47995,,,0,,,,0,,,,0,,47913,47973,16,4:15,47915,47975,16,4:15,47916,47976,16,4:15,47977,47992,16,1:15,,,,,,64,16,2,1
asymmetric,4,302,1,c,8,0,35264,16,47998,47998,,48063,48062,48080,48081,,,0,,,,0,,,,0,,47999,48059,16,4:15,48001,48061,16,4:15,48002,48062,16,4:15,48063,48078,16,1:15,,,,,,64,16,2,1
asymmetric,4,303,1,c,9,0,35520,16,48084,48084,,48149,48148,48166,48167,,,0,,,,0,,,,0,,48085,48145,16,4:15,48087,48147,16,4:15,48088,48148,16,4:15,48149,48164,16,1:15,,,,,,64,16,2,1
asymmetric,4,304,1,c,10,0,35776,16,48170,48170,,48235,48234,48252,48253,,,0,,,,0,,,,0,,48171,48231,16,4:15,48173,48233,16,4:15,48174,48234,16,4:15,48235,48250,16,1:15,,,,,,64,16,2,1
asymmetric,4,305,1,c,11,0,36032,16,48256,48256,,48321,48320,48338,48339,,,0,,,,0,,,,0,,48257,48317,16,4:15,48259,48319,16,4:15,48260,48320,16,4:15,48321,48336,16,1:15,,,,,,64,16,2,1
asymmetric,4,306,1,c,12,0,36288,16,48342,48342,,48407,48406,48424,48425,,,0,,,,0,,,,0,,48343,48403,16,4:15,48345,48405,16,4:15,48346,48406,16,4:15,48407,48422,16,1:15,,,,,,64,16,2,1
asymmetric,4,307,1,c,13,0,36544,16,48428,48428,,48493,48492,48510,48511,,,0,,,,0,,,,0,,48429,48489,16,4:15,48431,48491,16,4:15,48432,48492,16,4:15,48493,48508,16,1:15,,,,,,64,16,2,1
asymmetric,4,308,1,c,14,0,36800,8,48514,48514,,48547,48546,48556,48557,,,0,,,,0,,,,0,,48515,48543,8,4:7,48517,48545,8,4:7,48518,48546,8,4:7,48547,48554,8,1:7,,,,,,32,8,2,1
asymmetric,4,309,1,c,14,8,36864,8,48560,48560,,48593,48592,48602,48603,,,0,,,,0,,,,0,,48561,48589,8,4:7,48563,48591,8,4:7,48564,48592,8,4:7,48593,48600,8,1:7,,,,,,32,8,2,1
asymmetric,4,310,1,c,15,0,37056,16,48606,48606,,48671,48670,48688,48689,,,0,,,,0,,,,0,,48607,48667,16,4:15,48609,48669,16,4:15,48610,48670,16,4:15,48671,48686,16,1:15,,,,,,64,16,2,1
asymmetric,4,311,1,c,16,0,37312,16,48692,48692,,48757,48756,48774,48775,,,0,,,,0,,,,0,,48693,48753,16,4:15,48695,48755,16,4:15,48696,48756,16,4:15,48757,48772,16,1:15,,,,,,64,16,2,1
asymmetric,4,312,1,c,17,0,37568,16,48778,48778,,48843,48842,48860,48861,,,0,,,,0,,,,0,,48779,48839,16,4:15,48781,48841,16,4:15,48782,48842,16,4:15,48843,48858,16,1:15,,,,,,64,16,2,1
asymmetric,4,313,1,c,18,0,37824,16,48864,48864,,48929,48928,48946,48947,,,0,,,,0,,,,0,,48865,48925,16,4:15,48867,48927,16,4:15,48868,48928,16,4:15,48929,48944,16,1:15,,,,,,64,16,2,1
asymmetric,4,314,1,c,19,0,38080,16,48950,48950,,49015,49014,49032,49033,,,0,,,,0,,,,0,,48951,49011,16,4:15,48953,49013,16,4:15,48954,49014,16,4:15,49015,49030,16,1:15,,,,,,64,16,2,1
asymmetric,4,315,1,c,20,0,38336,16,49036,49036,,49101,49100,49118,49119,,,0,,,,0,,,,0,,49037,49097,16,4:15,49039,49099,16,4:15,49040,49100,16,4:15,49101,49116,16,1:15,,,,,,64,16,2,1
asymmetric,4,316,1,c,21,0,38592,16,49122,49122,,49187,49186,49204,49205,,,0,,,,0,,,,0,,49123,49183,16,4:15,49125,49185,16,4:15,49126,49186,16,4:15,49187,49202,16,1:15,,,,,,64,16,2,1
asymmetric,4,317,1,c,22,0,38848,16,49208,49208,,49273,49272,49290,49291,,,0,,,,0,,,,0,,49209,49269,16,4:15,49211,49271,16,4:15,49212,49272,16,4:15,49273,49288,16,1:15,,,,,,64,16,2,1
asymmetric,4,318,1,c,23,0,39104,16,49294,49294,,49359,49358,49376,49377,,,0,,,,0,,,,0,,49295,49355,16,4:15,49297,49357,16,4:15,49298,49358,16,4:15,49359,49374,16,1:15,,,,,,64,16,2,1
asymmetric,4,319,1,c,24,0,39360,16,49380,49380,,49445,49444,49462,49463,,,0,,,,0,,,,0,,49381,49441,16,4:15,49383,49443,16,4:15,49384,49444,16,4:15,49445,49460,16,1:15,,,,,,64,16,2,1
asymmetric,4,320,1,c,25,0,39616,16,49466,49466,,49531,49530,49548,49549,,,0,,,,0,,,,0,,49467,49527,16,4:15,49469,49529,16,4:15,49470,49530,16,4:15,49531,49546,16,1:15,,,,,,64,16,2,1
asymmetric,4,321,1,c,26,0,39872,16,49552,49552,,49617,49616,49634,49635,,,0,,,,0,,,,0,,49553,49613,16,4:15,49555,49615,16,4:15,49556,49616,16,4:15,49617,49632,16,1:15,,,,,,64,16,2,1
asymmetric,4,322,1,c,27,0,40128,16,49638,49638,,49703,49702,49720,49721,,,0,,,,0,,,,0,,49639,49699,16,4:15,49641,49701,16,4:15,49642,49702,16,4:15,49703,49718,16,1:15,,,,,,64,16,2,1
asymmetric,4,323,1,c,28,0,40384,16,49724,49724,,49789,49788,49806,49807,,,0,,,,0,,,,0,,49725,49785,16,4:15,49727,49787,16,4:15,49728,49788,16,4:15,49789,49804,16,1:15,,,,,,64,16,2,1
asymmetric,4,324,1,c,29,0,40640,16,49810,49810,,49875,49874,49892,49893,,,0,,,,0,,,,0,,49811,49871,16,4:15,49813,49873,16,4:15,49814,49874,16,4:15,49875,49890,16,1:15,,,,,,64,16,2,1
asymmetric,4,325,1,c,30,0,40896,8,49896,49896,,49929,49928,49938,49939,,,0,,,,0,,,,0,,49897,49925,8,4:7,49899,49927,8,4:7,49900,49928,8,4:7,49929,49936,8,1:7,,,,,,32,8,2,1
asymmetric,4,326,1,c,30,8,40960,8,49942,49942,,49975,49974,49984,49985,,,0,,,,0,,,,0,,49943,49971,8,4:7,49945,49973,8,4:7,49946,49974,8,4:7,49975,49982,8,1:7,,,,,,32,8,2,1
asymmetric,4,327,1,c,31,0,41152,16,49988,49988,,50053,50052,50070,50071,,,0,,,,0,,,,0,,49989,50049,16,4:15,49991,50051,16,4:15,49992,50052,16,4:15,50053,50068,16,1:15,,,,,,64,16,2,1
asymmetric,4,328,2,a,0,0,8256,16,50080,50080,50081,,,,50116,50083,50098,16,1:15,50099,50114,16,1:15,50100,50115,16,1:15,,,0,,,,0,,,,0,,,,0,,1,2,15,17,1,,,,
asymmetric,4,329,2,a,0,16,8384,16,50119,50119,50120,,,,50155,50122,50137,16,1:15,50138,50153,16,1:15,50139,50154,16,1:15,,,0,,,,0,,,,0,,,,0,,1,2,15,17,1,,,,
asymmetric,4,330,2,a,1,0,8512,16,50158,50158,50159,,,,50194,50161,50176,16,1:15,50177,50192,16,1:15,50178,50193,16,1:15,,,0,,,,0,,,,0,,,,0,,1,2,15,17,1,,,,
asymmetric,4,331,2,a,1,16,8640,16,50197,50197,50198,,,,50233,50200,50215,16,1:15,50216,50231,16,1:15,50217,50232,16,1:15,,,0,,,,0,,,,0,,,,0,,1,2,15,17,1,,,,
asymmetric,4,332,2,a,2,0,8768,16,50236,50236,50237,,,,50272,50239,50254,16,1:15,50255,50270,16,1:15,50256,50271,16,1:15,,,0,,,,0,,,,0,,,,0,,1,2,15,17,1,,,,
asymmetric,4,333,2,a,2,16,8896,16,50275,50275,50276,,,,50311,50278,50293,16,1:15,50294,50309,16,1:15,50295,50310,16,1:15,,,0,,,,0,,,,0,,,,0,,1,2,15,17,1,,,,
asymmetric,4,334,2,a,3,0,9024,16,50314,50314,50315,,,,50350,50317,50332,16,1:15,50333,50348,16,1:15,50334,50349,16,1:15,,,0,,,,0,,,,0,,,,0,,1,2,15,17,1,,,,
asymmetric,4,335,2,a,3,16,9152,16,50353,50353,50354,,,,50389,50356,50371,16,1:15,50372,50387,16,1:15,50373,50388,16,1:15,,,0,,,,0,,,,0,,,,0,,1,2,15,17,1,,,,
asymmetric,4,336,2,a,4,0,9280,16,50392,50392,50393,,,,50428,50395,50410,16,1:15,50411,50426,16,1:15,50412,50427,16,1:15,,,0,,,,0,,,,0,,,,0,,1,2,15,17,1,,,,
asymmetric,4,337,2,a,4,16,9408,16,50431,50431,50432,,,,50467,50434,50449,16,1:15,50450,50465,16,1:15,50451,50466,16,1:15,,,0,,,,0,,,,0,,,,0,,1,2,15,17,1,,,,
asymmetric,4,338,2,a,5,0,9536,16,50470,50470,50471,,,,50506,50473,50488,16,1:15,50489,50504,16,1:15,50490,50505,16,1:15,,,0,,,,0,,,,0,,,,0,,1,2,15,17,1,,,,
asymmetric,4,339,2,a,5,16,9664,16,50509,50509,50510,,,,50545,50512,50527,16,1:15,50528,50543,16,1:15,50529,50544,16,1:15,,,0,,,,0,,,,0,,,,0,,1,2,15,17,1,,,,
asymmetric,4,340,2,a,6,0,9792,16,50548,50548,50549,,,,50584,50551,50566,16,1:15,50567,50582,16,1:15,50568,50583,16,1:15,,,0,,,,0,,,,0,,,,0,,1,2,15,17,1,,,,
asymmetric,4,341,2,a,6,16,9920,16,50587,50587,50588,,,,50623,50590,50605,16,1:15,50606,50621,16,1:15,50607,50622,16,1:15,,,0,,,,0,,,,0,,,,0,,1,2,15,17,1,,,,
asymmetric,4,342,2,a,7,0,10048,16,50626,50626,50627,,,,50662,50629,50644,16,1:15,50645,50660,16,1:15,50646,50661,16,1:15,,,0,,,,0,,,,0,,,,0,,1,2,15,17,1,,,,
asymmetric,4,343,2,a,7,16,10176,16,50665,50665,50666,,,,50701,50668,50683,16,1:15,50684,50699,16,1:15,50685,50700,16,1:15,,,0,,,,0,,,,0,,,,0,,1,2,15,17,1,,,,
asymmetric,4,344,2,a,8,0,10304,16,50704,50704,50705,,,,50740,50707,50722,16,1:15,50723,50738,16,1:15,50724,50739,16,1:15,,,0,,,,0,,,,0,,,,0,,1,2,15,17,1,,,,
asymmetric,4,345,2,a,8,16,10432,16,50743,50743,50744,,,,50779,50746,50761,16,1:15,50762,50777,16,1:15,50763,50778,16,1:15,,,0,,,,0,,,,0,,,,0,,1,2,15,17,1,,,,
asymmetric,4,346,2,a,9,0,10560,16,50782,50782,50783,,,,50818,50785,50800,16,1:15,50801,50816,16,1:15,50802,50817,16,1:15,,,0,,,,0,,,,0,,,,0,,1,2,15,17,1,,,,
asymmetric,4,347,2,a,9,16,10688,16,50821,50821,50822,,,,50857,50824,50839,16,1:15,50840,50855,16,1:15,50841,50856,16,1:15,,,0,,,,0,,,,0,,,,0,,1,2,15,17,1,,,,
asymmetric,4,348,2,a,10,0,10816,16,50860,50860,50861,,,,50896,50863,50878,16,1:15,50879,50894,16,1:15,50880,50895,16,1:15,,,0,,,,0,,,,0,,,,0,,1,2,15,17,1,,,,
asymmetric,4,349,2,a,10,16,10944,16,50899,50899,50900,,,,50935,50902,50917,16,1:15,50918,50933,16,1:15,50919,50934,16,1:15,,,0,,,,0,,,,0,,,,0,,1,2,15,17,1,,,,
asymmetric,4,350,2,a,11,0,11072,16,50938,50938,50939,,,,50974,50941,50956,16,1:15,50957,50972,16,1:15,50958,50973,16,1:15,,,0,,,,0,,,,0,,,,0,,1,2,15,17,1,,,,
asymmetric,4,351,2,a,11,16,11200,16,50977,50977,50978,,,,51013,50980,50995,16,1:15,50996,51011,16,1:15,50997,51012,16,1:15,,,0,,,,0,,,,0,,,,0,,1,2,15,17,1,,,,
asymmetric,4,352,2,a,12,0,11328,16,51016,51016,51017,,,,51052,51019,51034,16,1:15,51035,51050,16,1:15,51036,51051,16,1:15,,,0,,,,0,,,,0,,,,0,,1,2,15,17,1,,,,
asymmetric,4,353,2,a,12,16,11456,16,51055,51055,51056,,,,51091,51058,51073,16,1:15,51074,51089,16,1:15,51075,51090,16,1:15,,,0,,,,0,,,,0,,,,0,,1,2,15,17,1,,,,
asymmetric,4,354,2,a,13,0,11584,16,51094,51094,51095,,,,51130,51097,51112,16,1:15,51113,51128,16,1:15,51114,51129,16,1:15,,,0,,,,0,,,,0,,,,0,,1,2,15,17,1,,,,
asymmetric,4,355,2,a,13,16,11712,16,51133,51133,51134,,,,51169,51136,51151,16,1:15,51152,51167,16,1:15,51153,51168,16,1:15,,,0,,,,0,,,,0,,,,0,,1,2,15,17,1,,,,
asymmetric,4,356,2,a,14,0,11840,16,51172,51172,51173,,,,51208,51175,51190,16,1:15,51191,51206,16,1:15,51192,51207,16,1:15,,,0,,,,0,,,,0,,,,0,,1,2,15,17,1,,,,
asymmetric,4,357,2,a,14,16,11968,16,51211,51211,51212,,,,51247,51214,51229,16,1:15,51230,51245,16,1:15,51231,51246,16,1:15,,,0,,,,0,,,,0,,,,0,,1,2,15,17,1,,,,
asymmetric,4,358,2,a,15,0,12096,16,51250,51250,51251,,,,51286,51253,51268,16,1:15,51269,51284,16,1:15,51270,51285,16,1:15,,,0,,,,0,,,,0,,,,0,,1,2,15,17,1,,,,
asymmetric,4,359,2,a,15,16,12224,8,51289,51289,51290,,,,51309,51292,51299,8,1:7,51300,51307,8,1:7,51301,51308,8,1:7,,,0,,,,0,,,,0,,,,0,,1,2,7,9,1,,,,
asymmetric,4,360,2,a,15,24,12288,8,51312,51312,51313,,,,51332,51315,51322,8,1:7,51323,51330,8,1:7,51324,51331,8,1:7,,,0,,,,0,,,,0,,,,0,,1,2,7,9,1,,,,
asymmetric,4,361,2,a,16,0,12352,16,51335,51335,51336,,,,51371,51338,51353,16,1:15,51354,51369,16,1:15,51355,51370,16,1:15,,,0,,,,0,,,,0,,,,0,,1,2,15,17,1,,,,
asymmetric,4,362,2,a,16,16,12480,16,51374,51374,51375,,,,51410,51377,51392,16,1:15,51393,51408,16,1:15,51394,51409,16,1:15,,,0,,,,0,,,,0,,,,0,,1,2,15,17,1,,,,
asymmetric,4,363,2,a,17,0,12608,16,51413,51413,51414,,,,51449,51416,51431,16,1:15,51432,51447,16,1:15,51433,51448,16,1:15,,,0,,,,0,,,,0,,,,0,,1,2,15,17,1,,,,
asymmetric,4,364,2,a,17,16,12736,16,51452,51452,51453,,,,51488,51455,51470,16,1:15,51471,51486,16,1:15,51472,51487,16,1:15,,,0,,,,0,,,,0,,,,0,,1,2,15,17,1,,,,
asymmetric,4,365,2,a,18,0,12864,16,51491,51491,51492,,,,51527,51494,51509,16,1:15,51510,51525,16,1:15,51511,51526,16,1:15,,,0,,,,0,,,,0,,,,0,,1,2,15,17,1,,,,
asymmetric,4,366,2,a,18,16,12992,16,51530,51530,51531,,,,51566,51533,51548,16,1:15,51549,51564,16,1:15,51550,51565,16,1:15,,,0,,,,0,,,,0,,,,0,,1,2,15,17,1,,,,
asymmetric,4,367,2,a,19,0,13120,16,51569,51569,51570,,,,51605,51572,51587,16,1:15,51588,51603,16,1:15,51589,51604,16,1:15,,,0,,,,0,,,,0,,,,0,,1,2,15,17,1,,,,
asymmetric,4,368,2,a,19,16,13248,16,51608,51608,51609,,,,51644,51611,51626,16,1:15,51627,51642,16,1:15,51628,51643,16,1:15,,,0,,,,0,,,,0,,,,0,,1,2,15,17,1,,,,
asymmetric,4,369,2,a,20,0,13376,16,51647,51647,51648,,,,51683,51650,51665,16,1:15,51666,51681,16,1:15,51667,51682,16,1:15,,,0,,,,0,,,,0,,,,0,,1,2,15,17,1,,,,
asymmetric,4,370,2,a,20,16,13504,16,51686,51686,51687,,,,51722,51689,51704,16,1:15,51705,51720,16,1:15,51706,51721,16,1:15,,,0,,,,0,,,,0,,,,0,,1,2,15,17,1,,,,
asymmetric,4,371,2,a,21,0,13632,16,51725,51725,51726,,,,51761,51728,51743,16,1:15,51744,51759,16,1:15,51745,51760,16,1:15,,,0,,,,0,,,,0,,,,0,,1,2,15,17,1,,,,
asymmetric,4,372,2,a,21,16,13760,16,51764,51764,51765,,,,51800,51767,51782,16,1:15,51783,51798,16,1:15,51784,51799,16,1:15,,,0,,,,0,,,,0,,,,0,,1,2,15,17,1,,,,
asymmetric,4,373,2,a,22,0,13888,16,51803,51803,51804,,,,51839,51806,51821,16,1:15,51822,51837,16,1:15,51823,51838,16,1:15,,,0,,,,0,,,,0,,,,0,,1,2,15,17,1,,,,
asymmetric,4,374,2,a,22,16,14016,16,51842,51842,51843,,,,51878,51845,51860,16,1:15,51861,51876,16,1:15,51862,51877,16,1:15,,,0,,,,0,,,,0,,,,0,,1,2,15,17,1,,,,
asymmetric,4,375,2,a,23,0,14144,16,51881,51881,51882,,,,51917,51884,51899,16,1:15,51900,51915,16,1:15,51901,51916,16,1:15,,,0,,,,0,,,,0,,,,0,,1,2,15,17,1,,,,
asymmetric,4,376,2,a,23,16,14272,16,51920,51920,51921,,,,51956,51923,51938,16,1:15,51939,51954,16,1:15,51940,51955,16,1:15,,,0,,,,0,,,,0,,,,0,,1,2,15,17,1,,,,
asymmetric,4,377,2,a,24,0,14400,16,51959,51959,51960,,,,51995,51962,51977,16,1:15,51978,51993,16,1:15,51979,51994,16,1:15,,,0,,,,0,,,,0,,,,0,,1,2,15,17,1,,,,
asymmetric,4,378,2,a,24,16,14528,16,51998,51998,51999,,,,52034,52001,52016,16,1:15,52017,52032,16,1:15,52018,52033,16,1:15,,,0,,,,0,,,,0,,,,0,,1,2,15,17,1,,,,
asymmetric,4,379,2,a,25,0,14656,16,52037,52037,52038,,,,52073,52040,52055,16,1:15,52056,52071,16,1:15,52057,52072,16,1:15,,,0,,,,0,,,,0,,,,0,,1,2,15,17,1,,,,
asymmetric,4,380,2,a,25,16,14784,16,52076,52076,52077,,,,52112,52079,52094,16,1:15,52095,52110,16,1:15,52096,52111,16,1:15,,,0,,,,0,,,,0,,,,0,,1,2,15,17,1,,,,
asymmetric,4,381,2,a,26,0,14912,16,52115,52115,52116,,,,52151,52118,52133,16,1:15,52134,52149,16,1:15,52135,52150,16,1:15,,,0,,,,0,,,,0,,,,0,,1,2,15,17,1,,,,
asymmetric,4,382,2,a,26,16,15040,16,52154,52154,52155,,,,52190,52157,52172,16,1:15,52173,52188,16,1:15,52174,52189,16,1:15,,,0,,,,0,,,,0,,,,0,,1,2,15,17,1,,,,
asymmetric,4,383,2,a,27,0,15168,16,52193,52193,52194,,,,52229,52196,52211,16,1:15,52212,52227,16,1:15,52213,52228,16,1:15,,,0,,,,0,,,,0,,,,0,,1,2,15,17,1,,,,
asymmetric,4,384,2,a,27,16,15296,16,52232,52232,52233,,,,52268,52235,52250,16,1:15,52251,52266,16,1:15,52252,52267,16,1:15,,,0,,,,0,,,,0,,,,0,,1,2,15,17,1,,,,
asymmetric,4,385,2,a,28,0,15424,16,52271,52271,52272,,,,52307,52274,52289,16,1:15,52290,52305,16,1:15,52291,52306,16,1:15,,,0,,,,0,,,,0,,,,0,,1,2,15,17,1,,,,
asymmetric,4,386,2,a,28,16,15552,16,52310,52310,52311,,,,52346,52313,52328,16,1:15,52329,52344,16,1:15,52330,52345,16,1:15,,,0,,,,0,,,,0,,,,0,,1,2,15,17,1,,,,
asymmetric,4,387,2,a,29,0,15680,16,52349,52349,52350,,,,52385,52352,52367,16,1:15,52368,52383,16,1:15,52369,52384,16,1:15,,,0,,,,0,,,,0,,,,0,,1,2,15,17,1,,,,
asymmetric,4,388,2,a,29,16,15808,16,52388,52388,52389,,,,52424,52391,52406,16,1:15,52407,52422,16,1:15,52408,52423,16,1:15,,,0,,,,0,,,,0,,,,0,,1,2,15,17,1,,,,
asymmetric,4,389,2,a,30,0,15936,16,52427,52427,52428,,,,52463,52430,52445,16,1:15,52446,52461,16,1:15,52447,52462,16,1:15,,,0,,,,0,,,,0,,,,0,,1,2,15,17,1,,,,
asymmetric,4,390,2,a,30,16,16064,16,52466,52466,52467,,,,52502,52469,52484,16,1:15,52485,52500,16,1:15,52486,52501,16,1:15,,,0,,,,0,,,,0,,,,0,,1,2,15,17,1,,,,
asymmetric,4,391,2,a,31,0,16192,16,52505,52505,52506,,,,52541,52508,52523,16,1:15,52524,52539,16,1:15,52525,52540,16,1:15,,,0,,,,0,,,,0,,,,0,,1,2,15,17,1,,,,
asymmetric,4,392,2,a,31,16,16320,8,52544,52544,52545,,,,52564,52547,52554,8,1:7,52555,52562,8,1:7,52556,52563,8,1:7,,,0,,,,0,,,,0,,,,0,,1,2,7,9,1,,,,
asymmetric,4,393,2,a,31,24,16384,8,52567,52567,52568,,,,52587,52570,52577,8,1:7,52578,52585,8,1:7,52579,52586,8,1:7,,,0,,,,0,,,,0,,,,0,,1,2,7,9,1,,,,
asymmetric,4,394,2,bt,0,0,16832,16,52595,52595,52596,,,,52631,52598,52613,16,1:15,52614,52629,16,1:15,52615,52630,16,1:15,,,0,,,,0,,,,0,,,,0,,1,2,15,17,1,,,,
asymmetric,4,395,2,bt,0,16,16960,16,52634,52634,52635,,,,52670,52637,52652,16,1:15,52653,52668,16,1:15,52654,52669,16,1:15,,,0,,,,0,,,,0,,,,0,,1,2,15,17,1,,,,
asymmetric,4,396,2,bt,1,0,17088,16,52673,52673,52674,,,,52709,52676,52691,16,1:15,52692,52707,16,1:15,52693,52708,16,1:15,,,0,,,,0,,,,0,,,,0,,1,2,15,17,1,,,,
asymmetric,4,397,2,bt,1,16,17216,16,52712,52712,52713,,,,52748,52715,52730,16,1:15,52731,52746,16,1:15,52732,52747,16,1:15,,,0,,,,0,,,,0,,,,0,,1,2,15,17,1,,,,
asymmetric,4,398,2,bt,2,0,17344,16,52751,52751,52752,,,,52787,52754,52769,16,1:15,52770,52785,16,1:15,52771,52786,16,1:15,,,0,,,,0,,,,0,,,,0,,1,2,15,17,1,,,,
asymmetric,4,399,2,bt,2,16,17472,16,52790,52790,52791,,,,52826,52793,52808,16,1:15,52809,52824,16,1:15,52810,52825,16,1:15,,,0,,,,0,,,,0,,,,0,,1,2,15,17,1,,,,
asymmetric,4,400,2,bt,3,0,17600,16,52829,52829,52830,,,,52865,52832,52847,16,1:15,52848,52863,16,1:15,52849,52864,16,1:15,,,0,,,,0,,,,0,,,,0,,1,2,15,17,1,,,,
asymmetric,4,401,2,bt,3,16,17728,16,52868,52868,52869,,,,52904,52871,52886,16,1:15,52887,52902,16,1:15,52888,52903,16,1:15,,,0,,,,0,,,,0,,,,0,,1,2,15,17,1,,,,
asymmetric,4,402,2,bt,4,0,17856,16,52907,52907,52908,,,,52943,52910,52925,16,1:15,52926,52941,16,1:15,52927,52942,16,1:15,,,0,,,,0,,,,0,,,,0,,1,2,15,17,1,,,,
asymmetric,4,403,2,bt,4,16,17984,16,52946,52946,52947,,,,52982,52949,52964,16,1:15,52965,52980,16,1:15,52966,52981,16,1:15,,,0,,,,0,,,,0,,,,0,,1,2,15,17,1,,,,
asymmetric,4,404,2,bt,5,0,18112,16,52985,52985,52986,,,,53021,52988,53003,16,1:15,53004,53019,16,1:15,53005,53020,16,1:15,,,0,,,,0,,,,0,,,,0,,1,2,15,17,1,,,,
asymmetric,4,405,2,bt,5,16,18240,16,53024,53024,53025,,,,53060,53027,53042,16,1:15,53043,53058,16,1:15,53044,53059,16,1:15,,,0,,,,0,,,,0,,,,0,,1,2,15,17,1,,,,
asymmetric,4,406,2,bt,6,0,18368,16,53063,53063,53064,,,,53099,53066,53081,16,1:15,53082,53097,16,1:15,53083,53098,16,1:15,,,0,,,,0,,,,0,,,,0,,1,2,15,17,1,,,,
asymmetric,4,407,2,bt,6,16,18496,16,53102,53102,53103,,,,53138,53105,53120,16,1:15,53121,53136,16,1:15,53122,53137,16,1:15,,,0,,,,0,,,,0,,,,0,,1,2,15,17,1,,,,
asymmetric,4,408,2,bt,7,0,18624,16,53141,53141,53142,,,,53177,53144,53159,16,1:15,53160,53175,16,1:15,53161,53176,16,1:15,,,0,,,,0,,,,0,,,,0,,1,2,15,17,1,,,,
asymmetric,4,409,2,bt,7,16,18752,16,53180,53180,53181,,,,53216,53183,53198,16,1:15,53199,53214,16,1:15,53200,53215,16,1:15,,,0,,,,0,,,,0,,,,0,,1,2,15,17,1,,,,
asymmetric,4,410,2,bt,8,0,18880,16,53219,53219,53220,,,,53255,53222,53237,16,1:15,53238,53253,16,1:15,53239,53254,16,1:15,,,0,,,,0,,,,0,,,,0,,1,2,15,17,1,,,,
asymmetric,4,411,2,bt,8,16,19008,16,53258,53258,53259,,,,53294,53261,53276,16,1:15,53277,53292,16,1:15,53278,53293,16,1:15,,,0,,,,0,,,,0,,,,0,,1,2,15,17,1,,,,
asymmetric,4,412,2,bt,9,0,19136,16,53297,53297,53298,,,,53333,53300,53315,16,1:15,53316,53331,16,1:15,53317,53332,16,1:15,,,0,,,,0,,,,0,,,,0,,1,2,15,17,1,,,,
asymmetric,4,413,2,bt,9,16,19264,16,53336,53336,53337,,,,53372,53339,53354,16,1:15,53355,53370,16,1:15,53356,53371,16,1:15,,,0,,,,0,,,,0,,,,0,,1,2,15,17,1,,,,
asymmetric,4,414,2,bt,10,0,19392,16,53375,53375,53376,,,,53411,53378,53393,16,1:15,53394,53409,16,1:15,53395,53410,16,1:15,,,0,,,,0,,,,0,,,,0,,1,2,15,17,1,,,,
asymmetric,4,415,2,bt,10,16,19520,16,53414,53414,53415,,,,53450,53417,53432,16,1:15,53433,53448,16,1:15,53434,53449,16,1:15,,,0,,,,0,,,,0,,,,0,,1,2,15,17,1,,,,
asymmetric,4,416,2,bt,11,0,19648,16,53453,53453,53454,,,,53489,53456,53471,16,1:15,53472,53487,16,1:15,53473,53488,16,1:15,,,0,,,,0,,,,0,,,,0,,1,2,15,17,1,,,,
asymmetric,4,417,2,bt,11,16,19776,16,53492,53492,53493,,,,53528,53495,53510,16,1:15,53511,53526,16,1:15,53512,53527,16,1:15,,,0,,,,0,,,,0,,,,0,,1,2,15,17,1,,,,
asymmetric,4,418,2,bt,12,0,19904,16,53531,53531,53532,,,,53567,53534,53549,16,1:15,53550,53565,16,1:15,53551,53566,16,1:15,,,0,,,,0,,,,0,,,,0,,1,2,15,17,1,,,,
asymmetric,4,419,2,bt,12,16,20032,16,53570,53570,53571,,,,53606,53573,53588,16,1:15,53589,53604,16,1:15,53590,53605,16,1:15,,,0,,,,0,,,,0,,,,0,,1,2,15,17,1,,,,
asymmetric,4,420,2,bt,13,0,20160,16,53609,53609,53610,,,,53645,53612,53627,16,1:15,53628,53643,16,1:15,53629,53644,16,1:15,,,0,,,,0,,,,0,,,,0,,1,2,15,17,1,,,,
asymmetric,4,421,2,bt,13,16,20288,16,53648,53648,53649,,,,53684,53651,53666,16,1:15,53667,53682,16,1:15,53668,53683,16,1:15,,,0,,,,0,,,,0,,,,0,,1,2,15,17,1,,,,
asymmetric,4,422,2,bt,14,0,20416,8,53687,53687,53688,,,,53707,53690,53697,8,1:7,53698,53705,8,1:7,53699,53706,8,1:7,,,0,,,,0,,,,0,,,,0,,1,2,7,9,1,,,,
asymmetric,4,423,2,bt,14,8,20480,16,53710,53710,53711,,,,53746,53713,53728,16,1:15,53729,53744,16,1:15,53730,53745,16,1:15,,,0,,,,0,,,,0,,,,0,,1,2,15,17,1,,,,
asymmetric,4,424,2,bt,14,24,20608,8,53749,53749,53750,,,,53769,53752,53759,8,1:7,53760,53767,8,1:7,53761,53768,8,1:7,,,0,,,,0,,,,0,,,,0,,1,2,7,9,1,,,,
asymmetric,4,425,2,bt,15,0,20672,16,53772,53772,53773,,,,53808,53775,53790,16,1:15,53791,53806,16,1:15,53792,53807,16,1:15,,,0,,,,0,,,,0,,,,0,,1,2,15,17,1,,,,
asymmetric,4,426,2,bt,15,16,20800,16,53811,53811,53812,,,,53847,53814,53829,16,1:15,53830,53845,16,1:15,53831,53846,16,1:15,,,0,,,,0,,,,0,,,,0,,1,2,15,17,1,,,,
asymmetric,4,427,2,bt,16,0,20928,16,53850,53850,53851,,,,53886,53853,53868,16,1:15,53869,53884,16,1:15,53870,53885,16,1:15,,,0,,,,0,,,,0,,,,0,,1,2,15,17,1,,,,
asymmetric,4,428,2,bt,16,16,21056,16,53889,53889,53890,,,,53925,53892,53907,16,1:15,53908,53923,16,1:15,53909,53924,16,1:15,,,0,,,,0,,,,0,,,,0,,1,2,15,17,1,,,,
asymmetric,4,429,2,bt,17,0,21184,16,53928,53928,53929,,,,53964,53931,53946,16,1:15,53947,53962,16,1:15,53948,53963,16,1:15,,,0,,,,0,,,,0,,,,0,,1,2,15,17,1,,,,
asymmetric,4,430,2,bt,17,16,21312,16,53967,53967,53968,,,,54003,53970,53985,16,1:15,53986,54001,16,1:15,53987,54002,16,1:15,,,0,,,,0,,,,0,,,,0,,1,2,15,17,1,,,,
asymmetric,4,431,2,bt,18,0,21440,16,54006,54006,54007,,,,54042,54009,54024,16,1:15,54025,54040,16,1:15,54026,54041,16,1:15,,,0,,,,0,,,,0,,,,0,,1,2,15,17,1,,,,
asymmetric,4,432,2,bt,18,16,21568,16,54045,54045,54046,,,,54081,54048,54063,16,1:15,54064,54079,16,1:15,54065,54080,16,1:15,,,0,,,,0,,,,0,,,,0,,1,2,15,17,1,,,,
asymmetric,4,433,2,bt,19,0,21696,16,54084,54084,54085,,,,54120,54087,54102,16,1:15,54103,54118,16,1:15,54104,54119,16,1:15,,,0,,,,0,,,,0,,,,0,,1,2,15,17,1,,,,
asymmetric,4,434,2,bt,19,16,21824,16,54123,54123,54124,,,,54159,54126,54141,16,1:15,54142,54157,16,1:15,54143,54158,16,1:15,,,0,,,,0,,,,0,,,,0,,1,2,15,17,1,,,,
asymmetric,4,435,2,bt,20,0,21952,16,54162,54162,54163,,,,54198,54165,54180,16,1:15,54181,54196,16,1:15,54182,54197,16,1:15,,,0,,,,0,,,,0,,,,0,,1,2,15,17,1,,,,
asymmetric,4,436,2,bt,20,16,22080,16,54201,54201,54202,,,,54237,54204,54219,16,1:15,54220,54235,16,1:15,54221,54236,16,1:15,,,0,,,,0,,,,0,,,,0,,1,2,15,17,1,,,,
asymmetric,4,437,2,bt,21,0,22208,16,54240,54240,54241,,,,54276,54243,54258,16,1:15,54259,54274,16,1:15,54260,54275,16,1:15,,,0,,,,0,,,,0,,,,0,,1,2,15,17,1,,,,
asymmetric,4,438,2,bt,21,16,22336,16,54279,54279,54280,,,,54315,54282,54297,16,1:15,54298,54313,16,1:15,54299,54314,16,1:15,,,0,,,,0,,,,0,,,,0,,1,2,15,17,1,,,,
asymmetric,4,439,2,bt,22,0,22464,16,54318,54318,54319,,,,54354,54321,54336,16,1:15,54337,54352,16,1:15,54338,54353,16,1:15,,,0,,,,0,,,,0,,,,0,,1,2,15,17,1,,,,
asymmetric,4,440,2,bt,22,16,22592,16,54357,54357,54358,,,,54393,54360,54375,16,1:15,54376,54391,16,1:15,54377,54392,16,1:15,,,0,,,,0,,,,0,,,,0,,1,2,15,17,1,,,,
asymmetric,4,441,2,bt,23,0,22720,16,54396,54396,54397,,,,54432,54399,54414,16,1:15,54415,54430,16,1:15,54416,54431,16,1:15,,,0,,,,0,,,,0,,,,0,,1,2,15,17,1,,,,
asymmetric,4,442,2,bt,23,16,22848,16,54435,54435,54436,,,,54471,54438,54453,16,1:15,54454,54469,16,1:15,54455,54470,16,1:15,,,0,,,,0,,,,0,,,,0,,1,2,15,17,1,,,,
asymmetric,4,443,2,bt,24,0,22976,16,54474,54474,54475,,,,54510,54477,54492,16,1:15,54493,54508,16,1:15,54494,54509,16,1:15,,,0,,,,0,,,,0,,,,0,,1,2,15,17,1,,,,
asymmetric,4,444,2,bt,24,16,23104,16,54513,54513,54514,,,,54549,54516,54531,16,1:15,54532,54547,16,1:15,54533,54548,16,1:15,,,0,,,,0,,,,0,,,,0,,1,2,15,17,1,,,,
asymmetric,4,445,2,bt,25,0,23232,16,54552,54552,54553,,,,54588,54555,54570,16,1:15,54571,54586,16,1:15,54572,54587,16,1:15,,,0,,,,0,,,,0,,,,0,,1,2,15,17,1,,,,
asymmetric,4,446,2,bt,25,16,23360,16,54591,54591,54592,,,,54627,54594,54609,16,1:15,54610,54625,16,1:15,54611,54626,16,1:15,,,0,,,,0,,,,0,,,,0,,1,2,15,17,1,,,,
asymmetric,4,447,2,bt,26,0,23488,16,54630,54630,54631,,,,54666,54633,54648,16,1:15,54649,54664,16,1:15,54650,54665,16,1:15,,,0,,,,0,,,,0,,,,0,,1,2,15,17,1,,,,
asymmetric,4,448,2,bt,26,16,23616,16,54669,54669,54670,,,,54705,54672,54687,16,1:15,54688,54703,16,1:15,54689,54704,16,1:15,,,0,,,,0,,,,0,,,,0,,1,2,15,17,1,,,,
asymmetric,4,449,2,bt,27,0,23744,16,54708,54708,54709,,,,54744,54711,54726,16,1:15,54727,54742,16,1:15,54728,54743,16,1:15,,,0,,,,0,,,,0,,,,0,,1,2,15,17,1,,,,
asymmetric,4,450,2,bt,27,16,23872,16,54747,54747,54748,,,,54783,54750,54765,16,1:15,54766,54781,16,1:15,54767,54782,16,1:15,,,0,,,,0,,,,0,,,,0,,1,2,15,17,1,,,,
asymmetric,4,451,2,bt,28,0,24000,16,54786,54786,54787,,,,54822,54789,54804,16,1:15,54805,54820,16,1:15,54806,54821,16,1:15,,,0,,,,0,,,,0,,,,0,,1,2,15,17,1,,,,
asymmetric,4,452,2,bt,28,16,24128,16,54825,54825,54826,,,,54861,54828,54843,16,1:15,54844,54859,16,1:15,54845,54860,16,1:15,,,0,,,,0,,,,0,,,,0,,1,2,15,17,1,,,,
asymmetric,4,453,2,bt,29,0,24256,16,54864,54864,54865,,,,54900,54867,54882,16,1:15,54883,54898,16,1:15,54884,54899,16,1:15,,,0,,,,0,,,,0,,,,0,,1,2,15,17,1,,,,
asymmetric,4,454,2,bt,29,16,24384,16,54903,54903,54904,,,,54939,54906,54921,16,1:15,54922,54937,16,1:15,54923,54938,16,1:15,,,0,,,,0,,,,0,,,,0,,1,2,15,17,1,,,,
asymmetric,4,455,2,bt,30,0,24512,8,54942,54942,54943,,,,54962,54945,54952,8,1:7,54953,54960,8,1:7,54954,54961,8,1:7,,,0,,,,0,,,,0,,,,0,,1,2,7,9,1,,,,
asymmetric,4,456,2,bt,30,8,24576,16,54965,54965,54966,,,,55001,54968,54983,16,1:15,54984,54999,16,1:15,54985,55000,16,1:15,,,0,,,,0,,,,0,,,,0,,1,2,15,17,1,,,,
asymmetric,4,457,2,bt,30,24,24704,8,55004,55004,55005,,,,55024,55007,55014,8,1:7,55015,55022,8,1:7,55016,55023,8,1:7,,,0,,,,0,,,,0,,,,0,,1,2,7,9,1,,,,
asymmetric,4,458,2,bt,31,0,24768,16,55027,55027,55028,,,,55063,55030,55045,16,1:15,55046,55061,16,1:15,55047,55062,16,1:15,,,0,,,,0,,,,0,,,,0,,1,2,15,17,1,,,,
asymmetric,4,459,2,bt,31,16,24896,16,55066,55066,55067,,,,55102,55069,55084,16,1:15,55085,55100,16,1:15,55086,55101,16,1:15,,,0,,,,0,,,,0,,,,0,,1,2,15,17,1,,,,
asymmetric,4,460,2,c,0,0,41280,16,72392,72392,,72457,72456,72474,72475,,,0,,,,0,,,,0,,72393,72453,16,4:15,72395,72455,16,4:15,72396,72456,16,4:15,72457,72472,16,1:15,,,,,,64,16,2,1
asymmetric,4,461,2,c,1,0,41536,16,72478,72478,,72543,72542,72560,72561,,,0,,,,0,,,,0,,72479,72539,16,4:15,72481,72541,16,4:15,72482,72542,16,4:15,72543,72558,16,1:15,,,,,,64,16,2,1
asymmetric,4,462,2,c,2,0,41792,16,72564,72564,,72629,72628,72646,72647,,,0,,,,0,,,,0,,72565,72625,16,4:15,72567,72627,16,4:15,72568,72628,16,4:15,72629,72644,16,1:15,,,,,,64,16,2,1
asymmetric,4,463,2,c,3,0,42048,16,72650,72650,,72715,72714,72732,72733,,,0,,,,0,,,,0,,72651,72711,16,4:15,72653,72713,16,4:15,72654,72714,16,4:15,72715,72730,16,1:15,,,,,,64,16,2,1
asymmetric,4,464,2,c,4,0,42304,16,72736,72736,,72801,72800,72818,72819,,,0,,,,0,,,,0,,72737,72797,16,4:15,72739,72799,16,4:15,72740,72800,16,4:15,72801,72816,16,1:15,,,,,,64,16,2,1
asymmetric,4,465,2,c,5,0,42560,16,72822,72822,,72887,72886,72904,72905,,,0,,,,0,,,,0,,72823,72883,16,4:15,72825,72885,16,4:15,72826,72886,16,4:15,72887,72902,16,1:15,,,,,,64,16,2,1
asymmetric,4,466,2,c,6,0,42816,16,72908,72908,,72973,72972,72990,72991,,,0,,,,0,,,,0,,72909,72969,16,4:15,72911,72971,16,4:15,72912,72972,16,4:15,72973,72988,16,1:15,,,,,,64,16,2,1
asymmetric,4,467,2,c,7,0,43072,16,72994,72994,,73059,73058,73076,73077,,,0,,,,0,,,,0,,72995,73055,16,4:15,72997,73057,16,4:15,72998,73058,16,4:15,73059,73074,16,1:15,,,,,,64,16,2,1
asymmetric,4,468,2,c,8,0,43328,16,73080,73080,,73145,73144,73162,73163,,,0,,,,0,,,,0,,73081,73141,16,4:15,73083,73143,16,4:15,73084,73144,16,4:15,73145,73160,16,1:15,,,,,,64,16,2,1
asymmetric,4,469,2,c,9,0,43584,16,73166,73166,,73231,73230,73248,73249,,,0,,,,0,,,,0,,73167,73227,16,4:15,73169,73229,16,4:15,73170,73230,16,4:15,73231,73246,16,1:15,,,,,,64,16,2,1
asymmetric,4,470,2,c,10,0,43840,16,73252,73252,,73317,73316,73334,73335,,,0,,,,0,,,,0,,73253,73313,16,4:15,73255,73315,16,4:15,73256,73316,16,4:15,73317,73332,16,1:15,,,,,,64,16,2,1
asymmetric,4,471,2,c,11,0,44096,16,73338,73338,,73403,73402,73420,73421,,,0,,,,0,,,,0,,73339,73399,16,4:15,73341,73401,16,4:15,73342,73402,16,4:15,73403,73418,16,1:15,,,,,,64,16,2,1
asymmetric,4,472,2,c,12,0,44352,16,73424,73424,,73489,73488,73506,73507,,,0,,,,0,,,,0,,73425,73485,16,4:15,73427,73487,16,4:15,73428,73488,16,4:15,73489,73504,16,1:15,,,,,,64,16,2,1
asymmetric,4,473,2,c,13,0,44608,16,73510,73510,,73575,73574,73592,73593,,,0,,,,0,,,,0,,73511,73571,16,4:15,73513,73573,16,4:15,73514,73574,16,4:15,73575,73590,16,1:15,,,,,,64,16,2,1
asymmetric,4,474,2,c,14,0,44864,16,73596,73596,,73661,73660,73678,73679,,,0,,,,0,,,,0,,73597,73657,16,4:15,73599,73659,16,4:15,73600,73660,16,4:15,73661,73676,16,1:15,,,,,,64,16,2,1
asymmetric,4,475,2,c,15,0,45120,16,73682,73682,,73747,73746,73764,73765,,,0,,,,0,,,,0,,73683,73743,16,4:15,73685,73745,16,4:15,73686,73746,16,4:15,73747,73762,16,1:15,,,,,,64,16,2,1
asymmetric,4,476,2,c,16,0,45376,16,73768,73768,,73833,73832,73850,73851,,,0,,,,0,,,,0,,73769,73829,16,4:15,73771,73831,16,4:15,73772,73832,16,4:15,73833,73848,16,1:15,,,,,,64,16,2,1
asymmetric,4,477,2,c,17,0,45632,16,73854,73854,,73919,73918,73936,73937,,,0,,,,0,,,,0,,73855,73915,16,4:15,73857,73917,16,4:15,73858,73918,16,4:15,73919,73934,16,1:15,,,,,,64,16,2,1
asymmetric,4,478,2,c,18,0,45888,16,73940,73940,,74005,74004,74022,74023,,,0,,,,0,,,,0,,73941,74001,16,4:15,73943,74003,16,4:15,73944,74004,16,4:15,74005,74020,16,1:15,,,,,,64,16,2,1
asymmetric,4,479,2,c,19,0,46144,16,74026,74026,,74091,74090,74108,74109,,,0,,,,0,,,,0,,74027,74087,16,4:15,74029,74089,16,4:15,74030,74090,16,4:15,74091,74106,16,1:15,,,,,,64,16,2,1
asymmetric,4,480,2,c,20,0,46400,16,74112,74112,,74177,74176,74194,74195,,,0,,,,0,,,,0,,74113,74173,16,4:15,74115,74175,16,4:15,74116,74176,16,4:15,74177,74192,16,1:15,,,,,,64,16,2,1
asymmetric,4,481,2,c,21,0,46656,16,74198,74198,,74263,74262,74280,74281,,,0,,,,0,,,,0,,74199,74259,16,4:15,74201,74261,16,4:15,74202,74262,16,4:15,74263,74278,16,1:15,,,,,,64,16,2,1
asymmetric,4,482,2,c,22,0,46912,16,74284,74284,,74349,74348,74366,74367,,,0,,,,0,,,,0,,74285,74345,16,4:15,74287,74347,16,4:15,74288,74348,16,4:15,74349,74364,16,1:15,,,,,,64,16,2,1
asymmetric,4,483,2,c,23,0,47168,16,74370,74370,,74435,74434,74452,74453,,,0,,,,0,,,,0,,74371,74431,16,4:15,74373,74433,16,4:15,74374,74434,16,4:15,74435,74450,16,1:15,,,,,,64,16,2,1
asymmetric,4,484,2,c,24,0,47424,16,74456,74456,,74521,74520,74538,74539,,,0,,,,0,,,,0,,74457,74517,16,4:15,74459,74519,16,4:15,74460,74520,16,4:15,74521,74536,16,1:15,,,,,,64,16,2,1
asymmetric,4,485,2,c,25,0,47680,16,74542,74542,,74607,74606,74624,74625,,,0,,,,0,,,,0,,74543,74603,16,4:15,74545,74605,16,4:15,74546,74606,16,4:15,74607,74622,16,1:15,,,,,,64,16,2,1
asymmetric,4,486,2,c,26,0,47936,16,74628,74628,,74693,74692,74710,74711,,,0,,,,0,,,,0,,74629,74689,16,4:15,74631,74691,16,4:15,74632,74692,16,4:15,74693,74708,16,1:15,,,,,,64,16,2,1
asymmetric,4,487,2,c,27,0,48192,16,74714,74714,,74779,74778,74796,74797,,,0,,,,0,,,,0,,74715,74775,16,4:15,74717,74777,16,4:15,74718,74778,16,4:15,74779,74794,16,1:15,,,,,,64,16,2,1
asymmetric,4,488,2,c,28,0,48448,16,74800,74800,,74865,74864,74882,74883,,,0,,,,0,,,,0,,74801,74861,16,4:15,74803,74863,16,4:15,74804,74864,16,4:15,74865,74880,16,1:15,,,,,,64,16,2,1
asymmetric,4,489,2,c,29,0,48704,16,74886,74886,,74951,74950,74968,74969,,,0,,,,0,,,,0,,74887,74947,16,4:15,74889,74949,16,4:15,74890,74950,16,4:15,74951,74966,16,1:15,,,,,,64,16,2,1
asymmetric,4,490,2,c,30,0,48960,16,74972,74972,,75037,75036,75054,75055,,,0,,,,0,,,,0,,74973,75033,16,4:15,74975,75035,16,4:15,74976,75036,16,4:15,75037,75052,16,1:15,,,,,,64,16,2,1
asymmetric,4,491,2,c,31,0,49216,16,75058,75058,,75123,75122,75140,75141,,,0,,,,0,,,,0,,75059,75119,16,4:15,75061,75121,16,4:15,75062,75122,16,4:15,75123,75138,16,1:15,,,,,,64,16,2,1
asymmetric,4,492,3,a,0,0,8256,16,75150,75150,75151,,,,75186,75153,75168,16,1:15,75169,75184,16,1:15,75170,75185,16,1:15,,,0,,,,0,,,,0,,,,0,,1,2,15,17,1,,,,
asymmetric,4,493,3,a,0,16,8384,16,75189,75189,75190,,,,75225,75192,75207,16,1:15,75208,75223,16,1:15,75209,75224,16,1:15,,,0,,,,0,,,,0,,,,0,,1,2,15,17,1,,,,
asymmetric,4,494,3,a,1,0,8512,16,75228,75228,75229,,,,75264,75231,75246,16,1:15,75247,75262,16,1:15,75248,75263,16,1:15,,,0,,,,0,,,,0,,,,0,,1,2,15,17,1,,,,
asymmetric,4,495,3,a,1,16,8640,16,75267,75267,75268,,,,75303,75270,75285,16,1:15,75286,75301,16,1:15,75287,75302,16,1:15,,,0,,,,0,,,,0,,,,0,,1,2,15,17,1,,,,
asymmetric,4,496,3,a,2,0,8768,16,75306,75306,75307,,,,75342,75309,75324,16,1:15,75325,75340,16,1:15,75326,75341,16,1:15,,,0,,,,0,,,,0,,,,0,,1,2,15,17,1,,,,
asymmetric,4,497,3,a,2,16,8896,16,75345,75345,75346,,,,75381,75348,75363,16,1:15,75364,75379,16,1:15,75365,75380,16,1:15,,,0,,,,0,,,,0,,,,0,,1,2,15,17,1,,,,
asymmetric,4,498,3,a,3,0,9024,16,75384,75384,75385,,,,75420,75387,75402,16,1:15,75403,75418,16,1:15,75404,75419,16,1:15,,,0,,,,0,,,,0,,,,0,,1,2,15,17,1,,,,
asymmetric,4,499,3,a,3,16,9152,16,75423,75423,75424,,,,75459,75426,75441,16,1:15,75442,75457,16,1:15,75443,75458,16,1:15,,,0,,,,0,,,,0,,,,0,,1,2,15,17,1,,,,
asymmetric,4,500,3,a,4,0,9280,16,75462,75462,75463,,,,75498,75465,75480,16,1:15,75481,75496,16,1:15,75482,75497,16,1:15,,,0,,,,0,,,,0,,,,0,,1,2,15,17,1,,,,
asymmetric,4,501,3,a,4,16,9408,16,75501,75501,75502,,,,75537,75504,75519,16,1:15,75520,75535,16,1:15,75521,75536,16,1:15,,,0,,,,0,,,,0,,,,0,,1,2,15,17,1,,,,
asymmetric,4,502,3,a,5,0,9536,16,75540,75540,75541,,,,75576,75543,75558,16,1:15,75559,75574,16,1:15,75560,75575,16,1:15,,,0,,,,0,,,,0,,,,0,,1,2,15,17,1,,,,
asymmetric,4,503,3,a,5,16,9664,16,75579,75579,75580,,,,75615,75582,75597,16,1:15,75598,75613,16,1:15,75599,75614,16,1:15,,,0,,,,0,,,,0,,,,0,,1,2,15,17,1,,,,
asymmetric,4,504,3,a,6,0,9792,16,75618,75618,75619,,,,75654,75621,75636,16,1:15,75637,75652,16,1:15,75638,75653,16,1:15,,,0,,,,0,,,,0,,,,0,,1,2,15,17,1,,,,
asymmetric,4,505,3,a,6,16,9920,16,75657,75657,75658,,,,75693,75660,75675,16,1:15,75676,75691,16,1:15,75677,75692,16,1:15,,,0,,,,0,,,,0,,,,0,,1,2,15,17,1,,,,
asymmetric,4,506,3,a,7,0,10048,16,75696,75696,75697,,,,75732,75699,75714,16,1:15,75715,75730,16,1:15,75716,75731,16,1:15,,,0,,,,0,,,,0,,,,0,,1,2,15,17,1,,,,
asymmetric,4,507,3,a,7,16,10176,16,75735,75735,75736,,,,75771,75738,75753,16,1:15,75754,75769,16,1:15,75755,75770,16,1:15,,,0,,,,0,,,,0,,,,0,,1,2,15,17,1,,,,
asymmetric,4,508,3,a,8,0,10304,16,75774,75774,75775,,,,75810,75777,75792,16,1:15,75793,75808,16,1:15,75794,75809,16,1:15,,,0,,,,0,,,,0,,,,0,,1,2,15,17,1,,,,
asymmetric,4,509,3,a,8,16,10432,16,75813,75813,75814,,,,75849,75816,75831,16,1:15,75832,75847,16,1:15,75833,75848,16,1:15,,,0,,,,0,,,,0,,,,0,,1,2,15,17,1,,,,
asymmetric,4,510,3,a,9,0,10560,16,75852,75852,75853,,,,75888,75855,75870,16,1:15,75871,75886,16,1:15,75872,75887,16,1:15,,,0,,,,0,,,,0,,,,0,,1,2,15,17,1,,,,
asymmetric,4,511,3,a,9,16,10688,16,75891,75891,75892,,,,75927,75894,75909,16,1:15,75910,75925,16,1:15,75911,75926,16,1:15,,,0,,,,0,,,,0,,,,0,,1,2,15,17,1,,,,
asymmetric,4,512,3,a,10,0,10816,16,75930,75930,75931,,,,75966,75933,75948,16,1:15,75949,75964,16,1:15,75950,75965,16,1:15,,,0,,,,0,,,,0,,,,0,,1,2,15,17,1,,,,
asymmetric,4,513,3,a,10,16,10944,16,75969,75969,75970,,,,76005,75972,75987,16,1:15,75988,76003,16,1:15,75989,76004,16,1:15,,,0,,,,0,,,,0,,,,0,,1,2,15,17,1,,,,
asymmetric,4,514,3,a,11,0,11072,16,76008,76008,76009,,,,76044,76011,76026,16,1:15,76027,76042,16,1:15,76028,76043,16,1:15,,,0,,,,0,,,,0,,,,0,,1,2,15,17,1,,,,
asymmetric,4,515,3,a,11,16,11200,16,76047,76047,76048,,,,76083,76050,76065,16,1:15,76066,76081,16,1:15,76067,76082,16,1:15,,,0,,,,0,,,,0,,,,0,,1,2,15,17,1,,,,
asymmetric,4,516,3,a,12,0,11328,16,76086,76086,76087,,,,76122,76089,76104,16,1:15,76105,76120,16,1:15,76106,76121,16,1:15,,,0,,,,0,,,,0,,,,0,,1,2,15,17,1,,,,
asymmetric,4,517,3,a,12,16,11456,16,76125,76125,76126,,,,76161,76128,76143,16,1:15,76144,76159,16,1:15,76145,76160,16,1:15,,,0,,,,0,,,,0,,,,0,,1,2,15,17,1,,,,
asymmetric,4,518,3,a,13,0,11584,16,76164,76164,76165,,,,76200,76167,76182,16,1:15,76183,76198,16,1:15,76184,76199,16,1:15,,,0,,,,0,,,,0,,,,0,,1,2,15,17,1,,,,
asymmetric,4,519,3,a,13,16,11712,16,76203,76203,76204,,,,76239,76206,76221,16,1:15,76222,76237,16,1:15,76223,76238,16,1:15,,,0,,,,0,,,,0,,,,0,,1,2,15,17,1,,,,
asymmetric,4,520,3,a,14,0,11840,16,76242,76242,76243,,,,76278,76245,76260,16,1:15,76261,76276,16,1:15,76262,76277,16,1:15,,,0,,,,0,,,,0,,,,0,,1,2,15,17,1,,,,
asymmetric,4,521,3,a,14,16,11968,16,76281,76281,76282,,,,76317,76284,76299,16,1:15,76300,76315,16,1:15,76301,76316,16,1:15,,,0,,,,0,,,,0,,,,0,,1,2,15,17,1,,,,
asymmetric,4,522,3,a,15,0,12096,16,76320,76320,76321,,,,76356,76323,76338,16,1:15,76339,76354,16,1:15,76340,76355,16,1:15,,,0,,,,0,,,,0,,,,0,,1,2,15,17,1,,,,
asymmetric,4,523,3,a,15,16,12224,8,76359,76359,76360,,,,76379,76362,76369,8,1:7,76370,76377,8,1:7,76371,76378,8,1:7,,,0,,,,0,,,,0,,,,0,,1,2,7,9,1,,,,
asymmetric,4,524,3,a,15,24,12288,8,76382,76382,76383,,,,76402,76385,76392,8,1:7,76393,76400,8,1:7,76394,76401,8,1:7,,,0,,,,0,,,,0,,,,0,,1,2,7,9,1,,,,
asymmetric,4,525,3,a,16,0,12352,16,76405,76405,76406,,,,76441,76408,76423,16,1:15,76424,76439,16,1:15,76425,76440,16,1:15,,,0,,,,0,,,,0,,,,0,,1,2,15,17,1,,,,
asymmetric,4,526,3,a,16,16,12480,16,76444,76444,76445,,,,76480,76447,76462,16,1:15,76463,76478,16,1:15,76464,76479,16,1:15,,,0,,,,0,,,,0,,,,0,,1,2,15,17,1,,,,
asymmetric,4,527,3,a,17,0,12608,16,76483,76483,76484,,,,76519,76486,76501,16,1:15,76502,76517,16,1:15,76503,76518,16,1:15,,,0,,,,0,,,,0,,,,0,,1,2,15,17,1,,,,
asymmetric,4,528,3,a,17,16,12736,16,76522,76522,76523,,,,76558,76525,76540,16,1:15,76541,76556,16,1:15,76542,76557,16,1:15,,,0,,,,0,,,,0,,,,0,,1,2,15,17,1,,,,
asymmetric,4,529,3,a,18,0,12864,16,76561,76561,76562,,,,76597,76564,76579,16,1:15,76580,76595,16,1:15,76581,76596,16,1:15,,,0,,,,0,,,,0,,,,0,,1,2,15,17,1,,,,
asymmetric,4,530,3,a,18,16,12992,16,76600,76600,76601,,,,76636,76603,76618,16,1:15,76619,76634,16,1:15,76620,76635,16,1:15,,,0,,,,0,,,,0,,,,0,,1,2,15,17,1,,,,
asymmetric,4,531,3,a,19,0,13120,16,76639,76639,76640,,,,76675,76642,76657,16,1:15,76658,76673,16,1:15,76659,76674,16,1:15,,,0,,,,0,,,,0,,,,0,,1,2,15,17,1,,,,
asymmetric,4,532,3,a,19,16,13248,16,76678,76678,76679,,,,76714,76681,76696,16,1:15,76697,76712,16,1:15,76698,76713,16,1:15,,,0,,,,0,,,,0,,,,0,,1,2,15,17,1,,,,
asymmetric,4,533,3,a,20,0,13376,16,76717,76717,76718,,,,76753,76720,76735,16,1:15,76736,76751,16,1:15,76737,76752,16,1:15,,,0,,,,0,,,,0,,,,0,,1,2,15,17,1,,,,
asymmetric,4,534,3,a,20,16,13504,16,76756,76756,76757,,,,76792,76759,76774,16,1:15,76775,76790,16,1:15,76776,76791,16,1:15,,,0,,,,0,,,,0,,,,0,,1,2,15,17,1,,,,
asymmetric,4,535,3,a,21,0,13632,16,76795,76795,76796,,,,76831,76798,76813,16,1:15,76814,76829,16,1:15,76815,76830,16,1:15,,,0,,,,0,,,,0,,,,0,,1,2,15,17,1,,,,
asymmetric,4,536,3,a,21,16,13760,16,76834,76834,76835,,,,76870,76837,76852,16,1:15,76853,76868,16,1:15,76854,76869,16,1:15,,,0,,,,0,,,,0,,,,0,,1,2,15,17,1,,,,
asymmetric,4,537,3,a,22,0,13888,16,76873,76873,76874,,,,76909,76876,76891,16,1:15,76892,76907,16,1:15,76893,76908,16,1:15,,,0,,,,0,,,,0,,,,0,,1,2,15,17,1,,,,
asymmetric,4,538,3,a,22,16,14016,16,76912,76912,76913,,,,76948,76915,76930,16,1:15,76931,76946,16,1:15,76932,76947,16,1:15,,,0,,,,0,,,,0,,,,0,,1,2,15,17,1,,,,
asymmetric,4,539,3,a,23,0,14144,16,76951,76951,76952,,,,76987,76954,76969,16,1:15,76970,76985,16,1:15,76971,76986,16,1:15,,,0,,,,0,,,,0,,,,0,,1,2,15,17,1,,,,
asymmetric,4,540,3,a,23,16,14272,16,76990,76990,76991,,,,77026,76993,77008,16,1:15,77009,77024,16,1:15,77010,77025,16,1:15,,,0,,,,0,,,,0,,,,0,,1,2,15,17,1,,,,
asymmetric,4,541,3,a,24,0,14400,16,77029,77029,77030,,,,77065,77032,77047,16,1:15,77048,77063,16,1:15,77049,77064,16,1:15,,,0,,,,0,,,,0,,,,0,,1,2,15,17,1,,,,
asymmetric,4,542,3,a,24,16,14528,16,77068,77068,77069,,,,77104,77071,77086,16,1:15,77087,77102,16,1:15,77088,77103,16,1:15,,,0,,,,0,,,,0,,,,0,,1,2,15,17,1,,,,
asymmetric,4,543,3,a,25,0,14656,16,77107,77107,77108,,,,77143,77110,77125,16,1:15,77126,77141,16,1:15,77127,77142,16,1:15,,,0,,,,0,,,,0,,,,0,,1,2,15,17,1,,,,
asymmetric,4,544,3,a,25,16,14784,16,77146,77146,77147,,,,77182,77149,77164,16,1:15,77165,77180,16,1:15,77166,77181,16,1:15,,,0,,,,0,,,,0,,,,0,,1,2,15,17,1,,,,
asymmetric,4,545,3,a,26,0,14912,16,77185,77185,77186,,,,77221,77188,77203,16,1:15,77204,77219,16,1:15,77205,77220,16,1:15,,,0,,,,0,,,,0,,,,0,,1,2,15,17,1,,,,
asymmetric,4,546,3,a,26,16,15040,16,77224,77224,77225,,,,77260,77227,77242,16,1:15,77243,77258,16,1:15,77244,77259,16,1:15,,,0,,,,0,,,,0,,,,0,,1,2,15,17,1,,,,
asymmetric,4,547,3,a,27,0,15168,16,77263,77263,77264,,,,77299,77266,77281,16,1:15,77282,77297,16,1:15,77283,77298,16,1:15,,,0,,,,0,,,,0,,,,0,,1,2,15,17,1,,,,
asymmetric,4,548,3,a,27,16,15296,16,77302,77302,77303,,,,77338,77305,77320,16,1:15,77321,77336,16,1:15,77322,77337,16,1:15,,,0,,,,0,,,,0,,,,0,,1,2,15,17,1,,,,
asymmetric,4,549,3,a,28,0,15424,16,77341,77341,77342,,,,77377,77344,77359,16,1:15,77360,77375,16,1:15,77361,77376,16,1:15,,,0,,,,0,,,,0,,,,0,,1,2,15,17,1,,,,
asymmetric,4,550,3,a,28,16,15552,16,77380,77380,77381,,,,77416,77383,77398,16,1:15,77399,77414,16,1:15,77400,77415,16,1:15,,,0,,,,0,,,,0,,,,0,,1,2,15,17,1,,,,
asymmetric,4,551,3,a,29,0,15680,16,77419,77419,77420,,,,77455,77422,77437,16,1:15,77438,77453,16,1:15,77439,77454,16,1:15,,,0,,,,0,,,,0,,,,0,,1,2,15,17,1,,,,
asymmetric,4,552,3,a,29,16,15808,16,77458,77458,77459,,,,77494,77461,77476,16,1:15,77477,77492,16,1:15,77478,77493,16,1:15,,,0,,,,0,,,,0,,,,0,,1,2,15,17,1,,,,
asymmetric,4,553,3,a,30,0,15936,16,77497,77497,77498,,,,77533,77500,77515,16,1:15,77516,77531,16,1:15,77517,77532,16,1:15,,,0,,,,0,,,,0,,,,0,,1,2,15,17,1,,,,
asymmetric,4,554,3,a,30,16,16064,16,77536,77536,77537,,,,77572,77539,77554,16,1:15,77555,77570,16,1:15,77556,77571,16,1:15,,,0,,,,0,,,,0,,,,0,,1,2,15,17,1,,,,
asymmetric,4,555,3,a,31,0,16192,16,77575,77575,77576,,,,77611,77578,77593,16,1:15,77594,77609,16,1:15,77595,77610,16,1:15,,,0,,,,0,,,,0,,,,0,,1,2,15,17,1,,,,
asymmetric,4,556,3,a,31,16,16320,8,77614,77614,77615,,,,77634,77617,77624,8,1:7,77625,77632,8,1:7,77626,77633,8,1:7,,,0,,,,0,,,,0,,,,0,,1,2,7,9,1,,,,
asymmetric,4,557,3,a,31,24,16384,8,77637,77637,77638,,,,77657,77640,77647,8,1:7,77648,77655,8,1:7,77649,77656,8,1:7,,,0,,,,0,,,,0,,,,0,,1,2,7,9,1,,,,
asymmetric,4,558,3,bt,0,0,25024,16,77665,77665,77666,,,,77701,77668,77683,16,1:15,77684,77699,16,1:15,77685,77700,16,1:15,,,0,,,,0,,,,0,,,,0,,1,2,15,17,1,,,,
asymmetric,4,559,3,bt,0,16,25152,16,77704,77704,77705,,,,77740,77707,77722,16,1:15,77723,77738,16,1:15,77724,77739,16,1:15,,,0,,,,0,,,,0,,,,0,,1,2,15,17,1,,,,
asymmetric,4,560,3,bt,1,0,25280,16,77743,77743,77744,,,,77779,77746,77761,16,1:15,77762,77777,16,1:15,77763,77778,16,1:15,,,0,,,,0,,,,0,,,,0,,1,2,15,17,1,,,,
asymmetric,4,561,3,bt,1,16,25408,16,77782,77782,77783,,,,77818,77785,77800,16,1:15,77801,77816,16,1:15,77802,77817,16,1:15,,,0,,,,0,,,,0,,,,0,,1,2,15,17,1,,,,
asymmetric,4,562,3,bt,2,0,25536,16,77821,77821,77822,,,,77857,77824,77839,16,1:15,77840,77855,16,1:15,77841,77856,16,1:15,,,0,,,,0,,,,0,,,,0,,1,2,15,17,1,,,,
asymmetric,4,563,3,bt,2,16,25664,16,77860,77860,77861,,,,77896,77863,77878,16,1:15,77879,77894,16,1:15,77880,77895,16,1:15,,,0,,,,0,,,,0,,,,0,,1,2,15,17,1,,,,
asymmetric,4,564,3,bt,3,0,25792,16,77899,77899,77900,,,,77935,77902,77917,16,1:15,77918,77933,16,1:15,77919,77934,16,1:15,,,0,,,,0,,,,0,,,,0,,1,2,15,17,1,,,,
asymmetric,4,565,3,bt,3,16,25920,16,77938,77938,77939,,,,77974,77941,77956,16,1:15,77957,77972,16,1:15,77958,77973,16,1:15,,,0,,,,0,,,,0,,,,0,,1,2,15,17,1,,,,
asymmetric,4,566,3,bt,4,0,26048,16,77977,77977,77978,,,,78013,77980,77995,16,1:15,77996,78011,16,1:15,77997,78012,16,1:15,,,0,,,,0,,,,0,,,,0,,1,2,15,17,1,,,,
asymmetric,4,567,3,bt,4,16,26176,16,78016,78016,78017,,,,78052,78019,78034,16,1:15,78035,78050,16,1:15,78036,78051,16,1:15,,,0,,,,0,,,,0,,,,0,,1,2,15,17,1,,,,
asymmetric,4,568,3,bt,5,0,26304,16,78055,78055,78056,,,,78091,78058,78073,16,1:15,78074,78089,16,1:15,78075,78090,16,1:15,,,0,,,,0,,,,0,,,,0,,1,2,15,17,1,,,,
asymmetric,4,569,3,bt,5,16,26432,16,78094,78094,78095,,,,78130,78097,78112,16,1:15,78113,78128,16,1:15,78114,78129,16,1:15,,,0,,,,0,,,,0,,,,0,,1,2,15,17,1,,,,
asymmetric,4,570,3,bt,6,0,26560,16,78133,78133,78134,,,,78169,78136,78151,16,1:15,78152,78167,16,1:15,78153,78168,16,1:15,,,0,,,,0,,,,0,,,,0,,1,2,15,17,1,,,,
asymmetric,4,571,3,bt,6,16,26688,16,78172,78172,78173,,,,78208,78175,78190,16,1:15,78191,78206,16,1:15,78192,78207,16,1:15,,,0,,,,0,,,,0,,,,0,,1,2,15,17,1,,,,
asymmetric,4,572,3,bt,7,0,26816,16,78211,78211,78212,,,,78247,78214,78229,16,1:15,78230,78245,16,1:15,78231,78246,16,1:15,,,0,,,,0,,,,0,,,,0,,1,2,15,17,1,,,,
asymmetric,4,573,3,bt,7,16,26944,16,78250,78250,78251,,,,78286,78253,78268,16,1:15,78269,78284,16,1:15,78270,78285,16,1:15,,,0,,,,0,,,,0,,,,0,,1,2,15,17,1,,,,
asymmetric,4,574,3,bt,8,0,27072,16,78289,78289,78290,,,,78325,78292,78307,16,1:15,78308,78323,16,1:15,78309,78324,16,1:15,,,0,,,,0,,,,0,,,,0,,1,2,15,17,1,,,,
asymmetric,4,575,3,bt,8,16,27200,16,78328,78328,78329,,,,78364,78331,78346,16,1:15,78347,78362,16,1:15,78348,78363,16,1:15,,,0,,,,0,,,,0,,,,0,,1,2,15,17,1,,,,
asymmetric,4,576,3,bt,9,0,27328,16,78367,78367,78368,,,,78403,78370,78385,16,1:15,78386,78401,16,1:15,78387,78402,16,1:15,,,0,,,,0,,,,0,,,,0,,1,2,15,17,1,,,,
asymmetric,4,577,3,bt,9,16,27456,16,78406,78406,78407,,,,78442,78409,78424,16,1:15,78425,78440,16,1:15,78426,78441,16,1:15,,,0,,,,0,,,,0,,,,0,,1,2,15,17,1,,,,
asymmetric,4,578,3,bt,10,0,27584,16,78445,78445,78446,,,,78481,78448,78463,16,1:15,78464,78479,16,1:15,78465,78480,16,1:15,,,0,,,,0,,,,0,,,,0,,1,2,15,17,1,,,,
asymmetric,4,579,3,bt,10,16,27712,16,78484,78484,78485,,,,78520,78487,78502,16,1:15,78503,78518,16,1:15,78504,78519,16,1:15,,,0,,,,0,,,,0,,,,0,,1,2,15,17,1,,,,
asymmetric,4,580,3,bt,11,0,27840,16,78523,78523,78524,,,,78559,78526,78541,16,1:15,78542,78557,16,1:15,78543,78558,16,1:15,,,0,,,,0,,,,0,,,,0,,1,2,15,17,1,,,,
asymmetric,4,581,3,bt,11,16,27968,16,78562,78562,78563,,,,78598,78565,78580,16,1:15,78581,78596,16,1:15,78582,78597,16,1:15,,,0,,,,0,,,,0,,,,0,,1,2,15,17,1,,,,
asymmetric,4,582,3,bt,12,0,28096,16,78601,78601,78602,,,,78637,78604,78619,16,1:15,78620,78635,16,1:15,78621,78636,16,1:15,,,0,,,,0,,,,0,,,,0,,1,2,15,17,1,,,,
asymmetric,4,583,3,bt,12,16,28224,16,78640,78640,78641,,,,78676,78643,78658,16,1:15,78659,78674,16,1:15,78660,78675,16,1:15,,,0,,,,0,,,,0,,,,0,,1,2,15,17,1,,,,
asymmetric,4,584,3,bt,13,0,28352,16,78679,78679,78680,,,,78715,78682,78697,16,1:15,78698,78713,16,1:15,78699,78714,16,1:15,,,0,,,,0,,,,0,,,,0,,1,2,15,17,1,,,,
asymmetric,4,585,3,bt,13,16,28480,16,78718,78718,78719,,,,78754,78721,78736,16,1:15,78737,78752,16,1:15,78738,78753,16,1:15,,,0,,,,0,,,,0,,,,0,,1,2,15,17,1,,,,
asymmetric,4,586,3,bt,14,0,28608,8,78757,78757,78758,,,,78777,78760,78767,8,1:7,78768,78775,8,1:7,78769,78776,8,1:7,,,0,,,,0,,,,0,,,,0,,1,2,7,9,1,,,,
asymmetric,4,587,3,bt,14,8,28672,16,78780,78780,78781,,,,78816,78783,78798,16,1:15,78799,78814,16,1:15,78800,78815,16,1:15,,,0,,,,0,,,,0,,,,0,,1,2,15,17,1,,,,
asymmetric,4,588,3,bt,14,24,28800,8,78819,78819,78820,,,,78839,78822,78829,8,1:7,78830,78837,8,1:7,78831,78838,8,1:7,,,0,,,,0,,,,0,,,,0,,1,2,7,9,1,,,,
asymmetric,4,589,3,bt,15,0,28864,16,78842,78842,78843,,,,78878,78845,78860,16,1:15,78861,78876,16,1:15,78862,78877,16,1:15,,,0,,,,0,,,,0,,,,0,,1,2,15,17,1,,,,
asymmetric,4,590,3,bt,15,16,28992,16,78881,78881,78882,,,,78917,78884,78899,16,1:15,78900,78915,16,1:15,78901,78916,16,1:15,,,0,,,,0,,,,0,,,,0,,1,2,15,17,1,,,,
asymmetric,4,591,3,bt,16,0,29120,16,78920,78920,78921,,,,78956,78923,78938,16,1:15,78939,78954,16,1:15,78940,78955,16,1:15,,,0,,,,0,,,,0,,,,0,,1,2,15,17,1,,,,
asymmetric,4,592,3,bt,16,16,29248,16,78959,78959,78960,,,,78995,78962,78977,16,1:15,78978,78993,16,1:15,78979,78994,16,1:15,,,0,,,,0,,,,0,,,,0,,1,2,15,17,1,,,,
asymmetric,4,593,3,bt,17,0,29376,16,78998,78998,78999,,,,79034,79001,79016,16,1:15,79017,79032,16,1:15,79018,79033,16,1:15,,,0,,,,0,,,,0,,,,0,,1,2,15,17,1,,,,
asymmetric,4,594,3,bt,17,16,29504,16,79037,79037,79038,,,,79073,79040,79055,16,1:15,79056,79071,16,1:15,79057,79072,16,1:15,,,0,,,,0,,,,0,,,,0,,1,2,15,17,1,,,,
asymmetric,4,595,3,bt,18,0,29632,16,79076,79076,79077,,,,79112,79079,79094,16,1:15,79095,79110,16,1:15,79096,79111,16,1:15,,,0,,,,0,,,,0,,,,0,,1,2,15,17,1,,,,
asymmetric,4,596,3,bt,18,16,29760,16,79115,79115,79116,,,,79151,79118,79133,16,1:15,79134,79149,16,1:15,79135,79150,16,1:15,,,0,,,,0,,,,0,,,,0,,1,2,15,17,1,,,,
asymmetric,4,597,3,bt,19,0,29888,16,79154,79154,79155,,,,79190,79157,79172,16,1:15,79173,79188,16,1:15,79174,79189,16,1:15,,,0,,,,0,,,,0,,,,0,,1,2,15,17,1,,,,
asymmetric,4,598,3,bt,19,16,30016,16,79193,79193,79194,,,,79229,79196,79211,16,1:15,79212,79227,16,1:15,79213,79228,16,1:15,,,0,,,,0,,,,0,,,,0,,1,2,15,17,1,,,,
asymmetric,4,599,3,bt,20,0,30144,16,79232,79232,79233,,,,79268,79235,79250,16,1:15,79251,79266,16,1:15,79252,79267,16,1:15,,,0,,,,0,,,,0,,,,0,,1,2,15,17,1,,,,
asymmetric,4,600,3,bt,20,16,30272,16,79271,79271,79272,,,,79307,79274,79289,16,1:15,79290,79305,16,1:15,79291,79306,16,1:15,,,0,,,,0,,,,0,,,,0,,1,2,15,17,1,,,,
asymmetric,4,601,3,bt,21,0,30400,16,79310,79310,79311,,,,79346,79313,79328,16,1:15,79329,79344,16,1:15,79330,79345,16,1:15,,,0,,,,0,,,,0,,,,0,,1,2,15,17,1,,,,
asymmetric,4,602,3,bt,21,16,30528,16,79349,79349,79350,,,,79385,79352,79367,16,1:15,79368,79383,16,1:15,79369,79384,16,1:15,,,0,,,,0,,,,0,,,,0,,1,2,15,17,1,,,,
asymmetric,4,603,3,bt,22,0,30656,16,79388,79388,79389,,,,79424,79391,79406,16,1:15,79407,79422,16,1:15,79408,79423,16,1:15,,,0,,,,0,,,,0,,,,0,,1,2,15,17,1,,,,
asymmetric,4,604,3,bt,22,16,30784,16,79427,79427,79428,,,,79463,79430,79445,16,1:15,79446,79461,16,1:15,79447,79462,16,1:15,,,0,,,,0,,,,0,,,,0,,1,2,15,17,1,,,,
asymmetric,4,605,3,bt,23,0,30912,16,79466,79466,79467,,,,79502,79469,79484,16,1:15,79485,79500,16,1:15,79486,79501,16,1:15,,,0,,,,0,,,,0,,,,0,,1,2,15,17,1,,,,
asymmetric,4,606,3,bt,23,16,31040,16,79505,79505,79506,,,,79541,79508,79523,16,1:15,79524,79539,16,1:15,79525,79540,16,1:15,,,0,,,,0,,,,0,,,,0,,1,2,15,17,1,,,,
asymmetric,4,607,3,bt,24,0,31168,16,79544,79544,79545,,,,79580,79547,79562,16,1:15,79563,79578,16,1:15,79564,79579,16,1:15,,,0,,,,0,,,,0,,,,0,,1,2,15,17,1,,,,
asymmetric,4,608,3,bt,24,16,31296,16,79583,79583,79584,,,,79619,79586,79601,16,1:15,79602,79617,16,1:15,79603,79618,16,1:15,,,0,,,,0,,,,0,,,,0,,1,2,15,17,1,,,,
asymmetric,4,609,3,bt,25,0,31424,16,79622,79622,79623,,,,79658,79625,79640,16,1:15,79641,79656,16,1:15,79642,79657,16,1:15,,,0,,,,0,,,,0,,,,0,,1,2,15,17,1,,,,
asymmetric,4,610,3,bt,25,16,31552,16,79661,79661,79662,,,,79697,79664,79679,16,1:15,79680,79695,16,1:15,79681,79696,16,1:15,,,0,,,,0,,,,0,,,,0,,1,2,15,17,1,,,,
asymmetric,4,611,3,bt,26,0,31680,16,79700,79700,79701,,,,79736,79703,79718,16,1:15,79719,79734,16,1:15,79720,79735,16,1:15,,,0,,,,0,,,,0,,,,0,,1,2,15,17,1,,,,
asymmetric,4,612,3,bt,26,16,31808,16,79739,79739,79740,,,,79775,79742,79757,16,1:15,79758,79773,16,1:15,79759,79774,16,1:15,,,0,,,,0,,,,0,,,,0,,1,2,15,17,1,,,,
asymmetric,4,613,3,bt,27,0,31936,16,79778,79778,79779,,,,79814,79781,79796,16,1:15,79797,79812,16,1:15,79798,79813,16,1:15,,,0,,,,0,,,,0,,,,0,,1,2,15,17,1,,,,
asymmetric,4,614,3,bt,27,16,32064,16,79817,79817,79818,,,,79853,79820,79835,16,1:15,79836,79851,16,1:15,79837,79852,16,1:15,,,0,,,,0,,,,0,,,,0,,1,2,15,17,1,,,,
asymmetric,4,615,3,bt,28,0,32192,16,79856,79856,79857,,,,79892,79859,79874,16,1:15,79875,79890,16,1:15,79876,79891,16,1:15,,,0,,,,0,,,,0,,,,0,,1,2,15,17,1,,,,
asymmetric,4,616,3,bt,28,16,32320,16,79895,79895,79896,,,,79931,79898,79913,16,1:15,79914,79929,16,1:15,79915,79930,16,1:15,,,0,,,,0,,,,0,,,,0,,1,2,15,17,1,,,,
asymmetric,4,617,3,bt,29,0,32448,16,79934,79934,79935,,,,79970,79937,79952,16,1:15,79953,79968,16,1:15,79954,79969,16,1:15,,,0,,,,0,,,,0,,,,0,,1,2,15,17,1,,,,
asymmetric,4,618,3,bt,29,16,32576,16,79973,79973,79974,,,,80009,79976,79991,16,1:15,79992,80007,16,1:15,79993,80008,16,1:15,,,0,,,,0,,,,0,,,,0,,1,2,15,17,1,,,,
asymmetric,4,619,3,bt,30,0,32704,8,80012,80012,80013,,,,80032,80015,80022,8,1:7,80023,80030,8,1:7,80024,80031,8,1:7,,,0,,,,0,,,,0,,,,0,,1,2,7,9,1,,,,
asymmetric,4,620,3,bt,30,8,32768,16,80035,80035,80036,,,,80071,80038,80053,16,1:15,80054,80069,16,1:15,80055,80070,16,1:15,,,0,,,,0,,,,0,,,,0,,1,2,15,17,1,,,,
asymmetric,4,621,3,bt,30,24,32896,8,80074,80074,80075,,,,80094,80077,80084,8,1:7,80085,80092,8,1:7,80086,80093,8,1:7,,,0,,,,0,,,,0,,,,0,,1,2,7,9,1,,,,
asymmetric,4,622,3,c,0,0,41408,16,97384,97384,,97449,97448,97466,97467,,,0,,,,0,,,,0,,97385,97445,16,4:15,97387,97447,16,4:15,97388,97448,16,4:15,97449,97464,16,1:15,,,,,,64,16,2,1
asymmetric,4,623,3,c,1,0,41664,16,97470,97470,,97535,97534,97552,97553,,,0,,,,0,,,,0,,97471,97531,16,4:15,97473,97533,16,4:15,97474,97534,16,4:15,97535,97550,16,1:15,,,,,,64,16,2,1
asymmetric,4,624,3,c,2,0,41920,16,97556,97556,,97621,97620,97638,97639,,,0,,,,0,,,,0,,97557,97617,16,4:15,97559,97619,16,4:15,97560,97620,16,4:15,97621,97636,16,1:15,,,,,,64,16,2,1
asymmetric,4,625,3,c,3,0,42176,16,97642,97642,,97707,97706,97724,97725,,,0,,,,0,,,,0,,97643,97703,16,4:15,97645,97705,16,4:15,97646,97706,16,4:15,97707,97722,16,1:15,,,,,,64,16,2,1
asymmetric,4,626,3,c,4,0,42432,16,97728,97728,,97793,97792,97810,97811,,,0,,,,0,,,,0,,97729,97789,16,4:15,97731,97791,16,4:15,97732,97792,16,4:15,97793,97808,16,1:15,,,,,,64,16,2,1
asymmetric,4,627,3,c,5,0,42688,16,97814,97814,,97879,97878,97896,97897,,,0,,,,0,,,,0,,97815,97875,16,4:15,97817,97877,16,4:15,97818,97878,16,4:15,97879,97894,16,1:15,,,,,,64,16,2,1
asymmetric,4,628,3,c,6,0,42944,16,97900,97900,,97965,97964,97982,97983,,,0,,,,0,,,,0,,97901,97961,16,4:15,97903,97963,16,4:15,97904,97964,16,4:15,97965,97980,16,1:15,,,,,,64,16,2,1
asymmetric,4,629,3,c,7,0,43200,16,97986,97986,,98051,98050,98068,98069,,,0,,,,0,,,,0,,97987,98047,16,4:15,97989,98049,16,4:15,97990,98050,16,4:15,98051,98066,16,1:15,,,,,,64,16,2,1
asymmetric,4,630,3,c,8,0,43456,16,98072,98072,,98137,98136,98154,98155,,,0,,,,0,,,,0,,98073,98133,16,4:15,98075,98135,16,4:15,98076,98136,16,4:15,98137,98152,16,1:15,,,,,,64,16,2,1
asymmetric,4,631,3,c,9,0,43712,16,98158,98158,,98223,98222,98240,98241,,,0,,,,0,,,,0,,98159,98219,16,4:15,98161,98221,16,4:15,98162,98222,16,4:15,98223,98238,16,1:15,,,,,,64,16,2,1
asymmetric,4,632,3,c,10,0,43968,16,98244,98244,,98309,98308,98326,98327,,,0,,,,0,,,,0,,98245,98305,16,4:15,98247,98307,16,4:15,98248,98308,16,4:15,98309,98324,16,1:15,,,,,,64,16,2,1
asymmetric,4,633,3,c,11,0,44224,16,98330,98330,,98395,98394,98412,98413,,,0,,,,0,,,,0,,98331,98391,16,4:15,98333,98393,16,4:15,98334,98394,16,4:15,98395,98410,16,1:15,,,,,,64,16,2,1
asymmetric,4,634,3,c,12,0,44480,16,98416,98416,,98481,98480,98498,98499,,,0,,,,0,,,,0,,98417,98477,16,4:15,98419,98479,16,4:15,98420,98480,16,4:15,98481,98496,16,1:15,,,,,,64,16,2,1
asymmetric,4,635,3,c,13,0,44736,16,98502,98502,,98567,98566,98584,98585,,,0,,,,0,,,,0,,98503,98563,16,4:15,98505,98565,16,4:15,98506,98566,16,4:15,98567,98582,16,1:15,,,,,,64,16,2,1
asymmetric,4,636,3,c,14,0,44992,8,98588,98588,,98621,98620,98630,98631,,,0,,,,0,,,,0,,98589,98617,8,4:7,98591,98619,8,4:7,98592,98620,8,4:7,98621,98628,8,1:7,,,,,,32,8,2,1
asymmetric,4,637,3,c,14,8,45056,8,98634,98634,,98667,98666,98676,98677,,,0,,,,0,,,,0,,98635,98663,8,4:7,98637,98665,8,4:7,98638,98666,8,4:7,98667,98674,8,1:7,,,,,,32,8,2,1
asymmetric,4,638,3,c,15,0,45248,16,98680,98680,,98745,98744,98762,98763,,,0,,,,0,,,,0,,98681,98741,16,4:15,98683,98743,16,4:15,98684,98744,16,4:15,98745,98760,16,1:15,,,,,,64,16,2,1
asymmetric,4,639,3,c,16,0,45504,16,98766,98766,,98831,98830,98848,98849,,,0,,,,0,,,,0,,98767,98827,16,4:15,98769,98829,16,4:15,98770,98830,16,4:15,98831,98846,16,1:15,,,,,,64,16,2,1
asymmetric,4,640,3,c,17,0,45760,16,98852,98852,,98917,98916,98934,98935,,,0,,,,0,,,,0,,98853,98913,16,4:15,98855,98915,16,4:15,98856,98916,16,4:15,98917,98932,16,1:15,,,,,,64,16,2,1
asymmetric,4,641,3,c,18,0,46016,16,98938,98938,,99003,99002,99020,99021,,,0,,,,0,,,,0,,98939,98999,16,4:15,98941,99001,16,4:15,98942,99002,16,4:15,99003,99018,16,1:15,,,,,,64,16,2,1
asymmetric,4,642,3,c,19,0,46272,16,99024,99024,,99089,99088,99106,99107,,,0,,,,0,,,,0,,99025,99085,16,4:15,99027,99087,16,4:15,99028,99088,16,4:15,99089,99104,16,1:15,,,,,,64,16,2,1
asymmetric,4,643,3,c,20,0,46528,16,99110,99110,,99175,99174,99192,99193,,,0,,,,0,,,,0,,99111,99171,16,4:15,99113,99173,16,4:15,99114,99174,16,4:15,99175,99190,16,1:15,,,,,,64,16,2,1
asymmetric,4,644,3,c,21,0,46784,16,99196,99196,,99261,99260,99278,99279,,,0,,,,0,,,,0,,99197,99257,16,4:15,99199,99259,16,4:15,99200,99260,16,4:15,99261,99276,16,1:15,,,,,,64,16,2,1
asymmetric,4,645,3,c,22,0,47040,16,99282,99282,,99347,99346,99364,99365,,,0,,,,0,,,,0,,99283,99343,16,4:15,99285,99345,16,4:15,99286,99346,16,4:15,99347,99362,16,1:15,,,,,,64,16,2,1
asymmetric,4,646,3,c,23,0,47296,16,99368,99368,,99433,99432,99450,99451,,,0,,,,0,,,,0,,99369,99429,16,4:15,99371,99431,16,4:15,99372,99432,16,4:15,99433,99448,16,1:15,,,,,,64,16,2,1
asymmetric,4,647,3,c,24,0,47552,16,99454,99454,,99519,99518,99536,99537,,,0,,,,0,,,,0,,99455,99515,16,4:15,99457,99517,16,4:15,99458,99518,16,4:15,99519,99534,16,1:15,,,,,,64,16,2,1
asymmetric,4,648,3,c,25,0,47808,16,99540,99540,,99605,99604,99622,99623,,,0,,,,0,,,,0,,99541,99601,16,4:15,99543,99603,16,4:15,99544,99604,16,4:15,99605,99620,16,1:15,,,,,,64,16,2,1
asymmetric,4,649,3,c,26,0,48064,16,99626,99626,,99691,99690,99708,99709,,,0,,,,0,,,,0,,99627,99687,16,4:15,99629,99689,16,4:15,99630,99690,16,4:15,99691,99706,16,1:15,,,,,,64,16,2,1
asymmetric,4,650,3,c,27,0,48320,16,99712,99712,,99777,99776,99794,99795,,,0,,,,0,,,,0,,99713,99773,16,4:15,99715,99775,16,4:15,99716,99776,16,4:15,99777,99792,16,1:15,,,,,,64,16,2,1
asymmetric,4,651,3,c,28,0,48576,16,99798,99798,,99863,99862,99880,99881,,,0,,,,0,,,,0,,99799,99859,16,4:15,99801,99861,16,4:15,99802,99862,16,4:15,99863,99878,16,1:15,,,,,,64,16,2,1
asymmetric,4,652,3,c,29,0,48832,16,99884,99884,,99949,99948,99966,99967,,,0,,,,0,,,,0,,99885,99945,16,4:15,99887,99947,16,4:15,99888,99948,16,4:15,99949,99964,16,1:15,,,,,,64,16,2,1
asymmetric,4,653,3,c,30,0,49088,8,99970,99970,,100003,100002,100012,100013,,,0,,,,0,,,,0,,99971,99999,8,4:7,99973,100001,8,4:7,99974,100002,8,4:7,100003,100010,8,1:7,,,,,,32,8,2,1
asymmetric,4,654,3,c,30,8,49152,8,100016,100016,,100049,100048,100058,100059,,,0,,,,0,,,,0,,100017,100045,8,4:7,100019,100047,8,4:7,100020,100048,8,4:7,100049,100056,8,1:7,,,,,,32,8,2,1
asymmetric,4,655,3,c,31,0,49344,16,100062,100062,,100127,100126,100144,100145,,,0,,,,0,,,,0,,100063,100123,16,4:15,100065,100125,16,4:15,100066,100126,16,4:15,100127,100142,16,1:15,,,,,,64,16,2,1
asymmetric,4,656,4,a,0,0,16448,16,100154,100154,100155,,,,100190,100157,100172,16,1:15,100173,100188,16,1:15,100174,100189,16,1:15,,,0,,,,0,,,,0,,,,0,,1,2,15,17,1,,,,
asymmetric,4,657,4,a,0,16,16576,16,100193,100193,100194,,,,100229,100196,100211,16,1:15,100212,100227,16,1:15,100213,100228,16,1:15,,,0,,,,0,,,,0,,,,0,,1,2,15,17,1,,,,
asymmetric,4,658,4,bt,0,0,16832,16,100237,100237,100238,,,,100273,100240,100255,16,1:15,100256,100271,16,1:15,100257,100272,16,1:15,,,0,,,,0,,,,0,,,,0,,1,2,15,17,1,,,,
asymmetric,4,659,4,bt,0,16,16960,16,100276,100276,100277,,,,100312,100279,100294,16,1:15,100295,100310,16,1:15,100296,100311,16,1:15,,,0,,,,0,,,,0,,,,0,,1,2,15,17,1,,,,
asymmetric,4,660,4,bt,1,0,17088,16,100315,100315,100316,,,,100351,100318,100333,16,1:15,100334,100349,16,1:15,100335,100350,16,1:15,,,0,,,,0,,,,0,,,,0,,1,2,15,17,1,,,,
asymmetric,4,661,4,bt,1,16,17216,16,100354,100354,100355,,,,100390,100357,100372,16,1:15,100373,100388,16,1:15,100374,100389,16,1:15,,,0,,,,0,,,,0,,,,0,,1,2,15,17,1,,,,
asymmetric,4,662,4,bt,2,0,17344,16,100393,100393,100394,,,,100429,100396,100411,16,1:15,100412,100427,16,1:15,100413,100428,16,1:15,,,0,,,,0,,,,0,,,,0,,1,2,15,17,1,,,,
asymmetric,4,663,4,bt,2,16,17472,16,100432,100432,100433,,,,100468,100435,100450,16,1:15,100451,100466,16,1:15,100452,100467,16,1:15,,,0,,,,0,,,,0,,,,0,,1,2,15,17,1,,,,
asymmetric,4,664,4,bt,3,0,17600,16,100471,100471,100472,,,,100507,100474,100489,16,1:15,100490,100505,16,1:15,100491,100506,16,1:15,,,0,,,,0,,,,0,,,,0,,1,2,15,17,1,,,,
asymmetric,4,665,4,bt,3,16,17728,16,100510,100510,100511,,,,100546,100513,100528,16,1:15,100529,100544,16,1:15,100530,100545,16,1:15,,,0,,,,0,,,,0,,,,0,,1,2,15,17,1,,,,
asymmetric,4,666,4,bt,4,0,17856,16,100549,100549,100550,,,,100585,100552,100567,16,1:15,100568,100583,16,1:15,100569,100584,16,1:15,,,0,,,,0,,,,0,,,,0,,1,2,15,17,1,,,,
asymmetric,4,667,4,bt,4,16,17984,16,100588,100588,100589,,,,100624,100591,100606,16,1:15,100607,100622,16,1:15,100608,100623,16,1:15,,,0,,,,0,,,,0,,,,0,,1,2,15,17,1,,,,
asymmetric,4,668,4,bt,5,0,18112,16,100627,100627,100628,,,,100663,100630,100645,16,1:15,100646,100661,16,1:15,100647,100662,16,1:15,,,0,,,,0,,,,0,,,,0,,1,2,15,17,1,,,,
asymmetric,4,669,4,bt,5,16,18240,16,100666,100666,100667,,,,100702,100669,100684,16,1:15,100685,100700,16,1:15,100686,100701,16,1:15,,,0,,,,0,,,,0,,,,0,,1,2,15,17,1,,,,
asymmetric,4,670,4,bt,6,0,18368,16,100705,100705,100706,,,,100741,100708,100723,16,1:15,100724,100739,16,1:15,100725,100740,16,1:15,,,0,,,,0,,,,0,,,,0,,1,2,15,17,1,,,,
asymmetric,4,671,4,bt,6,16,18496,16,100744,100744,100745,,,,100780,100747,100762,16,1:15,100763,100778,16,1:15,100764,100779,16,1:15,,,0,,,,0,,,,0,,,,0,,1,2,15,17,1,,,,
asymmetric,4,672,4,bt,7,0,18624,16,100783,100783,100784,,,,100819,100786,100801,16,1:15,100802,100817,16,1:15,100803,100818,16,1:15,,,0,,,,0,,,,0,,,,0,,1,2,15,17,1,,,,
asymmetric,4,673,4,bt,7,16,18752,16,100822,100822,100823,,,,100858,100825,100840,16,1:15,100841,100856,16,1:15,100842,100857,16,1:15,,,0,,,,0,,,,0,,,,0,,1,2,15,17,1,,,,
asymmetric,4,674,4,bt,8,0,18880,16,100861,100861,100862,,,,100897,100864,100879,16,1:15,100880,100895,16,1:15,100881,100896,16,1:15,,,0,,,,0,,,,0,,,,0,,1,2,15,17,1,,,,
asymmetric,4,675,4,bt,8,16,19008,16,100900,100900,100901,,,,100936,100903,100918,16,1:15,100919,100934,16,1:15,100920,100935,16,1:15,,,0,,,,0,,,,0,,,,0,,1,2,15,17,1,,,,
asymmetric,4,676,4,bt,9,0,19136,16,100939,100939,100940,,,,100975,100942,100957,16,1:15,100958,100973,16,1:15,100959,100974,16,1:15,,,0,,,,0,,,,0,,,,0,,1,2,15,17,1,,,,
asymmetric,4,677,4,bt,9,16,19264,16,100978,100978,100979,,,,101014,100981,100996,16,1:15,100997,101012,16,1:15,100998,101013,16,1:15,,,0,,,,0,,,,0,,,,0,,1,2,15,17,1,,,,
asymmetric,4,678,4,bt,10,0,19392,16,101017,101017,101018,,,,101053,101020,101035,16,1:15,101036,101051,16,1:15,101037,101052,16,1:15,,,0,,,,0,,,,0,,,,0,,1,2,15,17,1,,,,
asymmetric,4,679,4,bt,10,16,19520,16,101056,101056,101057,,,,101092,101059,101074,16,1:15,101075,101090,16,1:15,101076,101091,16,1:15,,,0,,,,0,,,,0,,,,0,,1,2,15,17,1,,,,
asymmetric,4,680,4,bt,11,0,19648,16,101095,101095,101096,,,,101131,101098,101113,16,1:15,101114,101129,16,1:15,101115,101130,16,1:15,,,0,,,,0,,,,0,,,,0,,1,2,15,17,1,,,,
asymmetric,4,681,4,bt,11,16,19776,16,101134,101134,101135,,,,101170,101137,101152,16,1:15,101153,101168,16,1:15,101154,101169,16,1:15,,,0,,,,0,,,,0,,,,0,,1,2,15,17,1,,,,
asymmetric,4,682,4,bt,12,0,19904,16,101173,101173,101174,,,,101209,101176,101191,16,1:15,101192,101207,16,1:15,101193,101208,16,1:15,,,0,,,,0,,,,0,,,,0,,1,2,15,17,1,,,,
asymmetric,4,683,4,bt,12,16,20032,16,101212,101212,101213,,,,101248,101215,101230,16,1:15,101231,101246,16,1:15,101232,101247,16,1:15,,,0,,,,0,,,,0,,,,0,,1,2,15,17,1,,,,
asymmetric,4,684,4,bt,13,0,20160,16,101251,101251,101252,,,,101287,101254,101269,16,1:15,101270,101285,16,1:15,101271,101286,16,1:15,,,0,,,,0,,,,0,,,,0,,1,2,15,17,1,,,,
asymmetric,4,685,4,bt,13,16,20288,16,101290,101290,101291,,,,101326,101293,101308,16,1:15,101309,101324,16,1:15,101310,101325,16,1:15,,,0,,,,0,,,,0,,,,0,,1,2,15,17,1,,,,
asymmetric,4,686,4,bt,14,0,20416,8,101329,101329,101330,,,,101349,101332,101339,8,1:7,101340,101347,8,1:7,101341,101348,8,1:7,,,0,,,,0,,,,0,,,,0,,1,2,7,9,1,,,,
asymmetric,4,687,4,bt,14,8,20480,16,101352,101352,101353,,,,101388,101355,101370,16,1:15,101371,101386,16,1:15,101372,101387,16,1:15,,,0,,,,0,,,,0,,,,0,,1,2,15,17,1,,,,
asymmetric,4,688,4,bt,14,24,20608,8,101391,101391,101392,,,,101411,101394,101401,8,1:7,101402,101409,8,1:7,101403,101410,8,1:7,,,0,,,,0,,,,0,,,,0,,1,2,7,9,1,,,,
asymmetric,4,689,4,bt,15,0,20672,16,101414,101414,101415,,,,101450,101417,101432,16,1:15,101433,101448,16,1:15,101434,101449,16,1:15,,,0,,,,0,,,,0,,,,0,,1,2,15,17,1,,,,
asymmetric,4,690,4,bt,15,16,20800,16,101453,101453,101454,,,,101489,101456,101471,16,1:15,101472,101487,16,1:15,101473,101488,16,1:15,,,0,,,,0,,,,0,,,,0,,1,2,15,17,1,,,,
asymmetric,4,691,4,bt,16,0,20928,16,101492,101492,101493,,,,101528,101495,101510,16,1:15,101511,101526,16,1:15,101512,101527,16,1:15,,,0,,,,0,,,,0,,,,0,,1,2,15,17,1,,,,
asymmetric,4,692,4,bt,16,16,21056,16,101531,101531,101532,,,,101567,101534,101549,16,1:15,101550,101565,16,1:15,101551,101566,16,1:15,,,0,,,,0,,,,0,,,,0,,1,2,15,17,1,,,,
asymmetric,4,693,4,bt,17,0,21184,16,101570,101570,101571,,,,101606,101573,101588,16,1:15,101589,101604,16,1:15,101590,101605,16,1:15,,,0,,,,0,,,,0,,,,0,,1,2,15,17,1,,,,
asymmetric,4,694,4,bt,17,16,21312,16,101609,101609,101610,,,,101645,101612,101627,16,1:15,101628,101643,16,1:15,101629,101644,16,1:15,,,0,,,,0,,,,0,,,,0,,1,2,15,17,1,,,,
asymmetric,4,695,4,bt,18,0,21440,16,101648,101648,101649,,,,101684,101651,101666,16,1:15,101667,101682,16,1:15,101668,101683,16,1:15,,,0,,,,0,,,,0,,,,0,,1,2,15,17,1,,,,
asymmetric,4,696,4,bt,18,16,21568,16,101687,101687,101688,,,,101723,101690,101705,16,1:15,101706,101721,16,1:15,101707,101722,16,1:15,,,0,,,,0,,,,0,,,,0,,1,2,15,17,1,,,,
asymmetric,4,697,4,bt,19,0,21696,16,101726,101726,101727,,,,101762,101729,101744,16,1:15,101745,101760,16,1:15,101746,101761,16,1:15,,,0,,,,0,,,,0,,,,0,,1,2,15,17,1,,,,
asymmetric,4,698,4,bt,19,16,21824,16,101765,101765,101766,,,,101801,101768,101783,16,1:15,101784,101799,16,1:15,101785,101800,16,1:15,,,0,,,,0,,,,0,,,,0,,1,2,15,17,1,,,,
asymmetric,4,699,4,bt,20,0,21952,16,101804,101804,101805,,,,101840,101807,101822,16,1:15,101823,101838,16,1:15,101824,101839,16,1:15,,,0,,,,0,,,,0,,,,0,,1,2,15,17,1,,,,
asymmetric,4,700,4,bt,20,16,22080,16,101843,101843,101844,,,,101879,101846,101861,16,1:15,101862,101877,16,1:15,101863,101878,16,1:15,,,0,,,,0,,,,0,,,,0,,1,2,15,17,1,,,,
asymmetric,4,701,4,bt,21,0,22208,16,101882,101882,101883,,,,101918,101885,101900,16,1:15,101901,101916,16,1:15,101902,101917,16,1:15,,,0,,,,0,,,,0,,,,0,,1,2,15,17,1,,,,
asymmetric,4,702,4,bt,21,16,22336,16,101921,101921,101922,,,,101957,101924,101939,16,1:15,101940,101955,16,1:15,101941,101956,16,1:15,,,0,,,,0,,,,0,,,,0,,1,2,15,17,1,,,,
asymmetric,4,703,4,bt,22,0,22464,16,101960,101960,101961,,,,101996,101963,101978,16,1:15,101979,101994,16,1:15,101980,101995,16,1:15,,,0,,,,0,,,,0,,,,0,,1,2,15,17,1,,,,
asymmetric,4,704,4,bt,22,16,22592,16,101999,101999,102000,,,,102035,102002,102017,16,1:15,102018,102033,16,1:15,102019,102034,16,1:15,,,0,,,,0,,,,0,,,,0,,1,2,15,17,1,,,,
asymmetric,4,705,4,bt,23,0,22720,16,102038,102038,102039,,,,102074,102041,102056,16,1:15,102057,102072,16,1:15,102058,102073,16,1:15,,,0,,,,0,,,,0,,,,0,,1,2,15,17,1,,,,
asymmetric,4,706,4,bt,23,16,22848,16,102077,102077,102078,,,,102113,102080,102095,16,1:15,102096,102111,16,1:15,102097,102112,16,1:15,,,0,,,,0,,,,0,,,,0,,1,2,15,17,1,,,,
asymmetric,4,707,4,bt,24,0,22976,16,102116,102116,102117,,,,102152,102119,102134,16,1:15,102135,102150,16,1:15,102136,102151,16,1:15,,,0,,,,0,,,,0,,,,0,,1,2,15,17,1,,,,
asymmetric,4,708,4,bt,24,16,23104,16,102155,102155,102156,,,,102191,102158,102173,16,1:15,102174,102189,16,1:15,102175,102190,16,1:15,,,0,,,,0,,,,0,,,,0,,1,2,15,17,1,,,,
asymmetric,4,709,4,bt,25,0,23232,16,102194,102194,102195,,,,102230,102197,102212,16,1:15,102213,102228,16,1:15,102214,102229,16,1:15,,,0,,,,0,,,,0,,,,0,,1,2,15,17,1,,,,
asymmetric,4,710,4,bt,25,16,23360,16,102233,102233,102234,,,,102269,102236,102251,16,1:15,102252,102267,16,1:15,102253,102268,16,1:15,,,0,,,,0,,,,0,,,,0,,1,2,15,17,1,,,,
asymmetric,4,711,4,bt,26,0,23488,16,102272,102272,102273,,,,102308,102275,102290,16,1:15,102291,102306,16,1:15,102292,102307,16,1:15,,,0,,,,0,,,,0,,,,0,,1,2,15,17,1,,,,
asymmetric,4,712,4,bt,26,16,23616,16,102311,102311,102312,,,,102347,102314,102329,16,1:15,102330,102345,16,1:15,102331,102346,16,1:15,,,0,,,,0,,,,0,,,,0,,1,2,15,17,1,,,,
asymmetric,4,713,4,bt,27,0,23744,16,102350,102350,102351,,,,102386,102353,102368,16,1:15,102369,102384,16,1:15,102370,102385,16,1:15,,,0,,,,0,,,,0,,,,0,,1,2,15,17,1,,,,
asymmetric,4,714,4,bt,27,16,23872,16,102389,102389,102390,,,,102425,102392,102407,16,1:15,102408,102423,16,1:15,102409,102424,16,1:15,,,0,,,,0,,,,0,,,,0,,1,2,15,17,1,,,,
asymmetric,4,715,4,bt,28,0,24000,16,102428,102428,102429,,,,102464,102431,102446,16,1:15,102447,102462,16,1:15,102448,102463,16,1:15,,,0,,,,0,,,,0,,,,0,,1,2,15,17,1,,,,
asymmetric,4,716,4,bt,28,16,24128,16,102467,102467,102468,,,,102503,102470,102485,16,1:15,102486,102501,16,1:15,102487,102502,16,1:15,,,0,,,,0,,,,0,,,,0,,1,2,15,17,1,,,,
asymmetric,4,717,4,bt,29,0,24256,16,102506,102506,102507,,,,102542,102509,102524,16,1:15,102525,102540,16,1:15,102526,102541,16,1:15,,,0,,,,0,,,,0,,,,0,,1,2,15,17,1,,,,
asymmetric,4,718,4,bt,29,16,24384,16,102545,102545,102546,,,,102581,102548,102563,16,1:15,102564,102579,16,1:15,102565,102580,16,1:15,,,0,,,,0,,,,0,,,,0,,1,2,15,17,1,,,,
asymmetric,4,719,4,bt,30,0,24512,8,102584,102584,102585,,,,102604,102587,102594,8,1:7,102595,102602,8,1:7,102596,102603,8,1:7,,,0,,,,0,,,,0,,,,0,,1,2,7,9,1,,,,
asymmetric,4,720,4,bt,30,8,24576,16,102607,102607,102608,,,,102643,102610,102625,16,1:15,102626,102641,16,1:15,102627,102642,16,1:15,,,0,,,,0,,,,0,,,,0,,1,2,15,17,1,,,,
asymmetric,4,721,4,bt,30,24,24704,8,102646,102646,102647,,,,102666,102649,102656,8,1:7,102657,102664,8,1:7,102658,102665,8,1:7,,,0,,,,0,,,,0,,,,0,,1,2,7,9,1,,,,
asymmetric,4,722,4,bt,31,0,24768,16,102669,102669,102670,,,,102705,102672,102687,16,1:15,102688,102703,16,1:15,102689,102704,16,1:15,,,0,,,,0,,,,0,,,,0,,1,2,15,17,1,,,,
asymmetric,4,723,4,bt,31,16,24896,16,102708,102708,102709,,,,102744,102711,102726,16,1:15,102727,102742,16,1:15,102728,102743,16,1:15,,,0,,,,0,,,,0,,,,0,,1,2,15,17,1,,,,
asymmetric,4,724,4,c,0,0,49472,16,104914,104914,,104979,104978,104996,104997,,,0,,,,0,,,,0,,104915,104975,16,4:15,104917,104977,16,4:15,104918,104978,16,4:15,104979,104994,16,1:15,,,,,,64,16,2,1
asymmetric,4,725,5,a,0,0,16448,16,105006,105006,105007,,,,105042,105009,105024,16,1:15,105025,105040,16,1:15,105026,105041,16,1:15,,,0,,,,0,,,,0,,,,0,,1,2,15,17,1,,,,
asymmetric,4,726,5,a,0,16,16576,16,105045,105045,105046,,,,105081,105048,105063,16,1:15,105064,105079,16,1:15,105065,105080,16,1:15,,,0,,,,0,,,,0,,,,0,,1,2,15,17,1,,,,
asymmetric,4,727,5,bt,0,0,25024,16,105089,105089,105090,,,,105125,105092,105107,16,1:15,105108,105123,16,1:15,105109,105124,16,1:15,,,0,,,,0,,,,0,,,,0,,1,2,15,17,1,,,,
asymmetric,4,728,5,bt,0,16,25152,16,105128,105128,105129,,,,105164,105131,105146,16,1:15,105147,105162,16,1:15,105148,105163,16,1:15,,,0,,,,0,,,,0,,,,0,,1,2,15,17,1,,,,
asymmetric,4,729,5,bt,1,0,25280,16,105167,105167,105168,,,,105203,105170,105185,16,1:15,105186,105201,16,1:15,105187,105202,16,1:15,,,0,,,,0,,,,0,,,,0,,1,2,15,17,1,,,,
asymmetric,4,730,5,bt,1,16,25408,16,105206,105206,105207,,,,105242,105209,105224,16,1:15,105225,105240,16,1:15,105226,105241,16,1:15,,,0,,,,0,,,,0,,,,0,,1,2,15,17,1,,,,
asymmetric,4,731,5,bt,2,0,25536,16,105245,105245,105246,,,,105281,105248,105263,16,1:15,105264,105279,16,1:15,105265,105280,16,1:15,,,0,,,,0,,,,0,,,,0,,1,2,15,17,1,,,,
asymmetric,4,732,5,bt,2,16,25664,16,105284,105284,105285,,,,105320,105287,105302,16,1:15,105303,105318,16,1:15,105304,105319,16,1:15,,,0,,,,0,,,,0,,,,0,,1,2,15,17,1,,,,
asymmetric,4,733,5,bt,3,0,25792,16,105323,105323,105324,,,,105359,105326,105341,16,1:15,105342,105357,16,1:15,105343,105358,16,1:15,,,0,,,,0,,,,0,,,,0,,1,2,15,17,1,,,,
asymmetric,4,734,5,bt,3,16,25920,16,105362,105362,105363,,,,105398,105365,105380,16,1:15,105381,105396,16,1:15,105382,105397,16,1:15,,,0,,,,0,,,,0,,,,0,,1,2,15,17,1,,,,
asymmetric,4,735,5,bt,4,0,26048,16,105401,105401,105402,,,,105437,105404,105419,16,1:15,105420,105435,16,1:15,105421,105436,16,1:15,,,0,,,,0,,,,0,,,,0,,1,2,15,17,1,,,,
asymmetric,4,736,5,bt,4,16,26176,16,105440,105440,105441,,,,105476,105443,105458,16,1:15,105459,105474,16,1:15,105460,105475,16,1:15,,,0,,,,0,,,,0,,,,0,,1,2,15,17,1,,,,
asymmetric,4,737,5,bt,5,0,26304,16,105479,105479,105480,,,,105515,105482,105497,16,1:15,105498,105513,16,1:15,105499,105514,16,1:15,,,0,,,,0,,,,0,,,,0,,1,2,15,17,1,,,,
asymmetric,4,738,5,bt,5,16,26432,16,105518,105518,105519,,,,105554,105521,105536,16,1:15,105537,105552,16,1:15,105538,105553,16,1:15,,,0,,,,0,,,,0,,,,0,,1,2,15,17,1,,,,
asymmetric,4,739,5,bt,6,0,26560,16,105557,105557,105558,,,,105593,105560,105575,16,1:15,105576,105591,16,1:15,105577,105592,16,1:15,,,0,,,,0,,,,0,,,,0,,1,2,15,17,1,,,,
asymmetric,4,740,5,bt,6,16,26688,16,105596,105596,105597,,,,105632,105599,105614,16,1:15,105615,105630,16,1:15,105616,105631,16,1:15,,,0,,,,0,,,,0,,,,0,,1,2,15,17,1,,,,
asymmetric,4,741,5,bt,7,0,26816,16,105635,105635,105636,,,,105671,105638,105653,16,1:15,105654,105669,16,1:15,105655,105670,16,1:15,,,0,,,,0,,,,0,,,,0,,1,2,15,17,1,,,,
asymmetric,4,742,5,bt,7,16,26944,16,105674,105674,105675,,,,105710,105677,105692,16,1:15,105693,105708,16,1:15,105694,105709,16,1:15,,,0,,,,0,,,,0,,,,0,,1,2,15,17,1,,,,
asymmetric,4,743,5,bt,8,0,27072,16,105713,105713,105714,,,,105749,105716,105731,16,1:15,105732,105747,16,1:15,105733,105748,16,1:15,,,0,,,,0,,,,0,,,,0,,1,2,15,17,1,,,,
asymmetric,4,744,5,bt,8,16,27200,16,105752,105752,105753,,,,105788,105755,105770,16,1:15,105771,105786,16,1:15,105772,105787,16,1:15,,,0,,,,0,,,,0,,,,0,,1,2,15,17,1,,,,
asymmetric,4,745,5,bt,9,0,27328,16,105791,105791,105792,,,,105827,105794,105809,16,1:15,105810,105825,16,1:15,105811,105826,16,1:15,,,0,,,,0,,,,0,,,,0,,1,2,15,17,1,,,,
asymmetric,4,746,5,bt,9,16,27456,16,105830,105830,105831,,,,105866,105833,105848,16,1:15,105849,105864,16,1:15,105850,105865,16,1:15,,,0,,,,0,,,,0,,,,0,,1,2,15,17,1,,,,
asymmetric,4,747,5,bt,10,0,27584,16,105869,105869,105870,,,,105905,105872,105887,16,1:15,105888,105903,16,1:15,105889,105904,16,1:15,,,0,,,,0,,,,0,,,,0,,1,2,15,17,1,,,,
asymmetric,4,748,5,bt,10,16,27712,16,105908,105908,105909,,,,105944,105911,105926,16,1:15,105927,105942,16,1:15,105928,105943,16,1:15,,,0,,,,0,,,,0,,,,0,,1,2,15,17,1,,,,
asymmetric,4,749,5,bt,11,0,27840,16,105947,105947,105948,,,,105983,105950,105965,16,1:15,105966,105981,16,1:15,105967,105982,16,1:15,,,0,,,,0,,,,0,,,,0,,1,2,15,17,1,,,,
asymmetric,4,750,5,bt,11,16,27968,16,105986,105986,105987,,,,106022,105989,106004,16,1:15,106005,106020,16,1:15,106006,106021,16,1:15,,,0,,,,0,,,,0,,,,0,,1,2,15,17,1,,,,
asymmetric,4,751,5,bt,12,0,28096,16,106025,106025,106026,,,,106061,106028,106043,16,1:15,106044,106059,16,1:15,106045,106060,16,1:15,,,0,,,,0,,,,0,,,,0,,1,2,15,17,1,,,,
asymmetric,4,752,5,bt,12,16,28224,16,106064,106064,106065,,,,106100,106067,106082,16,1:15,106083,106098,16,1:15,106084,106099,16,1:15,,,0,,,,0,,,,0,,,,0,,1,2,15,17,1,,,,
asymmetric,4,753,5,bt,13,0,28352,16,106103,106103,106104,,,,106139,106106,106121,16,1:15,106122,106137,16,1:15,106123,106138,16,1:15,,,0,,,,0,,,,0,,,,0,,1,2,15,17,1,,,,
asymmetric,4,754,5,bt,13,16,28480,16,106142,106142,106143,,,,106178,106145,106160,16,1:15,106161,106176,16,1:15,106162,106177,16,1:15,,,0,,,,0,,,,0,,,,0,,1,2,15,17,1,,,,
asymmetric,4,755,5,bt,14,0,28608,8,106181,106181,106182,,,,106201,106184,106191,8,1:7,106192,106199,8,1:7,106193,106200,8,1:7,,,0,,,,0,,,,0,,,,0,,1,2,7,9,1,,,,
asymmetric,4,756,5,bt,14,8,28672,16,106204,106204,106205,,,,106240,106207,106222,16,1:15,106223,106238,16,1:15,106224,106239,16,1:15,,,0,,,,0,,,,0,,,,0,,1,2,15,17,1,,,,
asymmetric,4,757,5,bt,14,24,28800,8,106243,106243,106244,,,,106263,106246,106253,8,1:7,106254,106261,8,1:7,106255,106262,8,1:7,,,0,,,,0,,,,0,,,,0,,1,2,7,9,1,,,,
asymmetric,4,758,5,bt,15,0,28864,16,106266,106266,106267,,,,106302,106269,106284,16,1:15,106285,106300,16,1:15,106286,106301,16,1:15,,,0,,,,0,,,,0,,,,0,,1,2,15,17,1,,,,
asymmetric,4,759,5,bt,15,16,28992,16,106305,106305,106306,,,,106341,106308,106323,16,1:15,106324,106339,16,1:15,106325,106340,16,1:15,,,0,,,,0,,,,0,,,,0,,1,2,15,17,1,,,,
asymmetric,4,760,5,bt,16,0,29120,16,106344,106344,106345,,,,106380,106347,106362,16,1:15,106363,106378,16,1:15,106364,106379,16,1:15,,,0,,,,0,,,,0,,,,0,,1,2,15,17,1,,,,
asymmetric,4,761,5,bt,16,16,29248,16,106383,106383,106384,,,,106419,106386,106401,16,1:15,106402,106417,16,1:15,106403,106418,16,1:15,,,0,,,,0,,,,0,,,,0,,1,2,15,17,1,,,,
asymmetric,4,762,5,bt,17,0,29376,16,106422,106422,106423,,,,106458,106425,106440,16,1:15,106441,106456,16,1:15,106442,106457,16,1:15,,,0,,,,0,,,,0,,,,0,,1,2,15,17,1,,,,
asymmetric,4,763,5,bt,17,16,29504,16,106461,106461,106462,,,,106497,106464,106479,16,1:15,106480,106495,16,1:15,106481,106496,16,1:15,,,0,,,,0,,,,0,,,,0,,1,2,15,17,1,,,,
asymmetric,4,764,5,bt,18,0,29632,16,106500,106500,106501,,,,106536,106503,106518,16,1:15,106519,106534,16,1:15,106520,106535,16,1:15,,,0,,,,0,,,,0,,,,0,,1,2,15,17,1,,,,
asymmetric,4,765,5,bt,18,16,29760,16,106539,106539,106540,,,,106575,106542,106557,16,1:15,106558,106573,16,1:15,106559,106574,16,1:15,,,0,,,,0,,,,0,,,,0,,1,2,15,17,1,,,,
asymmetric,4,766,5,bt,19,0,29888,16,106578,106578,106579,,,,106614,106581,106596,16,1:15,106597,106612,16,1:15,106598,106613,16,1:15,,,0,,,,0,,,,0,,,,0,,1,2,15,17,1,,,,
asymmetric,4,767,5,bt,19,16,30016,16,106617,106617,106618,,,,106653,106620,106635,16,1:15,106636,106651,16,1:15,106637,106652,16,1:15,,,0,,,,0,,,,0,,,,0,,1,2,15,17,1,,,,
asymmetric,4,768,5,bt,20,0,30144,16,106656,106656,106657,,,,106692,106659,106674,16,1:15,106675,106690,16,1:15,106676,106691,16,1:15,,,0,,,,0,,,,0,,,,0,,1,2,15,17,1,,,,
asymmetric,4,769,5,bt,20,16,30272,16,106695,106695,106696,,,,106731,106698,106713,16,1:15,106714,106729,16,1:15,106715,106730,16,1:15,,,0,,,,0,,,,0,,,,0,,1,2,15,17,1,,,,
asymmetric,4,770,5,bt,21,0,30400,16,106734,106734,106735,,,,106770,106737,106752,16,1:15,106753,106768,16,1:15,106754,106769,16,1:15,,,0,,,,0,,,,0,,,,0,,1,2,15,17,1,,,,
asymmetric,4,771,5,bt,21,16,30528,16,106773,106773,106774,,,,106809,106776,106791,16,1:15,106792,106807,16,1:15,106793,106808,16,1:15,,,0,,,,0,,,,0,,,,0,,1,2,15,17,1,,,,
asymmetric,4,772,5,bt,22,0,30656,16,106812,106812,106813,,,,106848,106815,106830,16,1:15,106831,106846,16,1:15,106832,106847,16,1:15,,,0,,,,0,,,,0,,,,0,,1,2,15,17,1,,,,
asymmetric,4,773,5,bt,22,16,30784,16,106851,106851,106852,,,,106887,106854,106869,16,1:15,106870,106885,16,1:15,106871,106886,16,1:15,,,0,,,,0,,,,0,,,,0,,1,2,15,17,1,,,,
asymmetric,4,774,5,bt,23,0,30912,16,106890,106890,106891,,,,106926,106893,106908,16,1:15,106909,106924,16,1:15,106910,106925,16,1:15,,,0,,,,0,,,,0,,,,0,,1,2,15,17,1,,,,
asymmetric,4,775,5,bt,23,16,31040,16,106929,106929,106930,,,,106965,106932,106947,16,1:15,106948,106963,16,1:15,106949,106964,16,1:15,,,0,,,,0,,,,0,,,,0,,1,2,15,17,1,,,,
asymmetric,4,776,5,bt,24,0,31168,16,106968,106968,106969,,,,107004,106971,106986,16,1:15,106987,107002,16,1:15,106988,107003,16,1:15,,,0,,,,0,,,,0,,,,0,,1,2,15,17,1,,,,
asymmetric,4,777,5,bt,24,16,31296,16,107007,107007,107008,,,,107043,107010,107025,16,1:15,107026,107041,16,1:15,107027,107042,16,1:15,,,0,,,,0,,,,0,,,,0,,1,2,15,17,1,,,,
asymmetric,4,778,5,bt,25,0,31424,16,107046,107046,107047,,,,107082,107049,107064,16,1:15,107065,107080,16,1:15,107066,107081,16,1:15,,,0,,,,0,,,,0,,,,0,,1,2,15,17,1,,,,
asymmetric,4,779,5,bt,25,16,31552,16,107085,107085,107086,,,,107121,107088,107103,16,1:15,107104,107119,16,1:15,107105,107120,16,1:15,,,0,,,,0,,,,0,,,,0,,1,2,15,17,1,,,,
asymmetric,4,780,5,bt,26,0,31680,16,107124,107124,107125,,,,107160,107127,107142,16,1:15,107143,107158,16,1:15,107144,107159,16,1:15,,,0,,,,0,,,,0,,,,0,,1,2,15,17,1,,,,
asymmetric,4,781,5,bt,26,16,31808,16,107163,107163,107164,,,,107199,107166,107181,16,1:15,107182,107197,16,1:15,107183,107198,16,1:15,,,0,,,,0,,,,0,,,,0,,1,2,15,17,1,,,,
asymmetric,4,782,5,bt,27,0,31936,16,107202,107202,107203,,,,107238,107205,107220,16,1:15,107221,107236,16,1:15,107222,107237,16,1:15,,,0,,,,0,,,,0,,,,0,,1,2,15,17,1,,,,
asymmetric,4,783,5,bt,27,16,32064,16,107241,107241,107242,,,,107277,107244,107259,16,1:15,107260,107275,16,1:15,107261,107276,16,1:15,,,0,,,,0,,,,0,,,,0,,1,2,15,17,1,,,,
asymmetric,4,784,5,bt,28,0,32192,16,107280,107280,107281,,,,107316,107283,107298,16,1:15,107299,107314,16,1:15,107300,107315,16,1:15,,,0,,,,0,,,,0,,,,0,,1,2,15,17,1,,,,
asymmetric,4,785,5,bt,28,16,32320,16,107319,107319,107320,,,,107355,107322,107337,16,1:15,107338,107353,16,1:15,107339,107354,16,1:15,,,0,,,,0,,,,0,,,,0,,1,2,15,17,1,,,,
asymmetric,4,786,5,bt,29,0,32448,16,107358,107358,107359,,,,107394,107361,107376,16,1:15,107377,107392,16,1:15,107378,107393,16,1:15,,,0,,,,0,,,,0,,,,0,,1,2,15,17,1,,,,
asymmetric,4,787,5,bt,29,16,32576,16,107397,107397,107398,,,,107433,107400,107415,16,1:15,107416,107431,16,1:15,107417,107432,16,1:15,,,0,,,,0,,,,0,,,,0,,1,2,15,17,1,,,,
asymmetric,4,788,5,bt,30,0,32704,8,107436,107436,107437,,,,107456,107439,107446,8,1:7,107447,107454,8,1:7,107448,107455,8,1:7,,,0,,,,0,,,,0,,,,0,,1,2,7,9,1,,,,
asymmetric,4,789,5,bt,30,8,32768,16,107459,107459,107460,,,,107495,107462,107477,16,1:15,107478,107493,16,1:15,107479,107494,16,1:15,,,0,,,,0,,,,0,,,,0,,1,2,15,17,1,,,,
asymmetric,4,790,5,bt,30,24,32896,8,107498,107498,107499,,,,107518,107501,107508,8,1:7,107509,107516,8,1:7,107510,107517,8,1:7,,,0,,,,0,,,,0,,,,0,,1,2,7,9,1,,,,
asymmetric,4,791,5,c,0,0,49600,16,109688,109688,,109753,109752,109770,109771,,,0,,,,0,,,,0,,109689,109749,16,4:15,109691,109751,16,4:15,109692,109752,16,4:15,109753,109768,16,1:15,,,,,,64,16,2,1
