name,job_id,index,tile,kind,row,word,address,beats,command_offer,command,ar,aw,gather_complete,b,local_done,r_first,r_last,r_count,r_gap_histogram,local_reads_first,local_reads_last,local_reads_count,local_reads_gap_histogram,loads_first,loads_last,loads_count,loads_gap_histogram,result_requests_first,result_requests_last,result_requests_count,result_requests_gap_histogram,result_responses_first,result_responses_last,result_responses_count,result_responses_gap_histogram,local_writes_first,local_writes_last,local_writes_count,local_writes_gap_histogram,w_first,w_last,w_count,w_gap_histogram,command_to_ar,ar_to_first_r,remaining_r_span,last_r_to_last_bank_load,last_bank_load_to_local_done,c_gather,aw_w_issue,b_response,b_to_local_done
dense,1,0,0,a,0,0,64,16,6,6,7,,,,50,17,32,16,1:15,33,48,16,1:15,34,49,16,1:15,,,0,,,,0,,,,0,,,,0,,1,10,15,17,1,,,,
dense,1,1,0,a,0,16,192,16,53,53,54,,,,97,64,79,16,1:15,80,95,16,1:15,81,96,16,1:15,,,0,,,,0,,,,0,,,,0,,1,10,15,17,1,,,,
dense,1,2,0,a,1,0,320,16,100,100,101,,,,144,111,126,16,1:15,127,142,16,1:15,128,143,16,1:15,,,0,,,,0,,,,0,,,,0,,1,10,15,17,1,,,,
dense,1,3,0,a,1,16,448,16,147,147,148,,,,191,158,173,16,1:15,174,189,16,1:15,175,190,16,1:15,,,0,,,,0,,,,0,,,,0,,1,10,15,17,1,,,,
dense,1,4,0,a,2,0,576,16,194,194,195,,,,238,205,220,16,1:15,221,236,16,1:15,222,237,16,1:15,,,0,,,,0,,,,0,,,,0,,1,10,15,17,1,,,,
dense,1,5,0,a,2,16,704,16,241,241,242,,,,285,252,267,16,1:15,268,283,16,1:15,269,284,16,1:15,,,0,,,,0,,,,0,,,,0,,1,10,15,17,1,,,,
dense,1,6,0,a,3,0,832,16,288,288,289,,,,332,299,314,16,1:15,315,330,16,1:15,316,331,16,1:15,,,0,,,,0,,,,0,,,,0,,1,10,15,17,1,,,,
dense,1,7,0,a,3,16,960,16,335,335,336,,,,379,346,361,16,1:15,362,377,16,1:15,363,378,16,1:15,,,0,,,,0,,,,0,,,,0,,1,10,15,17,1,,,,
dense,1,8,0,a,4,0,1088,16,382,382,383,,,,426,393,408,16,1:15,409,424,16,1:15,410,425,16,1:15,,,0,,,,0,,,,0,,,,0,,1,10,15,17,1,,,,
dense,1,9,0,a,4,16,1216,16,429,429,430,,,,473,440,455,16,1:15,456,471,16,1:15,457,472,16,1:15,,,0,,,,0,,,,0,,,,0,,1,10,15,17,1,,,,
dense,1,10,0,a,5,0,1344,16,476,476,477,,,,520,487,502,16,1:15,503,518,16,1:15,504,519,16,1:15,,,0,,,,0,,,,0,,,,0,,1,10,15,17,1,,,,
dense,1,11,0,a,5,16,1472,16,523,523,524,,,,567,534,549,16,1:15,550,565,16,1:15,551,566,16,1:15,,,0,,,,0,,,,0,,,,0,,1,10,15,17,1,,,,
dense,1,12,0,a,6,0,1600,16,570,570,571,,,,614,581,596,16,1:15,597,612,16,1:15,598,613,16,1:15,,,0,,,,0,,,,0,,,,0,,1,10,15,17,1,,,,
dense,1,13,0,a,6,16,1728,16,617,617,618,,,,661,628,643,16,1:15,644,659,16,1:15,645,660,16,1:15,,,0,,,,0,,,,0,,,,0,,1,10,15,17,1,,,,
dense,1,14,0,a,7,0,1856,16,664,664,665,,,,708,675,690,16,1:15,691,706,16,1:15,692,707,16,1:15,,,0,,,,0,,,,0,,,,0,,1,10,15,17,1,,,,
dense,1,15,0,a,7,16,1984,16,711,711,712,,,,755,722,737,16,1:15,738,753,16,1:15,739,754,16,1:15,,,0,,,,0,,,,0,,,,0,,1,10,15,17,1,,,,
dense,1,16,0,a,8,0,2112,16,758,758,759,,,,802,769,784,16,1:15,785,800,16,1:15,786,801,16,1:15,,,0,,,,0,,,,0,,,,0,,1,10,15,17,1,,,,
dense,1,17,0,a,8,16,2240,16,805,805,806,,,,849,816,831,16,1:15,832,847,16,1:15,833,848,16,1:15,,,0,,,,0,,,,0,,,,0,,1,10,15,17,1,,,,
dense,1,18,0,a,9,0,2368,16,852,852,853,,,,896,863,878,16,1:15,879,894,16,1:15,880,895,16,1:15,,,0,,,,0,,,,0,,,,0,,1,10,15,17,1,,,,
dense,1,19,0,a,9,16,2496,16,899,899,900,,,,943,910,925,16,1:15,926,941,16,1:15,927,942,16,1:15,,,0,,,,0,,,,0,,,,0,,1,10,15,17,1,,,,
dense,1,20,0,a,10,0,2624,16,946,946,947,,,,990,957,972,16,1:15,973,988,16,1:15,974,989,16,1:15,,,0,,,,0,,,,0,,,,0,,1,10,15,17,1,,,,
dense,1,21,0,a,10,16,2752,16,993,993,994,,,,1037,1004,1019,16,1:15,1020,1035,16,1:15,1021,1036,16,1:15,,,0,,,,0,,,,0,,,,0,,1,10,15,17,1,,,,
dense,1,22,0,a,11,0,2880,16,1040,1040,1041,,,,1084,1051,1066,16,1:15,1067,1082,16,1:15,1068,1083,16,1:15,,,0,,,,0,,,,0,,,,0,,1,10,15,17,1,,,,
dense,1,23,0,a,11,16,3008,16,1087,1087,1088,,,,1131,1098,1113,16,1:15,1114,1129,16,1:15,1115,1130,16,1:15,,,0,,,,0,,,,0,,,,0,,1,10,15,17,1,,,,
dense,1,24,0,a,12,0,3136,16,1134,1134,1135,,,,1178,1145,1160,16,1:15,1161,1176,16,1:15,1162,1177,16,1:15,,,0,,,,0,,,,0,,,,0,,1,10,15,17,1,,,,
dense,1,25,0,a,12,16,3264,16,1181,1181,1182,,,,1225,1192,1207,16,1:15,1208,1223,16,1:15,1209,1224,16,1:15,,,0,,,,0,,,,0,,,,0,,1,10,15,17,1,,,,
dense,1,26,0,a,13,0,3392,16,1228,1228,1229,,,,1272,1239,1254,16,1:15,1255,1270,16,1:15,1256,1271,16,1:15,,,0,,,,0,,,,0,,,,0,,1,10,15,17,1,,,,
dense,1,27,0,a,13,16,3520,16,1275,1275,1276,,,,1319,1286,1301,16,1:15,1302,1317,16,1:15,1303,1318,16,1:15,,,0,,,,0,,,,0,,,,0,,1,10,15,17,1,,,,
dense,1,28,0,a,14,0,3648,16,1322,1322,1323,,,,1366,1333,1348,16,1:15,1349,1364,16,1:15,1350,1365,16,1:15,,,0,,,,0,,,,0,,,,0,,1,10,15,17,1,,,,
dense,1,29,0,a,14,16,3776,16,1369,1369,1370,,,,1413,1380,1395,16,1:15,1396,1411,16,1:15,1397,1412,16,1:15,,,0,,,,0,,,,0,,,,0,,1,10,15,17,1,,,,
dense,1,30,0,a,15,0,3904,16,1416,1416,1417,,,,1460,1427,1442,16,1:15,1443,1458,16,1:15,1444,1459,16,1:15,,,0,,,,0,,,,0,,,,0,,1,10,15,17,1,,,,
dense,1,31,0,a,15,16,4032,8,1463,1463,1464,,,,1491,1474,1481,8,1:7,1482,1489,8,1:7,1483,1490,8,1:7,,,0,,,,0,,,,0,,,,0,,1,10,7,9,1,,,,
dense,1,32,0,a,15,24,4096,8,1494,1494,1495,,,,1522,1505,1512,8,1:7,1513,1520,8,1:7,1514,1521,8,1:7,,,0,,,,0,,,,0,,,,0,,1,10,7,9,1,,,,
dense,1,33,0,a,16,0,4160,16,1525,1525,1526,,,,1569,1536,1551,16,1:15,1552,1567,16,1:15,1553,1568,16,1:15,,,0,,,,0,,,,0,,,,0,,1,10,15,17,1,,,,
dense,1,34,0,a,16,16,4288,16,1572,1572,1573,,,,1616,1583,1598,16,1:15,1599,1614,16,1:15,1600,1615,16,1:15,,,0,,,,0,,,,0,,,,0,,1,10,15,17,1,,,,
dense,1,35,0,a,17,0,4416,16,1619,1619,1620,,,,1663,1630,1645,16,1:15,1646,1661,16,1:15,1647,1662,16,1:15,,,0,,,,0,,,,0,,,,0,,1,10,15,17,1,,,,
dense,1,36,0,a,17,16,4544,16,1666,1666,1667,,,,1710,1677,1692,16,1:15,1693,1708,16,1:15,1694,1709,16,1:15,,,0,,,,0,,,,0,,,,0,,1,10,15,17,1,,,,
dense,1,37,0,a,18,0,4672,16,1713,1713,1714,,,,1757,1724,1739,16,1:15,1740,1755,16,1:15,1741,1756,16,1:15,,,0,,,,0,,,,0,,,,0,,1,10,15,17,1,,,,
dense,1,38,0,a,18,16,4800,16,1760,1760,1761,,,,1804,1771,1786,16,1:15,1787,1802,16,1:15,1788,1803,16,1:15,,,0,,,,0,,,,0,,,,0,,1,10,15,17,1,,,,
dense,1,39,0,a,19,0,4928,16,1807,1807,1808,,,,1851,1818,1833,16,1:15,1834,1849,16,1:15,1835,1850,16,1:15,,,0,,,,0,,,,0,,,,0,,1,10,15,17,1,,,,
dense,1,40,0,a,19,16,5056,16,1854,1854,1855,,,,1898,1865,1880,16,1:15,1881,1896,16,1:15,1882,1897,16,1:15,,,0,,,,0,,,,0,,,,0,,1,10,15,17,1,,,,
dense,1,41,0,a,20,0,5184,16,1901,1901,1902,,,,1945,1912,1927,16,1:15,1928,1943,16,1:15,1929,1944,16,1:15,,,0,,,,0,,,,0,,,,0,,1,10,15,17,1,,,,
dense,1,42,0,a,20,16,5312,16,1948,1948,1949,,,,1992,1959,1974,16,1:15,1975,1990,16,1:15,1976,1991,16,1:15,,,0,,,,0,,,,0,,,,0,,1,10,15,17,1,,,,
dense,1,43,0,a,21,0,5440,16,1995,1995,1996,,,,2039,2006,2021,16,1:15,2022,2037,16,1:15,2023,2038,16,1:15,,,0,,,,0,,,,0,,,,0,,1,10,15,17,1,,,,
dense,1,44,0,a,21,16,5568,16,2042,2042,2043,,,,2086,2053,2068,16,1:15,2069,2084,16,1:15,2070,2085,16,1:15,,,0,,,,0,,,,0,,,,0,,1,10,15,17,1,,,,
dense,1,45,0,a,22,0,5696,16,2089,2089,2090,,,,2133,2100,2115,16,1:15,2116,2131,16,1:15,2117,2132,16,1:15,,,0,,,,0,,,,0,,,,0,,1,10,15,17,1,,,,
dense,1,46,0,a,22,16,5824,16,2136,2136,2137,,,,2180,2147,2162,16,1:15,2163,2178,16,1:15,2164,2179,16,1:15,,,0,,,,0,,,,0,,,,0,,1,10,15,17,1,,,,
dense,1,47,0,a,23,0,5952,16,2183,2183,2184,,,,2227,2194,2209,16,1:15,2210,2225,16,1:15,2211,2226,16,1:15,,,0,,,,0,,,,0,,,,0,,1,10,15,17,1,,,,
dense,1,48,0,a,23,16,6080,16,2230,2230,2231,,,,2274,2241,2256,16,1:15,2257,2272,16,1:15,2258,2273,16,1:15,,,0,,,,0,,,,0,,,,0,,1,10,15,17,1,,,,
dense,1,49,0,a,24,0,6208,16,2277,2277,2278,,,,2321,2288,2303,16,1:15,2304,2319,16,1:15,2305,2320,16,1:15,,,0,,,,0,,,,0,,,,0,,1,10,15,17,1,,,,
dense,1,50,0,a,24,16,6336,16,2324,2324,2325,,,,2368,2335,2350,16,1:15,2351,2366,16,1:15,2352,2367,16,1:15,,,0,,,,0,,,,0,,,,0,,1,10,15,17,1,,,,
dense,1,51,0,a,25,0,6464,16,2371,2371,2372,,,,2415,2382,2397,16,1:15,2398,2413,16,1:15,2399,2414,16,1:15,,,0,,,,0,,,,0,,,,0,,1,10,15,17,1,,,,
dense,1,52,0,a,25,16,6592,16,2418,2418,2419,,,,2462,2429,2444,16,1:15,2445,2460,16,1:15,2446,2461,16,1:15,,,0,,,,0,,,,0,,,,0,,1,10,15,17,1,,,,
dense,1,53,0,a,26,0,6720,16,2465,2465,2466,,,,2509,2476,2491,16,1:15,2492,2507,16,1:15,2493,2508,16,1:15,,,0,,,,0,,,,0,,,,0,,1,10,15,17,1,,,,
dense,1,54,0,a,26,16,6848,16,2512,2512,2513,,,,2556,2523,2538,16,1:15,2539,2554,16,1:15,2540,2555,16,1:15,,,0,,,,0,,,,0,,,,0,,1,10,15,17,1,,,,
dense,1,55,0,a,27,0,6976,16,2559,2559,2560,,,,2603,2570,2585,16,1:15,2586,2601,16,1:15,2587,2602,16,1:15,,,0,,,,0,,,,0,,,,0,,1,10,15,17,1,,,,
dense,1,56,0,a,27,16,7104,16,2606,2606,2607,,,,2650,2617,2632,16,1:15,2633,2648,16,1:15,2634,2649,16,1:15,,,0,,,,0,,,,0,,,,0,,1,10,15,17,1,,,,
dense,1,57,0,a,28,0,7232,16,2653,2653,2654,,,,2697,2664,2679,16,1:15,2680,2695,16,1:15,2681,2696,16,1:15,,,0,,,,0,,,,0,,,,0,,1,10,15,17,1,,,,
dense,1,58,0,a,28,16,7360,16,2700,2700,2701,,,,2744,2711,2726,16,1:15,2727,2742,16,1:15,2728,2743,16,1:15,,,0,,,,0,,,,0,,,,0,,1,10,15,17,1,,,,
dense,1,59,0,a,29,0,7488,16,2747,2747,2748,,,,2791,2758,2773,16,1:15,2774,2789,16,1:15,2775,2790,16,1:15,,,0,,,,0,,,,0,,,,0,,1,10,15,17,1,,,,
dense,1,60,0,a,29,16,7616,16,2794,2794,2795,,,,2838,2805,2820,16,1:15,2821,2836,16,1:15,2822,2837,16,1:15,,,0,,,,0,,,,0,,,,0,,1,10,15,17,1,,,,
dense,1,61,0,a,30,0,7744,16,2841,2841,2842,,,,2885,2852,2867,16,1:15,2868,2883,16,1:15,2869,2884,16,1:15,,,0,,,,0,,,,0,,,,0,,1,10,15,17,1,,,,
dense,1,62,0,a,30,16,7872,16,2888,2888,2889,,,,2932,2899,2914,16,1:15,2915,2930,16,1:15,2916,2931,16,1:15,,,0,,,,0,,,,0,,,,0,,1,10,15,17,1,,,,
dense,1,63,0,a,31,0,8000,16,2935,2935,2936,,,,2979,2946,2961,16,1:15,2962,2977,16,1:15,2963,2978,16,1:15,,,0,,,,0,,,,0,,,,0,,1,10,15,17,1,,,,
dense,1,64,0,a,31,16,8128,8,2982,2982,2983,,,,3010,2993,3000,8,1:7,3001,3008,8,1:7,3002,3009,8,1:7,,,0,,,,0,,,,0,,,,0,,1,10,7,9,1,,,,
dense,1,65,0,a,31,24,8192,8,3013,3013,3014,,,,3041,3024,3031,8,1:7,3032,3039,8,1:7,3033,3040,8,1:7,,,0,,,,0,,,,0,,,,0,,1,10,7,9,1,,,,
dense,1,66,0,bt,0,0,8384,16,3049,3049,3050,,,,3093,3060,3075,16,1:15,3076,3091,16,1:15,3077,3092,16,1:15,,,0,,,,0,,,,0,,,,0,,1,10,15,17,1,,,,
dense,1,67,0,bt,0,16,8512,16,3096,3096,3097,,,,3140,3107,3122,16,1:15,3123,3138,16,1:15,3124,3139,16,1:15,,,0,,,,0,,,,0,,,,0,,1,10,15,17,1,,,,
dense,1,68,0,bt,1,0,8640,16,3143,3143,3144,,,,3187,3154,3169,16,1:15,3170,3185,16,1:15,3171,3186,16,1:15,,,0,,,,0,,,,0,,,,0,,1,10,15,17,1,,,,
dense,1,69,0,bt,1,16,8768,16,3190,3190,3191,,,,3234,3201,3216,16,1:15,3217,3232,16,1:15,3218,3233,16,1:15,,,0,,,,0,,,,0,,,,0,,1,10,15,17,1,,,,
dense,1,70,0,bt,2,0,8896,16,3237,3237,3238,,,,3281,3248,3263,16,1:15,3264,3279,16,1:15,3265,3280,16,1:15,,,0,,,,0,,,,0,,,,0,,1,10,15,17,1,,,,
dense,1,71,0,bt,2,16,9024,16,3284,3284,3285,,,,3328,3295,3310,16,1:15,3311,3326,16,1:15,3312,3327,16,1:15,,,0,,,,0,,,,0,,,,0,,1,10,15,17,1,,,,
dense,1,72,0,bt,3,0,9152,16,3331,3331,3332,,,,3375,3342,3357,16,1:15,3358,3373,16,1:15,3359,3374,16,1:15,,,0,,,,0,,,,0,,,,0,,1,10,15,17,1,,,,
dense,1,73,0,bt,3,16,9280,16,3378,3378,3379,,,,3422,3389,3404,16,1:15,3405,3420,16,1:15,3406,3421,16,1:15,,,0,,,,0,,,,0,,,,0,,1,10,15,17,1,,,,
dense,1,74,0,bt,4,0,9408,16,3425,3425,3426,,,,3469,3436,3451,16,1:15,3452,3467,16,1:15,3453,3468,16,1:15,,,0,,,,0,,,,0,,,,0,,1,10,15,17,1,,,,
dense,1,75,0,bt,4,16,9536,16,3472,3472,3473,,,,3516,3483,3498,16,1:15,3499,3514,16,1:15,3500,3515,16,1:15,,,0,,,,0,,,,0,,,,0,,1,10,15,17,1,,,,
dense,1,76,0,bt,5,0,9664,16,3519,3519,3520,,,,3563,3530,3545,16,1:15,3546,3561,16,1:15,3547,3562,16,1:15,,,0,,,,0,,,,0,,,,0,,1,10,15,17,1,,,,
dense,1,77,0,bt,5,16,9792,16,3566,3566,3567,,,,3610,3577,3592,16,1:15,3593,3608,16,1:15,3594,3609,16,1:15,,,0,,,,0,,,,0,,,,0,,1,10,15,17,1,,,,
dense,1,78,0,bt,6,0,9920,16,3613,3613,3614,,,,3657,3624,3639,16,1:15,3640,3655,16,1:15,3641,3656,16,1:15,,,0,,,,0,,,,0,,,,0,,1,10,15,17,1,,,,
dense,1,79,0,bt,6,16,10048,16,3660,3660,3661,,,,3704,3671,3686,16,1:15,3687,3702,16,1:15,3688,3703,16,1:15,,,0,,,,0,,,,0,,,,0,,1,10,15,17,1,,,,
dense,1,80,0,bt,7,0,10176,16,3707,3707,3708,,,,3751,3718,3733,16,1:15,3734,3749,16,1:15,3735,3750,16,1:15,,,0,,,,0,,,,0,,,,0,,1,10,15,17,1,,,,
dense,1,81,0,bt,7,16,10304,16,3754,3754,3755,,,,3798,3765,3780,16,1:15,3781,3796,16,1:15,3782,3797,16,1:15,,,0,,,,0,,,,0,,,,0,,1,10,15,17,1,,,,
dense,1,82,0,bt,8,0,10432,16,3801,3801,3802,,,,3845,3812,3827,16,1:15,3828,3843,16,1:15,3829,3844,16,1:15,,,0,,,,0,,,,0,,,,0,,1,10,15,17,1,,,,
dense,1,83,0,bt,8,16,10560,16,3848,3848,3849,,,,3892,3859,3874,16,1:15,3875,3890,16,1:15,3876,3891,16,1:15,,,0,,,,0,,,,0,,,,0,,1,10,15,17,1,,,,
dense,1,84,0,bt,9,0,10688,16,3895,3895,3896,,,,3939,3906,3921,16,1:15,3922,3937,16,1:15,3923,3938,16,1:15,,,0,,,,0,,,,0,,,,0,,1,10,15,17,1,,,,
dense,1,85,0,bt,9,16,10816,16,3942,3942,3943,,,,3986,3953,3968,16,1:15,3969,3984,16,1:15,3970,3985,16,1:15,,,0,,,,0,,,,0,,,,0,,1,10,15,17,1,,,,
dense,1,86,0,bt,10,0,10944,16,3989,3989,3990,,,,4033,4000,4015,16,1:15,4016,4031,16,1:15,4017,4032,16,1:15,,,0,,,,0,,,,0,,,,0,,1,10,15,17,1,,,,
dense,1,87,0,bt,10,16,11072,16,4036,4036,4037,,,,4080,4047,4062,16,1:15,4063,4078,16,1:15,4064,4079,16,1:15,,,0,,,,0,,,,0,,,,0,,1,10,15,17,1,,,,
dense,1,88,0,bt,11,0,11200,16,4083,4083,4084,,,,4127,4094,4109,16,1:15,4110,4125,16,1:15,4111,4126,16,1:15,,,0,,,,0,,,,0,,,,0,,1,10,15,17,1,,,,
dense,1,89,0,bt,11,16,11328,16,4130,4130,4131,,,,4174,4141,4156,16,1:15,4157,4172,16,1:15,4158,4173,16,1:15,,,0,,,,0,,,,0,,,,0,,1,10,15,17,1,,,,
dense,1,90,0,bt,12,0,11456,16,4177,4177,4178,,,,4221,4188,4203,16,1:15,4204,4219,16,1:15,4205,4220,16,1:15,,,0,,,,0,,,,0,,,,0,,1,10,15,17,1,,,,
dense,1,91,0,bt,12,16,11584,16,4224,4224,4225,,,,4268,4235,4250,16,1:15,4251,4266,16,1:15,4252,4267,16,1:15,,,0,,,,0,,,,0,,,,0,,1,10,15,17,1,,,,
dense,1,92,0,bt,13,0,11712,16,4271,4271,4272,,,,4315,4282,4297,16,1:15,4298,4313,16,1:15,4299,4314,16,1:15,,,0,,,,0,,,,0,,,,0,,1,10,15,17,1,,,,
dense,1,93,0,bt,13,16,11840,16,4318,4318,4319,,,,4362,4329,4344,16,1:15,4345,4360,16,1:15,4346,4361,16,1:15,,,0,,,,0,,,,0,,,,0,,1,10,15,17,1,,,,
dense,1,94,0,bt,14,0,11968,16,4365,4365,4366,,,,4409,4376,4391,16,1:15,4392,4407,16,1:15,4393,4408,16,1:15,,,0,,,,0,,,,0,,,,0,,1,10,15,17,1,,,,
dense,1,95,0,bt,14,16,12096,16,4412,4412,4413,,,,4456,4423,4438,16,1:15,4439,4454,16,1:15,4440,4455,16,1:15,,,0,,,,0,,,,0,,,,0,,1,10,15,17,1,,,,
dense,1,96,0,bt,15,0,12224,8,4459,4459,4460,,,,4487,4470,4477,8,1:7,4478,4485,8,1:7,4479,4486,8,1:7,,,0,,,,0,,,,0,,,,0,,1,10,7,9,1,,,,
dense,1,97,0,bt,15,8,12288,16,4490,4490,4491,,,,4534,4501,4516,16,1:15,4517,4532,16,1:15,4518,4533,16,1:15,,,0,,,,0,,,,0,,,,0,,1,10,15,17,1,,,,
dense,1,98,0,bt,15,24,12416,8,4537,4537,4538,,,,4565,4548,4555,8,1:7,4556,4563,8,1:7,4557,4564,8,1:7,,,0,,,,0,,,,0,,,,0,,1,10,7,9,1,,,,
dense,1,99,0,bt,16,0,12480,16,4568,4568,4569,,,,4612,4579,4594,16,1:15,4595,4610,16,1:15,4596,4611,16,1:15,,,0,,,,0,,,,0,,,,0,,1,10,15,17,1,,,,
dense,1,100,0,bt,16,16,12608,16,4615,4615,4616,,,,4659,4626,4641,16,1:15,4642,4657,16,1:15,4643,4658,16,1:15,,,0,,,,0,,,,0,,,,0,,1,10,15,17,1,,,,
dense,1,101,0,bt,17,0,12736,16,4662,4662,4663,,,,4706,4673,4688,16,1:15,4689,4704,16,1:15,4690,4705,16,1:15,,,0,,,,0,,,,0,,,,0,,1,10,15,17,1,,,,
dense,1,102,0,bt,17,16,12864,16,4709,4709,4710,,,,4753,4720,4735,16,1:15,4736,4751,16,1:15,4737,4752,16,1:15,,,0,,,,0,,,,0,,,,0,,1,10,15,17,1,,,,
dense,1,103,0,bt,18,0,12992,16,4756,4756,4757,,,,4800,4767,4782,16,1:15,4783,4798,16,1:15,4784,4799,16,1:15,,,0,,,,0,,,,0,,,,0,,1,10,15,17,1,,,,
dense,1,104,0,bt,18,16,13120,16,4803,4803,4804,,,,4847,4814,4829,16,1:15,4830,4845,16,1:15,4831,4846,16,1:15,,,0,,,,0,,,,0,,,,0,,1,10,15,17,1,,,,
dense,1,105,0,bt,19,0,13248,16,4850,4850,4851,,,,4894,4861,4876,16,1:15,4877,4892,16,1:15,4878,4893,16,1:15,,,0,,,,0,,,,0,,,,0,,1,10,15,17,1,,,,
dense,1,106,0,bt,19,16,13376,16,4897,4897,4898,,,,4941,4908,4923,16,1:15,4924,4939,16,1:15,4925,4940,16,1:15,,,0,,,,0,,,,0,,,,0,,1,10,15,17,1,,,,
dense,1,107,0,bt,20,0,13504,16,4944,4944,4945,,,,4988,4955,4970,16,1:15,4971,4986,16,1:15,4972,4987,16,1:15,,,0,,,,0,,,,0,,,,0,,1,10,15,17,1,,,,
dense,1,108,0,bt,20,16,13632,16,4991,4991,4992,,,,5035,5002,5017,16,1:15,5018,5033,16,1:15,5019,5034,16,1:15,,,0,,,,0,,,,0,,,,0,,1,10,15,17,1,,,,
dense,1,109,0,bt,21,0,13760,16,5038,5038,5039,,,,5082,5049,5064,16,1:15,5065,5080,16,1:15,5066,5081,16,1:15,,,0,,,,0,,,,0,,,,0,,1,10,15,17,1,,,,
dense,1,110,0,bt,21,16,13888,16,5085,5085,5086,,,,5129,5096,5111,16,1:15,5112,5127,16,1:15,5113,5128,16,1:15,,,0,,,,0,,,,0,,,,0,,1,10,15,17,1,,,,
dense,1,111,0,bt,22,0,14016,16,5132,5132,5133,,,,5176,5143,5158,16,1:15,5159,5174,16,1:15,5160,5175,16,1:15,,,0,,,,0,,,,0,,,,0,,1,10,15,17,1,,,,
dense,1,112,0,bt,22,16,14144,16,5179,5179,5180,,,,5223,5190,5205,16,1:15,5206,5221,16,1:15,5207,5222,16,1:15,,,0,,,,0,,,,0,,,,0,,1,10,15,17,1,,,,
dense,1,113,0,bt,23,0,14272,16,5226,5226,5227,,,,5270,5237,5252,16,1:15,5253,5268,16,1:15,5254,5269,16,1:15,,,0,,,,0,,,,0,,,,0,,1,10,15,17,1,,,,
dense,1,114,0,bt,23,16,14400,16,5273,5273,5274,,,,5317,5284,5299,16,1:15,5300,5315,16,1:15,5301,5316,16,1:15,,,0,,,,0,,,,0,,,,0,,1,10,15,17,1,,,,
dense,1,115,0,bt,24,0,14528,16,5320,5320,5321,,,,5364,5331,5346,16,1:15,5347,5362,16,1:15,5348,5363,16,1:15,,,0,,,,0,,,,0,,,,0,,1,10,15,17,1,,,,
dense,1,116,0,bt,24,16,14656,16,5367,5367,5368,,,,5411,5378,5393,16,1:15,5394,5409,16,1:15,5395,5410,16,1:15,,,0,,,,0,,,,0,,,,0,,1,10,15,17,1,,,,
dense,1,117,0,bt,25,0,14784,16,5414,5414,5415,,,,5458,5425,5440,16,1:15,5441,5456,16,1:15,5442,5457,16,1:15,,,0,,,,0,,,,0,,,,0,,1,10,15,17,1,,,,
dense,1,118,0,bt,25,16,14912,16,5461,5461,5462,,,,5505,5472,5487,16,1:15,5488,5503,16,1:15,5489,5504,16,1:15,,,0,,,,0,,,,0,,,,0,,1,10,15,17,1,,,,
dense,1,119,0,bt,26,0,15040,16,5508,5508,5509,,,,5552,5519,5534,16,1:15,5535,5550,16,1:15,5536,5551,16,1:15,,,0,,,,0,,,,0,,,,0,,1,10,15,17,1,,,,
dense,1,120,0,bt,26,16,15168,16,5555,5555,5556,,,,5599,5566,5581,16,1:15,5582,5597,16,1:15,5583,5598,16,1:15,,,0,,,,0,,,,0,,,,0,,1,10,15,17,1,,,,
dense,1,121,0,bt,27,0,15296,16,5602,5602,5603,,,,5646,5613,5628,16,1:15,5629,5644,16,1:15,5630,5645,16,1:15,,,0,,,,0,,,,0,,,,0,,1,10,15,17,1,,,,
dense,1,122,0,bt,27,16,15424,16,5649,5649,5650,,,,5693,5660,5675,16,1:15,5676,5691,16,1:15,5677,5692,16,1:15,,,0,,,,0,,,,0,,,,0,,1,10,15,17,1,,,,
dense,1,123,0,bt,28,0,15552,16,5696,5696,5697,,,,5740,5707,5722,16,1:15,5723,5738,16,1:15,5724,5739,16,1:15,,,0,,,,0,,,,0,,,,0,,1,10,15,17,1,,,,
dense,1,124,0,bt,28,16,15680,16,5743,5743,5744,,,,5787,5754,5769,16,1:15,5770,5785,16,1:15,5771,5786,16,1:15,,,0,,,,0,,,,0,,,,0,,1,10,15,17,1,,,,
dense,1,125,0,bt,29,0,15808,16,5790,5790,5791,,,,5834,5801,5816,16,1:15,5817,5832,16,1:15,5818,5833,16,1:15,,,0,,,,0,,,,0,,,,0,,1,10,15,17,1,,,,
dense,1,126,0,bt,29,16,15936,16,5837,5837,5838,,,,5881,5848,5863,16,1:15,5864,5879,16,1:15,5865,5880,16,1:15,,,0,,,,0,,,,0,,,,0,,1,10,15,17,1,,,,
dense,1,127,0,bt,30,0,16064,16,5884,5884,5885,,,,5928,5895,5910,16,1:15,5911,5926,16,1:15,5912,5927,16,1:15,,,0,,,,0,,,,0,,,,0,,1,10,15,17,1,,,,
dense,1,128,0,bt,30,16,16192,16,5931,5931,5932,,,,5975,5942,5957,16,1:15,5958,5973,16,1:15,5959,5974,16,1:15,,,0,,,,0,,,,0,,,,0,,1,10,15,17,1,,,,
dense,1,129,0,bt,31,0,16320,8,5978,5978,5979,,,,6006,5989,5996,8,1:7,5997,6004,8,1:7,5998,6005,8,1:7,,,0,,,,0,,,,0,,,,0,,1,10,7,9,1,,,,
dense,1,130,0,bt,31,8,16384,16,6009,6009,6010,,,,6053,6020,6035,16,1:15,6036,6051,16,1:15,6037,6052,16,1:15,,,0,,,,0,,,,0,,,,0,,1,10,15,17,1,,,,
dense,1,131,0,bt,31,24,16512,8,6056,6056,6057,,,,6084,6067,6074,8,1:7,6075,6082,8,1:7,6076,6083,8,1:7,,,0,,,,0,,,,0,,,,0,,1,10,7,9,1,,,,
dense,1,132,0,c,0,0,16704,16,23438,23438,,23519,23518,23542,23543,,,0,,,,0,,,,0,,23440,23515,16,5:15,23442,23517,16,5:15,23443,23518,16,5:15,23519,23534,16,1:15,,,,,,80,16,8,1
dense,1,133,0,c,1,0,16832,16,23546,23546,,23627,23626,23650,23651,,,0,,,,0,,,,0,,23548,23623,16,5:15,23550,23625,16,5:15,23551,23626,16,5:15,23627,23642,16,1:15,,,,,,80,16,8,1
dense,1,134,0,c,2,0,16960,16,23654,23654,,23735,23734,23758,23759,,,0,,,,0,,,,0,,23656,23731,16,5:15,23658,23733,16,5:15,23659,23734,16,5:15,23735,23750,16,1:15,,,,,,80,16,8,1
dense,1,135,0,c,3,0,17088,16,23762,23762,,23843,23842,23866,23867,,,0,,,,0,,,,0,,23764,23839,16,5:15,23766,23841,16,5:15,23767,23842,16,5:15,23843,23858,16,1:15,,,,,,80,16,8,1
dense,1,136,0,c,4,0,17216,16,23870,23870,,23951,23950,23974,23975,,,0,,,,0,,,,0,,23872,23947,16,5:15,23874,23949,16,5:15,23875,23950,16,5:15,23951,23966,16,1:15,,,,,,80,16,8,1
dense,1,137,0,c,5,0,17344,16,23978,23978,,24059,24058,24082,24083,,,0,,,,0,,,,0,,23980,24055,16,5:15,23982,24057,16,5:15,23983,24058,16,5:15,24059,24074,16,1:15,,,,,,80,16,8,1
dense,1,138,0,c,6,0,17472,16,24086,24086,,24167,24166,24190,24191,,,0,,,,0,,,,0,,24088,24163,16,5:15,24090,24165,16,5:15,24091,24166,16,5:15,24167,24182,16,1:15,,,,,,80,16,8,1
dense,1,139,0,c,7,0,17600,16,24194,24194,,24275,24274,24298,24299,,,0,,,,0,,,,0,,24196,24271,16,5:15,24198,24273,16,5:15,24199,24274,16,5:15,24275,24290,16,1:15,,,,,,80,16,8,1
dense,1,140,0,c,8,0,17728,16,24302,24302,,24383,24382,24406,24407,,,0,,,,0,,,,0,,24304,24379,16,5:15,24306,24381,16,5:15,24307,24382,16,5:15,24383,24398,16,1:15,,,,,,80,16,8,1
dense,1,141,0,c,9,0,17856,16,24410,24410,,24491,24490,24514,24515,,,0,,,,0,,,,0,,24412,24487,16,5:15,24414,24489,16,5:15,24415,24490,16,5:15,24491,24506,16,1:15,,,,,,80,16,8,1
dense,1,142,0,c,10,0,17984,16,24518,24518,,24599,24598,24622,24623,,,0,,,,0,,,,0,,24520,24595,16,5:15,24522,24597,16,5:15,24523,24598,16,5:15,24599,24614,16,1:15,,,,,,80,16,8,1
dense,1,143,0,c,11,0,18112,16,24626,24626,,24707,24706,24730,24731,,,0,,,,0,,,,0,,24628,24703,16,5:15,24630,24705,16,5:15,24631,24706,16,5:15,24707,24722,16,1:15,,,,,,80,16,8,1
dense,1,144,0,c,12,0,18240,16,24734,24734,,24815,24814,24838,24839,,,0,,,,0,,,,0,,24736,24811,16,5:15,24738,24813,16,5:15,24739,24814,16,5:15,24815,24830,16,1:15,,,,,,80,16,8,1
dense,1,145,0,c,13,0,18368,16,24842,24842,,24923,24922,24946,24947,,,0,,,,0,,,,0,,24844,24919,16,5:15,24846,24921,16,5:15,24847,24922,16,5:15,24923,24938,16,1:15,,,,,,80,16,8,1
dense,1,146,0,c,14,0,18496,16,24950,24950,,25031,25030,25054,25055,,,0,,,,0,,,,0,,24952,25027,16,5:15,24954,25029,16,5:15,24955,25030,16,5:15,25031,25046,16,1:15,,,,,,80,16,8,1
dense,1,147,0,c,15,0,18624,16,25058,25058,,25139,25138,25162,25163,,,0,,,,0,,,,0,,25060,25135,16,5:15,25062,25137,16,5:15,25063,25138,16,5:15,25139,25154,16,1:15,,,,,,80,16,8,1
dense,1,148,0,c,16,0,18752,16,25166,25166,,25247,25246,25270,25271,,,0,,,,0,,,,0,,25168,25243,16,5:15,25170,25245,16,5:15,25171,25246,16,5:15,25247,25262,16,1:15,,,,,,80,16,8,1
dense,1,149,0,c,17,0,18880,16,25274,25274,,25355,25354,25378,25379,,,0,,,,0,,,,0,,25276,25351,16,5:15,25278,25353,16,5:15,25279,25354,16,5:15,25355,25370,16,1:15,,,,,,80,16,8,1
dense,1,150,0,c,18,0,19008,16,25382,25382,,25463,25462,25486,25487,,,0,,,,0,,,,0,,25384,25459,16,5:15,25386,25461,16,5:15,25387,25462,16,5:15,25463,25478,16,1:15,,,,,,80,16,8,1
dense,1,151,0,c,19,0,19136,16,25490,25490,,25571,25570,25594,25595,,,0,,,,0,,,,0,,25492,25567,16,5:15,25494,25569,16,5:15,25495,25570,16,5:15,25571,25586,16,1:15,,,,,,80,16,8,1
dense,1,152,0,c,20,0,19264,16,25598,25598,,25679,25678,25702,25703,,,0,,,,0,,,,0,,25600,25675,16,5:15,25602,25677,16,5:15,25603,25678,16,5:15,25679,25694,16,1:15,,,,,,80,16,8,1
dense,1,153,0,c,21,0,19392,16,25706,25706,,25787,25786,25810,25811,,,0,,,,0,,,,0,,25708,25783,16,5:15,25710,25785,16,5:15,25711,25786,16,5:15,25787,25802,16,1:15,,,,,,80,16,8,1
dense,1,154,0,c,22,0,19520,16,25814,25814,,25895,25894,25918,25919,,,0,,,,0,,,,0,,25816,25891,16,5:15,25818,25893,16,5:15,25819,25894,16,5:15,25895,25910,16,1:15,,,,,,80,16,8,1
dense,1,155,0,c,23,0,19648,16,25922,25922,,26003,26002,26026,26027,,,0,,,,0,,,,0,,25924,25999,16,5:15,25926,26001,16,5:15,25927,26002,16,5:15,26003,26018,16,1:15,,,,,,80,16,8,1
dense,1,156,0,c,24,0,19776,16,26030,26030,,26111,26110,26134,26135,,,0,,,,0,,,,0,,26032,26107,16,5:15,26034,26109,16,5:15,26035,26110,16,5:15,26111,26126,16,1:15,,,,,,80,16,8,1
dense,1,157,0,c,25,0,19904,16,26138,26138,,26219,26218,26242,26243,,,0,,,,0,,,,0,,26140,26215,16,5:15,26142,26217,16,5:15,26143,26218,16,5:15,26219,26234,16,1:15,,,,,,80,16,8,1
dense,1,158,0,c,26,0,20032,16,26246,26246,,26327,26326,26350,26351,,,0,,,,0,,,,0,,26248,26323,16,5:15,26250,26325,16,5:15,26251,26326,16,5:15,26327,26342,16,1:15,,,,,,80,16,8,1
dense,1,159,0,c,27,0,20160,16,26354,26354,,26435,26434,26458,26459,,,0,,,,0,,,,0,,26356,26431,16,5:15,26358,26433,16,5:15,26359,26434,16,5:15,26435,26450,16,1:15,,,,,,80,16,8,1
dense,1,160,0,c,28,0,20288,16,26462,26462,,26543,26542,26566,26567,,,0,,,,0,,,,0,,26464,26539,16,5:15,26466,26541,16,5:15,26467,26542,16,5:15,26543,26558,16,1:15,,,,,,80,16,8,1
dense,1,161,0,c,29,0,20416,8,26570,26570,,26611,26610,26626,26627,,,0,,,,0,,,,0,,26572,26607,8,5:7,26574,26609,8,5:7,26575,26610,8,5:7,26611,26618,8,1:7,,,,,,40,8,8,1
dense,1,162,0,c,29,8,20480,8,26630,26630,,26671,26670,26686,26687,,,0,,,,0,,,,0,,26632,26667,8,5:7,26634,26669,8,5:7,26635,26670,8,5:7,26671,26678,8,1:7,,,,,,40,8,8,1
dense,1,163,0,c,30,0,20544,16,26690,26690,,26771,26770,26794,26795,,,0,,,,0,,,,0,,26692,26767,16,5:15,26694,26769,16,5:15,26695,26770,16,5:15,26771,26786,16,1:15,,,,,,80,16,8,1
dense,1,164,0,c,31,0,20672,16,26798,26798,,26879,26878,26902,26903,,,0,,,,0,,,,0,,26800,26875,16,5:15,26802,26877,16,5:15,26803,26878,16,5:15,26879,26894,16,1:15,,,,,,80,16,8,1
odd,2,0,0,a,0,0,64,2,6,6,7,,,,22,17,18,2,1:1,19,20,2,1:1,20,21,2,1:1,,,0,,,,0,,,,0,,,,0,,1,10,1,3,1,,,,
odd,2,1,0,a,1,0,128,2,25,25,26,,,,41,36,37,2,1:1,38,39,2,1:1,39,40,2,1:1,,,0,,,,0,,,,0,,,,0,,1,10,1,3,1,,,,
odd,2,2,0,a,2,0,192,2,44,44,45,,,,60,55,56,2,1:1,57,58,2,1:1,58,59,2,1:1,,,0,,,,0,,,,0,,,,0,,1,10,1,3,1,,,,
odd,2,3,0,a,3,0,256,2,63,63,64,,,,79,74,75,2,1:1,76,77,2,1:1,77,78,2,1:1,,,0,,,,0,,,,0,,,,0,,1,10,1,3,1,,,,
odd,2,4,0,a,4,0,320,2,82,82,83,,,,98,93,94,2,1:1,95,96,2,1:1,96,97,2,1:1,,,0,,,,0,,,,0,,,,0,,1,10,1,3,1,,,,
odd,2,5,0,bt,0,0,512,2,106,106,107,,,,122,117,118,2,1:1,119,120,2,1:1,120,121,2,1:1,,,0,,,,0,,,,0,,,,0,,1,10,1,3,1,,,,
odd,2,6,0,bt,1,0,576,2,125,125,126,,,,141,136,137,2,1:1,138,139,2,1:1,139,140,2,1:1,,,0,,,,0,,,,0,,,,0,,1,10,1,3,1,,,,
odd,2,7,0,bt,2,0,640,2,144,144,145,,,,160,155,156,2,1:1,157,158,2,1:1,158,159,2,1:1,,,0,,,,0,,,,0,,,,0,,1,10,1,3,1,,,,
odd,2,8,0,c,0,0,832,2,218,218,,229,228,238,239,,,0,,,,0,,,,0,,220,225,2,5:1,222,227,2,5:1,223,228,2,5:1,229,230,2,1:1,,,,,,10,2,8,1
odd,2,9,0,c,1,0,896,2,242,242,,253,252,262,263,,,0,,,,0,,,,0,,244,249,2,5:1,246,251,2,5:1,247,252,2,5:1,253,254,2,1:1,,,,,,10,2,8,1
odd,2,10,0,c,2,0,960,2,266,266,,277,276,286,287,,,0,,,,0,,,,0,,268,273,2,5:1,270,275,2,5:1,271,276,2,5:1,277,278,2,1:1,,,,,,10,2,8,1
odd,2,11,0,c,3,0,1024,2,290,290,,301,300,310,311,,,0,,,,0,,,,0,,292,297,2,5:1,294,299,2,5:1,295,300,2,5:1,301,302,2,1:1,,,,,,10,2,8,1
odd,2,12,0,c,4,0,1088,2,314,314,,325,324,334,335,,,0,,,,0,,,,0,,316,321,2,5:1,318,323,2,5:1,319,324,2,5:1,325,326,2,1:1,,,,,,10,2,8,1
multi_tile,3,0,0,a,0,0,64,16,6,6,7,,,,50,17,32,16,1:15,33,48,16,1:15,34,49,16,1:15,,,0,,,,0,,,,0,,,,0,,1,10,15,17,1,,,,
multi_tile,3,1,0,a,0,16,192,16,53,53,54,,,,97,64,79,16,1:15,80,95,16,1:15,81,96,16,1:15,,,0,,,,0,,,,0,,,,0,,1,10,15,17,1,,,,
multi_tile,3,2,0,a,1,0,320,16,100,100,101,,,,144,111,126,16,1:15,127,142,16,1:15,128,143,16,1:15,,,0,,,,0,,,,0,,,,0,,1,10,15,17,1,,,,
multi_tile,3,3,0,a,1,16,448,16,147,147,148,,,,191,158,173,16,1:15,174,189,16,1:15,175,190,16,1:15,,,0,,,,0,,,,0,,,,0,,1,10,15,17,1,,,,
multi_tile,3,4,0,a,2,0,576,16,194,194,195,,,,238,205,220,16,1:15,221,236,16,1:15,222,237,16,1:15,,,0,,,,0,,,,0,,,,0,,1,10,15,17,1,,,,
multi_tile,3,5,0,a,2,16,704,16,241,241,242,,,,285,252,267,16,1:15,268,283,16,1:15,269,284,16,1:15,,,0,,,,0,,,,0,,,,0,,1,10,15,17,1,,,,
multi_tile,3,6,0,a,3,0,832,16,288,288,289,,,,332,299,314,16,1:15,315,330,16,1:15,316,331,16,1:15,,,0,,,,0,,,,0,,,,0,,1,10,15,17,1,,,,
multi_tile,3,7,0,a,3,16,960,16,335,335,336,,,,379,346,361,16,1:15,362,377,16,1:15,363,378,16,1:15,,,0,,,,0,,,,0,,,,0,,1,10,15,17,1,,,,
multi_tile,3,8,0,a,4,0,1088,16,382,382,383,,,,426,393,408,16,1:15,409,424,16,1:15,410,425,16,1:15,,,0,,,,0,,,,0,,,,0,,1,10,15,17,1,,,,
multi_tile,3,9,0,a,4,16,1216,16,429,429,430,,,,473,440,455,16,1:15,456,471,16,1:15,457,472,16,1:15,,,0,,,,0,,,,0,,,,0,,1,10,15,17,1,,,,
multi_tile,3,10,0,a,5,0,1344,16,476,476,477,,,,520,487,502,16,1:15,503,518,16,1:15,504,519,16,1:15,,,0,,,,0,,,,0,,,,0,,1,10,15,17,1,,,,
multi_tile,3,11,0,a,5,16,1472,16,523,523,524,,,,567,534,549,16,1:15,550,565,16,1:15,551,566,16,1:15,,,0,,,,0,,,,0,,,,0,,1,10,15,17,1,,,,
multi_tile,3,12,0,a,6,0,1600,16,570,570,571,,,,614,581,596,16,1:15,597,612,16,1:15,598,613,16,1:15,,,0,,,,0,,,,0,,,,0,,1,10,15,17,1,,,,
multi_tile,3,13,0,a,6,16,1728,16,617,617,618,,,,661,628,643,16,1:15,644,659,16,1:15,645,660,16,1:15,,,0,,,,0,,,,0,,,,0,,1,10,15,17,1,,,,
multi_tile,3,14,0,a,7,0,1856,16,664,664,665,,,,708,675,690,16,1:15,691,706,16,1:15,692,707,16,1:15,,,0,,,,0,,,,0,,,,0,,1,10,15,17,1,,,,
multi_tile,3,15,0,a,7,16,1984,16,711,711,712,,,,755,722,737,16,1:15,738,753,16,1:15,739,754,16,1:15,,,0,,,,0,,,,0,,,,0,,1,10,15,17,1,,,,
multi_tile,3,16,0,a,8,0,2112,16,758,758,759,,,,802,769,784,16,1:15,785,800,16,1:15,786,801,16,1:15,,,0,,,,0,,,,0,,,,0,,1,10,15,17,1,,,,
multi_tile,3,17,0,a,8,16,2240,16,805,805,806,,,,849,816,831,16,1:15,832,847,16,1:15,833,848,16,1:15,,,0,,,,0,,,,0,,,,0,,1,10,15,17,1,,,,
multi_tile,3,18,0,a,9,0,2368,16,852,852,853,,,,896,863,878,16,1:15,879,894,16,1:15,880,895,16,1:15,,,0,,,,0,,,,0,,,,0,,1,10,15,17,1,,,,
multi_tile,3,19,0,a,9,16,2496,16,899,899,900,,,,943,910,925,16,1:15,926,941,16,1:15,927,942,16,1:15,,,0,,,,0,,,,0,,,,0,,1,10,15,17,1,,,,
multi_tile,3,20,0,a,10,0,2624,16,946,946,947,,,,990,957,972,16,1:15,973,988,16,1:15,974,989,16,1:15,,,0,,,,0,,,,0,,,,0,,1,10,15,17,1,,,,
multi_tile,3,21,0,a,10,16,2752,16,993,993,994,,,,1037,1004,1019,16,1:15,1020,1035,16,1:15,1021,1036,16,1:15,,,0,,,,0,,,,0,,,,0,,1,10,15,17,1,,,,
multi_tile,3,22,0,a,11,0,2880,16,1040,1040,1041,,,,1084,1051,1066,16,1:15,1067,1082,16,1:15,1068,1083,16,1:15,,,0,,,,0,,,,0,,,,0,,1,10,15,17,1,,,,
multi_tile,3,23,0,a,11,16,3008,16,1087,1087,1088,,,,1131,1098,1113,16,1:15,1114,1129,16,1:15,1115,1130,16,1:15,,,0,,,,0,,,,0,,,,0,,1,10,15,17,1,,,,
multi_tile,3,24,0,a,12,0,3136,16,1134,1134,1135,,,,1178,1145,1160,16,1:15,1161,1176,16,1:15,1162,1177,16,1:15,,,0,,,,0,,,,0,,,,0,,1,10,15,17,1,,,,
multi_tile,3,25,0,a,12,16,3264,16,1181,1181,1182,,,,1225,1192,1207,16,1:15,1208,1223,16,1:15,1209,1224,16,1:15,,,0,,,,0,,,,0,,,,0,,1,10,15,17,1,,,,
multi_tile,3,26,0,a,13,0,3392,16,1228,1228,1229,,,,1272,1239,1254,16,1:15,1255,1270,16,1:15,1256,1271,16,1:15,,,0,,,,0,,,,0,,,,0,,1,10,15,17,1,,,,
multi_tile,3,27,0,a,13,16,3520,16,1275,1275,1276,,,,1319,1286,1301,16,1:15,1302,1317,16,1:15,1303,1318,16,1:15,,,0,,,,0,,,,0,,,,0,,1,10,15,17,1,,,,
multi_tile,3,28,0,a,14,0,3648,16,1322,1322,1323,,,,1366,1333,1348,16,1:15,1349,1364,16,1:15,1350,1365,16,1:15,,,0,,,,0,,,,0,,,,0,,1,10,15,17,1,,,,
multi_tile,3,29,0,a,14,16,3776,16,1369,1369,1370,,,,1413,1380,1395,16,1:15,1396,1411,16,1:15,1397,1412,16,1:15,,,0,,,,0,,,,0,,,,0,,1,10,15,17,1,,,,
multi_tile,3,30,0,a,15,0,3904,16,1416,1416,1417,,,,1460,1427,1442,16,1:15,1443,1458,16,1:15,1444,1459,16,1:15,,,0,,,,0,,,,0,,,,0,,1,10,15,17,1,,,,
multi_tile,3,31,0,a,15,16,4032,8,1463,1463,1464,,,,1491,1474,1481,8,1:7,1482,1489,8,1:7,1483,1490,8,1:7,,,0,,,,0,,,,0,,,,0,,1,10,7,9,1,,,,
multi_tile,3,32,0,a,15,24,4096,8,1494,1494,1495,,,,1522,1505,1512,8,1:7,1513,1520,8,1:7,1514,1521,8,1:7,,,0,,,,0,,,,0,,,,0,,1,10,7,9,1,,,,
multi_tile,3,33,0,a,16,0,4160,16,1525,1525,1526,,,,1569,1536,1551,16,1:15,1552,1567,16,1:15,1553,1568,16,1:15,,,0,,,,0,,,,0,,,,0,,1,10,15,17,1,,,,
multi_tile,3,34,0,a,16,16,4288,16,1572,1572,1573,,,,1616,1583,1598,16,1:15,1599,1614,16,1:15,1600,1615,16,1:15,,,0,,,,0,,,,0,,,,0,,1,10,15,17,1,,,,
multi_tile,3,35,0,a,17,0,4416,16,1619,1619,1620,,,,1663,1630,1645,16,1:15,1646,1661,16,1:15,1647,1662,16,1:15,,,0,,,,0,,,,0,,,,0,,1,10,15,17,1,,,,
multi_tile,3,36,0,a,17,16,4544,16,1666,1666,1667,,,,1710,1677,1692,16,1:15,1693,1708,16,1:15,1694,1709,16,1:15,,,0,,,,0,,,,0,,,,0,,1,10,15,17,1,,,,
multi_tile,3,37,0,a,18,0,4672,16,1713,1713,1714,,,,1757,1724,1739,16,1:15,1740,1755,16,1:15,1741,1756,16,1:15,,,0,,,,0,,,,0,,,,0,,1,10,15,17,1,,,,
multi_tile,3,38,0,a,18,16,4800,16,1760,1760,1761,,,,1804,1771,1786,16,1:15,1787,1802,16,1:15,1788,1803,16,1:15,,,0,,,,0,,,,0,,,,0,,1,10,15,17,1,,,,
multi_tile,3,39,0,a,19,0,4928,16,1807,1807,1808,,,,1851,1818,1833,16,1:15,1834,1849,16,1:15,1835,1850,16,1:15,,,0,,,,0,,,,0,,,,0,,1,10,15,17,1,,,,
multi_tile,3,40,0,a,19,16,5056,16,1854,1854,1855,,,,1898,1865,1880,16,1:15,1881,1896,16,1:15,1882,1897,16,1:15,,,0,,,,0,,,,0,,,,0,,1,10,15,17,1,,,,
multi_tile,3,41,0,a,20,0,5184,16,1901,1901,1902,,,,1945,1912,1927,16,1:15,1928,1943,16,1:15,1929,1944,16,1:15,,,0,,,,0,,,,0,,,,0,,1,10,15,17,1,,,,
multi_tile,3,42,0,a,20,16,5312,16,1948,1948,1949,,,,1992,1959,1974,16,1:15,1975,1990,16,1:15,1976,1991,16,1:15,,,0,,,,0,,,,0,,,,0,,1,10,15,17,1,,,,
multi_tile,3,43,0,a,21,0,5440,16,1995,1995,1996,,,,2039,2006,2021,16,1:15,2022,2037,16,1:15,2023,2038,16,1:15,,,0,,,,0,,,,0,,,,0,,1,10,15,17,1,,,,
multi_tile,3,44,0,a,21,16,5568,16,2042,2042,2043,,,,2086,2053,2068,16,1:15,2069,2084,16,1:15,2070,2085,16,1:15,,,0,,,,0,,,,0,,,,0,,1,10,15,17,1,,,,
multi_tile,3,45,0,a,22,0,5696,16,2089,2089,2090,,,,2133,2100,2115,16,1:15,2116,2131,16,1:15,2117,2132,16,1:15,,,0,,,,0,,,,0,,,,0,,1,10,15,17,1,,,,
multi_tile,3,46,0,a,22,16,5824,16,2136,2136,2137,,,,2180,2147,2162,16,1:15,2163,2178,16,1:15,2164,2179,16,1:15,,,0,,,,0,,,,0,,,,0,,1,10,15,17,1,,,,
multi_tile,3,47,0,a,23,0,5952,16,2183,2183,2184,,,,2227,2194,2209,16,1:15,2210,2225,16,1:15,2211,2226,16,1:15,,,0,,,,0,,,,0,,,,0,,1,10,15,17,1,,,,
multi_tile,3,48,0,a,23,16,6080,16,2230,2230,2231,,,,2274,2241,2256,16,1:15,2257,2272,16,1:15,2258,2273,16,1:15,,,0,,,,0,,,,0,,,,0,,1,10,15,17,1,,,,
multi_tile,3,49,0,a,24,0,6208,16,2277,2277,2278,,,,2321,2288,2303,16,1:15,2304,2319,16,1:15,2305,2320,16,1:15,,,0,,,,0,,,,0,,,,0,,1,10,15,17,1,,,,
multi_tile,3,50,0,a,24,16,6336,16,2324,2324,2325,,,,2368,2335,2350,16,1:15,2351,2366,16,1:15,2352,2367,16,1:15,,,0,,,,0,,,,0,,,,0,,1,10,15,17,1,,,,
multi_tile,3,51,0,a,25,0,6464,16,2371,2371,2372,,,,2415,2382,2397,16,1:15,2398,2413,16,1:15,2399,2414,16,1:15,,,0,,,,0,,,,0,,,,0,,1,10,15,17,1,,,,
multi_tile,3,52,0,a,25,16,6592,16,2418,2418,2419,,,,2462,2429,2444,16,1:15,2445,2460,16,1:15,2446,2461,16,1:15,,,0,,,,0,,,,0,,,,0,,1,10,15,17,1,,,,
multi_tile,3,53,0,a,26,0,6720,16,2465,2465,2466,,,,2509,2476,2491,16,1:15,2492,2507,16,1:15,2493,2508,16,1:15,,,0,,,,0,,,,0,,,,0,,1,10,15,17,1,,,,
multi_tile,3,54,0,a,26,16,6848,16,2512,2512,2513,,,,2556,2523,2538,16,1:15,2539,2554,16,1:15,2540,2555,16,1:15,,,0,,,,0,,,,0,,,,0,,1,10,15,17,1,,,,
multi_tile,3,55,0,a,27,0,6976,16,2559,2559,2560,,,,2603,2570,2585,16,1:15,2586,2601,16,1:15,2587,2602,16,1:15,,,0,,,,0,,,,0,,,,0,,1,10,15,17,1,,,,
multi_tile,3,56,0,a,27,16,7104,16,2606,2606,2607,,,,2650,2617,2632,16,1:15,2633,2648,16,1:15,2634,2649,16,1:15,,,0,,,,0,,,,0,,,,0,,1,10,15,17,1,,,,
multi_tile,3,57,0,a,28,0,7232,16,2653,2653,2654,,,,2697,2664,2679,16,1:15,2680,2695,16,1:15,2681,2696,16,1:15,,,0,,,,0,,,,0,,,,0,,1,10,15,17,1,,,,
multi_tile,3,58,0,a,28,16,7360,16,2700,2700,2701,,,,2744,2711,2726,16,1:15,2727,2742,16,1:15,2728,2743,16,1:15,,,0,,,,0,,,,0,,,,0,,1,10,15,17,1,,,,
multi_tile,3,59,0,a,29,0,7488,16,2747,2747,2748,,,,2791,2758,2773,16,1:15,2774,2789,16,1:15,2775,2790,16,1:15,,,0,,,,0,,,,0,,,,0,,1,10,15,17,1,,,,
multi_tile,3,60,0,a,29,16,7616,16,2794,2794,2795,,,,2838,2805,2820,16,1:15,2821,2836,16,1:15,2822,2837,16,1:15,,,0,,,,0,,,,0,,,,0,,1,10,15,17,1,,,,
multi_tile,3,61,0,a,30,0,7744,16,2841,2841,2842,,,,2885,2852,2867,16,1:15,2868,2883,16,1:15,2869,2884,16,1:15,,,0,,,,0,,,,0,,,,0,,1,10,15,17,1,,,,
multi_tile,3,62,0,a,30,16,7872,16,2888,2888,2889,,,,2932,2899,2914,16,1:15,2915,2930,16,1:15,2916,2931,16,1:15,,,0,,,,0,,,,0,,,,0,,1,10,15,17,1,,,,
multi_tile,3,63,0,a,31,0,8000,16,2935,2935,2936,,,,2979,2946,2961,16,1:15,2962,2977,16,1:15,2963,2978,16,1:15,,,0,,,,0,,,,0,,,,0,,1,10,15,17,1,,,,
multi_tile,3,64,0,a,31,16,8128,8,2982,2982,2983,,,,3010,2993,3000,8,1:7,3001,3008,8,1:7,3002,3009,8,1:7,,,0,,,,0,,,,0,,,,0,,1,10,7,9,1,,,,
multi_tile,3,65,0,a,31,24,8192,8,3013,3013,3014,,,,3041,3024,3031,8,1:7,3032,3039,8,1:7,3033,3040,8,1:7,,,0,,,,0,,,,0,,,,0,,1,10,7,9,1,,,,
multi_tile,3,66,0,bt,0,0,8640,16,3049,3049,3050,,,,3093,3060,3075,16,1:15,3076,3091,16,1:15,3077,3092,16,1:15,,,0,,,,0,,,,0,,,,0,,1,10,15,17,1,,,,
multi_tile,3,67,0,bt,0,16,8768,16,3096,3096,3097,,,,3140,3107,3122,16,1:15,3123,3138,16,1:15,3124,3139,16,1:15,,,0,,,,0,,,,0,,,,0,,1,10,15,17,1,,,,
multi_tile,3,68,0,bt,1,0,8896,16,3143,3143,3144,,,,3187,3154,3169,16,1:15,3170,3185,16,1:15,3171,3186,16,1:15,,,0,,,,0,,,,0,,,,0,,1,10,15,17,1,,,,
multi_tile,3,69,0,bt,1,16,9024,16,3190,3190,3191,,,,3234,3201,3216,16,1:15,3217,3232,16,1:15,3218,3233,16,1:15,,,0,,,,0,,,,0,,,,0,,1,10,15,17,1,,,,
multi_tile,3,70,0,bt,2,0,9152,16,3237,3237,3238,,,,3281,3248,3263,16,1:15,3264,3279,16,1:15,3265,3280,16,1:15,,,0,,,,0,,,,0,,,,0,,1,10,15,17,1,,,,
multi_tile,3,71,0,bt,2,16,9280,16,3284,3284,3285,,,,3328,3295,3310,16,1:15,3311,3326,16,1:15,3312,3327,16,1:15,,,0,,,,0,,,,0,,,,0,,1,10,15,17,1,,,,
multi_tile,3,72,0,bt,3,0,9408,16,3331,3331,3332,,,,3375,3342,3357,16,1:15,3358,3373,16,1:15,3359,3374,16,1:15,,,0,,,,0,,,,0,,,,0,,1,10,15,17,1,,,,
multi_tile,3,73,0,bt,3,16,9536,16,3378,3378,3379,,,,3422,3389,3404,16,1:15,3405,3420,16,1:15,3406,3421,16,1:15,,,0,,,,0,,,,0,,,,0,,1,10,15,17,1,,,,
multi_tile,3,74,0,bt,4,0,9664,16,3425,3425,3426,,,,3469,3436,3451,16,1:15,3452,3467,16,1:15,3453,3468,16,1:15,,,0,,,,0,,,,0,,,,0,,1,10,15,17,1,,,,
multi_tile,3,75,0,bt,4,16,9792,16,3472,3472,3473,,,,3516,3483,3498,16,1:15,3499,3514,16,1:15,3500,3515,16,1:15,,,0,,,,0,,,,0,,,,0,,1,10,15,17,1,,,,
multi_tile,3,76,0,bt,5,0,9920,16,3519,3519,3520,,,,3563,3530,3545,16,1:15,3546,3561,16,1:15,3547,3562,16,1:15,,,0,,,,0,,,,0,,,,0,,1,10,15,17,1,,,,
multi_tile,3,77,0,bt,5,16,10048,16,3566,3566,3567,,,,3610,3577,3592,16,1:15,3593,3608,16,1:15,3594,3609,16,1:15,,,0,,,,0,,,,0,,,,0,,1,10,15,17,1,,,,
multi_tile,3,78,0,bt,6,0,10176,16,3613,3613,3614,,,,3657,3624,3639,16,1:15,3640,3655,16,1:15,3641,3656,16,1:15,,,0,,,,0,,,,0,,,,0,,1,10,15,17,1,,,,
multi_tile,3,79,0,bt,6,16,10304,16,3660,3660,3661,,,,3704,3671,3686,16,1:15,3687,3702,16,1:15,3688,3703,16,1:15,,,0,,,,0,,,,0,,,,0,,1,10,15,17,1,,,,
multi_tile,3,80,0,bt,7,0,10432,16,3707,3707,3708,,,,3751,3718,3733,16,1:15,3734,3749,16,1:15,3735,3750,16,1:15,,,0,,,,0,,,,0,,,,0,,1,10,15,17,1,,,,
multi_tile,3,81,0,bt,7,16,10560,16,3754,3754,3755,,,,3798,3765,3780,16,1:15,3781,3796,16,1:15,3782,3797,16,1:15,,,0,,,,0,,,,0,,,,0,,1,10,15,17,1,,,,
multi_tile,3,82,0,bt,8,0,10688,16,3801,3801,3802,,,,3845,3812,3827,16,1:15,3828,3843,16,1:15,3829,3844,16,1:15,,,0,,,,0,,,,0,,,,0,,1,10,15,17,1,,,,
multi_tile,3,83,0,bt,8,16,10816,16,3848,3848,3849,,,,3892,3859,3874,16,1:15,3875,3890,16,1:15,3876,3891,16,1:15,,,0,,,,0,,,,0,,,,0,,1,10,15,17,1,,,,
multi_tile,3,84,0,bt,9,0,10944,16,3895,3895,3896,,,,3939,3906,3921,16,1:15,3922,3937,16,1:15,3923,3938,16,1:15,,,0,,,,0,,,,0,,,,0,,1,10,15,17,1,,,,
multi_tile,3,85,0,bt,9,16,11072,16,3942,3942,3943,,,,3986,3953,3968,16,1:15,3969,3984,16,1:15,3970,3985,16,1:15,,,0,,,,0,,,,0,,,,0,,1,10,15,17,1,,,,
multi_tile,3,86,0,bt,10,0,11200,16,3989,3989,3990,,,,4033,4000,4015,16,1:15,4016,4031,16,1:15,4017,4032,16,1:15,,,0,,,,0,,,,0,,,,0,,1,10,15,17,1,,,,
multi_tile,3,87,0,bt,10,16,11328,16,4036,4036,4037,,,,4080,4047,4062,16,1:15,4063,4078,16,1:15,4064,4079,16,1:15,,,0,,,,0,,,,0,,,,0,,1,10,15,17,1,,,,
multi_tile,3,88,0,bt,11,0,11456,16,4083,4083,4084,,,,4127,4094,4109,16,1:15,4110,4125,16,1:15,4111,4126,16,1:15,,,0,,,,0,,,,0,,,,0,,1,10,15,17,1,,,,
multi_tile,3,89,0,bt,11,16,11584,16,4130,4130,4131,,,,4174,4141,4156,16,1:15,4157,4172,16,1:15,4158,4173,16,1:15,,,0,,,,0,,,,0,,,,0,,1,10,15,17,1,,,,
multi_tile,3,90,0,bt,12,0,11712,16,4177,4177,4178,,,,4221,4188,4203,16,1:15,4204,4219,16,1:15,4205,4220,16,1:15,,,0,,,,0,,,,0,,,,0,,1,10,15,17,1,,,,
multi_tile,3,91,0,bt,12,16,11840,16,4224,4224,4225,,,,4268,4235,4250,16,1:15,4251,4266,16,1:15,4252,4267,16,1:15,,,0,,,,0,,,,0,,,,0,,1,10,15,17,1,,,,
multi_tile,3,92,0,bt,13,0,11968,16,4271,4271,4272,,,,4315,4282,4297,16,1:15,4298,4313,16,1:15,4299,4314,16,1:15,,,0,,,,0,,,,0,,,,0,,1,10,15,17,1,,,,
multi_tile,3,93,0,bt,13,16,12096,16,4318,4318,4319,,,,4362,4329,4344,16,1:15,4345,4360,16,1:15,4346,4361,16,1:15,,,0,,,,0,,,,0,,,,0,,1,10,15,17,1,,,,
multi_tile,3,94,0,bt,14,0,12224,8,4365,4365,4366,,,,4393,4376,4383,8,1:7,4384,4391,8,1:7,4385,4392,8,1:7,,,0,,,,0,,,,0,,,,0,,1,10,7,9,1,,,,
multi_tile,3,95,0,bt,14,8,12288,16,4396,4396,4397,,,,4440,4407,4422,16,1:15,4423,4438,16,1:15,4424,4439,16,1:15,,,0,,,,0,,,,0,,,,0,,1,10,15,17,1,,,,
multi_tile,3,96,0,bt,14,24,12416,8,4443,4443,4444,,,,4471,4454,4461,8,1:7,4462,4469,8,1:7,4463,4470,8,1:7,,,0,,,,0,,,,0,,,,0,,1,10,7,9,1,,,,
multi_tile,3,97,0,bt,15,0,12480,16,4474,4474,4475,,,,4518,4485,4500,16,1:15,4501,4516,16,1:15,4502,4517,16,1:15,,,0,,,,0,,,,0,,,,0,,1,10,15,17,1,,,,
multi_tile,3,98,0,bt,15,16,12608,16,4521,4521,4522,,,,4565,4532,4547,16,1:15,4548,4563,16,1:15,4549,4564,16,1:15,,,0,,,,0,,,,0,,,,0,,1,10,15,17,1,,,,
multi_tile,3,99,0,bt,16,0,12736,16,4568,4568,4569,,,,4612,4579,4594,16,1:15,4595,4610,16,1:15,4596,4611,16,1:15,,,0,,,,0,,,,0,,,,0,,1,10,15,17,1,,,,
multi_tile,3,100,0,bt,16,16,12864,16,4615,4615,4616,,,,4659,4626,4641,16,1:15,4642,4657,16,1:15,4643,4658,16,1:15,,,0,,,,0,,,,0,,,,0,,1,10,15,17,1,,,,
multi_tile,3,101,0,bt,17,0,12992,16,4662,4662,4663,,,,4706,4673,4688,16,1:15,4689,4704,16,1:15,4690,4705,16,1:15,,,0,,,,0,,,,0,,,,0,,1,10,15,17,1,,,,
multi_tile,3,102,0,bt,17,16,13120,16,4709,4709,4710,,,,4753,4720,4735,16,1:15,4736,4751,16,1:15,4737,4752,16,1:15,,,0,,,,0,,,,0,,,,0,,1,10,15,17,1,,,,
multi_tile,3,103,0,bt,18,0,13248,16,4756,4756,4757,,,,4800,4767,4782,16,1:15,4783,4798,16,1:15,4784,4799,16,1:15,,,0,,,,0,,,,0,,,,0,,1,10,15,17,1,,,,
multi_tile,3,104,0,bt,18,16,13376,16,4803,4803,4804,,,,4847,4814,4829,16,1:15,4830,4845,16,1:15,4831,4846,16,1:15,,,0,,,,0,,,,0,,,,0,,1,10,15,17,1,,,,
multi_tile,3,105,0,bt,19,0,13504,16,4850,4850,4851,,,,4894,4861,4876,16,1:15,4877,4892,16,1:15,4878,4893,16,1:15,,,0,,,,0,,,,0,,,,0,,1,10,15,17,1,,,,
multi_tile,3,106,0,bt,19,16,13632,16,4897,4897,4898,,,,4941,4908,4923,16,1:15,4924,4939,16,1:15,4925,4940,16,1:15,,,0,,,,0,,,,0,,,,0,,1,10,15,17,1,,,,
multi_tile,3,107,0,bt,20,0,13760,16,4944,4944,4945,,,,4988,4955,4970,16,1:15,4971,4986,16,1:15,4972,4987,16,1:15,,,0,,,,0,,,,0,,,,0,,1,10,15,17,1,,,,
multi_tile,3,108,0,bt,20,16,13888,16,4991,4991,4992,,,,5035,5002,5017,16,1:15,5018,5033,16,1:15,5019,5034,16,1:15,,,0,,,,0,,,,0,,,,0,,1,10,15,17,1,,,,
multi_tile,3,109,0,bt,21,0,14016,16,5038,5038,5039,,,,5082,5049,5064,16,1:15,5065,5080,16,1:15,5066,5081,16,1:15,,,0,,,,0,,,,0,,,,0,,1,10,15,17,1,,,,
multi_tile,3,110,0,bt,21,16,14144,16,5085,5085,5086,,,,5129,5096,5111,16,1:15,5112,5127,16,1:15,5113,5128,16,1:15,,,0,,,,0,,,,0,,,,0,,1,10,15,17,1,,,,
multi_tile,3,111,0,bt,22,0,14272,16,5132,5132,5133,,,,5176,5143,5158,16,1:15,5159,5174,16,1:15,5160,5175,16,1:15,,,0,,,,0,,,,0,,,,0,,1,10,15,17,1,,,,
multi_tile,3,112,0,bt,22,16,14400,16,5179,5179,5180,,,,5223,5190,5205,16,1:15,5206,5221,16,1:15,5207,5222,16,1:15,,,0,,,,0,,,,0,,,,0,,1,10,15,17,1,,,,
multi_tile,3,113,0,bt,23,0,14528,16,5226,5226,5227,,,,5270,5237,5252,16,1:15,5253,5268,16,1:15,5254,5269,16,1:15,,,0,,,,0,,,,0,,,,0,,1,10,15,17,1,,,,
multi_tile,3,114,0,bt,23,16,14656,16,5273,5273,5274,,,,5317,5284,5299,16,1:15,5300,5315,16,1:15,5301,5316,16,1:15,,,0,,,,0,,,,0,,,,0,,1,10,15,17,1,,,,
multi_tile,3,115,0,bt,24,0,14784,16,5320,5320,5321,,,,5364,5331,5346,16,1:15,5347,5362,16,1:15,5348,5363,16,1:15,,,0,,,,0,,,,0,,,,0,,1,10,15,17,1,,,,
multi_tile,3,116,0,bt,24,16,14912,16,5367,5367,5368,,,,5411,5378,5393,16,1:15,5394,5409,16,1:15,5395,5410,16,1:15,,,0,,,,0,,,,0,,,,0,,1,10,15,17,1,,,,
multi_tile,3,117,0,bt,25,0,15040,16,5414,5414,5415,,,,5458,5425,5440,16,1:15,5441,5456,16,1:15,5442,5457,16,1:15,,,0,,,,0,,,,0,,,,0,,1,10,15,17,1,,,,
multi_tile,3,118,0,bt,25,16,15168,16,5461,5461,5462,,,,5505,5472,5487,16,1:15,5488,5503,16,1:15,5489,5504,16,1:15,,,0,,,,0,,,,0,,,,0,,1,10,15,17,1,,,,
multi_tile,3,119,0,bt,26,0,15296,16,5508,5508,5509,,,,5552,5519,5534,16,1:15,5535,5550,16,1:15,5536,5551,16,1:15,,,0,,,,0,,,,0,,,,0,,1,10,15,17,1,,,,
multi_tile,3,120,0,bt,26,16,15424,16,5555,5555,5556,,,,5599,5566,5581,16,1:15,5582,5597,16,1:15,5583,5598,16,1:15,,,0,,,,0,,,,0,,,,0,,1,10,15,17,1,,,,
multi_tile,3,121,0,bt,27,0,15552,16,5602,5602,5603,,,,5646,5613,5628,16,1:15,5629,5644,16,1:15,5630,5645,16,1:15,,,0,,,,0,,,,0,,,,0,,1,10,15,17,1,,,,
multi_tile,3,122,0,bt,27,16,15680,16,5649,5649,5650,,,,5693,5660,5675,16,1:15,5676,5691,16,1:15,5677,5692,16,1:15,,,0,,,,0,,,,0,,,,0,,1,10,15,17,1,,,,
multi_tile,3,123,0,bt,28,0,15808,16,5696,5696,5697,,,,5740,5707,5722,16,1:15,5723,5738,16,1:15,5724,5739,16,1:15,,,0,,,,0,,,,0,,,,0,,1,10,15,17,1,,,,
multi_tile,3,124,0,bt,28,16,15936,16,5743,5743,5744,,,,5787,5754,5769,16,1:15,5770,5785,16,1:15,5771,5786,16,1:15,,,0,,,,0,,,,0,,,,0,,1,10,15,17,1,,,,
multi_tile,3,125,0,bt,29,0,16064,16,5790,5790,5791,,,,5834,5801,5816,16,1:15,5817,5832,16,1:15,5818,5833,16,1:15,,,0,,,,0,,,,0,,,,0,,1,10,15,17,1,,,,
multi_tile,3,126,0,bt,29,16,16192,16,5837,5837,5838,,,,5881,5848,5863,16,1:15,5864,5879,16,1:15,5865,5880,16,1:15,,,0,,,,0,,,,0,,,,0,,1,10,15,17,1,,,,
multi_tile,3,127,0,bt,30,0,16320,8,5884,5884,5885,,,,5912,5895,5902,8,1:7,5903,5910,8,1:7,5904,5911,8,1:7,,,0,,,,0,,,,0,,,,0,,1,10,7,9,1,,,,
multi_tile,3,128,0,bt,30,8,16384,16,5915,5915,5916,,,,5959,5926,5941,16,1:15,5942,5957,16,1:15,5943,5958,16,1:15,,,0,,,,0,,,,0,,,,0,,1,10,15,17,1,,,,
multi_tile,3,129,0,bt,30,24,16512,8,5962,5962,5963,,,,5990,5973,5980,8,1:7,5981,5988,8,1:7,5982,5989,8,1:7,,,0,,,,0,,,,0,,,,0,,1,10,7,9,1,,,,
multi_tile,3,130,0,bt,31,0,16576,16,5993,5993,5994,,,,6037,6004,6019,16,1:15,6020,6035,16,1:15,6021,6036,16,1:15,,,0,,,,0,,,,0,,,,0,,1,10,15,17,1,,,,
multi_tile,3,131,0,bt,31,16,16704,16,6040,6040,6041,,,,6084,6051,6066,16,1:15,6067,6082,16,1:15,6068,6083,16,1:15,,,0,,,,0,,,,0,,,,0,,1,10,15,17,1,,,,
multi_tile,3,132,0,c,0,0,17728,16,23438,23438,,23519,23518,23542,23543,,,0,,,,0,,,,0,,23440,23515,16,5:15,23442,23517,16,5:15,23443,23518,16,5:15,23519,23534,16,1:15,,,,,,80,16,8,1
multi_tile,3,133,0,c,1,0,17920,16,23546,23546,,23627,23626,23650,23651,,,0,,,,0,,,,0,,23548,23623,16,5:15,23550,23625,16,5:15,23551,23626,16,5:15,23627,23642,16,1:15,,,,,,80,16,8,1
multi_tile,3,134,0,c,2,0,18112,16,23654,23654,,23735,23734,23758,23759,,,0,,,,0,,,,0,,23656,23731,16,5:15,23658,23733,16,5:15,23659,23734,16,5:15,23735,23750,16,1:15,,,,,,80,16,8,1
multi_tile,3,135,0,c,3,0,18304,16,23762,23762,,23843,23842,23866,23867,,,0,,,,0,,,,0,,23764,23839,16,5:15,23766,23841,16,5:15,23767,23842,16,5:15,23843,23858,16,1:15,,,,,,80,16,8,1
multi_tile,3,136,0,c,4,0,18496,16,23870,23870,,23951,23950,23974,23975,,,0,,,,0,,,,0,,23872,23947,16,5:15,23874,23949,16,5:15,23875,23950,16,5:15,23951,23966,16,1:15,,,,,,80,16,8,1
multi_tile,3,137,0,c,5,0,18688,16,23978,23978,,24059,24058,24082,24083,,,0,,,,0,,,,0,,23980,24055,16,5:15,23982,24057,16,5:15,23983,24058,16,5:15,24059,24074,16,1:15,,,,,,80,16,8,1
multi_tile,3,138,0,c,6,0,18880,16,24086,24086,,24167,24166,24190,24191,,,0,,,,0,,,,0,,24088,24163,16,5:15,24090,24165,16,5:15,24091,24166,16,5:15,24167,24182,16,1:15,,,,,,80,16,8,1
multi_tile,3,139,0,c,7,0,19072,16,24194,24194,,24275,24274,24298,24299,,,0,,,,0,,,,0,,24196,24271,16,5:15,24198,24273,16,5:15,24199,24274,16,5:15,24275,24290,16,1:15,,,,,,80,16,8,1
multi_tile,3,140,0,c,8,0,19264,16,24302,24302,,24383,24382,24406,24407,,,0,,,,0,,,,0,,24304,24379,16,5:15,24306,24381,16,5:15,24307,24382,16,5:15,24383,24398,16,1:15,,,,,,80,16,8,1
multi_tile,3,141,0,c,9,0,19456,16,24410,24410,,24491,24490,24514,24515,,,0,,,,0,,,,0,,24412,24487,16,5:15,24414,24489,16,5:15,24415,24490,16,5:15,24491,24506,16,1:15,,,,,,80,16,8,1
multi_tile,3,142,0,c,10,0,19648,16,24518,24518,,24599,24598,24622,24623,,,0,,,,0,,,,0,,24520,24595,16,5:15,24522,24597,16,5:15,24523,24598,16,5:15,24599,24614,16,1:15,,,,,,80,16,8,1
multi_tile,3,143,0,c,11,0,19840,16,24626,24626,,24707,24706,24730,24731,,,0,,,,0,,,,0,,24628,24703,16,5:15,24630,24705,16,5:15,24631,24706,16,5:15,24707,24722,16,1:15,,,,,,80,16,8,1
multi_tile,3,144,0,c,12,0,20032,16,24734,24734,,24815,24814,24838,24839,,,0,,,,0,,,,0,,24736,24811,16,5:15,24738,24813,16,5:15,24739,24814,16,5:15,24815,24830,16,1:15,,,,,,80,16,8,1
multi_tile,3,145,0,c,13,0,20224,16,24842,24842,,24923,24922,24946,24947,,,0,,,,0,,,,0,,24844,24919,16,5:15,24846,24921,16,5:15,24847,24922,16,5:15,24923,24938,16,1:15,,,,,,80,16,8,1
multi_tile,3,146,0,c,14,0,20416,8,24950,24950,,24991,24990,25006,25007,,,0,,,,0,,,,0,,24952,24987,8,5:7,24954,24989,8,5:7,24955,24990,8,5:7,24991,24998,8,1:7,,,,,,40,8,8,1
multi_tile,3,147,0,c,14,8,20480,8,25010,25010,,25051,25050,25066,25067,,,0,,,,0,,,,0,,25012,25047,8,5:7,25014,25049,8,5:7,25015,25050,8,5:7,25051,25058,8,1:7,,,,,,40,8,8,1
multi_tile,3,148,0,c,15,0,20608,16,25070,25070,,25151,25150,25174,25175,,,0,,,,0,,,,0,,25072,25147,16,5:15,25074,25149,16,5:15,25075,25150,16,5:15,25151,25166,16,1:15,,,,,,80,16,8,1
multi_tile,3,149,0,c,16,0,20800,16,25178,25178,,25259,25258,25282,25283,,,0,,,,0,,,,0,,25180,25255,16,5:15,25182,25257,16,5:15,25183,25258,16,5:15,25259,25274,16,1:15,,,,,,80,16,8,1
multi_tile,3,150,0,c,17,0,20992,16,25286,25286,,25367,25366,25390,25391,,,0,,,,0,,,,0,,25288,25363,16,5:15,25290,25365,16,5:15,25291,25366,16,5:15,25367,25382,16,1:15,,,,,,80,16,8,1
multi_tile,3,151,0,c,18,0,21184,16,25394,25394,,25475,25474,25498,25499,,,0,,,,0,,,,0,,25396,25471,16,5:15,25398,25473,16,5:15,25399,25474,16,5:15,25475,25490,16,1:15,,,,,,80,16,8,1
multi_tile,3,152,0,c,19,0,21376,16,25502,25502,,25583,25582,25606,25607,,,0,,,,0,,,,0,,25504,25579,16,5:15,25506,25581,16,5:15,25507,25582,16,5:15,25583,25598,16,1:15,,,,,,80,16,8,1
multi_tile,3,153,0,c,20,0,21568,16,25610,25610,,25691,25690,25714,25715,,,0,,,,0,,,,0,,25612,25687,16,5:15,25614,25689,16,5:15,25615,25690,16,5:15,25691,25706,16,1:15,,,,,,80,16,8,1
multi_tile,3,154,0,c,21,0,21760,16,25718,25718,,25799,25798,25822,25823,,,0,,,,0,,,,0,,25720,25795,16,5:15,25722,25797,16,5:15,25723,25798,16,5:15,25799,25814,16,1:15,,,,,,80,16,8,1
multi_tile,3,155,0,c,22,0,21952,16,25826,25826,,25907,25906,25930,25931,,,0,,,,0,,,,0,,25828,25903,16,5:15,25830,25905,16,5:15,25831,25906,16,5:15,25907,25922,16,1:15,,,,,,80,16,8,1
multi_tile,3,156,0,c,23,0,22144,16,25934,25934,,26015,26014,26038,26039,,,0,,,,0,,,,0,,25936,26011,16,5:15,25938,26013,16,5:15,25939,26014,16,5:15,26015,26030,16,1:15,,,,,,80,16,8,1
multi_tile,3,157,0,c,24,0,22336,16,26042,26042,,26123,26122,26146,26147,,,0,,,,0,,,,0,,26044,26119,16,5:15,26046,26121,16,5:15,26047,26122,16,5:15,26123,26138,16,1:15,,,,,,80,16,8,1
multi_tile,3,158,0,c,25,0,22528,16,26150,26150,,26231,26230,26254,26255,,,0,,,,0,,,,0,,26152,26227,16,5:15,26154,26229,16,5:15,26155,26230,16,5:15,26231,26246,16,1:15,,,,,,80,16,8,1
multi_tile,3,159,0,c,26,0,22720,16,26258,26258,,26339,26338,26362,26363,,,0,,,,0,,,,0,,26260,26335,16,5:15,26262,26337,16,5:15,26263,26338,16,5:15,26339,26354,16,1:15,,,,,,80,16,8,1
multi_tile,3,160,0,c,27,0,22912,16,26366,26366,,26447,26446,26470,26471,,,0,,,,0,,,,0,,26368,26443,16,5:15,26370,26445,16,5:15,26371,26446,16,5:15,26447,26462,16,1:15,,,,,,80,16,8,1
multi_tile,3,161,0,c,28,0,23104,16,26474,26474,,26555,26554,26578,26579,,,0,,,,0,,,,0,,26476,26551,16,5:15,26478,26553,16,5:15,26479,26554,16,5:15,26555,26570,16,1:15,,,,,,80,16,8,1
multi_tile,3,162,0,c,29,0,23296,16,26582,26582,,26663,26662,26686,26687,,,0,,,,0,,,,0,,26584,26659,16,5:15,26586,26661,16,5:15,26587,26662,16,5:15,26663,26678,16,1:15,,,,,,80,16,8,1
multi_tile,3,163,0,c,30,0,23488,16,26690,26690,,26771,26770,26794,26795,,,0,,,,0,,,,0,,26692,26767,16,5:15,26694,26769,16,5:15,26695,26770,16,5:15,26771,26786,16,1:15,,,,,,80,16,8,1
multi_tile,3,164,0,c,31,0,23680,16,26798,26798,,26879,26878,26902,26903,,,0,,,,0,,,,0,,26800,26875,16,5:15,26802,26877,16,5:15,26803,26878,16,5:15,26879,26894,16,1:15,,,,,,80,16,8,1
multi_tile,3,165,1,a,0,0,64,16,26912,26912,26913,,,,26956,26923,26938,16,1:15,26939,26954,16,1:15,26940,26955,16,1:15,,,0,,,,0,,,,0,,,,0,,1,10,15,17,1,,,,
multi_tile,3,166,1,a,0,16,192,16,26959,26959,26960,,,,27003,26970,26985,16,1:15,26986,27001,16,1:15,26987,27002,16,1:15,,,0,,,,0,,,,0,,,,0,,1,10,15,17,1,,,,
multi_tile,3,167,1,a,1,0,320,16,27006,27006,27007,,,,27050,27017,27032,16,1:15,27033,27048,16,1:15,27034,27049,16,1:15,,,0,,,,0,,,,0,,,,0,,1,10,15,17,1,,,,
multi_tile,3,168,1,a,1,16,448,16,27053,27053,27054,,,,27097,27064,27079,16,1:15,27080,27095,16,1:15,27081,27096,16,1:15,,,0,,,,0,,,,0,,,,0,,1,10,15,17,1,,,,
multi_tile,3,169,1,a,2,0,576,16,27100,27100,27101,,,,27144,27111,27126,16,1:15,27127,27142,16,1:15,27128,27143,16,1:15,,,0,,,,0,,,,0,,,,0,,1,10,15,17,1,,,,
multi_tile,3,170,1,a,2,16,704,16,27147,27147,27148,,,,27191,27158,27173,16,1:15,27174,27189,16,1:15,27175,27190,16,1:15,,,0,,,,0,,,,0,,,,0,,1,10,15,17,1,,,,
multi_tile,3,171,1,a,3,0,832,16,27194,27194,27195,,,,27238,27205,27220,16,1:15,27221,27236,16,1:15,27222,27237,16,1:15,,,0,,,,0,,,,0,,,,0,,1,10,15,17,1,,,,
multi_tile,3,172,1,a,3,16,960,16,27241,27241,27242,,,,27285,27252,27267,16,1:15,27268,27283,16,1:15,27269,27284,16,1:15,,,0,,,,0,,,,0,,,,0,,1,10,15,17,1,,,,
multi_tile,3,173,1,a,4,0,1088,16,27288,27288,27289,,,,27332,27299,27314,16,1:15,27315,27330,16,1:15,27316,27331,16,1:15,,,0,,,,0,,,,0,,,,0,,1,10,15,17,1,,,,
multi_tile,3,174,1,a,4,16,1216,16,27335,27335,27336,,,,27379,27346,27361,16,1:15,27362,27377,16,1:15,27363,27378,16,1:15,,,0,,,,0,,,,0,,,,0,,1,10,15,17,1,,,,
multi_tile,3,175,1,a,5,0,1344,16,27382,27382,27383,,,,27426,27393,27408,16,1:15,27409,27424,16,1:15,27410,27425,16,1:15,,,0,,,,0,,,,0,,,,0,,1,10,15,17,1,,,,
multi_tile,3,176,1,a,5,16,1472,16,27429,27429,27430,,,,27473,27440,27455,16,1:15,27456,27471,16,1:15,27457,27472,16,1:15,,,0,,,,0,,,,0,,,,0,,1,10,15,17,1,,,,
multi_tile,3,177,1,a,6,0,1600,16,27476,27476,27477,,,,27520,27487,27502,16,1:15,27503,27518,16,1:15,27504,27519,16,1:15,,,0,,,,0,,,,0,,,,0,,1,10,15,17,1,,,,
multi_tile,3,178,1,a,6,16,1728,16,27523,27523,27524,,,,27567,27534,27549,16,1:15,27550,27565,16,1:15,27551,27566,16,1:15,,,0,,,,0,,,,0,,,,0,,1,10,15,17,1,,,,
multi_tile,3,179,1,a,7,0,1856,16,27570,27570,27571,,,,27614,27581,27596,16,1:15,27597,27612,16,1:15,27598,27613,16,1:15,,,0,,,,0,,,,0,,,,0,,1,10,15,17,1,,,,
multi_tile,3,180,1,a,7,16,1984,16,27617,27617,27618,,,,27661,27628,27643,16,1:15,27644,27659,16,1:15,27645,27660,16,1:15,,,0,,,,0,,,,0,,,,0,,1,10,15,17,1,,,,
multi_tile,3,181,1,a,8,0,2112,16,27664,27664,27665,,,,27708,27675,27690,16,1:15,27691,27706,16,1:15,27692,27707,16,1:15,,,0,,,,0,,,,0,,,,0,,1,10,15,17,1,,,,
multi_tile,3,182,1,a,8,16,2240,16,27711,27711,27712,,,,27755,27722,27737,16,1:15,27738,27753,16,1:15,27739,27754,16,1:15,,,0,,,,0,,,,0,,,,0,,1,10,15,17,1,,,,
multi_tile,3,183,1,a,9,0,2368,16,27758,27758,27759,,,,27802,27769,27784,16,1:15,27785,27800,16,1:15,27786,27801,16,1:15,,,0,,,,0,,,,0,,,,0,,1,10,15,17,1,,,,
multi_tile,3,184,1,a,9,16,2496,16,27805,27805,27806,,,,27849,27816,27831,16,1:15,27832,27847,16,1:15,27833,27848,16,1:15,,,0,,,,0,,,,0,,,,0,,1,10,15,17,1,,,,
multi_tile,3,185,1,a,10,0,2624,16,27852,27852,27853,,,,27896,27863,27878,16,1:15,27879,27894,16,1:15,27880,27895,16,1:15,,,0,,,,0,,,,0,,,,0,,1,10,15,17,1,,,,
multi_tile,3,186,1,a,10,16,2752,16,27899,27899,27900,,,,27943,27910,27925,16,1:15,27926,27941,16,1:15,27927,27942,16,1:15,,,0,,,,0,,,,0,,,,0,,1,10,15,17,1,,,,
multi_tile,3,187,1,a,11,0,2880,16,27946,27946,27947,,,,27990,27957,27972,16,1:15,27973,27988,16,1:15,27974,27989,16,1:15,,,0,,,,0,,,,0,,,,0,,1,10,15,17,1,,,,
multi_tile,3,188,1,a,11,16,3008,16,27993,27993,27994,,,,28037,28004,28019,16,1:15,28020,28035,16,1:15,28021,28036,16,1:15,,,0,,,,0,,,,0,,,,0,,1,10,15,17,1,,,,
multi_tile,3,189,1,a,12,0,3136,16,28040,28040,28041,,,,28084,28051,28066,16,1:15,28067,28082,16,1:15,28068,28083,16,1:15,,,0,,,,0,,,,0,,,,0,,1,10,15,17,1,,,,
multi_tile,3,190,1,a,12,16,3264,16,28087,28087,28088,,,,28131,28098,28113,16,1:15,28114,28129,16,1:15,28115,28130,16,1:15,,,0,,,,0,,,,0,,,,0,,1,10,15,17,1,,,,
multi_tile,3,191,1,a,13,0,3392,16,28134,28134,28135,,,,28178,28145,28160,16,1:15,28161,28176,16,1:15,28162,28177,16,1:15,,,0,,,,0,,,,0,,,,0,,1,10,15,17,1,,,,
multi_tile,3,192,1,a,13,16,3520,16,28181,28181,28182,,,,28225,28192,28207,16,1:15,28208,28223,16,1:15,28209,28224,16,1:15,,,0,,,,0,,,,0,,,,0,,1,10,15,17,1,,,,
multi_tile,3,193,1,a,14,0,3648,16,28228,28228,28229,,,,28272,28239,28254,16,1:15,28255,28270,16,1:15,28256,28271,16,1:15,,,0,,,,0,,,,0,,,,0,,1,10,15,17,1,,,,
multi_tile,3,194,1,a,14,16,3776,16,28275,28275,28276,,,,28319,28286,28301,16,1:15,28302,28317,16,1:15,28303,28318,16,1:15,,,0,,,,0,,,,0,,,,0,,1,10,15,17,1,,,,
multi_tile,3,195,1,a,15,0,3904,16,28322,28322,28323,,,,28366,28333,28348,16,1:15,28349,28364,16,1:15,28350,28365,16,1:15,,,0,,,,0,,,,0,,,,0,,1,10,15,17,1,,,,
multi_tile,3,196,1,a,15,16,4032,8,28369,28369,28370,,,,28397,28380,28387,8,1:7,28388,28395,8,1:7,28389,28396,8,1:7,,,0,,,,0,,,,0,,,,0,,1,10,7,9,1,,,,
multi_tile,3,197,1,a,15,24,4096,8,28400,28400,28401,,,,28428,28411,28418,8,1:7,28419,28426,8,1:7,28420,28427,8,1:7,,,0,,,,0,,,,0,,,,0,,1,10,7,9,1,,,,
multi_tile,3,198,1,a,16,0,4160,16,28431,28431,28432,,,,28475,28442,28457,16,1:15,28458,28473,16,1:15,28459,28474,16,1:15,,,0,,,,0,,,,0,,,,0,,1,10,15,17,1,,,,
multi_tile,3,199,1,a,16,16,4288,16,28478,28478,28479,,,,28522,28489,28504,16,1:15,28505,28520,16,1:15,28506,28521,16,1:15,,,0,,,,0,,,,0,,,,0,,1,10,15,17,1,,,,
multi_tile,3,200,1,a,17,0,4416,16,28525,28525,28526,,,,28569,28536,28551,16,1:15,28552,28567,16,1:15,28553,28568,16,1:15,,,0,,,,0,,,,0,,,,0,,1,10,15,17,1,,,,
multi_tile,3,201,1,a,17,16,4544,16,28572,28572,28573,,,,28616,28583,28598,16,1:15,28599,28614,16,1:15,28600,28615,16,1:15,,,0,,,,0,,,,0,,,,0,,1,10,15,17,1,,,,
multi_tile,3,202,1,a,18,0,4672,16,28619,28619,28620,,,,28663,28630,28645,16,1:15,28646,28661,16,1:15,28647,28662,16,1:15,,,0,,,,0,,,,0,,,,0,,1,10,15,17,1,,,,
multi_tile,3,203,1,a,18,16,4800,16,28666,28666,28667,,,,28710,28677,28692,16,1:15,28693,28708,16,1:15,28694,28709,16,1:15,,,0,,,,0,,,,0,,,,0,,1,10,15,17,1,,,,
multi_tile,3,204,1,a,19,0,4928,16,28713,28713,28714,,,,28757,28724,28739,16,1:15,28740,28755,16,1:15,28741,28756,16,1:15,,,0,,,,0,,,,0,,,,0,,1,10,15,17,1,,,,
multi_tile,3,205,1,a,19,16,5056,16,28760,28760,28761,,,,28804,28771,28786,16,1:15,28787,28802,16,1:15,28788,28803,16,1:15,,,0,,,,0,,,,0,,,,0,,1,10,15,17,1,,,,
multi_tile,3,206,1,a,20,0,5184,16,28807,28807,28808,,,,28851,28818,28833,16,1:15,28834,28849,16,1:15,28835,28850,16,1:15,,,0,,,,0,,,,0,,,,0,,1,10,15,17,1,,,,
multi_tile,3,207,1,a,20,16,5312,16,28854,28854,28855,,,,28898,28865,28880,16,1:15,28881,28896,16,1:15,28882,28897,16,1:15,,,0,,,,0,,,,0,,,,0,,1,10,15,17,1,,,,
multi_tile,3,208,1,a,21,0,5440,16,28901,28901,28902,,,,28945,28912,28927,16,1:15,28928,28943,16,1:15,28929,28944,16,1:15,,,0,,,,0,,,,0,,,,0,,1,10,15,17,1,,,,
multi_tile,3,209,1,a,21,16,5568,16,28948,28948,28949,,,,28992,28959,28974,16,1:15,28975,28990,16,1:15,28976,28991,16,1:15,,,0,,,,0,,,,0,,,,0,,1,10,15,17,1,,,,
multi_tile,3,210,1,a,22,0,5696,16,28995,28995,28996,,,,29039,29006,29021,16,1:15,29022,29037,16,1:15,29023,29038,16,1:15,,,0,,,,0,,,,0,,,,0,,1,10,15,17,1,,,,
multi_tile,3,211,1,a,22,16,5824,16,29042,29042,29043,,,,29086,29053,29068,16,1:15,29069,29084,16,1:15,29070,29085,16,1:15,,,0,,,,0,,,,0,,,,0,,1,10,15,17,1,,,,
multi_tile,3,212,1,a,23,0,5952,16,29089,29089,29090,,,,29133,29100,29115,16,1:15,29116,29131,16,1:15,29117,29132,16,1:15,,,0,,,,0,,,,0,,,,0,,1,10,15,17,1,,,,
multi_tile,3,213,1,a,23,16,6080,16,29136,29136,29137,,,,29180,29147,29162,16,1:15,29163,29178,16,1:15,29164,29179,16,1:15,,,0,,,,0,,,,0,,,,0,,1,10,15,17,1,,,,
multi_tile,3,214,1,a,24,0,6208,16,29183,29183,29184,,,,29227,29194,29209,16,1:15,29210,29225,16,1:15,29211,29226,16,1:15,,,0,,,,0,,,,0,,,,0,,1,10,15,17,1,,,,
multi_tile,3,215,1,a,24,16,6336,16,29230,29230,29231,,,,29274,29241,29256,16,1:15,29257,29272,16,1:15,29258,29273,16,1:15,,,0,,,,0,,,,0,,,,0,,1,10,15,17,1,,,,
multi_tile,3,216,1,a,25,0,6464,16,29277,29277,29278,,,,29321,29288,29303,16,1:15,29304,29319,16,1:15,29305,29320,16,1:15,,,0,,,,0,,,,0,,,,0,,1,10,15,17,1,,,,
multi_tile,3,217,1,a,25,16,6592,16,29324,29324,29325,,,,29368,29335,29350,16,1:15,29351,29366,16,1:15,29352,29367,16,1:15,,,0,,,,0,,,,0,,,,0,,1,10,15,17,1,,,,
multi_tile,3,218,1,a,26,0,6720,16,29371,29371,29372,,,,29415,29382,29397,16,1:15,29398,29413,16,1:15,29399,29414,16,1:15,,,0,,,,0,,,,0,,,,0,,1,10,15,17,1,,,,
multi_tile,3,219,1,a,26,16,6848,16,29418,29418,29419,,,,29462,29429,29444,16,1:15,29445,29460,16,1:15,29446,29461,16,1:15,,,0,,,,0,,,,0,,,,0,,1,10,15,17,1,,,,
multi_tile,3,220,1,a,27,0,6976,16,29465,29465,29466,,,,29509,29476,29491,16,1:15,29492,29507,16,1:15,29493,29508,16,1:15,,,0,,,,0,,,,0,,,,0,,1,10,15,17,1,,,,
multi_tile,3,221,1,a,27,16,7104,16,29512,29512,29513,,,,29556,29523,29538,16,1:15,29539,29554,16,1:15,29540,29555,16,1:15,,,0,,,,0,,,,0,,,,0,,1,10,15,17,1,,,,
multi_tile,3,222,1,a,28,0,7232,16,29559,29559,29560,,,,29603,29570,29585,16,1:15,29586,29601,16,1:15,29587,29602,16,1:15,,,0,,,,0,,,,0,,,,0,,1,10,15,17,1,,,,
multi_tile,3,223,1,a,28,16,7360,16,29606,29606,29607,,,,29650,29617,29632,16,1:15,29633,29648,16,1:15,29634,29649,16,1:15,,,0,,,,0,,,,0,,,,0,,1,10,15,17,1,,,,
multi_tile,3,224,1,a,29,0,7488,16,29653,29653,29654,,,,29697,29664,29679,16,1:15,29680,29695,16,1:15,29681,29696,16,1:15,,,0,,,,0,,,,0,,,,0,,1,10,15,17,1,,,,
multi_tile,3,225,1,a,29,16,7616,16,29700,29700,29701,,,,29744,29711,29726,16,1:15,29727,29742,16,1:15,29728,29743,16,1:15,,,0,,,,0,,,,0,,,,0,,1,10,15,17,1,,,,
multi_tile,3,226,1,a,30,0,7744,16,29747,29747,29748,,,,29791,29758,29773,16,1:15,29774,29789,16,1:15,29775,29790,16,1:15,,,0,,,,0,,,,0,,,,0,,1,10,15,17,1,,,,
multi_tile,3,227,1,a,30,16,7872,16,29794,29794,29795,,,,29838,29805,29820,16,1:15,29821,29836,16,1:15,29822,29837,16,1:15,,,0,,,,0,,,,0,,,,0,,1,10,15,17,1,,,,
multi_tile,3,228,1,a,31,0,8000,16,29841,29841,29842,,,,29885,29852,29867,16,1:15,29868,29883,16,1:15,29869,29884,16,1:15,,,0,,,,0,,,,0,,,,0,,1,10,15,17,1,,,,
multi_tile,3,229,1,a,31,16,8128,8,29888,29888,29889,,,,29916,29899,29906,8,1:7,29907,29914,8,1:7,29908,29915,8,1:7,,,0,,,,0,,,,0,,,,0,,1,10,7,9,1,,,,
multi_tile,3,230,1,a,31,24,8192,8,29919,29919,29920,,,,29947,29930,29937,8,1:7,29938,29945,8,1:7,29939,29946,8,1:7,,,0,,,,0,,,,0,,,,0,,1,10,7,9,1,,,,
multi_tile,3,231,1,bt,0,0,16832,16,29955,29955,29956,,,,29999,29966,29981,16,1:15,29982,29997,16,1:15,29983,29998,16,1:15,,,0,,,,0,,,,0,,,,0,,1,10,15,17,1,,,,
multi_tile,3,232,1,bt,0,16,16960,16,30002,30002,30003,,,,30046,30013,30028,16,1:15,30029,30044,16,1:15,30030,30045,16,1:15,,,0,,,,0,,,,0,,,,0,,1,10,15,17,1,,,,
multi_tile,3,233,1,bt,1,0,17088,16,30049,30049,30050,,,,30093,30060,30075,16,1:15,30076,30091,16,1:15,30077,30092,16,1:15,,,0,,,,0,,,,0,,,,0,,1,10,15,17,1,,,,
multi_tile,3,234,1,bt,1,16,17216,16,30096,30096,30097,,,,30140,30107,30122,16,1:15,30123,30138,16,1:15,30124,30139,16,1:15,,,0,,,,0,,,,0,,,,0,,1,10,15,17,1,,,,
multi_tile,3,235,1,bt,2,0,17344,16,30143,30143,30144,,,,30187,30154,30169,16,1:15,30170,30185,16,1:15,30171,30186,16,1:15,,,0,,,,0,,,,0,,,,0,,1,10,15,17,1,,,,
multi_tile,3,236,1,bt,2,16,17472,16,30190,30190,30191,,,,30234,30201,30216,16,1:15,30217,30232,16,1:15,30218,30233,16,1:15,,,0,,,,0,,,,0,,,,0,,1,10,15,17,1,,,,
multi_tile,3,237,1,c,0,0,17856,2,32412,32412,,32423,32422,32432,32433,,,0,,,,0,,,,0,,32414,32419,2,5:1,32416,32421,2,5:1,32417,32422,2,5:1,32423,32424,2,1:1,,,,,,10,2,8,1
multi_tile,3,238,1,c,1,0,18048,2,32436,32436,,32447,32446,32456,32457,,,0,,,,0,,,,0,,32438,32443,2,5:1,32440,32445,2,5:1,32441,32446,2,5:1,32447,32448,2,1:1,,,,,,10,2,8,1
multi_tile,3,239,1,c,2,0,18240,2,32460,32460,,32471,32470,32480,32481,,,0,,,,0,,,,0,,32462,32467,2,5:1,32464,32469,2,5:1,32465,32470,2,5:1,32471,32472,2,1:1,,,,,,10,2,8,1
multi_tile,3,240,1,c,3,0,18432,2,32484,32484,,32495,32494,32504,32505,,,0,,,,0,,,,0,,32486,32491,2,5:1,32488,32493,2,5:1,32489,32494,2,5:1,32495,32496,2,1:1,,,,,,10,2,8,1
multi_tile,3,241,1,c,4,0,18624,2,32508,32508,,32519,32518,32528,32529,,,0,,,,0,,,,0,,32510,32515,2,5:1,32512,32517,2,5:1,32513,32518,2,5:1,32519,32520,2,1:1,,,,,,10,2,8,1
multi_tile,3,242,1,c,5,0,18816,2,32532,32532,,32543,32542,32552,32553,,,0,,,,0,,,,0,,32534,32539,2,5:1,32536,32541,2,5:1,32537,32542,2,5:1,32543,32544,2,1:1,,,,,,10,2,8,1
multi_tile,3,243,1,c,6,0,19008,2,32556,32556,,32567,32566,32576,32577,,,0,,,,0,,,,0,,32558,32563,2,5:1,32560,32565,2,5:1,32561,32566,2,5:1,32567,32568,2,1:1,,,,,,10,2,8,1
multi_tile,3,244,1,c,7,0,19200,2,32580,32580,,32591,32590,32600,32601,,,0,,,,0,,,,0,,32582,32587,2,5:1,32584,32589,2,5:1,32585,32590,2,5:1,32591,32592,2,1:1,,,,,,10,2,8,1
multi_tile,3,245,1,c,8,0,19392,2,32604,32604,,32615,32614,32624,32625,,,0,,,,0,,,,0,,32606,32611,2,5:1,32608,32613,2,5:1,32609,32614,2,5:1,32615,32616,2,1:1,,,,,,10,2,8,1
multi_tile,3,246,1,c,9,0,19584,2,32628,32628,,32639,32638,32648,32649,,,0,,,,0,,,,0,,32630,32635,2,5:1,32632,32637,2,5:1,32633,32638,2,5:1,32639,32640,2,1:1,,,,,,10,2,8,1
multi_tile,3,247,1,c,10,0,19776,2,32652,32652,,32663,32662,32672,32673,,,0,,,,0,,,,0,,32654,32659,2,5:1,32656,32661,2,5:1,32657,32662,2,5:1,32663,32664,2,1:1,,,,,,10,2,8,1
multi_tile,3,248,1,c,11,0,19968,2,32676,32676,,32687,32686,32696,32697,,,0,,,,0,,,,0,,32678,32683,2,5:1,32680,32685,2,5:1,32681,32686,2,5:1,32687,32688,2,1:1,,,,,,10,2,8,1
multi_tile,3,249,1,c,12,0,20160,2,32700,32700,,32711,32710,32720,32721,,,0,,,,0,,,,0,,32702,32707,2,5:1,32704,32709,2,5:1,32705,32710,2,5:1,32711,32712,2,1:1,,,,,,10,2,8,1
multi_tile,3,250,1,c,13,0,20352,2,32724,32724,,32735,32734,32744,32745,,,0,,,,0,,,,0,,32726,32731,2,5:1,32728,32733,2,5:1,32729,32734,2,5:1,32735,32736,2,1:1,,,,,,10,2,8,1
multi_tile,3,251,1,c,14,0,20544,2,32748,32748,,32759,32758,32768,32769,,,0,,,,0,,,,0,,32750,32755,2,5:1,32752,32757,2,5:1,32753,32758,2,5:1,32759,32760,2,1:1,,,,,,10,2,8,1
multi_tile,3,252,1,c,15,0,20736,2,32772,32772,,32783,32782,32792,32793,,,0,,,,0,,,,0,,32774,32779,2,5:1,32776,32781,2,5:1,32777,32782,2,5:1,32783,32784,2,1:1,,,,,,10,2,8,1
multi_tile,3,253,1,c,16,0,20928,2,32796,32796,,32807,32806,32816,32817,,,0,,,,0,,,,0,,32798,32803,2,5:1,32800,32805,2,5:1,32801,32806,2,5:1,32807,32808,2,1:1,,,,,,10,2,8,1
multi_tile,3,254,1,c,17,0,21120,2,32820,32820,,32831,32830,32840,32841,,,0,,,,0,,,,0,,32822,32827,2,5:1,32824,32829,2,5:1,32825,32830,2,5:1,32831,32832,2,1:1,,,,,,10,2,8,1
multi_tile,3,255,1,c,18,0,21312,2,32844,32844,,32855,32854,32864,32865,,,0,,,,0,,,,0,,32846,32851,2,5:1,32848,32853,2,5:1,32849,32854,2,5:1,32855,32856,2,1:1,,,,,,10,2,8,1
multi_tile,3,256,1,c,19,0,21504,2,32868,32868,,32879,32878,32888,32889,,,0,,,,0,,,,0,,32870,32875,2,5:1,32872,32877,2,5:1,32873,32878,2,5:1,32879,32880,2,1:1,,,,,,10,2,8,1
multi_tile,3,257,1,c,20,0,21696,2,32892,32892,,32903,32902,32912,32913,,,0,,,,0,,,,0,,32894,32899,2,5:1,32896,32901,2,5:1,32897,32902,2,5:1,32903,32904,2,1:1,,,,,,10,2,8,1
multi_tile,3,258,1,c,21,0,21888,2,32916,32916,,32927,32926,32936,32937,,,0,,,,0,,,,0,,32918,32923,2,5:1,32920,32925,2,5:1,32921,32926,2,5:1,32927,32928,2,1:1,,,,,,10,2,8,1
multi_tile,3,259,1,c,22,0,22080,2,32940,32940,,32951,32950,32960,32961,,,0,,,,0,,,,0,,32942,32947,2,5:1,32944,32949,2,5:1,32945,32950,2,5:1,32951,32952,2,1:1,,,,,,10,2,8,1
multi_tile,3,260,1,c,23,0,22272,2,32964,32964,,32975,32974,32984,32985,,,0,,,,0,,,,0,,32966,32971,2,5:1,32968,32973,2,5:1,32969,32974,2,5:1,32975,32976,2,1:1,,,,,,10,2,8,1
multi_tile,3,261,1,c,24,0,22464,2,32988,32988,,32999,32998,33008,33009,,,0,,,,0,,,,0,,32990,32995,2,5:1,32992,32997,2,5:1,32993,32998,2,5:1,32999,33000,2,1:1,,,,,,10,2,8,1
multi_tile,3,262,1,c,25,0,22656,2,33012,33012,,33023,33022,33032,33033,,,0,,,,0,,,,0,,33014,33019,2,5:1,33016,33021,2,5:1,33017,33022,2,5:1,33023,33024,2,1:1,,,,,,10,2,8,1
multi_tile,3,263,1,c,26,0,22848,2,33036,33036,,33047,33046,33056,33057,,,0,,,,0,,,,0,,33038,33043,2,5:1,33040,33045,2,5:1,33041,33046,2,5:1,33047,33048,2,1:1,,,,,,10,2,8,1
multi_tile,3,264,1,c,27,0,23040,2,33060,33060,,33071,33070,33080,33081,,,0,,,,0,,,,0,,33062,33067,2,5:1,33064,33069,2,5:1,33065,33070,2,5:1,33071,33072,2,1:1,,,,,,10,2,8,1
multi_tile,3,265,1,c,28,0,23232,2,33084,33084,,33095,33094,33104,33105,,,0,,,,0,,,,0,,33086,33091,2,5:1,33088,33093,2,5:1,33089,33094,2,5:1,33095,33096,2,1:1,,,,,,10,2,8,1
multi_tile,3,266,1,c,29,0,23424,2,33108,33108,,33119,33118,33128,33129,,,0,,,,0,,,,0,,33110,33115,2,5:1,33112,33117,2,5:1,33113,33118,2,5:1,33119,33120,2,1:1,,,,,,10,2,8,1
multi_tile,3,267,1,c,30,0,23616,2,33132,33132,,33143,33142,33152,33153,,,0,,,,0,,,,0,,33134,33139,2,5:1,33136,33141,2,5:1,33137,33142,2,5:1,33143,33144,2,1:1,,,,,,10,2,8,1
multi_tile,3,268,1,c,31,0,23808,2,33156,33156,,33167,33166,33176,33177,,,0,,,,0,,,,0,,33158,33163,2,5:1,33160,33165,2,5:1,33161,33166,2,5:1,33167,33168,2,1:1,,,,,,10,2,8,1
multi_tile,3,269,2,a,0,0,8256,16,33186,33186,33187,,,,33230,33197,33212,16,1:15,33213,33228,16,1:15,33214,33229,16,1:15,,,0,,,,0,,,,0,,,,0,,1,10,15,17,1,,,,
multi_tile,3,270,2,a,0,16,8384,16,33233,33233,33234,,,,33277,33244,33259,16,1:15,33260,33275,16,1:15,33261,33276,16,1:15,,,0,,,,0,,,,0,,,,0,,1,10,15,17,1,,,,
multi_tile,3,271,2,bt,0,0,8640,16,33285,33285,33286,,,,33329,33296,33311,16,1:15,33312,33327,16,1:15,33313,33328,16,1:15,,,0,,,,0,,,,0,,,,0,,1,10,15,17,1,,,,
multi_tile,3,272,2,bt,0,16,8768,16,33332,33332,33333,,,,33376,33343,33358,16,1:15,33359,33374,16,1:15,33360,33375,16,1:15,,,0,,,,0,,,,0,,,,0,,1,10,15,17,1,,,,
multi_tile,3,273,2,bt,1,0,8896,16,33379,33379,33380,,,,33423,33390,33405,16,1:15,33406,33421,16,1:15,33407,33422,16,1:15,,,0,,,,0,,,,0,,,,0,,1,10,15,17,1,,,,
multi_tile,3,274,2,bt,1,16,9024,16,33426,33426,33427,,,,33470,33437,33452,16,1:15,33453,33468,16,1:15,33454,33469,16,1:15,,,0,,,,0,,,,0,,,,0,,1,10,15,17,1,,,,
multi_tile,3,275,2,bt,2,0,9152,16,33473,33473,33474,,,,33517,33484,33499,16,1:15,33500,33515,16,1:15,33501,33516,16,1:15,,,0,,,,0,,,,0,,,,0,,1,10,15,17,1,,,,
multi_tile,3,276,2,bt,2,16,9280,16,33520,33520,33521,,,,33564,33531,33546,16,1:15,33547,33562,16,1:15,33548,33563,16,1:15,,,0,,,,0,,,,0,,,,0,,1,10,15,17,1,,,,
multi_tile,3,277,2,bt,3,0,9408,16,33567,33567,33568,,,,33611,33578,33593,16,1:15,33594,33609,16,1:15,33595,33610,16,1:15,,,0,,,,0,,,,0,,,,0,,1,10,15,17,1,,,,
multi_tile,3,278,2,bt,3,16,9536,16,33614,33614,33615,,,,33658,33625,33640,16,1:15,33641,33656,16,1:15,33642,33657,16,1:15,,,0,,,,0,,,,0,,,,0,,1,10,15,17,1,,,,
multi_tile,3,279,2,bt,4,0,9664,16,33661,33661,33662,,,,33705,33672,33687,16,1:15,33688,33703,16,1:15,33689,33704,16,1:15,,,0,,,,0,,,,0,,,,0,,1,10,15,17,1,,,,
multi_tile,3,280,2,bt,4,16,9792,16,33708,33708,33709,,,,33752,33719,33734,16,1:15,33735,33750,16,1:15,33736,33751,16,1:15,,,0,,,,0,,,,0,,,,0,,1,10,15,17,1,,,,
multi_tile,3,281,2,bt,5,0,9920,16,33755,33755,33756,,,,33799,33766,33781,16,1:15,33782,33797,16,1:15,33783,33798,16,1:15,,,0,,,,0,,,,0,,,,0,,1,10,15,17,1,,,,
multi_tile,3,282,2,bt,5,16,10048,16,33802,33802,33803,,,,33846,33813,33828,16,1:15,33829,33844,16,1:15,33830,33845,16,1:15,,,0,,,,0,,,,0,,,,0,,1,10,15,17,1,,,,
multi_tile,3,283,2,bt,6,0,10176,16,33849,33849,33850,,,,33893,33860,33875,16,1:15,33876,33891,16,1:15,33877,33892,16,1:15,,,0,,,,0,,,,0,,,,0,,1,10,15,17,1,,,,
multi_tile,3,284,2,bt,6,16,10304,16,33896,33896,33897,,,,33940,33907,33922,16,1:15,33923,33938,16,1:15,33924,33939,16,1:15,,,0,,,,0,,,,0,,,,0,,1,10,15,17,1,,,,
multi_tile,3,285,2,bt,7,0,10432,16,33943,33943,33944,,,,33987,33954,33969,16,1:15,33970,33985,16,1:15,33971,33986,16,1:15,,,0,,,,0,,,,0,,,,0,,1,10,15,17,1,,,,
multi_tile,3,286,2,bt,7,16,10560,16,33990,33990,33991,,,,34034,34001,34016,16,1:15,34017,34032,16,1:15,34018,34033,16,1:15,,,0,,,,0,,,,0,,,,0,,1,10,15,17,1,,,,
multi_tile,3,287,2,bt,8,0,10688,16,34037,34037,34038,,,,34081,34048,34063,16,1:15,34064,34079,16,1:15,34065,34080,16,1:15,,,0,,,,0,,,,0,,,,0,,1,10,15,17,1,,,,
multi_tile,3,288,2,bt,8,16,10816,16,34084,34084,34085,,,,34128,34095,34110,16,1:15,34111,34126,16,1:15,34112,34127,16,1:15,,,0,,,,0,,,,0,,,,0,,1,10,15,17,1,,,,
multi_tile,3,289,2,bt,9,0,10944,16,34131,34131,34132,,,,34175,34142,34157,16,1:15,34158,34173,16,1:15,34159,34174,16,1:15,,,0,,,,0,,,,0,,,,0,,1,10,15,17,1,,,,
multi_tile,3,290,2,bt,9,16,11072,16,34178,34178,34179,,,,34222,34189,34204,16,1:15,34205,34220,16,1:15,34206,34221,16,1:15,,,0,,,,0,,,,0,,,,0,,1,10,15,17,1,,,,
multi_tile,3,291,2,bt,10,0,11200,16,34225,34225,34226,,,,34269,34236,34251,16,1:15,34252,34267,16,1:15,34253,34268,16,1:15,,,0,,,,0,,,,0,,,,0,,1,10,15,17,1,,,,
multi_tile,3,292,2,bt,10,16,11328,16,34272,34272,34273,,,,34316,34283,34298,16,1:15,34299,34314,16,1:15,34300,34315,16,1:15,,,0,,,,0,,,,0,,,,0,,1,10,15,17,1,,,,
multi_tile,3,293,2,bt,11,0,11456,16,34319,34319,34320,,,,34363,34330,34345,16,1:15,34346,34361,16,1:15,34347,34362,16,1:15,,,0,,,,0,,,,0,,,,0,,1,10,15,17,1,,,,
multi_tile,3,294,2,bt,11,16,11584,16,34366,34366,34367,,,,34410,34377,34392,16,1:15,34393,34408,16,1:15,34394,34409,16,1:15,,,0,,,,0,,,,0,,,,0,,1,10,15,17,1,,,,
multi_tile,3,295,2,bt,12,0,11712,16,34413,34413,34414,,,,34457,34424,34439,16,1:15,34440,34455,16,1:15,34441,34456,16,1:15,,,0,,,,0,,,,0,,,,0,,1,10,15,17,1,,,,
multi_tile,3,296,2,bt,12,16,11840,16,34460,34460,34461,,,,34504,34471,34486,16,1:15,34487,34502,16,1:15,34488,34503,16,1:15,,,0,,,,0,,,,0,,,,0,,1,10,15,17,1,,,,
multi_tile,3,297,2,bt,13,0,11968,16,34507,34507,34508,,,,34551,34518,34533,16,1:15,34534,34549,16,1:15,34535,34550,16,1:15,,,0,,,,0,,,,0,,,,0,,1,10,15,17,1,,,,
multi_tile,3,298,2,bt,13,16,12096,16,34554,34554,34555,,,,34598,34565,34580,16,1:15,34581,34596,16,1:15,34582,34597,16,1:15,,,0,,,,0,,,,0,,,,0,,1,10,15,17,1,,,,
multi_tile,3,299,2,bt,14,0,12224,8,34601,34601,34602,,,,34629,34612,34619,8,1:7,34620,34627,8,1:7,34621,34628,8,1:7,,,0,,,,0,,,,0,,,,0,,1,10,7,9,1,,,,
multi_tile,3,300,2,bt,14,8,12288,16,34632,34632,34633,,,,34676,34643,34658,16,1:15,34659,34674,16,1:15,34660,34675,16,1:15,,,0,,,,0,,,,0,,,,0,,1,10,15,17,1,,,,
multi_tile,3,301,2,bt,14,24,12416,8,34679,34679,34680,,,,34707,34690,34697,8,1:7,34698,34705,8,1:7,34699,34706,8,1:7,,,0,,,,0,,,,0,,,,0,,1,10,7,9,1,,,,
multi_tile,3,302,2,bt,15,0,12480,16,34710,34710,34711,,,,34754,34721,34736,16,1:15,34737,34752,16,1:15,34738,34753,16,1:15,,,0,,,,0,,,,0,,,,0,,1,10,15,17,1,,,,
multi_tile,3,303,2,bt,15,16,12608,16,34757,34757,34758,,,,34801,34768,34783,16,1:15,34784,34799,16,1:15,34785,34800,16,1:15,,,0,,,,0,,,,0,,,,0,,1,10,15,17,1,,,,
multi_tile,3,304,2,bt,16,0,12736,16,34804,34804,34805,,,,34848,34815,34830,16,1:15,34831,34846,16,1:15,34832,34847,16,1:15,,,0,,,,0,,,,0,,,,0,,1,10,15,17,1,,,,
multi_tile,3,305,2,bt,16,16,12864,16,34851,34851,34852,,,,34895,34862,34877,16,1:15,34878,34893,16,1:15,34879,34894,16,1:15,,,0,,,,0,,,,0,,,,0,,1,10,15,17,1,,,,
multi_tile,3,306,2,bt,17,0,12992,16,34898,34898,34899,,,,34942,34909,34924,16,1:15,34925,34940,16,1:15,34926,34941,16,1:15,,,0,,,,0,,,,0,,,,0,,1,10,15,17,1,,,,
multi_tile,3,307,2,bt,17,16,13120,16,34945,34945,34946,,,,34989,34956,34971,16,1:15,34972,34987,16,1:15,34973,34988,16,1:15,,,0,,,,0,,,,0,,,,0,,1,10,15,17,1,,,,
multi_tile,3,308,2,bt,18,0,13248,16,34992,34992,34993,,,,35036,35003,35018,16,1:15,35019,35034,16,1:15,35020,35035,16,1:15,,,0,,,,0,,,,0,,,,0,,1,10,15,17,1,,,,
multi_tile,3,309,2,bt,18,16,13376,16,35039,35039,35040,,,,35083,35050,35065,16,1:15,35066,35081,16,1:15,35067,35082,16,1:15,,,0,,,,0,,,,0,,,,0,,1,10,15,17,1,,,,
multi_tile,3,310,2,bt,19,0,13504,16,35086,35086,35087,,,,35130,35097,35112,16,1:15,35113,35128,16,1:15,35114,35129,16,1:15,,,0,,,,0,,,,0,,,,0,,1,10,15,17,1,,,,
multi_tile,3,311,2,bt,19,16,13632,16,35133,35133,35134,,,,35177,35144,35159,16,1:15,35160,35175,16,1:15,35161,35176,16,1:15,,,0,,,,0,,,,0,,,,0,,1,10,15,17,1,,,,
multi_tile,3,312,2,bt,20,0,13760,16,35180,35180,35181,,,,35224,35191,35206,16,1:15,35207,35222,16,1:15,35208,35223,16,1:15,,,0,,,,0,,,,0,,,,0,,1,10,15,17,1,,,,
multi_tile,3,313,2,bt,20,16,13888,16,35227,35227,35228,,,,35271,35238,35253,16,1:15,35254,35269,16,1:15,35255,35270,16,1:15,,,0,,,,0,,,,0,,,,0,,1,10,15,17,1,,,,
multi_tile,3,314,2,bt,21,0,14016,16,35274,35274,35275,,,,35318,35285,35300,16,1:15,35301,35316,16,1:15,35302,35317,16,1:15,,,0,,,,0,,,,0,,,,0,,1,10,15,17,1,,,,
multi_tile,3,315,2,bt,21,16,14144,16,35321,35321,35322,,,,35365,35332,35347,16,1:15,35348,35363,16,1:15,35349,35364,16,1:15,,,0,,,,0,,,,0,,,,0,,1,10,15,17,1,,,,
multi_tile,3,316,2,bt,22,0,14272,16,35368,35368,35369,,,,35412,35379,35394,16,1:15,35395,35410,16,1:15,35396,35411,16,1:15,,,0,,,,0,,,,0,,,,0,,1,10,15,17,1,,,,
multi_tile,3,317,2,bt,22,16,14400,16,35415,35415,35416,,,,35459,35426,35441,16,1:15,35442,35457,16,1:15,35443,35458,16,1:15,,,0,,,,0,,,,0,,,,0,,1,10,15,17,1,,,,
multi_tile,3,318,2,bt,23,0,14528,16,35462,35462,35463,,,,35506,35473,35488,16,1:15,35489,35504,16,1:15,35490,35505,16,1:15,,,0,,,,0,,,,0,,,,0,,1,10,15,17,1,,,,
multi_tile,3,319,2,bt,23,16,14656,16,35509,35509,35510,,,,35553,35520,35535,16,1:15,35536,35551,16,1:15,35537,35552,16,1:15,,,0,,,,0,,,,0,,,,0,,1,10,15,17,1,,,,
multi_tile,3,320,2,bt,24,0,14784,16,35556,35556,35557,,,,35600,35567,35582,16,1:15,35583,35598,16,1:15,35584,35599,16,1:15,,,0,,,,0,,,,0,,,,0,,1,10,15,17,1,,,,
multi_tile,3,321,2,bt,24,16,14912,16,35603,35603,35604,,,,35647,35614,35629,16,1:15,35630,35645,16,1:15,35631,35646,16,1:15,,,0,,,,0,,,,0,,,,0,,1,10,15,17,1,,,,
multi_tile,3,322,2,bt,25,0,15040,16,35650,35650,35651,,,,35694,35661,35676,16,1:15,35677,35692,16,1:15,35678,35693,16,1:15,,,0,,,,0,,,,0,,,,0,,1,10,15,17,1,,,,
multi_tile,3,323,2,bt,25,16,15168,16,35697,35697,35698,,,,35741,35708,35723,16,1:15,35724,35739,16,1:15,35725,35740,16,1:15,,,0,,,,0,,,,0,,,,0,,1,10,15,17,1,,,,
multi_tile,3,324,2,bt,26,0,15296,16,35744,35744,35745,,,,35788,35755,35770,16,1:15,35771,35786,16,1:15,35772,35787,16,1:15,,,0,,,,0,,,,0,,,,0,,1,10,15,17,1,,,,
multi_tile,3,325,2,bt,26,16,15424,16,35791,35791,35792,,,,35835,35802,35817,16,1:15,35818,35833,16,1:15,35819,35834,16,1:15,,,0,,,,0,,,,0,,,,0,,1,10,15,17,1,,,,
multi_tile,3,326,2,bt,27,0,15552,16,35838,35838,35839,,,,35882,35849,35864,16,1:15,35865,35880,16,1:15,35866,35881,16,1:15,,,0,,,,0,,,,0,,,,0,,1,10,15,17,1,,,,
multi_tile,3,327,2,bt,27,16,15680,16,35885,35885,35886,,,,35929,35896,35911,16,1:15,35912,35927,16,1:15,35913,35928,16,1:15,,,0,,,,0,,,,0,,,,0,,1,10,15,17,1,,,,
multi_tile,3,328,2,bt,28,0,15808,16,35932,35932,35933,,,,35976,35943,35958,16,1:15,35959,35974,16,1:15,35960,35975,16,1:15,,,0,,,,0,,,,0,,,,0,,1,10,15,17,1,,,,
multi_tile,3,329,2,bt,28,16,15936,16,35979,35979,35980,,,,36023,35990,36005,16,1:15,36006,36021,16,1:15,36007,36022,16,1:15,,,0,,,,0,,,,0,,,,0,,1,10,15,17,1,,,,
multi_tile,3,330,2,bt,29,0,16064,16,36026,36026,36027,,,,36070,36037,36052,16,1:15,36053,36068,16,1:15,36054,36069,16,1:15,,,0,,,,0,,,,0,,,,0,,1,10,15,17,1,,,,
multi_tile,3,331,2,bt,29,16,16192,16,36073,36073,36074,,,,36117,36084,36099,16,1:15,36100,36115,16,1:15,36101,36116,16,1:15,,,0,,,,0,,,,0,,,,0,,1,10,15,17,1,,,,
multi_tile,3,332,2,bt,30,0,16320,8,36120,36120,36121,,,,36148,36131,36138,8,1:7,36139,36146,8,1:7,36140,36147,8,1:7,,,0,,,,0,,,,0,,,,0,,1,10,7,9,1,,,,
multi_tile,3,333,2,bt,30,8,16384,16,36151,36151,36152,,,,36195,36162,36177,16,1:15,36178,36193,16,1:15,36179,36194,16,1:15,,,0,,,,0,,,,0,,,,0,,1,10,15,17,1,,,,
multi_tile,3,334,2,bt,30,24,16512,8,36198,36198,36199,,,,36226,36209,36216,8,1:7,36217,36224,8,1:7,36218,36225,8,1:7,,,0,,,,0,,,,0,,,,0,,1,10,7,9,1,,,,
multi_tile,3,335,2,bt,31,0,16576,16,36229,36229,36230,,,,36273,36240,36255,16,1:15,36256,36271,16,1:15,36257,36272,16,1:15,,,0,,,,0,,,,0,,,,0,,1,10,15,17,1,,,,
multi_tile,3,336,2,bt,31,16,16704,16,36276,36276,36277,,,,36320,36287,36302,16,1:15,36303,36318,16,1:15,36304,36319,16,1:15,,,0,,,,0,,,,0,,,,0,,1,10,15,17,1,,,,
multi_tile,3,337,2,c,0,0,23872,16,38498,38498,,38579,38578,38602,38603,,,0,,,,0,,,,0,,38500,38575,16,5:15,38502,38577,16,5:15,38503,38578,16,5:15,38579,38594,16,1:15,,,,,,80,16,8,1
multi_tile,3,338,3,a,0,0,8256,16,38612,38612,38613,,,,38656,38623,38638,16,1:15,38639,38654,16,1:15,38640,38655,16,1:15,,,0,,,,0,,,,0,,,,0,,1,10,15,17,1,,,,
multi_tile,3,339,3,a,0,16,8384,16,38659,38659,38660,,,,38703,38670,38685,16,1:15,38686,38701,16,1:15,38687,38702,16,1:15,,,0,,,,0,,,,0,,,,0,,1,10,15,17,1,,,,
multi_tile,3,340,3,bt,0,0,16832,16,38711,38711,38712,,,,38755,38722,38737,16,1:15,38738,38753,16,1:15,38739,38754,16,1:15,,,0,,,,0,,,,0,,,,0,,1,10,15,17,1,,,,
multi_tile,3,341,3,bt,0,16,16960,16,38758,38758,38759,,,,38802,38769,38784,16,1:15,38785,38800,16,1:15,38786,38801,16,1:15,,,0,,,,0,,,,0,,,,0,,1,10,15,17,1,,,,
multi_tile,3,342,3,bt,1,0,17088,16,38805,38805,38806,,,,38849,38816,38831,16,1:15,38832,38847,16,1:15,38833,38848,16,1:15,,,0,,,,0,,,,0,,,,0,,1,10,15,17,1,,,,
multi_tile,3,343,3,bt,1,16,17216,16,38852,38852,38853,,,,38896,38863,38878,16,1:15,38879,38894,16,1:15,38880,38895,16,1:15,,,0,,,,0,,,,0,,,,0,,1,10,15,17,1,,,,
multi_tile,3,344,3,bt,2,0,17344,16,38899,38899,38900,,,,38943,38910,38925,16,1:15,38926,38941,16,1:15,38927,38942,16,1:15,,,0,,,,0,,,,0,,,,0,,1,10,15,17,1,,,,
multi_tile,3,345,3,bt,2,16,17472,16,38946,38946,38947,,,,38990,38957,38972,16,1:15,38973,38988,16,1:15,38974,38989,16,1:15,,,0,,,,0,,,,0,,,,0,,1,10,15,17,1,,,,
multi_tile,3,346,3,c,0,0,24000,2,39271,39271,,39282,39281,39291,39292,,,0,,,,0,,,,0,,39273,39278,2,5:1,39275,39280,2,5:1,39276,39281,2,5:1,39282,39283,2,1:1,,,,,,10,2,8,1
asymmetric,4,0,0,a,0,0,64,16,6,6,7,,,,50,17,32,16,1:15,33,48,16,1:15,34,49,16,1:15,,,0,,,,0,,,,0,,,,0,,1,10,15,17,1,,,,
asymmetric,4,1,0,a,0,16,192,16,53,53,54,,,,97,64,79,16,1:15,80,95,16,1:15,81,96,16,1:15,,,0,,,,0,,,,0,,,,0,,1,10,15,17,1,,,,
asymmetric,4,2,0,a,1,0,320,16,100,100,101,,,,144,111,126,16,1:15,127,142,16,1:15,128,143,16,1:15,,,0,,,,0,,,,0,,,,0,,1,10,15,17,1,,,,
asymmetric,4,3,0,a,1,16,448,16,147,147,148,,,,191,158,173,16,1:15,174,189,16,1:15,175,190,16,1:15,,,0,,,,0,,,,0,,,,0,,1,10,15,17,1,,,,
asymmetric,4,4,0,a,2,0,576,16,194,194,195,,,,238,205,220,16,1:15,221,236,16,1:15,222,237,16,1:15,,,0,,,,0,,,,0,,,,0,,1,10,15,17,1,,,,
asymmetric,4,5,0,a,2,16,704,16,241,241,242,,,,285,252,267,16,1:15,268,283,16,1:15,269,284,16,1:15,,,0,,,,0,,,,0,,,,0,,1,10,15,17,1,,,,
asymmetric,4,6,0,a,3,0,832,16,288,288,289,,,,332,299,314,16,1:15,315,330,16,1:15,316,331,16,1:15,,,0,,,,0,,,,0,,,,0,,1,10,15,17,1,,,,
asymmetric,4,7,0,a,3,16,960,16,335,335,336,,,,379,346,361,16,1:15,362,377,16,1:15,363,378,16,1:15,,,0,,,,0,,,,0,,,,0,,1,10,15,17,1,,,,
asymmetric,4,8,0,a,4,0,1088,16,382,382,383,,,,426,393,408,16,1:15,409,424,16,1:15,410,425,16,1:15,,,0,,,,0,,,,0,,,,0,,1,10,15,17,1,,,,
asymmetric,4,9,0,a,4,16,1216,16,429,429,430,,,,473,440,455,16,1:15,456,471,16,1:15,457,472,16,1:15,,,0,,,,0,,,,0,,,,0,,1,10,15,17,1,,,,
asymmetric,4,10,0,a,5,0,1344,16,476,476,477,,,,520,487,502,16,1:15,503,518,16,1:15,504,519,16,1:15,,,0,,,,0,,,,0,,,,0,,1,10,15,17,1,,,,
asymmetric,4,11,0,a,5,16,1472,16,523,523,524,,,,567,534,549,16,1:15,550,565,16,1:15,551,566,16,1:15,,,0,,,,0,,,,0,,,,0,,1,10,15,17,1,,,,
asymmetric,4,12,0,a,6,0,1600,16,570,570,571,,,,614,581,596,16,1:15,597,612,16,1:15,598,613,16,1:15,,,0,,,,0,,,,0,,,,0,,1,10,15,17,1,,,,
asymmetric,4,13,0,a,6,16,1728,16,617,617,618,,,,661,628,643,16,1:15,644,659,16,1:15,645,660,16,1:15,,,0,,,,0,,,,0,,,,0,,1,10,15,17,1,,,,
asymmetric,4,14,0,a,7,0,1856,16,664,664,665,,,,708,675,690,16,1:15,691,706,16,1:15,692,707,16,1:15,,,0,,,,0,,,,0,,,,0,,1,10,15,17,1,,,,
asymmetric,4,15,0,a,7,16,1984,16,711,711,712,,,,755,722,737,16,1:15,738,753,16,1:15,739,754,16,1:15,,,0,,,,0,,,,0,,,,0,,1,10,15,17,1,,,,
asymmetric,4,16,0,a,8,0,2112,16,758,758,759,,,,802,769,784,16,1:15,785,800,16,1:15,786,801,16,1:15,,,0,,,,0,,,,0,,,,0,,1,10,15,17,1,,,,
asymmetric,4,17,0,a,8,16,2240,16,805,805,806,,,,849,816,831,16,1:15,832,847,16,1:15,833,848,16,1:15,,,0,,,,0,,,,0,,,,0,,1,10,15,17,1,,,,
asymmetric,4,18,0,a,9,0,2368,16,852,852,853,,,,896,863,878,16,1:15,879,894,16,1:15,880,895,16,1:15,,,0,,,,0,,,,0,,,,0,,1,10,15,17,1,,,,
asymmetric,4,19,0,a,9,16,2496,16,899,899,900,,,,943,910,925,16,1:15,926,941,16,1:15,927,942,16,1:15,,,0,,,,0,,,,0,,,,0,,1,10,15,17,1,,,,
asymmetric,4,20,0,a,10,0,2624,16,946,946,947,,,,990,957,972,16,1:15,973,988,16,1:15,974,989,16,1:15,,,0,,,,0,,,,0,,,,0,,1,10,15,17,1,,,,
asymmetric,4,21,0,a,10,16,2752,16,993,993,994,,,,1037,1004,1019,16,1:15,1020,1035,16,1:15,1021,1036,16,1:15,,,0,,,,0,,,,0,,,,0,,1,10,15,17,1,,,,
asymmetric,4,22,0,a,11,0,2880,16,1040,1040,1041,,,,1084,1051,1066,16,1:15,1067,1082,16,1:15,1068,1083,16,1:15,,,0,,,,0,,,,0,,,,0,,1,10,15,17,1,,,,
asymmetric,4,23,0,a,11,16,3008,16,1087,1087,1088,,,,1131,1098,1113,16,1:15,1114,1129,16,1:15,1115,1130,16,1:15,,,0,,,,0,,,,0,,,,0,,1,10,15,17,1,,,,
asymmetric,4,24,0,a,12,0,3136,16,1134,1134,1135,,,,1178,1145,1160,16,1:15,1161,1176,16,1:15,1162,1177,16,1:15,,,0,,,,0,,,,0,,,,0,,1,10,15,17,1,,,,
asymmetric,4,25,0,a,12,16,3264,16,1181,1181,1182,,,,1225,1192,1207,16,1:15,1208,1223,16,1:15,1209,1224,16,1:15,,,0,,,,0,,,,0,,,,0,,1,10,15,17,1,,,,
asymmetric,4,26,0,a,13,0,3392,16,1228,1228,1229,,,,1272,1239,1254,16,1:15,1255,1270,16,1:15,1256,1271,16,1:15,,,0,,,,0,,,,0,,,,0,,1,10,15,17,1,,,,
asymmetric,4,27,0,a,13,16,3520,16,1275,1275,1276,,,,1319,1286,1301,16,1:15,1302,1317,16,1:15,1303,1318,16,1:15,,,0,,,,0,,,,0,,,,0,,1,10,15,17,1,,,,
asymmetric,4,28,0,a,14,0,3648,16,1322,1322,1323,,,,1366,1333,1348,16,1:15,1349,1364,16,1:15,1350,1365,16,1:15,,,0,,,,0,,,,0,,,,0,,1,10,15,17,1,,,,
asymmetric,4,29,0,a,14,16,3776,16,1369,1369,1370,,,,1413,1380,1395,16,1:15,1396,1411,16,1:15,1397,1412,16,1:15,,,0,,,,0,,,,0,,,,0,,1,10,15,17,1,,,,
asymmetric,4,30,0,a,15,0,3904,16,1416,1416,1417,,,,1460,1427,1442,16,1:15,1443,1458,16,1:15,1444,1459,16,1:15,,,0,,,,0,,,,0,,,,0,,1,10,15,17,1,,,,
asymmetric,4,31,0,a,15,16,4032,8,1463,1463,1464,,,,1491,1474,1481,8,1:7,1482,1489,8,1:7,1483,1490,8,1:7,,,0,,,,0,,,,0,,,,0,,1,10,7,9,1,,,,
asymmetric,4,32,0,a,15,24,4096,8,1494,1494,1495,,,,1522,1505,1512,8,1:7,1513,1520,8,1:7,1514,1521,8,1:7,,,0,,,,0,,,,0,,,,0,,1,10,7,9,1,,,,
asymmetric,4,33,0,a,16,0,4160,16,1525,1525,1526,,,,1569,1536,1551,16,1:15,1552,1567,16,1:15,1553,1568,16,1:15,,,0,,,,0,,,,0,,,,0,,1,10,15,17,1,,,,
asymmetric,4,34,0,a,16,16,4288,16,1572,1572,1573,,,,1616,1583,1598,16,1:15,1599,1614,16,1:15,1600,1615,16,1:15,,,0,,,,0,,,,0,,,,0,,1,10,15,17,1,,,,
asymmetric,4,35,0,a,17,0,4416,16,1619,1619,1620,,,,1663,1630,1645,16,1:15,1646,1661,16,1:15,1647,1662,16,1:15,,,0,,,,0,,,,0,,,,0,,1,10,15,17,1,,,,
asymmetric,4,36,0,a,17,16,4544,16,1666,1666,1667,,,,1710,1677,1692,16,1:15,1693,1708,16,1:15,1694,1709,16,1:15,,,0,,,,0,,,,0,,,,0,,1,10,15,17,1,,,,
asymmetric,4,37,0,a,18,0,4672,16,1713,1713,1714,,,,1757,1724,1739,16,1:15,1740,1755,16,1:15,1741,1756,16,1:15,,,0,,,,0,,,,0,,,,0,,1,10,15,17,1,,,,
asymmetric,4,38,0,a,18,16,4800,16,1760,1760,1761,,,,1804,1771,1786,16,1:15,1787,1802,16,1:15,1788,1803,16,1:15,,,0,,,,0,,,,0,,,,0,,1,10,15,17,1,,,,
asymmetric,4,39,0,a,19,0,4928,16,1807,1807,1808,,,,1851,1818,1833,16,1:15,1834,1849,16,1:15,1835,1850,16,1:15,,,0,,,,0,,,,0,,,,0,,1,10,15,17,1,,,,
asymmetric,4,40,0,a,19,16,5056,16,1854,1854,1855,,,,1898,1865,1880,16,1:15,1881,1896,16,1:15,1882,1897,16,1:15,,,0,,,,0,,,,0,,,,0,,1,10,15,17,1,,,,
asymmetric,4,41,0,a,20,0,5184,16,1901,1901,1902,,,,1945,1912,1927,16,1:15,1928,1943,16,1:15,1929,1944,16,1:15,,,0,,,,0,,,,0,,,,0,,1,10,15,17,1,,,,
asymmetric,4,42,0,a,20,16,5312,16,1948,1948,1949,,,,1992,1959,1974,16,1:15,1975,1990,16,1:15,1976,1991,16,1:15,,,0,,,,0,,,,0,,,,0,,1,10,15,17,1,,,,
asymmetric,4,43,0,a,21,0,5440,16,1995,1995,1996,,,,2039,2006,2021,16,1:15,2022,2037,16,1:15,2023,2038,16,1:15,,,0,,,,0,,,,0,,,,0,,1,10,15,17,1,,,,
asymmetric,4,44,0,a,21,16,5568,16,2042,2042,2043,,,,2086,2053,2068,16,1:15,2069,2084,16,1:15,2070,2085,16,1:15,,,0,,,,0,,,,0,,,,0,,1,10,15,17,1,,,,
asymmetric,4,45,0,a,22,0,5696,16,2089,2089,2090,,,,2133,2100,2115,16,1:15,2116,2131,16,1:15,2117,2132,16,1:15,,,0,,,,0,,,,0,,,,0,,1,10,15,17,1,,,,
asymmetric,4,46,0,a,22,16,5824,16,2136,2136,2137,,,,2180,2147,2162,16,1:15,2163,2178,16,1:15,2164,2179,16,1:15,,,0,,,,0,,,,0,,,,0,,1,10,15,17,1,,,,
asymmetric,4,47,0,a,23,0,5952,16,2183,2183,2184,,,,2227,2194,2209,16,1:15,2210,2225,16,1:15,2211,2226,16,1:15,,,0,,,,0,,,,0,,,,0,,1,10,15,17,1,,,,
asymmetric,4,48,0,a,23,16,6080,16,2230,2230,2231,,,,2274,2241,2256,16,1:15,2257,2272,16,1:15,2258,2273,16,1:15,,,0,,,,0,,,,0,,,,0,,1,10,15,17,1,,,,
asymmetric,4,49,0,a,24,0,6208,16,2277,2277,2278,,,,2321,2288,2303,16,1:15,2304,2319,16,1:15,2305,2320,16,1:15,,,0,,,,0,,,,0,,,,0,,1,10,15,17,1,,,,
asymmetric,4,50,0,a,24,16,6336,16,2324,2324,2325,,,,2368,2335,2350,16,1:15,2351,2366,16,1:15,2352,2367,16,1:15,,,0,,,,0,,,,0,,,,0,,1,10,15,17,1,,,,
asymmetric,4,51,0,a,25,0,6464,16,2371,2371,2372,,,,2415,2382,2397,16,1:15,2398,2413,16,1:15,2399,2414,16,1:15,,,0,,,,0,,,,0,,,,0,,1,10,15,17,1,,,,
asymmetric,4,52,0,a,25,16,6592,16,2418,2418,2419,,,,2462,2429,2444,16,1:15,2445,2460,16,1:15,2446,2461,16,1:15,,,0,,,,0,,,,0,,,,0,,1,10,15,17,1,,,,
asymmetric,4,53,0,a,26,0,6720,16,2465,2465,2466,,,,2509,2476,2491,16,1:15,2492,2507,16,1:15,2493,2508,16,1:15,,,0,,,,0,,,,0,,,,0,,1,10,15,17,1,,,,
asymmetric,4,54,0,a,26,16,6848,16,2512,2512,2513,,,,2556,2523,2538,16,1:15,2539,2554,16,1:15,2540,2555,16,1:15,,,0,,,,0,,,,0,,,,0,,1,10,15,17,1,,,,
asymmetric,4,55,0,a,27,0,6976,16,2559,2559,2560,,,,2603,2570,2585,16,1:15,2586,2601,16,1:15,2587,2602,16,1:15,,,0,,,,0,,,,0,,,,0,,1,10,15,17,1,,,,
asymmetric,4,56,0,a,27,16,7104,16,2606,2606,2607,,,,2650,2617,2632,16,1:15,2633,2648,16,1:15,2634,2649,16,1:15,,,0,,,,0,,,,0,,,,0,,1,10,15,17,1,,,,
asymmetric,4,57,0,a,28,0,7232,16,2653,2653,2654,,,,2697,2664,2679,16,1:15,2680,2695,16,1:15,2681,2696,16,1:15,,,0,,,,0,,,,0,,,,0,,1,10,15,17,1,,,,
asymmetric,4,58,0,a,28,16,7360,16,2700,2700,2701,,,,2744,2711,2726,16,1:15,2727,2742,16,1:15,2728,2743,16,1:15,,,0,,,,0,,,,0,,,,0,,1,10,15,17,1,,,,
asymmetric,4,59,0,a,29,0,7488,16,2747,2747,2748,,,,2791,2758,2773,16,1:15,2774,2789,16,1:15,2775,2790,16,1:15,,,0,,,,0,,,,0,,,,0,,1,10,15,17,1,,,,
asymmetric,4,60,0,a,29,16,7616,16,2794,2794,2795,,,,2838,2805,2820,16,1:15,2821,2836,16,1:15,2822,2837,16,1:15,,,0,,,,0,,,,0,,,,0,,1,10,15,17,1,,,,
asymmetric,4,61,0,a,30,0,7744,16,2841,2841,2842,,,,2885,2852,2867,16,1:15,2868,2883,16,1:15,2869,2884,16,1:15,,,0,,,,0,,,,0,,,,0,,1,10,15,17,1,,,,
asymmetric,4,62,0,a,30,16,7872,16,2888,2888,2889,,,,2932,2899,2914,16,1:15,2915,2930,16,1:15,2916,2931,16,1:15,,,0,,,,0,,,,0,,,,0,,1,10,15,17,1,,,,
asymmetric,4,63,0,a,31,0,8000,16,2935,2935,2936,,,,2979,2946,2961,16,1:15,2962,2977,16,1:15,2963,2978,16,1:15,,,0,,,,0,,,,0,,,,0,,1,10,15,17,1,,,,
asymmetric,4,64,0,a,31,16,8128,8,2982,2982,2983,,,,3010,2993,3000,8,1:7,3001,3008,8,1:7,3002,3009,8,1:7,,,0,,,,0,,,,0,,,,0,,1,10,7,9,1,,,,
asymmetric,4,65,0,a,31,24,8192,8,3013,3013,3014,,,,3041,3024,3031,8,1:7,3032,3039,8,1:7,3033,3040,8,1:7,,,0,,,,0,,,,0,,,,0,,1,10,7,9,1,,,,
asymmetric,4,66,0,bt,0,0,16832,16,3049,3049,3050,,,,3093,3060,3075,16,1:15,3076,3091,16,1:15,3077,3092,16,1:15,,,0,,,,0,,,,0,,,,0,,1,10,15,17,1,,,,
asymmetric,4,67,0,bt,0,16,16960,16,3096,3096,3097,,,,3140,3107,3122,16,1:15,3123,3138,16,1:15,3124,3139,16,1:15,,,0,,,,0,,,,0,,,,0,,1,10,15,17,1,,,,
asymmetric,4,68,0,bt,1,0,17088,16,3143,3143,3144,,,,3187,3154,3169,16,1:15,3170,3185,16,1:15,3171,3186,16,1:15,,,0,,,,0,,,,0,,,,0,,1,10,15,17,1,,,,
asymmetric,4,69,0,bt,1,16,17216,16,3190,3190,3191,,,,3234,3201,3216,16,1:15,3217,3232,16,1:15,3218,3233,16,1:15,,,0,,,,0,,,,0,,,,0,,1,10,15,17,1,,,,
asymmetric,4,70,0,bt,2,0,17344,16,3237,3237,3238,,,,3281,3248,3263,16,1:15,3264,3279,16,1:15,3265,3280,16,1:15,,,0,,,,0,,,,0,,,,0,,1,10,15,17,1,,,,
asymmetric,4,71,0,bt,2,16,17472,16,3284,3284,3285,,,,3328,3295,3310,16,1:15,3311,3326,16,1:15,3312,3327,16,1:15,,,0,,,,0,,,,0,,,,0,,1,10,15,17,1,,,,
asymmetric,4,72,0,bt,3,0,17600,16,3331,3331,3332,,,,3375,3342,3357,16,1:15,3358,3373,16,1:15,3359,3374,16,1:15,,,0,,,,0,,,,0,,,,0,,1,10,15,17,1,,,,
asymmetric,4,73,0,bt,3,16,17728,16,3378,3378,3379,,,,3422,3389,3404,16,1:15,3405,3420,16,1:15,3406,3421,16,1:15,,,0,,,,0,,,,0,,,,0,,1,10,15,17,1,,,,
asymmetric,4,74,0,bt,4,0,17856,16,3425,3425,3426,,,,3469,3436,3451,16,1:15,3452,3467,16,1:15,3453,3468,16,1:15,,,0,,,,0,,,,0,,,,0,,1,10,15,17,1,,,,
asymmetric,4,75,0,bt,4,16,17984,16,3472,3472,3473,,,,3516,3483,3498,16,1:15,3499,3514,16,1:15,3500,3515,16,1:15,,,0,,,,0,,,,0,,,,0,,1,10,15,17,1,,,,
asymmetric,4,76,0,bt,5,0,18112,16,3519,3519,3520,,,,3563,3530,3545,16,1:15,3546,3561,16,1:15,3547,3562,16,1:15,,,0,,,,0,,,,0,,,,0,,1,10,15,17,1,,,,
asymmetric,4,77,0,bt,5,16,18240,16,3566,3566,3567,,,,3610,3577,3592,16,1:15,3593,3608,16,1:15,3594,3609,16,1:15,,,0,,,,0,,,,0,,,,0,,1,10,15,17,1,,,,
asymmetric,4,78,0,bt,6,0,18368,16,3613,3613,3614,,,,3657,3624,3639,16,1:15,3640,3655,16,1:15,3641,3656,16,1:15,,,0,,,,0,,,,0,,,,0,,1,10,15,17,1,,,,
asymmetric,4,79,0,bt,6,16,18496,16,3660,3660,3661,,,,3704,3671,3686,16,1:15,3687,3702,16,1:15,3688,3703,16,1:15,,,0,,,,0,,,,0,,,,0,,1,10,15,17,1,,,,
asymmetric,4,80,0,bt,7,0,18624,16,3707,3707,3708,,,,3751,3718,3733,16,1:15,3734,3749,16,1:15,3735,3750,16,1:15,,,0,,,,0,,,,0,,,,0,,1,10,15,17,1,,,,
asymmetric,4,81,0,bt,7,16,18752,16,3754,3754,3755,,,,3798,3765,3780,16,1:15,3781,3796,16,1:15,3782,3797,16,1:15,,,0,,,,0,,,,0,,,,0,,1,10,15,17,1,,,,
asymmetric,4,82,0,bt,8,0,18880,16,3801,3801,3802,,,,3845,3812,3827,16,1:15,3828,3843,16,1:15,3829,3844,16,1:15,,,0,,,,0,,,,0,,,,0,,1,10,15,17,1,,,,
asymmetric,4,83,0,bt,8,16,19008,16,3848,3848,3849,,,,3892,3859,3874,16,1:15,3875,3890,16,1:15,3876,3891,16,1:15,,,0,,,,0,,,,0,,,,0,,1,10,15,17,1,,,,
asymmetric,4,84,0,bt,9,0,19136,16,3895,3895,3896,,,,3939,3906,3921,16,1:15,3922,3937,16,1:15,3923,3938,16,1:15,,,0,,,,0,,,,0,,,,0,,1,10,15,17,1,,,,
asymmetric,4,85,0,bt,9,16,19264,16,3942,3942,3943,,,,3986,3953,3968,16,1:15,3969,3984,16,1:15,3970,3985,16,1:15,,,0,,,,0,,,,0,,,,0,,1,10,15,17,1,,,,
asymmetric,4,86,0,bt,10,0,19392,16,3989,3989,3990,,,,4033,4000,4015,16,1:15,4016,4031,16,1:15,4017,4032,16,1:15,,,0,,,,0,,,,0,,,,0,,1,10,15,17,1,,,,
asymmetric,4,87,0,bt,10,16,19520,16,4036,4036,4037,,,,4080,4047,4062,16,1:15,4063,4078,16,1:15,4064,4079,16,1:15,,,0,,,,0,,,,0,,,,0,,1,10,15,17,1,,,,
asymmetric,4,88,0,bt,11,0,19648,16,4083,4083,4084,,,,4127,4094,4109,16,1:15,4110,4125,16,1:15,4111,4126,16,1:15,,,0,,,,0,,,,0,,,,0,,1,10,15,17,1,,,,
asymmetric,4,89,0,bt,11,16,19776,16,4130,4130,4131,,,,4174,4141,4156,16,1:15,4157,4172,16,1:15,4158,4173,16,1:15,,,0,,,,0,,,,0,,,,0,,1,10,15,17,1,,,,
asymmetric,4,90,0,bt,12,0,19904,16,4177,4177,4178,,,,4221,4188,4203,16,1:15,4204,4219,16,1:15,4205,4220,16,1:15,,,0,,,,0,,,,0,,,,0,,1,10,15,17,1,,,,
asymmetric,4,91,0,bt,12,16,20032,16,4224,4224,4225,,,,4268,4235,4250,16,1:15,4251,4266,16,1:15,4252,4267,16,1:15,,,0,,,,0,,,,0,,,,0,,1,10,15,17,1,,,,
asymmetric,4,92,0,bt,13,0,20160,16,4271,4271,4272,,,,4315,4282,4297,16,1:15,4298,4313,16,1:15,4299,4314,16,1:15,,,0,,,,0,,,,0,,,,0,,1,10,15,17,1,,,,
asymmetric,4,93,0,bt,13,16,20288,16,4318,4318,4319,,,,4362,4329,4344,16,1:15,4345,4360,16,1:15,4346,4361,16,1:15,,,0,,,,0,,,,0,,,,0,,1,10,15,17,1,,,,
asymmetric,4,94,0,bt,14,0,20416,8,4365,4365,4366,,,,4393,4376,4383,8,1:7,4384,4391,8,1:7,4385,4392,8,1:7,,,0,,,,0,,,,0,,,,0,,1,10,7,9,1,,,,
asymmetric,4,95,0,bt,14,8,20480,16,4396,4396,4397,,,,4440,4407,4422,16,1:15,4423,4438,16,1:15,4424,4439,16,1:15,,,0,,,,0,,,,0,,,,0,,1,10,15,17,1,,,,
asymmetric,4,96,0,bt,14,24,20608,8,4443,4443,4444,,,,4471,4454,4461,8,1:7,4462,4469,8,1:7,4463,4470,8,1:7,,,0,,,,0,,,,0,,,,0,,1,10,7,9,1,,,,
asymmetric,4,97,0,bt,15,0,20672,16,4474,4474,4475,,,,4518,4485,4500,16,1:15,4501,4516,16,1:15,4502,4517,16,1:15,,,0,,,,0,,,,0,,,,0,,1,10,15,17,1,,,,
asymmetric,4,98,0,bt,15,16,20800,16,4521,4521,4522,,,,4565,4532,4547,16,1:15,4548,4563,16,1:15,4549,4564,16,1:15,,,0,,,,0,,,,0,,,,0,,1,10,15,17,1,,,,
asymmetric,4,99,0,bt,16,0,20928,16,4568,4568,4569,,,,4612,4579,4594,16,1:15,4595,4610,16,1:15,4596,4611,16,1:15,,,0,,,,0,,,,0,,,,0,,1,10,15,17,1,,,,
asymmetric,4,100,0,bt,16,16,21056,16,4615,4615,4616,,,,4659,4626,4641,16,1:15,4642,4657,16,1:15,4643,4658,16,1:15,,,0,,,,0,,,,0,,,,0,,1,10,15,17,1,,,,
asymmetric,4,101,0,bt,17,0,21184,16,4662,4662,4663,,,,4706,4673,4688,16,1:15,4689,4704,16,1:15,4690,4705,16,1:15,,,0,,,,0,,,,0,,,,0,,1,10,15,17,1,,,,
asymmetric,4,102,0,bt,17,16,21312,16,4709,4709,4710,,,,4753,4720,4735,16,1:15,4736,4751,16,1:15,4737,4752,16,1:15,,,0,,,,0,,,,0,,,,0,,1,10,15,17,1,,,,
asymmetric,4,103,0,bt,18,0,21440,16,4756,4756,4757,,,,4800,4767,4782,16,1:15,4783,4798,16,1:15,4784,4799,16,1:15,,,0,,,,0,,,,0,,,,0,,1,10,15,17,1,,,,
asymmetric,4,104,0,bt,18,16,21568,16,4803,4803,4804,,,,4847,4814,4829,16,1:15,4830,4845,16,1:15,4831,4846,16,1:15,,,0,,,,0,,,,0,,,,0,,1,10,15,17,1,,,,
asymmetric,4,105,0,bt,19,0,21696,16,4850,4850,4851,,,,4894,4861,4876,16,1:15,4877,4892,16,1:15,4878,4893,16,1:15,,,0,,,,0,,,,0,,,,0,,1,10,15,17,1,,,,
asymmetric,4,106,0,bt,19,16,21824,16,4897,4897,4898,,,,4941,4908,4923,16,1:15,4924,4939,16,1:15,4925,4940,16,1:15,,,0,,,,0,,,,0,,,,0,,1,10,15,17,1,,,,
asymmetric,4,107,0,bt,20,0,21952,16,4944,4944,4945,,,,4988,4955,4970,16,1:15,4971,4986,16,1:15,4972,4987,16,1:15,,,0,,,,0,,,,0,,,,0,,1,10,15,17,1,,,,
asymmetric,4,108,0,bt,20,16,22080,16,4991,4991,4992,,,,5035,5002,5017,16,1:15,5018,5033,16,1:15,5019,5034,16,1:15,,,0,,,,0,,,,0,,,,0,,1,10,15,17,1,,,,
asymmetric,4,109,0,bt,21,0,22208,16,5038,5038,5039,,,,5082,5049,5064,16,1:15,5065,5080,16,1:15,5066,5081,16,1:15,,,0,,,,0,,,,0,,,,0,,1,10,15,17,1,,,,
asymmetric,4,110,0,bt,21,16,22336,16,5085,5085,5086,,,,5129,5096,5111,16,1:15,5112,5127,16,1:15,5113,5128,16,1:15,,,0,,,,0,,,,0,,,,0,,1,10,15,17,1,,,,
asymmetric,4,111,0,bt,22,0,22464,16,5132,5132,5133,,,,5176,5143,5158,16,1:15,5159,5174,16,1:15,5160,5175,16,1:15,,,0,,,,0,,,,0,,,,0,,1,10,15,17,1,,,,
asymmetric,4,112,0,bt,22,16,22592,16,5179,5179,5180,,,,5223,5190,5205,16,1:15,5206,5221,16,1:15,5207,5222,16,1:15,,,0,,,,0,,,,0,,,,0,,1,10,15,17,1,,,,
asymmetric,4,113,0,bt,23,0,22720,16,5226,5226,5227,,,,5270,5237,5252,16,1:15,5253,5268,16,1:15,5254,5269,16,1:15,,,0,,,,0,,,,0,,,,0,,1,10,15,17,1,,,,
asymmetric,4,114,0,bt,23,16,22848,16,5273,5273,5274,,,,5317,5284,5299,16,1:15,5300,5315,16,1:15,5301,5316,16,1:15,,,0,,,,0,,,,0,,,,0,,1,10,15,17,1,,,,
asymmetric,4,115,0,bt,24,0,22976,16,5320,5320,5321,,,,5364,5331,5346,16,1:15,5347,5362,16,1:15,5348,5363,16,1:15,,,0,,,,0,,,,0,,,,0,,1,10,15,17,1,,,,
asymmetric,4,116,0,bt,24,16,23104,16,5367,5367,5368,,,,5411,5378,5393,16,1:15,5394,5409,16,1:15,5395,5410,16,1:15,,,0,,,,0,,,,0,,,,0,,1,10,15,17,1,,,,
asymmetric,4,117,0,bt,25,0,23232,16,5414,5414,5415,,,,5458,5425,5440,16,1:15,5441,5456,16,1:15,5442,5457,16,1:15,,,0,,,,0,,,,0,,,,0,,1,10,15,17,1,,,,
asymmetric,4,118,0,bt,25,16,23360,16,5461,5461,5462,,,,5505,5472,5487,16,1:15,5488,5503,16,1:15,5489,5504,16,1:15,,,0,,,,0,,,,0,,,,0,,1,10,15,17,1,,,,
asymmetric,4,119,0,bt,26,0,23488,16,5508,5508,5509,,,,5552,5519,5534,16,1:15,5535,5550,16,1:15,5536,5551,16,1:15,,,0,,,,0,,,,0,,,,0,,1,10,15,17,1,,,,
asymmetric,4,120,0,bt,26,16,23616,16,5555,5555,5556,,,,5599,5566,5581,16,1:15,5582,5597,16,1:15,5583,5598,16,1:15,,,0,,,,0,,,,0,,,,0,,1,10,15,17,1,,,,
asymmetric,4,121,0,bt,27,0,23744,16,5602,5602,5603,,,,5646,5613,5628,16,1:15,5629,5644,16,1:15,5630,5645,16,1:15,,,0,,,,0,,,,0,,,,0,,1,10,15,17,1,,,,
asymmetric,4,122,0,bt,27,16,23872,16,5649,5649,5650,,,,5693,5660,5675,16,1:15,5676,5691,16,1:15,5677,5692,16,1:15,,,0,,,,0,,,,0,,,,0,,1,10,15,17,1,,,,
asymmetric,4,123,0,bt,28,0,24000,16,5696,5696,5697,,,,5740,5707,5722,16,1:15,5723,5738,16,1:15,5724,5739,16,1:15,,,0,,,,0,,,,0,,,,0,,1,10,15,17,1,,,,
asymmetric,4,124,0,bt,28,16,24128,16,5743,5743,5744,,,,5787,5754,5769,16,1:15,5770,5785,16,1:15,5771,5786,16,1:15,,,0,,,,0,,,,0,,,,0,,1,10,15,17,1,,,,
asymmetric,4,125,0,bt,29,0,24256,16,5790,5790,5791,,,,5834,5801,5816,16,1:15,5817,5832,16,1:15,5818,5833,16,1:15,,,0,,,,0,,,,0,,,,0,,1,10,15,17,1,,,,
asymmetric,4,126,0,bt,29,16,24384,16,5837,5837,5838,,,,5881,5848,5863,16,1:15,5864,5879,16,1:15,5865,5880,16,1:15,,,0,,,,0,,,,0,,,,0,,1,10,15,17,1,,,,
asymmetric,4,127,0,bt,30,0,24512,8,5884,5884,5885,,,,5912,5895,5902,8,1:7,5903,5910,8,1:7,5904,5911,8,1:7,,,0,,,,0,,,,0,,,,0,,1,10,7,9,1,,,,
asymmetric,4,128,0,bt,30,8,24576,16,5915,5915,5916,,,,5959,5926,5941,16,1:15,5942,5957,16,1:15,5943,5958,16,1:15,,,0,,,,0,,,,0,,,,0,,1,10,15,17,1,,,,
asymmetric,4,129,0,bt,30,24,24704,8,5962,5962,5963,,,,5990,5973,5980,8,1:7,5981,5988,8,1:7,5982,5989,8,1:7,,,0,,,,0,,,,0,,,,0,,1,10,7,9,1,,,,
asymmetric,4,130,0,bt,31,0,24768,16,5993,5993,5994,,,,6037,6004,6019,16,1:15,6020,6035,16,1:15,6021,6036,16,1:15,,,0,,,,0,,,,0,,,,0,,1,10,15,17,1,,,,
asymmetric,4,131,0,bt,31,16,24896,16,6040,6040,6041,,,,6084,6051,6066,16,1:15,6067,6082,16,1:15,6068,6083,16,1:15,,,0,,,,0,,,,0,,,,0,,1,10,15,17,1,,,,
asymmetric,4,132,0,c,0,0,33088,16,23374,23374,,23455,23454,23478,23479,,,0,,,,0,,,,0,,23376,23451,16,5:15,23378,23453,16,5:15,23379,23454,16,5:15,23455,23470,16,1:15,,,,,,80,16,8,1
asymmetric,4,133,0,c,1,0,33344,16,23482,23482,,23563,23562,23586,23587,,,0,,,,0,,,,0,,23484,23559,16,5:15,23486,23561,16,5:15,23487,23562,16,5:15,23563,23578,16,1:15,,,,,,80,16,8,1
asymmetric,4,134,0,c,2,0,33600,16,23590,23590,,23671,23670,23694,23695,,,0,,,,0,,,,0,,23592,23667,16,5:15,23594,23669,16,5:15,23595,23670,16,5:15,23671,23686,16,1:15,,,,,,80,16,8,1
asymmetric,4,135,0,c,3,0,33856,16,23698,23698,,23779,23778,23802,23803,,,0,,,,0,,,,0,,23700,23775,16,5:15,23702,23777,16,5:15,23703,23778,16,5:15,23779,23794,16,1:15,,,,,,80,16,8,1
asymmetric,4,136,0,c,4,0,34112,16,23806,23806,,23887,23886,23910,23911,,,0,,,,0,,,,0,,23808,23883,16,5:15,23810,23885,16,5:15,23811,23886,16,5:15,23887,23902,16,1:15,,,,,,80,16,8,1
asymmetric,4,137,0,c,5,0,34368,16,23914,23914,,23995,23994,24018,24019,,,0,,,,0,,,,0,,23916,23991,16,5:15,23918,23993,16,5:15,23919,23994,16,5:15,23995,24010,16,1:15,,,,,,80,16,8,1
asymmetric,4,138,0,c,6,0,34624,16,24022,24022,,24103,24102,24126,24127,,,0,,,,0,,,,0,,24024,24099,16,5:15,24026,24101,16,5:15,24027,24102,16,5:15,24103,24118,16,1:15,,,,,,80,16,8,1
asymmetric,4,139,0,c,7,0,34880,16,24130,24130,,24211,24210,24234,24235,,,0,,,,0,,,,0,,24132,24207,16,5:15,24134,24209,16,5:15,24135,24210,16,5:15,24211,24226,16,1:15,,,,,,80,16,8,1
asymmetric,4,140,0,c,8,0,35136,16,24238,24238,,24319,24318,24342,24343,,,0,,,,0,,,,0,,24240,24315,16,5:15,24242,24317,16,5:15,24243,24318,16,5:15,24319,24334,16,1:15,,,,,,80,16,8,1
asymmetric,4,141,0,c,9,0,35392,16,24346,24346,,24427,24426,24450,24451,,,0,,,,0,,,,0,,24348,24423,16,5:15,24350,24425,16,5:15,24351,24426,16,5:15,24427,24442,16,1:15,,,,,,80,16,8,1
asymmetric,4,142,0,c,10,0,35648,16,24454,24454,,24535,24534,24558,24559,,,0,,,,0,,,,0,,24456,24531,16,5:15,24458,24533,16,5:15,24459,24534,16,5:15,24535,24550,16,1:15,,,,,,80,16,8,1
asymmetric,4,143,0,c,11,0,35904,16,24562,24562,,24643,24642,24666,24667,,,0,,,,0,,,,0,,24564,24639,16,5:15,24566,24641,16,5:15,24567,24642,16,5:15,24643,24658,16,1:15,,,,,,80,16,8,1
asymmetric,4,144,0,c,12,0,36160,16,24670,24670,,24751,24750,24774,24775,,,0,,,,0,,,,0,,24672,24747,16,5:15,24674,24749,16,5:15,24675,24750,16,5:15,24751,24766,16,1:15,,,,,,80,16,8,1
asymmetric,4,145,0,c,13,0,36416,16,24778,24778,,24859,24858,24882,24883,,,0,,,,0,,,,0,,24780,24855,16,5:15,24782,24857,16,5:15,24783,24858,16,5:15,24859,24874,16,1:15,,,,,,80,16,8,1
asymmetric,4,146,0,c,14,0,36672,16,24886,24886,,24967,24966,24990,24991,,,0,,,,0,,,,0,,24888,24963,16,5:15,24890,24965,16,5:15,24891,24966,16,5:15,24967,24982,16,1:15,,,,,,80,16,8,1
asymmetric,4,147,0,c,15,0,36928,16,24994,24994,,25075,25074,25098,25099,,,0,,,,0,,,,0,,24996,25071,16,5:15,24998,25073,16,5:15,24999,25074,16,5:15,25075,25090,16,1:15,,,,,,80,16,8,1
asymmetric,4,148,0,c,16,0,37184,16,25102,25102,,25183,25182,25206,25207,,,0,,,,0,,,,0,,25104,25179,16,5:15,25106,25181,16,5:15,25107,25182,16,5:15,25183,25198,16,1:15,,,,,,80,16,8,1
asymmetric,4,149,0,c,17,0,37440,16,25210,25210,,25291,25290,25314,25315,,,0,,,,0,,,,0,,25212,25287,16,5:15,25214,25289,16,5:15,25215,25290,16,5:15,25291,25306,16,1:15,,,,,,80,16,8,1
asymmetric,4,150,0,c,18,0,37696,16,25318,25318,,25399,25398,25422,25423,,,0,,,,0,,,,0,,25320,25395,16,5:15,25322,25397,16,5:15,25323,25398,16,5:15,25399,25414,16,1:15,,,,,,80,16,8,1
asymmetric,4,151,0,c,19,0,37952,16,25426,25426,,25507,25506,25530,25531,,,0,,,,0,,,,0,,25428,25503,16,5:15,25430,25505,16,5:15,25431,25506,16,5:15,25507,25522,16,1:15,,,,,,80,16,8,1
asymmetric,4,152,0,c,20,0,38208,16,25534,25534,,25615,25614,25638,25639,,,0,,,,0,,,,0,,25536,25611,16,5:15,25538,25613,16,5:15,25539,25614,16,5:15,25615,25630,16,1:15,,,,,,80,16,8,1
asymmetric,4,153,0,c,21,0,38464,16,25642,25642,,25723,25722,25746,25747,,,0,,,,0,,,,0,,25644,25719,16,5:15,25646,25721,16,5:15,25647,25722,16,5:15,25723,25738,16,1:15,,,,,,80,16,8,1
asymmetric,4,154,0,c,22,0,38720,16,25750,25750,,25831,25830,25854,25855,,,0,,,,0,,,,0,,25752,25827,16,5:15,25754,25829,16,5:15,25755,25830,16,5:15,25831,25846,16,1:15,,,,,,80,16,8,1
asymmetric,4,155,0,c,23,0,38976,16,25858,25858,,25939,25938,25962,25963,,,0,,,,0,,,,0,,25860,25935,16,5:15,25862,25937,16,5:15,25863,25938,16,5:15,25939,25954,16,1:15,,,,,,80,16,8,1
asymmetric,4,156,0,c,24,0,39232,16,25966,25966,,26047,26046,26070,26071,,,0,,,,0,,,,0,,25968,26043,16,5:15,25970,26045,16,5:15,25971,26046,16,5:15,26047,26062,16,1:15,,,,,,80,16,8,1
asymmetric,4,157,0,c,25,0,39488,16,26074,26074,,26155,26154,26178,26179,,,0,,,,0,,,,0,,26076,26151,16,5:15,26078,26153,16,5:15,26079,26154,16,5:15,26155,26170,16,1:15,,,,,,80,16,8,1
asymmetric,4,158,0,c,26,0,39744,16,26182,26182,,26263,26262,26286,26287,,,0,,,,0,,,,0,,26184,26259,16,5:15,26186,26261,16,5:15,26187,26262,16,5:15,26263,26278,16,1:15,,,,,,80,16,8,1
asymmetric,4,159,0,c,27,0,40000,16,26290,26290,,26371,26370,26394,26395,,,0,,,,0,,,,0,,26292,26367,16,5:15,26294,26369,16,5:15,26295,26370,16,5:15,26371,26386,16,1:15,,,,,,80,16,8,1
asymmetric,4,160,0,c,28,0,40256,16,26398,26398,,26479,26478,26502,26503,,,0,,,,0,,,,0,,26400,26475,16,5:15,26402,26477,16,5:15,26403,26478,16,5:15,26479,26494,16,1:15,,,,,,80,16,8,1
asymmetric,4,161,0,c,29,0,40512,16,26506,26506,,26587,26586,26610,26611,,,0,,,,0,,,,0,,26508,26583,16,5:15,26510,26585,16,5:15,26511,26586,16,5:15,26587,26602,16,1:15,,,,,,80,16,8,1
asymmetric,4,162,0,c,30,0,40768,16,26614,26614,,26695,26694,26718,26719,,,0,,,,0,,,,0,,26616,26691,16,5:15,26618,26693,16,5:15,26619,26694,16,5:15,26695,26710,16,1:15,,,,,,80,16,8,1
asymmetric,4,163,0,c,31,0,41024,16,26722,26722,,26803,26802,26826,26827,,,0,,,,0,,,,0,,26724,26799,16,5:15,26726,26801,16,5:15,26727,26802,16,5:15,26803,26818,16,1:15,,,,,,80,16,8,1
asymmetric,4,164,1,a,0,0,64,16,26836,26836,26837,,,,26880,26847,26862,16,1:15,26863,26878,16,1:15,26864,26879,16,1:15,,,0,,,,0,,,,0,,,,0,,1,10,15,17,1,,,,
asymmetric,4,165,1,a,0,16,192,16,26883,26883,26884,,,,26927,26894,26909,16,1:15,26910,26925,16,1:15,26911,26926,16,1:15,,,0,,,,0,,,,0,,,,0,,1,10,15,17,1,,,,
asymmetric,4,166,1,a,1,0,320,16,26930,26930,26931,,,,26974,26941,26956,16,1:15,26957,26972,16,1:15,26958,26973,16,1:15,,,0,,,,0,,,,0,,,,0,,1,10,15,17,1,,,,
asymmetric,4,167,1,a,1,16,448,16,26977,26977,26978,,,,27021,26988,27003,16,1:15,27004,27019,16,1:15,27005,27020,16,1:15,,,0,,,,0,,,,0,,,,0,,1,10,15,17,1,,,,
asymmetric,4,168,1,a,2,0,576,16,27024,27024,27025,,,,27068,27035,27050,16,1:15,27051,27066,16,1:15,27052,27067,16,1:15,,,0,,,,0,,,,0,,,,0,,1,10,15,17,1,,,,
asymmetric,4,169,1,a,2,16,704,16,27071,27071,27072,,,,27115,27082,27097,16,1:15,27098,27113,16,1:15,27099,27114,16,1:15,,,0,,,,0,,,,0,,,,0,,1,10,15,17,1,,,,
asymmetric,4,170,1,a,3,0,832,16,27118,27118,27119,,,,27162,27129,27144,16,1:15,27145,27160,16,1:15,27146,27161,16,1:15,,,0,,,,0,,,,0,,,,0,,1,10,15,17,1,,,,
asymmetric,4,171,1,a,3,16,960,16,27165,27165,27166,,,,27209,27176,27191,16,1:15,27192,27207,16,1:15,27193,27208,16,1:15,,,0,,,,0,,,,0,,,,0,,1,10,15,17,1,,,,
asymmetric,4,172,1,a,4,0,1088,16,27212,27212,27213,,,,27256,27223,27238,16,1:15,27239,27254,16,1:15,27240,27255,16,1:15,,,0,,,,0,,,,0,,,,0,,1,10,15,17,1,,,,
asymmetric,4,173,1,a,4,16,1216,16,27259,27259,27260,,,,27303,27270,27285,16,1:15,27286,27301,16,1:15,27287,27302,16,1:15,,,0,,,,0,,,,0,,,,0,,1,10,15,17,1,,,,
asymmetric,4,174,1,a,5,0,1344,16,27306,27306,27307,,,,27350,27317,27332,16,1:15,27333,27348,16,1:15,27334,27349,16,1:15,,,0,,,,0,,,,0,,,,0,,1,10,15,17,1,,,,
asymmetric,4,175,1,a,5,16,1472,16,27353,27353,27354,,,,27397,27364,27379,16,1:15,27380,27395,16,1:15,27381,27396,16,1:15,,,0,,,,0,,,,0,,,,0,,1,10,15,17,1,,,,
asymmetric,4,176,1,a,6,0,1600,16,27400,27400,27401,,,,27444,27411,27426,16,1:15,27427,27442,16,1:15,27428,27443,16,1:15,,,0,,,,0,,,,0,,,,0,,1,10,15,17,1,,,,
asymmetric,4,177,1,a,6,16,1728,16,27447,27447,27448,,,,27491,27458,27473,16,1:15,27474,27489,16,1:15,27475,27490,16,1:15,,,0,,,,0,,,,0,,,,0,,1,10,15,17,1,,,,
asymmetric,4,178,1,a,7,0,1856,16,27494,27494,27495,,,,27538,27505,27520,16,1:15,27521,27536,16,1:15,27522,27537,16,1:15,,,0,,,,0,,,,0,,,,0,,1,10,15,17,1,,,,
asymmetric,4,179,1,a,7,16,1984,16,27541,27541,27542,,,,27585,27552,27567,16,1:15,27568,27583,16,1:15,27569,27584,16,1:15,,,0,,,,0,,,,0,,,,0,,1,10,15,17,1,,,,
asymmetric,4,180,1,a,8,0,2112,16,27588,27588,27589,,,,27632,27599,27614,16,1:15,27615,27630,16,1:15,27616,27631,16,1:15,,,0,,,,0,,,,0,,,,0,,1,10,15,17,1,,,,
asymmetric,4,181,1,a,8,16,2240,16,27635,27635,27636,,,,27679,27646,27661,16,1:15,27662,27677,16,1:15,27663,27678,16,1:15,,,0,,,,0,,,,0,,,,0,,1,10,15,17,1,,,,
asymmetric,4,182,1,a,9,0,2368,16,27682,27682,27683,,,,27726,27693,27708,16,1:15,27709,27724,16,1:15,27710,27725,16,1:15,,,0,,,,0,,,,0,,,,0,,1,10,15,17,1,,,,
asymmetric,4,183,1,a,9,16,2496,16,27729,27729,27730,,,,27773,27740,27755,16,1:15,27756,27771,16,1:15,27757,27772,16,1:15,,,0,,,,0,,,,0,,,,0,,1,10,15,17,1,,,,
asymmetric,4,184,1,a,10,0,2624,16,27776,27776,27777,,,,27820,27787,27802,16,1:15,27803,27818,16,1:15,27804,27819,16,1:15,,,0,,,,0,,,,0,,,,0,,1,10,15,17,1,,,,
asymmetric,4,185,1,a,10,16,2752,16,27823,27823,27824,,,,27867,27834,27849,16,1:15,27850,27865,16,1:15,27851,27866,16,1:15,,,0,,,,0,,,,0,,,,0,,1,10,15,17,1,,,,
asymmetric,4,186,1,a,11,0,2880,16,27870,27870,27871,,,,27914,27881,27896,16,1:15,27897,27912,16,1:15,27898,27913,16,1:15,,,0,,,,0,,,,0,,,,0,,1,10,15,17,1,,,,
asymmetric,4,187,1,a,11,16,3008,16,27917,27917,27918,,,,27961,27928,27943,16,1:15,27944,27959,16,1:15,27945,27960,16,1:15,,,0,,,,0,,,,0,,,,0,,1,10,15,17,1,,,,
asymmetric,4,188,1,a,12,0,3136,16,27964,27964,27965,,,,28008,27975,27990,16,1:15,27991,28006,16,1:15,27992,28007,16,1:15,,,0,,,,0,,,,0,,,,0,,1,10,15,17,1,,,,
asymmetric,4,189,1,a,12,16,3264,16,28011,28011,28012,,,,28055,28022,28037,16,1:15,28038,28053,16,1:15,28039,28054,16,1:15,,,0,,,,0,,,,0,,,,0,,1,10,15,17,1,,,,
asymmetric,4,190,1,a,13,0,3392,16,28058,28058,28059,,,,28102,28069,28084,16,1:15,28085,28100,16,1:15,28086,28101,16,1:15,,,0,,,,0,,,,0,,,,0,,1,10,15,17,1,,,,
asymmetric,4,191,1,a,13,16,3520,16,28105,28105,28106,,,,28149,28116,28131,16,1:15,28132,28147,16,1:15,28133,28148,16,1:15,,,0,,,,0,,,,0,,,,0,,1,10,15,17,1,,,,
asymmetric,4,192,1,a,14,0,3648,16,28152,28152,28153,,,,28196,28163,28178,16,1:15,28179,28194,16,1:15,28180,28195,16,1:15,,,0,,,,0,,,,0,,,,0,,1,10,15,17,1,,,,
asymmetric,4,193,1,a,14,16,3776,16,28199,28199,28200,,,,28243,28210,28225,16,1:15,28226,28241,16,1:15,28227,28242,16,1:15,,,0,,,,0,,,,0,,,,0,,1,10,15,17,1,,,,
asymmetric,4,194,1,a,15,0,3904,16,28246,28246,28247,,,,28290,28257,28272,16,1:15,28273,28288,16,1:15,28274,28289,16,1:15,,,0,,,,0,,,,0,,,,0,,1,10,15,17,1,,,,
asymmetric,4,195,1,a,15,16,4032,8,28293,28293,28294,,,,28321,28304,28311,8,1:7,28312,28319,8,1:7,28313,28320,8,1:7,,,0,,,,0,,,,0,,,,0,,1,10,7,9,1,,,,
asymmetric,4,196,1,a,15,24,4096,8,28324,28324,28325,,,,28352,28335,28342,8,1:7,28343,28350,8,1:7,28344,28351,8,1:7,,,0,,,,0,,,,0,,,,0,,1,10,7,9,1,,,,
asymmetric,4,197,1,a,16,0,4160,16,28355,28355,28356,,,,28399,28366,28381,16,1:15,28382,28397,16,1:15,28383,28398,16,1:15,,,0,,,,0,,,,0,,,,0,,1,10,15,17,1,,,,
asymmetric,4,198,1,a,16,16,4288,16,28402,28402,28403,,,,28446,28413,28428,16,1:15,28429,28444,16,1:15,28430,28445,16,1:15,,,0,,,,0,,,,0,,,,0,,1,10,15,17,1,,,,
asymmetric,4,199,1,a,17,0,4416,16,28449,28449,28450,,,,28493,28460,28475,16,1:15,28476,28491,16,1:15,28477,28492,16,1:15,,,0,,,,0,,,,0,,,,0,,1,10,15,17,1,,,,
asymmetric,4,200,1,a,17,16,4544,16,28496,28496,28497,,,,28540,28507,28522,16,1:15,28523,28538,16,1:15,28524,28539,16,1:15,,,0,,,,0,,,,0,,,,0,,1,10,15,17,1,,,,
asymmetric,4,201,1,a,18,0,4672,16,28543,28543,28544,,,,28587,28554,28569,16,1:15,28570,28585,16,1:15,28571,28586,16,1:15,,,0,,,,0,,,,0,,,,0,,1,10,15,17,1,,,,
asymmetric,4,202,1,a,18,16,4800,16,28590,28590,28591,,,,28634,28601,28616,16,1:15,28617,28632,16,1:15,28618,28633,16,1:15,,,0,,,,0,,,,0,,,,0,,1,10,15,17,1,,,,
asymmetric,4,203,1,a,19,0,4928,16,28637,28637,28638,,,,28681,28648,28663,16,1:15,28664,28679,16,1:15,28665,28680,16,1:15,,,0,,,,0,,,,0,,,,0,,1,10,15,17,1,,,,
asymmetric,4,204,1,a,19,16,5056,16,28684,28684,28685,,,,28728,28695,28710,16,1:15,28711,28726,16,1:15,28712,28727,16,1:15,,,0,,,,0,,,,0,,,,0,,1,10,15,17,1,,,,
asymmetric,4,205,1,a,20,0,5184,16,28731,28731,28732,,,,28775,28742,28757,16,1:15,28758,28773,16,1:15,28759,28774,16,1:15,,,0,,,,0,,,,0,,,,0,,1,10,15,17,1,,,,
asymmetric,4,206,1,a,20,16,5312,16,28778,28778,28779,,,,28822,28789,28804,16,1:15,28805,28820,16,1:15,28806,28821,16,1:15,,,0,,,,0,,,,0,,,,0,,1,10,15,17,1,,,,
asymmetric,4,207,1,a,21,0,5440,16,28825,28825,28826,,,,28869,28836,28851,16,1:15,28852,28867,16,1:15,28853,28868,16,1:15,,,0,,,,0,,,,0,,,,0,,1,10,15,17,1,,,,
asymmetric,4,208,1,a,21,16,5568,16,28872,28872,28873,,,,28916,28883,28898,16,1:15,28899,28914,16,1:15,28900,28915,16,1:15,,,0,,,,0,,,,0,,,,0,,1,10,15,17,1,,,,
asymmetric,4,209,1,a,22,0,5696,16,28919,28919,28920,,,,28963,28930,28945,16,1:15,28946,28961,16,1:15,28947,28962,16,1:15,,,0,,,,0,,,,0,,,,0,,1,10,15,17,1,,,,
asymmetric,4,210,1,a,22,16,5824,16,28966,28966,28967,,,,29010,28977,28992,16,1:15,28993,29008,16,1:15,28994,29009,16,1:15,,,0,,,,0,,,,0,,,,0,,1,10,15,17,1,,,,
asymmetric,4,211,1,a,23,0,5952,16,29013,29013,29014,,,,29057,29024,29039,16,1:15,29040,29055,16,1:15,29041,29056,16,1:15,,,0,,,,0,,,,0,,,,0,,1,10,15,17,1,,,,
asymmetric,4,212,1,a,23,16,6080,16,29060,29060,29061,,,,29104,29071,29086,16,1:15,29087,29102,16,1:15,29088,29103,16,1:15,,,0,,,,0,,,,0,,,,0,,1,10,15,17,1,,,,
asymmetric,4,213,1,a,24,0,6208,16,29107,29107,29108,,,,29151,29118,29133,16,1:15,29134,29149,16,1:15,29135,29150,16,1:15,,,0,,,,0,,,,0,,,,0,,1,10,15,17,1,,,,
asymmetric,4,214,1,a,24,16,6336,16,29154,29154,29155,,,,29198,29165,29180,16,1:15,29181,29196,16,1:15,29182,29197,16,1:15,,,0,,,,0,,,,0,,,,0,,1,10,15,17,1,,,,
asymmetric,4,215,1,a,25,0,6464,16,29201,29201,29202,,,,29245,29212,29227,16,1:15,29228,29243,16,1:15,29229,29244,16,1:15,,,0,,,,0,,,,0,,,,0,,1,10,15,17,1,,,,
asymmetric,4,216,1,a,25,16,6592,16,29248,29248,29249,,,,29292,29259,29274,16,1:15,29275,29290,16,1:15,29276,29291,16,1:15,,,0,,,,0,,,,0,,,,0,,1,10,15,17,1,,,,
asymmetric,4,217,1,a,26,0,6720,16,29295,29295,29296,,,,29339,29306,29321,16,1:15,29322,29337,16,1:15,29323,29338,16,1:15,,,0,,,,0,,,,0,,,,0,,1,10,15,17,1,,,,
asymmetric,4,218,1,a,26,16,6848,16,29342,29342,29343,,,,29386,29353,29368,16,1:15,29369,29384,16,1:15,29370,29385,16,1:15,,,0,,,,0,,,,0,,,,0,,1,10,15,17,1,,,,
asymmetric,4,219,1,a,27,0,6976,16,29389,29389,29390,,,,29433,29400,29415,16,1:15,29416,29431,16,1:15,29417,29432,16,1:15,,,0,,,,0,,,,0,,,,0,,1,10,15,17,1,,,,
asymmetric,4,220,1,a,27,16,7104,16,29436,29436,29437,,,,29480,29447,29462,16,1:15,29463,29478,16,1:15,29464,29479,16,1:15,,,0,,,,0,,,,0,,,,0,,1,10,15,17,1,,,,
asymmetric,4,221,1,a,28,0,7232,16,29483,29483,29484,,,,29527,29494,29509,16,1:15,29510,29525,16,1:15,29511,29526,16,1:15,,,0,,,,0,,,,0,,,,0,,1,10,15,17,1,,,,
asymmetric,4,222,1,a,28,16,7360,16,29530,29530,29531,,,,29574,29541,29556,16,1:15,29557,29572,16,1:15,29558,29573,16,1:15,,,0,,,,0,,,,0,,,,0,,1,10,15,17,1,,,,
asymmetric,4,223,1,a,29,0,7488,16,29577,29577,29578,,,,29621,29588,29603,16,1:15,29604,29619,16,1:15,29605,29620,16,1:15,,,0,,,,0,,,,0,,,,0,,1,10,15,17,1,,,,
asymmetric,4,224,1,a,29,16,7616,16,29624,29624,29625,,,,29668,29635,29650,16,1:15,29651,29666,16,1:15,29652,29667,16,1:15,,,0,,,,0,,,,0,,,,0,,1,10,15,17,1,,,,
asymmetric,4,225,1,a,30,0,7744,16,29671,29671,29672,,,,29715,29682,29697,16,1:15,29698,29713,16,1:15,29699,29714,16,1:15,,,0,,,,0,,,,0,,,,0,,1,10,15,17,1,,,,
asymmetric,4,226,1,a,30,16,7872,16,29718,29718,29719,,,,29762,29729,29744,16,1:15,29745,29760,16,1:15,29746,29761,16,1:15,,,0,,,,0,,,,0,,,,0,,1,10,15,17,1,,,,
asymmetric,4,227,1,a,31,0,8000,16,29765,29765,29766,,,,29809,29776,29791,16,1:15,29792,29807,16,1:15,29793,29808,16,1:15,,,0,,,,0,,,,0,,,,0,,1,10,15,17,1,,,,
asymmetric,4,228,1,a,31,16,8128,8,29812,29812,29813,,,,29840,29823,29830,8,1:7,29831,29838,8,1:7,29832,29839,8,1:7,,,0,,,,0,,,,0,,,,0,,1,10,7,9,1,,,,
asymmetric,4,229,1,a,31,24,8192,8,29843,29843,29844,,,,29871,29854,29861,8,1:7,29862,29869,8,1:7,29863,29870,8,1:7,,,0,,,,0,,,,0,,,,0,,1,10,7,9,1,,,,
asymmetric,4,230,1,bt,0,0,25024,16,29879,29879,29880,,,,29923,29890,29905,16,1:15,29906,29921,16,1:15,29907,29922,16,1:15,,,0,,,,0,,,,0,,,,0,,1,10,15,17,1,,,,
asymmetric,4,231,1,bt,0,16,25152,16,29926,29926,29927,,,,29970,29937,29952,16,1:15,29953,29968,16,1:15,29954,29969,16,1:15,,,0,,,,0,,,,0,,,,0,,1,10,15,17,1,,,,
asymmetric,4,232,1,bt,1,0,25280,16,29973,29973,29974,,,,30017,29984,29999,16,1:15,30000,30015,16,1:15,30001,30016,16,1:15,,,0,,,,0,,,,0,,,,0,,1,10,15,17,1,,,,
asymmetric,4,233,1,bt,1,16,25408,16,30020,30020,30021,,,,30064,30031,30046,16,1:15,30047,30062,16,1:15,30048,30063,16,1:15,,,0,,,,0,,,,0,,,,0,,1,10,15,17,1,,,,
asymmetric,4,234,1,bt,2,0,25536,16,30067,30067,30068,,,,30111,30078,30093,16,1:15,30094,30109,16,1:15,30095,30110,16,1:15,,,0,,,,0,,,,0,,,,0,,1,10,15,17,1,,,,
asymmetric,4,235,1,bt,2,16,25664,16,30114,30114,30115,,,,30158,30125,30140,16,1:15,30141,30156,16,1:15,30142,30157,16,1:15,,,0,,,,0,,,,0,,,,0,,1,10,15,17,1,,,,
asymmetric,4,236,1,bt,3,0,25792,16,30161,30161,30162,,,,30205,30172,30187,16,1:15,30188,30203,16,1:15,30189,30204,16,1:15,,,0,,,,0,,,,0,,,,0,,1,10,15,17,1,,,,
asymmetric,4,237,1,bt,3,16,25920,16,30208,30208,30209,,,,30252,30219,30234,16,1:15,30235,30250,16,1:15,30236,30251,16,1:15,,,0,,,,0,,,,0,,,,0,,1,10,15,17,1,,,,
asymmetric,4,238,1,bt,4,0,26048,16,30255,30255,30256,,,,30299,30266,30281,16,1:15,30282,30297,16,1:15,30283,30298,16,1:15,,,0,,,,0,,,,0,,,,0,,1,10,15,17,1,,,,
asymmetric,4,239,1,bt,4,16,26176,16,30302,30302,30303,,,,30346,30313,30328,16,1:15,30329,30344,16,1:15,30330,30345,16,1:15,,,0,,,,0,,,,0,,,,0,,1,10,15,17,1,,,,
asymmetric,4,240,1,bt,5,0,26304,16,30349,30349,30350,,,,30393,30360,30375,16,1:15,30376,30391,16,1:15,30377,30392,16,1:15,,,0,,,,0,,,,0,,,,0,,1,10,15,17,1,,,,
asymmetric,4,241,1,bt,5,16,26432,16,30396,30396,30397,,,,30440,30407,30422,16,1:15,30423,30438,16,1:15,30424,30439,16,1:15,,,0,,,,0,,,,0,,,,0,,1,10,15,17,1,,,,
asymmetric,4,242,1,bt,6,0,26560,16,30443,30443,30444,,,,30487,30454,30469,16,1:15,30470,30485,16,1:15,30471,30486,16,1:15,,,0,,,,0,,,,0,,,,0,,1,10,15,17,1,,,,
asymmetric,4,243,1,bt,6,16,26688,16,30490,30490,30491,,,,30534,30501,30516,16,1:15,30517,30532,16,1:15,30518,30533,16,1:15,,,0,,,,0,,,,0,,,,0,,1,10,15,17,1,,,,
asymmetric,4,244,1,bt,7,0,26816,16,30537,30537,30538,,,,30581,30548,30563,16,1:15,30564,30579,16,1:15,30565,30580,16,1:15,,,0,,,,0,,,,0,,,,0,,1,10,15,17,1,,,,
asymmetric,4,245,1,bt,7,16,26944,16,30584,30584,30585,,,,30628,30595,30610,16,1:15,30611,30626,16,1:15,30612,30627,16,1:15,,,0,,,,0,,,,0,,,,0,,1,10,15,17,1,,,,
asymmetric,4,246,1,bt,8,0,27072,16,30631,30631,30632,,,,30675,30642,30657,16,1:15,30658,30673,16,1:15,30659,30674,16,1:15,,,0,,,,0,,,,0,,,,0,,1,10,15,17,1,,,,
asymmetric,4,247,1,bt,8,16,27200,16,30678,30678,30679,,,,30722,30689,30704,16,1:15,30705,30720,16,1:15,30706,30721,16,1:15,,,0,,,,0,,,,0,,,,0,,1,10,15,17,1,,,,
asymmetric,4,248,1,bt,9,0,27328,16,30725,30725,30726,,,,30769,30736,30751,16,1:15,30752,30767,16,1:15,30753,30768,16,1:15,,,0,,,,0,,,,0,,,,0,,1,10,15,17,1,,,,
asymmetric,4,249,1,bt,9,16,27456,16,30772,30772,30773,,,,30816,30783,30798,16,1:15,30799,30814,16,1:15,30800,30815,16,1:15,,,0,,,,0,,,,0,,,,0,,1,10,15,17,1,,,,
asymmetric,4,250,1,bt,10,0,27584,16,30819,30819,30820,,,,30863,30830,30845,16,1:15,30846,30861,16,1:15,30847,30862,16,1:15,,,0,,,,0,,,,0,,,,0,,1,10,15,17,1,,,,
asymmetric,4,251,1,bt,10,16,27712,16,30866,30866,30867,,,,30910,30877,30892,16,1:15,30893,30908,16,1:15,30894,30909,16,1:15,,,0,,,,0,,,,0,,,,0,,1,10,15,17,1,,,,
asymmetric,4,252,1,bt,11,0,27840,16,30913,30913,30914,,,,30957,30924,30939,16,1:15,30940,30955,16,1:15,30941,30956,16,1:15,,,0,,,,0,,,,0,,,,0,,1,10,15,17,1,,,,
asymmetric,4,253,1,bt,11,16,27968,16,30960,30960,30961,,,,31004,30971,30986,16,1:15,30987,31002,16,1:15,30988,31003,16,1:15,,,0,,,,0,,,,0,,,,0,,1,10,15,17,1,,,,
asymmetric,4,254,1,bt,12,0,28096,16,31007,31007,31008,,,,31051,31018,31033,16,1:15,31034,31049,16,1:15,31035,31050,16,1:15,,,0,,,,0,,,,0,,,,0,,1,10,15,17,1,,,,
asymmetric,4,255,1,bt,12,16,28224,16,31054,31054,31055,,,,31098,31065,31080,16,1:15,31081,31096,16,1:15,31082,31097,16,1:15,,,0,,,,0,,,,0,,,,0,,1,10,15,17,1,,,,
asymmetric,4,256,1,bt,13,0,28352,16,31101,31101,31102,,,,31145,31112,31127,16,1:15,31128,31143,16,1:15,31129,31144,16,1:15,,,0,,,,0,,,,0,,,,0,,1,10,15,17,1,,,,
asymmetric,4,257,1,bt,13,16,28480,16,31148,31148,31149,,,,31192,31159,31174,16,1:15,31175,31190,16,1:15,31176,31191,16,1:15,,,0,,,,0,,,,0,,,,0,,1,10,15,17,1,,,,
asymmetric,4,258,1,bt,14,0,28608,8,31195,31195,31196,,,,31223,31206,31213,8,1:7,31214,31221,8,1:7,31215,31222,8,1:7,,,0,,,,0,,,,0,,,,0,,1,10,7,9,1,,,,
asymmetric,4,259,1,bt,14,8,28672,16,31226,31226,31227,,,,31270,31237,31252,16,1:15,31253,31268,16,1:15,31254,31269,16,1:15,,,0,,,,0,,,,0,,,,0,,1,10,15,17,1,,,,
asymmetric,4,260,1,bt,14,24,28800,8,31273,31273,31274,,,,31301,31284,31291,8,1:7,31292,31299,8,1:7,31293,31300,8,1:7,,,0,,,,0,,,,0,,,,0,,1,10,7,9,1,,,,
asymmetric,4,261,1,bt,15,0,28864,16,31304,31304,31305,,,,31348,31315,31330,16,1:15,31331,31346,16,1:15,31332,31347,16,1:15,,,0,,,,0,,,,0,,,,0,,1,10,15,17,1,,,,
asymmetric,4,262,1,bt,15,16,28992,16,31351,31351,31352,,,,31395,31362,31377,16,1:15,31378,31393,16,1:15,31379,31394,16,1:15,,,0,,,,0,,,,0,,,,0,,1,10,15,17,1,,,,
asymmetric,4,263,1,bt,16,0,29120,16,31398,31398,31399,,,,31442,31409,31424,16,1:15,31425,31440,16,1:15,31426,31441,16,1:15,,,0,,,,0,,,,0,,,,0,,1,10,15,17,1,,,,
asymmetric,4,264,1,bt,16,16,29248,16,31445,31445,31446,,,,31489,31456,31471,16,1:15,31472,31487,16,1:15,31473,31488,16,1:15,,,0,,,,0,,,,0,,,,0,,1,10,15,17,1,,,,
asymmetric,4,265,1,bt,17,0,29376,16,31492,31492,31493,,,,31536,31503,31518,16,1:15,31519,31534,16,1:15,31520,31535,16,1:15,,,0,,,,0,,,,0,,,,0,,1,10,15,17,1,,,,
asymmetric,4,266,1,bt,17,16,29504,16,31539,31539,31540,,,,31583,31550,31565,16,1:15,31566,31581,16,1:15,31567,31582,16,1:15,,,0,,,,0,,,,0,,,,0,,1,10,15,17,1,,,,
asymmetric,4,267,1,bt,18,0,29632,16,31586,31586,31587,,,,31630,31597,31612,16,1:15,31613,31628,16,1:15,31614,31629,16,1:15,,,0,,,,0,,,,0,,,,0,,1,10,15,17,1,,,,
asymmetric,4,268,1,bt,18,16,29760,16,31633,31633,31634,,,,31677,31644,31659,16,1:15,31660,31675,16,1:15,31661,31676,16,1:15,,,0,,,,0,,,,0,,,,0,,1,10,15,17,1,,,,
asymmetric,4,269,1,bt,19,0,29888,16,31680,31680,31681,,,,31724,31691,31706,16,1:15,31707,31722,16,1:15,31708,31723,16,1:15,,,0,,,,0,,,,0,,,,0,,1,10,15,17,1,,,,
asymmetric,4,270,1,bt,19,16,30016,16,31727,31727,31728,,,,31771,31738,31753,16,1:15,31754,31769,16,1:15,31755,31770,16,1:15,,,0,,,,0,,,,0,,,,0,,1,10,15,17,1,,,,
asymmetric,4,271,1,bt,20,0,30144,16,31774,31774,31775,,,,31818,31785,31800,16,1:15,31801,31816,16,1:15,31802,31817,16,1:15,,,0,,,,0,,,,0,,,,0,,1,10,15,17,1,,,,
asymmetric,4,272,1,bt,20,16,30272,16,31821,31821,31822,,,,31865,31832,31847,16,1:15,31848,31863,16,1:15,31849,31864,16,1:15,,,0,,,,0,,,,0,,,,0,,1,10,15,17,1,,,,
asymmetric,4,273,1,bt,21,0,30400,16,31868,31868,31869,,,,31912,31879,31894,16,1:15,31895,31910,16,1:15,31896,31911,16,1:15,,,0,,,,0,,,,0,,,,0,,1,10,15,17,1,,,,
asymmetric,4,274,1,bt,21,16,30528,16,31915,31915,31916,,,,31959,31926,31941,16,1:15,31942,31957,16,1:15,31943,31958,16,1:15,,,0,,,,0,,,,0,,,,0,,1,10,15,17,1,,,,
asymmetric,4,275,1,bt,22,0,30656,16,31962,31962,31963,,,,32006,31973,31988,16,1:15,31989,32004,16,1:15,31990,32005,16,1:15,,,0,,,,0,,,,0,,,,0,,1,10,15,17,1,,,,
asymmetric,4,276,1,bt,22,16,30784,16,32009,32009,32010,,,,32053,32020,32035,16,1:15,32036,32051,16,1:15,32037,32052,16,1:15,,,0,,,,0,,,,0,,,,0,,1,10,15,17,1,,,,
asymmetric,4,277,1,bt,23,0,30912,16,32056,32056,32057,,,,32100,32067,32082,16,1:15,32083,32098,16,1:15,32084,32099,16,1:15,,,0,,,,0,,,,0,,,,0,,1,10,15,17,1,,,,
asymmetric,4,278,1,bt,23,16,31040,16,32103,32103,32104,,,,32147,32114,32129,16,1:15,32130,32145,16,1:15,32131,32146,16,1:15,,,0,,,,0,,,,0,,,,0,,1,10,15,17,1,,,,
asymmetric,4,279,1,bt,24,0,31168,16,32150,32150,32151,,,,32194,32161,32176,16,1:15,32177,32192,16,1:15,32178,32193,16,1:15,,,0,,,,0,,,,0,,,,0,,1,10,15,17,1,,,,
asymmetric,4,280,1,bt,24,16,31296,16,32197,32197,32198,,,,32241,32208,32223,16,1:15,32224,32239,16,1:15,32225,32240,16,1:15,,,0,,,,0,,,,0,,,,0,,1,10,15,17,1,,,,
asymmetric,4,281,1,bt,25,0,31424,16,32244,32244,32245,,,,32288,32255,32270,16,1:15,32271,32286,16,1:15,32272,32287,16,1:15,,,0,,,,0,,,,0,,,,0,,1,10,15,17,1,,,,
asymmetric,4,282,1,bt,25,16,31552,16,32291,32291,32292,,,,32335,32302,32317,16,1:15,32318,32333,16,1:15,32319,32334,16,1:15,,,0,,,,0,,,,0,,,,0,,1,10,15,17,1,,,,
asymmetric,4,283,1,bt,26,0,31680,16,32338,32338,32339,,,,32382,32349,32364,16,1:15,32365,32380,16,1:15,32366,32381,16,1:15,,,0,,,,0,,,,0,,,,0,,1,10,15,17,1,,,,
asymmetric,4,284,1,bt,26,16,31808,16,32385,32385,32386,,,,32429,32396,32411,16,1:15,32412,32427,16,1:15,32413,32428,16,1:15,,,0,,,,0,,,,0,,,,0,,1,10,15,17,1,,,,
asymmetric,4,285,1,bt,27,0,31936,16,32432,32432,32433,,,,32476,32443,32458,16,1:15,32459,32474,16,1:15,32460,32475,16,1:15,,,0,,,,0,,,,0,,,,0,,1,10,15,17,1,,,,
asymmetric,4,286,1,bt,27,16,32064,16,32479,32479,32480,,,,32523,32490,32505,16,1:15,32506,32521,16,1:15,32507,32522,16,1:15,,,0,,,,0,,,,0,,,,0,,1,10,15,17,1,,,,
asymmetric,4,287,1,bt,28,0,32192,16,32526,32526,32527,,,,32570,32537,32552,16,1:15,32553,32568,16,1:15,32554,32569,16,1:15,,,0,,,,0,,,,0,,,,0,,1,10,15,17,1,,,,
asymmetric,4,288,1,bt,28,16,32320,16,32573,32573,32574,,,,32617,32584,32599,16,1:15,32600,32615,16,1:15,32601,32616,16,1:15,,,0,,,,0,,,,0,,,,0,,1,10,15,17,1,,,,
asymmetric,4,289,1,bt,29,0,32448,16,32620,32620,32621,,,,32664,32631,32646,16,1:15,32647,32662,16,1:15,32648,32663,16,1:15,,,0,,,,0,,,,0,,,,0,,1,10,15,17,1,,,,
asymmetric,4,290,1,bt,29,16,32576,16,32667,32667,32668,,,,32711,32678,32693,16,1:15,32694,32709,16,1:15,32695,32710,16,1:15,,,0,,,,0,,,,0,,,,0,,1,10,15,17,1,,,,
asymmetric,4,291,1,bt,30,0,32704,8,32714,32714,32715,,,,32742,32725,32732,8,1:7,32733,32740,8,1:7,32734,32741,8,1:7,,,0,,,,0,,,,0,,,,0,,1,10,7,9,1,,,,
asymmetric,4,292,1,bt,30,8,32768,16,32745,32745,32746,,,,32789,32756,32771,16,1:15,32772,32787,16,1:15,32773,32788,16,1:15,,,0,,,,0,,,,0,,,,0,,1,10,15,17,1,,,,
asymmetric,4,293,1,bt,30,24,32896,8,32792,32792,32793,,,,32820,32803,32810,8,1:7,32811,32818,8,1:7,32812,32819,8,1:7,,,0,,,,0,,,,0,,,,0,,1,10,7,9,1,,,,
asymmetric,4,294,1,c,0,0,33216,16,50110,50110,,50191,50190,50214,50215,,,0,,,,0,,,,0,,50112,50187,16,5:15,50114,50189,16,5:15,50115,50190,16,5:15,50191,50206,16,1:15,,,,,,80,16,8,1
asymmetric,4,295,1,c,1,0,33472,16,50218,50218,,50299,50298,50322,50323,,,0,,,,0,,,,0,,50220,50295,16,5:15,50222,50297,16,5:15,50223,50298,16,5:15,50299,50314,16,1:15,,,,,,80,16,8,1
asymmetric,4,296,1,c,2,0,33728,16,50326,50326,,50407,50406,50430,50431,,,0,,,,0,,,,0,,50328,50403,16,5:15,50330,50405,16,5:15,50331,50406,16,5:15,50407,50422,16,1:15,,,,,,80,16,8,1
asymmetric,4,297,1,c,3,0,33984,16,50434,50434,,50515,50514,50538,50539,,,0,,,,0,,,,0,,50436,50511,16,5:15,50438,50513,16,5:15,50439,50514,16,5:15,50515,50530,16,1:15,,,,,,80,16,8,1
asymmetric,4,298,1,c,4,0,34240,16,50542,50542,,50623,50622,50646,50647,,,0,,,,0,,,,0,,50544,50619,16,5:15,50546,50621,16,5:15,50547,50622,16,5:15,50623,50638,16,1:15,,,,,,80,16,8,1
asymmetric,4,299,1,c,5,0,34496,16,50650,50650,,50731,50730,50754,50755,,,0,,,,0,,,,0,,50652,50727,16,5:15,50654,50729,16,5:15,50655,50730,16,5:15,50731,50746,16,1:15,,,,,,80,16,8,1
asymmetric,4,300,1,c,6,0,34752,16,50758,50758,,50839,50838,50862,50863,,,0,,,,0,,,,0,,50760,50835,16,5:15,50762,50837,16,5:15,50763,50838,16,5:15,50839,50854,16,1:15,,,,,,80,16,8,1
asymmetric,4,301,1,c,7,0,35008,16,50866,50866,,50947,50946,50970,50971,,,0,,,,0,,,,0,,50868,50943,16,5:15,50870,50945,16,5:15,50871,50946,16,5:15,50947,50962,16,1:15,,,,,,80,16,8,1
asymmetric,4,302,1,c,8,0,35264,16,50974,50974,,51055,51054,51078,51079,,,0,,,,0,,,,0,,50976,51051,16,5:15,50978,51053,16,5:15,50979,51054,16,5:15,51055,51070,16,1:15,,,,,,80,16,8,1
asymmetric,4,303,1,c,9,0,35520,16,51082,51082,,51163,51162,51186,51187,,,0,,,,0,,,,0,,51084,51159,16,5:15,51086,51161,16,5:15,51087,51162,16,5:15,51163,51178,16,1:15,,,,,,80,16,8,1
asymmetric,4,304,1,c,10,0,35776,16,51190,51190,,51271,51270,51294,51295,,,0,,,,0,,,,0,,51192,51267,16,5:15,51194,51269,16,5:15,51195,51270,16,5:15,51271,51286,16,1:15,,,,,,80,16,8,1
asymmetric,4,305,1,c,11,0,36032,16,51298,51298,,51379,51378,51402,51403,,,0,,,,0,,,,0,,51300,51375,16,5:15,51302,51377,16,5:15,51303,51378,16,5:15,51379,51394,16,1:15,,,,,,80,16,8,1
asymmetric,4,306,1,c,12,0,36288,16,51406,51406,,51487,51486,51510,51511,,,0,,,,0,,,,0,,51408,51483,16,5:15,51410,51485,16,5:15,51411,51486,16,5:15,51487,51502,16,1:15,,,,,,80,16,8,1
asymmetric,4,307,1,c,13,0,36544,16,51514,51514,,51595,51594,51618,51619,,,0,,,,0,,,,0,,51516,51591,16,5:15,51518,51593,16,5:15,51519,51594,16,5:15,51595,51610,16,1:15,,,,,,80,16,8,1
asymmetric,4,308,1,c,14,0,36800,8,51622,51622,,51663,51662,51678,51679,,,0,,,,0,,,,0,,51624,51659,8,5:7,51626,51661,8,5:7,51627,51662,8,5:7,51663,51670,8,1:7,,,,,,40,8,8,1
asymmetric,4,309,1,c,14,8,36864,8,51682,51682,,51723,51722,51738,51739,,,0,,,,0,,,,0,,51684,51719,8,5:7,51686,51721,8,5:7,51687,51722,8,5:7,51723,51730,8,1:7,,,,,,40,8,8,1
asymmetric,4,310,1,c,15,0,37056,16,51742,51742,,51823,51822,51846,51847,,,0,,,,0,,,,0,,51744,51819,16,5:15,51746,51821,16,5:15,51747,51822,16,5:15,51823,51838,16,1:15,,,,,,80,16,8,1
asymmetric,4,311,1,c,16,0,37312,16,51850,51850,,51931,51930,51954,51955,,,0,,,,0,,,,0,,51852,51927,16,5:15,51854,51929,16,5:15,51855,51930,16,5:15,51931,51946,16,1:15,,,,,,80,16,8,1
asymmetric,4,312,1,c,17,0,37568,16,51958,51958,,52039,52038,52062,52063,,,0,,,,0,,,,0,,51960,52035,16,5:15,51962,52037,16,5:15,51963,52038,16,5:15,52039,52054,16,1:15,,,,,,80,16,8,1
asymmetric,4,313,1,c,18,0,37824,16,52066,52066,,52147,52146,52170,52171,,,0,,,,0,,,,0,,52068,52143,16,5:15,52070,52145,16,5:15,52071,52146,16,5:15,52147,52162,16,1:15,,,,,,80,16,8,1
asymmetric,4,314,1,c,19,0,38080,16,52174,52174,,52255,52254,52278,52279,,,0,,,,0,,,,0,,52176,52251,16,5:15,52178,52253,16,5:15,52179,52254,16,5:15,52255,52270,16,1:15,,,,,,80,16,8,1
asymmetric,4,315,1,c,20,0,38336,16,52282,52282,,52363,52362,52386,52387,,,0,,,,0,,,,0,,52284,52359,16,5:15,52286,52361,16,5:15,52287,52362,16,5:15,52363,52378,16,1:15,,,,,,80,16,8,1
asymmetric,4,316,1,c,21,0,38592,16,52390,52390,,52471,52470,52494,52495,,,0,,,,0,,,,0,,52392,52467,16,5:15,52394,52469,16,5:15,52395,52470,16,5:15,52471,52486,16,1:15,,,,,,80,16,8,1
asymmetric,4,317,1,c,22,0,38848,16,52498,52498,,52579,52578,52602,52603,,,0,,,,0,,,,0,,52500,52575,16,5:15,52502,52577,16,5:15,52503,52578,16,5:15,52579,52594,16,1:15,,,,,,80,16,8,1
asymmetric,4,318,1,c,23,0,39104,16,52606,52606,,52687,52686,52710,52711,,,0,,,,0,,,,0,,52608,52683,16,5:15,52610,52685,16,5:15,52611,52686,16,5:15,52687,52702,16,1:15,,,,,,80,16,8,1
asymmetric,4,319,1,c,24,0,39360,16,52714,52714,,52795,52794,52818,52819,,,0,,,,0,,,,0,,52716,52791,16,5:15,52718,52793,16,5:15,52719,52794,16,5:15,52795,52810,16,1:15,,,,,,80,16,8,1
asymmetric,4,320,1,c,25,0,39616,16,52822,52822,,52903,52902,52926,52927,,,0,,,,0,,,,0,,52824,52899,16,5:15,52826,52901,16,5:15,52827,52902,16,5:15,52903,52918,16,1:15,,,,,,80,16,8,1
asymmetric,4,321,1,c,26,0,39872,16,52930,52930,,53011,53010,53034,53035,,,0,,,,0,,,,0,,52932,53007,16,5:15,52934,53009,16,5:15,52935,53010,16,5:15,53011,53026,16,1:15,,,,,,80,16,8,1
asymmetric,4,322,1,c,27,0,40128,16,53038,53038,,53119,53118,53142,53143,,,0,,,,0,,,,0,,53040,53115,16,5:15,53042,53117,16,5:15,53043,53118,16,5:15,53119,53134,16,1:15,,,,,,80,16,8,1
asymmetric,4,323,1,c,28,0,40384,16,53146,53146,,53227,53226,53250,53251,,,0,,,,0,,,,0,,53148,53223,16,5:15,53150,53225,16,5:15,53151,53226,16,5:15,53227,53242,16,1:15,,,,,,80,16,8,1
asymmetric,4,324,1,c,29,0,40640,16,53254,53254,,53335,53334,53358,53359,,,0,,,,0,,,,0,,53256,53331,16,5:15,53258,53333,16,5:15,53259,53334,16,5:15,53335,53350,16,1:15,,,,,,80,16,8,1
asymmetric,4,325,1,c,30,0,40896,8,53362,53362,,53403,53402,53418,53419,,,0,,,,0,,,,0,,53364,53399,8,5:7,53366,53401,8,5:7,53367,53402,8,5:7,53403,53410,8,1:7,,,,,,40,8,8,1
asymmetric,4,326,1,c,30,8,40960,8,53422,53422,,53463,53462,53478,53479,,,0,,,,0,,,,0,,53424,53459,8,5:7,53426,53461,8,5:7,53427,53462,8,5:7,53463,53470,8,1:7,,,,,,40,8,8,1
asymmetric,4,327,1,c,31,0,41152,16,53482,53482,,53563,53562,53586,53587,,,0,,,,0,,,,0,,53484,53559,16,5:15,53486,53561,16,5:15,53487,53562,16,5:15,53563,53578,16,1:15,,,,,,80,16,8,1
asymmetric,4,328,2,a,0,0,8256,16,53596,53596,53597,,,,53640,53607,53622,16,1:15,53623,53638,16,1:15,53624,53639,16,1:15,,,0,,,,0,,,,0,,,,0,,1,10,15,17,1,,,,
asymmetric,4,329,2,a,0,16,8384,16,53643,53643,53644,,,,53687,53654,53669,16,1:15,53670,53685,16,1:15,53671,53686,16,1:15,,,0,,,,0,,,,0,,,,0,,1,10,15,17,1,,,,
asymmetric,4,330,2,a,1,0,8512,16,53690,53690,53691,,,,53734,53701,53716,16,1:15,53717,53732,16,1:15,53718,53733,16,1:15,,,0,,,,0,,,,0,,,,0,,1,10,15,17,1,,,,
asymmetric,4,331,2,a,1,16,8640,16,53737,53737,53738,,,,53781,53748,53763,16,1:15,53764,53779,16,1:15,53765,53780,16,1:15,,,0,,,,0,,,,0,,,,0,,1,10,15,17,1,,,,
asymmetric,4,332,2,a,2,0,8768,16,53784,53784,53785,,,,53828,53795,53810,16,1:15,53811,53826,16,1:15,53812,53827,16,1:15,,,0,,,,0,,,,0,,,,0,,1,10,15,17,1,,,,
asymmetric,4,333,2,a,2,16,8896,16,53831,53831,53832,,,,53875,53842,53857,16,1:15,53858,53873,16,1:15,53859,53874,16,1:15,,,0,,,,0,,,,0,,,,0,,1,10,15,17,1,,,,
asymmetric,4,334,2,a,3,0,9024,16,53878,53878,53879,,,,53922,53889,53904,16,1:15,53905,53920,16,1:15,53906,53921,16,1:15,,,0,,,,0,,,,0,,,,0,,1,10,15,17,1,,,,
asymmetric,4,335,2,a,3,16,9152,16,53925,53925,53926,,,,53969,53936,53951,16,1:15,53952,53967,16,1:15,53953,53968,16,1:15,,,0,,,,0,,,,0,,,,0,,1,10,15,17,1,,,,
asymmetric,4,336,2,a,4,0,9280,16,53972,53972,53973,,,,54016,53983,53998,16,1:15,53999,54014,16,1:15,54000,54015,16,1:15,,,0,,,,0,,,,0,,,,0,,1,10,15,17,1,,,,
asymmetric,4,337,2,a,4,16,9408,16,54019,54019,54020,,,,54063,54030,54045,16,1:15,54046,54061,16,1:15,54047,54062,16,1:15,,,0,,,,0,,,,0,,,,0,,1,10,15,17,1,,,,
asymmetric,4,338,2,a,5,0,9536,16,54066,54066,54067,,,,54110,54077,54092,16,1:15,54093,54108,16,1:15,54094,54109,16,1:15,,,0,,,,0,,,,0,,,,0,,1,10,15,17,1,,,,
asymmetric,4,339,2,a,5,16,9664,16,54113,54113,54114,,,,54157,54124,54139,16,1:15,54140,54155,16,1:15,54141,54156,16,1:15,,,0,,,,0,,,,0,,,,0,,1,10,15,17,1,,,,
asymmetric,4,340,2,a,6,0,9792,16,54160,54160,54161,,,,54204,54171,54186,16,1:15,54187,54202,16,1:15,54188,54203,16,1:15,,,0,,,,0,,,,0,,,,0,,1,10,15,17,1,,,,
asymmetric,4,341,2,a,6,16,9920,16,54207,54207,54208,,,,54251,54218,54233,16,1:15,54234,54249,16,1:15,54235,54250,16,1:15,,,0,,,,0,,,,0,,,,0,,1,10,15,17,1,,,,
asymmetric,4,342,2,a,7,0,10048,16,54254,54254,54255,,,,54298,54265,54280,16,1:15,54281,54296,16,1:15,54282,54297,16,1:15,,,0,,,,0,,,,0,,,,0,,1,10,15,17,1,,,,
asymmetric,4,343,2,a,7,16,10176,16,54301,54301,54302,,,,54345,54312,54327,16,1:15,54328,54343,16,1:15,54329,54344,16,1:15,,,0,,,,0,,,,0,,,,0,,1,10,15,17,1,,,,
asymmetric,4,344,2,a,8,0,10304,16,54348,54348,54349,,,,54392,54359,54374,16,1:15,54375,54390,16,1:15,54376,54391,16,1:15,,,0,,,,0,,,,0,,,,0,,1,10,15,17,1,,,,
asymmetric,4,345,2,a,8,16,10432,16,54395,54395,54396,,,,54439,54406,54421,16,1:15,54422,54437,16,1:15,54423,54438,16,1:15,,,0,,,,0,,,,0,,,,0,,1,10,15,17,1,,,,
asymmetric,4,346,2,a,9,0,10560,16,54442,54442,54443,,,,54486,54453,54468,16,1:15,54469,54484,16,1:15,54470,54485,16,1:15,,,0,,,,0,,,,0,,,,0,,1,10,15,17,1,,,,
asymmetric,4,347,2,a,9,16,10688,16,54489,54489,54490,,,,54533,54500,54515,16,1:15,54516,54531,16,1:15,54517,54532,16,1:15,,,0,,,,0,,,,0,,,,0,,1,10,15,17,1,,,,
asymmetric,4,348,2,a,10,0,10816,16,54536,54536,54537,,,,54580,54547,54562,16,1:15,54563,54578,16,1:15,54564,54579,16,1:15,,,0,,,,0,,,,0,,,,0,,1,10,15,17,1,,,,
asymmetric,4,349,2,a,10,16,10944,16,54583,54583,54584,,,,54627,54594,54609,16,1:15,54610,54625,16,1:15,54611,54626,16,1:15,,,0,,,,0,,,,0,,,,0,,1,10,15,17,1,,,,
asymmetric,4,350,2,a,11,0,11072,16,54630,54630,54631,,,,54674,54641,54656,16,1:15,54657,54672,16,1:15,54658,54673,16,1:15,,,0,,,,0,,,,0,,,,0,,1,10,15,17,1,,,,
asymmetric,4,351,2,a,11,16,11200,16,54677,54677,54678,,,,54721,54688,54703,16,1:15,54704,54719,16,1:15,54705,54720,16,1:15,,,0,,,,0,,,,0,,,,0,,1,10,15,17,1,,,,
asymmetric,4,352,2,a,12,0,11328,16,54724,54724,54725,,,,54768,54735,54750,16,1:15,54751,54766,16,1:15,54752,54767,16,1:15,,,0,,,,0,,,,0,,,,0,,1,10,15,17,1,,,,
asymmetric,4,353,2,a,12,16,11456,16,54771,54771,54772,,,,54815,54782,54797,16,1:15,54798,54813,16,1:15,54799,54814,16,1:15,,,0,,,,0,,,,0,,,,0,,1,10,15,17,1,,,,
asymmetric,4,354,2,a,13,0,11584,16,54818,54818,54819,,,,54862,54829,54844,16,1:15,54845,54860,16,1:15,54846,54861,16,1:15,,,0,,,,0,,,,0,,,,0,,1,10,15,17,1,,,,
asymmetric,4,355,2,a,13,16,11712,16,54865,54865,54866,,,,54909,54876,54891,16,1:15,54892,54907,16,1:15,54893,54908,16,1:15,,,0,,,,0,,,,0,,,,0,,1,10,15,17,1,,,,
asymmetric,4,356,2,a,14,0,11840,16,54912,54912,54913,,,,54956,54923,54938,16,1:15,54939,54954,16,1:15,54940,54955,16,1:15,,,0,,,,0,,,,0,,,,0,,1,10,15,17,1,,,,
asymmetric,4,357,2,a,14,16,11968,16,54959,54959,54960,,,,55003,54970,54985,16,1:15,54986,55001,16,1:15,54987,55002,16,1:15,,,0,,,,0,,,,0,,,,0,,1,10,15,17,1,,,,
asymmetric,4,358,2,a,15,0,12096,16,55006,55006,55007,,,,55050,55017,55032,16,1:15,55033,55048,16,1:15,55034,55049,16,1:15,,,0,,,,0,,,,0,,,,0,,1,10,15,17,1,,,,
asymmetric,4,359,2,a,15,16,12224,8,55053,55053,55054,,,,55081,55064,55071,8,1:7,55072,55079,8,1:7,55073,55080,8,1:7,,,0,,,,0,,,,0,,,,0,,1,10,7,9,1,,,,
asymmetric,4,360,2,a,15,24,12288,8,55084,55084,55085,,,,55112,55095,55102,8,1:7,55103,55110,8,1:7,55104,55111,8,1:7,,,0,,,,0,,,,0,,,,0,,1,10,7,9,1,,,,
asymmetric,4,361,2,a,16,0,12352,16,55115,55115,55116,,,,55159,55126,55141,16,1:15,55142,55157,16,1:15,55143,55158,16,1:15,,,0,,,,0,,,,0,,,,0,,1,10,15,17,1,,,,
asymmetric,4,362,2,a,16,16,12480,16,55162,55162,55163,,,,55206,55173,55188,16,1:15,55189,55204,16,1:15,55190,55205,16,1:15,,,0,,,,0,,,,0,,,,0,,1,10,15,17,1,,,,
asymmetric,4,363,2,a,17,0,12608,16,55209,55209,55210,,,,55253,55220,55235,16,1:15,55236,55251,16,1:15,55237,55252,16,1:15,,,0,,,,0,,,,0,,,,0,,1,10,15,17,1,,,,
asymmetric,4,364,2,a,17,16,12736,16,55256,55256,55257,,,,55300,55267,55282,16,1:15,55283,55298,16,1:15,55284,55299,16,1:15,,,0,,,,0,,,,0,,,,0,,1,10,15,17,1,,,,
asymmetric,4,365,2,a,18,0,12864,16,55303,55303,55304,,,,55347,55314,55329,16,1:15,55330,55345,16,1:15,55331,55346,16,1:15,,,0,,,,0,,,,0,,,,0,,1,10,15,17,1,,,,
asymmetric,4,366,2,a,18,16,12992,16,55350,55350,55351,,,,55394,55361,55376,16,1:15,55377,55392,16,1:15,55378,55393,16,1:15,,,0,,,,0,,,,0,,,,0,,1,10,15,17,1,,,,
asymmetric,4,367,2,a,19,0,13120,16,55397,55397,55398,,,,55441,55408,55423,16,1:15,55424,55439,16,1:15,55425,55440,16,1:15,,,0,,,,0,,,,0,,,,0,,1,10,15,17,1,,,,
asymmetric,4,368,2,a,19,16,13248,16,55444,55444,55445,,,,55488,55455,55470,16,1:15,55471,55486,16,1:15,55472,55487,16,1:15,,,0,,,,0,,,,0,,,,0,,1,10,15,17,1,,,,
asymmetric,4,369,2,a,20,0,13376,16,55491,55491,55492,,,,55535,55502,55517,16,1:15,55518,55533,16,1:15,55519,55534,16,1:15,,,0,,,,0,,,,0,,,,0,,1,10,15,17,1,,,,
asymmetric,4,370,2,a,20,16,13504,16,55538,55538,55539,,,,55582,55549,55564,16,1:15,55565,55580,16,1:15,55566,55581,16,1:15,,,0,,,,0,,,,0,,,,0,,1,10,15,17,1,,,,
asymmetric,4,371,2,a,21,0,13632,16,55585,55585,55586,,,,55629,55596,55611,16,1:15,55612,55627,16,1:15,55613,55628,16,1:15,,,0,,,,0,,,,0,,,,0,,1,10,15,17,1,,,,
asymmetric,4,372,2,a,21,16,13760,16,55632,55632,55633,,,,55676,55643,55658,16,1:15,55659,55674,16,1:15,55660,55675,16,1:15,,,0,,,,0,,,,0,,,,0,,1,10,15,17,1,,,,
asymmetric,4,373,2,a,22,0,13888,16,55679,55679,55680,,,,55723,55690,55705,16,1:15,55706,55721,16,1:15,55707,55722,16,1:15,,,0,,,,0,,,,0,,,,0,,1,10,15,17,1,,,,
asymmetric,4,374,2,a,22,16,14016,16,55726,55726,55727,,,,55770,55737,55752,16,1:15,55753,55768,16,1:15,55754,55769,16,1:15,,,0,,,,0,,,,0,,,,0,,1,10,15,17,1,,,,
asymmetric,4,375,2,a,23,0,14144,16,55773,55773,55774,,,,55817,55784,55799,16,1:15,55800,55815,16,1:15,55801,55816,16,1:15,,,0,,,,0,,,,0,,,,0,,1,10,15,17,1,,,,
asymmetric,4,376,2,a,23,16,14272,16,55820,55820,55821,,,,55864,55831,55846,16,1:15,55847,55862,16,1:15,55848,55863,16,1:15,,,0,,,,0,,,,0,,,,0,,1,10,15,17,1,,,,
asymmetric,4,377,2,a,24,0,14400,16,55867,55867,55868,,,,55911,55878,55893,16,1:15,55894,55909,16,1:15,55895,55910,16,1:15,,,0,,,,0,,,,0,,,,0,,1,10,15,17,1,,,,
asymmetric,4,378,2,a,24,16,14528,16,55914,55914,55915,,,,55958,55925,55940,16,1:15,55941,55956,16,1:15,55942,55957,16,1:15,,,0,,,,0,,,,0,,,,0,,1,10,15,17,1,,,,
asymmetric,4,379,2,a,25,0,14656,16,55961,55961,55962,,,,56005,55972,55987,16,1:15,55988,56003,16,1:15,55989,56004,16,1:15,,,0,,,,0,,,,0,,,,0,,1,10,15,17,1,,,,
asymmetric,4,380,2,a,25,16,14784,16,56008,56008,56009,,,,56052,56019,56034,16,1:15,56035,56050,16,1:15,56036,56051,16,1:15,,,0,,,,0,,,,0,,,,0,,1,10,15,17,1,,,,
asymmetric,4,381,2,a,26,0,14912,16,56055,56055,56056,,,,56099,56066,56081,16,1:15,56082,56097,16,1:15,56083,56098,16,1:15,,,0,,,,0,,,,0,,,,0,,1,10,15,17,1,,,,
asymmetric,4,382,2,a,26,16,15040,16,56102,56102,56103,,,,56146,56113,56128,16,1:15,56129,56144,16,1:15,56130,56145,16,1:15,,,0,,,,0,,,,0,,,,0,,1,10,15,17,1,,,,
asymmetric,4,383,2,a,27,0,15168,16,56149,56149,56150,,,,56193,56160,56175,16,1:15,56176,56191,16,1:15,56177,56192,16,1:15,,,0,,,,0,,,,0,,,,0,,1,10,15,17,1,,,,
asymmetric,4,384,2,a,27,16,15296,16,56196,56196,56197,,,,56240,56207,56222,16,1:15,56223,56238,16,1:15,56224,56239,16,1:15,,,0,,,,0,,,,0,,,,0,,1,10,15,17,1,,,,
asymmetric,4,385,2,a,28,0,15424,16,56243,56243,56244,,,,56287,56254,56269,16,1:15,56270,56285,16,1:15,56271,56286,16,1:15,,,0,,,,0,,,,0,,,,0,,1,10,15,17,1,,,,
asymmetric,4,386,2,a,28,16,15552,16,56290,56290,56291,,,,56334,56301,56316,16,1:15,56317,56332,16,1:15,56318,56333,16,1:15,,,0,,,,0,,,,0,,,,0,,1,10,15,17,1,,,,
asymmetric,4,387,2,a,29,0,15680,16,56337,56337,56338,,,,56381,56348,56363,16,1:15,56364,56379,16,1:15,56365,56380,16,1:15,,,0,,,,0,,,,0,,,,0,,1,10,15,17,1,,,,
asymmetric,4,388,2,a,29,16,15808,16,56384,56384,56385,,,,56428,56395,56410,16,1:15,56411,56426,16,1:15,56412,56427,16,1:15,,,0,,,,0,,,,0,,,,0,,1,10,15,17,1,,,,
asymmetric,4,389,2,a,30,0,15936,16,56431,56431,56432,,,,56475,56442,56457,16,1:15,56458,56473,16,1:15,56459,56474,16,1:15,,,0,,,,0,,,,0,,,,0,,1,10,15,17,1,,,,
asymmetric,4,390,2,a,30,16,16064,16,56478,56478,56479,,,,56522,56489,56504,16,1:15,56505,56520,16,1:15,56506,56521,16,1:15,,,0,,,,0,,,,0,,,,0,,1,10,15,17,1,,,,
asymmetric,4,391,2,a,31,0,16192,16,56525,56525,56526,,,,56569,56536,56551,16,1:15,56552,56567,16,1:15,56553,56568,16,1:15,,,0,,,,0,,,,0,,,,0,,1,10,15,17,1,,,,
asymmetric,4,392,2,a,31,16,16320,8,56572,56572,56573,,,,56600,56583,56590,8,1:7,56591,56598,8,1:7,56592,56599,8,1:7,,,0,,,,0,,,,0,,,,0,,1,10,7,9,1,,,,
asymmetric,4,393,2,a,31,24,16384,8,56603,56603,56604,,,,56631,56614,56621,8,1:7,56622,56629,8,1:7,56623,56630,8,1:7,,,0,,,,0,,,,0,,,,0,,1,10,7,9,1,,,,
asymmetric,4,394,2,bt,0,0,16832,16,56639,56639,56640,,,,56683,56650,56665,16,1:15,56666,56681,16,1:15,56667,56682,16,1:15,,,0,,,,0,,,,0,,,,0,,1,10,15,17,1,,,,
asymmetric,4,395,2,bt,0,16,16960,16,56686,56686,56687,,,,56730,56697,56712,16,1:15,56713,56728,16,1:15,56714,56729,16,1:15,,,0,,,,0,,,,0,,,,0,,1,10,15,17,1,,,,
asymmetric,4,396,2,bt,1,0,17088,16,56733,56733,56734,,,,56777,56744,56759,16,1:15,56760,56775,16,1:15,56761,56776,16,1:15,,,0,,,,0,,,,0,,,,0,,1,10,15,17,1,,,,
asymmetric,4,397,2,bt,1,16,17216,16,56780,56780,56781,,,,56824,56791,56806,16,1:15,56807,56822,16,1:15,56808,56823,16,1:15,,,0,,,,0,,,,0,,,,0,,1,10,15,17,1,,,,
asymmetric,4,398,2,bt,2,0,17344,16,56827,56827,56828,,,,56871,56838,56853,16,1:15,56854,56869,16,1:15,56855,56870,16,1:15,,,0,,,,0,,,,0,,,,0,,1,10,15,17,1,,,,
asymmetric,4,399,2,bt,2,16,17472,16,56874,56874,56875,,,,56918,56885,56900,16,1:15,56901,56916,16,1:15,56902,56917,16,1:15,,,0,,,,0,,,,0,,,,0,,1,10,15,17,1,,,,
asymmetric,4,400,2,bt,3,0,17600,16,56921,56921,56922,,,,56965,56932,56947,16,1:15,56948,56963,16,1:15,56949,56964,16,1:15,,,0,,,,0,,,,0,,,,0,,1,10,15,17,1,,,,
asymmetric,4,401,2,bt,3,16,17728,16,56968,56968,56969,,,,57012,56979,56994,16,1:15,56995,57010,16,1:15,56996,57011,16,1:15,,,0,,,,0,,,,0,,,,0,,1,10,15,17,1,,,,
asymmetric,4,402,2,bt,4,0,17856,16,57015,57015,57016,,,,57059,57026,57041,16,1:15,57042,57057,16,1:15,57043,57058,16,1:15,,,0,,,,0,,,,0,,,,0,,1,10,15,17,1,,,,
asymmetric,4,403,2,bt,4,16,17984,16,57062,57062,57063,,,,57106,57073,57088,16,1:15,57089,57104,16,1:15,57090,57105,16,1:15,,,0,,,,0,,,,0,,,,0,,1,10,15,17,1,,,,
asymmetric,4,404,2,bt,5,0,18112,16,57109,57109,57110,,,,57153,57120,57135,16,1:15,57136,57151,16,1:15,57137,57152,16,1:15,,,0,,,,0,,,,0,,,,0,,1,10,15,17,1,,,,
asymmetric,4,405,2,bt,5,16,18240,16,57156,57156,57157,,,,57200,57167,57182,16,1:15,57183,57198,16,1:15,57184,57199,16,1:15,,,0,,,,0,,,,0,,,,0,,1,10,15,17,1,,,,
asymmetric,4,406,2,bt,6,0,18368,16,57203,57203,57204,,,,57247,57214,57229,16,1:15,57230,57245,16,1:15,57231,57246,16,1:15,,,0,,,,0,,,,0,,,,0,,1,10,15,17,1,,,,
asymmetric,4,407,2,bt,6,16,18496,16,57250,57250,57251,,,,57294,57261,57276,16,1:15,57277,57292,16,1:15,57278,57293,16,1:15,,,0,,,,0,,,,0,,,,0,,1,10,15,17,1,,,,
asymmetric,4,408,2,bt,7,0,18624,16,57297,57297,57298,,,,57341,57308,57323,16,1:15,57324,57339,16,1:15,57325,57340,16,1:15,,,0,,,,0,,,,0,,,,0,,1,10,15,17,1,,,,
asymmetric,4,409,2,bt,7,16,18752,16,57344,57344,57345,,,,57388,57355,57370,16,1:15,57371,57386,16,1:15,57372,57387,16,1:15,,,0,,,,0,,,,0,,,,0,,1,10,15,17,1,,,,
asymmetric,4,410,2,bt,8,0,18880,16,57391,57391,57392,,,,57435,57402,57417,16,1:15,57418,57433,16,1:15,57419,57434,16,1:15,,,0,,,,0,,,,0,,,,0,,1,10,15,17,1,,,,
asymmetric,4,411,2,bt,8,16,19008,16,57438,57438,57439,,,,57482,57449,57464,16,1:15,57465,57480,16,1:15,57466,57481,16,1:15,,,0,,,,0,,,,0,,,,0,,1,10,15,17,1,,,,
asymmetric,4,412,2,bt,9,0,19136,16,57485,57485,57486,,,,57529,57496,57511,16,1:15,57512,57527,16,1:15,57513,57528,16,1:15,,,0,,,,0,,,,0,,,,0,,1,10,15,17,1,,,,
asymmetric,4,413,2,bt,9,16,19264,16,57532,57532,57533,,,,57576,57543,57558,16,1:15,57559,57574,16,1:15,57560,57575,16,1:15,,,0,,,,0,,,,0,,,,0,,1,10,15,17,1,,,,
asymmetric,4,414,2,bt,10,0,19392,16,57579,57579,57580,,,,57623,57590,57605,16,1:15,57606,57621,16,1:15,57607,57622,16,1:15,,,0,,,,0,,,,0,,,,0,,1,10,15,17,1,,,,
asymmetric,4,415,2,bt,10,16,19520,16,57626,57626,57627,,,,57670,57637,57652,16,1:15,57653,57668,16,1:15,57654,57669,16,1:15,,,0,,,,0,,,,0,,,,0,,1,10,15,17,1,,,,
asymmetric,4,416,2,bt,11,0,19648,16,57673,57673,57674,,,,57717,57684,57699,16,1:15,57700,57715,16,1:15,57701,57716,16,1:15,,,0,,,,0,,,,0,,,,0,,1,10,15,17,1,,,,
asymmetric,4,417,2,bt,11,16,19776,16,57720,57720,57721,,,,57764,57731,57746,16,1:15,57747,57762,16,1:15,57748,57763,16,1:15,,,0,,,,0,,,,0,,,,0,,1,10,15,17,1,,,,
asymmetric,4,418,2,bt,12,0,19904,16,57767,57767,57768,,,,57811,57778,57793,16,1:15,57794,57809,16,1:15,57795,57810,16,1:15,,,0,,,,0,,,,0,,,,0,,1,10,15,17,1,,,,
asymmetric,4,419,2,bt,12,16,20032,16,57814,57814,57815,,,,57858,57825,57840,16,1:15,57841,57856,16,1:15,57842,57857,16,1:15,,,0,,,,0,,,,0,,,,0,,1,10,15,17,1,,,,
asymmetric,4,420,2,bt,13,0,20160,16,57861,57861,57862,,,,57905,57872,57887,16,1:15,57888,57903,16,1:15,57889,57904,16,1:15,,,0,,,,0,,,,0,,,,0,,1,10,15,17,1,,,,
asymmetric,4,421,2,bt,13,16,20288,16,57908,57908,57909,,,,57952,57919,57934,16,1:15,57935,57950,16,1:15,57936,57951,16,1:15,,,0,,,,0,,,,0,,,,0,,1,10,15,17,1,,,,
asymmetric,4,422,2,bt,14,0,20416,8,57955,57955,57956,,,,57983,57966,57973,8,1:7,57974,57981,8,1:7,57975,57982,8,1:7,,,0,,,,0,,,,0,,,,0,,1,10,7,9,1,,,,
asymmetric,4,423,2,bt,14,8,20480,16,57986,57986,57987,,,,58030,57997,58012,16,1:15,58013,58028,16,1:15,58014,58029,16,1:15,,,0,,,,0,,,,0,,,,0,,1,10,15,17,1,,,,
asymmetric,4,424,2,bt,14,24,20608,8,58033,58033,58034,,,,58061,58044,58051,8,1:7,58052,58059,8,1:7,58053,58060,8,1:7,,,0,,,,0,,,,0,,,,0,,1,10,7,9,1,,,,
asymmetric,4,425,2,bt,15,0,20672,16,58064,58064,58065,,,,58108,58075,58090,16,1:15,58091,58106,16,1:15,58092,58107,16,1:15,,,0,,,,0,,,,0,,,,0,,1,10,15,17,1,,,,
asymmetric,4,426,2,bt,15,16,20800,16,58111,58111,58112,,,,58155,58122,58137,16,1:15,58138,58153,16,1:15,58139,58154,16,1:15,,,0,,,,0,,,,0,,,,0,,1,10,15,17,1,,,,
asymmetric,4,427,2,bt,16,0,20928,16,58158,58158,58159,,,,58202,58169,58184,16,1:15,58185,58200,16,1:15,58186,58201,16,1:15,,,0,,,,0,,,,0,,,,0,,1,10,15,17,1,,,,
asymmetric,4,428,2,bt,16,16,21056,16,58205,58205,58206,,,,58249,58216,58231,16,1:15,58232,58247,16,1:15,58233,58248,16,1:15,,,0,,,,0,,,,0,,,,0,,1,10,15,17,1,,,,
asymmetric,4,429,2,bt,17,0,21184,16,58252,58252,58253,,,,58296,58263,58278,16,1:15,58279,58294,16,1:15,58280,58295,16,1:15,,,0,,,,0,,,,0,,,,0,,1,10,15,17,1,,,,
asymmetric,4,430,2,bt,17,16,21312,16,58299,58299,58300,,,,58343,58310,58325,16,1:15,58326,58341,16,1:15,58327,58342,16,1:15,,,0,,,,0,,,,0,,,,0,,1,10,15,17,1,,,,
asymmetric,4,431,2,bt,18,0,21440,16,58346,58346,58347,,,,58390,58357,58372,16,1:15,58373,58388,16,1:15,58374,58389,16,1:15,,,0,,,,0,,,,0,,,,0,,1,10,15,17,1,,,,
asymmetric,4,432,2,bt,18,16,21568,16,58393,58393,58394,,,,58437,58404,58419,16,1:15,58420,58435,16,1:15,58421,58436,16,1:15,,,0,,,,0,,,,0,,,,0,,1,10,15,17,1,,,,
asymmetric,4,433,2,bt,19,0,21696,16,58440,58440,58441,,,,58484,58451,58466,16,1:15,58467,58482,16,1:15,58468,58483,16,1:15,,,0,,,,0,,,,0,,,,0,,1,10,15,17,1,,,,
asymmetric,4,434,2,bt,19,16,21824,16,58487,58487,58488,,,,58531,58498,58513,16,1:15,58514,58529,16,1:15,58515,58530,16,1:15,,,0,,,,0,,,,0,,,,0,,1,10,15,17,1,,,,
asymmetric,4,435,2,bt,20,0,21952,16,58534,58534,58535,,,,58578,58545,58560,16,1:15,58561,58576,16,1:15,58562,58577,16,1:15,,,0,,,,0,,,,0,,,,0,,1,10,15,17,1,,,,
asymmetric,4,436,2,bt,20,16,22080,16,58581,58581,58582,,,,58625,58592,58607,16,1:15,58608,58623,16,1:15,58609,58624,16,1:15,,,0,,,,0,,,,0,,,,0,,1,10,15,17,1,,,,
asymmetric,4,437,2,bt,21,0,22208,16,58628,58628,58629,,,,58672,58639,58654,16,1:15,58655,58670,16,1:15,58656,58671,16,1:15,,,0,,,,0,,,,0,,,,0,,1,10,15,17,1,,,,
asymmetric,4,438,2,bt,21,16,22336,16,58675,58675,58676,,,,58719,58686,58701,16,1:15,58702,58717,16,1:15,58703,58718,16,1:15,,,0,,,,0,,,,0,,,,0,,1,10,15,17,1,,,,
asymmetric,4,439,2,bt,22,0,22464,16,58722,58722,58723,,,,58766,58733,58748,16,1:15,58749,58764,16,1:15,58750,58765,16,1:15,,,0,,,,0,,,,0,,,,0,,1,10,15,17,1,,,,
asymmetric,4,440,2,bt,22,16,22592,16,58769,58769,58770,,,,58813,58780,58795,16,1:15,58796,58811,16,1:15,58797,58812,16,1:15,,,0,,,,0,,,,0,,,,0,,1,10,15,17,1,,,,
asymmetric,4,441,2,bt,23,0,22720,16,58816,58816,58817,,,,58860,58827,58842,16,1:15,58843,58858,16,1:15,58844,58859,16,1:15,,,0,,,,0,,,,0,,,,0,,1,10,15,17,1,,,,
asymmetric,4,442,2,bt,23,16,22848,16,58863,58863,58864,,,,58907,58874,58889,16,1:15,58890,58905,16,1:15,58891,58906,16,1:15,,,0,,,,0,,,,0,,,,0,,1,10,15,17,1,,,,
asymmetric,4,443,2,bt,24,0,22976,16,58910,58910,58911,,,,58954,58921,58936,16,1:15,58937,58952,16,1:15,58938,58953,16,1:15,,,0,,,,0,,,,0,,,,0,,1,10,15,17,1,,,,
asymmetric,4,444,2,bt,24,16,23104,16,58957,58957,58958,,,,59001,58968,58983,16,1:15,58984,58999,16,1:15,58985,59000,16,1:15,,,0,,,,0,,,,0,,,,0,,1,10,15,17,1,,,,
asymmetric,4,445,2,bt,25,0,23232,16,59004,59004,59005,,,,59048,59015,59030,16,1:15,59031,59046,16,1:15,59032,59047,16,1:15,,,0,,,,0,,,,0,,,,0,,1,10,15,17,1,,,,
asymmetric,4,446,2,bt,25,16,23360,16,59051,59051,59052,,,,59095,59062,59077,16,1:15,59078,59093,16,1:15,59079,59094,16,1:15,,,0,,,,0,,,,0,,,,0,,1,10,15,17,1,,,,
asymmetric,4,447,2,bt,26,0,23488,16,59098,59098,59099,,,,59142,59109,59124,16,1:15,59125,59140,16,1:15,59126,59141,16,1:15,,,0,,,,0,,,,0,,,,0,,1,10,15,17,1,,,,
asymmetric,4,448,2,bt,26,16,23616,16,59145,59145,59146,,,,59189,59156,59171,16,1:15,59172,59187,16,1:15,59173,59188,16,1:15,,,0,,,,0,,,,0,,,,0,,1,10,15,17,1,,,,
asymmetric,4,449,2,bt,27,0,23744,16,59192,59192,59193,,,,59236,59203,59218,16,1:15,59219,59234,16,1:15,59220,59235,16,1:15,,,0,,,,0,,,,0,,,,0,,1,10,15,17,1,,,,
asymmetric,4,450,2,bt,27,16,23872,16,59239,59239,59240,,,,59283,59250,59265,16,1:15,59266,59281,16,1:15,59267,59282,16,1:15,,,0,,,,0,,,,0,,,,0,,1,10,15,17,1,,,,
asymmetric,4,451,2,bt,28,0,24000,16,59286,59286,59287,,,,59330,59297,59312,16,1:15,59313,59328,16,1:15,59314,59329,16,1:15,,,0,,,,0,,,,0,,,,0,,1,10,15,17,1,,,,
asymmetric,4,452,2,bt,28,16,24128,16,59333,59333,59334,,,,59377,59344,59359,16,1:15,59360,59375,16,1:15,59361,59376,16,1:15,,,0,,,,0,,,,0,,,,0,,1,10,15,17,1,,,,
asymmetric,4,453,2,bt,29,0,24256,16,59380,59380,59381,,,,59424,59391,59406,16,1:15,59407,59422,16,1:15,59408,59423,16,1:15,,,0,,,,0,,,,0,,,,0,,1,10,15,17,1,,,,
asymmetric,4,454,2,bt,29,16,24384,16,59427,59427,59428,,,,59471,59438,59453,16,1:15,59454,59469,16,1:15,59455,59470,16,1:15,,,0,,,,0,,,,0,,,,0,,1,10,15,17,1,,,,
asymmetric,4,455,2,bt,30,0,24512,8,59474,59474,59475,,,,59502,59485,59492,8,1:7,59493,59500,8,1:7,59494,59501,8,1:7,,,0,,,,0,,,,0,,,,0,,1,10,7,9,1,,,,
asymmetric,4,456,2,bt,30,8,24576,16,59505,59505,59506,,,,59549,59516,59531,16,1:15,59532,59547,16,1:15,59533,59548,16,1:15,,,0,,,,0,,,,0,,,,0,,1,10,15,17,1,,,,
asymmetric,4,457,2,bt,30,24,24704,8,59552,59552,59553,,,,59580,59563,59570,8,1:7,59571,59578,8,1:7,59572,59579,8,1:7,,,0,,,,0,,,,0,,,,0,,1,10,7,9,1,,,,
asymmetric,4,458,2,bt,31,0,24768,16,59583,59583,59584,,,,59627,59594,59609,16,1:15,59610,59625,16,1:15,59611,59626,16,1:15,,,0,,,,0,,,,0,,,,0,,1,10,15,17,1,,,,
asymmetric,4,459,2,bt,31,16,24896,16,59630,59630,59631,,,,59674,59641,59656,16,1:15,59657,59672,16,1:15,59658,59673,16,1:15,,,0,,,,0,,,,0,,,,0,,1,10,15,17,1,,,,
asymmetric,4,460,2,c,0,0,41280,16,76964,76964,,77045,77044,77068,77069,,,0,,,,0,,,,0,,76966,77041,16,5:15,76968,77043,16,5:15,76969,77044,16,5:15,77045,77060,16,1:15,,,,,,80,16,8,1
asymmetric,4,461,2,c,1,0,41536,16,77072,77072,,77153,77152,77176,77177,,,0,,,,0,,,,0,,77074,77149,16,5:15,77076,77151,16,5:15,77077,77152,16,5:15,77153,77168,16,1:15,,,,,,80,16,8,1
asymmetric,4,462,2,c,2,0,41792,16,77180,77180,,77261,77260,77284,77285,,,0,,,,0,,,,0,,77182,77257,16,5:15,77184,77259,16,5:15,77185,77260,16,5:15,77261,77276,16,1:15,,,,,,80,16,8,1
asymmetric,4,463,2,c,3,0,42048,16,77288,77288,,77369,77368,77392,77393,,,0,,,,0,,,,0,,77290,77365,16,5:15,77292,77367,16,5:15,77293,77368,16,5:15,77369,77384,16,1:15,,,,,,80,16,8,1
asymmetric,4,464,2,c,4,0,42304,16,77396,77396,,77477,77476,77500,77501,,,0,,,,0,,,,0,,77398,77473,16,5:15,77400,77475,16,5:15,77401,77476,16,5:15,77477,77492,16,1:15,,,,,,80,16,8,1
asymmetric,4,465,2,c,5,0,42560,16,77504,77504,,77585,77584,77608,77609,,,0,,,,0,,,,0,,77506,77581,16,5:15,77508,77583,16,5:15,77509,77584,16,5:15,77585,77600,16,1:15,,,,,,80,16,8,1
asymmetric,4,466,2,c,6,0,42816,16,77612,77612,,77693,77692,77716,77717,,,0,,,,0,,,,0,,77614,77689,16,5:15,77616,77691,16,5:15,77617,77692,16,5:15,77693,77708,16,1:15,,,,,,80,16,8,1
asymmetric,4,467,2,c,7,0,43072,16,77720,77720,,77801,77800,77824,77825,,,0,,,,0,,,,0,,77722,77797,16,5:15,77724,77799,16,5:15,77725,77800,16,5:15,77801,77816,16,1:15,,,,,,80,16,8,1
asymmetric,4,468,2,c,8,0,43328,16,77828,77828,,77909,77908,77932,77933,,,0,,,,0,,,,0,,77830,77905,16,5:15,77832,77907,16,5:15,77833,77908,16,5:15,77909,77924,16,1:15,,,,,,80,16,8,1
asymmetric,4,469,2,c,9,0,43584,16,77936,77936,,78017,78016,78040,78041,,,0,,,,0,,,,0,,77938,78013,16,5:15,77940,78015,16,5:15,77941,78016,16,5:15,78017,78032,16,1:15,,,,,,80,16,8,1
asymmetric,4,470,2,c,10,0,43840,16,78044,78044,,78125,78124,78148,78149,,,0,,,,0,,,,0,,78046,78121,16,5:15,78048,78123,16,5:15,78049,78124,16,5:15,78125,78140,16,1:15,,,,,,80,16,8,1
asymmetric,4,471,2,c,11,0,44096,16,78152,78152,,78233,78232,78256,78257,,,0,,,,0,,,,0,,78154,78229,16,5:15,78156,78231,16,5:15,78157,78232,16,5:15,78233,78248,16,1:15,,,,,,80,16,8,1
asymmetric,4,472,2,c,12,0,44352,16,78260,78260,,78341,78340,78364,78365,,,0,,,,0,,,,0,,78262,78337,16,5:15,78264,78339,16,5:15,78265,78340,16,5:15,78341,78356,16,1:15,,,,,,80,16,8,1
asymmetric,4,473,2,c,13,0,44608,16,78368,78368,,78449,78448,78472,78473,,,0,,,,0,,,,0,,78370,78445,16,5:15,78372,78447,16,5:15,78373,78448,16,5:15,78449,78464,16,1:15,,,,,,80,16,8,1
asymmetric,4,474,2,c,14,0,44864,16,78476,78476,,78557,78556,78580,78581,,,0,,,,0,,,,0,,78478,78553,16,5:15,78480,78555,16,5:15,78481,78556,16,5:15,78557,78572,16,1:15,,,,,,80,16,8,1
asymmetric,4,475,2,c,15,0,45120,16,78584,78584,,78665,78664,78688,78689,,,0,,,,0,,,,0,,78586,78661,16,5:15,78588,78663,16,5:15,78589,78664,16,5:15,78665,78680,16,1:15,,,,,,80,16,8,1
asymmetric,4,476,2,c,16,0,45376,16,78692,78692,,78773,78772,78796,78797,,,0,,,,0,,,,0,,78694,78769,16,5:15,78696,78771,16,5:15,78697,78772,16,5:15,78773,78788,16,1:15,,,,,,80,16,8,1
asymmetric,4,477,2,c,17,0,45632,16,78800,78800,,78881,78880,78904,78905,,,0,,,,0,,,,0,,78802,78877,16,5:15,78804,78879,16,5:15,78805,78880,16,5:15,78881,78896,16,1:15,,,,,,80,16,8,1
asymmetric,4,478,2,c,18,0,45888,16,78908,78908,,78989,78988,79012,79013,,,0,,,,0,,,,0,,78910,78985,16,5:15,78912,78987,16,5:15,78913,78988,16,5:15,78989,79004,16,1:15,,,,,,80,16,8,1
asymmetric,4,479,2,c,19,0,46144,16,79016,79016,,79097,79096,79120,79121,,,0,,,,0,,,,0,,79018,79093,16,5:15,79020,79095,16,5:15,79021,79096,16,5:15,79097,79112,16,1:15,,,,,,80,16,8,1
asymmetric,4,480,2,c,20,0,46400,16,79124,79124,,79205,79204,79228,79229,,,0,,,,0,,,,0,,79126,79201,16,5:15,79128,79203,16,5:15,79129,79204,16,5:15,79205,79220,16,1:15,,,,,,80,16,8,1
asymmetric,4,481,2,c,21,0,46656,16,79232,79232,,79313,79312,79336,79337,,,0,,,,0,,,,0,,79234,79309,16,5:15,79236,79311,16,5:15,79237,79312,16,5:15,79313,79328,16,1:15,,,,,,80,16,8,1
asymmetric,4,482,2,c,22,0,46912,16,79340,79340,,79421,79420,79444,79445,,,0,,,,0,,,,0,,79342,79417,16,5:15,79344,79419,16,5:15,79345,79420,16,5:15,79421,79436,16,1:15,,,,,,80,16,8,1
asymmetric,4,483,2,c,23,0,47168,16,79448,79448,,79529,79528,79552,79553,,,0,,,,0,,,,0,,79450,79525,16,5:15,79452,79527,16,5:15,79453,79528,16,5:15,79529,79544,16,1:15,,,,,,80,16,8,1
asymmetric,4,484,2,c,24,0,47424,16,79556,79556,,79637,79636,79660,79661,,,0,,,,0,,,,0,,79558,79633,16,5:15,79560,79635,16,5:15,79561,79636,16,5:15,79637,79652,16,1:15,,,,,,80,16,8,1
asymmetric,4,485,2,c,25,0,47680,16,79664,79664,,79745,79744,79768,79769,,,0,,,,0,,,,0,,79666,79741,16,5:15,79668,79743,16,5:15,79669,79744,16,5:15,79745,79760,16,1:15,,,,,,80,16,8,1
asymmetric,4,486,2,c,26,0,47936,16,79772,79772,,79853,79852,79876,79877,,,0,,,,0,,,,0,,79774,79849,16,5:15,79776,79851,16,5:15,79777,79852,16,5:15,79853,79868,16,1:15,,,,,,80,16,8,1
asymmetric,4,487,2,c,27,0,48192,16,79880,79880,,79961,79960,79984,79985,,,0,,,,0,,,,0,,79882,79957,16,5:15,79884,79959,16,5:15,79885,79960,16,5:15,79961,79976,16,1:15,,,,,,80,16,8,1
asymmetric,4,488,2,c,28,0,48448,16,79988,79988,,80069,80068,80092,80093,,,0,,,,0,,,,0,,79990,80065,16,5:15,79992,80067,16,5:15,79993,80068,16,5:15,80069,80084,16,1:15,,,,,,80,16,8,1
asymmetric,4,489,2,c,29,0,48704,16,80096,80096,,80177,80176,80200,80201,,,0,,,,0,,,,0,,80098,80173,16,5:15,80100,80175,16,5:15,80101,80176,16,5:15,80177,80192,16,1:15,,,,,,80,16,8,1
asymmetric,4,490,2,c,30,0,48960,16,80204,80204,,80285,80284,80308,80309,,,0,,,,0,,,,0,,80206,80281,16,5:15,80208,80283,16,5:15,80209,80284,16,5:15,80285,80300,16,1:15,,,,,,80,16,8,1
asymmetric,4,491,2,c,31,0,49216,16,80312,80312,,80393,80392,80416,80417,,,0,,,,0,,,,0,,80314,80389,16,5:15,80316,80391,16,5:15,80317,80392,16,5:15,80393,80408,16,1:15,,,,,,80,16,8,1
asymmetric,4,492,3,a,0,0,8256,16,80426,80426,80427,,,,80470,80437,80452,16,1:15,80453,80468,16,1:15,80454,80469,16,1:15,,,0,,,,0,,,,0,,,,0,,1,10,15,17,1,,,,
asymmetric,4,493,3,a,0,16,8384,16,80473,80473,80474,,,,80517,80484,80499,16,1:15,80500,80515,16,1:15,80501,80516,16,1:15,,,0,,,,0,,,,0,,,,0,,1,10,15,17,1,,,,
asymmetric,4,494,3,a,1,0,8512,16,80520,80520,80521,,,,80564,80531,80546,16,1:15,80547,80562,16,1:15,80548,80563,16,1:15,,,0,,,,0,,,,0,,,,0,,1,10,15,17,1,,,,
asymmetric,4,495,3,a,1,16,8640,16,80567,80567,80568,,,,80611,80578,80593,16,1:15,80594,80609,16,1:15,80595,80610,16,1:15,,,0,,,,0,,,,0,,,,0,,1,10,15,17,1,,,,
asymmetric,4,496,3,a,2,0,8768,16,80614,80614,80615,,,,80658,80625,80640,16,1:15,80641,80656,16,1:15,80642,80657,16,1:15,,,0,,,,0,,,,0,,,,0,,1,10,15,17,1,,,,
asymmetric,4,497,3,a,2,16,8896,16,80661,80661,80662,,,,80705,80672,80687,16,1:15,80688,80703,16,1:15,80689,80704,16,1:15,,,0,,,,0,,,,0,,,,0,,1,10,15,17,1,,,,
asymmetric,4,498,3,a,3,0,9024,16,80708,80708,80709,,,,80752,80719,80734,16,1:15,80735,80750,16,1:15,80736,80751,16,1:15,,,0,,,,0,,,,0,,,,0,,1,10,15,17,1,,,,
asymmetric,4,499,3,a,3,16,9152,16,80755,80755,80756,,,,80799,80766,80781,16,1:15,80782,80797,16,1:15,80783,80798,16,1:15,,,0,,,,0,,,,0,,,,0,,1,10,15,17,1,,,,
asymmetric,4,500,3,a,4,0,9280,16,80802,80802,80803,,,,80846,80813,80828,16,1:15,80829,80844,16,1:15,80830,80845,16,1:15,,,0,,,,0,,,,0,,,,0,,1,10,15,17,1,,,,
asymmetric,4,501,3,a,4,16,9408,16,80849,80849,80850,,,,80893,80860,80875,16,1:15,80876,80891,16,1:15,80877,80892,16,1:15,,,0,,,,0,,,,0,,,,0,,1,10,15,17,1,,,,
asymmetric,4,502,3,a,5,0,9536,16,80896,80896,80897,,,,80940,80907,80922,16,1:15,80923,80938,16,1:15,80924,80939,16,1:15,,,0,,,,0,,,,0,,,,0,,1,10,15,17,1,,,,
asymmetric,4,503,3,a,5,16,9664,16,80943,80943,80944,,,,80987,80954,80969,16,1:15,80970,80985,16,1:15,80971,80986,16,1:15,,,0,,,,0,,,,0,,,,0,,1,10,15,17,1,,,,
asymmetric,4,504,3,a,6,0,9792,16,80990,80990,80991,,,,81034,81001,81016,16,1:15,81017,81032,16,1:15,81018,81033,16,1:15,,,0,,,,0,,,,0,,,,0,,1,10,15,17,1,,,,
asymmetric,4,505,3,a,6,16,9920,16,81037,81037,81038,,,,81081,81048,81063,16,1:15,81064,81079,16,1:15,81065,81080,16,1:15,,,0,,,,0,,,,0,,,,0,,1,10,15,17,1,,,,
asymmetric,4,506,3,a,7,0,10048,16,81084,81084,81085,,,,81128,81095,81110,16,1:15,81111,81126,16,1:15,81112,81127,16,1:15,,,0,,,,0,,,,0,,,,0,,1,10,15,17,1,,,,
asymmetric,4,507,3,a,7,16,10176,16,81131,81131,81132,,,,81175,81142,81157,16,1:15,81158,81173,16,1:15,81159,81174,16,1:15,,,0,,,,0,,,,0,,,,0,,1,10,15,17,1,,,,
asymmetric,4,508,3,a,8,0,10304,16,81178,81178,81179,,,,81222,81189,81204,16,1:15,81205,81220,16,1:15,81206,81221,16,1:15,,,0,,,,0,,,,0,,,,0,,1,10,15,17,1,,,,
asymmetric,4,509,3,a,8,16,10432,16,81225,81225,81226,,,,81269,81236,81251,16,1:15,81252,81267,16,1:15,81253,81268,16,1:15,,,0,,,,0,,,,0,,,,0,,1,10,15,17,1,,,,
asymmetric,4,510,3,a,9,0,10560,16,81272,81272,81273,,,,81316,81283,81298,16,1:15,81299,81314,16,1:15,81300,81315,16,1:15,,,0,,,,0,,,,0,,,,0,,1,10,15,17,1,,,,
asymmetric,4,511,3,a,9,16,10688,16,81319,81319,81320,,,,81363,81330,81345,16,1:15,81346,81361,16,1:15,81347,81362,16,1:15,,,0,,,,0,,,,0,,,,0,,1,10,15,17,1,,,,
asymmetric,4,512,3,a,10,0,10816,16,81366,81366,81367,,,,81410,81377,81392,16,1:15,81393,81408,16,1:15,81394,81409,16,1:15,,,0,,,,0,,,,0,,,,0,,1,10,15,17,1,,,,
asymmetric,4,513,3,a,10,16,10944,16,81413,81413,81414,,,,81457,81424,81439,16,1:15,81440,81455,16,1:15,81441,81456,16,1:15,,,0,,,,0,,,,0,,,,0,,1,10,15,17,1,,,,
asymmetric,4,514,3,a,11,0,11072,16,81460,81460,81461,,,,81504,81471,81486,16,1:15,81487,81502,16,1:15,81488,81503,16,1:15,,,0,,,,0,,,,0,,,,0,,1,10,15,17,1,,,,
asymmetric,4,515,3,a,11,16,11200,16,81507,81507,81508,,,,81551,81518,81533,16,1:15,81534,81549,16,1:15,81535,81550,16,1:15,,,0,,,,0,,,,0,,,,0,,1,10,15,17,1,,,,
asymmetric,4,516,3,a,12,0,11328,16,81554,81554,81555,,,,81598,81565,81580,16,1:15,81581,81596,16,1:15,81582,81597,16,1:15,,,0,,,,0,,,,0,,,,0,,1,10,15,17,1,,,,
asymmetric,4,517,3,a,12,16,11456,16,81601,81601,81602,,,,81645,81612,81627,16,1:15,81628,81643,16,1:15,81629,81644,16,1:15,,,0,,,,0,,,,0,,,,0,,1,10,15,17,1,,,,
asymmetric,4,518,3,a,13,0,11584,16,81648,81648,81649,,,,81692,81659,81674,16,1:15,81675,81690,16,1:15,81676,81691,16,1:15,,,0,,,,0,,,,0,,,,0,,1,10,15,17,1,,,,
asymmetric,4,519,3,a,13,16,11712,16,81695,81695,81696,,,,81739,81706,81721,16,1:15,81722,81737,16,1:15,81723,81738,16,1:15,,,0,,,,0,,,,0,,,,0,,1,10,15,17,1,,,,
asymmetric,4,520,3,a,14,0,11840,16,81742,81742,81743,,,,81786,81753,81768,16,1:15,81769,81784,16,1:15,81770,81785,16,1:15,,,0,,,,0,,,,0,,,,0,,1,10,15,17,1,,,,
asymmetric,4,521,3,a,14,16,11968,16,81789,81789,81790,,,,81833,81800,81815,16,1:15,81816,81831,16,1:15,81817,81832,16,1:15,,,0,,,,0,,,,0,,,,0,,1,10,15,17,1,,,,
asymmetric,4,522,3,a,15,0,12096,16,81836,81836,81837,,,,81880,81847,81862,16,1:15,81863,81878,16,1:15,81864,81879,16,1:15,,,0,,,,0,,,,0,,,,0,,1,10,15,17,1,,,,
asymmetric,4,523,3,a,15,16,12224,8,81883,81883,81884,,,,81911,81894,81901,8,1:7,81902,81909,8,1:7,81903,81910,8,1:7,,,0,,,,0,,,,0,,,,0,,1,10,7,9,1,,,,
asymmetric,4,524,3,a,15,24,12288,8,81914,81914,81915,,,,81942,81925,81932,8,1:7,81933,81940,8,1:7,81934,81941,8,1:7,,,0,,,,0,,,,0,,,,0,,1,10,7,9,1,,,,
asymmetric,4,525,3,a,16,0,12352,16,81945,81945,81946,,,,81989,81956,81971,16,1:15,81972,81987,16,1:15,81973,81988,16,1:15,,,0,,,,0,,,,0,,,,0,,1,10,15,17,1,,,,
asymmetric,4,526,3,a,16,16,12480,16,81992,81992,81993,,,,82036,82003,82018,16,1:15,82019,82034,16,1:15,82020,82035,16,1:15,,,0,,,,0,,,,0,,,,0,,1,10,15,17,1,,,,
asymmetric,4,527,3,a,17,0,12608,16,82039,82039,82040,,,,82083,82050,82065,16,1:15,82066,82081,16,1:15,82067,82082,16,1:15,,,0,,,,0,,,,0,,,,0,,1,10,15,17,1,,,,
asymmetric,4,528,3,a,17,16,12736,16,82086,82086,82087,,,,82130,82097,82112,16,1:15,82113,82128,16,1:15,82114,82129,16,1:15,,,0,,,,0,,,,0,,,,0,,1,10,15,17,1,,,,
asymmetric,4,529,3,a,18,0,12864,16,82133,82133,82134,,,,82177,82144,82159,16,1:15,82160,82175,16,1:15,82161,82176,16,1:15,,,0,,,,0,,,,0,,,,0,,1,10,15,17,1,,,,
asymmetric,4,530,3,a,18,16,12992,16,82180,82180,82181,,,,82224,82191,82206,16,1:15,82207,82222,16,1:15,82208,82223,16,1:15,,,0,,,,0,,,,0,,,,0,,1,10,15,17,1,,,,
asymmetric,4,531,3,a,19,0,13120,16,82227,82227,82228,,,,82271,82238,82253,16,1:15,82254,82269,16,1:15,82255,82270,16,1:15,,,0,,,,0,,,,0,,,,0,,1,10,15,17,1,,,,
asymmetric,4,532,3,a,19,16,13248,16,82274,82274,82275,,,,82318,82285,82300,16,1:15,82301,82316,16,1:15,82302,82317,16,1:15,,,0,,,,0,,,,0,,,,0,,1,10,15,17,1,,,,
asymmetric,4,533,3,a,20,0,13376,16,82321,82321,82322,,,,82365,82332,82347,16,1:15,82348,82363,16,1:15,82349,82364,16,1:15,,,0,,,,0,,,,0,,,,0,,1,10,15,17,1,,,,
asymmetric,4,534,3,a,20,16,13504,16,82368,82368,82369,,,,82412,82379,82394,16,1:15,82395,82410,16,1:15,82396,82411,16,1:15,,,0,,,,0,,,,0,,,,0,,1,10,15,17,1,,,,
asymmetric,4,535,3,a,21,0,13632,16,82415,82415,82416,,,,82459,82426,82441,16,1:15,82442,82457,16,1:15,82443,82458,16,1:15,,,0,,,,0,,,,0,,,,0,,1,10,15,17,1,,,,
asymmetric,4,536,3,a,21,16,13760,16,82462,82462,82463,,,,82506,82473,82488,16,1:15,82489,82504,16,1:15,82490,82505,16,1:15,,,0,,,,0,,,,0,,,,0,,1,10,15,17,1,,,,
asymmetric,4,537,3,a,22,0,13888,16,82509,82509,82510,,,,82553,82520,82535,16,1:15,82536,82551,16,1:15,82537,82552,16,1:15,,,0,,,,0,,,,0,,,,0,,1,10,15,17,1,,,,
asymmetric,4,538,3,a,22,16,14016,16,82556,82556,82557,,,,82600,82567,82582,16,1:15,82583,82598,16,1:15,82584,82599,16,1:15,,,0,,,,0,,,,0,,,,0,,1,10,15,17,1,,,,
asymmetric,4,539,3,a,23,0,14144,16,82603,82603,82604,,,,82647,82614,82629,16,1:15,82630,82645,16,1:15,82631,82646,16,1:15,,,0,,,,0,,,,0,,,,0,,1,10,15,17,1,,,,
asymmetric,4,540,3,a,23,16,14272,16,82650,82650,82651,,,,82694,82661,82676,16,1:15,82677,82692,16,1:15,82678,82693,16,1:15,,,0,,,,0,,,,0,,,,0,,1,10,15,17,1,,,,
asymmetric,4,541,3,a,24,0,14400,16,82697,82697,82698,,,,82741,82708,82723,16,1:15,82724,82739,16,1:15,82725,82740,16,1:15,,,0,,,,0,,,,0,,,,0,,1,10,15,17,1,,,,
asymmetric,4,542,3,a,24,16,14528,16,82744,82744,82745,,,,82788,82755,82770,16,1:15,82771,82786,16,1:15,82772,82787,16,1:15,,,0,,,,0,,,,0,,,,0,,1,10,15,17,1,,,,
asymmetric,4,543,3,a,25,0,14656,16,82791,82791,82792,,,,82835,82802,82817,16,1:15,82818,82833,16,1:15,82819,82834,16,1:15,,,0,,,,0,,,,0,,,,0,,1,10,15,17,1,,,,
asymmetric,4,544,3,a,25,16,14784,16,82838,82838,82839,,,,82882,82849,82864,16,1:15,82865,82880,16,1:15,82866,82881,16,1:15,,,0,,,,0,,,,0,,,,0,,1,10,15,17,1,,,,
asymmetric,4,545,3,a,26,0,14912,16,82885,82885,82886,,,,82929,82896,82911,16,1:15,82912,82927,16,1:15,82913,82928,16,1:15,,,0,,,,0,,,,0,,,,0,,1,10,15,17,1,,,,
asymmetric,4,546,3,a,26,16,15040,16,82932,82932,82933,,,,82976,82943,82958,16,1:15,82959,82974,16,1:15,82960,82975,16,1:15,,,0,,,,0,,,,0,,,,0,,1,10,15,17,1,,,,
asymmetric,4,547,3,a,27,0,15168,16,82979,82979,82980,,,,83023,82990,83005,16,1:15,83006,83021,16,1:15,83007,83022,16,1:15,,,0,,,,0,,,,0,,,,0,,1,10,15,17,1,,,,
asymmetric,4,548,3,a,27,16,15296,16,83026,83026,83027,,,,83070,83037,83052,16,1:15,83053,83068,16,1:15,83054,83069,16,1:15,,,0,,,,0,,,,0,,,,0,,1,10,15,17,1,,,,
asymmetric,4,549,3,a,28,0,15424,16,83073,83073,83074,,,,83117,83084,83099,16,1:15,83100,83115,16,1:15,83101,83116,16,1:15,,,0,,,,0,,,,0,,,,0,,1,10,15,17,1,,,,
asymmetric,4,550,3,a,28,16,15552,16,83120,83120,83121,,,,83164,83131,83146,16,1:15,83147,83162,16,1:15,83148,83163,16,1:15,,,0,,,,0,,,,0,,,,0,,1,10,15,17,1,,,,
asymmetric,4,551,3,a,29,0,15680,16,83167,83167,83168,,,,83211,83178,83193,16,1:15,83194,83209,16,1:15,83195,83210,16,1:15,,,0,,,,0,,,,0,,,,0,,1,10,15,17,1,,,,
asymmetric,4,552,3,a,29,16,15808,16,83214,83214,83215,,,,83258,83225,83240,16,1:15,83241,83256,16,1:15,83242,83257,16,1:15,,,0,,,,0,,,,0,,,,0,,1,10,15,17,1,,,,
asymmetric,4,553,3,a,30,0,15936,16,83261,83261,83262,,,,83305,83272,83287,16,1:15,83288,83303,16,1:15,83289,83304,16,1:15,,,0,,,,0,,,,0,,,,0,,1,10,15,17,1,,,,
asymmetric,4,554,3,a,30,16,16064,16,83308,83308,83309,,,,83352,83319,83334,16,1:15,83335,83350,16,1:15,83336,83351,16,1:15,,,0,,,,0,,,,0,,,,0,,1,10,15,17,1,,,,
asymmetric,4,555,3,a,31,0,16192,16,83355,83355,83356,,,,83399,83366,83381,16,1:15,83382,83397,16,1:15,83383,83398,16,1:15,,,0,,,,0,,,,0,,,,0,,1,10,15,17,1,,,,
asymmetric,4,556,3,a,31,16,16320,8,83402,83402,83403,,,,83430,83413,83420,8,1:7,83421,83428,8,1:7,83422,83429,8,1:7,,,0,,,,0,,,,0,,,,0,,1,10,7,9,1,,,,
asymmetric,4,557,3,a,31,24,16384,8,83433,83433,83434,,,,83461,83444,83451,8,1:7,83452,83459,8,1:7,83453,83460,8,1:7,,,0,,,,0,,,,0,,,,0,,1,10,7,9,1,,,,
asymmetric,4,558,3,bt,0,0,25024,16,83469,83469,83470,,,,83513,83480,83495,16,1:15,83496,83511,16,1:15,83497,83512,16,1:15,,,0,,,,0,,,,0,,,,0,,1,10,15,17,1,,,,
asymmetric,4,559,3,bt,0,16,25152,16,83516,83516,83517,,,,83560,83527,83542,16,1:15,83543,83558,16,1:15,83544,83559,16,1:15,,,0,,,,0,,,,0,,,,0,,1,10,15,17,1,,,,
asymmetric,4,560,3,bt,1,0,25280,16,83563,83563,83564,,,,83607,83574,83589,16,1:15,83590,83605,16,1:15,83591,83606,16,1:15,,,0,,,,0,,,,0,,,,0,,1,10,15,17,1,,,,
asymmetric,4,561,3,bt,1,16,25408,16,83610,83610,83611,,,,83654,83621,83636,16,1:15,83637,83652,16,1:15,83638,83653,16,1:15,,,0,,,,0,,,,0,,,,0,,1,10,15,17,1,,,,
asymmetric,4,562,3,bt,2,0,25536,16,83657,83657,83658,,,,83701,83668,83683,16,1:15,83684,83699,16,1:15,83685,83700,16,1:15,,,0,,,,0,,,,0,,,,0,,1,10,15,17,1,,,,
asymmetric,4,563,3,bt,2,16,25664,16,83704,83704,83705,,,,83748,83715,83730,16,1:15,83731,83746,16,1:15,83732,83747,16,1:15,,,0,,,,0,,,,0,,,,0,,1,10,15,17,1,,,,
asymmetric,4,564,3,bt,3,0,25792,16,83751,83751,83752,,,,83795,83762,83777,16,1:15,83778,83793,16,1:15,83779,83794,16,1:15,,,0,,,,0,,,,0,,,,0,,1,10,15,17,1,,,,
asymmetric,4,565,3,bt,3,16,25920,16,83798,83798,83799,,,,83842,83809,83824,16,1:15,83825,83840,16,1:15,83826,83841,16,1:15,,,0,,,,0,,,,0,,,,0,,1,10,15,17,1,,,,
asymmetric,4,566,3,bt,4,0,26048,16,83845,83845,83846,,,,83889,83856,83871,16,1:15,83872,83887,16,1:15,83873,83888,16,1:15,,,0,,,,0,,,,0,,,,0,,1,10,15,17,1,,,,
asymmetric,4,567,3,bt,4,16,26176,16,83892,83892,83893,,,,83936,83903,83918,16,1:15,83919,83934,16,1:15,83920,83935,16,1:15,,,0,,,,0,,,,0,,,,0,,1,10,15,17,1,,,,
asymmetric,4,568,3,bt,5,0,26304,16,83939,83939,83940,,,,83983,83950,83965,16,1:15,83966,83981,16,1:15,83967,83982,16,1:15,,,0,,,,0,,,,0,,,,0,,1,10,15,17,1,,,,
asymmetric,4,569,3,bt,5,16,26432,16,83986,83986,83987,,,,84030,83997,84012,16,1:15,84013,84028,16,1:15,84014,84029,16,1:15,,,0,,,,0,,,,0,,,,0,,1,10,15,17,1,,,,
asymmetric,4,570,3,bt,6,0,26560,16,84033,84033,84034,,,,84077,84044,84059,16,1:15,84060,84075,16,1:15,84061,84076,16,1:15,,,0,,,,0,,,,0,,,,0,,1,10,15,17,1,,,,
asymmetric,4,571,3,bt,6,16,26688,16,84080,84080,84081,,,,84124,84091,84106,16,1:15,84107,84122,16,1:15,84108,84123,16,1:15,,,0,,,,0,,,,0,,,,0,,1,10,15,17,1,,,,
asymmetric,4,572,3,bt,7,0,26816,16,84127,84127,84128,,,,84171,84138,84153,16,1:15,84154,84169,16,1:15,84155,84170,16,1:15,,,0,,,,0,,,,0,,,,0,,1,10,15,17,1,,,,
asymmetric,4,573,3,bt,7,16,26944,16,84174,84174,84175,,,,84218,84185,84200,16,1:15,84201,84216,16,1:15,84202,84217,16,1:15,,,0,,,,0,,,,0,,,,0,,1,10,15,17,1,,,,
asymmetric,4,574,3,bt,8,0,27072,16,84221,84221,84222,,,,84265,84232,84247,16,1:15,84248,84263,16,1:15,84249,84264,16,1:15,,,0,,,,0,,,,0,,,,0,,1,10,15,17,1,,,,
asymmetric,4,575,3,bt,8,16,27200,16,84268,84268,84269,,,,84312,84279,84294,16,1:15,84295,84310,16,1:15,84296,84311,16,1:15,,,0,,,,0,,,,0,,,,0,,1,10,15,17,1,,,,
asymmetric,4,576,3,bt,9,0,27328,16,84315,84315,84316,,,,84359,84326,84341,16,1:15,84342,84357,16,1:15,84343,84358,16,1:15,,,0,,,,0,,,,0,,,,0,,1,10,15,17,1,,,,
asymmetric,4,577,3,bt,9,16,27456,16,84362,84362,84363,,,,84406,84373,84388,16,1:15,84389,84404,16,1:15,84390,84405,16,1:15,,,0,,,,0,,,,0,,,,0,,1,10,15,17,1,,,,
asymmetric,4,578,3,bt,10,0,27584,16,84409,84409,84410,,,,84453,84420,84435,16,1:15,84436,84451,16,1:15,84437,84452,16,1:15,,,0,,,,0,,,,0,,,,0,,1,10,15,17,1,,,,
asymmetric,4,579,3,bt,10,16,27712,16,84456,84456,84457,,,,84500,84467,84482,16,1:15,84483,84498,16,1:15,84484,84499,16,1:15,,,0,,,,0,,,,0,,,,0,,1,10,15,17,1,,,,
asymmetric,4,580,3,bt,11,0,27840,16,84503,84503,84504,,,,84547,84514,84529,16,1:15,84530,84545,16,1:15,84531,84546,16,1:15,,,0,,,,0,,,,0,,,,0,,1,10,15,17,1,,,,
asymmetric,4,581,3,bt,11,16,27968,16,84550,84550,84551,,,,84594,84561,84576,16,1:15,84577,84592,16,1:15,84578,84593,16,1:15,,,0,,,,0,,,,0,,,,0,,1,10,15,17,1,,,,
asymmetric,4,582,3,bt,12,0,28096,16,84597,84597,84598,,,,84641,84608,84623,16,1:15,84624,84639,16,1:15,84625,84640,16,1:15,,,0,,,,0,,,,0,,,,0,,1,10,15,17,1,,,,
asymmetric,4,583,3,bt,12,16,28224,16,84644,84644,84645,,,,84688,84655,84670,16,1:15,84671,84686,16,1:15,84672,84687,16,1:15,,,0,,,,0,,,,0,,,,0,,1,10,15,17,1,,,,
asymmetric,4,584,3,bt,13,0,28352,16,84691,84691,84692,,,,84735,84702,84717,16,1:15,84718,84733,16,1:15,84719,84734,16,1:15,,,0,,,,0,,,,0,,,,0,,1,10,15,17,1,,,,
asymmetric,4,585,3,bt,13,16,28480,16,84738,84738,84739,,,,84782,84749,84764,16,1:15,84765,84780,16,1:15,84766,84781,16,1:15,,,0,,,,0,,,,0,,,,0,,1,10,15,17,1,,,,
asymmetric,4,586,3,bt,14,0,28608,8,84785,84785,84786,,,,84813,84796,84803,8,1:7,84804,84811,8,1:7,84805,84812,8,1:7,,,0,,,,0,,,,0,,,,0,,1,10,7,9,1,,,,
asymmetric,4,587,3,bt,14,8,28672,16,84816,84816,84817,,,,84860,84827,84842,16,1:15,84843,84858,16,1:15,84844,84859,16,1:15,,,0,,,,0,,,,0,,,,0,,1,10,15,17,1,,,,
asymmetric,4,588,3,bt,14,24,28800,8,84863,84863,84864,,,,84891,84874,84881,8,1:7,84882,84889,8,1:7,84883,84890,8,1:7,,,0,,,,0,,,,0,,,,0,,1,10,7,9,1,,,,
asymmetric,4,589,3,bt,15,0,28864,16,84894,84894,84895,,,,84938,84905,84920,16,1:15,84921,84936,16,1:15,84922,84937,16,1:15,,,0,,,,0,,,,0,,,,0,,1,10,15,17,1,,,,
asymmetric,4,590,3,bt,15,16,28992,16,84941,84941,84942,,,,84985,84952,84967,16,1:15,84968,84983,16,1:15,84969,84984,16,1:15,,,0,,,,0,,,,0,,,,0,,1,10,15,17,1,,,,
asymmetric,4,591,3,bt,16,0,29120,16,84988,84988,84989,,,,85032,84999,85014,16,1:15,85015,85030,16,1:15,85016,85031,16,1:15,,,0,,,,0,,,,0,,,,0,,1,10,15,17,1,,,,
asymmetric,4,592,3,bt,16,16,29248,16,85035,85035,85036,,,,85079,85046,85061,16,1:15,85062,85077,16,1:15,85063,85078,16,1:15,,,0,,,,0,,,,0,,,,0,,1,10,15,17,1,,,,
asymmetric,4,593,3,bt,17,0,29376,16,85082,85082,85083,,,,85126,85093,85108,16,1:15,85109,85124,16,1:15,85110,85125,16,1:15,,,0,,,,0,,,,0,,,,0,,1,10,15,17,1,,,,
asymmetric,4,594,3,bt,17,16,29504,16,85129,85129,85130,,,,85173,85140,85155,16,1:15,85156,85171,16,1:15,85157,85172,16,1:15,,,0,,,,0,,,,0,,,,0,,1,10,15,17,1,,,,
asymmetric,4,595,3,bt,18,0,29632,16,85176,85176,85177,,,,85220,85187,85202,16,1:15,85203,85218,16,1:15,85204,85219,16,1:15,,,0,,,,0,,,,0,,,,0,,1,10,15,17,1,,,,
asymmetric,4,596,3,bt,18,16,29760,16,85223,85223,85224,,,,85267,85234,85249,16,1:15,85250,85265,16,1:15,85251,85266,16,1:15,,,0,,,,0,,,,0,,,,0,,1,10,15,17,1,,,,
asymmetric,4,597,3,bt,19,0,29888,16,85270,85270,85271,,,,85314,85281,85296,16,1:15,85297,85312,16,1:15,85298,85313,16,1:15,,,0,,,,0,,,,0,,,,0,,1,10,15,17,1,,,,
asymmetric,4,598,3,bt,19,16,30016,16,85317,85317,85318,,,,85361,85328,85343,16,1:15,85344,85359,16,1:15,85345,85360,16,1:15,,,0,,,,0,,,,0,,,,0,,1,10,15,17,1,,,,
asymmetric,4,599,3,bt,20,0,30144,16,85364,85364,85365,,,,85408,85375,85390,16,1:15,85391,85406,16,1:15,85392,85407,16,1:15,,,0,,,,0,,,,0,,,,0,,1,10,15,17,1,,,,
asymmetric,4,600,3,bt,20,16,30272,16,85411,85411,85412,,,,85455,85422,85437,16,1:15,85438,85453,16,1:15,85439,85454,16,1:15,,,0,,,,0,,,,0,,,,0,,1,10,15,17,1,,,,
asymmetric,4,601,3,bt,21,0,30400,16,85458,85458,85459,,,,85502,85469,85484,16,1:15,85485,85500,16,1:15,85486,85501,16,1:15,,,0,,,,0,,,,0,,,,0,,1,10,15,17,1,,,,
asymmetric,4,602,3,bt,21,16,30528,16,85505,85505,85506,,,,85549,85516,85531,16,1:15,85532,85547,16,1:15,85533,85548,16,1:15,,,0,,,,0,,,,0,,,,0,,1,10,15,17,1,,,,
asymmetric,4,603,3,bt,22,0,30656,16,85552,85552,85553,,,,85596,85563,85578,16,1:15,85579,85594,16,1:15,85580,85595,16,1:15,,,0,,,,0,,,,0,,,,0,,1,10,15,17,1,,,,
asymmetric,4,604,3,bt,22,16,30784,16,85599,85599,85600,,,,85643,85610,85625,16,1:15,85626,85641,16,1:15,85627,85642,16,1:15,,,0,,,,0,,,,0,,,,0,,1,10,15,17,1,,,,
asymmetric,4,605,3,bt,23,0,30912,16,85646,85646,85647,,,,85690,85657,85672,16,1:15,85673,85688,16,1:15,85674,85689,16,1:15,,,0,,,,0,,,,0,,,,0,,1,10,15,17,1,,,,
asymmetric,4,606,3,bt,23,16,31040,16,85693,85693,85694,,,,85737,85704,85719,16,1:15,85720,85735,16,1:15,85721,85736,16,1:15,,,0,,,,0,,,,0,,,,0,,1,10,15,17,1,,,,
asymmetric,4,607,3,bt,24,0,31168,16,85740,85740,85741,,,,85784,85751,85766,16,1:15,85767,85782,16,1:15,85768,85783,16,1:15,,,0,,,,0,,,,0,,,,0,,1,10,15,17,1,,,,
asymmetric,4,608,3,bt,24,16,31296,16,85787,85787,85788,,,,85831,85798,85813,16,1:15,85814,85829,16,1:15,85815,85830,16,1:15,,,0,,,,0,,,,0,,,,0,,1,10,15,17,1,,,,
asymmetric,4,609,3,bt,25,0,31424,16,85834,85834,85835,,,,85878,85845,85860,16,1:15,85861,85876,16,1:15,85862,85877,16,1:15,,,0,,,,0,,,,0,,,,0,,1,10,15,17,1,,,,
asymmetric,4,610,3,bt,25,16,31552,16,85881,85881,85882,,,,85925,85892,85907,16,1:15,85908,85923,16,1:15,85909,85924,16,1:15,,,0,,,,0,,,,0,,,,0,,1,10,15,17,1,,,,
asymmetric,4,611,3,bt,26,0,31680,16,85928,85928,85929,,,,85972,85939,85954,16,1:15,85955,85970,16,1:15,85956,85971,16,1:15,,,0,,,,0,,,,0,,,,0,,1,10,15,17,1,,,,
asymmetric,4,612,3,bt,26,16,31808,16,85975,85975,85976,,,,86019,85986,86001,16,1:15,86002,86017,16,1:15,86003,86018,16,1:15,,,0,,,,0,,,,0,,,,0,,1,10,15,17,1,,,,
asymmetric,4,613,3,bt,27,0,31936,16,86022,86022,86023,,,,86066,86033,86048,16,1:15,86049,86064,16,1:15,86050,86065,16,1:15,,,0,,,,0,,,,0,,,,0,,1,10,15,17,1,,,,
asymmetric,4,614,3,bt,27,16,32064,16,86069,86069,86070,,,,86113,86080,86095,16,1:15,86096,86111,16,1:15,86097,86112,16,1:15,,,0,,,,0,,,,0,,,,0,,1,10,15,17,1,,,,
asymmetric,4,615,3,bt,28,0,32192,16,86116,86116,86117,,,,86160,86127,86142,16,1:15,86143,86158,16,1:15,86144,86159,16,1:15,,,0,,,,0,,,,0,,,,0,,1,10,15,17,1,,,,
asymmetric,4,616,3,bt,28,16,32320,16,86163,86163,86164,,,,86207,86174,86189,16,1:15,86190,86205,16,1:15,86191,86206,16,1:15,,,0,,,,0,,,,0,,,,0,,1,10,15,17,1,,,,
asymmetric,4,617,3,bt,29,0,32448,16,86210,86210,86211,,,,86254,86221,86236,16,1:15,86237,86252,16,1:15,86238,86253,16,1:15,,,0,,,,0,,,,0,,,,0,,1,10,15,17,1,,,,
asymmetric,4,618,3,bt,29,16,32576,16,86257,86257,86258,,,,86301,86268,86283,16,1:15,86284,86299,16,1:15,86285,86300,16,1:15,,,0,,,,0,,,,0,,,,0,,1,10,15,17,1,,,,
asymmetric,4,619,3,bt,30,0,32704,8,86304,86304,86305,,,,86332,86315,86322,8,1:7,86323,86330,8,1:7,86324,86331,8,1:7,,,0,,,,0,,,,0,,,,0,,1,10,7,9,1,,,,
asymmetric,4,620,3,bt,30,8,32768,16,86335,86335,86336,,,,86379,86346,86361,16,1:15,86362,86377,16,1:15,86363,86378,16,1:15,,,0,,,,0,,,,0,,,,0,,1,10,15,17,1,,,,
asymmetric,4,621,3,bt,30,24,32896,8,86382,86382,86383,,,,86410,86393,86400,8,1:7,86401,86408,8,1:7,86402,86409,8,1:7,,,0,,,,0,,,,0,,,,0,,1,10,7,9,1,,,,
asymmetric,4,622,3,c,0,0,41408,16,103700,103700,,103781,103780,103804,103805,,,0,,,,0,,,,0,,103702,103777,16,5:15,103704,103779,16,5:15,103705,103780,16,5:15,103781,103796,16,1:15,,,,,,80,16,8,1
asymmetric,4,623,3,c,1,0,41664,16,103808,103808,,103889,103888,103912,103913,,,0,,,,0,,,,0,,103810,103885,16,5:15,103812,103887,16,5:15,103813,103888,16,5:15,103889,103904,16,1:15,,,,,,80,16,8,1
asymmetric,4,624,3,c,2,0,41920,16,103916,103916,,103997,103996,104020,104021,,,0,,,,0,,,,0,,103918,103993,16,5:15,103920,103995,16,5:15,103921,103996,16,5:15,103997,104012,16,1:15,,,,,,80,16,8,1
asymmetric,4,625,3,c,3,0,42176,16,104024,104024,,104105,104104,104128,104129,,,0,,,,0,,,,0,,104026,104101,16,5:15,104028,104103,16,5:15,104029,104104,16,5:15,104105,104120,16,1:15,,,,,,80,16,8,1
asymmetric,4,626,3,c,4,0,42432,16,104132,104132,,104213,104212,104236,104237,,,0,,,,0,,,,0,,104134,104209,16,5:15,104136,104211,16,5:15,104137,104212,16,5:15,104213,104228,16,1:15,,,,,,80,16,8,1
asymmetric,4,627,3,c,5,0,42688,16,104240,104240,,104321,104320,104344,104345,,,0,,,,0,,,,0,,104242,104317,16,5:15,104244,104319,16,5:15,104245,104320,16,5:15,104321,104336,16,1:15,,,,,,80,16,8,1
asymmetric,4,628,3,c,6,0,42944,16,104348,104348,,104429,104428,104452,104453,,,0,,,,0,,,,0,,104350,104425,16,5:15,104352,104427,16,5:15,104353,104428,16,5:15,104429,104444,16,1:15,,,,,,80,16,8,1
asymmetric,4,629,3,c,7,0,43200,16,104456,104456,,104537,104536,104560,104561,,,0,,,,0,,,,0,,104458,104533,16,5:15,104460,104535,16,5:15,104461,104536,16,5:15,104537,104552,16,1:15,,,,,,80,16,8,1
asymmetric,4,630,3,c,8,0,43456,16,104564,104564,,104645,104644,104668,104669,,,0,,,,0,,,,0,,104566,104641,16,5:15,104568,104643,16,5:15,104569,104644,16,5:15,104645,104660,16,1:15,,,,,,80,16,8,1
asymmetric,4,631,3,c,9,0,43712,16,104672,104672,,104753,104752,104776,104777,,,0,,,,0,,,,0,,104674,104749,16,5:15,104676,104751,16,5:15,104677,104752,16,5:15,104753,104768,16,1:15,,,,,,80,16,8,1
asymmetric,4,632,3,c,10,0,43968,16,104780,104780,,104861,104860,104884,104885,,,0,,,,0,,,,0,,104782,104857,16,5:15,104784,104859,16,5:15,104785,104860,16,5:15,104861,104876,16,1:15,,,,,,80,16,8,1
asymmetric,4,633,3,c,11,0,44224,16,104888,104888,,104969,104968,104992,104993,,,0,,,,0,,,,0,,104890,104965,16,5:15,104892,104967,16,5:15,104893,104968,16,5:15,104969,104984,16,1:15,,,,,,80,16,8,1
asymmetric,4,634,3,c,12,0,44480,16,104996,104996,,105077,105076,105100,105101,,,0,,,,0,,,,0,,104998,105073,16,5:15,105000,105075,16,5:15,105001,105076,16,5:15,105077,105092,16,1:15,,,,,,80,16,8,1
asymmetric,4,635,3,c,13,0,44736,16,105104,105104,,105185,105184,105208,105209,,,0,,,,0,,,,0,,105106,105181,16,5:15,105108,105183,16,5:15,105109,105184,16,5:15,105185,105200,16,1:15,,,,,,80,16,8,1
asymmetric,4,636,3,c,14,0,44992,8,105212,105212,,105253,105252,105268,105269,,,0,,,,0,,,,0,,105214,105249,8,5:7,105216,105251,8,5:7,105217,105252,8,5:7,105253,105260,8,1:7,,,,,,40,8,8,1
asymmetric,4,637,3,c,14,8,45056,8,105272,105272,,105313,105312,105328,105329,,,0,,,,0,,,,0,,105274,105309,8,5:7,105276,105311,8,5:7,105277,105312,8,5:7,105313,105320,8,1:7,,,,,,40,8,8,1
asymmetric,4,638,3,c,15,0,45248,16,105332,105332,,105413,105412,105436,105437,,,0,,,,0,,,,0,,105334,105409,16,5:15,105336,105411,16,5:15,105337,105412,16,5:15,105413,105428,16,1:15,,,,,,80,16,8,1
asymmetric,4,639,3,c,16,0,45504,16,105440,105440,,105521,105520,105544,105545,,,0,,,,0,,,,0,,105442,105517,16,5:15,105444,105519,16,5:15,105445,105520,16,5:15,105521,105536,16,1:15,,,,,,80,16,8,1
asymmetric,4,640,3,c,17,0,45760,16,105548,105548,,105629,105628,105652,105653,,,0,,,,0,,,,0,,105550,105625,16,5:15,105552,105627,16,5:15,105553,105628,16,5:15,105629,105644,16,1:15,,,,,,80,16,8,1
asymmetric,4,641,3,c,18,0,46016,16,105656,105656,,105737,105736,105760,105761,,,0,,,,0,,,,0,,105658,105733,16,5:15,105660,105735,16,5:15,105661,105736,16,5:15,105737,105752,16,1:15,,,,,,80,16,8,1
asymmetric,4,642,3,c,19,0,46272,16,105764,105764,,105845,105844,105868,105869,,,0,,,,0,,,,0,,105766,105841,16,5:15,105768,105843,16,5:15,105769,105844,16,5:15,105845,105860,16,1:15,,,,,,80,16,8,1
asymmetric,4,643,3,c,20,0,46528,16,105872,105872,,105953,105952,105976,105977,,,0,,,,0,,,,0,,105874,105949,16,5:15,105876,105951,16,5:15,105877,105952,16,5:15,105953,105968,16,1:15,,,,,,80,16,8,1
asymmetric,4,644,3,c,21,0,46784,16,105980,105980,,106061,106060,106084,106085,,,0,,,,0,,,,0,,105982,106057,16,5:15,105984,106059,16,5:15,105985,106060,16,5:15,106061,106076,16,1:15,,,,,,80,16,8,1
asymmetric,4,645,3,c,22,0,47040,16,106088,106088,,106169,106168,106192,106193,,,0,,,,0,,,,0,,106090,106165,16,5:15,106092,106167,16,5:15,106093,106168,16,5:15,106169,106184,16,1:15,,,,,,80,16,8,1
asymmetric,4,646,3,c,23,0,47296,16,106196,106196,,106277,106276,106300,106301,,,0,,,,0,,,,0,,106198,106273,16,5:15,106200,106275,16,5:15,106201,106276,16,5:15,106277,106292,16,1:15,,,,,,80,16,8,1
asymmetric,4,647,3,c,24,0,47552,16,106304,106304,,106385,106384,106408,106409,,,0,,,,0,,,,0,,106306,106381,16,5:15,106308,106383,16,5:15,106309,106384,16,5:15,106385,106400,16,1:15,,,,,,80,16,8,1
asymmetric,4,648,3,c,25,0,47808,16,106412,106412,,106493,106492,106516,106517,,,0,,,,0,,,,0,,106414,106489,16,5:15,106416,106491,16,5:15,106417,106492,16,5:15,106493,106508,16,1:15,,,,,,80,16,8,1
asymmetric,4,649,3,c,26,0,48064,16,106520,106520,,106601,106600,106624,106625,,,0,,,,0,,,,0,,106522,106597,16,5:15,106524,106599,16,5:15,106525,106600,16,5:15,106601,106616,16,1:15,,,,,,80,16,8,1
asymmetric,4,650,3,c,27,0,48320,16,106628,106628,,106709,106708,106732,106733,,,0,,,,0,,,,0,,106630,106705,16,5:15,106632,106707,16,5:15,106633,106708,16,5:15,106709,106724,16,1:15,,,,,,80,16,8,1
asymmetric,4,651,3,c,28,0,48576,16,106736,106736,,106817,106816,106840,106841,,,0,,,,0,,,,0,,106738,106813,16,5:15,106740,106815,16,5:15,106741,106816,16,5:15,106817,106832,16,1:15,,,,,,80,16,8,1
asymmetric,4,652,3,c,29,0,48832,16,106844,106844,,106925,106924,106948,106949,,,0,,,,0,,,,0,,106846,106921,16,5:15,106848,106923,16,5:15,106849,106924,16,5:15,106925,106940,16,1:15,,,,,,80,16,8,1
asymmetric,4,653,3,c,30,0,49088,8,106952,106952,,106993,106992,107008,107009,,,0,,,,0,,,,0,,106954,106989,8,5:7,106956,106991,8,5:7,106957,106992,8,5:7,106993,107000,8,1:7,,,,,,40,8,8,1
asymmetric,4,654,3,c,30,8,49152,8,107012,107012,,107053,107052,107068,107069,,,0,,,,0,,,,0,,107014,107049,8,5:7,107016,107051,8,5:7,107017,107052,8,5:7,107053,107060,8,1:7,,,,,,40,8,8,1
asymmetric,4,655,3,c,31,0,49344,16,107072,107072,,107153,107152,107176,107177,,,0,,,,0,,,,0,,107074,107149,16,5:15,107076,107151,16,5:15,107077,107152,16,5:15,107153,107168,16,1:15,,,,,,80,16,8,1
asymmetric,4,656,4,a,0,0,16448,16,107186,107186,107187,,,,107230,107197,107212,16,1:15,107213,107228,16,1:15,107214,107229,16,1:15,,,0,,,,0,,,,0,,,,0,,1,10,15,17,1,,,,
asymmetric,4,657,4,a,0,16,16576,16,107233,107233,107234,,,,107277,107244,107259,16,1:15,107260,107275,16,1:15,107261,107276,16,1:15,,,0,,,,0,,,,0,,,,0,,1,10,15,17,1,,,,
asymmetric,4,658,4,bt,0,0,16832,16,107285,107285,107286,,,,107329,107296,107311,16,1:15,107312,107327,16,1:15,107313,107328,16,1:15,,,0,,,,0,,,,0,,,,0,,1,10,15,17,1,,,,
asymmetric,4,659,4,bt,0,16,16960,16,107332,107332,107333,,,,107376,107343,107358,16,1:15,107359,107374,16,1:15,107360,107375,16,1:15,,,0,,,,0,,,,0,,,,0,,1,10,15,17,1,,,,
asymmetric,4,660,4,bt,1,0,17088,16,107379,107379,107380,,,,107423,107390,107405,16,1:15,107406,107421,16,1:15,107407,107422,16,1:15,,,0,,,,0,,,,0,,,,0,,1,10,15,17,1,,,,
asymmetric,4,661,4,bt,1,16,17216,16,107426,107426,107427,,,,107470,107437,107452,16,1:15,107453,107468,16,1:15,107454,107469,16,1:15,,,0,,,,0,,,,0,,,,0,,1,10,15,17,1,,,,
asymmetric,4,662,4,bt,2,0,17344,16,107473,107473,107474,,,,107517,107484,107499,16,1:15,107500,107515,16,1:15,107501,107516,16,1:15,,,0,,,,0,,,,0,,,,0,,1,10,15,17,1,,,,
asymmetric,4,663,4,bt,2,16,17472,16,107520,107520,107521,,,,107564,107531,107546,16,1:15,107547,107562,16,1:15,107548,107563,16,1:15,,,0,,,,0,,,,0,,,,0,,1,10,15,17,1,,,,
asymmetric,4,664,4,bt,3,0,17600,16,107567,107567,107568,,,,107611,107578,107593,16,1:15,107594,107609,16,1:15,107595,107610,16,1:15,,,0,,,,0,,,,0,,,,0,,1,10,15,17,1,,,,
asymmetric,4,665,4,bt,3,16,17728,16,107614,107614,107615,,,,107658,107625,107640,16,1:15,107641,107656,16,1:15,107642,107657,16,1:15,,,0,,,,0,,,,0,,,,0,,1,10,15,17,1,,,,
asymmetric,4,666,4,bt,4,0,17856,16,107661,107661,107662,,,,107705,107672,107687,16,1:15,107688,107703,16,1:15,107689,107704,16,1:15,,,0,,,,0,,,,0,,,,0,,1,10,15,17,1,,,,
asymmetric,4,667,4,bt,4,16,17984,16,107708,107708,107709,,,,107752,107719,107734,16,1:15,107735,107750,16,1:15,107736,107751,16,1:15,,,0,,,,0,,,,0,,,,0,,1,10,15,17,1,,,,
asymmetric,4,668,4,bt,5,0,18112,16,107755,107755,107756,,,,107799,107766,107781,16,1:15,107782,107797,16,1:15,107783,107798,16,1:15,,,0,,,,0,,,,0,,,,0,,1,10,15,17,1,,,,
asymmetric,4,669,4,bt,5,16,18240,16,107802,107802,107803,,,,107846,107813,107828,16,1:15,107829,107844,16,1:15,107830,107845,16,1:15,,,0,,,,0,,,,0,,,,0,,1,10,15,17,1,,,,
asymmetric,4,670,4,bt,6,0,18368,16,107849,107849,107850,,,,107893,107860,107875,16,1:15,107876,107891,16,1:15,107877,107892,16,1:15,,,0,,,,0,,,,0,,,,0,,1,10,15,17,1,,,,
asymmetric,4,671,4,bt,6,16,18496,16,107896,107896,107897,,,,107940,107907,107922,16,1:15,107923,107938,16,1:15,107924,107939,16,1:15,,,0,,,,0,,,,0,,,,0,,1,10,15,17,1,,,,
asymmetric,4,672,4,bt,7,0,18624,16,107943,107943,107944,,,,107987,107954,107969,16,1:15,107970,107985,16,1:15,107971,107986,16,1:15,,,0,,,,0,,,,0,,,,0,,1,10,15,17,1,,,,
asymmetric,4,673,4,bt,7,16,18752,16,107990,107990,107991,,,,108034,108001,108016,16,1:15,108017,108032,16,1:15,108018,108033,16,1:15,,,0,,,,0,,,,0,,,,0,,1,10,15,17,1,,,,
asymmetric,4,674,4,bt,8,0,18880,16,108037,108037,108038,,,,108081,108048,108063,16,1:15,108064,108079,16,1:15,108065,108080,16,1:15,,,0,,,,0,,,,0,,,,0,,1,10,15,17,1,,,,
asymmetric,4,675,4,bt,8,16,19008,16,108084,108084,108085,,,,108128,108095,108110,16,1:15,108111,108126,16,1:15,108112,108127,16,1:15,,,0,,,,0,,,,0,,,,0,,1,10,15,17,1,,,,
asymmetric,4,676,4,bt,9,0,19136,16,108131,108131,108132,,,,108175,108142,108157,16,1:15,108158,108173,16,1:15,108159,108174,16,1:15,,,0,,,,0,,,,0,,,,0,,1,10,15,17,1,,,,
asymmetric,4,677,4,bt,9,16,19264,16,108178,108178,108179,,,,108222,108189,108204,16,1:15,108205,108220,16,1:15,108206,108221,16,1:15,,,0,,,,0,,,,0,,,,0,,1,10,15,17,1,,,,
asymmetric,4,678,4,bt,10,0,19392,16,108225,108225,108226,,,,108269,108236,108251,16,1:15,108252,108267,16,1:15,108253,108268,16,1:15,,,0,,,,0,,,,0,,,,0,,1,10,15,17,1,,,,
asymmetric,4,679,4,bt,10,16,19520,16,108272,108272,108273,,,,108316,108283,108298,16,1:15,108299,108314,16,1:15,108300,108315,16,1:15,,,0,,,,0,,,,0,,,,0,,1,10,15,17,1,,,,
asymmetric,4,680,4,bt,11,0,19648,16,108319,108319,108320,,,,108363,108330,108345,16,1:15,108346,108361,16,1:15,108347,108362,16,1:15,,,0,,,,0,,,,0,,,,0,,1,10,15,17,1,,,,
asymmetric,4,681,4,bt,11,16,19776,16,108366,108366,108367,,,,108410,108377,108392,16,1:15,108393,108408,16,1:15,108394,108409,16,1:15,,,0,,,,0,,,,0,,,,0,,1,10,15,17,1,,,,
asymmetric,4,682,4,bt,12,0,19904,16,108413,108413,108414,,,,108457,108424,108439,16,1:15,108440,108455,16,1:15,108441,108456,16,1:15,,,0,,,,0,,,,0,,,,0,,1,10,15,17,1,,,,
asymmetric,4,683,4,bt,12,16,20032,16,108460,108460,108461,,,,108504,108471,108486,16,1:15,108487,108502,16,1:15,108488,108503,16,1:15,,,0,,,,0,,,,0,,,,0,,1,10,15,17,1,,,,
asymmetric,4,684,4,bt,13,0,20160,16,108507,108507,108508,,,,108551,108518,108533,16,1:15,108534,108549,16,1:15,108535,108550,16,1:15,,,0,,,,0,,,,0,,,,0,,1,10,15,17,1,,,,
asymmetric,4,685,4,bt,13,16,20288,16,108554,108554,108555,,,,108598,108565,108580,16,1:15,108581,108596,16,1:15,108582,108597,16,1:15,,,0,,,,0,,,,0,,,,0,,1,10,15,17,1,,,,
asymmetric,4,686,4,bt,14,0,20416,8,108601,108601,108602,,,,108629,108612,108619,8,1:7,108620,108627,8,1:7,108621,108628,8,1:7,,,0,,,,0,,,,0,,,,0,,1,10,7,9,1,,,,
asymmetric,4,687,4,bt,14,8,20480,16,108632,108632,108633,,,,108676,108643,108658,16,1:15,108659,108674,16,1:15,108660,108675,16,1:15,,,0,,,,0,,,,0,,,,0,,1,10,15,17,1,,,,
asymmetric,4,688,4,bt,14,24,20608,8,108679,108679,108680,,,,108707,108690,108697,8,1:7,108698,108705,8,1:7,108699,108706,8,1:7,,,0,,,,0,,,,0,,,,0,,1,10,7,9,1,,,,
asymmetric,4,689,4,bt,15,0,20672,16,108710,108710,108711,,,,108754,108721,108736,16,1:15,108737,108752,16,1:15,108738,108753,16,1:15,,,0,,,,0,,,,0,,,,0,,1,10,15,17,1,,,,
asymmetric,4,690,4,bt,15,16,20800,16,108757,108757,108758,,,,108801,108768,108783,16,1:15,108784,108799,16,1:15,108785,108800,16,1:15,,,0,,,,0,,,,0,,,,0,,1,10,15,17,1,,,,
asymmetric,4,691,4,bt,16,0,20928,16,108804,108804,108805,,,,108848,108815,108830,16,1:15,108831,108846,16,1:15,108832,108847,16,1:15,,,0,,,,0,,,,0,,,,0,,1,10,15,17,1,,,,
asymmetric,4,692,4,bt,16,16,21056,16,108851,108851,108852,,,,108895,108862,108877,16,1:15,108878,108893,16,1:15,108879,108894,16,1:15,,,0,,,,0,,,,0,,,,0,,1,10,15,17,1,,,,
asymmetric,4,693,4,bt,17,0,21184,16,108898,108898,108899,,,,108942,108909,108924,16,1:15,108925,108940,16,1:15,108926,108941,16,1:15,,,0,,,,0,,,,0,,,,0,,1,10,15,17,1,,,,
asymmetric,4,694,4,bt,17,16,21312,16,108945,108945,108946,,,,108989,108956,108971,16,1:15,108972,108987,16,1:15,108973,108988,16,1:15,,,0,,,,0,,,,0,,,,0,,1,10,15,17,1,,,,
asymmetric,4,695,4,bt,18,0,21440,16,108992,108992,108993,,,,109036,109003,109018,16,1:15,109019,109034,16,1:15,109020,109035,16,1:15,,,0,,,,0,,,,0,,,,0,,1,10,15,17,1,,,,
asymmetric,4,696,4,bt,18,16,21568,16,109039,109039,109040,,,,109083,109050,109065,16,1:15,109066,109081,16,1:15,109067,109082,16,1:15,,,0,,,,0,,,,0,,,,0,,1,10,15,17,1,,,,
asymmetric,4,697,4,bt,19,0,21696,16,109086,109086,109087,,,,109130,109097,109112,16,1:15,109113,109128,16,1:15,109114,109129,16,1:15,,,0,,,,0,,,,0,,,,0,,1,10,15,17,1,,,,
asymmetric,4,698,4,bt,19,16,21824,16,109133,109133,109134,,,,109177,109144,109159,16,1:15,109160,109175,16,1:15,109161,109176,16,1:15,,,0,,,,0,,,,0,,,,0,,1,10,15,17,1,,,,
asymmetric,4,699,4,bt,20,0,21952,16,109180,109180,109181,,,,109224,109191,109206,16,1:15,109207,109222,16,1:15,109208,109223,16,1:15,,,0,,,,0,,,,0,,,,0,,1,10,15,17,1,,,,
asymmetric,4,700,4,bt,20,16,22080,16,109227,109227,109228,,,,109271,109238,109253,16,1:15,109254,109269,16,1:15,109255,109270,16,1:15,,,0,,,,0,,,,0,,,,0,,1,10,15,17,1,,,,
asymmetric,4,701,4,bt,21,0,22208,16,109274,109274,109275,,,,109318,109285,109300,16,1:15,109301,109316,16,1:15,109302,109317,16,1:15,,,0,,,,0,,,,0,,,,0,,1,10,15,17,1,,,,
asymmetric,4,702,4,bt,21,16,22336,16,109321,109321,109322,,,,109365,109332,109347,16,1:15,109348,109363,16,1:15,109349,109364,16,1:15,,,0,,,,0,,,,0,,,,0,,1,10,15,17,1,,,,
asymmetric,4,703,4,bt,22,0,22464,16,109368,109368,109369,,,,109412,109379,109394,16,1:15,109395,109410,16,1:15,109396,109411,16,1:15,,,0,,,,0,,,,0,,,,0,,1,10,15,17,1,,,,
asymmetric,4,704,4,bt,22,16,22592,16,109415,109415,109416,,,,109459,109426,109441,16,1:15,109442,109457,16,1:15,109443,109458,16,1:15,,,0,,,,0,,,,0,,,,0,,1,10,15,17,1,,,,
asymmetric,4,705,4,bt,23,0,22720,16,109462,109462,109463,,,,109506,109473,109488,16,1:15,109489,109504,16,1:15,109490,109505,16,1:15,,,0,,,,0,,,,0,,,,0,,1,10,15,17,1,,,,
asymmetric,4,706,4,bt,23,16,22848,16,109509,109509,109510,,,,109553,109520,109535,16,1:15,109536,109551,16,1:15,109537,109552,16,1:15,,,0,,,,0,,,,0,,,,0,,1,10,15,17,1,,,,
asymmetric,4,707,4,bt,24,0,22976,16,109556,109556,109557,,,,109600,109567,109582,16,1:15,109583,109598,16,1:15,109584,109599,16,1:15,,,0,,,,0,,,,0,,,,0,,1,10,15,17,1,,,,
asymmetric,4,708,4,bt,24,16,23104,16,109603,109603,109604,,,,109647,109614,109629,16,1:15,109630,109645,16,1:15,109631,109646,16,1:15,,,0,,,,0,,,,0,,,,0,,1,10,15,17,1,,,,
asymmetric,4,709,4,bt,25,0,23232,16,109650,109650,109651,,,,109694,109661,109676,16,1:15,109677,109692,16,1:15,109678,109693,16,1:15,,,0,,,,0,,,,0,,,,0,,1,10,15,17,1,,,,
asymmetric,4,710,4,bt,25,16,23360,16,109697,109697,109698,,,,109741,109708,109723,16,1:15,109724,109739,16,1:15,109725,109740,16,1:15,,,0,,,,0,,,,0,,,,0,,1,10,15,17,1,,,,
asymmetric,4,711,4,bt,26,0,23488,16,109744,109744,109745,,,,109788,109755,109770,16,1:15,109771,109786,16,1:15,109772,109787,16,1:15,,,0,,,,0,,,,0,,,,0,,1,10,15,17,1,,,,
asymmetric,4,712,4,bt,26,16,23616,16,109791,109791,109792,,,,109835,109802,109817,16,1:15,109818,109833,16,1:15,109819,109834,16,1:15,,,0,,,,0,,,,0,,,,0,,1,10,15,17,1,,,,
asymmetric,4,713,4,bt,27,0,23744,16,109838,109838,109839,,,,109882,109849,109864,16,1:15,109865,109880,16,1:15,109866,109881,16,1:15,,,0,,,,0,,,,0,,,,0,,1,10,15,17,1,,,,
asymmetric,4,714,4,bt,27,16,23872,16,109885,109885,109886,,,,109929,109896,109911,16,1:15,109912,109927,16,1:15,109913,109928,16,1:15,,,0,,,,0,,,,0,,,,0,,1,10,15,17,1,,,,
asymmetric,4,715,4,bt,28,0,24000,16,109932,109932,109933,,,,109976,109943,109958,16,1:15,109959,109974,16,1:15,109960,109975,16,1:15,,,0,,,,0,,,,0,,,,0,,1,10,15,17,1,,,,
asymmetric,4,716,4,bt,28,16,24128,16,109979,109979,109980,,,,110023,109990,110005,16,1:15,110006,110021,16,1:15,110007,110022,16,1:15,,,0,,,,0,,,,0,,,,0,,1,10,15,17,1,,,,
asymmetric,4,717,4,bt,29,0,24256,16,110026,110026,110027,,,,110070,110037,110052,16,1:15,110053,110068,16,1:15,110054,110069,16,1:15,,,0,,,,0,,,,0,,,,0,,1,10,15,17,1,,,,
asymmetric,4,718,4,bt,29,16,24384,16,110073,110073,110074,,,,110117,110084,110099,16,1:15,110100,110115,16,1:15,110101,110116,16,1:15,,,0,,,,0,,,,0,,,,0,,1,10,15,17,1,,,,
asymmetric,4,719,4,bt,30,0,24512,8,110120,110120,110121,,,,110148,110131,110138,8,1:7,110139,110146,8,1:7,110140,110147,8,1:7,,,0,,,,0,,,,0,,,,0,,1,10,7,9,1,,,,
asymmetric,4,720,4,bt,30,8,24576,16,110151,110151,110152,,,,110195,110162,110177,16,1:15,110178,110193,16,1:15,110179,110194,16,1:15,,,0,,,,0,,,,0,,,,0,,1,10,15,17,1,,,,
asymmetric,4,721,4,bt,30,24,24704,8,110198,110198,110199,,,,110226,110209,110216,8,1:7,110217,110224,8,1:7,110218,110225,8,1:7,,,0,,,,0,,,,0,,,,0,,1,10,7,9,1,,,,
asymmetric,4,722,4,bt,31,0,24768,16,110229,110229,110230,,,,110273,110240,110255,16,1:15,110256,110271,16,1:15,110257,110272,16,1:15,,,0,,,,0,,,,0,,,,0,,1,10,15,17,1,,,,
asymmetric,4,723,4,bt,31,16,24896,16,110276,110276,110277,,,,110320,110287,110302,16,1:15,110303,110318,16,1:15,110304,110319,16,1:15,,,0,,,,0,,,,0,,,,0,,1,10,15,17,1,,,,
asymmetric,4,724,4,c,0,0,49472,16,112490,112490,,112571,112570,112594,112595,,,0,,,,0,,,,0,,112492,112567,16,5:15,112494,112569,16,5:15,112495,112570,16,5:15,112571,112586,16,1:15,,,,,,80,16,8,1
asymmetric,4,725,5,a,0,0,16448,16,112604,112604,112605,,,,112648,112615,112630,16,1:15,112631,112646,16,1:15,112632,112647,16,1:15,,,0,,,,0,,,,0,,,,0,,1,10,15,17,1,,,,
asymmetric,4,726,5,a,0,16,16576,16,112651,112651,112652,,,,112695,112662,112677,16,1:15,112678,112693,16,1:15,112679,112694,16,1:15,,,0,,,,0,,,,0,,,,0,,1,10,15,17,1,,,,
asymmetric,4,727,5,bt,0,0,25024,16,112703,112703,112704,,,,112747,112714,112729,16,1:15,112730,112745,16,1:15,112731,112746,16,1:15,,,0,,,,0,,,,0,,,,0,,1,10,15,17,1,,,,
asymmetric,4,728,5,bt,0,16,25152,16,112750,112750,112751,,,,112794,112761,112776,16,1:15,112777,112792,16,1:15,112778,112793,16,1:15,,,0,,,,0,,,,0,,,,0,,1,10,15,17,1,,,,
asymmetric,4,729,5,bt,1,0,25280,16,112797,112797,112798,,,,112841,112808,112823,16,1:15,112824,112839,16,1:15,112825,112840,16,1:15,,,0,,,,0,,,,0,,,,0,,1,10,15,17,1,,,,
asymmetric,4,730,5,bt,1,16,25408,16,112844,112844,112845,,,,112888,112855,112870,16,1:15,112871,112886,16,1:15,112872,112887,16,1:15,,,0,,,,0,,,,0,,,,0,,1,10,15,17,1,,,,
asymmetric,4,731,5,bt,2,0,25536,16,112891,112891,112892,,,,112935,112902,112917,16,1:15,112918,112933,16,1:15,112919,112934,16,1:15,,,0,,,,0,,,,0,,,,0,,1,10,15,17,1,,,,
asymmetric,4,732,5,bt,2,16,25664,16,112938,112938,112939,,,,112982,112949,112964,16,1:15,112965,112980,16,1:15,112966,112981,16,1:15,,,0,,,,0,,,,0,,,,0,,1,10,15,17,1,,,,
asymmetric,4,733,5,bt,3,0,25792,16,112985,112985,112986,,,,113029,112996,113011,16,1:15,113012,113027,16,1:15,113013,113028,16,1:15,,,0,,,,0,,,,0,,,,0,,1,10,15,17,1,,,,
asymmetric,4,734,5,bt,3,16,25920,16,113032,113032,113033,,,,113076,113043,113058,16,1:15,113059,113074,16,1:15,113060,113075,16,1:15,,,0,,,,0,,,,0,,,,0,,1,10,15,17,1,,,,
asymmetric,4,735,5,bt,4,0,26048,16,113079,113079,113080,,,,113123,113090,113105,16,1:15,113106,113121,16,1:15,113107,113122,16,1:15,,,0,,,,0,,,,0,,,,0,,1,10,15,17,1,,,,
asymmetric,4,736,5,bt,4,16,26176,16,113126,113126,113127,,,,113170,113137,113152,16,1:15,113153,113168,16,1:15,113154,113169,16,1:15,,,0,,,,0,,,,0,,,,0,,1,10,15,17,1,,,,
asymmetric,4,737,5,bt,5,0,26304,16,113173,113173,113174,,,,113217,113184,113199,16,1:15,113200,113215,16,1:15,113201,113216,16,1:15,,,0,,,,0,,,,0,,,,0,,1,10,15,17,1,,,,
asymmetric,4,738,5,bt,5,16,26432,16,113220,113220,113221,,,,113264,113231,113246,16,1:15,113247,113262,16,1:15,113248,113263,16,1:15,,,0,,,,0,,,,0,,,,0,,1,10,15,17,1,,,,
asymmetric,4,739,5,bt,6,0,26560,16,113267,113267,113268,,,,113311,113278,113293,16,1:15,113294,113309,16,1:15,113295,113310,16,1:15,,,0,,,,0,,,,0,,,,0,,1,10,15,17,1,,,,
asymmetric,4,740,5,bt,6,16,26688,16,113314,113314,113315,,,,113358,113325,113340,16,1:15,113341,113356,16,1:15,113342,113357,16,1:15,,,0,,,,0,,,,0,,,,0,,1,10,15,17,1,,,,
asymmetric,4,741,5,bt,7,0,26816,16,113361,113361,113362,,,,113405,113372,113387,16,1:15,113388,113403,16,1:15,113389,113404,16,1:15,,,0,,,,0,,,,0,,,,0,,1,10,15,17,1,,,,
asymmetric,4,742,5,bt,7,16,26944,16,113408,113408,113409,,,,113452,113419,113434,16,1:15,113435,113450,16,1:15,113436,113451,16,1:15,,,0,,,,0,,,,0,,,,0,,1,10,15,17,1,,,,
asymmetric,4,743,5,bt,8,0,27072,16,113455,113455,113456,,,,113499,113466,113481,16,1:15,113482,113497,16,1:15,113483,113498,16,1:15,,,0,,,,0,,,,0,,,,0,,1,10,15,17,1,,,,
asymmetric,4,744,5,bt,8,16,27200,16,113502,113502,113503,,,,113546,113513,113528,16,1:15,113529,113544,16,1:15,113530,113545,16,1:15,,,0,,,,0,,,,0,,,,0,,1,10,15,17,1,,,,
asymmetric,4,745,5,bt,9,0,27328,16,113549,113549,113550,,,,113593,113560,113575,16,1:15,113576,113591,16,1:15,113577,113592,16,1:15,,,0,,,,0,,,,0,,,,0,,1,10,15,17,1,,,,
asymmetric,4,746,5,bt,9,16,27456,16,113596,113596,113597,,,,113640,113607,113622,16,1:15,113623,113638,16,1:15,113624,113639,16,1:15,,,0,,,,0,,,,0,,,,0,,1,10,15,17,1,,,,
asymmetric,4,747,5,bt,10,0,27584,16,113643,113643,113644,,,,113687,113654,113669,16,1:15,113670,113685,16,1:15,113671,113686,16,1:15,,,0,,,,0,,,,0,,,,0,,1,10,15,17,1,,,,
asymmetric,4,748,5,bt,10,16,27712,16,113690,113690,113691,,,,113734,113701,113716,16,1:15,113717,113732,16,1:15,113718,113733,16,1:15,,,0,,,,0,,,,0,,,,0,,1,10,15,17,1,,,,
asymmetric,4,749,5,bt,11,0,27840,16,113737,113737,113738,,,,113781,113748,113763,16,1:15,113764,113779,16,1:15,113765,113780,16,1:15,,,0,,,,0,,,,0,,,,0,,1,10,15,17,1,,,,
asymmetric,4,750,5,bt,11,16,27968,16,113784,113784,113785,,,,113828,113795,113810,16,1:15,113811,113826,16,1:15,113812,113827,16,1:15,,,0,,,,0,,,,0,,,,0,,1,10,15,17,1,,,,
asymmetric,4,751,5,bt,12,0,28096,16,113831,113831,113832,,,,113875,113842,113857,16,1:15,113858,113873,16,1:15,113859,113874,16,1:15,,,0,,,,0,,,,0,,,,0,,1,10,15,17,1,,,,
asymmetric,4,752,5,bt,12,16,28224,16,113878,113878,113879,,,,113922,113889,113904,16,1:15,113905,113920,16,1:15,113906,113921,16,1:15,,,0,,,,0,,,,0,,,,0,,1,10,15,17,1,,,,
asymmetric,4,753,5,bt,13,0,28352,16,113925,113925,113926,,,,113969,113936,113951,16,1:15,113952,113967,16,1:15,113953,113968,16,1:15,,,0,,,,0,,,,0,,,,0,,1,10,15,17,1,,,,
asymmetric,4,754,5,bt,13,16,28480,16,113972,113972,113973,,,,114016,113983,113998,16,1:15,113999,114014,16,1:15,114000,114015,16,1:15,,,0,,,,0,,,,0,,,,0,,1,10,15,17,1,,,,
asymmetric,4,755,5,bt,14,0,28608,8,114019,114019,114020,,,,114047,114030,114037,8,1:7,114038,114045,8,1:7,114039,114046,8,1:7,,,0,,,,0,,,,0,,,,0,,1,10,7,9,1,,,,
asymmetric,4,756,5,bt,14,8,28672,16,114050,114050,114051,,,,114094,114061,114076,16,1:15,114077,114092,16,1:15,114078,114093,16,1:15,,,0,,,,0,,,,0,,,,0,,1,10,15,17,1,,,,
asymmetric,4,757,5,bt,14,24,28800,8,114097,114097,114098,,,,114125,114108,114115,8,1:7,114116,114123,8,1:7,114117,114124,8,1:7,,,0,,,,0,,,,0,,,,0,,1,10,7,9,1,,,,
asymmetric,4,758,5,bt,15,0,28864,16,114128,114128,114129,,,,114172,114139,114154,16,1:15,114155,114170,16,1:15,114156,114171,16,1:15,,,0,,,,0,,,,0,,,,0,,1,10,15,17,1,,,,
asymmetric,4,759,5,bt,15,16,28992,16,114175,114175,114176,,,,114219,114186,114201,16,1:15,114202,114217,16,1:15,114203,114218,16,1:15,,,0,,,,0,,,,0,,,,0,,1,10,15,17,1,,,,
asymmetric,4,760,5,bt,16,0,29120,16,114222,114222,114223,,,,114266,114233,114248,16,1:15,114249,114264,16,1:15,114250,114265,16,1:15,,,0,,,,0,,,,0,,,,0,,1,10,15,17,1,,,,
asymmetric,4,761,5,bt,16,16,29248,16,114269,114269,114270,,,,114313,114280,114295,16,1:15,114296,114311,16,1:15,114297,114312,16,1:15,,,0,,,,0,,,,0,,,,0,,1,10,15,17,1,,,,
asymmetric,4,762,5,bt,17,0,29376,16,114316,114316,114317,,,,114360,114327,114342,16,1:15,114343,114358,16,1:15,114344,114359,16,1:15,,,0,,,,0,,,,0,,,,0,,1,10,15,17,1,,,,
asymmetric,4,763,5,bt,17,16,29504,16,114363,114363,114364,,,,114407,114374,114389,16,1:15,114390,114405,16,1:15,114391,114406,16,1:15,,,0,,,,0,,,,0,,,,0,,1,10,15,17,1,,,,
asymmetric,4,764,5,bt,18,0,29632,16,114410,114410,114411,,,,114454,114421,114436,16,1:15,114437,114452,16,1:15,114438,114453,16,1:15,,,0,,,,0,,,,0,,,,0,,1,10,15,17,1,,,,
asymmetric,4,765,5,bt,18,16,29760,16,114457,114457,114458,,,,114501,114468,114483,16,1:15,114484,114499,16,1:15,114485,114500,16,1:15,,,0,,,,0,,,,0,,,,0,,1,10,15,17,1,,,,
asymmetric,4,766,5,bt,19,0,29888,16,114504,114504,114505,,,,114548,114515,114530,16,1:15,114531,114546,16,1:15,114532,114547,16,1:15,,,0,,,,0,,,,0,,,,0,,1,10,15,17,1,,,,
asymmetric,4,767,5,bt,19,16,30016,16,114551,114551,114552,,,,114595,114562,114577,16,1:15,114578,114593,16,1:15,114579,114594,16,1:15,,,0,,,,0,,,,0,,,,0,,1,10,15,17,1,,,,
asymmetric,4,768,5,bt,20,0,30144,16,114598,114598,114599,,,,114642,114609,114624,16,1:15,114625,114640,16,1:15,114626,114641,16,1:15,,,0,,,,0,,,,0,,,,0,,1,10,15,17,1,,,,
asymmetric,4,769,5,bt,20,16,30272,16,114645,114645,114646,,,,114689,114656,114671,16,1:15,114672,114687,16,1:15,114673,114688,16,1:15,,,0,,,,0,,,,0,,,,0,,1,10,15,17,1,,,,
asymmetric,4,770,5,bt,21,0,30400,16,114692,114692,114693,,,,114736,114703,114718,16,1:15,114719,114734,16,1:15,114720,114735,16,1:15,,,0,,,,0,,,,0,,,,0,,1,10,15,17,1,,,,
asymmetric,4,771,5,bt,21,16,30528,16,114739,114739,114740,,,,114783,114750,114765,16,1:15,114766,114781,16,1:15,114767,114782,16,1:15,,,0,,,,0,,,,0,,,,0,,1,10,15,17,1,,,,
asymmetric,4,772,5,bt,22,0,30656,16,114786,114786,114787,,,,114830,114797,114812,16,1:15,114813,114828,16,1:15,114814,114829,16,1:15,,,0,,,,0,,,,0,,,,0,,1,10,15,17,1,,,,
asymmetric,4,773,5,bt,22,16,30784,16,114833,114833,114834,,,,114877,114844,114859,16,1:15,114860,114875,16,1:15,114861,114876,16,1:15,,,0,,,,0,,,,0,,,,0,,1,10,15,17,1,,,,
asymmetric,4,774,5,bt,23,0,30912,16,114880,114880,114881,,,,114924,114891,114906,16,1:15,114907,114922,16,1:15,114908,114923,16,1:15,,,0,,,,0,,,,0,,,,0,,1,10,15,17,1,,,,
asymmetric,4,775,5,bt,23,16,31040,16,114927,114927,114928,,,,114971,114938,114953,16,1:15,114954,114969,16,1:15,114955,114970,16,1:15,,,0,,,,0,,,,0,,,,0,,1,10,15,17,1,,,,
asymmetric,4,776,5,bt,24,0,31168,16,114974,114974,114975,,,,115018,114985,115000,16,1:15,115001,115016,16,1:15,115002,115017,16,1:15,,,0,,,,0,,,,0,,,,0,,1,10,15,17,1,,,,
asymmetric,4,777,5,bt,24,16,31296,16,115021,115021,115022,,,,115065,115032,115047,16,1:15,115048,115063,16,1:15,115049,115064,16,1:15,,,0,,,,0,,,,0,,,,0,,1,10,15,17,1,,,,
asymmetric,4,778,5,bt,25,0,31424,16,115068,115068,115069,,,,115112,115079,115094,16,1:15,115095,115110,16,1:15,115096,115111,16,1:15,,,0,,,,0,,,,0,,,,0,,1,10,15,17,1,,,,
asymmetric,4,779,5,bt,25,16,31552,16,115115,115115,115116,,,,115159,115126,115141,16,1:15,115142,115157,16,1:15,115143,115158,16,1:15,,,0,,,,0,,,,0,,,,0,,1,10,15,17,1,,,,
asymmetric,4,780,5,bt,26,0,31680,16,115162,115162,115163,,,,115206,115173,115188,16,1:15,115189,115204,16,1:15,115190,115205,16,1:15,,,0,,,,0,,,,0,,,,0,,1,10,15,17,1,,,,
asymmetric,4,781,5,bt,26,16,31808,16,115209,115209,115210,,,,115253,115220,115235,16,1:15,115236,115251,16,1:15,115237,115252,16,1:15,,,0,,,,0,,,,0,,,,0,,1,10,15,17,1,,,,
asymmetric,4,782,5,bt,27,0,31936,16,115256,115256,115257,,,,115300,115267,115282,16,1:15,115283,115298,16,1:15,115284,115299,16,1:15,,,0,,,,0,,,,0,,,,0,,1,10,15,17,1,,,,
asymmetric,4,783,5,bt,27,16,32064,16,115303,115303,115304,,,,115347,115314,115329,16,1:15,115330,115345,16,1:15,115331,115346,16,1:15,,,0,,,,0,,,,0,,,,0,,1,10,15,17,1,,,,
asymmetric,4,784,5,bt,28,0,32192,16,115350,115350,115351,,,,115394,115361,115376,16,1:15,115377,115392,16,1:15,115378,115393,16,1:15,,,0,,,,0,,,,0,,,,0,,1,10,15,17,1,,,,
asymmetric,4,785,5,bt,28,16,32320,16,115397,115397,115398,,,,115441,115408,115423,16,1:15,115424,115439,16,1:15,115425,115440,16,1:15,,,0,,,,0,,,,0,,,,0,,1,10,15,17,1,,,,
asymmetric,4,786,5,bt,29,0,32448,16,115444,115444,115445,,,,115488,115455,115470,16,1:15,115471,115486,16,1:15,115472,115487,16,1:15,,,0,,,,0,,,,0,,,,0,,1,10,15,17,1,,,,
asymmetric,4,787,5,bt,29,16,32576,16,115491,115491,115492,,,,115535,115502,115517,16,1:15,115518,115533,16,1:15,115519,115534,16,1:15,,,0,,,,0,,,,0,,,,0,,1,10,15,17,1,,,,
asymmetric,4,788,5,bt,30,0,32704,8,115538,115538,115539,,,,115566,115549,115556,8,1:7,115557,115564,8,1:7,115558,115565,8,1:7,,,0,,,,0,,,,0,,,,0,,1,10,7,9,1,,,,
asymmetric,4,789,5,bt,30,8,32768,16,115569,115569,115570,,,,115613,115580,115595,16,1:15,115596,115611,16,1:15,115597,115612,16,1:15,,,0,,,,0,,,,0,,,,0,,1,10,15,17,1,,,,
asymmetric,4,790,5,bt,30,24,32896,8,115616,115616,115617,,,,115644,115627,115634,8,1:7,115635,115642,8,1:7,115636,115643,8,1:7,,,0,,,,0,,,,0,,,,0,,1,10,7,9,1,,,,
asymmetric,4,791,5,c,0,0,49600,16,117814,117814,,117895,117894,117918,117919,,,0,,,,0,,,,0,,117816,117891,16,5:15,117818,117893,16,5:15,117819,117894,16,5:15,117895,117910,16,1:15,,,,,,80,16,8,1
