name,job_id,index,tile,kind,row,word,address,beats,command_offer,command,ar,aw,gather_complete,b,local_done,r_first,r_last,r_count,r_gap_histogram,local_reads_first,local_reads_last,local_reads_count,local_reads_gap_histogram,loads_first,loads_last,loads_count,loads_gap_histogram,result_requests_first,result_requests_last,result_requests_count,result_requests_gap_histogram,result_responses_first,result_responses_last,result_responses_count,result_responses_gap_histogram,local_writes_first,local_writes_last,local_writes_count,local_writes_gap_histogram,w_first,w_last,w_count,w_gap_histogram,command_to_ar,ar_to_first_r,remaining_r_span,last_r_to_last_bank_load,last_bank_load_to_local_done,c_gather,aw_w_issue,b_response,b_to_local_done
dense,1,0,0,a,0,0,64,16,6,6,7,,,,42,9,24,16,1:15,25,40,16,1:15,26,41,16,1:15,,,0,,,,0,,,,0,,,,0,,1,2,15,17,1,,,,
dense,1,1,0,a,0,16,192,16,45,45,46,,,,81,48,63,16,1:15,64,79,16,1:15,65,80,16,1:15,,,0,,,,0,,,,0,,,,0,,1,2,15,17,1,,,,
dense,1,2,0,a,1,0,320,16,84,84,85,,,,120,87,102,16,1:15,103,118,16,1:15,104,119,16,1:15,,,0,,,,0,,,,0,,,,0,,1,2,15,17,1,,,,
dense,1,3,0,a,1,16,448,16,123,123,124,,,,159,126,141,16,1:15,142,157,16,1:15,143,158,16,1:15,,,0,,,,0,,,,0,,,,0,,1,2,15,17,1,,,,
dense,1,4,0,a,2,0,576,16,162,162,163,,,,198,165,180,16,1:15,181,196,16,1:15,182,197,16,1:15,,,0,,,,0,,,,0,,,,0,,1,2,15,17,1,,,,
dense,1,5,0,a,2,16,704,16,201,201,202,,,,237,204,219,16,1:15,220,235,16,1:15,221,236,16,1:15,,,0,,,,0,,,,0,,,,0,,1,2,15,17,1,,,,
dense,1,6,0,a,3,0,832,16,240,240,241,,,,276,243,258,16,1:15,259,274,16,1:15,260,275,16,1:15,,,0,,,,0,,,,0,,,,0,,1,2,15,17,1,,,,
dense,1,7,0,a,3,16,960,16,279,279,280,,,,315,282,297,16,1:15,298,313,16,1:15,299,314,16,1:15,,,0,,,,0,,,,0,,,,0,,1,2,15,17,1,,,,
dense,1,8,0,a,4,0,1088,16,318,318,319,,,,354,321,336,16,1:15,337,352,16,1:15,338,353,16,1:15,,,0,,,,0,,,,0,,,,0,,1,2,15,17,1,,,,
dense,1,9,0,a,4,16,1216,16,357,357,358,,,,393,360,375,16,1:15,376,391,16,1:15,377,392,16,1:15,,,0,,,,0,,,,0,,,,0,,1,2,15,17,1,,,,
dense,1,10,0,a,5,0,1344,16,396,396,397,,,,432,399,414,16,1:15,415,430,16,1:15,416,431,16,1:15,,,0,,,,0,,,,0,,,,0,,1,2,15,17,1,,,,
dense,1,11,0,a,5,16,1472,16,435,435,436,,,,471,438,453,16,1:15,454,469,16,1:15,455,470,16,1:15,,,0,,,,0,,,,0,,,,0,,1,2,15,17,1,,,,
dense,1,12,0,a,6,0,1600,16,474,474,475,,,,510,477,492,16,1:15,493,508,16,1:15,494,509,16,1:15,,,0,,,,0,,,,0,,,,0,,1,2,15,17,1,,,,
dense,1,13,0,a,6,16,1728,16,513,513,514,,,,549,516,531,16,1:15,532,547,16,1:15,533,548,16,1:15,,,0,,,,0,,,,0,,,,0,,1,2,15,17,1,,,,
dense,1,14,0,a,7,0,1856,16,552,552,553,,,,588,555,570,16,1:15,571,586,16,1:15,572,587,16,1:15,,,0,,,,0,,,,0,,,,0,,1,2,15,17,1,,,,
dense,1,15,0,a,7,16,1984,16,591,591,592,,,,627,594,609,16,1:15,610,625,16,1:15,611,626,16,1:15,,,0,,,,0,,,,0,,,,0,,1,2,15,17,1,,,,
dense,1,16,0,a,8,0,2112,16,630,630,631,,,,666,633,648,16,1:15,649,664,16,1:15,650,665,16,1:15,,,0,,,,0,,,,0,,,,0,,1,2,15,17,1,,,,
dense,1,17,0,a,8,16,2240,16,669,669,670,,,,705,672,687,16,1:15,688,703,16,1:15,689,704,16,1:15,,,0,,,,0,,,,0,,,,0,,1,2,15,17,1,,,,
dense,1,18,0,a,9,0,2368,16,708,708,709,,,,744,711,726,16,1:15,727,742,16,1:15,728,743,16,1:15,,,0,,,,0,,,,0,,,,0,,1,2,15,17,1,,,,
dense,1,19,0,a,9,16,2496,16,747,747,748,,,,783,750,765,16,1:15,766,781,16,1:15,767,782,16,1:15,,,0,,,,0,,,,0,,,,0,,1,2,15,17,1,,,,
dense,1,20,0,a,10,0,2624,16,786,786,787,,,,822,789,804,16,1:15,805,820,16,1:15,806,821,16,1:15,,,0,,,,0,,,,0,,,,0,,1,2,15,17,1,,,,
dense,1,21,0,a,10,16,2752,16,825,825,826,,,,861,828,843,16,1:15,844,859,16,1:15,845,860,16,1:15,,,0,,,,0,,,,0,,,,0,,1,2,15,17,1,,,,
dense,1,22,0,a,11,0,2880,16,864,864,865,,,,900,867,882,16,1:15,883,898,16,1:15,884,899,16,1:15,,,0,,,,0,,,,0,,,,0,,1,2,15,17,1,,,,
dense,1,23,0,a,11,16,3008,16,903,903,904,,,,939,906,921,16,1:15,922,937,16,1:15,923,938,16,1:15,,,0,,,,0,,,,0,,,,0,,1,2,15,17,1,,,,
dense,1,24,0,a,12,0,3136,16,942,942,943,,,,978,945,960,16,1:15,961,976,16,1:15,962,977,16,1:15,,,0,,,,0,,,,0,,,,0,,1,2,15,17,1,,,,
dense,1,25,0,a,12,16,3264,16,981,981,982,,,,1017,984,999,16,1:15,1000,1015,16,1:15,1001,1016,16,1:15,,,0,,,,0,,,,0,,,,0,,1,2,15,17,1,,,,
dense,1,26,0,a,13,0,3392,16,1020,1020,1021,,,,1056,1023,1038,16,1:15,1039,1054,16,1:15,1040,1055,16,1:15,,,0,,,,0,,,,0,,,,0,,1,2,15,17,1,,,,
dense,1,27,0,a,13,16,3520,16,1059,1059,1060,,,,1095,1062,1077,16,1:15,1078,1093,16,1:15,1079,1094,16,1:15,,,0,,,,0,,,,0,,,,0,,1,2,15,17,1,,,,
dense,1,28,0,a,14,0,3648,16,1098,1098,1099,,,,1134,1101,1116,16,1:15,1117,1132,16,1:15,1118,1133,16,1:15,,,0,,,,0,,,,0,,,,0,,1,2,15,17,1,,,,
dense,1,29,0,a,14,16,3776,16,1137,1137,1138,,,,1173,1140,1155,16,1:15,1156,1171,16,1:15,1157,1172,16,1:15,,,0,,,,0,,,,0,,,,0,,1,2,15,17,1,,,,
dense,1,30,0,a,15,0,3904,16,1176,1176,1177,,,,1212,1179,1194,16,1:15,1195,1210,16,1:15,1196,1211,16,1:15,,,0,,,,0,,,,0,,,,0,,1,2,15,17,1,,,,
dense,1,31,0,a,15,16,4032,8,1215,1215,1216,,,,1235,1218,1225,8,1:7,1226,1233,8,1:7,1227,1234,8,1:7,,,0,,,,0,,,,0,,,,0,,1,2,7,9,1,,,,
dense,1,32,0,a,15,24,4096,8,1238,1238,1239,,,,1258,1241,1248,8,1:7,1249,1256,8,1:7,1250,1257,8,1:7,,,0,,,,0,,,,0,,,,0,,1,2,7,9,1,,,,
dense,1,33,0,a,16,0,4160,16,1261,1261,1262,,,,1297,1264,1279,16,1:15,1280,1295,16,1:15,1281,1296,16,1:15,,,0,,,,0,,,,0,,,,0,,1,2,15,17,1,,,,
dense,1,34,0,a,16,16,4288,16,1300,1300,1301,,,,1336,1303,1318,16,1:15,1319,1334,16,1:15,1320,1335,16,1:15,,,0,,,,0,,,,0,,,,0,,1,2,15,17,1,,,,
dense,1,35,0,a,17,0,4416,16,1339,1339,1340,,,,1375,1342,1357,16,1:15,1358,1373,16,1:15,1359,1374,16,1:15,,,0,,,,0,,,,0,,,,0,,1,2,15,17,1,,,,
dense,1,36,0,a,17,16,4544,16,1378,1378,1379,,,,1414,1381,1396,16,1:15,1397,1412,16,1:15,1398,1413,16,1:15,,,0,,,,0,,,,0,,,,0,,1,2,15,17,1,,,,
dense,1,37,0,a,18,0,4672,16,1417,1417,1418,,,,1453,1420,1435,16,1:15,1436,1451,16,1:15,1437,1452,16,1:15,,,0,,,,0,,,,0,,,,0,,1,2,15,17,1,,,,
dense,1,38,0,a,18,16,4800,16,1456,1456,1457,,,,1492,1459,1474,16,1:15,1475,1490,16,1:15,1476,1491,16,1:15,,,0,,,,0,,,,0,,,,0,,1,2,15,17,1,,,,
dense,1,39,0,a,19,0,4928,16,1495,1495,1496,,,,1531,1498,1513,16,1:15,1514,1529,16,1:15,1515,1530,16,1:15,,,0,,,,0,,,,0,,,,0,,1,2,15,17,1,,,,
dense,1,40,0,a,19,16,5056,16,1534,1534,1535,,,,1570,1537,1552,16,1:15,1553,1568,16,1:15,1554,1569,16,1:15,,,0,,,,0,,,,0,,,,0,,1,2,15,17,1,,,,
dense,1,41,0,a,20,0,5184,16,1573,1573,1574,,,,1609,1576,1591,16,1:15,1592,1607,16,1:15,1593,1608,16,1:15,,,0,,,,0,,,,0,,,,0,,1,2,15,17,1,,,,
dense,1,42,0,a,20,16,5312,16,1612,1612,1613,,,,1648,1615,1630,16,1:15,1631,1646,16,1:15,1632,1647,16,1:15,,,0,,,,0,,,,0,,,,0,,1,2,15,17,1,,,,
dense,1,43,0,a,21,0,5440,16,1651,1651,1652,,,,1687,1654,1669,16,1:15,1670,1685,16,1:15,1671,1686,16,1:15,,,0,,,,0,,,,0,,,,0,,1,2,15,17,1,,,,
dense,1,44,0,a,21,16,5568,16,1690,1690,1691,,,,1726,1693,1708,16,1:15,1709,1724,16,1:15,1710,1725,16,1:15,,,0,,,,0,,,,0,,,,0,,1,2,15,17,1,,,,
dense,1,45,0,a,22,0,5696,16,1729,1729,1730,,,,1765,1732,1747,16,1:15,1748,1763,16,1:15,1749,1764,16,1:15,,,0,,,,0,,,,0,,,,0,,1,2,15,17,1,,,,
dense,1,46,0,a,22,16,5824,16,1768,1768,1769,,,,1804,1771,1786,16,1:15,1787,1802,16,1:15,1788,1803,16,1:15,,,0,,,,0,,,,0,,,,0,,1,2,15,17,1,,,,
dense,1,47,0,a,23,0,5952,16,1807,1807,1808,,,,1843,1810,1825,16,1:15,1826,1841,16,1:15,1827,1842,16,1:15,,,0,,,,0,,,,0,,,,0,,1,2,15,17,1,,,,
dense,1,48,0,a,23,16,6080,16,1846,1846,1847,,,,1882,1849,1864,16,1:15,1865,1880,16,1:15,1866,1881,16,1:15,,,0,,,,0,,,,0,,,,0,,1,2,15,17,1,,,,
dense,1,49,0,a,24,0,6208,16,1885,1885,1886,,,,1921,1888,1903,16,1:15,1904,1919,16,1:15,1905,1920,16,1:15,,,0,,,,0,,,,0,,,,0,,1,2,15,17,1,,,,
dense,1,50,0,a,24,16,6336,16,1924,1924,1925,,,,1960,1927,1942,16,1:15,1943,1958,16,1:15,1944,1959,16,1:15,,,0,,,,0,,,,0,,,,0,,1,2,15,17,1,,,,
dense,1,51,0,a,25,0,6464,16,1963,1963,1964,,,,1999,1966,1981,16,1:15,1982,1997,16,1:15,1983,1998,16,1:15,,,0,,,,0,,,,0,,,,0,,1,2,15,17,1,,,,
dense,1,52,0,a,25,16,6592,16,2002,2002,2003,,,,2038,2005,2020,16,1:15,2021,2036,16,1:15,2022,2037,16,1:15,,,0,,,,0,,,,0,,,,0,,1,2,15,17,1,,,,
dense,1,53,0,a,26,0,6720,16,2041,2041,2042,,,,2077,2044,2059,16,1:15,2060,2075,16,1:15,2061,2076,16,1:15,,,0,,,,0,,,,0,,,,0,,1,2,15,17,1,,,,
dense,1,54,0,a,26,16,6848,16,2080,2080,2081,,,,2116,2083,2098,16,1:15,2099,2114,16,1:15,2100,2115,16,1:15,,,0,,,,0,,,,0,,,,0,,1,2,15,17,1,,,,
dense,1,55,0,a,27,0,6976,16,2119,2119,2120,,,,2155,2122,2137,16,1:15,2138,2153,16,1:15,2139,2154,16,1:15,,,0,,,,0,,,,0,,,,0,,1,2,15,17,1,,,,
dense,1,56,0,a,27,16,7104,16,2158,2158,2159,,,,2194,2161,2176,16,1:15,2177,2192,16,1:15,2178,2193,16,1:15,,,0,,,,0,,,,0,,,,0,,1,2,15,17,1,,,,
dense,1,57,0,a,28,0,7232,16,2197,2197,2198,,,,2233,2200,2215,16,1:15,2216,2231,16,1:15,2217,2232,16,1:15,,,0,,,,0,,,,0,,,,0,,1,2,15,17,1,,,,
dense,1,58,0,a,28,16,7360,16,2236,2236,2237,,,,2272,2239,2254,16,1:15,2255,2270,16,1:15,2256,2271,16,1:15,,,0,,,,0,,,,0,,,,0,,1,2,15,17,1,,,,
dense,1,59,0,a,29,0,7488,16,2275,2275,2276,,,,2311,2278,2293,16,1:15,2294,2309,16,1:15,2295,2310,16,1:15,,,0,,,,0,,,,0,,,,0,,1,2,15,17,1,,,,
dense,1,60,0,a,29,16,7616,16,2314,2314,2315,,,,2350,2317,2332,16,1:15,2333,2348,16,1:15,2334,2349,16,1:15,,,0,,,,0,,,,0,,,,0,,1,2,15,17,1,,,,
dense,1,61,0,a,30,0,7744,16,2353,2353,2354,,,,2389,2356,2371,16,1:15,2372,2387,16,1:15,2373,2388,16,1:15,,,0,,,,0,,,,0,,,,0,,1,2,15,17,1,,,,
dense,1,62,0,a,30,16,7872,16,2392,2392,2393,,,,2428,2395,2410,16,1:15,2411,2426,16,1:15,2412,2427,16,1:15,,,0,,,,0,,,,0,,,,0,,1,2,15,17,1,,,,
dense,1,63,0,a,31,0,8000,16,2431,2431,2432,,,,2467,2434,2449,16,1:15,2450,2465,16,1:15,2451,2466,16,1:15,,,0,,,,0,,,,0,,,,0,,1,2,15,17,1,,,,
dense,1,64,0,a,31,16,8128,8,2470,2470,2471,,,,2490,2473,2480,8,1:7,2481,2488,8,1:7,2482,2489,8,1:7,,,0,,,,0,,,,0,,,,0,,1,2,7,9,1,,,,
dense,1,65,0,a,31,24,8192,8,2493,2493,2494,,,,2513,2496,2503,8,1:7,2504,2511,8,1:7,2505,2512,8,1:7,,,0,,,,0,,,,0,,,,0,,1,2,7,9,1,,,,
dense,1,66,0,bt,0,0,8384,16,2521,2521,2522,,,,2557,2524,2539,16,1:15,2540,2555,16,1:15,2541,2556,16,1:15,,,0,,,,0,,,,0,,,,0,,1,2,15,17,1,,,,
dense,1,67,0,bt,0,16,8512,16,2560,2560,2561,,,,2596,2563,2578,16,1:15,2579,2594,16,1:15,2580,2595,16,1:15,,,0,,,,0,,,,0,,,,0,,1,2,15,17,1,,,,
dense,1,68,0,bt,1,0,8640,16,2599,2599,2600,,,,2635,2602,2617,16,1:15,2618,2633,16,1:15,2619,2634,16,1:15,,,0,,,,0,,,,0,,,,0,,1,2,15,17,1,,,,
dense,1,69,0,bt,1,16,8768,16,2638,2638,2639,,,,2674,2641,2656,16,1:15,2657,2672,16,1:15,2658,2673,16,1:15,,,0,,,,0,,,,0,,,,0,,1,2,15,17,1,,,,
dense,1,70,0,bt,2,0,8896,16,2677,2677,2678,,,,2713,2680,2695,16,1:15,2696,2711,16,1:15,2697,2712,16,1:15,,,0,,,,0,,,,0,,,,0,,1,2,15,17,1,,,,
dense,1,71,0,bt,2,16,9024,16,2716,2716,2717,,,,2752,2719,2734,16,1:15,2735,2750,16,1:15,2736,2751,16,1:15,,,0,,,,0,,,,0,,,,0,,1,2,15,17,1,,,,
dense,1,72,0,bt,3,0,9152,16,2755,2755,2756,,,,2791,2758,2773,16,1:15,2774,2789,16,1:15,2775,2790,16,1:15,,,0,,,,0,,,,0,,,,0,,1,2,15,17,1,,,,
dense,1,73,0,bt,3,16,9280,16,2794,2794,2795,,,,2830,2797,2812,16,1:15,2813,2828,16,1:15,2814,2829,16,1:15,,,0,,,,0,,,,0,,,,0,,1,2,15,17,1,,,,
dense,1,74,0,bt,4,0,9408,16,2833,2833,2834,,,,2869,2836,2851,16,1:15,2852,2867,16,1:15,2853,2868,16,1:15,,,0,,,,0,,,,0,,,,0,,1,2,15,17,1,,,,
dense,1,75,0,bt,4,16,9536,16,2872,2872,2873,,,,2908,2875,2890,16,1:15,2891,2906,16,1:15,2892,2907,16,1:15,,,0,,,,0,,,,0,,,,0,,1,2,15,17,1,,,,
dense,1,76,0,bt,5,0,9664,16,2911,2911,2912,,,,2947,2914,2929,16,1:15,2930,2945,16,1:15,2931,2946,16,1:15,,,0,,,,0,,,,0,,,,0,,1,2,15,17,1,,,,
dense,1,77,0,bt,5,16,9792,16,2950,2950,2951,,,,2986,2953,2968,16,1:15,2969,2984,16,1:15,2970,2985,16,1:15,,,0,,,,0,,,,0,,,,0,,1,2,15,17,1,,,,
dense,1,78,0,bt,6,0,9920,16,2989,2989,2990,,,,3025,2992,3007,16,1:15,3008,3023,16,1:15,3009,3024,16,1:15,,,0,,,,0,,,,0,,,,0,,1,2,15,17,1,,,,
dense,1,79,0,bt,6,16,10048,16,3028,3028,3029,,,,3064,3031,3046,16,1:15,3047,3062,16,1:15,3048,3063,16,1:15,,,0,,,,0,,,,0,,,,0,,1,2,15,17,1,,,,
dense,1,80,0,bt,7,0,10176,16,3067,3067,3068,,,,3103,3070,3085,16,1:15,3086,3101,16,1:15,3087,3102,16,1:15,,,0,,,,0,,,,0,,,,0,,1,2,15,17,1,,,,
dense,1,81,0,bt,7,16,10304,16,3106,3106,3107,,,,3142,3109,3124,16,1:15,3125,3140,16,1:15,3126,3141,16,1:15,,,0,,,,0,,,,0,,,,0,,1,2,15,17,1,,,,
dense,1,82,0,bt,8,0,10432,16,3145,3145,3146,,,,3181,3148,3163,16,1:15,3164,3179,16,1:15,3165,3180,16,1:15,,,0,,,,0,,,,0,,,,0,,1,2,15,17,1,,,,
dense,1,83,0,bt,8,16,10560,16,3184,3184,3185,,,,3220,3187,3202,16,1:15,3203,3218,16,1:15,3204,3219,16,1:15,,,0,,,,0,,,,0,,,,0,,1,2,15,17,1,,,,
dense,1,84,0,bt,9,0,10688,16,3223,3223,3224,,,,3259,3226,3241,16,1:15,3242,3257,16,1:15,3243,3258,16,1:15,,,0,,,,0,,,,0,,,,0,,1,2,15,17,1,,,,
dense,1,85,0,bt,9,16,10816,16,3262,3262,3263,,,,3298,3265,3280,16,1:15,3281,3296,16,1:15,3282,3297,16,1:15,,,0,,,,0,,,,0,,,,0,,1,2,15,17,1,,,,
dense,1,86,0,bt,10,0,10944,16,3301,3301,3302,,,,3337,3304,3319,16,1:15,3320,3335,16,1:15,3321,3336,16,1:15,,,0,,,,0,,,,0,,,,0,,1,2,15,17,1,,,,
dense,1,87,0,bt,10,16,11072,16,3340,3340,3341,,,,3376,3343,3358,16,1:15,3359,3374,16,1:15,3360,3375,16,1:15,,,0,,,,0,,,,0,,,,0,,1,2,15,17,1,,,,
dense,1,88,0,bt,11,0,11200,16,3379,3379,3380,,,,3415,3382,3397,16,1:15,3398,3413,16,1:15,3399,3414,16,1:15,,,0,,,,0,,,,0,,,,0,,1,2,15,17,1,,,,
dense,1,89,0,bt,11,16,11328,16,3418,3418,3419,,,,3454,3421,3436,16,1:15,3437,3452,16,1:15,3438,3453,16,1:15,,,0,,,,0,,,,0,,,,0,,1,2,15,17,1,,,,
dense,1,90,0,bt,12,0,11456,16,3457,3457,3458,,,,3493,3460,3475,16,1:15,3476,3491,16,1:15,3477,3492,16,1:15,,,0,,,,0,,,,0,,,,0,,1,2,15,17,1,,,,
dense,1,91,0,bt,12,16,11584,16,3496,3496,3497,,,,3532,3499,3514,16,1:15,3515,3530,16,1:15,3516,3531,16,1:15,,,0,,,,0,,,,0,,,,0,,1,2,15,17,1,,,,
dense,1,92,0,bt,13,0,11712,16,3535,3535,3536,,,,3571,3538,3553,16,1:15,3554,3569,16,1:15,3555,3570,16,1:15,,,0,,,,0,,,,0,,,,0,,1,2,15,17,1,,,,
dense,1,93,0,bt,13,16,11840,16,3574,3574,3575,,,,3610,3577,3592,16,1:15,3593,3608,16,1:15,3594,3609,16,1:15,,,0,,,,0,,,,0,,,,0,,1,2,15,17,1,,,,
dense,1,94,0,bt,14,0,11968,16,3613,3613,3614,,,,3649,3616,3631,16,1:15,3632,3647,16,1:15,3633,3648,16,1:15,,,0,,,,0,,,,0,,,,0,,1,2,15,17,1,,,,
dense,1,95,0,bt,14,16,12096,16,3652,3652,3653,,,,3688,3655,3670,16,1:15,3671,3686,16,1:15,3672,3687,16,1:15,,,0,,,,0,,,,0,,,,0,,1,2,15,17,1,,,,
dense,1,96,0,bt,15,0,12224,8,3691,3691,3692,,,,3711,3694,3701,8,1:7,3702,3709,8,1:7,3703,3710,8,1:7,,,0,,,,0,,,,0,,,,0,,1,2,7,9,1,,,,
dense,1,97,0,bt,15,8,12288,16,3714,3714,3715,,,,3750,3717,3732,16,1:15,3733,3748,16,1:15,3734,3749,16,1:15,,,0,,,,0,,,,0,,,,0,,1,2,15,17,1,,,,
dense,1,98,0,bt,15,24,12416,8,3753,3753,3754,,,,3773,3756,3763,8,1:7,3764,3771,8,1:7,3765,3772,8,1:7,,,0,,,,0,,,,0,,,,0,,1,2,7,9,1,,,,
dense,1,99,0,bt,16,0,12480,16,3776,3776,3777,,,,3812,3779,3794,16,1:15,3795,3810,16,1:15,3796,3811,16,1:15,,,0,,,,0,,,,0,,,,0,,1,2,15,17,1,,,,
dense,1,100,0,bt,16,16,12608,16,3815,3815,3816,,,,3851,3818,3833,16,1:15,3834,3849,16,1:15,3835,3850,16,1:15,,,0,,,,0,,,,0,,,,0,,1,2,15,17,1,,,,
dense,1,101,0,bt,17,0,12736,16,3854,3854,3855,,,,3890,3857,3872,16,1:15,3873,3888,16,1:15,3874,3889,16,1:15,,,0,,,,0,,,,0,,,,0,,1,2,15,17,1,,,,
dense,1,102,0,bt,17,16,12864,16,3893,3893,3894,,,,3929,3896,3911,16,1:15,3912,3927,16,1:15,3913,3928,16,1:15,,,0,,,,0,,,,0,,,,0,,1,2,15,17,1,,,,
dense,1,103,0,bt,18,0,12992,16,3932,3932,3933,,,,3968,3935,3950,16,1:15,3951,3966,16,1:15,3952,3967,16,1:15,,,0,,,,0,,,,0,,,,0,,1,2,15,17,1,,,,
dense,1,104,0,bt,18,16,13120,16,3971,3971,3972,,,,4007,3974,3989,16,1:15,3990,4005,16,1:15,3991,4006,16,1:15,,,0,,,,0,,,,0,,,,0,,1,2,15,17,1,,,,
dense,1,105,0,bt,19,0,13248,16,4010,4010,4011,,,,4046,4013,4028,16,1:15,4029,4044,16,1:15,4030,4045,16,1:15,,,0,,,,0,,,,0,,,,0,,1,2,15,17,1,,,,
dense,1,106,0,bt,19,16,13376,16,4049,4049,4050,,,,4085,4052,4067,16,1:15,4068,4083,16,1:15,4069,4084,16,1:15,,,0,,,,0,,,,0,,,,0,,1,2,15,17,1,,,,
dense,1,107,0,bt,20,0,13504,16,4088,4088,4089,,,,4124,4091,4106,16,1:15,4107,4122,16,1:15,4108,4123,16,1:15,,,0,,,,0,,,,0,,,,0,,1,2,15,17,1,,,,
dense,1,108,0,bt,20,16,13632,16,4127,4127,4128,,,,4163,4130,4145,16,1:15,4146,4161,16,1:15,4147,4162,16,1:15,,,0,,,,0,,,,0,,,,0,,1,2,15,17,1,,,,
dense,1,109,0,bt,21,0,13760,16,4166,4166,4167,,,,4202,4169,4184,16,1:15,4185,4200,16,1:15,4186,4201,16,1:15,,,0,,,,0,,,,0,,,,0,,1,2,15,17,1,,,,
dense,1,110,0,bt,21,16,13888,16,4205,4205,4206,,,,4241,4208,4223,16,1:15,4224,4239,16,1:15,4225,4240,16,1:15,,,0,,,,0,,,,0,,,,0,,1,2,15,17,1,,,,
dense,1,111,0,bt,22,0,14016,16,4244,4244,4245,,,,4280,4247,4262,16,1:15,4263,4278,16,1:15,4264,4279,16,1:15,,,0,,,,0,,,,0,,,,0,,1,2,15,17,1,,,,
dense,1,112,0,bt,22,16,14144,16,4283,4283,4284,,,,4319,4286,4301,16,1:15,4302,4317,16,1:15,4303,4318,16,1:15,,,0,,,,0,,,,0,,,,0,,1,2,15,17,1,,,,
dense,1,113,0,bt,23,0,14272,16,4322,4322,4323,,,,4358,4325,4340,16,1:15,4341,4356,16,1:15,4342,4357,16,1:15,,,0,,,,0,,,,0,,,,0,,1,2,15,17,1,,,,
dense,1,114,0,bt,23,16,14400,16,4361,4361,4362,,,,4397,4364,4379,16,1:15,4380,4395,16,1:15,4381,4396,16,1:15,,,0,,,,0,,,,0,,,,0,,1,2,15,17,1,,,,
dense,1,115,0,bt,24,0,14528,16,4400,4400,4401,,,,4436,4403,4418,16,1:15,4419,4434,16,1:15,4420,4435,16,1:15,,,0,,,,0,,,,0,,,,0,,1,2,15,17,1,,,,
dense,1,116,0,bt,24,16,14656,16,4439,4439,4440,,,,4475,4442,4457,16,1:15,4458,4473,16,1:15,4459,4474,16,1:15,,,0,,,,0,,,,0,,,,0,,1,2,15,17,1,,,,
dense,1,117,0,bt,25,0,14784,16,4478,4478,4479,,,,4514,4481,4496,16,1:15,4497,4512,16,1:15,4498,4513,16,1:15,,,0,,,,0,,,,0,,,,0,,1,2,15,17,1,,,,
dense,1,118,0,bt,25,16,14912,16,4517,4517,4518,,,,4553,4520,4535,16,1:15,4536,4551,16,1:15,4537,4552,16,1:15,,,0,,,,0,,,,0,,,,0,,1,2,15,17,1,,,,
dense,1,119,0,bt,26,0,15040,16,4556,4556,4557,,,,4592,4559,4574,16,1:15,4575,4590,16,1:15,4576,4591,16,1:15,,,0,,,,0,,,,0,,,,0,,1,2,15,17,1,,,,
dense,1,120,0,bt,26,16,15168,16,4595,4595,4596,,,,4631,4598,4613,16,1:15,4614,4629,16,1:15,4615,4630,16,1:15,,,0,,,,0,,,,0,,,,0,,1,2,15,17,1,,,,
dense,1,121,0,bt,27,0,15296,16,4634,4634,4635,,,,4670,4637,4652,16,1:15,4653,4668,16,1:15,4654,4669,16,1:15,,,0,,,,0,,,,0,,,,0,,1,2,15,17,1,,,,
dense,1,122,0,bt,27,16,15424,16,4673,4673,4674,,,,4709,4676,4691,16,1:15,4692,4707,16,1:15,4693,4708,16,1:15,,,0,,,,0,,,,0,,,,0,,1,2,15,17,1,,,,
dense,1,123,0,bt,28,0,15552,16,4712,4712,4713,,,,4748,4715,4730,16,1:15,4731,4746,16,1:15,4732,4747,16,1:15,,,0,,,,0,,,,0,,,,0,,1,2,15,17,1,,,,
dense,1,124,0,bt,28,16,15680,16,4751,4751,4752,,,,4787,4754,4769,16,1:15,4770,4785,16,1:15,4771,4786,16,1:15,,,0,,,,0,,,,0,,,,0,,1,2,15,17,1,,,,
dense,1,125,0,bt,29,0,15808,16,4790,4790,4791,,,,4826,4793,4808,16,1:15,4809,4824,16,1:15,4810,4825,16,1:15,,,0,,,,0,,,,0,,,,0,,1,2,15,17,1,,,,
dense,1,126,0,bt,29,16,15936,16,4829,4829,4830,,,,4865,4832,4847,16,1:15,4848,4863,16,1:15,4849,4864,16,1:15,,,0,,,,0,,,,0,,,,0,,1,2,15,17,1,,,,
dense,1,127,0,bt,30,0,16064,16,4868,4868,4869,,,,4904,4871,4886,16,1:15,4887,4902,16,1:15,4888,4903,16,1:15,,,0,,,,0,,,,0,,,,0,,1,2,15,17,1,,,,
dense,1,128,0,bt,30,16,16192,16,4907,4907,4908,,,,4943,4910,4925,16,1:15,4926,4941,16,1:15,4927,4942,16,1:15,,,0,,,,0,,,,0,,,,0,,1,2,15,17,1,,,,
dense,1,129,0,bt,31,0,16320,8,4946,4946,4947,,,,4966,4949,4956,8,1:7,4957,4964,8,1:7,4958,4965,8,1:7,,,0,,,,0,,,,0,,,,0,,1,2,7,9,1,,,,
dense,1,130,0,bt,31,8,16384,16,4969,4969,4970,,,,5005,4972,4987,16,1:15,4988,5003,16,1:15,4989,5004,16,1:15,,,0,,,,0,,,,0,,,,0,,1,2,15,17,1,,,,
dense,1,131,0,bt,31,24,16512,8,5008,5008,5009,,,,5028,5011,5018,8,1:7,5019,5026,8,1:7,5020,5027,8,1:7,,,0,,,,0,,,,0,,,,0,,1,2,7,9,1,,,,
dense,1,132,0,c,0,0,16704,16,22382,22382,,22463,22462,22480,22481,,,0,,,,0,,,,0,,22384,22459,16,5:15,22386,22461,16,5:15,22387,22462,16,5:15,22463,22478,16,1:15,,,,,,80,16,2,1
dense,1,133,0,c,1,0,16832,16,22484,22484,,22565,22564,22582,22583,,,0,,,,0,,,,0,,22486,22561,16,5:15,22488,22563,16,5:15,22489,22564,16,5:15,22565,22580,16,1:15,,,,,,80,16,2,1
dense,1,134,0,c,2,0,16960,16,22586,22586,,22667,22666,22684,22685,,,0,,,,0,,,,0,,22588,22663,16,5:15,22590,22665,16,5:15,22591,22666,16,5:15,22667,22682,16,1:15,,,,,,80,16,2,1
dense,1,135,0,c,3,0,17088,16,22688,22688,,22769,22768,22786,22787,,,0,,,,0,,,,0,,22690,22765,16,5:15,22692,22767,16,5:15,22693,22768,16,5:15,22769,22784,16,1:15,,,,,,80,16,2,1
dense,1,136,0,c,4,0,17216,16,22790,22790,,22871,22870,22888,22889,,,0,,,,0,,,,0,,22792,22867,16,5:15,22794,22869,16,5:15,22795,22870,16,5:15,22871,22886,16,1:15,,,,,,80,16,2,1
dense,1,137,0,c,5,0,17344,16,22892,22892,,22973,22972,22990,22991,,,0,,,,0,,,,0,,22894,22969,16,5:15,22896,22971,16,5:15,22897,22972,16,5:15,22973,22988,16,1:15,,,,,,80,16,2,1
dense,1,138,0,c,6,0,17472,16,22994,22994,,23075,23074,23092,23093,,,0,,,,0,,,,0,,22996,23071,16,5:15,22998,23073,16,5:15,22999,23074,16,5:15,23075,23090,16,1:15,,,,,,80,16,2,1
dense,1,139,0,c,7,0,17600,16,23096,23096,,23177,23176,23194,23195,,,0,,,,0,,,,0,,23098,23173,16,5:15,23100,23175,16,5:15,23101,23176,16,5:15,23177,23192,16,1:15,,,,,,80,16,2,1
dense,1,140,0,c,8,0,17728,16,23198,23198,,23279,23278,23296,23297,,,0,,,,0,,,,0,,23200,23275,16,5:15,23202,23277,16,5:15,23203,23278,16,5:15,23279,23294,16,1:15,,,,,,80,16,2,1
dense,1,141,0,c,9,0,17856,16,23300,23300,,23381,23380,23398,23399,,,0,,,,0,,,,0,,23302,23377,16,5:15,23304,23379,16,5:15,23305,23380,16,5:15,23381,23396,16,1:15,,,,,,80,16,2,1
dense,1,142,0,c,10,0,17984,16,23402,23402,,23483,23482,23500,23501,,,0,,,,0,,,,0,,23404,23479,16,5:15,23406,23481,16,5:15,23407,23482,16,5:15,23483,23498,16,1:15,,,,,,80,16,2,1
dense,1,143,0,c,11,0,18112,16,23504,23504,,23585,23584,23602,23603,,,0,,,,0,,,,0,,23506,23581,16,5:15,23508,23583,16,5:15,23509,23584,16,5:15,23585,23600,16,1:15,,,,,,80,16,2,1
dense,1,144,0,c,12,0,18240,16,23606,23606,,23687,23686,23704,23705,,,0,,,,0,,,,0,,23608,23683,16,5:15,23610,23685,16,5:15,23611,23686,16,5:15,23687,23702,16,1:15,,,,,,80,16,2,1
dense,1,145,0,c,13,0,18368,16,23708,23708,,23789,23788,23806,23807,,,0,,,,0,,,,0,,23710,23785,16,5:15,23712,23787,16,5:15,23713,23788,16,5:15,23789,23804,16,1:15,,,,,,80,16,2,1
dense,1,146,0,c,14,0,18496,16,23810,23810,,23891,23890,23908,23909,,,0,,,,0,,,,0,,23812,23887,16,5:15,23814,23889,16,5:15,23815,23890,16,5:15,23891,23906,16,1:15,,,,,,80,16,2,1
dense,1,147,0,c,15,0,18624,16,23912,23912,,23993,23992,24010,24011,,,0,,,,0,,,,0,,23914,23989,16,5:15,23916,23991,16,5:15,23917,23992,16,5:15,23993,24008,16,1:15,,,,,,80,16,2,1
dense,1,148,0,c,16,0,18752,16,24014,24014,,24095,24094,24112,24113,,,0,,,,0,,,,0,,24016,24091,16,5:15,24018,24093,16,5:15,24019,24094,16,5:15,24095,24110,16,1:15,,,,,,80,16,2,1
dense,1,149,0,c,17,0,18880,16,24116,24116,,24197,24196,24214,24215,,,0,,,,0,,,,0,,24118,24193,16,5:15,24120,24195,16,5:15,24121,24196,16,5:15,24197,24212,16,1:15,,,,,,80,16,2,1
dense,1,150,0,c,18,0,19008,16,24218,24218,,24299,24298,24316,24317,,,0,,,,0,,,,0,,24220,24295,16,5:15,24222,24297,16,5:15,24223,24298,16,5:15,24299,24314,16,1:15,,,,,,80,16,2,1
dense,1,151,0,c,19,0,19136,16,24320,24320,,24401,24400,24418,24419,,,0,,,,0,,,,0,,24322,24397,16,5:15,24324,24399,16,5:15,24325,24400,16,5:15,24401,24416,16,1:15,,,,,,80,16,2,1
dense,1,152,0,c,20,0,19264,16,24422,24422,,24503,24502,24520,24521,,,0,,,,0,,,,0,,24424,24499,16,5:15,24426,24501,16,5:15,24427,24502,16,5:15,24503,24518,16,1:15,,,,,,80,16,2,1
dense,1,153,0,c,21,0,19392,16,24524,24524,,24605,24604,24622,24623,,,0,,,,0,,,,0,,24526,24601,16,5:15,24528,24603,16,5:15,24529,24604,16,5:15,24605,24620,16,1:15,,,,,,80,16,2,1
dense,1,154,0,c,22,0,19520,16,24626,24626,,24707,24706,24724,24725,,,0,,,,0,,,,0,,24628,24703,16,5:15,24630,24705,16,5:15,24631,24706,16,5:15,24707,24722,16,1:15,,,,,,80,16,2,1
dense,1,155,0,c,23,0,19648,16,24728,24728,,24809,24808,24826,24827,,,0,,,,0,,,,0,,24730,24805,16,5:15,24732,24807,16,5:15,24733,24808,16,5:15,24809,24824,16,1:15,,,,,,80,16,2,1
dense,1,156,0,c,24,0,19776,16,24830,24830,,24911,24910,24928,24929,,,0,,,,0,,,,0,,24832,24907,16,5:15,24834,24909,16,5:15,24835,24910,16,5:15,24911,24926,16,1:15,,,,,,80,16,2,1
dense,1,157,0,c,25,0,19904,16,24932,24932,,25013,25012,25030,25031,,,0,,,,0,,,,0,,24934,25009,16,5:15,24936,25011,16,5:15,24937,25012,16,5:15,25013,25028,16,1:15,,,,,,80,16,2,1
dense,1,158,0,c,26,0,20032,16,25034,25034,,25115,25114,25132,25133,,,0,,,,0,,,,0,,25036,25111,16,5:15,25038,25113,16,5:15,25039,25114,16,5:15,25115,25130,16,1:15,,,,,,80,16,2,1
dense,1,159,0,c,27,0,20160,16,25136,25136,,25217,25216,25234,25235,,,0,,,,0,,,,0,,25138,25213,16,5:15,25140,25215,16,5:15,25141,25216,16,5:15,25217,25232,16,1:15,,,,,,80,16,2,1
dense,1,160,0,c,28,0,20288,16,25238,25238,,25319,25318,25336,25337,,,0,,,,0,,,,0,,25240,25315,16,5:15,25242,25317,16,5:15,25243,25318,16,5:15,25319,25334,16,1:15,,,,,,80,16,2,1
dense,1,161,0,c,29,0,20416,8,25340,25340,,25381,25380,25390,25391,,,0,,,,0,,,,0,,25342,25377,8,5:7,25344,25379,8,5:7,25345,25380,8,5:7,25381,25388,8,1:7,,,,,,40,8,2,1
dense,1,162,0,c,29,8,20480,8,25394,25394,,25435,25434,25444,25445,,,0,,,,0,,,,0,,25396,25431,8,5:7,25398,25433,8,5:7,25399,25434,8,5:7,25435,25442,8,1:7,,,,,,40,8,2,1
dense,1,163,0,c,30,0,20544,16,25448,25448,,25529,25528,25546,25547,,,0,,,,0,,,,0,,25450,25525,16,5:15,25452,25527,16,5:15,25453,25528,16,5:15,25529,25544,16,1:15,,,,,,80,16,2,1
dense,1,164,0,c,31,0,20672,16,25550,25550,,25631,25630,25648,25649,,,0,,,,0,,,,0,,25552,25627,16,5:15,25554,25629,16,5:15,25555,25630,16,5:15,25631,25646,16,1:15,,,,,,80,16,2,1
odd,2,0,0,a,0,0,64,2,6,6,7,,,,14,9,10,2,1:1,11,12,2,1:1,12,13,2,1:1,,,0,,,,0,,,,0,,,,0,,1,2,1,3,1,,,,
odd,2,1,0,a,1,0,128,2,17,17,18,,,,25,20,21,2,1:1,22,23,2,1:1,23,24,2,1:1,,,0,,,,0,,,,0,,,,0,,1,2,1,3,1,,,,
odd,2,2,0,a,2,0,192,2,28,28,29,,,,36,31,32,2,1:1,33,34,2,1:1,34,35,2,1:1,,,0,,,,0,,,,0,,,,0,,1,2,1,3,1,,,,
odd,2,3,0,a,3,0,256,2,39,39,40,,,,47,42,43,2,1:1,44,45,2,1:1,45,46,2,1:1,,,0,,,,0,,,,0,,,,0,,1,2,1,3,1,,,,
odd,2,4,0,a,4,0,320,2,50,50,51,,,,58,53,54,2,1:1,55,56,2,1:1,56,57,2,1:1,,,0,,,,0,,,,0,,,,0,,1,2,1,3,1,,,,
odd,2,5,0,bt,0,0,512,2,66,66,67,,,,74,69,70,2,1:1,71,72,2,1:1,72,73,2,1:1,,,0,,,,0,,,,0,,,,0,,1,2,1,3,1,,,,
odd,2,6,0,bt,1,0,576,2,77,77,78,,,,85,80,81,2,1:1,82,83,2,1:1,83,84,2,1:1,,,0,,,,0,,,,0,,,,0,,1,2,1,3,1,,,,
odd,2,7,0,bt,2,0,640,2,88,88,89,,,,96,91,92,2,1:1,93,94,2,1:1,94,95,2,1:1,,,0,,,,0,,,,0,,,,0,,1,2,1,3,1,,,,
odd,2,8,0,c,0,0,832,2,154,154,,165,164,168,169,,,0,,,,0,,,,0,,156,161,2,5:1,158,163,2,5:1,159,164,2,5:1,165,166,2,1:1,,,,,,10,2,2,1
odd,2,9,0,c,1,0,896,2,172,172,,183,182,186,187,,,0,,,,0,,,,0,,174,179,2,5:1,176,181,2,5:1,177,182,2,5:1,183,184,2,1:1,,,,,,10,2,2,1
odd,2,10,0,c,2,0,960,2,190,190,,201,200,204,205,,,0,,,,0,,,,0,,192,197,2,5:1,194,199,2,5:1,195,200,2,5:1,201,202,2,1:1,,,,,,10,2,2,1
odd,2,11,0,c,3,0,1024,2,208,208,,219,218,222,223,,,0,,,,0,,,,0,,210,215,2,5:1,212,217,2,5:1,213,218,2,5:1,219,220,2,1:1,,,,,,10,2,2,1
odd,2,12,0,c,4,0,1088,2,226,226,,237,236,240,241,,,0,,,,0,,,,0,,228,233,2,5:1,230,235,2,5:1,231,236,2,5:1,237,238,2,1:1,,,,,,10,2,2,1
multi_tile,3,0,0,a,0,0,64,16,6,6,7,,,,42,9,24,16,1:15,25,40,16,1:15,26,41,16,1:15,,,0,,,,0,,,,0,,,,0,,1,2,15,17,1,,,,
multi_tile,3,1,0,a,0,16,192,16,45,45,46,,,,81,48,63,16,1:15,64,79,16,1:15,65,80,16,1:15,,,0,,,,0,,,,0,,,,0,,1,2,15,17,1,,,,
multi_tile,3,2,0,a,1,0,320,16,84,84,85,,,,120,87,102,16,1:15,103,118,16,1:15,104,119,16,1:15,,,0,,,,0,,,,0,,,,0,,1,2,15,17,1,,,,
multi_tile,3,3,0,a,1,16,448,16,123,123,124,,,,159,126,141,16,1:15,142,157,16,1:15,143,158,16,1:15,,,0,,,,0,,,,0,,,,0,,1,2,15,17,1,,,,
multi_tile,3,4,0,a,2,0,576,16,162,162,163,,,,198,165,180,16,1:15,181,196,16,1:15,182,197,16,1:15,,,0,,,,0,,,,0,,,,0,,1,2,15,17,1,,,,
multi_tile,3,5,0,a,2,16,704,16,201,201,202,,,,237,204,219,16,1:15,220,235,16,1:15,221,236,16,1:15,,,0,,,,0,,,,0,,,,0,,1,2,15,17,1,,,,
multi_tile,3,6,0,a,3,0,832,16,240,240,241,,,,276,243,258,16,1:15,259,274,16,1:15,260,275,16,1:15,,,0,,,,0,,,,0,,,,0,,1,2,15,17,1,,,,
multi_tile,3,7,0,a,3,16,960,16,279,279,280,,,,315,282,297,16,1:15,298,313,16,1:15,299,314,16,1:15,,,0,,,,0,,,,0,,,,0,,1,2,15,17,1,,,,
multi_tile,3,8,0,a,4,0,1088,16,318,318,319,,,,354,321,336,16,1:15,337,352,16,1:15,338,353,16,1:15,,,0,,,,0,,,,0,,,,0,,1,2,15,17,1,,,,
multi_tile,3,9,0,a,4,16,1216,16,357,357,358,,,,393,360,375,16,1:15,376,391,16,1:15,377,392,16,1:15,,,0,,,,0,,,,0,,,,0,,1,2,15,17,1,,,,
multi_tile,3,10,0,a,5,0,1344,16,396,396,397,,,,432,399,414,16,1:15,415,430,16,1:15,416,431,16,1:15,,,0,,,,0,,,,0,,,,0,,1,2,15,17,1,,,,
multi_tile,3,11,0,a,5,16,1472,16,435,435,436,,,,471,438,453,16,1:15,454,469,16,1:15,455,470,16,1:15,,,0,,,,0,,,,0,,,,0,,1,2,15,17,1,,,,
multi_tile,3,12,0,a,6,0,1600,16,474,474,475,,,,510,477,492,16,1:15,493,508,16,1:15,494,509,16,1:15,,,0,,,,0,,,,0,,,,0,,1,2,15,17,1,,,,
multi_tile,3,13,0,a,6,16,1728,16,513,513,514,,,,549,516,531,16,1:15,532,547,16,1:15,533,548,16,1:15,,,0,,,,0,,,,0,,,,0,,1,2,15,17,1,,,,
multi_tile,3,14,0,a,7,0,1856,16,552,552,553,,,,588,555,570,16,1:15,571,586,16,1:15,572,587,16,1:15,,,0,,,,0,,,,0,,,,0,,1,2,15,17,1,,,,
multi_tile,3,15,0,a,7,16,1984,16,591,591,592,,,,627,594,609,16,1:15,610,625,16,1:15,611,626,16,1:15,,,0,,,,0,,,,0,,,,0,,1,2,15,17,1,,,,
multi_tile,3,16,0,a,8,0,2112,16,630,630,631,,,,666,633,648,16,1:15,649,664,16,1:15,650,665,16,1:15,,,0,,,,0,,,,0,,,,0,,1,2,15,17,1,,,,
multi_tile,3,17,0,a,8,16,2240,16,669,669,670,,,,705,672,687,16,1:15,688,703,16,1:15,689,704,16,1:15,,,0,,,,0,,,,0,,,,0,,1,2,15,17,1,,,,
multi_tile,3,18,0,a,9,0,2368,16,708,708,709,,,,744,711,726,16,1:15,727,742,16,1:15,728,743,16,1:15,,,0,,,,0,,,,0,,,,0,,1,2,15,17,1,,,,
multi_tile,3,19,0,a,9,16,2496,16,747,747,748,,,,783,750,765,16,1:15,766,781,16,1:15,767,782,16,1:15,,,0,,,,0,,,,0,,,,0,,1,2,15,17,1,,,,
multi_tile,3,20,0,a,10,0,2624,16,786,786,787,,,,822,789,804,16,1:15,805,820,16,1:15,806,821,16,1:15,,,0,,,,0,,,,0,,,,0,,1,2,15,17,1,,,,
multi_tile,3,21,0,a,10,16,2752,16,825,825,826,,,,861,828,843,16,1:15,844,859,16,1:15,845,860,16,1:15,,,0,,,,0,,,,0,,,,0,,1,2,15,17,1,,,,
multi_tile,3,22,0,a,11,0,2880,16,864,864,865,,,,900,867,882,16,1:15,883,898,16,1:15,884,899,16,1:15,,,0,,,,0,,,,0,,,,0,,1,2,15,17,1,,,,
multi_tile,3,23,0,a,11,16,3008,16,903,903,904,,,,939,906,921,16,1:15,922,937,16,1:15,923,938,16,1:15,,,0,,,,0,,,,0,,,,0,,1,2,15,17,1,,,,
multi_tile,3,24,0,a,12,0,3136,16,942,942,943,,,,978,945,960,16,1:15,961,976,16,1:15,962,977,16,1:15,,,0,,,,0,,,,0,,,,0,,1,2,15,17,1,,,,
multi_tile,3,25,0,a,12,16,3264,16,981,981,982,,,,1017,984,999,16,1:15,1000,1015,16,1:15,1001,1016,16,1:15,,,0,,,,0,,,,0,,,,0,,1,2,15,17,1,,,,
multi_tile,3,26,0,a,13,0,3392,16,1020,1020,1021,,,,1056,1023,1038,16,1:15,1039,1054,16,1:15,1040,1055,16,1:15,,,0,,,,0,,,,0,,,,0,,1,2,15,17,1,,,,
multi_tile,3,27,0,a,13,16,3520,16,1059,1059,1060,,,,1095,1062,1077,16,1:15,1078,1093,16,1:15,1079,1094,16,1:15,,,0,,,,0,,,,0,,,,0,,1,2,15,17,1,,,,
multi_tile,3,28,0,a,14,0,3648,16,1098,1098,1099,,,,1134,1101,1116,16,1:15,1117,1132,16,1:15,1118,1133,16,1:15,,,0,,,,0,,,,0,,,,0,,1,2,15,17,1,,,,
multi_tile,3,29,0,a,14,16,3776,16,1137,1137,1138,,,,1173,1140,1155,16,1:15,1156,1171,16,1:15,1157,1172,16,1:15,,,0,,,,0,,,,0,,,,0,,1,2,15,17,1,,,,
multi_tile,3,30,0,a,15,0,3904,16,1176,1176,1177,,,,1212,1179,1194,16,1:15,1195,1210,16,1:15,1196,1211,16,1:15,,,0,,,,0,,,,0,,,,0,,1,2,15,17,1,,,,
multi_tile,3,31,0,a,15,16,4032,8,1215,1215,1216,,,,1235,1218,1225,8,1:7,1226,1233,8,1:7,1227,1234,8,1:7,,,0,,,,0,,,,0,,,,0,,1,2,7,9,1,,,,
multi_tile,3,32,0,a,15,24,4096,8,1238,1238,1239,,,,1258,1241,1248,8,1:7,1249,1256,8,1:7,1250,1257,8,1:7,,,0,,,,0,,,,0,,,,0,,1,2,7,9,1,,,,
multi_tile,3,33,0,a,16,0,4160,16,1261,1261,1262,,,,1297,1264,1279,16,1:15,1280,1295,16,1:15,1281,1296,16,1:15,,,0,,,,0,,,,0,,,,0,,1,2,15,17,1,,,,
multi_tile,3,34,0,a,16,16,4288,16,1300,1300,1301,,,,1336,1303,1318,16,1:15,1319,1334,16,1:15,1320,1335,16,1:15,,,0,,,,0,,,,0,,,,0,,1,2,15,17,1,,,,
multi_tile,3,35,0,a,17,0,4416,16,1339,1339,1340,,,,1375,1342,1357,16,1:15,1358,1373,16,1:15,1359,1374,16,1:15,,,0,,,,0,,,,0,,,,0,,1,2,15,17,1,,,,
multi_tile,3,36,0,a,17,16,4544,16,1378,1378,1379,,,,1414,1381,1396,16,1:15,1397,1412,16,1:15,1398,1413,16,1:15,,,0,,,,0,,,,0,,,,0,,1,2,15,17,1,,,,
multi_tile,3,37,0,a,18,0,4672,16,1417,1417,1418,,,,1453,1420,1435,16,1:15,1436,1451,16,1:15,1437,1452,16,1:15,,,0,,,,0,,,,0,,,,0,,1,2,15,17,1,,,,
multi_tile,3,38,0,a,18,16,4800,16,1456,1456,1457,,,,1492,1459,1474,16,1:15,1475,1490,16,1:15,1476,1491,16,1:15,,,0,,,,0,,,,0,,,,0,,1,2,15,17,1,,,,
multi_tile,3,39,0,a,19,0,4928,16,1495,1495,1496,,,,1531,1498,1513,16,1:15,1514,1529,16,1:15,1515,1530,16,1:15,,,0,,,,0,,,,0,,,,0,,1,2,15,17,1,,,,
multi_tile,3,40,0,a,19,16,5056,16,1534,1534,1535,,,,1570,1537,1552,16,1:15,1553,1568,16,1:15,1554,1569,16,1:15,,,0,,,,0,,,,0,,,,0,,1,2,15,17,1,,,,
multi_tile,3,41,0,a,20,0,5184,16,1573,1573,1574,,,,1609,1576,1591,16,1:15,1592,1607,16,1:15,1593,1608,16,1:15,,,0,,,,0,,,,0,,,,0,,1,2,15,17,1,,,,
multi_tile,3,42,0,a,20,16,5312,16,1612,1612,1613,,,,1648,1615,1630,16,1:15,1631,1646,16,1:15,1632,1647,16,1:15,,,0,,,,0,,,,0,,,,0,,1,2,15,17,1,,,,
multi_tile,3,43,0,a,21,0,5440,16,1651,1651,1652,,,,1687,1654,1669,16,1:15,1670,1685,16,1:15,1671,1686,16,1:15,,,0,,,,0,,,,0,,,,0,,1,2,15,17,1,,,,
multi_tile,3,44,0,a,21,16,5568,16,1690,1690,1691,,,,1726,1693,1708,16,1:15,1709,1724,16,1:15,1710,1725,16,1:15,,,0,,,,0,,,,0,,,,0,,1,2,15,17,1,,,,
multi_tile,3,45,0,a,22,0,5696,16,1729,1729,1730,,,,1765,1732,1747,16,1:15,1748,1763,16,1:15,1749,1764,16,1:15,,,0,,,,0,,,,0,,,,0,,1,2,15,17,1,,,,
multi_tile,3,46,0,a,22,16,5824,16,1768,1768,1769,,,,1804,1771,1786,16,1:15,1787,1802,16,1:15,1788,1803,16,1:15,,,0,,,,0,,,,0,,,,0,,1,2,15,17,1,,,,
multi_tile,3,47,0,a,23,0,5952,16,1807,1807,1808,,,,1843,1810,1825,16,1:15,1826,1841,16,1:15,1827,1842,16,1:15,,,0,,,,0,,,,0,,,,0,,1,2,15,17,1,,,,
multi_tile,3,48,0,a,23,16,6080,16,1846,1846,1847,,,,1882,1849,1864,16,1:15,1865,1880,16,1:15,1866,1881,16,1:15,,,0,,,,0,,,,0,,,,0,,1,2,15,17,1,,,,
multi_tile,3,49,0,a,24,0,6208,16,1885,1885,1886,,,,1921,1888,1903,16,1:15,1904,1919,16,1:15,1905,1920,16,1:15,,,0,,,,0,,,,0,,,,0,,1,2,15,17,1,,,,
multi_tile,3,50,0,a,24,16,6336,16,1924,1924,1925,,,,1960,1927,1942,16,1:15,1943,1958,16,1:15,1944,1959,16,1:15,,,0,,,,0,,,,0,,,,0,,1,2,15,17,1,,,,
multi_tile,3,51,0,a,25,0,6464,16,1963,1963,1964,,,,1999,1966,1981,16,1:15,1982,1997,16,1:15,1983,1998,16,1:15,,,0,,,,0,,,,0,,,,0,,1,2,15,17,1,,,,
multi_tile,3,52,0,a,25,16,6592,16,2002,2002,2003,,,,2038,2005,2020,16,1:15,2021,2036,16,1:15,2022,2037,16,1:15,,,0,,,,0,,,,0,,,,0,,1,2,15,17,1,,,,
multi_tile,3,53,0,a,26,0,6720,16,2041,2041,2042,,,,2077,2044,2059,16,1:15,2060,2075,16,1:15,2061,2076,16,1:15,,,0,,,,0,,,,0,,,,0,,1,2,15,17,1,,,,
multi_tile,3,54,0,a,26,16,6848,16,2080,2080,2081,,,,2116,2083,2098,16,1:15,2099,2114,16,1:15,2100,2115,16,1:15,,,0,,,,0,,,,0,,,,0,,1,2,15,17,1,,,,
multi_tile,3,55,0,a,27,0,6976,16,2119,2119,2120,,,,2155,2122,2137,16,1:15,2138,2153,16,1:15,2139,2154,16,1:15,,,0,,,,0,,,,0,,,,0,,1,2,15,17,1,,,,
multi_tile,3,56,0,a,27,16,7104,16,2158,2158,2159,,,,2194,2161,2176,16,1:15,2177,2192,16,1:15,2178,2193,16,1:15,,,0,,,,0,,,,0,,,,0,,1,2,15,17,1,,,,
multi_tile,3,57,0,a,28,0,7232,16,2197,2197,2198,,,,2233,2200,2215,16,1:15,2216,2231,16,1:15,2217,2232,16,1:15,,,0,,,,0,,,,0,,,,0,,1,2,15,17,1,,,,
multi_tile,3,58,0,a,28,16,7360,16,2236,2236,2237,,,,2272,2239,2254,16,1:15,2255,2270,16,1:15,2256,2271,16,1:15,,,0,,,,0,,,,0,,,,0,,1,2,15,17,1,,,,
multi_tile,3,59,0,a,29,0,7488,16,2275,2275,2276,,,,2311,2278,2293,16,1:15,2294,2309,16,1:15,2295,2310,16,1:15,,,0,,,,0,,,,0,,,,0,,1,2,15,17,1,,,,
multi_tile,3,60,0,a,29,16,7616,16,2314,2314,2315,,,,2350,2317,2332,16,1:15,2333,2348,16,1:15,2334,2349,16,1:15,,,0,,,,0,,,,0,,,,0,,1,2,15,17,1,,,,
multi_tile,3,61,0,a,30,0,7744,16,2353,2353,2354,,,,2389,2356,2371,16,1:15,2372,2387,16,1:15,2373,2388,16,1:15,,,0,,,,0,,,,0,,,,0,,1,2,15,17,1,,,,
multi_tile,3,62,0,a,30,16,7872,16,2392,2392,2393,,,,2428,2395,2410,16,1:15,2411,2426,16,1:15,2412,2427,16,1:15,,,0,,,,0,,,,0,,,,0,,1,2,15,17,1,,,,
multi_tile,3,63,0,a,31,0,8000,16,2431,2431,2432,,,,2467,2434,2449,16,1:15,2450,2465,16,1:15,2451,2466,16,1:15,,,0,,,,0,,,,0,,,,0,,1,2,15,17,1,,,,
multi_tile,3,64,0,a,31,16,8128,8,2470,2470,2471,,,,2490,2473,2480,8,1:7,2481,2488,8,1:7,2482,2489,8,1:7,,,0,,,,0,,,,0,,,,0,,1,2,7,9,1,,,,
multi_tile,3,65,0,a,31,24,8192,8,2493,2493,2494,,,,2513,2496,2503,8,1:7,2504,2511,8,1:7,2505,2512,8,1:7,,,0,,,,0,,,,0,,,,0,,1,2,7,9,1,,,,
multi_tile,3,66,0,bt,0,0,8640,16,2521,2521,2522,,,,2557,2524,2539,16,1:15,2540,2555,16,1:15,2541,2556,16,1:15,,,0,,,,0,,,,0,,,,0,,1,2,15,17,1,,,,
multi_tile,3,67,0,bt,0,16,8768,16,2560,2560,2561,,,,2596,2563,2578,16,1:15,2579,2594,16,1:15,2580,2595,16,1:15,,,0,,,,0,,,,0,,,,0,,1,2,15,17,1,,,,
multi_tile,3,68,0,bt,1,0,8896,16,2599,2599,2600,,,,2635,2602,2617,16,1:15,2618,2633,16,1:15,2619,2634,16,1:15,,,0,,,,0,,,,0,,,,0,,1,2,15,17,1,,,,
multi_tile,3,69,0,bt,1,16,9024,16,2638,2638,2639,,,,2674,2641,2656,16,1:15,2657,2672,16,1:15,2658,2673,16,1:15,,,0,,,,0,,,,0,,,,0,,1,2,15,17,1,,,,
multi_tile,3,70,0,bt,2,0,9152,16,2677,2677,2678,,,,2713,2680,2695,16,1:15,2696,2711,16,1:15,2697,2712,16,1:15,,,0,,,,0,,,,0,,,,0,,1,2,15,17,1,,,,
multi_tile,3,71,0,bt,2,16,9280,16,2716,2716,2717,,,,2752,2719,2734,16,1:15,2735,2750,16,1:15,2736,2751,16,1:15,,,0,,,,0,,,,0,,,,0,,1,2,15,17,1,,,,
multi_tile,3,72,0,bt,3,0,9408,16,2755,2755,2756,,,,2791,2758,2773,16,1:15,2774,2789,16,1:15,2775,2790,16,1:15,,,0,,,,0,,,,0,,,,0,,1,2,15,17,1,,,,
multi_tile,3,73,0,bt,3,16,9536,16,2794,2794,2795,,,,2830,2797,2812,16,1:15,2813,2828,16,1:15,2814,2829,16,1:15,,,0,,,,0,,,,0,,,,0,,1,2,15,17,1,,,,
multi_tile,3,74,0,bt,4,0,9664,16,2833,2833,2834,,,,2869,2836,2851,16,1:15,2852,2867,16,1:15,2853,2868,16,1:15,,,0,,,,0,,,,0,,,,0,,1,2,15,17,1,,,,
multi_tile,3,75,0,bt,4,16,9792,16,2872,2872,2873,,,,2908,2875,2890,16,1:15,2891,2906,16,1:15,2892,2907,16,1:15,,,0,,,,0,,,,0,,,,0,,1,2,15,17,1,,,,
multi_tile,3,76,0,bt,5,0,9920,16,2911,2911,2912,,,,2947,2914,2929,16,1:15,2930,2945,16,1:15,2931,2946,16,1:15,,,0,,,,0,,,,0,,,,0,,1,2,15,17,1,,,,
multi_tile,3,77,0,bt,5,16,10048,16,2950,2950,2951,,,,2986,2953,2968,16,1:15,2969,2984,16,1:15,2970,2985,16,1:15,,,0,,,,0,,,,0,,,,0,,1,2,15,17,1,,,,
multi_tile,3,78,0,bt,6,0,10176,16,2989,2989,2990,,,,3025,2992,3007,16,1:15,3008,3023,16,1:15,3009,3024,16,1:15,,,0,,,,0,,,,0,,,,0,,1,2,15,17,1,,,,
multi_tile,3,79,0,bt,6,16,10304,16,3028,3028,3029,,,,3064,3031,3046,16,1:15,3047,3062,16,1:15,3048,3063,16,1:15,,,0,,,,0,,,,0,,,,0,,1,2,15,17,1,,,,
multi_tile,3,80,0,bt,7,0,10432,16,3067,3067,3068,,,,3103,3070,3085,16,1:15,3086,3101,16,1:15,3087,3102,16,1:15,,,0,,,,0,,,,0,,,,0,,1,2,15,17,1,,,,
multi_tile,3,81,0,bt,7,16,10560,16,3106,3106,3107,,,,3142,3109,3124,16,1:15,3125,3140,16,1:15,3126,3141,16,1:15,,,0,,,,0,,,,0,,,,0,,1,2,15,17,1,,,,
multi_tile,3,82,0,bt,8,0,10688,16,3145,3145,3146,,,,3181,3148,3163,16,1:15,3164,3179,16,1:15,3165,3180,16,1:15,,,0,,,,0,,,,0,,,,0,,1,2,15,17,1,,,,
multi_tile,3,83,0,bt,8,16,10816,16,3184,3184,3185,,,,3220,3187,3202,16,1:15,3203,3218,16,1:15,3204,3219,16,1:15,,,0,,,,0,,,,0,,,,0,,1,2,15,17,1,,,,
multi_tile,3,84,0,bt,9,0,10944,16,3223,3223,3224,,,,3259,3226,3241,16,1:15,3242,3257,16,1:15,3243,3258,16,1:15,,,0,,,,0,,,,0,,,,0,,1,2,15,17,1,,,,
multi_tile,3,85,0,bt,9,16,11072,16,3262,3262,3263,,,,3298,3265,3280,16,1:15,3281,3296,16,1:15,3282,3297,16,1:15,,,0,,,,0,,,,0,,,,0,,1,2,15,17,1,,,,
multi_tile,3,86,0,bt,10,0,11200,16,3301,3301,3302,,,,3337,3304,3319,16,1:15,3320,3335,16,1:15,3321,3336,16,1:15,,,0,,,,0,,,,0,,,,0,,1,2,15,17,1,,,,
multi_tile,3,87,0,bt,10,16,11328,16,3340,3340,3341,,,,3376,3343,3358,16,1:15,3359,3374,16,1:15,3360,3375,16,1:15,,,0,,,,0,,,,0,,,,0,,1,2,15,17,1,,,,
multi_tile,3,88,0,bt,11,0,11456,16,3379,3379,3380,,,,3415,3382,3397,16,1:15,3398,3413,16,1:15,3399,3414,16,1:15,,,0,,,,0,,,,0,,,,0,,1,2,15,17,1,,,,
multi_tile,3,89,0,bt,11,16,11584,16,3418,3418,3419,,,,3454,3421,3436,16,1:15,3437,3452,16,1:15,3438,3453,16,1:15,,,0,,,,0,,,,0,,,,0,,1,2,15,17,1,,,,
multi_tile,3,90,0,bt,12,0,11712,16,3457,3457,3458,,,,3493,3460,3475,16,1:15,3476,3491,16,1:15,3477,3492,16,1:15,,,0,,,,0,,,,0,,,,0,,1,2,15,17,1,,,,
multi_tile,3,91,0,bt,12,16,11840,16,3496,3496,3497,,,,3532,3499,3514,16,1:15,3515,3530,16,1:15,3516,3531,16,1:15,,,0,,,,0,,,,0,,,,0,,1,2,15,17,1,,,,
multi_tile,3,92,0,bt,13,0,11968,16,3535,3535,3536,,,,3571,3538,3553,16,1:15,3554,3569,16,1:15,3555,3570,16,1:15,,,0,,,,0,,,,0,,,,0,,1,2,15,17,1,,,,
multi_tile,3,93,0,bt,13,16,12096,16,3574,3574,3575,,,,3610,3577,3592,16,1:15,3593,3608,16,1:15,3594,3609,16,1:15,,,0,,,,0,,,,0,,,,0,,1,2,15,17,1,,,,
multi_tile,3,94,0,bt,14,0,12224,8,3613,3613,3614,,,,3633,3616,3623,8,1:7,3624,3631,8,1:7,3625,3632,8,1:7,,,0,,,,0,,,,0,,,,0,,1,2,7,9,1,,,,
multi_tile,3,95,0,bt,14,8,12288,16,3636,3636,3637,,,,3672,3639,3654,16,1:15,3655,3670,16,1:15,3656,3671,16,1:15,,,0,,,,0,,,,0,,,,0,,1,2,15,17,1,,,,
multi_tile,3,96,0,bt,14,24,12416,8,3675,3675,3676,,,,3695,3678,3685,8,1:7,3686,3693,8,1:7,3687,3694,8,1:7,,,0,,,,0,,,,0,,,,0,,1,2,7,9,1,,,,
multi_tile,3,97,0,bt,15,0,12480,16,3698,3698,3699,,,,3734,3701,3716,16,1:15,3717,3732,16,1:15,3718,3733,16,1:15,,,0,,,,0,,,,0,,,,0,,1,2,15,17,1,,,,
multi_tile,3,98,0,bt,15,16,12608,16,3737,3737,3738,,,,3773,3740,3755,16,1:15,3756,3771,16,1:15,3757,3772,16,1:15,,,0,,,,0,,,,0,,,,0,,1,2,15,17,1,,,,
multi_tile,3,99,0,bt,16,0,12736,16,3776,3776,3777,,,,3812,3779,3794,16,1:15,3795,3810,16,1:15,3796,3811,16,1:15,,,0,,,,0,,,,0,,,,0,,1,2,15,17,1,,,,
multi_tile,3,100,0,bt,16,16,12864,16,3815,3815,3816,,,,3851,3818,3833,16,1:15,3834,3849,16,1:15,3835,3850,16,1:15,,,0,,,,0,,,,0,,,,0,,1,2,15,17,1,,,,
multi_tile,3,101,0,bt,17,0,12992,16,3854,3854,3855,,,,3890,3857,3872,16,1:15,3873,3888,16,1:15,3874,3889,16,1:15,,,0,,,,0,,,,0,,,,0,,1,2,15,17,1,,,,
multi_tile,3,102,0,bt,17,16,13120,16,3893,3893,3894,,,,3929,3896,3911,16,1:15,3912,3927,16,1:15,3913,3928,16,1:15,,,0,,,,0,,,,0,,,,0,,1,2,15,17,1,,,,
multi_tile,3,103,0,bt,18,0,13248,16,3932,3932,3933,,,,3968,3935,3950,16,1:15,3951,3966,16,1:15,3952,3967,16,1:15,,,0,,,,0,,,,0,,,,0,,1,2,15,17,1,,,,
multi_tile,3,104,0,bt,18,16,13376,16,3971,3971,3972,,,,4007,3974,3989,16,1:15,3990,4005,16,1:15,3991,4006,16,1:15,,,0,,,,0,,,,0,,,,0,,1,2,15,17,1,,,,
multi_tile,3,105,0,bt,19,0,13504,16,4010,4010,4011,,,,4046,4013,4028,16,1:15,4029,4044,16,1:15,4030,4045,16,1:15,,,0,,,,0,,,,0,,,,0,,1,2,15,17,1,,,,
multi_tile,3,106,0,bt,19,16,13632,16,4049,4049,4050,,,,4085,4052,4067,16,1:15,4068,4083,16,1:15,4069,4084,16,1:15,,,0,,,,0,,,,0,,,,0,,1,2,15,17,1,,,,
multi_tile,3,107,0,bt,20,0,13760,16,4088,4088,4089,,,,4124,4091,4106,16,1:15,4107,4122,16,1:15,4108,4123,16,1:15,,,0,,,,0,,,,0,,,,0,,1,2,15,17,1,,,,
multi_tile,3,108,0,bt,20,16,13888,16,4127,4127,4128,,,,4163,4130,4145,16,1:15,4146,4161,16,1:15,4147,4162,16,1:15,,,0,,,,0,,,,0,,,,0,,1,2,15,17,1,,,,
multi_tile,3,109,0,bt,21,0,14016,16,4166,4166,4167,,,,4202,4169,4184,16,1:15,4185,4200,16,1:15,4186,4201,16,1:15,,,0,,,,0,,,,0,,,,0,,1,2,15,17,1,,,,
multi_tile,3,110,0,bt,21,16,14144,16,4205,4205,4206,,,,4241,4208,4223,16,1:15,4224,4239,16,1:15,4225,4240,16,1:15,,,0,,,,0,,,,0,,,,0,,1,2,15,17,1,,,,
multi_tile,3,111,0,bt,22,0,14272,16,4244,4244,4245,,,,4280,4247,4262,16,1:15,4263,4278,16,1:15,4264,4279,16,1:15,,,0,,,,0,,,,0,,,,0,,1,2,15,17,1,,,,
multi_tile,3,112,0,bt,22,16,14400,16,4283,4283,4284,,,,4319,4286,4301,16,1:15,4302,4317,16,1:15,4303,4318,16,1:15,,,0,,,,0,,,,0,,,,0,,1,2,15,17,1,,,,
multi_tile,3,113,0,bt,23,0,14528,16,4322,4322,4323,,,,4358,4325,4340,16,1:15,4341,4356,16,1:15,4342,4357,16,1:15,,,0,,,,0,,,,0,,,,0,,1,2,15,17,1,,,,
multi_tile,3,114,0,bt,23,16,14656,16,4361,4361,4362,,,,4397,4364,4379,16,1:15,4380,4395,16,1:15,4381,4396,16,1:15,,,0,,,,0,,,,0,,,,0,,1,2,15,17,1,,,,
multi_tile,3,115,0,bt,24,0,14784,16,4400,4400,4401,,,,4436,4403,4418,16,1:15,4419,4434,16,1:15,4420,4435,16,1:15,,,0,,,,0,,,,0,,,,0,,1,2,15,17,1,,,,
multi_tile,3,116,0,bt,24,16,14912,16,4439,4439,4440,,,,4475,4442,4457,16,1:15,4458,4473,16,1:15,4459,4474,16,1:15,,,0,,,,0,,,,0,,,,0,,1,2,15,17,1,,,,
multi_tile,3,117,0,bt,25,0,15040,16,4478,4478,4479,,,,4514,4481,4496,16,1:15,4497,4512,16,1:15,4498,4513,16,1:15,,,0,,,,0,,,,0,,,,0,,1,2,15,17,1,,,,
multi_tile,3,118,0,bt,25,16,15168,16,4517,4517,4518,,,,4553,4520,4535,16,1:15,4536,4551,16,1:15,4537,4552,16,1:15,,,0,,,,0,,,,0,,,,0,,1,2,15,17,1,,,,
multi_tile,3,119,0,bt,26,0,15296,16,4556,4556,4557,,,,4592,4559,4574,16,1:15,4575,4590,16,1:15,4576,4591,16,1:15,,,0,,,,0,,,,0,,,,0,,1,2,15,17,1,,,,
multi_tile,3,120,0,bt,26,16,15424,16,4595,4595,4596,,,,4631,4598,4613,16,1:15,4614,4629,16,1:15,4615,4630,16,1:15,,,0,,,,0,,,,0,,,,0,,1,2,15,17,1,,,,
multi_tile,3,121,0,bt,27,0,15552,16,4634,4634,4635,,,,4670,4637,4652,16,1:15,4653,4668,16,1:15,4654,4669,16,1:15,,,0,,,,0,,,,0,,,,0,,1,2,15,17,1,,,,
multi_tile,3,122,0,bt,27,16,15680,16,4673,4673,4674,,,,4709,4676,4691,16,1:15,4692,4707,16,1:15,4693,4708,16,1:15,,,0,,,,0,,,,0,,,,0,,1,2,15,17,1,,,,
multi_tile,3,123,0,bt,28,0,15808,16,4712,4712,4713,,,,4748,4715,4730,16,1:15,4731,4746,16,1:15,4732,4747,16,1:15,,,0,,,,0,,,,0,,,,0,,1,2,15,17,1,,,,
multi_tile,3,124,0,bt,28,16,15936,16,4751,4751,4752,,,,4787,4754,4769,16,1:15,4770,4785,16,1:15,4771,4786,16,1:15,,,0,,,,0,,,,0,,,,0,,1,2,15,17,1,,,,
multi_tile,3,125,0,bt,29,0,16064,16,4790,4790,4791,,,,4826,4793,4808,16,1:15,4809,4824,16,1:15,4810,4825,16,1:15,,,0,,,,0,,,,0,,,,0,,1,2,15,17,1,,,,
multi_tile,3,126,0,bt,29,16,16192,16,4829,4829,4830,,,,4865,4832,4847,16,1:15,4848,4863,16,1:15,4849,4864,16,1:15,,,0,,,,0,,,,0,,,,0,,1,2,15,17,1,,,,
multi_tile,3,127,0,bt,30,0,16320,8,4868,4868,4869,,,,4888,4871,4878,8,1:7,4879,4886,8,1:7,4880,4887,8,1:7,,,0,,,,0,,,,0,,,,0,,1,2,7,9,1,,,,
multi_tile,3,128,0,bt,30,8,16384,16,4891,4891,4892,,,,4927,4894,4909,16,1:15,4910,4925,16,1:15,4911,4926,16,1:15,,,0,,,,0,,,,0,,,,0,,1,2,15,17,1,,,,
multi_tile,3,129,0,bt,30,24,16512,8,4930,4930,4931,,,,4950,4933,4940,8,1:7,4941,4948,8,1:7,4942,4949,8,1:7,,,0,,,,0,,,,0,,,,0,,1,2,7,9,1,,,,
multi_tile,3,130,0,bt,31,0,16576,16,4953,4953,4954,,,,4989,4956,4971,16,1:15,4972,4987,16,1:15,4973,4988,16,1:15,,,0,,,,0,,,,0,,,,0,,1,2,15,17,1,,,,
multi_tile,3,131,0,bt,31,16,16704,16,4992,4992,4993,,,,5028,4995,5010,16,1:15,5011,5026,16,1:15,5012,5027,16,1:15,,,0,,,,0,,,,0,,,,0,,1,2,15,17,1,,,,
multi_tile,3,132,0,c,0,0,17728,16,22382,22382,,22463,22462,22480,22481,,,0,,,,0,,,,0,,22384,22459,16,5:15,22386,22461,16,5:15,22387,22462,16,5:15,22463,22478,16,1:15,,,,,,80,16,2,1
multi_tile,3,133,0,c,1,0,17920,16,22484,22484,,22565,22564,22582,22583,,,0,,,,0,,,,0,,22486,22561,16,5:15,22488,22563,16,5:15,22489,22564,16,5:15,22565,22580,16,1:15,,,,,,80,16,2,1
multi_tile,3,134,0,c,2,0,18112,16,22586,22586,,22667,22666,22684,22685,,,0,,,,0,,,,0,,22588,22663,16,5:15,22590,22665,16,5:15,22591,22666,16,5:15,22667,22682,16,1:15,,,,,,80,16,2,1
multi_tile,3,135,0,c,3,0,18304,16,22688,22688,,22769,22768,22786,22787,,,0,,,,0,,,,0,,22690,22765,16,5:15,22692,22767,16,5:15,22693,22768,16,5:15,22769,22784,16,1:15,,,,,,80,16,2,1
multi_tile,3,136,0,c,4,0,18496,16,22790,22790,,22871,22870,22888,22889,,,0,,,,0,,,,0,,22792,22867,16,5:15,22794,22869,16,5:15,22795,22870,16,5:15,22871,22886,16,1:15,,,,,,80,16,2,1
multi_tile,3,137,0,c,5,0,18688,16,22892,22892,,22973,22972,22990,22991,,,0,,,,0,,,,0,,22894,22969,16,5:15,22896,22971,16,5:15,22897,22972,16,5:15,22973,22988,16,1:15,,,,,,80,16,2,1
multi_tile,3,138,0,c,6,0,18880,16,22994,22994,,23075,23074,23092,23093,,,0,,,,0,,,,0,,22996,23071,16,5:15,22998,23073,16,5:15,22999,23074,16,5:15,23075,23090,16,1:15,,,,,,80,16,2,1
multi_tile,3,139,0,c,7,0,19072,16,23096,23096,,23177,23176,23194,23195,,,0,,,,0,,,,0,,23098,23173,16,5:15,23100,23175,16,5:15,23101,23176,16,5:15,23177,23192,16,1:15,,,,,,80,16,2,1
multi_tile,3,140,0,c,8,0,19264,16,23198,23198,,23279,23278,23296,23297,,,0,,,,0,,,,0,,23200,23275,16,5:15,23202,23277,16,5:15,23203,23278,16,5:15,23279,23294,16,1:15,,,,,,80,16,2,1
multi_tile,3,141,0,c,9,0,19456,16,23300,23300,,23381,23380,23398,23399,,,0,,,,0,,,,0,,23302,23377,16,5:15,23304,23379,16,5:15,23305,23380,16,5:15,23381,23396,16,1:15,,,,,,80,16,2,1
multi_tile,3,142,0,c,10,0,19648,16,23402,23402,,23483,23482,23500,23501,,,0,,,,0,,,,0,,23404,23479,16,5:15,23406,23481,16,5:15,23407,23482,16,5:15,23483,23498,16,1:15,,,,,,80,16,2,1
multi_tile,3,143,0,c,11,0,19840,16,23504,23504,,23585,23584,23602,23603,,,0,,,,0,,,,0,,23506,23581,16,5:15,23508,23583,16,5:15,23509,23584,16,5:15,23585,23600,16,1:15,,,,,,80,16,2,1
multi_tile,3,144,0,c,12,0,20032,16,23606,23606,,23687,23686,23704,23705,,,0,,,,0,,,,0,,23608,23683,16,5:15,23610,23685,16,5:15,23611,23686,16,5:15,23687,23702,16,1:15,,,,,,80,16,2,1
multi_tile,3,145,0,c,13,0,20224,16,23708,23708,,23789,23788,23806,23807,,,0,,,,0,,,,0,,23710,23785,16,5:15,23712,23787,16,5:15,23713,23788,16,5:15,23789,23804,16,1:15,,,,,,80,16,2,1
multi_tile,3,146,0,c,14,0,20416,8,23810,23810,,23851,23850,23860,23861,,,0,,,,0,,,,0,,23812,23847,8,5:7,23814,23849,8,5:7,23815,23850,8,5:7,23851,23858,8,1:7,,,,,,40,8,2,1
multi_tile,3,147,0,c,14,8,20480,8,23864,23864,,23905,23904,23914,23915,,,0,,,,0,,,,0,,23866,23901,8,5:7,23868,23903,8,5:7,23869,23904,8,5:7,23905,23912,8,1:7,,,,,,40,8,2,1
multi_tile,3,148,0,c,15,0,20608,16,23918,23918,,23999,23998,24016,24017,,,0,,,,0,,,,0,,23920,23995,16,5:15,23922,23997,16,5:15,23923,23998,16,5:15,23999,24014,16,1:15,,,,,,80,16,2,1
multi_tile,3,149,0,c,16,0,20800,16,24020,24020,,24101,24100,24118,24119,,,0,,,,0,,,,0,,24022,24097,16,5:15,24024,24099,16,5:15,24025,24100,16,5:15,24101,24116,16,1:15,,,,,,80,16,2,1
multi_tile,3,150,0,c,17,0,20992,16,24122,24122,,24203,24202,24220,24221,,,0,,,,0,,,,0,,24124,24199,16,5:15,24126,24201,16,5:15,24127,24202,16,5:15,24203,24218,16,1:15,,,,,,80,16,2,1
multi_tile,3,151,0,c,18,0,21184,16,24224,24224,,24305,24304,24322,24323,,,0,,,,0,,,,0,,24226,24301,16,5:15,24228,24303,16,5:15,24229,24304,16,5:15,24305,24320,16,1:15,,,,,,80,16,2,1
multi_tile,3,152,0,c,19,0,21376,16,24326,24326,,24407,24406,24424,24425,,,0,,,,0,,,,0,,24328,24403,16,5:15,24330,24405,16,5:15,24331,24406,16,5:15,24407,24422,16,1:15,,,,,,80,16,2,1
multi_tile,3,153,0,c,20,0,21568,16,24428,24428,,24509,24508,24526,24527,,,0,,,,0,,,,0,,24430,24505,16,5:15,24432,24507,16,5:15,24433,24508,16,5:15,24509,24524,16,1:15,,,,,,80,16,2,1
multi_tile,3,154,0,c,21,0,21760,16,24530,24530,,24611,24610,24628,24629,,,0,,,,0,,,,0,,24532,24607,16,5:15,24534,24609,16,5:15,24535,24610,16,5:15,24611,24626,16,1:15,,,,,,80,16,2,1
multi_tile,3,155,0,c,22,0,21952,16,24632,24632,,24713,24712,24730,24731,,,0,,,,0,,,,0,,24634,24709,16,5:15,24636,24711,16,5:15,24637,24712,16,5:15,24713,24728,16,1:15,,,,,,80,16,2,1
multi_tile,3,156,0,c,23,0,22144,16,24734,24734,,24815,24814,24832,24833,,,0,,,,0,,,,0,,24736,24811,16,5:15,24738,24813,16,5:15,24739,24814,16,5:15,24815,24830,16,1:15,,,,,,80,16,2,1
multi_tile,3,157,0,c,24,0,22336,16,24836,24836,,24917,24916,24934,24935,,,0,,,,0,,,,0,,24838,24913,16,5:15,24840,24915,16,5:15,24841,24916,16,5:15,24917,24932,16,1:15,,,,,,80,16,2,1
multi_tile,3,158,0,c,25,0,22528,16,24938,24938,,25019,25018,25036,25037,,,0,,,,0,,,,0,,24940,25015,16,5:15,24942,25017,16,5:15,24943,25018,16,5:15,25019,25034,16,1:15,,,,,,80,16,2,1
multi_tile,3,159,0,c,26,0,22720,16,25040,25040,,25121,25120,25138,25139,,,0,,,,0,,,,0,,25042,25117,16,5:15,25044,25119,16,5:15,25045,25120,16,5:15,25121,25136,16,1:15,,,,,,80,16,2,1
multi_tile,3,160,0,c,27,0,22912,16,25142,25142,,25223,25222,25240,25241,,,0,,,,0,,,,0,,25144,25219,16,5:15,25146,25221,16,5:15,25147,25222,16,5:15,25223,25238,16,1:15,,,,,,80,16,2,1
multi_tile,3,161,0,c,28,0,23104,16,25244,25244,,25325,25324,25342,25343,,,0,,,,0,,,,0,,25246,25321,16,5:15,25248,25323,16,5:15,25249,25324,16,5:15,25325,25340,16,1:15,,,,,,80,16,2,1
multi_tile,3,162,0,c,29,0,23296,16,25346,25346,,25427,25426,25444,25445,,,0,,,,0,,,,0,,25348,25423,16,5:15,25350,25425,16,5:15,25351,25426,16,5:15,25427,25442,16,1:15,,,,,,80,16,2,1
multi_tile,3,163,0,c,30,0,23488,16,25448,25448,,25529,25528,25546,25547,,,0,,,,0,,,,0,,25450,25525,16,5:15,25452,25527,16,5:15,25453,25528,16,5:15,25529,25544,16,1:15,,,,,,80,16,2,1
multi_tile,3,164,0,c,31,0,23680,16,25550,25550,,25631,25630,25648,25649,,,0,,,,0,,,,0,,25552,25627,16,5:15,25554,25629,16,5:15,25555,25630,16,5:15,25631,25646,16,1:15,,,,,,80,16,2,1
multi_tile,3,165,1,a,0,0,64,16,25658,25658,25659,,,,25694,25661,25676,16,1:15,25677,25692,16,1:15,25678,25693,16,1:15,,,0,,,,0,,,,0,,,,0,,1,2,15,17,1,,,,
multi_tile,3,166,1,a,0,16,192,16,25697,25697,25698,,,,25733,25700,25715,16,1:15,25716,25731,16,1:15,25717,25732,16,1:15,,,0,,,,0,,,,0,,,,0,,1,2,15,17,1,,,,
multi_tile,3,167,1,a,1,0,320,16,25736,25736,25737,,,,25772,25739,25754,16,1:15,25755,25770,16,1:15,25756,25771,16,1:15,,,0,,,,0,,,,0,,,,0,,1,2,15,17,1,,,,
multi_tile,3,168,1,a,1,16,448,16,25775,25775,25776,,,,25811,25778,25793,16,1:15,25794,25809,16,1:15,25795,25810,16,1:15,,,0,,,,0,,,,0,,,,0,,1,2,15,17,1,,,,
multi_tile,3,169,1,a,2,0,576,16,25814,25814,25815,,,,25850,25817,25832,16,1:15,25833,25848,16,1:15,25834,25849,16,1:15,,,0,,,,0,,,,0,,,,0,,1,2,15,17,1,,,,
multi_tile,3,170,1,a,2,16,704,16,25853,25853,25854,,,,25889,25856,25871,16,1:15,25872,25887,16,1:15,25873,25888,16,1:15,,,0,,,,0,,,,0,,,,0,,1,2,15,17,1,,,,
multi_tile,3,171,1,a,3,0,832,16,25892,25892,25893,,,,25928,25895,25910,16,1:15,25911,25926,16,1:15,25912,25927,16,1:15,,,0,,,,0,,,,0,,,,0,,1,2,15,17,1,,,,
multi_tile,3,172,1,a,3,16,960,16,25931,25931,25932,,,,25967,25934,25949,16,1:15,25950,25965,16,1:15,25951,25966,16,1:15,,,0,,,,0,,,,0,,,,0,,1,2,15,17,1,,,,
multi_tile,3,173,1,a,4,0,1088,16,25970,25970,25971,,,,26006,25973,25988,16,1:15,25989,26004,16,1:15,25990,26005,16,1:15,,,0,,,,0,,,,0,,,,0,,1,2,15,17,1,,,,
multi_tile,3,174,1,a,4,16,1216,16,26009,26009,26010,,,,26045,26012,26027,16,1:15,26028,26043,16,1:15,26029,26044,16,1:15,,,0,,,,0,,,,0,,,,0,,1,2,15,17,1,,,,
multi_tile,3,175,1,a,5,0,1344,16,26048,26048,26049,,,,26084,26051,26066,16,1:15,26067,26082,16,1:15,26068,26083,16,1:15,,,0,,,,0,,,,0,,,,0,,1,2,15,17,1,,,,
multi_tile,3,176,1,a,5,16,1472,16,26087,26087,26088,,,,26123,26090,26105,16,1:15,26106,26121,16,1:15,26107,26122,16,1:15,,,0,,,,0,,,,0,,,,0,,1,2,15,17,1,,,,
multi_tile,3,177,1,a,6,0,1600,16,26126,26126,26127,,,,26162,26129,26144,16,1:15,26145,26160,16,1:15,26146,26161,16,1:15,,,0,,,,0,,,,0,,,,0,,1,2,15,17,1,,,,
multi_tile,3,178,1,a,6,16,1728,16,26165,26165,26166,,,,26201,26168,26183,16,1:15,26184,26199,16,1:15,26185,26200,16,1:15,,,0,,,,0,,,,0,,,,0,,1,2,15,17,1,,,,
multi_tile,3,179,1,a,7,0,1856,16,26204,26204,26205,,,,26240,26207,26222,16,1:15,26223,26238,16,1:15,26224,26239,16,1:15,,,0,,,,0,,,,0,,,,0,,1,2,15,17,1,,,,
multi_tile,3,180,1,a,7,16,1984,16,26243,26243,26244,,,,26279,26246,26261,16,1:15,26262,26277,16,1:15,26263,26278,16,1:15,,,0,,,,0,,,,0,,,,0,,1,2,15,17,1,,,,
multi_tile,3,181,1,a,8,0,2112,16,26282,26282,26283,,,,26318,26285,26300,16,1:15,26301,26316,16,1:15,26302,26317,16,1:15,,,0,,,,0,,,,0,,,,0,,1,2,15,17,1,,,,
multi_tile,3,182,1,a,8,16,2240,16,26321,26321,26322,,,,26357,26324,26339,16,1:15,26340,26355,16,1:15,26341,26356,16,1:15,,,0,,,,0,,,,0,,,,0,,1,2,15,17,1,,,,
multi_tile,3,183,1,a,9,0,2368,16,26360,26360,26361,,,,26396,26363,26378,16,1:15,26379,26394,16,1:15,26380,26395,16,1:15,,,0,,,,0,,,,0,,,,0,,1,2,15,17,1,,,,
multi_tile,3,184,1,a,9,16,2496,16,26399,26399,26400,,,,26435,26402,26417,16,1:15,26418,26433,16,1:15,26419,26434,16,1:15,,,0,,,,0,,,,0,,,,0,,1,2,15,17,1,,,,
multi_tile,3,185,1,a,10,0,2624,16,26438,26438,26439,,,,26474,26441,26456,16,1:15,26457,26472,16,1:15,26458,26473,16,1:15,,,0,,,,0,,,,0,,,,0,,1,2,15,17,1,,,,
multi_tile,3,186,1,a,10,16,2752,16,26477,26477,26478,,,,26513,26480,26495,16,1:15,26496,26511,16,1:15,26497,26512,16,1:15,,,0,,,,0,,,,0,,,,0,,1,2,15,17,1,,,,
multi_tile,3,187,1,a,11,0,2880,16,26516,26516,26517,,,,26552,26519,26534,16,1:15,26535,26550,16,1:15,26536,26551,16,1:15,,,0,,,,0,,,,0,,,,0,,1,2,15,17,1,,,,
multi_tile,3,188,1,a,11,16,3008,16,26555,26555,26556,,,,26591,26558,26573,16,1:15,26574,26589,16,1:15,26575,26590,16,1:15,,,0,,,,0,,,,0,,,,0,,1,2,15,17,1,,,,
multi_tile,3,189,1,a,12,0,3136,16,26594,26594,26595,,,,26630,26597,26612,16,1:15,26613,26628,16,1:15,26614,26629,16,1:15,,,0,,,,0,,,,0,,,,0,,1,2,15,17,1,,,,
multi_tile,3,190,1,a,12,16,3264,16,26633,26633,26634,,,,26669,26636,26651,16,1:15,26652,26667,16,1:15,26653,26668,16,1:15,,,0,,,,0,,,,0,,,,0,,1,2,15,17,1,,,,
multi_tile,3,191,1,a,13,0,3392,16,26672,26672,26673,,,,26708,26675,26690,16,1:15,26691,26706,16,1:15,26692,26707,16,1:15,,,0,,,,0,,,,0,,,,0,,1,2,15,17,1,,,,
multi_tile,3,192,1,a,13,16,3520,16,26711,26711,26712,,,,26747,26714,26729,16,1:15,26730,26745,16,1:15,26731,26746,16,1:15,,,0,,,,0,,,,0,,,,0,,1,2,15,17,1,,,,
multi_tile,3,193,1,a,14,0,3648,16,26750,26750,26751,,,,26786,26753,26768,16,1:15,26769,26784,16,1:15,26770,26785,16,1:15,,,0,,,,0,,,,0,,,,0,,1,2,15,17,1,,,,
multi_tile,3,194,1,a,14,16,3776,16,26789,26789,26790,,,,26825,26792,26807,16,1:15,26808,26823,16,1:15,26809,26824,16,1:15,,,0,,,,0,,,,0,,,,0,,1,2,15,17,1,,,,
multi_tile,3,195,1,a,15,0,3904,16,26828,26828,26829,,,,26864,26831,26846,16,1:15,26847,26862,16,1:15,26848,26863,16,1:15,,,0,,,,0,,,,0,,,,0,,1,2,15,17,1,,,,
multi_tile,3,196,1,a,15,16,4032,8,26867,26867,26868,,,,26887,26870,26877,8,1:7,26878,26885,8,1:7,26879,26886,8,1:7,,,0,,,,0,,,,0,,,,0,,1,2,7,9,1,,,,
multi_tile,3,197,1,a,15,24,4096,8,26890,26890,26891,,,,26910,26893,26900,8,1:7,26901,26908,8,1:7,26902,26909,8,1:7,,,0,,,,0,,,,0,,,,0,,1,2,7,9,1,,,,
multi_tile,3,198,1,a,16,0,4160,16,26913,26913,26914,,,,26949,26916,26931,16,1:15,26932,26947,16,1:15,26933,26948,16,1:15,,,0,,,,0,,,,0,,,,0,,1,2,15,17,1,,,,
multi_tile,3,199,1,a,16,16,4288,16,26952,26952,26953,,,,26988,26955,26970,16,1:15,26971,26986,16,1:15,26972,26987,16,1:15,,,0,,,,0,,,,0,,,,0,,1,2,15,17,1,,,,
multi_tile,3,200,1,a,17,0,4416,16,26991,26991,26992,,,,27027,26994,27009,16,1:15,27010,27025,16,1:15,27011,27026,16,1:15,,,0,,,,0,,,,0,,,,0,,1,2,15,17,1,,,,
multi_tile,3,201,1,a,17,16,4544,16,27030,27030,27031,,,,27066,27033,27048,16,1:15,27049,27064,16,1:15,27050,27065,16,1:15,,,0,,,,0,,,,0,,,,0,,1,2,15,17,1,,,,
multi_tile,3,202,1,a,18,0,4672,16,27069,27069,27070,,,,27105,27072,27087,16,1:15,27088,27103,16,1:15,27089,27104,16,1:15,,,0,,,,0,,,,0,,,,0,,1,2,15,17,1,,,,
multi_tile,3,203,1,a,18,16,4800,16,27108,27108,27109,,,,27144,27111,27126,16,1:15,27127,27142,16,1:15,27128,27143,16,1:15,,,0,,,,0,,,,0,,,,0,,1,2,15,17,1,,,,
multi_tile,3,204,1,a,19,0,4928,16,27147,27147,27148,,,,27183,27150,27165,16,1:15,27166,27181,16,1:15,27167,27182,16,1:15,,,0,,,,0,,,,0,,,,0,,1,2,15,17,1,,,,
multi_tile,3,205,1,a,19,16,5056,16,27186,27186,27187,,,,27222,27189,27204,16,1:15,27205,27220,16,1:15,27206,27221,16,1:15,,,0,,,,0,,,,0,,,,0,,1,2,15,17,1,,,,
multi_tile,3,206,1,a,20,0,5184,16,27225,27225,27226,,,,27261,27228,27243,16,1:15,27244,27259,16,1:15,27245,27260,16,1:15,,,0,,,,0,,,,0,,,,0,,1,2,15,17,1,,,,
multi_tile,3,207,1,a,20,16,5312,16,27264,27264,27265,,,,27300,27267,27282,16,1:15,27283,27298,16,1:15,27284,27299,16,1:15,,,0,,,,0,,,,0,,,,0,,1,2,15,17,1,,,,
multi_tile,3,208,1,a,21,0,5440,16,27303,27303,27304,,,,27339,27306,27321,16,1:15,27322,27337,16,1:15,27323,27338,16,1:15,,,0,,,,0,,,,0,,,,0,,1,2,15,17,1,,,,
multi_tile,3,209,1,a,21,16,5568,16,27342,27342,27343,,,,27378,27345,27360,16,1:15,27361,27376,16,1:15,27362,27377,16,1:15,,,0,,,,0,,,,0,,,,0,,1,2,15,17,1,,,,
multi_tile,3,210,1,a,22,0,5696,16,27381,27381,27382,,,,27417,27384,27399,16,1:15,27400,27415,16,1:15,27401,27416,16,1:15,,,0,,,,0,,,,0,,,,0,,1,2,15,17,1,,,,
multi_tile,3,211,1,a,22,16,5824,16,27420,27420,27421,,,,27456,27423,27438,16,1:15,27439,27454,16,1:15,27440,27455,16,1:15,,,0,,,,0,,,,0,,,,0,,1,2,15,17,1,,,,
multi_tile,3,212,1,a,23,0,5952,16,27459,27459,27460,,,,27495,27462,27477,16,1:15,27478,27493,16,1:15,27479,27494,16,1:15,,,0,,,,0,,,,0,,,,0,,1,2,15,17,1,,,,
multi_tile,3,213,1,a,23,16,6080,16,27498,27498,27499,,,,27534,27501,27516,16,1:15,27517,27532,16,1:15,27518,27533,16,1:15,,,0,,,,0,,,,0,,,,0,,1,2,15,17,1,,,,
multi_tile,3,214,1,a,24,0,6208,16,27537,27537,27538,,,,27573,27540,27555,16,1:15,27556,27571,16,1:15,27557,27572,16,1:15,,,0,,,,0,,,,0,,,,0,,1,2,15,17,1,,,,
multi_tile,3,215,1,a,24,16,6336,16,27576,27576,27577,,,,27612,27579,27594,16,1:15,27595,27610,16,1:15,27596,27611,16,1:15,,,0,,,,0,,,,0,,,,0,,1,2,15,17,1,,,,
multi_tile,3,216,1,a,25,0,6464,16,27615,27615,27616,,,,27651,27618,27633,16,1:15,27634,27649,16,1:15,27635,27650,16,1:15,,,0,,,,0,,,,0,,,,0,,1,2,15,17,1,,,,
multi_tile,3,217,1,a,25,16,6592,16,27654,27654,27655,,,,27690,27657,27672,16,1:15,27673,27688,16,1:15,27674,27689,16,1:15,,,0,,,,0,,,,0,,,,0,,1,2,15,17,1,,,,
multi_tile,3,218,1,a,26,0,6720,16,27693,27693,27694,,,,27729,27696,27711,16,1:15,27712,27727,16,1:15,27713,27728,16,1:15,,,0,,,,0,,,,0,,,,0,,1,2,15,17,1,,,,
multi_tile,3,219,1,a,26,16,6848,16,27732,27732,27733,,,,27768,27735,27750,16,1:15,27751,27766,16,1:15,27752,27767,16,1:15,,,0,,,,0,,,,0,,,,0,,1,2,15,17,1,,,,
multi_tile,3,220,1,a,27,0,6976,16,27771,27771,27772,,,,27807,27774,27789,16,1:15,27790,27805,16,1:15,27791,27806,16,1:15,,,0,,,,0,,,,0,,,,0,,1,2,15,17,1,,,,
multi_tile,3,221,1,a,27,16,7104,16,27810,27810,27811,,,,27846,27813,27828,16,1:15,27829,27844,16,1:15,27830,27845,16,1:15,,,0,,,,0,,,,0,,,,0,,1,2,15,17,1,,,,
multi_tile,3,222,1,a,28,0,7232,16,27849,27849,27850,,,,27885,27852,27867,16,1:15,27868,27883,16,1:15,27869,27884,16,1:15,,,0,,,,0,,,,0,,,,0,,1,2,15,17,1,,,,
multi_tile,3,223,1,a,28,16,7360,16,27888,27888,27889,,,,27924,27891,27906,16,1:15,27907,27922,16,1:15,27908,27923,16,1:15,,,0,,,,0,,,,0,,,,0,,1,2,15,17,1,,,,
multi_tile,3,224,1,a,29,0,7488,16,27927,27927,27928,,,,27963,27930,27945,16,1:15,27946,27961,16,1:15,27947,27962,16,1:15,,,0,,,,0,,,,0,,,,0,,1,2,15,17,1,,,,
multi_tile,3,225,1,a,29,16,7616,16,27966,27966,27967,,,,28002,27969,27984,16,1:15,27985,28000,16,1:15,27986,28001,16,1:15,,,0,,,,0,,,,0,,,,0,,1,2,15,17,1,,,,
multi_tile,3,226,1,a,30,0,7744,16,28005,28005,28006,,,,28041,28008,28023,16,1:15,28024,28039,16,1:15,28025,28040,16,1:15,,,0,,,,0,,,,0,,,,0,,1,2,15,17,1,,,,
multi_tile,3,227,1,a,30,16,7872,16,28044,28044,28045,,,,28080,28047,28062,16,1:15,28063,28078,16,1:15,28064,28079,16,1:15,,,0,,,,0,,,,0,,,,0,,1,2,15,17,1,,,,
multi_tile,3,228,1,a,31,0,8000,16,28083,28083,28084,,,,28119,28086,28101,16,1:15,28102,28117,16,1:15,28103,28118,16,1:15,,,0,,,,0,,,,0,,,,0,,1,2,15,17,1,,,,
multi_tile,3,229,1,a,31,16,8128,8,28122,28122,28123,,,,28142,28125,28132,8,1:7,28133,28140,8,1:7,28134,28141,8,1:7,,,0,,,,0,,,,0,,,,0,,1,2,7,9,1,,,,
multi_tile,3,230,1,a,31,24,8192,8,28145,28145,28146,,,,28165,28148,28155,8,1:7,28156,28163,8,1:7,28157,28164,8,1:7,,,0,,,,0,,,,0,,,,0,,1,2,7,9,1,,,,
multi_tile,3,231,1,bt,0,0,16832,16,28173,28173,28174,,,,28209,28176,28191,16,1:15,28192,28207,16,1:15,28193,28208,16,1:15,,,0,,,,0,,,,0,,,,0,,1,2,15,17,1,,,,
multi_tile,3,232,1,bt,0,16,16960,16,28212,28212,28213,,,,28248,28215,28230,16,1:15,28231,28246,16,1:15,28232,28247,16,1:15,,,0,,,,0,,,,0,,,,0,,1,2,15,17,1,,,,
multi_tile,3,233,1,bt,1,0,17088,16,28251,28251,28252,,,,28287,28254,28269,16,1:15,28270,28285,16,1:15,28271,28286,16,1:15,,,0,,,,0,,,,0,,,,0,,1,2,15,17,1,,,,
multi_tile,3,234,1,bt,1,16,17216,16,28290,28290,28291,,,,28326,28293,28308,16,1:15,28309,28324,16,1:15,28310,28325,16,1:15,,,0,,,,0,,,,0,,,,0,,1,2,15,17,1,,,,
multi_tile,3,235,1,bt,2,0,17344,16,28329,28329,28330,,,,28365,28332,28347,16,1:15,28348,28363,16,1:15,28349,28364,16,1:15,,,0,,,,0,,,,0,,,,0,,1,2,15,17,1,,,,
multi_tile,3,236,1,bt,2,16,17472,16,28368,28368,28369,,,,28404,28371,28386,16,1:15,28387,28402,16,1:15,28388,28403,16,1:15,,,0,,,,0,,,,0,,,,0,,1,2,15,17,1,,,,
multi_tile,3,237,1,c,0,0,17856,2,30582,30582,,30593,30592,30596,30597,,,0,,,,0,,,,0,,30584,30589,2,5:1,30586,30591,2,5:1,30587,30592,2,5:1,30593,30594,2,1:1,,,,,,10,2,2,1
multi_tile,3,238,1,c,1,0,18048,2,30600,30600,,30611,30610,30614,30615,,,0,,,,0,,,,0,,30602,30607,2,5:1,30604,30609,2,5:1,30605,30610,2,5:1,30611,30612,2,1:1,,,,,,10,2,2,1
multi_tile,3,239,1,c,2,0,18240,2,30618,30618,,30629,30628,30632,30633,,,0,,,,0,,,,0,,30620,30625,2,5:1,30622,30627,2,5:1,30623,30628,2,5:1,30629,30630,2,1:1,,,,,,10,2,2,1
multi_tile,3,240,1,c,3,0,18432,2,30636,30636,,30647,30646,30650,30651,,,0,,,,0,,,,0,,30638,30643,2,5:1,30640,30645,2,5:1,30641,30646,2,5:1,30647,30648,2,1:1,,,,,,10,2,2,1
multi_tile,3,241,1,c,4,0,18624,2,30654,30654,,30665,30664,30668,30669,,,0,,,,0,,,,0,,30656,30661,2,5:1,30658,30663,2,5:1,30659,30664,2,5:1,30665,30666,2,1:1,,,,,,10,2,2,1
multi_tile,3,242,1,c,5,0,18816,2,30672,30672,,30683,30682,30686,30687,,,0,,,,0,,,,0,,30674,30679,2,5:1,30676,30681,2,5:1,30677,30682,2,5:1,30683,30684,2,1:1,,,,,,10,2,2,1
multi_tile,3,243,1,c,6,0,19008,2,30690,30690,,30701,30700,30704,30705,,,0,,,,0,,,,0,,30692,30697,2,5:1,30694,30699,2,5:1,30695,30700,2,5:1,30701,30702,2,1:1,,,,,,10,2,2,1
multi_tile,3,244,1,c,7,0,19200,2,30708,30708,,30719,30718,30722,30723,,,0,,,,0,,,,0,,30710,30715,2,5:1,30712,30717,2,5:1,30713,30718,2,5:1,30719,30720,2,1:1,,,,,,10,2,2,1
multi_tile,3,245,1,c,8,0,19392,2,30726,30726,,30737,30736,30740,30741,,,0,,,,0,,,,0,,30728,30733,2,5:1,30730,30735,2,5:1,30731,30736,2,5:1,30737,30738,2,1:1,,,,,,10,2,2,1
multi_tile,3,246,1,c,9,0,19584,2,30744,30744,,30755,30754,30758,30759,,,0,,,,0,,,,0,,30746,30751,2,5:1,30748,30753,2,5:1,30749,30754,2,5:1,30755,30756,2,1:1,,,,,,10,2,2,1
multi_tile,3,247,1,c,10,0,19776,2,30762,30762,,30773,30772,30776,30777,,,0,,,,0,,,,0,,30764,30769,2,5:1,30766,30771,2,5:1,30767,30772,2,5:1,30773,30774,2,1:1,,,,,,10,2,2,1
multi_tile,3,248,1,c,11,0,19968,2,30780,30780,,30791,30790,30794,30795,,,0,,,,0,,,,0,,30782,30787,2,5:1,30784,30789,2,5:1,30785,30790,2,5:1,30791,30792,2,1:1,,,,,,10,2,2,1
multi_tile,3,249,1,c,12,0,20160,2,30798,30798,,30809,30808,30812,30813,,,0,,,,0,,,,0,,30800,30805,2,5:1,30802,30807,2,5:1,30803,30808,2,5:1,30809,30810,2,1:1,,,,,,10,2,2,1
multi_tile,3,250,1,c,13,0,20352,2,30816,30816,,30827,30826,30830,30831,,,0,,,,0,,,,0,,30818,30823,2,5:1,30820,30825,2,5:1,30821,30826,2,5:1,30827,30828,2,1:1,,,,,,10,2,2,1
multi_tile,3,251,1,c,14,0,20544,2,30834,30834,,30845,30844,30848,30849,,,0,,,,0,,,,0,,30836,30841,2,5:1,30838,30843,2,5:1,30839,30844,2,5:1,30845,30846,2,1:1,,,,,,10,2,2,1
multi_tile,3,252,1,c,15,0,20736,2,30852,30852,,30863,30862,30866,30867,,,0,,,,0,,,,0,,30854,30859,2,5:1,30856,30861,2,5:1,30857,30862,2,5:1,30863,30864,2,1:1,,,,,,10,2,2,1
multi_tile,3,253,1,c,16,0,20928,2,30870,30870,,30881,30880,30884,30885,,,0,,,,0,,,,0,,30872,30877,2,5:1,30874,30879,2,5:1,30875,30880,2,5:1,30881,30882,2,1:1,,,,,,10,2,2,1
multi_tile,3,254,1,c,17,0,21120,2,30888,30888,,30899,30898,30902,30903,,,0,,,,0,,,,0,,30890,30895,2,5:1,30892,30897,2,5:1,30893,30898,2,5:1,30899,30900,2,1:1,,,,,,10,2,2,1
multi_tile,3,255,1,c,18,0,21312,2,30906,30906,,30917,30916,30920,30921,,,0,,,,0,,,,0,,30908,30913,2,5:1,30910,30915,2,5:1,30911,30916,2,5:1,30917,30918,2,1:1,,,,,,10,2,2,1
multi_tile,3,256,1,c,19,0,21504,2,30924,30924,,30935,30934,30938,30939,,,0,,,,0,,,,0,,30926,30931,2,5:1,30928,30933,2,5:1,30929,30934,2,5:1,30935,30936,2,1:1,,,,,,10,2,2,1
multi_tile,3,257,1,c,20,0,21696,2,30942,30942,,30953,30952,30956,30957,,,0,,,,0,,,,0,,30944,30949,2,5:1,30946,30951,2,5:1,30947,30952,2,5:1,30953,30954,2,1:1,,,,,,10,2,2,1
multi_tile,3,258,1,c,21,0,21888,2,30960,30960,,30971,30970,30974,30975,,,0,,,,0,,,,0,,30962,30967,2,5:1,30964,30969,2,5:1,30965,30970,2,5:1,30971,30972,2,1:1,,,,,,10,2,2,1
multi_tile,3,259,1,c,22,0,22080,2,30978,30978,,30989,30988,30992,30993,,,0,,,,0,,,,0,,30980,30985,2,5:1,30982,30987,2,5:1,30983,30988,2,5:1,30989,30990,2,1:1,,,,,,10,2,2,1
multi_tile,3,260,1,c,23,0,22272,2,30996,30996,,31007,31006,31010,31011,,,0,,,,0,,,,0,,30998,31003,2,5:1,31000,31005,2,5:1,31001,31006,2,5:1,31007,31008,2,1:1,,,,,,10,2,2,1
multi_tile,3,261,1,c,24,0,22464,2,31014,31014,,31025,31024,31028,31029,,,0,,,,0,,,,0,,31016,31021,2,5:1,31018,31023,2,5:1,31019,31024,2,5:1,31025,31026,2,1:1,,,,,,10,2,2,1
multi_tile,3,262,1,c,25,0,22656,2,31032,31032,,31043,31042,31046,31047,,,0,,,,0,,,,0,,31034,31039,2,5:1,31036,31041,2,5:1,31037,31042,2,5:1,31043,31044,2,1:1,,,,,,10,2,2,1
multi_tile,3,263,1,c,26,0,22848,2,31050,31050,,31061,31060,31064,31065,,,0,,,,0,,,,0,,31052,31057,2,5:1,31054,31059,2,5:1,31055,31060,2,5:1,31061,31062,2,1:1,,,,,,10,2,2,1
multi_tile,3,264,1,c,27,0,23040,2,31068,31068,,31079,31078,31082,31083,,,0,,,,0,,,,0,,31070,31075,2,5:1,31072,31077,2,5:1,31073,31078,2,5:1,31079,31080,2,1:1,,,,,,10,2,2,1
multi_tile,3,265,1,c,28,0,23232,2,31086,31086,,31097,31096,31100,31101,,,0,,,,0,,,,0,,31088,31093,2,5:1,31090,31095,2,5:1,31091,31096,2,5:1,31097,31098,2,1:1,,,,,,10,2,2,1
multi_tile,3,266,1,c,29,0,23424,2,31104,31104,,31115,31114,31118,31119,,,0,,,,0,,,,0,,31106,31111,2,5:1,31108,31113,2,5:1,31109,31114,2,5:1,31115,31116,2,1:1,,,,,,10,2,2,1
multi_tile,3,267,1,c,30,0,23616,2,31122,31122,,31133,31132,31136,31137,,,0,,,,0,,,,0,,31124,31129,2,5:1,31126,31131,2,5:1,31127,31132,2,5:1,31133,31134,2,1:1,,,,,,10,2,2,1
multi_tile,3,268,1,c,31,0,23808,2,31140,31140,,31151,31150,31154,31155,,,0,,,,0,,,,0,,31142,31147,2,5:1,31144,31149,2,5:1,31145,31150,2,5:1,31151,31152,2,1:1,,,,,,10,2,2,1
multi_tile,3,269,2,a,0,0,8256,16,31164,31164,31165,,,,31200,31167,31182,16,1:15,31183,31198,16,1:15,31184,31199,16,1:15,,,0,,,,0,,,,0,,,,0,,1,2,15,17,1,,,,
multi_tile,3,270,2,a,0,16,8384,16,31203,31203,31204,,,,31239,31206,31221,16,1:15,31222,31237,16,1:15,31223,31238,16,1:15,,,0,,,,0,,,,0,,,,0,,1,2,15,17,1,,,,
multi_tile,3,271,2,bt,0,0,8640,16,31247,31247,31248,,,,31283,31250,31265,16,1:15,31266,31281,16,1:15,31267,31282,16,1:15,,,0,,,,0,,,,0,,,,0,,1,2,15,17,1,,,,
multi_tile,3,272,2,bt,0,16,8768,16,31286,31286,31287,,,,31322,31289,31304,16,1:15,31305,31320,16,1:15,31306,31321,16,1:15,,,0,,,,0,,,,0,,,,0,,1,2,15,17,1,,,,
multi_tile,3,273,2,bt,1,0,8896,16,31325,31325,31326,,,,31361,31328,31343,16,1:15,31344,31359,16,1:15,31345,31360,16,1:15,,,0,,,,0,,,,0,,,,0,,1,2,15,17,1,,,,
multi_tile,3,274,2,bt,1,16,9024,16,31364,31364,31365,,,,31400,31367,31382,16,1:15,31383,31398,16,1:15,31384,31399,16,1:15,,,0,,,,0,,,,0,,,,0,,1,2,15,17,1,,,,
multi_tile,3,275,2,bt,2,0,9152,16,31403,31403,31404,,,,31439,31406,31421,16,1:15,31422,31437,16,1:15,31423,31438,16,1:15,,,0,,,,0,,,,0,,,,0,,1,2,15,17,1,,,,
multi_tile,3,276,2,bt,2,16,9280,16,31442,31442,31443,,,,31478,31445,31460,16,1:15,31461,31476,16,1:15,31462,31477,16,1:15,,,0,,,,0,,,,0,,,,0,,1,2,15,17,1,,,,
multi_tile,3,277,2,bt,3,0,9408,16,31481,31481,31482,,,,31517,31484,31499,16,1:15,31500,31515,16,1:15,31501,31516,16,1:15,,,0,,,,0,,,,0,,,,0,,1,2,15,17,1,,,,
multi_tile,3,278,2,bt,3,16,9536,16,31520,31520,31521,,,,31556,31523,31538,16,1:15,31539,31554,16,1:15,31540,31555,16,1:15,,,0,,,,0,,,,0,,,,0,,1,2,15,17,1,,,,
multi_tile,3,279,2,bt,4,0,9664,16,31559,31559,31560,,,,31595,31562,31577,16,1:15,31578,31593,16,1:15,31579,31594,16,1:15,,,0,,,,0,,,,0,,,,0,,1,2,15,17,1,,,,
multi_tile,3,280,2,bt,4,16,9792,16,31598,31598,31599,,,,31634,31601,31616,16,1:15,31617,31632,16,1:15,31618,31633,16,1:15,,,0,,,,0,,,,0,,,,0,,1,2,15,17,1,,,,
multi_tile,3,281,2,bt,5,0,9920,16,31637,31637,31638,,,,31673,31640,31655,16,1:15,31656,31671,16,1:15,31657,31672,16,1:15,,,0,,,,0,,,,0,,,,0,,1,2,15,17,1,,,,
multi_tile,3,282,2,bt,5,16,10048,16,31676,31676,31677,,,,31712,31679,31694,16,1:15,31695,31710,16,1:15,31696,31711,16,1:15,,,0,,,,0,,,,0,,,,0,,1,2,15,17,1,,,,
multi_tile,3,283,2,bt,6,0,10176,16,31715,31715,31716,,,,31751,31718,31733,16,1:15,31734,31749,16,1:15,31735,31750,16,1:15,,,0,,,,0,,,,0,,,,0,,1,2,15,17,1,,,,
multi_tile,3,284,2,bt,6,16,10304,16,31754,31754,31755,,,,31790,31757,31772,16,1:15,31773,31788,16,1:15,31774,31789,16,1:15,,,0,,,,0,,,,0,,,,0,,1,2,15,17,1,,,,
multi_tile,3,285,2,bt,7,0,10432,16,31793,31793,31794,,,,31829,31796,31811,16,1:15,31812,31827,16,1:15,31813,31828,16,1:15,,,0,,,,0,,,,0,,,,0,,1,2,15,17,1,,,,
multi_tile,3,286,2,bt,7,16,10560,16,31832,31832,31833,,,,31868,31835,31850,16,1:15,31851,31866,16,1:15,31852,31867,16,1:15,,,0,,,,0,,,,0,,,,0,,1,2,15,17,1,,,,
multi_tile,3,287,2,bt,8,0,10688,16,31871,31871,31872,,,,31907,31874,31889,16,1:15,31890,31905,16,1:15,31891,31906,16,1:15,,,0,,,,0,,,,0,,,,0,,1,2,15,17,1,,,,
multi_tile,3,288,2,bt,8,16,10816,16,31910,31910,31911,,,,31946,31913,31928,16,1:15,31929,31944,16,1:15,31930,31945,16,1:15,,,0,,,,0,,,,0,,,,0,,1,2,15,17,1,,,,
multi_tile,3,289,2,bt,9,0,10944,16,31949,31949,31950,,,,31985,31952,31967,16,1:15,31968,31983,16,1:15,31969,31984,16,1:15,,,0,,,,0,,,,0,,,,0,,1,2,15,17,1,,,,
multi_tile,3,290,2,bt,9,16,11072,16,31988,31988,31989,,,,32024,31991,32006,16,1:15,32007,32022,16,1:15,32008,32023,16,1:15,,,0,,,,0,,,,0,,,,0,,1,2,15,17,1,,,,
multi_tile,3,291,2,bt,10,0,11200,16,32027,32027,32028,,,,32063,32030,32045,16,1:15,32046,32061,16,1:15,32047,32062,16,1:15,,,0,,,,0,,,,0,,,,0,,1,2,15,17,1,,,,
multi_tile,3,292,2,bt,10,16,11328,16,32066,32066,32067,,,,32102,32069,32084,16,1:15,32085,32100,16,1:15,32086,32101,16,1:15,,,0,,,,0,,,,0,,,,0,,1,2,15,17,1,,,,
multi_tile,3,293,2,bt,11,0,11456,16,32105,32105,32106,,,,32141,32108,32123,16,1:15,32124,32139,16,1:15,32125,32140,16,1:15,,,0,,,,0,,,,0,,,,0,,1,2,15,17,1,,,,
multi_tile,3,294,2,bt,11,16,11584,16,32144,32144,32145,,,,32180,32147,32162,16,1:15,32163,32178,16,1:15,32164,32179,16,1:15,,,0,,,,0,,,,0,,,,0,,1,2,15,17,1,,,,
multi_tile,3,295,2,bt,12,0,11712,16,32183,32183,32184,,,,32219,32186,32201,16,1:15,32202,32217,16,1:15,32203,32218,16,1:15,,,0,,,,0,,,,0,,,,0,,1,2,15,17,1,,,,
multi_tile,3,296,2,bt,12,16,11840,16,32222,32222,32223,,,,32258,32225,32240,16,1:15,32241,32256,16,1:15,32242,32257,16,1:15,,,0,,,,0,,,,0,,,,0,,1,2,15,17,1,,,,
multi_tile,3,297,2,bt,13,0,11968,16,32261,32261,32262,,,,32297,32264,32279,16,1:15,32280,32295,16,1:15,32281,32296,16,1:15,,,0,,,,0,,,,0,,,,0,,1,2,15,17,1,,,,
multi_tile,3,298,2,bt,13,16,12096,16,32300,32300,32301,,,,32336,32303,32318,16,1:15,32319,32334,16,1:15,32320,32335,16,1:15,,,0,,,,0,,,,0,,,,0,,1,2,15,17,1,,,,
multi_tile,3,299,2,bt,14,0,12224,8,32339,32339,32340,,,,32359,32342,32349,8,1:7,32350,32357,8,1:7,32351,32358,8,1:7,,,0,,,,0,,,,0,,,,0,,1,2,7,9,1,,,,
multi_tile,3,300,2,bt,14,8,12288,16,32362,32362,32363,,,,32398,32365,32380,16,1:15,32381,32396,16,1:15,32382,32397,16,1:15,,,0,,,,0,,,,0,,,,0,,1,2,15,17,1,,,,
multi_tile,3,301,2,bt,14,24,12416,8,32401,32401,32402,,,,32421,32404,32411,8,1:7,32412,32419,8,1:7,32413,32420,8,1:7,,,0,,,,0,,,,0,,,,0,,1,2,7,9,1,,,,
multi_tile,3,302,2,bt,15,0,12480,16,32424,32424,32425,,,,32460,32427,32442,16,1:15,32443,32458,16,1:15,32444,32459,16,1:15,,,0,,,,0,,,,0,,,,0,,1,2,15,17,1,,,,
multi_tile,3,303,2,bt,15,16,12608,16,32463,32463,32464,,,,32499,32466,32481,16,1:15,32482,32497,16,1:15,32483,32498,16,1:15,,,0,,,,0,,,,0,,,,0,,1,2,15,17,1,,,,
multi_tile,3,304,2,bt,16,0,12736,16,32502,32502,32503,,,,32538,32505,32520,16,1:15,32521,32536,16,1:15,32522,32537,16,1:15,,,0,,,,0,,,,0,,,,0,,1,2,15,17,1,,,,
multi_tile,3,305,2,bt,16,16,12864,16,32541,32541,32542,,,,32577,32544,32559,16,1:15,32560,32575,16,1:15,32561,32576,16,1:15,,,0,,,,0,,,,0,,,,0,,1,2,15,17,1,,,,
multi_tile,3,306,2,bt,17,0,12992,16,32580,32580,32581,,,,32616,32583,32598,16,1:15,32599,32614,16,1:15,32600,32615,16,1:15,,,0,,,,0,,,,0,,,,0,,1,2,15,17,1,,,,
multi_tile,3,307,2,bt,17,16,13120,16,32619,32619,32620,,,,32655,32622,32637,16,1:15,32638,32653,16,1:15,32639,32654,16,1:15,,,0,,,,0,,,,0,,,,0,,1,2,15,17,1,,,,
multi_tile,3,308,2,bt,18,0,13248,16,32658,32658,32659,,,,32694,32661,32676,16,1:15,32677,32692,16,1:15,32678,32693,16,1:15,,,0,,,,0,,,,0,,,,0,,1,2,15,17,1,,,,
multi_tile,3,309,2,bt,18,16,13376,16,32697,32697,32698,,,,32733,32700,32715,16,1:15,32716,32731,16,1:15,32717,32732,16,1:15,,,0,,,,0,,,,0,,,,0,,1,2,15,17,1,,,,
multi_tile,3,310,2,bt,19,0,13504,16,32736,32736,32737,,,,32772,32739,32754,16,1:15,32755,32770,16,1:15,32756,32771,16,1:15,,,0,,,,0,,,,0,,,,0,,1,2,15,17,1,,,,
multi_tile,3,311,2,bt,19,16,13632,16,32775,32775,32776,,,,32811,32778,32793,16,1:15,32794,32809,16,1:15,32795,32810,16,1:15,,,0,,,,0,,,,0,,,,0,,1,2,15,17,1,,,,
multi_tile,3,312,2,bt,20,0,13760,16,32814,32814,32815,,,,32850,32817,32832,16,1:15,32833,32848,16,1:15,32834,32849,16,1:15,,,0,,,,0,,,,0,,,,0,,1,2,15,17,1,,,,
multi_tile,3,313,2,bt,20,16,13888,16,32853,32853,32854,,,,32889,32856,32871,16,1:15,32872,32887,16,1:15,32873,32888,16,1:15,,,0,,,,0,,,,0,,,,0,,1,2,15,17,1,,,,
multi_tile,3,314,2,bt,21,0,14016,16,32892,32892,32893,,,,32928,32895,32910,16,1:15,32911,32926,16,1:15,32912,32927,16,1:15,,,0,,,,0,,,,0,,,,0,,1,2,15,17,1,,,,
multi_tile,3,315,2,bt,21,16,14144,16,32931,32931,32932,,,,32967,32934,32949,16,1:15,32950,32965,16,1:15,32951,32966,16,1:15,,,0,,,,0,,,,0,,,,0,,1,2,15,17,1,,,,
multi_tile,3,316,2,bt,22,0,14272,16,32970,32970,32971,,,,33006,32973,32988,16,1:15,32989,33004,16,1:15,32990,33005,16,1:15,,,0,,,,0,,,,0,,,,0,,1,2,15,17,1,,,,
multi_tile,3,317,2,bt,22,16,14400,16,33009,33009,33010,,,,33045,33012,33027,16,1:15,33028,33043,16,1:15,33029,33044,16,1:15,,,0,,,,0,,,,0,,,,0,,1,2,15,17,1,,,,
multi_tile,3,318,2,bt,23,0,14528,16,33048,33048,33049,,,,33084,33051,33066,16,1:15,33067,33082,16,1:15,33068,33083,16,1:15,,,0,,,,0,,,,0,,,,0,,1,2,15,17,1,,,,
multi_tile,3,319,2,bt,23,16,14656,16,33087,33087,33088,,,,33123,33090,33105,16,1:15,33106,33121,16,1:15,33107,33122,16,1:15,,,0,,,,0,,,,0,,,,0,,1,2,15,17,1,,,,
multi_tile,3,320,2,bt,24,0,14784,16,33126,33126,33127,,,,33162,33129,33144,16,1:15,33145,33160,16,1:15,33146,33161,16,1:15,,,0,,,,0,,,,0,,,,0,,1,2,15,17,1,,,,
multi_tile,3,321,2,bt,24,16,14912,16,33165,33165,33166,,,,33201,33168,33183,16,1:15,33184,33199,16,1:15,33185,33200,16,1:15,,,0,,,,0,,,,0,,,,0,,1,2,15,17,1,,,,
multi_tile,3,322,2,bt,25,0,15040,16,33204,33204,33205,,,,33240,33207,33222,16,1:15,33223,33238,16,1:15,33224,33239,16,1:15,,,0,,,,0,,,,0,,,,0,,1,2,15,17,1,,,,
multi_tile,3,323,2,bt,25,16,15168,16,33243,33243,33244,,,,33279,33246,33261,16,1:15,33262,33277,16,1:15,33263,33278,16,1:15,,,0,,,,0,,,,0,,,,0,,1,2,15,17,1,,,,
multi_tile,3,324,2,bt,26,0,15296,16,33282,33282,33283,,,,33318,33285,33300,16,1:15,33301,33316,16,1:15,33302,33317,16,1:15,,,0,,,,0,,,,0,,,,0,,1,2,15,17,1,,,,
multi_tile,3,325,2,bt,26,16,15424,16,33321,33321,33322,,,,33357,33324,33339,16,1:15,33340,33355,16,1:15,33341,33356,16,1:15,,,0,,,,0,,,,0,,,,0,,1,2,15,17,1,,,,
multi_tile,3,326,2,bt,27,0,15552,16,33360,33360,33361,,,,33396,33363,33378,16,1:15,33379,33394,16,1:15,33380,33395,16,1:15,,,0,,,,0,,,,0,,,,0,,1,2,15,17,1,,,,
multi_tile,3,327,2,bt,27,16,15680,16,33399,33399,33400,,,,33435,33402,33417,16,1:15,33418,33433,16,1:15,33419,33434,16,1:15,,,0,,,,0,,,,0,,,,0,,1,2,15,17,1,,,,
multi_tile,3,328,2,bt,28,0,15808,16,33438,33438,33439,,,,33474,33441,33456,16,1:15,33457,33472,16,1:15,33458,33473,16,1:15,,,0,,,,0,,,,0,,,,0,,1,2,15,17,1,,,,
multi_tile,3,329,2,bt,28,16,15936,16,33477,33477,33478,,,,33513,33480,33495,16,1:15,33496,33511,16,1:15,33497,33512,16,1:15,,,0,,,,0,,,,0,,,,0,,1,2,15,17,1,,,,
multi_tile,3,330,2,bt,29,0,16064,16,33516,33516,33517,,,,33552,33519,33534,16,1:15,33535,33550,16,1:15,33536,33551,16,1:15,,,0,,,,0,,,,0,,,,0,,1,2,15,17,1,,,,
multi_tile,3,331,2,bt,29,16,16192,16,33555,33555,33556,,,,33591,33558,33573,16,1:15,33574,33589,16,1:15,33575,33590,16,1:15,,,0,,,,0,,,,0,,,,0,,1,2,15,17,1,,,,
multi_tile,3,332,2,bt,30,0,16320,8,33594,33594,33595,,,,33614,33597,33604,8,1:7,33605,33612,8,1:7,33606,33613,8,1:7,,,0,,,,0,,,,0,,,,0,,1,2,7,9,1,,,,
multi_tile,3,333,2,bt,30,8,16384,16,33617,33617,33618,,,,33653,33620,33635,16,1:15,33636,33651,16,1:15,33637,33652,16,1:15,,,0,,,,0,,,,0,,,,0,,1,2,15,17,1,,,,
multi_tile,3,334,2,bt,30,24,16512,8,33656,33656,33657,,,,33676,33659,33666,8,1:7,33667,33674,8,1:7,33668,33675,8,1:7,,,0,,,,0,,,,0,,,,0,,1,2,7,9,1,,,,
multi_tile,3,335,2,bt,31,0,16576,16,33679,33679,33680,,,,33715,33682,33697,16,1:15,33698,33713,16,1:15,33699,33714,16,1:15,,,0,,,,0,,,,0,,,,0,,1,2,15,17,1,,,,
multi_tile,3,336,2,bt,31,16,16704,16,33718,33718,33719,,,,33754,33721,33736,16,1:15,33737,33752,16,1:15,33738,33753,16,1:15,,,0,,,,0,,,,0,,,,0,,1,2,15,17,1,,,,
multi_tile,3,337,2,c,0,0,23872,16,35932,35932,,36013,36012,36030,36031,,,0,,,,0,,,,0,,35934,36009,16,5:15,35936,36011,16,5:15,35937,36012,16,5:15,36013,36028,16,1:15,,,,,,80,16,2,1
multi_tile,3,338,3,a,0,0,8256,16,36040,36040,36041,,,,36076,36043,36058,16,1:15,36059,36074,16,1:15,36060,36075,16,1:15,,,0,,,,0,,,,0,,,,0,,1,2,15,17,1,,,,
multi_tile,3,339,3,a,0,16,8384,16,36079,36079,36080,,,,36115,36082,36097,16,1:15,36098,36113,16,1:15,36099,36114,16,1:15,,,0,,,,0,,,,0,,,,0,,1,2,15,17,1,,,,
multi_tile,3,340,3,bt,0,0,16832,16,36123,36123,36124,,,,36159,36126,36141,16,1:15,36142,36157,16,1:15,36143,36158,16,1:15,,,0,,,,0,,,,0,,,,0,,1,2,15,17,1,,,,
multi_tile,3,341,3,bt,0,16,16960,16,36162,36162,36163,,,,36198,36165,36180,16,1:15,36181,36196,16,1:15,36182,36197,16,1:15,,,0,,,,0,,,,0,,,,0,,1,2,15,17,1,,,,
multi_tile,3,342,3,bt,1,0,17088,16,36201,36201,36202,,,,36237,36204,36219,16,1:15,36220,36235,16,1:15,36221,36236,16,1:15,,,0,,,,0,,,,0,,,,0,,1,2,15,17,1,,,,
multi_tile,3,343,3,bt,1,16,17216,16,36240,36240,36241,,,,36276,36243,36258,16,1:15,36259,36274,16,1:15,36260,36275,16,1:15,,,0,,,,0,,,,0,,,,0,,1,2,15,17,1,,,,
multi_tile,3,344,3,bt,2,0,17344,16,36279,36279,36280,,,,36315,36282,36297,16,1:15,36298,36313,16,1:15,36299,36314,16,1:15,,,0,,,,0,,,,0,,,,0,,1,2,15,17,1,,,,
multi_tile,3,345,3,bt,2,16,17472,16,36318,36318,36319,,,,36354,36321,36336,16,1:15,36337,36352,16,1:15,36338,36353,16,1:15,,,0,,,,0,,,,0,,,,0,,1,2,15,17,1,,,,
multi_tile,3,346,3,c,0,0,24000,2,36635,36635,,36646,36645,36649,36650,,,0,,,,0,,,,0,,36637,36642,2,5:1,36639,36644,2,5:1,36640,36645,2,5:1,36646,36647,2,1:1,,,,,,10,2,2,1
asymmetric,4,0,0,a,0,0,64,16,6,6,7,,,,42,9,24,16,1:15,25,40,16,1:15,26,41,16,1:15,,,0,,,,0,,,,0,,,,0,,1,2,15,17,1,,,,
asymmetric,4,1,0,a,0,16,192,16,45,45,46,,,,81,48,63,16,1:15,64,79,16,1:15,65,80,16,1:15,,,0,,,,0,,,,0,,,,0,,1,2,15,17,1,,,,
asymmetric,4,2,0,a,1,0,320,16,84,84,85,,,,120,87,102,16,1:15,103,118,16,1:15,104,119,16,1:15,,,0,,,,0,,,,0,,,,0,,1,2,15,17,1,,,,
asymmetric,4,3,0,a,1,16,448,16,123,123,124,,,,159,126,141,16,1:15,142,157,16,1:15,143,158,16,1:15,,,0,,,,0,,,,0,,,,0,,1,2,15,17,1,,,,
asymmetric,4,4,0,a,2,0,576,16,162,162,163,,,,198,165,180,16,1:15,181,196,16,1:15,182,197,16,1:15,,,0,,,,0,,,,0,,,,0,,1,2,15,17,1,,,,
asymmetric,4,5,0,a,2,16,704,16,201,201,202,,,,237,204,219,16,1:15,220,235,16,1:15,221,236,16,1:15,,,0,,,,0,,,,0,,,,0,,1,2,15,17,1,,,,
asymmetric,4,6,0,a,3,0,832,16,240,240,241,,,,276,243,258,16,1:15,259,274,16,1:15,260,275,16,1:15,,,0,,,,0,,,,0,,,,0,,1,2,15,17,1,,,,
asymmetric,4,7,0,a,3,16,960,16,279,279,280,,,,315,282,297,16,1:15,298,313,16,1:15,299,314,16,1:15,,,0,,,,0,,,,0,,,,0,,1,2,15,17,1,,,,
asymmetric,4,8,0,a,4,0,1088,16,318,318,319,,,,354,321,336,16,1:15,337,352,16,1:15,338,353,16,1:15,,,0,,,,0,,,,0,,,,0,,1,2,15,17,1,,,,
asymmetric,4,9,0,a,4,16,1216,16,357,357,358,,,,393,360,375,16,1:15,376,391,16,1:15,377,392,16,1:15,,,0,,,,0,,,,0,,,,0,,1,2,15,17,1,,,,
asymmetric,4,10,0,a,5,0,1344,16,396,396,397,,,,432,399,414,16,1:15,415,430,16,1:15,416,431,16,1:15,,,0,,,,0,,,,0,,,,0,,1,2,15,17,1,,,,
asymmetric,4,11,0,a,5,16,1472,16,435,435,436,,,,471,438,453,16,1:15,454,469,16,1:15,455,470,16,1:15,,,0,,,,0,,,,0,,,,0,,1,2,15,17,1,,,,
asymmetric,4,12,0,a,6,0,1600,16,474,474,475,,,,510,477,492,16,1:15,493,508,16,1:15,494,509,16,1:15,,,0,,,,0,,,,0,,,,0,,1,2,15,17,1,,,,
asymmetric,4,13,0,a,6,16,1728,16,513,513,514,,,,549,516,531,16,1:15,532,547,16,1:15,533,548,16,1:15,,,0,,,,0,,,,0,,,,0,,1,2,15,17,1,,,,
asymmetric,4,14,0,a,7,0,1856,16,552,552,553,,,,588,555,570,16,1:15,571,586,16,1:15,572,587,16,1:15,,,0,,,,0,,,,0,,,,0,,1,2,15,17,1,,,,
asymmetric,4,15,0,a,7,16,1984,16,591,591,592,,,,627,594,609,16,1:15,610,625,16,1:15,611,626,16,1:15,,,0,,,,0,,,,0,,,,0,,1,2,15,17,1,,,,
asymmetric,4,16,0,a,8,0,2112,16,630,630,631,,,,666,633,648,16,1:15,649,664,16,1:15,650,665,16,1:15,,,0,,,,0,,,,0,,,,0,,1,2,15,17,1,,,,
asymmetric,4,17,0,a,8,16,2240,16,669,669,670,,,,705,672,687,16,1:15,688,703,16,1:15,689,704,16,1:15,,,0,,,,0,,,,0,,,,0,,1,2,15,17,1,,,,
asymmetric,4,18,0,a,9,0,2368,16,708,708,709,,,,744,711,726,16,1:15,727,742,16,1:15,728,743,16,1:15,,,0,,,,0,,,,0,,,,0,,1,2,15,17,1,,,,
asymmetric,4,19,0,a,9,16,2496,16,747,747,748,,,,783,750,765,16,1:15,766,781,16,1:15,767,782,16,1:15,,,0,,,,0,,,,0,,,,0,,1,2,15,17,1,,,,
asymmetric,4,20,0,a,10,0,2624,16,786,786,787,,,,822,789,804,16,1:15,805,820,16,1:15,806,821,16,1:15,,,0,,,,0,,,,0,,,,0,,1,2,15,17,1,,,,
asymmetric,4,21,0,a,10,16,2752,16,825,825,826,,,,861,828,843,16,1:15,844,859,16,1:15,845,860,16,1:15,,,0,,,,0,,,,0,,,,0,,1,2,15,17,1,,,,
asymmetric,4,22,0,a,11,0,2880,16,864,864,865,,,,900,867,882,16,1:15,883,898,16,1:15,884,899,16,1:15,,,0,,,,0,,,,0,,,,0,,1,2,15,17,1,,,,
asymmetric,4,23,0,a,11,16,3008,16,903,903,904,,,,939,906,921,16,1:15,922,937,16,1:15,923,938,16,1:15,,,0,,,,0,,,,0,,,,0,,1,2,15,17,1,,,,
asymmetric,4,24,0,a,12,0,3136,16,942,942,943,,,,978,945,960,16,1:15,961,976,16,1:15,962,977,16,1:15,,,0,,,,0,,,,0,,,,0,,1,2,15,17,1,,,,
asymmetric,4,25,0,a,12,16,3264,16,981,981,982,,,,1017,984,999,16,1:15,1000,1015,16,1:15,1001,1016,16,1:15,,,0,,,,0,,,,0,,,,0,,1,2,15,17,1,,,,
asymmetric,4,26,0,a,13,0,3392,16,1020,1020,1021,,,,1056,1023,1038,16,1:15,1039,1054,16,1:15,1040,1055,16,1:15,,,0,,,,0,,,,0,,,,0,,1,2,15,17,1,,,,
asymmetric,4,27,0,a,13,16,3520,16,1059,1059,1060,,,,1095,1062,1077,16,1:15,1078,1093,16,1:15,1079,1094,16,1:15,,,0,,,,0,,,,0,,,,0,,1,2,15,17,1,,,,
asymmetric,4,28,0,a,14,0,3648,16,1098,1098,1099,,,,1134,1101,1116,16,1:15,1117,1132,16,1:15,1118,1133,16,1:15,,,0,,,,0,,,,0,,,,0,,1,2,15,17,1,,,,
asymmetric,4,29,0,a,14,16,3776,16,1137,1137,1138,,,,1173,1140,1155,16,1:15,1156,1171,16,1:15,1157,1172,16,1:15,,,0,,,,0,,,,0,,,,0,,1,2,15,17,1,,,,
asymmetric,4,30,0,a,15,0,3904,16,1176,1176,1177,,,,1212,1179,1194,16,1:15,1195,1210,16,1:15,1196,1211,16,1:15,,,0,,,,0,,,,0,,,,0,,1,2,15,17,1,,,,
asymmetric,4,31,0,a,15,16,4032,8,1215,1215,1216,,,,1235,1218,1225,8,1:7,1226,1233,8,1:7,1227,1234,8,1:7,,,0,,,,0,,,,0,,,,0,,1,2,7,9,1,,,,
asymmetric,4,32,0,a,15,24,4096,8,1238,1238,1239,,,,1258,1241,1248,8,1:7,1249,1256,8,1:7,1250,1257,8,1:7,,,0,,,,0,,,,0,,,,0,,1,2,7,9,1,,,,
asymmetric,4,33,0,a,16,0,4160,16,1261,1261,1262,,,,1297,1264,1279,16,1:15,1280,1295,16,1:15,1281,1296,16,1:15,,,0,,,,0,,,,0,,,,0,,1,2,15,17,1,,,,
asymmetric,4,34,0,a,16,16,4288,16,1300,1300,1301,,,,1336,1303,1318,16,1:15,1319,1334,16,1:15,1320,1335,16,1:15,,,0,,,,0,,,,0,,,,0,,1,2,15,17,1,,,,
asymmetric,4,35,0,a,17,0,4416,16,1339,1339,1340,,,,1375,1342,1357,16,1:15,1358,1373,16,1:15,1359,1374,16,1:15,,,0,,,,0,,,,0,,,,0,,1,2,15,17,1,,,,
asymmetric,4,36,0,a,17,16,4544,16,1378,1378,1379,,,,1414,1381,1396,16,1:15,1397,1412,16,1:15,1398,1413,16,1:15,,,0,,,,0,,,,0,,,,0,,1,2,15,17,1,,,,
asymmetric,4,37,0,a,18,0,4672,16,1417,1417,1418,,,,1453,1420,1435,16,1:15,1436,1451,16,1:15,1437,1452,16,1:15,,,0,,,,0,,,,0,,,,0,,1,2,15,17,1,,,,
asymmetric,4,38,0,a,18,16,4800,16,1456,1456,1457,,,,1492,1459,1474,16,1:15,1475,1490,16,1:15,1476,1491,16,1:15,,,0,,,,0,,,,0,,,,0,,1,2,15,17,1,,,,
asymmetric,4,39,0,a,19,0,4928,16,1495,1495,1496,,,,1531,1498,1513,16,1:15,1514,1529,16,1:15,1515,1530,16,1:15,,,0,,,,0,,,,0,,,,0,,1,2,15,17,1,,,,
asymmetric,4,40,0,a,19,16,5056,16,1534,1534,1535,,,,1570,1537,1552,16,1:15,1553,1568,16,1:15,1554,1569,16,1:15,,,0,,,,0,,,,0,,,,0,,1,2,15,17,1,,,,
asymmetric,4,41,0,a,20,0,5184,16,1573,1573,1574,,,,1609,1576,1591,16,1:15,1592,1607,16,1:15,1593,1608,16,1:15,,,0,,,,0,,,,0,,,,0,,1,2,15,17,1,,,,
asymmetric,4,42,0,a,20,16,5312,16,1612,1612,1613,,,,1648,1615,1630,16,1:15,1631,1646,16,1:15,1632,1647,16,1:15,,,0,,,,0,,,,0,,,,0,,1,2,15,17,1,,,,
asymmetric,4,43,0,a,21,0,5440,16,1651,1651,1652,,,,1687,1654,1669,16,1:15,1670,1685,16,1:15,1671,1686,16,1:15,,,0,,,,0,,,,0,,,,0,,1,2,15,17,1,,,,
asymmetric,4,44,0,a,21,16,5568,16,1690,1690,1691,,,,1726,1693,1708,16,1:15,1709,1724,16,1:15,1710,1725,16,1:15,,,0,,,,0,,,,0,,,,0,,1,2,15,17,1,,,,
asymmetric,4,45,0,a,22,0,5696,16,1729,1729,1730,,,,1765,1732,1747,16,1:15,1748,1763,16,1:15,1749,1764,16,1:15,,,0,,,,0,,,,0,,,,0,,1,2,15,17,1,,,,
asymmetric,4,46,0,a,22,16,5824,16,1768,1768,1769,,,,1804,1771,1786,16,1:15,1787,1802,16,1:15,1788,1803,16,1:15,,,0,,,,0,,,,0,,,,0,,1,2,15,17,1,,,,
asymmetric,4,47,0,a,23,0,5952,16,1807,1807,1808,,,,1843,1810,1825,16,1:15,1826,1841,16,1:15,1827,1842,16,1:15,,,0,,,,0,,,,0,,,,0,,1,2,15,17,1,,,,
asymmetric,4,48,0,a,23,16,6080,16,1846,1846,1847,,,,1882,1849,1864,16,1:15,1865,1880,16,1:15,1866,1881,16,1:15,,,0,,,,0,,,,0,,,,0,,1,2,15,17,1,,,,
asymmetric,4,49,0,a,24,0,6208,16,1885,1885,1886,,,,1921,1888,1903,16,1:15,1904,1919,16,1:15,1905,1920,16,1:15,,,0,,,,0,,,,0,,,,0,,1,2,15,17,1,,,,
asymmetric,4,50,0,a,24,16,6336,16,1924,1924,1925,,,,1960,1927,1942,16,1:15,1943,1958,16,1:15,1944,1959,16,1:15,,,0,,,,0,,,,0,,,,0,,1,2,15,17,1,,,,
asymmetric,4,51,0,a,25,0,6464,16,1963,1963,1964,,,,1999,1966,1981,16,1:15,1982,1997,16,1:15,1983,1998,16,1:15,,,0,,,,0,,,,0,,,,0,,1,2,15,17,1,,,,
asymmetric,4,52,0,a,25,16,6592,16,2002,2002,2003,,,,2038,2005,2020,16,1:15,2021,2036,16,1:15,2022,2037,16,1:15,,,0,,,,0,,,,0,,,,0,,1,2,15,17,1,,,,
asymmetric,4,53,0,a,26,0,6720,16,2041,2041,2042,,,,2077,2044,2059,16,1:15,2060,2075,16,1:15,2061,2076,16,1:15,,,0,,,,0,,,,0,,,,0,,1,2,15,17,1,,,,
asymmetric,4,54,0,a,26,16,6848,16,2080,2080,2081,,,,2116,2083,2098,16,1:15,2099,2114,16,1:15,2100,2115,16,1:15,,,0,,,,0,,,,0,,,,0,,1,2,15,17,1,,,,
asymmetric,4,55,0,a,27,0,6976,16,2119,2119,2120,,,,2155,2122,2137,16,1:15,2138,2153,16,1:15,2139,2154,16,1:15,,,0,,,,0,,,,0,,,,0,,1,2,15,17,1,,,,
asymmetric,4,56,0,a,27,16,7104,16,2158,2158,2159,,,,2194,2161,2176,16,1:15,2177,2192,16,1:15,2178,2193,16,1:15,,,0,,,,0,,,,0,,,,0,,1,2,15,17,1,,,,
asymmetric,4,57,0,a,28,0,7232,16,2197,2197,2198,,,,2233,2200,2215,16,1:15,2216,2231,16,1:15,2217,2232,16,1:15,,,0,,,,0,,,,0,,,,0,,1,2,15,17,1,,,,
asymmetric,4,58,0,a,28,16,7360,16,2236,2236,2237,,,,2272,2239,2254,16,1:15,2255,2270,16,1:15,2256,2271,16,1:15,,,0,,,,0,,,,0,,,,0,,1,2,15,17,1,,,,
asymmetric,4,59,0,a,29,0,7488,16,2275,2275,2276,,,,2311,2278,2293,16,1:15,2294,2309,16,1:15,2295,2310,16,1:15,,,0,,,,0,,,,0,,,,0,,1,2,15,17,1,,,,
asymmetric,4,60,0,a,29,16,7616,16,2314,2314,2315,,,,2350,2317,2332,16,1:15,2333,2348,16,1:15,2334,2349,16,1:15,,,0,,,,0,,,,0,,,,0,,1,2,15,17,1,,,,
asymmetric,4,61,0,a,30,0,7744,16,2353,2353,2354,,,,2389,2356,2371,16,1:15,2372,2387,16,1:15,2373,2388,16,1:15,,,0,,,,0,,,,0,,,,0,,1,2,15,17,1,,,,
asymmetric,4,62,0,a,30,16,7872,16,2392,2392,2393,,,,2428,2395,2410,16,1:15,2411,2426,16,1:15,2412,2427,16,1:15,,,0,,,,0,,,,0,,,,0,,1,2,15,17,1,,,,
asymmetric,4,63,0,a,31,0,8000,16,2431,2431,2432,,,,2467,2434,2449,16,1:15,2450,2465,16,1:15,2451,2466,16,1:15,,,0,,,,0,,,,0,,,,0,,1,2,15,17,1,,,,
asymmetric,4,64,0,a,31,16,8128,8,2470,2470,2471,,,,2490,2473,2480,8,1:7,2481,2488,8,1:7,2482,2489,8,1:7,,,0,,,,0,,,,0,,,,0,,1,2,7,9,1,,,,
asymmetric,4,65,0,a,31,24,8192,8,2493,2493,2494,,,,2513,2496,2503,8,1:7,2504,2511,8,1:7,2505,2512,8,1:7,,,0,,,,0,,,,0,,,,0,,1,2,7,9,1,,,,
asymmetric,4,66,0,bt,0,0,16832,16,2521,2521,2522,,,,2557,2524,2539,16,1:15,2540,2555,16,1:15,2541,2556,16,1:15,,,0,,,,0,,,,0,,,,0,,1,2,15,17,1,,,,
asymmetric,4,67,0,bt,0,16,16960,16,2560,2560,2561,,,,2596,2563,2578,16,1:15,2579,2594,16,1:15,2580,2595,16,1:15,,,0,,,,0,,,,0,,,,0,,1,2,15,17,1,,,,
asymmetric,4,68,0,bt,1,0,17088,16,2599,2599,2600,,,,2635,2602,2617,16,1:15,2618,2633,16,1:15,2619,2634,16,1:15,,,0,,,,0,,,,0,,,,0,,1,2,15,17,1,,,,
asymmetric,4,69,0,bt,1,16,17216,16,2638,2638,2639,,,,2674,2641,2656,16,1:15,2657,2672,16,1:15,2658,2673,16,1:15,,,0,,,,0,,,,0,,,,0,,1,2,15,17,1,,,,
asymmetric,4,70,0,bt,2,0,17344,16,2677,2677,2678,,,,2713,2680,2695,16,1:15,2696,2711,16,1:15,2697,2712,16,1:15,,,0,,,,0,,,,0,,,,0,,1,2,15,17,1,,,,
asymmetric,4,71,0,bt,2,16,17472,16,2716,2716,2717,,,,2752,2719,2734,16,1:15,2735,2750,16,1:15,2736,2751,16,1:15,,,0,,,,0,,,,0,,,,0,,1,2,15,17,1,,,,
asymmetric,4,72,0,bt,3,0,17600,16,2755,2755,2756,,,,2791,2758,2773,16,1:15,2774,2789,16,1:15,2775,2790,16,1:15,,,0,,,,0,,,,0,,,,0,,1,2,15,17,1,,,,
asymmetric,4,73,0,bt,3,16,17728,16,2794,2794,2795,,,,2830,2797,2812,16,1:15,2813,2828,16,1:15,2814,2829,16,1:15,,,0,,,,0,,,,0,,,,0,,1,2,15,17,1,,,,
asymmetric,4,74,0,bt,4,0,17856,16,2833,2833,2834,,,,2869,2836,2851,16,1:15,2852,2867,16,1:15,2853,2868,16,1:15,,,0,,,,0,,,,0,,,,0,,1,2,15,17,1,,,,
asymmetric,4,75,0,bt,4,16,17984,16,2872,2872,2873,,,,2908,2875,2890,16,1:15,2891,2906,16,1:15,2892,2907,16,1:15,,,0,,,,0,,,,0,,,,0,,1,2,15,17,1,,,,
asymmetric,4,76,0,bt,5,0,18112,16,2911,2911,2912,,,,2947,2914,2929,16,1:15,2930,2945,16,1:15,2931,2946,16,1:15,,,0,,,,0,,,,0,,,,0,,1,2,15,17,1,,,,
asymmetric,4,77,0,bt,5,16,18240,16,2950,2950,2951,,,,2986,2953,2968,16,1:15,2969,2984,16,1:15,2970,2985,16,1:15,,,0,,,,0,,,,0,,,,0,,1,2,15,17,1,,,,
asymmetric,4,78,0,bt,6,0,18368,16,2989,2989,2990,,,,3025,2992,3007,16,1:15,3008,3023,16,1:15,3009,3024,16,1:15,,,0,,,,0,,,,0,,,,0,,1,2,15,17,1,,,,
asymmetric,4,79,0,bt,6,16,18496,16,3028,3028,3029,,,,3064,3031,3046,16,1:15,3047,3062,16,1:15,3048,3063,16,1:15,,,0,,,,0,,,,0,,,,0,,1,2,15,17,1,,,,
asymmetric,4,80,0,bt,7,0,18624,16,3067,3067,3068,,,,3103,3070,3085,16,1:15,3086,3101,16,1:15,3087,3102,16,1:15,,,0,,,,0,,,,0,,,,0,,1,2,15,17,1,,,,
asymmetric,4,81,0,bt,7,16,18752,16,3106,3106,3107,,,,3142,3109,3124,16,1:15,3125,3140,16,1:15,3126,3141,16,1:15,,,0,,,,0,,,,0,,,,0,,1,2,15,17,1,,,,
asymmetric,4,82,0,bt,8,0,18880,16,3145,3145,3146,,,,3181,3148,3163,16,1:15,3164,3179,16,1:15,3165,3180,16,1:15,,,0,,,,0,,,,0,,,,0,,1,2,15,17,1,,,,
asymmetric,4,83,0,bt,8,16,19008,16,3184,3184,3185,,,,3220,3187,3202,16,1:15,3203,3218,16,1:15,3204,3219,16,1:15,,,0,,,,0,,,,0,,,,0,,1,2,15,17,1,,,,
asymmetric,4,84,0,bt,9,0,19136,16,3223,3223,3224,,,,3259,3226,3241,16,1:15,3242,3257,16,1:15,3243,3258,16,1:15,,,0,,,,0,,,,0,,,,0,,1,2,15,17,1,,,,
asymmetric,4,85,0,bt,9,16,19264,16,3262,3262,3263,,,,3298,3265,3280,16,1:15,3281,3296,16,1:15,3282,3297,16,1:15,,,0,,,,0,,,,0,,,,0,,1,2,15,17,1,,,,
asymmetric,4,86,0,bt,10,0,19392,16,3301,3301,3302,,,,3337,3304,3319,16,1:15,3320,3335,16,1:15,3321,3336,16,1:15,,,0,,,,0,,,,0,,,,0,,1,2,15,17,1,,,,
asymmetric,4,87,0,bt,10,16,19520,16,3340,3340,3341,,,,3376,3343,3358,16,1:15,3359,3374,16,1:15,3360,3375,16,1:15,,,0,,,,0,,,,0,,,,0,,1,2,15,17,1,,,,
asymmetric,4,88,0,bt,11,0,19648,16,3379,3379,3380,,,,3415,3382,3397,16,1:15,3398,3413,16,1:15,3399,3414,16,1:15,,,0,,,,0,,,,0,,,,0,,1,2,15,17,1,,,,
asymmetric,4,89,0,bt,11,16,19776,16,3418,3418,3419,,,,3454,3421,3436,16,1:15,3437,3452,16,1:15,3438,3453,16,1:15,,,0,,,,0,,,,0,,,,0,,1,2,15,17,1,,,,
asymmetric,4,90,0,bt,12,0,19904,16,3457,3457,3458,,,,3493,3460,3475,16,1:15,3476,3491,16,1:15,3477,3492,16,1:15,,,0,,,,0,,,,0,,,,0,,1,2,15,17,1,,,,
asymmetric,4,91,0,bt,12,16,20032,16,3496,3496,3497,,,,3532,3499,3514,16,1:15,3515,3530,16,1:15,3516,3531,16,1:15,,,0,,,,0,,,,0,,,,0,,1,2,15,17,1,,,,
asymmetric,4,92,0,bt,13,0,20160,16,3535,3535,3536,,,,3571,3538,3553,16,1:15,3554,3569,16,1:15,3555,3570,16,1:15,,,0,,,,0,,,,0,,,,0,,1,2,15,17,1,,,,
asymmetric,4,93,0,bt,13,16,20288,16,3574,3574,3575,,,,3610,3577,3592,16,1:15,3593,3608,16,1:15,3594,3609,16,1:15,,,0,,,,0,,,,0,,,,0,,1,2,15,17,1,,,,
asymmetric,4,94,0,bt,14,0,20416,8,3613,3613,3614,,,,3633,3616,3623,8,1:7,3624,3631,8,1:7,3625,3632,8,1:7,,,0,,,,0,,,,0,,,,0,,1,2,7,9,1,,,,
asymmetric,4,95,0,bt,14,8,20480,16,3636,3636,3637,,,,3672,3639,3654,16,1:15,3655,3670,16,1:15,3656,3671,16,1:15,,,0,,,,0,,,,0,,,,0,,1,2,15,17,1,,,,
asymmetric,4,96,0,bt,14,24,20608,8,3675,3675,3676,,,,3695,3678,3685,8,1:7,3686,3693,8,1:7,3687,3694,8,1:7,,,0,,,,0,,,,0,,,,0,,1,2,7,9,1,,,,
asymmetric,4,97,0,bt,15,0,20672,16,3698,3698,3699,,,,3734,3701,3716,16,1:15,3717,3732,16,1:15,3718,3733,16,1:15,,,0,,,,0,,,,0,,,,0,,1,2,15,17,1,,,,
asymmetric,4,98,0,bt,15,16,20800,16,3737,3737,3738,,,,3773,3740,3755,16,1:15,3756,3771,16,1:15,3757,3772,16,1:15,,,0,,,,0,,,,0,,,,0,,1,2,15,17,1,,,,
asymmetric,4,99,0,bt,16,0,20928,16,3776,3776,3777,,,,3812,3779,3794,16,1:15,3795,3810,16,1:15,3796,3811,16,1:15,,,0,,,,0,,,,0,,,,0,,1,2,15,17,1,,,,
asymmetric,4,100,0,bt,16,16,21056,16,3815,3815,3816,,,,3851,3818,3833,16,1:15,3834,3849,16,1:15,3835,3850,16,1:15,,,0,,,,0,,,,0,,,,0,,1,2,15,17,1,,,,
asymmetric,4,101,0,bt,17,0,21184,16,3854,3854,3855,,,,3890,3857,3872,16,1:15,3873,3888,16,1:15,3874,3889,16,1:15,,,0,,,,0,,,,0,,,,0,,1,2,15,17,1,,,,
asymmetric,4,102,0,bt,17,16,21312,16,3893,3893,3894,,,,3929,3896,3911,16,1:15,3912,3927,16,1:15,3913,3928,16,1:15,,,0,,,,0,,,,0,,,,0,,1,2,15,17,1,,,,
asymmetric,4,103,0,bt,18,0,21440,16,3932,3932,3933,,,,3968,3935,3950,16,1:15,3951,3966,16,1:15,3952,3967,16,1:15,,,0,,,,0,,,,0,,,,0,,1,2,15,17,1,,,,
asymmetric,4,104,0,bt,18,16,21568,16,3971,3971,3972,,,,4007,3974,3989,16,1:15,3990,4005,16,1:15,3991,4006,16,1:15,,,0,,,,0,,,,0,,,,0,,1,2,15,17,1,,,,
asymmetric,4,105,0,bt,19,0,21696,16,4010,4010,4011,,,,4046,4013,4028,16,1:15,4029,4044,16,1:15,4030,4045,16,1:15,,,0,,,,0,,,,0,,,,0,,1,2,15,17,1,,,,
asymmetric,4,106,0,bt,19,16,21824,16,4049,4049,4050,,,,4085,4052,4067,16,1:15,4068,4083,16,1:15,4069,4084,16,1:15,,,0,,,,0,,,,0,,,,0,,1,2,15,17,1,,,,
asymmetric,4,107,0,bt,20,0,21952,16,4088,4088,4089,,,,4124,4091,4106,16,1:15,4107,4122,16,1:15,4108,4123,16,1:15,,,0,,,,0,,,,0,,,,0,,1,2,15,17,1,,,,
asymmetric,4,108,0,bt,20,16,22080,16,4127,4127,4128,,,,4163,4130,4145,16,1:15,4146,4161,16,1:15,4147,4162,16,1:15,,,0,,,,0,,,,0,,,,0,,1,2,15,17,1,,,,
asymmetric,4,109,0,bt,21,0,22208,16,4166,4166,4167,,,,4202,4169,4184,16,1:15,4185,4200,16,1:15,4186,4201,16,1:15,,,0,,,,0,,,,0,,,,0,,1,2,15,17,1,,,,
asymmetric,4,110,0,bt,21,16,22336,16,4205,4205,4206,,,,4241,4208,4223,16,1:15,4224,4239,16,1:15,4225,4240,16,1:15,,,0,,,,0,,,,0,,,,0,,1,2,15,17,1,,,,
asymmetric,4,111,0,bt,22,0,22464,16,4244,4244,4245,,,,4280,4247,4262,16,1:15,4263,4278,16,1:15,4264,4279,16,1:15,,,0,,,,0,,,,0,,,,0,,1,2,15,17,1,,,,
asymmetric,4,112,0,bt,22,16,22592,16,4283,4283,4284,,,,4319,4286,4301,16,1:15,4302,4317,16,1:15,4303,4318,16,1:15,,,0,,,,0,,,,0,,,,0,,1,2,15,17,1,,,,
asymmetric,4,113,0,bt,23,0,22720,16,4322,4322,4323,,,,4358,4325,4340,16,1:15,4341,4356,16,1:15,4342,4357,16,1:15,,,0,,,,0,,,,0,,,,0,,1,2,15,17,1,,,,
asymmetric,4,114,0,bt,23,16,22848,16,4361,4361,4362,,,,4397,4364,4379,16,1:15,4380,4395,16,1:15,4381,4396,16,1:15,,,0,,,,0,,,,0,,,,0,,1,2,15,17,1,,,,
asymmetric,4,115,0,bt,24,0,22976,16,4400,4400,4401,,,,4436,4403,4418,16,1:15,4419,4434,16,1:15,4420,4435,16,1:15,,,0,,,,0,,,,0,,,,0,,1,2,15,17,1,,,,
asymmetric,4,116,0,bt,24,16,23104,16,4439,4439,4440,,,,4475,4442,4457,16,1:15,4458,4473,16,1:15,4459,4474,16,1:15,,,0,,,,0,,,,0,,,,0,,1,2,15,17,1,,,,
asymmetric,4,117,0,bt,25,0,23232,16,4478,4478,4479,,,,4514,4481,4496,16,1:15,4497,4512,16,1:15,4498,4513,16,1:15,,,0,,,,0,,,,0,,,,0,,1,2,15,17,1,,,,
asymmetric,4,118,0,bt,25,16,23360,16,4517,4517,4518,,,,4553,4520,4535,16,1:15,4536,4551,16,1:15,4537,4552,16,1:15,,,0,,,,0,,,,0,,,,0,,1,2,15,17,1,,,,
asymmetric,4,119,0,bt,26,0,23488,16,4556,4556,4557,,,,4592,4559,4574,16,1:15,4575,4590,16,1:15,4576,4591,16,1:15,,,0,,,,0,,,,0,,,,0,,1,2,15,17,1,,,,
asymmetric,4,120,0,bt,26,16,23616,16,4595,4595,4596,,,,4631,4598,4613,16,1:15,4614,4629,16,1:15,4615,4630,16,1:15,,,0,,,,0,,,,0,,,,0,,1,2,15,17,1,,,,
asymmetric,4,121,0,bt,27,0,23744,16,4634,4634,4635,,,,4670,4637,4652,16,1:15,4653,4668,16,1:15,4654,4669,16,1:15,,,0,,,,0,,,,0,,,,0,,1,2,15,17,1,,,,
asymmetric,4,122,0,bt,27,16,23872,16,4673,4673,4674,,,,4709,4676,4691,16,1:15,4692,4707,16,1:15,4693,4708,16,1:15,,,0,,,,0,,,,0,,,,0,,1,2,15,17,1,,,,
asymmetric,4,123,0,bt,28,0,24000,16,4712,4712,4713,,,,4748,4715,4730,16,1:15,4731,4746,16,1:15,4732,4747,16,1:15,,,0,,,,0,,,,0,,,,0,,1,2,15,17,1,,,,
asymmetric,4,124,0,bt,28,16,24128,16,4751,4751,4752,,,,4787,4754,4769,16,1:15,4770,4785,16,1:15,4771,4786,16,1:15,,,0,,,,0,,,,0,,,,0,,1,2,15,17,1,,,,
asymmetric,4,125,0,bt,29,0,24256,16,4790,4790,4791,,,,4826,4793,4808,16,1:15,4809,4824,16,1:15,4810,4825,16,1:15,,,0,,,,0,,,,0,,,,0,,1,2,15,17,1,,,,
asymmetric,4,126,0,bt,29,16,24384,16,4829,4829,4830,,,,4865,4832,4847,16,1:15,4848,4863,16,1:15,4849,4864,16,1:15,,,0,,,,0,,,,0,,,,0,,1,2,15,17,1,,,,
asymmetric,4,127,0,bt,30,0,24512,8,4868,4868,4869,,,,4888,4871,4878,8,1:7,4879,4886,8,1:7,4880,4887,8,1:7,,,0,,,,0,,,,0,,,,0,,1,2,7,9,1,,,,
asymmetric,4,128,0,bt,30,8,24576,16,4891,4891,4892,,,,4927,4894,4909,16,1:15,4910,4925,16,1:15,4911,4926,16,1:15,,,0,,,,0,,,,0,,,,0,,1,2,15,17,1,,,,
asymmetric,4,129,0,bt,30,24,24704,8,4930,4930,4931,,,,4950,4933,4940,8,1:7,4941,4948,8,1:7,4942,4949,8,1:7,,,0,,,,0,,,,0,,,,0,,1,2,7,9,1,,,,
asymmetric,4,130,0,bt,31,0,24768,16,4953,4953,4954,,,,4989,4956,4971,16,1:15,4972,4987,16,1:15,4973,4988,16,1:15,,,0,,,,0,,,,0,,,,0,,1,2,15,17,1,,,,
asymmetric,4,131,0,bt,31,16,24896,16,4992,4992,4993,,,,5028,4995,5010,16,1:15,5011,5026,16,1:15,5012,5027,16,1:15,,,0,,,,0,,,,0,,,,0,,1,2,15,17,1,,,,
asymmetric,4,132,0,c,0,0,33088,16,22318,22318,,22399,22398,22416,22417,,,0,,,,0,,,,0,,22320,22395,16,5:15,22322,22397,16,5:15,22323,22398,16,5:15,22399,22414,16,1:15,,,,,,80,16,2,1
asymmetric,4,133,0,c,1,0,33344,16,22420,22420,,22501,22500,22518,22519,,,0,,,,0,,,,0,,22422,22497,16,5:15,22424,22499,16,5:15,22425,22500,16,5:15,22501,22516,16,1:15,,,,,,80,16,2,1
asymmetric,4,134,0,c,2,0,33600,16,22522,22522,,22603,22602,22620,22621,,,0,,,,0,,,,0,,22524,22599,16,5:15,22526,22601,16,5:15,22527,22602,16,5:15,22603,22618,16,1:15,,,,,,80,16,2,1
asymmetric,4,135,0,c,3,0,33856,16,22624,22624,,22705,22704,22722,22723,,,0,,,,0,,,,0,,22626,22701,16,5:15,22628,22703,16,5:15,22629,22704,16,5:15,22705,22720,16,1:15,,,,,,80,16,2,1
asymmetric,4,136,0,c,4,0,34112,16,22726,22726,,22807,22806,22824,22825,,,0,,,,0,,,,0,,22728,22803,16,5:15,22730,22805,16,5:15,22731,22806,16,5:15,22807,22822,16,1:15,,,,,,80,16,2,1
asymmetric,4,137,0,c,5,0,34368,16,22828,22828,,22909,22908,22926,22927,,,0,,,,0,,,,0,,22830,22905,16,5:15,22832,22907,16,5:15,22833,22908,16,5:15,22909,22924,16,1:15,,,,,,80,16,2,1
asymmetric,4,138,0,c,6,0,34624,16,22930,22930,,23011,23010,23028,23029,,,0,,,,0,,,,0,,22932,23007,16,5:15,22934,23009,16,5:15,22935,23010,16,5:15,23011,23026,16,1:15,,,,,,80,16,2,1
asymmetric,4,139,0,c,7,0,34880,16,23032,23032,,23113,23112,23130,23131,,,0,,,,0,,,,0,,23034,23109,16,5:15,23036,23111,16,5:15,23037,23112,16,5:15,23113,23128,16,1:15,,,,,,80,16,2,1
asymmetric,4,140,0,c,8,0,35136,16,23134,23134,,23215,23214,23232,23233,,,0,,,,0,,,,0,,23136,23211,16,5:15,23138,23213,16,5:15,23139,23214,16,5:15,23215,23230,16,1:15,,,,,,80,16,2,1
asymmetric,4,141,0,c,9,0,35392,16,23236,23236,,23317,23316,23334,23335,,,0,,,,0,,,,0,,23238,23313,16,5:15,23240,23315,16,5:15,23241,23316,16,5:15,23317,23332,16,1:15,,,,,,80,16,2,1
asymmetric,4,142,0,c,10,0,35648,16,23338,23338,,23419,23418,23436,23437,,,0,,,,0,,,,0,,23340,23415,16,5:15,23342,23417,16,5:15,23343,23418,16,5:15,23419,23434,16,1:15,,,,,,80,16,2,1
asymmetric,4,143,0,c,11,0,35904,16,23440,23440,,23521,23520,23538,23539,,,0,,,,0,,,,0,,23442,23517,16,5:15,23444,23519,16,5:15,23445,23520,16,5:15,23521,23536,16,1:15,,,,,,80,16,2,1
asymmetric,4,144,0,c,12,0,36160,16,23542,23542,,23623,23622,23640,23641,,,0,,,,0,,,,0,,23544,23619,16,5:15,23546,23621,16,5:15,23547,23622,16,5:15,23623,23638,16,1:15,,,,,,80,16,2,1
asymmetric,4,145,0,c,13,0,36416,16,23644,23644,,23725,23724,23742,23743,,,0,,,,0,,,,0,,23646,23721,16,5:15,23648,23723,16,5:15,23649,23724,16,5:15,23725,23740,16,1:15,,,,,,80,16,2,1
asymmetric,4,146,0,c,14,0,36672,16,23746,23746,,23827,23826,23844,23845,,,0,,,,0,,,,0,,23748,23823,16,5:15,23750,23825,16,5:15,23751,23826,16,5:15,23827,23842,16,1:15,,,,,,80,16,2,1
asymmetric,4,147,0,c,15,0,36928,16,23848,23848,,23929,23928,23946,23947,,,0,,,,0,,,,0,,23850,23925,16,5:15,23852,23927,16,5:15,23853,23928,16,5:15,23929,23944,16,1:15,,,,,,80,16,2,1
asymmetric,4,148,0,c,16,0,37184,16,23950,23950,,24031,24030,24048,24049,,,0,,,,0,,,,0,,23952,24027,16,5:15,23954,24029,16,5:15,23955,24030,16,5:15,24031,24046,16,1:15,,,,,,80,16,2,1
asymmetric,4,149,0,c,17,0,37440,16,24052,24052,,24133,24132,24150,24151,,,0,,,,0,,,,0,,24054,24129,16,5:15,24056,24131,16,5:15,24057,24132,16,5:15,24133,24148,16,1:15,,,,,,80,16,2,1
asymmetric,4,150,0,c,18,0,37696,16,24154,24154,,24235,24234,24252,24253,,,0,,,,0,,,,0,,24156,24231,16,5:15,24158,24233,16,5:15,24159,24234,16,5:15,24235,24250,16,1:15,,,,,,80,16,2,1
asymmetric,4,151,0,c,19,0,37952,16,24256,24256,,24337,24336,24354,24355,,,0,,,,0,,,,0,,24258,24333,16,5:15,24260,24335,16,5:15,24261,24336,16,5:15,24337,24352,16,1:15,,,,,,80,16,2,1
asymmetric,4,152,0,c,20,0,38208,16,24358,24358,,24439,24438,24456,24457,,,0,,,,0,,,,0,,24360,24435,16,5:15,24362,24437,16,5:15,24363,24438,16,5:15,24439,24454,16,1:15,,,,,,80,16,2,1
asymmetric,4,153,0,c,21,0,38464,16,24460,24460,,24541,24540,24558,24559,,,0,,,,0,,,,0,,24462,24537,16,5:15,24464,24539,16,5:15,24465,24540,16,5:15,24541,24556,16,1:15,,,,,,80,16,2,1
asymmetric,4,154,0,c,22,0,38720,16,24562,24562,,24643,24642,24660,24661,,,0,,,,0,,,,0,,24564,24639,16,5:15,24566,24641,16,5:15,24567,24642,16,5:15,24643,24658,16,1:15,,,,,,80,16,2,1
asymmetric,4,155,0,c,23,0,38976,16,24664,24664,,24745,24744,24762,24763,,,0,,,,0,,,,0,,24666,24741,16,5:15,24668,24743,16,5:15,24669,24744,16,5:15,24745,24760,16,1:15,,,,,,80,16,2,1
asymmetric,4,156,0,c,24,0,39232,16,24766,24766,,24847,24846,24864,24865,,,0,,,,0,,,,0,,24768,24843,16,5:15,24770,24845,16,5:15,24771,24846,16,5:15,24847,24862,16,1:15,,,,,,80,16,2,1
asymmetric,4,157,0,c,25,0,39488,16,24868,24868,,24949,24948,24966,24967,,,0,,,,0,,,,0,,24870,24945,16,5:15,24872,24947,16,5:15,24873,24948,16,5:15,24949,24964,16,1:15,,,,,,80,16,2,1
asymmetric,4,158,0,c,26,0,39744,16,24970,24970,,25051,25050,25068,25069,,,0,,,,0,,,,0,,24972,25047,16,5:15,24974,25049,16,5:15,24975,25050,16,5:15,25051,25066,16,1:15,,,,,,80,16,2,1
asymmetric,4,159,0,c,27,0,40000,16,25072,25072,,25153,25152,25170,25171,,,0,,,,0,,,,0,,25074,25149,16,5:15,25076,25151,16,5:15,25077,25152,16,5:15,25153,25168,16,1:15,,,,,,80,16,2,1
asymmetric,4,160,0,c,28,0,40256,16,25174,25174,,25255,25254,25272,25273,,,0,,,,0,,,,0,,25176,25251,16,5:15,25178,25253,16,5:15,25179,25254,16,5:15,25255,25270,16,1:15,,,,,,80,16,2,1
asymmetric,4,161,0,c,29,0,40512,16,25276,25276,,25357,25356,25374,25375,,,0,,,,0,,,,0,,25278,25353,16,5:15,25280,25355,16,5:15,25281,25356,16,5:15,25357,25372,16,1:15,,,,,,80,16,2,1
asymmetric,4,162,0,c,30,0,40768,16,25378,25378,,25459,25458,25476,25477,,,0,,,,0,,,,0,,25380,25455,16,5:15,25382,25457,16,5:15,25383,25458,16,5:15,25459,25474,16,1:15,,,,,,80,16,2,1
asymmetric,4,163,0,c,31,0,41024,16,25480,25480,,25561,25560,25578,25579,,,0,,,,0,,,,0,,25482,25557,16,5:15,25484,25559,16,5:15,25485,25560,16,5:15,25561,25576,16,1:15,,,,,,80,16,2,1
asymmetric,4,164,1,a,0,0,64,16,25588,25588,25589,,,,25624,25591,25606,16,1:15,25607,25622,16,1:15,25608,25623,16,1:15,,,0,,,,0,,,,0,,,,0,,1,2,15,17,1,,,,
asymmetric,4,165,1,a,0,16,192,16,25627,25627,25628,,,,25663,25630,25645,16,1:15,25646,25661,16,1:15,25647,25662,16,1:15,,,0,,,,0,,,,0,,,,0,,1,2,15,17,1,,,,
asymmetric,4,166,1,a,1,0,320,16,25666,25666,25667,,,,25702,25669,25684,16,1:15,25685,25700,16,1:15,25686,25701,16,1:15,,,0,,,,0,,,,0,,,,0,,1,2,15,17,1,,,,
asymmetric,4,167,1,a,1,16,448,16,25705,25705,25706,,,,25741,25708,25723,16,1:15,25724,25739,16,1:15,25725,25740,16,1:15,,,0,,,,0,,,,0,,,,0,,1,2,15,17,1,,,,
asymmetric,4,168,1,a,2,0,576,16,25744,25744,25745,,,,25780,25747,25762,16,1:15,25763,25778,16,1:15,25764,25779,16,1:15,,,0,,,,0,,,,0,,,,0,,1,2,15,17,1,,,,
asymmetric,4,169,1,a,2,16,704,16,25783,25783,25784,,,,25819,25786,25801,16,1:15,25802,25817,16,1:15,25803,25818,16,1:15,,,0,,,,0,,,,0,,,,0,,1,2,15,17,1,,,,
asymmetric,4,170,1,a,3,0,832,16,25822,25822,25823,,,,25858,25825,25840,16,1:15,25841,25856,16,1:15,25842,25857,16,1:15,,,0,,,,0,,,,0,,,,0,,1,2,15,17,1,,,,
asymmetric,4,171,1,a,3,16,960,16,25861,25861,25862,,,,25897,25864,25879,16,1:15,25880,25895,16,1:15,25881,25896,16,1:15,,,0,,,,0,,,,0,,,,0,,1,2,15,17,1,,,,
asymmetric,4,172,1,a,4,0,1088,16,25900,25900,25901,,,,25936,25903,25918,16,1:15,25919,25934,16,1:15,25920,25935,16,1:15,,,0,,,,0,,,,0,,,,0,,1,2,15,17,1,,,,
asymmetric,4,173,1,a,4,16,1216,16,25939,25939,25940,,,,25975,25942,25957,16,1:15,25958,25973,16,1:15,25959,25974,16,1:15,,,0,,,,0,,,,0,,,,0,,1,2,15,17,1,,,,
asymmetric,4,174,1,a,5,0,1344,16,25978,25978,25979,,,,26014,25981,25996,16,1:15,25997,26012,16,1:15,25998,26013,16,1:15,,,0,,,,0,,,,0,,,,0,,1,2,15,17,1,,,,
asymmetric,4,175,1,a,5,16,1472,16,26017,26017,26018,,,,26053,26020,26035,16,1:15,26036,26051,16,1:15,26037,26052,16,1:15,,,0,,,,0,,,,0,,,,0,,1,2,15,17,1,,,,
asymmetric,4,176,1,a,6,0,1600,16,26056,26056,26057,,,,26092,26059,26074,16,1:15,26075,26090,16,1:15,26076,26091,16,1:15,,,0,,,,0,,,,0,,,,0,,1,2,15,17,1,,,,
asymmetric,4,177,1,a,6,16,1728,16,26095,26095,26096,,,,26131,26098,26113,16,1:15,26114,26129,16,1:15,26115,26130,16,1:15,,,0,,,,0,,,,0,,,,0,,1,2,15,17,1,,,,
asymmetric,4,178,1,a,7,0,1856,16,26134,26134,26135,,,,26170,26137,26152,16,1:15,26153,26168,16,1:15,26154,26169,16,1:15,,,0,,,,0,,,,0,,,,0,,1,2,15,17,1,,,,
asymmetric,4,179,1,a,7,16,1984,16,26173,26173,26174,,,,26209,26176,26191,16,1:15,26192,26207,16,1:15,26193,26208,16,1:15,,,0,,,,0,,,,0,,,,0,,1,2,15,17,1,,,,
asymmetric,4,180,1,a,8,0,2112,16,26212,26212,26213,,,,26248,26215,26230,16,1:15,26231,26246,16,1:15,26232,26247,16,1:15,,,0,,,,0,,,,0,,,,0,,1,2,15,17,1,,,,
asymmetric,4,181,1,a,8,16,2240,16,26251,26251,26252,,,,26287,26254,26269,16,1:15,26270,26285,16,1:15,26271,26286,16,1:15,,,0,,,,0,,,,0,,,,0,,1,2,15,17,1,,,,
asymmetric,4,182,1,a,9,0,2368,16,26290,26290,26291,,,,26326,26293,26308,16,1:15,26309,26324,16,1:15,26310,26325,16,1:15,,,0,,,,0,,,,0,,,,0,,1,2,15,17,1,,,,
asymmetric,4,183,1,a,9,16,2496,16,26329,26329,26330,,,,26365,26332,26347,16,1:15,26348,26363,16,1:15,26349,26364,16,1:15,,,0,,,,0,,,,0,,,,0,,1,2,15,17,1,,,,
asymmetric,4,184,1,a,10,0,2624,16,26368,26368,26369,,,,26404,26371,26386,16,1:15,26387,26402,16,1:15,26388,26403,16,1:15,,,0,,,,0,,,,0,,,,0,,1,2,15,17,1,,,,
asymmetric,4,185,1,a,10,16,2752,16,26407,26407,26408,,,,26443,26410,26425,16,1:15,26426,26441,16,1:15,26427,26442,16,1:15,,,0,,,,0,,,,0,,,,0,,1,2,15,17,1,,,,
asymmetric,4,186,1,a,11,0,2880,16,26446,26446,26447,,,,26482,26449,26464,16,1:15,26465,26480,16,1:15,26466,26481,16,1:15,,,0,,,,0,,,,0,,,,0,,1,2,15,17,1,,,,
asymmetric,4,187,1,a,11,16,3008,16,26485,26485,26486,,,,26521,26488,26503,16,1:15,26504,26519,16,1:15,26505,26520,16,1:15,,,0,,,,0,,,,0,,,,0,,1,2,15,17,1,,,,
asymmetric,4,188,1,a,12,0,3136,16,26524,26524,26525,,,,26560,26527,26542,16,1:15,26543,26558,16,1:15,26544,26559,16,1:15,,,0,,,,0,,,,0,,,,0,,1,2,15,17,1,,,,
asymmetric,4,189,1,a,12,16,3264,16,26563,26563,26564,,,,26599,26566,26581,16,1:15,26582,26597,16,1:15,26583,26598,16,1:15,,,0,,,,0,,,,0,,,,0,,1,2,15,17,1,,,,
asymmetric,4,190,1,a,13,0,3392,16,26602,26602,26603,,,,26638,26605,26620,16,1:15,26621,26636,16,1:15,26622,26637,16,1:15,,,0,,,,0,,,,0,,,,0,,1,2,15,17,1,,,,
asymmetric,4,191,1,a,13,16,3520,16,26641,26641,26642,,,,26677,26644,26659,16,1:15,26660,26675,16,1:15,26661,26676,16,1:15,,,0,,,,0,,,,0,,,,0,,1,2,15,17,1,,,,
asymmetric,4,192,1,a,14,0,3648,16,26680,26680,26681,,,,26716,26683,26698,16,1:15,26699,26714,16,1:15,26700,26715,16,1:15,,,0,,,,0,,,,0,,,,0,,1,2,15,17,1,,,,
asymmetric,4,193,1,a,14,16,3776,16,26719,26719,26720,,,,26755,26722,26737,16,1:15,26738,26753,16,1:15,26739,26754,16,1:15,,,0,,,,0,,,,0,,,,0,,1,2,15,17,1,,,,
asymmetric,4,194,1,a,15,0,3904,16,26758,26758,26759,,,,26794,26761,26776,16,1:15,26777,26792,16,1:15,26778,26793,16,1:15,,,0,,,,0,,,,0,,,,0,,1,2,15,17,1,,,,
asymmetric,4,195,1,a,15,16,4032,8,26797,26797,26798,,,,26817,26800,26807,8,1:7,26808,26815,8,1:7,26809,26816,8,1:7,,,0,,,,0,,,,0,,,,0,,1,2,7,9,1,,,,
asymmetric,4,196,1,a,15,24,4096,8,26820,26820,26821,,,,26840,26823,26830,8,1:7,26831,26838,8,1:7,26832,26839,8,1:7,,,0,,,,0,,,,0,,,,0,,1,2,7,9,1,,,,
asymmetric,4,197,1,a,16,0,4160,16,26843,26843,26844,,,,26879,26846,26861,16,1:15,26862,26877,16,1:15,26863,26878,16,1:15,,,0,,,,0,,,,0,,,,0,,1,2,15,17,1,,,,
asymmetric,4,198,1,a,16,16,4288,16,26882,26882,26883,,,,26918,26885,26900,16,1:15,26901,26916,16,1:15,26902,26917,16,1:15,,,0,,,,0,,,,0,,,,0,,1,2,15,17,1,,,,
asymmetric,4,199,1,a,17,0,4416,16,26921,26921,26922,,,,26957,26924,26939,16,1:15,26940,26955,16,1:15,26941,26956,16,1:15,,,0,,,,0,,,,0,,,,0,,1,2,15,17,1,,,,
asymmetric,4,200,1,a,17,16,4544,16,26960,26960,26961,,,,26996,26963,26978,16,1:15,26979,26994,16,1:15,26980,26995,16,1:15,,,0,,,,0,,,,0,,,,0,,1,2,15,17,1,,,,
asymmetric,4,201,1,a,18,0,4672,16,26999,26999,27000,,,,27035,27002,27017,16,1:15,27018,27033,16,1:15,27019,27034,16,1:15,,,0,,,,0,,,,0,,,,0,,1,2,15,17,1,,,,
asymmetric,4,202,1,a,18,16,4800,16,27038,27038,27039,,,,27074,27041,27056,16,1:15,27057,27072,16,1:15,27058,27073,16,1:15,,,0,,,,0,,,,0,,,,0,,1,2,15,17,1,,,,
asymmetric,4,203,1,a,19,0,4928,16,27077,27077,27078,,,,27113,27080,27095,16,1:15,27096,27111,16,1:15,27097,27112,16,1:15,,,0,,,,0,,,,0,,,,0,,1,2,15,17,1,,,,
asymmetric,4,204,1,a,19,16,5056,16,27116,27116,27117,,,,27152,27119,27134,16,1:15,27135,27150,16,1:15,27136,27151,16,1:15,,,0,,,,0,,,,0,,,,0,,1,2,15,17,1,,,,
asymmetric,4,205,1,a,20,0,5184,16,27155,27155,27156,,,,27191,27158,27173,16,1:15,27174,27189,16,1:15,27175,27190,16,1:15,,,0,,,,0,,,,0,,,,0,,1,2,15,17,1,,,,
asymmetric,4,206,1,a,20,16,5312,16,27194,27194,27195,,,,27230,27197,27212,16,1:15,27213,27228,16,1:15,27214,27229,16,1:15,,,0,,,,0,,,,0,,,,0,,1,2,15,17,1,,,,
asymmetric,4,207,1,a,21,0,5440,16,27233,27233,27234,,,,27269,27236,27251,16,1:15,27252,27267,16,1:15,27253,27268,16,1:15,,,0,,,,0,,,,0,,,,0,,1,2,15,17,1,,,,
asymmetric,4,208,1,a,21,16,5568,16,27272,27272,27273,,,,27308,27275,27290,16,1:15,27291,27306,16,1:15,27292,27307,16,1:15,,,0,,,,0,,,,0,,,,0,,1,2,15,17,1,,,,
asymmetric,4,209,1,a,22,0,5696,16,27311,27311,27312,,,,27347,27314,27329,16,1:15,27330,27345,16,1:15,27331,27346,16,1:15,,,0,,,,0,,,,0,,,,0,,1,2,15,17,1,,,,
asymmetric,4,210,1,a,22,16,5824,16,27350,27350,27351,,,,27386,27353,27368,16,1:15,27369,27384,16,1:15,27370,27385,16,1:15,,,0,,,,0,,,,0,,,,0,,1,2,15,17,1,,,,
asymmetric,4,211,1,a,23,0,5952,16,27389,27389,27390,,,,27425,27392,27407,16,1:15,27408,27423,16,1:15,27409,27424,16,1:15,,,0,,,,0,,,,0,,,,0,,1,2,15,17,1,,,,
asymmetric,4,212,1,a,23,16,6080,16,27428,27428,27429,,,,27464,27431,27446,16,1:15,27447,27462,16,1:15,27448,27463,16,1:15,,,0,,,,0,,,,0,,,,0,,1,2,15,17,1,,,,
asymmetric,4,213,1,a,24,0,6208,16,27467,27467,27468,,,,27503,27470,27485,16,1:15,27486,27501,16,1:15,27487,27502,16,1:15,,,0,,,,0,,,,0,,,,0,,1,2,15,17,1,,,,
asymmetric,4,214,1,a,24,16,6336,16,27506,27506,27507,,,,27542,27509,27524,16,1:15,27525,27540,16,1:15,27526,27541,16,1:15,,,0,,,,0,,,,0,,,,0,,1,2,15,17,1,,,,
asymmetric,4,215,1,a,25,0,6464,16,27545,27545,27546,,,,27581,27548,27563,16,1:15,27564,27579,16,1:15,27565,27580,16,1:15,,,0,,,,0,,,,0,,,,0,,1,2,15,17,1,,,,
asymmetric,4,216,1,a,25,16,6592,16,27584,27584,27585,,,,27620,27587,27602,16,1:15,27603,27618,16,1:15,27604,27619,16,1:15,,,0,,,,0,,,,0,,,,0,,1,2,15,17,1,,,,
asymmetric,4,217,1,a,26,0,6720,16,27623,27623,27624,,,,27659,27626,27641,16,1:15,27642,27657,16,1:15,27643,27658,16,1:15,,,0,,,,0,,,,0,,,,0,,1,2,15,17,1,,,,
asymmetric,4,218,1,a,26,16,6848,16,27662,27662,27663,,,,27698,27665,27680,16,1:15,27681,27696,16,1:15,27682,27697,16,1:15,,,0,,,,0,,,,0,,,,0,,1,2,15,17,1,,,,
asymmetric,4,219,1,a,27,0,6976,16,27701,27701,27702,,,,27737,27704,27719,16,1:15,27720,27735,16,1:15,27721,27736,16,1:15,,,0,,,,0,,,,0,,,,0,,1,2,15,17,1,,,,
asymmetric,4,220,1,a,27,16,7104,16,27740,27740,27741,,,,27776,27743,27758,16,1:15,27759,27774,16,1:15,27760,27775,16,1:15,,,0,,,,0,,,,0,,,,0,,1,2,15,17,1,,,,
asymmetric,4,221,1,a,28,0,7232,16,27779,27779,27780,,,,27815,27782,27797,16,1:15,27798,27813,16,1:15,27799,27814,16,1:15,,,0,,,,0,,,,0,,,,0,,1,2,15,17,1,,,,
asymmetric,4,222,1,a,28,16,7360,16,27818,27818,27819,,,,27854,27821,27836,16,1:15,27837,27852,16,1:15,27838,27853,16,1:15,,,0,,,,0,,,,0,,,,0,,1,2,15,17,1,,,,
asymmetric,4,223,1,a,29,0,7488,16,27857,27857,27858,,,,27893,27860,27875,16,1:15,27876,27891,16,1:15,27877,27892,16,1:15,,,0,,,,0,,,,0,,,,0,,1,2,15,17,1,,,,
asymmetric,4,224,1,a,29,16,7616,16,27896,27896,27897,,,,27932,27899,27914,16,1:15,27915,27930,16,1:15,27916,27931,16,1:15,,,0,,,,0,,,,0,,,,0,,1,2,15,17,1,,,,
asymmetric,4,225,1,a,30,0,7744,16,27935,27935,27936,,,,27971,27938,27953,16,1:15,27954,27969,16,1:15,27955,27970,16,1:15,,,0,,,,0,,,,0,,,,0,,1,2,15,17,1,,,,
asymmetric,4,226,1,a,30,16,7872,16,27974,27974,27975,,,,28010,27977,27992,16,1:15,27993,28008,16,1:15,27994,28009,16,1:15,,,0,,,,0,,,,0,,,,0,,1,2,15,17,1,,,,
asymmetric,4,227,1,a,31,0,8000,16,28013,28013,28014,,,,28049,28016,28031,16,1:15,28032,28047,16,1:15,28033,28048,16,1:15,,,0,,,,0,,,,0,,,,0,,1,2,15,17,1,,,,
asymmetric,4,228,1,a,31,16,8128,8,28052,28052,28053,,,,28072,28055,28062,8,1:7,28063,28070,8,1:7,28064,28071,8,1:7,,,0,,,,0,,,,0,,,,0,,1,2,7,9,1,,,,
asymmetric,4,229,1,a,31,24,8192,8,28075,28075,28076,,,,28095,28078,28085,8,1:7,28086,28093,8,1:7,28087,28094,8,1:7,,,0,,,,0,,,,0,,,,0,,1,2,7,9,1,,,,
asymmetric,4,230,1,bt,0,0,25024,16,28103,28103,28104,,,,28139,28106,28121,16,1:15,28122,28137,16,1:15,28123,28138,16,1:15,,,0,,,,0,,,,0,,,,0,,1,2,15,17,1,,,,
asymmetric,4,231,1,bt,0,16,25152,16,28142,28142,28143,,,,28178,28145,28160,16,1:15,28161,28176,16,1:15,28162,28177,16,1:15,,,0,,,,0,,,,0,,,,0,,1,2,15,17,1,,,,
asymmetric,4,232,1,bt,1,0,25280,16,28181,28181,28182,,,,28217,28184,28199,16,1:15,28200,28215,16,1:15,28201,28216,16,1:15,,,0,,,,0,,,,0,,,,0,,1,2,15,17,1,,,,
asymmetric,4,233,1,bt,1,16,25408,16,28220,28220,28221,,,,28256,28223,28238,16,1:15,28239,28254,16,1:15,28240,28255,16,1:15,,,0,,,,0,,,,0,,,,0,,1,2,15,17,1,,,,
asymmetric,4,234,1,bt,2,0,25536,16,28259,28259,28260,,,,28295,28262,28277,16,1:15,28278,28293,16,1:15,28279,28294,16,1:15,,,0,,,,0,,,,0,,,,0,,1,2,15,17,1,,,,
asymmetric,4,235,1,bt,2,16,25664,16,28298,28298,28299,,,,28334,28301,28316,16,1:15,28317,28332,16,1:15,28318,28333,16,1:15,,,0,,,,0,,,,0,,,,0,,1,2,15,17,1,,,,
asymmetric,4,236,1,bt,3,0,25792,16,28337,28337,28338,,,,28373,28340,28355,16,1:15,28356,28371,16,1:15,28357,28372,16,1:15,,,0,,,,0,,,,0,,,,0,,1,2,15,17,1,,,,
asymmetric,4,237,1,bt,3,16,25920,16,28376,28376,28377,,,,28412,28379,28394,16,1:15,28395,28410,16,1:15,28396,28411,16,1:15,,,0,,,,0,,,,0,,,,0,,1,2,15,17,1,,,,
asymmetric,4,238,1,bt,4,0,26048,16,28415,28415,28416,,,,28451,28418,28433,16,1:15,28434,28449,16,1:15,28435,28450,16,1:15,,,0,,,,0,,,,0,,,,0,,1,2,15,17,1,,,,
asymmetric,4,239,1,bt,4,16,26176,16,28454,28454,28455,,,,28490,28457,28472,16,1:15,28473,28488,16,1:15,28474,28489,16,1:15,,,0,,,,0,,,,0,,,,0,,1,2,15,17,1,,,,
asymmetric,4,240,1,bt,5,0,26304,16,28493,28493,28494,,,,28529,28496,28511,16,1:15,28512,28527,16,1:15,28513,28528,16,1:15,,,0,,,,0,,,,0,,,,0,,1,2,15,17,1,,,,
asymmetric,4,241,1,bt,5,16,26432,16,28532,28532,28533,,,,28568,28535,28550,16,1:15,28551,28566,16,1:15,28552,28567,16,1:15,,,0,,,,0,,,,0,,,,0,,1,2,15,17,1,,,,
asymmetric,4,242,1,bt,6,0,26560,16,28571,28571,28572,,,,28607,28574,28589,16,1:15,28590,28605,16,1:15,28591,28606,16,1:15,,,0,,,,0,,,,0,,,,0,,1,2,15,17,1,,,,
asymmetric,4,243,1,bt,6,16,26688,16,28610,28610,28611,,,,28646,28613,28628,16,1:15,28629,28644,16,1:15,28630,28645,16,1:15,,,0,,,,0,,,,0,,,,0,,1,2,15,17,1,,,,
asymmetric,4,244,1,bt,7,0,26816,16,28649,28649,28650,,,,28685,28652,28667,16,1:15,28668,28683,16,1:15,28669,28684,16,1:15,,,0,,,,0,,,,0,,,,0,,1,2,15,17,1,,,,
asymmetric,4,245,1,bt,7,16,26944,16,28688,28688,28689,,,,28724,28691,28706,16,1:15,28707,28722,16,1:15,28708,28723,16,1:15,,,0,,,,0,,,,0,,,,0,,1,2,15,17,1,,,,
asymmetric,4,246,1,bt,8,0,27072,16,28727,28727,28728,,,,28763,28730,28745,16,1:15,28746,28761,16,1:15,28747,28762,16,1:15,,,0,,,,0,,,,0,,,,0,,1,2,15,17,1,,,,
asymmetric,4,247,1,bt,8,16,27200,16,28766,28766,28767,,,,28802,28769,28784,16,1:15,28785,28800,16,1:15,28786,28801,16,1:15,,,0,,,,0,,,,0,,,,0,,1,2,15,17,1,,,,
asymmetric,4,248,1,bt,9,0,27328,16,28805,28805,28806,,,,28841,28808,28823,16,1:15,28824,28839,16,1:15,28825,28840,16,1:15,,,0,,,,0,,,,0,,,,0,,1,2,15,17,1,,,,
asymmetric,4,249,1,bt,9,16,27456,16,28844,28844,28845,,,,28880,28847,28862,16,1:15,28863,28878,16,1:15,28864,28879,16,1:15,,,0,,,,0,,,,0,,,,0,,1,2,15,17,1,,,,
asymmetric,4,250,1,bt,10,0,27584,16,28883,28883,28884,,,,28919,28886,28901,16,1:15,28902,28917,16,1:15,28903,28918,16,1:15,,,0,,,,0,,,,0,,,,0,,1,2,15,17,1,,,,
asymmetric,4,251,1,bt,10,16,27712,16,28922,28922,28923,,,,28958,28925,28940,16,1:15,28941,28956,16,1:15,28942,28957,16,1:15,,,0,,,,0,,,,0,,,,0,,1,2,15,17,1,,,,
asymmetric,4,252,1,bt,11,0,27840,16,28961,28961,28962,,,,28997,28964,28979,16,1:15,28980,28995,16,1:15,28981,28996,16,1:15,,,0,,,,0,,,,0,,,,0,,1,2,15,17,1,,,,
asymmetric,4,253,1,bt,11,16,27968,16,29000,29000,29001,,,,29036,29003,29018,16,1:15,29019,29034,16,1:15,29020,29035,16,1:15,,,0,,,,0,,,,0,,,,0,,1,2,15,17,1,,,,
asymmetric,4,254,1,bt,12,0,28096,16,29039,29039,29040,,,,29075,29042,29057,16,1:15,29058,29073,16,1:15,29059,29074,16,1:15,,,0,,,,0,,,,0,,,,0,,1,2,15,17,1,,,,
asymmetric,4,255,1,bt,12,16,28224,16,29078,29078,29079,,,,29114,29081,29096,16,1:15,29097,29112,16,1:15,29098,29113,16,1:15,,,0,,,,0,,,,0,,,,0,,1,2,15,17,1,,,,
asymmetric,4,256,1,bt,13,0,28352,16,29117,29117,29118,,,,29153,29120,29135,16,1:15,29136,29151,16,1:15,29137,29152,16,1:15,,,0,,,,0,,,,0,,,,0,,1,2,15,17,1,,,,
asymmetric,4,257,1,bt,13,16,28480,16,29156,29156,29157,,,,29192,29159,29174,16,1:15,29175,29190,16,1:15,29176,29191,16,1:15,,,0,,,,0,,,,0,,,,0,,1,2,15,17,1,,,,
asymmetric,4,258,1,bt,14,0,28608,8,29195,29195,29196,,,,29215,29198,29205,8,1:7,29206,29213,8,1:7,29207,29214,8,1:7,,,0,,,,0,,,,0,,,,0,,1,2,7,9,1,,,,
asymmetric,4,259,1,bt,14,8,28672,16,29218,29218,29219,,,,29254,29221,29236,16,1:15,29237,29252,16,1:15,29238,29253,16,1:15,,,0,,,,0,,,,0,,,,0,,1,2,15,17,1,,,,
asymmetric,4,260,1,bt,14,24,28800,8,29257,29257,29258,,,,29277,29260,29267,8,1:7,29268,29275,8,1:7,29269,29276,8,1:7,,,0,,,,0,,,,0,,,,0,,1,2,7,9,1,,,,
asymmetric,4,261,1,bt,15,0,28864,16,29280,29280,29281,,,,29316,29283,29298,16,1:15,29299,29314,16,1:15,29300,29315,16,1:15,,,0,,,,0,,,,0,,,,0,,1,2,15,17,1,,,,
asymmetric,4,262,1,bt,15,16,28992,16,29319,29319,29320,,,,29355,29322,29337,16,1:15,29338,29353,16,1:15,29339,29354,16,1:15,,,0,,,,0,,,,0,,,,0,,1,2,15,17,1,,,,
asymmetric,4,263,1,bt,16,0,29120,16,29358,29358,29359,,,,29394,29361,29376,16,1:15,29377,29392,16,1:15,29378,29393,16,1:15,,,0,,,,0,,,,0,,,,0,,1,2,15,17,1,,,,
asymmetric,4,264,1,bt,16,16,29248,16,29397,29397,29398,,,,29433,29400,29415,16,1:15,29416,29431,16,1:15,29417,29432,16,1:15,,,0,,,,0,,,,0,,,,0,,1,2,15,17,1,,,,
asymmetric,4,265,1,bt,17,0,29376,16,29436,29436,29437,,,,29472,29439,29454,16,1:15,29455,29470,16,1:15,29456,29471,16,1:15,,,0,,,,0,,,,0,,,,0,,1,2,15,17,1,,,,
asymmetric,4,266,1,bt,17,16,29504,16,29475,29475,29476,,,,29511,29478,29493,16,1:15,29494,29509,16,1:15,29495,29510,16,1:15,,,0,,,,0,,,,0,,,,0,,1,2,15,17,1,,,,
asymmetric,4,267,1,bt,18,0,29632,16,29514,29514,29515,,,,29550,29517,29532,16,1:15,29533,29548,16,1:15,29534,29549,16,1:15,,,0,,,,0,,,,0,,,,0,,1,2,15,17,1,,,,
asymmetric,4,268,1,bt,18,16,29760,16,29553,29553,29554,,,,29589,29556,29571,16,1:15,29572,29587,16,1:15,29573,29588,16,1:15,,,0,,,,0,,,,0,,,,0,,1,2,15,17,1,,,,
asymmetric,4,269,1,bt,19,0,29888,16,29592,29592,29593,,,,29628,29595,29610,16,1:15,29611,29626,16,1:15,29612,29627,16,1:15,,,0,,,,0,,,,0,,,,0,,1,2,15,17,1,,,,
asymmetric,4,270,1,bt,19,16,30016,16,29631,29631,29632,,,,29667,29634,29649,16,1:15,29650,29665,16,1:15,29651,29666,16,1:15,,,0,,,,0,,,,0,,,,0,,1,2,15,17,1,,,,
asymmetric,4,271,1,bt,20,0,30144,16,29670,29670,29671,,,,29706,29673,29688,16,1:15,29689,29704,16,1:15,29690,29705,16,1:15,,,0,,,,0,,,,0,,,,0,,1,2,15,17,1,,,,
asymmetric,4,272,1,bt,20,16,30272,16,29709,29709,29710,,,,29745,29712,29727,16,1:15,29728,29743,16,1:15,29729,29744,16,1:15,,,0,,,,0,,,,0,,,,0,,1,2,15,17,1,,,,
asymmetric,4,273,1,bt,21,0,30400,16,29748,29748,29749,,,,29784,29751,29766,16,1:15,29767,29782,16,1:15,29768,29783,16,1:15,,,0,,,,0,,,,0,,,,0,,1,2,15,17,1,,,,
asymmetric,4,274,1,bt,21,16,30528,16,29787,29787,29788,,,,29823,29790,29805,16,1:15,29806,29821,16,1:15,29807,29822,16,1:15,,,0,,,,0,,,,0,,,,0,,1,2,15,17,1,,,,
asymmetric,4,275,1,bt,22,0,30656,16,29826,29826,29827,,,,29862,29829,29844,16,1:15,29845,29860,16,1:15,29846,29861,16,1:15,,,0,,,,0,,,,0,,,,0,,1,2,15,17,1,,,,
asymmetric,4,276,1,bt,22,16,30784,16,29865,29865,29866,,,,29901,29868,29883,16,1:15,29884,29899,16,1:15,29885,29900,16,1:15,,,0,,,,0,,,,0,,,,0,,1,2,15,17,1,,,,
asymmetric,4,277,1,bt,23,0,30912,16,29904,29904,29905,,,,29940,29907,29922,16,1:15,29923,29938,16,1:15,29924,29939,16,1:15,,,0,,,,0,,,,0,,,,0,,1,2,15,17,1,,,,
asymmetric,4,278,1,bt,23,16,31040,16,29943,29943,29944,,,,29979,29946,29961,16,1:15,29962,29977,16,1:15,29963,29978,16,1:15,,,0,,,,0,,,,0,,,,0,,1,2,15,17,1,,,,
asymmetric,4,279,1,bt,24,0,31168,16,29982,29982,29983,,,,30018,29985,30000,16,1:15,30001,30016,16,1:15,30002,30017,16,1:15,,,0,,,,0,,,,0,,,,0,,1,2,15,17,1,,,,
asymmetric,4,280,1,bt,24,16,31296,16,30021,30021,30022,,,,30057,30024,30039,16,1:15,30040,30055,16,1:15,30041,30056,16,1:15,,,0,,,,0,,,,0,,,,0,,1,2,15,17,1,,,,
asymmetric,4,281,1,bt,25,0,31424,16,30060,30060,30061,,,,30096,30063,30078,16,1:15,30079,30094,16,1:15,30080,30095,16,1:15,,,0,,,,0,,,,0,,,,0,,1,2,15,17,1,,,,
asymmetric,4,282,1,bt,25,16,31552,16,30099,30099,30100,,,,30135,30102,30117,16,1:15,30118,30133,16,1:15,30119,30134,16,1:15,,,0,,,,0,,,,0,,,,0,,1,2,15,17,1,,,,
asymmetric,4,283,1,bt,26,0,31680,16,30138,30138,30139,,,,30174,30141,30156,16,1:15,30157,30172,16,1:15,30158,30173,16,1:15,,,0,,,,0,,,,0,,,,0,,1,2,15,17,1,,,,
asymmetric,4,284,1,bt,26,16,31808,16,30177,30177,30178,,,,30213,30180,30195,16,1:15,30196,30211,16,1:15,30197,30212,16,1:15,,,0,,,,0,,,,0,,,,0,,1,2,15,17,1,,,,
asymmetric,4,285,1,bt,27,0,31936,16,30216,30216,30217,,,,30252,30219,30234,16,1:15,30235,30250,16,1:15,30236,30251,16,1:15,,,0,,,,0,,,,0,,,,0,,1,2,15,17,1,,,,
asymmetric,4,286,1,bt,27,16,32064,16,30255,30255,30256,,,,30291,30258,30273,16,1:15,30274,30289,16,1:15,30275,30290,16,1:15,,,0,,,,0,,,,0,,,,0,,1,2,15,17,1,,,,
asymmetric,4,287,1,bt,28,0,32192,16,30294,30294,30295,,,,30330,30297,30312,16,1:15,30313,30328,16,1:15,30314,30329,16,1:15,,,0,,,,0,,,,0,,,,0,,1,2,15,17,1,,,,
asymmetric,4,288,1,bt,28,16,32320,16,30333,30333,30334,,,,30369,30336,30351,16,1:15,30352,30367,16,1:15,30353,30368,16,1:15,,,0,,,,0,,,,0,,,,0,,1,2,15,17,1,,,,
asymmetric,4,289,1,bt,29,0,32448,16,30372,30372,30373,,,,30408,30375,30390,16,1:15,30391,30406,16,1:15,30392,30407,16,1:15,,,0,,,,0,,,,0,,,,0,,1,2,15,17,1,,,,
asymmetric,4,290,1,bt,29,16,32576,16,30411,30411,30412,,,,30447,30414,30429,16,1:15,30430,30445,16,1:15,30431,30446,16,1:15,,,0,,,,0,,,,0,,,,0,,1,2,15,17,1,,,,
asymmetric,4,291,1,bt,30,0,32704,8,30450,30450,30451,,,,30470,30453,30460,8,1:7,30461,30468,8,1:7,30462,30469,8,1:7,,,0,,,,0,,,,0,,,,0,,1,2,7,9,1,,,,
asymmetric,4,292,1,bt,30,8,32768,16,30473,30473,30474,,,,30509,30476,30491,16,1:15,30492,30507,16,1:15,30493,30508,16,1:15,,,0,,,,0,,,,0,,,,0,,1,2,15,17,1,,,,
asymmetric,4,293,1,bt,30,24,32896,8,30512,30512,30513,,,,30532,30515,30522,8,1:7,30523,30530,8,1:7,30524,30531,8,1:7,,,0,,,,0,,,,0,,,,0,,1,2,7,9,1,,,,
asymmetric,4,294,1,c,0,0,33216,16,47822,47822,,47903,47902,47920,47921,,,0,,,,0,,,,0,,47824,47899,16,5:15,47826,47901,16,5:15,47827,47902,16,5:15,47903,47918,16,1:15,,,,,,80,16,2,1
asymmetric,4,295,1,c,1,0,33472,16,47924,47924,,48005,48004,48022,48023,,,0,,,,0,,,,0,,47926,48001,16,5:15,47928,48003,16,5:15,47929,48004,16,5:15,48005,48020,16,1:15,,,,,,80,16,2,1
asymmetric,4,296,1,c,2,0,33728,16,48026,48026,,48107,48106,48124,48125,,,0,,,,0,,,,0,,48028,48103,16,5:15,48030,48105,16,5:15,48031,48106,16,5:15,48107,48122,16,1:15,,,,,,80,16,2,1
asymmetric,4,297,1,c,3,0,33984,16,48128,48128,,48209,48208,48226,48227,,,0,,,,0,,,,0,,48130,48205,16,5:15,48132,48207,16,5:15,48133,48208,16,5:15,48209,48224,16,1:15,,,,,,80,16,2,1
asymmetric,4,298,1,c,4,0,34240,16,48230,48230,,48311,48310,48328,48329,,,0,,,,0,,,,0,,48232,48307,16,5:15,48234,48309,16,5:15,48235,48310,16,5:15,48311,48326,16,1:15,,,,,,80,16,2,1
asymmetric,4,299,1,c,5,0,34496,16,48332,48332,,48413,48412,48430,48431,,,0,,,,0,,,,0,,48334,48409,16,5:15,48336,48411,16,5:15,48337,48412,16,5:15,48413,48428,16,1:15,,,,,,80,16,2,1
asymmetric,4,300,1,c,6,0,34752,16,48434,48434,,48515,48514,48532,48533,,,0,,,,0,,,,0,,48436,48511,16,5:15,48438,48513,16,5:15,48439,48514,16,5:15,48515,48530,16,1:15,,,,,,80,16,2,1
asymmetric,4,301,1,c,7,0,35008,16,48536,48536,,48617,48616,48634,48635,,,0,,,,0,,,,0,,48538,48613,16,5:15,48540,48615,16,5:15,48541,48616,16,5:15,48617,48632,16,1:15,,,,,,80,16,2,1
asymmetric,4,302,1,c,8,0,35264,16,48638,48638,,48719,48718,48736,48737,,,0,,,,0,,,,0,,48640,48715,16,5:15,48642,48717,16,5:15,48643,48718,16,5:15,48719,48734,16,1:15,,,,,,80,16,2,1
asymmetric,4,303,1,c,9,0,35520,16,48740,48740,,48821,48820,48838,48839,,,0,,,,0,,,,0,,48742,48817,16,5:15,48744,48819,16,5:15,48745,48820,16,5:15,48821,48836,16,1:15,,,,,,80,16,2,1
asymmetric,4,304,1,c,10,0,35776,16,48842,48842,,48923,48922,48940,48941,,,0,,,,0,,,,0,,48844,48919,16,5:15,48846,48921,16,5:15,48847,48922,16,5:15,48923,48938,16,1:15,,,,,,80,16,2,1
asymmetric,4,305,1,c,11,0,36032,16,48944,48944,,49025,49024,49042,49043,,,0,,,,0,,,,0,,48946,49021,16,5:15,48948,49023,16,5:15,48949,49024,16,5:15,49025,49040,16,1:15,,,,,,80,16,2,1
asymmetric,4,306,1,c,12,0,36288,16,49046,49046,,49127,49126,49144,49145,,,0,,,,0,,,,0,,49048,49123,16,5:15,49050,49125,16,5:15,49051,49126,16,5:15,49127,49142,16,1:15,,,,,,80,16,2,1
asymmetric,4,307,1,c,13,0,36544,16,49148,49148,,49229,49228,49246,49247,,,0,,,,0,,,,0,,49150,49225,16,5:15,49152,49227,16,5:15,49153,49228,16,5:15,49229,49244,16,1:15,,,,,,80,16,2,1
asymmetric,4,308,1,c,14,0,36800,8,49250,49250,,49291,49290,49300,49301,,,0,,,,0,,,,0,,49252,49287,8,5:7,49254,49289,8,5:7,49255,49290,8,5:7,49291,49298,8,1:7,,,,,,40,8,2,1
asymmetric,4,309,1,c,14,8,36864,8,49304,49304,,49345,49344,49354,49355,,,0,,,,0,,,,0,,49306,49341,8,5:7,49308,49343,8,5:7,49309,49344,8,5:7,49345,49352,8,1:7,,,,,,40,8,2,1
asymmetric,4,310,1,c,15,0,37056,16,49358,49358,,49439,49438,49456,49457,,,0,,,,0,,,,0,,49360,49435,16,5:15,49362,49437,16,5:15,49363,49438,16,5:15,49439,49454,16,1:15,,,,,,80,16,2,1
asymmetric,4,311,1,c,16,0,37312,16,49460,49460,,49541,49540,49558,49559,,,0,,,,0,,,,0,,49462,49537,16,5:15,49464,49539,16,5:15,49465,49540,16,5:15,49541,49556,16,1:15,,,,,,80,16,2,1
asymmetric,4,312,1,c,17,0,37568,16,49562,49562,,49643,49642,49660,49661,,,0,,,,0,,,,0,,49564,49639,16,5:15,49566,49641,16,5:15,49567,49642,16,5:15,49643,49658,16,1:15,,,,,,80,16,2,1
asymmetric,4,313,1,c,18,0,37824,16,49664,49664,,49745,49744,49762,49763,,,0,,,,0,,,,0,,49666,49741,16,5:15,49668,49743,16,5:15,49669,49744,16,5:15,49745,49760,16,1:15,,,,,,80,16,2,1
asymmetric,4,314,1,c,19,0,38080,16,49766,49766,,49847,49846,49864,49865,,,0,,,,0,,,,0,,49768,49843,16,5:15,49770,49845,16,5:15,49771,49846,16,5:15,49847,49862,16,1:15,,,,,,80,16,2,1
asymmetric,4,315,1,c,20,0,38336,16,49868,49868,,49949,49948,49966,49967,,,0,,,,0,,,,0,,49870,49945,16,5:15,49872,49947,16,5:15,49873,49948,16,5:15,49949,49964,16,1:15,,,,,,80,16,2,1
asymmetric,4,316,1,c,21,0,38592,16,49970,49970,,50051,50050,50068,50069,,,0,,,,0,,,,0,,49972,50047,16,5:15,49974,50049,16,5:15,49975,50050,16,5:15,50051,50066,16,1:15,,,,,,80,16,2,1
asymmetric,4,317,1,c,22,0,38848,16,50072,50072,,50153,50152,50170,50171,,,0,,,,0,,,,0,,50074,50149,16,5:15,50076,50151,16,5:15,50077,50152,16,5:15,50153,50168,16,1:15,,,,,,80,16,2,1
asymmetric,4,318,1,c,23,0,39104,16,50174,50174,,50255,50254,50272,50273,,,0,,,,0,,,,0,,50176,50251,16,5:15,50178,50253,16,5:15,50179,50254,16,5:15,50255,50270,16,1:15,,,,,,80,16,2,1
asymmetric,4,319,1,c,24,0,39360,16,50276,50276,,50357,50356,50374,50375,,,0,,,,0,,,,0,,50278,50353,16,5:15,50280,50355,16,5:15,50281,50356,16,5:15,50357,50372,16,1:15,,,,,,80,16,2,1
asymmetric,4,320,1,c,25,0,39616,16,50378,50378,,50459,50458,50476,50477,,,0,,,,0,,,,0,,50380,50455,16,5:15,50382,50457,16,5:15,50383,50458,16,5:15,50459,50474,16,1:15,,,,,,80,16,2,1
asymmetric,4,321,1,c,26,0,39872,16,50480,50480,,50561,50560,50578,50579,,,0,,,,0,,,,0,,50482,50557,16,5:15,50484,50559,16,5:15,50485,50560,16,5:15,50561,50576,16,1:15,,,,,,80,16,2,1
asymmetric,4,322,1,c,27,0,40128,16,50582,50582,,50663,50662,50680,50681,,,0,,,,0,,,,0,,50584,50659,16,5:15,50586,50661,16,5:15,50587,50662,16,5:15,50663,50678,16,1:15,,,,,,80,16,2,1
asymmetric,4,323,1,c,28,0,40384,16,50684,50684,,50765,50764,50782,50783,,,0,,,,0,,,,0,,50686,50761,16,5:15,50688,50763,16,5:15,50689,50764,16,5:15,50765,50780,16,1:15,,,,,,80,16,2,1
asymmetric,4,324,1,c,29,0,40640,16,50786,50786,,50867,50866,50884,50885,,,0,,,,0,,,,0,,50788,50863,16,5:15,50790,50865,16,5:15,50791,50866,16,5:15,50867,50882,16,1:15,,,,,,80,16,2,1
asymmetric,4,325,1,c,30,0,40896,8,50888,50888,,50929,50928,50938,50939,,,0,,,,0,,,,0,,50890,50925,8,5:7,50892,50927,8,5:7,50893,50928,8,5:7,50929,50936,8,1:7,,,,,,40,8,2,1
asymmetric,4,326,1,c,30,8,40960,8,50942,50942,,50983,50982,50992,50993,,,0,,,,0,,,,0,,50944,50979,8,5:7,50946,50981,8,5:7,50947,50982,8,5:7,50983,50990,8,1:7,,,,,,40,8,2,1
asymmetric,4,327,1,c,31,0,41152,16,50996,50996,,51077,51076,51094,51095,,,0,,,,0,,,,0,,50998,51073,16,5:15,51000,51075,16,5:15,51001,51076,16,5:15,51077,51092,16,1:15,,,,,,80,16,2,1
asymmetric,4,328,2,a,0,0,8256,16,51104,51104,51105,,,,51140,51107,51122,16,1:15,51123,51138,16,1:15,51124,51139,16,1:15,,,0,,,,0,,,,0,,,,0,,1,2,15,17,1,,,,
asymmetric,4,329,2,a,0,16,8384,16,51143,51143,51144,,,,51179,51146,51161,16,1:15,51162,51177,16,1:15,51163,51178,16,1:15,,,0,,,,0,,,,0,,,,0,,1,2,15,17,1,,,,
asymmetric,4,330,2,a,1,0,8512,16,51182,51182,51183,,,,51218,51185,51200,16,1:15,51201,51216,16,1:15,51202,51217,16,1:15,,,0,,,,0,,,,0,,,,0,,1,2,15,17,1,,,,
asymmetric,4,331,2,a,1,16,8640,16,51221,51221,51222,,,,51257,51224,51239,16,1:15,51240,51255,16,1:15,51241,51256,16,1:15,,,0,,,,0,,,,0,,,,0,,1,2,15,17,1,,,,
asymmetric,4,332,2,a,2,0,8768,16,51260,51260,51261,,,,51296,51263,51278,16,1:15,51279,51294,16,1:15,51280,51295,16,1:15,,,0,,,,0,,,,0,,,,0,,1,2,15,17,1,,,,
asymmetric,4,333,2,a,2,16,8896,16,51299,51299,51300,,,,51335,51302,51317,16,1:15,51318,51333,16,1:15,51319,51334,16,1:15,,,0,,,,0,,,,0,,,,0,,1,2,15,17,1,,,,
asymmetric,4,334,2,a,3,0,9024,16,51338,51338,51339,,,,51374,51341,51356,16,1:15,51357,51372,16,1:15,51358,51373,16,1:15,,,0,,,,0,,,,0,,,,0,,1,2,15,17,1,,,,
asymmetric,4,335,2,a,3,16,9152,16,51377,51377,51378,,,,51413,51380,51395,16,1:15,51396,51411,16,1:15,51397,51412,16,1:15,,,0,,,,0,,,,0,,,,0,,1,2,15,17,1,,,,
asymmetric,4,336,2,a,4,0,9280,16,51416,51416,51417,,,,51452,51419,51434,16,1:15,51435,51450,16,1:15,51436,51451,16,1:15,,,0,,,,0,,,,0,,,,0,,1,2,15,17,1,,,,
asymmetric,4,337,2,a,4,16,9408,16,51455,51455,51456,,,,51491,51458,51473,16,1:15,51474,51489,16,1:15,51475,51490,16,1:15,,,0,,,,0,,,,0,,,,0,,1,2,15,17,1,,,,
asymmetric,4,338,2,a,5,0,9536,16,51494,51494,51495,,,,51530,51497,51512,16,1:15,51513,51528,16,1:15,51514,51529,16,1:15,,,0,,,,0,,,,0,,,,0,,1,2,15,17,1,,,,
asymmetric,4,339,2,a,5,16,9664,16,51533,51533,51534,,,,51569,51536,51551,16,1:15,51552,51567,16,1:15,51553,51568,16,1:15,,,0,,,,0,,,,0,,,,0,,1,2,15,17,1,,,,
asymmetric,4,340,2,a,6,0,9792,16,51572,51572,51573,,,,51608,51575,51590,16,1:15,51591,51606,16,1:15,51592,51607,16,1:15,,,0,,,,0,,,,0,,,,0,,1,2,15,17,1,,,,
asymmetric,4,341,2,a,6,16,9920,16,51611,51611,51612,,,,51647,51614,51629,16,1:15,51630,51645,16,1:15,51631,51646,16,1:15,,,0,,,,0,,,,0,,,,0,,1,2,15,17,1,,,,
asymmetric,4,342,2,a,7,0,10048,16,51650,51650,51651,,,,51686,51653,51668,16,1:15,51669,51684,16,1:15,51670,51685,16,1:15,,,0,,,,0,,,,0,,,,0,,1,2,15,17,1,,,,
asymmetric,4,343,2,a,7,16,10176,16,51689,51689,51690,,,,51725,51692,51707,16,1:15,51708,51723,16,1:15,51709,51724,16,1:15,,,0,,,,0,,,,0,,,,0,,1,2,15,17,1,,,,
asymmetric,4,344,2,a,8,0,10304,16,51728,51728,51729,,,,51764,51731,51746,16,1:15,51747,51762,16,1:15,51748,51763,16,1:15,,,0,,,,0,,,,0,,,,0,,1,2,15,17,1,,,,
asymmetric,4,345,2,a,8,16,10432,16,51767,51767,51768,,,,51803,51770,51785,16,1:15,51786,51801,16,1:15,51787,51802,16,1:15,,,0,,,,0,,,,0,,,,0,,1,2,15,17,1,,,,
asymmetric,4,346,2,a,9,0,10560,16,51806,51806,51807,,,,51842,51809,51824,16,1:15,51825,51840,16,1:15,51826,51841,16,1:15,,,0,,,,0,,,,0,,,,0,,1,2,15,17,1,,,,
asymmetric,4,347,2,a,9,16,10688,16,51845,51845,51846,,,,51881,51848,51863,16,1:15,51864,51879,16,1:15,51865,51880,16,1:15,,,0,,,,0,,,,0,,,,0,,1,2,15,17,1,,,,
asymmetric,4,348,2,a,10,0,10816,16,51884,51884,51885,,,,51920,51887,51902,16,1:15,51903,51918,16,1:15,51904,51919,16,1:15,,,0,,,,0,,,,0,,,,0,,1,2,15,17,1,,,,
asymmetric,4,349,2,a,10,16,10944,16,51923,51923,51924,,,,51959,51926,51941,16,1:15,51942,51957,16,1:15,51943,51958,16,1:15,,,0,,,,0,,,,0,,,,0,,1,2,15,17,1,,,,
asymmetric,4,350,2,a,11,0,11072,16,51962,51962,51963,,,,51998,51965,51980,16,1:15,51981,51996,16,1:15,51982,51997,16,1:15,,,0,,,,0,,,,0,,,,0,,1,2,15,17,1,,,,
asymmetric,4,351,2,a,11,16,11200,16,52001,52001,52002,,,,52037,52004,52019,16,1:15,52020,52035,16,1:15,52021,52036,16,1:15,,,0,,,,0,,,,0,,,,0,,1,2,15,17,1,,,,
asymmetric,4,352,2,a,12,0,11328,16,52040,52040,52041,,,,52076,52043,52058,16,1:15,52059,52074,16,1:15,52060,52075,16,1:15,,,0,,,,0,,,,0,,,,0,,1,2,15,17,1,,,,
asymmetric,4,353,2,a,12,16,11456,16,52079,52079,52080,,,,52115,52082,52097,16,1:15,52098,52113,16,1:15,52099,52114,16,1:15,,,0,,,,0,,,,0,,,,0,,1,2,15,17,1,,,,
asymmetric,4,354,2,a,13,0,11584,16,52118,52118,52119,,,,52154,52121,52136,16,1:15,52137,52152,16,1:15,52138,52153,16,1:15,,,0,,,,0,,,,0,,,,0,,1,2,15,17,1,,,,
asymmetric,4,355,2,a,13,16,11712,16,52157,52157,52158,,,,52193,52160,52175,16,1:15,52176,52191,16,1:15,52177,52192,16,1:15,,,0,,,,0,,,,0,,,,0,,1,2,15,17,1,,,,
asymmetric,4,356,2,a,14,0,11840,16,52196,52196,52197,,,,52232,52199,52214,16,1:15,52215,52230,16,1:15,52216,52231,16,1:15,,,0,,,,0,,,,0,,,,0,,1,2,15,17,1,,,,
asymmetric,4,357,2,a,14,16,11968,16,52235,52235,52236,,,,52271,52238,52253,16,1:15,52254,52269,16,1:15,52255,52270,16,1:15,,,0,,,,0,,,,0,,,,0,,1,2,15,17,1,,,,
asymmetric,4,358,2,a,15,0,12096,16,52274,52274,52275,,,,52310,52277,52292,16,1:15,52293,52308,16,1:15,52294,52309,16,1:15,,,0,,,,0,,,,0,,,,0,,1,2,15,17,1,,,,
asymmetric,4,359,2,a,15,16,12224,8,52313,52313,52314,,,,52333,52316,52323,8,1:7,52324,52331,8,1:7,52325,52332,8,1:7,,,0,,,,0,,,,0,,,,0,,1,2,7,9,1,,,,
asymmetric,4,360,2,a,15,24,12288,8,52336,52336,52337,,,,52356,52339,52346,8,1:7,52347,52354,8,1:7,52348,52355,8,1:7,,,0,,,,0,,,,0,,,,0,,1,2,7,9,1,,,,
asymmetric,4,361,2,a,16,0,12352,16,52359,52359,52360,,,,52395,52362,52377,16,1:15,52378,52393,16,1:15,52379,52394,16,1:15,,,0,,,,0,,,,0,,,,0,,1,2,15,17,1,,,,
asymmetric,4,362,2,a,16,16,12480,16,52398,52398,52399,,,,52434,52401,52416,16,1:15,52417,52432,16,1:15,52418,52433,16,1:15,,,0,,,,0,,,,0,,,,0,,1,2,15,17,1,,,,
asymmetric,4,363,2,a,17,0,12608,16,52437,52437,52438,,,,52473,52440,52455,16,1:15,52456,52471,16,1:15,52457,52472,16,1:15,,,0,,,,0,,,,0,,,,0,,1,2,15,17,1,,,,
asymmetric,4,364,2,a,17,16,12736,16,52476,52476,52477,,,,52512,52479,52494,16,1:15,52495,52510,16,1:15,52496,52511,16,1:15,,,0,,,,0,,,,0,,,,0,,1,2,15,17,1,,,,
asymmetric,4,365,2,a,18,0,12864,16,52515,52515,52516,,,,52551,52518,52533,16,1:15,52534,52549,16,1:15,52535,52550,16,1:15,,,0,,,,0,,,,0,,,,0,,1,2,15,17,1,,,,
asymmetric,4,366,2,a,18,16,12992,16,52554,52554,52555,,,,52590,52557,52572,16,1:15,52573,52588,16,1:15,52574,52589,16,1:15,,,0,,,,0,,,,0,,,,0,,1,2,15,17,1,,,,
asymmetric,4,367,2,a,19,0,13120,16,52593,52593,52594,,,,52629,52596,52611,16,1:15,52612,52627,16,1:15,52613,52628,16,1:15,,,0,,,,0,,,,0,,,,0,,1,2,15,17,1,,,,
asymmetric,4,368,2,a,19,16,13248,16,52632,52632,52633,,,,52668,52635,52650,16,1:15,52651,52666,16,1:15,52652,52667,16,1:15,,,0,,,,0,,,,0,,,,0,,1,2,15,17,1,,,,
asymmetric,4,369,2,a,20,0,13376,16,52671,52671,52672,,,,52707,52674,52689,16,1:15,52690,52705,16,1:15,52691,52706,16,1:15,,,0,,,,0,,,,0,,,,0,,1,2,15,17,1,,,,
asymmetric,4,370,2,a,20,16,13504,16,52710,52710,52711,,,,52746,52713,52728,16,1:15,52729,52744,16,1:15,52730,52745,16,1:15,,,0,,,,0,,,,0,,,,0,,1,2,15,17,1,,,,
asymmetric,4,371,2,a,21,0,13632,16,52749,52749,52750,,,,52785,52752,52767,16,1:15,52768,52783,16,1:15,52769,52784,16,1:15,,,0,,,,0,,,,0,,,,0,,1,2,15,17,1,,,,
asymmetric,4,372,2,a,21,16,13760,16,52788,52788,52789,,,,52824,52791,52806,16,1:15,52807,52822,16,1:15,52808,52823,16,1:15,,,0,,,,0,,,,0,,,,0,,1,2,15,17,1,,,,
asymmetric,4,373,2,a,22,0,13888,16,52827,52827,52828,,,,52863,52830,52845,16,1:15,52846,52861,16,1:15,52847,52862,16,1:15,,,0,,,,0,,,,0,,,,0,,1,2,15,17,1,,,,
asymmetric,4,374,2,a,22,16,14016,16,52866,52866,52867,,,,52902,52869,52884,16,1:15,52885,52900,16,1:15,52886,52901,16,1:15,,,0,,,,0,,,,0,,,,0,,1,2,15,17,1,,,,
asymmetric,4,375,2,a,23,0,14144,16,52905,52905,52906,,,,52941,52908,52923,16,1:15,52924,52939,16,1:15,52925,52940,16,1:15,,,0,,,,0,,,,0,,,,0,,1,2,15,17,1,,,,
asymmetric,4,376,2,a,23,16,14272,16,52944,52944,52945,,,,52980,52947,52962,16,1:15,52963,52978,16,1:15,52964,52979,16,1:15,,,0,,,,0,,,,0,,,,0,,1,2,15,17,1,,,,
asymmetric,4,377,2,a,24,0,14400,16,52983,52983,52984,,,,53019,52986,53001,16,1:15,53002,53017,16,1:15,53003,53018,16,1:15,,,0,,,,0,,,,0,,,,0,,1,2,15,17,1,,,,
asymmetric,4,378,2,a,24,16,14528,16,53022,53022,53023,,,,53058,53025,53040,16,1:15,53041,53056,16,1:15,53042,53057,16,1:15,,,0,,,,0,,,,0,,,,0,,1,2,15,17,1,,,,
asymmetric,4,379,2,a,25,0,14656,16,53061,53061,53062,,,,53097,53064,53079,16,1:15,53080,53095,16,1:15,53081,53096,16,1:15,,,0,,,,0,,,,0,,,,0,,1,2,15,17,1,,,,
asymmetric,4,380,2,a,25,16,14784,16,53100,53100,53101,,,,53136,53103,53118,16,1:15,53119,53134,16,1:15,53120,53135,16,1:15,,,0,,,,0,,,,0,,,,0,,1,2,15,17,1,,,,
asymmetric,4,381,2,a,26,0,14912,16,53139,53139,53140,,,,53175,53142,53157,16,1:15,53158,53173,16,1:15,53159,53174,16,1:15,,,0,,,,0,,,,0,,,,0,,1,2,15,17,1,,,,
asymmetric,4,382,2,a,26,16,15040,16,53178,53178,53179,,,,53214,53181,53196,16,1:15,53197,53212,16,1:15,53198,53213,16,1:15,,,0,,,,0,,,,0,,,,0,,1,2,15,17,1,,,,
asymmetric,4,383,2,a,27,0,15168,16,53217,53217,53218,,,,53253,53220,53235,16,1:15,53236,53251,16,1:15,53237,53252,16,1:15,,,0,,,,0,,,,0,,,,0,,1,2,15,17,1,,,,
asymmetric,4,384,2,a,27,16,15296,16,53256,53256,53257,,,,53292,53259,53274,16,1:15,53275,53290,16,1:15,53276,53291,16,1:15,,,0,,,,0,,,,0,,,,0,,1,2,15,17,1,,,,
asymmetric,4,385,2,a,28,0,15424,16,53295,53295,53296,,,,53331,53298,53313,16,1:15,53314,53329,16,1:15,53315,53330,16,1:15,,,0,,,,0,,,,0,,,,0,,1,2,15,17,1,,,,
asymmetric,4,386,2,a,28,16,15552,16,53334,53334,53335,,,,53370,53337,53352,16,1:15,53353,53368,16,1:15,53354,53369,16,1:15,,,0,,,,0,,,,0,,,,0,,1,2,15,17,1,,,,
asymmetric,4,387,2,a,29,0,15680,16,53373,53373,53374,,,,53409,53376,53391,16,1:15,53392,53407,16,1:15,53393,53408,16,1:15,,,0,,,,0,,,,0,,,,0,,1,2,15,17,1,,,,
asymmetric,4,388,2,a,29,16,15808,16,53412,53412,53413,,,,53448,53415,53430,16,1:15,53431,53446,16,1:15,53432,53447,16,1:15,,,0,,,,0,,,,0,,,,0,,1,2,15,17,1,,,,
asymmetric,4,389,2,a,30,0,15936,16,53451,53451,53452,,,,53487,53454,53469,16,1:15,53470,53485,16,1:15,53471,53486,16,1:15,,,0,,,,0,,,,0,,,,0,,1,2,15,17,1,,,,
asymmetric,4,390,2,a,30,16,16064,16,53490,53490,53491,,,,53526,53493,53508,16,1:15,53509,53524,16,1:15,53510,53525,16,1:15,,,0,,,,0,,,,0,,,,0,,1,2,15,17,1,,,,
asymmetric,4,391,2,a,31,0,16192,16,53529,53529,53530,,,,53565,53532,53547,16,1:15,53548,53563,16,1:15,53549,53564,16,1:15,,,0,,,,0,,,,0,,,,0,,1,2,15,17,1,,,,
asymmetric,4,392,2,a,31,16,16320,8,53568,53568,53569,,,,53588,53571,53578,8,1:7,53579,53586,8,1:7,53580,53587,8,1:7,,,0,,,,0,,,,0,,,,0,,1,2,7,9,1,,,,
asymmetric,4,393,2,a,31,24,16384,8,53591,53591,53592,,,,53611,53594,53601,8,1:7,53602,53609,8,1:7,53603,53610,8,1:7,,,0,,,,0,,,,0,,,,0,,1,2,7,9,1,,,,
asymmetric,4,394,2,bt,0,0,16832,16,53619,53619,53620,,,,53655,53622,53637,16,1:15,53638,53653,16,1:15,53639,53654,16,1:15,,,0,,,,0,,,,0,,,,0,,1,2,15,17,1,,,,
asymmetric,4,395,2,bt,0,16,16960,16,53658,53658,53659,,,,53694,53661,53676,16,1:15,53677,53692,16,1:15,53678,53693,16,1:15,,,0,,,,0,,,,0,,,,0,,1,2,15,17,1,,,,
asymmetric,4,396,2,bt,1,0,17088,16,53697,53697,53698,,,,53733,53700,53715,16,1:15,53716,53731,16,1:15,53717,53732,16,1:15,,,0,,,,0,,,,0,,,,0,,1,2,15,17,1,,,,
asymmetric,4,397,2,bt,1,16,17216,16,53736,53736,53737,,,,53772,53739,53754,16,1:15,53755,53770,16,1:15,53756,53771,16,1:15,,,0,,,,0,,,,0,,,,0,,1,2,15,17,1,,,,
asymmetric,4,398,2,bt,2,0,17344,16,53775,53775,53776,,,,53811,53778,53793,16,1:15,53794,53809,16,1:15,53795,53810,16,1:15,,,0,,,,0,,,,0,,,,0,,1,2,15,17,1,,,,
asymmetric,4,399,2,bt,2,16,17472,16,53814,53814,53815,,,,53850,53817,53832,16,1:15,53833,53848,16,1:15,53834,53849,16,1:15,,,0,,,,0,,,,0,,,,0,,1,2,15,17,1,,,,
asymmetric,4,400,2,bt,3,0,17600,16,53853,53853,53854,,,,53889,53856,53871,16,1:15,53872,53887,16,1:15,53873,53888,16,1:15,,,0,,,,0,,,,0,,,,0,,1,2,15,17,1,,,,
asymmetric,4,401,2,bt,3,16,17728,16,53892,53892,53893,,,,53928,53895,53910,16,1:15,53911,53926,16,1:15,53912,53927,16,1:15,,,0,,,,0,,,,0,,,,0,,1,2,15,17,1,,,,
asymmetric,4,402,2,bt,4,0,17856,16,53931,53931,53932,,,,53967,53934,53949,16,1:15,53950,53965,16,1:15,53951,53966,16,1:15,,,0,,,,0,,,,0,,,,0,,1,2,15,17,1,,,,
asymmetric,4,403,2,bt,4,16,17984,16,53970,53970,53971,,,,54006,53973,53988,16,1:15,53989,54004,16,1:15,53990,54005,16,1:15,,,0,,,,0,,,,0,,,,0,,1,2,15,17,1,,,,
asymmetric,4,404,2,bt,5,0,18112,16,54009,54009,54010,,,,54045,54012,54027,16,1:15,54028,54043,16,1:15,54029,54044,16,1:15,,,0,,,,0,,,,0,,,,0,,1,2,15,17,1,,,,
asymmetric,4,405,2,bt,5,16,18240,16,54048,54048,54049,,,,54084,54051,54066,16,1:15,54067,54082,16,1:15,54068,54083,16,1:15,,,0,,,,0,,,,0,,,,0,,1,2,15,17,1,,,,
asymmetric,4,406,2,bt,6,0,18368,16,54087,54087,54088,,,,54123,54090,54105,16,1:15,54106,54121,16,1:15,54107,54122,16,1:15,,,0,,,,0,,,,0,,,,0,,1,2,15,17,1,,,,
asymmetric,4,407,2,bt,6,16,18496,16,54126,54126,54127,,,,54162,54129,54144,16,1:15,54145,54160,16,1:15,54146,54161,16,1:15,,,0,,,,0,,,,0,,,,0,,1,2,15,17,1,,,,
asymmetric,4,408,2,bt,7,0,18624,16,54165,54165,54166,,,,54201,54168,54183,16,1:15,54184,54199,16,1:15,54185,54200,16,1:15,,,0,,,,0,,,,0,,,,0,,1,2,15,17,1,,,,
asymmetric,4,409,2,bt,7,16,18752,16,54204,54204,54205,,,,54240,54207,54222,16,1:15,54223,54238,16,1:15,54224,54239,16,1:15,,,0,,,,0,,,,0,,,,0,,1,2,15,17,1,,,,
asymmetric,4,410,2,bt,8,0,18880,16,54243,54243,54244,,,,54279,54246,54261,16,1:15,54262,54277,16,1:15,54263,54278,16,1:15,,,0,,,,0,,,,0,,,,0,,1,2,15,17,1,,,,
asymmetric,4,411,2,bt,8,16,19008,16,54282,54282,54283,,,,54318,54285,54300,16,1:15,54301,54316,16,1:15,54302,54317,16,1:15,,,0,,,,0,,,,0,,,,0,,1,2,15,17,1,,,,
asymmetric,4,412,2,bt,9,0,19136,16,54321,54321,54322,,,,54357,54324,54339,16,1:15,54340,54355,16,1:15,54341,54356,16,1:15,,,0,,,,0,,,,0,,,,0,,1,2,15,17,1,,,,
asymmetric,4,413,2,bt,9,16,19264,16,54360,54360,54361,,,,54396,54363,54378,16,1:15,54379,54394,16,1:15,54380,54395,16,1:15,,,0,,,,0,,,,0,,,,0,,1,2,15,17,1,,,,
asymmetric,4,414,2,bt,10,0,19392,16,54399,54399,54400,,,,54435,54402,54417,16,1:15,54418,54433,16,1:15,54419,54434,16,1:15,,,0,,,,0,,,,0,,,,0,,1,2,15,17,1,,,,
asymmetric,4,415,2,bt,10,16,19520,16,54438,54438,54439,,,,54474,54441,54456,16,1:15,54457,54472,16,1:15,54458,54473,16,1:15,,,0,,,,0,,,,0,,,,0,,1,2,15,17,1,,,,
asymmetric,4,416,2,bt,11,0,19648,16,54477,54477,54478,,,,54513,54480,54495,16,1:15,54496,54511,16,1:15,54497,54512,16,1:15,,,0,,,,0,,,,0,,,,0,,1,2,15,17,1,,,,
asymmetric,4,417,2,bt,11,16,19776,16,54516,54516,54517,,,,54552,54519,54534,16,1:15,54535,54550,16,1:15,54536,54551,16,1:15,,,0,,,,0,,,,0,,,,0,,1,2,15,17,1,,,,
asymmetric,4,418,2,bt,12,0,19904,16,54555,54555,54556,,,,54591,54558,54573,16,1:15,54574,54589,16,1:15,54575,54590,16,1:15,,,0,,,,0,,,,0,,,,0,,1,2,15,17,1,,,,
asymmetric,4,419,2,bt,12,16,20032,16,54594,54594,54595,,,,54630,54597,54612,16,1:15,54613,54628,16,1:15,54614,54629,16,1:15,,,0,,,,0,,,,0,,,,0,,1,2,15,17,1,,,,
asymmetric,4,420,2,bt,13,0,20160,16,54633,54633,54634,,,,54669,54636,54651,16,1:15,54652,54667,16,1:15,54653,54668,16,1:15,,,0,,,,0,,,,0,,,,0,,1,2,15,17,1,,,,
asymmetric,4,421,2,bt,13,16,20288,16,54672,54672,54673,,,,54708,54675,54690,16,1:15,54691,54706,16,1:15,54692,54707,16,1:15,,,0,,,,0,,,,0,,,,0,,1,2,15,17,1,,,,
asymmetric,4,422,2,bt,14,0,20416,8,54711,54711,54712,,,,54731,54714,54721,8,1:7,54722,54729,8,1:7,54723,54730,8,1:7,,,0,,,,0,,,,0,,,,0,,1,2,7,9,1,,,,
asymmetric,4,423,2,bt,14,8,20480,16,54734,54734,54735,,,,54770,54737,54752,16,1:15,54753,54768,16,1:15,54754,54769,16,1:15,,,0,,,,0,,,,0,,,,0,,1,2,15,17,1,,,,
asymmetric,4,424,2,bt,14,24,20608,8,54773,54773,54774,,,,54793,54776,54783,8,1:7,54784,54791,8,1:7,54785,54792,8,1:7,,,0,,,,0,,,,0,,,,0,,1,2,7,9,1,,,,
asymmetric,4,425,2,bt,15,0,20672,16,54796,54796,54797,,,,54832,54799,54814,16,1:15,54815,54830,16,1:15,54816,54831,16,1:15,,,0,,,,0,,,,0,,,,0,,1,2,15,17,1,,,,
asymmetric,4,426,2,bt,15,16,20800,16,54835,54835,54836,,,,54871,54838,54853,16,1:15,54854,54869,16,1:15,54855,54870,16,1:15,,,0,,,,0,,,,0,,,,0,,1,2,15,17,1,,,,
asymmetric,4,427,2,bt,16,0,20928,16,54874,54874,54875,,,,54910,54877,54892,16,1:15,54893,54908,16,1:15,54894,54909,16,1:15,,,0,,,,0,,,,0,,,,0,,1,2,15,17,1,,,,
asymmetric,4,428,2,bt,16,16,21056,16,54913,54913,54914,,,,54949,54916,54931,16,1:15,54932,54947,16,1:15,54933,54948,16,1:15,,,0,,,,0,,,,0,,,,0,,1,2,15,17,1,,,,
asymmetric,4,429,2,bt,17,0,21184,16,54952,54952,54953,,,,54988,54955,54970,16,1:15,54971,54986,16,1:15,54972,54987,16,1:15,,,0,,,,0,,,,0,,,,0,,1,2,15,17,1,,,,
asymmetric,4,430,2,bt,17,16,21312,16,54991,54991,54992,,,,55027,54994,55009,16,1:15,55010,55025,16,1:15,55011,55026,16,1:15,,,0,,,,0,,,,0,,,,0,,1,2,15,17,1,,,,
asymmetric,4,431,2,bt,18,0,21440,16,55030,55030,55031,,,,55066,55033,55048,16,1:15,55049,55064,16,1:15,55050,55065,16,1:15,,,0,,,,0,,,,0,,,,0,,1,2,15,17,1,,,,
asymmetric,4,432,2,bt,18,16,21568,16,55069,55069,55070,,,,55105,55072,55087,16,1:15,55088,55103,16,1:15,55089,55104,16,1:15,,,0,,,,0,,,,0,,,,0,,1,2,15,17,1,,,,
asymmetric,4,433,2,bt,19,0,21696,16,55108,55108,55109,,,,55144,55111,55126,16,1:15,55127,55142,16,1:15,55128,55143,16,1:15,,,0,,,,0,,,,0,,,,0,,1,2,15,17,1,,,,
asymmetric,4,434,2,bt,19,16,21824,16,55147,55147,55148,,,,55183,55150,55165,16,1:15,55166,55181,16,1:15,55167,55182,16,1:15,,,0,,,,0,,,,0,,,,0,,1,2,15,17,1,,,,
asymmetric,4,435,2,bt,20,0,21952,16,55186,55186,55187,,,,55222,55189,55204,16,1:15,55205,55220,16,1:15,55206,55221,16,1:15,,,0,,,,0,,,,0,,,,0,,1,2,15,17,1,,,,
asymmetric,4,436,2,bt,20,16,22080,16,55225,55225,55226,,,,55261,55228,55243,16,1:15,55244,55259,16,1:15,55245,55260,16,1:15,,,0,,,,0,,,,0,,,,0,,1,2,15,17,1,,,,
asymmetric,4,437,2,bt,21,0,22208,16,55264,55264,55265,,,,55300,55267,55282,16,1:15,55283,55298,16,1:15,55284,55299,16,1:15,,,0,,,,0,,,,0,,,,0,,1,2,15,17,1,,,,
asymmetric,4,438,2,bt,21,16,22336,16,55303,55303,55304,,,,55339,55306,55321,16,1:15,55322,55337,16,1:15,55323,55338,16,1:15,,,0,,,,0,,,,0,,,,0,,1,2,15,17,1,,,,
asymmetric,4,439,2,bt,22,0,22464,16,55342,55342,55343,,,,55378,55345,55360,16,1:15,55361,55376,16,1:15,55362,55377,16,1:15,,,0,,,,0,,,,0,,,,0,,1,2,15,17,1,,,,
asymmetric,4,440,2,bt,22,16,22592,16,55381,55381,55382,,,,55417,55384,55399,16,1:15,55400,55415,16,1:15,55401,55416,16,1:15,,,0,,,,0,,,,0,,,,0,,1,2,15,17,1,,,,
asymmetric,4,441,2,bt,23,0,22720,16,55420,55420,55421,,,,55456,55423,55438,16,1:15,55439,55454,16,1:15,55440,55455,16,1:15,,,0,,,,0,,,,0,,,,0,,1,2,15,17,1,,,,
asymmetric,4,442,2,bt,23,16,22848,16,55459,55459,55460,,,,55495,55462,55477,16,1:15,55478,55493,16,1:15,55479,55494,16,1:15,,,0,,,,0,,,,0,,,,0,,1,2,15,17,1,,,,
asymmetric,4,443,2,bt,24,0,22976,16,55498,55498,55499,,,,55534,55501,55516,16,1:15,55517,55532,16,1:15,55518,55533,16,1:15,,,0,,,,0,,,,0,,,,0,,1,2,15,17,1,,,,
asymmetric,4,444,2,bt,24,16,23104,16,55537,55537,55538,,,,55573,55540,55555,16,1:15,55556,55571,16,1:15,55557,55572,16,1:15,,,0,,,,0,,,,0,,,,0,,1,2,15,17,1,,,,
asymmetric,4,445,2,bt,25,0,23232,16,55576,55576,55577,,,,55612,55579,55594,16,1:15,55595,55610,16,1:15,55596,55611,16,1:15,,,0,,,,0,,,,0,,,,0,,1,2,15,17,1,,,,
asymmetric,4,446,2,bt,25,16,23360,16,55615,55615,55616,,,,55651,55618,55633,16,1:15,55634,55649,16,1:15,55635,55650,16,1:15,,,0,,,,0,,,,0,,,,0,,1,2,15,17,1,,,,
asymmetric,4,447,2,bt,26,0,23488,16,55654,55654,55655,,,,55690,55657,55672,16,1:15,55673,55688,16,1:15,55674,55689,16,1:15,,,0,,,,0,,,,0,,,,0,,1,2,15,17,1,,,,
asymmetric,4,448,2,bt,26,16,23616,16,55693,55693,55694,,,,55729,55696,55711,16,1:15,55712,55727,16,1:15,55713,55728,16,1:15,,,0,,,,0,,,,0,,,,0,,1,2,15,17,1,,,,
asymmetric,4,449,2,bt,27,0,23744,16,55732,55732,55733,,,,55768,55735,55750,16,1:15,55751,55766,16,1:15,55752,55767,16,1:15,,,0,,,,0,,,,0,,,,0,,1,2,15,17,1,,,,
asymmetric,4,450,2,bt,27,16,23872,16,55771,55771,55772,,,,55807,55774,55789,16,1:15,55790,55805,16,1:15,55791,55806,16,1:15,,,0,,,,0,,,,0,,,,0,,1,2,15,17,1,,,,
asymmetric,4,451,2,bt,28,0,24000,16,55810,55810,55811,,,,55846,55813,55828,16,1:15,55829,55844,16,1:15,55830,55845,16,1:15,,,0,,,,0,,,,0,,,,0,,1,2,15,17,1,,,,
asymmetric,4,452,2,bt,28,16,24128,16,55849,55849,55850,,,,55885,55852,55867,16,1:15,55868,55883,16,1:15,55869,55884,16,1:15,,,0,,,,0,,,,0,,,,0,,1,2,15,17,1,,,,
asymmetric,4,453,2,bt,29,0,24256,16,55888,55888,55889,,,,55924,55891,55906,16,1:15,55907,55922,16,1:15,55908,55923,16,1:15,,,0,,,,0,,,,0,,,,0,,1,2,15,17,1,,,,
asymmetric,4,454,2,bt,29,16,24384,16,55927,55927,55928,,,,55963,55930,55945,16,1:15,55946,55961,16,1:15,55947,55962,16,1:15,,,0,,,,0,,,,0,,,,0,,1,2,15,17,1,,,,
asymmetric,4,455,2,bt,30,0,24512,8,55966,55966,55967,,,,55986,55969,55976,8,1:7,55977,55984,8,1:7,55978,55985,8,1:7,,,0,,,,0,,,,0,,,,0,,1,2,7,9,1,,,,
asymmetric,4,456,2,bt,30,8,24576,16,55989,55989,55990,,,,56025,55992,56007,16,1:15,56008,56023,16,1:15,56009,56024,16,1:15,,,0,,,,0,,,,0,,,,0,,1,2,15,17,1,,,,
asymmetric,4,457,2,bt,30,24,24704,8,56028,56028,56029,,,,56048,56031,56038,8,1:7,56039,56046,8,1:7,56040,56047,8,1:7,,,0,,,,0,,,,0,,,,0,,1,2,7,9,1,,,,
asymmetric,4,458,2,bt,31,0,24768,16,56051,56051,56052,,,,56087,56054,56069,16,1:15,56070,56085,16,1:15,56071,56086,16,1:15,,,0,,,,0,,,,0,,,,0,,1,2,15,17,1,,,,
asymmetric,4,459,2,bt,31,16,24896,16,56090,56090,56091,,,,56126,56093,56108,16,1:15,56109,56124,16,1:15,56110,56125,16,1:15,,,0,,,,0,,,,0,,,,0,,1,2,15,17,1,,,,
asymmetric,4,460,2,c,0,0,41280,16,73416,73416,,73497,73496,73514,73515,,,0,,,,0,,,,0,,73418,73493,16,5:15,73420,73495,16,5:15,73421,73496,16,5:15,73497,73512,16,1:15,,,,,,80,16,2,1
asymmetric,4,461,2,c,1,0,41536,16,73518,73518,,73599,73598,73616,73617,,,0,,,,0,,,,0,,73520,73595,16,5:15,73522,73597,16,5:15,73523,73598,16,5:15,73599,73614,16,1:15,,,,,,80,16,2,1
asymmetric,4,462,2,c,2,0,41792,16,73620,73620,,73701,73700,73718,73719,,,0,,,,0,,,,0,,73622,73697,16,5:15,73624,73699,16,5:15,73625,73700,16,5:15,73701,73716,16,1:15,,,,,,80,16,2,1
asymmetric,4,463,2,c,3,0,42048,16,73722,73722,,73803,73802,73820,73821,,,0,,,,0,,,,0,,73724,73799,16,5:15,73726,73801,16,5:15,73727,73802,16,5:15,73803,73818,16,1:15,,,,,,80,16,2,1
asymmetric,4,464,2,c,4,0,42304,16,73824,73824,,73905,73904,73922,73923,,,0,,,,0,,,,0,,73826,73901,16,5:15,73828,73903,16,5:15,73829,73904,16,5:15,73905,73920,16,1:15,,,,,,80,16,2,1
asymmetric,4,465,2,c,5,0,42560,16,73926,73926,,74007,74006,74024,74025,,,0,,,,0,,,,0,,73928,74003,16,5:15,73930,74005,16,5:15,73931,74006,16,5:15,74007,74022,16,1:15,,,,,,80,16,2,1
asymmetric,4,466,2,c,6,0,42816,16,74028,74028,,74109,74108,74126,74127,,,0,,,,0,,,,0,,74030,74105,16,5:15,74032,74107,16,5:15,74033,74108,16,5:15,74109,74124,16,1:15,,,,,,80,16,2,1
asymmetric,4,467,2,c,7,0,43072,16,74130,74130,,74211,74210,74228,74229,,,0,,,,0,,,,0,,74132,74207,16,5:15,74134,74209,16,5:15,74135,74210,16,5:15,74211,74226,16,1:15,,,,,,80,16,2,1
asymmetric,4,468,2,c,8,0,43328,16,74232,74232,,74313,74312,74330,74331,,,0,,,,0,,,,0,,74234,74309,16,5:15,74236,74311,16,5:15,74237,74312,16,5:15,74313,74328,16,1:15,,,,,,80,16,2,1
asymmetric,4,469,2,c,9,0,43584,16,74334,74334,,74415,74414,74432,74433,,,0,,,,0,,,,0,,74336,74411,16,5:15,74338,74413,16,5:15,74339,74414,16,5:15,74415,74430,16,1:15,,,,,,80,16,2,1
asymmetric,4,470,2,c,10,0,43840,16,74436,74436,,74517,74516,74534,74535,,,0,,,,0,,,,0,,74438,74513,16,5:15,74440,74515,16,5:15,74441,74516,16,5:15,74517,74532,16,1:15,,,,,,80,16,2,1
asymmetric,4,471,2,c,11,0,44096,16,74538,74538,,74619,74618,74636,74637,,,0,,,,0,,,,0,,74540,74615,16,5:15,74542,74617,16,5:15,74543,74618,16,5:15,74619,74634,16,1:15,,,,,,80,16,2,1
asymmetric,4,472,2,c,12,0,44352,16,74640,74640,,74721,74720,74738,74739,,,0,,,,0,,,,0,,74642,74717,16,5:15,74644,74719,16,5:15,74645,74720,16,5:15,74721,74736,16,1:15,,,,,,80,16,2,1
asymmetric,4,473,2,c,13,0,44608,16,74742,74742,,74823,74822,74840,74841,,,0,,,,0,,,,0,,74744,74819,16,5:15,74746,74821,16,5:15,74747,74822,16,5:15,74823,74838,16,1:15,,,,,,80,16,2,1
asymmetric,4,474,2,c,14,0,44864,16,74844,74844,,74925,74924,74942,74943,,,0,,,,0,,,,0,,74846,74921,16,5:15,74848,74923,16,5:15,74849,74924,16,5:15,74925,74940,16,1:15,,,,,,80,16,2,1
asymmetric,4,475,2,c,15,0,45120,16,74946,74946,,75027,75026,75044,75045,,,0,,,,0,,,,0,,74948,75023,16,5:15,74950,75025,16,5:15,74951,75026,16,5:15,75027,75042,16,1:15,,,,,,80,16,2,1
asymmetric,4,476,2,c,16,0,45376,16,75048,75048,,75129,75128,75146,75147,,,0,,,,0,,,,0,,75050,75125,16,5:15,75052,75127,16,5:15,75053,75128,16,5:15,75129,75144,16,1:15,,,,,,80,16,2,1
asymmetric,4,477,2,c,17,0,45632,16,75150,75150,,75231,75230,75248,75249,,,0,,,,0,,,,0,,75152,75227,16,5:15,75154,75229,16,5:15,75155,75230,16,5:15,75231,75246,16,1:15,,,,,,80,16,2,1
asymmetric,4,478,2,c,18,0,45888,16,75252,75252,,75333,75332,75350,75351,,,0,,,,0,,,,0,,75254,75329,16,5:15,75256,75331,16,5:15,75257,75332,16,5:15,75333,75348,16,1:15,,,,,,80,16,2,1
asymmetric,4,479,2,c,19,0,46144,16,75354,75354,,75435,75434,75452,75453,,,0,,,,0,,,,0,,75356,75431,16,5:15,75358,75433,16,5:15,75359,75434,16,5:15,75435,75450,16,1:15,,,,,,80,16,2,1
asymmetric,4,480,2,c,20,0,46400,16,75456,75456,,75537,75536,75554,75555,,,0,,,,0,,,,0,,75458,75533,16,5:15,75460,75535,16,5:15,75461,75536,16,5:15,75537,75552,16,1:15,,,,,,80,16,2,1
asymmetric,4,481,2,c,21,0,46656,16,75558,75558,,75639,75638,75656,75657,,,0,,,,0,,,,0,,75560,75635,16,5:15,75562,75637,16,5:15,75563,75638,16,5:15,75639,75654,16,1:15,,,,,,80,16,2,1
asymmetric,4,482,2,c,22,0,46912,16,75660,75660,,75741,75740,75758,75759,,,0,,,,0,,,,0,,75662,75737,16,5:15,75664,75739,16,5:15,75665,75740,16,5:15,75741,75756,16,1:15,,,,,,80,16,2,1
asymmetric,4,483,2,c,23,0,47168,16,75762,75762,,75843,75842,75860,75861,,,0,,,,0,,,,0,,75764,75839,16,5:15,75766,75841,16,5:15,75767,75842,16,5:15,75843,75858,16,1:15,,,,,,80,16,2,1
asymmetric,4,484,2,c,24,0,47424,16,75864,75864,,75945,75944,75962,75963,,,0,,,,0,,,,0,,75866,75941,16,5:15,75868,75943,16,5:15,75869,75944,16,5:15,75945,75960,16,1:15,,,,,,80,16,2,1
asymmetric,4,485,2,c,25,0,47680,16,75966,75966,,76047,76046,76064,76065,,,0,,,,0,,,,0,,75968,76043,16,5:15,75970,76045,16,5:15,75971,76046,16,5:15,76047,76062,16,1:15,,,,,,80,16,2,1
asymmetric,4,486,2,c,26,0,47936,16,76068,76068,,76149,76148,76166,76167,,,0,,,,0,,,,0,,76070,76145,16,5:15,76072,76147,16,5:15,76073,76148,16,5:15,76149,76164,16,1:15,,,,,,80,16,2,1
asymmetric,4,487,2,c,27,0,48192,16,76170,76170,,76251,76250,76268,76269,,,0,,,,0,,,,0,,76172,76247,16,5:15,76174,76249,16,5:15,76175,76250,16,5:15,76251,76266,16,1:15,,,,,,80,16,2,1
asymmetric,4,488,2,c,28,0,48448,16,76272,76272,,76353,76352,76370,76371,,,0,,,,0,,,,0,,76274,76349,16,5:15,76276,76351,16,5:15,76277,76352,16,5:15,76353,76368,16,1:15,,,,,,80,16,2,1
asymmetric,4,489,2,c,29,0,48704,16,76374,76374,,76455,76454,76472,76473,,,0,,,,0,,,,0,,76376,76451,16,5:15,76378,76453,16,5:15,76379,76454,16,5:15,76455,76470,16,1:15,,,,,,80,16,2,1
asymmetric,4,490,2,c,30,0,48960,16,76476,76476,,76557,76556,76574,76575,,,0,,,,0,,,,0,,76478,76553,16,5:15,76480,76555,16,5:15,76481,76556,16,5:15,76557,76572,16,1:15,,,,,,80,16,2,1
asymmetric,4,491,2,c,31,0,49216,16,76578,76578,,76659,76658,76676,76677,,,0,,,,0,,,,0,,76580,76655,16,5:15,76582,76657,16,5:15,76583,76658,16,5:15,76659,76674,16,1:15,,,,,,80,16,2,1
asymmetric,4,492,3,a,0,0,8256,16,76686,76686,76687,,,,76722,76689,76704,16,1:15,76705,76720,16,1:15,76706,76721,16,1:15,,,0,,,,0,,,,0,,,,0,,1,2,15,17,1,,,,
asymmetric,4,493,3,a,0,16,8384,16,76725,76725,76726,,,,76761,76728,76743,16,1:15,76744,76759,16,1:15,76745,76760,16,1:15,,,0,,,,0,,,,0,,,,0,,1,2,15,17,1,,,,
asymmetric,4,494,3,a,1,0,8512,16,76764,76764,76765,,,,76800,76767,76782,16,1:15,76783,76798,16,1:15,76784,76799,16,1:15,,,0,,,,0,,,,0,,,,0,,1,2,15,17,1,,,,
asymmetric,4,495,3,a,1,16,8640,16,76803,76803,76804,,,,76839,76806,76821,16,1:15,76822,76837,16,1:15,76823,76838,16,1:15,,,0,,,,0,,,,0,,,,0,,1,2,15,17,1,,,,
asymmetric,4,496,3,a,2,0,8768,16,76842,76842,76843,,,,76878,76845,76860,16,1:15,76861,76876,16,1:15,76862,76877,16,1:15,,,0,,,,0,,,,0,,,,0,,1,2,15,17,1,,,,
asymmetric,4,497,3,a,2,16,8896,16,76881,76881,76882,,,,76917,76884,76899,16,1:15,76900,76915,16,1:15,76901,76916,16,1:15,,,0,,,,0,,,,0,,,,0,,1,2,15,17,1,,,,
asymmetric,4,498,3,a,3,0,9024,16,76920,76920,76921,,,,76956,76923,76938,16,1:15,76939,76954,16,1:15,76940,76955,16,1:15,,,0,,,,0,,,,0,,,,0,,1,2,15,17,1,,,,
asymmetric,4,499,3,a,3,16,9152,16,76959,76959,76960,,,,76995,76962,76977,16,1:15,76978,76993,16,1:15,76979,76994,16,1:15,,,0,,,,0,,,,0,,,,0,,1,2,15,17,1,,,,
asymmetric,4,500,3,a,4,0,9280,16,76998,76998,76999,,,,77034,77001,77016,16,1:15,77017,77032,16,1:15,77018,77033,16,1:15,,,0,,,,0,,,,0,,,,0,,1,2,15,17,1,,,,
asymmetric,4,501,3,a,4,16,9408,16,77037,77037,77038,,,,77073,77040,77055,16,1:15,77056,77071,16,1:15,77057,77072,16,1:15,,,0,,,,0,,,,0,,,,0,,1,2,15,17,1,,,,
asymmetric,4,502,3,a,5,0,9536,16,77076,77076,77077,,,,77112,77079,77094,16,1:15,77095,77110,16,1:15,77096,77111,16,1:15,,,0,,,,0,,,,0,,,,0,,1,2,15,17,1,,,,
asymmetric,4,503,3,a,5,16,9664,16,77115,77115,77116,,,,77151,77118,77133,16,1:15,77134,77149,16,1:15,77135,77150,16,1:15,,,0,,,,0,,,,0,,,,0,,1,2,15,17,1,,,,
asymmetric,4,504,3,a,6,0,9792,16,77154,77154,77155,,,,77190,77157,77172,16,1:15,77173,77188,16,1:15,77174,77189,16,1:15,,,0,,,,0,,,,0,,,,0,,1,2,15,17,1,,,,
asymmetric,4,505,3,a,6,16,9920,16,77193,77193,77194,,,,77229,77196,77211,16,1:15,77212,77227,16,1:15,77213,77228,16,1:15,,,0,,,,0,,,,0,,,,0,,1,2,15,17,1,,,,
asymmetric,4,506,3,a,7,0,10048,16,77232,77232,77233,,,,77268,77235,77250,16,1:15,77251,77266,16,1:15,77252,77267,16,1:15,,,0,,,,0,,,,0,,,,0,,1,2,15,17,1,,,,
asymmetric,4,507,3,a,7,16,10176,16,77271,77271,77272,,,,77307,77274,77289,16,1:15,77290,77305,16,1:15,77291,77306,16,1:15,,,0,,,,0,,,,0,,,,0,,1,2,15,17,1,,,,
asymmetric,4,508,3,a,8,0,10304,16,77310,77310,77311,,,,77346,77313,77328,16,1:15,77329,77344,16,1:15,77330,77345,16,1:15,,,0,,,,0,,,,0,,,,0,,1,2,15,17,1,,,,
asymmetric,4,509,3,a,8,16,10432,16,77349,77349,77350,,,,77385,77352,77367,16,1:15,77368,77383,16,1:15,77369,77384,16,1:15,,,0,,,,0,,,,0,,,,0,,1,2,15,17,1,,,,
asymmetric,4,510,3,a,9,0,10560,16,77388,77388,77389,,,,77424,77391,77406,16,1:15,77407,77422,16,1:15,77408,77423,16,1:15,,,0,,,,0,,,,0,,,,0,,1,2,15,17,1,,,,
asymmetric,4,511,3,a,9,16,10688,16,77427,77427,77428,,,,77463,77430,77445,16,1:15,77446,77461,16,1:15,77447,77462,16,1:15,,,0,,,,0,,,,0,,,,0,,1,2,15,17,1,,,,
asymmetric,4,512,3,a,10,0,10816,16,77466,77466,77467,,,,77502,77469,77484,16,1:15,77485,77500,16,1:15,77486,77501,16,1:15,,,0,,,,0,,,,0,,,,0,,1,2,15,17,1,,,,
asymmetric,4,513,3,a,10,16,10944,16,77505,77505,77506,,,,77541,77508,77523,16,1:15,77524,77539,16,1:15,77525,77540,16,1:15,,,0,,,,0,,,,0,,,,0,,1,2,15,17,1,,,,
asymmetric,4,514,3,a,11,0,11072,16,77544,77544,77545,,,,77580,77547,77562,16,1:15,77563,77578,16,1:15,77564,77579,16,1:15,,,0,,,,0,,,,0,,,,0,,1,2,15,17,1,,,,
asymmetric,4,515,3,a,11,16,11200,16,77583,77583,77584,,,,77619,77586,77601,16,1:15,77602,77617,16,1:15,77603,77618,16,1:15,,,0,,,,0,,,,0,,,,0,,1,2,15,17,1,,,,
asymmetric,4,516,3,a,12,0,11328,16,77622,77622,77623,,,,77658,77625,77640,16,1:15,77641,77656,16,1:15,77642,77657,16,1:15,,,0,,,,0,,,,0,,,,0,,1,2,15,17,1,,,,
asymmetric,4,517,3,a,12,16,11456,16,77661,77661,77662,,,,77697,77664,77679,16,1:15,77680,77695,16,1:15,77681,77696,16,1:15,,,0,,,,0,,,,0,,,,0,,1,2,15,17,1,,,,
asymmetric,4,518,3,a,13,0,11584,16,77700,77700,77701,,,,77736,77703,77718,16,1:15,77719,77734,16,1:15,77720,77735,16,1:15,,,0,,,,0,,,,0,,,,0,,1,2,15,17,1,,,,
asymmetric,4,519,3,a,13,16,11712,16,77739,77739,77740,,,,77775,77742,77757,16,1:15,77758,77773,16,1:15,77759,77774,16,1:15,,,0,,,,0,,,,0,,,,0,,1,2,15,17,1,,,,
asymmetric,4,520,3,a,14,0,11840,16,77778,77778,77779,,,,77814,77781,77796,16,1:15,77797,77812,16,1:15,77798,77813,16,1:15,,,0,,,,0,,,,0,,,,0,,1,2,15,17,1,,,,
asymmetric,4,521,3,a,14,16,11968,16,77817,77817,77818,,,,77853,77820,77835,16,1:15,77836,77851,16,1:15,77837,77852,16,1:15,,,0,,,,0,,,,0,,,,0,,1,2,15,17,1,,,,
asymmetric,4,522,3,a,15,0,12096,16,77856,77856,77857,,,,77892,77859,77874,16,1:15,77875,77890,16,1:15,77876,77891,16,1:15,,,0,,,,0,,,,0,,,,0,,1,2,15,17,1,,,,
asymmetric,4,523,3,a,15,16,12224,8,77895,77895,77896,,,,77915,77898,77905,8,1:7,77906,77913,8,1:7,77907,77914,8,1:7,,,0,,,,0,,,,0,,,,0,,1,2,7,9,1,,,,
asymmetric,4,524,3,a,15,24,12288,8,77918,77918,77919,,,,77938,77921,77928,8,1:7,77929,77936,8,1:7,77930,77937,8,1:7,,,0,,,,0,,,,0,,,,0,,1,2,7,9,1,,,,
asymmetric,4,525,3,a,16,0,12352,16,77941,77941,77942,,,,77977,77944,77959,16,1:15,77960,77975,16,1:15,77961,77976,16,1:15,,,0,,,,0,,,,0,,,,0,,1,2,15,17,1,,,,
asymmetric,4,526,3,a,16,16,12480,16,77980,77980,77981,,,,78016,77983,77998,16,1:15,77999,78014,16,1:15,78000,78015,16,1:15,,,0,,,,0,,,,0,,,,0,,1,2,15,17,1,,,,
asymmetric,4,527,3,a,17,0,12608,16,78019,78019,78020,,,,78055,78022,78037,16,1:15,78038,78053,16,1:15,78039,78054,16,1:15,,,0,,,,0,,,,0,,,,0,,1,2,15,17,1,,,,
asymmetric,4,528,3,a,17,16,12736,16,78058,78058,78059,,,,78094,78061,78076,16,1:15,78077,78092,16,1:15,78078,78093,16,1:15,,,0,,,,0,,,,0,,,,0,,1,2,15,17,1,,,,
asymmetric,4,529,3,a,18,0,12864,16,78097,78097,78098,,,,78133,78100,78115,16,1:15,78116,78131,16,1:15,78117,78132,16,1:15,,,0,,,,0,,,,0,,,,0,,1,2,15,17,1,,,,
asymmetric,4,530,3,a,18,16,12992,16,78136,78136,78137,,,,78172,78139,78154,16,1:15,78155,78170,16,1:15,78156,78171,16,1:15,,,0,,,,0,,,,0,,,,0,,1,2,15,17,1,,,,
asymmetric,4,531,3,a,19,0,13120,16,78175,78175,78176,,,,78211,78178,78193,16,1:15,78194,78209,16,1:15,78195,78210,16,1:15,,,0,,,,0,,,,0,,,,0,,1,2,15,17,1,,,,
asymmetric,4,532,3,a,19,16,13248,16,78214,78214,78215,,,,78250,78217,78232,16,1:15,78233,78248,16,1:15,78234,78249,16,1:15,,,0,,,,0,,,,0,,,,0,,1,2,15,17,1,,,,
asymmetric,4,533,3,a,20,0,13376,16,78253,78253,78254,,,,78289,78256,78271,16,1:15,78272,78287,16,1:15,78273,78288,16,1:15,,,0,,,,0,,,,0,,,,0,,1,2,15,17,1,,,,
asymmetric,4,534,3,a,20,16,13504,16,78292,78292,78293,,,,78328,78295,78310,16,1:15,78311,78326,16,1:15,78312,78327,16,1:15,,,0,,,,0,,,,0,,,,0,,1,2,15,17,1,,,,
asymmetric,4,535,3,a,21,0,13632,16,78331,78331,78332,,,,78367,78334,78349,16,1:15,78350,78365,16,1:15,78351,78366,16,1:15,,,0,,,,0,,,,0,,,,0,,1,2,15,17,1,,,,
asymmetric,4,536,3,a,21,16,13760,16,78370,78370,78371,,,,78406,78373,78388,16,1:15,78389,78404,16,1:15,78390,78405,16,1:15,,,0,,,,0,,,,0,,,,0,,1,2,15,17,1,,,,
asymmetric,4,537,3,a,22,0,13888,16,78409,78409,78410,,,,78445,78412,78427,16,1:15,78428,78443,16,1:15,78429,78444,16,1:15,,,0,,,,0,,,,0,,,,0,,1,2,15,17,1,,,,
asymmetric,4,538,3,a,22,16,14016,16,78448,78448,78449,,,,78484,78451,78466,16,1:15,78467,78482,16,1:15,78468,78483,16,1:15,,,0,,,,0,,,,0,,,,0,,1,2,15,17,1,,,,
asymmetric,4,539,3,a,23,0,14144,16,78487,78487,78488,,,,78523,78490,78505,16,1:15,78506,78521,16,1:15,78507,78522,16,1:15,,,0,,,,0,,,,0,,,,0,,1,2,15,17,1,,,,
asymmetric,4,540,3,a,23,16,14272,16,78526,78526,78527,,,,78562,78529,78544,16,1:15,78545,78560,16,1:15,78546,78561,16,1:15,,,0,,,,0,,,,0,,,,0,,1,2,15,17,1,,,,
asymmetric,4,541,3,a,24,0,14400,16,78565,78565,78566,,,,78601,78568,78583,16,1:15,78584,78599,16,1:15,78585,78600,16,1:15,,,0,,,,0,,,,0,,,,0,,1,2,15,17,1,,,,
asymmetric,4,542,3,a,24,16,14528,16,78604,78604,78605,,,,78640,78607,78622,16,1:15,78623,78638,16,1:15,78624,78639,16,1:15,,,0,,,,0,,,,0,,,,0,,1,2,15,17,1,,,,
asymmetric,4,543,3,a,25,0,14656,16,78643,78643,78644,,,,78679,78646,78661,16,1:15,78662,78677,16,1:15,78663,78678,16,1:15,,,0,,,,0,,,,0,,,,0,,1,2,15,17,1,,,,
asymmetric,4,544,3,a,25,16,14784,16,78682,78682,78683,,,,78718,78685,78700,16,1:15,78701,78716,16,1:15,78702,78717,16,1:15,,,0,,,,0,,,,0,,,,0,,1,2,15,17,1,,,,
asymmetric,4,545,3,a,26,0,14912,16,78721,78721,78722,,,,78757,78724,78739,16,1:15,78740,78755,16,1:15,78741,78756,16,1:15,,,0,,,,0,,,,0,,,,0,,1,2,15,17,1,,,,
asymmetric,4,546,3,a,26,16,15040,16,78760,78760,78761,,,,78796,78763,78778,16,1:15,78779,78794,16,1:15,78780,78795,16,1:15,,,0,,,,0,,,,0,,,,0,,1,2,15,17,1,,,,
asymmetric,4,547,3,a,27,0,15168,16,78799,78799,78800,,,,78835,78802,78817,16,1:15,78818,78833,16,1:15,78819,78834,16,1:15,,,0,,,,0,,,,0,,,,0,,1,2,15,17,1,,,,
asymmetric,4,548,3,a,27,16,15296,16,78838,78838,78839,,,,78874,78841,78856,16,1:15,78857,78872,16,1:15,78858,78873,16,1:15,,,0,,,,0,,,,0,,,,0,,1,2,15,17,1,,,,
asymmetric,4,549,3,a,28,0,15424,16,78877,78877,78878,,,,78913,78880,78895,16,1:15,78896,78911,16,1:15,78897,78912,16,1:15,,,0,,,,0,,,,0,,,,0,,1,2,15,17,1,,,,
asymmetric,4,550,3,a,28,16,15552,16,78916,78916,78917,,,,78952,78919,78934,16,1:15,78935,78950,16,1:15,78936,78951,16,1:15,,,0,,,,0,,,,0,,,,0,,1,2,15,17,1,,,,
asymmetric,4,551,3,a,29,0,15680,16,78955,78955,78956,,,,78991,78958,78973,16,1:15,78974,78989,16,1:15,78975,78990,16,1:15,,,0,,,,0,,,,0,,,,0,,1,2,15,17,1,,,,
asymmetric,4,552,3,a,29,16,15808,16,78994,78994,78995,,,,79030,78997,79012,16,1:15,79013,79028,16,1:15,79014,79029,16,1:15,,,0,,,,0,,,,0,,,,0,,1,2,15,17,1,,,,
asymmetric,4,553,3,a,30,0,15936,16,79033,79033,79034,,,,79069,79036,79051,16,1:15,79052,79067,16,1:15,79053,79068,16,1:15,,,0,,,,0,,,,0,,,,0,,1,2,15,17,1,,,,
asymmetric,4,554,3,a,30,16,16064,16,79072,79072,79073,,,,79108,79075,79090,16,1:15,79091,79106,16,1:15,79092,79107,16,1:15,,,0,,,,0,,,,0,,,,0,,1,2,15,17,1,,,,
asymmetric,4,555,3,a,31,0,16192,16,79111,79111,79112,,,,79147,79114,79129,16,1:15,79130,79145,16,1:15,79131,79146,16,1:15,,,0,,,,0,,,,0,,,,0,,1,2,15,17,1,,,,
asymmetric,4,556,3,a,31,16,16320,8,79150,79150,79151,,,,79170,79153,79160,8,1:7,79161,79168,8,1:7,79162,79169,8,1:7,,,0,,,,0,,,,0,,,,0,,1,2,7,9,1,,,,
asymmetric,4,557,3,a,31,24,16384,8,79173,79173,79174,,,,79193,79176,79183,8,1:7,79184,79191,8,1:7,79185,79192,8,1:7,,,0,,,,0,,,,0,,,,0,,1,2,7,9,1,,,,
asymmetric,4,558,3,bt,0,0,25024,16,79201,79201,79202,,,,79237,79204,79219,16,1:15,79220,79235,16,1:15,79221,79236,16,1:15,,,0,,,,0,,,,0,,,,0,,1,2,15,17,1,,,,
asymmetric,4,559,3,bt,0,16,25152,16,79240,79240,79241,,,,79276,79243,79258,16,1:15,79259,79274,16,1:15,79260,79275,16,1:15,,,0,,,,0,,,,0,,,,0,,1,2,15,17,1,,,,
asymmetric,4,560,3,bt,1,0,25280,16,79279,79279,79280,,,,79315,79282,79297,16,1:15,79298,79313,16,1:15,79299,79314,16,1:15,,,0,,,,0,,,,0,,,,0,,1,2,15,17,1,,,,
asymmetric,4,561,3,bt,1,16,25408,16,79318,79318,79319,,,,79354,79321,79336,16,1:15,79337,79352,16,1:15,79338,79353,16,1:15,,,0,,,,0,,,,0,,,,0,,1,2,15,17,1,,,,
asymmetric,4,562,3,bt,2,0,25536,16,79357,79357,79358,,,,79393,79360,79375,16,1:15,79376,79391,16,1:15,79377,79392,16,1:15,,,0,,,,0,,,,0,,,,0,,1,2,15,17,1,,,,
asymmetric,4,563,3,bt,2,16,25664,16,79396,79396,79397,,,,79432,79399,79414,16,1:15,79415,79430,16,1:15,79416,79431,16,1:15,,,0,,,,0,,,,0,,,,0,,1,2,15,17,1,,,,
asymmetric,4,564,3,bt,3,0,25792,16,79435,79435,79436,,,,79471,79438,79453,16,1:15,79454,79469,16,1:15,79455,79470,16,1:15,,,0,,,,0,,,,0,,,,0,,1,2,15,17,1,,,,
asymmetric,4,565,3,bt,3,16,25920,16,79474,79474,79475,,,,79510,79477,79492,16,1:15,79493,79508,16,1:15,79494,79509,16,1:15,,,0,,,,0,,,,0,,,,0,,1,2,15,17,1,,,,
asymmetric,4,566,3,bt,4,0,26048,16,79513,79513,79514,,,,79549,79516,79531,16,1:15,79532,79547,16,1:15,79533,79548,16,1:15,,,0,,,,0,,,,0,,,,0,,1,2,15,17,1,,,,
asymmetric,4,567,3,bt,4,16,26176,16,79552,79552,79553,,,,79588,79555,79570,16,1:15,79571,79586,16,1:15,79572,79587,16,1:15,,,0,,,,0,,,,0,,,,0,,1,2,15,17,1,,,,
asymmetric,4,568,3,bt,5,0,26304,16,79591,79591,79592,,,,79627,79594,79609,16,1:15,79610,79625,16,1:15,79611,79626,16,1:15,,,0,,,,0,,,,0,,,,0,,1,2,15,17,1,,,,
asymmetric,4,569,3,bt,5,16,26432,16,79630,79630,79631,,,,79666,79633,79648,16,1:15,79649,79664,16,1:15,79650,79665,16,1:15,,,0,,,,0,,,,0,,,,0,,1,2,15,17,1,,,,
asymmetric,4,570,3,bt,6,0,26560,16,79669,79669,79670,,,,79705,79672,79687,16,1:15,79688,79703,16,1:15,79689,79704,16,1:15,,,0,,,,0,,,,0,,,,0,,1,2,15,17,1,,,,
asymmetric,4,571,3,bt,6,16,26688,16,79708,79708,79709,,,,79744,79711,79726,16,1:15,79727,79742,16,1:15,79728,79743,16,1:15,,,0,,,,0,,,,0,,,,0,,1,2,15,17,1,,,,
asymmetric,4,572,3,bt,7,0,26816,16,79747,79747,79748,,,,79783,79750,79765,16,1:15,79766,79781,16,1:15,79767,79782,16,1:15,,,0,,,,0,,,,0,,,,0,,1,2,15,17,1,,,,
asymmetric,4,573,3,bt,7,16,26944,16,79786,79786,79787,,,,79822,79789,79804,16,1:15,79805,79820,16,1:15,79806,79821,16,1:15,,,0,,,,0,,,,0,,,,0,,1,2,15,17,1,,,,
asymmetric,4,574,3,bt,8,0,27072,16,79825,79825,79826,,,,79861,79828,79843,16,1:15,79844,79859,16,1:15,79845,79860,16,1:15,,,0,,,,0,,,,0,,,,0,,1,2,15,17,1,,,,
asymmetric,4,575,3,bt,8,16,27200,16,79864,79864,79865,,,,79900,79867,79882,16,1:15,79883,79898,16,1:15,79884,79899,16,1:15,,,0,,,,0,,,,0,,,,0,,1,2,15,17,1,,,,
asymmetric,4,576,3,bt,9,0,27328,16,79903,79903,79904,,,,79939,79906,79921,16,1:15,79922,79937,16,1:15,79923,79938,16,1:15,,,0,,,,0,,,,0,,,,0,,1,2,15,17,1,,,,
asymmetric,4,577,3,bt,9,16,27456,16,79942,79942,79943,,,,79978,79945,79960,16,1:15,79961,79976,16,1:15,79962,79977,16,1:15,,,0,,,,0,,,,0,,,,0,,1,2,15,17,1,,,,
asymmetric,4,578,3,bt,10,0,27584,16,79981,79981,79982,,,,80017,79984,79999,16,1:15,80000,80015,16,1:15,80001,80016,16,1:15,,,0,,,,0,,,,0,,,,0,,1,2,15,17,1,,,,
asymmetric,4,579,3,bt,10,16,27712,16,80020,80020,80021,,,,80056,80023,80038,16,1:15,80039,80054,16,1:15,80040,80055,16,1:15,,,0,,,,0,,,,0,,,,0,,1,2,15,17,1,,,,
asymmetric,4,580,3,bt,11,0,27840,16,80059,80059,80060,,,,80095,80062,80077,16,1:15,80078,80093,16,1:15,80079,80094,16,1:15,,,0,,,,0,,,,0,,,,0,,1,2,15,17,1,,,,
asymmetric,4,581,3,bt,11,16,27968,16,80098,80098,80099,,,,80134,80101,80116,16,1:15,80117,80132,16,1:15,80118,80133,16,1:15,,,0,,,,0,,,,0,,,,0,,1,2,15,17,1,,,,
asymmetric,4,582,3,bt,12,0,28096,16,80137,80137,80138,,,,80173,80140,80155,16,1:15,80156,80171,16,1:15,80157,80172,16,1:15,,,0,,,,0,,,,0,,,,0,,1,2,15,17,1,,,,
asymmetric,4,583,3,bt,12,16,28224,16,80176,80176,80177,,,,80212,80179,80194,16,1:15,80195,80210,16,1:15,80196,80211,16,1:15,,,0,,,,0,,,,0,,,,0,,1,2,15,17,1,,,,
asymmetric,4,584,3,bt,13,0,28352,16,80215,80215,80216,,,,80251,80218,80233,16,1:15,80234,80249,16,1:15,80235,80250,16,1:15,,,0,,,,0,,,,0,,,,0,,1,2,15,17,1,,,,
asymmetric,4,585,3,bt,13,16,28480,16,80254,80254,80255,,,,80290,80257,80272,16,1:15,80273,80288,16,1:15,80274,80289,16,1:15,,,0,,,,0,,,,0,,,,0,,1,2,15,17,1,,,,
asymmetric,4,586,3,bt,14,0,28608,8,80293,80293,80294,,,,80313,80296,80303,8,1:7,80304,80311,8,1:7,80305,80312,8,1:7,,,0,,,,0,,,,0,,,,0,,1,2,7,9,1,,,,
asymmetric,4,587,3,bt,14,8,28672,16,80316,80316,80317,,,,80352,80319,80334,16,1:15,80335,80350,16,1:15,80336,80351,16,1:15,,,0,,,,0,,,,0,,,,0,,1,2,15,17,1,,,,
asymmetric,4,588,3,bt,14,24,28800,8,80355,80355,80356,,,,80375,80358,80365,8,1:7,80366,80373,8,1:7,80367,80374,8,1:7,,,0,,,,0,,,,0,,,,0,,1,2,7,9,1,,,,
asymmetric,4,589,3,bt,15,0,28864,16,80378,80378,80379,,,,80414,80381,80396,16,1:15,80397,80412,16,1:15,80398,80413,16,1:15,,,0,,,,0,,,,0,,,,0,,1,2,15,17,1,,,,
asymmetric,4,590,3,bt,15,16,28992,16,80417,80417,80418,,,,80453,80420,80435,16,1:15,80436,80451,16,1:15,80437,80452,16,1:15,,,0,,,,0,,,,0,,,,0,,1,2,15,17,1,,,,
asymmetric,4,591,3,bt,16,0,29120,16,80456,80456,80457,,,,80492,80459,80474,16,1:15,80475,80490,16,1:15,80476,80491,16,1:15,,,0,,,,0,,,,0,,,,0,,1,2,15,17,1,,,,
asymmetric,4,592,3,bt,16,16,29248,16,80495,80495,80496,,,,80531,80498,80513,16,1:15,80514,80529,16,1:15,80515,80530,16,1:15,,,0,,,,0,,,,0,,,,0,,1,2,15,17,1,,,,
asymmetric,4,593,3,bt,17,0,29376,16,80534,80534,80535,,,,80570,80537,80552,16,1:15,80553,80568,16,1:15,80554,80569,16,1:15,,,0,,,,0,,,,0,,,,0,,1,2,15,17,1,,,,
asymmetric,4,594,3,bt,17,16,29504,16,80573,80573,80574,,,,80609,80576,80591,16,1:15,80592,80607,16,1:15,80593,80608,16,1:15,,,0,,,,0,,,,0,,,,0,,1,2,15,17,1,,,,
asymmetric,4,595,3,bt,18,0,29632,16,80612,80612,80613,,,,80648,80615,80630,16,1:15,80631,80646,16,1:15,80632,80647,16,1:15,,,0,,,,0,,,,0,,,,0,,1,2,15,17,1,,,,
asymmetric,4,596,3,bt,18,16,29760,16,80651,80651,80652,,,,80687,80654,80669,16,1:15,80670,80685,16,1:15,80671,80686,16,1:15,,,0,,,,0,,,,0,,,,0,,1,2,15,17,1,,,,
asymmetric,4,597,3,bt,19,0,29888,16,80690,80690,80691,,,,80726,80693,80708,16,1:15,80709,80724,16,1:15,80710,80725,16,1:15,,,0,,,,0,,,,0,,,,0,,1,2,15,17,1,,,,
asymmetric,4,598,3,bt,19,16,30016,16,80729,80729,80730,,,,80765,80732,80747,16,1:15,80748,80763,16,1:15,80749,80764,16,1:15,,,0,,,,0,,,,0,,,,0,,1,2,15,17,1,,,,
asymmetric,4,599,3,bt,20,0,30144,16,80768,80768,80769,,,,80804,80771,80786,16,1:15,80787,80802,16,1:15,80788,80803,16,1:15,,,0,,,,0,,,,0,,,,0,,1,2,15,17,1,,,,
asymmetric,4,600,3,bt,20,16,30272,16,80807,80807,80808,,,,80843,80810,80825,16,1:15,80826,80841,16,1:15,80827,80842,16,1:15,,,0,,,,0,,,,0,,,,0,,1,2,15,17,1,,,,
asymmetric,4,601,3,bt,21,0,30400,16,80846,80846,80847,,,,80882,80849,80864,16,1:15,80865,80880,16,1:15,80866,80881,16,1:15,,,0,,,,0,,,,0,,,,0,,1,2,15,17,1,,,,
asymmetric,4,602,3,bt,21,16,30528,16,80885,80885,80886,,,,80921,80888,80903,16,1:15,80904,80919,16,1:15,80905,80920,16,1:15,,,0,,,,0,,,,0,,,,0,,1,2,15,17,1,,,,
asymmetric,4,603,3,bt,22,0,30656,16,80924,80924,80925,,,,80960,80927,80942,16,1:15,80943,80958,16,1:15,80944,80959,16,1:15,,,0,,,,0,,,,0,,,,0,,1,2,15,17,1,,,,
asymmetric,4,604,3,bt,22,16,30784,16,80963,80963,80964,,,,80999,80966,80981,16,1:15,80982,80997,16,1:15,80983,80998,16,1:15,,,0,,,,0,,,,0,,,,0,,1,2,15,17,1,,,,
asymmetric,4,605,3,bt,23,0,30912,16,81002,81002,81003,,,,81038,81005,81020,16,1:15,81021,81036,16,1:15,81022,81037,16,1:15,,,0,,,,0,,,,0,,,,0,,1,2,15,17,1,,,,
asymmetric,4,606,3,bt,23,16,31040,16,81041,81041,81042,,,,81077,81044,81059,16,1:15,81060,81075,16,1:15,81061,81076,16,1:15,,,0,,,,0,,,,0,,,,0,,1,2,15,17,1,,,,
asymmetric,4,607,3,bt,24,0,31168,16,81080,81080,81081,,,,81116,81083,81098,16,1:15,81099,81114,16,1:15,81100,81115,16,1:15,,,0,,,,0,,,,0,,,,0,,1,2,15,17,1,,,,
asymmetric,4,608,3,bt,24,16,31296,16,81119,81119,81120,,,,81155,81122,81137,16,1:15,81138,81153,16,1:15,81139,81154,16,1:15,,,0,,,,0,,,,0,,,,0,,1,2,15,17,1,,,,
asymmetric,4,609,3,bt,25,0,31424,16,81158,81158,81159,,,,81194,81161,81176,16,1:15,81177,81192,16,1:15,81178,81193,16,1:15,,,0,,,,0,,,,0,,,,0,,1,2,15,17,1,,,,
asymmetric,4,610,3,bt,25,16,31552,16,81197,81197,81198,,,,81233,81200,81215,16,1:15,81216,81231,16,1:15,81217,81232,16,1:15,,,0,,,,0,,,,0,,,,0,,1,2,15,17,1,,,,
asymmetric,4,611,3,bt,26,0,31680,16,81236,81236,81237,,,,81272,81239,81254,16,1:15,81255,81270,16,1:15,81256,81271,16,1:15,,,0,,,,0,,,,0,,,,0,,1,2,15,17,1,,,,
asymmetric,4,612,3,bt,26,16,31808,16,81275,81275,81276,,,,81311,81278,81293,16,1:15,81294,81309,16,1:15,81295,81310,16,1:15,,,0,,,,0,,,,0,,,,0,,1,2,15,17,1,,,,
asymmetric,4,613,3,bt,27,0,31936,16,81314,81314,81315,,,,81350,81317,81332,16,1:15,81333,81348,16,1:15,81334,81349,16,1:15,,,0,,,,0,,,,0,,,,0,,1,2,15,17,1,,,,
asymmetric,4,614,3,bt,27,16,32064,16,81353,81353,81354,,,,81389,81356,81371,16,1:15,81372,81387,16,1:15,81373,81388,16,1:15,,,0,,,,0,,,,0,,,,0,,1,2,15,17,1,,,,
asymmetric,4,615,3,bt,28,0,32192,16,81392,81392,81393,,,,81428,81395,81410,16,1:15,81411,81426,16,1:15,81412,81427,16,1:15,,,0,,,,0,,,,0,,,,0,,1,2,15,17,1,,,,
asymmetric,4,616,3,bt,28,16,32320,16,81431,81431,81432,,,,81467,81434,81449,16,1:15,81450,81465,16,1:15,81451,81466,16,1:15,,,0,,,,0,,,,0,,,,0,,1,2,15,17,1,,,,
asymmetric,4,617,3,bt,29,0,32448,16,81470,81470,81471,,,,81506,81473,81488,16,1:15,81489,81504,16,1:15,81490,81505,16,1:15,,,0,,,,0,,,,0,,,,0,,1,2,15,17,1,,,,
asymmetric,4,618,3,bt,29,16,32576,16,81509,81509,81510,,,,81545,81512,81527,16,1:15,81528,81543,16,1:15,81529,81544,16,1:15,,,0,,,,0,,,,0,,,,0,,1,2,15,17,1,,,,
asymmetric,4,619,3,bt,30,0,32704,8,81548,81548,81549,,,,81568,81551,81558,8,1:7,81559,81566,8,1:7,81560,81567,8,1:7,,,0,,,,0,,,,0,,,,0,,1,2,7,9,1,,,,
asymmetric,4,620,3,bt,30,8,32768,16,81571,81571,81572,,,,81607,81574,81589,16,1:15,81590,81605,16,1:15,81591,81606,16,1:15,,,0,,,,0,,,,0,,,,0,,1,2,15,17,1,,,,
asymmetric,4,621,3,bt,30,24,32896,8,81610,81610,81611,,,,81630,81613,81620,8,1:7,81621,81628,8,1:7,81622,81629,8,1:7,,,0,,,,0,,,,0,,,,0,,1,2,7,9,1,,,,
asymmetric,4,622,3,c,0,0,41408,16,98920,98920,,99001,99000,99018,99019,,,0,,,,0,,,,0,,98922,98997,16,5:15,98924,98999,16,5:15,98925,99000,16,5:15,99001,99016,16,1:15,,,,,,80,16,2,1
asymmetric,4,623,3,c,1,0,41664,16,99022,99022,,99103,99102,99120,99121,,,0,,,,0,,,,0,,99024,99099,16,5:15,99026,99101,16,5:15,99027,99102,16,5:15,99103,99118,16,1:15,,,,,,80,16,2,1
asymmetric,4,624,3,c,2,0,41920,16,99124,99124,,99205,99204,99222,99223,,,0,,,,0,,,,0,,99126,99201,16,5:15,99128,99203,16,5:15,99129,99204,16,5:15,99205,99220,16,1:15,,,,,,80,16,2,1
asymmetric,4,625,3,c,3,0,42176,16,99226,99226,,99307,99306,99324,99325,,,0,,,,0,,,,0,,99228,99303,16,5:15,99230,99305,16,5:15,99231,99306,16,5:15,99307,99322,16,1:15,,,,,,80,16,2,1
asymmetric,4,626,3,c,4,0,42432,16,99328,99328,,99409,99408,99426,99427,,,0,,,,0,,,,0,,99330,99405,16,5:15,99332,99407,16,5:15,99333,99408,16,5:15,99409,99424,16,1:15,,,,,,80,16,2,1
asymmetric,4,627,3,c,5,0,42688,16,99430,99430,,99511,99510,99528,99529,,,0,,,,0,,,,0,,99432,99507,16,5:15,99434,99509,16,5:15,99435,99510,16,5:15,99511,99526,16,1:15,,,,,,80,16,2,1
asymmetric,4,628,3,c,6,0,42944,16,99532,99532,,99613,99612,99630,99631,,,0,,,,0,,,,0,,99534,99609,16,5:15,99536,99611,16,5:15,99537,99612,16,5:15,99613,99628,16,1:15,,,,,,80,16,2,1
asymmetric,4,629,3,c,7,0,43200,16,99634,99634,,99715,99714,99732,99733,,,0,,,,0,,,,0,,99636,99711,16,5:15,99638,99713,16,5:15,99639,99714,16,5:15,99715,99730,16,1:15,,,,,,80,16,2,1
asymmetric,4,630,3,c,8,0,43456,16,99736,99736,,99817,99816,99834,99835,,,0,,,,0,,,,0,,99738,99813,16,5:15,99740,99815,16,5:15,99741,99816,16,5:15,99817,99832,16,1:15,,,,,,80,16,2,1
asymmetric,4,631,3,c,9,0,43712,16,99838,99838,,99919,99918,99936,99937,,,0,,,,0,,,,0,,99840,99915,16,5:15,99842,99917,16,5:15,99843,99918,16,5:15,99919,99934,16,1:15,,,,,,80,16,2,1
asymmetric,4,632,3,c,10,0,43968,16,99940,99940,,100021,100020,100038,100039,,,0,,,,0,,,,0,,99942,100017,16,5:15,99944,100019,16,5:15,99945,100020,16,5:15,100021,100036,16,1:15,,,,,,80,16,2,1
asymmetric,4,633,3,c,11,0,44224,16,100042,100042,,100123,100122,100140,100141,,,0,,,,0,,,,0,,100044,100119,16,5:15,100046,100121,16,5:15,100047,100122,16,5:15,100123,100138,16,1:15,,,,,,80,16,2,1
asymmetric,4,634,3,c,12,0,44480,16,100144,100144,,100225,100224,100242,100243,,,0,,,,0,,,,0,,100146,100221,16,5:15,100148,100223,16,5:15,100149,100224,16,5:15,100225,100240,16,1:15,,,,,,80,16,2,1
asymmetric,4,635,3,c,13,0,44736,16,100246,100246,,100327,100326,100344,100345,,,0,,,,0,,,,0,,100248,100323,16,5:15,100250,100325,16,5:15,100251,100326,16,5:15,100327,100342,16,1:15,,,,,,80,16,2,1
asymmetric,4,636,3,c,14,0,44992,8,100348,100348,,100389,100388,100398,100399,,,0,,,,0,,,,0,,100350,100385,8,5:7,100352,100387,8,5:7,100353,100388,8,5:7,100389,100396,8,1:7,,,,,,40,8,2,1
asymmetric,4,637,3,c,14,8,45056,8,100402,100402,,100443,100442,100452,100453,,,0,,,,0,,,,0,,100404,100439,8,5:7,100406,100441,8,5:7,100407,100442,8,5:7,100443,100450,8,1:7,,,,,,40,8,2,1
asymmetric,4,638,3,c,15,0,45248,16,100456,100456,,100537,100536,100554,100555,,,0,,,,0,,,,0,,100458,100533,16,5:15,100460,100535,16,5:15,100461,100536,16,5:15,100537,100552,16,1:15,,,,,,80,16,2,1
asymmetric,4,639,3,c,16,0,45504,16,100558,100558,,100639,100638,100656,100657,,,0,,,,0,,,,0,,100560,100635,16,5:15,100562,100637,16,5:15,100563,100638,16,5:15,100639,100654,16,1:15,,,,,,80,16,2,1
asymmetric,4,640,3,c,17,0,45760,16,100660,100660,,100741,100740,100758,100759,,,0,,,,0,,,,0,,100662,100737,16,5:15,100664,100739,16,5:15,100665,100740,16,5:15,100741,100756,16,1:15,,,,,,80,16,2,1
asymmetric,4,641,3,c,18,0,46016,16,100762,100762,,100843,100842,100860,100861,,,0,,,,0,,,,0,,100764,100839,16,5:15,100766,100841,16,5:15,100767,100842,16,5:15,100843,100858,16,1:15,,,,,,80,16,2,1
asymmetric,4,642,3,c,19,0,46272,16,100864,100864,,100945,100944,100962,100963,,,0,,,,0,,,,0,,100866,100941,16,5:15,100868,100943,16,5:15,100869,100944,16,5:15,100945,100960,16,1:15,,,,,,80,16,2,1
asymmetric,4,643,3,c,20,0,46528,16,100966,100966,,101047,101046,101064,101065,,,0,,,,0,,,,0,,100968,101043,16,5:15,100970,101045,16,5:15,100971,101046,16,5:15,101047,101062,16,1:15,,,,,,80,16,2,1
asymmetric,4,644,3,c,21,0,46784,16,101068,101068,,101149,101148,101166,101167,,,0,,,,0,,,,0,,101070,101145,16,5:15,101072,101147,16,5:15,101073,101148,16,5:15,101149,101164,16,1:15,,,,,,80,16,2,1
asymmetric,4,645,3,c,22,0,47040,16,101170,101170,,101251,101250,101268,101269,,,0,,,,0,,,,0,,101172,101247,16,5:15,101174,101249,16,5:15,101175,101250,16,5:15,101251,101266,16,1:15,,,,,,80,16,2,1
asymmetric,4,646,3,c,23,0,47296,16,101272,101272,,101353,101352,101370,101371,,,0,,,,0,,,,0,,101274,101349,16,5:15,101276,101351,16,5:15,101277,101352,16,5:15,101353,101368,16,1:15,,,,,,80,16,2,1
asymmetric,4,647,3,c,24,0,47552,16,101374,101374,,101455,101454,101472,101473,,,0,,,,0,,,,0,,101376,101451,16,5:15,101378,101453,16,5:15,101379,101454,16,5:15,101455,101470,16,1:15,,,,,,80,16,2,1
asymmetric,4,648,3,c,25,0,47808,16,101476,101476,,101557,101556,101574,101575,,,0,,,,0,,,,0,,101478,101553,16,5:15,101480,101555,16,5:15,101481,101556,16,5:15,101557,101572,16,1:15,,,,,,80,16,2,1
asymmetric,4,649,3,c,26,0,48064,16,101578,101578,,101659,101658,101676,101677,,,0,,,,0,,,,0,,101580,101655,16,5:15,101582,101657,16,5:15,101583,101658,16,5:15,101659,101674,16,1:15,,,,,,80,16,2,1
asymmetric,4,650,3,c,27,0,48320,16,101680,101680,,101761,101760,101778,101779,,,0,,,,0,,,,0,,101682,101757,16,5:15,101684,101759,16,5:15,101685,101760,16,5:15,101761,101776,16,1:15,,,,,,80,16,2,1
asymmetric,4,651,3,c,28,0,48576,16,101782,101782,,101863,101862,101880,101881,,,0,,,,0,,,,0,,101784,101859,16,5:15,101786,101861,16,5:15,101787,101862,16,5:15,101863,101878,16,1:15,,,,,,80,16,2,1
asymmetric,4,652,3,c,29,0,48832,16,101884,101884,,101965,101964,101982,101983,,,0,,,,0,,,,0,,101886,101961,16,5:15,101888,101963,16,5:15,101889,101964,16,5:15,101965,101980,16,1:15,,,,,,80,16,2,1
asymmetric,4,653,3,c,30,0,49088,8,101986,101986,,102027,102026,102036,102037,,,0,,,,0,,,,0,,101988,102023,8,5:7,101990,102025,8,5:7,101991,102026,8,5:7,102027,102034,8,1:7,,,,,,40,8,2,1
asymmetric,4,654,3,c,30,8,49152,8,102040,102040,,102081,102080,102090,102091,,,0,,,,0,,,,0,,102042,102077,8,5:7,102044,102079,8,5:7,102045,102080,8,5:7,102081,102088,8,1:7,,,,,,40,8,2,1
asymmetric,4,655,3,c,31,0,49344,16,102094,102094,,102175,102174,102192,102193,,,0,,,,0,,,,0,,102096,102171,16,5:15,102098,102173,16,5:15,102099,102174,16,5:15,102175,102190,16,1:15,,,,,,80,16,2,1
asymmetric,4,656,4,a,0,0,16448,16,102202,102202,102203,,,,102238,102205,102220,16,1:15,102221,102236,16,1:15,102222,102237,16,1:15,,,0,,,,0,,,,0,,,,0,,1,2,15,17,1,,,,
asymmetric,4,657,4,a,0,16,16576,16,102241,102241,102242,,,,102277,102244,102259,16,1:15,102260,102275,16,1:15,102261,102276,16,1:15,,,0,,,,0,,,,0,,,,0,,1,2,15,17,1,,,,
asymmetric,4,658,4,bt,0,0,16832,16,102285,102285,102286,,,,102321,102288,102303,16,1:15,102304,102319,16,1:15,102305,102320,16,1:15,,,0,,,,0,,,,0,,,,0,,1,2,15,17,1,,,,
asymmetric,4,659,4,bt,0,16,16960,16,102324,102324,102325,,,,102360,102327,102342,16,1:15,102343,102358,16,1:15,102344,102359,16,1:15,,,0,,,,0,,,,0,,,,0,,1,2,15,17,1,,,,
asymmetric,4,660,4,bt,1,0,17088,16,102363,102363,102364,,,,102399,102366,102381,16,1:15,102382,102397,16,1:15,102383,102398,16,1:15,,,0,,,,0,,,,0,,,,0,,1,2,15,17,1,,,,
asymmetric,4,661,4,bt,1,16,17216,16,102402,102402,102403,,,,102438,102405,102420,16,1:15,102421,102436,16,1:15,102422,102437,16,1:15,,,0,,,,0,,,,0,,,,0,,1,2,15,17,1,,,,
asymmetric,4,662,4,bt,2,0,17344,16,102441,102441,102442,,,,102477,102444,102459,16,1:15,102460,102475,16,1:15,102461,102476,16,1:15,,,0,,,,0,,,,0,,,,0,,1,2,15,17,1,,,,
asymmetric,4,663,4,bt,2,16,17472,16,102480,102480,102481,,,,102516,102483,102498,16,1:15,102499,102514,16,1:15,102500,102515,16,1:15,,,0,,,,0,,,,0,,,,0,,1,2,15,17,1,,,,
asymmetric,4,664,4,bt,3,0,17600,16,102519,102519,102520,,,,102555,102522,102537,16,1:15,102538,102553,16,1:15,102539,102554,16,1:15,,,0,,,,0,,,,0,,,,0,,1,2,15,17,1,,,,
asymmetric,4,665,4,bt,3,16,17728,16,102558,102558,102559,,,,102594,102561,102576,16,1:15,102577,102592,16,1:15,102578,102593,16,1:15,,,0,,,,0,,,,0,,,,0,,1,2,15,17,1,,,,
asymmetric,4,666,4,bt,4,0,17856,16,102597,102597,102598,,,,102633,102600,102615,16,1:15,102616,102631,16,1:15,102617,102632,16,1:15,,,0,,,,0,,,,0,,,,0,,1,2,15,17,1,,,,
asymmetric,4,667,4,bt,4,16,17984,16,102636,102636,102637,,,,102672,102639,102654,16,1:15,102655,102670,16,1:15,102656,102671,16,1:15,,,0,,,,0,,,,0,,,,0,,1,2,15,17,1,,,,
asymmetric,4,668,4,bt,5,0,18112,16,102675,102675,102676,,,,102711,102678,102693,16,1:15,102694,102709,16,1:15,102695,102710,16,1:15,,,0,,,,0,,,,0,,,,0,,1,2,15,17,1,,,,
asymmetric,4,669,4,bt,5,16,18240,16,102714,102714,102715,,,,102750,102717,102732,16,1:15,102733,102748,16,1:15,102734,102749,16,1:15,,,0,,,,0,,,,0,,,,0,,1,2,15,17,1,,,,
asymmetric,4,670,4,bt,6,0,18368,16,102753,102753,102754,,,,102789,102756,102771,16,1:15,102772,102787,16,1:15,102773,102788,16,1:15,,,0,,,,0,,,,0,,,,0,,1,2,15,17,1,,,,
asymmetric,4,671,4,bt,6,16,18496,16,102792,102792,102793,,,,102828,102795,102810,16,1:15,102811,102826,16,1:15,102812,102827,16,1:15,,,0,,,,0,,,,0,,,,0,,1,2,15,17,1,,,,
asymmetric,4,672,4,bt,7,0,18624,16,102831,102831,102832,,,,102867,102834,102849,16,1:15,102850,102865,16,1:15,102851,102866,16,1:15,,,0,,,,0,,,,0,,,,0,,1,2,15,17,1,,,,
asymmetric,4,673,4,bt,7,16,18752,16,102870,102870,102871,,,,102906,102873,102888,16,1:15,102889,102904,16,1:15,102890,102905,16,1:15,,,0,,,,0,,,,0,,,,0,,1,2,15,17,1,,,,
asymmetric,4,674,4,bt,8,0,18880,16,102909,102909,102910,,,,102945,102912,102927,16,1:15,102928,102943,16,1:15,102929,102944,16,1:15,,,0,,,,0,,,,0,,,,0,,1,2,15,17,1,,,,
asymmetric,4,675,4,bt,8,16,19008,16,102948,102948,102949,,,,102984,102951,102966,16,1:15,102967,102982,16,1:15,102968,102983,16,1:15,,,0,,,,0,,,,0,,,,0,,1,2,15,17,1,,,,
asymmetric,4,676,4,bt,9,0,19136,16,102987,102987,102988,,,,103023,102990,103005,16,1:15,103006,103021,16,1:15,103007,103022,16,1:15,,,0,,,,0,,,,0,,,,0,,1,2,15,17,1,,,,
asymmetric,4,677,4,bt,9,16,19264,16,103026,103026,103027,,,,103062,103029,103044,16,1:15,103045,103060,16,1:15,103046,103061,16,1:15,,,0,,,,0,,,,0,,,,0,,1,2,15,17,1,,,,
asymmetric,4,678,4,bt,10,0,19392,16,103065,103065,103066,,,,103101,103068,103083,16,1:15,103084,103099,16,1:15,103085,103100,16,1:15,,,0,,,,0,,,,0,,,,0,,1,2,15,17,1,,,,
asymmetric,4,679,4,bt,10,16,19520,16,103104,103104,103105,,,,103140,103107,103122,16,1:15,103123,103138,16,1:15,103124,103139,16,1:15,,,0,,,,0,,,,0,,,,0,,1,2,15,17,1,,,,
asymmetric,4,680,4,bt,11,0,19648,16,103143,103143,103144,,,,103179,103146,103161,16,1:15,103162,103177,16,1:15,103163,103178,16,1:15,,,0,,,,0,,,,0,,,,0,,1,2,15,17,1,,,,
asymmetric,4,681,4,bt,11,16,19776,16,103182,103182,103183,,,,103218,103185,103200,16,1:15,103201,103216,16,1:15,103202,103217,16,1:15,,,0,,,,0,,,,0,,,,0,,1,2,15,17,1,,,,
asymmetric,4,682,4,bt,12,0,19904,16,103221,103221,103222,,,,103257,103224,103239,16,1:15,103240,103255,16,1:15,103241,103256,16,1:15,,,0,,,,0,,,,0,,,,0,,1,2,15,17,1,,,,
asymmetric,4,683,4,bt,12,16,20032,16,103260,103260,103261,,,,103296,103263,103278,16,1:15,103279,103294,16,1:15,103280,103295,16,1:15,,,0,,,,0,,,,0,,,,0,,1,2,15,17,1,,,,
asymmetric,4,684,4,bt,13,0,20160,16,103299,103299,103300,,,,103335,103302,103317,16,1:15,103318,103333,16,1:15,103319,103334,16,1:15,,,0,,,,0,,,,0,,,,0,,1,2,15,17,1,,,,
asymmetric,4,685,4,bt,13,16,20288,16,103338,103338,103339,,,,103374,103341,103356,16,1:15,103357,103372,16,1:15,103358,103373,16,1:15,,,0,,,,0,,,,0,,,,0,,1,2,15,17,1,,,,
asymmetric,4,686,4,bt,14,0,20416,8,103377,103377,103378,,,,103397,103380,103387,8,1:7,103388,103395,8,1:7,103389,103396,8,1:7,,,0,,,,0,,,,0,,,,0,,1,2,7,9,1,,,,
asymmetric,4,687,4,bt,14,8,20480,16,103400,103400,103401,,,,103436,103403,103418,16,1:15,103419,103434,16,1:15,103420,103435,16,1:15,,,0,,,,0,,,,0,,,,0,,1,2,15,17,1,,,,
asymmetric,4,688,4,bt,14,24,20608,8,103439,103439,103440,,,,103459,103442,103449,8,1:7,103450,103457,8,1:7,103451,103458,8,1:7,,,0,,,,0,,,,0,,,,0,,1,2,7,9,1,,,,
asymmetric,4,689,4,bt,15,0,20672,16,103462,103462,103463,,,,103498,103465,103480,16,1:15,103481,103496,16,1:15,103482,103497,16,1:15,,,0,,,,0,,,,0,,,,0,,1,2,15,17,1,,,,
asymmetric,4,690,4,bt,15,16,20800,16,103501,103501,103502,,,,103537,103504,103519,16,1:15,103520,103535,16,1:15,103521,103536,16,1:15,,,0,,,,0,,,,0,,,,0,,1,2,15,17,1,,,,
asymmetric,4,691,4,bt,16,0,20928,16,103540,103540,103541,,,,103576,103543,103558,16,1:15,103559,103574,16,1:15,103560,103575,16,1:15,,,0,,,,0,,,,0,,,,0,,1,2,15,17,1,,,,
asymmetric,4,692,4,bt,16,16,21056,16,103579,103579,103580,,,,103615,103582,103597,16,1:15,103598,103613,16,1:15,103599,103614,16,1:15,,,0,,,,0,,,,0,,,,0,,1,2,15,17,1,,,,
asymmetric,4,693,4,bt,17,0,21184,16,103618,103618,103619,,,,103654,103621,103636,16,1:15,103637,103652,16,1:15,103638,103653,16,1:15,,,0,,,,0,,,,0,,,,0,,1,2,15,17,1,,,,
asymmetric,4,694,4,bt,17,16,21312,16,103657,103657,103658,,,,103693,103660,103675,16,1:15,103676,103691,16,1:15,103677,103692,16,1:15,,,0,,,,0,,,,0,,,,0,,1,2,15,17,1,,,,
asymmetric,4,695,4,bt,18,0,21440,16,103696,103696,103697,,,,103732,103699,103714,16,1:15,103715,103730,16,1:15,103716,103731,16,1:15,,,0,,,,0,,,,0,,,,0,,1,2,15,17,1,,,,
asymmetric,4,696,4,bt,18,16,21568,16,103735,103735,103736,,,,103771,103738,103753,16,1:15,103754,103769,16,1:15,103755,103770,16,1:15,,,0,,,,0,,,,0,,,,0,,1,2,15,17,1,,,,
asymmetric,4,697,4,bt,19,0,21696,16,103774,103774,103775,,,,103810,103777,103792,16,1:15,103793,103808,16,1:15,103794,103809,16,1:15,,,0,,,,0,,,,0,,,,0,,1,2,15,17,1,,,,
asymmetric,4,698,4,bt,19,16,21824,16,103813,103813,103814,,,,103849,103816,103831,16,1:15,103832,103847,16,1:15,103833,103848,16,1:15,,,0,,,,0,,,,0,,,,0,,1,2,15,17,1,,,,
asymmetric,4,699,4,bt,20,0,21952,16,103852,103852,103853,,,,103888,103855,103870,16,1:15,103871,103886,16,1:15,103872,103887,16,1:15,,,0,,,,0,,,,0,,,,0,,1,2,15,17,1,,,,
asymmetric,4,700,4,bt,20,16,22080,16,103891,103891,103892,,,,103927,103894,103909,16,1:15,103910,103925,16,1:15,103911,103926,16,1:15,,,0,,,,0,,,,0,,,,0,,1,2,15,17,1,,,,
asymmetric,4,701,4,bt,21,0,22208,16,103930,103930,103931,,,,103966,103933,103948,16,1:15,103949,103964,16,1:15,103950,103965,16,1:15,,,0,,,,0,,,,0,,,,0,,1,2,15,17,1,,,,
asymmetric,4,702,4,bt,21,16,22336,16,103969,103969,103970,,,,104005,103972,103987,16,1:15,103988,104003,16,1:15,103989,104004,16,1:15,,,0,,,,0,,,,0,,,,0,,1,2,15,17,1,,,,
asymmetric,4,703,4,bt,22,0,22464,16,104008,104008,104009,,,,104044,104011,104026,16,1:15,104027,104042,16,1:15,104028,104043,16,1:15,,,0,,,,0,,,,0,,,,0,,1,2,15,17,1,,,,
asymmetric,4,704,4,bt,22,16,22592,16,104047,104047,104048,,,,104083,104050,104065,16,1:15,104066,104081,16,1:15,104067,104082,16,1:15,,,0,,,,0,,,,0,,,,0,,1,2,15,17,1,,,,
asymmetric,4,705,4,bt,23,0,22720,16,104086,104086,104087,,,,104122,104089,104104,16,1:15,104105,104120,16,1:15,104106,104121,16,1:15,,,0,,,,0,,,,0,,,,0,,1,2,15,17,1,,,,
asymmetric,4,706,4,bt,23,16,22848,16,104125,104125,104126,,,,104161,104128,104143,16,1:15,104144,104159,16,1:15,104145,104160,16,1:15,,,0,,,,0,,,,0,,,,0,,1,2,15,17,1,,,,
asymmetric,4,707,4,bt,24,0,22976,16,104164,104164,104165,,,,104200,104167,104182,16,1:15,104183,104198,16,1:15,104184,104199,16,1:15,,,0,,,,0,,,,0,,,,0,,1,2,15,17,1,,,,
asymmetric,4,708,4,bt,24,16,23104,16,104203,104203,104204,,,,104239,104206,104221,16,1:15,104222,104237,16,1:15,104223,104238,16,1:15,,,0,,,,0,,,,0,,,,0,,1,2,15,17,1,,,,
asymmetric,4,709,4,bt,25,0,23232,16,104242,104242,104243,,,,104278,104245,104260,16,1:15,104261,104276,16,1:15,104262,104277,16,1:15,,,0,,,,0,,,,0,,,,0,,1,2,15,17,1,,,,
asymmetric,4,710,4,bt,25,16,23360,16,104281,104281,104282,,,,104317,104284,104299,16,1:15,104300,104315,16,1:15,104301,104316,16,1:15,,,0,,,,0,,,,0,,,,0,,1,2,15,17,1,,,,
asymmetric,4,711,4,bt,26,0,23488,16,104320,104320,104321,,,,104356,104323,104338,16,1:15,104339,104354,16,1:15,104340,104355,16,1:15,,,0,,,,0,,,,0,,,,0,,1,2,15,17,1,,,,
asymmetric,4,712,4,bt,26,16,23616,16,104359,104359,104360,,,,104395,104362,104377,16,1:15,104378,104393,16,1:15,104379,104394,16,1:15,,,0,,,,0,,,,0,,,,0,,1,2,15,17,1,,,,
asymmetric,4,713,4,bt,27,0,23744,16,104398,104398,104399,,,,104434,104401,104416,16,1:15,104417,104432,16,1:15,104418,104433,16,1:15,,,0,,,,0,,,,0,,,,0,,1,2,15,17,1,,,,
asymmetric,4,714,4,bt,27,16,23872,16,104437,104437,104438,,,,104473,104440,104455,16,1:15,104456,104471,16,1:15,104457,104472,16,1:15,,,0,,,,0,,,,0,,,,0,,1,2,15,17,1,,,,
asymmetric,4,715,4,bt,28,0,24000,16,104476,104476,104477,,,,104512,104479,104494,16,1:15,104495,104510,16,1:15,104496,104511,16,1:15,,,0,,,,0,,,,0,,,,0,,1,2,15,17,1,,,,
asymmetric,4,716,4,bt,28,16,24128,16,104515,104515,104516,,,,104551,104518,104533,16,1:15,104534,104549,16,1:15,104535,104550,16,1:15,,,0,,,,0,,,,0,,,,0,,1,2,15,17,1,,,,
asymmetric,4,717,4,bt,29,0,24256,16,104554,104554,104555,,,,104590,104557,104572,16,1:15,104573,104588,16,1:15,104574,104589,16,1:15,,,0,,,,0,,,,0,,,,0,,1,2,15,17,1,,,,
asymmetric,4,718,4,bt,29,16,24384,16,104593,104593,104594,,,,104629,104596,104611,16,1:15,104612,104627,16,1:15,104613,104628,16,1:15,,,0,,,,0,,,,0,,,,0,,1,2,15,17,1,,,,
asymmetric,4,719,4,bt,30,0,24512,8,104632,104632,104633,,,,104652,104635,104642,8,1:7,104643,104650,8,1:7,104644,104651,8,1:7,,,0,,,,0,,,,0,,,,0,,1,2,7,9,1,,,,
asymmetric,4,720,4,bt,30,8,24576,16,104655,104655,104656,,,,104691,104658,104673,16,1:15,104674,104689,16,1:15,104675,104690,16,1:15,,,0,,,,0,,,,0,,,,0,,1,2,15,17,1,,,,
asymmetric,4,721,4,bt,30,24,24704,8,104694,104694,104695,,,,104714,104697,104704,8,1:7,104705,104712,8,1:7,104706,104713,8,1:7,,,0,,,,0,,,,0,,,,0,,1,2,7,9,1,,,,
asymmetric,4,722,4,bt,31,0,24768,16,104717,104717,104718,,,,104753,104720,104735,16,1:15,104736,104751,16,1:15,104737,104752,16,1:15,,,0,,,,0,,,,0,,,,0,,1,2,15,17,1,,,,
asymmetric,4,723,4,bt,31,16,24896,16,104756,104756,104757,,,,104792,104759,104774,16,1:15,104775,104790,16,1:15,104776,104791,16,1:15,,,0,,,,0,,,,0,,,,0,,1,2,15,17,1,,,,
asymmetric,4,724,4,c,0,0,49472,16,106962,106962,,107043,107042,107060,107061,,,0,,,,0,,,,0,,106964,107039,16,5:15,106966,107041,16,5:15,106967,107042,16,5:15,107043,107058,16,1:15,,,,,,80,16,2,1
asymmetric,4,725,5,a,0,0,16448,16,107070,107070,107071,,,,107106,107073,107088,16,1:15,107089,107104,16,1:15,107090,107105,16,1:15,,,0,,,,0,,,,0,,,,0,,1,2,15,17,1,,,,
asymmetric,4,726,5,a,0,16,16576,16,107109,107109,107110,,,,107145,107112,107127,16,1:15,107128,107143,16,1:15,107129,107144,16,1:15,,,0,,,,0,,,,0,,,,0,,1,2,15,17,1,,,,
asymmetric,4,727,5,bt,0,0,25024,16,107153,107153,107154,,,,107189,107156,107171,16,1:15,107172,107187,16,1:15,107173,107188,16,1:15,,,0,,,,0,,,,0,,,,0,,1,2,15,17,1,,,,
asymmetric,4,728,5,bt,0,16,25152,16,107192,107192,107193,,,,107228,107195,107210,16,1:15,107211,107226,16,1:15,107212,107227,16,1:15,,,0,,,,0,,,,0,,,,0,,1,2,15,17,1,,,,
asymmetric,4,729,5,bt,1,0,25280,16,107231,107231,107232,,,,107267,107234,107249,16,1:15,107250,107265,16,1:15,107251,107266,16,1:15,,,0,,,,0,,,,0,,,,0,,1,2,15,17,1,,,,
asymmetric,4,730,5,bt,1,16,25408,16,107270,107270,107271,,,,107306,107273,107288,16,1:15,107289,107304,16,1:15,107290,107305,16,1:15,,,0,,,,0,,,,0,,,,0,,1,2,15,17,1,,,,
asymmetric,4,731,5,bt,2,0,25536,16,107309,107309,107310,,,,107345,107312,107327,16,1:15,107328,107343,16,1:15,107329,107344,16,1:15,,,0,,,,0,,,,0,,,,0,,1,2,15,17,1,,,,
asymmetric,4,732,5,bt,2,16,25664,16,107348,107348,107349,,,,107384,107351,107366,16,1:15,107367,107382,16,1:15,107368,107383,16,1:15,,,0,,,,0,,,,0,,,,0,,1,2,15,17,1,,,,
asymmetric,4,733,5,bt,3,0,25792,16,107387,107387,107388,,,,107423,107390,107405,16,1:15,107406,107421,16,1:15,107407,107422,16,1:15,,,0,,,,0,,,,0,,,,0,,1,2,15,17,1,,,,
asymmetric,4,734,5,bt,3,16,25920,16,107426,107426,107427,,,,107462,107429,107444,16,1:15,107445,107460,16,1:15,107446,107461,16,1:15,,,0,,,,0,,,,0,,,,0,,1,2,15,17,1,,,,
asymmetric,4,735,5,bt,4,0,26048,16,107465,107465,107466,,,,107501,107468,107483,16,1:15,107484,107499,16,1:15,107485,107500,16,1:15,,,0,,,,0,,,,0,,,,0,,1,2,15,17,1,,,,
asymmetric,4,736,5,bt,4,16,26176,16,107504,107504,107505,,,,107540,107507,107522,16,1:15,107523,107538,16,1:15,107524,107539,16,1:15,,,0,,,,0,,,,0,,,,0,,1,2,15,17,1,,,,
asymmetric,4,737,5,bt,5,0,26304,16,107543,107543,107544,,,,107579,107546,107561,16,1:15,107562,107577,16,1:15,107563,107578,16,1:15,,,0,,,,0,,,,0,,,,0,,1,2,15,17,1,,,,
asymmetric,4,738,5,bt,5,16,26432,16,107582,107582,107583,,,,107618,107585,107600,16,1:15,107601,107616,16,1:15,107602,107617,16,1:15,,,0,,,,0,,,,0,,,,0,,1,2,15,17,1,,,,
asymmetric,4,739,5,bt,6,0,26560,16,107621,107621,107622,,,,107657,107624,107639,16,1:15,107640,107655,16,1:15,107641,107656,16,1:15,,,0,,,,0,,,,0,,,,0,,1,2,15,17,1,,,,
asymmetric,4,740,5,bt,6,16,26688,16,107660,107660,107661,,,,107696,107663,107678,16,1:15,107679,107694,16,1:15,107680,107695,16,1:15,,,0,,,,0,,,,0,,,,0,,1,2,15,17,1,,,,
asymmetric,4,741,5,bt,7,0,26816,16,107699,107699,107700,,,,107735,107702,107717,16,1:15,107718,107733,16,1:15,107719,107734,16,1:15,,,0,,,,0,,,,0,,,,0,,1,2,15,17,1,,,,
asymmetric,4,742,5,bt,7,16,26944,16,107738,107738,107739,,,,107774,107741,107756,16,1:15,107757,107772,16,1:15,107758,107773,16,1:15,,,0,,,,0,,,,0,,,,0,,1,2,15,17,1,,,,
asymmetric,4,743,5,bt,8,0,27072,16,107777,107777,107778,,,,107813,107780,107795,16,1:15,107796,107811,16,1:15,107797,107812,16,1:15,,,0,,,,0,,,,0,,,,0,,1,2,15,17,1,,,,
asymmetric,4,744,5,bt,8,16,27200,16,107816,107816,107817,,,,107852,107819,107834,16,1:15,107835,107850,16,1:15,107836,107851,16,1:15,,,0,,,,0,,,,0,,,,0,,1,2,15,17,1,,,,
asymmetric,4,745,5,bt,9,0,27328,16,107855,107855,107856,,,,107891,107858,107873,16,1:15,107874,107889,16,1:15,107875,107890,16,1:15,,,0,,,,0,,,,0,,,,0,,1,2,15,17,1,,,,
asymmetric,4,746,5,bt,9,16,27456,16,107894,107894,107895,,,,107930,107897,107912,16,1:15,107913,107928,16,1:15,107914,107929,16,1:15,,,0,,,,0,,,,0,,,,0,,1,2,15,17,1,,,,
asymmetric,4,747,5,bt,10,0,27584,16,107933,107933,107934,,,,107969,107936,107951,16,1:15,107952,107967,16,1:15,107953,107968,16,1:15,,,0,,,,0,,,,0,,,,0,,1,2,15,17,1,,,,
asymmetric,4,748,5,bt,10,16,27712,16,107972,107972,107973,,,,108008,107975,107990,16,1:15,107991,108006,16,1:15,107992,108007,16,1:15,,,0,,,,0,,,,0,,,,0,,1,2,15,17,1,,,,
asymmetric,4,749,5,bt,11,0,27840,16,108011,108011,108012,,,,108047,108014,108029,16,1:15,108030,108045,16,1:15,108031,108046,16,1:15,,,0,,,,0,,,,0,,,,0,,1,2,15,17,1,,,,
asymmetric,4,750,5,bt,11,16,27968,16,108050,108050,108051,,,,108086,108053,108068,16,1:15,108069,108084,16,1:15,108070,108085,16,1:15,,,0,,,,0,,,,0,,,,0,,1,2,15,17,1,,,,
asymmetric,4,751,5,bt,12,0,28096,16,108089,108089,108090,,,,108125,108092,108107,16,1:15,108108,108123,16,1:15,108109,108124,16,1:15,,,0,,,,0,,,,0,,,,0,,1,2,15,17,1,,,,
asymmetric,4,752,5,bt,12,16,28224,16,108128,108128,108129,,,,108164,108131,108146,16,1:15,108147,108162,16,1:15,108148,108163,16,1:15,,,0,,,,0,,,,0,,,,0,,1,2,15,17,1,,,,
asymmetric,4,753,5,bt,13,0,28352,16,108167,108167,108168,,,,108203,108170,108185,16,1:15,108186,108201,16,1:15,108187,108202,16,1:15,,,0,,,,0,,,,0,,,,0,,1,2,15,17,1,,,,
asymmetric,4,754,5,bt,13,16,28480,16,108206,108206,108207,,,,108242,108209,108224,16,1:15,108225,108240,16,1:15,108226,108241,16,1:15,,,0,,,,0,,,,0,,,,0,,1,2,15,17,1,,,,
asymmetric,4,755,5,bt,14,0,28608,8,108245,108245,108246,,,,108265,108248,108255,8,1:7,108256,108263,8,1:7,108257,108264,8,1:7,,,0,,,,0,,,,0,,,,0,,1,2,7,9,1,,,,
asymmetric,4,756,5,bt,14,8,28672,16,108268,108268,108269,,,,108304,108271,108286,16,1:15,108287,108302,16,1:15,108288,108303,16,1:15,,,0,,,,0,,,,0,,,,0,,1,2,15,17,1,,,,
asymmetric,4,757,5,bt,14,24,28800,8,108307,108307,108308,,,,108327,108310,108317,8,1:7,108318,108325,8,1:7,108319,108326,8,1:7,,,0,,,,0,,,,0,,,,0,,1,2,7,9,1,,,,
asymmetric,4,758,5,bt,15,0,28864,16,108330,108330,108331,,,,108366,108333,108348,16,1:15,108349,108364,16,1:15,108350,108365,16,1:15,,,0,,,,0,,,,0,,,,0,,1,2,15,17,1,,,,
asymmetric,4,759,5,bt,15,16,28992,16,108369,108369,108370,,,,108405,108372,108387,16,1:15,108388,108403,16,1:15,108389,108404,16,1:15,,,0,,,,0,,,,0,,,,0,,1,2,15,17,1,,,,
asymmetric,4,760,5,bt,16,0,29120,16,108408,108408,108409,,,,108444,108411,108426,16,1:15,108427,108442,16,1:15,108428,108443,16,1:15,,,0,,,,0,,,,0,,,,0,,1,2,15,17,1,,,,
asymmetric,4,761,5,bt,16,16,29248,16,108447,108447,108448,,,,108483,108450,108465,16,1:15,108466,108481,16,1:15,108467,108482,16,1:15,,,0,,,,0,,,,0,,,,0,,1,2,15,17,1,,,,
asymmetric,4,762,5,bt,17,0,29376,16,108486,108486,108487,,,,108522,108489,108504,16,1:15,108505,108520,16,1:15,108506,108521,16,1:15,,,0,,,,0,,,,0,,,,0,,1,2,15,17,1,,,,
asymmetric,4,763,5,bt,17,16,29504,16,108525,108525,108526,,,,108561,108528,108543,16,1:15,108544,108559,16,1:15,108545,108560,16,1:15,,,0,,,,0,,,,0,,,,0,,1,2,15,17,1,,,,
asymmetric,4,764,5,bt,18,0,29632,16,108564,108564,108565,,,,108600,108567,108582,16,1:15,108583,108598,16,1:15,108584,108599,16,1:15,,,0,,,,0,,,,0,,,,0,,1,2,15,17,1,,,,
asymmetric,4,765,5,bt,18,16,29760,16,108603,108603,108604,,,,108639,108606,108621,16,1:15,108622,108637,16,1:15,108623,108638,16,1:15,,,0,,,,0,,,,0,,,,0,,1,2,15,17,1,,,,
asymmetric,4,766,5,bt,19,0,29888,16,108642,108642,108643,,,,108678,108645,108660,16,1:15,108661,108676,16,1:15,108662,108677,16,1:15,,,0,,,,0,,,,0,,,,0,,1,2,15,17,1,,,,
asymmetric,4,767,5,bt,19,16,30016,16,108681,108681,108682,,,,108717,108684,108699,16,1:15,108700,108715,16,1:15,108701,108716,16,1:15,,,0,,,,0,,,,0,,,,0,,1,2,15,17,1,,,,
asymmetric,4,768,5,bt,20,0,30144,16,108720,108720,108721,,,,108756,108723,108738,16,1:15,108739,108754,16,1:15,108740,108755,16,1:15,,,0,,,,0,,,,0,,,,0,,1,2,15,17,1,,,,
asymmetric,4,769,5,bt,20,16,30272,16,108759,108759,108760,,,,108795,108762,108777,16,1:15,108778,108793,16,1:15,108779,108794,16,1:15,,,0,,,,0,,,,0,,,,0,,1,2,15,17,1,,,,
asymmetric,4,770,5,bt,21,0,30400,16,108798,108798,108799,,,,108834,108801,108816,16,1:15,108817,108832,16,1:15,108818,108833,16,1:15,,,0,,,,0,,,,0,,,,0,,1,2,15,17,1,,,,
asymmetric,4,771,5,bt,21,16,30528,16,108837,108837,108838,,,,108873,108840,108855,16,1:15,108856,108871,16,1:15,108857,108872,16,1:15,,,0,,,,0,,,,0,,,,0,,1,2,15,17,1,,,,
asymmetric,4,772,5,bt,22,0,30656,16,108876,108876,108877,,,,108912,108879,108894,16,1:15,108895,108910,16,1:15,108896,108911,16,1:15,,,0,,,,0,,,,0,,,,0,,1,2,15,17,1,,,,
asymmetric,4,773,5,bt,22,16,30784,16,108915,108915,108916,,,,108951,108918,108933,16,1:15,108934,108949,16,1:15,108935,108950,16,1:15,,,0,,,,0,,,,0,,,,0,,1,2,15,17,1,,,,
asymmetric,4,774,5,bt,23,0,30912,16,108954,108954,108955,,,,108990,108957,108972,16,1:15,108973,108988,16,1:15,108974,108989,16,1:15,,,0,,,,0,,,,0,,,,0,,1,2,15,17,1,,,,
asymmetric,4,775,5,bt,23,16,31040,16,108993,108993,108994,,,,109029,108996,109011,16,1:15,109012,109027,16,1:15,109013,109028,16,1:15,,,0,,,,0,,,,0,,,,0,,1,2,15,17,1,,,,
asymmetric,4,776,5,bt,24,0,31168,16,109032,109032,109033,,,,109068,109035,109050,16,1:15,109051,109066,16,1:15,109052,109067,16,1:15,,,0,,,,0,,,,0,,,,0,,1,2,15,17,1,,,,
asymmetric,4,777,5,bt,24,16,31296,16,109071,109071,109072,,,,109107,109074,109089,16,1:15,109090,109105,16,1:15,109091,109106,16,1:15,,,0,,,,0,,,,0,,,,0,,1,2,15,17,1,,,,
asymmetric,4,778,5,bt,25,0,31424,16,109110,109110,109111,,,,109146,109113,109128,16,1:15,109129,109144,16,1:15,109130,109145,16,1:15,,,0,,,,0,,,,0,,,,0,,1,2,15,17,1,,,,
asymmetric,4,779,5,bt,25,16,31552,16,109149,109149,109150,,,,109185,109152,109167,16,1:15,109168,109183,16,1:15,109169,109184,16,1:15,,,0,,,,0,,,,0,,,,0,,1,2,15,17,1,,,,
asymmetric,4,780,5,bt,26,0,31680,16,109188,109188,109189,,,,109224,109191,109206,16,1:15,109207,109222,16,1:15,109208,109223,16,1:15,,,0,,,,0,,,,0,,,,0,,1,2,15,17,1,,,,
asymmetric,4,781,5,bt,26,16,31808,16,109227,109227,109228,,,,109263,109230,109245,16,1:15,109246,109261,16,1:15,109247,109262,16,1:15,,,0,,,,0,,,,0,,,,0,,1,2,15,17,1,,,,
asymmetric,4,782,5,bt,27,0,31936,16,109266,109266,109267,,,,109302,109269,109284,16,1:15,109285,109300,16,1:15,109286,109301,16,1:15,,,0,,,,0,,,,0,,,,0,,1,2,15,17,1,,,,
asymmetric,4,783,5,bt,27,16,32064,16,109305,109305,109306,,,,109341,109308,109323,16,1:15,109324,109339,16,1:15,109325,109340,16,1:15,,,0,,,,0,,,,0,,,,0,,1,2,15,17,1,,,,
asymmetric,4,784,5,bt,28,0,32192,16,109344,109344,109345,,,,109380,109347,109362,16,1:15,109363,109378,16,1:15,109364,109379,16,1:15,,,0,,,,0,,,,0,,,,0,,1,2,15,17,1,,,,
asymmetric,4,785,5,bt,28,16,32320,16,109383,109383,109384,,,,109419,109386,109401,16,1:15,109402,109417,16,1:15,109403,109418,16,1:15,,,0,,,,0,,,,0,,,,0,,1,2,15,17,1,,,,
asymmetric,4,786,5,bt,29,0,32448,16,109422,109422,109423,,,,109458,109425,109440,16,1:15,109441,109456,16,1:15,109442,109457,16,1:15,,,0,,,,0,,,,0,,,,0,,1,2,15,17,1,,,,
asymmetric,4,787,5,bt,29,16,32576,16,109461,109461,109462,,,,109497,109464,109479,16,1:15,109480,109495,16,1:15,109481,109496,16,1:15,,,0,,,,0,,,,0,,,,0,,1,2,15,17,1,,,,
asymmetric,4,788,5,bt,30,0,32704,8,109500,109500,109501,,,,109520,109503,109510,8,1:7,109511,109518,8,1:7,109512,109519,8,1:7,,,0,,,,0,,,,0,,,,0,,1,2,7,9,1,,,,
asymmetric,4,789,5,bt,30,8,32768,16,109523,109523,109524,,,,109559,109526,109541,16,1:15,109542,109557,16,1:15,109543,109558,16,1:15,,,0,,,,0,,,,0,,,,0,,1,2,15,17,1,,,,
asymmetric,4,790,5,bt,30,24,32896,8,109562,109562,109563,,,,109582,109565,109572,8,1:7,109573,109580,8,1:7,109574,109581,8,1:7,,,0,,,,0,,,,0,,,,0,,1,2,7,9,1,,,,
asymmetric,4,791,5,c,0,0,49600,16,111752,111752,,111833,111832,111850,111851,,,0,,,,0,,,,0,,111754,111829,16,5:15,111756,111831,16,5:15,111757,111832,16,5:15,111833,111848,16,1:15,,,,,,80,16,2,1
