name,job_id,index,tile,kind,row,word,address,beats,command_offer,command,ar,aw,gather_complete,b,local_done,r_first,r_last,r_count,r_gap_histogram,local_reads_first,local_reads_last,local_reads_count,local_reads_gap_histogram,loads_first,loads_last,loads_count,loads_gap_histogram,result_requests_first,result_requests_last,result_requests_count,result_requests_gap_histogram,result_responses_first,result_responses_last,result_responses_count,result_responses_gap_histogram,local_writes_first,local_writes_last,local_writes_count,local_writes_gap_histogram,w_first,w_last,w_count,w_gap_histogram,command_to_ar,ar_to_first_r,remaining_r_span,last_r_to_last_bank_load,last_bank_load_to_local_done,c_gather,aw_w_issue,b_response,b_to_local_done
dense,1,0,0,a,0,0,64,16,6,6,7,,,,50,17,32,16,1:15,33,48,16,1:15,34,49,16,1:15,,,0,,,,0,,,,0,,,,0,,1,10,15,17,1,,,,
dense,1,1,0,a,0,16,192,16,53,53,54,,,,97,64,79,16,1:15,80,95,16,1:15,81,96,16,1:15,,,0,,,,0,,,,0,,,,0,,1,10,15,17,1,,,,
dense,1,2,0,a,1,0,320,16,100,100,101,,,,144,111,126,16,1:15,127,142,16,1:15,128,143,16,1:15,,,0,,,,0,,,,0,,,,0,,1,10,15,17,1,,,,
dense,1,3,0,a,1,16,448,16,147,147,148,,,,191,158,173,16,1:15,174,189,16,1:15,175,190,16,1:15,,,0,,,,0,,,,0,,,,0,,1,10,15,17,1,,,,
dense,1,4,0,a,2,0,576,16,194,194,195,,,,238,205,220,16,1:15,221,236,16,1:15,222,237,16,1:15,,,0,,,,0,,,,0,,,,0,,1,10,15,17,1,,,,
dense,1,5,0,a,2,16,704,16,241,241,242,,,,285,252,267,16,1:15,268,283,16,1:15,269,284,16,1:15,,,0,,,,0,,,,0,,,,0,,1,10,15,17,1,,,,
dense,1,6,0,a,3,0,832,16,288,288,289,,,,332,299,314,16,1:15,315,330,16,1:15,316,331,16,1:15,,,0,,,,0,,,,0,,,,0,,1,10,15,17,1,,,,
dense,1,7,0,a,3,16,960,16,335,335,336,,,,379,346,361,16,1:15,362,377,16,1:15,363,378,16,1:15,,,0,,,,0,,,,0,,,,0,,1,10,15,17,1,,,,
dense,1,8,0,a,4,0,1088,16,382,382,383,,,,426,393,408,16,1:15,409,424,16,1:15,410,425,16,1:15,,,0,,,,0,,,,0,,,,0,,1,10,15,17,1,,,,
dense,1,9,0,a,4,16,1216,16,429,429,430,,,,473,440,455,16,1:15,456,471,16,1:15,457,472,16,1:15,,,0,,,,0,,,,0,,,,0,,1,10,15,17,1,,,,
dense,1,10,0,a,5,0,1344,16,476,476,477,,,,520,487,502,16,1:15,503,518,16,1:15,504,519,16,1:15,,,0,,,,0,,,,0,,,,0,,1,10,15,17,1,,,,
dense,1,11,0,a,5,16,1472,16,523,523,524,,,,567,534,549,16,1:15,550,565,16,1:15,551,566,16,1:15,,,0,,,,0,,,,0,,,,0,,1,10,15,17,1,,,,
dense,1,12,0,a,6,0,1600,16,570,570,571,,,,614,581,596,16,1:15,597,612,16,1:15,598,613,16,1:15,,,0,,,,0,,,,0,,,,0,,1,10,15,17,1,,,,
dense,1,13,0,a,6,16,1728,16,617,617,618,,,,661,628,643,16,1:15,644,659,16,1:15,645,660,16,1:15,,,0,,,,0,,,,0,,,,0,,1,10,15,17,1,,,,
dense,1,14,0,a,7,0,1856,16,664,664,665,,,,708,675,690,16,1:15,691,706,16,1:15,692,707,16,1:15,,,0,,,,0,,,,0,,,,0,,1,10,15,17,1,,,,
dense,1,15,0,a,7,16,1984,16,711,711,712,,,,755,722,737,16,1:15,738,753,16,1:15,739,754,16,1:15,,,0,,,,0,,,,0,,,,0,,1,10,15,17,1,,,,
dense,1,16,0,bt,0,0,8384,16,763,763,764,,,,807,774,789,16,1:15,790,805,16,1:15,791,806,16,1:15,,,0,,,,0,,,,0,,,,0,,1,10,15,17,1,,,,
dense,1,17,0,bt,0,16,8512,16,810,810,811,,,,854,821,836,16,1:15,837,852,16,1:15,838,853,16,1:15,,,0,,,,0,,,,0,,,,0,,1,10,15,17,1,,,,
dense,1,18,0,bt,1,0,8640,16,857,857,858,,,,901,868,883,16,1:15,884,899,16,1:15,885,900,16,1:15,,,0,,,,0,,,,0,,,,0,,1,10,15,17,1,,,,
dense,1,19,0,bt,1,16,8768,16,904,904,905,,,,948,915,930,16,1:15,931,946,16,1:15,932,947,16,1:15,,,0,,,,0,,,,0,,,,0,,1,10,15,17,1,,,,
dense,1,20,0,bt,2,0,8896,16,951,951,952,,,,995,962,977,16,1:15,978,993,16,1:15,979,994,16,1:15,,,0,,,,0,,,,0,,,,0,,1,10,15,17,1,,,,
dense,1,21,0,bt,2,16,9024,16,998,998,999,,,,1042,1009,1024,16,1:15,1025,1040,16,1:15,1026,1041,16,1:15,,,0,,,,0,,,,0,,,,0,,1,10,15,17,1,,,,
dense,1,22,0,bt,3,0,9152,16,1045,1045,1046,,,,1089,1056,1071,16,1:15,1072,1087,16,1:15,1073,1088,16,1:15,,,0,,,,0,,,,0,,,,0,,1,10,15,17,1,,,,
dense,1,23,0,bt,3,16,9280,16,1092,1092,1093,,,,1136,1103,1118,16,1:15,1119,1134,16,1:15,1120,1135,16,1:15,,,0,,,,0,,,,0,,,,0,,1,10,15,17,1,,,,
dense,1,24,0,bt,4,0,9408,16,1139,1139,1140,,,,1183,1150,1165,16,1:15,1166,1181,16,1:15,1167,1182,16,1:15,,,0,,,,0,,,,0,,,,0,,1,10,15,17,1,,,,
dense,1,25,0,bt,4,16,9536,16,1186,1186,1187,,,,1230,1197,1212,16,1:15,1213,1228,16,1:15,1214,1229,16,1:15,,,0,,,,0,,,,0,,,,0,,1,10,15,17,1,,,,
dense,1,26,0,bt,5,0,9664,16,1233,1233,1234,,,,1277,1244,1259,16,1:15,1260,1275,16,1:15,1261,1276,16,1:15,,,0,,,,0,,,,0,,,,0,,1,10,15,17,1,,,,
dense,1,27,0,bt,5,16,9792,16,1280,1280,1281,,,,1324,1291,1306,16,1:15,1307,1322,16,1:15,1308,1323,16,1:15,,,0,,,,0,,,,0,,,,0,,1,10,15,17,1,,,,
dense,1,28,0,bt,6,0,9920,16,1327,1327,1328,,,,1371,1338,1353,16,1:15,1354,1369,16,1:15,1355,1370,16,1:15,,,0,,,,0,,,,0,,,,0,,1,10,15,17,1,,,,
dense,1,29,0,bt,6,16,10048,16,1374,1374,1375,,,,1418,1385,1400,16,1:15,1401,1416,16,1:15,1402,1417,16,1:15,,,0,,,,0,,,,0,,,,0,,1,10,15,17,1,,,,
dense,1,30,0,bt,7,0,10176,16,1421,1421,1422,,,,1465,1432,1447,16,1:15,1448,1463,16,1:15,1449,1464,16,1:15,,,0,,,,0,,,,0,,,,0,,1,10,15,17,1,,,,
dense,1,31,0,bt,7,16,10304,16,1468,1468,1469,,,,1512,1479,1494,16,1:15,1495,1510,16,1:15,1496,1511,16,1:15,,,0,,,,0,,,,0,,,,0,,1,10,15,17,1,,,,
dense,1,32,0,c,0,0,16704,4,2606,2606,,2623,2622,2634,2635,,,0,,,,0,,,,0,,2607,2619,4,4:3,2609,2621,4,4:3,2610,2622,4,4:3,2623,2626,4,1:3,,,,,,16,4,8,1
dense,1,33,0,c,1,0,16832,4,2638,2638,,2655,2654,2666,2667,,,0,,,,0,,,,0,,2639,2651,4,4:3,2641,2653,4,4:3,2642,2654,4,4:3,2655,2658,4,1:3,,,,,,16,4,8,1
dense,1,34,0,c,2,0,16960,4,2670,2670,,2687,2686,2698,2699,,,0,,,,0,,,,0,,2671,2683,4,4:3,2673,2685,4,4:3,2674,2686,4,4:3,2687,2690,4,1:3,,,,,,16,4,8,1
dense,1,35,0,c,3,0,17088,4,2702,2702,,2719,2718,2730,2731,,,0,,,,0,,,,0,,2703,2715,4,4:3,2705,2717,4,4:3,2706,2718,4,4:3,2719,2722,4,1:3,,,,,,16,4,8,1
dense,1,36,0,c,4,0,17216,4,2734,2734,,2751,2750,2762,2763,,,0,,,,0,,,,0,,2735,2747,4,4:3,2737,2749,4,4:3,2738,2750,4,4:3,2751,2754,4,1:3,,,,,,16,4,8,1
dense,1,37,0,c,5,0,17344,4,2766,2766,,2783,2782,2794,2795,,,0,,,,0,,,,0,,2767,2779,4,4:3,2769,2781,4,4:3,2770,2782,4,4:3,2783,2786,4,1:3,,,,,,16,4,8,1
dense,1,38,0,c,6,0,17472,4,2798,2798,,2815,2814,2826,2827,,,0,,,,0,,,,0,,2799,2811,4,4:3,2801,2813,4,4:3,2802,2814,4,4:3,2815,2818,4,1:3,,,,,,16,4,8,1
dense,1,39,0,c,7,0,17600,4,2830,2830,,2847,2846,2858,2859,,,0,,,,0,,,,0,,2831,2843,4,4:3,2833,2845,4,4:3,2834,2846,4,4:3,2847,2850,4,1:3,,,,,,16,4,8,1
dense,1,40,1,a,0,0,64,16,2868,2868,2869,,,,2912,2879,2894,16,1:15,2895,2910,16,1:15,2896,2911,16,1:15,,,0,,,,0,,,,0,,,,0,,1,10,15,17,1,,,,
dense,1,41,1,a,0,16,192,16,2915,2915,2916,,,,2959,2926,2941,16,1:15,2942,2957,16,1:15,2943,2958,16,1:15,,,0,,,,0,,,,0,,,,0,,1,10,15,17,1,,,,
dense,1,42,1,a,1,0,320,16,2962,2962,2963,,,,3006,2973,2988,16,1:15,2989,3004,16,1:15,2990,3005,16,1:15,,,0,,,,0,,,,0,,,,0,,1,10,15,17,1,,,,
dense,1,43,1,a,1,16,448,16,3009,3009,3010,,,,3053,3020,3035,16,1:15,3036,3051,16,1:15,3037,3052,16,1:15,,,0,,,,0,,,,0,,,,0,,1,10,15,17,1,,,,
dense,1,44,1,a,2,0,576,16,3056,3056,3057,,,,3100,3067,3082,16,1:15,3083,3098,16,1:15,3084,3099,16,1:15,,,0,,,,0,,,,0,,,,0,,1,10,15,17,1,,,,
dense,1,45,1,a,2,16,704,16,3103,3103,3104,,,,3147,3114,3129,16,1:15,3130,3145,16,1:15,3131,3146,16,1:15,,,0,,,,0,,,,0,,,,0,,1,10,15,17,1,,,,
dense,1,46,1,a,3,0,832,16,3150,3150,3151,,,,3194,3161,3176,16,1:15,3177,3192,16,1:15,3178,3193,16,1:15,,,0,,,,0,,,,0,,,,0,,1,10,15,17,1,,,,
dense,1,47,1,a,3,16,960,16,3197,3197,3198,,,,3241,3208,3223,16,1:15,3224,3239,16,1:15,3225,3240,16,1:15,,,0,,,,0,,,,0,,,,0,,1,10,15,17,1,,,,
dense,1,48,1,a,4,0,1088,16,3244,3244,3245,,,,3288,3255,3270,16,1:15,3271,3286,16,1:15,3272,3287,16,1:15,,,0,,,,0,,,,0,,,,0,,1,10,15,17,1,,,,
dense,1,49,1,a,4,16,1216,16,3291,3291,3292,,,,3335,3302,3317,16,1:15,3318,3333,16,1:15,3319,3334,16,1:15,,,0,,,,0,,,,0,,,,0,,1,10,15,17,1,,,,
dense,1,50,1,a,5,0,1344,16,3338,3338,3339,,,,3382,3349,3364,16,1:15,3365,3380,16,1:15,3366,3381,16,1:15,,,0,,,,0,,,,0,,,,0,,1,10,15,17,1,,,,
dense,1,51,1,a,5,16,1472,16,3385,3385,3386,,,,3429,3396,3411,16,1:15,3412,3427,16,1:15,3413,3428,16,1:15,,,0,,,,0,,,,0,,,,0,,1,10,15,17,1,,,,
dense,1,52,1,a,6,0,1600,16,3432,3432,3433,,,,3476,3443,3458,16,1:15,3459,3474,16,1:15,3460,3475,16,1:15,,,0,,,,0,,,,0,,,,0,,1,10,15,17,1,,,,
dense,1,53,1,a,6,16,1728,16,3479,3479,3480,,,,3523,3490,3505,16,1:15,3506,3521,16,1:15,3507,3522,16,1:15,,,0,,,,0,,,,0,,,,0,,1,10,15,17,1,,,,
dense,1,54,1,a,7,0,1856,16,3526,3526,3527,,,,3570,3537,3552,16,1:15,3553,3568,16,1:15,3554,3569,16,1:15,,,0,,,,0,,,,0,,,,0,,1,10,15,17,1,,,,
dense,1,55,1,a,7,16,1984,16,3573,3573,3574,,,,3617,3584,3599,16,1:15,3600,3615,16,1:15,3601,3616,16,1:15,,,0,,,,0,,,,0,,,,0,,1,10,15,17,1,,,,
dense,1,56,1,bt,0,0,10432,16,3625,3625,3626,,,,3669,3636,3651,16,1:15,3652,3667,16,1:15,3653,3668,16,1:15,,,0,,,,0,,,,0,,,,0,,1,10,15,17,1,,,,
dense,1,57,1,bt,0,16,10560,16,3672,3672,3673,,,,3716,3683,3698,16,1:15,3699,3714,16,1:15,3700,3715,16,1:15,,,0,,,,0,,,,0,,,,0,,1,10,15,17,1,,,,
dense,1,58,1,bt,1,0,10688,16,3719,3719,3720,,,,3763,3730,3745,16,1:15,3746,3761,16,1:15,3747,3762,16,1:15,,,0,,,,0,,,,0,,,,0,,1,10,15,17,1,,,,
dense,1,59,1,bt,1,16,10816,16,3766,3766,3767,,,,3810,3777,3792,16,1:15,3793,3808,16,1:15,3794,3809,16,1:15,,,0,,,,0,,,,0,,,,0,,1,10,15,17,1,,,,
dense,1,60,1,bt,2,0,10944,16,3813,3813,3814,,,,3857,3824,3839,16,1:15,3840,3855,16,1:15,3841,3856,16,1:15,,,0,,,,0,,,,0,,,,0,,1,10,15,17,1,,,,
dense,1,61,1,bt,2,16,11072,16,3860,3860,3861,,,,3904,3871,3886,16,1:15,3887,3902,16,1:15,3888,3903,16,1:15,,,0,,,,0,,,,0,,,,0,,1,10,15,17,1,,,,
dense,1,62,1,bt,3,0,11200,16,3907,3907,3908,,,,3951,3918,3933,16,1:15,3934,3949,16,1:15,3935,3950,16,1:15,,,0,,,,0,,,,0,,,,0,,1,10,15,17,1,,,,
dense,1,63,1,bt,3,16,11328,16,3954,3954,3955,,,,3998,3965,3980,16,1:15,3981,3996,16,1:15,3982,3997,16,1:15,,,0,,,,0,,,,0,,,,0,,1,10,15,17,1,,,,
dense,1,64,1,bt,4,0,11456,16,4001,4001,4002,,,,4045,4012,4027,16,1:15,4028,4043,16,1:15,4029,4044,16,1:15,,,0,,,,0,,,,0,,,,0,,1,10,15,17,1,,,,
dense,1,65,1,bt,4,16,11584,16,4048,4048,4049,,,,4092,4059,4074,16,1:15,4075,4090,16,1:15,4076,4091,16,1:15,,,0,,,,0,,,,0,,,,0,,1,10,15,17,1,,,,
dense,1,66,1,bt,5,0,11712,16,4095,4095,4096,,,,4139,4106,4121,16,1:15,4122,4137,16,1:15,4123,4138,16,1:15,,,0,,,,0,,,,0,,,,0,,1,10,15,17,1,,,,
dense,1,67,1,bt,5,16,11840,16,4142,4142,4143,,,,4186,4153,4168,16,1:15,4169,4184,16,1:15,4170,4185,16,1:15,,,0,,,,0,,,,0,,,,0,,1,10,15,17,1,,,,
dense,1,68,1,bt,6,0,11968,16,4189,4189,4190,,,,4233,4200,4215,16,1:15,4216,4231,16,1:15,4217,4232,16,1:15,,,0,,,,0,,,,0,,,,0,,1,10,15,17,1,,,,
dense,1,69,1,bt,6,16,12096,16,4236,4236,4237,,,,4280,4247,4262,16,1:15,4263,4278,16,1:15,4264,4279,16,1:15,,,0,,,,0,,,,0,,,,0,,1,10,15,17,1,,,,
dense,1,70,1,bt,7,0,12224,8,4283,4283,4284,,,,4311,4294,4301,8,1:7,4302,4309,8,1:7,4303,4310,8,1:7,,,0,,,,0,,,,0,,,,0,,1,10,7,9,1,,,,
dense,1,71,1,bt,7,8,12288,16,4314,4314,4315,,,,4358,4325,4340,16,1:15,4341,4356,16,1:15,4342,4357,16,1:15,,,0,,,,0,,,,0,,,,0,,1,10,15,17,1,,,,
dense,1,72,1,bt,7,24,12416,8,4361,4361,4362,,,,4389,4372,4379,8,1:7,4380,4387,8,1:7,4381,4388,8,1:7,,,0,,,,0,,,,0,,,,0,,1,10,7,9,1,,,,
dense,1,73,1,c,0,0,16736,4,5483,5483,,5500,5499,5511,5512,,,0,,,,0,,,,0,,5484,5496,4,4:3,5486,5498,4,4:3,5487,5499,4,4:3,5500,5503,4,1:3,,,,,,16,4,8,1
dense,1,74,1,c,1,0,16864,4,5515,5515,,5532,5531,5543,5544,,,0,,,,0,,,,0,,5516,5528,4,4:3,5518,5530,4,4:3,5519,5531,4,4:3,5532,5535,4,1:3,,,,,,16,4,8,1
dense,1,75,1,c,2,0,16992,4,5547,5547,,5564,5563,5575,5576,,,0,,,,0,,,,0,,5548,5560,4,4:3,5550,5562,4,4:3,5551,5563,4,4:3,5564,5567,4,1:3,,,,,,16,4,8,1
dense,1,76,1,c,3,0,17120,4,5579,5579,,5596,5595,5607,5608,,,0,,,,0,,,,0,,5580,5592,4,4:3,5582,5594,4,4:3,5583,5595,4,4:3,5596,5599,4,1:3,,,,,,16,4,8,1
dense,1,77,1,c,4,0,17248,4,5611,5611,,5628,5627,5639,5640,,,0,,,,0,,,,0,,5612,5624,4,4:3,5614,5626,4,4:3,5615,5627,4,4:3,5628,5631,4,1:3,,,,,,16,4,8,1
dense,1,78,1,c,5,0,17376,4,5643,5643,,5660,5659,5671,5672,,,0,,,,0,,,,0,,5644,5656,4,4:3,5646,5658,4,4:3,5647,5659,4,4:3,5660,5663,4,1:3,,,,,,16,4,8,1
dense,1,79,1,c,6,0,17504,4,5675,5675,,5692,5691,5703,5704,,,0,,,,0,,,,0,,5676,5688,4,4:3,5678,5690,4,4:3,5679,5691,4,4:3,5692,5695,4,1:3,,,,,,16,4,8,1
dense,1,80,1,c,7,0,17632,4,5707,5707,,5724,5723,5735,5736,,,0,,,,0,,,,0,,5708,5720,4,4:3,5710,5722,4,4:3,5711,5723,4,4:3,5724,5727,4,1:3,,,,,,16,4,8,1
dense,1,81,2,a,0,0,64,16,5745,5745,5746,,,,5789,5756,5771,16,1:15,5772,5787,16,1:15,5773,5788,16,1:15,,,0,,,,0,,,,0,,,,0,,1,10,15,17,1,,,,
dense,1,82,2,a,0,16,192,16,5792,5792,5793,,,,5836,5803,5818,16,1:15,5819,5834,16,1:15,5820,5835,16,1:15,,,0,,,,0,,,,0,,,,0,,1,10,15,17,1,,,,
dense,1,83,2,a,1,0,320,16,5839,5839,5840,,,,5883,5850,5865,16,1:15,5866,5881,16,1:15,5867,5882,16,1:15,,,0,,,,0,,,,0,,,,0,,1,10,15,17,1,,,,
dense,1,84,2,a,1,16,448,16,5886,5886,5887,,,,5930,5897,5912,16,1:15,5913,5928,16,1:15,5914,5929,16,1:15,,,0,,,,0,,,,0,,,,0,,1,10,15,17,1,,,,
dense,1,85,2,a,2,0,576,16,5933,5933,5934,,,,5977,5944,5959,16,1:15,5960,5975,16,1:15,5961,5976,16,1:15,,,0,,,,0,,,,0,,,,0,,1,10,15,17,1,,,,
dense,1,86,2,a,2,16,704,16,5980,5980,5981,,,,6024,5991,6006,16,1:15,6007,6022,16,1:15,6008,6023,16,1:15,,,0,,,,0,,,,0,,,,0,,1,10,15,17,1,,,,
dense,1,87,2,a,3,0,832,16,6027,6027,6028,,,,6071,6038,6053,16,1:15,6054,6069,16,1:15,6055,6070,16,1:15,,,0,,,,0,,,,0,,,,0,,1,10,15,17,1,,,,
dense,1,88,2,a,3,16,960,16,6074,6074,6075,,,,6118,6085,6100,16,1:15,6101,6116,16,1:15,6102,6117,16,1:15,,,0,,,,0,,,,0,,,,0,,1,10,15,17,1,,,,
dense,1,89,2,a,4,0,1088,16,6121,6121,6122,,,,6165,6132,6147,16,1:15,6148,6163,16,1:15,6149,6164,16,1:15,,,0,,,,0,,,,0,,,,0,,1,10,15,17,1,,,,
dense,1,90,2,a,4,16,1216,16,6168,6168,6169,,,,6212,6179,6194,16,1:15,6195,6210,16,1:15,6196,6211,16,1:15,,,0,,,,0,,,,0,,,,0,,1,10,15,17,1,,,,
dense,1,91,2,a,5,0,1344,16,6215,6215,6216,,,,6259,6226,6241,16,1:15,6242,6257,16,1:15,6243,6258,16,1:15,,,0,,,,0,,,,0,,,,0,,1,10,15,17,1,,,,
dense,1,92,2,a,5,16,1472,16,6262,6262,6263,,,,6306,6273,6288,16,1:15,6289,6304,16,1:15,6290,6305,16,1:15,,,0,,,,0,,,,0,,,,0,,1,10,15,17,1,,,,
dense,1,93,2,a,6,0,1600,16,6309,6309,6310,,,,6353,6320,6335,16,1:15,6336,6351,16,1:15,6337,6352,16,1:15,,,0,,,,0,,,,0,,,,0,,1,10,15,17,1,,,,
dense,1,94,2,a,6,16,1728,16,6356,6356,6357,,,,6400,6367,6382,16,1:15,6383,6398,16,1:15,6384,6399,16,1:15,,,0,,,,0,,,,0,,,,0,,1,10,15,17,1,,,,
dense,1,95,2,a,7,0,1856,16,6403,6403,6404,,,,6447,6414,6429,16,1:15,6430,6445,16,1:15,6431,6446,16,1:15,,,0,,,,0,,,,0,,,,0,,1,10,15,17,1,,,,
dense,1,96,2,a,7,16,1984,16,6450,6450,6451,,,,6494,6461,6476,16,1:15,6477,6492,16,1:15,6478,6493,16,1:15,,,0,,,,0,,,,0,,,,0,,1,10,15,17,1,,,,
dense,1,97,2,bt,0,0,12480,16,6502,6502,6503,,,,6546,6513,6528,16,1:15,6529,6544,16,1:15,6530,6545,16,1:15,,,0,,,,0,,,,0,,,,0,,1,10,15,17,1,,,,
dense,1,98,2,bt,0,16,12608,16,6549,6549,6550,,,,6593,6560,6575,16,1:15,6576,6591,16,1:15,6577,6592,16,1:15,,,0,,,,0,,,,0,,,,0,,1,10,15,17,1,,,,
dense,1,99,2,bt,1,0,12736,16,6596,6596,6597,,,,6640,6607,6622,16,1:15,6623,6638,16,1:15,6624,6639,16,1:15,,,0,,,,0,,,,0,,,,0,,1,10,15,17,1,,,,
dense,1,100,2,bt,1,16,12864,16,6643,6643,6644,,,,6687,6654,6669,16,1:15,6670,6685,16,1:15,6671,6686,16,1:15,,,0,,,,0,,,,0,,,,0,,1,10,15,17,1,,,,
dense,1,101,2,bt,2,0,12992,16,6690,6690,6691,,,,6734,6701,6716,16,1:15,6717,6732,16,1:15,6718,6733,16,1:15,,,0,,,,0,,,,0,,,,0,,1,10,15,17,1,,,,
dense,1,102,2,bt,2,16,13120,16,6737,6737,6738,,,,6781,6748,6763,16,1:15,6764,6779,16,1:15,6765,6780,16,1:15,,,0,,,,0,,,,0,,,,0,,1,10,15,17,1,,,,
dense,1,103,2,bt,3,0,13248,16,6784,6784,6785,,,,6828,6795,6810,16,1:15,6811,6826,16,1:15,6812,6827,16,1:15,,,0,,,,0,,,,0,,,,0,,1,10,15,17,1,,,,
dense,1,104,2,bt,3,16,13376,16,6831,6831,6832,,,,6875,6842,6857,16,1:15,6858,6873,16,1:15,6859,6874,16,1:15,,,0,,,,0,,,,0,,,,0,,1,10,15,17,1,,,,
dense,1,105,2,bt,4,0,13504,16,6878,6878,6879,,,,6922,6889,6904,16,1:15,6905,6920,16,1:15,6906,6921,16,1:15,,,0,,,,0,,,,0,,,,0,,1,10,15,17,1,,,,
dense,1,106,2,bt,4,16,13632,16,6925,6925,6926,,,,6969,6936,6951,16,1:15,6952,6967,16,1:15,6953,6968,16,1:15,,,0,,,,0,,,,0,,,,0,,1,10,15,17,1,,,,
dense,1,107,2,bt,5,0,13760,16,6972,6972,6973,,,,7016,6983,6998,16,1:15,6999,7014,16,1:15,7000,7015,16,1:15,,,0,,,,0,,,,0,,,,0,,1,10,15,17,1,,,,
dense,1,108,2,bt,5,16,13888,16,7019,7019,7020,,,,7063,7030,7045,16,1:15,7046,7061,16,1:15,7047,7062,16,1:15,,,0,,,,0,,,,0,,,,0,,1,10,15,17,1,,,,
dense,1,109,2,bt,6,0,14016,16,7066,7066,7067,,,,7110,7077,7092,16,1:15,7093,7108,16,1:15,7094,7109,16,1:15,,,0,,,,0,,,,0,,,,0,,1,10,15,17,1,,,,
dense,1,110,2,bt,6,16,14144,16,7113,7113,7114,,,,7157,7124,7139,16,1:15,7140,7155,16,1:15,7141,7156,16,1:15,,,0,,,,0,,,,0,,,,0,,1,10,15,17,1,,,,
dense,1,111,2,bt,7,0,14272,16,7160,7160,7161,,,,7204,7171,7186,16,1:15,7187,7202,16,1:15,7188,7203,16,1:15,,,0,,,,0,,,,0,,,,0,,1,10,15,17,1,,,,
dense,1,112,2,bt,7,16,14400,16,7207,7207,7208,,,,7251,7218,7233,16,1:15,7234,7249,16,1:15,7235,7250,16,1:15,,,0,,,,0,,,,0,,,,0,,1,10,15,17,1,,,,
dense,1,113,2,c,0,0,16768,4,8345,8345,,8362,8361,8373,8374,,,0,,,,0,,,,0,,8346,8358,4,4:3,8348,8360,4,4:3,8349,8361,4,4:3,8362,8365,4,1:3,,,,,,16,4,8,1
dense,1,114,2,c,1,0,16896,4,8377,8377,,8394,8393,8405,8406,,,0,,,,0,,,,0,,8378,8390,4,4:3,8380,8392,4,4:3,8381,8393,4,4:3,8394,8397,4,1:3,,,,,,16,4,8,1
dense,1,115,2,c,2,0,17024,4,8409,8409,,8426,8425,8437,8438,,,0,,,,0,,,,0,,8410,8422,4,4:3,8412,8424,4,4:3,8413,8425,4,4:3,8426,8429,4,1:3,,,,,,16,4,8,1
dense,1,116,2,c,3,0,17152,4,8441,8441,,8458,8457,8469,8470,,,0,,,,0,,,,0,,8442,8454,4,4:3,8444,8456,4,4:3,8445,8457,4,4:3,8458,8461,4,1:3,,,,,,16,4,8,1
dense,1,117,2,c,4,0,17280,4,8473,8473,,8490,8489,8501,8502,,,0,,,,0,,,,0,,8474,8486,4,4:3,8476,8488,4,4:3,8477,8489,4,4:3,8490,8493,4,1:3,,,,,,16,4,8,1
dense,1,118,2,c,5,0,17408,4,8505,8505,,8522,8521,8533,8534,,,0,,,,0,,,,0,,8506,8518,4,4:3,8508,8520,4,4:3,8509,8521,4,4:3,8522,8525,4,1:3,,,,,,16,4,8,1
dense,1,119,2,c,6,0,17536,4,8537,8537,,8554,8553,8565,8566,,,0,,,,0,,,,0,,8538,8550,4,4:3,8540,8552,4,4:3,8541,8553,4,4:3,8554,8557,4,1:3,,,,,,16,4,8,1
dense,1,120,2,c,7,0,17664,4,8569,8569,,8586,8585,8597,8598,,,0,,,,0,,,,0,,8570,8582,4,4:3,8572,8584,4,4:3,8573,8585,4,4:3,8586,8589,4,1:3,,,,,,16,4,8,1
dense,1,121,3,a,0,0,64,16,8607,8607,8608,,,,8651,8618,8633,16,1:15,8634,8649,16,1:15,8635,8650,16,1:15,,,0,,,,0,,,,0,,,,0,,1,10,15,17,1,,,,
dense,1,122,3,a,0,16,192,16,8654,8654,8655,,,,8698,8665,8680,16,1:15,8681,8696,16,1:15,8682,8697,16,1:15,,,0,,,,0,,,,0,,,,0,,1,10,15,17,1,,,,
dense,1,123,3,a,1,0,320,16,8701,8701,8702,,,,8745,8712,8727,16,1:15,8728,8743,16,1:15,8729,8744,16,1:15,,,0,,,,0,,,,0,,,,0,,1,10,15,17,1,,,,
dense,1,124,3,a,1,16,448,16,8748,8748,8749,,,,8792,8759,8774,16,1:15,8775,8790,16,1:15,8776,8791,16,1:15,,,0,,,,0,,,,0,,,,0,,1,10,15,17,1,,,,
dense,1,125,3,a,2,0,576,16,8795,8795,8796,,,,8839,8806,8821,16,1:15,8822,8837,16,1:15,8823,8838,16,1:15,,,0,,,,0,,,,0,,,,0,,1,10,15,17,1,,,,
dense,1,126,3,a,2,16,704,16,8842,8842,8843,,,,8886,8853,8868,16,1:15,8869,8884,16,1:15,8870,8885,16,1:15,,,0,,,,0,,,,0,,,,0,,1,10,15,17,1,,,,
dense,1,127,3,a,3,0,832,16,8889,8889,8890,,,,8933,8900,8915,16,1:15,8916,8931,16,1:15,8917,8932,16,1:15,,,0,,,,0,,,,0,,,,0,,1,10,15,17,1,,,,
dense,1,128,3,a,3,16,960,16,8936,8936,8937,,,,8980,8947,8962,16,1:15,8963,8978,16,1:15,8964,8979,16,1:15,,,0,,,,0,,,,0,,,,0,,1,10,15,17,1,,,,
dense,1,129,3,a,4,0,1088,16,8983,8983,8984,,,,9027,8994,9009,16,1:15,9010,9025,16,1:15,9011,9026,16,1:15,,,0,,,,0,,,,0,,,,0,,1,10,15,17,1,,,,
dense,1,130,3,a,4,16,1216,16,9030,9030,9031,,,,9074,9041,9056,16,1:15,9057,9072,16,1:15,9058,9073,16,1:15,,,0,,,,0,,,,0,,,,0,,1,10,15,17,1,,,,
dense,1,131,3,a,5,0,1344,16,9077,9077,9078,,,,9121,9088,9103,16,1:15,9104,9119,16,1:15,9105,9120,16,1:15,,,0,,,,0,,,,0,,,,0,,1,10,15,17,1,,,,
dense,1,132,3,a,5,16,1472,16,9124,9124,9125,,,,9168,9135,9150,16,1:15,9151,9166,16,1:15,9152,9167,16,1:15,,,0,,,,0,,,,0,,,,0,,1,10,15,17,1,,,,
dense,1,133,3,a,6,0,1600,16,9171,9171,9172,,,,9215,9182,9197,16,1:15,9198,9213,16,1:15,9199,9214,16,1:15,,,0,,,,0,,,,0,,,,0,,1,10,15,17,1,,,,
dense,1,134,3,a,6,16,1728,16,9218,9218,9219,,,,9262,9229,9244,16,1:15,9245,9260,16,1:15,9246,9261,16,1:15,,,0,,,,0,,,,0,,,,0,,1,10,15,17,1,,,,
dense,1,135,3,a,7,0,1856,16,9265,9265,9266,,,,9309,9276,9291,16,1:15,9292,9307,16,1:15,9293,9308,16,1:15,,,0,,,,0,,,,0,,,,0,,1,10,15,17,1,,,,
dense,1,136,3,a,7,16,1984,16,9312,9312,9313,,,,9356,9323,9338,16,1:15,9339,9354,16,1:15,9340,9355,16,1:15,,,0,,,,0,,,,0,,,,0,,1,10,15,17,1,,,,
dense,1,137,3,bt,0,0,14528,16,9364,9364,9365,,,,9408,9375,9390,16,1:15,9391,9406,16,1:15,9392,9407,16,1:15,,,0,,,,0,,,,0,,,,0,,1,10,15,17,1,,,,
dense,1,138,3,bt,0,16,14656,16,9411,9411,9412,,,,9455,9422,9437,16,1:15,9438,9453,16,1:15,9439,9454,16,1:15,,,0,,,,0,,,,0,,,,0,,1,10,15,17,1,,,,
dense,1,139,3,bt,1,0,14784,16,9458,9458,9459,,,,9502,9469,9484,16,1:15,9485,9500,16,1:15,9486,9501,16,1:15,,,0,,,,0,,,,0,,,,0,,1,10,15,17,1,,,,
dense,1,140,3,bt,1,16,14912,16,9505,9505,9506,,,,9549,9516,9531,16,1:15,9532,9547,16,1:15,9533,9548,16,1:15,,,0,,,,0,,,,0,,,,0,,1,10,15,17,1,,,,
dense,1,141,3,bt,2,0,15040,16,9552,9552,9553,,,,9596,9563,9578,16,1:15,9579,9594,16,1:15,9580,9595,16,1:15,,,0,,,,0,,,,0,,,,0,,1,10,15,17,1,,,,
dense,1,142,3,bt,2,16,15168,16,9599,9599,9600,,,,9643,9610,9625,16,1:15,9626,9641,16,1:15,9627,9642,16,1:15,,,0,,,,0,,,,0,,,,0,,1,10,15,17,1,,,,
dense,1,143,3,bt,3,0,15296,16,9646,9646,9647,,,,9690,9657,9672,16,1:15,9673,9688,16,1:15,9674,9689,16,1:15,,,0,,,,0,,,,0,,,,0,,1,10,15,17,1,,,,
dense,1,144,3,bt,3,16,15424,16,9693,9693,9694,,,,9737,9704,9719,16,1:15,9720,9735,16,1:15,9721,9736,16,1:15,,,0,,,,0,,,,0,,,,0,,1,10,15,17,1,,,,
dense,1,145,3,bt,4,0,15552,16,9740,9740,9741,,,,9784,9751,9766,16,1:15,9767,9782,16,1:15,9768,9783,16,1:15,,,0,,,,0,,,,0,,,,0,,1,10,15,17,1,,,,
dense,1,146,3,bt,4,16,15680,16,9787,9787,9788,,,,9831,9798,9813,16,1:15,9814,9829,16,1:15,9815,9830,16,1:15,,,0,,,,0,,,,0,,,,0,,1,10,15,17,1,,,,
dense,1,147,3,bt,5,0,15808,16,9834,9834,9835,,,,9878,9845,9860,16,1:15,9861,9876,16,1:15,9862,9877,16,1:15,,,0,,,,0,,,,0,,,,0,,1,10,15,17,1,,,,
dense,1,148,3,bt,5,16,15936,16,9881,9881,9882,,,,9925,9892,9907,16,1:15,9908,9923,16,1:15,9909,9924,16,1:15,,,0,,,,0,,,,0,,,,0,,1,10,15,17,1,,,,
dense,1,149,3,bt,6,0,16064,16,9928,9928,9929,,,,9972,9939,9954,16,1:15,9955,9970,16,1:15,9956,9971,16,1:15,,,0,,,,0,,,,0,,,,0,,1,10,15,17,1,,,,
dense,1,150,3,bt,6,16,16192,16,9975,9975,9976,,,,10019,9986,10001,16,1:15,10002,10017,16,1:15,10003,10018,16,1:15,,,0,,,,0,,,,0,,,,0,,1,10,15,17,1,,,,
dense,1,151,3,bt,7,0,16320,8,10022,10022,10023,,,,10050,10033,10040,8,1:7,10041,10048,8,1:7,10042,10049,8,1:7,,,0,,,,0,,,,0,,,,0,,1,10,7,9,1,,,,
dense,1,152,3,bt,7,8,16384,16,10053,10053,10054,,,,10097,10064,10079,16,1:15,10080,10095,16,1:15,10081,10096,16,1:15,,,0,,,,0,,,,0,,,,0,,1,10,15,17,1,,,,
dense,1,153,3,bt,7,24,16512,8,10100,10100,10101,,,,10128,10111,10118,8,1:7,10119,10126,8,1:7,10120,10127,8,1:7,,,0,,,,0,,,,0,,,,0,,1,10,7,9,1,,,,
dense,1,154,3,c,0,0,16800,4,11222,11222,,11239,11238,11250,11251,,,0,,,,0,,,,0,,11223,11235,4,4:3,11225,11237,4,4:3,11226,11238,4,4:3,11239,11242,4,1:3,,,,,,16,4,8,1
dense,1,155,3,c,1,0,16928,4,11254,11254,,11271,11270,11282,11283,,,0,,,,0,,,,0,,11255,11267,4,4:3,11257,11269,4,4:3,11258,11270,4,4:3,11271,11274,4,1:3,,,,,,16,4,8,1
dense,1,156,3,c,2,0,17056,4,11286,11286,,11303,11302,11314,11315,,,0,,,,0,,,,0,,11287,11299,4,4:3,11289,11301,4,4:3,11290,11302,4,4:3,11303,11306,4,1:3,,,,,,16,4,8,1
dense,1,157,3,c,3,0,17184,4,11318,11318,,11335,11334,11346,11347,,,0,,,,0,,,,0,,11319,11331,4,4:3,11321,11333,4,4:3,11322,11334,4,4:3,11335,11338,4,1:3,,,,,,16,4,8,1
dense,1,158,3,c,4,0,17312,4,11350,11350,,11367,11366,11378,11379,,,0,,,,0,,,,0,,11351,11363,4,4:3,11353,11365,4,4:3,11354,11366,4,4:3,11367,11370,4,1:3,,,,,,16,4,8,1
dense,1,159,3,c,5,0,17440,4,11382,11382,,11399,11398,11410,11411,,,0,,,,0,,,,0,,11383,11395,4,4:3,11385,11397,4,4:3,11386,11398,4,4:3,11399,11402,4,1:3,,,,,,16,4,8,1
dense,1,160,3,c,6,0,17568,4,11414,11414,,11431,11430,11442,11443,,,0,,,,0,,,,0,,11415,11427,4,4:3,11417,11429,4,4:3,11418,11430,4,4:3,11431,11434,4,1:3,,,,,,16,4,8,1
dense,1,161,3,c,7,0,17696,4,11446,11446,,11463,11462,11474,11475,,,0,,,,0,,,,0,,11447,11459,4,4:3,11449,11461,4,4:3,11450,11462,4,4:3,11463,11466,4,1:3,,,,,,16,4,8,1
dense,1,162,4,a,0,0,2112,16,11484,11484,11485,,,,11528,11495,11510,16,1:15,11511,11526,16,1:15,11512,11527,16,1:15,,,0,,,,0,,,,0,,,,0,,1,10,15,17,1,,,,
dense,1,163,4,a,0,16,2240,16,11531,11531,11532,,,,11575,11542,11557,16,1:15,11558,11573,16,1:15,11559,11574,16,1:15,,,0,,,,0,,,,0,,,,0,,1,10,15,17,1,,,,
dense,1,164,4,a,1,0,2368,16,11578,11578,11579,,,,11622,11589,11604,16,1:15,11605,11620,16,1:15,11606,11621,16,1:15,,,0,,,,0,,,,0,,,,0,,1,10,15,17,1,,,,
dense,1,165,4,a,1,16,2496,16,11625,11625,11626,,,,11669,11636,11651,16,1:15,11652,11667,16,1:15,11653,11668,16,1:15,,,0,,,,0,,,,0,,,,0,,1,10,15,17,1,,,,
dense,1,166,4,a,2,0,2624,16,11672,11672,11673,,,,11716,11683,11698,16,1:15,11699,11714,16,1:15,11700,11715,16,1:15,,,0,,,,0,,,,0,,,,0,,1,10,15,17,1,,,,
dense,1,167,4,a,2,16,2752,16,11719,11719,11720,,,,11763,11730,11745,16,1:15,11746,11761,16,1:15,11747,11762,16,1:15,,,0,,,,0,,,,0,,,,0,,1,10,15,17,1,,,,
dense,1,168,4,a,3,0,2880,16,11766,11766,11767,,,,11810,11777,11792,16,1:15,11793,11808,16,1:15,11794,11809,16,1:15,,,0,,,,0,,,,0,,,,0,,1,10,15,17,1,,,,
dense,1,169,4,a,3,16,3008,16,11813,11813,11814,,,,11857,11824,11839,16,1:15,11840,11855,16,1:15,11841,11856,16,1:15,,,0,,,,0,,,,0,,,,0,,1,10,15,17,1,,,,
dense,1,170,4,a,4,0,3136,16,11860,11860,11861,,,,11904,11871,11886,16,1:15,11887,11902,16,1:15,11888,11903,16,1:15,,,0,,,,0,,,,0,,,,0,,1,10,15,17,1,,,,
dense,1,171,4,a,4,16,3264,16,11907,11907,11908,,,,11951,11918,11933,16,1:15,11934,11949,16,1:15,11935,11950,16,1:15,,,0,,,,0,,,,0,,,,0,,1,10,15,17,1,,,,
dense,1,172,4,a,5,0,3392,16,11954,11954,11955,,,,11998,11965,11980,16,1:15,11981,11996,16,1:15,11982,11997,16,1:15,,,0,,,,0,,,,0,,,,0,,1,10,15,17,1,,,,
dense,1,173,4,a,5,16,3520,16,12001,12001,12002,,,,12045,12012,12027,16,1:15,12028,12043,16,1:15,12029,12044,16,1:15,,,0,,,,0,,,,0,,,,0,,1,10,15,17,1,,,,
dense,1,174,4,a,6,0,3648,16,12048,12048,12049,,,,12092,12059,12074,16,1:15,12075,12090,16,1:15,12076,12091,16,1:15,,,0,,,,0,,,,0,,,,0,,1,10,15,17,1,,,,
dense,1,175,4,a,6,16,3776,16,12095,12095,12096,,,,12139,12106,12121,16,1:15,12122,12137,16,1:15,12123,12138,16,1:15,,,0,,,,0,,,,0,,,,0,,1,10,15,17,1,,,,
dense,1,176,4,a,7,0,3904,16,12142,12142,12143,,,,12186,12153,12168,16,1:15,12169,12184,16,1:15,12170,12185,16,1:15,,,0,,,,0,,,,0,,,,0,,1,10,15,17,1,,,,
dense,1,177,4,a,7,16,4032,8,12189,12189,12190,,,,12217,12200,12207,8,1:7,12208,12215,8,1:7,12209,12216,8,1:7,,,0,,,,0,,,,0,,,,0,,1,10,7,9,1,,,,
dense,1,178,4,a,7,24,4096,8,12220,12220,12221,,,,12248,12231,12238,8,1:7,12239,12246,8,1:7,12240,12247,8,1:7,,,0,,,,0,,,,0,,,,0,,1,10,7,9,1,,,,
dense,1,179,4,bt,0,0,8384,16,12256,12256,12257,,,,12300,12267,12282,16,1:15,12283,12298,16,1:15,12284,12299,16,1:15,,,0,,,,0,,,,0,,,,0,,1,10,15,17,1,,,,
dense,1,180,4,bt,0,16,8512,16,12303,12303,12304,,,,12347,12314,12329,16,1:15,12330,12345,16,1:15,12331,12346,16,1:15,,,0,,,,0,,,,0,,,,0,,1,10,15,17,1,,,,
dense,1,181,4,bt,1,0,8640,16,12350,12350,12351,,,,12394,12361,12376,16,1:15,12377,12392,16,1:15,12378,12393,16,1:15,,,0,,,,0,,,,0,,,,0,,1,10,15,17,1,,,,
dense,1,182,4,bt,1,16,8768,16,12397,12397,12398,,,,12441,12408,12423,16,1:15,12424,12439,16,1:15,12425,12440,16,1:15,,,0,,,,0,,,,0,,,,0,,1,10,15,17,1,,,,
dense,1,183,4,bt,2,0,8896,16,12444,12444,12445,,,,12488,12455,12470,16,1:15,12471,12486,16,1:15,12472,12487,16,1:15,,,0,,,,0,,,,0,,,,0,,1,10,15,17,1,,,,
dense,1,184,4,bt,2,16,9024,16,12491,12491,12492,,,,12535,12502,12517,16,1:15,12518,12533,16,1:15,12519,12534,16,1:15,,,0,,,,0,,,,0,,,,0,,1,10,15,17,1,,,,
dense,1,185,4,bt,3,0,9152,16,12538,12538,12539,,,,12582,12549,12564,16,1:15,12565,12580,16,1:15,12566,12581,16,1:15,,,0,,,,0,,,,0,,,,0,,1,10,15,17,1,,,,
dense,1,186,4,bt,3,16,9280,16,12585,12585,12586,,,,12629,12596,12611,16,1:15,12612,12627,16,1:15,12613,12628,16,1:15,,,0,,,,0,,,,0,,,,0,,1,10,15,17,1,,,,
dense,1,187,4,bt,4,0,9408,16,12632,12632,12633,,,,12676,12643,12658,16,1:15,12659,12674,16,1:15,12660,12675,16,1:15,,,0,,,,0,,,,0,,,,0,,1,10,15,17,1,,,,
dense,1,188,4,bt,4,16,9536,16,12679,12679,12680,,,,12723,12690,12705,16,1:15,12706,12721,16,1:15,12707,12722,16,1:15,,,0,,,,0,,,,0,,,,0,,1,10,15,17,1,,,,
dense,1,189,4,bt,5,0,9664,16,12726,12726,12727,,,,12770,12737,12752,16,1:15,12753,12768,16,1:15,12754,12769,16,1:15,,,0,,,,0,,,,0,,,,0,,1,10,15,17,1,,,,
dense,1,190,4,bt,5,16,9792,16,12773,12773,12774,,,,12817,12784,12799,16,1:15,12800,12815,16,1:15,12801,12816,16,1:15,,,0,,,,0,,,,0,,,,0,,1,10,15,17,1,,,,
dense,1,191,4,bt,6,0,9920,16,12820,12820,12821,,,,12864,12831,12846,16,1:15,12847,12862,16,1:15,12848,12863,16,1:15,,,0,,,,0,,,,0,,,,0,,1,10,15,17,1,,,,
dense,1,192,4,bt,6,16,10048,16,12867,12867,12868,,,,12911,12878,12893,16,1:15,12894,12909,16,1:15,12895,12910,16,1:15,,,0,,,,0,,,,0,,,,0,,1,10,15,17,1,,,,
dense,1,193,4,bt,7,0,10176,16,12914,12914,12915,,,,12958,12925,12940,16,1:15,12941,12956,16,1:15,12942,12957,16,1:15,,,0,,,,0,,,,0,,,,0,,1,10,15,17,1,,,,
dense,1,194,4,bt,7,16,10304,16,12961,12961,12962,,,,13005,12972,12987,16,1:15,12988,13003,16,1:15,12989,13004,16,1:15,,,0,,,,0,,,,0,,,,0,,1,10,15,17,1,,,,
dense,1,195,4,c,0,0,17728,4,14099,14099,,14116,14115,14127,14128,,,0,,,,0,,,,0,,14100,14112,4,4:3,14102,14114,4,4:3,14103,14115,4,4:3,14116,14119,4,1:3,,,,,,16,4,8,1
dense,1,196,4,c,1,0,17856,4,14131,14131,,14148,14147,14159,14160,,,0,,,,0,,,,0,,14132,14144,4,4:3,14134,14146,4,4:3,14135,14147,4,4:3,14148,14151,4,1:3,,,,,,16,4,8,1
dense,1,197,4,c,2,0,17984,4,14163,14163,,14180,14179,14191,14192,,,0,,,,0,,,,0,,14164,14176,4,4:3,14166,14178,4,4:3,14167,14179,4,4:3,14180,14183,4,1:3,,,,,,16,4,8,1
dense,1,198,4,c,3,0,18112,4,14195,14195,,14212,14211,14223,14224,,,0,,,,0,,,,0,,14196,14208,4,4:3,14198,14210,4,4:3,14199,14211,4,4:3,14212,14215,4,1:3,,,,,,16,4,8,1
dense,1,199,4,c,4,0,18240,4,14227,14227,,14244,14243,14255,14256,,,0,,,,0,,,,0,,14228,14240,4,4:3,14230,14242,4,4:3,14231,14243,4,4:3,14244,14247,4,1:3,,,,,,16,4,8,1
dense,1,200,4,c,5,0,18368,4,14259,14259,,14276,14275,14287,14288,,,0,,,,0,,,,0,,14260,14272,4,4:3,14262,14274,4,4:3,14263,14275,4,4:3,14276,14279,4,1:3,,,,,,16,4,8,1
dense,1,201,4,c,6,0,18496,4,14291,14291,,14308,14307,14319,14320,,,0,,,,0,,,,0,,14292,14304,4,4:3,14294,14306,4,4:3,14295,14307,4,4:3,14308,14311,4,1:3,,,,,,16,4,8,1
dense,1,202,4,c,7,0,18624,4,14323,14323,,14340,14339,14351,14352,,,0,,,,0,,,,0,,14324,14336,4,4:3,14326,14338,4,4:3,14327,14339,4,4:3,14340,14343,4,1:3,,,,,,16,4,8,1
dense,1,203,5,a,0,0,2112,16,14361,14361,14362,,,,14405,14372,14387,16,1:15,14388,14403,16,1:15,14389,14404,16,1:15,,,0,,,,0,,,,0,,,,0,,1,10,15,17,1,,,,
dense,1,204,5,a,0,16,2240,16,14408,14408,14409,,,,14452,14419,14434,16,1:15,14435,14450,16,1:15,14436,14451,16,1:15,,,0,,,,0,,,,0,,,,0,,1,10,15,17,1,,,,
dense,1,205,5,a,1,0,2368,16,14455,14455,14456,,,,14499,14466,14481,16,1:15,14482,14497,16,1:15,14483,14498,16,1:15,,,0,,,,0,,,,0,,,,0,,1,10,15,17,1,,,,
dense,1,206,5,a,1,16,2496,16,14502,14502,14503,,,,14546,14513,14528,16,1:15,14529,14544,16,1:15,14530,14545,16,1:15,,,0,,,,0,,,,0,,,,0,,1,10,15,17,1,,,,
dense,1,207,5,a,2,0,2624,16,14549,14549,14550,,,,14593,14560,14575,16,1:15,14576,14591,16,1:15,14577,14592,16,1:15,,,0,,,,0,,,,0,,,,0,,1,10,15,17,1,,,,
dense,1,208,5,a,2,16,2752,16,14596,14596,14597,,,,14640,14607,14622,16,1:15,14623,14638,16,1:15,14624,14639,16,1:15,,,0,,,,0,,,,0,,,,0,,1,10,15,17,1,,,,
dense,1,209,5,a,3,0,2880,16,14643,14643,14644,,,,14687,14654,14669,16,1:15,14670,14685,16,1:15,14671,14686,16,1:15,,,0,,,,0,,,,0,,,,0,,1,10,15,17,1,,,,
dense,1,210,5,a,3,16,3008,16,14690,14690,14691,,,,14734,14701,14716,16,1:15,14717,14732,16,1:15,14718,14733,16,1:15,,,0,,,,0,,,,0,,,,0,,1,10,15,17,1,,,,
dense,1,211,5,a,4,0,3136,16,14737,14737,14738,,,,14781,14748,14763,16,1:15,14764,14779,16,1:15,14765,14780,16,1:15,,,0,,,,0,,,,0,,,,0,,1,10,15,17,1,,,,
dense,1,212,5,a,4,16,3264,16,14784,14784,14785,,,,14828,14795,14810,16,1:15,14811,14826,16,1:15,14812,14827,16,1:15,,,0,,,,0,,,,0,,,,0,,1,10,15,17,1,,,,
dense,1,213,5,a,5,0,3392,16,14831,14831,14832,,,,14875,14842,14857,16,1:15,14858,14873,16,1:15,14859,14874,16,1:15,,,0,,,,0,,,,0,,,,0,,1,10,15,17,1,,,,
dense,1,214,5,a,5,16,3520,16,14878,14878,14879,,,,14922,14889,14904,16,1:15,14905,14920,16,1:15,14906,14921,16,1:15,,,0,,,,0,,,,0,,,,0,,1,10,15,17,1,,,,
dense,1,215,5,a,6,0,3648,16,14925,14925,14926,,,,14969,14936,14951,16,1:15,14952,14967,16,1:15,14953,14968,16,1:15,,,0,,,,0,,,,0,,,,0,,1,10,15,17,1,,,,
dense,1,216,5,a,6,16,3776,16,14972,14972,14973,,,,15016,14983,14998,16,1:15,14999,15014,16,1:15,15000,15015,16,1:15,,,0,,,,0,,,,0,,,,0,,1,10,15,17,1,,,,
dense,1,217,5,a,7,0,3904,16,15019,15019,15020,,,,15063,15030,15045,16,1:15,15046,15061,16,1:15,15047,15062,16,1:15,,,0,,,,0,,,,0,,,,0,,1,10,15,17,1,,,,
dense,1,218,5,a,7,16,4032,8,15066,15066,15067,,,,15094,15077,15084,8,1:7,15085,15092,8,1:7,15086,15093,8,1:7,,,0,,,,0,,,,0,,,,0,,1,10,7,9,1,,,,
dense,1,219,5,a,7,24,4096,8,15097,15097,15098,,,,15125,15108,15115,8,1:7,15116,15123,8,1:7,15117,15124,8,1:7,,,0,,,,0,,,,0,,,,0,,1,10,7,9,1,,,,
dense,1,220,5,bt,0,0,10432,16,15133,15133,15134,,,,15177,15144,15159,16,1:15,15160,15175,16,1:15,15161,15176,16,1:15,,,0,,,,0,,,,0,,,,0,,1,10,15,17,1,,,,
dense,1,221,5,bt,0,16,10560,16,15180,15180,15181,,,,15224,15191,15206,16,1:15,15207,15222,16,1:15,15208,15223,16,1:15,,,0,,,,0,,,,0,,,,0,,1,10,15,17,1,,,,
dense,1,222,5,bt,1,0,10688,16,15227,15227,15228,,,,15271,15238,15253,16,1:15,15254,15269,16,1:15,15255,15270,16,1:15,,,0,,,,0,,,,0,,,,0,,1,10,15,17,1,,,,
dense,1,223,5,bt,1,16,10816,16,15274,15274,15275,,,,15318,15285,15300,16,1:15,15301,15316,16,1:15,15302,15317,16,1:15,,,0,,,,0,,,,0,,,,0,,1,10,15,17,1,,,,
dense,1,224,5,bt,2,0,10944,16,15321,15321,15322,,,,15365,15332,15347,16,1:15,15348,15363,16,1:15,15349,15364,16,1:15,,,0,,,,0,,,,0,,,,0,,1,10,15,17,1,,,,
dense,1,225,5,bt,2,16,11072,16,15368,15368,15369,,,,15412,15379,15394,16,1:15,15395,15410,16,1:15,15396,15411,16,1:15,,,0,,,,0,,,,0,,,,0,,1,10,15,17,1,,,,
dense,1,226,5,bt,3,0,11200,16,15415,15415,15416,,,,15459,15426,15441,16,1:15,15442,15457,16,1:15,15443,15458,16,1:15,,,0,,,,0,,,,0,,,,0,,1,10,15,17,1,,,,
dense,1,227,5,bt,3,16,11328,16,15462,15462,15463,,,,15506,15473,15488,16,1:15,15489,15504,16,1:15,15490,15505,16,1:15,,,0,,,,0,,,,0,,,,0,,1,10,15,17,1,,,,
dense,1,228,5,bt,4,0,11456,16,15509,15509,15510,,,,15553,15520,15535,16,1:15,15536,15551,16,1:15,15537,15552,16,1:15,,,0,,,,0,,,,0,,,,0,,1,10,15,17,1,,,,
dense,1,229,5,bt,4,16,11584,16,15556,15556,15557,,,,15600,15567,15582,16,1:15,15583,15598,16,1:15,15584,15599,16,1:15,,,0,,,,0,,,,0,,,,0,,1,10,15,17,1,,,,
dense,1,230,5,bt,5,0,11712,16,15603,15603,15604,,,,15647,15614,15629,16,1:15,15630,15645,16,1:15,15631,15646,16,1:15,,,0,,,,0,,,,0,,,,0,,1,10,15,17,1,,,,
dense,1,231,5,bt,5,16,11840,16,15650,15650,15651,,,,15694,15661,15676,16,1:15,15677,15692,16,1:15,15678,15693,16,1:15,,,0,,,,0,,,,0,,,,0,,1,10,15,17,1,,,,
dense,1,232,5,bt,6,0,11968,16,15697,15697,15698,,,,15741,15708,15723,16,1:15,15724,15739,16,1:15,15725,15740,16,1:15,,,0,,,,0,,,,0,,,,0,,1,10,15,17,1,,,,
dense,1,233,5,bt,6,16,12096,16,15744,15744,15745,,,,15788,15755,15770,16,1:15,15771,15786,16,1:15,15772,15787,16,1:15,,,0,,,,0,,,,0,,,,0,,1,10,15,17,1,,,,
dense,1,234,5,bt,7,0,12224,8,15791,15791,15792,,,,15819,15802,15809,8,1:7,15810,15817,8,1:7,15811,15818,8,1:7,,,0,,,,0,,,,0,,,,0,,1,10,7,9,1,,,,
dense,1,235,5,bt,7,8,12288,16,15822,15822,15823,,,,15866,15833,15848,16,1:15,15849,15864,16,1:15,15850,15865,16,1:15,,,0,,,,0,,,,0,,,,0,,1,10,15,17,1,,,,
dense,1,236,5,bt,7,24,12416,8,15869,15869,15870,,,,15897,15880,15887,8,1:7,15888,15895,8,1:7,15889,15896,8,1:7,,,0,,,,0,,,,0,,,,0,,1,10,7,9,1,,,,
dense,1,237,5,c,0,0,17760,4,16991,16991,,17008,17007,17019,17020,,,0,,,,0,,,,0,,16992,17004,4,4:3,16994,17006,4,4:3,16995,17007,4,4:3,17008,17011,4,1:3,,,,,,16,4,8,1
dense,1,238,5,c,1,0,17888,4,17023,17023,,17040,17039,17051,17052,,,0,,,,0,,,,0,,17024,17036,4,4:3,17026,17038,4,4:3,17027,17039,4,4:3,17040,17043,4,1:3,,,,,,16,4,8,1
dense,1,239,5,c,2,0,18016,4,17055,17055,,17072,17071,17083,17084,,,0,,,,0,,,,0,,17056,17068,4,4:3,17058,17070,4,4:3,17059,17071,4,4:3,17072,17075,4,1:3,,,,,,16,4,8,1
dense,1,240,5,c,3,0,18144,4,17087,17087,,17104,17103,17115,17116,,,0,,,,0,,,,0,,17088,17100,4,4:3,17090,17102,4,4:3,17091,17103,4,4:3,17104,17107,4,1:3,,,,,,16,4,8,1
dense,1,241,5,c,4,0,18272,4,17119,17119,,17136,17135,17147,17148,,,0,,,,0,,,,0,,17120,17132,4,4:3,17122,17134,4,4:3,17123,17135,4,4:3,17136,17139,4,1:3,,,,,,16,4,8,1
dense,1,242,5,c,5,0,18400,4,17151,17151,,17168,17167,17179,17180,,,0,,,,0,,,,0,,17152,17164,4,4:3,17154,17166,4,4:3,17155,17167,4,4:3,17168,17171,4,1:3,,,,,,16,4,8,1
dense,1,243,5,c,6,0,18528,4,17183,17183,,17200,17199,17211,17212,,,0,,,,0,,,,0,,17184,17196,4,4:3,17186,17198,4,4:3,17187,17199,4,4:3,17200,17203,4,1:3,,,,,,16,4,8,1
dense,1,244,5,c,7,0,18656,4,17215,17215,,17232,17231,17243,17244,,,0,,,,0,,,,0,,17216,17228,4,4:3,17218,17230,4,4:3,17219,17231,4,4:3,17232,17235,4,1:3,,,,,,16,4,8,1
dense,1,245,6,a,0,0,2112,16,17253,17253,17254,,,,17297,17264,17279,16,1:15,17280,17295,16,1:15,17281,17296,16,1:15,,,0,,,,0,,,,0,,,,0,,1,10,15,17,1,,,,
dense,1,246,6,a,0,16,2240,16,17300,17300,17301,,,,17344,17311,17326,16,1:15,17327,17342,16,1:15,17328,17343,16,1:15,,,0,,,,0,,,,0,,,,0,,1,10,15,17,1,,,,
dense,1,247,6,a,1,0,2368,16,17347,17347,17348,,,,17391,17358,17373,16,1:15,17374,17389,16,1:15,17375,17390,16,1:15,,,0,,,,0,,,,0,,,,0,,1,10,15,17,1,,,,
dense,1,248,6,a,1,16,2496,16,17394,17394,17395,,,,17438,17405,17420,16,1:15,17421,17436,16,1:15,17422,17437,16,1:15,,,0,,,,0,,,,0,,,,0,,1,10,15,17,1,,,,
dense,1,249,6,a,2,0,2624,16,17441,17441,17442,,,,17485,17452,17467,16,1:15,17468,17483,16,1:15,17469,17484,16,1:15,,,0,,,,0,,,,0,,,,0,,1,10,15,17,1,,,,
dense,1,250,6,a,2,16,2752,16,17488,17488,17489,,,,17532,17499,17514,16,1:15,17515,17530,16,1:15,17516,17531,16,1:15,,,0,,,,0,,,,0,,,,0,,1,10,15,17,1,,,,
dense,1,251,6,a,3,0,2880,16,17535,17535,17536,,,,17579,17546,17561,16,1:15,17562,17577,16,1:15,17563,17578,16,1:15,,,0,,,,0,,,,0,,,,0,,1,10,15,17,1,,,,
dense,1,252,6,a,3,16,3008,16,17582,17582,17583,,,,17626,17593,17608,16,1:15,17609,17624,16,1:15,17610,17625,16,1:15,,,0,,,,0,,,,0,,,,0,,1,10,15,17,1,,,,
dense,1,253,6,a,4,0,3136,16,17629,17629,17630,,,,17673,17640,17655,16,1:15,17656,17671,16,1:15,17657,17672,16,1:15,,,0,,,,0,,,,0,,,,0,,1,10,15,17,1,,,,
dense,1,254,6,a,4,16,3264,16,17676,17676,17677,,,,17720,17687,17702,16,1:15,17703,17718,16,1:15,17704,17719,16,1:15,,,0,,,,0,,,,0,,,,0,,1,10,15,17,1,,,,
dense,1,255,6,a,5,0,3392,16,17723,17723,17724,,,,17767,17734,17749,16,1:15,17750,17765,16,1:15,17751,17766,16,1:15,,,0,,,,0,,,,0,,,,0,,1,10,15,17,1,,,,
dense,1,256,6,a,5,16,3520,16,17770,17770,17771,,,,17814,17781,17796,16,1:15,17797,17812,16,1:15,17798,17813,16,1:15,,,0,,,,0,,,,0,,,,0,,1,10,15,17,1,,,,
dense,1,257,6,a,6,0,3648,16,17817,17817,17818,,,,17861,17828,17843,16,1:15,17844,17859,16,1:15,17845,17860,16,1:15,,,0,,,,0,,,,0,,,,0,,1,10,15,17,1,,,,
dense,1,258,6,a,6,16,3776,16,17864,17864,17865,,,,17908,17875,17890,16,1:15,17891,17906,16,1:15,17892,17907,16,1:15,,,0,,,,0,,,,0,,,,0,,1,10,15,17,1,,,,
dense,1,259,6,a,7,0,3904,16,17911,17911,17912,,,,17955,17922,17937,16,1:15,17938,17953,16,1:15,17939,17954,16,1:15,,,0,,,,0,,,,0,,,,0,,1,10,15,17,1,,,,
dense,1,260,6,a,7,16,4032,8,17958,17958,17959,,,,17986,17969,17976,8,1:7,17977,17984,8,1:7,17978,17985,8,1:7,,,0,,,,0,,,,0,,,,0,,1,10,7,9,1,,,,
dense,1,261,6,a,7,24,4096,8,17989,17989,17990,,,,18017,18000,18007,8,1:7,18008,18015,8,1:7,18009,18016,8,1:7,,,0,,,,0,,,,0,,,,0,,1,10,7,9,1,,,,
dense,1,262,6,bt,0,0,12480,16,18025,18025,18026,,,,18069,18036,18051,16,1:15,18052,18067,16,1:15,18053,18068,16,1:15,,,0,,,,0,,,,0,,,,0,,1,10,15,17,1,,,,
dense,1,263,6,bt,0,16,12608,16,18072,18072,18073,,,,18116,18083,18098,16,1:15,18099,18114,16,1:15,18100,18115,16,1:15,,,0,,,,0,,,,0,,,,0,,1,10,15,17,1,,,,
dense,1,264,6,bt,1,0,12736,16,18119,18119,18120,,,,18163,18130,18145,16,1:15,18146,18161,16,1:15,18147,18162,16,1:15,,,0,,,,0,,,,0,,,,0,,1,10,15,17,1,,,,
dense,1,265,6,bt,1,16,12864,16,18166,18166,18167,,,,18210,18177,18192,16,1:15,18193,18208,16,1:15,18194,18209,16,1:15,,,0,,,,0,,,,0,,,,0,,1,10,15,17,1,,,,
dense,1,266,6,bt,2,0,12992,16,18213,18213,18214,,,,18257,18224,18239,16,1:15,18240,18255,16,1:15,18241,18256,16,1:15,,,0,,,,0,,,,0,,,,0,,1,10,15,17,1,,,,
dense,1,267,6,bt,2,16,13120,16,18260,18260,18261,,,,18304,18271,18286,16,1:15,18287,18302,16,1:15,18288,18303,16,1:15,,,0,,,,0,,,,0,,,,0,,1,10,15,17,1,,,,
dense,1,268,6,bt,3,0,13248,16,18307,18307,18308,,,,18351,18318,18333,16,1:15,18334,18349,16,1:15,18335,18350,16,1:15,,,0,,,,0,,,,0,,,,0,,1,10,15,17,1,,,,
dense,1,269,6,bt,3,16,13376,16,18354,18354,18355,,,,18398,18365,18380,16,1:15,18381,18396,16,1:15,18382,18397,16,1:15,,,0,,,,0,,,,0,,,,0,,1,10,15,17,1,,,,
dense,1,270,6,bt,4,0,13504,16,18401,18401,18402,,,,18445,18412,18427,16,1:15,18428,18443,16,1:15,18429,18444,16,1:15,,,0,,,,0,,,,0,,,,0,,1,10,15,17,1,,,,
dense,1,271,6,bt,4,16,13632,16,18448,18448,18449,,,,18492,18459,18474,16,1:15,18475,18490,16,1:15,18476,18491,16,1:15,,,0,,,,0,,,,0,,,,0,,1,10,15,17,1,,,,
dense,1,272,6,bt,5,0,13760,16,18495,18495,18496,,,,18539,18506,18521,16,1:15,18522,18537,16,1:15,18523,18538,16,1:15,,,0,,,,0,,,,0,,,,0,,1,10,15,17,1,,,,
dense,1,273,6,bt,5,16,13888,16,18542,18542,18543,,,,18586,18553,18568,16,1:15,18569,18584,16,1:15,18570,18585,16,1:15,,,0,,,,0,,,,0,,,,0,,1,10,15,17,1,,,,
dense,1,274,6,bt,6,0,14016,16,18589,18589,18590,,,,18633,18600,18615,16,1:15,18616,18631,16,1:15,18617,18632,16,1:15,,,0,,,,0,,,,0,,,,0,,1,10,15,17,1,,,,
dense,1,275,6,bt,6,16,14144,16,18636,18636,18637,,,,18680,18647,18662,16,1:15,18663,18678,16,1:15,18664,18679,16,1:15,,,0,,,,0,,,,0,,,,0,,1,10,15,17,1,,,,
dense,1,276,6,bt,7,0,14272,16,18683,18683,18684,,,,18727,18694,18709,16,1:15,18710,18725,16,1:15,18711,18726,16,1:15,,,0,,,,0,,,,0,,,,0,,1,10,15,17,1,,,,
dense,1,277,6,bt,7,16,14400,16,18730,18730,18731,,,,18774,18741,18756,16,1:15,18757,18772,16,1:15,18758,18773,16,1:15,,,0,,,,0,,,,0,,,,0,,1,10,15,17,1,,,,
dense,1,278,6,c,0,0,17792,4,19868,19868,,19885,19884,19896,19897,,,0,,,,0,,,,0,,19869,19881,4,4:3,19871,19883,4,4:3,19872,19884,4,4:3,19885,19888,4,1:3,,,,,,16,4,8,1
dense,1,279,6,c,1,0,17920,4,19900,19900,,19917,19916,19928,19929,,,0,,,,0,,,,0,,19901,19913,4,4:3,19903,19915,4,4:3,19904,19916,4,4:3,19917,19920,4,1:3,,,,,,16,4,8,1
dense,1,280,6,c,2,0,18048,4,19932,19932,,19949,19948,19960,19961,,,0,,,,0,,,,0,,19933,19945,4,4:3,19935,19947,4,4:3,19936,19948,4,4:3,19949,19952,4,1:3,,,,,,16,4,8,1
dense,1,281,6,c,3,0,18176,4,19964,19964,,19981,19980,19992,19993,,,0,,,,0,,,,0,,19965,19977,4,4:3,19967,19979,4,4:3,19968,19980,4,4:3,19981,19984,4,1:3,,,,,,16,4,8,1
dense,1,282,6,c,4,0,18304,4,19996,19996,,20013,20012,20024,20025,,,0,,,,0,,,,0,,19997,20009,4,4:3,19999,20011,4,4:3,20000,20012,4,4:3,20013,20016,4,1:3,,,,,,16,4,8,1
dense,1,283,6,c,5,0,18432,4,20028,20028,,20045,20044,20056,20057,,,0,,,,0,,,,0,,20029,20041,4,4:3,20031,20043,4,4:3,20032,20044,4,4:3,20045,20048,4,1:3,,,,,,16,4,8,1
dense,1,284,6,c,6,0,18560,4,20060,20060,,20077,20076,20088,20089,,,0,,,,0,,,,0,,20061,20073,4,4:3,20063,20075,4,4:3,20064,20076,4,4:3,20077,20080,4,1:3,,,,,,16,4,8,1
dense,1,285,6,c,7,0,18688,4,20092,20092,,20109,20108,20120,20121,,,0,,,,0,,,,0,,20093,20105,4,4:3,20095,20107,4,4:3,20096,20108,4,4:3,20109,20112,4,1:3,,,,,,16,4,8,1
dense,1,286,7,a,0,0,2112,16,20130,20130,20131,,,,20174,20141,20156,16,1:15,20157,20172,16,1:15,20158,20173,16,1:15,,,0,,,,0,,,,0,,,,0,,1,10,15,17,1,,,,
dense,1,287,7,a,0,16,2240,16,20177,20177,20178,,,,20221,20188,20203,16,1:15,20204,20219,16,1:15,20205,20220,16,1:15,,,0,,,,0,,,,0,,,,0,,1,10,15,17,1,,,,
dense,1,288,7,a,1,0,2368,16,20224,20224,20225,,,,20268,20235,20250,16,1:15,20251,20266,16,1:15,20252,20267,16,1:15,,,0,,,,0,,,,0,,,,0,,1,10,15,17,1,,,,
dense,1,289,7,a,1,16,2496,16,20271,20271,20272,,,,20315,20282,20297,16,1:15,20298,20313,16,1:15,20299,20314,16,1:15,,,0,,,,0,,,,0,,,,0,,1,10,15,17,1,,,,
dense,1,290,7,a,2,0,2624,16,20318,20318,20319,,,,20362,20329,20344,16,1:15,20345,20360,16,1:15,20346,20361,16,1:15,,,0,,,,0,,,,0,,,,0,,1,10,15,17,1,,,,
dense,1,291,7,a,2,16,2752,16,20365,20365,20366,,,,20409,20376,20391,16,1:15,20392,20407,16,1:15,20393,20408,16,1:15,,,0,,,,0,,,,0,,,,0,,1,10,15,17,1,,,,
dense,1,292,7,a,3,0,2880,16,20412,20412,20413,,,,20456,20423,20438,16,1:15,20439,20454,16,1:15,20440,20455,16,1:15,,,0,,,,0,,,,0,,,,0,,1,10,15,17,1,,,,
dense,1,293,7,a,3,16,3008,16,20459,20459,20460,,,,20503,20470,20485,16,1:15,20486,20501,16,1:15,20487,20502,16,1:15,,,0,,,,0,,,,0,,,,0,,1,10,15,17,1,,,,
dense,1,294,7,a,4,0,3136,16,20506,20506,20507,,,,20550,20517,20532,16,1:15,20533,20548,16,1:15,20534,20549,16,1:15,,,0,,,,0,,,,0,,,,0,,1,10,15,17,1,,,,
dense,1,295,7,a,4,16,3264,16,20553,20553,20554,,,,20597,20564,20579,16,1:15,20580,20595,16,1:15,20581,20596,16,1:15,,,0,,,,0,,,,0,,,,0,,1,10,15,17,1,,,,
dense,1,296,7,a,5,0,3392,16,20600,20600,20601,,,,20644,20611,20626,16,1:15,20627,20642,16,1:15,20628,20643,16,1:15,,,0,,,,0,,,,0,,,,0,,1,10,15,17,1,,,,
dense,1,297,7,a,5,16,3520,16,20647,20647,20648,,,,20691,20658,20673,16,1:15,20674,20689,16,1:15,20675,20690,16,1:15,,,0,,,,0,,,,0,,,,0,,1,10,15,17,1,,,,
dense,1,298,7,a,6,0,3648,16,20694,20694,20695,,,,20738,20705,20720,16,1:15,20721,20736,16,1:15,20722,20737,16,1:15,,,0,,,,0,,,,0,,,,0,,1,10,15,17,1,,,,
dense,1,299,7,a,6,16,3776,16,20741,20741,20742,,,,20785,20752,20767,16,1:15,20768,20783,16,1:15,20769,20784,16,1:15,,,0,,,,0,,,,0,,,,0,,1,10,15,17,1,,,,
dense,1,300,7,a,7,0,3904,16,20788,20788,20789,,,,20832,20799,20814,16,1:15,20815,20830,16,1:15,20816,20831,16,1:15,,,0,,,,0,,,,0,,,,0,,1,10,15,17,1,,,,
dense,1,301,7,a,7,16,4032,8,20835,20835,20836,,,,20863,20846,20853,8,1:7,20854,20861,8,1:7,20855,20862,8,1:7,,,0,,,,0,,,,0,,,,0,,1,10,7,9,1,,,,
dense,1,302,7,a,7,24,4096,8,20866,20866,20867,,,,20894,20877,20884,8,1:7,20885,20892,8,1:7,20886,20893,8,1:7,,,0,,,,0,,,,0,,,,0,,1,10,7,9,1,,,,
dense,1,303,7,bt,0,0,14528,16,20902,20902,20903,,,,20946,20913,20928,16,1:15,20929,20944,16,1:15,20930,20945,16,1:15,,,0,,,,0,,,,0,,,,0,,1,10,15,17,1,,,,
dense,1,304,7,bt,0,16,14656,16,20949,20949,20950,,,,20993,20960,20975,16,1:15,20976,20991,16,1:15,20977,20992,16,1:15,,,0,,,,0,,,,0,,,,0,,1,10,15,17,1,,,,
dense,1,305,7,bt,1,0,14784,16,20996,20996,20997,,,,21040,21007,21022,16,1:15,21023,21038,16,1:15,21024,21039,16,1:15,,,0,,,,0,,,,0,,,,0,,1,10,15,17,1,,,,
dense,1,306,7,bt,1,16,14912,16,21043,21043,21044,,,,21087,21054,21069,16,1:15,21070,21085,16,1:15,21071,21086,16,1:15,,,0,,,,0,,,,0,,,,0,,1,10,15,17,1,,,,
dense,1,307,7,bt,2,0,15040,16,21090,21090,21091,,,,21134,21101,21116,16,1:15,21117,21132,16,1:15,21118,21133,16,1:15,,,0,,,,0,,,,0,,,,0,,1,10,15,17,1,,,,
dense,1,308,7,bt,2,16,15168,16,21137,21137,21138,,,,21181,21148,21163,16,1:15,21164,21179,16,1:15,21165,21180,16,1:15,,,0,,,,0,,,,0,,,,0,,1,10,15,17,1,,,,
dense,1,309,7,bt,3,0,15296,16,21184,21184,21185,,,,21228,21195,21210,16,1:15,21211,21226,16,1:15,21212,21227,16,1:15,,,0,,,,0,,,,0,,,,0,,1,10,15,17,1,,,,
dense,1,310,7,bt,3,16,15424,16,21231,21231,21232,,,,21275,21242,21257,16,1:15,21258,21273,16,1:15,21259,21274,16,1:15,,,0,,,,0,,,,0,,,,0,,1,10,15,17,1,,,,
dense,1,311,7,bt,4,0,15552,16,21278,21278,21279,,,,21322,21289,21304,16,1:15,21305,21320,16,1:15,21306,21321,16,1:15,,,0,,,,0,,,,0,,,,0,,1,10,15,17,1,,,,
dense,1,312,7,bt,4,16,15680,16,21325,21325,21326,,,,21369,21336,21351,16,1:15,21352,21367,16,1:15,21353,21368,16,1:15,,,0,,,,0,,,,0,,,,0,,1,10,15,17,1,,,,
dense,1,313,7,bt,5,0,15808,16,21372,21372,21373,,,,21416,21383,21398,16,1:15,21399,21414,16,1:15,21400,21415,16,1:15,,,0,,,,0,,,,0,,,,0,,1,10,15,17,1,,,,
dense,1,314,7,bt,5,16,15936,16,21419,21419,21420,,,,21463,21430,21445,16,1:15,21446,21461,16,1:15,21447,21462,16,1:15,,,0,,,,0,,,,0,,,,0,,1,10,15,17,1,,,,
dense,1,315,7,bt,6,0,16064,16,21466,21466,21467,,,,21510,21477,21492,16,1:15,21493,21508,16,1:15,21494,21509,16,1:15,,,0,,,,0,,,,0,,,,0,,1,10,15,17,1,,,,
dense,1,316,7,bt,6,16,16192,16,21513,21513,21514,,,,21557,21524,21539,16,1:15,21540,21555,16,1:15,21541,21556,16,1:15,,,0,,,,0,,,,0,,,,0,,1,10,15,17,1,,,,
dense,1,317,7,bt,7,0,16320,8,21560,21560,21561,,,,21588,21571,21578,8,1:7,21579,21586,8,1:7,21580,21587,8,1:7,,,0,,,,0,,,,0,,,,0,,1,10,7,9,1,,,,
dense,1,318,7,bt,7,8,16384,16,21591,21591,21592,,,,21635,21602,21617,16,1:15,21618,21633,16,1:15,21619,21634,16,1:15,,,0,,,,0,,,,0,,,,0,,1,10,15,17,1,,,,
dense,1,319,7,bt,7,24,16512,8,21638,21638,21639,,,,21666,21649,21656,8,1:7,21657,21664,8,1:7,21658,21665,8,1:7,,,0,,,,0,,,,0,,,,0,,1,10,7,9,1,,,,
dense,1,320,7,c,0,0,17824,4,22760,22760,,22777,22776,22788,22789,,,0,,,,0,,,,0,,22761,22773,4,4:3,22763,22775,4,4:3,22764,22776,4,4:3,22777,22780,4,1:3,,,,,,16,4,8,1
dense,1,321,7,c,1,0,17952,4,22792,22792,,22809,22808,22820,22821,,,0,,,,0,,,,0,,22793,22805,4,4:3,22795,22807,4,4:3,22796,22808,4,4:3,22809,22812,4,1:3,,,,,,16,4,8,1
dense,1,322,7,c,2,0,18080,4,22824,22824,,22841,22840,22852,22853,,,0,,,,0,,,,0,,22825,22837,4,4:3,22827,22839,4,4:3,22828,22840,4,4:3,22841,22844,4,1:3,,,,,,16,4,8,1
dense,1,323,7,c,3,0,18208,4,22856,22856,,22873,22872,22884,22885,,,0,,,,0,,,,0,,22857,22869,4,4:3,22859,22871,4,4:3,22860,22872,4,4:3,22873,22876,4,1:3,,,,,,16,4,8,1
dense,1,324,7,c,4,0,18336,4,22888,22888,,22905,22904,22916,22917,,,0,,,,0,,,,0,,22889,22901,4,4:3,22891,22903,4,4:3,22892,22904,4,4:3,22905,22908,4,1:3,,,,,,16,4,8,1
dense,1,325,7,c,5,0,18464,4,22920,22920,,22937,22936,22948,22949,,,0,,,,0,,,,0,,22921,22933,4,4:3,22923,22935,4,4:3,22924,22936,4,4:3,22937,22940,4,1:3,,,,,,16,4,8,1
dense,1,326,7,c,6,0,18592,4,22952,22952,,22969,22968,22980,22981,,,0,,,,0,,,,0,,22953,22965,4,4:3,22955,22967,4,4:3,22956,22968,4,4:3,22969,22972,4,1:3,,,,,,16,4,8,1
dense,1,327,7,c,7,0,18720,4,22984,22984,,23001,23000,23012,23013,,,0,,,,0,,,,0,,22985,22997,4,4:3,22987,22999,4,4:3,22988,23000,4,4:3,23001,23004,4,1:3,,,,,,16,4,8,1
dense,1,328,8,a,0,0,4160,16,23022,23022,23023,,,,23066,23033,23048,16,1:15,23049,23064,16,1:15,23050,23065,16,1:15,,,0,,,,0,,,,0,,,,0,,1,10,15,17,1,,,,
dense,1,329,8,a,0,16,4288,16,23069,23069,23070,,,,23113,23080,23095,16,1:15,23096,23111,16,1:15,23097,23112,16,1:15,,,0,,,,0,,,,0,,,,0,,1,10,15,17,1,,,,
dense,1,330,8,a,1,0,4416,16,23116,23116,23117,,,,23160,23127,23142,16,1:15,23143,23158,16,1:15,23144,23159,16,1:15,,,0,,,,0,,,,0,,,,0,,1,10,15,17,1,,,,
dense,1,331,8,a,1,16,4544,16,23163,23163,23164,,,,23207,23174,23189,16,1:15,23190,23205,16,1:15,23191,23206,16,1:15,,,0,,,,0,,,,0,,,,0,,1,10,15,17,1,,,,
dense,1,332,8,a,2,0,4672,16,23210,23210,23211,,,,23254,23221,23236,16,1:15,23237,23252,16,1:15,23238,23253,16,1:15,,,0,,,,0,,,,0,,,,0,,1,10,15,17,1,,,,
dense,1,333,8,a,2,16,4800,16,23257,23257,23258,,,,23301,23268,23283,16,1:15,23284,23299,16,1:15,23285,23300,16,1:15,,,0,,,,0,,,,0,,,,0,,1,10,15,17,1,,,,
dense,1,334,8,a,3,0,4928,16,23304,23304,23305,,,,23348,23315,23330,16,1:15,23331,23346,16,1:15,23332,23347,16,1:15,,,0,,,,0,,,,0,,,,0,,1,10,15,17,1,,,,
dense,1,335,8,a,3,16,5056,16,23351,23351,23352,,,,23395,23362,23377,16,1:15,23378,23393,16,1:15,23379,23394,16,1:15,,,0,,,,0,,,,0,,,,0,,1,10,15,17,1,,,,
dense,1,336,8,a,4,0,5184,16,23398,23398,23399,,,,23442,23409,23424,16,1:15,23425,23440,16,1:15,23426,23441,16,1:15,,,0,,,,0,,,,0,,,,0,,1,10,15,17,1,,,,
dense,1,337,8,a,4,16,5312,16,23445,23445,23446,,,,23489,23456,23471,16,1:15,23472,23487,16,1:15,23473,23488,16,1:15,,,0,,,,0,,,,0,,,,0,,1,10,15,17,1,,,,
dense,1,338,8,a,5,0,5440,16,23492,23492,23493,,,,23536,23503,23518,16,1:15,23519,23534,16,1:15,23520,23535,16,1:15,,,0,,,,0,,,,0,,,,0,,1,10,15,17,1,,,,
dense,1,339,8,a,5,16,5568,16,23539,23539,23540,,,,23583,23550,23565,16,1:15,23566,23581,16,1:15,23567,23582,16,1:15,,,0,,,,0,,,,0,,,,0,,1,10,15,17,1,,,,
dense,1,340,8,a,6,0,5696,16,23586,23586,23587,,,,23630,23597,23612,16,1:15,23613,23628,16,1:15,23614,23629,16,1:15,,,0,,,,0,,,,0,,,,0,,1,10,15,17,1,,,,
dense,1,341,8,a,6,16,5824,16,23633,23633,23634,,,,23677,23644,23659,16,1:15,23660,23675,16,1:15,23661,23676,16,1:15,,,0,,,,0,,,,0,,,,0,,1,10,15,17,1,,,,
dense,1,342,8,a,7,0,5952,16,23680,23680,23681,,,,23724,23691,23706,16,1:15,23707,23722,16,1:15,23708,23723,16,1:15,,,0,,,,0,,,,0,,,,0,,1,10,15,17,1,,,,
dense,1,343,8,a,7,16,6080,16,23727,23727,23728,,,,23771,23738,23753,16,1:15,23754,23769,16,1:15,23755,23770,16,1:15,,,0,,,,0,,,,0,,,,0,,1,10,15,17,1,,,,
dense,1,344,8,bt,0,0,8384,16,23779,23779,23780,,,,23823,23790,23805,16,1:15,23806,23821,16,1:15,23807,23822,16,1:15,,,0,,,,0,,,,0,,,,0,,1,10,15,17,1,,,,
dense,1,345,8,bt,0,16,8512,16,23826,23826,23827,,,,23870,23837,23852,16,1:15,23853,23868,16,1:15,23854,23869,16,1:15,,,0,,,,0,,,,0,,,,0,,1,10,15,17,1,,,,
dense,1,346,8,bt,1,0,8640,16,23873,23873,23874,,,,23917,23884,23899,16,1:15,23900,23915,16,1:15,23901,23916,16,1:15,,,0,,,,0,,,,0,,,,0,,1,10,15,17,1,,,,
dense,1,347,8,bt,1,16,8768,16,23920,23920,23921,,,,23964,23931,23946,16,1:15,23947,23962,16,1:15,23948,23963,16,1:15,,,0,,,,0,,,,0,,,,0,,1,10,15,17,1,,,,
dense,1,348,8,bt,2,0,8896,16,23967,23967,23968,,,,24011,23978,23993,16,1:15,23994,24009,16,1:15,23995,24010,16,1:15,,,0,,,,0,,,,0,,,,0,,1,10,15,17,1,,,,
dense,1,349,8,bt,2,16,9024,16,24014,24014,24015,,,,24058,24025,24040,16,1:15,24041,24056,16,1:15,24042,24057,16,1:15,,,0,,,,0,,,,0,,,,0,,1,10,15,17,1,,,,
dense,1,350,8,bt,3,0,9152,16,24061,24061,24062,,,,24105,24072,24087,16,1:15,24088,24103,16,1:15,24089,24104,16,1:15,,,0,,,,0,,,,0,,,,0,,1,10,15,17,1,,,,
dense,1,351,8,bt,3,16,9280,16,24108,24108,24109,,,,24152,24119,24134,16,1:15,24135,24150,16,1:15,24136,24151,16,1:15,,,0,,,,0,,,,0,,,,0,,1,10,15,17,1,,,,
dense,1,352,8,bt,4,0,9408,16,24155,24155,24156,,,,24199,24166,24181,16,1:15,24182,24197,16,1:15,24183,24198,16,1:15,,,0,,,,0,,,,0,,,,0,,1,10,15,17,1,,,,
dense,1,353,8,bt,4,16,9536,16,24202,24202,24203,,,,24246,24213,24228,16,1:15,24229,24244,16,1:15,24230,24245,16,1:15,,,0,,,,0,,,,0,,,,0,,1,10,15,17,1,,,,
dense,1,354,8,bt,5,0,9664,16,24249,24249,24250,,,,24293,24260,24275,16,1:15,24276,24291,16,1:15,24277,24292,16,1:15,,,0,,,,0,,,,0,,,,0,,1,10,15,17,1,,,,
dense,1,355,8,bt,5,16,9792,16,24296,24296,24297,,,,24340,24307,24322,16,1:15,24323,24338,16,1:15,24324,24339,16,1:15,,,0,,,,0,,,,0,,,,0,,1,10,15,17,1,,,,
dense,1,356,8,bt,6,0,9920,16,24343,24343,24344,,,,24387,24354,24369,16,1:15,24370,24385,16,1:15,24371,24386,16,1:15,,,0,,,,0,,,,0,,,,0,,1,10,15,17,1,,,,
dense,1,357,8,bt,6,16,10048,16,24390,24390,24391,,,,24434,24401,24416,16,1:15,24417,24432,16,1:15,24418,24433,16,1:15,,,0,,,,0,,,,0,,,,0,,1,10,15,17,1,,,,
dense,1,358,8,bt,7,0,10176,16,24437,24437,24438,,,,24481,24448,24463,16,1:15,24464,24479,16,1:15,24465,24480,16,1:15,,,0,,,,0,,,,0,,,,0,,1,10,15,17,1,,,,
dense,1,359,8,bt,7,16,10304,16,24484,24484,24485,,,,24528,24495,24510,16,1:15,24511,24526,16,1:15,24512,24527,16,1:15,,,0,,,,0,,,,0,,,,0,,1,10,15,17,1,,,,
dense,1,360,8,c,0,0,18752,4,25622,25622,,25639,25638,25650,25651,,,0,,,,0,,,,0,,25623,25635,4,4:3,25625,25637,4,4:3,25626,25638,4,4:3,25639,25642,4,1:3,,,,,,16,4,8,1
dense,1,361,8,c,1,0,18880,4,25654,25654,,25671,25670,25682,25683,,,0,,,,0,,,,0,,25655,25667,4,4:3,25657,25669,4,4:3,25658,25670,4,4:3,25671,25674,4,1:3,,,,,,16,4,8,1
dense,1,362,8,c,2,0,19008,4,25686,25686,,25703,25702,25714,25715,,,0,,,,0,,,,0,,25687,25699,4,4:3,25689,25701,4,4:3,25690,25702,4,4:3,25703,25706,4,1:3,,,,,,16,4,8,1
dense,1,363,8,c,3,0,19136,4,25718,25718,,25735,25734,25746,25747,,,0,,,,0,,,,0,,25719,25731,4,4:3,25721,25733,4,4:3,25722,25734,4,4:3,25735,25738,4,1:3,,,,,,16,4,8,1
dense,1,364,8,c,4,0,19264,4,25750,25750,,25767,25766,25778,25779,,,0,,,,0,,,,0,,25751,25763,4,4:3,25753,25765,4,4:3,25754,25766,4,4:3,25767,25770,4,1:3,,,,,,16,4,8,1
dense,1,365,8,c,5,0,19392,4,25782,25782,,25799,25798,25810,25811,,,0,,,,0,,,,0,,25783,25795,4,4:3,25785,25797,4,4:3,25786,25798,4,4:3,25799,25802,4,1:3,,,,,,16,4,8,1
dense,1,366,8,c,6,0,19520,4,25814,25814,,25831,25830,25842,25843,,,0,,,,0,,,,0,,25815,25827,4,4:3,25817,25829,4,4:3,25818,25830,4,4:3,25831,25834,4,1:3,,,,,,16,4,8,1
dense,1,367,8,c,7,0,19648,4,25846,25846,,25863,25862,25874,25875,,,0,,,,0,,,,0,,25847,25859,4,4:3,25849,25861,4,4:3,25850,25862,4,4:3,25863,25866,4,1:3,,,,,,16,4,8,1
dense,1,368,9,a,0,0,4160,16,25884,25884,25885,,,,25928,25895,25910,16,1:15,25911,25926,16,1:15,25912,25927,16,1:15,,,0,,,,0,,,,0,,,,0,,1,10,15,17,1,,,,
dense,1,369,9,a,0,16,4288,16,25931,25931,25932,,,,25975,25942,25957,16,1:15,25958,25973,16,1:15,25959,25974,16,1:15,,,0,,,,0,,,,0,,,,0,,1,10,15,17,1,,,,
dense,1,370,9,a,1,0,4416,16,25978,25978,25979,,,,26022,25989,26004,16,1:15,26005,26020,16,1:15,26006,26021,16,1:15,,,0,,,,0,,,,0,,,,0,,1,10,15,17,1,,,,
dense,1,371,9,a,1,16,4544,16,26025,26025,26026,,,,26069,26036,26051,16,1:15,26052,26067,16,1:15,26053,26068,16,1:15,,,0,,,,0,,,,0,,,,0,,1,10,15,17,1,,,,
dense,1,372,9,a,2,0,4672,16,26072,26072,26073,,,,26116,26083,26098,16,1:15,26099,26114,16,1:15,26100,26115,16,1:15,,,0,,,,0,,,,0,,,,0,,1,10,15,17,1,,,,
dense,1,373,9,a,2,16,4800,16,26119,26119,26120,,,,26163,26130,26145,16,1:15,26146,26161,16,1:15,26147,26162,16,1:15,,,0,,,,0,,,,0,,,,0,,1,10,15,17,1,,,,
dense,1,374,9,a,3,0,4928,16,26166,26166,26167,,,,26210,26177,26192,16,1:15,26193,26208,16,1:15,26194,26209,16,1:15,,,0,,,,0,,,,0,,,,0,,1,10,15,17,1,,,,
dense,1,375,9,a,3,16,5056,16,26213,26213,26214,,,,26257,26224,26239,16,1:15,26240,26255,16,1:15,26241,26256,16,1:15,,,0,,,,0,,,,0,,,,0,,1,10,15,17,1,,,,
dense,1,376,9,a,4,0,5184,16,26260,26260,26261,,,,26304,26271,26286,16,1:15,26287,26302,16,1:15,26288,26303,16,1:15,,,0,,,,0,,,,0,,,,0,,1,10,15,17,1,,,,
dense,1,377,9,a,4,16,5312,16,26307,26307,26308,,,,26351,26318,26333,16,1:15,26334,26349,16,1:15,26335,26350,16,1:15,,,0,,,,0,,,,0,,,,0,,1,10,15,17,1,,,,
dense,1,378,9,a,5,0,5440,16,26354,26354,26355,,,,26398,26365,26380,16,1:15,26381,26396,16,1:15,26382,26397,16,1:15,,,0,,,,0,,,,0,,,,0,,1,10,15,17,1,,,,
dense,1,379,9,a,5,16,5568,16,26401,26401,26402,,,,26445,26412,26427,16,1:15,26428,26443,16,1:15,26429,26444,16,1:15,,,0,,,,0,,,,0,,,,0,,1,10,15,17,1,,,,
dense,1,380,9,a,6,0,5696,16,26448,26448,26449,,,,26492,26459,26474,16,1:15,26475,26490,16,1:15,26476,26491,16,1:15,,,0,,,,0,,,,0,,,,0,,1,10,15,17,1,,,,
dense,1,381,9,a,6,16,5824,16,26495,26495,26496,,,,26539,26506,26521,16,1:15,26522,26537,16,1:15,26523,26538,16,1:15,,,0,,,,0,,,,0,,,,0,,1,10,15,17,1,,,,
dense,1,382,9,a,7,0,5952,16,26542,26542,26543,,,,26586,26553,26568,16,1:15,26569,26584,16,1:15,26570,26585,16,1:15,,,0,,,,0,,,,0,,,,0,,1,10,15,17,1,,,,
dense,1,383,9,a,7,16,6080,16,26589,26589,26590,,,,26633,26600,26615,16,1:15,26616,26631,16,1:15,26617,26632,16,1:15,,,0,,,,0,,,,0,,,,0,,1,10,15,17,1,,,,
dense,1,384,9,bt,0,0,10432,16,26641,26641,26642,,,,26685,26652,26667,16,1:15,26668,26683,16,1:15,26669,26684,16,1:15,,,0,,,,0,,,,0,,,,0,,1,10,15,17,1,,,,
dense,1,385,9,bt,0,16,10560,16,26688,26688,26689,,,,26732,26699,26714,16,1:15,26715,26730,16,1:15,26716,26731,16,1:15,,,0,,,,0,,,,0,,,,0,,1,10,15,17,1,,,,
dense,1,386,9,bt,1,0,10688,16,26735,26735,26736,,,,26779,26746,26761,16,1:15,26762,26777,16,1:15,26763,26778,16,1:15,,,0,,,,0,,,,0,,,,0,,1,10,15,17,1,,,,
dense,1,387,9,bt,1,16,10816,16,26782,26782,26783,,,,26826,26793,26808,16,1:15,26809,26824,16,1:15,26810,26825,16,1:15,,,0,,,,0,,,,0,,,,0,,1,10,15,17,1,,,,
dense,1,388,9,bt,2,0,10944,16,26829,26829,26830,,,,26873,26840,26855,16,1:15,26856,26871,16,1:15,26857,26872,16,1:15,,,0,,,,0,,,,0,,,,0,,1,10,15,17,1,,,,
dense,1,389,9,bt,2,16,11072,16,26876,26876,26877,,,,26920,26887,26902,16,1:15,26903,26918,16,1:15,26904,26919,16,1:15,,,0,,,,0,,,,0,,,,0,,1,10,15,17,1,,,,
dense,1,390,9,bt,3,0,11200,16,26923,26923,26924,,,,26967,26934,26949,16,1:15,26950,26965,16,1:15,26951,26966,16,1:15,,,0,,,,0,,,,0,,,,0,,1,10,15,17,1,,,,
dense,1,391,9,bt,3,16,11328,16,26970,26970,26971,,,,27014,26981,26996,16,1:15,26997,27012,16,1:15,26998,27013,16,1:15,,,0,,,,0,,,,0,,,,0,,1,10,15,17,1,,,,
dense,1,392,9,bt,4,0,11456,16,27017,27017,27018,,,,27061,27028,27043,16,1:15,27044,27059,16,1:15,27045,27060,16,1:15,,,0,,,,0,,,,0,,,,0,,1,10,15,17,1,,,,
dense,1,393,9,bt,4,16,11584,16,27064,27064,27065,,,,27108,27075,27090,16,1:15,27091,27106,16,1:15,27092,27107,16,1:15,,,0,,,,0,,,,0,,,,0,,1,10,15,17,1,,,,
dense,1,394,9,bt,5,0,11712,16,27111,27111,27112,,,,27155,27122,27137,16,1:15,27138,27153,16,1:15,27139,27154,16,1:15,,,0,,,,0,,,,0,,,,0,,1,10,15,17,1,,,,
dense,1,395,9,bt,5,16,11840,16,27158,27158,27159,,,,27202,27169,27184,16,1:15,27185,27200,16,1:15,27186,27201,16,1:15,,,0,,,,0,,,,0,,,,0,,1,10,15,17,1,,,,
dense,1,396,9,bt,6,0,11968,16,27205,27205,27206,,,,27249,27216,27231,16,1:15,27232,27247,16,1:15,27233,27248,16,1:15,,,0,,,,0,,,,0,,,,0,,1,10,15,17,1,,,,
dense,1,397,9,bt,6,16,12096,16,27252,27252,27253,,,,27296,27263,27278,16,1:15,27279,27294,16,1:15,27280,27295,16,1:15,,,0,,,,0,,,,0,,,,0,,1,10,15,17,1,,,,
dense,1,398,9,bt,7,0,12224,8,27299,27299,27300,,,,27327,27310,27317,8,1:7,27318,27325,8,1:7,27319,27326,8,1:7,,,0,,,,0,,,,0,,,,0,,1,10,7,9,1,,,,
dense,1,399,9,bt,7,8,12288,16,27330,27330,27331,,,,27374,27341,27356,16,1:15,27357,27372,16,1:15,27358,27373,16,1:15,,,0,,,,0,,,,0,,,,0,,1,10,15,17,1,,,,
dense,1,400,9,bt,7,24,12416,8,27377,27377,27378,,,,27405,27388,27395,8,1:7,27396,27403,8,1:7,27397,27404,8,1:7,,,0,,,,0,,,,0,,,,0,,1,10,7,9,1,,,,
dense,1,401,9,c,0,0,18784,4,28499,28499,,28516,28515,28527,28528,,,0,,,,0,,,,0,,28500,28512,4,4:3,28502,28514,4,4:3,28503,28515,4,4:3,28516,28519,4,1:3,,,,,,16,4,8,1
dense,1,402,9,c,1,0,18912,4,28531,28531,,28548,28547,28559,28560,,,0,,,,0,,,,0,,28532,28544,4,4:3,28534,28546,4,4:3,28535,28547,4,4:3,28548,28551,4,1:3,,,,,,16,4,8,1
dense,1,403,9,c,2,0,19040,4,28563,28563,,28580,28579,28591,28592,,,0,,,,0,,,,0,,28564,28576,4,4:3,28566,28578,4,4:3,28567,28579,4,4:3,28580,28583,4,1:3,,,,,,16,4,8,1
dense,1,404,9,c,3,0,19168,4,28595,28595,,28612,28611,28623,28624,,,0,,,,0,,,,0,,28596,28608,4,4:3,28598,28610,4,4:3,28599,28611,4,4:3,28612,28615,4,1:3,,,,,,16,4,8,1
dense,1,405,9,c,4,0,19296,4,28627,28627,,28644,28643,28655,28656,,,0,,,,0,,,,0,,28628,28640,4,4:3,28630,28642,4,4:3,28631,28643,4,4:3,28644,28647,4,1:3,,,,,,16,4,8,1
dense,1,406,9,c,5,0,19424,4,28659,28659,,28676,28675,28687,28688,,,0,,,,0,,,,0,,28660,28672,4,4:3,28662,28674,4,4:3,28663,28675,4,4:3,28676,28679,4,1:3,,,,,,16,4,8,1
dense,1,407,9,c,6,0,19552,4,28691,28691,,28708,28707,28719,28720,,,0,,,,0,,,,0,,28692,28704,4,4:3,28694,28706,4,4:3,28695,28707,4,4:3,28708,28711,4,1:3,,,,,,16,4,8,1
dense,1,408,9,c,7,0,19680,4,28723,28723,,28740,28739,28751,28752,,,0,,,,0,,,,0,,28724,28736,4,4:3,28726,28738,4,4:3,28727,28739,4,4:3,28740,28743,4,1:3,,,,,,16,4,8,1
dense,1,409,10,a,0,0,4160,16,28761,28761,28762,,,,28805,28772,28787,16,1:15,28788,28803,16,1:15,28789,28804,16,1:15,,,0,,,,0,,,,0,,,,0,,1,10,15,17,1,,,,
dense,1,410,10,a,0,16,4288,16,28808,28808,28809,,,,28852,28819,28834,16,1:15,28835,28850,16,1:15,28836,28851,16,1:15,,,0,,,,0,,,,0,,,,0,,1,10,15,17,1,,,,
dense,1,411,10,a,1,0,4416,16,28855,28855,28856,,,,28899,28866,28881,16,1:15,28882,28897,16,1:15,28883,28898,16,1:15,,,0,,,,0,,,,0,,,,0,,1,10,15,17,1,,,,
dense,1,412,10,a,1,16,4544,16,28902,28902,28903,,,,28946,28913,28928,16,1:15,28929,28944,16,1:15,28930,28945,16,1:15,,,0,,,,0,,,,0,,,,0,,1,10,15,17,1,,,,
dense,1,413,10,a,2,0,4672,16,28949,28949,28950,,,,28993,28960,28975,16,1:15,28976,28991,16,1:15,28977,28992,16,1:15,,,0,,,,0,,,,0,,,,0,,1,10,15,17,1,,,,
dense,1,414,10,a,2,16,4800,16,28996,28996,28997,,,,29040,29007,29022,16,1:15,29023,29038,16,1:15,29024,29039,16,1:15,,,0,,,,0,,,,0,,,,0,,1,10,15,17,1,,,,
dense,1,415,10,a,3,0,4928,16,29043,29043,29044,,,,29087,29054,29069,16,1:15,29070,29085,16,1:15,29071,29086,16,1:15,,,0,,,,0,,,,0,,,,0,,1,10,15,17,1,,,,
dense,1,416,10,a,3,16,5056,16,29090,29090,29091,,,,29134,29101,29116,16,1:15,29117,29132,16,1:15,29118,29133,16,1:15,,,0,,,,0,,,,0,,,,0,,1,10,15,17,1,,,,
dense,1,417,10,a,4,0,5184,16,29137,29137,29138,,,,29181,29148,29163,16,1:15,29164,29179,16,1:15,29165,29180,16,1:15,,,0,,,,0,,,,0,,,,0,,1,10,15,17,1,,,,
dense,1,418,10,a,4,16,5312,16,29184,29184,29185,,,,29228,29195,29210,16,1:15,29211,29226,16,1:15,29212,29227,16,1:15,,,0,,,,0,,,,0,,,,0,,1,10,15,17,1,,,,
dense,1,419,10,a,5,0,5440,16,29231,29231,29232,,,,29275,29242,29257,16,1:15,29258,29273,16,1:15,29259,29274,16,1:15,,,0,,,,0,,,,0,,,,0,,1,10,15,17,1,,,,
dense,1,420,10,a,5,16,5568,16,29278,29278,29279,,,,29322,29289,29304,16,1:15,29305,29320,16,1:15,29306,29321,16,1:15,,,0,,,,0,,,,0,,,,0,,1,10,15,17,1,,,,
dense,1,421,10,a,6,0,5696,16,29325,29325,29326,,,,29369,29336,29351,16,1:15,29352,29367,16,1:15,29353,29368,16,1:15,,,0,,,,0,,,,0,,,,0,,1,10,15,17,1,,,,
dense,1,422,10,a,6,16,5824,16,29372,29372,29373,,,,29416,29383,29398,16,1:15,29399,29414,16,1:15,29400,29415,16,1:15,,,0,,,,0,,,,0,,,,0,,1,10,15,17,1,,,,
dense,1,423,10,a,7,0,5952,16,29419,29419,29420,,,,29463,29430,29445,16,1:15,29446,29461,16,1:15,29447,29462,16,1:15,,,0,,,,0,,,,0,,,,0,,1,10,15,17,1,,,,
dense,1,424,10,a,7,16,6080,16,29466,29466,29467,,,,29510,29477,29492,16,1:15,29493,29508,16,1:15,29494,29509,16,1:15,,,0,,,,0,,,,0,,,,0,,1,10,15,17,1,,,,
dense,1,425,10,bt,0,0,12480,16,29518,29518,29519,,,,29562,29529,29544,16,1:15,29545,29560,16,1:15,29546,29561,16,1:15,,,0,,,,0,,,,0,,,,0,,1,10,15,17,1,,,,
dense,1,426,10,bt,0,16,12608,16,29565,29565,29566,,,,29609,29576,29591,16,1:15,29592,29607,16,1:15,29593,29608,16,1:15,,,0,,,,0,,,,0,,,,0,,1,10,15,17,1,,,,
dense,1,427,10,bt,1,0,12736,16,29612,29612,29613,,,,29656,29623,29638,16,1:15,29639,29654,16,1:15,29640,29655,16,1:15,,,0,,,,0,,,,0,,,,0,,1,10,15,17,1,,,,
dense,1,428,10,bt,1,16,12864,16,29659,29659,29660,,,,29703,29670,29685,16,1:15,29686,29701,16,1:15,29687,29702,16,1:15,,,0,,,,0,,,,0,,,,0,,1,10,15,17,1,,,,
dense,1,429,10,bt,2,0,12992,16,29706,29706,29707,,,,29750,29717,29732,16,1:15,29733,29748,16,1:15,29734,29749,16,1:15,,,0,,,,0,,,,0,,,,0,,1,10,15,17,1,,,,
dense,1,430,10,bt,2,16,13120,16,29753,29753,29754,,,,29797,29764,29779,16,1:15,29780,29795,16,1:15,29781,29796,16,1:15,,,0,,,,0,,,,0,,,,0,,1,10,15,17,1,,,,
dense,1,431,10,bt,3,0,13248,16,29800,29800,29801,,,,29844,29811,29826,16,1:15,29827,29842,16,1:15,29828,29843,16,1:15,,,0,,,,0,,,,0,,,,0,,1,10,15,17,1,,,,
dense,1,432,10,bt,3,16,13376,16,29847,29847,29848,,,,29891,29858,29873,16,1:15,29874,29889,16,1:15,29875,29890,16,1:15,,,0,,,,0,,,,0,,,,0,,1,10,15,17,1,,,,
dense,1,433,10,bt,4,0,13504,16,29894,29894,29895,,,,29938,29905,29920,16,1:15,29921,29936,16,1:15,29922,29937,16,1:15,,,0,,,,0,,,,0,,,,0,,1,10,15,17,1,,,,
dense,1,434,10,bt,4,16,13632,16,29941,29941,29942,,,,29985,29952,29967,16,1:15,29968,29983,16,1:15,29969,29984,16,1:15,,,0,,,,0,,,,0,,,,0,,1,10,15,17,1,,,,
dense,1,435,10,bt,5,0,13760,16,29988,29988,29989,,,,30032,29999,30014,16,1:15,30015,30030,16,1:15,30016,30031,16,1:15,,,0,,,,0,,,,0,,,,0,,1,10,15,17,1,,,,
dense,1,436,10,bt,5,16,13888,16,30035,30035,30036,,,,30079,30046,30061,16,1:15,30062,30077,16,1:15,30063,30078,16,1:15,,,0,,,,0,,,,0,,,,0,,1,10,15,17,1,,,,
dense,1,437,10,bt,6,0,14016,16,30082,30082,30083,,,,30126,30093,30108,16,1:15,30109,30124,16,1:15,30110,30125,16,1:15,,,0,,,,0,,,,0,,,,0,,1,10,15,17,1,,,,
dense,1,438,10,bt,6,16,14144,16,30129,30129,30130,,,,30173,30140,30155,16,1:15,30156,30171,16,1:15,30157,30172,16,1:15,,,0,,,,0,,,,0,,,,0,,1,10,15,17,1,,,,
dense,1,439,10,bt,7,0,14272,16,30176,30176,30177,,,,30220,30187,30202,16,1:15,30203,30218,16,1:15,30204,30219,16,1:15,,,0,,,,0,,,,0,,,,0,,1,10,15,17,1,,,,
dense,1,440,10,bt,7,16,14400,16,30223,30223,30224,,,,30267,30234,30249,16,1:15,30250,30265,16,1:15,30251,30266,16,1:15,,,0,,,,0,,,,0,,,,0,,1,10,15,17,1,,,,
dense,1,441,10,c,0,0,18816,4,31361,31361,,31378,31377,31389,31390,,,0,,,,0,,,,0,,31362,31374,4,4:3,31364,31376,4,4:3,31365,31377,4,4:3,31378,31381,4,1:3,,,,,,16,4,8,1
dense,1,442,10,c,1,0,18944,4,31393,31393,,31410,31409,31421,31422,,,0,,,,0,,,,0,,31394,31406,4,4:3,31396,31408,4,4:3,31397,31409,4,4:3,31410,31413,4,1:3,,,,,,16,4,8,1
dense,1,443,10,c,2,0,19072,4,31425,31425,,31442,31441,31453,31454,,,0,,,,0,,,,0,,31426,31438,4,4:3,31428,31440,4,4:3,31429,31441,4,4:3,31442,31445,4,1:3,,,,,,16,4,8,1
dense,1,444,10,c,3,0,19200,4,31457,31457,,31474,31473,31485,31486,,,0,,,,0,,,,0,,31458,31470,4,4:3,31460,31472,4,4:3,31461,31473,4,4:3,31474,31477,4,1:3,,,,,,16,4,8,1
dense,1,445,10,c,4,0,19328,4,31489,31489,,31506,31505,31517,31518,,,0,,,,0,,,,0,,31490,31502,4,4:3,31492,31504,4,4:3,31493,31505,4,4:3,31506,31509,4,1:3,,,,,,16,4,8,1
dense,1,446,10,c,5,0,19456,4,31521,31521,,31538,31537,31549,31550,,,0,,,,0,,,,0,,31522,31534,4,4:3,31524,31536,4,4:3,31525,31537,4,4:3,31538,31541,4,1:3,,,,,,16,4,8,1
dense,1,447,10,c,6,0,19584,4,31553,31553,,31570,31569,31581,31582,,,0,,,,0,,,,0,,31554,31566,4,4:3,31556,31568,4,4:3,31557,31569,4,4:3,31570,31573,4,1:3,,,,,,16,4,8,1
dense,1,448,10,c,7,0,19712,4,31585,31585,,31602,31601,31613,31614,,,0,,,,0,,,,0,,31586,31598,4,4:3,31588,31600,4,4:3,31589,31601,4,4:3,31602,31605,4,1:3,,,,,,16,4,8,1
dense,1,449,11,a,0,0,4160,16,31623,31623,31624,,,,31667,31634,31649,16,1:15,31650,31665,16,1:15,31651,31666,16,1:15,,,0,,,,0,,,,0,,,,0,,1,10,15,17,1,,,,
dense,1,450,11,a,0,16,4288,16,31670,31670,31671,,,,31714,31681,31696,16,1:15,31697,31712,16,1:15,31698,31713,16,1:15,,,0,,,,0,,,,0,,,,0,,1,10,15,17,1,,,,
dense,1,451,11,a,1,0,4416,16,31717,31717,31718,,,,31761,31728,31743,16,1:15,31744,31759,16,1:15,31745,31760,16,1:15,,,0,,,,0,,,,0,,,,0,,1,10,15,17,1,,,,
dense,1,452,11,a,1,16,4544,16,31764,31764,31765,,,,31808,31775,31790,16,1:15,31791,31806,16,1:15,31792,31807,16,1:15,,,0,,,,0,,,,0,,,,0,,1,10,15,17,1,,,,
dense,1,453,11,a,2,0,4672,16,31811,31811,31812,,,,31855,31822,31837,16,1:15,31838,31853,16,1:15,31839,31854,16,1:15,,,0,,,,0,,,,0,,,,0,,1,10,15,17,1,,,,
dense,1,454,11,a,2,16,4800,16,31858,31858,31859,,,,31902,31869,31884,16,1:15,31885,31900,16,1:15,31886,31901,16,1:15,,,0,,,,0,,,,0,,,,0,,1,10,15,17,1,,,,
dense,1,455,11,a,3,0,4928,16,31905,31905,31906,,,,31949,31916,31931,16,1:15,31932,31947,16,1:15,31933,31948,16,1:15,,,0,,,,0,,,,0,,,,0,,1,10,15,17,1,,,,
dense,1,456,11,a,3,16,5056,16,31952,31952,31953,,,,31996,31963,31978,16,1:15,31979,31994,16,1:15,31980,31995,16,1:15,,,0,,,,0,,,,0,,,,0,,1,10,15,17,1,,,,
dense,1,457,11,a,4,0,5184,16,31999,31999,32000,,,,32043,32010,32025,16,1:15,32026,32041,16,1:15,32027,32042,16,1:15,,,0,,,,0,,,,0,,,,0,,1,10,15,17,1,,,,
dense,1,458,11,a,4,16,5312,16,32046,32046,32047,,,,32090,32057,32072,16,1:15,32073,32088,16,1:15,32074,32089,16,1:15,,,0,,,,0,,,,0,,,,0,,1,10,15,17,1,,,,
dense,1,459,11,a,5,0,5440,16,32093,32093,32094,,,,32137,32104,32119,16,1:15,32120,32135,16,1:15,32121,32136,16,1:15,,,0,,,,0,,,,0,,,,0,,1,10,15,17,1,,,,
dense,1,460,11,a,5,16,5568,16,32140,32140,32141,,,,32184,32151,32166,16,1:15,32167,32182,16,1:15,32168,32183,16,1:15,,,0,,,,0,,,,0,,,,0,,1,10,15,17,1,,,,
dense,1,461,11,a,6,0,5696,16,32187,32187,32188,,,,32231,32198,32213,16,1:15,32214,32229,16,1:15,32215,32230,16,1:15,,,0,,,,0,,,,0,,,,0,,1,10,15,17,1,,,,
dense,1,462,11,a,6,16,5824,16,32234,32234,32235,,,,32278,32245,32260,16,1:15,32261,32276,16,1:15,32262,32277,16,1:15,,,0,,,,0,,,,0,,,,0,,1,10,15,17,1,,,,
dense,1,463,11,a,7,0,5952,16,32281,32281,32282,,,,32325,32292,32307,16,1:15,32308,32323,16,1:15,32309,32324,16,1:15,,,0,,,,0,,,,0,,,,0,,1,10,15,17,1,,,,
dense,1,464,11,a,7,16,6080,16,32328,32328,32329,,,,32372,32339,32354,16,1:15,32355,32370,16,1:15,32356,32371,16,1:15,,,0,,,,0,,,,0,,,,0,,1,10,15,17,1,,,,
dense,1,465,11,bt,0,0,14528,16,32380,32380,32381,,,,32424,32391,32406,16,1:15,32407,32422,16,1:15,32408,32423,16,1:15,,,0,,,,0,,,,0,,,,0,,1,10,15,17,1,,,,
dense,1,466,11,bt,0,16,14656,16,32427,32427,32428,,,,32471,32438,32453,16,1:15,32454,32469,16,1:15,32455,32470,16,1:15,,,0,,,,0,,,,0,,,,0,,1,10,15,17,1,,,,
dense,1,467,11,bt,1,0,14784,16,32474,32474,32475,,,,32518,32485,32500,16,1:15,32501,32516,16,1:15,32502,32517,16,1:15,,,0,,,,0,,,,0,,,,0,,1,10,15,17,1,,,,
dense,1,468,11,bt,1,16,14912,16,32521,32521,32522,,,,32565,32532,32547,16,1:15,32548,32563,16,1:15,32549,32564,16,1:15,,,0,,,,0,,,,0,,,,0,,1,10,15,17,1,,,,
dense,1,469,11,bt,2,0,15040,16,32568,32568,32569,,,,32612,32579,32594,16,1:15,32595,32610,16,1:15,32596,32611,16,1:15,,,0,,,,0,,,,0,,,,0,,1,10,15,17,1,,,,
dense,1,470,11,bt,2,16,15168,16,32615,32615,32616,,,,32659,32626,32641,16,1:15,32642,32657,16,1:15,32643,32658,16,1:15,,,0,,,,0,,,,0,,,,0,,1,10,15,17,1,,,,
dense,1,471,11,bt,3,0,15296,16,32662,32662,32663,,,,32706,32673,32688,16,1:15,32689,32704,16,1:15,32690,32705,16,1:15,,,0,,,,0,,,,0,,,,0,,1,10,15,17,1,,,,
dense,1,472,11,bt,3,16,15424,16,32709,32709,32710,,,,32753,32720,32735,16,1:15,32736,32751,16,1:15,32737,32752,16,1:15,,,0,,,,0,,,,0,,,,0,,1,10,15,17,1,,,,
dense,1,473,11,bt,4,0,15552,16,32756,32756,32757,,,,32800,32767,32782,16,1:15,32783,32798,16,1:15,32784,32799,16,1:15,,,0,,,,0,,,,0,,,,0,,1,10,15,17,1,,,,
dense,1,474,11,bt,4,16,15680,16,32803,32803,32804,,,,32847,32814,32829,16,1:15,32830,32845,16,1:15,32831,32846,16,1:15,,,0,,,,0,,,,0,,,,0,,1,10,15,17,1,,,,
dense,1,475,11,bt,5,0,15808,16,32850,32850,32851,,,,32894,32861,32876,16,1:15,32877,32892,16,1:15,32878,32893,16,1:15,,,0,,,,0,,,,0,,,,0,,1,10,15,17,1,,,,
dense,1,476,11,bt,5,16,15936,16,32897,32897,32898,,,,32941,32908,32923,16,1:15,32924,32939,16,1:15,32925,32940,16,1:15,,,0,,,,0,,,,0,,,,0,,1,10,15,17,1,,,,
dense,1,477,11,bt,6,0,16064,16,32944,32944,32945,,,,32988,32955,32970,16,1:15,32971,32986,16,1:15,32972,32987,16,1:15,,,0,,,,0,,,,0,,,,0,,1,10,15,17,1,,,,
dense,1,478,11,bt,6,16,16192,16,32991,32991,32992,,,,33035,33002,33017,16,1:15,33018,33033,16,1:15,33019,33034,16,1:15,,,0,,,,0,,,,0,,,,0,,1,10,15,17,1,,,,
dense,1,479,11,bt,7,0,16320,8,33038,33038,33039,,,,33066,33049,33056,8,1:7,33057,33064,8,1:7,33058,33065,8,1:7,,,0,,,,0,,,,0,,,,0,,1,10,7,9,1,,,,
dense,1,480,11,bt,7,8,16384,16,33069,33069,33070,,,,33113,33080,33095,16,1:15,33096,33111,16,1:15,33097,33112,16,1:15,,,0,,,,0,,,,0,,,,0,,1,10,15,17,1,,,,
dense,1,481,11,bt,7,24,16512,8,33116,33116,33117,,,,33144,33127,33134,8,1:7,33135,33142,8,1:7,33136,33143,8,1:7,,,0,,,,0,,,,0,,,,0,,1,10,7,9,1,,,,
dense,1,482,11,c,0,0,18848,4,34238,34238,,34255,34254,34266,34267,,,0,,,,0,,,,0,,34239,34251,4,4:3,34241,34253,4,4:3,34242,34254,4,4:3,34255,34258,4,1:3,,,,,,16,4,8,1
dense,1,483,11,c,1,0,18976,4,34270,34270,,34287,34286,34298,34299,,,0,,,,0,,,,0,,34271,34283,4,4:3,34273,34285,4,4:3,34274,34286,4,4:3,34287,34290,4,1:3,,,,,,16,4,8,1
dense,1,484,11,c,2,0,19104,4,34302,34302,,34319,34318,34330,34331,,,0,,,,0,,,,0,,34303,34315,4,4:3,34305,34317,4,4:3,34306,34318,4,4:3,34319,34322,4,1:3,,,,,,16,4,8,1
dense,1,485,11,c,3,0,19232,4,34334,34334,,34351,34350,34362,34363,,,0,,,,0,,,,0,,34335,34347,4,4:3,34337,34349,4,4:3,34338,34350,4,4:3,34351,34354,4,1:3,,,,,,16,4,8,1
dense,1,486,11,c,4,0,19360,4,34366,34366,,34383,34382,34394,34395,,,0,,,,0,,,,0,,34367,34379,4,4:3,34369,34381,4,4:3,34370,34382,4,4:3,34383,34386,4,1:3,,,,,,16,4,8,1
dense,1,487,11,c,5,0,19488,4,34398,34398,,34415,34414,34426,34427,,,0,,,,0,,,,0,,34399,34411,4,4:3,34401,34413,4,4:3,34402,34414,4,4:3,34415,34418,4,1:3,,,,,,16,4,8,1
dense,1,488,11,c,6,0,19616,4,34430,34430,,34447,34446,34458,34459,,,0,,,,0,,,,0,,34431,34443,4,4:3,34433,34445,4,4:3,34434,34446,4,4:3,34447,34450,4,1:3,,,,,,16,4,8,1
dense,1,489,11,c,7,0,19744,4,34462,34462,,34479,34478,34490,34491,,,0,,,,0,,,,0,,34463,34475,4,4:3,34465,34477,4,4:3,34466,34478,4,4:3,34479,34482,4,1:3,,,,,,16,4,8,1
dense,1,490,12,a,0,0,6208,16,34500,34500,34501,,,,34544,34511,34526,16,1:15,34527,34542,16,1:15,34528,34543,16,1:15,,,0,,,,0,,,,0,,,,0,,1,10,15,17,1,,,,
dense,1,491,12,a,0,16,6336,16,34547,34547,34548,,,,34591,34558,34573,16,1:15,34574,34589,16,1:15,34575,34590,16,1:15,,,0,,,,0,,,,0,,,,0,,1,10,15,17,1,,,,
dense,1,492,12,a,1,0,6464,16,34594,34594,34595,,,,34638,34605,34620,16,1:15,34621,34636,16,1:15,34622,34637,16,1:15,,,0,,,,0,,,,0,,,,0,,1,10,15,17,1,,,,
dense,1,493,12,a,1,16,6592,16,34641,34641,34642,,,,34685,34652,34667,16,1:15,34668,34683,16,1:15,34669,34684,16,1:15,,,0,,,,0,,,,0,,,,0,,1,10,15,17,1,,,,
dense,1,494,12,a,2,0,6720,16,34688,34688,34689,,,,34732,34699,34714,16,1:15,34715,34730,16,1:15,34716,34731,16,1:15,,,0,,,,0,,,,0,,,,0,,1,10,15,17,1,,,,
dense,1,495,12,a,2,16,6848,16,34735,34735,34736,,,,34779,34746,34761,16,1:15,34762,34777,16,1:15,34763,34778,16,1:15,,,0,,,,0,,,,0,,,,0,,1,10,15,17,1,,,,
dense,1,496,12,a,3,0,6976,16,34782,34782,34783,,,,34826,34793,34808,16,1:15,34809,34824,16,1:15,34810,34825,16,1:15,,,0,,,,0,,,,0,,,,0,,1,10,15,17,1,,,,
dense,1,497,12,a,3,16,7104,16,34829,34829,34830,,,,34873,34840,34855,16,1:15,34856,34871,16,1:15,34857,34872,16,1:15,,,0,,,,0,,,,0,,,,0,,1,10,15,17,1,,,,
dense,1,498,12,a,4,0,7232,16,34876,34876,34877,,,,34920,34887,34902,16,1:15,34903,34918,16,1:15,34904,34919,16,1:15,,,0,,,,0,,,,0,,,,0,,1,10,15,17,1,,,,
dense,1,499,12,a,4,16,7360,16,34923,34923,34924,,,,34967,34934,34949,16,1:15,34950,34965,16,1:15,34951,34966,16,1:15,,,0,,,,0,,,,0,,,,0,,1,10,15,17,1,,,,
dense,1,500,12,a,5,0,7488,16,34970,34970,34971,,,,35014,34981,34996,16,1:15,34997,35012,16,1:15,34998,35013,16,1:15,,,0,,,,0,,,,0,,,,0,,1,10,15,17,1,,,,
dense,1,501,12,a,5,16,7616,16,35017,35017,35018,,,,35061,35028,35043,16,1:15,35044,35059,16,1:15,35045,35060,16,1:15,,,0,,,,0,,,,0,,,,0,,1,10,15,17,1,,,,
dense,1,502,12,a,6,0,7744,16,35064,35064,35065,,,,35108,35075,35090,16,1:15,35091,35106,16,1:15,35092,35107,16,1:15,,,0,,,,0,,,,0,,,,0,,1,10,15,17,1,,,,
dense,1,503,12,a,6,16,7872,16,35111,35111,35112,,,,35155,35122,35137,16,1:15,35138,35153,16,1:15,35139,35154,16,1:15,,,0,,,,0,,,,0,,,,0,,1,10,15,17,1,,,,
dense,1,504,12,a,7,0,8000,16,35158,35158,35159,,,,35202,35169,35184,16,1:15,35185,35200,16,1:15,35186,35201,16,1:15,,,0,,,,0,,,,0,,,,0,,1,10,15,17,1,,,,
dense,1,505,12,a,7,16,8128,8,35205,35205,35206,,,,35233,35216,35223,8,1:7,35224,35231,8,1:7,35225,35232,8,1:7,,,0,,,,0,,,,0,,,,0,,1,10,7,9,1,,,,
dense,1,506,12,a,7,24,8192,8,35236,35236,35237,,,,35264,35247,35254,8,1:7,35255,35262,8,1:7,35256,35263,8,1:7,,,0,,,,0,,,,0,,,,0,,1,10,7,9,1,,,,
dense,1,507,12,bt,0,0,8384,16,35272,35272,35273,,,,35316,35283,35298,16,1:15,35299,35314,16,1:15,35300,35315,16,1:15,,,0,,,,0,,,,0,,,,0,,1,10,15,17,1,,,,
dense,1,508,12,bt,0,16,8512,16,35319,35319,35320,,,,35363,35330,35345,16,1:15,35346,35361,16,1:15,35347,35362,16,1:15,,,0,,,,0,,,,0,,,,0,,1,10,15,17,1,,,,
dense,1,509,12,bt,1,0,8640,16,35366,35366,35367,,,,35410,35377,35392,16,1:15,35393,35408,16,1:15,35394,35409,16,1:15,,,0,,,,0,,,,0,,,,0,,1,10,15,17,1,,,,
dense,1,510,12,bt,1,16,8768,16,35413,35413,35414,,,,35457,35424,35439,16,1:15,35440,35455,16,1:15,35441,35456,16,1:15,,,0,,,,0,,,,0,,,,0,,1,10,15,17,1,,,,
dense,1,511,12,bt,2,0,8896,16,35460,35460,35461,,,,35504,35471,35486,16,1:15,35487,35502,16,1:15,35488,35503,16,1:15,,,0,,,,0,,,,0,,,,0,,1,10,15,17,1,,,,
dense,1,512,12,bt,2,16,9024,16,35507,35507,35508,,,,35551,35518,35533,16,1:15,35534,35549,16,1:15,35535,35550,16,1:15,,,0,,,,0,,,,0,,,,0,,1,10,15,17,1,,,,
dense,1,513,12,bt,3,0,9152,16,35554,35554,35555,,,,35598,35565,35580,16,1:15,35581,35596,16,1:15,35582,35597,16,1:15,,,0,,,,0,,,,0,,,,0,,1,10,15,17,1,,,,
dense,1,514,12,bt,3,16,9280,16,35601,35601,35602,,,,35645,35612,35627,16,1:15,35628,35643,16,1:15,35629,35644,16,1:15,,,0,,,,0,,,,0,,,,0,,1,10,15,17,1,,,,
dense,1,515,12,bt,4,0,9408,16,35648,35648,35649,,,,35692,35659,35674,16,1:15,35675,35690,16,1:15,35676,35691,16,1:15,,,0,,,,0,,,,0,,,,0,,1,10,15,17,1,,,,
dense,1,516,12,bt,4,16,9536,16,35695,35695,35696,,,,35739,35706,35721,16,1:15,35722,35737,16,1:15,35723,35738,16,1:15,,,0,,,,0,,,,0,,,,0,,1,10,15,17,1,,,,
dense,1,517,12,bt,5,0,9664,16,35742,35742,35743,,,,35786,35753,35768,16,1:15,35769,35784,16,1:15,35770,35785,16,1:15,,,0,,,,0,,,,0,,,,0,,1,10,15,17,1,,,,
dense,1,518,12,bt,5,16,9792,16,35789,35789,35790,,,,35833,35800,35815,16,1:15,35816,35831,16,1:15,35817,35832,16,1:15,,,0,,,,0,,,,0,,,,0,,1,10,15,17,1,,,,
dense,1,519,12,bt,6,0,9920,16,35836,35836,35837,,,,35880,35847,35862,16,1:15,35863,35878,16,1:15,35864,35879,16,1:15,,,0,,,,0,,,,0,,,,0,,1,10,15,17,1,,,,
dense,1,520,12,bt,6,16,10048,16,35883,35883,35884,,,,35927,35894,35909,16,1:15,35910,35925,16,1:15,35911,35926,16,1:15,,,0,,,,0,,,,0,,,,0,,1,10,15,17,1,,,,
dense,1,521,12,bt,7,0,10176,16,35930,35930,35931,,,,35974,35941,35956,16,1:15,35957,35972,16,1:15,35958,35973,16,1:15,,,0,,,,0,,,,0,,,,0,,1,10,15,17,1,,,,
dense,1,522,12,bt,7,16,10304,16,35977,35977,35978,,,,36021,35988,36003,16,1:15,36004,36019,16,1:15,36005,36020,16,1:15,,,0,,,,0,,,,0,,,,0,,1,10,15,17,1,,,,
dense,1,523,12,c,0,0,19776,4,37115,37115,,37132,37131,37143,37144,,,0,,,,0,,,,0,,37116,37128,4,4:3,37118,37130,4,4:3,37119,37131,4,4:3,37132,37135,4,1:3,,,,,,16,4,8,1
dense,1,524,12,c,1,0,19904,4,37147,37147,,37164,37163,37175,37176,,,0,,,,0,,,,0,,37148,37160,4,4:3,37150,37162,4,4:3,37151,37163,4,4:3,37164,37167,4,1:3,,,,,,16,4,8,1
dense,1,525,12,c,2,0,20032,4,37179,37179,,37196,37195,37207,37208,,,0,,,,0,,,,0,,37180,37192,4,4:3,37182,37194,4,4:3,37183,37195,4,4:3,37196,37199,4,1:3,,,,,,16,4,8,1
dense,1,526,12,c,3,0,20160,4,37211,37211,,37228,37227,37239,37240,,,0,,,,0,,,,0,,37212,37224,4,4:3,37214,37226,4,4:3,37215,37227,4,4:3,37228,37231,4,1:3,,,,,,16,4,8,1
dense,1,527,12,c,4,0,20288,4,37243,37243,,37260,37259,37271,37272,,,0,,,,0,,,,0,,37244,37256,4,4:3,37246,37258,4,4:3,37247,37259,4,4:3,37260,37263,4,1:3,,,,,,16,4,8,1
dense,1,528,12,c,5,0,20416,4,37275,37275,,37292,37291,37303,37304,,,0,,,,0,,,,0,,37276,37288,4,4:3,37278,37290,4,4:3,37279,37291,4,4:3,37292,37295,4,1:3,,,,,,16,4,8,1
dense,1,529,12,c,6,0,20544,4,37307,37307,,37324,37323,37335,37336,,,0,,,,0,,,,0,,37308,37320,4,4:3,37310,37322,4,4:3,37311,37323,4,4:3,37324,37327,4,1:3,,,,,,16,4,8,1
dense,1,530,12,c,7,0,20672,4,37339,37339,,37356,37355,37367,37368,,,0,,,,0,,,,0,,37340,37352,4,4:3,37342,37354,4,4:3,37343,37355,4,4:3,37356,37359,4,1:3,,,,,,16,4,8,1
dense,1,531,13,a,0,0,6208,16,37377,37377,37378,,,,37421,37388,37403,16,1:15,37404,37419,16,1:15,37405,37420,16,1:15,,,0,,,,0,,,,0,,,,0,,1,10,15,17,1,,,,
dense,1,532,13,a,0,16,6336,16,37424,37424,37425,,,,37468,37435,37450,16,1:15,37451,37466,16,1:15,37452,37467,16,1:15,,,0,,,,0,,,,0,,,,0,,1,10,15,17,1,,,,
dense,1,533,13,a,1,0,6464,16,37471,37471,37472,,,,37515,37482,37497,16,1:15,37498,37513,16,1:15,37499,37514,16,1:15,,,0,,,,0,,,,0,,,,0,,1,10,15,17,1,,,,
dense,1,534,13,a,1,16,6592,16,37518,37518,37519,,,,37562,37529,37544,16,1:15,37545,37560,16,1:15,37546,37561,16,1:15,,,0,,,,0,,,,0,,,,0,,1,10,15,17,1,,,,
dense,1,535,13,a,2,0,6720,16,37565,37565,37566,,,,37609,37576,37591,16,1:15,37592,37607,16,1:15,37593,37608,16,1:15,,,0,,,,0,,,,0,,,,0,,1,10,15,17,1,,,,
dense,1,536,13,a,2,16,6848,16,37612,37612,37613,,,,37656,37623,37638,16,1:15,37639,37654,16,1:15,37640,37655,16,1:15,,,0,,,,0,,,,0,,,,0,,1,10,15,17,1,,,,
dense,1,537,13,a,3,0,6976,16,37659,37659,37660,,,,37703,37670,37685,16,1:15,37686,37701,16,1:15,37687,37702,16,1:15,,,0,,,,0,,,,0,,,,0,,1,10,15,17,1,,,,
dense,1,538,13,a,3,16,7104,16,37706,37706,37707,,,,37750,37717,37732,16,1:15,37733,37748,16,1:15,37734,37749,16,1:15,,,0,,,,0,,,,0,,,,0,,1,10,15,17,1,,,,
dense,1,539,13,a,4,0,7232,16,37753,37753,37754,,,,37797,37764,37779,16,1:15,37780,37795,16,1:15,37781,37796,16,1:15,,,0,,,,0,,,,0,,,,0,,1,10,15,17,1,,,,
dense,1,540,13,a,4,16,7360,16,37800,37800,37801,,,,37844,37811,37826,16,1:15,37827,37842,16,1:15,37828,37843,16,1:15,,,0,,,,0,,,,0,,,,0,,1,10,15,17,1,,,,
dense,1,541,13,a,5,0,7488,16,37847,37847,37848,,,,37891,37858,37873,16,1:15,37874,37889,16,1:15,37875,37890,16,1:15,,,0,,,,0,,,,0,,,,0,,1,10,15,17,1,,,,
dense,1,542,13,a,5,16,7616,16,37894,37894,37895,,,,37938,37905,37920,16,1:15,37921,37936,16,1:15,37922,37937,16,1:15,,,0,,,,0,,,,0,,,,0,,1,10,15,17,1,,,,
dense,1,543,13,a,6,0,7744,16,37941,37941,37942,,,,37985,37952,37967,16,1:15,37968,37983,16,1:15,37969,37984,16,1:15,,,0,,,,0,,,,0,,,,0,,1,10,15,17,1,,,,
dense,1,544,13,a,6,16,7872,16,37988,37988,37989,,,,38032,37999,38014,16,1:15,38015,38030,16,1:15,38016,38031,16,1:15,,,0,,,,0,,,,0,,,,0,,1,10,15,17,1,,,,
dense,1,545,13,a,7,0,8000,16,38035,38035,38036,,,,38079,38046,38061,16,1:15,38062,38077,16,1:15,38063,38078,16,1:15,,,0,,,,0,,,,0,,,,0,,1,10,15,17,1,,,,
dense,1,546,13,a,7,16,8128,8,38082,38082,38083,,,,38110,38093,38100,8,1:7,38101,38108,8,1:7,38102,38109,8,1:7,,,0,,,,0,,,,0,,,,0,,1,10,7,9,1,,,,
dense,1,547,13,a,7,24,8192,8,38113,38113,38114,,,,38141,38124,38131,8,1:7,38132,38139,8,1:7,38133,38140,8,1:7,,,0,,,,0,,,,0,,,,0,,1,10,7,9,1,,,,
dense,1,548,13,bt,0,0,10432,16,38149,38149,38150,,,,38193,38160,38175,16,1:15,38176,38191,16,1:15,38177,38192,16,1:15,,,0,,,,0,,,,0,,,,0,,1,10,15,17,1,,,,
dense,1,549,13,bt,0,16,10560,16,38196,38196,38197,,,,38240,38207,38222,16,1:15,38223,38238,16,1:15,38224,38239,16,1:15,,,0,,,,0,,,,0,,,,0,,1,10,15,17,1,,,,
dense,1,550,13,bt,1,0,10688,16,38243,38243,38244,,,,38287,38254,38269,16,1:15,38270,38285,16,1:15,38271,38286,16,1:15,,,0,,,,0,,,,0,,,,0,,1,10,15,17,1,,,,
dense,1,551,13,bt,1,16,10816,16,38290,38290,38291,,,,38334,38301,38316,16,1:15,38317,38332,16,1:15,38318,38333,16,1:15,,,0,,,,0,,,,0,,,,0,,1,10,15,17,1,,,,
dense,1,552,13,bt,2,0,10944,16,38337,38337,38338,,,,38381,38348,38363,16,1:15,38364,38379,16,1:15,38365,38380,16,1:15,,,0,,,,0,,,,0,,,,0,,1,10,15,17,1,,,,
dense,1,553,13,bt,2,16,11072,16,38384,38384,38385,,,,38428,38395,38410,16,1:15,38411,38426,16,1:15,38412,38427,16,1:15,,,0,,,,0,,,,0,,,,0,,1,10,15,17,1,,,,
dense,1,554,13,bt,3,0,11200,16,38431,38431,38432,,,,38475,38442,38457,16,1:15,38458,38473,16,1:15,38459,38474,16,1:15,,,0,,,,0,,,,0,,,,0,,1,10,15,17,1,,,,
dense,1,555,13,bt,3,16,11328,16,38478,38478,38479,,,,38522,38489,38504,16,1:15,38505,38520,16,1:15,38506,38521,16,1:15,,,0,,,,0,,,,0,,,,0,,1,10,15,17,1,,,,
dense,1,556,13,bt,4,0,11456,16,38525,38525,38526,,,,38569,38536,38551,16,1:15,38552,38567,16,1:15,38553,38568,16,1:15,,,0,,,,0,,,,0,,,,0,,1,10,15,17,1,,,,
dense,1,557,13,bt,4,16,11584,16,38572,38572,38573,,,,38616,38583,38598,16,1:15,38599,38614,16,1:15,38600,38615,16,1:15,,,0,,,,0,,,,0,,,,0,,1,10,15,17,1,,,,
dense,1,558,13,bt,5,0,11712,16,38619,38619,38620,,,,38663,38630,38645,16,1:15,38646,38661,16,1:15,38647,38662,16,1:15,,,0,,,,0,,,,0,,,,0,,1,10,15,17,1,,,,
dense,1,559,13,bt,5,16,11840,16,38666,38666,38667,,,,38710,38677,38692,16,1:15,38693,38708,16,1:15,38694,38709,16,1:15,,,0,,,,0,,,,0,,,,0,,1,10,15,17,1,,,,
dense,1,560,13,bt,6,0,11968,16,38713,38713,38714,,,,38757,38724,38739,16,1:15,38740,38755,16,1:15,38741,38756,16,1:15,,,0,,,,0,,,,0,,,,0,,1,10,15,17,1,,,,
dense,1,561,13,bt,6,16,12096,16,38760,38760,38761,,,,38804,38771,38786,16,1:15,38787,38802,16,1:15,38788,38803,16,1:15,,,0,,,,0,,,,0,,,,0,,1,10,15,17,1,,,,
dense,1,562,13,bt,7,0,12224,8,38807,38807,38808,,,,38835,38818,38825,8,1:7,38826,38833,8,1:7,38827,38834,8,1:7,,,0,,,,0,,,,0,,,,0,,1,10,7,9,1,,,,
dense,1,563,13,bt,7,8,12288,16,38838,38838,38839,,,,38882,38849,38864,16,1:15,38865,38880,16,1:15,38866,38881,16,1:15,,,0,,,,0,,,,0,,,,0,,1,10,15,17,1,,,,
dense,1,564,13,bt,7,24,12416,8,38885,38885,38886,,,,38913,38896,38903,8,1:7,38904,38911,8,1:7,38905,38912,8,1:7,,,0,,,,0,,,,0,,,,0,,1,10,7,9,1,,,,
dense,1,565,13,c,0,0,19808,4,40007,40007,,40024,40023,40035,40036,,,0,,,,0,,,,0,,40008,40020,4,4:3,40010,40022,4,4:3,40011,40023,4,4:3,40024,40027,4,1:3,,,,,,16,4,8,1
dense,1,566,13,c,1,0,19936,4,40039,40039,,40056,40055,40067,40068,,,0,,,,0,,,,0,,40040,40052,4,4:3,40042,40054,4,4:3,40043,40055,4,4:3,40056,40059,4,1:3,,,,,,16,4,8,1
dense,1,567,13,c,2,0,20064,4,40071,40071,,40088,40087,40099,40100,,,0,,,,0,,,,0,,40072,40084,4,4:3,40074,40086,4,4:3,40075,40087,4,4:3,40088,40091,4,1:3,,,,,,16,4,8,1
dense,1,568,13,c,3,0,20192,4,40103,40103,,40120,40119,40131,40132,,,0,,,,0,,,,0,,40104,40116,4,4:3,40106,40118,4,4:3,40107,40119,4,4:3,40120,40123,4,1:3,,,,,,16,4,8,1
dense,1,569,13,c,4,0,20320,4,40135,40135,,40152,40151,40163,40164,,,0,,,,0,,,,0,,40136,40148,4,4:3,40138,40150,4,4:3,40139,40151,4,4:3,40152,40155,4,1:3,,,,,,16,4,8,1
dense,1,570,13,c,5,0,20448,4,40167,40167,,40184,40183,40195,40196,,,0,,,,0,,,,0,,40168,40180,4,4:3,40170,40182,4,4:3,40171,40183,4,4:3,40184,40187,4,1:3,,,,,,16,4,8,1
dense,1,571,13,c,6,0,20576,4,40199,40199,,40216,40215,40227,40228,,,0,,,,0,,,,0,,40200,40212,4,4:3,40202,40214,4,4:3,40203,40215,4,4:3,40216,40219,4,1:3,,,,,,16,4,8,1
dense,1,572,13,c,7,0,20704,4,40231,40231,,40248,40247,40259,40260,,,0,,,,0,,,,0,,40232,40244,4,4:3,40234,40246,4,4:3,40235,40247,4,4:3,40248,40251,4,1:3,,,,,,16,4,8,1
dense,1,573,14,a,0,0,6208,16,40269,40269,40270,,,,40313,40280,40295,16,1:15,40296,40311,16,1:15,40297,40312,16,1:15,,,0,,,,0,,,,0,,,,0,,1,10,15,17,1,,,,
dense,1,574,14,a,0,16,6336,16,40316,40316,40317,,,,40360,40327,40342,16,1:15,40343,40358,16,1:15,40344,40359,16,1:15,,,0,,,,0,,,,0,,,,0,,1,10,15,17,1,,,,
dense,1,575,14,a,1,0,6464,16,40363,40363,40364,,,,40407,40374,40389,16,1:15,40390,40405,16,1:15,40391,40406,16,1:15,,,0,,,,0,,,,0,,,,0,,1,10,15,17,1,,,,
dense,1,576,14,a,1,16,6592,16,40410,40410,40411,,,,40454,40421,40436,16,1:15,40437,40452,16,1:15,40438,40453,16,1:15,,,0,,,,0,,,,0,,,,0,,1,10,15,17,1,,,,
dense,1,577,14,a,2,0,6720,16,40457,40457,40458,,,,40501,40468,40483,16,1:15,40484,40499,16,1:15,40485,40500,16,1:15,,,0,,,,0,,,,0,,,,0,,1,10,15,17,1,,,,
dense,1,578,14,a,2,16,6848,16,40504,40504,40505,,,,40548,40515,40530,16,1:15,40531,40546,16,1:15,40532,40547,16,1:15,,,0,,,,0,,,,0,,,,0,,1,10,15,17,1,,,,
dense,1,579,14,a,3,0,6976,16,40551,40551,40552,,,,40595,40562,40577,16,1:15,40578,40593,16,1:15,40579,40594,16,1:15,,,0,,,,0,,,,0,,,,0,,1,10,15,17,1,,,,
dense,1,580,14,a,3,16,7104,16,40598,40598,40599,,,,40642,40609,40624,16,1:15,40625,40640,16,1:15,40626,40641,16,1:15,,,0,,,,0,,,,0,,,,0,,1,10,15,17,1,,,,
dense,1,581,14,a,4,0,7232,16,40645,40645,40646,,,,40689,40656,40671,16,1:15,40672,40687,16,1:15,40673,40688,16,1:15,,,0,,,,0,,,,0,,,,0,,1,10,15,17,1,,,,
dense,1,582,14,a,4,16,7360,16,40692,40692,40693,,,,40736,40703,40718,16,1:15,40719,40734,16,1:15,40720,40735,16,1:15,,,0,,,,0,,,,0,,,,0,,1,10,15,17,1,,,,
dense,1,583,14,a,5,0,7488,16,40739,40739,40740,,,,40783,40750,40765,16,1:15,40766,40781,16,1:15,40767,40782,16,1:15,,,0,,,,0,,,,0,,,,0,,1,10,15,17,1,,,,
dense,1,584,14,a,5,16,7616,16,40786,40786,40787,,,,40830,40797,40812,16,1:15,40813,40828,16,1:15,40814,40829,16,1:15,,,0,,,,0,,,,0,,,,0,,1,10,15,17,1,,,,
dense,1,585,14,a,6,0,7744,16,40833,40833,40834,,,,40877,40844,40859,16,1:15,40860,40875,16,1:15,40861,40876,16,1:15,,,0,,,,0,,,,0,,,,0,,1,10,15,17,1,,,,
dense,1,586,14,a,6,16,7872,16,40880,40880,40881,,,,40924,40891,40906,16,1:15,40907,40922,16,1:15,40908,40923,16,1:15,,,0,,,,0,,,,0,,,,0,,1,10,15,17,1,,,,
dense,1,587,14,a,7,0,8000,16,40927,40927,40928,,,,40971,40938,40953,16,1:15,40954,40969,16,1:15,40955,40970,16,1:15,,,0,,,,0,,,,0,,,,0,,1,10,15,17,1,,,,
dense,1,588,14,a,7,16,8128,8,40974,40974,40975,,,,41002,40985,40992,8,1:7,40993,41000,8,1:7,40994,41001,8,1:7,,,0,,,,0,,,,0,,,,0,,1,10,7,9,1,,,,
dense,1,589,14,a,7,24,8192,8,41005,41005,41006,,,,41033,41016,41023,8,1:7,41024,41031,8,1:7,41025,41032,8,1:7,,,0,,,,0,,,,0,,,,0,,1,10,7,9,1,,,,
dense,1,590,14,bt,0,0,12480,16,41041,41041,41042,,,,41085,41052,41067,16,1:15,41068,41083,16,1:15,41069,41084,16,1:15,,,0,,,,0,,,,0,,,,0,,1,10,15,17,1,,,,
dense,1,591,14,bt,0,16,12608,16,41088,41088,41089,,,,41132,41099,41114,16,1:15,41115,41130,16,1:15,41116,41131,16,1:15,,,0,,,,0,,,,0,,,,0,,1,10,15,17,1,,,,
dense,1,592,14,bt,1,0,12736,16,41135,41135,41136,,,,41179,41146,41161,16,1:15,41162,41177,16,1:15,41163,41178,16,1:15,,,0,,,,0,,,,0,,,,0,,1,10,15,17,1,,,,
dense,1,593,14,bt,1,16,12864,16,41182,41182,41183,,,,41226,41193,41208,16,1:15,41209,41224,16,1:15,41210,41225,16,1:15,,,0,,,,0,,,,0,,,,0,,1,10,15,17,1,,,,
dense,1,594,14,bt,2,0,12992,16,41229,41229,41230,,,,41273,41240,41255,16,1:15,41256,41271,16,1:15,41257,41272,16,1:15,,,0,,,,0,,,,0,,,,0,,1,10,15,17,1,,,,
dense,1,595,14,bt,2,16,13120,16,41276,41276,41277,,,,41320,41287,41302,16,1:15,41303,41318,16,1:15,41304,41319,16,1:15,,,0,,,,0,,,,0,,,,0,,1,10,15,17,1,,,,
dense,1,596,14,bt,3,0,13248,16,41323,41323,41324,,,,41367,41334,41349,16,1:15,41350,41365,16,1:15,41351,41366,16,1:15,,,0,,,,0,,,,0,,,,0,,1,10,15,17,1,,,,
dense,1,597,14,bt,3,16,13376,16,41370,41370,41371,,,,41414,41381,41396,16,1:15,41397,41412,16,1:15,41398,41413,16,1:15,,,0,,,,0,,,,0,,,,0,,1,10,15,17,1,,,,
dense,1,598,14,bt,4,0,13504,16,41417,41417,41418,,,,41461,41428,41443,16,1:15,41444,41459,16,1:15,41445,41460,16,1:15,,,0,,,,0,,,,0,,,,0,,1,10,15,17,1,,,,
dense,1,599,14,bt,4,16,13632,16,41464,41464,41465,,,,41508,41475,41490,16,1:15,41491,41506,16,1:15,41492,41507,16,1:15,,,0,,,,0,,,,0,,,,0,,1,10,15,17,1,,,,
dense,1,600,14,bt,5,0,13760,16,41511,41511,41512,,,,41555,41522,41537,16,1:15,41538,41553,16,1:15,41539,41554,16,1:15,,,0,,,,0,,,,0,,,,0,,1,10,15,17,1,,,,
dense,1,601,14,bt,5,16,13888,16,41558,41558,41559,,,,41602,41569,41584,16,1:15,41585,41600,16,1:15,41586,41601,16,1:15,,,0,,,,0,,,,0,,,,0,,1,10,15,17,1,,,,
dense,1,602,14,bt,6,0,14016,16,41605,41605,41606,,,,41649,41616,41631,16,1:15,41632,41647,16,1:15,41633,41648,16,1:15,,,0,,,,0,,,,0,,,,0,,1,10,15,17,1,,,,
dense,1,603,14,bt,6,16,14144,16,41652,41652,41653,,,,41696,41663,41678,16,1:15,41679,41694,16,1:15,41680,41695,16,1:15,,,0,,,,0,,,,0,,,,0,,1,10,15,17,1,,,,
dense,1,604,14,bt,7,0,14272,16,41699,41699,41700,,,,41743,41710,41725,16,1:15,41726,41741,16,1:15,41727,41742,16,1:15,,,0,,,,0,,,,0,,,,0,,1,10,15,17,1,,,,
dense,1,605,14,bt,7,16,14400,16,41746,41746,41747,,,,41790,41757,41772,16,1:15,41773,41788,16,1:15,41774,41789,16,1:15,,,0,,,,0,,,,0,,,,0,,1,10,15,17,1,,,,
dense,1,606,14,c,0,0,19840,4,42884,42884,,42901,42900,42912,42913,,,0,,,,0,,,,0,,42885,42897,4,4:3,42887,42899,4,4:3,42888,42900,4,4:3,42901,42904,4,1:3,,,,,,16,4,8,1
dense,1,607,14,c,1,0,19968,4,42916,42916,,42933,42932,42944,42945,,,0,,,,0,,,,0,,42917,42929,4,4:3,42919,42931,4,4:3,42920,42932,4,4:3,42933,42936,4,1:3,,,,,,16,4,8,1
dense,1,608,14,c,2,0,20096,4,42948,42948,,42965,42964,42976,42977,,,0,,,,0,,,,0,,42949,42961,4,4:3,42951,42963,4,4:3,42952,42964,4,4:3,42965,42968,4,1:3,,,,,,16,4,8,1
dense,1,609,14,c,3,0,20224,4,42980,42980,,42997,42996,43008,43009,,,0,,,,0,,,,0,,42981,42993,4,4:3,42983,42995,4,4:3,42984,42996,4,4:3,42997,43000,4,1:3,,,,,,16,4,8,1
dense,1,610,14,c,4,0,20352,4,43012,43012,,43029,43028,43040,43041,,,0,,,,0,,,,0,,43013,43025,4,4:3,43015,43027,4,4:3,43016,43028,4,4:3,43029,43032,4,1:3,,,,,,16,4,8,1
dense,1,611,14,c,5,0,20480,4,43044,43044,,43061,43060,43072,43073,,,0,,,,0,,,,0,,43045,43057,4,4:3,43047,43059,4,4:3,43048,43060,4,4:3,43061,43064,4,1:3,,,,,,16,4,8,1
dense,1,612,14,c,6,0,20608,4,43076,43076,,43093,43092,43104,43105,,,0,,,,0,,,,0,,43077,43089,4,4:3,43079,43091,4,4:3,43080,43092,4,4:3,43093,43096,4,1:3,,,,,,16,4,8,1
dense,1,613,14,c,7,0,20736,4,43108,43108,,43125,43124,43136,43137,,,0,,,,0,,,,0,,43109,43121,4,4:3,43111,43123,4,4:3,43112,43124,4,4:3,43125,43128,4,1:3,,,,,,16,4,8,1
dense,1,614,15,a,0,0,6208,16,43146,43146,43147,,,,43190,43157,43172,16,1:15,43173,43188,16,1:15,43174,43189,16,1:15,,,0,,,,0,,,,0,,,,0,,1,10,15,17,1,,,,
dense,1,615,15,a,0,16,6336,16,43193,43193,43194,,,,43237,43204,43219,16,1:15,43220,43235,16,1:15,43221,43236,16,1:15,,,0,,,,0,,,,0,,,,0,,1,10,15,17,1,,,,
dense,1,616,15,a,1,0,6464,16,43240,43240,43241,,,,43284,43251,43266,16,1:15,43267,43282,16,1:15,43268,43283,16,1:15,,,0,,,,0,,,,0,,,,0,,1,10,15,17,1,,,,
dense,1,617,15,a,1,16,6592,16,43287,43287,43288,,,,43331,43298,43313,16,1:15,43314,43329,16,1:15,43315,43330,16,1:15,,,0,,,,0,,,,0,,,,0,,1,10,15,17,1,,,,
dense,1,618,15,a,2,0,6720,16,43334,43334,43335,,,,43378,43345,43360,16,1:15,43361,43376,16,1:15,43362,43377,16,1:15,,,0,,,,0,,,,0,,,,0,,1,10,15,17,1,,,,
dense,1,619,15,a,2,16,6848,16,43381,43381,43382,,,,43425,43392,43407,16,1:15,43408,43423,16,1:15,43409,43424,16,1:15,,,0,,,,0,,,,0,,,,0,,1,10,15,17,1,,,,
dense,1,620,15,a,3,0,6976,16,43428,43428,43429,,,,43472,43439,43454,16,1:15,43455,43470,16,1:15,43456,43471,16,1:15,,,0,,,,0,,,,0,,,,0,,1,10,15,17,1,,,,
dense,1,621,15,a,3,16,7104,16,43475,43475,43476,,,,43519,43486,43501,16,1:15,43502,43517,16,1:15,43503,43518,16,1:15,,,0,,,,0,,,,0,,,,0,,1,10,15,17,1,,,,
dense,1,622,15,a,4,0,7232,16,43522,43522,43523,,,,43566,43533,43548,16,1:15,43549,43564,16,1:15,43550,43565,16,1:15,,,0,,,,0,,,,0,,,,0,,1,10,15,17,1,,,,
dense,1,623,15,a,4,16,7360,16,43569,43569,43570,,,,43613,43580,43595,16,1:15,43596,43611,16,1:15,43597,43612,16,1:15,,,0,,,,0,,,,0,,,,0,,1,10,15,17,1,,,,
dense,1,624,15,a,5,0,7488,16,43616,43616,43617,,,,43660,43627,43642,16,1:15,43643,43658,16,1:15,43644,43659,16,1:15,,,0,,,,0,,,,0,,,,0,,1,10,15,17,1,,,,
dense,1,625,15,a,5,16,7616,16,43663,43663,43664,,,,43707,43674,43689,16,1:15,43690,43705,16,1:15,43691,43706,16,1:15,,,0,,,,0,,,,0,,,,0,,1,10,15,17,1,,,,
dense,1,626,15,a,6,0,7744,16,43710,43710,43711,,,,43754,43721,43736,16,1:15,43737,43752,16,1:15,43738,43753,16,1:15,,,0,,,,0,,,,0,,,,0,,1,10,15,17,1,,,,
dense,1,627,15,a,6,16,7872,16,43757,43757,43758,,,,43801,43768,43783,16,1:15,43784,43799,16,1:15,43785,43800,16,1:15,,,0,,,,0,,,,0,,,,0,,1,10,15,17,1,,,,
dense,1,628,15,a,7,0,8000,16,43804,43804,43805,,,,43848,43815,43830,16,1:15,43831,43846,16,1:15,43832,43847,16,1:15,,,0,,,,0,,,,0,,,,0,,1,10,15,17,1,,,,
dense,1,629,15,a,7,16,8128,8,43851,43851,43852,,,,43879,43862,43869,8,1:7,43870,43877,8,1:7,43871,43878,8,1:7,,,0,,,,0,,,,0,,,,0,,1,10,7,9,1,,,,
dense,1,630,15,a,7,24,8192,8,43882,43882,43883,,,,43910,43893,43900,8,1:7,43901,43908,8,1:7,43902,43909,8,1:7,,,0,,,,0,,,,0,,,,0,,1,10,7,9,1,,,,
dense,1,631,15,bt,0,0,14528,16,43918,43918,43919,,,,43962,43929,43944,16,1:15,43945,43960,16,1:15,43946,43961,16,1:15,,,0,,,,0,,,,0,,,,0,,1,10,15,17,1,,,,
dense,1,632,15,bt,0,16,14656,16,43965,43965,43966,,,,44009,43976,43991,16,1:15,43992,44007,16,1:15,43993,44008,16,1:15,,,0,,,,0,,,,0,,,,0,,1,10,15,17,1,,,,
dense,1,633,15,bt,1,0,14784,16,44012,44012,44013,,,,44056,44023,44038,16,1:15,44039,44054,16,1:15,44040,44055,16,1:15,,,0,,,,0,,,,0,,,,0,,1,10,15,17,1,,,,
dense,1,634,15,bt,1,16,14912,16,44059,44059,44060,,,,44103,44070,44085,16,1:15,44086,44101,16,1:15,44087,44102,16,1:15,,,0,,,,0,,,,0,,,,0,,1,10,15,17,1,,,,
dense,1,635,15,bt,2,0,15040,16,44106,44106,44107,,,,44150,44117,44132,16,1:15,44133,44148,16,1:15,44134,44149,16,1:15,,,0,,,,0,,,,0,,,,0,,1,10,15,17,1,,,,
dense,1,636,15,bt,2,16,15168,16,44153,44153,44154,,,,44197,44164,44179,16,1:15,44180,44195,16,1:15,44181,44196,16,1:15,,,0,,,,0,,,,0,,,,0,,1,10,15,17,1,,,,
dense,1,637,15,bt,3,0,15296,16,44200,44200,44201,,,,44244,44211,44226,16,1:15,44227,44242,16,1:15,44228,44243,16,1:15,,,0,,,,0,,,,0,,,,0,,1,10,15,17,1,,,,
dense,1,638,15,bt,3,16,15424,16,44247,44247,44248,,,,44291,44258,44273,16,1:15,44274,44289,16,1:15,44275,44290,16,1:15,,,0,,,,0,,,,0,,,,0,,1,10,15,17,1,,,,
dense,1,639,15,bt,4,0,15552,16,44294,44294,44295,,,,44338,44305,44320,16,1:15,44321,44336,16,1:15,44322,44337,16,1:15,,,0,,,,0,,,,0,,,,0,,1,10,15,17,1,,,,
dense,1,640,15,bt,4,16,15680,16,44341,44341,44342,,,,44385,44352,44367,16,1:15,44368,44383,16,1:15,44369,44384,16,1:15,,,0,,,,0,,,,0,,,,0,,1,10,15,17,1,,,,
dense,1,641,15,bt,5,0,15808,16,44388,44388,44389,,,,44432,44399,44414,16,1:15,44415,44430,16,1:15,44416,44431,16,1:15,,,0,,,,0,,,,0,,,,0,,1,10,15,17,1,,,,
dense,1,642,15,bt,5,16,15936,16,44435,44435,44436,,,,44479,44446,44461,16,1:15,44462,44477,16,1:15,44463,44478,16,1:15,,,0,,,,0,,,,0,,,,0,,1,10,15,17,1,,,,
dense,1,643,15,bt,6,0,16064,16,44482,44482,44483,,,,44526,44493,44508,16,1:15,44509,44524,16,1:15,44510,44525,16,1:15,,,0,,,,0,,,,0,,,,0,,1,10,15,17,1,,,,
dense,1,644,15,bt,6,16,16192,16,44529,44529,44530,,,,44573,44540,44555,16,1:15,44556,44571,16,1:15,44557,44572,16,1:15,,,0,,,,0,,,,0,,,,0,,1,10,15,17,1,,,,
dense,1,645,15,bt,7,0,16320,8,44576,44576,44577,,,,44604,44587,44594,8,1:7,44595,44602,8,1:7,44596,44603,8,1:7,,,0,,,,0,,,,0,,,,0,,1,10,7,9,1,,,,
dense,1,646,15,bt,7,8,16384,16,44607,44607,44608,,,,44651,44618,44633,16,1:15,44634,44649,16,1:15,44635,44650,16,1:15,,,0,,,,0,,,,0,,,,0,,1,10,15,17,1,,,,
dense,1,647,15,bt,7,24,16512,8,44654,44654,44655,,,,44682,44665,44672,8,1:7,44673,44680,8,1:7,44674,44681,8,1:7,,,0,,,,0,,,,0,,,,0,,1,10,7,9,1,,,,
dense,1,648,15,c,0,0,19872,4,45776,45776,,45793,45792,45804,45805,,,0,,,,0,,,,0,,45777,45789,4,4:3,45779,45791,4,4:3,45780,45792,4,4:3,45793,45796,4,1:3,,,,,,16,4,8,1
dense,1,649,15,c,1,0,20000,4,45808,45808,,45825,45824,45836,45837,,,0,,,,0,,,,0,,45809,45821,4,4:3,45811,45823,4,4:3,45812,45824,4,4:3,45825,45828,4,1:3,,,,,,16,4,8,1
dense,1,650,15,c,2,0,20128,4,45840,45840,,45857,45856,45868,45869,,,0,,,,0,,,,0,,45841,45853,4,4:3,45843,45855,4,4:3,45844,45856,4,4:3,45857,45860,4,1:3,,,,,,16,4,8,1
dense,1,651,15,c,3,0,20256,4,45872,45872,,45889,45888,45900,45901,,,0,,,,0,,,,0,,45873,45885,4,4:3,45875,45887,4,4:3,45876,45888,4,4:3,45889,45892,4,1:3,,,,,,16,4,8,1
dense,1,652,15,c,4,0,20384,4,45904,45904,,45921,45920,45932,45933,,,0,,,,0,,,,0,,45905,45917,4,4:3,45907,45919,4,4:3,45908,45920,4,4:3,45921,45924,4,1:3,,,,,,16,4,8,1
dense,1,653,15,c,5,0,20512,4,45936,45936,,45953,45952,45964,45965,,,0,,,,0,,,,0,,45937,45949,4,4:3,45939,45951,4,4:3,45940,45952,4,4:3,45953,45956,4,1:3,,,,,,16,4,8,1
dense,1,654,15,c,6,0,20640,4,45968,45968,,45985,45984,45996,45997,,,0,,,,0,,,,0,,45969,45981,4,4:3,45971,45983,4,4:3,45972,45984,4,4:3,45985,45988,4,1:3,,,,,,16,4,8,1
dense,1,655,15,c,7,0,20768,4,46000,46000,,46017,46016,46028,46029,,,0,,,,0,,,,0,,46001,46013,4,4:3,46003,46015,4,4:3,46004,46016,4,4:3,46017,46020,4,1:3,,,,,,16,4,8,1
odd,2,0,0,a,0,0,64,2,6,6,7,,,,22,17,18,2,1:1,19,20,2,1:1,20,21,2,1:1,,,0,,,,0,,,,0,,,,0,,1,10,1,3,1,,,,
odd,2,1,0,a,1,0,128,2,25,25,26,,,,41,36,37,2,1:1,38,39,2,1:1,39,40,2,1:1,,,0,,,,0,,,,0,,,,0,,1,10,1,3,1,,,,
odd,2,2,0,a,2,0,192,2,44,44,45,,,,60,55,56,2,1:1,57,58,2,1:1,58,59,2,1:1,,,0,,,,0,,,,0,,,,0,,1,10,1,3,1,,,,
odd,2,3,0,a,3,0,256,2,63,63,64,,,,79,74,75,2,1:1,76,77,2,1:1,77,78,2,1:1,,,0,,,,0,,,,0,,,,0,,1,10,1,3,1,,,,
odd,2,4,0,a,4,0,320,2,82,82,83,,,,98,93,94,2,1:1,95,96,2,1:1,96,97,2,1:1,,,0,,,,0,,,,0,,,,0,,1,10,1,3,1,,,,
odd,2,5,0,bt,0,0,512,2,106,106,107,,,,122,117,118,2,1:1,119,120,2,1:1,120,121,2,1:1,,,0,,,,0,,,,0,,,,0,,1,10,1,3,1,,,,
odd,2,6,0,bt,1,0,576,2,125,125,126,,,,141,136,137,2,1:1,138,139,2,1:1,139,140,2,1:1,,,0,,,,0,,,,0,,,,0,,1,10,1,3,1,,,,
odd,2,7,0,bt,2,0,640,2,144,144,145,,,,160,155,156,2,1:1,157,158,2,1:1,158,159,2,1:1,,,0,,,,0,,,,0,,,,0,,1,10,1,3,1,,,,
odd,2,8,0,c,0,0,832,2,218,218,,227,226,236,237,,,0,,,,0,,,,0,,219,223,2,4:1,221,225,2,4:1,222,226,2,4:1,227,228,2,1:1,,,,,,8,2,8,1
odd,2,9,0,c,1,0,896,2,240,240,,249,248,258,259,,,0,,,,0,,,,0,,241,245,2,4:1,243,247,2,4:1,244,248,2,4:1,249,250,2,1:1,,,,,,8,2,8,1
odd,2,10,0,c,2,0,960,2,262,262,,271,270,280,281,,,0,,,,0,,,,0,,263,267,2,4:1,265,269,2,4:1,266,270,2,4:1,271,272,2,1:1,,,,,,8,2,8,1
odd,2,11,0,c,3,0,1024,2,284,284,,293,292,302,303,,,0,,,,0,,,,0,,285,289,2,4:1,287,291,2,4:1,288,292,2,4:1,293,294,2,1:1,,,,,,8,2,8,1
odd,2,12,0,c,4,0,1088,2,306,306,,315,314,324,325,,,0,,,,0,,,,0,,307,311,2,4:1,309,313,2,4:1,310,314,2,4:1,315,316,2,1:1,,,,,,8,2,8,1
multi_tile,3,0,0,a,0,0,64,16,6,6,7,,,,50,17,32,16,1:15,33,48,16,1:15,34,49,16,1:15,,,0,,,,0,,,,0,,,,0,,1,10,15,17,1,,,,
multi_tile,3,1,0,a,0,16,192,16,53,53,54,,,,97,64,79,16,1:15,80,95,16,1:15,81,96,16,1:15,,,0,,,,0,,,,0,,,,0,,1,10,15,17,1,,,,
multi_tile,3,2,0,a,1,0,320,16,100,100,101,,,,144,111,126,16,1:15,127,142,16,1:15,128,143,16,1:15,,,0,,,,0,,,,0,,,,0,,1,10,15,17,1,,,,
multi_tile,3,3,0,a,1,16,448,16,147,147,148,,,,191,158,173,16,1:15,174,189,16,1:15,175,190,16,1:15,,,0,,,,0,,,,0,,,,0,,1,10,15,17,1,,,,
multi_tile,3,4,0,a,2,0,576,16,194,194,195,,,,238,205,220,16,1:15,221,236,16,1:15,222,237,16,1:15,,,0,,,,0,,,,0,,,,0,,1,10,15,17,1,,,,
multi_tile,3,5,0,a,2,16,704,16,241,241,242,,,,285,252,267,16,1:15,268,283,16,1:15,269,284,16,1:15,,,0,,,,0,,,,0,,,,0,,1,10,15,17,1,,,,
multi_tile,3,6,0,a,3,0,832,16,288,288,289,,,,332,299,314,16,1:15,315,330,16,1:15,316,331,16,1:15,,,0,,,,0,,,,0,,,,0,,1,10,15,17,1,,,,
multi_tile,3,7,0,a,3,16,960,16,335,335,336,,,,379,346,361,16,1:15,362,377,16,1:15,363,378,16,1:15,,,0,,,,0,,,,0,,,,0,,1,10,15,17,1,,,,
multi_tile,3,8,0,a,4,0,1088,16,382,382,383,,,,426,393,408,16,1:15,409,424,16,1:15,410,425,16,1:15,,,0,,,,0,,,,0,,,,0,,1,10,15,17,1,,,,
multi_tile,3,9,0,a,4,16,1216,16,429,429,430,,,,473,440,455,16,1:15,456,471,16,1:15,457,472,16,1:15,,,0,,,,0,,,,0,,,,0,,1,10,15,17,1,,,,
multi_tile,3,10,0,a,5,0,1344,16,476,476,477,,,,520,487,502,16,1:15,503,518,16,1:15,504,519,16,1:15,,,0,,,,0,,,,0,,,,0,,1,10,15,17,1,,,,
multi_tile,3,11,0,a,5,16,1472,16,523,523,524,,,,567,534,549,16,1:15,550,565,16,1:15,551,566,16,1:15,,,0,,,,0,,,,0,,,,0,,1,10,15,17,1,,,,
multi_tile,3,12,0,a,6,0,1600,16,570,570,571,,,,614,581,596,16,1:15,597,612,16,1:15,598,613,16,1:15,,,0,,,,0,,,,0,,,,0,,1,10,15,17,1,,,,
multi_tile,3,13,0,a,6,16,1728,16,617,617,618,,,,661,628,643,16,1:15,644,659,16,1:15,645,660,16,1:15,,,0,,,,0,,,,0,,,,0,,1,10,15,17,1,,,,
multi_tile,3,14,0,a,7,0,1856,16,664,664,665,,,,708,675,690,16,1:15,691,706,16,1:15,692,707,16,1:15,,,0,,,,0,,,,0,,,,0,,1,10,15,17,1,,,,
multi_tile,3,15,0,a,7,16,1984,16,711,711,712,,,,755,722,737,16,1:15,738,753,16,1:15,739,754,16,1:15,,,0,,,,0,,,,0,,,,0,,1,10,15,17,1,,,,
multi_tile,3,16,0,bt,0,0,8640,16,763,763,764,,,,807,774,789,16,1:15,790,805,16,1:15,791,806,16,1:15,,,0,,,,0,,,,0,,,,0,,1,10,15,17,1,,,,
multi_tile,3,17,0,bt,0,16,8768,16,810,810,811,,,,854,821,836,16,1:15,837,852,16,1:15,838,853,16,1:15,,,0,,,,0,,,,0,,,,0,,1,10,15,17,1,,,,
multi_tile,3,18,0,bt,1,0,8896,16,857,857,858,,,,901,868,883,16,1:15,884,899,16,1:15,885,900,16,1:15,,,0,,,,0,,,,0,,,,0,,1,10,15,17,1,,,,
multi_tile,3,19,0,bt,1,16,9024,16,904,904,905,,,,948,915,930,16,1:15,931,946,16,1:15,932,947,16,1:15,,,0,,,,0,,,,0,,,,0,,1,10,15,17,1,,,,
multi_tile,3,20,0,bt,2,0,9152,16,951,951,952,,,,995,962,977,16,1:15,978,993,16,1:15,979,994,16,1:15,,,0,,,,0,,,,0,,,,0,,1,10,15,17,1,,,,
multi_tile,3,21,0,bt,2,16,9280,16,998,998,999,,,,1042,1009,1024,16,1:15,1025,1040,16,1:15,1026,1041,16,1:15,,,0,,,,0,,,,0,,,,0,,1,10,15,17,1,,,,
multi_tile,3,22,0,bt,3,0,9408,16,1045,1045,1046,,,,1089,1056,1071,16,1:15,1072,1087,16,1:15,1073,1088,16,1:15,,,0,,,,0,,,,0,,,,0,,1,10,15,17,1,,,,
multi_tile,3,23,0,bt,3,16,9536,16,1092,1092,1093,,,,1136,1103,1118,16,1:15,1119,1134,16,1:15,1120,1135,16,1:15,,,0,,,,0,,,,0,,,,0,,1,10,15,17,1,,,,
multi_tile,3,24,0,bt,4,0,9664,16,1139,1139,1140,,,,1183,1150,1165,16,1:15,1166,1181,16,1:15,1167,1182,16,1:15,,,0,,,,0,,,,0,,,,0,,1,10,15,17,1,,,,
multi_tile,3,25,0,bt,4,16,9792,16,1186,1186,1187,,,,1230,1197,1212,16,1:15,1213,1228,16,1:15,1214,1229,16,1:15,,,0,,,,0,,,,0,,,,0,,1,10,15,17,1,,,,
multi_tile,3,26,0,bt,5,0,9920,16,1233,1233,1234,,,,1277,1244,1259,16,1:15,1260,1275,16,1:15,1261,1276,16,1:15,,,0,,,,0,,,,0,,,,0,,1,10,15,17,1,,,,
multi_tile,3,27,0,bt,5,16,10048,16,1280,1280,1281,,,,1324,1291,1306,16,1:15,1307,1322,16,1:15,1308,1323,16,1:15,,,0,,,,0,,,,0,,,,0,,1,10,15,17,1,,,,
multi_tile,3,28,0,bt,6,0,10176,16,1327,1327,1328,,,,1371,1338,1353,16,1:15,1354,1369,16,1:15,1355,1370,16,1:15,,,0,,,,0,,,,0,,,,0,,1,10,15,17,1,,,,
multi_tile,3,29,0,bt,6,16,10304,16,1374,1374,1375,,,,1418,1385,1400,16,1:15,1401,1416,16,1:15,1402,1417,16,1:15,,,0,,,,0,,,,0,,,,0,,1,10,15,17,1,,,,
multi_tile,3,30,0,bt,7,0,10432,16,1421,1421,1422,,,,1465,1432,1447,16,1:15,1448,1463,16,1:15,1449,1464,16,1:15,,,0,,,,0,,,,0,,,,0,,1,10,15,17,1,,,,
multi_tile,3,31,0,bt,7,16,10560,16,1468,1468,1469,,,,1512,1479,1494,16,1:15,1495,1510,16,1:15,1496,1511,16,1:15,,,0,,,,0,,,,0,,,,0,,1,10,15,17,1,,,,
multi_tile,3,32,0,c,0,0,17728,4,2606,2606,,2623,2622,2634,2635,,,0,,,,0,,,,0,,2607,2619,4,4:3,2609,2621,4,4:3,2610,2622,4,4:3,2623,2626,4,1:3,,,,,,16,4,8,1
multi_tile,3,33,0,c,1,0,17920,4,2638,2638,,2655,2654,2666,2667,,,0,,,,0,,,,0,,2639,2651,4,4:3,2641,2653,4,4:3,2642,2654,4,4:3,2655,2658,4,1:3,,,,,,16,4,8,1
multi_tile,3,34,0,c,2,0,18112,4,2670,2670,,2687,2686,2698,2699,,,0,,,,0,,,,0,,2671,2683,4,4:3,2673,2685,4,4:3,2674,2686,4,4:3,2687,2690,4,1:3,,,,,,16,4,8,1
multi_tile,3,35,0,c,3,0,18304,4,2702,2702,,2719,2718,2730,2731,,,0,,,,0,,,,0,,2703,2715,4,4:3,2705,2717,4,4:3,2706,2718,4,4:3,2719,2722,4,1:3,,,,,,16,4,8,1
multi_tile,3,36,0,c,4,0,18496,4,2734,2734,,2751,2750,2762,2763,,,0,,,,0,,,,0,,2735,2747,4,4:3,2737,2749,4,4:3,2738,2750,4,4:3,2751,2754,4,1:3,,,,,,16,4,8,1
multi_tile,3,37,0,c,5,0,18688,4,2766,2766,,2783,2782,2794,2795,,,0,,,,0,,,,0,,2767,2779,4,4:3,2769,2781,4,4:3,2770,2782,4,4:3,2783,2786,4,1:3,,,,,,16,4,8,1
multi_tile,3,38,0,c,6,0,18880,4,2798,2798,,2815,2814,2826,2827,,,0,,,,0,,,,0,,2799,2811,4,4:3,2801,2813,4,4:3,2802,2814,4,4:3,2815,2818,4,1:3,,,,,,16,4,8,1
multi_tile,3,39,0,c,7,0,19072,4,2830,2830,,2847,2846,2858,2859,,,0,,,,0,,,,0,,2831,2843,4,4:3,2833,2845,4,4:3,2834,2846,4,4:3,2847,2850,4,1:3,,,,,,16,4,8,1
multi_tile,3,40,1,a,0,0,64,16,2868,2868,2869,,,,2912,2879,2894,16,1:15,2895,2910,16,1:15,2896,2911,16,1:15,,,0,,,,0,,,,0,,,,0,,1,10,15,17,1,,,,
multi_tile,3,41,1,a,0,16,192,16,2915,2915,2916,,,,2959,2926,2941,16,1:15,2942,2957,16,1:15,2943,2958,16,1:15,,,0,,,,0,,,,0,,,,0,,1,10,15,17,1,,,,
multi_tile,3,42,1,a,1,0,320,16,2962,2962,2963,,,,3006,2973,2988,16,1:15,2989,3004,16,1:15,2990,3005,16,1:15,,,0,,,,0,,,,0,,,,0,,1,10,15,17,1,,,,
multi_tile,3,43,1,a,1,16,448,16,3009,3009,3010,,,,3053,3020,3035,16,1:15,3036,3051,16,1:15,3037,3052,16,1:15,,,0,,,,0,,,,0,,,,0,,1,10,15,17,1,,,,
multi_tile,3,44,1,a,2,0,576,16,3056,3056,3057,,,,3100,3067,3082,16,1:15,3083,3098,16,1:15,3084,3099,16,1:15,,,0,,,,0,,,,0,,,,0,,1,10,15,17,1,,,,
multi_tile,3,45,1,a,2,16,704,16,3103,3103,3104,,,,3147,3114,3129,16,1:15,3130,3145,16,1:15,3131,3146,16,1:15,,,0,,,,0,,,,0,,,,0,,1,10,15,17,1,,,,
multi_tile,3,46,1,a,3,0,832,16,3150,3150,3151,,,,3194,3161,3176,16,1:15,3177,3192,16,1:15,3178,3193,16,1:15,,,0,,,,0,,,,0,,,,0,,1,10,15,17,1,,,,
multi_tile,3,47,1,a,3,16,960,16,3197,3197,3198,,,,3241,3208,3223,16,1:15,3224,3239,16,1:15,3225,3240,16,1:15,,,0,,,,0,,,,0,,,,0,,1,10,15,17,1,,,,
multi_tile,3,48,1,a,4,0,1088,16,3244,3244,3245,,,,3288,3255,3270,16,1:15,3271,3286,16,1:15,3272,3287,16,1:15,,,0,,,,0,,,,0,,,,0,,1,10,15,17,1,,,,
multi_tile,3,49,1,a,4,16,1216,16,3291,3291,3292,,,,3335,3302,3317,16,1:15,3318,3333,16,1:15,3319,3334,16,1:15,,,0,,,,0,,,,0,,,,0,,1,10,15,17,1,,,,
multi_tile,3,50,1,a,5,0,1344,16,3338,3338,3339,,,,3382,3349,3364,16,1:15,3365,3380,16,1:15,3366,3381,16,1:15,,,0,,,,0,,,,0,,,,0,,1,10,15,17,1,,,,
multi_tile,3,51,1,a,5,16,1472,16,3385,3385,3386,,,,3429,3396,3411,16,1:15,3412,3427,16,1:15,3413,3428,16,1:15,,,0,,,,0,,,,0,,,,0,,1,10,15,17,1,,,,
multi_tile,3,52,1,a,6,0,1600,16,3432,3432,3433,,,,3476,3443,3458,16,1:15,3459,3474,16,1:15,3460,3475,16,1:15,,,0,,,,0,,,,0,,,,0,,1,10,15,17,1,,,,
multi_tile,3,53,1,a,6,16,1728,16,3479,3479,3480,,,,3523,3490,3505,16,1:15,3506,3521,16,1:15,3507,3522,16,1:15,,,0,,,,0,,,,0,,,,0,,1,10,15,17,1,,,,
multi_tile,3,54,1,a,7,0,1856,16,3526,3526,3527,,,,3570,3537,3552,16,1:15,3553,3568,16,1:15,3554,3569,16,1:15,,,0,,,,0,,,,0,,,,0,,1,10,15,17,1,,,,
multi_tile,3,55,1,a,7,16,1984,16,3573,3573,3574,,,,3617,3584,3599,16,1:15,3600,3615,16,1:15,3601,3616,16,1:15,,,0,,,,0,,,,0,,,,0,,1,10,15,17,1,,,,
multi_tile,3,56,1,bt,0,0,10688,16,3625,3625,3626,,,,3669,3636,3651,16,1:15,3652,3667,16,1:15,3653,3668,16,1:15,,,0,,,,0,,,,0,,,,0,,1,10,15,17,1,,,,
multi_tile,3,57,1,bt,0,16,10816,16,3672,3672,3673,,,,3716,3683,3698,16,1:15,3699,3714,16,1:15,3700,3715,16,1:15,,,0,,,,0,,,,0,,,,0,,1,10,15,17,1,,,,
multi_tile,3,58,1,bt,1,0,10944,16,3719,3719,3720,,,,3763,3730,3745,16,1:15,3746,3761,16,1:15,3747,3762,16,1:15,,,0,,,,0,,,,0,,,,0,,1,10,15,17,1,,,,
multi_tile,3,59,1,bt,1,16,11072,16,3766,3766,3767,,,,3810,3777,3792,16,1:15,3793,3808,16,1:15,3794,3809,16,1:15,,,0,,,,0,,,,0,,,,0,,1,10,15,17,1,,,,
multi_tile,3,60,1,bt,2,0,11200,16,3813,3813,3814,,,,3857,3824,3839,16,1:15,3840,3855,16,1:15,3841,3856,16,1:15,,,0,,,,0,,,,0,,,,0,,1,10,15,17,1,,,,
multi_tile,3,61,1,bt,2,16,11328,16,3860,3860,3861,,,,3904,3871,3886,16,1:15,3887,3902,16,1:15,3888,3903,16,1:15,,,0,,,,0,,,,0,,,,0,,1,10,15,17,1,,,,
multi_tile,3,62,1,bt,3,0,11456,16,3907,3907,3908,,,,3951,3918,3933,16,1:15,3934,3949,16,1:15,3935,3950,16,1:15,,,0,,,,0,,,,0,,,,0,,1,10,15,17,1,,,,
multi_tile,3,63,1,bt,3,16,11584,16,3954,3954,3955,,,,3998,3965,3980,16,1:15,3981,3996,16,1:15,3982,3997,16,1:15,,,0,,,,0,,,,0,,,,0,,1,10,15,17,1,,,,
multi_tile,3,64,1,bt,4,0,11712,16,4001,4001,4002,,,,4045,4012,4027,16,1:15,4028,4043,16,1:15,4029,4044,16,1:15,,,0,,,,0,,,,0,,,,0,,1,10,15,17,1,,,,
multi_tile,3,65,1,bt,4,16,11840,16,4048,4048,4049,,,,4092,4059,4074,16,1:15,4075,4090,16,1:15,4076,4091,16,1:15,,,0,,,,0,,,,0,,,,0,,1,10,15,17,1,,,,
multi_tile,3,66,1,bt,5,0,11968,16,4095,4095,4096,,,,4139,4106,4121,16,1:15,4122,4137,16,1:15,4123,4138,16,1:15,,,0,,,,0,,,,0,,,,0,,1,10,15,17,1,,,,
multi_tile,3,67,1,bt,5,16,12096,16,4142,4142,4143,,,,4186,4153,4168,16,1:15,4169,4184,16,1:15,4170,4185,16,1:15,,,0,,,,0,,,,0,,,,0,,1,10,15,17,1,,,,
multi_tile,3,68,1,bt,6,0,12224,8,4189,4189,4190,,,,4217,4200,4207,8,1:7,4208,4215,8,1:7,4209,4216,8,1:7,,,0,,,,0,,,,0,,,,0,,1,10,7,9,1,,,,
multi_tile,3,69,1,bt,6,8,12288,16,4220,4220,4221,,,,4264,4231,4246,16,1:15,4247,4262,16,1:15,4248,4263,16,1:15,,,0,,,,0,,,,0,,,,0,,1,10,15,17,1,,,,
multi_tile,3,70,1,bt,6,24,12416,8,4267,4267,4268,,,,4295,4278,4285,8,1:7,4286,4293,8,1:7,4287,4294,8,1:7,,,0,,,,0,,,,0,,,,0,,1,10,7,9,1,,,,
multi_tile,3,71,1,bt,7,0,12480,16,4298,4298,4299,,,,4342,4309,4324,16,1:15,4325,4340,16,1:15,4326,4341,16,1:15,,,0,,,,0,,,,0,,,,0,,1,10,15,17,1,,,,
multi_tile,3,72,1,bt,7,16,12608,16,4345,4345,4346,,,,4389,4356,4371,16,1:15,4372,4387,16,1:15,4373,4388,16,1:15,,,0,,,,0,,,,0,,,,0,,1,10,15,17,1,,,,
multi_tile,3,73,1,c,0,0,17760,4,5483,5483,,5500,5499,5511,5512,,,0,,,,0,,,,0,,5484,5496,4,4:3,5486,5498,4,4:3,5487,5499,4,4:3,5500,5503,4,1:3,,,,,,16,4,8,1
multi_tile,3,74,1,c,1,0,17952,4,5515,5515,,5532,5531,5543,5544,,,0,,,,0,,,,0,,5516,5528,4,4:3,5518,5530,4,4:3,5519,5531,4,4:3,5532,5535,4,1:3,,,,,,16,4,8,1
multi_tile,3,75,1,c,2,0,18144,4,5547,5547,,5564,5563,5575,5576,,,0,,,,0,,,,0,,5548,5560,4,4:3,5550,5562,4,4:3,5551,5563,4,4:3,5564,5567,4,1:3,,,,,,16,4,8,1
multi_tile,3,76,1,c,3,0,18336,4,5579,5579,,5596,5595,5607,5608,,,0,,,,0,,,,0,,5580,5592,4,4:3,5582,5594,4,4:3,5583,5595,4,4:3,5596,5599,4,1:3,,,,,,16,4,8,1
multi_tile,3,77,1,c,4,0,18528,4,5611,5611,,5628,5627,5639,5640,,,0,,,,0,,,,0,,5612,5624,4,4:3,5614,5626,4,4:3,5615,5627,4,4:3,5628,5631,4,1:3,,,,,,16,4,8,1
multi_tile,3,78,1,c,5,0,18720,4,5643,5643,,5660,5659,5671,5672,,,0,,,,0,,,,0,,5644,5656,4,4:3,5646,5658,4,4:3,5647,5659,4,4:3,5660,5663,4,1:3,,,,,,16,4,8,1
multi_tile,3,79,1,c,6,0,18912,4,5675,5675,,5692,5691,5703,5704,,,0,,,,0,,,,0,,5676,5688,4,4:3,5678,5690,4,4:3,5679,5691,4,4:3,5692,5695,4,1:3,,,,,,16,4,8,1
multi_tile,3,80,1,c,7,0,19104,4,5707,5707,,5724,5723,5735,5736,,,0,,,,0,,,,0,,5708,5720,4,4:3,5710,5722,4,4:3,5711,5723,4,4:3,5724,5727,4,1:3,,,,,,16,4,8,1
multi_tile,3,81,2,a,0,0,64,16,5745,5745,5746,,,,5789,5756,5771,16,1:15,5772,5787,16,1:15,5773,5788,16,1:15,,,0,,,,0,,,,0,,,,0,,1,10,15,17,1,,,,
multi_tile,3,82,2,a,0,16,192,16,5792,5792,5793,,,,5836,5803,5818,16,1:15,5819,5834,16,1:15,5820,5835,16,1:15,,,0,,,,0,,,,0,,,,0,,1,10,15,17,1,,,,
multi_tile,3,83,2,a,1,0,320,16,5839,5839,5840,,,,5883,5850,5865,16,1:15,5866,5881,16,1:15,5867,5882,16,1:15,,,0,,,,0,,,,0,,,,0,,1,10,15,17,1,,,,
multi_tile,3,84,2,a,1,16,448,16,5886,5886,5887,,,,5930,5897,5912,16,1:15,5913,5928,16,1:15,5914,5929,16,1:15,,,0,,,,0,,,,0,,,,0,,1,10,15,17,1,,,,
multi_tile,3,85,2,a,2,0,576,16,5933,5933,5934,,,,5977,5944,5959,16,1:15,5960,5975,16,1:15,5961,5976,16,1:15,,,0,,,,0,,,,0,,,,0,,1,10,15,17,1,,,,
multi_tile,3,86,2,a,2,16,704,16,5980,5980,5981,,,,6024,5991,6006,16,1:15,6007,6022,16,1:15,6008,6023,16,1:15,,,0,,,,0,,,,0,,,,0,,1,10,15,17,1,,,,
multi_tile,3,87,2,a,3,0,832,16,6027,6027,6028,,,,6071,6038,6053,16,1:15,6054,6069,16,1:15,6055,6070,16,1:15,,,0,,,,0,,,,0,,,,0,,1,10,15,17,1,,,,
multi_tile,3,88,2,a,3,16,960,16,6074,6074,6075,,,,6118,6085,6100,16,1:15,6101,6116,16,1:15,6102,6117,16,1:15,,,0,,,,0,,,,0,,,,0,,1,10,15,17,1,,,,
multi_tile,3,89,2,a,4,0,1088,16,6121,6121,6122,,,,6165,6132,6147,16,1:15,6148,6163,16,1:15,6149,6164,16,1:15,,,0,,,,0,,,,0,,,,0,,1,10,15,17,1,,,,
multi_tile,3,90,2,a,4,16,1216,16,6168,6168,6169,,,,6212,6179,6194,16,1:15,6195,6210,16,1:15,6196,6211,16,1:15,,,0,,,,0,,,,0,,,,0,,1,10,15,17,1,,,,
multi_tile,3,91,2,a,5,0,1344,16,6215,6215,6216,,,,6259,6226,6241,16,1:15,6242,6257,16,1:15,6243,6258,16,1:15,,,0,,,,0,,,,0,,,,0,,1,10,15,17,1,,,,
multi_tile,3,92,2,a,5,16,1472,16,6262,6262,6263,,,,6306,6273,6288,16,1:15,6289,6304,16,1:15,6290,6305,16,1:15,,,0,,,,0,,,,0,,,,0,,1,10,15,17,1,,,,
multi_tile,3,93,2,a,6,0,1600,16,6309,6309,6310,,,,6353,6320,6335,16,1:15,6336,6351,16,1:15,6337,6352,16,1:15,,,0,,,,0,,,,0,,,,0,,1,10,15,17,1,,,,
multi_tile,3,94,2,a,6,16,1728,16,6356,6356,6357,,,,6400,6367,6382,16,1:15,6383,6398,16,1:15,6384,6399,16,1:15,,,0,,,,0,,,,0,,,,0,,1,10,15,17,1,,,,
multi_tile,3,95,2,a,7,0,1856,16,6403,6403,6404,,,,6447,6414,6429,16,1:15,6430,6445,16,1:15,6431,6446,16,1:15,,,0,,,,0,,,,0,,,,0,,1,10,15,17,1,,,,
multi_tile,3,96,2,a,7,16,1984,16,6450,6450,6451,,,,6494,6461,6476,16,1:15,6477,6492,16,1:15,6478,6493,16,1:15,,,0,,,,0,,,,0,,,,0,,1,10,15,17,1,,,,
multi_tile,3,97,2,bt,0,0,12736,16,6502,6502,6503,,,,6546,6513,6528,16,1:15,6529,6544,16,1:15,6530,6545,16,1:15,,,0,,,,0,,,,0,,,,0,,1,10,15,17,1,,,,
multi_tile,3,98,2,bt,0,16,12864,16,6549,6549,6550,,,,6593,6560,6575,16,1:15,6576,6591,16,1:15,6577,6592,16,1:15,,,0,,,,0,,,,0,,,,0,,1,10,15,17,1,,,,
multi_tile,3,99,2,bt,1,0,12992,16,6596,6596,6597,,,,6640,6607,6622,16,1:15,6623,6638,16,1:15,6624,6639,16,1:15,,,0,,,,0,,,,0,,,,0,,1,10,15,17,1,,,,
multi_tile,3,100,2,bt,1,16,13120,16,6643,6643,6644,,,,6687,6654,6669,16,1:15,6670,6685,16,1:15,6671,6686,16,1:15,,,0,,,,0,,,,0,,,,0,,1,10,15,17,1,,,,
multi_tile,3,101,2,bt,2,0,13248,16,6690,6690,6691,,,,6734,6701,6716,16,1:15,6717,6732,16,1:15,6718,6733,16,1:15,,,0,,,,0,,,,0,,,,0,,1,10,15,17,1,,,,
multi_tile,3,102,2,bt,2,16,13376,16,6737,6737,6738,,,,6781,6748,6763,16,1:15,6764,6779,16,1:15,6765,6780,16,1:15,,,0,,,,0,,,,0,,,,0,,1,10,15,17,1,,,,
multi_tile,3,103,2,bt,3,0,13504,16,6784,6784,6785,,,,6828,6795,6810,16,1:15,6811,6826,16,1:15,6812,6827,16,1:15,,,0,,,,0,,,,0,,,,0,,1,10,15,17,1,,,,
multi_tile,3,104,2,bt,3,16,13632,16,6831,6831,6832,,,,6875,6842,6857,16,1:15,6858,6873,16,1:15,6859,6874,16,1:15,,,0,,,,0,,,,0,,,,0,,1,10,15,17,1,,,,
multi_tile,3,105,2,bt,4,0,13760,16,6878,6878,6879,,,,6922,6889,6904,16,1:15,6905,6920,16,1:15,6906,6921,16,1:15,,,0,,,,0,,,,0,,,,0,,1,10,15,17,1,,,,
multi_tile,3,106,2,bt,4,16,13888,16,6925,6925,6926,,,,6969,6936,6951,16,1:15,6952,6967,16,1:15,6953,6968,16,1:15,,,0,,,,0,,,,0,,,,0,,1,10,15,17,1,,,,
multi_tile,3,107,2,bt,5,0,14016,16,6972,6972,6973,,,,7016,6983,6998,16,1:15,6999,7014,16,1:15,7000,7015,16,1:15,,,0,,,,0,,,,0,,,,0,,1,10,15,17,1,,,,
multi_tile,3,108,2,bt,5,16,14144,16,7019,7019,7020,,,,7063,7030,7045,16,1:15,7046,7061,16,1:15,7047,7062,16,1:15,,,0,,,,0,,,,0,,,,0,,1,10,15,17,1,,,,
multi_tile,3,109,2,bt,6,0,14272,16,7066,7066,7067,,,,7110,7077,7092,16,1:15,7093,7108,16,1:15,7094,7109,16,1:15,,,0,,,,0,,,,0,,,,0,,1,10,15,17,1,,,,
multi_tile,3,110,2,bt,6,16,14400,16,7113,7113,7114,,,,7157,7124,7139,16,1:15,7140,7155,16,1:15,7141,7156,16,1:15,,,0,,,,0,,,,0,,,,0,,1,10,15,17,1,,,,
multi_tile,3,111,2,bt,7,0,14528,16,7160,7160,7161,,,,7204,7171,7186,16,1:15,7187,7202,16,1:15,7188,7203,16,1:15,,,0,,,,0,,,,0,,,,0,,1,10,15,17,1,,,,
multi_tile,3,112,2,bt,7,16,14656,16,7207,7207,7208,,,,7251,7218,7233,16,1:15,7234,7249,16,1:15,7235,7250,16,1:15,,,0,,,,0,,,,0,,,,0,,1,10,15,17,1,,,,
multi_tile,3,113,2,c,0,0,17792,4,8345,8345,,8362,8361,8373,8374,,,0,,,,0,,,,0,,8346,8358,4,4:3,8348,8360,4,4:3,8349,8361,4,4:3,8362,8365,4,1:3,,,,,,16,4,8,1
multi_tile,3,114,2,c,1,0,17984,4,8377,8377,,8394,8393,8405,8406,,,0,,,,0,,,,0,,8378,8390,4,4:3,8380,8392,4,4:3,8381,8393,4,4:3,8394,8397,4,1:3,,,,,,16,4,8,1
multi_tile,3,115,2,c,2,0,18176,4,8409,8409,,8426,8425,8437,8438,,,0,,,,0,,,,0,,8410,8422,4,4:3,8412,8424,4,4:3,8413,8425,4,4:3,8426,8429,4,1:3,,,,,,16,4,8,1
multi_tile,3,116,2,c,3,0,18368,4,8441,8441,,8458,8457,8469,8470,,,0,,,,0,,,,0,,8442,8454,4,4:3,8444,8456,4,4:3,8445,8457,4,4:3,8458,8461,4,1:3,,,,,,16,4,8,1
multi_tile,3,117,2,c,4,0,18560,4,8473,8473,,8490,8489,8501,8502,,,0,,,,0,,,,0,,8474,8486,4,4:3,8476,8488,4,4:3,8477,8489,4,4:3,8490,8493,4,1:3,,,,,,16,4,8,1
multi_tile,3,118,2,c,5,0,18752,4,8505,8505,,8522,8521,8533,8534,,,0,,,,0,,,,0,,8506,8518,4,4:3,8508,8520,4,4:3,8509,8521,4,4:3,8522,8525,4,1:3,,,,,,16,4,8,1
multi_tile,3,119,2,c,6,0,18944,4,8537,8537,,8554,8553,8565,8566,,,0,,,,0,,,,0,,8538,8550,4,4:3,8540,8552,4,4:3,8541,8553,4,4:3,8554,8557,4,1:3,,,,,,16,4,8,1
multi_tile,3,120,2,c,7,0,19136,4,8569,8569,,8586,8585,8597,8598,,,0,,,,0,,,,0,,8570,8582,4,4:3,8572,8584,4,4:3,8573,8585,4,4:3,8586,8589,4,1:3,,,,,,16,4,8,1
multi_tile,3,121,3,a,0,0,64,16,8607,8607,8608,,,,8651,8618,8633,16,1:15,8634,8649,16,1:15,8635,8650,16,1:15,,,0,,,,0,,,,0,,,,0,,1,10,15,17,1,,,,
multi_tile,3,122,3,a,0,16,192,16,8654,8654,8655,,,,8698,8665,8680,16,1:15,8681,8696,16,1:15,8682,8697,16,1:15,,,0,,,,0,,,,0,,,,0,,1,10,15,17,1,,,,
multi_tile,3,123,3,a,1,0,320,16,8701,8701,8702,,,,8745,8712,8727,16,1:15,8728,8743,16,1:15,8729,8744,16,1:15,,,0,,,,0,,,,0,,,,0,,1,10,15,17,1,,,,
multi_tile,3,124,3,a,1,16,448,16,8748,8748,8749,,,,8792,8759,8774,16,1:15,8775,8790,16,1:15,8776,8791,16,1:15,,,0,,,,0,,,,0,,,,0,,1,10,15,17,1,,,,
multi_tile,3,125,3,a,2,0,576,16,8795,8795,8796,,,,8839,8806,8821,16,1:15,8822,8837,16,1:15,8823,8838,16,1:15,,,0,,,,0,,,,0,,,,0,,1,10,15,17,1,,,,
multi_tile,3,126,3,a,2,16,704,16,8842,8842,8843,,,,8886,8853,8868,16,1:15,8869,8884,16,1:15,8870,8885,16,1:15,,,0,,,,0,,,,0,,,,0,,1,10,15,17,1,,,,
multi_tile,3,127,3,a,3,0,832,16,8889,8889,8890,,,,8933,8900,8915,16,1:15,8916,8931,16,1:15,8917,8932,16,1:15,,,0,,,,0,,,,0,,,,0,,1,10,15,17,1,,,,
multi_tile,3,128,3,a,3,16,960,16,8936,8936,8937,,,,8980,8947,8962,16,1:15,8963,8978,16,1:15,8964,8979,16,1:15,,,0,,,,0,,,,0,,,,0,,1,10,15,17,1,,,,
multi_tile,3,129,3,a,4,0,1088,16,8983,8983,8984,,,,9027,8994,9009,16,1:15,9010,9025,16,1:15,9011,9026,16,1:15,,,0,,,,0,,,,0,,,,0,,1,10,15,17,1,,,,
multi_tile,3,130,3,a,4,16,1216,16,9030,9030,9031,,,,9074,9041,9056,16,1:15,9057,9072,16,1:15,9058,9073,16,1:15,,,0,,,,0,,,,0,,,,0,,1,10,15,17,1,,,,
multi_tile,3,131,3,a,5,0,1344,16,9077,9077,9078,,,,9121,9088,9103,16,1:15,9104,9119,16,1:15,9105,9120,16,1:15,,,0,,,,0,,,,0,,,,0,,1,10,15,17,1,,,,
multi_tile,3,132,3,a,5,16,1472,16,9124,9124,9125,,,,9168,9135,9150,16,1:15,9151,9166,16,1:15,9152,9167,16,1:15,,,0,,,,0,,,,0,,,,0,,1,10,15,17,1,,,,
multi_tile,3,133,3,a,6,0,1600,16,9171,9171,9172,,,,9215,9182,9197,16,1:15,9198,9213,16,1:15,9199,9214,16,1:15,,,0,,,,0,,,,0,,,,0,,1,10,15,17,1,,,,
multi_tile,3,134,3,a,6,16,1728,16,9218,9218,9219,,,,9262,9229,9244,16,1:15,9245,9260,16,1:15,9246,9261,16,1:15,,,0,,,,0,,,,0,,,,0,,1,10,15,17,1,,,,
multi_tile,3,135,3,a,7,0,1856,16,9265,9265,9266,,,,9309,9276,9291,16,1:15,9292,9307,16,1:15,9293,9308,16,1:15,,,0,,,,0,,,,0,,,,0,,1,10,15,17,1,,,,
multi_tile,3,136,3,a,7,16,1984,16,9312,9312,9313,,,,9356,9323,9338,16,1:15,9339,9354,16,1:15,9340,9355,16,1:15,,,0,,,,0,,,,0,,,,0,,1,10,15,17,1,,,,
multi_tile,3,137,3,bt,0,0,14784,16,9364,9364,9365,,,,9408,9375,9390,16,1:15,9391,9406,16,1:15,9392,9407,16,1:15,,,0,,,,0,,,,0,,,,0,,1,10,15,17,1,,,,
multi_tile,3,138,3,bt,0,16,14912,16,9411,9411,9412,,,,9455,9422,9437,16,1:15,9438,9453,16,1:15,9439,9454,16,1:15,,,0,,,,0,,,,0,,,,0,,1,10,15,17,1,,,,
multi_tile,3,139,3,bt,1,0,15040,16,9458,9458,9459,,,,9502,9469,9484,16,1:15,9485,9500,16,1:15,9486,9501,16,1:15,,,0,,,,0,,,,0,,,,0,,1,10,15,17,1,,,,
multi_tile,3,140,3,bt,1,16,15168,16,9505,9505,9506,,,,9549,9516,9531,16,1:15,9532,9547,16,1:15,9533,9548,16,1:15,,,0,,,,0,,,,0,,,,0,,1,10,15,17,1,,,,
multi_tile,3,141,3,bt,2,0,15296,16,9552,9552,9553,,,,9596,9563,9578,16,1:15,9579,9594,16,1:15,9580,9595,16,1:15,,,0,,,,0,,,,0,,,,0,,1,10,15,17,1,,,,
multi_tile,3,142,3,bt,2,16,15424,16,9599,9599,9600,,,,9643,9610,9625,16,1:15,9626,9641,16,1:15,9627,9642,16,1:15,,,0,,,,0,,,,0,,,,0,,1,10,15,17,1,,,,
multi_tile,3,143,3,bt,3,0,15552,16,9646,9646,9647,,,,9690,9657,9672,16,1:15,9673,9688,16,1:15,9674,9689,16,1:15,,,0,,,,0,,,,0,,,,0,,1,10,15,17,1,,,,
multi_tile,3,144,3,bt,3,16,15680,16,9693,9693,9694,,,,9737,9704,9719,16,1:15,9720,9735,16,1:15,9721,9736,16,1:15,,,0,,,,0,,,,0,,,,0,,1,10,15,17,1,,,,
multi_tile,3,145,3,bt,4,0,15808,16,9740,9740,9741,,,,9784,9751,9766,16,1:15,9767,9782,16,1:15,9768,9783,16,1:15,,,0,,,,0,,,,0,,,,0,,1,10,15,17,1,,,,
multi_tile,3,146,3,bt,4,16,15936,16,9787,9787,9788,,,,9831,9798,9813,16,1:15,9814,9829,16,1:15,9815,9830,16,1:15,,,0,,,,0,,,,0,,,,0,,1,10,15,17,1,,,,
multi_tile,3,147,3,bt,5,0,16064,16,9834,9834,9835,,,,9878,9845,9860,16,1:15,9861,9876,16,1:15,9862,9877,16,1:15,,,0,,,,0,,,,0,,,,0,,1,10,15,17,1,,,,
multi_tile,3,148,3,bt,5,16,16192,16,9881,9881,9882,,,,9925,9892,9907,16,1:15,9908,9923,16,1:15,9909,9924,16,1:15,,,0,,,,0,,,,0,,,,0,,1,10,15,17,1,,,,
multi_tile,3,149,3,bt,6,0,16320,8,9928,9928,9929,,,,9956,9939,9946,8,1:7,9947,9954,8,1:7,9948,9955,8,1:7,,,0,,,,0,,,,0,,,,0,,1,10,7,9,1,,,,
multi_tile,3,150,3,bt,6,8,16384,16,9959,9959,9960,,,,10003,9970,9985,16,1:15,9986,10001,16,1:15,9987,10002,16,1:15,,,0,,,,0,,,,0,,,,0,,1,10,15,17,1,,,,
multi_tile,3,151,3,bt,6,24,16512,8,10006,10006,10007,,,,10034,10017,10024,8,1:7,10025,10032,8,1:7,10026,10033,8,1:7,,,0,,,,0,,,,0,,,,0,,1,10,7,9,1,,,,
multi_tile,3,152,3,bt,7,0,16576,16,10037,10037,10038,,,,10081,10048,10063,16,1:15,10064,10079,16,1:15,10065,10080,16,1:15,,,0,,,,0,,,,0,,,,0,,1,10,15,17,1,,,,
multi_tile,3,153,3,bt,7,16,16704,16,10084,10084,10085,,,,10128,10095,10110,16,1:15,10111,10126,16,1:15,10112,10127,16,1:15,,,0,,,,0,,,,0,,,,0,,1,10,15,17,1,,,,
multi_tile,3,154,3,c,0,0,17824,4,11222,11222,,11239,11238,11250,11251,,,0,,,,0,,,,0,,11223,11235,4,4:3,11225,11237,4,4:3,11226,11238,4,4:3,11239,11242,4,1:3,,,,,,16,4,8,1
multi_tile,3,155,3,c,1,0,18016,4,11254,11254,,11271,11270,11282,11283,,,0,,,,0,,,,0,,11255,11267,4,4:3,11257,11269,4,4:3,11258,11270,4,4:3,11271,11274,4,1:3,,,,,,16,4,8,1
multi_tile,3,156,3,c,2,0,18208,4,11286,11286,,11303,11302,11314,11315,,,0,,,,0,,,,0,,11287,11299,4,4:3,11289,11301,4,4:3,11290,11302,4,4:3,11303,11306,4,1:3,,,,,,16,4,8,1
multi_tile,3,157,3,c,3,0,18400,4,11318,11318,,11335,11334,11346,11347,,,0,,,,0,,,,0,,11319,11331,4,4:3,11321,11333,4,4:3,11322,11334,4,4:3,11335,11338,4,1:3,,,,,,16,4,8,1
multi_tile,3,158,3,c,4,0,18592,4,11350,11350,,11367,11366,11378,11379,,,0,,,,0,,,,0,,11351,11363,4,4:3,11353,11365,4,4:3,11354,11366,4,4:3,11367,11370,4,1:3,,,,,,16,4,8,1
multi_tile,3,159,3,c,5,0,18784,4,11382,11382,,11399,11398,11410,11411,,,0,,,,0,,,,0,,11383,11395,4,4:3,11385,11397,4,4:3,11386,11398,4,4:3,11399,11402,4,1:3,,,,,,16,4,8,1
multi_tile,3,160,3,c,6,0,18976,4,11414,11414,,11431,11430,11442,11443,,,0,,,,0,,,,0,,11415,11427,4,4:3,11417,11429,4,4:3,11418,11430,4,4:3,11431,11434,4,1:3,,,,,,16,4,8,1
multi_tile,3,161,3,c,7,0,19168,4,11446,11446,,11463,11462,11474,11475,,,0,,,,0,,,,0,,11447,11459,4,4:3,11449,11461,4,4:3,11450,11462,4,4:3,11463,11466,4,1:3,,,,,,16,4,8,1
multi_tile,3,162,4,a,0,0,64,16,11484,11484,11485,,,,11528,11495,11510,16,1:15,11511,11526,16,1:15,11512,11527,16,1:15,,,0,,,,0,,,,0,,,,0,,1,10,15,17,1,,,,
multi_tile,3,163,4,a,0,16,192,16,11531,11531,11532,,,,11575,11542,11557,16,1:15,11558,11573,16,1:15,11559,11574,16,1:15,,,0,,,,0,,,,0,,,,0,,1,10,15,17,1,,,,
multi_tile,3,164,4,a,1,0,320,16,11578,11578,11579,,,,11622,11589,11604,16,1:15,11605,11620,16,1:15,11606,11621,16,1:15,,,0,,,,0,,,,0,,,,0,,1,10,15,17,1,,,,
multi_tile,3,165,4,a,1,16,448,16,11625,11625,11626,,,,11669,11636,11651,16,1:15,11652,11667,16,1:15,11653,11668,16,1:15,,,0,,,,0,,,,0,,,,0,,1,10,15,17,1,,,,
multi_tile,3,166,4,a,2,0,576,16,11672,11672,11673,,,,11716,11683,11698,16,1:15,11699,11714,16,1:15,11700,11715,16,1:15,,,0,,,,0,,,,0,,,,0,,1,10,15,17,1,,,,
multi_tile,3,167,4,a,2,16,704,16,11719,11719,11720,,,,11763,11730,11745,16,1:15,11746,11761,16,1:15,11747,11762,16,1:15,,,0,,,,0,,,,0,,,,0,,1,10,15,17,1,,,,
multi_tile,3,168,4,a,3,0,832,16,11766,11766,11767,,,,11810,11777,11792,16,1:15,11793,11808,16,1:15,11794,11809,16,1:15,,,0,,,,0,,,,0,,,,0,,1,10,15,17,1,,,,
multi_tile,3,169,4,a,3,16,960,16,11813,11813,11814,,,,11857,11824,11839,16,1:15,11840,11855,16,1:15,11841,11856,16,1:15,,,0,,,,0,,,,0,,,,0,,1,10,15,17,1,,,,
multi_tile,3,170,4,a,4,0,1088,16,11860,11860,11861,,,,11904,11871,11886,16,1:15,11887,11902,16,1:15,11888,11903,16,1:15,,,0,,,,0,,,,0,,,,0,,1,10,15,17,1,,,,
multi_tile,3,171,4,a,4,16,1216,16,11907,11907,11908,,,,11951,11918,11933,16,1:15,11934,11949,16,1:15,11935,11950,16,1:15,,,0,,,,0,,,,0,,,,0,,1,10,15,17,1,,,,
multi_tile,3,172,4,a,5,0,1344,16,11954,11954,11955,,,,11998,11965,11980,16,1:15,11981,11996,16,1:15,11982,11997,16,1:15,,,0,,,,0,,,,0,,,,0,,1,10,15,17,1,,,,
multi_tile,3,173,4,a,5,16,1472,16,12001,12001,12002,,,,12045,12012,12027,16,1:15,12028,12043,16,1:15,12029,12044,16,1:15,,,0,,,,0,,,,0,,,,0,,1,10,15,17,1,,,,
multi_tile,3,174,4,a,6,0,1600,16,12048,12048,12049,,,,12092,12059,12074,16,1:15,12075,12090,16,1:15,12076,12091,16,1:15,,,0,,,,0,,,,0,,,,0,,1,10,15,17,1,,,,
multi_tile,3,175,4,a,6,16,1728,16,12095,12095,12096,,,,12139,12106,12121,16,1:15,12122,12137,16,1:15,12123,12138,16,1:15,,,0,,,,0,,,,0,,,,0,,1,10,15,17,1,,,,
multi_tile,3,176,4,a,7,0,1856,16,12142,12142,12143,,,,12186,12153,12168,16,1:15,12169,12184,16,1:15,12170,12185,16,1:15,,,0,,,,0,,,,0,,,,0,,1,10,15,17,1,,,,
multi_tile,3,177,4,a,7,16,1984,16,12189,12189,12190,,,,12233,12200,12215,16,1:15,12216,12231,16,1:15,12217,12232,16,1:15,,,0,,,,0,,,,0,,,,0,,1,10,15,17,1,,,,
multi_tile,3,178,4,bt,0,0,16832,16,12241,12241,12242,,,,12285,12252,12267,16,1:15,12268,12283,16,1:15,12269,12284,16,1:15,,,0,,,,0,,,,0,,,,0,,1,10,15,17,1,,,,
multi_tile,3,179,4,bt,0,16,16960,16,12288,12288,12289,,,,12332,12299,12314,16,1:15,12315,12330,16,1:15,12316,12331,16,1:15,,,0,,,,0,,,,0,,,,0,,1,10,15,17,1,,,,
multi_tile,3,180,4,bt,1,0,17088,16,12335,12335,12336,,,,12379,12346,12361,16,1:15,12362,12377,16,1:15,12363,12378,16,1:15,,,0,,,,0,,,,0,,,,0,,1,10,15,17,1,,,,
multi_tile,3,181,4,bt,1,16,17216,16,12382,12382,12383,,,,12426,12393,12408,16,1:15,12409,12424,16,1:15,12410,12425,16,1:15,,,0,,,,0,,,,0,,,,0,,1,10,15,17,1,,,,
multi_tile,3,182,4,bt,2,0,17344,16,12429,12429,12430,,,,12473,12440,12455,16,1:15,12456,12471,16,1:15,12457,12472,16,1:15,,,0,,,,0,,,,0,,,,0,,1,10,15,17,1,,,,
multi_tile,3,183,4,bt,2,16,17472,16,12476,12476,12477,,,,12520,12487,12502,16,1:15,12503,12518,16,1:15,12504,12519,16,1:15,,,0,,,,0,,,,0,,,,0,,1,10,15,17,1,,,,
multi_tile,3,184,4,c,0,0,17856,2,13072,13072,,13081,13080,13090,13091,,,0,,,,0,,,,0,,13073,13077,2,4:1,13075,13079,2,4:1,13076,13080,2,4:1,13081,13082,2,1:1,,,,,,8,2,8,1
multi_tile,3,185,4,c,1,0,18048,2,13094,13094,,13103,13102,13112,13113,,,0,,,,0,,,,0,,13095,13099,2,4:1,13097,13101,2,4:1,13098,13102,2,4:1,13103,13104,2,1:1,,,,,,8,2,8,1
multi_tile,3,186,4,c,2,0,18240,2,13116,13116,,13125,13124,13134,13135,,,0,,,,0,,,,0,,13117,13121,2,4:1,13119,13123,2,4:1,13120,13124,2,4:1,13125,13126,2,1:1,,,,,,8,2,8,1
multi_tile,3,187,4,c,3,0,18432,2,13138,13138,,13147,13146,13156,13157,,,0,,,,0,,,,0,,13139,13143,2,4:1,13141,13145,2,4:1,13142,13146,2,4:1,13147,13148,2,1:1,,,,,,8,2,8,1
multi_tile,3,188,4,c,4,0,18624,2,13160,13160,,13169,13168,13178,13179,,,0,,,,0,,,,0,,13161,13165,2,4:1,13163,13167,2,4:1,13164,13168,2,4:1,13169,13170,2,1:1,,,,,,8,2,8,1
multi_tile,3,189,4,c,5,0,18816,2,13182,13182,,13191,13190,13200,13201,,,0,,,,0,,,,0,,13183,13187,2,4:1,13185,13189,2,4:1,13186,13190,2,4:1,13191,13192,2,1:1,,,,,,8,2,8,1
multi_tile,3,190,4,c,6,0,19008,2,13204,13204,,13213,13212,13222,13223,,,0,,,,0,,,,0,,13205,13209,2,4:1,13207,13211,2,4:1,13208,13212,2,4:1,13213,13214,2,1:1,,,,,,8,2,8,1
multi_tile,3,191,4,c,7,0,19200,2,13226,13226,,13235,13234,13244,13245,,,0,,,,0,,,,0,,13227,13231,2,4:1,13229,13233,2,4:1,13230,13234,2,4:1,13235,13236,2,1:1,,,,,,8,2,8,1
multi_tile,3,192,5,a,0,0,2112,16,13254,13254,13255,,,,13298,13265,13280,16,1:15,13281,13296,16,1:15,13282,13297,16,1:15,,,0,,,,0,,,,0,,,,0,,1,10,15,17,1,,,,
multi_tile,3,193,5,a,0,16,2240,16,13301,13301,13302,,,,13345,13312,13327,16,1:15,13328,13343,16,1:15,13329,13344,16,1:15,,,0,,,,0,,,,0,,,,0,,1,10,15,17,1,,,,
multi_tile,3,194,5,a,1,0,2368,16,13348,13348,13349,,,,13392,13359,13374,16,1:15,13375,13390,16,1:15,13376,13391,16,1:15,,,0,,,,0,,,,0,,,,0,,1,10,15,17,1,,,,
multi_tile,3,195,5,a,1,16,2496,16,13395,13395,13396,,,,13439,13406,13421,16,1:15,13422,13437,16,1:15,13423,13438,16,1:15,,,0,,,,0,,,,0,,,,0,,1,10,15,17,1,,,,
multi_tile,3,196,5,a,2,0,2624,16,13442,13442,13443,,,,13486,13453,13468,16,1:15,13469,13484,16,1:15,13470,13485,16,1:15,,,0,,,,0,,,,0,,,,0,,1,10,15,17,1,,,,
multi_tile,3,197,5,a,2,16,2752,16,13489,13489,13490,,,,13533,13500,13515,16,1:15,13516,13531,16,1:15,13517,13532,16,1:15,,,0,,,,0,,,,0,,,,0,,1,10,15,17,1,,,,
multi_tile,3,198,5,a,3,0,2880,16,13536,13536,13537,,,,13580,13547,13562,16,1:15,13563,13578,16,1:15,13564,13579,16,1:15,,,0,,,,0,,,,0,,,,0,,1,10,15,17,1,,,,
multi_tile,3,199,5,a,3,16,3008,16,13583,13583,13584,,,,13627,13594,13609,16,1:15,13610,13625,16,1:15,13611,13626,16,1:15,,,0,,,,0,,,,0,,,,0,,1,10,15,17,1,,,,
multi_tile,3,200,5,a,4,0,3136,16,13630,13630,13631,,,,13674,13641,13656,16,1:15,13657,13672,16,1:15,13658,13673,16,1:15,,,0,,,,0,,,,0,,,,0,,1,10,15,17,1,,,,
multi_tile,3,201,5,a,4,16,3264,16,13677,13677,13678,,,,13721,13688,13703,16,1:15,13704,13719,16,1:15,13705,13720,16,1:15,,,0,,,,0,,,,0,,,,0,,1,10,15,17,1,,,,
multi_tile,3,202,5,a,5,0,3392,16,13724,13724,13725,,,,13768,13735,13750,16,1:15,13751,13766,16,1:15,13752,13767,16,1:15,,,0,,,,0,,,,0,,,,0,,1,10,15,17,1,,,,
multi_tile,3,203,5,a,5,16,3520,16,13771,13771,13772,,,,13815,13782,13797,16,1:15,13798,13813,16,1:15,13799,13814,16,1:15,,,0,,,,0,,,,0,,,,0,,1,10,15,17,1,,,,
multi_tile,3,204,5,a,6,0,3648,16,13818,13818,13819,,,,13862,13829,13844,16,1:15,13845,13860,16,1:15,13846,13861,16,1:15,,,0,,,,0,,,,0,,,,0,,1,10,15,17,1,,,,
multi_tile,3,205,5,a,6,16,3776,16,13865,13865,13866,,,,13909,13876,13891,16,1:15,13892,13907,16,1:15,13893,13908,16,1:15,,,0,,,,0,,,,0,,,,0,,1,10,15,17,1,,,,
multi_tile,3,206,5,a,7,0,3904,16,13912,13912,13913,,,,13956,13923,13938,16,1:15,13939,13954,16,1:15,13940,13955,16,1:15,,,0,,,,0,,,,0,,,,0,,1,10,15,17,1,,,,
multi_tile,3,207,5,a,7,16,4032,8,13959,13959,13960,,,,13987,13970,13977,8,1:7,13978,13985,8,1:7,13979,13986,8,1:7,,,0,,,,0,,,,0,,,,0,,1,10,7,9,1,,,,
multi_tile,3,208,5,a,7,24,4096,8,13990,13990,13991,,,,14018,14001,14008,8,1:7,14009,14016,8,1:7,14010,14017,8,1:7,,,0,,,,0,,,,0,,,,0,,1,10,7,9,1,,,,
multi_tile,3,209,5,bt,0,0,8640,16,14026,14026,14027,,,,14070,14037,14052,16,1:15,14053,14068,16,1:15,14054,14069,16,1:15,,,0,,,,0,,,,0,,,,0,,1,10,15,17,1,,,,
multi_tile,3,210,5,bt,0,16,8768,16,14073,14073,14074,,,,14117,14084,14099,16,1:15,14100,14115,16,1:15,14101,14116,16,1:15,,,0,,,,0,,,,0,,,,0,,1,10,15,17,1,,,,
multi_tile,3,211,5,bt,1,0,8896,16,14120,14120,14121,,,,14164,14131,14146,16,1:15,14147,14162,16,1:15,14148,14163,16,1:15,,,0,,,,0,,,,0,,,,0,,1,10,15,17,1,,,,
multi_tile,3,212,5,bt,1,16,9024,16,14167,14167,14168,,,,14211,14178,14193,16,1:15,14194,14209,16,1:15,14195,14210,16,1:15,,,0,,,,0,,,,0,,,,0,,1,10,15,17,1,,,,
multi_tile,3,213,5,bt,2,0,9152,16,14214,14214,14215,,,,14258,14225,14240,16,1:15,14241,14256,16,1:15,14242,14257,16,1:15,,,0,,,,0,,,,0,,,,0,,1,10,15,17,1,,,,
multi_tile,3,214,5,bt,2,16,9280,16,14261,14261,14262,,,,14305,14272,14287,16,1:15,14288,14303,16,1:15,14289,14304,16,1:15,,,0,,,,0,,,,0,,,,0,,1,10,15,17,1,,,,
multi_tile,3,215,5,bt,3,0,9408,16,14308,14308,14309,,,,14352,14319,14334,16,1:15,14335,14350,16,1:15,14336,14351,16,1:15,,,0,,,,0,,,,0,,,,0,,1,10,15,17,1,,,,
multi_tile,3,216,5,bt,3,16,9536,16,14355,14355,14356,,,,14399,14366,14381,16,1:15,14382,14397,16,1:15,14383,14398,16,1:15,,,0,,,,0,,,,0,,,,0,,1,10,15,17,1,,,,
multi_tile,3,217,5,bt,4,0,9664,16,14402,14402,14403,,,,14446,14413,14428,16,1:15,14429,14444,16,1:15,14430,14445,16,1:15,,,0,,,,0,,,,0,,,,0,,1,10,15,17,1,,,,
multi_tile,3,218,5,bt,4,16,9792,16,14449,14449,14450,,,,14493,14460,14475,16,1:15,14476,14491,16,1:15,14477,14492,16,1:15,,,0,,,,0,,,,0,,,,0,,1,10,15,17,1,,,,
multi_tile,3,219,5,bt,5,0,9920,16,14496,14496,14497,,,,14540,14507,14522,16,1:15,14523,14538,16,1:15,14524,14539,16,1:15,,,0,,,,0,,,,0,,,,0,,1,10,15,17,1,,,,
multi_tile,3,220,5,bt,5,16,10048,16,14543,14543,14544,,,,14587,14554,14569,16,1:15,14570,14585,16,1:15,14571,14586,16,1:15,,,0,,,,0,,,,0,,,,0,,1,10,15,17,1,,,,
multi_tile,3,221,5,bt,6,0,10176,16,14590,14590,14591,,,,14634,14601,14616,16,1:15,14617,14632,16,1:15,14618,14633,16,1:15,,,0,,,,0,,,,0,,,,0,,1,10,15,17,1,,,,
multi_tile,3,222,5,bt,6,16,10304,16,14637,14637,14638,,,,14681,14648,14663,16,1:15,14664,14679,16,1:15,14665,14680,16,1:15,,,0,,,,0,,,,0,,,,0,,1,10,15,17,1,,,,
multi_tile,3,223,5,bt,7,0,10432,16,14684,14684,14685,,,,14728,14695,14710,16,1:15,14711,14726,16,1:15,14712,14727,16,1:15,,,0,,,,0,,,,0,,,,0,,1,10,15,17,1,,,,
multi_tile,3,224,5,bt,7,16,10560,16,14731,14731,14732,,,,14775,14742,14757,16,1:15,14758,14773,16,1:15,14759,14774,16,1:15,,,0,,,,0,,,,0,,,,0,,1,10,15,17,1,,,,
multi_tile,3,225,5,c,0,0,19264,4,15869,15869,,15886,15885,15897,15898,,,0,,,,0,,,,0,,15870,15882,4,4:3,15872,15884,4,4:3,15873,15885,4,4:3,15886,15889,4,1:3,,,,,,16,4,8,1
multi_tile,3,226,5,c,1,0,19456,4,15901,15901,,15918,15917,15929,15930,,,0,,,,0,,,,0,,15902,15914,4,4:3,15904,15916,4,4:3,15905,15917,4,4:3,15918,15921,4,1:3,,,,,,16,4,8,1
multi_tile,3,227,5,c,2,0,19648,4,15933,15933,,15950,15949,15961,15962,,,0,,,,0,,,,0,,15934,15946,4,4:3,15936,15948,4,4:3,15937,15949,4,4:3,15950,15953,4,1:3,,,,,,16,4,8,1
multi_tile,3,228,5,c,3,0,19840,4,15965,15965,,15982,15981,15993,15994,,,0,,,,0,,,,0,,15966,15978,4,4:3,15968,15980,4,4:3,15969,15981,4,4:3,15982,15985,4,1:3,,,,,,16,4,8,1
multi_tile,3,229,5,c,4,0,20032,4,15997,15997,,16014,16013,16025,16026,,,0,,,,0,,,,0,,15998,16010,4,4:3,16000,16012,4,4:3,16001,16013,4,4:3,16014,16017,4,1:3,,,,,,16,4,8,1
multi_tile,3,230,5,c,5,0,20224,4,16029,16029,,16046,16045,16057,16058,,,0,,,,0,,,,0,,16030,16042,4,4:3,16032,16044,4,4:3,16033,16045,4,4:3,16046,16049,4,1:3,,,,,,16,4,8,1
multi_tile,3,231,5,c,6,0,20416,4,16061,16061,,16078,16077,16089,16090,,,0,,,,0,,,,0,,16062,16074,4,4:3,16064,16076,4,4:3,16065,16077,4,4:3,16078,16081,4,1:3,,,,,,16,4,8,1
multi_tile,3,232,5,c,7,0,20608,4,16093,16093,,16110,16109,16121,16122,,,0,,,,0,,,,0,,16094,16106,4,4:3,16096,16108,4,4:3,16097,16109,4,4:3,16110,16113,4,1:3,,,,,,16,4,8,1
multi_tile,3,233,6,a,0,0,2112,16,16131,16131,16132,,,,16175,16142,16157,16,1:15,16158,16173,16,1:15,16159,16174,16,1:15,,,0,,,,0,,,,0,,,,0,,1,10,15,17,1,,,,
multi_tile,3,234,6,a,0,16,2240,16,16178,16178,16179,,,,16222,16189,16204,16,1:15,16205,16220,16,1:15,16206,16221,16,1:15,,,0,,,,0,,,,0,,,,0,,1,10,15,17,1,,,,
multi_tile,3,235,6,a,1,0,2368,16,16225,16225,16226,,,,16269,16236,16251,16,1:15,16252,16267,16,1:15,16253,16268,16,1:15,,,0,,,,0,,,,0,,,,0,,1,10,15,17,1,,,,
multi_tile,3,236,6,a,1,16,2496,16,16272,16272,16273,,,,16316,16283,16298,16,1:15,16299,16314,16,1:15,16300,16315,16,1:15,,,0,,,,0,,,,0,,,,0,,1,10,15,17,1,,,,
multi_tile,3,237,6,a,2,0,2624,16,16319,16319,16320,,,,16363,16330,16345,16,1:15,16346,16361,16,1:15,16347,16362,16,1:15,,,0,,,,0,,,,0,,,,0,,1,10,15,17,1,,,,
multi_tile,3,238,6,a,2,16,2752,16,16366,16366,16367,,,,16410,16377,16392,16,1:15,16393,16408,16,1:15,16394,16409,16,1:15,,,0,,,,0,,,,0,,,,0,,1,10,15,17,1,,,,
multi_tile,3,239,6,a,3,0,2880,16,16413,16413,16414,,,,16457,16424,16439,16,1:15,16440,16455,16,1:15,16441,16456,16,1:15,,,0,,,,0,,,,0,,,,0,,1,10,15,17,1,,,,
multi_tile,3,240,6,a,3,16,3008,16,16460,16460,16461,,,,16504,16471,16486,16,1:15,16487,16502,16,1:15,16488,16503,16,1:15,,,0,,,,0,,,,0,,,,0,,1,10,15,17,1,,,,
multi_tile,3,241,6,a,4,0,3136,16,16507,16507,16508,,,,16551,16518,16533,16,1:15,16534,16549,16,1:15,16535,16550,16,1:15,,,0,,,,0,,,,0,,,,0,,1,10,15,17,1,,,,
multi_tile,3,242,6,a,4,16,3264,16,16554,16554,16555,,,,16598,16565,16580,16,1:15,16581,16596,16,1:15,16582,16597,16,1:15,,,0,,,,0,,,,0,,,,0,,1,10,15,17,1,,,,
multi_tile,3,243,6,a,5,0,3392,16,16601,16601,16602,,,,16645,16612,16627,16,1:15,16628,16643,16,1:15,16629,16644,16,1:15,,,0,,,,0,,,,0,,,,0,,1,10,15,17,1,,,,
multi_tile,3,244,6,a,5,16,3520,16,16648,16648,16649,,,,16692,16659,16674,16,1:15,16675,16690,16,1:15,16676,16691,16,1:15,,,0,,,,0,,,,0,,,,0,,1,10,15,17,1,,,,
multi_tile,3,245,6,a,6,0,3648,16,16695,16695,16696,,,,16739,16706,16721,16,1:15,16722,16737,16,1:15,16723,16738,16,1:15,,,0,,,,0,,,,0,,,,0,,1,10,15,17,1,,,,
multi_tile,3,246,6,a,6,16,3776,16,16742,16742,16743,,,,16786,16753,16768,16,1:15,16769,16784,16,1:15,16770,16785,16,1:15,,,0,,,,0,,,,0,,,,0,,1,10,15,17,1,,,,
multi_tile,3,247,6,a,7,0,3904,16,16789,16789,16790,,,,16833,16800,16815,16,1:15,16816,16831,16,1:15,16817,16832,16,1:15,,,0,,,,0,,,,0,,,,0,,1,10,15,17,1,,,,
multi_tile,3,248,6,a,7,16,4032,8,16836,16836,16837,,,,16864,16847,16854,8,1:7,16855,16862,8,1:7,16856,16863,8,1:7,,,0,,,,0,,,,0,,,,0,,1,10,7,9,1,,,,
multi_tile,3,249,6,a,7,24,4096,8,16867,16867,16868,,,,16895,16878,16885,8,1:7,16886,16893,8,1:7,16887,16894,8,1:7,,,0,,,,0,,,,0,,,,0,,1,10,7,9,1,,,,
multi_tile,3,250,6,bt,0,0,10688,16,16903,16903,16904,,,,16947,16914,16929,16,1:15,16930,16945,16,1:15,16931,16946,16,1:15,,,0,,,,0,,,,0,,,,0,,1,10,15,17,1,,,,
multi_tile,3,251,6,bt,0,16,10816,16,16950,16950,16951,,,,16994,16961,16976,16,1:15,16977,16992,16,1:15,16978,16993,16,1:15,,,0,,,,0,,,,0,,,,0,,1,10,15,17,1,,,,
multi_tile,3,252,6,bt,1,0,10944,16,16997,16997,16998,,,,17041,17008,17023,16,1:15,17024,17039,16,1:15,17025,17040,16,1:15,,,0,,,,0,,,,0,,,,0,,1,10,15,17,1,,,,
multi_tile,3,253,6,bt,1,16,11072,16,17044,17044,17045,,,,17088,17055,17070,16,1:15,17071,17086,16,1:15,17072,17087,16,1:15,,,0,,,,0,,,,0,,,,0,,1,10,15,17,1,,,,
multi_tile,3,254,6,bt,2,0,11200,16,17091,17091,17092,,,,17135,17102,17117,16,1:15,17118,17133,16,1:15,17119,17134,16,1:15,,,0,,,,0,,,,0,,,,0,,1,10,15,17,1,,,,
multi_tile,3,255,6,bt,2,16,11328,16,17138,17138,17139,,,,17182,17149,17164,16,1:15,17165,17180,16,1:15,17166,17181,16,1:15,,,0,,,,0,,,,0,,,,0,,1,10,15,17,1,,,,
multi_tile,3,256,6,bt,3,0,11456,16,17185,17185,17186,,,,17229,17196,17211,16,1:15,17212,17227,16,1:15,17213,17228,16,1:15,,,0,,,,0,,,,0,,,,0,,1,10,15,17,1,,,,
multi_tile,3,257,6,bt,3,16,11584,16,17232,17232,17233,,,,17276,17243,17258,16,1:15,17259,17274,16,1:15,17260,17275,16,1:15,,,0,,,,0,,,,0,,,,0,,1,10,15,17,1,,,,
multi_tile,3,258,6,bt,4,0,11712,16,17279,17279,17280,,,,17323,17290,17305,16,1:15,17306,17321,16,1:15,17307,17322,16,1:15,,,0,,,,0,,,,0,,,,0,,1,10,15,17,1,,,,
multi_tile,3,259,6,bt,4,16,11840,16,17326,17326,17327,,,,17370,17337,17352,16,1:15,17353,17368,16,1:15,17354,17369,16,1:15,,,0,,,,0,,,,0,,,,0,,1,10,15,17,1,,,,
multi_tile,3,260,6,bt,5,0,11968,16,17373,17373,17374,,,,17417,17384,17399,16,1:15,17400,17415,16,1:15,17401,17416,16,1:15,,,0,,,,0,,,,0,,,,0,,1,10,15,17,1,,,,
multi_tile,3,261,6,bt,5,16,12096,16,17420,17420,17421,,,,17464,17431,17446,16,1:15,17447,17462,16,1:15,17448,17463,16,1:15,,,0,,,,0,,,,0,,,,0,,1,10,15,17,1,,,,
multi_tile,3,262,6,bt,6,0,12224,8,17467,17467,17468,,,,17495,17478,17485,8,1:7,17486,17493,8,1:7,17487,17494,8,1:7,,,0,,,,0,,,,0,,,,0,,1,10,7,9,1,,,,
multi_tile,3,263,6,bt,6,8,12288,16,17498,17498,17499,,,,17542,17509,17524,16,1:15,17525,17540,16,1:15,17526,17541,16,1:15,,,0,,,,0,,,,0,,,,0,,1,10,15,17,1,,,,
multi_tile,3,264,6,bt,6,24,12416,8,17545,17545,17546,,,,17573,17556,17563,8,1:7,17564,17571,8,1:7,17565,17572,8,1:7,,,0,,,,0,,,,0,,,,0,,1,10,7,9,1,,,,
multi_tile,3,265,6,bt,7,0,12480,16,17576,17576,17577,,,,17620,17587,17602,16,1:15,17603,17618,16,1:15,17604,17619,16,1:15,,,0,,,,0,,,,0,,,,0,,1,10,15,17,1,,,,
multi_tile,3,266,6,bt,7,16,12608,16,17623,17623,17624,,,,17667,17634,17649,16,1:15,17650,17665,16,1:15,17651,17666,16,1:15,,,0,,,,0,,,,0,,,,0,,1,10,15,17,1,,,,
multi_tile,3,267,6,c,0,0,19296,4,18761,18761,,18778,18777,18789,18790,,,0,,,,0,,,,0,,18762,18774,4,4:3,18764,18776,4,4:3,18765,18777,4,4:3,18778,18781,4,1:3,,,,,,16,4,8,1
multi_tile,3,268,6,c,1,0,19488,4,18793,18793,,18810,18809,18821,18822,,,0,,,,0,,,,0,,18794,18806,4,4:3,18796,18808,4,4:3,18797,18809,4,4:3,18810,18813,4,1:3,,,,,,16,4,8,1
multi_tile,3,269,6,c,2,0,19680,4,18825,18825,,18842,18841,18853,18854,,,0,,,,0,,,,0,,18826,18838,4,4:3,18828,18840,4,4:3,18829,18841,4,4:3,18842,18845,4,1:3,,,,,,16,4,8,1
multi_tile,3,270,6,c,3,0,19872,4,18857,18857,,18874,18873,18885,18886,,,0,,,,0,,,,0,,18858,18870,4,4:3,18860,18872,4,4:3,18861,18873,4,4:3,18874,18877,4,1:3,,,,,,16,4,8,1
multi_tile,3,271,6,c,4,0,20064,4,18889,18889,,18906,18905,18917,18918,,,0,,,,0,,,,0,,18890,18902,4,4:3,18892,18904,4,4:3,18893,18905,4,4:3,18906,18909,4,1:3,,,,,,16,4,8,1
multi_tile,3,272,6,c,5,0,20256,4,18921,18921,,18938,18937,18949,18950,,,0,,,,0,,,,0,,18922,18934,4,4:3,18924,18936,4,4:3,18925,18937,4,4:3,18938,18941,4,1:3,,,,,,16,4,8,1
multi_tile,3,273,6,c,6,0,20448,4,18953,18953,,18970,18969,18981,18982,,,0,,,,0,,,,0,,18954,18966,4,4:3,18956,18968,4,4:3,18957,18969,4,4:3,18970,18973,4,1:3,,,,,,16,4,8,1
multi_tile,3,274,6,c,7,0,20640,4,18985,18985,,19002,19001,19013,19014,,,0,,,,0,,,,0,,18986,18998,4,4:3,18988,19000,4,4:3,18989,19001,4,4:3,19002,19005,4,1:3,,,,,,16,4,8,1
multi_tile,3,275,7,a,0,0,2112,16,19023,19023,19024,,,,19067,19034,19049,16,1:15,19050,19065,16,1:15,19051,19066,16,1:15,,,0,,,,0,,,,0,,,,0,,1,10,15,17,1,,,,
multi_tile,3,276,7,a,0,16,2240,16,19070,19070,19071,,,,19114,19081,19096,16,1:15,19097,19112,16,1:15,19098,19113,16,1:15,,,0,,,,0,,,,0,,,,0,,1,10,15,17,1,,,,
multi_tile,3,277,7,a,1,0,2368,16,19117,19117,19118,,,,19161,19128,19143,16,1:15,19144,19159,16,1:15,19145,19160,16,1:15,,,0,,,,0,,,,0,,,,0,,1,10,15,17,1,,,,
multi_tile,3,278,7,a,1,16,2496,16,19164,19164,19165,,,,19208,19175,19190,16,1:15,19191,19206,16,1:15,19192,19207,16,1:15,,,0,,,,0,,,,0,,,,0,,1,10,15,17,1,,,,
multi_tile,3,279,7,a,2,0,2624,16,19211,19211,19212,,,,19255,19222,19237,16,1:15,19238,19253,16,1:15,19239,19254,16,1:15,,,0,,,,0,,,,0,,,,0,,1,10,15,17,1,,,,
multi_tile,3,280,7,a,2,16,2752,16,19258,19258,19259,,,,19302,19269,19284,16,1:15,19285,19300,16,1:15,19286,19301,16,1:15,,,0,,,,0,,,,0,,,,0,,1,10,15,17,1,,,,
multi_tile,3,281,7,a,3,0,2880,16,19305,19305,19306,,,,19349,19316,19331,16,1:15,19332,19347,16,1:15,19333,19348,16,1:15,,,0,,,,0,,,,0,,,,0,,1,10,15,17,1,,,,
multi_tile,3,282,7,a,3,16,3008,16,19352,19352,19353,,,,19396,19363,19378,16,1:15,19379,19394,16,1:15,19380,19395,16,1:15,,,0,,,,0,,,,0,,,,0,,1,10,15,17,1,,,,
multi_tile,3,283,7,a,4,0,3136,16,19399,19399,19400,,,,19443,19410,19425,16,1:15,19426,19441,16,1:15,19427,19442,16,1:15,,,0,,,,0,,,,0,,,,0,,1,10,15,17,1,,,,
multi_tile,3,284,7,a,4,16,3264,16,19446,19446,19447,,,,19490,19457,19472,16,1:15,19473,19488,16,1:15,19474,19489,16,1:15,,,0,,,,0,,,,0,,,,0,,1,10,15,17,1,,,,
multi_tile,3,285,7,a,5,0,3392,16,19493,19493,19494,,,,19537,19504,19519,16,1:15,19520,19535,16,1:15,19521,19536,16,1:15,,,0,,,,0,,,,0,,,,0,,1,10,15,17,1,,,,
multi_tile,3,286,7,a,5,16,3520,16,19540,19540,19541,,,,19584,19551,19566,16,1:15,19567,19582,16,1:15,19568,19583,16,1:15,,,0,,,,0,,,,0,,,,0,,1,10,15,17,1,,,,
multi_tile,3,287,7,a,6,0,3648,16,19587,19587,19588,,,,19631,19598,19613,16,1:15,19614,19629,16,1:15,19615,19630,16,1:15,,,0,,,,0,,,,0,,,,0,,1,10,15,17,1,,,,
multi_tile,3,288,7,a,6,16,3776,16,19634,19634,19635,,,,19678,19645,19660,16,1:15,19661,19676,16,1:15,19662,19677,16,1:15,,,0,,,,0,,,,0,,,,0,,1,10,15,17,1,,,,
multi_tile,3,289,7,a,7,0,3904,16,19681,19681,19682,,,,19725,19692,19707,16,1:15,19708,19723,16,1:15,19709,19724,16,1:15,,,0,,,,0,,,,0,,,,0,,1,10,15,17,1,,,,
multi_tile,3,290,7,a,7,16,4032,8,19728,19728,19729,,,,19756,19739,19746,8,1:7,19747,19754,8,1:7,19748,19755,8,1:7,,,0,,,,0,,,,0,,,,0,,1,10,7,9,1,,,,
multi_tile,3,291,7,a,7,24,4096,8,19759,19759,19760,,,,19787,19770,19777,8,1:7,19778,19785,8,1:7,19779,19786,8,1:7,,,0,,,,0,,,,0,,,,0,,1,10,7,9,1,,,,
multi_tile,3,292,7,bt,0,0,12736,16,19795,19795,19796,,,,19839,19806,19821,16,1:15,19822,19837,16,1:15,19823,19838,16,1:15,,,0,,,,0,,,,0,,,,0,,1,10,15,17,1,,,,
multi_tile,3,293,7,bt,0,16,12864,16,19842,19842,19843,,,,19886,19853,19868,16,1:15,19869,19884,16,1:15,19870,19885,16,1:15,,,0,,,,0,,,,0,,,,0,,1,10,15,17,1,,,,
multi_tile,3,294,7,bt,1,0,12992,16,19889,19889,19890,,,,19933,19900,19915,16,1:15,19916,19931,16,1:15,19917,19932,16,1:15,,,0,,,,0,,,,0,,,,0,,1,10,15,17,1,,,,
multi_tile,3,295,7,bt,1,16,13120,16,19936,19936,19937,,,,19980,19947,19962,16,1:15,19963,19978,16,1:15,19964,19979,16,1:15,,,0,,,,0,,,,0,,,,0,,1,10,15,17,1,,,,
multi_tile,3,296,7,bt,2,0,13248,16,19983,19983,19984,,,,20027,19994,20009,16,1:15,20010,20025,16,1:15,20011,20026,16,1:15,,,0,,,,0,,,,0,,,,0,,1,10,15,17,1,,,,
multi_tile,3,297,7,bt,2,16,13376,16,20030,20030,20031,,,,20074,20041,20056,16,1:15,20057,20072,16,1:15,20058,20073,16,1:15,,,0,,,,0,,,,0,,,,0,,1,10,15,17,1,,,,
multi_tile,3,298,7,bt,3,0,13504,16,20077,20077,20078,,,,20121,20088,20103,16,1:15,20104,20119,16,1:15,20105,20120,16,1:15,,,0,,,,0,,,,0,,,,0,,1,10,15,17,1,,,,
multi_tile,3,299,7,bt,3,16,13632,16,20124,20124,20125,,,,20168,20135,20150,16,1:15,20151,20166,16,1:15,20152,20167,16,1:15,,,0,,,,0,,,,0,,,,0,,1,10,15,17,1,,,,
multi_tile,3,300,7,bt,4,0,13760,16,20171,20171,20172,,,,20215,20182,20197,16,1:15,20198,20213,16,1:15,20199,20214,16,1:15,,,0,,,,0,,,,0,,,,0,,1,10,15,17,1,,,,
multi_tile,3,301,7,bt,4,16,13888,16,20218,20218,20219,,,,20262,20229,20244,16,1:15,20245,20260,16,1:15,20246,20261,16,1:15,,,0,,,,0,,,,0,,,,0,,1,10,15,17,1,,,,
multi_tile,3,302,7,bt,5,0,14016,16,20265,20265,20266,,,,20309,20276,20291,16,1:15,20292,20307,16,1:15,20293,20308,16,1:15,,,0,,,,0,,,,0,,,,0,,1,10,15,17,1,,,,
multi_tile,3,303,7,bt,5,16,14144,16,20312,20312,20313,,,,20356,20323,20338,16,1:15,20339,20354,16,1:15,20340,20355,16,1:15,,,0,,,,0,,,,0,,,,0,,1,10,15,17,1,,,,
multi_tile,3,304,7,bt,6,0,14272,16,20359,20359,20360,,,,20403,20370,20385,16,1:15,20386,20401,16,1:15,20387,20402,16,1:15,,,0,,,,0,,,,0,,,,0,,1,10,15,17,1,,,,
multi_tile,3,305,7,bt,6,16,14400,16,20406,20406,20407,,,,20450,20417,20432,16,1:15,20433,20448,16,1:15,20434,20449,16,1:15,,,0,,,,0,,,,0,,,,0,,1,10,15,17,1,,,,
multi_tile,3,306,7,bt,7,0,14528,16,20453,20453,20454,,,,20497,20464,20479,16,1:15,20480,20495,16,1:15,20481,20496,16,1:15,,,0,,,,0,,,,0,,,,0,,1,10,15,17,1,,,,
multi_tile,3,307,7,bt,7,16,14656,16,20500,20500,20501,,,,20544,20511,20526,16,1:15,20527,20542,16,1:15,20528,20543,16,1:15,,,0,,,,0,,,,0,,,,0,,1,10,15,17,1,,,,
multi_tile,3,308,7,c,0,0,19328,4,21638,21638,,21655,21654,21666,21667,,,0,,,,0,,,,0,,21639,21651,4,4:3,21641,21653,4,4:3,21642,21654,4,4:3,21655,21658,4,1:3,,,,,,16,4,8,1
multi_tile,3,309,7,c,1,0,19520,4,21670,21670,,21687,21686,21698,21699,,,0,,,,0,,,,0,,21671,21683,4,4:3,21673,21685,4,4:3,21674,21686,4,4:3,21687,21690,4,1:3,,,,,,16,4,8,1
multi_tile,3,310,7,c,2,0,19712,4,21702,21702,,21719,21718,21730,21731,,,0,,,,0,,,,0,,21703,21715,4,4:3,21705,21717,4,4:3,21706,21718,4,4:3,21719,21722,4,1:3,,,,,,16,4,8,1
multi_tile,3,311,7,c,3,0,19904,4,21734,21734,,21751,21750,21762,21763,,,0,,,,0,,,,0,,21735,21747,4,4:3,21737,21749,4,4:3,21738,21750,4,4:3,21751,21754,4,1:3,,,,,,16,4,8,1
multi_tile,3,312,7,c,4,0,20096,4,21766,21766,,21783,21782,21794,21795,,,0,,,,0,,,,0,,21767,21779,4,4:3,21769,21781,4,4:3,21770,21782,4,4:3,21783,21786,4,1:3,,,,,,16,4,8,1
multi_tile,3,313,7,c,5,0,20288,4,21798,21798,,21815,21814,21826,21827,,,0,,,,0,,,,0,,21799,21811,4,4:3,21801,21813,4,4:3,21802,21814,4,4:3,21815,21818,4,1:3,,,,,,16,4,8,1
multi_tile,3,314,7,c,6,0,20480,4,21830,21830,,21847,21846,21858,21859,,,0,,,,0,,,,0,,21831,21843,4,4:3,21833,21845,4,4:3,21834,21846,4,4:3,21847,21850,4,1:3,,,,,,16,4,8,1
multi_tile,3,315,7,c,7,0,20672,4,21862,21862,,21879,21878,21890,21891,,,0,,,,0,,,,0,,21863,21875,4,4:3,21865,21877,4,4:3,21866,21878,4,4:3,21879,21882,4,1:3,,,,,,16,4,8,1
multi_tile,3,316,8,a,0,0,2112,16,21900,21900,21901,,,,21944,21911,21926,16,1:15,21927,21942,16,1:15,21928,21943,16,1:15,,,0,,,,0,,,,0,,,,0,,1,10,15,17,1,,,,
multi_tile,3,317,8,a,0,16,2240,16,21947,21947,21948,,,,21991,21958,21973,16,1:15,21974,21989,16,1:15,21975,21990,16,1:15,,,0,,,,0,,,,0,,,,0,,1,10,15,17,1,,,,
multi_tile,3,318,8,a,1,0,2368,16,21994,21994,21995,,,,22038,22005,22020,16,1:15,22021,22036,16,1:15,22022,22037,16,1:15,,,0,,,,0,,,,0,,,,0,,1,10,15,17,1,,,,
multi_tile,3,319,8,a,1,16,2496,16,22041,22041,22042,,,,22085,22052,22067,16,1:15,22068,22083,16,1:15,22069,22084,16,1:15,,,0,,,,0,,,,0,,,,0,,1,10,15,17,1,,,,
multi_tile,3,320,8,a,2,0,2624,16,22088,22088,22089,,,,22132,22099,22114,16,1:15,22115,22130,16,1:15,22116,22131,16,1:15,,,0,,,,0,,,,0,,,,0,,1,10,15,17,1,,,,
multi_tile,3,321,8,a,2,16,2752,16,22135,22135,22136,,,,22179,22146,22161,16,1:15,22162,22177,16,1:15,22163,22178,16,1:15,,,0,,,,0,,,,0,,,,0,,1,10,15,17,1,,,,
multi_tile,3,322,8,a,3,0,2880,16,22182,22182,22183,,,,22226,22193,22208,16,1:15,22209,22224,16,1:15,22210,22225,16,1:15,,,0,,,,0,,,,0,,,,0,,1,10,15,17,1,,,,
multi_tile,3,323,8,a,3,16,3008,16,22229,22229,22230,,,,22273,22240,22255,16,1:15,22256,22271,16,1:15,22257,22272,16,1:15,,,0,,,,0,,,,0,,,,0,,1,10,15,17,1,,,,
multi_tile,3,324,8,a,4,0,3136,16,22276,22276,22277,,,,22320,22287,22302,16,1:15,22303,22318,16,1:15,22304,22319,16,1:15,,,0,,,,0,,,,0,,,,0,,1,10,15,17,1,,,,
multi_tile,3,325,8,a,4,16,3264,16,22323,22323,22324,,,,22367,22334,22349,16,1:15,22350,22365,16,1:15,22351,22366,16,1:15,,,0,,,,0,,,,0,,,,0,,1,10,15,17,1,,,,
multi_tile,3,326,8,a,5,0,3392,16,22370,22370,22371,,,,22414,22381,22396,16,1:15,22397,22412,16,1:15,22398,22413,16,1:15,,,0,,,,0,,,,0,,,,0,,1,10,15,17,1,,,,
multi_tile,3,327,8,a,5,16,3520,16,22417,22417,22418,,,,22461,22428,22443,16,1:15,22444,22459,16,1:15,22445,22460,16,1:15,,,0,,,,0,,,,0,,,,0,,1,10,15,17,1,,,,
multi_tile,3,328,8,a,6,0,3648,16,22464,22464,22465,,,,22508,22475,22490,16,1:15,22491,22506,16,1:15,22492,22507,16,1:15,,,0,,,,0,,,,0,,,,0,,1,10,15,17,1,,,,
multi_tile,3,329,8,a,6,16,3776,16,22511,22511,22512,,,,22555,22522,22537,16,1:15,22538,22553,16,1:15,22539,22554,16,1:15,,,0,,,,0,,,,0,,,,0,,1,10,15,17,1,,,,
multi_tile,3,330,8,a,7,0,3904,16,22558,22558,22559,,,,22602,22569,22584,16,1:15,22585,22600,16,1:15,22586,22601,16,1:15,,,0,,,,0,,,,0,,,,0,,1,10,15,17,1,,,,
multi_tile,3,331,8,a,7,16,4032,8,22605,22605,22606,,,,22633,22616,22623,8,1:7,22624,22631,8,1:7,22625,22632,8,1:7,,,0,,,,0,,,,0,,,,0,,1,10,7,9,1,,,,
multi_tile,3,332,8,a,7,24,4096,8,22636,22636,22637,,,,22664,22647,22654,8,1:7,22655,22662,8,1:7,22656,22663,8,1:7,,,0,,,,0,,,,0,,,,0,,1,10,7,9,1,,,,
multi_tile,3,333,8,bt,0,0,14784,16,22672,22672,22673,,,,22716,22683,22698,16,1:15,22699,22714,16,1:15,22700,22715,16,1:15,,,0,,,,0,,,,0,,,,0,,1,10,15,17,1,,,,
multi_tile,3,334,8,bt,0,16,14912,16,22719,22719,22720,,,,22763,22730,22745,16,1:15,22746,22761,16,1:15,22747,22762,16,1:15,,,0,,,,0,,,,0,,,,0,,1,10,15,17,1,,,,
multi_tile,3,335,8,bt,1,0,15040,16,22766,22766,22767,,,,22810,22777,22792,16,1:15,22793,22808,16,1:15,22794,22809,16,1:15,,,0,,,,0,,,,0,,,,0,,1,10,15,17,1,,,,
multi_tile,3,336,8,bt,1,16,15168,16,22813,22813,22814,,,,22857,22824,22839,16,1:15,22840,22855,16,1:15,22841,22856,16,1:15,,,0,,,,0,,,,0,,,,0,,1,10,15,17,1,,,,
multi_tile,3,337,8,bt,2,0,15296,16,22860,22860,22861,,,,22904,22871,22886,16,1:15,22887,22902,16,1:15,22888,22903,16,1:15,,,0,,,,0,,,,0,,,,0,,1,10,15,17,1,,,,
multi_tile,3,338,8,bt,2,16,15424,16,22907,22907,22908,,,,22951,22918,22933,16,1:15,22934,22949,16,1:15,22935,22950,16,1:15,,,0,,,,0,,,,0,,,,0,,1,10,15,17,1,,,,
multi_tile,3,339,8,bt,3,0,15552,16,22954,22954,22955,,,,22998,22965,22980,16,1:15,22981,22996,16,1:15,22982,22997,16,1:15,,,0,,,,0,,,,0,,,,0,,1,10,15,17,1,,,,
multi_tile,3,340,8,bt,3,16,15680,16,23001,23001,23002,,,,23045,23012,23027,16,1:15,23028,23043,16,1:15,23029,23044,16,1:15,,,0,,,,0,,,,0,,,,0,,1,10,15,17,1,,,,
multi_tile,3,341,8,bt,4,0,15808,16,23048,23048,23049,,,,23092,23059,23074,16,1:15,23075,23090,16,1:15,23076,23091,16,1:15,,,0,,,,0,,,,0,,,,0,,1,10,15,17,1,,,,
multi_tile,3,342,8,bt,4,16,15936,16,23095,23095,23096,,,,23139,23106,23121,16,1:15,23122,23137,16,1:15,23123,23138,16,1:15,,,0,,,,0,,,,0,,,,0,,1,10,15,17,1,,,,
multi_tile,3,343,8,bt,5,0,16064,16,23142,23142,23143,,,,23186,23153,23168,16,1:15,23169,23184,16,1:15,23170,23185,16,1:15,,,0,,,,0,,,,0,,,,0,,1,10,15,17,1,,,,
multi_tile,3,344,8,bt,5,16,16192,16,23189,23189,23190,,,,23233,23200,23215,16,1:15,23216,23231,16,1:15,23217,23232,16,1:15,,,0,,,,0,,,,0,,,,0,,1,10,15,17,1,,,,
multi_tile,3,345,8,bt,6,0,16320,8,23236,23236,23237,,,,23264,23247,23254,8,1:7,23255,23262,8,1:7,23256,23263,8,1:7,,,0,,,,0,,,,0,,,,0,,1,10,7,9,1,,,,
multi_tile,3,346,8,bt,6,8,16384,16,23267,23267,23268,,,,23311,23278,23293,16,1:15,23294,23309,16,1:15,23295,23310,16,1:15,,,0,,,,0,,,,0,,,,0,,1,10,15,17,1,,,,
multi_tile,3,347,8,bt,6,24,16512,8,23314,23314,23315,,,,23342,23325,23332,8,1:7,23333,23340,8,1:7,23334,23341,8,1:7,,,0,,,,0,,,,0,,,,0,,1,10,7,9,1,,,,
multi_tile,3,348,8,bt,7,0,16576,16,23345,23345,23346,,,,23389,23356,23371,16,1:15,23372,23387,16,1:15,23373,23388,16,1:15,,,0,,,,0,,,,0,,,,0,,1,10,15,17,1,,,,
multi_tile,3,349,8,bt,7,16,16704,16,23392,23392,23393,,,,23436,23403,23418,16,1:15,23419,23434,16,1:15,23420,23435,16,1:15,,,0,,,,0,,,,0,,,,0,,1,10,15,17,1,,,,
multi_tile,3,350,8,c,0,0,19360,4,24530,24530,,24547,24546,24558,24559,,,0,,,,0,,,,0,,24531,24543,4,4:3,24533,24545,4,4:3,24534,24546,4,4:3,24547,24550,4,1:3,,,,,,16,4,8,1
multi_tile,3,351,8,c,1,0,19552,4,24562,24562,,24579,24578,24590,24591,,,0,,,,0,,,,0,,24563,24575,4,4:3,24565,24577,4,4:3,24566,24578,4,4:3,24579,24582,4,1:3,,,,,,16,4,8,1
multi_tile,3,352,8,c,2,0,19744,4,24594,24594,,24611,24610,24622,24623,,,0,,,,0,,,,0,,24595,24607,4,4:3,24597,24609,4,4:3,24598,24610,4,4:3,24611,24614,4,1:3,,,,,,16,4,8,1
multi_tile,3,353,8,c,3,0,19936,4,24626,24626,,24643,24642,24654,24655,,,0,,,,0,,,,0,,24627,24639,4,4:3,24629,24641,4,4:3,24630,24642,4,4:3,24643,24646,4,1:3,,,,,,16,4,8,1
multi_tile,3,354,8,c,4,0,20128,4,24658,24658,,24675,24674,24686,24687,,,0,,,,0,,,,0,,24659,24671,4,4:3,24661,24673,4,4:3,24662,24674,4,4:3,24675,24678,4,1:3,,,,,,16,4,8,1
multi_tile,3,355,8,c,5,0,20320,4,24690,24690,,24707,24706,24718,24719,,,0,,,,0,,,,0,,24691,24703,4,4:3,24693,24705,4,4:3,24694,24706,4,4:3,24707,24710,4,1:3,,,,,,16,4,8,1
multi_tile,3,356,8,c,6,0,20512,4,24722,24722,,24739,24738,24750,24751,,,0,,,,0,,,,0,,24723,24735,4,4:3,24725,24737,4,4:3,24726,24738,4,4:3,24739,24742,4,1:3,,,,,,16,4,8,1
multi_tile,3,357,8,c,7,0,20704,4,24754,24754,,24771,24770,24782,24783,,,0,,,,0,,,,0,,24755,24767,4,4:3,24757,24769,4,4:3,24758,24770,4,4:3,24771,24774,4,1:3,,,,,,16,4,8,1
multi_tile,3,358,9,a,0,0,2112,16,24792,24792,24793,,,,24836,24803,24818,16,1:15,24819,24834,16,1:15,24820,24835,16,1:15,,,0,,,,0,,,,0,,,,0,,1,10,15,17,1,,,,
multi_tile,3,359,9,a,0,16,2240,16,24839,24839,24840,,,,24883,24850,24865,16,1:15,24866,24881,16,1:15,24867,24882,16,1:15,,,0,,,,0,,,,0,,,,0,,1,10,15,17,1,,,,
multi_tile,3,360,9,a,1,0,2368,16,24886,24886,24887,,,,24930,24897,24912,16,1:15,24913,24928,16,1:15,24914,24929,16,1:15,,,0,,,,0,,,,0,,,,0,,1,10,15,17,1,,,,
multi_tile,3,361,9,a,1,16,2496,16,24933,24933,24934,,,,24977,24944,24959,16,1:15,24960,24975,16,1:15,24961,24976,16,1:15,,,0,,,,0,,,,0,,,,0,,1,10,15,17,1,,,,
multi_tile,3,362,9,a,2,0,2624,16,24980,24980,24981,,,,25024,24991,25006,16,1:15,25007,25022,16,1:15,25008,25023,16,1:15,,,0,,,,0,,,,0,,,,0,,1,10,15,17,1,,,,
multi_tile,3,363,9,a,2,16,2752,16,25027,25027,25028,,,,25071,25038,25053,16,1:15,25054,25069,16,1:15,25055,25070,16,1:15,,,0,,,,0,,,,0,,,,0,,1,10,15,17,1,,,,
multi_tile,3,364,9,a,3,0,2880,16,25074,25074,25075,,,,25118,25085,25100,16,1:15,25101,25116,16,1:15,25102,25117,16,1:15,,,0,,,,0,,,,0,,,,0,,1,10,15,17,1,,,,
multi_tile,3,365,9,a,3,16,3008,16,25121,25121,25122,,,,25165,25132,25147,16,1:15,25148,25163,16,1:15,25149,25164,16,1:15,,,0,,,,0,,,,0,,,,0,,1,10,15,17,1,,,,
multi_tile,3,366,9,a,4,0,3136,16,25168,25168,25169,,,,25212,25179,25194,16,1:15,25195,25210,16,1:15,25196,25211,16,1:15,,,0,,,,0,,,,0,,,,0,,1,10,15,17,1,,,,
multi_tile,3,367,9,a,4,16,3264,16,25215,25215,25216,,,,25259,25226,25241,16,1:15,25242,25257,16,1:15,25243,25258,16,1:15,,,0,,,,0,,,,0,,,,0,,1,10,15,17,1,,,,
multi_tile,3,368,9,a,5,0,3392,16,25262,25262,25263,,,,25306,25273,25288,16,1:15,25289,25304,16,1:15,25290,25305,16,1:15,,,0,,,,0,,,,0,,,,0,,1,10,15,17,1,,,,
multi_tile,3,369,9,a,5,16,3520,16,25309,25309,25310,,,,25353,25320,25335,16,1:15,25336,25351,16,1:15,25337,25352,16,1:15,,,0,,,,0,,,,0,,,,0,,1,10,15,17,1,,,,
multi_tile,3,370,9,a,6,0,3648,16,25356,25356,25357,,,,25400,25367,25382,16,1:15,25383,25398,16,1:15,25384,25399,16,1:15,,,0,,,,0,,,,0,,,,0,,1,10,15,17,1,,,,
multi_tile,3,371,9,a,6,16,3776,16,25403,25403,25404,,,,25447,25414,25429,16,1:15,25430,25445,16,1:15,25431,25446,16,1:15,,,0,,,,0,,,,0,,,,0,,1,10,15,17,1,,,,
multi_tile,3,372,9,a,7,0,3904,16,25450,25450,25451,,,,25494,25461,25476,16,1:15,25477,25492,16,1:15,25478,25493,16,1:15,,,0,,,,0,,,,0,,,,0,,1,10,15,17,1,,,,
multi_tile,3,373,9,a,7,16,4032,8,25497,25497,25498,,,,25525,25508,25515,8,1:7,25516,25523,8,1:7,25517,25524,8,1:7,,,0,,,,0,,,,0,,,,0,,1,10,7,9,1,,,,
multi_tile,3,374,9,a,7,24,4096,8,25528,25528,25529,,,,25556,25539,25546,8,1:7,25547,25554,8,1:7,25548,25555,8,1:7,,,0,,,,0,,,,0,,,,0,,1,10,7,9,1,,,,
multi_tile,3,375,9,bt,0,0,16832,16,25564,25564,25565,,,,25608,25575,25590,16,1:15,25591,25606,16,1:15,25592,25607,16,1:15,,,0,,,,0,,,,0,,,,0,,1,10,15,17,1,,,,
multi_tile,3,376,9,bt,0,16,16960,16,25611,25611,25612,,,,25655,25622,25637,16,1:15,25638,25653,16,1:15,25639,25654,16,1:15,,,0,,,,0,,,,0,,,,0,,1,10,15,17,1,,,,
multi_tile,3,377,9,bt,1,0,17088,16,25658,25658,25659,,,,25702,25669,25684,16,1:15,25685,25700,16,1:15,25686,25701,16,1:15,,,0,,,,0,,,,0,,,,0,,1,10,15,17,1,,,,
multi_tile,3,378,9,bt,1,16,17216,16,25705,25705,25706,,,,25749,25716,25731,16,1:15,25732,25747,16,1:15,25733,25748,16,1:15,,,0,,,,0,,,,0,,,,0,,1,10,15,17,1,,,,
multi_tile,3,379,9,bt,2,0,17344,16,25752,25752,25753,,,,25796,25763,25778,16,1:15,25779,25794,16,1:15,25780,25795,16,1:15,,,0,,,,0,,,,0,,,,0,,1,10,15,17,1,,,,
multi_tile,3,380,9,bt,2,16,17472,16,25799,25799,25800,,,,25843,25810,25825,16,1:15,25826,25841,16,1:15,25827,25842,16,1:15,,,0,,,,0,,,,0,,,,0,,1,10,15,17,1,,,,
multi_tile,3,381,9,c,0,0,19392,2,26395,26395,,26404,26403,26413,26414,,,0,,,,0,,,,0,,26396,26400,2,4:1,26398,26402,2,4:1,26399,26403,2,4:1,26404,26405,2,1:1,,,,,,8,2,8,1
multi_tile,3,382,9,c,1,0,19584,2,26417,26417,,26426,26425,26435,26436,,,0,,,,0,,,,0,,26418,26422,2,4:1,26420,26424,2,4:1,26421,26425,2,4:1,26426,26427,2,1:1,,,,,,8,2,8,1
multi_tile,3,383,9,c,2,0,19776,2,26439,26439,,26448,26447,26457,26458,,,0,,,,0,,,,0,,26440,26444,2,4:1,26442,26446,2,4:1,26443,26447,2,4:1,26448,26449,2,1:1,,,,,,8,2,8,1
multi_tile,3,384,9,c,3,0,19968,2,26461,26461,,26470,26469,26479,26480,,,0,,,,0,,,,0,,26462,26466,2,4:1,26464,26468,2,4:1,26465,26469,2,4:1,26470,26471,2,1:1,,,,,,8,2,8,1
multi_tile,3,385,9,c,4,0,20160,2,26483,26483,,26492,26491,26501,26502,,,0,,,,0,,,,0,,26484,26488,2,4:1,26486,26490,2,4:1,26487,26491,2,4:1,26492,26493,2,1:1,,,,,,8,2,8,1
multi_tile,3,386,9,c,5,0,20352,2,26505,26505,,26514,26513,26523,26524,,,0,,,,0,,,,0,,26506,26510,2,4:1,26508,26512,2,4:1,26509,26513,2,4:1,26514,26515,2,1:1,,,,,,8,2,8,1
multi_tile,3,387,9,c,6,0,20544,2,26527,26527,,26536,26535,26545,26546,,,0,,,,0,,,,0,,26528,26532,2,4:1,26530,26534,2,4:1,26531,26535,2,4:1,26536,26537,2,1:1,,,,,,8,2,8,1
multi_tile,3,388,9,c,7,0,20736,2,26549,26549,,26558,26557,26567,26568,,,0,,,,0,,,,0,,26550,26554,2,4:1,26552,26556,2,4:1,26553,26557,2,4:1,26558,26559,2,1:1,,,,,,8,2,8,1
multi_tile,3,389,10,a,0,0,4160,16,26577,26577,26578,,,,26621,26588,26603,16,1:15,26604,26619,16,1:15,26605,26620,16,1:15,,,0,,,,0,,,,0,,,,0,,1,10,15,17,1,,,,
multi_tile,3,390,10,a,0,16,4288,16,26624,26624,26625,,,,26668,26635,26650,16,1:15,26651,26666,16,1:15,26652,26667,16,1:15,,,0,,,,0,,,,0,,,,0,,1,10,15,17,1,,,,
multi_tile,3,391,10,a,1,0,4416,16,26671,26671,26672,,,,26715,26682,26697,16,1:15,26698,26713,16,1:15,26699,26714,16,1:15,,,0,,,,0,,,,0,,,,0,,1,10,15,17,1,,,,
multi_tile,3,392,10,a,1,16,4544,16,26718,26718,26719,,,,26762,26729,26744,16,1:15,26745,26760,16,1:15,26746,26761,16,1:15,,,0,,,,0,,,,0,,,,0,,1,10,15,17,1,,,,
multi_tile,3,393,10,a,2,0,4672,16,26765,26765,26766,,,,26809,26776,26791,16,1:15,26792,26807,16,1:15,26793,26808,16,1:15,,,0,,,,0,,,,0,,,,0,,1,10,15,17,1,,,,
multi_tile,3,394,10,a,2,16,4800,16,26812,26812,26813,,,,26856,26823,26838,16,1:15,26839,26854,16,1:15,26840,26855,16,1:15,,,0,,,,0,,,,0,,,,0,,1,10,15,17,1,,,,
multi_tile,3,395,10,a,3,0,4928,16,26859,26859,26860,,,,26903,26870,26885,16,1:15,26886,26901,16,1:15,26887,26902,16,1:15,,,0,,,,0,,,,0,,,,0,,1,10,15,17,1,,,,
multi_tile,3,396,10,a,3,16,5056,16,26906,26906,26907,,,,26950,26917,26932,16,1:15,26933,26948,16,1:15,26934,26949,16,1:15,,,0,,,,0,,,,0,,,,0,,1,10,15,17,1,,,,
multi_tile,3,397,10,a,4,0,5184,16,26953,26953,26954,,,,26997,26964,26979,16,1:15,26980,26995,16,1:15,26981,26996,16,1:15,,,0,,,,0,,,,0,,,,0,,1,10,15,17,1,,,,
multi_tile,3,398,10,a,4,16,5312,16,27000,27000,27001,,,,27044,27011,27026,16,1:15,27027,27042,16,1:15,27028,27043,16,1:15,,,0,,,,0,,,,0,,,,0,,1,10,15,17,1,,,,
multi_tile,3,399,10,a,5,0,5440,16,27047,27047,27048,,,,27091,27058,27073,16,1:15,27074,27089,16,1:15,27075,27090,16,1:15,,,0,,,,0,,,,0,,,,0,,1,10,15,17,1,,,,
multi_tile,3,400,10,a,5,16,5568,16,27094,27094,27095,,,,27138,27105,27120,16,1:15,27121,27136,16,1:15,27122,27137,16,1:15,,,0,,,,0,,,,0,,,,0,,1,10,15,17,1,,,,
multi_tile,3,401,10,a,6,0,5696,16,27141,27141,27142,,,,27185,27152,27167,16,1:15,27168,27183,16,1:15,27169,27184,16,1:15,,,0,,,,0,,,,0,,,,0,,1,10,15,17,1,,,,
multi_tile,3,402,10,a,6,16,5824,16,27188,27188,27189,,,,27232,27199,27214,16,1:15,27215,27230,16,1:15,27216,27231,16,1:15,,,0,,,,0,,,,0,,,,0,,1,10,15,17,1,,,,
multi_tile,3,403,10,a,7,0,5952,16,27235,27235,27236,,,,27279,27246,27261,16,1:15,27262,27277,16,1:15,27263,27278,16,1:15,,,0,,,,0,,,,0,,,,0,,1,10,15,17,1,,,,
multi_tile,3,404,10,a,7,16,6080,16,27282,27282,27283,,,,27326,27293,27308,16,1:15,27309,27324,16,1:15,27310,27325,16,1:15,,,0,,,,0,,,,0,,,,0,,1,10,15,17,1,,,,
multi_tile,3,405,10,bt,0,0,8640,16,27334,27334,27335,,,,27378,27345,27360,16,1:15,27361,27376,16,1:15,27362,27377,16,1:15,,,0,,,,0,,,,0,,,,0,,1,10,15,17,1,,,,
multi_tile,3,406,10,bt,0,16,8768,16,27381,27381,27382,,,,27425,27392,27407,16,1:15,27408,27423,16,1:15,27409,27424,16,1:15,,,0,,,,0,,,,0,,,,0,,1,10,15,17,1,,,,
multi_tile,3,407,10,bt,1,0,8896,16,27428,27428,27429,,,,27472,27439,27454,16,1:15,27455,27470,16,1:15,27456,27471,16,1:15,,,0,,,,0,,,,0,,,,0,,1,10,15,17,1,,,,
multi_tile,3,408,10,bt,1,16,9024,16,27475,27475,27476,,,,27519,27486,27501,16,1:15,27502,27517,16,1:15,27503,27518,16,1:15,,,0,,,,0,,,,0,,,,0,,1,10,15,17,1,,,,
multi_tile,3,409,10,bt,2,0,9152,16,27522,27522,27523,,,,27566,27533,27548,16,1:15,27549,27564,16,1:15,27550,27565,16,1:15,,,0,,,,0,,,,0,,,,0,,1,10,15,17,1,,,,
multi_tile,3,410,10,bt,2,16,9280,16,27569,27569,27570,,,,27613,27580,27595,16,1:15,27596,27611,16,1:15,27597,27612,16,1:15,,,0,,,,0,,,,0,,,,0,,1,10,15,17,1,,,,
multi_tile,3,411,10,bt,3,0,9408,16,27616,27616,27617,,,,27660,27627,27642,16,1:15,27643,27658,16,1:15,27644,27659,16,1:15,,,0,,,,0,,,,0,,,,0,,1,10,15,17,1,,,,
multi_tile,3,412,10,bt,3,16,9536,16,27663,27663,27664,,,,27707,27674,27689,16,1:15,27690,27705,16,1:15,27691,27706,16,1:15,,,0,,,,0,,,,0,,,,0,,1,10,15,17,1,,,,
multi_tile,3,413,10,bt,4,0,9664,16,27710,27710,27711,,,,27754,27721,27736,16,1:15,27737,27752,16,1:15,27738,27753,16,1:15,,,0,,,,0,,,,0,,,,0,,1,10,15,17,1,,,,
multi_tile,3,414,10,bt,4,16,9792,16,27757,27757,27758,,,,27801,27768,27783,16,1:15,27784,27799,16,1:15,27785,27800,16,1:15,,,0,,,,0,,,,0,,,,0,,1,10,15,17,1,,,,
multi_tile,3,415,10,bt,5,0,9920,16,27804,27804,27805,,,,27848,27815,27830,16,1:15,27831,27846,16,1:15,27832,27847,16,1:15,,,0,,,,0,,,,0,,,,0,,1,10,15,17,1,,,,
multi_tile,3,416,10,bt,5,16,10048,16,27851,27851,27852,,,,27895,27862,27877,16,1:15,27878,27893,16,1:15,27879,27894,16,1:15,,,0,,,,0,,,,0,,,,0,,1,10,15,17,1,,,,
multi_tile,3,417,10,bt,6,0,10176,16,27898,27898,27899,,,,27942,27909,27924,16,1:15,27925,27940,16,1:15,27926,27941,16,1:15,,,0,,,,0,,,,0,,,,0,,1,10,15,17,1,,,,
multi_tile,3,418,10,bt,6,16,10304,16,27945,27945,27946,,,,27989,27956,27971,16,1:15,27972,27987,16,1:15,27973,27988,16,1:15,,,0,,,,0,,,,0,,,,0,,1,10,15,17,1,,,,
multi_tile,3,419,10,bt,7,0,10432,16,27992,27992,27993,,,,28036,28003,28018,16,1:15,28019,28034,16,1:15,28020,28035,16,1:15,,,0,,,,0,,,,0,,,,0,,1,10,15,17,1,,,,
multi_tile,3,420,10,bt,7,16,10560,16,28039,28039,28040,,,,28083,28050,28065,16,1:15,28066,28081,16,1:15,28067,28082,16,1:15,,,0,,,,0,,,,0,,,,0,,1,10,15,17,1,,,,
multi_tile,3,421,10,c,0,0,20800,4,29177,29177,,29194,29193,29205,29206,,,0,,,,0,,,,0,,29178,29190,4,4:3,29180,29192,4,4:3,29181,29193,4,4:3,29194,29197,4,1:3,,,,,,16,4,8,1
multi_tile,3,422,10,c,1,0,20992,4,29209,29209,,29226,29225,29237,29238,,,0,,,,0,,,,0,,29210,29222,4,4:3,29212,29224,4,4:3,29213,29225,4,4:3,29226,29229,4,1:3,,,,,,16,4,8,1
multi_tile,3,423,10,c,2,0,21184,4,29241,29241,,29258,29257,29269,29270,,,0,,,,0,,,,0,,29242,29254,4,4:3,29244,29256,4,4:3,29245,29257,4,4:3,29258,29261,4,1:3,,,,,,16,4,8,1
multi_tile,3,424,10,c,3,0,21376,4,29273,29273,,29290,29289,29301,29302,,,0,,,,0,,,,0,,29274,29286,4,4:3,29276,29288,4,4:3,29277,29289,4,4:3,29290,29293,4,1:3,,,,,,16,4,8,1
multi_tile,3,425,10,c,4,0,21568,4,29305,29305,,29322,29321,29333,29334,,,0,,,,0,,,,0,,29306,29318,4,4:3,29308,29320,4,4:3,29309,29321,4,4:3,29322,29325,4,1:3,,,,,,16,4,8,1
multi_tile,3,426,10,c,5,0,21760,4,29337,29337,,29354,29353,29365,29366,,,0,,,,0,,,,0,,29338,29350,4,4:3,29340,29352,4,4:3,29341,29353,4,4:3,29354,29357,4,1:3,,,,,,16,4,8,1
multi_tile,3,427,10,c,6,0,21952,4,29369,29369,,29386,29385,29397,29398,,,0,,,,0,,,,0,,29370,29382,4,4:3,29372,29384,4,4:3,29373,29385,4,4:3,29386,29389,4,1:3,,,,,,16,4,8,1
multi_tile,3,428,10,c,7,0,22144,4,29401,29401,,29418,29417,29429,29430,,,0,,,,0,,,,0,,29402,29414,4,4:3,29404,29416,4,4:3,29405,29417,4,4:3,29418,29421,4,1:3,,,,,,16,4,8,1
multi_tile,3,429,11,a,0,0,4160,16,29439,29439,29440,,,,29483,29450,29465,16,1:15,29466,29481,16,1:15,29467,29482,16,1:15,,,0,,,,0,,,,0,,,,0,,1,10,15,17,1,,,,
multi_tile,3,430,11,a,0,16,4288,16,29486,29486,29487,,,,29530,29497,29512,16,1:15,29513,29528,16,1:15,29514,29529,16,1:15,,,0,,,,0,,,,0,,,,0,,1,10,15,17,1,,,,
multi_tile,3,431,11,a,1,0,4416,16,29533,29533,29534,,,,29577,29544,29559,16,1:15,29560,29575,16,1:15,29561,29576,16,1:15,,,0,,,,0,,,,0,,,,0,,1,10,15,17,1,,,,
multi_tile,3,432,11,a,1,16,4544,16,29580,29580,29581,,,,29624,29591,29606,16,1:15,29607,29622,16,1:15,29608,29623,16,1:15,,,0,,,,0,,,,0,,,,0,,1,10,15,17,1,,,,
multi_tile,3,433,11,a,2,0,4672,16,29627,29627,29628,,,,29671,29638,29653,16,1:15,29654,29669,16,1:15,29655,29670,16,1:15,,,0,,,,0,,,,0,,,,0,,1,10,15,17,1,,,,
multi_tile,3,434,11,a,2,16,4800,16,29674,29674,29675,,,,29718,29685,29700,16,1:15,29701,29716,16,1:15,29702,29717,16,1:15,,,0,,,,0,,,,0,,,,0,,1,10,15,17,1,,,,
multi_tile,3,435,11,a,3,0,4928,16,29721,29721,29722,,,,29765,29732,29747,16,1:15,29748,29763,16,1:15,29749,29764,16,1:15,,,0,,,,0,,,,0,,,,0,,1,10,15,17,1,,,,
multi_tile,3,436,11,a,3,16,5056,16,29768,29768,29769,,,,29812,29779,29794,16,1:15,29795,29810,16,1:15,29796,29811,16,1:15,,,0,,,,0,,,,0,,,,0,,1,10,15,17,1,,,,
multi_tile,3,437,11,a,4,0,5184,16,29815,29815,29816,,,,29859,29826,29841,16,1:15,29842,29857,16,1:15,29843,29858,16,1:15,,,0,,,,0,,,,0,,,,0,,1,10,15,17,1,,,,
multi_tile,3,438,11,a,4,16,5312,16,29862,29862,29863,,,,29906,29873,29888,16,1:15,29889,29904,16,1:15,29890,29905,16,1:15,,,0,,,,0,,,,0,,,,0,,1,10,15,17,1,,,,
multi_tile,3,439,11,a,5,0,5440,16,29909,29909,29910,,,,29953,29920,29935,16,1:15,29936,29951,16,1:15,29937,29952,16,1:15,,,0,,,,0,,,,0,,,,0,,1,10,15,17,1,,,,
multi_tile,3,440,11,a,5,16,5568,16,29956,29956,29957,,,,30000,29967,29982,16,1:15,29983,29998,16,1:15,29984,29999,16,1:15,,,0,,,,0,,,,0,,,,0,,1,10,15,17,1,,,,
multi_tile,3,441,11,a,6,0,5696,16,30003,30003,30004,,,,30047,30014,30029,16,1:15,30030,30045,16,1:15,30031,30046,16,1:15,,,0,,,,0,,,,0,,,,0,,1,10,15,17,1,,,,
multi_tile,3,442,11,a,6,16,5824,16,30050,30050,30051,,,,30094,30061,30076,16,1:15,30077,30092,16,1:15,30078,30093,16,1:15,,,0,,,,0,,,,0,,,,0,,1,10,15,17,1,,,,
multi_tile,3,443,11,a,7,0,5952,16,30097,30097,30098,,,,30141,30108,30123,16,1:15,30124,30139,16,1:15,30125,30140,16,1:15,,,0,,,,0,,,,0,,,,0,,1,10,15,17,1,,,,
multi_tile,3,444,11,a,7,16,6080,16,30144,30144,30145,,,,30188,30155,30170,16,1:15,30171,30186,16,1:15,30172,30187,16,1:15,,,0,,,,0,,,,0,,,,0,,1,10,15,17,1,,,,
multi_tile,3,445,11,bt,0,0,10688,16,30196,30196,30197,,,,30240,30207,30222,16,1:15,30223,30238,16,1:15,30224,30239,16,1:15,,,0,,,,0,,,,0,,,,0,,1,10,15,17,1,,,,
multi_tile,3,446,11,bt,0,16,10816,16,30243,30243,30244,,,,30287,30254,30269,16,1:15,30270,30285,16,1:15,30271,30286,16,1:15,,,0,,,,0,,,,0,,,,0,,1,10,15,17,1,,,,
multi_tile,3,447,11,bt,1,0,10944,16,30290,30290,30291,,,,30334,30301,30316,16,1:15,30317,30332,16,1:15,30318,30333,16,1:15,,,0,,,,0,,,,0,,,,0,,1,10,15,17,1,,,,
multi_tile,3,448,11,bt,1,16,11072,16,30337,30337,30338,,,,30381,30348,30363,16,1:15,30364,30379,16,1:15,30365,30380,16,1:15,,,0,,,,0,,,,0,,,,0,,1,10,15,17,1,,,,
multi_tile,3,449,11,bt,2,0,11200,16,30384,30384,30385,,,,30428,30395,30410,16,1:15,30411,30426,16,1:15,30412,30427,16,1:15,,,0,,,,0,,,,0,,,,0,,1,10,15,17,1,,,,
multi_tile,3,450,11,bt,2,16,11328,16,30431,30431,30432,,,,30475,30442,30457,16,1:15,30458,30473,16,1:15,30459,30474,16,1:15,,,0,,,,0,,,,0,,,,0,,1,10,15,17,1,,,,
multi_tile,3,451,11,bt,3,0,11456,16,30478,30478,30479,,,,30522,30489,30504,16,1:15,30505,30520,16,1:15,30506,30521,16,1:15,,,0,,,,0,,,,0,,,,0,,1,10,15,17,1,,,,
multi_tile,3,452,11,bt,3,16,11584,16,30525,30525,30526,,,,30569,30536,30551,16,1:15,30552,30567,16,1:15,30553,30568,16,1:15,,,0,,,,0,,,,0,,,,0,,1,10,15,17,1,,,,
multi_tile,3,453,11,bt,4,0,11712,16,30572,30572,30573,,,,30616,30583,30598,16,1:15,30599,30614,16,1:15,30600,30615,16,1:15,,,0,,,,0,,,,0,,,,0,,1,10,15,17,1,,,,
multi_tile,3,454,11,bt,4,16,11840,16,30619,30619,30620,,,,30663,30630,30645,16,1:15,30646,30661,16,1:15,30647,30662,16,1:15,,,0,,,,0,,,,0,,,,0,,1,10,15,17,1,,,,
multi_tile,3,455,11,bt,5,0,11968,16,30666,30666,30667,,,,30710,30677,30692,16,1:15,30693,30708,16,1:15,30694,30709,16,1:15,,,0,,,,0,,,,0,,,,0,,1,10,15,17,1,,,,
multi_tile,3,456,11,bt,5,16,12096,16,30713,30713,30714,,,,30757,30724,30739,16,1:15,30740,30755,16,1:15,30741,30756,16,1:15,,,0,,,,0,,,,0,,,,0,,1,10,15,17,1,,,,
multi_tile,3,457,11,bt,6,0,12224,8,30760,30760,30761,,,,30788,30771,30778,8,1:7,30779,30786,8,1:7,30780,30787,8,1:7,,,0,,,,0,,,,0,,,,0,,1,10,7,9,1,,,,
multi_tile,3,458,11,bt,6,8,12288,16,30791,30791,30792,,,,30835,30802,30817,16,1:15,30818,30833,16,1:15,30819,30834,16,1:15,,,0,,,,0,,,,0,,,,0,,1,10,15,17,1,,,,
multi_tile,3,459,11,bt,6,24,12416,8,30838,30838,30839,,,,30866,30849,30856,8,1:7,30857,30864,8,1:7,30858,30865,8,1:7,,,0,,,,0,,,,0,,,,0,,1,10,7,9,1,,,,
multi_tile,3,460,11,bt,7,0,12480,16,30869,30869,30870,,,,30913,30880,30895,16,1:15,30896,30911,16,1:15,30897,30912,16,1:15,,,0,,,,0,,,,0,,,,0,,1,10,15,17,1,,,,
multi_tile,3,461,11,bt,7,16,12608,16,30916,30916,30917,,,,30960,30927,30942,16,1:15,30943,30958,16,1:15,30944,30959,16,1:15,,,0,,,,0,,,,0,,,,0,,1,10,15,17,1,,,,
multi_tile,3,462,11,c,0,0,20832,4,32054,32054,,32071,32070,32082,32083,,,0,,,,0,,,,0,,32055,32067,4,4:3,32057,32069,4,4:3,32058,32070,4,4:3,32071,32074,4,1:3,,,,,,16,4,8,1
multi_tile,3,463,11,c,1,0,21024,4,32086,32086,,32103,32102,32114,32115,,,0,,,,0,,,,0,,32087,32099,4,4:3,32089,32101,4,4:3,32090,32102,4,4:3,32103,32106,4,1:3,,,,,,16,4,8,1
multi_tile,3,464,11,c,2,0,21216,4,32118,32118,,32135,32134,32146,32147,,,0,,,,0,,,,0,,32119,32131,4,4:3,32121,32133,4,4:3,32122,32134,4,4:3,32135,32138,4,1:3,,,,,,16,4,8,1
multi_tile,3,465,11,c,3,0,21408,4,32150,32150,,32167,32166,32178,32179,,,0,,,,0,,,,0,,32151,32163,4,4:3,32153,32165,4,4:3,32154,32166,4,4:3,32167,32170,4,1:3,,,,,,16,4,8,1
multi_tile,3,466,11,c,4,0,21600,4,32182,32182,,32199,32198,32210,32211,,,0,,,,0,,,,0,,32183,32195,4,4:3,32185,32197,4,4:3,32186,32198,4,4:3,32199,32202,4,1:3,,,,,,16,4,8,1
multi_tile,3,467,11,c,5,0,21792,4,32214,32214,,32231,32230,32242,32243,,,0,,,,0,,,,0,,32215,32227,4,4:3,32217,32229,4,4:3,32218,32230,4,4:3,32231,32234,4,1:3,,,,,,16,4,8,1
multi_tile,3,468,11,c,6,0,21984,4,32246,32246,,32263,32262,32274,32275,,,0,,,,0,,,,0,,32247,32259,4,4:3,32249,32261,4,4:3,32250,32262,4,4:3,32263,32266,4,1:3,,,,,,16,4,8,1
multi_tile,3,469,11,c,7,0,22176,4,32278,32278,,32295,32294,32306,32307,,,0,,,,0,,,,0,,32279,32291,4,4:3,32281,32293,4,4:3,32282,32294,4,4:3,32295,32298,4,1:3,,,,,,16,4,8,1
multi_tile,3,470,12,a,0,0,4160,16,32316,32316,32317,,,,32360,32327,32342,16,1:15,32343,32358,16,1:15,32344,32359,16,1:15,,,0,,,,0,,,,0,,,,0,,1,10,15,17,1,,,,
multi_tile,3,471,12,a,0,16,4288,16,32363,32363,32364,,,,32407,32374,32389,16,1:15,32390,32405,16,1:15,32391,32406,16,1:15,,,0,,,,0,,,,0,,,,0,,1,10,15,17,1,,,,
multi_tile,3,472,12,a,1,0,4416,16,32410,32410,32411,,,,32454,32421,32436,16,1:15,32437,32452,16,1:15,32438,32453,16,1:15,,,0,,,,0,,,,0,,,,0,,1,10,15,17,1,,,,
multi_tile,3,473,12,a,1,16,4544,16,32457,32457,32458,,,,32501,32468,32483,16,1:15,32484,32499,16,1:15,32485,32500,16,1:15,,,0,,,,0,,,,0,,,,0,,1,10,15,17,1,,,,
multi_tile,3,474,12,a,2,0,4672,16,32504,32504,32505,,,,32548,32515,32530,16,1:15,32531,32546,16,1:15,32532,32547,16,1:15,,,0,,,,0,,,,0,,,,0,,1,10,15,17,1,,,,
multi_tile,3,475,12,a,2,16,4800,16,32551,32551,32552,,,,32595,32562,32577,16,1:15,32578,32593,16,1:15,32579,32594,16,1:15,,,0,,,,0,,,,0,,,,0,,1,10,15,17,1,,,,
multi_tile,3,476,12,a,3,0,4928,16,32598,32598,32599,,,,32642,32609,32624,16,1:15,32625,32640,16,1:15,32626,32641,16,1:15,,,0,,,,0,,,,0,,,,0,,1,10,15,17,1,,,,
multi_tile,3,477,12,a,3,16,5056,16,32645,32645,32646,,,,32689,32656,32671,16,1:15,32672,32687,16,1:15,32673,32688,16,1:15,,,0,,,,0,,,,0,,,,0,,1,10,15,17,1,,,,
multi_tile,3,478,12,a,4,0,5184,16,32692,32692,32693,,,,32736,32703,32718,16,1:15,32719,32734,16,1:15,32720,32735,16,1:15,,,0,,,,0,,,,0,,,,0,,1,10,15,17,1,,,,
multi_tile,3,479,12,a,4,16,5312,16,32739,32739,32740,,,,32783,32750,32765,16,1:15,32766,32781,16,1:15,32767,32782,16,1:15,,,0,,,,0,,,,0,,,,0,,1,10,15,17,1,,,,
multi_tile,3,480,12,a,5,0,5440,16,32786,32786,32787,,,,32830,32797,32812,16,1:15,32813,32828,16,1:15,32814,32829,16,1:15,,,0,,,,0,,,,0,,,,0,,1,10,15,17,1,,,,
multi_tile,3,481,12,a,5,16,5568,16,32833,32833,32834,,,,32877,32844,32859,16,1:15,32860,32875,16,1:15,32861,32876,16,1:15,,,0,,,,0,,,,0,,,,0,,1,10,15,17,1,,,,
multi_tile,3,482,12,a,6,0,5696,16,32880,32880,32881,,,,32924,32891,32906,16,1:15,32907,32922,16,1:15,32908,32923,16,1:15,,,0,,,,0,,,,0,,,,0,,1,10,15,17,1,,,,
multi_tile,3,483,12,a,6,16,5824,16,32927,32927,32928,,,,32971,32938,32953,16,1:15,32954,32969,16,1:15,32955,32970,16,1:15,,,0,,,,0,,,,0,,,,0,,1,10,15,17,1,,,,
multi_tile,3,484,12,a,7,0,5952,16,32974,32974,32975,,,,33018,32985,33000,16,1:15,33001,33016,16,1:15,33002,33017,16,1:15,,,0,,,,0,,,,0,,,,0,,1,10,15,17,1,,,,
multi_tile,3,485,12,a,7,16,6080,16,33021,33021,33022,,,,33065,33032,33047,16,1:15,33048,33063,16,1:15,33049,33064,16,1:15,,,0,,,,0,,,,0,,,,0,,1,10,15,17,1,,,,
multi_tile,3,486,12,bt,0,0,12736,16,33073,33073,33074,,,,33117,33084,33099,16,1:15,33100,33115,16,1:15,33101,33116,16,1:15,,,0,,,,0,,,,0,,,,0,,1,10,15,17,1,,,,
multi_tile,3,487,12,bt,0,16,12864,16,33120,33120,33121,,,,33164,33131,33146,16,1:15,33147,33162,16,1:15,33148,33163,16,1:15,,,0,,,,0,,,,0,,,,0,,1,10,15,17,1,,,,
multi_tile,3,488,12,bt,1,0,12992,16,33167,33167,33168,,,,33211,33178,33193,16,1:15,33194,33209,16,1:15,33195,33210,16,1:15,,,0,,,,0,,,,0,,,,0,,1,10,15,17,1,,,,
multi_tile,3,489,12,bt,1,16,13120,16,33214,33214,33215,,,,33258,33225,33240,16,1:15,33241,33256,16,1:15,33242,33257,16,1:15,,,0,,,,0,,,,0,,,,0,,1,10,15,17,1,,,,
multi_tile,3,490,12,bt,2,0,13248,16,33261,33261,33262,,,,33305,33272,33287,16,1:15,33288,33303,16,1:15,33289,33304,16,1:15,,,0,,,,0,,,,0,,,,0,,1,10,15,17,1,,,,
multi_tile,3,491,12,bt,2,16,13376,16,33308,33308,33309,,,,33352,33319,33334,16,1:15,33335,33350,16,1:15,33336,33351,16,1:15,,,0,,,,0,,,,0,,,,0,,1,10,15,17,1,,,,
multi_tile,3,492,12,bt,3,0,13504,16,33355,33355,33356,,,,33399,33366,33381,16,1:15,33382,33397,16,1:15,33383,33398,16,1:15,,,0,,,,0,,,,0,,,,0,,1,10,15,17,1,,,,
multi_tile,3,493,12,bt,3,16,13632,16,33402,33402,33403,,,,33446,33413,33428,16,1:15,33429,33444,16,1:15,33430,33445,16,1:15,,,0,,,,0,,,,0,,,,0,,1,10,15,17,1,,,,
multi_tile,3,494,12,bt,4,0,13760,16,33449,33449,33450,,,,33493,33460,33475,16,1:15,33476,33491,16,1:15,33477,33492,16,1:15,,,0,,,,0,,,,0,,,,0,,1,10,15,17,1,,,,
multi_tile,3,495,12,bt,4,16,13888,16,33496,33496,33497,,,,33540,33507,33522,16,1:15,33523,33538,16,1:15,33524,33539,16,1:15,,,0,,,,0,,,,0,,,,0,,1,10,15,17,1,,,,
multi_tile,3,496,12,bt,5,0,14016,16,33543,33543,33544,,,,33587,33554,33569,16,1:15,33570,33585,16,1:15,33571,33586,16,1:15,,,0,,,,0,,,,0,,,,0,,1,10,15,17,1,,,,
multi_tile,3,497,12,bt,5,16,14144,16,33590,33590,33591,,,,33634,33601,33616,16,1:15,33617,33632,16,1:15,33618,33633,16,1:15,,,0,,,,0,,,,0,,,,0,,1,10,15,17,1,,,,
multi_tile,3,498,12,bt,6,0,14272,16,33637,33637,33638,,,,33681,33648,33663,16,1:15,33664,33679,16,1:15,33665,33680,16,1:15,,,0,,,,0,,,,0,,,,0,,1,10,15,17,1,,,,
multi_tile,3,499,12,bt,6,16,14400,16,33684,33684,33685,,,,33728,33695,33710,16,1:15,33711,33726,16,1:15,33712,33727,16,1:15,,,0,,,,0,,,,0,,,,0,,1,10,15,17,1,,,,
multi_tile,3,500,12,bt,7,0,14528,16,33731,33731,33732,,,,33775,33742,33757,16,1:15,33758,33773,16,1:15,33759,33774,16,1:15,,,0,,,,0,,,,0,,,,0,,1,10,15,17,1,,,,
multi_tile,3,501,12,bt,7,16,14656,16,33778,33778,33779,,,,33822,33789,33804,16,1:15,33805,33820,16,1:15,33806,33821,16,1:15,,,0,,,,0,,,,0,,,,0,,1,10,15,17,1,,,,
multi_tile,3,502,12,c,0,0,20864,4,34916,34916,,34933,34932,34944,34945,,,0,,,,0,,,,0,,34917,34929,4,4:3,34919,34931,4,4:3,34920,34932,4,4:3,34933,34936,4,1:3,,,,,,16,4,8,1
multi_tile,3,503,12,c,1,0,21056,4,34948,34948,,34965,34964,34976,34977,,,0,,,,0,,,,0,,34949,34961,4,4:3,34951,34963,4,4:3,34952,34964,4,4:3,34965,34968,4,1:3,,,,,,16,4,8,1
multi_tile,3,504,12,c,2,0,21248,4,34980,34980,,34997,34996,35008,35009,,,0,,,,0,,,,0,,34981,34993,4,4:3,34983,34995,4,4:3,34984,34996,4,4:3,34997,35000,4,1:3,,,,,,16,4,8,1
multi_tile,3,505,12,c,3,0,21440,4,35012,35012,,35029,35028,35040,35041,,,0,,,,0,,,,0,,35013,35025,4,4:3,35015,35027,4,4:3,35016,35028,4,4:3,35029,35032,4,1:3,,,,,,16,4,8,1
multi_tile,3,506,12,c,4,0,21632,4,35044,35044,,35061,35060,35072,35073,,,0,,,,0,,,,0,,35045,35057,4,4:3,35047,35059,4,4:3,35048,35060,4,4:3,35061,35064,4,1:3,,,,,,16,4,8,1
multi_tile,3,507,12,c,5,0,21824,4,35076,35076,,35093,35092,35104,35105,,,0,,,,0,,,,0,,35077,35089,4,4:3,35079,35091,4,4:3,35080,35092,4,4:3,35093,35096,4,1:3,,,,,,16,4,8,1
multi_tile,3,508,12,c,6,0,22016,4,35108,35108,,35125,35124,35136,35137,,,0,,,,0,,,,0,,35109,35121,4,4:3,35111,35123,4,4:3,35112,35124,4,4:3,35125,35128,4,1:3,,,,,,16,4,8,1
multi_tile,3,509,12,c,7,0,22208,4,35140,35140,,35157,35156,35168,35169,,,0,,,,0,,,,0,,35141,35153,4,4:3,35143,35155,4,4:3,35144,35156,4,4:3,35157,35160,4,1:3,,,,,,16,4,8,1
multi_tile,3,510,13,a,0,0,4160,16,35178,35178,35179,,,,35222,35189,35204,16,1:15,35205,35220,16,1:15,35206,35221,16,1:15,,,0,,,,0,,,,0,,,,0,,1,10,15,17,1,,,,
multi_tile,3,511,13,a,0,16,4288,16,35225,35225,35226,,,,35269,35236,35251,16,1:15,35252,35267,16,1:15,35253,35268,16,1:15,,,0,,,,0,,,,0,,,,0,,1,10,15,17,1,,,,
multi_tile,3,512,13,a,1,0,4416,16,35272,35272,35273,,,,35316,35283,35298,16,1:15,35299,35314,16,1:15,35300,35315,16,1:15,,,0,,,,0,,,,0,,,,0,,1,10,15,17,1,,,,
multi_tile,3,513,13,a,1,16,4544,16,35319,35319,35320,,,,35363,35330,35345,16,1:15,35346,35361,16,1:15,35347,35362,16,1:15,,,0,,,,0,,,,0,,,,0,,1,10,15,17,1,,,,
multi_tile,3,514,13,a,2,0,4672,16,35366,35366,35367,,,,35410,35377,35392,16,1:15,35393,35408,16,1:15,35394,35409,16,1:15,,,0,,,,0,,,,0,,,,0,,1,10,15,17,1,,,,
multi_tile,3,515,13,a,2,16,4800,16,35413,35413,35414,,,,35457,35424,35439,16,1:15,35440,35455,16,1:15,35441,35456,16,1:15,,,0,,,,0,,,,0,,,,0,,1,10,15,17,1,,,,
multi_tile,3,516,13,a,3,0,4928,16,35460,35460,35461,,,,35504,35471,35486,16,1:15,35487,35502,16,1:15,35488,35503,16,1:15,,,0,,,,0,,,,0,,,,0,,1,10,15,17,1,,,,
multi_tile,3,517,13,a,3,16,5056,16,35507,35507,35508,,,,35551,35518,35533,16,1:15,35534,35549,16,1:15,35535,35550,16,1:15,,,0,,,,0,,,,0,,,,0,,1,10,15,17,1,,,,
multi_tile,3,518,13,a,4,0,5184,16,35554,35554,35555,,,,35598,35565,35580,16,1:15,35581,35596,16,1:15,35582,35597,16,1:15,,,0,,,,0,,,,0,,,,0,,1,10,15,17,1,,,,
multi_tile,3,519,13,a,4,16,5312,16,35601,35601,35602,,,,35645,35612,35627,16,1:15,35628,35643,16,1:15,35629,35644,16,1:15,,,0,,,,0,,,,0,,,,0,,1,10,15,17,1,,,,
multi_tile,3,520,13,a,5,0,5440,16,35648,35648,35649,,,,35692,35659,35674,16,1:15,35675,35690,16,1:15,35676,35691,16,1:15,,,0,,,,0,,,,0,,,,0,,1,10,15,17,1,,,,
multi_tile,3,521,13,a,5,16,5568,16,35695,35695,35696,,,,35739,35706,35721,16,1:15,35722,35737,16,1:15,35723,35738,16,1:15,,,0,,,,0,,,,0,,,,0,,1,10,15,17,1,,,,
multi_tile,3,522,13,a,6,0,5696,16,35742,35742,35743,,,,35786,35753,35768,16,1:15,35769,35784,16,1:15,35770,35785,16,1:15,,,0,,,,0,,,,0,,,,0,,1,10,15,17,1,,,,
multi_tile,3,523,13,a,6,16,5824,16,35789,35789,35790,,,,35833,35800,35815,16,1:15,35816,35831,16,1:15,35817,35832,16,1:15,,,0,,,,0,,,,0,,,,0,,1,10,15,17,1,,,,
multi_tile,3,524,13,a,7,0,5952,16,35836,35836,35837,,,,35880,35847,35862,16,1:15,35863,35878,16,1:15,35864,35879,16,1:15,,,0,,,,0,,,,0,,,,0,,1,10,15,17,1,,,,
multi_tile,3,525,13,a,7,16,6080,16,35883,35883,35884,,,,35927,35894,35909,16,1:15,35910,35925,16,1:15,35911,35926,16,1:15,,,0,,,,0,,,,0,,,,0,,1,10,15,17,1,,,,
multi_tile,3,526,13,bt,0,0,14784,16,35935,35935,35936,,,,35979,35946,35961,16,1:15,35962,35977,16,1:15,35963,35978,16,1:15,,,0,,,,0,,,,0,,,,0,,1,10,15,17,1,,,,
multi_tile,3,527,13,bt,0,16,14912,16,35982,35982,35983,,,,36026,35993,36008,16,1:15,36009,36024,16,1:15,36010,36025,16,1:15,,,0,,,,0,,,,0,,,,0,,1,10,15,17,1,,,,
multi_tile,3,528,13,bt,1,0,15040,16,36029,36029,36030,,,,36073,36040,36055,16,1:15,36056,36071,16,1:15,36057,36072,16,1:15,,,0,,,,0,,,,0,,,,0,,1,10,15,17,1,,,,
multi_tile,3,529,13,bt,1,16,15168,16,36076,36076,36077,,,,36120,36087,36102,16,1:15,36103,36118,16,1:15,36104,36119,16,1:15,,,0,,,,0,,,,0,,,,0,,1,10,15,17,1,,,,
multi_tile,3,530,13,bt,2,0,15296,16,36123,36123,36124,,,,36167,36134,36149,16,1:15,36150,36165,16,1:15,36151,36166,16,1:15,,,0,,,,0,,,,0,,,,0,,1,10,15,17,1,,,,
multi_tile,3,531,13,bt,2,16,15424,16,36170,36170,36171,,,,36214,36181,36196,16,1:15,36197,36212,16,1:15,36198,36213,16,1:15,,,0,,,,0,,,,0,,,,0,,1,10,15,17,1,,,,
multi_tile,3,532,13,bt,3,0,15552,16,36217,36217,36218,,,,36261,36228,36243,16,1:15,36244,36259,16,1:15,36245,36260,16,1:15,,,0,,,,0,,,,0,,,,0,,1,10,15,17,1,,,,
multi_tile,3,533,13,bt,3,16,15680,16,36264,36264,36265,,,,36308,36275,36290,16,1:15,36291,36306,16,1:15,36292,36307,16,1:15,,,0,,,,0,,,,0,,,,0,,1,10,15,17,1,,,,
multi_tile,3,534,13,bt,4,0,15808,16,36311,36311,36312,,,,36355,36322,36337,16,1:15,36338,36353,16,1:15,36339,36354,16,1:15,,,0,,,,0,,,,0,,,,0,,1,10,15,17,1,,,,
multi_tile,3,535,13,bt,4,16,15936,16,36358,36358,36359,,,,36402,36369,36384,16,1:15,36385,36400,16,1:15,36386,36401,16,1:15,,,0,,,,0,,,,0,,,,0,,1,10,15,17,1,,,,
multi_tile,3,536,13,bt,5,0,16064,16,36405,36405,36406,,,,36449,36416,36431,16,1:15,36432,36447,16,1:15,36433,36448,16,1:15,,,0,,,,0,,,,0,,,,0,,1,10,15,17,1,,,,
multi_tile,3,537,13,bt,5,16,16192,16,36452,36452,36453,,,,36496,36463,36478,16,1:15,36479,36494,16,1:15,36480,36495,16,1:15,,,0,,,,0,,,,0,,,,0,,1,10,15,17,1,,,,
multi_tile,3,538,13,bt,6,0,16320,8,36499,36499,36500,,,,36527,36510,36517,8,1:7,36518,36525,8,1:7,36519,36526,8,1:7,,,0,,,,0,,,,0,,,,0,,1,10,7,9,1,,,,
multi_tile,3,539,13,bt,6,8,16384,16,36530,36530,36531,,,,36574,36541,36556,16,1:15,36557,36572,16,1:15,36558,36573,16,1:15,,,0,,,,0,,,,0,,,,0,,1,10,15,17,1,,,,
multi_tile,3,540,13,bt,6,24,16512,8,36577,36577,36578,,,,36605,36588,36595,8,1:7,36596,36603,8,1:7,36597,36604,8,1:7,,,0,,,,0,,,,0,,,,0,,1,10,7,9,1,,,,
multi_tile,3,541,13,bt,7,0,16576,16,36608,36608,36609,,,,36652,36619,36634,16,1:15,36635,36650,16,1:15,36636,36651,16,1:15,,,0,,,,0,,,,0,,,,0,,1,10,15,17,1,,,,
multi_tile,3,542,13,bt,7,16,16704,16,36655,36655,36656,,,,36699,36666,36681,16,1:15,36682,36697,16,1:15,36683,36698,16,1:15,,,0,,,,0,,,,0,,,,0,,1,10,15,17,1,,,,
multi_tile,3,543,13,c,0,0,20896,4,37793,37793,,37810,37809,37821,37822,,,0,,,,0,,,,0,,37794,37806,4,4:3,37796,37808,4,4:3,37797,37809,4,4:3,37810,37813,4,1:3,,,,,,16,4,8,1
multi_tile,3,544,13,c,1,0,21088,4,37825,37825,,37842,37841,37853,37854,,,0,,,,0,,,,0,,37826,37838,4,4:3,37828,37840,4,4:3,37829,37841,4,4:3,37842,37845,4,1:3,,,,,,16,4,8,1
multi_tile,3,545,13,c,2,0,21280,4,37857,37857,,37874,37873,37885,37886,,,0,,,,0,,,,0,,37858,37870,4,4:3,37860,37872,4,4:3,37861,37873,4,4:3,37874,37877,4,1:3,,,,,,16,4,8,1
multi_tile,3,546,13,c,3,0,21472,4,37889,37889,,37906,37905,37917,37918,,,0,,,,0,,,,0,,37890,37902,4,4:3,37892,37904,4,4:3,37893,37905,4,4:3,37906,37909,4,1:3,,,,,,16,4,8,1
multi_tile,3,547,13,c,4,0,21664,4,37921,37921,,37938,37937,37949,37950,,,0,,,,0,,,,0,,37922,37934,4,4:3,37924,37936,4,4:3,37925,37937,4,4:3,37938,37941,4,1:3,,,,,,16,4,8,1
multi_tile,3,548,13,c,5,0,21856,4,37953,37953,,37970,37969,37981,37982,,,0,,,,0,,,,0,,37954,37966,4,4:3,37956,37968,4,4:3,37957,37969,4,4:3,37970,37973,4,1:3,,,,,,16,4,8,1
multi_tile,3,549,13,c,6,0,22048,4,37985,37985,,38002,38001,38013,38014,,,0,,,,0,,,,0,,37986,37998,4,4:3,37988,38000,4,4:3,37989,38001,4,4:3,38002,38005,4,1:3,,,,,,16,4,8,1
multi_tile,3,550,13,c,7,0,22240,4,38017,38017,,38034,38033,38045,38046,,,0,,,,0,,,,0,,38018,38030,4,4:3,38020,38032,4,4:3,38021,38033,4,4:3,38034,38037,4,1:3,,,,,,16,4,8,1
multi_tile,3,551,14,a,0,0,4160,16,38055,38055,38056,,,,38099,38066,38081,16,1:15,38082,38097,16,1:15,38083,38098,16,1:15,,,0,,,,0,,,,0,,,,0,,1,10,15,17,1,,,,
multi_tile,3,552,14,a,0,16,4288,16,38102,38102,38103,,,,38146,38113,38128,16,1:15,38129,38144,16,1:15,38130,38145,16,1:15,,,0,,,,0,,,,0,,,,0,,1,10,15,17,1,,,,
multi_tile,3,553,14,a,1,0,4416,16,38149,38149,38150,,,,38193,38160,38175,16,1:15,38176,38191,16,1:15,38177,38192,16,1:15,,,0,,,,0,,,,0,,,,0,,1,10,15,17,1,,,,
multi_tile,3,554,14,a,1,16,4544,16,38196,38196,38197,,,,38240,38207,38222,16,1:15,38223,38238,16,1:15,38224,38239,16,1:15,,,0,,,,0,,,,0,,,,0,,1,10,15,17,1,,,,
multi_tile,3,555,14,a,2,0,4672,16,38243,38243,38244,,,,38287,38254,38269,16,1:15,38270,38285,16,1:15,38271,38286,16,1:15,,,0,,,,0,,,,0,,,,0,,1,10,15,17,1,,,,
multi_tile,3,556,14,a,2,16,4800,16,38290,38290,38291,,,,38334,38301,38316,16,1:15,38317,38332,16,1:15,38318,38333,16,1:15,,,0,,,,0,,,,0,,,,0,,1,10,15,17,1,,,,
multi_tile,3,557,14,a,3,0,4928,16,38337,38337,38338,,,,38381,38348,38363,16,1:15,38364,38379,16,1:15,38365,38380,16,1:15,,,0,,,,0,,,,0,,,,0,,1,10,15,17,1,,,,
multi_tile,3,558,14,a,3,16,5056,16,38384,38384,38385,,,,38428,38395,38410,16,1:15,38411,38426,16,1:15,38412,38427,16,1:15,,,0,,,,0,,,,0,,,,0,,1,10,15,17,1,,,,
multi_tile,3,559,14,a,4,0,5184,16,38431,38431,38432,,,,38475,38442,38457,16,1:15,38458,38473,16,1:15,38459,38474,16,1:15,,,0,,,,0,,,,0,,,,0,,1,10,15,17,1,,,,
multi_tile,3,560,14,a,4,16,5312,16,38478,38478,38479,,,,38522,38489,38504,16,1:15,38505,38520,16,1:15,38506,38521,16,1:15,,,0,,,,0,,,,0,,,,0,,1,10,15,17,1,,,,
multi_tile,3,561,14,a,5,0,5440,16,38525,38525,38526,,,,38569,38536,38551,16,1:15,38552,38567,16,1:15,38553,38568,16,1:15,,,0,,,,0,,,,0,,,,0,,1,10,15,17,1,,,,
multi_tile,3,562,14,a,5,16,5568,16,38572,38572,38573,,,,38616,38583,38598,16,1:15,38599,38614,16,1:15,38600,38615,16,1:15,,,0,,,,0,,,,0,,,,0,,1,10,15,17,1,,,,
multi_tile,3,563,14,a,6,0,5696,16,38619,38619,38620,,,,38663,38630,38645,16,1:15,38646,38661,16,1:15,38647,38662,16,1:15,,,0,,,,0,,,,0,,,,0,,1,10,15,17,1,,,,
multi_tile,3,564,14,a,6,16,5824,16,38666,38666,38667,,,,38710,38677,38692,16,1:15,38693,38708,16,1:15,38694,38709,16,1:15,,,0,,,,0,,,,0,,,,0,,1,10,15,17,1,,,,
multi_tile,3,565,14,a,7,0,5952,16,38713,38713,38714,,,,38757,38724,38739,16,1:15,38740,38755,16,1:15,38741,38756,16,1:15,,,0,,,,0,,,,0,,,,0,,1,10,15,17,1,,,,
multi_tile,3,566,14,a,7,16,6080,16,38760,38760,38761,,,,38804,38771,38786,16,1:15,38787,38802,16,1:15,38788,38803,16,1:15,,,0,,,,0,,,,0,,,,0,,1,10,15,17,1,,,,
multi_tile,3,567,14,bt,0,0,16832,16,38812,38812,38813,,,,38856,38823,38838,16,1:15,38839,38854,16,1:15,38840,38855,16,1:15,,,0,,,,0,,,,0,,,,0,,1,10,15,17,1,,,,
multi_tile,3,568,14,bt,0,16,16960,16,38859,38859,38860,,,,38903,38870,38885,16,1:15,38886,38901,16,1:15,38887,38902,16,1:15,,,0,,,,0,,,,0,,,,0,,1,10,15,17,1,,,,
multi_tile,3,569,14,bt,1,0,17088,16,38906,38906,38907,,,,38950,38917,38932,16,1:15,38933,38948,16,1:15,38934,38949,16,1:15,,,0,,,,0,,,,0,,,,0,,1,10,15,17,1,,,,
multi_tile,3,570,14,bt,1,16,17216,16,38953,38953,38954,,,,38997,38964,38979,16,1:15,38980,38995,16,1:15,38981,38996,16,1:15,,,0,,,,0,,,,0,,,,0,,1,10,15,17,1,,,,
multi_tile,3,571,14,bt,2,0,17344,16,39000,39000,39001,,,,39044,39011,39026,16,1:15,39027,39042,16,1:15,39028,39043,16,1:15,,,0,,,,0,,,,0,,,,0,,1,10,15,17,1,,,,
multi_tile,3,572,14,bt,2,16,17472,16,39047,39047,39048,,,,39091,39058,39073,16,1:15,39074,39089,16,1:15,39075,39090,16,1:15,,,0,,,,0,,,,0,,,,0,,1,10,15,17,1,,,,
multi_tile,3,573,14,c,0,0,20928,2,39643,39643,,39652,39651,39661,39662,,,0,,,,0,,,,0,,39644,39648,2,4:1,39646,39650,2,4:1,39647,39651,2,4:1,39652,39653,2,1:1,,,,,,8,2,8,1
multi_tile,3,574,14,c,1,0,21120,2,39665,39665,,39674,39673,39683,39684,,,0,,,,0,,,,0,,39666,39670,2,4:1,39668,39672,2,4:1,39669,39673,2,4:1,39674,39675,2,1:1,,,,,,8,2,8,1
multi_tile,3,575,14,c,2,0,21312,2,39687,39687,,39696,39695,39705,39706,,,0,,,,0,,,,0,,39688,39692,2,4:1,39690,39694,2,4:1,39691,39695,2,4:1,39696,39697,2,1:1,,,,,,8,2,8,1
multi_tile,3,576,14,c,3,0,21504,2,39709,39709,,39718,39717,39727,39728,,,0,,,,0,,,,0,,39710,39714,2,4:1,39712,39716,2,4:1,39713,39717,2,4:1,39718,39719,2,1:1,,,,,,8,2,8,1
multi_tile,3,577,14,c,4,0,21696,2,39731,39731,,39740,39739,39749,39750,,,0,,,,0,,,,0,,39732,39736,2,4:1,39734,39738,2,4:1,39735,39739,2,4:1,39740,39741,2,1:1,,,,,,8,2,8,1
multi_tile,3,578,14,c,5,0,21888,2,39753,39753,,39762,39761,39771,39772,,,0,,,,0,,,,0,,39754,39758,2,4:1,39756,39760,2,4:1,39757,39761,2,4:1,39762,39763,2,1:1,,,,,,8,2,8,1
multi_tile,3,579,14,c,6,0,22080,2,39775,39775,,39784,39783,39793,39794,,,0,,,,0,,,,0,,39776,39780,2,4:1,39778,39782,2,4:1,39779,39783,2,4:1,39784,39785,2,1:1,,,,,,8,2,8,1
multi_tile,3,580,14,c,7,0,22272,2,39797,39797,,39806,39805,39815,39816,,,0,,,,0,,,,0,,39798,39802,2,4:1,39800,39804,2,4:1,39801,39805,2,4:1,39806,39807,2,1:1,,,,,,8,2,8,1
multi_tile,3,581,15,a,0,0,6208,16,39825,39825,39826,,,,39869,39836,39851,16,1:15,39852,39867,16,1:15,39853,39868,16,1:15,,,0,,,,0,,,,0,,,,0,,1,10,15,17,1,,,,
multi_tile,3,582,15,a,0,16,6336,16,39872,39872,39873,,,,39916,39883,39898,16,1:15,39899,39914,16,1:15,39900,39915,16,1:15,,,0,,,,0,,,,0,,,,0,,1,10,15,17,1,,,,
multi_tile,3,583,15,a,1,0,6464,16,39919,39919,39920,,,,39963,39930,39945,16,1:15,39946,39961,16,1:15,39947,39962,16,1:15,,,0,,,,0,,,,0,,,,0,,1,10,15,17,1,,,,
multi_tile,3,584,15,a,1,16,6592,16,39966,39966,39967,,,,40010,39977,39992,16,1:15,39993,40008,16,1:15,39994,40009,16,1:15,,,0,,,,0,,,,0,,,,0,,1,10,15,17,1,,,,
multi_tile,3,585,15,a,2,0,6720,16,40013,40013,40014,,,,40057,40024,40039,16,1:15,40040,40055,16,1:15,40041,40056,16,1:15,,,0,,,,0,,,,0,,,,0,,1,10,15,17,1,,,,
multi_tile,3,586,15,a,2,16,6848,16,40060,40060,40061,,,,40104,40071,40086,16,1:15,40087,40102,16,1:15,40088,40103,16,1:15,,,0,,,,0,,,,0,,,,0,,1,10,15,17,1,,,,
multi_tile,3,587,15,a,3,0,6976,16,40107,40107,40108,,,,40151,40118,40133,16,1:15,40134,40149,16,1:15,40135,40150,16,1:15,,,0,,,,0,,,,0,,,,0,,1,10,15,17,1,,,,
multi_tile,3,588,15,a,3,16,7104,16,40154,40154,40155,,,,40198,40165,40180,16,1:15,40181,40196,16,1:15,40182,40197,16,1:15,,,0,,,,0,,,,0,,,,0,,1,10,15,17,1,,,,
multi_tile,3,589,15,a,4,0,7232,16,40201,40201,40202,,,,40245,40212,40227,16,1:15,40228,40243,16,1:15,40229,40244,16,1:15,,,0,,,,0,,,,0,,,,0,,1,10,15,17,1,,,,
multi_tile,3,590,15,a,4,16,7360,16,40248,40248,40249,,,,40292,40259,40274,16,1:15,40275,40290,16,1:15,40276,40291,16,1:15,,,0,,,,0,,,,0,,,,0,,1,10,15,17,1,,,,
multi_tile,3,591,15,a,5,0,7488,16,40295,40295,40296,,,,40339,40306,40321,16,1:15,40322,40337,16,1:15,40323,40338,16,1:15,,,0,,,,0,,,,0,,,,0,,1,10,15,17,1,,,,
multi_tile,3,592,15,a,5,16,7616,16,40342,40342,40343,,,,40386,40353,40368,16,1:15,40369,40384,16,1:15,40370,40385,16,1:15,,,0,,,,0,,,,0,,,,0,,1,10,15,17,1,,,,
multi_tile,3,593,15,a,6,0,7744,16,40389,40389,40390,,,,40433,40400,40415,16,1:15,40416,40431,16,1:15,40417,40432,16,1:15,,,0,,,,0,,,,0,,,,0,,1,10,15,17,1,,,,
multi_tile,3,594,15,a,6,16,7872,16,40436,40436,40437,,,,40480,40447,40462,16,1:15,40463,40478,16,1:15,40464,40479,16,1:15,,,0,,,,0,,,,0,,,,0,,1,10,15,17,1,,,,
multi_tile,3,595,15,a,7,0,8000,16,40483,40483,40484,,,,40527,40494,40509,16,1:15,40510,40525,16,1:15,40511,40526,16,1:15,,,0,,,,0,,,,0,,,,0,,1,10,15,17,1,,,,
multi_tile,3,596,15,a,7,16,8128,8,40530,40530,40531,,,,40558,40541,40548,8,1:7,40549,40556,8,1:7,40550,40557,8,1:7,,,0,,,,0,,,,0,,,,0,,1,10,7,9,1,,,,
multi_tile,3,597,15,a,7,24,8192,8,40561,40561,40562,,,,40589,40572,40579,8,1:7,40580,40587,8,1:7,40581,40588,8,1:7,,,0,,,,0,,,,0,,,,0,,1,10,7,9,1,,,,
multi_tile,3,598,15,bt,0,0,8640,16,40597,40597,40598,,,,40641,40608,40623,16,1:15,40624,40639,16,1:15,40625,40640,16,1:15,,,0,,,,0,,,,0,,,,0,,1,10,15,17,1,,,,
multi_tile,3,599,15,bt,0,16,8768,16,40644,40644,40645,,,,40688,40655,40670,16,1:15,40671,40686,16,1:15,40672,40687,16,1:15,,,0,,,,0,,,,0,,,,0,,1,10,15,17,1,,,,
multi_tile,3,600,15,bt,1,0,8896,16,40691,40691,40692,,,,40735,40702,40717,16,1:15,40718,40733,16,1:15,40719,40734,16,1:15,,,0,,,,0,,,,0,,,,0,,1,10,15,17,1,,,,
multi_tile,3,601,15,bt,1,16,9024,16,40738,40738,40739,,,,40782,40749,40764,16,1:15,40765,40780,16,1:15,40766,40781,16,1:15,,,0,,,,0,,,,0,,,,0,,1,10,15,17,1,,,,
multi_tile,3,602,15,bt,2,0,9152,16,40785,40785,40786,,,,40829,40796,40811,16,1:15,40812,40827,16,1:15,40813,40828,16,1:15,,,0,,,,0,,,,0,,,,0,,1,10,15,17,1,,,,
multi_tile,3,603,15,bt,2,16,9280,16,40832,40832,40833,,,,40876,40843,40858,16,1:15,40859,40874,16,1:15,40860,40875,16,1:15,,,0,,,,0,,,,0,,,,0,,1,10,15,17,1,,,,
multi_tile,3,604,15,bt,3,0,9408,16,40879,40879,40880,,,,40923,40890,40905,16,1:15,40906,40921,16,1:15,40907,40922,16,1:15,,,0,,,,0,,,,0,,,,0,,1,10,15,17,1,,,,
multi_tile,3,605,15,bt,3,16,9536,16,40926,40926,40927,,,,40970,40937,40952,16,1:15,40953,40968,16,1:15,40954,40969,16,1:15,,,0,,,,0,,,,0,,,,0,,1,10,15,17,1,,,,
multi_tile,3,606,15,bt,4,0,9664,16,40973,40973,40974,,,,41017,40984,40999,16,1:15,41000,41015,16,1:15,41001,41016,16,1:15,,,0,,,,0,,,,0,,,,0,,1,10,15,17,1,,,,
multi_tile,3,607,15,bt,4,16,9792,16,41020,41020,41021,,,,41064,41031,41046,16,1:15,41047,41062,16,1:15,41048,41063,16,1:15,,,0,,,,0,,,,0,,,,0,,1,10,15,17,1,,,,
multi_tile,3,608,15,bt,5,0,9920,16,41067,41067,41068,,,,41111,41078,41093,16,1:15,41094,41109,16,1:15,41095,41110,16,1:15,,,0,,,,0,,,,0,,,,0,,1,10,15,17,1,,,,
multi_tile,3,609,15,bt,5,16,10048,16,41114,41114,41115,,,,41158,41125,41140,16,1:15,41141,41156,16,1:15,41142,41157,16,1:15,,,0,,,,0,,,,0,,,,0,,1,10,15,17,1,,,,
multi_tile,3,610,15,bt,6,0,10176,16,41161,41161,41162,,,,41205,41172,41187,16,1:15,41188,41203,16,1:15,41189,41204,16,1:15,,,0,,,,0,,,,0,,,,0,,1,10,15,17,1,,,,
multi_tile,3,611,15,bt,6,16,10304,16,41208,41208,41209,,,,41252,41219,41234,16,1:15,41235,41250,16,1:15,41236,41251,16,1:15,,,0,,,,0,,,,0,,,,0,,1,10,15,17,1,,,,
multi_tile,3,612,15,bt,7,0,10432,16,41255,41255,41256,,,,41299,41266,41281,16,1:15,41282,41297,16,1:15,41283,41298,16,1:15,,,0,,,,0,,,,0,,,,0,,1,10,15,17,1,,,,
multi_tile,3,613,15,bt,7,16,10560,16,41302,41302,41303,,,,41346,41313,41328,16,1:15,41329,41344,16,1:15,41330,41345,16,1:15,,,0,,,,0,,,,0,,,,0,,1,10,15,17,1,,,,
multi_tile,3,614,15,c,0,0,22336,4,42440,42440,,42457,42456,42468,42469,,,0,,,,0,,,,0,,42441,42453,4,4:3,42443,42455,4,4:3,42444,42456,4,4:3,42457,42460,4,1:3,,,,,,16,4,8,1
multi_tile,3,615,15,c,1,0,22528,4,42472,42472,,42489,42488,42500,42501,,,0,,,,0,,,,0,,42473,42485,4,4:3,42475,42487,4,4:3,42476,42488,4,4:3,42489,42492,4,1:3,,,,,,16,4,8,1
multi_tile,3,616,15,c,2,0,22720,4,42504,42504,,42521,42520,42532,42533,,,0,,,,0,,,,0,,42505,42517,4,4:3,42507,42519,4,4:3,42508,42520,4,4:3,42521,42524,4,1:3,,,,,,16,4,8,1
multi_tile,3,617,15,c,3,0,22912,4,42536,42536,,42553,42552,42564,42565,,,0,,,,0,,,,0,,42537,42549,4,4:3,42539,42551,4,4:3,42540,42552,4,4:3,42553,42556,4,1:3,,,,,,16,4,8,1
multi_tile,3,618,15,c,4,0,23104,4,42568,42568,,42585,42584,42596,42597,,,0,,,,0,,,,0,,42569,42581,4,4:3,42571,42583,4,4:3,42572,42584,4,4:3,42585,42588,4,1:3,,,,,,16,4,8,1
multi_tile,3,619,15,c,5,0,23296,4,42600,42600,,42617,42616,42628,42629,,,0,,,,0,,,,0,,42601,42613,4,4:3,42603,42615,4,4:3,42604,42616,4,4:3,42617,42620,4,1:3,,,,,,16,4,8,1
multi_tile,3,620,15,c,6,0,23488,4,42632,42632,,42649,42648,42660,42661,,,0,,,,0,,,,0,,42633,42645,4,4:3,42635,42647,4,4:3,42636,42648,4,4:3,42649,42652,4,1:3,,,,,,16,4,8,1
multi_tile,3,621,15,c,7,0,23680,4,42664,42664,,42681,42680,42692,42693,,,0,,,,0,,,,0,,42665,42677,4,4:3,42667,42679,4,4:3,42668,42680,4,4:3,42681,42684,4,1:3,,,,,,16,4,8,1
multi_tile,3,622,16,a,0,0,6208,16,42702,42702,42703,,,,42746,42713,42728,16,1:15,42729,42744,16,1:15,42730,42745,16,1:15,,,0,,,,0,,,,0,,,,0,,1,10,15,17,1,,,,
multi_tile,3,623,16,a,0,16,6336,16,42749,42749,42750,,,,42793,42760,42775,16,1:15,42776,42791,16,1:15,42777,42792,16,1:15,,,0,,,,0,,,,0,,,,0,,1,10,15,17,1,,,,
multi_tile,3,624,16,a,1,0,6464,16,42796,42796,42797,,,,42840,42807,42822,16,1:15,42823,42838,16,1:15,42824,42839,16,1:15,,,0,,,,0,,,,0,,,,0,,1,10,15,17,1,,,,
multi_tile,3,625,16,a,1,16,6592,16,42843,42843,42844,,,,42887,42854,42869,16,1:15,42870,42885,16,1:15,42871,42886,16,1:15,,,0,,,,0,,,,0,,,,0,,1,10,15,17,1,,,,
multi_tile,3,626,16,a,2,0,6720,16,42890,42890,42891,,,,42934,42901,42916,16,1:15,42917,42932,16,1:15,42918,42933,16,1:15,,,0,,,,0,,,,0,,,,0,,1,10,15,17,1,,,,
multi_tile,3,627,16,a,2,16,6848,16,42937,42937,42938,,,,42981,42948,42963,16,1:15,42964,42979,16,1:15,42965,42980,16,1:15,,,0,,,,0,,,,0,,,,0,,1,10,15,17,1,,,,
multi_tile,3,628,16,a,3,0,6976,16,42984,42984,42985,,,,43028,42995,43010,16,1:15,43011,43026,16,1:15,43012,43027,16,1:15,,,0,,,,0,,,,0,,,,0,,1,10,15,17,1,,,,
multi_tile,3,629,16,a,3,16,7104,16,43031,43031,43032,,,,43075,43042,43057,16,1:15,43058,43073,16,1:15,43059,43074,16,1:15,,,0,,,,0,,,,0,,,,0,,1,10,15,17,1,,,,
multi_tile,3,630,16,a,4,0,7232,16,43078,43078,43079,,,,43122,43089,43104,16,1:15,43105,43120,16,1:15,43106,43121,16,1:15,,,0,,,,0,,,,0,,,,0,,1,10,15,17,1,,,,
multi_tile,3,631,16,a,4,16,7360,16,43125,43125,43126,,,,43169,43136,43151,16,1:15,43152,43167,16,1:15,43153,43168,16,1:15,,,0,,,,0,,,,0,,,,0,,1,10,15,17,1,,,,
multi_tile,3,632,16,a,5,0,7488,16,43172,43172,43173,,,,43216,43183,43198,16,1:15,43199,43214,16,1:15,43200,43215,16,1:15,,,0,,,,0,,,,0,,,,0,,1,10,15,17,1,,,,
multi_tile,3,633,16,a,5,16,7616,16,43219,43219,43220,,,,43263,43230,43245,16,1:15,43246,43261,16,1:15,43247,43262,16,1:15,,,0,,,,0,,,,0,,,,0,,1,10,15,17,1,,,,
multi_tile,3,634,16,a,6,0,7744,16,43266,43266,43267,,,,43310,43277,43292,16,1:15,43293,43308,16,1:15,43294,43309,16,1:15,,,0,,,,0,,,,0,,,,0,,1,10,15,17,1,,,,
multi_tile,3,635,16,a,6,16,7872,16,43313,43313,43314,,,,43357,43324,43339,16,1:15,43340,43355,16,1:15,43341,43356,16,1:15,,,0,,,,0,,,,0,,,,0,,1,10,15,17,1,,,,
multi_tile,3,636,16,a,7,0,8000,16,43360,43360,43361,,,,43404,43371,43386,16,1:15,43387,43402,16,1:15,43388,43403,16,1:15,,,0,,,,0,,,,0,,,,0,,1,10,15,17,1,,,,
multi_tile,3,637,16,a,7,16,8128,8,43407,43407,43408,,,,43435,43418,43425,8,1:7,43426,43433,8,1:7,43427,43434,8,1:7,,,0,,,,0,,,,0,,,,0,,1,10,7,9,1,,,,
multi_tile,3,638,16,a,7,24,8192,8,43438,43438,43439,,,,43466,43449,43456,8,1:7,43457,43464,8,1:7,43458,43465,8,1:7,,,0,,,,0,,,,0,,,,0,,1,10,7,9,1,,,,
multi_tile,3,639,16,bt,0,0,10688,16,43474,43474,43475,,,,43518,43485,43500,16,1:15,43501,43516,16,1:15,43502,43517,16,1:15,,,0,,,,0,,,,0,,,,0,,1,10,15,17,1,,,,
multi_tile,3,640,16,bt,0,16,10816,16,43521,43521,43522,,,,43565,43532,43547,16,1:15,43548,43563,16,1:15,43549,43564,16,1:15,,,0,,,,0,,,,0,,,,0,,1,10,15,17,1,,,,
multi_tile,3,641,16,bt,1,0,10944,16,43568,43568,43569,,,,43612,43579,43594,16,1:15,43595,43610,16,1:15,43596,43611,16,1:15,,,0,,,,0,,,,0,,,,0,,1,10,15,17,1,,,,
multi_tile,3,642,16,bt,1,16,11072,16,43615,43615,43616,,,,43659,43626,43641,16,1:15,43642,43657,16,1:15,43643,43658,16,1:15,,,0,,,,0,,,,0,,,,0,,1,10,15,17,1,,,,
multi_tile,3,643,16,bt,2,0,11200,16,43662,43662,43663,,,,43706,43673,43688,16,1:15,43689,43704,16,1:15,43690,43705,16,1:15,,,0,,,,0,,,,0,,,,0,,1,10,15,17,1,,,,
multi_tile,3,644,16,bt,2,16,11328,16,43709,43709,43710,,,,43753,43720,43735,16,1:15,43736,43751,16,1:15,43737,43752,16,1:15,,,0,,,,0,,,,0,,,,0,,1,10,15,17,1,,,,
multi_tile,3,645,16,bt,3,0,11456,16,43756,43756,43757,,,,43800,43767,43782,16,1:15,43783,43798,16,1:15,43784,43799,16,1:15,,,0,,,,0,,,,0,,,,0,,1,10,15,17,1,,,,
multi_tile,3,646,16,bt,3,16,11584,16,43803,43803,43804,,,,43847,43814,43829,16,1:15,43830,43845,16,1:15,43831,43846,16,1:15,,,0,,,,0,,,,0,,,,0,,1,10,15,17,1,,,,
multi_tile,3,647,16,bt,4,0,11712,16,43850,43850,43851,,,,43894,43861,43876,16,1:15,43877,43892,16,1:15,43878,43893,16,1:15,,,0,,,,0,,,,0,,,,0,,1,10,15,17,1,,,,
multi_tile,3,648,16,bt,4,16,11840,16,43897,43897,43898,,,,43941,43908,43923,16,1:15,43924,43939,16,1:15,43925,43940,16,1:15,,,0,,,,0,,,,0,,,,0,,1,10,15,17,1,,,,
multi_tile,3,649,16,bt,5,0,11968,16,43944,43944,43945,,,,43988,43955,43970,16,1:15,43971,43986,16,1:15,43972,43987,16,1:15,,,0,,,,0,,,,0,,,,0,,1,10,15,17,1,,,,
multi_tile,3,650,16,bt,5,16,12096,16,43991,43991,43992,,,,44035,44002,44017,16,1:15,44018,44033,16,1:15,44019,44034,16,1:15,,,0,,,,0,,,,0,,,,0,,1,10,15,17,1,,,,
multi_tile,3,651,16,bt,6,0,12224,8,44038,44038,44039,,,,44066,44049,44056,8,1:7,44057,44064,8,1:7,44058,44065,8,1:7,,,0,,,,0,,,,0,,,,0,,1,10,7,9,1,,,,
multi_tile,3,652,16,bt,6,8,12288,16,44069,44069,44070,,,,44113,44080,44095,16,1:15,44096,44111,16,1:15,44097,44112,16,1:15,,,0,,,,0,,,,0,,,,0,,1,10,15,17,1,,,,
multi_tile,3,653,16,bt,6,24,12416,8,44116,44116,44117,,,,44144,44127,44134,8,1:7,44135,44142,8,1:7,44136,44143,8,1:7,,,0,,,,0,,,,0,,,,0,,1,10,7,9,1,,,,
multi_tile,3,654,16,bt,7,0,12480,16,44147,44147,44148,,,,44191,44158,44173,16,1:15,44174,44189,16,1:15,44175,44190,16,1:15,,,0,,,,0,,,,0,,,,0,,1,10,15,17,1,,,,
multi_tile,3,655,16,bt,7,16,12608,16,44194,44194,44195,,,,44238,44205,44220,16,1:15,44221,44236,16,1:15,44222,44237,16,1:15,,,0,,,,0,,,,0,,,,0,,1,10,15,17,1,,,,
multi_tile,3,656,16,c,0,0,22368,4,45332,45332,,45349,45348,45360,45361,,,0,,,,0,,,,0,,45333,45345,4,4:3,45335,45347,4,4:3,45336,45348,4,4:3,45349,45352,4,1:3,,,,,,16,4,8,1
multi_tile,3,657,16,c,1,0,22560,4,45364,45364,,45381,45380,45392,45393,,,0,,,,0,,,,0,,45365,45377,4,4:3,45367,45379,4,4:3,45368,45380,4,4:3,45381,45384,4,1:3,,,,,,16,4,8,1
multi_tile,3,658,16,c,2,0,22752,4,45396,45396,,45413,45412,45424,45425,,,0,,,,0,,,,0,,45397,45409,4,4:3,45399,45411,4,4:3,45400,45412,4,4:3,45413,45416,4,1:3,,,,,,16,4,8,1
multi_tile,3,659,16,c,3,0,22944,4,45428,45428,,45445,45444,45456,45457,,,0,,,,0,,,,0,,45429,45441,4,4:3,45431,45443,4,4:3,45432,45444,4,4:3,45445,45448,4,1:3,,,,,,16,4,8,1
multi_tile,3,660,16,c,4,0,23136,4,45460,45460,,45477,45476,45488,45489,,,0,,,,0,,,,0,,45461,45473,4,4:3,45463,45475,4,4:3,45464,45476,4,4:3,45477,45480,4,1:3,,,,,,16,4,8,1
multi_tile,3,661,16,c,5,0,23328,4,45492,45492,,45509,45508,45520,45521,,,0,,,,0,,,,0,,45493,45505,4,4:3,45495,45507,4,4:3,45496,45508,4,4:3,45509,45512,4,1:3,,,,,,16,4,8,1
multi_tile,3,662,16,c,6,0,23520,4,45524,45524,,45541,45540,45552,45553,,,0,,,,0,,,,0,,45525,45537,4,4:3,45527,45539,4,4:3,45528,45540,4,4:3,45541,45544,4,1:3,,,,,,16,4,8,1
multi_tile,3,663,16,c,7,0,23712,4,45556,45556,,45573,45572,45584,45585,,,0,,,,0,,,,0,,45557,45569,4,4:3,45559,45571,4,4:3,45560,45572,4,4:3,45573,45576,4,1:3,,,,,,16,4,8,1
multi_tile,3,664,17,a,0,0,6208,16,45594,45594,45595,,,,45638,45605,45620,16,1:15,45621,45636,16,1:15,45622,45637,16,1:15,,,0,,,,0,,,,0,,,,0,,1,10,15,17,1,,,,
multi_tile,3,665,17,a,0,16,6336,16,45641,45641,45642,,,,45685,45652,45667,16,1:15,45668,45683,16,1:15,45669,45684,16,1:15,,,0,,,,0,,,,0,,,,0,,1,10,15,17,1,,,,
multi_tile,3,666,17,a,1,0,6464,16,45688,45688,45689,,,,45732,45699,45714,16,1:15,45715,45730,16,1:15,45716,45731,16,1:15,,,0,,,,0,,,,0,,,,0,,1,10,15,17,1,,,,
multi_tile,3,667,17,a,1,16,6592,16,45735,45735,45736,,,,45779,45746,45761,16,1:15,45762,45777,16,1:15,45763,45778,16,1:15,,,0,,,,0,,,,0,,,,0,,1,10,15,17,1,,,,
multi_tile,3,668,17,a,2,0,6720,16,45782,45782,45783,,,,45826,45793,45808,16,1:15,45809,45824,16,1:15,45810,45825,16,1:15,,,0,,,,0,,,,0,,,,0,,1,10,15,17,1,,,,
multi_tile,3,669,17,a,2,16,6848,16,45829,45829,45830,,,,45873,45840,45855,16,1:15,45856,45871,16,1:15,45857,45872,16,1:15,,,0,,,,0,,,,0,,,,0,,1,10,15,17,1,,,,
multi_tile,3,670,17,a,3,0,6976,16,45876,45876,45877,,,,45920,45887,45902,16,1:15,45903,45918,16,1:15,45904,45919,16,1:15,,,0,,,,0,,,,0,,,,0,,1,10,15,17,1,,,,
multi_tile,3,671,17,a,3,16,7104,16,45923,45923,45924,,,,45967,45934,45949,16,1:15,45950,45965,16,1:15,45951,45966,16,1:15,,,0,,,,0,,,,0,,,,0,,1,10,15,17,1,,,,
multi_tile,3,672,17,a,4,0,7232,16,45970,45970,45971,,,,46014,45981,45996,16,1:15,45997,46012,16,1:15,45998,46013,16,1:15,,,0,,,,0,,,,0,,,,0,,1,10,15,17,1,,,,
multi_tile,3,673,17,a,4,16,7360,16,46017,46017,46018,,,,46061,46028,46043,16,1:15,46044,46059,16,1:15,46045,46060,16,1:15,,,0,,,,0,,,,0,,,,0,,1,10,15,17,1,,,,
multi_tile,3,674,17,a,5,0,7488,16,46064,46064,46065,,,,46108,46075,46090,16,1:15,46091,46106,16,1:15,46092,46107,16,1:15,,,0,,,,0,,,,0,,,,0,,1,10,15,17,1,,,,
multi_tile,3,675,17,a,5,16,7616,16,46111,46111,46112,,,,46155,46122,46137,16,1:15,46138,46153,16,1:15,46139,46154,16,1:15,,,0,,,,0,,,,0,,,,0,,1,10,15,17,1,,,,
multi_tile,3,676,17,a,6,0,7744,16,46158,46158,46159,,,,46202,46169,46184,16,1:15,46185,46200,16,1:15,46186,46201,16,1:15,,,0,,,,0,,,,0,,,,0,,1,10,15,17,1,,,,
multi_tile,3,677,17,a,6,16,7872,16,46205,46205,46206,,,,46249,46216,46231,16,1:15,46232,46247,16,1:15,46233,46248,16,1:15,,,0,,,,0,,,,0,,,,0,,1,10,15,17,1,,,,
multi_tile,3,678,17,a,7,0,8000,16,46252,46252,46253,,,,46296,46263,46278,16,1:15,46279,46294,16,1:15,46280,46295,16,1:15,,,0,,,,0,,,,0,,,,0,,1,10,15,17,1,,,,
multi_tile,3,679,17,a,7,16,8128,8,46299,46299,46300,,,,46327,46310,46317,8,1:7,46318,46325,8,1:7,46319,46326,8,1:7,,,0,,,,0,,,,0,,,,0,,1,10,7,9,1,,,,
multi_tile,3,680,17,a,7,24,8192,8,46330,46330,46331,,,,46358,46341,46348,8,1:7,46349,46356,8,1:7,46350,46357,8,1:7,,,0,,,,0,,,,0,,,,0,,1,10,7,9,1,,,,
multi_tile,3,681,17,bt,0,0,12736,16,46366,46366,46367,,,,46410,46377,46392,16,1:15,46393,46408,16,1:15,46394,46409,16,1:15,,,0,,,,0,,,,0,,,,0,,1,10,15,17,1,,,,
multi_tile,3,682,17,bt,0,16,12864,16,46413,46413,46414,,,,46457,46424,46439,16,1:15,46440,46455,16,1:15,46441,46456,16,1:15,,,0,,,,0,,,,0,,,,0,,1,10,15,17,1,,,,
multi_tile,3,683,17,bt,1,0,12992,16,46460,46460,46461,,,,46504,46471,46486,16,1:15,46487,46502,16,1:15,46488,46503,16,1:15,,,0,,,,0,,,,0,,,,0,,1,10,15,17,1,,,,
multi_tile,3,684,17,bt,1,16,13120,16,46507,46507,46508,,,,46551,46518,46533,16,1:15,46534,46549,16,1:15,46535,46550,16,1:15,,,0,,,,0,,,,0,,,,0,,1,10,15,17,1,,,,
multi_tile,3,685,17,bt,2,0,13248,16,46554,46554,46555,,,,46598,46565,46580,16,1:15,46581,46596,16,1:15,46582,46597,16,1:15,,,0,,,,0,,,,0,,,,0,,1,10,15,17,1,,,,
multi_tile,3,686,17,bt,2,16,13376,16,46601,46601,46602,,,,46645,46612,46627,16,1:15,46628,46643,16,1:15,46629,46644,16,1:15,,,0,,,,0,,,,0,,,,0,,1,10,15,17,1,,,,
multi_tile,3,687,17,bt,3,0,13504,16,46648,46648,46649,,,,46692,46659,46674,16,1:15,46675,46690,16,1:15,46676,46691,16,1:15,,,0,,,,0,,,,0,,,,0,,1,10,15,17,1,,,,
multi_tile,3,688,17,bt,3,16,13632,16,46695,46695,46696,,,,46739,46706,46721,16,1:15,46722,46737,16,1:15,46723,46738,16,1:15,,,0,,,,0,,,,0,,,,0,,1,10,15,17,1,,,,
multi_tile,3,689,17,bt,4,0,13760,16,46742,46742,46743,,,,46786,46753,46768,16,1:15,46769,46784,16,1:15,46770,46785,16,1:15,,,0,,,,0,,,,0,,,,0,,1,10,15,17,1,,,,
multi_tile,3,690,17,bt,4,16,13888,16,46789,46789,46790,,,,46833,46800,46815,16,1:15,46816,46831,16,1:15,46817,46832,16,1:15,,,0,,,,0,,,,0,,,,0,,1,10,15,17,1,,,,
multi_tile,3,691,17,bt,5,0,14016,16,46836,46836,46837,,,,46880,46847,46862,16,1:15,46863,46878,16,1:15,46864,46879,16,1:15,,,0,,,,0,,,,0,,,,0,,1,10,15,17,1,,,,
multi_tile,3,692,17,bt,5,16,14144,16,46883,46883,46884,,,,46927,46894,46909,16,1:15,46910,46925,16,1:15,46911,46926,16,1:15,,,0,,,,0,,,,0,,,,0,,1,10,15,17,1,,,,
multi_tile,3,693,17,bt,6,0,14272,16,46930,46930,46931,,,,46974,46941,46956,16,1:15,46957,46972,16,1:15,46958,46973,16,1:15,,,0,,,,0,,,,0,,,,0,,1,10,15,17,1,,,,
multi_tile,3,694,17,bt,6,16,14400,16,46977,46977,46978,,,,47021,46988,47003,16,1:15,47004,47019,16,1:15,47005,47020,16,1:15,,,0,,,,0,,,,0,,,,0,,1,10,15,17,1,,,,
multi_tile,3,695,17,bt,7,0,14528,16,47024,47024,47025,,,,47068,47035,47050,16,1:15,47051,47066,16,1:15,47052,47067,16,1:15,,,0,,,,0,,,,0,,,,0,,1,10,15,17,1,,,,
multi_tile,3,696,17,bt,7,16,14656,16,47071,47071,47072,,,,47115,47082,47097,16,1:15,47098,47113,16,1:15,47099,47114,16,1:15,,,0,,,,0,,,,0,,,,0,,1,10,15,17,1,,,,
multi_tile,3,697,17,c,0,0,22400,4,48209,48209,,48226,48225,48237,48238,,,0,,,,0,,,,0,,48210,48222,4,4:3,48212,48224,4,4:3,48213,48225,4,4:3,48226,48229,4,1:3,,,,,,16,4,8,1
multi_tile,3,698,17,c,1,0,22592,4,48241,48241,,48258,48257,48269,48270,,,0,,,,0,,,,0,,48242,48254,4,4:3,48244,48256,4,4:3,48245,48257,4,4:3,48258,48261,4,1:3,,,,,,16,4,8,1
multi_tile,3,699,17,c,2,0,22784,4,48273,48273,,48290,48289,48301,48302,,,0,,,,0,,,,0,,48274,48286,4,4:3,48276,48288,4,4:3,48277,48289,4,4:3,48290,48293,4,1:3,,,,,,16,4,8,1
multi_tile,3,700,17,c,3,0,22976,4,48305,48305,,48322,48321,48333,48334,,,0,,,,0,,,,0,,48306,48318,4,4:3,48308,48320,4,4:3,48309,48321,4,4:3,48322,48325,4,1:3,,,,,,16,4,8,1
multi_tile,3,701,17,c,4,0,23168,4,48337,48337,,48354,48353,48365,48366,,,0,,,,0,,,,0,,48338,48350,4,4:3,48340,48352,4,4:3,48341,48353,4,4:3,48354,48357,4,1:3,,,,,,16,4,8,1
multi_tile,3,702,17,c,5,0,23360,4,48369,48369,,48386,48385,48397,48398,,,0,,,,0,,,,0,,48370,48382,4,4:3,48372,48384,4,4:3,48373,48385,4,4:3,48386,48389,4,1:3,,,,,,16,4,8,1
multi_tile,3,703,17,c,6,0,23552,4,48401,48401,,48418,48417,48429,48430,,,0,,,,0,,,,0,,48402,48414,4,4:3,48404,48416,4,4:3,48405,48417,4,4:3,48418,48421,4,1:3,,,,,,16,4,8,1
multi_tile,3,704,17,c,7,0,23744,4,48433,48433,,48450,48449,48461,48462,,,0,,,,0,,,,0,,48434,48446,4,4:3,48436,48448,4,4:3,48437,48449,4,4:3,48450,48453,4,1:3,,,,,,16,4,8,1
multi_tile,3,705,18,a,0,0,6208,16,48471,48471,48472,,,,48515,48482,48497,16,1:15,48498,48513,16,1:15,48499,48514,16,1:15,,,0,,,,0,,,,0,,,,0,,1,10,15,17,1,,,,
multi_tile,3,706,18,a,0,16,6336,16,48518,48518,48519,,,,48562,48529,48544,16,1:15,48545,48560,16,1:15,48546,48561,16,1:15,,,0,,,,0,,,,0,,,,0,,1,10,15,17,1,,,,
multi_tile,3,707,18,a,1,0,6464,16,48565,48565,48566,,,,48609,48576,48591,16,1:15,48592,48607,16,1:15,48593,48608,16,1:15,,,0,,,,0,,,,0,,,,0,,1,10,15,17,1,,,,
multi_tile,3,708,18,a,1,16,6592,16,48612,48612,48613,,,,48656,48623,48638,16,1:15,48639,48654,16,1:15,48640,48655,16,1:15,,,0,,,,0,,,,0,,,,0,,1,10,15,17,1,,,,
multi_tile,3,709,18,a,2,0,6720,16,48659,48659,48660,,,,48703,48670,48685,16,1:15,48686,48701,16,1:15,48687,48702,16,1:15,,,0,,,,0,,,,0,,,,0,,1,10,15,17,1,,,,
multi_tile,3,710,18,a,2,16,6848,16,48706,48706,48707,,,,48750,48717,48732,16,1:15,48733,48748,16,1:15,48734,48749,16,1:15,,,0,,,,0,,,,0,,,,0,,1,10,15,17,1,,,,
multi_tile,3,711,18,a,3,0,6976,16,48753,48753,48754,,,,48797,48764,48779,16,1:15,48780,48795,16,1:15,48781,48796,16,1:15,,,0,,,,0,,,,0,,,,0,,1,10,15,17,1,,,,
multi_tile,3,712,18,a,3,16,7104,16,48800,48800,48801,,,,48844,48811,48826,16,1:15,48827,48842,16,1:15,48828,48843,16,1:15,,,0,,,,0,,,,0,,,,0,,1,10,15,17,1,,,,
multi_tile,3,713,18,a,4,0,7232,16,48847,48847,48848,,,,48891,48858,48873,16,1:15,48874,48889,16,1:15,48875,48890,16,1:15,,,0,,,,0,,,,0,,,,0,,1,10,15,17,1,,,,
multi_tile,3,714,18,a,4,16,7360,16,48894,48894,48895,,,,48938,48905,48920,16,1:15,48921,48936,16,1:15,48922,48937,16,1:15,,,0,,,,0,,,,0,,,,0,,1,10,15,17,1,,,,
multi_tile,3,715,18,a,5,0,7488,16,48941,48941,48942,,,,48985,48952,48967,16,1:15,48968,48983,16,1:15,48969,48984,16,1:15,,,0,,,,0,,,,0,,,,0,,1,10,15,17,1,,,,
multi_tile,3,716,18,a,5,16,7616,16,48988,48988,48989,,,,49032,48999,49014,16,1:15,49015,49030,16,1:15,49016,49031,16,1:15,,,0,,,,0,,,,0,,,,0,,1,10,15,17,1,,,,
multi_tile,3,717,18,a,6,0,7744,16,49035,49035,49036,,,,49079,49046,49061,16,1:15,49062,49077,16,1:15,49063,49078,16,1:15,,,0,,,,0,,,,0,,,,0,,1,10,15,17,1,,,,
multi_tile,3,718,18,a,6,16,7872,16,49082,49082,49083,,,,49126,49093,49108,16,1:15,49109,49124,16,1:15,49110,49125,16,1:15,,,0,,,,0,,,,0,,,,0,,1,10,15,17,1,,,,
multi_tile,3,719,18,a,7,0,8000,16,49129,49129,49130,,,,49173,49140,49155,16,1:15,49156,49171,16,1:15,49157,49172,16,1:15,,,0,,,,0,,,,0,,,,0,,1,10,15,17,1,,,,
multi_tile,3,720,18,a,7,16,8128,8,49176,49176,49177,,,,49204,49187,49194,8,1:7,49195,49202,8,1:7,49196,49203,8,1:7,,,0,,,,0,,,,0,,,,0,,1,10,7,9,1,,,,
multi_tile,3,721,18,a,7,24,8192,8,49207,49207,49208,,,,49235,49218,49225,8,1:7,49226,49233,8,1:7,49227,49234,8,1:7,,,0,,,,0,,,,0,,,,0,,1,10,7,9,1,,,,
multi_tile,3,722,18,bt,0,0,14784,16,49243,49243,49244,,,,49287,49254,49269,16,1:15,49270,49285,16,1:15,49271,49286,16,1:15,,,0,,,,0,,,,0,,,,0,,1,10,15,17,1,,,,
multi_tile,3,723,18,bt,0,16,14912,16,49290,49290,49291,,,,49334,49301,49316,16,1:15,49317,49332,16,1:15,49318,49333,16,1:15,,,0,,,,0,,,,0,,,,0,,1,10,15,17,1,,,,
multi_tile,3,724,18,bt,1,0,15040,16,49337,49337,49338,,,,49381,49348,49363,16,1:15,49364,49379,16,1:15,49365,49380,16,1:15,,,0,,,,0,,,,0,,,,0,,1,10,15,17,1,,,,
multi_tile,3,725,18,bt,1,16,15168,16,49384,49384,49385,,,,49428,49395,49410,16,1:15,49411,49426,16,1:15,49412,49427,16,1:15,,,0,,,,0,,,,0,,,,0,,1,10,15,17,1,,,,
multi_tile,3,726,18,bt,2,0,15296,16,49431,49431,49432,,,,49475,49442,49457,16,1:15,49458,49473,16,1:15,49459,49474,16,1:15,,,0,,,,0,,,,0,,,,0,,1,10,15,17,1,,,,
multi_tile,3,727,18,bt,2,16,15424,16,49478,49478,49479,,,,49522,49489,49504,16,1:15,49505,49520,16,1:15,49506,49521,16,1:15,,,0,,,,0,,,,0,,,,0,,1,10,15,17,1,,,,
multi_tile,3,728,18,bt,3,0,15552,16,49525,49525,49526,,,,49569,49536,49551,16,1:15,49552,49567,16,1:15,49553,49568,16,1:15,,,0,,,,0,,,,0,,,,0,,1,10,15,17,1,,,,
multi_tile,3,729,18,bt,3,16,15680,16,49572,49572,49573,,,,49616,49583,49598,16,1:15,49599,49614,16,1:15,49600,49615,16,1:15,,,0,,,,0,,,,0,,,,0,,1,10,15,17,1,,,,
multi_tile,3,730,18,bt,4,0,15808,16,49619,49619,49620,,,,49663,49630,49645,16,1:15,49646,49661,16,1:15,49647,49662,16,1:15,,,0,,,,0,,,,0,,,,0,,1,10,15,17,1,,,,
multi_tile,3,731,18,bt,4,16,15936,16,49666,49666,49667,,,,49710,49677,49692,16,1:15,49693,49708,16,1:15,49694,49709,16,1:15,,,0,,,,0,,,,0,,,,0,,1,10,15,17,1,,,,
multi_tile,3,732,18,bt,5,0,16064,16,49713,49713,49714,,,,49757,49724,49739,16,1:15,49740,49755,16,1:15,49741,49756,16,1:15,,,0,,,,0,,,,0,,,,0,,1,10,15,17,1,,,,
multi_tile,3,733,18,bt,5,16,16192,16,49760,49760,49761,,,,49804,49771,49786,16,1:15,49787,49802,16,1:15,49788,49803,16,1:15,,,0,,,,0,,,,0,,,,0,,1,10,15,17,1,,,,
multi_tile,3,734,18,bt,6,0,16320,8,49807,49807,49808,,,,49835,49818,49825,8,1:7,49826,49833,8,1:7,49827,49834,8,1:7,,,0,,,,0,,,,0,,,,0,,1,10,7,9,1,,,,
multi_tile,3,735,18,bt,6,8,16384,16,49838,49838,49839,,,,49882,49849,49864,16,1:15,49865,49880,16,1:15,49866,49881,16,1:15,,,0,,,,0,,,,0,,,,0,,1,10,15,17,1,,,,
multi_tile,3,736,18,bt,6,24,16512,8,49885,49885,49886,,,,49913,49896,49903,8,1:7,49904,49911,8,1:7,49905,49912,8,1:7,,,0,,,,0,,,,0,,,,0,,1,10,7,9,1,,,,
multi_tile,3,737,18,bt,7,0,16576,16,49916,49916,49917,,,,49960,49927,49942,16,1:15,49943,49958,16,1:15,49944,49959,16,1:15,,,0,,,,0,,,,0,,,,0,,1,10,15,17,1,,,,
multi_tile,3,738,18,bt,7,16,16704,16,49963,49963,49964,,,,50007,49974,49989,16,1:15,49990,50005,16,1:15,49991,50006,16,1:15,,,0,,,,0,,,,0,,,,0,,1,10,15,17,1,,,,
multi_tile,3,739,18,c,0,0,22432,4,51101,51101,,51118,51117,51129,51130,,,0,,,,0,,,,0,,51102,51114,4,4:3,51104,51116,4,4:3,51105,51117,4,4:3,51118,51121,4,1:3,,,,,,16,4,8,1
multi_tile,3,740,18,c,1,0,22624,4,51133,51133,,51150,51149,51161,51162,,,0,,,,0,,,,0,,51134,51146,4,4:3,51136,51148,4,4:3,51137,51149,4,4:3,51150,51153,4,1:3,,,,,,16,4,8,1
multi_tile,3,741,18,c,2,0,22816,4,51165,51165,,51182,51181,51193,51194,,,0,,,,0,,,,0,,51166,51178,4,4:3,51168,51180,4,4:3,51169,51181,4,4:3,51182,51185,4,1:3,,,,,,16,4,8,1
multi_tile,3,742,18,c,3,0,23008,4,51197,51197,,51214,51213,51225,51226,,,0,,,,0,,,,0,,51198,51210,4,4:3,51200,51212,4,4:3,51201,51213,4,4:3,51214,51217,4,1:3,,,,,,16,4,8,1
multi_tile,3,743,18,c,4,0,23200,4,51229,51229,,51246,51245,51257,51258,,,0,,,,0,,,,0,,51230,51242,4,4:3,51232,51244,4,4:3,51233,51245,4,4:3,51246,51249,4,1:3,,,,,,16,4,8,1
multi_tile,3,744,18,c,5,0,23392,4,51261,51261,,51278,51277,51289,51290,,,0,,,,0,,,,0,,51262,51274,4,4:3,51264,51276,4,4:3,51265,51277,4,4:3,51278,51281,4,1:3,,,,,,16,4,8,1
multi_tile,3,745,18,c,6,0,23584,4,51293,51293,,51310,51309,51321,51322,,,0,,,,0,,,,0,,51294,51306,4,4:3,51296,51308,4,4:3,51297,51309,4,4:3,51310,51313,4,1:3,,,,,,16,4,8,1
multi_tile,3,746,18,c,7,0,23776,4,51325,51325,,51342,51341,51353,51354,,,0,,,,0,,,,0,,51326,51338,4,4:3,51328,51340,4,4:3,51329,51341,4,4:3,51342,51345,4,1:3,,,,,,16,4,8,1
multi_tile,3,747,19,a,0,0,6208,16,51363,51363,51364,,,,51407,51374,51389,16,1:15,51390,51405,16,1:15,51391,51406,16,1:15,,,0,,,,0,,,,0,,,,0,,1,10,15,17,1,,,,
multi_tile,3,748,19,a,0,16,6336,16,51410,51410,51411,,,,51454,51421,51436,16,1:15,51437,51452,16,1:15,51438,51453,16,1:15,,,0,,,,0,,,,0,,,,0,,1,10,15,17,1,,,,
multi_tile,3,749,19,a,1,0,6464,16,51457,51457,51458,,,,51501,51468,51483,16,1:15,51484,51499,16,1:15,51485,51500,16,1:15,,,0,,,,0,,,,0,,,,0,,1,10,15,17,1,,,,
multi_tile,3,750,19,a,1,16,6592,16,51504,51504,51505,,,,51548,51515,51530,16,1:15,51531,51546,16,1:15,51532,51547,16,1:15,,,0,,,,0,,,,0,,,,0,,1,10,15,17,1,,,,
multi_tile,3,751,19,a,2,0,6720,16,51551,51551,51552,,,,51595,51562,51577,16,1:15,51578,51593,16,1:15,51579,51594,16,1:15,,,0,,,,0,,,,0,,,,0,,1,10,15,17,1,,,,
multi_tile,3,752,19,a,2,16,6848,16,51598,51598,51599,,,,51642,51609,51624,16,1:15,51625,51640,16,1:15,51626,51641,16,1:15,,,0,,,,0,,,,0,,,,0,,1,10,15,17,1,,,,
multi_tile,3,753,19,a,3,0,6976,16,51645,51645,51646,,,,51689,51656,51671,16,1:15,51672,51687,16,1:15,51673,51688,16,1:15,,,0,,,,0,,,,0,,,,0,,1,10,15,17,1,,,,
multi_tile,3,754,19,a,3,16,7104,16,51692,51692,51693,,,,51736,51703,51718,16,1:15,51719,51734,16,1:15,51720,51735,16,1:15,,,0,,,,0,,,,0,,,,0,,1,10,15,17,1,,,,
multi_tile,3,755,19,a,4,0,7232,16,51739,51739,51740,,,,51783,51750,51765,16,1:15,51766,51781,16,1:15,51767,51782,16,1:15,,,0,,,,0,,,,0,,,,0,,1,10,15,17,1,,,,
multi_tile,3,756,19,a,4,16,7360,16,51786,51786,51787,,,,51830,51797,51812,16,1:15,51813,51828,16,1:15,51814,51829,16,1:15,,,0,,,,0,,,,0,,,,0,,1,10,15,17,1,,,,
multi_tile,3,757,19,a,5,0,7488,16,51833,51833,51834,,,,51877,51844,51859,16,1:15,51860,51875,16,1:15,51861,51876,16,1:15,,,0,,,,0,,,,0,,,,0,,1,10,15,17,1,,,,
multi_tile,3,758,19,a,5,16,7616,16,51880,51880,51881,,,,51924,51891,51906,16,1:15,51907,51922,16,1:15,51908,51923,16,1:15,,,0,,,,0,,,,0,,,,0,,1,10,15,17,1,,,,
multi_tile,3,759,19,a,6,0,7744,16,51927,51927,51928,,,,51971,51938,51953,16,1:15,51954,51969,16,1:15,51955,51970,16,1:15,,,0,,,,0,,,,0,,,,0,,1,10,15,17,1,,,,
multi_tile,3,760,19,a,6,16,7872,16,51974,51974,51975,,,,52018,51985,52000,16,1:15,52001,52016,16,1:15,52002,52017,16,1:15,,,0,,,,0,,,,0,,,,0,,1,10,15,17,1,,,,
multi_tile,3,761,19,a,7,0,8000,16,52021,52021,52022,,,,52065,52032,52047,16,1:15,52048,52063,16,1:15,52049,52064,16,1:15,,,0,,,,0,,,,0,,,,0,,1,10,15,17,1,,,,
multi_tile,3,762,19,a,7,16,8128,8,52068,52068,52069,,,,52096,52079,52086,8,1:7,52087,52094,8,1:7,52088,52095,8,1:7,,,0,,,,0,,,,0,,,,0,,1,10,7,9,1,,,,
multi_tile,3,763,19,a,7,24,8192,8,52099,52099,52100,,,,52127,52110,52117,8,1:7,52118,52125,8,1:7,52119,52126,8,1:7,,,0,,,,0,,,,0,,,,0,,1,10,7,9,1,,,,
multi_tile,3,764,19,bt,0,0,16832,16,52135,52135,52136,,,,52179,52146,52161,16,1:15,52162,52177,16,1:15,52163,52178,16,1:15,,,0,,,,0,,,,0,,,,0,,1,10,15,17,1,,,,
multi_tile,3,765,19,bt,0,16,16960,16,52182,52182,52183,,,,52226,52193,52208,16,1:15,52209,52224,16,1:15,52210,52225,16,1:15,,,0,,,,0,,,,0,,,,0,,1,10,15,17,1,,,,
multi_tile,3,766,19,bt,1,0,17088,16,52229,52229,52230,,,,52273,52240,52255,16,1:15,52256,52271,16,1:15,52257,52272,16,1:15,,,0,,,,0,,,,0,,,,0,,1,10,15,17,1,,,,
multi_tile,3,767,19,bt,1,16,17216,16,52276,52276,52277,,,,52320,52287,52302,16,1:15,52303,52318,16,1:15,52304,52319,16,1:15,,,0,,,,0,,,,0,,,,0,,1,10,15,17,1,,,,
multi_tile,3,768,19,bt,2,0,17344,16,52323,52323,52324,,,,52367,52334,52349,16,1:15,52350,52365,16,1:15,52351,52366,16,1:15,,,0,,,,0,,,,0,,,,0,,1,10,15,17,1,,,,
multi_tile,3,769,19,bt,2,16,17472,16,52370,52370,52371,,,,52414,52381,52396,16,1:15,52397,52412,16,1:15,52398,52413,16,1:15,,,0,,,,0,,,,0,,,,0,,1,10,15,17,1,,,,
multi_tile,3,770,19,c,0,0,22464,2,52966,52966,,52975,52974,52984,52985,,,0,,,,0,,,,0,,52967,52971,2,4:1,52969,52973,2,4:1,52970,52974,2,4:1,52975,52976,2,1:1,,,,,,8,2,8,1
multi_tile,3,771,19,c,1,0,22656,2,52988,52988,,52997,52996,53006,53007,,,0,,,,0,,,,0,,52989,52993,2,4:1,52991,52995,2,4:1,52992,52996,2,4:1,52997,52998,2,1:1,,,,,,8,2,8,1
multi_tile,3,772,19,c,2,0,22848,2,53010,53010,,53019,53018,53028,53029,,,0,,,,0,,,,0,,53011,53015,2,4:1,53013,53017,2,4:1,53014,53018,2,4:1,53019,53020,2,1:1,,,,,,8,2,8,1
multi_tile,3,773,19,c,3,0,23040,2,53032,53032,,53041,53040,53050,53051,,,0,,,,0,,,,0,,53033,53037,2,4:1,53035,53039,2,4:1,53036,53040,2,4:1,53041,53042,2,1:1,,,,,,8,2,8,1
multi_tile,3,774,19,c,4,0,23232,2,53054,53054,,53063,53062,53072,53073,,,0,,,,0,,,,0,,53055,53059,2,4:1,53057,53061,2,4:1,53058,53062,2,4:1,53063,53064,2,1:1,,,,,,8,2,8,1
multi_tile,3,775,19,c,5,0,23424,2,53076,53076,,53085,53084,53094,53095,,,0,,,,0,,,,0,,53077,53081,2,4:1,53079,53083,2,4:1,53080,53084,2,4:1,53085,53086,2,1:1,,,,,,8,2,8,1
multi_tile,3,776,19,c,6,0,23616,2,53098,53098,,53107,53106,53116,53117,,,0,,,,0,,,,0,,53099,53103,2,4:1,53101,53105,2,4:1,53102,53106,2,4:1,53107,53108,2,1:1,,,,,,8,2,8,1
multi_tile,3,777,19,c,7,0,23808,2,53120,53120,,53129,53128,53138,53139,,,0,,,,0,,,,0,,53121,53125,2,4:1,53123,53127,2,4:1,53124,53128,2,4:1,53129,53130,2,1:1,,,,,,8,2,8,1
multi_tile,3,778,20,a,0,0,8256,16,53148,53148,53149,,,,53192,53159,53174,16,1:15,53175,53190,16,1:15,53176,53191,16,1:15,,,0,,,,0,,,,0,,,,0,,1,10,15,17,1,,,,
multi_tile,3,779,20,a,0,16,8384,16,53195,53195,53196,,,,53239,53206,53221,16,1:15,53222,53237,16,1:15,53223,53238,16,1:15,,,0,,,,0,,,,0,,,,0,,1,10,15,17,1,,,,
multi_tile,3,780,20,bt,0,0,8640,16,53247,53247,53248,,,,53291,53258,53273,16,1:15,53274,53289,16,1:15,53275,53290,16,1:15,,,0,,,,0,,,,0,,,,0,,1,10,15,17,1,,,,
multi_tile,3,781,20,bt,0,16,8768,16,53294,53294,53295,,,,53338,53305,53320,16,1:15,53321,53336,16,1:15,53322,53337,16,1:15,,,0,,,,0,,,,0,,,,0,,1,10,15,17,1,,,,
multi_tile,3,782,20,bt,1,0,8896,16,53341,53341,53342,,,,53385,53352,53367,16,1:15,53368,53383,16,1:15,53369,53384,16,1:15,,,0,,,,0,,,,0,,,,0,,1,10,15,17,1,,,,
multi_tile,3,783,20,bt,1,16,9024,16,53388,53388,53389,,,,53432,53399,53414,16,1:15,53415,53430,16,1:15,53416,53431,16,1:15,,,0,,,,0,,,,0,,,,0,,1,10,15,17,1,,,,
multi_tile,3,784,20,bt,2,0,9152,16,53435,53435,53436,,,,53479,53446,53461,16,1:15,53462,53477,16,1:15,53463,53478,16,1:15,,,0,,,,0,,,,0,,,,0,,1,10,15,17,1,,,,
multi_tile,3,785,20,bt,2,16,9280,16,53482,53482,53483,,,,53526,53493,53508,16,1:15,53509,53524,16,1:15,53510,53525,16,1:15,,,0,,,,0,,,,0,,,,0,,1,10,15,17,1,,,,
multi_tile,3,786,20,bt,3,0,9408,16,53529,53529,53530,,,,53573,53540,53555,16,1:15,53556,53571,16,1:15,53557,53572,16,1:15,,,0,,,,0,,,,0,,,,0,,1,10,15,17,1,,,,
multi_tile,3,787,20,bt,3,16,9536,16,53576,53576,53577,,,,53620,53587,53602,16,1:15,53603,53618,16,1:15,53604,53619,16,1:15,,,0,,,,0,,,,0,,,,0,,1,10,15,17,1,,,,
multi_tile,3,788,20,bt,4,0,9664,16,53623,53623,53624,,,,53667,53634,53649,16,1:15,53650,53665,16,1:15,53651,53666,16,1:15,,,0,,,,0,,,,0,,,,0,,1,10,15,17,1,,,,
multi_tile,3,789,20,bt,4,16,9792,16,53670,53670,53671,,,,53714,53681,53696,16,1:15,53697,53712,16,1:15,53698,53713,16,1:15,,,0,,,,0,,,,0,,,,0,,1,10,15,17,1,,,,
multi_tile,3,790,20,bt,5,0,9920,16,53717,53717,53718,,,,53761,53728,53743,16,1:15,53744,53759,16,1:15,53745,53760,16,1:15,,,0,,,,0,,,,0,,,,0,,1,10,15,17,1,,,,
multi_tile,3,791,20,bt,5,16,10048,16,53764,53764,53765,,,,53808,53775,53790,16,1:15,53791,53806,16,1:15,53792,53807,16,1:15,,,0,,,,0,,,,0,,,,0,,1,10,15,17,1,,,,
multi_tile,3,792,20,bt,6,0,10176,16,53811,53811,53812,,,,53855,53822,53837,16,1:15,53838,53853,16,1:15,53839,53854,16,1:15,,,0,,,,0,,,,0,,,,0,,1,10,15,17,1,,,,
multi_tile,3,793,20,bt,6,16,10304,16,53858,53858,53859,,,,53902,53869,53884,16,1:15,53885,53900,16,1:15,53886,53901,16,1:15,,,0,,,,0,,,,0,,,,0,,1,10,15,17,1,,,,
multi_tile,3,794,20,bt,7,0,10432,16,53905,53905,53906,,,,53949,53916,53931,16,1:15,53932,53947,16,1:15,53933,53948,16,1:15,,,0,,,,0,,,,0,,,,0,,1,10,15,17,1,,,,
multi_tile,3,795,20,bt,7,16,10560,16,53952,53952,53953,,,,53996,53963,53978,16,1:15,53979,53994,16,1:15,53980,53995,16,1:15,,,0,,,,0,,,,0,,,,0,,1,10,15,17,1,,,,
multi_tile,3,796,20,c,0,0,23872,4,54548,54548,,54565,54564,54576,54577,,,0,,,,0,,,,0,,54549,54561,4,4:3,54551,54563,4,4:3,54552,54564,4,4:3,54565,54568,4,1:3,,,,,,16,4,8,1
multi_tile,3,797,21,a,0,0,8256,16,54586,54586,54587,,,,54630,54597,54612,16,1:15,54613,54628,16,1:15,54614,54629,16,1:15,,,0,,,,0,,,,0,,,,0,,1,10,15,17,1,,,,
multi_tile,3,798,21,a,0,16,8384,16,54633,54633,54634,,,,54677,54644,54659,16,1:15,54660,54675,16,1:15,54661,54676,16,1:15,,,0,,,,0,,,,0,,,,0,,1,10,15,17,1,,,,
multi_tile,3,799,21,bt,0,0,10688,16,54685,54685,54686,,,,54729,54696,54711,16,1:15,54712,54727,16,1:15,54713,54728,16,1:15,,,0,,,,0,,,,0,,,,0,,1,10,15,17,1,,,,
multi_tile,3,800,21,bt,0,16,10816,16,54732,54732,54733,,,,54776,54743,54758,16,1:15,54759,54774,16,1:15,54760,54775,16,1:15,,,0,,,,0,,,,0,,,,0,,1,10,15,17,1,,,,
multi_tile,3,801,21,bt,1,0,10944,16,54779,54779,54780,,,,54823,54790,54805,16,1:15,54806,54821,16,1:15,54807,54822,16,1:15,,,0,,,,0,,,,0,,,,0,,1,10,15,17,1,,,,
multi_tile,3,802,21,bt,1,16,11072,16,54826,54826,54827,,,,54870,54837,54852,16,1:15,54853,54868,16,1:15,54854,54869,16,1:15,,,0,,,,0,,,,0,,,,0,,1,10,15,17,1,,,,
multi_tile,3,803,21,bt,2,0,11200,16,54873,54873,54874,,,,54917,54884,54899,16,1:15,54900,54915,16,1:15,54901,54916,16,1:15,,,0,,,,0,,,,0,,,,0,,1,10,15,17,1,,,,
multi_tile,3,804,21,bt,2,16,11328,16,54920,54920,54921,,,,54964,54931,54946,16,1:15,54947,54962,16,1:15,54948,54963,16,1:15,,,0,,,,0,,,,0,,,,0,,1,10,15,17,1,,,,
multi_tile,3,805,21,bt,3,0,11456,16,54967,54967,54968,,,,55011,54978,54993,16,1:15,54994,55009,16,1:15,54995,55010,16,1:15,,,0,,,,0,,,,0,,,,0,,1,10,15,17,1,,,,
multi_tile,3,806,21,bt,3,16,11584,16,55014,55014,55015,,,,55058,55025,55040,16,1:15,55041,55056,16,1:15,55042,55057,16,1:15,,,0,,,,0,,,,0,,,,0,,1,10,15,17,1,,,,
multi_tile,3,807,21,bt,4,0,11712,16,55061,55061,55062,,,,55105,55072,55087,16,1:15,55088,55103,16,1:15,55089,55104,16,1:15,,,0,,,,0,,,,0,,,,0,,1,10,15,17,1,,,,
multi_tile,3,808,21,bt,4,16,11840,16,55108,55108,55109,,,,55152,55119,55134,16,1:15,55135,55150,16,1:15,55136,55151,16,1:15,,,0,,,,0,,,,0,,,,0,,1,10,15,17,1,,,,
multi_tile,3,809,21,bt,5,0,11968,16,55155,55155,55156,,,,55199,55166,55181,16,1:15,55182,55197,16,1:15,55183,55198,16,1:15,,,0,,,,0,,,,0,,,,0,,1,10,15,17,1,,,,
multi_tile,3,810,21,bt,5,16,12096,16,55202,55202,55203,,,,55246,55213,55228,16,1:15,55229,55244,16,1:15,55230,55245,16,1:15,,,0,,,,0,,,,0,,,,0,,1,10,15,17,1,,,,
multi_tile,3,811,21,bt,6,0,12224,8,55249,55249,55250,,,,55277,55260,55267,8,1:7,55268,55275,8,1:7,55269,55276,8,1:7,,,0,,,,0,,,,0,,,,0,,1,10,7,9,1,,,,
multi_tile,3,812,21,bt,6,8,12288,16,55280,55280,55281,,,,55324,55291,55306,16,1:15,55307,55322,16,1:15,55308,55323,16,1:15,,,0,,,,0,,,,0,,,,0,,1,10,15,17,1,,,,
multi_tile,3,813,21,bt,6,24,12416,8,55327,55327,55328,,,,55355,55338,55345,8,1:7,55346,55353,8,1:7,55347,55354,8,1:7,,,0,,,,0,,,,0,,,,0,,1,10,7,9,1,,,,
multi_tile,3,814,21,bt,7,0,12480,16,55358,55358,55359,,,,55402,55369,55384,16,1:15,55385,55400,16,1:15,55386,55401,16,1:15,,,0,,,,0,,,,0,,,,0,,1,10,15,17,1,,,,
multi_tile,3,815,21,bt,7,16,12608,16,55405,55405,55406,,,,55449,55416,55431,16,1:15,55432,55447,16,1:15,55433,55448,16,1:15,,,0,,,,0,,,,0,,,,0,,1,10,15,17,1,,,,
multi_tile,3,816,21,c,0,0,23904,4,56001,56001,,56018,56017,56029,56030,,,0,,,,0,,,,0,,56002,56014,4,4:3,56004,56016,4,4:3,56005,56017,4,4:3,56018,56021,4,1:3,,,,,,16,4,8,1
multi_tile,3,817,22,a,0,0,8256,16,56039,56039,56040,,,,56083,56050,56065,16,1:15,56066,56081,16,1:15,56067,56082,16,1:15,,,0,,,,0,,,,0,,,,0,,1,10,15,17,1,,,,
multi_tile,3,818,22,a,0,16,8384,16,56086,56086,56087,,,,56130,56097,56112,16,1:15,56113,56128,16,1:15,56114,56129,16,1:15,,,0,,,,0,,,,0,,,,0,,1,10,15,17,1,,,,
multi_tile,3,819,22,bt,0,0,12736,16,56138,56138,56139,,,,56182,56149,56164,16,1:15,56165,56180,16,1:15,56166,56181,16,1:15,,,0,,,,0,,,,0,,,,0,,1,10,15,17,1,,,,
multi_tile,3,820,22,bt,0,16,12864,16,56185,56185,56186,,,,56229,56196,56211,16,1:15,56212,56227,16,1:15,56213,56228,16,1:15,,,0,,,,0,,,,0,,,,0,,1,10,15,17,1,,,,
multi_tile,3,821,22,bt,1,0,12992,16,56232,56232,56233,,,,56276,56243,56258,16,1:15,56259,56274,16,1:15,56260,56275,16,1:15,,,0,,,,0,,,,0,,,,0,,1,10,15,17,1,,,,
multi_tile,3,822,22,bt,1,16,13120,16,56279,56279,56280,,,,56323,56290,56305,16,1:15,56306,56321,16,1:15,56307,56322,16,1:15,,,0,,,,0,,,,0,,,,0,,1,10,15,17,1,,,,
multi_tile,3,823,22,bt,2,0,13248,16,56326,56326,56327,,,,56370,56337,56352,16,1:15,56353,56368,16,1:15,56354,56369,16,1:15,,,0,,,,0,,,,0,,,,0,,1,10,15,17,1,,,,
multi_tile,3,824,22,bt,2,16,13376,16,56373,56373,56374,,,,56417,56384,56399,16,1:15,56400,56415,16,1:15,56401,56416,16,1:15,,,0,,,,0,,,,0,,,,0,,1,10,15,17,1,,,,
multi_tile,3,825,22,bt,3,0,13504,16,56420,56420,56421,,,,56464,56431,56446,16,1:15,56447,56462,16,1:15,56448,56463,16,1:15,,,0,,,,0,,,,0,,,,0,,1,10,15,17,1,,,,
multi_tile,3,826,22,bt,3,16,13632,16,56467,56467,56468,,,,56511,56478,56493,16,1:15,56494,56509,16,1:15,56495,56510,16,1:15,,,0,,,,0,,,,0,,,,0,,1,10,15,17,1,,,,
multi_tile,3,827,22,bt,4,0,13760,16,56514,56514,56515,,,,56558,56525,56540,16,1:15,56541,56556,16,1:15,56542,56557,16,1:15,,,0,,,,0,,,,0,,,,0,,1,10,15,17,1,,,,
multi_tile,3,828,22,bt,4,16,13888,16,56561,56561,56562,,,,56605,56572,56587,16,1:15,56588,56603,16,1:15,56589,56604,16,1:15,,,0,,,,0,,,,0,,,,0,,1,10,15,17,1,,,,
multi_tile,3,829,22,bt,5,0,14016,16,56608,56608,56609,,,,56652,56619,56634,16,1:15,56635,56650,16,1:15,56636,56651,16,1:15,,,0,,,,0,,,,0,,,,0,,1,10,15,17,1,,,,
multi_tile,3,830,22,bt,5,16,14144,16,56655,56655,56656,,,,56699,56666,56681,16,1:15,56682,56697,16,1:15,56683,56698,16,1:15,,,0,,,,0,,,,0,,,,0,,1,10,15,17,1,,,,
multi_tile,3,831,22,bt,6,0,14272,16,56702,56702,56703,,,,56746,56713,56728,16,1:15,56729,56744,16,1:15,56730,56745,16,1:15,,,0,,,,0,,,,0,,,,0,,1,10,15,17,1,,,,
multi_tile,3,832,22,bt,6,16,14400,16,56749,56749,56750,,,,56793,56760,56775,16,1:15,56776,56791,16,1:15,56777,56792,16,1:15,,,0,,,,0,,,,0,,,,0,,1,10,15,17,1,,,,
multi_tile,3,833,22,bt,7,0,14528,16,56796,56796,56797,,,,56840,56807,56822,16,1:15,56823,56838,16,1:15,56824,56839,16,1:15,,,0,,,,0,,,,0,,,,0,,1,10,15,17,1,,,,
multi_tile,3,834,22,bt,7,16,14656,16,56843,56843,56844,,,,56887,56854,56869,16,1:15,56870,56885,16,1:15,56871,56886,16,1:15,,,0,,,,0,,,,0,,,,0,,1,10,15,17,1,,,,
multi_tile,3,835,22,c,0,0,23936,4,57439,57439,,57456,57455,57467,57468,,,0,,,,0,,,,0,,57440,57452,4,4:3,57442,57454,4,4:3,57443,57455,4,4:3,57456,57459,4,1:3,,,,,,16,4,8,1
multi_tile,3,836,23,a,0,0,8256,16,57477,57477,57478,,,,57521,57488,57503,16,1:15,57504,57519,16,1:15,57505,57520,16,1:15,,,0,,,,0,,,,0,,,,0,,1,10,15,17,1,,,,
multi_tile,3,837,23,a,0,16,8384,16,57524,57524,57525,,,,57568,57535,57550,16,1:15,57551,57566,16,1:15,57552,57567,16,1:15,,,0,,,,0,,,,0,,,,0,,1,10,15,17,1,,,,
multi_tile,3,838,23,bt,0,0,14784,16,57576,57576,57577,,,,57620,57587,57602,16,1:15,57603,57618,16,1:15,57604,57619,16,1:15,,,0,,,,0,,,,0,,,,0,,1,10,15,17,1,,,,
multi_tile,3,839,23,bt,0,16,14912,16,57623,57623,57624,,,,57667,57634,57649,16,1:15,57650,57665,16,1:15,57651,57666,16,1:15,,,0,,,,0,,,,0,,,,0,,1,10,15,17,1,,,,
multi_tile,3,840,23,bt,1,0,15040,16,57670,57670,57671,,,,57714,57681,57696,16,1:15,57697,57712,16,1:15,57698,57713,16,1:15,,,0,,,,0,,,,0,,,,0,,1,10,15,17,1,,,,
multi_tile,3,841,23,bt,1,16,15168,16,57717,57717,57718,,,,57761,57728,57743,16,1:15,57744,57759,16,1:15,57745,57760,16,1:15,,,0,,,,0,,,,0,,,,0,,1,10,15,17,1,,,,
multi_tile,3,842,23,bt,2,0,15296,16,57764,57764,57765,,,,57808,57775,57790,16,1:15,57791,57806,16,1:15,57792,57807,16,1:15,,,0,,,,0,,,,0,,,,0,,1,10,15,17,1,,,,
multi_tile,3,843,23,bt,2,16,15424,16,57811,57811,57812,,,,57855,57822,57837,16,1:15,57838,57853,16,1:15,57839,57854,16,1:15,,,0,,,,0,,,,0,,,,0,,1,10,15,17,1,,,,
multi_tile,3,844,23,bt,3,0,15552,16,57858,57858,57859,,,,57902,57869,57884,16,1:15,57885,57900,16,1:15,57886,57901,16,1:15,,,0,,,,0,,,,0,,,,0,,1,10,15,17,1,,,,
multi_tile,3,845,23,bt,3,16,15680,16,57905,57905,57906,,,,57949,57916,57931,16,1:15,57932,57947,16,1:15,57933,57948,16,1:15,,,0,,,,0,,,,0,,,,0,,1,10,15,17,1,,,,
multi_tile,3,846,23,bt,4,0,15808,16,57952,57952,57953,,,,57996,57963,57978,16,1:15,57979,57994,16,1:15,57980,57995,16,1:15,,,0,,,,0,,,,0,,,,0,,1,10,15,17,1,,,,
multi_tile,3,847,23,bt,4,16,15936,16,57999,57999,58000,,,,58043,58010,58025,16,1:15,58026,58041,16,1:15,58027,58042,16,1:15,,,0,,,,0,,,,0,,,,0,,1,10,15,17,1,,,,
multi_tile,3,848,23,bt,5,0,16064,16,58046,58046,58047,,,,58090,58057,58072,16,1:15,58073,58088,16,1:15,58074,58089,16,1:15,,,0,,,,0,,,,0,,,,0,,1,10,15,17,1,,,,
multi_tile,3,849,23,bt,5,16,16192,16,58093,58093,58094,,,,58137,58104,58119,16,1:15,58120,58135,16,1:15,58121,58136,16,1:15,,,0,,,,0,,,,0,,,,0,,1,10,15,17,1,,,,
multi_tile,3,850,23,bt,6,0,16320,8,58140,58140,58141,,,,58168,58151,58158,8,1:7,58159,58166,8,1:7,58160,58167,8,1:7,,,0,,,,0,,,,0,,,,0,,1,10,7,9,1,,,,
multi_tile,3,851,23,bt,6,8,16384,16,58171,58171,58172,,,,58215,58182,58197,16,1:15,58198,58213,16,1:15,58199,58214,16,1:15,,,0,,,,0,,,,0,,,,0,,1,10,15,17,1,,,,
multi_tile,3,852,23,bt,6,24,16512,8,58218,58218,58219,,,,58246,58229,58236,8,1:7,58237,58244,8,1:7,58238,58245,8,1:7,,,0,,,,0,,,,0,,,,0,,1,10,7,9,1,,,,
multi_tile,3,853,23,bt,7,0,16576,16,58249,58249,58250,,,,58293,58260,58275,16,1:15,58276,58291,16,1:15,58277,58292,16,1:15,,,0,,,,0,,,,0,,,,0,,1,10,15,17,1,,,,
multi_tile,3,854,23,bt,7,16,16704,16,58296,58296,58297,,,,58340,58307,58322,16,1:15,58323,58338,16,1:15,58324,58339,16,1:15,,,0,,,,0,,,,0,,,,0,,1,10,15,17,1,,,,
multi_tile,3,855,23,c,0,0,23968,4,58892,58892,,58909,58908,58920,58921,,,0,,,,0,,,,0,,58893,58905,4,4:3,58895,58907,4,4:3,58896,58908,4,4:3,58909,58912,4,1:3,,,,,,16,4,8,1
multi_tile,3,856,24,a,0,0,8256,16,58930,58930,58931,,,,58974,58941,58956,16,1:15,58957,58972,16,1:15,58958,58973,16,1:15,,,0,,,,0,,,,0,,,,0,,1,10,15,17,1,,,,
multi_tile,3,857,24,a,0,16,8384,16,58977,58977,58978,,,,59021,58988,59003,16,1:15,59004,59019,16,1:15,59005,59020,16,1:15,,,0,,,,0,,,,0,,,,0,,1,10,15,17,1,,,,
multi_tile,3,858,24,bt,0,0,16832,16,59029,59029,59030,,,,59073,59040,59055,16,1:15,59056,59071,16,1:15,59057,59072,16,1:15,,,0,,,,0,,,,0,,,,0,,1,10,15,17,1,,,,
multi_tile,3,859,24,bt,0,16,16960,16,59076,59076,59077,,,,59120,59087,59102,16,1:15,59103,59118,16,1:15,59104,59119,16,1:15,,,0,,,,0,,,,0,,,,0,,1,10,15,17,1,,,,
multi_tile,3,860,24,bt,1,0,17088,16,59123,59123,59124,,,,59167,59134,59149,16,1:15,59150,59165,16,1:15,59151,59166,16,1:15,,,0,,,,0,,,,0,,,,0,,1,10,15,17,1,,,,
multi_tile,3,861,24,bt,1,16,17216,16,59170,59170,59171,,,,59214,59181,59196,16,1:15,59197,59212,16,1:15,59198,59213,16,1:15,,,0,,,,0,,,,0,,,,0,,1,10,15,17,1,,,,
multi_tile,3,862,24,bt,2,0,17344,16,59217,59217,59218,,,,59261,59228,59243,16,1:15,59244,59259,16,1:15,59245,59260,16,1:15,,,0,,,,0,,,,0,,,,0,,1,10,15,17,1,,,,
multi_tile,3,863,24,bt,2,16,17472,16,59264,59264,59265,,,,59308,59275,59290,16,1:15,59291,59306,16,1:15,59292,59307,16,1:15,,,0,,,,0,,,,0,,,,0,,1,10,15,17,1,,,,
multi_tile,3,864,24,c,0,0,24000,2,59589,59589,,59598,59597,59607,59608,,,0,,,,0,,,,0,,59590,59594,2,4:1,59592,59596,2,4:1,59593,59597,2,4:1,59598,59599,2,1:1,,,,,,8,2,8,1
asymmetric,4,0,0,a,0,0,64,16,6,6,7,,,,50,17,32,16,1:15,33,48,16,1:15,34,49,16,1:15,,,0,,,,0,,,,0,,,,0,,1,10,15,17,1,,,,
asymmetric,4,1,0,a,0,16,192,16,53,53,54,,,,97,64,79,16,1:15,80,95,16,1:15,81,96,16,1:15,,,0,,,,0,,,,0,,,,0,,1,10,15,17,1,,,,
asymmetric,4,2,0,a,1,0,320,16,100,100,101,,,,144,111,126,16,1:15,127,142,16,1:15,128,143,16,1:15,,,0,,,,0,,,,0,,,,0,,1,10,15,17,1,,,,
asymmetric,4,3,0,a,1,16,448,16,147,147,148,,,,191,158,173,16,1:15,174,189,16,1:15,175,190,16,1:15,,,0,,,,0,,,,0,,,,0,,1,10,15,17,1,,,,
asymmetric,4,4,0,a,2,0,576,16,194,194,195,,,,238,205,220,16,1:15,221,236,16,1:15,222,237,16,1:15,,,0,,,,0,,,,0,,,,0,,1,10,15,17,1,,,,
asymmetric,4,5,0,a,2,16,704,16,241,241,242,,,,285,252,267,16,1:15,268,283,16,1:15,269,284,16,1:15,,,0,,,,0,,,,0,,,,0,,1,10,15,17,1,,,,
asymmetric,4,6,0,a,3,0,832,16,288,288,289,,,,332,299,314,16,1:15,315,330,16,1:15,316,331,16,1:15,,,0,,,,0,,,,0,,,,0,,1,10,15,17,1,,,,
asymmetric,4,7,0,a,3,16,960,16,335,335,336,,,,379,346,361,16,1:15,362,377,16,1:15,363,378,16,1:15,,,0,,,,0,,,,0,,,,0,,1,10,15,17,1,,,,
asymmetric,4,8,0,a,4,0,1088,16,382,382,383,,,,426,393,408,16,1:15,409,424,16,1:15,410,425,16,1:15,,,0,,,,0,,,,0,,,,0,,1,10,15,17,1,,,,
asymmetric,4,9,0,a,4,16,1216,16,429,429,430,,,,473,440,455,16,1:15,456,471,16,1:15,457,472,16,1:15,,,0,,,,0,,,,0,,,,0,,1,10,15,17,1,,,,
asymmetric,4,10,0,a,5,0,1344,16,476,476,477,,,,520,487,502,16,1:15,503,518,16,1:15,504,519,16,1:15,,,0,,,,0,,,,0,,,,0,,1,10,15,17,1,,,,
asymmetric,4,11,0,a,5,16,1472,16,523,523,524,,,,567,534,549,16,1:15,550,565,16,1:15,551,566,16,1:15,,,0,,,,0,,,,0,,,,0,,1,10,15,17,1,,,,
asymmetric,4,12,0,a,6,0,1600,16,570,570,571,,,,614,581,596,16,1:15,597,612,16,1:15,598,613,16,1:15,,,0,,,,0,,,,0,,,,0,,1,10,15,17,1,,,,
asymmetric,4,13,0,a,6,16,1728,16,617,617,618,,,,661,628,643,16,1:15,644,659,16,1:15,645,660,16,1:15,,,0,,,,0,,,,0,,,,0,,1,10,15,17,1,,,,
asymmetric,4,14,0,a,7,0,1856,16,664,664,665,,,,708,675,690,16,1:15,691,706,16,1:15,692,707,16,1:15,,,0,,,,0,,,,0,,,,0,,1,10,15,17,1,,,,
asymmetric,4,15,0,a,7,16,1984,16,711,711,712,,,,755,722,737,16,1:15,738,753,16,1:15,739,754,16,1:15,,,0,,,,0,,,,0,,,,0,,1,10,15,17,1,,,,
asymmetric,4,16,0,bt,0,0,16832,16,763,763,764,,,,807,774,789,16,1:15,790,805,16,1:15,791,806,16,1:15,,,0,,,,0,,,,0,,,,0,,1,10,15,17,1,,,,
asymmetric,4,17,0,bt,0,16,16960,16,810,810,811,,,,854,821,836,16,1:15,837,852,16,1:15,838,853,16,1:15,,,0,,,,0,,,,0,,,,0,,1,10,15,17,1,,,,
asymmetric,4,18,0,bt,1,0,17088,16,857,857,858,,,,901,868,883,16,1:15,884,899,16,1:15,885,900,16,1:15,,,0,,,,0,,,,0,,,,0,,1,10,15,17,1,,,,
asymmetric,4,19,0,bt,1,16,17216,16,904,904,905,,,,948,915,930,16,1:15,931,946,16,1:15,932,947,16,1:15,,,0,,,,0,,,,0,,,,0,,1,10,15,17,1,,,,
asymmetric,4,20,0,bt,2,0,17344,16,951,951,952,,,,995,962,977,16,1:15,978,993,16,1:15,979,994,16,1:15,,,0,,,,0,,,,0,,,,0,,1,10,15,17,1,,,,
asymmetric,4,21,0,bt,2,16,17472,16,998,998,999,,,,1042,1009,1024,16,1:15,1025,1040,16,1:15,1026,1041,16,1:15,,,0,,,,0,,,,0,,,,0,,1,10,15,17,1,,,,
asymmetric,4,22,0,bt,3,0,17600,16,1045,1045,1046,,,,1089,1056,1071,16,1:15,1072,1087,16,1:15,1073,1088,16,1:15,,,0,,,,0,,,,0,,,,0,,1,10,15,17,1,,,,
asymmetric,4,23,0,bt,3,16,17728,16,1092,1092,1093,,,,1136,1103,1118,16,1:15,1119,1134,16,1:15,1120,1135,16,1:15,,,0,,,,0,,,,0,,,,0,,1,10,15,17,1,,,,
asymmetric,4,24,0,bt,4,0,17856,16,1139,1139,1140,,,,1183,1150,1165,16,1:15,1166,1181,16,1:15,1167,1182,16,1:15,,,0,,,,0,,,,0,,,,0,,1,10,15,17,1,,,,
asymmetric,4,25,0,bt,4,16,17984,16,1186,1186,1187,,,,1230,1197,1212,16,1:15,1213,1228,16,1:15,1214,1229,16,1:15,,,0,,,,0,,,,0,,,,0,,1,10,15,17,1,,,,
asymmetric,4,26,0,bt,5,0,18112,16,1233,1233,1234,,,,1277,1244,1259,16,1:15,1260,1275,16,1:15,1261,1276,16,1:15,,,0,,,,0,,,,0,,,,0,,1,10,15,17,1,,,,
asymmetric,4,27,0,bt,5,16,18240,16,1280,1280,1281,,,,1324,1291,1306,16,1:15,1307,1322,16,1:15,1308,1323,16,1:15,,,0,,,,0,,,,0,,,,0,,1,10,15,17,1,,,,
asymmetric,4,28,0,bt,6,0,18368,16,1327,1327,1328,,,,1371,1338,1353,16,1:15,1354,1369,16,1:15,1355,1370,16,1:15,,,0,,,,0,,,,0,,,,0,,1,10,15,17,1,,,,
asymmetric,4,29,0,bt,6,16,18496,16,1374,1374,1375,,,,1418,1385,1400,16,1:15,1401,1416,16,1:15,1402,1417,16,1:15,,,0,,,,0,,,,0,,,,0,,1,10,15,17,1,,,,
asymmetric,4,30,0,bt,7,0,18624,16,1421,1421,1422,,,,1465,1432,1447,16,1:15,1448,1463,16,1:15,1449,1464,16,1:15,,,0,,,,0,,,,0,,,,0,,1,10,15,17,1,,,,
asymmetric,4,31,0,bt,7,16,18752,16,1468,1468,1469,,,,1512,1479,1494,16,1:15,1495,1510,16,1:15,1496,1511,16,1:15,,,0,,,,0,,,,0,,,,0,,1,10,15,17,1,,,,
asymmetric,4,32,0,c,0,0,33088,4,2602,2602,,2619,2618,2630,2631,,,0,,,,0,,,,0,,2603,2615,4,4:3,2605,2617,4,4:3,2606,2618,4,4:3,2619,2622,4,1:3,,,,,,16,4,8,1
asymmetric,4,33,0,c,1,0,33344,4,2634,2634,,2651,2650,2662,2663,,,0,,,,0,,,,0,,2635,2647,4,4:3,2637,2649,4,4:3,2638,2650,4,4:3,2651,2654,4,1:3,,,,,,16,4,8,1
asymmetric,4,34,0,c,2,0,33600,4,2666,2666,,2683,2682,2694,2695,,,0,,,,0,,,,0,,2667,2679,4,4:3,2669,2681,4,4:3,2670,2682,4,4:3,2683,2686,4,1:3,,,,,,16,4,8,1
asymmetric,4,35,0,c,3,0,33856,4,2698,2698,,2715,2714,2726,2727,,,0,,,,0,,,,0,,2699,2711,4,4:3,2701,2713,4,4:3,2702,2714,4,4:3,2715,2718,4,1:3,,,,,,16,4,8,1
asymmetric,4,36,0,c,4,0,34112,4,2730,2730,,2747,2746,2758,2759,,,0,,,,0,,,,0,,2731,2743,4,4:3,2733,2745,4,4:3,2734,2746,4,4:3,2747,2750,4,1:3,,,,,,16,4,8,1
asymmetric,4,37,0,c,5,0,34368,4,2762,2762,,2779,2778,2790,2791,,,0,,,,0,,,,0,,2763,2775,4,4:3,2765,2777,4,4:3,2766,2778,4,4:3,2779,2782,4,1:3,,,,,,16,4,8,1
asymmetric,4,38,0,c,6,0,34624,4,2794,2794,,2811,2810,2822,2823,,,0,,,,0,,,,0,,2795,2807,4,4:3,2797,2809,4,4:3,2798,2810,4,4:3,2811,2814,4,1:3,,,,,,16,4,8,1
asymmetric,4,39,0,c,7,0,34880,4,2826,2826,,2843,2842,2854,2855,,,0,,,,0,,,,0,,2827,2839,4,4:3,2829,2841,4,4:3,2830,2842,4,4:3,2843,2846,4,1:3,,,,,,16,4,8,1
asymmetric,4,40,1,a,0,0,64,16,2864,2864,2865,,,,2908,2875,2890,16,1:15,2891,2906,16,1:15,2892,2907,16,1:15,,,0,,,,0,,,,0,,,,0,,1,10,15,17,1,,,,
asymmetric,4,41,1,a,0,16,192,16,2911,2911,2912,,,,2955,2922,2937,16,1:15,2938,2953,16,1:15,2939,2954,16,1:15,,,0,,,,0,,,,0,,,,0,,1,10,15,17,1,,,,
asymmetric,4,42,1,a,1,0,320,16,2958,2958,2959,,,,3002,2969,2984,16,1:15,2985,3000,16,1:15,2986,3001,16,1:15,,,0,,,,0,,,,0,,,,0,,1,10,15,17,1,,,,
asymmetric,4,43,1,a,1,16,448,16,3005,3005,3006,,,,3049,3016,3031,16,1:15,3032,3047,16,1:15,3033,3048,16,1:15,,,0,,,,0,,,,0,,,,0,,1,10,15,17,1,,,,
asymmetric,4,44,1,a,2,0,576,16,3052,3052,3053,,,,3096,3063,3078,16,1:15,3079,3094,16,1:15,3080,3095,16,1:15,,,0,,,,0,,,,0,,,,0,,1,10,15,17,1,,,,
asymmetric,4,45,1,a,2,16,704,16,3099,3099,3100,,,,3143,3110,3125,16,1:15,3126,3141,16,1:15,3127,3142,16,1:15,,,0,,,,0,,,,0,,,,0,,1,10,15,17,1,,,,
asymmetric,4,46,1,a,3,0,832,16,3146,3146,3147,,,,3190,3157,3172,16,1:15,3173,3188,16,1:15,3174,3189,16,1:15,,,0,,,,0,,,,0,,,,0,,1,10,15,17,1,,,,
asymmetric,4,47,1,a,3,16,960,16,3193,3193,3194,,,,3237,3204,3219,16,1:15,3220,3235,16,1:15,3221,3236,16,1:15,,,0,,,,0,,,,0,,,,0,,1,10,15,17,1,,,,
asymmetric,4,48,1,a,4,0,1088,16,3240,3240,3241,,,,3284,3251,3266,16,1:15,3267,3282,16,1:15,3268,3283,16,1:15,,,0,,,,0,,,,0,,,,0,,1,10,15,17,1,,,,
asymmetric,4,49,1,a,4,16,1216,16,3287,3287,3288,,,,3331,3298,3313,16,1:15,3314,3329,16,1:15,3315,3330,16,1:15,,,0,,,,0,,,,0,,,,0,,1,10,15,17,1,,,,
asymmetric,4,50,1,a,5,0,1344,16,3334,3334,3335,,,,3378,3345,3360,16,1:15,3361,3376,16,1:15,3362,3377,16,1:15,,,0,,,,0,,,,0,,,,0,,1,10,15,17,1,,,,
asymmetric,4,51,1,a,5,16,1472,16,3381,3381,3382,,,,3425,3392,3407,16,1:15,3408,3423,16,1:15,3409,3424,16,1:15,,,0,,,,0,,,,0,,,,0,,1,10,15,17,1,,,,
asymmetric,4,52,1,a,6,0,1600,16,3428,3428,3429,,,,3472,3439,3454,16,1:15,3455,3470,16,1:15,3456,3471,16,1:15,,,0,,,,0,,,,0,,,,0,,1,10,15,17,1,,,,
asymmetric,4,53,1,a,6,16,1728,16,3475,3475,3476,,,,3519,3486,3501,16,1:15,3502,3517,16,1:15,3503,3518,16,1:15,,,0,,,,0,,,,0,,,,0,,1,10,15,17,1,,,,
asymmetric,4,54,1,a,7,0,1856,16,3522,3522,3523,,,,3566,3533,3548,16,1:15,3549,3564,16,1:15,3550,3565,16,1:15,,,0,,,,0,,,,0,,,,0,,1,10,15,17,1,,,,
asymmetric,4,55,1,a,7,16,1984,16,3569,3569,3570,,,,3613,3580,3595,16,1:15,3596,3611,16,1:15,3597,3612,16,1:15,,,0,,,,0,,,,0,,,,0,,1,10,15,17,1,,,,
asymmetric,4,56,1,bt,0,0,18880,16,3621,3621,3622,,,,3665,3632,3647,16,1:15,3648,3663,16,1:15,3649,3664,16,1:15,,,0,,,,0,,,,0,,,,0,,1,10,15,17,1,,,,
asymmetric,4,57,1,bt,0,16,19008,16,3668,3668,3669,,,,3712,3679,3694,16,1:15,3695,3710,16,1:15,3696,3711,16,1:15,,,0,,,,0,,,,0,,,,0,,1,10,15,17,1,,,,
asymmetric,4,58,1,bt,1,0,19136,16,3715,3715,3716,,,,3759,3726,3741,16,1:15,3742,3757,16,1:15,3743,3758,16,1:15,,,0,,,,0,,,,0,,,,0,,1,10,15,17,1,,,,
asymmetric,4,59,1,bt,1,16,19264,16,3762,3762,3763,,,,3806,3773,3788,16,1:15,3789,3804,16,1:15,3790,3805,16,1:15,,,0,,,,0,,,,0,,,,0,,1,10,15,17,1,,,,
asymmetric,4,60,1,bt,2,0,19392,16,3809,3809,3810,,,,3853,3820,3835,16,1:15,3836,3851,16,1:15,3837,3852,16,1:15,,,0,,,,0,,,,0,,,,0,,1,10,15,17,1,,,,
asymmetric,4,61,1,bt,2,16,19520,16,3856,3856,3857,,,,3900,3867,3882,16,1:15,3883,3898,16,1:15,3884,3899,16,1:15,,,0,,,,0,,,,0,,,,0,,1,10,15,17,1,,,,
asymmetric,4,62,1,bt,3,0,19648,16,3903,3903,3904,,,,3947,3914,3929,16,1:15,3930,3945,16,1:15,3931,3946,16,1:15,,,0,,,,0,,,,0,,,,0,,1,10,15,17,1,,,,
asymmetric,4,63,1,bt,3,16,19776,16,3950,3950,3951,,,,3994,3961,3976,16,1:15,3977,3992,16,1:15,3978,3993,16,1:15,,,0,,,,0,,,,0,,,,0,,1,10,15,17,1,,,,
asymmetric,4,64,1,bt,4,0,19904,16,3997,3997,3998,,,,4041,4008,4023,16,1:15,4024,4039,16,1:15,4025,4040,16,1:15,,,0,,,,0,,,,0,,,,0,,1,10,15,17,1,,,,
asymmetric,4,65,1,bt,4,16,20032,16,4044,4044,4045,,,,4088,4055,4070,16,1:15,4071,4086,16,1:15,4072,4087,16,1:15,,,0,,,,0,,,,0,,,,0,,1,10,15,17,1,,,,
asymmetric,4,66,1,bt,5,0,20160,16,4091,4091,4092,,,,4135,4102,4117,16,1:15,4118,4133,16,1:15,4119,4134,16,1:15,,,0,,,,0,,,,0,,,,0,,1,10,15,17,1,,,,
asymmetric,4,67,1,bt,5,16,20288,16,4138,4138,4139,,,,4182,4149,4164,16,1:15,4165,4180,16,1:15,4166,4181,16,1:15,,,0,,,,0,,,,0,,,,0,,1,10,15,17,1,,,,
asymmetric,4,68,1,bt,6,0,20416,8,4185,4185,4186,,,,4213,4196,4203,8,1:7,4204,4211,8,1:7,4205,4212,8,1:7,,,0,,,,0,,,,0,,,,0,,1,10,7,9,1,,,,
asymmetric,4,69,1,bt,6,8,20480,16,4216,4216,4217,,,,4260,4227,4242,16,1:15,4243,4258,16,1:15,4244,4259,16,1:15,,,0,,,,0,,,,0,,,,0,,1,10,15,17,1,,,,
asymmetric,4,70,1,bt,6,24,20608,8,4263,4263,4264,,,,4291,4274,4281,8,1:7,4282,4289,8,1:7,4283,4290,8,1:7,,,0,,,,0,,,,0,,,,0,,1,10,7,9,1,,,,
asymmetric,4,71,1,bt,7,0,20672,16,4294,4294,4295,,,,4338,4305,4320,16,1:15,4321,4336,16,1:15,4322,4337,16,1:15,,,0,,,,0,,,,0,,,,0,,1,10,15,17,1,,,,
asymmetric,4,72,1,bt,7,16,20800,16,4341,4341,4342,,,,4385,4352,4367,16,1:15,4368,4383,16,1:15,4369,4384,16,1:15,,,0,,,,0,,,,0,,,,0,,1,10,15,17,1,,,,
asymmetric,4,73,1,c,0,0,33120,4,5475,5475,,5492,5491,5503,5504,,,0,,,,0,,,,0,,5476,5488,4,4:3,5478,5490,4,4:3,5479,5491,4,4:3,5492,5495,4,1:3,,,,,,16,4,8,1
asymmetric,4,74,1,c,1,0,33376,4,5507,5507,,5524,5523,5535,5536,,,0,,,,0,,,,0,,5508,5520,4,4:3,5510,5522,4,4:3,5511,5523,4,4:3,5524,5527,4,1:3,,,,,,16,4,8,1
asymmetric,4,75,1,c,2,0,33632,4,5539,5539,,5556,5555,5567,5568,,,0,,,,0,,,,0,,5540,5552,4,4:3,5542,5554,4,4:3,5543,5555,4,4:3,5556,5559,4,1:3,,,,,,16,4,8,1
asymmetric,4,76,1,c,3,0,33888,4,5571,5571,,5588,5587,5599,5600,,,0,,,,0,,,,0,,5572,5584,4,4:3,5574,5586,4,4:3,5575,5587,4,4:3,5588,5591,4,1:3,,,,,,16,4,8,1
asymmetric,4,77,1,c,4,0,34144,4,5603,5603,,5620,5619,5631,5632,,,0,,,,0,,,,0,,5604,5616,4,4:3,5606,5618,4,4:3,5607,5619,4,4:3,5620,5623,4,1:3,,,,,,16,4,8,1
asymmetric,4,78,1,c,5,0,34400,4,5635,5635,,5652,5651,5663,5664,,,0,,,,0,,,,0,,5636,5648,4,4:3,5638,5650,4,4:3,5639,5651,4,4:3,5652,5655,4,1:3,,,,,,16,4,8,1
asymmetric,4,79,1,c,6,0,34656,4,5667,5667,,5684,5683,5695,5696,,,0,,,,0,,,,0,,5668,5680,4,4:3,5670,5682,4,4:3,5671,5683,4,4:3,5684,5687,4,1:3,,,,,,16,4,8,1
asymmetric,4,80,1,c,7,0,34912,4,5699,5699,,5716,5715,5727,5728,,,0,,,,0,,,,0,,5700,5712,4,4:3,5702,5714,4,4:3,5703,5715,4,4:3,5716,5719,4,1:3,,,,,,16,4,8,1
asymmetric,4,81,2,a,0,0,64,16,5737,5737,5738,,,,5781,5748,5763,16,1:15,5764,5779,16,1:15,5765,5780,16,1:15,,,0,,,,0,,,,0,,,,0,,1,10,15,17,1,,,,
asymmetric,4,82,2,a,0,16,192,16,5784,5784,5785,,,,5828,5795,5810,16,1:15,5811,5826,16,1:15,5812,5827,16,1:15,,,0,,,,0,,,,0,,,,0,,1,10,15,17,1,,,,
asymmetric,4,83,2,a,1,0,320,16,5831,5831,5832,,,,5875,5842,5857,16,1:15,5858,5873,16,1:15,5859,5874,16,1:15,,,0,,,,0,,,,0,,,,0,,1,10,15,17,1,,,,
asymmetric,4,84,2,a,1,16,448,16,5878,5878,5879,,,,5922,5889,5904,16,1:15,5905,5920,16,1:15,5906,5921,16,1:15,,,0,,,,0,,,,0,,,,0,,1,10,15,17,1,,,,
asymmetric,4,85,2,a,2,0,576,16,5925,5925,5926,,,,5969,5936,5951,16,1:15,5952,5967,16,1:15,5953,5968,16,1:15,,,0,,,,0,,,,0,,,,0,,1,10,15,17,1,,,,
asymmetric,4,86,2,a,2,16,704,16,5972,5972,5973,,,,6016,5983,5998,16,1:15,5999,6014,16,1:15,6000,6015,16,1:15,,,0,,,,0,,,,0,,,,0,,1,10,15,17,1,,,,
asymmetric,4,87,2,a,3,0,832,16,6019,6019,6020,,,,6063,6030,6045,16,1:15,6046,6061,16,1:15,6047,6062,16,1:15,,,0,,,,0,,,,0,,,,0,,1,10,15,17,1,,,,
asymmetric,4,88,2,a,3,16,960,16,6066,6066,6067,,,,6110,6077,6092,16,1:15,6093,6108,16,1:15,6094,6109,16,1:15,,,0,,,,0,,,,0,,,,0,,1,10,15,17,1,,,,
asymmetric,4,89,2,a,4,0,1088,16,6113,6113,6114,,,,6157,6124,6139,16,1:15,6140,6155,16,1:15,6141,6156,16,1:15,,,0,,,,0,,,,0,,,,0,,1,10,15,17,1,,,,
asymmetric,4,90,2,a,4,16,1216,16,6160,6160,6161,,,,6204,6171,6186,16,1:15,6187,6202,16,1:15,6188,6203,16,1:15,,,0,,,,0,,,,0,,,,0,,1,10,15,17,1,,,,
asymmetric,4,91,2,a,5,0,1344,16,6207,6207,6208,,,,6251,6218,6233,16,1:15,6234,6249,16,1:15,6235,6250,16,1:15,,,0,,,,0,,,,0,,,,0,,1,10,15,17,1,,,,
asymmetric,4,92,2,a,5,16,1472,16,6254,6254,6255,,,,6298,6265,6280,16,1:15,6281,6296,16,1:15,6282,6297,16,1:15,,,0,,,,0,,,,0,,,,0,,1,10,15,17,1,,,,
asymmetric,4,93,2,a,6,0,1600,16,6301,6301,6302,,,,6345,6312,6327,16,1:15,6328,6343,16,1:15,6329,6344,16,1:15,,,0,,,,0,,,,0,,,,0,,1,10,15,17,1,,,,
asymmetric,4,94,2,a,6,16,1728,16,6348,6348,6349,,,,6392,6359,6374,16,1:15,6375,6390,16,1:15,6376,6391,16,1:15,,,0,,,,0,,,,0,,,,0,,1,10,15,17,1,,,,
asymmetric,4,95,2,a,7,0,1856,16,6395,6395,6396,,,,6439,6406,6421,16,1:15,6422,6437,16,1:15,6423,6438,16,1:15,,,0,,,,0,,,,0,,,,0,,1,10,15,17,1,,,,
asymmetric,4,96,2,a,7,16,1984,16,6442,6442,6443,,,,6486,6453,6468,16,1:15,6469,6484,16,1:15,6470,6485,16,1:15,,,0,,,,0,,,,0,,,,0,,1,10,15,17,1,,,,
asymmetric,4,97,2,bt,0,0,20928,16,6494,6494,6495,,,,6538,6505,6520,16,1:15,6521,6536,16,1:15,6522,6537,16,1:15,,,0,,,,0,,,,0,,,,0,,1,10,15,17,1,,,,
asymmetric,4,98,2,bt,0,16,21056,16,6541,6541,6542,,,,6585,6552,6567,16,1:15,6568,6583,16,1:15,6569,6584,16,1:15,,,0,,,,0,,,,0,,,,0,,1,10,15,17,1,,,,
asymmetric,4,99,2,bt,1,0,21184,16,6588,6588,6589,,,,6632,6599,6614,16,1:15,6615,6630,16,1:15,6616,6631,16,1:15,,,0,,,,0,,,,0,,,,0,,1,10,15,17,1,,,,
asymmetric,4,100,2,bt,1,16,21312,16,6635,6635,6636,,,,6679,6646,6661,16,1:15,6662,6677,16,1:15,6663,6678,16,1:15,,,0,,,,0,,,,0,,,,0,,1,10,15,17,1,,,,
asymmetric,4,101,2,bt,2,0,21440,16,6682,6682,6683,,,,6726,6693,6708,16,1:15,6709,6724,16,1:15,6710,6725,16,1:15,,,0,,,,0,,,,0,,,,0,,1,10,15,17,1,,,,
asymmetric,4,102,2,bt,2,16,21568,16,6729,6729,6730,,,,6773,6740,6755,16,1:15,6756,6771,16,1:15,6757,6772,16,1:15,,,0,,,,0,,,,0,,,,0,,1,10,15,17,1,,,,
asymmetric,4,103,2,bt,3,0,21696,16,6776,6776,6777,,,,6820,6787,6802,16,1:15,6803,6818,16,1:15,6804,6819,16,1:15,,,0,,,,0,,,,0,,,,0,,1,10,15,17,1,,,,
asymmetric,4,104,2,bt,3,16,21824,16,6823,6823,6824,,,,6867,6834,6849,16,1:15,6850,6865,16,1:15,6851,6866,16,1:15,,,0,,,,0,,,,0,,,,0,,1,10,15,17,1,,,,
asymmetric,4,105,2,bt,4,0,21952,16,6870,6870,6871,,,,6914,6881,6896,16,1:15,6897,6912,16,1:15,6898,6913,16,1:15,,,0,,,,0,,,,0,,,,0,,1,10,15,17,1,,,,
asymmetric,4,106,2,bt,4,16,22080,16,6917,6917,6918,,,,6961,6928,6943,16,1:15,6944,6959,16,1:15,6945,6960,16,1:15,,,0,,,,0,,,,0,,,,0,,1,10,15,17,1,,,,
asymmetric,4,107,2,bt,5,0,22208,16,6964,6964,6965,,,,7008,6975,6990,16,1:15,6991,7006,16,1:15,6992,7007,16,1:15,,,0,,,,0,,,,0,,,,0,,1,10,15,17,1,,,,
asymmetric,4,108,2,bt,5,16,22336,16,7011,7011,7012,,,,7055,7022,7037,16,1:15,7038,7053,16,1:15,7039,7054,16,1:15,,,0,,,,0,,,,0,,,,0,,1,10,15,17,1,,,,
asymmetric,4,109,2,bt,6,0,22464,16,7058,7058,7059,,,,7102,7069,7084,16,1:15,7085,7100,16,1:15,7086,7101,16,1:15,,,0,,,,0,,,,0,,,,0,,1,10,15,17,1,,,,
asymmetric,4,110,2,bt,6,16,22592,16,7105,7105,7106,,,,7149,7116,7131,16,1:15,7132,7147,16,1:15,7133,7148,16,1:15,,,0,,,,0,,,,0,,,,0,,1,10,15,17,1,,,,
asymmetric,4,111,2,bt,7,0,22720,16,7152,7152,7153,,,,7196,7163,7178,16,1:15,7179,7194,16,1:15,7180,7195,16,1:15,,,0,,,,0,,,,0,,,,0,,1,10,15,17,1,,,,
asymmetric,4,112,2,bt,7,16,22848,16,7199,7199,7200,,,,7243,7210,7225,16,1:15,7226,7241,16,1:15,7227,7242,16,1:15,,,0,,,,0,,,,0,,,,0,,1,10,15,17,1,,,,
asymmetric,4,113,2,c,0,0,33152,4,8333,8333,,8350,8349,8361,8362,,,0,,,,0,,,,0,,8334,8346,4,4:3,8336,8348,4,4:3,8337,8349,4,4:3,8350,8353,4,1:3,,,,,,16,4,8,1
asymmetric,4,114,2,c,1,0,33408,4,8365,8365,,8382,8381,8393,8394,,,0,,,,0,,,,0,,8366,8378,4,4:3,8368,8380,4,4:3,8369,8381,4,4:3,8382,8385,4,1:3,,,,,,16,4,8,1
asymmetric,4,115,2,c,2,0,33664,4,8397,8397,,8414,8413,8425,8426,,,0,,,,0,,,,0,,8398,8410,4,4:3,8400,8412,4,4:3,8401,8413,4,4:3,8414,8417,4,1:3,,,,,,16,4,8,1
asymmetric,4,116,2,c,3,0,33920,4,8429,8429,,8446,8445,8457,8458,,,0,,,,0,,,,0,,8430,8442,4,4:3,8432,8444,4,4:3,8433,8445,4,4:3,8446,8449,4,1:3,,,,,,16,4,8,1
asymmetric,4,117,2,c,4,0,34176,4,8461,8461,,8478,8477,8489,8490,,,0,,,,0,,,,0,,8462,8474,4,4:3,8464,8476,4,4:3,8465,8477,4,4:3,8478,8481,4,1:3,,,,,,16,4,8,1
asymmetric,4,118,2,c,5,0,34432,4,8493,8493,,8510,8509,8521,8522,,,0,,,,0,,,,0,,8494,8506,4,4:3,8496,8508,4,4:3,8497,8509,4,4:3,8510,8513,4,1:3,,,,,,16,4,8,1
asymmetric,4,119,2,c,6,0,34688,4,8525,8525,,8542,8541,8553,8554,,,0,,,,0,,,,0,,8526,8538,4,4:3,8528,8540,4,4:3,8529,8541,4,4:3,8542,8545,4,1:3,,,,,,16,4,8,1
asymmetric,4,120,2,c,7,0,34944,4,8557,8557,,8574,8573,8585,8586,,,0,,,,0,,,,0,,8558,8570,4,4:3,8560,8572,4,4:3,8561,8573,4,4:3,8574,8577,4,1:3,,,,,,16,4,8,1
asymmetric,4,121,3,a,0,0,64,16,8595,8595,8596,,,,8639,8606,8621,16,1:15,8622,8637,16,1:15,8623,8638,16,1:15,,,0,,,,0,,,,0,,,,0,,1,10,15,17,1,,,,
asymmetric,4,122,3,a,0,16,192,16,8642,8642,8643,,,,8686,8653,8668,16,1:15,8669,8684,16,1:15,8670,8685,16,1:15,,,0,,,,0,,,,0,,,,0,,1,10,15,17,1,,,,
asymmetric,4,123,3,a,1,0,320,16,8689,8689,8690,,,,8733,8700,8715,16,1:15,8716,8731,16,1:15,8717,8732,16,1:15,,,0,,,,0,,,,0,,,,0,,1,10,15,17,1,,,,
asymmetric,4,124,3,a,1,16,448,16,8736,8736,8737,,,,8780,8747,8762,16,1:15,8763,8778,16,1:15,8764,8779,16,1:15,,,0,,,,0,,,,0,,,,0,,1,10,15,17,1,,,,
asymmetric,4,125,3,a,2,0,576,16,8783,8783,8784,,,,8827,8794,8809,16,1:15,8810,8825,16,1:15,8811,8826,16,1:15,,,0,,,,0,,,,0,,,,0,,1,10,15,17,1,,,,
asymmetric,4,126,3,a,2,16,704,16,8830,8830,8831,,,,8874,8841,8856,16,1:15,8857,8872,16,1:15,8858,8873,16,1:15,,,0,,,,0,,,,0,,,,0,,1,10,15,17,1,,,,
asymmetric,4,127,3,a,3,0,832,16,8877,8877,8878,,,,8921,8888,8903,16,1:15,8904,8919,16,1:15,8905,8920,16,1:15,,,0,,,,0,,,,0,,,,0,,1,10,15,17,1,,,,
asymmetric,4,128,3,a,3,16,960,16,8924,8924,8925,,,,8968,8935,8950,16,1:15,8951,8966,16,1:15,8952,8967,16,1:15,,,0,,,,0,,,,0,,,,0,,1,10,15,17,1,,,,
asymmetric,4,129,3,a,4,0,1088,16,8971,8971,8972,,,,9015,8982,8997,16,1:15,8998,9013,16,1:15,8999,9014,16,1:15,,,0,,,,0,,,,0,,,,0,,1,10,15,17,1,,,,
asymmetric,4,130,3,a,4,16,1216,16,9018,9018,9019,,,,9062,9029,9044,16,1:15,9045,9060,16,1:15,9046,9061,16,1:15,,,0,,,,0,,,,0,,,,0,,1,10,15,17,1,,,,
asymmetric,4,131,3,a,5,0,1344,16,9065,9065,9066,,,,9109,9076,9091,16,1:15,9092,9107,16,1:15,9093,9108,16,1:15,,,0,,,,0,,,,0,,,,0,,1,10,15,17,1,,,,
asymmetric,4,132,3,a,5,16,1472,16,9112,9112,9113,,,,9156,9123,9138,16,1:15,9139,9154,16,1:15,9140,9155,16,1:15,,,0,,,,0,,,,0,,,,0,,1,10,15,17,1,,,,
asymmetric,4,133,3,a,6,0,1600,16,9159,9159,9160,,,,9203,9170,9185,16,1:15,9186,9201,16,1:15,9187,9202,16,1:15,,,0,,,,0,,,,0,,,,0,,1,10,15,17,1,,,,
asymmetric,4,134,3,a,6,16,1728,16,9206,9206,9207,,,,9250,9217,9232,16,1:15,9233,9248,16,1:15,9234,9249,16,1:15,,,0,,,,0,,,,0,,,,0,,1,10,15,17,1,,,,
asymmetric,4,135,3,a,7,0,1856,16,9253,9253,9254,,,,9297,9264,9279,16,1:15,9280,9295,16,1:15,9281,9296,16,1:15,,,0,,,,0,,,,0,,,,0,,1,10,15,17,1,,,,
asymmetric,4,136,3,a,7,16,1984,16,9300,9300,9301,,,,9344,9311,9326,16,1:15,9327,9342,16,1:15,9328,9343,16,1:15,,,0,,,,0,,,,0,,,,0,,1,10,15,17,1,,,,
asymmetric,4,137,3,bt,0,0,22976,16,9352,9352,9353,,,,9396,9363,9378,16,1:15,9379,9394,16,1:15,9380,9395,16,1:15,,,0,,,,0,,,,0,,,,0,,1,10,15,17,1,,,,
asymmetric,4,138,3,bt,0,16,23104,16,9399,9399,9400,,,,9443,9410,9425,16,1:15,9426,9441,16,1:15,9427,9442,16,1:15,,,0,,,,0,,,,0,,,,0,,1,10,15,17,1,,,,
asymmetric,4,139,3,bt,1,0,23232,16,9446,9446,9447,,,,9490,9457,9472,16,1:15,9473,9488,16,1:15,9474,9489,16,1:15,,,0,,,,0,,,,0,,,,0,,1,10,15,17,1,,,,
asymmetric,4,140,3,bt,1,16,23360,16,9493,9493,9494,,,,9537,9504,9519,16,1:15,9520,9535,16,1:15,9521,9536,16,1:15,,,0,,,,0,,,,0,,,,0,,1,10,15,17,1,,,,
asymmetric,4,141,3,bt,2,0,23488,16,9540,9540,9541,,,,9584,9551,9566,16,1:15,9567,9582,16,1:15,9568,9583,16,1:15,,,0,,,,0,,,,0,,,,0,,1,10,15,17,1,,,,
asymmetric,4,142,3,bt,2,16,23616,16,9587,9587,9588,,,,9631,9598,9613,16,1:15,9614,9629,16,1:15,9615,9630,16,1:15,,,0,,,,0,,,,0,,,,0,,1,10,15,17,1,,,,
asymmetric,4,143,3,bt,3,0,23744,16,9634,9634,9635,,,,9678,9645,9660,16,1:15,9661,9676,16,1:15,9662,9677,16,1:15,,,0,,,,0,,,,0,,,,0,,1,10,15,17,1,,,,
asymmetric,4,144,3,bt,3,16,23872,16,9681,9681,9682,,,,9725,9692,9707,16,1:15,9708,9723,16,1:15,9709,9724,16,1:15,,,0,,,,0,,,,0,,,,0,,1,10,15,17,1,,,,
asymmetric,4,145,3,bt,4,0,24000,16,9728,9728,9729,,,,9772,9739,9754,16,1:15,9755,9770,16,1:15,9756,9771,16,1:15,,,0,,,,0,,,,0,,,,0,,1,10,15,17,1,,,,
asymmetric,4,146,3,bt,4,16,24128,16,9775,9775,9776,,,,9819,9786,9801,16,1:15,9802,9817,16,1:15,9803,9818,16,1:15,,,0,,,,0,,,,0,,,,0,,1,10,15,17,1,,,,
asymmetric,4,147,3,bt,5,0,24256,16,9822,9822,9823,,,,9866,9833,9848,16,1:15,9849,9864,16,1:15,9850,9865,16,1:15,,,0,,,,0,,,,0,,,,0,,1,10,15,17,1,,,,
asymmetric,4,148,3,bt,5,16,24384,16,9869,9869,9870,,,,9913,9880,9895,16,1:15,9896,9911,16,1:15,9897,9912,16,1:15,,,0,,,,0,,,,0,,,,0,,1,10,15,17,1,,,,
asymmetric,4,149,3,bt,6,0,24512,8,9916,9916,9917,,,,9944,9927,9934,8,1:7,9935,9942,8,1:7,9936,9943,8,1:7,,,0,,,,0,,,,0,,,,0,,1,10,7,9,1,,,,
asymmetric,4,150,3,bt,6,8,24576,16,9947,9947,9948,,,,9991,9958,9973,16,1:15,9974,9989,16,1:15,9975,9990,16,1:15,,,0,,,,0,,,,0,,,,0,,1,10,15,17,1,,,,
asymmetric,4,151,3,bt,6,24,24704,8,9994,9994,9995,,,,10022,10005,10012,8,1:7,10013,10020,8,1:7,10014,10021,8,1:7,,,0,,,,0,,,,0,,,,0,,1,10,7,9,1,,,,
asymmetric,4,152,3,bt,7,0,24768,16,10025,10025,10026,,,,10069,10036,10051,16,1:15,10052,10067,16,1:15,10053,10068,16,1:15,,,0,,,,0,,,,0,,,,0,,1,10,15,17,1,,,,
asymmetric,4,153,3,bt,7,16,24896,16,10072,10072,10073,,,,10116,10083,10098,16,1:15,10099,10114,16,1:15,10100,10115,16,1:15,,,0,,,,0,,,,0,,,,0,,1,10,15,17,1,,,,
asymmetric,4,154,3,c,0,0,33184,4,11206,11206,,11223,11222,11234,11235,,,0,,,,0,,,,0,,11207,11219,4,4:3,11209,11221,4,4:3,11210,11222,4,4:3,11223,11226,4,1:3,,,,,,16,4,8,1
asymmetric,4,155,3,c,1,0,33440,4,11238,11238,,11255,11254,11266,11267,,,0,,,,0,,,,0,,11239,11251,4,4:3,11241,11253,4,4:3,11242,11254,4,4:3,11255,11258,4,1:3,,,,,,16,4,8,1
asymmetric,4,156,3,c,2,0,33696,4,11270,11270,,11287,11286,11298,11299,,,0,,,,0,,,,0,,11271,11283,4,4:3,11273,11285,4,4:3,11274,11286,4,4:3,11287,11290,4,1:3,,,,,,16,4,8,1
asymmetric,4,157,3,c,3,0,33952,4,11302,11302,,11319,11318,11330,11331,,,0,,,,0,,,,0,,11303,11315,4,4:3,11305,11317,4,4:3,11306,11318,4,4:3,11319,11322,4,1:3,,,,,,16,4,8,1
asymmetric,4,158,3,c,4,0,34208,4,11334,11334,,11351,11350,11362,11363,,,0,,,,0,,,,0,,11335,11347,4,4:3,11337,11349,4,4:3,11338,11350,4,4:3,11351,11354,4,1:3,,,,,,16,4,8,1
asymmetric,4,159,3,c,5,0,34464,4,11366,11366,,11383,11382,11394,11395,,,0,,,,0,,,,0,,11367,11379,4,4:3,11369,11381,4,4:3,11370,11382,4,4:3,11383,11386,4,1:3,,,,,,16,4,8,1
asymmetric,4,160,3,c,6,0,34720,4,11398,11398,,11415,11414,11426,11427,,,0,,,,0,,,,0,,11399,11411,4,4:3,11401,11413,4,4:3,11402,11414,4,4:3,11415,11418,4,1:3,,,,,,16,4,8,1
asymmetric,4,161,3,c,7,0,34976,4,11430,11430,,11447,11446,11458,11459,,,0,,,,0,,,,0,,11431,11443,4,4:3,11433,11445,4,4:3,11434,11446,4,4:3,11447,11450,4,1:3,,,,,,16,4,8,1
asymmetric,4,162,4,a,0,0,64,16,11468,11468,11469,,,,11512,11479,11494,16,1:15,11495,11510,16,1:15,11496,11511,16,1:15,,,0,,,,0,,,,0,,,,0,,1,10,15,17,1,,,,
asymmetric,4,163,4,a,0,16,192,16,11515,11515,11516,,,,11559,11526,11541,16,1:15,11542,11557,16,1:15,11543,11558,16,1:15,,,0,,,,0,,,,0,,,,0,,1,10,15,17,1,,,,
asymmetric,4,164,4,a,1,0,320,16,11562,11562,11563,,,,11606,11573,11588,16,1:15,11589,11604,16,1:15,11590,11605,16,1:15,,,0,,,,0,,,,0,,,,0,,1,10,15,17,1,,,,
asymmetric,4,165,4,a,1,16,448,16,11609,11609,11610,,,,11653,11620,11635,16,1:15,11636,11651,16,1:15,11637,11652,16,1:15,,,0,,,,0,,,,0,,,,0,,1,10,15,17,1,,,,
asymmetric,4,166,4,a,2,0,576,16,11656,11656,11657,,,,11700,11667,11682,16,1:15,11683,11698,16,1:15,11684,11699,16,1:15,,,0,,,,0,,,,0,,,,0,,1,10,15,17,1,,,,
asymmetric,4,167,4,a,2,16,704,16,11703,11703,11704,,,,11747,11714,11729,16,1:15,11730,11745,16,1:15,11731,11746,16,1:15,,,0,,,,0,,,,0,,,,0,,1,10,15,17,1,,,,
asymmetric,4,168,4,a,3,0,832,16,11750,11750,11751,,,,11794,11761,11776,16,1:15,11777,11792,16,1:15,11778,11793,16,1:15,,,0,,,,0,,,,0,,,,0,,1,10,15,17,1,,,,
asymmetric,4,169,4,a,3,16,960,16,11797,11797,11798,,,,11841,11808,11823,16,1:15,11824,11839,16,1:15,11825,11840,16,1:15,,,0,,,,0,,,,0,,,,0,,1,10,15,17,1,,,,
asymmetric,4,170,4,a,4,0,1088,16,11844,11844,11845,,,,11888,11855,11870,16,1:15,11871,11886,16,1:15,11872,11887,16,1:15,,,0,,,,0,,,,0,,,,0,,1,10,15,17,1,,,,
asymmetric,4,171,4,a,4,16,1216,16,11891,11891,11892,,,,11935,11902,11917,16,1:15,11918,11933,16,1:15,11919,11934,16,1:15,,,0,,,,0,,,,0,,,,0,,1,10,15,17,1,,,,
asymmetric,4,172,4,a,5,0,1344,16,11938,11938,11939,,,,11982,11949,11964,16,1:15,11965,11980,16,1:15,11966,11981,16,1:15,,,0,,,,0,,,,0,,,,0,,1,10,15,17,1,,,,
asymmetric,4,173,4,a,5,16,1472,16,11985,11985,11986,,,,12029,11996,12011,16,1:15,12012,12027,16,1:15,12013,12028,16,1:15,,,0,,,,0,,,,0,,,,0,,1,10,15,17,1,,,,
asymmetric,4,174,4,a,6,0,1600,16,12032,12032,12033,,,,12076,12043,12058,16,1:15,12059,12074,16,1:15,12060,12075,16,1:15,,,0,,,,0,,,,0,,,,0,,1,10,15,17,1,,,,
asymmetric,4,175,4,a,6,16,1728,16,12079,12079,12080,,,,12123,12090,12105,16,1:15,12106,12121,16,1:15,12107,12122,16,1:15,,,0,,,,0,,,,0,,,,0,,1,10,15,17,1,,,,
asymmetric,4,176,4,a,7,0,1856,16,12126,12126,12127,,,,12170,12137,12152,16,1:15,12153,12168,16,1:15,12154,12169,16,1:15,,,0,,,,0,,,,0,,,,0,,1,10,15,17,1,,,,
asymmetric,4,177,4,a,7,16,1984,16,12173,12173,12174,,,,12217,12184,12199,16,1:15,12200,12215,16,1:15,12201,12216,16,1:15,,,0,,,,0,,,,0,,,,0,,1,10,15,17,1,,,,
asymmetric,4,178,4,bt,0,0,25024,16,12225,12225,12226,,,,12269,12236,12251,16,1:15,12252,12267,16,1:15,12253,12268,16,1:15,,,0,,,,0,,,,0,,,,0,,1,10,15,17,1,,,,
asymmetric,4,179,4,bt,0,16,25152,16,12272,12272,12273,,,,12316,12283,12298,16,1:15,12299,12314,16,1:15,12300,12315,16,1:15,,,0,,,,0,,,,0,,,,0,,1,10,15,17,1,,,,
asymmetric,4,180,4,bt,1,0,25280,16,12319,12319,12320,,,,12363,12330,12345,16,1:15,12346,12361,16,1:15,12347,12362,16,1:15,,,0,,,,0,,,,0,,,,0,,1,10,15,17,1,,,,
asymmetric,4,181,4,bt,1,16,25408,16,12366,12366,12367,,,,12410,12377,12392,16,1:15,12393,12408,16,1:15,12394,12409,16,1:15,,,0,,,,0,,,,0,,,,0,,1,10,15,17,1,,,,
asymmetric,4,182,4,bt,2,0,25536,16,12413,12413,12414,,,,12457,12424,12439,16,1:15,12440,12455,16,1:15,12441,12456,16,1:15,,,0,,,,0,,,,0,,,,0,,1,10,15,17,1,,,,
asymmetric,4,183,4,bt,2,16,25664,16,12460,12460,12461,,,,12504,12471,12486,16,1:15,12487,12502,16,1:15,12488,12503,16,1:15,,,0,,,,0,,,,0,,,,0,,1,10,15,17,1,,,,
asymmetric,4,184,4,bt,3,0,25792,16,12507,12507,12508,,,,12551,12518,12533,16,1:15,12534,12549,16,1:15,12535,12550,16,1:15,,,0,,,,0,,,,0,,,,0,,1,10,15,17,1,,,,
asymmetric,4,185,4,bt,3,16,25920,16,12554,12554,12555,,,,12598,12565,12580,16,1:15,12581,12596,16,1:15,12582,12597,16,1:15,,,0,,,,0,,,,0,,,,0,,1,10,15,17,1,,,,
asymmetric,4,186,4,bt,4,0,26048,16,12601,12601,12602,,,,12645,12612,12627,16,1:15,12628,12643,16,1:15,12629,12644,16,1:15,,,0,,,,0,,,,0,,,,0,,1,10,15,17,1,,,,
asymmetric,4,187,4,bt,4,16,26176,16,12648,12648,12649,,,,12692,12659,12674,16,1:15,12675,12690,16,1:15,12676,12691,16,1:15,,,0,,,,0,,,,0,,,,0,,1,10,15,17,1,,,,
asymmetric,4,188,4,bt,5,0,26304,16,12695,12695,12696,,,,12739,12706,12721,16,1:15,12722,12737,16,1:15,12723,12738,16,1:15,,,0,,,,0,,,,0,,,,0,,1,10,15,17,1,,,,
asymmetric,4,189,4,bt,5,16,26432,16,12742,12742,12743,,,,12786,12753,12768,16,1:15,12769,12784,16,1:15,12770,12785,16,1:15,,,0,,,,0,,,,0,,,,0,,1,10,15,17,1,,,,
asymmetric,4,190,4,bt,6,0,26560,16,12789,12789,12790,,,,12833,12800,12815,16,1:15,12816,12831,16,1:15,12817,12832,16,1:15,,,0,,,,0,,,,0,,,,0,,1,10,15,17,1,,,,
asymmetric,4,191,4,bt,6,16,26688,16,12836,12836,12837,,,,12880,12847,12862,16,1:15,12863,12878,16,1:15,12864,12879,16,1:15,,,0,,,,0,,,,0,,,,0,,1,10,15,17,1,,,,
asymmetric,4,192,4,bt,7,0,26816,16,12883,12883,12884,,,,12927,12894,12909,16,1:15,12910,12925,16,1:15,12911,12926,16,1:15,,,0,,,,0,,,,0,,,,0,,1,10,15,17,1,,,,
asymmetric,4,193,4,bt,7,16,26944,16,12930,12930,12931,,,,12974,12941,12956,16,1:15,12957,12972,16,1:15,12958,12973,16,1:15,,,0,,,,0,,,,0,,,,0,,1,10,15,17,1,,,,
asymmetric,4,194,4,c,0,0,33216,4,14064,14064,,14081,14080,14092,14093,,,0,,,,0,,,,0,,14065,14077,4,4:3,14067,14079,4,4:3,14068,14080,4,4:3,14081,14084,4,1:3,,,,,,16,4,8,1
asymmetric,4,195,4,c,1,0,33472,4,14096,14096,,14113,14112,14124,14125,,,0,,,,0,,,,0,,14097,14109,4,4:3,14099,14111,4,4:3,14100,14112,4,4:3,14113,14116,4,1:3,,,,,,16,4,8,1
asymmetric,4,196,4,c,2,0,33728,4,14128,14128,,14145,14144,14156,14157,,,0,,,,0,,,,0,,14129,14141,4,4:3,14131,14143,4,4:3,14132,14144,4,4:3,14145,14148,4,1:3,,,,,,16,4,8,1
asymmetric,4,197,4,c,3,0,33984,4,14160,14160,,14177,14176,14188,14189,,,0,,,,0,,,,0,,14161,14173,4,4:3,14163,14175,4,4:3,14164,14176,4,4:3,14177,14180,4,1:3,,,,,,16,4,8,1
asymmetric,4,198,4,c,4,0,34240,4,14192,14192,,14209,14208,14220,14221,,,0,,,,0,,,,0,,14193,14205,4,4:3,14195,14207,4,4:3,14196,14208,4,4:3,14209,14212,4,1:3,,,,,,16,4,8,1
asymmetric,4,199,4,c,5,0,34496,4,14224,14224,,14241,14240,14252,14253,,,0,,,,0,,,,0,,14225,14237,4,4:3,14227,14239,4,4:3,14228,14240,4,4:3,14241,14244,4,1:3,,,,,,16,4,8,1
asymmetric,4,200,4,c,6,0,34752,4,14256,14256,,14273,14272,14284,14285,,,0,,,,0,,,,0,,14257,14269,4,4:3,14259,14271,4,4:3,14260,14272,4,4:3,14273,14276,4,1:3,,,,,,16,4,8,1
asymmetric,4,201,4,c,7,0,35008,4,14288,14288,,14305,14304,14316,14317,,,0,,,,0,,,,0,,14289,14301,4,4:3,14291,14303,4,4:3,14292,14304,4,4:3,14305,14308,4,1:3,,,,,,16,4,8,1
asymmetric,4,202,5,a,0,0,64,16,14326,14326,14327,,,,14370,14337,14352,16,1:15,14353,14368,16,1:15,14354,14369,16,1:15,,,0,,,,0,,,,0,,,,0,,1,10,15,17,1,,,,
asymmetric,4,203,5,a,0,16,192,16,14373,14373,14374,,,,14417,14384,14399,16,1:15,14400,14415,16,1:15,14401,14416,16,1:15,,,0,,,,0,,,,0,,,,0,,1,10,15,17,1,,,,
asymmetric,4,204,5,a,1,0,320,16,14420,14420,14421,,,,14464,14431,14446,16,1:15,14447,14462,16,1:15,14448,14463,16,1:15,,,0,,,,0,,,,0,,,,0,,1,10,15,17,1,,,,
asymmetric,4,205,5,a,1,16,448,16,14467,14467,14468,,,,14511,14478,14493,16,1:15,14494,14509,16,1:15,14495,14510,16,1:15,,,0,,,,0,,,,0,,,,0,,1,10,15,17,1,,,,
asymmetric,4,206,5,a,2,0,576,16,14514,14514,14515,,,,14558,14525,14540,16,1:15,14541,14556,16,1:15,14542,14557,16,1:15,,,0,,,,0,,,,0,,,,0,,1,10,15,17,1,,,,
asymmetric,4,207,5,a,2,16,704,16,14561,14561,14562,,,,14605,14572,14587,16,1:15,14588,14603,16,1:15,14589,14604,16,1:15,,,0,,,,0,,,,0,,,,0,,1,10,15,17,1,,,,
asymmetric,4,208,5,a,3,0,832,16,14608,14608,14609,,,,14652,14619,14634,16,1:15,14635,14650,16,1:15,14636,14651,16,1:15,,,0,,,,0,,,,0,,,,0,,1,10,15,17,1,,,,
asymmetric,4,209,5,a,3,16,960,16,14655,14655,14656,,,,14699,14666,14681,16,1:15,14682,14697,16,1:15,14683,14698,16,1:15,,,0,,,,0,,,,0,,,,0,,1,10,15,17,1,,,,
asymmetric,4,210,5,a,4,0,1088,16,14702,14702,14703,,,,14746,14713,14728,16,1:15,14729,14744,16,1:15,14730,14745,16,1:15,,,0,,,,0,,,,0,,,,0,,1,10,15,17,1,,,,
asymmetric,4,211,5,a,4,16,1216,16,14749,14749,14750,,,,14793,14760,14775,16,1:15,14776,14791,16,1:15,14777,14792,16,1:15,,,0,,,,0,,,,0,,,,0,,1,10,15,17,1,,,,
asymmetric,4,212,5,a,5,0,1344,16,14796,14796,14797,,,,14840,14807,14822,16,1:15,14823,14838,16,1:15,14824,14839,16,1:15,,,0,,,,0,,,,0,,,,0,,1,10,15,17,1,,,,
asymmetric,4,213,5,a,5,16,1472,16,14843,14843,14844,,,,14887,14854,14869,16,1:15,14870,14885,16,1:15,14871,14886,16,1:15,,,0,,,,0,,,,0,,,,0,,1,10,15,17,1,,,,
asymmetric,4,214,5,a,6,0,1600,16,14890,14890,14891,,,,14934,14901,14916,16,1:15,14917,14932,16,1:15,14918,14933,16,1:15,,,0,,,,0,,,,0,,,,0,,1,10,15,17,1,,,,
asymmetric,4,215,5,a,6,16,1728,16,14937,14937,14938,,,,14981,14948,14963,16,1:15,14964,14979,16,1:15,14965,14980,16,1:15,,,0,,,,0,,,,0,,,,0,,1,10,15,17,1,,,,
asymmetric,4,216,5,a,7,0,1856,16,14984,14984,14985,,,,15028,14995,15010,16,1:15,15011,15026,16,1:15,15012,15027,16,1:15,,,0,,,,0,,,,0,,,,0,,1,10,15,17,1,,,,
asymmetric,4,217,5,a,7,16,1984,16,15031,15031,15032,,,,15075,15042,15057,16,1:15,15058,15073,16,1:15,15059,15074,16,1:15,,,0,,,,0,,,,0,,,,0,,1,10,15,17,1,,,,
asymmetric,4,218,5,bt,0,0,27072,16,15083,15083,15084,,,,15127,15094,15109,16,1:15,15110,15125,16,1:15,15111,15126,16,1:15,,,0,,,,0,,,,0,,,,0,,1,10,15,17,1,,,,
asymmetric,4,219,5,bt,0,16,27200,16,15130,15130,15131,,,,15174,15141,15156,16,1:15,15157,15172,16,1:15,15158,15173,16,1:15,,,0,,,,0,,,,0,,,,0,,1,10,15,17,1,,,,
asymmetric,4,220,5,bt,1,0,27328,16,15177,15177,15178,,,,15221,15188,15203,16,1:15,15204,15219,16,1:15,15205,15220,16,1:15,,,0,,,,0,,,,0,,,,0,,1,10,15,17,1,,,,
asymmetric,4,221,5,bt,1,16,27456,16,15224,15224,15225,,,,15268,15235,15250,16,1:15,15251,15266,16,1:15,15252,15267,16,1:15,,,0,,,,0,,,,0,,,,0,,1,10,15,17,1,,,,
asymmetric,4,222,5,bt,2,0,27584,16,15271,15271,15272,,,,15315,15282,15297,16,1:15,15298,15313,16,1:15,15299,15314,16,1:15,,,0,,,,0,,,,0,,,,0,,1,10,15,17,1,,,,
asymmetric,4,223,5,bt,2,16,27712,16,15318,15318,15319,,,,15362,15329,15344,16,1:15,15345,15360,16,1:15,15346,15361,16,1:15,,,0,,,,0,,,,0,,,,0,,1,10,15,17,1,,,,
asymmetric,4,224,5,bt,3,0,27840,16,15365,15365,15366,,,,15409,15376,15391,16,1:15,15392,15407,16,1:15,15393,15408,16,1:15,,,0,,,,0,,,,0,,,,0,,1,10,15,17,1,,,,
asymmetric,4,225,5,bt,3,16,27968,16,15412,15412,15413,,,,15456,15423,15438,16,1:15,15439,15454,16,1:15,15440,15455,16,1:15,,,0,,,,0,,,,0,,,,0,,1,10,15,17,1,,,,
asymmetric,4,226,5,bt,4,0,28096,16,15459,15459,15460,,,,15503,15470,15485,16,1:15,15486,15501,16,1:15,15487,15502,16,1:15,,,0,,,,0,,,,0,,,,0,,1,10,15,17,1,,,,
asymmetric,4,227,5,bt,4,16,28224,16,15506,15506,15507,,,,15550,15517,15532,16,1:15,15533,15548,16,1:15,15534,15549,16,1:15,,,0,,,,0,,,,0,,,,0,,1,10,15,17,1,,,,
asymmetric,4,228,5,bt,5,0,28352,16,15553,15553,15554,,,,15597,15564,15579,16,1:15,15580,15595,16,1:15,15581,15596,16,1:15,,,0,,,,0,,,,0,,,,0,,1,10,15,17,1,,,,
asymmetric,4,229,5,bt,5,16,28480,16,15600,15600,15601,,,,15644,15611,15626,16,1:15,15627,15642,16,1:15,15628,15643,16,1:15,,,0,,,,0,,,,0,,,,0,,1,10,15,17,1,,,,
asymmetric,4,230,5,bt,6,0,28608,8,15647,15647,15648,,,,15675,15658,15665,8,1:7,15666,15673,8,1:7,15667,15674,8,1:7,,,0,,,,0,,,,0,,,,0,,1,10,7,9,1,,,,
asymmetric,4,231,5,bt,6,8,28672,16,15678,15678,15679,,,,15722,15689,15704,16,1:15,15705,15720,16,1:15,15706,15721,16,1:15,,,0,,,,0,,,,0,,,,0,,1,10,15,17,1,,,,
asymmetric,4,232,5,bt,6,24,28800,8,15725,15725,15726,,,,15753,15736,15743,8,1:7,15744,15751,8,1:7,15745,15752,8,1:7,,,0,,,,0,,,,0,,,,0,,1,10,7,9,1,,,,
asymmetric,4,233,5,bt,7,0,28864,16,15756,15756,15757,,,,15800,15767,15782,16,1:15,15783,15798,16,1:15,15784,15799,16,1:15,,,0,,,,0,,,,0,,,,0,,1,10,15,17,1,,,,
asymmetric,4,234,5,bt,7,16,28992,16,15803,15803,15804,,,,15847,15814,15829,16,1:15,15830,15845,16,1:15,15831,15846,16,1:15,,,0,,,,0,,,,0,,,,0,,1,10,15,17,1,,,,
asymmetric,4,235,5,c,0,0,33248,4,16937,16937,,16954,16953,16965,16966,,,0,,,,0,,,,0,,16938,16950,4,4:3,16940,16952,4,4:3,16941,16953,4,4:3,16954,16957,4,1:3,,,,,,16,4,8,1
asymmetric,4,236,5,c,1,0,33504,4,16969,16969,,16986,16985,16997,16998,,,0,,,,0,,,,0,,16970,16982,4,4:3,16972,16984,4,4:3,16973,16985,4,4:3,16986,16989,4,1:3,,,,,,16,4,8,1
asymmetric,4,237,5,c,2,0,33760,4,17001,17001,,17018,17017,17029,17030,,,0,,,,0,,,,0,,17002,17014,4,4:3,17004,17016,4,4:3,17005,17017,4,4:3,17018,17021,4,1:3,,,,,,16,4,8,1
asymmetric,4,238,5,c,3,0,34016,4,17033,17033,,17050,17049,17061,17062,,,0,,,,0,,,,0,,17034,17046,4,4:3,17036,17048,4,4:3,17037,17049,4,4:3,17050,17053,4,1:3,,,,,,16,4,8,1
asymmetric,4,239,5,c,4,0,34272,4,17065,17065,,17082,17081,17093,17094,,,0,,,,0,,,,0,,17066,17078,4,4:3,17068,17080,4,4:3,17069,17081,4,4:3,17082,17085,4,1:3,,,,,,16,4,8,1
asymmetric,4,240,5,c,5,0,34528,4,17097,17097,,17114,17113,17125,17126,,,0,,,,0,,,,0,,17098,17110,4,4:3,17100,17112,4,4:3,17101,17113,4,4:3,17114,17117,4,1:3,,,,,,16,4,8,1
asymmetric,4,241,5,c,6,0,34784,4,17129,17129,,17146,17145,17157,17158,,,0,,,,0,,,,0,,17130,17142,4,4:3,17132,17144,4,4:3,17133,17145,4,4:3,17146,17149,4,1:3,,,,,,16,4,8,1
asymmetric,4,242,5,c,7,0,35040,4,17161,17161,,17178,17177,17189,17190,,,0,,,,0,,,,0,,17162,17174,4,4:3,17164,17176,4,4:3,17165,17177,4,4:3,17178,17181,4,1:3,,,,,,16,4,8,1
asymmetric,4,243,6,a,0,0,64,16,17199,17199,17200,,,,17243,17210,17225,16,1:15,17226,17241,16,1:15,17227,17242,16,1:15,,,0,,,,0,,,,0,,,,0,,1,10,15,17,1,,,,
asymmetric,4,244,6,a,0,16,192,16,17246,17246,17247,,,,17290,17257,17272,16,1:15,17273,17288,16,1:15,17274,17289,16,1:15,,,0,,,,0,,,,0,,,,0,,1,10,15,17,1,,,,
asymmetric,4,245,6,a,1,0,320,16,17293,17293,17294,,,,17337,17304,17319,16,1:15,17320,17335,16,1:15,17321,17336,16,1:15,,,0,,,,0,,,,0,,,,0,,1,10,15,17,1,,,,
asymmetric,4,246,6,a,1,16,448,16,17340,17340,17341,,,,17384,17351,17366,16,1:15,17367,17382,16,1:15,17368,17383,16,1:15,,,0,,,,0,,,,0,,,,0,,1,10,15,17,1,,,,
asymmetric,4,247,6,a,2,0,576,16,17387,17387,17388,,,,17431,17398,17413,16,1:15,17414,17429,16,1:15,17415,17430,16,1:15,,,0,,,,0,,,,0,,,,0,,1,10,15,17,1,,,,
asymmetric,4,248,6,a,2,16,704,16,17434,17434,17435,,,,17478,17445,17460,16,1:15,17461,17476,16,1:15,17462,17477,16,1:15,,,0,,,,0,,,,0,,,,0,,1,10,15,17,1,,,,
asymmetric,4,249,6,a,3,0,832,16,17481,17481,17482,,,,17525,17492,17507,16,1:15,17508,17523,16,1:15,17509,17524,16,1:15,,,0,,,,0,,,,0,,,,0,,1,10,15,17,1,,,,
asymmetric,4,250,6,a,3,16,960,16,17528,17528,17529,,,,17572,17539,17554,16,1:15,17555,17570,16,1:15,17556,17571,16,1:15,,,0,,,,0,,,,0,,,,0,,1,10,15,17,1,,,,
asymmetric,4,251,6,a,4,0,1088,16,17575,17575,17576,,,,17619,17586,17601,16,1:15,17602,17617,16,1:15,17603,17618,16,1:15,,,0,,,,0,,,,0,,,,0,,1,10,15,17,1,,,,
asymmetric,4,252,6,a,4,16,1216,16,17622,17622,17623,,,,17666,17633,17648,16,1:15,17649,17664,16,1:15,17650,17665,16,1:15,,,0,,,,0,,,,0,,,,0,,1,10,15,17,1,,,,
asymmetric,4,253,6,a,5,0,1344,16,17669,17669,17670,,,,17713,17680,17695,16,1:15,17696,17711,16,1:15,17697,17712,16,1:15,,,0,,,,0,,,,0,,,,0,,1,10,15,17,1,,,,
asymmetric,4,254,6,a,5,16,1472,16,17716,17716,17717,,,,17760,17727,17742,16,1:15,17743,17758,16,1:15,17744,17759,16,1:15,,,0,,,,0,,,,0,,,,0,,1,10,15,17,1,,,,
asymmetric,4,255,6,a,6,0,1600,16,17763,17763,17764,,,,17807,17774,17789,16,1:15,17790,17805,16,1:15,17791,17806,16,1:15,,,0,,,,0,,,,0,,,,0,,1,10,15,17,1,,,,
asymmetric,4,256,6,a,6,16,1728,16,17810,17810,17811,,,,17854,17821,17836,16,1:15,17837,17852,16,1:15,17838,17853,16,1:15,,,0,,,,0,,,,0,,,,0,,1,10,15,17,1,,,,
asymmetric,4,257,6,a,7,0,1856,16,17857,17857,17858,,,,17901,17868,17883,16,1:15,17884,17899,16,1:15,17885,17900,16,1:15,,,0,,,,0,,,,0,,,,0,,1,10,15,17,1,,,,
asymmetric,4,258,6,a,7,16,1984,16,17904,17904,17905,,,,17948,17915,17930,16,1:15,17931,17946,16,1:15,17932,17947,16,1:15,,,0,,,,0,,,,0,,,,0,,1,10,15,17,1,,,,
asymmetric,4,259,6,bt,0,0,29120,16,17956,17956,17957,,,,18000,17967,17982,16,1:15,17983,17998,16,1:15,17984,17999,16,1:15,,,0,,,,0,,,,0,,,,0,,1,10,15,17,1,,,,
asymmetric,4,260,6,bt,0,16,29248,16,18003,18003,18004,,,,18047,18014,18029,16,1:15,18030,18045,16,1:15,18031,18046,16,1:15,,,0,,,,0,,,,0,,,,0,,1,10,15,17,1,,,,
asymmetric,4,261,6,bt,1,0,29376,16,18050,18050,18051,,,,18094,18061,18076,16,1:15,18077,18092,16,1:15,18078,18093,16,1:15,,,0,,,,0,,,,0,,,,0,,1,10,15,17,1,,,,
asymmetric,4,262,6,bt,1,16,29504,16,18097,18097,18098,,,,18141,18108,18123,16,1:15,18124,18139,16,1:15,18125,18140,16,1:15,,,0,,,,0,,,,0,,,,0,,1,10,15,17,1,,,,
asymmetric,4,263,6,bt,2,0,29632,16,18144,18144,18145,,,,18188,18155,18170,16,1:15,18171,18186,16,1:15,18172,18187,16,1:15,,,0,,,,0,,,,0,,,,0,,1,10,15,17,1,,,,
asymmetric,4,264,6,bt,2,16,29760,16,18191,18191,18192,,,,18235,18202,18217,16,1:15,18218,18233,16,1:15,18219,18234,16,1:15,,,0,,,,0,,,,0,,,,0,,1,10,15,17,1,,,,
asymmetric,4,265,6,bt,3,0,29888,16,18238,18238,18239,,,,18282,18249,18264,16,1:15,18265,18280,16,1:15,18266,18281,16,1:15,,,0,,,,0,,,,0,,,,0,,1,10,15,17,1,,,,
asymmetric,4,266,6,bt,3,16,30016,16,18285,18285,18286,,,,18329,18296,18311,16,1:15,18312,18327,16,1:15,18313,18328,16,1:15,,,0,,,,0,,,,0,,,,0,,1,10,15,17,1,,,,
asymmetric,4,267,6,bt,4,0,30144,16,18332,18332,18333,,,,18376,18343,18358,16,1:15,18359,18374,16,1:15,18360,18375,16,1:15,,,0,,,,0,,,,0,,,,0,,1,10,15,17,1,,,,
asymmetric,4,268,6,bt,4,16,30272,16,18379,18379,18380,,,,18423,18390,18405,16,1:15,18406,18421,16,1:15,18407,18422,16,1:15,,,0,,,,0,,,,0,,,,0,,1,10,15,17,1,,,,
asymmetric,4,269,6,bt,5,0,30400,16,18426,18426,18427,,,,18470,18437,18452,16,1:15,18453,18468,16,1:15,18454,18469,16,1:15,,,0,,,,0,,,,0,,,,0,,1,10,15,17,1,,,,
asymmetric,4,270,6,bt,5,16,30528,16,18473,18473,18474,,,,18517,18484,18499,16,1:15,18500,18515,16,1:15,18501,18516,16,1:15,,,0,,,,0,,,,0,,,,0,,1,10,15,17,1,,,,
asymmetric,4,271,6,bt,6,0,30656,16,18520,18520,18521,,,,18564,18531,18546,16,1:15,18547,18562,16,1:15,18548,18563,16,1:15,,,0,,,,0,,,,0,,,,0,,1,10,15,17,1,,,,
asymmetric,4,272,6,bt,6,16,30784,16,18567,18567,18568,,,,18611,18578,18593,16,1:15,18594,18609,16,1:15,18595,18610,16,1:15,,,0,,,,0,,,,0,,,,0,,1,10,15,17,1,,,,
asymmetric,4,273,6,bt,7,0,30912,16,18614,18614,18615,,,,18658,18625,18640,16,1:15,18641,18656,16,1:15,18642,18657,16,1:15,,,0,,,,0,,,,0,,,,0,,1,10,15,17,1,,,,
asymmetric,4,274,6,bt,7,16,31040,16,18661,18661,18662,,,,18705,18672,18687,16,1:15,18688,18703,16,1:15,18689,18704,16,1:15,,,0,,,,0,,,,0,,,,0,,1,10,15,17,1,,,,
asymmetric,4,275,6,c,0,0,33280,4,19795,19795,,19812,19811,19823,19824,,,0,,,,0,,,,0,,19796,19808,4,4:3,19798,19810,4,4:3,19799,19811,4,4:3,19812,19815,4,1:3,,,,,,16,4,8,1
asymmetric,4,276,6,c,1,0,33536,4,19827,19827,,19844,19843,19855,19856,,,0,,,,0,,,,0,,19828,19840,4,4:3,19830,19842,4,4:3,19831,19843,4,4:3,19844,19847,4,1:3,,,,,,16,4,8,1
asymmetric,4,277,6,c,2,0,33792,4,19859,19859,,19876,19875,19887,19888,,,0,,,,0,,,,0,,19860,19872,4,4:3,19862,19874,4,4:3,19863,19875,4,4:3,19876,19879,4,1:3,,,,,,16,4,8,1
asymmetric,4,278,6,c,3,0,34048,4,19891,19891,,19908,19907,19919,19920,,,0,,,,0,,,,0,,19892,19904,4,4:3,19894,19906,4,4:3,19895,19907,4,4:3,19908,19911,4,1:3,,,,,,16,4,8,1
asymmetric,4,279,6,c,4,0,34304,4,19923,19923,,19940,19939,19951,19952,,,0,,,,0,,,,0,,19924,19936,4,4:3,19926,19938,4,4:3,19927,19939,4,4:3,19940,19943,4,1:3,,,,,,16,4,8,1
asymmetric,4,280,6,c,5,0,34560,4,19955,19955,,19972,19971,19983,19984,,,0,,,,0,,,,0,,19956,19968,4,4:3,19958,19970,4,4:3,19959,19971,4,4:3,19972,19975,4,1:3,,,,,,16,4,8,1
asymmetric,4,281,6,c,6,0,34816,4,19987,19987,,20004,20003,20015,20016,,,0,,,,0,,,,0,,19988,20000,4,4:3,19990,20002,4,4:3,19991,20003,4,4:3,20004,20007,4,1:3,,,,,,16,4,8,1
asymmetric,4,282,6,c,7,0,35072,4,20019,20019,,20036,20035,20047,20048,,,0,,,,0,,,,0,,20020,20032,4,4:3,20022,20034,4,4:3,20023,20035,4,4:3,20036,20039,4,1:3,,,,,,16,4,8,1
asymmetric,4,283,7,a,0,0,64,16,20057,20057,20058,,,,20101,20068,20083,16,1:15,20084,20099,16,1:15,20085,20100,16,1:15,,,0,,,,0,,,,0,,,,0,,1,10,15,17,1,,,,
asymmetric,4,284,7,a,0,16,192,16,20104,20104,20105,,,,20148,20115,20130,16,1:15,20131,20146,16,1:15,20132,20147,16,1:15,,,0,,,,0,,,,0,,,,0,,1,10,15,17,1,,,,
asymmetric,4,285,7,a,1,0,320,16,20151,20151,20152,,,,20195,20162,20177,16,1:15,20178,20193,16,1:15,20179,20194,16,1:15,,,0,,,,0,,,,0,,,,0,,1,10,15,17,1,,,,
asymmetric,4,286,7,a,1,16,448,16,20198,20198,20199,,,,20242,20209,20224,16,1:15,20225,20240,16,1:15,20226,20241,16,1:15,,,0,,,,0,,,,0,,,,0,,1,10,15,17,1,,,,
asymmetric,4,287,7,a,2,0,576,16,20245,20245,20246,,,,20289,20256,20271,16,1:15,20272,20287,16,1:15,20273,20288,16,1:15,,,0,,,,0,,,,0,,,,0,,1,10,15,17,1,,,,
asymmetric,4,288,7,a,2,16,704,16,20292,20292,20293,,,,20336,20303,20318,16,1:15,20319,20334,16,1:15,20320,20335,16,1:15,,,0,,,,0,,,,0,,,,0,,1,10,15,17,1,,,,
asymmetric,4,289,7,a,3,0,832,16,20339,20339,20340,,,,20383,20350,20365,16,1:15,20366,20381,16,1:15,20367,20382,16,1:15,,,0,,,,0,,,,0,,,,0,,1,10,15,17,1,,,,
asymmetric,4,290,7,a,3,16,960,16,20386,20386,20387,,,,20430,20397,20412,16,1:15,20413,20428,16,1:15,20414,20429,16,1:15,,,0,,,,0,,,,0,,,,0,,1,10,15,17,1,,,,
asymmetric,4,291,7,a,4,0,1088,16,20433,20433,20434,,,,20477,20444,20459,16,1:15,20460,20475,16,1:15,20461,20476,16,1:15,,,0,,,,0,,,,0,,,,0,,1,10,15,17,1,,,,
asymmetric,4,292,7,a,4,16,1216,16,20480,20480,20481,,,,20524,20491,20506,16,1:15,20507,20522,16,1:15,20508,20523,16,1:15,,,0,,,,0,,,,0,,,,0,,1,10,15,17,1,,,,
asymmetric,4,293,7,a,5,0,1344,16,20527,20527,20528,,,,20571,20538,20553,16,1:15,20554,20569,16,1:15,20555,20570,16,1:15,,,0,,,,0,,,,0,,,,0,,1,10,15,17,1,,,,
asymmetric,4,294,7,a,5,16,1472,16,20574,20574,20575,,,,20618,20585,20600,16,1:15,20601,20616,16,1:15,20602,20617,16,1:15,,,0,,,,0,,,,0,,,,0,,1,10,15,17,1,,,,
asymmetric,4,295,7,a,6,0,1600,16,20621,20621,20622,,,,20665,20632,20647,16,1:15,20648,20663,16,1:15,20649,20664,16,1:15,,,0,,,,0,,,,0,,,,0,,1,10,15,17,1,,,,
asymmetric,4,296,7,a,6,16,1728,16,20668,20668,20669,,,,20712,20679,20694,16,1:15,20695,20710,16,1:15,20696,20711,16,1:15,,,0,,,,0,,,,0,,,,0,,1,10,15,17,1,,,,
asymmetric,4,297,7,a,7,0,1856,16,20715,20715,20716,,,,20759,20726,20741,16,1:15,20742,20757,16,1:15,20743,20758,16,1:15,,,0,,,,0,,,,0,,,,0,,1,10,15,17,1,,,,
asymmetric,4,298,7,a,7,16,1984,16,20762,20762,20763,,,,20806,20773,20788,16,1:15,20789,20804,16,1:15,20790,20805,16,1:15,,,0,,,,0,,,,0,,,,0,,1,10,15,17,1,,,,
asymmetric,4,299,7,bt,0,0,31168,16,20814,20814,20815,,,,20858,20825,20840,16,1:15,20841,20856,16,1:15,20842,20857,16,1:15,,,0,,,,0,,,,0,,,,0,,1,10,15,17,1,,,,
asymmetric,4,300,7,bt,0,16,31296,16,20861,20861,20862,,,,20905,20872,20887,16,1:15,20888,20903,16,1:15,20889,20904,16,1:15,,,0,,,,0,,,,0,,,,0,,1,10,15,17,1,,,,
asymmetric,4,301,7,bt,1,0,31424,16,20908,20908,20909,,,,20952,20919,20934,16,1:15,20935,20950,16,1:15,20936,20951,16,1:15,,,0,,,,0,,,,0,,,,0,,1,10,15,17,1,,,,
asymmetric,4,302,7,bt,1,16,31552,16,20955,20955,20956,,,,20999,20966,20981,16,1:15,20982,20997,16,1:15,20983,20998,16,1:15,,,0,,,,0,,,,0,,,,0,,1,10,15,17,1,,,,
asymmetric,4,303,7,bt,2,0,31680,16,21002,21002,21003,,,,21046,21013,21028,16,1:15,21029,21044,16,1:15,21030,21045,16,1:15,,,0,,,,0,,,,0,,,,0,,1,10,15,17,1,,,,
asymmetric,4,304,7,bt,2,16,31808,16,21049,21049,21050,,,,21093,21060,21075,16,1:15,21076,21091,16,1:15,21077,21092,16,1:15,,,0,,,,0,,,,0,,,,0,,1,10,15,17,1,,,,
asymmetric,4,305,7,bt,3,0,31936,16,21096,21096,21097,,,,21140,21107,21122,16,1:15,21123,21138,16,1:15,21124,21139,16,1:15,,,0,,,,0,,,,0,,,,0,,1,10,15,17,1,,,,
asymmetric,4,306,7,bt,3,16,32064,16,21143,21143,21144,,,,21187,21154,21169,16,1:15,21170,21185,16,1:15,21171,21186,16,1:15,,,0,,,,0,,,,0,,,,0,,1,10,15,17,1,,,,
asymmetric,4,307,7,bt,4,0,32192,16,21190,21190,21191,,,,21234,21201,21216,16,1:15,21217,21232,16,1:15,21218,21233,16,1:15,,,0,,,,0,,,,0,,,,0,,1,10,15,17,1,,,,
asymmetric,4,308,7,bt,4,16,32320,16,21237,21237,21238,,,,21281,21248,21263,16,1:15,21264,21279,16,1:15,21265,21280,16,1:15,,,0,,,,0,,,,0,,,,0,,1,10,15,17,1,,,,
asymmetric,4,309,7,bt,5,0,32448,16,21284,21284,21285,,,,21328,21295,21310,16,1:15,21311,21326,16,1:15,21312,21327,16,1:15,,,0,,,,0,,,,0,,,,0,,1,10,15,17,1,,,,
asymmetric,4,310,7,bt,5,16,32576,16,21331,21331,21332,,,,21375,21342,21357,16,1:15,21358,21373,16,1:15,21359,21374,16,1:15,,,0,,,,0,,,,0,,,,0,,1,10,15,17,1,,,,
asymmetric,4,311,7,bt,6,0,32704,8,21378,21378,21379,,,,21406,21389,21396,8,1:7,21397,21404,8,1:7,21398,21405,8,1:7,,,0,,,,0,,,,0,,,,0,,1,10,7,9,1,,,,
asymmetric,4,312,7,bt,6,8,32768,16,21409,21409,21410,,,,21453,21420,21435,16,1:15,21436,21451,16,1:15,21437,21452,16,1:15,,,0,,,,0,,,,0,,,,0,,1,10,15,17,1,,,,
asymmetric,4,313,7,bt,6,24,32896,8,21456,21456,21457,,,,21484,21467,21474,8,1:7,21475,21482,8,1:7,21476,21483,8,1:7,,,0,,,,0,,,,0,,,,0,,1,10,7,9,1,,,,
asymmetric,4,314,7,c,0,0,33312,4,22574,22574,,22591,22590,22602,22603,,,0,,,,0,,,,0,,22575,22587,4,4:3,22577,22589,4,4:3,22578,22590,4,4:3,22591,22594,4,1:3,,,,,,16,4,8,1
asymmetric,4,315,7,c,1,0,33568,4,22606,22606,,22623,22622,22634,22635,,,0,,,,0,,,,0,,22607,22619,4,4:3,22609,22621,4,4:3,22610,22622,4,4:3,22623,22626,4,1:3,,,,,,16,4,8,1
asymmetric,4,316,7,c,2,0,33824,4,22638,22638,,22655,22654,22666,22667,,,0,,,,0,,,,0,,22639,22651,4,4:3,22641,22653,4,4:3,22642,22654,4,4:3,22655,22658,4,1:3,,,,,,16,4,8,1
asymmetric,4,317,7,c,3,0,34080,4,22670,22670,,22687,22686,22698,22699,,,0,,,,0,,,,0,,22671,22683,4,4:3,22673,22685,4,4:3,22674,22686,4,4:3,22687,22690,4,1:3,,,,,,16,4,8,1
asymmetric,4,318,7,c,4,0,34336,4,22702,22702,,22719,22718,22730,22731,,,0,,,,0,,,,0,,22703,22715,4,4:3,22705,22717,4,4:3,22706,22718,4,4:3,22719,22722,4,1:3,,,,,,16,4,8,1
asymmetric,4,319,7,c,5,0,34592,4,22734,22734,,22751,22750,22762,22763,,,0,,,,0,,,,0,,22735,22747,4,4:3,22737,22749,4,4:3,22738,22750,4,4:3,22751,22754,4,1:3,,,,,,16,4,8,1
asymmetric,4,320,7,c,6,0,34848,4,22766,22766,,22783,22782,22794,22795,,,0,,,,0,,,,0,,22767,22779,4,4:3,22769,22781,4,4:3,22770,22782,4,4:3,22783,22786,4,1:3,,,,,,16,4,8,1
asymmetric,4,321,7,c,7,0,35104,4,22798,22798,,22815,22814,22826,22827,,,0,,,,0,,,,0,,22799,22811,4,4:3,22801,22813,4,4:3,22802,22814,4,4:3,22815,22818,4,1:3,,,,,,16,4,8,1
asymmetric,4,322,8,a,0,0,2112,16,22836,22836,22837,,,,22880,22847,22862,16,1:15,22863,22878,16,1:15,22864,22879,16,1:15,,,0,,,,0,,,,0,,,,0,,1,10,15,17,1,,,,
asymmetric,4,323,8,a,0,16,2240,16,22883,22883,22884,,,,22927,22894,22909,16,1:15,22910,22925,16,1:15,22911,22926,16,1:15,,,0,,,,0,,,,0,,,,0,,1,10,15,17,1,,,,
asymmetric,4,324,8,a,1,0,2368,16,22930,22930,22931,,,,22974,22941,22956,16,1:15,22957,22972,16,1:15,22958,22973,16,1:15,,,0,,,,0,,,,0,,,,0,,1,10,15,17,1,,,,
asymmetric,4,325,8,a,1,16,2496,16,22977,22977,22978,,,,23021,22988,23003,16,1:15,23004,23019,16,1:15,23005,23020,16,1:15,,,0,,,,0,,,,0,,,,0,,1,10,15,17,1,,,,
asymmetric,4,326,8,a,2,0,2624,16,23024,23024,23025,,,,23068,23035,23050,16,1:15,23051,23066,16,1:15,23052,23067,16,1:15,,,0,,,,0,,,,0,,,,0,,1,10,15,17,1,,,,
asymmetric,4,327,8,a,2,16,2752,16,23071,23071,23072,,,,23115,23082,23097,16,1:15,23098,23113,16,1:15,23099,23114,16,1:15,,,0,,,,0,,,,0,,,,0,,1,10,15,17,1,,,,
asymmetric,4,328,8,a,3,0,2880,16,23118,23118,23119,,,,23162,23129,23144,16,1:15,23145,23160,16,1:15,23146,23161,16,1:15,,,0,,,,0,,,,0,,,,0,,1,10,15,17,1,,,,
asymmetric,4,329,8,a,3,16,3008,16,23165,23165,23166,,,,23209,23176,23191,16,1:15,23192,23207,16,1:15,23193,23208,16,1:15,,,0,,,,0,,,,0,,,,0,,1,10,15,17,1,,,,
asymmetric,4,330,8,a,4,0,3136,16,23212,23212,23213,,,,23256,23223,23238,16,1:15,23239,23254,16,1:15,23240,23255,16,1:15,,,0,,,,0,,,,0,,,,0,,1,10,15,17,1,,,,
asymmetric,4,331,8,a,4,16,3264,16,23259,23259,23260,,,,23303,23270,23285,16,1:15,23286,23301,16,1:15,23287,23302,16,1:15,,,0,,,,0,,,,0,,,,0,,1,10,15,17,1,,,,
asymmetric,4,332,8,a,5,0,3392,16,23306,23306,23307,,,,23350,23317,23332,16,1:15,23333,23348,16,1:15,23334,23349,16,1:15,,,0,,,,0,,,,0,,,,0,,1,10,15,17,1,,,,
asymmetric,4,333,8,a,5,16,3520,16,23353,23353,23354,,,,23397,23364,23379,16,1:15,23380,23395,16,1:15,23381,23396,16,1:15,,,0,,,,0,,,,0,,,,0,,1,10,15,17,1,,,,
asymmetric,4,334,8,a,6,0,3648,16,23400,23400,23401,,,,23444,23411,23426,16,1:15,23427,23442,16,1:15,23428,23443,16,1:15,,,0,,,,0,,,,0,,,,0,,1,10,15,17,1,,,,
asymmetric,4,335,8,a,6,16,3776,16,23447,23447,23448,,,,23491,23458,23473,16,1:15,23474,23489,16,1:15,23475,23490,16,1:15,,,0,,,,0,,,,0,,,,0,,1,10,15,17,1,,,,
asymmetric,4,336,8,a,7,0,3904,16,23494,23494,23495,,,,23538,23505,23520,16,1:15,23521,23536,16,1:15,23522,23537,16,1:15,,,0,,,,0,,,,0,,,,0,,1,10,15,17,1,,,,
asymmetric,4,337,8,a,7,16,4032,8,23541,23541,23542,,,,23569,23552,23559,8,1:7,23560,23567,8,1:7,23561,23568,8,1:7,,,0,,,,0,,,,0,,,,0,,1,10,7,9,1,,,,
asymmetric,4,338,8,a,7,24,4096,8,23572,23572,23573,,,,23600,23583,23590,8,1:7,23591,23598,8,1:7,23592,23599,8,1:7,,,0,,,,0,,,,0,,,,0,,1,10,7,9,1,,,,
asymmetric,4,339,8,bt,0,0,16832,16,23608,23608,23609,,,,23652,23619,23634,16,1:15,23635,23650,16,1:15,23636,23651,16,1:15,,,0,,,,0,,,,0,,,,0,,1,10,15,17,1,,,,
asymmetric,4,340,8,bt,0,16,16960,16,23655,23655,23656,,,,23699,23666,23681,16,1:15,23682,23697,16,1:15,23683,23698,16,1:15,,,0,,,,0,,,,0,,,,0,,1,10,15,17,1,,,,
asymmetric,4,341,8,bt,1,0,17088,16,23702,23702,23703,,,,23746,23713,23728,16,1:15,23729,23744,16,1:15,23730,23745,16,1:15,,,0,,,,0,,,,0,,,,0,,1,10,15,17,1,,,,
asymmetric,4,342,8,bt,1,16,17216,16,23749,23749,23750,,,,23793,23760,23775,16,1:15,23776,23791,16,1:15,23777,23792,16,1:15,,,0,,,,0,,,,0,,,,0,,1,10,15,17,1,,,,
asymmetric,4,343,8,bt,2,0,17344,16,23796,23796,23797,,,,23840,23807,23822,16,1:15,23823,23838,16,1:15,23824,23839,16,1:15,,,0,,,,0,,,,0,,,,0,,1,10,15,17,1,,,,
asymmetric,4,344,8,bt,2,16,17472,16,23843,23843,23844,,,,23887,23854,23869,16,1:15,23870,23885,16,1:15,23871,23886,16,1:15,,,0,,,,0,,,,0,,,,0,,1,10,15,17,1,,,,
asymmetric,4,345,8,bt,3,0,17600,16,23890,23890,23891,,,,23934,23901,23916,16,1:15,23917,23932,16,1:15,23918,23933,16,1:15,,,0,,,,0,,,,0,,,,0,,1,10,15,17,1,,,,
asymmetric,4,346,8,bt,3,16,17728,16,23937,23937,23938,,,,23981,23948,23963,16,1:15,23964,23979,16,1:15,23965,23980,16,1:15,,,0,,,,0,,,,0,,,,0,,1,10,15,17,1,,,,
asymmetric,4,347,8,bt,4,0,17856,16,23984,23984,23985,,,,24028,23995,24010,16,1:15,24011,24026,16,1:15,24012,24027,16,1:15,,,0,,,,0,,,,0,,,,0,,1,10,15,17,1,,,,
asymmetric,4,348,8,bt,4,16,17984,16,24031,24031,24032,,,,24075,24042,24057,16,1:15,24058,24073,16,1:15,24059,24074,16,1:15,,,0,,,,0,,,,0,,,,0,,1,10,15,17,1,,,,
asymmetric,4,349,8,bt,5,0,18112,16,24078,24078,24079,,,,24122,24089,24104,16,1:15,24105,24120,16,1:15,24106,24121,16,1:15,,,0,,,,0,,,,0,,,,0,,1,10,15,17,1,,,,
asymmetric,4,350,8,bt,5,16,18240,16,24125,24125,24126,,,,24169,24136,24151,16,1:15,24152,24167,16,1:15,24153,24168,16,1:15,,,0,,,,0,,,,0,,,,0,,1,10,15,17,1,,,,
asymmetric,4,351,8,bt,6,0,18368,16,24172,24172,24173,,,,24216,24183,24198,16,1:15,24199,24214,16,1:15,24200,24215,16,1:15,,,0,,,,0,,,,0,,,,0,,1,10,15,17,1,,,,
asymmetric,4,352,8,bt,6,16,18496,16,24219,24219,24220,,,,24263,24230,24245,16,1:15,24246,24261,16,1:15,24247,24262,16,1:15,,,0,,,,0,,,,0,,,,0,,1,10,15,17,1,,,,
asymmetric,4,353,8,bt,7,0,18624,16,24266,24266,24267,,,,24310,24277,24292,16,1:15,24293,24308,16,1:15,24294,24309,16,1:15,,,0,,,,0,,,,0,,,,0,,1,10,15,17,1,,,,
asymmetric,4,354,8,bt,7,16,18752,16,24313,24313,24314,,,,24357,24324,24339,16,1:15,24340,24355,16,1:15,24341,24356,16,1:15,,,0,,,,0,,,,0,,,,0,,1,10,15,17,1,,,,
asymmetric,4,355,8,c,0,0,35136,4,25447,25447,,25464,25463,25475,25476,,,0,,,,0,,,,0,,25448,25460,4,4:3,25450,25462,4,4:3,25451,25463,4,4:3,25464,25467,4,1:3,,,,,,16,4,8,1
asymmetric,4,356,8,c,1,0,35392,4,25479,25479,,25496,25495,25507,25508,,,0,,,,0,,,,0,,25480,25492,4,4:3,25482,25494,4,4:3,25483,25495,4,4:3,25496,25499,4,1:3,,,,,,16,4,8,1
asymmetric,4,357,8,c,2,0,35648,4,25511,25511,,25528,25527,25539,25540,,,0,,,,0,,,,0,,25512,25524,4,4:3,25514,25526,4,4:3,25515,25527,4,4:3,25528,25531,4,1:3,,,,,,16,4,8,1
asymmetric,4,358,8,c,3,0,35904,4,25543,25543,,25560,25559,25571,25572,,,0,,,,0,,,,0,,25544,25556,4,4:3,25546,25558,4,4:3,25547,25559,4,4:3,25560,25563,4,1:3,,,,,,16,4,8,1
asymmetric,4,359,8,c,4,0,36160,4,25575,25575,,25592,25591,25603,25604,,,0,,,,0,,,,0,,25576,25588,4,4:3,25578,25590,4,4:3,25579,25591,4,4:3,25592,25595,4,1:3,,,,,,16,4,8,1
asymmetric,4,360,8,c,5,0,36416,4,25607,25607,,25624,25623,25635,25636,,,0,,,,0,,,,0,,25608,25620,4,4:3,25610,25622,4,4:3,25611,25623,4,4:3,25624,25627,4,1:3,,,,,,16,4,8,1
asymmetric,4,361,8,c,6,0,36672,4,25639,25639,,25656,25655,25667,25668,,,0,,,,0,,,,0,,25640,25652,4,4:3,25642,25654,4,4:3,25643,25655,4,4:3,25656,25659,4,1:3,,,,,,16,4,8,1
asymmetric,4,362,8,c,7,0,36928,4,25671,25671,,25688,25687,25699,25700,,,0,,,,0,,,,0,,25672,25684,4,4:3,25674,25686,4,4:3,25675,25687,4,4:3,25688,25691,4,1:3,,,,,,16,4,8,1
asymmetric,4,363,9,a,0,0,2112,16,25709,25709,25710,,,,25753,25720,25735,16,1:15,25736,25751,16,1:15,25737,25752,16,1:15,,,0,,,,0,,,,0,,,,0,,1,10,15,17,1,,,,
asymmetric,4,364,9,a,0,16,2240,16,25756,25756,25757,,,,25800,25767,25782,16,1:15,25783,25798,16,1:15,25784,25799,16,1:15,,,0,,,,0,,,,0,,,,0,,1,10,15,17,1,,,,
asymmetric,4,365,9,a,1,0,2368,16,25803,25803,25804,,,,25847,25814,25829,16,1:15,25830,25845,16,1:15,25831,25846,16,1:15,,,0,,,,0,,,,0,,,,0,,1,10,15,17,1,,,,
asymmetric,4,366,9,a,1,16,2496,16,25850,25850,25851,,,,25894,25861,25876,16,1:15,25877,25892,16,1:15,25878,25893,16,1:15,,,0,,,,0,,,,0,,,,0,,1,10,15,17,1,,,,
asymmetric,4,367,9,a,2,0,2624,16,25897,25897,25898,,,,25941,25908,25923,16,1:15,25924,25939,16,1:15,25925,25940,16,1:15,,,0,,,,0,,,,0,,,,0,,1,10,15,17,1,,,,
asymmetric,4,368,9,a,2,16,2752,16,25944,25944,25945,,,,25988,25955,25970,16,1:15,25971,25986,16,1:15,25972,25987,16,1:15,,,0,,,,0,,,,0,,,,0,,1,10,15,17,1,,,,
asymmetric,4,369,9,a,3,0,2880,16,25991,25991,25992,,,,26035,26002,26017,16,1:15,26018,26033,16,1:15,26019,26034,16,1:15,,,0,,,,0,,,,0,,,,0,,1,10,15,17,1,,,,
asymmetric,4,370,9,a,3,16,3008,16,26038,26038,26039,,,,26082,26049,26064,16,1:15,26065,26080,16,1:15,26066,26081,16,1:15,,,0,,,,0,,,,0,,,,0,,1,10,15,17,1,,,,
asymmetric,4,371,9,a,4,0,3136,16,26085,26085,26086,,,,26129,26096,26111,16,1:15,26112,26127,16,1:15,26113,26128,16,1:15,,,0,,,,0,,,,0,,,,0,,1,10,15,17,1,,,,
asymmetric,4,372,9,a,4,16,3264,16,26132,26132,26133,,,,26176,26143,26158,16,1:15,26159,26174,16,1:15,26160,26175,16,1:15,,,0,,,,0,,,,0,,,,0,,1,10,15,17,1,,,,
asymmetric,4,373,9,a,5,0,3392,16,26179,26179,26180,,,,26223,26190,26205,16,1:15,26206,26221,16,1:15,26207,26222,16,1:15,,,0,,,,0,,,,0,,,,0,,1,10,15,17,1,,,,
asymmetric,4,374,9,a,5,16,3520,16,26226,26226,26227,,,,26270,26237,26252,16,1:15,26253,26268,16,1:15,26254,26269,16,1:15,,,0,,,,0,,,,0,,,,0,,1,10,15,17,1,,,,
asymmetric,4,375,9,a,6,0,3648,16,26273,26273,26274,,,,26317,26284,26299,16,1:15,26300,26315,16,1:15,26301,26316,16,1:15,,,0,,,,0,,,,0,,,,0,,1,10,15,17,1,,,,
asymmetric,4,376,9,a,6,16,3776,16,26320,26320,26321,,,,26364,26331,26346,16,1:15,26347,26362,16,1:15,26348,26363,16,1:15,,,0,,,,0,,,,0,,,,0,,1,10,15,17,1,,,,
asymmetric,4,377,9,a,7,0,3904,16,26367,26367,26368,,,,26411,26378,26393,16,1:15,26394,26409,16,1:15,26395,26410,16,1:15,,,0,,,,0,,,,0,,,,0,,1,10,15,17,1,,,,
asymmetric,4,378,9,a,7,16,4032,8,26414,26414,26415,,,,26442,26425,26432,8,1:7,26433,26440,8,1:7,26434,26441,8,1:7,,,0,,,,0,,,,0,,,,0,,1,10,7,9,1,,,,
asymmetric,4,379,9,a,7,24,4096,8,26445,26445,26446,,,,26473,26456,26463,8,1:7,26464,26471,8,1:7,26465,26472,8,1:7,,,0,,,,0,,,,0,,,,0,,1,10,7,9,1,,,,
asymmetric,4,380,9,bt,0,0,18880,16,26481,26481,26482,,,,26525,26492,26507,16,1:15,26508,26523,16,1:15,26509,26524,16,1:15,,,0,,,,0,,,,0,,,,0,,1,10,15,17,1,,,,
asymmetric,4,381,9,bt,0,16,19008,16,26528,26528,26529,,,,26572,26539,26554,16,1:15,26555,26570,16,1:15,26556,26571,16,1:15,,,0,,,,0,,,,0,,,,0,,1,10,15,17,1,,,,
asymmetric,4,382,9,bt,1,0,19136,16,26575,26575,26576,,,,26619,26586,26601,16,1:15,26602,26617,16,1:15,26603,26618,16,1:15,,,0,,,,0,,,,0,,,,0,,1,10,15,17,1,,,,
asymmetric,4,383,9,bt,1,16,19264,16,26622,26622,26623,,,,26666,26633,26648,16,1:15,26649,26664,16,1:15,26650,26665,16,1:15,,,0,,,,0,,,,0,,,,0,,1,10,15,17,1,,,,
asymmetric,4,384,9,bt,2,0,19392,16,26669,26669,26670,,,,26713,26680,26695,16,1:15,26696,26711,16,1:15,26697,26712,16,1:15,,,0,,,,0,,,,0,,,,0,,1,10,15,17,1,,,,
asymmetric,4,385,9,bt,2,16,19520,16,26716,26716,26717,,,,26760,26727,26742,16,1:15,26743,26758,16,1:15,26744,26759,16,1:15,,,0,,,,0,,,,0,,,,0,,1,10,15,17,1,,,,
asymmetric,4,386,9,bt,3,0,19648,16,26763,26763,26764,,,,26807,26774,26789,16,1:15,26790,26805,16,1:15,26791,26806,16,1:15,,,0,,,,0,,,,0,,,,0,,1,10,15,17,1,,,,
asymmetric,4,387,9,bt,3,16,19776,16,26810,26810,26811,,,,26854,26821,26836,16,1:15,26837,26852,16,1:15,26838,26853,16,1:15,,,0,,,,0,,,,0,,,,0,,1,10,15,17,1,,,,
asymmetric,4,388,9,bt,4,0,19904,16,26857,26857,26858,,,,26901,26868,26883,16,1:15,26884,26899,16,1:15,26885,26900,16,1:15,,,0,,,,0,,,,0,,,,0,,1,10,15,17,1,,,,
asymmetric,4,389,9,bt,4,16,20032,16,26904,26904,26905,,,,26948,26915,26930,16,1:15,26931,26946,16,1:15,26932,26947,16,1:15,,,0,,,,0,,,,0,,,,0,,1,10,15,17,1,,,,
asymmetric,4,390,9,bt,5,0,20160,16,26951,26951,26952,,,,26995,26962,26977,16,1:15,26978,26993,16,1:15,26979,26994,16,1:15,,,0,,,,0,,,,0,,,,0,,1,10,15,17,1,,,,
asymmetric,4,391,9,bt,5,16,20288,16,26998,26998,26999,,,,27042,27009,27024,16,1:15,27025,27040,16,1:15,27026,27041,16,1:15,,,0,,,,0,,,,0,,,,0,,1,10,15,17,1,,,,
asymmetric,4,392,9,bt,6,0,20416,8,27045,27045,27046,,,,27073,27056,27063,8,1:7,27064,27071,8,1:7,27065,27072,8,1:7,,,0,,,,0,,,,0,,,,0,,1,10,7,9,1,,,,
asymmetric,4,393,9,bt,6,8,20480,16,27076,27076,27077,,,,27120,27087,27102,16,1:15,27103,27118,16,1:15,27104,27119,16,1:15,,,0,,,,0,,,,0,,,,0,,1,10,15,17,1,,,,
asymmetric,4,394,9,bt,6,24,20608,8,27123,27123,27124,,,,27151,27134,27141,8,1:7,27142,27149,8,1:7,27143,27150,8,1:7,,,0,,,,0,,,,0,,,,0,,1,10,7,9,1,,,,
asymmetric,4,395,9,bt,7,0,20672,16,27154,27154,27155,,,,27198,27165,27180,16,1:15,27181,27196,16,1:15,27182,27197,16,1:15,,,0,,,,0,,,,0,,,,0,,1,10,15,17,1,,,,
asymmetric,4,396,9,bt,7,16,20800,16,27201,27201,27202,,,,27245,27212,27227,16,1:15,27228,27243,16,1:15,27229,27244,16,1:15,,,0,,,,0,,,,0,,,,0,,1,10,15,17,1,,,,
asymmetric,4,397,9,c,0,0,35168,4,28335,28335,,28352,28351,28363,28364,,,0,,,,0,,,,0,,28336,28348,4,4:3,28338,28350,4,4:3,28339,28351,4,4:3,28352,28355,4,1:3,,,,,,16,4,8,1
asymmetric,4,398,9,c,1,0,35424,4,28367,28367,,28384,28383,28395,28396,,,0,,,,0,,,,0,,28368,28380,4,4:3,28370,28382,4,4:3,28371,28383,4,4:3,28384,28387,4,1:3,,,,,,16,4,8,1
asymmetric,4,399,9,c,2,0,35680,4,28399,28399,,28416,28415,28427,28428,,,0,,,,0,,,,0,,28400,28412,4,4:3,28402,28414,4,4:3,28403,28415,4,4:3,28416,28419,4,1:3,,,,,,16,4,8,1
asymmetric,4,400,9,c,3,0,35936,4,28431,28431,,28448,28447,28459,28460,,,0,,,,0,,,,0,,28432,28444,4,4:3,28434,28446,4,4:3,28435,28447,4,4:3,28448,28451,4,1:3,,,,,,16,4,8,1
asymmetric,4,401,9,c,4,0,36192,4,28463,28463,,28480,28479,28491,28492,,,0,,,,0,,,,0,,28464,28476,4,4:3,28466,28478,4,4:3,28467,28479,4,4:3,28480,28483,4,1:3,,,,,,16,4,8,1
asymmetric,4,402,9,c,5,0,36448,4,28495,28495,,28512,28511,28523,28524,,,0,,,,0,,,,0,,28496,28508,4,4:3,28498,28510,4,4:3,28499,28511,4,4:3,28512,28515,4,1:3,,,,,,16,4,8,1
asymmetric,4,403,9,c,6,0,36704,4,28527,28527,,28544,28543,28555,28556,,,0,,,,0,,,,0,,28528,28540,4,4:3,28530,28542,4,4:3,28531,28543,4,4:3,28544,28547,4,1:3,,,,,,16,4,8,1
asymmetric,4,404,9,c,7,0,36960,4,28559,28559,,28576,28575,28587,28588,,,0,,,,0,,,,0,,28560,28572,4,4:3,28562,28574,4,4:3,28563,28575,4,4:3,28576,28579,4,1:3,,,,,,16,4,8,1
asymmetric,4,405,10,a,0,0,2112,16,28597,28597,28598,,,,28641,28608,28623,16,1:15,28624,28639,16,1:15,28625,28640,16,1:15,,,0,,,,0,,,,0,,,,0,,1,10,15,17,1,,,,
asymmetric,4,406,10,a,0,16,2240,16,28644,28644,28645,,,,28688,28655,28670,16,1:15,28671,28686,16,1:15,28672,28687,16,1:15,,,0,,,,0,,,,0,,,,0,,1,10,15,17,1,,,,
asymmetric,4,407,10,a,1,0,2368,16,28691,28691,28692,,,,28735,28702,28717,16,1:15,28718,28733,16,1:15,28719,28734,16,1:15,,,0,,,,0,,,,0,,,,0,,1,10,15,17,1,,,,
asymmetric,4,408,10,a,1,16,2496,16,28738,28738,28739,,,,28782,28749,28764,16,1:15,28765,28780,16,1:15,28766,28781,16,1:15,,,0,,,,0,,,,0,,,,0,,1,10,15,17,1,,,,
asymmetric,4,409,10,a,2,0,2624,16,28785,28785,28786,,,,28829,28796,28811,16,1:15,28812,28827,16,1:15,28813,28828,16,1:15,,,0,,,,0,,,,0,,,,0,,1,10,15,17,1,,,,
asymmetric,4,410,10,a,2,16,2752,16,28832,28832,28833,,,,28876,28843,28858,16,1:15,28859,28874,16,1:15,28860,28875,16,1:15,,,0,,,,0,,,,0,,,,0,,1,10,15,17,1,,,,
asymmetric,4,411,10,a,3,0,2880,16,28879,28879,28880,,,,28923,28890,28905,16,1:15,28906,28921,16,1:15,28907,28922,16,1:15,,,0,,,,0,,,,0,,,,0,,1,10,15,17,1,,,,
asymmetric,4,412,10,a,3,16,3008,16,28926,28926,28927,,,,28970,28937,28952,16,1:15,28953,28968,16,1:15,28954,28969,16,1:15,,,0,,,,0,,,,0,,,,0,,1,10,15,17,1,,,,
asymmetric,4,413,10,a,4,0,3136,16,28973,28973,28974,,,,29017,28984,28999,16,1:15,29000,29015,16,1:15,29001,29016,16,1:15,,,0,,,,0,,,,0,,,,0,,1,10,15,17,1,,,,
asymmetric,4,414,10,a,4,16,3264,16,29020,29020,29021,,,,29064,29031,29046,16,1:15,29047,29062,16,1:15,29048,29063,16,1:15,,,0,,,,0,,,,0,,,,0,,1,10,15,17,1,,,,
asymmetric,4,415,10,a,5,0,3392,16,29067,29067,29068,,,,29111,29078,29093,16,1:15,29094,29109,16,1:15,29095,29110,16,1:15,,,0,,,,0,,,,0,,,,0,,1,10,15,17,1,,,,
asymmetric,4,416,10,a,5,16,3520,16,29114,29114,29115,,,,29158,29125,29140,16,1:15,29141,29156,16,1:15,29142,29157,16,1:15,,,0,,,,0,,,,0,,,,0,,1,10,15,17,1,,,,
asymmetric,4,417,10,a,6,0,3648,16,29161,29161,29162,,,,29205,29172,29187,16,1:15,29188,29203,16,1:15,29189,29204,16,1:15,,,0,,,,0,,,,0,,,,0,,1,10,15,17,1,,,,
asymmetric,4,418,10,a,6,16,3776,16,29208,29208,29209,,,,29252,29219,29234,16,1:15,29235,29250,16,1:15,29236,29251,16,1:15,,,0,,,,0,,,,0,,,,0,,1,10,15,17,1,,,,
asymmetric,4,419,10,a,7,0,3904,16,29255,29255,29256,,,,29299,29266,29281,16,1:15,29282,29297,16,1:15,29283,29298,16,1:15,,,0,,,,0,,,,0,,,,0,,1,10,15,17,1,,,,
asymmetric,4,420,10,a,7,16,4032,8,29302,29302,29303,,,,29330,29313,29320,8,1:7,29321,29328,8,1:7,29322,29329,8,1:7,,,0,,,,0,,,,0,,,,0,,1,10,7,9,1,,,,
asymmetric,4,421,10,a,7,24,4096,8,29333,29333,29334,,,,29361,29344,29351,8,1:7,29352,29359,8,1:7,29353,29360,8,1:7,,,0,,,,0,,,,0,,,,0,,1,10,7,9,1,,,,
asymmetric,4,422,10,bt,0,0,20928,16,29369,29369,29370,,,,29413,29380,29395,16,1:15,29396,29411,16,1:15,29397,29412,16,1:15,,,0,,,,0,,,,0,,,,0,,1,10,15,17,1,,,,
asymmetric,4,423,10,bt,0,16,21056,16,29416,29416,29417,,,,29460,29427,29442,16,1:15,29443,29458,16,1:15,29444,29459,16,1:15,,,0,,,,0,,,,0,,,,0,,1,10,15,17,1,,,,
asymmetric,4,424,10,bt,1,0,21184,16,29463,29463,29464,,,,29507,29474,29489,16,1:15,29490,29505,16,1:15,29491,29506,16,1:15,,,0,,,,0,,,,0,,,,0,,1,10,15,17,1,,,,
asymmetric,4,425,10,bt,1,16,21312,16,29510,29510,29511,,,,29554,29521,29536,16,1:15,29537,29552,16,1:15,29538,29553,16,1:15,,,0,,,,0,,,,0,,,,0,,1,10,15,17,1,,,,
asymmetric,4,426,10,bt,2,0,21440,16,29557,29557,29558,,,,29601,29568,29583,16,1:15,29584,29599,16,1:15,29585,29600,16,1:15,,,0,,,,0,,,,0,,,,0,,1,10,15,17,1,,,,
asymmetric,4,427,10,bt,2,16,21568,16,29604,29604,29605,,,,29648,29615,29630,16,1:15,29631,29646,16,1:15,29632,29647,16,1:15,,,0,,,,0,,,,0,,,,0,,1,10,15,17,1,,,,
asymmetric,4,428,10,bt,3,0,21696,16,29651,29651,29652,,,,29695,29662,29677,16,1:15,29678,29693,16,1:15,29679,29694,16,1:15,,,0,,,,0,,,,0,,,,0,,1,10,15,17,1,,,,
asymmetric,4,429,10,bt,3,16,21824,16,29698,29698,29699,,,,29742,29709,29724,16,1:15,29725,29740,16,1:15,29726,29741,16,1:15,,,0,,,,0,,,,0,,,,0,,1,10,15,17,1,,,,
asymmetric,4,430,10,bt,4,0,21952,16,29745,29745,29746,,,,29789,29756,29771,16,1:15,29772,29787,16,1:15,29773,29788,16,1:15,,,0,,,,0,,,,0,,,,0,,1,10,15,17,1,,,,
asymmetric,4,431,10,bt,4,16,22080,16,29792,29792,29793,,,,29836,29803,29818,16,1:15,29819,29834,16,1:15,29820,29835,16,1:15,,,0,,,,0,,,,0,,,,0,,1,10,15,17,1,,,,
asymmetric,4,432,10,bt,5,0,22208,16,29839,29839,29840,,,,29883,29850,29865,16,1:15,29866,29881,16,1:15,29867,29882,16,1:15,,,0,,,,0,,,,0,,,,0,,1,10,15,17,1,,,,
asymmetric,4,433,10,bt,5,16,22336,16,29886,29886,29887,,,,29930,29897,29912,16,1:15,29913,29928,16,1:15,29914,29929,16,1:15,,,0,,,,0,,,,0,,,,0,,1,10,15,17,1,,,,
asymmetric,4,434,10,bt,6,0,22464,16,29933,29933,29934,,,,29977,29944,29959,16,1:15,29960,29975,16,1:15,29961,29976,16,1:15,,,0,,,,0,,,,0,,,,0,,1,10,15,17,1,,,,
asymmetric,4,435,10,bt,6,16,22592,16,29980,29980,29981,,,,30024,29991,30006,16,1:15,30007,30022,16,1:15,30008,30023,16,1:15,,,0,,,,0,,,,0,,,,0,,1,10,15,17,1,,,,
asymmetric,4,436,10,bt,7,0,22720,16,30027,30027,30028,,,,30071,30038,30053,16,1:15,30054,30069,16,1:15,30055,30070,16,1:15,,,0,,,,0,,,,0,,,,0,,1,10,15,17,1,,,,
asymmetric,4,437,10,bt,7,16,22848,16,30074,30074,30075,,,,30118,30085,30100,16,1:15,30101,30116,16,1:15,30102,30117,16,1:15,,,0,,,,0,,,,0,,,,0,,1,10,15,17,1,,,,
asymmetric,4,438,10,c,0,0,35200,4,31208,31208,,31225,31224,31236,31237,,,0,,,,0,,,,0,,31209,31221,4,4:3,31211,31223,4,4:3,31212,31224,4,4:3,31225,31228,4,1:3,,,,,,16,4,8,1
asymmetric,4,439,10,c,1,0,35456,4,31240,31240,,31257,31256,31268,31269,,,0,,,,0,,,,0,,31241,31253,4,4:3,31243,31255,4,4:3,31244,31256,4,4:3,31257,31260,4,1:3,,,,,,16,4,8,1
asymmetric,4,440,10,c,2,0,35712,4,31272,31272,,31289,31288,31300,31301,,,0,,,,0,,,,0,,31273,31285,4,4:3,31275,31287,4,4:3,31276,31288,4,4:3,31289,31292,4,1:3,,,,,,16,4,8,1
asymmetric,4,441,10,c,3,0,35968,4,31304,31304,,31321,31320,31332,31333,,,0,,,,0,,,,0,,31305,31317,4,4:3,31307,31319,4,4:3,31308,31320,4,4:3,31321,31324,4,1:3,,,,,,16,4,8,1
asymmetric,4,442,10,c,4,0,36224,4,31336,31336,,31353,31352,31364,31365,,,0,,,,0,,,,0,,31337,31349,4,4:3,31339,31351,4,4:3,31340,31352,4,4:3,31353,31356,4,1:3,,,,,,16,4,8,1
asymmetric,4,443,10,c,5,0,36480,4,31368,31368,,31385,31384,31396,31397,,,0,,,,0,,,,0,,31369,31381,4,4:3,31371,31383,4,4:3,31372,31384,4,4:3,31385,31388,4,1:3,,,,,,16,4,8,1
asymmetric,4,444,10,c,6,0,36736,4,31400,31400,,31417,31416,31428,31429,,,0,,,,0,,,,0,,31401,31413,4,4:3,31403,31415,4,4:3,31404,31416,4,4:3,31417,31420,4,1:3,,,,,,16,4,8,1
asymmetric,4,445,10,c,7,0,36992,4,31432,31432,,31449,31448,31460,31461,,,0,,,,0,,,,0,,31433,31445,4,4:3,31435,31447,4,4:3,31436,31448,4,4:3,31449,31452,4,1:3,,,,,,16,4,8,1
asymmetric,4,446,11,a,0,0,2112,16,31470,31470,31471,,,,31514,31481,31496,16,1:15,31497,31512,16,1:15,31498,31513,16,1:15,,,0,,,,0,,,,0,,,,0,,1,10,15,17,1,,,,
asymmetric,4,447,11,a,0,16,2240,16,31517,31517,31518,,,,31561,31528,31543,16,1:15,31544,31559,16,1:15,31545,31560,16,1:15,,,0,,,,0,,,,0,,,,0,,1,10,15,17,1,,,,
asymmetric,4,448,11,a,1,0,2368,16,31564,31564,31565,,,,31608,31575,31590,16,1:15,31591,31606,16,1:15,31592,31607,16,1:15,,,0,,,,0,,,,0,,,,0,,1,10,15,17,1,,,,
asymmetric,4,449,11,a,1,16,2496,16,31611,31611,31612,,,,31655,31622,31637,16,1:15,31638,31653,16,1:15,31639,31654,16,1:15,,,0,,,,0,,,,0,,,,0,,1,10,15,17,1,,,,
asymmetric,4,450,11,a,2,0,2624,16,31658,31658,31659,,,,31702,31669,31684,16,1:15,31685,31700,16,1:15,31686,31701,16,1:15,,,0,,,,0,,,,0,,,,0,,1,10,15,17,1,,,,
asymmetric,4,451,11,a,2,16,2752,16,31705,31705,31706,,,,31749,31716,31731,16,1:15,31732,31747,16,1:15,31733,31748,16,1:15,,,0,,,,0,,,,0,,,,0,,1,10,15,17,1,,,,
asymmetric,4,452,11,a,3,0,2880,16,31752,31752,31753,,,,31796,31763,31778,16,1:15,31779,31794,16,1:15,31780,31795,16,1:15,,,0,,,,0,,,,0,,,,0,,1,10,15,17,1,,,,
asymmetric,4,453,11,a,3,16,3008,16,31799,31799,31800,,,,31843,31810,31825,16,1:15,31826,31841,16,1:15,31827,31842,16,1:15,,,0,,,,0,,,,0,,,,0,,1,10,15,17,1,,,,
asymmetric,4,454,11,a,4,0,3136,16,31846,31846,31847,,,,31890,31857,31872,16,1:15,31873,31888,16,1:15,31874,31889,16,1:15,,,0,,,,0,,,,0,,,,0,,1,10,15,17,1,,,,
asymmetric,4,455,11,a,4,16,3264,16,31893,31893,31894,,,,31937,31904,31919,16,1:15,31920,31935,16,1:15,31921,31936,16,1:15,,,0,,,,0,,,,0,,,,0,,1,10,15,17,1,,,,
asymmetric,4,456,11,a,5,0,3392,16,31940,31940,31941,,,,31984,31951,31966,16,1:15,31967,31982,16,1:15,31968,31983,16,1:15,,,0,,,,0,,,,0,,,,0,,1,10,15,17,1,,,,
asymmetric,4,457,11,a,5,16,3520,16,31987,31987,31988,,,,32031,31998,32013,16,1:15,32014,32029,16,1:15,32015,32030,16,1:15,,,0,,,,0,,,,0,,,,0,,1,10,15,17,1,,,,
asymmetric,4,458,11,a,6,0,3648,16,32034,32034,32035,,,,32078,32045,32060,16,1:15,32061,32076,16,1:15,32062,32077,16,1:15,,,0,,,,0,,,,0,,,,0,,1,10,15,17,1,,,,
asymmetric,4,459,11,a,6,16,3776,16,32081,32081,32082,,,,32125,32092,32107,16,1:15,32108,32123,16,1:15,32109,32124,16,1:15,,,0,,,,0,,,,0,,,,0,,1,10,15,17,1,,,,
asymmetric,4,460,11,a,7,0,3904,16,32128,32128,32129,,,,32172,32139,32154,16,1:15,32155,32170,16,1:15,32156,32171,16,1:15,,,0,,,,0,,,,0,,,,0,,1,10,15,17,1,,,,
asymmetric,4,461,11,a,7,16,4032,8,32175,32175,32176,,,,32203,32186,32193,8,1:7,32194,32201,8,1:7,32195,32202,8,1:7,,,0,,,,0,,,,0,,,,0,,1,10,7,9,1,,,,
asymmetric,4,462,11,a,7,24,4096,8,32206,32206,32207,,,,32234,32217,32224,8,1:7,32225,32232,8,1:7,32226,32233,8,1:7,,,0,,,,0,,,,0,,,,0,,1,10,7,9,1,,,,
asymmetric,4,463,11,bt,0,0,22976,16,32242,32242,32243,,,,32286,32253,32268,16,1:15,32269,32284,16,1:15,32270,32285,16,1:15,,,0,,,,0,,,,0,,,,0,,1,10,15,17,1,,,,
asymmetric,4,464,11,bt,0,16,23104,16,32289,32289,32290,,,,32333,32300,32315,16,1:15,32316,32331,16,1:15,32317,32332,16,1:15,,,0,,,,0,,,,0,,,,0,,1,10,15,17,1,,,,
asymmetric,4,465,11,bt,1,0,23232,16,32336,32336,32337,,,,32380,32347,32362,16,1:15,32363,32378,16,1:15,32364,32379,16,1:15,,,0,,,,0,,,,0,,,,0,,1,10,15,17,1,,,,
asymmetric,4,466,11,bt,1,16,23360,16,32383,32383,32384,,,,32427,32394,32409,16,1:15,32410,32425,16,1:15,32411,32426,16,1:15,,,0,,,,0,,,,0,,,,0,,1,10,15,17,1,,,,
asymmetric,4,467,11,bt,2,0,23488,16,32430,32430,32431,,,,32474,32441,32456,16,1:15,32457,32472,16,1:15,32458,32473,16,1:15,,,0,,,,0,,,,0,,,,0,,1,10,15,17,1,,,,
asymmetric,4,468,11,bt,2,16,23616,16,32477,32477,32478,,,,32521,32488,32503,16,1:15,32504,32519,16,1:15,32505,32520,16,1:15,,,0,,,,0,,,,0,,,,0,,1,10,15,17,1,,,,
asymmetric,4,469,11,bt,3,0,23744,16,32524,32524,32525,,,,32568,32535,32550,16,1:15,32551,32566,16,1:15,32552,32567,16,1:15,,,0,,,,0,,,,0,,,,0,,1,10,15,17,1,,,,
asymmetric,4,470,11,bt,3,16,23872,16,32571,32571,32572,,,,32615,32582,32597,16,1:15,32598,32613,16,1:15,32599,32614,16,1:15,,,0,,,,0,,,,0,,,,0,,1,10,15,17,1,,,,
asymmetric,4,471,11,bt,4,0,24000,16,32618,32618,32619,,,,32662,32629,32644,16,1:15,32645,32660,16,1:15,32646,32661,16,1:15,,,0,,,,0,,,,0,,,,0,,1,10,15,17,1,,,,
asymmetric,4,472,11,bt,4,16,24128,16,32665,32665,32666,,,,32709,32676,32691,16,1:15,32692,32707,16,1:15,32693,32708,16,1:15,,,0,,,,0,,,,0,,,,0,,1,10,15,17,1,,,,
asymmetric,4,473,11,bt,5,0,24256,16,32712,32712,32713,,,,32756,32723,32738,16,1:15,32739,32754,16,1:15,32740,32755,16,1:15,,,0,,,,0,,,,0,,,,0,,1,10,15,17,1,,,,
asymmetric,4,474,11,bt,5,16,24384,16,32759,32759,32760,,,,32803,32770,32785,16,1:15,32786,32801,16,1:15,32787,32802,16,1:15,,,0,,,,0,,,,0,,,,0,,1,10,15,17,1,,,,
asymmetric,4,475,11,bt,6,0,24512,8,32806,32806,32807,,,,32834,32817,32824,8,1:7,32825,32832,8,1:7,32826,32833,8,1:7,,,0,,,,0,,,,0,,,,0,,1,10,7,9,1,,,,
asymmetric,4,476,11,bt,6,8,24576,16,32837,32837,32838,,,,32881,32848,32863,16,1:15,32864,32879,16,1:15,32865,32880,16,1:15,,,0,,,,0,,,,0,,,,0,,1,10,15,17,1,,,,
asymmetric,4,477,11,bt,6,24,24704,8,32884,32884,32885,,,,32912,32895,32902,8,1:7,32903,32910,8,1:7,32904,32911,8,1:7,,,0,,,,0,,,,0,,,,0,,1,10,7,9,1,,,,
asymmetric,4,478,11,bt,7,0,24768,16,32915,32915,32916,,,,32959,32926,32941,16,1:15,32942,32957,16,1:15,32943,32958,16,1:15,,,0,,,,0,,,,0,,,,0,,1,10,15,17,1,,,,
asymmetric,4,479,11,bt,7,16,24896,16,32962,32962,32963,,,,33006,32973,32988,16,1:15,32989,33004,16,1:15,32990,33005,16,1:15,,,0,,,,0,,,,0,,,,0,,1,10,15,17,1,,,,
asymmetric,4,480,11,c,0,0,35232,4,34096,34096,,34113,34112,34124,34125,,,0,,,,0,,,,0,,34097,34109,4,4:3,34099,34111,4,4:3,34100,34112,4,4:3,34113,34116,4,1:3,,,,,,16,4,8,1
asymmetric,4,481,11,c,1,0,35488,4,34128,34128,,34145,34144,34156,34157,,,0,,,,0,,,,0,,34129,34141,4,4:3,34131,34143,4,4:3,34132,34144,4,4:3,34145,34148,4,1:3,,,,,,16,4,8,1
asymmetric,4,482,11,c,2,0,35744,4,34160,34160,,34177,34176,34188,34189,,,0,,,,0,,,,0,,34161,34173,4,4:3,34163,34175,4,4:3,34164,34176,4,4:3,34177,34180,4,1:3,,,,,,16,4,8,1
asymmetric,4,483,11,c,3,0,36000,4,34192,34192,,34209,34208,34220,34221,,,0,,,,0,,,,0,,34193,34205,4,4:3,34195,34207,4,4:3,34196,34208,4,4:3,34209,34212,4,1:3,,,,,,16,4,8,1
asymmetric,4,484,11,c,4,0,36256,4,34224,34224,,34241,34240,34252,34253,,,0,,,,0,,,,0,,34225,34237,4,4:3,34227,34239,4,4:3,34228,34240,4,4:3,34241,34244,4,1:3,,,,,,16,4,8,1
asymmetric,4,485,11,c,5,0,36512,4,34256,34256,,34273,34272,34284,34285,,,0,,,,0,,,,0,,34257,34269,4,4:3,34259,34271,4,4:3,34260,34272,4,4:3,34273,34276,4,1:3,,,,,,16,4,8,1
asymmetric,4,486,11,c,6,0,36768,4,34288,34288,,34305,34304,34316,34317,,,0,,,,0,,,,0,,34289,34301,4,4:3,34291,34303,4,4:3,34292,34304,4,4:3,34305,34308,4,1:3,,,,,,16,4,8,1
asymmetric,4,487,11,c,7,0,37024,4,34320,34320,,34337,34336,34348,34349,,,0,,,,0,,,,0,,34321,34333,4,4:3,34323,34335,4,4:3,34324,34336,4,4:3,34337,34340,4,1:3,,,,,,16,4,8,1
asymmetric,4,488,12,a,0,0,2112,16,34358,34358,34359,,,,34402,34369,34384,16,1:15,34385,34400,16,1:15,34386,34401,16,1:15,,,0,,,,0,,,,0,,,,0,,1,10,15,17,1,,,,
asymmetric,4,489,12,a,0,16,2240,16,34405,34405,34406,,,,34449,34416,34431,16,1:15,34432,34447,16,1:15,34433,34448,16,1:15,,,0,,,,0,,,,0,,,,0,,1,10,15,17,1,,,,
asymmetric,4,490,12,a,1,0,2368,16,34452,34452,34453,,,,34496,34463,34478,16,1:15,34479,34494,16,1:15,34480,34495,16,1:15,,,0,,,,0,,,,0,,,,0,,1,10,15,17,1,,,,
asymmetric,4,491,12,a,1,16,2496,16,34499,34499,34500,,,,34543,34510,34525,16,1:15,34526,34541,16,1:15,34527,34542,16,1:15,,,0,,,,0,,,,0,,,,0,,1,10,15,17,1,,,,
asymmetric,4,492,12,a,2,0,2624,16,34546,34546,34547,,,,34590,34557,34572,16,1:15,34573,34588,16,1:15,34574,34589,16,1:15,,,0,,,,0,,,,0,,,,0,,1,10,15,17,1,,,,
asymmetric,4,493,12,a,2,16,2752,16,34593,34593,34594,,,,34637,34604,34619,16,1:15,34620,34635,16,1:15,34621,34636,16,1:15,,,0,,,,0,,,,0,,,,0,,1,10,15,17,1,,,,
asymmetric,4,494,12,a,3,0,2880,16,34640,34640,34641,,,,34684,34651,34666,16,1:15,34667,34682,16,1:15,34668,34683,16,1:15,,,0,,,,0,,,,0,,,,0,,1,10,15,17,1,,,,
asymmetric,4,495,12,a,3,16,3008,16,34687,34687,34688,,,,34731,34698,34713,16,1:15,34714,34729,16,1:15,34715,34730,16,1:15,,,0,,,,0,,,,0,,,,0,,1,10,15,17,1,,,,
asymmetric,4,496,12,a,4,0,3136,16,34734,34734,34735,,,,34778,34745,34760,16,1:15,34761,34776,16,1:15,34762,34777,16,1:15,,,0,,,,0,,,,0,,,,0,,1,10,15,17,1,,,,
asymmetric,4,497,12,a,4,16,3264,16,34781,34781,34782,,,,34825,34792,34807,16,1:15,34808,34823,16,1:15,34809,34824,16,1:15,,,0,,,,0,,,,0,,,,0,,1,10,15,17,1,,,,
asymmetric,4,498,12,a,5,0,3392,16,34828,34828,34829,,,,34872,34839,34854,16,1:15,34855,34870,16,1:15,34856,34871,16,1:15,,,0,,,,0,,,,0,,,,0,,1,10,15,17,1,,,,
asymmetric,4,499,12,a,5,16,3520,16,34875,34875,34876,,,,34919,34886,34901,16,1:15,34902,34917,16,1:15,34903,34918,16,1:15,,,0,,,,0,,,,0,,,,0,,1,10,15,17,1,,,,
asymmetric,4,500,12,a,6,0,3648,16,34922,34922,34923,,,,34966,34933,34948,16,1:15,34949,34964,16,1:15,34950,34965,16,1:15,,,0,,,,0,,,,0,,,,0,,1,10,15,17,1,,,,
asymmetric,4,501,12,a,6,16,3776,16,34969,34969,34970,,,,35013,34980,34995,16,1:15,34996,35011,16,1:15,34997,35012,16,1:15,,,0,,,,0,,,,0,,,,0,,1,10,15,17,1,,,,
asymmetric,4,502,12,a,7,0,3904,16,35016,35016,35017,,,,35060,35027,35042,16,1:15,35043,35058,16,1:15,35044,35059,16,1:15,,,0,,,,0,,,,0,,,,0,,1,10,15,17,1,,,,
asymmetric,4,503,12,a,7,16,4032,8,35063,35063,35064,,,,35091,35074,35081,8,1:7,35082,35089,8,1:7,35083,35090,8,1:7,,,0,,,,0,,,,0,,,,0,,1,10,7,9,1,,,,
asymmetric,4,504,12,a,7,24,4096,8,35094,35094,35095,,,,35122,35105,35112,8,1:7,35113,35120,8,1:7,35114,35121,8,1:7,,,0,,,,0,,,,0,,,,0,,1,10,7,9,1,,,,
asymmetric,4,505,12,bt,0,0,25024,16,35130,35130,35131,,,,35174,35141,35156,16,1:15,35157,35172,16,1:15,35158,35173,16,1:15,,,0,,,,0,,,,0,,,,0,,1,10,15,17,1,,,,
asymmetric,4,506,12,bt,0,16,25152,16,35177,35177,35178,,,,35221,35188,35203,16,1:15,35204,35219,16,1:15,35205,35220,16,1:15,,,0,,,,0,,,,0,,,,0,,1,10,15,17,1,,,,
asymmetric,4,507,12,bt,1,0,25280,16,35224,35224,35225,,,,35268,35235,35250,16,1:15,35251,35266,16,1:15,35252,35267,16,1:15,,,0,,,,0,,,,0,,,,0,,1,10,15,17,1,,,,
asymmetric,4,508,12,bt,1,16,25408,16,35271,35271,35272,,,,35315,35282,35297,16,1:15,35298,35313,16,1:15,35299,35314,16,1:15,,,0,,,,0,,,,0,,,,0,,1,10,15,17,1,,,,
asymmetric,4,509,12,bt,2,0,25536,16,35318,35318,35319,,,,35362,35329,35344,16,1:15,35345,35360,16,1:15,35346,35361,16,1:15,,,0,,,,0,,,,0,,,,0,,1,10,15,17,1,,,,
asymmetric,4,510,12,bt,2,16,25664,16,35365,35365,35366,,,,35409,35376,35391,16,1:15,35392,35407,16,1:15,35393,35408,16,1:15,,,0,,,,0,,,,0,,,,0,,1,10,15,17,1,,,,
asymmetric,4,511,12,bt,3,0,25792,16,35412,35412,35413,,,,35456,35423,35438,16,1:15,35439,35454,16,1:15,35440,35455,16,1:15,,,0,,,,0,,,,0,,,,0,,1,10,15,17,1,,,,
asymmetric,4,512,12,bt,3,16,25920,16,35459,35459,35460,,,,35503,35470,35485,16,1:15,35486,35501,16,1:15,35487,35502,16,1:15,,,0,,,,0,,,,0,,,,0,,1,10,15,17,1,,,,
asymmetric,4,513,12,bt,4,0,26048,16,35506,35506,35507,,,,35550,35517,35532,16,1:15,35533,35548,16,1:15,35534,35549,16,1:15,,,0,,,,0,,,,0,,,,0,,1,10,15,17,1,,,,
asymmetric,4,514,12,bt,4,16,26176,16,35553,35553,35554,,,,35597,35564,35579,16,1:15,35580,35595,16,1:15,35581,35596,16,1:15,,,0,,,,0,,,,0,,,,0,,1,10,15,17,1,,,,
asymmetric,4,515,12,bt,5,0,26304,16,35600,35600,35601,,,,35644,35611,35626,16,1:15,35627,35642,16,1:15,35628,35643,16,1:15,,,0,,,,0,,,,0,,,,0,,1,10,15,17,1,,,,
asymmetric,4,516,12,bt,5,16,26432,16,35647,35647,35648,,,,35691,35658,35673,16,1:15,35674,35689,16,1:15,35675,35690,16,1:15,,,0,,,,0,,,,0,,,,0,,1,10,15,17,1,,,,
asymmetric,4,517,12,bt,6,0,26560,16,35694,35694,35695,,,,35738,35705,35720,16,1:15,35721,35736,16,1:15,35722,35737,16,1:15,,,0,,,,0,,,,0,,,,0,,1,10,15,17,1,,,,
asymmetric,4,518,12,bt,6,16,26688,16,35741,35741,35742,,,,35785,35752,35767,16,1:15,35768,35783,16,1:15,35769,35784,16,1:15,,,0,,,,0,,,,0,,,,0,,1,10,15,17,1,,,,
asymmetric,4,519,12,bt,7,0,26816,16,35788,35788,35789,,,,35832,35799,35814,16,1:15,35815,35830,16,1:15,35816,35831,16,1:15,,,0,,,,0,,,,0,,,,0,,1,10,15,17,1,,,,
asymmetric,4,520,12,bt,7,16,26944,16,35835,35835,35836,,,,35879,35846,35861,16,1:15,35862,35877,16,1:15,35863,35878,16,1:15,,,0,,,,0,,,,0,,,,0,,1,10,15,17,1,,,,
asymmetric,4,521,12,c,0,0,35264,4,36969,36969,,36986,36985,36997,36998,,,0,,,,0,,,,0,,36970,36982,4,4:3,36972,36984,4,4:3,36973,36985,4,4:3,36986,36989,4,1:3,,,,,,16,4,8,1
asymmetric,4,522,12,c,1,0,35520,4,37001,37001,,37018,37017,37029,37030,,,0,,,,0,,,,0,,37002,37014,4,4:3,37004,37016,4,4:3,37005,37017,4,4:3,37018,37021,4,1:3,,,,,,16,4,8,1
asymmetric,4,523,12,c,2,0,35776,4,37033,37033,,37050,37049,37061,37062,,,0,,,,0,,,,0,,37034,37046,4,4:3,37036,37048,4,4:3,37037,37049,4,4:3,37050,37053,4,1:3,,,,,,16,4,8,1
asymmetric,4,524,12,c,3,0,36032,4,37065,37065,,37082,37081,37093,37094,,,0,,,,0,,,,0,,37066,37078,4,4:3,37068,37080,4,4:3,37069,37081,4,4:3,37082,37085,4,1:3,,,,,,16,4,8,1
asymmetric,4,525,12,c,4,0,36288,4,37097,37097,,37114,37113,37125,37126,,,0,,,,0,,,,0,,37098,37110,4,4:3,37100,37112,4,4:3,37101,37113,4,4:3,37114,37117,4,1:3,,,,,,16,4,8,1
asymmetric,4,526,12,c,5,0,36544,4,37129,37129,,37146,37145,37157,37158,,,0,,,,0,,,,0,,37130,37142,4,4:3,37132,37144,4,4:3,37133,37145,4,4:3,37146,37149,4,1:3,,,,,,16,4,8,1
asymmetric,4,527,12,c,6,0,36800,4,37161,37161,,37178,37177,37189,37190,,,0,,,,0,,,,0,,37162,37174,4,4:3,37164,37176,4,4:3,37165,37177,4,4:3,37178,37181,4,1:3,,,,,,16,4,8,1
asymmetric,4,528,12,c,7,0,37056,4,37193,37193,,37210,37209,37221,37222,,,0,,,,0,,,,0,,37194,37206,4,4:3,37196,37208,4,4:3,37197,37209,4,4:3,37210,37213,4,1:3,,,,,,16,4,8,1
asymmetric,4,529,13,a,0,0,2112,16,37231,37231,37232,,,,37275,37242,37257,16,1:15,37258,37273,16,1:15,37259,37274,16,1:15,,,0,,,,0,,,,0,,,,0,,1,10,15,17,1,,,,
asymmetric,4,530,13,a,0,16,2240,16,37278,37278,37279,,,,37322,37289,37304,16,1:15,37305,37320,16,1:15,37306,37321,16,1:15,,,0,,,,0,,,,0,,,,0,,1,10,15,17,1,,,,
asymmetric,4,531,13,a,1,0,2368,16,37325,37325,37326,,,,37369,37336,37351,16,1:15,37352,37367,16,1:15,37353,37368,16,1:15,,,0,,,,0,,,,0,,,,0,,1,10,15,17,1,,,,
asymmetric,4,532,13,a,1,16,2496,16,37372,37372,37373,,,,37416,37383,37398,16,1:15,37399,37414,16,1:15,37400,37415,16,1:15,,,0,,,,0,,,,0,,,,0,,1,10,15,17,1,,,,
asymmetric,4,533,13,a,2,0,2624,16,37419,37419,37420,,,,37463,37430,37445,16,1:15,37446,37461,16,1:15,37447,37462,16,1:15,,,0,,,,0,,,,0,,,,0,,1,10,15,17,1,,,,
asymmetric,4,534,13,a,2,16,2752,16,37466,37466,37467,,,,37510,37477,37492,16,1:15,37493,37508,16,1:15,37494,37509,16,1:15,,,0,,,,0,,,,0,,,,0,,1,10,15,17,1,,,,
asymmetric,4,535,13,a,3,0,2880,16,37513,37513,37514,,,,37557,37524,37539,16,1:15,37540,37555,16,1:15,37541,37556,16,1:15,,,0,,,,0,,,,0,,,,0,,1,10,15,17,1,,,,
asymmetric,4,536,13,a,3,16,3008,16,37560,37560,37561,,,,37604,37571,37586,16,1:15,37587,37602,16,1:15,37588,37603,16,1:15,,,0,,,,0,,,,0,,,,0,,1,10,15,17,1,,,,
asymmetric,4,537,13,a,4,0,3136,16,37607,37607,37608,,,,37651,37618,37633,16,1:15,37634,37649,16,1:15,37635,37650,16,1:15,,,0,,,,0,,,,0,,,,0,,1,10,15,17,1,,,,
asymmetric,4,538,13,a,4,16,3264,16,37654,37654,37655,,,,37698,37665,37680,16,1:15,37681,37696,16,1:15,37682,37697,16,1:15,,,0,,,,0,,,,0,,,,0,,1,10,15,17,1,,,,
asymmetric,4,539,13,a,5,0,3392,16,37701,37701,37702,,,,37745,37712,37727,16,1:15,37728,37743,16,1:15,37729,37744,16,1:15,,,0,,,,0,,,,0,,,,0,,1,10,15,17,1,,,,
asymmetric,4,540,13,a,5,16,3520,16,37748,37748,37749,,,,37792,37759,37774,16,1:15,37775,37790,16,1:15,37776,37791,16,1:15,,,0,,,,0,,,,0,,,,0,,1,10,15,17,1,,,,
asymmetric,4,541,13,a,6,0,3648,16,37795,37795,37796,,,,37839,37806,37821,16,1:15,37822,37837,16,1:15,37823,37838,16,1:15,,,0,,,,0,,,,0,,,,0,,1,10,15,17,1,,,,
asymmetric,4,542,13,a,6,16,3776,16,37842,37842,37843,,,,37886,37853,37868,16,1:15,37869,37884,16,1:15,37870,37885,16,1:15,,,0,,,,0,,,,0,,,,0,,1,10,15,17,1,,,,
asymmetric,4,543,13,a,7,0,3904,16,37889,37889,37890,,,,37933,37900,37915,16,1:15,37916,37931,16,1:15,37917,37932,16,1:15,,,0,,,,0,,,,0,,,,0,,1,10,15,17,1,,,,
asymmetric,4,544,13,a,7,16,4032,8,37936,37936,37937,,,,37964,37947,37954,8,1:7,37955,37962,8,1:7,37956,37963,8,1:7,,,0,,,,0,,,,0,,,,0,,1,10,7,9,1,,,,
asymmetric,4,545,13,a,7,24,4096,8,37967,37967,37968,,,,37995,37978,37985,8,1:7,37986,37993,8,1:7,37987,37994,8,1:7,,,0,,,,0,,,,0,,,,0,,1,10,7,9,1,,,,
asymmetric,4,546,13,bt,0,0,27072,16,38003,38003,38004,,,,38047,38014,38029,16,1:15,38030,38045,16,1:15,38031,38046,16,1:15,,,0,,,,0,,,,0,,,,0,,1,10,15,17,1,,,,
asymmetric,4,547,13,bt,0,16,27200,16,38050,38050,38051,,,,38094,38061,38076,16,1:15,38077,38092,16,1:15,38078,38093,16,1:15,,,0,,,,0,,,,0,,,,0,,1,10,15,17,1,,,,
asymmetric,4,548,13,bt,1,0,27328,16,38097,38097,38098,,,,38141,38108,38123,16,1:15,38124,38139,16,1:15,38125,38140,16,1:15,,,0,,,,0,,,,0,,,,0,,1,10,15,17,1,,,,
asymmetric,4,549,13,bt,1,16,27456,16,38144,38144,38145,,,,38188,38155,38170,16,1:15,38171,38186,16,1:15,38172,38187,16,1:15,,,0,,,,0,,,,0,,,,0,,1,10,15,17,1,,,,
asymmetric,4,550,13,bt,2,0,27584,16,38191,38191,38192,,,,38235,38202,38217,16,1:15,38218,38233,16,1:15,38219,38234,16,1:15,,,0,,,,0,,,,0,,,,0,,1,10,15,17,1,,,,
asymmetric,4,551,13,bt,2,16,27712,16,38238,38238,38239,,,,38282,38249,38264,16,1:15,38265,38280,16,1:15,38266,38281,16,1:15,,,0,,,,0,,,,0,,,,0,,1,10,15,17,1,,,,
asymmetric,4,552,13,bt,3,0,27840,16,38285,38285,38286,,,,38329,38296,38311,16,1:15,38312,38327,16,1:15,38313,38328,16,1:15,,,0,,,,0,,,,0,,,,0,,1,10,15,17,1,,,,
asymmetric,4,553,13,bt,3,16,27968,16,38332,38332,38333,,,,38376,38343,38358,16,1:15,38359,38374,16,1:15,38360,38375,16,1:15,,,0,,,,0,,,,0,,,,0,,1,10,15,17,1,,,,
asymmetric,4,554,13,bt,4,0,28096,16,38379,38379,38380,,,,38423,38390,38405,16,1:15,38406,38421,16,1:15,38407,38422,16,1:15,,,0,,,,0,,,,0,,,,0,,1,10,15,17,1,,,,
asymmetric,4,555,13,bt,4,16,28224,16,38426,38426,38427,,,,38470,38437,38452,16,1:15,38453,38468,16,1:15,38454,38469,16,1:15,,,0,,,,0,,,,0,,,,0,,1,10,15,17,1,,,,
asymmetric,4,556,13,bt,5,0,28352,16,38473,38473,38474,,,,38517,38484,38499,16,1:15,38500,38515,16,1:15,38501,38516,16,1:15,,,0,,,,0,,,,0,,,,0,,1,10,15,17,1,,,,
asymmetric,4,557,13,bt,5,16,28480,16,38520,38520,38521,,,,38564,38531,38546,16,1:15,38547,38562,16,1:15,38548,38563,16,1:15,,,0,,,,0,,,,0,,,,0,,1,10,15,17,1,,,,
asymmetric,4,558,13,bt,6,0,28608,8,38567,38567,38568,,,,38595,38578,38585,8,1:7,38586,38593,8,1:7,38587,38594,8,1:7,,,0,,,,0,,,,0,,,,0,,1,10,7,9,1,,,,
asymmetric,4,559,13,bt,6,8,28672,16,38598,38598,38599,,,,38642,38609,38624,16,1:15,38625,38640,16,1:15,38626,38641,16,1:15,,,0,,,,0,,,,0,,,,0,,1,10,15,17,1,,,,
asymmetric,4,560,13,bt,6,24,28800,8,38645,38645,38646,,,,38673,38656,38663,8,1:7,38664,38671,8,1:7,38665,38672,8,1:7,,,0,,,,0,,,,0,,,,0,,1,10,7,9,1,,,,
asymmetric,4,561,13,bt,7,0,28864,16,38676,38676,38677,,,,38720,38687,38702,16,1:15,38703,38718,16,1:15,38704,38719,16,1:15,,,0,,,,0,,,,0,,,,0,,1,10,15,17,1,,,,
asymmetric,4,562,13,bt,7,16,28992,16,38723,38723,38724,,,,38767,38734,38749,16,1:15,38750,38765,16,1:15,38751,38766,16,1:15,,,0,,,,0,,,,0,,,,0,,1,10,15,17,1,,,,
asymmetric,4,563,13,c,0,0,35296,4,39857,39857,,39874,39873,39885,39886,,,0,,,,0,,,,0,,39858,39870,4,4:3,39860,39872,4,4:3,39861,39873,4,4:3,39874,39877,4,1:3,,,,,,16,4,8,1
asymmetric,4,564,13,c,1,0,35552,4,39889,39889,,39906,39905,39917,39918,,,0,,,,0,,,,0,,39890,39902,4,4:3,39892,39904,4,4:3,39893,39905,4,4:3,39906,39909,4,1:3,,,,,,16,4,8,1
asymmetric,4,565,13,c,2,0,35808,4,39921,39921,,39938,39937,39949,39950,,,0,,,,0,,,,0,,39922,39934,4,4:3,39924,39936,4,4:3,39925,39937,4,4:3,39938,39941,4,1:3,,,,,,16,4,8,1
asymmetric,4,566,13,c,3,0,36064,4,39953,39953,,39970,39969,39981,39982,,,0,,,,0,,,,0,,39954,39966,4,4:3,39956,39968,4,4:3,39957,39969,4,4:3,39970,39973,4,1:3,,,,,,16,4,8,1
asymmetric,4,567,13,c,4,0,36320,4,39985,39985,,40002,40001,40013,40014,,,0,,,,0,,,,0,,39986,39998,4,4:3,39988,40000,4,4:3,39989,40001,4,4:3,40002,40005,4,1:3,,,,,,16,4,8,1
asymmetric,4,568,13,c,5,0,36576,4,40017,40017,,40034,40033,40045,40046,,,0,,,,0,,,,0,,40018,40030,4,4:3,40020,40032,4,4:3,40021,40033,4,4:3,40034,40037,4,1:3,,,,,,16,4,8,1
asymmetric,4,569,13,c,6,0,36832,4,40049,40049,,40066,40065,40077,40078,,,0,,,,0,,,,0,,40050,40062,4,4:3,40052,40064,4,4:3,40053,40065,4,4:3,40066,40069,4,1:3,,,,,,16,4,8,1
asymmetric,4,570,13,c,7,0,37088,4,40081,40081,,40098,40097,40109,40110,,,0,,,,0,,,,0,,40082,40094,4,4:3,40084,40096,4,4:3,40085,40097,4,4:3,40098,40101,4,1:3,,,,,,16,4,8,1
asymmetric,4,571,14,a,0,0,2112,16,40119,40119,40120,,,,40163,40130,40145,16,1:15,40146,40161,16,1:15,40147,40162,16,1:15,,,0,,,,0,,,,0,,,,0,,1,10,15,17,1,,,,
asymmetric,4,572,14,a,0,16,2240,16,40166,40166,40167,,,,40210,40177,40192,16,1:15,40193,40208,16,1:15,40194,40209,16,1:15,,,0,,,,0,,,,0,,,,0,,1,10,15,17,1,,,,
asymmetric,4,573,14,a,1,0,2368,16,40213,40213,40214,,,,40257,40224,40239,16,1:15,40240,40255,16,1:15,40241,40256,16,1:15,,,0,,,,0,,,,0,,,,0,,1,10,15,17,1,,,,
asymmetric,4,574,14,a,1,16,2496,16,40260,40260,40261,,,,40304,40271,40286,16,1:15,40287,40302,16,1:15,40288,40303,16,1:15,,,0,,,,0,,,,0,,,,0,,1,10,15,17,1,,,,
asymmetric,4,575,14,a,2,0,2624,16,40307,40307,40308,,,,40351,40318,40333,16,1:15,40334,40349,16,1:15,40335,40350,16,1:15,,,0,,,,0,,,,0,,,,0,,1,10,15,17,1,,,,
asymmetric,4,576,14,a,2,16,2752,16,40354,40354,40355,,,,40398,40365,40380,16,1:15,40381,40396,16,1:15,40382,40397,16,1:15,,,0,,,,0,,,,0,,,,0,,1,10,15,17,1,,,,
asymmetric,4,577,14,a,3,0,2880,16,40401,40401,40402,,,,40445,40412,40427,16,1:15,40428,40443,16,1:15,40429,40444,16,1:15,,,0,,,,0,,,,0,,,,0,,1,10,15,17,1,,,,
asymmetric,4,578,14,a,3,16,3008,16,40448,40448,40449,,,,40492,40459,40474,16,1:15,40475,40490,16,1:15,40476,40491,16,1:15,,,0,,,,0,,,,0,,,,0,,1,10,15,17,1,,,,
asymmetric,4,579,14,a,4,0,3136,16,40495,40495,40496,,,,40539,40506,40521,16,1:15,40522,40537,16,1:15,40523,40538,16,1:15,,,0,,,,0,,,,0,,,,0,,1,10,15,17,1,,,,
asymmetric,4,580,14,a,4,16,3264,16,40542,40542,40543,,,,40586,40553,40568,16,1:15,40569,40584,16,1:15,40570,40585,16,1:15,,,0,,,,0,,,,0,,,,0,,1,10,15,17,1,,,,
asymmetric,4,581,14,a,5,0,3392,16,40589,40589,40590,,,,40633,40600,40615,16,1:15,40616,40631,16,1:15,40617,40632,16,1:15,,,0,,,,0,,,,0,,,,0,,1,10,15,17,1,,,,
asymmetric,4,582,14,a,5,16,3520,16,40636,40636,40637,,,,40680,40647,40662,16,1:15,40663,40678,16,1:15,40664,40679,16,1:15,,,0,,,,0,,,,0,,,,0,,1,10,15,17,1,,,,
asymmetric,4,583,14,a,6,0,3648,16,40683,40683,40684,,,,40727,40694,40709,16,1:15,40710,40725,16,1:15,40711,40726,16,1:15,,,0,,,,0,,,,0,,,,0,,1,10,15,17,1,,,,
asymmetric,4,584,14,a,6,16,3776,16,40730,40730,40731,,,,40774,40741,40756,16,1:15,40757,40772,16,1:15,40758,40773,16,1:15,,,0,,,,0,,,,0,,,,0,,1,10,15,17,1,,,,
asymmetric,4,585,14,a,7,0,3904,16,40777,40777,40778,,,,40821,40788,40803,16,1:15,40804,40819,16,1:15,40805,40820,16,1:15,,,0,,,,0,,,,0,,,,0,,1,10,15,17,1,,,,
asymmetric,4,586,14,a,7,16,4032,8,40824,40824,40825,,,,40852,40835,40842,8,1:7,40843,40850,8,1:7,40844,40851,8,1:7,,,0,,,,0,,,,0,,,,0,,1,10,7,9,1,,,,
asymmetric,4,587,14,a,7,24,4096,8,40855,40855,40856,,,,40883,40866,40873,8,1:7,40874,40881,8,1:7,40875,40882,8,1:7,,,0,,,,0,,,,0,,,,0,,1,10,7,9,1,,,,
asymmetric,4,588,14,bt,0,0,29120,16,40891,40891,40892,,,,40935,40902,40917,16,1:15,40918,40933,16,1:15,40919,40934,16,1:15,,,0,,,,0,,,,0,,,,0,,1,10,15,17,1,,,,
asymmetric,4,589,14,bt,0,16,29248,16,40938,40938,40939,,,,40982,40949,40964,16,1:15,40965,40980,16,1:15,40966,40981,16,1:15,,,0,,,,0,,,,0,,,,0,,1,10,15,17,1,,,,
asymmetric,4,590,14,bt,1,0,29376,16,40985,40985,40986,,,,41029,40996,41011,16,1:15,41012,41027,16,1:15,41013,41028,16,1:15,,,0,,,,0,,,,0,,,,0,,1,10,15,17,1,,,,
asymmetric,4,591,14,bt,1,16,29504,16,41032,41032,41033,,,,41076,41043,41058,16,1:15,41059,41074,16,1:15,41060,41075,16,1:15,,,0,,,,0,,,,0,,,,0,,1,10,15,17,1,,,,
asymmetric,4,592,14,bt,2,0,29632,16,41079,41079,41080,,,,41123,41090,41105,16,1:15,41106,41121,16,1:15,41107,41122,16,1:15,,,0,,,,0,,,,0,,,,0,,1,10,15,17,1,,,,
asymmetric,4,593,14,bt,2,16,29760,16,41126,41126,41127,,,,41170,41137,41152,16,1:15,41153,41168,16,1:15,41154,41169,16,1:15,,,0,,,,0,,,,0,,,,0,,1,10,15,17,1,,,,
asymmetric,4,594,14,bt,3,0,29888,16,41173,41173,41174,,,,41217,41184,41199,16,1:15,41200,41215,16,1:15,41201,41216,16,1:15,,,0,,,,0,,,,0,,,,0,,1,10,15,17,1,,,,
asymmetric,4,595,14,bt,3,16,30016,16,41220,41220,41221,,,,41264,41231,41246,16,1:15,41247,41262,16,1:15,41248,41263,16,1:15,,,0,,,,0,,,,0,,,,0,,1,10,15,17,1,,,,
asymmetric,4,596,14,bt,4,0,30144,16,41267,41267,41268,,,,41311,41278,41293,16,1:15,41294,41309,16,1:15,41295,41310,16,1:15,,,0,,,,0,,,,0,,,,0,,1,10,15,17,1,,,,
asymmetric,4,597,14,bt,4,16,30272,16,41314,41314,41315,,,,41358,41325,41340,16,1:15,41341,41356,16,1:15,41342,41357,16,1:15,,,0,,,,0,,,,0,,,,0,,1,10,15,17,1,,,,
asymmetric,4,598,14,bt,5,0,30400,16,41361,41361,41362,,,,41405,41372,41387,16,1:15,41388,41403,16,1:15,41389,41404,16,1:15,,,0,,,,0,,,,0,,,,0,,1,10,15,17,1,,,,
asymmetric,4,599,14,bt,5,16,30528,16,41408,41408,41409,,,,41452,41419,41434,16,1:15,41435,41450,16,1:15,41436,41451,16,1:15,,,0,,,,0,,,,0,,,,0,,1,10,15,17,1,,,,
asymmetric,4,600,14,bt,6,0,30656,16,41455,41455,41456,,,,41499,41466,41481,16,1:15,41482,41497,16,1:15,41483,41498,16,1:15,,,0,,,,0,,,,0,,,,0,,1,10,15,17,1,,,,
asymmetric,4,601,14,bt,6,16,30784,16,41502,41502,41503,,,,41546,41513,41528,16,1:15,41529,41544,16,1:15,41530,41545,16,1:15,,,0,,,,0,,,,0,,,,0,,1,10,15,17,1,,,,
asymmetric,4,602,14,bt,7,0,30912,16,41549,41549,41550,,,,41593,41560,41575,16,1:15,41576,41591,16,1:15,41577,41592,16,1:15,,,0,,,,0,,,,0,,,,0,,1,10,15,17,1,,,,
asymmetric,4,603,14,bt,7,16,31040,16,41596,41596,41597,,,,41640,41607,41622,16,1:15,41623,41638,16,1:15,41624,41639,16,1:15,,,0,,,,0,,,,0,,,,0,,1,10,15,17,1,,,,
asymmetric,4,604,14,c,0,0,35328,4,42730,42730,,42747,42746,42758,42759,,,0,,,,0,,,,0,,42731,42743,4,4:3,42733,42745,4,4:3,42734,42746,4,4:3,42747,42750,4,1:3,,,,,,16,4,8,1
asymmetric,4,605,14,c,1,0,35584,4,42762,42762,,42779,42778,42790,42791,,,0,,,,0,,,,0,,42763,42775,4,4:3,42765,42777,4,4:3,42766,42778,4,4:3,42779,42782,4,1:3,,,,,,16,4,8,1
asymmetric,4,606,14,c,2,0,35840,4,42794,42794,,42811,42810,42822,42823,,,0,,,,0,,,,0,,42795,42807,4,4:3,42797,42809,4,4:3,42798,42810,4,4:3,42811,42814,4,1:3,,,,,,16,4,8,1
asymmetric,4,607,14,c,3,0,36096,4,42826,42826,,42843,42842,42854,42855,,,0,,,,0,,,,0,,42827,42839,4,4:3,42829,42841,4,4:3,42830,42842,4,4:3,42843,42846,4,1:3,,,,,,16,4,8,1
asymmetric,4,608,14,c,4,0,36352,4,42858,42858,,42875,42874,42886,42887,,,0,,,,0,,,,0,,42859,42871,4,4:3,42861,42873,4,4:3,42862,42874,4,4:3,42875,42878,4,1:3,,,,,,16,4,8,1
asymmetric,4,609,14,c,5,0,36608,4,42890,42890,,42907,42906,42918,42919,,,0,,,,0,,,,0,,42891,42903,4,4:3,42893,42905,4,4:3,42894,42906,4,4:3,42907,42910,4,1:3,,,,,,16,4,8,1
asymmetric,4,610,14,c,6,0,36864,4,42922,42922,,42939,42938,42950,42951,,,0,,,,0,,,,0,,42923,42935,4,4:3,42925,42937,4,4:3,42926,42938,4,4:3,42939,42942,4,1:3,,,,,,16,4,8,1
asymmetric,4,611,14,c,7,0,37120,4,42954,42954,,42971,42970,42982,42983,,,0,,,,0,,,,0,,42955,42967,4,4:3,42957,42969,4,4:3,42958,42970,4,4:3,42971,42974,4,1:3,,,,,,16,4,8,1
asymmetric,4,612,15,a,0,0,2112,16,42992,42992,42993,,,,43036,43003,43018,16,1:15,43019,43034,16,1:15,43020,43035,16,1:15,,,0,,,,0,,,,0,,,,0,,1,10,15,17,1,,,,
asymmetric,4,613,15,a,0,16,2240,16,43039,43039,43040,,,,43083,43050,43065,16,1:15,43066,43081,16,1:15,43067,43082,16,1:15,,,0,,,,0,,,,0,,,,0,,1,10,15,17,1,,,,
asymmetric,4,614,15,a,1,0,2368,16,43086,43086,43087,,,,43130,43097,43112,16,1:15,43113,43128,16,1:15,43114,43129,16,1:15,,,0,,,,0,,,,0,,,,0,,1,10,15,17,1,,,,
asymmetric,4,615,15,a,1,16,2496,16,43133,43133,43134,,,,43177,43144,43159,16,1:15,43160,43175,16,1:15,43161,43176,16,1:15,,,0,,,,0,,,,0,,,,0,,1,10,15,17,1,,,,
asymmetric,4,616,15,a,2,0,2624,16,43180,43180,43181,,,,43224,43191,43206,16,1:15,43207,43222,16,1:15,43208,43223,16,1:15,,,0,,,,0,,,,0,,,,0,,1,10,15,17,1,,,,
asymmetric,4,617,15,a,2,16,2752,16,43227,43227,43228,,,,43271,43238,43253,16,1:15,43254,43269,16,1:15,43255,43270,16,1:15,,,0,,,,0,,,,0,,,,0,,1,10,15,17,1,,,,
asymmetric,4,618,15,a,3,0,2880,16,43274,43274,43275,,,,43318,43285,43300,16,1:15,43301,43316,16,1:15,43302,43317,16,1:15,,,0,,,,0,,,,0,,,,0,,1,10,15,17,1,,,,
asymmetric,4,619,15,a,3,16,3008,16,43321,43321,43322,,,,43365,43332,43347,16,1:15,43348,43363,16,1:15,43349,43364,16,1:15,,,0,,,,0,,,,0,,,,0,,1,10,15,17,1,,,,
asymmetric,4,620,15,a,4,0,3136,16,43368,43368,43369,,,,43412,43379,43394,16,1:15,43395,43410,16,1:15,43396,43411,16,1:15,,,0,,,,0,,,,0,,,,0,,1,10,15,17,1,,,,
asymmetric,4,621,15,a,4,16,3264,16,43415,43415,43416,,,,43459,43426,43441,16,1:15,43442,43457,16,1:15,43443,43458,16,1:15,,,0,,,,0,,,,0,,,,0,,1,10,15,17,1,,,,
asymmetric,4,622,15,a,5,0,3392,16,43462,43462,43463,,,,43506,43473,43488,16,1:15,43489,43504,16,1:15,43490,43505,16,1:15,,,0,,,,0,,,,0,,,,0,,1,10,15,17,1,,,,
asymmetric,4,623,15,a,5,16,3520,16,43509,43509,43510,,,,43553,43520,43535,16,1:15,43536,43551,16,1:15,43537,43552,16,1:15,,,0,,,,0,,,,0,,,,0,,1,10,15,17,1,,,,
asymmetric,4,624,15,a,6,0,3648,16,43556,43556,43557,,,,43600,43567,43582,16,1:15,43583,43598,16,1:15,43584,43599,16,1:15,,,0,,,,0,,,,0,,,,0,,1,10,15,17,1,,,,
asymmetric,4,625,15,a,6,16,3776,16,43603,43603,43604,,,,43647,43614,43629,16,1:15,43630,43645,16,1:15,43631,43646,16,1:15,,,0,,,,0,,,,0,,,,0,,1,10,15,17,1,,,,
asymmetric,4,626,15,a,7,0,3904,16,43650,43650,43651,,,,43694,43661,43676,16,1:15,43677,43692,16,1:15,43678,43693,16,1:15,,,0,,,,0,,,,0,,,,0,,1,10,15,17,1,,,,
asymmetric,4,627,15,a,7,16,4032,8,43697,43697,43698,,,,43725,43708,43715,8,1:7,43716,43723,8,1:7,43717,43724,8,1:7,,,0,,,,0,,,,0,,,,0,,1,10,7,9,1,,,,
asymmetric,4,628,15,a,7,24,4096,8,43728,43728,43729,,,,43756,43739,43746,8,1:7,43747,43754,8,1:7,43748,43755,8,1:7,,,0,,,,0,,,,0,,,,0,,1,10,7,9,1,,,,
asymmetric,4,629,15,bt,0,0,31168,16,43764,43764,43765,,,,43808,43775,43790,16,1:15,43791,43806,16,1:15,43792,43807,16,1:15,,,0,,,,0,,,,0,,,,0,,1,10,15,17,1,,,,
asymmetric,4,630,15,bt,0,16,31296,16,43811,43811,43812,,,,43855,43822,43837,16,1:15,43838,43853,16,1:15,43839,43854,16,1:15,,,0,,,,0,,,,0,,,,0,,1,10,15,17,1,,,,
asymmetric,4,631,15,bt,1,0,31424,16,43858,43858,43859,,,,43902,43869,43884,16,1:15,43885,43900,16,1:15,43886,43901,16,1:15,,,0,,,,0,,,,0,,,,0,,1,10,15,17,1,,,,
asymmetric,4,632,15,bt,1,16,31552,16,43905,43905,43906,,,,43949,43916,43931,16,1:15,43932,43947,16,1:15,43933,43948,16,1:15,,,0,,,,0,,,,0,,,,0,,1,10,15,17,1,,,,
asymmetric,4,633,15,bt,2,0,31680,16,43952,43952,43953,,,,43996,43963,43978,16,1:15,43979,43994,16,1:15,43980,43995,16,1:15,,,0,,,,0,,,,0,,,,0,,1,10,15,17,1,,,,
asymmetric,4,634,15,bt,2,16,31808,16,43999,43999,44000,,,,44043,44010,44025,16,1:15,44026,44041,16,1:15,44027,44042,16,1:15,,,0,,,,0,,,,0,,,,0,,1,10,15,17,1,,,,
asymmetric,4,635,15,bt,3,0,31936,16,44046,44046,44047,,,,44090,44057,44072,16,1:15,44073,44088,16,1:15,44074,44089,16,1:15,,,0,,,,0,,,,0,,,,0,,1,10,15,17,1,,,,
asymmetric,4,636,15,bt,3,16,32064,16,44093,44093,44094,,,,44137,44104,44119,16,1:15,44120,44135,16,1:15,44121,44136,16,1:15,,,0,,,,0,,,,0,,,,0,,1,10,15,17,1,,,,
asymmetric,4,637,15,bt,4,0,32192,16,44140,44140,44141,,,,44184,44151,44166,16,1:15,44167,44182,16,1:15,44168,44183,16,1:15,,,0,,,,0,,,,0,,,,0,,1,10,15,17,1,,,,
asymmetric,4,638,15,bt,4,16,32320,16,44187,44187,44188,,,,44231,44198,44213,16,1:15,44214,44229,16,1:15,44215,44230,16,1:15,,,0,,,,0,,,,0,,,,0,,1,10,15,17,1,,,,
asymmetric,4,639,15,bt,5,0,32448,16,44234,44234,44235,,,,44278,44245,44260,16,1:15,44261,44276,16,1:15,44262,44277,16,1:15,,,0,,,,0,,,,0,,,,0,,1,10,15,17,1,,,,
asymmetric,4,640,15,bt,5,16,32576,16,44281,44281,44282,,,,44325,44292,44307,16,1:15,44308,44323,16,1:15,44309,44324,16,1:15,,,0,,,,0,,,,0,,,,0,,1,10,15,17,1,,,,
asymmetric,4,641,15,bt,6,0,32704,8,44328,44328,44329,,,,44356,44339,44346,8,1:7,44347,44354,8,1:7,44348,44355,8,1:7,,,0,,,,0,,,,0,,,,0,,1,10,7,9,1,,,,
asymmetric,4,642,15,bt,6,8,32768,16,44359,44359,44360,,,,44403,44370,44385,16,1:15,44386,44401,16,1:15,44387,44402,16,1:15,,,0,,,,0,,,,0,,,,0,,1,10,15,17,1,,,,
asymmetric,4,643,15,bt,6,24,32896,8,44406,44406,44407,,,,44434,44417,44424,8,1:7,44425,44432,8,1:7,44426,44433,8,1:7,,,0,,,,0,,,,0,,,,0,,1,10,7,9,1,,,,
asymmetric,4,644,15,c,0,0,35360,4,45524,45524,,45541,45540,45552,45553,,,0,,,,0,,,,0,,45525,45537,4,4:3,45527,45539,4,4:3,45528,45540,4,4:3,45541,45544,4,1:3,,,,,,16,4,8,1
asymmetric,4,645,15,c,1,0,35616,4,45556,45556,,45573,45572,45584,45585,,,0,,,,0,,,,0,,45557,45569,4,4:3,45559,45571,4,4:3,45560,45572,4,4:3,45573,45576,4,1:3,,,,,,16,4,8,1
asymmetric,4,646,15,c,2,0,35872,4,45588,45588,,45605,45604,45616,45617,,,0,,,,0,,,,0,,45589,45601,4,4:3,45591,45603,4,4:3,45592,45604,4,4:3,45605,45608,4,1:3,,,,,,16,4,8,1
asymmetric,4,647,15,c,3,0,36128,4,45620,45620,,45637,45636,45648,45649,,,0,,,,0,,,,0,,45621,45633,4,4:3,45623,45635,4,4:3,45624,45636,4,4:3,45637,45640,4,1:3,,,,,,16,4,8,1
asymmetric,4,648,15,c,4,0,36384,4,45652,45652,,45669,45668,45680,45681,,,0,,,,0,,,,0,,45653,45665,4,4:3,45655,45667,4,4:3,45656,45668,4,4:3,45669,45672,4,1:3,,,,,,16,4,8,1
asymmetric,4,649,15,c,5,0,36640,4,45684,45684,,45701,45700,45712,45713,,,0,,,,0,,,,0,,45685,45697,4,4:3,45687,45699,4,4:3,45688,45700,4,4:3,45701,45704,4,1:3,,,,,,16,4,8,1
asymmetric,4,650,15,c,6,0,36896,4,45716,45716,,45733,45732,45744,45745,,,0,,,,0,,,,0,,45717,45729,4,4:3,45719,45731,4,4:3,45720,45732,4,4:3,45733,45736,4,1:3,,,,,,16,4,8,1
asymmetric,4,651,15,c,7,0,37152,4,45748,45748,,45765,45764,45776,45777,,,0,,,,0,,,,0,,45749,45761,4,4:3,45751,45763,4,4:3,45752,45764,4,4:3,45765,45768,4,1:3,,,,,,16,4,8,1
asymmetric,4,652,16,a,0,0,4160,16,45786,45786,45787,,,,45830,45797,45812,16,1:15,45813,45828,16,1:15,45814,45829,16,1:15,,,0,,,,0,,,,0,,,,0,,1,10,15,17,1,,,,
asymmetric,4,653,16,a,0,16,4288,16,45833,45833,45834,,,,45877,45844,45859,16,1:15,45860,45875,16,1:15,45861,45876,16,1:15,,,0,,,,0,,,,0,,,,0,,1,10,15,17,1,,,,
asymmetric,4,654,16,a,1,0,4416,16,45880,45880,45881,,,,45924,45891,45906,16,1:15,45907,45922,16,1:15,45908,45923,16,1:15,,,0,,,,0,,,,0,,,,0,,1,10,15,17,1,,,,
asymmetric,4,655,16,a,1,16,4544,16,45927,45927,45928,,,,45971,45938,45953,16,1:15,45954,45969,16,1:15,45955,45970,16,1:15,,,0,,,,0,,,,0,,,,0,,1,10,15,17,1,,,,
asymmetric,4,656,16,a,2,0,4672,16,45974,45974,45975,,,,46018,45985,46000,16,1:15,46001,46016,16,1:15,46002,46017,16,1:15,,,0,,,,0,,,,0,,,,0,,1,10,15,17,1,,,,
asymmetric,4,657,16,a,2,16,4800,16,46021,46021,46022,,,,46065,46032,46047,16,1:15,46048,46063,16,1:15,46049,46064,16,1:15,,,0,,,,0,,,,0,,,,0,,1,10,15,17,1,,,,
asymmetric,4,658,16,a,3,0,4928,16,46068,46068,46069,,,,46112,46079,46094,16,1:15,46095,46110,16,1:15,46096,46111,16,1:15,,,0,,,,0,,,,0,,,,0,,1,10,15,17,1,,,,
asymmetric,4,659,16,a,3,16,5056,16,46115,46115,46116,,,,46159,46126,46141,16,1:15,46142,46157,16,1:15,46143,46158,16,1:15,,,0,,,,0,,,,0,,,,0,,1,10,15,17,1,,,,
asymmetric,4,660,16,a,4,0,5184,16,46162,46162,46163,,,,46206,46173,46188,16,1:15,46189,46204,16,1:15,46190,46205,16,1:15,,,0,,,,0,,,,0,,,,0,,1,10,15,17,1,,,,
asymmetric,4,661,16,a,4,16,5312,16,46209,46209,46210,,,,46253,46220,46235,16,1:15,46236,46251,16,1:15,46237,46252,16,1:15,,,0,,,,0,,,,0,,,,0,,1,10,15,17,1,,,,
asymmetric,4,662,16,a,5,0,5440,16,46256,46256,46257,,,,46300,46267,46282,16,1:15,46283,46298,16,1:15,46284,46299,16,1:15,,,0,,,,0,,,,0,,,,0,,1,10,15,17,1,,,,
asymmetric,4,663,16,a,5,16,5568,16,46303,46303,46304,,,,46347,46314,46329,16,1:15,46330,46345,16,1:15,46331,46346,16,1:15,,,0,,,,0,,,,0,,,,0,,1,10,15,17,1,,,,
asymmetric,4,664,16,a,6,0,5696,16,46350,46350,46351,,,,46394,46361,46376,16,1:15,46377,46392,16,1:15,46378,46393,16,1:15,,,0,,,,0,,,,0,,,,0,,1,10,15,17,1,,,,
asymmetric,4,665,16,a,6,16,5824,16,46397,46397,46398,,,,46441,46408,46423,16,1:15,46424,46439,16,1:15,46425,46440,16,1:15,,,0,,,,0,,,,0,,,,0,,1,10,15,17,1,,,,
asymmetric,4,666,16,a,7,0,5952,16,46444,46444,46445,,,,46488,46455,46470,16,1:15,46471,46486,16,1:15,46472,46487,16,1:15,,,0,,,,0,,,,0,,,,0,,1,10,15,17,1,,,,
asymmetric,4,667,16,a,7,16,6080,16,46491,46491,46492,,,,46535,46502,46517,16,1:15,46518,46533,16,1:15,46519,46534,16,1:15,,,0,,,,0,,,,0,,,,0,,1,10,15,17,1,,,,
asymmetric,4,668,16,bt,0,0,16832,16,46543,46543,46544,,,,46587,46554,46569,16,1:15,46570,46585,16,1:15,46571,46586,16,1:15,,,0,,,,0,,,,0,,,,0,,1,10,15,17,1,,,,
asymmetric,4,669,16,bt,0,16,16960,16,46590,46590,46591,,,,46634,46601,46616,16,1:15,46617,46632,16,1:15,46618,46633,16,1:15,,,0,,,,0,,,,0,,,,0,,1,10,15,17,1,,,,
asymmetric,4,670,16,bt,1,0,17088,16,46637,46637,46638,,,,46681,46648,46663,16,1:15,46664,46679,16,1:15,46665,46680,16,1:15,,,0,,,,0,,,,0,,,,0,,1,10,15,17,1,,,,
asymmetric,4,671,16,bt,1,16,17216,16,46684,46684,46685,,,,46728,46695,46710,16,1:15,46711,46726,16,1:15,46712,46727,16,1:15,,,0,,,,0,,,,0,,,,0,,1,10,15,17,1,,,,
asymmetric,4,672,16,bt,2,0,17344,16,46731,46731,46732,,,,46775,46742,46757,16,1:15,46758,46773,16,1:15,46759,46774,16,1:15,,,0,,,,0,,,,0,,,,0,,1,10,15,17,1,,,,
asymmetric,4,673,16,bt,2,16,17472,16,46778,46778,46779,,,,46822,46789,46804,16,1:15,46805,46820,16,1:15,46806,46821,16,1:15,,,0,,,,0,,,,0,,,,0,,1,10,15,17,1,,,,
asymmetric,4,674,16,bt,3,0,17600,16,46825,46825,46826,,,,46869,46836,46851,16,1:15,46852,46867,16,1:15,46853,46868,16,1:15,,,0,,,,0,,,,0,,,,0,,1,10,15,17,1,,,,
asymmetric,4,675,16,bt,3,16,17728,16,46872,46872,46873,,,,46916,46883,46898,16,1:15,46899,46914,16,1:15,46900,46915,16,1:15,,,0,,,,0,,,,0,,,,0,,1,10,15,17,1,,,,
asymmetric,4,676,16,bt,4,0,17856,16,46919,46919,46920,,,,46963,46930,46945,16,1:15,46946,46961,16,1:15,46947,46962,16,1:15,,,0,,,,0,,,,0,,,,0,,1,10,15,17,1,,,,
asymmetric,4,677,16,bt,4,16,17984,16,46966,46966,46967,,,,47010,46977,46992,16,1:15,46993,47008,16,1:15,46994,47009,16,1:15,,,0,,,,0,,,,0,,,,0,,1,10,15,17,1,,,,
asymmetric,4,678,16,bt,5,0,18112,16,47013,47013,47014,,,,47057,47024,47039,16,1:15,47040,47055,16,1:15,47041,47056,16,1:15,,,0,,,,0,,,,0,,,,0,,1,10,15,17,1,,,,
asymmetric,4,679,16,bt,5,16,18240,16,47060,47060,47061,,,,47104,47071,47086,16,1:15,47087,47102,16,1:15,47088,47103,16,1:15,,,0,,,,0,,,,0,,,,0,,1,10,15,17,1,,,,
asymmetric,4,680,16,bt,6,0,18368,16,47107,47107,47108,,,,47151,47118,47133,16,1:15,47134,47149,16,1:15,47135,47150,16,1:15,,,0,,,,0,,,,0,,,,0,,1,10,15,17,1,,,,
asymmetric,4,681,16,bt,6,16,18496,16,47154,47154,47155,,,,47198,47165,47180,16,1:15,47181,47196,16,1:15,47182,47197,16,1:15,,,0,,,,0,,,,0,,,,0,,1,10,15,17,1,,,,
asymmetric,4,682,16,bt,7,0,18624,16,47201,47201,47202,,,,47245,47212,47227,16,1:15,47228,47243,16,1:15,47229,47244,16,1:15,,,0,,,,0,,,,0,,,,0,,1,10,15,17,1,,,,
asymmetric,4,683,16,bt,7,16,18752,16,47248,47248,47249,,,,47292,47259,47274,16,1:15,47275,47290,16,1:15,47276,47291,16,1:15,,,0,,,,0,,,,0,,,,0,,1,10,15,17,1,,,,
asymmetric,4,684,16,c,0,0,37184,4,48382,48382,,48399,48398,48410,48411,,,0,,,,0,,,,0,,48383,48395,4,4:3,48385,48397,4,4:3,48386,48398,4,4:3,48399,48402,4,1:3,,,,,,16,4,8,1
asymmetric,4,685,16,c,1,0,37440,4,48414,48414,,48431,48430,48442,48443,,,0,,,,0,,,,0,,48415,48427,4,4:3,48417,48429,4,4:3,48418,48430,4,4:3,48431,48434,4,1:3,,,,,,16,4,8,1
asymmetric,4,686,16,c,2,0,37696,4,48446,48446,,48463,48462,48474,48475,,,0,,,,0,,,,0,,48447,48459,4,4:3,48449,48461,4,4:3,48450,48462,4,4:3,48463,48466,4,1:3,,,,,,16,4,8,1
asymmetric,4,687,16,c,3,0,37952,4,48478,48478,,48495,48494,48506,48507,,,0,,,,0,,,,0,,48479,48491,4,4:3,48481,48493,4,4:3,48482,48494,4,4:3,48495,48498,4,1:3,,,,,,16,4,8,1
asymmetric,4,688,16,c,4,0,38208,4,48510,48510,,48527,48526,48538,48539,,,0,,,,0,,,,0,,48511,48523,4,4:3,48513,48525,4,4:3,48514,48526,4,4:3,48527,48530,4,1:3,,,,,,16,4,8,1
asymmetric,4,689,16,c,5,0,38464,4,48542,48542,,48559,48558,48570,48571,,,0,,,,0,,,,0,,48543,48555,4,4:3,48545,48557,4,4:3,48546,48558,4,4:3,48559,48562,4,1:3,,,,,,16,4,8,1
asymmetric,4,690,16,c,6,0,38720,4,48574,48574,,48591,48590,48602,48603,,,0,,,,0,,,,0,,48575,48587,4,4:3,48577,48589,4,4:3,48578,48590,4,4:3,48591,48594,4,1:3,,,,,,16,4,8,1
asymmetric,4,691,16,c,7,0,38976,4,48606,48606,,48623,48622,48634,48635,,,0,,,,0,,,,0,,48607,48619,4,4:3,48609,48621,4,4:3,48610,48622,4,4:3,48623,48626,4,1:3,,,,,,16,4,8,1
asymmetric,4,692,17,a,0,0,4160,16,48644,48644,48645,,,,48688,48655,48670,16,1:15,48671,48686,16,1:15,48672,48687,16,1:15,,,0,,,,0,,,,0,,,,0,,1,10,15,17,1,,,,
asymmetric,4,693,17,a,0,16,4288,16,48691,48691,48692,,,,48735,48702,48717,16,1:15,48718,48733,16,1:15,48719,48734,16,1:15,,,0,,,,0,,,,0,,,,0,,1,10,15,17,1,,,,
asymmetric,4,694,17,a,1,0,4416,16,48738,48738,48739,,,,48782,48749,48764,16,1:15,48765,48780,16,1:15,48766,48781,16,1:15,,,0,,,,0,,,,0,,,,0,,1,10,15,17,1,,,,
asymmetric,4,695,17,a,1,16,4544,16,48785,48785,48786,,,,48829,48796,48811,16,1:15,48812,48827,16,1:15,48813,48828,16,1:15,,,0,,,,0,,,,0,,,,0,,1,10,15,17,1,,,,
asymmetric,4,696,17,a,2,0,4672,16,48832,48832,48833,,,,48876,48843,48858,16,1:15,48859,48874,16,1:15,48860,48875,16,1:15,,,0,,,,0,,,,0,,,,0,,1,10,15,17,1,,,,
asymmetric,4,697,17,a,2,16,4800,16,48879,48879,48880,,,,48923,48890,48905,16,1:15,48906,48921,16,1:15,48907,48922,16,1:15,,,0,,,,0,,,,0,,,,0,,1,10,15,17,1,,,,
asymmetric,4,698,17,a,3,0,4928,16,48926,48926,48927,,,,48970,48937,48952,16,1:15,48953,48968,16,1:15,48954,48969,16,1:15,,,0,,,,0,,,,0,,,,0,,1,10,15,17,1,,,,
asymmetric,4,699,17,a,3,16,5056,16,48973,48973,48974,,,,49017,48984,48999,16,1:15,49000,49015,16,1:15,49001,49016,16,1:15,,,0,,,,0,,,,0,,,,0,,1,10,15,17,1,,,,
asymmetric,4,700,17,a,4,0,5184,16,49020,49020,49021,,,,49064,49031,49046,16,1:15,49047,49062,16,1:15,49048,49063,16,1:15,,,0,,,,0,,,,0,,,,0,,1,10,15,17,1,,,,
asymmetric,4,701,17,a,4,16,5312,16,49067,49067,49068,,,,49111,49078,49093,16,1:15,49094,49109,16,1:15,49095,49110,16,1:15,,,0,,,,0,,,,0,,,,0,,1,10,15,17,1,,,,
asymmetric,4,702,17,a,5,0,5440,16,49114,49114,49115,,,,49158,49125,49140,16,1:15,49141,49156,16,1:15,49142,49157,16,1:15,,,0,,,,0,,,,0,,,,0,,1,10,15,17,1,,,,
asymmetric,4,703,17,a,5,16,5568,16,49161,49161,49162,,,,49205,49172,49187,16,1:15,49188,49203,16,1:15,49189,49204,16,1:15,,,0,,,,0,,,,0,,,,0,,1,10,15,17,1,,,,
asymmetric,4,704,17,a,6,0,5696,16,49208,49208,49209,,,,49252,49219,49234,16,1:15,49235,49250,16,1:15,49236,49251,16,1:15,,,0,,,,0,,,,0,,,,0,,1,10,15,17,1,,,,
asymmetric,4,705,17,a,6,16,5824,16,49255,49255,49256,,,,49299,49266,49281,16,1:15,49282,49297,16,1:15,49283,49298,16,1:15,,,0,,,,0,,,,0,,,,0,,1,10,15,17,1,,,,
asymmetric,4,706,17,a,7,0,5952,16,49302,49302,49303,,,,49346,49313,49328,16,1:15,49329,49344,16,1:15,49330,49345,16,1:15,,,0,,,,0,,,,0,,,,0,,1,10,15,17,1,,,,
asymmetric,4,707,17,a,7,16,6080,16,49349,49349,49350,,,,49393,49360,49375,16,1:15,49376,49391,16,1:15,49377,49392,16,1:15,,,0,,,,0,,,,0,,,,0,,1,10,15,17,1,,,,
asymmetric,4,708,17,bt,0,0,18880,16,49401,49401,49402,,,,49445,49412,49427,16,1:15,49428,49443,16,1:15,49429,49444,16,1:15,,,0,,,,0,,,,0,,,,0,,1,10,15,17,1,,,,
asymmetric,4,709,17,bt,0,16,19008,16,49448,49448,49449,,,,49492,49459,49474,16,1:15,49475,49490,16,1:15,49476,49491,16,1:15,,,0,,,,0,,,,0,,,,0,,1,10,15,17,1,,,,
asymmetric,4,710,17,bt,1,0,19136,16,49495,49495,49496,,,,49539,49506,49521,16,1:15,49522,49537,16,1:15,49523,49538,16,1:15,,,0,,,,0,,,,0,,,,0,,1,10,15,17,1,,,,
asymmetric,4,711,17,bt,1,16,19264,16,49542,49542,49543,,,,49586,49553,49568,16,1:15,49569,49584,16,1:15,49570,49585,16,1:15,,,0,,,,0,,,,0,,,,0,,1,10,15,17,1,,,,
asymmetric,4,712,17,bt,2,0,19392,16,49589,49589,49590,,,,49633,49600,49615,16,1:15,49616,49631,16,1:15,49617,49632,16,1:15,,,0,,,,0,,,,0,,,,0,,1,10,15,17,1,,,,
asymmetric,4,713,17,bt,2,16,19520,16,49636,49636,49637,,,,49680,49647,49662,16,1:15,49663,49678,16,1:15,49664,49679,16,1:15,,,0,,,,0,,,,0,,,,0,,1,10,15,17,1,,,,
asymmetric,4,714,17,bt,3,0,19648,16,49683,49683,49684,,,,49727,49694,49709,16,1:15,49710,49725,16,1:15,49711,49726,16,1:15,,,0,,,,0,,,,0,,,,0,,1,10,15,17,1,,,,
asymmetric,4,715,17,bt,3,16,19776,16,49730,49730,49731,,,,49774,49741,49756,16,1:15,49757,49772,16,1:15,49758,49773,16,1:15,,,0,,,,0,,,,0,,,,0,,1,10,15,17,1,,,,
asymmetric,4,716,17,bt,4,0,19904,16,49777,49777,49778,,,,49821,49788,49803,16,1:15,49804,49819,16,1:15,49805,49820,16,1:15,,,0,,,,0,,,,0,,,,0,,1,10,15,17,1,,,,
asymmetric,4,717,17,bt,4,16,20032,16,49824,49824,49825,,,,49868,49835,49850,16,1:15,49851,49866,16,1:15,49852,49867,16,1:15,,,0,,,,0,,,,0,,,,0,,1,10,15,17,1,,,,
asymmetric,4,718,17,bt,5,0,20160,16,49871,49871,49872,,,,49915,49882,49897,16,1:15,49898,49913,16,1:15,49899,49914,16,1:15,,,0,,,,0,,,,0,,,,0,,1,10,15,17,1,,,,
asymmetric,4,719,17,bt,5,16,20288,16,49918,49918,49919,,,,49962,49929,49944,16,1:15,49945,49960,16,1:15,49946,49961,16,1:15,,,0,,,,0,,,,0,,,,0,,1,10,15,17,1,,,,
asymmetric,4,720,17,bt,6,0,20416,8,49965,49965,49966,,,,49993,49976,49983,8,1:7,49984,49991,8,1:7,49985,49992,8,1:7,,,0,,,,0,,,,0,,,,0,,1,10,7,9,1,,,,
asymmetric,4,721,17,bt,6,8,20480,16,49996,49996,49997,,,,50040,50007,50022,16,1:15,50023,50038,16,1:15,50024,50039,16,1:15,,,0,,,,0,,,,0,,,,0,,1,10,15,17,1,,,,
asymmetric,4,722,17,bt,6,24,20608,8,50043,50043,50044,,,,50071,50054,50061,8,1:7,50062,50069,8,1:7,50063,50070,8,1:7,,,0,,,,0,,,,0,,,,0,,1,10,7,9,1,,,,
asymmetric,4,723,17,bt,7,0,20672,16,50074,50074,50075,,,,50118,50085,50100,16,1:15,50101,50116,16,1:15,50102,50117,16,1:15,,,0,,,,0,,,,0,,,,0,,1,10,15,17,1,,,,
asymmetric,4,724,17,bt,7,16,20800,16,50121,50121,50122,,,,50165,50132,50147,16,1:15,50148,50163,16,1:15,50149,50164,16,1:15,,,0,,,,0,,,,0,,,,0,,1,10,15,17,1,,,,
asymmetric,4,725,17,c,0,0,37216,4,51255,51255,,51272,51271,51283,51284,,,0,,,,0,,,,0,,51256,51268,4,4:3,51258,51270,4,4:3,51259,51271,4,4:3,51272,51275,4,1:3,,,,,,16,4,8,1
asymmetric,4,726,17,c,1,0,37472,4,51287,51287,,51304,51303,51315,51316,,,0,,,,0,,,,0,,51288,51300,4,4:3,51290,51302,4,4:3,51291,51303,4,4:3,51304,51307,4,1:3,,,,,,16,4,8,1
asymmetric,4,727,17,c,2,0,37728,4,51319,51319,,51336,51335,51347,51348,,,0,,,,0,,,,0,,51320,51332,4,4:3,51322,51334,4,4:3,51323,51335,4,4:3,51336,51339,4,1:3,,,,,,16,4,8,1
asymmetric,4,728,17,c,3,0,37984,4,51351,51351,,51368,51367,51379,51380,,,0,,,,0,,,,0,,51352,51364,4,4:3,51354,51366,4,4:3,51355,51367,4,4:3,51368,51371,4,1:3,,,,,,16,4,8,1
asymmetric,4,729,17,c,4,0,38240,4,51383,51383,,51400,51399,51411,51412,,,0,,,,0,,,,0,,51384,51396,4,4:3,51386,51398,4,4:3,51387,51399,4,4:3,51400,51403,4,1:3,,,,,,16,4,8,1
asymmetric,4,730,17,c,5,0,38496,4,51415,51415,,51432,51431,51443,51444,,,0,,,,0,,,,0,,51416,51428,4,4:3,51418,51430,4,4:3,51419,51431,4,4:3,51432,51435,4,1:3,,,,,,16,4,8,1
asymmetric,4,731,17,c,6,0,38752,4,51447,51447,,51464,51463,51475,51476,,,0,,,,0,,,,0,,51448,51460,4,4:3,51450,51462,4,4:3,51451,51463,4,4:3,51464,51467,4,1:3,,,,,,16,4,8,1
asymmetric,4,732,17,c,7,0,39008,4,51479,51479,,51496,51495,51507,51508,,,0,,,,0,,,,0,,51480,51492,4,4:3,51482,51494,4,4:3,51483,51495,4,4:3,51496,51499,4,1:3,,,,,,16,4,8,1
asymmetric,4,733,18,a,0,0,4160,16,51517,51517,51518,,,,51561,51528,51543,16,1:15,51544,51559,16,1:15,51545,51560,16,1:15,,,0,,,,0,,,,0,,,,0,,1,10,15,17,1,,,,
asymmetric,4,734,18,a,0,16,4288,16,51564,51564,51565,,,,51608,51575,51590,16,1:15,51591,51606,16,1:15,51592,51607,16,1:15,,,0,,,,0,,,,0,,,,0,,1,10,15,17,1,,,,
asymmetric,4,735,18,a,1,0,4416,16,51611,51611,51612,,,,51655,51622,51637,16,1:15,51638,51653,16,1:15,51639,51654,16,1:15,,,0,,,,0,,,,0,,,,0,,1,10,15,17,1,,,,
asymmetric,4,736,18,a,1,16,4544,16,51658,51658,51659,,,,51702,51669,51684,16,1:15,51685,51700,16,1:15,51686,51701,16,1:15,,,0,,,,0,,,,0,,,,0,,1,10,15,17,1,,,,
asymmetric,4,737,18,a,2,0,4672,16,51705,51705,51706,,,,51749,51716,51731,16,1:15,51732,51747,16,1:15,51733,51748,16,1:15,,,0,,,,0,,,,0,,,,0,,1,10,15,17,1,,,,
asymmetric,4,738,18,a,2,16,4800,16,51752,51752,51753,,,,51796,51763,51778,16,1:15,51779,51794,16,1:15,51780,51795,16,1:15,,,0,,,,0,,,,0,,,,0,,1,10,15,17,1,,,,
asymmetric,4,739,18,a,3,0,4928,16,51799,51799,51800,,,,51843,51810,51825,16,1:15,51826,51841,16,1:15,51827,51842,16,1:15,,,0,,,,0,,,,0,,,,0,,1,10,15,17,1,,,,
asymmetric,4,740,18,a,3,16,5056,16,51846,51846,51847,,,,51890,51857,51872,16,1:15,51873,51888,16,1:15,51874,51889,16,1:15,,,0,,,,0,,,,0,,,,0,,1,10,15,17,1,,,,
asymmetric,4,741,18,a,4,0,5184,16,51893,51893,51894,,,,51937,51904,51919,16,1:15,51920,51935,16,1:15,51921,51936,16,1:15,,,0,,,,0,,,,0,,,,0,,1,10,15,17,1,,,,
asymmetric,4,742,18,a,4,16,5312,16,51940,51940,51941,,,,51984,51951,51966,16,1:15,51967,51982,16,1:15,51968,51983,16,1:15,,,0,,,,0,,,,0,,,,0,,1,10,15,17,1,,,,
asymmetric,4,743,18,a,5,0,5440,16,51987,51987,51988,,,,52031,51998,52013,16,1:15,52014,52029,16,1:15,52015,52030,16,1:15,,,0,,,,0,,,,0,,,,0,,1,10,15,17,1,,,,
asymmetric,4,744,18,a,5,16,5568,16,52034,52034,52035,,,,52078,52045,52060,16,1:15,52061,52076,16,1:15,52062,52077,16,1:15,,,0,,,,0,,,,0,,,,0,,1,10,15,17,1,,,,
asymmetric,4,745,18,a,6,0,5696,16,52081,52081,52082,,,,52125,52092,52107,16,1:15,52108,52123,16,1:15,52109,52124,16,1:15,,,0,,,,0,,,,0,,,,0,,1,10,15,17,1,,,,
asymmetric,4,746,18,a,6,16,5824,16,52128,52128,52129,,,,52172,52139,52154,16,1:15,52155,52170,16,1:15,52156,52171,16,1:15,,,0,,,,0,,,,0,,,,0,,1,10,15,17,1,,,,
asymmetric,4,747,18,a,7,0,5952,16,52175,52175,52176,,,,52219,52186,52201,16,1:15,52202,52217,16,1:15,52203,52218,16,1:15,,,0,,,,0,,,,0,,,,0,,1,10,15,17,1,,,,
asymmetric,4,748,18,a,7,16,6080,16,52222,52222,52223,,,,52266,52233,52248,16,1:15,52249,52264,16,1:15,52250,52265,16,1:15,,,0,,,,0,,,,0,,,,0,,1,10,15,17,1,,,,
asymmetric,4,749,18,bt,0,0,20928,16,52274,52274,52275,,,,52318,52285,52300,16,1:15,52301,52316,16,1:15,52302,52317,16,1:15,,,0,,,,0,,,,0,,,,0,,1,10,15,17,1,,,,
asymmetric,4,750,18,bt,0,16,21056,16,52321,52321,52322,,,,52365,52332,52347,16,1:15,52348,52363,16,1:15,52349,52364,16,1:15,,,0,,,,0,,,,0,,,,0,,1,10,15,17,1,,,,
asymmetric,4,751,18,bt,1,0,21184,16,52368,52368,52369,,,,52412,52379,52394,16,1:15,52395,52410,16,1:15,52396,52411,16,1:15,,,0,,,,0,,,,0,,,,0,,1,10,15,17,1,,,,
asymmetric,4,752,18,bt,1,16,21312,16,52415,52415,52416,,,,52459,52426,52441,16,1:15,52442,52457,16,1:15,52443,52458,16,1:15,,,0,,,,0,,,,0,,,,0,,1,10,15,17,1,,,,
asymmetric,4,753,18,bt,2,0,21440,16,52462,52462,52463,,,,52506,52473,52488,16,1:15,52489,52504,16,1:15,52490,52505,16,1:15,,,0,,,,0,,,,0,,,,0,,1,10,15,17,1,,,,
asymmetric,4,754,18,bt,2,16,21568,16,52509,52509,52510,,,,52553,52520,52535,16,1:15,52536,52551,16,1:15,52537,52552,16,1:15,,,0,,,,0,,,,0,,,,0,,1,10,15,17,1,,,,
asymmetric,4,755,18,bt,3,0,21696,16,52556,52556,52557,,,,52600,52567,52582,16,1:15,52583,52598,16,1:15,52584,52599,16,1:15,,,0,,,,0,,,,0,,,,0,,1,10,15,17,1,,,,
asymmetric,4,756,18,bt,3,16,21824,16,52603,52603,52604,,,,52647,52614,52629,16,1:15,52630,52645,16,1:15,52631,52646,16,1:15,,,0,,,,0,,,,0,,,,0,,1,10,15,17,1,,,,
asymmetric,4,757,18,bt,4,0,21952,16,52650,52650,52651,,,,52694,52661,52676,16,1:15,52677,52692,16,1:15,52678,52693,16,1:15,,,0,,,,0,,,,0,,,,0,,1,10,15,17,1,,,,
asymmetric,4,758,18,bt,4,16,22080,16,52697,52697,52698,,,,52741,52708,52723,16,1:15,52724,52739,16,1:15,52725,52740,16,1:15,,,0,,,,0,,,,0,,,,0,,1,10,15,17,1,,,,
asymmetric,4,759,18,bt,5,0,22208,16,52744,52744,52745,,,,52788,52755,52770,16,1:15,52771,52786,16,1:15,52772,52787,16,1:15,,,0,,,,0,,,,0,,,,0,,1,10,15,17,1,,,,
asymmetric,4,760,18,bt,5,16,22336,16,52791,52791,52792,,,,52835,52802,52817,16,1:15,52818,52833,16,1:15,52819,52834,16,1:15,,,0,,,,0,,,,0,,,,0,,1,10,15,17,1,,,,
asymmetric,4,761,18,bt,6,0,22464,16,52838,52838,52839,,,,52882,52849,52864,16,1:15,52865,52880,16,1:15,52866,52881,16,1:15,,,0,,,,0,,,,0,,,,0,,1,10,15,17,1,,,,
asymmetric,4,762,18,bt,6,16,22592,16,52885,52885,52886,,,,52929,52896,52911,16,1:15,52912,52927,16,1:15,52913,52928,16,1:15,,,0,,,,0,,,,0,,,,0,,1,10,15,17,1,,,,
asymmetric,4,763,18,bt,7,0,22720,16,52932,52932,52933,,,,52976,52943,52958,16,1:15,52959,52974,16,1:15,52960,52975,16,1:15,,,0,,,,0,,,,0,,,,0,,1,10,15,17,1,,,,
asymmetric,4,764,18,bt,7,16,22848,16,52979,52979,52980,,,,53023,52990,53005,16,1:15,53006,53021,16,1:15,53007,53022,16,1:15,,,0,,,,0,,,,0,,,,0,,1,10,15,17,1,,,,
asymmetric,4,765,18,c,0,0,37248,4,54113,54113,,54130,54129,54141,54142,,,0,,,,0,,,,0,,54114,54126,4,4:3,54116,54128,4,4:3,54117,54129,4,4:3,54130,54133,4,1:3,,,,,,16,4,8,1
asymmetric,4,766,18,c,1,0,37504,4,54145,54145,,54162,54161,54173,54174,,,0,,,,0,,,,0,,54146,54158,4,4:3,54148,54160,4,4:3,54149,54161,4,4:3,54162,54165,4,1:3,,,,,,16,4,8,1
asymmetric,4,767,18,c,2,0,37760,4,54177,54177,,54194,54193,54205,54206,,,0,,,,0,,,,0,,54178,54190,4,4:3,54180,54192,4,4:3,54181,54193,4,4:3,54194,54197,4,1:3,,,,,,16,4,8,1
asymmetric,4,768,18,c,3,0,38016,4,54209,54209,,54226,54225,54237,54238,,,0,,,,0,,,,0,,54210,54222,4,4:3,54212,54224,4,4:3,54213,54225,4,4:3,54226,54229,4,1:3,,,,,,16,4,8,1
asymmetric,4,769,18,c,4,0,38272,4,54241,54241,,54258,54257,54269,54270,,,0,,,,0,,,,0,,54242,54254,4,4:3,54244,54256,4,4:3,54245,54257,4,4:3,54258,54261,4,1:3,,,,,,16,4,8,1
asymmetric,4,770,18,c,5,0,38528,4,54273,54273,,54290,54289,54301,54302,,,0,,,,0,,,,0,,54274,54286,4,4:3,54276,54288,4,4:3,54277,54289,4,4:3,54290,54293,4,1:3,,,,,,16,4,8,1
asymmetric,4,771,18,c,6,0,38784,4,54305,54305,,54322,54321,54333,54334,,,0,,,,0,,,,0,,54306,54318,4,4:3,54308,54320,4,4:3,54309,54321,4,4:3,54322,54325,4,1:3,,,,,,16,4,8,1
asymmetric,4,772,18,c,7,0,39040,4,54337,54337,,54354,54353,54365,54366,,,0,,,,0,,,,0,,54338,54350,4,4:3,54340,54352,4,4:3,54341,54353,4,4:3,54354,54357,4,1:3,,,,,,16,4,8,1
asymmetric,4,773,19,a,0,0,4160,16,54375,54375,54376,,,,54419,54386,54401,16,1:15,54402,54417,16,1:15,54403,54418,16,1:15,,,0,,,,0,,,,0,,,,0,,1,10,15,17,1,,,,
asymmetric,4,774,19,a,0,16,4288,16,54422,54422,54423,,,,54466,54433,54448,16,1:15,54449,54464,16,1:15,54450,54465,16,1:15,,,0,,,,0,,,,0,,,,0,,1,10,15,17,1,,,,
asymmetric,4,775,19,a,1,0,4416,16,54469,54469,54470,,,,54513,54480,54495,16,1:15,54496,54511,16,1:15,54497,54512,16,1:15,,,0,,,,0,,,,0,,,,0,,1,10,15,17,1,,,,
asymmetric,4,776,19,a,1,16,4544,16,54516,54516,54517,,,,54560,54527,54542,16,1:15,54543,54558,16,1:15,54544,54559,16,1:15,,,0,,,,0,,,,0,,,,0,,1,10,15,17,1,,,,
asymmetric,4,777,19,a,2,0,4672,16,54563,54563,54564,,,,54607,54574,54589,16,1:15,54590,54605,16,1:15,54591,54606,16,1:15,,,0,,,,0,,,,0,,,,0,,1,10,15,17,1,,,,
asymmetric,4,778,19,a,2,16,4800,16,54610,54610,54611,,,,54654,54621,54636,16,1:15,54637,54652,16,1:15,54638,54653,16,1:15,,,0,,,,0,,,,0,,,,0,,1,10,15,17,1,,,,
asymmetric,4,779,19,a,3,0,4928,16,54657,54657,54658,,,,54701,54668,54683,16,1:15,54684,54699,16,1:15,54685,54700,16,1:15,,,0,,,,0,,,,0,,,,0,,1,10,15,17,1,,,,
asymmetric,4,780,19,a,3,16,5056,16,54704,54704,54705,,,,54748,54715,54730,16,1:15,54731,54746,16,1:15,54732,54747,16,1:15,,,0,,,,0,,,,0,,,,0,,1,10,15,17,1,,,,
asymmetric,4,781,19,a,4,0,5184,16,54751,54751,54752,,,,54795,54762,54777,16,1:15,54778,54793,16,1:15,54779,54794,16,1:15,,,0,,,,0,,,,0,,,,0,,1,10,15,17,1,,,,
asymmetric,4,782,19,a,4,16,5312,16,54798,54798,54799,,,,54842,54809,54824,16,1:15,54825,54840,16,1:15,54826,54841,16,1:15,,,0,,,,0,,,,0,,,,0,,1,10,15,17,1,,,,
asymmetric,4,783,19,a,5,0,5440,16,54845,54845,54846,,,,54889,54856,54871,16,1:15,54872,54887,16,1:15,54873,54888,16,1:15,,,0,,,,0,,,,0,,,,0,,1,10,15,17,1,,,,
asymmetric,4,784,19,a,5,16,5568,16,54892,54892,54893,,,,54936,54903,54918,16,1:15,54919,54934,16,1:15,54920,54935,16,1:15,,,0,,,,0,,,,0,,,,0,,1,10,15,17,1,,,,
asymmetric,4,785,19,a,6,0,5696,16,54939,54939,54940,,,,54983,54950,54965,16,1:15,54966,54981,16,1:15,54967,54982,16,1:15,,,0,,,,0,,,,0,,,,0,,1,10,15,17,1,,,,
asymmetric,4,786,19,a,6,16,5824,16,54986,54986,54987,,,,55030,54997,55012,16,1:15,55013,55028,16,1:15,55014,55029,16,1:15,,,0,,,,0,,,,0,,,,0,,1,10,15,17,1,,,,
asymmetric,4,787,19,a,7,0,5952,16,55033,55033,55034,,,,55077,55044,55059,16,1:15,55060,55075,16,1:15,55061,55076,16,1:15,,,0,,,,0,,,,0,,,,0,,1,10,15,17,1,,,,
asymmetric,4,788,19,a,7,16,6080,16,55080,55080,55081,,,,55124,55091,55106,16,1:15,55107,55122,16,1:15,55108,55123,16,1:15,,,0,,,,0,,,,0,,,,0,,1,10,15,17,1,,,,
asymmetric,4,789,19,bt,0,0,22976,16,55132,55132,55133,,,,55176,55143,55158,16,1:15,55159,55174,16,1:15,55160,55175,16,1:15,,,0,,,,0,,,,0,,,,0,,1,10,15,17,1,,,,
asymmetric,4,790,19,bt,0,16,23104,16,55179,55179,55180,,,,55223,55190,55205,16,1:15,55206,55221,16,1:15,55207,55222,16,1:15,,,0,,,,0,,,,0,,,,0,,1,10,15,17,1,,,,
asymmetric,4,791,19,bt,1,0,23232,16,55226,55226,55227,,,,55270,55237,55252,16,1:15,55253,55268,16,1:15,55254,55269,16,1:15,,,0,,,,0,,,,0,,,,0,,1,10,15,17,1,,,,
asymmetric,4,792,19,bt,1,16,23360,16,55273,55273,55274,,,,55317,55284,55299,16,1:15,55300,55315,16,1:15,55301,55316,16,1:15,,,0,,,,0,,,,0,,,,0,,1,10,15,17,1,,,,
asymmetric,4,793,19,bt,2,0,23488,16,55320,55320,55321,,,,55364,55331,55346,16,1:15,55347,55362,16,1:15,55348,55363,16,1:15,,,0,,,,0,,,,0,,,,0,,1,10,15,17,1,,,,
asymmetric,4,794,19,bt,2,16,23616,16,55367,55367,55368,,,,55411,55378,55393,16,1:15,55394,55409,16,1:15,55395,55410,16,1:15,,,0,,,,0,,,,0,,,,0,,1,10,15,17,1,,,,
asymmetric,4,795,19,bt,3,0,23744,16,55414,55414,55415,,,,55458,55425,55440,16,1:15,55441,55456,16,1:15,55442,55457,16,1:15,,,0,,,,0,,,,0,,,,0,,1,10,15,17,1,,,,
asymmetric,4,796,19,bt,3,16,23872,16,55461,55461,55462,,,,55505,55472,55487,16,1:15,55488,55503,16,1:15,55489,55504,16,1:15,,,0,,,,0,,,,0,,,,0,,1,10,15,17,1,,,,
asymmetric,4,797,19,bt,4,0,24000,16,55508,55508,55509,,,,55552,55519,55534,16,1:15,55535,55550,16,1:15,55536,55551,16,1:15,,,0,,,,0,,,,0,,,,0,,1,10,15,17,1,,,,
asymmetric,4,798,19,bt,4,16,24128,16,55555,55555,55556,,,,55599,55566,55581,16,1:15,55582,55597,16,1:15,55583,55598,16,1:15,,,0,,,,0,,,,0,,,,0,,1,10,15,17,1,,,,
asymmetric,4,799,19,bt,5,0,24256,16,55602,55602,55603,,,,55646,55613,55628,16,1:15,55629,55644,16,1:15,55630,55645,16,1:15,,,0,,,,0,,,,0,,,,0,,1,10,15,17,1,,,,
asymmetric,4,800,19,bt,5,16,24384,16,55649,55649,55650,,,,55693,55660,55675,16,1:15,55676,55691,16,1:15,55677,55692,16,1:15,,,0,,,,0,,,,0,,,,0,,1,10,15,17,1,,,,
asymmetric,4,801,19,bt,6,0,24512,8,55696,55696,55697,,,,55724,55707,55714,8,1:7,55715,55722,8,1:7,55716,55723,8,1:7,,,0,,,,0,,,,0,,,,0,,1,10,7,9,1,,,,
asymmetric,4,802,19,bt,6,8,24576,16,55727,55727,55728,,,,55771,55738,55753,16,1:15,55754,55769,16,1:15,55755,55770,16,1:15,,,0,,,,0,,,,0,,,,0,,1,10,15,17,1,,,,
asymmetric,4,803,19,bt,6,24,24704,8,55774,55774,55775,,,,55802,55785,55792,8,1:7,55793,55800,8,1:7,55794,55801,8,1:7,,,0,,,,0,,,,0,,,,0,,1,10,7,9,1,,,,
asymmetric,4,804,19,bt,7,0,24768,16,55805,55805,55806,,,,55849,55816,55831,16,1:15,55832,55847,16,1:15,55833,55848,16,1:15,,,0,,,,0,,,,0,,,,0,,1,10,15,17,1,,,,
asymmetric,4,805,19,bt,7,16,24896,16,55852,55852,55853,,,,55896,55863,55878,16,1:15,55879,55894,16,1:15,55880,55895,16,1:15,,,0,,,,0,,,,0,,,,0,,1,10,15,17,1,,,,
asymmetric,4,806,19,c,0,0,37280,4,56986,56986,,57003,57002,57014,57015,,,0,,,,0,,,,0,,56987,56999,4,4:3,56989,57001,4,4:3,56990,57002,4,4:3,57003,57006,4,1:3,,,,,,16,4,8,1
asymmetric,4,807,19,c,1,0,37536,4,57018,57018,,57035,57034,57046,57047,,,0,,,,0,,,,0,,57019,57031,4,4:3,57021,57033,4,4:3,57022,57034,4,4:3,57035,57038,4,1:3,,,,,,16,4,8,1
asymmetric,4,808,19,c,2,0,37792,4,57050,57050,,57067,57066,57078,57079,,,0,,,,0,,,,0,,57051,57063,4,4:3,57053,57065,4,4:3,57054,57066,4,4:3,57067,57070,4,1:3,,,,,,16,4,8,1
asymmetric,4,809,19,c,3,0,38048,4,57082,57082,,57099,57098,57110,57111,,,0,,,,0,,,,0,,57083,57095,4,4:3,57085,57097,4,4:3,57086,57098,4,4:3,57099,57102,4,1:3,,,,,,16,4,8,1
asymmetric,4,810,19,c,4,0,38304,4,57114,57114,,57131,57130,57142,57143,,,0,,,,0,,,,0,,57115,57127,4,4:3,57117,57129,4,4:3,57118,57130,4,4:3,57131,57134,4,1:3,,,,,,16,4,8,1
asymmetric,4,811,19,c,5,0,38560,4,57146,57146,,57163,57162,57174,57175,,,0,,,,0,,,,0,,57147,57159,4,4:3,57149,57161,4,4:3,57150,57162,4,4:3,57163,57166,4,1:3,,,,,,16,4,8,1
asymmetric,4,812,19,c,6,0,38816,4,57178,57178,,57195,57194,57206,57207,,,0,,,,0,,,,0,,57179,57191,4,4:3,57181,57193,4,4:3,57182,57194,4,4:3,57195,57198,4,1:3,,,,,,16,4,8,1
asymmetric,4,813,19,c,7,0,39072,4,57210,57210,,57227,57226,57238,57239,,,0,,,,0,,,,0,,57211,57223,4,4:3,57213,57225,4,4:3,57214,57226,4,4:3,57227,57230,4,1:3,,,,,,16,4,8,1
asymmetric,4,814,20,a,0,0,4160,16,57248,57248,57249,,,,57292,57259,57274,16,1:15,57275,57290,16,1:15,57276,57291,16,1:15,,,0,,,,0,,,,0,,,,0,,1,10,15,17,1,,,,
asymmetric,4,815,20,a,0,16,4288,16,57295,57295,57296,,,,57339,57306,57321,16,1:15,57322,57337,16,1:15,57323,57338,16,1:15,,,0,,,,0,,,,0,,,,0,,1,10,15,17,1,,,,
asymmetric,4,816,20,a,1,0,4416,16,57342,57342,57343,,,,57386,57353,57368,16,1:15,57369,57384,16,1:15,57370,57385,16,1:15,,,0,,,,0,,,,0,,,,0,,1,10,15,17,1,,,,
asymmetric,4,817,20,a,1,16,4544,16,57389,57389,57390,,,,57433,57400,57415,16,1:15,57416,57431,16,1:15,57417,57432,16,1:15,,,0,,,,0,,,,0,,,,0,,1,10,15,17,1,,,,
asymmetric,4,818,20,a,2,0,4672,16,57436,57436,57437,,,,57480,57447,57462,16,1:15,57463,57478,16,1:15,57464,57479,16,1:15,,,0,,,,0,,,,0,,,,0,,1,10,15,17,1,,,,
asymmetric,4,819,20,a,2,16,4800,16,57483,57483,57484,,,,57527,57494,57509,16,1:15,57510,57525,16,1:15,57511,57526,16,1:15,,,0,,,,0,,,,0,,,,0,,1,10,15,17,1,,,,
asymmetric,4,820,20,a,3,0,4928,16,57530,57530,57531,,,,57574,57541,57556,16,1:15,57557,57572,16,1:15,57558,57573,16,1:15,,,0,,,,0,,,,0,,,,0,,1,10,15,17,1,,,,
asymmetric,4,821,20,a,3,16,5056,16,57577,57577,57578,,,,57621,57588,57603,16,1:15,57604,57619,16,1:15,57605,57620,16,1:15,,,0,,,,0,,,,0,,,,0,,1,10,15,17,1,,,,
asymmetric,4,822,20,a,4,0,5184,16,57624,57624,57625,,,,57668,57635,57650,16,1:15,57651,57666,16,1:15,57652,57667,16,1:15,,,0,,,,0,,,,0,,,,0,,1,10,15,17,1,,,,
asymmetric,4,823,20,a,4,16,5312,16,57671,57671,57672,,,,57715,57682,57697,16,1:15,57698,57713,16,1:15,57699,57714,16,1:15,,,0,,,,0,,,,0,,,,0,,1,10,15,17,1,,,,
asymmetric,4,824,20,a,5,0,5440,16,57718,57718,57719,,,,57762,57729,57744,16,1:15,57745,57760,16,1:15,57746,57761,16,1:15,,,0,,,,0,,,,0,,,,0,,1,10,15,17,1,,,,
asymmetric,4,825,20,a,5,16,5568,16,57765,57765,57766,,,,57809,57776,57791,16,1:15,57792,57807,16,1:15,57793,57808,16,1:15,,,0,,,,0,,,,0,,,,0,,1,10,15,17,1,,,,
asymmetric,4,826,20,a,6,0,5696,16,57812,57812,57813,,,,57856,57823,57838,16,1:15,57839,57854,16,1:15,57840,57855,16,1:15,,,0,,,,0,,,,0,,,,0,,1,10,15,17,1,,,,
asymmetric,4,827,20,a,6,16,5824,16,57859,57859,57860,,,,57903,57870,57885,16,1:15,57886,57901,16,1:15,57887,57902,16,1:15,,,0,,,,0,,,,0,,,,0,,1,10,15,17,1,,,,
asymmetric,4,828,20,a,7,0,5952,16,57906,57906,57907,,,,57950,57917,57932,16,1:15,57933,57948,16,1:15,57934,57949,16,1:15,,,0,,,,0,,,,0,,,,0,,1,10,15,17,1,,,,
asymmetric,4,829,20,a,7,16,6080,16,57953,57953,57954,,,,57997,57964,57979,16,1:15,57980,57995,16,1:15,57981,57996,16,1:15,,,0,,,,0,,,,0,,,,0,,1,10,15,17,1,,,,
asymmetric,4,830,20,bt,0,0,25024,16,58005,58005,58006,,,,58049,58016,58031,16,1:15,58032,58047,16,1:15,58033,58048,16,1:15,,,0,,,,0,,,,0,,,,0,,1,10,15,17,1,,,,
asymmetric,4,831,20,bt,0,16,25152,16,58052,58052,58053,,,,58096,58063,58078,16,1:15,58079,58094,16,1:15,58080,58095,16,1:15,,,0,,,,0,,,,0,,,,0,,1,10,15,17,1,,,,
asymmetric,4,832,20,bt,1,0,25280,16,58099,58099,58100,,,,58143,58110,58125,16,1:15,58126,58141,16,1:15,58127,58142,16,1:15,,,0,,,,0,,,,0,,,,0,,1,10,15,17,1,,,,
asymmetric,4,833,20,bt,1,16,25408,16,58146,58146,58147,,,,58190,58157,58172,16,1:15,58173,58188,16,1:15,58174,58189,16,1:15,,,0,,,,0,,,,0,,,,0,,1,10,15,17,1,,,,
asymmetric,4,834,20,bt,2,0,25536,16,58193,58193,58194,,,,58237,58204,58219,16,1:15,58220,58235,16,1:15,58221,58236,16,1:15,,,0,,,,0,,,,0,,,,0,,1,10,15,17,1,,,,
asymmetric,4,835,20,bt,2,16,25664,16,58240,58240,58241,,,,58284,58251,58266,16,1:15,58267,58282,16,1:15,58268,58283,16,1:15,,,0,,,,0,,,,0,,,,0,,1,10,15,17,1,,,,
asymmetric,4,836,20,bt,3,0,25792,16,58287,58287,58288,,,,58331,58298,58313,16,1:15,58314,58329,16,1:15,58315,58330,16,1:15,,,0,,,,0,,,,0,,,,0,,1,10,15,17,1,,,,
asymmetric,4,837,20,bt,3,16,25920,16,58334,58334,58335,,,,58378,58345,58360,16,1:15,58361,58376,16,1:15,58362,58377,16,1:15,,,0,,,,0,,,,0,,,,0,,1,10,15,17,1,,,,
asymmetric,4,838,20,bt,4,0,26048,16,58381,58381,58382,,,,58425,58392,58407,16,1:15,58408,58423,16,1:15,58409,58424,16,1:15,,,0,,,,0,,,,0,,,,0,,1,10,15,17,1,,,,
asymmetric,4,839,20,bt,4,16,26176,16,58428,58428,58429,,,,58472,58439,58454,16,1:15,58455,58470,16,1:15,58456,58471,16,1:15,,,0,,,,0,,,,0,,,,0,,1,10,15,17,1,,,,
asymmetric,4,840,20,bt,5,0,26304,16,58475,58475,58476,,,,58519,58486,58501,16,1:15,58502,58517,16,1:15,58503,58518,16,1:15,,,0,,,,0,,,,0,,,,0,,1,10,15,17,1,,,,
asymmetric,4,841,20,bt,5,16,26432,16,58522,58522,58523,,,,58566,58533,58548,16,1:15,58549,58564,16,1:15,58550,58565,16,1:15,,,0,,,,0,,,,0,,,,0,,1,10,15,17,1,,,,
asymmetric,4,842,20,bt,6,0,26560,16,58569,58569,58570,,,,58613,58580,58595,16,1:15,58596,58611,16,1:15,58597,58612,16,1:15,,,0,,,,0,,,,0,,,,0,,1,10,15,17,1,,,,
asymmetric,4,843,20,bt,6,16,26688,16,58616,58616,58617,,,,58660,58627,58642,16,1:15,58643,58658,16,1:15,58644,58659,16,1:15,,,0,,,,0,,,,0,,,,0,,1,10,15,17,1,,,,
asymmetric,4,844,20,bt,7,0,26816,16,58663,58663,58664,,,,58707,58674,58689,16,1:15,58690,58705,16,1:15,58691,58706,16,1:15,,,0,,,,0,,,,0,,,,0,,1,10,15,17,1,,,,
asymmetric,4,845,20,bt,7,16,26944,16,58710,58710,58711,,,,58754,58721,58736,16,1:15,58737,58752,16,1:15,58738,58753,16,1:15,,,0,,,,0,,,,0,,,,0,,1,10,15,17,1,,,,
asymmetric,4,846,20,c,0,0,37312,4,59844,59844,,59861,59860,59872,59873,,,0,,,,0,,,,0,,59845,59857,4,4:3,59847,59859,4,4:3,59848,59860,4,4:3,59861,59864,4,1:3,,,,,,16,4,8,1
asymmetric,4,847,20,c,1,0,37568,4,59876,59876,,59893,59892,59904,59905,,,0,,,,0,,,,0,,59877,59889,4,4:3,59879,59891,4,4:3,59880,59892,4,4:3,59893,59896,4,1:3,,,,,,16,4,8,1
asymmetric,4,848,20,c,2,0,37824,4,59908,59908,,59925,59924,59936,59937,,,0,,,,0,,,,0,,59909,59921,4,4:3,59911,59923,4,4:3,59912,59924,4,4:3,59925,59928,4,1:3,,,,,,16,4,8,1
asymmetric,4,849,20,c,3,0,38080,4,59940,59940,,59957,59956,59968,59969,,,0,,,,0,,,,0,,59941,59953,4,4:3,59943,59955,4,4:3,59944,59956,4,4:3,59957,59960,4,1:3,,,,,,16,4,8,1
asymmetric,4,850,20,c,4,0,38336,4,59972,59972,,59989,59988,60000,60001,,,0,,,,0,,,,0,,59973,59985,4,4:3,59975,59987,4,4:3,59976,59988,4,4:3,59989,59992,4,1:3,,,,,,16,4,8,1
asymmetric,4,851,20,c,5,0,38592,4,60004,60004,,60021,60020,60032,60033,,,0,,,,0,,,,0,,60005,60017,4,4:3,60007,60019,4,4:3,60008,60020,4,4:3,60021,60024,4,1:3,,,,,,16,4,8,1
asymmetric,4,852,20,c,6,0,38848,4,60036,60036,,60053,60052,60064,60065,,,0,,,,0,,,,0,,60037,60049,4,4:3,60039,60051,4,4:3,60040,60052,4,4:3,60053,60056,4,1:3,,,,,,16,4,8,1
asymmetric,4,853,20,c,7,0,39104,4,60068,60068,,60085,60084,60096,60097,,,0,,,,0,,,,0,,60069,60081,4,4:3,60071,60083,4,4:3,60072,60084,4,4:3,60085,60088,4,1:3,,,,,,16,4,8,1
asymmetric,4,854,21,a,0,0,4160,16,60106,60106,60107,,,,60150,60117,60132,16,1:15,60133,60148,16,1:15,60134,60149,16,1:15,,,0,,,,0,,,,0,,,,0,,1,10,15,17,1,,,,
asymmetric,4,855,21,a,0,16,4288,16,60153,60153,60154,,,,60197,60164,60179,16,1:15,60180,60195,16,1:15,60181,60196,16,1:15,,,0,,,,0,,,,0,,,,0,,1,10,15,17,1,,,,
asymmetric,4,856,21,a,1,0,4416,16,60200,60200,60201,,,,60244,60211,60226,16,1:15,60227,60242,16,1:15,60228,60243,16,1:15,,,0,,,,0,,,,0,,,,0,,1,10,15,17,1,,,,
asymmetric,4,857,21,a,1,16,4544,16,60247,60247,60248,,,,60291,60258,60273,16,1:15,60274,60289,16,1:15,60275,60290,16,1:15,,,0,,,,0,,,,0,,,,0,,1,10,15,17,1,,,,
asymmetric,4,858,21,a,2,0,4672,16,60294,60294,60295,,,,60338,60305,60320,16,1:15,60321,60336,16,1:15,60322,60337,16,1:15,,,0,,,,0,,,,0,,,,0,,1,10,15,17,1,,,,
asymmetric,4,859,21,a,2,16,4800,16,60341,60341,60342,,,,60385,60352,60367,16,1:15,60368,60383,16,1:15,60369,60384,16,1:15,,,0,,,,0,,,,0,,,,0,,1,10,15,17,1,,,,
asymmetric,4,860,21,a,3,0,4928,16,60388,60388,60389,,,,60432,60399,60414,16,1:15,60415,60430,16,1:15,60416,60431,16,1:15,,,0,,,,0,,,,0,,,,0,,1,10,15,17,1,,,,
asymmetric,4,861,21,a,3,16,5056,16,60435,60435,60436,,,,60479,60446,60461,16,1:15,60462,60477,16,1:15,60463,60478,16,1:15,,,0,,,,0,,,,0,,,,0,,1,10,15,17,1,,,,
asymmetric,4,862,21,a,4,0,5184,16,60482,60482,60483,,,,60526,60493,60508,16,1:15,60509,60524,16,1:15,60510,60525,16,1:15,,,0,,,,0,,,,0,,,,0,,1,10,15,17,1,,,,
asymmetric,4,863,21,a,4,16,5312,16,60529,60529,60530,,,,60573,60540,60555,16,1:15,60556,60571,16,1:15,60557,60572,16,1:15,,,0,,,,0,,,,0,,,,0,,1,10,15,17,1,,,,
asymmetric,4,864,21,a,5,0,5440,16,60576,60576,60577,,,,60620,60587,60602,16,1:15,60603,60618,16,1:15,60604,60619,16,1:15,,,0,,,,0,,,,0,,,,0,,1,10,15,17,1,,,,
asymmetric,4,865,21,a,5,16,5568,16,60623,60623,60624,,,,60667,60634,60649,16,1:15,60650,60665,16,1:15,60651,60666,16,1:15,,,0,,,,0,,,,0,,,,0,,1,10,15,17,1,,,,
asymmetric,4,866,21,a,6,0,5696,16,60670,60670,60671,,,,60714,60681,60696,16,1:15,60697,60712,16,1:15,60698,60713,16,1:15,,,0,,,,0,,,,0,,,,0,,1,10,15,17,1,,,,
asymmetric,4,867,21,a,6,16,5824,16,60717,60717,60718,,,,60761,60728,60743,16,1:15,60744,60759,16,1:15,60745,60760,16,1:15,,,0,,,,0,,,,0,,,,0,,1,10,15,17,1,,,,
asymmetric,4,868,21,a,7,0,5952,16,60764,60764,60765,,,,60808,60775,60790,16,1:15,60791,60806,16,1:15,60792,60807,16,1:15,,,0,,,,0,,,,0,,,,0,,1,10,15,17,1,,,,
asymmetric,4,869,21,a,7,16,6080,16,60811,60811,60812,,,,60855,60822,60837,16,1:15,60838,60853,16,1:15,60839,60854,16,1:15,,,0,,,,0,,,,0,,,,0,,1,10,15,17,1,,,,
asymmetric,4,870,21,bt,0,0,27072,16,60863,60863,60864,,,,60907,60874,60889,16,1:15,60890,60905,16,1:15,60891,60906,16,1:15,,,0,,,,0,,,,0,,,,0,,1,10,15,17,1,,,,
asymmetric,4,871,21,bt,0,16,27200,16,60910,60910,60911,,,,60954,60921,60936,16,1:15,60937,60952,16,1:15,60938,60953,16,1:15,,,0,,,,0,,,,0,,,,0,,1,10,15,17,1,,,,
asymmetric,4,872,21,bt,1,0,27328,16,60957,60957,60958,,,,61001,60968,60983,16,1:15,60984,60999,16,1:15,60985,61000,16,1:15,,,0,,,,0,,,,0,,,,0,,1,10,15,17,1,,,,
asymmetric,4,873,21,bt,1,16,27456,16,61004,61004,61005,,,,61048,61015,61030,16,1:15,61031,61046,16,1:15,61032,61047,16,1:15,,,0,,,,0,,,,0,,,,0,,1,10,15,17,1,,,,
asymmetric,4,874,21,bt,2,0,27584,16,61051,61051,61052,,,,61095,61062,61077,16,1:15,61078,61093,16,1:15,61079,61094,16,1:15,,,0,,,,0,,,,0,,,,0,,1,10,15,17,1,,,,
asymmetric,4,875,21,bt,2,16,27712,16,61098,61098,61099,,,,61142,61109,61124,16,1:15,61125,61140,16,1:15,61126,61141,16,1:15,,,0,,,,0,,,,0,,,,0,,1,10,15,17,1,,,,
asymmetric,4,876,21,bt,3,0,27840,16,61145,61145,61146,,,,61189,61156,61171,16,1:15,61172,61187,16,1:15,61173,61188,16,1:15,,,0,,,,0,,,,0,,,,0,,1,10,15,17,1,,,,
asymmetric,4,877,21,bt,3,16,27968,16,61192,61192,61193,,,,61236,61203,61218,16,1:15,61219,61234,16,1:15,61220,61235,16,1:15,,,0,,,,0,,,,0,,,,0,,1,10,15,17,1,,,,
asymmetric,4,878,21,bt,4,0,28096,16,61239,61239,61240,,,,61283,61250,61265,16,1:15,61266,61281,16,1:15,61267,61282,16,1:15,,,0,,,,0,,,,0,,,,0,,1,10,15,17,1,,,,
asymmetric,4,879,21,bt,4,16,28224,16,61286,61286,61287,,,,61330,61297,61312,16,1:15,61313,61328,16,1:15,61314,61329,16,1:15,,,0,,,,0,,,,0,,,,0,,1,10,15,17,1,,,,
asymmetric,4,880,21,bt,5,0,28352,16,61333,61333,61334,,,,61377,61344,61359,16,1:15,61360,61375,16,1:15,61361,61376,16,1:15,,,0,,,,0,,,,0,,,,0,,1,10,15,17,1,,,,
asymmetric,4,881,21,bt,5,16,28480,16,61380,61380,61381,,,,61424,61391,61406,16,1:15,61407,61422,16,1:15,61408,61423,16,1:15,,,0,,,,0,,,,0,,,,0,,1,10,15,17,1,,,,
asymmetric,4,882,21,bt,6,0,28608,8,61427,61427,61428,,,,61455,61438,61445,8,1:7,61446,61453,8,1:7,61447,61454,8,1:7,,,0,,,,0,,,,0,,,,0,,1,10,7,9,1,,,,
asymmetric,4,883,21,bt,6,8,28672,16,61458,61458,61459,,,,61502,61469,61484,16,1:15,61485,61500,16,1:15,61486,61501,16,1:15,,,0,,,,0,,,,0,,,,0,,1,10,15,17,1,,,,
asymmetric,4,884,21,bt,6,24,28800,8,61505,61505,61506,,,,61533,61516,61523,8,1:7,61524,61531,8,1:7,61525,61532,8,1:7,,,0,,,,0,,,,0,,,,0,,1,10,7,9,1,,,,
asymmetric,4,885,21,bt,7,0,28864,16,61536,61536,61537,,,,61580,61547,61562,16,1:15,61563,61578,16,1:15,61564,61579,16,1:15,,,0,,,,0,,,,0,,,,0,,1,10,15,17,1,,,,
asymmetric,4,886,21,bt,7,16,28992,16,61583,61583,61584,,,,61627,61594,61609,16,1:15,61610,61625,16,1:15,61611,61626,16,1:15,,,0,,,,0,,,,0,,,,0,,1,10,15,17,1,,,,
asymmetric,4,887,21,c,0,0,37344,4,62717,62717,,62734,62733,62745,62746,,,0,,,,0,,,,0,,62718,62730,4,4:3,62720,62732,4,4:3,62721,62733,4,4:3,62734,62737,4,1:3,,,,,,16,4,8,1
asymmetric,4,888,21,c,1,0,37600,4,62749,62749,,62766,62765,62777,62778,,,0,,,,0,,,,0,,62750,62762,4,4:3,62752,62764,4,4:3,62753,62765,4,4:3,62766,62769,4,1:3,,,,,,16,4,8,1
asymmetric,4,889,21,c,2,0,37856,4,62781,62781,,62798,62797,62809,62810,,,0,,,,0,,,,0,,62782,62794,4,4:3,62784,62796,4,4:3,62785,62797,4,4:3,62798,62801,4,1:3,,,,,,16,4,8,1
asymmetric,4,890,21,c,3,0,38112,4,62813,62813,,62830,62829,62841,62842,,,0,,,,0,,,,0,,62814,62826,4,4:3,62816,62828,4,4:3,62817,62829,4,4:3,62830,62833,4,1:3,,,,,,16,4,8,1
asymmetric,4,891,21,c,4,0,38368,4,62845,62845,,62862,62861,62873,62874,,,0,,,,0,,,,0,,62846,62858,4,4:3,62848,62860,4,4:3,62849,62861,4,4:3,62862,62865,4,1:3,,,,,,16,4,8,1
asymmetric,4,892,21,c,5,0,38624,4,62877,62877,,62894,62893,62905,62906,,,0,,,,0,,,,0,,62878,62890,4,4:3,62880,62892,4,4:3,62881,62893,4,4:3,62894,62897,4,1:3,,,,,,16,4,8,1
asymmetric,4,893,21,c,6,0,38880,4,62909,62909,,62926,62925,62937,62938,,,0,,,,0,,,,0,,62910,62922,4,4:3,62912,62924,4,4:3,62913,62925,4,4:3,62926,62929,4,1:3,,,,,,16,4,8,1
asymmetric,4,894,21,c,7,0,39136,4,62941,62941,,62958,62957,62969,62970,,,0,,,,0,,,,0,,62942,62954,4,4:3,62944,62956,4,4:3,62945,62957,4,4:3,62958,62961,4,1:3,,,,,,16,4,8,1
asymmetric,4,895,22,a,0,0,4160,16,62979,62979,62980,,,,63023,62990,63005,16,1:15,63006,63021,16,1:15,63007,63022,16,1:15,,,0,,,,0,,,,0,,,,0,,1,10,15,17,1,,,,
asymmetric,4,896,22,a,0,16,4288,16,63026,63026,63027,,,,63070,63037,63052,16,1:15,63053,63068,16,1:15,63054,63069,16,1:15,,,0,,,,0,,,,0,,,,0,,1,10,15,17,1,,,,
asymmetric,4,897,22,a,1,0,4416,16,63073,63073,63074,,,,63117,63084,63099,16,1:15,63100,63115,16,1:15,63101,63116,16,1:15,,,0,,,,0,,,,0,,,,0,,1,10,15,17,1,,,,
asymmetric,4,898,22,a,1,16,4544,16,63120,63120,63121,,,,63164,63131,63146,16,1:15,63147,63162,16,1:15,63148,63163,16,1:15,,,0,,,,0,,,,0,,,,0,,1,10,15,17,1,,,,
asymmetric,4,899,22,a,2,0,4672,16,63167,63167,63168,,,,63211,63178,63193,16,1:15,63194,63209,16,1:15,63195,63210,16,1:15,,,0,,,,0,,,,0,,,,0,,1,10,15,17,1,,,,
asymmetric,4,900,22,a,2,16,4800,16,63214,63214,63215,,,,63258,63225,63240,16,1:15,63241,63256,16,1:15,63242,63257,16,1:15,,,0,,,,0,,,,0,,,,0,,1,10,15,17,1,,,,
asymmetric,4,901,22,a,3,0,4928,16,63261,63261,63262,,,,63305,63272,63287,16,1:15,63288,63303,16,1:15,63289,63304,16,1:15,,,0,,,,0,,,,0,,,,0,,1,10,15,17,1,,,,
asymmetric,4,902,22,a,3,16,5056,16,63308,63308,63309,,,,63352,63319,63334,16,1:15,63335,63350,16,1:15,63336,63351,16,1:15,,,0,,,,0,,,,0,,,,0,,1,10,15,17,1,,,,
asymmetric,4,903,22,a,4,0,5184,16,63355,63355,63356,,,,63399,63366,63381,16,1:15,63382,63397,16,1:15,63383,63398,16,1:15,,,0,,,,0,,,,0,,,,0,,1,10,15,17,1,,,,
asymmetric,4,904,22,a,4,16,5312,16,63402,63402,63403,,,,63446,63413,63428,16,1:15,63429,63444,16,1:15,63430,63445,16,1:15,,,0,,,,0,,,,0,,,,0,,1,10,15,17,1,,,,
asymmetric,4,905,22,a,5,0,5440,16,63449,63449,63450,,,,63493,63460,63475,16,1:15,63476,63491,16,1:15,63477,63492,16,1:15,,,0,,,,0,,,,0,,,,0,,1,10,15,17,1,,,,
asymmetric,4,906,22,a,5,16,5568,16,63496,63496,63497,,,,63540,63507,63522,16,1:15,63523,63538,16,1:15,63524,63539,16,1:15,,,0,,,,0,,,,0,,,,0,,1,10,15,17,1,,,,
asymmetric,4,907,22,a,6,0,5696,16,63543,63543,63544,,,,63587,63554,63569,16,1:15,63570,63585,16,1:15,63571,63586,16,1:15,,,0,,,,0,,,,0,,,,0,,1,10,15,17,1,,,,
asymmetric,4,908,22,a,6,16,5824,16,63590,63590,63591,,,,63634,63601,63616,16,1:15,63617,63632,16,1:15,63618,63633,16,1:15,,,0,,,,0,,,,0,,,,0,,1,10,15,17,1,,,,
asymmetric,4,909,22,a,7,0,5952,16,63637,63637,63638,,,,63681,63648,63663,16,1:15,63664,63679,16,1:15,63665,63680,16,1:15,,,0,,,,0,,,,0,,,,0,,1,10,15,17,1,,,,
asymmetric,4,910,22,a,7,16,6080,16,63684,63684,63685,,,,63728,63695,63710,16,1:15,63711,63726,16,1:15,63712,63727,16,1:15,,,0,,,,0,,,,0,,,,0,,1,10,15,17,1,,,,
asymmetric,4,911,22,bt,0,0,29120,16,63736,63736,63737,,,,63780,63747,63762,16,1:15,63763,63778,16,1:15,63764,63779,16,1:15,,,0,,,,0,,,,0,,,,0,,1,10,15,17,1,,,,
asymmetric,4,912,22,bt,0,16,29248,16,63783,63783,63784,,,,63827,63794,63809,16,1:15,63810,63825,16,1:15,63811,63826,16,1:15,,,0,,,,0,,,,0,,,,0,,1,10,15,17,1,,,,
asymmetric,4,913,22,bt,1,0,29376,16,63830,63830,63831,,,,63874,63841,63856,16,1:15,63857,63872,16,1:15,63858,63873,16,1:15,,,0,,,,0,,,,0,,,,0,,1,10,15,17,1,,,,
asymmetric,4,914,22,bt,1,16,29504,16,63877,63877,63878,,,,63921,63888,63903,16,1:15,63904,63919,16,1:15,63905,63920,16,1:15,,,0,,,,0,,,,0,,,,0,,1,10,15,17,1,,,,
asymmetric,4,915,22,bt,2,0,29632,16,63924,63924,63925,,,,63968,63935,63950,16,1:15,63951,63966,16,1:15,63952,63967,16,1:15,,,0,,,,0,,,,0,,,,0,,1,10,15,17,1,,,,
asymmetric,4,916,22,bt,2,16,29760,16,63971,63971,63972,,,,64015,63982,63997,16,1:15,63998,64013,16,1:15,63999,64014,16,1:15,,,0,,,,0,,,,0,,,,0,,1,10,15,17,1,,,,
asymmetric,4,917,22,bt,3,0,29888,16,64018,64018,64019,,,,64062,64029,64044,16,1:15,64045,64060,16,1:15,64046,64061,16,1:15,,,0,,,,0,,,,0,,,,0,,1,10,15,17,1,,,,
asymmetric,4,918,22,bt,3,16,30016,16,64065,64065,64066,,,,64109,64076,64091,16,1:15,64092,64107,16,1:15,64093,64108,16,1:15,,,0,,,,0,,,,0,,,,0,,1,10,15,17,1,,,,
asymmetric,4,919,22,bt,4,0,30144,16,64112,64112,64113,,,,64156,64123,64138,16,1:15,64139,64154,16,1:15,64140,64155,16,1:15,,,0,,,,0,,,,0,,,,0,,1,10,15,17,1,,,,
asymmetric,4,920,22,bt,4,16,30272,16,64159,64159,64160,,,,64203,64170,64185,16,1:15,64186,64201,16,1:15,64187,64202,16,1:15,,,0,,,,0,,,,0,,,,0,,1,10,15,17,1,,,,
asymmetric,4,921,22,bt,5,0,30400,16,64206,64206,64207,,,,64250,64217,64232,16,1:15,64233,64248,16,1:15,64234,64249,16,1:15,,,0,,,,0,,,,0,,,,0,,1,10,15,17,1,,,,
asymmetric,4,922,22,bt,5,16,30528,16,64253,64253,64254,,,,64297,64264,64279,16,1:15,64280,64295,16,1:15,64281,64296,16,1:15,,,0,,,,0,,,,0,,,,0,,1,10,15,17,1,,,,
asymmetric,4,923,22,bt,6,0,30656,16,64300,64300,64301,,,,64344,64311,64326,16,1:15,64327,64342,16,1:15,64328,64343,16,1:15,,,0,,,,0,,,,0,,,,0,,1,10,15,17,1,,,,
asymmetric,4,924,22,bt,6,16,30784,16,64347,64347,64348,,,,64391,64358,64373,16,1:15,64374,64389,16,1:15,64375,64390,16,1:15,,,0,,,,0,,,,0,,,,0,,1,10,15,17,1,,,,
asymmetric,4,925,22,bt,7,0,30912,16,64394,64394,64395,,,,64438,64405,64420,16,1:15,64421,64436,16,1:15,64422,64437,16,1:15,,,0,,,,0,,,,0,,,,0,,1,10,15,17,1,,,,
asymmetric,4,926,22,bt,7,16,31040,16,64441,64441,64442,,,,64485,64452,64467,16,1:15,64468,64483,16,1:15,64469,64484,16,1:15,,,0,,,,0,,,,0,,,,0,,1,10,15,17,1,,,,
asymmetric,4,927,22,c,0,0,37376,4,65575,65575,,65592,65591,65603,65604,,,0,,,,0,,,,0,,65576,65588,4,4:3,65578,65590,4,4:3,65579,65591,4,4:3,65592,65595,4,1:3,,,,,,16,4,8,1
asymmetric,4,928,22,c,1,0,37632,4,65607,65607,,65624,65623,65635,65636,,,0,,,,0,,,,0,,65608,65620,4,4:3,65610,65622,4,4:3,65611,65623,4,4:3,65624,65627,4,1:3,,,,,,16,4,8,1
asymmetric,4,929,22,c,2,0,37888,4,65639,65639,,65656,65655,65667,65668,,,0,,,,0,,,,0,,65640,65652,4,4:3,65642,65654,4,4:3,65643,65655,4,4:3,65656,65659,4,1:3,,,,,,16,4,8,1
asymmetric,4,930,22,c,3,0,38144,4,65671,65671,,65688,65687,65699,65700,,,0,,,,0,,,,0,,65672,65684,4,4:3,65674,65686,4,4:3,65675,65687,4,4:3,65688,65691,4,1:3,,,,,,16,4,8,1
asymmetric,4,931,22,c,4,0,38400,4,65703,65703,,65720,65719,65731,65732,,,0,,,,0,,,,0,,65704,65716,4,4:3,65706,65718,4,4:3,65707,65719,4,4:3,65720,65723,4,1:3,,,,,,16,4,8,1
asymmetric,4,932,22,c,5,0,38656,4,65735,65735,,65752,65751,65763,65764,,,0,,,,0,,,,0,,65736,65748,4,4:3,65738,65750,4,4:3,65739,65751,4,4:3,65752,65755,4,1:3,,,,,,16,4,8,1
asymmetric,4,933,22,c,6,0,38912,4,65767,65767,,65784,65783,65795,65796,,,0,,,,0,,,,0,,65768,65780,4,4:3,65770,65782,4,4:3,65771,65783,4,4:3,65784,65787,4,1:3,,,,,,16,4,8,1
asymmetric,4,934,22,c,7,0,39168,4,65799,65799,,65816,65815,65827,65828,,,0,,,,0,,,,0,,65800,65812,4,4:3,65802,65814,4,4:3,65803,65815,4,4:3,65816,65819,4,1:3,,,,,,16,4,8,1
asymmetric,4,935,23,a,0,0,4160,16,65837,65837,65838,,,,65881,65848,65863,16,1:15,65864,65879,16,1:15,65865,65880,16,1:15,,,0,,,,0,,,,0,,,,0,,1,10,15,17,1,,,,
asymmetric,4,936,23,a,0,16,4288,16,65884,65884,65885,,,,65928,65895,65910,16,1:15,65911,65926,16,1:15,65912,65927,16,1:15,,,0,,,,0,,,,0,,,,0,,1,10,15,17,1,,,,
asymmetric,4,937,23,a,1,0,4416,16,65931,65931,65932,,,,65975,65942,65957,16,1:15,65958,65973,16,1:15,65959,65974,16,1:15,,,0,,,,0,,,,0,,,,0,,1,10,15,17,1,,,,
asymmetric,4,938,23,a,1,16,4544,16,65978,65978,65979,,,,66022,65989,66004,16,1:15,66005,66020,16,1:15,66006,66021,16,1:15,,,0,,,,0,,,,0,,,,0,,1,10,15,17,1,,,,
asymmetric,4,939,23,a,2,0,4672,16,66025,66025,66026,,,,66069,66036,66051,16,1:15,66052,66067,16,1:15,66053,66068,16,1:15,,,0,,,,0,,,,0,,,,0,,1,10,15,17,1,,,,
asymmetric,4,940,23,a,2,16,4800,16,66072,66072,66073,,,,66116,66083,66098,16,1:15,66099,66114,16,1:15,66100,66115,16,1:15,,,0,,,,0,,,,0,,,,0,,1,10,15,17,1,,,,
asymmetric,4,941,23,a,3,0,4928,16,66119,66119,66120,,,,66163,66130,66145,16,1:15,66146,66161,16,1:15,66147,66162,16,1:15,,,0,,,,0,,,,0,,,,0,,1,10,15,17,1,,,,
asymmetric,4,942,23,a,3,16,5056,16,66166,66166,66167,,,,66210,66177,66192,16,1:15,66193,66208,16,1:15,66194,66209,16,1:15,,,0,,,,0,,,,0,,,,0,,1,10,15,17,1,,,,
asymmetric,4,943,23,a,4,0,5184,16,66213,66213,66214,,,,66257,66224,66239,16,1:15,66240,66255,16,1:15,66241,66256,16,1:15,,,0,,,,0,,,,0,,,,0,,1,10,15,17,1,,,,
asymmetric,4,944,23,a,4,16,5312,16,66260,66260,66261,,,,66304,66271,66286,16,1:15,66287,66302,16,1:15,66288,66303,16,1:15,,,0,,,,0,,,,0,,,,0,,1,10,15,17,1,,,,
asymmetric,4,945,23,a,5,0,5440,16,66307,66307,66308,,,,66351,66318,66333,16,1:15,66334,66349,16,1:15,66335,66350,16,1:15,,,0,,,,0,,,,0,,,,0,,1,10,15,17,1,,,,
asymmetric,4,946,23,a,5,16,5568,16,66354,66354,66355,,,,66398,66365,66380,16,1:15,66381,66396,16,1:15,66382,66397,16,1:15,,,0,,,,0,,,,0,,,,0,,1,10,15,17,1,,,,
asymmetric,4,947,23,a,6,0,5696,16,66401,66401,66402,,,,66445,66412,66427,16,1:15,66428,66443,16,1:15,66429,66444,16,1:15,,,0,,,,0,,,,0,,,,0,,1,10,15,17,1,,,,
asymmetric,4,948,23,a,6,16,5824,16,66448,66448,66449,,,,66492,66459,66474,16,1:15,66475,66490,16,1:15,66476,66491,16,1:15,,,0,,,,0,,,,0,,,,0,,1,10,15,17,1,,,,
asymmetric,4,949,23,a,7,0,5952,16,66495,66495,66496,,,,66539,66506,66521,16,1:15,66522,66537,16,1:15,66523,66538,16,1:15,,,0,,,,0,,,,0,,,,0,,1,10,15,17,1,,,,
asymmetric,4,950,23,a,7,16,6080,16,66542,66542,66543,,,,66586,66553,66568,16,1:15,66569,66584,16,1:15,66570,66585,16,1:15,,,0,,,,0,,,,0,,,,0,,1,10,15,17,1,,,,
asymmetric,4,951,23,bt,0,0,31168,16,66594,66594,66595,,,,66638,66605,66620,16,1:15,66621,66636,16,1:15,66622,66637,16,1:15,,,0,,,,0,,,,0,,,,0,,1,10,15,17,1,,,,
asymmetric,4,952,23,bt,0,16,31296,16,66641,66641,66642,,,,66685,66652,66667,16,1:15,66668,66683,16,1:15,66669,66684,16,1:15,,,0,,,,0,,,,0,,,,0,,1,10,15,17,1,,,,
asymmetric,4,953,23,bt,1,0,31424,16,66688,66688,66689,,,,66732,66699,66714,16,1:15,66715,66730,16,1:15,66716,66731,16,1:15,,,0,,,,0,,,,0,,,,0,,1,10,15,17,1,,,,
asymmetric,4,954,23,bt,1,16,31552,16,66735,66735,66736,,,,66779,66746,66761,16,1:15,66762,66777,16,1:15,66763,66778,16,1:15,,,0,,,,0,,,,0,,,,0,,1,10,15,17,1,,,,
asymmetric,4,955,23,bt,2,0,31680,16,66782,66782,66783,,,,66826,66793,66808,16,1:15,66809,66824,16,1:15,66810,66825,16,1:15,,,0,,,,0,,,,0,,,,0,,1,10,15,17,1,,,,
asymmetric,4,956,23,bt,2,16,31808,16,66829,66829,66830,,,,66873,66840,66855,16,1:15,66856,66871,16,1:15,66857,66872,16,1:15,,,0,,,,0,,,,0,,,,0,,1,10,15,17,1,,,,
asymmetric,4,957,23,bt,3,0,31936,16,66876,66876,66877,,,,66920,66887,66902,16,1:15,66903,66918,16,1:15,66904,66919,16,1:15,,,0,,,,0,,,,0,,,,0,,1,10,15,17,1,,,,
asymmetric,4,958,23,bt,3,16,32064,16,66923,66923,66924,,,,66967,66934,66949,16,1:15,66950,66965,16,1:15,66951,66966,16,1:15,,,0,,,,0,,,,0,,,,0,,1,10,15,17,1,,,,
asymmetric,4,959,23,bt,4,0,32192,16,66970,66970,66971,,,,67014,66981,66996,16,1:15,66997,67012,16,1:15,66998,67013,16,1:15,,,0,,,,0,,,,0,,,,0,,1,10,15,17,1,,,,
asymmetric,4,960,23,bt,4,16,32320,16,67017,67017,67018,,,,67061,67028,67043,16,1:15,67044,67059,16,1:15,67045,67060,16,1:15,,,0,,,,0,,,,0,,,,0,,1,10,15,17,1,,,,
asymmetric,4,961,23,bt,5,0,32448,16,67064,67064,67065,,,,67108,67075,67090,16,1:15,67091,67106,16,1:15,67092,67107,16,1:15,,,0,,,,0,,,,0,,,,0,,1,10,15,17,1,,,,
asymmetric,4,962,23,bt,5,16,32576,16,67111,67111,67112,,,,67155,67122,67137,16,1:15,67138,67153,16,1:15,67139,67154,16,1:15,,,0,,,,0,,,,0,,,,0,,1,10,15,17,1,,,,
asymmetric,4,963,23,bt,6,0,32704,8,67158,67158,67159,,,,67186,67169,67176,8,1:7,67177,67184,8,1:7,67178,67185,8,1:7,,,0,,,,0,,,,0,,,,0,,1,10,7,9,1,,,,
asymmetric,4,964,23,bt,6,8,32768,16,67189,67189,67190,,,,67233,67200,67215,16,1:15,67216,67231,16,1:15,67217,67232,16,1:15,,,0,,,,0,,,,0,,,,0,,1,10,15,17,1,,,,
asymmetric,4,965,23,bt,6,24,32896,8,67236,67236,67237,,,,67264,67247,67254,8,1:7,67255,67262,8,1:7,67256,67263,8,1:7,,,0,,,,0,,,,0,,,,0,,1,10,7,9,1,,,,
asymmetric,4,966,23,c,0,0,37408,4,68354,68354,,68371,68370,68382,68383,,,0,,,,0,,,,0,,68355,68367,4,4:3,68357,68369,4,4:3,68358,68370,4,4:3,68371,68374,4,1:3,,,,,,16,4,8,1
asymmetric,4,967,23,c,1,0,37664,4,68386,68386,,68403,68402,68414,68415,,,0,,,,0,,,,0,,68387,68399,4,4:3,68389,68401,4,4:3,68390,68402,4,4:3,68403,68406,4,1:3,,,,,,16,4,8,1
asymmetric,4,968,23,c,2,0,37920,4,68418,68418,,68435,68434,68446,68447,,,0,,,,0,,,,0,,68419,68431,4,4:3,68421,68433,4,4:3,68422,68434,4,4:3,68435,68438,4,1:3,,,,,,16,4,8,1
asymmetric,4,969,23,c,3,0,38176,4,68450,68450,,68467,68466,68478,68479,,,0,,,,0,,,,0,,68451,68463,4,4:3,68453,68465,4,4:3,68454,68466,4,4:3,68467,68470,4,1:3,,,,,,16,4,8,1
asymmetric,4,970,23,c,4,0,38432,4,68482,68482,,68499,68498,68510,68511,,,0,,,,0,,,,0,,68483,68495,4,4:3,68485,68497,4,4:3,68486,68498,4,4:3,68499,68502,4,1:3,,,,,,16,4,8,1
asymmetric,4,971,23,c,5,0,38688,4,68514,68514,,68531,68530,68542,68543,,,0,,,,0,,,,0,,68515,68527,4,4:3,68517,68529,4,4:3,68518,68530,4,4:3,68531,68534,4,1:3,,,,,,16,4,8,1
asymmetric,4,972,23,c,6,0,38944,4,68546,68546,,68563,68562,68574,68575,,,0,,,,0,,,,0,,68547,68559,4,4:3,68549,68561,4,4:3,68550,68562,4,4:3,68563,68566,4,1:3,,,,,,16,4,8,1
asymmetric,4,973,23,c,7,0,39200,4,68578,68578,,68595,68594,68606,68607,,,0,,,,0,,,,0,,68579,68591,4,4:3,68581,68593,4,4:3,68582,68594,4,4:3,68595,68598,4,1:3,,,,,,16,4,8,1
asymmetric,4,974,24,a,0,0,6208,16,68616,68616,68617,,,,68660,68627,68642,16,1:15,68643,68658,16,1:15,68644,68659,16,1:15,,,0,,,,0,,,,0,,,,0,,1,10,15,17,1,,,,
asymmetric,4,975,24,a,0,16,6336,16,68663,68663,68664,,,,68707,68674,68689,16,1:15,68690,68705,16,1:15,68691,68706,16,1:15,,,0,,,,0,,,,0,,,,0,,1,10,15,17,1,,,,
asymmetric,4,976,24,a,1,0,6464,16,68710,68710,68711,,,,68754,68721,68736,16,1:15,68737,68752,16,1:15,68738,68753,16,1:15,,,0,,,,0,,,,0,,,,0,,1,10,15,17,1,,,,
asymmetric,4,977,24,a,1,16,6592,16,68757,68757,68758,,,,68801,68768,68783,16,1:15,68784,68799,16,1:15,68785,68800,16,1:15,,,0,,,,0,,,,0,,,,0,,1,10,15,17,1,,,,
asymmetric,4,978,24,a,2,0,6720,16,68804,68804,68805,,,,68848,68815,68830,16,1:15,68831,68846,16,1:15,68832,68847,16,1:15,,,0,,,,0,,,,0,,,,0,,1,10,15,17,1,,,,
asymmetric,4,979,24,a,2,16,6848,16,68851,68851,68852,,,,68895,68862,68877,16,1:15,68878,68893,16,1:15,68879,68894,16,1:15,,,0,,,,0,,,,0,,,,0,,1,10,15,17,1,,,,
asymmetric,4,980,24,a,3,0,6976,16,68898,68898,68899,,,,68942,68909,68924,16,1:15,68925,68940,16,1:15,68926,68941,16,1:15,,,0,,,,0,,,,0,,,,0,,1,10,15,17,1,,,,
asymmetric,4,981,24,a,3,16,7104,16,68945,68945,68946,,,,68989,68956,68971,16,1:15,68972,68987,16,1:15,68973,68988,16,1:15,,,0,,,,0,,,,0,,,,0,,1,10,15,17,1,,,,
asymmetric,4,982,24,a,4,0,7232,16,68992,68992,68993,,,,69036,69003,69018,16,1:15,69019,69034,16,1:15,69020,69035,16,1:15,,,0,,,,0,,,,0,,,,0,,1,10,15,17,1,,,,
asymmetric,4,983,24,a,4,16,7360,16,69039,69039,69040,,,,69083,69050,69065,16,1:15,69066,69081,16,1:15,69067,69082,16,1:15,,,0,,,,0,,,,0,,,,0,,1,10,15,17,1,,,,
asymmetric,4,984,24,a,5,0,7488,16,69086,69086,69087,,,,69130,69097,69112,16,1:15,69113,69128,16,1:15,69114,69129,16,1:15,,,0,,,,0,,,,0,,,,0,,1,10,15,17,1,,,,
asymmetric,4,985,24,a,5,16,7616,16,69133,69133,69134,,,,69177,69144,69159,16,1:15,69160,69175,16,1:15,69161,69176,16,1:15,,,0,,,,0,,,,0,,,,0,,1,10,15,17,1,,,,
asymmetric,4,986,24,a,6,0,7744,16,69180,69180,69181,,,,69224,69191,69206,16,1:15,69207,69222,16,1:15,69208,69223,16,1:15,,,0,,,,0,,,,0,,,,0,,1,10,15,17,1,,,,
asymmetric,4,987,24,a,6,16,7872,16,69227,69227,69228,,,,69271,69238,69253,16,1:15,69254,69269,16,1:15,69255,69270,16,1:15,,,0,,,,0,,,,0,,,,0,,1,10,15,17,1,,,,
asymmetric,4,988,24,a,7,0,8000,16,69274,69274,69275,,,,69318,69285,69300,16,1:15,69301,69316,16,1:15,69302,69317,16,1:15,,,0,,,,0,,,,0,,,,0,,1,10,15,17,1,,,,
asymmetric,4,989,24,a,7,16,8128,8,69321,69321,69322,,,,69349,69332,69339,8,1:7,69340,69347,8,1:7,69341,69348,8,1:7,,,0,,,,0,,,,0,,,,0,,1,10,7,9,1,,,,
asymmetric,4,990,24,a,7,24,8192,8,69352,69352,69353,,,,69380,69363,69370,8,1:7,69371,69378,8,1:7,69372,69379,8,1:7,,,0,,,,0,,,,0,,,,0,,1,10,7,9,1,,,,
asymmetric,4,991,24,bt,0,0,16832,16,69388,69388,69389,,,,69432,69399,69414,16,1:15,69415,69430,16,1:15,69416,69431,16,1:15,,,0,,,,0,,,,0,,,,0,,1,10,15,17,1,,,,
asymmetric,4,992,24,bt,0,16,16960,16,69435,69435,69436,,,,69479,69446,69461,16,1:15,69462,69477,16,1:15,69463,69478,16,1:15,,,0,,,,0,,,,0,,,,0,,1,10,15,17,1,,,,
asymmetric,4,993,24,bt,1,0,17088,16,69482,69482,69483,,,,69526,69493,69508,16,1:15,69509,69524,16,1:15,69510,69525,16,1:15,,,0,,,,0,,,,0,,,,0,,1,10,15,17,1,,,,
asymmetric,4,994,24,bt,1,16,17216,16,69529,69529,69530,,,,69573,69540,69555,16,1:15,69556,69571,16,1:15,69557,69572,16,1:15,,,0,,,,0,,,,0,,,,0,,1,10,15,17,1,,,,
asymmetric,4,995,24,bt,2,0,17344,16,69576,69576,69577,,,,69620,69587,69602,16,1:15,69603,69618,16,1:15,69604,69619,16,1:15,,,0,,,,0,,,,0,,,,0,,1,10,15,17,1,,,,
asymmetric,4,996,24,bt,2,16,17472,16,69623,69623,69624,,,,69667,69634,69649,16,1:15,69650,69665,16,1:15,69651,69666,16,1:15,,,0,,,,0,,,,0,,,,0,,1,10,15,17,1,,,,
asymmetric,4,997,24,bt,3,0,17600,16,69670,69670,69671,,,,69714,69681,69696,16,1:15,69697,69712,16,1:15,69698,69713,16,1:15,,,0,,,,0,,,,0,,,,0,,1,10,15,17,1,,,,
asymmetric,4,998,24,bt,3,16,17728,16,69717,69717,69718,,,,69761,69728,69743,16,1:15,69744,69759,16,1:15,69745,69760,16,1:15,,,0,,,,0,,,,0,,,,0,,1,10,15,17,1,,,,
asymmetric,4,999,24,bt,4,0,17856,16,69764,69764,69765,,,,69808,69775,69790,16,1:15,69791,69806,16,1:15,69792,69807,16,1:15,,,0,,,,0,,,,0,,,,0,,1,10,15,17,1,,,,
asymmetric,4,1000,24,bt,4,16,17984,16,69811,69811,69812,,,,69855,69822,69837,16,1:15,69838,69853,16,1:15,69839,69854,16,1:15,,,0,,,,0,,,,0,,,,0,,1,10,15,17,1,,,,
asymmetric,4,1001,24,bt,5,0,18112,16,69858,69858,69859,,,,69902,69869,69884,16,1:15,69885,69900,16,1:15,69886,69901,16,1:15,,,0,,,,0,,,,0,,,,0,,1,10,15,17,1,,,,
asymmetric,4,1002,24,bt,5,16,18240,16,69905,69905,69906,,,,69949,69916,69931,16,1:15,69932,69947,16,1:15,69933,69948,16,1:15,,,0,,,,0,,,,0,,,,0,,1,10,15,17,1,,,,
asymmetric,4,1003,24,bt,6,0,18368,16,69952,69952,69953,,,,69996,69963,69978,16,1:15,69979,69994,16,1:15,69980,69995,16,1:15,,,0,,,,0,,,,0,,,,0,,1,10,15,17,1,,,,
asymmetric,4,1004,24,bt,6,16,18496,16,69999,69999,70000,,,,70043,70010,70025,16,1:15,70026,70041,16,1:15,70027,70042,16,1:15,,,0,,,,0,,,,0,,,,0,,1,10,15,17,1,,,,
asymmetric,4,1005,24,bt,7,0,18624,16,70046,70046,70047,,,,70090,70057,70072,16,1:15,70073,70088,16,1:15,70074,70089,16,1:15,,,0,,,,0,,,,0,,,,0,,1,10,15,17,1,,,,
asymmetric,4,1006,24,bt,7,16,18752,16,70093,70093,70094,,,,70137,70104,70119,16,1:15,70120,70135,16,1:15,70121,70136,16,1:15,,,0,,,,0,,,,0,,,,0,,1,10,15,17,1,,,,
asymmetric,4,1007,24,c,0,0,39232,4,71227,71227,,71244,71243,71255,71256,,,0,,,,0,,,,0,,71228,71240,4,4:3,71230,71242,4,4:3,71231,71243,4,4:3,71244,71247,4,1:3,,,,,,16,4,8,1
asymmetric,4,1008,24,c,1,0,39488,4,71259,71259,,71276,71275,71287,71288,,,0,,,,0,,,,0,,71260,71272,4,4:3,71262,71274,4,4:3,71263,71275,4,4:3,71276,71279,4,1:3,,,,,,16,4,8,1
asymmetric,4,1009,24,c,2,0,39744,4,71291,71291,,71308,71307,71319,71320,,,0,,,,0,,,,0,,71292,71304,4,4:3,71294,71306,4,4:3,71295,71307,4,4:3,71308,71311,4,1:3,,,,,,16,4,8,1
asymmetric,4,1010,24,c,3,0,40000,4,71323,71323,,71340,71339,71351,71352,,,0,,,,0,,,,0,,71324,71336,4,4:3,71326,71338,4,4:3,71327,71339,4,4:3,71340,71343,4,1:3,,,,,,16,4,8,1
asymmetric,4,1011,24,c,4,0,40256,4,71355,71355,,71372,71371,71383,71384,,,0,,,,0,,,,0,,71356,71368,4,4:3,71358,71370,4,4:3,71359,71371,4,4:3,71372,71375,4,1:3,,,,,,16,4,8,1
asymmetric,4,1012,24,c,5,0,40512,4,71387,71387,,71404,71403,71415,71416,,,0,,,,0,,,,0,,71388,71400,4,4:3,71390,71402,4,4:3,71391,71403,4,4:3,71404,71407,4,1:3,,,,,,16,4,8,1
asymmetric,4,1013,24,c,6,0,40768,4,71419,71419,,71436,71435,71447,71448,,,0,,,,0,,,,0,,71420,71432,4,4:3,71422,71434,4,4:3,71423,71435,4,4:3,71436,71439,4,1:3,,,,,,16,4,8,1
asymmetric,4,1014,24,c,7,0,41024,4,71451,71451,,71468,71467,71479,71480,,,0,,,,0,,,,0,,71452,71464,4,4:3,71454,71466,4,4:3,71455,71467,4,4:3,71468,71471,4,1:3,,,,,,16,4,8,1
asymmetric,4,1015,25,a,0,0,6208,16,71489,71489,71490,,,,71533,71500,71515,16,1:15,71516,71531,16,1:15,71517,71532,16,1:15,,,0,,,,0,,,,0,,,,0,,1,10,15,17,1,,,,
asymmetric,4,1016,25,a,0,16,6336,16,71536,71536,71537,,,,71580,71547,71562,16,1:15,71563,71578,16,1:15,71564,71579,16,1:15,,,0,,,,0,,,,0,,,,0,,1,10,15,17,1,,,,
asymmetric,4,1017,25,a,1,0,6464,16,71583,71583,71584,,,,71627,71594,71609,16,1:15,71610,71625,16,1:15,71611,71626,16,1:15,,,0,,,,0,,,,0,,,,0,,1,10,15,17,1,,,,
asymmetric,4,1018,25,a,1,16,6592,16,71630,71630,71631,,,,71674,71641,71656,16,1:15,71657,71672,16,1:15,71658,71673,16,1:15,,,0,,,,0,,,,0,,,,0,,1,10,15,17,1,,,,
asymmetric,4,1019,25,a,2,0,6720,16,71677,71677,71678,,,,71721,71688,71703,16,1:15,71704,71719,16,1:15,71705,71720,16,1:15,,,0,,,,0,,,,0,,,,0,,1,10,15,17,1,,,,
asymmetric,4,1020,25,a,2,16,6848,16,71724,71724,71725,,,,71768,71735,71750,16,1:15,71751,71766,16,1:15,71752,71767,16,1:15,,,0,,,,0,,,,0,,,,0,,1,10,15,17,1,,,,
asymmetric,4,1021,25,a,3,0,6976,16,71771,71771,71772,,,,71815,71782,71797,16,1:15,71798,71813,16,1:15,71799,71814,16,1:15,,,0,,,,0,,,,0,,,,0,,1,10,15,17,1,,,,
asymmetric,4,1022,25,a,3,16,7104,16,71818,71818,71819,,,,71862,71829,71844,16,1:15,71845,71860,16,1:15,71846,71861,16,1:15,,,0,,,,0,,,,0,,,,0,,1,10,15,17,1,,,,
asymmetric,4,1023,25,a,4,0,7232,16,71865,71865,71866,,,,71909,71876,71891,16,1:15,71892,71907,16,1:15,71893,71908,16,1:15,,,0,,,,0,,,,0,,,,0,,1,10,15,17,1,,,,
asymmetric,4,1024,25,a,4,16,7360,16,71912,71912,71913,,,,71956,71923,71938,16,1:15,71939,71954,16,1:15,71940,71955,16,1:15,,,0,,,,0,,,,0,,,,0,,1,10,15,17,1,,,,
asymmetric,4,1025,25,a,5,0,7488,16,71959,71959,71960,,,,72003,71970,71985,16,1:15,71986,72001,16,1:15,71987,72002,16,1:15,,,0,,,,0,,,,0,,,,0,,1,10,15,17,1,,,,
asymmetric,4,1026,25,a,5,16,7616,16,72006,72006,72007,,,,72050,72017,72032,16,1:15,72033,72048,16,1:15,72034,72049,16,1:15,,,0,,,,0,,,,0,,,,0,,1,10,15,17,1,,,,
asymmetric,4,1027,25,a,6,0,7744,16,72053,72053,72054,,,,72097,72064,72079,16,1:15,72080,72095,16,1:15,72081,72096,16,1:15,,,0,,,,0,,,,0,,,,0,,1,10,15,17,1,,,,
asymmetric,4,1028,25,a,6,16,7872,16,72100,72100,72101,,,,72144,72111,72126,16,1:15,72127,72142,16,1:15,72128,72143,16,1:15,,,0,,,,0,,,,0,,,,0,,1,10,15,17,1,,,,
asymmetric,4,1029,25,a,7,0,8000,16,72147,72147,72148,,,,72191,72158,72173,16,1:15,72174,72189,16,1:15,72175,72190,16,1:15,,,0,,,,0,,,,0,,,,0,,1,10,15,17,1,,,,
asymmetric,4,1030,25,a,7,16,8128,8,72194,72194,72195,,,,72222,72205,72212,8,1:7,72213,72220,8,1:7,72214,72221,8,1:7,,,0,,,,0,,,,0,,,,0,,1,10,7,9,1,,,,
asymmetric,4,1031,25,a,7,24,8192,8,72225,72225,72226,,,,72253,72236,72243,8,1:7,72244,72251,8,1:7,72245,72252,8,1:7,,,0,,,,0,,,,0,,,,0,,1,10,7,9,1,,,,
asymmetric,4,1032,25,bt,0,0,18880,16,72261,72261,72262,,,,72305,72272,72287,16,1:15,72288,72303,16,1:15,72289,72304,16,1:15,,,0,,,,0,,,,0,,,,0,,1,10,15,17,1,,,,
asymmetric,4,1033,25,bt,0,16,19008,16,72308,72308,72309,,,,72352,72319,72334,16,1:15,72335,72350,16,1:15,72336,72351,16,1:15,,,0,,,,0,,,,0,,,,0,,1,10,15,17,1,,,,
asymmetric,4,1034,25,bt,1,0,19136,16,72355,72355,72356,,,,72399,72366,72381,16,1:15,72382,72397,16,1:15,72383,72398,16,1:15,,,0,,,,0,,,,0,,,,0,,1,10,15,17,1,,,,
asymmetric,4,1035,25,bt,1,16,19264,16,72402,72402,72403,,,,72446,72413,72428,16,1:15,72429,72444,16,1:15,72430,72445,16,1:15,,,0,,,,0,,,,0,,,,0,,1,10,15,17,1,,,,
asymmetric,4,1036,25,bt,2,0,19392,16,72449,72449,72450,,,,72493,72460,72475,16,1:15,72476,72491,16,1:15,72477,72492,16,1:15,,,0,,,,0,,,,0,,,,0,,1,10,15,17,1,,,,
asymmetric,4,1037,25,bt,2,16,19520,16,72496,72496,72497,,,,72540,72507,72522,16,1:15,72523,72538,16,1:15,72524,72539,16,1:15,,,0,,,,0,,,,0,,,,0,,1,10,15,17,1,,,,
asymmetric,4,1038,25,bt,3,0,19648,16,72543,72543,72544,,,,72587,72554,72569,16,1:15,72570,72585,16,1:15,72571,72586,16,1:15,,,0,,,,0,,,,0,,,,0,,1,10,15,17,1,,,,
asymmetric,4,1039,25,bt,3,16,19776,16,72590,72590,72591,,,,72634,72601,72616,16,1:15,72617,72632,16,1:15,72618,72633,16,1:15,,,0,,,,0,,,,0,,,,0,,1,10,15,17,1,,,,
asymmetric,4,1040,25,bt,4,0,19904,16,72637,72637,72638,,,,72681,72648,72663,16,1:15,72664,72679,16,1:15,72665,72680,16,1:15,,,0,,,,0,,,,0,,,,0,,1,10,15,17,1,,,,
asymmetric,4,1041,25,bt,4,16,20032,16,72684,72684,72685,,,,72728,72695,72710,16,1:15,72711,72726,16,1:15,72712,72727,16,1:15,,,0,,,,0,,,,0,,,,0,,1,10,15,17,1,,,,
asymmetric,4,1042,25,bt,5,0,20160,16,72731,72731,72732,,,,72775,72742,72757,16,1:15,72758,72773,16,1:15,72759,72774,16,1:15,,,0,,,,0,,,,0,,,,0,,1,10,15,17,1,,,,
asymmetric,4,1043,25,bt,5,16,20288,16,72778,72778,72779,,,,72822,72789,72804,16,1:15,72805,72820,16,1:15,72806,72821,16,1:15,,,0,,,,0,,,,0,,,,0,,1,10,15,17,1,,,,
asymmetric,4,1044,25,bt,6,0,20416,8,72825,72825,72826,,,,72853,72836,72843,8,1:7,72844,72851,8,1:7,72845,72852,8,1:7,,,0,,,,0,,,,0,,,,0,,1,10,7,9,1,,,,
asymmetric,4,1045,25,bt,6,8,20480,16,72856,72856,72857,,,,72900,72867,72882,16,1:15,72883,72898,16,1:15,72884,72899,16,1:15,,,0,,,,0,,,,0,,,,0,,1,10,15,17,1,,,,
asymmetric,4,1046,25,bt,6,24,20608,8,72903,72903,72904,,,,72931,72914,72921,8,1:7,72922,72929,8,1:7,72923,72930,8,1:7,,,0,,,,0,,,,0,,,,0,,1,10,7,9,1,,,,
asymmetric,4,1047,25,bt,7,0,20672,16,72934,72934,72935,,,,72978,72945,72960,16,1:15,72961,72976,16,1:15,72962,72977,16,1:15,,,0,,,,0,,,,0,,,,0,,1,10,15,17,1,,,,
asymmetric,4,1048,25,bt,7,16,20800,16,72981,72981,72982,,,,73025,72992,73007,16,1:15,73008,73023,16,1:15,73009,73024,16,1:15,,,0,,,,0,,,,0,,,,0,,1,10,15,17,1,,,,
asymmetric,4,1049,25,c,0,0,39264,4,74115,74115,,74132,74131,74143,74144,,,0,,,,0,,,,0,,74116,74128,4,4:3,74118,74130,4,4:3,74119,74131,4,4:3,74132,74135,4,1:3,,,,,,16,4,8,1
asymmetric,4,1050,25,c,1,0,39520,4,74147,74147,,74164,74163,74175,74176,,,0,,,,0,,,,0,,74148,74160,4,4:3,74150,74162,4,4:3,74151,74163,4,4:3,74164,74167,4,1:3,,,,,,16,4,8,1
asymmetric,4,1051,25,c,2,0,39776,4,74179,74179,,74196,74195,74207,74208,,,0,,,,0,,,,0,,74180,74192,4,4:3,74182,74194,4,4:3,74183,74195,4,4:3,74196,74199,4,1:3,,,,,,16,4,8,1
asymmetric,4,1052,25,c,3,0,40032,4,74211,74211,,74228,74227,74239,74240,,,0,,,,0,,,,0,,74212,74224,4,4:3,74214,74226,4,4:3,74215,74227,4,4:3,74228,74231,4,1:3,,,,,,16,4,8,1
asymmetric,4,1053,25,c,4,0,40288,4,74243,74243,,74260,74259,74271,74272,,,0,,,,0,,,,0,,74244,74256,4,4:3,74246,74258,4,4:3,74247,74259,4,4:3,74260,74263,4,1:3,,,,,,16,4,8,1
asymmetric,4,1054,25,c,5,0,40544,4,74275,74275,,74292,74291,74303,74304,,,0,,,,0,,,,0,,74276,74288,4,4:3,74278,74290,4,4:3,74279,74291,4,4:3,74292,74295,4,1:3,,,,,,16,4,8,1
asymmetric,4,1055,25,c,6,0,40800,4,74307,74307,,74324,74323,74335,74336,,,0,,,,0,,,,0,,74308,74320,4,4:3,74310,74322,4,4:3,74311,74323,4,4:3,74324,74327,4,1:3,,,,,,16,4,8,1
asymmetric,4,1056,25,c,7,0,41056,4,74339,74339,,74356,74355,74367,74368,,,0,,,,0,,,,0,,74340,74352,4,4:3,74342,74354,4,4:3,74343,74355,4,4:3,74356,74359,4,1:3,,,,,,16,4,8,1
asymmetric,4,1057,26,a,0,0,6208,16,74377,74377,74378,,,,74421,74388,74403,16,1:15,74404,74419,16,1:15,74405,74420,16,1:15,,,0,,,,0,,,,0,,,,0,,1,10,15,17,1,,,,
asymmetric,4,1058,26,a,0,16,6336,16,74424,74424,74425,,,,74468,74435,74450,16,1:15,74451,74466,16,1:15,74452,74467,16,1:15,,,0,,,,0,,,,0,,,,0,,1,10,15,17,1,,,,
asymmetric,4,1059,26,a,1,0,6464,16,74471,74471,74472,,,,74515,74482,74497,16,1:15,74498,74513,16,1:15,74499,74514,16,1:15,,,0,,,,0,,,,0,,,,0,,1,10,15,17,1,,,,
asymmetric,4,1060,26,a,1,16,6592,16,74518,74518,74519,,,,74562,74529,74544,16,1:15,74545,74560,16,1:15,74546,74561,16,1:15,,,0,,,,0,,,,0,,,,0,,1,10,15,17,1,,,,
asymmetric,4,1061,26,a,2,0,6720,16,74565,74565,74566,,,,74609,74576,74591,16,1:15,74592,74607,16,1:15,74593,74608,16,1:15,,,0,,,,0,,,,0,,,,0,,1,10,15,17,1,,,,
asymmetric,4,1062,26,a,2,16,6848,16,74612,74612,74613,,,,74656,74623,74638,16,1:15,74639,74654,16,1:15,74640,74655,16,1:15,,,0,,,,0,,,,0,,,,0,,1,10,15,17,1,,,,
asymmetric,4,1063,26,a,3,0,6976,16,74659,74659,74660,,,,74703,74670,74685,16,1:15,74686,74701,16,1:15,74687,74702,16,1:15,,,0,,,,0,,,,0,,,,0,,1,10,15,17,1,,,,
asymmetric,4,1064,26,a,3,16,7104,16,74706,74706,74707,,,,74750,74717,74732,16,1:15,74733,74748,16,1:15,74734,74749,16,1:15,,,0,,,,0,,,,0,,,,0,,1,10,15,17,1,,,,
asymmetric,4,1065,26,a,4,0,7232,16,74753,74753,74754,,,,74797,74764,74779,16,1:15,74780,74795,16,1:15,74781,74796,16,1:15,,,0,,,,0,,,,0,,,,0,,1,10,15,17,1,,,,
asymmetric,4,1066,26,a,4,16,7360,16,74800,74800,74801,,,,74844,74811,74826,16,1:15,74827,74842,16,1:15,74828,74843,16,1:15,,,0,,,,0,,,,0,,,,0,,1,10,15,17,1,,,,
asymmetric,4,1067,26,a,5,0,7488,16,74847,74847,74848,,,,74891,74858,74873,16,1:15,74874,74889,16,1:15,74875,74890,16,1:15,,,0,,,,0,,,,0,,,,0,,1,10,15,17,1,,,,
asymmetric,4,1068,26,a,5,16,7616,16,74894,74894,74895,,,,74938,74905,74920,16,1:15,74921,74936,16,1:15,74922,74937,16,1:15,,,0,,,,0,,,,0,,,,0,,1,10,15,17,1,,,,
asymmetric,4,1069,26,a,6,0,7744,16,74941,74941,74942,,,,74985,74952,74967,16,1:15,74968,74983,16,1:15,74969,74984,16,1:15,,,0,,,,0,,,,0,,,,0,,1,10,15,17,1,,,,
asymmetric,4,1070,26,a,6,16,7872,16,74988,74988,74989,,,,75032,74999,75014,16,1:15,75015,75030,16,1:15,75016,75031,16,1:15,,,0,,,,0,,,,0,,,,0,,1,10,15,17,1,,,,
asymmetric,4,1071,26,a,7,0,8000,16,75035,75035,75036,,,,75079,75046,75061,16,1:15,75062,75077,16,1:15,75063,75078,16,1:15,,,0,,,,0,,,,0,,,,0,,1,10,15,17,1,,,,
asymmetric,4,1072,26,a,7,16,8128,8,75082,75082,75083,,,,75110,75093,75100,8,1:7,75101,75108,8,1:7,75102,75109,8,1:7,,,0,,,,0,,,,0,,,,0,,1,10,7,9,1,,,,
asymmetric,4,1073,26,a,7,24,8192,8,75113,75113,75114,,,,75141,75124,75131,8,1:7,75132,75139,8,1:7,75133,75140,8,1:7,,,0,,,,0,,,,0,,,,0,,1,10,7,9,1,,,,
asymmetric,4,1074,26,bt,0,0,20928,16,75149,75149,75150,,,,75193,75160,75175,16,1:15,75176,75191,16,1:15,75177,75192,16,1:15,,,0,,,,0,,,,0,,,,0,,1,10,15,17,1,,,,
asymmetric,4,1075,26,bt,0,16,21056,16,75196,75196,75197,,,,75240,75207,75222,16,1:15,75223,75238,16,1:15,75224,75239,16,1:15,,,0,,,,0,,,,0,,,,0,,1,10,15,17,1,,,,
asymmetric,4,1076,26,bt,1,0,21184,16,75243,75243,75244,,,,75287,75254,75269,16,1:15,75270,75285,16,1:15,75271,75286,16,1:15,,,0,,,,0,,,,0,,,,0,,1,10,15,17,1,,,,
asymmetric,4,1077,26,bt,1,16,21312,16,75290,75290,75291,,,,75334,75301,75316,16,1:15,75317,75332,16,1:15,75318,75333,16,1:15,,,0,,,,0,,,,0,,,,0,,1,10,15,17,1,,,,
asymmetric,4,1078,26,bt,2,0,21440,16,75337,75337,75338,,,,75381,75348,75363,16,1:15,75364,75379,16,1:15,75365,75380,16,1:15,,,0,,,,0,,,,0,,,,0,,1,10,15,17,1,,,,
asymmetric,4,1079,26,bt,2,16,21568,16,75384,75384,75385,,,,75428,75395,75410,16,1:15,75411,75426,16,1:15,75412,75427,16,1:15,,,0,,,,0,,,,0,,,,0,,1,10,15,17,1,,,,
asymmetric,4,1080,26,bt,3,0,21696,16,75431,75431,75432,,,,75475,75442,75457,16,1:15,75458,75473,16,1:15,75459,75474,16,1:15,,,0,,,,0,,,,0,,,,0,,1,10,15,17,1,,,,
asymmetric,4,1081,26,bt,3,16,21824,16,75478,75478,75479,,,,75522,75489,75504,16,1:15,75505,75520,16,1:15,75506,75521,16,1:15,,,0,,,,0,,,,0,,,,0,,1,10,15,17,1,,,,
asymmetric,4,1082,26,bt,4,0,21952,16,75525,75525,75526,,,,75569,75536,75551,16,1:15,75552,75567,16,1:15,75553,75568,16,1:15,,,0,,,,0,,,,0,,,,0,,1,10,15,17,1,,,,
asymmetric,4,1083,26,bt,4,16,22080,16,75572,75572,75573,,,,75616,75583,75598,16,1:15,75599,75614,16,1:15,75600,75615,16,1:15,,,0,,,,0,,,,0,,,,0,,1,10,15,17,1,,,,
asymmetric,4,1084,26,bt,5,0,22208,16,75619,75619,75620,,,,75663,75630,75645,16,1:15,75646,75661,16,1:15,75647,75662,16,1:15,,,0,,,,0,,,,0,,,,0,,1,10,15,17,1,,,,
asymmetric,4,1085,26,bt,5,16,22336,16,75666,75666,75667,,,,75710,75677,75692,16,1:15,75693,75708,16,1:15,75694,75709,16,1:15,,,0,,,,0,,,,0,,,,0,,1,10,15,17,1,,,,
asymmetric,4,1086,26,bt,6,0,22464,16,75713,75713,75714,,,,75757,75724,75739,16,1:15,75740,75755,16,1:15,75741,75756,16,1:15,,,0,,,,0,,,,0,,,,0,,1,10,15,17,1,,,,
asymmetric,4,1087,26,bt,6,16,22592,16,75760,75760,75761,,,,75804,75771,75786,16,1:15,75787,75802,16,1:15,75788,75803,16,1:15,,,0,,,,0,,,,0,,,,0,,1,10,15,17,1,,,,
asymmetric,4,1088,26,bt,7,0,22720,16,75807,75807,75808,,,,75851,75818,75833,16,1:15,75834,75849,16,1:15,75835,75850,16,1:15,,,0,,,,0,,,,0,,,,0,,1,10,15,17,1,,,,
asymmetric,4,1089,26,bt,7,16,22848,16,75854,75854,75855,,,,75898,75865,75880,16,1:15,75881,75896,16,1:15,75882,75897,16,1:15,,,0,,,,0,,,,0,,,,0,,1,10,15,17,1,,,,
asymmetric,4,1090,26,c,0,0,39296,4,76988,76988,,77005,77004,77016,77017,,,0,,,,0,,,,0,,76989,77001,4,4:3,76991,77003,4,4:3,76992,77004,4,4:3,77005,77008,4,1:3,,,,,,16,4,8,1
asymmetric,4,1091,26,c,1,0,39552,4,77020,77020,,77037,77036,77048,77049,,,0,,,,0,,,,0,,77021,77033,4,4:3,77023,77035,4,4:3,77024,77036,4,4:3,77037,77040,4,1:3,,,,,,16,4,8,1
asymmetric,4,1092,26,c,2,0,39808,4,77052,77052,,77069,77068,77080,77081,,,0,,,,0,,,,0,,77053,77065,4,4:3,77055,77067,4,4:3,77056,77068,4,4:3,77069,77072,4,1:3,,,,,,16,4,8,1
asymmetric,4,1093,26,c,3,0,40064,4,77084,77084,,77101,77100,77112,77113,,,0,,,,0,,,,0,,77085,77097,4,4:3,77087,77099,4,4:3,77088,77100,4,4:3,77101,77104,4,1:3,,,,,,16,4,8,1
asymmetric,4,1094,26,c,4,0,40320,4,77116,77116,,77133,77132,77144,77145,,,0,,,,0,,,,0,,77117,77129,4,4:3,77119,77131,4,4:3,77120,77132,4,4:3,77133,77136,4,1:3,,,,,,16,4,8,1
asymmetric,4,1095,26,c,5,0,40576,4,77148,77148,,77165,77164,77176,77177,,,0,,,,0,,,,0,,77149,77161,4,4:3,77151,77163,4,4:3,77152,77164,4,4:3,77165,77168,4,1:3,,,,,,16,4,8,1
asymmetric,4,1096,26,c,6,0,40832,4,77180,77180,,77197,77196,77208,77209,,,0,,,,0,,,,0,,77181,77193,4,4:3,77183,77195,4,4:3,77184,77196,4,4:3,77197,77200,4,1:3,,,,,,16,4,8,1
asymmetric,4,1097,26,c,7,0,41088,4,77212,77212,,77229,77228,77240,77241,,,0,,,,0,,,,0,,77213,77225,4,4:3,77215,77227,4,4:3,77216,77228,4,4:3,77229,77232,4,1:3,,,,,,16,4,8,1
asymmetric,4,1098,27,a,0,0,6208,16,77250,77250,77251,,,,77294,77261,77276,16,1:15,77277,77292,16,1:15,77278,77293,16,1:15,,,0,,,,0,,,,0,,,,0,,1,10,15,17,1,,,,
asymmetric,4,1099,27,a,0,16,6336,16,77297,77297,77298,,,,77341,77308,77323,16,1:15,77324,77339,16,1:15,77325,77340,16,1:15,,,0,,,,0,,,,0,,,,0,,1,10,15,17,1,,,,
asymmetric,4,1100,27,a,1,0,6464,16,77344,77344,77345,,,,77388,77355,77370,16,1:15,77371,77386,16,1:15,77372,77387,16,1:15,,,0,,,,0,,,,0,,,,0,,1,10,15,17,1,,,,
asymmetric,4,1101,27,a,1,16,6592,16,77391,77391,77392,,,,77435,77402,77417,16,1:15,77418,77433,16,1:15,77419,77434,16,1:15,,,0,,,,0,,,,0,,,,0,,1,10,15,17,1,,,,
asymmetric,4,1102,27,a,2,0,6720,16,77438,77438,77439,,,,77482,77449,77464,16,1:15,77465,77480,16,1:15,77466,77481,16,1:15,,,0,,,,0,,,,0,,,,0,,1,10,15,17,1,,,,
asymmetric,4,1103,27,a,2,16,6848,16,77485,77485,77486,,,,77529,77496,77511,16,1:15,77512,77527,16,1:15,77513,77528,16,1:15,,,0,,,,0,,,,0,,,,0,,1,10,15,17,1,,,,
asymmetric,4,1104,27,a,3,0,6976,16,77532,77532,77533,,,,77576,77543,77558,16,1:15,77559,77574,16,1:15,77560,77575,16,1:15,,,0,,,,0,,,,0,,,,0,,1,10,15,17,1,,,,
asymmetric,4,1105,27,a,3,16,7104,16,77579,77579,77580,,,,77623,77590,77605,16,1:15,77606,77621,16,1:15,77607,77622,16,1:15,,,0,,,,0,,,,0,,,,0,,1,10,15,17,1,,,,
asymmetric,4,1106,27,a,4,0,7232,16,77626,77626,77627,,,,77670,77637,77652,16,1:15,77653,77668,16,1:15,77654,77669,16,1:15,,,0,,,,0,,,,0,,,,0,,1,10,15,17,1,,,,
asymmetric,4,1107,27,a,4,16,7360,16,77673,77673,77674,,,,77717,77684,77699,16,1:15,77700,77715,16,1:15,77701,77716,16,1:15,,,0,,,,0,,,,0,,,,0,,1,10,15,17,1,,,,
asymmetric,4,1108,27,a,5,0,7488,16,77720,77720,77721,,,,77764,77731,77746,16,1:15,77747,77762,16,1:15,77748,77763,16,1:15,,,0,,,,0,,,,0,,,,0,,1,10,15,17,1,,,,
asymmetric,4,1109,27,a,5,16,7616,16,77767,77767,77768,,,,77811,77778,77793,16,1:15,77794,77809,16,1:15,77795,77810,16,1:15,,,0,,,,0,,,,0,,,,0,,1,10,15,17,1,,,,
asymmetric,4,1110,27,a,6,0,7744,16,77814,77814,77815,,,,77858,77825,77840,16,1:15,77841,77856,16,1:15,77842,77857,16,1:15,,,0,,,,0,,,,0,,,,0,,1,10,15,17,1,,,,
asymmetric,4,1111,27,a,6,16,7872,16,77861,77861,77862,,,,77905,77872,77887,16,1:15,77888,77903,16,1:15,77889,77904,16,1:15,,,0,,,,0,,,,0,,,,0,,1,10,15,17,1,,,,
asymmetric,4,1112,27,a,7,0,8000,16,77908,77908,77909,,,,77952,77919,77934,16,1:15,77935,77950,16,1:15,77936,77951,16,1:15,,,0,,,,0,,,,0,,,,0,,1,10,15,17,1,,,,
asymmetric,4,1113,27,a,7,16,8128,8,77955,77955,77956,,,,77983,77966,77973,8,1:7,77974,77981,8,1:7,77975,77982,8,1:7,,,0,,,,0,,,,0,,,,0,,1,10,7,9,1,,,,
asymmetric,4,1114,27,a,7,24,8192,8,77986,77986,77987,,,,78014,77997,78004,8,1:7,78005,78012,8,1:7,78006,78013,8,1:7,,,0,,,,0,,,,0,,,,0,,1,10,7,9,1,,,,
asymmetric,4,1115,27,bt,0,0,22976,16,78022,78022,78023,,,,78066,78033,78048,16,1:15,78049,78064,16,1:15,78050,78065,16,1:15,,,0,,,,0,,,,0,,,,0,,1,10,15,17,1,,,,
asymmetric,4,1116,27,bt,0,16,23104,16,78069,78069,78070,,,,78113,78080,78095,16,1:15,78096,78111,16,1:15,78097,78112,16,1:15,,,0,,,,0,,,,0,,,,0,,1,10,15,17,1,,,,
asymmetric,4,1117,27,bt,1,0,23232,16,78116,78116,78117,,,,78160,78127,78142,16,1:15,78143,78158,16,1:15,78144,78159,16,1:15,,,0,,,,0,,,,0,,,,0,,1,10,15,17,1,,,,
asymmetric,4,1118,27,bt,1,16,23360,16,78163,78163,78164,,,,78207,78174,78189,16,1:15,78190,78205,16,1:15,78191,78206,16,1:15,,,0,,,,0,,,,0,,,,0,,1,10,15,17,1,,,,
asymmetric,4,1119,27,bt,2,0,23488,16,78210,78210,78211,,,,78254,78221,78236,16,1:15,78237,78252,16,1:15,78238,78253,16,1:15,,,0,,,,0,,,,0,,,,0,,1,10,15,17,1,,,,
asymmetric,4,1120,27,bt,2,16,23616,16,78257,78257,78258,,,,78301,78268,78283,16,1:15,78284,78299,16,1:15,78285,78300,16,1:15,,,0,,,,0,,,,0,,,,0,,1,10,15,17,1,,,,
asymmetric,4,1121,27,bt,3,0,23744,16,78304,78304,78305,,,,78348,78315,78330,16,1:15,78331,78346,16,1:15,78332,78347,16,1:15,,,0,,,,0,,,,0,,,,0,,1,10,15,17,1,,,,
asymmetric,4,1122,27,bt,3,16,23872,16,78351,78351,78352,,,,78395,78362,78377,16,1:15,78378,78393,16,1:15,78379,78394,16,1:15,,,0,,,,0,,,,0,,,,0,,1,10,15,17,1,,,,
asymmetric,4,1123,27,bt,4,0,24000,16,78398,78398,78399,,,,78442,78409,78424,16,1:15,78425,78440,16,1:15,78426,78441,16,1:15,,,0,,,,0,,,,0,,,,0,,1,10,15,17,1,,,,
asymmetric,4,1124,27,bt,4,16,24128,16,78445,78445,78446,,,,78489,78456,78471,16,1:15,78472,78487,16,1:15,78473,78488,16,1:15,,,0,,,,0,,,,0,,,,0,,1,10,15,17,1,,,,
asymmetric,4,1125,27,bt,5,0,24256,16,78492,78492,78493,,,,78536,78503,78518,16,1:15,78519,78534,16,1:15,78520,78535,16,1:15,,,0,,,,0,,,,0,,,,0,,1,10,15,17,1,,,,
asymmetric,4,1126,27,bt,5,16,24384,16,78539,78539,78540,,,,78583,78550,78565,16,1:15,78566,78581,16,1:15,78567,78582,16,1:15,,,0,,,,0,,,,0,,,,0,,1,10,15,17,1,,,,
asymmetric,4,1127,27,bt,6,0,24512,8,78586,78586,78587,,,,78614,78597,78604,8,1:7,78605,78612,8,1:7,78606,78613,8,1:7,,,0,,,,0,,,,0,,,,0,,1,10,7,9,1,,,,
asymmetric,4,1128,27,bt,6,8,24576,16,78617,78617,78618,,,,78661,78628,78643,16,1:15,78644,78659,16,1:15,78645,78660,16,1:15,,,0,,,,0,,,,0,,,,0,,1,10,15,17,1,,,,
asymmetric,4,1129,27,bt,6,24,24704,8,78664,78664,78665,,,,78692,78675,78682,8,1:7,78683,78690,8,1:7,78684,78691,8,1:7,,,0,,,,0,,,,0,,,,0,,1,10,7,9,1,,,,
asymmetric,4,1130,27,bt,7,0,24768,16,78695,78695,78696,,,,78739,78706,78721,16,1:15,78722,78737,16,1:15,78723,78738,16,1:15,,,0,,,,0,,,,0,,,,0,,1,10,15,17,1,,,,
asymmetric,4,1131,27,bt,7,16,24896,16,78742,78742,78743,,,,78786,78753,78768,16,1:15,78769,78784,16,1:15,78770,78785,16,1:15,,,0,,,,0,,,,0,,,,0,,1,10,15,17,1,,,,
asymmetric,4,1132,27,c,0,0,39328,4,79876,79876,,79893,79892,79904,79905,,,0,,,,0,,,,0,,79877,79889,4,4:3,79879,79891,4,4:3,79880,79892,4,4:3,79893,79896,4,1:3,,,,,,16,4,8,1
asymmetric,4,1133,27,c,1,0,39584,4,79908,79908,,79925,79924,79936,79937,,,0,,,,0,,,,0,,79909,79921,4,4:3,79911,79923,4,4:3,79912,79924,4,4:3,79925,79928,4,1:3,,,,,,16,4,8,1
asymmetric,4,1134,27,c,2,0,39840,4,79940,79940,,79957,79956,79968,79969,,,0,,,,0,,,,0,,79941,79953,4,4:3,79943,79955,4,4:3,79944,79956,4,4:3,79957,79960,4,1:3,,,,,,16,4,8,1
asymmetric,4,1135,27,c,3,0,40096,4,79972,79972,,79989,79988,80000,80001,,,0,,,,0,,,,0,,79973,79985,4,4:3,79975,79987,4,4:3,79976,79988,4,4:3,79989,79992,4,1:3,,,,,,16,4,8,1
asymmetric,4,1136,27,c,4,0,40352,4,80004,80004,,80021,80020,80032,80033,,,0,,,,0,,,,0,,80005,80017,4,4:3,80007,80019,4,4:3,80008,80020,4,4:3,80021,80024,4,1:3,,,,,,16,4,8,1
asymmetric,4,1137,27,c,5,0,40608,4,80036,80036,,80053,80052,80064,80065,,,0,,,,0,,,,0,,80037,80049,4,4:3,80039,80051,4,4:3,80040,80052,4,4:3,80053,80056,4,1:3,,,,,,16,4,8,1
asymmetric,4,1138,27,c,6,0,40864,4,80068,80068,,80085,80084,80096,80097,,,0,,,,0,,,,0,,80069,80081,4,4:3,80071,80083,4,4:3,80072,80084,4,4:3,80085,80088,4,1:3,,,,,,16,4,8,1
asymmetric,4,1139,27,c,7,0,41120,4,80100,80100,,80117,80116,80128,80129,,,0,,,,0,,,,0,,80101,80113,4,4:3,80103,80115,4,4:3,80104,80116,4,4:3,80117,80120,4,1:3,,,,,,16,4,8,1
asymmetric,4,1140,28,a,0,0,6208,16,80138,80138,80139,,,,80182,80149,80164,16,1:15,80165,80180,16,1:15,80166,80181,16,1:15,,,0,,,,0,,,,0,,,,0,,1,10,15,17,1,,,,
asymmetric,4,1141,28,a,0,16,6336,16,80185,80185,80186,,,,80229,80196,80211,16,1:15,80212,80227,16,1:15,80213,80228,16,1:15,,,0,,,,0,,,,0,,,,0,,1,10,15,17,1,,,,
asymmetric,4,1142,28,a,1,0,6464,16,80232,80232,80233,,,,80276,80243,80258,16,1:15,80259,80274,16,1:15,80260,80275,16,1:15,,,0,,,,0,,,,0,,,,0,,1,10,15,17,1,,,,
asymmetric,4,1143,28,a,1,16,6592,16,80279,80279,80280,,,,80323,80290,80305,16,1:15,80306,80321,16,1:15,80307,80322,16,1:15,,,0,,,,0,,,,0,,,,0,,1,10,15,17,1,,,,
asymmetric,4,1144,28,a,2,0,6720,16,80326,80326,80327,,,,80370,80337,80352,16,1:15,80353,80368,16,1:15,80354,80369,16,1:15,,,0,,,,0,,,,0,,,,0,,1,10,15,17,1,,,,
asymmetric,4,1145,28,a,2,16,6848,16,80373,80373,80374,,,,80417,80384,80399,16,1:15,80400,80415,16,1:15,80401,80416,16,1:15,,,0,,,,0,,,,0,,,,0,,1,10,15,17,1,,,,
asymmetric,4,1146,28,a,3,0,6976,16,80420,80420,80421,,,,80464,80431,80446,16,1:15,80447,80462,16,1:15,80448,80463,16,1:15,,,0,,,,0,,,,0,,,,0,,1,10,15,17,1,,,,
asymmetric,4,1147,28,a,3,16,7104,16,80467,80467,80468,,,,80511,80478,80493,16,1:15,80494,80509,16,1:15,80495,80510,16,1:15,,,0,,,,0,,,,0,,,,0,,1,10,15,17,1,,,,
asymmetric,4,1148,28,a,4,0,7232,16,80514,80514,80515,,,,80558,80525,80540,16,1:15,80541,80556,16,1:15,80542,80557,16,1:15,,,0,,,,0,,,,0,,,,0,,1,10,15,17,1,,,,
asymmetric,4,1149,28,a,4,16,7360,16,80561,80561,80562,,,,80605,80572,80587,16,1:15,80588,80603,16,1:15,80589,80604,16,1:15,,,0,,,,0,,,,0,,,,0,,1,10,15,17,1,,,,
asymmetric,4,1150,28,a,5,0,7488,16,80608,80608,80609,,,,80652,80619,80634,16,1:15,80635,80650,16,1:15,80636,80651,16,1:15,,,0,,,,0,,,,0,,,,0,,1,10,15,17,1,,,,
asymmetric,4,1151,28,a,5,16,7616,16,80655,80655,80656,,,,80699,80666,80681,16,1:15,80682,80697,16,1:15,80683,80698,16,1:15,,,0,,,,0,,,,0,,,,0,,1,10,15,17,1,,,,
asymmetric,4,1152,28,a,6,0,7744,16,80702,80702,80703,,,,80746,80713,80728,16,1:15,80729,80744,16,1:15,80730,80745,16,1:15,,,0,,,,0,,,,0,,,,0,,1,10,15,17,1,,,,
asymmetric,4,1153,28,a,6,16,7872,16,80749,80749,80750,,,,80793,80760,80775,16,1:15,80776,80791,16,1:15,80777,80792,16,1:15,,,0,,,,0,,,,0,,,,0,,1,10,15,17,1,,,,
asymmetric,4,1154,28,a,7,0,8000,16,80796,80796,80797,,,,80840,80807,80822,16,1:15,80823,80838,16,1:15,80824,80839,16,1:15,,,0,,,,0,,,,0,,,,0,,1,10,15,17,1,,,,
asymmetric,4,1155,28,a,7,16,8128,8,80843,80843,80844,,,,80871,80854,80861,8,1:7,80862,80869,8,1:7,80863,80870,8,1:7,,,0,,,,0,,,,0,,,,0,,1,10,7,9,1,,,,
asymmetric,4,1156,28,a,7,24,8192,8,80874,80874,80875,,,,80902,80885,80892,8,1:7,80893,80900,8,1:7,80894,80901,8,1:7,,,0,,,,0,,,,0,,,,0,,1,10,7,9,1,,,,
asymmetric,4,1157,28,bt,0,0,25024,16,80910,80910,80911,,,,80954,80921,80936,16,1:15,80937,80952,16,1:15,80938,80953,16,1:15,,,0,,,,0,,,,0,,,,0,,1,10,15,17,1,,,,
asymmetric,4,1158,28,bt,0,16,25152,16,80957,80957,80958,,,,81001,80968,80983,16,1:15,80984,80999,16,1:15,80985,81000,16,1:15,,,0,,,,0,,,,0,,,,0,,1,10,15,17,1,,,,
asymmetric,4,1159,28,bt,1,0,25280,16,81004,81004,81005,,,,81048,81015,81030,16,1:15,81031,81046,16,1:15,81032,81047,16,1:15,,,0,,,,0,,,,0,,,,0,,1,10,15,17,1,,,,
asymmetric,4,1160,28,bt,1,16,25408,16,81051,81051,81052,,,,81095,81062,81077,16,1:15,81078,81093,16,1:15,81079,81094,16,1:15,,,0,,,,0,,,,0,,,,0,,1,10,15,17,1,,,,
asymmetric,4,1161,28,bt,2,0,25536,16,81098,81098,81099,,,,81142,81109,81124,16,1:15,81125,81140,16,1:15,81126,81141,16,1:15,,,0,,,,0,,,,0,,,,0,,1,10,15,17,1,,,,
asymmetric,4,1162,28,bt,2,16,25664,16,81145,81145,81146,,,,81189,81156,81171,16,1:15,81172,81187,16,1:15,81173,81188,16,1:15,,,0,,,,0,,,,0,,,,0,,1,10,15,17,1,,,,
asymmetric,4,1163,28,bt,3,0,25792,16,81192,81192,81193,,,,81236,81203,81218,16,1:15,81219,81234,16,1:15,81220,81235,16,1:15,,,0,,,,0,,,,0,,,,0,,1,10,15,17,1,,,,
asymmetric,4,1164,28,bt,3,16,25920,16,81239,81239,81240,,,,81283,81250,81265,16,1:15,81266,81281,16,1:15,81267,81282,16,1:15,,,0,,,,0,,,,0,,,,0,,1,10,15,17,1,,,,
asymmetric,4,1165,28,bt,4,0,26048,16,81286,81286,81287,,,,81330,81297,81312,16,1:15,81313,81328,16,1:15,81314,81329,16,1:15,,,0,,,,0,,,,0,,,,0,,1,10,15,17,1,,,,
asymmetric,4,1166,28,bt,4,16,26176,16,81333,81333,81334,,,,81377,81344,81359,16,1:15,81360,81375,16,1:15,81361,81376,16,1:15,,,0,,,,0,,,,0,,,,0,,1,10,15,17,1,,,,
asymmetric,4,1167,28,bt,5,0,26304,16,81380,81380,81381,,,,81424,81391,81406,16,1:15,81407,81422,16,1:15,81408,81423,16,1:15,,,0,,,,0,,,,0,,,,0,,1,10,15,17,1,,,,
asymmetric,4,1168,28,bt,5,16,26432,16,81427,81427,81428,,,,81471,81438,81453,16,1:15,81454,81469,16,1:15,81455,81470,16,1:15,,,0,,,,0,,,,0,,,,0,,1,10,15,17,1,,,,
asymmetric,4,1169,28,bt,6,0,26560,16,81474,81474,81475,,,,81518,81485,81500,16,1:15,81501,81516,16,1:15,81502,81517,16,1:15,,,0,,,,0,,,,0,,,,0,,1,10,15,17,1,,,,
asymmetric,4,1170,28,bt,6,16,26688,16,81521,81521,81522,,,,81565,81532,81547,16,1:15,81548,81563,16,1:15,81549,81564,16,1:15,,,0,,,,0,,,,0,,,,0,,1,10,15,17,1,,,,
asymmetric,4,1171,28,bt,7,0,26816,16,81568,81568,81569,,,,81612,81579,81594,16,1:15,81595,81610,16,1:15,81596,81611,16,1:15,,,0,,,,0,,,,0,,,,0,,1,10,15,17,1,,,,
asymmetric,4,1172,28,bt,7,16,26944,16,81615,81615,81616,,,,81659,81626,81641,16,1:15,81642,81657,16,1:15,81643,81658,16,1:15,,,0,,,,0,,,,0,,,,0,,1,10,15,17,1,,,,
asymmetric,4,1173,28,c,0,0,39360,4,82749,82749,,82766,82765,82777,82778,,,0,,,,0,,,,0,,82750,82762,4,4:3,82752,82764,4,4:3,82753,82765,4,4:3,82766,82769,4,1:3,,,,,,16,4,8,1
asymmetric,4,1174,28,c,1,0,39616,4,82781,82781,,82798,82797,82809,82810,,,0,,,,0,,,,0,,82782,82794,4,4:3,82784,82796,4,4:3,82785,82797,4,4:3,82798,82801,4,1:3,,,,,,16,4,8,1
asymmetric,4,1175,28,c,2,0,39872,4,82813,82813,,82830,82829,82841,82842,,,0,,,,0,,,,0,,82814,82826,4,4:3,82816,82828,4,4:3,82817,82829,4,4:3,82830,82833,4,1:3,,,,,,16,4,8,1
asymmetric,4,1176,28,c,3,0,40128,4,82845,82845,,82862,82861,82873,82874,,,0,,,,0,,,,0,,82846,82858,4,4:3,82848,82860,4,4:3,82849,82861,4,4:3,82862,82865,4,1:3,,,,,,16,4,8,1
asymmetric,4,1177,28,c,4,0,40384,4,82877,82877,,82894,82893,82905,82906,,,0,,,,0,,,,0,,82878,82890,4,4:3,82880,82892,4,4:3,82881,82893,4,4:3,82894,82897,4,1:3,,,,,,16,4,8,1
asymmetric,4,1178,28,c,5,0,40640,4,82909,82909,,82926,82925,82937,82938,,,0,,,,0,,,,0,,82910,82922,4,4:3,82912,82924,4,4:3,82913,82925,4,4:3,82926,82929,4,1:3,,,,,,16,4,8,1
asymmetric,4,1179,28,c,6,0,40896,4,82941,82941,,82958,82957,82969,82970,,,0,,,,0,,,,0,,82942,82954,4,4:3,82944,82956,4,4:3,82945,82957,4,4:3,82958,82961,4,1:3,,,,,,16,4,8,1
asymmetric,4,1180,28,c,7,0,41152,4,82973,82973,,82990,82989,83001,83002,,,0,,,,0,,,,0,,82974,82986,4,4:3,82976,82988,4,4:3,82977,82989,4,4:3,82990,82993,4,1:3,,,,,,16,4,8,1
asymmetric,4,1181,29,a,0,0,6208,16,83011,83011,83012,,,,83055,83022,83037,16,1:15,83038,83053,16,1:15,83039,83054,16,1:15,,,0,,,,0,,,,0,,,,0,,1,10,15,17,1,,,,
asymmetric,4,1182,29,a,0,16,6336,16,83058,83058,83059,,,,83102,83069,83084,16,1:15,83085,83100,16,1:15,83086,83101,16,1:15,,,0,,,,0,,,,0,,,,0,,1,10,15,17,1,,,,
asymmetric,4,1183,29,a,1,0,6464,16,83105,83105,83106,,,,83149,83116,83131,16,1:15,83132,83147,16,1:15,83133,83148,16,1:15,,,0,,,,0,,,,0,,,,0,,1,10,15,17,1,,,,
asymmetric,4,1184,29,a,1,16,6592,16,83152,83152,83153,,,,83196,83163,83178,16,1:15,83179,83194,16,1:15,83180,83195,16,1:15,,,0,,,,0,,,,0,,,,0,,1,10,15,17,1,,,,
asymmetric,4,1185,29,a,2,0,6720,16,83199,83199,83200,,,,83243,83210,83225,16,1:15,83226,83241,16,1:15,83227,83242,16,1:15,,,0,,,,0,,,,0,,,,0,,1,10,15,17,1,,,,
asymmetric,4,1186,29,a,2,16,6848,16,83246,83246,83247,,,,83290,83257,83272,16,1:15,83273,83288,16,1:15,83274,83289,16,1:15,,,0,,,,0,,,,0,,,,0,,1,10,15,17,1,,,,
asymmetric,4,1187,29,a,3,0,6976,16,83293,83293,83294,,,,83337,83304,83319,16,1:15,83320,83335,16,1:15,83321,83336,16,1:15,,,0,,,,0,,,,0,,,,0,,1,10,15,17,1,,,,
asymmetric,4,1188,29,a,3,16,7104,16,83340,83340,83341,,,,83384,83351,83366,16,1:15,83367,83382,16,1:15,83368,83383,16,1:15,,,0,,,,0,,,,0,,,,0,,1,10,15,17,1,,,,
asymmetric,4,1189,29,a,4,0,7232,16,83387,83387,83388,,,,83431,83398,83413,16,1:15,83414,83429,16,1:15,83415,83430,16,1:15,,,0,,,,0,,,,0,,,,0,,1,10,15,17,1,,,,
asymmetric,4,1190,29,a,4,16,7360,16,83434,83434,83435,,,,83478,83445,83460,16,1:15,83461,83476,16,1:15,83462,83477,16,1:15,,,0,,,,0,,,,0,,,,0,,1,10,15,17,1,,,,
asymmetric,4,1191,29,a,5,0,7488,16,83481,83481,83482,,,,83525,83492,83507,16,1:15,83508,83523,16,1:15,83509,83524,16,1:15,,,0,,,,0,,,,0,,,,0,,1,10,15,17,1,,,,
asymmetric,4,1192,29,a,5,16,7616,16,83528,83528,83529,,,,83572,83539,83554,16,1:15,83555,83570,16,1:15,83556,83571,16,1:15,,,0,,,,0,,,,0,,,,0,,1,10,15,17,1,,,,
asymmetric,4,1193,29,a,6,0,7744,16,83575,83575,83576,,,,83619,83586,83601,16,1:15,83602,83617,16,1:15,83603,83618,16,1:15,,,0,,,,0,,,,0,,,,0,,1,10,15,17,1,,,,
asymmetric,4,1194,29,a,6,16,7872,16,83622,83622,83623,,,,83666,83633,83648,16,1:15,83649,83664,16,1:15,83650,83665,16,1:15,,,0,,,,0,,,,0,,,,0,,1,10,15,17,1,,,,
asymmetric,4,1195,29,a,7,0,8000,16,83669,83669,83670,,,,83713,83680,83695,16,1:15,83696,83711,16,1:15,83697,83712,16,1:15,,,0,,,,0,,,,0,,,,0,,1,10,15,17,1,,,,
asymmetric,4,1196,29,a,7,16,8128,8,83716,83716,83717,,,,83744,83727,83734,8,1:7,83735,83742,8,1:7,83736,83743,8,1:7,,,0,,,,0,,,,0,,,,0,,1,10,7,9,1,,,,
asymmetric,4,1197,29,a,7,24,8192,8,83747,83747,83748,,,,83775,83758,83765,8,1:7,83766,83773,8,1:7,83767,83774,8,1:7,,,0,,,,0,,,,0,,,,0,,1,10,7,9,1,,,,
asymmetric,4,1198,29,bt,0,0,27072,16,83783,83783,83784,,,,83827,83794,83809,16,1:15,83810,83825,16,1:15,83811,83826,16,1:15,,,0,,,,0,,,,0,,,,0,,1,10,15,17,1,,,,
asymmetric,4,1199,29,bt,0,16,27200,16,83830,83830,83831,,,,83874,83841,83856,16,1:15,83857,83872,16,1:15,83858,83873,16,1:15,,,0,,,,0,,,,0,,,,0,,1,10,15,17,1,,,,
asymmetric,4,1200,29,bt,1,0,27328,16,83877,83877,83878,,,,83921,83888,83903,16,1:15,83904,83919,16,1:15,83905,83920,16,1:15,,,0,,,,0,,,,0,,,,0,,1,10,15,17,1,,,,
asymmetric,4,1201,29,bt,1,16,27456,16,83924,83924,83925,,,,83968,83935,83950,16,1:15,83951,83966,16,1:15,83952,83967,16,1:15,,,0,,,,0,,,,0,,,,0,,1,10,15,17,1,,,,
asymmetric,4,1202,29,bt,2,0,27584,16,83971,83971,83972,,,,84015,83982,83997,16,1:15,83998,84013,16,1:15,83999,84014,16,1:15,,,0,,,,0,,,,0,,,,0,,1,10,15,17,1,,,,
asymmetric,4,1203,29,bt,2,16,27712,16,84018,84018,84019,,,,84062,84029,84044,16,1:15,84045,84060,16,1:15,84046,84061,16,1:15,,,0,,,,0,,,,0,,,,0,,1,10,15,17,1,,,,
asymmetric,4,1204,29,bt,3,0,27840,16,84065,84065,84066,,,,84109,84076,84091,16,1:15,84092,84107,16,1:15,84093,84108,16,1:15,,,0,,,,0,,,,0,,,,0,,1,10,15,17,1,,,,
asymmetric,4,1205,29,bt,3,16,27968,16,84112,84112,84113,,,,84156,84123,84138,16,1:15,84139,84154,16,1:15,84140,84155,16,1:15,,,0,,,,0,,,,0,,,,0,,1,10,15,17,1,,,,
asymmetric,4,1206,29,bt,4,0,28096,16,84159,84159,84160,,,,84203,84170,84185,16,1:15,84186,84201,16,1:15,84187,84202,16,1:15,,,0,,,,0,,,,0,,,,0,,1,10,15,17,1,,,,
asymmetric,4,1207,29,bt,4,16,28224,16,84206,84206,84207,,,,84250,84217,84232,16,1:15,84233,84248,16,1:15,84234,84249,16,1:15,,,0,,,,0,,,,0,,,,0,,1,10,15,17,1,,,,
asymmetric,4,1208,29,bt,5,0,28352,16,84253,84253,84254,,,,84297,84264,84279,16,1:15,84280,84295,16,1:15,84281,84296,16,1:15,,,0,,,,0,,,,0,,,,0,,1,10,15,17,1,,,,
asymmetric,4,1209,29,bt,5,16,28480,16,84300,84300,84301,,,,84344,84311,84326,16,1:15,84327,84342,16,1:15,84328,84343,16,1:15,,,0,,,,0,,,,0,,,,0,,1,10,15,17,1,,,,
asymmetric,4,1210,29,bt,6,0,28608,8,84347,84347,84348,,,,84375,84358,84365,8,1:7,84366,84373,8,1:7,84367,84374,8,1:7,,,0,,,,0,,,,0,,,,0,,1,10,7,9,1,,,,
asymmetric,4,1211,29,bt,6,8,28672,16,84378,84378,84379,,,,84422,84389,84404,16,1:15,84405,84420,16,1:15,84406,84421,16,1:15,,,0,,,,0,,,,0,,,,0,,1,10,15,17,1,,,,
asymmetric,4,1212,29,bt,6,24,28800,8,84425,84425,84426,,,,84453,84436,84443,8,1:7,84444,84451,8,1:7,84445,84452,8,1:7,,,0,,,,0,,,,0,,,,0,,1,10,7,9,1,,,,
asymmetric,4,1213,29,bt,7,0,28864,16,84456,84456,84457,,,,84500,84467,84482,16,1:15,84483,84498,16,1:15,84484,84499,16,1:15,,,0,,,,0,,,,0,,,,0,,1,10,15,17,1,,,,
asymmetric,4,1214,29,bt,7,16,28992,16,84503,84503,84504,,,,84547,84514,84529,16,1:15,84530,84545,16,1:15,84531,84546,16,1:15,,,0,,,,0,,,,0,,,,0,,1,10,15,17,1,,,,
asymmetric,4,1215,29,c,0,0,39392,4,85637,85637,,85654,85653,85665,85666,,,0,,,,0,,,,0,,85638,85650,4,4:3,85640,85652,4,4:3,85641,85653,4,4:3,85654,85657,4,1:3,,,,,,16,4,8,1
asymmetric,4,1216,29,c,1,0,39648,4,85669,85669,,85686,85685,85697,85698,,,0,,,,0,,,,0,,85670,85682,4,4:3,85672,85684,4,4:3,85673,85685,4,4:3,85686,85689,4,1:3,,,,,,16,4,8,1
asymmetric,4,1217,29,c,2,0,39904,4,85701,85701,,85718,85717,85729,85730,,,0,,,,0,,,,0,,85702,85714,4,4:3,85704,85716,4,4:3,85705,85717,4,4:3,85718,85721,4,1:3,,,,,,16,4,8,1
asymmetric,4,1218,29,c,3,0,40160,4,85733,85733,,85750,85749,85761,85762,,,0,,,,0,,,,0,,85734,85746,4,4:3,85736,85748,4,4:3,85737,85749,4,4:3,85750,85753,4,1:3,,,,,,16,4,8,1
asymmetric,4,1219,29,c,4,0,40416,4,85765,85765,,85782,85781,85793,85794,,,0,,,,0,,,,0,,85766,85778,4,4:3,85768,85780,4,4:3,85769,85781,4,4:3,85782,85785,4,1:3,,,,,,16,4,8,1
asymmetric,4,1220,29,c,5,0,40672,4,85797,85797,,85814,85813,85825,85826,,,0,,,,0,,,,0,,85798,85810,4,4:3,85800,85812,4,4:3,85801,85813,4,4:3,85814,85817,4,1:3,,,,,,16,4,8,1
asymmetric,4,1221,29,c,6,0,40928,4,85829,85829,,85846,85845,85857,85858,,,0,,,,0,,,,0,,85830,85842,4,4:3,85832,85844,4,4:3,85833,85845,4,4:3,85846,85849,4,1:3,,,,,,16,4,8,1
asymmetric,4,1222,29,c,7,0,41184,4,85861,85861,,85878,85877,85889,85890,,,0,,,,0,,,,0,,85862,85874,4,4:3,85864,85876,4,4:3,85865,85877,4,4:3,85878,85881,4,1:3,,,,,,16,4,8,1
asymmetric,4,1223,30,a,0,0,6208,16,85899,85899,85900,,,,85943,85910,85925,16,1:15,85926,85941,16,1:15,85927,85942,16,1:15,,,0,,,,0,,,,0,,,,0,,1,10,15,17,1,,,,
asymmetric,4,1224,30,a,0,16,6336,16,85946,85946,85947,,,,85990,85957,85972,16,1:15,85973,85988,16,1:15,85974,85989,16,1:15,,,0,,,,0,,,,0,,,,0,,1,10,15,17,1,,,,
asymmetric,4,1225,30,a,1,0,6464,16,85993,85993,85994,,,,86037,86004,86019,16,1:15,86020,86035,16,1:15,86021,86036,16,1:15,,,0,,,,0,,,,0,,,,0,,1,10,15,17,1,,,,
asymmetric,4,1226,30,a,1,16,6592,16,86040,86040,86041,,,,86084,86051,86066,16,1:15,86067,86082,16,1:15,86068,86083,16,1:15,,,0,,,,0,,,,0,,,,0,,1,10,15,17,1,,,,
asymmetric,4,1227,30,a,2,0,6720,16,86087,86087,86088,,,,86131,86098,86113,16,1:15,86114,86129,16,1:15,86115,86130,16,1:15,,,0,,,,0,,,,0,,,,0,,1,10,15,17,1,,,,
asymmetric,4,1228,30,a,2,16,6848,16,86134,86134,86135,,,,86178,86145,86160,16,1:15,86161,86176,16,1:15,86162,86177,16,1:15,,,0,,,,0,,,,0,,,,0,,1,10,15,17,1,,,,
asymmetric,4,1229,30,a,3,0,6976,16,86181,86181,86182,,,,86225,86192,86207,16,1:15,86208,86223,16,1:15,86209,86224,16,1:15,,,0,,,,0,,,,0,,,,0,,1,10,15,17,1,,,,
asymmetric,4,1230,30,a,3,16,7104,16,86228,86228,86229,,,,86272,86239,86254,16,1:15,86255,86270,16,1:15,86256,86271,16,1:15,,,0,,,,0,,,,0,,,,0,,1,10,15,17,1,,,,
asymmetric,4,1231,30,a,4,0,7232,16,86275,86275,86276,,,,86319,86286,86301,16,1:15,86302,86317,16,1:15,86303,86318,16,1:15,,,0,,,,0,,,,0,,,,0,,1,10,15,17,1,,,,
asymmetric,4,1232,30,a,4,16,7360,16,86322,86322,86323,,,,86366,86333,86348,16,1:15,86349,86364,16,1:15,86350,86365,16,1:15,,,0,,,,0,,,,0,,,,0,,1,10,15,17,1,,,,
asymmetric,4,1233,30,a,5,0,7488,16,86369,86369,86370,,,,86413,86380,86395,16,1:15,86396,86411,16,1:15,86397,86412,16,1:15,,,0,,,,0,,,,0,,,,0,,1,10,15,17,1,,,,
asymmetric,4,1234,30,a,5,16,7616,16,86416,86416,86417,,,,86460,86427,86442,16,1:15,86443,86458,16,1:15,86444,86459,16,1:15,,,0,,,,0,,,,0,,,,0,,1,10,15,17,1,,,,
asymmetric,4,1235,30,a,6,0,7744,16,86463,86463,86464,,,,86507,86474,86489,16,1:15,86490,86505,16,1:15,86491,86506,16,1:15,,,0,,,,0,,,,0,,,,0,,1,10,15,17,1,,,,
asymmetric,4,1236,30,a,6,16,7872,16,86510,86510,86511,,,,86554,86521,86536,16,1:15,86537,86552,16,1:15,86538,86553,16,1:15,,,0,,,,0,,,,0,,,,0,,1,10,15,17,1,,,,
asymmetric,4,1237,30,a,7,0,8000,16,86557,86557,86558,,,,86601,86568,86583,16,1:15,86584,86599,16,1:15,86585,86600,16,1:15,,,0,,,,0,,,,0,,,,0,,1,10,15,17,1,,,,
asymmetric,4,1238,30,a,7,16,8128,8,86604,86604,86605,,,,86632,86615,86622,8,1:7,86623,86630,8,1:7,86624,86631,8,1:7,,,0,,,,0,,,,0,,,,0,,1,10,7,9,1,,,,
asymmetric,4,1239,30,a,7,24,8192,8,86635,86635,86636,,,,86663,86646,86653,8,1:7,86654,86661,8,1:7,86655,86662,8,1:7,,,0,,,,0,,,,0,,,,0,,1,10,7,9,1,,,,
asymmetric,4,1240,30,bt,0,0,29120,16,86671,86671,86672,,,,86715,86682,86697,16,1:15,86698,86713,16,1:15,86699,86714,16,1:15,,,0,,,,0,,,,0,,,,0,,1,10,15,17,1,,,,
asymmetric,4,1241,30,bt,0,16,29248,16,86718,86718,86719,,,,86762,86729,86744,16,1:15,86745,86760,16,1:15,86746,86761,16,1:15,,,0,,,,0,,,,0,,,,0,,1,10,15,17,1,,,,
asymmetric,4,1242,30,bt,1,0,29376,16,86765,86765,86766,,,,86809,86776,86791,16,1:15,86792,86807,16,1:15,86793,86808,16,1:15,,,0,,,,0,,,,0,,,,0,,1,10,15,17,1,,,,
asymmetric,4,1243,30,bt,1,16,29504,16,86812,86812,86813,,,,86856,86823,86838,16,1:15,86839,86854,16,1:15,86840,86855,16,1:15,,,0,,,,0,,,,0,,,,0,,1,10,15,17,1,,,,
asymmetric,4,1244,30,bt,2,0,29632,16,86859,86859,86860,,,,86903,86870,86885,16,1:15,86886,86901,16,1:15,86887,86902,16,1:15,,,0,,,,0,,,,0,,,,0,,1,10,15,17,1,,,,
asymmetric,4,1245,30,bt,2,16,29760,16,86906,86906,86907,,,,86950,86917,86932,16,1:15,86933,86948,16,1:15,86934,86949,16,1:15,,,0,,,,0,,,,0,,,,0,,1,10,15,17,1,,,,
asymmetric,4,1246,30,bt,3,0,29888,16,86953,86953,86954,,,,86997,86964,86979,16,1:15,86980,86995,16,1:15,86981,86996,16,1:15,,,0,,,,0,,,,0,,,,0,,1,10,15,17,1,,,,
asymmetric,4,1247,30,bt,3,16,30016,16,87000,87000,87001,,,,87044,87011,87026,16,1:15,87027,87042,16,1:15,87028,87043,16,1:15,,,0,,,,0,,,,0,,,,0,,1,10,15,17,1,,,,
asymmetric,4,1248,30,bt,4,0,30144,16,87047,87047,87048,,,,87091,87058,87073,16,1:15,87074,87089,16,1:15,87075,87090,16,1:15,,,0,,,,0,,,,0,,,,0,,1,10,15,17,1,,,,
asymmetric,4,1249,30,bt,4,16,30272,16,87094,87094,87095,,,,87138,87105,87120,16,1:15,87121,87136,16,1:15,87122,87137,16,1:15,,,0,,,,0,,,,0,,,,0,,1,10,15,17,1,,,,
asymmetric,4,1250,30,bt,5,0,30400,16,87141,87141,87142,,,,87185,87152,87167,16,1:15,87168,87183,16,1:15,87169,87184,16,1:15,,,0,,,,0,,,,0,,,,0,,1,10,15,17,1,,,,
asymmetric,4,1251,30,bt,5,16,30528,16,87188,87188,87189,,,,87232,87199,87214,16,1:15,87215,87230,16,1:15,87216,87231,16,1:15,,,0,,,,0,,,,0,,,,0,,1,10,15,17,1,,,,
asymmetric,4,1252,30,bt,6,0,30656,16,87235,87235,87236,,,,87279,87246,87261,16,1:15,87262,87277,16,1:15,87263,87278,16,1:15,,,0,,,,0,,,,0,,,,0,,1,10,15,17,1,,,,
asymmetric,4,1253,30,bt,6,16,30784,16,87282,87282,87283,,,,87326,87293,87308,16,1:15,87309,87324,16,1:15,87310,87325,16,1:15,,,0,,,,0,,,,0,,,,0,,1,10,15,17,1,,,,
asymmetric,4,1254,30,bt,7,0,30912,16,87329,87329,87330,,,,87373,87340,87355,16,1:15,87356,87371,16,1:15,87357,87372,16,1:15,,,0,,,,0,,,,0,,,,0,,1,10,15,17,1,,,,
asymmetric,4,1255,30,bt,7,16,31040,16,87376,87376,87377,,,,87420,87387,87402,16,1:15,87403,87418,16,1:15,87404,87419,16,1:15,,,0,,,,0,,,,0,,,,0,,1,10,15,17,1,,,,
asymmetric,4,1256,30,c,0,0,39424,4,88510,88510,,88527,88526,88538,88539,,,0,,,,0,,,,0,,88511,88523,4,4:3,88513,88525,4,4:3,88514,88526,4,4:3,88527,88530,4,1:3,,,,,,16,4,8,1
asymmetric,4,1257,30,c,1,0,39680,4,88542,88542,,88559,88558,88570,88571,,,0,,,,0,,,,0,,88543,88555,4,4:3,88545,88557,4,4:3,88546,88558,4,4:3,88559,88562,4,1:3,,,,,,16,4,8,1
asymmetric,4,1258,30,c,2,0,39936,4,88574,88574,,88591,88590,88602,88603,,,0,,,,0,,,,0,,88575,88587,4,4:3,88577,88589,4,4:3,88578,88590,4,4:3,88591,88594,4,1:3,,,,,,16,4,8,1
asymmetric,4,1259,30,c,3,0,40192,4,88606,88606,,88623,88622,88634,88635,,,0,,,,0,,,,0,,88607,88619,4,4:3,88609,88621,4,4:3,88610,88622,4,4:3,88623,88626,4,1:3,,,,,,16,4,8,1
asymmetric,4,1260,30,c,4,0,40448,4,88638,88638,,88655,88654,88666,88667,,,0,,,,0,,,,0,,88639,88651,4,4:3,88641,88653,4,4:3,88642,88654,4,4:3,88655,88658,4,1:3,,,,,,16,4,8,1
asymmetric,4,1261,30,c,5,0,40704,4,88670,88670,,88687,88686,88698,88699,,,0,,,,0,,,,0,,88671,88683,4,4:3,88673,88685,4,4:3,88674,88686,4,4:3,88687,88690,4,1:3,,,,,,16,4,8,1
asymmetric,4,1262,30,c,6,0,40960,4,88702,88702,,88719,88718,88730,88731,,,0,,,,0,,,,0,,88703,88715,4,4:3,88705,88717,4,4:3,88706,88718,4,4:3,88719,88722,4,1:3,,,,,,16,4,8,1
asymmetric,4,1263,30,c,7,0,41216,4,88734,88734,,88751,88750,88762,88763,,,0,,,,0,,,,0,,88735,88747,4,4:3,88737,88749,4,4:3,88738,88750,4,4:3,88751,88754,4,1:3,,,,,,16,4,8,1
asymmetric,4,1264,31,a,0,0,6208,16,88772,88772,88773,,,,88816,88783,88798,16,1:15,88799,88814,16,1:15,88800,88815,16,1:15,,,0,,,,0,,,,0,,,,0,,1,10,15,17,1,,,,
asymmetric,4,1265,31,a,0,16,6336,16,88819,88819,88820,,,,88863,88830,88845,16,1:15,88846,88861,16,1:15,88847,88862,16,1:15,,,0,,,,0,,,,0,,,,0,,1,10,15,17,1,,,,
asymmetric,4,1266,31,a,1,0,6464,16,88866,88866,88867,,,,88910,88877,88892,16,1:15,88893,88908,16,1:15,88894,88909,16,1:15,,,0,,,,0,,,,0,,,,0,,1,10,15,17,1,,,,
asymmetric,4,1267,31,a,1,16,6592,16,88913,88913,88914,,,,88957,88924,88939,16,1:15,88940,88955,16,1:15,88941,88956,16,1:15,,,0,,,,0,,,,0,,,,0,,1,10,15,17,1,,,,
asymmetric,4,1268,31,a,2,0,6720,16,88960,88960,88961,,,,89004,88971,88986,16,1:15,88987,89002,16,1:15,88988,89003,16,1:15,,,0,,,,0,,,,0,,,,0,,1,10,15,17,1,,,,
asymmetric,4,1269,31,a,2,16,6848,16,89007,89007,89008,,,,89051,89018,89033,16,1:15,89034,89049,16,1:15,89035,89050,16,1:15,,,0,,,,0,,,,0,,,,0,,1,10,15,17,1,,,,
asymmetric,4,1270,31,a,3,0,6976,16,89054,89054,89055,,,,89098,89065,89080,16,1:15,89081,89096,16,1:15,89082,89097,16,1:15,,,0,,,,0,,,,0,,,,0,,1,10,15,17,1,,,,
asymmetric,4,1271,31,a,3,16,7104,16,89101,89101,89102,,,,89145,89112,89127,16,1:15,89128,89143,16,1:15,89129,89144,16,1:15,,,0,,,,0,,,,0,,,,0,,1,10,15,17,1,,,,
asymmetric,4,1272,31,a,4,0,7232,16,89148,89148,89149,,,,89192,89159,89174,16,1:15,89175,89190,16,1:15,89176,89191,16,1:15,,,0,,,,0,,,,0,,,,0,,1,10,15,17,1,,,,
asymmetric,4,1273,31,a,4,16,7360,16,89195,89195,89196,,,,89239,89206,89221,16,1:15,89222,89237,16,1:15,89223,89238,16,1:15,,,0,,,,0,,,,0,,,,0,,1,10,15,17,1,,,,
asymmetric,4,1274,31,a,5,0,7488,16,89242,89242,89243,,,,89286,89253,89268,16,1:15,89269,89284,16,1:15,89270,89285,16,1:15,,,0,,,,0,,,,0,,,,0,,1,10,15,17,1,,,,
asymmetric,4,1275,31,a,5,16,7616,16,89289,89289,89290,,,,89333,89300,89315,16,1:15,89316,89331,16,1:15,89317,89332,16,1:15,,,0,,,,0,,,,0,,,,0,,1,10,15,17,1,,,,
asymmetric,4,1276,31,a,6,0,7744,16,89336,89336,89337,,,,89380,89347,89362,16,1:15,89363,89378,16,1:15,89364,89379,16,1:15,,,0,,,,0,,,,0,,,,0,,1,10,15,17,1,,,,
asymmetric,4,1277,31,a,6,16,7872,16,89383,89383,89384,,,,89427,89394,89409,16,1:15,89410,89425,16,1:15,89411,89426,16,1:15,,,0,,,,0,,,,0,,,,0,,1,10,15,17,1,,,,
asymmetric,4,1278,31,a,7,0,8000,16,89430,89430,89431,,,,89474,89441,89456,16,1:15,89457,89472,16,1:15,89458,89473,16,1:15,,,0,,,,0,,,,0,,,,0,,1,10,15,17,1,,,,
asymmetric,4,1279,31,a,7,16,8128,8,89477,89477,89478,,,,89505,89488,89495,8,1:7,89496,89503,8,1:7,89497,89504,8,1:7,,,0,,,,0,,,,0,,,,0,,1,10,7,9,1,,,,
asymmetric,4,1280,31,a,7,24,8192,8,89508,89508,89509,,,,89536,89519,89526,8,1:7,89527,89534,8,1:7,89528,89535,8,1:7,,,0,,,,0,,,,0,,,,0,,1,10,7,9,1,,,,
asymmetric,4,1281,31,bt,0,0,31168,16,89544,89544,89545,,,,89588,89555,89570,16,1:15,89571,89586,16,1:15,89572,89587,16,1:15,,,0,,,,0,,,,0,,,,0,,1,10,15,17,1,,,,
asymmetric,4,1282,31,bt,0,16,31296,16,89591,89591,89592,,,,89635,89602,89617,16,1:15,89618,89633,16,1:15,89619,89634,16,1:15,,,0,,,,0,,,,0,,,,0,,1,10,15,17,1,,,,
asymmetric,4,1283,31,bt,1,0,31424,16,89638,89638,89639,,,,89682,89649,89664,16,1:15,89665,89680,16,1:15,89666,89681,16,1:15,,,0,,,,0,,,,0,,,,0,,1,10,15,17,1,,,,
asymmetric,4,1284,31,bt,1,16,31552,16,89685,89685,89686,,,,89729,89696,89711,16,1:15,89712,89727,16,1:15,89713,89728,16,1:15,,,0,,,,0,,,,0,,,,0,,1,10,15,17,1,,,,
asymmetric,4,1285,31,bt,2,0,31680,16,89732,89732,89733,,,,89776,89743,89758,16,1:15,89759,89774,16,1:15,89760,89775,16,1:15,,,0,,,,0,,,,0,,,,0,,1,10,15,17,1,,,,
asymmetric,4,1286,31,bt,2,16,31808,16,89779,89779,89780,,,,89823,89790,89805,16,1:15,89806,89821,16,1:15,89807,89822,16,1:15,,,0,,,,0,,,,0,,,,0,,1,10,15,17,1,,,,
asymmetric,4,1287,31,bt,3,0,31936,16,89826,89826,89827,,,,89870,89837,89852,16,1:15,89853,89868,16,1:15,89854,89869,16,1:15,,,0,,,,0,,,,0,,,,0,,1,10,15,17,1,,,,
asymmetric,4,1288,31,bt,3,16,32064,16,89873,89873,89874,,,,89917,89884,89899,16,1:15,89900,89915,16,1:15,89901,89916,16,1:15,,,0,,,,0,,,,0,,,,0,,1,10,15,17,1,,,,
asymmetric,4,1289,31,bt,4,0,32192,16,89920,89920,89921,,,,89964,89931,89946,16,1:15,89947,89962,16,1:15,89948,89963,16,1:15,,,0,,,,0,,,,0,,,,0,,1,10,15,17,1,,,,
asymmetric,4,1290,31,bt,4,16,32320,16,89967,89967,89968,,,,90011,89978,89993,16,1:15,89994,90009,16,1:15,89995,90010,16,1:15,,,0,,,,0,,,,0,,,,0,,1,10,15,17,1,,,,
asymmetric,4,1291,31,bt,5,0,32448,16,90014,90014,90015,,,,90058,90025,90040,16,1:15,90041,90056,16,1:15,90042,90057,16,1:15,,,0,,,,0,,,,0,,,,0,,1,10,15,17,1,,,,
asymmetric,4,1292,31,bt,5,16,32576,16,90061,90061,90062,,,,90105,90072,90087,16,1:15,90088,90103,16,1:15,90089,90104,16,1:15,,,0,,,,0,,,,0,,,,0,,1,10,15,17,1,,,,
asymmetric,4,1293,31,bt,6,0,32704,8,90108,90108,90109,,,,90136,90119,90126,8,1:7,90127,90134,8,1:7,90128,90135,8,1:7,,,0,,,,0,,,,0,,,,0,,1,10,7,9,1,,,,
asymmetric,4,1294,31,bt,6,8,32768,16,90139,90139,90140,,,,90183,90150,90165,16,1:15,90166,90181,16,1:15,90167,90182,16,1:15,,,0,,,,0,,,,0,,,,0,,1,10,15,17,1,,,,
asymmetric,4,1295,31,bt,6,24,32896,8,90186,90186,90187,,,,90214,90197,90204,8,1:7,90205,90212,8,1:7,90206,90213,8,1:7,,,0,,,,0,,,,0,,,,0,,1,10,7,9,1,,,,
asymmetric,4,1296,31,c,0,0,39456,4,91304,91304,,91321,91320,91332,91333,,,0,,,,0,,,,0,,91305,91317,4,4:3,91307,91319,4,4:3,91308,91320,4,4:3,91321,91324,4,1:3,,,,,,16,4,8,1
asymmetric,4,1297,31,c,1,0,39712,4,91336,91336,,91353,91352,91364,91365,,,0,,,,0,,,,0,,91337,91349,4,4:3,91339,91351,4,4:3,91340,91352,4,4:3,91353,91356,4,1:3,,,,,,16,4,8,1
asymmetric,4,1298,31,c,2,0,39968,4,91368,91368,,91385,91384,91396,91397,,,0,,,,0,,,,0,,91369,91381,4,4:3,91371,91383,4,4:3,91372,91384,4,4:3,91385,91388,4,1:3,,,,,,16,4,8,1
asymmetric,4,1299,31,c,3,0,40224,4,91400,91400,,91417,91416,91428,91429,,,0,,,,0,,,,0,,91401,91413,4,4:3,91403,91415,4,4:3,91404,91416,4,4:3,91417,91420,4,1:3,,,,,,16,4,8,1
asymmetric,4,1300,31,c,4,0,40480,4,91432,91432,,91449,91448,91460,91461,,,0,,,,0,,,,0,,91433,91445,4,4:3,91435,91447,4,4:3,91436,91448,4,4:3,91449,91452,4,1:3,,,,,,16,4,8,1
asymmetric,4,1301,31,c,5,0,40736,4,91464,91464,,91481,91480,91492,91493,,,0,,,,0,,,,0,,91465,91477,4,4:3,91467,91479,4,4:3,91468,91480,4,4:3,91481,91484,4,1:3,,,,,,16,4,8,1
asymmetric,4,1302,31,c,6,0,40992,4,91496,91496,,91513,91512,91524,91525,,,0,,,,0,,,,0,,91497,91509,4,4:3,91499,91511,4,4:3,91500,91512,4,4:3,91513,91516,4,1:3,,,,,,16,4,8,1
asymmetric,4,1303,31,c,7,0,41248,4,91528,91528,,91545,91544,91556,91557,,,0,,,,0,,,,0,,91529,91541,4,4:3,91531,91543,4,4:3,91532,91544,4,4:3,91545,91548,4,1:3,,,,,,16,4,8,1
asymmetric,4,1304,32,a,0,0,8256,16,91566,91566,91567,,,,91610,91577,91592,16,1:15,91593,91608,16,1:15,91594,91609,16,1:15,,,0,,,,0,,,,0,,,,0,,1,10,15,17,1,,,,
asymmetric,4,1305,32,a,0,16,8384,16,91613,91613,91614,,,,91657,91624,91639,16,1:15,91640,91655,16,1:15,91641,91656,16,1:15,,,0,,,,0,,,,0,,,,0,,1,10,15,17,1,,,,
asymmetric,4,1306,32,a,1,0,8512,16,91660,91660,91661,,,,91704,91671,91686,16,1:15,91687,91702,16,1:15,91688,91703,16,1:15,,,0,,,,0,,,,0,,,,0,,1,10,15,17,1,,,,
asymmetric,4,1307,32,a,1,16,8640,16,91707,91707,91708,,,,91751,91718,91733,16,1:15,91734,91749,16,1:15,91735,91750,16,1:15,,,0,,,,0,,,,0,,,,0,,1,10,15,17,1,,,,
asymmetric,4,1308,32,a,2,0,8768,16,91754,91754,91755,,,,91798,91765,91780,16,1:15,91781,91796,16,1:15,91782,91797,16,1:15,,,0,,,,0,,,,0,,,,0,,1,10,15,17,1,,,,
asymmetric,4,1309,32,a,2,16,8896,16,91801,91801,91802,,,,91845,91812,91827,16,1:15,91828,91843,16,1:15,91829,91844,16,1:15,,,0,,,,0,,,,0,,,,0,,1,10,15,17,1,,,,
asymmetric,4,1310,32,a,3,0,9024,16,91848,91848,91849,,,,91892,91859,91874,16,1:15,91875,91890,16,1:15,91876,91891,16,1:15,,,0,,,,0,,,,0,,,,0,,1,10,15,17,1,,,,
asymmetric,4,1311,32,a,3,16,9152,16,91895,91895,91896,,,,91939,91906,91921,16,1:15,91922,91937,16,1:15,91923,91938,16,1:15,,,0,,,,0,,,,0,,,,0,,1,10,15,17,1,,,,
asymmetric,4,1312,32,a,4,0,9280,16,91942,91942,91943,,,,91986,91953,91968,16,1:15,91969,91984,16,1:15,91970,91985,16,1:15,,,0,,,,0,,,,0,,,,0,,1,10,15,17,1,,,,
asymmetric,4,1313,32,a,4,16,9408,16,91989,91989,91990,,,,92033,92000,92015,16,1:15,92016,92031,16,1:15,92017,92032,16,1:15,,,0,,,,0,,,,0,,,,0,,1,10,15,17,1,,,,
asymmetric,4,1314,32,a,5,0,9536,16,92036,92036,92037,,,,92080,92047,92062,16,1:15,92063,92078,16,1:15,92064,92079,16,1:15,,,0,,,,0,,,,0,,,,0,,1,10,15,17,1,,,,
asymmetric,4,1315,32,a,5,16,9664,16,92083,92083,92084,,,,92127,92094,92109,16,1:15,92110,92125,16,1:15,92111,92126,16,1:15,,,0,,,,0,,,,0,,,,0,,1,10,15,17,1,,,,
asymmetric,4,1316,32,a,6,0,9792,16,92130,92130,92131,,,,92174,92141,92156,16,1:15,92157,92172,16,1:15,92158,92173,16,1:15,,,0,,,,0,,,,0,,,,0,,1,10,15,17,1,,,,
asymmetric,4,1317,32,a,6,16,9920,16,92177,92177,92178,,,,92221,92188,92203,16,1:15,92204,92219,16,1:15,92205,92220,16,1:15,,,0,,,,0,,,,0,,,,0,,1,10,15,17,1,,,,
asymmetric,4,1318,32,a,7,0,10048,16,92224,92224,92225,,,,92268,92235,92250,16,1:15,92251,92266,16,1:15,92252,92267,16,1:15,,,0,,,,0,,,,0,,,,0,,1,10,15,17,1,,,,
asymmetric,4,1319,32,a,7,16,10176,16,92271,92271,92272,,,,92315,92282,92297,16,1:15,92298,92313,16,1:15,92299,92314,16,1:15,,,0,,,,0,,,,0,,,,0,,1,10,15,17,1,,,,
asymmetric,4,1320,32,bt,0,0,16832,16,92323,92323,92324,,,,92367,92334,92349,16,1:15,92350,92365,16,1:15,92351,92366,16,1:15,,,0,,,,0,,,,0,,,,0,,1,10,15,17,1,,,,
asymmetric,4,1321,32,bt,0,16,16960,16,92370,92370,92371,,,,92414,92381,92396,16,1:15,92397,92412,16,1:15,92398,92413,16,1:15,,,0,,,,0,,,,0,,,,0,,1,10,15,17,1,,,,
asymmetric,4,1322,32,bt,1,0,17088,16,92417,92417,92418,,,,92461,92428,92443,16,1:15,92444,92459,16,1:15,92445,92460,16,1:15,,,0,,,,0,,,,0,,,,0,,1,10,15,17,1,,,,
asymmetric,4,1323,32,bt,1,16,17216,16,92464,92464,92465,,,,92508,92475,92490,16,1:15,92491,92506,16,1:15,92492,92507,16,1:15,,,0,,,,0,,,,0,,,,0,,1,10,15,17,1,,,,
asymmetric,4,1324,32,bt,2,0,17344,16,92511,92511,92512,,,,92555,92522,92537,16,1:15,92538,92553,16,1:15,92539,92554,16,1:15,,,0,,,,0,,,,0,,,,0,,1,10,15,17,1,,,,
asymmetric,4,1325,32,bt,2,16,17472,16,92558,92558,92559,,,,92602,92569,92584,16,1:15,92585,92600,16,1:15,92586,92601,16,1:15,,,0,,,,0,,,,0,,,,0,,1,10,15,17,1,,,,
asymmetric,4,1326,32,bt,3,0,17600,16,92605,92605,92606,,,,92649,92616,92631,16,1:15,92632,92647,16,1:15,92633,92648,16,1:15,,,0,,,,0,,,,0,,,,0,,1,10,15,17,1,,,,
asymmetric,4,1327,32,bt,3,16,17728,16,92652,92652,92653,,,,92696,92663,92678,16,1:15,92679,92694,16,1:15,92680,92695,16,1:15,,,0,,,,0,,,,0,,,,0,,1,10,15,17,1,,,,
asymmetric,4,1328,32,bt,4,0,17856,16,92699,92699,92700,,,,92743,92710,92725,16,1:15,92726,92741,16,1:15,92727,92742,16,1:15,,,0,,,,0,,,,0,,,,0,,1,10,15,17,1,,,,
asymmetric,4,1329,32,bt,4,16,17984,16,92746,92746,92747,,,,92790,92757,92772,16,1:15,92773,92788,16,1:15,92774,92789,16,1:15,,,0,,,,0,,,,0,,,,0,,1,10,15,17,1,,,,
asymmetric,4,1330,32,bt,5,0,18112,16,92793,92793,92794,,,,92837,92804,92819,16,1:15,92820,92835,16,1:15,92821,92836,16,1:15,,,0,,,,0,,,,0,,,,0,,1,10,15,17,1,,,,
asymmetric,4,1331,32,bt,5,16,18240,16,92840,92840,92841,,,,92884,92851,92866,16,1:15,92867,92882,16,1:15,92868,92883,16,1:15,,,0,,,,0,,,,0,,,,0,,1,10,15,17,1,,,,
asymmetric,4,1332,32,bt,6,0,18368,16,92887,92887,92888,,,,92931,92898,92913,16,1:15,92914,92929,16,1:15,92915,92930,16,1:15,,,0,,,,0,,,,0,,,,0,,1,10,15,17,1,,,,
asymmetric,4,1333,32,bt,6,16,18496,16,92934,92934,92935,,,,92978,92945,92960,16,1:15,92961,92976,16,1:15,92962,92977,16,1:15,,,0,,,,0,,,,0,,,,0,,1,10,15,17,1,,,,
asymmetric,4,1334,32,bt,7,0,18624,16,92981,92981,92982,,,,93025,92992,93007,16,1:15,93008,93023,16,1:15,93009,93024,16,1:15,,,0,,,,0,,,,0,,,,0,,1,10,15,17,1,,,,
asymmetric,4,1335,32,bt,7,16,18752,16,93028,93028,93029,,,,93072,93039,93054,16,1:15,93055,93070,16,1:15,93056,93071,16,1:15,,,0,,,,0,,,,0,,,,0,,1,10,15,17,1,,,,
asymmetric,4,1336,32,c,0,0,41280,4,94162,94162,,94179,94178,94190,94191,,,0,,,,0,,,,0,,94163,94175,4,4:3,94165,94177,4,4:3,94166,94178,4,4:3,94179,94182,4,1:3,,,,,,16,4,8,1
asymmetric,4,1337,32,c,1,0,41536,4,94194,94194,,94211,94210,94222,94223,,,0,,,,0,,,,0,,94195,94207,4,4:3,94197,94209,4,4:3,94198,94210,4,4:3,94211,94214,4,1:3,,,,,,16,4,8,1
asymmetric,4,1338,32,c,2,0,41792,4,94226,94226,,94243,94242,94254,94255,,,0,,,,0,,,,0,,94227,94239,4,4:3,94229,94241,4,4:3,94230,94242,4,4:3,94243,94246,4,1:3,,,,,,16,4,8,1
asymmetric,4,1339,32,c,3,0,42048,4,94258,94258,,94275,94274,94286,94287,,,0,,,,0,,,,0,,94259,94271,4,4:3,94261,94273,4,4:3,94262,94274,4,4:3,94275,94278,4,1:3,,,,,,16,4,8,1
asymmetric,4,1340,32,c,4,0,42304,4,94290,94290,,94307,94306,94318,94319,,,0,,,,0,,,,0,,94291,94303,4,4:3,94293,94305,4,4:3,94294,94306,4,4:3,94307,94310,4,1:3,,,,,,16,4,8,1
asymmetric,4,1341,32,c,5,0,42560,4,94322,94322,,94339,94338,94350,94351,,,0,,,,0,,,,0,,94323,94335,4,4:3,94325,94337,4,4:3,94326,94338,4,4:3,94339,94342,4,1:3,,,,,,16,4,8,1
asymmetric,4,1342,32,c,6,0,42816,4,94354,94354,,94371,94370,94382,94383,,,0,,,,0,,,,0,,94355,94367,4,4:3,94357,94369,4,4:3,94358,94370,4,4:3,94371,94374,4,1:3,,,,,,16,4,8,1
asymmetric,4,1343,32,c,7,0,43072,4,94386,94386,,94403,94402,94414,94415,,,0,,,,0,,,,0,,94387,94399,4,4:3,94389,94401,4,4:3,94390,94402,4,4:3,94403,94406,4,1:3,,,,,,16,4,8,1
asymmetric,4,1344,33,a,0,0,8256,16,94424,94424,94425,,,,94468,94435,94450,16,1:15,94451,94466,16,1:15,94452,94467,16,1:15,,,0,,,,0,,,,0,,,,0,,1,10,15,17,1,,,,
asymmetric,4,1345,33,a,0,16,8384,16,94471,94471,94472,,,,94515,94482,94497,16,1:15,94498,94513,16,1:15,94499,94514,16,1:15,,,0,,,,0,,,,0,,,,0,,1,10,15,17,1,,,,
asymmetric,4,1346,33,a,1,0,8512,16,94518,94518,94519,,,,94562,94529,94544,16,1:15,94545,94560,16,1:15,94546,94561,16,1:15,,,0,,,,0,,,,0,,,,0,,1,10,15,17,1,,,,
asymmetric,4,1347,33,a,1,16,8640,16,94565,94565,94566,,,,94609,94576,94591,16,1:15,94592,94607,16,1:15,94593,94608,16,1:15,,,0,,,,0,,,,0,,,,0,,1,10,15,17,1,,,,
asymmetric,4,1348,33,a,2,0,8768,16,94612,94612,94613,,,,94656,94623,94638,16,1:15,94639,94654,16,1:15,94640,94655,16,1:15,,,0,,,,0,,,,0,,,,0,,1,10,15,17,1,,,,
asymmetric,4,1349,33,a,2,16,8896,16,94659,94659,94660,,,,94703,94670,94685,16,1:15,94686,94701,16,1:15,94687,94702,16,1:15,,,0,,,,0,,,,0,,,,0,,1,10,15,17,1,,,,
asymmetric,4,1350,33,a,3,0,9024,16,94706,94706,94707,,,,94750,94717,94732,16,1:15,94733,94748,16,1:15,94734,94749,16,1:15,,,0,,,,0,,,,0,,,,0,,1,10,15,17,1,,,,
asymmetric,4,1351,33,a,3,16,9152,16,94753,94753,94754,,,,94797,94764,94779,16,1:15,94780,94795,16,1:15,94781,94796,16,1:15,,,0,,,,0,,,,0,,,,0,,1,10,15,17,1,,,,
asymmetric,4,1352,33,a,4,0,9280,16,94800,94800,94801,,,,94844,94811,94826,16,1:15,94827,94842,16,1:15,94828,94843,16,1:15,,,0,,,,0,,,,0,,,,0,,1,10,15,17,1,,,,
asymmetric,4,1353,33,a,4,16,9408,16,94847,94847,94848,,,,94891,94858,94873,16,1:15,94874,94889,16,1:15,94875,94890,16,1:15,,,0,,,,0,,,,0,,,,0,,1,10,15,17,1,,,,
asymmetric,4,1354,33,a,5,0,9536,16,94894,94894,94895,,,,94938,94905,94920,16,1:15,94921,94936,16,1:15,94922,94937,16,1:15,,,0,,,,0,,,,0,,,,0,,1,10,15,17,1,,,,
asymmetric,4,1355,33,a,5,16,9664,16,94941,94941,94942,,,,94985,94952,94967,16,1:15,94968,94983,16,1:15,94969,94984,16,1:15,,,0,,,,0,,,,0,,,,0,,1,10,15,17,1,,,,
asymmetric,4,1356,33,a,6,0,9792,16,94988,94988,94989,,,,95032,94999,95014,16,1:15,95015,95030,16,1:15,95016,95031,16,1:15,,,0,,,,0,,,,0,,,,0,,1,10,15,17,1,,,,
asymmetric,4,1357,33,a,6,16,9920,16,95035,95035,95036,,,,95079,95046,95061,16,1:15,95062,95077,16,1:15,95063,95078,16,1:15,,,0,,,,0,,,,0,,,,0,,1,10,15,17,1,,,,
asymmetric,4,1358,33,a,7,0,10048,16,95082,95082,95083,,,,95126,95093,95108,16,1:15,95109,95124,16,1:15,95110,95125,16,1:15,,,0,,,,0,,,,0,,,,0,,1,10,15,17,1,,,,
asymmetric,4,1359,33,a,7,16,10176,16,95129,95129,95130,,,,95173,95140,95155,16,1:15,95156,95171,16,1:15,95157,95172,16,1:15,,,0,,,,0,,,,0,,,,0,,1,10,15,17,1,,,,
asymmetric,4,1360,33,bt,0,0,18880,16,95181,95181,95182,,,,95225,95192,95207,16,1:15,95208,95223,16,1:15,95209,95224,16,1:15,,,0,,,,0,,,,0,,,,0,,1,10,15,17,1,,,,
asymmetric,4,1361,33,bt,0,16,19008,16,95228,95228,95229,,,,95272,95239,95254,16,1:15,95255,95270,16,1:15,95256,95271,16,1:15,,,0,,,,0,,,,0,,,,0,,1,10,15,17,1,,,,
asymmetric,4,1362,33,bt,1,0,19136,16,95275,95275,95276,,,,95319,95286,95301,16,1:15,95302,95317,16,1:15,95303,95318,16,1:15,,,0,,,,0,,,,0,,,,0,,1,10,15,17,1,,,,
asymmetric,4,1363,33,bt,1,16,19264,16,95322,95322,95323,,,,95366,95333,95348,16,1:15,95349,95364,16,1:15,95350,95365,16,1:15,,,0,,,,0,,,,0,,,,0,,1,10,15,17,1,,,,
asymmetric,4,1364,33,bt,2,0,19392,16,95369,95369,95370,,,,95413,95380,95395,16,1:15,95396,95411,16,1:15,95397,95412,16,1:15,,,0,,,,0,,,,0,,,,0,,1,10,15,17,1,,,,
asymmetric,4,1365,33,bt,2,16,19520,16,95416,95416,95417,,,,95460,95427,95442,16,1:15,95443,95458,16,1:15,95444,95459,16,1:15,,,0,,,,0,,,,0,,,,0,,1,10,15,17,1,,,,
asymmetric,4,1366,33,bt,3,0,19648,16,95463,95463,95464,,,,95507,95474,95489,16,1:15,95490,95505,16,1:15,95491,95506,16,1:15,,,0,,,,0,,,,0,,,,0,,1,10,15,17,1,,,,
asymmetric,4,1367,33,bt,3,16,19776,16,95510,95510,95511,,,,95554,95521,95536,16,1:15,95537,95552,16,1:15,95538,95553,16,1:15,,,0,,,,0,,,,0,,,,0,,1,10,15,17,1,,,,
asymmetric,4,1368,33,bt,4,0,19904,16,95557,95557,95558,,,,95601,95568,95583,16,1:15,95584,95599,16,1:15,95585,95600,16,1:15,,,0,,,,0,,,,0,,,,0,,1,10,15,17,1,,,,
asymmetric,4,1369,33,bt,4,16,20032,16,95604,95604,95605,,,,95648,95615,95630,16,1:15,95631,95646,16,1:15,95632,95647,16,1:15,,,0,,,,0,,,,0,,,,0,,1,10,15,17,1,,,,
asymmetric,4,1370,33,bt,5,0,20160,16,95651,95651,95652,,,,95695,95662,95677,16,1:15,95678,95693,16,1:15,95679,95694,16,1:15,,,0,,,,0,,,,0,,,,0,,1,10,15,17,1,,,,
asymmetric,4,1371,33,bt,5,16,20288,16,95698,95698,95699,,,,95742,95709,95724,16,1:15,95725,95740,16,1:15,95726,95741,16,1:15,,,0,,,,0,,,,0,,,,0,,1,10,15,17,1,,,,
asymmetric,4,1372,33,bt,6,0,20416,8,95745,95745,95746,,,,95773,95756,95763,8,1:7,95764,95771,8,1:7,95765,95772,8,1:7,,,0,,,,0,,,,0,,,,0,,1,10,7,9,1,,,,
asymmetric,4,1373,33,bt,6,8,20480,16,95776,95776,95777,,,,95820,95787,95802,16,1:15,95803,95818,16,1:15,95804,95819,16,1:15,,,0,,,,0,,,,0,,,,0,,1,10,15,17,1,,,,
asymmetric,4,1374,33,bt,6,24,20608,8,95823,95823,95824,,,,95851,95834,95841,8,1:7,95842,95849,8,1:7,95843,95850,8,1:7,,,0,,,,0,,,,0,,,,0,,1,10,7,9,1,,,,
asymmetric,4,1375,33,bt,7,0,20672,16,95854,95854,95855,,,,95898,95865,95880,16,1:15,95881,95896,16,1:15,95882,95897,16,1:15,,,0,,,,0,,,,0,,,,0,,1,10,15,17,1,,,,
asymmetric,4,1376,33,bt,7,16,20800,16,95901,95901,95902,,,,95945,95912,95927,16,1:15,95928,95943,16,1:15,95929,95944,16,1:15,,,0,,,,0,,,,0,,,,0,,1,10,15,17,1,,,,
asymmetric,4,1377,33,c,0,0,41312,4,97035,97035,,97052,97051,97063,97064,,,0,,,,0,,,,0,,97036,97048,4,4:3,97038,97050,4,4:3,97039,97051,4,4:3,97052,97055,4,1:3,,,,,,16,4,8,1
asymmetric,4,1378,33,c,1,0,41568,4,97067,97067,,97084,97083,97095,97096,,,0,,,,0,,,,0,,97068,97080,4,4:3,97070,97082,4,4:3,97071,97083,4,4:3,97084,97087,4,1:3,,,,,,16,4,8,1
asymmetric,4,1379,33,c,2,0,41824,4,97099,97099,,97116,97115,97127,97128,,,0,,,,0,,,,0,,97100,97112,4,4:3,97102,97114,4,4:3,97103,97115,4,4:3,97116,97119,4,1:3,,,,,,16,4,8,1
asymmetric,4,1380,33,c,3,0,42080,4,97131,97131,,97148,97147,97159,97160,,,0,,,,0,,,,0,,97132,97144,4,4:3,97134,97146,4,4:3,97135,97147,4,4:3,97148,97151,4,1:3,,,,,,16,4,8,1
asymmetric,4,1381,33,c,4,0,42336,4,97163,97163,,97180,97179,97191,97192,,,0,,,,0,,,,0,,97164,97176,4,4:3,97166,97178,4,4:3,97167,97179,4,4:3,97180,97183,4,1:3,,,,,,16,4,8,1
asymmetric,4,1382,33,c,5,0,42592,4,97195,97195,,97212,97211,97223,97224,,,0,,,,0,,,,0,,97196,97208,4,4:3,97198,97210,4,4:3,97199,97211,4,4:3,97212,97215,4,1:3,,,,,,16,4,8,1
asymmetric,4,1383,33,c,6,0,42848,4,97227,97227,,97244,97243,97255,97256,,,0,,,,0,,,,0,,97228,97240,4,4:3,97230,97242,4,4:3,97231,97243,4,4:3,97244,97247,4,1:3,,,,,,16,4,8,1
asymmetric,4,1384,33,c,7,0,43104,4,97259,97259,,97276,97275,97287,97288,,,0,,,,0,,,,0,,97260,97272,4,4:3,97262,97274,4,4:3,97263,97275,4,4:3,97276,97279,4,1:3,,,,,,16,4,8,1
asymmetric,4,1385,34,a,0,0,8256,16,97297,97297,97298,,,,97341,97308,97323,16,1:15,97324,97339,16,1:15,97325,97340,16,1:15,,,0,,,,0,,,,0,,,,0,,1,10,15,17,1,,,,
asymmetric,4,1386,34,a,0,16,8384,16,97344,97344,97345,,,,97388,97355,97370,16,1:15,97371,97386,16,1:15,97372,97387,16,1:15,,,0,,,,0,,,,0,,,,0,,1,10,15,17,1,,,,
asymmetric,4,1387,34,a,1,0,8512,16,97391,97391,97392,,,,97435,97402,97417,16,1:15,97418,97433,16,1:15,97419,97434,16,1:15,,,0,,,,0,,,,0,,,,0,,1,10,15,17,1,,,,
asymmetric,4,1388,34,a,1,16,8640,16,97438,97438,97439,,,,97482,97449,97464,16,1:15,97465,97480,16,1:15,97466,97481,16,1:15,,,0,,,,0,,,,0,,,,0,,1,10,15,17,1,,,,
asymmetric,4,1389,34,a,2,0,8768,16,97485,97485,97486,,,,97529,97496,97511,16,1:15,97512,97527,16,1:15,97513,97528,16,1:15,,,0,,,,0,,,,0,,,,0,,1,10,15,17,1,,,,
asymmetric,4,1390,34,a,2,16,8896,16,97532,97532,97533,,,,97576,97543,97558,16,1:15,97559,97574,16,1:15,97560,97575,16,1:15,,,0,,,,0,,,,0,,,,0,,1,10,15,17,1,,,,
asymmetric,4,1391,34,a,3,0,9024,16,97579,97579,97580,,,,97623,97590,97605,16,1:15,97606,97621,16,1:15,97607,97622,16,1:15,,,0,,,,0,,,,0,,,,0,,1,10,15,17,1,,,,
asymmetric,4,1392,34,a,3,16,9152,16,97626,97626,97627,,,,97670,97637,97652,16,1:15,97653,97668,16,1:15,97654,97669,16,1:15,,,0,,,,0,,,,0,,,,0,,1,10,15,17,1,,,,
asymmetric,4,1393,34,a,4,0,9280,16,97673,97673,97674,,,,97717,97684,97699,16,1:15,97700,97715,16,1:15,97701,97716,16,1:15,,,0,,,,0,,,,0,,,,0,,1,10,15,17,1,,,,
asymmetric,4,1394,34,a,4,16,9408,16,97720,97720,97721,,,,97764,97731,97746,16,1:15,97747,97762,16,1:15,97748,97763,16,1:15,,,0,,,,0,,,,0,,,,0,,1,10,15,17,1,,,,
asymmetric,4,1395,34,a,5,0,9536,16,97767,97767,97768,,,,97811,97778,97793,16,1:15,97794,97809,16,1:15,97795,97810,16,1:15,,,0,,,,0,,,,0,,,,0,,1,10,15,17,1,,,,
asymmetric,4,1396,34,a,5,16,9664,16,97814,97814,97815,,,,97858,97825,97840,16,1:15,97841,97856,16,1:15,97842,97857,16,1:15,,,0,,,,0,,,,0,,,,0,,1,10,15,17,1,,,,
asymmetric,4,1397,34,a,6,0,9792,16,97861,97861,97862,,,,97905,97872,97887,16,1:15,97888,97903,16,1:15,97889,97904,16,1:15,,,0,,,,0,,,,0,,,,0,,1,10,15,17,1,,,,
asymmetric,4,1398,34,a,6,16,9920,16,97908,97908,97909,,,,97952,97919,97934,16,1:15,97935,97950,16,1:15,97936,97951,16,1:15,,,0,,,,0,,,,0,,,,0,,1,10,15,17,1,,,,
asymmetric,4,1399,34,a,7,0,10048,16,97955,97955,97956,,,,97999,97966,97981,16,1:15,97982,97997,16,1:15,97983,97998,16,1:15,,,0,,,,0,,,,0,,,,0,,1,10,15,17,1,,,,
asymmetric,4,1400,34,a,7,16,10176,16,98002,98002,98003,,,,98046,98013,98028,16,1:15,98029,98044,16,1:15,98030,98045,16,1:15,,,0,,,,0,,,,0,,,,0,,1,10,15,17,1,,,,
asymmetric,4,1401,34,bt,0,0,20928,16,98054,98054,98055,,,,98098,98065,98080,16,1:15,98081,98096,16,1:15,98082,98097,16,1:15,,,0,,,,0,,,,0,,,,0,,1,10,15,17,1,,,,
asymmetric,4,1402,34,bt,0,16,21056,16,98101,98101,98102,,,,98145,98112,98127,16,1:15,98128,98143,16,1:15,98129,98144,16,1:15,,,0,,,,0,,,,0,,,,0,,1,10,15,17,1,,,,
asymmetric,4,1403,34,bt,1,0,21184,16,98148,98148,98149,,,,98192,98159,98174,16,1:15,98175,98190,16,1:15,98176,98191,16,1:15,,,0,,,,0,,,,0,,,,0,,1,10,15,17,1,,,,
asymmetric,4,1404,34,bt,1,16,21312,16,98195,98195,98196,,,,98239,98206,98221,16,1:15,98222,98237,16,1:15,98223,98238,16,1:15,,,0,,,,0,,,,0,,,,0,,1,10,15,17,1,,,,
asymmetric,4,1405,34,bt,2,0,21440,16,98242,98242,98243,,,,98286,98253,98268,16,1:15,98269,98284,16,1:15,98270,98285,16,1:15,,,0,,,,0,,,,0,,,,0,,1,10,15,17,1,,,,
asymmetric,4,1406,34,bt,2,16,21568,16,98289,98289,98290,,,,98333,98300,98315,16,1:15,98316,98331,16,1:15,98317,98332,16,1:15,,,0,,,,0,,,,0,,,,0,,1,10,15,17,1,,,,
asymmetric,4,1407,34,bt,3,0,21696,16,98336,98336,98337,,,,98380,98347,98362,16,1:15,98363,98378,16,1:15,98364,98379,16,1:15,,,0,,,,0,,,,0,,,,0,,1,10,15,17,1,,,,
asymmetric,4,1408,34,bt,3,16,21824,16,98383,98383,98384,,,,98427,98394,98409,16,1:15,98410,98425,16,1:15,98411,98426,16,1:15,,,0,,,,0,,,,0,,,,0,,1,10,15,17,1,,,,
asymmetric,4,1409,34,bt,4,0,21952,16,98430,98430,98431,,,,98474,98441,98456,16,1:15,98457,98472,16,1:15,98458,98473,16,1:15,,,0,,,,0,,,,0,,,,0,,1,10,15,17,1,,,,
asymmetric,4,1410,34,bt,4,16,22080,16,98477,98477,98478,,,,98521,98488,98503,16,1:15,98504,98519,16,1:15,98505,98520,16,1:15,,,0,,,,0,,,,0,,,,0,,1,10,15,17,1,,,,
asymmetric,4,1411,34,bt,5,0,22208,16,98524,98524,98525,,,,98568,98535,98550,16,1:15,98551,98566,16,1:15,98552,98567,16,1:15,,,0,,,,0,,,,0,,,,0,,1,10,15,17,1,,,,
asymmetric,4,1412,34,bt,5,16,22336,16,98571,98571,98572,,,,98615,98582,98597,16,1:15,98598,98613,16,1:15,98599,98614,16,1:15,,,0,,,,0,,,,0,,,,0,,1,10,15,17,1,,,,
asymmetric,4,1413,34,bt,6,0,22464,16,98618,98618,98619,,,,98662,98629,98644,16,1:15,98645,98660,16,1:15,98646,98661,16,1:15,,,0,,,,0,,,,0,,,,0,,1,10,15,17,1,,,,
asymmetric,4,1414,34,bt,6,16,22592,16,98665,98665,98666,,,,98709,98676,98691,16,1:15,98692,98707,16,1:15,98693,98708,16,1:15,,,0,,,,0,,,,0,,,,0,,1,10,15,17,1,,,,
asymmetric,4,1415,34,bt,7,0,22720,16,98712,98712,98713,,,,98756,98723,98738,16,1:15,98739,98754,16,1:15,98740,98755,16,1:15,,,0,,,,0,,,,0,,,,0,,1,10,15,17,1,,,,
asymmetric,4,1416,34,bt,7,16,22848,16,98759,98759,98760,,,,98803,98770,98785,16,1:15,98786,98801,16,1:15,98787,98802,16,1:15,,,0,,,,0,,,,0,,,,0,,1,10,15,17,1,,,,
asymmetric,4,1417,34,c,0,0,41344,4,99893,99893,,99910,99909,99921,99922,,,0,,,,0,,,,0,,99894,99906,4,4:3,99896,99908,4,4:3,99897,99909,4,4:3,99910,99913,4,1:3,,,,,,16,4,8,1
asymmetric,4,1418,34,c,1,0,41600,4,99925,99925,,99942,99941,99953,99954,,,0,,,,0,,,,0,,99926,99938,4,4:3,99928,99940,4,4:3,99929,99941,4,4:3,99942,99945,4,1:3,,,,,,16,4,8,1
asymmetric,4,1419,34,c,2,0,41856,4,99957,99957,,99974,99973,99985,99986,,,0,,,,0,,,,0,,99958,99970,4,4:3,99960,99972,4,4:3,99961,99973,4,4:3,99974,99977,4,1:3,,,,,,16,4,8,1
asymmetric,4,1420,34,c,3,0,42112,4,99989,99989,,100006,100005,100017,100018,,,0,,,,0,,,,0,,99990,100002,4,4:3,99992,100004,4,4:3,99993,100005,4,4:3,100006,100009,4,1:3,,,,,,16,4,8,1
asymmetric,4,1421,34,c,4,0,42368,4,100021,100021,,100038,100037,100049,100050,,,0,,,,0,,,,0,,100022,100034,4,4:3,100024,100036,4,4:3,100025,100037,4,4:3,100038,100041,4,1:3,,,,,,16,4,8,1
asymmetric,4,1422,34,c,5,0,42624,4,100053,100053,,100070,100069,100081,100082,,,0,,,,0,,,,0,,100054,100066,4,4:3,100056,100068,4,4:3,100057,100069,4,4:3,100070,100073,4,1:3,,,,,,16,4,8,1
asymmetric,4,1423,34,c,6,0,42880,4,100085,100085,,100102,100101,100113,100114,,,0,,,,0,,,,0,,100086,100098,4,4:3,100088,100100,4,4:3,100089,100101,4,4:3,100102,100105,4,1:3,,,,,,16,4,8,1
asymmetric,4,1424,34,c,7,0,43136,4,100117,100117,,100134,100133,100145,100146,,,0,,,,0,,,,0,,100118,100130,4,4:3,100120,100132,4,4:3,100121,100133,4,4:3,100134,100137,4,1:3,,,,,,16,4,8,1
asymmetric,4,1425,35,a,0,0,8256,16,100155,100155,100156,,,,100199,100166,100181,16,1:15,100182,100197,16,1:15,100183,100198,16,1:15,,,0,,,,0,,,,0,,,,0,,1,10,15,17,1,,,,
asymmetric,4,1426,35,a,0,16,8384,16,100202,100202,100203,,,,100246,100213,100228,16,1:15,100229,100244,16,1:15,100230,100245,16,1:15,,,0,,,,0,,,,0,,,,0,,1,10,15,17,1,,,,
asymmetric,4,1427,35,a,1,0,8512,16,100249,100249,100250,,,,100293,100260,100275,16,1:15,100276,100291,16,1:15,100277,100292,16,1:15,,,0,,,,0,,,,0,,,,0,,1,10,15,17,1,,,,
asymmetric,4,1428,35,a,1,16,8640,16,100296,100296,100297,,,,100340,100307,100322,16,1:15,100323,100338,16,1:15,100324,100339,16,1:15,,,0,,,,0,,,,0,,,,0,,1,10,15,17,1,,,,
asymmetric,4,1429,35,a,2,0,8768,16,100343,100343,100344,,,,100387,100354,100369,16,1:15,100370,100385,16,1:15,100371,100386,16,1:15,,,0,,,,0,,,,0,,,,0,,1,10,15,17,1,,,,
asymmetric,4,1430,35,a,2,16,8896,16,100390,100390,100391,,,,100434,100401,100416,16,1:15,100417,100432,16,1:15,100418,100433,16,1:15,,,0,,,,0,,,,0,,,,0,,1,10,15,17,1,,,,
asymmetric,4,1431,35,a,3,0,9024,16,100437,100437,100438,,,,100481,100448,100463,16,1:15,100464,100479,16,1:15,100465,100480,16,1:15,,,0,,,,0,,,,0,,,,0,,1,10,15,17,1,,,,
asymmetric,4,1432,35,a,3,16,9152,16,100484,100484,100485,,,,100528,100495,100510,16,1:15,100511,100526,16,1:15,100512,100527,16,1:15,,,0,,,,0,,,,0,,,,0,,1,10,15,17,1,,,,
asymmetric,4,1433,35,a,4,0,9280,16,100531,100531,100532,,,,100575,100542,100557,16,1:15,100558,100573,16,1:15,100559,100574,16,1:15,,,0,,,,0,,,,0,,,,0,,1,10,15,17,1,,,,
asymmetric,4,1434,35,a,4,16,9408,16,100578,100578,100579,,,,100622,100589,100604,16,1:15,100605,100620,16,1:15,100606,100621,16,1:15,,,0,,,,0,,,,0,,,,0,,1,10,15,17,1,,,,
asymmetric,4,1435,35,a,5,0,9536,16,100625,100625,100626,,,,100669,100636,100651,16,1:15,100652,100667,16,1:15,100653,100668,16,1:15,,,0,,,,0,,,,0,,,,0,,1,10,15,17,1,,,,
asymmetric,4,1436,35,a,5,16,9664,16,100672,100672,100673,,,,100716,100683,100698,16,1:15,100699,100714,16,1:15,100700,100715,16,1:15,,,0,,,,0,,,,0,,,,0,,1,10,15,17,1,,,,
asymmetric,4,1437,35,a,6,0,9792,16,100719,100719,100720,,,,100763,100730,100745,16,1:15,100746,100761,16,1:15,100747,100762,16,1:15,,,0,,,,0,,,,0,,,,0,,1,10,15,17,1,,,,
asymmetric,4,1438,35,a,6,16,9920,16,100766,100766,100767,,,,100810,100777,100792,16,1:15,100793,100808,16,1:15,100794,100809,16,1:15,,,0,,,,0,,,,0,,,,0,,1,10,15,17,1,,,,
asymmetric,4,1439,35,a,7,0,10048,16,100813,100813,100814,,,,100857,100824,100839,16,1:15,100840,100855,16,1:15,100841,100856,16,1:15,,,0,,,,0,,,,0,,,,0,,1,10,15,17,1,,,,
asymmetric,4,1440,35,a,7,16,10176,16,100860,100860,100861,,,,100904,100871,100886,16,1:15,100887,100902,16,1:15,100888,100903,16,1:15,,,0,,,,0,,,,0,,,,0,,1,10,15,17,1,,,,
asymmetric,4,1441,35,bt,0,0,22976,16,100912,100912,100913,,,,100956,100923,100938,16,1:15,100939,100954,16,1:15,100940,100955,16,1:15,,,0,,,,0,,,,0,,,,0,,1,10,15,17,1,,,,
asymmetric,4,1442,35,bt,0,16,23104,16,100959,100959,100960,,,,101003,100970,100985,16,1:15,100986,101001,16,1:15,100987,101002,16,1:15,,,0,,,,0,,,,0,,,,0,,1,10,15,17,1,,,,
asymmetric,4,1443,35,bt,1,0,23232,16,101006,101006,101007,,,,101050,101017,101032,16,1:15,101033,101048,16,1:15,101034,101049,16,1:15,,,0,,,,0,,,,0,,,,0,,1,10,15,17,1,,,,
asymmetric,4,1444,35,bt,1,16,23360,16,101053,101053,101054,,,,101097,101064,101079,16,1:15,101080,101095,16,1:15,101081,101096,16,1:15,,,0,,,,0,,,,0,,,,0,,1,10,15,17,1,,,,
asymmetric,4,1445,35,bt,2,0,23488,16,101100,101100,101101,,,,101144,101111,101126,16,1:15,101127,101142,16,1:15,101128,101143,16,1:15,,,0,,,,0,,,,0,,,,0,,1,10,15,17,1,,,,
asymmetric,4,1446,35,bt,2,16,23616,16,101147,101147,101148,,,,101191,101158,101173,16,1:15,101174,101189,16,1:15,101175,101190,16,1:15,,,0,,,,0,,,,0,,,,0,,1,10,15,17,1,,,,
asymmetric,4,1447,35,bt,3,0,23744,16,101194,101194,101195,,,,101238,101205,101220,16,1:15,101221,101236,16,1:15,101222,101237,16,1:15,,,0,,,,0,,,,0,,,,0,,1,10,15,17,1,,,,
asymmetric,4,1448,35,bt,3,16,23872,16,101241,101241,101242,,,,101285,101252,101267,16,1:15,101268,101283,16,1:15,101269,101284,16,1:15,,,0,,,,0,,,,0,,,,0,,1,10,15,17,1,,,,
asymmetric,4,1449,35,bt,4,0,24000,16,101288,101288,101289,,,,101332,101299,101314,16,1:15,101315,101330,16,1:15,101316,101331,16,1:15,,,0,,,,0,,,,0,,,,0,,1,10,15,17,1,,,,
asymmetric,4,1450,35,bt,4,16,24128,16,101335,101335,101336,,,,101379,101346,101361,16,1:15,101362,101377,16,1:15,101363,101378,16,1:15,,,0,,,,0,,,,0,,,,0,,1,10,15,17,1,,,,
asymmetric,4,1451,35,bt,5,0,24256,16,101382,101382,101383,,,,101426,101393,101408,16,1:15,101409,101424,16,1:15,101410,101425,16,1:15,,,0,,,,0,,,,0,,,,0,,1,10,15,17,1,,,,
asymmetric,4,1452,35,bt,5,16,24384,16,101429,101429,101430,,,,101473,101440,101455,16,1:15,101456,101471,16,1:15,101457,101472,16,1:15,,,0,,,,0,,,,0,,,,0,,1,10,15,17,1,,,,
asymmetric,4,1453,35,bt,6,0,24512,8,101476,101476,101477,,,,101504,101487,101494,8,1:7,101495,101502,8,1:7,101496,101503,8,1:7,,,0,,,,0,,,,0,,,,0,,1,10,7,9,1,,,,
asymmetric,4,1454,35,bt,6,8,24576,16,101507,101507,101508,,,,101551,101518,101533,16,1:15,101534,101549,16,1:15,101535,101550,16,1:15,,,0,,,,0,,,,0,,,,0,,1,10,15,17,1,,,,
asymmetric,4,1455,35,bt,6,24,24704,8,101554,101554,101555,,,,101582,101565,101572,8,1:7,101573,101580,8,1:7,101574,101581,8,1:7,,,0,,,,0,,,,0,,,,0,,1,10,7,9,1,,,,
asymmetric,4,1456,35,bt,7,0,24768,16,101585,101585,101586,,,,101629,101596,101611,16,1:15,101612,101627,16,1:15,101613,101628,16,1:15,,,0,,,,0,,,,0,,,,0,,1,10,15,17,1,,,,
asymmetric,4,1457,35,bt,7,16,24896,16,101632,101632,101633,,,,101676,101643,101658,16,1:15,101659,101674,16,1:15,101660,101675,16,1:15,,,0,,,,0,,,,0,,,,0,,1,10,15,17,1,,,,
asymmetric,4,1458,35,c,0,0,41376,4,102766,102766,,102783,102782,102794,102795,,,0,,,,0,,,,0,,102767,102779,4,4:3,102769,102781,4,4:3,102770,102782,4,4:3,102783,102786,4,1:3,,,,,,16,4,8,1
asymmetric,4,1459,35,c,1,0,41632,4,102798,102798,,102815,102814,102826,102827,,,0,,,,0,,,,0,,102799,102811,4,4:3,102801,102813,4,4:3,102802,102814,4,4:3,102815,102818,4,1:3,,,,,,16,4,8,1
asymmetric,4,1460,35,c,2,0,41888,4,102830,102830,,102847,102846,102858,102859,,,0,,,,0,,,,0,,102831,102843,4,4:3,102833,102845,4,4:3,102834,102846,4,4:3,102847,102850,4,1:3,,,,,,16,4,8,1
asymmetric,4,1461,35,c,3,0,42144,4,102862,102862,,102879,102878,102890,102891,,,0,,,,0,,,,0,,102863,102875,4,4:3,102865,102877,4,4:3,102866,102878,4,4:3,102879,102882,4,1:3,,,,,,16,4,8,1
asymmetric,4,1462,35,c,4,0,42400,4,102894,102894,,102911,102910,102922,102923,,,0,,,,0,,,,0,,102895,102907,4,4:3,102897,102909,4,4:3,102898,102910,4,4:3,102911,102914,4,1:3,,,,,,16,4,8,1
asymmetric,4,1463,35,c,5,0,42656,4,102926,102926,,102943,102942,102954,102955,,,0,,,,0,,,,0,,102927,102939,4,4:3,102929,102941,4,4:3,102930,102942,4,4:3,102943,102946,4,1:3,,,,,,16,4,8,1
asymmetric,4,1464,35,c,6,0,42912,4,102958,102958,,102975,102974,102986,102987,,,0,,,,0,,,,0,,102959,102971,4,4:3,102961,102973,4,4:3,102962,102974,4,4:3,102975,102978,4,1:3,,,,,,16,4,8,1
asymmetric,4,1465,35,c,7,0,43168,4,102990,102990,,103007,103006,103018,103019,,,0,,,,0,,,,0,,102991,103003,4,4:3,102993,103005,4,4:3,102994,103006,4,4:3,103007,103010,4,1:3,,,,,,16,4,8,1
asymmetric,4,1466,36,a,0,0,8256,16,103028,103028,103029,,,,103072,103039,103054,16,1:15,103055,103070,16,1:15,103056,103071,16,1:15,,,0,,,,0,,,,0,,,,0,,1,10,15,17,1,,,,
asymmetric,4,1467,36,a,0,16,8384,16,103075,103075,103076,,,,103119,103086,103101,16,1:15,103102,103117,16,1:15,103103,103118,16,1:15,,,0,,,,0,,,,0,,,,0,,1,10,15,17,1,,,,
asymmetric,4,1468,36,a,1,0,8512,16,103122,103122,103123,,,,103166,103133,103148,16,1:15,103149,103164,16,1:15,103150,103165,16,1:15,,,0,,,,0,,,,0,,,,0,,1,10,15,17,1,,,,
asymmetric,4,1469,36,a,1,16,8640,16,103169,103169,103170,,,,103213,103180,103195,16,1:15,103196,103211,16,1:15,103197,103212,16,1:15,,,0,,,,0,,,,0,,,,0,,1,10,15,17,1,,,,
asymmetric,4,1470,36,a,2,0,8768,16,103216,103216,103217,,,,103260,103227,103242,16,1:15,103243,103258,16,1:15,103244,103259,16,1:15,,,0,,,,0,,,,0,,,,0,,1,10,15,17,1,,,,
asymmetric,4,1471,36,a,2,16,8896,16,103263,103263,103264,,,,103307,103274,103289,16,1:15,103290,103305,16,1:15,103291,103306,16,1:15,,,0,,,,0,,,,0,,,,0,,1,10,15,17,1,,,,
asymmetric,4,1472,36,a,3,0,9024,16,103310,103310,103311,,,,103354,103321,103336,16,1:15,103337,103352,16,1:15,103338,103353,16,1:15,,,0,,,,0,,,,0,,,,0,,1,10,15,17,1,,,,
asymmetric,4,1473,36,a,3,16,9152,16,103357,103357,103358,,,,103401,103368,103383,16,1:15,103384,103399,16,1:15,103385,103400,16,1:15,,,0,,,,0,,,,0,,,,0,,1,10,15,17,1,,,,
asymmetric,4,1474,36,a,4,0,9280,16,103404,103404,103405,,,,103448,103415,103430,16,1:15,103431,103446,16,1:15,103432,103447,16,1:15,,,0,,,,0,,,,0,,,,0,,1,10,15,17,1,,,,
asymmetric,4,1475,36,a,4,16,9408,16,103451,103451,103452,,,,103495,103462,103477,16,1:15,103478,103493,16,1:15,103479,103494,16,1:15,,,0,,,,0,,,,0,,,,0,,1,10,15,17,1,,,,
asymmetric,4,1476,36,a,5,0,9536,16,103498,103498,103499,,,,103542,103509,103524,16,1:15,103525,103540,16,1:15,103526,103541,16,1:15,,,0,,,,0,,,,0,,,,0,,1,10,15,17,1,,,,
asymmetric,4,1477,36,a,5,16,9664,16,103545,103545,103546,,,,103589,103556,103571,16,1:15,103572,103587,16,1:15,103573,103588,16,1:15,,,0,,,,0,,,,0,,,,0,,1,10,15,17,1,,,,
asymmetric,4,1478,36,a,6,0,9792,16,103592,103592,103593,,,,103636,103603,103618,16,1:15,103619,103634,16,1:15,103620,103635,16,1:15,,,0,,,,0,,,,0,,,,0,,1,10,15,17,1,,,,
asymmetric,4,1479,36,a,6,16,9920,16,103639,103639,103640,,,,103683,103650,103665,16,1:15,103666,103681,16,1:15,103667,103682,16,1:15,,,0,,,,0,,,,0,,,,0,,1,10,15,17,1,,,,
asymmetric,4,1480,36,a,7,0,10048,16,103686,103686,103687,,,,103730,103697,103712,16,1:15,103713,103728,16,1:15,103714,103729,16,1:15,,,0,,,,0,,,,0,,,,0,,1,10,15,17,1,,,,
asymmetric,4,1481,36,a,7,16,10176,16,103733,103733,103734,,,,103777,103744,103759,16,1:15,103760,103775,16,1:15,103761,103776,16,1:15,,,0,,,,0,,,,0,,,,0,,1,10,15,17,1,,,,
asymmetric,4,1482,36,bt,0,0,25024,16,103785,103785,103786,,,,103829,103796,103811,16,1:15,103812,103827,16,1:15,103813,103828,16,1:15,,,0,,,,0,,,,0,,,,0,,1,10,15,17,1,,,,
asymmetric,4,1483,36,bt,0,16,25152,16,103832,103832,103833,,,,103876,103843,103858,16,1:15,103859,103874,16,1:15,103860,103875,16,1:15,,,0,,,,0,,,,0,,,,0,,1,10,15,17,1,,,,
asymmetric,4,1484,36,bt,1,0,25280,16,103879,103879,103880,,,,103923,103890,103905,16,1:15,103906,103921,16,1:15,103907,103922,16,1:15,,,0,,,,0,,,,0,,,,0,,1,10,15,17,1,,,,
asymmetric,4,1485,36,bt,1,16,25408,16,103926,103926,103927,,,,103970,103937,103952,16,1:15,103953,103968,16,1:15,103954,103969,16,1:15,,,0,,,,0,,,,0,,,,0,,1,10,15,17,1,,,,
asymmetric,4,1486,36,bt,2,0,25536,16,103973,103973,103974,,,,104017,103984,103999,16,1:15,104000,104015,16,1:15,104001,104016,16,1:15,,,0,,,,0,,,,0,,,,0,,1,10,15,17,1,,,,
asymmetric,4,1487,36,bt,2,16,25664,16,104020,104020,104021,,,,104064,104031,104046,16,1:15,104047,104062,16,1:15,104048,104063,16,1:15,,,0,,,,0,,,,0,,,,0,,1,10,15,17,1,,,,
asymmetric,4,1488,36,bt,3,0,25792,16,104067,104067,104068,,,,104111,104078,104093,16,1:15,104094,104109,16,1:15,104095,104110,16,1:15,,,0,,,,0,,,,0,,,,0,,1,10,15,17,1,,,,
asymmetric,4,1489,36,bt,3,16,25920,16,104114,104114,104115,,,,104158,104125,104140,16,1:15,104141,104156,16,1:15,104142,104157,16,1:15,,,0,,,,0,,,,0,,,,0,,1,10,15,17,1,,,,
asymmetric,4,1490,36,bt,4,0,26048,16,104161,104161,104162,,,,104205,104172,104187,16,1:15,104188,104203,16,1:15,104189,104204,16,1:15,,,0,,,,0,,,,0,,,,0,,1,10,15,17,1,,,,
asymmetric,4,1491,36,bt,4,16,26176,16,104208,104208,104209,,,,104252,104219,104234,16,1:15,104235,104250,16,1:15,104236,104251,16,1:15,,,0,,,,0,,,,0,,,,0,,1,10,15,17,1,,,,
asymmetric,4,1492,36,bt,5,0,26304,16,104255,104255,104256,,,,104299,104266,104281,16,1:15,104282,104297,16,1:15,104283,104298,16,1:15,,,0,,,,0,,,,0,,,,0,,1,10,15,17,1,,,,
asymmetric,4,1493,36,bt,5,16,26432,16,104302,104302,104303,,,,104346,104313,104328,16,1:15,104329,104344,16,1:15,104330,104345,16,1:15,,,0,,,,0,,,,0,,,,0,,1,10,15,17,1,,,,
asymmetric,4,1494,36,bt,6,0,26560,16,104349,104349,104350,,,,104393,104360,104375,16,1:15,104376,104391,16,1:15,104377,104392,16,1:15,,,0,,,,0,,,,0,,,,0,,1,10,15,17,1,,,,
asymmetric,4,1495,36,bt,6,16,26688,16,104396,104396,104397,,,,104440,104407,104422,16,1:15,104423,104438,16,1:15,104424,104439,16,1:15,,,0,,,,0,,,,0,,,,0,,1,10,15,17,1,,,,
asymmetric,4,1496,36,bt,7,0,26816,16,104443,104443,104444,,,,104487,104454,104469,16,1:15,104470,104485,16,1:15,104471,104486,16,1:15,,,0,,,,0,,,,0,,,,0,,1,10,15,17,1,,,,
asymmetric,4,1497,36,bt,7,16,26944,16,104490,104490,104491,,,,104534,104501,104516,16,1:15,104517,104532,16,1:15,104518,104533,16,1:15,,,0,,,,0,,,,0,,,,0,,1,10,15,17,1,,,,
asymmetric,4,1498,36,c,0,0,41408,4,105624,105624,,105641,105640,105652,105653,,,0,,,,0,,,,0,,105625,105637,4,4:3,105627,105639,4,4:3,105628,105640,4,4:3,105641,105644,4,1:3,,,,,,16,4,8,1
asymmetric,4,1499,36,c,1,0,41664,4,105656,105656,,105673,105672,105684,105685,,,0,,,,0,,,,0,,105657,105669,4,4:3,105659,105671,4,4:3,105660,105672,4,4:3,105673,105676,4,1:3,,,,,,16,4,8,1
asymmetric,4,1500,36,c,2,0,41920,4,105688,105688,,105705,105704,105716,105717,,,0,,,,0,,,,0,,105689,105701,4,4:3,105691,105703,4,4:3,105692,105704,4,4:3,105705,105708,4,1:3,,,,,,16,4,8,1
asymmetric,4,1501,36,c,3,0,42176,4,105720,105720,,105737,105736,105748,105749,,,0,,,,0,,,,0,,105721,105733,4,4:3,105723,105735,4,4:3,105724,105736,4,4:3,105737,105740,4,1:3,,,,,,16,4,8,1
asymmetric,4,1502,36,c,4,0,42432,4,105752,105752,,105769,105768,105780,105781,,,0,,,,0,,,,0,,105753,105765,4,4:3,105755,105767,4,4:3,105756,105768,4,4:3,105769,105772,4,1:3,,,,,,16,4,8,1
asymmetric,4,1503,36,c,5,0,42688,4,105784,105784,,105801,105800,105812,105813,,,0,,,,0,,,,0,,105785,105797,4,4:3,105787,105799,4,4:3,105788,105800,4,4:3,105801,105804,4,1:3,,,,,,16,4,8,1
asymmetric,4,1504,36,c,6,0,42944,4,105816,105816,,105833,105832,105844,105845,,,0,,,,0,,,,0,,105817,105829,4,4:3,105819,105831,4,4:3,105820,105832,4,4:3,105833,105836,4,1:3,,,,,,16,4,8,1
asymmetric,4,1505,36,c,7,0,43200,4,105848,105848,,105865,105864,105876,105877,,,0,,,,0,,,,0,,105849,105861,4,4:3,105851,105863,4,4:3,105852,105864,4,4:3,105865,105868,4,1:3,,,,,,16,4,8,1
asymmetric,4,1506,37,a,0,0,8256,16,105886,105886,105887,,,,105930,105897,105912,16,1:15,105913,105928,16,1:15,105914,105929,16,1:15,,,0,,,,0,,,,0,,,,0,,1,10,15,17,1,,,,
asymmetric,4,1507,37,a,0,16,8384,16,105933,105933,105934,,,,105977,105944,105959,16,1:15,105960,105975,16,1:15,105961,105976,16,1:15,,,0,,,,0,,,,0,,,,0,,1,10,15,17,1,,,,
asymmetric,4,1508,37,a,1,0,8512,16,105980,105980,105981,,,,106024,105991,106006,16,1:15,106007,106022,16,1:15,106008,106023,16,1:15,,,0,,,,0,,,,0,,,,0,,1,10,15,17,1,,,,
asymmetric,4,1509,37,a,1,16,8640,16,106027,106027,106028,,,,106071,106038,106053,16,1:15,106054,106069,16,1:15,106055,106070,16,1:15,,,0,,,,0,,,,0,,,,0,,1,10,15,17,1,,,,
asymmetric,4,1510,37,a,2,0,8768,16,106074,106074,106075,,,,106118,106085,106100,16,1:15,106101,106116,16,1:15,106102,106117,16,1:15,,,0,,,,0,,,,0,,,,0,,1,10,15,17,1,,,,
asymmetric,4,1511,37,a,2,16,8896,16,106121,106121,106122,,,,106165,106132,106147,16,1:15,106148,106163,16,1:15,106149,106164,16,1:15,,,0,,,,0,,,,0,,,,0,,1,10,15,17,1,,,,
asymmetric,4,1512,37,a,3,0,9024,16,106168,106168,106169,,,,106212,106179,106194,16,1:15,106195,106210,16,1:15,106196,106211,16,1:15,,,0,,,,0,,,,0,,,,0,,1,10,15,17,1,,,,
asymmetric,4,1513,37,a,3,16,9152,16,106215,106215,106216,,,,106259,106226,106241,16,1:15,106242,106257,16,1:15,106243,106258,16,1:15,,,0,,,,0,,,,0,,,,0,,1,10,15,17,1,,,,
asymmetric,4,1514,37,a,4,0,9280,16,106262,106262,106263,,,,106306,106273,106288,16,1:15,106289,106304,16,1:15,106290,106305,16,1:15,,,0,,,,0,,,,0,,,,0,,1,10,15,17,1,,,,
asymmetric,4,1515,37,a,4,16,9408,16,106309,106309,106310,,,,106353,106320,106335,16,1:15,106336,106351,16,1:15,106337,106352,16,1:15,,,0,,,,0,,,,0,,,,0,,1,10,15,17,1,,,,
asymmetric,4,1516,37,a,5,0,9536,16,106356,106356,106357,,,,106400,106367,106382,16,1:15,106383,106398,16,1:15,106384,106399,16,1:15,,,0,,,,0,,,,0,,,,0,,1,10,15,17,1,,,,
asymmetric,4,1517,37,a,5,16,9664,16,106403,106403,106404,,,,106447,106414,106429,16,1:15,106430,106445,16,1:15,106431,106446,16,1:15,,,0,,,,0,,,,0,,,,0,,1,10,15,17,1,,,,
asymmetric,4,1518,37,a,6,0,9792,16,106450,106450,106451,,,,106494,106461,106476,16,1:15,106477,106492,16,1:15,106478,106493,16,1:15,,,0,,,,0,,,,0,,,,0,,1,10,15,17,1,,,,
asymmetric,4,1519,37,a,6,16,9920,16,106497,106497,106498,,,,106541,106508,106523,16,1:15,106524,106539,16,1:15,106525,106540,16,1:15,,,0,,,,0,,,,0,,,,0,,1,10,15,17,1,,,,
asymmetric,4,1520,37,a,7,0,10048,16,106544,106544,106545,,,,106588,106555,106570,16,1:15,106571,106586,16,1:15,106572,106587,16,1:15,,,0,,,,0,,,,0,,,,0,,1,10,15,17,1,,,,
asymmetric,4,1521,37,a,7,16,10176,16,106591,106591,106592,,,,106635,106602,106617,16,1:15,106618,106633,16,1:15,106619,106634,16,1:15,,,0,,,,0,,,,0,,,,0,,1,10,15,17,1,,,,
asymmetric,4,1522,37,bt,0,0,27072,16,106643,106643,106644,,,,106687,106654,106669,16,1:15,106670,106685,16,1:15,106671,106686,16,1:15,,,0,,,,0,,,,0,,,,0,,1,10,15,17,1,,,,
asymmetric,4,1523,37,bt,0,16,27200,16,106690,106690,106691,,,,106734,106701,106716,16,1:15,106717,106732,16,1:15,106718,106733,16,1:15,,,0,,,,0,,,,0,,,,0,,1,10,15,17,1,,,,
asymmetric,4,1524,37,bt,1,0,27328,16,106737,106737,106738,,,,106781,106748,106763,16,1:15,106764,106779,16,1:15,106765,106780,16,1:15,,,0,,,,0,,,,0,,,,0,,1,10,15,17,1,,,,
asymmetric,4,1525,37,bt,1,16,27456,16,106784,106784,106785,,,,106828,106795,106810,16,1:15,106811,106826,16,1:15,106812,106827,16,1:15,,,0,,,,0,,,,0,,,,0,,1,10,15,17,1,,,,
asymmetric,4,1526,37,bt,2,0,27584,16,106831,106831,106832,,,,106875,106842,106857,16,1:15,106858,106873,16,1:15,106859,106874,16,1:15,,,0,,,,0,,,,0,,,,0,,1,10,15,17,1,,,,
asymmetric,4,1527,37,bt,2,16,27712,16,106878,106878,106879,,,,106922,106889,106904,16,1:15,106905,106920,16,1:15,106906,106921,16,1:15,,,0,,,,0,,,,0,,,,0,,1,10,15,17,1,,,,
asymmetric,4,1528,37,bt,3,0,27840,16,106925,106925,106926,,,,106969,106936,106951,16,1:15,106952,106967,16,1:15,106953,106968,16,1:15,,,0,,,,0,,,,0,,,,0,,1,10,15,17,1,,,,
asymmetric,4,1529,37,bt,3,16,27968,16,106972,106972,106973,,,,107016,106983,106998,16,1:15,106999,107014,16,1:15,107000,107015,16,1:15,,,0,,,,0,,,,0,,,,0,,1,10,15,17,1,,,,
asymmetric,4,1530,37,bt,4,0,28096,16,107019,107019,107020,,,,107063,107030,107045,16,1:15,107046,107061,16,1:15,107047,107062,16,1:15,,,0,,,,0,,,,0,,,,0,,1,10,15,17,1,,,,
asymmetric,4,1531,37,bt,4,16,28224,16,107066,107066,107067,,,,107110,107077,107092,16,1:15,107093,107108,16,1:15,107094,107109,16,1:15,,,0,,,,0,,,,0,,,,0,,1,10,15,17,1,,,,
asymmetric,4,1532,37,bt,5,0,28352,16,107113,107113,107114,,,,107157,107124,107139,16,1:15,107140,107155,16,1:15,107141,107156,16,1:15,,,0,,,,0,,,,0,,,,0,,1,10,15,17,1,,,,
asymmetric,4,1533,37,bt,5,16,28480,16,107160,107160,107161,,,,107204,107171,107186,16,1:15,107187,107202,16,1:15,107188,107203,16,1:15,,,0,,,,0,,,,0,,,,0,,1,10,15,17,1,,,,
asymmetric,4,1534,37,bt,6,0,28608,8,107207,107207,107208,,,,107235,107218,107225,8,1:7,107226,107233,8,1:7,107227,107234,8,1:7,,,0,,,,0,,,,0,,,,0,,1,10,7,9,1,,,,
asymmetric,4,1535,37,bt,6,8,28672,16,107238,107238,107239,,,,107282,107249,107264,16,1:15,107265,107280,16,1:15,107266,107281,16,1:15,,,0,,,,0,,,,0,,,,0,,1,10,15,17,1,,,,
asymmetric,4,1536,37,bt,6,24,28800,8,107285,107285,107286,,,,107313,107296,107303,8,1:7,107304,107311,8,1:7,107305,107312,8,1:7,,,0,,,,0,,,,0,,,,0,,1,10,7,9,1,,,,
asymmetric,4,1537,37,bt,7,0,28864,16,107316,107316,107317,,,,107360,107327,107342,16,1:15,107343,107358,16,1:15,107344,107359,16,1:15,,,0,,,,0,,,,0,,,,0,,1,10,15,17,1,,,,
asymmetric,4,1538,37,bt,7,16,28992,16,107363,107363,107364,,,,107407,107374,107389,16,1:15,107390,107405,16,1:15,107391,107406,16,1:15,,,0,,,,0,,,,0,,,,0,,1,10,15,17,1,,,,
asymmetric,4,1539,37,c,0,0,41440,4,108497,108497,,108514,108513,108525,108526,,,0,,,,0,,,,0,,108498,108510,4,4:3,108500,108512,4,4:3,108501,108513,4,4:3,108514,108517,4,1:3,,,,,,16,4,8,1
asymmetric,4,1540,37,c,1,0,41696,4,108529,108529,,108546,108545,108557,108558,,,0,,,,0,,,,0,,108530,108542,4,4:3,108532,108544,4,4:3,108533,108545,4,4:3,108546,108549,4,1:3,,,,,,16,4,8,1
asymmetric,4,1541,37,c,2,0,41952,4,108561,108561,,108578,108577,108589,108590,,,0,,,,0,,,,0,,108562,108574,4,4:3,108564,108576,4,4:3,108565,108577,4,4:3,108578,108581,4,1:3,,,,,,16,4,8,1
asymmetric,4,1542,37,c,3,0,42208,4,108593,108593,,108610,108609,108621,108622,,,0,,,,0,,,,0,,108594,108606,4,4:3,108596,108608,4,4:3,108597,108609,4,4:3,108610,108613,4,1:3,,,,,,16,4,8,1
asymmetric,4,1543,37,c,4,0,42464,4,108625,108625,,108642,108641,108653,108654,,,0,,,,0,,,,0,,108626,108638,4,4:3,108628,108640,4,4:3,108629,108641,4,4:3,108642,108645,4,1:3,,,,,,16,4,8,1
asymmetric,4,1544,37,c,5,0,42720,4,108657,108657,,108674,108673,108685,108686,,,0,,,,0,,,,0,,108658,108670,4,4:3,108660,108672,4,4:3,108661,108673,4,4:3,108674,108677,4,1:3,,,,,,16,4,8,1
asymmetric,4,1545,37,c,6,0,42976,4,108689,108689,,108706,108705,108717,108718,,,0,,,,0,,,,0,,108690,108702,4,4:3,108692,108704,4,4:3,108693,108705,4,4:3,108706,108709,4,1:3,,,,,,16,4,8,1
asymmetric,4,1546,37,c,7,0,43232,4,108721,108721,,108738,108737,108749,108750,,,0,,,,0,,,,0,,108722,108734,4,4:3,108724,108736,4,4:3,108725,108737,4,4:3,108738,108741,4,1:3,,,,,,16,4,8,1
asymmetric,4,1547,38,a,0,0,8256,16,108759,108759,108760,,,,108803,108770,108785,16,1:15,108786,108801,16,1:15,108787,108802,16,1:15,,,0,,,,0,,,,0,,,,0,,1,10,15,17,1,,,,
asymmetric,4,1548,38,a,0,16,8384,16,108806,108806,108807,,,,108850,108817,108832,16,1:15,108833,108848,16,1:15,108834,108849,16,1:15,,,0,,,,0,,,,0,,,,0,,1,10,15,17,1,,,,
asymmetric,4,1549,38,a,1,0,8512,16,108853,108853,108854,,,,108897,108864,108879,16,1:15,108880,108895,16,1:15,108881,108896,16,1:15,,,0,,,,0,,,,0,,,,0,,1,10,15,17,1,,,,
asymmetric,4,1550,38,a,1,16,8640,16,108900,108900,108901,,,,108944,108911,108926,16,1:15,108927,108942,16,1:15,108928,108943,16,1:15,,,0,,,,0,,,,0,,,,0,,1,10,15,17,1,,,,
asymmetric,4,1551,38,a,2,0,8768,16,108947,108947,108948,,,,108991,108958,108973,16,1:15,108974,108989,16,1:15,108975,108990,16,1:15,,,0,,,,0,,,,0,,,,0,,1,10,15,17,1,,,,
asymmetric,4,1552,38,a,2,16,8896,16,108994,108994,108995,,,,109038,109005,109020,16,1:15,109021,109036,16,1:15,109022,109037,16,1:15,,,0,,,,0,,,,0,,,,0,,1,10,15,17,1,,,,
asymmetric,4,1553,38,a,3,0,9024,16,109041,109041,109042,,,,109085,109052,109067,16,1:15,109068,109083,16,1:15,109069,109084,16,1:15,,,0,,,,0,,,,0,,,,0,,1,10,15,17,1,,,,
asymmetric,4,1554,38,a,3,16,9152,16,109088,109088,109089,,,,109132,109099,109114,16,1:15,109115,109130,16,1:15,109116,109131,16,1:15,,,0,,,,0,,,,0,,,,0,,1,10,15,17,1,,,,
asymmetric,4,1555,38,a,4,0,9280,16,109135,109135,109136,,,,109179,109146,109161,16,1:15,109162,109177,16,1:15,109163,109178,16,1:15,,,0,,,,0,,,,0,,,,0,,1,10,15,17,1,,,,
asymmetric,4,1556,38,a,4,16,9408,16,109182,109182,109183,,,,109226,109193,109208,16,1:15,109209,109224,16,1:15,109210,109225,16,1:15,,,0,,,,0,,,,0,,,,0,,1,10,15,17,1,,,,
asymmetric,4,1557,38,a,5,0,9536,16,109229,109229,109230,,,,109273,109240,109255,16,1:15,109256,109271,16,1:15,109257,109272,16,1:15,,,0,,,,0,,,,0,,,,0,,1,10,15,17,1,,,,
asymmetric,4,1558,38,a,5,16,9664,16,109276,109276,109277,,,,109320,109287,109302,16,1:15,109303,109318,16,1:15,109304,109319,16,1:15,,,0,,,,0,,,,0,,,,0,,1,10,15,17,1,,,,
asymmetric,4,1559,38,a,6,0,9792,16,109323,109323,109324,,,,109367,109334,109349,16,1:15,109350,109365,16,1:15,109351,109366,16,1:15,,,0,,,,0,,,,0,,,,0,,1,10,15,17,1,,,,
asymmetric,4,1560,38,a,6,16,9920,16,109370,109370,109371,,,,109414,109381,109396,16,1:15,109397,109412,16,1:15,109398,109413,16,1:15,,,0,,,,0,,,,0,,,,0,,1,10,15,17,1,,,,
asymmetric,4,1561,38,a,7,0,10048,16,109417,109417,109418,,,,109461,109428,109443,16,1:15,109444,109459,16,1:15,109445,109460,16,1:15,,,0,,,,0,,,,0,,,,0,,1,10,15,17,1,,,,
asymmetric,4,1562,38,a,7,16,10176,16,109464,109464,109465,,,,109508,109475,109490,16,1:15,109491,109506,16,1:15,109492,109507,16,1:15,,,0,,,,0,,,,0,,,,0,,1,10,15,17,1,,,,
asymmetric,4,1563,38,bt,0,0,29120,16,109516,109516,109517,,,,109560,109527,109542,16,1:15,109543,109558,16,1:15,109544,109559,16,1:15,,,0,,,,0,,,,0,,,,0,,1,10,15,17,1,,,,
asymmetric,4,1564,38,bt,0,16,29248,16,109563,109563,109564,,,,109607,109574,109589,16,1:15,109590,109605,16,1:15,109591,109606,16,1:15,,,0,,,,0,,,,0,,,,0,,1,10,15,17,1,,,,
asymmetric,4,1565,38,bt,1,0,29376,16,109610,109610,109611,,,,109654,109621,109636,16,1:15,109637,109652,16,1:15,109638,109653,16,1:15,,,0,,,,0,,,,0,,,,0,,1,10,15,17,1,,,,
asymmetric,4,1566,38,bt,1,16,29504,16,109657,109657,109658,,,,109701,109668,109683,16,1:15,109684,109699,16,1:15,109685,109700,16,1:15,,,0,,,,0,,,,0,,,,0,,1,10,15,17,1,,,,
asymmetric,4,1567,38,bt,2,0,29632,16,109704,109704,109705,,,,109748,109715,109730,16,1:15,109731,109746,16,1:15,109732,109747,16,1:15,,,0,,,,0,,,,0,,,,0,,1,10,15,17,1,,,,
asymmetric,4,1568,38,bt,2,16,29760,16,109751,109751,109752,,,,109795,109762,109777,16,1:15,109778,109793,16,1:15,109779,109794,16,1:15,,,0,,,,0,,,,0,,,,0,,1,10,15,17,1,,,,
asymmetric,4,1569,38,bt,3,0,29888,16,109798,109798,109799,,,,109842,109809,109824,16,1:15,109825,109840,16,1:15,109826,109841,16,1:15,,,0,,,,0,,,,0,,,,0,,1,10,15,17,1,,,,
asymmetric,4,1570,38,bt,3,16,30016,16,109845,109845,109846,,,,109889,109856,109871,16,1:15,109872,109887,16,1:15,109873,109888,16,1:15,,,0,,,,0,,,,0,,,,0,,1,10,15,17,1,,,,
asymmetric,4,1571,38,bt,4,0,30144,16,109892,109892,109893,,,,109936,109903,109918,16,1:15,109919,109934,16,1:15,109920,109935,16,1:15,,,0,,,,0,,,,0,,,,0,,1,10,15,17,1,,,,
asymmetric,4,1572,38,bt,4,16,30272,16,109939,109939,109940,,,,109983,109950,109965,16,1:15,109966,109981,16,1:15,109967,109982,16,1:15,,,0,,,,0,,,,0,,,,0,,1,10,15,17,1,,,,
asymmetric,4,1573,38,bt,5,0,30400,16,109986,109986,109987,,,,110030,109997,110012,16,1:15,110013,110028,16,1:15,110014,110029,16,1:15,,,0,,,,0,,,,0,,,,0,,1,10,15,17,1,,,,
asymmetric,4,1574,38,bt,5,16,30528,16,110033,110033,110034,,,,110077,110044,110059,16,1:15,110060,110075,16,1:15,110061,110076,16,1:15,,,0,,,,0,,,,0,,,,0,,1,10,15,17,1,,,,
asymmetric,4,1575,38,bt,6,0,30656,16,110080,110080,110081,,,,110124,110091,110106,16,1:15,110107,110122,16,1:15,110108,110123,16,1:15,,,0,,,,0,,,,0,,,,0,,1,10,15,17,1,,,,
asymmetric,4,1576,38,bt,6,16,30784,16,110127,110127,110128,,,,110171,110138,110153,16,1:15,110154,110169,16,1:15,110155,110170,16,1:15,,,0,,,,0,,,,0,,,,0,,1,10,15,17,1,,,,
asymmetric,4,1577,38,bt,7,0,30912,16,110174,110174,110175,,,,110218,110185,110200,16,1:15,110201,110216,16,1:15,110202,110217,16,1:15,,,0,,,,0,,,,0,,,,0,,1,10,15,17,1,,,,
asymmetric,4,1578,38,bt,7,16,31040,16,110221,110221,110222,,,,110265,110232,110247,16,1:15,110248,110263,16,1:15,110249,110264,16,1:15,,,0,,,,0,,,,0,,,,0,,1,10,15,17,1,,,,
asymmetric,4,1579,38,c,0,0,41472,4,111355,111355,,111372,111371,111383,111384,,,0,,,,0,,,,0,,111356,111368,4,4:3,111358,111370,4,4:3,111359,111371,4,4:3,111372,111375,4,1:3,,,,,,16,4,8,1
asymmetric,4,1580,38,c,1,0,41728,4,111387,111387,,111404,111403,111415,111416,,,0,,,,0,,,,0,,111388,111400,4,4:3,111390,111402,4,4:3,111391,111403,4,4:3,111404,111407,4,1:3,,,,,,16,4,8,1
asymmetric,4,1581,38,c,2,0,41984,4,111419,111419,,111436,111435,111447,111448,,,0,,,,0,,,,0,,111420,111432,4,4:3,111422,111434,4,4:3,111423,111435,4,4:3,111436,111439,4,1:3,,,,,,16,4,8,1
asymmetric,4,1582,38,c,3,0,42240,4,111451,111451,,111468,111467,111479,111480,,,0,,,,0,,,,0,,111452,111464,4,4:3,111454,111466,4,4:3,111455,111467,4,4:3,111468,111471,4,1:3,,,,,,16,4,8,1
asymmetric,4,1583,38,c,4,0,42496,4,111483,111483,,111500,111499,111511,111512,,,0,,,,0,,,,0,,111484,111496,4,4:3,111486,111498,4,4:3,111487,111499,4,4:3,111500,111503,4,1:3,,,,,,16,4,8,1
asymmetric,4,1584,38,c,5,0,42752,4,111515,111515,,111532,111531,111543,111544,,,0,,,,0,,,,0,,111516,111528,4,4:3,111518,111530,4,4:3,111519,111531,4,4:3,111532,111535,4,1:3,,,,,,16,4,8,1
asymmetric,4,1585,38,c,6,0,43008,4,111547,111547,,111564,111563,111575,111576,,,0,,,,0,,,,0,,111548,111560,4,4:3,111550,111562,4,4:3,111551,111563,4,4:3,111564,111567,4,1:3,,,,,,16,4,8,1
asymmetric,4,1586,38,c,7,0,43264,4,111579,111579,,111596,111595,111607,111608,,,0,,,,0,,,,0,,111580,111592,4,4:3,111582,111594,4,4:3,111583,111595,4,4:3,111596,111599,4,1:3,,,,,,16,4,8,1
asymmetric,4,1587,39,a,0,0,8256,16,111617,111617,111618,,,,111661,111628,111643,16,1:15,111644,111659,16,1:15,111645,111660,16,1:15,,,0,,,,0,,,,0,,,,0,,1,10,15,17,1,,,,
asymmetric,4,1588,39,a,0,16,8384,16,111664,111664,111665,,,,111708,111675,111690,16,1:15,111691,111706,16,1:15,111692,111707,16,1:15,,,0,,,,0,,,,0,,,,0,,1,10,15,17,1,,,,
asymmetric,4,1589,39,a,1,0,8512,16,111711,111711,111712,,,,111755,111722,111737,16,1:15,111738,111753,16,1:15,111739,111754,16,1:15,,,0,,,,0,,,,0,,,,0,,1,10,15,17,1,,,,
asymmetric,4,1590,39,a,1,16,8640,16,111758,111758,111759,,,,111802,111769,111784,16,1:15,111785,111800,16,1:15,111786,111801,16,1:15,,,0,,,,0,,,,0,,,,0,,1,10,15,17,1,,,,
asymmetric,4,1591,39,a,2,0,8768,16,111805,111805,111806,,,,111849,111816,111831,16,1:15,111832,111847,16,1:15,111833,111848,16,1:15,,,0,,,,0,,,,0,,,,0,,1,10,15,17,1,,,,
asymmetric,4,1592,39,a,2,16,8896,16,111852,111852,111853,,,,111896,111863,111878,16,1:15,111879,111894,16,1:15,111880,111895,16,1:15,,,0,,,,0,,,,0,,,,0,,1,10,15,17,1,,,,
asymmetric,4,1593,39,a,3,0,9024,16,111899,111899,111900,,,,111943,111910,111925,16,1:15,111926,111941,16,1:15,111927,111942,16,1:15,,,0,,,,0,,,,0,,,,0,,1,10,15,17,1,,,,
asymmetric,4,1594,39,a,3,16,9152,16,111946,111946,111947,,,,111990,111957,111972,16,1:15,111973,111988,16,1:15,111974,111989,16,1:15,,,0,,,,0,,,,0,,,,0,,1,10,15,17,1,,,,
asymmetric,4,1595,39,a,4,0,9280,16,111993,111993,111994,,,,112037,112004,112019,16,1:15,112020,112035,16,1:15,112021,112036,16,1:15,,,0,,,,0,,,,0,,,,0,,1,10,15,17,1,,,,
asymmetric,4,1596,39,a,4,16,9408,16,112040,112040,112041,,,,112084,112051,112066,16,1:15,112067,112082,16,1:15,112068,112083,16,1:15,,,0,,,,0,,,,0,,,,0,,1,10,15,17,1,,,,
asymmetric,4,1597,39,a,5,0,9536,16,112087,112087,112088,,,,112131,112098,112113,16,1:15,112114,112129,16,1:15,112115,112130,16,1:15,,,0,,,,0,,,,0,,,,0,,1,10,15,17,1,,,,
asymmetric,4,1598,39,a,5,16,9664,16,112134,112134,112135,,,,112178,112145,112160,16,1:15,112161,112176,16,1:15,112162,112177,16,1:15,,,0,,,,0,,,,0,,,,0,,1,10,15,17,1,,,,
asymmetric,4,1599,39,a,6,0,9792,16,112181,112181,112182,,,,112225,112192,112207,16,1:15,112208,112223,16,1:15,112209,112224,16,1:15,,,0,,,,0,,,,0,,,,0,,1,10,15,17,1,,,,
asymmetric,4,1600,39,a,6,16,9920,16,112228,112228,112229,,,,112272,112239,112254,16,1:15,112255,112270,16,1:15,112256,112271,16,1:15,,,0,,,,0,,,,0,,,,0,,1,10,15,17,1,,,,
asymmetric,4,1601,39,a,7,0,10048,16,112275,112275,112276,,,,112319,112286,112301,16,1:15,112302,112317,16,1:15,112303,112318,16,1:15,,,0,,,,0,,,,0,,,,0,,1,10,15,17,1,,,,
asymmetric,4,1602,39,a,7,16,10176,16,112322,112322,112323,,,,112366,112333,112348,16,1:15,112349,112364,16,1:15,112350,112365,16,1:15,,,0,,,,0,,,,0,,,,0,,1,10,15,17,1,,,,
asymmetric,4,1603,39,bt,0,0,31168,16,112374,112374,112375,,,,112418,112385,112400,16,1:15,112401,112416,16,1:15,112402,112417,16,1:15,,,0,,,,0,,,,0,,,,0,,1,10,15,17,1,,,,
asymmetric,4,1604,39,bt,0,16,31296,16,112421,112421,112422,,,,112465,112432,112447,16,1:15,112448,112463,16,1:15,112449,112464,16,1:15,,,0,,,,0,,,,0,,,,0,,1,10,15,17,1,,,,
asymmetric,4,1605,39,bt,1,0,31424,16,112468,112468,112469,,,,112512,112479,112494,16,1:15,112495,112510,16,1:15,112496,112511,16,1:15,,,0,,,,0,,,,0,,,,0,,1,10,15,17,1,,,,
asymmetric,4,1606,39,bt,1,16,31552,16,112515,112515,112516,,,,112559,112526,112541,16,1:15,112542,112557,16,1:15,112543,112558,16,1:15,,,0,,,,0,,,,0,,,,0,,1,10,15,17,1,,,,
asymmetric,4,1607,39,bt,2,0,31680,16,112562,112562,112563,,,,112606,112573,112588,16,1:15,112589,112604,16,1:15,112590,112605,16,1:15,,,0,,,,0,,,,0,,,,0,,1,10,15,17,1,,,,
asymmetric,4,1608,39,bt,2,16,31808,16,112609,112609,112610,,,,112653,112620,112635,16,1:15,112636,112651,16,1:15,112637,112652,16,1:15,,,0,,,,0,,,,0,,,,0,,1,10,15,17,1,,,,
asymmetric,4,1609,39,bt,3,0,31936,16,112656,112656,112657,,,,112700,112667,112682,16,1:15,112683,112698,16,1:15,112684,112699,16,1:15,,,0,,,,0,,,,0,,,,0,,1,10,15,17,1,,,,
asymmetric,4,1610,39,bt,3,16,32064,16,112703,112703,112704,,,,112747,112714,112729,16,1:15,112730,112745,16,1:15,112731,112746,16,1:15,,,0,,,,0,,,,0,,,,0,,1,10,15,17,1,,,,
asymmetric,4,1611,39,bt,4,0,32192,16,112750,112750,112751,,,,112794,112761,112776,16,1:15,112777,112792,16,1:15,112778,112793,16,1:15,,,0,,,,0,,,,0,,,,0,,1,10,15,17,1,,,,
asymmetric,4,1612,39,bt,4,16,32320,16,112797,112797,112798,,,,112841,112808,112823,16,1:15,112824,112839,16,1:15,112825,112840,16,1:15,,,0,,,,0,,,,0,,,,0,,1,10,15,17,1,,,,
asymmetric,4,1613,39,bt,5,0,32448,16,112844,112844,112845,,,,112888,112855,112870,16,1:15,112871,112886,16,1:15,112872,112887,16,1:15,,,0,,,,0,,,,0,,,,0,,1,10,15,17,1,,,,
asymmetric,4,1614,39,bt,5,16,32576,16,112891,112891,112892,,,,112935,112902,112917,16,1:15,112918,112933,16,1:15,112919,112934,16,1:15,,,0,,,,0,,,,0,,,,0,,1,10,15,17,1,,,,
asymmetric,4,1615,39,bt,6,0,32704,8,112938,112938,112939,,,,112966,112949,112956,8,1:7,112957,112964,8,1:7,112958,112965,8,1:7,,,0,,,,0,,,,0,,,,0,,1,10,7,9,1,,,,
asymmetric,4,1616,39,bt,6,8,32768,16,112969,112969,112970,,,,113013,112980,112995,16,1:15,112996,113011,16,1:15,112997,113012,16,1:15,,,0,,,,0,,,,0,,,,0,,1,10,15,17,1,,,,
asymmetric,4,1617,39,bt,6,24,32896,8,113016,113016,113017,,,,113044,113027,113034,8,1:7,113035,113042,8,1:7,113036,113043,8,1:7,,,0,,,,0,,,,0,,,,0,,1,10,7,9,1,,,,
asymmetric,4,1618,39,c,0,0,41504,4,114134,114134,,114151,114150,114162,114163,,,0,,,,0,,,,0,,114135,114147,4,4:3,114137,114149,4,4:3,114138,114150,4,4:3,114151,114154,4,1:3,,,,,,16,4,8,1
asymmetric,4,1619,39,c,1,0,41760,4,114166,114166,,114183,114182,114194,114195,,,0,,,,0,,,,0,,114167,114179,4,4:3,114169,114181,4,4:3,114170,114182,4,4:3,114183,114186,4,1:3,,,,,,16,4,8,1
asymmetric,4,1620,39,c,2,0,42016,4,114198,114198,,114215,114214,114226,114227,,,0,,,,0,,,,0,,114199,114211,4,4:3,114201,114213,4,4:3,114202,114214,4,4:3,114215,114218,4,1:3,,,,,,16,4,8,1
asymmetric,4,1621,39,c,3,0,42272,4,114230,114230,,114247,114246,114258,114259,,,0,,,,0,,,,0,,114231,114243,4,4:3,114233,114245,4,4:3,114234,114246,4,4:3,114247,114250,4,1:3,,,,,,16,4,8,1
asymmetric,4,1622,39,c,4,0,42528,4,114262,114262,,114279,114278,114290,114291,,,0,,,,0,,,,0,,114263,114275,4,4:3,114265,114277,4,4:3,114266,114278,4,4:3,114279,114282,4,1:3,,,,,,16,4,8,1
asymmetric,4,1623,39,c,5,0,42784,4,114294,114294,,114311,114310,114322,114323,,,0,,,,0,,,,0,,114295,114307,4,4:3,114297,114309,4,4:3,114298,114310,4,4:3,114311,114314,4,1:3,,,,,,16,4,8,1
asymmetric,4,1624,39,c,6,0,43040,4,114326,114326,,114343,114342,114354,114355,,,0,,,,0,,,,0,,114327,114339,4,4:3,114329,114341,4,4:3,114330,114342,4,4:3,114343,114346,4,1:3,,,,,,16,4,8,1
asymmetric,4,1625,39,c,7,0,43296,4,114358,114358,,114375,114374,114386,114387,,,0,,,,0,,,,0,,114359,114371,4,4:3,114361,114373,4,4:3,114362,114374,4,4:3,114375,114378,4,1:3,,,,,,16,4,8,1
asymmetric,4,1626,40,a,0,0,10304,16,114396,114396,114397,,,,114440,114407,114422,16,1:15,114423,114438,16,1:15,114424,114439,16,1:15,,,0,,,,0,,,,0,,,,0,,1,10,15,17,1,,,,
asymmetric,4,1627,40,a,0,16,10432,16,114443,114443,114444,,,,114487,114454,114469,16,1:15,114470,114485,16,1:15,114471,114486,16,1:15,,,0,,,,0,,,,0,,,,0,,1,10,15,17,1,,,,
asymmetric,4,1628,40,a,1,0,10560,16,114490,114490,114491,,,,114534,114501,114516,16,1:15,114517,114532,16,1:15,114518,114533,16,1:15,,,0,,,,0,,,,0,,,,0,,1,10,15,17,1,,,,
asymmetric,4,1629,40,a,1,16,10688,16,114537,114537,114538,,,,114581,114548,114563,16,1:15,114564,114579,16,1:15,114565,114580,16,1:15,,,0,,,,0,,,,0,,,,0,,1,10,15,17,1,,,,
asymmetric,4,1630,40,a,2,0,10816,16,114584,114584,114585,,,,114628,114595,114610,16,1:15,114611,114626,16,1:15,114612,114627,16,1:15,,,0,,,,0,,,,0,,,,0,,1,10,15,17,1,,,,
asymmetric,4,1631,40,a,2,16,10944,16,114631,114631,114632,,,,114675,114642,114657,16,1:15,114658,114673,16,1:15,114659,114674,16,1:15,,,0,,,,0,,,,0,,,,0,,1,10,15,17,1,,,,
asymmetric,4,1632,40,a,3,0,11072,16,114678,114678,114679,,,,114722,114689,114704,16,1:15,114705,114720,16,1:15,114706,114721,16,1:15,,,0,,,,0,,,,0,,,,0,,1,10,15,17,1,,,,
asymmetric,4,1633,40,a,3,16,11200,16,114725,114725,114726,,,,114769,114736,114751,16,1:15,114752,114767,16,1:15,114753,114768,16,1:15,,,0,,,,0,,,,0,,,,0,,1,10,15,17,1,,,,
asymmetric,4,1634,40,a,4,0,11328,16,114772,114772,114773,,,,114816,114783,114798,16,1:15,114799,114814,16,1:15,114800,114815,16,1:15,,,0,,,,0,,,,0,,,,0,,1,10,15,17,1,,,,
asymmetric,4,1635,40,a,4,16,11456,16,114819,114819,114820,,,,114863,114830,114845,16,1:15,114846,114861,16,1:15,114847,114862,16,1:15,,,0,,,,0,,,,0,,,,0,,1,10,15,17,1,,,,
asymmetric,4,1636,40,a,5,0,11584,16,114866,114866,114867,,,,114910,114877,114892,16,1:15,114893,114908,16,1:15,114894,114909,16,1:15,,,0,,,,0,,,,0,,,,0,,1,10,15,17,1,,,,
asymmetric,4,1637,40,a,5,16,11712,16,114913,114913,114914,,,,114957,114924,114939,16,1:15,114940,114955,16,1:15,114941,114956,16,1:15,,,0,,,,0,,,,0,,,,0,,1,10,15,17,1,,,,
asymmetric,4,1638,40,a,6,0,11840,16,114960,114960,114961,,,,115004,114971,114986,16,1:15,114987,115002,16,1:15,114988,115003,16,1:15,,,0,,,,0,,,,0,,,,0,,1,10,15,17,1,,,,
asymmetric,4,1639,40,a,6,16,11968,16,115007,115007,115008,,,,115051,115018,115033,16,1:15,115034,115049,16,1:15,115035,115050,16,1:15,,,0,,,,0,,,,0,,,,0,,1,10,15,17,1,,,,
asymmetric,4,1640,40,a,7,0,12096,16,115054,115054,115055,,,,115098,115065,115080,16,1:15,115081,115096,16,1:15,115082,115097,16,1:15,,,0,,,,0,,,,0,,,,0,,1,10,15,17,1,,,,
asymmetric,4,1641,40,a,7,16,12224,8,115101,115101,115102,,,,115129,115112,115119,8,1:7,115120,115127,8,1:7,115121,115128,8,1:7,,,0,,,,0,,,,0,,,,0,,1,10,7,9,1,,,,
asymmetric,4,1642,40,a,7,24,12288,8,115132,115132,115133,,,,115160,115143,115150,8,1:7,115151,115158,8,1:7,115152,115159,8,1:7,,,0,,,,0,,,,0,,,,0,,1,10,7,9,1,,,,
asymmetric,4,1643,40,bt,0,0,16832,16,115168,115168,115169,,,,115212,115179,115194,16,1:15,115195,115210,16,1:15,115196,115211,16,1:15,,,0,,,,0,,,,0,,,,0,,1,10,15,17,1,,,,
asymmetric,4,1644,40,bt,0,16,16960,16,115215,115215,115216,,,,115259,115226,115241,16,1:15,115242,115257,16,1:15,115243,115258,16,1:15,,,0,,,,0,,,,0,,,,0,,1,10,15,17,1,,,,
asymmetric,4,1645,40,bt,1,0,17088,16,115262,115262,115263,,,,115306,115273,115288,16,1:15,115289,115304,16,1:15,115290,115305,16,1:15,,,0,,,,0,,,,0,,,,0,,1,10,15,17,1,,,,
asymmetric,4,1646,40,bt,1,16,17216,16,115309,115309,115310,,,,115353,115320,115335,16,1:15,115336,115351,16,1:15,115337,115352,16,1:15,,,0,,,,0,,,,0,,,,0,,1,10,15,17,1,,,,
asymmetric,4,1647,40,bt,2,0,17344,16,115356,115356,115357,,,,115400,115367,115382,16,1:15,115383,115398,16,1:15,115384,115399,16,1:15,,,0,,,,0,,,,0,,,,0,,1,10,15,17,1,,,,
asymmetric,4,1648,40,bt,2,16,17472,16,115403,115403,115404,,,,115447,115414,115429,16,1:15,115430,115445,16,1:15,115431,115446,16,1:15,,,0,,,,0,,,,0,,,,0,,1,10,15,17,1,,,,
asymmetric,4,1649,40,bt,3,0,17600,16,115450,115450,115451,,,,115494,115461,115476,16,1:15,115477,115492,16,1:15,115478,115493,16,1:15,,,0,,,,0,,,,0,,,,0,,1,10,15,17,1,,,,
asymmetric,4,1650,40,bt,3,16,17728,16,115497,115497,115498,,,,115541,115508,115523,16,1:15,115524,115539,16,1:15,115525,115540,16,1:15,,,0,,,,0,,,,0,,,,0,,1,10,15,17,1,,,,
asymmetric,4,1651,40,bt,4,0,17856,16,115544,115544,115545,,,,115588,115555,115570,16,1:15,115571,115586,16,1:15,115572,115587,16,1:15,,,0,,,,0,,,,0,,,,0,,1,10,15,17,1,,,,
asymmetric,4,1652,40,bt,4,16,17984,16,115591,115591,115592,,,,115635,115602,115617,16,1:15,115618,115633,16,1:15,115619,115634,16,1:15,,,0,,,,0,,,,0,,,,0,,1,10,15,17,1,,,,
asymmetric,4,1653,40,bt,5,0,18112,16,115638,115638,115639,,,,115682,115649,115664,16,1:15,115665,115680,16,1:15,115666,115681,16,1:15,,,0,,,,0,,,,0,,,,0,,1,10,15,17,1,,,,
asymmetric,4,1654,40,bt,5,16,18240,16,115685,115685,115686,,,,115729,115696,115711,16,1:15,115712,115727,16,1:15,115713,115728,16,1:15,,,0,,,,0,,,,0,,,,0,,1,10,15,17,1,,,,
asymmetric,4,1655,40,bt,6,0,18368,16,115732,115732,115733,,,,115776,115743,115758,16,1:15,115759,115774,16,1:15,115760,115775,16,1:15,,,0,,,,0,,,,0,,,,0,,1,10,15,17,1,,,,
asymmetric,4,1656,40,bt,6,16,18496,16,115779,115779,115780,,,,115823,115790,115805,16,1:15,115806,115821,16,1:15,115807,115822,16,1:15,,,0,,,,0,,,,0,,,,0,,1,10,15,17,1,,,,
asymmetric,4,1657,40,bt,7,0,18624,16,115826,115826,115827,,,,115870,115837,115852,16,1:15,115853,115868,16,1:15,115854,115869,16,1:15,,,0,,,,0,,,,0,,,,0,,1,10,15,17,1,,,,
asymmetric,4,1658,40,bt,7,16,18752,16,115873,115873,115874,,,,115917,115884,115899,16,1:15,115900,115915,16,1:15,115901,115916,16,1:15,,,0,,,,0,,,,0,,,,0,,1,10,15,17,1,,,,
asymmetric,4,1659,40,c,0,0,43328,4,117007,117007,,117024,117023,117035,117036,,,0,,,,0,,,,0,,117008,117020,4,4:3,117010,117022,4,4:3,117011,117023,4,4:3,117024,117027,4,1:3,,,,,,16,4,8,1
asymmetric,4,1660,40,c,1,0,43584,4,117039,117039,,117056,117055,117067,117068,,,0,,,,0,,,,0,,117040,117052,4,4:3,117042,117054,4,4:3,117043,117055,4,4:3,117056,117059,4,1:3,,,,,,16,4,8,1
asymmetric,4,1661,40,c,2,0,43840,4,117071,117071,,117088,117087,117099,117100,,,0,,,,0,,,,0,,117072,117084,4,4:3,117074,117086,4,4:3,117075,117087,4,4:3,117088,117091,4,1:3,,,,,,16,4,8,1
asymmetric,4,1662,40,c,3,0,44096,4,117103,117103,,117120,117119,117131,117132,,,0,,,,0,,,,0,,117104,117116,4,4:3,117106,117118,4,4:3,117107,117119,4,4:3,117120,117123,4,1:3,,,,,,16,4,8,1
asymmetric,4,1663,40,c,4,0,44352,4,117135,117135,,117152,117151,117163,117164,,,0,,,,0,,,,0,,117136,117148,4,4:3,117138,117150,4,4:3,117139,117151,4,4:3,117152,117155,4,1:3,,,,,,16,4,8,1
asymmetric,4,1664,40,c,5,0,44608,4,117167,117167,,117184,117183,117195,117196,,,0,,,,0,,,,0,,117168,117180,4,4:3,117170,117182,4,4:3,117171,117183,4,4:3,117184,117187,4,1:3,,,,,,16,4,8,1
asymmetric,4,1665,40,c,6,0,44864,4,117199,117199,,117216,117215,117227,117228,,,0,,,,0,,,,0,,117200,117212,4,4:3,117202,117214,4,4:3,117203,117215,4,4:3,117216,117219,4,1:3,,,,,,16,4,8,1
asymmetric,4,1666,40,c,7,0,45120,4,117231,117231,,117248,117247,117259,117260,,,0,,,,0,,,,0,,117232,117244,4,4:3,117234,117246,4,4:3,117235,117247,4,4:3,117248,117251,4,1:3,,,,,,16,4,8,1
asymmetric,4,1667,41,a,0,0,10304,16,117269,117269,117270,,,,117313,117280,117295,16,1:15,117296,117311,16,1:15,117297,117312,16,1:15,,,0,,,,0,,,,0,,,,0,,1,10,15,17,1,,,,
asymmetric,4,1668,41,a,0,16,10432,16,117316,117316,117317,,,,117360,117327,117342,16,1:15,117343,117358,16,1:15,117344,117359,16,1:15,,,0,,,,0,,,,0,,,,0,,1,10,15,17,1,,,,
asymmetric,4,1669,41,a,1,0,10560,16,117363,117363,117364,,,,117407,117374,117389,16,1:15,117390,117405,16,1:15,117391,117406,16,1:15,,,0,,,,0,,,,0,,,,0,,1,10,15,17,1,,,,
asymmetric,4,1670,41,a,1,16,10688,16,117410,117410,117411,,,,117454,117421,117436,16,1:15,117437,117452,16,1:15,117438,117453,16,1:15,,,0,,,,0,,,,0,,,,0,,1,10,15,17,1,,,,
asymmetric,4,1671,41,a,2,0,10816,16,117457,117457,117458,,,,117501,117468,117483,16,1:15,117484,117499,16,1:15,117485,117500,16,1:15,,,0,,,,0,,,,0,,,,0,,1,10,15,17,1,,,,
asymmetric,4,1672,41,a,2,16,10944,16,117504,117504,117505,,,,117548,117515,117530,16,1:15,117531,117546,16,1:15,117532,117547,16,1:15,,,0,,,,0,,,,0,,,,0,,1,10,15,17,1,,,,
asymmetric,4,1673,41,a,3,0,11072,16,117551,117551,117552,,,,117595,117562,117577,16,1:15,117578,117593,16,1:15,117579,117594,16,1:15,,,0,,,,0,,,,0,,,,0,,1,10,15,17,1,,,,
asymmetric,4,1674,41,a,3,16,11200,16,117598,117598,117599,,,,117642,117609,117624,16,1:15,117625,117640,16,1:15,117626,117641,16,1:15,,,0,,,,0,,,,0,,,,0,,1,10,15,17,1,,,,
asymmetric,4,1675,41,a,4,0,11328,16,117645,117645,117646,,,,117689,117656,117671,16,1:15,117672,117687,16,1:15,117673,117688,16,1:15,,,0,,,,0,,,,0,,,,0,,1,10,15,17,1,,,,
asymmetric,4,1676,41,a,4,16,11456,16,117692,117692,117693,,,,117736,117703,117718,16,1:15,117719,117734,16,1:15,117720,117735,16,1:15,,,0,,,,0,,,,0,,,,0,,1,10,15,17,1,,,,
asymmetric,4,1677,41,a,5,0,11584,16,117739,117739,117740,,,,117783,117750,117765,16,1:15,117766,117781,16,1:15,117767,117782,16,1:15,,,0,,,,0,,,,0,,,,0,,1,10,15,17,1,,,,
asymmetric,4,1678,41,a,5,16,11712,16,117786,117786,117787,,,,117830,117797,117812,16,1:15,117813,117828,16,1:15,117814,117829,16,1:15,,,0,,,,0,,,,0,,,,0,,1,10,15,17,1,,,,
asymmetric,4,1679,41,a,6,0,11840,16,117833,117833,117834,,,,117877,117844,117859,16,1:15,117860,117875,16,1:15,117861,117876,16,1:15,,,0,,,,0,,,,0,,,,0,,1,10,15,17,1,,,,
asymmetric,4,1680,41,a,6,16,11968,16,117880,117880,117881,,,,117924,117891,117906,16,1:15,117907,117922,16,1:15,117908,117923,16,1:15,,,0,,,,0,,,,0,,,,0,,1,10,15,17,1,,,,
asymmetric,4,1681,41,a,7,0,12096,16,117927,117927,117928,,,,117971,117938,117953,16,1:15,117954,117969,16,1:15,117955,117970,16,1:15,,,0,,,,0,,,,0,,,,0,,1,10,15,17,1,,,,
asymmetric,4,1682,41,a,7,16,12224,8,117974,117974,117975,,,,118002,117985,117992,8,1:7,117993,118000,8,1:7,117994,118001,8,1:7,,,0,,,,0,,,,0,,,,0,,1,10,7,9,1,,,,
asymmetric,4,1683,41,a,7,24,12288,8,118005,118005,118006,,,,118033,118016,118023,8,1:7,118024,118031,8,1:7,118025,118032,8,1:7,,,0,,,,0,,,,0,,,,0,,1,10,7,9,1,,,,
asymmetric,4,1684,41,bt,0,0,18880,16,118041,118041,118042,,,,118085,118052,118067,16,1:15,118068,118083,16,1:15,118069,118084,16,1:15,,,0,,,,0,,,,0,,,,0,,1,10,15,17,1,,,,
asymmetric,4,1685,41,bt,0,16,19008,16,118088,118088,118089,,,,118132,118099,118114,16,1:15,118115,118130,16,1:15,118116,118131,16,1:15,,,0,,,,0,,,,0,,,,0,,1,10,15,17,1,,,,
asymmetric,4,1686,41,bt,1,0,19136,16,118135,118135,118136,,,,118179,118146,118161,16,1:15,118162,118177,16,1:15,118163,118178,16,1:15,,,0,,,,0,,,,0,,,,0,,1,10,15,17,1,,,,
asymmetric,4,1687,41,bt,1,16,19264,16,118182,118182,118183,,,,118226,118193,118208,16,1:15,118209,118224,16,1:15,118210,118225,16,1:15,,,0,,,,0,,,,0,,,,0,,1,10,15,17,1,,,,
asymmetric,4,1688,41,bt,2,0,19392,16,118229,118229,118230,,,,118273,118240,118255,16,1:15,118256,118271,16,1:15,118257,118272,16,1:15,,,0,,,,0,,,,0,,,,0,,1,10,15,17,1,,,,
asymmetric,4,1689,41,bt,2,16,19520,16,118276,118276,118277,,,,118320,118287,118302,16,1:15,118303,118318,16,1:15,118304,118319,16,1:15,,,0,,,,0,,,,0,,,,0,,1,10,15,17,1,,,,
asymmetric,4,1690,41,bt,3,0,19648,16,118323,118323,118324,,,,118367,118334,118349,16,1:15,118350,118365,16,1:15,118351,118366,16,1:15,,,0,,,,0,,,,0,,,,0,,1,10,15,17,1,,,,
asymmetric,4,1691,41,bt,3,16,19776,16,118370,118370,118371,,,,118414,118381,118396,16,1:15,118397,118412,16,1:15,118398,118413,16,1:15,,,0,,,,0,,,,0,,,,0,,1,10,15,17,1,,,,
asymmetric,4,1692,41,bt,4,0,19904,16,118417,118417,118418,,,,118461,118428,118443,16,1:15,118444,118459,16,1:15,118445,118460,16,1:15,,,0,,,,0,,,,0,,,,0,,1,10,15,17,1,,,,
asymmetric,4,1693,41,bt,4,16,20032,16,118464,118464,118465,,,,118508,118475,118490,16,1:15,118491,118506,16,1:15,118492,118507,16,1:15,,,0,,,,0,,,,0,,,,0,,1,10,15,17,1,,,,
asymmetric,4,1694,41,bt,5,0,20160,16,118511,118511,118512,,,,118555,118522,118537,16,1:15,118538,118553,16,1:15,118539,118554,16,1:15,,,0,,,,0,,,,0,,,,0,,1,10,15,17,1,,,,
asymmetric,4,1695,41,bt,5,16,20288,16,118558,118558,118559,,,,118602,118569,118584,16,1:15,118585,118600,16,1:15,118586,118601,16,1:15,,,0,,,,0,,,,0,,,,0,,1,10,15,17,1,,,,
asymmetric,4,1696,41,bt,6,0,20416,8,118605,118605,118606,,,,118633,118616,118623,8,1:7,118624,118631,8,1:7,118625,118632,8,1:7,,,0,,,,0,,,,0,,,,0,,1,10,7,9,1,,,,
asymmetric,4,1697,41,bt,6,8,20480,16,118636,118636,118637,,,,118680,118647,118662,16,1:15,118663,118678,16,1:15,118664,118679,16,1:15,,,0,,,,0,,,,0,,,,0,,1,10,15,17,1,,,,
asymmetric,4,1698,41,bt,6,24,20608,8,118683,118683,118684,,,,118711,118694,118701,8,1:7,118702,118709,8,1:7,118703,118710,8,1:7,,,0,,,,0,,,,0,,,,0,,1,10,7,9,1,,,,
asymmetric,4,1699,41,bt,7,0,20672,16,118714,118714,118715,,,,118758,118725,118740,16,1:15,118741,118756,16,1:15,118742,118757,16,1:15,,,0,,,,0,,,,0,,,,0,,1,10,15,17,1,,,,
asymmetric,4,1700,41,bt,7,16,20800,16,118761,118761,118762,,,,118805,118772,118787,16,1:15,118788,118803,16,1:15,118789,118804,16,1:15,,,0,,,,0,,,,0,,,,0,,1,10,15,17,1,,,,
asymmetric,4,1701,41,c,0,0,43360,4,119895,119895,,119912,119911,119923,119924,,,0,,,,0,,,,0,,119896,119908,4,4:3,119898,119910,4,4:3,119899,119911,4,4:3,119912,119915,4,1:3,,,,,,16,4,8,1
asymmetric,4,1702,41,c,1,0,43616,4,119927,119927,,119944,119943,119955,119956,,,0,,,,0,,,,0,,119928,119940,4,4:3,119930,119942,4,4:3,119931,119943,4,4:3,119944,119947,4,1:3,,,,,,16,4,8,1
asymmetric,4,1703,41,c,2,0,43872,4,119959,119959,,119976,119975,119987,119988,,,0,,,,0,,,,0,,119960,119972,4,4:3,119962,119974,4,4:3,119963,119975,4,4:3,119976,119979,4,1:3,,,,,,16,4,8,1
asymmetric,4,1704,41,c,3,0,44128,4,119991,119991,,120008,120007,120019,120020,,,0,,,,0,,,,0,,119992,120004,4,4:3,119994,120006,4,4:3,119995,120007,4,4:3,120008,120011,4,1:3,,,,,,16,4,8,1
asymmetric,4,1705,41,c,4,0,44384,4,120023,120023,,120040,120039,120051,120052,,,0,,,,0,,,,0,,120024,120036,4,4:3,120026,120038,4,4:3,120027,120039,4,4:3,120040,120043,4,1:3,,,,,,16,4,8,1
asymmetric,4,1706,41,c,5,0,44640,4,120055,120055,,120072,120071,120083,120084,,,0,,,,0,,,,0,,120056,120068,4,4:3,120058,120070,4,4:3,120059,120071,4,4:3,120072,120075,4,1:3,,,,,,16,4,8,1
asymmetric,4,1707,41,c,6,0,44896,4,120087,120087,,120104,120103,120115,120116,,,0,,,,0,,,,0,,120088,120100,4,4:3,120090,120102,4,4:3,120091,120103,4,4:3,120104,120107,4,1:3,,,,,,16,4,8,1
asymmetric,4,1708,41,c,7,0,45152,4,120119,120119,,120136,120135,120147,120148,,,0,,,,0,,,,0,,120120,120132,4,4:3,120122,120134,4,4:3,120123,120135,4,4:3,120136,120139,4,1:3,,,,,,16,4,8,1
asymmetric,4,1709,42,a,0,0,10304,16,120157,120157,120158,,,,120201,120168,120183,16,1:15,120184,120199,16,1:15,120185,120200,16,1:15,,,0,,,,0,,,,0,,,,0,,1,10,15,17,1,,,,
asymmetric,4,1710,42,a,0,16,10432,16,120204,120204,120205,,,,120248,120215,120230,16,1:15,120231,120246,16,1:15,120232,120247,16,1:15,,,0,,,,0,,,,0,,,,0,,1,10,15,17,1,,,,
asymmetric,4,1711,42,a,1,0,10560,16,120251,120251,120252,,,,120295,120262,120277,16,1:15,120278,120293,16,1:15,120279,120294,16,1:15,,,0,,,,0,,,,0,,,,0,,1,10,15,17,1,,,,
asymmetric,4,1712,42,a,1,16,10688,16,120298,120298,120299,,,,120342,120309,120324,16,1:15,120325,120340,16,1:15,120326,120341,16,1:15,,,0,,,,0,,,,0,,,,0,,1,10,15,17,1,,,,
asymmetric,4,1713,42,a,2,0,10816,16,120345,120345,120346,,,,120389,120356,120371,16,1:15,120372,120387,16,1:15,120373,120388,16,1:15,,,0,,,,0,,,,0,,,,0,,1,10,15,17,1,,,,
asymmetric,4,1714,42,a,2,16,10944,16,120392,120392,120393,,,,120436,120403,120418,16,1:15,120419,120434,16,1:15,120420,120435,16,1:15,,,0,,,,0,,,,0,,,,0,,1,10,15,17,1,,,,
asymmetric,4,1715,42,a,3,0,11072,16,120439,120439,120440,,,,120483,120450,120465,16,1:15,120466,120481,16,1:15,120467,120482,16,1:15,,,0,,,,0,,,,0,,,,0,,1,10,15,17,1,,,,
asymmetric,4,1716,42,a,3,16,11200,16,120486,120486,120487,,,,120530,120497,120512,16,1:15,120513,120528,16,1:15,120514,120529,16,1:15,,,0,,,,0,,,,0,,,,0,,1,10,15,17,1,,,,
asymmetric,4,1717,42,a,4,0,11328,16,120533,120533,120534,,,,120577,120544,120559,16,1:15,120560,120575,16,1:15,120561,120576,16,1:15,,,0,,,,0,,,,0,,,,0,,1,10,15,17,1,,,,
asymmetric,4,1718,42,a,4,16,11456,16,120580,120580,120581,,,,120624,120591,120606,16,1:15,120607,120622,16,1:15,120608,120623,16,1:15,,,0,,,,0,,,,0,,,,0,,1,10,15,17,1,,,,
asymmetric,4,1719,42,a,5,0,11584,16,120627,120627,120628,,,,120671,120638,120653,16,1:15,120654,120669,16,1:15,120655,120670,16,1:15,,,0,,,,0,,,,0,,,,0,,1,10,15,17,1,,,,
asymmetric,4,1720,42,a,5,16,11712,16,120674,120674,120675,,,,120718,120685,120700,16,1:15,120701,120716,16,1:15,120702,120717,16,1:15,,,0,,,,0,,,,0,,,,0,,1,10,15,17,1,,,,
asymmetric,4,1721,42,a,6,0,11840,16,120721,120721,120722,,,,120765,120732,120747,16,1:15,120748,120763,16,1:15,120749,120764,16,1:15,,,0,,,,0,,,,0,,,,0,,1,10,15,17,1,,,,
asymmetric,4,1722,42,a,6,16,11968,16,120768,120768,120769,,,,120812,120779,120794,16,1:15,120795,120810,16,1:15,120796,120811,16,1:15,,,0,,,,0,,,,0,,,,0,,1,10,15,17,1,,,,
asymmetric,4,1723,42,a,7,0,12096,16,120815,120815,120816,,,,120859,120826,120841,16,1:15,120842,120857,16,1:15,120843,120858,16,1:15,,,0,,,,0,,,,0,,,,0,,1,10,15,17,1,,,,
asymmetric,4,1724,42,a,7,16,12224,8,120862,120862,120863,,,,120890,120873,120880,8,1:7,120881,120888,8,1:7,120882,120889,8,1:7,,,0,,,,0,,,,0,,,,0,,1,10,7,9,1,,,,
asymmetric,4,1725,42,a,7,24,12288,8,120893,120893,120894,,,,120921,120904,120911,8,1:7,120912,120919,8,1:7,120913,120920,8,1:7,,,0,,,,0,,,,0,,,,0,,1,10,7,9,1,,,,
asymmetric,4,1726,42,bt,0,0,20928,16,120929,120929,120930,,,,120973,120940,120955,16,1:15,120956,120971,16,1:15,120957,120972,16,1:15,,,0,,,,0,,,,0,,,,0,,1,10,15,17,1,,,,
asymmetric,4,1727,42,bt,0,16,21056,16,120976,120976,120977,,,,121020,120987,121002,16,1:15,121003,121018,16,1:15,121004,121019,16,1:15,,,0,,,,0,,,,0,,,,0,,1,10,15,17,1,,,,
asymmetric,4,1728,42,bt,1,0,21184,16,121023,121023,121024,,,,121067,121034,121049,16,1:15,121050,121065,16,1:15,121051,121066,16,1:15,,,0,,,,0,,,,0,,,,0,,1,10,15,17,1,,,,
asymmetric,4,1729,42,bt,1,16,21312,16,121070,121070,121071,,,,121114,121081,121096,16,1:15,121097,121112,16,1:15,121098,121113,16,1:15,,,0,,,,0,,,,0,,,,0,,1,10,15,17,1,,,,
asymmetric,4,1730,42,bt,2,0,21440,16,121117,121117,121118,,,,121161,121128,121143,16,1:15,121144,121159,16,1:15,121145,121160,16,1:15,,,0,,,,0,,,,0,,,,0,,1,10,15,17,1,,,,
asymmetric,4,1731,42,bt,2,16,21568,16,121164,121164,121165,,,,121208,121175,121190,16,1:15,121191,121206,16,1:15,121192,121207,16,1:15,,,0,,,,0,,,,0,,,,0,,1,10,15,17,1,,,,
asymmetric,4,1732,42,bt,3,0,21696,16,121211,121211,121212,,,,121255,121222,121237,16,1:15,121238,121253,16,1:15,121239,121254,16,1:15,,,0,,,,0,,,,0,,,,0,,1,10,15,17,1,,,,
asymmetric,4,1733,42,bt,3,16,21824,16,121258,121258,121259,,,,121302,121269,121284,16,1:15,121285,121300,16,1:15,121286,121301,16,1:15,,,0,,,,0,,,,0,,,,0,,1,10,15,17,1,,,,
asymmetric,4,1734,42,bt,4,0,21952,16,121305,121305,121306,,,,121349,121316,121331,16,1:15,121332,121347,16,1:15,121333,121348,16,1:15,,,0,,,,0,,,,0,,,,0,,1,10,15,17,1,,,,
asymmetric,4,1735,42,bt,4,16,22080,16,121352,121352,121353,,,,121396,121363,121378,16,1:15,121379,121394,16,1:15,121380,121395,16,1:15,,,0,,,,0,,,,0,,,,0,,1,10,15,17,1,,,,
asymmetric,4,1736,42,bt,5,0,22208,16,121399,121399,121400,,,,121443,121410,121425,16,1:15,121426,121441,16,1:15,121427,121442,16,1:15,,,0,,,,0,,,,0,,,,0,,1,10,15,17,1,,,,
asymmetric,4,1737,42,bt,5,16,22336,16,121446,121446,121447,,,,121490,121457,121472,16,1:15,121473,121488,16,1:15,121474,121489,16,1:15,,,0,,,,0,,,,0,,,,0,,1,10,15,17,1,,,,
asymmetric,4,1738,42,bt,6,0,22464,16,121493,121493,121494,,,,121537,121504,121519,16,1:15,121520,121535,16,1:15,121521,121536,16,1:15,,,0,,,,0,,,,0,,,,0,,1,10,15,17,1,,,,
asymmetric,4,1739,42,bt,6,16,22592,16,121540,121540,121541,,,,121584,121551,121566,16,1:15,121567,121582,16,1:15,121568,121583,16,1:15,,,0,,,,0,,,,0,,,,0,,1,10,15,17,1,,,,
asymmetric,4,1740,42,bt,7,0,22720,16,121587,121587,121588,,,,121631,121598,121613,16,1:15,121614,121629,16,1:15,121615,121630,16,1:15,,,0,,,,0,,,,0,,,,0,,1,10,15,17,1,,,,
asymmetric,4,1741,42,bt,7,16,22848,16,121634,121634,121635,,,,121678,121645,121660,16,1:15,121661,121676,16,1:15,121662,121677,16,1:15,,,0,,,,0,,,,0,,,,0,,1,10,15,17,1,,,,
asymmetric,4,1742,42,c,0,0,43392,4,122768,122768,,122785,122784,122796,122797,,,0,,,,0,,,,0,,122769,122781,4,4:3,122771,122783,4,4:3,122772,122784,4,4:3,122785,122788,4,1:3,,,,,,16,4,8,1
asymmetric,4,1743,42,c,1,0,43648,4,122800,122800,,122817,122816,122828,122829,,,0,,,,0,,,,0,,122801,122813,4,4:3,122803,122815,4,4:3,122804,122816,4,4:3,122817,122820,4,1:3,,,,,,16,4,8,1
asymmetric,4,1744,42,c,2,0,43904,4,122832,122832,,122849,122848,122860,122861,,,0,,,,0,,,,0,,122833,122845,4,4:3,122835,122847,4,4:3,122836,122848,4,4:3,122849,122852,4,1:3,,,,,,16,4,8,1
asymmetric,4,1745,42,c,3,0,44160,4,122864,122864,,122881,122880,122892,122893,,,0,,,,0,,,,0,,122865,122877,4,4:3,122867,122879,4,4:3,122868,122880,4,4:3,122881,122884,4,1:3,,,,,,16,4,8,1
asymmetric,4,1746,42,c,4,0,44416,4,122896,122896,,122913,122912,122924,122925,,,0,,,,0,,,,0,,122897,122909,4,4:3,122899,122911,4,4:3,122900,122912,4,4:3,122913,122916,4,1:3,,,,,,16,4,8,1
asymmetric,4,1747,42,c,5,0,44672,4,122928,122928,,122945,122944,122956,122957,,,0,,,,0,,,,0,,122929,122941,4,4:3,122931,122943,4,4:3,122932,122944,4,4:3,122945,122948,4,1:3,,,,,,16,4,8,1
asymmetric,4,1748,42,c,6,0,44928,4,122960,122960,,122977,122976,122988,122989,,,0,,,,0,,,,0,,122961,122973,4,4:3,122963,122975,4,4:3,122964,122976,4,4:3,122977,122980,4,1:3,,,,,,16,4,8,1
asymmetric,4,1749,42,c,7,0,45184,4,122992,122992,,123009,123008,123020,123021,,,0,,,,0,,,,0,,122993,123005,4,4:3,122995,123007,4,4:3,122996,123008,4,4:3,123009,123012,4,1:3,,,,,,16,4,8,1
asymmetric,4,1750,43,a,0,0,10304,16,123030,123030,123031,,,,123074,123041,123056,16,1:15,123057,123072,16,1:15,123058,123073,16,1:15,,,0,,,,0,,,,0,,,,0,,1,10,15,17,1,,,,
asymmetric,4,1751,43,a,0,16,10432,16,123077,123077,123078,,,,123121,123088,123103,16,1:15,123104,123119,16,1:15,123105,123120,16,1:15,,,0,,,,0,,,,0,,,,0,,1,10,15,17,1,,,,
asymmetric,4,1752,43,a,1,0,10560,16,123124,123124,123125,,,,123168,123135,123150,16,1:15,123151,123166,16,1:15,123152,123167,16,1:15,,,0,,,,0,,,,0,,,,0,,1,10,15,17,1,,,,
asymmetric,4,1753,43,a,1,16,10688,16,123171,123171,123172,,,,123215,123182,123197,16,1:15,123198,123213,16,1:15,123199,123214,16,1:15,,,0,,,,0,,,,0,,,,0,,1,10,15,17,1,,,,
asymmetric,4,1754,43,a,2,0,10816,16,123218,123218,123219,,,,123262,123229,123244,16,1:15,123245,123260,16,1:15,123246,123261,16,1:15,,,0,,,,0,,,,0,,,,0,,1,10,15,17,1,,,,
asymmetric,4,1755,43,a,2,16,10944,16,123265,123265,123266,,,,123309,123276,123291,16,1:15,123292,123307,16,1:15,123293,123308,16,1:15,,,0,,,,0,,,,0,,,,0,,1,10,15,17,1,,,,
asymmetric,4,1756,43,a,3,0,11072,16,123312,123312,123313,,,,123356,123323,123338,16,1:15,123339,123354,16,1:15,123340,123355,16,1:15,,,0,,,,0,,,,0,,,,0,,1,10,15,17,1,,,,
asymmetric,4,1757,43,a,3,16,11200,16,123359,123359,123360,,,,123403,123370,123385,16,1:15,123386,123401,16,1:15,123387,123402,16,1:15,,,0,,,,0,,,,0,,,,0,,1,10,15,17,1,,,,
asymmetric,4,1758,43,a,4,0,11328,16,123406,123406,123407,,,,123450,123417,123432,16,1:15,123433,123448,16,1:15,123434,123449,16,1:15,,,0,,,,0,,,,0,,,,0,,1,10,15,17,1,,,,
asymmetric,4,1759,43,a,4,16,11456,16,123453,123453,123454,,,,123497,123464,123479,16,1:15,123480,123495,16,1:15,123481,123496,16,1:15,,,0,,,,0,,,,0,,,,0,,1,10,15,17,1,,,,
asymmetric,4,1760,43,a,5,0,11584,16,123500,123500,123501,,,,123544,123511,123526,16,1:15,123527,123542,16,1:15,123528,123543,16,1:15,,,0,,,,0,,,,0,,,,0,,1,10,15,17,1,,,,
asymmetric,4,1761,43,a,5,16,11712,16,123547,123547,123548,,,,123591,123558,123573,16,1:15,123574,123589,16,1:15,123575,123590,16,1:15,,,0,,,,0,,,,0,,,,0,,1,10,15,17,1,,,,
asymmetric,4,1762,43,a,6,0,11840,16,123594,123594,123595,,,,123638,123605,123620,16,1:15,123621,123636,16,1:15,123622,123637,16,1:15,,,0,,,,0,,,,0,,,,0,,1,10,15,17,1,,,,
asymmetric,4,1763,43,a,6,16,11968,16,123641,123641,123642,,,,123685,123652,123667,16,1:15,123668,123683,16,1:15,123669,123684,16,1:15,,,0,,,,0,,,,0,,,,0,,1,10,15,17,1,,,,
asymmetric,4,1764,43,a,7,0,12096,16,123688,123688,123689,,,,123732,123699,123714,16,1:15,123715,123730,16,1:15,123716,123731,16,1:15,,,0,,,,0,,,,0,,,,0,,1,10,15,17,1,,,,
asymmetric,4,1765,43,a,7,16,12224,8,123735,123735,123736,,,,123763,123746,123753,8,1:7,123754,123761,8,1:7,123755,123762,8,1:7,,,0,,,,0,,,,0,,,,0,,1,10,7,9,1,,,,
asymmetric,4,1766,43,a,7,24,12288,8,123766,123766,123767,,,,123794,123777,123784,8,1:7,123785,123792,8,1:7,123786,123793,8,1:7,,,0,,,,0,,,,0,,,,0,,1,10,7,9,1,,,,
asymmetric,4,1767,43,bt,0,0,22976,16,123802,123802,123803,,,,123846,123813,123828,16,1:15,123829,123844,16,1:15,123830,123845,16,1:15,,,0,,,,0,,,,0,,,,0,,1,10,15,17,1,,,,
asymmetric,4,1768,43,bt,0,16,23104,16,123849,123849,123850,,,,123893,123860,123875,16,1:15,123876,123891,16,1:15,123877,123892,16,1:15,,,0,,,,0,,,,0,,,,0,,1,10,15,17,1,,,,
asymmetric,4,1769,43,bt,1,0,23232,16,123896,123896,123897,,,,123940,123907,123922,16,1:15,123923,123938,16,1:15,123924,123939,16,1:15,,,0,,,,0,,,,0,,,,0,,1,10,15,17,1,,,,
asymmetric,4,1770,43,bt,1,16,23360,16,123943,123943,123944,,,,123987,123954,123969,16,1:15,123970,123985,16,1:15,123971,123986,16,1:15,,,0,,,,0,,,,0,,,,0,,1,10,15,17,1,,,,
asymmetric,4,1771,43,bt,2,0,23488,16,123990,123990,123991,,,,124034,124001,124016,16,1:15,124017,124032,16,1:15,124018,124033,16,1:15,,,0,,,,0,,,,0,,,,0,,1,10,15,17,1,,,,
asymmetric,4,1772,43,bt,2,16,23616,16,124037,124037,124038,,,,124081,124048,124063,16,1:15,124064,124079,16,1:15,124065,124080,16,1:15,,,0,,,,0,,,,0,,,,0,,1,10,15,17,1,,,,
asymmetric,4,1773,43,bt,3,0,23744,16,124084,124084,124085,,,,124128,124095,124110,16,1:15,124111,124126,16,1:15,124112,124127,16,1:15,,,0,,,,0,,,,0,,,,0,,1,10,15,17,1,,,,
asymmetric,4,1774,43,bt,3,16,23872,16,124131,124131,124132,,,,124175,124142,124157,16,1:15,124158,124173,16,1:15,124159,124174,16,1:15,,,0,,,,0,,,,0,,,,0,,1,10,15,17,1,,,,
asymmetric,4,1775,43,bt,4,0,24000,16,124178,124178,124179,,,,124222,124189,124204,16,1:15,124205,124220,16,1:15,124206,124221,16,1:15,,,0,,,,0,,,,0,,,,0,,1,10,15,17,1,,,,
asymmetric,4,1776,43,bt,4,16,24128,16,124225,124225,124226,,,,124269,124236,124251,16,1:15,124252,124267,16,1:15,124253,124268,16,1:15,,,0,,,,0,,,,0,,,,0,,1,10,15,17,1,,,,
asymmetric,4,1777,43,bt,5,0,24256,16,124272,124272,124273,,,,124316,124283,124298,16,1:15,124299,124314,16,1:15,124300,124315,16,1:15,,,0,,,,0,,,,0,,,,0,,1,10,15,17,1,,,,
asymmetric,4,1778,43,bt,5,16,24384,16,124319,124319,124320,,,,124363,124330,124345,16,1:15,124346,124361,16,1:15,124347,124362,16,1:15,,,0,,,,0,,,,0,,,,0,,1,10,15,17,1,,,,
asymmetric,4,1779,43,bt,6,0,24512,8,124366,124366,124367,,,,124394,124377,124384,8,1:7,124385,124392,8,1:7,124386,124393,8,1:7,,,0,,,,0,,,,0,,,,0,,1,10,7,9,1,,,,
asymmetric,4,1780,43,bt,6,8,24576,16,124397,124397,124398,,,,124441,124408,124423,16,1:15,124424,124439,16,1:15,124425,124440,16,1:15,,,0,,,,0,,,,0,,,,0,,1,10,15,17,1,,,,
asymmetric,4,1781,43,bt,6,24,24704,8,124444,124444,124445,,,,124472,124455,124462,8,1:7,124463,124470,8,1:7,124464,124471,8,1:7,,,0,,,,0,,,,0,,,,0,,1,10,7,9,1,,,,
asymmetric,4,1782,43,bt,7,0,24768,16,124475,124475,124476,,,,124519,124486,124501,16,1:15,124502,124517,16,1:15,124503,124518,16,1:15,,,0,,,,0,,,,0,,,,0,,1,10,15,17,1,,,,
asymmetric,4,1783,43,bt,7,16,24896,16,124522,124522,124523,,,,124566,124533,124548,16,1:15,124549,124564,16,1:15,124550,124565,16,1:15,,,0,,,,0,,,,0,,,,0,,1,10,15,17,1,,,,
asymmetric,4,1784,43,c,0,0,43424,4,125656,125656,,125673,125672,125684,125685,,,0,,,,0,,,,0,,125657,125669,4,4:3,125659,125671,4,4:3,125660,125672,4,4:3,125673,125676,4,1:3,,,,,,16,4,8,1
asymmetric,4,1785,43,c,1,0,43680,4,125688,125688,,125705,125704,125716,125717,,,0,,,,0,,,,0,,125689,125701,4,4:3,125691,125703,4,4:3,125692,125704,4,4:3,125705,125708,4,1:3,,,,,,16,4,8,1
asymmetric,4,1786,43,c,2,0,43936,4,125720,125720,,125737,125736,125748,125749,,,0,,,,0,,,,0,,125721,125733,4,4:3,125723,125735,4,4:3,125724,125736,4,4:3,125737,125740,4,1:3,,,,,,16,4,8,1
asymmetric,4,1787,43,c,3,0,44192,4,125752,125752,,125769,125768,125780,125781,,,0,,,,0,,,,0,,125753,125765,4,4:3,125755,125767,4,4:3,125756,125768,4,4:3,125769,125772,4,1:3,,,,,,16,4,8,1
asymmetric,4,1788,43,c,4,0,44448,4,125784,125784,,125801,125800,125812,125813,,,0,,,,0,,,,0,,125785,125797,4,4:3,125787,125799,4,4:3,125788,125800,4,4:3,125801,125804,4,1:3,,,,,,16,4,8,1
asymmetric,4,1789,43,c,5,0,44704,4,125816,125816,,125833,125832,125844,125845,,,0,,,,0,,,,0,,125817,125829,4,4:3,125819,125831,4,4:3,125820,125832,4,4:3,125833,125836,4,1:3,,,,,,16,4,8,1
asymmetric,4,1790,43,c,6,0,44960,4,125848,125848,,125865,125864,125876,125877,,,0,,,,0,,,,0,,125849,125861,4,4:3,125851,125863,4,4:3,125852,125864,4,4:3,125865,125868,4,1:3,,,,,,16,4,8,1
asymmetric,4,1791,43,c,7,0,45216,4,125880,125880,,125897,125896,125908,125909,,,0,,,,0,,,,0,,125881,125893,4,4:3,125883,125895,4,4:3,125884,125896,4,4:3,125897,125900,4,1:3,,,,,,16,4,8,1
asymmetric,4,1792,44,a,0,0,10304,16,125918,125918,125919,,,,125962,125929,125944,16,1:15,125945,125960,16,1:15,125946,125961,16,1:15,,,0,,,,0,,,,0,,,,0,,1,10,15,17,1,,,,
asymmetric,4,1793,44,a,0,16,10432,16,125965,125965,125966,,,,126009,125976,125991,16,1:15,125992,126007,16,1:15,125993,126008,16,1:15,,,0,,,,0,,,,0,,,,0,,1,10,15,17,1,,,,
asymmetric,4,1794,44,a,1,0,10560,16,126012,126012,126013,,,,126056,126023,126038,16,1:15,126039,126054,16,1:15,126040,126055,16,1:15,,,0,,,,0,,,,0,,,,0,,1,10,15,17,1,,,,
asymmetric,4,1795,44,a,1,16,10688,16,126059,126059,126060,,,,126103,126070,126085,16,1:15,126086,126101,16,1:15,126087,126102,16,1:15,,,0,,,,0,,,,0,,,,0,,1,10,15,17,1,,,,
asymmetric,4,1796,44,a,2,0,10816,16,126106,126106,126107,,,,126150,126117,126132,16,1:15,126133,126148,16,1:15,126134,126149,16,1:15,,,0,,,,0,,,,0,,,,0,,1,10,15,17,1,,,,
asymmetric,4,1797,44,a,2,16,10944,16,126153,126153,126154,,,,126197,126164,126179,16,1:15,126180,126195,16,1:15,126181,126196,16,1:15,,,0,,,,0,,,,0,,,,0,,1,10,15,17,1,,,,
asymmetric,4,1798,44,a,3,0,11072,16,126200,126200,126201,,,,126244,126211,126226,16,1:15,126227,126242,16,1:15,126228,126243,16,1:15,,,0,,,,0,,,,0,,,,0,,1,10,15,17,1,,,,
asymmetric,4,1799,44,a,3,16,11200,16,126247,126247,126248,,,,126291,126258,126273,16,1:15,126274,126289,16,1:15,126275,126290,16,1:15,,,0,,,,0,,,,0,,,,0,,1,10,15,17,1,,,,
asymmetric,4,1800,44,a,4,0,11328,16,126294,126294,126295,,,,126338,126305,126320,16,1:15,126321,126336,16,1:15,126322,126337,16,1:15,,,0,,,,0,,,,0,,,,0,,1,10,15,17,1,,,,
asymmetric,4,1801,44,a,4,16,11456,16,126341,126341,126342,,,,126385,126352,126367,16,1:15,126368,126383,16,1:15,126369,126384,16,1:15,,,0,,,,0,,,,0,,,,0,,1,10,15,17,1,,,,
asymmetric,4,1802,44,a,5,0,11584,16,126388,126388,126389,,,,126432,126399,126414,16,1:15,126415,126430,16,1:15,126416,126431,16,1:15,,,0,,,,0,,,,0,,,,0,,1,10,15,17,1,,,,
asymmetric,4,1803,44,a,5,16,11712,16,126435,126435,126436,,,,126479,126446,126461,16,1:15,126462,126477,16,1:15,126463,126478,16,1:15,,,0,,,,0,,,,0,,,,0,,1,10,15,17,1,,,,
asymmetric,4,1804,44,a,6,0,11840,16,126482,126482,126483,,,,126526,126493,126508,16,1:15,126509,126524,16,1:15,126510,126525,16,1:15,,,0,,,,0,,,,0,,,,0,,1,10,15,17,1,,,,
asymmetric,4,1805,44,a,6,16,11968,16,126529,126529,126530,,,,126573,126540,126555,16,1:15,126556,126571,16,1:15,126557,126572,16,1:15,,,0,,,,0,,,,0,,,,0,,1,10,15,17,1,,,,
asymmetric,4,1806,44,a,7,0,12096,16,126576,126576,126577,,,,126620,126587,126602,16,1:15,126603,126618,16,1:15,126604,126619,16,1:15,,,0,,,,0,,,,0,,,,0,,1,10,15,17,1,,,,
asymmetric,4,1807,44,a,7,16,12224,8,126623,126623,126624,,,,126651,126634,126641,8,1:7,126642,126649,8,1:7,126643,126650,8,1:7,,,0,,,,0,,,,0,,,,0,,1,10,7,9,1,,,,
asymmetric,4,1808,44,a,7,24,12288,8,126654,126654,126655,,,,126682,126665,126672,8,1:7,126673,126680,8,1:7,126674,126681,8,1:7,,,0,,,,0,,,,0,,,,0,,1,10,7,9,1,,,,
asymmetric,4,1809,44,bt,0,0,25024,16,126690,126690,126691,,,,126734,126701,126716,16,1:15,126717,126732,16,1:15,126718,126733,16,1:15,,,0,,,,0,,,,0,,,,0,,1,10,15,17,1,,,,
asymmetric,4,1810,44,bt,0,16,25152,16,126737,126737,126738,,,,126781,126748,126763,16,1:15,126764,126779,16,1:15,126765,126780,16,1:15,,,0,,,,0,,,,0,,,,0,,1,10,15,17,1,,,,
asymmetric,4,1811,44,bt,1,0,25280,16,126784,126784,126785,,,,126828,126795,126810,16,1:15,126811,126826,16,1:15,126812,126827,16,1:15,,,0,,,,0,,,,0,,,,0,,1,10,15,17,1,,,,
asymmetric,4,1812,44,bt,1,16,25408,16,126831,126831,126832,,,,126875,126842,126857,16,1:15,126858,126873,16,1:15,126859,126874,16,1:15,,,0,,,,0,,,,0,,,,0,,1,10,15,17,1,,,,
asymmetric,4,1813,44,bt,2,0,25536,16,126878,126878,126879,,,,126922,126889,126904,16,1:15,126905,126920,16,1:15,126906,126921,16,1:15,,,0,,,,0,,,,0,,,,0,,1,10,15,17,1,,,,
asymmetric,4,1814,44,bt,2,16,25664,16,126925,126925,126926,,,,126969,126936,126951,16,1:15,126952,126967,16,1:15,126953,126968,16,1:15,,,0,,,,0,,,,0,,,,0,,1,10,15,17,1,,,,
asymmetric,4,1815,44,bt,3,0,25792,16,126972,126972,126973,,,,127016,126983,126998,16,1:15,126999,127014,16,1:15,127000,127015,16,1:15,,,0,,,,0,,,,0,,,,0,,1,10,15,17,1,,,,
asymmetric,4,1816,44,bt,3,16,25920,16,127019,127019,127020,,,,127063,127030,127045,16,1:15,127046,127061,16,1:15,127047,127062,16,1:15,,,0,,,,0,,,,0,,,,0,,1,10,15,17,1,,,,
asymmetric,4,1817,44,bt,4,0,26048,16,127066,127066,127067,,,,127110,127077,127092,16,1:15,127093,127108,16,1:15,127094,127109,16,1:15,,,0,,,,0,,,,0,,,,0,,1,10,15,17,1,,,,
asymmetric,4,1818,44,bt,4,16,26176,16,127113,127113,127114,,,,127157,127124,127139,16,1:15,127140,127155,16,1:15,127141,127156,16,1:15,,,0,,,,0,,,,0,,,,0,,1,10,15,17,1,,,,
asymmetric,4,1819,44,bt,5,0,26304,16,127160,127160,127161,,,,127204,127171,127186,16,1:15,127187,127202,16,1:15,127188,127203,16,1:15,,,0,,,,0,,,,0,,,,0,,1,10,15,17,1,,,,
asymmetric,4,1820,44,bt,5,16,26432,16,127207,127207,127208,,,,127251,127218,127233,16,1:15,127234,127249,16,1:15,127235,127250,16,1:15,,,0,,,,0,,,,0,,,,0,,1,10,15,17,1,,,,
asymmetric,4,1821,44,bt,6,0,26560,16,127254,127254,127255,,,,127298,127265,127280,16,1:15,127281,127296,16,1:15,127282,127297,16,1:15,,,0,,,,0,,,,0,,,,0,,1,10,15,17,1,,,,
asymmetric,4,1822,44,bt,6,16,26688,16,127301,127301,127302,,,,127345,127312,127327,16,1:15,127328,127343,16,1:15,127329,127344,16,1:15,,,0,,,,0,,,,0,,,,0,,1,10,15,17,1,,,,
asymmetric,4,1823,44,bt,7,0,26816,16,127348,127348,127349,,,,127392,127359,127374,16,1:15,127375,127390,16,1:15,127376,127391,16,1:15,,,0,,,,0,,,,0,,,,0,,1,10,15,17,1,,,,
asymmetric,4,1824,44,bt,7,16,26944,16,127395,127395,127396,,,,127439,127406,127421,16,1:15,127422,127437,16,1:15,127423,127438,16,1:15,,,0,,,,0,,,,0,,,,0,,1,10,15,17,1,,,,
asymmetric,4,1825,44,c,0,0,43456,4,128529,128529,,128546,128545,128557,128558,,,0,,,,0,,,,0,,128530,128542,4,4:3,128532,128544,4,4:3,128533,128545,4,4:3,128546,128549,4,1:3,,,,,,16,4,8,1
asymmetric,4,1826,44,c,1,0,43712,4,128561,128561,,128578,128577,128589,128590,,,0,,,,0,,,,0,,128562,128574,4,4:3,128564,128576,4,4:3,128565,128577,4,4:3,128578,128581,4,1:3,,,,,,16,4,8,1
asymmetric,4,1827,44,c,2,0,43968,4,128593,128593,,128610,128609,128621,128622,,,0,,,,0,,,,0,,128594,128606,4,4:3,128596,128608,4,4:3,128597,128609,4,4:3,128610,128613,4,1:3,,,,,,16,4,8,1
asymmetric,4,1828,44,c,3,0,44224,4,128625,128625,,128642,128641,128653,128654,,,0,,,,0,,,,0,,128626,128638,4,4:3,128628,128640,4,4:3,128629,128641,4,4:3,128642,128645,4,1:3,,,,,,16,4,8,1
asymmetric,4,1829,44,c,4,0,44480,4,128657,128657,,128674,128673,128685,128686,,,0,,,,0,,,,0,,128658,128670,4,4:3,128660,128672,4,4:3,128661,128673,4,4:3,128674,128677,4,1:3,,,,,,16,4,8,1
asymmetric,4,1830,44,c,5,0,44736,4,128689,128689,,128706,128705,128717,128718,,,0,,,,0,,,,0,,128690,128702,4,4:3,128692,128704,4,4:3,128693,128705,4,4:3,128706,128709,4,1:3,,,,,,16,4,8,1
asymmetric,4,1831,44,c,6,0,44992,4,128721,128721,,128738,128737,128749,128750,,,0,,,,0,,,,0,,128722,128734,4,4:3,128724,128736,4,4:3,128725,128737,4,4:3,128738,128741,4,1:3,,,,,,16,4,8,1
asymmetric,4,1832,44,c,7,0,45248,4,128753,128753,,128770,128769,128781,128782,,,0,,,,0,,,,0,,128754,128766,4,4:3,128756,128768,4,4:3,128757,128769,4,4:3,128770,128773,4,1:3,,,,,,16,4,8,1
asymmetric,4,1833,45,a,0,0,10304,16,128791,128791,128792,,,,128835,128802,128817,16,1:15,128818,128833,16,1:15,128819,128834,16,1:15,,,0,,,,0,,,,0,,,,0,,1,10,15,17,1,,,,
asymmetric,4,1834,45,a,0,16,10432,16,128838,128838,128839,,,,128882,128849,128864,16,1:15,128865,128880,16,1:15,128866,128881,16,1:15,,,0,,,,0,,,,0,,,,0,,1,10,15,17,1,,,,
asymmetric,4,1835,45,a,1,0,10560,16,128885,128885,128886,,,,128929,128896,128911,16,1:15,128912,128927,16,1:15,128913,128928,16,1:15,,,0,,,,0,,,,0,,,,0,,1,10,15,17,1,,,,
asymmetric,4,1836,45,a,1,16,10688,16,128932,128932,128933,,,,128976,128943,128958,16,1:15,128959,128974,16,1:15,128960,128975,16,1:15,,,0,,,,0,,,,0,,,,0,,1,10,15,17,1,,,,
asymmetric,4,1837,45,a,2,0,10816,16,128979,128979,128980,,,,129023,128990,129005,16,1:15,129006,129021,16,1:15,129007,129022,16,1:15,,,0,,,,0,,,,0,,,,0,,1,10,15,17,1,,,,
asymmetric,4,1838,45,a,2,16,10944,16,129026,129026,129027,,,,129070,129037,129052,16,1:15,129053,129068,16,1:15,129054,129069,16,1:15,,,0,,,,0,,,,0,,,,0,,1,10,15,17,1,,,,
asymmetric,4,1839,45,a,3,0,11072,16,129073,129073,129074,,,,129117,129084,129099,16,1:15,129100,129115,16,1:15,129101,129116,16,1:15,,,0,,,,0,,,,0,,,,0,,1,10,15,17,1,,,,
asymmetric,4,1840,45,a,3,16,11200,16,129120,129120,129121,,,,129164,129131,129146,16,1:15,129147,129162,16,1:15,129148,129163,16,1:15,,,0,,,,0,,,,0,,,,0,,1,10,15,17,1,,,,
asymmetric,4,1841,45,a,4,0,11328,16,129167,129167,129168,,,,129211,129178,129193,16,1:15,129194,129209,16,1:15,129195,129210,16,1:15,,,0,,,,0,,,,0,,,,0,,1,10,15,17,1,,,,
asymmetric,4,1842,45,a,4,16,11456,16,129214,129214,129215,,,,129258,129225,129240,16,1:15,129241,129256,16,1:15,129242,129257,16,1:15,,,0,,,,0,,,,0,,,,0,,1,10,15,17,1,,,,
asymmetric,4,1843,45,a,5,0,11584,16,129261,129261,129262,,,,129305,129272,129287,16,1:15,129288,129303,16,1:15,129289,129304,16,1:15,,,0,,,,0,,,,0,,,,0,,1,10,15,17,1,,,,
asymmetric,4,1844,45,a,5,16,11712,16,129308,129308,129309,,,,129352,129319,129334,16,1:15,129335,129350,16,1:15,129336,129351,16,1:15,,,0,,,,0,,,,0,,,,0,,1,10,15,17,1,,,,
asymmetric,4,1845,45,a,6,0,11840,16,129355,129355,129356,,,,129399,129366,129381,16,1:15,129382,129397,16,1:15,129383,129398,16,1:15,,,0,,,,0,,,,0,,,,0,,1,10,15,17,1,,,,
asymmetric,4,1846,45,a,6,16,11968,16,129402,129402,129403,,,,129446,129413,129428,16,1:15,129429,129444,16,1:15,129430,129445,16,1:15,,,0,,,,0,,,,0,,,,0,,1,10,15,17,1,,,,
asymmetric,4,1847,45,a,7,0,12096,16,129449,129449,129450,,,,129493,129460,129475,16,1:15,129476,129491,16,1:15,129477,129492,16,1:15,,,0,,,,0,,,,0,,,,0,,1,10,15,17,1,,,,
asymmetric,4,1848,45,a,7,16,12224,8,129496,129496,129497,,,,129524,129507,129514,8,1:7,129515,129522,8,1:7,129516,129523,8,1:7,,,0,,,,0,,,,0,,,,0,,1,10,7,9,1,,,,
asymmetric,4,1849,45,a,7,24,12288,8,129527,129527,129528,,,,129555,129538,129545,8,1:7,129546,129553,8,1:7,129547,129554,8,1:7,,,0,,,,0,,,,0,,,,0,,1,10,7,9,1,,,,
asymmetric,4,1850,45,bt,0,0,27072,16,129563,129563,129564,,,,129607,129574,129589,16,1:15,129590,129605,16,1:15,129591,129606,16,1:15,,,0,,,,0,,,,0,,,,0,,1,10,15,17,1,,,,
asymmetric,4,1851,45,bt,0,16,27200,16,129610,129610,129611,,,,129654,129621,129636,16,1:15,129637,129652,16,1:15,129638,129653,16,1:15,,,0,,,,0,,,,0,,,,0,,1,10,15,17,1,,,,
asymmetric,4,1852,45,bt,1,0,27328,16,129657,129657,129658,,,,129701,129668,129683,16,1:15,129684,129699,16,1:15,129685,129700,16,1:15,,,0,,,,0,,,,0,,,,0,,1,10,15,17,1,,,,
asymmetric,4,1853,45,bt,1,16,27456,16,129704,129704,129705,,,,129748,129715,129730,16,1:15,129731,129746,16,1:15,129732,129747,16,1:15,,,0,,,,0,,,,0,,,,0,,1,10,15,17,1,,,,
asymmetric,4,1854,45,bt,2,0,27584,16,129751,129751,129752,,,,129795,129762,129777,16,1:15,129778,129793,16,1:15,129779,129794,16,1:15,,,0,,,,0,,,,0,,,,0,,1,10,15,17,1,,,,
asymmetric,4,1855,45,bt,2,16,27712,16,129798,129798,129799,,,,129842,129809,129824,16,1:15,129825,129840,16,1:15,129826,129841,16,1:15,,,0,,,,0,,,,0,,,,0,,1,10,15,17,1,,,,
asymmetric,4,1856,45,bt,3,0,27840,16,129845,129845,129846,,,,129889,129856,129871,16,1:15,129872,129887,16,1:15,129873,129888,16,1:15,,,0,,,,0,,,,0,,,,0,,1,10,15,17,1,,,,
asymmetric,4,1857,45,bt,3,16,27968,16,129892,129892,129893,,,,129936,129903,129918,16,1:15,129919,129934,16,1:15,129920,129935,16,1:15,,,0,,,,0,,,,0,,,,0,,1,10,15,17,1,,,,
asymmetric,4,1858,45,bt,4,0,28096,16,129939,129939,129940,,,,129983,129950,129965,16,1:15,129966,129981,16,1:15,129967,129982,16,1:15,,,0,,,,0,,,,0,,,,0,,1,10,15,17,1,,,,
asymmetric,4,1859,45,bt,4,16,28224,16,129986,129986,129987,,,,130030,129997,130012,16,1:15,130013,130028,16,1:15,130014,130029,16,1:15,,,0,,,,0,,,,0,,,,0,,1,10,15,17,1,,,,
asymmetric,4,1860,45,bt,5,0,28352,16,130033,130033,130034,,,,130077,130044,130059,16,1:15,130060,130075,16,1:15,130061,130076,16,1:15,,,0,,,,0,,,,0,,,,0,,1,10,15,17,1,,,,
asymmetric,4,1861,45,bt,5,16,28480,16,130080,130080,130081,,,,130124,130091,130106,16,1:15,130107,130122,16,1:15,130108,130123,16,1:15,,,0,,,,0,,,,0,,,,0,,1,10,15,17,1,,,,
asymmetric,4,1862,45,bt,6,0,28608,8,130127,130127,130128,,,,130155,130138,130145,8,1:7,130146,130153,8,1:7,130147,130154,8,1:7,,,0,,,,0,,,,0,,,,0,,1,10,7,9,1,,,,
asymmetric,4,1863,45,bt,6,8,28672,16,130158,130158,130159,,,,130202,130169,130184,16,1:15,130185,130200,16,1:15,130186,130201,16,1:15,,,0,,,,0,,,,0,,,,0,,1,10,15,17,1,,,,
asymmetric,4,1864,45,bt,6,24,28800,8,130205,130205,130206,,,,130233,130216,130223,8,1:7,130224,130231,8,1:7,130225,130232,8,1:7,,,0,,,,0,,,,0,,,,0,,1,10,7,9,1,,,,
asymmetric,4,1865,45,bt,7,0,28864,16,130236,130236,130237,,,,130280,130247,130262,16,1:15,130263,130278,16,1:15,130264,130279,16,1:15,,,0,,,,0,,,,0,,,,0,,1,10,15,17,1,,,,
asymmetric,4,1866,45,bt,7,16,28992,16,130283,130283,130284,,,,130327,130294,130309,16,1:15,130310,130325,16,1:15,130311,130326,16,1:15,,,0,,,,0,,,,0,,,,0,,1,10,15,17,1,,,,
asymmetric,4,1867,45,c,0,0,43488,4,131417,131417,,131434,131433,131445,131446,,,0,,,,0,,,,0,,131418,131430,4,4:3,131420,131432,4,4:3,131421,131433,4,4:3,131434,131437,4,1:3,,,,,,16,4,8,1
asymmetric,4,1868,45,c,1,0,43744,4,131449,131449,,131466,131465,131477,131478,,,0,,,,0,,,,0,,131450,131462,4,4:3,131452,131464,4,4:3,131453,131465,4,4:3,131466,131469,4,1:3,,,,,,16,4,8,1
asymmetric,4,1869,45,c,2,0,44000,4,131481,131481,,131498,131497,131509,131510,,,0,,,,0,,,,0,,131482,131494,4,4:3,131484,131496,4,4:3,131485,131497,4,4:3,131498,131501,4,1:3,,,,,,16,4,8,1
asymmetric,4,1870,45,c,3,0,44256,4,131513,131513,,131530,131529,131541,131542,,,0,,,,0,,,,0,,131514,131526,4,4:3,131516,131528,4,4:3,131517,131529,4,4:3,131530,131533,4,1:3,,,,,,16,4,8,1
asymmetric,4,1871,45,c,4,0,44512,4,131545,131545,,131562,131561,131573,131574,,,0,,,,0,,,,0,,131546,131558,4,4:3,131548,131560,4,4:3,131549,131561,4,4:3,131562,131565,4,1:3,,,,,,16,4,8,1
asymmetric,4,1872,45,c,5,0,44768,4,131577,131577,,131594,131593,131605,131606,,,0,,,,0,,,,0,,131578,131590,4,4:3,131580,131592,4,4:3,131581,131593,4,4:3,131594,131597,4,1:3,,,,,,16,4,8,1
asymmetric,4,1873,45,c,6,0,45024,4,131609,131609,,131626,131625,131637,131638,,,0,,,,0,,,,0,,131610,131622,4,4:3,131612,131624,4,4:3,131613,131625,4,4:3,131626,131629,4,1:3,,,,,,16,4,8,1
asymmetric,4,1874,45,c,7,0,45280,4,131641,131641,,131658,131657,131669,131670,,,0,,,,0,,,,0,,131642,131654,4,4:3,131644,131656,4,4:3,131645,131657,4,4:3,131658,131661,4,1:3,,,,,,16,4,8,1
asymmetric,4,1875,46,a,0,0,10304,16,131679,131679,131680,,,,131723,131690,131705,16,1:15,131706,131721,16,1:15,131707,131722,16,1:15,,,0,,,,0,,,,0,,,,0,,1,10,15,17,1,,,,
asymmetric,4,1876,46,a,0,16,10432,16,131726,131726,131727,,,,131770,131737,131752,16,1:15,131753,131768,16,1:15,131754,131769,16,1:15,,,0,,,,0,,,,0,,,,0,,1,10,15,17,1,,,,
asymmetric,4,1877,46,a,1,0,10560,16,131773,131773,131774,,,,131817,131784,131799,16,1:15,131800,131815,16,1:15,131801,131816,16,1:15,,,0,,,,0,,,,0,,,,0,,1,10,15,17,1,,,,
asymmetric,4,1878,46,a,1,16,10688,16,131820,131820,131821,,,,131864,131831,131846,16,1:15,131847,131862,16,1:15,131848,131863,16,1:15,,,0,,,,0,,,,0,,,,0,,1,10,15,17,1,,,,
asymmetric,4,1879,46,a,2,0,10816,16,131867,131867,131868,,,,131911,131878,131893,16,1:15,131894,131909,16,1:15,131895,131910,16,1:15,,,0,,,,0,,,,0,,,,0,,1,10,15,17,1,,,,
asymmetric,4,1880,46,a,2,16,10944,16,131914,131914,131915,,,,131958,131925,131940,16,1:15,131941,131956,16,1:15,131942,131957,16,1:15,,,0,,,,0,,,,0,,,,0,,1,10,15,17,1,,,,
asymmetric,4,1881,46,a,3,0,11072,16,131961,131961,131962,,,,132005,131972,131987,16,1:15,131988,132003,16,1:15,131989,132004,16,1:15,,,0,,,,0,,,,0,,,,0,,1,10,15,17,1,,,,
asymmetric,4,1882,46,a,3,16,11200,16,132008,132008,132009,,,,132052,132019,132034,16,1:15,132035,132050,16,1:15,132036,132051,16,1:15,,,0,,,,0,,,,0,,,,0,,1,10,15,17,1,,,,
asymmetric,4,1883,46,a,4,0,11328,16,132055,132055,132056,,,,132099,132066,132081,16,1:15,132082,132097,16,1:15,132083,132098,16,1:15,,,0,,,,0,,,,0,,,,0,,1,10,15,17,1,,,,
asymmetric,4,1884,46,a,4,16,11456,16,132102,132102,132103,,,,132146,132113,132128,16,1:15,132129,132144,16,1:15,132130,132145,16,1:15,,,0,,,,0,,,,0,,,,0,,1,10,15,17,1,,,,
asymmetric,4,1885,46,a,5,0,11584,16,132149,132149,132150,,,,132193,132160,132175,16,1:15,132176,132191,16,1:15,132177,132192,16,1:15,,,0,,,,0,,,,0,,,,0,,1,10,15,17,1,,,,
asymmetric,4,1886,46,a,5,16,11712,16,132196,132196,132197,,,,132240,132207,132222,16,1:15,132223,132238,16,1:15,132224,132239,16,1:15,,,0,,,,0,,,,0,,,,0,,1,10,15,17,1,,,,
asymmetric,4,1887,46,a,6,0,11840,16,132243,132243,132244,,,,132287,132254,132269,16,1:15,132270,132285,16,1:15,132271,132286,16,1:15,,,0,,,,0,,,,0,,,,0,,1,10,15,17,1,,,,
asymmetric,4,1888,46,a,6,16,11968,16,132290,132290,132291,,,,132334,132301,132316,16,1:15,132317,132332,16,1:15,132318,132333,16,1:15,,,0,,,,0,,,,0,,,,0,,1,10,15,17,1,,,,
asymmetric,4,1889,46,a,7,0,12096,16,132337,132337,132338,,,,132381,132348,132363,16,1:15,132364,132379,16,1:15,132365,132380,16,1:15,,,0,,,,0,,,,0,,,,0,,1,10,15,17,1,,,,
asymmetric,4,1890,46,a,7,16,12224,8,132384,132384,132385,,,,132412,132395,132402,8,1:7,132403,132410,8,1:7,132404,132411,8,1:7,,,0,,,,0,,,,0,,,,0,,1,10,7,9,1,,,,
asymmetric,4,1891,46,a,7,24,12288,8,132415,132415,132416,,,,132443,132426,132433,8,1:7,132434,132441,8,1:7,132435,132442,8,1:7,,,0,,,,0,,,,0,,,,0,,1,10,7,9,1,,,,
asymmetric,4,1892,46,bt,0,0,29120,16,132451,132451,132452,,,,132495,132462,132477,16,1:15,132478,132493,16,1:15,132479,132494,16,1:15,,,0,,,,0,,,,0,,,,0,,1,10,15,17,1,,,,
asymmetric,4,1893,46,bt,0,16,29248,16,132498,132498,132499,,,,132542,132509,132524,16,1:15,132525,132540,16,1:15,132526,132541,16,1:15,,,0,,,,0,,,,0,,,,0,,1,10,15,17,1,,,,
asymmetric,4,1894,46,bt,1,0,29376,16,132545,132545,132546,,,,132589,132556,132571,16,1:15,132572,132587,16,1:15,132573,132588,16,1:15,,,0,,,,0,,,,0,,,,0,,1,10,15,17,1,,,,
asymmetric,4,1895,46,bt,1,16,29504,16,132592,132592,132593,,,,132636,132603,132618,16,1:15,132619,132634,16,1:15,132620,132635,16,1:15,,,0,,,,0,,,,0,,,,0,,1,10,15,17,1,,,,
asymmetric,4,1896,46,bt,2,0,29632,16,132639,132639,132640,,,,132683,132650,132665,16,1:15,132666,132681,16,1:15,132667,132682,16,1:15,,,0,,,,0,,,,0,,,,0,,1,10,15,17,1,,,,
asymmetric,4,1897,46,bt,2,16,29760,16,132686,132686,132687,,,,132730,132697,132712,16,1:15,132713,132728,16,1:15,132714,132729,16,1:15,,,0,,,,0,,,,0,,,,0,,1,10,15,17,1,,,,
asymmetric,4,1898,46,bt,3,0,29888,16,132733,132733,132734,,,,132777,132744,132759,16,1:15,132760,132775,16,1:15,132761,132776,16,1:15,,,0,,,,0,,,,0,,,,0,,1,10,15,17,1,,,,
asymmetric,4,1899,46,bt,3,16,30016,16,132780,132780,132781,,,,132824,132791,132806,16,1:15,132807,132822,16,1:15,132808,132823,16,1:15,,,0,,,,0,,,,0,,,,0,,1,10,15,17,1,,,,
asymmetric,4,1900,46,bt,4,0,30144,16,132827,132827,132828,,,,132871,132838,132853,16,1:15,132854,132869,16,1:15,132855,132870,16,1:15,,,0,,,,0,,,,0,,,,0,,1,10,15,17,1,,,,
asymmetric,4,1901,46,bt,4,16,30272,16,132874,132874,132875,,,,132918,132885,132900,16,1:15,132901,132916,16,1:15,132902,132917,16,1:15,,,0,,,,0,,,,0,,,,0,,1,10,15,17,1,,,,
asymmetric,4,1902,46,bt,5,0,30400,16,132921,132921,132922,,,,132965,132932,132947,16,1:15,132948,132963,16,1:15,132949,132964,16,1:15,,,0,,,,0,,,,0,,,,0,,1,10,15,17,1,,,,
asymmetric,4,1903,46,bt,5,16,30528,16,132968,132968,132969,,,,133012,132979,132994,16,1:15,132995,133010,16,1:15,132996,133011,16,1:15,,,0,,,,0,,,,0,,,,0,,1,10,15,17,1,,,,
asymmetric,4,1904,46,bt,6,0,30656,16,133015,133015,133016,,,,133059,133026,133041,16,1:15,133042,133057,16,1:15,133043,133058,16,1:15,,,0,,,,0,,,,0,,,,0,,1,10,15,17,1,,,,
asymmetric,4,1905,46,bt,6,16,30784,16,133062,133062,133063,,,,133106,133073,133088,16,1:15,133089,133104,16,1:15,133090,133105,16,1:15,,,0,,,,0,,,,0,,,,0,,1,10,15,17,1,,,,
asymmetric,4,1906,46,bt,7,0,30912,16,133109,133109,133110,,,,133153,133120,133135,16,1:15,133136,133151,16,1:15,133137,133152,16,1:15,,,0,,,,0,,,,0,,,,0,,1,10,15,17,1,,,,
asymmetric,4,1907,46,bt,7,16,31040,16,133156,133156,133157,,,,133200,133167,133182,16,1:15,133183,133198,16,1:15,133184,133199,16,1:15,,,0,,,,0,,,,0,,,,0,,1,10,15,17,1,,,,
asymmetric,4,1908,46,c,0,0,43520,4,134290,134290,,134307,134306,134318,134319,,,0,,,,0,,,,0,,134291,134303,4,4:3,134293,134305,4,4:3,134294,134306,4,4:3,134307,134310,4,1:3,,,,,,16,4,8,1
asymmetric,4,1909,46,c,1,0,43776,4,134322,134322,,134339,134338,134350,134351,,,0,,,,0,,,,0,,134323,134335,4,4:3,134325,134337,4,4:3,134326,134338,4,4:3,134339,134342,4,1:3,,,,,,16,4,8,1
asymmetric,4,1910,46,c,2,0,44032,4,134354,134354,,134371,134370,134382,134383,,,0,,,,0,,,,0,,134355,134367,4,4:3,134357,134369,4,4:3,134358,134370,4,4:3,134371,134374,4,1:3,,,,,,16,4,8,1
asymmetric,4,1911,46,c,3,0,44288,4,134386,134386,,134403,134402,134414,134415,,,0,,,,0,,,,0,,134387,134399,4,4:3,134389,134401,4,4:3,134390,134402,4,4:3,134403,134406,4,1:3,,,,,,16,4,8,1
asymmetric,4,1912,46,c,4,0,44544,4,134418,134418,,134435,134434,134446,134447,,,0,,,,0,,,,0,,134419,134431,4,4:3,134421,134433,4,4:3,134422,134434,4,4:3,134435,134438,4,1:3,,,,,,16,4,8,1
asymmetric,4,1913,46,c,5,0,44800,4,134450,134450,,134467,134466,134478,134479,,,0,,,,0,,,,0,,134451,134463,4,4:3,134453,134465,4,4:3,134454,134466,4,4:3,134467,134470,4,1:3,,,,,,16,4,8,1
asymmetric,4,1914,46,c,6,0,45056,4,134482,134482,,134499,134498,134510,134511,,,0,,,,0,,,,0,,134483,134495,4,4:3,134485,134497,4,4:3,134486,134498,4,4:3,134499,134502,4,1:3,,,,,,16,4,8,1
asymmetric,4,1915,46,c,7,0,45312,4,134514,134514,,134531,134530,134542,134543,,,0,,,,0,,,,0,,134515,134527,4,4:3,134517,134529,4,4:3,134518,134530,4,4:3,134531,134534,4,1:3,,,,,,16,4,8,1
asymmetric,4,1916,47,a,0,0,10304,16,134552,134552,134553,,,,134596,134563,134578,16,1:15,134579,134594,16,1:15,134580,134595,16,1:15,,,0,,,,0,,,,0,,,,0,,1,10,15,17,1,,,,
asymmetric,4,1917,47,a,0,16,10432,16,134599,134599,134600,,,,134643,134610,134625,16,1:15,134626,134641,16,1:15,134627,134642,16,1:15,,,0,,,,0,,,,0,,,,0,,1,10,15,17,1,,,,
asymmetric,4,1918,47,a,1,0,10560,16,134646,134646,134647,,,,134690,134657,134672,16,1:15,134673,134688,16,1:15,134674,134689,16,1:15,,,0,,,,0,,,,0,,,,0,,1,10,15,17,1,,,,
asymmetric,4,1919,47,a,1,16,10688,16,134693,134693,134694,,,,134737,134704,134719,16,1:15,134720,134735,16,1:15,134721,134736,16,1:15,,,0,,,,0,,,,0,,,,0,,1,10,15,17,1,,,,
asymmetric,4,1920,47,a,2,0,10816,16,134740,134740,134741,,,,134784,134751,134766,16,1:15,134767,134782,16,1:15,134768,134783,16,1:15,,,0,,,,0,,,,0,,,,0,,1,10,15,17,1,,,,
asymmetric,4,1921,47,a,2,16,10944,16,134787,134787,134788,,,,134831,134798,134813,16,1:15,134814,134829,16,1:15,134815,134830,16,1:15,,,0,,,,0,,,,0,,,,0,,1,10,15,17,1,,,,
asymmetric,4,1922,47,a,3,0,11072,16,134834,134834,134835,,,,134878,134845,134860,16,1:15,134861,134876,16,1:15,134862,134877,16,1:15,,,0,,,,0,,,,0,,,,0,,1,10,15,17,1,,,,
asymmetric,4,1923,47,a,3,16,11200,16,134881,134881,134882,,,,134925,134892,134907,16,1:15,134908,134923,16,1:15,134909,134924,16,1:15,,,0,,,,0,,,,0,,,,0,,1,10,15,17,1,,,,
asymmetric,4,1924,47,a,4,0,11328,16,134928,134928,134929,,,,134972,134939,134954,16,1:15,134955,134970,16,1:15,134956,134971,16,1:15,,,0,,,,0,,,,0,,,,0,,1,10,15,17,1,,,,
asymmetric,4,1925,47,a,4,16,11456,16,134975,134975,134976,,,,135019,134986,135001,16,1:15,135002,135017,16,1:15,135003,135018,16,1:15,,,0,,,,0,,,,0,,,,0,,1,10,15,17,1,,,,
asymmetric,4,1926,47,a,5,0,11584,16,135022,135022,135023,,,,135066,135033,135048,16,1:15,135049,135064,16,1:15,135050,135065,16,1:15,,,0,,,,0,,,,0,,,,0,,1,10,15,17,1,,,,
asymmetric,4,1927,47,a,5,16,11712,16,135069,135069,135070,,,,135113,135080,135095,16,1:15,135096,135111,16,1:15,135097,135112,16,1:15,,,0,,,,0,,,,0,,,,0,,1,10,15,17,1,,,,
asymmetric,4,1928,47,a,6,0,11840,16,135116,135116,135117,,,,135160,135127,135142,16,1:15,135143,135158,16,1:15,135144,135159,16,1:15,,,0,,,,0,,,,0,,,,0,,1,10,15,17,1,,,,
asymmetric,4,1929,47,a,6,16,11968,16,135163,135163,135164,,,,135207,135174,135189,16,1:15,135190,135205,16,1:15,135191,135206,16,1:15,,,0,,,,0,,,,0,,,,0,,1,10,15,17,1,,,,
asymmetric,4,1930,47,a,7,0,12096,16,135210,135210,135211,,,,135254,135221,135236,16,1:15,135237,135252,16,1:15,135238,135253,16,1:15,,,0,,,,0,,,,0,,,,0,,1,10,15,17,1,,,,
asymmetric,4,1931,47,a,7,16,12224,8,135257,135257,135258,,,,135285,135268,135275,8,1:7,135276,135283,8,1:7,135277,135284,8,1:7,,,0,,,,0,,,,0,,,,0,,1,10,7,9,1,,,,
asymmetric,4,1932,47,a,7,24,12288,8,135288,135288,135289,,,,135316,135299,135306,8,1:7,135307,135314,8,1:7,135308,135315,8,1:7,,,0,,,,0,,,,0,,,,0,,1,10,7,9,1,,,,
asymmetric,4,1933,47,bt,0,0,31168,16,135324,135324,135325,,,,135368,135335,135350,16,1:15,135351,135366,16,1:15,135352,135367,16,1:15,,,0,,,,0,,,,0,,,,0,,1,10,15,17,1,,,,
asymmetric,4,1934,47,bt,0,16,31296,16,135371,135371,135372,,,,135415,135382,135397,16,1:15,135398,135413,16,1:15,135399,135414,16,1:15,,,0,,,,0,,,,0,,,,0,,1,10,15,17,1,,,,
asymmetric,4,1935,47,bt,1,0,31424,16,135418,135418,135419,,,,135462,135429,135444,16,1:15,135445,135460,16,1:15,135446,135461,16,1:15,,,0,,,,0,,,,0,,,,0,,1,10,15,17,1,,,,
asymmetric,4,1936,47,bt,1,16,31552,16,135465,135465,135466,,,,135509,135476,135491,16,1:15,135492,135507,16,1:15,135493,135508,16,1:15,,,0,,,,0,,,,0,,,,0,,1,10,15,17,1,,,,
asymmetric,4,1937,47,bt,2,0,31680,16,135512,135512,135513,,,,135556,135523,135538,16,1:15,135539,135554,16,1:15,135540,135555,16,1:15,,,0,,,,0,,,,0,,,,0,,1,10,15,17,1,,,,
asymmetric,4,1938,47,bt,2,16,31808,16,135559,135559,135560,,,,135603,135570,135585,16,1:15,135586,135601,16,1:15,135587,135602,16,1:15,,,0,,,,0,,,,0,,,,0,,1,10,15,17,1,,,,
asymmetric,4,1939,47,bt,3,0,31936,16,135606,135606,135607,,,,135650,135617,135632,16,1:15,135633,135648,16,1:15,135634,135649,16,1:15,,,0,,,,0,,,,0,,,,0,,1,10,15,17,1,,,,
asymmetric,4,1940,47,bt,3,16,32064,16,135653,135653,135654,,,,135697,135664,135679,16,1:15,135680,135695,16,1:15,135681,135696,16,1:15,,,0,,,,0,,,,0,,,,0,,1,10,15,17,1,,,,
asymmetric,4,1941,47,bt,4,0,32192,16,135700,135700,135701,,,,135744,135711,135726,16,1:15,135727,135742,16,1:15,135728,135743,16,1:15,,,0,,,,0,,,,0,,,,0,,1,10,15,17,1,,,,
asymmetric,4,1942,47,bt,4,16,32320,16,135747,135747,135748,,,,135791,135758,135773,16,1:15,135774,135789,16,1:15,135775,135790,16,1:15,,,0,,,,0,,,,0,,,,0,,1,10,15,17,1,,,,
asymmetric,4,1943,47,bt,5,0,32448,16,135794,135794,135795,,,,135838,135805,135820,16,1:15,135821,135836,16,1:15,135822,135837,16,1:15,,,0,,,,0,,,,0,,,,0,,1,10,15,17,1,,,,
asymmetric,4,1944,47,bt,5,16,32576,16,135841,135841,135842,,,,135885,135852,135867,16,1:15,135868,135883,16,1:15,135869,135884,16,1:15,,,0,,,,0,,,,0,,,,0,,1,10,15,17,1,,,,
asymmetric,4,1945,47,bt,6,0,32704,8,135888,135888,135889,,,,135916,135899,135906,8,1:7,135907,135914,8,1:7,135908,135915,8,1:7,,,0,,,,0,,,,0,,,,0,,1,10,7,9,1,,,,
asymmetric,4,1946,47,bt,6,8,32768,16,135919,135919,135920,,,,135963,135930,135945,16,1:15,135946,135961,16,1:15,135947,135962,16,1:15,,,0,,,,0,,,,0,,,,0,,1,10,15,17,1,,,,
asymmetric,4,1947,47,bt,6,24,32896,8,135966,135966,135967,,,,135994,135977,135984,8,1:7,135985,135992,8,1:7,135986,135993,8,1:7,,,0,,,,0,,,,0,,,,0,,1,10,7,9,1,,,,
asymmetric,4,1948,47,c,0,0,43552,4,137084,137084,,137101,137100,137112,137113,,,0,,,,0,,,,0,,137085,137097,4,4:3,137087,137099,4,4:3,137088,137100,4,4:3,137101,137104,4,1:3,,,,,,16,4,8,1
asymmetric,4,1949,47,c,1,0,43808,4,137116,137116,,137133,137132,137144,137145,,,0,,,,0,,,,0,,137117,137129,4,4:3,137119,137131,4,4:3,137120,137132,4,4:3,137133,137136,4,1:3,,,,,,16,4,8,1
asymmetric,4,1950,47,c,2,0,44064,4,137148,137148,,137165,137164,137176,137177,,,0,,,,0,,,,0,,137149,137161,4,4:3,137151,137163,4,4:3,137152,137164,4,4:3,137165,137168,4,1:3,,,,,,16,4,8,1
asymmetric,4,1951,47,c,3,0,44320,4,137180,137180,,137197,137196,137208,137209,,,0,,,,0,,,,0,,137181,137193,4,4:3,137183,137195,4,4:3,137184,137196,4,4:3,137197,137200,4,1:3,,,,,,16,4,8,1
asymmetric,4,1952,47,c,4,0,44576,4,137212,137212,,137229,137228,137240,137241,,,0,,,,0,,,,0,,137213,137225,4,4:3,137215,137227,4,4:3,137216,137228,4,4:3,137229,137232,4,1:3,,,,,,16,4,8,1
asymmetric,4,1953,47,c,5,0,44832,4,137244,137244,,137261,137260,137272,137273,,,0,,,,0,,,,0,,137245,137257,4,4:3,137247,137259,4,4:3,137248,137260,4,4:3,137261,137264,4,1:3,,,,,,16,4,8,1
asymmetric,4,1954,47,c,6,0,45088,4,137276,137276,,137293,137292,137304,137305,,,0,,,,0,,,,0,,137277,137289,4,4:3,137279,137291,4,4:3,137280,137292,4,4:3,137293,137296,4,1:3,,,,,,16,4,8,1
asymmetric,4,1955,47,c,7,0,45344,4,137308,137308,,137325,137324,137336,137337,,,0,,,,0,,,,0,,137309,137321,4,4:3,137311,137323,4,4:3,137312,137324,4,4:3,137325,137328,4,1:3,,,,,,16,4,8,1
asymmetric,4,1956,48,a,0,0,12352,16,137346,137346,137347,,,,137390,137357,137372,16,1:15,137373,137388,16,1:15,137374,137389,16,1:15,,,0,,,,0,,,,0,,,,0,,1,10,15,17,1,,,,
asymmetric,4,1957,48,a,0,16,12480,16,137393,137393,137394,,,,137437,137404,137419,16,1:15,137420,137435,16,1:15,137421,137436,16,1:15,,,0,,,,0,,,,0,,,,0,,1,10,15,17,1,,,,
asymmetric,4,1958,48,a,1,0,12608,16,137440,137440,137441,,,,137484,137451,137466,16,1:15,137467,137482,16,1:15,137468,137483,16,1:15,,,0,,,,0,,,,0,,,,0,,1,10,15,17,1,,,,
asymmetric,4,1959,48,a,1,16,12736,16,137487,137487,137488,,,,137531,137498,137513,16,1:15,137514,137529,16,1:15,137515,137530,16,1:15,,,0,,,,0,,,,0,,,,0,,1,10,15,17,1,,,,
asymmetric,4,1960,48,a,2,0,12864,16,137534,137534,137535,,,,137578,137545,137560,16,1:15,137561,137576,16,1:15,137562,137577,16,1:15,,,0,,,,0,,,,0,,,,0,,1,10,15,17,1,,,,
asymmetric,4,1961,48,a,2,16,12992,16,137581,137581,137582,,,,137625,137592,137607,16,1:15,137608,137623,16,1:15,137609,137624,16,1:15,,,0,,,,0,,,,0,,,,0,,1,10,15,17,1,,,,
asymmetric,4,1962,48,a,3,0,13120,16,137628,137628,137629,,,,137672,137639,137654,16,1:15,137655,137670,16,1:15,137656,137671,16,1:15,,,0,,,,0,,,,0,,,,0,,1,10,15,17,1,,,,
asymmetric,4,1963,48,a,3,16,13248,16,137675,137675,137676,,,,137719,137686,137701,16,1:15,137702,137717,16,1:15,137703,137718,16,1:15,,,0,,,,0,,,,0,,,,0,,1,10,15,17,1,,,,
asymmetric,4,1964,48,a,4,0,13376,16,137722,137722,137723,,,,137766,137733,137748,16,1:15,137749,137764,16,1:15,137750,137765,16,1:15,,,0,,,,0,,,,0,,,,0,,1,10,15,17,1,,,,
asymmetric,4,1965,48,a,4,16,13504,16,137769,137769,137770,,,,137813,137780,137795,16,1:15,137796,137811,16,1:15,137797,137812,16,1:15,,,0,,,,0,,,,0,,,,0,,1,10,15,17,1,,,,
asymmetric,4,1966,48,a,5,0,13632,16,137816,137816,137817,,,,137860,137827,137842,16,1:15,137843,137858,16,1:15,137844,137859,16,1:15,,,0,,,,0,,,,0,,,,0,,1,10,15,17,1,,,,
asymmetric,4,1967,48,a,5,16,13760,16,137863,137863,137864,,,,137907,137874,137889,16,1:15,137890,137905,16,1:15,137891,137906,16,1:15,,,0,,,,0,,,,0,,,,0,,1,10,15,17,1,,,,
asymmetric,4,1968,48,a,6,0,13888,16,137910,137910,137911,,,,137954,137921,137936,16,1:15,137937,137952,16,1:15,137938,137953,16,1:15,,,0,,,,0,,,,0,,,,0,,1,10,15,17,1,,,,
asymmetric,4,1969,48,a,6,16,14016,16,137957,137957,137958,,,,138001,137968,137983,16,1:15,137984,137999,16,1:15,137985,138000,16,1:15,,,0,,,,0,,,,0,,,,0,,1,10,15,17,1,,,,
asymmetric,4,1970,48,a,7,0,14144,16,138004,138004,138005,,,,138048,138015,138030,16,1:15,138031,138046,16,1:15,138032,138047,16,1:15,,,0,,,,0,,,,0,,,,0,,1,10,15,17,1,,,,
asymmetric,4,1971,48,a,7,16,14272,16,138051,138051,138052,,,,138095,138062,138077,16,1:15,138078,138093,16,1:15,138079,138094,16,1:15,,,0,,,,0,,,,0,,,,0,,1,10,15,17,1,,,,
asymmetric,4,1972,48,bt,0,0,16832,16,138103,138103,138104,,,,138147,138114,138129,16,1:15,138130,138145,16,1:15,138131,138146,16,1:15,,,0,,,,0,,,,0,,,,0,,1,10,15,17,1,,,,
asymmetric,4,1973,48,bt,0,16,16960,16,138150,138150,138151,,,,138194,138161,138176,16,1:15,138177,138192,16,1:15,138178,138193,16,1:15,,,0,,,,0,,,,0,,,,0,,1,10,15,17,1,,,,
asymmetric,4,1974,48,bt,1,0,17088,16,138197,138197,138198,,,,138241,138208,138223,16,1:15,138224,138239,16,1:15,138225,138240,16,1:15,,,0,,,,0,,,,0,,,,0,,1,10,15,17,1,,,,
asymmetric,4,1975,48,bt,1,16,17216,16,138244,138244,138245,,,,138288,138255,138270,16,1:15,138271,138286,16,1:15,138272,138287,16,1:15,,,0,,,,0,,,,0,,,,0,,1,10,15,17,1,,,,
asymmetric,4,1976,48,bt,2,0,17344,16,138291,138291,138292,,,,138335,138302,138317,16,1:15,138318,138333,16,1:15,138319,138334,16,1:15,,,0,,,,0,,,,0,,,,0,,1,10,15,17,1,,,,
asymmetric,4,1977,48,bt,2,16,17472,16,138338,138338,138339,,,,138382,138349,138364,16,1:15,138365,138380,16,1:15,138366,138381,16,1:15,,,0,,,,0,,,,0,,,,0,,1,10,15,17,1,,,,
asymmetric,4,1978,48,bt,3,0,17600,16,138385,138385,138386,,,,138429,138396,138411,16,1:15,138412,138427,16,1:15,138413,138428,16,1:15,,,0,,,,0,,,,0,,,,0,,1,10,15,17,1,,,,
asymmetric,4,1979,48,bt,3,16,17728,16,138432,138432,138433,,,,138476,138443,138458,16,1:15,138459,138474,16,1:15,138460,138475,16,1:15,,,0,,,,0,,,,0,,,,0,,1,10,15,17,1,,,,
asymmetric,4,1980,48,bt,4,0,17856,16,138479,138479,138480,,,,138523,138490,138505,16,1:15,138506,138521,16,1:15,138507,138522,16,1:15,,,0,,,,0,,,,0,,,,0,,1,10,15,17,1,,,,
asymmetric,4,1981,48,bt,4,16,17984,16,138526,138526,138527,,,,138570,138537,138552,16,1:15,138553,138568,16,1:15,138554,138569,16,1:15,,,0,,,,0,,,,0,,,,0,,1,10,15,17,1,,,,
asymmetric,4,1982,48,bt,5,0,18112,16,138573,138573,138574,,,,138617,138584,138599,16,1:15,138600,138615,16,1:15,138601,138616,16,1:15,,,0,,,,0,,,,0,,,,0,,1,10,15,17,1,,,,
asymmetric,4,1983,48,bt,5,16,18240,16,138620,138620,138621,,,,138664,138631,138646,16,1:15,138647,138662,16,1:15,138648,138663,16,1:15,,,0,,,,0,,,,0,,,,0,,1,10,15,17,1,,,,
asymmetric,4,1984,48,bt,6,0,18368,16,138667,138667,138668,,,,138711,138678,138693,16,1:15,138694,138709,16,1:15,138695,138710,16,1:15,,,0,,,,0,,,,0,,,,0,,1,10,15,17,1,,,,
asymmetric,4,1985,48,bt,6,16,18496,16,138714,138714,138715,,,,138758,138725,138740,16,1:15,138741,138756,16,1:15,138742,138757,16,1:15,,,0,,,,0,,,,0,,,,0,,1,10,15,17,1,,,,
asymmetric,4,1986,48,bt,7,0,18624,16,138761,138761,138762,,,,138805,138772,138787,16,1:15,138788,138803,16,1:15,138789,138804,16,1:15,,,0,,,,0,,,,0,,,,0,,1,10,15,17,1,,,,
asymmetric,4,1987,48,bt,7,16,18752,16,138808,138808,138809,,,,138852,138819,138834,16,1:15,138835,138850,16,1:15,138836,138851,16,1:15,,,0,,,,0,,,,0,,,,0,,1,10,15,17,1,,,,
asymmetric,4,1988,48,c,0,0,45376,4,139942,139942,,139959,139958,139970,139971,,,0,,,,0,,,,0,,139943,139955,4,4:3,139945,139957,4,4:3,139946,139958,4,4:3,139959,139962,4,1:3,,,,,,16,4,8,1
asymmetric,4,1989,48,c,1,0,45632,4,139974,139974,,139991,139990,140002,140003,,,0,,,,0,,,,0,,139975,139987,4,4:3,139977,139989,4,4:3,139978,139990,4,4:3,139991,139994,4,1:3,,,,,,16,4,8,1
asymmetric,4,1990,48,c,2,0,45888,4,140006,140006,,140023,140022,140034,140035,,,0,,,,0,,,,0,,140007,140019,4,4:3,140009,140021,4,4:3,140010,140022,4,4:3,140023,140026,4,1:3,,,,,,16,4,8,1
asymmetric,4,1991,48,c,3,0,46144,4,140038,140038,,140055,140054,140066,140067,,,0,,,,0,,,,0,,140039,140051,4,4:3,140041,140053,4,4:3,140042,140054,4,4:3,140055,140058,4,1:3,,,,,,16,4,8,1
asymmetric,4,1992,48,c,4,0,46400,4,140070,140070,,140087,140086,140098,140099,,,0,,,,0,,,,0,,140071,140083,4,4:3,140073,140085,4,4:3,140074,140086,4,4:3,140087,140090,4,1:3,,,,,,16,4,8,1
asymmetric,4,1993,48,c,5,0,46656,4,140102,140102,,140119,140118,140130,140131,,,0,,,,0,,,,0,,140103,140115,4,4:3,140105,140117,4,4:3,140106,140118,4,4:3,140119,140122,4,1:3,,,,,,16,4,8,1
asymmetric,4,1994,48,c,6,0,46912,4,140134,140134,,140151,140150,140162,140163,,,0,,,,0,,,,0,,140135,140147,4,4:3,140137,140149,4,4:3,140138,140150,4,4:3,140151,140154,4,1:3,,,,,,16,4,8,1
asymmetric,4,1995,48,c,7,0,47168,4,140166,140166,,140183,140182,140194,140195,,,0,,,,0,,,,0,,140167,140179,4,4:3,140169,140181,4,4:3,140170,140182,4,4:3,140183,140186,4,1:3,,,,,,16,4,8,1
asymmetric,4,1996,49,a,0,0,12352,16,140204,140204,140205,,,,140248,140215,140230,16,1:15,140231,140246,16,1:15,140232,140247,16,1:15,,,0,,,,0,,,,0,,,,0,,1,10,15,17,1,,,,
asymmetric,4,1997,49,a,0,16,12480,16,140251,140251,140252,,,,140295,140262,140277,16,1:15,140278,140293,16,1:15,140279,140294,16,1:15,,,0,,,,0,,,,0,,,,0,,1,10,15,17,1,,,,
asymmetric,4,1998,49,a,1,0,12608,16,140298,140298,140299,,,,140342,140309,140324,16,1:15,140325,140340,16,1:15,140326,140341,16,1:15,,,0,,,,0,,,,0,,,,0,,1,10,15,17,1,,,,
asymmetric,4,1999,49,a,1,16,12736,16,140345,140345,140346,,,,140389,140356,140371,16,1:15,140372,140387,16,1:15,140373,140388,16,1:15,,,0,,,,0,,,,0,,,,0,,1,10,15,17,1,,,,
asymmetric,4,2000,49,a,2,0,12864,16,140392,140392,140393,,,,140436,140403,140418,16,1:15,140419,140434,16,1:15,140420,140435,16,1:15,,,0,,,,0,,,,0,,,,0,,1,10,15,17,1,,,,
asymmetric,4,2001,49,a,2,16,12992,16,140439,140439,140440,,,,140483,140450,140465,16,1:15,140466,140481,16,1:15,140467,140482,16,1:15,,,0,,,,0,,,,0,,,,0,,1,10,15,17,1,,,,
asymmetric,4,2002,49,a,3,0,13120,16,140486,140486,140487,,,,140530,140497,140512,16,1:15,140513,140528,16,1:15,140514,140529,16,1:15,,,0,,,,0,,,,0,,,,0,,1,10,15,17,1,,,,
asymmetric,4,2003,49,a,3,16,13248,16,140533,140533,140534,,,,140577,140544,140559,16,1:15,140560,140575,16,1:15,140561,140576,16,1:15,,,0,,,,0,,,,0,,,,0,,1,10,15,17,1,,,,
asymmetric,4,2004,49,a,4,0,13376,16,140580,140580,140581,,,,140624,140591,140606,16,1:15,140607,140622,16,1:15,140608,140623,16,1:15,,,0,,,,0,,,,0,,,,0,,1,10,15,17,1,,,,
asymmetric,4,2005,49,a,4,16,13504,16,140627,140627,140628,,,,140671,140638,140653,16,1:15,140654,140669,16,1:15,140655,140670,16,1:15,,,0,,,,0,,,,0,,,,0,,1,10,15,17,1,,,,
asymmetric,4,2006,49,a,5,0,13632,16,140674,140674,140675,,,,140718,140685,140700,16,1:15,140701,140716,16,1:15,140702,140717,16,1:15,,,0,,,,0,,,,0,,,,0,,1,10,15,17,1,,,,
asymmetric,4,2007,49,a,5,16,13760,16,140721,140721,140722,,,,140765,140732,140747,16,1:15,140748,140763,16,1:15,140749,140764,16,1:15,,,0,,,,0,,,,0,,,,0,,1,10,15,17,1,,,,
asymmetric,4,2008,49,a,6,0,13888,16,140768,140768,140769,,,,140812,140779,140794,16,1:15,140795,140810,16,1:15,140796,140811,16,1:15,,,0,,,,0,,,,0,,,,0,,1,10,15,17,1,,,,
asymmetric,4,2009,49,a,6,16,14016,16,140815,140815,140816,,,,140859,140826,140841,16,1:15,140842,140857,16,1:15,140843,140858,16,1:15,,,0,,,,0,,,,0,,,,0,,1,10,15,17,1,,,,
asymmetric,4,2010,49,a,7,0,14144,16,140862,140862,140863,,,,140906,140873,140888,16,1:15,140889,140904,16,1:15,140890,140905,16,1:15,,,0,,,,0,,,,0,,,,0,,1,10,15,17,1,,,,
asymmetric,4,2011,49,a,7,16,14272,16,140909,140909,140910,,,,140953,140920,140935,16,1:15,140936,140951,16,1:15,140937,140952,16,1:15,,,0,,,,0,,,,0,,,,0,,1,10,15,17,1,,,,
asymmetric,4,2012,49,bt,0,0,18880,16,140961,140961,140962,,,,141005,140972,140987,16,1:15,140988,141003,16,1:15,140989,141004,16,1:15,,,0,,,,0,,,,0,,,,0,,1,10,15,17,1,,,,
asymmetric,4,2013,49,bt,0,16,19008,16,141008,141008,141009,,,,141052,141019,141034,16,1:15,141035,141050,16,1:15,141036,141051,16,1:15,,,0,,,,0,,,,0,,,,0,,1,10,15,17,1,,,,
asymmetric,4,2014,49,bt,1,0,19136,16,141055,141055,141056,,,,141099,141066,141081,16,1:15,141082,141097,16,1:15,141083,141098,16,1:15,,,0,,,,0,,,,0,,,,0,,1,10,15,17,1,,,,
asymmetric,4,2015,49,bt,1,16,19264,16,141102,141102,141103,,,,141146,141113,141128,16,1:15,141129,141144,16,1:15,141130,141145,16,1:15,,,0,,,,0,,,,0,,,,0,,1,10,15,17,1,,,,
asymmetric,4,2016,49,bt,2,0,19392,16,141149,141149,141150,,,,141193,141160,141175,16,1:15,141176,141191,16,1:15,141177,141192,16,1:15,,,0,,,,0,,,,0,,,,0,,1,10,15,17,1,,,,
asymmetric,4,2017,49,bt,2,16,19520,16,141196,141196,141197,,,,141240,141207,141222,16,1:15,141223,141238,16,1:15,141224,141239,16,1:15,,,0,,,,0,,,,0,,,,0,,1,10,15,17,1,,,,
asymmetric,4,2018,49,bt,3,0,19648,16,141243,141243,141244,,,,141287,141254,141269,16,1:15,141270,141285,16,1:15,141271,141286,16,1:15,,,0,,,,0,,,,0,,,,0,,1,10,15,17,1,,,,
asymmetric,4,2019,49,bt,3,16,19776,16,141290,141290,141291,,,,141334,141301,141316,16,1:15,141317,141332,16,1:15,141318,141333,16,1:15,,,0,,,,0,,,,0,,,,0,,1,10,15,17,1,,,,
asymmetric,4,2020,49,bt,4,0,19904,16,141337,141337,141338,,,,141381,141348,141363,16,1:15,141364,141379,16,1:15,141365,141380,16,1:15,,,0,,,,0,,,,0,,,,0,,1,10,15,17,1,,,,
asymmetric,4,2021,49,bt,4,16,20032,16,141384,141384,141385,,,,141428,141395,141410,16,1:15,141411,141426,16,1:15,141412,141427,16,1:15,,,0,,,,0,,,,0,,,,0,,1,10,15,17,1,,,,
asymmetric,4,2022,49,bt,5,0,20160,16,141431,141431,141432,,,,141475,141442,141457,16,1:15,141458,141473,16,1:15,141459,141474,16,1:15,,,0,,,,0,,,,0,,,,0,,1,10,15,17,1,,,,
asymmetric,4,2023,49,bt,5,16,20288,16,141478,141478,141479,,,,141522,141489,141504,16,1:15,141505,141520,16,1:15,141506,141521,16,1:15,,,0,,,,0,,,,0,,,,0,,1,10,15,17,1,,,,
asymmetric,4,2024,49,bt,6,0,20416,8,141525,141525,141526,,,,141553,141536,141543,8,1:7,141544,141551,8,1:7,141545,141552,8,1:7,,,0,,,,0,,,,0,,,,0,,1,10,7,9,1,,,,
asymmetric,4,2025,49,bt,6,8,20480,16,141556,141556,141557,,,,141600,141567,141582,16,1:15,141583,141598,16,1:15,141584,141599,16,1:15,,,0,,,,0,,,,0,,,,0,,1,10,15,17,1,,,,
asymmetric,4,2026,49,bt,6,24,20608,8,141603,141603,141604,,,,141631,141614,141621,8,1:7,141622,141629,8,1:7,141623,141630,8,1:7,,,0,,,,0,,,,0,,,,0,,1,10,7,9,1,,,,
asymmetric,4,2027,49,bt,7,0,20672,16,141634,141634,141635,,,,141678,141645,141660,16,1:15,141661,141676,16,1:15,141662,141677,16,1:15,,,0,,,,0,,,,0,,,,0,,1,10,15,17,1,,,,
asymmetric,4,2028,49,bt,7,16,20800,16,141681,141681,141682,,,,141725,141692,141707,16,1:15,141708,141723,16,1:15,141709,141724,16,1:15,,,0,,,,0,,,,0,,,,0,,1,10,15,17,1,,,,
asymmetric,4,2029,49,c,0,0,45408,4,142815,142815,,142832,142831,142843,142844,,,0,,,,0,,,,0,,142816,142828,4,4:3,142818,142830,4,4:3,142819,142831,4,4:3,142832,142835,4,1:3,,,,,,16,4,8,1
asymmetric,4,2030,49,c,1,0,45664,4,142847,142847,,142864,142863,142875,142876,,,0,,,,0,,,,0,,142848,142860,4,4:3,142850,142862,4,4:3,142851,142863,4,4:3,142864,142867,4,1:3,,,,,,16,4,8,1
asymmetric,4,2031,49,c,2,0,45920,4,142879,142879,,142896,142895,142907,142908,,,0,,,,0,,,,0,,142880,142892,4,4:3,142882,142894,4,4:3,142883,142895,4,4:3,142896,142899,4,1:3,,,,,,16,4,8,1
asymmetric,4,2032,49,c,3,0,46176,4,142911,142911,,142928,142927,142939,142940,,,0,,,,0,,,,0,,142912,142924,4,4:3,142914,142926,4,4:3,142915,142927,4,4:3,142928,142931,4,1:3,,,,,,16,4,8,1
asymmetric,4,2033,49,c,4,0,46432,4,142943,142943,,142960,142959,142971,142972,,,0,,,,0,,,,0,,142944,142956,4,4:3,142946,142958,4,4:3,142947,142959,4,4:3,142960,142963,4,1:3,,,,,,16,4,8,1
asymmetric,4,2034,49,c,5,0,46688,4,142975,142975,,142992,142991,143003,143004,,,0,,,,0,,,,0,,142976,142988,4,4:3,142978,142990,4,4:3,142979,142991,4,4:3,142992,142995,4,1:3,,,,,,16,4,8,1
asymmetric,4,2035,49,c,6,0,46944,4,143007,143007,,143024,143023,143035,143036,,,0,,,,0,,,,0,,143008,143020,4,4:3,143010,143022,4,4:3,143011,143023,4,4:3,143024,143027,4,1:3,,,,,,16,4,8,1
asymmetric,4,2036,49,c,7,0,47200,4,143039,143039,,143056,143055,143067,143068,,,0,,,,0,,,,0,,143040,143052,4,4:3,143042,143054,4,4:3,143043,143055,4,4:3,143056,143059,4,1:3,,,,,,16,4,8,1
asymmetric,4,2037,50,a,0,0,12352,16,143077,143077,143078,,,,143121,143088,143103,16,1:15,143104,143119,16,1:15,143105,143120,16,1:15,,,0,,,,0,,,,0,,,,0,,1,10,15,17,1,,,,
asymmetric,4,2038,50,a,0,16,12480,16,143124,143124,143125,,,,143168,143135,143150,16,1:15,143151,143166,16,1:15,143152,143167,16,1:15,,,0,,,,0,,,,0,,,,0,,1,10,15,17,1,,,,
asymmetric,4,2039,50,a,1,0,12608,16,143171,143171,143172,,,,143215,143182,143197,16,1:15,143198,143213,16,1:15,143199,143214,16,1:15,,,0,,,,0,,,,0,,,,0,,1,10,15,17,1,,,,
asymmetric,4,2040,50,a,1,16,12736,16,143218,143218,143219,,,,143262,143229,143244,16,1:15,143245,143260,16,1:15,143246,143261,16,1:15,,,0,,,,0,,,,0,,,,0,,1,10,15,17,1,,,,
asymmetric,4,2041,50,a,2,0,12864,16,143265,143265,143266,,,,143309,143276,143291,16,1:15,143292,143307,16,1:15,143293,143308,16,1:15,,,0,,,,0,,,,0,,,,0,,1,10,15,17,1,,,,
asymmetric,4,2042,50,a,2,16,12992,16,143312,143312,143313,,,,143356,143323,143338,16,1:15,143339,143354,16,1:15,143340,143355,16,1:15,,,0,,,,0,,,,0,,,,0,,1,10,15,17,1,,,,
asymmetric,4,2043,50,a,3,0,13120,16,143359,143359,143360,,,,143403,143370,143385,16,1:15,143386,143401,16,1:15,143387,143402,16,1:15,,,0,,,,0,,,,0,,,,0,,1,10,15,17,1,,,,
asymmetric,4,2044,50,a,3,16,13248,16,143406,143406,143407,,,,143450,143417,143432,16,1:15,143433,143448,16,1:15,143434,143449,16,1:15,,,0,,,,0,,,,0,,,,0,,1,10,15,17,1,,,,
asymmetric,4,2045,50,a,4,0,13376,16,143453,143453,143454,,,,143497,143464,143479,16,1:15,143480,143495,16,1:15,143481,143496,16,1:15,,,0,,,,0,,,,0,,,,0,,1,10,15,17,1,,,,
asymmetric,4,2046,50,a,4,16,13504,16,143500,143500,143501,,,,143544,143511,143526,16,1:15,143527,143542,16,1:15,143528,143543,16,1:15,,,0,,,,0,,,,0,,,,0,,1,10,15,17,1,,,,
asymmetric,4,2047,50,a,5,0,13632,16,143547,143547,143548,,,,143591,143558,143573,16,1:15,143574,143589,16,1:15,143575,143590,16,1:15,,,0,,,,0,,,,0,,,,0,,1,10,15,17,1,,,,
asymmetric,4,2048,50,a,5,16,13760,16,143594,143594,143595,,,,143638,143605,143620,16,1:15,143621,143636,16,1:15,143622,143637,16,1:15,,,0,,,,0,,,,0,,,,0,,1,10,15,17,1,,,,
asymmetric,4,2049,50,a,6,0,13888,16,143641,143641,143642,,,,143685,143652,143667,16,1:15,143668,143683,16,1:15,143669,143684,16,1:15,,,0,,,,0,,,,0,,,,0,,1,10,15,17,1,,,,
asymmetric,4,2050,50,a,6,16,14016,16,143688,143688,143689,,,,143732,143699,143714,16,1:15,143715,143730,16,1:15,143716,143731,16,1:15,,,0,,,,0,,,,0,,,,0,,1,10,15,17,1,,,,
asymmetric,4,2051,50,a,7,0,14144,16,143735,143735,143736,,,,143779,143746,143761,16,1:15,143762,143777,16,1:15,143763,143778,16,1:15,,,0,,,,0,,,,0,,,,0,,1,10,15,17,1,,,,
asymmetric,4,2052,50,a,7,16,14272,16,143782,143782,143783,,,,143826,143793,143808,16,1:15,143809,143824,16,1:15,143810,143825,16,1:15,,,0,,,,0,,,,0,,,,0,,1,10,15,17,1,,,,
asymmetric,4,2053,50,bt,0,0,20928,16,143834,143834,143835,,,,143878,143845,143860,16,1:15,143861,143876,16,1:15,143862,143877,16,1:15,,,0,,,,0,,,,0,,,,0,,1,10,15,17,1,,,,
asymmetric,4,2054,50,bt,0,16,21056,16,143881,143881,143882,,,,143925,143892,143907,16,1:15,143908,143923,16,1:15,143909,143924,16,1:15,,,0,,,,0,,,,0,,,,0,,1,10,15,17,1,,,,
asymmetric,4,2055,50,bt,1,0,21184,16,143928,143928,143929,,,,143972,143939,143954,16,1:15,143955,143970,16,1:15,143956,143971,16,1:15,,,0,,,,0,,,,0,,,,0,,1,10,15,17,1,,,,
asymmetric,4,2056,50,bt,1,16,21312,16,143975,143975,143976,,,,144019,143986,144001,16,1:15,144002,144017,16,1:15,144003,144018,16,1:15,,,0,,,,0,,,,0,,,,0,,1,10,15,17,1,,,,
asymmetric,4,2057,50,bt,2,0,21440,16,144022,144022,144023,,,,144066,144033,144048,16,1:15,144049,144064,16,1:15,144050,144065,16,1:15,,,0,,,,0,,,,0,,,,0,,1,10,15,17,1,,,,
asymmetric,4,2058,50,bt,2,16,21568,16,144069,144069,144070,,,,144113,144080,144095,16,1:15,144096,144111,16,1:15,144097,144112,16,1:15,,,0,,,,0,,,,0,,,,0,,1,10,15,17,1,,,,
asymmetric,4,2059,50,bt,3,0,21696,16,144116,144116,144117,,,,144160,144127,144142,16,1:15,144143,144158,16,1:15,144144,144159,16,1:15,,,0,,,,0,,,,0,,,,0,,1,10,15,17,1,,,,
asymmetric,4,2060,50,bt,3,16,21824,16,144163,144163,144164,,,,144207,144174,144189,16,1:15,144190,144205,16,1:15,144191,144206,16,1:15,,,0,,,,0,,,,0,,,,0,,1,10,15,17,1,,,,
asymmetric,4,2061,50,bt,4,0,21952,16,144210,144210,144211,,,,144254,144221,144236,16,1:15,144237,144252,16,1:15,144238,144253,16,1:15,,,0,,,,0,,,,0,,,,0,,1,10,15,17,1,,,,
asymmetric,4,2062,50,bt,4,16,22080,16,144257,144257,144258,,,,144301,144268,144283,16,1:15,144284,144299,16,1:15,144285,144300,16,1:15,,,0,,,,0,,,,0,,,,0,,1,10,15,17,1,,,,
asymmetric,4,2063,50,bt,5,0,22208,16,144304,144304,144305,,,,144348,144315,144330,16,1:15,144331,144346,16,1:15,144332,144347,16,1:15,,,0,,,,0,,,,0,,,,0,,1,10,15,17,1,,,,
asymmetric,4,2064,50,bt,5,16,22336,16,144351,144351,144352,,,,144395,144362,144377,16,1:15,144378,144393,16,1:15,144379,144394,16,1:15,,,0,,,,0,,,,0,,,,0,,1,10,15,17,1,,,,
asymmetric,4,2065,50,bt,6,0,22464,16,144398,144398,144399,,,,144442,144409,144424,16,1:15,144425,144440,16,1:15,144426,144441,16,1:15,,,0,,,,0,,,,0,,,,0,,1,10,15,17,1,,,,
asymmetric,4,2066,50,bt,6,16,22592,16,144445,144445,144446,,,,144489,144456,144471,16,1:15,144472,144487,16,1:15,144473,144488,16,1:15,,,0,,,,0,,,,0,,,,0,,1,10,15,17,1,,,,
asymmetric,4,2067,50,bt,7,0,22720,16,144492,144492,144493,,,,144536,144503,144518,16,1:15,144519,144534,16,1:15,144520,144535,16,1:15,,,0,,,,0,,,,0,,,,0,,1,10,15,17,1,,,,
asymmetric,4,2068,50,bt,7,16,22848,16,144539,144539,144540,,,,144583,144550,144565,16,1:15,144566,144581,16,1:15,144567,144582,16,1:15,,,0,,,,0,,,,0,,,,0,,1,10,15,17,1,,,,
asymmetric,4,2069,50,c,0,0,45440,4,145673,145673,,145690,145689,145701,145702,,,0,,,,0,,,,0,,145674,145686,4,4:3,145676,145688,4,4:3,145677,145689,4,4:3,145690,145693,4,1:3,,,,,,16,4,8,1
asymmetric,4,2070,50,c,1,0,45696,4,145705,145705,,145722,145721,145733,145734,,,0,,,,0,,,,0,,145706,145718,4,4:3,145708,145720,4,4:3,145709,145721,4,4:3,145722,145725,4,1:3,,,,,,16,4,8,1
asymmetric,4,2071,50,c,2,0,45952,4,145737,145737,,145754,145753,145765,145766,,,0,,,,0,,,,0,,145738,145750,4,4:3,145740,145752,4,4:3,145741,145753,4,4:3,145754,145757,4,1:3,,,,,,16,4,8,1
asymmetric,4,2072,50,c,3,0,46208,4,145769,145769,,145786,145785,145797,145798,,,0,,,,0,,,,0,,145770,145782,4,4:3,145772,145784,4,4:3,145773,145785,4,4:3,145786,145789,4,1:3,,,,,,16,4,8,1
asymmetric,4,2073,50,c,4,0,46464,4,145801,145801,,145818,145817,145829,145830,,,0,,,,0,,,,0,,145802,145814,4,4:3,145804,145816,4,4:3,145805,145817,4,4:3,145818,145821,4,1:3,,,,,,16,4,8,1
asymmetric,4,2074,50,c,5,0,46720,4,145833,145833,,145850,145849,145861,145862,,,0,,,,0,,,,0,,145834,145846,4,4:3,145836,145848,4,4:3,145837,145849,4,4:3,145850,145853,4,1:3,,,,,,16,4,8,1
asymmetric,4,2075,50,c,6,0,46976,4,145865,145865,,145882,145881,145893,145894,,,0,,,,0,,,,0,,145866,145878,4,4:3,145868,145880,4,4:3,145869,145881,4,4:3,145882,145885,4,1:3,,,,,,16,4,8,1
asymmetric,4,2076,50,c,7,0,47232,4,145897,145897,,145914,145913,145925,145926,,,0,,,,0,,,,0,,145898,145910,4,4:3,145900,145912,4,4:3,145901,145913,4,4:3,145914,145917,4,1:3,,,,,,16,4,8,1
asymmetric,4,2077,51,a,0,0,12352,16,145935,145935,145936,,,,145979,145946,145961,16,1:15,145962,145977,16,1:15,145963,145978,16,1:15,,,0,,,,0,,,,0,,,,0,,1,10,15,17,1,,,,
asymmetric,4,2078,51,a,0,16,12480,16,145982,145982,145983,,,,146026,145993,146008,16,1:15,146009,146024,16,1:15,146010,146025,16,1:15,,,0,,,,0,,,,0,,,,0,,1,10,15,17,1,,,,
asymmetric,4,2079,51,a,1,0,12608,16,146029,146029,146030,,,,146073,146040,146055,16,1:15,146056,146071,16,1:15,146057,146072,16,1:15,,,0,,,,0,,,,0,,,,0,,1,10,15,17,1,,,,
asymmetric,4,2080,51,a,1,16,12736,16,146076,146076,146077,,,,146120,146087,146102,16,1:15,146103,146118,16,1:15,146104,146119,16,1:15,,,0,,,,0,,,,0,,,,0,,1,10,15,17,1,,,,
asymmetric,4,2081,51,a,2,0,12864,16,146123,146123,146124,,,,146167,146134,146149,16,1:15,146150,146165,16,1:15,146151,146166,16,1:15,,,0,,,,0,,,,0,,,,0,,1,10,15,17,1,,,,
asymmetric,4,2082,51,a,2,16,12992,16,146170,146170,146171,,,,146214,146181,146196,16,1:15,146197,146212,16,1:15,146198,146213,16,1:15,,,0,,,,0,,,,0,,,,0,,1,10,15,17,1,,,,
asymmetric,4,2083,51,a,3,0,13120,16,146217,146217,146218,,,,146261,146228,146243,16,1:15,146244,146259,16,1:15,146245,146260,16,1:15,,,0,,,,0,,,,0,,,,0,,1,10,15,17,1,,,,
asymmetric,4,2084,51,a,3,16,13248,16,146264,146264,146265,,,,146308,146275,146290,16,1:15,146291,146306,16,1:15,146292,146307,16,1:15,,,0,,,,0,,,,0,,,,0,,1,10,15,17,1,,,,
asymmetric,4,2085,51,a,4,0,13376,16,146311,146311,146312,,,,146355,146322,146337,16,1:15,146338,146353,16,1:15,146339,146354,16,1:15,,,0,,,,0,,,,0,,,,0,,1,10,15,17,1,,,,
asymmetric,4,2086,51,a,4,16,13504,16,146358,146358,146359,,,,146402,146369,146384,16,1:15,146385,146400,16,1:15,146386,146401,16,1:15,,,0,,,,0,,,,0,,,,0,,1,10,15,17,1,,,,
asymmetric,4,2087,51,a,5,0,13632,16,146405,146405,146406,,,,146449,146416,146431,16,1:15,146432,146447,16,1:15,146433,146448,16,1:15,,,0,,,,0,,,,0,,,,0,,1,10,15,17,1,,,,
asymmetric,4,2088,51,a,5,16,13760,16,146452,146452,146453,,,,146496,146463,146478,16,1:15,146479,146494,16,1:15,146480,146495,16,1:15,,,0,,,,0,,,,0,,,,0,,1,10,15,17,1,,,,
asymmetric,4,2089,51,a,6,0,13888,16,146499,146499,146500,,,,146543,146510,146525,16,1:15,146526,146541,16,1:15,146527,146542,16,1:15,,,0,,,,0,,,,0,,,,0,,1,10,15,17,1,,,,
asymmetric,4,2090,51,a,6,16,14016,16,146546,146546,146547,,,,146590,146557,146572,16,1:15,146573,146588,16,1:15,146574,146589,16,1:15,,,0,,,,0,,,,0,,,,0,,1,10,15,17,1,,,,
asymmetric,4,2091,51,a,7,0,14144,16,146593,146593,146594,,,,146637,146604,146619,16,1:15,146620,146635,16,1:15,146621,146636,16,1:15,,,0,,,,0,,,,0,,,,0,,1,10,15,17,1,,,,
asymmetric,4,2092,51,a,7,16,14272,16,146640,146640,146641,,,,146684,146651,146666,16,1:15,146667,146682,16,1:15,146668,146683,16,1:15,,,0,,,,0,,,,0,,,,0,,1,10,15,17,1,,,,
asymmetric,4,2093,51,bt,0,0,22976,16,146692,146692,146693,,,,146736,146703,146718,16,1:15,146719,146734,16,1:15,146720,146735,16,1:15,,,0,,,,0,,,,0,,,,0,,1,10,15,17,1,,,,
asymmetric,4,2094,51,bt,0,16,23104,16,146739,146739,146740,,,,146783,146750,146765,16,1:15,146766,146781,16,1:15,146767,146782,16,1:15,,,0,,,,0,,,,0,,,,0,,1,10,15,17,1,,,,
asymmetric,4,2095,51,bt,1,0,23232,16,146786,146786,146787,,,,146830,146797,146812,16,1:15,146813,146828,16,1:15,146814,146829,16,1:15,,,0,,,,0,,,,0,,,,0,,1,10,15,17,1,,,,
asymmetric,4,2096,51,bt,1,16,23360,16,146833,146833,146834,,,,146877,146844,146859,16,1:15,146860,146875,16,1:15,146861,146876,16,1:15,,,0,,,,0,,,,0,,,,0,,1,10,15,17,1,,,,
asymmetric,4,2097,51,bt,2,0,23488,16,146880,146880,146881,,,,146924,146891,146906,16,1:15,146907,146922,16,1:15,146908,146923,16,1:15,,,0,,,,0,,,,0,,,,0,,1,10,15,17,1,,,,
asymmetric,4,2098,51,bt,2,16,23616,16,146927,146927,146928,,,,146971,146938,146953,16,1:15,146954,146969,16,1:15,146955,146970,16,1:15,,,0,,,,0,,,,0,,,,0,,1,10,15,17,1,,,,
asymmetric,4,2099,51,bt,3,0,23744,16,146974,146974,146975,,,,147018,146985,147000,16,1:15,147001,147016,16,1:15,147002,147017,16,1:15,,,0,,,,0,,,,0,,,,0,,1,10,15,17,1,,,,
asymmetric,4,2100,51,bt,3,16,23872,16,147021,147021,147022,,,,147065,147032,147047,16,1:15,147048,147063,16,1:15,147049,147064,16,1:15,,,0,,,,0,,,,0,,,,0,,1,10,15,17,1,,,,
asymmetric,4,2101,51,bt,4,0,24000,16,147068,147068,147069,,,,147112,147079,147094,16,1:15,147095,147110,16,1:15,147096,147111,16,1:15,,,0,,,,0,,,,0,,,,0,,1,10,15,17,1,,,,
asymmetric,4,2102,51,bt,4,16,24128,16,147115,147115,147116,,,,147159,147126,147141,16,1:15,147142,147157,16,1:15,147143,147158,16,1:15,,,0,,,,0,,,,0,,,,0,,1,10,15,17,1,,,,
asymmetric,4,2103,51,bt,5,0,24256,16,147162,147162,147163,,,,147206,147173,147188,16,1:15,147189,147204,16,1:15,147190,147205,16,1:15,,,0,,,,0,,,,0,,,,0,,1,10,15,17,1,,,,
asymmetric,4,2104,51,bt,5,16,24384,16,147209,147209,147210,,,,147253,147220,147235,16,1:15,147236,147251,16,1:15,147237,147252,16,1:15,,,0,,,,0,,,,0,,,,0,,1,10,15,17,1,,,,
asymmetric,4,2105,51,bt,6,0,24512,8,147256,147256,147257,,,,147284,147267,147274,8,1:7,147275,147282,8,1:7,147276,147283,8,1:7,,,0,,,,0,,,,0,,,,0,,1,10,7,9,1,,,,
asymmetric,4,2106,51,bt,6,8,24576,16,147287,147287,147288,,,,147331,147298,147313,16,1:15,147314,147329,16,1:15,147315,147330,16,1:15,,,0,,,,0,,,,0,,,,0,,1,10,15,17,1,,,,
asymmetric,4,2107,51,bt,6,24,24704,8,147334,147334,147335,,,,147362,147345,147352,8,1:7,147353,147360,8,1:7,147354,147361,8,1:7,,,0,,,,0,,,,0,,,,0,,1,10,7,9,1,,,,
asymmetric,4,2108,51,bt,7,0,24768,16,147365,147365,147366,,,,147409,147376,147391,16,1:15,147392,147407,16,1:15,147393,147408,16,1:15,,,0,,,,0,,,,0,,,,0,,1,10,15,17,1,,,,
asymmetric,4,2109,51,bt,7,16,24896,16,147412,147412,147413,,,,147456,147423,147438,16,1:15,147439,147454,16,1:15,147440,147455,16,1:15,,,0,,,,0,,,,0,,,,0,,1,10,15,17,1,,,,
asymmetric,4,2110,51,c,0,0,45472,4,148546,148546,,148563,148562,148574,148575,,,0,,,,0,,,,0,,148547,148559,4,4:3,148549,148561,4,4:3,148550,148562,4,4:3,148563,148566,4,1:3,,,,,,16,4,8,1
asymmetric,4,2111,51,c,1,0,45728,4,148578,148578,,148595,148594,148606,148607,,,0,,,,0,,,,0,,148579,148591,4,4:3,148581,148593,4,4:3,148582,148594,4,4:3,148595,148598,4,1:3,,,,,,16,4,8,1
asymmetric,4,2112,51,c,2,0,45984,4,148610,148610,,148627,148626,148638,148639,,,0,,,,0,,,,0,,148611,148623,4,4:3,148613,148625,4,4:3,148614,148626,4,4:3,148627,148630,4,1:3,,,,,,16,4,8,1
asymmetric,4,2113,51,c,3,0,46240,4,148642,148642,,148659,148658,148670,148671,,,0,,,,0,,,,0,,148643,148655,4,4:3,148645,148657,4,4:3,148646,148658,4,4:3,148659,148662,4,1:3,,,,,,16,4,8,1
asymmetric,4,2114,51,c,4,0,46496,4,148674,148674,,148691,148690,148702,148703,,,0,,,,0,,,,0,,148675,148687,4,4:3,148677,148689,4,4:3,148678,148690,4,4:3,148691,148694,4,1:3,,,,,,16,4,8,1
asymmetric,4,2115,51,c,5,0,46752,4,148706,148706,,148723,148722,148734,148735,,,0,,,,0,,,,0,,148707,148719,4,4:3,148709,148721,4,4:3,148710,148722,4,4:3,148723,148726,4,1:3,,,,,,16,4,8,1
asymmetric,4,2116,51,c,6,0,47008,4,148738,148738,,148755,148754,148766,148767,,,0,,,,0,,,,0,,148739,148751,4,4:3,148741,148753,4,4:3,148742,148754,4,4:3,148755,148758,4,1:3,,,,,,16,4,8,1
asymmetric,4,2117,51,c,7,0,47264,4,148770,148770,,148787,148786,148798,148799,,,0,,,,0,,,,0,,148771,148783,4,4:3,148773,148785,4,4:3,148774,148786,4,4:3,148787,148790,4,1:3,,,,,,16,4,8,1
asymmetric,4,2118,52,a,0,0,12352,16,148808,148808,148809,,,,148852,148819,148834,16,1:15,148835,148850,16,1:15,148836,148851,16,1:15,,,0,,,,0,,,,0,,,,0,,1,10,15,17,1,,,,
asymmetric,4,2119,52,a,0,16,12480,16,148855,148855,148856,,,,148899,148866,148881,16,1:15,148882,148897,16,1:15,148883,148898,16,1:15,,,0,,,,0,,,,0,,,,0,,1,10,15,17,1,,,,
asymmetric,4,2120,52,a,1,0,12608,16,148902,148902,148903,,,,148946,148913,148928,16,1:15,148929,148944,16,1:15,148930,148945,16,1:15,,,0,,,,0,,,,0,,,,0,,1,10,15,17,1,,,,
asymmetric,4,2121,52,a,1,16,12736,16,148949,148949,148950,,,,148993,148960,148975,16,1:15,148976,148991,16,1:15,148977,148992,16,1:15,,,0,,,,0,,,,0,,,,0,,1,10,15,17,1,,,,
asymmetric,4,2122,52,a,2,0,12864,16,148996,148996,148997,,,,149040,149007,149022,16,1:15,149023,149038,16,1:15,149024,149039,16,1:15,,,0,,,,0,,,,0,,,,0,,1,10,15,17,1,,,,
asymmetric,4,2123,52,a,2,16,12992,16,149043,149043,149044,,,,149087,149054,149069,16,1:15,149070,149085,16,1:15,149071,149086,16,1:15,,,0,,,,0,,,,0,,,,0,,1,10,15,17,1,,,,
asymmetric,4,2124,52,a,3,0,13120,16,149090,149090,149091,,,,149134,149101,149116,16,1:15,149117,149132,16,1:15,149118,149133,16,1:15,,,0,,,,0,,,,0,,,,0,,1,10,15,17,1,,,,
asymmetric,4,2125,52,a,3,16,13248,16,149137,149137,149138,,,,149181,149148,149163,16,1:15,149164,149179,16,1:15,149165,149180,16,1:15,,,0,,,,0,,,,0,,,,0,,1,10,15,17,1,,,,
asymmetric,4,2126,52,a,4,0,13376,16,149184,149184,149185,,,,149228,149195,149210,16,1:15,149211,149226,16,1:15,149212,149227,16,1:15,,,0,,,,0,,,,0,,,,0,,1,10,15,17,1,,,,
asymmetric,4,2127,52,a,4,16,13504,16,149231,149231,149232,,,,149275,149242,149257,16,1:15,149258,149273,16,1:15,149259,149274,16,1:15,,,0,,,,0,,,,0,,,,0,,1,10,15,17,1,,,,
asymmetric,4,2128,52,a,5,0,13632,16,149278,149278,149279,,,,149322,149289,149304,16,1:15,149305,149320,16,1:15,149306,149321,16,1:15,,,0,,,,0,,,,0,,,,0,,1,10,15,17,1,,,,
asymmetric,4,2129,52,a,5,16,13760,16,149325,149325,149326,,,,149369,149336,149351,16,1:15,149352,149367,16,1:15,149353,149368,16,1:15,,,0,,,,0,,,,0,,,,0,,1,10,15,17,1,,,,
asymmetric,4,2130,52,a,6,0,13888,16,149372,149372,149373,,,,149416,149383,149398,16,1:15,149399,149414,16,1:15,149400,149415,16,1:15,,,0,,,,0,,,,0,,,,0,,1,10,15,17,1,,,,
asymmetric,4,2131,52,a,6,16,14016,16,149419,149419,149420,,,,149463,149430,149445,16,1:15,149446,149461,16,1:15,149447,149462,16,1:15,,,0,,,,0,,,,0,,,,0,,1,10,15,17,1,,,,
asymmetric,4,2132,52,a,7,0,14144,16,149466,149466,149467,,,,149510,149477,149492,16,1:15,149493,149508,16,1:15,149494,149509,16,1:15,,,0,,,,0,,,,0,,,,0,,1,10,15,17,1,,,,
asymmetric,4,2133,52,a,7,16,14272,16,149513,149513,149514,,,,149557,149524,149539,16,1:15,149540,149555,16,1:15,149541,149556,16,1:15,,,0,,,,0,,,,0,,,,0,,1,10,15,17,1,,,,
asymmetric,4,2134,52,bt,0,0,25024,16,149565,149565,149566,,,,149609,149576,149591,16,1:15,149592,149607,16,1:15,149593,149608,16,1:15,,,0,,,,0,,,,0,,,,0,,1,10,15,17,1,,,,
asymmetric,4,2135,52,bt,0,16,25152,16,149612,149612,149613,,,,149656,149623,149638,16,1:15,149639,149654,16,1:15,149640,149655,16,1:15,,,0,,,,0,,,,0,,,,0,,1,10,15,17,1,,,,
asymmetric,4,2136,52,bt,1,0,25280,16,149659,149659,149660,,,,149703,149670,149685,16,1:15,149686,149701,16,1:15,149687,149702,16,1:15,,,0,,,,0,,,,0,,,,0,,1,10,15,17,1,,,,
asymmetric,4,2137,52,bt,1,16,25408,16,149706,149706,149707,,,,149750,149717,149732,16,1:15,149733,149748,16,1:15,149734,149749,16,1:15,,,0,,,,0,,,,0,,,,0,,1,10,15,17,1,,,,
asymmetric,4,2138,52,bt,2,0,25536,16,149753,149753,149754,,,,149797,149764,149779,16,1:15,149780,149795,16,1:15,149781,149796,16,1:15,,,0,,,,0,,,,0,,,,0,,1,10,15,17,1,,,,
asymmetric,4,2139,52,bt,2,16,25664,16,149800,149800,149801,,,,149844,149811,149826,16,1:15,149827,149842,16,1:15,149828,149843,16,1:15,,,0,,,,0,,,,0,,,,0,,1,10,15,17,1,,,,
asymmetric,4,2140,52,bt,3,0,25792,16,149847,149847,149848,,,,149891,149858,149873,16,1:15,149874,149889,16,1:15,149875,149890,16,1:15,,,0,,,,0,,,,0,,,,0,,1,10,15,17,1,,,,
asymmetric,4,2141,52,bt,3,16,25920,16,149894,149894,149895,,,,149938,149905,149920,16,1:15,149921,149936,16,1:15,149922,149937,16,1:15,,,0,,,,0,,,,0,,,,0,,1,10,15,17,1,,,,
asymmetric,4,2142,52,bt,4,0,26048,16,149941,149941,149942,,,,149985,149952,149967,16,1:15,149968,149983,16,1:15,149969,149984,16,1:15,,,0,,,,0,,,,0,,,,0,,1,10,15,17,1,,,,
asymmetric,4,2143,52,bt,4,16,26176,16,149988,149988,149989,,,,150032,149999,150014,16,1:15,150015,150030,16,1:15,150016,150031,16,1:15,,,0,,,,0,,,,0,,,,0,,1,10,15,17,1,,,,
asymmetric,4,2144,52,bt,5,0,26304,16,150035,150035,150036,,,,150079,150046,150061,16,1:15,150062,150077,16,1:15,150063,150078,16,1:15,,,0,,,,0,,,,0,,,,0,,1,10,15,17,1,,,,
asymmetric,4,2145,52,bt,5,16,26432,16,150082,150082,150083,,,,150126,150093,150108,16,1:15,150109,150124,16,1:15,150110,150125,16,1:15,,,0,,,,0,,,,0,,,,0,,1,10,15,17,1,,,,
asymmetric,4,2146,52,bt,6,0,26560,16,150129,150129,150130,,,,150173,150140,150155,16,1:15,150156,150171,16,1:15,150157,150172,16,1:15,,,0,,,,0,,,,0,,,,0,,1,10,15,17,1,,,,
asymmetric,4,2147,52,bt,6,16,26688,16,150176,150176,150177,,,,150220,150187,150202,16,1:15,150203,150218,16,1:15,150204,150219,16,1:15,,,0,,,,0,,,,0,,,,0,,1,10,15,17,1,,,,
asymmetric,4,2148,52,bt,7,0,26816,16,150223,150223,150224,,,,150267,150234,150249,16,1:15,150250,150265,16,1:15,150251,150266,16,1:15,,,0,,,,0,,,,0,,,,0,,1,10,15,17,1,,,,
asymmetric,4,2149,52,bt,7,16,26944,16,150270,150270,150271,,,,150314,150281,150296,16,1:15,150297,150312,16,1:15,150298,150313,16,1:15,,,0,,,,0,,,,0,,,,0,,1,10,15,17,1,,,,
asymmetric,4,2150,52,c,0,0,45504,4,151404,151404,,151421,151420,151432,151433,,,0,,,,0,,,,0,,151405,151417,4,4:3,151407,151419,4,4:3,151408,151420,4,4:3,151421,151424,4,1:3,,,,,,16,4,8,1
asymmetric,4,2151,52,c,1,0,45760,4,151436,151436,,151453,151452,151464,151465,,,0,,,,0,,,,0,,151437,151449,4,4:3,151439,151451,4,4:3,151440,151452,4,4:3,151453,151456,4,1:3,,,,,,16,4,8,1
asymmetric,4,2152,52,c,2,0,46016,4,151468,151468,,151485,151484,151496,151497,,,0,,,,0,,,,0,,151469,151481,4,4:3,151471,151483,4,4:3,151472,151484,4,4:3,151485,151488,4,1:3,,,,,,16,4,8,1
asymmetric,4,2153,52,c,3,0,46272,4,151500,151500,,151517,151516,151528,151529,,,0,,,,0,,,,0,,151501,151513,4,4:3,151503,151515,4,4:3,151504,151516,4,4:3,151517,151520,4,1:3,,,,,,16,4,8,1
asymmetric,4,2154,52,c,4,0,46528,4,151532,151532,,151549,151548,151560,151561,,,0,,,,0,,,,0,,151533,151545,4,4:3,151535,151547,4,4:3,151536,151548,4,4:3,151549,151552,4,1:3,,,,,,16,4,8,1
asymmetric,4,2155,52,c,5,0,46784,4,151564,151564,,151581,151580,151592,151593,,,0,,,,0,,,,0,,151565,151577,4,4:3,151567,151579,4,4:3,151568,151580,4,4:3,151581,151584,4,1:3,,,,,,16,4,8,1
asymmetric,4,2156,52,c,6,0,47040,4,151596,151596,,151613,151612,151624,151625,,,0,,,,0,,,,0,,151597,151609,4,4:3,151599,151611,4,4:3,151600,151612,4,4:3,151613,151616,4,1:3,,,,,,16,4,8,1
asymmetric,4,2157,52,c,7,0,47296,4,151628,151628,,151645,151644,151656,151657,,,0,,,,0,,,,0,,151629,151641,4,4:3,151631,151643,4,4:3,151632,151644,4,4:3,151645,151648,4,1:3,,,,,,16,4,8,1
asymmetric,4,2158,53,a,0,0,12352,16,151666,151666,151667,,,,151710,151677,151692,16,1:15,151693,151708,16,1:15,151694,151709,16,1:15,,,0,,,,0,,,,0,,,,0,,1,10,15,17,1,,,,
asymmetric,4,2159,53,a,0,16,12480,16,151713,151713,151714,,,,151757,151724,151739,16,1:15,151740,151755,16,1:15,151741,151756,16,1:15,,,0,,,,0,,,,0,,,,0,,1,10,15,17,1,,,,
asymmetric,4,2160,53,a,1,0,12608,16,151760,151760,151761,,,,151804,151771,151786,16,1:15,151787,151802,16,1:15,151788,151803,16,1:15,,,0,,,,0,,,,0,,,,0,,1,10,15,17,1,,,,
asymmetric,4,2161,53,a,1,16,12736,16,151807,151807,151808,,,,151851,151818,151833,16,1:15,151834,151849,16,1:15,151835,151850,16,1:15,,,0,,,,0,,,,0,,,,0,,1,10,15,17,1,,,,
asymmetric,4,2162,53,a,2,0,12864,16,151854,151854,151855,,,,151898,151865,151880,16,1:15,151881,151896,16,1:15,151882,151897,16,1:15,,,0,,,,0,,,,0,,,,0,,1,10,15,17,1,,,,
asymmetric,4,2163,53,a,2,16,12992,16,151901,151901,151902,,,,151945,151912,151927,16,1:15,151928,151943,16,1:15,151929,151944,16,1:15,,,0,,,,0,,,,0,,,,0,,1,10,15,17,1,,,,
asymmetric,4,2164,53,a,3,0,13120,16,151948,151948,151949,,,,151992,151959,151974,16,1:15,151975,151990,16,1:15,151976,151991,16,1:15,,,0,,,,0,,,,0,,,,0,,1,10,15,17,1,,,,
asymmetric,4,2165,53,a,3,16,13248,16,151995,151995,151996,,,,152039,152006,152021,16,1:15,152022,152037,16,1:15,152023,152038,16,1:15,,,0,,,,0,,,,0,,,,0,,1,10,15,17,1,,,,
asymmetric,4,2166,53,a,4,0,13376,16,152042,152042,152043,,,,152086,152053,152068,16,1:15,152069,152084,16,1:15,152070,152085,16,1:15,,,0,,,,0,,,,0,,,,0,,1,10,15,17,1,,,,
asymmetric,4,2167,53,a,4,16,13504,16,152089,152089,152090,,,,152133,152100,152115,16,1:15,152116,152131,16,1:15,152117,152132,16,1:15,,,0,,,,0,,,,0,,,,0,,1,10,15,17,1,,,,
asymmetric,4,2168,53,a,5,0,13632,16,152136,152136,152137,,,,152180,152147,152162,16,1:15,152163,152178,16,1:15,152164,152179,16,1:15,,,0,,,,0,,,,0,,,,0,,1,10,15,17,1,,,,
asymmetric,4,2169,53,a,5,16,13760,16,152183,152183,152184,,,,152227,152194,152209,16,1:15,152210,152225,16,1:15,152211,152226,16,1:15,,,0,,,,0,,,,0,,,,0,,1,10,15,17,1,,,,
asymmetric,4,2170,53,a,6,0,13888,16,152230,152230,152231,,,,152274,152241,152256,16,1:15,152257,152272,16,1:15,152258,152273,16,1:15,,,0,,,,0,,,,0,,,,0,,1,10,15,17,1,,,,
asymmetric,4,2171,53,a,6,16,14016,16,152277,152277,152278,,,,152321,152288,152303,16,1:15,152304,152319,16,1:15,152305,152320,16,1:15,,,0,,,,0,,,,0,,,,0,,1,10,15,17,1,,,,
asymmetric,4,2172,53,a,7,0,14144,16,152324,152324,152325,,,,152368,152335,152350,16,1:15,152351,152366,16,1:15,152352,152367,16,1:15,,,0,,,,0,,,,0,,,,0,,1,10,15,17,1,,,,
asymmetric,4,2173,53,a,7,16,14272,16,152371,152371,152372,,,,152415,152382,152397,16,1:15,152398,152413,16,1:15,152399,152414,16,1:15,,,0,,,,0,,,,0,,,,0,,1,10,15,17,1,,,,
asymmetric,4,2174,53,bt,0,0,27072,16,152423,152423,152424,,,,152467,152434,152449,16,1:15,152450,152465,16,1:15,152451,152466,16,1:15,,,0,,,,0,,,,0,,,,0,,1,10,15,17,1,,,,
asymmetric,4,2175,53,bt,0,16,27200,16,152470,152470,152471,,,,152514,152481,152496,16,1:15,152497,152512,16,1:15,152498,152513,16,1:15,,,0,,,,0,,,,0,,,,0,,1,10,15,17,1,,,,
asymmetric,4,2176,53,bt,1,0,27328,16,152517,152517,152518,,,,152561,152528,152543,16,1:15,152544,152559,16,1:15,152545,152560,16,1:15,,,0,,,,0,,,,0,,,,0,,1,10,15,17,1,,,,
asymmetric,4,2177,53,bt,1,16,27456,16,152564,152564,152565,,,,152608,152575,152590,16,1:15,152591,152606,16,1:15,152592,152607,16,1:15,,,0,,,,0,,,,0,,,,0,,1,10,15,17,1,,,,
asymmetric,4,2178,53,bt,2,0,27584,16,152611,152611,152612,,,,152655,152622,152637,16,1:15,152638,152653,16,1:15,152639,152654,16,1:15,,,0,,,,0,,,,0,,,,0,,1,10,15,17,1,,,,
asymmetric,4,2179,53,bt,2,16,27712,16,152658,152658,152659,,,,152702,152669,152684,16,1:15,152685,152700,16,1:15,152686,152701,16,1:15,,,0,,,,0,,,,0,,,,0,,1,10,15,17,1,,,,
asymmetric,4,2180,53,bt,3,0,27840,16,152705,152705,152706,,,,152749,152716,152731,16,1:15,152732,152747,16,1:15,152733,152748,16,1:15,,,0,,,,0,,,,0,,,,0,,1,10,15,17,1,,,,
asymmetric,4,2181,53,bt,3,16,27968,16,152752,152752,152753,,,,152796,152763,152778,16,1:15,152779,152794,16,1:15,152780,152795,16,1:15,,,0,,,,0,,,,0,,,,0,,1,10,15,17,1,,,,
asymmetric,4,2182,53,bt,4,0,28096,16,152799,152799,152800,,,,152843,152810,152825,16,1:15,152826,152841,16,1:15,152827,152842,16,1:15,,,0,,,,0,,,,0,,,,0,,1,10,15,17,1,,,,
asymmetric,4,2183,53,bt,4,16,28224,16,152846,152846,152847,,,,152890,152857,152872,16,1:15,152873,152888,16,1:15,152874,152889,16,1:15,,,0,,,,0,,,,0,,,,0,,1,10,15,17,1,,,,
asymmetric,4,2184,53,bt,5,0,28352,16,152893,152893,152894,,,,152937,152904,152919,16,1:15,152920,152935,16,1:15,152921,152936,16,1:15,,,0,,,,0,,,,0,,,,0,,1,10,15,17,1,,,,
asymmetric,4,2185,53,bt,5,16,28480,16,152940,152940,152941,,,,152984,152951,152966,16,1:15,152967,152982,16,1:15,152968,152983,16,1:15,,,0,,,,0,,,,0,,,,0,,1,10,15,17,1,,,,
asymmetric,4,2186,53,bt,6,0,28608,8,152987,152987,152988,,,,153015,152998,153005,8,1:7,153006,153013,8,1:7,153007,153014,8,1:7,,,0,,,,0,,,,0,,,,0,,1,10,7,9,1,,,,
asymmetric,4,2187,53,bt,6,8,28672,16,153018,153018,153019,,,,153062,153029,153044,16,1:15,153045,153060,16,1:15,153046,153061,16,1:15,,,0,,,,0,,,,0,,,,0,,1,10,15,17,1,,,,
asymmetric,4,2188,53,bt,6,24,28800,8,153065,153065,153066,,,,153093,153076,153083,8,1:7,153084,153091,8,1:7,153085,153092,8,1:7,,,0,,,,0,,,,0,,,,0,,1,10,7,9,1,,,,
asymmetric,4,2189,53,bt,7,0,28864,16,153096,153096,153097,,,,153140,153107,153122,16,1:15,153123,153138,16,1:15,153124,153139,16,1:15,,,0,,,,0,,,,0,,,,0,,1,10,15,17,1,,,,
asymmetric,4,2190,53,bt,7,16,28992,16,153143,153143,153144,,,,153187,153154,153169,16,1:15,153170,153185,16,1:15,153171,153186,16,1:15,,,0,,,,0,,,,0,,,,0,,1,10,15,17,1,,,,
asymmetric,4,2191,53,c,0,0,45536,4,154277,154277,,154294,154293,154305,154306,,,0,,,,0,,,,0,,154278,154290,4,4:3,154280,154292,4,4:3,154281,154293,4,4:3,154294,154297,4,1:3,,,,,,16,4,8,1
asymmetric,4,2192,53,c,1,0,45792,4,154309,154309,,154326,154325,154337,154338,,,0,,,,0,,,,0,,154310,154322,4,4:3,154312,154324,4,4:3,154313,154325,4,4:3,154326,154329,4,1:3,,,,,,16,4,8,1
asymmetric,4,2193,53,c,2,0,46048,4,154341,154341,,154358,154357,154369,154370,,,0,,,,0,,,,0,,154342,154354,4,4:3,154344,154356,4,4:3,154345,154357,4,4:3,154358,154361,4,1:3,,,,,,16,4,8,1
asymmetric,4,2194,53,c,3,0,46304,4,154373,154373,,154390,154389,154401,154402,,,0,,,,0,,,,0,,154374,154386,4,4:3,154376,154388,4,4:3,154377,154389,4,4:3,154390,154393,4,1:3,,,,,,16,4,8,1
asymmetric,4,2195,53,c,4,0,46560,4,154405,154405,,154422,154421,154433,154434,,,0,,,,0,,,,0,,154406,154418,4,4:3,154408,154420,4,4:3,154409,154421,4,4:3,154422,154425,4,1:3,,,,,,16,4,8,1
asymmetric,4,2196,53,c,5,0,46816,4,154437,154437,,154454,154453,154465,154466,,,0,,,,0,,,,0,,154438,154450,4,4:3,154440,154452,4,4:3,154441,154453,4,4:3,154454,154457,4,1:3,,,,,,16,4,8,1
asymmetric,4,2197,53,c,6,0,47072,4,154469,154469,,154486,154485,154497,154498,,,0,,,,0,,,,0,,154470,154482,4,4:3,154472,154484,4,4:3,154473,154485,4,4:3,154486,154489,4,1:3,,,,,,16,4,8,1
asymmetric,4,2198,53,c,7,0,47328,4,154501,154501,,154518,154517,154529,154530,,,0,,,,0,,,,0,,154502,154514,4,4:3,154504,154516,4,4:3,154505,154517,4,4:3,154518,154521,4,1:3,,,,,,16,4,8,1
asymmetric,4,2199,54,a,0,0,12352,16,154539,154539,154540,,,,154583,154550,154565,16,1:15,154566,154581,16,1:15,154567,154582,16,1:15,,,0,,,,0,,,,0,,,,0,,1,10,15,17,1,,,,
asymmetric,4,2200,54,a,0,16,12480,16,154586,154586,154587,,,,154630,154597,154612,16,1:15,154613,154628,16,1:15,154614,154629,16,1:15,,,0,,,,0,,,,0,,,,0,,1,10,15,17,1,,,,
asymmetric,4,2201,54,a,1,0,12608,16,154633,154633,154634,,,,154677,154644,154659,16,1:15,154660,154675,16,1:15,154661,154676,16,1:15,,,0,,,,0,,,,0,,,,0,,1,10,15,17,1,,,,
asymmetric,4,2202,54,a,1,16,12736,16,154680,154680,154681,,,,154724,154691,154706,16,1:15,154707,154722,16,1:15,154708,154723,16,1:15,,,0,,,,0,,,,0,,,,0,,1,10,15,17,1,,,,
asymmetric,4,2203,54,a,2,0,12864,16,154727,154727,154728,,,,154771,154738,154753,16,1:15,154754,154769,16,1:15,154755,154770,16,1:15,,,0,,,,0,,,,0,,,,0,,1,10,15,17,1,,,,
asymmetric,4,2204,54,a,2,16,12992,16,154774,154774,154775,,,,154818,154785,154800,16,1:15,154801,154816,16,1:15,154802,154817,16,1:15,,,0,,,,0,,,,0,,,,0,,1,10,15,17,1,,,,
asymmetric,4,2205,54,a,3,0,13120,16,154821,154821,154822,,,,154865,154832,154847,16,1:15,154848,154863,16,1:15,154849,154864,16,1:15,,,0,,,,0,,,,0,,,,0,,1,10,15,17,1,,,,
asymmetric,4,2206,54,a,3,16,13248,16,154868,154868,154869,,,,154912,154879,154894,16,1:15,154895,154910,16,1:15,154896,154911,16,1:15,,,0,,,,0,,,,0,,,,0,,1,10,15,17,1,,,,
asymmetric,4,2207,54,a,4,0,13376,16,154915,154915,154916,,,,154959,154926,154941,16,1:15,154942,154957,16,1:15,154943,154958,16,1:15,,,0,,,,0,,,,0,,,,0,,1,10,15,17,1,,,,
asymmetric,4,2208,54,a,4,16,13504,16,154962,154962,154963,,,,155006,154973,154988,16,1:15,154989,155004,16,1:15,154990,155005,16,1:15,,,0,,,,0,,,,0,,,,0,,1,10,15,17,1,,,,
asymmetric,4,2209,54,a,5,0,13632,16,155009,155009,155010,,,,155053,155020,155035,16,1:15,155036,155051,16,1:15,155037,155052,16,1:15,,,0,,,,0,,,,0,,,,0,,1,10,15,17,1,,,,
asymmetric,4,2210,54,a,5,16,13760,16,155056,155056,155057,,,,155100,155067,155082,16,1:15,155083,155098,16,1:15,155084,155099,16,1:15,,,0,,,,0,,,,0,,,,0,,1,10,15,17,1,,,,
asymmetric,4,2211,54,a,6,0,13888,16,155103,155103,155104,,,,155147,155114,155129,16,1:15,155130,155145,16,1:15,155131,155146,16,1:15,,,0,,,,0,,,,0,,,,0,,1,10,15,17,1,,,,
asymmetric,4,2212,54,a,6,16,14016,16,155150,155150,155151,,,,155194,155161,155176,16,1:15,155177,155192,16,1:15,155178,155193,16,1:15,,,0,,,,0,,,,0,,,,0,,1,10,15,17,1,,,,
asymmetric,4,2213,54,a,7,0,14144,16,155197,155197,155198,,,,155241,155208,155223,16,1:15,155224,155239,16,1:15,155225,155240,16,1:15,,,0,,,,0,,,,0,,,,0,,1,10,15,17,1,,,,
asymmetric,4,2214,54,a,7,16,14272,16,155244,155244,155245,,,,155288,155255,155270,16,1:15,155271,155286,16,1:15,155272,155287,16,1:15,,,0,,,,0,,,,0,,,,0,,1,10,15,17,1,,,,
asymmetric,4,2215,54,bt,0,0,29120,16,155296,155296,155297,,,,155340,155307,155322,16,1:15,155323,155338,16,1:15,155324,155339,16,1:15,,,0,,,,0,,,,0,,,,0,,1,10,15,17,1,,,,
asymmetric,4,2216,54,bt,0,16,29248,16,155343,155343,155344,,,,155387,155354,155369,16,1:15,155370,155385,16,1:15,155371,155386,16,1:15,,,0,,,,0,,,,0,,,,0,,1,10,15,17,1,,,,
asymmetric,4,2217,54,bt,1,0,29376,16,155390,155390,155391,,,,155434,155401,155416,16,1:15,155417,155432,16,1:15,155418,155433,16,1:15,,,0,,,,0,,,,0,,,,0,,1,10,15,17,1,,,,
asymmetric,4,2218,54,bt,1,16,29504,16,155437,155437,155438,,,,155481,155448,155463,16,1:15,155464,155479,16,1:15,155465,155480,16,1:15,,,0,,,,0,,,,0,,,,0,,1,10,15,17,1,,,,
asymmetric,4,2219,54,bt,2,0,29632,16,155484,155484,155485,,,,155528,155495,155510,16,1:15,155511,155526,16,1:15,155512,155527,16,1:15,,,0,,,,0,,,,0,,,,0,,1,10,15,17,1,,,,
asymmetric,4,2220,54,bt,2,16,29760,16,155531,155531,155532,,,,155575,155542,155557,16,1:15,155558,155573,16,1:15,155559,155574,16,1:15,,,0,,,,0,,,,0,,,,0,,1,10,15,17,1,,,,
asymmetric,4,2221,54,bt,3,0,29888,16,155578,155578,155579,,,,155622,155589,155604,16,1:15,155605,155620,16,1:15,155606,155621,16,1:15,,,0,,,,0,,,,0,,,,0,,1,10,15,17,1,,,,
asymmetric,4,2222,54,bt,3,16,30016,16,155625,155625,155626,,,,155669,155636,155651,16,1:15,155652,155667,16,1:15,155653,155668,16,1:15,,,0,,,,0,,,,0,,,,0,,1,10,15,17,1,,,,
asymmetric,4,2223,54,bt,4,0,30144,16,155672,155672,155673,,,,155716,155683,155698,16,1:15,155699,155714,16,1:15,155700,155715,16,1:15,,,0,,,,0,,,,0,,,,0,,1,10,15,17,1,,,,
asymmetric,4,2224,54,bt,4,16,30272,16,155719,155719,155720,,,,155763,155730,155745,16,1:15,155746,155761,16,1:15,155747,155762,16,1:15,,,0,,,,0,,,,0,,,,0,,1,10,15,17,1,,,,
asymmetric,4,2225,54,bt,5,0,30400,16,155766,155766,155767,,,,155810,155777,155792,16,1:15,155793,155808,16,1:15,155794,155809,16,1:15,,,0,,,,0,,,,0,,,,0,,1,10,15,17,1,,,,
asymmetric,4,2226,54,bt,5,16,30528,16,155813,155813,155814,,,,155857,155824,155839,16,1:15,155840,155855,16,1:15,155841,155856,16,1:15,,,0,,,,0,,,,0,,,,0,,1,10,15,17,1,,,,
asymmetric,4,2227,54,bt,6,0,30656,16,155860,155860,155861,,,,155904,155871,155886,16,1:15,155887,155902,16,1:15,155888,155903,16,1:15,,,0,,,,0,,,,0,,,,0,,1,10,15,17,1,,,,
asymmetric,4,2228,54,bt,6,16,30784,16,155907,155907,155908,,,,155951,155918,155933,16,1:15,155934,155949,16,1:15,155935,155950,16,1:15,,,0,,,,0,,,,0,,,,0,,1,10,15,17,1,,,,
asymmetric,4,2229,54,bt,7,0,30912,16,155954,155954,155955,,,,155998,155965,155980,16,1:15,155981,155996,16,1:15,155982,155997,16,1:15,,,0,,,,0,,,,0,,,,0,,1,10,15,17,1,,,,
asymmetric,4,2230,54,bt,7,16,31040,16,156001,156001,156002,,,,156045,156012,156027,16,1:15,156028,156043,16,1:15,156029,156044,16,1:15,,,0,,,,0,,,,0,,,,0,,1,10,15,17,1,,,,
asymmetric,4,2231,54,c,0,0,45568,4,157135,157135,,157152,157151,157163,157164,,,0,,,,0,,,,0,,157136,157148,4,4:3,157138,157150,4,4:3,157139,157151,4,4:3,157152,157155,4,1:3,,,,,,16,4,8,1
asymmetric,4,2232,54,c,1,0,45824,4,157167,157167,,157184,157183,157195,157196,,,0,,,,0,,,,0,,157168,157180,4,4:3,157170,157182,4,4:3,157171,157183,4,4:3,157184,157187,4,1:3,,,,,,16,4,8,1
asymmetric,4,2233,54,c,2,0,46080,4,157199,157199,,157216,157215,157227,157228,,,0,,,,0,,,,0,,157200,157212,4,4:3,157202,157214,4,4:3,157203,157215,4,4:3,157216,157219,4,1:3,,,,,,16,4,8,1
asymmetric,4,2234,54,c,3,0,46336,4,157231,157231,,157248,157247,157259,157260,,,0,,,,0,,,,0,,157232,157244,4,4:3,157234,157246,4,4:3,157235,157247,4,4:3,157248,157251,4,1:3,,,,,,16,4,8,1
asymmetric,4,2235,54,c,4,0,46592,4,157263,157263,,157280,157279,157291,157292,,,0,,,,0,,,,0,,157264,157276,4,4:3,157266,157278,4,4:3,157267,157279,4,4:3,157280,157283,4,1:3,,,,,,16,4,8,1
asymmetric,4,2236,54,c,5,0,46848,4,157295,157295,,157312,157311,157323,157324,,,0,,,,0,,,,0,,157296,157308,4,4:3,157298,157310,4,4:3,157299,157311,4,4:3,157312,157315,4,1:3,,,,,,16,4,8,1
asymmetric,4,2237,54,c,6,0,47104,4,157327,157327,,157344,157343,157355,157356,,,0,,,,0,,,,0,,157328,157340,4,4:3,157330,157342,4,4:3,157331,157343,4,4:3,157344,157347,4,1:3,,,,,,16,4,8,1
asymmetric,4,2238,54,c,7,0,47360,4,157359,157359,,157376,157375,157387,157388,,,0,,,,0,,,,0,,157360,157372,4,4:3,157362,157374,4,4:3,157363,157375,4,4:3,157376,157379,4,1:3,,,,,,16,4,8,1
asymmetric,4,2239,55,a,0,0,12352,16,157397,157397,157398,,,,157441,157408,157423,16,1:15,157424,157439,16,1:15,157425,157440,16,1:15,,,0,,,,0,,,,0,,,,0,,1,10,15,17,1,,,,
asymmetric,4,2240,55,a,0,16,12480,16,157444,157444,157445,,,,157488,157455,157470,16,1:15,157471,157486,16,1:15,157472,157487,16,1:15,,,0,,,,0,,,,0,,,,0,,1,10,15,17,1,,,,
asymmetric,4,2241,55,a,1,0,12608,16,157491,157491,157492,,,,157535,157502,157517,16,1:15,157518,157533,16,1:15,157519,157534,16,1:15,,,0,,,,0,,,,0,,,,0,,1,10,15,17,1,,,,
asymmetric,4,2242,55,a,1,16,12736,16,157538,157538,157539,,,,157582,157549,157564,16,1:15,157565,157580,16,1:15,157566,157581,16,1:15,,,0,,,,0,,,,0,,,,0,,1,10,15,17,1,,,,
asymmetric,4,2243,55,a,2,0,12864,16,157585,157585,157586,,,,157629,157596,157611,16,1:15,157612,157627,16,1:15,157613,157628,16,1:15,,,0,,,,0,,,,0,,,,0,,1,10,15,17,1,,,,
asymmetric,4,2244,55,a,2,16,12992,16,157632,157632,157633,,,,157676,157643,157658,16,1:15,157659,157674,16,1:15,157660,157675,16,1:15,,,0,,,,0,,,,0,,,,0,,1,10,15,17,1,,,,
asymmetric,4,2245,55,a,3,0,13120,16,157679,157679,157680,,,,157723,157690,157705,16,1:15,157706,157721,16,1:15,157707,157722,16,1:15,,,0,,,,0,,,,0,,,,0,,1,10,15,17,1,,,,
asymmetric,4,2246,55,a,3,16,13248,16,157726,157726,157727,,,,157770,157737,157752,16,1:15,157753,157768,16,1:15,157754,157769,16,1:15,,,0,,,,0,,,,0,,,,0,,1,10,15,17,1,,,,
asymmetric,4,2247,55,a,4,0,13376,16,157773,157773,157774,,,,157817,157784,157799,16,1:15,157800,157815,16,1:15,157801,157816,16,1:15,,,0,,,,0,,,,0,,,,0,,1,10,15,17,1,,,,
asymmetric,4,2248,55,a,4,16,13504,16,157820,157820,157821,,,,157864,157831,157846,16,1:15,157847,157862,16,1:15,157848,157863,16,1:15,,,0,,,,0,,,,0,,,,0,,1,10,15,17,1,,,,
asymmetric,4,2249,55,a,5,0,13632,16,157867,157867,157868,,,,157911,157878,157893,16,1:15,157894,157909,16,1:15,157895,157910,16,1:15,,,0,,,,0,,,,0,,,,0,,1,10,15,17,1,,,,
asymmetric,4,2250,55,a,5,16,13760,16,157914,157914,157915,,,,157958,157925,157940,16,1:15,157941,157956,16,1:15,157942,157957,16,1:15,,,0,,,,0,,,,0,,,,0,,1,10,15,17,1,,,,
asymmetric,4,2251,55,a,6,0,13888,16,157961,157961,157962,,,,158005,157972,157987,16,1:15,157988,158003,16,1:15,157989,158004,16,1:15,,,0,,,,0,,,,0,,,,0,,1,10,15,17,1,,,,
asymmetric,4,2252,55,a,6,16,14016,16,158008,158008,158009,,,,158052,158019,158034,16,1:15,158035,158050,16,1:15,158036,158051,16,1:15,,,0,,,,0,,,,0,,,,0,,1,10,15,17,1,,,,
asymmetric,4,2253,55,a,7,0,14144,16,158055,158055,158056,,,,158099,158066,158081,16,1:15,158082,158097,16,1:15,158083,158098,16,1:15,,,0,,,,0,,,,0,,,,0,,1,10,15,17,1,,,,
asymmetric,4,2254,55,a,7,16,14272,16,158102,158102,158103,,,,158146,158113,158128,16,1:15,158129,158144,16,1:15,158130,158145,16,1:15,,,0,,,,0,,,,0,,,,0,,1,10,15,17,1,,,,
asymmetric,4,2255,55,bt,0,0,31168,16,158154,158154,158155,,,,158198,158165,158180,16,1:15,158181,158196,16,1:15,158182,158197,16,1:15,,,0,,,,0,,,,0,,,,0,,1,10,15,17,1,,,,
asymmetric,4,2256,55,bt,0,16,31296,16,158201,158201,158202,,,,158245,158212,158227,16,1:15,158228,158243,16,1:15,158229,158244,16,1:15,,,0,,,,0,,,,0,,,,0,,1,10,15,17,1,,,,
asymmetric,4,2257,55,bt,1,0,31424,16,158248,158248,158249,,,,158292,158259,158274,16,1:15,158275,158290,16,1:15,158276,158291,16,1:15,,,0,,,,0,,,,0,,,,0,,1,10,15,17,1,,,,
asymmetric,4,2258,55,bt,1,16,31552,16,158295,158295,158296,,,,158339,158306,158321,16,1:15,158322,158337,16,1:15,158323,158338,16,1:15,,,0,,,,0,,,,0,,,,0,,1,10,15,17,1,,,,
asymmetric,4,2259,55,bt,2,0,31680,16,158342,158342,158343,,,,158386,158353,158368,16,1:15,158369,158384,16,1:15,158370,158385,16,1:15,,,0,,,,0,,,,0,,,,0,,1,10,15,17,1,,,,
asymmetric,4,2260,55,bt,2,16,31808,16,158389,158389,158390,,,,158433,158400,158415,16,1:15,158416,158431,16,1:15,158417,158432,16,1:15,,,0,,,,0,,,,0,,,,0,,1,10,15,17,1,,,,
asymmetric,4,2261,55,bt,3,0,31936,16,158436,158436,158437,,,,158480,158447,158462,16,1:15,158463,158478,16,1:15,158464,158479,16,1:15,,,0,,,,0,,,,0,,,,0,,1,10,15,17,1,,,,
asymmetric,4,2262,55,bt,3,16,32064,16,158483,158483,158484,,,,158527,158494,158509,16,1:15,158510,158525,16,1:15,158511,158526,16,1:15,,,0,,,,0,,,,0,,,,0,,1,10,15,17,1,,,,
asymmetric,4,2263,55,bt,4,0,32192,16,158530,158530,158531,,,,158574,158541,158556,16,1:15,158557,158572,16,1:15,158558,158573,16,1:15,,,0,,,,0,,,,0,,,,0,,1,10,15,17,1,,,,
asymmetric,4,2264,55,bt,4,16,32320,16,158577,158577,158578,,,,158621,158588,158603,16,1:15,158604,158619,16,1:15,158605,158620,16,1:15,,,0,,,,0,,,,0,,,,0,,1,10,15,17,1,,,,
asymmetric,4,2265,55,bt,5,0,32448,16,158624,158624,158625,,,,158668,158635,158650,16,1:15,158651,158666,16,1:15,158652,158667,16,1:15,,,0,,,,0,,,,0,,,,0,,1,10,15,17,1,,,,
asymmetric,4,2266,55,bt,5,16,32576,16,158671,158671,158672,,,,158715,158682,158697,16,1:15,158698,158713,16,1:15,158699,158714,16,1:15,,,0,,,,0,,,,0,,,,0,,1,10,15,17,1,,,,
asymmetric,4,2267,55,bt,6,0,32704,8,158718,158718,158719,,,,158746,158729,158736,8,1:7,158737,158744,8,1:7,158738,158745,8,1:7,,,0,,,,0,,,,0,,,,0,,1,10,7,9,1,,,,
asymmetric,4,2268,55,bt,6,8,32768,16,158749,158749,158750,,,,158793,158760,158775,16,1:15,158776,158791,16,1:15,158777,158792,16,1:15,,,0,,,,0,,,,0,,,,0,,1,10,15,17,1,,,,
asymmetric,4,2269,55,bt,6,24,32896,8,158796,158796,158797,,,,158824,158807,158814,8,1:7,158815,158822,8,1:7,158816,158823,8,1:7,,,0,,,,0,,,,0,,,,0,,1,10,7,9,1,,,,
asymmetric,4,2270,55,c,0,0,45600,4,159914,159914,,159931,159930,159942,159943,,,0,,,,0,,,,0,,159915,159927,4,4:3,159917,159929,4,4:3,159918,159930,4,4:3,159931,159934,4,1:3,,,,,,16,4,8,1
asymmetric,4,2271,55,c,1,0,45856,4,159946,159946,,159963,159962,159974,159975,,,0,,,,0,,,,0,,159947,159959,4,4:3,159949,159961,4,4:3,159950,159962,4,4:3,159963,159966,4,1:3,,,,,,16,4,8,1
asymmetric,4,2272,55,c,2,0,46112,4,159978,159978,,159995,159994,160006,160007,,,0,,,,0,,,,0,,159979,159991,4,4:3,159981,159993,4,4:3,159982,159994,4,4:3,159995,159998,4,1:3,,,,,,16,4,8,1
asymmetric,4,2273,55,c,3,0,46368,4,160010,160010,,160027,160026,160038,160039,,,0,,,,0,,,,0,,160011,160023,4,4:3,160013,160025,4,4:3,160014,160026,4,4:3,160027,160030,4,1:3,,,,,,16,4,8,1
asymmetric,4,2274,55,c,4,0,46624,4,160042,160042,,160059,160058,160070,160071,,,0,,,,0,,,,0,,160043,160055,4,4:3,160045,160057,4,4:3,160046,160058,4,4:3,160059,160062,4,1:3,,,,,,16,4,8,1
asymmetric,4,2275,55,c,5,0,46880,4,160074,160074,,160091,160090,160102,160103,,,0,,,,0,,,,0,,160075,160087,4,4:3,160077,160089,4,4:3,160078,160090,4,4:3,160091,160094,4,1:3,,,,,,16,4,8,1
asymmetric,4,2276,55,c,6,0,47136,4,160106,160106,,160123,160122,160134,160135,,,0,,,,0,,,,0,,160107,160119,4,4:3,160109,160121,4,4:3,160110,160122,4,4:3,160123,160126,4,1:3,,,,,,16,4,8,1
asymmetric,4,2277,55,c,7,0,47392,4,160138,160138,,160155,160154,160166,160167,,,0,,,,0,,,,0,,160139,160151,4,4:3,160141,160153,4,4:3,160142,160154,4,4:3,160155,160158,4,1:3,,,,,,16,4,8,1
asymmetric,4,2278,56,a,0,0,14400,16,160176,160176,160177,,,,160220,160187,160202,16,1:15,160203,160218,16,1:15,160204,160219,16,1:15,,,0,,,,0,,,,0,,,,0,,1,10,15,17,1,,,,
asymmetric,4,2279,56,a,0,16,14528,16,160223,160223,160224,,,,160267,160234,160249,16,1:15,160250,160265,16,1:15,160251,160266,16,1:15,,,0,,,,0,,,,0,,,,0,,1,10,15,17,1,,,,
asymmetric,4,2280,56,a,1,0,14656,16,160270,160270,160271,,,,160314,160281,160296,16,1:15,160297,160312,16,1:15,160298,160313,16,1:15,,,0,,,,0,,,,0,,,,0,,1,10,15,17,1,,,,
asymmetric,4,2281,56,a,1,16,14784,16,160317,160317,160318,,,,160361,160328,160343,16,1:15,160344,160359,16,1:15,160345,160360,16,1:15,,,0,,,,0,,,,0,,,,0,,1,10,15,17,1,,,,
asymmetric,4,2282,56,a,2,0,14912,16,160364,160364,160365,,,,160408,160375,160390,16,1:15,160391,160406,16,1:15,160392,160407,16,1:15,,,0,,,,0,,,,0,,,,0,,1,10,15,17,1,,,,
asymmetric,4,2283,56,a,2,16,15040,16,160411,160411,160412,,,,160455,160422,160437,16,1:15,160438,160453,16,1:15,160439,160454,16,1:15,,,0,,,,0,,,,0,,,,0,,1,10,15,17,1,,,,
asymmetric,4,2284,56,a,3,0,15168,16,160458,160458,160459,,,,160502,160469,160484,16,1:15,160485,160500,16,1:15,160486,160501,16,1:15,,,0,,,,0,,,,0,,,,0,,1,10,15,17,1,,,,
asymmetric,4,2285,56,a,3,16,15296,16,160505,160505,160506,,,,160549,160516,160531,16,1:15,160532,160547,16,1:15,160533,160548,16,1:15,,,0,,,,0,,,,0,,,,0,,1,10,15,17,1,,,,
asymmetric,4,2286,56,a,4,0,15424,16,160552,160552,160553,,,,160596,160563,160578,16,1:15,160579,160594,16,1:15,160580,160595,16,1:15,,,0,,,,0,,,,0,,,,0,,1,10,15,17,1,,,,
asymmetric,4,2287,56,a,4,16,15552,16,160599,160599,160600,,,,160643,160610,160625,16,1:15,160626,160641,16,1:15,160627,160642,16,1:15,,,0,,,,0,,,,0,,,,0,,1,10,15,17,1,,,,
asymmetric,4,2288,56,a,5,0,15680,16,160646,160646,160647,,,,160690,160657,160672,16,1:15,160673,160688,16,1:15,160674,160689,16,1:15,,,0,,,,0,,,,0,,,,0,,1,10,15,17,1,,,,
asymmetric,4,2289,56,a,5,16,15808,16,160693,160693,160694,,,,160737,160704,160719,16,1:15,160720,160735,16,1:15,160721,160736,16,1:15,,,0,,,,0,,,,0,,,,0,,1,10,15,17,1,,,,
asymmetric,4,2290,56,a,6,0,15936,16,160740,160740,160741,,,,160784,160751,160766,16,1:15,160767,160782,16,1:15,160768,160783,16,1:15,,,0,,,,0,,,,0,,,,0,,1,10,15,17,1,,,,
asymmetric,4,2291,56,a,6,16,16064,16,160787,160787,160788,,,,160831,160798,160813,16,1:15,160814,160829,16,1:15,160815,160830,16,1:15,,,0,,,,0,,,,0,,,,0,,1,10,15,17,1,,,,
asymmetric,4,2292,56,a,7,0,16192,16,160834,160834,160835,,,,160878,160845,160860,16,1:15,160861,160876,16,1:15,160862,160877,16,1:15,,,0,,,,0,,,,0,,,,0,,1,10,15,17,1,,,,
asymmetric,4,2293,56,a,7,16,16320,8,160881,160881,160882,,,,160909,160892,160899,8,1:7,160900,160907,8,1:7,160901,160908,8,1:7,,,0,,,,0,,,,0,,,,0,,1,10,7,9,1,,,,
asymmetric,4,2294,56,a,7,24,16384,8,160912,160912,160913,,,,160940,160923,160930,8,1:7,160931,160938,8,1:7,160932,160939,8,1:7,,,0,,,,0,,,,0,,,,0,,1,10,7,9,1,,,,
asymmetric,4,2295,56,bt,0,0,16832,16,160948,160948,160949,,,,160992,160959,160974,16,1:15,160975,160990,16,1:15,160976,160991,16,1:15,,,0,,,,0,,,,0,,,,0,,1,10,15,17,1,,,,
asymmetric,4,2296,56,bt,0,16,16960,16,160995,160995,160996,,,,161039,161006,161021,16,1:15,161022,161037,16,1:15,161023,161038,16,1:15,,,0,,,,0,,,,0,,,,0,,1,10,15,17,1,,,,
asymmetric,4,2297,56,bt,1,0,17088,16,161042,161042,161043,,,,161086,161053,161068,16,1:15,161069,161084,16,1:15,161070,161085,16,1:15,,,0,,,,0,,,,0,,,,0,,1,10,15,17,1,,,,
asymmetric,4,2298,56,bt,1,16,17216,16,161089,161089,161090,,,,161133,161100,161115,16,1:15,161116,161131,16,1:15,161117,161132,16,1:15,,,0,,,,0,,,,0,,,,0,,1,10,15,17,1,,,,
asymmetric,4,2299,56,bt,2,0,17344,16,161136,161136,161137,,,,161180,161147,161162,16,1:15,161163,161178,16,1:15,161164,161179,16,1:15,,,0,,,,0,,,,0,,,,0,,1,10,15,17,1,,,,
asymmetric,4,2300,56,bt,2,16,17472,16,161183,161183,161184,,,,161227,161194,161209,16,1:15,161210,161225,16,1:15,161211,161226,16,1:15,,,0,,,,0,,,,0,,,,0,,1,10,15,17,1,,,,
asymmetric,4,2301,56,bt,3,0,17600,16,161230,161230,161231,,,,161274,161241,161256,16,1:15,161257,161272,16,1:15,161258,161273,16,1:15,,,0,,,,0,,,,0,,,,0,,1,10,15,17,1,,,,
asymmetric,4,2302,56,bt,3,16,17728,16,161277,161277,161278,,,,161321,161288,161303,16,1:15,161304,161319,16,1:15,161305,161320,16,1:15,,,0,,,,0,,,,0,,,,0,,1,10,15,17,1,,,,
asymmetric,4,2303,56,bt,4,0,17856,16,161324,161324,161325,,,,161368,161335,161350,16,1:15,161351,161366,16,1:15,161352,161367,16,1:15,,,0,,,,0,,,,0,,,,0,,1,10,15,17,1,,,,
asymmetric,4,2304,56,bt,4,16,17984,16,161371,161371,161372,,,,161415,161382,161397,16,1:15,161398,161413,16,1:15,161399,161414,16,1:15,,,0,,,,0,,,,0,,,,0,,1,10,15,17,1,,,,
asymmetric,4,2305,56,bt,5,0,18112,16,161418,161418,161419,,,,161462,161429,161444,16,1:15,161445,161460,16,1:15,161446,161461,16,1:15,,,0,,,,0,,,,0,,,,0,,1,10,15,17,1,,,,
asymmetric,4,2306,56,bt,5,16,18240,16,161465,161465,161466,,,,161509,161476,161491,16,1:15,161492,161507,16,1:15,161493,161508,16,1:15,,,0,,,,0,,,,0,,,,0,,1,10,15,17,1,,,,
asymmetric,4,2307,56,bt,6,0,18368,16,161512,161512,161513,,,,161556,161523,161538,16,1:15,161539,161554,16,1:15,161540,161555,16,1:15,,,0,,,,0,,,,0,,,,0,,1,10,15,17,1,,,,
asymmetric,4,2308,56,bt,6,16,18496,16,161559,161559,161560,,,,161603,161570,161585,16,1:15,161586,161601,16,1:15,161587,161602,16,1:15,,,0,,,,0,,,,0,,,,0,,1,10,15,17,1,,,,
asymmetric,4,2309,56,bt,7,0,18624,16,161606,161606,161607,,,,161650,161617,161632,16,1:15,161633,161648,16,1:15,161634,161649,16,1:15,,,0,,,,0,,,,0,,,,0,,1,10,15,17,1,,,,
asymmetric,4,2310,56,bt,7,16,18752,16,161653,161653,161654,,,,161697,161664,161679,16,1:15,161680,161695,16,1:15,161681,161696,16,1:15,,,0,,,,0,,,,0,,,,0,,1,10,15,17,1,,,,
asymmetric,4,2311,56,c,0,0,47424,4,162787,162787,,162804,162803,162815,162816,,,0,,,,0,,,,0,,162788,162800,4,4:3,162790,162802,4,4:3,162791,162803,4,4:3,162804,162807,4,1:3,,,,,,16,4,8,1
asymmetric,4,2312,56,c,1,0,47680,4,162819,162819,,162836,162835,162847,162848,,,0,,,,0,,,,0,,162820,162832,4,4:3,162822,162834,4,4:3,162823,162835,4,4:3,162836,162839,4,1:3,,,,,,16,4,8,1
asymmetric,4,2313,56,c,2,0,47936,4,162851,162851,,162868,162867,162879,162880,,,0,,,,0,,,,0,,162852,162864,4,4:3,162854,162866,4,4:3,162855,162867,4,4:3,162868,162871,4,1:3,,,,,,16,4,8,1
asymmetric,4,2314,56,c,3,0,48192,4,162883,162883,,162900,162899,162911,162912,,,0,,,,0,,,,0,,162884,162896,4,4:3,162886,162898,4,4:3,162887,162899,4,4:3,162900,162903,4,1:3,,,,,,16,4,8,1
asymmetric,4,2315,56,c,4,0,48448,4,162915,162915,,162932,162931,162943,162944,,,0,,,,0,,,,0,,162916,162928,4,4:3,162918,162930,4,4:3,162919,162931,4,4:3,162932,162935,4,1:3,,,,,,16,4,8,1
asymmetric,4,2316,56,c,5,0,48704,4,162947,162947,,162964,162963,162975,162976,,,0,,,,0,,,,0,,162948,162960,4,4:3,162950,162962,4,4:3,162951,162963,4,4:3,162964,162967,4,1:3,,,,,,16,4,8,1
asymmetric,4,2317,56,c,6,0,48960,4,162979,162979,,162996,162995,163007,163008,,,0,,,,0,,,,0,,162980,162992,4,4:3,162982,162994,4,4:3,162983,162995,4,4:3,162996,162999,4,1:3,,,,,,16,4,8,1
asymmetric,4,2318,56,c,7,0,49216,4,163011,163011,,163028,163027,163039,163040,,,0,,,,0,,,,0,,163012,163024,4,4:3,163014,163026,4,4:3,163015,163027,4,4:3,163028,163031,4,1:3,,,,,,16,4,8,1
asymmetric,4,2319,57,a,0,0,14400,16,163049,163049,163050,,,,163093,163060,163075,16,1:15,163076,163091,16,1:15,163077,163092,16,1:15,,,0,,,,0,,,,0,,,,0,,1,10,15,17,1,,,,
asymmetric,4,2320,57,a,0,16,14528,16,163096,163096,163097,,,,163140,163107,163122,16,1:15,163123,163138,16,1:15,163124,163139,16,1:15,,,0,,,,0,,,,0,,,,0,,1,10,15,17,1,,,,
asymmetric,4,2321,57,a,1,0,14656,16,163143,163143,163144,,,,163187,163154,163169,16,1:15,163170,163185,16,1:15,163171,163186,16,1:15,,,0,,,,0,,,,0,,,,0,,1,10,15,17,1,,,,
asymmetric,4,2322,57,a,1,16,14784,16,163190,163190,163191,,,,163234,163201,163216,16,1:15,163217,163232,16,1:15,163218,163233,16,1:15,,,0,,,,0,,,,0,,,,0,,1,10,15,17,1,,,,
asymmetric,4,2323,57,a,2,0,14912,16,163237,163237,163238,,,,163281,163248,163263,16,1:15,163264,163279,16,1:15,163265,163280,16,1:15,,,0,,,,0,,,,0,,,,0,,1,10,15,17,1,,,,
asymmetric,4,2324,57,a,2,16,15040,16,163284,163284,163285,,,,163328,163295,163310,16,1:15,163311,163326,16,1:15,163312,163327,16,1:15,,,0,,,,0,,,,0,,,,0,,1,10,15,17,1,,,,
asymmetric,4,2325,57,a,3,0,15168,16,163331,163331,163332,,,,163375,163342,163357,16,1:15,163358,163373,16,1:15,163359,163374,16,1:15,,,0,,,,0,,,,0,,,,0,,1,10,15,17,1,,,,
asymmetric,4,2326,57,a,3,16,15296,16,163378,163378,163379,,,,163422,163389,163404,16,1:15,163405,163420,16,1:15,163406,163421,16,1:15,,,0,,,,0,,,,0,,,,0,,1,10,15,17,1,,,,
asymmetric,4,2327,57,a,4,0,15424,16,163425,163425,163426,,,,163469,163436,163451,16,1:15,163452,163467,16,1:15,163453,163468,16,1:15,,,0,,,,0,,,,0,,,,0,,1,10,15,17,1,,,,
asymmetric,4,2328,57,a,4,16,15552,16,163472,163472,163473,,,,163516,163483,163498,16,1:15,163499,163514,16,1:15,163500,163515,16,1:15,,,0,,,,0,,,,0,,,,0,,1,10,15,17,1,,,,
asymmetric,4,2329,57,a,5,0,15680,16,163519,163519,163520,,,,163563,163530,163545,16,1:15,163546,163561,16,1:15,163547,163562,16,1:15,,,0,,,,0,,,,0,,,,0,,1,10,15,17,1,,,,
asymmetric,4,2330,57,a,5,16,15808,16,163566,163566,163567,,,,163610,163577,163592,16,1:15,163593,163608,16,1:15,163594,163609,16,1:15,,,0,,,,0,,,,0,,,,0,,1,10,15,17,1,,,,
asymmetric,4,2331,57,a,6,0,15936,16,163613,163613,163614,,,,163657,163624,163639,16,1:15,163640,163655,16,1:15,163641,163656,16,1:15,,,0,,,,0,,,,0,,,,0,,1,10,15,17,1,,,,
asymmetric,4,2332,57,a,6,16,16064,16,163660,163660,163661,,,,163704,163671,163686,16,1:15,163687,163702,16,1:15,163688,163703,16,1:15,,,0,,,,0,,,,0,,,,0,,1,10,15,17,1,,,,
asymmetric,4,2333,57,a,7,0,16192,16,163707,163707,163708,,,,163751,163718,163733,16,1:15,163734,163749,16,1:15,163735,163750,16,1:15,,,0,,,,0,,,,0,,,,0,,1,10,15,17,1,,,,
asymmetric,4,2334,57,a,7,16,16320,8,163754,163754,163755,,,,163782,163765,163772,8,1:7,163773,163780,8,1:7,163774,163781,8,1:7,,,0,,,,0,,,,0,,,,0,,1,10,7,9,1,,,,
asymmetric,4,2335,57,a,7,24,16384,8,163785,163785,163786,,,,163813,163796,163803,8,1:7,163804,163811,8,1:7,163805,163812,8,1:7,,,0,,,,0,,,,0,,,,0,,1,10,7,9,1,,,,
asymmetric,4,2336,57,bt,0,0,18880,16,163821,163821,163822,,,,163865,163832,163847,16,1:15,163848,163863,16,1:15,163849,163864,16,1:15,,,0,,,,0,,,,0,,,,0,,1,10,15,17,1,,,,
asymmetric,4,2337,57,bt,0,16,19008,16,163868,163868,163869,,,,163912,163879,163894,16,1:15,163895,163910,16,1:15,163896,163911,16,1:15,,,0,,,,0,,,,0,,,,0,,1,10,15,17,1,,,,
asymmetric,4,2338,57,bt,1,0,19136,16,163915,163915,163916,,,,163959,163926,163941,16,1:15,163942,163957,16,1:15,163943,163958,16,1:15,,,0,,,,0,,,,0,,,,0,,1,10,15,17,1,,,,
asymmetric,4,2339,57,bt,1,16,19264,16,163962,163962,163963,,,,164006,163973,163988,16,1:15,163989,164004,16,1:15,163990,164005,16,1:15,,,0,,,,0,,,,0,,,,0,,1,10,15,17,1,,,,
asymmetric,4,2340,57,bt,2,0,19392,16,164009,164009,164010,,,,164053,164020,164035,16,1:15,164036,164051,16,1:15,164037,164052,16,1:15,,,0,,,,0,,,,0,,,,0,,1,10,15,17,1,,,,
asymmetric,4,2341,57,bt,2,16,19520,16,164056,164056,164057,,,,164100,164067,164082,16,1:15,164083,164098,16,1:15,164084,164099,16,1:15,,,0,,,,0,,,,0,,,,0,,1,10,15,17,1,,,,
asymmetric,4,2342,57,bt,3,0,19648,16,164103,164103,164104,,,,164147,164114,164129,16,1:15,164130,164145,16,1:15,164131,164146,16,1:15,,,0,,,,0,,,,0,,,,0,,1,10,15,17,1,,,,
asymmetric,4,2343,57,bt,3,16,19776,16,164150,164150,164151,,,,164194,164161,164176,16,1:15,164177,164192,16,1:15,164178,164193,16,1:15,,,0,,,,0,,,,0,,,,0,,1,10,15,17,1,,,,
asymmetric,4,2344,57,bt,4,0,19904,16,164197,164197,164198,,,,164241,164208,164223,16,1:15,164224,164239,16,1:15,164225,164240,16,1:15,,,0,,,,0,,,,0,,,,0,,1,10,15,17,1,,,,
asymmetric,4,2345,57,bt,4,16,20032,16,164244,164244,164245,,,,164288,164255,164270,16,1:15,164271,164286,16,1:15,164272,164287,16,1:15,,,0,,,,0,,,,0,,,,0,,1,10,15,17,1,,,,
asymmetric,4,2346,57,bt,5,0,20160,16,164291,164291,164292,,,,164335,164302,164317,16,1:15,164318,164333,16,1:15,164319,164334,16,1:15,,,0,,,,0,,,,0,,,,0,,1,10,15,17,1,,,,
asymmetric,4,2347,57,bt,5,16,20288,16,164338,164338,164339,,,,164382,164349,164364,16,1:15,164365,164380,16,1:15,164366,164381,16,1:15,,,0,,,,0,,,,0,,,,0,,1,10,15,17,1,,,,
asymmetric,4,2348,57,bt,6,0,20416,8,164385,164385,164386,,,,164413,164396,164403,8,1:7,164404,164411,8,1:7,164405,164412,8,1:7,,,0,,,,0,,,,0,,,,0,,1,10,7,9,1,,,,
asymmetric,4,2349,57,bt,6,8,20480,16,164416,164416,164417,,,,164460,164427,164442,16,1:15,164443,164458,16,1:15,164444,164459,16,1:15,,,0,,,,0,,,,0,,,,0,,1,10,15,17,1,,,,
asymmetric,4,2350,57,bt,6,24,20608,8,164463,164463,164464,,,,164491,164474,164481,8,1:7,164482,164489,8,1:7,164483,164490,8,1:7,,,0,,,,0,,,,0,,,,0,,1,10,7,9,1,,,,
asymmetric,4,2351,57,bt,7,0,20672,16,164494,164494,164495,,,,164538,164505,164520,16,1:15,164521,164536,16,1:15,164522,164537,16,1:15,,,0,,,,0,,,,0,,,,0,,1,10,15,17,1,,,,
asymmetric,4,2352,57,bt,7,16,20800,16,164541,164541,164542,,,,164585,164552,164567,16,1:15,164568,164583,16,1:15,164569,164584,16,1:15,,,0,,,,0,,,,0,,,,0,,1,10,15,17,1,,,,
asymmetric,4,2353,57,c,0,0,47456,4,165675,165675,,165692,165691,165703,165704,,,0,,,,0,,,,0,,165676,165688,4,4:3,165678,165690,4,4:3,165679,165691,4,4:3,165692,165695,4,1:3,,,,,,16,4,8,1
asymmetric,4,2354,57,c,1,0,47712,4,165707,165707,,165724,165723,165735,165736,,,0,,,,0,,,,0,,165708,165720,4,4:3,165710,165722,4,4:3,165711,165723,4,4:3,165724,165727,4,1:3,,,,,,16,4,8,1
asymmetric,4,2355,57,c,2,0,47968,4,165739,165739,,165756,165755,165767,165768,,,0,,,,0,,,,0,,165740,165752,4,4:3,165742,165754,4,4:3,165743,165755,4,4:3,165756,165759,4,1:3,,,,,,16,4,8,1
asymmetric,4,2356,57,c,3,0,48224,4,165771,165771,,165788,165787,165799,165800,,,0,,,,0,,,,0,,165772,165784,4,4:3,165774,165786,4,4:3,165775,165787,4,4:3,165788,165791,4,1:3,,,,,,16,4,8,1
asymmetric,4,2357,57,c,4,0,48480,4,165803,165803,,165820,165819,165831,165832,,,0,,,,0,,,,0,,165804,165816,4,4:3,165806,165818,4,4:3,165807,165819,4,4:3,165820,165823,4,1:3,,,,,,16,4,8,1
asymmetric,4,2358,57,c,5,0,48736,4,165835,165835,,165852,165851,165863,165864,,,0,,,,0,,,,0,,165836,165848,4,4:3,165838,165850,4,4:3,165839,165851,4,4:3,165852,165855,4,1:3,,,,,,16,4,8,1
asymmetric,4,2359,57,c,6,0,48992,4,165867,165867,,165884,165883,165895,165896,,,0,,,,0,,,,0,,165868,165880,4,4:3,165870,165882,4,4:3,165871,165883,4,4:3,165884,165887,4,1:3,,,,,,16,4,8,1
asymmetric,4,2360,57,c,7,0,49248,4,165899,165899,,165916,165915,165927,165928,,,0,,,,0,,,,0,,165900,165912,4,4:3,165902,165914,4,4:3,165903,165915,4,4:3,165916,165919,4,1:3,,,,,,16,4,8,1
asymmetric,4,2361,58,a,0,0,14400,16,165937,165937,165938,,,,165981,165948,165963,16,1:15,165964,165979,16,1:15,165965,165980,16,1:15,,,0,,,,0,,,,0,,,,0,,1,10,15,17,1,,,,
asymmetric,4,2362,58,a,0,16,14528,16,165984,165984,165985,,,,166028,165995,166010,16,1:15,166011,166026,16,1:15,166012,166027,16,1:15,,,0,,,,0,,,,0,,,,0,,1,10,15,17,1,,,,
asymmetric,4,2363,58,a,1,0,14656,16,166031,166031,166032,,,,166075,166042,166057,16,1:15,166058,166073,16,1:15,166059,166074,16,1:15,,,0,,,,0,,,,0,,,,0,,1,10,15,17,1,,,,
asymmetric,4,2364,58,a,1,16,14784,16,166078,166078,166079,,,,166122,166089,166104,16,1:15,166105,166120,16,1:15,166106,166121,16,1:15,,,0,,,,0,,,,0,,,,0,,1,10,15,17,1,,,,
asymmetric,4,2365,58,a,2,0,14912,16,166125,166125,166126,,,,166169,166136,166151,16,1:15,166152,166167,16,1:15,166153,166168,16,1:15,,,0,,,,0,,,,0,,,,0,,1,10,15,17,1,,,,
asymmetric,4,2366,58,a,2,16,15040,16,166172,166172,166173,,,,166216,166183,166198,16,1:15,166199,166214,16,1:15,166200,166215,16,1:15,,,0,,,,0,,,,0,,,,0,,1,10,15,17,1,,,,
asymmetric,4,2367,58,a,3,0,15168,16,166219,166219,166220,,,,166263,166230,166245,16,1:15,166246,166261,16,1:15,166247,166262,16,1:15,,,0,,,,0,,,,0,,,,0,,1,10,15,17,1,,,,
asymmetric,4,2368,58,a,3,16,15296,16,166266,166266,166267,,,,166310,166277,166292,16,1:15,166293,166308,16,1:15,166294,166309,16,1:15,,,0,,,,0,,,,0,,,,0,,1,10,15,17,1,,,,
asymmetric,4,2369,58,a,4,0,15424,16,166313,166313,166314,,,,166357,166324,166339,16,1:15,166340,166355,16,1:15,166341,166356,16,1:15,,,0,,,,0,,,,0,,,,0,,1,10,15,17,1,,,,
asymmetric,4,2370,58,a,4,16,15552,16,166360,166360,166361,,,,166404,166371,166386,16,1:15,166387,166402,16,1:15,166388,166403,16,1:15,,,0,,,,0,,,,0,,,,0,,1,10,15,17,1,,,,
asymmetric,4,2371,58,a,5,0,15680,16,166407,166407,166408,,,,166451,166418,166433,16,1:15,166434,166449,16,1:15,166435,166450,16,1:15,,,0,,,,0,,,,0,,,,0,,1,10,15,17,1,,,,
asymmetric,4,2372,58,a,5,16,15808,16,166454,166454,166455,,,,166498,166465,166480,16,1:15,166481,166496,16,1:15,166482,166497,16,1:15,,,0,,,,0,,,,0,,,,0,,1,10,15,17,1,,,,
asymmetric,4,2373,58,a,6,0,15936,16,166501,166501,166502,,,,166545,166512,166527,16,1:15,166528,166543,16,1:15,166529,166544,16,1:15,,,0,,,,0,,,,0,,,,0,,1,10,15,17,1,,,,
asymmetric,4,2374,58,a,6,16,16064,16,166548,166548,166549,,,,166592,166559,166574,16,1:15,166575,166590,16,1:15,166576,166591,16,1:15,,,0,,,,0,,,,0,,,,0,,1,10,15,17,1,,,,
asymmetric,4,2375,58,a,7,0,16192,16,166595,166595,166596,,,,166639,166606,166621,16,1:15,166622,166637,16,1:15,166623,166638,16,1:15,,,0,,,,0,,,,0,,,,0,,1,10,15,17,1,,,,
asymmetric,4,2376,58,a,7,16,16320,8,166642,166642,166643,,,,166670,166653,166660,8,1:7,166661,166668,8,1:7,166662,166669,8,1:7,,,0,,,,0,,,,0,,,,0,,1,10,7,9,1,,,,
asymmetric,4,2377,58,a,7,24,16384,8,166673,166673,166674,,,,166701,166684,166691,8,1:7,166692,166699,8,1:7,166693,166700,8,1:7,,,0,,,,0,,,,0,,,,0,,1,10,7,9,1,,,,
asymmetric,4,2378,58,bt,0,0,20928,16,166709,166709,166710,,,,166753,166720,166735,16,1:15,166736,166751,16,1:15,166737,166752,16,1:15,,,0,,,,0,,,,0,,,,0,,1,10,15,17,1,,,,
asymmetric,4,2379,58,bt,0,16,21056,16,166756,166756,166757,,,,166800,166767,166782,16,1:15,166783,166798,16,1:15,166784,166799,16,1:15,,,0,,,,0,,,,0,,,,0,,1,10,15,17,1,,,,
asymmetric,4,2380,58,bt,1,0,21184,16,166803,166803,166804,,,,166847,166814,166829,16,1:15,166830,166845,16,1:15,166831,166846,16,1:15,,,0,,,,0,,,,0,,,,0,,1,10,15,17,1,,,,
asymmetric,4,2381,58,bt,1,16,21312,16,166850,166850,166851,,,,166894,166861,166876,16,1:15,166877,166892,16,1:15,166878,166893,16,1:15,,,0,,,,0,,,,0,,,,0,,1,10,15,17,1,,,,
asymmetric,4,2382,58,bt,2,0,21440,16,166897,166897,166898,,,,166941,166908,166923,16,1:15,166924,166939,16,1:15,166925,166940,16,1:15,,,0,,,,0,,,,0,,,,0,,1,10,15,17,1,,,,
asymmetric,4,2383,58,bt,2,16,21568,16,166944,166944,166945,,,,166988,166955,166970,16,1:15,166971,166986,16,1:15,166972,166987,16,1:15,,,0,,,,0,,,,0,,,,0,,1,10,15,17,1,,,,
asymmetric,4,2384,58,bt,3,0,21696,16,166991,166991,166992,,,,167035,167002,167017,16,1:15,167018,167033,16,1:15,167019,167034,16,1:15,,,0,,,,0,,,,0,,,,0,,1,10,15,17,1,,,,
asymmetric,4,2385,58,bt,3,16,21824,16,167038,167038,167039,,,,167082,167049,167064,16,1:15,167065,167080,16,1:15,167066,167081,16,1:15,,,0,,,,0,,,,0,,,,0,,1,10,15,17,1,,,,
asymmetric,4,2386,58,bt,4,0,21952,16,167085,167085,167086,,,,167129,167096,167111,16,1:15,167112,167127,16,1:15,167113,167128,16,1:15,,,0,,,,0,,,,0,,,,0,,1,10,15,17,1,,,,
asymmetric,4,2387,58,bt,4,16,22080,16,167132,167132,167133,,,,167176,167143,167158,16,1:15,167159,167174,16,1:15,167160,167175,16,1:15,,,0,,,,0,,,,0,,,,0,,1,10,15,17,1,,,,
asymmetric,4,2388,58,bt,5,0,22208,16,167179,167179,167180,,,,167223,167190,167205,16,1:15,167206,167221,16,1:15,167207,167222,16,1:15,,,0,,,,0,,,,0,,,,0,,1,10,15,17,1,,,,
asymmetric,4,2389,58,bt,5,16,22336,16,167226,167226,167227,,,,167270,167237,167252,16,1:15,167253,167268,16,1:15,167254,167269,16,1:15,,,0,,,,0,,,,0,,,,0,,1,10,15,17,1,,,,
asymmetric,4,2390,58,bt,6,0,22464,16,167273,167273,167274,,,,167317,167284,167299,16,1:15,167300,167315,16,1:15,167301,167316,16,1:15,,,0,,,,0,,,,0,,,,0,,1,10,15,17,1,,,,
asymmetric,4,2391,58,bt,6,16,22592,16,167320,167320,167321,,,,167364,167331,167346,16,1:15,167347,167362,16,1:15,167348,167363,16,1:15,,,0,,,,0,,,,0,,,,0,,1,10,15,17,1,,,,
asymmetric,4,2392,58,bt,7,0,22720,16,167367,167367,167368,,,,167411,167378,167393,16,1:15,167394,167409,16,1:15,167395,167410,16,1:15,,,0,,,,0,,,,0,,,,0,,1,10,15,17,1,,,,
asymmetric,4,2393,58,bt,7,16,22848,16,167414,167414,167415,,,,167458,167425,167440,16,1:15,167441,167456,16,1:15,167442,167457,16,1:15,,,0,,,,0,,,,0,,,,0,,1,10,15,17,1,,,,
asymmetric,4,2394,58,c,0,0,47488,4,168548,168548,,168565,168564,168576,168577,,,0,,,,0,,,,0,,168549,168561,4,4:3,168551,168563,4,4:3,168552,168564,4,4:3,168565,168568,4,1:3,,,,,,16,4,8,1
asymmetric,4,2395,58,c,1,0,47744,4,168580,168580,,168597,168596,168608,168609,,,0,,,,0,,,,0,,168581,168593,4,4:3,168583,168595,4,4:3,168584,168596,4,4:3,168597,168600,4,1:3,,,,,,16,4,8,1
asymmetric,4,2396,58,c,2,0,48000,4,168612,168612,,168629,168628,168640,168641,,,0,,,,0,,,,0,,168613,168625,4,4:3,168615,168627,4,4:3,168616,168628,4,4:3,168629,168632,4,1:3,,,,,,16,4,8,1
asymmetric,4,2397,58,c,3,0,48256,4,168644,168644,,168661,168660,168672,168673,,,0,,,,0,,,,0,,168645,168657,4,4:3,168647,168659,4,4:3,168648,168660,4,4:3,168661,168664,4,1:3,,,,,,16,4,8,1
asymmetric,4,2398,58,c,4,0,48512,4,168676,168676,,168693,168692,168704,168705,,,0,,,,0,,,,0,,168677,168689,4,4:3,168679,168691,4,4:3,168680,168692,4,4:3,168693,168696,4,1:3,,,,,,16,4,8,1
asymmetric,4,2399,58,c,5,0,48768,4,168708,168708,,168725,168724,168736,168737,,,0,,,,0,,,,0,,168709,168721,4,4:3,168711,168723,4,4:3,168712,168724,4,4:3,168725,168728,4,1:3,,,,,,16,4,8,1
asymmetric,4,2400,58,c,6,0,49024,4,168740,168740,,168757,168756,168768,168769,,,0,,,,0,,,,0,,168741,168753,4,4:3,168743,168755,4,4:3,168744,168756,4,4:3,168757,168760,4,1:3,,,,,,16,4,8,1
asymmetric,4,2401,58,c,7,0,49280,4,168772,168772,,168789,168788,168800,168801,,,0,,,,0,,,,0,,168773,168785,4,4:3,168775,168787,4,4:3,168776,168788,4,4:3,168789,168792,4,1:3,,,,,,16,4,8,1
asymmetric,4,2402,59,a,0,0,14400,16,168810,168810,168811,,,,168854,168821,168836,16,1:15,168837,168852,16,1:15,168838,168853,16,1:15,,,0,,,,0,,,,0,,,,0,,1,10,15,17,1,,,,
asymmetric,4,2403,59,a,0,16,14528,16,168857,168857,168858,,,,168901,168868,168883,16,1:15,168884,168899,16,1:15,168885,168900,16,1:15,,,0,,,,0,,,,0,,,,0,,1,10,15,17,1,,,,
asymmetric,4,2404,59,a,1,0,14656,16,168904,168904,168905,,,,168948,168915,168930,16,1:15,168931,168946,16,1:15,168932,168947,16,1:15,,,0,,,,0,,,,0,,,,0,,1,10,15,17,1,,,,
asymmetric,4,2405,59,a,1,16,14784,16,168951,168951,168952,,,,168995,168962,168977,16,1:15,168978,168993,16,1:15,168979,168994,16,1:15,,,0,,,,0,,,,0,,,,0,,1,10,15,17,1,,,,
asymmetric,4,2406,59,a,2,0,14912,16,168998,168998,168999,,,,169042,169009,169024,16,1:15,169025,169040,16,1:15,169026,169041,16,1:15,,,0,,,,0,,,,0,,,,0,,1,10,15,17,1,,,,
asymmetric,4,2407,59,a,2,16,15040,16,169045,169045,169046,,,,169089,169056,169071,16,1:15,169072,169087,16,1:15,169073,169088,16,1:15,,,0,,,,0,,,,0,,,,0,,1,10,15,17,1,,,,
asymmetric,4,2408,59,a,3,0,15168,16,169092,169092,169093,,,,169136,169103,169118,16,1:15,169119,169134,16,1:15,169120,169135,16,1:15,,,0,,,,0,,,,0,,,,0,,1,10,15,17,1,,,,
asymmetric,4,2409,59,a,3,16,15296,16,169139,169139,169140,,,,169183,169150,169165,16,1:15,169166,169181,16,1:15,169167,169182,16,1:15,,,0,,,,0,,,,0,,,,0,,1,10,15,17,1,,,,
asymmetric,4,2410,59,a,4,0,15424,16,169186,169186,169187,,,,169230,169197,169212,16,1:15,169213,169228,16,1:15,169214,169229,16,1:15,,,0,,,,0,,,,0,,,,0,,1,10,15,17,1,,,,
asymmetric,4,2411,59,a,4,16,15552,16,169233,169233,169234,,,,169277,169244,169259,16,1:15,169260,169275,16,1:15,169261,169276,16,1:15,,,0,,,,0,,,,0,,,,0,,1,10,15,17,1,,,,
asymmetric,4,2412,59,a,5,0,15680,16,169280,169280,169281,,,,169324,169291,169306,16,1:15,169307,169322,16,1:15,169308,169323,16,1:15,,,0,,,,0,,,,0,,,,0,,1,10,15,17,1,,,,
asymmetric,4,2413,59,a,5,16,15808,16,169327,169327,169328,,,,169371,169338,169353,16,1:15,169354,169369,16,1:15,169355,169370,16,1:15,,,0,,,,0,,,,0,,,,0,,1,10,15,17,1,,,,
asymmetric,4,2414,59,a,6,0,15936,16,169374,169374,169375,,,,169418,169385,169400,16,1:15,169401,169416,16,1:15,169402,169417,16,1:15,,,0,,,,0,,,,0,,,,0,,1,10,15,17,1,,,,
asymmetric,4,2415,59,a,6,16,16064,16,169421,169421,169422,,,,169465,169432,169447,16,1:15,169448,169463,16,1:15,169449,169464,16,1:15,,,0,,,,0,,,,0,,,,0,,1,10,15,17,1,,,,
asymmetric,4,2416,59,a,7,0,16192,16,169468,169468,169469,,,,169512,169479,169494,16,1:15,169495,169510,16,1:15,169496,169511,16,1:15,,,0,,,,0,,,,0,,,,0,,1,10,15,17,1,,,,
asymmetric,4,2417,59,a,7,16,16320,8,169515,169515,169516,,,,169543,169526,169533,8,1:7,169534,169541,8,1:7,169535,169542,8,1:7,,,0,,,,0,,,,0,,,,0,,1,10,7,9,1,,,,
asymmetric,4,2418,59,a,7,24,16384,8,169546,169546,169547,,,,169574,169557,169564,8,1:7,169565,169572,8,1:7,169566,169573,8,1:7,,,0,,,,0,,,,0,,,,0,,1,10,7,9,1,,,,
asymmetric,4,2419,59,bt,0,0,22976,16,169582,169582,169583,,,,169626,169593,169608,16,1:15,169609,169624,16,1:15,169610,169625,16,1:15,,,0,,,,0,,,,0,,,,0,,1,10,15,17,1,,,,
asymmetric,4,2420,59,bt,0,16,23104,16,169629,169629,169630,,,,169673,169640,169655,16,1:15,169656,169671,16,1:15,169657,169672,16,1:15,,,0,,,,0,,,,0,,,,0,,1,10,15,17,1,,,,
asymmetric,4,2421,59,bt,1,0,23232,16,169676,169676,169677,,,,169720,169687,169702,16,1:15,169703,169718,16,1:15,169704,169719,16,1:15,,,0,,,,0,,,,0,,,,0,,1,10,15,17,1,,,,
asymmetric,4,2422,59,bt,1,16,23360,16,169723,169723,169724,,,,169767,169734,169749,16,1:15,169750,169765,16,1:15,169751,169766,16,1:15,,,0,,,,0,,,,0,,,,0,,1,10,15,17,1,,,,
asymmetric,4,2423,59,bt,2,0,23488,16,169770,169770,169771,,,,169814,169781,169796,16,1:15,169797,169812,16,1:15,169798,169813,16,1:15,,,0,,,,0,,,,0,,,,0,,1,10,15,17,1,,,,
asymmetric,4,2424,59,bt,2,16,23616,16,169817,169817,169818,,,,169861,169828,169843,16,1:15,169844,169859,16,1:15,169845,169860,16,1:15,,,0,,,,0,,,,0,,,,0,,1,10,15,17,1,,,,
asymmetric,4,2425,59,bt,3,0,23744,16,169864,169864,169865,,,,169908,169875,169890,16,1:15,169891,169906,16,1:15,169892,169907,16,1:15,,,0,,,,0,,,,0,,,,0,,1,10,15,17,1,,,,
asymmetric,4,2426,59,bt,3,16,23872,16,169911,169911,169912,,,,169955,169922,169937,16,1:15,169938,169953,16,1:15,169939,169954,16,1:15,,,0,,,,0,,,,0,,,,0,,1,10,15,17,1,,,,
asymmetric,4,2427,59,bt,4,0,24000,16,169958,169958,169959,,,,170002,169969,169984,16,1:15,169985,170000,16,1:15,169986,170001,16,1:15,,,0,,,,0,,,,0,,,,0,,1,10,15,17,1,,,,
asymmetric,4,2428,59,bt,4,16,24128,16,170005,170005,170006,,,,170049,170016,170031,16,1:15,170032,170047,16,1:15,170033,170048,16,1:15,,,0,,,,0,,,,0,,,,0,,1,10,15,17,1,,,,
asymmetric,4,2429,59,bt,5,0,24256,16,170052,170052,170053,,,,170096,170063,170078,16,1:15,170079,170094,16,1:15,170080,170095,16,1:15,,,0,,,,0,,,,0,,,,0,,1,10,15,17,1,,,,
asymmetric,4,2430,59,bt,5,16,24384,16,170099,170099,170100,,,,170143,170110,170125,16,1:15,170126,170141,16,1:15,170127,170142,16,1:15,,,0,,,,0,,,,0,,,,0,,1,10,15,17,1,,,,
asymmetric,4,2431,59,bt,6,0,24512,8,170146,170146,170147,,,,170174,170157,170164,8,1:7,170165,170172,8,1:7,170166,170173,8,1:7,,,0,,,,0,,,,0,,,,0,,1,10,7,9,1,,,,
asymmetric,4,2432,59,bt,6,8,24576,16,170177,170177,170178,,,,170221,170188,170203,16,1:15,170204,170219,16,1:15,170205,170220,16,1:15,,,0,,,,0,,,,0,,,,0,,1,10,15,17,1,,,,
asymmetric,4,2433,59,bt,6,24,24704,8,170224,170224,170225,,,,170252,170235,170242,8,1:7,170243,170250,8,1:7,170244,170251,8,1:7,,,0,,,,0,,,,0,,,,0,,1,10,7,9,1,,,,
asymmetric,4,2434,59,bt,7,0,24768,16,170255,170255,170256,,,,170299,170266,170281,16,1:15,170282,170297,16,1:15,170283,170298,16,1:15,,,0,,,,0,,,,0,,,,0,,1,10,15,17,1,,,,
asymmetric,4,2435,59,bt,7,16,24896,16,170302,170302,170303,,,,170346,170313,170328,16,1:15,170329,170344,16,1:15,170330,170345,16,1:15,,,0,,,,0,,,,0,,,,0,,1,10,15,17,1,,,,
asymmetric,4,2436,59,c,0,0,47520,4,171436,171436,,171453,171452,171464,171465,,,0,,,,0,,,,0,,171437,171449,4,4:3,171439,171451,4,4:3,171440,171452,4,4:3,171453,171456,4,1:3,,,,,,16,4,8,1
asymmetric,4,2437,59,c,1,0,47776,4,171468,171468,,171485,171484,171496,171497,,,0,,,,0,,,,0,,171469,171481,4,4:3,171471,171483,4,4:3,171472,171484,4,4:3,171485,171488,4,1:3,,,,,,16,4,8,1
asymmetric,4,2438,59,c,2,0,48032,4,171500,171500,,171517,171516,171528,171529,,,0,,,,0,,,,0,,171501,171513,4,4:3,171503,171515,4,4:3,171504,171516,4,4:3,171517,171520,4,1:3,,,,,,16,4,8,1
asymmetric,4,2439,59,c,3,0,48288,4,171532,171532,,171549,171548,171560,171561,,,0,,,,0,,,,0,,171533,171545,4,4:3,171535,171547,4,4:3,171536,171548,4,4:3,171549,171552,4,1:3,,,,,,16,4,8,1
asymmetric,4,2440,59,c,4,0,48544,4,171564,171564,,171581,171580,171592,171593,,,0,,,,0,,,,0,,171565,171577,4,4:3,171567,171579,4,4:3,171568,171580,4,4:3,171581,171584,4,1:3,,,,,,16,4,8,1
asymmetric,4,2441,59,c,5,0,48800,4,171596,171596,,171613,171612,171624,171625,,,0,,,,0,,,,0,,171597,171609,4,4:3,171599,171611,4,4:3,171600,171612,4,4:3,171613,171616,4,1:3,,,,,,16,4,8,1
asymmetric,4,2442,59,c,6,0,49056,4,171628,171628,,171645,171644,171656,171657,,,0,,,,0,,,,0,,171629,171641,4,4:3,171631,171643,4,4:3,171632,171644,4,4:3,171645,171648,4,1:3,,,,,,16,4,8,1
asymmetric,4,2443,59,c,7,0,49312,4,171660,171660,,171677,171676,171688,171689,,,0,,,,0,,,,0,,171661,171673,4,4:3,171663,171675,4,4:3,171664,171676,4,4:3,171677,171680,4,1:3,,,,,,16,4,8,1
asymmetric,4,2444,60,a,0,0,14400,16,171698,171698,171699,,,,171742,171709,171724,16,1:15,171725,171740,16,1:15,171726,171741,16,1:15,,,0,,,,0,,,,0,,,,0,,1,10,15,17,1,,,,
asymmetric,4,2445,60,a,0,16,14528,16,171745,171745,171746,,,,171789,171756,171771,16,1:15,171772,171787,16,1:15,171773,171788,16,1:15,,,0,,,,0,,,,0,,,,0,,1,10,15,17,1,,,,
asymmetric,4,2446,60,a,1,0,14656,16,171792,171792,171793,,,,171836,171803,171818,16,1:15,171819,171834,16,1:15,171820,171835,16,1:15,,,0,,,,0,,,,0,,,,0,,1,10,15,17,1,,,,
asymmetric,4,2447,60,a,1,16,14784,16,171839,171839,171840,,,,171883,171850,171865,16,1:15,171866,171881,16,1:15,171867,171882,16,1:15,,,0,,,,0,,,,0,,,,0,,1,10,15,17,1,,,,
asymmetric,4,2448,60,a,2,0,14912,16,171886,171886,171887,,,,171930,171897,171912,16,1:15,171913,171928,16,1:15,171914,171929,16,1:15,,,0,,,,0,,,,0,,,,0,,1,10,15,17,1,,,,
asymmetric,4,2449,60,a,2,16,15040,16,171933,171933,171934,,,,171977,171944,171959,16,1:15,171960,171975,16,1:15,171961,171976,16,1:15,,,0,,,,0,,,,0,,,,0,,1,10,15,17,1,,,,
asymmetric,4,2450,60,a,3,0,15168,16,171980,171980,171981,,,,172024,171991,172006,16,1:15,172007,172022,16,1:15,172008,172023,16,1:15,,,0,,,,0,,,,0,,,,0,,1,10,15,17,1,,,,
asymmetric,4,2451,60,a,3,16,15296,16,172027,172027,172028,,,,172071,172038,172053,16,1:15,172054,172069,16,1:15,172055,172070,16,1:15,,,0,,,,0,,,,0,,,,0,,1,10,15,17,1,,,,
asymmetric,4,2452,60,a,4,0,15424,16,172074,172074,172075,,,,172118,172085,172100,16,1:15,172101,172116,16,1:15,172102,172117,16,1:15,,,0,,,,0,,,,0,,,,0,,1,10,15,17,1,,,,
asymmetric,4,2453,60,a,4,16,15552,16,172121,172121,172122,,,,172165,172132,172147,16,1:15,172148,172163,16,1:15,172149,172164,16,1:15,,,0,,,,0,,,,0,,,,0,,1,10,15,17,1,,,,
asymmetric,4,2454,60,a,5,0,15680,16,172168,172168,172169,,,,172212,172179,172194,16,1:15,172195,172210,16,1:15,172196,172211,16,1:15,,,0,,,,0,,,,0,,,,0,,1,10,15,17,1,,,,
asymmetric,4,2455,60,a,5,16,15808,16,172215,172215,172216,,,,172259,172226,172241,16,1:15,172242,172257,16,1:15,172243,172258,16,1:15,,,0,,,,0,,,,0,,,,0,,1,10,15,17,1,,,,
asymmetric,4,2456,60,a,6,0,15936,16,172262,172262,172263,,,,172306,172273,172288,16,1:15,172289,172304,16,1:15,172290,172305,16,1:15,,,0,,,,0,,,,0,,,,0,,1,10,15,17,1,,,,
asymmetric,4,2457,60,a,6,16,16064,16,172309,172309,172310,,,,172353,172320,172335,16,1:15,172336,172351,16,1:15,172337,172352,16,1:15,,,0,,,,0,,,,0,,,,0,,1,10,15,17,1,,,,
asymmetric,4,2458,60,a,7,0,16192,16,172356,172356,172357,,,,172400,172367,172382,16,1:15,172383,172398,16,1:15,172384,172399,16,1:15,,,0,,,,0,,,,0,,,,0,,1,10,15,17,1,,,,
asymmetric,4,2459,60,a,7,16,16320,8,172403,172403,172404,,,,172431,172414,172421,8,1:7,172422,172429,8,1:7,172423,172430,8,1:7,,,0,,,,0,,,,0,,,,0,,1,10,7,9,1,,,,
asymmetric,4,2460,60,a,7,24,16384,8,172434,172434,172435,,,,172462,172445,172452,8,1:7,172453,172460,8,1:7,172454,172461,8,1:7,,,0,,,,0,,,,0,,,,0,,1,10,7,9,1,,,,
asymmetric,4,2461,60,bt,0,0,25024,16,172470,172470,172471,,,,172514,172481,172496,16,1:15,172497,172512,16,1:15,172498,172513,16,1:15,,,0,,,,0,,,,0,,,,0,,1,10,15,17,1,,,,
asymmetric,4,2462,60,bt,0,16,25152,16,172517,172517,172518,,,,172561,172528,172543,16,1:15,172544,172559,16,1:15,172545,172560,16,1:15,,,0,,,,0,,,,0,,,,0,,1,10,15,17,1,,,,
asymmetric,4,2463,60,bt,1,0,25280,16,172564,172564,172565,,,,172608,172575,172590,16,1:15,172591,172606,16,1:15,172592,172607,16,1:15,,,0,,,,0,,,,0,,,,0,,1,10,15,17,1,,,,
asymmetric,4,2464,60,bt,1,16,25408,16,172611,172611,172612,,,,172655,172622,172637,16,1:15,172638,172653,16,1:15,172639,172654,16,1:15,,,0,,,,0,,,,0,,,,0,,1,10,15,17,1,,,,
asymmetric,4,2465,60,bt,2,0,25536,16,172658,172658,172659,,,,172702,172669,172684,16,1:15,172685,172700,16,1:15,172686,172701,16,1:15,,,0,,,,0,,,,0,,,,0,,1,10,15,17,1,,,,
asymmetric,4,2466,60,bt,2,16,25664,16,172705,172705,172706,,,,172749,172716,172731,16,1:15,172732,172747,16,1:15,172733,172748,16,1:15,,,0,,,,0,,,,0,,,,0,,1,10,15,17,1,,,,
asymmetric,4,2467,60,bt,3,0,25792,16,172752,172752,172753,,,,172796,172763,172778,16,1:15,172779,172794,16,1:15,172780,172795,16,1:15,,,0,,,,0,,,,0,,,,0,,1,10,15,17,1,,,,
asymmetric,4,2468,60,bt,3,16,25920,16,172799,172799,172800,,,,172843,172810,172825,16,1:15,172826,172841,16,1:15,172827,172842,16,1:15,,,0,,,,0,,,,0,,,,0,,1,10,15,17,1,,,,
asymmetric,4,2469,60,bt,4,0,26048,16,172846,172846,172847,,,,172890,172857,172872,16,1:15,172873,172888,16,1:15,172874,172889,16,1:15,,,0,,,,0,,,,0,,,,0,,1,10,15,17,1,,,,
asymmetric,4,2470,60,bt,4,16,26176,16,172893,172893,172894,,,,172937,172904,172919,16,1:15,172920,172935,16,1:15,172921,172936,16,1:15,,,0,,,,0,,,,0,,,,0,,1,10,15,17,1,,,,
asymmetric,4,2471,60,bt,5,0,26304,16,172940,172940,172941,,,,172984,172951,172966,16,1:15,172967,172982,16,1:15,172968,172983,16,1:15,,,0,,,,0,,,,0,,,,0,,1,10,15,17,1,,,,
asymmetric,4,2472,60,bt,5,16,26432,16,172987,172987,172988,,,,173031,172998,173013,16,1:15,173014,173029,16,1:15,173015,173030,16,1:15,,,0,,,,0,,,,0,,,,0,,1,10,15,17,1,,,,
asymmetric,4,2473,60,bt,6,0,26560,16,173034,173034,173035,,,,173078,173045,173060,16,1:15,173061,173076,16,1:15,173062,173077,16,1:15,,,0,,,,0,,,,0,,,,0,,1,10,15,17,1,,,,
asymmetric,4,2474,60,bt,6,16,26688,16,173081,173081,173082,,,,173125,173092,173107,16,1:15,173108,173123,16,1:15,173109,173124,16,1:15,,,0,,,,0,,,,0,,,,0,,1,10,15,17,1,,,,
asymmetric,4,2475,60,bt,7,0,26816,16,173128,173128,173129,,,,173172,173139,173154,16,1:15,173155,173170,16,1:15,173156,173171,16,1:15,,,0,,,,0,,,,0,,,,0,,1,10,15,17,1,,,,
asymmetric,4,2476,60,bt,7,16,26944,16,173175,173175,173176,,,,173219,173186,173201,16,1:15,173202,173217,16,1:15,173203,173218,16,1:15,,,0,,,,0,,,,0,,,,0,,1,10,15,17,1,,,,
asymmetric,4,2477,60,c,0,0,47552,4,174309,174309,,174326,174325,174337,174338,,,0,,,,0,,,,0,,174310,174322,4,4:3,174312,174324,4,4:3,174313,174325,4,4:3,174326,174329,4,1:3,,,,,,16,4,8,1
asymmetric,4,2478,60,c,1,0,47808,4,174341,174341,,174358,174357,174369,174370,,,0,,,,0,,,,0,,174342,174354,4,4:3,174344,174356,4,4:3,174345,174357,4,4:3,174358,174361,4,1:3,,,,,,16,4,8,1
asymmetric,4,2479,60,c,2,0,48064,4,174373,174373,,174390,174389,174401,174402,,,0,,,,0,,,,0,,174374,174386,4,4:3,174376,174388,4,4:3,174377,174389,4,4:3,174390,174393,4,1:3,,,,,,16,4,8,1
asymmetric,4,2480,60,c,3,0,48320,4,174405,174405,,174422,174421,174433,174434,,,0,,,,0,,,,0,,174406,174418,4,4:3,174408,174420,4,4:3,174409,174421,4,4:3,174422,174425,4,1:3,,,,,,16,4,8,1
asymmetric,4,2481,60,c,4,0,48576,4,174437,174437,,174454,174453,174465,174466,,,0,,,,0,,,,0,,174438,174450,4,4:3,174440,174452,4,4:3,174441,174453,4,4:3,174454,174457,4,1:3,,,,,,16,4,8,1
asymmetric,4,2482,60,c,5,0,48832,4,174469,174469,,174486,174485,174497,174498,,,0,,,,0,,,,0,,174470,174482,4,4:3,174472,174484,4,4:3,174473,174485,4,4:3,174486,174489,4,1:3,,,,,,16,4,8,1
asymmetric,4,2483,60,c,6,0,49088,4,174501,174501,,174518,174517,174529,174530,,,0,,,,0,,,,0,,174502,174514,4,4:3,174504,174516,4,4:3,174505,174517,4,4:3,174518,174521,4,1:3,,,,,,16,4,8,1
asymmetric,4,2484,60,c,7,0,49344,4,174533,174533,,174550,174549,174561,174562,,,0,,,,0,,,,0,,174534,174546,4,4:3,174536,174548,4,4:3,174537,174549,4,4:3,174550,174553,4,1:3,,,,,,16,4,8,1
asymmetric,4,2485,61,a,0,0,14400,16,174571,174571,174572,,,,174615,174582,174597,16,1:15,174598,174613,16,1:15,174599,174614,16,1:15,,,0,,,,0,,,,0,,,,0,,1,10,15,17,1,,,,
asymmetric,4,2486,61,a,0,16,14528,16,174618,174618,174619,,,,174662,174629,174644,16,1:15,174645,174660,16,1:15,174646,174661,16,1:15,,,0,,,,0,,,,0,,,,0,,1,10,15,17,1,,,,
asymmetric,4,2487,61,a,1,0,14656,16,174665,174665,174666,,,,174709,174676,174691,16,1:15,174692,174707,16,1:15,174693,174708,16,1:15,,,0,,,,0,,,,0,,,,0,,1,10,15,17,1,,,,
asymmetric,4,2488,61,a,1,16,14784,16,174712,174712,174713,,,,174756,174723,174738,16,1:15,174739,174754,16,1:15,174740,174755,16,1:15,,,0,,,,0,,,,0,,,,0,,1,10,15,17,1,,,,
asymmetric,4,2489,61,a,2,0,14912,16,174759,174759,174760,,,,174803,174770,174785,16,1:15,174786,174801,16,1:15,174787,174802,16,1:15,,,0,,,,0,,,,0,,,,0,,1,10,15,17,1,,,,
asymmetric,4,2490,61,a,2,16,15040,16,174806,174806,174807,,,,174850,174817,174832,16,1:15,174833,174848,16,1:15,174834,174849,16,1:15,,,0,,,,0,,,,0,,,,0,,1,10,15,17,1,,,,
asymmetric,4,2491,61,a,3,0,15168,16,174853,174853,174854,,,,174897,174864,174879,16,1:15,174880,174895,16,1:15,174881,174896,16,1:15,,,0,,,,0,,,,0,,,,0,,1,10,15,17,1,,,,
asymmetric,4,2492,61,a,3,16,15296,16,174900,174900,174901,,,,174944,174911,174926,16,1:15,174927,174942,16,1:15,174928,174943,16,1:15,,,0,,,,0,,,,0,,,,0,,1,10,15,17,1,,,,
asymmetric,4,2493,61,a,4,0,15424,16,174947,174947,174948,,,,174991,174958,174973,16,1:15,174974,174989,16,1:15,174975,174990,16,1:15,,,0,,,,0,,,,0,,,,0,,1,10,15,17,1,,,,
asymmetric,4,2494,61,a,4,16,15552,16,174994,174994,174995,,,,175038,175005,175020,16,1:15,175021,175036,16,1:15,175022,175037,16,1:15,,,0,,,,0,,,,0,,,,0,,1,10,15,17,1,,,,
asymmetric,4,2495,61,a,5,0,15680,16,175041,175041,175042,,,,175085,175052,175067,16,1:15,175068,175083,16,1:15,175069,175084,16,1:15,,,0,,,,0,,,,0,,,,0,,1,10,15,17,1,,,,
asymmetric,4,2496,61,a,5,16,15808,16,175088,175088,175089,,,,175132,175099,175114,16,1:15,175115,175130,16,1:15,175116,175131,16,1:15,,,0,,,,0,,,,0,,,,0,,1,10,15,17,1,,,,
asymmetric,4,2497,61,a,6,0,15936,16,175135,175135,175136,,,,175179,175146,175161,16,1:15,175162,175177,16,1:15,175163,175178,16,1:15,,,0,,,,0,,,,0,,,,0,,1,10,15,17,1,,,,
asymmetric,4,2498,61,a,6,16,16064,16,175182,175182,175183,,,,175226,175193,175208,16,1:15,175209,175224,16,1:15,175210,175225,16,1:15,,,0,,,,0,,,,0,,,,0,,1,10,15,17,1,,,,
asymmetric,4,2499,61,a,7,0,16192,16,175229,175229,175230,,,,175273,175240,175255,16,1:15,175256,175271,16,1:15,175257,175272,16,1:15,,,0,,,,0,,,,0,,,,0,,1,10,15,17,1,,,,
asymmetric,4,2500,61,a,7,16,16320,8,175276,175276,175277,,,,175304,175287,175294,8,1:7,175295,175302,8,1:7,175296,175303,8,1:7,,,0,,,,0,,,,0,,,,0,,1,10,7,9,1,,,,
asymmetric,4,2501,61,a,7,24,16384,8,175307,175307,175308,,,,175335,175318,175325,8,1:7,175326,175333,8,1:7,175327,175334,8,1:7,,,0,,,,0,,,,0,,,,0,,1,10,7,9,1,,,,
asymmetric,4,2502,61,bt,0,0,27072,16,175343,175343,175344,,,,175387,175354,175369,16,1:15,175370,175385,16,1:15,175371,175386,16,1:15,,,0,,,,0,,,,0,,,,0,,1,10,15,17,1,,,,
asymmetric,4,2503,61,bt,0,16,27200,16,175390,175390,175391,,,,175434,175401,175416,16,1:15,175417,175432,16,1:15,175418,175433,16,1:15,,,0,,,,0,,,,0,,,,0,,1,10,15,17,1,,,,
asymmetric,4,2504,61,bt,1,0,27328,16,175437,175437,175438,,,,175481,175448,175463,16,1:15,175464,175479,16,1:15,175465,175480,16,1:15,,,0,,,,0,,,,0,,,,0,,1,10,15,17,1,,,,
asymmetric,4,2505,61,bt,1,16,27456,16,175484,175484,175485,,,,175528,175495,175510,16,1:15,175511,175526,16,1:15,175512,175527,16,1:15,,,0,,,,0,,,,0,,,,0,,1,10,15,17,1,,,,
asymmetric,4,2506,61,bt,2,0,27584,16,175531,175531,175532,,,,175575,175542,175557,16,1:15,175558,175573,16,1:15,175559,175574,16,1:15,,,0,,,,0,,,,0,,,,0,,1,10,15,17,1,,,,
asymmetric,4,2507,61,bt,2,16,27712,16,175578,175578,175579,,,,175622,175589,175604,16,1:15,175605,175620,16,1:15,175606,175621,16,1:15,,,0,,,,0,,,,0,,,,0,,1,10,15,17,1,,,,
asymmetric,4,2508,61,bt,3,0,27840,16,175625,175625,175626,,,,175669,175636,175651,16,1:15,175652,175667,16,1:15,175653,175668,16,1:15,,,0,,,,0,,,,0,,,,0,,1,10,15,17,1,,,,
asymmetric,4,2509,61,bt,3,16,27968,16,175672,175672,175673,,,,175716,175683,175698,16,1:15,175699,175714,16,1:15,175700,175715,16,1:15,,,0,,,,0,,,,0,,,,0,,1,10,15,17,1,,,,
asymmetric,4,2510,61,bt,4,0,28096,16,175719,175719,175720,,,,175763,175730,175745,16,1:15,175746,175761,16,1:15,175747,175762,16,1:15,,,0,,,,0,,,,0,,,,0,,1,10,15,17,1,,,,
asymmetric,4,2511,61,bt,4,16,28224,16,175766,175766,175767,,,,175810,175777,175792,16,1:15,175793,175808,16,1:15,175794,175809,16,1:15,,,0,,,,0,,,,0,,,,0,,1,10,15,17,1,,,,
asymmetric,4,2512,61,bt,5,0,28352,16,175813,175813,175814,,,,175857,175824,175839,16,1:15,175840,175855,16,1:15,175841,175856,16,1:15,,,0,,,,0,,,,0,,,,0,,1,10,15,17,1,,,,
asymmetric,4,2513,61,bt,5,16,28480,16,175860,175860,175861,,,,175904,175871,175886,16,1:15,175887,175902,16,1:15,175888,175903,16,1:15,,,0,,,,0,,,,0,,,,0,,1,10,15,17,1,,,,
asymmetric,4,2514,61,bt,6,0,28608,8,175907,175907,175908,,,,175935,175918,175925,8,1:7,175926,175933,8,1:7,175927,175934,8,1:7,,,0,,,,0,,,,0,,,,0,,1,10,7,9,1,,,,
asymmetric,4,2515,61,bt,6,8,28672,16,175938,175938,175939,,,,175982,175949,175964,16,1:15,175965,175980,16,1:15,175966,175981,16,1:15,,,0,,,,0,,,,0,,,,0,,1,10,15,17,1,,,,
asymmetric,4,2516,61,bt,6,24,28800,8,175985,175985,175986,,,,176013,175996,176003,8,1:7,176004,176011,8,1:7,176005,176012,8,1:7,,,0,,,,0,,,,0,,,,0,,1,10,7,9,1,,,,
asymmetric,4,2517,61,bt,7,0,28864,16,176016,176016,176017,,,,176060,176027,176042,16,1:15,176043,176058,16,1:15,176044,176059,16,1:15,,,0,,,,0,,,,0,,,,0,,1,10,15,17,1,,,,
asymmetric,4,2518,61,bt,7,16,28992,16,176063,176063,176064,,,,176107,176074,176089,16,1:15,176090,176105,16,1:15,176091,176106,16,1:15,,,0,,,,0,,,,0,,,,0,,1,10,15,17,1,,,,
asymmetric,4,2519,61,c,0,0,47584,4,177197,177197,,177214,177213,177225,177226,,,0,,,,0,,,,0,,177198,177210,4,4:3,177200,177212,4,4:3,177201,177213,4,4:3,177214,177217,4,1:3,,,,,,16,4,8,1
asymmetric,4,2520,61,c,1,0,47840,4,177229,177229,,177246,177245,177257,177258,,,0,,,,0,,,,0,,177230,177242,4,4:3,177232,177244,4,4:3,177233,177245,4,4:3,177246,177249,4,1:3,,,,,,16,4,8,1
asymmetric,4,2521,61,c,2,0,48096,4,177261,177261,,177278,177277,177289,177290,,,0,,,,0,,,,0,,177262,177274,4,4:3,177264,177276,4,4:3,177265,177277,4,4:3,177278,177281,4,1:3,,,,,,16,4,8,1
asymmetric,4,2522,61,c,3,0,48352,4,177293,177293,,177310,177309,177321,177322,,,0,,,,0,,,,0,,177294,177306,4,4:3,177296,177308,4,4:3,177297,177309,4,4:3,177310,177313,4,1:3,,,,,,16,4,8,1
asymmetric,4,2523,61,c,4,0,48608,4,177325,177325,,177342,177341,177353,177354,,,0,,,,0,,,,0,,177326,177338,4,4:3,177328,177340,4,4:3,177329,177341,4,4:3,177342,177345,4,1:3,,,,,,16,4,8,1
asymmetric,4,2524,61,c,5,0,48864,4,177357,177357,,177374,177373,177385,177386,,,0,,,,0,,,,0,,177358,177370,4,4:3,177360,177372,4,4:3,177361,177373,4,4:3,177374,177377,4,1:3,,,,,,16,4,8,1
asymmetric,4,2525,61,c,6,0,49120,4,177389,177389,,177406,177405,177417,177418,,,0,,,,0,,,,0,,177390,177402,4,4:3,177392,177404,4,4:3,177393,177405,4,4:3,177406,177409,4,1:3,,,,,,16,4,8,1
asymmetric,4,2526,61,c,7,0,49376,4,177421,177421,,177438,177437,177449,177450,,,0,,,,0,,,,0,,177422,177434,4,4:3,177424,177436,4,4:3,177425,177437,4,4:3,177438,177441,4,1:3,,,,,,16,4,8,1
asymmetric,4,2527,62,a,0,0,14400,16,177459,177459,177460,,,,177503,177470,177485,16,1:15,177486,177501,16,1:15,177487,177502,16,1:15,,,0,,,,0,,,,0,,,,0,,1,10,15,17,1,,,,
asymmetric,4,2528,62,a,0,16,14528,16,177506,177506,177507,,,,177550,177517,177532,16,1:15,177533,177548,16,1:15,177534,177549,16,1:15,,,0,,,,0,,,,0,,,,0,,1,10,15,17,1,,,,
asymmetric,4,2529,62,a,1,0,14656,16,177553,177553,177554,,,,177597,177564,177579,16,1:15,177580,177595,16,1:15,177581,177596,16,1:15,,,0,,,,0,,,,0,,,,0,,1,10,15,17,1,,,,
asymmetric,4,2530,62,a,1,16,14784,16,177600,177600,177601,,,,177644,177611,177626,16,1:15,177627,177642,16,1:15,177628,177643,16,1:15,,,0,,,,0,,,,0,,,,0,,1,10,15,17,1,,,,
asymmetric,4,2531,62,a,2,0,14912,16,177647,177647,177648,,,,177691,177658,177673,16,1:15,177674,177689,16,1:15,177675,177690,16,1:15,,,0,,,,0,,,,0,,,,0,,1,10,15,17,1,,,,
asymmetric,4,2532,62,a,2,16,15040,16,177694,177694,177695,,,,177738,177705,177720,16,1:15,177721,177736,16,1:15,177722,177737,16,1:15,,,0,,,,0,,,,0,,,,0,,1,10,15,17,1,,,,
asymmetric,4,2533,62,a,3,0,15168,16,177741,177741,177742,,,,177785,177752,177767,16,1:15,177768,177783,16,1:15,177769,177784,16,1:15,,,0,,,,0,,,,0,,,,0,,1,10,15,17,1,,,,
asymmetric,4,2534,62,a,3,16,15296,16,177788,177788,177789,,,,177832,177799,177814,16,1:15,177815,177830,16,1:15,177816,177831,16,1:15,,,0,,,,0,,,,0,,,,0,,1,10,15,17,1,,,,
asymmetric,4,2535,62,a,4,0,15424,16,177835,177835,177836,,,,177879,177846,177861,16,1:15,177862,177877,16,1:15,177863,177878,16,1:15,,,0,,,,0,,,,0,,,,0,,1,10,15,17,1,,,,
asymmetric,4,2536,62,a,4,16,15552,16,177882,177882,177883,,,,177926,177893,177908,16,1:15,177909,177924,16,1:15,177910,177925,16,1:15,,,0,,,,0,,,,0,,,,0,,1,10,15,17,1,,,,
asymmetric,4,2537,62,a,5,0,15680,16,177929,177929,177930,,,,177973,177940,177955,16,1:15,177956,177971,16,1:15,177957,177972,16,1:15,,,0,,,,0,,,,0,,,,0,,1,10,15,17,1,,,,
asymmetric,4,2538,62,a,5,16,15808,16,177976,177976,177977,,,,178020,177987,178002,16,1:15,178003,178018,16,1:15,178004,178019,16,1:15,,,0,,,,0,,,,0,,,,0,,1,10,15,17,1,,,,
asymmetric,4,2539,62,a,6,0,15936,16,178023,178023,178024,,,,178067,178034,178049,16,1:15,178050,178065,16,1:15,178051,178066,16,1:15,,,0,,,,0,,,,0,,,,0,,1,10,15,17,1,,,,
asymmetric,4,2540,62,a,6,16,16064,16,178070,178070,178071,,,,178114,178081,178096,16,1:15,178097,178112,16,1:15,178098,178113,16,1:15,,,0,,,,0,,,,0,,,,0,,1,10,15,17,1,,,,
asymmetric,4,2541,62,a,7,0,16192,16,178117,178117,178118,,,,178161,178128,178143,16,1:15,178144,178159,16,1:15,178145,178160,16,1:15,,,0,,,,0,,,,0,,,,0,,1,10,15,17,1,,,,
asymmetric,4,2542,62,a,7,16,16320,8,178164,178164,178165,,,,178192,178175,178182,8,1:7,178183,178190,8,1:7,178184,178191,8,1:7,,,0,,,,0,,,,0,,,,0,,1,10,7,9,1,,,,
asymmetric,4,2543,62,a,7,24,16384,8,178195,178195,178196,,,,178223,178206,178213,8,1:7,178214,178221,8,1:7,178215,178222,8,1:7,,,0,,,,0,,,,0,,,,0,,1,10,7,9,1,,,,
asymmetric,4,2544,62,bt,0,0,29120,16,178231,178231,178232,,,,178275,178242,178257,16,1:15,178258,178273,16,1:15,178259,178274,16,1:15,,,0,,,,0,,,,0,,,,0,,1,10,15,17,1,,,,
asymmetric,4,2545,62,bt,0,16,29248,16,178278,178278,178279,,,,178322,178289,178304,16,1:15,178305,178320,16,1:15,178306,178321,16,1:15,,,0,,,,0,,,,0,,,,0,,1,10,15,17,1,,,,
asymmetric,4,2546,62,bt,1,0,29376,16,178325,178325,178326,,,,178369,178336,178351,16,1:15,178352,178367,16,1:15,178353,178368,16,1:15,,,0,,,,0,,,,0,,,,0,,1,10,15,17,1,,,,
asymmetric,4,2547,62,bt,1,16,29504,16,178372,178372,178373,,,,178416,178383,178398,16,1:15,178399,178414,16,1:15,178400,178415,16,1:15,,,0,,,,0,,,,0,,,,0,,1,10,15,17,1,,,,
asymmetric,4,2548,62,bt,2,0,29632,16,178419,178419,178420,,,,178463,178430,178445,16,1:15,178446,178461,16,1:15,178447,178462,16,1:15,,,0,,,,0,,,,0,,,,0,,1,10,15,17,1,,,,
asymmetric,4,2549,62,bt,2,16,29760,16,178466,178466,178467,,,,178510,178477,178492,16,1:15,178493,178508,16,1:15,178494,178509,16,1:15,,,0,,,,0,,,,0,,,,0,,1,10,15,17,1,,,,
asymmetric,4,2550,62,bt,3,0,29888,16,178513,178513,178514,,,,178557,178524,178539,16,1:15,178540,178555,16,1:15,178541,178556,16,1:15,,,0,,,,0,,,,0,,,,0,,1,10,15,17,1,,,,
asymmetric,4,2551,62,bt,3,16,30016,16,178560,178560,178561,,,,178604,178571,178586,16,1:15,178587,178602,16,1:15,178588,178603,16,1:15,,,0,,,,0,,,,0,,,,0,,1,10,15,17,1,,,,
asymmetric,4,2552,62,bt,4,0,30144,16,178607,178607,178608,,,,178651,178618,178633,16,1:15,178634,178649,16,1:15,178635,178650,16,1:15,,,0,,,,0,,,,0,,,,0,,1,10,15,17,1,,,,
asymmetric,4,2553,62,bt,4,16,30272,16,178654,178654,178655,,,,178698,178665,178680,16,1:15,178681,178696,16,1:15,178682,178697,16,1:15,,,0,,,,0,,,,0,,,,0,,1,10,15,17,1,,,,
asymmetric,4,2554,62,bt,5,0,30400,16,178701,178701,178702,,,,178745,178712,178727,16,1:15,178728,178743,16,1:15,178729,178744,16,1:15,,,0,,,,0,,,,0,,,,0,,1,10,15,17,1,,,,
asymmetric,4,2555,62,bt,5,16,30528,16,178748,178748,178749,,,,178792,178759,178774,16,1:15,178775,178790,16,1:15,178776,178791,16,1:15,,,0,,,,0,,,,0,,,,0,,1,10,15,17,1,,,,
asymmetric,4,2556,62,bt,6,0,30656,16,178795,178795,178796,,,,178839,178806,178821,16,1:15,178822,178837,16,1:15,178823,178838,16,1:15,,,0,,,,0,,,,0,,,,0,,1,10,15,17,1,,,,
asymmetric,4,2557,62,bt,6,16,30784,16,178842,178842,178843,,,,178886,178853,178868,16,1:15,178869,178884,16,1:15,178870,178885,16,1:15,,,0,,,,0,,,,0,,,,0,,1,10,15,17,1,,,,
asymmetric,4,2558,62,bt,7,0,30912,16,178889,178889,178890,,,,178933,178900,178915,16,1:15,178916,178931,16,1:15,178917,178932,16,1:15,,,0,,,,0,,,,0,,,,0,,1,10,15,17,1,,,,
asymmetric,4,2559,62,bt,7,16,31040,16,178936,178936,178937,,,,178980,178947,178962,16,1:15,178963,178978,16,1:15,178964,178979,16,1:15,,,0,,,,0,,,,0,,,,0,,1,10,15,17,1,,,,
asymmetric,4,2560,62,c,0,0,47616,4,180070,180070,,180087,180086,180098,180099,,,0,,,,0,,,,0,,180071,180083,4,4:3,180073,180085,4,4:3,180074,180086,4,4:3,180087,180090,4,1:3,,,,,,16,4,8,1
asymmetric,4,2561,62,c,1,0,47872,4,180102,180102,,180119,180118,180130,180131,,,0,,,,0,,,,0,,180103,180115,4,4:3,180105,180117,4,4:3,180106,180118,4,4:3,180119,180122,4,1:3,,,,,,16,4,8,1
asymmetric,4,2562,62,c,2,0,48128,4,180134,180134,,180151,180150,180162,180163,,,0,,,,0,,,,0,,180135,180147,4,4:3,180137,180149,4,4:3,180138,180150,4,4:3,180151,180154,4,1:3,,,,,,16,4,8,1
asymmetric,4,2563,62,c,3,0,48384,4,180166,180166,,180183,180182,180194,180195,,,0,,,,0,,,,0,,180167,180179,4,4:3,180169,180181,4,4:3,180170,180182,4,4:3,180183,180186,4,1:3,,,,,,16,4,8,1
asymmetric,4,2564,62,c,4,0,48640,4,180198,180198,,180215,180214,180226,180227,,,0,,,,0,,,,0,,180199,180211,4,4:3,180201,180213,4,4:3,180202,180214,4,4:3,180215,180218,4,1:3,,,,,,16,4,8,1
asymmetric,4,2565,62,c,5,0,48896,4,180230,180230,,180247,180246,180258,180259,,,0,,,,0,,,,0,,180231,180243,4,4:3,180233,180245,4,4:3,180234,180246,4,4:3,180247,180250,4,1:3,,,,,,16,4,8,1
asymmetric,4,2566,62,c,6,0,49152,4,180262,180262,,180279,180278,180290,180291,,,0,,,,0,,,,0,,180263,180275,4,4:3,180265,180277,4,4:3,180266,180278,4,4:3,180279,180282,4,1:3,,,,,,16,4,8,1
asymmetric,4,2567,62,c,7,0,49408,4,180294,180294,,180311,180310,180322,180323,,,0,,,,0,,,,0,,180295,180307,4,4:3,180297,180309,4,4:3,180298,180310,4,4:3,180311,180314,4,1:3,,,,,,16,4,8,1
asymmetric,4,2568,63,a,0,0,14400,16,180332,180332,180333,,,,180376,180343,180358,16,1:15,180359,180374,16,1:15,180360,180375,16,1:15,,,0,,,,0,,,,0,,,,0,,1,10,15,17,1,,,,
asymmetric,4,2569,63,a,0,16,14528,16,180379,180379,180380,,,,180423,180390,180405,16,1:15,180406,180421,16,1:15,180407,180422,16,1:15,,,0,,,,0,,,,0,,,,0,,1,10,15,17,1,,,,
asymmetric,4,2570,63,a,1,0,14656,16,180426,180426,180427,,,,180470,180437,180452,16,1:15,180453,180468,16,1:15,180454,180469,16,1:15,,,0,,,,0,,,,0,,,,0,,1,10,15,17,1,,,,
asymmetric,4,2571,63,a,1,16,14784,16,180473,180473,180474,,,,180517,180484,180499,16,1:15,180500,180515,16,1:15,180501,180516,16,1:15,,,0,,,,0,,,,0,,,,0,,1,10,15,17,1,,,,
asymmetric,4,2572,63,a,2,0,14912,16,180520,180520,180521,,,,180564,180531,180546,16,1:15,180547,180562,16,1:15,180548,180563,16,1:15,,,0,,,,0,,,,0,,,,0,,1,10,15,17,1,,,,
asymmetric,4,2573,63,a,2,16,15040,16,180567,180567,180568,,,,180611,180578,180593,16,1:15,180594,180609,16,1:15,180595,180610,16,1:15,,,0,,,,0,,,,0,,,,0,,1,10,15,17,1,,,,
asymmetric,4,2574,63,a,3,0,15168,16,180614,180614,180615,,,,180658,180625,180640,16,1:15,180641,180656,16,1:15,180642,180657,16,1:15,,,0,,,,0,,,,0,,,,0,,1,10,15,17,1,,,,
asymmetric,4,2575,63,a,3,16,15296,16,180661,180661,180662,,,,180705,180672,180687,16,1:15,180688,180703,16,1:15,180689,180704,16,1:15,,,0,,,,0,,,,0,,,,0,,1,10,15,17,1,,,,
asymmetric,4,2576,63,a,4,0,15424,16,180708,180708,180709,,,,180752,180719,180734,16,1:15,180735,180750,16,1:15,180736,180751,16,1:15,,,0,,,,0,,,,0,,,,0,,1,10,15,17,1,,,,
asymmetric,4,2577,63,a,4,16,15552,16,180755,180755,180756,,,,180799,180766,180781,16,1:15,180782,180797,16,1:15,180783,180798,16,1:15,,,0,,,,0,,,,0,,,,0,,1,10,15,17,1,,,,
asymmetric,4,2578,63,a,5,0,15680,16,180802,180802,180803,,,,180846,180813,180828,16,1:15,180829,180844,16,1:15,180830,180845,16,1:15,,,0,,,,0,,,,0,,,,0,,1,10,15,17,1,,,,
asymmetric,4,2579,63,a,5,16,15808,16,180849,180849,180850,,,,180893,180860,180875,16,1:15,180876,180891,16,1:15,180877,180892,16,1:15,,,0,,,,0,,,,0,,,,0,,1,10,15,17,1,,,,
asymmetric,4,2580,63,a,6,0,15936,16,180896,180896,180897,,,,180940,180907,180922,16,1:15,180923,180938,16,1:15,180924,180939,16,1:15,,,0,,,,0,,,,0,,,,0,,1,10,15,17,1,,,,
asymmetric,4,2581,63,a,6,16,16064,16,180943,180943,180944,,,,180987,180954,180969,16,1:15,180970,180985,16,1:15,180971,180986,16,1:15,,,0,,,,0,,,,0,,,,0,,1,10,15,17,1,,,,
asymmetric,4,2582,63,a,7,0,16192,16,180990,180990,180991,,,,181034,181001,181016,16,1:15,181017,181032,16,1:15,181018,181033,16,1:15,,,0,,,,0,,,,0,,,,0,,1,10,15,17,1,,,,
asymmetric,4,2583,63,a,7,16,16320,8,181037,181037,181038,,,,181065,181048,181055,8,1:7,181056,181063,8,1:7,181057,181064,8,1:7,,,0,,,,0,,,,0,,,,0,,1,10,7,9,1,,,,
asymmetric,4,2584,63,a,7,24,16384,8,181068,181068,181069,,,,181096,181079,181086,8,1:7,181087,181094,8,1:7,181088,181095,8,1:7,,,0,,,,0,,,,0,,,,0,,1,10,7,9,1,,,,
asymmetric,4,2585,63,bt,0,0,31168,16,181104,181104,181105,,,,181148,181115,181130,16,1:15,181131,181146,16,1:15,181132,181147,16,1:15,,,0,,,,0,,,,0,,,,0,,1,10,15,17,1,,,,
asymmetric,4,2586,63,bt,0,16,31296,16,181151,181151,181152,,,,181195,181162,181177,16,1:15,181178,181193,16,1:15,181179,181194,16,1:15,,,0,,,,0,,,,0,,,,0,,1,10,15,17,1,,,,
asymmetric,4,2587,63,bt,1,0,31424,16,181198,181198,181199,,,,181242,181209,181224,16,1:15,181225,181240,16,1:15,181226,181241,16,1:15,,,0,,,,0,,,,0,,,,0,,1,10,15,17,1,,,,
asymmetric,4,2588,63,bt,1,16,31552,16,181245,181245,181246,,,,181289,181256,181271,16,1:15,181272,181287,16,1:15,181273,181288,16,1:15,,,0,,,,0,,,,0,,,,0,,1,10,15,17,1,,,,
asymmetric,4,2589,63,bt,2,0,31680,16,181292,181292,181293,,,,181336,181303,181318,16,1:15,181319,181334,16,1:15,181320,181335,16,1:15,,,0,,,,0,,,,0,,,,0,,1,10,15,17,1,,,,
asymmetric,4,2590,63,bt,2,16,31808,16,181339,181339,181340,,,,181383,181350,181365,16,1:15,181366,181381,16,1:15,181367,181382,16,1:15,,,0,,,,0,,,,0,,,,0,,1,10,15,17,1,,,,
asymmetric,4,2591,63,bt,3,0,31936,16,181386,181386,181387,,,,181430,181397,181412,16,1:15,181413,181428,16,1:15,181414,181429,16,1:15,,,0,,,,0,,,,0,,,,0,,1,10,15,17,1,,,,
asymmetric,4,2592,63,bt,3,16,32064,16,181433,181433,181434,,,,181477,181444,181459,16,1:15,181460,181475,16,1:15,181461,181476,16,1:15,,,0,,,,0,,,,0,,,,0,,1,10,15,17,1,,,,
asymmetric,4,2593,63,bt,4,0,32192,16,181480,181480,181481,,,,181524,181491,181506,16,1:15,181507,181522,16,1:15,181508,181523,16,1:15,,,0,,,,0,,,,0,,,,0,,1,10,15,17,1,,,,
asymmetric,4,2594,63,bt,4,16,32320,16,181527,181527,181528,,,,181571,181538,181553,16,1:15,181554,181569,16,1:15,181555,181570,16,1:15,,,0,,,,0,,,,0,,,,0,,1,10,15,17,1,,,,
asymmetric,4,2595,63,bt,5,0,32448,16,181574,181574,181575,,,,181618,181585,181600,16,1:15,181601,181616,16,1:15,181602,181617,16,1:15,,,0,,,,0,,,,0,,,,0,,1,10,15,17,1,,,,
asymmetric,4,2596,63,bt,5,16,32576,16,181621,181621,181622,,,,181665,181632,181647,16,1:15,181648,181663,16,1:15,181649,181664,16,1:15,,,0,,,,0,,,,0,,,,0,,1,10,15,17,1,,,,
asymmetric,4,2597,63,bt,6,0,32704,8,181668,181668,181669,,,,181696,181679,181686,8,1:7,181687,181694,8,1:7,181688,181695,8,1:7,,,0,,,,0,,,,0,,,,0,,1,10,7,9,1,,,,
asymmetric,4,2598,63,bt,6,8,32768,16,181699,181699,181700,,,,181743,181710,181725,16,1:15,181726,181741,16,1:15,181727,181742,16,1:15,,,0,,,,0,,,,0,,,,0,,1,10,15,17,1,,,,
asymmetric,4,2599,63,bt,6,24,32896,8,181746,181746,181747,,,,181774,181757,181764,8,1:7,181765,181772,8,1:7,181766,181773,8,1:7,,,0,,,,0,,,,0,,,,0,,1,10,7,9,1,,,,
asymmetric,4,2600,63,c,0,0,47648,4,182864,182864,,182881,182880,182892,182893,,,0,,,,0,,,,0,,182865,182877,4,4:3,182867,182879,4,4:3,182868,182880,4,4:3,182881,182884,4,1:3,,,,,,16,4,8,1
asymmetric,4,2601,63,c,1,0,47904,4,182896,182896,,182913,182912,182924,182925,,,0,,,,0,,,,0,,182897,182909,4,4:3,182899,182911,4,4:3,182900,182912,4,4:3,182913,182916,4,1:3,,,,,,16,4,8,1
asymmetric,4,2602,63,c,2,0,48160,4,182928,182928,,182945,182944,182956,182957,,,0,,,,0,,,,0,,182929,182941,4,4:3,182931,182943,4,4:3,182932,182944,4,4:3,182945,182948,4,1:3,,,,,,16,4,8,1
asymmetric,4,2603,63,c,3,0,48416,4,182960,182960,,182977,182976,182988,182989,,,0,,,,0,,,,0,,182961,182973,4,4:3,182963,182975,4,4:3,182964,182976,4,4:3,182977,182980,4,1:3,,,,,,16,4,8,1
asymmetric,4,2604,63,c,4,0,48672,4,182992,182992,,183009,183008,183020,183021,,,0,,,,0,,,,0,,182993,183005,4,4:3,182995,183007,4,4:3,182996,183008,4,4:3,183009,183012,4,1:3,,,,,,16,4,8,1
asymmetric,4,2605,63,c,5,0,48928,4,183024,183024,,183041,183040,183052,183053,,,0,,,,0,,,,0,,183025,183037,4,4:3,183027,183039,4,4:3,183028,183040,4,4:3,183041,183044,4,1:3,,,,,,16,4,8,1
asymmetric,4,2606,63,c,6,0,49184,4,183056,183056,,183073,183072,183084,183085,,,0,,,,0,,,,0,,183057,183069,4,4:3,183059,183071,4,4:3,183060,183072,4,4:3,183073,183076,4,1:3,,,,,,16,4,8,1
asymmetric,4,2607,63,c,7,0,49440,4,183088,183088,,183105,183104,183116,183117,,,0,,,,0,,,,0,,183089,183101,4,4:3,183091,183103,4,4:3,183092,183104,4,4:3,183105,183108,4,1:3,,,,,,16,4,8,1
asymmetric,4,2608,64,a,0,0,16448,16,183126,183126,183127,,,,183170,183137,183152,16,1:15,183153,183168,16,1:15,183154,183169,16,1:15,,,0,,,,0,,,,0,,,,0,,1,10,15,17,1,,,,
asymmetric,4,2609,64,a,0,16,16576,16,183173,183173,183174,,,,183217,183184,183199,16,1:15,183200,183215,16,1:15,183201,183216,16,1:15,,,0,,,,0,,,,0,,,,0,,1,10,15,17,1,,,,
asymmetric,4,2610,64,bt,0,0,16832,16,183225,183225,183226,,,,183269,183236,183251,16,1:15,183252,183267,16,1:15,183253,183268,16,1:15,,,0,,,,0,,,,0,,,,0,,1,10,15,17,1,,,,
asymmetric,4,2611,64,bt,0,16,16960,16,183272,183272,183273,,,,183316,183283,183298,16,1:15,183299,183314,16,1:15,183300,183315,16,1:15,,,0,,,,0,,,,0,,,,0,,1,10,15,17,1,,,,
asymmetric,4,2612,64,bt,1,0,17088,16,183319,183319,183320,,,,183363,183330,183345,16,1:15,183346,183361,16,1:15,183347,183362,16,1:15,,,0,,,,0,,,,0,,,,0,,1,10,15,17,1,,,,
asymmetric,4,2613,64,bt,1,16,17216,16,183366,183366,183367,,,,183410,183377,183392,16,1:15,183393,183408,16,1:15,183394,183409,16,1:15,,,0,,,,0,,,,0,,,,0,,1,10,15,17,1,,,,
asymmetric,4,2614,64,bt,2,0,17344,16,183413,183413,183414,,,,183457,183424,183439,16,1:15,183440,183455,16,1:15,183441,183456,16,1:15,,,0,,,,0,,,,0,,,,0,,1,10,15,17,1,,,,
asymmetric,4,2615,64,bt,2,16,17472,16,183460,183460,183461,,,,183504,183471,183486,16,1:15,183487,183502,16,1:15,183488,183503,16,1:15,,,0,,,,0,,,,0,,,,0,,1,10,15,17,1,,,,
asymmetric,4,2616,64,bt,3,0,17600,16,183507,183507,183508,,,,183551,183518,183533,16,1:15,183534,183549,16,1:15,183535,183550,16,1:15,,,0,,,,0,,,,0,,,,0,,1,10,15,17,1,,,,
asymmetric,4,2617,64,bt,3,16,17728,16,183554,183554,183555,,,,183598,183565,183580,16,1:15,183581,183596,16,1:15,183582,183597,16,1:15,,,0,,,,0,,,,0,,,,0,,1,10,15,17,1,,,,
asymmetric,4,2618,64,bt,4,0,17856,16,183601,183601,183602,,,,183645,183612,183627,16,1:15,183628,183643,16,1:15,183629,183644,16,1:15,,,0,,,,0,,,,0,,,,0,,1,10,15,17,1,,,,
asymmetric,4,2619,64,bt,4,16,17984,16,183648,183648,183649,,,,183692,183659,183674,16,1:15,183675,183690,16,1:15,183676,183691,16,1:15,,,0,,,,0,,,,0,,,,0,,1,10,15,17,1,,,,
asymmetric,4,2620,64,bt,5,0,18112,16,183695,183695,183696,,,,183739,183706,183721,16,1:15,183722,183737,16,1:15,183723,183738,16,1:15,,,0,,,,0,,,,0,,,,0,,1,10,15,17,1,,,,
asymmetric,4,2621,64,bt,5,16,18240,16,183742,183742,183743,,,,183786,183753,183768,16,1:15,183769,183784,16,1:15,183770,183785,16,1:15,,,0,,,,0,,,,0,,,,0,,1,10,15,17,1,,,,
asymmetric,4,2622,64,bt,6,0,18368,16,183789,183789,183790,,,,183833,183800,183815,16,1:15,183816,183831,16,1:15,183817,183832,16,1:15,,,0,,,,0,,,,0,,,,0,,1,10,15,17,1,,,,
asymmetric,4,2623,64,bt,6,16,18496,16,183836,183836,183837,,,,183880,183847,183862,16,1:15,183863,183878,16,1:15,183864,183879,16,1:15,,,0,,,,0,,,,0,,,,0,,1,10,15,17,1,,,,
asymmetric,4,2624,64,bt,7,0,18624,16,183883,183883,183884,,,,183927,183894,183909,16,1:15,183910,183925,16,1:15,183911,183926,16,1:15,,,0,,,,0,,,,0,,,,0,,1,10,15,17,1,,,,
asymmetric,4,2625,64,bt,7,16,18752,16,183930,183930,183931,,,,183974,183941,183956,16,1:15,183957,183972,16,1:15,183958,183973,16,1:15,,,0,,,,0,,,,0,,,,0,,1,10,15,17,1,,,,
asymmetric,4,2626,64,c,0,0,49472,4,184524,184524,,184541,184540,184552,184553,,,0,,,,0,,,,0,,184525,184537,4,4:3,184527,184539,4,4:3,184528,184540,4,4:3,184541,184544,4,1:3,,,,,,16,4,8,1
asymmetric,4,2627,65,a,0,0,16448,16,184562,184562,184563,,,,184606,184573,184588,16,1:15,184589,184604,16,1:15,184590,184605,16,1:15,,,0,,,,0,,,,0,,,,0,,1,10,15,17,1,,,,
asymmetric,4,2628,65,a,0,16,16576,16,184609,184609,184610,,,,184653,184620,184635,16,1:15,184636,184651,16,1:15,184637,184652,16,1:15,,,0,,,,0,,,,0,,,,0,,1,10,15,17,1,,,,
asymmetric,4,2629,65,bt,0,0,18880,16,184661,184661,184662,,,,184705,184672,184687,16,1:15,184688,184703,16,1:15,184689,184704,16,1:15,,,0,,,,0,,,,0,,,,0,,1,10,15,17,1,,,,
asymmetric,4,2630,65,bt,0,16,19008,16,184708,184708,184709,,,,184752,184719,184734,16,1:15,184735,184750,16,1:15,184736,184751,16,1:15,,,0,,,,0,,,,0,,,,0,,1,10,15,17,1,,,,
asymmetric,4,2631,65,bt,1,0,19136,16,184755,184755,184756,,,,184799,184766,184781,16,1:15,184782,184797,16,1:15,184783,184798,16,1:15,,,0,,,,0,,,,0,,,,0,,1,10,15,17,1,,,,
asymmetric,4,2632,65,bt,1,16,19264,16,184802,184802,184803,,,,184846,184813,184828,16,1:15,184829,184844,16,1:15,184830,184845,16,1:15,,,0,,,,0,,,,0,,,,0,,1,10,15,17,1,,,,
asymmetric,4,2633,65,bt,2,0,19392,16,184849,184849,184850,,,,184893,184860,184875,16,1:15,184876,184891,16,1:15,184877,184892,16,1:15,,,0,,,,0,,,,0,,,,0,,1,10,15,17,1,,,,
asymmetric,4,2634,65,bt,2,16,19520,16,184896,184896,184897,,,,184940,184907,184922,16,1:15,184923,184938,16,1:15,184924,184939,16,1:15,,,0,,,,0,,,,0,,,,0,,1,10,15,17,1,,,,
asymmetric,4,2635,65,bt,3,0,19648,16,184943,184943,184944,,,,184987,184954,184969,16,1:15,184970,184985,16,1:15,184971,184986,16,1:15,,,0,,,,0,,,,0,,,,0,,1,10,15,17,1,,,,
asymmetric,4,2636,65,bt,3,16,19776,16,184990,184990,184991,,,,185034,185001,185016,16,1:15,185017,185032,16,1:15,185018,185033,16,1:15,,,0,,,,0,,,,0,,,,0,,1,10,15,17,1,,,,
asymmetric,4,2637,65,bt,4,0,19904,16,185037,185037,185038,,,,185081,185048,185063,16,1:15,185064,185079,16,1:15,185065,185080,16,1:15,,,0,,,,0,,,,0,,,,0,,1,10,15,17,1,,,,
asymmetric,4,2638,65,bt,4,16,20032,16,185084,185084,185085,,,,185128,185095,185110,16,1:15,185111,185126,16,1:15,185112,185127,16,1:15,,,0,,,,0,,,,0,,,,0,,1,10,15,17,1,,,,
asymmetric,4,2639,65,bt,5,0,20160,16,185131,185131,185132,,,,185175,185142,185157,16,1:15,185158,185173,16,1:15,185159,185174,16,1:15,,,0,,,,0,,,,0,,,,0,,1,10,15,17,1,,,,
asymmetric,4,2640,65,bt,5,16,20288,16,185178,185178,185179,,,,185222,185189,185204,16,1:15,185205,185220,16,1:15,185206,185221,16,1:15,,,0,,,,0,,,,0,,,,0,,1,10,15,17,1,,,,
asymmetric,4,2641,65,bt,6,0,20416,8,185225,185225,185226,,,,185253,185236,185243,8,1:7,185244,185251,8,1:7,185245,185252,8,1:7,,,0,,,,0,,,,0,,,,0,,1,10,7,9,1,,,,
asymmetric,4,2642,65,bt,6,8,20480,16,185256,185256,185257,,,,185300,185267,185282,16,1:15,185283,185298,16,1:15,185284,185299,16,1:15,,,0,,,,0,,,,0,,,,0,,1,10,15,17,1,,,,
asymmetric,4,2643,65,bt,6,24,20608,8,185303,185303,185304,,,,185331,185314,185321,8,1:7,185322,185329,8,1:7,185323,185330,8,1:7,,,0,,,,0,,,,0,,,,0,,1,10,7,9,1,,,,
asymmetric,4,2644,65,bt,7,0,20672,16,185334,185334,185335,,,,185378,185345,185360,16,1:15,185361,185376,16,1:15,185362,185377,16,1:15,,,0,,,,0,,,,0,,,,0,,1,10,15,17,1,,,,
asymmetric,4,2645,65,bt,7,16,20800,16,185381,185381,185382,,,,185425,185392,185407,16,1:15,185408,185423,16,1:15,185409,185424,16,1:15,,,0,,,,0,,,,0,,,,0,,1,10,15,17,1,,,,
asymmetric,4,2646,65,c,0,0,49504,4,185975,185975,,185992,185991,186003,186004,,,0,,,,0,,,,0,,185976,185988,4,4:3,185978,185990,4,4:3,185979,185991,4,4:3,185992,185995,4,1:3,,,,,,16,4,8,1
asymmetric,4,2647,66,a,0,0,16448,16,186013,186013,186014,,,,186057,186024,186039,16,1:15,186040,186055,16,1:15,186041,186056,16,1:15,,,0,,,,0,,,,0,,,,0,,1,10,15,17,1,,,,
asymmetric,4,2648,66,a,0,16,16576,16,186060,186060,186061,,,,186104,186071,186086,16,1:15,186087,186102,16,1:15,186088,186103,16,1:15,,,0,,,,0,,,,0,,,,0,,1,10,15,17,1,,,,
asymmetric,4,2649,66,bt,0,0,20928,16,186112,186112,186113,,,,186156,186123,186138,16,1:15,186139,186154,16,1:15,186140,186155,16,1:15,,,0,,,,0,,,,0,,,,0,,1,10,15,17,1,,,,
asymmetric,4,2650,66,bt,0,16,21056,16,186159,186159,186160,,,,186203,186170,186185,16,1:15,186186,186201,16,1:15,186187,186202,16,1:15,,,0,,,,0,,,,0,,,,0,,1,10,15,17,1,,,,
asymmetric,4,2651,66,bt,1,0,21184,16,186206,186206,186207,,,,186250,186217,186232,16,1:15,186233,186248,16,1:15,186234,186249,16,1:15,,,0,,,,0,,,,0,,,,0,,1,10,15,17,1,,,,
asymmetric,4,2652,66,bt,1,16,21312,16,186253,186253,186254,,,,186297,186264,186279,16,1:15,186280,186295,16,1:15,186281,186296,16,1:15,,,0,,,,0,,,,0,,,,0,,1,10,15,17,1,,,,
asymmetric,4,2653,66,bt,2,0,21440,16,186300,186300,186301,,,,186344,186311,186326,16,1:15,186327,186342,16,1:15,186328,186343,16,1:15,,,0,,,,0,,,,0,,,,0,,1,10,15,17,1,,,,
asymmetric,4,2654,66,bt,2,16,21568,16,186347,186347,186348,,,,186391,186358,186373,16,1:15,186374,186389,16,1:15,186375,186390,16,1:15,,,0,,,,0,,,,0,,,,0,,1,10,15,17,1,,,,
asymmetric,4,2655,66,bt,3,0,21696,16,186394,186394,186395,,,,186438,186405,186420,16,1:15,186421,186436,16,1:15,186422,186437,16,1:15,,,0,,,,0,,,,0,,,,0,,1,10,15,17,1,,,,
asymmetric,4,2656,66,bt,3,16,21824,16,186441,186441,186442,,,,186485,186452,186467,16,1:15,186468,186483,16,1:15,186469,186484,16,1:15,,,0,,,,0,,,,0,,,,0,,1,10,15,17,1,,,,
asymmetric,4,2657,66,bt,4,0,21952,16,186488,186488,186489,,,,186532,186499,186514,16,1:15,186515,186530,16,1:15,186516,186531,16,1:15,,,0,,,,0,,,,0,,,,0,,1,10,15,17,1,,,,
asymmetric,4,2658,66,bt,4,16,22080,16,186535,186535,186536,,,,186579,186546,186561,16,1:15,186562,186577,16,1:15,186563,186578,16,1:15,,,0,,,,0,,,,0,,,,0,,1,10,15,17,1,,,,
asymmetric,4,2659,66,bt,5,0,22208,16,186582,186582,186583,,,,186626,186593,186608,16,1:15,186609,186624,16,1:15,186610,186625,16,1:15,,,0,,,,0,,,,0,,,,0,,1,10,15,17,1,,,,
asymmetric,4,2660,66,bt,5,16,22336,16,186629,186629,186630,,,,186673,186640,186655,16,1:15,186656,186671,16,1:15,186657,186672,16,1:15,,,0,,,,0,,,,0,,,,0,,1,10,15,17,1,,,,
asymmetric,4,2661,66,bt,6,0,22464,16,186676,186676,186677,,,,186720,186687,186702,16,1:15,186703,186718,16,1:15,186704,186719,16,1:15,,,0,,,,0,,,,0,,,,0,,1,10,15,17,1,,,,
asymmetric,4,2662,66,bt,6,16,22592,16,186723,186723,186724,,,,186767,186734,186749,16,1:15,186750,186765,16,1:15,186751,186766,16,1:15,,,0,,,,0,,,,0,,,,0,,1,10,15,17,1,,,,
asymmetric,4,2663,66,bt,7,0,22720,16,186770,186770,186771,,,,186814,186781,186796,16,1:15,186797,186812,16,1:15,186798,186813,16,1:15,,,0,,,,0,,,,0,,,,0,,1,10,15,17,1,,,,
asymmetric,4,2664,66,bt,7,16,22848,16,186817,186817,186818,,,,186861,186828,186843,16,1:15,186844,186859,16,1:15,186845,186860,16,1:15,,,0,,,,0,,,,0,,,,0,,1,10,15,17,1,,,,
asymmetric,4,2665,66,c,0,0,49536,4,187411,187411,,187428,187427,187439,187440,,,0,,,,0,,,,0,,187412,187424,4,4:3,187414,187426,4,4:3,187415,187427,4,4:3,187428,187431,4,1:3,,,,,,16,4,8,1
asymmetric,4,2666,67,a,0,0,16448,16,187449,187449,187450,,,,187493,187460,187475,16,1:15,187476,187491,16,1:15,187477,187492,16,1:15,,,0,,,,0,,,,0,,,,0,,1,10,15,17,1,,,,
asymmetric,4,2667,67,a,0,16,16576,16,187496,187496,187497,,,,187540,187507,187522,16,1:15,187523,187538,16,1:15,187524,187539,16,1:15,,,0,,,,0,,,,0,,,,0,,1,10,15,17,1,,,,
asymmetric,4,2668,67,bt,0,0,22976,16,187548,187548,187549,,,,187592,187559,187574,16,1:15,187575,187590,16,1:15,187576,187591,16,1:15,,,0,,,,0,,,,0,,,,0,,1,10,15,17,1,,,,
asymmetric,4,2669,67,bt,0,16,23104,16,187595,187595,187596,,,,187639,187606,187621,16,1:15,187622,187637,16,1:15,187623,187638,16,1:15,,,0,,,,0,,,,0,,,,0,,1,10,15,17,1,,,,
asymmetric,4,2670,67,bt,1,0,23232,16,187642,187642,187643,,,,187686,187653,187668,16,1:15,187669,187684,16,1:15,187670,187685,16,1:15,,,0,,,,0,,,,0,,,,0,,1,10,15,17,1,,,,
asymmetric,4,2671,67,bt,1,16,23360,16,187689,187689,187690,,,,187733,187700,187715,16,1:15,187716,187731,16,1:15,187717,187732,16,1:15,,,0,,,,0,,,,0,,,,0,,1,10,15,17,1,,,,
asymmetric,4,2672,67,bt,2,0,23488,16,187736,187736,187737,,,,187780,187747,187762,16,1:15,187763,187778,16,1:15,187764,187779,16,1:15,,,0,,,,0,,,,0,,,,0,,1,10,15,17,1,,,,
asymmetric,4,2673,67,bt,2,16,23616,16,187783,187783,187784,,,,187827,187794,187809,16,1:15,187810,187825,16,1:15,187811,187826,16,1:15,,,0,,,,0,,,,0,,,,0,,1,10,15,17,1,,,,
asymmetric,4,2674,67,bt,3,0,23744,16,187830,187830,187831,,,,187874,187841,187856,16,1:15,187857,187872,16,1:15,187858,187873,16,1:15,,,0,,,,0,,,,0,,,,0,,1,10,15,17,1,,,,
asymmetric,4,2675,67,bt,3,16,23872,16,187877,187877,187878,,,,187921,187888,187903,16,1:15,187904,187919,16,1:15,187905,187920,16,1:15,,,0,,,,0,,,,0,,,,0,,1,10,15,17,1,,,,
asymmetric,4,2676,67,bt,4,0,24000,16,187924,187924,187925,,,,187968,187935,187950,16,1:15,187951,187966,16,1:15,187952,187967,16,1:15,,,0,,,,0,,,,0,,,,0,,1,10,15,17,1,,,,
asymmetric,4,2677,67,bt,4,16,24128,16,187971,187971,187972,,,,188015,187982,187997,16,1:15,187998,188013,16,1:15,187999,188014,16,1:15,,,0,,,,0,,,,0,,,,0,,1,10,15,17,1,,,,
asymmetric,4,2678,67,bt,5,0,24256,16,188018,188018,188019,,,,188062,188029,188044,16,1:15,188045,188060,16,1:15,188046,188061,16,1:15,,,0,,,,0,,,,0,,,,0,,1,10,15,17,1,,,,
asymmetric,4,2679,67,bt,5,16,24384,16,188065,188065,188066,,,,188109,188076,188091,16,1:15,188092,188107,16,1:15,188093,188108,16,1:15,,,0,,,,0,,,,0,,,,0,,1,10,15,17,1,,,,
asymmetric,4,2680,67,bt,6,0,24512,8,188112,188112,188113,,,,188140,188123,188130,8,1:7,188131,188138,8,1:7,188132,188139,8,1:7,,,0,,,,0,,,,0,,,,0,,1,10,7,9,1,,,,
asymmetric,4,2681,67,bt,6,8,24576,16,188143,188143,188144,,,,188187,188154,188169,16,1:15,188170,188185,16,1:15,188171,188186,16,1:15,,,0,,,,0,,,,0,,,,0,,1,10,15,17,1,,,,
asymmetric,4,2682,67,bt,6,24,24704,8,188190,188190,188191,,,,188218,188201,188208,8,1:7,188209,188216,8,1:7,188210,188217,8,1:7,,,0,,,,0,,,,0,,,,0,,1,10,7,9,1,,,,
asymmetric,4,2683,67,bt,7,0,24768,16,188221,188221,188222,,,,188265,188232,188247,16,1:15,188248,188263,16,1:15,188249,188264,16,1:15,,,0,,,,0,,,,0,,,,0,,1,10,15,17,1,,,,
asymmetric,4,2684,67,bt,7,16,24896,16,188268,188268,188269,,,,188312,188279,188294,16,1:15,188295,188310,16,1:15,188296,188311,16,1:15,,,0,,,,0,,,,0,,,,0,,1,10,15,17,1,,,,
asymmetric,4,2685,67,c,0,0,49568,4,188862,188862,,188879,188878,188890,188891,,,0,,,,0,,,,0,,188863,188875,4,4:3,188865,188877,4,4:3,188866,188878,4,4:3,188879,188882,4,1:3,,,,,,16,4,8,1
asymmetric,4,2686,68,a,0,0,16448,16,188900,188900,188901,,,,188944,188911,188926,16,1:15,188927,188942,16,1:15,188928,188943,16,1:15,,,0,,,,0,,,,0,,,,0,,1,10,15,17,1,,,,
asymmetric,4,2687,68,a,0,16,16576,16,188947,188947,188948,,,,188991,188958,188973,16,1:15,188974,188989,16,1:15,188975,188990,16,1:15,,,0,,,,0,,,,0,,,,0,,1,10,15,17,1,,,,
asymmetric,4,2688,68,bt,0,0,25024,16,188999,188999,189000,,,,189043,189010,189025,16,1:15,189026,189041,16,1:15,189027,189042,16,1:15,,,0,,,,0,,,,0,,,,0,,1,10,15,17,1,,,,
asymmetric,4,2689,68,bt,0,16,25152,16,189046,189046,189047,,,,189090,189057,189072,16,1:15,189073,189088,16,1:15,189074,189089,16,1:15,,,0,,,,0,,,,0,,,,0,,1,10,15,17,1,,,,
asymmetric,4,2690,68,bt,1,0,25280,16,189093,189093,189094,,,,189137,189104,189119,16,1:15,189120,189135,16,1:15,189121,189136,16,1:15,,,0,,,,0,,,,0,,,,0,,1,10,15,17,1,,,,
asymmetric,4,2691,68,bt,1,16,25408,16,189140,189140,189141,,,,189184,189151,189166,16,1:15,189167,189182,16,1:15,189168,189183,16,1:15,,,0,,,,0,,,,0,,,,0,,1,10,15,17,1,,,,
asymmetric,4,2692,68,bt,2,0,25536,16,189187,189187,189188,,,,189231,189198,189213,16,1:15,189214,189229,16,1:15,189215,189230,16,1:15,,,0,,,,0,,,,0,,,,0,,1,10,15,17,1,,,,
asymmetric,4,2693,68,bt,2,16,25664,16,189234,189234,189235,,,,189278,189245,189260,16,1:15,189261,189276,16,1:15,189262,189277,16,1:15,,,0,,,,0,,,,0,,,,0,,1,10,15,17,1,,,,
asymmetric,4,2694,68,bt,3,0,25792,16,189281,189281,189282,,,,189325,189292,189307,16,1:15,189308,189323,16,1:15,189309,189324,16,1:15,,,0,,,,0,,,,0,,,,0,,1,10,15,17,1,,,,
asymmetric,4,2695,68,bt,3,16,25920,16,189328,189328,189329,,,,189372,189339,189354,16,1:15,189355,189370,16,1:15,189356,189371,16,1:15,,,0,,,,0,,,,0,,,,0,,1,10,15,17,1,,,,
asymmetric,4,2696,68,bt,4,0,26048,16,189375,189375,189376,,,,189419,189386,189401,16,1:15,189402,189417,16,1:15,189403,189418,16,1:15,,,0,,,,0,,,,0,,,,0,,1,10,15,17,1,,,,
asymmetric,4,2697,68,bt,4,16,26176,16,189422,189422,189423,,,,189466,189433,189448,16,1:15,189449,189464,16,1:15,189450,189465,16,1:15,,,0,,,,0,,,,0,,,,0,,1,10,15,17,1,,,,
asymmetric,4,2698,68,bt,5,0,26304,16,189469,189469,189470,,,,189513,189480,189495,16,1:15,189496,189511,16,1:15,189497,189512,16,1:15,,,0,,,,0,,,,0,,,,0,,1,10,15,17,1,,,,
asymmetric,4,2699,68,bt,5,16,26432,16,189516,189516,189517,,,,189560,189527,189542,16,1:15,189543,189558,16,1:15,189544,189559,16,1:15,,,0,,,,0,,,,0,,,,0,,1,10,15,17,1,,,,
asymmetric,4,2700,68,bt,6,0,26560,16,189563,189563,189564,,,,189607,189574,189589,16,1:15,189590,189605,16,1:15,189591,189606,16,1:15,,,0,,,,0,,,,0,,,,0,,1,10,15,17,1,,,,
asymmetric,4,2701,68,bt,6,16,26688,16,189610,189610,189611,,,,189654,189621,189636,16,1:15,189637,189652,16,1:15,189638,189653,16,1:15,,,0,,,,0,,,,0,,,,0,,1,10,15,17,1,,,,
asymmetric,4,2702,68,bt,7,0,26816,16,189657,189657,189658,,,,189701,189668,189683,16,1:15,189684,189699,16,1:15,189685,189700,16,1:15,,,0,,,,0,,,,0,,,,0,,1,10,15,17,1,,,,
asymmetric,4,2703,68,bt,7,16,26944,16,189704,189704,189705,,,,189748,189715,189730,16,1:15,189731,189746,16,1:15,189732,189747,16,1:15,,,0,,,,0,,,,0,,,,0,,1,10,15,17,1,,,,
asymmetric,4,2704,68,c,0,0,49600,4,190298,190298,,190315,190314,190326,190327,,,0,,,,0,,,,0,,190299,190311,4,4:3,190301,190313,4,4:3,190302,190314,4,4:3,190315,190318,4,1:3,,,,,,16,4,8,1
asymmetric,4,2705,69,a,0,0,16448,16,190336,190336,190337,,,,190380,190347,190362,16,1:15,190363,190378,16,1:15,190364,190379,16,1:15,,,0,,,,0,,,,0,,,,0,,1,10,15,17,1,,,,
asymmetric,4,2706,69,a,0,16,16576,16,190383,190383,190384,,,,190427,190394,190409,16,1:15,190410,190425,16,1:15,190411,190426,16,1:15,,,0,,,,0,,,,0,,,,0,,1,10,15,17,1,,,,
asymmetric,4,2707,69,bt,0,0,27072,16,190435,190435,190436,,,,190479,190446,190461,16,1:15,190462,190477,16,1:15,190463,190478,16,1:15,,,0,,,,0,,,,0,,,,0,,1,10,15,17,1,,,,
asymmetric,4,2708,69,bt,0,16,27200,16,190482,190482,190483,,,,190526,190493,190508,16,1:15,190509,190524,16,1:15,190510,190525,16,1:15,,,0,,,,0,,,,0,,,,0,,1,10,15,17,1,,,,
asymmetric,4,2709,69,bt,1,0,27328,16,190529,190529,190530,,,,190573,190540,190555,16,1:15,190556,190571,16,1:15,190557,190572,16,1:15,,,0,,,,0,,,,0,,,,0,,1,10,15,17,1,,,,
asymmetric,4,2710,69,bt,1,16,27456,16,190576,190576,190577,,,,190620,190587,190602,16,1:15,190603,190618,16,1:15,190604,190619,16,1:15,,,0,,,,0,,,,0,,,,0,,1,10,15,17,1,,,,
asymmetric,4,2711,69,bt,2,0,27584,16,190623,190623,190624,,,,190667,190634,190649,16,1:15,190650,190665,16,1:15,190651,190666,16,1:15,,,0,,,,0,,,,0,,,,0,,1,10,15,17,1,,,,
asymmetric,4,2712,69,bt,2,16,27712,16,190670,190670,190671,,,,190714,190681,190696,16,1:15,190697,190712,16,1:15,190698,190713,16,1:15,,,0,,,,0,,,,0,,,,0,,1,10,15,17,1,,,,
asymmetric,4,2713,69,bt,3,0,27840,16,190717,190717,190718,,,,190761,190728,190743,16,1:15,190744,190759,16,1:15,190745,190760,16,1:15,,,0,,,,0,,,,0,,,,0,,1,10,15,17,1,,,,
asymmetric,4,2714,69,bt,3,16,27968,16,190764,190764,190765,,,,190808,190775,190790,16,1:15,190791,190806,16,1:15,190792,190807,16,1:15,,,0,,,,0,,,,0,,,,0,,1,10,15,17,1,,,,
asymmetric,4,2715,69,bt,4,0,28096,16,190811,190811,190812,,,,190855,190822,190837,16,1:15,190838,190853,16,1:15,190839,190854,16,1:15,,,0,,,,0,,,,0,,,,0,,1,10,15,17,1,,,,
asymmetric,4,2716,69,bt,4,16,28224,16,190858,190858,190859,,,,190902,190869,190884,16,1:15,190885,190900,16,1:15,190886,190901,16,1:15,,,0,,,,0,,,,0,,,,0,,1,10,15,17,1,,,,
asymmetric,4,2717,69,bt,5,0,28352,16,190905,190905,190906,,,,190949,190916,190931,16,1:15,190932,190947,16,1:15,190933,190948,16,1:15,,,0,,,,0,,,,0,,,,0,,1,10,15,17,1,,,,
asymmetric,4,2718,69,bt,5,16,28480,16,190952,190952,190953,,,,190996,190963,190978,16,1:15,190979,190994,16,1:15,190980,190995,16,1:15,,,0,,,,0,,,,0,,,,0,,1,10,15,17,1,,,,
asymmetric,4,2719,69,bt,6,0,28608,8,190999,190999,191000,,,,191027,191010,191017,8,1:7,191018,191025,8,1:7,191019,191026,8,1:7,,,0,,,,0,,,,0,,,,0,,1,10,7,9,1,,,,
asymmetric,4,2720,69,bt,6,8,28672,16,191030,191030,191031,,,,191074,191041,191056,16,1:15,191057,191072,16,1:15,191058,191073,16,1:15,,,0,,,,0,,,,0,,,,0,,1,10,15,17,1,,,,
asymmetric,4,2721,69,bt,6,24,28800,8,191077,191077,191078,,,,191105,191088,191095,8,1:7,191096,191103,8,1:7,191097,191104,8,1:7,,,0,,,,0,,,,0,,,,0,,1,10,7,9,1,,,,
asymmetric,4,2722,69,bt,7,0,28864,16,191108,191108,191109,,,,191152,191119,191134,16,1:15,191135,191150,16,1:15,191136,191151,16,1:15,,,0,,,,0,,,,0,,,,0,,1,10,15,17,1,,,,
asymmetric,4,2723,69,bt,7,16,28992,16,191155,191155,191156,,,,191199,191166,191181,16,1:15,191182,191197,16,1:15,191183,191198,16,1:15,,,0,,,,0,,,,0,,,,0,,1,10,15,17,1,,,,
asymmetric,4,2724,69,c,0,0,49632,4,191749,191749,,191766,191765,191777,191778,,,0,,,,0,,,,0,,191750,191762,4,4:3,191752,191764,4,4:3,191753,191765,4,4:3,191766,191769,4,1:3,,,,,,16,4,8,1
asymmetric,4,2725,70,a,0,0,16448,16,191787,191787,191788,,,,191831,191798,191813,16,1:15,191814,191829,16,1:15,191815,191830,16,1:15,,,0,,,,0,,,,0,,,,0,,1,10,15,17,1,,,,
asymmetric,4,2726,70,a,0,16,16576,16,191834,191834,191835,,,,191878,191845,191860,16,1:15,191861,191876,16,1:15,191862,191877,16,1:15,,,0,,,,0,,,,0,,,,0,,1,10,15,17,1,,,,
asymmetric,4,2727,70,bt,0,0,29120,16,191886,191886,191887,,,,191930,191897,191912,16,1:15,191913,191928,16,1:15,191914,191929,16,1:15,,,0,,,,0,,,,0,,,,0,,1,10,15,17,1,,,,
asymmetric,4,2728,70,bt,0,16,29248,16,191933,191933,191934,,,,191977,191944,191959,16,1:15,191960,191975,16,1:15,191961,191976,16,1:15,,,0,,,,0,,,,0,,,,0,,1,10,15,17,1,,,,
asymmetric,4,2729,70,bt,1,0,29376,16,191980,191980,191981,,,,192024,191991,192006,16,1:15,192007,192022,16,1:15,192008,192023,16,1:15,,,0,,,,0,,,,0,,,,0,,1,10,15,17,1,,,,
asymmetric,4,2730,70,bt,1,16,29504,16,192027,192027,192028,,,,192071,192038,192053,16,1:15,192054,192069,16,1:15,192055,192070,16,1:15,,,0,,,,0,,,,0,,,,0,,1,10,15,17,1,,,,
asymmetric,4,2731,70,bt,2,0,29632,16,192074,192074,192075,,,,192118,192085,192100,16,1:15,192101,192116,16,1:15,192102,192117,16,1:15,,,0,,,,0,,,,0,,,,0,,1,10,15,17,1,,,,
asymmetric,4,2732,70,bt,2,16,29760,16,192121,192121,192122,,,,192165,192132,192147,16,1:15,192148,192163,16,1:15,192149,192164,16,1:15,,,0,,,,0,,,,0,,,,0,,1,10,15,17,1,,,,
asymmetric,4,2733,70,bt,3,0,29888,16,192168,192168,192169,,,,192212,192179,192194,16,1:15,192195,192210,16,1:15,192196,192211,16,1:15,,,0,,,,0,,,,0,,,,0,,1,10,15,17,1,,,,
asymmetric,4,2734,70,bt,3,16,30016,16,192215,192215,192216,,,,192259,192226,192241,16,1:15,192242,192257,16,1:15,192243,192258,16,1:15,,,0,,,,0,,,,0,,,,0,,1,10,15,17,1,,,,
asymmetric,4,2735,70,bt,4,0,30144,16,192262,192262,192263,,,,192306,192273,192288,16,1:15,192289,192304,16,1:15,192290,192305,16,1:15,,,0,,,,0,,,,0,,,,0,,1,10,15,17,1,,,,
asymmetric,4,2736,70,bt,4,16,30272,16,192309,192309,192310,,,,192353,192320,192335,16,1:15,192336,192351,16,1:15,192337,192352,16,1:15,,,0,,,,0,,,,0,,,,0,,1,10,15,17,1,,,,
asymmetric,4,2737,70,bt,5,0,30400,16,192356,192356,192357,,,,192400,192367,192382,16,1:15,192383,192398,16,1:15,192384,192399,16,1:15,,,0,,,,0,,,,0,,,,0,,1,10,15,17,1,,,,
asymmetric,4,2738,70,bt,5,16,30528,16,192403,192403,192404,,,,192447,192414,192429,16,1:15,192430,192445,16,1:15,192431,192446,16,1:15,,,0,,,,0,,,,0,,,,0,,1,10,15,17,1,,,,
asymmetric,4,2739,70,bt,6,0,30656,16,192450,192450,192451,,,,192494,192461,192476,16,1:15,192477,192492,16,1:15,192478,192493,16,1:15,,,0,,,,0,,,,0,,,,0,,1,10,15,17,1,,,,
asymmetric,4,2740,70,bt,6,16,30784,16,192497,192497,192498,,,,192541,192508,192523,16,1:15,192524,192539,16,1:15,192525,192540,16,1:15,,,0,,,,0,,,,0,,,,0,,1,10,15,17,1,,,,
asymmetric,4,2741,70,bt,7,0,30912,16,192544,192544,192545,,,,192588,192555,192570,16,1:15,192571,192586,16,1:15,192572,192587,16,1:15,,,0,,,,0,,,,0,,,,0,,1,10,15,17,1,,,,
asymmetric,4,2742,70,bt,7,16,31040,16,192591,192591,192592,,,,192635,192602,192617,16,1:15,192618,192633,16,1:15,192619,192634,16,1:15,,,0,,,,0,,,,0,,,,0,,1,10,15,17,1,,,,
asymmetric,4,2743,70,c,0,0,49664,4,193185,193185,,193202,193201,193213,193214,,,0,,,,0,,,,0,,193186,193198,4,4:3,193188,193200,4,4:3,193189,193201,4,4:3,193202,193205,4,1:3,,,,,,16,4,8,1
asymmetric,4,2744,71,a,0,0,16448,16,193223,193223,193224,,,,193267,193234,193249,16,1:15,193250,193265,16,1:15,193251,193266,16,1:15,,,0,,,,0,,,,0,,,,0,,1,10,15,17,1,,,,
asymmetric,4,2745,71,a,0,16,16576,16,193270,193270,193271,,,,193314,193281,193296,16,1:15,193297,193312,16,1:15,193298,193313,16,1:15,,,0,,,,0,,,,0,,,,0,,1,10,15,17,1,,,,
asymmetric,4,2746,71,bt,0,0,31168,16,193322,193322,193323,,,,193366,193333,193348,16,1:15,193349,193364,16,1:15,193350,193365,16,1:15,,,0,,,,0,,,,0,,,,0,,1,10,15,17,1,,,,
asymmetric,4,2747,71,bt,0,16,31296,16,193369,193369,193370,,,,193413,193380,193395,16,1:15,193396,193411,16,1:15,193397,193412,16,1:15,,,0,,,,0,,,,0,,,,0,,1,10,15,17,1,,,,
asymmetric,4,2748,71,bt,1,0,31424,16,193416,193416,193417,,,,193460,193427,193442,16,1:15,193443,193458,16,1:15,193444,193459,16,1:15,,,0,,,,0,,,,0,,,,0,,1,10,15,17,1,,,,
asymmetric,4,2749,71,bt,1,16,31552,16,193463,193463,193464,,,,193507,193474,193489,16,1:15,193490,193505,16,1:15,193491,193506,16,1:15,,,0,,,,0,,,,0,,,,0,,1,10,15,17,1,,,,
asymmetric,4,2750,71,bt,2,0,31680,16,193510,193510,193511,,,,193554,193521,193536,16,1:15,193537,193552,16,1:15,193538,193553,16,1:15,,,0,,,,0,,,,0,,,,0,,1,10,15,17,1,,,,
asymmetric,4,2751,71,bt,2,16,31808,16,193557,193557,193558,,,,193601,193568,193583,16,1:15,193584,193599,16,1:15,193585,193600,16,1:15,,,0,,,,0,,,,0,,,,0,,1,10,15,17,1,,,,
asymmetric,4,2752,71,bt,3,0,31936,16,193604,193604,193605,,,,193648,193615,193630,16,1:15,193631,193646,16,1:15,193632,193647,16,1:15,,,0,,,,0,,,,0,,,,0,,1,10,15,17,1,,,,
asymmetric,4,2753,71,bt,3,16,32064,16,193651,193651,193652,,,,193695,193662,193677,16,1:15,193678,193693,16,1:15,193679,193694,16,1:15,,,0,,,,0,,,,0,,,,0,,1,10,15,17,1,,,,
asymmetric,4,2754,71,bt,4,0,32192,16,193698,193698,193699,,,,193742,193709,193724,16,1:15,193725,193740,16,1:15,193726,193741,16,1:15,,,0,,,,0,,,,0,,,,0,,1,10,15,17,1,,,,
asymmetric,4,2755,71,bt,4,16,32320,16,193745,193745,193746,,,,193789,193756,193771,16,1:15,193772,193787,16,1:15,193773,193788,16,1:15,,,0,,,,0,,,,0,,,,0,,1,10,15,17,1,,,,
asymmetric,4,2756,71,bt,5,0,32448,16,193792,193792,193793,,,,193836,193803,193818,16,1:15,193819,193834,16,1:15,193820,193835,16,1:15,,,0,,,,0,,,,0,,,,0,,1,10,15,17,1,,,,
asymmetric,4,2757,71,bt,5,16,32576,16,193839,193839,193840,,,,193883,193850,193865,16,1:15,193866,193881,16,1:15,193867,193882,16,1:15,,,0,,,,0,,,,0,,,,0,,1,10,15,17,1,,,,
asymmetric,4,2758,71,bt,6,0,32704,8,193886,193886,193887,,,,193914,193897,193904,8,1:7,193905,193912,8,1:7,193906,193913,8,1:7,,,0,,,,0,,,,0,,,,0,,1,10,7,9,1,,,,
asymmetric,4,2759,71,bt,6,8,32768,16,193917,193917,193918,,,,193961,193928,193943,16,1:15,193944,193959,16,1:15,193945,193960,16,1:15,,,0,,,,0,,,,0,,,,0,,1,10,15,17,1,,,,
asymmetric,4,2760,71,bt,6,24,32896,8,193964,193964,193965,,,,193992,193975,193982,8,1:7,193983,193990,8,1:7,193984,193991,8,1:7,,,0,,,,0,,,,0,,,,0,,1,10,7,9,1,,,,
asymmetric,4,2761,71,c,0,0,49696,4,194542,194542,,194559,194558,194570,194571,,,0,,,,0,,,,0,,194543,194555,4,4:3,194545,194557,4,4:3,194546,194558,4,4:3,194559,194562,4,1:3,,,,,,16,4,8,1
