name,job_id,index,tile,kind,row,word,address,beats,command_offer,command,ar,aw,gather_complete,b,local_done,r_first,r_last,r_count,r_gap_histogram,local_reads_first,local_reads_last,local_reads_count,local_reads_gap_histogram,loads_first,loads_last,loads_count,loads_gap_histogram,result_requests_first,result_requests_last,result_requests_count,result_requests_gap_histogram,result_responses_first,result_responses_last,result_responses_count,result_responses_gap_histogram,local_writes_first,local_writes_last,local_writes_count,local_writes_gap_histogram,w_first,w_last,w_count,w_gap_histogram,command_to_ar,ar_to_first_r,remaining_r_span,last_r_to_last_bank_load,last_bank_load_to_local_done,c_gather,aw_w_issue,b_response,b_to_local_done
dense,1,0,0,a,0,0,64,16,6,6,7,,,,50,17,32,16,1:15,33,48,16,1:15,34,49,16,1:15,,,0,,,,0,,,,0,,,,0,,1,10,15,17,1,,,,
dense,1,1,0,a,0,16,192,16,53,53,54,,,,97,64,79,16,1:15,80,95,16,1:15,81,96,16,1:15,,,0,,,,0,,,,0,,,,0,,1,10,15,17,1,,,,
dense,1,2,0,a,1,0,320,16,100,100,101,,,,144,111,126,16,1:15,127,142,16,1:15,128,143,16,1:15,,,0,,,,0,,,,0,,,,0,,1,10,15,17,1,,,,
dense,1,3,0,a,1,16,448,16,147,147,148,,,,191,158,173,16,1:15,174,189,16,1:15,175,190,16,1:15,,,0,,,,0,,,,0,,,,0,,1,10,15,17,1,,,,
dense,1,4,0,a,2,0,576,16,194,194,195,,,,238,205,220,16,1:15,221,236,16,1:15,222,237,16,1:15,,,0,,,,0,,,,0,,,,0,,1,10,15,17,1,,,,
dense,1,5,0,a,2,16,704,16,241,241,242,,,,285,252,267,16,1:15,268,283,16,1:15,269,284,16,1:15,,,0,,,,0,,,,0,,,,0,,1,10,15,17,1,,,,
dense,1,6,0,a,3,0,832,16,288,288,289,,,,332,299,314,16,1:15,315,330,16,1:15,316,331,16,1:15,,,0,,,,0,,,,0,,,,0,,1,10,15,17,1,,,,
dense,1,7,0,a,3,16,960,16,335,335,336,,,,379,346,361,16,1:15,362,377,16,1:15,363,378,16,1:15,,,0,,,,0,,,,0,,,,0,,1,10,15,17,1,,,,
dense,1,8,0,a,4,0,1088,16,382,382,383,,,,426,393,408,16,1:15,409,424,16,1:15,410,425,16,1:15,,,0,,,,0,,,,0,,,,0,,1,10,15,17,1,,,,
dense,1,9,0,a,4,16,1216,16,429,429,430,,,,473,440,455,16,1:15,456,471,16,1:15,457,472,16,1:15,,,0,,,,0,,,,0,,,,0,,1,10,15,17,1,,,,
dense,1,10,0,a,5,0,1344,16,476,476,477,,,,520,487,502,16,1:15,503,518,16,1:15,504,519,16,1:15,,,0,,,,0,,,,0,,,,0,,1,10,15,17,1,,,,
dense,1,11,0,a,5,16,1472,16,523,523,524,,,,567,534,549,16,1:15,550,565,16,1:15,551,566,16,1:15,,,0,,,,0,,,,0,,,,0,,1,10,15,17,1,,,,
dense,1,12,0,a,6,0,1600,16,570,570,571,,,,614,581,596,16,1:15,597,612,16,1:15,598,613,16,1:15,,,0,,,,0,,,,0,,,,0,,1,10,15,17,1,,,,
dense,1,13,0,a,6,16,1728,16,617,617,618,,,,661,628,643,16,1:15,644,659,16,1:15,645,660,16,1:15,,,0,,,,0,,,,0,,,,0,,1,10,15,17,1,,,,
dense,1,14,0,a,7,0,1856,16,664,664,665,,,,708,675,690,16,1:15,691,706,16,1:15,692,707,16,1:15,,,0,,,,0,,,,0,,,,0,,1,10,15,17,1,,,,
dense,1,15,0,a,7,16,1984,16,711,711,712,,,,755,722,737,16,1:15,738,753,16,1:15,739,754,16,1:15,,,0,,,,0,,,,0,,,,0,,1,10,15,17,1,,,,
dense,1,16,0,a,8,0,2112,16,758,758,759,,,,802,769,784,16,1:15,785,800,16,1:15,786,801,16,1:15,,,0,,,,0,,,,0,,,,0,,1,10,15,17,1,,,,
dense,1,17,0,a,8,16,2240,16,805,805,806,,,,849,816,831,16,1:15,832,847,16,1:15,833,848,16,1:15,,,0,,,,0,,,,0,,,,0,,1,10,15,17,1,,,,
dense,1,18,0,a,9,0,2368,16,852,852,853,,,,896,863,878,16,1:15,879,894,16,1:15,880,895,16,1:15,,,0,,,,0,,,,0,,,,0,,1,10,15,17,1,,,,
dense,1,19,0,a,9,16,2496,16,899,899,900,,,,943,910,925,16,1:15,926,941,16,1:15,927,942,16,1:15,,,0,,,,0,,,,0,,,,0,,1,10,15,17,1,,,,
dense,1,20,0,a,10,0,2624,16,946,946,947,,,,990,957,972,16,1:15,973,988,16,1:15,974,989,16,1:15,,,0,,,,0,,,,0,,,,0,,1,10,15,17,1,,,,
dense,1,21,0,a,10,16,2752,16,993,993,994,,,,1037,1004,1019,16,1:15,1020,1035,16,1:15,1021,1036,16,1:15,,,0,,,,0,,,,0,,,,0,,1,10,15,17,1,,,,
dense,1,22,0,a,11,0,2880,16,1040,1040,1041,,,,1084,1051,1066,16,1:15,1067,1082,16,1:15,1068,1083,16,1:15,,,0,,,,0,,,,0,,,,0,,1,10,15,17,1,,,,
dense,1,23,0,a,11,16,3008,16,1087,1087,1088,,,,1131,1098,1113,16,1:15,1114,1129,16,1:15,1115,1130,16,1:15,,,0,,,,0,,,,0,,,,0,,1,10,15,17,1,,,,
dense,1,24,0,a,12,0,3136,16,1134,1134,1135,,,,1178,1145,1160,16,1:15,1161,1176,16,1:15,1162,1177,16,1:15,,,0,,,,0,,,,0,,,,0,,1,10,15,17,1,,,,
dense,1,25,0,a,12,16,3264,16,1181,1181,1182,,,,1225,1192,1207,16,1:15,1208,1223,16,1:15,1209,1224,16,1:15,,,0,,,,0,,,,0,,,,0,,1,10,15,17,1,,,,
dense,1,26,0,a,13,0,3392,16,1228,1228,1229,,,,1272,1239,1254,16,1:15,1255,1270,16,1:15,1256,1271,16,1:15,,,0,,,,0,,,,0,,,,0,,1,10,15,17,1,,,,
dense,1,27,0,a,13,16,3520,16,1275,1275,1276,,,,1319,1286,1301,16,1:15,1302,1317,16,1:15,1303,1318,16,1:15,,,0,,,,0,,,,0,,,,0,,1,10,15,17,1,,,,
dense,1,28,0,a,14,0,3648,16,1322,1322,1323,,,,1366,1333,1348,16,1:15,1349,1364,16,1:15,1350,1365,16,1:15,,,0,,,,0,,,,0,,,,0,,1,10,15,17,1,,,,
dense,1,29,0,a,14,16,3776,16,1369,1369,1370,,,,1413,1380,1395,16,1:15,1396,1411,16,1:15,1397,1412,16,1:15,,,0,,,,0,,,,0,,,,0,,1,10,15,17,1,,,,
dense,1,30,0,a,15,0,3904,16,1416,1416,1417,,,,1460,1427,1442,16,1:15,1443,1458,16,1:15,1444,1459,16,1:15,,,0,,,,0,,,,0,,,,0,,1,10,15,17,1,,,,
dense,1,31,0,a,15,16,4032,8,1463,1463,1464,,,,1491,1474,1481,8,1:7,1482,1489,8,1:7,1483,1490,8,1:7,,,0,,,,0,,,,0,,,,0,,1,10,7,9,1,,,,
dense,1,32,0,a,15,24,4096,8,1494,1494,1495,,,,1522,1505,1512,8,1:7,1513,1520,8,1:7,1514,1521,8,1:7,,,0,,,,0,,,,0,,,,0,,1,10,7,9,1,,,,
dense,1,33,0,a,16,0,4160,16,1525,1525,1526,,,,1569,1536,1551,16,1:15,1552,1567,16,1:15,1553,1568,16,1:15,,,0,,,,0,,,,0,,,,0,,1,10,15,17,1,,,,
dense,1,34,0,a,16,16,4288,16,1572,1572,1573,,,,1616,1583,1598,16,1:15,1599,1614,16,1:15,1600,1615,16,1:15,,,0,,,,0,,,,0,,,,0,,1,10,15,17,1,,,,
dense,1,35,0,a,17,0,4416,16,1619,1619,1620,,,,1663,1630,1645,16,1:15,1646,1661,16,1:15,1647,1662,16,1:15,,,0,,,,0,,,,0,,,,0,,1,10,15,17,1,,,,
dense,1,36,0,a,17,16,4544,16,1666,1666,1667,,,,1710,1677,1692,16,1:15,1693,1708,16,1:15,1694,1709,16,1:15,,,0,,,,0,,,,0,,,,0,,1,10,15,17,1,,,,
dense,1,37,0,a,18,0,4672,16,1713,1713,1714,,,,1757,1724,1739,16,1:15,1740,1755,16,1:15,1741,1756,16,1:15,,,0,,,,0,,,,0,,,,0,,1,10,15,17,1,,,,
dense,1,38,0,a,18,16,4800,16,1760,1760,1761,,,,1804,1771,1786,16,1:15,1787,1802,16,1:15,1788,1803,16,1:15,,,0,,,,0,,,,0,,,,0,,1,10,15,17,1,,,,
dense,1,39,0,a,19,0,4928,16,1807,1807,1808,,,,1851,1818,1833,16,1:15,1834,1849,16,1:15,1835,1850,16,1:15,,,0,,,,0,,,,0,,,,0,,1,10,15,17,1,,,,
dense,1,40,0,a,19,16,5056,16,1854,1854,1855,,,,1898,1865,1880,16,1:15,1881,1896,16,1:15,1882,1897,16,1:15,,,0,,,,0,,,,0,,,,0,,1,10,15,17,1,,,,
dense,1,41,0,a,20,0,5184,16,1901,1901,1902,,,,1945,1912,1927,16,1:15,1928,1943,16,1:15,1929,1944,16,1:15,,,0,,,,0,,,,0,,,,0,,1,10,15,17,1,,,,
dense,1,42,0,a,20,16,5312,16,1948,1948,1949,,,,1992,1959,1974,16,1:15,1975,1990,16,1:15,1976,1991,16,1:15,,,0,,,,0,,,,0,,,,0,,1,10,15,17,1,,,,
dense,1,43,0,a,21,0,5440,16,1995,1995,1996,,,,2039,2006,2021,16,1:15,2022,2037,16,1:15,2023,2038,16,1:15,,,0,,,,0,,,,0,,,,0,,1,10,15,17,1,,,,
dense,1,44,0,a,21,16,5568,16,2042,2042,2043,,,,2086,2053,2068,16,1:15,2069,2084,16,1:15,2070,2085,16,1:15,,,0,,,,0,,,,0,,,,0,,1,10,15,17,1,,,,
dense,1,45,0,a,22,0,5696,16,2089,2089,2090,,,,2133,2100,2115,16,1:15,2116,2131,16,1:15,2117,2132,16,1:15,,,0,,,,0,,,,0,,,,0,,1,10,15,17,1,,,,
dense,1,46,0,a,22,16,5824,16,2136,2136,2137,,,,2180,2147,2162,16,1:15,2163,2178,16,1:15,2164,2179,16,1:15,,,0,,,,0,,,,0,,,,0,,1,10,15,17,1,,,,
dense,1,47,0,a,23,0,5952,16,2183,2183,2184,,,,2227,2194,2209,16,1:15,2210,2225,16,1:15,2211,2226,16,1:15,,,0,,,,0,,,,0,,,,0,,1,10,15,17,1,,,,
dense,1,48,0,a,23,16,6080,16,2230,2230,2231,,,,2274,2241,2256,16,1:15,2257,2272,16,1:15,2258,2273,16,1:15,,,0,,,,0,,,,0,,,,0,,1,10,15,17,1,,,,
dense,1,49,0,a,24,0,6208,16,2277,2277,2278,,,,2321,2288,2303,16,1:15,2304,2319,16,1:15,2305,2320,16,1:15,,,0,,,,0,,,,0,,,,0,,1,10,15,17,1,,,,
dense,1,50,0,a,24,16,6336,16,2324,2324,2325,,,,2368,2335,2350,16,1:15,2351,2366,16,1:15,2352,2367,16,1:15,,,0,,,,0,,,,0,,,,0,,1,10,15,17,1,,,,
dense,1,51,0,a,25,0,6464,16,2371,2371,2372,,,,2415,2382,2397,16,1:15,2398,2413,16,1:15,2399,2414,16,1:15,,,0,,,,0,,,,0,,,,0,,1,10,15,17,1,,,,
dense,1,52,0,a,25,16,6592,16,2418,2418,2419,,,,2462,2429,2444,16,1:15,2445,2460,16,1:15,2446,2461,16,1:15,,,0,,,,0,,,,0,,,,0,,1,10,15,17,1,,,,
dense,1,53,0,a,26,0,6720,16,2465,2465,2466,,,,2509,2476,2491,16,1:15,2492,2507,16,1:15,2493,2508,16,1:15,,,0,,,,0,,,,0,,,,0,,1,10,15,17,1,,,,
dense,1,54,0,a,26,16,6848,16,2512,2512,2513,,,,2556,2523,2538,16,1:15,2539,2554,16,1:15,2540,2555,16,1:15,,,0,,,,0,,,,0,,,,0,,1,10,15,17,1,,,,
dense,1,55,0,a,27,0,6976,16,2559,2559,2560,,,,2603,2570,2585,16,1:15,2586,2601,16,1:15,2587,2602,16,1:15,,,0,,,,0,,,,0,,,,0,,1,10,15,17,1,,,,
dense,1,56,0,a,27,16,7104,16,2606,2606,2607,,,,2650,2617,2632,16,1:15,2633,2648,16,1:15,2634,2649,16,1:15,,,0,,,,0,,,,0,,,,0,,1,10,15,17,1,,,,
dense,1,57,0,a,28,0,7232,16,2653,2653,2654,,,,2697,2664,2679,16,1:15,2680,2695,16,1:15,2681,2696,16,1:15,,,0,,,,0,,,,0,,,,0,,1,10,15,17,1,,,,
dense,1,58,0,a,28,16,7360,16,2700,2700,2701,,,,2744,2711,2726,16,1:15,2727,2742,16,1:15,2728,2743,16,1:15,,,0,,,,0,,,,0,,,,0,,1,10,15,17,1,,,,
dense,1,59,0,a,29,0,7488,16,2747,2747,2748,,,,2791,2758,2773,16,1:15,2774,2789,16,1:15,2775,2790,16,1:15,,,0,,,,0,,,,0,,,,0,,1,10,15,17,1,,,,
dense,1,60,0,a,29,16,7616,16,2794,2794,2795,,,,2838,2805,2820,16,1:15,2821,2836,16,1:15,2822,2837,16,1:15,,,0,,,,0,,,,0,,,,0,,1,10,15,17,1,,,,
dense,1,61,0,a,30,0,7744,16,2841,2841,2842,,,,2885,2852,2867,16,1:15,2868,2883,16,1:15,2869,2884,16,1:15,,,0,,,,0,,,,0,,,,0,,1,10,15,17,1,,,,
dense,1,62,0,a,30,16,7872,16,2888,2888,2889,,,,2932,2899,2914,16,1:15,2915,2930,16,1:15,2916,2931,16,1:15,,,0,,,,0,,,,0,,,,0,,1,10,15,17,1,,,,
dense,1,63,0,a,31,0,8000,16,2935,2935,2936,,,,2979,2946,2961,16,1:15,2962,2977,16,1:15,2963,2978,16,1:15,,,0,,,,0,,,,0,,,,0,,1,10,15,17,1,,,,
dense,1,64,0,a,31,16,8128,8,2982,2982,2983,,,,3010,2993,3000,8,1:7,3001,3008,8,1:7,3002,3009,8,1:7,,,0,,,,0,,,,0,,,,0,,1,10,7,9,1,,,,
dense,1,65,0,a,31,24,8192,8,3013,3013,3014,,,,3041,3024,3031,8,1:7,3032,3039,8,1:7,3033,3040,8,1:7,,,0,,,,0,,,,0,,,,0,,1,10,7,9,1,,,,
dense,1,66,0,bt,0,0,8384,16,3049,3049,3050,,,,3093,3060,3075,16,1:15,3076,3091,16,1:15,3077,3092,16,1:15,,,0,,,,0,,,,0,,,,0,,1,10,15,17,1,,,,
dense,1,67,0,bt,0,16,8512,16,3096,3096,3097,,,,3140,3107,3122,16,1:15,3123,3138,16,1:15,3124,3139,16,1:15,,,0,,,,0,,,,0,,,,0,,1,10,15,17,1,,,,
dense,1,68,0,bt,1,0,8640,16,3143,3143,3144,,,,3187,3154,3169,16,1:15,3170,3185,16,1:15,3171,3186,16,1:15,,,0,,,,0,,,,0,,,,0,,1,10,15,17,1,,,,
dense,1,69,0,bt,1,16,8768,16,3190,3190,3191,,,,3234,3201,3216,16,1:15,3217,3232,16,1:15,3218,3233,16,1:15,,,0,,,,0,,,,0,,,,0,,1,10,15,17,1,,,,
dense,1,70,0,bt,2,0,8896,16,3237,3237,3238,,,,3281,3248,3263,16,1:15,3264,3279,16,1:15,3265,3280,16,1:15,,,0,,,,0,,,,0,,,,0,,1,10,15,17,1,,,,
dense,1,71,0,bt,2,16,9024,16,3284,3284,3285,,,,3328,3295,3310,16,1:15,3311,3326,16,1:15,3312,3327,16,1:15,,,0,,,,0,,,,0,,,,0,,1,10,15,17,1,,,,
dense,1,72,0,bt,3,0,9152,16,3331,3331,3332,,,,3375,3342,3357,16,1:15,3358,3373,16,1:15,3359,3374,16,1:15,,,0,,,,0,,,,0,,,,0,,1,10,15,17,1,,,,
dense,1,73,0,bt,3,16,9280,16,3378,3378,3379,,,,3422,3389,3404,16,1:15,3405,3420,16,1:15,3406,3421,16,1:15,,,0,,,,0,,,,0,,,,0,,1,10,15,17,1,,,,
dense,1,74,0,bt,4,0,9408,16,3425,3425,3426,,,,3469,3436,3451,16,1:15,3452,3467,16,1:15,3453,3468,16,1:15,,,0,,,,0,,,,0,,,,0,,1,10,15,17,1,,,,
dense,1,75,0,bt,4,16,9536,16,3472,3472,3473,,,,3516,3483,3498,16,1:15,3499,3514,16,1:15,3500,3515,16,1:15,,,0,,,,0,,,,0,,,,0,,1,10,15,17,1,,,,
dense,1,76,0,bt,5,0,9664,16,3519,3519,3520,,,,3563,3530,3545,16,1:15,3546,3561,16,1:15,3547,3562,16,1:15,,,0,,,,0,,,,0,,,,0,,1,10,15,17,1,,,,
dense,1,77,0,bt,5,16,9792,16,3566,3566,3567,,,,3610,3577,3592,16,1:15,3593,3608,16,1:15,3594,3609,16,1:15,,,0,,,,0,,,,0,,,,0,,1,10,15,17,1,,,,
dense,1,78,0,bt,6,0,9920,16,3613,3613,3614,,,,3657,3624,3639,16,1:15,3640,3655,16,1:15,3641,3656,16,1:15,,,0,,,,0,,,,0,,,,0,,1,10,15,17,1,,,,
dense,1,79,0,bt,6,16,10048,16,3660,3660,3661,,,,3704,3671,3686,16,1:15,3687,3702,16,1:15,3688,3703,16,1:15,,,0,,,,0,,,,0,,,,0,,1,10,15,17,1,,,,
dense,1,80,0,bt,7,0,10176,16,3707,3707,3708,,,,3751,3718,3733,16,1:15,3734,3749,16,1:15,3735,3750,16,1:15,,,0,,,,0,,,,0,,,,0,,1,10,15,17,1,,,,
dense,1,81,0,bt,7,16,10304,16,3754,3754,3755,,,,3798,3765,3780,16,1:15,3781,3796,16,1:15,3782,3797,16,1:15,,,0,,,,0,,,,0,,,,0,,1,10,15,17,1,,,,
dense,1,82,0,bt,8,0,10432,16,3801,3801,3802,,,,3845,3812,3827,16,1:15,3828,3843,16,1:15,3829,3844,16,1:15,,,0,,,,0,,,,0,,,,0,,1,10,15,17,1,,,,
dense,1,83,0,bt,8,16,10560,16,3848,3848,3849,,,,3892,3859,3874,16,1:15,3875,3890,16,1:15,3876,3891,16,1:15,,,0,,,,0,,,,0,,,,0,,1,10,15,17,1,,,,
dense,1,84,0,bt,9,0,10688,16,3895,3895,3896,,,,3939,3906,3921,16,1:15,3922,3937,16,1:15,3923,3938,16,1:15,,,0,,,,0,,,,0,,,,0,,1,10,15,17,1,,,,
dense,1,85,0,bt,9,16,10816,16,3942,3942,3943,,,,3986,3953,3968,16,1:15,3969,3984,16,1:15,3970,3985,16,1:15,,,0,,,,0,,,,0,,,,0,,1,10,15,17,1,,,,
dense,1,86,0,bt,10,0,10944,16,3989,3989,3990,,,,4033,4000,4015,16,1:15,4016,4031,16,1:15,4017,4032,16,1:15,,,0,,,,0,,,,0,,,,0,,1,10,15,17,1,,,,
dense,1,87,0,bt,10,16,11072,16,4036,4036,4037,,,,4080,4047,4062,16,1:15,4063,4078,16,1:15,4064,4079,16,1:15,,,0,,,,0,,,,0,,,,0,,1,10,15,17,1,,,,
dense,1,88,0,bt,11,0,11200,16,4083,4083,4084,,,,4127,4094,4109,16,1:15,4110,4125,16,1:15,4111,4126,16,1:15,,,0,,,,0,,,,0,,,,0,,1,10,15,17,1,,,,
dense,1,89,0,bt,11,16,11328,16,4130,4130,4131,,,,4174,4141,4156,16,1:15,4157,4172,16,1:15,4158,4173,16,1:15,,,0,,,,0,,,,0,,,,0,,1,10,15,17,1,,,,
dense,1,90,0,bt,12,0,11456,16,4177,4177,4178,,,,4221,4188,4203,16,1:15,4204,4219,16,1:15,4205,4220,16,1:15,,,0,,,,0,,,,0,,,,0,,1,10,15,17,1,,,,
dense,1,91,0,bt,12,16,11584,16,4224,4224,4225,,,,4268,4235,4250,16,1:15,4251,4266,16,1:15,4252,4267,16,1:15,,,0,,,,0,,,,0,,,,0,,1,10,15,17,1,,,,
dense,1,92,0,bt,13,0,11712,16,4271,4271,4272,,,,4315,4282,4297,16,1:15,4298,4313,16,1:15,4299,4314,16,1:15,,,0,,,,0,,,,0,,,,0,,1,10,15,17,1,,,,
dense,1,93,0,bt,13,16,11840,16,4318,4318,4319,,,,4362,4329,4344,16,1:15,4345,4360,16,1:15,4346,4361,16,1:15,,,0,,,,0,,,,0,,,,0,,1,10,15,17,1,,,,
dense,1,94,0,bt,14,0,11968,16,4365,4365,4366,,,,4409,4376,4391,16,1:15,4392,4407,16,1:15,4393,4408,16,1:15,,,0,,,,0,,,,0,,,,0,,1,10,15,17,1,,,,
dense,1,95,0,bt,14,16,12096,16,4412,4412,4413,,,,4456,4423,4438,16,1:15,4439,4454,16,1:15,4440,4455,16,1:15,,,0,,,,0,,,,0,,,,0,,1,10,15,17,1,,,,
dense,1,96,0,bt,15,0,12224,8,4459,4459,4460,,,,4487,4470,4477,8,1:7,4478,4485,8,1:7,4479,4486,8,1:7,,,0,,,,0,,,,0,,,,0,,1,10,7,9,1,,,,
dense,1,97,0,bt,15,8,12288,16,4490,4490,4491,,,,4534,4501,4516,16,1:15,4517,4532,16,1:15,4518,4533,16,1:15,,,0,,,,0,,,,0,,,,0,,1,10,15,17,1,,,,
dense,1,98,0,bt,15,24,12416,8,4537,4537,4538,,,,4565,4548,4555,8,1:7,4556,4563,8,1:7,4557,4564,8,1:7,,,0,,,,0,,,,0,,,,0,,1,10,7,9,1,,,,
dense,1,99,0,bt,16,0,12480,16,4568,4568,4569,,,,4612,4579,4594,16,1:15,4595,4610,16,1:15,4596,4611,16,1:15,,,0,,,,0,,,,0,,,,0,,1,10,15,17,1,,,,
dense,1,100,0,bt,16,16,12608,16,4615,4615,4616,,,,4659,4626,4641,16,1:15,4642,4657,16,1:15,4643,4658,16,1:15,,,0,,,,0,,,,0,,,,0,,1,10,15,17,1,,,,
dense,1,101,0,bt,17,0,12736,16,4662,4662,4663,,,,4706,4673,4688,16,1:15,4689,4704,16,1:15,4690,4705,16,1:15,,,0,,,,0,,,,0,,,,0,,1,10,15,17,1,,,,
dense,1,102,0,bt,17,16,12864,16,4709,4709,4710,,,,4753,4720,4735,16,1:15,4736,4751,16,1:15,4737,4752,16,1:15,,,0,,,,0,,,,0,,,,0,,1,10,15,17,1,,,,
dense,1,103,0,bt,18,0,12992,16,4756,4756,4757,,,,4800,4767,4782,16,1:15,4783,4798,16,1:15,4784,4799,16,1:15,,,0,,,,0,,,,0,,,,0,,1,10,15,17,1,,,,
dense,1,104,0,bt,18,16,13120,16,4803,4803,4804,,,,4847,4814,4829,16,1:15,4830,4845,16,1:15,4831,4846,16,1:15,,,0,,,,0,,,,0,,,,0,,1,10,15,17,1,,,,
dense,1,105,0,bt,19,0,13248,16,4850,4850,4851,,,,4894,4861,4876,16,1:15,4877,4892,16,1:15,4878,4893,16,1:15,,,0,,,,0,,,,0,,,,0,,1,10,15,17,1,,,,
dense,1,106,0,bt,19,16,13376,16,4897,4897,4898,,,,4941,4908,4923,16,1:15,4924,4939,16,1:15,4925,4940,16,1:15,,,0,,,,0,,,,0,,,,0,,1,10,15,17,1,,,,
dense,1,107,0,bt,20,0,13504,16,4944,4944,4945,,,,4988,4955,4970,16,1:15,4971,4986,16,1:15,4972,4987,16,1:15,,,0,,,,0,,,,0,,,,0,,1,10,15,17,1,,,,
dense,1,108,0,bt,20,16,13632,16,4991,4991,4992,,,,5035,5002,5017,16,1:15,5018,5033,16,1:15,5019,5034,16,1:15,,,0,,,,0,,,,0,,,,0,,1,10,15,17,1,,,,
dense,1,109,0,bt,21,0,13760,16,5038,5038,5039,,,,5082,5049,5064,16,1:15,5065,5080,16,1:15,5066,5081,16,1:15,,,0,,,,0,,,,0,,,,0,,1,10,15,17,1,,,,
dense,1,110,0,bt,21,16,13888,16,5085,5085,5086,,,,5129,5096,5111,16,1:15,5112,5127,16,1:15,5113,5128,16,1:15,,,0,,,,0,,,,0,,,,0,,1,10,15,17,1,,,,
dense,1,111,0,bt,22,0,14016,16,5132,5132,5133,,,,5176,5143,5158,16,1:15,5159,5174,16,1:15,5160,5175,16,1:15,,,0,,,,0,,,,0,,,,0,,1,10,15,17,1,,,,
dense,1,112,0,bt,22,16,14144,16,5179,5179,5180,,,,5223,5190,5205,16,1:15,5206,5221,16,1:15,5207,5222,16,1:15,,,0,,,,0,,,,0,,,,0,,1,10,15,17,1,,,,
dense,1,113,0,bt,23,0,14272,16,5226,5226,5227,,,,5270,5237,5252,16,1:15,5253,5268,16,1:15,5254,5269,16,1:15,,,0,,,,0,,,,0,,,,0,,1,10,15,17,1,,,,
dense,1,114,0,bt,23,16,14400,16,5273,5273,5274,,,,5317,5284,5299,16,1:15,5300,5315,16,1:15,5301,5316,16,1:15,,,0,,,,0,,,,0,,,,0,,1,10,15,17,1,,,,
dense,1,115,0,bt,24,0,14528,16,5320,5320,5321,,,,5364,5331,5346,16,1:15,5347,5362,16,1:15,5348,5363,16,1:15,,,0,,,,0,,,,0,,,,0,,1,10,15,17,1,,,,
dense,1,116,0,bt,24,16,14656,16,5367,5367,5368,,,,5411,5378,5393,16,1:15,5394,5409,16,1:15,5395,5410,16,1:15,,,0,,,,0,,,,0,,,,0,,1,10,15,17,1,,,,
dense,1,117,0,bt,25,0,14784,16,5414,5414,5415,,,,5458,5425,5440,16,1:15,5441,5456,16,1:15,5442,5457,16,1:15,,,0,,,,0,,,,0,,,,0,,1,10,15,17,1,,,,
dense,1,118,0,bt,25,16,14912,16,5461,5461,5462,,,,5505,5472,5487,16,1:15,5488,5503,16,1:15,5489,5504,16,1:15,,,0,,,,0,,,,0,,,,0,,1,10,15,17,1,,,,
dense,1,119,0,bt,26,0,15040,16,5508,5508,5509,,,,5552,5519,5534,16,1:15,5535,5550,16,1:15,5536,5551,16,1:15,,,0,,,,0,,,,0,,,,0,,1,10,15,17,1,,,,
dense,1,120,0,bt,26,16,15168,16,5555,5555,5556,,,,5599,5566,5581,16,1:15,5582,5597,16,1:15,5583,5598,16,1:15,,,0,,,,0,,,,0,,,,0,,1,10,15,17,1,,,,
dense,1,121,0,bt,27,0,15296,16,5602,5602,5603,,,,5646,5613,5628,16,1:15,5629,5644,16,1:15,5630,5645,16,1:15,,,0,,,,0,,,,0,,,,0,,1,10,15,17,1,,,,
dense,1,122,0,bt,27,16,15424,16,5649,5649,5650,,,,5693,5660,5675,16,1:15,5676,5691,16,1:15,5677,5692,16,1:15,,,0,,,,0,,,,0,,,,0,,1,10,15,17,1,,,,
dense,1,123,0,bt,28,0,15552,16,5696,5696,5697,,,,5740,5707,5722,16,1:15,5723,5738,16,1:15,5724,5739,16,1:15,,,0,,,,0,,,,0,,,,0,,1,10,15,17,1,,,,
dense,1,124,0,bt,28,16,15680,16,5743,5743,5744,,,,5787,5754,5769,16,1:15,5770,5785,16,1:15,5771,5786,16,1:15,,,0,,,,0,,,,0,,,,0,,1,10,15,17,1,,,,
dense,1,125,0,bt,29,0,15808,16,5790,5790,5791,,,,5834,5801,5816,16,1:15,5817,5832,16,1:15,5818,5833,16,1:15,,,0,,,,0,,,,0,,,,0,,1,10,15,17,1,,,,
dense,1,126,0,bt,29,16,15936,16,5837,5837,5838,,,,5881,5848,5863,16,1:15,5864,5879,16,1:15,5865,5880,16,1:15,,,0,,,,0,,,,0,,,,0,,1,10,15,17,1,,,,
dense,1,127,0,bt,30,0,16064,16,5884,5884,5885,,,,5928,5895,5910,16,1:15,5911,5926,16,1:15,5912,5927,16,1:15,,,0,,,,0,,,,0,,,,0,,1,10,15,17,1,,,,
dense,1,128,0,bt,30,16,16192,16,5931,5931,5932,,,,5975,5942,5957,16,1:15,5958,5973,16,1:15,5959,5974,16,1:15,,,0,,,,0,,,,0,,,,0,,1,10,15,17,1,,,,
dense,1,129,0,bt,31,0,16320,8,5978,5978,5979,,,,6006,5989,5996,8,1:7,5997,6004,8,1:7,5998,6005,8,1:7,,,0,,,,0,,,,0,,,,0,,1,10,7,9,1,,,,
dense,1,130,0,bt,31,8,16384,16,6009,6009,6010,,,,6053,6020,6035,16,1:15,6036,6051,16,1:15,6037,6052,16,1:15,,,0,,,,0,,,,0,,,,0,,1,10,15,17,1,,,,
dense,1,131,0,bt,31,24,16512,8,6056,6056,6057,,,,6084,6067,6074,8,1:7,6075,6082,8,1:7,6076,6083,8,1:7,,,0,,,,0,,,,0,,,,0,,1,10,7,9,1,,,,
dense,1,132,0,c,0,0,16704,16,23438,23438,,23503,23502,23526,23527,,,0,,,,0,,,,0,,23439,23499,16,4:15,23441,23501,16,4:15,23442,23502,16,4:15,23503,23518,16,1:15,,,,,,64,16,8,1
dense,1,133,0,c,1,0,16832,16,23530,23530,,23595,23594,23618,23619,,,0,,,,0,,,,0,,23531,23591,16,4:15,23533,23593,16,4:15,23534,23594,16,4:15,23595,23610,16,1:15,,,,,,64,16,8,1
dense,1,134,0,c,2,0,16960,16,23622,23622,,23687,23686,23710,23711,,,0,,,,0,,,,0,,23623,23683,16,4:15,23625,23685,16,4:15,23626,23686,16,4:15,23687,23702,16,1:15,,,,,,64,16,8,1
dense,1,135,0,c,3,0,17088,16,23714,23714,,23779,23778,23802,23803,,,0,,,,0,,,,0,,23715,23775,16,4:15,23717,23777,16,4:15,23718,23778,16,4:15,23779,23794,16,1:15,,,,,,64,16,8,1
dense,1,136,0,c,4,0,17216,16,23806,23806,,23871,23870,23894,23895,,,0,,,,0,,,,0,,23807,23867,16,4:15,23809,23869,16,4:15,23810,23870,16,4:15,23871,23886,16,1:15,,,,,,64,16,8,1
dense,1,137,0,c,5,0,17344,16,23898,23898,,23963,23962,23986,23987,,,0,,,,0,,,,0,,23899,23959,16,4:15,23901,23961,16,4:15,23902,23962,16,4:15,23963,23978,16,1:15,,,,,,64,16,8,1
dense,1,138,0,c,6,0,17472,16,23990,23990,,24055,24054,24078,24079,,,0,,,,0,,,,0,,23991,24051,16,4:15,23993,24053,16,4:15,23994,24054,16,4:15,24055,24070,16,1:15,,,,,,64,16,8,1
dense,1,139,0,c,7,0,17600,16,24082,24082,,24147,24146,24170,24171,,,0,,,,0,,,,0,,24083,24143,16,4:15,24085,24145,16,4:15,24086,24146,16,4:15,24147,24162,16,1:15,,,,,,64,16,8,1
dense,1,140,0,c,8,0,17728,16,24174,24174,,24239,24238,24262,24263,,,0,,,,0,,,,0,,24175,24235,16,4:15,24177,24237,16,4:15,24178,24238,16,4:15,24239,24254,16,1:15,,,,,,64,16,8,1
dense,1,141,0,c,9,0,17856,16,24266,24266,,24331,24330,24354,24355,,,0,,,,0,,,,0,,24267,24327,16,4:15,24269,24329,16,4:15,24270,24330,16,4:15,24331,24346,16,1:15,,,,,,64,16,8,1
dense,1,142,0,c,10,0,17984,16,24358,24358,,24423,24422,24446,24447,,,0,,,,0,,,,0,,24359,24419,16,4:15,24361,24421,16,4:15,24362,24422,16,4:15,24423,24438,16,1:15,,,,,,64,16,8,1
dense,1,143,0,c,11,0,18112,16,24450,24450,,24515,24514,24538,24539,,,0,,,,0,,,,0,,24451,24511,16,4:15,24453,24513,16,4:15,24454,24514,16,4:15,24515,24530,16,1:15,,,,,,64,16,8,1
dense,1,144,0,c,12,0,18240,16,24542,24542,,24607,24606,24630,24631,,,0,,,,0,,,,0,,24543,24603,16,4:15,24545,24605,16,4:15,24546,24606,16,4:15,24607,24622,16,1:15,,,,,,64,16,8,1
dense,1,145,0,c,13,0,18368,16,24634,24634,,24699,24698,24722,24723,,,0,,,,0,,,,0,,24635,24695,16,4:15,24637,24697,16,4:15,24638,24698,16,4:15,24699,24714,16,1:15,,,,,,64,16,8,1
dense,1,146,0,c,14,0,18496,16,24726,24726,,24791,24790,24814,24815,,,0,,,,0,,,,0,,24727,24787,16,4:15,24729,24789,16,4:15,24730,24790,16,4:15,24791,24806,16,1:15,,,,,,64,16,8,1
dense,1,147,0,c,15,0,18624,16,24818,24818,,24883,24882,24906,24907,,,0,,,,0,,,,0,,24819,24879,16,4:15,24821,24881,16,4:15,24822,24882,16,4:15,24883,24898,16,1:15,,,,,,64,16,8,1
dense,1,148,0,c,16,0,18752,16,24910,24910,,24975,24974,24998,24999,,,0,,,,0,,,,0,,24911,24971,16,4:15,24913,24973,16,4:15,24914,24974,16,4:15,24975,24990,16,1:15,,,,,,64,16,8,1
dense,1,149,0,c,17,0,18880,16,25002,25002,,25067,25066,25090,25091,,,0,,,,0,,,,0,,25003,25063,16,4:15,25005,25065,16,4:15,25006,25066,16,4:15,25067,25082,16,1:15,,,,,,64,16,8,1
dense,1,150,0,c,18,0,19008,16,25094,25094,,25159,25158,25182,25183,,,0,,,,0,,,,0,,25095,25155,16,4:15,25097,25157,16,4:15,25098,25158,16,4:15,25159,25174,16,1:15,,,,,,64,16,8,1
dense,1,151,0,c,19,0,19136,16,25186,25186,,25251,25250,25274,25275,,,0,,,,0,,,,0,,25187,25247,16,4:15,25189,25249,16,4:15,25190,25250,16,4:15,25251,25266,16,1:15,,,,,,64,16,8,1
dense,1,152,0,c,20,0,19264,16,25278,25278,,25343,25342,25366,25367,,,0,,,,0,,,,0,,25279,25339,16,4:15,25281,25341,16,4:15,25282,25342,16,4:15,25343,25358,16,1:15,,,,,,64,16,8,1
dense,1,153,0,c,21,0,19392,16,25370,25370,,25435,25434,25458,25459,,,0,,,,0,,,,0,,25371,25431,16,4:15,25373,25433,16,4:15,25374,25434,16,4:15,25435,25450,16,1:15,,,,,,64,16,8,1
dense,1,154,0,c,22,0,19520,16,25462,25462,,25527,25526,25550,25551,,,0,,,,0,,,,0,,25463,25523,16,4:15,25465,25525,16,4:15,25466,25526,16,4:15,25527,25542,16,1:15,,,,,,64,16,8,1
dense,1,155,0,c,23,0,19648,16,25554,25554,,25619,25618,25642,25643,,,0,,,,0,,,,0,,25555,25615,16,4:15,25557,25617,16,4:15,25558,25618,16,4:15,25619,25634,16,1:15,,,,,,64,16,8,1
dense,1,156,0,c,24,0,19776,16,25646,25646,,25711,25710,25734,25735,,,0,,,,0,,,,0,,25647,25707,16,4:15,25649,25709,16,4:15,25650,25710,16,4:15,25711,25726,16,1:15,,,,,,64,16,8,1
dense,1,157,0,c,25,0,19904,16,25738,25738,,25803,25802,25826,25827,,,0,,,,0,,,,0,,25739,25799,16,4:15,25741,25801,16,4:15,25742,25802,16,4:15,25803,25818,16,1:15,,,,,,64,16,8,1
dense,1,158,0,c,26,0,20032,16,25830,25830,,25895,25894,25918,25919,,,0,,,,0,,,,0,,25831,25891,16,4:15,25833,25893,16,4:15,25834,25894,16,4:15,25895,25910,16,1:15,,,,,,64,16,8,1
dense,1,159,0,c,27,0,20160,16,25922,25922,,25987,25986,26010,26011,,,0,,,,0,,,,0,,25923,25983,16,4:15,25925,25985,16,4:15,25926,25986,16,4:15,25987,26002,16,1:15,,,,,,64,16,8,1
dense,1,160,0,c,28,0,20288,16,26014,26014,,26079,26078,26102,26103,,,0,,,,0,,,,0,,26015,26075,16,4:15,26017,26077,16,4:15,26018,26078,16,4:15,26079,26094,16,1:15,,,,,,64,16,8,1
dense,1,161,0,c,29,0,20416,8,26106,26106,,26139,26138,26154,26155,,,0,,,,0,,,,0,,26107,26135,8,4:7,26109,26137,8,4:7,26110,26138,8,4:7,26139,26146,8,1:7,,,,,,32,8,8,1
dense,1,162,0,c,29,8,20480,8,26158,26158,,26191,26190,26206,26207,,,0,,,,0,,,,0,,26159,26187,8,4:7,26161,26189,8,4:7,26162,26190,8,4:7,26191,26198,8,1:7,,,,,,32,8,8,1
dense,1,163,0,c,30,0,20544,16,26210,26210,,26275,26274,26298,26299,,,0,,,,0,,,,0,,26211,26271,16,4:15,26213,26273,16,4:15,26214,26274,16,4:15,26275,26290,16,1:15,,,,,,64,16,8,1
dense,1,164,0,c,31,0,20672,16,26302,26302,,26367,26366,26390,26391,,,0,,,,0,,,,0,,26303,26363,16,4:15,26305,26365,16,4:15,26306,26366,16,4:15,26367,26382,16,1:15,,,,,,64,16,8,1
odd,2,0,0,a,0,0,64,2,6,6,7,,,,22,17,18,2,1:1,19,20,2,1:1,20,21,2,1:1,,,0,,,,0,,,,0,,,,0,,1,10,1,3,1,,,,
odd,2,1,0,a,1,0,128,2,25,25,26,,,,41,36,37,2,1:1,38,39,2,1:1,39,40,2,1:1,,,0,,,,0,,,,0,,,,0,,1,10,1,3,1,,,,
odd,2,2,0,a,2,0,192,2,44,44,45,,,,60,55,56,2,1:1,57,58,2,1:1,58,59,2,1:1,,,0,,,,0,,,,0,,,,0,,1,10,1,3,1,,,,
odd,2,3,0,a,3,0,256,2,63,63,64,,,,79,74,75,2,1:1,76,77,2,1:1,77,78,2,1:1,,,0,,,,0,,,,0,,,,0,,1,10,1,3,1,,,,
odd,2,4,0,a,4,0,320,2,82,82,83,,,,98,93,94,2,1:1,95,96,2,1:1,96,97,2,1:1,,,0,,,,0,,,,0,,,,0,,1,10,1,3,1,,,,
odd,2,5,0,bt,0,0,512,2,106,106,107,,,,122,117,118,2,1:1,119,120,2,1:1,120,121,2,1:1,,,0,,,,0,,,,0,,,,0,,1,10,1,3,1,,,,
odd,2,6,0,bt,1,0,576,2,125,125,126,,,,141,136,137,2,1:1,138,139,2,1:1,139,140,2,1:1,,,0,,,,0,,,,0,,,,0,,1,10,1,3,1,,,,
odd,2,7,0,bt,2,0,640,2,144,144,145,,,,160,155,156,2,1:1,157,158,2,1:1,158,159,2,1:1,,,0,,,,0,,,,0,,,,0,,1,10,1,3,1,,,,
odd,2,8,0,c,0,0,832,2,218,218,,227,226,236,237,,,0,,,,0,,,,0,,219,223,2,4:1,221,225,2,4:1,222,226,2,4:1,227,228,2,1:1,,,,,,8,2,8,1
odd,2,9,0,c,1,0,896,2,240,240,,249,248,258,259,,,0,,,,0,,,,0,,241,245,2,4:1,243,247,2,4:1,244,248,2,4:1,249,250,2,1:1,,,,,,8,2,8,1
odd,2,10,0,c,2,0,960,2,262,262,,271,270,280,281,,,0,,,,0,,,,0,,263,267,2,4:1,265,269,2,4:1,266,270,2,4:1,271,272,2,1:1,,,,,,8,2,8,1
odd,2,11,0,c,3,0,1024,2,284,284,,293,292,302,303,,,0,,,,0,,,,0,,285,289,2,4:1,287,291,2,4:1,288,292,2,4:1,293,294,2,1:1,,,,,,8,2,8,1
odd,2,12,0,c,4,0,1088,2,306,306,,315,314,324,325,,,0,,,,0,,,,0,,307,311,2,4:1,309,313,2,4:1,310,314,2,4:1,315,316,2,1:1,,,,,,8,2,8,1
multi_tile,3,0,0,a,0,0,64,16,6,6,7,,,,50,17,32,16,1:15,33,48,16,1:15,34,49,16,1:15,,,0,,,,0,,,,0,,,,0,,1,10,15,17,1,,,,
multi_tile,3,1,0,a,0,16,192,16,53,53,54,,,,97,64,79,16,1:15,80,95,16,1:15,81,96,16,1:15,,,0,,,,0,,,,0,,,,0,,1,10,15,17,1,,,,
multi_tile,3,2,0,a,1,0,320,16,100,100,101,,,,144,111,126,16,1:15,127,142,16,1:15,128,143,16,1:15,,,0,,,,0,,,,0,,,,0,,1,10,15,17,1,,,,
multi_tile,3,3,0,a,1,16,448,16,147,147,148,,,,191,158,173,16,1:15,174,189,16,1:15,175,190,16,1:15,,,0,,,,0,,,,0,,,,0,,1,10,15,17,1,,,,
multi_tile,3,4,0,a,2,0,576,16,194,194,195,,,,238,205,220,16,1:15,221,236,16,1:15,222,237,16,1:15,,,0,,,,0,,,,0,,,,0,,1,10,15,17,1,,,,
multi_tile,3,5,0,a,2,16,704,16,241,241,242,,,,285,252,267,16,1:15,268,283,16,1:15,269,284,16,1:15,,,0,,,,0,,,,0,,,,0,,1,10,15,17,1,,,,
multi_tile,3,6,0,a,3,0,832,16,288,288,289,,,,332,299,314,16,1:15,315,330,16,1:15,316,331,16,1:15,,,0,,,,0,,,,0,,,,0,,1,10,15,17,1,,,,
multi_tile,3,7,0,a,3,16,960,16,335,335,336,,,,379,346,361,16,1:15,362,377,16,1:15,363,378,16,1:15,,,0,,,,0,,,,0,,,,0,,1,10,15,17,1,,,,
multi_tile,3,8,0,a,4,0,1088,16,382,382,383,,,,426,393,408,16,1:15,409,424,16,1:15,410,425,16,1:15,,,0,,,,0,,,,0,,,,0,,1,10,15,17,1,,,,
multi_tile,3,9,0,a,4,16,1216,16,429,429,430,,,,473,440,455,16,1:15,456,471,16,1:15,457,472,16,1:15,,,0,,,,0,,,,0,,,,0,,1,10,15,17,1,,,,
multi_tile,3,10,0,a,5,0,1344,16,476,476,477,,,,520,487,502,16,1:15,503,518,16,1:15,504,519,16,1:15,,,0,,,,0,,,,0,,,,0,,1,10,15,17,1,,,,
multi_tile,3,11,0,a,5,16,1472,16,523,523,524,,,,567,534,549,16,1:15,550,565,16,1:15,551,566,16,1:15,,,0,,,,0,,,,0,,,,0,,1,10,15,17,1,,,,
multi_tile,3,12,0,a,6,0,1600,16,570,570,571,,,,614,581,596,16,1:15,597,612,16,1:15,598,613,16,1:15,,,0,,,,0,,,,0,,,,0,,1,10,15,17,1,,,,
multi_tile,3,13,0,a,6,16,1728,16,617,617,618,,,,661,628,643,16,1:15,644,659,16,1:15,645,660,16,1:15,,,0,,,,0,,,,0,,,,0,,1,10,15,17,1,,,,
multi_tile,3,14,0,a,7,0,1856,16,664,664,665,,,,708,675,690,16,1:15,691,706,16,1:15,692,707,16,1:15,,,0,,,,0,,,,0,,,,0,,1,10,15,17,1,,,,
multi_tile,3,15,0,a,7,16,1984,16,711,711,712,,,,755,722,737,16,1:15,738,753,16,1:15,739,754,16,1:15,,,0,,,,0,,,,0,,,,0,,1,10,15,17,1,,,,
multi_tile,3,16,0,a,8,0,2112,16,758,758,759,,,,802,769,784,16,1:15,785,800,16,1:15,786,801,16,1:15,,,0,,,,0,,,,0,,,,0,,1,10,15,17,1,,,,
multi_tile,3,17,0,a,8,16,2240,16,805,805,806,,,,849,816,831,16,1:15,832,847,16,1:15,833,848,16,1:15,,,0,,,,0,,,,0,,,,0,,1,10,15,17,1,,,,
multi_tile,3,18,0,a,9,0,2368,16,852,852,853,,,,896,863,878,16,1:15,879,894,16,1:15,880,895,16,1:15,,,0,,,,0,,,,0,,,,0,,1,10,15,17,1,,,,
multi_tile,3,19,0,a,9,16,2496,16,899,899,900,,,,943,910,925,16,1:15,926,941,16,1:15,927,942,16,1:15,,,0,,,,0,,,,0,,,,0,,1,10,15,17,1,,,,
multi_tile,3,20,0,a,10,0,2624,16,946,946,947,,,,990,957,972,16,1:15,973,988,16,1:15,974,989,16,1:15,,,0,,,,0,,,,0,,,,0,,1,10,15,17,1,,,,
multi_tile,3,21,0,a,10,16,2752,16,993,993,994,,,,1037,1004,1019,16,1:15,1020,1035,16,1:15,1021,1036,16,1:15,,,0,,,,0,,,,0,,,,0,,1,10,15,17,1,,,,
multi_tile,3,22,0,a,11,0,2880,16,1040,1040,1041,,,,1084,1051,1066,16,1:15,1067,1082,16,1:15,1068,1083,16,1:15,,,0,,,,0,,,,0,,,,0,,1,10,15,17,1,,,,
multi_tile,3,23,0,a,11,16,3008,16,1087,1087,1088,,,,1131,1098,1113,16,1:15,1114,1129,16,1:15,1115,1130,16,1:15,,,0,,,,0,,,,0,,,,0,,1,10,15,17,1,,,,
multi_tile,3,24,0,a,12,0,3136,16,1134,1134,1135,,,,1178,1145,1160,16,1:15,1161,1176,16,1:15,1162,1177,16,1:15,,,0,,,,0,,,,0,,,,0,,1,10,15,17,1,,,,
multi_tile,3,25,0,a,12,16,3264,16,1181,1181,1182,,,,1225,1192,1207,16,1:15,1208,1223,16,1:15,1209,1224,16,1:15,,,0,,,,0,,,,0,,,,0,,1,10,15,17,1,,,,
multi_tile,3,26,0,a,13,0,3392,16,1228,1228,1229,,,,1272,1239,1254,16,1:15,1255,1270,16,1:15,1256,1271,16,1:15,,,0,,,,0,,,,0,,,,0,,1,10,15,17,1,,,,
multi_tile,3,27,0,a,13,16,3520,16,1275,1275,1276,,,,1319,1286,1301,16,1:15,1302,1317,16,1:15,1303,1318,16,1:15,,,0,,,,0,,,,0,,,,0,,1,10,15,17,1,,,,
multi_tile,3,28,0,a,14,0,3648,16,1322,1322,1323,,,,1366,1333,1348,16,1:15,1349,1364,16,1:15,1350,1365,16,1:15,,,0,,,,0,,,,0,,,,0,,1,10,15,17,1,,,,
multi_tile,3,29,0,a,14,16,3776,16,1369,1369,1370,,,,1413,1380,1395,16,1:15,1396,1411,16,1:15,1397,1412,16,1:15,,,0,,,,0,,,,0,,,,0,,1,10,15,17,1,,,,
multi_tile,3,30,0,a,15,0,3904,16,1416,1416,1417,,,,1460,1427,1442,16,1:15,1443,1458,16,1:15,1444,1459,16,1:15,,,0,,,,0,,,,0,,,,0,,1,10,15,17,1,,,,
multi_tile,3,31,0,a,15,16,4032,8,1463,1463,1464,,,,1491,1474,1481,8,1:7,1482,1489,8,1:7,1483,1490,8,1:7,,,0,,,,0,,,,0,,,,0,,1,10,7,9,1,,,,
multi_tile,3,32,0,a,15,24,4096,8,1494,1494,1495,,,,1522,1505,1512,8,1:7,1513,1520,8,1:7,1514,1521,8,1:7,,,0,,,,0,,,,0,,,,0,,1,10,7,9,1,,,,
multi_tile,3,33,0,a,16,0,4160,16,1525,1525,1526,,,,1569,1536,1551,16,1:15,1552,1567,16,1:15,1553,1568,16,1:15,,,0,,,,0,,,,0,,,,0,,1,10,15,17,1,,,,
multi_tile,3,34,0,a,16,16,4288,16,1572,1572,1573,,,,1616,1583,1598,16,1:15,1599,1614,16,1:15,1600,1615,16,1:15,,,0,,,,0,,,,0,,,,0,,1,10,15,17,1,,,,
multi_tile,3,35,0,a,17,0,4416,16,1619,1619,1620,,,,1663,1630,1645,16,1:15,1646,1661,16,1:15,1647,1662,16,1:15,,,0,,,,0,,,,0,,,,0,,1,10,15,17,1,,,,
multi_tile,3,36,0,a,17,16,4544,16,1666,1666,1667,,,,1710,1677,1692,16,1:15,1693,1708,16,1:15,1694,1709,16,1:15,,,0,,,,0,,,,0,,,,0,,1,10,15,17,1,,,,
multi_tile,3,37,0,a,18,0,4672,16,1713,1713,1714,,,,1757,1724,1739,16,1:15,1740,1755,16,1:15,1741,1756,16,1:15,,,0,,,,0,,,,0,,,,0,,1,10,15,17,1,,,,
multi_tile,3,38,0,a,18,16,4800,16,1760,1760,1761,,,,1804,1771,1786,16,1:15,1787,1802,16,1:15,1788,1803,16,1:15,,,0,,,,0,,,,0,,,,0,,1,10,15,17,1,,,,
multi_tile,3,39,0,a,19,0,4928,16,1807,1807,1808,,,,1851,1818,1833,16,1:15,1834,1849,16,1:15,1835,1850,16,1:15,,,0,,,,0,,,,0,,,,0,,1,10,15,17,1,,,,
multi_tile,3,40,0,a,19,16,5056,16,1854,1854,1855,,,,1898,1865,1880,16,1:15,1881,1896,16,1:15,1882,1897,16,1:15,,,0,,,,0,,,,0,,,,0,,1,10,15,17,1,,,,
multi_tile,3,41,0,a,20,0,5184,16,1901,1901,1902,,,,1945,1912,1927,16,1:15,1928,1943,16,1:15,1929,1944,16,1:15,,,0,,,,0,,,,0,,,,0,,1,10,15,17,1,,,,
multi_tile,3,42,0,a,20,16,5312,16,1948,1948,1949,,,,1992,1959,1974,16,1:15,1975,1990,16,1:15,1976,1991,16,1:15,,,0,,,,0,,,,0,,,,0,,1,10,15,17,1,,,,
multi_tile,3,43,0,a,21,0,5440,16,1995,1995,1996,,,,2039,2006,2021,16,1:15,2022,2037,16,1:15,2023,2038,16,1:15,,,0,,,,0,,,,0,,,,0,,1,10,15,17,1,,,,
multi_tile,3,44,0,a,21,16,5568,16,2042,2042,2043,,,,2086,2053,2068,16,1:15,2069,2084,16,1:15,2070,2085,16,1:15,,,0,,,,0,,,,0,,,,0,,1,10,15,17,1,,,,
multi_tile,3,45,0,a,22,0,5696,16,2089,2089,2090,,,,2133,2100,2115,16,1:15,2116,2131,16,1:15,2117,2132,16,1:15,,,0,,,,0,,,,0,,,,0,,1,10,15,17,1,,,,
multi_tile,3,46,0,a,22,16,5824,16,2136,2136,2137,,,,2180,2147,2162,16,1:15,2163,2178,16,1:15,2164,2179,16,1:15,,,0,,,,0,,,,0,,,,0,,1,10,15,17,1,,,,
multi_tile,3,47,0,a,23,0,5952,16,2183,2183,2184,,,,2227,2194,2209,16,1:15,2210,2225,16,1:15,2211,2226,16,1:15,,,0,,,,0,,,,0,,,,0,,1,10,15,17,1,,,,
multi_tile,3,48,0,a,23,16,6080,16,2230,2230,2231,,,,2274,2241,2256,16,1:15,2257,2272,16,1:15,2258,2273,16,1:15,,,0,,,,0,,,,0,,,,0,,1,10,15,17,1,,,,
multi_tile,3,49,0,a,24,0,6208,16,2277,2277,2278,,,,2321,2288,2303,16,1:15,2304,2319,16,1:15,2305,2320,16,1:15,,,0,,,,0,,,,0,,,,0,,1,10,15,17,1,,,,
multi_tile,3,50,0,a,24,16,6336,16,2324,2324,2325,,,,2368,2335,2350,16,1:15,2351,2366,16,1:15,2352,2367,16,1:15,,,0,,,,0,,,,0,,,,0,,1,10,15,17,1,,,,
multi_tile,3,51,0,a,25,0,6464,16,2371,2371,2372,,,,2415,2382,2397,16,1:15,2398,2413,16,1:15,2399,2414,16,1:15,,,0,,,,0,,,,0,,,,0,,1,10,15,17,1,,,,
multi_tile,3,52,0,a,25,16,6592,16,2418,2418,2419,,,,2462,2429,2444,16,1:15,2445,2460,16,1:15,2446,2461,16,1:15,,,0,,,,0,,,,0,,,,0,,1,10,15,17,1,,,,
multi_tile,3,53,0,a,26,0,6720,16,2465,2465,2466,,,,2509,2476,2491,16,1:15,2492,2507,16,1:15,2493,2508,16,1:15,,,0,,,,0,,,,0,,,,0,,1,10,15,17,1,,,,
multi_tile,3,54,0,a,26,16,6848,16,2512,2512,2513,,,,2556,2523,2538,16,1:15,2539,2554,16,1:15,2540,2555,16,1:15,,,0,,,,0,,,,0,,,,0,,1,10,15,17,1,,,,
multi_tile,3,55,0,a,27,0,6976,16,2559,2559,2560,,,,2603,2570,2585,16,1:15,2586,2601,16,1:15,2587,2602,16,1:15,,,0,,,,0,,,,0,,,,0,,1,10,15,17,1,,,,
multi_tile,3,56,0,a,27,16,7104,16,2606,2606,2607,,,,2650,2617,2632,16,1:15,2633,2648,16,1:15,2634,2649,16,1:15,,,0,,,,0,,,,0,,,,0,,1,10,15,17,1,,,,
multi_tile,3,57,0,a,28,0,7232,16,2653,2653,2654,,,,2697,2664,2679,16,1:15,2680,2695,16,1:15,2681,2696,16,1:15,,,0,,,,0,,,,0,,,,0,,1,10,15,17,1,,,,
multi_tile,3,58,0,a,28,16,7360,16,2700,2700,2701,,,,2744,2711,2726,16,1:15,2727,2742,16,1:15,2728,2743,16,1:15,,,0,,,,0,,,,0,,,,0,,1,10,15,17,1,,,,
multi_tile,3,59,0,a,29,0,7488,16,2747,2747,2748,,,,2791,2758,2773,16,1:15,2774,2789,16,1:15,2775,2790,16,1:15,,,0,,,,0,,,,0,,,,0,,1,10,15,17,1,,,,
multi_tile,3,60,0,a,29,16,7616,16,2794,2794,2795,,,,2838,2805,2820,16,1:15,2821,2836,16,1:15,2822,2837,16,1:15,,,0,,,,0,,,,0,,,,0,,1,10,15,17,1,,,,
multi_tile,3,61,0,a,30,0,7744,16,2841,2841,2842,,,,2885,2852,2867,16,1:15,2868,2883,16,1:15,2869,2884,16,1:15,,,0,,,,0,,,,0,,,,0,,1,10,15,17,1,,,,
multi_tile,3,62,0,a,30,16,7872,16,2888,2888,2889,,,,2932,2899,2914,16,1:15,2915,2930,16,1:15,2916,2931,16,1:15,,,0,,,,0,,,,0,,,,0,,1,10,15,17,1,,,,
multi_tile,3,63,0,a,31,0,8000,16,2935,2935,2936,,,,2979,2946,2961,16,1:15,2962,2977,16,1:15,2963,2978,16,1:15,,,0,,,,0,,,,0,,,,0,,1,10,15,17,1,,,,
multi_tile,3,64,0,a,31,16,8128,8,2982,2982,2983,,,,3010,2993,3000,8,1:7,3001,3008,8,1:7,3002,3009,8,1:7,,,0,,,,0,,,,0,,,,0,,1,10,7,9,1,,,,
multi_tile,3,65,0,a,31,24,8192,8,3013,3013,3014,,,,3041,3024,3031,8,1:7,3032,3039,8,1:7,3033,3040,8,1:7,,,0,,,,0,,,,0,,,,0,,1,10,7,9,1,,,,
multi_tile,3,66,0,bt,0,0,8640,16,3049,3049,3050,,,,3093,3060,3075,16,1:15,3076,3091,16,1:15,3077,3092,16,1:15,,,0,,,,0,,,,0,,,,0,,1,10,15,17,1,,,,
multi_tile,3,67,0,bt,0,16,8768,16,3096,3096,3097,,,,3140,3107,3122,16,1:15,3123,3138,16,1:15,3124,3139,16,1:15,,,0,,,,0,,,,0,,,,0,,1,10,15,17,1,,,,
multi_tile,3,68,0,bt,1,0,8896,16,3143,3143,3144,,,,3187,3154,3169,16,1:15,3170,3185,16,1:15,3171,3186,16,1:15,,,0,,,,0,,,,0,,,,0,,1,10,15,17,1,,,,
multi_tile,3,69,0,bt,1,16,9024,16,3190,3190,3191,,,,3234,3201,3216,16,1:15,3217,3232,16,1:15,3218,3233,16,1:15,,,0,,,,0,,,,0,,,,0,,1,10,15,17,1,,,,
multi_tile,3,70,0,bt,2,0,9152,16,3237,3237,3238,,,,3281,3248,3263,16,1:15,3264,3279,16,1:15,3265,3280,16,1:15,,,0,,,,0,,,,0,,,,0,,1,10,15,17,1,,,,
multi_tile,3,71,0,bt,2,16,9280,16,3284,3284,3285,,,,3328,3295,3310,16,1:15,3311,3326,16,1:15,3312,3327,16,1:15,,,0,,,,0,,,,0,,,,0,,1,10,15,17,1,,,,
multi_tile,3,72,0,bt,3,0,9408,16,3331,3331,3332,,,,3375,3342,3357,16,1:15,3358,3373,16,1:15,3359,3374,16,1:15,,,0,,,,0,,,,0,,,,0,,1,10,15,17,1,,,,
multi_tile,3,73,0,bt,3,16,9536,16,3378,3378,3379,,,,3422,3389,3404,16,1:15,3405,3420,16,1:15,3406,3421,16,1:15,,,0,,,,0,,,,0,,,,0,,1,10,15,17,1,,,,
multi_tile,3,74,0,bt,4,0,9664,16,3425,3425,3426,,,,3469,3436,3451,16,1:15,3452,3467,16,1:15,3453,3468,16,1:15,,,0,,,,0,,,,0,,,,0,,1,10,15,17,1,,,,
multi_tile,3,75,0,bt,4,16,9792,16,3472,3472,3473,,,,3516,3483,3498,16,1:15,3499,3514,16,1:15,3500,3515,16,1:15,,,0,,,,0,,,,0,,,,0,,1,10,15,17,1,,,,
multi_tile,3,76,0,bt,5,0,9920,16,3519,3519,3520,,,,3563,3530,3545,16,1:15,3546,3561,16,1:15,3547,3562,16,1:15,,,0,,,,0,,,,0,,,,0,,1,10,15,17,1,,,,
multi_tile,3,77,0,bt,5,16,10048,16,3566,3566,3567,,,,3610,3577,3592,16,1:15,3593,3608,16,1:15,3594,3609,16,1:15,,,0,,,,0,,,,0,,,,0,,1,10,15,17,1,,,,
multi_tile,3,78,0,bt,6,0,10176,16,3613,3613,3614,,,,3657,3624,3639,16,1:15,3640,3655,16,1:15,3641,3656,16,1:15,,,0,,,,0,,,,0,,,,0,,1,10,15,17,1,,,,
multi_tile,3,79,0,bt,6,16,10304,16,3660,3660,3661,,,,3704,3671,3686,16,1:15,3687,3702,16,1:15,3688,3703,16,1:15,,,0,,,,0,,,,0,,,,0,,1,10,15,17,1,,,,
multi_tile,3,80,0,bt,7,0,10432,16,3707,3707,3708,,,,3751,3718,3733,16,1:15,3734,3749,16,1:15,3735,3750,16,1:15,,,0,,,,0,,,,0,,,,0,,1,10,15,17,1,,,,
multi_tile,3,81,0,bt,7,16,10560,16,3754,3754,3755,,,,3798,3765,3780,16,1:15,3781,3796,16,1:15,3782,3797,16,1:15,,,0,,,,0,,,,0,,,,0,,1,10,15,17,1,,,,
multi_tile,3,82,0,bt,8,0,10688,16,3801,3801,3802,,,,3845,3812,3827,16,1:15,3828,3843,16,1:15,3829,3844,16,1:15,,,0,,,,0,,,,0,,,,0,,1,10,15,17,1,,,,
multi_tile,3,83,0,bt,8,16,10816,16,3848,3848,3849,,,,3892,3859,3874,16,1:15,3875,3890,16,1:15,3876,3891,16,1:15,,,0,,,,0,,,,0,,,,0,,1,10,15,17,1,,,,
multi_tile,3,84,0,bt,9,0,10944,16,3895,3895,3896,,,,3939,3906,3921,16,1:15,3922,3937,16,1:15,3923,3938,16,1:15,,,0,,,,0,,,,0,,,,0,,1,10,15,17,1,,,,
multi_tile,3,85,0,bt,9,16,11072,16,3942,3942,3943,,,,3986,3953,3968,16,1:15,3969,3984,16,1:15,3970,3985,16,1:15,,,0,,,,0,,,,0,,,,0,,1,10,15,17,1,,,,
multi_tile,3,86,0,bt,10,0,11200,16,3989,3989,3990,,,,4033,4000,4015,16,1:15,4016,4031,16,1:15,4017,4032,16,1:15,,,0,,,,0,,,,0,,,,0,,1,10,15,17,1,,,,
multi_tile,3,87,0,bt,10,16,11328,16,4036,4036,4037,,,,4080,4047,4062,16,1:15,4063,4078,16,1:15,4064,4079,16,1:15,,,0,,,,0,,,,0,,,,0,,1,10,15,17,1,,,,
multi_tile,3,88,0,bt,11,0,11456,16,4083,4083,4084,,,,4127,4094,4109,16,1:15,4110,4125,16,1:15,4111,4126,16,1:15,,,0,,,,0,,,,0,,,,0,,1,10,15,17,1,,,,
multi_tile,3,89,0,bt,11,16,11584,16,4130,4130,4131,,,,4174,4141,4156,16,1:15,4157,4172,16,1:15,4158,4173,16,1:15,,,0,,,,0,,,,0,,,,0,,1,10,15,17,1,,,,
multi_tile,3,90,0,bt,12,0,11712,16,4177,4177,4178,,,,4221,4188,4203,16,1:15,4204,4219,16,1:15,4205,4220,16,1:15,,,0,,,,0,,,,0,,,,0,,1,10,15,17,1,,,,
multi_tile,3,91,0,bt,12,16,11840,16,4224,4224,4225,,,,4268,4235,4250,16,1:15,4251,4266,16,1:15,4252,4267,16,1:15,,,0,,,,0,,,,0,,,,0,,1,10,15,17,1,,,,
multi_tile,3,92,0,bt,13,0,11968,16,4271,4271,4272,,,,4315,4282,4297,16,1:15,4298,4313,16,1:15,4299,4314,16,1:15,,,0,,,,0,,,,0,,,,0,,1,10,15,17,1,,,,
multi_tile,3,93,0,bt,13,16,12096,16,4318,4318,4319,,,,4362,4329,4344,16,1:15,4345,4360,16,1:15,4346,4361,16,1:15,,,0,,,,0,,,,0,,,,0,,1,10,15,17,1,,,,
multi_tile,3,94,0,bt,14,0,12224,8,4365,4365,4366,,,,4393,4376,4383,8,1:7,4384,4391,8,1:7,4385,4392,8,1:7,,,0,,,,0,,,,0,,,,0,,1,10,7,9,1,,,,
multi_tile,3,95,0,bt,14,8,12288,16,4396,4396,4397,,,,4440,4407,4422,16,1:15,4423,4438,16,1:15,4424,4439,16,1:15,,,0,,,,0,,,,0,,,,0,,1,10,15,17,1,,,,
multi_tile,3,96,0,bt,14,24,12416,8,4443,4443,4444,,,,4471,4454,4461,8,1:7,4462,4469,8,1:7,4463,4470,8,1:7,,,0,,,,0,,,,0,,,,0,,1,10,7,9,1,,,,
multi_tile,3,97,0,bt,15,0,12480,16,4474,4474,4475,,,,4518,4485,4500,16,1:15,4501,4516,16,1:15,4502,4517,16,1:15,,,0,,,,0,,,,0,,,,0,,1,10,15,17,1,,,,
multi_tile,3,98,0,bt,15,16,12608,16,4521,4521,4522,,,,4565,4532,4547,16,1:15,4548,4563,16,1:15,4549,4564,16,1:15,,,0,,,,0,,,,0,,,,0,,1,10,15,17,1,,,,
multi_tile,3,99,0,bt,16,0,12736,16,4568,4568,4569,,,,4612,4579,4594,16,1:15,4595,4610,16,1:15,4596,4611,16,1:15,,,0,,,,0,,,,0,,,,0,,1,10,15,17,1,,,,
multi_tile,3,100,0,bt,16,16,12864,16,4615,4615,4616,,,,4659,4626,4641,16,1:15,4642,4657,16,1:15,4643,4658,16,1:15,,,0,,,,0,,,,0,,,,0,,1,10,15,17,1,,,,
multi_tile,3,101,0,bt,17,0,12992,16,4662,4662,4663,,,,4706,4673,4688,16,1:15,4689,4704,16,1:15,4690,4705,16,1:15,,,0,,,,0,,,,0,,,,0,,1,10,15,17,1,,,,
multi_tile,3,102,0,bt,17,16,13120,16,4709,4709,4710,,,,4753,4720,4735,16,1:15,4736,4751,16,1:15,4737,4752,16,1:15,,,0,,,,0,,,,0,,,,0,,1,10,15,17,1,,,,
multi_tile,3,103,0,bt,18,0,13248,16,4756,4756,4757,,,,4800,4767,4782,16,1:15,4783,4798,16,1:15,4784,4799,16,1:15,,,0,,,,0,,,,0,,,,0,,1,10,15,17,1,,,,
multi_tile,3,104,0,bt,18,16,13376,16,4803,4803,4804,,,,4847,4814,4829,16,1:15,4830,4845,16,1:15,4831,4846,16,1:15,,,0,,,,0,,,,0,,,,0,,1,10,15,17,1,,,,
multi_tile,3,105,0,bt,19,0,13504,16,4850,4850,4851,,,,4894,4861,4876,16,1:15,4877,4892,16,1:15,4878,4893,16,1:15,,,0,,,,0,,,,0,,,,0,,1,10,15,17,1,,,,
multi_tile,3,106,0,bt,19,16,13632,16,4897,4897,4898,,,,4941,4908,4923,16,1:15,4924,4939,16,1:15,4925,4940,16,1:15,,,0,,,,0,,,,0,,,,0,,1,10,15,17,1,,,,
multi_tile,3,107,0,bt,20,0,13760,16,4944,4944,4945,,,,4988,4955,4970,16,1:15,4971,4986,16,1:15,4972,4987,16,1:15,,,0,,,,0,,,,0,,,,0,,1,10,15,17,1,,,,
multi_tile,3,108,0,bt,20,16,13888,16,4991,4991,4992,,,,5035,5002,5017,16,1:15,5018,5033,16,1:15,5019,5034,16,1:15,,,0,,,,0,,,,0,,,,0,,1,10,15,17,1,,,,
multi_tile,3,109,0,bt,21,0,14016,16,5038,5038,5039,,,,5082,5049,5064,16,1:15,5065,5080,16,1:15,5066,5081,16,1:15,,,0,,,,0,,,,0,,,,0,,1,10,15,17,1,,,,
multi_tile,3,110,0,bt,21,16,14144,16,5085,5085,5086,,,,5129,5096,5111,16,1:15,5112,5127,16,1:15,5113,5128,16,1:15,,,0,,,,0,,,,0,,,,0,,1,10,15,17,1,,,,
multi_tile,3,111,0,bt,22,0,14272,16,5132,5132,5133,,,,5176,5143,5158,16,1:15,5159,5174,16,1:15,5160,5175,16,1:15,,,0,,,,0,,,,0,,,,0,,1,10,15,17,1,,,,
multi_tile,3,112,0,bt,22,16,14400,16,5179,5179,5180,,,,5223,5190,5205,16,1:15,5206,5221,16,1:15,5207,5222,16,1:15,,,0,,,,0,,,,0,,,,0,,1,10,15,17,1,,,,
multi_tile,3,113,0,bt,23,0,14528,16,5226,5226,5227,,,,5270,5237,5252,16,1:15,5253,5268,16,1:15,5254,5269,16,1:15,,,0,,,,0,,,,0,,,,0,,1,10,15,17,1,,,,
multi_tile,3,114,0,bt,23,16,14656,16,5273,5273,5274,,,,5317,5284,5299,16,1:15,5300,5315,16,1:15,5301,5316,16,1:15,,,0,,,,0,,,,0,,,,0,,1,10,15,17,1,,,,
multi_tile,3,115,0,bt,24,0,14784,16,5320,5320,5321,,,,5364,5331,5346,16,1:15,5347,5362,16,1:15,5348,5363,16,1:15,,,0,,,,0,,,,0,,,,0,,1,10,15,17,1,,,,
multi_tile,3,116,0,bt,24,16,14912,16,5367,5367,5368,,,,5411,5378,5393,16,1:15,5394,5409,16,1:15,5395,5410,16,1:15,,,0,,,,0,,,,0,,,,0,,1,10,15,17,1,,,,
multi_tile,3,117,0,bt,25,0,15040,16,5414,5414,5415,,,,5458,5425,5440,16,1:15,5441,5456,16,1:15,5442,5457,16,1:15,,,0,,,,0,,,,0,,,,0,,1,10,15,17,1,,,,
multi_tile,3,118,0,bt,25,16,15168,16,5461,5461,5462,,,,5505,5472,5487,16,1:15,5488,5503,16,1:15,5489,5504,16,1:15,,,0,,,,0,,,,0,,,,0,,1,10,15,17,1,,,,
multi_tile,3,119,0,bt,26,0,15296,16,5508,5508,5509,,,,5552,5519,5534,16,1:15,5535,5550,16,1:15,5536,5551,16,1:15,,,0,,,,0,,,,0,,,,0,,1,10,15,17,1,,,,
multi_tile,3,120,0,bt,26,16,15424,16,5555,5555,5556,,,,5599,5566,5581,16,1:15,5582,5597,16,1:15,5583,5598,16,1:15,,,0,,,,0,,,,0,,,,0,,1,10,15,17,1,,,,
multi_tile,3,121,0,bt,27,0,15552,16,5602,5602,5603,,,,5646,5613,5628,16,1:15,5629,5644,16,1:15,5630,5645,16,1:15,,,0,,,,0,,,,0,,,,0,,1,10,15,17,1,,,,
multi_tile,3,122,0,bt,27,16,15680,16,5649,5649,5650,,,,5693,5660,5675,16,1:15,5676,5691,16,1:15,5677,5692,16,1:15,,,0,,,,0,,,,0,,,,0,,1,10,15,17,1,,,,
multi_tile,3,123,0,bt,28,0,15808,16,5696,5696,5697,,,,5740,5707,5722,16,1:15,5723,5738,16,1:15,5724,5739,16,1:15,,,0,,,,0,,,,0,,,,0,,1,10,15,17,1,,,,
multi_tile,3,124,0,bt,28,16,15936,16,5743,5743,5744,,,,5787,5754,5769,16,1:15,5770,5785,16,1:15,5771,5786,16,1:15,,,0,,,,0,,,,0,,,,0,,1,10,15,17,1,,,,
multi_tile,3,125,0,bt,29,0,16064,16,5790,5790,5791,,,,5834,5801,5816,16,1:15,5817,5832,16,1:15,5818,5833,16,1:15,,,0,,,,0,,,,0,,,,0,,1,10,15,17,1,,,,
multi_tile,3,126,0,bt,29,16,16192,16,5837,5837,5838,,,,5881,5848,5863,16,1:15,5864,5879,16,1:15,5865,5880,16,1:15,,,0,,,,0,,,,0,,,,0,,1,10,15,17,1,,,,
multi_tile,3,127,0,bt,30,0,16320,8,5884,5884,5885,,,,5912,5895,5902,8,1:7,5903,5910,8,1:7,5904,5911,8,1:7,,,0,,,,0,,,,0,,,,0,,1,10,7,9,1,,,,
multi_tile,3,128,0,bt,30,8,16384,16,5915,5915,5916,,,,5959,5926,5941,16,1:15,5942,5957,16,1:15,5943,5958,16,1:15,,,0,,,,0,,,,0,,,,0,,1,10,15,17,1,,,,
multi_tile,3,129,0,bt,30,24,16512,8,5962,5962,5963,,,,5990,5973,5980,8,1:7,5981,5988,8,1:7,5982,5989,8,1:7,,,0,,,,0,,,,0,,,,0,,1,10,7,9,1,,,,
multi_tile,3,130,0,bt,31,0,16576,16,5993,5993,5994,,,,6037,6004,6019,16,1:15,6020,6035,16,1:15,6021,6036,16,1:15,,,0,,,,0,,,,0,,,,0,,1,10,15,17,1,,,,
multi_tile,3,131,0,bt,31,16,16704,16,6040,6040,6041,,,,6084,6051,6066,16,1:15,6067,6082,16,1:15,6068,6083,16,1:15,,,0,,,,0,,,,0,,,,0,,1,10,15,17,1,,,,
multi_tile,3,132,0,c,0,0,17728,16,23438,23438,,23503,23502,23526,23527,,,0,,,,0,,,,0,,23439,23499,16,4:15,23441,23501,16,4:15,23442,23502,16,4:15,23503,23518,16,1:15,,,,,,64,16,8,1
multi_tile,3,133,0,c,1,0,17920,16,23530,23530,,23595,23594,23618,23619,,,0,,,,0,,,,0,,23531,23591,16,4:15,23533,23593,16,4:15,23534,23594,16,4:15,23595,23610,16,1:15,,,,,,64,16,8,1
multi_tile,3,134,0,c,2,0,18112,16,23622,23622,,23687,23686,23710,23711,,,0,,,,0,,,,0,,23623,23683,16,4:15,23625,23685,16,4:15,23626,23686,16,4:15,23687,23702,16,1:15,,,,,,64,16,8,1
multi_tile,3,135,0,c,3,0,18304,16,23714,23714,,23779,23778,23802,23803,,,0,,,,0,,,,0,,23715,23775,16,4:15,23717,23777,16,4:15,23718,23778,16,4:15,23779,23794,16,1:15,,,,,,64,16,8,1
multi_tile,3,136,0,c,4,0,18496,16,23806,23806,,23871,23870,23894,23895,,,0,,,,0,,,,0,,23807,23867,16,4:15,23809,23869,16,4:15,23810,23870,16,4:15,23871,23886,16,1:15,,,,,,64,16,8,1
multi_tile,3,137,0,c,5,0,18688,16,23898,23898,,23963,23962,23986,23987,,,0,,,,0,,,,0,,23899,23959,16,4:15,23901,23961,16,4:15,23902,23962,16,4:15,23963,23978,16,1:15,,,,,,64,16,8,1
multi_tile,3,138,0,c,6,0,18880,16,23990,23990,,24055,24054,24078,24079,,,0,,,,0,,,,0,,23991,24051,16,4:15,23993,24053,16,4:15,23994,24054,16,4:15,24055,24070,16,1:15,,,,,,64,16,8,1
multi_tile,3,139,0,c,7,0,19072,16,24082,24082,,24147,24146,24170,24171,,,0,,,,0,,,,0,,24083,24143,16,4:15,24085,24145,16,4:15,24086,24146,16,4:15,24147,24162,16,1:15,,,,,,64,16,8,1
multi_tile,3,140,0,c,8,0,19264,16,24174,24174,,24239,24238,24262,24263,,,0,,,,0,,,,0,,24175,24235,16,4:15,24177,24237,16,4:15,24178,24238,16,4:15,24239,24254,16,1:15,,,,,,64,16,8,1
multi_tile,3,141,0,c,9,0,19456,16,24266,24266,,24331,24330,24354,24355,,,0,,,,0,,,,0,,24267,24327,16,4:15,24269,24329,16,4:15,24270,24330,16,4:15,24331,24346,16,1:15,,,,,,64,16,8,1
multi_tile,3,142,0,c,10,0,19648,16,24358,24358,,24423,24422,24446,24447,,,0,,,,0,,,,0,,24359,24419,16,4:15,24361,24421,16,4:15,24362,24422,16,4:15,24423,24438,16,1:15,,,,,,64,16,8,1
multi_tile,3,143,0,c,11,0,19840,16,24450,24450,,24515,24514,24538,24539,,,0,,,,0,,,,0,,24451,24511,16,4:15,24453,24513,16,4:15,24454,24514,16,4:15,24515,24530,16,1:15,,,,,,64,16,8,1
multi_tile,3,144,0,c,12,0,20032,16,24542,24542,,24607,24606,24630,24631,,,0,,,,0,,,,0,,24543,24603,16,4:15,24545,24605,16,4:15,24546,24606,16,4:15,24607,24622,16,1:15,,,,,,64,16,8,1
multi_tile,3,145,0,c,13,0,20224,16,24634,24634,,24699,24698,24722,24723,,,0,,,,0,,,,0,,24635,24695,16,4:15,24637,24697,16,4:15,24638,24698,16,4:15,24699,24714,16,1:15,,,,,,64,16,8,1
multi_tile,3,146,0,c,14,0,20416,8,24726,24726,,24759,24758,24774,24775,,,0,,,,0,,,,0,,24727,24755,8,4:7,24729,24757,8,4:7,24730,24758,8,4:7,24759,24766,8,1:7,,,,,,32,8,8,1
multi_tile,3,147,0,c,14,8,20480,8,24778,24778,,24811,24810,24826,24827,,,0,,,,0,,,,0,,24779,24807,8,4:7,24781,24809,8,4:7,24782,24810,8,4:7,24811,24818,8,1:7,,,,,,32,8,8,1
multi_tile,3,148,0,c,15,0,20608,16,24830,24830,,24895,24894,24918,24919,,,0,,,,0,,,,0,,24831,24891,16,4:15,24833,24893,16,4:15,24834,24894,16,4:15,24895,24910,16,1:15,,,,,,64,16,8,1
multi_tile,3,149,0,c,16,0,20800,16,24922,24922,,24987,24986,25010,25011,,,0,,,,0,,,,0,,24923,24983,16,4:15,24925,24985,16,4:15,24926,24986,16,4:15,24987,25002,16,1:15,,,,,,64,16,8,1
multi_tile,3,150,0,c,17,0,20992,16,25014,25014,,25079,25078,25102,25103,,,0,,,,0,,,,0,,25015,25075,16,4:15,25017,25077,16,4:15,25018,25078,16,4:15,25079,25094,16,1:15,,,,,,64,16,8,1
multi_tile,3,151,0,c,18,0,21184,16,25106,25106,,25171,25170,25194,25195,,,0,,,,0,,,,0,,25107,25167,16,4:15,25109,25169,16,4:15,25110,25170,16,4:15,25171,25186,16,1:15,,,,,,64,16,8,1
multi_tile,3,152,0,c,19,0,21376,16,25198,25198,,25263,25262,25286,25287,,,0,,,,0,,,,0,,25199,25259,16,4:15,25201,25261,16,4:15,25202,25262,16,4:15,25263,25278,16,1:15,,,,,,64,16,8,1
multi_tile,3,153,0,c,20,0,21568,16,25290,25290,,25355,25354,25378,25379,,,0,,,,0,,,,0,,25291,25351,16,4:15,25293,25353,16,4:15,25294,25354,16,4:15,25355,25370,16,1:15,,,,,,64,16,8,1
multi_tile,3,154,0,c,21,0,21760,16,25382,25382,,25447,25446,25470,25471,,,0,,,,0,,,,0,,25383,25443,16,4:15,25385,25445,16,4:15,25386,25446,16,4:15,25447,25462,16,1:15,,,,,,64,16,8,1
multi_tile,3,155,0,c,22,0,21952,16,25474,25474,,25539,25538,25562,25563,,,0,,,,0,,,,0,,25475,25535,16,4:15,25477,25537,16,4:15,25478,25538,16,4:15,25539,25554,16,1:15,,,,,,64,16,8,1
multi_tile,3,156,0,c,23,0,22144,16,25566,25566,,25631,25630,25654,25655,,,0,,,,0,,,,0,,25567,25627,16,4:15,25569,25629,16,4:15,25570,25630,16,4:15,25631,25646,16,1:15,,,,,,64,16,8,1
multi_tile,3,157,0,c,24,0,22336,16,25658,25658,,25723,25722,25746,25747,,,0,,,,0,,,,0,,25659,25719,16,4:15,25661,25721,16,4:15,25662,25722,16,4:15,25723,25738,16,1:15,,,,,,64,16,8,1
multi_tile,3,158,0,c,25,0,22528,16,25750,25750,,25815,25814,25838,25839,,,0,,,,0,,,,0,,25751,25811,16,4:15,25753,25813,16,4:15,25754,25814,16,4:15,25815,25830,16,1:15,,,,,,64,16,8,1
multi_tile,3,159,0,c,26,0,22720,16,25842,25842,,25907,25906,25930,25931,,,0,,,,0,,,,0,,25843,25903,16,4:15,25845,25905,16,4:15,25846,25906,16,4:15,25907,25922,16,1:15,,,,,,64,16,8,1
multi_tile,3,160,0,c,27,0,22912,16,25934,25934,,25999,25998,26022,26023,,,0,,,,0,,,,0,,25935,25995,16,4:15,25937,25997,16,4:15,25938,25998,16,4:15,25999,26014,16,1:15,,,,,,64,16,8,1
multi_tile,3,161,0,c,28,0,23104,16,26026,26026,,26091,26090,26114,26115,,,0,,,,0,,,,0,,26027,26087,16,4:15,26029,26089,16,4:15,26030,26090,16,4:15,26091,26106,16,1:15,,,,,,64,16,8,1
multi_tile,3,162,0,c,29,0,23296,16,26118,26118,,26183,26182,26206,26207,,,0,,,,0,,,,0,,26119,26179,16,4:15,26121,26181,16,4:15,26122,26182,16,4:15,26183,26198,16,1:15,,,,,,64,16,8,1
multi_tile,3,163,0,c,30,0,23488,16,26210,26210,,26275,26274,26298,26299,,,0,,,,0,,,,0,,26211,26271,16,4:15,26213,26273,16,4:15,26214,26274,16,4:15,26275,26290,16,1:15,,,,,,64,16,8,1
multi_tile,3,164,0,c,31,0,23680,16,26302,26302,,26367,26366,26390,26391,,,0,,,,0,,,,0,,26303,26363,16,4:15,26305,26365,16,4:15,26306,26366,16,4:15,26367,26382,16,1:15,,,,,,64,16,8,1
multi_tile,3,165,1,a,0,0,64,16,26400,26400,26401,,,,26444,26411,26426,16,1:15,26427,26442,16,1:15,26428,26443,16,1:15,,,0,,,,0,,,,0,,,,0,,1,10,15,17,1,,,,
multi_tile,3,166,1,a,0,16,192,16,26447,26447,26448,,,,26491,26458,26473,16,1:15,26474,26489,16,1:15,26475,26490,16,1:15,,,0,,,,0,,,,0,,,,0,,1,10,15,17,1,,,,
multi_tile,3,167,1,a,1,0,320,16,26494,26494,26495,,,,26538,26505,26520,16,1:15,26521,26536,16,1:15,26522,26537,16,1:15,,,0,,,,0,,,,0,,,,0,,1,10,15,17,1,,,,
multi_tile,3,168,1,a,1,16,448,16,26541,26541,26542,,,,26585,26552,26567,16,1:15,26568,26583,16,1:15,26569,26584,16,1:15,,,0,,,,0,,,,0,,,,0,,1,10,15,17,1,,,,
multi_tile,3,169,1,a,2,0,576,16,26588,26588,26589,,,,26632,26599,26614,16,1:15,26615,26630,16,1:15,26616,26631,16,1:15,,,0,,,,0,,,,0,,,,0,,1,10,15,17,1,,,,
multi_tile,3,170,1,a,2,16,704,16,26635,26635,26636,,,,26679,26646,26661,16,1:15,26662,26677,16,1:15,26663,26678,16,1:15,,,0,,,,0,,,,0,,,,0,,1,10,15,17,1,,,,
multi_tile,3,171,1,a,3,0,832,16,26682,26682,26683,,,,26726,26693,26708,16,1:15,26709,26724,16,1:15,26710,26725,16,1:15,,,0,,,,0,,,,0,,,,0,,1,10,15,17,1,,,,
multi_tile,3,172,1,a,3,16,960,16,26729,26729,26730,,,,26773,26740,26755,16,1:15,26756,26771,16,1:15,26757,26772,16,1:15,,,0,,,,0,,,,0,,,,0,,1,10,15,17,1,,,,
multi_tile,3,173,1,a,4,0,1088,16,26776,26776,26777,,,,26820,26787,26802,16,1:15,26803,26818,16,1:15,26804,26819,16,1:15,,,0,,,,0,,,,0,,,,0,,1,10,15,17,1,,,,
multi_tile,3,174,1,a,4,16,1216,16,26823,26823,26824,,,,26867,26834,26849,16,1:15,26850,26865,16,1:15,26851,26866,16,1:15,,,0,,,,0,,,,0,,,,0,,1,10,15,17,1,,,,
multi_tile,3,175,1,a,5,0,1344,16,26870,26870,26871,,,,26914,26881,26896,16,1:15,26897,26912,16,1:15,26898,26913,16,1:15,,,0,,,,0,,,,0,,,,0,,1,10,15,17,1,,,,
multi_tile,3,176,1,a,5,16,1472,16,26917,26917,26918,,,,26961,26928,26943,16,1:15,26944,26959,16,1:15,26945,26960,16,1:15,,,0,,,,0,,,,0,,,,0,,1,10,15,17,1,,,,
multi_tile,3,177,1,a,6,0,1600,16,26964,26964,26965,,,,27008,26975,26990,16,1:15,26991,27006,16,1:15,26992,27007,16,1:15,,,0,,,,0,,,,0,,,,0,,1,10,15,17,1,,,,
multi_tile,3,178,1,a,6,16,1728,16,27011,27011,27012,,,,27055,27022,27037,16,1:15,27038,27053,16,1:15,27039,27054,16,1:15,,,0,,,,0,,,,0,,,,0,,1,10,15,17,1,,,,
multi_tile,3,179,1,a,7,0,1856,16,27058,27058,27059,,,,27102,27069,27084,16,1:15,27085,27100,16,1:15,27086,27101,16,1:15,,,0,,,,0,,,,0,,,,0,,1,10,15,17,1,,,,
multi_tile,3,180,1,a,7,16,1984,16,27105,27105,27106,,,,27149,27116,27131,16,1:15,27132,27147,16,1:15,27133,27148,16,1:15,,,0,,,,0,,,,0,,,,0,,1,10,15,17,1,,,,
multi_tile,3,181,1,a,8,0,2112,16,27152,27152,27153,,,,27196,27163,27178,16,1:15,27179,27194,16,1:15,27180,27195,16,1:15,,,0,,,,0,,,,0,,,,0,,1,10,15,17,1,,,,
multi_tile,3,182,1,a,8,16,2240,16,27199,27199,27200,,,,27243,27210,27225,16,1:15,27226,27241,16,1:15,27227,27242,16,1:15,,,0,,,,0,,,,0,,,,0,,1,10,15,17,1,,,,
multi_tile,3,183,1,a,9,0,2368,16,27246,27246,27247,,,,27290,27257,27272,16,1:15,27273,27288,16,1:15,27274,27289,16,1:15,,,0,,,,0,,,,0,,,,0,,1,10,15,17,1,,,,
multi_tile,3,184,1,a,9,16,2496,16,27293,27293,27294,,,,27337,27304,27319,16,1:15,27320,27335,16,1:15,27321,27336,16,1:15,,,0,,,,0,,,,0,,,,0,,1,10,15,17,1,,,,
multi_tile,3,185,1,a,10,0,2624,16,27340,27340,27341,,,,27384,27351,27366,16,1:15,27367,27382,16,1:15,27368,27383,16,1:15,,,0,,,,0,,,,0,,,,0,,1,10,15,17,1,,,,
multi_tile,3,186,1,a,10,16,2752,16,27387,27387,27388,,,,27431,27398,27413,16,1:15,27414,27429,16,1:15,27415,27430,16,1:15,,,0,,,,0,,,,0,,,,0,,1,10,15,17,1,,,,
multi_tile,3,187,1,a,11,0,2880,16,27434,27434,27435,,,,27478,27445,27460,16,1:15,27461,27476,16,1:15,27462,27477,16,1:15,,,0,,,,0,,,,0,,,,0,,1,10,15,17,1,,,,
multi_tile,3,188,1,a,11,16,3008,16,27481,27481,27482,,,,27525,27492,27507,16,1:15,27508,27523,16,1:15,27509,27524,16,1:15,,,0,,,,0,,,,0,,,,0,,1,10,15,17,1,,,,
multi_tile,3,189,1,a,12,0,3136,16,27528,27528,27529,,,,27572,27539,27554,16,1:15,27555,27570,16,1:15,27556,27571,16,1:15,,,0,,,,0,,,,0,,,,0,,1,10,15,17,1,,,,
multi_tile,3,190,1,a,12,16,3264,16,27575,27575,27576,,,,27619,27586,27601,16,1:15,27602,27617,16,1:15,27603,27618,16,1:15,,,0,,,,0,,,,0,,,,0,,1,10,15,17,1,,,,
multi_tile,3,191,1,a,13,0,3392,16,27622,27622,27623,,,,27666,27633,27648,16,1:15,27649,27664,16,1:15,27650,27665,16,1:15,,,0,,,,0,,,,0,,,,0,,1,10,15,17,1,,,,
multi_tile,3,192,1,a,13,16,3520,16,27669,27669,27670,,,,27713,27680,27695,16,1:15,27696,27711,16,1:15,27697,27712,16,1:15,,,0,,,,0,,,,0,,,,0,,1,10,15,17,1,,,,
multi_tile,3,193,1,a,14,0,3648,16,27716,27716,27717,,,,27760,27727,27742,16,1:15,27743,27758,16,1:15,27744,27759,16,1:15,,,0,,,,0,,,,0,,,,0,,1,10,15,17,1,,,,
multi_tile,3,194,1,a,14,16,3776,16,27763,27763,27764,,,,27807,27774,27789,16,1:15,27790,27805,16,1:15,27791,27806,16,1:15,,,0,,,,0,,,,0,,,,0,,1,10,15,17,1,,,,
multi_tile,3,195,1,a,15,0,3904,16,27810,27810,27811,,,,27854,27821,27836,16,1:15,27837,27852,16,1:15,27838,27853,16,1:15,,,0,,,,0,,,,0,,,,0,,1,10,15,17,1,,,,
multi_tile,3,196,1,a,15,16,4032,8,27857,27857,27858,,,,27885,27868,27875,8,1:7,27876,27883,8,1:7,27877,27884,8,1:7,,,0,,,,0,,,,0,,,,0,,1,10,7,9,1,,,,
multi_tile,3,197,1,a,15,24,4096,8,27888,27888,27889,,,,27916,27899,27906,8,1:7,27907,27914,8,1:7,27908,27915,8,1:7,,,0,,,,0,,,,0,,,,0,,1,10,7,9,1,,,,
multi_tile,3,198,1,a,16,0,4160,16,27919,27919,27920,,,,27963,27930,27945,16,1:15,27946,27961,16,1:15,27947,27962,16,1:15,,,0,,,,0,,,,0,,,,0,,1,10,15,17,1,,,,
multi_tile,3,199,1,a,16,16,4288,16,27966,27966,27967,,,,28010,27977,27992,16,1:15,27993,28008,16,1:15,27994,28009,16,1:15,,,0,,,,0,,,,0,,,,0,,1,10,15,17,1,,,,
multi_tile,3,200,1,a,17,0,4416,16,28013,28013,28014,,,,28057,28024,28039,16,1:15,28040,28055,16,1:15,28041,28056,16,1:15,,,0,,,,0,,,,0,,,,0,,1,10,15,17,1,,,,
multi_tile,3,201,1,a,17,16,4544,16,28060,28060,28061,,,,28104,28071,28086,16,1:15,28087,28102,16,1:15,28088,28103,16,1:15,,,0,,,,0,,,,0,,,,0,,1,10,15,17,1,,,,
multi_tile,3,202,1,a,18,0,4672,16,28107,28107,28108,,,,28151,28118,28133,16,1:15,28134,28149,16,1:15,28135,28150,16,1:15,,,0,,,,0,,,,0,,,,0,,1,10,15,17,1,,,,
multi_tile,3,203,1,a,18,16,4800,16,28154,28154,28155,,,,28198,28165,28180,16,1:15,28181,28196,16,1:15,28182,28197,16,1:15,,,0,,,,0,,,,0,,,,0,,1,10,15,17,1,,,,
multi_tile,3,204,1,a,19,0,4928,16,28201,28201,28202,,,,28245,28212,28227,16,1:15,28228,28243,16,1:15,28229,28244,16,1:15,,,0,,,,0,,,,0,,,,0,,1,10,15,17,1,,,,
multi_tile,3,205,1,a,19,16,5056,16,28248,28248,28249,,,,28292,28259,28274,16,1:15,28275,28290,16,1:15,28276,28291,16,1:15,,,0,,,,0,,,,0,,,,0,,1,10,15,17,1,,,,
multi_tile,3,206,1,a,20,0,5184,16,28295,28295,28296,,,,28339,28306,28321,16,1:15,28322,28337,16,1:15,28323,28338,16,1:15,,,0,,,,0,,,,0,,,,0,,1,10,15,17,1,,,,
multi_tile,3,207,1,a,20,16,5312,16,28342,28342,28343,,,,28386,28353,28368,16,1:15,28369,28384,16,1:15,28370,28385,16,1:15,,,0,,,,0,,,,0,,,,0,,1,10,15,17,1,,,,
multi_tile,3,208,1,a,21,0,5440,16,28389,28389,28390,,,,28433,28400,28415,16,1:15,28416,28431,16,1:15,28417,28432,16,1:15,,,0,,,,0,,,,0,,,,0,,1,10,15,17,1,,,,
multi_tile,3,209,1,a,21,16,5568,16,28436,28436,28437,,,,28480,28447,28462,16,1:15,28463,28478,16,1:15,28464,28479,16,1:15,,,0,,,,0,,,,0,,,,0,,1,10,15,17,1,,,,
multi_tile,3,210,1,a,22,0,5696,16,28483,28483,28484,,,,28527,28494,28509,16,1:15,28510,28525,16,1:15,28511,28526,16,1:15,,,0,,,,0,,,,0,,,,0,,1,10,15,17,1,,,,
multi_tile,3,211,1,a,22,16,5824,16,28530,28530,28531,,,,28574,28541,28556,16,1:15,28557,28572,16,1:15,28558,28573,16,1:15,,,0,,,,0,,,,0,,,,0,,1,10,15,17,1,,,,
multi_tile,3,212,1,a,23,0,5952,16,28577,28577,28578,,,,28621,28588,28603,16,1:15,28604,28619,16,1:15,28605,28620,16,1:15,,,0,,,,0,,,,0,,,,0,,1,10,15,17,1,,,,
multi_tile,3,213,1,a,23,16,6080,16,28624,28624,28625,,,,28668,28635,28650,16,1:15,28651,28666,16,1:15,28652,28667,16,1:15,,,0,,,,0,,,,0,,,,0,,1,10,15,17,1,,,,
multi_tile,3,214,1,a,24,0,6208,16,28671,28671,28672,,,,28715,28682,28697,16,1:15,28698,28713,16,1:15,28699,28714,16,1:15,,,0,,,,0,,,,0,,,,0,,1,10,15,17,1,,,,
multi_tile,3,215,1,a,24,16,6336,16,28718,28718,28719,,,,28762,28729,28744,16,1:15,28745,28760,16,1:15,28746,28761,16,1:15,,,0,,,,0,,,,0,,,,0,,1,10,15,17,1,,,,
multi_tile,3,216,1,a,25,0,6464,16,28765,28765,28766,,,,28809,28776,28791,16,1:15,28792,28807,16,1:15,28793,28808,16,1:15,,,0,,,,0,,,,0,,,,0,,1,10,15,17,1,,,,
multi_tile,3,217,1,a,25,16,6592,16,28812,28812,28813,,,,28856,28823,28838,16,1:15,28839,28854,16,1:15,28840,28855,16,1:15,,,0,,,,0,,,,0,,,,0,,1,10,15,17,1,,,,
multi_tile,3,218,1,a,26,0,6720,16,28859,28859,28860,,,,28903,28870,28885,16,1:15,28886,28901,16,1:15,28887,28902,16,1:15,,,0,,,,0,,,,0,,,,0,,1,10,15,17,1,,,,
multi_tile,3,219,1,a,26,16,6848,16,28906,28906,28907,,,,28950,28917,28932,16,1:15,28933,28948,16,1:15,28934,28949,16,1:15,,,0,,,,0,,,,0,,,,0,,1,10,15,17,1,,,,
multi_tile,3,220,1,a,27,0,6976,16,28953,28953,28954,,,,28997,28964,28979,16,1:15,28980,28995,16,1:15,28981,28996,16,1:15,,,0,,,,0,,,,0,,,,0,,1,10,15,17,1,,,,
multi_tile,3,221,1,a,27,16,7104,16,29000,29000,29001,,,,29044,29011,29026,16,1:15,29027,29042,16,1:15,29028,29043,16,1:15,,,0,,,,0,,,,0,,,,0,,1,10,15,17,1,,,,
multi_tile,3,222,1,a,28,0,7232,16,29047,29047,29048,,,,29091,29058,29073,16,1:15,29074,29089,16,1:15,29075,29090,16,1:15,,,0,,,,0,,,,0,,,,0,,1,10,15,17,1,,,,
multi_tile,3,223,1,a,28,16,7360,16,29094,29094,29095,,,,29138,29105,29120,16,1:15,29121,29136,16,1:15,29122,29137,16,1:15,,,0,,,,0,,,,0,,,,0,,1,10,15,17,1,,,,
multi_tile,3,224,1,a,29,0,7488,16,29141,29141,29142,,,,29185,29152,29167,16,1:15,29168,29183,16,1:15,29169,29184,16,1:15,,,0,,,,0,,,,0,,,,0,,1,10,15,17,1,,,,
multi_tile,3,225,1,a,29,16,7616,16,29188,29188,29189,,,,29232,29199,29214,16,1:15,29215,29230,16,1:15,29216,29231,16,1:15,,,0,,,,0,,,,0,,,,0,,1,10,15,17,1,,,,
multi_tile,3,226,1,a,30,0,7744,16,29235,29235,29236,,,,29279,29246,29261,16,1:15,29262,29277,16,1:15,29263,29278,16,1:15,,,0,,,,0,,,,0,,,,0,,1,10,15,17,1,,,,
multi_tile,3,227,1,a,30,16,7872,16,29282,29282,29283,,,,29326,29293,29308,16,1:15,29309,29324,16,1:15,29310,29325,16,1:15,,,0,,,,0,,,,0,,,,0,,1,10,15,17,1,,,,
multi_tile,3,228,1,a,31,0,8000,16,29329,29329,29330,,,,29373,29340,29355,16,1:15,29356,29371,16,1:15,29357,29372,16,1:15,,,0,,,,0,,,,0,,,,0,,1,10,15,17,1,,,,
multi_tile,3,229,1,a,31,16,8128,8,29376,29376,29377,,,,29404,29387,29394,8,1:7,29395,29402,8,1:7,29396,29403,8,1:7,,,0,,,,0,,,,0,,,,0,,1,10,7,9,1,,,,
multi_tile,3,230,1,a,31,24,8192,8,29407,29407,29408,,,,29435,29418,29425,8,1:7,29426,29433,8,1:7,29427,29434,8,1:7,,,0,,,,0,,,,0,,,,0,,1,10,7,9,1,,,,
multi_tile,3,231,1,bt,0,0,16832,16,29443,29443,29444,,,,29487,29454,29469,16,1:15,29470,29485,16,1:15,29471,29486,16,1:15,,,0,,,,0,,,,0,,,,0,,1,10,15,17,1,,,,
multi_tile,3,232,1,bt,0,16,16960,16,29490,29490,29491,,,,29534,29501,29516,16,1:15,29517,29532,16,1:15,29518,29533,16,1:15,,,0,,,,0,,,,0,,,,0,,1,10,15,17,1,,,,
multi_tile,3,233,1,bt,1,0,17088,16,29537,29537,29538,,,,29581,29548,29563,16,1:15,29564,29579,16,1:15,29565,29580,16,1:15,,,0,,,,0,,,,0,,,,0,,1,10,15,17,1,,,,
multi_tile,3,234,1,bt,1,16,17216,16,29584,29584,29585,,,,29628,29595,29610,16,1:15,29611,29626,16,1:15,29612,29627,16,1:15,,,0,,,,0,,,,0,,,,0,,1,10,15,17,1,,,,
multi_tile,3,235,1,bt,2,0,17344,16,29631,29631,29632,,,,29675,29642,29657,16,1:15,29658,29673,16,1:15,29659,29674,16,1:15,,,0,,,,0,,,,0,,,,0,,1,10,15,17,1,,,,
multi_tile,3,236,1,bt,2,16,17472,16,29678,29678,29679,,,,29722,29689,29704,16,1:15,29705,29720,16,1:15,29706,29721,16,1:15,,,0,,,,0,,,,0,,,,0,,1,10,15,17,1,,,,
multi_tile,3,237,1,c,0,0,17856,2,31900,31900,,31909,31908,31918,31919,,,0,,,,0,,,,0,,31901,31905,2,4:1,31903,31907,2,4:1,31904,31908,2,4:1,31909,31910,2,1:1,,,,,,8,2,8,1
multi_tile,3,238,1,c,1,0,18048,2,31922,31922,,31931,31930,31940,31941,,,0,,,,0,,,,0,,31923,31927,2,4:1,31925,31929,2,4:1,31926,31930,2,4:1,31931,31932,2,1:1,,,,,,8,2,8,1
multi_tile,3,239,1,c,2,0,18240,2,31944,31944,,31953,31952,31962,31963,,,0,,,,0,,,,0,,31945,31949,2,4:1,31947,31951,2,4:1,31948,31952,2,4:1,31953,31954,2,1:1,,,,,,8,2,8,1
multi_tile,3,240,1,c,3,0,18432,2,31966,31966,,31975,31974,31984,31985,,,0,,,,0,,,,0,,31967,31971,2,4:1,31969,31973,2,4:1,31970,31974,2,4:1,31975,31976,2,1:1,,,,,,8,2,8,1
multi_tile,3,241,1,c,4,0,18624,2,31988,31988,,31997,31996,32006,32007,,,0,,,,0,,,,0,,31989,31993,2,4:1,31991,31995,2,4:1,31992,31996,2,4:1,31997,31998,2,1:1,,,,,,8,2,8,1
multi_tile,3,242,1,c,5,0,18816,2,32010,32010,,32019,32018,32028,32029,,,0,,,,0,,,,0,,32011,32015,2,4:1,32013,32017,2,4:1,32014,32018,2,4:1,32019,32020,2,1:1,,,,,,8,2,8,1
multi_tile,3,243,1,c,6,0,19008,2,32032,32032,,32041,32040,32050,32051,,,0,,,,0,,,,0,,32033,32037,2,4:1,32035,32039,2,4:1,32036,32040,2,4:1,32041,32042,2,1:1,,,,,,8,2,8,1
multi_tile,3,244,1,c,7,0,19200,2,32054,32054,,32063,32062,32072,32073,,,0,,,,0,,,,0,,32055,32059,2,4:1,32057,32061,2,4:1,32058,32062,2,4:1,32063,32064,2,1:1,,,,,,8,2,8,1
multi_tile,3,245,1,c,8,0,19392,2,32076,32076,,32085,32084,32094,32095,,,0,,,,0,,,,0,,32077,32081,2,4:1,32079,32083,2,4:1,32080,32084,2,4:1,32085,32086,2,1:1,,,,,,8,2,8,1
multi_tile,3,246,1,c,9,0,19584,2,32098,32098,,32107,32106,32116,32117,,,0,,,,0,,,,0,,32099,32103,2,4:1,32101,32105,2,4:1,32102,32106,2,4:1,32107,32108,2,1:1,,,,,,8,2,8,1
multi_tile,3,247,1,c,10,0,19776,2,32120,32120,,32129,32128,32138,32139,,,0,,,,0,,,,0,,32121,32125,2,4:1,32123,32127,2,4:1,32124,32128,2,4:1,32129,32130,2,1:1,,,,,,8,2,8,1
multi_tile,3,248,1,c,11,0,19968,2,32142,32142,,32151,32150,32160,32161,,,0,,,,0,,,,0,,32143,32147,2,4:1,32145,32149,2,4:1,32146,32150,2,4:1,32151,32152,2,1:1,,,,,,8,2,8,1
multi_tile,3,249,1,c,12,0,20160,2,32164,32164,,32173,32172,32182,32183,,,0,,,,0,,,,0,,32165,32169,2,4:1,32167,32171,2,4:1,32168,32172,2,4:1,32173,32174,2,1:1,,,,,,8,2,8,1
multi_tile,3,250,1,c,13,0,20352,2,32186,32186,,32195,32194,32204,32205,,,0,,,,0,,,,0,,32187,32191,2,4:1,32189,32193,2,4:1,32190,32194,2,4:1,32195,32196,2,1:1,,,,,,8,2,8,1
multi_tile,3,251,1,c,14,0,20544,2,32208,32208,,32217,32216,32226,32227,,,0,,,,0,,,,0,,32209,32213,2,4:1,32211,32215,2,4:1,32212,32216,2,4:1,32217,32218,2,1:1,,,,,,8,2,8,1
multi_tile,3,252,1,c,15,0,20736,2,32230,32230,,32239,32238,32248,32249,,,0,,,,0,,,,0,,32231,32235,2,4:1,32233,32237,2,4:1,32234,32238,2,4:1,32239,32240,2,1:1,,,,,,8,2,8,1
multi_tile,3,253,1,c,16,0,20928,2,32252,32252,,32261,32260,32270,32271,,,0,,,,0,,,,0,,32253,32257,2,4:1,32255,32259,2,4:1,32256,32260,2,4:1,32261,32262,2,1:1,,,,,,8,2,8,1
multi_tile,3,254,1,c,17,0,21120,2,32274,32274,,32283,32282,32292,32293,,,0,,,,0,,,,0,,32275,32279,2,4:1,32277,32281,2,4:1,32278,32282,2,4:1,32283,32284,2,1:1,,,,,,8,2,8,1
multi_tile,3,255,1,c,18,0,21312,2,32296,32296,,32305,32304,32314,32315,,,0,,,,0,,,,0,,32297,32301,2,4:1,32299,32303,2,4:1,32300,32304,2,4:1,32305,32306,2,1:1,,,,,,8,2,8,1
multi_tile,3,256,1,c,19,0,21504,2,32318,32318,,32327,32326,32336,32337,,,0,,,,0,,,,0,,32319,32323,2,4:1,32321,32325,2,4:1,32322,32326,2,4:1,32327,32328,2,1:1,,,,,,8,2,8,1
multi_tile,3,257,1,c,20,0,21696,2,32340,32340,,32349,32348,32358,32359,,,0,,,,0,,,,0,,32341,32345,2,4:1,32343,32347,2,4:1,32344,32348,2,4:1,32349,32350,2,1:1,,,,,,8,2,8,1
multi_tile,3,258,1,c,21,0,21888,2,32362,32362,,32371,32370,32380,32381,,,0,,,,0,,,,0,,32363,32367,2,4:1,32365,32369,2,4:1,32366,32370,2,4:1,32371,32372,2,1:1,,,,,,8,2,8,1
multi_tile,3,259,1,c,22,0,22080,2,32384,32384,,32393,32392,32402,32403,,,0,,,,0,,,,0,,32385,32389,2,4:1,32387,32391,2,4:1,32388,32392,2,4:1,32393,32394,2,1:1,,,,,,8,2,8,1
multi_tile,3,260,1,c,23,0,22272,2,32406,32406,,32415,32414,32424,32425,,,0,,,,0,,,,0,,32407,32411,2,4:1,32409,32413,2,4:1,32410,32414,2,4:1,32415,32416,2,1:1,,,,,,8,2,8,1
multi_tile,3,261,1,c,24,0,22464,2,32428,32428,,32437,32436,32446,32447,,,0,,,,0,,,,0,,32429,32433,2,4:1,32431,32435,2,4:1,32432,32436,2,4:1,32437,32438,2,1:1,,,,,,8,2,8,1
multi_tile,3,262,1,c,25,0,22656,2,32450,32450,,32459,32458,32468,32469,,,0,,,,0,,,,0,,32451,32455,2,4:1,32453,32457,2,4:1,32454,32458,2,4:1,32459,32460,2,1:1,,,,,,8,2,8,1
multi_tile,3,263,1,c,26,0,22848,2,32472,32472,,32481,32480,32490,32491,,,0,,,,0,,,,0,,32473,32477,2,4:1,32475,32479,2,4:1,32476,32480,2,4:1,32481,32482,2,1:1,,,,,,8,2,8,1
multi_tile,3,264,1,c,27,0,23040,2,32494,32494,,32503,32502,32512,32513,,,0,,,,0,,,,0,,32495,32499,2,4:1,32497,32501,2,4:1,32498,32502,2,4:1,32503,32504,2,1:1,,,,,,8,2,8,1
multi_tile,3,265,1,c,28,0,23232,2,32516,32516,,32525,32524,32534,32535,,,0,,,,0,,,,0,,32517,32521,2,4:1,32519,32523,2,4:1,32520,32524,2,4:1,32525,32526,2,1:1,,,,,,8,2,8,1
multi_tile,3,266,1,c,29,0,23424,2,32538,32538,,32547,32546,32556,32557,,,0,,,,0,,,,0,,32539,32543,2,4:1,32541,32545,2,4:1,32542,32546,2,4:1,32547,32548,2,1:1,,,,,,8,2,8,1
multi_tile,3,267,1,c,30,0,23616,2,32560,32560,,32569,32568,32578,32579,,,0,,,,0,,,,0,,32561,32565,2,4:1,32563,32567,2,4:1,32564,32568,2,4:1,32569,32570,2,1:1,,,,,,8,2,8,1
multi_tile,3,268,1,c,31,0,23808,2,32582,32582,,32591,32590,32600,32601,,,0,,,,0,,,,0,,32583,32587,2,4:1,32585,32589,2,4:1,32586,32590,2,4:1,32591,32592,2,1:1,,,,,,8,2,8,1
multi_tile,3,269,2,a,0,0,8256,16,32610,32610,32611,,,,32654,32621,32636,16,1:15,32637,32652,16,1:15,32638,32653,16,1:15,,,0,,,,0,,,,0,,,,0,,1,10,15,17,1,,,,
multi_tile,3,270,2,a,0,16,8384,16,32657,32657,32658,,,,32701,32668,32683,16,1:15,32684,32699,16,1:15,32685,32700,16,1:15,,,0,,,,0,,,,0,,,,0,,1,10,15,17,1,,,,
multi_tile,3,271,2,bt,0,0,8640,16,32709,32709,32710,,,,32753,32720,32735,16,1:15,32736,32751,16,1:15,32737,32752,16,1:15,,,0,,,,0,,,,0,,,,0,,1,10,15,17,1,,,,
multi_tile,3,272,2,bt,0,16,8768,16,32756,32756,32757,,,,32800,32767,32782,16,1:15,32783,32798,16,1:15,32784,32799,16,1:15,,,0,,,,0,,,,0,,,,0,,1,10,15,17,1,,,,
multi_tile,3,273,2,bt,1,0,8896,16,32803,32803,32804,,,,32847,32814,32829,16,1:15,32830,32845,16,1:15,32831,32846,16,1:15,,,0,,,,0,,,,0,,,,0,,1,10,15,17,1,,,,
multi_tile,3,274,2,bt,1,16,9024,16,32850,32850,32851,,,,32894,32861,32876,16,1:15,32877,32892,16,1:15,32878,32893,16,1:15,,,0,,,,0,,,,0,,,,0,,1,10,15,17,1,,,,
multi_tile,3,275,2,bt,2,0,9152,16,32897,32897,32898,,,,32941,32908,32923,16,1:15,32924,32939,16,1:15,32925,32940,16,1:15,,,0,,,,0,,,,0,,,,0,,1,10,15,17,1,,,,
multi_tile,3,276,2,bt,2,16,9280,16,32944,32944,32945,,,,32988,32955,32970,16,1:15,32971,32986,16,1:15,32972,32987,16,1:15,,,0,,,,0,,,,0,,,,0,,1,10,15,17,1,,,,
multi_tile,3,277,2,bt,3,0,9408,16,32991,32991,32992,,,,33035,33002,33017,16,1:15,33018,33033,16,1:15,33019,33034,16,1:15,,,0,,,,0,,,,0,,,,0,,1,10,15,17,1,,,,
multi_tile,3,278,2,bt,3,16,9536,16,33038,33038,33039,,,,33082,33049,33064,16,1:15,33065,33080,16,1:15,33066,33081,16,1:15,,,0,,,,0,,,,0,,,,0,,1,10,15,17,1,,,,
multi_tile,3,279,2,bt,4,0,9664,16,33085,33085,33086,,,,33129,33096,33111,16,1:15,33112,33127,16,1:15,33113,33128,16,1:15,,,0,,,,0,,,,0,,,,0,,1,10,15,17,1,,,,
multi_tile,3,280,2,bt,4,16,9792,16,33132,33132,33133,,,,33176,33143,33158,16,1:15,33159,33174,16,1:15,33160,33175,16,1:15,,,0,,,,0,,,,0,,,,0,,1,10,15,17,1,,,,
multi_tile,3,281,2,bt,5,0,9920,16,33179,33179,33180,,,,33223,33190,33205,16,1:15,33206,33221,16,1:15,33207,33222,16,1:15,,,0,,,,0,,,,0,,,,0,,1,10,15,17,1,,,,
multi_tile,3,282,2,bt,5,16,10048,16,33226,33226,33227,,,,33270,33237,33252,16,1:15,33253,33268,16,1:15,33254,33269,16,1:15,,,0,,,,0,,,,0,,,,0,,1,10,15,17,1,,,,
multi_tile,3,283,2,bt,6,0,10176,16,33273,33273,33274,,,,33317,33284,33299,16,1:15,33300,33315,16,1:15,33301,33316,16,1:15,,,0,,,,0,,,,0,,,,0,,1,10,15,17,1,,,,
multi_tile,3,284,2,bt,6,16,10304,16,33320,33320,33321,,,,33364,33331,33346,16,1:15,33347,33362,16,1:15,33348,33363,16,1:15,,,0,,,,0,,,,0,,,,0,,1,10,15,17,1,,,,
multi_tile,3,285,2,bt,7,0,10432,16,33367,33367,33368,,,,33411,33378,33393,16,1:15,33394,33409,16,1:15,33395,33410,16,1:15,,,0,,,,0,,,,0,,,,0,,1,10,15,17,1,,,,
multi_tile,3,286,2,bt,7,16,10560,16,33414,33414,33415,,,,33458,33425,33440,16,1:15,33441,33456,16,1:15,33442,33457,16,1:15,,,0,,,,0,,,,0,,,,0,,1,10,15,17,1,,,,
multi_tile,3,287,2,bt,8,0,10688,16,33461,33461,33462,,,,33505,33472,33487,16,1:15,33488,33503,16,1:15,33489,33504,16,1:15,,,0,,,,0,,,,0,,,,0,,1,10,15,17,1,,,,
multi_tile,3,288,2,bt,8,16,10816,16,33508,33508,33509,,,,33552,33519,33534,16,1:15,33535,33550,16,1:15,33536,33551,16,1:15,,,0,,,,0,,,,0,,,,0,,1,10,15,17,1,,,,
multi_tile,3,289,2,bt,9,0,10944,16,33555,33555,33556,,,,33599,33566,33581,16,1:15,33582,33597,16,1:15,33583,33598,16,1:15,,,0,,,,0,,,,0,,,,0,,1,10,15,17,1,,,,
multi_tile,3,290,2,bt,9,16,11072,16,33602,33602,33603,,,,33646,33613,33628,16,1:15,33629,33644,16,1:15,33630,33645,16,1:15,,,0,,,,0,,,,0,,,,0,,1,10,15,17,1,,,,
multi_tile,3,291,2,bt,10,0,11200,16,33649,33649,33650,,,,33693,33660,33675,16,1:15,33676,33691,16,1:15,33677,33692,16,1:15,,,0,,,,0,,,,0,,,,0,,1,10,15,17,1,,,,
multi_tile,3,292,2,bt,10,16,11328,16,33696,33696,33697,,,,33740,33707,33722,16,1:15,33723,33738,16,1:15,33724,33739,16,1:15,,,0,,,,0,,,,0,,,,0,,1,10,15,17,1,,,,
multi_tile,3,293,2,bt,11,0,11456,16,33743,33743,33744,,,,33787,33754,33769,16,1:15,33770,33785,16,1:15,33771,33786,16,1:15,,,0,,,,0,,,,0,,,,0,,1,10,15,17,1,,,,
multi_tile,3,294,2,bt,11,16,11584,16,33790,33790,33791,,,,33834,33801,33816,16,1:15,33817,33832,16,1:15,33818,33833,16,1:15,,,0,,,,0,,,,0,,,,0,,1,10,15,17,1,,,,
multi_tile,3,295,2,bt,12,0,11712,16,33837,33837,33838,,,,33881,33848,33863,16,1:15,33864,33879,16,1:15,33865,33880,16,1:15,,,0,,,,0,,,,0,,,,0,,1,10,15,17,1,,,,
multi_tile,3,296,2,bt,12,16,11840,16,33884,33884,33885,,,,33928,33895,33910,16,1:15,33911,33926,16,1:15,33912,33927,16,1:15,,,0,,,,0,,,,0,,,,0,,1,10,15,17,1,,,,
multi_tile,3,297,2,bt,13,0,11968,16,33931,33931,33932,,,,33975,33942,33957,16,1:15,33958,33973,16,1:15,33959,33974,16,1:15,,,0,,,,0,,,,0,,,,0,,1,10,15,17,1,,,,
multi_tile,3,298,2,bt,13,16,12096,16,33978,33978,33979,,,,34022,33989,34004,16,1:15,34005,34020,16,1:15,34006,34021,16,1:15,,,0,,,,0,,,,0,,,,0,,1,10,15,17,1,,,,
multi_tile,3,299,2,bt,14,0,12224,8,34025,34025,34026,,,,34053,34036,34043,8,1:7,34044,34051,8,1:7,34045,34052,8,1:7,,,0,,,,0,,,,0,,,,0,,1,10,7,9,1,,,,
multi_tile,3,300,2,bt,14,8,12288,16,34056,34056,34057,,,,34100,34067,34082,16,1:15,34083,34098,16,1:15,34084,34099,16,1:15,,,0,,,,0,,,,0,,,,0,,1,10,15,17,1,,,,
multi_tile,3,301,2,bt,14,24,12416,8,34103,34103,34104,,,,34131,34114,34121,8,1:7,34122,34129,8,1:7,34123,34130,8,1:7,,,0,,,,0,,,,0,,,,0,,1,10,7,9,1,,,,
multi_tile,3,302,2,bt,15,0,12480,16,34134,34134,34135,,,,34178,34145,34160,16,1:15,34161,34176,16,1:15,34162,34177,16,1:15,,,0,,,,0,,,,0,,,,0,,1,10,15,17,1,,,,
multi_tile,3,303,2,bt,15,16,12608,16,34181,34181,34182,,,,34225,34192,34207,16,1:15,34208,34223,16,1:15,34209,34224,16,1:15,,,0,,,,0,,,,0,,,,0,,1,10,15,17,1,,,,
multi_tile,3,304,2,bt,16,0,12736,16,34228,34228,34229,,,,34272,34239,34254,16,1:15,34255,34270,16,1:15,34256,34271,16,1:15,,,0,,,,0,,,,0,,,,0,,1,10,15,17,1,,,,
multi_tile,3,305,2,bt,16,16,12864,16,34275,34275,34276,,,,34319,34286,34301,16,1:15,34302,34317,16,1:15,34303,34318,16,1:15,,,0,,,,0,,,,0,,,,0,,1,10,15,17,1,,,,
multi_tile,3,306,2,bt,17,0,12992,16,34322,34322,34323,,,,34366,34333,34348,16,1:15,34349,34364,16,1:15,34350,34365,16,1:15,,,0,,,,0,,,,0,,,,0,,1,10,15,17,1,,,,
multi_tile,3,307,2,bt,17,16,13120,16,34369,34369,34370,,,,34413,34380,34395,16,1:15,34396,34411,16,1:15,34397,34412,16,1:15,,,0,,,,0,,,,0,,,,0,,1,10,15,17,1,,,,
multi_tile,3,308,2,bt,18,0,13248,16,34416,34416,34417,,,,34460,34427,34442,16,1:15,34443,34458,16,1:15,34444,34459,16,1:15,,,0,,,,0,,,,0,,,,0,,1,10,15,17,1,,,,
multi_tile,3,309,2,bt,18,16,13376,16,34463,34463,34464,,,,34507,34474,34489,16,1:15,34490,34505,16,1:15,34491,34506,16,1:15,,,0,,,,0,,,,0,,,,0,,1,10,15,17,1,,,,
multi_tile,3,310,2,bt,19,0,13504,16,34510,34510,34511,,,,34554,34521,34536,16,1:15,34537,34552,16,1:15,34538,34553,16,1:15,,,0,,,,0,,,,0,,,,0,,1,10,15,17,1,,,,
multi_tile,3,311,2,bt,19,16,13632,16,34557,34557,34558,,,,34601,34568,34583,16,1:15,34584,34599,16,1:15,34585,34600,16,1:15,,,0,,,,0,,,,0,,,,0,,1,10,15,17,1,,,,
multi_tile,3,312,2,bt,20,0,13760,16,34604,34604,34605,,,,34648,34615,34630,16,1:15,34631,34646,16,1:15,34632,34647,16,1:15,,,0,,,,0,,,,0,,,,0,,1,10,15,17,1,,,,
multi_tile,3,313,2,bt,20,16,13888,16,34651,34651,34652,,,,34695,34662,34677,16,1:15,34678,34693,16,1:15,34679,34694,16,1:15,,,0,,,,0,,,,0,,,,0,,1,10,15,17,1,,,,
multi_tile,3,314,2,bt,21,0,14016,16,34698,34698,34699,,,,34742,34709,34724,16,1:15,34725,34740,16,1:15,34726,34741,16,1:15,,,0,,,,0,,,,0,,,,0,,1,10,15,17,1,,,,
multi_tile,3,315,2,bt,21,16,14144,16,34745,34745,34746,,,,34789,34756,34771,16,1:15,34772,34787,16,1:15,34773,34788,16,1:15,,,0,,,,0,,,,0,,,,0,,1,10,15,17,1,,,,
multi_tile,3,316,2,bt,22,0,14272,16,34792,34792,34793,,,,34836,34803,34818,16,1:15,34819,34834,16,1:15,34820,34835,16,1:15,,,0,,,,0,,,,0,,,,0,,1,10,15,17,1,,,,
multi_tile,3,317,2,bt,22,16,14400,16,34839,34839,34840,,,,34883,34850,34865,16,1:15,34866,34881,16,1:15,34867,34882,16,1:15,,,0,,,,0,,,,0,,,,0,,1,10,15,17,1,,,,
multi_tile,3,318,2,bt,23,0,14528,16,34886,34886,34887,,,,34930,34897,34912,16,1:15,34913,34928,16,1:15,34914,34929,16,1:15,,,0,,,,0,,,,0,,,,0,,1,10,15,17,1,,,,
multi_tile,3,319,2,bt,23,16,14656,16,34933,34933,34934,,,,34977,34944,34959,16,1:15,34960,34975,16,1:15,34961,34976,16,1:15,,,0,,,,0,,,,0,,,,0,,1,10,15,17,1,,,,
multi_tile,3,320,2,bt,24,0,14784,16,34980,34980,34981,,,,35024,34991,35006,16,1:15,35007,35022,16,1:15,35008,35023,16,1:15,,,0,,,,0,,,,0,,,,0,,1,10,15,17,1,,,,
multi_tile,3,321,2,bt,24,16,14912,16,35027,35027,35028,,,,35071,35038,35053,16,1:15,35054,35069,16,1:15,35055,35070,16,1:15,,,0,,,,0,,,,0,,,,0,,1,10,15,17,1,,,,
multi_tile,3,322,2,bt,25,0,15040,16,35074,35074,35075,,,,35118,35085,35100,16,1:15,35101,35116,16,1:15,35102,35117,16,1:15,,,0,,,,0,,,,0,,,,0,,1,10,15,17,1,,,,
multi_tile,3,323,2,bt,25,16,15168,16,35121,35121,35122,,,,35165,35132,35147,16,1:15,35148,35163,16,1:15,35149,35164,16,1:15,,,0,,,,0,,,,0,,,,0,,1,10,15,17,1,,,,
multi_tile,3,324,2,bt,26,0,15296,16,35168,35168,35169,,,,35212,35179,35194,16,1:15,35195,35210,16,1:15,35196,35211,16,1:15,,,0,,,,0,,,,0,,,,0,,1,10,15,17,1,,,,
multi_tile,3,325,2,bt,26,16,15424,16,35215,35215,35216,,,,35259,35226,35241,16,1:15,35242,35257,16,1:15,35243,35258,16,1:15,,,0,,,,0,,,,0,,,,0,,1,10,15,17,1,,,,
multi_tile,3,326,2,bt,27,0,15552,16,35262,35262,35263,,,,35306,35273,35288,16,1:15,35289,35304,16,1:15,35290,35305,16,1:15,,,0,,,,0,,,,0,,,,0,,1,10,15,17,1,,,,
multi_tile,3,327,2,bt,27,16,15680,16,35309,35309,35310,,,,35353,35320,35335,16,1:15,35336,35351,16,1:15,35337,35352,16,1:15,,,0,,,,0,,,,0,,,,0,,1,10,15,17,1,,,,
multi_tile,3,328,2,bt,28,0,15808,16,35356,35356,35357,,,,35400,35367,35382,16,1:15,35383,35398,16,1:15,35384,35399,16,1:15,,,0,,,,0,,,,0,,,,0,,1,10,15,17,1,,,,
multi_tile,3,329,2,bt,28,16,15936,16,35403,35403,35404,,,,35447,35414,35429,16,1:15,35430,35445,16,1:15,35431,35446,16,1:15,,,0,,,,0,,,,0,,,,0,,1,10,15,17,1,,,,
multi_tile,3,330,2,bt,29,0,16064,16,35450,35450,35451,,,,35494,35461,35476,16,1:15,35477,35492,16,1:15,35478,35493,16,1:15,,,0,,,,0,,,,0,,,,0,,1,10,15,17,1,,,,
multi_tile,3,331,2,bt,29,16,16192,16,35497,35497,35498,,,,35541,35508,35523,16,1:15,35524,35539,16,1:15,35525,35540,16,1:15,,,0,,,,0,,,,0,,,,0,,1,10,15,17,1,,,,
multi_tile,3,332,2,bt,30,0,16320,8,35544,35544,35545,,,,35572,35555,35562,8,1:7,35563,35570,8,1:7,35564,35571,8,1:7,,,0,,,,0,,,,0,,,,0,,1,10,7,9,1,,,,
multi_tile,3,333,2,bt,30,8,16384,16,35575,35575,35576,,,,35619,35586,35601,16,1:15,35602,35617,16,1:15,35603,35618,16,1:15,,,0,,,,0,,,,0,,,,0,,1,10,15,17,1,,,,
multi_tile,3,334,2,bt,30,24,16512,8,35622,35622,35623,,,,35650,35633,35640,8,1:7,35641,35648,8,1:7,35642,35649,8,1:7,,,0,,,,0,,,,0,,,,0,,1,10,7,9,1,,,,
multi_tile,3,335,2,bt,31,0,16576,16,35653,35653,35654,,,,35697,35664,35679,16,1:15,35680,35695,16,1:15,35681,35696,16,1:15,,,0,,,,0,,,,0,,,,0,,1,10,15,17,1,,,,
multi_tile,3,336,2,bt,31,16,16704,16,35700,35700,35701,,,,35744,35711,35726,16,1:15,35727,35742,16,1:15,35728,35743,16,1:15,,,0,,,,0,,,,0,,,,0,,1,10,15,17,1,,,,
multi_tile,3,337,2,c,0,0,23872,16,37922,37922,,37987,37986,38010,38011,,,0,,,,0,,,,0,,37923,37983,16,4:15,37925,37985,16,4:15,37926,37986,16,4:15,37987,38002,16,1:15,,,,,,64,16,8,1
multi_tile,3,338,3,a,0,0,8256,16,38020,38020,38021,,,,38064,38031,38046,16,1:15,38047,38062,16,1:15,38048,38063,16,1:15,,,0,,,,0,,,,0,,,,0,,1,10,15,17,1,,,,
multi_tile,3,339,3,a,0,16,8384,16,38067,38067,38068,,,,38111,38078,38093,16,1:15,38094,38109,16,1:15,38095,38110,16,1:15,,,0,,,,0,,,,0,,,,0,,1,10,15,17,1,,,,
multi_tile,3,340,3,bt,0,0,16832,16,38119,38119,38120,,,,38163,38130,38145,16,1:15,38146,38161,16,1:15,38147,38162,16,1:15,,,0,,,,0,,,,0,,,,0,,1,10,15,17,1,,,,
multi_tile,3,341,3,bt,0,16,16960,16,38166,38166,38167,,,,38210,38177,38192,16,1:15,38193,38208,16,1:15,38194,38209,16,1:15,,,0,,,,0,,,,0,,,,0,,1,10,15,17,1,,,,
multi_tile,3,342,3,bt,1,0,17088,16,38213,38213,38214,,,,38257,38224,38239,16,1:15,38240,38255,16,1:15,38241,38256,16,1:15,,,0,,,,0,,,,0,,,,0,,1,10,15,17,1,,,,
multi_tile,3,343,3,bt,1,16,17216,16,38260,38260,38261,,,,38304,38271,38286,16,1:15,38287,38302,16,1:15,38288,38303,16,1:15,,,0,,,,0,,,,0,,,,0,,1,10,15,17,1,,,,
multi_tile,3,344,3,bt,2,0,17344,16,38307,38307,38308,,,,38351,38318,38333,16,1:15,38334,38349,16,1:15,38335,38350,16,1:15,,,0,,,,0,,,,0,,,,0,,1,10,15,17,1,,,,
multi_tile,3,345,3,bt,2,16,17472,16,38354,38354,38355,,,,38398,38365,38380,16,1:15,38381,38396,16,1:15,38382,38397,16,1:15,,,0,,,,0,,,,0,,,,0,,1,10,15,17,1,,,,
multi_tile,3,346,3,c,0,0,24000,2,38679,38679,,38688,38687,38697,38698,,,0,,,,0,,,,0,,38680,38684,2,4:1,38682,38686,2,4:1,38683,38687,2,4:1,38688,38689,2,1:1,,,,,,8,2,8,1
asymmetric,4,0,0,a,0,0,64,16,6,6,7,,,,50,17,32,16,1:15,33,48,16,1:15,34,49,16,1:15,,,0,,,,0,,,,0,,,,0,,1,10,15,17,1,,,,
asymmetric,4,1,0,a,0,16,192,16,53,53,54,,,,97,64,79,16,1:15,80,95,16,1:15,81,96,16,1:15,,,0,,,,0,,,,0,,,,0,,1,10,15,17,1,,,,
asymmetric,4,2,0,a,1,0,320,16,100,100,101,,,,144,111,126,16,1:15,127,142,16,1:15,128,143,16,1:15,,,0,,,,0,,,,0,,,,0,,1,10,15,17,1,,,,
asymmetric,4,3,0,a,1,16,448,16,147,147,148,,,,191,158,173,16,1:15,174,189,16,1:15,175,190,16,1:15,,,0,,,,0,,,,0,,,,0,,1,10,15,17,1,,,,
asymmetric,4,4,0,a,2,0,576,16,194,194,195,,,,238,205,220,16,1:15,221,236,16,1:15,222,237,16,1:15,,,0,,,,0,,,,0,,,,0,,1,10,15,17,1,,,,
asymmetric,4,5,0,a,2,16,704,16,241,241,242,,,,285,252,267,16,1:15,268,283,16,1:15,269,284,16,1:15,,,0,,,,0,,,,0,,,,0,,1,10,15,17,1,,,,
asymmetric,4,6,0,a,3,0,832,16,288,288,289,,,,332,299,314,16,1:15,315,330,16,1:15,316,331,16,1:15,,,0,,,,0,,,,0,,,,0,,1,10,15,17,1,,,,
asymmetric,4,7,0,a,3,16,960,16,335,335,336,,,,379,346,361,16,1:15,362,377,16,1:15,363,378,16,1:15,,,0,,,,0,,,,0,,,,0,,1,10,15,17,1,,,,
asymmetric,4,8,0,a,4,0,1088,16,382,382,383,,,,426,393,408,16,1:15,409,424,16,1:15,410,425,16,1:15,,,0,,,,0,,,,0,,,,0,,1,10,15,17,1,,,,
asymmetric,4,9,0,a,4,16,1216,16,429,429,430,,,,473,440,455,16,1:15,456,471,16,1:15,457,472,16,1:15,,,0,,,,0,,,,0,,,,0,,1,10,15,17,1,,,,
asymmetric,4,10,0,a,5,0,1344,16,476,476,477,,,,520,487,502,16,1:15,503,518,16,1:15,504,519,16,1:15,,,0,,,,0,,,,0,,,,0,,1,10,15,17,1,,,,
asymmetric,4,11,0,a,5,16,1472,16,523,523,524,,,,567,534,549,16,1:15,550,565,16,1:15,551,566,16,1:15,,,0,,,,0,,,,0,,,,0,,1,10,15,17,1,,,,
asymmetric,4,12,0,a,6,0,1600,16,570,570,571,,,,614,581,596,16,1:15,597,612,16,1:15,598,613,16,1:15,,,0,,,,0,,,,0,,,,0,,1,10,15,17,1,,,,
asymmetric,4,13,0,a,6,16,1728,16,617,617,618,,,,661,628,643,16,1:15,644,659,16,1:15,645,660,16,1:15,,,0,,,,0,,,,0,,,,0,,1,10,15,17,1,,,,
asymmetric,4,14,0,a,7,0,1856,16,664,664,665,,,,708,675,690,16,1:15,691,706,16,1:15,692,707,16,1:15,,,0,,,,0,,,,0,,,,0,,1,10,15,17,1,,,,
asymmetric,4,15,0,a,7,16,1984,16,711,711,712,,,,755,722,737,16,1:15,738,753,16,1:15,739,754,16,1:15,,,0,,,,0,,,,0,,,,0,,1,10,15,17,1,,,,
asymmetric,4,16,0,a,8,0,2112,16,758,758,759,,,,802,769,784,16,1:15,785,800,16,1:15,786,801,16,1:15,,,0,,,,0,,,,0,,,,0,,1,10,15,17,1,,,,
asymmetric,4,17,0,a,8,16,2240,16,805,805,806,,,,849,816,831,16,1:15,832,847,16,1:15,833,848,16,1:15,,,0,,,,0,,,,0,,,,0,,1,10,15,17,1,,,,
asymmetric,4,18,0,a,9,0,2368,16,852,852,853,,,,896,863,878,16,1:15,879,894,16,1:15,880,895,16,1:15,,,0,,,,0,,,,0,,,,0,,1,10,15,17,1,,,,
asymmetric,4,19,0,a,9,16,2496,16,899,899,900,,,,943,910,925,16,1:15,926,941,16,1:15,927,942,16,1:15,,,0,,,,0,,,,0,,,,0,,1,10,15,17,1,,,,
asymmetric,4,20,0,a,10,0,2624,16,946,946,947,,,,990,957,972,16,1:15,973,988,16,1:15,974,989,16,1:15,,,0,,,,0,,,,0,,,,0,,1,10,15,17,1,,,,
asymmetric,4,21,0,a,10,16,2752,16,993,993,994,,,,1037,1004,1019,16,1:15,1020,1035,16,1:15,1021,1036,16,1:15,,,0,,,,0,,,,0,,,,0,,1,10,15,17,1,,,,
asymmetric,4,22,0,a,11,0,2880,16,1040,1040,1041,,,,1084,1051,1066,16,1:15,1067,1082,16,1:15,1068,1083,16,1:15,,,0,,,,0,,,,0,,,,0,,1,10,15,17,1,,,,
asymmetric,4,23,0,a,11,16,3008,16,1087,1087,1088,,,,1131,1098,1113,16,1:15,1114,1129,16,1:15,1115,1130,16,1:15,,,0,,,,0,,,,0,,,,0,,1,10,15,17,1,,,,
asymmetric,4,24,0,a,12,0,3136,16,1134,1134,1135,,,,1178,1145,1160,16,1:15,1161,1176,16,1:15,1162,1177,16,1:15,,,0,,,,0,,,,0,,,,0,,1,10,15,17,1,,,,
asymmetric,4,25,0,a,12,16,3264,16,1181,1181,1182,,,,1225,1192,1207,16,1:15,1208,1223,16,1:15,1209,1224,16,1:15,,,0,,,,0,,,,0,,,,0,,1,10,15,17,1,,,,
asymmetric,4,26,0,a,13,0,3392,16,1228,1228,1229,,,,1272,1239,1254,16,1:15,1255,1270,16,1:15,1256,1271,16,1:15,,,0,,,,0,,,,0,,,,0,,1,10,15,17,1,,,,
asymmetric,4,27,0,a,13,16,3520,16,1275,1275,1276,,,,1319,1286,1301,16,1:15,1302,1317,16,1:15,1303,1318,16,1:15,,,0,,,,0,,,,0,,,,0,,1,10,15,17,1,,,,
asymmetric,4,28,0,a,14,0,3648,16,1322,1322,1323,,,,1366,1333,1348,16,1:15,1349,1364,16,1:15,1350,1365,16,1:15,,,0,,,,0,,,,0,,,,0,,1,10,15,17,1,,,,
asymmetric,4,29,0,a,14,16,3776,16,1369,1369,1370,,,,1413,1380,1395,16,1:15,1396,1411,16,1:15,1397,1412,16,1:15,,,0,,,,0,,,,0,,,,0,,1,10,15,17,1,,,,
asymmetric,4,30,0,a,15,0,3904,16,1416,1416,1417,,,,1460,1427,1442,16,1:15,1443,1458,16,1:15,1444,1459,16,1:15,,,0,,,,0,,,,0,,,,0,,1,10,15,17,1,,,,
asymmetric,4,31,0,a,15,16,4032,8,1463,1463,1464,,,,1491,1474,1481,8,1:7,1482,1489,8,1:7,1483,1490,8,1:7,,,0,,,,0,,,,0,,,,0,,1,10,7,9,1,,,,
asymmetric,4,32,0,a,15,24,4096,8,1494,1494,1495,,,,1522,1505,1512,8,1:7,1513,1520,8,1:7,1514,1521,8,1:7,,,0,,,,0,,,,0,,,,0,,1,10,7,9,1,,,,
asymmetric,4,33,0,a,16,0,4160,16,1525,1525,1526,,,,1569,1536,1551,16,1:15,1552,1567,16,1:15,1553,1568,16,1:15,,,0,,,,0,,,,0,,,,0,,1,10,15,17,1,,,,
asymmetric,4,34,0,a,16,16,4288,16,1572,1572,1573,,,,1616,1583,1598,16,1:15,1599,1614,16,1:15,1600,1615,16,1:15,,,0,,,,0,,,,0,,,,0,,1,10,15,17,1,,,,
asymmetric,4,35,0,a,17,0,4416,16,1619,1619,1620,,,,1663,1630,1645,16,1:15,1646,1661,16,1:15,1647,1662,16,1:15,,,0,,,,0,,,,0,,,,0,,1,10,15,17,1,,,,
asymmetric,4,36,0,a,17,16,4544,16,1666,1666,1667,,,,1710,1677,1692,16,1:15,1693,1708,16,1:15,1694,1709,16,1:15,,,0,,,,0,,,,0,,,,0,,1,10,15,17,1,,,,
asymmetric,4,37,0,a,18,0,4672,16,1713,1713,1714,,,,1757,1724,1739,16,1:15,1740,1755,16,1:15,1741,1756,16,1:15,,,0,,,,0,,,,0,,,,0,,1,10,15,17,1,,,,
asymmetric,4,38,0,a,18,16,4800,16,1760,1760,1761,,,,1804,1771,1786,16,1:15,1787,1802,16,1:15,1788,1803,16,1:15,,,0,,,,0,,,,0,,,,0,,1,10,15,17,1,,,,
asymmetric,4,39,0,a,19,0,4928,16,1807,1807,1808,,,,1851,1818,1833,16,1:15,1834,1849,16,1:15,1835,1850,16,1:15,,,0,,,,0,,,,0,,,,0,,1,10,15,17,1,,,,
asymmetric,4,40,0,a,19,16,5056,16,1854,1854,1855,,,,1898,1865,1880,16,1:15,1881,1896,16,1:15,1882,1897,16,1:15,,,0,,,,0,,,,0,,,,0,,1,10,15,17,1,,,,
asymmetric,4,41,0,a,20,0,5184,16,1901,1901,1902,,,,1945,1912,1927,16,1:15,1928,1943,16,1:15,1929,1944,16,1:15,,,0,,,,0,,,,0,,,,0,,1,10,15,17,1,,,,
asymmetric,4,42,0,a,20,16,5312,16,1948,1948,1949,,,,1992,1959,1974,16,1:15,1975,1990,16,1:15,1976,1991,16,1:15,,,0,,,,0,,,,0,,,,0,,1,10,15,17,1,,,,
asymmetric,4,43,0,a,21,0,5440,16,1995,1995,1996,,,,2039,2006,2021,16,1:15,2022,2037,16,1:15,2023,2038,16,1:15,,,0,,,,0,,,,0,,,,0,,1,10,15,17,1,,,,
asymmetric,4,44,0,a,21,16,5568,16,2042,2042,2043,,,,2086,2053,2068,16,1:15,2069,2084,16,1:15,2070,2085,16,1:15,,,0,,,,0,,,,0,,,,0,,1,10,15,17,1,,,,
asymmetric,4,45,0,a,22,0,5696,16,2089,2089,2090,,,,2133,2100,2115,16,1:15,2116,2131,16,1:15,2117,2132,16,1:15,,,0,,,,0,,,,0,,,,0,,1,10,15,17,1,,,,
asymmetric,4,46,0,a,22,16,5824,16,2136,2136,2137,,,,2180,2147,2162,16,1:15,2163,2178,16,1:15,2164,2179,16,1:15,,,0,,,,0,,,,0,,,,0,,1,10,15,17,1,,,,
asymmetric,4,47,0,a,23,0,5952,16,2183,2183,2184,,,,2227,2194,2209,16,1:15,2210,2225,16,1:15,2211,2226,16,1:15,,,0,,,,0,,,,0,,,,0,,1,10,15,17,1,,,,
asymmetric,4,48,0,a,23,16,6080,16,2230,2230,2231,,,,2274,2241,2256,16,1:15,2257,2272,16,1:15,2258,2273,16,1:15,,,0,,,,0,,,,0,,,,0,,1,10,15,17,1,,,,
asymmetric,4,49,0,a,24,0,6208,16,2277,2277,2278,,,,2321,2288,2303,16,1:15,2304,2319,16,1:15,2305,2320,16,1:15,,,0,,,,0,,,,0,,,,0,,1,10,15,17,1,,,,
asymmetric,4,50,0,a,24,16,6336,16,2324,2324,2325,,,,2368,2335,2350,16,1:15,2351,2366,16,1:15,2352,2367,16,1:15,,,0,,,,0,,,,0,,,,0,,1,10,15,17,1,,,,
asymmetric,4,51,0,a,25,0,6464,16,2371,2371,2372,,,,2415,2382,2397,16,1:15,2398,2413,16,1:15,2399,2414,16,1:15,,,0,,,,0,,,,0,,,,0,,1,10,15,17,1,,,,
asymmetric,4,52,0,a,25,16,6592,16,2418,2418,2419,,,,2462,2429,2444,16,1:15,2445,2460,16,1:15,2446,2461,16,1:15,,,0,,,,0,,,,0,,,,0,,1,10,15,17,1,,,,
asymmetric,4,53,0,a,26,0,6720,16,2465,2465,2466,,,,2509,2476,2491,16,1:15,2492,2507,16,1:15,2493,2508,16,1:15,,,0,,,,0,,,,0,,,,0,,1,10,15,17,1,,,,
asymmetric,4,54,0,a,26,16,6848,16,2512,2512,2513,,,,2556,2523,2538,16,1:15,2539,2554,16,1:15,2540,2555,16,1:15,,,0,,,,0,,,,0,,,,0,,1,10,15,17,1,,,,
asymmetric,4,55,0,a,27,0,6976,16,2559,2559,2560,,,,2603,2570,2585,16,1:15,2586,2601,16,1:15,2587,2602,16,1:15,,,0,,,,0,,,,0,,,,0,,1,10,15,17,1,,,,
asymmetric,4,56,0,a,27,16,7104,16,2606,2606,2607,,,,2650,2617,2632,16,1:15,2633,2648,16,1:15,2634,2649,16,1:15,,,0,,,,0,,,,0,,,,0,,1,10,15,17,1,,,,
asymmetric,4,57,0,a,28,0,7232,16,2653,2653,2654,,,,2697,2664,2679,16,1:15,2680,2695,16,1:15,2681,2696,16,1:15,,,0,,,,0,,,,0,,,,0,,1,10,15,17,1,,,,
asymmetric,4,58,0,a,28,16,7360,16,2700,2700,2701,,,,2744,2711,2726,16,1:15,2727,2742,16,1:15,2728,2743,16,1:15,,,0,,,,0,,,,0,,,,0,,1,10,15,17,1,,,,
asymmetric,4,59,0,a,29,0,7488,16,2747,2747,2748,,,,2791,2758,2773,16,1:15,2774,2789,16,1:15,2775,2790,16,1:15,,,0,,,,0,,,,0,,,,0,,1,10,15,17,1,,,,
asymmetric,4,60,0,a,29,16,7616,16,2794,2794,2795,,,,2838,2805,2820,16,1:15,2821,2836,16,1:15,2822,2837,16,1:15,,,0,,,,0,,,,0,,,,0,,1,10,15,17,1,,,,
asymmetric,4,61,0,a,30,0,7744,16,2841,2841,2842,,,,2885,2852,2867,16,1:15,2868,2883,16,1:15,2869,2884,16,1:15,,,0,,,,0,,,,0,,,,0,,1,10,15,17,1,,,,
asymmetric,4,62,0,a,30,16,7872,16,2888,2888,2889,,,,2932,2899,2914,16,1:15,2915,2930,16,1:15,2916,2931,16,1:15,,,0,,,,0,,,,0,,,,0,,1,10,15,17,1,,,,
asymmetric,4,63,0,a,31,0,8000,16,2935,2935,2936,,,,2979,2946,2961,16,1:15,2962,2977,16,1:15,2963,2978,16,1:15,,,0,,,,0,,,,0,,,,0,,1,10,15,17,1,,,,
asymmetric,4,64,0,a,31,16,8128,8,2982,2982,2983,,,,3010,2993,3000,8,1:7,3001,3008,8,1:7,3002,3009,8,1:7,,,0,,,,0,,,,0,,,,0,,1,10,7,9,1,,,,
asymmetric,4,65,0,a,31,24,8192,8,3013,3013,3014,,,,3041,3024,3031,8,1:7,3032,3039,8,1:7,3033,3040,8,1:7,,,0,,,,0,,,,0,,,,0,,1,10,7,9,1,,,,
asymmetric,4,66,0,bt,0,0,16832,16,3049,3049,3050,,,,3093,3060,3075,16,1:15,3076,3091,16,1:15,3077,3092,16,1:15,,,0,,,,0,,,,0,,,,0,,1,10,15,17,1,,,,
asymmetric,4,67,0,bt,0,16,16960,16,3096,3096,3097,,,,3140,3107,3122,16,1:15,3123,3138,16,1:15,3124,3139,16,1:15,,,0,,,,0,,,,0,,,,0,,1,10,15,17,1,,,,
asymmetric,4,68,0,bt,1,0,17088,16,3143,3143,3144,,,,3187,3154,3169,16,1:15,3170,3185,16,1:15,3171,3186,16,1:15,,,0,,,,0,,,,0,,,,0,,1,10,15,17,1,,,,
asymmetric,4,69,0,bt,1,16,17216,16,3190,3190,3191,,,,3234,3201,3216,16,1:15,3217,3232,16,1:15,3218,3233,16,1:15,,,0,,,,0,,,,0,,,,0,,1,10,15,17,1,,,,
asymmetric,4,70,0,bt,2,0,17344,16,3237,3237,3238,,,,3281,3248,3263,16,1:15,3264,3279,16,1:15,3265,3280,16,1:15,,,0,,,,0,,,,0,,,,0,,1,10,15,17,1,,,,
asymmetric,4,71,0,bt,2,16,17472,16,3284,3284,3285,,,,3328,3295,3310,16,1:15,3311,3326,16,1:15,3312,3327,16,1:15,,,0,,,,0,,,,0,,,,0,,1,10,15,17,1,,,,
asymmetric,4,72,0,bt,3,0,17600,16,3331,3331,3332,,,,3375,3342,3357,16,1:15,3358,3373,16,1:15,3359,3374,16,1:15,,,0,,,,0,,,,0,,,,0,,1,10,15,17,1,,,,
asymmetric,4,73,0,bt,3,16,17728,16,3378,3378,3379,,,,3422,3389,3404,16,1:15,3405,3420,16,1:15,3406,3421,16,1:15,,,0,,,,0,,,,0,,,,0,,1,10,15,17,1,,,,
asymmetric,4,74,0,bt,4,0,17856,16,3425,3425,3426,,,,3469,3436,3451,16,1:15,3452,3467,16,1:15,3453,3468,16,1:15,,,0,,,,0,,,,0,,,,0,,1,10,15,17,1,,,,
asymmetric,4,75,0,bt,4,16,17984,16,3472,3472,3473,,,,3516,3483,3498,16,1:15,3499,3514,16,1:15,3500,3515,16,1:15,,,0,,,,0,,,,0,,,,0,,1,10,15,17,1,,,,
asymmetric,4,76,0,bt,5,0,18112,16,3519,3519,3520,,,,3563,3530,3545,16,1:15,3546,3561,16,1:15,3547,3562,16,1:15,,,0,,,,0,,,,0,,,,0,,1,10,15,17,1,,,,
asymmetric,4,77,0,bt,5,16,18240,16,3566,3566,3567,,,,3610,3577,3592,16,1:15,3593,3608,16,1:15,3594,3609,16,1:15,,,0,,,,0,,,,0,,,,0,,1,10,15,17,1,,,,
asymmetric,4,78,0,bt,6,0,18368,16,3613,3613,3614,,,,3657,3624,3639,16,1:15,3640,3655,16,1:15,3641,3656,16,1:15,,,0,,,,0,,,,0,,,,0,,1,10,15,17,1,,,,
asymmetric,4,79,0,bt,6,16,18496,16,3660,3660,3661,,,,3704,3671,3686,16,1:15,3687,3702,16,1:15,3688,3703,16,1:15,,,0,,,,0,,,,0,,,,0,,1,10,15,17,1,,,,
asymmetric,4,80,0,bt,7,0,18624,16,3707,3707,3708,,,,3751,3718,3733,16,1:15,3734,3749,16,1:15,3735,3750,16,1:15,,,0,,,,0,,,,0,,,,0,,1,10,15,17,1,,,,
asymmetric,4,81,0,bt,7,16,18752,16,3754,3754,3755,,,,3798,3765,3780,16,1:15,3781,3796,16,1:15,3782,3797,16,1:15,,,0,,,,0,,,,0,,,,0,,1,10,15,17,1,,,,
asymmetric,4,82,0,bt,8,0,18880,16,3801,3801,3802,,,,3845,3812,3827,16,1:15,3828,3843,16,1:15,3829,3844,16,1:15,,,0,,,,0,,,,0,,,,0,,1,10,15,17,1,,,,
asymmetric,4,83,0,bt,8,16,19008,16,3848,3848,3849,,,,3892,3859,3874,16,1:15,3875,3890,16,1:15,3876,3891,16,1:15,,,0,,,,0,,,,0,,,,0,,1,10,15,17,1,,,,
asymmetric,4,84,0,bt,9,0,19136,16,3895,3895,3896,,,,3939,3906,3921,16,1:15,3922,3937,16,1:15,3923,3938,16,1:15,,,0,,,,0,,,,0,,,,0,,1,10,15,17,1,,,,
asymmetric,4,85,0,bt,9,16,19264,16,3942,3942,3943,,,,3986,3953,3968,16,1:15,3969,3984,16,1:15,3970,3985,16,1:15,,,0,,,,0,,,,0,,,,0,,1,10,15,17,1,,,,
asymmetric,4,86,0,bt,10,0,19392,16,3989,3989,3990,,,,4033,4000,4015,16,1:15,4016,4031,16,1:15,4017,4032,16,1:15,,,0,,,,0,,,,0,,,,0,,1,10,15,17,1,,,,
asymmetric,4,87,0,bt,10,16,19520,16,4036,4036,4037,,,,4080,4047,4062,16,1:15,4063,4078,16,1:15,4064,4079,16,1:15,,,0,,,,0,,,,0,,,,0,,1,10,15,17,1,,,,
asymmetric,4,88,0,bt,11,0,19648,16,4083,4083,4084,,,,4127,4094,4109,16,1:15,4110,4125,16,1:15,4111,4126,16,1:15,,,0,,,,0,,,,0,,,,0,,1,10,15,17,1,,,,
asymmetric,4,89,0,bt,11,16,19776,16,4130,4130,4131,,,,4174,4141,4156,16,1:15,4157,4172,16,1:15,4158,4173,16,1:15,,,0,,,,0,,,,0,,,,0,,1,10,15,17,1,,,,
asymmetric,4,90,0,bt,12,0,19904,16,4177,4177,4178,,,,4221,4188,4203,16,1:15,4204,4219,16,1:15,4205,4220,16,1:15,,,0,,,,0,,,,0,,,,0,,1,10,15,17,1,,,,
asymmetric,4,91,0,bt,12,16,20032,16,4224,4224,4225,,,,4268,4235,4250,16,1:15,4251,4266,16,1:15,4252,4267,16,1:15,,,0,,,,0,,,,0,,,,0,,1,10,15,17,1,,,,
asymmetric,4,92,0,bt,13,0,20160,16,4271,4271,4272,,,,4315,4282,4297,16,1:15,4298,4313,16,1:15,4299,4314,16,1:15,,,0,,,,0,,,,0,,,,0,,1,10,15,17,1,,,,
asymmetric,4,93,0,bt,13,16,20288,16,4318,4318,4319,,,,4362,4329,4344,16,1:15,4345,4360,16,1:15,4346,4361,16,1:15,,,0,,,,0,,,,0,,,,0,,1,10,15,17,1,,,,
asymmetric,4,94,0,bt,14,0,20416,8,4365,4365,4366,,,,4393,4376,4383,8,1:7,4384,4391,8,1:7,4385,4392,8,1:7,,,0,,,,0,,,,0,,,,0,,1,10,7,9,1,,,,
asymmetric,4,95,0,bt,14,8,20480,16,4396,4396,4397,,,,4440,4407,4422,16,1:15,4423,4438,16,1:15,4424,4439,16,1:15,,,0,,,,0,,,,0,,,,0,,1,10,15,17,1,,,,
asymmetric,4,96,0,bt,14,24,20608,8,4443,4443,4444,,,,4471,4454,4461,8,1:7,4462,4469,8,1:7,4463,4470,8,1:7,,,0,,,,0,,,,0,,,,0,,1,10,7,9,1,,,,
asymmetric,4,97,0,bt,15,0,20672,16,4474,4474,4475,,,,4518,4485,4500,16,1:15,4501,4516,16,1:15,4502,4517,16,1:15,,,0,,,,0,,,,0,,,,0,,1,10,15,17,1,,,,
asymmetric,4,98,0,bt,15,16,20800,16,4521,4521,4522,,,,4565,4532,4547,16,1:15,4548,4563,16,1:15,4549,4564,16,1:15,,,0,,,,0,,,,0,,,,0,,1,10,15,17,1,,,,
asymmetric,4,99,0,bt,16,0,20928,16,4568,4568,4569,,,,4612,4579,4594,16,1:15,4595,4610,16,1:15,4596,4611,16,1:15,,,0,,,,0,,,,0,,,,0,,1,10,15,17,1,,,,
asymmetric,4,100,0,bt,16,16,21056,16,4615,4615,4616,,,,4659,4626,4641,16,1:15,4642,4657,16,1:15,4643,4658,16,1:15,,,0,,,,0,,,,0,,,,0,,1,10,15,17,1,,,,
asymmetric,4,101,0,bt,17,0,21184,16,4662,4662,4663,,,,4706,4673,4688,16,1:15,4689,4704,16,1:15,4690,4705,16,1:15,,,0,,,,0,,,,0,,,,0,,1,10,15,17,1,,,,
asymmetric,4,102,0,bt,17,16,21312,16,4709,4709,4710,,,,4753,4720,4735,16,1:15,4736,4751,16,1:15,4737,4752,16,1:15,,,0,,,,0,,,,0,,,,0,,1,10,15,17,1,,,,
asymmetric,4,103,0,bt,18,0,21440,16,4756,4756,4757,,,,4800,4767,4782,16,1:15,4783,4798,16,1:15,4784,4799,16,1:15,,,0,,,,0,,,,0,,,,0,,1,10,15,17,1,,,,
asymmetric,4,104,0,bt,18,16,21568,16,4803,4803,4804,,,,4847,4814,4829,16,1:15,4830,4845,16,1:15,4831,4846,16,1:15,,,0,,,,0,,,,0,,,,0,,1,10,15,17,1,,,,
asymmetric,4,105,0,bt,19,0,21696,16,4850,4850,4851,,,,4894,4861,4876,16,1:15,4877,4892,16,1:15,4878,4893,16,1:15,,,0,,,,0,,,,0,,,,0,,1,10,15,17,1,,,,
asymmetric,4,106,0,bt,19,16,21824,16,4897,4897,4898,,,,4941,4908,4923,16,1:15,4924,4939,16,1:15,4925,4940,16,1:15,,,0,,,,0,,,,0,,,,0,,1,10,15,17,1,,,,
asymmetric,4,107,0,bt,20,0,21952,16,4944,4944,4945,,,,4988,4955,4970,16,1:15,4971,4986,16,1:15,4972,4987,16,1:15,,,0,,,,0,,,,0,,,,0,,1,10,15,17,1,,,,
asymmetric,4,108,0,bt,20,16,22080,16,4991,4991,4992,,,,5035,5002,5017,16,1:15,5018,5033,16,1:15,5019,5034,16,1:15,,,0,,,,0,,,,0,,,,0,,1,10,15,17,1,,,,
asymmetric,4,109,0,bt,21,0,22208,16,5038,5038,5039,,,,5082,5049,5064,16,1:15,5065,5080,16,1:15,5066,5081,16,1:15,,,0,,,,0,,,,0,,,,0,,1,10,15,17,1,,,,
asymmetric,4,110,0,bt,21,16,22336,16,5085,5085,5086,,,,5129,5096,5111,16,1:15,5112,5127,16,1:15,5113,5128,16,1:15,,,0,,,,0,,,,0,,,,0,,1,10,15,17,1,,,,
asymmetric,4,111,0,bt,22,0,22464,16,5132,5132,5133,,,,5176,5143,5158,16,1:15,5159,5174,16,1:15,5160,5175,16,1:15,,,0,,,,0,,,,0,,,,0,,1,10,15,17,1,,,,
asymmetric,4,112,0,bt,22,16,22592,16,5179,5179,5180,,,,5223,5190,5205,16,1:15,5206,5221,16,1:15,5207,5222,16,1:15,,,0,,,,0,,,,0,,,,0,,1,10,15,17,1,,,,
asymmetric,4,113,0,bt,23,0,22720,16,5226,5226,5227,,,,5270,5237,5252,16,1:15,5253,5268,16,1:15,5254,5269,16,1:15,,,0,,,,0,,,,0,,,,0,,1,10,15,17,1,,,,
asymmetric,4,114,0,bt,23,16,22848,16,5273,5273,5274,,,,5317,5284,5299,16,1:15,5300,5315,16,1:15,5301,5316,16,1:15,,,0,,,,0,,,,0,,,,0,,1,10,15,17,1,,,,
asymmetric,4,115,0,bt,24,0,22976,16,5320,5320,5321,,,,5364,5331,5346,16,1:15,5347,5362,16,1:15,5348,5363,16,1:15,,,0,,,,0,,,,0,,,,0,,1,10,15,17,1,,,,
asymmetric,4,116,0,bt,24,16,23104,16,5367,5367,5368,,,,5411,5378,5393,16,1:15,5394,5409,16,1:15,5395,5410,16,1:15,,,0,,,,0,,,,0,,,,0,,1,10,15,17,1,,,,
asymmetric,4,117,0,bt,25,0,23232,16,5414,5414,5415,,,,5458,5425,5440,16,1:15,5441,5456,16,1:15,5442,5457,16,1:15,,,0,,,,0,,,,0,,,,0,,1,10,15,17,1,,,,
asymmetric,4,118,0,bt,25,16,23360,16,5461,5461,5462,,,,5505,5472,5487,16,1:15,5488,5503,16,1:15,5489,5504,16,1:15,,,0,,,,0,,,,0,,,,0,,1,10,15,17,1,,,,
asymmetric,4,119,0,bt,26,0,23488,16,5508,5508,5509,,,,5552,5519,5534,16,1:15,5535,5550,16,1:15,5536,5551,16,1:15,,,0,,,,0,,,,0,,,,0,,1,10,15,17,1,,,,
asymmetric,4,120,0,bt,26,16,23616,16,5555,5555,5556,,,,5599,5566,5581,16,1:15,5582,5597,16,1:15,5583,5598,16,1:15,,,0,,,,0,,,,0,,,,0,,1,10,15,17,1,,,,
asymmetric,4,121,0,bt,27,0,23744,16,5602,5602,5603,,,,5646,5613,5628,16,1:15,5629,5644,16,1:15,5630,5645,16,1:15,,,0,,,,0,,,,0,,,,0,,1,10,15,17,1,,,,
asymmetric,4,122,0,bt,27,16,23872,16,5649,5649,5650,,,,5693,5660,5675,16,1:15,5676,5691,16,1:15,5677,5692,16,1:15,,,0,,,,0,,,,0,,,,0,,1,10,15,17,1,,,,
asymmetric,4,123,0,bt,28,0,24000,16,5696,5696,5697,,,,5740,5707,5722,16,1:15,5723,5738,16,1:15,5724,5739,16,1:15,,,0,,,,0,,,,0,,,,0,,1,10,15,17,1,,,,
asymmetric,4,124,0,bt,28,16,24128,16,5743,5743,5744,,,,5787,5754,5769,16,1:15,5770,5785,16,1:15,5771,5786,16,1:15,,,0,,,,0,,,,0,,,,0,,1,10,15,17,1,,,,
asymmetric,4,125,0,bt,29,0,24256,16,5790,5790,5791,,,,5834,5801,5816,16,1:15,5817,5832,16,1:15,5818,5833,16,1:15,,,0,,,,0,,,,0,,,,0,,1,10,15,17,1,,,,
asymmetric,4,126,0,bt,29,16,24384,16,5837,5837,5838,,,,5881,5848,5863,16,1:15,5864,5879,16,1:15,5865,5880,16,1:15,,,0,,,,0,,,,0,,,,0,,1,10,15,17,1,,,,
asymmetric,4,127,0,bt,30,0,24512,8,5884,5884,5885,,,,5912,5895,5902,8,1:7,5903,5910,8,1:7,5904,5911,8,1:7,,,0,,,,0,,,,0,,,,0,,1,10,7,9,1,,,,
asymmetric,4,128,0,bt,30,8,24576,16,5915,5915,5916,,,,5959,5926,5941,16,1:15,5942,5957,16,1:15,5943,5958,16,1:15,,,0,,,,0,,,,0,,,,0,,1,10,15,17,1,,,,
asymmetric,4,129,0,bt,30,24,24704,8,5962,5962,5963,,,,5990,5973,5980,8,1:7,5981,5988,8,1:7,5982,5989,8,1:7,,,0,,,,0,,,,0,,,,0,,1,10,7,9,1,,,,
asymmetric,4,130,0,bt,31,0,24768,16,5993,5993,5994,,,,6037,6004,6019,16,1:15,6020,6035,16,1:15,6021,6036,16,1:15,,,0,,,,0,,,,0,,,,0,,1,10,15,17,1,,,,
asymmetric,4,131,0,bt,31,16,24896,16,6040,6040,6041,,,,6084,6051,6066,16,1:15,6067,6082,16,1:15,6068,6083,16,1:15,,,0,,,,0,,,,0,,,,0,,1,10,15,17,1,,,,
asymmetric,4,132,0,c,0,0,33088,16,23374,23374,,23439,23438,23462,23463,,,0,,,,0,,,,0,,23375,23435,16,4:15,23377,23437,16,4:15,23378,23438,16,4:15,23439,23454,16,1:15,,,,,,64,16,8,1
asymmetric,4,133,0,c,1,0,33344,16,23466,23466,,23531,23530,23554,23555,,,0,,,,0,,,,0,,23467,23527,16,4:15,23469,23529,16,4:15,23470,23530,16,4:15,23531,23546,16,1:15,,,,,,64,16,8,1
asymmetric,4,134,0,c,2,0,33600,16,23558,23558,,23623,23622,23646,23647,,,0,,,,0,,,,0,,23559,23619,16,4:15,23561,23621,16,4:15,23562,23622,16,4:15,23623,23638,16,1:15,,,,,,64,16,8,1
asymmetric,4,135,0,c,3,0,33856,16,23650,23650,,23715,23714,23738,23739,,,0,,,,0,,,,0,,23651,23711,16,4:15,23653,23713,16,4:15,23654,23714,16,4:15,23715,23730,16,1:15,,,,,,64,16,8,1
asymmetric,4,136,0,c,4,0,34112,16,23742,23742,,23807,23806,23830,23831,,,0,,,,0,,,,0,,23743,23803,16,4:15,23745,23805,16,4:15,23746,23806,16,4:15,23807,23822,16,1:15,,,,,,64,16,8,1
asymmetric,4,137,0,c,5,0,34368,16,23834,23834,,23899,23898,23922,23923,,,0,,,,0,,,,0,,23835,23895,16,4:15,23837,23897,16,4:15,23838,23898,16,4:15,23899,23914,16,1:15,,,,,,64,16,8,1
asymmetric,4,138,0,c,6,0,34624,16,23926,23926,,23991,23990,24014,24015,,,0,,,,0,,,,0,,23927,23987,16,4:15,23929,23989,16,4:15,23930,23990,16,4:15,23991,24006,16,1:15,,,,,,64,16,8,1
asymmetric,4,139,0,c,7,0,34880,16,24018,24018,,24083,24082,24106,24107,,,0,,,,0,,,,0,,24019,24079,16,4:15,24021,24081,16,4:15,24022,24082,16,4:15,24083,24098,16,1:15,,,,,,64,16,8,1
asymmetric,4,140,0,c,8,0,35136,16,24110,24110,,24175,24174,24198,24199,,,0,,,,0,,,,0,,24111,24171,16,4:15,24113,24173,16,4:15,24114,24174,16,4:15,24175,24190,16,1:15,,,,,,64,16,8,1
asymmetric,4,141,0,c,9,0,35392,16,24202,24202,,24267,24266,24290,24291,,,0,,,,0,,,,0,,24203,24263,16,4:15,24205,24265,16,4:15,24206,24266,16,4:15,24267,24282,16,1:15,,,,,,64,16,8,1
asymmetric,4,142,0,c,10,0,35648,16,24294,24294,,24359,24358,24382,24383,,,0,,,,0,,,,0,,24295,24355,16,4:15,24297,24357,16,4:15,24298,24358,16,4:15,24359,24374,16,1:15,,,,,,64,16,8,1
asymmetric,4,143,0,c,11,0,35904,16,24386,24386,,24451,24450,24474,24475,,,0,,,,0,,,,0,,24387,24447,16,4:15,24389,24449,16,4:15,24390,24450,16,4:15,24451,24466,16,1:15,,,,,,64,16,8,1
asymmetric,4,144,0,c,12,0,36160,16,24478,24478,,24543,24542,24566,24567,,,0,,,,0,,,,0,,24479,24539,16,4:15,24481,24541,16,4:15,24482,24542,16,4:15,24543,24558,16,1:15,,,,,,64,16,8,1
asymmetric,4,145,0,c,13,0,36416,16,24570,24570,,24635,24634,24658,24659,,,0,,,,0,,,,0,,24571,24631,16,4:15,24573,24633,16,4:15,24574,24634,16,4:15,24635,24650,16,1:15,,,,,,64,16,8,1
asymmetric,4,146,0,c,14,0,36672,16,24662,24662,,24727,24726,24750,24751,,,0,,,,0,,,,0,,24663,24723,16,4:15,24665,24725,16,4:15,24666,24726,16,4:15,24727,24742,16,1:15,,,,,,64,16,8,1
asymmetric,4,147,0,c,15,0,36928,16,24754,24754,,24819,24818,24842,24843,,,0,,,,0,,,,0,,24755,24815,16,4:15,24757,24817,16,4:15,24758,24818,16,4:15,24819,24834,16,1:15,,,,,,64,16,8,1
asymmetric,4,148,0,c,16,0,37184,16,24846,24846,,24911,24910,24934,24935,,,0,,,,0,,,,0,,24847,24907,16,4:15,24849,24909,16,4:15,24850,24910,16,4:15,24911,24926,16,1:15,,,,,,64,16,8,1
asymmetric,4,149,0,c,17,0,37440,16,24938,24938,,25003,25002,25026,25027,,,0,,,,0,,,,0,,24939,24999,16,4:15,24941,25001,16,4:15,24942,25002,16,4:15,25003,25018,16,1:15,,,,,,64,16,8,1
asymmetric,4,150,0,c,18,0,37696,16,25030,25030,,25095,25094,25118,25119,,,0,,,,0,,,,0,,25031,25091,16,4:15,25033,25093,16,4:15,25034,25094,16,4:15,25095,25110,16,1:15,,,,,,64,16,8,1
asymmetric,4,151,0,c,19,0,37952,16,25122,25122,,25187,25186,25210,25211,,,0,,,,0,,,,0,,25123,25183,16,4:15,25125,25185,16,4:15,25126,25186,16,4:15,25187,25202,16,1:15,,,,,,64,16,8,1
asymmetric,4,152,0,c,20,0,38208,16,25214,25214,,25279,25278,25302,25303,,,0,,,,0,,,,0,,25215,25275,16,4:15,25217,25277,16,4:15,25218,25278,16,4:15,25279,25294,16,1:15,,,,,,64,16,8,1
asymmetric,4,153,0,c,21,0,38464,16,25306,25306,,25371,25370,25394,25395,,,0,,,,0,,,,0,,25307,25367,16,4:15,25309,25369,16,4:15,25310,25370,16,4:15,25371,25386,16,1:15,,,,,,64,16,8,1
asymmetric,4,154,0,c,22,0,38720,16,25398,25398,,25463,25462,25486,25487,,,0,,,,0,,,,0,,25399,25459,16,4:15,25401,25461,16,4:15,25402,25462,16,4:15,25463,25478,16,1:15,,,,,,64,16,8,1
asymmetric,4,155,0,c,23,0,38976,16,25490,25490,,25555,25554,25578,25579,,,0,,,,0,,,,0,,25491,25551,16,4:15,25493,25553,16,4:15,25494,25554,16,4:15,25555,25570,16,1:15,,,,,,64,16,8,1
asymmetric,4,156,0,c,24,0,39232,16,25582,25582,,25647,25646,25670,25671,,,0,,,,0,,,,0,,25583,25643,16,4:15,25585,25645,16,4:15,25586,25646,16,4:15,25647,25662,16,1:15,,,,,,64,16,8,1
asymmetric,4,157,0,c,25,0,39488,16,25674,25674,,25739,25738,25762,25763,,,0,,,,0,,,,0,,25675,25735,16,4:15,25677,25737,16,4:15,25678,25738,16,4:15,25739,25754,16,1:15,,,,,,64,16,8,1
asymmetric,4,158,0,c,26,0,39744,16,25766,25766,,25831,25830,25854,25855,,,0,,,,0,,,,0,,25767,25827,16,4:15,25769,25829,16,4:15,25770,25830,16,4:15,25831,25846,16,1:15,,,,,,64,16,8,1
asymmetric,4,159,0,c,27,0,40000,16,25858,25858,,25923,25922,25946,25947,,,0,,,,0,,,,0,,25859,25919,16,4:15,25861,25921,16,4:15,25862,25922,16,4:15,25923,25938,16,1:15,,,,,,64,16,8,1
asymmetric,4,160,0,c,28,0,40256,16,25950,25950,,26015,26014,26038,26039,,,0,,,,0,,,,0,,25951,26011,16,4:15,25953,26013,16,4:15,25954,26014,16,4:15,26015,26030,16,1:15,,,,,,64,16,8,1
asymmetric,4,161,0,c,29,0,40512,16,26042,26042,,26107,26106,26130,26131,,,0,,,,0,,,,0,,26043,26103,16,4:15,26045,26105,16,4:15,26046,26106,16,4:15,26107,26122,16,1:15,,,,,,64,16,8,1
asymmetric,4,162,0,c,30,0,40768,16,26134,26134,,26199,26198,26222,26223,,,0,,,,0,,,,0,,26135,26195,16,4:15,26137,26197,16,4:15,26138,26198,16,4:15,26199,26214,16,1:15,,,,,,64,16,8,1
asymmetric,4,163,0,c,31,0,41024,16,26226,26226,,26291,26290,26314,26315,,,0,,,,0,,,,0,,26227,26287,16,4:15,26229,26289,16,4:15,26230,26290,16,4:15,26291,26306,16,1:15,,,,,,64,16,8,1
asymmetric,4,164,1,a,0,0,64,16,26324,26324,26325,,,,26368,26335,26350,16,1:15,26351,26366,16,1:15,26352,26367,16,1:15,,,0,,,,0,,,,0,,,,0,,1,10,15,17,1,,,,
asymmetric,4,165,1,a,0,16,192,16,26371,26371,26372,,,,26415,26382,26397,16,1:15,26398,26413,16,1:15,26399,26414,16,1:15,,,0,,,,0,,,,0,,,,0,,1,10,15,17,1,,,,
asymmetric,4,166,1,a,1,0,320,16,26418,26418,26419,,,,26462,26429,26444,16,1:15,26445,26460,16,1:15,26446,26461,16,1:15,,,0,,,,0,,,,0,,,,0,,1,10,15,17,1,,,,
asymmetric,4,167,1,a,1,16,448,16,26465,26465,26466,,,,26509,26476,26491,16,1:15,26492,26507,16,1:15,26493,26508,16,1:15,,,0,,,,0,,,,0,,,,0,,1,10,15,17,1,,,,
asymmetric,4,168,1,a,2,0,576,16,26512,26512,26513,,,,26556,26523,26538,16,1:15,26539,26554,16,1:15,26540,26555,16,1:15,,,0,,,,0,,,,0,,,,0,,1,10,15,17,1,,,,
asymmetric,4,169,1,a,2,16,704,16,26559,26559,26560,,,,26603,26570,26585,16,1:15,26586,26601,16,1:15,26587,26602,16,1:15,,,0,,,,0,,,,0,,,,0,,1,10,15,17,1,,,,
asymmetric,4,170,1,a,3,0,832,16,26606,26606,26607,,,,26650,26617,26632,16,1:15,26633,26648,16,1:15,26634,26649,16,1:15,,,0,,,,0,,,,0,,,,0,,1,10,15,17,1,,,,
asymmetric,4,171,1,a,3,16,960,16,26653,26653,26654,,,,26697,26664,26679,16,1:15,26680,26695,16,1:15,26681,26696,16,1:15,,,0,,,,0,,,,0,,,,0,,1,10,15,17,1,,,,
asymmetric,4,172,1,a,4,0,1088,16,26700,26700,26701,,,,26744,26711,26726,16,1:15,26727,26742,16,1:15,26728,26743,16,1:15,,,0,,,,0,,,,0,,,,0,,1,10,15,17,1,,,,
asymmetric,4,173,1,a,4,16,1216,16,26747,26747,26748,,,,26791,26758,26773,16,1:15,26774,26789,16,1:15,26775,26790,16,1:15,,,0,,,,0,,,,0,,,,0,,1,10,15,17,1,,,,
asymmetric,4,174,1,a,5,0,1344,16,26794,26794,26795,,,,26838,26805,26820,16,1:15,26821,26836,16,1:15,26822,26837,16,1:15,,,0,,,,0,,,,0,,,,0,,1,10,15,17,1,,,,
asymmetric,4,175,1,a,5,16,1472,16,26841,26841,26842,,,,26885,26852,26867,16,1:15,26868,26883,16,1:15,26869,26884,16,1:15,,,0,,,,0,,,,0,,,,0,,1,10,15,17,1,,,,
asymmetric,4,176,1,a,6,0,1600,16,26888,26888,26889,,,,26932,26899,26914,16,1:15,26915,26930,16,1:15,26916,26931,16,1:15,,,0,,,,0,,,,0,,,,0,,1,10,15,17,1,,,,
asymmetric,4,177,1,a,6,16,1728,16,26935,26935,26936,,,,26979,26946,26961,16,1:15,26962,26977,16,1:15,26963,26978,16,1:15,,,0,,,,0,,,,0,,,,0,,1,10,15,17,1,,,,
asymmetric,4,178,1,a,7,0,1856,16,26982,26982,26983,,,,27026,26993,27008,16,1:15,27009,27024,16,1:15,27010,27025,16,1:15,,,0,,,,0,,,,0,,,,0,,1,10,15,17,1,,,,
asymmetric,4,179,1,a,7,16,1984,16,27029,27029,27030,,,,27073,27040,27055,16,1:15,27056,27071,16,1:15,27057,27072,16,1:15,,,0,,,,0,,,,0,,,,0,,1,10,15,17,1,,,,
asymmetric,4,180,1,a,8,0,2112,16,27076,27076,27077,,,,27120,27087,27102,16,1:15,27103,27118,16,1:15,27104,27119,16,1:15,,,0,,,,0,,,,0,,,,0,,1,10,15,17,1,,,,
asymmetric,4,181,1,a,8,16,2240,16,27123,27123,27124,,,,27167,27134,27149,16,1:15,27150,27165,16,1:15,27151,27166,16,1:15,,,0,,,,0,,,,0,,,,0,,1,10,15,17,1,,,,
asymmetric,4,182,1,a,9,0,2368,16,27170,27170,27171,,,,27214,27181,27196,16,1:15,27197,27212,16,1:15,27198,27213,16,1:15,,,0,,,,0,,,,0,,,,0,,1,10,15,17,1,,,,
asymmetric,4,183,1,a,9,16,2496,16,27217,27217,27218,,,,27261,27228,27243,16,1:15,27244,27259,16,1:15,27245,27260,16,1:15,,,0,,,,0,,,,0,,,,0,,1,10,15,17,1,,,,
asymmetric,4,184,1,a,10,0,2624,16,27264,27264,27265,,,,27308,27275,27290,16,1:15,27291,27306,16,1:15,27292,27307,16,1:15,,,0,,,,0,,,,0,,,,0,,1,10,15,17,1,,,,
asymmetric,4,185,1,a,10,16,2752,16,27311,27311,27312,,,,27355,27322,27337,16,1:15,27338,27353,16,1:15,27339,27354,16,1:15,,,0,,,,0,,,,0,,,,0,,1,10,15,17,1,,,,
asymmetric,4,186,1,a,11,0,2880,16,27358,27358,27359,,,,27402,27369,27384,16,1:15,27385,27400,16,1:15,27386,27401,16,1:15,,,0,,,,0,,,,0,,,,0,,1,10,15,17,1,,,,
asymmetric,4,187,1,a,11,16,3008,16,27405,27405,27406,,,,27449,27416,27431,16,1:15,27432,27447,16,1:15,27433,27448,16,1:15,,,0,,,,0,,,,0,,,,0,,1,10,15,17,1,,,,
asymmetric,4,188,1,a,12,0,3136,16,27452,27452,27453,,,,27496,27463,27478,16,1:15,27479,27494,16,1:15,27480,27495,16,1:15,,,0,,,,0,,,,0,,,,0,,1,10,15,17,1,,,,
asymmetric,4,189,1,a,12,16,3264,16,27499,27499,27500,,,,27543,27510,27525,16,1:15,27526,27541,16,1:15,27527,27542,16,1:15,,,0,,,,0,,,,0,,,,0,,1,10,15,17,1,,,,
asymmetric,4,190,1,a,13,0,3392,16,27546,27546,27547,,,,27590,27557,27572,16,1:15,27573,27588,16,1:15,27574,27589,16,1:15,,,0,,,,0,,,,0,,,,0,,1,10,15,17,1,,,,
asymmetric,4,191,1,a,13,16,3520,16,27593,27593,27594,,,,27637,27604,27619,16,1:15,27620,27635,16,1:15,27621,27636,16,1:15,,,0,,,,0,,,,0,,,,0,,1,10,15,17,1,,,,
asymmetric,4,192,1,a,14,0,3648,16,27640,27640,27641,,,,27684,27651,27666,16,1:15,27667,27682,16,1:15,27668,27683,16,1:15,,,0,,,,0,,,,0,,,,0,,1,10,15,17,1,,,,
asymmetric,4,193,1,a,14,16,3776,16,27687,27687,27688,,,,27731,27698,27713,16,1:15,27714,27729,16,1:15,27715,27730,16,1:15,,,0,,,,0,,,,0,,,,0,,1,10,15,17,1,,,,
asymmetric,4,194,1,a,15,0,3904,16,27734,27734,27735,,,,27778,27745,27760,16,1:15,27761,27776,16,1:15,27762,27777,16,1:15,,,0,,,,0,,,,0,,,,0,,1,10,15,17,1,,,,
asymmetric,4,195,1,a,15,16,4032,8,27781,27781,27782,,,,27809,27792,27799,8,1:7,27800,27807,8,1:7,27801,27808,8,1:7,,,0,,,,0,,,,0,,,,0,,1,10,7,9,1,,,,
asymmetric,4,196,1,a,15,24,4096,8,27812,27812,27813,,,,27840,27823,27830,8,1:7,27831,27838,8,1:7,27832,27839,8,1:7,,,0,,,,0,,,,0,,,,0,,1,10,7,9,1,,,,
asymmetric,4,197,1,a,16,0,4160,16,27843,27843,27844,,,,27887,27854,27869,16,1:15,27870,27885,16,1:15,27871,27886,16,1:15,,,0,,,,0,,,,0,,,,0,,1,10,15,17,1,,,,
asymmetric,4,198,1,a,16,16,4288,16,27890,27890,27891,,,,27934,27901,27916,16,1:15,27917,27932,16,1:15,27918,27933,16,1:15,,,0,,,,0,,,,0,,,,0,,1,10,15,17,1,,,,
asymmetric,4,199,1,a,17,0,4416,16,27937,27937,27938,,,,27981,27948,27963,16,1:15,27964,27979,16,1:15,27965,27980,16,1:15,,,0,,,,0,,,,0,,,,0,,1,10,15,17,1,,,,
asymmetric,4,200,1,a,17,16,4544,16,27984,27984,27985,,,,28028,27995,28010,16,1:15,28011,28026,16,1:15,28012,28027,16,1:15,,,0,,,,0,,,,0,,,,0,,1,10,15,17,1,,,,
asymmetric,4,201,1,a,18,0,4672,16,28031,28031,28032,,,,28075,28042,28057,16,1:15,28058,28073,16,1:15,28059,28074,16,1:15,,,0,,,,0,,,,0,,,,0,,1,10,15,17,1,,,,
asymmetric,4,202,1,a,18,16,4800,16,28078,28078,28079,,,,28122,28089,28104,16,1:15,28105,28120,16,1:15,28106,28121,16,1:15,,,0,,,,0,,,,0,,,,0,,1,10,15,17,1,,,,
asymmetric,4,203,1,a,19,0,4928,16,28125,28125,28126,,,,28169,28136,28151,16,1:15,28152,28167,16,1:15,28153,28168,16,1:15,,,0,,,,0,,,,0,,,,0,,1,10,15,17,1,,,,
asymmetric,4,204,1,a,19,16,5056,16,28172,28172,28173,,,,28216,28183,28198,16,1:15,28199,28214,16,1:15,28200,28215,16,1:15,,,0,,,,0,,,,0,,,,0,,1,10,15,17,1,,,,
asymmetric,4,205,1,a,20,0,5184,16,28219,28219,28220,,,,28263,28230,28245,16,1:15,28246,28261,16,1:15,28247,28262,16,1:15,,,0,,,,0,,,,0,,,,0,,1,10,15,17,1,,,,
asymmetric,4,206,1,a,20,16,5312,16,28266,28266,28267,,,,28310,28277,28292,16,1:15,28293,28308,16,1:15,28294,28309,16,1:15,,,0,,,,0,,,,0,,,,0,,1,10,15,17,1,,,,
asymmetric,4,207,1,a,21,0,5440,16,28313,28313,28314,,,,28357,28324,28339,16,1:15,28340,28355,16,1:15,28341,28356,16,1:15,,,0,,,,0,,,,0,,,,0,,1,10,15,17,1,,,,
asymmetric,4,208,1,a,21,16,5568,16,28360,28360,28361,,,,28404,28371,28386,16,1:15,28387,28402,16,1:15,28388,28403,16,1:15,,,0,,,,0,,,,0,,,,0,,1,10,15,17,1,,,,
asymmetric,4,209,1,a,22,0,5696,16,28407,28407,28408,,,,28451,28418,28433,16,1:15,28434,28449,16,1:15,28435,28450,16,1:15,,,0,,,,0,,,,0,,,,0,,1,10,15,17,1,,,,
asymmetric,4,210,1,a,22,16,5824,16,28454,28454,28455,,,,28498,28465,28480,16,1:15,28481,28496,16,1:15,28482,28497,16,1:15,,,0,,,,0,,,,0,,,,0,,1,10,15,17,1,,,,
asymmetric,4,211,1,a,23,0,5952,16,28501,28501,28502,,,,28545,28512,28527,16,1:15,28528,28543,16,1:15,28529,28544,16,1:15,,,0,,,,0,,,,0,,,,0,,1,10,15,17,1,,,,
asymmetric,4,212,1,a,23,16,6080,16,28548,28548,28549,,,,28592,28559,28574,16,1:15,28575,28590,16,1:15,28576,28591,16,1:15,,,0,,,,0,,,,0,,,,0,,1,10,15,17,1,,,,
asymmetric,4,213,1,a,24,0,6208,16,28595,28595,28596,,,,28639,28606,28621,16,1:15,28622,28637,16,1:15,28623,28638,16,1:15,,,0,,,,0,,,,0,,,,0,,1,10,15,17,1,,,,
asymmetric,4,214,1,a,24,16,6336,16,28642,28642,28643,,,,28686,28653,28668,16,1:15,28669,28684,16,1:15,28670,28685,16,1:15,,,0,,,,0,,,,0,,,,0,,1,10,15,17,1,,,,
asymmetric,4,215,1,a,25,0,6464,16,28689,28689,28690,,,,28733,28700,28715,16,1:15,28716,28731,16,1:15,28717,28732,16,1:15,,,0,,,,0,,,,0,,,,0,,1,10,15,17,1,,,,
asymmetric,4,216,1,a,25,16,6592,16,28736,28736,28737,,,,28780,28747,28762,16,1:15,28763,28778,16,1:15,28764,28779,16,1:15,,,0,,,,0,,,,0,,,,0,,1,10,15,17,1,,,,
asymmetric,4,217,1,a,26,0,6720,16,28783,28783,28784,,,,28827,28794,28809,16,1:15,28810,28825,16,1:15,28811,28826,16,1:15,,,0,,,,0,,,,0,,,,0,,1,10,15,17,1,,,,
asymmetric,4,218,1,a,26,16,6848,16,28830,28830,28831,,,,28874,28841,28856,16,1:15,28857,28872,16,1:15,28858,28873,16,1:15,,,0,,,,0,,,,0,,,,0,,1,10,15,17,1,,,,
asymmetric,4,219,1,a,27,0,6976,16,28877,28877,28878,,,,28921,28888,28903,16,1:15,28904,28919,16,1:15,28905,28920,16,1:15,,,0,,,,0,,,,0,,,,0,,1,10,15,17,1,,,,
asymmetric,4,220,1,a,27,16,7104,16,28924,28924,28925,,,,28968,28935,28950,16,1:15,28951,28966,16,1:15,28952,28967,16,1:15,,,0,,,,0,,,,0,,,,0,,1,10,15,17,1,,,,
asymmetric,4,221,1,a,28,0,7232,16,28971,28971,28972,,,,29015,28982,28997,16,1:15,28998,29013,16,1:15,28999,29014,16,1:15,,,0,,,,0,,,,0,,,,0,,1,10,15,17,1,,,,
asymmetric,4,222,1,a,28,16,7360,16,29018,29018,29019,,,,29062,29029,29044,16,1:15,29045,29060,16,1:15,29046,29061,16,1:15,,,0,,,,0,,,,0,,,,0,,1,10,15,17,1,,,,
asymmetric,4,223,1,a,29,0,7488,16,29065,29065,29066,,,,29109,29076,29091,16,1:15,29092,29107,16,1:15,29093,29108,16,1:15,,,0,,,,0,,,,0,,,,0,,1,10,15,17,1,,,,
asymmetric,4,224,1,a,29,16,7616,16,29112,29112,29113,,,,29156,29123,29138,16,1:15,29139,29154,16,1:15,29140,29155,16,1:15,,,0,,,,0,,,,0,,,,0,,1,10,15,17,1,,,,
asymmetric,4,225,1,a,30,0,7744,16,29159,29159,29160,,,,29203,29170,29185,16,1:15,29186,29201,16,1:15,29187,29202,16,1:15,,,0,,,,0,,,,0,,,,0,,1,10,15,17,1,,,,
asymmetric,4,226,1,a,30,16,7872,16,29206,29206,29207,,,,29250,29217,29232,16,1:15,29233,29248,16,1:15,29234,29249,16,1:15,,,0,,,,0,,,,0,,,,0,,1,10,15,17,1,,,,
asymmetric,4,227,1,a,31,0,8000,16,29253,29253,29254,,,,29297,29264,29279,16,1:15,29280,29295,16,1:15,29281,29296,16,1:15,,,0,,,,0,,,,0,,,,0,,1,10,15,17,1,,,,
asymmetric,4,228,1,a,31,16,8128,8,29300,29300,29301,,,,29328,29311,29318,8,1:7,29319,29326,8,1:7,29320,29327,8,1:7,,,0,,,,0,,,,0,,,,0,,1,10,7,9,1,,,,
asymmetric,4,229,1,a,31,24,8192,8,29331,29331,29332,,,,29359,29342,29349,8,1:7,29350,29357,8,1:7,29351,29358,8,1:7,,,0,,,,0,,,,0,,,,0,,1,10,7,9,1,,,,
asymmetric,4,230,1,bt,0,0,25024,16,29367,29367,29368,,,,29411,29378,29393,16,1:15,29394,29409,16,1:15,29395,29410,16,1:15,,,0,,,,0,,,,0,,,,0,,1,10,15,17,1,,,,
asymmetric,4,231,1,bt,0,16,25152,16,29414,29414,29415,,,,29458,29425,29440,16,1:15,29441,29456,16,1:15,29442,29457,16,1:15,,,0,,,,0,,,,0,,,,0,,1,10,15,17,1,,,,
asymmetric,4,232,1,bt,1,0,25280,16,29461,29461,29462,,,,29505,29472,29487,16,1:15,29488,29503,16,1:15,29489,29504,16,1:15,,,0,,,,0,,,,0,,,,0,,1,10,15,17,1,,,,
asymmetric,4,233,1,bt,1,16,25408,16,29508,29508,29509,,,,29552,29519,29534,16,1:15,29535,29550,16,1:15,29536,29551,16,1:15,,,0,,,,0,,,,0,,,,0,,1,10,15,17,1,,,,
asymmetric,4,234,1,bt,2,0,25536,16,29555,29555,29556,,,,29599,29566,29581,16,1:15,29582,29597,16,1:15,29583,29598,16,1:15,,,0,,,,0,,,,0,,,,0,,1,10,15,17,1,,,,
asymmetric,4,235,1,bt,2,16,25664,16,29602,29602,29603,,,,29646,29613,29628,16,1:15,29629,29644,16,1:15,29630,29645,16,1:15,,,0,,,,0,,,,0,,,,0,,1,10,15,17,1,,,,
asymmetric,4,236,1,bt,3,0,25792,16,29649,29649,29650,,,,29693,29660,29675,16,1:15,29676,29691,16,1:15,29677,29692,16,1:15,,,0,,,,0,,,,0,,,,0,,1,10,15,17,1,,,,
asymmetric,4,237,1,bt,3,16,25920,16,29696,29696,29697,,,,29740,29707,29722,16,1:15,29723,29738,16,1:15,29724,29739,16,1:15,,,0,,,,0,,,,0,,,,0,,1,10,15,17,1,,,,
asymmetric,4,238,1,bt,4,0,26048,16,29743,29743,29744,,,,29787,29754,29769,16,1:15,29770,29785,16,1:15,29771,29786,16,1:15,,,0,,,,0,,,,0,,,,0,,1,10,15,17,1,,,,
asymmetric,4,239,1,bt,4,16,26176,16,29790,29790,29791,,,,29834,29801,29816,16,1:15,29817,29832,16,1:15,29818,29833,16,1:15,,,0,,,,0,,,,0,,,,0,,1,10,15,17,1,,,,
asymmetric,4,240,1,bt,5,0,26304,16,29837,29837,29838,,,,29881,29848,29863,16,1:15,29864,29879,16,1:15,29865,29880,16,1:15,,,0,,,,0,,,,0,,,,0,,1,10,15,17,1,,,,
asymmetric,4,241,1,bt,5,16,26432,16,29884,29884,29885,,,,29928,29895,29910,16,1:15,29911,29926,16,1:15,29912,29927,16,1:15,,,0,,,,0,,,,0,,,,0,,1,10,15,17,1,,,,
asymmetric,4,242,1,bt,6,0,26560,16,29931,29931,29932,,,,29975,29942,29957,16,1:15,29958,29973,16,1:15,29959,29974,16,1:15,,,0,,,,0,,,,0,,,,0,,1,10,15,17,1,,,,
asymmetric,4,243,1,bt,6,16,26688,16,29978,29978,29979,,,,30022,29989,30004,16,1:15,30005,30020,16,1:15,30006,30021,16,1:15,,,0,,,,0,,,,0,,,,0,,1,10,15,17,1,,,,
asymmetric,4,244,1,bt,7,0,26816,16,30025,30025,30026,,,,30069,30036,30051,16,1:15,30052,30067,16,1:15,30053,30068,16,1:15,,,0,,,,0,,,,0,,,,0,,1,10,15,17,1,,,,
asymmetric,4,245,1,bt,7,16,26944,16,30072,30072,30073,,,,30116,30083,30098,16,1:15,30099,30114,16,1:15,30100,30115,16,1:15,,,0,,,,0,,,,0,,,,0,,1,10,15,17,1,,,,
asymmetric,4,246,1,bt,8,0,27072,16,30119,30119,30120,,,,30163,30130,30145,16,1:15,30146,30161,16,1:15,30147,30162,16,1:15,,,0,,,,0,,,,0,,,,0,,1,10,15,17,1,,,,
asymmetric,4,247,1,bt,8,16,27200,16,30166,30166,30167,,,,30210,30177,30192,16,1:15,30193,30208,16,1:15,30194,30209,16,1:15,,,0,,,,0,,,,0,,,,0,,1,10,15,17,1,,,,
asymmetric,4,248,1,bt,9,0,27328,16,30213,30213,30214,,,,30257,30224,30239,16,1:15,30240,30255,16,1:15,30241,30256,16,1:15,,,0,,,,0,,,,0,,,,0,,1,10,15,17,1,,,,
asymmetric,4,249,1,bt,9,16,27456,16,30260,30260,30261,,,,30304,30271,30286,16,1:15,30287,30302,16,1:15,30288,30303,16,1:15,,,0,,,,0,,,,0,,,,0,,1,10,15,17,1,,,,
asymmetric,4,250,1,bt,10,0,27584,16,30307,30307,30308,,,,30351,30318,30333,16,1:15,30334,30349,16,1:15,30335,30350,16,1:15,,,0,,,,0,,,,0,,,,0,,1,10,15,17,1,,,,
asymmetric,4,251,1,bt,10,16,27712,16,30354,30354,30355,,,,30398,30365,30380,16,1:15,30381,30396,16,1:15,30382,30397,16,1:15,,,0,,,,0,,,,0,,,,0,,1,10,15,17,1,,,,
asymmetric,4,252,1,bt,11,0,27840,16,30401,30401,30402,,,,30445,30412,30427,16,1:15,30428,30443,16,1:15,30429,30444,16,1:15,,,0,,,,0,,,,0,,,,0,,1,10,15,17,1,,,,
asymmetric,4,253,1,bt,11,16,27968,16,30448,30448,30449,,,,30492,30459,30474,16,1:15,30475,30490,16,1:15,30476,30491,16,1:15,,,0,,,,0,,,,0,,,,0,,1,10,15,17,1,,,,
asymmetric,4,254,1,bt,12,0,28096,16,30495,30495,30496,,,,30539,30506,30521,16,1:15,30522,30537,16,1:15,30523,30538,16,1:15,,,0,,,,0,,,,0,,,,0,,1,10,15,17,1,,,,
asymmetric,4,255,1,bt,12,16,28224,16,30542,30542,30543,,,,30586,30553,30568,16,1:15,30569,30584,16,1:15,30570,30585,16,1:15,,,0,,,,0,,,,0,,,,0,,1,10,15,17,1,,,,
asymmetric,4,256,1,bt,13,0,28352,16,30589,30589,30590,,,,30633,30600,30615,16,1:15,30616,30631,16,1:15,30617,30632,16,1:15,,,0,,,,0,,,,0,,,,0,,1,10,15,17,1,,,,
asymmetric,4,257,1,bt,13,16,28480,16,30636,30636,30637,,,,30680,30647,30662,16,1:15,30663,30678,16,1:15,30664,30679,16,1:15,,,0,,,,0,,,,0,,,,0,,1,10,15,17,1,,,,
asymmetric,4,258,1,bt,14,0,28608,8,30683,30683,30684,,,,30711,30694,30701,8,1:7,30702,30709,8,1:7,30703,30710,8,1:7,,,0,,,,0,,,,0,,,,0,,1,10,7,9,1,,,,
asymmetric,4,259,1,bt,14,8,28672,16,30714,30714,30715,,,,30758,30725,30740,16,1:15,30741,30756,16,1:15,30742,30757,16,1:15,,,0,,,,0,,,,0,,,,0,,1,10,15,17,1,,,,
asymmetric,4,260,1,bt,14,24,28800,8,30761,30761,30762,,,,30789,30772,30779,8,1:7,30780,30787,8,1:7,30781,30788,8,1:7,,,0,,,,0,,,,0,,,,0,,1,10,7,9,1,,,,
asymmetric,4,261,1,bt,15,0,28864,16,30792,30792,30793,,,,30836,30803,30818,16,1:15,30819,30834,16,1:15,30820,30835,16,1:15,,,0,,,,0,,,,0,,,,0,,1,10,15,17,1,,,,
asymmetric,4,262,1,bt,15,16,28992,16,30839,30839,30840,,,,30883,30850,30865,16,1:15,30866,30881,16,1:15,30867,30882,16,1:15,,,0,,,,0,,,,0,,,,0,,1,10,15,17,1,,,,
asymmetric,4,263,1,bt,16,0,29120,16,30886,30886,30887,,,,30930,30897,30912,16,1:15,30913,30928,16,1:15,30914,30929,16,1:15,,,0,,,,0,,,,0,,,,0,,1,10,15,17,1,,,,
asymmetric,4,264,1,bt,16,16,29248,16,30933,30933,30934,,,,30977,30944,30959,16,1:15,30960,30975,16,1:15,30961,30976,16,1:15,,,0,,,,0,,,,0,,,,0,,1,10,15,17,1,,,,
asymmetric,4,265,1,bt,17,0,29376,16,30980,30980,30981,,,,31024,30991,31006,16,1:15,31007,31022,16,1:15,31008,31023,16,1:15,,,0,,,,0,,,,0,,,,0,,1,10,15,17,1,,,,
asymmetric,4,266,1,bt,17,16,29504,16,31027,31027,31028,,,,31071,31038,31053,16,1:15,31054,31069,16,1:15,31055,31070,16,1:15,,,0,,,,0,,,,0,,,,0,,1,10,15,17,1,,,,
asymmetric,4,267,1,bt,18,0,29632,16,31074,31074,31075,,,,31118,31085,31100,16,1:15,31101,31116,16,1:15,31102,31117,16,1:15,,,0,,,,0,,,,0,,,,0,,1,10,15,17,1,,,,
asymmetric,4,268,1,bt,18,16,29760,16,31121,31121,31122,,,,31165,31132,31147,16,1:15,31148,31163,16,1:15,31149,31164,16,1:15,,,0,,,,0,,,,0,,,,0,,1,10,15,17,1,,,,
asymmetric,4,269,1,bt,19,0,29888,16,31168,31168,31169,,,,31212,31179,31194,16,1:15,31195,31210,16,1:15,31196,31211,16,1:15,,,0,,,,0,,,,0,,,,0,,1,10,15,17,1,,,,
asymmetric,4,270,1,bt,19,16,30016,16,31215,31215,31216,,,,31259,31226,31241,16,1:15,31242,31257,16,1:15,31243,31258,16,1:15,,,0,,,,0,,,,0,,,,0,,1,10,15,17,1,,,,
asymmetric,4,271,1,bt,20,0,30144,16,31262,31262,31263,,,,31306,31273,31288,16,1:15,31289,31304,16,1:15,31290,31305,16,1:15,,,0,,,,0,,,,0,,,,0,,1,10,15,17,1,,,,
asymmetric,4,272,1,bt,20,16,30272,16,31309,31309,31310,,,,31353,31320,31335,16,1:15,31336,31351,16,1:15,31337,31352,16,1:15,,,0,,,,0,,,,0,,,,0,,1,10,15,17,1,,,,
asymmetric,4,273,1,bt,21,0,30400,16,31356,31356,31357,,,,31400,31367,31382,16,1:15,31383,31398,16,1:15,31384,31399,16,1:15,,,0,,,,0,,,,0,,,,0,,1,10,15,17,1,,,,
asymmetric,4,274,1,bt,21,16,30528,16,31403,31403,31404,,,,31447,31414,31429,16,1:15,31430,31445,16,1:15,31431,31446,16,1:15,,,0,,,,0,,,,0,,,,0,,1,10,15,17,1,,,,
asymmetric,4,275,1,bt,22,0,30656,16,31450,31450,31451,,,,31494,31461,31476,16,1:15,31477,31492,16,1:15,31478,31493,16,1:15,,,0,,,,0,,,,0,,,,0,,1,10,15,17,1,,,,
asymmetric,4,276,1,bt,22,16,30784,16,31497,31497,31498,,,,31541,31508,31523,16,1:15,31524,31539,16,1:15,31525,31540,16,1:15,,,0,,,,0,,,,0,,,,0,,1,10,15,17,1,,,,
asymmetric,4,277,1,bt,23,0,30912,16,31544,31544,31545,,,,31588,31555,31570,16,1:15,31571,31586,16,1:15,31572,31587,16,1:15,,,0,,,,0,,,,0,,,,0,,1,10,15,17,1,,,,
asymmetric,4,278,1,bt,23,16,31040,16,31591,31591,31592,,,,31635,31602,31617,16,1:15,31618,31633,16,1:15,31619,31634,16,1:15,,,0,,,,0,,,,0,,,,0,,1,10,15,17,1,,,,
asymmetric,4,279,1,bt,24,0,31168,16,31638,31638,31639,,,,31682,31649,31664,16,1:15,31665,31680,16,1:15,31666,31681,16,1:15,,,0,,,,0,,,,0,,,,0,,1,10,15,17,1,,,,
asymmetric,4,280,1,bt,24,16,31296,16,31685,31685,31686,,,,31729,31696,31711,16,1:15,31712,31727,16,1:15,31713,31728,16,1:15,,,0,,,,0,,,,0,,,,0,,1,10,15,17,1,,,,
asymmetric,4,281,1,bt,25,0,31424,16,31732,31732,31733,,,,31776,31743,31758,16,1:15,31759,31774,16,1:15,31760,31775,16,1:15,,,0,,,,0,,,,0,,,,0,,1,10,15,17,1,,,,
asymmetric,4,282,1,bt,25,16,31552,16,31779,31779,31780,,,,31823,31790,31805,16,1:15,31806,31821,16,1:15,31807,31822,16,1:15,,,0,,,,0,,,,0,,,,0,,1,10,15,17,1,,,,
asymmetric,4,283,1,bt,26,0,31680,16,31826,31826,31827,,,,31870,31837,31852,16,1:15,31853,31868,16,1:15,31854,31869,16,1:15,,,0,,,,0,,,,0,,,,0,,1,10,15,17,1,,,,
asymmetric,4,284,1,bt,26,16,31808,16,31873,31873,31874,,,,31917,31884,31899,16,1:15,31900,31915,16,1:15,31901,31916,16,1:15,,,0,,,,0,,,,0,,,,0,,1,10,15,17,1,,,,
asymmetric,4,285,1,bt,27,0,31936,16,31920,31920,31921,,,,31964,31931,31946,16,1:15,31947,31962,16,1:15,31948,31963,16,1:15,,,0,,,,0,,,,0,,,,0,,1,10,15,17,1,,,,
asymmetric,4,286,1,bt,27,16,32064,16,31967,31967,31968,,,,32011,31978,31993,16,1:15,31994,32009,16,1:15,31995,32010,16,1:15,,,0,,,,0,,,,0,,,,0,,1,10,15,17,1,,,,
asymmetric,4,287,1,bt,28,0,32192,16,32014,32014,32015,,,,32058,32025,32040,16,1:15,32041,32056,16,1:15,32042,32057,16,1:15,,,0,,,,0,,,,0,,,,0,,1,10,15,17,1,,,,
asymmetric,4,288,1,bt,28,16,32320,16,32061,32061,32062,,,,32105,32072,32087,16,1:15,32088,32103,16,1:15,32089,32104,16,1:15,,,0,,,,0,,,,0,,,,0,,1,10,15,17,1,,,,
asymmetric,4,289,1,bt,29,0,32448,16,32108,32108,32109,,,,32152,32119,32134,16,1:15,32135,32150,16,1:15,32136,32151,16,1:15,,,0,,,,0,,,,0,,,,0,,1,10,15,17,1,,,,
asymmetric,4,290,1,bt,29,16,32576,16,32155,32155,32156,,,,32199,32166,32181,16,1:15,32182,32197,16,1:15,32183,32198,16,1:15,,,0,,,,0,,,,0,,,,0,,1,10,15,17,1,,,,
asymmetric,4,291,1,bt,30,0,32704,8,32202,32202,32203,,,,32230,32213,32220,8,1:7,32221,32228,8,1:7,32222,32229,8,1:7,,,0,,,,0,,,,0,,,,0,,1,10,7,9,1,,,,
asymmetric,4,292,1,bt,30,8,32768,16,32233,32233,32234,,,,32277,32244,32259,16,1:15,32260,32275,16,1:15,32261,32276,16,1:15,,,0,,,,0,,,,0,,,,0,,1,10,15,17,1,,,,
asymmetric,4,293,1,bt,30,24,32896,8,32280,32280,32281,,,,32308,32291,32298,8,1:7,32299,32306,8,1:7,32300,32307,8,1:7,,,0,,,,0,,,,0,,,,0,,1,10,7,9,1,,,,
asymmetric,4,294,1,c,0,0,33216,16,49598,49598,,49663,49662,49686,49687,,,0,,,,0,,,,0,,49599,49659,16,4:15,49601,49661,16,4:15,49602,49662,16,4:15,49663,49678,16,1:15,,,,,,64,16,8,1
asymmetric,4,295,1,c,1,0,33472,16,49690,49690,,49755,49754,49778,49779,,,0,,,,0,,,,0,,49691,49751,16,4:15,49693,49753,16,4:15,49694,49754,16,4:15,49755,49770,16,1:15,,,,,,64,16,8,1
asymmetric,4,296,1,c,2,0,33728,16,49782,49782,,49847,49846,49870,49871,,,0,,,,0,,,,0,,49783,49843,16,4:15,49785,49845,16,4:15,49786,49846,16,4:15,49847,49862,16,1:15,,,,,,64,16,8,1
asymmetric,4,297,1,c,3,0,33984,16,49874,49874,,49939,49938,49962,49963,,,0,,,,0,,,,0,,49875,49935,16,4:15,49877,49937,16,4:15,49878,49938,16,4:15,49939,49954,16,1:15,,,,,,64,16,8,1
asymmetric,4,298,1,c,4,0,34240,16,49966,49966,,50031,50030,50054,50055,,,0,,,,0,,,,0,,49967,50027,16,4:15,49969,50029,16,4:15,49970,50030,16,4:15,50031,50046,16,1:15,,,,,,64,16,8,1
asymmetric,4,299,1,c,5,0,34496,16,50058,50058,,50123,50122,50146,50147,,,0,,,,0,,,,0,,50059,50119,16,4:15,50061,50121,16,4:15,50062,50122,16,4:15,50123,50138,16,1:15,,,,,,64,16,8,1
asymmetric,4,300,1,c,6,0,34752,16,50150,50150,,50215,50214,50238,50239,,,0,,,,0,,,,0,,50151,50211,16,4:15,50153,50213,16,4:15,50154,50214,16,4:15,50215,50230,16,1:15,,,,,,64,16,8,1
asymmetric,4,301,1,c,7,0,35008,16,50242,50242,,50307,50306,50330,50331,,,0,,,,0,,,,0,,50243,50303,16,4:15,50245,50305,16,4:15,50246,50306,16,4:15,50307,50322,16,1:15,,,,,,64,16,8,1
asymmetric,4,302,1,c,8,0,35264,16,50334,50334,,50399,50398,50422,50423,,,0,,,,0,,,,0,,50335,50395,16,4:15,50337,50397,16,4:15,50338,50398,16,4:15,50399,50414,16,1:15,,,,,,64,16,8,1
asymmetric,4,303,1,c,9,0,35520,16,50426,50426,,50491,50490,50514,50515,,,0,,,,0,,,,0,,50427,50487,16,4:15,50429,50489,16,4:15,50430,50490,16,4:15,50491,50506,16,1:15,,,,,,64,16,8,1
asymmetric,4,304,1,c,10,0,35776,16,50518,50518,,50583,50582,50606,50607,,,0,,,,0,,,,0,,50519,50579,16,4:15,50521,50581,16,4:15,50522,50582,16,4:15,50583,50598,16,1:15,,,,,,64,16,8,1
asymmetric,4,305,1,c,11,0,36032,16,50610,50610,,50675,50674,50698,50699,,,0,,,,0,,,,0,,50611,50671,16,4:15,50613,50673,16,4:15,50614,50674,16,4:15,50675,50690,16,1:15,,,,,,64,16,8,1
asymmetric,4,306,1,c,12,0,36288,16,50702,50702,,50767,50766,50790,50791,,,0,,,,0,,,,0,,50703,50763,16,4:15,50705,50765,16,4:15,50706,50766,16,4:15,50767,50782,16,1:15,,,,,,64,16,8,1
asymmetric,4,307,1,c,13,0,36544,16,50794,50794,,50859,50858,50882,50883,,,0,,,,0,,,,0,,50795,50855,16,4:15,50797,50857,16,4:15,50798,50858,16,4:15,50859,50874,16,1:15,,,,,,64,16,8,1
asymmetric,4,308,1,c,14,0,36800,8,50886,50886,,50919,50918,50934,50935,,,0,,,,0,,,,0,,50887,50915,8,4:7,50889,50917,8,4:7,50890,50918,8,4:7,50919,50926,8,1:7,,,,,,32,8,8,1
asymmetric,4,309,1,c,14,8,36864,8,50938,50938,,50971,50970,50986,50987,,,0,,,,0,,,,0,,50939,50967,8,4:7,50941,50969,8,4:7,50942,50970,8,4:7,50971,50978,8,1:7,,,,,,32,8,8,1
asymmetric,4,310,1,c,15,0,37056,16,50990,50990,,51055,51054,51078,51079,,,0,,,,0,,,,0,,50991,51051,16,4:15,50993,51053,16,4:15,50994,51054,16,4:15,51055,51070,16,1:15,,,,,,64,16,8,1
asymmetric,4,311,1,c,16,0,37312,16,51082,51082,,51147,51146,51170,51171,,,0,,,,0,,,,0,,51083,51143,16,4:15,51085,51145,16,4:15,51086,51146,16,4:15,51147,51162,16,1:15,,,,,,64,16,8,1
asymmetric,4,312,1,c,17,0,37568,16,51174,51174,,51239,51238,51262,51263,,,0,,,,0,,,,0,,51175,51235,16,4:15,51177,51237,16,4:15,51178,51238,16,4:15,51239,51254,16,1:15,,,,,,64,16,8,1
asymmetric,4,313,1,c,18,0,37824,16,51266,51266,,51331,51330,51354,51355,,,0,,,,0,,,,0,,51267,51327,16,4:15,51269,51329,16,4:15,51270,51330,16,4:15,51331,51346,16,1:15,,,,,,64,16,8,1
asymmetric,4,314,1,c,19,0,38080,16,51358,51358,,51423,51422,51446,51447,,,0,,,,0,,,,0,,51359,51419,16,4:15,51361,51421,16,4:15,51362,51422,16,4:15,51423,51438,16,1:15,,,,,,64,16,8,1
asymmetric,4,315,1,c,20,0,38336,16,51450,51450,,51515,51514,51538,51539,,,0,,,,0,,,,0,,51451,51511,16,4:15,51453,51513,16,4:15,51454,51514,16,4:15,51515,51530,16,1:15,,,,,,64,16,8,1
asymmetric,4,316,1,c,21,0,38592,16,51542,51542,,51607,51606,51630,51631,,,0,,,,0,,,,0,,51543,51603,16,4:15,51545,51605,16,4:15,51546,51606,16,4:15,51607,51622,16,1:15,,,,,,64,16,8,1
asymmetric,4,317,1,c,22,0,38848,16,51634,51634,,51699,51698,51722,51723,,,0,,,,0,,,,0,,51635,51695,16,4:15,51637,51697,16,4:15,51638,51698,16,4:15,51699,51714,16,1:15,,,,,,64,16,8,1
asymmetric,4,318,1,c,23,0,39104,16,51726,51726,,51791,51790,51814,51815,,,0,,,,0,,,,0,,51727,51787,16,4:15,51729,51789,16,4:15,51730,51790,16,4:15,51791,51806,16,1:15,,,,,,64,16,8,1
asymmetric,4,319,1,c,24,0,39360,16,51818,51818,,51883,51882,51906,51907,,,0,,,,0,,,,0,,51819,51879,16,4:15,51821,51881,16,4:15,51822,51882,16,4:15,51883,51898,16,1:15,,,,,,64,16,8,1
asymmetric,4,320,1,c,25,0,39616,16,51910,51910,,51975,51974,51998,51999,,,0,,,,0,,,,0,,51911,51971,16,4:15,51913,51973,16,4:15,51914,51974,16,4:15,51975,51990,16,1:15,,,,,,64,16,8,1
asymmetric,4,321,1,c,26,0,39872,16,52002,52002,,52067,52066,52090,52091,,,0,,,,0,,,,0,,52003,52063,16,4:15,52005,52065,16,4:15,52006,52066,16,4:15,52067,52082,16,1:15,,,,,,64,16,8,1
asymmetric,4,322,1,c,27,0,40128,16,52094,52094,,52159,52158,52182,52183,,,0,,,,0,,,,0,,52095,52155,16,4:15,52097,52157,16,4:15,52098,52158,16,4:15,52159,52174,16,1:15,,,,,,64,16,8,1
asymmetric,4,323,1,c,28,0,40384,16,52186,52186,,52251,52250,52274,52275,,,0,,,,0,,,,0,,52187,52247,16,4:15,52189,52249,16,4:15,52190,52250,16,4:15,52251,52266,16,1:15,,,,,,64,16,8,1
asymmetric,4,324,1,c,29,0,40640,16,52278,52278,,52343,52342,52366,52367,,,0,,,,0,,,,0,,52279,52339,16,4:15,52281,52341,16,4:15,52282,52342,16,4:15,52343,52358,16,1:15,,,,,,64,16,8,1
asymmetric,4,325,1,c,30,0,40896,8,52370,52370,,52403,52402,52418,52419,,,0,,,,0,,,,0,,52371,52399,8,4:7,52373,52401,8,4:7,52374,52402,8,4:7,52403,52410,8,1:7,,,,,,32,8,8,1
asymmetric,4,326,1,c,30,8,40960,8,52422,52422,,52455,52454,52470,52471,,,0,,,,0,,,,0,,52423,52451,8,4:7,52425,52453,8,4:7,52426,52454,8,4:7,52455,52462,8,1:7,,,,,,32,8,8,1
asymmetric,4,327,1,c,31,0,41152,16,52474,52474,,52539,52538,52562,52563,,,0,,,,0,,,,0,,52475,52535,16,4:15,52477,52537,16,4:15,52478,52538,16,4:15,52539,52554,16,1:15,,,,,,64,16,8,1
asymmetric,4,328,2,a,0,0,8256,16,52572,52572,52573,,,,52616,52583,52598,16,1:15,52599,52614,16,1:15,52600,52615,16,1:15,,,0,,,,0,,,,0,,,,0,,1,10,15,17,1,,,,
asymmetric,4,329,2,a,0,16,8384,16,52619,52619,52620,,,,52663,52630,52645,16,1:15,52646,52661,16,1:15,52647,52662,16,1:15,,,0,,,,0,,,,0,,,,0,,1,10,15,17,1,,,,
asymmetric,4,330,2,a,1,0,8512,16,52666,52666,52667,,,,52710,52677,52692,16,1:15,52693,52708,16,1:15,52694,52709,16,1:15,,,0,,,,0,,,,0,,,,0,,1,10,15,17,1,,,,
asymmetric,4,331,2,a,1,16,8640,16,52713,52713,52714,,,,52757,52724,52739,16,1:15,52740,52755,16,1:15,52741,52756,16,1:15,,,0,,,,0,,,,0,,,,0,,1,10,15,17,1,,,,
asymmetric,4,332,2,a,2,0,8768,16,52760,52760,52761,,,,52804,52771,52786,16,1:15,52787,52802,16,1:15,52788,52803,16,1:15,,,0,,,,0,,,,0,,,,0,,1,10,15,17,1,,,,
asymmetric,4,333,2,a,2,16,8896,16,52807,52807,52808,,,,52851,52818,52833,16,1:15,52834,52849,16,1:15,52835,52850,16,1:15,,,0,,,,0,,,,0,,,,0,,1,10,15,17,1,,,,
asymmetric,4,334,2,a,3,0,9024,16,52854,52854,52855,,,,52898,52865,52880,16,1:15,52881,52896,16,1:15,52882,52897,16,1:15,,,0,,,,0,,,,0,,,,0,,1,10,15,17,1,,,,
asymmetric,4,335,2,a,3,16,9152,16,52901,52901,52902,,,,52945,52912,52927,16,1:15,52928,52943,16,1:15,52929,52944,16,1:15,,,0,,,,0,,,,0,,,,0,,1,10,15,17,1,,,,
asymmetric,4,336,2,a,4,0,9280,16,52948,52948,52949,,,,52992,52959,52974,16,1:15,52975,52990,16,1:15,52976,52991,16,1:15,,,0,,,,0,,,,0,,,,0,,1,10,15,17,1,,,,
asymmetric,4,337,2,a,4,16,9408,16,52995,52995,52996,,,,53039,53006,53021,16,1:15,53022,53037,16,1:15,53023,53038,16,1:15,,,0,,,,0,,,,0,,,,0,,1,10,15,17,1,,,,
asymmetric,4,338,2,a,5,0,9536,16,53042,53042,53043,,,,53086,53053,53068,16,1:15,53069,53084,16,1:15,53070,53085,16,1:15,,,0,,,,0,,,,0,,,,0,,1,10,15,17,1,,,,
asymmetric,4,339,2,a,5,16,9664,16,53089,53089,53090,,,,53133,53100,53115,16,1:15,53116,53131,16,1:15,53117,53132,16,1:15,,,0,,,,0,,,,0,,,,0,,1,10,15,17,1,,,,
asymmetric,4,340,2,a,6,0,9792,16,53136,53136,53137,,,,53180,53147,53162,16,1:15,53163,53178,16,1:15,53164,53179,16,1:15,,,0,,,,0,,,,0,,,,0,,1,10,15,17,1,,,,
asymmetric,4,341,2,a,6,16,9920,16,53183,53183,53184,,,,53227,53194,53209,16,1:15,53210,53225,16,1:15,53211,53226,16,1:15,,,0,,,,0,,,,0,,,,0,,1,10,15,17,1,,,,
asymmetric,4,342,2,a,7,0,10048,16,53230,53230,53231,,,,53274,53241,53256,16,1:15,53257,53272,16,1:15,53258,53273,16,1:15,,,0,,,,0,,,,0,,,,0,,1,10,15,17,1,,,,
asymmetric,4,343,2,a,7,16,10176,16,53277,53277,53278,,,,53321,53288,53303,16,1:15,53304,53319,16,1:15,53305,53320,16,1:15,,,0,,,,0,,,,0,,,,0,,1,10,15,17,1,,,,
asymmetric,4,344,2,a,8,0,10304,16,53324,53324,53325,,,,53368,53335,53350,16,1:15,53351,53366,16,1:15,53352,53367,16,1:15,,,0,,,,0,,,,0,,,,0,,1,10,15,17,1,,,,
asymmetric,4,345,2,a,8,16,10432,16,53371,53371,53372,,,,53415,53382,53397,16,1:15,53398,53413,16,1:15,53399,53414,16,1:15,,,0,,,,0,,,,0,,,,0,,1,10,15,17,1,,,,
asymmetric,4,346,2,a,9,0,10560,16,53418,53418,53419,,,,53462,53429,53444,16,1:15,53445,53460,16,1:15,53446,53461,16,1:15,,,0,,,,0,,,,0,,,,0,,1,10,15,17,1,,,,
asymmetric,4,347,2,a,9,16,10688,16,53465,53465,53466,,,,53509,53476,53491,16,1:15,53492,53507,16,1:15,53493,53508,16,1:15,,,0,,,,0,,,,0,,,,0,,1,10,15,17,1,,,,
asymmetric,4,348,2,a,10,0,10816,16,53512,53512,53513,,,,53556,53523,53538,16,1:15,53539,53554,16,1:15,53540,53555,16,1:15,,,0,,,,0,,,,0,,,,0,,1,10,15,17,1,,,,
asymmetric,4,349,2,a,10,16,10944,16,53559,53559,53560,,,,53603,53570,53585,16,1:15,53586,53601,16,1:15,53587,53602,16,1:15,,,0,,,,0,,,,0,,,,0,,1,10,15,17,1,,,,
asymmetric,4,350,2,a,11,0,11072,16,53606,53606,53607,,,,53650,53617,53632,16,1:15,53633,53648,16,1:15,53634,53649,16,1:15,,,0,,,,0,,,,0,,,,0,,1,10,15,17,1,,,,
asymmetric,4,351,2,a,11,16,11200,16,53653,53653,53654,,,,53697,53664,53679,16,1:15,53680,53695,16,1:15,53681,53696,16,1:15,,,0,,,,0,,,,0,,,,0,,1,10,15,17,1,,,,
asymmetric,4,352,2,a,12,0,11328,16,53700,53700,53701,,,,53744,53711,53726,16,1:15,53727,53742,16,1:15,53728,53743,16,1:15,,,0,,,,0,,,,0,,,,0,,1,10,15,17,1,,,,
asymmetric,4,353,2,a,12,16,11456,16,53747,53747,53748,,,,53791,53758,53773,16,1:15,53774,53789,16,1:15,53775,53790,16,1:15,,,0,,,,0,,,,0,,,,0,,1,10,15,17,1,,,,
asymmetric,4,354,2,a,13,0,11584,16,53794,53794,53795,,,,53838,53805,53820,16,1:15,53821,53836,16,1:15,53822,53837,16,1:15,,,0,,,,0,,,,0,,,,0,,1,10,15,17,1,,,,
asymmetric,4,355,2,a,13,16,11712,16,53841,53841,53842,,,,53885,53852,53867,16,1:15,53868,53883,16,1:15,53869,53884,16,1:15,,,0,,,,0,,,,0,,,,0,,1,10,15,17,1,,,,
asymmetric,4,356,2,a,14,0,11840,16,53888,53888,53889,,,,53932,53899,53914,16,1:15,53915,53930,16,1:15,53916,53931,16,1:15,,,0,,,,0,,,,0,,,,0,,1,10,15,17,1,,,,
asymmetric,4,357,2,a,14,16,11968,16,53935,53935,53936,,,,53979,53946,53961,16,1:15,53962,53977,16,1:15,53963,53978,16,1:15,,,0,,,,0,,,,0,,,,0,,1,10,15,17,1,,,,
asymmetric,4,358,2,a,15,0,12096,16,53982,53982,53983,,,,54026,53993,54008,16,1:15,54009,54024,16,1:15,54010,54025,16,1:15,,,0,,,,0,,,,0,,,,0,,1,10,15,17,1,,,,
asymmetric,4,359,2,a,15,16,12224,8,54029,54029,54030,,,,54057,54040,54047,8,1:7,54048,54055,8,1:7,54049,54056,8,1:7,,,0,,,,0,,,,0,,,,0,,1,10,7,9,1,,,,
asymmetric,4,360,2,a,15,24,12288,8,54060,54060,54061,,,,54088,54071,54078,8,1:7,54079,54086,8,1:7,54080,54087,8,1:7,,,0,,,,0,,,,0,,,,0,,1,10,7,9,1,,,,
asymmetric,4,361,2,a,16,0,12352,16,54091,54091,54092,,,,54135,54102,54117,16,1:15,54118,54133,16,1:15,54119,54134,16,1:15,,,0,,,,0,,,,0,,,,0,,1,10,15,17,1,,,,
asymmetric,4,362,2,a,16,16,12480,16,54138,54138,54139,,,,54182,54149,54164,16,1:15,54165,54180,16,1:15,54166,54181,16,1:15,,,0,,,,0,,,,0,,,,0,,1,10,15,17,1,,,,
asymmetric,4,363,2,a,17,0,12608,16,54185,54185,54186,,,,54229,54196,54211,16,1:15,54212,54227,16,1:15,54213,54228,16,1:15,,,0,,,,0,,,,0,,,,0,,1,10,15,17,1,,,,
asymmetric,4,364,2,a,17,16,12736,16,54232,54232,54233,,,,54276,54243,54258,16,1:15,54259,54274,16,1:15,54260,54275,16,1:15,,,0,,,,0,,,,0,,,,0,,1,10,15,17,1,,,,
asymmetric,4,365,2,a,18,0,12864,16,54279,54279,54280,,,,54323,54290,54305,16,1:15,54306,54321,16,1:15,54307,54322,16,1:15,,,0,,,,0,,,,0,,,,0,,1,10,15,17,1,,,,
asymmetric,4,366,2,a,18,16,12992,16,54326,54326,54327,,,,54370,54337,54352,16,1:15,54353,54368,16,1:15,54354,54369,16,1:15,,,0,,,,0,,,,0,,,,0,,1,10,15,17,1,,,,
asymmetric,4,367,2,a,19,0,13120,16,54373,54373,54374,,,,54417,54384,54399,16,1:15,54400,54415,16,1:15,54401,54416,16,1:15,,,0,,,,0,,,,0,,,,0,,1,10,15,17,1,,,,
asymmetric,4,368,2,a,19,16,13248,16,54420,54420,54421,,,,54464,54431,54446,16,1:15,54447,54462,16,1:15,54448,54463,16,1:15,,,0,,,,0,,,,0,,,,0,,1,10,15,17,1,,,,
asymmetric,4,369,2,a,20,0,13376,16,54467,54467,54468,,,,54511,54478,54493,16,1:15,54494,54509,16,1:15,54495,54510,16,1:15,,,0,,,,0,,,,0,,,,0,,1,10,15,17,1,,,,
asymmetric,4,370,2,a,20,16,13504,16,54514,54514,54515,,,,54558,54525,54540,16,1:15,54541,54556,16,1:15,54542,54557,16,1:15,,,0,,,,0,,,,0,,,,0,,1,10,15,17,1,,,,
asymmetric,4,371,2,a,21,0,13632,16,54561,54561,54562,,,,54605,54572,54587,16,1:15,54588,54603,16,1:15,54589,54604,16,1:15,,,0,,,,0,,,,0,,,,0,,1,10,15,17,1,,,,
asymmetric,4,372,2,a,21,16,13760,16,54608,54608,54609,,,,54652,54619,54634,16,1:15,54635,54650,16,1:15,54636,54651,16,1:15,,,0,,,,0,,,,0,,,,0,,1,10,15,17,1,,,,
asymmetric,4,373,2,a,22,0,13888,16,54655,54655,54656,,,,54699,54666,54681,16,1:15,54682,54697,16,1:15,54683,54698,16,1:15,,,0,,,,0,,,,0,,,,0,,1,10,15,17,1,,,,
asymmetric,4,374,2,a,22,16,14016,16,54702,54702,54703,,,,54746,54713,54728,16,1:15,54729,54744,16,1:15,54730,54745,16,1:15,,,0,,,,0,,,,0,,,,0,,1,10,15,17,1,,,,
asymmetric,4,375,2,a,23,0,14144,16,54749,54749,54750,,,,54793,54760,54775,16,1:15,54776,54791,16,1:15,54777,54792,16,1:15,,,0,,,,0,,,,0,,,,0,,1,10,15,17,1,,,,
asymmetric,4,376,2,a,23,16,14272,16,54796,54796,54797,,,,54840,54807,54822,16,1:15,54823,54838,16,1:15,54824,54839,16,1:15,,,0,,,,0,,,,0,,,,0,,1,10,15,17,1,,,,
asymmetric,4,377,2,a,24,0,14400,16,54843,54843,54844,,,,54887,54854,54869,16,1:15,54870,54885,16,1:15,54871,54886,16,1:15,,,0,,,,0,,,,0,,,,0,,1,10,15,17,1,,,,
asymmetric,4,378,2,a,24,16,14528,16,54890,54890,54891,,,,54934,54901,54916,16,1:15,54917,54932,16,1:15,54918,54933,16,1:15,,,0,,,,0,,,,0,,,,0,,1,10,15,17,1,,,,
asymmetric,4,379,2,a,25,0,14656,16,54937,54937,54938,,,,54981,54948,54963,16,1:15,54964,54979,16,1:15,54965,54980,16,1:15,,,0,,,,0,,,,0,,,,0,,1,10,15,17,1,,,,
asymmetric,4,380,2,a,25,16,14784,16,54984,54984,54985,,,,55028,54995,55010,16,1:15,55011,55026,16,1:15,55012,55027,16,1:15,,,0,,,,0,,,,0,,,,0,,1,10,15,17,1,,,,
asymmetric,4,381,2,a,26,0,14912,16,55031,55031,55032,,,,55075,55042,55057,16,1:15,55058,55073,16,1:15,55059,55074,16,1:15,,,0,,,,0,,,,0,,,,0,,1,10,15,17,1,,,,
asymmetric,4,382,2,a,26,16,15040,16,55078,55078,55079,,,,55122,55089,55104,16,1:15,55105,55120,16,1:15,55106,55121,16,1:15,,,0,,,,0,,,,0,,,,0,,1,10,15,17,1,,,,
asymmetric,4,383,2,a,27,0,15168,16,55125,55125,55126,,,,55169,55136,55151,16,1:15,55152,55167,16,1:15,55153,55168,16,1:15,,,0,,,,0,,,,0,,,,0,,1,10,15,17,1,,,,
asymmetric,4,384,2,a,27,16,15296,16,55172,55172,55173,,,,55216,55183,55198,16,1:15,55199,55214,16,1:15,55200,55215,16,1:15,,,0,,,,0,,,,0,,,,0,,1,10,15,17,1,,,,
asymmetric,4,385,2,a,28,0,15424,16,55219,55219,55220,,,,55263,55230,55245,16,1:15,55246,55261,16,1:15,55247,55262,16,1:15,,,0,,,,0,,,,0,,,,0,,1,10,15,17,1,,,,
asymmetric,4,386,2,a,28,16,15552,16,55266,55266,55267,,,,55310,55277,55292,16,1:15,55293,55308,16,1:15,55294,55309,16,1:15,,,0,,,,0,,,,0,,,,0,,1,10,15,17,1,,,,
asymmetric,4,387,2,a,29,0,15680,16,55313,55313,55314,,,,55357,55324,55339,16,1:15,55340,55355,16,1:15,55341,55356,16,1:15,,,0,,,,0,,,,0,,,,0,,1,10,15,17,1,,,,
asymmetric,4,388,2,a,29,16,15808,16,55360,55360,55361,,,,55404,55371,55386,16,1:15,55387,55402,16,1:15,55388,55403,16,1:15,,,0,,,,0,,,,0,,,,0,,1,10,15,17,1,,,,
asymmetric,4,389,2,a,30,0,15936,16,55407,55407,55408,,,,55451,55418,55433,16,1:15,55434,55449,16,1:15,55435,55450,16,1:15,,,0,,,,0,,,,0,,,,0,,1,10,15,17,1,,,,
asymmetric,4,390,2,a,30,16,16064,16,55454,55454,55455,,,,55498,55465,55480,16,1:15,55481,55496,16,1:15,55482,55497,16,1:15,,,0,,,,0,,,,0,,,,0,,1,10,15,17,1,,,,
asymmetric,4,391,2,a,31,0,16192,16,55501,55501,55502,,,,55545,55512,55527,16,1:15,55528,55543,16,1:15,55529,55544,16,1:15,,,0,,,,0,,,,0,,,,0,,1,10,15,17,1,,,,
asymmetric,4,392,2,a,31,16,16320,8,55548,55548,55549,,,,55576,55559,55566,8,1:7,55567,55574,8,1:7,55568,55575,8,1:7,,,0,,,,0,,,,0,,,,0,,1,10,7,9,1,,,,
asymmetric,4,393,2,a,31,24,16384,8,55579,55579,55580,,,,55607,55590,55597,8,1:7,55598,55605,8,1:7,55599,55606,8,1:7,,,0,,,,0,,,,0,,,,0,,1,10,7,9,1,,,,
asymmetric,4,394,2,bt,0,0,16832,16,55615,55615,55616,,,,55659,55626,55641,16,1:15,55642,55657,16,1:15,55643,55658,16,1:15,,,0,,,,0,,,,0,,,,0,,1,10,15,17,1,,,,
asymmetric,4,395,2,bt,0,16,16960,16,55662,55662,55663,,,,55706,55673,55688,16,1:15,55689,55704,16,1:15,55690,55705,16,1:15,,,0,,,,0,,,,0,,,,0,,1,10,15,17,1,,,,
asymmetric,4,396,2,bt,1,0,17088,16,55709,55709,55710,,,,55753,55720,55735,16,1:15,55736,55751,16,1:15,55737,55752,16,1:15,,,0,,,,0,,,,0,,,,0,,1,10,15,17,1,,,,
asymmetric,4,397,2,bt,1,16,17216,16,55756,55756,55757,,,,55800,55767,55782,16,1:15,55783,55798,16,1:15,55784,55799,16,1:15,,,0,,,,0,,,,0,,,,0,,1,10,15,17,1,,,,
asymmetric,4,398,2,bt,2,0,17344,16,55803,55803,55804,,,,55847,55814,55829,16,1:15,55830,55845,16,1:15,55831,55846,16,1:15,,,0,,,,0,,,,0,,,,0,,1,10,15,17,1,,,,
asymmetric,4,399,2,bt,2,16,17472,16,55850,55850,55851,,,,55894,55861,55876,16,1:15,55877,55892,16,1:15,55878,55893,16,1:15,,,0,,,,0,,,,0,,,,0,,1,10,15,17,1,,,,
asymmetric,4,400,2,bt,3,0,17600,16,55897,55897,55898,,,,55941,55908,55923,16,1:15,55924,55939,16,1:15,55925,55940,16,1:15,,,0,,,,0,,,,0,,,,0,,1,10,15,17,1,,,,
asymmetric,4,401,2,bt,3,16,17728,16,55944,55944,55945,,,,55988,55955,55970,16,1:15,55971,55986,16,1:15,55972,55987,16,1:15,,,0,,,,0,,,,0,,,,0,,1,10,15,17,1,,,,
asymmetric,4,402,2,bt,4,0,17856,16,55991,55991,55992,,,,56035,56002,56017,16,1:15,56018,56033,16,1:15,56019,56034,16,1:15,,,0,,,,0,,,,0,,,,0,,1,10,15,17,1,,,,
asymmetric,4,403,2,bt,4,16,17984,16,56038,56038,56039,,,,56082,56049,56064,16,1:15,56065,56080,16,1:15,56066,56081,16,1:15,,,0,,,,0,,,,0,,,,0,,1,10,15,17,1,,,,
asymmetric,4,404,2,bt,5,0,18112,16,56085,56085,56086,,,,56129,56096,56111,16,1:15,56112,56127,16,1:15,56113,56128,16,1:15,,,0,,,,0,,,,0,,,,0,,1,10,15,17,1,,,,
asymmetric,4,405,2,bt,5,16,18240,16,56132,56132,56133,,,,56176,56143,56158,16,1:15,56159,56174,16,1:15,56160,56175,16,1:15,,,0,,,,0,,,,0,,,,0,,1,10,15,17,1,,,,
asymmetric,4,406,2,bt,6,0,18368,16,56179,56179,56180,,,,56223,56190,56205,16,1:15,56206,56221,16,1:15,56207,56222,16,1:15,,,0,,,,0,,,,0,,,,0,,1,10,15,17,1,,,,
asymmetric,4,407,2,bt,6,16,18496,16,56226,56226,56227,,,,56270,56237,56252,16,1:15,56253,56268,16,1:15,56254,56269,16,1:15,,,0,,,,0,,,,0,,,,0,,1,10,15,17,1,,,,
asymmetric,4,408,2,bt,7,0,18624,16,56273,56273,56274,,,,56317,56284,56299,16,1:15,56300,56315,16,1:15,56301,56316,16,1:15,,,0,,,,0,,,,0,,,,0,,1,10,15,17,1,,,,
asymmetric,4,409,2,bt,7,16,18752,16,56320,56320,56321,,,,56364,56331,56346,16,1:15,56347,56362,16,1:15,56348,56363,16,1:15,,,0,,,,0,,,,0,,,,0,,1,10,15,17,1,,,,
asymmetric,4,410,2,bt,8,0,18880,16,56367,56367,56368,,,,56411,56378,56393,16,1:15,56394,56409,16,1:15,56395,56410,16,1:15,,,0,,,,0,,,,0,,,,0,,1,10,15,17,1,,,,
asymmetric,4,411,2,bt,8,16,19008,16,56414,56414,56415,,,,56458,56425,56440,16,1:15,56441,56456,16,1:15,56442,56457,16,1:15,,,0,,,,0,,,,0,,,,0,,1,10,15,17,1,,,,
asymmetric,4,412,2,bt,9,0,19136,16,56461,56461,56462,,,,56505,56472,56487,16,1:15,56488,56503,16,1:15,56489,56504,16,1:15,,,0,,,,0,,,,0,,,,0,,1,10,15,17,1,,,,
asymmetric,4,413,2,bt,9,16,19264,16,56508,56508,56509,,,,56552,56519,56534,16,1:15,56535,56550,16,1:15,56536,56551,16,1:15,,,0,,,,0,,,,0,,,,0,,1,10,15,17,1,,,,
asymmetric,4,414,2,bt,10,0,19392,16,56555,56555,56556,,,,56599,56566,56581,16,1:15,56582,56597,16,1:15,56583,56598,16,1:15,,,0,,,,0,,,,0,,,,0,,1,10,15,17,1,,,,
asymmetric,4,415,2,bt,10,16,19520,16,56602,56602,56603,,,,56646,56613,56628,16,1:15,56629,56644,16,1:15,56630,56645,16,1:15,,,0,,,,0,,,,0,,,,0,,1,10,15,17,1,,,,
asymmetric,4,416,2,bt,11,0,19648,16,56649,56649,56650,,,,56693,56660,56675,16,1:15,56676,56691,16,1:15,56677,56692,16,1:15,,,0,,,,0,,,,0,,,,0,,1,10,15,17,1,,,,
asymmetric,4,417,2,bt,11,16,19776,16,56696,56696,56697,,,,56740,56707,56722,16,1:15,56723,56738,16,1:15,56724,56739,16,1:15,,,0,,,,0,,,,0,,,,0,,1,10,15,17,1,,,,
asymmetric,4,418,2,bt,12,0,19904,16,56743,56743,56744,,,,56787,56754,56769,16,1:15,56770,56785,16,1:15,56771,56786,16,1:15,,,0,,,,0,,,,0,,,,0,,1,10,15,17,1,,,,
asymmetric,4,419,2,bt,12,16,20032,16,56790,56790,56791,,,,56834,56801,56816,16,1:15,56817,56832,16,1:15,56818,56833,16,1:15,,,0,,,,0,,,,0,,,,0,,1,10,15,17,1,,,,
asymmetric,4,420,2,bt,13,0,20160,16,56837,56837,56838,,,,56881,56848,56863,16,1:15,56864,56879,16,1:15,56865,56880,16,1:15,,,0,,,,0,,,,0,,,,0,,1,10,15,17,1,,,,
asymmetric,4,421,2,bt,13,16,20288,16,56884,56884,56885,,,,56928,56895,56910,16,1:15,56911,56926,16,1:15,56912,56927,16,1:15,,,0,,,,0,,,,0,,,,0,,1,10,15,17,1,,,,
asymmetric,4,422,2,bt,14,0,20416,8,56931,56931,56932,,,,56959,56942,56949,8,1:7,56950,56957,8,1:7,56951,56958,8,1:7,,,0,,,,0,,,,0,,,,0,,1,10,7,9,1,,,,
asymmetric,4,423,2,bt,14,8,20480,16,56962,56962,56963,,,,57006,56973,56988,16,1:15,56989,57004,16,1:15,56990,57005,16,1:15,,,0,,,,0,,,,0,,,,0,,1,10,15,17,1,,,,
asymmetric,4,424,2,bt,14,24,20608,8,57009,57009,57010,,,,57037,57020,57027,8,1:7,57028,57035,8,1:7,57029,57036,8,1:7,,,0,,,,0,,,,0,,,,0,,1,10,7,9,1,,,,
asymmetric,4,425,2,bt,15,0,20672,16,57040,57040,57041,,,,57084,57051,57066,16,1:15,57067,57082,16,1:15,57068,57083,16,1:15,,,0,,,,0,,,,0,,,,0,,1,10,15,17,1,,,,
asymmetric,4,426,2,bt,15,16,20800,16,57087,57087,57088,,,,57131,57098,57113,16,1:15,57114,57129,16,1:15,57115,57130,16,1:15,,,0,,,,0,,,,0,,,,0,,1,10,15,17,1,,,,
asymmetric,4,427,2,bt,16,0,20928,16,57134,57134,57135,,,,57178,57145,57160,16,1:15,57161,57176,16,1:15,57162,57177,16,1:15,,,0,,,,0,,,,0,,,,0,,1,10,15,17,1,,,,
asymmetric,4,428,2,bt,16,16,21056,16,57181,57181,57182,,,,57225,57192,57207,16,1:15,57208,57223,16,1:15,57209,57224,16,1:15,,,0,,,,0,,,,0,,,,0,,1,10,15,17,1,,,,
asymmetric,4,429,2,bt,17,0,21184,16,57228,57228,57229,,,,57272,57239,57254,16,1:15,57255,57270,16,1:15,57256,57271,16,1:15,,,0,,,,0,,,,0,,,,0,,1,10,15,17,1,,,,
asymmetric,4,430,2,bt,17,16,21312,16,57275,57275,57276,,,,57319,57286,57301,16,1:15,57302,57317,16,1:15,57303,57318,16,1:15,,,0,,,,0,,,,0,,,,0,,1,10,15,17,1,,,,
asymmetric,4,431,2,bt,18,0,21440,16,57322,57322,57323,,,,57366,57333,57348,16,1:15,57349,57364,16,1:15,57350,57365,16,1:15,,,0,,,,0,,,,0,,,,0,,1,10,15,17,1,,,,
asymmetric,4,432,2,bt,18,16,21568,16,57369,57369,57370,,,,57413,57380,57395,16,1:15,57396,57411,16,1:15,57397,57412,16,1:15,,,0,,,,0,,,,0,,,,0,,1,10,15,17,1,,,,
asymmetric,4,433,2,bt,19,0,21696,16,57416,57416,57417,,,,57460,57427,57442,16,1:15,57443,57458,16,1:15,57444,57459,16,1:15,,,0,,,,0,,,,0,,,,0,,1,10,15,17,1,,,,
asymmetric,4,434,2,bt,19,16,21824,16,57463,57463,57464,,,,57507,57474,57489,16,1:15,57490,57505,16,1:15,57491,57506,16,1:15,,,0,,,,0,,,,0,,,,0,,1,10,15,17,1,,,,
asymmetric,4,435,2,bt,20,0,21952,16,57510,57510,57511,,,,57554,57521,57536,16,1:15,57537,57552,16,1:15,57538,57553,16,1:15,,,0,,,,0,,,,0,,,,0,,1,10,15,17,1,,,,
asymmetric,4,436,2,bt,20,16,22080,16,57557,57557,57558,,,,57601,57568,57583,16,1:15,57584,57599,16,1:15,57585,57600,16,1:15,,,0,,,,0,,,,0,,,,0,,1,10,15,17,1,,,,
asymmetric,4,437,2,bt,21,0,22208,16,57604,57604,57605,,,,57648,57615,57630,16,1:15,57631,57646,16,1:15,57632,57647,16,1:15,,,0,,,,0,,,,0,,,,0,,1,10,15,17,1,,,,
asymmetric,4,438,2,bt,21,16,22336,16,57651,57651,57652,,,,57695,57662,57677,16,1:15,57678,57693,16,1:15,57679,57694,16,1:15,,,0,,,,0,,,,0,,,,0,,1,10,15,17,1,,,,
asymmetric,4,439,2,bt,22,0,22464,16,57698,57698,57699,,,,57742,57709,57724,16,1:15,57725,57740,16,1:15,57726,57741,16,1:15,,,0,,,,0,,,,0,,,,0,,1,10,15,17,1,,,,
asymmetric,4,440,2,bt,22,16,22592,16,57745,57745,57746,,,,57789,57756,57771,16,1:15,57772,57787,16,1:15,57773,57788,16,1:15,,,0,,,,0,,,,0,,,,0,,1,10,15,17,1,,,,
asymmetric,4,441,2,bt,23,0,22720,16,57792,57792,57793,,,,57836,57803,57818,16,1:15,57819,57834,16,1:15,57820,57835,16,1:15,,,0,,,,0,,,,0,,,,0,,1,10,15,17,1,,,,
asymmetric,4,442,2,bt,23,16,22848,16,57839,57839,57840,,,,57883,57850,57865,16,1:15,57866,57881,16,1:15,57867,57882,16,1:15,,,0,,,,0,,,,0,,,,0,,1,10,15,17,1,,,,
asymmetric,4,443,2,bt,24,0,22976,16,57886,57886,57887,,,,57930,57897,57912,16,1:15,57913,57928,16,1:15,57914,57929,16,1:15,,,0,,,,0,,,,0,,,,0,,1,10,15,17,1,,,,
asymmetric,4,444,2,bt,24,16,23104,16,57933,57933,57934,,,,57977,57944,57959,16,1:15,57960,57975,16,1:15,57961,57976,16,1:15,,,0,,,,0,,,,0,,,,0,,1,10,15,17,1,,,,
asymmetric,4,445,2,bt,25,0,23232,16,57980,57980,57981,,,,58024,57991,58006,16,1:15,58007,58022,16,1:15,58008,58023,16,1:15,,,0,,,,0,,,,0,,,,0,,1,10,15,17,1,,,,
asymmetric,4,446,2,bt,25,16,23360,16,58027,58027,58028,,,,58071,58038,58053,16,1:15,58054,58069,16,1:15,58055,58070,16,1:15,,,0,,,,0,,,,0,,,,0,,1,10,15,17,1,,,,
asymmetric,4,447,2,bt,26,0,23488,16,58074,58074,58075,,,,58118,58085,58100,16,1:15,58101,58116,16,1:15,58102,58117,16,1:15,,,0,,,,0,,,,0,,,,0,,1,10,15,17,1,,,,
asymmetric,4,448,2,bt,26,16,23616,16,58121,58121,58122,,,,58165,58132,58147,16,1:15,58148,58163,16,1:15,58149,58164,16,1:15,,,0,,,,0,,,,0,,,,0,,1,10,15,17,1,,,,
asymmetric,4,449,2,bt,27,0,23744,16,58168,58168,58169,,,,58212,58179,58194,16,1:15,58195,58210,16,1:15,58196,58211,16,1:15,,,0,,,,0,,,,0,,,,0,,1,10,15,17,1,,,,
asymmetric,4,450,2,bt,27,16,23872,16,58215,58215,58216,,,,58259,58226,58241,16,1:15,58242,58257,16,1:15,58243,58258,16,1:15,,,0,,,,0,,,,0,,,,0,,1,10,15,17,1,,,,
asymmetric,4,451,2,bt,28,0,24000,16,58262,58262,58263,,,,58306,58273,58288,16,1:15,58289,58304,16,1:15,58290,58305,16,1:15,,,0,,,,0,,,,0,,,,0,,1,10,15,17,1,,,,
asymmetric,4,452,2,bt,28,16,24128,16,58309,58309,58310,,,,58353,58320,58335,16,1:15,58336,58351,16,1:15,58337,58352,16,1:15,,,0,,,,0,,,,0,,,,0,,1,10,15,17,1,,,,
asymmetric,4,453,2,bt,29,0,24256,16,58356,58356,58357,,,,58400,58367,58382,16,1:15,58383,58398,16,1:15,58384,58399,16,1:15,,,0,,,,0,,,,0,,,,0,,1,10,15,17,1,,,,
asymmetric,4,454,2,bt,29,16,24384,16,58403,58403,58404,,,,58447,58414,58429,16,1:15,58430,58445,16,1:15,58431,58446,16,1:15,,,0,,,,0,,,,0,,,,0,,1,10,15,17,1,,,,
asymmetric,4,455,2,bt,30,0,24512,8,58450,58450,58451,,,,58478,58461,58468,8,1:7,58469,58476,8,1:7,58470,58477,8,1:7,,,0,,,,0,,,,0,,,,0,,1,10,7,9,1,,,,
asymmetric,4,456,2,bt,30,8,24576,16,58481,58481,58482,,,,58525,58492,58507,16,1:15,58508,58523,16,1:15,58509,58524,16,1:15,,,0,,,,0,,,,0,,,,0,,1,10,15,17,1,,,,
asymmetric,4,457,2,bt,30,24,24704,8,58528,58528,58529,,,,58556,58539,58546,8,1:7,58547,58554,8,1:7,58548,58555,8,1:7,,,0,,,,0,,,,0,,,,0,,1,10,7,9,1,,,,
asymmetric,4,458,2,bt,31,0,24768,16,58559,58559,58560,,,,58603,58570,58585,16,1:15,58586,58601,16,1:15,58587,58602,16,1:15,,,0,,,,0,,,,0,,,,0,,1,10,15,17,1,,,,
asymmetric,4,459,2,bt,31,16,24896,16,58606,58606,58607,,,,58650,58617,58632,16,1:15,58633,58648,16,1:15,58634,58649,16,1:15,,,0,,,,0,,,,0,,,,0,,1,10,15,17,1,,,,
asymmetric,4,460,2,c,0,0,41280,16,75940,75940,,76005,76004,76028,76029,,,0,,,,0,,,,0,,75941,76001,16,4:15,75943,76003,16,4:15,75944,76004,16,4:15,76005,76020,16,1:15,,,,,,64,16,8,1
asymmetric,4,461,2,c,1,0,41536,16,76032,76032,,76097,76096,76120,76121,,,0,,,,0,,,,0,,76033,76093,16,4:15,76035,76095,16,4:15,76036,76096,16,4:15,76097,76112,16,1:15,,,,,,64,16,8,1
asymmetric,4,462,2,c,2,0,41792,16,76124,76124,,76189,76188,76212,76213,,,0,,,,0,,,,0,,76125,76185,16,4:15,76127,76187,16,4:15,76128,76188,16,4:15,76189,76204,16,1:15,,,,,,64,16,8,1
asymmetric,4,463,2,c,3,0,42048,16,76216,76216,,76281,76280,76304,76305,,,0,,,,0,,,,0,,76217,76277,16,4:15,76219,76279,16,4:15,76220,76280,16,4:15,76281,76296,16,1:15,,,,,,64,16,8,1
asymmetric,4,464,2,c,4,0,42304,16,76308,76308,,76373,76372,76396,76397,,,0,,,,0,,,,0,,76309,76369,16,4:15,76311,76371,16,4:15,76312,76372,16,4:15,76373,76388,16,1:15,,,,,,64,16,8,1
asymmetric,4,465,2,c,5,0,42560,16,76400,76400,,76465,76464,76488,76489,,,0,,,,0,,,,0,,76401,76461,16,4:15,76403,76463,16,4:15,76404,76464,16,4:15,76465,76480,16,1:15,,,,,,64,16,8,1
asymmetric,4,466,2,c,6,0,42816,16,76492,76492,,76557,76556,76580,76581,,,0,,,,0,,,,0,,76493,76553,16,4:15,76495,76555,16,4:15,76496,76556,16,4:15,76557,76572,16,1:15,,,,,,64,16,8,1
asymmetric,4,467,2,c,7,0,43072,16,76584,76584,,76649,76648,76672,76673,,,0,,,,0,,,,0,,76585,76645,16,4:15,76587,76647,16,4:15,76588,76648,16,4:15,76649,76664,16,1:15,,,,,,64,16,8,1
asymmetric,4,468,2,c,8,0,43328,16,76676,76676,,76741,76740,76764,76765,,,0,,,,0,,,,0,,76677,76737,16,4:15,76679,76739,16,4:15,76680,76740,16,4:15,76741,76756,16,1:15,,,,,,64,16,8,1
asymmetric,4,469,2,c,9,0,43584,16,76768,76768,,76833,76832,76856,76857,,,0,,,,0,,,,0,,76769,76829,16,4:15,76771,76831,16,4:15,76772,76832,16,4:15,76833,76848,16,1:15,,,,,,64,16,8,1
asymmetric,4,470,2,c,10,0,43840,16,76860,76860,,76925,76924,76948,76949,,,0,,,,0,,,,0,,76861,76921,16,4:15,76863,76923,16,4:15,76864,76924,16,4:15,76925,76940,16,1:15,,,,,,64,16,8,1
asymmetric,4,471,2,c,11,0,44096,16,76952,76952,,77017,77016,77040,77041,,,0,,,,0,,,,0,,76953,77013,16,4:15,76955,77015,16,4:15,76956,77016,16,4:15,77017,77032,16,1:15,,,,,,64,16,8,1
asymmetric,4,472,2,c,12,0,44352,16,77044,77044,,77109,77108,77132,77133,,,0,,,,0,,,,0,,77045,77105,16,4:15,77047,77107,16,4:15,77048,77108,16,4:15,77109,77124,16,1:15,,,,,,64,16,8,1
asymmetric,4,473,2,c,13,0,44608,16,77136,77136,,77201,77200,77224,77225,,,0,,,,0,,,,0,,77137,77197,16,4:15,77139,77199,16,4:15,77140,77200,16,4:15,77201,77216,16,1:15,,,,,,64,16,8,1
asymmetric,4,474,2,c,14,0,44864,16,77228,77228,,77293,77292,77316,77317,,,0,,,,0,,,,0,,77229,77289,16,4:15,77231,77291,16,4:15,77232,77292,16,4:15,77293,77308,16,1:15,,,,,,64,16,8,1
asymmetric,4,475,2,c,15,0,45120,16,77320,77320,,77385,77384,77408,77409,,,0,,,,0,,,,0,,77321,77381,16,4:15,77323,77383,16,4:15,77324,77384,16,4:15,77385,77400,16,1:15,,,,,,64,16,8,1
asymmetric,4,476,2,c,16,0,45376,16,77412,77412,,77477,77476,77500,77501,,,0,,,,0,,,,0,,77413,77473,16,4:15,77415,77475,16,4:15,77416,77476,16,4:15,77477,77492,16,1:15,,,,,,64,16,8,1
asymmetric,4,477,2,c,17,0,45632,16,77504,77504,,77569,77568,77592,77593,,,0,,,,0,,,,0,,77505,77565,16,4:15,77507,77567,16,4:15,77508,77568,16,4:15,77569,77584,16,1:15,,,,,,64,16,8,1
asymmetric,4,478,2,c,18,0,45888,16,77596,77596,,77661,77660,77684,77685,,,0,,,,0,,,,0,,77597,77657,16,4:15,77599,77659,16,4:15,77600,77660,16,4:15,77661,77676,16,1:15,,,,,,64,16,8,1
asymmetric,4,479,2,c,19,0,46144,16,77688,77688,,77753,77752,77776,77777,,,0,,,,0,,,,0,,77689,77749,16,4:15,77691,77751,16,4:15,77692,77752,16,4:15,77753,77768,16,1:15,,,,,,64,16,8,1
asymmetric,4,480,2,c,20,0,46400,16,77780,77780,,77845,77844,77868,77869,,,0,,,,0,,,,0,,77781,77841,16,4:15,77783,77843,16,4:15,77784,77844,16,4:15,77845,77860,16,1:15,,,,,,64,16,8,1
asymmetric,4,481,2,c,21,0,46656,16,77872,77872,,77937,77936,77960,77961,,,0,,,,0,,,,0,,77873,77933,16,4:15,77875,77935,16,4:15,77876,77936,16,4:15,77937,77952,16,1:15,,,,,,64,16,8,1
asymmetric,4,482,2,c,22,0,46912,16,77964,77964,,78029,78028,78052,78053,,,0,,,,0,,,,0,,77965,78025,16,4:15,77967,78027,16,4:15,77968,78028,16,4:15,78029,78044,16,1:15,,,,,,64,16,8,1
asymmetric,4,483,2,c,23,0,47168,16,78056,78056,,78121,78120,78144,78145,,,0,,,,0,,,,0,,78057,78117,16,4:15,78059,78119,16,4:15,78060,78120,16,4:15,78121,78136,16,1:15,,,,,,64,16,8,1
asymmetric,4,484,2,c,24,0,47424,16,78148,78148,,78213,78212,78236,78237,,,0,,,,0,,,,0,,78149,78209,16,4:15,78151,78211,16,4:15,78152,78212,16,4:15,78213,78228,16,1:15,,,,,,64,16,8,1
asymmetric,4,485,2,c,25,0,47680,16,78240,78240,,78305,78304,78328,78329,,,0,,,,0,,,,0,,78241,78301,16,4:15,78243,78303,16,4:15,78244,78304,16,4:15,78305,78320,16,1:15,,,,,,64,16,8,1
asymmetric,4,486,2,c,26,0,47936,16,78332,78332,,78397,78396,78420,78421,,,0,,,,0,,,,0,,78333,78393,16,4:15,78335,78395,16,4:15,78336,78396,16,4:15,78397,78412,16,1:15,,,,,,64,16,8,1
asymmetric,4,487,2,c,27,0,48192,16,78424,78424,,78489,78488,78512,78513,,,0,,,,0,,,,0,,78425,78485,16,4:15,78427,78487,16,4:15,78428,78488,16,4:15,78489,78504,16,1:15,,,,,,64,16,8,1
asymmetric,4,488,2,c,28,0,48448,16,78516,78516,,78581,78580,78604,78605,,,0,,,,0,,,,0,,78517,78577,16,4:15,78519,78579,16,4:15,78520,78580,16,4:15,78581,78596,16,1:15,,,,,,64,16,8,1
asymmetric,4,489,2,c,29,0,48704,16,78608,78608,,78673,78672,78696,78697,,,0,,,,0,,,,0,,78609,78669,16,4:15,78611,78671,16,4:15,78612,78672,16,4:15,78673,78688,16,1:15,,,,,,64,16,8,1
asymmetric,4,490,2,c,30,0,48960,16,78700,78700,,78765,78764,78788,78789,,,0,,,,0,,,,0,,78701,78761,16,4:15,78703,78763,16,4:15,78704,78764,16,4:15,78765,78780,16,1:15,,,,,,64,16,8,1
asymmetric,4,491,2,c,31,0,49216,16,78792,78792,,78857,78856,78880,78881,,,0,,,,0,,,,0,,78793,78853,16,4:15,78795,78855,16,4:15,78796,78856,16,4:15,78857,78872,16,1:15,,,,,,64,16,8,1
asymmetric,4,492,3,a,0,0,8256,16,78890,78890,78891,,,,78934,78901,78916,16,1:15,78917,78932,16,1:15,78918,78933,16,1:15,,,0,,,,0,,,,0,,,,0,,1,10,15,17,1,,,,
asymmetric,4,493,3,a,0,16,8384,16,78937,78937,78938,,,,78981,78948,78963,16,1:15,78964,78979,16,1:15,78965,78980,16,1:15,,,0,,,,0,,,,0,,,,0,,1,10,15,17,1,,,,
asymmetric,4,494,3,a,1,0,8512,16,78984,78984,78985,,,,79028,78995,79010,16,1:15,79011,79026,16,1:15,79012,79027,16,1:15,,,0,,,,0,,,,0,,,,0,,1,10,15,17,1,,,,
asymmetric,4,495,3,a,1,16,8640,16,79031,79031,79032,,,,79075,79042,79057,16,1:15,79058,79073,16,1:15,79059,79074,16,1:15,,,0,,,,0,,,,0,,,,0,,1,10,15,17,1,,,,
asymmetric,4,496,3,a,2,0,8768,16,79078,79078,79079,,,,79122,79089,79104,16,1:15,79105,79120,16,1:15,79106,79121,16,1:15,,,0,,,,0,,,,0,,,,0,,1,10,15,17,1,,,,
asymmetric,4,497,3,a,2,16,8896,16,79125,79125,79126,,,,79169,79136,79151,16,1:15,79152,79167,16,1:15,79153,79168,16,1:15,,,0,,,,0,,,,0,,,,0,,1,10,15,17,1,,,,
asymmetric,4,498,3,a,3,0,9024,16,79172,79172,79173,,,,79216,79183,79198,16,1:15,79199,79214,16,1:15,79200,79215,16,1:15,,,0,,,,0,,,,0,,,,0,,1,10,15,17,1,,,,
asymmetric,4,499,3,a,3,16,9152,16,79219,79219,79220,,,,79263,79230,79245,16,1:15,79246,79261,16,1:15,79247,79262,16,1:15,,,0,,,,0,,,,0,,,,0,,1,10,15,17,1,,,,
asymmetric,4,500,3,a,4,0,9280,16,79266,79266,79267,,,,79310,79277,79292,16,1:15,79293,79308,16,1:15,79294,79309,16,1:15,,,0,,,,0,,,,0,,,,0,,1,10,15,17,1,,,,
asymmetric,4,501,3,a,4,16,9408,16,79313,79313,79314,,,,79357,79324,79339,16,1:15,79340,79355,16,1:15,79341,79356,16,1:15,,,0,,,,0,,,,0,,,,0,,1,10,15,17,1,,,,
asymmetric,4,502,3,a,5,0,9536,16,79360,79360,79361,,,,79404,79371,79386,16,1:15,79387,79402,16,1:15,79388,79403,16,1:15,,,0,,,,0,,,,0,,,,0,,1,10,15,17,1,,,,
asymmetric,4,503,3,a,5,16,9664,16,79407,79407,79408,,,,79451,79418,79433,16,1:15,79434,79449,16,1:15,79435,79450,16,1:15,,,0,,,,0,,,,0,,,,0,,1,10,15,17,1,,,,
asymmetric,4,504,3,a,6,0,9792,16,79454,79454,79455,,,,79498,79465,79480,16,1:15,79481,79496,16,1:15,79482,79497,16,1:15,,,0,,,,0,,,,0,,,,0,,1,10,15,17,1,,,,
asymmetric,4,505,3,a,6,16,9920,16,79501,79501,79502,,,,79545,79512,79527,16,1:15,79528,79543,16,1:15,79529,79544,16,1:15,,,0,,,,0,,,,0,,,,0,,1,10,15,17,1,,,,
asymmetric,4,506,3,a,7,0,10048,16,79548,79548,79549,,,,79592,79559,79574,16,1:15,79575,79590,16,1:15,79576,79591,16,1:15,,,0,,,,0,,,,0,,,,0,,1,10,15,17,1,,,,
asymmetric,4,507,3,a,7,16,10176,16,79595,79595,79596,,,,79639,79606,79621,16,1:15,79622,79637,16,1:15,79623,79638,16,1:15,,,0,,,,0,,,,0,,,,0,,1,10,15,17,1,,,,
asymmetric,4,508,3,a,8,0,10304,16,79642,79642,79643,,,,79686,79653,79668,16,1:15,79669,79684,16,1:15,79670,79685,16,1:15,,,0,,,,0,,,,0,,,,0,,1,10,15,17,1,,,,
asymmetric,4,509,3,a,8,16,10432,16,79689,79689,79690,,,,79733,79700,79715,16,1:15,79716,79731,16,1:15,79717,79732,16,1:15,,,0,,,,0,,,,0,,,,0,,1,10,15,17,1,,,,
asymmetric,4,510,3,a,9,0,10560,16,79736,79736,79737,,,,79780,79747,79762,16,1:15,79763,79778,16,1:15,79764,79779,16,1:15,,,0,,,,0,,,,0,,,,0,,1,10,15,17,1,,,,
asymmetric,4,511,3,a,9,16,10688,16,79783,79783,79784,,,,79827,79794,79809,16,1:15,79810,79825,16,1:15,79811,79826,16,1:15,,,0,,,,0,,,,0,,,,0,,1,10,15,17,1,,,,
asymmetric,4,512,3,a,10,0,10816,16,79830,79830,79831,,,,79874,79841,79856,16,1:15,79857,79872,16,1:15,79858,79873,16,1:15,,,0,,,,0,,,,0,,,,0,,1,10,15,17,1,,,,
asymmetric,4,513,3,a,10,16,10944,16,79877,79877,79878,,,,79921,79888,79903,16,1:15,79904,79919,16,1:15,79905,79920,16,1:15,,,0,,,,0,,,,0,,,,0,,1,10,15,17,1,,,,
asymmetric,4,514,3,a,11,0,11072,16,79924,79924,79925,,,,79968,79935,79950,16,1:15,79951,79966,16,1:15,79952,79967,16,1:15,,,0,,,,0,,,,0,,,,0,,1,10,15,17,1,,,,
asymmetric,4,515,3,a,11,16,11200,16,79971,79971,79972,,,,80015,79982,79997,16,1:15,79998,80013,16,1:15,79999,80014,16,1:15,,,0,,,,0,,,,0,,,,0,,1,10,15,17,1,,,,
asymmetric,4,516,3,a,12,0,11328,16,80018,80018,80019,,,,80062,80029,80044,16,1:15,80045,80060,16,1:15,80046,80061,16,1:15,,,0,,,,0,,,,0,,,,0,,1,10,15,17,1,,,,
asymmetric,4,517,3,a,12,16,11456,16,80065,80065,80066,,,,80109,80076,80091,16,1:15,80092,80107,16,1:15,80093,80108,16,1:15,,,0,,,,0,,,,0,,,,0,,1,10,15,17,1,,,,
asymmetric,4,518,3,a,13,0,11584,16,80112,80112,80113,,,,80156,80123,80138,16,1:15,80139,80154,16,1:15,80140,80155,16,1:15,,,0,,,,0,,,,0,,,,0,,1,10,15,17,1,,,,
asymmetric,4,519,3,a,13,16,11712,16,80159,80159,80160,,,,80203,80170,80185,16,1:15,80186,80201,16,1:15,80187,80202,16,1:15,,,0,,,,0,,,,0,,,,0,,1,10,15,17,1,,,,
asymmetric,4,520,3,a,14,0,11840,16,80206,80206,80207,,,,80250,80217,80232,16,1:15,80233,80248,16,1:15,80234,80249,16,1:15,,,0,,,,0,,,,0,,,,0,,1,10,15,17,1,,,,
asymmetric,4,521,3,a,14,16,11968,16,80253,80253,80254,,,,80297,80264,80279,16,1:15,80280,80295,16,1:15,80281,80296,16,1:15,,,0,,,,0,,,,0,,,,0,,1,10,15,17,1,,,,
asymmetric,4,522,3,a,15,0,12096,16,80300,80300,80301,,,,80344,80311,80326,16,1:15,80327,80342,16,1:15,80328,80343,16,1:15,,,0,,,,0,,,,0,,,,0,,1,10,15,17,1,,,,
asymmetric,4,523,3,a,15,16,12224,8,80347,80347,80348,,,,80375,80358,80365,8,1:7,80366,80373,8,1:7,80367,80374,8,1:7,,,0,,,,0,,,,0,,,,0,,1,10,7,9,1,,,,
asymmetric,4,524,3,a,15,24,12288,8,80378,80378,80379,,,,80406,80389,80396,8,1:7,80397,80404,8,1:7,80398,80405,8,1:7,,,0,,,,0,,,,0,,,,0,,1,10,7,9,1,,,,
asymmetric,4,525,3,a,16,0,12352,16,80409,80409,80410,,,,80453,80420,80435,16,1:15,80436,80451,16,1:15,80437,80452,16,1:15,,,0,,,,0,,,,0,,,,0,,1,10,15,17,1,,,,
asymmetric,4,526,3,a,16,16,12480,16,80456,80456,80457,,,,80500,80467,80482,16,1:15,80483,80498,16,1:15,80484,80499,16,1:15,,,0,,,,0,,,,0,,,,0,,1,10,15,17,1,,,,
asymmetric,4,527,3,a,17,0,12608,16,80503,80503,80504,,,,80547,80514,80529,16,1:15,80530,80545,16,1:15,80531,80546,16,1:15,,,0,,,,0,,,,0,,,,0,,1,10,15,17,1,,,,
asymmetric,4,528,3,a,17,16,12736,16,80550,80550,80551,,,,80594,80561,80576,16,1:15,80577,80592,16,1:15,80578,80593,16,1:15,,,0,,,,0,,,,0,,,,0,,1,10,15,17,1,,,,
asymmetric,4,529,3,a,18,0,12864,16,80597,80597,80598,,,,80641,80608,80623,16,1:15,80624,80639,16,1:15,80625,80640,16,1:15,,,0,,,,0,,,,0,,,,0,,1,10,15,17,1,,,,
asymmetric,4,530,3,a,18,16,12992,16,80644,80644,80645,,,,80688,80655,80670,16,1:15,80671,80686,16,1:15,80672,80687,16,1:15,,,0,,,,0,,,,0,,,,0,,1,10,15,17,1,,,,
asymmetric,4,531,3,a,19,0,13120,16,80691,80691,80692,,,,80735,80702,80717,16,1:15,80718,80733,16,1:15,80719,80734,16,1:15,,,0,,,,0,,,,0,,,,0,,1,10,15,17,1,,,,
asymmetric,4,532,3,a,19,16,13248,16,80738,80738,80739,,,,80782,80749,80764,16,1:15,80765,80780,16,1:15,80766,80781,16,1:15,,,0,,,,0,,,,0,,,,0,,1,10,15,17,1,,,,
asymmetric,4,533,3,a,20,0,13376,16,80785,80785,80786,,,,80829,80796,80811,16,1:15,80812,80827,16,1:15,80813,80828,16,1:15,,,0,,,,0,,,,0,,,,0,,1,10,15,17,1,,,,
asymmetric,4,534,3,a,20,16,13504,16,80832,80832,80833,,,,80876,80843,80858,16,1:15,80859,80874,16,1:15,80860,80875,16,1:15,,,0,,,,0,,,,0,,,,0,,1,10,15,17,1,,,,
asymmetric,4,535,3,a,21,0,13632,16,80879,80879,80880,,,,80923,80890,80905,16,1:15,80906,80921,16,1:15,80907,80922,16,1:15,,,0,,,,0,,,,0,,,,0,,1,10,15,17,1,,,,
asymmetric,4,536,3,a,21,16,13760,16,80926,80926,80927,,,,80970,80937,80952,16,1:15,80953,80968,16,1:15,80954,80969,16,1:15,,,0,,,,0,,,,0,,,,0,,1,10,15,17,1,,,,
asymmetric,4,537,3,a,22,0,13888,16,80973,80973,80974,,,,81017,80984,80999,16,1:15,81000,81015,16,1:15,81001,81016,16,1:15,,,0,,,,0,,,,0,,,,0,,1,10,15,17,1,,,,
asymmetric,4,538,3,a,22,16,14016,16,81020,81020,81021,,,,81064,81031,81046,16,1:15,81047,81062,16,1:15,81048,81063,16,1:15,,,0,,,,0,,,,0,,,,0,,1,10,15,17,1,,,,
asymmetric,4,539,3,a,23,0,14144,16,81067,81067,81068,,,,81111,81078,81093,16,1:15,81094,81109,16,1:15,81095,81110,16,1:15,,,0,,,,0,,,,0,,,,0,,1,10,15,17,1,,,,
asymmetric,4,540,3,a,23,16,14272,16,81114,81114,81115,,,,81158,81125,81140,16,1:15,81141,81156,16,1:15,81142,81157,16,1:15,,,0,,,,0,,,,0,,,,0,,1,10,15,17,1,,,,
asymmetric,4,541,3,a,24,0,14400,16,81161,81161,81162,,,,81205,81172,81187,16,1:15,81188,81203,16,1:15,81189,81204,16,1:15,,,0,,,,0,,,,0,,,,0,,1,10,15,17,1,,,,
asymmetric,4,542,3,a,24,16,14528,16,81208,81208,81209,,,,81252,81219,81234,16,1:15,81235,81250,16,1:15,81236,81251,16,1:15,,,0,,,,0,,,,0,,,,0,,1,10,15,17,1,,,,
asymmetric,4,543,3,a,25,0,14656,16,81255,81255,81256,,,,81299,81266,81281,16,1:15,81282,81297,16,1:15,81283,81298,16,1:15,,,0,,,,0,,,,0,,,,0,,1,10,15,17,1,,,,
asymmetric,4,544,3,a,25,16,14784,16,81302,81302,81303,,,,81346,81313,81328,16,1:15,81329,81344,16,1:15,81330,81345,16,1:15,,,0,,,,0,,,,0,,,,0,,1,10,15,17,1,,,,
asymmetric,4,545,3,a,26,0,14912,16,81349,81349,81350,,,,81393,81360,81375,16,1:15,81376,81391,16,1:15,81377,81392,16,1:15,,,0,,,,0,,,,0,,,,0,,1,10,15,17,1,,,,
asymmetric,4,546,3,a,26,16,15040,16,81396,81396,81397,,,,81440,81407,81422,16,1:15,81423,81438,16,1:15,81424,81439,16,1:15,,,0,,,,0,,,,0,,,,0,,1,10,15,17,1,,,,
asymmetric,4,547,3,a,27,0,15168,16,81443,81443,81444,,,,81487,81454,81469,16,1:15,81470,81485,16,1:15,81471,81486,16,1:15,,,0,,,,0,,,,0,,,,0,,1,10,15,17,1,,,,
asymmetric,4,548,3,a,27,16,15296,16,81490,81490,81491,,,,81534,81501,81516,16,1:15,81517,81532,16,1:15,81518,81533,16,1:15,,,0,,,,0,,,,0,,,,0,,1,10,15,17,1,,,,
asymmetric,4,549,3,a,28,0,15424,16,81537,81537,81538,,,,81581,81548,81563,16,1:15,81564,81579,16,1:15,81565,81580,16,1:15,,,0,,,,0,,,,0,,,,0,,1,10,15,17,1,,,,
asymmetric,4,550,3,a,28,16,15552,16,81584,81584,81585,,,,81628,81595,81610,16,1:15,81611,81626,16,1:15,81612,81627,16,1:15,,,0,,,,0,,,,0,,,,0,,1,10,15,17,1,,,,
asymmetric,4,551,3,a,29,0,15680,16,81631,81631,81632,,,,81675,81642,81657,16,1:15,81658,81673,16,1:15,81659,81674,16,1:15,,,0,,,,0,,,,0,,,,0,,1,10,15,17,1,,,,
asymmetric,4,552,3,a,29,16,15808,16,81678,81678,81679,,,,81722,81689,81704,16,1:15,81705,81720,16,1:15,81706,81721,16,1:15,,,0,,,,0,,,,0,,,,0,,1,10,15,17,1,,,,
asymmetric,4,553,3,a,30,0,15936,16,81725,81725,81726,,,,81769,81736,81751,16,1:15,81752,81767,16,1:15,81753,81768,16,1:15,,,0,,,,0,,,,0,,,,0,,1,10,15,17,1,,,,
asymmetric,4,554,3,a,30,16,16064,16,81772,81772,81773,,,,81816,81783,81798,16,1:15,81799,81814,16,1:15,81800,81815,16,1:15,,,0,,,,0,,,,0,,,,0,,1,10,15,17,1,,,,
asymmetric,4,555,3,a,31,0,16192,16,81819,81819,81820,,,,81863,81830,81845,16,1:15,81846,81861,16,1:15,81847,81862,16,1:15,,,0,,,,0,,,,0,,,,0,,1,10,15,17,1,,,,
asymmetric,4,556,3,a,31,16,16320,8,81866,81866,81867,,,,81894,81877,81884,8,1:7,81885,81892,8,1:7,81886,81893,8,1:7,,,0,,,,0,,,,0,,,,0,,1,10,7,9,1,,,,
asymmetric,4,557,3,a,31,24,16384,8,81897,81897,81898,,,,81925,81908,81915,8,1:7,81916,81923,8,1:7,81917,81924,8,1:7,,,0,,,,0,,,,0,,,,0,,1,10,7,9,1,,,,
asymmetric,4,558,3,bt,0,0,25024,16,81933,81933,81934,,,,81977,81944,81959,16,1:15,81960,81975,16,1:15,81961,81976,16,1:15,,,0,,,,0,,,,0,,,,0,,1,10,15,17,1,,,,
asymmetric,4,559,3,bt,0,16,25152,16,81980,81980,81981,,,,82024,81991,82006,16,1:15,82007,82022,16,1:15,82008,82023,16,1:15,,,0,,,,0,,,,0,,,,0,,1,10,15,17,1,,,,
asymmetric,4,560,3,bt,1,0,25280,16,82027,82027,82028,,,,82071,82038,82053,16,1:15,82054,82069,16,1:15,82055,82070,16,1:15,,,0,,,,0,,,,0,,,,0,,1,10,15,17,1,,,,
asymmetric,4,561,3,bt,1,16,25408,16,82074,82074,82075,,,,82118,82085,82100,16,1:15,82101,82116,16,1:15,82102,82117,16,1:15,,,0,,,,0,,,,0,,,,0,,1,10,15,17,1,,,,
asymmetric,4,562,3,bt,2,0,25536,16,82121,82121,82122,,,,82165,82132,82147,16,1:15,82148,82163,16,1:15,82149,82164,16,1:15,,,0,,,,0,,,,0,,,,0,,1,10,15,17,1,,,,
asymmetric,4,563,3,bt,2,16,25664,16,82168,82168,82169,,,,82212,82179,82194,16,1:15,82195,82210,16,1:15,82196,82211,16,1:15,,,0,,,,0,,,,0,,,,0,,1,10,15,17,1,,,,
asymmetric,4,564,3,bt,3,0,25792,16,82215,82215,82216,,,,82259,82226,82241,16,1:15,82242,82257,16,1:15,82243,82258,16,1:15,,,0,,,,0,,,,0,,,,0,,1,10,15,17,1,,,,
asymmetric,4,565,3,bt,3,16,25920,16,82262,82262,82263,,,,82306,82273,82288,16,1:15,82289,82304,16,1:15,82290,82305,16,1:15,,,0,,,,0,,,,0,,,,0,,1,10,15,17,1,,,,
asymmetric,4,566,3,bt,4,0,26048,16,82309,82309,82310,,,,82353,82320,82335,16,1:15,82336,82351,16,1:15,82337,82352,16,1:15,,,0,,,,0,,,,0,,,,0,,1,10,15,17,1,,,,
asymmetric,4,567,3,bt,4,16,26176,16,82356,82356,82357,,,,82400,82367,82382,16,1:15,82383,82398,16,1:15,82384,82399,16,1:15,,,0,,,,0,,,,0,,,,0,,1,10,15,17,1,,,,
asymmetric,4,568,3,bt,5,0,26304,16,82403,82403,82404,,,,82447,82414,82429,16,1:15,82430,82445,16,1:15,82431,82446,16,1:15,,,0,,,,0,,,,0,,,,0,,1,10,15,17,1,,,,
asymmetric,4,569,3,bt,5,16,26432,16,82450,82450,82451,,,,82494,82461,82476,16,1:15,82477,82492,16,1:15,82478,82493,16,1:15,,,0,,,,0,,,,0,,,,0,,1,10,15,17,1,,,,
asymmetric,4,570,3,bt,6,0,26560,16,82497,82497,82498,,,,82541,82508,82523,16,1:15,82524,82539,16,1:15,82525,82540,16,1:15,,,0,,,,0,,,,0,,,,0,,1,10,15,17,1,,,,
asymmetric,4,571,3,bt,6,16,26688,16,82544,82544,82545,,,,82588,82555,82570,16,1:15,82571,82586,16,1:15,82572,82587,16,1:15,,,0,,,,0,,,,0,,,,0,,1,10,15,17,1,,,,
asymmetric,4,572,3,bt,7,0,26816,16,82591,82591,82592,,,,82635,82602,82617,16,1:15,82618,82633,16,1:15,82619,82634,16,1:15,,,0,,,,0,,,,0,,,,0,,1,10,15,17,1,,,,
asymmetric,4,573,3,bt,7,16,26944,16,82638,82638,82639,,,,82682,82649,82664,16,1:15,82665,82680,16,1:15,82666,82681,16,1:15,,,0,,,,0,,,,0,,,,0,,1,10,15,17,1,,,,
asymmetric,4,574,3,bt,8,0,27072,16,82685,82685,82686,,,,82729,82696,82711,16,1:15,82712,82727,16,1:15,82713,82728,16,1:15,,,0,,,,0,,,,0,,,,0,,1,10,15,17,1,,,,
asymmetric,4,575,3,bt,8,16,27200,16,82732,82732,82733,,,,82776,82743,82758,16,1:15,82759,82774,16,1:15,82760,82775,16,1:15,,,0,,,,0,,,,0,,,,0,,1,10,15,17,1,,,,
asymmetric,4,576,3,bt,9,0,27328,16,82779,82779,82780,,,,82823,82790,82805,16,1:15,82806,82821,16,1:15,82807,82822,16,1:15,,,0,,,,0,,,,0,,,,0,,1,10,15,17,1,,,,
asymmetric,4,577,3,bt,9,16,27456,16,82826,82826,82827,,,,82870,82837,82852,16,1:15,82853,82868,16,1:15,82854,82869,16,1:15,,,0,,,,0,,,,0,,,,0,,1,10,15,17,1,,,,
asymmetric,4,578,3,bt,10,0,27584,16,82873,82873,82874,,,,82917,82884,82899,16,1:15,82900,82915,16,1:15,82901,82916,16,1:15,,,0,,,,0,,,,0,,,,0,,1,10,15,17,1,,,,
asymmetric,4,579,3,bt,10,16,27712,16,82920,82920,82921,,,,82964,82931,82946,16,1:15,82947,82962,16,1:15,82948,82963,16,1:15,,,0,,,,0,,,,0,,,,0,,1,10,15,17,1,,,,
asymmetric,4,580,3,bt,11,0,27840,16,82967,82967,82968,,,,83011,82978,82993,16,1:15,82994,83009,16,1:15,82995,83010,16,1:15,,,0,,,,0,,,,0,,,,0,,1,10,15,17,1,,,,
asymmetric,4,581,3,bt,11,16,27968,16,83014,83014,83015,,,,83058,83025,83040,16,1:15,83041,83056,16,1:15,83042,83057,16,1:15,,,0,,,,0,,,,0,,,,0,,1,10,15,17,1,,,,
asymmetric,4,582,3,bt,12,0,28096,16,83061,83061,83062,,,,83105,83072,83087,16,1:15,83088,83103,16,1:15,83089,83104,16,1:15,,,0,,,,0,,,,0,,,,0,,1,10,15,17,1,,,,
asymmetric,4,583,3,bt,12,16,28224,16,83108,83108,83109,,,,83152,83119,83134,16,1:15,83135,83150,16,1:15,83136,83151,16,1:15,,,0,,,,0,,,,0,,,,0,,1,10,15,17,1,,,,
asymmetric,4,584,3,bt,13,0,28352,16,83155,83155,83156,,,,83199,83166,83181,16,1:15,83182,83197,16,1:15,83183,83198,16,1:15,,,0,,,,0,,,,0,,,,0,,1,10,15,17,1,,,,
asymmetric,4,585,3,bt,13,16,28480,16,83202,83202,83203,,,,83246,83213,83228,16,1:15,83229,83244,16,1:15,83230,83245,16,1:15,,,0,,,,0,,,,0,,,,0,,1,10,15,17,1,,,,
asymmetric,4,586,3,bt,14,0,28608,8,83249,83249,83250,,,,83277,83260,83267,8,1:7,83268,83275,8,1:7,83269,83276,8,1:7,,,0,,,,0,,,,0,,,,0,,1,10,7,9,1,,,,
asymmetric,4,587,3,bt,14,8,28672,16,83280,83280,83281,,,,83324,83291,83306,16,1:15,83307,83322,16,1:15,83308,83323,16,1:15,,,0,,,,0,,,,0,,,,0,,1,10,15,17,1,,,,
asymmetric,4,588,3,bt,14,24,28800,8,83327,83327,83328,,,,83355,83338,83345,8,1:7,83346,83353,8,1:7,83347,83354,8,1:7,,,0,,,,0,,,,0,,,,0,,1,10,7,9,1,,,,
asymmetric,4,589,3,bt,15,0,28864,16,83358,83358,83359,,,,83402,83369,83384,16,1:15,83385,83400,16,1:15,83386,83401,16,1:15,,,0,,,,0,,,,0,,,,0,,1,10,15,17,1,,,,
asymmetric,4,590,3,bt,15,16,28992,16,83405,83405,83406,,,,83449,83416,83431,16,1:15,83432,83447,16,1:15,83433,83448,16,1:15,,,0,,,,0,,,,0,,,,0,,1,10,15,17,1,,,,
asymmetric,4,591,3,bt,16,0,29120,16,83452,83452,83453,,,,83496,83463,83478,16,1:15,83479,83494,16,1:15,83480,83495,16,1:15,,,0,,,,0,,,,0,,,,0,,1,10,15,17,1,,,,
asymmetric,4,592,3,bt,16,16,29248,16,83499,83499,83500,,,,83543,83510,83525,16,1:15,83526,83541,16,1:15,83527,83542,16,1:15,,,0,,,,0,,,,0,,,,0,,1,10,15,17,1,,,,
asymmetric,4,593,3,bt,17,0,29376,16,83546,83546,83547,,,,83590,83557,83572,16,1:15,83573,83588,16,1:15,83574,83589,16,1:15,,,0,,,,0,,,,0,,,,0,,1,10,15,17,1,,,,
asymmetric,4,594,3,bt,17,16,29504,16,83593,83593,83594,,,,83637,83604,83619,16,1:15,83620,83635,16,1:15,83621,83636,16,1:15,,,0,,,,0,,,,0,,,,0,,1,10,15,17,1,,,,
asymmetric,4,595,3,bt,18,0,29632,16,83640,83640,83641,,,,83684,83651,83666,16,1:15,83667,83682,16,1:15,83668,83683,16,1:15,,,0,,,,0,,,,0,,,,0,,1,10,15,17,1,,,,
asymmetric,4,596,3,bt,18,16,29760,16,83687,83687,83688,,,,83731,83698,83713,16,1:15,83714,83729,16,1:15,83715,83730,16,1:15,,,0,,,,0,,,,0,,,,0,,1,10,15,17,1,,,,
asymmetric,4,597,3,bt,19,0,29888,16,83734,83734,83735,,,,83778,83745,83760,16,1:15,83761,83776,16,1:15,83762,83777,16,1:15,,,0,,,,0,,,,0,,,,0,,1,10,15,17,1,,,,
asymmetric,4,598,3,bt,19,16,30016,16,83781,83781,83782,,,,83825,83792,83807,16,1:15,83808,83823,16,1:15,83809,83824,16,1:15,,,0,,,,0,,,,0,,,,0,,1,10,15,17,1,,,,
asymmetric,4,599,3,bt,20,0,30144,16,83828,83828,83829,,,,83872,83839,83854,16,1:15,83855,83870,16,1:15,83856,83871,16,1:15,,,0,,,,0,,,,0,,,,0,,1,10,15,17,1,,,,
asymmetric,4,600,3,bt,20,16,30272,16,83875,83875,83876,,,,83919,83886,83901,16,1:15,83902,83917,16,1:15,83903,83918,16,1:15,,,0,,,,0,,,,0,,,,0,,1,10,15,17,1,,,,
asymmetric,4,601,3,bt,21,0,30400,16,83922,83922,83923,,,,83966,83933,83948,16,1:15,83949,83964,16,1:15,83950,83965,16,1:15,,,0,,,,0,,,,0,,,,0,,1,10,15,17,1,,,,
asymmetric,4,602,3,bt,21,16,30528,16,83969,83969,83970,,,,84013,83980,83995,16,1:15,83996,84011,16,1:15,83997,84012,16,1:15,,,0,,,,0,,,,0,,,,0,,1,10,15,17,1,,,,
asymmetric,4,603,3,bt,22,0,30656,16,84016,84016,84017,,,,84060,84027,84042,16,1:15,84043,84058,16,1:15,84044,84059,16,1:15,,,0,,,,0,,,,0,,,,0,,1,10,15,17,1,,,,
asymmetric,4,604,3,bt,22,16,30784,16,84063,84063,84064,,,,84107,84074,84089,16,1:15,84090,84105,16,1:15,84091,84106,16,1:15,,,0,,,,0,,,,0,,,,0,,1,10,15,17,1,,,,
asymmetric,4,605,3,bt,23,0,30912,16,84110,84110,84111,,,,84154,84121,84136,16,1:15,84137,84152,16,1:15,84138,84153,16,1:15,,,0,,,,0,,,,0,,,,0,,1,10,15,17,1,,,,
asymmetric,4,606,3,bt,23,16,31040,16,84157,84157,84158,,,,84201,84168,84183,16,1:15,84184,84199,16,1:15,84185,84200,16,1:15,,,0,,,,0,,,,0,,,,0,,1,10,15,17,1,,,,
asymmetric,4,607,3,bt,24,0,31168,16,84204,84204,84205,,,,84248,84215,84230,16,1:15,84231,84246,16,1:15,84232,84247,16,1:15,,,0,,,,0,,,,0,,,,0,,1,10,15,17,1,,,,
asymmetric,4,608,3,bt,24,16,31296,16,84251,84251,84252,,,,84295,84262,84277,16,1:15,84278,84293,16,1:15,84279,84294,16,1:15,,,0,,,,0,,,,0,,,,0,,1,10,15,17,1,,,,
asymmetric,4,609,3,bt,25,0,31424,16,84298,84298,84299,,,,84342,84309,84324,16,1:15,84325,84340,16,1:15,84326,84341,16,1:15,,,0,,,,0,,,,0,,,,0,,1,10,15,17,1,,,,
asymmetric,4,610,3,bt,25,16,31552,16,84345,84345,84346,,,,84389,84356,84371,16,1:15,84372,84387,16,1:15,84373,84388,16,1:15,,,0,,,,0,,,,0,,,,0,,1,10,15,17,1,,,,
asymmetric,4,611,3,bt,26,0,31680,16,84392,84392,84393,,,,84436,84403,84418,16,1:15,84419,84434,16,1:15,84420,84435,16,1:15,,,0,,,,0,,,,0,,,,0,,1,10,15,17,1,,,,
asymmetric,4,612,3,bt,26,16,31808,16,84439,84439,84440,,,,84483,84450,84465,16,1:15,84466,84481,16,1:15,84467,84482,16,1:15,,,0,,,,0,,,,0,,,,0,,1,10,15,17,1,,,,
asymmetric,4,613,3,bt,27,0,31936,16,84486,84486,84487,,,,84530,84497,84512,16,1:15,84513,84528,16,1:15,84514,84529,16,1:15,,,0,,,,0,,,,0,,,,0,,1,10,15,17,1,,,,
asymmetric,4,614,3,bt,27,16,32064,16,84533,84533,84534,,,,84577,84544,84559,16,1:15,84560,84575,16,1:15,84561,84576,16,1:15,,,0,,,,0,,,,0,,,,0,,1,10,15,17,1,,,,
asymmetric,4,615,3,bt,28,0,32192,16,84580,84580,84581,,,,84624,84591,84606,16,1:15,84607,84622,16,1:15,84608,84623,16,1:15,,,0,,,,0,,,,0,,,,0,,1,10,15,17,1,,,,
asymmetric,4,616,3,bt,28,16,32320,16,84627,84627,84628,,,,84671,84638,84653,16,1:15,84654,84669,16,1:15,84655,84670,16,1:15,,,0,,,,0,,,,0,,,,0,,1,10,15,17,1,,,,
asymmetric,4,617,3,bt,29,0,32448,16,84674,84674,84675,,,,84718,84685,84700,16,1:15,84701,84716,16,1:15,84702,84717,16,1:15,,,0,,,,0,,,,0,,,,0,,1,10,15,17,1,,,,
asymmetric,4,618,3,bt,29,16,32576,16,84721,84721,84722,,,,84765,84732,84747,16,1:15,84748,84763,16,1:15,84749,84764,16,1:15,,,0,,,,0,,,,0,,,,0,,1,10,15,17,1,,,,
asymmetric,4,619,3,bt,30,0,32704,8,84768,84768,84769,,,,84796,84779,84786,8,1:7,84787,84794,8,1:7,84788,84795,8,1:7,,,0,,,,0,,,,0,,,,0,,1,10,7,9,1,,,,
asymmetric,4,620,3,bt,30,8,32768,16,84799,84799,84800,,,,84843,84810,84825,16,1:15,84826,84841,16,1:15,84827,84842,16,1:15,,,0,,,,0,,,,0,,,,0,,1,10,15,17,1,,,,
asymmetric,4,621,3,bt,30,24,32896,8,84846,84846,84847,,,,84874,84857,84864,8,1:7,84865,84872,8,1:7,84866,84873,8,1:7,,,0,,,,0,,,,0,,,,0,,1,10,7,9,1,,,,
asymmetric,4,622,3,c,0,0,41408,16,102164,102164,,102229,102228,102252,102253,,,0,,,,0,,,,0,,102165,102225,16,4:15,102167,102227,16,4:15,102168,102228,16,4:15,102229,102244,16,1:15,,,,,,64,16,8,1
asymmetric,4,623,3,c,1,0,41664,16,102256,102256,,102321,102320,102344,102345,,,0,,,,0,,,,0,,102257,102317,16,4:15,102259,102319,16,4:15,102260,102320,16,4:15,102321,102336,16,1:15,,,,,,64,16,8,1
asymmetric,4,624,3,c,2,0,41920,16,102348,102348,,102413,102412,102436,102437,,,0,,,,0,,,,0,,102349,102409,16,4:15,102351,102411,16,4:15,102352,102412,16,4:15,102413,102428,16,1:15,,,,,,64,16,8,1
asymmetric,4,625,3,c,3,0,42176,16,102440,102440,,102505,102504,102528,102529,,,0,,,,0,,,,0,,102441,102501,16,4:15,102443,102503,16,4:15,102444,102504,16,4:15,102505,102520,16,1:15,,,,,,64,16,8,1
asymmetric,4,626,3,c,4,0,42432,16,102532,102532,,102597,102596,102620,102621,,,0,,,,0,,,,0,,102533,102593,16,4:15,102535,102595,16,4:15,102536,102596,16,4:15,102597,102612,16,1:15,,,,,,64,16,8,1
asymmetric,4,627,3,c,5,0,42688,16,102624,102624,,102689,102688,102712,102713,,,0,,,,0,,,,0,,102625,102685,16,4:15,102627,102687,16,4:15,102628,102688,16,4:15,102689,102704,16,1:15,,,,,,64,16,8,1
asymmetric,4,628,3,c,6,0,42944,16,102716,102716,,102781,102780,102804,102805,,,0,,,,0,,,,0,,102717,102777,16,4:15,102719,102779,16,4:15,102720,102780,16,4:15,102781,102796,16,1:15,,,,,,64,16,8,1
asymmetric,4,629,3,c,7,0,43200,16,102808,102808,,102873,102872,102896,102897,,,0,,,,0,,,,0,,102809,102869,16,4:15,102811,102871,16,4:15,102812,102872,16,4:15,102873,102888,16,1:15,,,,,,64,16,8,1
asymmetric,4,630,3,c,8,0,43456,16,102900,102900,,102965,102964,102988,102989,,,0,,,,0,,,,0,,102901,102961,16,4:15,102903,102963,16,4:15,102904,102964,16,4:15,102965,102980,16,1:15,,,,,,64,16,8,1
asymmetric,4,631,3,c,9,0,43712,16,102992,102992,,103057,103056,103080,103081,,,0,,,,0,,,,0,,102993,103053,16,4:15,102995,103055,16,4:15,102996,103056,16,4:15,103057,103072,16,1:15,,,,,,64,16,8,1
asymmetric,4,632,3,c,10,0,43968,16,103084,103084,,103149,103148,103172,103173,,,0,,,,0,,,,0,,103085,103145,16,4:15,103087,103147,16,4:15,103088,103148,16,4:15,103149,103164,16,1:15,,,,,,64,16,8,1
asymmetric,4,633,3,c,11,0,44224,16,103176,103176,,103241,103240,103264,103265,,,0,,,,0,,,,0,,103177,103237,16,4:15,103179,103239,16,4:15,103180,103240,16,4:15,103241,103256,16,1:15,,,,,,64,16,8,1
asymmetric,4,634,3,c,12,0,44480,16,103268,103268,,103333,103332,103356,103357,,,0,,,,0,,,,0,,103269,103329,16,4:15,103271,103331,16,4:15,103272,103332,16,4:15,103333,103348,16,1:15,,,,,,64,16,8,1
asymmetric,4,635,3,c,13,0,44736,16,103360,103360,,103425,103424,103448,103449,,,0,,,,0,,,,0,,103361,103421,16,4:15,103363,103423,16,4:15,103364,103424,16,4:15,103425,103440,16,1:15,,,,,,64,16,8,1
asymmetric,4,636,3,c,14,0,44992,8,103452,103452,,103485,103484,103500,103501,,,0,,,,0,,,,0,,103453,103481,8,4:7,103455,103483,8,4:7,103456,103484,8,4:7,103485,103492,8,1:7,,,,,,32,8,8,1
asymmetric,4,637,3,c,14,8,45056,8,103504,103504,,103537,103536,103552,103553,,,0,,,,0,,,,0,,103505,103533,8,4:7,103507,103535,8,4:7,103508,103536,8,4:7,103537,103544,8,1:7,,,,,,32,8,8,1
asymmetric,4,638,3,c,15,0,45248,16,103556,103556,,103621,103620,103644,103645,,,0,,,,0,,,,0,,103557,103617,16,4:15,103559,103619,16,4:15,103560,103620,16,4:15,103621,103636,16,1:15,,,,,,64,16,8,1
asymmetric,4,639,3,c,16,0,45504,16,103648,103648,,103713,103712,103736,103737,,,0,,,,0,,,,0,,103649,103709,16,4:15,103651,103711,16,4:15,103652,103712,16,4:15,103713,103728,16,1:15,,,,,,64,16,8,1
asymmetric,4,640,3,c,17,0,45760,16,103740,103740,,103805,103804,103828,103829,,,0,,,,0,,,,0,,103741,103801,16,4:15,103743,103803,16,4:15,103744,103804,16,4:15,103805,103820,16,1:15,,,,,,64,16,8,1
asymmetric,4,641,3,c,18,0,46016,16,103832,103832,,103897,103896,103920,103921,,,0,,,,0,,,,0,,103833,103893,16,4:15,103835,103895,16,4:15,103836,103896,16,4:15,103897,103912,16,1:15,,,,,,64,16,8,1
asymmetric,4,642,3,c,19,0,46272,16,103924,103924,,103989,103988,104012,104013,,,0,,,,0,,,,0,,103925,103985,16,4:15,103927,103987,16,4:15,103928,103988,16,4:15,103989,104004,16,1:15,,,,,,64,16,8,1
asymmetric,4,643,3,c,20,0,46528,16,104016,104016,,104081,104080,104104,104105,,,0,,,,0,,,,0,,104017,104077,16,4:15,104019,104079,16,4:15,104020,104080,16,4:15,104081,104096,16,1:15,,,,,,64,16,8,1
asymmetric,4,644,3,c,21,0,46784,16,104108,104108,,104173,104172,104196,104197,,,0,,,,0,,,,0,,104109,104169,16,4:15,104111,104171,16,4:15,104112,104172,16,4:15,104173,104188,16,1:15,,,,,,64,16,8,1
asymmetric,4,645,3,c,22,0,47040,16,104200,104200,,104265,104264,104288,104289,,,0,,,,0,,,,0,,104201,104261,16,4:15,104203,104263,16,4:15,104204,104264,16,4:15,104265,104280,16,1:15,,,,,,64,16,8,1
asymmetric,4,646,3,c,23,0,47296,16,104292,104292,,104357,104356,104380,104381,,,0,,,,0,,,,0,,104293,104353,16,4:15,104295,104355,16,4:15,104296,104356,16,4:15,104357,104372,16,1:15,,,,,,64,16,8,1
asymmetric,4,647,3,c,24,0,47552,16,104384,104384,,104449,104448,104472,104473,,,0,,,,0,,,,0,,104385,104445,16,4:15,104387,104447,16,4:15,104388,104448,16,4:15,104449,104464,16,1:15,,,,,,64,16,8,1
asymmetric,4,648,3,c,25,0,47808,16,104476,104476,,104541,104540,104564,104565,,,0,,,,0,,,,0,,104477,104537,16,4:15,104479,104539,16,4:15,104480,104540,16,4:15,104541,104556,16,1:15,,,,,,64,16,8,1
asymmetric,4,649,3,c,26,0,48064,16,104568,104568,,104633,104632,104656,104657,,,0,,,,0,,,,0,,104569,104629,16,4:15,104571,104631,16,4:15,104572,104632,16,4:15,104633,104648,16,1:15,,,,,,64,16,8,1
asymmetric,4,650,3,c,27,0,48320,16,104660,104660,,104725,104724,104748,104749,,,0,,,,0,,,,0,,104661,104721,16,4:15,104663,104723,16,4:15,104664,104724,16,4:15,104725,104740,16,1:15,,,,,,64,16,8,1
asymmetric,4,651,3,c,28,0,48576,16,104752,104752,,104817,104816,104840,104841,,,0,,,,0,,,,0,,104753,104813,16,4:15,104755,104815,16,4:15,104756,104816,16,4:15,104817,104832,16,1:15,,,,,,64,16,8,1
asymmetric,4,652,3,c,29,0,48832,16,104844,104844,,104909,104908,104932,104933,,,0,,,,0,,,,0,,104845,104905,16,4:15,104847,104907,16,4:15,104848,104908,16,4:15,104909,104924,16,1:15,,,,,,64,16,8,1
asymmetric,4,653,3,c,30,0,49088,8,104936,104936,,104969,104968,104984,104985,,,0,,,,0,,,,0,,104937,104965,8,4:7,104939,104967,8,4:7,104940,104968,8,4:7,104969,104976,8,1:7,,,,,,32,8,8,1
asymmetric,4,654,3,c,30,8,49152,8,104988,104988,,105021,105020,105036,105037,,,0,,,,0,,,,0,,104989,105017,8,4:7,104991,105019,8,4:7,104992,105020,8,4:7,105021,105028,8,1:7,,,,,,32,8,8,1
asymmetric,4,655,3,c,31,0,49344,16,105040,105040,,105105,105104,105128,105129,,,0,,,,0,,,,0,,105041,105101,16,4:15,105043,105103,16,4:15,105044,105104,16,4:15,105105,105120,16,1:15,,,,,,64,16,8,1
asymmetric,4,656,4,a,0,0,16448,16,105138,105138,105139,,,,105182,105149,105164,16,1:15,105165,105180,16,1:15,105166,105181,16,1:15,,,0,,,,0,,,,0,,,,0,,1,10,15,17,1,,,,
asymmetric,4,657,4,a,0,16,16576,16,105185,105185,105186,,,,105229,105196,105211,16,1:15,105212,105227,16,1:15,105213,105228,16,1:15,,,0,,,,0,,,,0,,,,0,,1,10,15,17,1,,,,
asymmetric,4,658,4,bt,0,0,16832,16,105237,105237,105238,,,,105281,105248,105263,16,1:15,105264,105279,16,1:15,105265,105280,16,1:15,,,0,,,,0,,,,0,,,,0,,1,10,15,17,1,,,,
asymmetric,4,659,4,bt,0,16,16960,16,105284,105284,105285,,,,105328,105295,105310,16,1:15,105311,105326,16,1:15,105312,105327,16,1:15,,,0,,,,0,,,,0,,,,0,,1,10,15,17,1,,,,
asymmetric,4,660,4,bt,1,0,17088,16,105331,105331,105332,,,,105375,105342,105357,16,1:15,105358,105373,16,1:15,105359,105374,16,1:15,,,0,,,,0,,,,0,,,,0,,1,10,15,17,1,,,,
asymmetric,4,661,4,bt,1,16,17216,16,105378,105378,105379,,,,105422,105389,105404,16,1:15,105405,105420,16,1:15,105406,105421,16,1:15,,,0,,,,0,,,,0,,,,0,,1,10,15,17,1,,,,
asymmetric,4,662,4,bt,2,0,17344,16,105425,105425,105426,,,,105469,105436,105451,16,1:15,105452,105467,16,1:15,105453,105468,16,1:15,,,0,,,,0,,,,0,,,,0,,1,10,15,17,1,,,,
asymmetric,4,663,4,bt,2,16,17472,16,105472,105472,105473,,,,105516,105483,105498,16,1:15,105499,105514,16,1:15,105500,105515,16,1:15,,,0,,,,0,,,,0,,,,0,,1,10,15,17,1,,,,
asymmetric,4,664,4,bt,3,0,17600,16,105519,105519,105520,,,,105563,105530,105545,16,1:15,105546,105561,16,1:15,105547,105562,16,1:15,,,0,,,,0,,,,0,,,,0,,1,10,15,17,1,,,,
asymmetric,4,665,4,bt,3,16,17728,16,105566,105566,105567,,,,105610,105577,105592,16,1:15,105593,105608,16,1:15,105594,105609,16,1:15,,,0,,,,0,,,,0,,,,0,,1,10,15,17,1,,,,
asymmetric,4,666,4,bt,4,0,17856,16,105613,105613,105614,,,,105657,105624,105639,16,1:15,105640,105655,16,1:15,105641,105656,16,1:15,,,0,,,,0,,,,0,,,,0,,1,10,15,17,1,,,,
asymmetric,4,667,4,bt,4,16,17984,16,105660,105660,105661,,,,105704,105671,105686,16,1:15,105687,105702,16,1:15,105688,105703,16,1:15,,,0,,,,0,,,,0,,,,0,,1,10,15,17,1,,,,
asymmetric,4,668,4,bt,5,0,18112,16,105707,105707,105708,,,,105751,105718,105733,16,1:15,105734,105749,16,1:15,105735,105750,16,1:15,,,0,,,,0,,,,0,,,,0,,1,10,15,17,1,,,,
asymmetric,4,669,4,bt,5,16,18240,16,105754,105754,105755,,,,105798,105765,105780,16,1:15,105781,105796,16,1:15,105782,105797,16,1:15,,,0,,,,0,,,,0,,,,0,,1,10,15,17,1,,,,
asymmetric,4,670,4,bt,6,0,18368,16,105801,105801,105802,,,,105845,105812,105827,16,1:15,105828,105843,16,1:15,105829,105844,16,1:15,,,0,,,,0,,,,0,,,,0,,1,10,15,17,1,,,,
asymmetric,4,671,4,bt,6,16,18496,16,105848,105848,105849,,,,105892,105859,105874,16,1:15,105875,105890,16,1:15,105876,105891,16,1:15,,,0,,,,0,,,,0,,,,0,,1,10,15,17,1,,,,
asymmetric,4,672,4,bt,7,0,18624,16,105895,105895,105896,,,,105939,105906,105921,16,1:15,105922,105937,16,1:15,105923,105938,16,1:15,,,0,,,,0,,,,0,,,,0,,1,10,15,17,1,,,,
asymmetric,4,673,4,bt,7,16,18752,16,105942,105942,105943,,,,105986,105953,105968,16,1:15,105969,105984,16,1:15,105970,105985,16,1:15,,,0,,,,0,,,,0,,,,0,,1,10,15,17,1,,,,
asymmetric,4,674,4,bt,8,0,18880,16,105989,105989,105990,,,,106033,106000,106015,16,1:15,106016,106031,16,1:15,106017,106032,16,1:15,,,0,,,,0,,,,0,,,,0,,1,10,15,17,1,,,,
asymmetric,4,675,4,bt,8,16,19008,16,106036,106036,106037,,,,106080,106047,106062,16,1:15,106063,106078,16,1:15,106064,106079,16,1:15,,,0,,,,0,,,,0,,,,0,,1,10,15,17,1,,,,
asymmetric,4,676,4,bt,9,0,19136,16,106083,106083,106084,,,,106127,106094,106109,16,1:15,106110,106125,16,1:15,106111,106126,16,1:15,,,0,,,,0,,,,0,,,,0,,1,10,15,17,1,,,,
asymmetric,4,677,4,bt,9,16,19264,16,106130,106130,106131,,,,106174,106141,106156,16,1:15,106157,106172,16,1:15,106158,106173,16,1:15,,,0,,,,0,,,,0,,,,0,,1,10,15,17,1,,,,
asymmetric,4,678,4,bt,10,0,19392,16,106177,106177,106178,,,,106221,106188,106203,16,1:15,106204,106219,16,1:15,106205,106220,16,1:15,,,0,,,,0,,,,0,,,,0,,1,10,15,17,1,,,,
asymmetric,4,679,4,bt,10,16,19520,16,106224,106224,106225,,,,106268,106235,106250,16,1:15,106251,106266,16,1:15,106252,106267,16,1:15,,,0,,,,0,,,,0,,,,0,,1,10,15,17,1,,,,
asymmetric,4,680,4,bt,11,0,19648,16,106271,106271,106272,,,,106315,106282,106297,16,1:15,106298,106313,16,1:15,106299,106314,16,1:15,,,0,,,,0,,,,0,,,,0,,1,10,15,17,1,,,,
asymmetric,4,681,4,bt,11,16,19776,16,106318,106318,106319,,,,106362,106329,106344,16,1:15,106345,106360,16,1:15,106346,106361,16,1:15,,,0,,,,0,,,,0,,,,0,,1,10,15,17,1,,,,
asymmetric,4,682,4,bt,12,0,19904,16,106365,106365,106366,,,,106409,106376,106391,16,1:15,106392,106407,16,1:15,106393,106408,16,1:15,,,0,,,,0,,,,0,,,,0,,1,10,15,17,1,,,,
asymmetric,4,683,4,bt,12,16,20032,16,106412,106412,106413,,,,106456,106423,106438,16,1:15,106439,106454,16,1:15,106440,106455,16,1:15,,,0,,,,0,,,,0,,,,0,,1,10,15,17,1,,,,
asymmetric,4,684,4,bt,13,0,20160,16,106459,106459,106460,,,,106503,106470,106485,16,1:15,106486,106501,16,1:15,106487,106502,16,1:15,,,0,,,,0,,,,0,,,,0,,1,10,15,17,1,,,,
asymmetric,4,685,4,bt,13,16,20288,16,106506,106506,106507,,,,106550,106517,106532,16,1:15,106533,106548,16,1:15,106534,106549,16,1:15,,,0,,,,0,,,,0,,,,0,,1,10,15,17,1,,,,
asymmetric,4,686,4,bt,14,0,20416,8,106553,106553,106554,,,,106581,106564,106571,8,1:7,106572,106579,8,1:7,106573,106580,8,1:7,,,0,,,,0,,,,0,,,,0,,1,10,7,9,1,,,,
asymmetric,4,687,4,bt,14,8,20480,16,106584,106584,106585,,,,106628,106595,106610,16,1:15,106611,106626,16,1:15,106612,106627,16,1:15,,,0,,,,0,,,,0,,,,0,,1,10,15,17,1,,,,
asymmetric,4,688,4,bt,14,24,20608,8,106631,106631,106632,,,,106659,106642,106649,8,1:7,106650,106657,8,1:7,106651,106658,8,1:7,,,0,,,,0,,,,0,,,,0,,1,10,7,9,1,,,,
asymmetric,4,689,4,bt,15,0,20672,16,106662,106662,106663,,,,106706,106673,106688,16,1:15,106689,106704,16,1:15,106690,106705,16,1:15,,,0,,,,0,,,,0,,,,0,,1,10,15,17,1,,,,
asymmetric,4,690,4,bt,15,16,20800,16,106709,106709,106710,,,,106753,106720,106735,16,1:15,106736,106751,16,1:15,106737,106752,16,1:15,,,0,,,,0,,,,0,,,,0,,1,10,15,17,1,,,,
asymmetric,4,691,4,bt,16,0,20928,16,106756,106756,106757,,,,106800,106767,106782,16,1:15,106783,106798,16,1:15,106784,106799,16,1:15,,,0,,,,0,,,,0,,,,0,,1,10,15,17,1,,,,
asymmetric,4,692,4,bt,16,16,21056,16,106803,106803,106804,,,,106847,106814,106829,16,1:15,106830,106845,16,1:15,106831,106846,16,1:15,,,0,,,,0,,,,0,,,,0,,1,10,15,17,1,,,,
asymmetric,4,693,4,bt,17,0,21184,16,106850,106850,106851,,,,106894,106861,106876,16,1:15,106877,106892,16,1:15,106878,106893,16,1:15,,,0,,,,0,,,,0,,,,0,,1,10,15,17,1,,,,
asymmetric,4,694,4,bt,17,16,21312,16,106897,106897,106898,,,,106941,106908,106923,16,1:15,106924,106939,16,1:15,106925,106940,16,1:15,,,0,,,,0,,,,0,,,,0,,1,10,15,17,1,,,,
asymmetric,4,695,4,bt,18,0,21440,16,106944,106944,106945,,,,106988,106955,106970,16,1:15,106971,106986,16,1:15,106972,106987,16,1:15,,,0,,,,0,,,,0,,,,0,,1,10,15,17,1,,,,
asymmetric,4,696,4,bt,18,16,21568,16,106991,106991,106992,,,,107035,107002,107017,16,1:15,107018,107033,16,1:15,107019,107034,16,1:15,,,0,,,,0,,,,0,,,,0,,1,10,15,17,1,,,,
asymmetric,4,697,4,bt,19,0,21696,16,107038,107038,107039,,,,107082,107049,107064,16,1:15,107065,107080,16,1:15,107066,107081,16,1:15,,,0,,,,0,,,,0,,,,0,,1,10,15,17,1,,,,
asymmetric,4,698,4,bt,19,16,21824,16,107085,107085,107086,,,,107129,107096,107111,16,1:15,107112,107127,16,1:15,107113,107128,16,1:15,,,0,,,,0,,,,0,,,,0,,1,10,15,17,1,,,,
asymmetric,4,699,4,bt,20,0,21952,16,107132,107132,107133,,,,107176,107143,107158,16,1:15,107159,107174,16,1:15,107160,107175,16,1:15,,,0,,,,0,,,,0,,,,0,,1,10,15,17,1,,,,
asymmetric,4,700,4,bt,20,16,22080,16,107179,107179,107180,,,,107223,107190,107205,16,1:15,107206,107221,16,1:15,107207,107222,16,1:15,,,0,,,,0,,,,0,,,,0,,1,10,15,17,1,,,,
asymmetric,4,701,4,bt,21,0,22208,16,107226,107226,107227,,,,107270,107237,107252,16,1:15,107253,107268,16,1:15,107254,107269,16,1:15,,,0,,,,0,,,,0,,,,0,,1,10,15,17,1,,,,
asymmetric,4,702,4,bt,21,16,22336,16,107273,107273,107274,,,,107317,107284,107299,16,1:15,107300,107315,16,1:15,107301,107316,16,1:15,,,0,,,,0,,,,0,,,,0,,1,10,15,17,1,,,,
asymmetric,4,703,4,bt,22,0,22464,16,107320,107320,107321,,,,107364,107331,107346,16,1:15,107347,107362,16,1:15,107348,107363,16,1:15,,,0,,,,0,,,,0,,,,0,,1,10,15,17,1,,,,
asymmetric,4,704,4,bt,22,16,22592,16,107367,107367,107368,,,,107411,107378,107393,16,1:15,107394,107409,16,1:15,107395,107410,16,1:15,,,0,,,,0,,,,0,,,,0,,1,10,15,17,1,,,,
asymmetric,4,705,4,bt,23,0,22720,16,107414,107414,107415,,,,107458,107425,107440,16,1:15,107441,107456,16,1:15,107442,107457,16,1:15,,,0,,,,0,,,,0,,,,0,,1,10,15,17,1,,,,
asymmetric,4,706,4,bt,23,16,22848,16,107461,107461,107462,,,,107505,107472,107487,16,1:15,107488,107503,16,1:15,107489,107504,16,1:15,,,0,,,,0,,,,0,,,,0,,1,10,15,17,1,,,,
asymmetric,4,707,4,bt,24,0,22976,16,107508,107508,107509,,,,107552,107519,107534,16,1:15,107535,107550,16,1:15,107536,107551,16,1:15,,,0,,,,0,,,,0,,,,0,,1,10,15,17,1,,,,
asymmetric,4,708,4,bt,24,16,23104,16,107555,107555,107556,,,,107599,107566,107581,16,1:15,107582,107597,16,1:15,107583,107598,16,1:15,,,0,,,,0,,,,0,,,,0,,1,10,15,17,1,,,,
asymmetric,4,709,4,bt,25,0,23232,16,107602,107602,107603,,,,107646,107613,107628,16,1:15,107629,107644,16,1:15,107630,107645,16,1:15,,,0,,,,0,,,,0,,,,0,,1,10,15,17,1,,,,
asymmetric,4,710,4,bt,25,16,23360,16,107649,107649,107650,,,,107693,107660,107675,16,1:15,107676,107691,16,1:15,107677,107692,16,1:15,,,0,,,,0,,,,0,,,,0,,1,10,15,17,1,,,,
asymmetric,4,711,4,bt,26,0,23488,16,107696,107696,107697,,,,107740,107707,107722,16,1:15,107723,107738,16,1:15,107724,107739,16,1:15,,,0,,,,0,,,,0,,,,0,,1,10,15,17,1,,,,
asymmetric,4,712,4,bt,26,16,23616,16,107743,107743,107744,,,,107787,107754,107769,16,1:15,107770,107785,16,1:15,107771,107786,16,1:15,,,0,,,,0,,,,0,,,,0,,1,10,15,17,1,,,,
asymmetric,4,713,4,bt,27,0,23744,16,107790,107790,107791,,,,107834,107801,107816,16,1:15,107817,107832,16,1:15,107818,107833,16,1:15,,,0,,,,0,,,,0,,,,0,,1,10,15,17,1,,,,
asymmetric,4,714,4,bt,27,16,23872,16,107837,107837,107838,,,,107881,107848,107863,16,1:15,107864,107879,16,1:15,107865,107880,16,1:15,,,0,,,,0,,,,0,,,,0,,1,10,15,17,1,,,,
asymmetric,4,715,4,bt,28,0,24000,16,107884,107884,107885,,,,107928,107895,107910,16,1:15,107911,107926,16,1:15,107912,107927,16,1:15,,,0,,,,0,,,,0,,,,0,,1,10,15,17,1,,,,
asymmetric,4,716,4,bt,28,16,24128,16,107931,107931,107932,,,,107975,107942,107957,16,1:15,107958,107973,16,1:15,107959,107974,16,1:15,,,0,,,,0,,,,0,,,,0,,1,10,15,17,1,,,,
asymmetric,4,717,4,bt,29,0,24256,16,107978,107978,107979,,,,108022,107989,108004,16,1:15,108005,108020,16,1:15,108006,108021,16,1:15,,,0,,,,0,,,,0,,,,0,,1,10,15,17,1,,,,
asymmetric,4,718,4,bt,29,16,24384,16,108025,108025,108026,,,,108069,108036,108051,16,1:15,108052,108067,16,1:15,108053,108068,16,1:15,,,0,,,,0,,,,0,,,,0,,1,10,15,17,1,,,,
asymmetric,4,719,4,bt,30,0,24512,8,108072,108072,108073,,,,108100,108083,108090,8,1:7,108091,108098,8,1:7,108092,108099,8,1:7,,,0,,,,0,,,,0,,,,0,,1,10,7,9,1,,,,
asymmetric,4,720,4,bt,30,8,24576,16,108103,108103,108104,,,,108147,108114,108129,16,1:15,108130,108145,16,1:15,108131,108146,16,1:15,,,0,,,,0,,,,0,,,,0,,1,10,15,17,1,,,,
asymmetric,4,721,4,bt,30,24,24704,8,108150,108150,108151,,,,108178,108161,108168,8,1:7,108169,108176,8,1:7,108170,108177,8,1:7,,,0,,,,0,,,,0,,,,0,,1,10,7,9,1,,,,
asymmetric,4,722,4,bt,31,0,24768,16,108181,108181,108182,,,,108225,108192,108207,16,1:15,108208,108223,16,1:15,108209,108224,16,1:15,,,0,,,,0,,,,0,,,,0,,1,10,15,17,1,,,,
asymmetric,4,723,4,bt,31,16,24896,16,108228,108228,108229,,,,108272,108239,108254,16,1:15,108255,108270,16,1:15,108256,108271,16,1:15,,,0,,,,0,,,,0,,,,0,,1,10,15,17,1,,,,
asymmetric,4,724,4,c,0,0,49472,16,110442,110442,,110507,110506,110530,110531,,,0,,,,0,,,,0,,110443,110503,16,4:15,110445,110505,16,4:15,110446,110506,16,4:15,110507,110522,16,1:15,,,,,,64,16,8,1
asymmetric,4,725,5,a,0,0,16448,16,110540,110540,110541,,,,110584,110551,110566,16,1:15,110567,110582,16,1:15,110568,110583,16,1:15,,,0,,,,0,,,,0,,,,0,,1,10,15,17,1,,,,
asymmetric,4,726,5,a,0,16,16576,16,110587,110587,110588,,,,110631,110598,110613,16,1:15,110614,110629,16,1:15,110615,110630,16,1:15,,,0,,,,0,,,,0,,,,0,,1,10,15,17,1,,,,
asymmetric,4,727,5,bt,0,0,25024,16,110639,110639,110640,,,,110683,110650,110665,16,1:15,110666,110681,16,1:15,110667,110682,16,1:15,,,0,,,,0,,,,0,,,,0,,1,10,15,17,1,,,,
asymmetric,4,728,5,bt,0,16,25152,16,110686,110686,110687,,,,110730,110697,110712,16,1:15,110713,110728,16,1:15,110714,110729,16,1:15,,,0,,,,0,,,,0,,,,0,,1,10,15,17,1,,,,
asymmetric,4,729,5,bt,1,0,25280,16,110733,110733,110734,,,,110777,110744,110759,16,1:15,110760,110775,16,1:15,110761,110776,16,1:15,,,0,,,,0,,,,0,,,,0,,1,10,15,17,1,,,,
asymmetric,4,730,5,bt,1,16,25408,16,110780,110780,110781,,,,110824,110791,110806,16,1:15,110807,110822,16,1:15,110808,110823,16,1:15,,,0,,,,0,,,,0,,,,0,,1,10,15,17,1,,,,
asymmetric,4,731,5,bt,2,0,25536,16,110827,110827,110828,,,,110871,110838,110853,16,1:15,110854,110869,16,1:15,110855,110870,16,1:15,,,0,,,,0,,,,0,,,,0,,1,10,15,17,1,,,,
asymmetric,4,732,5,bt,2,16,25664,16,110874,110874,110875,,,,110918,110885,110900,16,1:15,110901,110916,16,1:15,110902,110917,16,1:15,,,0,,,,0,,,,0,,,,0,,1,10,15,17,1,,,,
asymmetric,4,733,5,bt,3,0,25792,16,110921,110921,110922,,,,110965,110932,110947,16,1:15,110948,110963,16,1:15,110949,110964,16,1:15,,,0,,,,0,,,,0,,,,0,,1,10,15,17,1,,,,
asymmetric,4,734,5,bt,3,16,25920,16,110968,110968,110969,,,,111012,110979,110994,16,1:15,110995,111010,16,1:15,110996,111011,16,1:15,,,0,,,,0,,,,0,,,,0,,1,10,15,17,1,,,,
asymmetric,4,735,5,bt,4,0,26048,16,111015,111015,111016,,,,111059,111026,111041,16,1:15,111042,111057,16,1:15,111043,111058,16,1:15,,,0,,,,0,,,,0,,,,0,,1,10,15,17,1,,,,
asymmetric,4,736,5,bt,4,16,26176,16,111062,111062,111063,,,,111106,111073,111088,16,1:15,111089,111104,16,1:15,111090,111105,16,1:15,,,0,,,,0,,,,0,,,,0,,1,10,15,17,1,,,,
asymmetric,4,737,5,bt,5,0,26304,16,111109,111109,111110,,,,111153,111120,111135,16,1:15,111136,111151,16,1:15,111137,111152,16,1:15,,,0,,,,0,,,,0,,,,0,,1,10,15,17,1,,,,
asymmetric,4,738,5,bt,5,16,26432,16,111156,111156,111157,,,,111200,111167,111182,16,1:15,111183,111198,16,1:15,111184,111199,16,1:15,,,0,,,,0,,,,0,,,,0,,1,10,15,17,1,,,,
asymmetric,4,739,5,bt,6,0,26560,16,111203,111203,111204,,,,111247,111214,111229,16,1:15,111230,111245,16,1:15,111231,111246,16,1:15,,,0,,,,0,,,,0,,,,0,,1,10,15,17,1,,,,
asymmetric,4,740,5,bt,6,16,26688,16,111250,111250,111251,,,,111294,111261,111276,16,1:15,111277,111292,16,1:15,111278,111293,16,1:15,,,0,,,,0,,,,0,,,,0,,1,10,15,17,1,,,,
asymmetric,4,741,5,bt,7,0,26816,16,111297,111297,111298,,,,111341,111308,111323,16,1:15,111324,111339,16,1:15,111325,111340,16,1:15,,,0,,,,0,,,,0,,,,0,,1,10,15,17,1,,,,
asymmetric,4,742,5,bt,7,16,26944,16,111344,111344,111345,,,,111388,111355,111370,16,1:15,111371,111386,16,1:15,111372,111387,16,1:15,,,0,,,,0,,,,0,,,,0,,1,10,15,17,1,,,,
asymmetric,4,743,5,bt,8,0,27072,16,111391,111391,111392,,,,111435,111402,111417,16,1:15,111418,111433,16,1:15,111419,111434,16,1:15,,,0,,,,0,,,,0,,,,0,,1,10,15,17,1,,,,
asymmetric,4,744,5,bt,8,16,27200,16,111438,111438,111439,,,,111482,111449,111464,16,1:15,111465,111480,16,1:15,111466,111481,16,1:15,,,0,,,,0,,,,0,,,,0,,1,10,15,17,1,,,,
asymmetric,4,745,5,bt,9,0,27328,16,111485,111485,111486,,,,111529,111496,111511,16,1:15,111512,111527,16,1:15,111513,111528,16,1:15,,,0,,,,0,,,,0,,,,0,,1,10,15,17,1,,,,
asymmetric,4,746,5,bt,9,16,27456,16,111532,111532,111533,,,,111576,111543,111558,16,1:15,111559,111574,16,1:15,111560,111575,16,1:15,,,0,,,,0,,,,0,,,,0,,1,10,15,17,1,,,,
asymmetric,4,747,5,bt,10,0,27584,16,111579,111579,111580,,,,111623,111590,111605,16,1:15,111606,111621,16,1:15,111607,111622,16,1:15,,,0,,,,0,,,,0,,,,0,,1,10,15,17,1,,,,
asymmetric,4,748,5,bt,10,16,27712,16,111626,111626,111627,,,,111670,111637,111652,16,1:15,111653,111668,16,1:15,111654,111669,16,1:15,,,0,,,,0,,,,0,,,,0,,1,10,15,17,1,,,,
asymmetric,4,749,5,bt,11,0,27840,16,111673,111673,111674,,,,111717,111684,111699,16,1:15,111700,111715,16,1:15,111701,111716,16,1:15,,,0,,,,0,,,,0,,,,0,,1,10,15,17,1,,,,
asymmetric,4,750,5,bt,11,16,27968,16,111720,111720,111721,,,,111764,111731,111746,16,1:15,111747,111762,16,1:15,111748,111763,16,1:15,,,0,,,,0,,,,0,,,,0,,1,10,15,17,1,,,,
asymmetric,4,751,5,bt,12,0,28096,16,111767,111767,111768,,,,111811,111778,111793,16,1:15,111794,111809,16,1:15,111795,111810,16,1:15,,,0,,,,0,,,,0,,,,0,,1,10,15,17,1,,,,
asymmetric,4,752,5,bt,12,16,28224,16,111814,111814,111815,,,,111858,111825,111840,16,1:15,111841,111856,16,1:15,111842,111857,16,1:15,,,0,,,,0,,,,0,,,,0,,1,10,15,17,1,,,,
asymmetric,4,753,5,bt,13,0,28352,16,111861,111861,111862,,,,111905,111872,111887,16,1:15,111888,111903,16,1:15,111889,111904,16,1:15,,,0,,,,0,,,,0,,,,0,,1,10,15,17,1,,,,
asymmetric,4,754,5,bt,13,16,28480,16,111908,111908,111909,,,,111952,111919,111934,16,1:15,111935,111950,16,1:15,111936,111951,16,1:15,,,0,,,,0,,,,0,,,,0,,1,10,15,17,1,,,,
asymmetric,4,755,5,bt,14,0,28608,8,111955,111955,111956,,,,111983,111966,111973,8,1:7,111974,111981,8,1:7,111975,111982,8,1:7,,,0,,,,0,,,,0,,,,0,,1,10,7,9,1,,,,
asymmetric,4,756,5,bt,14,8,28672,16,111986,111986,111987,,,,112030,111997,112012,16,1:15,112013,112028,16,1:15,112014,112029,16,1:15,,,0,,,,0,,,,0,,,,0,,1,10,15,17,1,,,,
asymmetric,4,757,5,bt,14,24,28800,8,112033,112033,112034,,,,112061,112044,112051,8,1:7,112052,112059,8,1:7,112053,112060,8,1:7,,,0,,,,0,,,,0,,,,0,,1,10,7,9,1,,,,
asymmetric,4,758,5,bt,15,0,28864,16,112064,112064,112065,,,,112108,112075,112090,16,1:15,112091,112106,16,1:15,112092,112107,16,1:15,,,0,,,,0,,,,0,,,,0,,1,10,15,17,1,,,,
asymmetric,4,759,5,bt,15,16,28992,16,112111,112111,112112,,,,112155,112122,112137,16,1:15,112138,112153,16,1:15,112139,112154,16,1:15,,,0,,,,0,,,,0,,,,0,,1,10,15,17,1,,,,
asymmetric,4,760,5,bt,16,0,29120,16,112158,112158,112159,,,,112202,112169,112184,16,1:15,112185,112200,16,1:15,112186,112201,16,1:15,,,0,,,,0,,,,0,,,,0,,1,10,15,17,1,,,,
asymmetric,4,761,5,bt,16,16,29248,16,112205,112205,112206,,,,112249,112216,112231,16,1:15,112232,112247,16,1:15,112233,112248,16,1:15,,,0,,,,0,,,,0,,,,0,,1,10,15,17,1,,,,
asymmetric,4,762,5,bt,17,0,29376,16,112252,112252,112253,,,,112296,112263,112278,16,1:15,112279,112294,16,1:15,112280,112295,16,1:15,,,0,,,,0,,,,0,,,,0,,1,10,15,17,1,,,,
asymmetric,4,763,5,bt,17,16,29504,16,112299,112299,112300,,,,112343,112310,112325,16,1:15,112326,112341,16,1:15,112327,112342,16,1:15,,,0,,,,0,,,,0,,,,0,,1,10,15,17,1,,,,
asymmetric,4,764,5,bt,18,0,29632,16,112346,112346,112347,,,,112390,112357,112372,16,1:15,112373,112388,16,1:15,112374,112389,16,1:15,,,0,,,,0,,,,0,,,,0,,1,10,15,17,1,,,,
asymmetric,4,765,5,bt,18,16,29760,16,112393,112393,112394,,,,112437,112404,112419,16,1:15,112420,112435,16,1:15,112421,112436,16,1:15,,,0,,,,0,,,,0,,,,0,,1,10,15,17,1,,,,
asymmetric,4,766,5,bt,19,0,29888,16,112440,112440,112441,,,,112484,112451,112466,16,1:15,112467,112482,16,1:15,112468,112483,16,1:15,,,0,,,,0,,,,0,,,,0,,1,10,15,17,1,,,,
asymmetric,4,767,5,bt,19,16,30016,16,112487,112487,112488,,,,112531,112498,112513,16,1:15,112514,112529,16,1:15,112515,112530,16,1:15,,,0,,,,0,,,,0,,,,0,,1,10,15,17,1,,,,
asymmetric,4,768,5,bt,20,0,30144,16,112534,112534,112535,,,,112578,112545,112560,16,1:15,112561,112576,16,1:15,112562,112577,16,1:15,,,0,,,,0,,,,0,,,,0,,1,10,15,17,1,,,,
asymmetric,4,769,5,bt,20,16,30272,16,112581,112581,112582,,,,112625,112592,112607,16,1:15,112608,112623,16,1:15,112609,112624,16,1:15,,,0,,,,0,,,,0,,,,0,,1,10,15,17,1,,,,
asymmetric,4,770,5,bt,21,0,30400,16,112628,112628,112629,,,,112672,112639,112654,16,1:15,112655,112670,16,1:15,112656,112671,16,1:15,,,0,,,,0,,,,0,,,,0,,1,10,15,17,1,,,,
asymmetric,4,771,5,bt,21,16,30528,16,112675,112675,112676,,,,112719,112686,112701,16,1:15,112702,112717,16,1:15,112703,112718,16,1:15,,,0,,,,0,,,,0,,,,0,,1,10,15,17,1,,,,
asymmetric,4,772,5,bt,22,0,30656,16,112722,112722,112723,,,,112766,112733,112748,16,1:15,112749,112764,16,1:15,112750,112765,16,1:15,,,0,,,,0,,,,0,,,,0,,1,10,15,17,1,,,,
asymmetric,4,773,5,bt,22,16,30784,16,112769,112769,112770,,,,112813,112780,112795,16,1:15,112796,112811,16,1:15,112797,112812,16,1:15,,,0,,,,0,,,,0,,,,0,,1,10,15,17,1,,,,
asymmetric,4,774,5,bt,23,0,30912,16,112816,112816,112817,,,,112860,112827,112842,16,1:15,112843,112858,16,1:15,112844,112859,16,1:15,,,0,,,,0,,,,0,,,,0,,1,10,15,17,1,,,,
asymmetric,4,775,5,bt,23,16,31040,16,112863,112863,112864,,,,112907,112874,112889,16,1:15,112890,112905,16,1:15,112891,112906,16,1:15,,,0,,,,0,,,,0,,,,0,,1,10,15,17,1,,,,
asymmetric,4,776,5,bt,24,0,31168,16,112910,112910,112911,,,,112954,112921,112936,16,1:15,112937,112952,16,1:15,112938,112953,16,1:15,,,0,,,,0,,,,0,,,,0,,1,10,15,17,1,,,,
asymmetric,4,777,5,bt,24,16,31296,16,112957,112957,112958,,,,113001,112968,112983,16,1:15,112984,112999,16,1:15,112985,113000,16,1:15,,,0,,,,0,,,,0,,,,0,,1,10,15,17,1,,,,
asymmetric,4,778,5,bt,25,0,31424,16,113004,113004,113005,,,,113048,113015,113030,16,1:15,113031,113046,16,1:15,113032,113047,16,1:15,,,0,,,,0,,,,0,,,,0,,1,10,15,17,1,,,,
asymmetric,4,779,5,bt,25,16,31552,16,113051,113051,113052,,,,113095,113062,113077,16,1:15,113078,113093,16,1:15,113079,113094,16,1:15,,,0,,,,0,,,,0,,,,0,,1,10,15,17,1,,,,
asymmetric,4,780,5,bt,26,0,31680,16,113098,113098,113099,,,,113142,113109,113124,16,1:15,113125,113140,16,1:15,113126,113141,16,1:15,,,0,,,,0,,,,0,,,,0,,1,10,15,17,1,,,,
asymmetric,4,781,5,bt,26,16,31808,16,113145,113145,113146,,,,113189,113156,113171,16,1:15,113172,113187,16,1:15,113173,113188,16,1:15,,,0,,,,0,,,,0,,,,0,,1,10,15,17,1,,,,
asymmetric,4,782,5,bt,27,0,31936,16,113192,113192,113193,,,,113236,113203,113218,16,1:15,113219,113234,16,1:15,113220,113235,16,1:15,,,0,,,,0,,,,0,,,,0,,1,10,15,17,1,,,,
asymmetric,4,783,5,bt,27,16,32064,16,113239,113239,113240,,,,113283,113250,113265,16,1:15,113266,113281,16,1:15,113267,113282,16,1:15,,,0,,,,0,,,,0,,,,0,,1,10,15,17,1,,,,
asymmetric,4,784,5,bt,28,0,32192,16,113286,113286,113287,,,,113330,113297,113312,16,1:15,113313,113328,16,1:15,113314,113329,16,1:15,,,0,,,,0,,,,0,,,,0,,1,10,15,17,1,,,,
asymmetric,4,785,5,bt,28,16,32320,16,113333,113333,113334,,,,113377,113344,113359,16,1:15,113360,113375,16,1:15,113361,113376,16,1:15,,,0,,,,0,,,,0,,,,0,,1,10,15,17,1,,,,
asymmetric,4,786,5,bt,29,0,32448,16,113380,113380,113381,,,,113424,113391,113406,16,1:15,113407,113422,16,1:15,113408,113423,16,1:15,,,0,,,,0,,,,0,,,,0,,1,10,15,17,1,,,,
asymmetric,4,787,5,bt,29,16,32576,16,113427,113427,113428,,,,113471,113438,113453,16,1:15,113454,113469,16,1:15,113455,113470,16,1:15,,,0,,,,0,,,,0,,,,0,,1,10,15,17,1,,,,
asymmetric,4,788,5,bt,30,0,32704,8,113474,113474,113475,,,,113502,113485,113492,8,1:7,113493,113500,8,1:7,113494,113501,8,1:7,,,0,,,,0,,,,0,,,,0,,1,10,7,9,1,,,,
asymmetric,4,789,5,bt,30,8,32768,16,113505,113505,113506,,,,113549,113516,113531,16,1:15,113532,113547,16,1:15,113533,113548,16,1:15,,,0,,,,0,,,,0,,,,0,,1,10,15,17,1,,,,
asymmetric,4,790,5,bt,30,24,32896,8,113552,113552,113553,,,,113580,113563,113570,8,1:7,113571,113578,8,1:7,113572,113579,8,1:7,,,0,,,,0,,,,0,,,,0,,1,10,7,9,1,,,,
asymmetric,4,791,5,c,0,0,49600,16,115750,115750,,115815,115814,115838,115839,,,0,,,,0,,,,0,,115751,115811,16,4:15,115753,115813,16,4:15,115754,115814,16,4:15,115815,115830,16,1:15,,,,,,64,16,8,1
