
 /----------------------------------------------------------------------------\
 |  yosys -- Yosys Open SYnthesis Suite                                       |
 |  Copyright (C) 2012 - 2026  Claire Xenia Wolf <claire@yosyshq.com>         |
 |  Distributed under an ISC-like license, type "license" to see terms        |
 \----------------------------------------------------------------------------/
 Yosys 0.69 (git sha1 9f75ca1f9, Release, Clang /workspace/YoWASP/yosys/wasi-sdk-33.0-x86_64-linux/share/cmake/../..//bin/clang++ 22.1.0)

-- Executing script file `/work/read4_write_done.ys' --

1. Executing Verilog-2005 frontend: /work/inputs/rtl/memory/gemm_dma_rows.sv
Parsing formal SystemVerilog input from `/work/inputs/rtl/memory/gemm_dma_rows.sv' to AST representation.
Generating RTLIL representation for module `\gemm_dma_rows'.
Successfully finished Verilog frontend.

2. Executing Verilog-2005 frontend: /work/inputs/formal/dma_rows.sv
Parsing formal SystemVerilog input from `/work/inputs/formal/dma_rows.sv' to AST representation.
Generating RTLIL representation for module `\dma_rows_formal'.
Successfully finished Verilog frontend.
Parameter \READ_SLOTS = 4

3. Executing AST frontend in derive mode using pre-parsed AST for module `\dma_rows_formal'.
Parameter \READ_SLOTS = 4
Generating RTLIL representation for module `$paramod\dma_rows_formal\READ_SLOTS=s32'00000000000000000000000000000100'.

4. Executing PREP pass.

4.1. Executing HIERARCHY pass (managing design hierarchy).

4.1.1. Analyzing design hierarchy..
Top module:  \dma_rows_formal
Used module:     \gemm_dma_rows
Parameter \READ_SLOTS = 4

4.1.2. Executing AST frontend in derive mode using pre-parsed AST for module `\gemm_dma_rows'.
Parameter \READ_SLOTS = 4
Generating RTLIL representation for module `$paramod\gemm_dma_rows\READ_SLOTS=s32'00000000000000000000000000000100'.

4.1.3. Analyzing design hierarchy..
Top module:  \dma_rows_formal
Used module:     $paramod\gemm_dma_rows\READ_SLOTS=s32'00000000000000000000000000000100

4.1.4. Analyzing design hierarchy..
Top module:  \dma_rows_formal
Used module:     $paramod\gemm_dma_rows\READ_SLOTS=s32'00000000000000000000000000000100
Removing unused module `\gemm_dma_rows'.
Removed 1 unused modules.
Module dma_rows_formal directly or indirectly contains formal properties -> setting "keep" attribute.

4.2. Executing PROC pass (convert processes to netlists).

4.2.1. Executing PROC_CLEAN pass (remove empty switches from decision trees).
Cleaned up 0 empty switches.

4.2.2. Executing PROC_RMDEAD pass (remove dead branches from decision trees).
Marked 1 switch rules as full_case in process $proc$/work/inputs/formal/dma_rows.sv:44$411 in module dma_rows_formal.
Marked 3 switch rules as full_case in process $proc$/work/inputs/formal/dma_rows.sv:63$412 in module dma_rows_formal.
Removed 1 dead cases from process $proc$/work/inputs/rtl/memory/gemm_dma_rows.sv:99$573 in module $paramod\gemm_dma_rows\READ_SLOTS=s32'00000000000000000000000000000100.
Marked 14 switch rules as full_case in process $proc$/work/inputs/rtl/memory/gemm_dma_rows.sv:99$573 in module $paramod\gemm_dma_rows\READ_SLOTS=s32'00000000000000000000000000000100.
Removed a total of 1 dead cases.

4.2.3. Executing PROC_PRUNE pass (remove redundant assignments in processes).
Removed 2 redundant assignments.
Promoted 51 assignments to connections.

4.2.4. Executing PROC_INIT pass (extract init attributes).
Found init rule in `\dma_rows_formal.$proc$/work/inputs/formal/dma_rows.sv:57$503'.
  Set init value: \pending = 4'0000
  Set init value: \cover_read_done = 1'0
  Set init value: \cover_write_done = 1'0
  Set init value: \cover_credit_four = 1'0
  Set init value: \cover_simultaneous = 1'0
  Set init value: \cover_cancelled_drain = 1'0
  Set init value: \past_valid = 1'0
  Set init value: \ghost_write = 1'0
  Set init value: \stalled_burst = 1'0
  Set init value: \stalled_done = 1'0
  Set init value: \saw_cancel = 1'0
  Set init value: \saw_any_cancel = 1'0
  Set init value: \issued = 4'0000

4.2.5. Executing PROC_ARST pass (detect async resets in processes).

4.2.6. Executing PROC_ROM pass (convert switches to ROMs).
Converted 0 switches.
<suppressed ~39 debug messages>

4.2.7. Executing PROC_MUX pass (convert decision trees to multiplexers).
Creating decoders for process `\dma_rows_formal.$proc$/work/inputs/formal/dma_rows.sv:44$411'.
     1/4: $1\expected_beats[4:0]
     2/4: $1\expected_addr[31:0]
     3/4: $1\expected_word[4:0]
     4/4: $1\expected_row[4:0]
Creating decoders for process `\dma_rows_formal.$proc$/work/inputs/formal/dma_rows.sv:63$412'.
     1/31: $0\pending[3:0]
     2/31: $0\past_valid[0:0]
     3/31: $assert$/work/inputs/formal/dma_rows.sv:96$457_EN
     4/31: $assert$/work/inputs/formal/dma_rows.sv:95$455_EN
     5/31: $assert$/work/inputs/formal/dma_rows.sv:94$450_EN
     6/31: $assert$/work/inputs/formal/dma_rows.sv:93$447_EN
     7/31: $assert$/work/inputs/formal/dma_rows.sv:92$444_EN
     8/31: $assert$/work/inputs/formal/dma_rows.sv:91$442_EN
     9/31: $assert$/work/inputs/formal/dma_rows.sv:90$440_EN
    10/31: $assert$/work/inputs/formal/dma_rows.sv:89$438_EN
    11/31: $assert$/work/inputs/formal/dma_rows.sv:88$436_EN
    12/31: $assert$/work/inputs/formal/dma_rows.sv:87$434_EN
    13/31: $assert$/work/inputs/formal/dma_rows.sv:86$432_EN
    14/31: $assert$/work/inputs/formal/dma_rows.sv:84$430_EN
    15/31: $assert$/work/inputs/formal/dma_rows.sv:83$428_EN
    16/31: $assert$/work/inputs/formal/dma_rows.sv:82$425_EN
    17/31: $assert$/work/inputs/formal/dma_rows.sv:79$423_EN
    18/31: $assert$/work/inputs/formal/dma_rows.sv:78$422_EN
    19/31: $assert$/work/inputs/formal/dma_rows.sv:75$420_EN
    20/31: $assert$/work/inputs/formal/dma_rows.sv:74$419_EN
    21/31: $0\issued[3:0]
    22/31: $0\saw_any_cancel[0:0]
    23/31: $0\saw_cancel[0:0]
    24/31: $0\stalled_done[0:0]
    25/31: $0\stalled_burst[0:0]
    26/31: $0\ghost_write[0:0]
    27/31: $0\cover_cancelled_drain[0:0]
    28/31: $0\cover_simultaneous[0:0]
    29/31: $0\cover_credit_four[0:0]
    30/31: $0\cover_write_done[0:0]
    31/31: $0\cover_read_done[0:0]
Creating decoders for process `\dma_rows_formal.$proc$/work/inputs/formal/dma_rows.sv:57$503'.
Creating decoders for process `$paramod\gemm_dma_rows\READ_SLOTS=s32'00000000000000000000000000000100.$proc$/work/inputs/rtl/memory/gemm_dma_rows.sv:99$573'.
     1/164: $6\choose_beats$func$/work/inputs/rtl/memory/gemm_dma_rows.sv:180$508.count[5:0]$791
     2/164: $6\choose_beats$func$/work/inputs/rtl/memory/gemm_dma_rows.sv:175$507.count[5:0]$784
     3/164: $5\choose_beats$func$/work/inputs/rtl/memory/gemm_dma_rows.sv:175$507.$result[4:0]$768
     4/164: $5\choose_beats$func$/work/inputs/rtl/memory/gemm_dma_rows.sv:175$507.count[5:0]$773
     5/164: $5\choose_beats$func$/work/inputs/rtl/memory/gemm_dma_rows.sv:175$507.words_to_boundary[9:0]$772
     6/164: $5\choose_beats$func$/work/inputs/rtl/memory/gemm_dma_rows.sv:175$507.bytes_to_boundary[12:0]$771
     7/164: $5\choose_beats$func$/work/inputs/rtl/memory/gemm_dma_rows.sv:175$507.remaining[5:0]$770
     8/164: $5\choose_beats$func$/work/inputs/rtl/memory/gemm_dma_rows.sv:175$507.address[31:0]$769
     9/164: $5\choose_beats$func$/work/inputs/rtl/memory/gemm_dma_rows.sv:180$508.count[5:0]$779
    10/164: $5\choose_beats$func$/work/inputs/rtl/memory/gemm_dma_rows.sv:180$508.words_to_boundary[9:0]$778
    11/164: $5\choose_beats$func$/work/inputs/rtl/memory/gemm_dma_rows.sv:180$508.bytes_to_boundary[12:0]$777
    12/164: $5\choose_beats$func$/work/inputs/rtl/memory/gemm_dma_rows.sv:180$508.remaining[5:0]$776
    13/164: $5\choose_beats$func$/work/inputs/rtl/memory/gemm_dma_rows.sv:180$508.address[31:0]$775
    14/164: $5\choose_beats$func$/work/inputs/rtl/memory/gemm_dma_rows.sv:180$508.$result[4:0]$774
    15/164: $4\choose_beats$func$/work/inputs/rtl/memory/gemm_dma_rows.sv:180$508.count[5:0]$767
    16/164: $4\choose_beats$func$/work/inputs/rtl/memory/gemm_dma_rows.sv:180$508.words_to_boundary[9:0]$766
    17/164: $4\choose_beats$func$/work/inputs/rtl/memory/gemm_dma_rows.sv:180$508.bytes_to_boundary[12:0]$765
    18/164: $4\choose_beats$func$/work/inputs/rtl/memory/gemm_dma_rows.sv:180$508.remaining[5:0]$764
    19/164: $4\choose_beats$func$/work/inputs/rtl/memory/gemm_dma_rows.sv:180$508.address[31:0]$763
    20/164: $4\choose_beats$func$/work/inputs/rtl/memory/gemm_dma_rows.sv:180$508.$result[4:0]$762
    21/164: $4\choose_beats$func$/work/inputs/rtl/memory/gemm_dma_rows.sv:175$507.count[5:0]$761
    22/164: $4\choose_beats$func$/work/inputs/rtl/memory/gemm_dma_rows.sv:175$507.words_to_boundary[9:0]$760
    23/164: $4\choose_beats$func$/work/inputs/rtl/memory/gemm_dma_rows.sv:175$507.bytes_to_boundary[12:0]$759
    24/164: $4\choose_beats$func$/work/inputs/rtl/memory/gemm_dma_rows.sv:175$507.remaining[5:0]$758
    25/164: $4\choose_beats$func$/work/inputs/rtl/memory/gemm_dma_rows.sv:175$507.address[31:0]$757
    26/164: $4\choose_beats$func$/work/inputs/rtl/memory/gemm_dma_rows.sv:175$507.$result[4:0]$756
    27/164: $3\choose_beats$func$/work/inputs/rtl/memory/gemm_dma_rows.sv:180$508.count[5:0]$755
    28/164: $3\choose_beats$func$/work/inputs/rtl/memory/gemm_dma_rows.sv:180$508.words_to_boundary[9:0]$754
    29/164: $3\choose_beats$func$/work/inputs/rtl/memory/gemm_dma_rows.sv:180$508.bytes_to_boundary[12:0]$753
    30/164: $3\choose_beats$func$/work/inputs/rtl/memory/gemm_dma_rows.sv:180$508.remaining[5:0]$752
    31/164: $3\choose_beats$func$/work/inputs/rtl/memory/gemm_dma_rows.sv:180$508.address[31:0]$751
    32/164: $3\choose_beats$func$/work/inputs/rtl/memory/gemm_dma_rows.sv:180$508.$result[4:0]$750
    33/164: $3\choose_beats$func$/work/inputs/rtl/memory/gemm_dma_rows.sv:175$507.count[5:0]$749
    34/164: $3\choose_beats$func$/work/inputs/rtl/memory/gemm_dma_rows.sv:175$507.words_to_boundary[9:0]$748
    35/164: $3\choose_beats$func$/work/inputs/rtl/memory/gemm_dma_rows.sv:175$507.bytes_to_boundary[12:0]$747
    36/164: $3\choose_beats$func$/work/inputs/rtl/memory/gemm_dma_rows.sv:175$507.remaining[5:0]$746
    37/164: $3\choose_beats$func$/work/inputs/rtl/memory/gemm_dma_rows.sv:175$507.address[31:0]$745
    38/164: $3\choose_beats$func$/work/inputs/rtl/memory/gemm_dma_rows.sv:175$507.$result[4:0]$744
    39/164: $6\choose_beats$func$/work/inputs/rtl/memory/gemm_dma_rows.sv:162$506.count[5:0]$743
    40/164: $6\choose_beats$func$/work/inputs/rtl/memory/gemm_dma_rows.sv:157$505.count[5:0]$736
    41/164: $5\choose_beats$func$/work/inputs/rtl/memory/gemm_dma_rows.sv:157$505.$result[4:0]$720
    42/164: $5\choose_beats$func$/work/inputs/rtl/memory/gemm_dma_rows.sv:157$505.count[5:0]$725
    43/164: $5\choose_beats$func$/work/inputs/rtl/memory/gemm_dma_rows.sv:157$505.words_to_boundary[9:0]$724
    44/164: $5\choose_beats$func$/work/inputs/rtl/memory/gemm_dma_rows.sv:157$505.bytes_to_boundary[12:0]$723
    45/164: $5\choose_beats$func$/work/inputs/rtl/memory/gemm_dma_rows.sv:157$505.remaining[5:0]$722
    46/164: $5\choose_beats$func$/work/inputs/rtl/memory/gemm_dma_rows.sv:157$505.address[31:0]$721
    47/164: $5\choose_beats$func$/work/inputs/rtl/memory/gemm_dma_rows.sv:162$506.count[5:0]$731
    48/164: $5\choose_beats$func$/work/inputs/rtl/memory/gemm_dma_rows.sv:162$506.words_to_boundary[9:0]$730
    49/164: $5\choose_beats$func$/work/inputs/rtl/memory/gemm_dma_rows.sv:162$506.bytes_to_boundary[12:0]$729
    50/164: $5\choose_beats$func$/work/inputs/rtl/memory/gemm_dma_rows.sv:162$506.remaining[5:0]$728
    51/164: $5\choose_beats$func$/work/inputs/rtl/memory/gemm_dma_rows.sv:162$506.address[31:0]$727
    52/164: $5\choose_beats$func$/work/inputs/rtl/memory/gemm_dma_rows.sv:162$506.$result[4:0]$726
    53/164: $4\choose_beats$func$/work/inputs/rtl/memory/gemm_dma_rows.sv:162$506.count[5:0]$719
    54/164: $4\choose_beats$func$/work/inputs/rtl/memory/gemm_dma_rows.sv:162$506.words_to_boundary[9:0]$718
    55/164: $4\choose_beats$func$/work/inputs/rtl/memory/gemm_dma_rows.sv:162$506.bytes_to_boundary[12:0]$717
    56/164: $4\choose_beats$func$/work/inputs/rtl/memory/gemm_dma_rows.sv:162$506.remaining[5:0]$716
    57/164: $4\choose_beats$func$/work/inputs/rtl/memory/gemm_dma_rows.sv:162$506.address[31:0]$715
    58/164: $4\choose_beats$func$/work/inputs/rtl/memory/gemm_dma_rows.sv:162$506.$result[4:0]$714
    59/164: $4\choose_beats$func$/work/inputs/rtl/memory/gemm_dma_rows.sv:157$505.count[5:0]$713
    60/164: $4\choose_beats$func$/work/inputs/rtl/memory/gemm_dma_rows.sv:157$505.words_to_boundary[9:0]$712
    61/164: $4\choose_beats$func$/work/inputs/rtl/memory/gemm_dma_rows.sv:157$505.bytes_to_boundary[12:0]$711
    62/164: $4\choose_beats$func$/work/inputs/rtl/memory/gemm_dma_rows.sv:157$505.remaining[5:0]$710
    63/164: $4\choose_beats$func$/work/inputs/rtl/memory/gemm_dma_rows.sv:157$505.address[31:0]$709
    64/164: $4\choose_beats$func$/work/inputs/rtl/memory/gemm_dma_rows.sv:157$505.$result[4:0]$708
    65/164: $3\choose_beats$func$/work/inputs/rtl/memory/gemm_dma_rows.sv:162$506.count[5:0]$705
    66/164: $3\choose_beats$func$/work/inputs/rtl/memory/gemm_dma_rows.sv:162$506.words_to_boundary[9:0]$704
    67/164: $3\choose_beats$func$/work/inputs/rtl/memory/gemm_dma_rows.sv:162$506.bytes_to_boundary[12:0]$703
    68/164: $3\choose_beats$func$/work/inputs/rtl/memory/gemm_dma_rows.sv:162$506.remaining[5:0]$702
    69/164: $3\choose_beats$func$/work/inputs/rtl/memory/gemm_dma_rows.sv:162$506.address[31:0]$701
    70/164: $3\choose_beats$func$/work/inputs/rtl/memory/gemm_dma_rows.sv:162$506.$result[4:0]$700
    71/164: $3\choose_beats$func$/work/inputs/rtl/memory/gemm_dma_rows.sv:157$505.count[5:0]$699
    72/164: $3\choose_beats$func$/work/inputs/rtl/memory/gemm_dma_rows.sv:157$505.words_to_boundary[9:0]$698
    73/164: $3\choose_beats$func$/work/inputs/rtl/memory/gemm_dma_rows.sv:157$505.bytes_to_boundary[12:0]$697
    74/164: $3\choose_beats$func$/work/inputs/rtl/memory/gemm_dma_rows.sv:157$505.remaining[5:0]$696
    75/164: $3\choose_beats$func$/work/inputs/rtl/memory/gemm_dma_rows.sv:157$505.address[31:0]$695
    76/164: $3\choose_beats$func$/work/inputs/rtl/memory/gemm_dma_rows.sv:157$505.$result[4:0]$694
    77/164: $4\choose_beats$func$/work/inputs/rtl/memory/gemm_dma_rows.sv:144$504.count[5:0]$692
    78/164: $3\choose_beats$func$/work/inputs/rtl/memory/gemm_dma_rows.sv:144$504.count[5:0]$687
    79/164: $3\choose_beats$func$/work/inputs/rtl/memory/gemm_dma_rows.sv:144$504.words_to_boundary[9:0]$686
    80/164: $3\choose_beats$func$/work/inputs/rtl/memory/gemm_dma_rows.sv:144$504.bytes_to_boundary[12:0]$685
    81/164: $3\choose_beats$func$/work/inputs/rtl/memory/gemm_dma_rows.sv:144$504.remaining[5:0]$684
    82/164: $3\choose_beats$func$/work/inputs/rtl/memory/gemm_dma_rows.sv:144$504.address[31:0]$683
    83/164: $3\choose_beats$func$/work/inputs/rtl/memory/gemm_dma_rows.sv:144$504.$result[4:0]$682
    84/164: $2\choose_beats$func$/work/inputs/rtl/memory/gemm_dma_rows.sv:180$508.count[5:0]$675
    85/164: $2\choose_beats$func$/work/inputs/rtl/memory/gemm_dma_rows.sv:180$508.words_to_boundary[9:0]$674
    86/164: $2\choose_beats$func$/work/inputs/rtl/memory/gemm_dma_rows.sv:180$508.bytes_to_boundary[12:0]$673
    87/164: $2\choose_beats$func$/work/inputs/rtl/memory/gemm_dma_rows.sv:180$508.remaining[5:0]$672
    88/164: $2\choose_beats$func$/work/inputs/rtl/memory/gemm_dma_rows.sv:180$508.address[31:0]$671
    89/164: $2\choose_beats$func$/work/inputs/rtl/memory/gemm_dma_rows.sv:180$508.$result[4:0]$670
    90/164: $2\choose_beats$func$/work/inputs/rtl/memory/gemm_dma_rows.sv:175$507.count[5:0]$669
    91/164: $2\choose_beats$func$/work/inputs/rtl/memory/gemm_dma_rows.sv:175$507.words_to_boundary[9:0]$668
    92/164: $2\choose_beats$func$/work/inputs/rtl/memory/gemm_dma_rows.sv:175$507.bytes_to_boundary[12:0]$667
    93/164: $2\choose_beats$func$/work/inputs/rtl/memory/gemm_dma_rows.sv:175$507.remaining[5:0]$666
    94/164: $2\choose_beats$func$/work/inputs/rtl/memory/gemm_dma_rows.sv:175$507.address[31:0]$665
    95/164: $2\choose_beats$func$/work/inputs/rtl/memory/gemm_dma_rows.sv:175$507.$result[4:0]$664
    96/164: $2\choose_beats$func$/work/inputs/rtl/memory/gemm_dma_rows.sv:162$506.count[5:0]$663
    97/164: $2\choose_beats$func$/work/inputs/rtl/memory/gemm_dma_rows.sv:162$506.words_to_boundary[9:0]$662
    98/164: $2\choose_beats$func$/work/inputs/rtl/memory/gemm_dma_rows.sv:162$506.bytes_to_boundary[12:0]$661
    99/164: $2\choose_beats$func$/work/inputs/rtl/memory/gemm_dma_rows.sv:162$506.remaining[5:0]$660
   100/164: $2\choose_beats$func$/work/inputs/rtl/memory/gemm_dma_rows.sv:162$506.address[31:0]$659
   101/164: $2\choose_beats$func$/work/inputs/rtl/memory/gemm_dma_rows.sv:162$506.$result[4:0]$658
   102/164: $2\choose_beats$func$/work/inputs/rtl/memory/gemm_dma_rows.sv:157$505.count[5:0]$657
   103/164: $2\choose_beats$func$/work/inputs/rtl/memory/gemm_dma_rows.sv:157$505.words_to_boundary[9:0]$656
   104/164: $2\choose_beats$func$/work/inputs/rtl/memory/gemm_dma_rows.sv:157$505.bytes_to_boundary[12:0]$655
   105/164: $2\choose_beats$func$/work/inputs/rtl/memory/gemm_dma_rows.sv:157$505.remaining[5:0]$654
   106/164: $2\choose_beats$func$/work/inputs/rtl/memory/gemm_dma_rows.sv:157$505.address[31:0]$653
   107/164: $2\choose_beats$func$/work/inputs/rtl/memory/gemm_dma_rows.sv:157$505.$result[4:0]$652
   108/164: $2\choose_beats$func$/work/inputs/rtl/memory/gemm_dma_rows.sv:144$504.count[5:0]$651
   109/164: $2\choose_beats$func$/work/inputs/rtl/memory/gemm_dma_rows.sv:144$504.words_to_boundary[9:0]$650
   110/164: $2\choose_beats$func$/work/inputs/rtl/memory/gemm_dma_rows.sv:144$504.bytes_to_boundary[12:0]$649
   111/164: $2\choose_beats$func$/work/inputs/rtl/memory/gemm_dma_rows.sv:144$504.remaining[5:0]$648
   112/164: $2\choose_beats$func$/work/inputs/rtl/memory/gemm_dma_rows.sv:144$504.address[31:0]$647
   113/164: $2\choose_beats$func$/work/inputs/rtl/memory/gemm_dma_rows.sv:144$504.$result[4:0]$646
   114/164: $1\choose_beats$func$/work/inputs/rtl/memory/gemm_dma_rows.sv:180$508.count[5:0]$633
   115/164: $1\choose_beats$func$/work/inputs/rtl/memory/gemm_dma_rows.sv:180$508.words_to_boundary[9:0]$632
   116/164: $1\choose_beats$func$/work/inputs/rtl/memory/gemm_dma_rows.sv:180$508.bytes_to_boundary[12:0]$631
   117/164: $1\choose_beats$func$/work/inputs/rtl/memory/gemm_dma_rows.sv:180$508.remaining[5:0]$630
   118/164: $1\choose_beats$func$/work/inputs/rtl/memory/gemm_dma_rows.sv:180$508.address[31:0]$629
   119/164: $1\choose_beats$func$/work/inputs/rtl/memory/gemm_dma_rows.sv:180$508.$result[4:0]$628
   120/164: $1\choose_beats$func$/work/inputs/rtl/memory/gemm_dma_rows.sv:175$507.count[5:0]$627
   121/164: $1\choose_beats$func$/work/inputs/rtl/memory/gemm_dma_rows.sv:175$507.words_to_boundary[9:0]$626
   122/164: $1\choose_beats$func$/work/inputs/rtl/memory/gemm_dma_rows.sv:175$507.bytes_to_boundary[12:0]$625
   123/164: $1\choose_beats$func$/work/inputs/rtl/memory/gemm_dma_rows.sv:175$507.remaining[5:0]$624
   124/164: $1\choose_beats$func$/work/inputs/rtl/memory/gemm_dma_rows.sv:175$507.address[31:0]$623
   125/164: $1\choose_beats$func$/work/inputs/rtl/memory/gemm_dma_rows.sv:175$507.$result[4:0]$622
   126/164: $1\choose_beats$func$/work/inputs/rtl/memory/gemm_dma_rows.sv:162$506.count[5:0]$621
   127/164: $1\choose_beats$func$/work/inputs/rtl/memory/gemm_dma_rows.sv:162$506.words_to_boundary[9:0]$620
   128/164: $1\choose_beats$func$/work/inputs/rtl/memory/gemm_dma_rows.sv:162$506.bytes_to_boundary[12:0]$619
   129/164: $1\choose_beats$func$/work/inputs/rtl/memory/gemm_dma_rows.sv:162$506.remaining[5:0]$618
   130/164: $1\choose_beats$func$/work/inputs/rtl/memory/gemm_dma_rows.sv:162$506.address[31:0]$617
   131/164: $1\choose_beats$func$/work/inputs/rtl/memory/gemm_dma_rows.sv:162$506.$result[4:0]$616
   132/164: $1\choose_beats$func$/work/inputs/rtl/memory/gemm_dma_rows.sv:157$505.count[5:0]$615
   133/164: $1\choose_beats$func$/work/inputs/rtl/memory/gemm_dma_rows.sv:157$505.words_to_boundary[9:0]$614
   134/164: $1\choose_beats$func$/work/inputs/rtl/memory/gemm_dma_rows.sv:157$505.bytes_to_boundary[12:0]$613
   135/164: $1\choose_beats$func$/work/inputs/rtl/memory/gemm_dma_rows.sv:157$505.remaining[5:0]$612
   136/164: $1\choose_beats$func$/work/inputs/rtl/memory/gemm_dma_rows.sv:157$505.address[31:0]$611
   137/164: $1\choose_beats$func$/work/inputs/rtl/memory/gemm_dma_rows.sv:157$505.$result[4:0]$610
   138/164: $1\choose_beats$func$/work/inputs/rtl/memory/gemm_dma_rows.sv:144$504.count[5:0]$609
   139/164: $1\choose_beats$func$/work/inputs/rtl/memory/gemm_dma_rows.sv:144$504.words_to_boundary[9:0]$608
   140/164: $1\choose_beats$func$/work/inputs/rtl/memory/gemm_dma_rows.sv:144$504.bytes_to_boundary[12:0]$607
   141/164: $1\choose_beats$func$/work/inputs/rtl/memory/gemm_dma_rows.sv:144$504.remaining[5:0]$606
   142/164: $1\choose_beats$func$/work/inputs/rtl/memory/gemm_dma_rows.sv:144$504.address[31:0]$605
   143/164: $1\choose_beats$func$/work/inputs/rtl/memory/gemm_dma_rows.sv:144$504.$result[4:0]$604
   144/164: $0\cancelled[0:0]
   145/164: $0\issued_all[0:0]
   146/164: $0\outstanding[2:0]
   147/164: $0\touched_end[38:0]
   148/164: $0\first_row_end[32:0]
   149/164: $0\last_row_offset[37:0]
   150/164: $0\rounded_row_bytes[9:0]
   151/164: $0\last_row_index[5:0]
   152/164: $0\saved_row_bytes[8:0]
   153/164: $0\words_per_row[5:0]
   154/164: $0\saved_rows[5:0]
   155/164: $0\row_address[31:0]
   156/164: $0\saved_stride[31:0]
   157/164: $0\saved_base[31:0]
   158/164: $0\saved_write[0:0]
   159/164: $0\state[2:0]
   160/164: $0\done_status[15:0]
   161/164: $0\burst_word[4:0]
   162/164: $0\burst_row[4:0]
   163/164: $0\burst_beats[4:0]
   164/164: $0\burst_addr[31:0]

4.2.8. Executing PROC_DLATCH pass (convert process syncs to latches).
No latch inferred for signal `\dma_rows_formal.\expected_addr' from process `\dma_rows_formal.$proc$/work/inputs/formal/dma_rows.sv:44$411'.
No latch inferred for signal `\dma_rows_formal.\expected_beats' from process `\dma_rows_formal.$proc$/work/inputs/formal/dma_rows.sv:44$411'.
No latch inferred for signal `\dma_rows_formal.\expected_row' from process `\dma_rows_formal.$proc$/work/inputs/formal/dma_rows.sv:44$411'.
No latch inferred for signal `\dma_rows_formal.\expected_word' from process `\dma_rows_formal.$proc$/work/inputs/formal/dma_rows.sv:44$411'.

4.2.9. Executing PROC_DFF pass (convert process syncs to FFs).
Creating register for signal `\dma_rows_formal.\pending' using process `\dma_rows_formal.$proc$/work/inputs/formal/dma_rows.sv:63$412'.
  created $dff cell `$procdff$2895' with positive edge clock.
Creating register for signal `\dma_rows_formal.\cover_read_done' using process `\dma_rows_formal.$proc$/work/inputs/formal/dma_rows.sv:63$412'.
  created $dff cell `$procdff$2896' with positive edge clock.
Creating register for signal `\dma_rows_formal.\cover_write_done' using process `\dma_rows_formal.$proc$/work/inputs/formal/dma_rows.sv:63$412'.
  created $dff cell `$procdff$2897' with positive edge clock.
Creating register for signal `\dma_rows_formal.\cover_credit_four' using process `\dma_rows_formal.$proc$/work/inputs/formal/dma_rows.sv:63$412'.
  created $dff cell `$procdff$2898' with positive edge clock.
Creating register for signal `\dma_rows_formal.\cover_simultaneous' using process `\dma_rows_formal.$proc$/work/inputs/formal/dma_rows.sv:63$412'.
  created $dff cell `$procdff$2899' with positive edge clock.
Creating register for signal `\dma_rows_formal.\cover_cancelled_drain' using process `\dma_rows_formal.$proc$/work/inputs/formal/dma_rows.sv:63$412'.
  created $dff cell `$procdff$2900' with positive edge clock.
Creating register for signal `\dma_rows_formal.\past_valid' using process `\dma_rows_formal.$proc$/work/inputs/formal/dma_rows.sv:63$412'.
  created $dff cell `$procdff$2901' with positive edge clock.
Creating register for signal `\dma_rows_formal.\ghost_write' using process `\dma_rows_formal.$proc$/work/inputs/formal/dma_rows.sv:63$412'.
  created $dff cell `$procdff$2902' with positive edge clock.
Creating register for signal `\dma_rows_formal.\stalled_burst' using process `\dma_rows_formal.$proc$/work/inputs/formal/dma_rows.sv:63$412'.
  created $dff cell `$procdff$2903' with positive edge clock.
Creating register for signal `\dma_rows_formal.\stalled_done' using process `\dma_rows_formal.$proc$/work/inputs/formal/dma_rows.sv:63$412'.
  created $dff cell `$procdff$2904' with positive edge clock.
Creating register for signal `\dma_rows_formal.\saw_cancel' using process `\dma_rows_formal.$proc$/work/inputs/formal/dma_rows.sv:63$412'.
  created $dff cell `$procdff$2905' with positive edge clock.
Creating register for signal `\dma_rows_formal.\saw_any_cancel' using process `\dma_rows_formal.$proc$/work/inputs/formal/dma_rows.sv:63$412'.
  created $dff cell `$procdff$2906' with positive edge clock.
Creating register for signal `\dma_rows_formal.\issued' using process `\dma_rows_formal.$proc$/work/inputs/formal/dma_rows.sv:63$412'.
  created $dff cell `$procdff$2907' with positive edge clock.
Creating register for signal `\dma_rows_formal.$past$/work/inputs/formal/dma_rows.sv:73$399$0' using process `\dma_rows_formal.$proc$/work/inputs/formal/dma_rows.sv:63$412'.
  created $dff cell `$procdff$2908' with positive edge clock.
Creating register for signal `\dma_rows_formal.$past$/work/inputs/formal/dma_rows.sv:75$400$0' using process `\dma_rows_formal.$proc$/work/inputs/formal/dma_rows.sv:63$412'.
  created $dff cell `$procdff$2909' with positive edge clock.
Creating register for signal `\dma_rows_formal.$past$/work/inputs/formal/dma_rows.sv:77$401$0' using process `\dma_rows_formal.$proc$/work/inputs/formal/dma_rows.sv:63$412'.
  created $dff cell `$procdff$2910' with positive edge clock.
Creating register for signal `\dma_rows_formal.$past$/work/inputs/formal/dma_rows.sv:79$402$0' using process `\dma_rows_formal.$proc$/work/inputs/formal/dma_rows.sv:63$412'.
  created $dff cell `$procdff$2911' with positive edge clock.
Creating register for signal `$paramod\gemm_dma_rows\READ_SLOTS=s32'00000000000000000000000000000100.\burst_addr' using process `$paramod\gemm_dma_rows\READ_SLOTS=s32'00000000000000000000000000000100.$proc$/work/inputs/rtl/memory/gemm_dma_rows.sv:99$573'.
  created $dff cell `$procdff$2912' with positive edge clock.
Creating register for signal `$paramod\gemm_dma_rows\READ_SLOTS=s32'00000000000000000000000000000100.\burst_beats' using process `$paramod\gemm_dma_rows\READ_SLOTS=s32'00000000000000000000000000000100.$proc$/work/inputs/rtl/memory/gemm_dma_rows.sv:99$573'.
  created $dff cell `$procdff$2913' with positive edge clock.
Creating register for signal `$paramod\gemm_dma_rows\READ_SLOTS=s32'00000000000000000000000000000100.\burst_row' using process `$paramod\gemm_dma_rows\READ_SLOTS=s32'00000000000000000000000000000100.$proc$/work/inputs/rtl/memory/gemm_dma_rows.sv:99$573'.
  created $dff cell `$procdff$2914' with positive edge clock.
Creating register for signal `$paramod\gemm_dma_rows\READ_SLOTS=s32'00000000000000000000000000000100.\burst_word' using process `$paramod\gemm_dma_rows\READ_SLOTS=s32'00000000000000000000000000000100.$proc$/work/inputs/rtl/memory/gemm_dma_rows.sv:99$573'.
  created $dff cell `$procdff$2915' with positive edge clock.
Creating register for signal `$paramod\gemm_dma_rows\READ_SLOTS=s32'00000000000000000000000000000100.\done_status' using process `$paramod\gemm_dma_rows\READ_SLOTS=s32'00000000000000000000000000000100.$proc$/work/inputs/rtl/memory/gemm_dma_rows.sv:99$573'.
  created $dff cell `$procdff$2916' with positive edge clock.
Creating register for signal `$paramod\gemm_dma_rows\READ_SLOTS=s32'00000000000000000000000000000100.\state' using process `$paramod\gemm_dma_rows\READ_SLOTS=s32'00000000000000000000000000000100.$proc$/work/inputs/rtl/memory/gemm_dma_rows.sv:99$573'.
  created $dff cell `$procdff$2917' with positive edge clock.
Creating register for signal `$paramod\gemm_dma_rows\READ_SLOTS=s32'00000000000000000000000000000100.\saved_write' using process `$paramod\gemm_dma_rows\READ_SLOTS=s32'00000000000000000000000000000100.$proc$/work/inputs/rtl/memory/gemm_dma_rows.sv:99$573'.
  created $dff cell `$procdff$2918' with positive edge clock.
Creating register for signal `$paramod\gemm_dma_rows\READ_SLOTS=s32'00000000000000000000000000000100.\saved_base' using process `$paramod\gemm_dma_rows\READ_SLOTS=s32'00000000000000000000000000000100.$proc$/work/inputs/rtl/memory/gemm_dma_rows.sv:99$573'.
  created $dff cell `$procdff$2919' with positive edge clock.
Creating register for signal `$paramod\gemm_dma_rows\READ_SLOTS=s32'00000000000000000000000000000100.\saved_stride' using process `$paramod\gemm_dma_rows\READ_SLOTS=s32'00000000000000000000000000000100.$proc$/work/inputs/rtl/memory/gemm_dma_rows.sv:99$573'.
  created $dff cell `$procdff$2920' with positive edge clock.
Creating register for signal `$paramod\gemm_dma_rows\READ_SLOTS=s32'00000000000000000000000000000100.\row_address' using process `$paramod\gemm_dma_rows\READ_SLOTS=s32'00000000000000000000000000000100.$proc$/work/inputs/rtl/memory/gemm_dma_rows.sv:99$573'.
  created $dff cell `$procdff$2921' with positive edge clock.
Creating register for signal `$paramod\gemm_dma_rows\READ_SLOTS=s32'00000000000000000000000000000100.\saved_rows' using process `$paramod\gemm_dma_rows\READ_SLOTS=s32'00000000000000000000000000000100.$proc$/work/inputs/rtl/memory/gemm_dma_rows.sv:99$573'.
  created $dff cell `$procdff$2922' with positive edge clock.
Creating register for signal `$paramod\gemm_dma_rows\READ_SLOTS=s32'00000000000000000000000000000100.\words_per_row' using process `$paramod\gemm_dma_rows\READ_SLOTS=s32'00000000000000000000000000000100.$proc$/work/inputs/rtl/memory/gemm_dma_rows.sv:99$573'.
  created $dff cell `$procdff$2923' with positive edge clock.
Creating register for signal `$paramod\gemm_dma_rows\READ_SLOTS=s32'00000000000000000000000000000100.\saved_row_bytes' using process `$paramod\gemm_dma_rows\READ_SLOTS=s32'00000000000000000000000000000100.$proc$/work/inputs/rtl/memory/gemm_dma_rows.sv:99$573'.
  created $dff cell `$procdff$2924' with positive edge clock.
Creating register for signal `$paramod\gemm_dma_rows\READ_SLOTS=s32'00000000000000000000000000000100.\last_row_index' using process `$paramod\gemm_dma_rows\READ_SLOTS=s32'00000000000000000000000000000100.$proc$/work/inputs/rtl/memory/gemm_dma_rows.sv:99$573'.
  created $dff cell `$procdff$2925' with positive edge clock.
Creating register for signal `$paramod\gemm_dma_rows\READ_SLOTS=s32'00000000000000000000000000000100.\rounded_row_bytes' using process `$paramod\gemm_dma_rows\READ_SLOTS=s32'00000000000000000000000000000100.$proc$/work/inputs/rtl/memory/gemm_dma_rows.sv:99$573'.
  created $dff cell `$procdff$2926' with positive edge clock.
Creating register for signal `$paramod\gemm_dma_rows\READ_SLOTS=s32'00000000000000000000000000000100.\last_row_offset' using process `$paramod\gemm_dma_rows\READ_SLOTS=s32'00000000000000000000000000000100.$proc$/work/inputs/rtl/memory/gemm_dma_rows.sv:99$573'.
  created $dff cell `$procdff$2927' with positive edge clock.
Creating register for signal `$paramod\gemm_dma_rows\READ_SLOTS=s32'00000000000000000000000000000100.\first_row_end' using process `$paramod\gemm_dma_rows\READ_SLOTS=s32'00000000000000000000000000000100.$proc$/work/inputs/rtl/memory/gemm_dma_rows.sv:99$573'.
  created $dff cell `$procdff$2928' with positive edge clock.
Creating register for signal `$paramod\gemm_dma_rows\READ_SLOTS=s32'00000000000000000000000000000100.\touched_end' using process `$paramod\gemm_dma_rows\READ_SLOTS=s32'00000000000000000000000000000100.$proc$/work/inputs/rtl/memory/gemm_dma_rows.sv:99$573'.
  created $dff cell `$procdff$2929' with positive edge clock.
Creating register for signal `$paramod\gemm_dma_rows\READ_SLOTS=s32'00000000000000000000000000000100.\outstanding' using process `$paramod\gemm_dma_rows\READ_SLOTS=s32'00000000000000000000000000000100.$proc$/work/inputs/rtl/memory/gemm_dma_rows.sv:99$573'.
  created $dff cell `$procdff$2930' with positive edge clock.
Creating register for signal `$paramod\gemm_dma_rows\READ_SLOTS=s32'00000000000000000000000000000100.\issued_all' using process `$paramod\gemm_dma_rows\READ_SLOTS=s32'00000000000000000000000000000100.$proc$/work/inputs/rtl/memory/gemm_dma_rows.sv:99$573'.
  created $dff cell `$procdff$2931' with positive edge clock.
Creating register for signal `$paramod\gemm_dma_rows\READ_SLOTS=s32'00000000000000000000000000000100.\cancelled' using process `$paramod\gemm_dma_rows\READ_SLOTS=s32'00000000000000000000000000000100.$proc$/work/inputs/rtl/memory/gemm_dma_rows.sv:99$573'.
  created $dff cell `$procdff$2932' with positive edge clock.
Creating register for signal `$paramod\gemm_dma_rows\READ_SLOTS=s32'00000000000000000000000000000100.\choose_beats$func$/work/inputs/rtl/memory/gemm_dma_rows.sv:144$504.$result' using process `$paramod\gemm_dma_rows\READ_SLOTS=s32'00000000000000000000000000000100.$proc$/work/inputs/rtl/memory/gemm_dma_rows.sv:99$573'.
  created $dff cell `$procdff$2933' with positive edge clock.
Creating register for signal `$paramod\gemm_dma_rows\READ_SLOTS=s32'00000000000000000000000000000100.\choose_beats$func$/work/inputs/rtl/memory/gemm_dma_rows.sv:144$504.address' using process `$paramod\gemm_dma_rows\READ_SLOTS=s32'00000000000000000000000000000100.$proc$/work/inputs/rtl/memory/gemm_dma_rows.sv:99$573'.
  created $dff cell `$procdff$2934' with positive edge clock.
Creating register for signal `$paramod\gemm_dma_rows\READ_SLOTS=s32'00000000000000000000000000000100.\choose_beats$func$/work/inputs/rtl/memory/gemm_dma_rows.sv:144$504.remaining' using process `$paramod\gemm_dma_rows\READ_SLOTS=s32'00000000000000000000000000000100.$proc$/work/inputs/rtl/memory/gemm_dma_rows.sv:99$573'.
  created $dff cell `$procdff$2935' with positive edge clock.
Creating register for signal `$paramod\gemm_dma_rows\READ_SLOTS=s32'00000000000000000000000000000100.\choose_beats$func$/work/inputs/rtl/memory/gemm_dma_rows.sv:144$504.bytes_to_boundary' using process `$paramod\gemm_dma_rows\READ_SLOTS=s32'00000000000000000000000000000100.$proc$/work/inputs/rtl/memory/gemm_dma_rows.sv:99$573'.
  created $dff cell `$procdff$2936' with positive edge clock.
Creating register for signal `$paramod\gemm_dma_rows\READ_SLOTS=s32'00000000000000000000000000000100.\choose_beats$func$/work/inputs/rtl/memory/gemm_dma_rows.sv:144$504.words_to_boundary' using process `$paramod\gemm_dma_rows\READ_SLOTS=s32'00000000000000000000000000000100.$proc$/work/inputs/rtl/memory/gemm_dma_rows.sv:99$573'.
  created $dff cell `$procdff$2937' with positive edge clock.
Creating register for signal `$paramod\gemm_dma_rows\READ_SLOTS=s32'00000000000000000000000000000100.\choose_beats$func$/work/inputs/rtl/memory/gemm_dma_rows.sv:144$504.count' using process `$paramod\gemm_dma_rows\READ_SLOTS=s32'00000000000000000000000000000100.$proc$/work/inputs/rtl/memory/gemm_dma_rows.sv:99$573'.
  created $dff cell `$procdff$2938' with positive edge clock.
Creating register for signal `$paramod\gemm_dma_rows\READ_SLOTS=s32'00000000000000000000000000000100.\choose_beats$func$/work/inputs/rtl/memory/gemm_dma_rows.sv:157$505.$result' using process `$paramod\gemm_dma_rows\READ_SLOTS=s32'00000000000000000000000000000100.$proc$/work/inputs/rtl/memory/gemm_dma_rows.sv:99$573'.
  created $dff cell `$procdff$2939' with positive edge clock.
Creating register for signal `$paramod\gemm_dma_rows\READ_SLOTS=s32'00000000000000000000000000000100.\choose_beats$func$/work/inputs/rtl/memory/gemm_dma_rows.sv:157$505.address' using process `$paramod\gemm_dma_rows\READ_SLOTS=s32'00000000000000000000000000000100.$proc$/work/inputs/rtl/memory/gemm_dma_rows.sv:99$573'.
  created $dff cell `$procdff$2940' with positive edge clock.
Creating register for signal `$paramod\gemm_dma_rows\READ_SLOTS=s32'00000000000000000000000000000100.\choose_beats$func$/work/inputs/rtl/memory/gemm_dma_rows.sv:157$505.remaining' using process `$paramod\gemm_dma_rows\READ_SLOTS=s32'00000000000000000000000000000100.$proc$/work/inputs/rtl/memory/gemm_dma_rows.sv:99$573'.
  created $dff cell `$procdff$2941' with positive edge clock.
Creating register for signal `$paramod\gemm_dma_rows\READ_SLOTS=s32'00000000000000000000000000000100.\choose_beats$func$/work/inputs/rtl/memory/gemm_dma_rows.sv:157$505.bytes_to_boundary' using process `$paramod\gemm_dma_rows\READ_SLOTS=s32'00000000000000000000000000000100.$proc$/work/inputs/rtl/memory/gemm_dma_rows.sv:99$573'.
  created $dff cell `$procdff$2942' with positive edge clock.
Creating register for signal `$paramod\gemm_dma_rows\READ_SLOTS=s32'00000000000000000000000000000100.\choose_beats$func$/work/inputs/rtl/memory/gemm_dma_rows.sv:157$505.words_to_boundary' using process `$paramod\gemm_dma_rows\READ_SLOTS=s32'00000000000000000000000000000100.$proc$/work/inputs/rtl/memory/gemm_dma_rows.sv:99$573'.
  created $dff cell `$procdff$2943' with positive edge clock.
Creating register for signal `$paramod\gemm_dma_rows\READ_SLOTS=s32'00000000000000000000000000000100.\choose_beats$func$/work/inputs/rtl/memory/gemm_dma_rows.sv:157$505.count' using process `$paramod\gemm_dma_rows\READ_SLOTS=s32'00000000000000000000000000000100.$proc$/work/inputs/rtl/memory/gemm_dma_rows.sv:99$573'.
  created $dff cell `$procdff$2944' with positive edge clock.
Creating register for signal `$paramod\gemm_dma_rows\READ_SLOTS=s32'00000000000000000000000000000100.\choose_beats$func$/work/inputs/rtl/memory/gemm_dma_rows.sv:162$506.$result' using process `$paramod\gemm_dma_rows\READ_SLOTS=s32'00000000000000000000000000000100.$proc$/work/inputs/rtl/memory/gemm_dma_rows.sv:99$573'.
  created $dff cell `$procdff$2945' with positive edge clock.
Creating register for signal `$paramod\gemm_dma_rows\READ_SLOTS=s32'00000000000000000000000000000100.\choose_beats$func$/work/inputs/rtl/memory/gemm_dma_rows.sv:162$506.address' using process `$paramod\gemm_dma_rows\READ_SLOTS=s32'00000000000000000000000000000100.$proc$/work/inputs/rtl/memory/gemm_dma_rows.sv:99$573'.
  created $dff cell `$procdff$2946' with positive edge clock.
Creating register for signal `$paramod\gemm_dma_rows\READ_SLOTS=s32'00000000000000000000000000000100.\choose_beats$func$/work/inputs/rtl/memory/gemm_dma_rows.sv:162$506.remaining' using process `$paramod\gemm_dma_rows\READ_SLOTS=s32'00000000000000000000000000000100.$proc$/work/inputs/rtl/memory/gemm_dma_rows.sv:99$573'.
  created $dff cell `$procdff$2947' with positive edge clock.
Creating register for signal `$paramod\gemm_dma_rows\READ_SLOTS=s32'00000000000000000000000000000100.\choose_beats$func$/work/inputs/rtl/memory/gemm_dma_rows.sv:162$506.bytes_to_boundary' using process `$paramod\gemm_dma_rows\READ_SLOTS=s32'00000000000000000000000000000100.$proc$/work/inputs/rtl/memory/gemm_dma_rows.sv:99$573'.
  created $dff cell `$procdff$2948' with positive edge clock.
Creating register for signal `$paramod\gemm_dma_rows\READ_SLOTS=s32'00000000000000000000000000000100.\choose_beats$func$/work/inputs/rtl/memory/gemm_dma_rows.sv:162$506.words_to_boundary' using process `$paramod\gemm_dma_rows\READ_SLOTS=s32'00000000000000000000000000000100.$proc$/work/inputs/rtl/memory/gemm_dma_rows.sv:99$573'.
  created $dff cell `$procdff$2949' with positive edge clock.
Creating register for signal `$paramod\gemm_dma_rows\READ_SLOTS=s32'00000000000000000000000000000100.\choose_beats$func$/work/inputs/rtl/memory/gemm_dma_rows.sv:162$506.count' using process `$paramod\gemm_dma_rows\READ_SLOTS=s32'00000000000000000000000000000100.$proc$/work/inputs/rtl/memory/gemm_dma_rows.sv:99$573'.
  created $dff cell `$procdff$2950' with positive edge clock.
Creating register for signal `$paramod\gemm_dma_rows\READ_SLOTS=s32'00000000000000000000000000000100.\choose_beats$func$/work/inputs/rtl/memory/gemm_dma_rows.sv:175$507.$result' using process `$paramod\gemm_dma_rows\READ_SLOTS=s32'00000000000000000000000000000100.$proc$/work/inputs/rtl/memory/gemm_dma_rows.sv:99$573'.
  created $dff cell `$procdff$2951' with positive edge clock.
Creating register for signal `$paramod\gemm_dma_rows\READ_SLOTS=s32'00000000000000000000000000000100.\choose_beats$func$/work/inputs/rtl/memory/gemm_dma_rows.sv:175$507.address' using process `$paramod\gemm_dma_rows\READ_SLOTS=s32'00000000000000000000000000000100.$proc$/work/inputs/rtl/memory/gemm_dma_rows.sv:99$573'.
  created $dff cell `$procdff$2952' with positive edge clock.
Creating register for signal `$paramod\gemm_dma_rows\READ_SLOTS=s32'00000000000000000000000000000100.\choose_beats$func$/work/inputs/rtl/memory/gemm_dma_rows.sv:175$507.remaining' using process `$paramod\gemm_dma_rows\READ_SLOTS=s32'00000000000000000000000000000100.$proc$/work/inputs/rtl/memory/gemm_dma_rows.sv:99$573'.
  created $dff cell `$procdff$2953' with positive edge clock.
Creating register for signal `$paramod\gemm_dma_rows\READ_SLOTS=s32'00000000000000000000000000000100.\choose_beats$func$/work/inputs/rtl/memory/gemm_dma_rows.sv:175$507.bytes_to_boundary' using process `$paramod\gemm_dma_rows\READ_SLOTS=s32'00000000000000000000000000000100.$proc$/work/inputs/rtl/memory/gemm_dma_rows.sv:99$573'.
  created $dff cell `$procdff$2954' with positive edge clock.
Creating register for signal `$paramod\gemm_dma_rows\READ_SLOTS=s32'00000000000000000000000000000100.\choose_beats$func$/work/inputs/rtl/memory/gemm_dma_rows.sv:175$507.words_to_boundary' using process `$paramod\gemm_dma_rows\READ_SLOTS=s32'00000000000000000000000000000100.$proc$/work/inputs/rtl/memory/gemm_dma_rows.sv:99$573'.
  created $dff cell `$procdff$2955' with positive edge clock.
Creating register for signal `$paramod\gemm_dma_rows\READ_SLOTS=s32'00000000000000000000000000000100.\choose_beats$func$/work/inputs/rtl/memory/gemm_dma_rows.sv:175$507.count' using process `$paramod\gemm_dma_rows\READ_SLOTS=s32'00000000000000000000000000000100.$proc$/work/inputs/rtl/memory/gemm_dma_rows.sv:99$573'.
  created $dff cell `$procdff$2956' with positive edge clock.
Creating register for signal `$paramod\gemm_dma_rows\READ_SLOTS=s32'00000000000000000000000000000100.\choose_beats$func$/work/inputs/rtl/memory/gemm_dma_rows.sv:180$508.$result' using process `$paramod\gemm_dma_rows\READ_SLOTS=s32'00000000000000000000000000000100.$proc$/work/inputs/rtl/memory/gemm_dma_rows.sv:99$573'.
  created $dff cell `$procdff$2957' with positive edge clock.
Creating register for signal `$paramod\gemm_dma_rows\READ_SLOTS=s32'00000000000000000000000000000100.\choose_beats$func$/work/inputs/rtl/memory/gemm_dma_rows.sv:180$508.address' using process `$paramod\gemm_dma_rows\READ_SLOTS=s32'00000000000000000000000000000100.$proc$/work/inputs/rtl/memory/gemm_dma_rows.sv:99$573'.
  created $dff cell `$procdff$2958' with positive edge clock.
Creating register for signal `$paramod\gemm_dma_rows\READ_SLOTS=s32'00000000000000000000000000000100.\choose_beats$func$/work/inputs/rtl/memory/gemm_dma_rows.sv:180$508.remaining' using process `$paramod\gemm_dma_rows\READ_SLOTS=s32'00000000000000000000000000000100.$proc$/work/inputs/rtl/memory/gemm_dma_rows.sv:99$573'.
  created $dff cell `$procdff$2959' with positive edge clock.
Creating register for signal `$paramod\gemm_dma_rows\READ_SLOTS=s32'00000000000000000000000000000100.\choose_beats$func$/work/inputs/rtl/memory/gemm_dma_rows.sv:180$508.bytes_to_boundary' using process `$paramod\gemm_dma_rows\READ_SLOTS=s32'00000000000000000000000000000100.$proc$/work/inputs/rtl/memory/gemm_dma_rows.sv:99$573'.
  created $dff cell `$procdff$2960' with positive edge clock.
Creating register for signal `$paramod\gemm_dma_rows\READ_SLOTS=s32'00000000000000000000000000000100.\choose_beats$func$/work/inputs/rtl/memory/gemm_dma_rows.sv:180$508.words_to_boundary' using process `$paramod\gemm_dma_rows\READ_SLOTS=s32'00000000000000000000000000000100.$proc$/work/inputs/rtl/memory/gemm_dma_rows.sv:99$573'.
  created $dff cell `$procdff$2961' with positive edge clock.
Creating register for signal `$paramod\gemm_dma_rows\READ_SLOTS=s32'00000000000000000000000000000100.\choose_beats$func$/work/inputs/rtl/memory/gemm_dma_rows.sv:180$508.count' using process `$paramod\gemm_dma_rows\READ_SLOTS=s32'00000000000000000000000000000100.$proc$/work/inputs/rtl/memory/gemm_dma_rows.sv:99$573'.
  created $dff cell `$procdff$2962' with positive edge clock.

4.2.10. Executing PROC_MEMWR pass (convert process memory writes to cells).

4.2.11. Executing PROC_CLEAN pass (remove empty switches from decision trees).
Found and cleaned up 1 empty switch in `\dma_rows_formal.$proc$/work/inputs/formal/dma_rows.sv:44$411'.
Removing empty process `dma_rows_formal.$proc$/work/inputs/formal/dma_rows.sv:44$411'.
Found and cleaned up 18 empty switches in `\dma_rows_formal.$proc$/work/inputs/formal/dma_rows.sv:63$412'.
Removing empty process `dma_rows_formal.$proc$/work/inputs/formal/dma_rows.sv:63$412'.
Removing empty process `dma_rows_formal.$proc$/work/inputs/formal/dma_rows.sv:57$503'.
Found and cleaned up 20 empty switches in `$paramod\gemm_dma_rows\READ_SLOTS=s32'00000000000000000000000000000100.$proc$/work/inputs/rtl/memory/gemm_dma_rows.sv:99$573'.
Removing empty process `$paramod\gemm_dma_rows\READ_SLOTS=s32'00000000000000000000000000000100.$proc$/work/inputs/rtl/memory/gemm_dma_rows.sv:99$573'.
Cleaned up 39 empty switches.

4.2.12. Executing OPT_EXPR pass (perform const folding).
Optimizing module dma_rows_formal.
<suppressed ~14 debug messages>
Optimizing module $paramod\gemm_dma_rows\READ_SLOTS=s32'00000000000000000000000000000100.
<suppressed ~60 debug messages>

4.3. Executing FLATTEN pass (flatten design).
Deleting now unused module $paramod\gemm_dma_rows\READ_SLOTS=s32'00000000000000000000000000000100.
<suppressed ~1 debug messages>

4.4. Executing FUTURE pass.

4.5. Executing OPT_EXPR pass (perform const folding).
Optimizing module dma_rows_formal.
<suppressed ~2 debug messages>

4.6. Executing OPT_CLEAN pass (remove unused cells and wires).
Finding unused cells or wires in module \dma_rows_formal..
Removed 744 unused cells and 1490 unused wires.
<suppressed ~770 debug messages>

4.7. Executing CHECK pass (checking for obvious problems).
Checking module dma_rows_formal...
Found and reported 0 problems.

4.8. Executing OPT pass (performing simple optimizations).

4.8.1. Executing OPT_EXPR pass (perform const folding).
Optimizing module dma_rows_formal.

4.8.2. Executing OPT_MERGE pass (detect identical cells).
Finding identical cells in module `\dma_rows_formal'.
Computing hashes of 509 cells of `\dma_rows_formal'.
Finding duplicate cells in `\dma_rows_formal'.
Computing hashes of 431 cells of `\dma_rows_formal'.
Finding duplicate cells in `\dma_rows_formal'.
Computing hashes of 426 cells of `\dma_rows_formal'.
Finding duplicate cells in `\dma_rows_formal'.
<suppressed ~249 debug messages>
Removed a total of 83 cells.

4.8.3. Executing OPT_MUXTREE pass (detect dead branches in mux trees).
Running muxtree optimizer on module \dma_rows_formal..
  Creating internal representation of mux trees.
  Evaluating internal representation of mux trees.
  Analyzing evaluation results.
    dead port 2/2 on $mux $flatten\dut.$procmux$1988.
    dead port 1/2 on $mux $flatten\dut.$procmux$1991.
    dead port 1/2 on $mux $flatten\dut.$procmux$1986.
    dead port 1/2 on $mux $flatten\dut.$procmux$1508.
    dead port 2/2 on $mux $flatten\dut.$procmux$1505.
    dead port 2/2 on $mux $flatten\dut.$procmux$1503.
    dead port 1/2 on $mux $flatten\dut.$procmux$1038.
    dead port 2/2 on $mux $flatten\dut.$procmux$1035.
    dead port 2/2 on $mux $flatten\dut.$procmux$1033.
    dead port 1/2 on $mux $flatten\dut.$procmux$1031.
    dead port 2/2 on $mux $flatten\dut.$procmux$1028.
    dead port 1/2 on $mux $flatten\dut.$procmux$1020.
    dead port 2/2 on $mux $flatten\dut.$procmux$1017.
    dead port 1/2 on $mux $flatten\dut.$procmux$1489.
    dead port 2/2 on $mux $flatten\dut.$procmux$1015.
    dead port 1/2 on $mux $flatten\dut.$procmux$1013.
    dead port 1/2 on $mux $flatten\dut.$procmux$1010.
    dead port 2/2 on $mux $flatten\dut.$procmux$1486.
    dead port 2/2 on $mux $flatten\dut.$procmux$1484.
    dead port 2/2 on $mux $flatten\dut.$procmux$1498.
    dead port 1/2 on $mux $flatten\dut.$procmux$1482.
    dead port 1/2 on $mux $flatten\dut.$procmux$1479.
    dead port 1/2 on $mux $flatten\dut.$procmux$1501.
Removed 23 multiplexer ports.
<suppressed ~308 debug messages>

4.8.4. Executing OPT_REDUCE pass (consolidate $*mux and $reduce_* inputs).
  Optimizing cells in module \dma_rows_formal.
    New ctrl vector for $pmux cell $procmux$798: { $auto$opt_reduce.cc:137:opt_pmux$2965 $procmux$816_CMP $procmux$810_CMP }
  Optimizing cells in module \dma_rows_formal.
Performed a total of 1 changes.

4.8.5. Executing OPT_MERGE pass (detect identical cells).
Finding identical cells in module `\dma_rows_formal'.
Computing hashes of 404 cells of `\dma_rows_formal'.
Finding duplicate cells in `\dma_rows_formal'.
Computing hashes of 385 cells of `\dma_rows_formal'.
Finding duplicate cells in `\dma_rows_formal'.
Computing hashes of 371 cells of `\dma_rows_formal'.
Finding duplicate cells in `\dma_rows_formal'.
Computing hashes of 367 cells of `\dma_rows_formal'.
Finding duplicate cells in `\dma_rows_formal'.
Computing hashes of 366 cells of `\dma_rows_formal'.
Finding duplicate cells in `\dma_rows_formal'.
<suppressed ~114 debug messages>
Removed a total of 38 cells.

4.8.6. Executing OPT_CLEAN pass (remove unused cells and wires).
Finding unused cells or wires in module \dma_rows_formal..
Removed 0 unused cells and 142 unused wires.
<suppressed ~1 debug messages>

4.8.7. Executing OPT_EXPR pass (perform const folding).
Optimizing module dma_rows_formal.

4.8.8. Rerunning OPT passes. (Maybe there is more to do..)

4.8.9. Executing OPT_MUXTREE pass (detect dead branches in mux trees).
Running muxtree optimizer on module \dma_rows_formal..
  Creating internal representation of mux trees.
  Evaluating internal representation of mux trees.
  Analyzing evaluation results.
Removed 0 multiplexer ports.
<suppressed ~253 debug messages>

4.8.10. Executing OPT_REDUCE pass (consolidate $*mux and $reduce_* inputs).
  Optimizing cells in module \dma_rows_formal.
Performed a total of 0 changes.

4.8.11. Executing OPT_MERGE pass (detect identical cells).
Finding identical cells in module `\dma_rows_formal'.
Computing hashes of 366 cells of `\dma_rows_formal'.
Finding duplicate cells in `\dma_rows_formal'.
Removed a total of 0 cells.

4.8.12. Executing OPT_CLEAN pass (remove unused cells and wires).
Finding unused cells or wires in module \dma_rows_formal..

4.8.13. Executing OPT_EXPR pass (perform const folding).
Optimizing module dma_rows_formal.

4.8.14. Finished fast OPT passes. (There is nothing left to do.)

4.9. Executing WREDUCE pass (reducing word size of cells).
Removed top 29 bits (of 32) from mux cell dma_rows_formal.$ternary$/work/inputs/formal/dma_rows.sv:82$426 ($mux).
Removed top 29 bits (of 32) from port B of cell dma_rows_formal.$le$/work/inputs/formal/dma_rows.sv:82$427 ($le).
Removed top 29 bits (of 32) from port B of cell dma_rows_formal.$lt$/work/inputs/formal/dma_rows.sv:86$433 ($lt).
Removed top 20 bits (of 32) from port A of cell dma_rows_formal.$add$/work/inputs/formal/dma_rows.sv:96$458 ($add).
Removed top 24 bits (of 32) from port B of cell dma_rows_formal.$add$/work/inputs/formal/dma_rows.sv:96$458 ($add).
Removed top 19 bits (of 32) from port Y of cell dma_rows_formal.$add$/work/inputs/formal/dma_rows.sv:96$458 ($add).
Removed top 19 bits (of 32) from port A of cell dma_rows_formal.$le$/work/inputs/formal/dma_rows.sv:96$459 ($le).
Removed top 19 bits (of 32) from port B of cell dma_rows_formal.$le$/work/inputs/formal/dma_rows.sv:96$459 ($le).
Removed top 31 bits (of 32) from port B of cell dma_rows_formal.$add$/work/inputs/formal/dma_rows.sv:103$463 ($add).
Removed top 28 bits (of 32) from port Y of cell dma_rows_formal.$add$/work/inputs/formal/dma_rows.sv:103$463 ($add).
Removed top 31 bits (of 32) from mux cell dma_rows_formal.$ternary$/work/inputs/formal/dma_rows.sv:109$475 ($mux).
Removed top 31 bits (of 32) from port B of cell dma_rows_formal.$gt$/work/inputs/formal/dma_rows.sv:109$476 ($gt).
Removed top 1 bits (of 4) from port B of cell dma_rows_formal.$eq$/work/inputs/formal/dma_rows.sv:112$478 ($eq).
Removed top 1 bits (of 4) from port B of cell dma_rows_formal.$eq$/work/inputs/formal/dma_rows.sv:114$485 ($eq).
Removed top 3 bits (of 5) from mux cell dma_rows_formal.$procmux$798 ($pmux).
Removed top 19 bits (of 32) from mux cell dma_rows_formal.$procmux$805 ($pmux).
Removed top 3 bits (of 4) from port B of cell dma_rows_formal.$procmux$816_CMP0 ($eq).
Removed top 3 bits (of 5) from mux cell dma_rows_formal.$procmux$815 ($mux).
Removed top 1 bits (of 4) from port B of cell dma_rows_formal.$procmux$819_CMP0 ($eq).
Removed top 3 bits (of 5) from mux cell dma_rows_formal.$procmux$818 ($pmux).
Removed top 2 bits (of 4) from port B of cell dma_rows_formal.$procmux$820_CMP0 ($eq).
Removed top 2 bits (of 4) from port B of cell dma_rows_formal.$procmux$821_CMP0 ($eq).
Removed top 1 bits (of 3) from mux cell dma_rows_formal.$flatten\dut.$procmux$2735 ($mux).
Removed top 2 bits (of 3) from port B of cell dma_rows_formal.$flatten\dut.$procmux$2572_CMP0 ($eq).
Removed top 1 bits (of 3) from port B of cell dma_rows_formal.$flatten\dut.$procmux$2561_CMP0 ($eq).
Removed top 1 bits (of 3) from port B of cell dma_rows_formal.$flatten\dut.$procmux$1989_CMP0 ($eq).
Removed top 1 bits (of 6) from mux cell dma_rows_formal.$flatten\dut.$procmux$1983 ($mux).
Removed top 1 bits (of 6) from mux cell dma_rows_formal.$flatten\dut.$procmux$1026 ($mux).
Removed top 1 bits (of 6) from mux cell dma_rows_formal.$flatten\dut.$procmux$1007 ($mux).
Removed top 4 bits (of 10) from port B of cell dma_rows_formal.$flatten\dut.$lt$/work/inputs/rtl/memory/gemm_dma_rows.sv:70$790 ($lt).
Removed top 1 bits (of 6) from port B of cell dma_rows_formal.$flatten\dut.$gt$/work/inputs/rtl/memory/gemm_dma_rows.sv:69$788 ($gt).
Removed top 1 bits (of 13) from port B of cell dma_rows_formal.$flatten\dut.$sub$/work/inputs/rtl/memory/gemm_dma_rows.sv:67$787 ($sub).
Removed top 4 bits (of 10) from port B of cell dma_rows_formal.$flatten\dut.$lt$/work/inputs/rtl/memory/gemm_dma_rows.sv:70$783 ($lt).
Removed top 1 bits (of 6) from port B of cell dma_rows_formal.$flatten\dut.$gt$/work/inputs/rtl/memory/gemm_dma_rows.sv:69$781 ($gt).
Removed top 1 bits (of 13) from port B of cell dma_rows_formal.$flatten\dut.$sub$/work/inputs/rtl/memory/gemm_dma_rows.sv:67$780 ($sub).
Removed top 1 bits (of 3) from mux cell dma_rows_formal.$flatten\dut.$ternary$/work/inputs/rtl/memory/gemm_dma_rows.sv:146$693 ($mux).
Removed top 4 bits (of 10) from port B of cell dma_rows_formal.$flatten\dut.$lt$/work/inputs/rtl/memory/gemm_dma_rows.sv:70$691 ($lt).
Removed top 1 bits (of 6) from port B of cell dma_rows_formal.$flatten\dut.$gt$/work/inputs/rtl/memory/gemm_dma_rows.sv:69$689 ($gt).
Removed top 1 bits (of 13) from port B of cell dma_rows_formal.$flatten\dut.$sub$/work/inputs/rtl/memory/gemm_dma_rows.sv:67$688 ($sub).
Removed top 1 bits (of 39) from port A of cell dma_rows_formal.$flatten\dut.$add$/work/inputs/rtl/memory/gemm_dma_rows.sv:135$681 ($add).
Removed top 6 bits (of 39) from port B of cell dma_rows_formal.$flatten\dut.$add$/work/inputs/rtl/memory/gemm_dma_rows.sv:135$681 ($add).
Removed top 1 bits (of 33) from port A of cell dma_rows_formal.$flatten\dut.$add$/work/inputs/rtl/memory/gemm_dma_rows.sv:131$680 ($add).
Removed top 23 bits (of 33) from port B of cell dma_rows_formal.$flatten\dut.$add$/work/inputs/rtl/memory/gemm_dma_rows.sv:131$680 ($add).
Removed top 6 bits (of 38) from port A of cell dma_rows_formal.$flatten\dut.$mul$/work/inputs/rtl/memory/gemm_dma_rows.sv:130$679 ($mul).
Removed top 32 bits (of 38) from port B of cell dma_rows_formal.$flatten\dut.$mul$/work/inputs/rtl/memory/gemm_dma_rows.sv:130$679 ($mul).
Removed top 3 bits (of 4) from port B of cell dma_rows_formal.$flatten\dut.$sub$/work/inputs/rtl/memory/gemm_dma_rows.sv:96$572 ($sub).
Removed top 1 bits (of 4) from port A of cell dma_rows_formal.$flatten\dut.$add$/work/inputs/rtl/memory/gemm_dma_rows.sv:96$571 ($add).
Removed top 3 bits (of 4) from port B of cell dma_rows_formal.$flatten\dut.$add$/work/inputs/rtl/memory/gemm_dma_rows.sv:96$571 ($add).
Removed top 1 bits (of 6) from port A of cell dma_rows_formal.$flatten\dut.$add$/work/inputs/rtl/memory/gemm_dma_rows.sv:89$554 ($add).
Removed top 5 bits (of 6) from port B of cell dma_rows_formal.$flatten\dut.$add$/work/inputs/rtl/memory/gemm_dma_rows.sv:89$554 ($add).
Removed top 29 bits (of 32) from port B of cell dma_rows_formal.$flatten\dut.$lt$/work/inputs/rtl/memory/gemm_dma_rows.sv:86$546 ($lt).
Removed top 24 bits (of 32) from port B of cell dma_rows_formal.$flatten\dut.$add$/work/inputs/rtl/memory/gemm_dma_rows.sv:76$528 ($add).
Removed top 1 bits (of 6) from port A of cell dma_rows_formal.$flatten\dut.$add$/work/inputs/rtl/memory/gemm_dma_rows.sv:75$527 ($add).
Removed top 1 bits (of 6) from port B of cell dma_rows_formal.$flatten\dut.$add$/work/inputs/rtl/memory/gemm_dma_rows.sv:75$527 ($add).
Removed top 11 bits (of 39) from port B of cell dma_rows_formal.$flatten\dut.$gt$/work/inputs/rtl/memory/gemm_dma_rows.sv:59$525 ($gt).
Removed top 22 bits (of 32) from port B of cell dma_rows_formal.$flatten\dut.$lt$/work/inputs/rtl/memory/gemm_dma_rows.sv:57$520 ($lt).
Removed top 23 bits (of 32) from port B of cell dma_rows_formal.$flatten\dut.$gt$/work/inputs/rtl/memory/gemm_dma_rows.sv:55$514 ($gt).
Removed top 26 bits (of 32) from port B of cell dma_rows_formal.$flatten\dut.$gt$/work/inputs/rtl/memory/gemm_dma_rows.sv:54$510 ($gt).
Removed top 1 bits (of 6) from wire dma_rows_formal.$flatten\dut.$6\choose_beats$func$/work/inputs/rtl/memory/gemm_dma_rows.sv:157$505.count[5:0]$736.
Removed top 1 bits (of 3) from wire dma_rows_formal.$flatten\dut.$procmux$2735_Y.
Removed top 1 bits (of 6) from wire dma_rows_formal.$flatten\dut.$6\choose_beats$func$/work/inputs/rtl/memory/gemm_dma_rows.sv:162$506.count[5:0]$743.
Removed top 1 bits (of 6) from wire dma_rows_formal.$flatten\dut.$4\choose_beats$func$/work/inputs/rtl/memory/gemm_dma_rows.sv:144$504.count[5:0]$692.
Removed top 1 bits (of 3) from wire dma_rows_formal.$flatten\dut.$ternary$/work/inputs/rtl/memory/gemm_dma_rows.sv:146$693_Y.
Removed top 19 bits (of 32) from wire dma_rows_formal.expected_addr.
Removed top 3 bits (of 5) from wire dma_rows_formal.expected_beats.
Removed top 3 bits (of 5) from wire dma_rows_formal.expected_row.
Removed top 3 bits (of 5) from wire dma_rows_formal.expected_word.
Removed top 29 bits (of 32) from wire dma_rows_formal.$ternary$/work/inputs/formal/dma_rows.sv:82$426_Y.
Removed top 19 bits (of 32) from wire dma_rows_formal.$add$/work/inputs/formal/dma_rows.sv:96$458_Y.
Removed top 28 bits (of 32) from wire dma_rows_formal.$add$/work/inputs/formal/dma_rows.sv:103$463_Y.
Removed top 31 bits (of 32) from wire dma_rows_formal.$ternary$/work/inputs/formal/dma_rows.sv:109$475_Y.

4.10. Executing OPT_CLEAN pass (remove unused cells and wires).
Finding unused cells or wires in module \dma_rows_formal..
Removed 0 unused cells and 13 unused wires.
<suppressed ~1 debug messages>

4.11. Executing MEMORY_COLLECT pass (generating $mem cells).

4.12. Executing OPT pass (performing simple optimizations).

4.12.1. Executing OPT_EXPR pass (perform const folding).
Optimizing module dma_rows_formal.

4.12.2. Executing OPT_MERGE pass (detect identical cells).
Finding identical cells in module `\dma_rows_formal'.
Computing hashes of 366 cells of `\dma_rows_formal'.
Finding duplicate cells in `\dma_rows_formal'.
Removed a total of 0 cells.

4.12.3. Executing OPT_CLEAN pass (remove unused cells and wires).
Finding unused cells or wires in module \dma_rows_formal..

4.12.4. Finished fast OPT passes.

4.13. Executing SORT pass.

4.14. Printing statistics.

=== dma_rows_formal ===

        +----------Local Count, excluding submodules.
        | 
      389 wires
     2669 wire bits
       99 public wires
      748 public wire bits
       30 ports
      128 port bits
      366 cells
       11   $add
       18   $check
       38   $dff
       25   $eq
        7   $gt
        2   $le
       44   $logic_and
       18   $logic_not
       17   $logic_or
        6   $lt
        1   $mul
      148   $mux
        1   $ne
       12   $pmux
       10   $reduce_bool
        1   $reduce_or
        1   $scopeinfo
        6   $sub

4.15. Executing CHECK pass (checking for obvious problems).
Checking module dma_rows_formal...
Found and reported 0 problems.

5. Executing ASYNC2SYNC pass.

6. Executing OPT pass (performing simple optimizations).

6.1. Executing OPT_EXPR pass (perform const folding).
Optimizing module dma_rows_formal.
<suppressed ~10 debug messages>

6.2. Executing OPT_MERGE pass (detect identical cells).
Finding identical cells in module `\dma_rows_formal'.
Computing hashes of 450 cells of `\dma_rows_formal'.
Finding duplicate cells in `\dma_rows_formal'.
Computing hashes of 421 cells of `\dma_rows_formal'.
Finding duplicate cells in `\dma_rows_formal'.
<suppressed ~87 debug messages>
Removed a total of 29 cells.

6.3. Executing OPT_MUXTREE pass (detect dead branches in mux trees).
Running muxtree optimizer on module \dma_rows_formal..
  Creating internal representation of mux trees.
  Evaluating internal representation of mux trees.
  Analyzing evaluation results.
Removed 0 multiplexer ports.
<suppressed ~244 debug messages>

6.4. Executing OPT_REDUCE pass (consolidate $*mux and $reduce_* inputs).
  Optimizing cells in module \dma_rows_formal.
    Consolidated identical input bits for $mux cell $flatten\dut.$procmux$2735:
      Old ports: A=2'00, B=2'10, Y=$auto$wreduce.cc:513:run$2967 [1:0]
      New ports: A=1'0, B=1'1, Y=$auto$wreduce.cc:513:run$2967 [1]
      New connections: $auto$wreduce.cc:513:run$2967 [0] = 1'0
    Consolidated identical input bits for $mux cell $flatten\dut.$procmux$2744:
      Old ports: A={ 1'1 $auto$wreduce.cc:513:run$2970 [1:0] }, B=3'110, Y=$flatten\dut.$procmux$2744_Y
      New ports: A=$auto$wreduce.cc:513:run$2970 [1:0], B=2'10, Y=$flatten\dut.$procmux$2744_Y [1:0]
      New connections: $flatten\dut.$procmux$2744_Y [2] = 1'1
    Consolidated identical input bits for $mux cell $flatten\dut.$ternary$/work/inputs/rtl/memory/gemm_dma_rows.sv:146$693:
      Old ports: A=2'11, B=2'00, Y=$auto$wreduce.cc:513:run$2970 [1:0]
      New ports: A=1'1, B=1'0, Y=$auto$wreduce.cc:513:run$2970 [0]
      New connections: $auto$wreduce.cc:513:run$2970 [1] = $auto$wreduce.cc:513:run$2970 [0]
    Consolidated identical input bits for $mux cell $flatten\dut.$ternary$/work/inputs/rtl/memory/gemm_dma_rows.sv:90$559:
      Old ports: A=8'11111111, B=8'00001111, Y=\burst_final_strb
      New ports: A=1'1, B=1'0, Y=\burst_final_strb [4]
      New connections: { \burst_final_strb [7:5] \burst_final_strb [3:0] } = { \burst_final_strb [4] \burst_final_strb [4] \burst_final_strb [4] 4'1111 }
    Consolidated identical input bits for $pmux cell $procmux$805:
      Old ports: A=13'0000000000000, B=65'01111111100001000000000000100000011000010000011100001000010110000, Y=\expected_addr
      New ports: A=5'00000, B=25'0111110000100011001110101, Y={ \expected_addr [12] \expected_addr [8:6] \expected_addr [4] }
      New connections: { \expected_addr [11:9] \expected_addr [5] \expected_addr [3:0] } = { \expected_addr [8] \expected_addr [8] \expected_addr [8] \expected_addr [4] 4'0000 }
    Consolidated identical input bits for $mux cell $procmux$815:
      Old ports: A=2'00, B=2'10, Y=\expected_word
      New ports: A=1'0, B=1'1, Y=\expected_word [1]
      New connections: \expected_word [0] = 1'0
    Consolidated identical input bits for $mux cell $ternary$/work/inputs/formal/dma_rows.sv:82$426:
      Old ports: A=3'100, B=3'001, Y=$auto$wreduce.cc:513:run$2975 [2:0]
      New ports: A=2'10, B=2'01, Y={ $auto$wreduce.cc:513:run$2975 [2] $auto$wreduce.cc:513:run$2975 [0] }
      New connections: $auto$wreduce.cc:513:run$2975 [1] = 1'0
    Consolidated identical input bits for $mux cell $ternary$/work/inputs/formal/dma_rows.sv:94$453:
      Old ports: A=8'11111111, B=8'00001111, Y=$ternary$/work/inputs/formal/dma_rows.sv:94$453_Y
      New ports: A=1'1, B=1'0, Y=$ternary$/work/inputs/formal/dma_rows.sv:94$453_Y [4]
      New connections: { $ternary$/work/inputs/formal/dma_rows.sv:94$453_Y [7:5] $ternary$/work/inputs/formal/dma_rows.sv:94$453_Y [3:0] } = { $ternary$/work/inputs/formal/dma_rows.sv:94$453_Y [4] $ternary$/work/inputs/formal/dma_rows.sv:94$453_Y [4] $ternary$/work/inputs/formal/dma_rows.sv:94$453_Y [4] 4'1111 }
  Optimizing cells in module \dma_rows_formal.
Performed a total of 8 changes.

6.5. Executing OPT_MERGE pass (detect identical cells).
Finding identical cells in module `\dma_rows_formal'.
Computing hashes of 421 cells of `\dma_rows_formal'.
Finding duplicate cells in `\dma_rows_formal'.
Removed a total of 0 cells.

6.6. Executing OPT_SHARE pass.

6.7. Executing OPT_DFF pass (perform DFF optimizations).
Adding SRST signal on $procdff$2907 ($dff) from module dma_rows_formal (D = $procmux$927_Y, Q = \issued, rval = 4'0000).
Adding EN signal on $auto$ff.cc:337:slice$3178 ($sdff) from module dma_rows_formal (D = $add$/work/inputs/formal/dma_rows.sv:103$463_Y, Q = \issued).
Adding SRST signal on $procdff$2906 ($dff) from module dma_rows_formal (D = $procmux$935_Y, Q = \saw_any_cancel, rval = 1'0).
Adding EN signal on $auto$ff.cc:337:slice$3182 ($sdff) from module dma_rows_formal (D = 1'1, Q = \saw_any_cancel).
Adding SRST signal on $procdff$2905 ($dff) from module dma_rows_formal (D = $procmux$943_Y, Q = \saw_cancel, rval = 1'0).
Adding EN signal on $auto$ff.cc:337:slice$3186 ($sdff) from module dma_rows_formal (D = 1'1, Q = \saw_cancel).
Adding SRST signal on $procdff$2904 ($dff) from module dma_rows_formal (D = $procmux$951_Y, Q = \stalled_done, rval = 1'0).
Adding EN signal on $auto$ff.cc:337:slice$3190 ($sdff) from module dma_rows_formal (D = 1'1, Q = \stalled_done).
Adding SRST signal on $procdff$2903 ($dff) from module dma_rows_formal (D = $procmux$959_Y, Q = \stalled_burst, rval = 1'0).
Adding EN signal on $auto$ff.cc:337:slice$3194 ($sdff) from module dma_rows_formal (D = 1'1, Q = \stalled_burst).
Adding SRST signal on $procdff$2902 ($dff) from module dma_rows_formal (D = $procmux$968_Y, Q = \ghost_write, rval = 1'0).
Adding EN signal on $auto$ff.cc:337:slice$3198 ($sdff) from module dma_rows_formal (D = \req_write, Q = \ghost_write).
Adding SRST signal on $procdff$2900 ($dff) from module dma_rows_formal (D = $procmux$973_Y, Q = \cover_cancelled_drain, rval = 1'0).
Adding EN signal on $auto$ff.cc:337:slice$3200 ($sdff) from module dma_rows_formal (D = 1'1, Q = \cover_cancelled_drain).
Adding SRST signal on $procdff$2899 ($dff) from module dma_rows_formal (D = $procmux$978_Y, Q = \cover_simultaneous, rval = 1'0).
Adding EN signal on $auto$ff.cc:337:slice$3202 ($sdff) from module dma_rows_formal (D = 1'1, Q = \cover_simultaneous).
Adding SRST signal on $procdff$2898 ($dff) from module dma_rows_formal (D = $procmux$983_Y, Q = \cover_credit_four, rval = 1'0).
Adding EN signal on $auto$ff.cc:337:slice$3204 ($sdff) from module dma_rows_formal (D = 1'1, Q = \cover_credit_four).
Adding SRST signal on $procdff$2897 ($dff) from module dma_rows_formal (D = $procmux$991_Y, Q = \cover_write_done, rval = 1'0).
Adding EN signal on $auto$ff.cc:337:slice$3206 ($sdff) from module dma_rows_formal (D = 1'1, Q = \cover_write_done).
Adding SRST signal on $procdff$2896 ($dff) from module dma_rows_formal (D = $procmux$999_Y, Q = \cover_read_done, rval = 1'0).
Adding EN signal on $auto$ff.cc:337:slice$3210 ($sdff) from module dma_rows_formal (D = 1'1, Q = \cover_read_done).
Adding SRST signal on $procdff$2895 ($dff) from module dma_rows_formal (D = $sub$/work/inputs/formal/dma_rows.sv:102$462_Y, Q = \pending, rval = 4'0000).
Adding SRST signal on $flatten\dut.$procdff$2932 ($dff) from module dma_rows_formal (D = $flatten\dut.$procmux$2526_Y, Q = \dut.cancelled, rval = 1'0).
Adding SRST signal on $flatten\dut.$procdff$2931 ($dff) from module dma_rows_formal (D = $flatten\dut.$procmux$2538_Y, Q = \dut.issued_all, rval = 1'0).
Adding EN signal on $auto$ff.cc:337:slice$3220 ($sdff) from module dma_rows_formal (D = $flatten\dut.$procmux$2538_Y, Q = \dut.issued_all).
Adding SRST signal on $flatten\dut.$procdff$2930 ($dff) from module dma_rows_formal (D = $flatten\dut.$procmux$2547_Y, Q = \dut.outstanding, rval = 3'000).
Adding EN signal on $auto$ff.cc:337:slice$3232 ($sdff) from module dma_rows_formal (D = $flatten\dut.$procmux$2547_Y, Q = \dut.outstanding).
Adding SRST signal on $flatten\dut.$procdff$2929 ($dff) from module dma_rows_formal (D = $flatten\dut.$procmux$2560_Y, Q = \dut.touched_end, rval = 39'000000000000000000000000000000000000000).
Adding EN signal on $auto$ff.cc:337:slice$3240 ($sdff) from module dma_rows_formal (D = $flatten\dut.$add$/work/inputs/rtl/memory/gemm_dma_rows.sv:135$681_Y, Q = \dut.touched_end).
Adding SRST signal on $flatten\dut.$procdff$2928 ($dff) from module dma_rows_formal (D = $flatten\dut.$procmux$2571_Y, Q = \dut.first_row_end, rval = 33'000000000000000000000000000000000).
Adding EN signal on $auto$ff.cc:337:slice$3242 ($sdff) from module dma_rows_formal (D = $flatten\dut.$add$/work/inputs/rtl/memory/gemm_dma_rows.sv:131$680_Y, Q = \dut.first_row_end).
Adding SRST signal on $flatten\dut.$procdff$2927 ($dff) from module dma_rows_formal (D = $flatten\dut.$procmux$2582_Y, Q = \dut.last_row_offset, rval = 38'00000000000000000000000000000000000000).
Adding EN signal on $auto$ff.cc:337:slice$3244 ($sdff) from module dma_rows_formal (D = $flatten\dut.$mul$/work/inputs/rtl/memory/gemm_dma_rows.sv:130$679_Y, Q = \dut.last_row_offset).
Adding SRST signal on $flatten\dut.$procdff$2926 ($dff) from module dma_rows_formal (D = $flatten\dut.$procmux$2596_Y, Q = \dut.rounded_row_bytes, rval = 10'0000000000).
Adding EN signal on $auto$ff.cc:337:slice$3246 ($sdff) from module dma_rows_formal (D = 10'0000011000, Q = \dut.rounded_row_bytes).
Adding SRST signal on $flatten\dut.$procdff$2925 ($dff) from module dma_rows_formal (D = $flatten\dut.$procmux$2610_Y, Q = \dut.last_row_index, rval = 6'000000).
Adding EN signal on $auto$ff.cc:337:slice$3250 ($sdff) from module dma_rows_formal (D = 6'000011, Q = \dut.last_row_index).
Adding SRST signal on $flatten\dut.$procdff$2924 ($dff) from module dma_rows_formal (D = $flatten\dut.$procmux$2624_Y, Q = \dut.saved_row_bytes, rval = 9'000000000).
Adding EN signal on $auto$ff.cc:337:slice$3254 ($sdff) from module dma_rows_formal (D = 9'000010100, Q = \dut.saved_row_bytes).
Adding SRST signal on $flatten\dut.$procdff$2923 ($dff) from module dma_rows_formal (D = $flatten\dut.$procmux$2636_Y, Q = \dut.words_per_row, rval = 6'000000).
Adding EN signal on $auto$ff.cc:337:slice$3258 ($sdff) from module dma_rows_formal (D = \dut.rounded_row_bytes [8:3], Q = \dut.words_per_row).
Adding SRST signal on $flatten\dut.$procdff$2922 ($dff) from module dma_rows_formal (D = $flatten\dut.$procmux$2650_Y, Q = \dut.saved_rows, rval = 6'000000).
Adding EN signal on $auto$ff.cc:337:slice$3264 ($sdff) from module dma_rows_formal (D = 6'000100, Q = \dut.saved_rows).
Adding SRST signal on $flatten\dut.$procdff$2921 ($dff) from module dma_rows_formal (D = $flatten\dut.$procmux$2665_Y, Q = \dut.row_address, rval = 0).
Adding EN signal on $auto$ff.cc:337:slice$3268 ($sdff) from module dma_rows_formal (D = $flatten\dut.$procmux$2665_Y, Q = \dut.row_address).
Adding SRST signal on $flatten\dut.$procdff$2920 ($dff) from module dma_rows_formal (D = $flatten\dut.$procmux$2693_Y, Q = \dut.saved_stride, rval = 0).
Adding EN signal on $auto$ff.cc:337:slice$3284 ($sdff) from module dma_rows_formal (D = 64, Q = \dut.saved_stride).
Adding SRST signal on $flatten\dut.$procdff$2919 ($dff) from module dma_rows_formal (D = $flatten\dut.$procmux$2707_Y, Q = \dut.saved_base, rval = 0).
Adding EN signal on $auto$ff.cc:337:slice$3288 ($sdff) from module dma_rows_formal (D = 4080, Q = \dut.saved_base).
Adding SRST signal on $flatten\dut.$procdff$2918 ($dff) from module dma_rows_formal (D = $flatten\dut.$procmux$2721_Y, Q = \dut.saved_write, rval = 1'0).
Adding EN signal on $auto$ff.cc:337:slice$3292 ($sdff) from module dma_rows_formal (D = \req_write, Q = \dut.saved_write).
Adding SRST signal on $flatten\dut.$procdff$2917 ($dff) from module dma_rows_formal (D = $flatten\dut.$procmux$2728_Y, Q = \dut.state, rval = 3'000).
Adding EN signal on $auto$ff.cc:337:slice$3296 ($sdff) from module dma_rows_formal (D = $flatten\dut.$procmux$2728_Y, Q = \dut.state).
Adding SRST signal on $flatten\dut.$procdff$2916 ($dff) from module dma_rows_formal (D = $flatten\dut.$procmux$2767_Y, Q = \dut.done_status, rval = 16'0000000000000000).
Adding SRST signal on $flatten\dut.$procdff$2915 ($dff) from module dma_rows_formal (D = $flatten\dut.$procmux$2789_Y, Q = \dut.burst_word, rval = 5'00000).
Adding EN signal on $auto$ff.cc:337:slice$3313 ($sdff) from module dma_rows_formal (D = $flatten\dut.$procmux$2789_Y, Q = \dut.burst_word).
Adding SRST signal on $flatten\dut.$procdff$2914 ($dff) from module dma_rows_formal (D = $flatten\dut.$procmux$2818_Y, Q = \dut.burst_row, rval = 5'00000).
Adding EN signal on $auto$ff.cc:337:slice$3329 ($sdff) from module dma_rows_formal (D = $flatten\dut.$procmux$2818_Y, Q = \dut.burst_row).
Adding SRST signal on $flatten\dut.$procdff$2913 ($dff) from module dma_rows_formal (D = $flatten\dut.$procmux$2847_Y, Q = \dut.burst_beats, rval = 5'00000).
Adding EN signal on $auto$ff.cc:337:slice$3345 ($sdff) from module dma_rows_formal (D = $flatten\dut.$procmux$2847_Y, Q = \dut.burst_beats).
Adding SRST signal on $flatten\dut.$procdff$2912 ($dff) from module dma_rows_formal (D = $flatten\dut.$procmux$2876_Y, Q = \dut.burst_addr, rval = 0).
Adding EN signal on $auto$ff.cc:337:slice$3361 ($sdff) from module dma_rows_formal (D = $flatten\dut.$procmux$2876_Y, Q = \dut.burst_addr).
Adding SRST signal on $auto$async2sync.cc:110:execute$2987 ($dff) from module dma_rows_formal (D = $procmux$913_Y, Q = $auto$async2sync.cc:107:execute$2985, rval = 1'0).
Adding SRST signal on $auto$async2sync.cc:110:execute$2999 ($dff) from module dma_rows_formal (D = $procmux$899_Y, Q = $auto$async2sync.cc:107:execute$2997, rval = 1'0).
Adding SRST signal on $auto$async2sync.cc:110:execute$3011 ($dff) from module dma_rows_formal (D = $procmux$891_Y, Q = $auto$async2sync.cc:107:execute$3009, rval = 1'0).
Adding SRST signal on $auto$async2sync.cc:110:execute$3017 ($dff) from module dma_rows_formal (D = $procmux$886_Y, Q = $auto$async2sync.cc:107:execute$3015, rval = 1'0).
Adding SRST signal on $auto$async2sync.cc:110:execute$3083 ($dff) from module dma_rows_formal (D = $procmux$831_Y, Q = $auto$async2sync.cc:107:execute$3081, rval = 1'0).

6.8. Executing OPT_CLEAN pass (remove unused cells and wires).
Finding unused cells or wires in module \dma_rows_formal..
Removed 114 unused cells and 150 unused wires.
<suppressed ~115 debug messages>

6.9. Executing OPT_EXPR pass (perform const folding).
Optimizing module dma_rows_formal.
<suppressed ~56 debug messages>

6.10. Rerunning OPT passes. (Maybe there is more to do..)

6.11. Executing OPT_MUXTREE pass (detect dead branches in mux trees).
Running muxtree optimizer on module \dma_rows_formal..
  Creating internal representation of mux trees.
  Evaluating internal representation of mux trees.
  Analyzing evaluation results.
Removed 0 multiplexer ports.
<suppressed ~96 debug messages>

6.12. Executing OPT_REDUCE pass (consolidate $*mux and $reduce_* inputs).
  Optimizing cells in module \dma_rows_formal.
    New ctrl vector for $pmux cell $flatten\dut.$procmux$2665: $auto$opt_reduce.cc:137:opt_pmux$3391
    New ctrl vector for $pmux cell $flatten\dut.$procmux$2789: $auto$opt_reduce.cc:137:opt_pmux$3393
    New ctrl vector for $pmux cell $flatten\dut.$procmux$2818: $auto$opt_reduce.cc:137:opt_pmux$3395
    New ctrl vector for $pmux cell $flatten\dut.$procmux$2847: $auto$opt_reduce.cc:137:opt_pmux$3397
    New ctrl vector for $pmux cell $flatten\dut.$procmux$2876: $auto$opt_reduce.cc:137:opt_pmux$3399
  Optimizing cells in module \dma_rows_formal.
Performed a total of 5 changes.

6.13. Executing OPT_MERGE pass (detect identical cells).
Finding identical cells in module `\dma_rows_formal'.
Computing hashes of 347 cells of `\dma_rows_formal'.
Finding duplicate cells in `\dma_rows_formal'.
Computing hashes of 302 cells of `\dma_rows_formal'.
Finding duplicate cells in `\dma_rows_formal'.
Computing hashes of 297 cells of `\dma_rows_formal'.
Finding duplicate cells in `\dma_rows_formal'.
<suppressed ~150 debug messages>
Removed a total of 50 cells.

6.14. Executing OPT_SHARE pass.

6.15. Executing OPT_DFF pass (perform DFF optimizations).
Adding EN signal on $auto$ff.cc:337:slice$3269 ($sdffe) from module dma_rows_formal (D = $flatten\dut.$procmux$2665_Y, Q = \dut.row_address).
Adding EN signal on $auto$ff.cc:337:slice$3330 ($sdffe) from module dma_rows_formal (D = $flatten\dut.$procmux$2818_Y, Q = \dut.burst_row).
Adding EN signal on $auto$ff.cc:337:slice$3362 ($sdffe) from module dma_rows_formal (D = $flatten\dut.$procmux$2876_Y [2:0], Q = \dut.burst_addr [2:0]).

6.16. Executing OPT_CLEAN pass (remove unused cells and wires).
Finding unused cells or wires in module \dma_rows_formal..
Removed 0 unused cells and 86 unused wires.
<suppressed ~1 debug messages>

6.17. Executing OPT_EXPR pass (perform const folding).
Optimizing module dma_rows_formal.
<suppressed ~3 debug messages>

6.18. Rerunning OPT passes. (Maybe there is more to do..)

6.19. Executing OPT_MUXTREE pass (detect dead branches in mux trees).
Running muxtree optimizer on module \dma_rows_formal..
  Creating internal representation of mux trees.
  Evaluating internal representation of mux trees.
  Analyzing evaluation results.
Removed 0 multiplexer ports.
<suppressed ~73 debug messages>

6.20. Executing OPT_REDUCE pass (consolidate $*mux and $reduce_* inputs).
  Optimizing cells in module \dma_rows_formal.
    New input vector for $reduce_and cell $auto$simple.cc:211:make_patterns_logic$3414: { $auto$simple.cc:193:make_patterns_logic$3228 $auto$simple.cc:193:make_patterns_logic$3270 $auto$simple.cc:193:make_patterns_logic$3272 $auto$simple.cc:193:make_patterns_logic$3274 $auto$simple.cc:193:make_patterns_logic$3276 $auto$simple.cc:193:make_patterns_logic$3278 $auto$simple.cc:193:make_patterns_logic$3411 }
    New input vector for $reduce_and cell $auto$simple.cc:211:make_patterns_logic$3404: { $auto$simple.cc:193:make_patterns_logic$3228 $auto$simple.cc:193:make_patterns_logic$3270 $auto$simple.cc:193:make_patterns_logic$3272 $auto$simple.cc:193:make_patterns_logic$3274 $auto$simple.cc:193:make_patterns_logic$3276 $auto$simple.cc:193:make_patterns_logic$3278 $auto$simple.cc:193:make_patterns_logic$3401 }
    New input vector for $reduce_and cell $auto$simple.cc:211:make_patterns_logic$3409: { $auto$simple.cc:193:make_patterns_logic$3228 $auto$simple.cc:193:make_patterns_logic$3270 $auto$simple.cc:193:make_patterns_logic$3272 $auto$simple.cc:193:make_patterns_logic$3274 $auto$simple.cc:193:make_patterns_logic$3276 $auto$simple.cc:193:make_patterns_logic$3278 $auto$simple.cc:193:make_patterns_logic$3406 }
  Optimizing cells in module \dma_rows_formal.
Performed a total of 3 changes.

6.21. Executing OPT_MERGE pass (detect identical cells).
Finding identical cells in module `\dma_rows_formal'.
Computing hashes of 301 cells of `\dma_rows_formal'.
Finding duplicate cells in `\dma_rows_formal'.
Computing hashes of 299 cells of `\dma_rows_formal'.
Finding duplicate cells in `\dma_rows_formal'.
Computing hashes of 297 cells of `\dma_rows_formal'.
Finding duplicate cells in `\dma_rows_formal'.
<suppressed ~12 debug messages>
Removed a total of 4 cells.

6.22. Executing OPT_SHARE pass.

6.23. Executing OPT_DFF pass (perform DFF optimizations).

6.24. Executing OPT_CLEAN pass (remove unused cells and wires).
Finding unused cells or wires in module \dma_rows_formal..
Removed 0 unused cells and 7 unused wires.
<suppressed ~1 debug messages>

6.25. Executing OPT_EXPR pass (perform const folding).
Optimizing module dma_rows_formal.

6.26. Rerunning OPT passes. (Maybe there is more to do..)

6.27. Executing OPT_MUXTREE pass (detect dead branches in mux trees).
Running muxtree optimizer on module \dma_rows_formal..
  Creating internal representation of mux trees.
  Evaluating internal representation of mux trees.
  Analyzing evaluation results.
Removed 0 multiplexer ports.
<suppressed ~73 debug messages>

6.28. Executing OPT_REDUCE pass (consolidate $*mux and $reduce_* inputs).
  Optimizing cells in module \dma_rows_formal.
Performed a total of 0 changes.

6.29. Executing OPT_MERGE pass (detect identical cells).
Finding identical cells in module `\dma_rows_formal'.
Computing hashes of 297 cells of `\dma_rows_formal'.
Finding duplicate cells in `\dma_rows_formal'.
Removed a total of 0 cells.

6.30. Executing OPT_SHARE pass.

6.31. Executing OPT_DFF pass (perform DFF optimizations).

6.32. Executing OPT_CLEAN pass (remove unused cells and wires).
Finding unused cells or wires in module \dma_rows_formal..

6.33. Executing OPT_EXPR pass (perform const folding).
Optimizing module dma_rows_formal.

6.34. Finished fast OPT passes. (There is nothing left to do.)

7. Executing CHECK pass (checking for obvious problems).
Checking module dma_rows_formal...
Found and reported 0 problems.

8. Printing statistics.

=== dma_rows_formal ===

        +----------Local Count, excluding submodules.
        | 
      319 wires
     1547 wire bits
       99 public wires
      748 public wire bits
       30 ports
      128 port bits
      297 cells
       11   $add
       18   $assert
       24   $dff
       25   $eq
        7   $gt
        2   $le
       44   $logic_and
       19   $logic_not
       17   $logic_or
        5   $lt
        1   $mul
       28   $mux
       12   $ne
        7   $not
        5   $pmux
        9   $reduce_and
       13   $reduce_bool
        4   $reduce_or
        1   $scopeinfo
        8   $sdff
       31   $sdffe
        6   $sub

9. Executing SAT pass (solving SAT problems in the circuit).
Using SAT solver `minisat`.

Setting up time step 1:
Import set-constraint: \rst = 1'0
Import set-constraint for this timestep: \rst = 1'1
Final constraint equation: \rst = 1'1
Import def constraint for this timestep: \clk
Import def constraint for this timestep: \rst
Import def constraint for this timestep: \req_valid
Import def constraint for this timestep: \req_write
Import def constraint for this timestep: \burst_ready
Import def constraint for this timestep: \complete_valid
Import def constraint for this timestep: \cancel
Import def constraint for this timestep: \done_ready
Import def constraint for this timestep: \complete_status
Import def constraint for this timestep: \cancel_status
Imported 297 cells to SAT database.
Import set-constraint from init attribute: $auto$async2sync.cc:107:execute$3003 = 1'0
Import set-constraint from init attribute: $auto$async2sync.cc:116:execute$3079 = 1'1
Import set-constraint from init attribute: $auto$async2sync.cc:116:execute$3007 = 1'1
Import set-constraint from init attribute: $auto$async2sync.cc:107:execute$3009 = 1'0
Import set-constraint from init attribute: $auto$async2sync.cc:107:execute$3081 = 1'0
Import set-constraint from init attribute: $auto$async2sync.cc:116:execute$3013 = 1'1
Import set-constraint from init attribute: $auto$async2sync.cc:107:execute$3015 = 1'0
Import set-constraint from init attribute: $auto$async2sync.cc:116:execute$3043 = 1'1
Import set-constraint from init attribute: $auto$async2sync.cc:116:execute$3019 = 1'1
Import set-constraint from init attribute: $auto$async2sync.cc:116:execute$3061 = 1'1
Import set-constraint from init attribute: $auto$async2sync.cc:116:execute$3073 = 1'1
Import set-constraint from init attribute: $auto$async2sync.cc:116:execute$3025 = 1'1
Import set-constraint from init attribute: $auto$async2sync.cc:116:execute$3049 = 1'1
Import set-constraint from init attribute: $auto$async2sync.cc:116:execute$3085 = 1'1
Import set-constraint from init attribute: $auto$async2sync.cc:116:execute$2983 = 1'1
Import set-constraint from init attribute: $auto$async2sync.cc:107:execute$2985 = 1'0
Import set-constraint from init attribute: $auto$async2sync.cc:116:execute$3031 = 1'1
Import set-constraint from init attribute: $auto$async2sync.cc:116:execute$2989 = 1'1
Import set-constraint from init attribute: $auto$async2sync.cc:116:execute$3067 = 1'1
Import set-constraint from init attribute: $auto$async2sync.cc:116:execute$3055 = 1'1
Import set-constraint from init attribute: $auto$async2sync.cc:116:execute$2995 = 1'1
Import set-constraint from init attribute: $auto$async2sync.cc:107:execute$2997 = 1'0
Import set-constraint from init attribute: $auto$async2sync.cc:116:execute$3037 = 1'1
Import set-constraint from init attribute: $auto$async2sync.cc:116:execute$3001 = 1'1
Import set-constraint from init attribute: \cover_cancelled_drain = 1'0
Import set-constraint from init attribute: \cover_credit_four = 1'0
Import set-constraint from init attribute: \cover_read_done = 1'0
Import set-constraint from init attribute: \cover_simultaneous = 1'0
Import set-constraint from init attribute: \cover_write_done = 1'0
Import set-constraint from init attribute: \ghost_write = 1'0
Import set-constraint from init attribute: \issued = 4'0000
Import set-constraint from init attribute: \past_valid = 1'0
Import set-constraint from init attribute: \pending = 4'0000
Import set-constraint from init attribute: \saw_any_cancel = 1'0
Import set-constraint from init attribute: \saw_cancel = 1'0
Import set-constraint from init attribute: \stalled_burst = 1'0
Import set-constraint from init attribute: \stalled_done = 1'0
Final init constraint equation: { \stalled_done \stalled_burst \saw_cancel \saw_any_cancel \pending \past_valid \issued \ghost_write \cover_write_done \cover_simultaneous \cover_read_done \cover_credit_four \cover_cancelled_drain $auto$async2sync.cc:116:execute$3001 $auto$async2sync.cc:116:execute$3037 $auto$async2sync.cc:107:execute$2997 $auto$async2sync.cc:116:execute$2995 $auto$async2sync.cc:116:execute$3055 $auto$async2sync.cc:116:execute$3067 $auto$async2sync.cc:116:execute$2989 $auto$async2sync.cc:116:execute$3031 $auto$async2sync.cc:107:execute$2985 $auto$async2sync.cc:116:execute$2983 $auto$async2sync.cc:116:execute$3085 $auto$async2sync.cc:116:execute$3049 $auto$async2sync.cc:116:execute$3025 $auto$async2sync.cc:116:execute$3073 $auto$async2sync.cc:116:execute$3061 $auto$async2sync.cc:116:execute$3019 $auto$async2sync.cc:116:execute$3043 $auto$async2sync.cc:107:execute$3015 $auto$async2sync.cc:116:execute$3013 $auto$async2sync.cc:107:execute$3081 $auto$async2sync.cc:107:execute$3009 $auto$async2sync.cc:116:execute$3007 $auto$async2sync.cc:116:execute$3079 $auto$async2sync.cc:107:execute$3003 } = 43'0000000000000000000110111110111111110100110
Import proof-constraint: \cover_write_done = 1'0
Final proof equation: \cover_write_done = 1'0

Setting up time step 2:
Import set-constraint: \rst = 1'0
Final constraint equation: \rst = 1'0
Import def constraint for this timestep: \clk
Import def constraint for this timestep: \rst
Import def constraint for this timestep: \req_valid
Import def constraint for this timestep: \req_write
Import def constraint for this timestep: \burst_ready
Import def constraint for this timestep: \complete_valid
Import def constraint for this timestep: \cancel
Import def constraint for this timestep: \done_ready
Import def constraint for this timestep: \complete_status
Import def constraint for this timestep: \cancel_status
Imported 297 cells to SAT database.
Import proof-constraint: \cover_write_done = 1'0
Final proof equation: \cover_write_done = 1'0

Setting up time step 3:
Import set-constraint: \rst = 1'0
Final constraint equation: \rst = 1'0
Import def constraint for this timestep: \clk
Import def constraint for this timestep: \rst
Import def constraint for this timestep: \req_valid
Import def constraint for this timestep: \req_write
Import def constraint for this timestep: \burst_ready
Import def constraint for this timestep: \complete_valid
Import def constraint for this timestep: \cancel
Import def constraint for this timestep: \done_ready
Import def constraint for this timestep: \complete_status
Import def constraint for this timestep: \cancel_status
Imported 297 cells to SAT database.
Import proof-constraint: \cover_write_done = 1'0
Final proof equation: \cover_write_done = 1'0

Setting up time step 4:
Import set-constraint: \rst = 1'0
Final constraint equation: \rst = 1'0
Import def constraint for this timestep: \clk
Import def constraint for this timestep: \rst
Import def constraint for this timestep: \req_valid
Import def constraint for this timestep: \req_write
Import def constraint for this timestep: \burst_ready
Import def constraint for this timestep: \complete_valid
Import def constraint for this timestep: \cancel
Import def constraint for this timestep: \done_ready
Import def constraint for this timestep: \complete_status
Import def constraint for this timestep: \cancel_status
Imported 297 cells to SAT database.
Import proof-constraint: \cover_write_done = 1'0
Final proof equation: \cover_write_done = 1'0

Setting up time step 5:
Import set-constraint: \rst = 1'0
Final constraint equation: \rst = 1'0
Import def constraint for this timestep: \clk
Import def constraint for this timestep: \rst
Import def constraint for this timestep: \req_valid
Import def constraint for this timestep: \req_write
Import def constraint for this timestep: \burst_ready
Import def constraint for this timestep: \complete_valid
Import def constraint for this timestep: \cancel
Import def constraint for this timestep: \done_ready
Import def constraint for this timestep: \complete_status
Import def constraint for this timestep: \cancel_status
Imported 297 cells to SAT database.
Import proof-constraint: \cover_write_done = 1'0
Final proof equation: \cover_write_done = 1'0

Setting up time step 6:
Import set-constraint: \rst = 1'0
Final constraint equation: \rst = 1'0
Import def constraint for this timestep: \clk
Import def constraint for this timestep: \rst
Import def constraint for this timestep: \req_valid
Import def constraint for this timestep: \req_write
Import def constraint for this timestep: \burst_ready
Import def constraint for this timestep: \complete_valid
Import def constraint for this timestep: \cancel
Import def constraint for this timestep: \done_ready
Import def constraint for this timestep: \complete_status
Import def constraint for this timestep: \cancel_status
Imported 297 cells to SAT database.
Import proof-constraint: \cover_write_done = 1'0
Final proof equation: \cover_write_done = 1'0

Setting up time step 7:
Import set-constraint: \rst = 1'0
Final constraint equation: \rst = 1'0
Import def constraint for this timestep: \clk
Import def constraint for this timestep: \rst
Import def constraint for this timestep: \req_valid
Import def constraint for this timestep: \req_write
Import def constraint for this timestep: \burst_ready
Import def constraint for this timestep: \complete_valid
Import def constraint for this timestep: \cancel
Import def constraint for this timestep: \done_ready
Import def constraint for this timestep: \complete_status
Import def constraint for this timestep: \cancel_status
Imported 297 cells to SAT database.
Import proof-constraint: \cover_write_done = 1'0
Final proof equation: \cover_write_done = 1'0

Setting up time step 8:
Import set-constraint: \rst = 1'0
Final constraint equation: \rst = 1'0
Import def constraint for this timestep: \clk
Import def constraint for this timestep: \rst
Import def constraint for this timestep: \req_valid
Import def constraint for this timestep: \req_write
Import def constraint for this timestep: \burst_ready
Import def constraint for this timestep: \complete_valid
Import def constraint for this timestep: \cancel
Import def constraint for this timestep: \done_ready
Import def constraint for this timestep: \complete_status
Import def constraint for this timestep: \cancel_status
Imported 297 cells to SAT database.
Import proof-constraint: \cover_write_done = 1'0
Final proof equation: \cover_write_done = 1'0

Setting up time step 9:
Import set-constraint: \rst = 1'0
Final constraint equation: \rst = 1'0
Import def constraint for this timestep: \clk
Import def constraint for this timestep: \rst
Import def constraint for this timestep: \req_valid
Import def constraint for this timestep: \req_write
Import def constraint for this timestep: \burst_ready
Import def constraint for this timestep: \complete_valid
Import def constraint for this timestep: \cancel
Import def constraint for this timestep: \done_ready
Import def constraint for this timestep: \complete_status
Import def constraint for this timestep: \cancel_status
Imported 297 cells to SAT database.
Import proof-constraint: \cover_write_done = 1'0
Final proof equation: \cover_write_done = 1'0

Setting up time step 10:
Import set-constraint: \rst = 1'0
Final constraint equation: \rst = 1'0
Import def constraint for this timestep: \clk
Import def constraint for this timestep: \rst
Import def constraint for this timestep: \req_valid
Import def constraint for this timestep: \req_write
Import def constraint for this timestep: \burst_ready
Import def constraint for this timestep: \complete_valid
Import def constraint for this timestep: \cancel
Import def constraint for this timestep: \done_ready
Import def constraint for this timestep: \complete_status
Import def constraint for this timestep: \cancel_status
Imported 297 cells to SAT database.
Import proof-constraint: \cover_write_done = 1'0
Final proof equation: \cover_write_done = 1'0

Setting up time step 11:
Import set-constraint: \rst = 1'0
Final constraint equation: \rst = 1'0
Import def constraint for this timestep: \clk
Import def constraint for this timestep: \rst
Import def constraint for this timestep: \req_valid
Import def constraint for this timestep: \req_write
Import def constraint for this timestep: \burst_ready
Import def constraint for this timestep: \complete_valid
Import def constraint for this timestep: \cancel
Import def constraint for this timestep: \done_ready
Import def constraint for this timestep: \complete_status
Import def constraint for this timestep: \cancel_status
Imported 297 cells to SAT database.
Import proof-constraint: \cover_write_done = 1'0
Final proof equation: \cover_write_done = 1'0

Setting up time step 12:
Import set-constraint: \rst = 1'0
Final constraint equation: \rst = 1'0
Import def constraint for this timestep: \clk
Import def constraint for this timestep: \rst
Import def constraint for this timestep: \req_valid
Import def constraint for this timestep: \req_write
Import def constraint for this timestep: \burst_ready
Import def constraint for this timestep: \complete_valid
Import def constraint for this timestep: \cancel
Import def constraint for this timestep: \done_ready
Import def constraint for this timestep: \complete_status
Import def constraint for this timestep: \cancel_status
Imported 297 cells to SAT database.
Import proof-constraint: \cover_write_done = 1'0
Final proof equation: \cover_write_done = 1'0

Setting up time step 13:
Import set-constraint: \rst = 1'0
Final constraint equation: \rst = 1'0
Import def constraint for this timestep: \clk
Import def constraint for this timestep: \rst
Import def constraint for this timestep: \req_valid
Import def constraint for this timestep: \req_write
Import def constraint for this timestep: \burst_ready
Import def constraint for this timestep: \complete_valid
Import def constraint for this timestep: \cancel
Import def constraint for this timestep: \done_ready
Import def constraint for this timestep: \complete_status
Import def constraint for this timestep: \cancel_status
Imported 297 cells to SAT database.
Import proof-constraint: \cover_write_done = 1'0
Final proof equation: \cover_write_done = 1'0

Setting up time step 14:
Import set-constraint: \rst = 1'0
Final constraint equation: \rst = 1'0
Import def constraint for this timestep: \clk
Import def constraint for this timestep: \rst
Import def constraint for this timestep: \req_valid
Import def constraint for this timestep: \req_write
Import def constraint for this timestep: \burst_ready
Import def constraint for this timestep: \complete_valid
Import def constraint for this timestep: \cancel
Import def constraint for this timestep: \done_ready
Import def constraint for this timestep: \complete_status
Import def constraint for this timestep: \cancel_status
Imported 297 cells to SAT database.
Import proof-constraint: \cover_write_done = 1'0
Final proof equation: \cover_write_done = 1'0

Setting up time step 15:
Import set-constraint: \rst = 1'0
Final constraint equation: \rst = 1'0
Import def constraint for this timestep: \clk
Import def constraint for this timestep: \rst
Import def constraint for this timestep: \req_valid
Import def constraint for this timestep: \req_write
Import def constraint for this timestep: \burst_ready
Import def constraint for this timestep: \complete_valid
Import def constraint for this timestep: \cancel
Import def constraint for this timestep: \done_ready
Import def constraint for this timestep: \complete_status
Import def constraint for this timestep: \cancel_status
Imported 297 cells to SAT database.
Import proof-constraint: \cover_write_done = 1'0
Final proof equation: \cover_write_done = 1'0

Setting up time step 16:
Import set-constraint: \rst = 1'0
Final constraint equation: \rst = 1'0
Import def constraint for this timestep: \clk
Import def constraint for this timestep: \rst
Import def constraint for this timestep: \req_valid
Import def constraint for this timestep: \req_write
Import def constraint for this timestep: \burst_ready
Import def constraint for this timestep: \complete_valid
Import def constraint for this timestep: \cancel
Import def constraint for this timestep: \done_ready
Import def constraint for this timestep: \complete_status
Import def constraint for this timestep: \cancel_status
Imported 297 cells to SAT database.
Import proof-constraint: \cover_write_done = 1'0
Final proof equation: \cover_write_done = 1'0

Setting up time step 17:
Import set-constraint: \rst = 1'0
Final constraint equation: \rst = 1'0
Import def constraint for this timestep: \clk
Import def constraint for this timestep: \rst
Import def constraint for this timestep: \req_valid
Import def constraint for this timestep: \req_write
Import def constraint for this timestep: \burst_ready
Import def constraint for this timestep: \complete_valid
Import def constraint for this timestep: \cancel
Import def constraint for this timestep: \done_ready
Import def constraint for this timestep: \complete_status
Import def constraint for this timestep: \cancel_status
Imported 297 cells to SAT database.
Import proof-constraint: \cover_write_done = 1'0
Final proof equation: \cover_write_done = 1'0

Setting up time step 18:
Import set-constraint: \rst = 1'0
Final constraint equation: \rst = 1'0
Import def constraint for this timestep: \clk
Import def constraint for this timestep: \rst
Import def constraint for this timestep: \req_valid
Import def constraint for this timestep: \req_write
Import def constraint for this timestep: \burst_ready
Import def constraint for this timestep: \complete_valid
Import def constraint for this timestep: \cancel
Import def constraint for this timestep: \done_ready
Import def constraint for this timestep: \complete_status
Import def constraint for this timestep: \cancel_status
Imported 297 cells to SAT database.
Import proof-constraint: \cover_write_done = 1'0
Final proof equation: \cover_write_done = 1'0

Setting up time step 19:
Import set-constraint: \rst = 1'0
Final constraint equation: \rst = 1'0
Import def constraint for this timestep: \clk
Import def constraint for this timestep: \rst
Import def constraint for this timestep: \req_valid
Import def constraint for this timestep: \req_write
Import def constraint for this timestep: \burst_ready
Import def constraint for this timestep: \complete_valid
Import def constraint for this timestep: \cancel
Import def constraint for this timestep: \done_ready
Import def constraint for this timestep: \complete_status
Import def constraint for this timestep: \cancel_status
Imported 297 cells to SAT database.
Import proof-constraint: \cover_write_done = 1'0
Final proof equation: \cover_write_done = 1'0

Setting up time step 20:
Import set-constraint: \rst = 1'0
Final constraint equation: \rst = 1'0
Import def constraint for this timestep: \clk
Import def constraint for this timestep: \rst
Import def constraint for this timestep: \req_valid
Import def constraint for this timestep: \req_write
Import def constraint for this timestep: \burst_ready
Import def constraint for this timestep: \complete_valid
Import def constraint for this timestep: \cancel
Import def constraint for this timestep: \done_ready
Import def constraint for this timestep: \complete_status
Import def constraint for this timestep: \cancel_status
Imported 297 cells to SAT database.
Import proof-constraint: \cover_write_done = 1'0
Final proof equation: \cover_write_done = 1'0
Import show expression: \burst_ready
Import show expression: \cancel
Import show expression: \cancel_status
Import show expression: \clk
Import show expression: \complete_status
Import show expression: \complete_valid
Import show expression: \done_ready
Import show expression: \req_valid
Import show expression: \req_write
Import show expression: \rst
Import show expression: \burst_addr
Import show expression: \burst_beats
Import show expression: \burst_final_strb
Import show expression: \burst_last
Import show expression: \burst_row
Import show expression: \burst_row_last
Import show expression: \burst_valid
Import show expression: \burst_word
Import show expression: \burst_write
Import show expression: \busy
Import show expression: \complete_ready
Import show expression: \cover_cancelled_drain
Import show expression: \cover_credit_four
Import show expression: \cover_read_done
Import show expression: \cover_simultaneous
Import show expression: \cover_write_done
Import show expression: \done_status
Import show expression: \done_valid
Import show expression: \pending
Import show expression: \req_ready

Solving problem with 655865 variables and 1844766 clauses..
SAT proof finished - model found: FAIL!

   ______                   ___       ___       _ _            _ _ 
  (_____ \                 / __)     / __)     (_) |          | | |
   _____) )___ ___   ___ _| |__    _| |__ _____ _| | _____  __| | |
  |  ____/ ___) _ \ / _ (_   __)  (_   __|____ | | || ___ |/ _  |_|
  | |   | |  | |_| | |_| || |       | |  / ___ | | || ____( (_| |_ 
  |_|   |_|   \___/ \___/ |_|       |_|  \_____|_|\_)_____)\____|_|


  Time Signal Name                                                 Dec       Hex                                                           Bin
  ---- --------------------------------------------------- ----------- --------- -------------------------------------------------------------
  init $auto$async2sync.cc:107:execute$2985                          0         0                                                             0
  init $auto$async2sync.cc:107:execute$2997                          0         0                                                             0
  init $auto$async2sync.cc:107:execute$3003                          0         0                                                             0
  init $auto$async2sync.cc:107:execute$3009                          0         0                                                             0
  init $auto$async2sync.cc:107:execute$3015                          0         0                                                             0
  init $auto$async2sync.cc:107:execute$3081                          0         0                                                             0
  init $auto$async2sync.cc:116:execute$2983                          1         1                                                             1
  init $auto$async2sync.cc:116:execute$2989                          1         1                                                             1
  init $auto$async2sync.cc:116:execute$2995                          1         1                                                             1
  init $auto$async2sync.cc:116:execute$3001                          1         1                                                             1
  init $auto$async2sync.cc:116:execute$3007                          1         1                                                             1
  init $auto$async2sync.cc:116:execute$3013                          1         1                                                             1
  init $auto$async2sync.cc:116:execute$3019                          1         1                                                             1
  init $auto$async2sync.cc:116:execute$3025                          1         1                                                             1
  init $auto$async2sync.cc:116:execute$3031                          1         1                                                             1
  init $auto$async2sync.cc:116:execute$3037                          1         1                                                             1
  init $auto$async2sync.cc:116:execute$3043                          1         1                                                             1
  init $auto$async2sync.cc:116:execute$3049                          1         1                                                             1
  init $auto$async2sync.cc:116:execute$3055                          1         1                                                             1
  init $auto$async2sync.cc:116:execute$3061                          1         1                                                             1
  init $auto$async2sync.cc:116:execute$3067                          1         1                                                             1
  init $auto$async2sync.cc:116:execute$3073                          1         1                                                             1
  init $auto$async2sync.cc:116:execute$3079                          1         1                                                             1
  init $auto$async2sync.cc:116:execute$3085                          1         1                                                             1
  init $past$/work/inputs/formal/dma_rows.sv:73$399$0                0         0                                                             0
  init $past$/work/inputs/formal/dma_rows.sv:75$400$0               --        --    1000000000000010001100000011110011000000000100010000000000
  init $past$/work/inputs/formal/dma_rows.sv:77$401$0                0         0                                                             0
  init $past$/work/inputs/formal/dma_rows.sv:79$402$0            33187      81a3                                              1000000110100011
  init \cover_cancelled_drain                                        0         0                                                             0
  init \cover_credit_four                                            0         0                                                             0
  init \cover_read_done                                              0         0                                                             0
  init \cover_simultaneous                                           0         0                                                             0
  init \cover_write_done                                             0         0                                                             0
  init \dut.burst_addr [2:0]                                         6         6                                                           110
  init \dut.burst_addr [31:3]                                383726576  16df33f0                                 10110110111110011001111110000
  init \dut.burst_beats                                             11         b                                                         01011
  init \dut.burst_row                                               31        1f                                                         11111
  init \dut.burst_word                                               6         6                                                         00110
  init \dut.cancelled                                                1         1                                                             1
  init \dut.done_status                                              0         0                                              0000000000000000
  init \dut.first_row_end                                           --        --                             000000000000000000000000000000000
  init \dut.issued_all                                               0         0                                                             0
  init \dut.last_row_index                                           0         0                                                        000000
  init \dut.last_row_offset                                         --        --                        00000000000000000000000000000000000000
  init \dut.outstanding                                              4         4                                                           100
  init \dut.rounded_row_bytes                                        0         0                                                    0000000000
  init \dut.row_address                                           1666       682                              00000000000000000000011010000010
  init \dut.saved_base                                               0         0                              00000000000000000000000000000000
  init \dut.saved_row_bytes                                         32        20                                                     000100000
  init \dut.saved_rows                                              22        16                                                        010110
  init \dut.saved_stride                                             0         0                              00000000000000000000000000000000
  init \dut.saved_write                                              0         0                                                             0
  init \dut.state                                                    0         0                                                           000
  init \dut.touched_end                                             --        --                       000000000000000000000000000000000000000
  init \dut.words_per_row                                           25        19                                                        011001
  init \ghost_write                                                  0         0                                                             0
  init \issued                                                       0         0                                                          0000
  init \past_valid                                                   0         0                                                             0
  init \pending                                                      0         0                                                          0000
  init \saw_any_cancel                                               0         0                                                             0
  init \saw_cancel                                                   0         0                                                             0
  init \stalled_burst                                                0         0                                                             0
  init \stalled_done                                                 0         0                                                             0
  ---- --------------------------------------------------- ----------- --------- -------------------------------------------------------------
     1 \burst_addr                                         -1225154682  b6f99f86                              10110110111110011001111110000110
     1 \burst_beats                                                 11         b                                                         01011
     1 \burst_final_strb                                           255        ff                                                      11111111
     1 \burst_last                                                   0         0                                                             0
     1 \burst_ready                                                  0         0                                                             0
     1 \burst_row                                                   31        1f                                                         11111
     1 \burst_row_last                                               0         0                                                             0
     1 \burst_valid                                                  0         0                                                             0
     1 \burst_word                                                   6         6                                                         00110
     1 \burst_write                                                  0         0                                                             0
     1 \busy                                                         0         0                                                             0
     1 \cancel                                                       0         0                                                             0
     1 \cancel_status                                                0         0                                              0000000000000000
     1 \clk                                                          0         0                                                             0
     1 \complete_ready                                               0         0                                                             0
     1 \complete_status                                              0         0                                              0000000000000000
     1 \complete_valid                                               0         0                                                             0
     1 \cover_cancelled_drain                                        0         0                                                             0
     1 \cover_credit_four                                            0         0                                                             0
     1 \cover_read_done                                              0         0                                                             0
     1 \cover_simultaneous                                           0         0                                                             0
     1 \cover_write_done                                             0         0                                                             0
     1 \done_ready                                                   0         0                                                             0
     1 \done_status                                                  0         0                                              0000000000000000
     1 \done_valid                                                   0         0                                                             0
     1 \pending                                                      0         0                                                          0000
     1 \req_ready                                                    0         0                                                             0
     1 \req_valid                                                    0         0                                                             0
     1 \req_write                                                    0         0                                                             0
     1 \rst                                                          1         1                                                             1
  ---- --------------------------------------------------- ----------- --------- -------------------------------------------------------------
     2 \burst_addr                                                   0         0                              00000000000000000000000000000000
     2 \burst_beats                                                  0         0                                                         00000
     2 \burst_final_strb                                           255        ff                                                      11111111
     2 \burst_last                                                   0         0                                                             0
     2 \burst_ready                                                  1         1                                                             1
     2 \burst_row                                                    0         0                                                         00000
     2 \burst_row_last                                               1         1                                                             1
     2 \burst_valid                                                  0         0                                                             0
     2 \burst_word                                                   0         0                                                         00000
     2 \burst_write                                                  0         0                                                             0
     2 \busy                                                         0         0                                                             0
     2 \cancel                                                       0         0                                                             0
     2 \cancel_status                                                0         0                                              0000000000000000
     2 \clk                                                          0         0                                                             0
     2 \complete_ready                                               0         0                                                             0
     2 \complete_status                                              0         0                                              0000000000000000
     2 \complete_valid                                               0         0                                                             0
     2 \cover_cancelled_drain                                        0         0                                                             0
     2 \cover_credit_four                                            0         0                                                             0
     2 \cover_read_done                                              0         0                                                             0
     2 \cover_simultaneous                                           0         0                                                             0
     2 \cover_write_done                                             0         0                                                             0
     2 \done_ready                                                   1         1                                                             1
     2 \done_status                                                  0         0                                              0000000000000000
     2 \done_valid                                                   0         0                                                             0
     2 \pending                                                      0         0                                                          0000
     2 \req_ready                                                    1         1                                                             1
     2 \req_valid                                                    1         1                                                             1
     2 \req_write                                                    1         1                                                             1
     2 \rst                                                          0         0                                                             0
  ---- --------------------------------------------------- ----------- --------- -------------------------------------------------------------
     3 \burst_addr                                                   0         0                              00000000000000000000000000000000
     3 \burst_beats                                                  0         0                                                         00000
     3 \burst_final_strb                                            15         f                                                      00001111
     3 \burst_last                                                   0         0                                                             0
     3 \burst_ready                                                  1         1                                                             1
     3 \burst_row                                                    0         0                                                         00000
     3 \burst_row_last                                               1         1                                                             1
     3 \burst_valid                                                  0         0                                                             0
     3 \burst_word                                                   0         0                                                         00000
     3 \burst_write                                                  1         1                                                             1
     3 \busy                                                         1         1                                                             1
     3 \cancel                                                       0         0                                                             0
     3 \cancel_status                                                4         4                                              0000000000000100
     3 \clk                                                          0         0                                                             0
     3 \complete_ready                                               0         0                                                             0
     3 \complete_status                                              0         0                                              0000000000000000
     3 \complete_valid                                               0         0                                                             0
     3 \cover_cancelled_drain                                        0         0                                                             0
     3 \cover_credit_four                                            0         0                                                             0
     3 \cover_read_done                                              0         0                                                             0
     3 \cover_simultaneous                                           0         0                                                             0
     3 \cover_write_done                                             0         0                                                             0
     3 \done_ready                                                   1         1                                                             1
     3 \done_status                                                  0         0                                              0000000000000000
     3 \done_valid                                                   0         0                                                             0
     3 \pending                                                      0         0                                                          0000
     3 \req_ready                                                    0         0                                                             0
     3 \req_valid                                                    1         1                                                             1
     3 \req_write                                                    1         1                                                             1
     3 \rst                                                          0         0                                                             0
  ---- --------------------------------------------------- ----------- --------- -------------------------------------------------------------
     4 \burst_addr                                                   0         0                              00000000000000000000000000000000
     4 \burst_beats                                                  0         0                                                         00000
     4 \burst_final_strb                                            15         f                                                      00001111
     4 \burst_last                                                   0         0                                                             0
     4 \burst_ready                                                  0         0                                                             0
     4 \burst_row                                                    0         0                                                         00000
     4 \burst_row_last                                               1         1                                                             1
     4 \burst_valid                                                  0         0                                                             0
     4 \burst_word                                                   0         0                                                         00000
     4 \burst_write                                                  1         1                                                             1
     4 \busy                                                         1         1                                                             1
     4 \cancel                                                       0         0                                                             0
     4 \cancel_status                                                0         0                                              0000000000000000
     4 \clk                                                          0         0                                                             0
     4 \complete_ready                                               0         0                                                             0
     4 \complete_status                                              0         0                                              0000000000000000
     4 \complete_valid                                               0         0                                                             0
     4 \cover_cancelled_drain                                        0         0                                                             0
     4 \cover_credit_four                                            0         0                                                             0
     4 \cover_read_done                                              0         0                                                             0
     4 \cover_simultaneous                                           0         0                                                             0
     4 \cover_write_done                                             0         0                                                             0
     4 \done_ready                                                   1         1                                                             1
     4 \done_status                                                  0         0                                              0000000000000000
     4 \done_valid                                                   0         0                                                             0
     4 \pending                                                      0         0                                                          0000
     4 \req_ready                                                    0         0                                                             0
     4 \req_valid                                                    1         1                                                             1
     4 \req_write                                                    1         1                                                             1
     4 \rst                                                          0         0                                                             0
  ---- --------------------------------------------------- ----------- --------- -------------------------------------------------------------
     5 \burst_addr                                                   0         0                              00000000000000000000000000000000
     5 \burst_beats                                                  0         0                                                         00000
     5 \burst_final_strb                                            15         f                                                      00001111
     5 \burst_last                                                   0         0                                                             0
     5 \burst_ready                                                  1         1                                                             1
     5 \burst_row                                                    0         0                                                         00000
     5 \burst_row_last                                               1         1                                                             1
     5 \burst_valid                                                  0         0                                                             0
     5 \burst_word                                                   0         0                                                         00000
     5 \burst_write                                                  1         1                                                             1
     5 \busy                                                         1         1                                                             1
     5 \cancel                                                       0         0                                                             0
     5 \cancel_status                                                4         4                                              0000000000000100
     5 \clk                                                          0         0                                                             0
     5 \complete_ready                                               0         0                                                             0
     5 \complete_status                                              0         0                                              0000000000000000
     5 \complete_valid                                               1         1                                                             1
     5 \cover_cancelled_drain                                        0         0                                                             0
     5 \cover_credit_four                                            0         0                                                             0
     5 \cover_read_done                                              0         0                                                             0
     5 \cover_simultaneous                                           0         0                                                             0
     5 \cover_write_done                                             0         0                                                             0
     5 \done_ready                                                   0         0                                                             0
     5 \done_status                                                  0         0                                              0000000000000000
     5 \done_valid                                                   0         0                                                             0
     5 \pending                                                      0         0                                                          0000
     5 \req_ready                                                    0         0                                                             0
     5 \req_valid                                                    0         0                                                             0
     5 \req_write                                                    1         1                                                             1
     5 \rst                                                          0         0                                                             0
  ---- --------------------------------------------------- ----------- --------- -------------------------------------------------------------
     6 \burst_addr                                                4080       ff0                              00000000000000000000111111110000
     6 \burst_beats                                                  2         2                                                         00010
     6 \burst_final_strb                                           255        ff                                                      11111111
     6 \burst_last                                                   0         0                                                             0
     6 \burst_ready                                                  1         1                                                             1
     6 \burst_row                                                    0         0                                                         00000
     6 \burst_row_last                                               0         0                                                             0
     6 \burst_valid                                                  1         1                                                             1
     6 \burst_word                                                   0         0                                                         00000
     6 \burst_write                                                  1         1                                                             1
     6 \busy                                                         1         1                                                             1
     6 \cancel                                                       0         0                                                             0
     6 \cancel_status                                                2         2                                              0000000000000010
     6 \clk                                                          0         0                                                             0
     6 \complete_ready                                               0         0                                                             0
     6 \complete_status                                             64        40                                              0000000001000000
     6 \complete_valid                                               1         1                                                             1
     6 \cover_cancelled_drain                                        0         0                                                             0
     6 \cover_credit_four                                            0         0                                                             0
     6 \cover_read_done                                              0         0                                                             0
     6 \cover_simultaneous                                           0         0                                                             0
     6 \cover_write_done                                             0         0                                                             0
     6 \done_ready                                                   1         1                                                             1
     6 \done_status                                                  0         0                                              0000000000000000
     6 \done_valid                                                   0         0                                                             0
     6 \pending                                                      0         0                                                          0000
     6 \req_ready                                                    0         0                                                             0
     6 \req_valid                                                    0         0                                                             0
     6 \req_write                                                    0         0                                                             0
     6 \rst                                                          0         0                                                             0
  ---- --------------------------------------------------- ----------- --------- -------------------------------------------------------------
     7 \burst_addr                                                4080       ff0                              00000000000000000000111111110000
     7 \burst_beats                                                  2         2                                                         00010
     7 \burst_final_strb                                           255        ff                                                      11111111
     7 \burst_last                                                   0         0                                                             0
     7 \burst_ready                                                  1         1                                                             1
     7 \burst_row                                                    0         0                                                         00000
     7 \burst_row_last                                               0         0                                                             0
     7 \burst_valid                                                  0         0                                                             0
     7 \burst_word                                                   0         0                                                         00000
     7 \burst_write                                                  1         1                                                             1
     7 \busy                                                         1         1                                                             1
     7 \cancel                                                       0         0                                                             0
     7 \cancel_status                                                0         0                                              0000000000000000
     7 \clk                                                          0         0                                                             0
     7 \complete_ready                                               1         1                                                             1
     7 \complete_status                                              0         0                                              0000000000000000
     7 \complete_valid                                               1         1                                                             1
     7 \cover_cancelled_drain                                        0         0                                                             0
     7 \cover_credit_four                                            0         0                                                             0
     7 \cover_read_done                                              0         0                                                             0
     7 \cover_simultaneous                                           0         0                                                             0
     7 \cover_write_done                                             0         0                                                             0
     7 \done_ready                                                   1         1                                                             1
     7 \done_status                                                  0         0                                              0000000000000000
     7 \done_valid                                                   0         0                                                             0
     7 \pending                                                      1         1                                                          0001
     7 \req_ready                                                    0         0                                                             0
     7 \req_valid                                                    0         0                                                             0
     7 \req_write                                                    1         1                                                             1
     7 \rst                                                          0         0                                                             0
  ---- --------------------------------------------------- ----------- --------- -------------------------------------------------------------
     8 \burst_addr                                                4096      1000                              00000000000000000001000000000000
     8 \burst_beats                                                  1         1                                                         00001
     8 \burst_final_strb                                            15         f                                                      00001111
     8 \burst_last                                                   0         0                                                             0
     8 \burst_ready                                                  1         1                                                             1
     8 \burst_row                                                    0         0                                                         00000
     8 \burst_row_last                                               1         1                                                             1
     8 \burst_valid                                                  1         1                                                             1
     8 \burst_word                                                   2         2                                                         00010
     8 \burst_write                                                  1         1                                                             1
     8 \busy                                                         1         1                                                             1
     8 \cancel                                                       0         0                                                             0
     8 \cancel_status                                              512       200                                              0000001000000000
     8 \clk                                                          0         0                                                             0
     8 \complete_ready                                               0         0                                                             0
     8 \complete_status                                              0         0                                              0000000000000000
     8 \complete_valid                                               0         0                                                             0
     8 \cover_cancelled_drain                                        0         0                                                             0
     8 \cover_credit_four                                            0         0                                                             0
     8 \cover_read_done                                              0         0                                                             0
     8 \cover_simultaneous                                           0         0                                                             0
     8 \cover_write_done                                             0         0                                                             0
     8 \done_ready                                                   0         0                                                             0
     8 \done_status                                                  0         0                                              0000000000000000
     8 \done_valid                                                   0         0                                                             0
     8 \pending                                                      0         0                                                          0000
     8 \req_ready                                                    0         0                                                             0
     8 \req_valid                                                    1         1                                                             1
     8 \req_write                                                    1         1                                                             1
     8 \rst                                                          0         0                                                             0
  ---- --------------------------------------------------- ----------- --------- -------------------------------------------------------------
     9 \burst_addr                                                4096      1000                              00000000000000000001000000000000
     9 \burst_beats                                                  1         1                                                         00001
     9 \burst_final_strb                                            15         f                                                      00001111
     9 \burst_last                                                   0         0                                                             0
     9 \burst_ready                                                  1         1                                                             1
     9 \burst_row                                                    0         0                                                         00000
     9 \burst_row_last                                               1         1                                                             1
     9 \burst_valid                                                  0         0                                                             0
     9 \burst_word                                                   2         2                                                         00010
     9 \burst_write                                                  1         1                                                             1
     9 \busy                                                         1         1                                                             1
     9 \cancel                                                       0         0                                                             0
     9 \cancel_status                                                0         0                                              0000000000000000
     9 \clk                                                          0         0                                                             0
     9 \complete_ready                                               1         1                                                             1
     9 \complete_status                                              0         0                                              0000000000000000
     9 \complete_valid                                               1         1                                                             1
     9 \cover_cancelled_drain                                        0         0                                                             0
     9 \cover_credit_four                                            0         0                                                             0
     9 \cover_read_done                                              0         0                                                             0
     9 \cover_simultaneous                                           0         0                                                             0
     9 \cover_write_done                                             0         0                                                             0
     9 \done_ready                                                   0         0                                                             0
     9 \done_status                                                  0         0                                              0000000000000000
     9 \done_valid                                                   0         0                                                             0
     9 \pending                                                      1         1                                                          0001
     9 \req_ready                                                    0         0                                                             0
     9 \req_valid                                                    1         1                                                             1
     9 \req_write                                                    1         1                                                             1
     9 \rst                                                          0         0                                                             0
  ---- --------------------------------------------------- ----------- --------- -------------------------------------------------------------
    10 \burst_addr                                                4144      1030                              00000000000000000001000000110000
    10 \burst_beats                                                  3         3                                                         00011
    10 \burst_final_strb                                            15         f                                                      00001111
    10 \burst_last                                                   0         0                                                             0
    10 \burst_ready                                                  1         1                                                             1
    10 \burst_row                                                    1         1                                                         00001
    10 \burst_row_last                                               1         1                                                             1
    10 \burst_valid                                                  1         1                                                             1
    10 \burst_word                                                   0         0                                                         00000
    10 \burst_write                                                  1         1                                                             1
    10 \busy                                                         1         1                                                             1
    10 \cancel                                                       0         0                                                             0
    10 \cancel_status                                                0         0                                              0000000000000000
    10 \clk                                                          0         0                                                             0
    10 \complete_ready                                               0         0                                                             0
    10 \complete_status                                              0         0                                              0000000000000000
    10 \complete_valid                                               1         1                                                             1
    10 \cover_cancelled_drain                                        0         0                                                             0
    10 \cover_credit_four                                            0         0                                                             0
    10 \cover_read_done                                              0         0                                                             0
    10 \cover_simultaneous                                           0         0                                                             0
    10 \cover_write_done                                             0         0                                                             0
    10 \done_ready                                                   0         0                                                             0
    10 \done_status                                                  0         0                                              0000000000000000
    10 \done_valid                                                   0         0                                                             0
    10 \pending                                                      0         0                                                          0000
    10 \req_ready                                                    0         0                                                             0
    10 \req_valid                                                    1         1                                                             1
    10 \req_write                                                    1         1                                                             1
    10 \rst                                                          0         0                                                             0
  ---- --------------------------------------------------- ----------- --------- -------------------------------------------------------------
    11 \burst_addr                                                4144      1030                              00000000000000000001000000110000
    11 \burst_beats                                                  3         3                                                         00011
    11 \burst_final_strb                                            15         f                                                      00001111
    11 \burst_last                                                   0         0                                                             0
    11 \burst_ready                                                  0         0                                                             0
    11 \burst_row                                                    1         1                                                         00001
    11 \burst_row_last                                               1         1                                                             1
    11 \burst_valid                                                  0         0                                                             0
    11 \burst_word                                                   0         0                                                         00000
    11 \burst_write                                                  1         1                                                             1
    11 \busy                                                         1         1                                                             1
    11 \cancel                                                       0         0                                                             0
    11 \cancel_status                                              128        80                                              0000000010000000
    11 \clk                                                          0         0                                                             0
    11 \complete_ready                                               1         1                                                             1
    11 \complete_status                                              0         0                                              0000000000000000
    11 \complete_valid                                               1         1                                                             1
    11 \cover_cancelled_drain                                        0         0                                                             0
    11 \cover_credit_four                                            0         0                                                             0
    11 \cover_read_done                                              0         0                                                             0
    11 \cover_simultaneous                                           0         0                                                             0
    11 \cover_write_done                                             0         0                                                             0
    11 \done_ready                                                   0         0                                                             0
    11 \done_status                                                  0         0                                              0000000000000000
    11 \done_valid                                                   0         0                                                             0
    11 \pending                                                      1         1                                                          0001
    11 \req_ready                                                    0         0                                                             0
    11 \req_valid                                                    1         1                                                             1
    11 \req_write                                                    1         1                                                             1
    11 \rst                                                          0         0                                                             0
  ---- --------------------------------------------------- ----------- --------- -------------------------------------------------------------
    12 \burst_addr                                                4208      1070                              00000000000000000001000001110000
    12 \burst_beats                                                  3         3                                                         00011
    12 \burst_final_strb                                            15         f                                                      00001111
    12 \burst_last                                                   0         0                                                             0
    12 \burst_ready                                                  1         1                                                             1
    12 \burst_row                                                    2         2                                                         00010
    12 \burst_row_last                                               1         1                                                             1
    12 \burst_valid                                                  1         1                                                             1
    12 \burst_word                                                   0         0                                                         00000
    12 \burst_write                                                  1         1                                                             1
    12 \busy                                                         1         1                                                             1
    12 \cancel                                                       0         0                                                             0
    12 \cancel_status                                              128        80                                              0000000010000000
    12 \clk                                                          0         0                                                             0
    12 \complete_ready                                               0         0                                                             0
    12 \complete_status                                              0         0                                              0000000000000000
    12 \complete_valid                                               0         0                                                             0
    12 \cover_cancelled_drain                                        0         0                                                             0
    12 \cover_credit_four                                            0         0                                                             0
    12 \cover_read_done                                              0         0                                                             0
    12 \cover_simultaneous                                           0         0                                                             0
    12 \cover_write_done                                             0         0                                                             0
    12 \done_ready                                                   0         0                                                             0
    12 \done_status                                                  0         0                                              0000000000000000
    12 \done_valid                                                   0         0                                                             0
    12 \pending                                                      0         0                                                          0000
    12 \req_ready                                                    0         0                                                             0
    12 \req_valid                                                    1         1                                                             1
    12 \req_write                                                    1         1                                                             1
    12 \rst                                                          0         0                                                             0
  ---- --------------------------------------------------- ----------- --------- -------------------------------------------------------------
    13 \burst_addr                                                4208      1070                              00000000000000000001000001110000
    13 \burst_beats                                                  3         3                                                         00011
    13 \burst_final_strb                                            15         f                                                      00001111
    13 \burst_last                                                   0         0                                                             0
    13 \burst_ready                                                  0         0                                                             0
    13 \burst_row                                                    2         2                                                         00010
    13 \burst_row_last                                               1         1                                                             1
    13 \burst_valid                                                  0         0                                                             0
    13 \burst_word                                                   0         0                                                         00000
    13 \burst_write                                                  1         1                                                             1
    13 \busy                                                         1         1                                                             1
    13 \cancel                                                       0         0                                                             0
    13 \cancel_status                                                1         1                                              0000000000000001
    13 \clk                                                          0         0                                                             0
    13 \complete_ready                                               1         1                                                             1
    13 \complete_status                                              0         0                                              0000000000000000
    13 \complete_valid                                               1         1                                                             1
    13 \cover_cancelled_drain                                        0         0                                                             0
    13 \cover_credit_four                                            0         0                                                             0
    13 \cover_read_done                                              0         0                                                             0
    13 \cover_simultaneous                                           0         0                                                             0
    13 \cover_write_done                                             0         0                                                             0
    13 \done_ready                                                   0         0                                                             0
    13 \done_status                                                  0         0                                              0000000000000000
    13 \done_valid                                                   0         0                                                             0
    13 \pending                                                      1         1                                                          0001
    13 \req_ready                                                    0         0                                                             0
    13 \req_valid                                                    1         1                                                             1
    13 \req_write                                                    1         1                                                             1
    13 \rst                                                          0         0                                                             0
  ---- --------------------------------------------------- ----------- --------- -------------------------------------------------------------
    14 \burst_addr                                                4272      10b0                              00000000000000000001000010110000
    14 \burst_beats                                                  3         3                                                         00011
    14 \burst_final_strb                                            15         f                                                      00001111
    14 \burst_last                                                   1         1                                                             1
    14 \burst_ready                                                  0         0                                                             0
    14 \burst_row                                                    3         3                                                         00011
    14 \burst_row_last                                               1         1                                                             1
    14 \burst_valid                                                  1         1                                                             1
    14 \burst_word                                                   0         0                                                         00000
    14 \burst_write                                                  1         1                                                             1
    14 \busy                                                         1         1                                                             1
    14 \cancel                                                       0         0                                                             0
    14 \cancel_status                                                0         0                                              0000000000000000
    14 \clk                                                          0         0                                                             0
    14 \complete_ready                                               0         0                                                             0
    14 \complete_status                                          32768      8000                                              1000000000000000
    14 \complete_valid                                               0         0                                                             0
    14 \cover_cancelled_drain                                        0         0                                                             0
    14 \cover_credit_four                                            0         0                                                             0
    14 \cover_read_done                                              0         0                                                             0
    14 \cover_simultaneous                                           0         0                                                             0
    14 \cover_write_done                                             0         0                                                             0
    14 \done_ready                                                   0         0                                                             0
    14 \done_status                                                  0         0                                              0000000000000000
    14 \done_valid                                                   0         0                                                             0
    14 \pending                                                      0         0                                                          0000
    14 \req_ready                                                    0         0                                                             0
    14 \req_valid                                                    0         0                                                             0
    14 \req_write                                                    1         1                                                             1
    14 \rst                                                          0         0                                                             0
  ---- --------------------------------------------------- ----------- --------- -------------------------------------------------------------
    15 \burst_addr                                                4272      10b0                              00000000000000000001000010110000
    15 \burst_beats                                                  3         3                                                         00011
    15 \burst_final_strb                                            15         f                                                      00001111
    15 \burst_last                                                   1         1                                                             1
    15 \burst_ready                                                  1         1                                                             1
    15 \burst_row                                                    3         3                                                         00011
    15 \burst_row_last                                               1         1                                                             1
    15 \burst_valid                                                  1         1                                                             1
    15 \burst_word                                                   0         0                                                         00000
    15 \burst_write                                                  1         1                                                             1
    15 \busy                                                         1         1                                                             1
    15 \cancel                                                       0         0                                                             0
    15 \cancel_status                                             1024       400                                              0000010000000000
    15 \clk                                                          0         0                                                             0
    15 \complete_ready                                               0         0                                                             0
    15 \complete_status                                              0         0                                              0000000000000000
    15 \complete_valid                                               1         1                                                             1
    15 \cover_cancelled_drain                                        0         0                                                             0
    15 \cover_credit_four                                            0         0                                                             0
    15 \cover_read_done                                              0         0                                                             0
    15 \cover_simultaneous                                           0         0                                                             0
    15 \cover_write_done                                             0         0                                                             0
    15 \done_ready                                                   0         0                                                             0
    15 \done_status                                                  0         0                                              0000000000000000
    15 \done_valid                                                   0         0                                                             0
    15 \pending                                                      0         0                                                          0000
    15 \req_ready                                                    0         0                                                             0
    15 \req_valid                                                    1         1                                                             1
    15 \req_write                                                    1         1                                                             1
    15 \rst                                                          0         0                                                             0
  ---- --------------------------------------------------- ----------- --------- -------------------------------------------------------------
    16 \burst_addr                                                4272      10b0                              00000000000000000001000010110000
    16 \burst_beats                                                  3         3                                                         00011
    16 \burst_final_strb                                            15         f                                                      00001111
    16 \burst_last                                                   1         1                                                             1
    16 \burst_ready                                                  0         0                                                             0
    16 \burst_row                                                    3         3                                                         00011
    16 \burst_row_last                                               1         1                                                             1
    16 \burst_valid                                                  0         0                                                             0
    16 \burst_word                                                   0         0                                                         00000
    16 \burst_write                                                  1         1                                                             1
    16 \busy                                                         1         1                                                             1
    16 \cancel                                                       0         0                                                             0
    16 \cancel_status                                                0         0                                              0000000000000000
    16 \clk                                                          0         0                                                             0
    16 \complete_ready                                               1         1                                                             1
    16 \complete_status                                              0         0                                              0000000000000000
    16 \complete_valid                                               0         0                                                             0
    16 \cover_cancelled_drain                                        0         0                                                             0
    16 \cover_credit_four                                            0         0                                                             0
    16 \cover_read_done                                              0         0                                                             0
    16 \cover_simultaneous                                           0         0                                                             0
    16 \cover_write_done                                             0         0                                                             0
    16 \done_ready                                                   0         0                                                             0
    16 \done_status                                                  0         0                                              0000000000000000
    16 \done_valid                                                   0         0                                                             0
    16 \pending                                                      1         1                                                          0001
    16 \req_ready                                                    0         0                                                             0
    16 \req_valid                                                    0         0                                                             0
    16 \req_write                                                    1         1                                                             1
    16 \rst                                                          0         0                                                             0
  ---- --------------------------------------------------- ----------- --------- -------------------------------------------------------------
    17 \burst_addr                                                4272      10b0                              00000000000000000001000010110000
    17 \burst_beats                                                  3         3                                                         00011
    17 \burst_final_strb                                            15         f                                                      00001111
    17 \burst_last                                                   1         1                                                             1
    17 \burst_ready                                                  1         1                                                             1
    17 \burst_row                                                    3         3                                                         00011
    17 \burst_row_last                                               1         1                                                             1
    17 \burst_valid                                                  0         0                                                             0
    17 \burst_word                                                   0         0                                                         00000
    17 \burst_write                                                  1         1                                                             1
    17 \busy                                                         1         1                                                             1
    17 \cancel                                                       0         0                                                             0
    17 \cancel_status                                                0         0                                              0000000000000000
    17 \clk                                                          0         0                                                             0
    17 \complete_ready                                               1         1                                                             1
    17 \complete_status                                              0         0                                              0000000000000000
    17 \complete_valid                                               1         1                                                             1
    17 \cover_cancelled_drain                                        0         0                                                             0
    17 \cover_credit_four                                            0         0                                                             0
    17 \cover_read_done                                              0         0                                                             0
    17 \cover_simultaneous                                           0         0                                                             0
    17 \cover_write_done                                             0         0                                                             0
    17 \done_ready                                                   1         1                                                             1
    17 \done_status                                                  0         0                                              0000000000000000
    17 \done_valid                                                   0         0                                                             0
    17 \pending                                                      1         1                                                          0001
    17 \req_ready                                                    0         0                                                             0
    17 \req_valid                                                    1         1                                                             1
    17 \req_write                                                    0         0                                                             0
    17 \rst                                                          0         0                                                             0
  ---- --------------------------------------------------- ----------- --------- -------------------------------------------------------------
    18 \burst_addr                                                4272      10b0                              00000000000000000001000010110000
    18 \burst_beats                                                  3         3                                                         00011
    18 \burst_final_strb                                            15         f                                                      00001111
    18 \burst_last                                                   1         1                                                             1
    18 \burst_ready                                                  1         1                                                             1
    18 \burst_row                                                    3         3                                                         00011
    18 \burst_row_last                                               1         1                                                             1
    18 \burst_valid                                                  0         0                                                             0
    18 \burst_word                                                   0         0                                                         00000
    18 \burst_write                                                  1         1                                                             1
    18 \busy                                                         1         1                                                             1
    18 \cancel                                                       0         0                                                             0
    18 \cancel_status                                                0         0                                              0000000000000000
    18 \clk                                                          0         0                                                             0
    18 \complete_ready                                               0         0                                                             0
    18 \complete_status                                              0         0                                              0000000000000000
    18 \complete_valid                                               1         1                                                             1
    18 \cover_cancelled_drain                                        0         0                                                             0
    18 \cover_credit_four                                            0         0                                                             0
    18 \cover_read_done                                              0         0                                                             0
    18 \cover_simultaneous                                           0         0                                                             0
    18 \cover_write_done                                             0         0                                                             0
    18 \done_ready                                                   0         0                                                             0
    18 \done_status                                                  0         0                                              0000000000000000
    18 \done_valid                                                   1         1                                                             1
    18 \pending                                                      0         0                                                          0000
    18 \req_ready                                                    0         0                                                             0
    18 \req_valid                                                    0         0                                                             0
    18 \req_write                                                    1         1                                                             1
    18 \rst                                                          0         0                                                             0
  ---- --------------------------------------------------- ----------- --------- -------------------------------------------------------------
    19 \burst_addr                                                4272      10b0                              00000000000000000001000010110000
    19 \burst_beats                                                  3         3                                                         00011
    19 \burst_final_strb                                            15         f                                                      00001111
    19 \burst_last                                                   1         1                                                             1
    19 \burst_ready                                                  0         0                                                             0
    19 \burst_row                                                    3         3                                                         00011
    19 \burst_row_last                                               1         1                                                             1
    19 \burst_valid                                                  0         0                                                             0
    19 \burst_word                                                   0         0                                                         00000
    19 \burst_write                                                  1         1                                                             1
    19 \busy                                                         1         1                                                             1
    19 \cancel                                                       0         0                                                             0
    19 \cancel_status                                                0         0                                              0000000000000000
    19 \clk                                                          0         0                                                             0
    19 \complete_ready                                               0         0                                                             0
    19 \complete_status                                              0         0                                              0000000000000000
    19 \complete_valid                                               0         0                                                             0
    19 \cover_cancelled_drain                                        0         0                                                             0
    19 \cover_credit_four                                            0         0                                                             0
    19 \cover_read_done                                              0         0                                                             0
    19 \cover_simultaneous                                           0         0                                                             0
    19 \cover_write_done                                             0         0                                                             0
    19 \done_ready                                                   1         1                                                             1
    19 \done_status                                                  0         0                                              0000000000000000
    19 \done_valid                                                   1         1                                                             1
    19 \pending                                                      0         0                                                          0000
    19 \req_ready                                                    0         0                                                             0
    19 \req_valid                                                    0         0                                                             0
    19 \req_write                                                    0         0                                                             0
    19 \rst                                                          0         0                                                             0
  ---- --------------------------------------------------- ----------- --------- -------------------------------------------------------------
    20 \burst_addr                                                4272      10b0                              00000000000000000001000010110000
    20 \burst_beats                                                  3         3                                                         00011
    20 \burst_final_strb                                            15         f                                                      00001111
    20 \burst_last                                                   1         1                                                             1
    20 \burst_ready                                                  0         0                                                             0
    20 \burst_row                                                    3         3                                                         00011
    20 \burst_row_last                                               1         1                                                             1
    20 \burst_valid                                                  0         0                                                             0
    20 \burst_word                                                   0         0                                                         00000
    20 \burst_write                                                  1         1                                                             1
    20 \busy                                                         0         0                                                             0
    20 \cancel                                                       0         0                                                             0
    20 \cancel_status                                                1         1                                              0000000000000001
    20 \clk                                                          0         0                                                             0
    20 \complete_ready                                               0         0                                                             0
    20 \complete_status                                              0         0                                              0000000000000000
    20 \complete_valid                                               1         1                                                             1
    20 \cover_cancelled_drain                                        0         0                                                             0
    20 \cover_credit_four                                            0         0                                                             0
    20 \cover_read_done                                              0         0                                                             0
    20 \cover_simultaneous                                           0         0                                                             0
    20 \cover_write_done                                             1         1                                                             1
    20 \done_ready                                                   1         1                                                             1
    20 \done_status                                                  0         0                                              0000000000000000
    20 \done_valid                                                   0         0                                                             0
    20 \pending                                                      0         0                                                          0000
    20 \req_ready                                                    1         1                                                             1
    20 \req_valid                                                    1         1                                                             1
    20 \req_write                                                    0         0                                                             0
    20 \rst                                                          0         0                                                             0
Dumping SAT model to VCD file /work/read4_write_done.vcd
Dumping SAT model to WaveJSON file '/work/read4_write_done.json'.

End of script. Logfile hash: 45dda44b38, time: 3.09s, user: 3.09s, system: 0.00s
Yosys 0.69 (git sha1 9f75ca1f9, Release, Clang /workspace/YoWASP/yosys/wasi-sdk-33.0-x86_64-linux/share/cmake/../..//bin/clang++ 22.1.0)
Time spent: 94% 1x sat (2 sec), 1% 1x proc_mux (0 sec), ...
