name,job_id,index,tile,kind,row,word,address,beats,command_offer,command,ar,aw,gather_complete,b,local_done,r_first,r_last,r_count,r_gap_histogram,local_reads_first,local_reads_last,local_reads_count,local_reads_gap_histogram,loads_first,loads_last,loads_count,loads_gap_histogram,result_requests_first,result_requests_last,result_requests_count,result_requests_gap_histogram,result_responses_first,result_responses_last,result_responses_count,result_responses_gap_histogram,local_writes_first,local_writes_last,local_writes_count,local_writes_gap_histogram,w_first,w_last,w_count,w_gap_histogram,command_to_ar,ar_to_first_r,remaining_r_span,last_r_to_last_bank_load,last_bank_load_to_local_done,c_gather,aw_w_issue,b_response,b_to_local_done
dense,1,0,0,a,0,0,64,16,6,6,7,,,,42,9,24,16,1:15,25,40,16,1:15,26,41,16,1:15,,,0,,,,0,,,,0,,,,0,,1,2,15,17,1,,,,
dense,1,1,0,a,0,16,192,16,45,45,46,,,,81,48,63,16,1:15,64,79,16,1:15,65,80,16,1:15,,,0,,,,0,,,,0,,,,0,,1,2,15,17,1,,,,
dense,1,2,0,a,1,0,320,16,84,84,85,,,,120,87,102,16,1:15,103,118,16,1:15,104,119,16,1:15,,,0,,,,0,,,,0,,,,0,,1,2,15,17,1,,,,
dense,1,3,0,a,1,16,448,16,123,123,124,,,,159,126,141,16,1:15,142,157,16,1:15,143,158,16,1:15,,,0,,,,0,,,,0,,,,0,,1,2,15,17,1,,,,
dense,1,4,0,a,2,0,576,16,162,162,163,,,,198,165,180,16,1:15,181,196,16,1:15,182,197,16,1:15,,,0,,,,0,,,,0,,,,0,,1,2,15,17,1,,,,
dense,1,5,0,a,2,16,704,16,201,201,202,,,,237,204,219,16,1:15,220,235,16,1:15,221,236,16,1:15,,,0,,,,0,,,,0,,,,0,,1,2,15,17,1,,,,
dense,1,6,0,a,3,0,832,16,240,240,241,,,,276,243,258,16,1:15,259,274,16,1:15,260,275,16,1:15,,,0,,,,0,,,,0,,,,0,,1,2,15,17,1,,,,
dense,1,7,0,a,3,16,960,16,279,279,280,,,,315,282,297,16,1:15,298,313,16,1:15,299,314,16,1:15,,,0,,,,0,,,,0,,,,0,,1,2,15,17,1,,,,
dense,1,8,0,a,4,0,1088,16,318,318,319,,,,354,321,336,16,1:15,337,352,16,1:15,338,353,16,1:15,,,0,,,,0,,,,0,,,,0,,1,2,15,17,1,,,,
dense,1,9,0,a,4,16,1216,16,357,357,358,,,,393,360,375,16,1:15,376,391,16,1:15,377,392,16,1:15,,,0,,,,0,,,,0,,,,0,,1,2,15,17,1,,,,
dense,1,10,0,a,5,0,1344,16,396,396,397,,,,432,399,414,16,1:15,415,430,16,1:15,416,431,16,1:15,,,0,,,,0,,,,0,,,,0,,1,2,15,17,1,,,,
dense,1,11,0,a,5,16,1472,16,435,435,436,,,,471,438,453,16,1:15,454,469,16,1:15,455,470,16,1:15,,,0,,,,0,,,,0,,,,0,,1,2,15,17,1,,,,
dense,1,12,0,a,6,0,1600,16,474,474,475,,,,510,477,492,16,1:15,493,508,16,1:15,494,509,16,1:15,,,0,,,,0,,,,0,,,,0,,1,2,15,17,1,,,,
dense,1,13,0,a,6,16,1728,16,513,513,514,,,,549,516,531,16,1:15,532,547,16,1:15,533,548,16,1:15,,,0,,,,0,,,,0,,,,0,,1,2,15,17,1,,,,
dense,1,14,0,a,7,0,1856,16,552,552,553,,,,588,555,570,16,1:15,571,586,16,1:15,572,587,16,1:15,,,0,,,,0,,,,0,,,,0,,1,2,15,17,1,,,,
dense,1,15,0,a,7,16,1984,16,591,591,592,,,,627,594,609,16,1:15,610,625,16,1:15,611,626,16,1:15,,,0,,,,0,,,,0,,,,0,,1,2,15,17,1,,,,
dense,1,16,0,bt,0,0,8384,16,635,635,636,,,,671,638,653,16,1:15,654,669,16,1:15,655,670,16,1:15,,,0,,,,0,,,,0,,,,0,,1,2,15,17,1,,,,
dense,1,17,0,bt,0,16,8512,16,674,674,675,,,,710,677,692,16,1:15,693,708,16,1:15,694,709,16,1:15,,,0,,,,0,,,,0,,,,0,,1,2,15,17,1,,,,
dense,1,18,0,bt,1,0,8640,16,713,713,714,,,,749,716,731,16,1:15,732,747,16,1:15,733,748,16,1:15,,,0,,,,0,,,,0,,,,0,,1,2,15,17,1,,,,
dense,1,19,0,bt,1,16,8768,16,752,752,753,,,,788,755,770,16,1:15,771,786,16,1:15,772,787,16,1:15,,,0,,,,0,,,,0,,,,0,,1,2,15,17,1,,,,
dense,1,20,0,bt,2,0,8896,16,791,791,792,,,,827,794,809,16,1:15,810,825,16,1:15,811,826,16,1:15,,,0,,,,0,,,,0,,,,0,,1,2,15,17,1,,,,
dense,1,21,0,bt,2,16,9024,16,830,830,831,,,,866,833,848,16,1:15,849,864,16,1:15,850,865,16,1:15,,,0,,,,0,,,,0,,,,0,,1,2,15,17,1,,,,
dense,1,22,0,bt,3,0,9152,16,869,869,870,,,,905,872,887,16,1:15,888,903,16,1:15,889,904,16,1:15,,,0,,,,0,,,,0,,,,0,,1,2,15,17,1,,,,
dense,1,23,0,bt,3,16,9280,16,908,908,909,,,,944,911,926,16,1:15,927,942,16,1:15,928,943,16,1:15,,,0,,,,0,,,,0,,,,0,,1,2,15,17,1,,,,
dense,1,24,0,bt,4,0,9408,16,947,947,948,,,,983,950,965,16,1:15,966,981,16,1:15,967,982,16,1:15,,,0,,,,0,,,,0,,,,0,,1,2,15,17,1,,,,
dense,1,25,0,bt,4,16,9536,16,986,986,987,,,,1022,989,1004,16,1:15,1005,1020,16,1:15,1006,1021,16,1:15,,,0,,,,0,,,,0,,,,0,,1,2,15,17,1,,,,
dense,1,26,0,bt,5,0,9664,16,1025,1025,1026,,,,1061,1028,1043,16,1:15,1044,1059,16,1:15,1045,1060,16,1:15,,,0,,,,0,,,,0,,,,0,,1,2,15,17,1,,,,
dense,1,27,0,bt,5,16,9792,16,1064,1064,1065,,,,1100,1067,1082,16,1:15,1083,1098,16,1:15,1084,1099,16,1:15,,,0,,,,0,,,,0,,,,0,,1,2,15,17,1,,,,
dense,1,28,0,bt,6,0,9920,16,1103,1103,1104,,,,1139,1106,1121,16,1:15,1122,1137,16,1:15,1123,1138,16,1:15,,,0,,,,0,,,,0,,,,0,,1,2,15,17,1,,,,
dense,1,29,0,bt,6,16,10048,16,1142,1142,1143,,,,1178,1145,1160,16,1:15,1161,1176,16,1:15,1162,1177,16,1:15,,,0,,,,0,,,,0,,,,0,,1,2,15,17,1,,,,
dense,1,30,0,bt,7,0,10176,16,1181,1181,1182,,,,1217,1184,1199,16,1:15,1200,1215,16,1:15,1201,1216,16,1:15,,,0,,,,0,,,,0,,,,0,,1,2,15,17,1,,,,
dense,1,31,0,bt,7,16,10304,16,1220,1220,1221,,,,1256,1223,1238,16,1:15,1239,1254,16,1:15,1240,1255,16,1:15,,,0,,,,0,,,,0,,,,0,,1,2,15,17,1,,,,
dense,1,32,0,c,0,0,16704,4,2350,2350,,2371,2370,2376,2377,,,0,,,,0,,,,0,,2352,2367,4,5:3,2354,2369,4,5:3,2355,2370,4,5:3,2371,2374,4,1:3,,,,,,20,4,2,1
dense,1,33,0,c,1,0,16832,4,2380,2380,,2401,2400,2406,2407,,,0,,,,0,,,,0,,2382,2397,4,5:3,2384,2399,4,5:3,2385,2400,4,5:3,2401,2404,4,1:3,,,,,,20,4,2,1
dense,1,34,0,c,2,0,16960,4,2410,2410,,2431,2430,2436,2437,,,0,,,,0,,,,0,,2412,2427,4,5:3,2414,2429,4,5:3,2415,2430,4,5:3,2431,2434,4,1:3,,,,,,20,4,2,1
dense,1,35,0,c,3,0,17088,4,2440,2440,,2461,2460,2466,2467,,,0,,,,0,,,,0,,2442,2457,4,5:3,2444,2459,4,5:3,2445,2460,4,5:3,2461,2464,4,1:3,,,,,,20,4,2,1
dense,1,36,0,c,4,0,17216,4,2470,2470,,2491,2490,2496,2497,,,0,,,,0,,,,0,,2472,2487,4,5:3,2474,2489,4,5:3,2475,2490,4,5:3,2491,2494,4,1:3,,,,,,20,4,2,1
dense,1,37,0,c,5,0,17344,4,2500,2500,,2521,2520,2526,2527,,,0,,,,0,,,,0,,2502,2517,4,5:3,2504,2519,4,5:3,2505,2520,4,5:3,2521,2524,4,1:3,,,,,,20,4,2,1
dense,1,38,0,c,6,0,17472,4,2530,2530,,2551,2550,2556,2557,,,0,,,,0,,,,0,,2532,2547,4,5:3,2534,2549,4,5:3,2535,2550,4,5:3,2551,2554,4,1:3,,,,,,20,4,2,1
dense,1,39,0,c,7,0,17600,4,2560,2560,,2581,2580,2586,2587,,,0,,,,0,,,,0,,2562,2577,4,5:3,2564,2579,4,5:3,2565,2580,4,5:3,2581,2584,4,1:3,,,,,,20,4,2,1
dense,1,40,1,a,0,0,64,16,2596,2596,2597,,,,2632,2599,2614,16,1:15,2615,2630,16,1:15,2616,2631,16,1:15,,,0,,,,0,,,,0,,,,0,,1,2,15,17,1,,,,
dense,1,41,1,a,0,16,192,16,2635,2635,2636,,,,2671,2638,2653,16,1:15,2654,2669,16,1:15,2655,2670,16,1:15,,,0,,,,0,,,,0,,,,0,,1,2,15,17,1,,,,
dense,1,42,1,a,1,0,320,16,2674,2674,2675,,,,2710,2677,2692,16,1:15,2693,2708,16,1:15,2694,2709,16,1:15,,,0,,,,0,,,,0,,,,0,,1,2,15,17,1,,,,
dense,1,43,1,a,1,16,448,16,2713,2713,2714,,,,2749,2716,2731,16,1:15,2732,2747,16,1:15,2733,2748,16,1:15,,,0,,,,0,,,,0,,,,0,,1,2,15,17,1,,,,
dense,1,44,1,a,2,0,576,16,2752,2752,2753,,,,2788,2755,2770,16,1:15,2771,2786,16,1:15,2772,2787,16,1:15,,,0,,,,0,,,,0,,,,0,,1,2,15,17,1,,,,
dense,1,45,1,a,2,16,704,16,2791,2791,2792,,,,2827,2794,2809,16,1:15,2810,2825,16,1:15,2811,2826,16,1:15,,,0,,,,0,,,,0,,,,0,,1,2,15,17,1,,,,
dense,1,46,1,a,3,0,832,16,2830,2830,2831,,,,2866,2833,2848,16,1:15,2849,2864,16,1:15,2850,2865,16,1:15,,,0,,,,0,,,,0,,,,0,,1,2,15,17,1,,,,
dense,1,47,1,a,3,16,960,16,2869,2869,2870,,,,2905,2872,2887,16,1:15,2888,2903,16,1:15,2889,2904,16,1:15,,,0,,,,0,,,,0,,,,0,,1,2,15,17,1,,,,
dense,1,48,1,a,4,0,1088,16,2908,2908,2909,,,,2944,2911,2926,16,1:15,2927,2942,16,1:15,2928,2943,16,1:15,,,0,,,,0,,,,0,,,,0,,1,2,15,17,1,,,,
dense,1,49,1,a,4,16,1216,16,2947,2947,2948,,,,2983,2950,2965,16,1:15,2966,2981,16,1:15,2967,2982,16,1:15,,,0,,,,0,,,,0,,,,0,,1,2,15,17,1,,,,
dense,1,50,1,a,5,0,1344,16,2986,2986,2987,,,,3022,2989,3004,16,1:15,3005,3020,16,1:15,3006,3021,16,1:15,,,0,,,,0,,,,0,,,,0,,1,2,15,17,1,,,,
dense,1,51,1,a,5,16,1472,16,3025,3025,3026,,,,3061,3028,3043,16,1:15,3044,3059,16,1:15,3045,3060,16,1:15,,,0,,,,0,,,,0,,,,0,,1,2,15,17,1,,,,
dense,1,52,1,a,6,0,1600,16,3064,3064,3065,,,,3100,3067,3082,16,1:15,3083,3098,16,1:15,3084,3099,16,1:15,,,0,,,,0,,,,0,,,,0,,1,2,15,17,1,,,,
dense,1,53,1,a,6,16,1728,16,3103,3103,3104,,,,3139,3106,3121,16,1:15,3122,3137,16,1:15,3123,3138,16,1:15,,,0,,,,0,,,,0,,,,0,,1,2,15,17,1,,,,
dense,1,54,1,a,7,0,1856,16,3142,3142,3143,,,,3178,3145,3160,16,1:15,3161,3176,16,1:15,3162,3177,16,1:15,,,0,,,,0,,,,0,,,,0,,1,2,15,17,1,,,,
dense,1,55,1,a,7,16,1984,16,3181,3181,3182,,,,3217,3184,3199,16,1:15,3200,3215,16,1:15,3201,3216,16,1:15,,,0,,,,0,,,,0,,,,0,,1,2,15,17,1,,,,
dense,1,56,1,bt,0,0,10432,16,3225,3225,3226,,,,3261,3228,3243,16,1:15,3244,3259,16,1:15,3245,3260,16,1:15,,,0,,,,0,,,,0,,,,0,,1,2,15,17,1,,,,
dense,1,57,1,bt,0,16,10560,16,3264,3264,3265,,,,3300,3267,3282,16,1:15,3283,3298,16,1:15,3284,3299,16,1:15,,,0,,,,0,,,,0,,,,0,,1,2,15,17,1,,,,
dense,1,58,1,bt,1,0,10688,16,3303,3303,3304,,,,3339,3306,3321,16,1:15,3322,3337,16,1:15,3323,3338,16,1:15,,,0,,,,0,,,,0,,,,0,,1,2,15,17,1,,,,
dense,1,59,1,bt,1,16,10816,16,3342,3342,3343,,,,3378,3345,3360,16,1:15,3361,3376,16,1:15,3362,3377,16,1:15,,,0,,,,0,,,,0,,,,0,,1,2,15,17,1,,,,
dense,1,60,1,bt,2,0,10944,16,3381,3381,3382,,,,3417,3384,3399,16,1:15,3400,3415,16,1:15,3401,3416,16,1:15,,,0,,,,0,,,,0,,,,0,,1,2,15,17,1,,,,
dense,1,61,1,bt,2,16,11072,16,3420,3420,3421,,,,3456,3423,3438,16,1:15,3439,3454,16,1:15,3440,3455,16,1:15,,,0,,,,0,,,,0,,,,0,,1,2,15,17,1,,,,
dense,1,62,1,bt,3,0,11200,16,3459,3459,3460,,,,3495,3462,3477,16,1:15,3478,3493,16,1:15,3479,3494,16,1:15,,,0,,,,0,,,,0,,,,0,,1,2,15,17,1,,,,
dense,1,63,1,bt,3,16,11328,16,3498,3498,3499,,,,3534,3501,3516,16,1:15,3517,3532,16,1:15,3518,3533,16,1:15,,,0,,,,0,,,,0,,,,0,,1,2,15,17,1,,,,
dense,1,64,1,bt,4,0,11456,16,3537,3537,3538,,,,3573,3540,3555,16,1:15,3556,3571,16,1:15,3557,3572,16,1:15,,,0,,,,0,,,,0,,,,0,,1,2,15,17,1,,,,
dense,1,65,1,bt,4,16,11584,16,3576,3576,3577,,,,3612,3579,3594,16,1:15,3595,3610,16,1:15,3596,3611,16,1:15,,,0,,,,0,,,,0,,,,0,,1,2,15,17,1,,,,
dense,1,66,1,bt,5,0,11712,16,3615,3615,3616,,,,3651,3618,3633,16,1:15,3634,3649,16,1:15,3635,3650,16,1:15,,,0,,,,0,,,,0,,,,0,,1,2,15,17,1,,,,
dense,1,67,1,bt,5,16,11840,16,3654,3654,3655,,,,3690,3657,3672,16,1:15,3673,3688,16,1:15,3674,3689,16,1:15,,,0,,,,0,,,,0,,,,0,,1,2,15,17,1,,,,
dense,1,68,1,bt,6,0,11968,16,3693,3693,3694,,,,3729,3696,3711,16,1:15,3712,3727,16,1:15,3713,3728,16,1:15,,,0,,,,0,,,,0,,,,0,,1,2,15,17,1,,,,
dense,1,69,1,bt,6,16,12096,16,3732,3732,3733,,,,3768,3735,3750,16,1:15,3751,3766,16,1:15,3752,3767,16,1:15,,,0,,,,0,,,,0,,,,0,,1,2,15,17,1,,,,
dense,1,70,1,bt,7,0,12224,8,3771,3771,3772,,,,3791,3774,3781,8,1:7,3782,3789,8,1:7,3783,3790,8,1:7,,,0,,,,0,,,,0,,,,0,,1,2,7,9,1,,,,
dense,1,71,1,bt,7,8,12288,16,3794,3794,3795,,,,3830,3797,3812,16,1:15,3813,3828,16,1:15,3814,3829,16,1:15,,,0,,,,0,,,,0,,,,0,,1,2,15,17,1,,,,
dense,1,72,1,bt,7,24,12416,8,3833,3833,3834,,,,3853,3836,3843,8,1:7,3844,3851,8,1:7,3845,3852,8,1:7,,,0,,,,0,,,,0,,,,0,,1,2,7,9,1,,,,
dense,1,73,1,c,0,0,16736,4,4947,4947,,4968,4967,4973,4974,,,0,,,,0,,,,0,,4949,4964,4,5:3,4951,4966,4,5:3,4952,4967,4,5:3,4968,4971,4,1:3,,,,,,20,4,2,1
dense,1,74,1,c,1,0,16864,4,4977,4977,,4998,4997,5003,5004,,,0,,,,0,,,,0,,4979,4994,4,5:3,4981,4996,4,5:3,4982,4997,4,5:3,4998,5001,4,1:3,,,,,,20,4,2,1
dense,1,75,1,c,2,0,16992,4,5007,5007,,5028,5027,5033,5034,,,0,,,,0,,,,0,,5009,5024,4,5:3,5011,5026,4,5:3,5012,5027,4,5:3,5028,5031,4,1:3,,,,,,20,4,2,1
dense,1,76,1,c,3,0,17120,4,5037,5037,,5058,5057,5063,5064,,,0,,,,0,,,,0,,5039,5054,4,5:3,5041,5056,4,5:3,5042,5057,4,5:3,5058,5061,4,1:3,,,,,,20,4,2,1
dense,1,77,1,c,4,0,17248,4,5067,5067,,5088,5087,5093,5094,,,0,,,,0,,,,0,,5069,5084,4,5:3,5071,5086,4,5:3,5072,5087,4,5:3,5088,5091,4,1:3,,,,,,20,4,2,1
dense,1,78,1,c,5,0,17376,4,5097,5097,,5118,5117,5123,5124,,,0,,,,0,,,,0,,5099,5114,4,5:3,5101,5116,4,5:3,5102,5117,4,5:3,5118,5121,4,1:3,,,,,,20,4,2,1
dense,1,79,1,c,6,0,17504,4,5127,5127,,5148,5147,5153,5154,,,0,,,,0,,,,0,,5129,5144,4,5:3,5131,5146,4,5:3,5132,5147,4,5:3,5148,5151,4,1:3,,,,,,20,4,2,1
dense,1,80,1,c,7,0,17632,4,5157,5157,,5178,5177,5183,5184,,,0,,,,0,,,,0,,5159,5174,4,5:3,5161,5176,4,5:3,5162,5177,4,5:3,5178,5181,4,1:3,,,,,,20,4,2,1
dense,1,81,2,a,0,0,64,16,5193,5193,5194,,,,5229,5196,5211,16,1:15,5212,5227,16,1:15,5213,5228,16,1:15,,,0,,,,0,,,,0,,,,0,,1,2,15,17,1,,,,
dense,1,82,2,a,0,16,192,16,5232,5232,5233,,,,5268,5235,5250,16,1:15,5251,5266,16,1:15,5252,5267,16,1:15,,,0,,,,0,,,,0,,,,0,,1,2,15,17,1,,,,
dense,1,83,2,a,1,0,320,16,5271,5271,5272,,,,5307,5274,5289,16,1:15,5290,5305,16,1:15,5291,5306,16,1:15,,,0,,,,0,,,,0,,,,0,,1,2,15,17,1,,,,
dense,1,84,2,a,1,16,448,16,5310,5310,5311,,,,5346,5313,5328,16,1:15,5329,5344,16,1:15,5330,5345,16,1:15,,,0,,,,0,,,,0,,,,0,,1,2,15,17,1,,,,
dense,1,85,2,a,2,0,576,16,5349,5349,5350,,,,5385,5352,5367,16,1:15,5368,5383,16,1:15,5369,5384,16,1:15,,,0,,,,0,,,,0,,,,0,,1,2,15,17,1,,,,
dense,1,86,2,a,2,16,704,16,5388,5388,5389,,,,5424,5391,5406,16,1:15,5407,5422,16,1:15,5408,5423,16,1:15,,,0,,,,0,,,,0,,,,0,,1,2,15,17,1,,,,
dense,1,87,2,a,3,0,832,16,5427,5427,5428,,,,5463,5430,5445,16,1:15,5446,5461,16,1:15,5447,5462,16,1:15,,,0,,,,0,,,,0,,,,0,,1,2,15,17,1,,,,
dense,1,88,2,a,3,16,960,16,5466,5466,5467,,,,5502,5469,5484,16,1:15,5485,5500,16,1:15,5486,5501,16,1:15,,,0,,,,0,,,,0,,,,0,,1,2,15,17,1,,,,
dense,1,89,2,a,4,0,1088,16,5505,5505,5506,,,,5541,5508,5523,16,1:15,5524,5539,16,1:15,5525,5540,16,1:15,,,0,,,,0,,,,0,,,,0,,1,2,15,17,1,,,,
dense,1,90,2,a,4,16,1216,16,5544,5544,5545,,,,5580,5547,5562,16,1:15,5563,5578,16,1:15,5564,5579,16,1:15,,,0,,,,0,,,,0,,,,0,,1,2,15,17,1,,,,
dense,1,91,2,a,5,0,1344,16,5583,5583,5584,,,,5619,5586,5601,16,1:15,5602,5617,16,1:15,5603,5618,16,1:15,,,0,,,,0,,,,0,,,,0,,1,2,15,17,1,,,,
dense,1,92,2,a,5,16,1472,16,5622,5622,5623,,,,5658,5625,5640,16,1:15,5641,5656,16,1:15,5642,5657,16,1:15,,,0,,,,0,,,,0,,,,0,,1,2,15,17,1,,,,
dense,1,93,2,a,6,0,1600,16,5661,5661,5662,,,,5697,5664,5679,16,1:15,5680,5695,16,1:15,5681,5696,16,1:15,,,0,,,,0,,,,0,,,,0,,1,2,15,17,1,,,,
dense,1,94,2,a,6,16,1728,16,5700,5700,5701,,,,5736,5703,5718,16,1:15,5719,5734,16,1:15,5720,5735,16,1:15,,,0,,,,0,,,,0,,,,0,,1,2,15,17,1,,,,
dense,1,95,2,a,7,0,1856,16,5739,5739,5740,,,,5775,5742,5757,16,1:15,5758,5773,16,1:15,5759,5774,16,1:15,,,0,,,,0,,,,0,,,,0,,1,2,15,17,1,,,,
dense,1,96,2,a,7,16,1984,16,5778,5778,5779,,,,5814,5781,5796,16,1:15,5797,5812,16,1:15,5798,5813,16,1:15,,,0,,,,0,,,,0,,,,0,,1,2,15,17,1,,,,
dense,1,97,2,bt,0,0,12480,16,5822,5822,5823,,,,5858,5825,5840,16,1:15,5841,5856,16,1:15,5842,5857,16,1:15,,,0,,,,0,,,,0,,,,0,,1,2,15,17,1,,,,
dense,1,98,2,bt,0,16,12608,16,5861,5861,5862,,,,5897,5864,5879,16,1:15,5880,5895,16,1:15,5881,5896,16,1:15,,,0,,,,0,,,,0,,,,0,,1,2,15,17,1,,,,
dense,1,99,2,bt,1,0,12736,16,5900,5900,5901,,,,5936,5903,5918,16,1:15,5919,5934,16,1:15,5920,5935,16,1:15,,,0,,,,0,,,,0,,,,0,,1,2,15,17,1,,,,
dense,1,100,2,bt,1,16,12864,16,5939,5939,5940,,,,5975,5942,5957,16,1:15,5958,5973,16,1:15,5959,5974,16,1:15,,,0,,,,0,,,,0,,,,0,,1,2,15,17,1,,,,
dense,1,101,2,bt,2,0,12992,16,5978,5978,5979,,,,6014,5981,5996,16,1:15,5997,6012,16,1:15,5998,6013,16,1:15,,,0,,,,0,,,,0,,,,0,,1,2,15,17,1,,,,
dense,1,102,2,bt,2,16,13120,16,6017,6017,6018,,,,6053,6020,6035,16,1:15,6036,6051,16,1:15,6037,6052,16,1:15,,,0,,,,0,,,,0,,,,0,,1,2,15,17,1,,,,
dense,1,103,2,bt,3,0,13248,16,6056,6056,6057,,,,6092,6059,6074,16,1:15,6075,6090,16,1:15,6076,6091,16,1:15,,,0,,,,0,,,,0,,,,0,,1,2,15,17,1,,,,
dense,1,104,2,bt,3,16,13376,16,6095,6095,6096,,,,6131,6098,6113,16,1:15,6114,6129,16,1:15,6115,6130,16,1:15,,,0,,,,0,,,,0,,,,0,,1,2,15,17,1,,,,
dense,1,105,2,bt,4,0,13504,16,6134,6134,6135,,,,6170,6137,6152,16,1:15,6153,6168,16,1:15,6154,6169,16,1:15,,,0,,,,0,,,,0,,,,0,,1,2,15,17,1,,,,
dense,1,106,2,bt,4,16,13632,16,6173,6173,6174,,,,6209,6176,6191,16,1:15,6192,6207,16,1:15,6193,6208,16,1:15,,,0,,,,0,,,,0,,,,0,,1,2,15,17,1,,,,
dense,1,107,2,bt,5,0,13760,16,6212,6212,6213,,,,6248,6215,6230,16,1:15,6231,6246,16,1:15,6232,6247,16,1:15,,,0,,,,0,,,,0,,,,0,,1,2,15,17,1,,,,
dense,1,108,2,bt,5,16,13888,16,6251,6251,6252,,,,6287,6254,6269,16,1:15,6270,6285,16,1:15,6271,6286,16,1:15,,,0,,,,0,,,,0,,,,0,,1,2,15,17,1,,,,
dense,1,109,2,bt,6,0,14016,16,6290,6290,6291,,,,6326,6293,6308,16,1:15,6309,6324,16,1:15,6310,6325,16,1:15,,,0,,,,0,,,,0,,,,0,,1,2,15,17,1,,,,
dense,1,110,2,bt,6,16,14144,16,6329,6329,6330,,,,6365,6332,6347,16,1:15,6348,6363,16,1:15,6349,6364,16,1:15,,,0,,,,0,,,,0,,,,0,,1,2,15,17,1,,,,
dense,1,111,2,bt,7,0,14272,16,6368,6368,6369,,,,6404,6371,6386,16,1:15,6387,6402,16,1:15,6388,6403,16,1:15,,,0,,,,0,,,,0,,,,0,,1,2,15,17,1,,,,
dense,1,112,2,bt,7,16,14400,16,6407,6407,6408,,,,6443,6410,6425,16,1:15,6426,6441,16,1:15,6427,6442,16,1:15,,,0,,,,0,,,,0,,,,0,,1,2,15,17,1,,,,
dense,1,113,2,c,0,0,16768,4,7537,7537,,7558,7557,7563,7564,,,0,,,,0,,,,0,,7539,7554,4,5:3,7541,7556,4,5:3,7542,7557,4,5:3,7558,7561,4,1:3,,,,,,20,4,2,1
dense,1,114,2,c,1,0,16896,4,7567,7567,,7588,7587,7593,7594,,,0,,,,0,,,,0,,7569,7584,4,5:3,7571,7586,4,5:3,7572,7587,4,5:3,7588,7591,4,1:3,,,,,,20,4,2,1
dense,1,115,2,c,2,0,17024,4,7597,7597,,7618,7617,7623,7624,,,0,,,,0,,,,0,,7599,7614,4,5:3,7601,7616,4,5:3,7602,7617,4,5:3,7618,7621,4,1:3,,,,,,20,4,2,1
dense,1,116,2,c,3,0,17152,4,7627,7627,,7648,7647,7653,7654,,,0,,,,0,,,,0,,7629,7644,4,5:3,7631,7646,4,5:3,7632,7647,4,5:3,7648,7651,4,1:3,,,,,,20,4,2,1
dense,1,117,2,c,4,0,17280,4,7657,7657,,7678,7677,7683,7684,,,0,,,,0,,,,0,,7659,7674,4,5:3,7661,7676,4,5:3,7662,7677,4,5:3,7678,7681,4,1:3,,,,,,20,4,2,1
dense,1,118,2,c,5,0,17408,4,7687,7687,,7708,7707,7713,7714,,,0,,,,0,,,,0,,7689,7704,4,5:3,7691,7706,4,5:3,7692,7707,4,5:3,7708,7711,4,1:3,,,,,,20,4,2,1
dense,1,119,2,c,6,0,17536,4,7717,7717,,7738,7737,7743,7744,,,0,,,,0,,,,0,,7719,7734,4,5:3,7721,7736,4,5:3,7722,7737,4,5:3,7738,7741,4,1:3,,,,,,20,4,2,1
dense,1,120,2,c,7,0,17664,4,7747,7747,,7768,7767,7773,7774,,,0,,,,0,,,,0,,7749,7764,4,5:3,7751,7766,4,5:3,7752,7767,4,5:3,7768,7771,4,1:3,,,,,,20,4,2,1
dense,1,121,3,a,0,0,64,16,7783,7783,7784,,,,7819,7786,7801,16,1:15,7802,7817,16,1:15,7803,7818,16,1:15,,,0,,,,0,,,,0,,,,0,,1,2,15,17,1,,,,
dense,1,122,3,a,0,16,192,16,7822,7822,7823,,,,7858,7825,7840,16,1:15,7841,7856,16,1:15,7842,7857,16,1:15,,,0,,,,0,,,,0,,,,0,,1,2,15,17,1,,,,
dense,1,123,3,a,1,0,320,16,7861,7861,7862,,,,7897,7864,7879,16,1:15,7880,7895,16,1:15,7881,7896,16,1:15,,,0,,,,0,,,,0,,,,0,,1,2,15,17,1,,,,
dense,1,124,3,a,1,16,448,16,7900,7900,7901,,,,7936,7903,7918,16,1:15,7919,7934,16,1:15,7920,7935,16,1:15,,,0,,,,0,,,,0,,,,0,,1,2,15,17,1,,,,
dense,1,125,3,a,2,0,576,16,7939,7939,7940,,,,7975,7942,7957,16,1:15,7958,7973,16,1:15,7959,7974,16,1:15,,,0,,,,0,,,,0,,,,0,,1,2,15,17,1,,,,
dense,1,126,3,a,2,16,704,16,7978,7978,7979,,,,8014,7981,7996,16,1:15,7997,8012,16,1:15,7998,8013,16,1:15,,,0,,,,0,,,,0,,,,0,,1,2,15,17,1,,,,
dense,1,127,3,a,3,0,832,16,8017,8017,8018,,,,8053,8020,8035,16,1:15,8036,8051,16,1:15,8037,8052,16,1:15,,,0,,,,0,,,,0,,,,0,,1,2,15,17,1,,,,
dense,1,128,3,a,3,16,960,16,8056,8056,8057,,,,8092,8059,8074,16,1:15,8075,8090,16,1:15,8076,8091,16,1:15,,,0,,,,0,,,,0,,,,0,,1,2,15,17,1,,,,
dense,1,129,3,a,4,0,1088,16,8095,8095,8096,,,,8131,8098,8113,16,1:15,8114,8129,16,1:15,8115,8130,16,1:15,,,0,,,,0,,,,0,,,,0,,1,2,15,17,1,,,,
dense,1,130,3,a,4,16,1216,16,8134,8134,8135,,,,8170,8137,8152,16,1:15,8153,8168,16,1:15,8154,8169,16,1:15,,,0,,,,0,,,,0,,,,0,,1,2,15,17,1,,,,
dense,1,131,3,a,5,0,1344,16,8173,8173,8174,,,,8209,8176,8191,16,1:15,8192,8207,16,1:15,8193,8208,16,1:15,,,0,,,,0,,,,0,,,,0,,1,2,15,17,1,,,,
dense,1,132,3,a,5,16,1472,16,8212,8212,8213,,,,8248,8215,8230,16,1:15,8231,8246,16,1:15,8232,8247,16,1:15,,,0,,,,0,,,,0,,,,0,,1,2,15,17,1,,,,
dense,1,133,3,a,6,0,1600,16,8251,8251,8252,,,,8287,8254,8269,16,1:15,8270,8285,16,1:15,8271,8286,16,1:15,,,0,,,,0,,,,0,,,,0,,1,2,15,17,1,,,,
dense,1,134,3,a,6,16,1728,16,8290,8290,8291,,,,8326,8293,8308,16,1:15,8309,8324,16,1:15,8310,8325,16,1:15,,,0,,,,0,,,,0,,,,0,,1,2,15,17,1,,,,
dense,1,135,3,a,7,0,1856,16,8329,8329,8330,,,,8365,8332,8347,16,1:15,8348,8363,16,1:15,8349,8364,16,1:15,,,0,,,,0,,,,0,,,,0,,1,2,15,17,1,,,,
dense,1,136,3,a,7,16,1984,16,8368,8368,8369,,,,8404,8371,8386,16,1:15,8387,8402,16,1:15,8388,8403,16,1:15,,,0,,,,0,,,,0,,,,0,,1,2,15,17,1,,,,
dense,1,137,3,bt,0,0,14528,16,8412,8412,8413,,,,8448,8415,8430,16,1:15,8431,8446,16,1:15,8432,8447,16,1:15,,,0,,,,0,,,,0,,,,0,,1,2,15,17,1,,,,
dense,1,138,3,bt,0,16,14656,16,8451,8451,8452,,,,8487,8454,8469,16,1:15,8470,8485,16,1:15,8471,8486,16,1:15,,,0,,,,0,,,,0,,,,0,,1,2,15,17,1,,,,
dense,1,139,3,bt,1,0,14784,16,8490,8490,8491,,,,8526,8493,8508,16,1:15,8509,8524,16,1:15,8510,8525,16,1:15,,,0,,,,0,,,,0,,,,0,,1,2,15,17,1,,,,
dense,1,140,3,bt,1,16,14912,16,8529,8529,8530,,,,8565,8532,8547,16,1:15,8548,8563,16,1:15,8549,8564,16,1:15,,,0,,,,0,,,,0,,,,0,,1,2,15,17,1,,,,
dense,1,141,3,bt,2,0,15040,16,8568,8568,8569,,,,8604,8571,8586,16,1:15,8587,8602,16,1:15,8588,8603,16,1:15,,,0,,,,0,,,,0,,,,0,,1,2,15,17,1,,,,
dense,1,142,3,bt,2,16,15168,16,8607,8607,8608,,,,8643,8610,8625,16,1:15,8626,8641,16,1:15,8627,8642,16,1:15,,,0,,,,0,,,,0,,,,0,,1,2,15,17,1,,,,
dense,1,143,3,bt,3,0,15296,16,8646,8646,8647,,,,8682,8649,8664,16,1:15,8665,8680,16,1:15,8666,8681,16,1:15,,,0,,,,0,,,,0,,,,0,,1,2,15,17,1,,,,
dense,1,144,3,bt,3,16,15424,16,8685,8685,8686,,,,8721,8688,8703,16,1:15,8704,8719,16,1:15,8705,8720,16,1:15,,,0,,,,0,,,,0,,,,0,,1,2,15,17,1,,,,
dense,1,145,3,bt,4,0,15552,16,8724,8724,8725,,,,8760,8727,8742,16,1:15,8743,8758,16,1:15,8744,8759,16,1:15,,,0,,,,0,,,,0,,,,0,,1,2,15,17,1,,,,
dense,1,146,3,bt,4,16,15680,16,8763,8763,8764,,,,8799,8766,8781,16,1:15,8782,8797,16,1:15,8783,8798,16,1:15,,,0,,,,0,,,,0,,,,0,,1,2,15,17,1,,,,
dense,1,147,3,bt,5,0,15808,16,8802,8802,8803,,,,8838,8805,8820,16,1:15,8821,8836,16,1:15,8822,8837,16,1:15,,,0,,,,0,,,,0,,,,0,,1,2,15,17,1,,,,
dense,1,148,3,bt,5,16,15936,16,8841,8841,8842,,,,8877,8844,8859,16,1:15,8860,8875,16,1:15,8861,8876,16,1:15,,,0,,,,0,,,,0,,,,0,,1,2,15,17,1,,,,
dense,1,149,3,bt,6,0,16064,16,8880,8880,8881,,,,8916,8883,8898,16,1:15,8899,8914,16,1:15,8900,8915,16,1:15,,,0,,,,0,,,,0,,,,0,,1,2,15,17,1,,,,
dense,1,150,3,bt,6,16,16192,16,8919,8919,8920,,,,8955,8922,8937,16,1:15,8938,8953,16,1:15,8939,8954,16,1:15,,,0,,,,0,,,,0,,,,0,,1,2,15,17,1,,,,
dense,1,151,3,bt,7,0,16320,8,8958,8958,8959,,,,8978,8961,8968,8,1:7,8969,8976,8,1:7,8970,8977,8,1:7,,,0,,,,0,,,,0,,,,0,,1,2,7,9,1,,,,
dense,1,152,3,bt,7,8,16384,16,8981,8981,8982,,,,9017,8984,8999,16,1:15,9000,9015,16,1:15,9001,9016,16,1:15,,,0,,,,0,,,,0,,,,0,,1,2,15,17,1,,,,
dense,1,153,3,bt,7,24,16512,8,9020,9020,9021,,,,9040,9023,9030,8,1:7,9031,9038,8,1:7,9032,9039,8,1:7,,,0,,,,0,,,,0,,,,0,,1,2,7,9,1,,,,
dense,1,154,3,c,0,0,16800,4,10134,10134,,10155,10154,10160,10161,,,0,,,,0,,,,0,,10136,10151,4,5:3,10138,10153,4,5:3,10139,10154,4,5:3,10155,10158,4,1:3,,,,,,20,4,2,1
dense,1,155,3,c,1,0,16928,4,10164,10164,,10185,10184,10190,10191,,,0,,,,0,,,,0,,10166,10181,4,5:3,10168,10183,4,5:3,10169,10184,4,5:3,10185,10188,4,1:3,,,,,,20,4,2,1
dense,1,156,3,c,2,0,17056,4,10194,10194,,10215,10214,10220,10221,,,0,,,,0,,,,0,,10196,10211,4,5:3,10198,10213,4,5:3,10199,10214,4,5:3,10215,10218,4,1:3,,,,,,20,4,2,1
dense,1,157,3,c,3,0,17184,4,10224,10224,,10245,10244,10250,10251,,,0,,,,0,,,,0,,10226,10241,4,5:3,10228,10243,4,5:3,10229,10244,4,5:3,10245,10248,4,1:3,,,,,,20,4,2,1
dense,1,158,3,c,4,0,17312,4,10254,10254,,10275,10274,10280,10281,,,0,,,,0,,,,0,,10256,10271,4,5:3,10258,10273,4,5:3,10259,10274,4,5:3,10275,10278,4,1:3,,,,,,20,4,2,1
dense,1,159,3,c,5,0,17440,4,10284,10284,,10305,10304,10310,10311,,,0,,,,0,,,,0,,10286,10301,4,5:3,10288,10303,4,5:3,10289,10304,4,5:3,10305,10308,4,1:3,,,,,,20,4,2,1
dense,1,160,3,c,6,0,17568,4,10314,10314,,10335,10334,10340,10341,,,0,,,,0,,,,0,,10316,10331,4,5:3,10318,10333,4,5:3,10319,10334,4,5:3,10335,10338,4,1:3,,,,,,20,4,2,1
dense,1,161,3,c,7,0,17696,4,10344,10344,,10365,10364,10370,10371,,,0,,,,0,,,,0,,10346,10361,4,5:3,10348,10363,4,5:3,10349,10364,4,5:3,10365,10368,4,1:3,,,,,,20,4,2,1
dense,1,162,4,a,0,0,2112,16,10380,10380,10381,,,,10416,10383,10398,16,1:15,10399,10414,16,1:15,10400,10415,16,1:15,,,0,,,,0,,,,0,,,,0,,1,2,15,17,1,,,,
dense,1,163,4,a,0,16,2240,16,10419,10419,10420,,,,10455,10422,10437,16,1:15,10438,10453,16,1:15,10439,10454,16,1:15,,,0,,,,0,,,,0,,,,0,,1,2,15,17,1,,,,
dense,1,164,4,a,1,0,2368,16,10458,10458,10459,,,,10494,10461,10476,16,1:15,10477,10492,16,1:15,10478,10493,16,1:15,,,0,,,,0,,,,0,,,,0,,1,2,15,17,1,,,,
dense,1,165,4,a,1,16,2496,16,10497,10497,10498,,,,10533,10500,10515,16,1:15,10516,10531,16,1:15,10517,10532,16,1:15,,,0,,,,0,,,,0,,,,0,,1,2,15,17,1,,,,
dense,1,166,4,a,2,0,2624,16,10536,10536,10537,,,,10572,10539,10554,16,1:15,10555,10570,16,1:15,10556,10571,16,1:15,,,0,,,,0,,,,0,,,,0,,1,2,15,17,1,,,,
dense,1,167,4,a,2,16,2752,16,10575,10575,10576,,,,10611,10578,10593,16,1:15,10594,10609,16,1:15,10595,10610,16,1:15,,,0,,,,0,,,,0,,,,0,,1,2,15,17,1,,,,
dense,1,168,4,a,3,0,2880,16,10614,10614,10615,,,,10650,10617,10632,16,1:15,10633,10648,16,1:15,10634,10649,16,1:15,,,0,,,,0,,,,0,,,,0,,1,2,15,17,1,,,,
dense,1,169,4,a,3,16,3008,16,10653,10653,10654,,,,10689,10656,10671,16,1:15,10672,10687,16,1:15,10673,10688,16,1:15,,,0,,,,0,,,,0,,,,0,,1,2,15,17,1,,,,
dense,1,170,4,a,4,0,3136,16,10692,10692,10693,,,,10728,10695,10710,16,1:15,10711,10726,16,1:15,10712,10727,16,1:15,,,0,,,,0,,,,0,,,,0,,1,2,15,17,1,,,,
dense,1,171,4,a,4,16,3264,16,10731,10731,10732,,,,10767,10734,10749,16,1:15,10750,10765,16,1:15,10751,10766,16,1:15,,,0,,,,0,,,,0,,,,0,,1,2,15,17,1,,,,
dense,1,172,4,a,5,0,3392,16,10770,10770,10771,,,,10806,10773,10788,16,1:15,10789,10804,16,1:15,10790,10805,16,1:15,,,0,,,,0,,,,0,,,,0,,1,2,15,17,1,,,,
dense,1,173,4,a,5,16,3520,16,10809,10809,10810,,,,10845,10812,10827,16,1:15,10828,10843,16,1:15,10829,10844,16,1:15,,,0,,,,0,,,,0,,,,0,,1,2,15,17,1,,,,
dense,1,174,4,a,6,0,3648,16,10848,10848,10849,,,,10884,10851,10866,16,1:15,10867,10882,16,1:15,10868,10883,16,1:15,,,0,,,,0,,,,0,,,,0,,1,2,15,17,1,,,,
dense,1,175,4,a,6,16,3776,16,10887,10887,10888,,,,10923,10890,10905,16,1:15,10906,10921,16,1:15,10907,10922,16,1:15,,,0,,,,0,,,,0,,,,0,,1,2,15,17,1,,,,
dense,1,176,4,a,7,0,3904,16,10926,10926,10927,,,,10962,10929,10944,16,1:15,10945,10960,16,1:15,10946,10961,16,1:15,,,0,,,,0,,,,0,,,,0,,1,2,15,17,1,,,,
dense,1,177,4,a,7,16,4032,8,10965,10965,10966,,,,10985,10968,10975,8,1:7,10976,10983,8,1:7,10977,10984,8,1:7,,,0,,,,0,,,,0,,,,0,,1,2,7,9,1,,,,
dense,1,178,4,a,7,24,4096,8,10988,10988,10989,,,,11008,10991,10998,8,1:7,10999,11006,8,1:7,11000,11007,8,1:7,,,0,,,,0,,,,0,,,,0,,1,2,7,9,1,,,,
dense,1,179,4,bt,0,0,8384,16,11016,11016,11017,,,,11052,11019,11034,16,1:15,11035,11050,16,1:15,11036,11051,16,1:15,,,0,,,,0,,,,0,,,,0,,1,2,15,17,1,,,,
dense,1,180,4,bt,0,16,8512,16,11055,11055,11056,,,,11091,11058,11073,16,1:15,11074,11089,16,1:15,11075,11090,16,1:15,,,0,,,,0,,,,0,,,,0,,1,2,15,17,1,,,,
dense,1,181,4,bt,1,0,8640,16,11094,11094,11095,,,,11130,11097,11112,16,1:15,11113,11128,16,1:15,11114,11129,16,1:15,,,0,,,,0,,,,0,,,,0,,1,2,15,17,1,,,,
dense,1,182,4,bt,1,16,8768,16,11133,11133,11134,,,,11169,11136,11151,16,1:15,11152,11167,16,1:15,11153,11168,16,1:15,,,0,,,,0,,,,0,,,,0,,1,2,15,17,1,,,,
dense,1,183,4,bt,2,0,8896,16,11172,11172,11173,,,,11208,11175,11190,16,1:15,11191,11206,16,1:15,11192,11207,16,1:15,,,0,,,,0,,,,0,,,,0,,1,2,15,17,1,,,,
dense,1,184,4,bt,2,16,9024,16,11211,11211,11212,,,,11247,11214,11229,16,1:15,11230,11245,16,1:15,11231,11246,16,1:15,,,0,,,,0,,,,0,,,,0,,1,2,15,17,1,,,,
dense,1,185,4,bt,3,0,9152,16,11250,11250,11251,,,,11286,11253,11268,16,1:15,11269,11284,16,1:15,11270,11285,16,1:15,,,0,,,,0,,,,0,,,,0,,1,2,15,17,1,,,,
dense,1,186,4,bt,3,16,9280,16,11289,11289,11290,,,,11325,11292,11307,16,1:15,11308,11323,16,1:15,11309,11324,16,1:15,,,0,,,,0,,,,0,,,,0,,1,2,15,17,1,,,,
dense,1,187,4,bt,4,0,9408,16,11328,11328,11329,,,,11364,11331,11346,16,1:15,11347,11362,16,1:15,11348,11363,16,1:15,,,0,,,,0,,,,0,,,,0,,1,2,15,17,1,,,,
dense,1,188,4,bt,4,16,9536,16,11367,11367,11368,,,,11403,11370,11385,16,1:15,11386,11401,16,1:15,11387,11402,16,1:15,,,0,,,,0,,,,0,,,,0,,1,2,15,17,1,,,,
dense,1,189,4,bt,5,0,9664,16,11406,11406,11407,,,,11442,11409,11424,16,1:15,11425,11440,16,1:15,11426,11441,16,1:15,,,0,,,,0,,,,0,,,,0,,1,2,15,17,1,,,,
dense,1,190,4,bt,5,16,9792,16,11445,11445,11446,,,,11481,11448,11463,16,1:15,11464,11479,16,1:15,11465,11480,16,1:15,,,0,,,,0,,,,0,,,,0,,1,2,15,17,1,,,,
dense,1,191,4,bt,6,0,9920,16,11484,11484,11485,,,,11520,11487,11502,16,1:15,11503,11518,16,1:15,11504,11519,16,1:15,,,0,,,,0,,,,0,,,,0,,1,2,15,17,1,,,,
dense,1,192,4,bt,6,16,10048,16,11523,11523,11524,,,,11559,11526,11541,16,1:15,11542,11557,16,1:15,11543,11558,16,1:15,,,0,,,,0,,,,0,,,,0,,1,2,15,17,1,,,,
dense,1,193,4,bt,7,0,10176,16,11562,11562,11563,,,,11598,11565,11580,16,1:15,11581,11596,16,1:15,11582,11597,16,1:15,,,0,,,,0,,,,0,,,,0,,1,2,15,17,1,,,,
dense,1,194,4,bt,7,16,10304,16,11601,11601,11602,,,,11637,11604,11619,16,1:15,11620,11635,16,1:15,11621,11636,16,1:15,,,0,,,,0,,,,0,,,,0,,1,2,15,17,1,,,,
dense,1,195,4,c,0,0,17728,4,12731,12731,,12752,12751,12757,12758,,,0,,,,0,,,,0,,12733,12748,4,5:3,12735,12750,4,5:3,12736,12751,4,5:3,12752,12755,4,1:3,,,,,,20,4,2,1
dense,1,196,4,c,1,0,17856,4,12761,12761,,12782,12781,12787,12788,,,0,,,,0,,,,0,,12763,12778,4,5:3,12765,12780,4,5:3,12766,12781,4,5:3,12782,12785,4,1:3,,,,,,20,4,2,1
dense,1,197,4,c,2,0,17984,4,12791,12791,,12812,12811,12817,12818,,,0,,,,0,,,,0,,12793,12808,4,5:3,12795,12810,4,5:3,12796,12811,4,5:3,12812,12815,4,1:3,,,,,,20,4,2,1
dense,1,198,4,c,3,0,18112,4,12821,12821,,12842,12841,12847,12848,,,0,,,,0,,,,0,,12823,12838,4,5:3,12825,12840,4,5:3,12826,12841,4,5:3,12842,12845,4,1:3,,,,,,20,4,2,1
dense,1,199,4,c,4,0,18240,4,12851,12851,,12872,12871,12877,12878,,,0,,,,0,,,,0,,12853,12868,4,5:3,12855,12870,4,5:3,12856,12871,4,5:3,12872,12875,4,1:3,,,,,,20,4,2,1
dense,1,200,4,c,5,0,18368,4,12881,12881,,12902,12901,12907,12908,,,0,,,,0,,,,0,,12883,12898,4,5:3,12885,12900,4,5:3,12886,12901,4,5:3,12902,12905,4,1:3,,,,,,20,4,2,1
dense,1,201,4,c,6,0,18496,4,12911,12911,,12932,12931,12937,12938,,,0,,,,0,,,,0,,12913,12928,4,5:3,12915,12930,4,5:3,12916,12931,4,5:3,12932,12935,4,1:3,,,,,,20,4,2,1
dense,1,202,4,c,7,0,18624,4,12941,12941,,12962,12961,12967,12968,,,0,,,,0,,,,0,,12943,12958,4,5:3,12945,12960,4,5:3,12946,12961,4,5:3,12962,12965,4,1:3,,,,,,20,4,2,1
dense,1,203,5,a,0,0,2112,16,12977,12977,12978,,,,13013,12980,12995,16,1:15,12996,13011,16,1:15,12997,13012,16,1:15,,,0,,,,0,,,,0,,,,0,,1,2,15,17,1,,,,
dense,1,204,5,a,0,16,2240,16,13016,13016,13017,,,,13052,13019,13034,16,1:15,13035,13050,16,1:15,13036,13051,16,1:15,,,0,,,,0,,,,0,,,,0,,1,2,15,17,1,,,,
dense,1,205,5,a,1,0,2368,16,13055,13055,13056,,,,13091,13058,13073,16,1:15,13074,13089,16,1:15,13075,13090,16,1:15,,,0,,,,0,,,,0,,,,0,,1,2,15,17,1,,,,
dense,1,206,5,a,1,16,2496,16,13094,13094,13095,,,,13130,13097,13112,16,1:15,13113,13128,16,1:15,13114,13129,16,1:15,,,0,,,,0,,,,0,,,,0,,1,2,15,17,1,,,,
dense,1,207,5,a,2,0,2624,16,13133,13133,13134,,,,13169,13136,13151,16,1:15,13152,13167,16,1:15,13153,13168,16,1:15,,,0,,,,0,,,,0,,,,0,,1,2,15,17,1,,,,
dense,1,208,5,a,2,16,2752,16,13172,13172,13173,,,,13208,13175,13190,16,1:15,13191,13206,16,1:15,13192,13207,16,1:15,,,0,,,,0,,,,0,,,,0,,1,2,15,17,1,,,,
dense,1,209,5,a,3,0,2880,16,13211,13211,13212,,,,13247,13214,13229,16,1:15,13230,13245,16,1:15,13231,13246,16,1:15,,,0,,,,0,,,,0,,,,0,,1,2,15,17,1,,,,
dense,1,210,5,a,3,16,3008,16,13250,13250,13251,,,,13286,13253,13268,16,1:15,13269,13284,16,1:15,13270,13285,16,1:15,,,0,,,,0,,,,0,,,,0,,1,2,15,17,1,,,,
dense,1,211,5,a,4,0,3136,16,13289,13289,13290,,,,13325,13292,13307,16,1:15,13308,13323,16,1:15,13309,13324,16,1:15,,,0,,,,0,,,,0,,,,0,,1,2,15,17,1,,,,
dense,1,212,5,a,4,16,3264,16,13328,13328,13329,,,,13364,13331,13346,16,1:15,13347,13362,16,1:15,13348,13363,16,1:15,,,0,,,,0,,,,0,,,,0,,1,2,15,17,1,,,,
dense,1,213,5,a,5,0,3392,16,13367,13367,13368,,,,13403,13370,13385,16,1:15,13386,13401,16,1:15,13387,13402,16,1:15,,,0,,,,0,,,,0,,,,0,,1,2,15,17,1,,,,
dense,1,214,5,a,5,16,3520,16,13406,13406,13407,,,,13442,13409,13424,16,1:15,13425,13440,16,1:15,13426,13441,16,1:15,,,0,,,,0,,,,0,,,,0,,1,2,15,17,1,,,,
dense,1,215,5,a,6,0,3648,16,13445,13445,13446,,,,13481,13448,13463,16,1:15,13464,13479,16,1:15,13465,13480,16,1:15,,,0,,,,0,,,,0,,,,0,,1,2,15,17,1,,,,
dense,1,216,5,a,6,16,3776,16,13484,13484,13485,,,,13520,13487,13502,16,1:15,13503,13518,16,1:15,13504,13519,16,1:15,,,0,,,,0,,,,0,,,,0,,1,2,15,17,1,,,,
dense,1,217,5,a,7,0,3904,16,13523,13523,13524,,,,13559,13526,13541,16,1:15,13542,13557,16,1:15,13543,13558,16,1:15,,,0,,,,0,,,,0,,,,0,,1,2,15,17,1,,,,
dense,1,218,5,a,7,16,4032,8,13562,13562,13563,,,,13582,13565,13572,8,1:7,13573,13580,8,1:7,13574,13581,8,1:7,,,0,,,,0,,,,0,,,,0,,1,2,7,9,1,,,,
dense,1,219,5,a,7,24,4096,8,13585,13585,13586,,,,13605,13588,13595,8,1:7,13596,13603,8,1:7,13597,13604,8,1:7,,,0,,,,0,,,,0,,,,0,,1,2,7,9,1,,,,
dense,1,220,5,bt,0,0,10432,16,13613,13613,13614,,,,13649,13616,13631,16,1:15,13632,13647,16,1:15,13633,13648,16,1:15,,,0,,,,0,,,,0,,,,0,,1,2,15,17,1,,,,
dense,1,221,5,bt,0,16,10560,16,13652,13652,13653,,,,13688,13655,13670,16,1:15,13671,13686,16,1:15,13672,13687,16,1:15,,,0,,,,0,,,,0,,,,0,,1,2,15,17,1,,,,
dense,1,222,5,bt,1,0,10688,16,13691,13691,13692,,,,13727,13694,13709,16,1:15,13710,13725,16,1:15,13711,13726,16,1:15,,,0,,,,0,,,,0,,,,0,,1,2,15,17,1,,,,
dense,1,223,5,bt,1,16,10816,16,13730,13730,13731,,,,13766,13733,13748,16,1:15,13749,13764,16,1:15,13750,13765,16,1:15,,,0,,,,0,,,,0,,,,0,,1,2,15,17,1,,,,
dense,1,224,5,bt,2,0,10944,16,13769,13769,13770,,,,13805,13772,13787,16,1:15,13788,13803,16,1:15,13789,13804,16,1:15,,,0,,,,0,,,,0,,,,0,,1,2,15,17,1,,,,
dense,1,225,5,bt,2,16,11072,16,13808,13808,13809,,,,13844,13811,13826,16,1:15,13827,13842,16,1:15,13828,13843,16,1:15,,,0,,,,0,,,,0,,,,0,,1,2,15,17,1,,,,
dense,1,226,5,bt,3,0,11200,16,13847,13847,13848,,,,13883,13850,13865,16,1:15,13866,13881,16,1:15,13867,13882,16,1:15,,,0,,,,0,,,,0,,,,0,,1,2,15,17,1,,,,
dense,1,227,5,bt,3,16,11328,16,13886,13886,13887,,,,13922,13889,13904,16,1:15,13905,13920,16,1:15,13906,13921,16,1:15,,,0,,,,0,,,,0,,,,0,,1,2,15,17,1,,,,
dense,1,228,5,bt,4,0,11456,16,13925,13925,13926,,,,13961,13928,13943,16,1:15,13944,13959,16,1:15,13945,13960,16,1:15,,,0,,,,0,,,,0,,,,0,,1,2,15,17,1,,,,
dense,1,229,5,bt,4,16,11584,16,13964,13964,13965,,,,14000,13967,13982,16,1:15,13983,13998,16,1:15,13984,13999,16,1:15,,,0,,,,0,,,,0,,,,0,,1,2,15,17,1,,,,
dense,1,230,5,bt,5,0,11712,16,14003,14003,14004,,,,14039,14006,14021,16,1:15,14022,14037,16,1:15,14023,14038,16,1:15,,,0,,,,0,,,,0,,,,0,,1,2,15,17,1,,,,
dense,1,231,5,bt,5,16,11840,16,14042,14042,14043,,,,14078,14045,14060,16,1:15,14061,14076,16,1:15,14062,14077,16,1:15,,,0,,,,0,,,,0,,,,0,,1,2,15,17,1,,,,
dense,1,232,5,bt,6,0,11968,16,14081,14081,14082,,,,14117,14084,14099,16,1:15,14100,14115,16,1:15,14101,14116,16,1:15,,,0,,,,0,,,,0,,,,0,,1,2,15,17,1,,,,
dense,1,233,5,bt,6,16,12096,16,14120,14120,14121,,,,14156,14123,14138,16,1:15,14139,14154,16,1:15,14140,14155,16,1:15,,,0,,,,0,,,,0,,,,0,,1,2,15,17,1,,,,
dense,1,234,5,bt,7,0,12224,8,14159,14159,14160,,,,14179,14162,14169,8,1:7,14170,14177,8,1:7,14171,14178,8,1:7,,,0,,,,0,,,,0,,,,0,,1,2,7,9,1,,,,
dense,1,235,5,bt,7,8,12288,16,14182,14182,14183,,,,14218,14185,14200,16,1:15,14201,14216,16,1:15,14202,14217,16,1:15,,,0,,,,0,,,,0,,,,0,,1,2,15,17,1,,,,
dense,1,236,5,bt,7,24,12416,8,14221,14221,14222,,,,14241,14224,14231,8,1:7,14232,14239,8,1:7,14233,14240,8,1:7,,,0,,,,0,,,,0,,,,0,,1,2,7,9,1,,,,
dense,1,237,5,c,0,0,17760,4,15335,15335,,15356,15355,15361,15362,,,0,,,,0,,,,0,,15337,15352,4,5:3,15339,15354,4,5:3,15340,15355,4,5:3,15356,15359,4,1:3,,,,,,20,4,2,1
dense,1,238,5,c,1,0,17888,4,15365,15365,,15386,15385,15391,15392,,,0,,,,0,,,,0,,15367,15382,4,5:3,15369,15384,4,5:3,15370,15385,4,5:3,15386,15389,4,1:3,,,,,,20,4,2,1
dense,1,239,5,c,2,0,18016,4,15395,15395,,15416,15415,15421,15422,,,0,,,,0,,,,0,,15397,15412,4,5:3,15399,15414,4,5:3,15400,15415,4,5:3,15416,15419,4,1:3,,,,,,20,4,2,1
dense,1,240,5,c,3,0,18144,4,15425,15425,,15446,15445,15451,15452,,,0,,,,0,,,,0,,15427,15442,4,5:3,15429,15444,4,5:3,15430,15445,4,5:3,15446,15449,4,1:3,,,,,,20,4,2,1
dense,1,241,5,c,4,0,18272,4,15455,15455,,15476,15475,15481,15482,,,0,,,,0,,,,0,,15457,15472,4,5:3,15459,15474,4,5:3,15460,15475,4,5:3,15476,15479,4,1:3,,,,,,20,4,2,1
dense,1,242,5,c,5,0,18400,4,15485,15485,,15506,15505,15511,15512,,,0,,,,0,,,,0,,15487,15502,4,5:3,15489,15504,4,5:3,15490,15505,4,5:3,15506,15509,4,1:3,,,,,,20,4,2,1
dense,1,243,5,c,6,0,18528,4,15515,15515,,15536,15535,15541,15542,,,0,,,,0,,,,0,,15517,15532,4,5:3,15519,15534,4,5:3,15520,15535,4,5:3,15536,15539,4,1:3,,,,,,20,4,2,1
dense,1,244,5,c,7,0,18656,4,15545,15545,,15566,15565,15571,15572,,,0,,,,0,,,,0,,15547,15562,4,5:3,15549,15564,4,5:3,15550,15565,4,5:3,15566,15569,4,1:3,,,,,,20,4,2,1
dense,1,245,6,a,0,0,2112,16,15581,15581,15582,,,,15617,15584,15599,16,1:15,15600,15615,16,1:15,15601,15616,16,1:15,,,0,,,,0,,,,0,,,,0,,1,2,15,17,1,,,,
dense,1,246,6,a,0,16,2240,16,15620,15620,15621,,,,15656,15623,15638,16,1:15,15639,15654,16,1:15,15640,15655,16,1:15,,,0,,,,0,,,,0,,,,0,,1,2,15,17,1,,,,
dense,1,247,6,a,1,0,2368,16,15659,15659,15660,,,,15695,15662,15677,16,1:15,15678,15693,16,1:15,15679,15694,16,1:15,,,0,,,,0,,,,0,,,,0,,1,2,15,17,1,,,,
dense,1,248,6,a,1,16,2496,16,15698,15698,15699,,,,15734,15701,15716,16,1:15,15717,15732,16,1:15,15718,15733,16,1:15,,,0,,,,0,,,,0,,,,0,,1,2,15,17,1,,,,
dense,1,249,6,a,2,0,2624,16,15737,15737,15738,,,,15773,15740,15755,16,1:15,15756,15771,16,1:15,15757,15772,16,1:15,,,0,,,,0,,,,0,,,,0,,1,2,15,17,1,,,,
dense,1,250,6,a,2,16,2752,16,15776,15776,15777,,,,15812,15779,15794,16,1:15,15795,15810,16,1:15,15796,15811,16,1:15,,,0,,,,0,,,,0,,,,0,,1,2,15,17,1,,,,
dense,1,251,6,a,3,0,2880,16,15815,15815,15816,,,,15851,15818,15833,16,1:15,15834,15849,16,1:15,15835,15850,16,1:15,,,0,,,,0,,,,0,,,,0,,1,2,15,17,1,,,,
dense,1,252,6,a,3,16,3008,16,15854,15854,15855,,,,15890,15857,15872,16,1:15,15873,15888,16,1:15,15874,15889,16,1:15,,,0,,,,0,,,,0,,,,0,,1,2,15,17,1,,,,
dense,1,253,6,a,4,0,3136,16,15893,15893,15894,,,,15929,15896,15911,16,1:15,15912,15927,16,1:15,15913,15928,16,1:15,,,0,,,,0,,,,0,,,,0,,1,2,15,17,1,,,,
dense,1,254,6,a,4,16,3264,16,15932,15932,15933,,,,15968,15935,15950,16,1:15,15951,15966,16,1:15,15952,15967,16,1:15,,,0,,,,0,,,,0,,,,0,,1,2,15,17,1,,,,
dense,1,255,6,a,5,0,3392,16,15971,15971,15972,,,,16007,15974,15989,16,1:15,15990,16005,16,1:15,15991,16006,16,1:15,,,0,,,,0,,,,0,,,,0,,1,2,15,17,1,,,,
dense,1,256,6,a,5,16,3520,16,16010,16010,16011,,,,16046,16013,16028,16,1:15,16029,16044,16,1:15,16030,16045,16,1:15,,,0,,,,0,,,,0,,,,0,,1,2,15,17,1,,,,
dense,1,257,6,a,6,0,3648,16,16049,16049,16050,,,,16085,16052,16067,16,1:15,16068,16083,16,1:15,16069,16084,16,1:15,,,0,,,,0,,,,0,,,,0,,1,2,15,17,1,,,,
dense,1,258,6,a,6,16,3776,16,16088,16088,16089,,,,16124,16091,16106,16,1:15,16107,16122,16,1:15,16108,16123,16,1:15,,,0,,,,0,,,,0,,,,0,,1,2,15,17,1,,,,
dense,1,259,6,a,7,0,3904,16,16127,16127,16128,,,,16163,16130,16145,16,1:15,16146,16161,16,1:15,16147,16162,16,1:15,,,0,,,,0,,,,0,,,,0,,1,2,15,17,1,,,,
dense,1,260,6,a,7,16,4032,8,16166,16166,16167,,,,16186,16169,16176,8,1:7,16177,16184,8,1:7,16178,16185,8,1:7,,,0,,,,0,,,,0,,,,0,,1,2,7,9,1,,,,
dense,1,261,6,a,7,24,4096,8,16189,16189,16190,,,,16209,16192,16199,8,1:7,16200,16207,8,1:7,16201,16208,8,1:7,,,0,,,,0,,,,0,,,,0,,1,2,7,9,1,,,,
dense,1,262,6,bt,0,0,12480,16,16217,16217,16218,,,,16253,16220,16235,16,1:15,16236,16251,16,1:15,16237,16252,16,1:15,,,0,,,,0,,,,0,,,,0,,1,2,15,17,1,,,,
dense,1,263,6,bt,0,16,12608,16,16256,16256,16257,,,,16292,16259,16274,16,1:15,16275,16290,16,1:15,16276,16291,16,1:15,,,0,,,,0,,,,0,,,,0,,1,2,15,17,1,,,,
dense,1,264,6,bt,1,0,12736,16,16295,16295,16296,,,,16331,16298,16313,16,1:15,16314,16329,16,1:15,16315,16330,16,1:15,,,0,,,,0,,,,0,,,,0,,1,2,15,17,1,,,,
dense,1,265,6,bt,1,16,12864,16,16334,16334,16335,,,,16370,16337,16352,16,1:15,16353,16368,16,1:15,16354,16369,16,1:15,,,0,,,,0,,,,0,,,,0,,1,2,15,17,1,,,,
dense,1,266,6,bt,2,0,12992,16,16373,16373,16374,,,,16409,16376,16391,16,1:15,16392,16407,16,1:15,16393,16408,16,1:15,,,0,,,,0,,,,0,,,,0,,1,2,15,17,1,,,,
dense,1,267,6,bt,2,16,13120,16,16412,16412,16413,,,,16448,16415,16430,16,1:15,16431,16446,16,1:15,16432,16447,16,1:15,,,0,,,,0,,,,0,,,,0,,1,2,15,17,1,,,,
dense,1,268,6,bt,3,0,13248,16,16451,16451,16452,,,,16487,16454,16469,16,1:15,16470,16485,16,1:15,16471,16486,16,1:15,,,0,,,,0,,,,0,,,,0,,1,2,15,17,1,,,,
dense,1,269,6,bt,3,16,13376,16,16490,16490,16491,,,,16526,16493,16508,16,1:15,16509,16524,16,1:15,16510,16525,16,1:15,,,0,,,,0,,,,0,,,,0,,1,2,15,17,1,,,,
dense,1,270,6,bt,4,0,13504,16,16529,16529,16530,,,,16565,16532,16547,16,1:15,16548,16563,16,1:15,16549,16564,16,1:15,,,0,,,,0,,,,0,,,,0,,1,2,15,17,1,,,,
dense,1,271,6,bt,4,16,13632,16,16568,16568,16569,,,,16604,16571,16586,16,1:15,16587,16602,16,1:15,16588,16603,16,1:15,,,0,,,,0,,,,0,,,,0,,1,2,15,17,1,,,,
dense,1,272,6,bt,5,0,13760,16,16607,16607,16608,,,,16643,16610,16625,16,1:15,16626,16641,16,1:15,16627,16642,16,1:15,,,0,,,,0,,,,0,,,,0,,1,2,15,17,1,,,,
dense,1,273,6,bt,5,16,13888,16,16646,16646,16647,,,,16682,16649,16664,16,1:15,16665,16680,16,1:15,16666,16681,16,1:15,,,0,,,,0,,,,0,,,,0,,1,2,15,17,1,,,,
dense,1,274,6,bt,6,0,14016,16,16685,16685,16686,,,,16721,16688,16703,16,1:15,16704,16719,16,1:15,16705,16720,16,1:15,,,0,,,,0,,,,0,,,,0,,1,2,15,17,1,,,,
dense,1,275,6,bt,6,16,14144,16,16724,16724,16725,,,,16760,16727,16742,16,1:15,16743,16758,16,1:15,16744,16759,16,1:15,,,0,,,,0,,,,0,,,,0,,1,2,15,17,1,,,,
dense,1,276,6,bt,7,0,14272,16,16763,16763,16764,,,,16799,16766,16781,16,1:15,16782,16797,16,1:15,16783,16798,16,1:15,,,0,,,,0,,,,0,,,,0,,1,2,15,17,1,,,,
dense,1,277,6,bt,7,16,14400,16,16802,16802,16803,,,,16838,16805,16820,16,1:15,16821,16836,16,1:15,16822,16837,16,1:15,,,0,,,,0,,,,0,,,,0,,1,2,15,17,1,,,,
dense,1,278,6,c,0,0,17792,4,17932,17932,,17953,17952,17958,17959,,,0,,,,0,,,,0,,17934,17949,4,5:3,17936,17951,4,5:3,17937,17952,4,5:3,17953,17956,4,1:3,,,,,,20,4,2,1
dense,1,279,6,c,1,0,17920,4,17962,17962,,17983,17982,17988,17989,,,0,,,,0,,,,0,,17964,17979,4,5:3,17966,17981,4,5:3,17967,17982,4,5:3,17983,17986,4,1:3,,,,,,20,4,2,1
dense,1,280,6,c,2,0,18048,4,17992,17992,,18013,18012,18018,18019,,,0,,,,0,,,,0,,17994,18009,4,5:3,17996,18011,4,5:3,17997,18012,4,5:3,18013,18016,4,1:3,,,,,,20,4,2,1
dense,1,281,6,c,3,0,18176,4,18022,18022,,18043,18042,18048,18049,,,0,,,,0,,,,0,,18024,18039,4,5:3,18026,18041,4,5:3,18027,18042,4,5:3,18043,18046,4,1:3,,,,,,20,4,2,1
dense,1,282,6,c,4,0,18304,4,18052,18052,,18073,18072,18078,18079,,,0,,,,0,,,,0,,18054,18069,4,5:3,18056,18071,4,5:3,18057,18072,4,5:3,18073,18076,4,1:3,,,,,,20,4,2,1
dense,1,283,6,c,5,0,18432,4,18082,18082,,18103,18102,18108,18109,,,0,,,,0,,,,0,,18084,18099,4,5:3,18086,18101,4,5:3,18087,18102,4,5:3,18103,18106,4,1:3,,,,,,20,4,2,1
dense,1,284,6,c,6,0,18560,4,18112,18112,,18133,18132,18138,18139,,,0,,,,0,,,,0,,18114,18129,4,5:3,18116,18131,4,5:3,18117,18132,4,5:3,18133,18136,4,1:3,,,,,,20,4,2,1
dense,1,285,6,c,7,0,18688,4,18142,18142,,18163,18162,18168,18169,,,0,,,,0,,,,0,,18144,18159,4,5:3,18146,18161,4,5:3,18147,18162,4,5:3,18163,18166,4,1:3,,,,,,20,4,2,1
dense,1,286,7,a,0,0,2112,16,18178,18178,18179,,,,18214,18181,18196,16,1:15,18197,18212,16,1:15,18198,18213,16,1:15,,,0,,,,0,,,,0,,,,0,,1,2,15,17,1,,,,
dense,1,287,7,a,0,16,2240,16,18217,18217,18218,,,,18253,18220,18235,16,1:15,18236,18251,16,1:15,18237,18252,16,1:15,,,0,,,,0,,,,0,,,,0,,1,2,15,17,1,,,,
dense,1,288,7,a,1,0,2368,16,18256,18256,18257,,,,18292,18259,18274,16,1:15,18275,18290,16,1:15,18276,18291,16,1:15,,,0,,,,0,,,,0,,,,0,,1,2,15,17,1,,,,
dense,1,289,7,a,1,16,2496,16,18295,18295,18296,,,,18331,18298,18313,16,1:15,18314,18329,16,1:15,18315,18330,16,1:15,,,0,,,,0,,,,0,,,,0,,1,2,15,17,1,,,,
dense,1,290,7,a,2,0,2624,16,18334,18334,18335,,,,18370,18337,18352,16,1:15,18353,18368,16,1:15,18354,18369,16,1:15,,,0,,,,0,,,,0,,,,0,,1,2,15,17,1,,,,
dense,1,291,7,a,2,16,2752,16,18373,18373,18374,,,,18409,18376,18391,16,1:15,18392,18407,16,1:15,18393,18408,16,1:15,,,0,,,,0,,,,0,,,,0,,1,2,15,17,1,,,,
dense,1,292,7,a,3,0,2880,16,18412,18412,18413,,,,18448,18415,18430,16,1:15,18431,18446,16,1:15,18432,18447,16,1:15,,,0,,,,0,,,,0,,,,0,,1,2,15,17,1,,,,
dense,1,293,7,a,3,16,3008,16,18451,18451,18452,,,,18487,18454,18469,16,1:15,18470,18485,16,1:15,18471,18486,16,1:15,,,0,,,,0,,,,0,,,,0,,1,2,15,17,1,,,,
dense,1,294,7,a,4,0,3136,16,18490,18490,18491,,,,18526,18493,18508,16,1:15,18509,18524,16,1:15,18510,18525,16,1:15,,,0,,,,0,,,,0,,,,0,,1,2,15,17,1,,,,
dense,1,295,7,a,4,16,3264,16,18529,18529,18530,,,,18565,18532,18547,16,1:15,18548,18563,16,1:15,18549,18564,16,1:15,,,0,,,,0,,,,0,,,,0,,1,2,15,17,1,,,,
dense,1,296,7,a,5,0,3392,16,18568,18568,18569,,,,18604,18571,18586,16,1:15,18587,18602,16,1:15,18588,18603,16,1:15,,,0,,,,0,,,,0,,,,0,,1,2,15,17,1,,,,
dense,1,297,7,a,5,16,3520,16,18607,18607,18608,,,,18643,18610,18625,16,1:15,18626,18641,16,1:15,18627,18642,16,1:15,,,0,,,,0,,,,0,,,,0,,1,2,15,17,1,,,,
dense,1,298,7,a,6,0,3648,16,18646,18646,18647,,,,18682,18649,18664,16,1:15,18665,18680,16,1:15,18666,18681,16,1:15,,,0,,,,0,,,,0,,,,0,,1,2,15,17,1,,,,
dense,1,299,7,a,6,16,3776,16,18685,18685,18686,,,,18721,18688,18703,16,1:15,18704,18719,16,1:15,18705,18720,16,1:15,,,0,,,,0,,,,0,,,,0,,1,2,15,17,1,,,,
dense,1,300,7,a,7,0,3904,16,18724,18724,18725,,,,18760,18727,18742,16,1:15,18743,18758,16,1:15,18744,18759,16,1:15,,,0,,,,0,,,,0,,,,0,,1,2,15,17,1,,,,
dense,1,301,7,a,7,16,4032,8,18763,18763,18764,,,,18783,18766,18773,8,1:7,18774,18781,8,1:7,18775,18782,8,1:7,,,0,,,,0,,,,0,,,,0,,1,2,7,9,1,,,,
dense,1,302,7,a,7,24,4096,8,18786,18786,18787,,,,18806,18789,18796,8,1:7,18797,18804,8,1:7,18798,18805,8,1:7,,,0,,,,0,,,,0,,,,0,,1,2,7,9,1,,,,
dense,1,303,7,bt,0,0,14528,16,18814,18814,18815,,,,18850,18817,18832,16,1:15,18833,18848,16,1:15,18834,18849,16,1:15,,,0,,,,0,,,,0,,,,0,,1,2,15,17,1,,,,
dense,1,304,7,bt,0,16,14656,16,18853,18853,18854,,,,18889,18856,18871,16,1:15,18872,18887,16,1:15,18873,18888,16,1:15,,,0,,,,0,,,,0,,,,0,,1,2,15,17,1,,,,
dense,1,305,7,bt,1,0,14784,16,18892,18892,18893,,,,18928,18895,18910,16,1:15,18911,18926,16,1:15,18912,18927,16,1:15,,,0,,,,0,,,,0,,,,0,,1,2,15,17,1,,,,
dense,1,306,7,bt,1,16,14912,16,18931,18931,18932,,,,18967,18934,18949,16,1:15,18950,18965,16,1:15,18951,18966,16,1:15,,,0,,,,0,,,,0,,,,0,,1,2,15,17,1,,,,
dense,1,307,7,bt,2,0,15040,16,18970,18970,18971,,,,19006,18973,18988,16,1:15,18989,19004,16,1:15,18990,19005,16,1:15,,,0,,,,0,,,,0,,,,0,,1,2,15,17,1,,,,
dense,1,308,7,bt,2,16,15168,16,19009,19009,19010,,,,19045,19012,19027,16,1:15,19028,19043,16,1:15,19029,19044,16,1:15,,,0,,,,0,,,,0,,,,0,,1,2,15,17,1,,,,
dense,1,309,7,bt,3,0,15296,16,19048,19048,19049,,,,19084,19051,19066,16,1:15,19067,19082,16,1:15,19068,19083,16,1:15,,,0,,,,0,,,,0,,,,0,,1,2,15,17,1,,,,
dense,1,310,7,bt,3,16,15424,16,19087,19087,19088,,,,19123,19090,19105,16,1:15,19106,19121,16,1:15,19107,19122,16,1:15,,,0,,,,0,,,,0,,,,0,,1,2,15,17,1,,,,
dense,1,311,7,bt,4,0,15552,16,19126,19126,19127,,,,19162,19129,19144,16,1:15,19145,19160,16,1:15,19146,19161,16,1:15,,,0,,,,0,,,,0,,,,0,,1,2,15,17,1,,,,
dense,1,312,7,bt,4,16,15680,16,19165,19165,19166,,,,19201,19168,19183,16,1:15,19184,19199,16,1:15,19185,19200,16,1:15,,,0,,,,0,,,,0,,,,0,,1,2,15,17,1,,,,
dense,1,313,7,bt,5,0,15808,16,19204,19204,19205,,,,19240,19207,19222,16,1:15,19223,19238,16,1:15,19224,19239,16,1:15,,,0,,,,0,,,,0,,,,0,,1,2,15,17,1,,,,
dense,1,314,7,bt,5,16,15936,16,19243,19243,19244,,,,19279,19246,19261,16,1:15,19262,19277,16,1:15,19263,19278,16,1:15,,,0,,,,0,,,,0,,,,0,,1,2,15,17,1,,,,
dense,1,315,7,bt,6,0,16064,16,19282,19282,19283,,,,19318,19285,19300,16,1:15,19301,19316,16,1:15,19302,19317,16,1:15,,,0,,,,0,,,,0,,,,0,,1,2,15,17,1,,,,
dense,1,316,7,bt,6,16,16192,16,19321,19321,19322,,,,19357,19324,19339,16,1:15,19340,19355,16,1:15,19341,19356,16,1:15,,,0,,,,0,,,,0,,,,0,,1,2,15,17,1,,,,
dense,1,317,7,bt,7,0,16320,8,19360,19360,19361,,,,19380,19363,19370,8,1:7,19371,19378,8,1:7,19372,19379,8,1:7,,,0,,,,0,,,,0,,,,0,,1,2,7,9,1,,,,
dense,1,318,7,bt,7,8,16384,16,19383,19383,19384,,,,19419,19386,19401,16,1:15,19402,19417,16,1:15,19403,19418,16,1:15,,,0,,,,0,,,,0,,,,0,,1,2,15,17,1,,,,
dense,1,319,7,bt,7,24,16512,8,19422,19422,19423,,,,19442,19425,19432,8,1:7,19433,19440,8,1:7,19434,19441,8,1:7,,,0,,,,0,,,,0,,,,0,,1,2,7,9,1,,,,
dense,1,320,7,c,0,0,17824,4,20536,20536,,20557,20556,20562,20563,,,0,,,,0,,,,0,,20538,20553,4,5:3,20540,20555,4,5:3,20541,20556,4,5:3,20557,20560,4,1:3,,,,,,20,4,2,1
dense,1,321,7,c,1,0,17952,4,20566,20566,,20587,20586,20592,20593,,,0,,,,0,,,,0,,20568,20583,4,5:3,20570,20585,4,5:3,20571,20586,4,5:3,20587,20590,4,1:3,,,,,,20,4,2,1
dense,1,322,7,c,2,0,18080,4,20596,20596,,20617,20616,20622,20623,,,0,,,,0,,,,0,,20598,20613,4,5:3,20600,20615,4,5:3,20601,20616,4,5:3,20617,20620,4,1:3,,,,,,20,4,2,1
dense,1,323,7,c,3,0,18208,4,20626,20626,,20647,20646,20652,20653,,,0,,,,0,,,,0,,20628,20643,4,5:3,20630,20645,4,5:3,20631,20646,4,5:3,20647,20650,4,1:3,,,,,,20,4,2,1
dense,1,324,7,c,4,0,18336,4,20656,20656,,20677,20676,20682,20683,,,0,,,,0,,,,0,,20658,20673,4,5:3,20660,20675,4,5:3,20661,20676,4,5:3,20677,20680,4,1:3,,,,,,20,4,2,1
dense,1,325,7,c,5,0,18464,4,20686,20686,,20707,20706,20712,20713,,,0,,,,0,,,,0,,20688,20703,4,5:3,20690,20705,4,5:3,20691,20706,4,5:3,20707,20710,4,1:3,,,,,,20,4,2,1
dense,1,326,7,c,6,0,18592,4,20716,20716,,20737,20736,20742,20743,,,0,,,,0,,,,0,,20718,20733,4,5:3,20720,20735,4,5:3,20721,20736,4,5:3,20737,20740,4,1:3,,,,,,20,4,2,1
dense,1,327,7,c,7,0,18720,4,20746,20746,,20767,20766,20772,20773,,,0,,,,0,,,,0,,20748,20763,4,5:3,20750,20765,4,5:3,20751,20766,4,5:3,20767,20770,4,1:3,,,,,,20,4,2,1
dense,1,328,8,a,0,0,4160,16,20782,20782,20783,,,,20818,20785,20800,16,1:15,20801,20816,16,1:15,20802,20817,16,1:15,,,0,,,,0,,,,0,,,,0,,1,2,15,17,1,,,,
dense,1,329,8,a,0,16,4288,16,20821,20821,20822,,,,20857,20824,20839,16,1:15,20840,20855,16,1:15,20841,20856,16,1:15,,,0,,,,0,,,,0,,,,0,,1,2,15,17,1,,,,
dense,1,330,8,a,1,0,4416,16,20860,20860,20861,,,,20896,20863,20878,16,1:15,20879,20894,16,1:15,20880,20895,16,1:15,,,0,,,,0,,,,0,,,,0,,1,2,15,17,1,,,,
dense,1,331,8,a,1,16,4544,16,20899,20899,20900,,,,20935,20902,20917,16,1:15,20918,20933,16,1:15,20919,20934,16,1:15,,,0,,,,0,,,,0,,,,0,,1,2,15,17,1,,,,
dense,1,332,8,a,2,0,4672,16,20938,20938,20939,,,,20974,20941,20956,16,1:15,20957,20972,16,1:15,20958,20973,16,1:15,,,0,,,,0,,,,0,,,,0,,1,2,15,17,1,,,,
dense,1,333,8,a,2,16,4800,16,20977,20977,20978,,,,21013,20980,20995,16,1:15,20996,21011,16,1:15,20997,21012,16,1:15,,,0,,,,0,,,,0,,,,0,,1,2,15,17,1,,,,
dense,1,334,8,a,3,0,4928,16,21016,21016,21017,,,,21052,21019,21034,16,1:15,21035,21050,16,1:15,21036,21051,16,1:15,,,0,,,,0,,,,0,,,,0,,1,2,15,17,1,,,,
dense,1,335,8,a,3,16,5056,16,21055,21055,21056,,,,21091,21058,21073,16,1:15,21074,21089,16,1:15,21075,21090,16,1:15,,,0,,,,0,,,,0,,,,0,,1,2,15,17,1,,,,
dense,1,336,8,a,4,0,5184,16,21094,21094,21095,,,,21130,21097,21112,16,1:15,21113,21128,16,1:15,21114,21129,16,1:15,,,0,,,,0,,,,0,,,,0,,1,2,15,17,1,,,,
dense,1,337,8,a,4,16,5312,16,21133,21133,21134,,,,21169,21136,21151,16,1:15,21152,21167,16,1:15,21153,21168,16,1:15,,,0,,,,0,,,,0,,,,0,,1,2,15,17,1,,,,
dense,1,338,8,a,5,0,5440,16,21172,21172,21173,,,,21208,21175,21190,16,1:15,21191,21206,16,1:15,21192,21207,16,1:15,,,0,,,,0,,,,0,,,,0,,1,2,15,17,1,,,,
dense,1,339,8,a,5,16,5568,16,21211,21211,21212,,,,21247,21214,21229,16,1:15,21230,21245,16,1:15,21231,21246,16,1:15,,,0,,,,0,,,,0,,,,0,,1,2,15,17,1,,,,
dense,1,340,8,a,6,0,5696,16,21250,21250,21251,,,,21286,21253,21268,16,1:15,21269,21284,16,1:15,21270,21285,16,1:15,,,0,,,,0,,,,0,,,,0,,1,2,15,17,1,,,,
dense,1,341,8,a,6,16,5824,16,21289,21289,21290,,,,21325,21292,21307,16,1:15,21308,21323,16,1:15,21309,21324,16,1:15,,,0,,,,0,,,,0,,,,0,,1,2,15,17,1,,,,
dense,1,342,8,a,7,0,5952,16,21328,21328,21329,,,,21364,21331,21346,16,1:15,21347,21362,16,1:15,21348,21363,16,1:15,,,0,,,,0,,,,0,,,,0,,1,2,15,17,1,,,,
dense,1,343,8,a,7,16,6080,16,21367,21367,21368,,,,21403,21370,21385,16,1:15,21386,21401,16,1:15,21387,21402,16,1:15,,,0,,,,0,,,,0,,,,0,,1,2,15,17,1,,,,
dense,1,344,8,bt,0,0,8384,16,21411,21411,21412,,,,21447,21414,21429,16,1:15,21430,21445,16,1:15,21431,21446,16,1:15,,,0,,,,0,,,,0,,,,0,,1,2,15,17,1,,,,
dense,1,345,8,bt,0,16,8512,16,21450,21450,21451,,,,21486,21453,21468,16,1:15,21469,21484,16,1:15,21470,21485,16,1:15,,,0,,,,0,,,,0,,,,0,,1,2,15,17,1,,,,
dense,1,346,8,bt,1,0,8640,16,21489,21489,21490,,,,21525,21492,21507,16,1:15,21508,21523,16,1:15,21509,21524,16,1:15,,,0,,,,0,,,,0,,,,0,,1,2,15,17,1,,,,
dense,1,347,8,bt,1,16,8768,16,21528,21528,21529,,,,21564,21531,21546,16,1:15,21547,21562,16,1:15,21548,21563,16,1:15,,,0,,,,0,,,,0,,,,0,,1,2,15,17,1,,,,
dense,1,348,8,bt,2,0,8896,16,21567,21567,21568,,,,21603,21570,21585,16,1:15,21586,21601,16,1:15,21587,21602,16,1:15,,,0,,,,0,,,,0,,,,0,,1,2,15,17,1,,,,
dense,1,349,8,bt,2,16,9024,16,21606,21606,21607,,,,21642,21609,21624,16,1:15,21625,21640,16,1:15,21626,21641,16,1:15,,,0,,,,0,,,,0,,,,0,,1,2,15,17,1,,,,
dense,1,350,8,bt,3,0,9152,16,21645,21645,21646,,,,21681,21648,21663,16,1:15,21664,21679,16,1:15,21665,21680,16,1:15,,,0,,,,0,,,,0,,,,0,,1,2,15,17,1,,,,
dense,1,351,8,bt,3,16,9280,16,21684,21684,21685,,,,21720,21687,21702,16,1:15,21703,21718,16,1:15,21704,21719,16,1:15,,,0,,,,0,,,,0,,,,0,,1,2,15,17,1,,,,
dense,1,352,8,bt,4,0,9408,16,21723,21723,21724,,,,21759,21726,21741,16,1:15,21742,21757,16,1:15,21743,21758,16,1:15,,,0,,,,0,,,,0,,,,0,,1,2,15,17,1,,,,
dense,1,353,8,bt,4,16,9536,16,21762,21762,21763,,,,21798,21765,21780,16,1:15,21781,21796,16,1:15,21782,21797,16,1:15,,,0,,,,0,,,,0,,,,0,,1,2,15,17,1,,,,
dense,1,354,8,bt,5,0,9664,16,21801,21801,21802,,,,21837,21804,21819,16,1:15,21820,21835,16,1:15,21821,21836,16,1:15,,,0,,,,0,,,,0,,,,0,,1,2,15,17,1,,,,
dense,1,355,8,bt,5,16,9792,16,21840,21840,21841,,,,21876,21843,21858,16,1:15,21859,21874,16,1:15,21860,21875,16,1:15,,,0,,,,0,,,,0,,,,0,,1,2,15,17,1,,,,
dense,1,356,8,bt,6,0,9920,16,21879,21879,21880,,,,21915,21882,21897,16,1:15,21898,21913,16,1:15,21899,21914,16,1:15,,,0,,,,0,,,,0,,,,0,,1,2,15,17,1,,,,
dense,1,357,8,bt,6,16,10048,16,21918,21918,21919,,,,21954,21921,21936,16,1:15,21937,21952,16,1:15,21938,21953,16,1:15,,,0,,,,0,,,,0,,,,0,,1,2,15,17,1,,,,
dense,1,358,8,bt,7,0,10176,16,21957,21957,21958,,,,21993,21960,21975,16,1:15,21976,21991,16,1:15,21977,21992,16,1:15,,,0,,,,0,,,,0,,,,0,,1,2,15,17,1,,,,
dense,1,359,8,bt,7,16,10304,16,21996,21996,21997,,,,22032,21999,22014,16,1:15,22015,22030,16,1:15,22016,22031,16,1:15,,,0,,,,0,,,,0,,,,0,,1,2,15,17,1,,,,
dense,1,360,8,c,0,0,18752,4,23126,23126,,23147,23146,23152,23153,,,0,,,,0,,,,0,,23128,23143,4,5:3,23130,23145,4,5:3,23131,23146,4,5:3,23147,23150,4,1:3,,,,,,20,4,2,1
dense,1,361,8,c,1,0,18880,4,23156,23156,,23177,23176,23182,23183,,,0,,,,0,,,,0,,23158,23173,4,5:3,23160,23175,4,5:3,23161,23176,4,5:3,23177,23180,4,1:3,,,,,,20,4,2,1
dense,1,362,8,c,2,0,19008,4,23186,23186,,23207,23206,23212,23213,,,0,,,,0,,,,0,,23188,23203,4,5:3,23190,23205,4,5:3,23191,23206,4,5:3,23207,23210,4,1:3,,,,,,20,4,2,1
dense,1,363,8,c,3,0,19136,4,23216,23216,,23237,23236,23242,23243,,,0,,,,0,,,,0,,23218,23233,4,5:3,23220,23235,4,5:3,23221,23236,4,5:3,23237,23240,4,1:3,,,,,,20,4,2,1
dense,1,364,8,c,4,0,19264,4,23246,23246,,23267,23266,23272,23273,,,0,,,,0,,,,0,,23248,23263,4,5:3,23250,23265,4,5:3,23251,23266,4,5:3,23267,23270,4,1:3,,,,,,20,4,2,1
dense,1,365,8,c,5,0,19392,4,23276,23276,,23297,23296,23302,23303,,,0,,,,0,,,,0,,23278,23293,4,5:3,23280,23295,4,5:3,23281,23296,4,5:3,23297,23300,4,1:3,,,,,,20,4,2,1
dense,1,366,8,c,6,0,19520,4,23306,23306,,23327,23326,23332,23333,,,0,,,,0,,,,0,,23308,23323,4,5:3,23310,23325,4,5:3,23311,23326,4,5:3,23327,23330,4,1:3,,,,,,20,4,2,1
dense,1,367,8,c,7,0,19648,4,23336,23336,,23357,23356,23362,23363,,,0,,,,0,,,,0,,23338,23353,4,5:3,23340,23355,4,5:3,23341,23356,4,5:3,23357,23360,4,1:3,,,,,,20,4,2,1
dense,1,368,9,a,0,0,4160,16,23372,23372,23373,,,,23408,23375,23390,16,1:15,23391,23406,16,1:15,23392,23407,16,1:15,,,0,,,,0,,,,0,,,,0,,1,2,15,17,1,,,,
dense,1,369,9,a,0,16,4288,16,23411,23411,23412,,,,23447,23414,23429,16,1:15,23430,23445,16,1:15,23431,23446,16,1:15,,,0,,,,0,,,,0,,,,0,,1,2,15,17,1,,,,
dense,1,370,9,a,1,0,4416,16,23450,23450,23451,,,,23486,23453,23468,16,1:15,23469,23484,16,1:15,23470,23485,16,1:15,,,0,,,,0,,,,0,,,,0,,1,2,15,17,1,,,,
dense,1,371,9,a,1,16,4544,16,23489,23489,23490,,,,23525,23492,23507,16,1:15,23508,23523,16,1:15,23509,23524,16,1:15,,,0,,,,0,,,,0,,,,0,,1,2,15,17,1,,,,
dense,1,372,9,a,2,0,4672,16,23528,23528,23529,,,,23564,23531,23546,16,1:15,23547,23562,16,1:15,23548,23563,16,1:15,,,0,,,,0,,,,0,,,,0,,1,2,15,17,1,,,,
dense,1,373,9,a,2,16,4800,16,23567,23567,23568,,,,23603,23570,23585,16,1:15,23586,23601,16,1:15,23587,23602,16,1:15,,,0,,,,0,,,,0,,,,0,,1,2,15,17,1,,,,
dense,1,374,9,a,3,0,4928,16,23606,23606,23607,,,,23642,23609,23624,16,1:15,23625,23640,16,1:15,23626,23641,16,1:15,,,0,,,,0,,,,0,,,,0,,1,2,15,17,1,,,,
dense,1,375,9,a,3,16,5056,16,23645,23645,23646,,,,23681,23648,23663,16,1:15,23664,23679,16,1:15,23665,23680,16,1:15,,,0,,,,0,,,,0,,,,0,,1,2,15,17,1,,,,
dense,1,376,9,a,4,0,5184,16,23684,23684,23685,,,,23720,23687,23702,16,1:15,23703,23718,16,1:15,23704,23719,16,1:15,,,0,,,,0,,,,0,,,,0,,1,2,15,17,1,,,,
dense,1,377,9,a,4,16,5312,16,23723,23723,23724,,,,23759,23726,23741,16,1:15,23742,23757,16,1:15,23743,23758,16,1:15,,,0,,,,0,,,,0,,,,0,,1,2,15,17,1,,,,
dense,1,378,9,a,5,0,5440,16,23762,23762,23763,,,,23798,23765,23780,16,1:15,23781,23796,16,1:15,23782,23797,16,1:15,,,0,,,,0,,,,0,,,,0,,1,2,15,17,1,,,,
dense,1,379,9,a,5,16,5568,16,23801,23801,23802,,,,23837,23804,23819,16,1:15,23820,23835,16,1:15,23821,23836,16,1:15,,,0,,,,0,,,,0,,,,0,,1,2,15,17,1,,,,
dense,1,380,9,a,6,0,5696,16,23840,23840,23841,,,,23876,23843,23858,16,1:15,23859,23874,16,1:15,23860,23875,16,1:15,,,0,,,,0,,,,0,,,,0,,1,2,15,17,1,,,,
dense,1,381,9,a,6,16,5824,16,23879,23879,23880,,,,23915,23882,23897,16,1:15,23898,23913,16,1:15,23899,23914,16,1:15,,,0,,,,0,,,,0,,,,0,,1,2,15,17,1,,,,
dense,1,382,9,a,7,0,5952,16,23918,23918,23919,,,,23954,23921,23936,16,1:15,23937,23952,16,1:15,23938,23953,16,1:15,,,0,,,,0,,,,0,,,,0,,1,2,15,17,1,,,,
dense,1,383,9,a,7,16,6080,16,23957,23957,23958,,,,23993,23960,23975,16,1:15,23976,23991,16,1:15,23977,23992,16,1:15,,,0,,,,0,,,,0,,,,0,,1,2,15,17,1,,,,
dense,1,384,9,bt,0,0,10432,16,24001,24001,24002,,,,24037,24004,24019,16,1:15,24020,24035,16,1:15,24021,24036,16,1:15,,,0,,,,0,,,,0,,,,0,,1,2,15,17,1,,,,
dense,1,385,9,bt,0,16,10560,16,24040,24040,24041,,,,24076,24043,24058,16,1:15,24059,24074,16,1:15,24060,24075,16,1:15,,,0,,,,0,,,,0,,,,0,,1,2,15,17,1,,,,
dense,1,386,9,bt,1,0,10688,16,24079,24079,24080,,,,24115,24082,24097,16,1:15,24098,24113,16,1:15,24099,24114,16,1:15,,,0,,,,0,,,,0,,,,0,,1,2,15,17,1,,,,
dense,1,387,9,bt,1,16,10816,16,24118,24118,24119,,,,24154,24121,24136,16,1:15,24137,24152,16,1:15,24138,24153,16,1:15,,,0,,,,0,,,,0,,,,0,,1,2,15,17,1,,,,
dense,1,388,9,bt,2,0,10944,16,24157,24157,24158,,,,24193,24160,24175,16,1:15,24176,24191,16,1:15,24177,24192,16,1:15,,,0,,,,0,,,,0,,,,0,,1,2,15,17,1,,,,
dense,1,389,9,bt,2,16,11072,16,24196,24196,24197,,,,24232,24199,24214,16,1:15,24215,24230,16,1:15,24216,24231,16,1:15,,,0,,,,0,,,,0,,,,0,,1,2,15,17,1,,,,
dense,1,390,9,bt,3,0,11200,16,24235,24235,24236,,,,24271,24238,24253,16,1:15,24254,24269,16,1:15,24255,24270,16,1:15,,,0,,,,0,,,,0,,,,0,,1,2,15,17,1,,,,
dense,1,391,9,bt,3,16,11328,16,24274,24274,24275,,,,24310,24277,24292,16,1:15,24293,24308,16,1:15,24294,24309,16,1:15,,,0,,,,0,,,,0,,,,0,,1,2,15,17,1,,,,
dense,1,392,9,bt,4,0,11456,16,24313,24313,24314,,,,24349,24316,24331,16,1:15,24332,24347,16,1:15,24333,24348,16,1:15,,,0,,,,0,,,,0,,,,0,,1,2,15,17,1,,,,
dense,1,393,9,bt,4,16,11584,16,24352,24352,24353,,,,24388,24355,24370,16,1:15,24371,24386,16,1:15,24372,24387,16,1:15,,,0,,,,0,,,,0,,,,0,,1,2,15,17,1,,,,
dense,1,394,9,bt,5,0,11712,16,24391,24391,24392,,,,24427,24394,24409,16,1:15,24410,24425,16,1:15,24411,24426,16,1:15,,,0,,,,0,,,,0,,,,0,,1,2,15,17,1,,,,
dense,1,395,9,bt,5,16,11840,16,24430,24430,24431,,,,24466,24433,24448,16,1:15,24449,24464,16,1:15,24450,24465,16,1:15,,,0,,,,0,,,,0,,,,0,,1,2,15,17,1,,,,
dense,1,396,9,bt,6,0,11968,16,24469,24469,24470,,,,24505,24472,24487,16,1:15,24488,24503,16,1:15,24489,24504,16,1:15,,,0,,,,0,,,,0,,,,0,,1,2,15,17,1,,,,
dense,1,397,9,bt,6,16,12096,16,24508,24508,24509,,,,24544,24511,24526,16,1:15,24527,24542,16,1:15,24528,24543,16,1:15,,,0,,,,0,,,,0,,,,0,,1,2,15,17,1,,,,
dense,1,398,9,bt,7,0,12224,8,24547,24547,24548,,,,24567,24550,24557,8,1:7,24558,24565,8,1:7,24559,24566,8,1:7,,,0,,,,0,,,,0,,,,0,,1,2,7,9,1,,,,
dense,1,399,9,bt,7,8,12288,16,24570,24570,24571,,,,24606,24573,24588,16,1:15,24589,24604,16,1:15,24590,24605,16,1:15,,,0,,,,0,,,,0,,,,0,,1,2,15,17,1,,,,
dense,1,400,9,bt,7,24,12416,8,24609,24609,24610,,,,24629,24612,24619,8,1:7,24620,24627,8,1:7,24621,24628,8,1:7,,,0,,,,0,,,,0,,,,0,,1,2,7,9,1,,,,
dense,1,401,9,c,0,0,18784,4,25723,25723,,25744,25743,25749,25750,,,0,,,,0,,,,0,,25725,25740,4,5:3,25727,25742,4,5:3,25728,25743,4,5:3,25744,25747,4,1:3,,,,,,20,4,2,1
dense,1,402,9,c,1,0,18912,4,25753,25753,,25774,25773,25779,25780,,,0,,,,0,,,,0,,25755,25770,4,5:3,25757,25772,4,5:3,25758,25773,4,5:3,25774,25777,4,1:3,,,,,,20,4,2,1
dense,1,403,9,c,2,0,19040,4,25783,25783,,25804,25803,25809,25810,,,0,,,,0,,,,0,,25785,25800,4,5:3,25787,25802,4,5:3,25788,25803,4,5:3,25804,25807,4,1:3,,,,,,20,4,2,1
dense,1,404,9,c,3,0,19168,4,25813,25813,,25834,25833,25839,25840,,,0,,,,0,,,,0,,25815,25830,4,5:3,25817,25832,4,5:3,25818,25833,4,5:3,25834,25837,4,1:3,,,,,,20,4,2,1
dense,1,405,9,c,4,0,19296,4,25843,25843,,25864,25863,25869,25870,,,0,,,,0,,,,0,,25845,25860,4,5:3,25847,25862,4,5:3,25848,25863,4,5:3,25864,25867,4,1:3,,,,,,20,4,2,1
dense,1,406,9,c,5,0,19424,4,25873,25873,,25894,25893,25899,25900,,,0,,,,0,,,,0,,25875,25890,4,5:3,25877,25892,4,5:3,25878,25893,4,5:3,25894,25897,4,1:3,,,,,,20,4,2,1
dense,1,407,9,c,6,0,19552,4,25903,25903,,25924,25923,25929,25930,,,0,,,,0,,,,0,,25905,25920,4,5:3,25907,25922,4,5:3,25908,25923,4,5:3,25924,25927,4,1:3,,,,,,20,4,2,1
dense,1,408,9,c,7,0,19680,4,25933,25933,,25954,25953,25959,25960,,,0,,,,0,,,,0,,25935,25950,4,5:3,25937,25952,4,5:3,25938,25953,4,5:3,25954,25957,4,1:3,,,,,,20,4,2,1
dense,1,409,10,a,0,0,4160,16,25969,25969,25970,,,,26005,25972,25987,16,1:15,25988,26003,16,1:15,25989,26004,16,1:15,,,0,,,,0,,,,0,,,,0,,1,2,15,17,1,,,,
dense,1,410,10,a,0,16,4288,16,26008,26008,26009,,,,26044,26011,26026,16,1:15,26027,26042,16,1:15,26028,26043,16,1:15,,,0,,,,0,,,,0,,,,0,,1,2,15,17,1,,,,
dense,1,411,10,a,1,0,4416,16,26047,26047,26048,,,,26083,26050,26065,16,1:15,26066,26081,16,1:15,26067,26082,16,1:15,,,0,,,,0,,,,0,,,,0,,1,2,15,17,1,,,,
dense,1,412,10,a,1,16,4544,16,26086,26086,26087,,,,26122,26089,26104,16,1:15,26105,26120,16,1:15,26106,26121,16,1:15,,,0,,,,0,,,,0,,,,0,,1,2,15,17,1,,,,
dense,1,413,10,a,2,0,4672,16,26125,26125,26126,,,,26161,26128,26143,16,1:15,26144,26159,16,1:15,26145,26160,16,1:15,,,0,,,,0,,,,0,,,,0,,1,2,15,17,1,,,,
dense,1,414,10,a,2,16,4800,16,26164,26164,26165,,,,26200,26167,26182,16,1:15,26183,26198,16,1:15,26184,26199,16,1:15,,,0,,,,0,,,,0,,,,0,,1,2,15,17,1,,,,
dense,1,415,10,a,3,0,4928,16,26203,26203,26204,,,,26239,26206,26221,16,1:15,26222,26237,16,1:15,26223,26238,16,1:15,,,0,,,,0,,,,0,,,,0,,1,2,15,17,1,,,,
dense,1,416,10,a,3,16,5056,16,26242,26242,26243,,,,26278,26245,26260,16,1:15,26261,26276,16,1:15,26262,26277,16,1:15,,,0,,,,0,,,,0,,,,0,,1,2,15,17,1,,,,
dense,1,417,10,a,4,0,5184,16,26281,26281,26282,,,,26317,26284,26299,16,1:15,26300,26315,16,1:15,26301,26316,16,1:15,,,0,,,,0,,,,0,,,,0,,1,2,15,17,1,,,,
dense,1,418,10,a,4,16,5312,16,26320,26320,26321,,,,26356,26323,26338,16,1:15,26339,26354,16,1:15,26340,26355,16,1:15,,,0,,,,0,,,,0,,,,0,,1,2,15,17,1,,,,
dense,1,419,10,a,5,0,5440,16,26359,26359,26360,,,,26395,26362,26377,16,1:15,26378,26393,16,1:15,26379,26394,16,1:15,,,0,,,,0,,,,0,,,,0,,1,2,15,17,1,,,,
dense,1,420,10,a,5,16,5568,16,26398,26398,26399,,,,26434,26401,26416,16,1:15,26417,26432,16,1:15,26418,26433,16,1:15,,,0,,,,0,,,,0,,,,0,,1,2,15,17,1,,,,
dense,1,421,10,a,6,0,5696,16,26437,26437,26438,,,,26473,26440,26455,16,1:15,26456,26471,16,1:15,26457,26472,16,1:15,,,0,,,,0,,,,0,,,,0,,1,2,15,17,1,,,,
dense,1,422,10,a,6,16,5824,16,26476,26476,26477,,,,26512,26479,26494,16,1:15,26495,26510,16,1:15,26496,26511,16,1:15,,,0,,,,0,,,,0,,,,0,,1,2,15,17,1,,,,
dense,1,423,10,a,7,0,5952,16,26515,26515,26516,,,,26551,26518,26533,16,1:15,26534,26549,16,1:15,26535,26550,16,1:15,,,0,,,,0,,,,0,,,,0,,1,2,15,17,1,,,,
dense,1,424,10,a,7,16,6080,16,26554,26554,26555,,,,26590,26557,26572,16,1:15,26573,26588,16,1:15,26574,26589,16,1:15,,,0,,,,0,,,,0,,,,0,,1,2,15,17,1,,,,
dense,1,425,10,bt,0,0,12480,16,26598,26598,26599,,,,26634,26601,26616,16,1:15,26617,26632,16,1:15,26618,26633,16,1:15,,,0,,,,0,,,,0,,,,0,,1,2,15,17,1,,,,
dense,1,426,10,bt,0,16,12608,16,26637,26637,26638,,,,26673,26640,26655,16,1:15,26656,26671,16,1:15,26657,26672,16,1:15,,,0,,,,0,,,,0,,,,0,,1,2,15,17,1,,,,
dense,1,427,10,bt,1,0,12736,16,26676,26676,26677,,,,26712,26679,26694,16,1:15,26695,26710,16,1:15,26696,26711,16,1:15,,,0,,,,0,,,,0,,,,0,,1,2,15,17,1,,,,
dense,1,428,10,bt,1,16,12864,16,26715,26715,26716,,,,26751,26718,26733,16,1:15,26734,26749,16,1:15,26735,26750,16,1:15,,,0,,,,0,,,,0,,,,0,,1,2,15,17,1,,,,
dense,1,429,10,bt,2,0,12992,16,26754,26754,26755,,,,26790,26757,26772,16,1:15,26773,26788,16,1:15,26774,26789,16,1:15,,,0,,,,0,,,,0,,,,0,,1,2,15,17,1,,,,
dense,1,430,10,bt,2,16,13120,16,26793,26793,26794,,,,26829,26796,26811,16,1:15,26812,26827,16,1:15,26813,26828,16,1:15,,,0,,,,0,,,,0,,,,0,,1,2,15,17,1,,,,
dense,1,431,10,bt,3,0,13248,16,26832,26832,26833,,,,26868,26835,26850,16,1:15,26851,26866,16,1:15,26852,26867,16,1:15,,,0,,,,0,,,,0,,,,0,,1,2,15,17,1,,,,
dense,1,432,10,bt,3,16,13376,16,26871,26871,26872,,,,26907,26874,26889,16,1:15,26890,26905,16,1:15,26891,26906,16,1:15,,,0,,,,0,,,,0,,,,0,,1,2,15,17,1,,,,
dense,1,433,10,bt,4,0,13504,16,26910,26910,26911,,,,26946,26913,26928,16,1:15,26929,26944,16,1:15,26930,26945,16,1:15,,,0,,,,0,,,,0,,,,0,,1,2,15,17,1,,,,
dense,1,434,10,bt,4,16,13632,16,26949,26949,26950,,,,26985,26952,26967,16,1:15,26968,26983,16,1:15,26969,26984,16,1:15,,,0,,,,0,,,,0,,,,0,,1,2,15,17,1,,,,
dense,1,435,10,bt,5,0,13760,16,26988,26988,26989,,,,27024,26991,27006,16,1:15,27007,27022,16,1:15,27008,27023,16,1:15,,,0,,,,0,,,,0,,,,0,,1,2,15,17,1,,,,
dense,1,436,10,bt,5,16,13888,16,27027,27027,27028,,,,27063,27030,27045,16,1:15,27046,27061,16,1:15,27047,27062,16,1:15,,,0,,,,0,,,,0,,,,0,,1,2,15,17,1,,,,
dense,1,437,10,bt,6,0,14016,16,27066,27066,27067,,,,27102,27069,27084,16,1:15,27085,27100,16,1:15,27086,27101,16,1:15,,,0,,,,0,,,,0,,,,0,,1,2,15,17,1,,,,
dense,1,438,10,bt,6,16,14144,16,27105,27105,27106,,,,27141,27108,27123,16,1:15,27124,27139,16,1:15,27125,27140,16,1:15,,,0,,,,0,,,,0,,,,0,,1,2,15,17,1,,,,
dense,1,439,10,bt,7,0,14272,16,27144,27144,27145,,,,27180,27147,27162,16,1:15,27163,27178,16,1:15,27164,27179,16,1:15,,,0,,,,0,,,,0,,,,0,,1,2,15,17,1,,,,
dense,1,440,10,bt,7,16,14400,16,27183,27183,27184,,,,27219,27186,27201,16,1:15,27202,27217,16,1:15,27203,27218,16,1:15,,,0,,,,0,,,,0,,,,0,,1,2,15,17,1,,,,
dense,1,441,10,c,0,0,18816,4,28313,28313,,28334,28333,28339,28340,,,0,,,,0,,,,0,,28315,28330,4,5:3,28317,28332,4,5:3,28318,28333,4,5:3,28334,28337,4,1:3,,,,,,20,4,2,1
dense,1,442,10,c,1,0,18944,4,28343,28343,,28364,28363,28369,28370,,,0,,,,0,,,,0,,28345,28360,4,5:3,28347,28362,4,5:3,28348,28363,4,5:3,28364,28367,4,1:3,,,,,,20,4,2,1
dense,1,443,10,c,2,0,19072,4,28373,28373,,28394,28393,28399,28400,,,0,,,,0,,,,0,,28375,28390,4,5:3,28377,28392,4,5:3,28378,28393,4,5:3,28394,28397,4,1:3,,,,,,20,4,2,1
dense,1,444,10,c,3,0,19200,4,28403,28403,,28424,28423,28429,28430,,,0,,,,0,,,,0,,28405,28420,4,5:3,28407,28422,4,5:3,28408,28423,4,5:3,28424,28427,4,1:3,,,,,,20,4,2,1
dense,1,445,10,c,4,0,19328,4,28433,28433,,28454,28453,28459,28460,,,0,,,,0,,,,0,,28435,28450,4,5:3,28437,28452,4,5:3,28438,28453,4,5:3,28454,28457,4,1:3,,,,,,20,4,2,1
dense,1,446,10,c,5,0,19456,4,28463,28463,,28484,28483,28489,28490,,,0,,,,0,,,,0,,28465,28480,4,5:3,28467,28482,4,5:3,28468,28483,4,5:3,28484,28487,4,1:3,,,,,,20,4,2,1
dense,1,447,10,c,6,0,19584,4,28493,28493,,28514,28513,28519,28520,,,0,,,,0,,,,0,,28495,28510,4,5:3,28497,28512,4,5:3,28498,28513,4,5:3,28514,28517,4,1:3,,,,,,20,4,2,1
dense,1,448,10,c,7,0,19712,4,28523,28523,,28544,28543,28549,28550,,,0,,,,0,,,,0,,28525,28540,4,5:3,28527,28542,4,5:3,28528,28543,4,5:3,28544,28547,4,1:3,,,,,,20,4,2,1
dense,1,449,11,a,0,0,4160,16,28559,28559,28560,,,,28595,28562,28577,16,1:15,28578,28593,16,1:15,28579,28594,16,1:15,,,0,,,,0,,,,0,,,,0,,1,2,15,17,1,,,,
dense,1,450,11,a,0,16,4288,16,28598,28598,28599,,,,28634,28601,28616,16,1:15,28617,28632,16,1:15,28618,28633,16,1:15,,,0,,,,0,,,,0,,,,0,,1,2,15,17,1,,,,
dense,1,451,11,a,1,0,4416,16,28637,28637,28638,,,,28673,28640,28655,16,1:15,28656,28671,16,1:15,28657,28672,16,1:15,,,0,,,,0,,,,0,,,,0,,1,2,15,17,1,,,,
dense,1,452,11,a,1,16,4544,16,28676,28676,28677,,,,28712,28679,28694,16,1:15,28695,28710,16,1:15,28696,28711,16,1:15,,,0,,,,0,,,,0,,,,0,,1,2,15,17,1,,,,
dense,1,453,11,a,2,0,4672,16,28715,28715,28716,,,,28751,28718,28733,16,1:15,28734,28749,16,1:15,28735,28750,16,1:15,,,0,,,,0,,,,0,,,,0,,1,2,15,17,1,,,,
dense,1,454,11,a,2,16,4800,16,28754,28754,28755,,,,28790,28757,28772,16,1:15,28773,28788,16,1:15,28774,28789,16,1:15,,,0,,,,0,,,,0,,,,0,,1,2,15,17,1,,,,
dense,1,455,11,a,3,0,4928,16,28793,28793,28794,,,,28829,28796,28811,16,1:15,28812,28827,16,1:15,28813,28828,16,1:15,,,0,,,,0,,,,0,,,,0,,1,2,15,17,1,,,,
dense,1,456,11,a,3,16,5056,16,28832,28832,28833,,,,28868,28835,28850,16,1:15,28851,28866,16,1:15,28852,28867,16,1:15,,,0,,,,0,,,,0,,,,0,,1,2,15,17,1,,,,
dense,1,457,11,a,4,0,5184,16,28871,28871,28872,,,,28907,28874,28889,16,1:15,28890,28905,16,1:15,28891,28906,16,1:15,,,0,,,,0,,,,0,,,,0,,1,2,15,17,1,,,,
dense,1,458,11,a,4,16,5312,16,28910,28910,28911,,,,28946,28913,28928,16,1:15,28929,28944,16,1:15,28930,28945,16,1:15,,,0,,,,0,,,,0,,,,0,,1,2,15,17,1,,,,
dense,1,459,11,a,5,0,5440,16,28949,28949,28950,,,,28985,28952,28967,16,1:15,28968,28983,16,1:15,28969,28984,16,1:15,,,0,,,,0,,,,0,,,,0,,1,2,15,17,1,,,,
dense,1,460,11,a,5,16,5568,16,28988,28988,28989,,,,29024,28991,29006,16,1:15,29007,29022,16,1:15,29008,29023,16,1:15,,,0,,,,0,,,,0,,,,0,,1,2,15,17,1,,,,
dense,1,461,11,a,6,0,5696,16,29027,29027,29028,,,,29063,29030,29045,16,1:15,29046,29061,16,1:15,29047,29062,16,1:15,,,0,,,,0,,,,0,,,,0,,1,2,15,17,1,,,,
dense,1,462,11,a,6,16,5824,16,29066,29066,29067,,,,29102,29069,29084,16,1:15,29085,29100,16,1:15,29086,29101,16,1:15,,,0,,,,0,,,,0,,,,0,,1,2,15,17,1,,,,
dense,1,463,11,a,7,0,5952,16,29105,29105,29106,,,,29141,29108,29123,16,1:15,29124,29139,16,1:15,29125,29140,16,1:15,,,0,,,,0,,,,0,,,,0,,1,2,15,17,1,,,,
dense,1,464,11,a,7,16,6080,16,29144,29144,29145,,,,29180,29147,29162,16,1:15,29163,29178,16,1:15,29164,29179,16,1:15,,,0,,,,0,,,,0,,,,0,,1,2,15,17,1,,,,
dense,1,465,11,bt,0,0,14528,16,29188,29188,29189,,,,29224,29191,29206,16,1:15,29207,29222,16,1:15,29208,29223,16,1:15,,,0,,,,0,,,,0,,,,0,,1,2,15,17,1,,,,
dense,1,466,11,bt,0,16,14656,16,29227,29227,29228,,,,29263,29230,29245,16,1:15,29246,29261,16,1:15,29247,29262,16,1:15,,,0,,,,0,,,,0,,,,0,,1,2,15,17,1,,,,
dense,1,467,11,bt,1,0,14784,16,29266,29266,29267,,,,29302,29269,29284,16,1:15,29285,29300,16,1:15,29286,29301,16,1:15,,,0,,,,0,,,,0,,,,0,,1,2,15,17,1,,,,
dense,1,468,11,bt,1,16,14912,16,29305,29305,29306,,,,29341,29308,29323,16,1:15,29324,29339,16,1:15,29325,29340,16,1:15,,,0,,,,0,,,,0,,,,0,,1,2,15,17,1,,,,
dense,1,469,11,bt,2,0,15040,16,29344,29344,29345,,,,29380,29347,29362,16,1:15,29363,29378,16,1:15,29364,29379,16,1:15,,,0,,,,0,,,,0,,,,0,,1,2,15,17,1,,,,
dense,1,470,11,bt,2,16,15168,16,29383,29383,29384,,,,29419,29386,29401,16,1:15,29402,29417,16,1:15,29403,29418,16,1:15,,,0,,,,0,,,,0,,,,0,,1,2,15,17,1,,,,
dense,1,471,11,bt,3,0,15296,16,29422,29422,29423,,,,29458,29425,29440,16,1:15,29441,29456,16,1:15,29442,29457,16,1:15,,,0,,,,0,,,,0,,,,0,,1,2,15,17,1,,,,
dense,1,472,11,bt,3,16,15424,16,29461,29461,29462,,,,29497,29464,29479,16,1:15,29480,29495,16,1:15,29481,29496,16,1:15,,,0,,,,0,,,,0,,,,0,,1,2,15,17,1,,,,
dense,1,473,11,bt,4,0,15552,16,29500,29500,29501,,,,29536,29503,29518,16,1:15,29519,29534,16,1:15,29520,29535,16,1:15,,,0,,,,0,,,,0,,,,0,,1,2,15,17,1,,,,
dense,1,474,11,bt,4,16,15680,16,29539,29539,29540,,,,29575,29542,29557,16,1:15,29558,29573,16,1:15,29559,29574,16,1:15,,,0,,,,0,,,,0,,,,0,,1,2,15,17,1,,,,
dense,1,475,11,bt,5,0,15808,16,29578,29578,29579,,,,29614,29581,29596,16,1:15,29597,29612,16,1:15,29598,29613,16,1:15,,,0,,,,0,,,,0,,,,0,,1,2,15,17,1,,,,
dense,1,476,11,bt,5,16,15936,16,29617,29617,29618,,,,29653,29620,29635,16,1:15,29636,29651,16,1:15,29637,29652,16,1:15,,,0,,,,0,,,,0,,,,0,,1,2,15,17,1,,,,
dense,1,477,11,bt,6,0,16064,16,29656,29656,29657,,,,29692,29659,29674,16,1:15,29675,29690,16,1:15,29676,29691,16,1:15,,,0,,,,0,,,,0,,,,0,,1,2,15,17,1,,,,
dense,1,478,11,bt,6,16,16192,16,29695,29695,29696,,,,29731,29698,29713,16,1:15,29714,29729,16,1:15,29715,29730,16,1:15,,,0,,,,0,,,,0,,,,0,,1,2,15,17,1,,,,
dense,1,479,11,bt,7,0,16320,8,29734,29734,29735,,,,29754,29737,29744,8,1:7,29745,29752,8,1:7,29746,29753,8,1:7,,,0,,,,0,,,,0,,,,0,,1,2,7,9,1,,,,
dense,1,480,11,bt,7,8,16384,16,29757,29757,29758,,,,29793,29760,29775,16,1:15,29776,29791,16,1:15,29777,29792,16,1:15,,,0,,,,0,,,,0,,,,0,,1,2,15,17,1,,,,
dense,1,481,11,bt,7,24,16512,8,29796,29796,29797,,,,29816,29799,29806,8,1:7,29807,29814,8,1:7,29808,29815,8,1:7,,,0,,,,0,,,,0,,,,0,,1,2,7,9,1,,,,
dense,1,482,11,c,0,0,18848,4,30910,30910,,30931,30930,30936,30937,,,0,,,,0,,,,0,,30912,30927,4,5:3,30914,30929,4,5:3,30915,30930,4,5:3,30931,30934,4,1:3,,,,,,20,4,2,1
dense,1,483,11,c,1,0,18976,4,30940,30940,,30961,30960,30966,30967,,,0,,,,0,,,,0,,30942,30957,4,5:3,30944,30959,4,5:3,30945,30960,4,5:3,30961,30964,4,1:3,,,,,,20,4,2,1
dense,1,484,11,c,2,0,19104,4,30970,30970,,30991,30990,30996,30997,,,0,,,,0,,,,0,,30972,30987,4,5:3,30974,30989,4,5:3,30975,30990,4,5:3,30991,30994,4,1:3,,,,,,20,4,2,1
dense,1,485,11,c,3,0,19232,4,31000,31000,,31021,31020,31026,31027,,,0,,,,0,,,,0,,31002,31017,4,5:3,31004,31019,4,5:3,31005,31020,4,5:3,31021,31024,4,1:3,,,,,,20,4,2,1
dense,1,486,11,c,4,0,19360,4,31030,31030,,31051,31050,31056,31057,,,0,,,,0,,,,0,,31032,31047,4,5:3,31034,31049,4,5:3,31035,31050,4,5:3,31051,31054,4,1:3,,,,,,20,4,2,1
dense,1,487,11,c,5,0,19488,4,31060,31060,,31081,31080,31086,31087,,,0,,,,0,,,,0,,31062,31077,4,5:3,31064,31079,4,5:3,31065,31080,4,5:3,31081,31084,4,1:3,,,,,,20,4,2,1
dense,1,488,11,c,6,0,19616,4,31090,31090,,31111,31110,31116,31117,,,0,,,,0,,,,0,,31092,31107,4,5:3,31094,31109,4,5:3,31095,31110,4,5:3,31111,31114,4,1:3,,,,,,20,4,2,1
dense,1,489,11,c,7,0,19744,4,31120,31120,,31141,31140,31146,31147,,,0,,,,0,,,,0,,31122,31137,4,5:3,31124,31139,4,5:3,31125,31140,4,5:3,31141,31144,4,1:3,,,,,,20,4,2,1
dense,1,490,12,a,0,0,6208,16,31156,31156,31157,,,,31192,31159,31174,16,1:15,31175,31190,16,1:15,31176,31191,16,1:15,,,0,,,,0,,,,0,,,,0,,1,2,15,17,1,,,,
dense,1,491,12,a,0,16,6336,16,31195,31195,31196,,,,31231,31198,31213,16,1:15,31214,31229,16,1:15,31215,31230,16,1:15,,,0,,,,0,,,,0,,,,0,,1,2,15,17,1,,,,
dense,1,492,12,a,1,0,6464,16,31234,31234,31235,,,,31270,31237,31252,16,1:15,31253,31268,16,1:15,31254,31269,16,1:15,,,0,,,,0,,,,0,,,,0,,1,2,15,17,1,,,,
dense,1,493,12,a,1,16,6592,16,31273,31273,31274,,,,31309,31276,31291,16,1:15,31292,31307,16,1:15,31293,31308,16,1:15,,,0,,,,0,,,,0,,,,0,,1,2,15,17,1,,,,
dense,1,494,12,a,2,0,6720,16,31312,31312,31313,,,,31348,31315,31330,16,1:15,31331,31346,16,1:15,31332,31347,16,1:15,,,0,,,,0,,,,0,,,,0,,1,2,15,17,1,,,,
dense,1,495,12,a,2,16,6848,16,31351,31351,31352,,,,31387,31354,31369,16,1:15,31370,31385,16,1:15,31371,31386,16,1:15,,,0,,,,0,,,,0,,,,0,,1,2,15,17,1,,,,
dense,1,496,12,a,3,0,6976,16,31390,31390,31391,,,,31426,31393,31408,16,1:15,31409,31424,16,1:15,31410,31425,16,1:15,,,0,,,,0,,,,0,,,,0,,1,2,15,17,1,,,,
dense,1,497,12,a,3,16,7104,16,31429,31429,31430,,,,31465,31432,31447,16,1:15,31448,31463,16,1:15,31449,31464,16,1:15,,,0,,,,0,,,,0,,,,0,,1,2,15,17,1,,,,
dense,1,498,12,a,4,0,7232,16,31468,31468,31469,,,,31504,31471,31486,16,1:15,31487,31502,16,1:15,31488,31503,16,1:15,,,0,,,,0,,,,0,,,,0,,1,2,15,17,1,,,,
dense,1,499,12,a,4,16,7360,16,31507,31507,31508,,,,31543,31510,31525,16,1:15,31526,31541,16,1:15,31527,31542,16,1:15,,,0,,,,0,,,,0,,,,0,,1,2,15,17,1,,,,
dense,1,500,12,a,5,0,7488,16,31546,31546,31547,,,,31582,31549,31564,16,1:15,31565,31580,16,1:15,31566,31581,16,1:15,,,0,,,,0,,,,0,,,,0,,1,2,15,17,1,,,,
dense,1,501,12,a,5,16,7616,16,31585,31585,31586,,,,31621,31588,31603,16,1:15,31604,31619,16,1:15,31605,31620,16,1:15,,,0,,,,0,,,,0,,,,0,,1,2,15,17,1,,,,
dense,1,502,12,a,6,0,7744,16,31624,31624,31625,,,,31660,31627,31642,16,1:15,31643,31658,16,1:15,31644,31659,16,1:15,,,0,,,,0,,,,0,,,,0,,1,2,15,17,1,,,,
dense,1,503,12,a,6,16,7872,16,31663,31663,31664,,,,31699,31666,31681,16,1:15,31682,31697,16,1:15,31683,31698,16,1:15,,,0,,,,0,,,,0,,,,0,,1,2,15,17,1,,,,
dense,1,504,12,a,7,0,8000,16,31702,31702,31703,,,,31738,31705,31720,16,1:15,31721,31736,16,1:15,31722,31737,16,1:15,,,0,,,,0,,,,0,,,,0,,1,2,15,17,1,,,,
dense,1,505,12,a,7,16,8128,8,31741,31741,31742,,,,31761,31744,31751,8,1:7,31752,31759,8,1:7,31753,31760,8,1:7,,,0,,,,0,,,,0,,,,0,,1,2,7,9,1,,,,
dense,1,506,12,a,7,24,8192,8,31764,31764,31765,,,,31784,31767,31774,8,1:7,31775,31782,8,1:7,31776,31783,8,1:7,,,0,,,,0,,,,0,,,,0,,1,2,7,9,1,,,,
dense,1,507,12,bt,0,0,8384,16,31792,31792,31793,,,,31828,31795,31810,16,1:15,31811,31826,16,1:15,31812,31827,16,1:15,,,0,,,,0,,,,0,,,,0,,1,2,15,17,1,,,,
dense,1,508,12,bt,0,16,8512,16,31831,31831,31832,,,,31867,31834,31849,16,1:15,31850,31865,16,1:15,31851,31866,16,1:15,,,0,,,,0,,,,0,,,,0,,1,2,15,17,1,,,,
dense,1,509,12,bt,1,0,8640,16,31870,31870,31871,,,,31906,31873,31888,16,1:15,31889,31904,16,1:15,31890,31905,16,1:15,,,0,,,,0,,,,0,,,,0,,1,2,15,17,1,,,,
dense,1,510,12,bt,1,16,8768,16,31909,31909,31910,,,,31945,31912,31927,16,1:15,31928,31943,16,1:15,31929,31944,16,1:15,,,0,,,,0,,,,0,,,,0,,1,2,15,17,1,,,,
dense,1,511,12,bt,2,0,8896,16,31948,31948,31949,,,,31984,31951,31966,16,1:15,31967,31982,16,1:15,31968,31983,16,1:15,,,0,,,,0,,,,0,,,,0,,1,2,15,17,1,,,,
dense,1,512,12,bt,2,16,9024,16,31987,31987,31988,,,,32023,31990,32005,16,1:15,32006,32021,16,1:15,32007,32022,16,1:15,,,0,,,,0,,,,0,,,,0,,1,2,15,17,1,,,,
dense,1,513,12,bt,3,0,9152,16,32026,32026,32027,,,,32062,32029,32044,16,1:15,32045,32060,16,1:15,32046,32061,16,1:15,,,0,,,,0,,,,0,,,,0,,1,2,15,17,1,,,,
dense,1,514,12,bt,3,16,9280,16,32065,32065,32066,,,,32101,32068,32083,16,1:15,32084,32099,16,1:15,32085,32100,16,1:15,,,0,,,,0,,,,0,,,,0,,1,2,15,17,1,,,,
dense,1,515,12,bt,4,0,9408,16,32104,32104,32105,,,,32140,32107,32122,16,1:15,32123,32138,16,1:15,32124,32139,16,1:15,,,0,,,,0,,,,0,,,,0,,1,2,15,17,1,,,,
dense,1,516,12,bt,4,16,9536,16,32143,32143,32144,,,,32179,32146,32161,16,1:15,32162,32177,16,1:15,32163,32178,16,1:15,,,0,,,,0,,,,0,,,,0,,1,2,15,17,1,,,,
dense,1,517,12,bt,5,0,9664,16,32182,32182,32183,,,,32218,32185,32200,16,1:15,32201,32216,16,1:15,32202,32217,16,1:15,,,0,,,,0,,,,0,,,,0,,1,2,15,17,1,,,,
dense,1,518,12,bt,5,16,9792,16,32221,32221,32222,,,,32257,32224,32239,16,1:15,32240,32255,16,1:15,32241,32256,16,1:15,,,0,,,,0,,,,0,,,,0,,1,2,15,17,1,,,,
dense,1,519,12,bt,6,0,9920,16,32260,32260,32261,,,,32296,32263,32278,16,1:15,32279,32294,16,1:15,32280,32295,16,1:15,,,0,,,,0,,,,0,,,,0,,1,2,15,17,1,,,,
dense,1,520,12,bt,6,16,10048,16,32299,32299,32300,,,,32335,32302,32317,16,1:15,32318,32333,16,1:15,32319,32334,16,1:15,,,0,,,,0,,,,0,,,,0,,1,2,15,17,1,,,,
dense,1,521,12,bt,7,0,10176,16,32338,32338,32339,,,,32374,32341,32356,16,1:15,32357,32372,16,1:15,32358,32373,16,1:15,,,0,,,,0,,,,0,,,,0,,1,2,15,17,1,,,,
dense,1,522,12,bt,7,16,10304,16,32377,32377,32378,,,,32413,32380,32395,16,1:15,32396,32411,16,1:15,32397,32412,16,1:15,,,0,,,,0,,,,0,,,,0,,1,2,15,17,1,,,,
dense,1,523,12,c,0,0,19776,4,33507,33507,,33528,33527,33533,33534,,,0,,,,0,,,,0,,33509,33524,4,5:3,33511,33526,4,5:3,33512,33527,4,5:3,33528,33531,4,1:3,,,,,,20,4,2,1
dense,1,524,12,c,1,0,19904,4,33537,33537,,33558,33557,33563,33564,,,0,,,,0,,,,0,,33539,33554,4,5:3,33541,33556,4,5:3,33542,33557,4,5:3,33558,33561,4,1:3,,,,,,20,4,2,1
dense,1,525,12,c,2,0,20032,4,33567,33567,,33588,33587,33593,33594,,,0,,,,0,,,,0,,33569,33584,4,5:3,33571,33586,4,5:3,33572,33587,4,5:3,33588,33591,4,1:3,,,,,,20,4,2,1
dense,1,526,12,c,3,0,20160,4,33597,33597,,33618,33617,33623,33624,,,0,,,,0,,,,0,,33599,33614,4,5:3,33601,33616,4,5:3,33602,33617,4,5:3,33618,33621,4,1:3,,,,,,20,4,2,1
dense,1,527,12,c,4,0,20288,4,33627,33627,,33648,33647,33653,33654,,,0,,,,0,,,,0,,33629,33644,4,5:3,33631,33646,4,5:3,33632,33647,4,5:3,33648,33651,4,1:3,,,,,,20,4,2,1
dense,1,528,12,c,5,0,20416,4,33657,33657,,33678,33677,33683,33684,,,0,,,,0,,,,0,,33659,33674,4,5:3,33661,33676,4,5:3,33662,33677,4,5:3,33678,33681,4,1:3,,,,,,20,4,2,1
dense,1,529,12,c,6,0,20544,4,33687,33687,,33708,33707,33713,33714,,,0,,,,0,,,,0,,33689,33704,4,5:3,33691,33706,4,5:3,33692,33707,4,5:3,33708,33711,4,1:3,,,,,,20,4,2,1
dense,1,530,12,c,7,0,20672,4,33717,33717,,33738,33737,33743,33744,,,0,,,,0,,,,0,,33719,33734,4,5:3,33721,33736,4,5:3,33722,33737,4,5:3,33738,33741,4,1:3,,,,,,20,4,2,1
dense,1,531,13,a,0,0,6208,16,33753,33753,33754,,,,33789,33756,33771,16,1:15,33772,33787,16,1:15,33773,33788,16,1:15,,,0,,,,0,,,,0,,,,0,,1,2,15,17,1,,,,
dense,1,532,13,a,0,16,6336,16,33792,33792,33793,,,,33828,33795,33810,16,1:15,33811,33826,16,1:15,33812,33827,16,1:15,,,0,,,,0,,,,0,,,,0,,1,2,15,17,1,,,,
dense,1,533,13,a,1,0,6464,16,33831,33831,33832,,,,33867,33834,33849,16,1:15,33850,33865,16,1:15,33851,33866,16,1:15,,,0,,,,0,,,,0,,,,0,,1,2,15,17,1,,,,
dense,1,534,13,a,1,16,6592,16,33870,33870,33871,,,,33906,33873,33888,16,1:15,33889,33904,16,1:15,33890,33905,16,1:15,,,0,,,,0,,,,0,,,,0,,1,2,15,17,1,,,,
dense,1,535,13,a,2,0,6720,16,33909,33909,33910,,,,33945,33912,33927,16,1:15,33928,33943,16,1:15,33929,33944,16,1:15,,,0,,,,0,,,,0,,,,0,,1,2,15,17,1,,,,
dense,1,536,13,a,2,16,6848,16,33948,33948,33949,,,,33984,33951,33966,16,1:15,33967,33982,16,1:15,33968,33983,16,1:15,,,0,,,,0,,,,0,,,,0,,1,2,15,17,1,,,,
dense,1,537,13,a,3,0,6976,16,33987,33987,33988,,,,34023,33990,34005,16,1:15,34006,34021,16,1:15,34007,34022,16,1:15,,,0,,,,0,,,,0,,,,0,,1,2,15,17,1,,,,
dense,1,538,13,a,3,16,7104,16,34026,34026,34027,,,,34062,34029,34044,16,1:15,34045,34060,16,1:15,34046,34061,16,1:15,,,0,,,,0,,,,0,,,,0,,1,2,15,17,1,,,,
dense,1,539,13,a,4,0,7232,16,34065,34065,34066,,,,34101,34068,34083,16,1:15,34084,34099,16,1:15,34085,34100,16,1:15,,,0,,,,0,,,,0,,,,0,,1,2,15,17,1,,,,
dense,1,540,13,a,4,16,7360,16,34104,34104,34105,,,,34140,34107,34122,16,1:15,34123,34138,16,1:15,34124,34139,16,1:15,,,0,,,,0,,,,0,,,,0,,1,2,15,17,1,,,,
dense,1,541,13,a,5,0,7488,16,34143,34143,34144,,,,34179,34146,34161,16,1:15,34162,34177,16,1:15,34163,34178,16,1:15,,,0,,,,0,,,,0,,,,0,,1,2,15,17,1,,,,
dense,1,542,13,a,5,16,7616,16,34182,34182,34183,,,,34218,34185,34200,16,1:15,34201,34216,16,1:15,34202,34217,16,1:15,,,0,,,,0,,,,0,,,,0,,1,2,15,17,1,,,,
dense,1,543,13,a,6,0,7744,16,34221,34221,34222,,,,34257,34224,34239,16,1:15,34240,34255,16,1:15,34241,34256,16,1:15,,,0,,,,0,,,,0,,,,0,,1,2,15,17,1,,,,
dense,1,544,13,a,6,16,7872,16,34260,34260,34261,,,,34296,34263,34278,16,1:15,34279,34294,16,1:15,34280,34295,16,1:15,,,0,,,,0,,,,0,,,,0,,1,2,15,17,1,,,,
dense,1,545,13,a,7,0,8000,16,34299,34299,34300,,,,34335,34302,34317,16,1:15,34318,34333,16,1:15,34319,34334,16,1:15,,,0,,,,0,,,,0,,,,0,,1,2,15,17,1,,,,
dense,1,546,13,a,7,16,8128,8,34338,34338,34339,,,,34358,34341,34348,8,1:7,34349,34356,8,1:7,34350,34357,8,1:7,,,0,,,,0,,,,0,,,,0,,1,2,7,9,1,,,,
dense,1,547,13,a,7,24,8192,8,34361,34361,34362,,,,34381,34364,34371,8,1:7,34372,34379,8,1:7,34373,34380,8,1:7,,,0,,,,0,,,,0,,,,0,,1,2,7,9,1,,,,
dense,1,548,13,bt,0,0,10432,16,34389,34389,34390,,,,34425,34392,34407,16,1:15,34408,34423,16,1:15,34409,34424,16,1:15,,,0,,,,0,,,,0,,,,0,,1,2,15,17,1,,,,
dense,1,549,13,bt,0,16,10560,16,34428,34428,34429,,,,34464,34431,34446,16,1:15,34447,34462,16,1:15,34448,34463,16,1:15,,,0,,,,0,,,,0,,,,0,,1,2,15,17,1,,,,
dense,1,550,13,bt,1,0,10688,16,34467,34467,34468,,,,34503,34470,34485,16,1:15,34486,34501,16,1:15,34487,34502,16,1:15,,,0,,,,0,,,,0,,,,0,,1,2,15,17,1,,,,
dense,1,551,13,bt,1,16,10816,16,34506,34506,34507,,,,34542,34509,34524,16,1:15,34525,34540,16,1:15,34526,34541,16,1:15,,,0,,,,0,,,,0,,,,0,,1,2,15,17,1,,,,
dense,1,552,13,bt,2,0,10944,16,34545,34545,34546,,,,34581,34548,34563,16,1:15,34564,34579,16,1:15,34565,34580,16,1:15,,,0,,,,0,,,,0,,,,0,,1,2,15,17,1,,,,
dense,1,553,13,bt,2,16,11072,16,34584,34584,34585,,,,34620,34587,34602,16,1:15,34603,34618,16,1:15,34604,34619,16,1:15,,,0,,,,0,,,,0,,,,0,,1,2,15,17,1,,,,
dense,1,554,13,bt,3,0,11200,16,34623,34623,34624,,,,34659,34626,34641,16,1:15,34642,34657,16,1:15,34643,34658,16,1:15,,,0,,,,0,,,,0,,,,0,,1,2,15,17,1,,,,
dense,1,555,13,bt,3,16,11328,16,34662,34662,34663,,,,34698,34665,34680,16,1:15,34681,34696,16,1:15,34682,34697,16,1:15,,,0,,,,0,,,,0,,,,0,,1,2,15,17,1,,,,
dense,1,556,13,bt,4,0,11456,16,34701,34701,34702,,,,34737,34704,34719,16,1:15,34720,34735,16,1:15,34721,34736,16,1:15,,,0,,,,0,,,,0,,,,0,,1,2,15,17,1,,,,
dense,1,557,13,bt,4,16,11584,16,34740,34740,34741,,,,34776,34743,34758,16,1:15,34759,34774,16,1:15,34760,34775,16,1:15,,,0,,,,0,,,,0,,,,0,,1,2,15,17,1,,,,
dense,1,558,13,bt,5,0,11712,16,34779,34779,34780,,,,34815,34782,34797,16,1:15,34798,34813,16,1:15,34799,34814,16,1:15,,,0,,,,0,,,,0,,,,0,,1,2,15,17,1,,,,
dense,1,559,13,bt,5,16,11840,16,34818,34818,34819,,,,34854,34821,34836,16,1:15,34837,34852,16,1:15,34838,34853,16,1:15,,,0,,,,0,,,,0,,,,0,,1,2,15,17,1,,,,
dense,1,560,13,bt,6,0,11968,16,34857,34857,34858,,,,34893,34860,34875,16,1:15,34876,34891,16,1:15,34877,34892,16,1:15,,,0,,,,0,,,,0,,,,0,,1,2,15,17,1,,,,
dense,1,561,13,bt,6,16,12096,16,34896,34896,34897,,,,34932,34899,34914,16,1:15,34915,34930,16,1:15,34916,34931,16,1:15,,,0,,,,0,,,,0,,,,0,,1,2,15,17,1,,,,
dense,1,562,13,bt,7,0,12224,8,34935,34935,34936,,,,34955,34938,34945,8,1:7,34946,34953,8,1:7,34947,34954,8,1:7,,,0,,,,0,,,,0,,,,0,,1,2,7,9,1,,,,
dense,1,563,13,bt,7,8,12288,16,34958,34958,34959,,,,34994,34961,34976,16,1:15,34977,34992,16,1:15,34978,34993,16,1:15,,,0,,,,0,,,,0,,,,0,,1,2,15,17,1,,,,
dense,1,564,13,bt,7,24,12416,8,34997,34997,34998,,,,35017,35000,35007,8,1:7,35008,35015,8,1:7,35009,35016,8,1:7,,,0,,,,0,,,,0,,,,0,,1,2,7,9,1,,,,
dense,1,565,13,c,0,0,19808,4,36111,36111,,36132,36131,36137,36138,,,0,,,,0,,,,0,,36113,36128,4,5:3,36115,36130,4,5:3,36116,36131,4,5:3,36132,36135,4,1:3,,,,,,20,4,2,1
dense,1,566,13,c,1,0,19936,4,36141,36141,,36162,36161,36167,36168,,,0,,,,0,,,,0,,36143,36158,4,5:3,36145,36160,4,5:3,36146,36161,4,5:3,36162,36165,4,1:3,,,,,,20,4,2,1
dense,1,567,13,c,2,0,20064,4,36171,36171,,36192,36191,36197,36198,,,0,,,,0,,,,0,,36173,36188,4,5:3,36175,36190,4,5:3,36176,36191,4,5:3,36192,36195,4,1:3,,,,,,20,4,2,1
dense,1,568,13,c,3,0,20192,4,36201,36201,,36222,36221,36227,36228,,,0,,,,0,,,,0,,36203,36218,4,5:3,36205,36220,4,5:3,36206,36221,4,5:3,36222,36225,4,1:3,,,,,,20,4,2,1
dense,1,569,13,c,4,0,20320,4,36231,36231,,36252,36251,36257,36258,,,0,,,,0,,,,0,,36233,36248,4,5:3,36235,36250,4,5:3,36236,36251,4,5:3,36252,36255,4,1:3,,,,,,20,4,2,1
dense,1,570,13,c,5,0,20448,4,36261,36261,,36282,36281,36287,36288,,,0,,,,0,,,,0,,36263,36278,4,5:3,36265,36280,4,5:3,36266,36281,4,5:3,36282,36285,4,1:3,,,,,,20,4,2,1
dense,1,571,13,c,6,0,20576,4,36291,36291,,36312,36311,36317,36318,,,0,,,,0,,,,0,,36293,36308,4,5:3,36295,36310,4,5:3,36296,36311,4,5:3,36312,36315,4,1:3,,,,,,20,4,2,1
dense,1,572,13,c,7,0,20704,4,36321,36321,,36342,36341,36347,36348,,,0,,,,0,,,,0,,36323,36338,4,5:3,36325,36340,4,5:3,36326,36341,4,5:3,36342,36345,4,1:3,,,,,,20,4,2,1
dense,1,573,14,a,0,0,6208,16,36357,36357,36358,,,,36393,36360,36375,16,1:15,36376,36391,16,1:15,36377,36392,16,1:15,,,0,,,,0,,,,0,,,,0,,1,2,15,17,1,,,,
dense,1,574,14,a,0,16,6336,16,36396,36396,36397,,,,36432,36399,36414,16,1:15,36415,36430,16,1:15,36416,36431,16,1:15,,,0,,,,0,,,,0,,,,0,,1,2,15,17,1,,,,
dense,1,575,14,a,1,0,6464,16,36435,36435,36436,,,,36471,36438,36453,16,1:15,36454,36469,16,1:15,36455,36470,16,1:15,,,0,,,,0,,,,0,,,,0,,1,2,15,17,1,,,,
dense,1,576,14,a,1,16,6592,16,36474,36474,36475,,,,36510,36477,36492,16,1:15,36493,36508,16,1:15,36494,36509,16,1:15,,,0,,,,0,,,,0,,,,0,,1,2,15,17,1,,,,
dense,1,577,14,a,2,0,6720,16,36513,36513,36514,,,,36549,36516,36531,16,1:15,36532,36547,16,1:15,36533,36548,16,1:15,,,0,,,,0,,,,0,,,,0,,1,2,15,17,1,,,,
dense,1,578,14,a,2,16,6848,16,36552,36552,36553,,,,36588,36555,36570,16,1:15,36571,36586,16,1:15,36572,36587,16,1:15,,,0,,,,0,,,,0,,,,0,,1,2,15,17,1,,,,
dense,1,579,14,a,3,0,6976,16,36591,36591,36592,,,,36627,36594,36609,16,1:15,36610,36625,16,1:15,36611,36626,16,1:15,,,0,,,,0,,,,0,,,,0,,1,2,15,17,1,,,,
dense,1,580,14,a,3,16,7104,16,36630,36630,36631,,,,36666,36633,36648,16,1:15,36649,36664,16,1:15,36650,36665,16,1:15,,,0,,,,0,,,,0,,,,0,,1,2,15,17,1,,,,
dense,1,581,14,a,4,0,7232,16,36669,36669,36670,,,,36705,36672,36687,16,1:15,36688,36703,16,1:15,36689,36704,16,1:15,,,0,,,,0,,,,0,,,,0,,1,2,15,17,1,,,,
dense,1,582,14,a,4,16,7360,16,36708,36708,36709,,,,36744,36711,36726,16,1:15,36727,36742,16,1:15,36728,36743,16,1:15,,,0,,,,0,,,,0,,,,0,,1,2,15,17,1,,,,
dense,1,583,14,a,5,0,7488,16,36747,36747,36748,,,,36783,36750,36765,16,1:15,36766,36781,16,1:15,36767,36782,16,1:15,,,0,,,,0,,,,0,,,,0,,1,2,15,17,1,,,,
dense,1,584,14,a,5,16,7616,16,36786,36786,36787,,,,36822,36789,36804,16,1:15,36805,36820,16,1:15,36806,36821,16,1:15,,,0,,,,0,,,,0,,,,0,,1,2,15,17,1,,,,
dense,1,585,14,a,6,0,7744,16,36825,36825,36826,,,,36861,36828,36843,16,1:15,36844,36859,16,1:15,36845,36860,16,1:15,,,0,,,,0,,,,0,,,,0,,1,2,15,17,1,,,,
dense,1,586,14,a,6,16,7872,16,36864,36864,36865,,,,36900,36867,36882,16,1:15,36883,36898,16,1:15,36884,36899,16,1:15,,,0,,,,0,,,,0,,,,0,,1,2,15,17,1,,,,
dense,1,587,14,a,7,0,8000,16,36903,36903,36904,,,,36939,36906,36921,16,1:15,36922,36937,16,1:15,36923,36938,16,1:15,,,0,,,,0,,,,0,,,,0,,1,2,15,17,1,,,,
dense,1,588,14,a,7,16,8128,8,36942,36942,36943,,,,36962,36945,36952,8,1:7,36953,36960,8,1:7,36954,36961,8,1:7,,,0,,,,0,,,,0,,,,0,,1,2,7,9,1,,,,
dense,1,589,14,a,7,24,8192,8,36965,36965,36966,,,,36985,36968,36975,8,1:7,36976,36983,8,1:7,36977,36984,8,1:7,,,0,,,,0,,,,0,,,,0,,1,2,7,9,1,,,,
dense,1,590,14,bt,0,0,12480,16,36993,36993,36994,,,,37029,36996,37011,16,1:15,37012,37027,16,1:15,37013,37028,16,1:15,,,0,,,,0,,,,0,,,,0,,1,2,15,17,1,,,,
dense,1,591,14,bt,0,16,12608,16,37032,37032,37033,,,,37068,37035,37050,16,1:15,37051,37066,16,1:15,37052,37067,16,1:15,,,0,,,,0,,,,0,,,,0,,1,2,15,17,1,,,,
dense,1,592,14,bt,1,0,12736,16,37071,37071,37072,,,,37107,37074,37089,16,1:15,37090,37105,16,1:15,37091,37106,16,1:15,,,0,,,,0,,,,0,,,,0,,1,2,15,17,1,,,,
dense,1,593,14,bt,1,16,12864,16,37110,37110,37111,,,,37146,37113,37128,16,1:15,37129,37144,16,1:15,37130,37145,16,1:15,,,0,,,,0,,,,0,,,,0,,1,2,15,17,1,,,,
dense,1,594,14,bt,2,0,12992,16,37149,37149,37150,,,,37185,37152,37167,16,1:15,37168,37183,16,1:15,37169,37184,16,1:15,,,0,,,,0,,,,0,,,,0,,1,2,15,17,1,,,,
dense,1,595,14,bt,2,16,13120,16,37188,37188,37189,,,,37224,37191,37206,16,1:15,37207,37222,16,1:15,37208,37223,16,1:15,,,0,,,,0,,,,0,,,,0,,1,2,15,17,1,,,,
dense,1,596,14,bt,3,0,13248,16,37227,37227,37228,,,,37263,37230,37245,16,1:15,37246,37261,16,1:15,37247,37262,16,1:15,,,0,,,,0,,,,0,,,,0,,1,2,15,17,1,,,,
dense,1,597,14,bt,3,16,13376,16,37266,37266,37267,,,,37302,37269,37284,16,1:15,37285,37300,16,1:15,37286,37301,16,1:15,,,0,,,,0,,,,0,,,,0,,1,2,15,17,1,,,,
dense,1,598,14,bt,4,0,13504,16,37305,37305,37306,,,,37341,37308,37323,16,1:15,37324,37339,16,1:15,37325,37340,16,1:15,,,0,,,,0,,,,0,,,,0,,1,2,15,17,1,,,,
dense,1,599,14,bt,4,16,13632,16,37344,37344,37345,,,,37380,37347,37362,16,1:15,37363,37378,16,1:15,37364,37379,16,1:15,,,0,,,,0,,,,0,,,,0,,1,2,15,17,1,,,,
dense,1,600,14,bt,5,0,13760,16,37383,37383,37384,,,,37419,37386,37401,16,1:15,37402,37417,16,1:15,37403,37418,16,1:15,,,0,,,,0,,,,0,,,,0,,1,2,15,17,1,,,,
dense,1,601,14,bt,5,16,13888,16,37422,37422,37423,,,,37458,37425,37440,16,1:15,37441,37456,16,1:15,37442,37457,16,1:15,,,0,,,,0,,,,0,,,,0,,1,2,15,17,1,,,,
dense,1,602,14,bt,6,0,14016,16,37461,37461,37462,,,,37497,37464,37479,16,1:15,37480,37495,16,1:15,37481,37496,16,1:15,,,0,,,,0,,,,0,,,,0,,1,2,15,17,1,,,,
dense,1,603,14,bt,6,16,14144,16,37500,37500,37501,,,,37536,37503,37518,16,1:15,37519,37534,16,1:15,37520,37535,16,1:15,,,0,,,,0,,,,0,,,,0,,1,2,15,17,1,,,,
dense,1,604,14,bt,7,0,14272,16,37539,37539,37540,,,,37575,37542,37557,16,1:15,37558,37573,16,1:15,37559,37574,16,1:15,,,0,,,,0,,,,0,,,,0,,1,2,15,17,1,,,,
dense,1,605,14,bt,7,16,14400,16,37578,37578,37579,,,,37614,37581,37596,16,1:15,37597,37612,16,1:15,37598,37613,16,1:15,,,0,,,,0,,,,0,,,,0,,1,2,15,17,1,,,,
dense,1,606,14,c,0,0,19840,4,38708,38708,,38729,38728,38734,38735,,,0,,,,0,,,,0,,38710,38725,4,5:3,38712,38727,4,5:3,38713,38728,4,5:3,38729,38732,4,1:3,,,,,,20,4,2,1
dense,1,607,14,c,1,0,19968,4,38738,38738,,38759,38758,38764,38765,,,0,,,,0,,,,0,,38740,38755,4,5:3,38742,38757,4,5:3,38743,38758,4,5:3,38759,38762,4,1:3,,,,,,20,4,2,1
dense,1,608,14,c,2,0,20096,4,38768,38768,,38789,38788,38794,38795,,,0,,,,0,,,,0,,38770,38785,4,5:3,38772,38787,4,5:3,38773,38788,4,5:3,38789,38792,4,1:3,,,,,,20,4,2,1
dense,1,609,14,c,3,0,20224,4,38798,38798,,38819,38818,38824,38825,,,0,,,,0,,,,0,,38800,38815,4,5:3,38802,38817,4,5:3,38803,38818,4,5:3,38819,38822,4,1:3,,,,,,20,4,2,1
dense,1,610,14,c,4,0,20352,4,38828,38828,,38849,38848,38854,38855,,,0,,,,0,,,,0,,38830,38845,4,5:3,38832,38847,4,5:3,38833,38848,4,5:3,38849,38852,4,1:3,,,,,,20,4,2,1
dense,1,611,14,c,5,0,20480,4,38858,38858,,38879,38878,38884,38885,,,0,,,,0,,,,0,,38860,38875,4,5:3,38862,38877,4,5:3,38863,38878,4,5:3,38879,38882,4,1:3,,,,,,20,4,2,1
dense,1,612,14,c,6,0,20608,4,38888,38888,,38909,38908,38914,38915,,,0,,,,0,,,,0,,38890,38905,4,5:3,38892,38907,4,5:3,38893,38908,4,5:3,38909,38912,4,1:3,,,,,,20,4,2,1
dense,1,613,14,c,7,0,20736,4,38918,38918,,38939,38938,38944,38945,,,0,,,,0,,,,0,,38920,38935,4,5:3,38922,38937,4,5:3,38923,38938,4,5:3,38939,38942,4,1:3,,,,,,20,4,2,1
dense,1,614,15,a,0,0,6208,16,38954,38954,38955,,,,38990,38957,38972,16,1:15,38973,38988,16,1:15,38974,38989,16,1:15,,,0,,,,0,,,,0,,,,0,,1,2,15,17,1,,,,
dense,1,615,15,a,0,16,6336,16,38993,38993,38994,,,,39029,38996,39011,16,1:15,39012,39027,16,1:15,39013,39028,16,1:15,,,0,,,,0,,,,0,,,,0,,1,2,15,17,1,,,,
dense,1,616,15,a,1,0,6464,16,39032,39032,39033,,,,39068,39035,39050,16,1:15,39051,39066,16,1:15,39052,39067,16,1:15,,,0,,,,0,,,,0,,,,0,,1,2,15,17,1,,,,
dense,1,617,15,a,1,16,6592,16,39071,39071,39072,,,,39107,39074,39089,16,1:15,39090,39105,16,1:15,39091,39106,16,1:15,,,0,,,,0,,,,0,,,,0,,1,2,15,17,1,,,,
dense,1,618,15,a,2,0,6720,16,39110,39110,39111,,,,39146,39113,39128,16,1:15,39129,39144,16,1:15,39130,39145,16,1:15,,,0,,,,0,,,,0,,,,0,,1,2,15,17,1,,,,
dense,1,619,15,a,2,16,6848,16,39149,39149,39150,,,,39185,39152,39167,16,1:15,39168,39183,16,1:15,39169,39184,16,1:15,,,0,,,,0,,,,0,,,,0,,1,2,15,17,1,,,,
dense,1,620,15,a,3,0,6976,16,39188,39188,39189,,,,39224,39191,39206,16,1:15,39207,39222,16,1:15,39208,39223,16,1:15,,,0,,,,0,,,,0,,,,0,,1,2,15,17,1,,,,
dense,1,621,15,a,3,16,7104,16,39227,39227,39228,,,,39263,39230,39245,16,1:15,39246,39261,16,1:15,39247,39262,16,1:15,,,0,,,,0,,,,0,,,,0,,1,2,15,17,1,,,,
dense,1,622,15,a,4,0,7232,16,39266,39266,39267,,,,39302,39269,39284,16,1:15,39285,39300,16,1:15,39286,39301,16,1:15,,,0,,,,0,,,,0,,,,0,,1,2,15,17,1,,,,
dense,1,623,15,a,4,16,7360,16,39305,39305,39306,,,,39341,39308,39323,16,1:15,39324,39339,16,1:15,39325,39340,16,1:15,,,0,,,,0,,,,0,,,,0,,1,2,15,17,1,,,,
dense,1,624,15,a,5,0,7488,16,39344,39344,39345,,,,39380,39347,39362,16,1:15,39363,39378,16,1:15,39364,39379,16,1:15,,,0,,,,0,,,,0,,,,0,,1,2,15,17,1,,,,
dense,1,625,15,a,5,16,7616,16,39383,39383,39384,,,,39419,39386,39401,16,1:15,39402,39417,16,1:15,39403,39418,16,1:15,,,0,,,,0,,,,0,,,,0,,1,2,15,17,1,,,,
dense,1,626,15,a,6,0,7744,16,39422,39422,39423,,,,39458,39425,39440,16,1:15,39441,39456,16,1:15,39442,39457,16,1:15,,,0,,,,0,,,,0,,,,0,,1,2,15,17,1,,,,
dense,1,627,15,a,6,16,7872,16,39461,39461,39462,,,,39497,39464,39479,16,1:15,39480,39495,16,1:15,39481,39496,16,1:15,,,0,,,,0,,,,0,,,,0,,1,2,15,17,1,,,,
dense,1,628,15,a,7,0,8000,16,39500,39500,39501,,,,39536,39503,39518,16,1:15,39519,39534,16,1:15,39520,39535,16,1:15,,,0,,,,0,,,,0,,,,0,,1,2,15,17,1,,,,
dense,1,629,15,a,7,16,8128,8,39539,39539,39540,,,,39559,39542,39549,8,1:7,39550,39557,8,1:7,39551,39558,8,1:7,,,0,,,,0,,,,0,,,,0,,1,2,7,9,1,,,,
dense,1,630,15,a,7,24,8192,8,39562,39562,39563,,,,39582,39565,39572,8,1:7,39573,39580,8,1:7,39574,39581,8,1:7,,,0,,,,0,,,,0,,,,0,,1,2,7,9,1,,,,
dense,1,631,15,bt,0,0,14528,16,39590,39590,39591,,,,39626,39593,39608,16,1:15,39609,39624,16,1:15,39610,39625,16,1:15,,,0,,,,0,,,,0,,,,0,,1,2,15,17,1,,,,
dense,1,632,15,bt,0,16,14656,16,39629,39629,39630,,,,39665,39632,39647,16,1:15,39648,39663,16,1:15,39649,39664,16,1:15,,,0,,,,0,,,,0,,,,0,,1,2,15,17,1,,,,
dense,1,633,15,bt,1,0,14784,16,39668,39668,39669,,,,39704,39671,39686,16,1:15,39687,39702,16,1:15,39688,39703,16,1:15,,,0,,,,0,,,,0,,,,0,,1,2,15,17,1,,,,
dense,1,634,15,bt,1,16,14912,16,39707,39707,39708,,,,39743,39710,39725,16,1:15,39726,39741,16,1:15,39727,39742,16,1:15,,,0,,,,0,,,,0,,,,0,,1,2,15,17,1,,,,
dense,1,635,15,bt,2,0,15040,16,39746,39746,39747,,,,39782,39749,39764,16,1:15,39765,39780,16,1:15,39766,39781,16,1:15,,,0,,,,0,,,,0,,,,0,,1,2,15,17,1,,,,
dense,1,636,15,bt,2,16,15168,16,39785,39785,39786,,,,39821,39788,39803,16,1:15,39804,39819,16,1:15,39805,39820,16,1:15,,,0,,,,0,,,,0,,,,0,,1,2,15,17,1,,,,
dense,1,637,15,bt,3,0,15296,16,39824,39824,39825,,,,39860,39827,39842,16,1:15,39843,39858,16,1:15,39844,39859,16,1:15,,,0,,,,0,,,,0,,,,0,,1,2,15,17,1,,,,
dense,1,638,15,bt,3,16,15424,16,39863,39863,39864,,,,39899,39866,39881,16,1:15,39882,39897,16,1:15,39883,39898,16,1:15,,,0,,,,0,,,,0,,,,0,,1,2,15,17,1,,,,
dense,1,639,15,bt,4,0,15552,16,39902,39902,39903,,,,39938,39905,39920,16,1:15,39921,39936,16,1:15,39922,39937,16,1:15,,,0,,,,0,,,,0,,,,0,,1,2,15,17,1,,,,
dense,1,640,15,bt,4,16,15680,16,39941,39941,39942,,,,39977,39944,39959,16,1:15,39960,39975,16,1:15,39961,39976,16,1:15,,,0,,,,0,,,,0,,,,0,,1,2,15,17,1,,,,
dense,1,641,15,bt,5,0,15808,16,39980,39980,39981,,,,40016,39983,39998,16,1:15,39999,40014,16,1:15,40000,40015,16,1:15,,,0,,,,0,,,,0,,,,0,,1,2,15,17,1,,,,
dense,1,642,15,bt,5,16,15936,16,40019,40019,40020,,,,40055,40022,40037,16,1:15,40038,40053,16,1:15,40039,40054,16,1:15,,,0,,,,0,,,,0,,,,0,,1,2,15,17,1,,,,
dense,1,643,15,bt,6,0,16064,16,40058,40058,40059,,,,40094,40061,40076,16,1:15,40077,40092,16,1:15,40078,40093,16,1:15,,,0,,,,0,,,,0,,,,0,,1,2,15,17,1,,,,
dense,1,644,15,bt,6,16,16192,16,40097,40097,40098,,,,40133,40100,40115,16,1:15,40116,40131,16,1:15,40117,40132,16,1:15,,,0,,,,0,,,,0,,,,0,,1,2,15,17,1,,,,
dense,1,645,15,bt,7,0,16320,8,40136,40136,40137,,,,40156,40139,40146,8,1:7,40147,40154,8,1:7,40148,40155,8,1:7,,,0,,,,0,,,,0,,,,0,,1,2,7,9,1,,,,
dense,1,646,15,bt,7,8,16384,16,40159,40159,40160,,,,40195,40162,40177,16,1:15,40178,40193,16,1:15,40179,40194,16,1:15,,,0,,,,0,,,,0,,,,0,,1,2,15,17,1,,,,
dense,1,647,15,bt,7,24,16512,8,40198,40198,40199,,,,40218,40201,40208,8,1:7,40209,40216,8,1:7,40210,40217,8,1:7,,,0,,,,0,,,,0,,,,0,,1,2,7,9,1,,,,
dense,1,648,15,c,0,0,19872,4,41312,41312,,41333,41332,41338,41339,,,0,,,,0,,,,0,,41314,41329,4,5:3,41316,41331,4,5:3,41317,41332,4,5:3,41333,41336,4,1:3,,,,,,20,4,2,1
dense,1,649,15,c,1,0,20000,4,41342,41342,,41363,41362,41368,41369,,,0,,,,0,,,,0,,41344,41359,4,5:3,41346,41361,4,5:3,41347,41362,4,5:3,41363,41366,4,1:3,,,,,,20,4,2,1
dense,1,650,15,c,2,0,20128,4,41372,41372,,41393,41392,41398,41399,,,0,,,,0,,,,0,,41374,41389,4,5:3,41376,41391,4,5:3,41377,41392,4,5:3,41393,41396,4,1:3,,,,,,20,4,2,1
dense,1,651,15,c,3,0,20256,4,41402,41402,,41423,41422,41428,41429,,,0,,,,0,,,,0,,41404,41419,4,5:3,41406,41421,4,5:3,41407,41422,4,5:3,41423,41426,4,1:3,,,,,,20,4,2,1
dense,1,652,15,c,4,0,20384,4,41432,41432,,41453,41452,41458,41459,,,0,,,,0,,,,0,,41434,41449,4,5:3,41436,41451,4,5:3,41437,41452,4,5:3,41453,41456,4,1:3,,,,,,20,4,2,1
dense,1,653,15,c,5,0,20512,4,41462,41462,,41483,41482,41488,41489,,,0,,,,0,,,,0,,41464,41479,4,5:3,41466,41481,4,5:3,41467,41482,4,5:3,41483,41486,4,1:3,,,,,,20,4,2,1
dense,1,654,15,c,6,0,20640,4,41492,41492,,41513,41512,41518,41519,,,0,,,,0,,,,0,,41494,41509,4,5:3,41496,41511,4,5:3,41497,41512,4,5:3,41513,41516,4,1:3,,,,,,20,4,2,1
dense,1,655,15,c,7,0,20768,4,41522,41522,,41543,41542,41548,41549,,,0,,,,0,,,,0,,41524,41539,4,5:3,41526,41541,4,5:3,41527,41542,4,5:3,41543,41546,4,1:3,,,,,,20,4,2,1
odd,2,0,0,a,0,0,64,2,6,6,7,,,,14,9,10,2,1:1,11,12,2,1:1,12,13,2,1:1,,,0,,,,0,,,,0,,,,0,,1,2,1,3,1,,,,
odd,2,1,0,a,1,0,128,2,17,17,18,,,,25,20,21,2,1:1,22,23,2,1:1,23,24,2,1:1,,,0,,,,0,,,,0,,,,0,,1,2,1,3,1,,,,
odd,2,2,0,a,2,0,192,2,28,28,29,,,,36,31,32,2,1:1,33,34,2,1:1,34,35,2,1:1,,,0,,,,0,,,,0,,,,0,,1,2,1,3,1,,,,
odd,2,3,0,a,3,0,256,2,39,39,40,,,,47,42,43,2,1:1,44,45,2,1:1,45,46,2,1:1,,,0,,,,0,,,,0,,,,0,,1,2,1,3,1,,,,
odd,2,4,0,a,4,0,320,2,50,50,51,,,,58,53,54,2,1:1,55,56,2,1:1,56,57,2,1:1,,,0,,,,0,,,,0,,,,0,,1,2,1,3,1,,,,
odd,2,5,0,bt,0,0,512,2,66,66,67,,,,74,69,70,2,1:1,71,72,2,1:1,72,73,2,1:1,,,0,,,,0,,,,0,,,,0,,1,2,1,3,1,,,,
odd,2,6,0,bt,1,0,576,2,77,77,78,,,,85,80,81,2,1:1,82,83,2,1:1,83,84,2,1:1,,,0,,,,0,,,,0,,,,0,,1,2,1,3,1,,,,
odd,2,7,0,bt,2,0,640,2,88,88,89,,,,96,91,92,2,1:1,93,94,2,1:1,94,95,2,1:1,,,0,,,,0,,,,0,,,,0,,1,2,1,3,1,,,,
odd,2,8,0,c,0,0,832,2,154,154,,165,164,168,169,,,0,,,,0,,,,0,,156,161,2,5:1,158,163,2,5:1,159,164,2,5:1,165,166,2,1:1,,,,,,10,2,2,1
odd,2,9,0,c,1,0,896,2,172,172,,183,182,186,187,,,0,,,,0,,,,0,,174,179,2,5:1,176,181,2,5:1,177,182,2,5:1,183,184,2,1:1,,,,,,10,2,2,1
odd,2,10,0,c,2,0,960,2,190,190,,201,200,204,205,,,0,,,,0,,,,0,,192,197,2,5:1,194,199,2,5:1,195,200,2,5:1,201,202,2,1:1,,,,,,10,2,2,1
odd,2,11,0,c,3,0,1024,2,208,208,,219,218,222,223,,,0,,,,0,,,,0,,210,215,2,5:1,212,217,2,5:1,213,218,2,5:1,219,220,2,1:1,,,,,,10,2,2,1
odd,2,12,0,c,4,0,1088,2,226,226,,237,236,240,241,,,0,,,,0,,,,0,,228,233,2,5:1,230,235,2,5:1,231,236,2,5:1,237,238,2,1:1,,,,,,10,2,2,1
multi_tile,3,0,0,a,0,0,64,16,6,6,7,,,,42,9,24,16,1:15,25,40,16,1:15,26,41,16,1:15,,,0,,,,0,,,,0,,,,0,,1,2,15,17,1,,,,
multi_tile,3,1,0,a,0,16,192,16,45,45,46,,,,81,48,63,16,1:15,64,79,16,1:15,65,80,16,1:15,,,0,,,,0,,,,0,,,,0,,1,2,15,17,1,,,,
multi_tile,3,2,0,a,1,0,320,16,84,84,85,,,,120,87,102,16,1:15,103,118,16,1:15,104,119,16,1:15,,,0,,,,0,,,,0,,,,0,,1,2,15,17,1,,,,
multi_tile,3,3,0,a,1,16,448,16,123,123,124,,,,159,126,141,16,1:15,142,157,16,1:15,143,158,16,1:15,,,0,,,,0,,,,0,,,,0,,1,2,15,17,1,,,,
multi_tile,3,4,0,a,2,0,576,16,162,162,163,,,,198,165,180,16,1:15,181,196,16,1:15,182,197,16,1:15,,,0,,,,0,,,,0,,,,0,,1,2,15,17,1,,,,
multi_tile,3,5,0,a,2,16,704,16,201,201,202,,,,237,204,219,16,1:15,220,235,16,1:15,221,236,16,1:15,,,0,,,,0,,,,0,,,,0,,1,2,15,17,1,,,,
multi_tile,3,6,0,a,3,0,832,16,240,240,241,,,,276,243,258,16,1:15,259,274,16,1:15,260,275,16,1:15,,,0,,,,0,,,,0,,,,0,,1,2,15,17,1,,,,
multi_tile,3,7,0,a,3,16,960,16,279,279,280,,,,315,282,297,16,1:15,298,313,16,1:15,299,314,16,1:15,,,0,,,,0,,,,0,,,,0,,1,2,15,17,1,,,,
multi_tile,3,8,0,a,4,0,1088,16,318,318,319,,,,354,321,336,16,1:15,337,352,16,1:15,338,353,16,1:15,,,0,,,,0,,,,0,,,,0,,1,2,15,17,1,,,,
multi_tile,3,9,0,a,4,16,1216,16,357,357,358,,,,393,360,375,16,1:15,376,391,16,1:15,377,392,16,1:15,,,0,,,,0,,,,0,,,,0,,1,2,15,17,1,,,,
multi_tile,3,10,0,a,5,0,1344,16,396,396,397,,,,432,399,414,16,1:15,415,430,16,1:15,416,431,16,1:15,,,0,,,,0,,,,0,,,,0,,1,2,15,17,1,,,,
multi_tile,3,11,0,a,5,16,1472,16,435,435,436,,,,471,438,453,16,1:15,454,469,16,1:15,455,470,16,1:15,,,0,,,,0,,,,0,,,,0,,1,2,15,17,1,,,,
multi_tile,3,12,0,a,6,0,1600,16,474,474,475,,,,510,477,492,16,1:15,493,508,16,1:15,494,509,16,1:15,,,0,,,,0,,,,0,,,,0,,1,2,15,17,1,,,,
multi_tile,3,13,0,a,6,16,1728,16,513,513,514,,,,549,516,531,16,1:15,532,547,16,1:15,533,548,16,1:15,,,0,,,,0,,,,0,,,,0,,1,2,15,17,1,,,,
multi_tile,3,14,0,a,7,0,1856,16,552,552,553,,,,588,555,570,16,1:15,571,586,16,1:15,572,587,16,1:15,,,0,,,,0,,,,0,,,,0,,1,2,15,17,1,,,,
multi_tile,3,15,0,a,7,16,1984,16,591,591,592,,,,627,594,609,16,1:15,610,625,16,1:15,611,626,16,1:15,,,0,,,,0,,,,0,,,,0,,1,2,15,17,1,,,,
multi_tile,3,16,0,bt,0,0,8640,16,635,635,636,,,,671,638,653,16,1:15,654,669,16,1:15,655,670,16,1:15,,,0,,,,0,,,,0,,,,0,,1,2,15,17,1,,,,
multi_tile,3,17,0,bt,0,16,8768,16,674,674,675,,,,710,677,692,16,1:15,693,708,16,1:15,694,709,16,1:15,,,0,,,,0,,,,0,,,,0,,1,2,15,17,1,,,,
multi_tile,3,18,0,bt,1,0,8896,16,713,713,714,,,,749,716,731,16,1:15,732,747,16,1:15,733,748,16,1:15,,,0,,,,0,,,,0,,,,0,,1,2,15,17,1,,,,
multi_tile,3,19,0,bt,1,16,9024,16,752,752,753,,,,788,755,770,16,1:15,771,786,16,1:15,772,787,16,1:15,,,0,,,,0,,,,0,,,,0,,1,2,15,17,1,,,,
multi_tile,3,20,0,bt,2,0,9152,16,791,791,792,,,,827,794,809,16,1:15,810,825,16,1:15,811,826,16,1:15,,,0,,,,0,,,,0,,,,0,,1,2,15,17,1,,,,
multi_tile,3,21,0,bt,2,16,9280,16,830,830,831,,,,866,833,848,16,1:15,849,864,16,1:15,850,865,16,1:15,,,0,,,,0,,,,0,,,,0,,1,2,15,17,1,,,,
multi_tile,3,22,0,bt,3,0,9408,16,869,869,870,,,,905,872,887,16,1:15,888,903,16,1:15,889,904,16,1:15,,,0,,,,0,,,,0,,,,0,,1,2,15,17,1,,,,
multi_tile,3,23,0,bt,3,16,9536,16,908,908,909,,,,944,911,926,16,1:15,927,942,16,1:15,928,943,16,1:15,,,0,,,,0,,,,0,,,,0,,1,2,15,17,1,,,,
multi_tile,3,24,0,bt,4,0,9664,16,947,947,948,,,,983,950,965,16,1:15,966,981,16,1:15,967,982,16,1:15,,,0,,,,0,,,,0,,,,0,,1,2,15,17,1,,,,
multi_tile,3,25,0,bt,4,16,9792,16,986,986,987,,,,1022,989,1004,16,1:15,1005,1020,16,1:15,1006,1021,16,1:15,,,0,,,,0,,,,0,,,,0,,1,2,15,17,1,,,,
multi_tile,3,26,0,bt,5,0,9920,16,1025,1025,1026,,,,1061,1028,1043,16,1:15,1044,1059,16,1:15,1045,1060,16,1:15,,,0,,,,0,,,,0,,,,0,,1,2,15,17,1,,,,
multi_tile,3,27,0,bt,5,16,10048,16,1064,1064,1065,,,,1100,1067,1082,16,1:15,1083,1098,16,1:15,1084,1099,16,1:15,,,0,,,,0,,,,0,,,,0,,1,2,15,17,1,,,,
multi_tile,3,28,0,bt,6,0,10176,16,1103,1103,1104,,,,1139,1106,1121,16,1:15,1122,1137,16,1:15,1123,1138,16,1:15,,,0,,,,0,,,,0,,,,0,,1,2,15,17,1,,,,
multi_tile,3,29,0,bt,6,16,10304,16,1142,1142,1143,,,,1178,1145,1160,16,1:15,1161,1176,16,1:15,1162,1177,16,1:15,,,0,,,,0,,,,0,,,,0,,1,2,15,17,1,,,,
multi_tile,3,30,0,bt,7,0,10432,16,1181,1181,1182,,,,1217,1184,1199,16,1:15,1200,1215,16,1:15,1201,1216,16,1:15,,,0,,,,0,,,,0,,,,0,,1,2,15,17,1,,,,
multi_tile,3,31,0,bt,7,16,10560,16,1220,1220,1221,,,,1256,1223,1238,16,1:15,1239,1254,16,1:15,1240,1255,16,1:15,,,0,,,,0,,,,0,,,,0,,1,2,15,17,1,,,,
multi_tile,3,32,0,c,0,0,17728,4,2350,2350,,2371,2370,2376,2377,,,0,,,,0,,,,0,,2352,2367,4,5:3,2354,2369,4,5:3,2355,2370,4,5:3,2371,2374,4,1:3,,,,,,20,4,2,1
multi_tile,3,33,0,c,1,0,17920,4,2380,2380,,2401,2400,2406,2407,,,0,,,,0,,,,0,,2382,2397,4,5:3,2384,2399,4,5:3,2385,2400,4,5:3,2401,2404,4,1:3,,,,,,20,4,2,1
multi_tile,3,34,0,c,2,0,18112,4,2410,2410,,2431,2430,2436,2437,,,0,,,,0,,,,0,,2412,2427,4,5:3,2414,2429,4,5:3,2415,2430,4,5:3,2431,2434,4,1:3,,,,,,20,4,2,1
multi_tile,3,35,0,c,3,0,18304,4,2440,2440,,2461,2460,2466,2467,,,0,,,,0,,,,0,,2442,2457,4,5:3,2444,2459,4,5:3,2445,2460,4,5:3,2461,2464,4,1:3,,,,,,20,4,2,1
multi_tile,3,36,0,c,4,0,18496,4,2470,2470,,2491,2490,2496,2497,,,0,,,,0,,,,0,,2472,2487,4,5:3,2474,2489,4,5:3,2475,2490,4,5:3,2491,2494,4,1:3,,,,,,20,4,2,1
multi_tile,3,37,0,c,5,0,18688,4,2500,2500,,2521,2520,2526,2527,,,0,,,,0,,,,0,,2502,2517,4,5:3,2504,2519,4,5:3,2505,2520,4,5:3,2521,2524,4,1:3,,,,,,20,4,2,1
multi_tile,3,38,0,c,6,0,18880,4,2530,2530,,2551,2550,2556,2557,,,0,,,,0,,,,0,,2532,2547,4,5:3,2534,2549,4,5:3,2535,2550,4,5:3,2551,2554,4,1:3,,,,,,20,4,2,1
multi_tile,3,39,0,c,7,0,19072,4,2560,2560,,2581,2580,2586,2587,,,0,,,,0,,,,0,,2562,2577,4,5:3,2564,2579,4,5:3,2565,2580,4,5:3,2581,2584,4,1:3,,,,,,20,4,2,1
multi_tile,3,40,1,a,0,0,64,16,2596,2596,2597,,,,2632,2599,2614,16,1:15,2615,2630,16,1:15,2616,2631,16,1:15,,,0,,,,0,,,,0,,,,0,,1,2,15,17,1,,,,
multi_tile,3,41,1,a,0,16,192,16,2635,2635,2636,,,,2671,2638,2653,16,1:15,2654,2669,16,1:15,2655,2670,16,1:15,,,0,,,,0,,,,0,,,,0,,1,2,15,17,1,,,,
multi_tile,3,42,1,a,1,0,320,16,2674,2674,2675,,,,2710,2677,2692,16,1:15,2693,2708,16,1:15,2694,2709,16,1:15,,,0,,,,0,,,,0,,,,0,,1,2,15,17,1,,,,
multi_tile,3,43,1,a,1,16,448,16,2713,2713,2714,,,,2749,2716,2731,16,1:15,2732,2747,16,1:15,2733,2748,16,1:15,,,0,,,,0,,,,0,,,,0,,1,2,15,17,1,,,,
multi_tile,3,44,1,a,2,0,576,16,2752,2752,2753,,,,2788,2755,2770,16,1:15,2771,2786,16,1:15,2772,2787,16,1:15,,,0,,,,0,,,,0,,,,0,,1,2,15,17,1,,,,
multi_tile,3,45,1,a,2,16,704,16,2791,2791,2792,,,,2827,2794,2809,16,1:15,2810,2825,16,1:15,2811,2826,16,1:15,,,0,,,,0,,,,0,,,,0,,1,2,15,17,1,,,,
multi_tile,3,46,1,a,3,0,832,16,2830,2830,2831,,,,2866,2833,2848,16,1:15,2849,2864,16,1:15,2850,2865,16,1:15,,,0,,,,0,,,,0,,,,0,,1,2,15,17,1,,,,
multi_tile,3,47,1,a,3,16,960,16,2869,2869,2870,,,,2905,2872,2887,16,1:15,2888,2903,16,1:15,2889,2904,16,1:15,,,0,,,,0,,,,0,,,,0,,1,2,15,17,1,,,,
multi_tile,3,48,1,a,4,0,1088,16,2908,2908,2909,,,,2944,2911,2926,16,1:15,2927,2942,16,1:15,2928,2943,16,1:15,,,0,,,,0,,,,0,,,,0,,1,2,15,17,1,,,,
multi_tile,3,49,1,a,4,16,1216,16,2947,2947,2948,,,,2983,2950,2965,16,1:15,2966,2981,16,1:15,2967,2982,16,1:15,,,0,,,,0,,,,0,,,,0,,1,2,15,17,1,,,,
multi_tile,3,50,1,a,5,0,1344,16,2986,2986,2987,,,,3022,2989,3004,16,1:15,3005,3020,16,1:15,3006,3021,16,1:15,,,0,,,,0,,,,0,,,,0,,1,2,15,17,1,,,,
multi_tile,3,51,1,a,5,16,1472,16,3025,3025,3026,,,,3061,3028,3043,16,1:15,3044,3059,16,1:15,3045,3060,16,1:15,,,0,,,,0,,,,0,,,,0,,1,2,15,17,1,,,,
multi_tile,3,52,1,a,6,0,1600,16,3064,3064,3065,,,,3100,3067,3082,16,1:15,3083,3098,16,1:15,3084,3099,16,1:15,,,0,,,,0,,,,0,,,,0,,1,2,15,17,1,,,,
multi_tile,3,53,1,a,6,16,1728,16,3103,3103,3104,,,,3139,3106,3121,16,1:15,3122,3137,16,1:15,3123,3138,16,1:15,,,0,,,,0,,,,0,,,,0,,1,2,15,17,1,,,,
multi_tile,3,54,1,a,7,0,1856,16,3142,3142,3143,,,,3178,3145,3160,16,1:15,3161,3176,16,1:15,3162,3177,16,1:15,,,0,,,,0,,,,0,,,,0,,1,2,15,17,1,,,,
multi_tile,3,55,1,a,7,16,1984,16,3181,3181,3182,,,,3217,3184,3199,16,1:15,3200,3215,16,1:15,3201,3216,16,1:15,,,0,,,,0,,,,0,,,,0,,1,2,15,17,1,,,,
multi_tile,3,56,1,bt,0,0,10688,16,3225,3225,3226,,,,3261,3228,3243,16,1:15,3244,3259,16,1:15,3245,3260,16,1:15,,,0,,,,0,,,,0,,,,0,,1,2,15,17,1,,,,
multi_tile,3,57,1,bt,0,16,10816,16,3264,3264,3265,,,,3300,3267,3282,16,1:15,3283,3298,16,1:15,3284,3299,16,1:15,,,0,,,,0,,,,0,,,,0,,1,2,15,17,1,,,,
multi_tile,3,58,1,bt,1,0,10944,16,3303,3303,3304,,,,3339,3306,3321,16,1:15,3322,3337,16,1:15,3323,3338,16,1:15,,,0,,,,0,,,,0,,,,0,,1,2,15,17,1,,,,
multi_tile,3,59,1,bt,1,16,11072,16,3342,3342,3343,,,,3378,3345,3360,16,1:15,3361,3376,16,1:15,3362,3377,16,1:15,,,0,,,,0,,,,0,,,,0,,1,2,15,17,1,,,,
multi_tile,3,60,1,bt,2,0,11200,16,3381,3381,3382,,,,3417,3384,3399,16,1:15,3400,3415,16,1:15,3401,3416,16,1:15,,,0,,,,0,,,,0,,,,0,,1,2,15,17,1,,,,
multi_tile,3,61,1,bt,2,16,11328,16,3420,3420,3421,,,,3456,3423,3438,16,1:15,3439,3454,16,1:15,3440,3455,16,1:15,,,0,,,,0,,,,0,,,,0,,1,2,15,17,1,,,,
multi_tile,3,62,1,bt,3,0,11456,16,3459,3459,3460,,,,3495,3462,3477,16,1:15,3478,3493,16,1:15,3479,3494,16,1:15,,,0,,,,0,,,,0,,,,0,,1,2,15,17,1,,,,
multi_tile,3,63,1,bt,3,16,11584,16,3498,3498,3499,,,,3534,3501,3516,16,1:15,3517,3532,16,1:15,3518,3533,16,1:15,,,0,,,,0,,,,0,,,,0,,1,2,15,17,1,,,,
multi_tile,3,64,1,bt,4,0,11712,16,3537,3537,3538,,,,3573,3540,3555,16,1:15,3556,3571,16,1:15,3557,3572,16,1:15,,,0,,,,0,,,,0,,,,0,,1,2,15,17,1,,,,
multi_tile,3,65,1,bt,4,16,11840,16,3576,3576,3577,,,,3612,3579,3594,16,1:15,3595,3610,16,1:15,3596,3611,16,1:15,,,0,,,,0,,,,0,,,,0,,1,2,15,17,1,,,,
multi_tile,3,66,1,bt,5,0,11968,16,3615,3615,3616,,,,3651,3618,3633,16,1:15,3634,3649,16,1:15,3635,3650,16,1:15,,,0,,,,0,,,,0,,,,0,,1,2,15,17,1,,,,
multi_tile,3,67,1,bt,5,16,12096,16,3654,3654,3655,,,,3690,3657,3672,16,1:15,3673,3688,16,1:15,3674,3689,16,1:15,,,0,,,,0,,,,0,,,,0,,1,2,15,17,1,,,,
multi_tile,3,68,1,bt,6,0,12224,8,3693,3693,3694,,,,3713,3696,3703,8,1:7,3704,3711,8,1:7,3705,3712,8,1:7,,,0,,,,0,,,,0,,,,0,,1,2,7,9,1,,,,
multi_tile,3,69,1,bt,6,8,12288,16,3716,3716,3717,,,,3752,3719,3734,16,1:15,3735,3750,16,1:15,3736,3751,16,1:15,,,0,,,,0,,,,0,,,,0,,1,2,15,17,1,,,,
multi_tile,3,70,1,bt,6,24,12416,8,3755,3755,3756,,,,3775,3758,3765,8,1:7,3766,3773,8,1:7,3767,3774,8,1:7,,,0,,,,0,,,,0,,,,0,,1,2,7,9,1,,,,
multi_tile,3,71,1,bt,7,0,12480,16,3778,3778,3779,,,,3814,3781,3796,16,1:15,3797,3812,16,1:15,3798,3813,16,1:15,,,0,,,,0,,,,0,,,,0,,1,2,15,17,1,,,,
multi_tile,3,72,1,bt,7,16,12608,16,3817,3817,3818,,,,3853,3820,3835,16,1:15,3836,3851,16,1:15,3837,3852,16,1:15,,,0,,,,0,,,,0,,,,0,,1,2,15,17,1,,,,
multi_tile,3,73,1,c,0,0,17760,4,4947,4947,,4968,4967,4973,4974,,,0,,,,0,,,,0,,4949,4964,4,5:3,4951,4966,4,5:3,4952,4967,4,5:3,4968,4971,4,1:3,,,,,,20,4,2,1
multi_tile,3,74,1,c,1,0,17952,4,4977,4977,,4998,4997,5003,5004,,,0,,,,0,,,,0,,4979,4994,4,5:3,4981,4996,4,5:3,4982,4997,4,5:3,4998,5001,4,1:3,,,,,,20,4,2,1
multi_tile,3,75,1,c,2,0,18144,4,5007,5007,,5028,5027,5033,5034,,,0,,,,0,,,,0,,5009,5024,4,5:3,5011,5026,4,5:3,5012,5027,4,5:3,5028,5031,4,1:3,,,,,,20,4,2,1
multi_tile,3,76,1,c,3,0,18336,4,5037,5037,,5058,5057,5063,5064,,,0,,,,0,,,,0,,5039,5054,4,5:3,5041,5056,4,5:3,5042,5057,4,5:3,5058,5061,4,1:3,,,,,,20,4,2,1
multi_tile,3,77,1,c,4,0,18528,4,5067,5067,,5088,5087,5093,5094,,,0,,,,0,,,,0,,5069,5084,4,5:3,5071,5086,4,5:3,5072,5087,4,5:3,5088,5091,4,1:3,,,,,,20,4,2,1
multi_tile,3,78,1,c,5,0,18720,4,5097,5097,,5118,5117,5123,5124,,,0,,,,0,,,,0,,5099,5114,4,5:3,5101,5116,4,5:3,5102,5117,4,5:3,5118,5121,4,1:3,,,,,,20,4,2,1
multi_tile,3,79,1,c,6,0,18912,4,5127,5127,,5148,5147,5153,5154,,,0,,,,0,,,,0,,5129,5144,4,5:3,5131,5146,4,5:3,5132,5147,4,5:3,5148,5151,4,1:3,,,,,,20,4,2,1
multi_tile,3,80,1,c,7,0,19104,4,5157,5157,,5178,5177,5183,5184,,,0,,,,0,,,,0,,5159,5174,4,5:3,5161,5176,4,5:3,5162,5177,4,5:3,5178,5181,4,1:3,,,,,,20,4,2,1
multi_tile,3,81,2,a,0,0,64,16,5193,5193,5194,,,,5229,5196,5211,16,1:15,5212,5227,16,1:15,5213,5228,16,1:15,,,0,,,,0,,,,0,,,,0,,1,2,15,17,1,,,,
multi_tile,3,82,2,a,0,16,192,16,5232,5232,5233,,,,5268,5235,5250,16,1:15,5251,5266,16,1:15,5252,5267,16,1:15,,,0,,,,0,,,,0,,,,0,,1,2,15,17,1,,,,
multi_tile,3,83,2,a,1,0,320,16,5271,5271,5272,,,,5307,5274,5289,16,1:15,5290,5305,16,1:15,5291,5306,16,1:15,,,0,,,,0,,,,0,,,,0,,1,2,15,17,1,,,,
multi_tile,3,84,2,a,1,16,448,16,5310,5310,5311,,,,5346,5313,5328,16,1:15,5329,5344,16,1:15,5330,5345,16,1:15,,,0,,,,0,,,,0,,,,0,,1,2,15,17,1,,,,
multi_tile,3,85,2,a,2,0,576,16,5349,5349,5350,,,,5385,5352,5367,16,1:15,5368,5383,16,1:15,5369,5384,16,1:15,,,0,,,,0,,,,0,,,,0,,1,2,15,17,1,,,,
multi_tile,3,86,2,a,2,16,704,16,5388,5388,5389,,,,5424,5391,5406,16,1:15,5407,5422,16,1:15,5408,5423,16,1:15,,,0,,,,0,,,,0,,,,0,,1,2,15,17,1,,,,
multi_tile,3,87,2,a,3,0,832,16,5427,5427,5428,,,,5463,5430,5445,16,1:15,5446,5461,16,1:15,5447,5462,16,1:15,,,0,,,,0,,,,0,,,,0,,1,2,15,17,1,,,,
multi_tile,3,88,2,a,3,16,960,16,5466,5466,5467,,,,5502,5469,5484,16,1:15,5485,5500,16,1:15,5486,5501,16,1:15,,,0,,,,0,,,,0,,,,0,,1,2,15,17,1,,,,
multi_tile,3,89,2,a,4,0,1088,16,5505,5505,5506,,,,5541,5508,5523,16,1:15,5524,5539,16,1:15,5525,5540,16,1:15,,,0,,,,0,,,,0,,,,0,,1,2,15,17,1,,,,
multi_tile,3,90,2,a,4,16,1216,16,5544,5544,5545,,,,5580,5547,5562,16,1:15,5563,5578,16,1:15,5564,5579,16,1:15,,,0,,,,0,,,,0,,,,0,,1,2,15,17,1,,,,
multi_tile,3,91,2,a,5,0,1344,16,5583,5583,5584,,,,5619,5586,5601,16,1:15,5602,5617,16,1:15,5603,5618,16,1:15,,,0,,,,0,,,,0,,,,0,,1,2,15,17,1,,,,
multi_tile,3,92,2,a,5,16,1472,16,5622,5622,5623,,,,5658,5625,5640,16,1:15,5641,5656,16,1:15,5642,5657,16,1:15,,,0,,,,0,,,,0,,,,0,,1,2,15,17,1,,,,
multi_tile,3,93,2,a,6,0,1600,16,5661,5661,5662,,,,5697,5664,5679,16,1:15,5680,5695,16,1:15,5681,5696,16,1:15,,,0,,,,0,,,,0,,,,0,,1,2,15,17,1,,,,
multi_tile,3,94,2,a,6,16,1728,16,5700,5700,5701,,,,5736,5703,5718,16,1:15,5719,5734,16,1:15,5720,5735,16,1:15,,,0,,,,0,,,,0,,,,0,,1,2,15,17,1,,,,
multi_tile,3,95,2,a,7,0,1856,16,5739,5739,5740,,,,5775,5742,5757,16,1:15,5758,5773,16,1:15,5759,5774,16,1:15,,,0,,,,0,,,,0,,,,0,,1,2,15,17,1,,,,
multi_tile,3,96,2,a,7,16,1984,16,5778,5778,5779,,,,5814,5781,5796,16,1:15,5797,5812,16,1:15,5798,5813,16,1:15,,,0,,,,0,,,,0,,,,0,,1,2,15,17,1,,,,
multi_tile,3,97,2,bt,0,0,12736,16,5822,5822,5823,,,,5858,5825,5840,16,1:15,5841,5856,16,1:15,5842,5857,16,1:15,,,0,,,,0,,,,0,,,,0,,1,2,15,17,1,,,,
multi_tile,3,98,2,bt,0,16,12864,16,5861,5861,5862,,,,5897,5864,5879,16,1:15,5880,5895,16,1:15,5881,5896,16,1:15,,,0,,,,0,,,,0,,,,0,,1,2,15,17,1,,,,
multi_tile,3,99,2,bt,1,0,12992,16,5900,5900,5901,,,,5936,5903,5918,16,1:15,5919,5934,16,1:15,5920,5935,16,1:15,,,0,,,,0,,,,0,,,,0,,1,2,15,17,1,,,,
multi_tile,3,100,2,bt,1,16,13120,16,5939,5939,5940,,,,5975,5942,5957,16,1:15,5958,5973,16,1:15,5959,5974,16,1:15,,,0,,,,0,,,,0,,,,0,,1,2,15,17,1,,,,
multi_tile,3,101,2,bt,2,0,13248,16,5978,5978,5979,,,,6014,5981,5996,16,1:15,5997,6012,16,1:15,5998,6013,16,1:15,,,0,,,,0,,,,0,,,,0,,1,2,15,17,1,,,,
multi_tile,3,102,2,bt,2,16,13376,16,6017,6017,6018,,,,6053,6020,6035,16,1:15,6036,6051,16,1:15,6037,6052,16,1:15,,,0,,,,0,,,,0,,,,0,,1,2,15,17,1,,,,
multi_tile,3,103,2,bt,3,0,13504,16,6056,6056,6057,,,,6092,6059,6074,16,1:15,6075,6090,16,1:15,6076,6091,16,1:15,,,0,,,,0,,,,0,,,,0,,1,2,15,17,1,,,,
multi_tile,3,104,2,bt,3,16,13632,16,6095,6095,6096,,,,6131,6098,6113,16,1:15,6114,6129,16,1:15,6115,6130,16,1:15,,,0,,,,0,,,,0,,,,0,,1,2,15,17,1,,,,
multi_tile,3,105,2,bt,4,0,13760,16,6134,6134,6135,,,,6170,6137,6152,16,1:15,6153,6168,16,1:15,6154,6169,16,1:15,,,0,,,,0,,,,0,,,,0,,1,2,15,17,1,,,,
multi_tile,3,106,2,bt,4,16,13888,16,6173,6173,6174,,,,6209,6176,6191,16,1:15,6192,6207,16,1:15,6193,6208,16,1:15,,,0,,,,0,,,,0,,,,0,,1,2,15,17,1,,,,
multi_tile,3,107,2,bt,5,0,14016,16,6212,6212,6213,,,,6248,6215,6230,16,1:15,6231,6246,16,1:15,6232,6247,16,1:15,,,0,,,,0,,,,0,,,,0,,1,2,15,17,1,,,,
multi_tile,3,108,2,bt,5,16,14144,16,6251,6251,6252,,,,6287,6254,6269,16,1:15,6270,6285,16,1:15,6271,6286,16,1:15,,,0,,,,0,,,,0,,,,0,,1,2,15,17,1,,,,
multi_tile,3,109,2,bt,6,0,14272,16,6290,6290,6291,,,,6326,6293,6308,16,1:15,6309,6324,16,1:15,6310,6325,16,1:15,,,0,,,,0,,,,0,,,,0,,1,2,15,17,1,,,,
multi_tile,3,110,2,bt,6,16,14400,16,6329,6329,6330,,,,6365,6332,6347,16,1:15,6348,6363,16,1:15,6349,6364,16,1:15,,,0,,,,0,,,,0,,,,0,,1,2,15,17,1,,,,
multi_tile,3,111,2,bt,7,0,14528,16,6368,6368,6369,,,,6404,6371,6386,16,1:15,6387,6402,16,1:15,6388,6403,16,1:15,,,0,,,,0,,,,0,,,,0,,1,2,15,17,1,,,,
multi_tile,3,112,2,bt,7,16,14656,16,6407,6407,6408,,,,6443,6410,6425,16,1:15,6426,6441,16,1:15,6427,6442,16,1:15,,,0,,,,0,,,,0,,,,0,,1,2,15,17,1,,,,
multi_tile,3,113,2,c,0,0,17792,4,7537,7537,,7558,7557,7563,7564,,,0,,,,0,,,,0,,7539,7554,4,5:3,7541,7556,4,5:3,7542,7557,4,5:3,7558,7561,4,1:3,,,,,,20,4,2,1
multi_tile,3,114,2,c,1,0,17984,4,7567,7567,,7588,7587,7593,7594,,,0,,,,0,,,,0,,7569,7584,4,5:3,7571,7586,4,5:3,7572,7587,4,5:3,7588,7591,4,1:3,,,,,,20,4,2,1
multi_tile,3,115,2,c,2,0,18176,4,7597,7597,,7618,7617,7623,7624,,,0,,,,0,,,,0,,7599,7614,4,5:3,7601,7616,4,5:3,7602,7617,4,5:3,7618,7621,4,1:3,,,,,,20,4,2,1
multi_tile,3,116,2,c,3,0,18368,4,7627,7627,,7648,7647,7653,7654,,,0,,,,0,,,,0,,7629,7644,4,5:3,7631,7646,4,5:3,7632,7647,4,5:3,7648,7651,4,1:3,,,,,,20,4,2,1
multi_tile,3,117,2,c,4,0,18560,4,7657,7657,,7678,7677,7683,7684,,,0,,,,0,,,,0,,7659,7674,4,5:3,7661,7676,4,5:3,7662,7677,4,5:3,7678,7681,4,1:3,,,,,,20,4,2,1
multi_tile,3,118,2,c,5,0,18752,4,7687,7687,,7708,7707,7713,7714,,,0,,,,0,,,,0,,7689,7704,4,5:3,7691,7706,4,5:3,7692,7707,4,5:3,7708,7711,4,1:3,,,,,,20,4,2,1
multi_tile,3,119,2,c,6,0,18944,4,7717,7717,,7738,7737,7743,7744,,,0,,,,0,,,,0,,7719,7734,4,5:3,7721,7736,4,5:3,7722,7737,4,5:3,7738,7741,4,1:3,,,,,,20,4,2,1
multi_tile,3,120,2,c,7,0,19136,4,7747,7747,,7768,7767,7773,7774,,,0,,,,0,,,,0,,7749,7764,4,5:3,7751,7766,4,5:3,7752,7767,4,5:3,7768,7771,4,1:3,,,,,,20,4,2,1
multi_tile,3,121,3,a,0,0,64,16,7783,7783,7784,,,,7819,7786,7801,16,1:15,7802,7817,16,1:15,7803,7818,16,1:15,,,0,,,,0,,,,0,,,,0,,1,2,15,17,1,,,,
multi_tile,3,122,3,a,0,16,192,16,7822,7822,7823,,,,7858,7825,7840,16,1:15,7841,7856,16,1:15,7842,7857,16,1:15,,,0,,,,0,,,,0,,,,0,,1,2,15,17,1,,,,
multi_tile,3,123,3,a,1,0,320,16,7861,7861,7862,,,,7897,7864,7879,16,1:15,7880,7895,16,1:15,7881,7896,16,1:15,,,0,,,,0,,,,0,,,,0,,1,2,15,17,1,,,,
multi_tile,3,124,3,a,1,16,448,16,7900,7900,7901,,,,7936,7903,7918,16,1:15,7919,7934,16,1:15,7920,7935,16,1:15,,,0,,,,0,,,,0,,,,0,,1,2,15,17,1,,,,
multi_tile,3,125,3,a,2,0,576,16,7939,7939,7940,,,,7975,7942,7957,16,1:15,7958,7973,16,1:15,7959,7974,16,1:15,,,0,,,,0,,,,0,,,,0,,1,2,15,17,1,,,,
multi_tile,3,126,3,a,2,16,704,16,7978,7978,7979,,,,8014,7981,7996,16,1:15,7997,8012,16,1:15,7998,8013,16,1:15,,,0,,,,0,,,,0,,,,0,,1,2,15,17,1,,,,
multi_tile,3,127,3,a,3,0,832,16,8017,8017,8018,,,,8053,8020,8035,16,1:15,8036,8051,16,1:15,8037,8052,16,1:15,,,0,,,,0,,,,0,,,,0,,1,2,15,17,1,,,,
multi_tile,3,128,3,a,3,16,960,16,8056,8056,8057,,,,8092,8059,8074,16,1:15,8075,8090,16,1:15,8076,8091,16,1:15,,,0,,,,0,,,,0,,,,0,,1,2,15,17,1,,,,
multi_tile,3,129,3,a,4,0,1088,16,8095,8095,8096,,,,8131,8098,8113,16,1:15,8114,8129,16,1:15,8115,8130,16,1:15,,,0,,,,0,,,,0,,,,0,,1,2,15,17,1,,,,
multi_tile,3,130,3,a,4,16,1216,16,8134,8134,8135,,,,8170,8137,8152,16,1:15,8153,8168,16,1:15,8154,8169,16,1:15,,,0,,,,0,,,,0,,,,0,,1,2,15,17,1,,,,
multi_tile,3,131,3,a,5,0,1344,16,8173,8173,8174,,,,8209,8176,8191,16,1:15,8192,8207,16,1:15,8193,8208,16,1:15,,,0,,,,0,,,,0,,,,0,,1,2,15,17,1,,,,
multi_tile,3,132,3,a,5,16,1472,16,8212,8212,8213,,,,8248,8215,8230,16,1:15,8231,8246,16,1:15,8232,8247,16,1:15,,,0,,,,0,,,,0,,,,0,,1,2,15,17,1,,,,
multi_tile,3,133,3,a,6,0,1600,16,8251,8251,8252,,,,8287,8254,8269,16,1:15,8270,8285,16,1:15,8271,8286,16,1:15,,,0,,,,0,,,,0,,,,0,,1,2,15,17,1,,,,
multi_tile,3,134,3,a,6,16,1728,16,8290,8290,8291,,,,8326,8293,8308,16,1:15,8309,8324,16,1:15,8310,8325,16,1:15,,,0,,,,0,,,,0,,,,0,,1,2,15,17,1,,,,
multi_tile,3,135,3,a,7,0,1856,16,8329,8329,8330,,,,8365,8332,8347,16,1:15,8348,8363,16,1:15,8349,8364,16,1:15,,,0,,,,0,,,,0,,,,0,,1,2,15,17,1,,,,
multi_tile,3,136,3,a,7,16,1984,16,8368,8368,8369,,,,8404,8371,8386,16,1:15,8387,8402,16,1:15,8388,8403,16,1:15,,,0,,,,0,,,,0,,,,0,,1,2,15,17,1,,,,
multi_tile,3,137,3,bt,0,0,14784,16,8412,8412,8413,,,,8448,8415,8430,16,1:15,8431,8446,16,1:15,8432,8447,16,1:15,,,0,,,,0,,,,0,,,,0,,1,2,15,17,1,,,,
multi_tile,3,138,3,bt,0,16,14912,16,8451,8451,8452,,,,8487,8454,8469,16,1:15,8470,8485,16,1:15,8471,8486,16,1:15,,,0,,,,0,,,,0,,,,0,,1,2,15,17,1,,,,
multi_tile,3,139,3,bt,1,0,15040,16,8490,8490,8491,,,,8526,8493,8508,16,1:15,8509,8524,16,1:15,8510,8525,16,1:15,,,0,,,,0,,,,0,,,,0,,1,2,15,17,1,,,,
multi_tile,3,140,3,bt,1,16,15168,16,8529,8529,8530,,,,8565,8532,8547,16,1:15,8548,8563,16,1:15,8549,8564,16,1:15,,,0,,,,0,,,,0,,,,0,,1,2,15,17,1,,,,
multi_tile,3,141,3,bt,2,0,15296,16,8568,8568,8569,,,,8604,8571,8586,16,1:15,8587,8602,16,1:15,8588,8603,16,1:15,,,0,,,,0,,,,0,,,,0,,1,2,15,17,1,,,,
multi_tile,3,142,3,bt,2,16,15424,16,8607,8607,8608,,,,8643,8610,8625,16,1:15,8626,8641,16,1:15,8627,8642,16,1:15,,,0,,,,0,,,,0,,,,0,,1,2,15,17,1,,,,
multi_tile,3,143,3,bt,3,0,15552,16,8646,8646,8647,,,,8682,8649,8664,16,1:15,8665,8680,16,1:15,8666,8681,16,1:15,,,0,,,,0,,,,0,,,,0,,1,2,15,17,1,,,,
multi_tile,3,144,3,bt,3,16,15680,16,8685,8685,8686,,,,8721,8688,8703,16,1:15,8704,8719,16,1:15,8705,8720,16,1:15,,,0,,,,0,,,,0,,,,0,,1,2,15,17,1,,,,
multi_tile,3,145,3,bt,4,0,15808,16,8724,8724,8725,,,,8760,8727,8742,16,1:15,8743,8758,16,1:15,8744,8759,16,1:15,,,0,,,,0,,,,0,,,,0,,1,2,15,17,1,,,,
multi_tile,3,146,3,bt,4,16,15936,16,8763,8763,8764,,,,8799,8766,8781,16,1:15,8782,8797,16,1:15,8783,8798,16,1:15,,,0,,,,0,,,,0,,,,0,,1,2,15,17,1,,,,
multi_tile,3,147,3,bt,5,0,16064,16,8802,8802,8803,,,,8838,8805,8820,16,1:15,8821,8836,16,1:15,8822,8837,16,1:15,,,0,,,,0,,,,0,,,,0,,1,2,15,17,1,,,,
multi_tile,3,148,3,bt,5,16,16192,16,8841,8841,8842,,,,8877,8844,8859,16,1:15,8860,8875,16,1:15,8861,8876,16,1:15,,,0,,,,0,,,,0,,,,0,,1,2,15,17,1,,,,
multi_tile,3,149,3,bt,6,0,16320,8,8880,8880,8881,,,,8900,8883,8890,8,1:7,8891,8898,8,1:7,8892,8899,8,1:7,,,0,,,,0,,,,0,,,,0,,1,2,7,9,1,,,,
multi_tile,3,150,3,bt,6,8,16384,16,8903,8903,8904,,,,8939,8906,8921,16,1:15,8922,8937,16,1:15,8923,8938,16,1:15,,,0,,,,0,,,,0,,,,0,,1,2,15,17,1,,,,
multi_tile,3,151,3,bt,6,24,16512,8,8942,8942,8943,,,,8962,8945,8952,8,1:7,8953,8960,8,1:7,8954,8961,8,1:7,,,0,,,,0,,,,0,,,,0,,1,2,7,9,1,,,,
multi_tile,3,152,3,bt,7,0,16576,16,8965,8965,8966,,,,9001,8968,8983,16,1:15,8984,8999,16,1:15,8985,9000,16,1:15,,,0,,,,0,,,,0,,,,0,,1,2,15,17,1,,,,
multi_tile,3,153,3,bt,7,16,16704,16,9004,9004,9005,,,,9040,9007,9022,16,1:15,9023,9038,16,1:15,9024,9039,16,1:15,,,0,,,,0,,,,0,,,,0,,1,2,15,17,1,,,,
multi_tile,3,154,3,c,0,0,17824,4,10134,10134,,10155,10154,10160,10161,,,0,,,,0,,,,0,,10136,10151,4,5:3,10138,10153,4,5:3,10139,10154,4,5:3,10155,10158,4,1:3,,,,,,20,4,2,1
multi_tile,3,155,3,c,1,0,18016,4,10164,10164,,10185,10184,10190,10191,,,0,,,,0,,,,0,,10166,10181,4,5:3,10168,10183,4,5:3,10169,10184,4,5:3,10185,10188,4,1:3,,,,,,20,4,2,1
multi_tile,3,156,3,c,2,0,18208,4,10194,10194,,10215,10214,10220,10221,,,0,,,,0,,,,0,,10196,10211,4,5:3,10198,10213,4,5:3,10199,10214,4,5:3,10215,10218,4,1:3,,,,,,20,4,2,1
multi_tile,3,157,3,c,3,0,18400,4,10224,10224,,10245,10244,10250,10251,,,0,,,,0,,,,0,,10226,10241,4,5:3,10228,10243,4,5:3,10229,10244,4,5:3,10245,10248,4,1:3,,,,,,20,4,2,1
multi_tile,3,158,3,c,4,0,18592,4,10254,10254,,10275,10274,10280,10281,,,0,,,,0,,,,0,,10256,10271,4,5:3,10258,10273,4,5:3,10259,10274,4,5:3,10275,10278,4,1:3,,,,,,20,4,2,1
multi_tile,3,159,3,c,5,0,18784,4,10284,10284,,10305,10304,10310,10311,,,0,,,,0,,,,0,,10286,10301,4,5:3,10288,10303,4,5:3,10289,10304,4,5:3,10305,10308,4,1:3,,,,,,20,4,2,1
multi_tile,3,160,3,c,6,0,18976,4,10314,10314,,10335,10334,10340,10341,,,0,,,,0,,,,0,,10316,10331,4,5:3,10318,10333,4,5:3,10319,10334,4,5:3,10335,10338,4,1:3,,,,,,20,4,2,1
multi_tile,3,161,3,c,7,0,19168,4,10344,10344,,10365,10364,10370,10371,,,0,,,,0,,,,0,,10346,10361,4,5:3,10348,10363,4,5:3,10349,10364,4,5:3,10365,10368,4,1:3,,,,,,20,4,2,1
multi_tile,3,162,4,a,0,0,64,16,10380,10380,10381,,,,10416,10383,10398,16,1:15,10399,10414,16,1:15,10400,10415,16,1:15,,,0,,,,0,,,,0,,,,0,,1,2,15,17,1,,,,
multi_tile,3,163,4,a,0,16,192,16,10419,10419,10420,,,,10455,10422,10437,16,1:15,10438,10453,16,1:15,10439,10454,16,1:15,,,0,,,,0,,,,0,,,,0,,1,2,15,17,1,,,,
multi_tile,3,164,4,a,1,0,320,16,10458,10458,10459,,,,10494,10461,10476,16,1:15,10477,10492,16,1:15,10478,10493,16,1:15,,,0,,,,0,,,,0,,,,0,,1,2,15,17,1,,,,
multi_tile,3,165,4,a,1,16,448,16,10497,10497,10498,,,,10533,10500,10515,16,1:15,10516,10531,16,1:15,10517,10532,16,1:15,,,0,,,,0,,,,0,,,,0,,1,2,15,17,1,,,,
multi_tile,3,166,4,a,2,0,576,16,10536,10536,10537,,,,10572,10539,10554,16,1:15,10555,10570,16,1:15,10556,10571,16,1:15,,,0,,,,0,,,,0,,,,0,,1,2,15,17,1,,,,
multi_tile,3,167,4,a,2,16,704,16,10575,10575,10576,,,,10611,10578,10593,16,1:15,10594,10609,16,1:15,10595,10610,16,1:15,,,0,,,,0,,,,0,,,,0,,1,2,15,17,1,,,,
multi_tile,3,168,4,a,3,0,832,16,10614,10614,10615,,,,10650,10617,10632,16,1:15,10633,10648,16,1:15,10634,10649,16,1:15,,,0,,,,0,,,,0,,,,0,,1,2,15,17,1,,,,
multi_tile,3,169,4,a,3,16,960,16,10653,10653,10654,,,,10689,10656,10671,16,1:15,10672,10687,16,1:15,10673,10688,16,1:15,,,0,,,,0,,,,0,,,,0,,1,2,15,17,1,,,,
multi_tile,3,170,4,a,4,0,1088,16,10692,10692,10693,,,,10728,10695,10710,16,1:15,10711,10726,16,1:15,10712,10727,16,1:15,,,0,,,,0,,,,0,,,,0,,1,2,15,17,1,,,,
multi_tile,3,171,4,a,4,16,1216,16,10731,10731,10732,,,,10767,10734,10749,16,1:15,10750,10765,16,1:15,10751,10766,16,1:15,,,0,,,,0,,,,0,,,,0,,1,2,15,17,1,,,,
multi_tile,3,172,4,a,5,0,1344,16,10770,10770,10771,,,,10806,10773,10788,16,1:15,10789,10804,16,1:15,10790,10805,16,1:15,,,0,,,,0,,,,0,,,,0,,1,2,15,17,1,,,,
multi_tile,3,173,4,a,5,16,1472,16,10809,10809,10810,,,,10845,10812,10827,16,1:15,10828,10843,16,1:15,10829,10844,16,1:15,,,0,,,,0,,,,0,,,,0,,1,2,15,17,1,,,,
multi_tile,3,174,4,a,6,0,1600,16,10848,10848,10849,,,,10884,10851,10866,16,1:15,10867,10882,16,1:15,10868,10883,16,1:15,,,0,,,,0,,,,0,,,,0,,1,2,15,17,1,,,,
multi_tile,3,175,4,a,6,16,1728,16,10887,10887,10888,,,,10923,10890,10905,16,1:15,10906,10921,16,1:15,10907,10922,16,1:15,,,0,,,,0,,,,0,,,,0,,1,2,15,17,1,,,,
multi_tile,3,176,4,a,7,0,1856,16,10926,10926,10927,,,,10962,10929,10944,16,1:15,10945,10960,16,1:15,10946,10961,16,1:15,,,0,,,,0,,,,0,,,,0,,1,2,15,17,1,,,,
multi_tile,3,177,4,a,7,16,1984,16,10965,10965,10966,,,,11001,10968,10983,16,1:15,10984,10999,16,1:15,10985,11000,16,1:15,,,0,,,,0,,,,0,,,,0,,1,2,15,17,1,,,,
multi_tile,3,178,4,bt,0,0,16832,16,11009,11009,11010,,,,11045,11012,11027,16,1:15,11028,11043,16,1:15,11029,11044,16,1:15,,,0,,,,0,,,,0,,,,0,,1,2,15,17,1,,,,
multi_tile,3,179,4,bt,0,16,16960,16,11048,11048,11049,,,,11084,11051,11066,16,1:15,11067,11082,16,1:15,11068,11083,16,1:15,,,0,,,,0,,,,0,,,,0,,1,2,15,17,1,,,,
multi_tile,3,180,4,bt,1,0,17088,16,11087,11087,11088,,,,11123,11090,11105,16,1:15,11106,11121,16,1:15,11107,11122,16,1:15,,,0,,,,0,,,,0,,,,0,,1,2,15,17,1,,,,
multi_tile,3,181,4,bt,1,16,17216,16,11126,11126,11127,,,,11162,11129,11144,16,1:15,11145,11160,16,1:15,11146,11161,16,1:15,,,0,,,,0,,,,0,,,,0,,1,2,15,17,1,,,,
multi_tile,3,182,4,bt,2,0,17344,16,11165,11165,11166,,,,11201,11168,11183,16,1:15,11184,11199,16,1:15,11185,11200,16,1:15,,,0,,,,0,,,,0,,,,0,,1,2,15,17,1,,,,
multi_tile,3,183,4,bt,2,16,17472,16,11204,11204,11205,,,,11240,11207,11222,16,1:15,11223,11238,16,1:15,11224,11239,16,1:15,,,0,,,,0,,,,0,,,,0,,1,2,15,17,1,,,,
multi_tile,3,184,4,c,0,0,17856,2,11792,11792,,11803,11802,11806,11807,,,0,,,,0,,,,0,,11794,11799,2,5:1,11796,11801,2,5:1,11797,11802,2,5:1,11803,11804,2,1:1,,,,,,10,2,2,1
multi_tile,3,185,4,c,1,0,18048,2,11810,11810,,11821,11820,11824,11825,,,0,,,,0,,,,0,,11812,11817,2,5:1,11814,11819,2,5:1,11815,11820,2,5:1,11821,11822,2,1:1,,,,,,10,2,2,1
multi_tile,3,186,4,c,2,0,18240,2,11828,11828,,11839,11838,11842,11843,,,0,,,,0,,,,0,,11830,11835,2,5:1,11832,11837,2,5:1,11833,11838,2,5:1,11839,11840,2,1:1,,,,,,10,2,2,1
multi_tile,3,187,4,c,3,0,18432,2,11846,11846,,11857,11856,11860,11861,,,0,,,,0,,,,0,,11848,11853,2,5:1,11850,11855,2,5:1,11851,11856,2,5:1,11857,11858,2,1:1,,,,,,10,2,2,1
multi_tile,3,188,4,c,4,0,18624,2,11864,11864,,11875,11874,11878,11879,,,0,,,,0,,,,0,,11866,11871,2,5:1,11868,11873,2,5:1,11869,11874,2,5:1,11875,11876,2,1:1,,,,,,10,2,2,1
multi_tile,3,189,4,c,5,0,18816,2,11882,11882,,11893,11892,11896,11897,,,0,,,,0,,,,0,,11884,11889,2,5:1,11886,11891,2,5:1,11887,11892,2,5:1,11893,11894,2,1:1,,,,,,10,2,2,1
multi_tile,3,190,4,c,6,0,19008,2,11900,11900,,11911,11910,11914,11915,,,0,,,,0,,,,0,,11902,11907,2,5:1,11904,11909,2,5:1,11905,11910,2,5:1,11911,11912,2,1:1,,,,,,10,2,2,1
multi_tile,3,191,4,c,7,0,19200,2,11918,11918,,11929,11928,11932,11933,,,0,,,,0,,,,0,,11920,11925,2,5:1,11922,11927,2,5:1,11923,11928,2,5:1,11929,11930,2,1:1,,,,,,10,2,2,1
multi_tile,3,192,5,a,0,0,2112,16,11942,11942,11943,,,,11978,11945,11960,16,1:15,11961,11976,16,1:15,11962,11977,16,1:15,,,0,,,,0,,,,0,,,,0,,1,2,15,17,1,,,,
multi_tile,3,193,5,a,0,16,2240,16,11981,11981,11982,,,,12017,11984,11999,16,1:15,12000,12015,16,1:15,12001,12016,16,1:15,,,0,,,,0,,,,0,,,,0,,1,2,15,17,1,,,,
multi_tile,3,194,5,a,1,0,2368,16,12020,12020,12021,,,,12056,12023,12038,16,1:15,12039,12054,16,1:15,12040,12055,16,1:15,,,0,,,,0,,,,0,,,,0,,1,2,15,17,1,,,,
multi_tile,3,195,5,a,1,16,2496,16,12059,12059,12060,,,,12095,12062,12077,16,1:15,12078,12093,16,1:15,12079,12094,16,1:15,,,0,,,,0,,,,0,,,,0,,1,2,15,17,1,,,,
multi_tile,3,196,5,a,2,0,2624,16,12098,12098,12099,,,,12134,12101,12116,16,1:15,12117,12132,16,1:15,12118,12133,16,1:15,,,0,,,,0,,,,0,,,,0,,1,2,15,17,1,,,,
multi_tile,3,197,5,a,2,16,2752,16,12137,12137,12138,,,,12173,12140,12155,16,1:15,12156,12171,16,1:15,12157,12172,16,1:15,,,0,,,,0,,,,0,,,,0,,1,2,15,17,1,,,,
multi_tile,3,198,5,a,3,0,2880,16,12176,12176,12177,,,,12212,12179,12194,16,1:15,12195,12210,16,1:15,12196,12211,16,1:15,,,0,,,,0,,,,0,,,,0,,1,2,15,17,1,,,,
multi_tile,3,199,5,a,3,16,3008,16,12215,12215,12216,,,,12251,12218,12233,16,1:15,12234,12249,16,1:15,12235,12250,16,1:15,,,0,,,,0,,,,0,,,,0,,1,2,15,17,1,,,,
multi_tile,3,200,5,a,4,0,3136,16,12254,12254,12255,,,,12290,12257,12272,16,1:15,12273,12288,16,1:15,12274,12289,16,1:15,,,0,,,,0,,,,0,,,,0,,1,2,15,17,1,,,,
multi_tile,3,201,5,a,4,16,3264,16,12293,12293,12294,,,,12329,12296,12311,16,1:15,12312,12327,16,1:15,12313,12328,16,1:15,,,0,,,,0,,,,0,,,,0,,1,2,15,17,1,,,,
multi_tile,3,202,5,a,5,0,3392,16,12332,12332,12333,,,,12368,12335,12350,16,1:15,12351,12366,16,1:15,12352,12367,16,1:15,,,0,,,,0,,,,0,,,,0,,1,2,15,17,1,,,,
multi_tile,3,203,5,a,5,16,3520,16,12371,12371,12372,,,,12407,12374,12389,16,1:15,12390,12405,16,1:15,12391,12406,16,1:15,,,0,,,,0,,,,0,,,,0,,1,2,15,17,1,,,,
multi_tile,3,204,5,a,6,0,3648,16,12410,12410,12411,,,,12446,12413,12428,16,1:15,12429,12444,16,1:15,12430,12445,16,1:15,,,0,,,,0,,,,0,,,,0,,1,2,15,17,1,,,,
multi_tile,3,205,5,a,6,16,3776,16,12449,12449,12450,,,,12485,12452,12467,16,1:15,12468,12483,16,1:15,12469,12484,16,1:15,,,0,,,,0,,,,0,,,,0,,1,2,15,17,1,,,,
multi_tile,3,206,5,a,7,0,3904,16,12488,12488,12489,,,,12524,12491,12506,16,1:15,12507,12522,16,1:15,12508,12523,16,1:15,,,0,,,,0,,,,0,,,,0,,1,2,15,17,1,,,,
multi_tile,3,207,5,a,7,16,4032,8,12527,12527,12528,,,,12547,12530,12537,8,1:7,12538,12545,8,1:7,12539,12546,8,1:7,,,0,,,,0,,,,0,,,,0,,1,2,7,9,1,,,,
multi_tile,3,208,5,a,7,24,4096,8,12550,12550,12551,,,,12570,12553,12560,8,1:7,12561,12568,8,1:7,12562,12569,8,1:7,,,0,,,,0,,,,0,,,,0,,1,2,7,9,1,,,,
multi_tile,3,209,5,bt,0,0,8640,16,12578,12578,12579,,,,12614,12581,12596,16,1:15,12597,12612,16,1:15,12598,12613,16,1:15,,,0,,,,0,,,,0,,,,0,,1,2,15,17,1,,,,
multi_tile,3,210,5,bt,0,16,8768,16,12617,12617,12618,,,,12653,12620,12635,16,1:15,12636,12651,16,1:15,12637,12652,16,1:15,,,0,,,,0,,,,0,,,,0,,1,2,15,17,1,,,,
multi_tile,3,211,5,bt,1,0,8896,16,12656,12656,12657,,,,12692,12659,12674,16,1:15,12675,12690,16,1:15,12676,12691,16,1:15,,,0,,,,0,,,,0,,,,0,,1,2,15,17,1,,,,
multi_tile,3,212,5,bt,1,16,9024,16,12695,12695,12696,,,,12731,12698,12713,16,1:15,12714,12729,16,1:15,12715,12730,16,1:15,,,0,,,,0,,,,0,,,,0,,1,2,15,17,1,,,,
multi_tile,3,213,5,bt,2,0,9152,16,12734,12734,12735,,,,12770,12737,12752,16,1:15,12753,12768,16,1:15,12754,12769,16,1:15,,,0,,,,0,,,,0,,,,0,,1,2,15,17,1,,,,
multi_tile,3,214,5,bt,2,16,9280,16,12773,12773,12774,,,,12809,12776,12791,16,1:15,12792,12807,16,1:15,12793,12808,16,1:15,,,0,,,,0,,,,0,,,,0,,1,2,15,17,1,,,,
multi_tile,3,215,5,bt,3,0,9408,16,12812,12812,12813,,,,12848,12815,12830,16,1:15,12831,12846,16,1:15,12832,12847,16,1:15,,,0,,,,0,,,,0,,,,0,,1,2,15,17,1,,,,
multi_tile,3,216,5,bt,3,16,9536,16,12851,12851,12852,,,,12887,12854,12869,16,1:15,12870,12885,16,1:15,12871,12886,16,1:15,,,0,,,,0,,,,0,,,,0,,1,2,15,17,1,,,,
multi_tile,3,217,5,bt,4,0,9664,16,12890,12890,12891,,,,12926,12893,12908,16,1:15,12909,12924,16,1:15,12910,12925,16,1:15,,,0,,,,0,,,,0,,,,0,,1,2,15,17,1,,,,
multi_tile,3,218,5,bt,4,16,9792,16,12929,12929,12930,,,,12965,12932,12947,16,1:15,12948,12963,16,1:15,12949,12964,16,1:15,,,0,,,,0,,,,0,,,,0,,1,2,15,17,1,,,,
multi_tile,3,219,5,bt,5,0,9920,16,12968,12968,12969,,,,13004,12971,12986,16,1:15,12987,13002,16,1:15,12988,13003,16,1:15,,,0,,,,0,,,,0,,,,0,,1,2,15,17,1,,,,
multi_tile,3,220,5,bt,5,16,10048,16,13007,13007,13008,,,,13043,13010,13025,16,1:15,13026,13041,16,1:15,13027,13042,16,1:15,,,0,,,,0,,,,0,,,,0,,1,2,15,17,1,,,,
multi_tile,3,221,5,bt,6,0,10176,16,13046,13046,13047,,,,13082,13049,13064,16,1:15,13065,13080,16,1:15,13066,13081,16,1:15,,,0,,,,0,,,,0,,,,0,,1,2,15,17,1,,,,
multi_tile,3,222,5,bt,6,16,10304,16,13085,13085,13086,,,,13121,13088,13103,16,1:15,13104,13119,16,1:15,13105,13120,16,1:15,,,0,,,,0,,,,0,,,,0,,1,2,15,17,1,,,,
multi_tile,3,223,5,bt,7,0,10432,16,13124,13124,13125,,,,13160,13127,13142,16,1:15,13143,13158,16,1:15,13144,13159,16,1:15,,,0,,,,0,,,,0,,,,0,,1,2,15,17,1,,,,
multi_tile,3,224,5,bt,7,16,10560,16,13163,13163,13164,,,,13199,13166,13181,16,1:15,13182,13197,16,1:15,13183,13198,16,1:15,,,0,,,,0,,,,0,,,,0,,1,2,15,17,1,,,,
multi_tile,3,225,5,c,0,0,19264,4,14293,14293,,14314,14313,14319,14320,,,0,,,,0,,,,0,,14295,14310,4,5:3,14297,14312,4,5:3,14298,14313,4,5:3,14314,14317,4,1:3,,,,,,20,4,2,1
multi_tile,3,226,5,c,1,0,19456,4,14323,14323,,14344,14343,14349,14350,,,0,,,,0,,,,0,,14325,14340,4,5:3,14327,14342,4,5:3,14328,14343,4,5:3,14344,14347,4,1:3,,,,,,20,4,2,1
multi_tile,3,227,5,c,2,0,19648,4,14353,14353,,14374,14373,14379,14380,,,0,,,,0,,,,0,,14355,14370,4,5:3,14357,14372,4,5:3,14358,14373,4,5:3,14374,14377,4,1:3,,,,,,20,4,2,1
multi_tile,3,228,5,c,3,0,19840,4,14383,14383,,14404,14403,14409,14410,,,0,,,,0,,,,0,,14385,14400,4,5:3,14387,14402,4,5:3,14388,14403,4,5:3,14404,14407,4,1:3,,,,,,20,4,2,1
multi_tile,3,229,5,c,4,0,20032,4,14413,14413,,14434,14433,14439,14440,,,0,,,,0,,,,0,,14415,14430,4,5:3,14417,14432,4,5:3,14418,14433,4,5:3,14434,14437,4,1:3,,,,,,20,4,2,1
multi_tile,3,230,5,c,5,0,20224,4,14443,14443,,14464,14463,14469,14470,,,0,,,,0,,,,0,,14445,14460,4,5:3,14447,14462,4,5:3,14448,14463,4,5:3,14464,14467,4,1:3,,,,,,20,4,2,1
multi_tile,3,231,5,c,6,0,20416,4,14473,14473,,14494,14493,14499,14500,,,0,,,,0,,,,0,,14475,14490,4,5:3,14477,14492,4,5:3,14478,14493,4,5:3,14494,14497,4,1:3,,,,,,20,4,2,1
multi_tile,3,232,5,c,7,0,20608,4,14503,14503,,14524,14523,14529,14530,,,0,,,,0,,,,0,,14505,14520,4,5:3,14507,14522,4,5:3,14508,14523,4,5:3,14524,14527,4,1:3,,,,,,20,4,2,1
multi_tile,3,233,6,a,0,0,2112,16,14539,14539,14540,,,,14575,14542,14557,16,1:15,14558,14573,16,1:15,14559,14574,16,1:15,,,0,,,,0,,,,0,,,,0,,1,2,15,17,1,,,,
multi_tile,3,234,6,a,0,16,2240,16,14578,14578,14579,,,,14614,14581,14596,16,1:15,14597,14612,16,1:15,14598,14613,16,1:15,,,0,,,,0,,,,0,,,,0,,1,2,15,17,1,,,,
multi_tile,3,235,6,a,1,0,2368,16,14617,14617,14618,,,,14653,14620,14635,16,1:15,14636,14651,16,1:15,14637,14652,16,1:15,,,0,,,,0,,,,0,,,,0,,1,2,15,17,1,,,,
multi_tile,3,236,6,a,1,16,2496,16,14656,14656,14657,,,,14692,14659,14674,16,1:15,14675,14690,16,1:15,14676,14691,16,1:15,,,0,,,,0,,,,0,,,,0,,1,2,15,17,1,,,,
multi_tile,3,237,6,a,2,0,2624,16,14695,14695,14696,,,,14731,14698,14713,16,1:15,14714,14729,16,1:15,14715,14730,16,1:15,,,0,,,,0,,,,0,,,,0,,1,2,15,17,1,,,,
multi_tile,3,238,6,a,2,16,2752,16,14734,14734,14735,,,,14770,14737,14752,16,1:15,14753,14768,16,1:15,14754,14769,16,1:15,,,0,,,,0,,,,0,,,,0,,1,2,15,17,1,,,,
multi_tile,3,239,6,a,3,0,2880,16,14773,14773,14774,,,,14809,14776,14791,16,1:15,14792,14807,16,1:15,14793,14808,16,1:15,,,0,,,,0,,,,0,,,,0,,1,2,15,17,1,,,,
multi_tile,3,240,6,a,3,16,3008,16,14812,14812,14813,,,,14848,14815,14830,16,1:15,14831,14846,16,1:15,14832,14847,16,1:15,,,0,,,,0,,,,0,,,,0,,1,2,15,17,1,,,,
multi_tile,3,241,6,a,4,0,3136,16,14851,14851,14852,,,,14887,14854,14869,16,1:15,14870,14885,16,1:15,14871,14886,16,1:15,,,0,,,,0,,,,0,,,,0,,1,2,15,17,1,,,,
multi_tile,3,242,6,a,4,16,3264,16,14890,14890,14891,,,,14926,14893,14908,16,1:15,14909,14924,16,1:15,14910,14925,16,1:15,,,0,,,,0,,,,0,,,,0,,1,2,15,17,1,,,,
multi_tile,3,243,6,a,5,0,3392,16,14929,14929,14930,,,,14965,14932,14947,16,1:15,14948,14963,16,1:15,14949,14964,16,1:15,,,0,,,,0,,,,0,,,,0,,1,2,15,17,1,,,,
multi_tile,3,244,6,a,5,16,3520,16,14968,14968,14969,,,,15004,14971,14986,16,1:15,14987,15002,16,1:15,14988,15003,16,1:15,,,0,,,,0,,,,0,,,,0,,1,2,15,17,1,,,,
multi_tile,3,245,6,a,6,0,3648,16,15007,15007,15008,,,,15043,15010,15025,16,1:15,15026,15041,16,1:15,15027,15042,16,1:15,,,0,,,,0,,,,0,,,,0,,1,2,15,17,1,,,,
multi_tile,3,246,6,a,6,16,3776,16,15046,15046,15047,,,,15082,15049,15064,16,1:15,15065,15080,16,1:15,15066,15081,16,1:15,,,0,,,,0,,,,0,,,,0,,1,2,15,17,1,,,,
multi_tile,3,247,6,a,7,0,3904,16,15085,15085,15086,,,,15121,15088,15103,16,1:15,15104,15119,16,1:15,15105,15120,16,1:15,,,0,,,,0,,,,0,,,,0,,1,2,15,17,1,,,,
multi_tile,3,248,6,a,7,16,4032,8,15124,15124,15125,,,,15144,15127,15134,8,1:7,15135,15142,8,1:7,15136,15143,8,1:7,,,0,,,,0,,,,0,,,,0,,1,2,7,9,1,,,,
multi_tile,3,249,6,a,7,24,4096,8,15147,15147,15148,,,,15167,15150,15157,8,1:7,15158,15165,8,1:7,15159,15166,8,1:7,,,0,,,,0,,,,0,,,,0,,1,2,7,9,1,,,,
multi_tile,3,250,6,bt,0,0,10688,16,15175,15175,15176,,,,15211,15178,15193,16,1:15,15194,15209,16,1:15,15195,15210,16,1:15,,,0,,,,0,,,,0,,,,0,,1,2,15,17,1,,,,
multi_tile,3,251,6,bt,0,16,10816,16,15214,15214,15215,,,,15250,15217,15232,16,1:15,15233,15248,16,1:15,15234,15249,16,1:15,,,0,,,,0,,,,0,,,,0,,1,2,15,17,1,,,,
multi_tile,3,252,6,bt,1,0,10944,16,15253,15253,15254,,,,15289,15256,15271,16,1:15,15272,15287,16,1:15,15273,15288,16,1:15,,,0,,,,0,,,,0,,,,0,,1,2,15,17,1,,,,
multi_tile,3,253,6,bt,1,16,11072,16,15292,15292,15293,,,,15328,15295,15310,16,1:15,15311,15326,16,1:15,15312,15327,16,1:15,,,0,,,,0,,,,0,,,,0,,1,2,15,17,1,,,,
multi_tile,3,254,6,bt,2,0,11200,16,15331,15331,15332,,,,15367,15334,15349,16,1:15,15350,15365,16,1:15,15351,15366,16,1:15,,,0,,,,0,,,,0,,,,0,,1,2,15,17,1,,,,
multi_tile,3,255,6,bt,2,16,11328,16,15370,15370,15371,,,,15406,15373,15388,16,1:15,15389,15404,16,1:15,15390,15405,16,1:15,,,0,,,,0,,,,0,,,,0,,1,2,15,17,1,,,,
multi_tile,3,256,6,bt,3,0,11456,16,15409,15409,15410,,,,15445,15412,15427,16,1:15,15428,15443,16,1:15,15429,15444,16,1:15,,,0,,,,0,,,,0,,,,0,,1,2,15,17,1,,,,
multi_tile,3,257,6,bt,3,16,11584,16,15448,15448,15449,,,,15484,15451,15466,16,1:15,15467,15482,16,1:15,15468,15483,16,1:15,,,0,,,,0,,,,0,,,,0,,1,2,15,17,1,,,,
multi_tile,3,258,6,bt,4,0,11712,16,15487,15487,15488,,,,15523,15490,15505,16,1:15,15506,15521,16,1:15,15507,15522,16,1:15,,,0,,,,0,,,,0,,,,0,,1,2,15,17,1,,,,
multi_tile,3,259,6,bt,4,16,11840,16,15526,15526,15527,,,,15562,15529,15544,16,1:15,15545,15560,16,1:15,15546,15561,16,1:15,,,0,,,,0,,,,0,,,,0,,1,2,15,17,1,,,,
multi_tile,3,260,6,bt,5,0,11968,16,15565,15565,15566,,,,15601,15568,15583,16,1:15,15584,15599,16,1:15,15585,15600,16,1:15,,,0,,,,0,,,,0,,,,0,,1,2,15,17,1,,,,
multi_tile,3,261,6,bt,5,16,12096,16,15604,15604,15605,,,,15640,15607,15622,16,1:15,15623,15638,16,1:15,15624,15639,16,1:15,,,0,,,,0,,,,0,,,,0,,1,2,15,17,1,,,,
multi_tile,3,262,6,bt,6,0,12224,8,15643,15643,15644,,,,15663,15646,15653,8,1:7,15654,15661,8,1:7,15655,15662,8,1:7,,,0,,,,0,,,,0,,,,0,,1,2,7,9,1,,,,
multi_tile,3,263,6,bt,6,8,12288,16,15666,15666,15667,,,,15702,15669,15684,16,1:15,15685,15700,16,1:15,15686,15701,16,1:15,,,0,,,,0,,,,0,,,,0,,1,2,15,17,1,,,,
multi_tile,3,264,6,bt,6,24,12416,8,15705,15705,15706,,,,15725,15708,15715,8,1:7,15716,15723,8,1:7,15717,15724,8,1:7,,,0,,,,0,,,,0,,,,0,,1,2,7,9,1,,,,
multi_tile,3,265,6,bt,7,0,12480,16,15728,15728,15729,,,,15764,15731,15746,16,1:15,15747,15762,16,1:15,15748,15763,16,1:15,,,0,,,,0,,,,0,,,,0,,1,2,15,17,1,,,,
multi_tile,3,266,6,bt,7,16,12608,16,15767,15767,15768,,,,15803,15770,15785,16,1:15,15786,15801,16,1:15,15787,15802,16,1:15,,,0,,,,0,,,,0,,,,0,,1,2,15,17,1,,,,
multi_tile,3,267,6,c,0,0,19296,4,16897,16897,,16918,16917,16923,16924,,,0,,,,0,,,,0,,16899,16914,4,5:3,16901,16916,4,5:3,16902,16917,4,5:3,16918,16921,4,1:3,,,,,,20,4,2,1
multi_tile,3,268,6,c,1,0,19488,4,16927,16927,,16948,16947,16953,16954,,,0,,,,0,,,,0,,16929,16944,4,5:3,16931,16946,4,5:3,16932,16947,4,5:3,16948,16951,4,1:3,,,,,,20,4,2,1
multi_tile,3,269,6,c,2,0,19680,4,16957,16957,,16978,16977,16983,16984,,,0,,,,0,,,,0,,16959,16974,4,5:3,16961,16976,4,5:3,16962,16977,4,5:3,16978,16981,4,1:3,,,,,,20,4,2,1
multi_tile,3,270,6,c,3,0,19872,4,16987,16987,,17008,17007,17013,17014,,,0,,,,0,,,,0,,16989,17004,4,5:3,16991,17006,4,5:3,16992,17007,4,5:3,17008,17011,4,1:3,,,,,,20,4,2,1
multi_tile,3,271,6,c,4,0,20064,4,17017,17017,,17038,17037,17043,17044,,,0,,,,0,,,,0,,17019,17034,4,5:3,17021,17036,4,5:3,17022,17037,4,5:3,17038,17041,4,1:3,,,,,,20,4,2,1
multi_tile,3,272,6,c,5,0,20256,4,17047,17047,,17068,17067,17073,17074,,,0,,,,0,,,,0,,17049,17064,4,5:3,17051,17066,4,5:3,17052,17067,4,5:3,17068,17071,4,1:3,,,,,,20,4,2,1
multi_tile,3,273,6,c,6,0,20448,4,17077,17077,,17098,17097,17103,17104,,,0,,,,0,,,,0,,17079,17094,4,5:3,17081,17096,4,5:3,17082,17097,4,5:3,17098,17101,4,1:3,,,,,,20,4,2,1
multi_tile,3,274,6,c,7,0,20640,4,17107,17107,,17128,17127,17133,17134,,,0,,,,0,,,,0,,17109,17124,4,5:3,17111,17126,4,5:3,17112,17127,4,5:3,17128,17131,4,1:3,,,,,,20,4,2,1
multi_tile,3,275,7,a,0,0,2112,16,17143,17143,17144,,,,17179,17146,17161,16,1:15,17162,17177,16,1:15,17163,17178,16,1:15,,,0,,,,0,,,,0,,,,0,,1,2,15,17,1,,,,
multi_tile,3,276,7,a,0,16,2240,16,17182,17182,17183,,,,17218,17185,17200,16,1:15,17201,17216,16,1:15,17202,17217,16,1:15,,,0,,,,0,,,,0,,,,0,,1,2,15,17,1,,,,
multi_tile,3,277,7,a,1,0,2368,16,17221,17221,17222,,,,17257,17224,17239,16,1:15,17240,17255,16,1:15,17241,17256,16,1:15,,,0,,,,0,,,,0,,,,0,,1,2,15,17,1,,,,
multi_tile,3,278,7,a,1,16,2496,16,17260,17260,17261,,,,17296,17263,17278,16,1:15,17279,17294,16,1:15,17280,17295,16,1:15,,,0,,,,0,,,,0,,,,0,,1,2,15,17,1,,,,
multi_tile,3,279,7,a,2,0,2624,16,17299,17299,17300,,,,17335,17302,17317,16,1:15,17318,17333,16,1:15,17319,17334,16,1:15,,,0,,,,0,,,,0,,,,0,,1,2,15,17,1,,,,
multi_tile,3,280,7,a,2,16,2752,16,17338,17338,17339,,,,17374,17341,17356,16,1:15,17357,17372,16,1:15,17358,17373,16,1:15,,,0,,,,0,,,,0,,,,0,,1,2,15,17,1,,,,
multi_tile,3,281,7,a,3,0,2880,16,17377,17377,17378,,,,17413,17380,17395,16,1:15,17396,17411,16,1:15,17397,17412,16,1:15,,,0,,,,0,,,,0,,,,0,,1,2,15,17,1,,,,
multi_tile,3,282,7,a,3,16,3008,16,17416,17416,17417,,,,17452,17419,17434,16,1:15,17435,17450,16,1:15,17436,17451,16,1:15,,,0,,,,0,,,,0,,,,0,,1,2,15,17,1,,,,
multi_tile,3,283,7,a,4,0,3136,16,17455,17455,17456,,,,17491,17458,17473,16,1:15,17474,17489,16,1:15,17475,17490,16,1:15,,,0,,,,0,,,,0,,,,0,,1,2,15,17,1,,,,
multi_tile,3,284,7,a,4,16,3264,16,17494,17494,17495,,,,17530,17497,17512,16,1:15,17513,17528,16,1:15,17514,17529,16,1:15,,,0,,,,0,,,,0,,,,0,,1,2,15,17,1,,,,
multi_tile,3,285,7,a,5,0,3392,16,17533,17533,17534,,,,17569,17536,17551,16,1:15,17552,17567,16,1:15,17553,17568,16,1:15,,,0,,,,0,,,,0,,,,0,,1,2,15,17,1,,,,
multi_tile,3,286,7,a,5,16,3520,16,17572,17572,17573,,,,17608,17575,17590,16,1:15,17591,17606,16,1:15,17592,17607,16,1:15,,,0,,,,0,,,,0,,,,0,,1,2,15,17,1,,,,
multi_tile,3,287,7,a,6,0,3648,16,17611,17611,17612,,,,17647,17614,17629,16,1:15,17630,17645,16,1:15,17631,17646,16,1:15,,,0,,,,0,,,,0,,,,0,,1,2,15,17,1,,,,
multi_tile,3,288,7,a,6,16,3776,16,17650,17650,17651,,,,17686,17653,17668,16,1:15,17669,17684,16,1:15,17670,17685,16,1:15,,,0,,,,0,,,,0,,,,0,,1,2,15,17,1,,,,
multi_tile,3,289,7,a,7,0,3904,16,17689,17689,17690,,,,17725,17692,17707,16,1:15,17708,17723,16,1:15,17709,17724,16,1:15,,,0,,,,0,,,,0,,,,0,,1,2,15,17,1,,,,
multi_tile,3,290,7,a,7,16,4032,8,17728,17728,17729,,,,17748,17731,17738,8,1:7,17739,17746,8,1:7,17740,17747,8,1:7,,,0,,,,0,,,,0,,,,0,,1,2,7,9,1,,,,
multi_tile,3,291,7,a,7,24,4096,8,17751,17751,17752,,,,17771,17754,17761,8,1:7,17762,17769,8,1:7,17763,17770,8,1:7,,,0,,,,0,,,,0,,,,0,,1,2,7,9,1,,,,
multi_tile,3,292,7,bt,0,0,12736,16,17779,17779,17780,,,,17815,17782,17797,16,1:15,17798,17813,16,1:15,17799,17814,16,1:15,,,0,,,,0,,,,0,,,,0,,1,2,15,17,1,,,,
multi_tile,3,293,7,bt,0,16,12864,16,17818,17818,17819,,,,17854,17821,17836,16,1:15,17837,17852,16,1:15,17838,17853,16,1:15,,,0,,,,0,,,,0,,,,0,,1,2,15,17,1,,,,
multi_tile,3,294,7,bt,1,0,12992,16,17857,17857,17858,,,,17893,17860,17875,16,1:15,17876,17891,16,1:15,17877,17892,16,1:15,,,0,,,,0,,,,0,,,,0,,1,2,15,17,1,,,,
multi_tile,3,295,7,bt,1,16,13120,16,17896,17896,17897,,,,17932,17899,17914,16,1:15,17915,17930,16,1:15,17916,17931,16,1:15,,,0,,,,0,,,,0,,,,0,,1,2,15,17,1,,,,
multi_tile,3,296,7,bt,2,0,13248,16,17935,17935,17936,,,,17971,17938,17953,16,1:15,17954,17969,16,1:15,17955,17970,16,1:15,,,0,,,,0,,,,0,,,,0,,1,2,15,17,1,,,,
multi_tile,3,297,7,bt,2,16,13376,16,17974,17974,17975,,,,18010,17977,17992,16,1:15,17993,18008,16,1:15,17994,18009,16,1:15,,,0,,,,0,,,,0,,,,0,,1,2,15,17,1,,,,
multi_tile,3,298,7,bt,3,0,13504,16,18013,18013,18014,,,,18049,18016,18031,16,1:15,18032,18047,16,1:15,18033,18048,16,1:15,,,0,,,,0,,,,0,,,,0,,1,2,15,17,1,,,,
multi_tile,3,299,7,bt,3,16,13632,16,18052,18052,18053,,,,18088,18055,18070,16,1:15,18071,18086,16,1:15,18072,18087,16,1:15,,,0,,,,0,,,,0,,,,0,,1,2,15,17,1,,,,
multi_tile,3,300,7,bt,4,0,13760,16,18091,18091,18092,,,,18127,18094,18109,16,1:15,18110,18125,16,1:15,18111,18126,16,1:15,,,0,,,,0,,,,0,,,,0,,1,2,15,17,1,,,,
multi_tile,3,301,7,bt,4,16,13888,16,18130,18130,18131,,,,18166,18133,18148,16,1:15,18149,18164,16,1:15,18150,18165,16,1:15,,,0,,,,0,,,,0,,,,0,,1,2,15,17,1,,,,
multi_tile,3,302,7,bt,5,0,14016,16,18169,18169,18170,,,,18205,18172,18187,16,1:15,18188,18203,16,1:15,18189,18204,16,1:15,,,0,,,,0,,,,0,,,,0,,1,2,15,17,1,,,,
multi_tile,3,303,7,bt,5,16,14144,16,18208,18208,18209,,,,18244,18211,18226,16,1:15,18227,18242,16,1:15,18228,18243,16,1:15,,,0,,,,0,,,,0,,,,0,,1,2,15,17,1,,,,
multi_tile,3,304,7,bt,6,0,14272,16,18247,18247,18248,,,,18283,18250,18265,16,1:15,18266,18281,16,1:15,18267,18282,16,1:15,,,0,,,,0,,,,0,,,,0,,1,2,15,17,1,,,,
multi_tile,3,305,7,bt,6,16,14400,16,18286,18286,18287,,,,18322,18289,18304,16,1:15,18305,18320,16,1:15,18306,18321,16,1:15,,,0,,,,0,,,,0,,,,0,,1,2,15,17,1,,,,
multi_tile,3,306,7,bt,7,0,14528,16,18325,18325,18326,,,,18361,18328,18343,16,1:15,18344,18359,16,1:15,18345,18360,16,1:15,,,0,,,,0,,,,0,,,,0,,1,2,15,17,1,,,,
multi_tile,3,307,7,bt,7,16,14656,16,18364,18364,18365,,,,18400,18367,18382,16,1:15,18383,18398,16,1:15,18384,18399,16,1:15,,,0,,,,0,,,,0,,,,0,,1,2,15,17,1,,,,
multi_tile,3,308,7,c,0,0,19328,4,19494,19494,,19515,19514,19520,19521,,,0,,,,0,,,,0,,19496,19511,4,5:3,19498,19513,4,5:3,19499,19514,4,5:3,19515,19518,4,1:3,,,,,,20,4,2,1
multi_tile,3,309,7,c,1,0,19520,4,19524,19524,,19545,19544,19550,19551,,,0,,,,0,,,,0,,19526,19541,4,5:3,19528,19543,4,5:3,19529,19544,4,5:3,19545,19548,4,1:3,,,,,,20,4,2,1
multi_tile,3,310,7,c,2,0,19712,4,19554,19554,,19575,19574,19580,19581,,,0,,,,0,,,,0,,19556,19571,4,5:3,19558,19573,4,5:3,19559,19574,4,5:3,19575,19578,4,1:3,,,,,,20,4,2,1
multi_tile,3,311,7,c,3,0,19904,4,19584,19584,,19605,19604,19610,19611,,,0,,,,0,,,,0,,19586,19601,4,5:3,19588,19603,4,5:3,19589,19604,4,5:3,19605,19608,4,1:3,,,,,,20,4,2,1
multi_tile,3,312,7,c,4,0,20096,4,19614,19614,,19635,19634,19640,19641,,,0,,,,0,,,,0,,19616,19631,4,5:3,19618,19633,4,5:3,19619,19634,4,5:3,19635,19638,4,1:3,,,,,,20,4,2,1
multi_tile,3,313,7,c,5,0,20288,4,19644,19644,,19665,19664,19670,19671,,,0,,,,0,,,,0,,19646,19661,4,5:3,19648,19663,4,5:3,19649,19664,4,5:3,19665,19668,4,1:3,,,,,,20,4,2,1
multi_tile,3,314,7,c,6,0,20480,4,19674,19674,,19695,19694,19700,19701,,,0,,,,0,,,,0,,19676,19691,4,5:3,19678,19693,4,5:3,19679,19694,4,5:3,19695,19698,4,1:3,,,,,,20,4,2,1
multi_tile,3,315,7,c,7,0,20672,4,19704,19704,,19725,19724,19730,19731,,,0,,,,0,,,,0,,19706,19721,4,5:3,19708,19723,4,5:3,19709,19724,4,5:3,19725,19728,4,1:3,,,,,,20,4,2,1
multi_tile,3,316,8,a,0,0,2112,16,19740,19740,19741,,,,19776,19743,19758,16,1:15,19759,19774,16,1:15,19760,19775,16,1:15,,,0,,,,0,,,,0,,,,0,,1,2,15,17,1,,,,
multi_tile,3,317,8,a,0,16,2240,16,19779,19779,19780,,,,19815,19782,19797,16,1:15,19798,19813,16,1:15,19799,19814,16,1:15,,,0,,,,0,,,,0,,,,0,,1,2,15,17,1,,,,
multi_tile,3,318,8,a,1,0,2368,16,19818,19818,19819,,,,19854,19821,19836,16,1:15,19837,19852,16,1:15,19838,19853,16,1:15,,,0,,,,0,,,,0,,,,0,,1,2,15,17,1,,,,
multi_tile,3,319,8,a,1,16,2496,16,19857,19857,19858,,,,19893,19860,19875,16,1:15,19876,19891,16,1:15,19877,19892,16,1:15,,,0,,,,0,,,,0,,,,0,,1,2,15,17,1,,,,
multi_tile,3,320,8,a,2,0,2624,16,19896,19896,19897,,,,19932,19899,19914,16,1:15,19915,19930,16,1:15,19916,19931,16,1:15,,,0,,,,0,,,,0,,,,0,,1,2,15,17,1,,,,
multi_tile,3,321,8,a,2,16,2752,16,19935,19935,19936,,,,19971,19938,19953,16,1:15,19954,19969,16,1:15,19955,19970,16,1:15,,,0,,,,0,,,,0,,,,0,,1,2,15,17,1,,,,
multi_tile,3,322,8,a,3,0,2880,16,19974,19974,19975,,,,20010,19977,19992,16,1:15,19993,20008,16,1:15,19994,20009,16,1:15,,,0,,,,0,,,,0,,,,0,,1,2,15,17,1,,,,
multi_tile,3,323,8,a,3,16,3008,16,20013,20013,20014,,,,20049,20016,20031,16,1:15,20032,20047,16,1:15,20033,20048,16,1:15,,,0,,,,0,,,,0,,,,0,,1,2,15,17,1,,,,
multi_tile,3,324,8,a,4,0,3136,16,20052,20052,20053,,,,20088,20055,20070,16,1:15,20071,20086,16,1:15,20072,20087,16,1:15,,,0,,,,0,,,,0,,,,0,,1,2,15,17,1,,,,
multi_tile,3,325,8,a,4,16,3264,16,20091,20091,20092,,,,20127,20094,20109,16,1:15,20110,20125,16,1:15,20111,20126,16,1:15,,,0,,,,0,,,,0,,,,0,,1,2,15,17,1,,,,
multi_tile,3,326,8,a,5,0,3392,16,20130,20130,20131,,,,20166,20133,20148,16,1:15,20149,20164,16,1:15,20150,20165,16,1:15,,,0,,,,0,,,,0,,,,0,,1,2,15,17,1,,,,
multi_tile,3,327,8,a,5,16,3520,16,20169,20169,20170,,,,20205,20172,20187,16,1:15,20188,20203,16,1:15,20189,20204,16,1:15,,,0,,,,0,,,,0,,,,0,,1,2,15,17,1,,,,
multi_tile,3,328,8,a,6,0,3648,16,20208,20208,20209,,,,20244,20211,20226,16,1:15,20227,20242,16,1:15,20228,20243,16,1:15,,,0,,,,0,,,,0,,,,0,,1,2,15,17,1,,,,
multi_tile,3,329,8,a,6,16,3776,16,20247,20247,20248,,,,20283,20250,20265,16,1:15,20266,20281,16,1:15,20267,20282,16,1:15,,,0,,,,0,,,,0,,,,0,,1,2,15,17,1,,,,
multi_tile,3,330,8,a,7,0,3904,16,20286,20286,20287,,,,20322,20289,20304,16,1:15,20305,20320,16,1:15,20306,20321,16,1:15,,,0,,,,0,,,,0,,,,0,,1,2,15,17,1,,,,
multi_tile,3,331,8,a,7,16,4032,8,20325,20325,20326,,,,20345,20328,20335,8,1:7,20336,20343,8,1:7,20337,20344,8,1:7,,,0,,,,0,,,,0,,,,0,,1,2,7,9,1,,,,
multi_tile,3,332,8,a,7,24,4096,8,20348,20348,20349,,,,20368,20351,20358,8,1:7,20359,20366,8,1:7,20360,20367,8,1:7,,,0,,,,0,,,,0,,,,0,,1,2,7,9,1,,,,
multi_tile,3,333,8,bt,0,0,14784,16,20376,20376,20377,,,,20412,20379,20394,16,1:15,20395,20410,16,1:15,20396,20411,16,1:15,,,0,,,,0,,,,0,,,,0,,1,2,15,17,1,,,,
multi_tile,3,334,8,bt,0,16,14912,16,20415,20415,20416,,,,20451,20418,20433,16,1:15,20434,20449,16,1:15,20435,20450,16,1:15,,,0,,,,0,,,,0,,,,0,,1,2,15,17,1,,,,
multi_tile,3,335,8,bt,1,0,15040,16,20454,20454,20455,,,,20490,20457,20472,16,1:15,20473,20488,16,1:15,20474,20489,16,1:15,,,0,,,,0,,,,0,,,,0,,1,2,15,17,1,,,,
multi_tile,3,336,8,bt,1,16,15168,16,20493,20493,20494,,,,20529,20496,20511,16,1:15,20512,20527,16,1:15,20513,20528,16,1:15,,,0,,,,0,,,,0,,,,0,,1,2,15,17,1,,,,
multi_tile,3,337,8,bt,2,0,15296,16,20532,20532,20533,,,,20568,20535,20550,16,1:15,20551,20566,16,1:15,20552,20567,16,1:15,,,0,,,,0,,,,0,,,,0,,1,2,15,17,1,,,,
multi_tile,3,338,8,bt,2,16,15424,16,20571,20571,20572,,,,20607,20574,20589,16,1:15,20590,20605,16,1:15,20591,20606,16,1:15,,,0,,,,0,,,,0,,,,0,,1,2,15,17,1,,,,
multi_tile,3,339,8,bt,3,0,15552,16,20610,20610,20611,,,,20646,20613,20628,16,1:15,20629,20644,16,1:15,20630,20645,16,1:15,,,0,,,,0,,,,0,,,,0,,1,2,15,17,1,,,,
multi_tile,3,340,8,bt,3,16,15680,16,20649,20649,20650,,,,20685,20652,20667,16,1:15,20668,20683,16,1:15,20669,20684,16,1:15,,,0,,,,0,,,,0,,,,0,,1,2,15,17,1,,,,
multi_tile,3,341,8,bt,4,0,15808,16,20688,20688,20689,,,,20724,20691,20706,16,1:15,20707,20722,16,1:15,20708,20723,16,1:15,,,0,,,,0,,,,0,,,,0,,1,2,15,17,1,,,,
multi_tile,3,342,8,bt,4,16,15936,16,20727,20727,20728,,,,20763,20730,20745,16,1:15,20746,20761,16,1:15,20747,20762,16,1:15,,,0,,,,0,,,,0,,,,0,,1,2,15,17,1,,,,
multi_tile,3,343,8,bt,5,0,16064,16,20766,20766,20767,,,,20802,20769,20784,16,1:15,20785,20800,16,1:15,20786,20801,16,1:15,,,0,,,,0,,,,0,,,,0,,1,2,15,17,1,,,,
multi_tile,3,344,8,bt,5,16,16192,16,20805,20805,20806,,,,20841,20808,20823,16,1:15,20824,20839,16,1:15,20825,20840,16,1:15,,,0,,,,0,,,,0,,,,0,,1,2,15,17,1,,,,
multi_tile,3,345,8,bt,6,0,16320,8,20844,20844,20845,,,,20864,20847,20854,8,1:7,20855,20862,8,1:7,20856,20863,8,1:7,,,0,,,,0,,,,0,,,,0,,1,2,7,9,1,,,,
multi_tile,3,346,8,bt,6,8,16384,16,20867,20867,20868,,,,20903,20870,20885,16,1:15,20886,20901,16,1:15,20887,20902,16,1:15,,,0,,,,0,,,,0,,,,0,,1,2,15,17,1,,,,
multi_tile,3,347,8,bt,6,24,16512,8,20906,20906,20907,,,,20926,20909,20916,8,1:7,20917,20924,8,1:7,20918,20925,8,1:7,,,0,,,,0,,,,0,,,,0,,1,2,7,9,1,,,,
multi_tile,3,348,8,bt,7,0,16576,16,20929,20929,20930,,,,20965,20932,20947,16,1:15,20948,20963,16,1:15,20949,20964,16,1:15,,,0,,,,0,,,,0,,,,0,,1,2,15,17,1,,,,
multi_tile,3,349,8,bt,7,16,16704,16,20968,20968,20969,,,,21004,20971,20986,16,1:15,20987,21002,16,1:15,20988,21003,16,1:15,,,0,,,,0,,,,0,,,,0,,1,2,15,17,1,,,,
multi_tile,3,350,8,c,0,0,19360,4,22098,22098,,22119,22118,22124,22125,,,0,,,,0,,,,0,,22100,22115,4,5:3,22102,22117,4,5:3,22103,22118,4,5:3,22119,22122,4,1:3,,,,,,20,4,2,1
multi_tile,3,351,8,c,1,0,19552,4,22128,22128,,22149,22148,22154,22155,,,0,,,,0,,,,0,,22130,22145,4,5:3,22132,22147,4,5:3,22133,22148,4,5:3,22149,22152,4,1:3,,,,,,20,4,2,1
multi_tile,3,352,8,c,2,0,19744,4,22158,22158,,22179,22178,22184,22185,,,0,,,,0,,,,0,,22160,22175,4,5:3,22162,22177,4,5:3,22163,22178,4,5:3,22179,22182,4,1:3,,,,,,20,4,2,1
multi_tile,3,353,8,c,3,0,19936,4,22188,22188,,22209,22208,22214,22215,,,0,,,,0,,,,0,,22190,22205,4,5:3,22192,22207,4,5:3,22193,22208,4,5:3,22209,22212,4,1:3,,,,,,20,4,2,1
multi_tile,3,354,8,c,4,0,20128,4,22218,22218,,22239,22238,22244,22245,,,0,,,,0,,,,0,,22220,22235,4,5:3,22222,22237,4,5:3,22223,22238,4,5:3,22239,22242,4,1:3,,,,,,20,4,2,1
multi_tile,3,355,8,c,5,0,20320,4,22248,22248,,22269,22268,22274,22275,,,0,,,,0,,,,0,,22250,22265,4,5:3,22252,22267,4,5:3,22253,22268,4,5:3,22269,22272,4,1:3,,,,,,20,4,2,1
multi_tile,3,356,8,c,6,0,20512,4,22278,22278,,22299,22298,22304,22305,,,0,,,,0,,,,0,,22280,22295,4,5:3,22282,22297,4,5:3,22283,22298,4,5:3,22299,22302,4,1:3,,,,,,20,4,2,1
multi_tile,3,357,8,c,7,0,20704,4,22308,22308,,22329,22328,22334,22335,,,0,,,,0,,,,0,,22310,22325,4,5:3,22312,22327,4,5:3,22313,22328,4,5:3,22329,22332,4,1:3,,,,,,20,4,2,1
multi_tile,3,358,9,a,0,0,2112,16,22344,22344,22345,,,,22380,22347,22362,16,1:15,22363,22378,16,1:15,22364,22379,16,1:15,,,0,,,,0,,,,0,,,,0,,1,2,15,17,1,,,,
multi_tile,3,359,9,a,0,16,2240,16,22383,22383,22384,,,,22419,22386,22401,16,1:15,22402,22417,16,1:15,22403,22418,16,1:15,,,0,,,,0,,,,0,,,,0,,1,2,15,17,1,,,,
multi_tile,3,360,9,a,1,0,2368,16,22422,22422,22423,,,,22458,22425,22440,16,1:15,22441,22456,16,1:15,22442,22457,16,1:15,,,0,,,,0,,,,0,,,,0,,1,2,15,17,1,,,,
multi_tile,3,361,9,a,1,16,2496,16,22461,22461,22462,,,,22497,22464,22479,16,1:15,22480,22495,16,1:15,22481,22496,16,1:15,,,0,,,,0,,,,0,,,,0,,1,2,15,17,1,,,,
multi_tile,3,362,9,a,2,0,2624,16,22500,22500,22501,,,,22536,22503,22518,16,1:15,22519,22534,16,1:15,22520,22535,16,1:15,,,0,,,,0,,,,0,,,,0,,1,2,15,17,1,,,,
multi_tile,3,363,9,a,2,16,2752,16,22539,22539,22540,,,,22575,22542,22557,16,1:15,22558,22573,16,1:15,22559,22574,16,1:15,,,0,,,,0,,,,0,,,,0,,1,2,15,17,1,,,,
multi_tile,3,364,9,a,3,0,2880,16,22578,22578,22579,,,,22614,22581,22596,16,1:15,22597,22612,16,1:15,22598,22613,16,1:15,,,0,,,,0,,,,0,,,,0,,1,2,15,17,1,,,,
multi_tile,3,365,9,a,3,16,3008,16,22617,22617,22618,,,,22653,22620,22635,16,1:15,22636,22651,16,1:15,22637,22652,16,1:15,,,0,,,,0,,,,0,,,,0,,1,2,15,17,1,,,,
multi_tile,3,366,9,a,4,0,3136,16,22656,22656,22657,,,,22692,22659,22674,16,1:15,22675,22690,16,1:15,22676,22691,16,1:15,,,0,,,,0,,,,0,,,,0,,1,2,15,17,1,,,,
multi_tile,3,367,9,a,4,16,3264,16,22695,22695,22696,,,,22731,22698,22713,16,1:15,22714,22729,16,1:15,22715,22730,16,1:15,,,0,,,,0,,,,0,,,,0,,1,2,15,17,1,,,,
multi_tile,3,368,9,a,5,0,3392,16,22734,22734,22735,,,,22770,22737,22752,16,1:15,22753,22768,16,1:15,22754,22769,16,1:15,,,0,,,,0,,,,0,,,,0,,1,2,15,17,1,,,,
multi_tile,3,369,9,a,5,16,3520,16,22773,22773,22774,,,,22809,22776,22791,16,1:15,22792,22807,16,1:15,22793,22808,16,1:15,,,0,,,,0,,,,0,,,,0,,1,2,15,17,1,,,,
multi_tile,3,370,9,a,6,0,3648,16,22812,22812,22813,,,,22848,22815,22830,16,1:15,22831,22846,16,1:15,22832,22847,16,1:15,,,0,,,,0,,,,0,,,,0,,1,2,15,17,1,,,,
multi_tile,3,371,9,a,6,16,3776,16,22851,22851,22852,,,,22887,22854,22869,16,1:15,22870,22885,16,1:15,22871,22886,16,1:15,,,0,,,,0,,,,0,,,,0,,1,2,15,17,1,,,,
multi_tile,3,372,9,a,7,0,3904,16,22890,22890,22891,,,,22926,22893,22908,16,1:15,22909,22924,16,1:15,22910,22925,16,1:15,,,0,,,,0,,,,0,,,,0,,1,2,15,17,1,,,,
multi_tile,3,373,9,a,7,16,4032,8,22929,22929,22930,,,,22949,22932,22939,8,1:7,22940,22947,8,1:7,22941,22948,8,1:7,,,0,,,,0,,,,0,,,,0,,1,2,7,9,1,,,,
multi_tile,3,374,9,a,7,24,4096,8,22952,22952,22953,,,,22972,22955,22962,8,1:7,22963,22970,8,1:7,22964,22971,8,1:7,,,0,,,,0,,,,0,,,,0,,1,2,7,9,1,,,,
multi_tile,3,375,9,bt,0,0,16832,16,22980,22980,22981,,,,23016,22983,22998,16,1:15,22999,23014,16,1:15,23000,23015,16,1:15,,,0,,,,0,,,,0,,,,0,,1,2,15,17,1,,,,
multi_tile,3,376,9,bt,0,16,16960,16,23019,23019,23020,,,,23055,23022,23037,16,1:15,23038,23053,16,1:15,23039,23054,16,1:15,,,0,,,,0,,,,0,,,,0,,1,2,15,17,1,,,,
multi_tile,3,377,9,bt,1,0,17088,16,23058,23058,23059,,,,23094,23061,23076,16,1:15,23077,23092,16,1:15,23078,23093,16,1:15,,,0,,,,0,,,,0,,,,0,,1,2,15,17,1,,,,
multi_tile,3,378,9,bt,1,16,17216,16,23097,23097,23098,,,,23133,23100,23115,16,1:15,23116,23131,16,1:15,23117,23132,16,1:15,,,0,,,,0,,,,0,,,,0,,1,2,15,17,1,,,,
multi_tile,3,379,9,bt,2,0,17344,16,23136,23136,23137,,,,23172,23139,23154,16,1:15,23155,23170,16,1:15,23156,23171,16,1:15,,,0,,,,0,,,,0,,,,0,,1,2,15,17,1,,,,
multi_tile,3,380,9,bt,2,16,17472,16,23175,23175,23176,,,,23211,23178,23193,16,1:15,23194,23209,16,1:15,23195,23210,16,1:15,,,0,,,,0,,,,0,,,,0,,1,2,15,17,1,,,,
multi_tile,3,381,9,c,0,0,19392,2,23763,23763,,23774,23773,23777,23778,,,0,,,,0,,,,0,,23765,23770,2,5:1,23767,23772,2,5:1,23768,23773,2,5:1,23774,23775,2,1:1,,,,,,10,2,2,1
multi_tile,3,382,9,c,1,0,19584,2,23781,23781,,23792,23791,23795,23796,,,0,,,,0,,,,0,,23783,23788,2,5:1,23785,23790,2,5:1,23786,23791,2,5:1,23792,23793,2,1:1,,,,,,10,2,2,1
multi_tile,3,383,9,c,2,0,19776,2,23799,23799,,23810,23809,23813,23814,,,0,,,,0,,,,0,,23801,23806,2,5:1,23803,23808,2,5:1,23804,23809,2,5:1,23810,23811,2,1:1,,,,,,10,2,2,1
multi_tile,3,384,9,c,3,0,19968,2,23817,23817,,23828,23827,23831,23832,,,0,,,,0,,,,0,,23819,23824,2,5:1,23821,23826,2,5:1,23822,23827,2,5:1,23828,23829,2,1:1,,,,,,10,2,2,1
multi_tile,3,385,9,c,4,0,20160,2,23835,23835,,23846,23845,23849,23850,,,0,,,,0,,,,0,,23837,23842,2,5:1,23839,23844,2,5:1,23840,23845,2,5:1,23846,23847,2,1:1,,,,,,10,2,2,1
multi_tile,3,386,9,c,5,0,20352,2,23853,23853,,23864,23863,23867,23868,,,0,,,,0,,,,0,,23855,23860,2,5:1,23857,23862,2,5:1,23858,23863,2,5:1,23864,23865,2,1:1,,,,,,10,2,2,1
multi_tile,3,387,9,c,6,0,20544,2,23871,23871,,23882,23881,23885,23886,,,0,,,,0,,,,0,,23873,23878,2,5:1,23875,23880,2,5:1,23876,23881,2,5:1,23882,23883,2,1:1,,,,,,10,2,2,1
multi_tile,3,388,9,c,7,0,20736,2,23889,23889,,23900,23899,23903,23904,,,0,,,,0,,,,0,,23891,23896,2,5:1,23893,23898,2,5:1,23894,23899,2,5:1,23900,23901,2,1:1,,,,,,10,2,2,1
multi_tile,3,389,10,a,0,0,4160,16,23913,23913,23914,,,,23949,23916,23931,16,1:15,23932,23947,16,1:15,23933,23948,16,1:15,,,0,,,,0,,,,0,,,,0,,1,2,15,17,1,,,,
multi_tile,3,390,10,a,0,16,4288,16,23952,23952,23953,,,,23988,23955,23970,16,1:15,23971,23986,16,1:15,23972,23987,16,1:15,,,0,,,,0,,,,0,,,,0,,1,2,15,17,1,,,,
multi_tile,3,391,10,a,1,0,4416,16,23991,23991,23992,,,,24027,23994,24009,16,1:15,24010,24025,16,1:15,24011,24026,16,1:15,,,0,,,,0,,,,0,,,,0,,1,2,15,17,1,,,,
multi_tile,3,392,10,a,1,16,4544,16,24030,24030,24031,,,,24066,24033,24048,16,1:15,24049,24064,16,1:15,24050,24065,16,1:15,,,0,,,,0,,,,0,,,,0,,1,2,15,17,1,,,,
multi_tile,3,393,10,a,2,0,4672,16,24069,24069,24070,,,,24105,24072,24087,16,1:15,24088,24103,16,1:15,24089,24104,16,1:15,,,0,,,,0,,,,0,,,,0,,1,2,15,17,1,,,,
multi_tile,3,394,10,a,2,16,4800,16,24108,24108,24109,,,,24144,24111,24126,16,1:15,24127,24142,16,1:15,24128,24143,16,1:15,,,0,,,,0,,,,0,,,,0,,1,2,15,17,1,,,,
multi_tile,3,395,10,a,3,0,4928,16,24147,24147,24148,,,,24183,24150,24165,16,1:15,24166,24181,16,1:15,24167,24182,16,1:15,,,0,,,,0,,,,0,,,,0,,1,2,15,17,1,,,,
multi_tile,3,396,10,a,3,16,5056,16,24186,24186,24187,,,,24222,24189,24204,16,1:15,24205,24220,16,1:15,24206,24221,16,1:15,,,0,,,,0,,,,0,,,,0,,1,2,15,17,1,,,,
multi_tile,3,397,10,a,4,0,5184,16,24225,24225,24226,,,,24261,24228,24243,16,1:15,24244,24259,16,1:15,24245,24260,16,1:15,,,0,,,,0,,,,0,,,,0,,1,2,15,17,1,,,,
multi_tile,3,398,10,a,4,16,5312,16,24264,24264,24265,,,,24300,24267,24282,16,1:15,24283,24298,16,1:15,24284,24299,16,1:15,,,0,,,,0,,,,0,,,,0,,1,2,15,17,1,,,,
multi_tile,3,399,10,a,5,0,5440,16,24303,24303,24304,,,,24339,24306,24321,16,1:15,24322,24337,16,1:15,24323,24338,16,1:15,,,0,,,,0,,,,0,,,,0,,1,2,15,17,1,,,,
multi_tile,3,400,10,a,5,16,5568,16,24342,24342,24343,,,,24378,24345,24360,16,1:15,24361,24376,16,1:15,24362,24377,16,1:15,,,0,,,,0,,,,0,,,,0,,1,2,15,17,1,,,,
multi_tile,3,401,10,a,6,0,5696,16,24381,24381,24382,,,,24417,24384,24399,16,1:15,24400,24415,16,1:15,24401,24416,16,1:15,,,0,,,,0,,,,0,,,,0,,1,2,15,17,1,,,,
multi_tile,3,402,10,a,6,16,5824,16,24420,24420,24421,,,,24456,24423,24438,16,1:15,24439,24454,16,1:15,24440,24455,16,1:15,,,0,,,,0,,,,0,,,,0,,1,2,15,17,1,,,,
multi_tile,3,403,10,a,7,0,5952,16,24459,24459,24460,,,,24495,24462,24477,16,1:15,24478,24493,16,1:15,24479,24494,16,1:15,,,0,,,,0,,,,0,,,,0,,1,2,15,17,1,,,,
multi_tile,3,404,10,a,7,16,6080,16,24498,24498,24499,,,,24534,24501,24516,16,1:15,24517,24532,16,1:15,24518,24533,16,1:15,,,0,,,,0,,,,0,,,,0,,1,2,15,17,1,,,,
multi_tile,3,405,10,bt,0,0,8640,16,24542,24542,24543,,,,24578,24545,24560,16,1:15,24561,24576,16,1:15,24562,24577,16,1:15,,,0,,,,0,,,,0,,,,0,,1,2,15,17,1,,,,
multi_tile,3,406,10,bt,0,16,8768,16,24581,24581,24582,,,,24617,24584,24599,16,1:15,24600,24615,16,1:15,24601,24616,16,1:15,,,0,,,,0,,,,0,,,,0,,1,2,15,17,1,,,,
multi_tile,3,407,10,bt,1,0,8896,16,24620,24620,24621,,,,24656,24623,24638,16,1:15,24639,24654,16,1:15,24640,24655,16,1:15,,,0,,,,0,,,,0,,,,0,,1,2,15,17,1,,,,
multi_tile,3,408,10,bt,1,16,9024,16,24659,24659,24660,,,,24695,24662,24677,16,1:15,24678,24693,16,1:15,24679,24694,16,1:15,,,0,,,,0,,,,0,,,,0,,1,2,15,17,1,,,,
multi_tile,3,409,10,bt,2,0,9152,16,24698,24698,24699,,,,24734,24701,24716,16,1:15,24717,24732,16,1:15,24718,24733,16,1:15,,,0,,,,0,,,,0,,,,0,,1,2,15,17,1,,,,
multi_tile,3,410,10,bt,2,16,9280,16,24737,24737,24738,,,,24773,24740,24755,16,1:15,24756,24771,16,1:15,24757,24772,16,1:15,,,0,,,,0,,,,0,,,,0,,1,2,15,17,1,,,,
multi_tile,3,411,10,bt,3,0,9408,16,24776,24776,24777,,,,24812,24779,24794,16,1:15,24795,24810,16,1:15,24796,24811,16,1:15,,,0,,,,0,,,,0,,,,0,,1,2,15,17,1,,,,
multi_tile,3,412,10,bt,3,16,9536,16,24815,24815,24816,,,,24851,24818,24833,16,1:15,24834,24849,16,1:15,24835,24850,16,1:15,,,0,,,,0,,,,0,,,,0,,1,2,15,17,1,,,,
multi_tile,3,413,10,bt,4,0,9664,16,24854,24854,24855,,,,24890,24857,24872,16,1:15,24873,24888,16,1:15,24874,24889,16,1:15,,,0,,,,0,,,,0,,,,0,,1,2,15,17,1,,,,
multi_tile,3,414,10,bt,4,16,9792,16,24893,24893,24894,,,,24929,24896,24911,16,1:15,24912,24927,16,1:15,24913,24928,16,1:15,,,0,,,,0,,,,0,,,,0,,1,2,15,17,1,,,,
multi_tile,3,415,10,bt,5,0,9920,16,24932,24932,24933,,,,24968,24935,24950,16,1:15,24951,24966,16,1:15,24952,24967,16,1:15,,,0,,,,0,,,,0,,,,0,,1,2,15,17,1,,,,
multi_tile,3,416,10,bt,5,16,10048,16,24971,24971,24972,,,,25007,24974,24989,16,1:15,24990,25005,16,1:15,24991,25006,16,1:15,,,0,,,,0,,,,0,,,,0,,1,2,15,17,1,,,,
multi_tile,3,417,10,bt,6,0,10176,16,25010,25010,25011,,,,25046,25013,25028,16,1:15,25029,25044,16,1:15,25030,25045,16,1:15,,,0,,,,0,,,,0,,,,0,,1,2,15,17,1,,,,
multi_tile,3,418,10,bt,6,16,10304,16,25049,25049,25050,,,,25085,25052,25067,16,1:15,25068,25083,16,1:15,25069,25084,16,1:15,,,0,,,,0,,,,0,,,,0,,1,2,15,17,1,,,,
multi_tile,3,419,10,bt,7,0,10432,16,25088,25088,25089,,,,25124,25091,25106,16,1:15,25107,25122,16,1:15,25108,25123,16,1:15,,,0,,,,0,,,,0,,,,0,,1,2,15,17,1,,,,
multi_tile,3,420,10,bt,7,16,10560,16,25127,25127,25128,,,,25163,25130,25145,16,1:15,25146,25161,16,1:15,25147,25162,16,1:15,,,0,,,,0,,,,0,,,,0,,1,2,15,17,1,,,,
multi_tile,3,421,10,c,0,0,20800,4,26257,26257,,26278,26277,26283,26284,,,0,,,,0,,,,0,,26259,26274,4,5:3,26261,26276,4,5:3,26262,26277,4,5:3,26278,26281,4,1:3,,,,,,20,4,2,1
multi_tile,3,422,10,c,1,0,20992,4,26287,26287,,26308,26307,26313,26314,,,0,,,,0,,,,0,,26289,26304,4,5:3,26291,26306,4,5:3,26292,26307,4,5:3,26308,26311,4,1:3,,,,,,20,4,2,1
multi_tile,3,423,10,c,2,0,21184,4,26317,26317,,26338,26337,26343,26344,,,0,,,,0,,,,0,,26319,26334,4,5:3,26321,26336,4,5:3,26322,26337,4,5:3,26338,26341,4,1:3,,,,,,20,4,2,1
multi_tile,3,424,10,c,3,0,21376,4,26347,26347,,26368,26367,26373,26374,,,0,,,,0,,,,0,,26349,26364,4,5:3,26351,26366,4,5:3,26352,26367,4,5:3,26368,26371,4,1:3,,,,,,20,4,2,1
multi_tile,3,425,10,c,4,0,21568,4,26377,26377,,26398,26397,26403,26404,,,0,,,,0,,,,0,,26379,26394,4,5:3,26381,26396,4,5:3,26382,26397,4,5:3,26398,26401,4,1:3,,,,,,20,4,2,1
multi_tile,3,426,10,c,5,0,21760,4,26407,26407,,26428,26427,26433,26434,,,0,,,,0,,,,0,,26409,26424,4,5:3,26411,26426,4,5:3,26412,26427,4,5:3,26428,26431,4,1:3,,,,,,20,4,2,1
multi_tile,3,427,10,c,6,0,21952,4,26437,26437,,26458,26457,26463,26464,,,0,,,,0,,,,0,,26439,26454,4,5:3,26441,26456,4,5:3,26442,26457,4,5:3,26458,26461,4,1:3,,,,,,20,4,2,1
multi_tile,3,428,10,c,7,0,22144,4,26467,26467,,26488,26487,26493,26494,,,0,,,,0,,,,0,,26469,26484,4,5:3,26471,26486,4,5:3,26472,26487,4,5:3,26488,26491,4,1:3,,,,,,20,4,2,1
multi_tile,3,429,11,a,0,0,4160,16,26503,26503,26504,,,,26539,26506,26521,16,1:15,26522,26537,16,1:15,26523,26538,16,1:15,,,0,,,,0,,,,0,,,,0,,1,2,15,17,1,,,,
multi_tile,3,430,11,a,0,16,4288,16,26542,26542,26543,,,,26578,26545,26560,16,1:15,26561,26576,16,1:15,26562,26577,16,1:15,,,0,,,,0,,,,0,,,,0,,1,2,15,17,1,,,,
multi_tile,3,431,11,a,1,0,4416,16,26581,26581,26582,,,,26617,26584,26599,16,1:15,26600,26615,16,1:15,26601,26616,16,1:15,,,0,,,,0,,,,0,,,,0,,1,2,15,17,1,,,,
multi_tile,3,432,11,a,1,16,4544,16,26620,26620,26621,,,,26656,26623,26638,16,1:15,26639,26654,16,1:15,26640,26655,16,1:15,,,0,,,,0,,,,0,,,,0,,1,2,15,17,1,,,,
multi_tile,3,433,11,a,2,0,4672,16,26659,26659,26660,,,,26695,26662,26677,16,1:15,26678,26693,16,1:15,26679,26694,16,1:15,,,0,,,,0,,,,0,,,,0,,1,2,15,17,1,,,,
multi_tile,3,434,11,a,2,16,4800,16,26698,26698,26699,,,,26734,26701,26716,16,1:15,26717,26732,16,1:15,26718,26733,16,1:15,,,0,,,,0,,,,0,,,,0,,1,2,15,17,1,,,,
multi_tile,3,435,11,a,3,0,4928,16,26737,26737,26738,,,,26773,26740,26755,16,1:15,26756,26771,16,1:15,26757,26772,16,1:15,,,0,,,,0,,,,0,,,,0,,1,2,15,17,1,,,,
multi_tile,3,436,11,a,3,16,5056,16,26776,26776,26777,,,,26812,26779,26794,16,1:15,26795,26810,16,1:15,26796,26811,16,1:15,,,0,,,,0,,,,0,,,,0,,1,2,15,17,1,,,,
multi_tile,3,437,11,a,4,0,5184,16,26815,26815,26816,,,,26851,26818,26833,16,1:15,26834,26849,16,1:15,26835,26850,16,1:15,,,0,,,,0,,,,0,,,,0,,1,2,15,17,1,,,,
multi_tile,3,438,11,a,4,16,5312,16,26854,26854,26855,,,,26890,26857,26872,16,1:15,26873,26888,16,1:15,26874,26889,16,1:15,,,0,,,,0,,,,0,,,,0,,1,2,15,17,1,,,,
multi_tile,3,439,11,a,5,0,5440,16,26893,26893,26894,,,,26929,26896,26911,16,1:15,26912,26927,16,1:15,26913,26928,16,1:15,,,0,,,,0,,,,0,,,,0,,1,2,15,17,1,,,,
multi_tile,3,440,11,a,5,16,5568,16,26932,26932,26933,,,,26968,26935,26950,16,1:15,26951,26966,16,1:15,26952,26967,16,1:15,,,0,,,,0,,,,0,,,,0,,1,2,15,17,1,,,,
multi_tile,3,441,11,a,6,0,5696,16,26971,26971,26972,,,,27007,26974,26989,16,1:15,26990,27005,16,1:15,26991,27006,16,1:15,,,0,,,,0,,,,0,,,,0,,1,2,15,17,1,,,,
multi_tile,3,442,11,a,6,16,5824,16,27010,27010,27011,,,,27046,27013,27028,16,1:15,27029,27044,16,1:15,27030,27045,16,1:15,,,0,,,,0,,,,0,,,,0,,1,2,15,17,1,,,,
multi_tile,3,443,11,a,7,0,5952,16,27049,27049,27050,,,,27085,27052,27067,16,1:15,27068,27083,16,1:15,27069,27084,16,1:15,,,0,,,,0,,,,0,,,,0,,1,2,15,17,1,,,,
multi_tile,3,444,11,a,7,16,6080,16,27088,27088,27089,,,,27124,27091,27106,16,1:15,27107,27122,16,1:15,27108,27123,16,1:15,,,0,,,,0,,,,0,,,,0,,1,2,15,17,1,,,,
multi_tile,3,445,11,bt,0,0,10688,16,27132,27132,27133,,,,27168,27135,27150,16,1:15,27151,27166,16,1:15,27152,27167,16,1:15,,,0,,,,0,,,,0,,,,0,,1,2,15,17,1,,,,
multi_tile,3,446,11,bt,0,16,10816,16,27171,27171,27172,,,,27207,27174,27189,16,1:15,27190,27205,16,1:15,27191,27206,16,1:15,,,0,,,,0,,,,0,,,,0,,1,2,15,17,1,,,,
multi_tile,3,447,11,bt,1,0,10944,16,27210,27210,27211,,,,27246,27213,27228,16,1:15,27229,27244,16,1:15,27230,27245,16,1:15,,,0,,,,0,,,,0,,,,0,,1,2,15,17,1,,,,
multi_tile,3,448,11,bt,1,16,11072,16,27249,27249,27250,,,,27285,27252,27267,16,1:15,27268,27283,16,1:15,27269,27284,16,1:15,,,0,,,,0,,,,0,,,,0,,1,2,15,17,1,,,,
multi_tile,3,449,11,bt,2,0,11200,16,27288,27288,27289,,,,27324,27291,27306,16,1:15,27307,27322,16,1:15,27308,27323,16,1:15,,,0,,,,0,,,,0,,,,0,,1,2,15,17,1,,,,
multi_tile,3,450,11,bt,2,16,11328,16,27327,27327,27328,,,,27363,27330,27345,16,1:15,27346,27361,16,1:15,27347,27362,16,1:15,,,0,,,,0,,,,0,,,,0,,1,2,15,17,1,,,,
multi_tile,3,451,11,bt,3,0,11456,16,27366,27366,27367,,,,27402,27369,27384,16,1:15,27385,27400,16,1:15,27386,27401,16,1:15,,,0,,,,0,,,,0,,,,0,,1,2,15,17,1,,,,
multi_tile,3,452,11,bt,3,16,11584,16,27405,27405,27406,,,,27441,27408,27423,16,1:15,27424,27439,16,1:15,27425,27440,16,1:15,,,0,,,,0,,,,0,,,,0,,1,2,15,17,1,,,,
multi_tile,3,453,11,bt,4,0,11712,16,27444,27444,27445,,,,27480,27447,27462,16,1:15,27463,27478,16,1:15,27464,27479,16,1:15,,,0,,,,0,,,,0,,,,0,,1,2,15,17,1,,,,
multi_tile,3,454,11,bt,4,16,11840,16,27483,27483,27484,,,,27519,27486,27501,16,1:15,27502,27517,16,1:15,27503,27518,16,1:15,,,0,,,,0,,,,0,,,,0,,1,2,15,17,1,,,,
multi_tile,3,455,11,bt,5,0,11968,16,27522,27522,27523,,,,27558,27525,27540,16,1:15,27541,27556,16,1:15,27542,27557,16,1:15,,,0,,,,0,,,,0,,,,0,,1,2,15,17,1,,,,
multi_tile,3,456,11,bt,5,16,12096,16,27561,27561,27562,,,,27597,27564,27579,16,1:15,27580,27595,16,1:15,27581,27596,16,1:15,,,0,,,,0,,,,0,,,,0,,1,2,15,17,1,,,,
multi_tile,3,457,11,bt,6,0,12224,8,27600,27600,27601,,,,27620,27603,27610,8,1:7,27611,27618,8,1:7,27612,27619,8,1:7,,,0,,,,0,,,,0,,,,0,,1,2,7,9,1,,,,
multi_tile,3,458,11,bt,6,8,12288,16,27623,27623,27624,,,,27659,27626,27641,16,1:15,27642,27657,16,1:15,27643,27658,16,1:15,,,0,,,,0,,,,0,,,,0,,1,2,15,17,1,,,,
multi_tile,3,459,11,bt,6,24,12416,8,27662,27662,27663,,,,27682,27665,27672,8,1:7,27673,27680,8,1:7,27674,27681,8,1:7,,,0,,,,0,,,,0,,,,0,,1,2,7,9,1,,,,
multi_tile,3,460,11,bt,7,0,12480,16,27685,27685,27686,,,,27721,27688,27703,16,1:15,27704,27719,16,1:15,27705,27720,16,1:15,,,0,,,,0,,,,0,,,,0,,1,2,15,17,1,,,,
multi_tile,3,461,11,bt,7,16,12608,16,27724,27724,27725,,,,27760,27727,27742,16,1:15,27743,27758,16,1:15,27744,27759,16,1:15,,,0,,,,0,,,,0,,,,0,,1,2,15,17,1,,,,
multi_tile,3,462,11,c,0,0,20832,4,28854,28854,,28875,28874,28880,28881,,,0,,,,0,,,,0,,28856,28871,4,5:3,28858,28873,4,5:3,28859,28874,4,5:3,28875,28878,4,1:3,,,,,,20,4,2,1
multi_tile,3,463,11,c,1,0,21024,4,28884,28884,,28905,28904,28910,28911,,,0,,,,0,,,,0,,28886,28901,4,5:3,28888,28903,4,5:3,28889,28904,4,5:3,28905,28908,4,1:3,,,,,,20,4,2,1
multi_tile,3,464,11,c,2,0,21216,4,28914,28914,,28935,28934,28940,28941,,,0,,,,0,,,,0,,28916,28931,4,5:3,28918,28933,4,5:3,28919,28934,4,5:3,28935,28938,4,1:3,,,,,,20,4,2,1
multi_tile,3,465,11,c,3,0,21408,4,28944,28944,,28965,28964,28970,28971,,,0,,,,0,,,,0,,28946,28961,4,5:3,28948,28963,4,5:3,28949,28964,4,5:3,28965,28968,4,1:3,,,,,,20,4,2,1
multi_tile,3,466,11,c,4,0,21600,4,28974,28974,,28995,28994,29000,29001,,,0,,,,0,,,,0,,28976,28991,4,5:3,28978,28993,4,5:3,28979,28994,4,5:3,28995,28998,4,1:3,,,,,,20,4,2,1
multi_tile,3,467,11,c,5,0,21792,4,29004,29004,,29025,29024,29030,29031,,,0,,,,0,,,,0,,29006,29021,4,5:3,29008,29023,4,5:3,29009,29024,4,5:3,29025,29028,4,1:3,,,,,,20,4,2,1
multi_tile,3,468,11,c,6,0,21984,4,29034,29034,,29055,29054,29060,29061,,,0,,,,0,,,,0,,29036,29051,4,5:3,29038,29053,4,5:3,29039,29054,4,5:3,29055,29058,4,1:3,,,,,,20,4,2,1
multi_tile,3,469,11,c,7,0,22176,4,29064,29064,,29085,29084,29090,29091,,,0,,,,0,,,,0,,29066,29081,4,5:3,29068,29083,4,5:3,29069,29084,4,5:3,29085,29088,4,1:3,,,,,,20,4,2,1
multi_tile,3,470,12,a,0,0,4160,16,29100,29100,29101,,,,29136,29103,29118,16,1:15,29119,29134,16,1:15,29120,29135,16,1:15,,,0,,,,0,,,,0,,,,0,,1,2,15,17,1,,,,
multi_tile,3,471,12,a,0,16,4288,16,29139,29139,29140,,,,29175,29142,29157,16,1:15,29158,29173,16,1:15,29159,29174,16,1:15,,,0,,,,0,,,,0,,,,0,,1,2,15,17,1,,,,
multi_tile,3,472,12,a,1,0,4416,16,29178,29178,29179,,,,29214,29181,29196,16,1:15,29197,29212,16,1:15,29198,29213,16,1:15,,,0,,,,0,,,,0,,,,0,,1,2,15,17,1,,,,
multi_tile,3,473,12,a,1,16,4544,16,29217,29217,29218,,,,29253,29220,29235,16,1:15,29236,29251,16,1:15,29237,29252,16,1:15,,,0,,,,0,,,,0,,,,0,,1,2,15,17,1,,,,
multi_tile,3,474,12,a,2,0,4672,16,29256,29256,29257,,,,29292,29259,29274,16,1:15,29275,29290,16,1:15,29276,29291,16,1:15,,,0,,,,0,,,,0,,,,0,,1,2,15,17,1,,,,
multi_tile,3,475,12,a,2,16,4800,16,29295,29295,29296,,,,29331,29298,29313,16,1:15,29314,29329,16,1:15,29315,29330,16,1:15,,,0,,,,0,,,,0,,,,0,,1,2,15,17,1,,,,
multi_tile,3,476,12,a,3,0,4928,16,29334,29334,29335,,,,29370,29337,29352,16,1:15,29353,29368,16,1:15,29354,29369,16,1:15,,,0,,,,0,,,,0,,,,0,,1,2,15,17,1,,,,
multi_tile,3,477,12,a,3,16,5056,16,29373,29373,29374,,,,29409,29376,29391,16,1:15,29392,29407,16,1:15,29393,29408,16,1:15,,,0,,,,0,,,,0,,,,0,,1,2,15,17,1,,,,
multi_tile,3,478,12,a,4,0,5184,16,29412,29412,29413,,,,29448,29415,29430,16,1:15,29431,29446,16,1:15,29432,29447,16,1:15,,,0,,,,0,,,,0,,,,0,,1,2,15,17,1,,,,
multi_tile,3,479,12,a,4,16,5312,16,29451,29451,29452,,,,29487,29454,29469,16,1:15,29470,29485,16,1:15,29471,29486,16,1:15,,,0,,,,0,,,,0,,,,0,,1,2,15,17,1,,,,
multi_tile,3,480,12,a,5,0,5440,16,29490,29490,29491,,,,29526,29493,29508,16,1:15,29509,29524,16,1:15,29510,29525,16,1:15,,,0,,,,0,,,,0,,,,0,,1,2,15,17,1,,,,
multi_tile,3,481,12,a,5,16,5568,16,29529,29529,29530,,,,29565,29532,29547,16,1:15,29548,29563,16,1:15,29549,29564,16,1:15,,,0,,,,0,,,,0,,,,0,,1,2,15,17,1,,,,
multi_tile,3,482,12,a,6,0,5696,16,29568,29568,29569,,,,29604,29571,29586,16,1:15,29587,29602,16,1:15,29588,29603,16,1:15,,,0,,,,0,,,,0,,,,0,,1,2,15,17,1,,,,
multi_tile,3,483,12,a,6,16,5824,16,29607,29607,29608,,,,29643,29610,29625,16,1:15,29626,29641,16,1:15,29627,29642,16,1:15,,,0,,,,0,,,,0,,,,0,,1,2,15,17,1,,,,
multi_tile,3,484,12,a,7,0,5952,16,29646,29646,29647,,,,29682,29649,29664,16,1:15,29665,29680,16,1:15,29666,29681,16,1:15,,,0,,,,0,,,,0,,,,0,,1,2,15,17,1,,,,
multi_tile,3,485,12,a,7,16,6080,16,29685,29685,29686,,,,29721,29688,29703,16,1:15,29704,29719,16,1:15,29705,29720,16,1:15,,,0,,,,0,,,,0,,,,0,,1,2,15,17,1,,,,
multi_tile,3,486,12,bt,0,0,12736,16,29729,29729,29730,,,,29765,29732,29747,16,1:15,29748,29763,16,1:15,29749,29764,16,1:15,,,0,,,,0,,,,0,,,,0,,1,2,15,17,1,,,,
multi_tile,3,487,12,bt,0,16,12864,16,29768,29768,29769,,,,29804,29771,29786,16,1:15,29787,29802,16,1:15,29788,29803,16,1:15,,,0,,,,0,,,,0,,,,0,,1,2,15,17,1,,,,
multi_tile,3,488,12,bt,1,0,12992,16,29807,29807,29808,,,,29843,29810,29825,16,1:15,29826,29841,16,1:15,29827,29842,16,1:15,,,0,,,,0,,,,0,,,,0,,1,2,15,17,1,,,,
multi_tile,3,489,12,bt,1,16,13120,16,29846,29846,29847,,,,29882,29849,29864,16,1:15,29865,29880,16,1:15,29866,29881,16,1:15,,,0,,,,0,,,,0,,,,0,,1,2,15,17,1,,,,
multi_tile,3,490,12,bt,2,0,13248,16,29885,29885,29886,,,,29921,29888,29903,16,1:15,29904,29919,16,1:15,29905,29920,16,1:15,,,0,,,,0,,,,0,,,,0,,1,2,15,17,1,,,,
multi_tile,3,491,12,bt,2,16,13376,16,29924,29924,29925,,,,29960,29927,29942,16,1:15,29943,29958,16,1:15,29944,29959,16,1:15,,,0,,,,0,,,,0,,,,0,,1,2,15,17,1,,,,
multi_tile,3,492,12,bt,3,0,13504,16,29963,29963,29964,,,,29999,29966,29981,16,1:15,29982,29997,16,1:15,29983,29998,16,1:15,,,0,,,,0,,,,0,,,,0,,1,2,15,17,1,,,,
multi_tile,3,493,12,bt,3,16,13632,16,30002,30002,30003,,,,30038,30005,30020,16,1:15,30021,30036,16,1:15,30022,30037,16,1:15,,,0,,,,0,,,,0,,,,0,,1,2,15,17,1,,,,
multi_tile,3,494,12,bt,4,0,13760,16,30041,30041,30042,,,,30077,30044,30059,16,1:15,30060,30075,16,1:15,30061,30076,16,1:15,,,0,,,,0,,,,0,,,,0,,1,2,15,17,1,,,,
multi_tile,3,495,12,bt,4,16,13888,16,30080,30080,30081,,,,30116,30083,30098,16,1:15,30099,30114,16,1:15,30100,30115,16,1:15,,,0,,,,0,,,,0,,,,0,,1,2,15,17,1,,,,
multi_tile,3,496,12,bt,5,0,14016,16,30119,30119,30120,,,,30155,30122,30137,16,1:15,30138,30153,16,1:15,30139,30154,16,1:15,,,0,,,,0,,,,0,,,,0,,1,2,15,17,1,,,,
multi_tile,3,497,12,bt,5,16,14144,16,30158,30158,30159,,,,30194,30161,30176,16,1:15,30177,30192,16,1:15,30178,30193,16,1:15,,,0,,,,0,,,,0,,,,0,,1,2,15,17,1,,,,
multi_tile,3,498,12,bt,6,0,14272,16,30197,30197,30198,,,,30233,30200,30215,16,1:15,30216,30231,16,1:15,30217,30232,16,1:15,,,0,,,,0,,,,0,,,,0,,1,2,15,17,1,,,,
multi_tile,3,499,12,bt,6,16,14400,16,30236,30236,30237,,,,30272,30239,30254,16,1:15,30255,30270,16,1:15,30256,30271,16,1:15,,,0,,,,0,,,,0,,,,0,,1,2,15,17,1,,,,
multi_tile,3,500,12,bt,7,0,14528,16,30275,30275,30276,,,,30311,30278,30293,16,1:15,30294,30309,16,1:15,30295,30310,16,1:15,,,0,,,,0,,,,0,,,,0,,1,2,15,17,1,,,,
multi_tile,3,501,12,bt,7,16,14656,16,30314,30314,30315,,,,30350,30317,30332,16,1:15,30333,30348,16,1:15,30334,30349,16,1:15,,,0,,,,0,,,,0,,,,0,,1,2,15,17,1,,,,
multi_tile,3,502,12,c,0,0,20864,4,31444,31444,,31465,31464,31470,31471,,,0,,,,0,,,,0,,31446,31461,4,5:3,31448,31463,4,5:3,31449,31464,4,5:3,31465,31468,4,1:3,,,,,,20,4,2,1
multi_tile,3,503,12,c,1,0,21056,4,31474,31474,,31495,31494,31500,31501,,,0,,,,0,,,,0,,31476,31491,4,5:3,31478,31493,4,5:3,31479,31494,4,5:3,31495,31498,4,1:3,,,,,,20,4,2,1
multi_tile,3,504,12,c,2,0,21248,4,31504,31504,,31525,31524,31530,31531,,,0,,,,0,,,,0,,31506,31521,4,5:3,31508,31523,4,5:3,31509,31524,4,5:3,31525,31528,4,1:3,,,,,,20,4,2,1
multi_tile,3,505,12,c,3,0,21440,4,31534,31534,,31555,31554,31560,31561,,,0,,,,0,,,,0,,31536,31551,4,5:3,31538,31553,4,5:3,31539,31554,4,5:3,31555,31558,4,1:3,,,,,,20,4,2,1
multi_tile,3,506,12,c,4,0,21632,4,31564,31564,,31585,31584,31590,31591,,,0,,,,0,,,,0,,31566,31581,4,5:3,31568,31583,4,5:3,31569,31584,4,5:3,31585,31588,4,1:3,,,,,,20,4,2,1
multi_tile,3,507,12,c,5,0,21824,4,31594,31594,,31615,31614,31620,31621,,,0,,,,0,,,,0,,31596,31611,4,5:3,31598,31613,4,5:3,31599,31614,4,5:3,31615,31618,4,1:3,,,,,,20,4,2,1
multi_tile,3,508,12,c,6,0,22016,4,31624,31624,,31645,31644,31650,31651,,,0,,,,0,,,,0,,31626,31641,4,5:3,31628,31643,4,5:3,31629,31644,4,5:3,31645,31648,4,1:3,,,,,,20,4,2,1
multi_tile,3,509,12,c,7,0,22208,4,31654,31654,,31675,31674,31680,31681,,,0,,,,0,,,,0,,31656,31671,4,5:3,31658,31673,4,5:3,31659,31674,4,5:3,31675,31678,4,1:3,,,,,,20,4,2,1
multi_tile,3,510,13,a,0,0,4160,16,31690,31690,31691,,,,31726,31693,31708,16,1:15,31709,31724,16,1:15,31710,31725,16,1:15,,,0,,,,0,,,,0,,,,0,,1,2,15,17,1,,,,
multi_tile,3,511,13,a,0,16,4288,16,31729,31729,31730,,,,31765,31732,31747,16,1:15,31748,31763,16,1:15,31749,31764,16,1:15,,,0,,,,0,,,,0,,,,0,,1,2,15,17,1,,,,
multi_tile,3,512,13,a,1,0,4416,16,31768,31768,31769,,,,31804,31771,31786,16,1:15,31787,31802,16,1:15,31788,31803,16,1:15,,,0,,,,0,,,,0,,,,0,,1,2,15,17,1,,,,
multi_tile,3,513,13,a,1,16,4544,16,31807,31807,31808,,,,31843,31810,31825,16,1:15,31826,31841,16,1:15,31827,31842,16,1:15,,,0,,,,0,,,,0,,,,0,,1,2,15,17,1,,,,
multi_tile,3,514,13,a,2,0,4672,16,31846,31846,31847,,,,31882,31849,31864,16,1:15,31865,31880,16,1:15,31866,31881,16,1:15,,,0,,,,0,,,,0,,,,0,,1,2,15,17,1,,,,
multi_tile,3,515,13,a,2,16,4800,16,31885,31885,31886,,,,31921,31888,31903,16,1:15,31904,31919,16,1:15,31905,31920,16,1:15,,,0,,,,0,,,,0,,,,0,,1,2,15,17,1,,,,
multi_tile,3,516,13,a,3,0,4928,16,31924,31924,31925,,,,31960,31927,31942,16,1:15,31943,31958,16,1:15,31944,31959,16,1:15,,,0,,,,0,,,,0,,,,0,,1,2,15,17,1,,,,
multi_tile,3,517,13,a,3,16,5056,16,31963,31963,31964,,,,31999,31966,31981,16,1:15,31982,31997,16,1:15,31983,31998,16,1:15,,,0,,,,0,,,,0,,,,0,,1,2,15,17,1,,,,
multi_tile,3,518,13,a,4,0,5184,16,32002,32002,32003,,,,32038,32005,32020,16,1:15,32021,32036,16,1:15,32022,32037,16,1:15,,,0,,,,0,,,,0,,,,0,,1,2,15,17,1,,,,
multi_tile,3,519,13,a,4,16,5312,16,32041,32041,32042,,,,32077,32044,32059,16,1:15,32060,32075,16,1:15,32061,32076,16,1:15,,,0,,,,0,,,,0,,,,0,,1,2,15,17,1,,,,
multi_tile,3,520,13,a,5,0,5440,16,32080,32080,32081,,,,32116,32083,32098,16,1:15,32099,32114,16,1:15,32100,32115,16,1:15,,,0,,,,0,,,,0,,,,0,,1,2,15,17,1,,,,
multi_tile,3,521,13,a,5,16,5568,16,32119,32119,32120,,,,32155,32122,32137,16,1:15,32138,32153,16,1:15,32139,32154,16,1:15,,,0,,,,0,,,,0,,,,0,,1,2,15,17,1,,,,
multi_tile,3,522,13,a,6,0,5696,16,32158,32158,32159,,,,32194,32161,32176,16,1:15,32177,32192,16,1:15,32178,32193,16,1:15,,,0,,,,0,,,,0,,,,0,,1,2,15,17,1,,,,
multi_tile,3,523,13,a,6,16,5824,16,32197,32197,32198,,,,32233,32200,32215,16,1:15,32216,32231,16,1:15,32217,32232,16,1:15,,,0,,,,0,,,,0,,,,0,,1,2,15,17,1,,,,
multi_tile,3,524,13,a,7,0,5952,16,32236,32236,32237,,,,32272,32239,32254,16,1:15,32255,32270,16,1:15,32256,32271,16,1:15,,,0,,,,0,,,,0,,,,0,,1,2,15,17,1,,,,
multi_tile,3,525,13,a,7,16,6080,16,32275,32275,32276,,,,32311,32278,32293,16,1:15,32294,32309,16,1:15,32295,32310,16,1:15,,,0,,,,0,,,,0,,,,0,,1,2,15,17,1,,,,
multi_tile,3,526,13,bt,0,0,14784,16,32319,32319,32320,,,,32355,32322,32337,16,1:15,32338,32353,16,1:15,32339,32354,16,1:15,,,0,,,,0,,,,0,,,,0,,1,2,15,17,1,,,,
multi_tile,3,527,13,bt,0,16,14912,16,32358,32358,32359,,,,32394,32361,32376,16,1:15,32377,32392,16,1:15,32378,32393,16,1:15,,,0,,,,0,,,,0,,,,0,,1,2,15,17,1,,,,
multi_tile,3,528,13,bt,1,0,15040,16,32397,32397,32398,,,,32433,32400,32415,16,1:15,32416,32431,16,1:15,32417,32432,16,1:15,,,0,,,,0,,,,0,,,,0,,1,2,15,17,1,,,,
multi_tile,3,529,13,bt,1,16,15168,16,32436,32436,32437,,,,32472,32439,32454,16,1:15,32455,32470,16,1:15,32456,32471,16,1:15,,,0,,,,0,,,,0,,,,0,,1,2,15,17,1,,,,
multi_tile,3,530,13,bt,2,0,15296,16,32475,32475,32476,,,,32511,32478,32493,16,1:15,32494,32509,16,1:15,32495,32510,16,1:15,,,0,,,,0,,,,0,,,,0,,1,2,15,17,1,,,,
multi_tile,3,531,13,bt,2,16,15424,16,32514,32514,32515,,,,32550,32517,32532,16,1:15,32533,32548,16,1:15,32534,32549,16,1:15,,,0,,,,0,,,,0,,,,0,,1,2,15,17,1,,,,
multi_tile,3,532,13,bt,3,0,15552,16,32553,32553,32554,,,,32589,32556,32571,16,1:15,32572,32587,16,1:15,32573,32588,16,1:15,,,0,,,,0,,,,0,,,,0,,1,2,15,17,1,,,,
multi_tile,3,533,13,bt,3,16,15680,16,32592,32592,32593,,,,32628,32595,32610,16,1:15,32611,32626,16,1:15,32612,32627,16,1:15,,,0,,,,0,,,,0,,,,0,,1,2,15,17,1,,,,
multi_tile,3,534,13,bt,4,0,15808,16,32631,32631,32632,,,,32667,32634,32649,16,1:15,32650,32665,16,1:15,32651,32666,16,1:15,,,0,,,,0,,,,0,,,,0,,1,2,15,17,1,,,,
multi_tile,3,535,13,bt,4,16,15936,16,32670,32670,32671,,,,32706,32673,32688,16,1:15,32689,32704,16,1:15,32690,32705,16,1:15,,,0,,,,0,,,,0,,,,0,,1,2,15,17,1,,,,
multi_tile,3,536,13,bt,5,0,16064,16,32709,32709,32710,,,,32745,32712,32727,16,1:15,32728,32743,16,1:15,32729,32744,16,1:15,,,0,,,,0,,,,0,,,,0,,1,2,15,17,1,,,,
multi_tile,3,537,13,bt,5,16,16192,16,32748,32748,32749,,,,32784,32751,32766,16,1:15,32767,32782,16,1:15,32768,32783,16,1:15,,,0,,,,0,,,,0,,,,0,,1,2,15,17,1,,,,
multi_tile,3,538,13,bt,6,0,16320,8,32787,32787,32788,,,,32807,32790,32797,8,1:7,32798,32805,8,1:7,32799,32806,8,1:7,,,0,,,,0,,,,0,,,,0,,1,2,7,9,1,,,,
multi_tile,3,539,13,bt,6,8,16384,16,32810,32810,32811,,,,32846,32813,32828,16,1:15,32829,32844,16,1:15,32830,32845,16,1:15,,,0,,,,0,,,,0,,,,0,,1,2,15,17,1,,,,
multi_tile,3,540,13,bt,6,24,16512,8,32849,32849,32850,,,,32869,32852,32859,8,1:7,32860,32867,8,1:7,32861,32868,8,1:7,,,0,,,,0,,,,0,,,,0,,1,2,7,9,1,,,,
multi_tile,3,541,13,bt,7,0,16576,16,32872,32872,32873,,,,32908,32875,32890,16,1:15,32891,32906,16,1:15,32892,32907,16,1:15,,,0,,,,0,,,,0,,,,0,,1,2,15,17,1,,,,
multi_tile,3,542,13,bt,7,16,16704,16,32911,32911,32912,,,,32947,32914,32929,16,1:15,32930,32945,16,1:15,32931,32946,16,1:15,,,0,,,,0,,,,0,,,,0,,1,2,15,17,1,,,,
multi_tile,3,543,13,c,0,0,20896,4,34041,34041,,34062,34061,34067,34068,,,0,,,,0,,,,0,,34043,34058,4,5:3,34045,34060,4,5:3,34046,34061,4,5:3,34062,34065,4,1:3,,,,,,20,4,2,1
multi_tile,3,544,13,c,1,0,21088,4,34071,34071,,34092,34091,34097,34098,,,0,,,,0,,,,0,,34073,34088,4,5:3,34075,34090,4,5:3,34076,34091,4,5:3,34092,34095,4,1:3,,,,,,20,4,2,1
multi_tile,3,545,13,c,2,0,21280,4,34101,34101,,34122,34121,34127,34128,,,0,,,,0,,,,0,,34103,34118,4,5:3,34105,34120,4,5:3,34106,34121,4,5:3,34122,34125,4,1:3,,,,,,20,4,2,1
multi_tile,3,546,13,c,3,0,21472,4,34131,34131,,34152,34151,34157,34158,,,0,,,,0,,,,0,,34133,34148,4,5:3,34135,34150,4,5:3,34136,34151,4,5:3,34152,34155,4,1:3,,,,,,20,4,2,1
multi_tile,3,547,13,c,4,0,21664,4,34161,34161,,34182,34181,34187,34188,,,0,,,,0,,,,0,,34163,34178,4,5:3,34165,34180,4,5:3,34166,34181,4,5:3,34182,34185,4,1:3,,,,,,20,4,2,1
multi_tile,3,548,13,c,5,0,21856,4,34191,34191,,34212,34211,34217,34218,,,0,,,,0,,,,0,,34193,34208,4,5:3,34195,34210,4,5:3,34196,34211,4,5:3,34212,34215,4,1:3,,,,,,20,4,2,1
multi_tile,3,549,13,c,6,0,22048,4,34221,34221,,34242,34241,34247,34248,,,0,,,,0,,,,0,,34223,34238,4,5:3,34225,34240,4,5:3,34226,34241,4,5:3,34242,34245,4,1:3,,,,,,20,4,2,1
multi_tile,3,550,13,c,7,0,22240,4,34251,34251,,34272,34271,34277,34278,,,0,,,,0,,,,0,,34253,34268,4,5:3,34255,34270,4,5:3,34256,34271,4,5:3,34272,34275,4,1:3,,,,,,20,4,2,1
multi_tile,3,551,14,a,0,0,4160,16,34287,34287,34288,,,,34323,34290,34305,16,1:15,34306,34321,16,1:15,34307,34322,16,1:15,,,0,,,,0,,,,0,,,,0,,1,2,15,17,1,,,,
multi_tile,3,552,14,a,0,16,4288,16,34326,34326,34327,,,,34362,34329,34344,16,1:15,34345,34360,16,1:15,34346,34361,16,1:15,,,0,,,,0,,,,0,,,,0,,1,2,15,17,1,,,,
multi_tile,3,553,14,a,1,0,4416,16,34365,34365,34366,,,,34401,34368,34383,16,1:15,34384,34399,16,1:15,34385,34400,16,1:15,,,0,,,,0,,,,0,,,,0,,1,2,15,17,1,,,,
multi_tile,3,554,14,a,1,16,4544,16,34404,34404,34405,,,,34440,34407,34422,16,1:15,34423,34438,16,1:15,34424,34439,16,1:15,,,0,,,,0,,,,0,,,,0,,1,2,15,17,1,,,,
multi_tile,3,555,14,a,2,0,4672,16,34443,34443,34444,,,,34479,34446,34461,16,1:15,34462,34477,16,1:15,34463,34478,16,1:15,,,0,,,,0,,,,0,,,,0,,1,2,15,17,1,,,,
multi_tile,3,556,14,a,2,16,4800,16,34482,34482,34483,,,,34518,34485,34500,16,1:15,34501,34516,16,1:15,34502,34517,16,1:15,,,0,,,,0,,,,0,,,,0,,1,2,15,17,1,,,,
multi_tile,3,557,14,a,3,0,4928,16,34521,34521,34522,,,,34557,34524,34539,16,1:15,34540,34555,16,1:15,34541,34556,16,1:15,,,0,,,,0,,,,0,,,,0,,1,2,15,17,1,,,,
multi_tile,3,558,14,a,3,16,5056,16,34560,34560,34561,,,,34596,34563,34578,16,1:15,34579,34594,16,1:15,34580,34595,16,1:15,,,0,,,,0,,,,0,,,,0,,1,2,15,17,1,,,,
multi_tile,3,559,14,a,4,0,5184,16,34599,34599,34600,,,,34635,34602,34617,16,1:15,34618,34633,16,1:15,34619,34634,16,1:15,,,0,,,,0,,,,0,,,,0,,1,2,15,17,1,,,,
multi_tile,3,560,14,a,4,16,5312,16,34638,34638,34639,,,,34674,34641,34656,16,1:15,34657,34672,16,1:15,34658,34673,16,1:15,,,0,,,,0,,,,0,,,,0,,1,2,15,17,1,,,,
multi_tile,3,561,14,a,5,0,5440,16,34677,34677,34678,,,,34713,34680,34695,16,1:15,34696,34711,16,1:15,34697,34712,16,1:15,,,0,,,,0,,,,0,,,,0,,1,2,15,17,1,,,,
multi_tile,3,562,14,a,5,16,5568,16,34716,34716,34717,,,,34752,34719,34734,16,1:15,34735,34750,16,1:15,34736,34751,16,1:15,,,0,,,,0,,,,0,,,,0,,1,2,15,17,1,,,,
multi_tile,3,563,14,a,6,0,5696,16,34755,34755,34756,,,,34791,34758,34773,16,1:15,34774,34789,16,1:15,34775,34790,16,1:15,,,0,,,,0,,,,0,,,,0,,1,2,15,17,1,,,,
multi_tile,3,564,14,a,6,16,5824,16,34794,34794,34795,,,,34830,34797,34812,16,1:15,34813,34828,16,1:15,34814,34829,16,1:15,,,0,,,,0,,,,0,,,,0,,1,2,15,17,1,,,,
multi_tile,3,565,14,a,7,0,5952,16,34833,34833,34834,,,,34869,34836,34851,16,1:15,34852,34867,16,1:15,34853,34868,16,1:15,,,0,,,,0,,,,0,,,,0,,1,2,15,17,1,,,,
multi_tile,3,566,14,a,7,16,6080,16,34872,34872,34873,,,,34908,34875,34890,16,1:15,34891,34906,16,1:15,34892,34907,16,1:15,,,0,,,,0,,,,0,,,,0,,1,2,15,17,1,,,,
multi_tile,3,567,14,bt,0,0,16832,16,34916,34916,34917,,,,34952,34919,34934,16,1:15,34935,34950,16,1:15,34936,34951,16,1:15,,,0,,,,0,,,,0,,,,0,,1,2,15,17,1,,,,
multi_tile,3,568,14,bt,0,16,16960,16,34955,34955,34956,,,,34991,34958,34973,16,1:15,34974,34989,16,1:15,34975,34990,16,1:15,,,0,,,,0,,,,0,,,,0,,1,2,15,17,1,,,,
multi_tile,3,569,14,bt,1,0,17088,16,34994,34994,34995,,,,35030,34997,35012,16,1:15,35013,35028,16,1:15,35014,35029,16,1:15,,,0,,,,0,,,,0,,,,0,,1,2,15,17,1,,,,
multi_tile,3,570,14,bt,1,16,17216,16,35033,35033,35034,,,,35069,35036,35051,16,1:15,35052,35067,16,1:15,35053,35068,16,1:15,,,0,,,,0,,,,0,,,,0,,1,2,15,17,1,,,,
multi_tile,3,571,14,bt,2,0,17344,16,35072,35072,35073,,,,35108,35075,35090,16,1:15,35091,35106,16,1:15,35092,35107,16,1:15,,,0,,,,0,,,,0,,,,0,,1,2,15,17,1,,,,
multi_tile,3,572,14,bt,2,16,17472,16,35111,35111,35112,,,,35147,35114,35129,16,1:15,35130,35145,16,1:15,35131,35146,16,1:15,,,0,,,,0,,,,0,,,,0,,1,2,15,17,1,,,,
multi_tile,3,573,14,c,0,0,20928,2,35699,35699,,35710,35709,35713,35714,,,0,,,,0,,,,0,,35701,35706,2,5:1,35703,35708,2,5:1,35704,35709,2,5:1,35710,35711,2,1:1,,,,,,10,2,2,1
multi_tile,3,574,14,c,1,0,21120,2,35717,35717,,35728,35727,35731,35732,,,0,,,,0,,,,0,,35719,35724,2,5:1,35721,35726,2,5:1,35722,35727,2,5:1,35728,35729,2,1:1,,,,,,10,2,2,1
multi_tile,3,575,14,c,2,0,21312,2,35735,35735,,35746,35745,35749,35750,,,0,,,,0,,,,0,,35737,35742,2,5:1,35739,35744,2,5:1,35740,35745,2,5:1,35746,35747,2,1:1,,,,,,10,2,2,1
multi_tile,3,576,14,c,3,0,21504,2,35753,35753,,35764,35763,35767,35768,,,0,,,,0,,,,0,,35755,35760,2,5:1,35757,35762,2,5:1,35758,35763,2,5:1,35764,35765,2,1:1,,,,,,10,2,2,1
multi_tile,3,577,14,c,4,0,21696,2,35771,35771,,35782,35781,35785,35786,,,0,,,,0,,,,0,,35773,35778,2,5:1,35775,35780,2,5:1,35776,35781,2,5:1,35782,35783,2,1:1,,,,,,10,2,2,1
multi_tile,3,578,14,c,5,0,21888,2,35789,35789,,35800,35799,35803,35804,,,0,,,,0,,,,0,,35791,35796,2,5:1,35793,35798,2,5:1,35794,35799,2,5:1,35800,35801,2,1:1,,,,,,10,2,2,1
multi_tile,3,579,14,c,6,0,22080,2,35807,35807,,35818,35817,35821,35822,,,0,,,,0,,,,0,,35809,35814,2,5:1,35811,35816,2,5:1,35812,35817,2,5:1,35818,35819,2,1:1,,,,,,10,2,2,1
multi_tile,3,580,14,c,7,0,22272,2,35825,35825,,35836,35835,35839,35840,,,0,,,,0,,,,0,,35827,35832,2,5:1,35829,35834,2,5:1,35830,35835,2,5:1,35836,35837,2,1:1,,,,,,10,2,2,1
multi_tile,3,581,15,a,0,0,6208,16,35849,35849,35850,,,,35885,35852,35867,16,1:15,35868,35883,16,1:15,35869,35884,16,1:15,,,0,,,,0,,,,0,,,,0,,1,2,15,17,1,,,,
multi_tile,3,582,15,a,0,16,6336,16,35888,35888,35889,,,,35924,35891,35906,16,1:15,35907,35922,16,1:15,35908,35923,16,1:15,,,0,,,,0,,,,0,,,,0,,1,2,15,17,1,,,,
multi_tile,3,583,15,a,1,0,6464,16,35927,35927,35928,,,,35963,35930,35945,16,1:15,35946,35961,16,1:15,35947,35962,16,1:15,,,0,,,,0,,,,0,,,,0,,1,2,15,17,1,,,,
multi_tile,3,584,15,a,1,16,6592,16,35966,35966,35967,,,,36002,35969,35984,16,1:15,35985,36000,16,1:15,35986,36001,16,1:15,,,0,,,,0,,,,0,,,,0,,1,2,15,17,1,,,,
multi_tile,3,585,15,a,2,0,6720,16,36005,36005,36006,,,,36041,36008,36023,16,1:15,36024,36039,16,1:15,36025,36040,16,1:15,,,0,,,,0,,,,0,,,,0,,1,2,15,17,1,,,,
multi_tile,3,586,15,a,2,16,6848,16,36044,36044,36045,,,,36080,36047,36062,16,1:15,36063,36078,16,1:15,36064,36079,16,1:15,,,0,,,,0,,,,0,,,,0,,1,2,15,17,1,,,,
multi_tile,3,587,15,a,3,0,6976,16,36083,36083,36084,,,,36119,36086,36101,16,1:15,36102,36117,16,1:15,36103,36118,16,1:15,,,0,,,,0,,,,0,,,,0,,1,2,15,17,1,,,,
multi_tile,3,588,15,a,3,16,7104,16,36122,36122,36123,,,,36158,36125,36140,16,1:15,36141,36156,16,1:15,36142,36157,16,1:15,,,0,,,,0,,,,0,,,,0,,1,2,15,17,1,,,,
multi_tile,3,589,15,a,4,0,7232,16,36161,36161,36162,,,,36197,36164,36179,16,1:15,36180,36195,16,1:15,36181,36196,16,1:15,,,0,,,,0,,,,0,,,,0,,1,2,15,17,1,,,,
multi_tile,3,590,15,a,4,16,7360,16,36200,36200,36201,,,,36236,36203,36218,16,1:15,36219,36234,16,1:15,36220,36235,16,1:15,,,0,,,,0,,,,0,,,,0,,1,2,15,17,1,,,,
multi_tile,3,591,15,a,5,0,7488,16,36239,36239,36240,,,,36275,36242,36257,16,1:15,36258,36273,16,1:15,36259,36274,16,1:15,,,0,,,,0,,,,0,,,,0,,1,2,15,17,1,,,,
multi_tile,3,592,15,a,5,16,7616,16,36278,36278,36279,,,,36314,36281,36296,16,1:15,36297,36312,16,1:15,36298,36313,16,1:15,,,0,,,,0,,,,0,,,,0,,1,2,15,17,1,,,,
multi_tile,3,593,15,a,6,0,7744,16,36317,36317,36318,,,,36353,36320,36335,16,1:15,36336,36351,16,1:15,36337,36352,16,1:15,,,0,,,,0,,,,0,,,,0,,1,2,15,17,1,,,,
multi_tile,3,594,15,a,6,16,7872,16,36356,36356,36357,,,,36392,36359,36374,16,1:15,36375,36390,16,1:15,36376,36391,16,1:15,,,0,,,,0,,,,0,,,,0,,1,2,15,17,1,,,,
multi_tile,3,595,15,a,7,0,8000,16,36395,36395,36396,,,,36431,36398,36413,16,1:15,36414,36429,16,1:15,36415,36430,16,1:15,,,0,,,,0,,,,0,,,,0,,1,2,15,17,1,,,,
multi_tile,3,596,15,a,7,16,8128,8,36434,36434,36435,,,,36454,36437,36444,8,1:7,36445,36452,8,1:7,36446,36453,8,1:7,,,0,,,,0,,,,0,,,,0,,1,2,7,9,1,,,,
multi_tile,3,597,15,a,7,24,8192,8,36457,36457,36458,,,,36477,36460,36467,8,1:7,36468,36475,8,1:7,36469,36476,8,1:7,,,0,,,,0,,,,0,,,,0,,1,2,7,9,1,,,,
multi_tile,3,598,15,bt,0,0,8640,16,36485,36485,36486,,,,36521,36488,36503,16,1:15,36504,36519,16,1:15,36505,36520,16,1:15,,,0,,,,0,,,,0,,,,0,,1,2,15,17,1,,,,
multi_tile,3,599,15,bt,0,16,8768,16,36524,36524,36525,,,,36560,36527,36542,16,1:15,36543,36558,16,1:15,36544,36559,16,1:15,,,0,,,,0,,,,0,,,,0,,1,2,15,17,1,,,,
multi_tile,3,600,15,bt,1,0,8896,16,36563,36563,36564,,,,36599,36566,36581,16,1:15,36582,36597,16,1:15,36583,36598,16,1:15,,,0,,,,0,,,,0,,,,0,,1,2,15,17,1,,,,
multi_tile,3,601,15,bt,1,16,9024,16,36602,36602,36603,,,,36638,36605,36620,16,1:15,36621,36636,16,1:15,36622,36637,16,1:15,,,0,,,,0,,,,0,,,,0,,1,2,15,17,1,,,,
multi_tile,3,602,15,bt,2,0,9152,16,36641,36641,36642,,,,36677,36644,36659,16,1:15,36660,36675,16,1:15,36661,36676,16,1:15,,,0,,,,0,,,,0,,,,0,,1,2,15,17,1,,,,
multi_tile,3,603,15,bt,2,16,9280,16,36680,36680,36681,,,,36716,36683,36698,16,1:15,36699,36714,16,1:15,36700,36715,16,1:15,,,0,,,,0,,,,0,,,,0,,1,2,15,17,1,,,,
multi_tile,3,604,15,bt,3,0,9408,16,36719,36719,36720,,,,36755,36722,36737,16,1:15,36738,36753,16,1:15,36739,36754,16,1:15,,,0,,,,0,,,,0,,,,0,,1,2,15,17,1,,,,
multi_tile,3,605,15,bt,3,16,9536,16,36758,36758,36759,,,,36794,36761,36776,16,1:15,36777,36792,16,1:15,36778,36793,16,1:15,,,0,,,,0,,,,0,,,,0,,1,2,15,17,1,,,,
multi_tile,3,606,15,bt,4,0,9664,16,36797,36797,36798,,,,36833,36800,36815,16,1:15,36816,36831,16,1:15,36817,36832,16,1:15,,,0,,,,0,,,,0,,,,0,,1,2,15,17,1,,,,
multi_tile,3,607,15,bt,4,16,9792,16,36836,36836,36837,,,,36872,36839,36854,16,1:15,36855,36870,16,1:15,36856,36871,16,1:15,,,0,,,,0,,,,0,,,,0,,1,2,15,17,1,,,,
multi_tile,3,608,15,bt,5,0,9920,16,36875,36875,36876,,,,36911,36878,36893,16,1:15,36894,36909,16,1:15,36895,36910,16,1:15,,,0,,,,0,,,,0,,,,0,,1,2,15,17,1,,,,
multi_tile,3,609,15,bt,5,16,10048,16,36914,36914,36915,,,,36950,36917,36932,16,1:15,36933,36948,16,1:15,36934,36949,16,1:15,,,0,,,,0,,,,0,,,,0,,1,2,15,17,1,,,,
multi_tile,3,610,15,bt,6,0,10176,16,36953,36953,36954,,,,36989,36956,36971,16,1:15,36972,36987,16,1:15,36973,36988,16,1:15,,,0,,,,0,,,,0,,,,0,,1,2,15,17,1,,,,
multi_tile,3,611,15,bt,6,16,10304,16,36992,36992,36993,,,,37028,36995,37010,16,1:15,37011,37026,16,1:15,37012,37027,16,1:15,,,0,,,,0,,,,0,,,,0,,1,2,15,17,1,,,,
multi_tile,3,612,15,bt,7,0,10432,16,37031,37031,37032,,,,37067,37034,37049,16,1:15,37050,37065,16,1:15,37051,37066,16,1:15,,,0,,,,0,,,,0,,,,0,,1,2,15,17,1,,,,
multi_tile,3,613,15,bt,7,16,10560,16,37070,37070,37071,,,,37106,37073,37088,16,1:15,37089,37104,16,1:15,37090,37105,16,1:15,,,0,,,,0,,,,0,,,,0,,1,2,15,17,1,,,,
multi_tile,3,614,15,c,0,0,22336,4,38200,38200,,38221,38220,38226,38227,,,0,,,,0,,,,0,,38202,38217,4,5:3,38204,38219,4,5:3,38205,38220,4,5:3,38221,38224,4,1:3,,,,,,20,4,2,1
multi_tile,3,615,15,c,1,0,22528,4,38230,38230,,38251,38250,38256,38257,,,0,,,,0,,,,0,,38232,38247,4,5:3,38234,38249,4,5:3,38235,38250,4,5:3,38251,38254,4,1:3,,,,,,20,4,2,1
multi_tile,3,616,15,c,2,0,22720,4,38260,38260,,38281,38280,38286,38287,,,0,,,,0,,,,0,,38262,38277,4,5:3,38264,38279,4,5:3,38265,38280,4,5:3,38281,38284,4,1:3,,,,,,20,4,2,1
multi_tile,3,617,15,c,3,0,22912,4,38290,38290,,38311,38310,38316,38317,,,0,,,,0,,,,0,,38292,38307,4,5:3,38294,38309,4,5:3,38295,38310,4,5:3,38311,38314,4,1:3,,,,,,20,4,2,1
multi_tile,3,618,15,c,4,0,23104,4,38320,38320,,38341,38340,38346,38347,,,0,,,,0,,,,0,,38322,38337,4,5:3,38324,38339,4,5:3,38325,38340,4,5:3,38341,38344,4,1:3,,,,,,20,4,2,1
multi_tile,3,619,15,c,5,0,23296,4,38350,38350,,38371,38370,38376,38377,,,0,,,,0,,,,0,,38352,38367,4,5:3,38354,38369,4,5:3,38355,38370,4,5:3,38371,38374,4,1:3,,,,,,20,4,2,1
multi_tile,3,620,15,c,6,0,23488,4,38380,38380,,38401,38400,38406,38407,,,0,,,,0,,,,0,,38382,38397,4,5:3,38384,38399,4,5:3,38385,38400,4,5:3,38401,38404,4,1:3,,,,,,20,4,2,1
multi_tile,3,621,15,c,7,0,23680,4,38410,38410,,38431,38430,38436,38437,,,0,,,,0,,,,0,,38412,38427,4,5:3,38414,38429,4,5:3,38415,38430,4,5:3,38431,38434,4,1:3,,,,,,20,4,2,1
multi_tile,3,622,16,a,0,0,6208,16,38446,38446,38447,,,,38482,38449,38464,16,1:15,38465,38480,16,1:15,38466,38481,16,1:15,,,0,,,,0,,,,0,,,,0,,1,2,15,17,1,,,,
multi_tile,3,623,16,a,0,16,6336,16,38485,38485,38486,,,,38521,38488,38503,16,1:15,38504,38519,16,1:15,38505,38520,16,1:15,,,0,,,,0,,,,0,,,,0,,1,2,15,17,1,,,,
multi_tile,3,624,16,a,1,0,6464,16,38524,38524,38525,,,,38560,38527,38542,16,1:15,38543,38558,16,1:15,38544,38559,16,1:15,,,0,,,,0,,,,0,,,,0,,1,2,15,17,1,,,,
multi_tile,3,625,16,a,1,16,6592,16,38563,38563,38564,,,,38599,38566,38581,16,1:15,38582,38597,16,1:15,38583,38598,16,1:15,,,0,,,,0,,,,0,,,,0,,1,2,15,17,1,,,,
multi_tile,3,626,16,a,2,0,6720,16,38602,38602,38603,,,,38638,38605,38620,16,1:15,38621,38636,16,1:15,38622,38637,16,1:15,,,0,,,,0,,,,0,,,,0,,1,2,15,17,1,,,,
multi_tile,3,627,16,a,2,16,6848,16,38641,38641,38642,,,,38677,38644,38659,16,1:15,38660,38675,16,1:15,38661,38676,16,1:15,,,0,,,,0,,,,0,,,,0,,1,2,15,17,1,,,,
multi_tile,3,628,16,a,3,0,6976,16,38680,38680,38681,,,,38716,38683,38698,16,1:15,38699,38714,16,1:15,38700,38715,16,1:15,,,0,,,,0,,,,0,,,,0,,1,2,15,17,1,,,,
multi_tile,3,629,16,a,3,16,7104,16,38719,38719,38720,,,,38755,38722,38737,16,1:15,38738,38753,16,1:15,38739,38754,16,1:15,,,0,,,,0,,,,0,,,,0,,1,2,15,17,1,,,,
multi_tile,3,630,16,a,4,0,7232,16,38758,38758,38759,,,,38794,38761,38776,16,1:15,38777,38792,16,1:15,38778,38793,16,1:15,,,0,,,,0,,,,0,,,,0,,1,2,15,17,1,,,,
multi_tile,3,631,16,a,4,16,7360,16,38797,38797,38798,,,,38833,38800,38815,16,1:15,38816,38831,16,1:15,38817,38832,16,1:15,,,0,,,,0,,,,0,,,,0,,1,2,15,17,1,,,,
multi_tile,3,632,16,a,5,0,7488,16,38836,38836,38837,,,,38872,38839,38854,16,1:15,38855,38870,16,1:15,38856,38871,16,1:15,,,0,,,,0,,,,0,,,,0,,1,2,15,17,1,,,,
multi_tile,3,633,16,a,5,16,7616,16,38875,38875,38876,,,,38911,38878,38893,16,1:15,38894,38909,16,1:15,38895,38910,16,1:15,,,0,,,,0,,,,0,,,,0,,1,2,15,17,1,,,,
multi_tile,3,634,16,a,6,0,7744,16,38914,38914,38915,,,,38950,38917,38932,16,1:15,38933,38948,16,1:15,38934,38949,16,1:15,,,0,,,,0,,,,0,,,,0,,1,2,15,17,1,,,,
multi_tile,3,635,16,a,6,16,7872,16,38953,38953,38954,,,,38989,38956,38971,16,1:15,38972,38987,16,1:15,38973,38988,16,1:15,,,0,,,,0,,,,0,,,,0,,1,2,15,17,1,,,,
multi_tile,3,636,16,a,7,0,8000,16,38992,38992,38993,,,,39028,38995,39010,16,1:15,39011,39026,16,1:15,39012,39027,16,1:15,,,0,,,,0,,,,0,,,,0,,1,2,15,17,1,,,,
multi_tile,3,637,16,a,7,16,8128,8,39031,39031,39032,,,,39051,39034,39041,8,1:7,39042,39049,8,1:7,39043,39050,8,1:7,,,0,,,,0,,,,0,,,,0,,1,2,7,9,1,,,,
multi_tile,3,638,16,a,7,24,8192,8,39054,39054,39055,,,,39074,39057,39064,8,1:7,39065,39072,8,1:7,39066,39073,8,1:7,,,0,,,,0,,,,0,,,,0,,1,2,7,9,1,,,,
multi_tile,3,639,16,bt,0,0,10688,16,39082,39082,39083,,,,39118,39085,39100,16,1:15,39101,39116,16,1:15,39102,39117,16,1:15,,,0,,,,0,,,,0,,,,0,,1,2,15,17,1,,,,
multi_tile,3,640,16,bt,0,16,10816,16,39121,39121,39122,,,,39157,39124,39139,16,1:15,39140,39155,16,1:15,39141,39156,16,1:15,,,0,,,,0,,,,0,,,,0,,1,2,15,17,1,,,,
multi_tile,3,641,16,bt,1,0,10944,16,39160,39160,39161,,,,39196,39163,39178,16,1:15,39179,39194,16,1:15,39180,39195,16,1:15,,,0,,,,0,,,,0,,,,0,,1,2,15,17,1,,,,
multi_tile,3,642,16,bt,1,16,11072,16,39199,39199,39200,,,,39235,39202,39217,16,1:15,39218,39233,16,1:15,39219,39234,16,1:15,,,0,,,,0,,,,0,,,,0,,1,2,15,17,1,,,,
multi_tile,3,643,16,bt,2,0,11200,16,39238,39238,39239,,,,39274,39241,39256,16,1:15,39257,39272,16,1:15,39258,39273,16,1:15,,,0,,,,0,,,,0,,,,0,,1,2,15,17,1,,,,
multi_tile,3,644,16,bt,2,16,11328,16,39277,39277,39278,,,,39313,39280,39295,16,1:15,39296,39311,16,1:15,39297,39312,16,1:15,,,0,,,,0,,,,0,,,,0,,1,2,15,17,1,,,,
multi_tile,3,645,16,bt,3,0,11456,16,39316,39316,39317,,,,39352,39319,39334,16,1:15,39335,39350,16,1:15,39336,39351,16,1:15,,,0,,,,0,,,,0,,,,0,,1,2,15,17,1,,,,
multi_tile,3,646,16,bt,3,16,11584,16,39355,39355,39356,,,,39391,39358,39373,16,1:15,39374,39389,16,1:15,39375,39390,16,1:15,,,0,,,,0,,,,0,,,,0,,1,2,15,17,1,,,,
multi_tile,3,647,16,bt,4,0,11712,16,39394,39394,39395,,,,39430,39397,39412,16,1:15,39413,39428,16,1:15,39414,39429,16,1:15,,,0,,,,0,,,,0,,,,0,,1,2,15,17,1,,,,
multi_tile,3,648,16,bt,4,16,11840,16,39433,39433,39434,,,,39469,39436,39451,16,1:15,39452,39467,16,1:15,39453,39468,16,1:15,,,0,,,,0,,,,0,,,,0,,1,2,15,17,1,,,,
multi_tile,3,649,16,bt,5,0,11968,16,39472,39472,39473,,,,39508,39475,39490,16,1:15,39491,39506,16,1:15,39492,39507,16,1:15,,,0,,,,0,,,,0,,,,0,,1,2,15,17,1,,,,
multi_tile,3,650,16,bt,5,16,12096,16,39511,39511,39512,,,,39547,39514,39529,16,1:15,39530,39545,16,1:15,39531,39546,16,1:15,,,0,,,,0,,,,0,,,,0,,1,2,15,17,1,,,,
multi_tile,3,651,16,bt,6,0,12224,8,39550,39550,39551,,,,39570,39553,39560,8,1:7,39561,39568,8,1:7,39562,39569,8,1:7,,,0,,,,0,,,,0,,,,0,,1,2,7,9,1,,,,
multi_tile,3,652,16,bt,6,8,12288,16,39573,39573,39574,,,,39609,39576,39591,16,1:15,39592,39607,16,1:15,39593,39608,16,1:15,,,0,,,,0,,,,0,,,,0,,1,2,15,17,1,,,,
multi_tile,3,653,16,bt,6,24,12416,8,39612,39612,39613,,,,39632,39615,39622,8,1:7,39623,39630,8,1:7,39624,39631,8,1:7,,,0,,,,0,,,,0,,,,0,,1,2,7,9,1,,,,
multi_tile,3,654,16,bt,7,0,12480,16,39635,39635,39636,,,,39671,39638,39653,16,1:15,39654,39669,16,1:15,39655,39670,16,1:15,,,0,,,,0,,,,0,,,,0,,1,2,15,17,1,,,,
multi_tile,3,655,16,bt,7,16,12608,16,39674,39674,39675,,,,39710,39677,39692,16,1:15,39693,39708,16,1:15,39694,39709,16,1:15,,,0,,,,0,,,,0,,,,0,,1,2,15,17,1,,,,
multi_tile,3,656,16,c,0,0,22368,4,40804,40804,,40825,40824,40830,40831,,,0,,,,0,,,,0,,40806,40821,4,5:3,40808,40823,4,5:3,40809,40824,4,5:3,40825,40828,4,1:3,,,,,,20,4,2,1
multi_tile,3,657,16,c,1,0,22560,4,40834,40834,,40855,40854,40860,40861,,,0,,,,0,,,,0,,40836,40851,4,5:3,40838,40853,4,5:3,40839,40854,4,5:3,40855,40858,4,1:3,,,,,,20,4,2,1
multi_tile,3,658,16,c,2,0,22752,4,40864,40864,,40885,40884,40890,40891,,,0,,,,0,,,,0,,40866,40881,4,5:3,40868,40883,4,5:3,40869,40884,4,5:3,40885,40888,4,1:3,,,,,,20,4,2,1
multi_tile,3,659,16,c,3,0,22944,4,40894,40894,,40915,40914,40920,40921,,,0,,,,0,,,,0,,40896,40911,4,5:3,40898,40913,4,5:3,40899,40914,4,5:3,40915,40918,4,1:3,,,,,,20,4,2,1
multi_tile,3,660,16,c,4,0,23136,4,40924,40924,,40945,40944,40950,40951,,,0,,,,0,,,,0,,40926,40941,4,5:3,40928,40943,4,5:3,40929,40944,4,5:3,40945,40948,4,1:3,,,,,,20,4,2,1
multi_tile,3,661,16,c,5,0,23328,4,40954,40954,,40975,40974,40980,40981,,,0,,,,0,,,,0,,40956,40971,4,5:3,40958,40973,4,5:3,40959,40974,4,5:3,40975,40978,4,1:3,,,,,,20,4,2,1
multi_tile,3,662,16,c,6,0,23520,4,40984,40984,,41005,41004,41010,41011,,,0,,,,0,,,,0,,40986,41001,4,5:3,40988,41003,4,5:3,40989,41004,4,5:3,41005,41008,4,1:3,,,,,,20,4,2,1
multi_tile,3,663,16,c,7,0,23712,4,41014,41014,,41035,41034,41040,41041,,,0,,,,0,,,,0,,41016,41031,4,5:3,41018,41033,4,5:3,41019,41034,4,5:3,41035,41038,4,1:3,,,,,,20,4,2,1
multi_tile,3,664,17,a,0,0,6208,16,41050,41050,41051,,,,41086,41053,41068,16,1:15,41069,41084,16,1:15,41070,41085,16,1:15,,,0,,,,0,,,,0,,,,0,,1,2,15,17,1,,,,
multi_tile,3,665,17,a,0,16,6336,16,41089,41089,41090,,,,41125,41092,41107,16,1:15,41108,41123,16,1:15,41109,41124,16,1:15,,,0,,,,0,,,,0,,,,0,,1,2,15,17,1,,,,
multi_tile,3,666,17,a,1,0,6464,16,41128,41128,41129,,,,41164,41131,41146,16,1:15,41147,41162,16,1:15,41148,41163,16,1:15,,,0,,,,0,,,,0,,,,0,,1,2,15,17,1,,,,
multi_tile,3,667,17,a,1,16,6592,16,41167,41167,41168,,,,41203,41170,41185,16,1:15,41186,41201,16,1:15,41187,41202,16,1:15,,,0,,,,0,,,,0,,,,0,,1,2,15,17,1,,,,
multi_tile,3,668,17,a,2,0,6720,16,41206,41206,41207,,,,41242,41209,41224,16,1:15,41225,41240,16,1:15,41226,41241,16,1:15,,,0,,,,0,,,,0,,,,0,,1,2,15,17,1,,,,
multi_tile,3,669,17,a,2,16,6848,16,41245,41245,41246,,,,41281,41248,41263,16,1:15,41264,41279,16,1:15,41265,41280,16,1:15,,,0,,,,0,,,,0,,,,0,,1,2,15,17,1,,,,
multi_tile,3,670,17,a,3,0,6976,16,41284,41284,41285,,,,41320,41287,41302,16,1:15,41303,41318,16,1:15,41304,41319,16,1:15,,,0,,,,0,,,,0,,,,0,,1,2,15,17,1,,,,
multi_tile,3,671,17,a,3,16,7104,16,41323,41323,41324,,,,41359,41326,41341,16,1:15,41342,41357,16,1:15,41343,41358,16,1:15,,,0,,,,0,,,,0,,,,0,,1,2,15,17,1,,,,
multi_tile,3,672,17,a,4,0,7232,16,41362,41362,41363,,,,41398,41365,41380,16,1:15,41381,41396,16,1:15,41382,41397,16,1:15,,,0,,,,0,,,,0,,,,0,,1,2,15,17,1,,,,
multi_tile,3,673,17,a,4,16,7360,16,41401,41401,41402,,,,41437,41404,41419,16,1:15,41420,41435,16,1:15,41421,41436,16,1:15,,,0,,,,0,,,,0,,,,0,,1,2,15,17,1,,,,
multi_tile,3,674,17,a,5,0,7488,16,41440,41440,41441,,,,41476,41443,41458,16,1:15,41459,41474,16,1:15,41460,41475,16,1:15,,,0,,,,0,,,,0,,,,0,,1,2,15,17,1,,,,
multi_tile,3,675,17,a,5,16,7616,16,41479,41479,41480,,,,41515,41482,41497,16,1:15,41498,41513,16,1:15,41499,41514,16,1:15,,,0,,,,0,,,,0,,,,0,,1,2,15,17,1,,,,
multi_tile,3,676,17,a,6,0,7744,16,41518,41518,41519,,,,41554,41521,41536,16,1:15,41537,41552,16,1:15,41538,41553,16,1:15,,,0,,,,0,,,,0,,,,0,,1,2,15,17,1,,,,
multi_tile,3,677,17,a,6,16,7872,16,41557,41557,41558,,,,41593,41560,41575,16,1:15,41576,41591,16,1:15,41577,41592,16,1:15,,,0,,,,0,,,,0,,,,0,,1,2,15,17,1,,,,
multi_tile,3,678,17,a,7,0,8000,16,41596,41596,41597,,,,41632,41599,41614,16,1:15,41615,41630,16,1:15,41616,41631,16,1:15,,,0,,,,0,,,,0,,,,0,,1,2,15,17,1,,,,
multi_tile,3,679,17,a,7,16,8128,8,41635,41635,41636,,,,41655,41638,41645,8,1:7,41646,41653,8,1:7,41647,41654,8,1:7,,,0,,,,0,,,,0,,,,0,,1,2,7,9,1,,,,
multi_tile,3,680,17,a,7,24,8192,8,41658,41658,41659,,,,41678,41661,41668,8,1:7,41669,41676,8,1:7,41670,41677,8,1:7,,,0,,,,0,,,,0,,,,0,,1,2,7,9,1,,,,
multi_tile,3,681,17,bt,0,0,12736,16,41686,41686,41687,,,,41722,41689,41704,16,1:15,41705,41720,16,1:15,41706,41721,16,1:15,,,0,,,,0,,,,0,,,,0,,1,2,15,17,1,,,,
multi_tile,3,682,17,bt,0,16,12864,16,41725,41725,41726,,,,41761,41728,41743,16,1:15,41744,41759,16,1:15,41745,41760,16,1:15,,,0,,,,0,,,,0,,,,0,,1,2,15,17,1,,,,
multi_tile,3,683,17,bt,1,0,12992,16,41764,41764,41765,,,,41800,41767,41782,16,1:15,41783,41798,16,1:15,41784,41799,16,1:15,,,0,,,,0,,,,0,,,,0,,1,2,15,17,1,,,,
multi_tile,3,684,17,bt,1,16,13120,16,41803,41803,41804,,,,41839,41806,41821,16,1:15,41822,41837,16,1:15,41823,41838,16,1:15,,,0,,,,0,,,,0,,,,0,,1,2,15,17,1,,,,
multi_tile,3,685,17,bt,2,0,13248,16,41842,41842,41843,,,,41878,41845,41860,16,1:15,41861,41876,16,1:15,41862,41877,16,1:15,,,0,,,,0,,,,0,,,,0,,1,2,15,17,1,,,,
multi_tile,3,686,17,bt,2,16,13376,16,41881,41881,41882,,,,41917,41884,41899,16,1:15,41900,41915,16,1:15,41901,41916,16,1:15,,,0,,,,0,,,,0,,,,0,,1,2,15,17,1,,,,
multi_tile,3,687,17,bt,3,0,13504,16,41920,41920,41921,,,,41956,41923,41938,16,1:15,41939,41954,16,1:15,41940,41955,16,1:15,,,0,,,,0,,,,0,,,,0,,1,2,15,17,1,,,,
multi_tile,3,688,17,bt,3,16,13632,16,41959,41959,41960,,,,41995,41962,41977,16,1:15,41978,41993,16,1:15,41979,41994,16,1:15,,,0,,,,0,,,,0,,,,0,,1,2,15,17,1,,,,
multi_tile,3,689,17,bt,4,0,13760,16,41998,41998,41999,,,,42034,42001,42016,16,1:15,42017,42032,16,1:15,42018,42033,16,1:15,,,0,,,,0,,,,0,,,,0,,1,2,15,17,1,,,,
multi_tile,3,690,17,bt,4,16,13888,16,42037,42037,42038,,,,42073,42040,42055,16,1:15,42056,42071,16,1:15,42057,42072,16,1:15,,,0,,,,0,,,,0,,,,0,,1,2,15,17,1,,,,
multi_tile,3,691,17,bt,5,0,14016,16,42076,42076,42077,,,,42112,42079,42094,16,1:15,42095,42110,16,1:15,42096,42111,16,1:15,,,0,,,,0,,,,0,,,,0,,1,2,15,17,1,,,,
multi_tile,3,692,17,bt,5,16,14144,16,42115,42115,42116,,,,42151,42118,42133,16,1:15,42134,42149,16,1:15,42135,42150,16,1:15,,,0,,,,0,,,,0,,,,0,,1,2,15,17,1,,,,
multi_tile,3,693,17,bt,6,0,14272,16,42154,42154,42155,,,,42190,42157,42172,16,1:15,42173,42188,16,1:15,42174,42189,16,1:15,,,0,,,,0,,,,0,,,,0,,1,2,15,17,1,,,,
multi_tile,3,694,17,bt,6,16,14400,16,42193,42193,42194,,,,42229,42196,42211,16,1:15,42212,42227,16,1:15,42213,42228,16,1:15,,,0,,,,0,,,,0,,,,0,,1,2,15,17,1,,,,
multi_tile,3,695,17,bt,7,0,14528,16,42232,42232,42233,,,,42268,42235,42250,16,1:15,42251,42266,16,1:15,42252,42267,16,1:15,,,0,,,,0,,,,0,,,,0,,1,2,15,17,1,,,,
multi_tile,3,696,17,bt,7,16,14656,16,42271,42271,42272,,,,42307,42274,42289,16,1:15,42290,42305,16,1:15,42291,42306,16,1:15,,,0,,,,0,,,,0,,,,0,,1,2,15,17,1,,,,
multi_tile,3,697,17,c,0,0,22400,4,43401,43401,,43422,43421,43427,43428,,,0,,,,0,,,,0,,43403,43418,4,5:3,43405,43420,4,5:3,43406,43421,4,5:3,43422,43425,4,1:3,,,,,,20,4,2,1
multi_tile,3,698,17,c,1,0,22592,4,43431,43431,,43452,43451,43457,43458,,,0,,,,0,,,,0,,43433,43448,4,5:3,43435,43450,4,5:3,43436,43451,4,5:3,43452,43455,4,1:3,,,,,,20,4,2,1
multi_tile,3,699,17,c,2,0,22784,4,43461,43461,,43482,43481,43487,43488,,,0,,,,0,,,,0,,43463,43478,4,5:3,43465,43480,4,5:3,43466,43481,4,5:3,43482,43485,4,1:3,,,,,,20,4,2,1
multi_tile,3,700,17,c,3,0,22976,4,43491,43491,,43512,43511,43517,43518,,,0,,,,0,,,,0,,43493,43508,4,5:3,43495,43510,4,5:3,43496,43511,4,5:3,43512,43515,4,1:3,,,,,,20,4,2,1
multi_tile,3,701,17,c,4,0,23168,4,43521,43521,,43542,43541,43547,43548,,,0,,,,0,,,,0,,43523,43538,4,5:3,43525,43540,4,5:3,43526,43541,4,5:3,43542,43545,4,1:3,,,,,,20,4,2,1
multi_tile,3,702,17,c,5,0,23360,4,43551,43551,,43572,43571,43577,43578,,,0,,,,0,,,,0,,43553,43568,4,5:3,43555,43570,4,5:3,43556,43571,4,5:3,43572,43575,4,1:3,,,,,,20,4,2,1
multi_tile,3,703,17,c,6,0,23552,4,43581,43581,,43602,43601,43607,43608,,,0,,,,0,,,,0,,43583,43598,4,5:3,43585,43600,4,5:3,43586,43601,4,5:3,43602,43605,4,1:3,,,,,,20,4,2,1
multi_tile,3,704,17,c,7,0,23744,4,43611,43611,,43632,43631,43637,43638,,,0,,,,0,,,,0,,43613,43628,4,5:3,43615,43630,4,5:3,43616,43631,4,5:3,43632,43635,4,1:3,,,,,,20,4,2,1
multi_tile,3,705,18,a,0,0,6208,16,43647,43647,43648,,,,43683,43650,43665,16,1:15,43666,43681,16,1:15,43667,43682,16,1:15,,,0,,,,0,,,,0,,,,0,,1,2,15,17,1,,,,
multi_tile,3,706,18,a,0,16,6336,16,43686,43686,43687,,,,43722,43689,43704,16,1:15,43705,43720,16,1:15,43706,43721,16,1:15,,,0,,,,0,,,,0,,,,0,,1,2,15,17,1,,,,
multi_tile,3,707,18,a,1,0,6464,16,43725,43725,43726,,,,43761,43728,43743,16,1:15,43744,43759,16,1:15,43745,43760,16,1:15,,,0,,,,0,,,,0,,,,0,,1,2,15,17,1,,,,
multi_tile,3,708,18,a,1,16,6592,16,43764,43764,43765,,,,43800,43767,43782,16,1:15,43783,43798,16,1:15,43784,43799,16,1:15,,,0,,,,0,,,,0,,,,0,,1,2,15,17,1,,,,
multi_tile,3,709,18,a,2,0,6720,16,43803,43803,43804,,,,43839,43806,43821,16,1:15,43822,43837,16,1:15,43823,43838,16,1:15,,,0,,,,0,,,,0,,,,0,,1,2,15,17,1,,,,
multi_tile,3,710,18,a,2,16,6848,16,43842,43842,43843,,,,43878,43845,43860,16,1:15,43861,43876,16,1:15,43862,43877,16,1:15,,,0,,,,0,,,,0,,,,0,,1,2,15,17,1,,,,
multi_tile,3,711,18,a,3,0,6976,16,43881,43881,43882,,,,43917,43884,43899,16,1:15,43900,43915,16,1:15,43901,43916,16,1:15,,,0,,,,0,,,,0,,,,0,,1,2,15,17,1,,,,
multi_tile,3,712,18,a,3,16,7104,16,43920,43920,43921,,,,43956,43923,43938,16,1:15,43939,43954,16,1:15,43940,43955,16,1:15,,,0,,,,0,,,,0,,,,0,,1,2,15,17,1,,,,
multi_tile,3,713,18,a,4,0,7232,16,43959,43959,43960,,,,43995,43962,43977,16,1:15,43978,43993,16,1:15,43979,43994,16,1:15,,,0,,,,0,,,,0,,,,0,,1,2,15,17,1,,,,
multi_tile,3,714,18,a,4,16,7360,16,43998,43998,43999,,,,44034,44001,44016,16,1:15,44017,44032,16,1:15,44018,44033,16,1:15,,,0,,,,0,,,,0,,,,0,,1,2,15,17,1,,,,
multi_tile,3,715,18,a,5,0,7488,16,44037,44037,44038,,,,44073,44040,44055,16,1:15,44056,44071,16,1:15,44057,44072,16,1:15,,,0,,,,0,,,,0,,,,0,,1,2,15,17,1,,,,
multi_tile,3,716,18,a,5,16,7616,16,44076,44076,44077,,,,44112,44079,44094,16,1:15,44095,44110,16,1:15,44096,44111,16,1:15,,,0,,,,0,,,,0,,,,0,,1,2,15,17,1,,,,
multi_tile,3,717,18,a,6,0,7744,16,44115,44115,44116,,,,44151,44118,44133,16,1:15,44134,44149,16,1:15,44135,44150,16,1:15,,,0,,,,0,,,,0,,,,0,,1,2,15,17,1,,,,
multi_tile,3,718,18,a,6,16,7872,16,44154,44154,44155,,,,44190,44157,44172,16,1:15,44173,44188,16,1:15,44174,44189,16,1:15,,,0,,,,0,,,,0,,,,0,,1,2,15,17,1,,,,
multi_tile,3,719,18,a,7,0,8000,16,44193,44193,44194,,,,44229,44196,44211,16,1:15,44212,44227,16,1:15,44213,44228,16,1:15,,,0,,,,0,,,,0,,,,0,,1,2,15,17,1,,,,
multi_tile,3,720,18,a,7,16,8128,8,44232,44232,44233,,,,44252,44235,44242,8,1:7,44243,44250,8,1:7,44244,44251,8,1:7,,,0,,,,0,,,,0,,,,0,,1,2,7,9,1,,,,
multi_tile,3,721,18,a,7,24,8192,8,44255,44255,44256,,,,44275,44258,44265,8,1:7,44266,44273,8,1:7,44267,44274,8,1:7,,,0,,,,0,,,,0,,,,0,,1,2,7,9,1,,,,
multi_tile,3,722,18,bt,0,0,14784,16,44283,44283,44284,,,,44319,44286,44301,16,1:15,44302,44317,16,1:15,44303,44318,16,1:15,,,0,,,,0,,,,0,,,,0,,1,2,15,17,1,,,,
multi_tile,3,723,18,bt,0,16,14912,16,44322,44322,44323,,,,44358,44325,44340,16,1:15,44341,44356,16,1:15,44342,44357,16,1:15,,,0,,,,0,,,,0,,,,0,,1,2,15,17,1,,,,
multi_tile,3,724,18,bt,1,0,15040,16,44361,44361,44362,,,,44397,44364,44379,16,1:15,44380,44395,16,1:15,44381,44396,16,1:15,,,0,,,,0,,,,0,,,,0,,1,2,15,17,1,,,,
multi_tile,3,725,18,bt,1,16,15168,16,44400,44400,44401,,,,44436,44403,44418,16,1:15,44419,44434,16,1:15,44420,44435,16,1:15,,,0,,,,0,,,,0,,,,0,,1,2,15,17,1,,,,
multi_tile,3,726,18,bt,2,0,15296,16,44439,44439,44440,,,,44475,44442,44457,16,1:15,44458,44473,16,1:15,44459,44474,16,1:15,,,0,,,,0,,,,0,,,,0,,1,2,15,17,1,,,,
multi_tile,3,727,18,bt,2,16,15424,16,44478,44478,44479,,,,44514,44481,44496,16,1:15,44497,44512,16,1:15,44498,44513,16,1:15,,,0,,,,0,,,,0,,,,0,,1,2,15,17,1,,,,
multi_tile,3,728,18,bt,3,0,15552,16,44517,44517,44518,,,,44553,44520,44535,16,1:15,44536,44551,16,1:15,44537,44552,16,1:15,,,0,,,,0,,,,0,,,,0,,1,2,15,17,1,,,,
multi_tile,3,729,18,bt,3,16,15680,16,44556,44556,44557,,,,44592,44559,44574,16,1:15,44575,44590,16,1:15,44576,44591,16,1:15,,,0,,,,0,,,,0,,,,0,,1,2,15,17,1,,,,
multi_tile,3,730,18,bt,4,0,15808,16,44595,44595,44596,,,,44631,44598,44613,16,1:15,44614,44629,16,1:15,44615,44630,16,1:15,,,0,,,,0,,,,0,,,,0,,1,2,15,17,1,,,,
multi_tile,3,731,18,bt,4,16,15936,16,44634,44634,44635,,,,44670,44637,44652,16,1:15,44653,44668,16,1:15,44654,44669,16,1:15,,,0,,,,0,,,,0,,,,0,,1,2,15,17,1,,,,
multi_tile,3,732,18,bt,5,0,16064,16,44673,44673,44674,,,,44709,44676,44691,16,1:15,44692,44707,16,1:15,44693,44708,16,1:15,,,0,,,,0,,,,0,,,,0,,1,2,15,17,1,,,,
multi_tile,3,733,18,bt,5,16,16192,16,44712,44712,44713,,,,44748,44715,44730,16,1:15,44731,44746,16,1:15,44732,44747,16,1:15,,,0,,,,0,,,,0,,,,0,,1,2,15,17,1,,,,
multi_tile,3,734,18,bt,6,0,16320,8,44751,44751,44752,,,,44771,44754,44761,8,1:7,44762,44769,8,1:7,44763,44770,8,1:7,,,0,,,,0,,,,0,,,,0,,1,2,7,9,1,,,,
multi_tile,3,735,18,bt,6,8,16384,16,44774,44774,44775,,,,44810,44777,44792,16,1:15,44793,44808,16,1:15,44794,44809,16,1:15,,,0,,,,0,,,,0,,,,0,,1,2,15,17,1,,,,
multi_tile,3,736,18,bt,6,24,16512,8,44813,44813,44814,,,,44833,44816,44823,8,1:7,44824,44831,8,1:7,44825,44832,8,1:7,,,0,,,,0,,,,0,,,,0,,1,2,7,9,1,,,,
multi_tile,3,737,18,bt,7,0,16576,16,44836,44836,44837,,,,44872,44839,44854,16,1:15,44855,44870,16,1:15,44856,44871,16,1:15,,,0,,,,0,,,,0,,,,0,,1,2,15,17,1,,,,
multi_tile,3,738,18,bt,7,16,16704,16,44875,44875,44876,,,,44911,44878,44893,16,1:15,44894,44909,16,1:15,44895,44910,16,1:15,,,0,,,,0,,,,0,,,,0,,1,2,15,17,1,,,,
multi_tile,3,739,18,c,0,0,22432,4,46005,46005,,46026,46025,46031,46032,,,0,,,,0,,,,0,,46007,46022,4,5:3,46009,46024,4,5:3,46010,46025,4,5:3,46026,46029,4,1:3,,,,,,20,4,2,1
multi_tile,3,740,18,c,1,0,22624,4,46035,46035,,46056,46055,46061,46062,,,0,,,,0,,,,0,,46037,46052,4,5:3,46039,46054,4,5:3,46040,46055,4,5:3,46056,46059,4,1:3,,,,,,20,4,2,1
multi_tile,3,741,18,c,2,0,22816,4,46065,46065,,46086,46085,46091,46092,,,0,,,,0,,,,0,,46067,46082,4,5:3,46069,46084,4,5:3,46070,46085,4,5:3,46086,46089,4,1:3,,,,,,20,4,2,1
multi_tile,3,742,18,c,3,0,23008,4,46095,46095,,46116,46115,46121,46122,,,0,,,,0,,,,0,,46097,46112,4,5:3,46099,46114,4,5:3,46100,46115,4,5:3,46116,46119,4,1:3,,,,,,20,4,2,1
multi_tile,3,743,18,c,4,0,23200,4,46125,46125,,46146,46145,46151,46152,,,0,,,,0,,,,0,,46127,46142,4,5:3,46129,46144,4,5:3,46130,46145,4,5:3,46146,46149,4,1:3,,,,,,20,4,2,1
multi_tile,3,744,18,c,5,0,23392,4,46155,46155,,46176,46175,46181,46182,,,0,,,,0,,,,0,,46157,46172,4,5:3,46159,46174,4,5:3,46160,46175,4,5:3,46176,46179,4,1:3,,,,,,20,4,2,1
multi_tile,3,745,18,c,6,0,23584,4,46185,46185,,46206,46205,46211,46212,,,0,,,,0,,,,0,,46187,46202,4,5:3,46189,46204,4,5:3,46190,46205,4,5:3,46206,46209,4,1:3,,,,,,20,4,2,1
multi_tile,3,746,18,c,7,0,23776,4,46215,46215,,46236,46235,46241,46242,,,0,,,,0,,,,0,,46217,46232,4,5:3,46219,46234,4,5:3,46220,46235,4,5:3,46236,46239,4,1:3,,,,,,20,4,2,1
multi_tile,3,747,19,a,0,0,6208,16,46251,46251,46252,,,,46287,46254,46269,16,1:15,46270,46285,16,1:15,46271,46286,16,1:15,,,0,,,,0,,,,0,,,,0,,1,2,15,17,1,,,,
multi_tile,3,748,19,a,0,16,6336,16,46290,46290,46291,,,,46326,46293,46308,16,1:15,46309,46324,16,1:15,46310,46325,16,1:15,,,0,,,,0,,,,0,,,,0,,1,2,15,17,1,,,,
multi_tile,3,749,19,a,1,0,6464,16,46329,46329,46330,,,,46365,46332,46347,16,1:15,46348,46363,16,1:15,46349,46364,16,1:15,,,0,,,,0,,,,0,,,,0,,1,2,15,17,1,,,,
multi_tile,3,750,19,a,1,16,6592,16,46368,46368,46369,,,,46404,46371,46386,16,1:15,46387,46402,16,1:15,46388,46403,16,1:15,,,0,,,,0,,,,0,,,,0,,1,2,15,17,1,,,,
multi_tile,3,751,19,a,2,0,6720,16,46407,46407,46408,,,,46443,46410,46425,16,1:15,46426,46441,16,1:15,46427,46442,16,1:15,,,0,,,,0,,,,0,,,,0,,1,2,15,17,1,,,,
multi_tile,3,752,19,a,2,16,6848,16,46446,46446,46447,,,,46482,46449,46464,16,1:15,46465,46480,16,1:15,46466,46481,16,1:15,,,0,,,,0,,,,0,,,,0,,1,2,15,17,1,,,,
multi_tile,3,753,19,a,3,0,6976,16,46485,46485,46486,,,,46521,46488,46503,16,1:15,46504,46519,16,1:15,46505,46520,16,1:15,,,0,,,,0,,,,0,,,,0,,1,2,15,17,1,,,,
multi_tile,3,754,19,a,3,16,7104,16,46524,46524,46525,,,,46560,46527,46542,16,1:15,46543,46558,16,1:15,46544,46559,16,1:15,,,0,,,,0,,,,0,,,,0,,1,2,15,17,1,,,,
multi_tile,3,755,19,a,4,0,7232,16,46563,46563,46564,,,,46599,46566,46581,16,1:15,46582,46597,16,1:15,46583,46598,16,1:15,,,0,,,,0,,,,0,,,,0,,1,2,15,17,1,,,,
multi_tile,3,756,19,a,4,16,7360,16,46602,46602,46603,,,,46638,46605,46620,16,1:15,46621,46636,16,1:15,46622,46637,16,1:15,,,0,,,,0,,,,0,,,,0,,1,2,15,17,1,,,,
multi_tile,3,757,19,a,5,0,7488,16,46641,46641,46642,,,,46677,46644,46659,16,1:15,46660,46675,16,1:15,46661,46676,16,1:15,,,0,,,,0,,,,0,,,,0,,1,2,15,17,1,,,,
multi_tile,3,758,19,a,5,16,7616,16,46680,46680,46681,,,,46716,46683,46698,16,1:15,46699,46714,16,1:15,46700,46715,16,1:15,,,0,,,,0,,,,0,,,,0,,1,2,15,17,1,,,,
multi_tile,3,759,19,a,6,0,7744,16,46719,46719,46720,,,,46755,46722,46737,16,1:15,46738,46753,16,1:15,46739,46754,16,1:15,,,0,,,,0,,,,0,,,,0,,1,2,15,17,1,,,,
multi_tile,3,760,19,a,6,16,7872,16,46758,46758,46759,,,,46794,46761,46776,16,1:15,46777,46792,16,1:15,46778,46793,16,1:15,,,0,,,,0,,,,0,,,,0,,1,2,15,17,1,,,,
multi_tile,3,761,19,a,7,0,8000,16,46797,46797,46798,,,,46833,46800,46815,16,1:15,46816,46831,16,1:15,46817,46832,16,1:15,,,0,,,,0,,,,0,,,,0,,1,2,15,17,1,,,,
multi_tile,3,762,19,a,7,16,8128,8,46836,46836,46837,,,,46856,46839,46846,8,1:7,46847,46854,8,1:7,46848,46855,8,1:7,,,0,,,,0,,,,0,,,,0,,1,2,7,9,1,,,,
multi_tile,3,763,19,a,7,24,8192,8,46859,46859,46860,,,,46879,46862,46869,8,1:7,46870,46877,8,1:7,46871,46878,8,1:7,,,0,,,,0,,,,0,,,,0,,1,2,7,9,1,,,,
multi_tile,3,764,19,bt,0,0,16832,16,46887,46887,46888,,,,46923,46890,46905,16,1:15,46906,46921,16,1:15,46907,46922,16,1:15,,,0,,,,0,,,,0,,,,0,,1,2,15,17,1,,,,
multi_tile,3,765,19,bt,0,16,16960,16,46926,46926,46927,,,,46962,46929,46944,16,1:15,46945,46960,16,1:15,46946,46961,16,1:15,,,0,,,,0,,,,0,,,,0,,1,2,15,17,1,,,,
multi_tile,3,766,19,bt,1,0,17088,16,46965,46965,46966,,,,47001,46968,46983,16,1:15,46984,46999,16,1:15,46985,47000,16,1:15,,,0,,,,0,,,,0,,,,0,,1,2,15,17,1,,,,
multi_tile,3,767,19,bt,1,16,17216,16,47004,47004,47005,,,,47040,47007,47022,16,1:15,47023,47038,16,1:15,47024,47039,16,1:15,,,0,,,,0,,,,0,,,,0,,1,2,15,17,1,,,,
multi_tile,3,768,19,bt,2,0,17344,16,47043,47043,47044,,,,47079,47046,47061,16,1:15,47062,47077,16,1:15,47063,47078,16,1:15,,,0,,,,0,,,,0,,,,0,,1,2,15,17,1,,,,
multi_tile,3,769,19,bt,2,16,17472,16,47082,47082,47083,,,,47118,47085,47100,16,1:15,47101,47116,16,1:15,47102,47117,16,1:15,,,0,,,,0,,,,0,,,,0,,1,2,15,17,1,,,,
multi_tile,3,770,19,c,0,0,22464,2,47670,47670,,47681,47680,47684,47685,,,0,,,,0,,,,0,,47672,47677,2,5:1,47674,47679,2,5:1,47675,47680,2,5:1,47681,47682,2,1:1,,,,,,10,2,2,1
multi_tile,3,771,19,c,1,0,22656,2,47688,47688,,47699,47698,47702,47703,,,0,,,,0,,,,0,,47690,47695,2,5:1,47692,47697,2,5:1,47693,47698,2,5:1,47699,47700,2,1:1,,,,,,10,2,2,1
multi_tile,3,772,19,c,2,0,22848,2,47706,47706,,47717,47716,47720,47721,,,0,,,,0,,,,0,,47708,47713,2,5:1,47710,47715,2,5:1,47711,47716,2,5:1,47717,47718,2,1:1,,,,,,10,2,2,1
multi_tile,3,773,19,c,3,0,23040,2,47724,47724,,47735,47734,47738,47739,,,0,,,,0,,,,0,,47726,47731,2,5:1,47728,47733,2,5:1,47729,47734,2,5:1,47735,47736,2,1:1,,,,,,10,2,2,1
multi_tile,3,774,19,c,4,0,23232,2,47742,47742,,47753,47752,47756,47757,,,0,,,,0,,,,0,,47744,47749,2,5:1,47746,47751,2,5:1,47747,47752,2,5:1,47753,47754,2,1:1,,,,,,10,2,2,1
multi_tile,3,775,19,c,5,0,23424,2,47760,47760,,47771,47770,47774,47775,,,0,,,,0,,,,0,,47762,47767,2,5:1,47764,47769,2,5:1,47765,47770,2,5:1,47771,47772,2,1:1,,,,,,10,2,2,1
multi_tile,3,776,19,c,6,0,23616,2,47778,47778,,47789,47788,47792,47793,,,0,,,,0,,,,0,,47780,47785,2,5:1,47782,47787,2,5:1,47783,47788,2,5:1,47789,47790,2,1:1,,,,,,10,2,2,1
multi_tile,3,777,19,c,7,0,23808,2,47796,47796,,47807,47806,47810,47811,,,0,,,,0,,,,0,,47798,47803,2,5:1,47800,47805,2,5:1,47801,47806,2,5:1,47807,47808,2,1:1,,,,,,10,2,2,1
multi_tile,3,778,20,a,0,0,8256,16,47820,47820,47821,,,,47856,47823,47838,16,1:15,47839,47854,16,1:15,47840,47855,16,1:15,,,0,,,,0,,,,0,,,,0,,1,2,15,17,1,,,,
multi_tile,3,779,20,a,0,16,8384,16,47859,47859,47860,,,,47895,47862,47877,16,1:15,47878,47893,16,1:15,47879,47894,16,1:15,,,0,,,,0,,,,0,,,,0,,1,2,15,17,1,,,,
multi_tile,3,780,20,bt,0,0,8640,16,47903,47903,47904,,,,47939,47906,47921,16,1:15,47922,47937,16,1:15,47923,47938,16,1:15,,,0,,,,0,,,,0,,,,0,,1,2,15,17,1,,,,
multi_tile,3,781,20,bt,0,16,8768,16,47942,47942,47943,,,,47978,47945,47960,16,1:15,47961,47976,16,1:15,47962,47977,16,1:15,,,0,,,,0,,,,0,,,,0,,1,2,15,17,1,,,,
multi_tile,3,782,20,bt,1,0,8896,16,47981,47981,47982,,,,48017,47984,47999,16,1:15,48000,48015,16,1:15,48001,48016,16,1:15,,,0,,,,0,,,,0,,,,0,,1,2,15,17,1,,,,
multi_tile,3,783,20,bt,1,16,9024,16,48020,48020,48021,,,,48056,48023,48038,16,1:15,48039,48054,16,1:15,48040,48055,16,1:15,,,0,,,,0,,,,0,,,,0,,1,2,15,17,1,,,,
multi_tile,3,784,20,bt,2,0,9152,16,48059,48059,48060,,,,48095,48062,48077,16,1:15,48078,48093,16,1:15,48079,48094,16,1:15,,,0,,,,0,,,,0,,,,0,,1,2,15,17,1,,,,
multi_tile,3,785,20,bt,2,16,9280,16,48098,48098,48099,,,,48134,48101,48116,16,1:15,48117,48132,16,1:15,48118,48133,16,1:15,,,0,,,,0,,,,0,,,,0,,1,2,15,17,1,,,,
multi_tile,3,786,20,bt,3,0,9408,16,48137,48137,48138,,,,48173,48140,48155,16,1:15,48156,48171,16,1:15,48157,48172,16,1:15,,,0,,,,0,,,,0,,,,0,,1,2,15,17,1,,,,
multi_tile,3,787,20,bt,3,16,9536,16,48176,48176,48177,,,,48212,48179,48194,16,1:15,48195,48210,16,1:15,48196,48211,16,1:15,,,0,,,,0,,,,0,,,,0,,1,2,15,17,1,,,,
multi_tile,3,788,20,bt,4,0,9664,16,48215,48215,48216,,,,48251,48218,48233,16,1:15,48234,48249,16,1:15,48235,48250,16,1:15,,,0,,,,0,,,,0,,,,0,,1,2,15,17,1,,,,
multi_tile,3,789,20,bt,4,16,9792,16,48254,48254,48255,,,,48290,48257,48272,16,1:15,48273,48288,16,1:15,48274,48289,16,1:15,,,0,,,,0,,,,0,,,,0,,1,2,15,17,1,,,,
multi_tile,3,790,20,bt,5,0,9920,16,48293,48293,48294,,,,48329,48296,48311,16,1:15,48312,48327,16,1:15,48313,48328,16,1:15,,,0,,,,0,,,,0,,,,0,,1,2,15,17,1,,,,
multi_tile,3,791,20,bt,5,16,10048,16,48332,48332,48333,,,,48368,48335,48350,16,1:15,48351,48366,16,1:15,48352,48367,16,1:15,,,0,,,,0,,,,0,,,,0,,1,2,15,17,1,,,,
multi_tile,3,792,20,bt,6,0,10176,16,48371,48371,48372,,,,48407,48374,48389,16,1:15,48390,48405,16,1:15,48391,48406,16,1:15,,,0,,,,0,,,,0,,,,0,,1,2,15,17,1,,,,
multi_tile,3,793,20,bt,6,16,10304,16,48410,48410,48411,,,,48446,48413,48428,16,1:15,48429,48444,16,1:15,48430,48445,16,1:15,,,0,,,,0,,,,0,,,,0,,1,2,15,17,1,,,,
multi_tile,3,794,20,bt,7,0,10432,16,48449,48449,48450,,,,48485,48452,48467,16,1:15,48468,48483,16,1:15,48469,48484,16,1:15,,,0,,,,0,,,,0,,,,0,,1,2,15,17,1,,,,
multi_tile,3,795,20,bt,7,16,10560,16,48488,48488,48489,,,,48524,48491,48506,16,1:15,48507,48522,16,1:15,48508,48523,16,1:15,,,0,,,,0,,,,0,,,,0,,1,2,15,17,1,,,,
multi_tile,3,796,20,c,0,0,23872,4,49076,49076,,49097,49096,49102,49103,,,0,,,,0,,,,0,,49078,49093,4,5:3,49080,49095,4,5:3,49081,49096,4,5:3,49097,49100,4,1:3,,,,,,20,4,2,1
multi_tile,3,797,21,a,0,0,8256,16,49112,49112,49113,,,,49148,49115,49130,16,1:15,49131,49146,16,1:15,49132,49147,16,1:15,,,0,,,,0,,,,0,,,,0,,1,2,15,17,1,,,,
multi_tile,3,798,21,a,0,16,8384,16,49151,49151,49152,,,,49187,49154,49169,16,1:15,49170,49185,16,1:15,49171,49186,16,1:15,,,0,,,,0,,,,0,,,,0,,1,2,15,17,1,,,,
multi_tile,3,799,21,bt,0,0,10688,16,49195,49195,49196,,,,49231,49198,49213,16,1:15,49214,49229,16,1:15,49215,49230,16,1:15,,,0,,,,0,,,,0,,,,0,,1,2,15,17,1,,,,
multi_tile,3,800,21,bt,0,16,10816,16,49234,49234,49235,,,,49270,49237,49252,16,1:15,49253,49268,16,1:15,49254,49269,16,1:15,,,0,,,,0,,,,0,,,,0,,1,2,15,17,1,,,,
multi_tile,3,801,21,bt,1,0,10944,16,49273,49273,49274,,,,49309,49276,49291,16,1:15,49292,49307,16,1:15,49293,49308,16,1:15,,,0,,,,0,,,,0,,,,0,,1,2,15,17,1,,,,
multi_tile,3,802,21,bt,1,16,11072,16,49312,49312,49313,,,,49348,49315,49330,16,1:15,49331,49346,16,1:15,49332,49347,16,1:15,,,0,,,,0,,,,0,,,,0,,1,2,15,17,1,,,,
multi_tile,3,803,21,bt,2,0,11200,16,49351,49351,49352,,,,49387,49354,49369,16,1:15,49370,49385,16,1:15,49371,49386,16,1:15,,,0,,,,0,,,,0,,,,0,,1,2,15,17,1,,,,
multi_tile,3,804,21,bt,2,16,11328,16,49390,49390,49391,,,,49426,49393,49408,16,1:15,49409,49424,16,1:15,49410,49425,16,1:15,,,0,,,,0,,,,0,,,,0,,1,2,15,17,1,,,,
multi_tile,3,805,21,bt,3,0,11456,16,49429,49429,49430,,,,49465,49432,49447,16,1:15,49448,49463,16,1:15,49449,49464,16,1:15,,,0,,,,0,,,,0,,,,0,,1,2,15,17,1,,,,
multi_tile,3,806,21,bt,3,16,11584,16,49468,49468,49469,,,,49504,49471,49486,16,1:15,49487,49502,16,1:15,49488,49503,16,1:15,,,0,,,,0,,,,0,,,,0,,1,2,15,17,1,,,,
multi_tile,3,807,21,bt,4,0,11712,16,49507,49507,49508,,,,49543,49510,49525,16,1:15,49526,49541,16,1:15,49527,49542,16,1:15,,,0,,,,0,,,,0,,,,0,,1,2,15,17,1,,,,
multi_tile,3,808,21,bt,4,16,11840,16,49546,49546,49547,,,,49582,49549,49564,16,1:15,49565,49580,16,1:15,49566,49581,16,1:15,,,0,,,,0,,,,0,,,,0,,1,2,15,17,1,,,,
multi_tile,3,809,21,bt,5,0,11968,16,49585,49585,49586,,,,49621,49588,49603,16,1:15,49604,49619,16,1:15,49605,49620,16,1:15,,,0,,,,0,,,,0,,,,0,,1,2,15,17,1,,,,
multi_tile,3,810,21,bt,5,16,12096,16,49624,49624,49625,,,,49660,49627,49642,16,1:15,49643,49658,16,1:15,49644,49659,16,1:15,,,0,,,,0,,,,0,,,,0,,1,2,15,17,1,,,,
multi_tile,3,811,21,bt,6,0,12224,8,49663,49663,49664,,,,49683,49666,49673,8,1:7,49674,49681,8,1:7,49675,49682,8,1:7,,,0,,,,0,,,,0,,,,0,,1,2,7,9,1,,,,
multi_tile,3,812,21,bt,6,8,12288,16,49686,49686,49687,,,,49722,49689,49704,16,1:15,49705,49720,16,1:15,49706,49721,16,1:15,,,0,,,,0,,,,0,,,,0,,1,2,15,17,1,,,,
multi_tile,3,813,21,bt,6,24,12416,8,49725,49725,49726,,,,49745,49728,49735,8,1:7,49736,49743,8,1:7,49737,49744,8,1:7,,,0,,,,0,,,,0,,,,0,,1,2,7,9,1,,,,
multi_tile,3,814,21,bt,7,0,12480,16,49748,49748,49749,,,,49784,49751,49766,16,1:15,49767,49782,16,1:15,49768,49783,16,1:15,,,0,,,,0,,,,0,,,,0,,1,2,15,17,1,,,,
multi_tile,3,815,21,bt,7,16,12608,16,49787,49787,49788,,,,49823,49790,49805,16,1:15,49806,49821,16,1:15,49807,49822,16,1:15,,,0,,,,0,,,,0,,,,0,,1,2,15,17,1,,,,
multi_tile,3,816,21,c,0,0,23904,4,50375,50375,,50396,50395,50401,50402,,,0,,,,0,,,,0,,50377,50392,4,5:3,50379,50394,4,5:3,50380,50395,4,5:3,50396,50399,4,1:3,,,,,,20,4,2,1
multi_tile,3,817,22,a,0,0,8256,16,50411,50411,50412,,,,50447,50414,50429,16,1:15,50430,50445,16,1:15,50431,50446,16,1:15,,,0,,,,0,,,,0,,,,0,,1,2,15,17,1,,,,
multi_tile,3,818,22,a,0,16,8384,16,50450,50450,50451,,,,50486,50453,50468,16,1:15,50469,50484,16,1:15,50470,50485,16,1:15,,,0,,,,0,,,,0,,,,0,,1,2,15,17,1,,,,
multi_tile,3,819,22,bt,0,0,12736,16,50494,50494,50495,,,,50530,50497,50512,16,1:15,50513,50528,16,1:15,50514,50529,16,1:15,,,0,,,,0,,,,0,,,,0,,1,2,15,17,1,,,,
multi_tile,3,820,22,bt,0,16,12864,16,50533,50533,50534,,,,50569,50536,50551,16,1:15,50552,50567,16,1:15,50553,50568,16,1:15,,,0,,,,0,,,,0,,,,0,,1,2,15,17,1,,,,
multi_tile,3,821,22,bt,1,0,12992,16,50572,50572,50573,,,,50608,50575,50590,16,1:15,50591,50606,16,1:15,50592,50607,16,1:15,,,0,,,,0,,,,0,,,,0,,1,2,15,17,1,,,,
multi_tile,3,822,22,bt,1,16,13120,16,50611,50611,50612,,,,50647,50614,50629,16,1:15,50630,50645,16,1:15,50631,50646,16,1:15,,,0,,,,0,,,,0,,,,0,,1,2,15,17,1,,,,
multi_tile,3,823,22,bt,2,0,13248,16,50650,50650,50651,,,,50686,50653,50668,16,1:15,50669,50684,16,1:15,50670,50685,16,1:15,,,0,,,,0,,,,0,,,,0,,1,2,15,17,1,,,,
multi_tile,3,824,22,bt,2,16,13376,16,50689,50689,50690,,,,50725,50692,50707,16,1:15,50708,50723,16,1:15,50709,50724,16,1:15,,,0,,,,0,,,,0,,,,0,,1,2,15,17,1,,,,
multi_tile,3,825,22,bt,3,0,13504,16,50728,50728,50729,,,,50764,50731,50746,16,1:15,50747,50762,16,1:15,50748,50763,16,1:15,,,0,,,,0,,,,0,,,,0,,1,2,15,17,1,,,,
multi_tile,3,826,22,bt,3,16,13632,16,50767,50767,50768,,,,50803,50770,50785,16,1:15,50786,50801,16,1:15,50787,50802,16,1:15,,,0,,,,0,,,,0,,,,0,,1,2,15,17,1,,,,
multi_tile,3,827,22,bt,4,0,13760,16,50806,50806,50807,,,,50842,50809,50824,16,1:15,50825,50840,16,1:15,50826,50841,16,1:15,,,0,,,,0,,,,0,,,,0,,1,2,15,17,1,,,,
multi_tile,3,828,22,bt,4,16,13888,16,50845,50845,50846,,,,50881,50848,50863,16,1:15,50864,50879,16,1:15,50865,50880,16,1:15,,,0,,,,0,,,,0,,,,0,,1,2,15,17,1,,,,
multi_tile,3,829,22,bt,5,0,14016,16,50884,50884,50885,,,,50920,50887,50902,16,1:15,50903,50918,16,1:15,50904,50919,16,1:15,,,0,,,,0,,,,0,,,,0,,1,2,15,17,1,,,,
multi_tile,3,830,22,bt,5,16,14144,16,50923,50923,50924,,,,50959,50926,50941,16,1:15,50942,50957,16,1:15,50943,50958,16,1:15,,,0,,,,0,,,,0,,,,0,,1,2,15,17,1,,,,
multi_tile,3,831,22,bt,6,0,14272,16,50962,50962,50963,,,,50998,50965,50980,16,1:15,50981,50996,16,1:15,50982,50997,16,1:15,,,0,,,,0,,,,0,,,,0,,1,2,15,17,1,,,,
multi_tile,3,832,22,bt,6,16,14400,16,51001,51001,51002,,,,51037,51004,51019,16,1:15,51020,51035,16,1:15,51021,51036,16,1:15,,,0,,,,0,,,,0,,,,0,,1,2,15,17,1,,,,
multi_tile,3,833,22,bt,7,0,14528,16,51040,51040,51041,,,,51076,51043,51058,16,1:15,51059,51074,16,1:15,51060,51075,16,1:15,,,0,,,,0,,,,0,,,,0,,1,2,15,17,1,,,,
multi_tile,3,834,22,bt,7,16,14656,16,51079,51079,51080,,,,51115,51082,51097,16,1:15,51098,51113,16,1:15,51099,51114,16,1:15,,,0,,,,0,,,,0,,,,0,,1,2,15,17,1,,,,
multi_tile,3,835,22,c,0,0,23936,4,51667,51667,,51688,51687,51693,51694,,,0,,,,0,,,,0,,51669,51684,4,5:3,51671,51686,4,5:3,51672,51687,4,5:3,51688,51691,4,1:3,,,,,,20,4,2,1
multi_tile,3,836,23,a,0,0,8256,16,51703,51703,51704,,,,51739,51706,51721,16,1:15,51722,51737,16,1:15,51723,51738,16,1:15,,,0,,,,0,,,,0,,,,0,,1,2,15,17,1,,,,
multi_tile,3,837,23,a,0,16,8384,16,51742,51742,51743,,,,51778,51745,51760,16,1:15,51761,51776,16,1:15,51762,51777,16,1:15,,,0,,,,0,,,,0,,,,0,,1,2,15,17,1,,,,
multi_tile,3,838,23,bt,0,0,14784,16,51786,51786,51787,,,,51822,51789,51804,16,1:15,51805,51820,16,1:15,51806,51821,16,1:15,,,0,,,,0,,,,0,,,,0,,1,2,15,17,1,,,,
multi_tile,3,839,23,bt,0,16,14912,16,51825,51825,51826,,,,51861,51828,51843,16,1:15,51844,51859,16,1:15,51845,51860,16,1:15,,,0,,,,0,,,,0,,,,0,,1,2,15,17,1,,,,
multi_tile,3,840,23,bt,1,0,15040,16,51864,51864,51865,,,,51900,51867,51882,16,1:15,51883,51898,16,1:15,51884,51899,16,1:15,,,0,,,,0,,,,0,,,,0,,1,2,15,17,1,,,,
multi_tile,3,841,23,bt,1,16,15168,16,51903,51903,51904,,,,51939,51906,51921,16,1:15,51922,51937,16,1:15,51923,51938,16,1:15,,,0,,,,0,,,,0,,,,0,,1,2,15,17,1,,,,
multi_tile,3,842,23,bt,2,0,15296,16,51942,51942,51943,,,,51978,51945,51960,16,1:15,51961,51976,16,1:15,51962,51977,16,1:15,,,0,,,,0,,,,0,,,,0,,1,2,15,17,1,,,,
multi_tile,3,843,23,bt,2,16,15424,16,51981,51981,51982,,,,52017,51984,51999,16,1:15,52000,52015,16,1:15,52001,52016,16,1:15,,,0,,,,0,,,,0,,,,0,,1,2,15,17,1,,,,
multi_tile,3,844,23,bt,3,0,15552,16,52020,52020,52021,,,,52056,52023,52038,16,1:15,52039,52054,16,1:15,52040,52055,16,1:15,,,0,,,,0,,,,0,,,,0,,1,2,15,17,1,,,,
multi_tile,3,845,23,bt,3,16,15680,16,52059,52059,52060,,,,52095,52062,52077,16,1:15,52078,52093,16,1:15,52079,52094,16,1:15,,,0,,,,0,,,,0,,,,0,,1,2,15,17,1,,,,
multi_tile,3,846,23,bt,4,0,15808,16,52098,52098,52099,,,,52134,52101,52116,16,1:15,52117,52132,16,1:15,52118,52133,16,1:15,,,0,,,,0,,,,0,,,,0,,1,2,15,17,1,,,,
multi_tile,3,847,23,bt,4,16,15936,16,52137,52137,52138,,,,52173,52140,52155,16,1:15,52156,52171,16,1:15,52157,52172,16,1:15,,,0,,,,0,,,,0,,,,0,,1,2,15,17,1,,,,
multi_tile,3,848,23,bt,5,0,16064,16,52176,52176,52177,,,,52212,52179,52194,16,1:15,52195,52210,16,1:15,52196,52211,16,1:15,,,0,,,,0,,,,0,,,,0,,1,2,15,17,1,,,,
multi_tile,3,849,23,bt,5,16,16192,16,52215,52215,52216,,,,52251,52218,52233,16,1:15,52234,52249,16,1:15,52235,52250,16,1:15,,,0,,,,0,,,,0,,,,0,,1,2,15,17,1,,,,
multi_tile,3,850,23,bt,6,0,16320,8,52254,52254,52255,,,,52274,52257,52264,8,1:7,52265,52272,8,1:7,52266,52273,8,1:7,,,0,,,,0,,,,0,,,,0,,1,2,7,9,1,,,,
multi_tile,3,851,23,bt,6,8,16384,16,52277,52277,52278,,,,52313,52280,52295,16,1:15,52296,52311,16,1:15,52297,52312,16,1:15,,,0,,,,0,,,,0,,,,0,,1,2,15,17,1,,,,
multi_tile,3,852,23,bt,6,24,16512,8,52316,52316,52317,,,,52336,52319,52326,8,1:7,52327,52334,8,1:7,52328,52335,8,1:7,,,0,,,,0,,,,0,,,,0,,1,2,7,9,1,,,,
multi_tile,3,853,23,bt,7,0,16576,16,52339,52339,52340,,,,52375,52342,52357,16,1:15,52358,52373,16,1:15,52359,52374,16,1:15,,,0,,,,0,,,,0,,,,0,,1,2,15,17,1,,,,
multi_tile,3,854,23,bt,7,16,16704,16,52378,52378,52379,,,,52414,52381,52396,16,1:15,52397,52412,16,1:15,52398,52413,16,1:15,,,0,,,,0,,,,0,,,,0,,1,2,15,17,1,,,,
multi_tile,3,855,23,c,0,0,23968,4,52966,52966,,52987,52986,52992,52993,,,0,,,,0,,,,0,,52968,52983,4,5:3,52970,52985,4,5:3,52971,52986,4,5:3,52987,52990,4,1:3,,,,,,20,4,2,1
multi_tile,3,856,24,a,0,0,8256,16,53002,53002,53003,,,,53038,53005,53020,16,1:15,53021,53036,16,1:15,53022,53037,16,1:15,,,0,,,,0,,,,0,,,,0,,1,2,15,17,1,,,,
multi_tile,3,857,24,a,0,16,8384,16,53041,53041,53042,,,,53077,53044,53059,16,1:15,53060,53075,16,1:15,53061,53076,16,1:15,,,0,,,,0,,,,0,,,,0,,1,2,15,17,1,,,,
multi_tile,3,858,24,bt,0,0,16832,16,53085,53085,53086,,,,53121,53088,53103,16,1:15,53104,53119,16,1:15,53105,53120,16,1:15,,,0,,,,0,,,,0,,,,0,,1,2,15,17,1,,,,
multi_tile,3,859,24,bt,0,16,16960,16,53124,53124,53125,,,,53160,53127,53142,16,1:15,53143,53158,16,1:15,53144,53159,16,1:15,,,0,,,,0,,,,0,,,,0,,1,2,15,17,1,,,,
multi_tile,3,860,24,bt,1,0,17088,16,53163,53163,53164,,,,53199,53166,53181,16,1:15,53182,53197,16,1:15,53183,53198,16,1:15,,,0,,,,0,,,,0,,,,0,,1,2,15,17,1,,,,
multi_tile,3,861,24,bt,1,16,17216,16,53202,53202,53203,,,,53238,53205,53220,16,1:15,53221,53236,16,1:15,53222,53237,16,1:15,,,0,,,,0,,,,0,,,,0,,1,2,15,17,1,,,,
multi_tile,3,862,24,bt,2,0,17344,16,53241,53241,53242,,,,53277,53244,53259,16,1:15,53260,53275,16,1:15,53261,53276,16,1:15,,,0,,,,0,,,,0,,,,0,,1,2,15,17,1,,,,
multi_tile,3,863,24,bt,2,16,17472,16,53280,53280,53281,,,,53316,53283,53298,16,1:15,53299,53314,16,1:15,53300,53315,16,1:15,,,0,,,,0,,,,0,,,,0,,1,2,15,17,1,,,,
multi_tile,3,864,24,c,0,0,24000,2,53597,53597,,53608,53607,53611,53612,,,0,,,,0,,,,0,,53599,53604,2,5:1,53601,53606,2,5:1,53602,53607,2,5:1,53608,53609,2,1:1,,,,,,10,2,2,1
asymmetric,4,0,0,a,0,0,64,16,6,6,7,,,,42,9,24,16,1:15,25,40,16,1:15,26,41,16,1:15,,,0,,,,0,,,,0,,,,0,,1,2,15,17,1,,,,
asymmetric,4,1,0,a,0,16,192,16,45,45,46,,,,81,48,63,16,1:15,64,79,16,1:15,65,80,16,1:15,,,0,,,,0,,,,0,,,,0,,1,2,15,17,1,,,,
asymmetric,4,2,0,a,1,0,320,16,84,84,85,,,,120,87,102,16,1:15,103,118,16,1:15,104,119,16,1:15,,,0,,,,0,,,,0,,,,0,,1,2,15,17,1,,,,
asymmetric,4,3,0,a,1,16,448,16,123,123,124,,,,159,126,141,16,1:15,142,157,16,1:15,143,158,16,1:15,,,0,,,,0,,,,0,,,,0,,1,2,15,17,1,,,,
asymmetric,4,4,0,a,2,0,576,16,162,162,163,,,,198,165,180,16,1:15,181,196,16,1:15,182,197,16,1:15,,,0,,,,0,,,,0,,,,0,,1,2,15,17,1,,,,
asymmetric,4,5,0,a,2,16,704,16,201,201,202,,,,237,204,219,16,1:15,220,235,16,1:15,221,236,16,1:15,,,0,,,,0,,,,0,,,,0,,1,2,15,17,1,,,,
asymmetric,4,6,0,a,3,0,832,16,240,240,241,,,,276,243,258,16,1:15,259,274,16,1:15,260,275,16,1:15,,,0,,,,0,,,,0,,,,0,,1,2,15,17,1,,,,
asymmetric,4,7,0,a,3,16,960,16,279,279,280,,,,315,282,297,16,1:15,298,313,16,1:15,299,314,16,1:15,,,0,,,,0,,,,0,,,,0,,1,2,15,17,1,,,,
asymmetric,4,8,0,a,4,0,1088,16,318,318,319,,,,354,321,336,16,1:15,337,352,16,1:15,338,353,16,1:15,,,0,,,,0,,,,0,,,,0,,1,2,15,17,1,,,,
asymmetric,4,9,0,a,4,16,1216,16,357,357,358,,,,393,360,375,16,1:15,376,391,16,1:15,377,392,16,1:15,,,0,,,,0,,,,0,,,,0,,1,2,15,17,1,,,,
asymmetric,4,10,0,a,5,0,1344,16,396,396,397,,,,432,399,414,16,1:15,415,430,16,1:15,416,431,16,1:15,,,0,,,,0,,,,0,,,,0,,1,2,15,17,1,,,,
asymmetric,4,11,0,a,5,16,1472,16,435,435,436,,,,471,438,453,16,1:15,454,469,16,1:15,455,470,16,1:15,,,0,,,,0,,,,0,,,,0,,1,2,15,17,1,,,,
asymmetric,4,12,0,a,6,0,1600,16,474,474,475,,,,510,477,492,16,1:15,493,508,16,1:15,494,509,16,1:15,,,0,,,,0,,,,0,,,,0,,1,2,15,17,1,,,,
asymmetric,4,13,0,a,6,16,1728,16,513,513,514,,,,549,516,531,16,1:15,532,547,16,1:15,533,548,16,1:15,,,0,,,,0,,,,0,,,,0,,1,2,15,17,1,,,,
asymmetric,4,14,0,a,7,0,1856,16,552,552,553,,,,588,555,570,16,1:15,571,586,16,1:15,572,587,16,1:15,,,0,,,,0,,,,0,,,,0,,1,2,15,17,1,,,,
asymmetric,4,15,0,a,7,16,1984,16,591,591,592,,,,627,594,609,16,1:15,610,625,16,1:15,611,626,16,1:15,,,0,,,,0,,,,0,,,,0,,1,2,15,17,1,,,,
asymmetric,4,16,0,bt,0,0,16832,16,635,635,636,,,,671,638,653,16,1:15,654,669,16,1:15,655,670,16,1:15,,,0,,,,0,,,,0,,,,0,,1,2,15,17,1,,,,
asymmetric,4,17,0,bt,0,16,16960,16,674,674,675,,,,710,677,692,16,1:15,693,708,16,1:15,694,709,16,1:15,,,0,,,,0,,,,0,,,,0,,1,2,15,17,1,,,,
asymmetric,4,18,0,bt,1,0,17088,16,713,713,714,,,,749,716,731,16,1:15,732,747,16,1:15,733,748,16,1:15,,,0,,,,0,,,,0,,,,0,,1,2,15,17,1,,,,
asymmetric,4,19,0,bt,1,16,17216,16,752,752,753,,,,788,755,770,16,1:15,771,786,16,1:15,772,787,16,1:15,,,0,,,,0,,,,0,,,,0,,1,2,15,17,1,,,,
asymmetric,4,20,0,bt,2,0,17344,16,791,791,792,,,,827,794,809,16,1:15,810,825,16,1:15,811,826,16,1:15,,,0,,,,0,,,,0,,,,0,,1,2,15,17,1,,,,
asymmetric,4,21,0,bt,2,16,17472,16,830,830,831,,,,866,833,848,16,1:15,849,864,16,1:15,850,865,16,1:15,,,0,,,,0,,,,0,,,,0,,1,2,15,17,1,,,,
asymmetric,4,22,0,bt,3,0,17600,16,869,869,870,,,,905,872,887,16,1:15,888,903,16,1:15,889,904,16,1:15,,,0,,,,0,,,,0,,,,0,,1,2,15,17,1,,,,
asymmetric,4,23,0,bt,3,16,17728,16,908,908,909,,,,944,911,926,16,1:15,927,942,16,1:15,928,943,16,1:15,,,0,,,,0,,,,0,,,,0,,1,2,15,17,1,,,,
asymmetric,4,24,0,bt,4,0,17856,16,947,947,948,,,,983,950,965,16,1:15,966,981,16,1:15,967,982,16,1:15,,,0,,,,0,,,,0,,,,0,,1,2,15,17,1,,,,
asymmetric,4,25,0,bt,4,16,17984,16,986,986,987,,,,1022,989,1004,16,1:15,1005,1020,16,1:15,1006,1021,16,1:15,,,0,,,,0,,,,0,,,,0,,1,2,15,17,1,,,,
asymmetric,4,26,0,bt,5,0,18112,16,1025,1025,1026,,,,1061,1028,1043,16,1:15,1044,1059,16,1:15,1045,1060,16,1:15,,,0,,,,0,,,,0,,,,0,,1,2,15,17,1,,,,
asymmetric,4,27,0,bt,5,16,18240,16,1064,1064,1065,,,,1100,1067,1082,16,1:15,1083,1098,16,1:15,1084,1099,16,1:15,,,0,,,,0,,,,0,,,,0,,1,2,15,17,1,,,,
asymmetric,4,28,0,bt,6,0,18368,16,1103,1103,1104,,,,1139,1106,1121,16,1:15,1122,1137,16,1:15,1123,1138,16,1:15,,,0,,,,0,,,,0,,,,0,,1,2,15,17,1,,,,
asymmetric,4,29,0,bt,6,16,18496,16,1142,1142,1143,,,,1178,1145,1160,16,1:15,1161,1176,16,1:15,1162,1177,16,1:15,,,0,,,,0,,,,0,,,,0,,1,2,15,17,1,,,,
asymmetric,4,30,0,bt,7,0,18624,16,1181,1181,1182,,,,1217,1184,1199,16,1:15,1200,1215,16,1:15,1201,1216,16,1:15,,,0,,,,0,,,,0,,,,0,,1,2,15,17,1,,,,
asymmetric,4,31,0,bt,7,16,18752,16,1220,1220,1221,,,,1256,1223,1238,16,1:15,1239,1254,16,1:15,1240,1255,16,1:15,,,0,,,,0,,,,0,,,,0,,1,2,15,17,1,,,,
asymmetric,4,32,0,c,0,0,33088,4,2346,2346,,2367,2366,2372,2373,,,0,,,,0,,,,0,,2348,2363,4,5:3,2350,2365,4,5:3,2351,2366,4,5:3,2367,2370,4,1:3,,,,,,20,4,2,1
asymmetric,4,33,0,c,1,0,33344,4,2376,2376,,2397,2396,2402,2403,,,0,,,,0,,,,0,,2378,2393,4,5:3,2380,2395,4,5:3,2381,2396,4,5:3,2397,2400,4,1:3,,,,,,20,4,2,1
asymmetric,4,34,0,c,2,0,33600,4,2406,2406,,2427,2426,2432,2433,,,0,,,,0,,,,0,,2408,2423,4,5:3,2410,2425,4,5:3,2411,2426,4,5:3,2427,2430,4,1:3,,,,,,20,4,2,1
asymmetric,4,35,0,c,3,0,33856,4,2436,2436,,2457,2456,2462,2463,,,0,,,,0,,,,0,,2438,2453,4,5:3,2440,2455,4,5:3,2441,2456,4,5:3,2457,2460,4,1:3,,,,,,20,4,2,1
asymmetric,4,36,0,c,4,0,34112,4,2466,2466,,2487,2486,2492,2493,,,0,,,,0,,,,0,,2468,2483,4,5:3,2470,2485,4,5:3,2471,2486,4,5:3,2487,2490,4,1:3,,,,,,20,4,2,1
asymmetric,4,37,0,c,5,0,34368,4,2496,2496,,2517,2516,2522,2523,,,0,,,,0,,,,0,,2498,2513,4,5:3,2500,2515,4,5:3,2501,2516,4,5:3,2517,2520,4,1:3,,,,,,20,4,2,1
asymmetric,4,38,0,c,6,0,34624,4,2526,2526,,2547,2546,2552,2553,,,0,,,,0,,,,0,,2528,2543,4,5:3,2530,2545,4,5:3,2531,2546,4,5:3,2547,2550,4,1:3,,,,,,20,4,2,1
asymmetric,4,39,0,c,7,0,34880,4,2556,2556,,2577,2576,2582,2583,,,0,,,,0,,,,0,,2558,2573,4,5:3,2560,2575,4,5:3,2561,2576,4,5:3,2577,2580,4,1:3,,,,,,20,4,2,1
asymmetric,4,40,1,a,0,0,64,16,2592,2592,2593,,,,2628,2595,2610,16,1:15,2611,2626,16,1:15,2612,2627,16,1:15,,,0,,,,0,,,,0,,,,0,,1,2,15,17,1,,,,
asymmetric,4,41,1,a,0,16,192,16,2631,2631,2632,,,,2667,2634,2649,16,1:15,2650,2665,16,1:15,2651,2666,16,1:15,,,0,,,,0,,,,0,,,,0,,1,2,15,17,1,,,,
asymmetric,4,42,1,a,1,0,320,16,2670,2670,2671,,,,2706,2673,2688,16,1:15,2689,2704,16,1:15,2690,2705,16,1:15,,,0,,,,0,,,,0,,,,0,,1,2,15,17,1,,,,
asymmetric,4,43,1,a,1,16,448,16,2709,2709,2710,,,,2745,2712,2727,16,1:15,2728,2743,16,1:15,2729,2744,16,1:15,,,0,,,,0,,,,0,,,,0,,1,2,15,17,1,,,,
asymmetric,4,44,1,a,2,0,576,16,2748,2748,2749,,,,2784,2751,2766,16,1:15,2767,2782,16,1:15,2768,2783,16,1:15,,,0,,,,0,,,,0,,,,0,,1,2,15,17,1,,,,
asymmetric,4,45,1,a,2,16,704,16,2787,2787,2788,,,,2823,2790,2805,16,1:15,2806,2821,16,1:15,2807,2822,16,1:15,,,0,,,,0,,,,0,,,,0,,1,2,15,17,1,,,,
asymmetric,4,46,1,a,3,0,832,16,2826,2826,2827,,,,2862,2829,2844,16,1:15,2845,2860,16,1:15,2846,2861,16,1:15,,,0,,,,0,,,,0,,,,0,,1,2,15,17,1,,,,
asymmetric,4,47,1,a,3,16,960,16,2865,2865,2866,,,,2901,2868,2883,16,1:15,2884,2899,16,1:15,2885,2900,16,1:15,,,0,,,,0,,,,0,,,,0,,1,2,15,17,1,,,,
asymmetric,4,48,1,a,4,0,1088,16,2904,2904,2905,,,,2940,2907,2922,16,1:15,2923,2938,16,1:15,2924,2939,16,1:15,,,0,,,,0,,,,0,,,,0,,1,2,15,17,1,,,,
asymmetric,4,49,1,a,4,16,1216,16,2943,2943,2944,,,,2979,2946,2961,16,1:15,2962,2977,16,1:15,2963,2978,16,1:15,,,0,,,,0,,,,0,,,,0,,1,2,15,17,1,,,,
asymmetric,4,50,1,a,5,0,1344,16,2982,2982,2983,,,,3018,2985,3000,16,1:15,3001,3016,16,1:15,3002,3017,16,1:15,,,0,,,,0,,,,0,,,,0,,1,2,15,17,1,,,,
asymmetric,4,51,1,a,5,16,1472,16,3021,3021,3022,,,,3057,3024,3039,16,1:15,3040,3055,16,1:15,3041,3056,16,1:15,,,0,,,,0,,,,0,,,,0,,1,2,15,17,1,,,,
asymmetric,4,52,1,a,6,0,1600,16,3060,3060,3061,,,,3096,3063,3078,16,1:15,3079,3094,16,1:15,3080,3095,16,1:15,,,0,,,,0,,,,0,,,,0,,1,2,15,17,1,,,,
asymmetric,4,53,1,a,6,16,1728,16,3099,3099,3100,,,,3135,3102,3117,16,1:15,3118,3133,16,1:15,3119,3134,16,1:15,,,0,,,,0,,,,0,,,,0,,1,2,15,17,1,,,,
asymmetric,4,54,1,a,7,0,1856,16,3138,3138,3139,,,,3174,3141,3156,16,1:15,3157,3172,16,1:15,3158,3173,16,1:15,,,0,,,,0,,,,0,,,,0,,1,2,15,17,1,,,,
asymmetric,4,55,1,a,7,16,1984,16,3177,3177,3178,,,,3213,3180,3195,16,1:15,3196,3211,16,1:15,3197,3212,16,1:15,,,0,,,,0,,,,0,,,,0,,1,2,15,17,1,,,,
asymmetric,4,56,1,bt,0,0,18880,16,3221,3221,3222,,,,3257,3224,3239,16,1:15,3240,3255,16,1:15,3241,3256,16,1:15,,,0,,,,0,,,,0,,,,0,,1,2,15,17,1,,,,
asymmetric,4,57,1,bt,0,16,19008,16,3260,3260,3261,,,,3296,3263,3278,16,1:15,3279,3294,16,1:15,3280,3295,16,1:15,,,0,,,,0,,,,0,,,,0,,1,2,15,17,1,,,,
asymmetric,4,58,1,bt,1,0,19136,16,3299,3299,3300,,,,3335,3302,3317,16,1:15,3318,3333,16,1:15,3319,3334,16,1:15,,,0,,,,0,,,,0,,,,0,,1,2,15,17,1,,,,
asymmetric,4,59,1,bt,1,16,19264,16,3338,3338,3339,,,,3374,3341,3356,16,1:15,3357,3372,16,1:15,3358,3373,16,1:15,,,0,,,,0,,,,0,,,,0,,1,2,15,17,1,,,,
asymmetric,4,60,1,bt,2,0,19392,16,3377,3377,3378,,,,3413,3380,3395,16,1:15,3396,3411,16,1:15,3397,3412,16,1:15,,,0,,,,0,,,,0,,,,0,,1,2,15,17,1,,,,
asymmetric,4,61,1,bt,2,16,19520,16,3416,3416,3417,,,,3452,3419,3434,16,1:15,3435,3450,16,1:15,3436,3451,16,1:15,,,0,,,,0,,,,0,,,,0,,1,2,15,17,1,,,,
asymmetric,4,62,1,bt,3,0,19648,16,3455,3455,3456,,,,3491,3458,3473,16,1:15,3474,3489,16,1:15,3475,3490,16,1:15,,,0,,,,0,,,,0,,,,0,,1,2,15,17,1,,,,
asymmetric,4,63,1,bt,3,16,19776,16,3494,3494,3495,,,,3530,3497,3512,16,1:15,3513,3528,16,1:15,3514,3529,16,1:15,,,0,,,,0,,,,0,,,,0,,1,2,15,17,1,,,,
asymmetric,4,64,1,bt,4,0,19904,16,3533,3533,3534,,,,3569,3536,3551,16,1:15,3552,3567,16,1:15,3553,3568,16,1:15,,,0,,,,0,,,,0,,,,0,,1,2,15,17,1,,,,
asymmetric,4,65,1,bt,4,16,20032,16,3572,3572,3573,,,,3608,3575,3590,16,1:15,3591,3606,16,1:15,3592,3607,16,1:15,,,0,,,,0,,,,0,,,,0,,1,2,15,17,1,,,,
asymmetric,4,66,1,bt,5,0,20160,16,3611,3611,3612,,,,3647,3614,3629,16,1:15,3630,3645,16,1:15,3631,3646,16,1:15,,,0,,,,0,,,,0,,,,0,,1,2,15,17,1,,,,
asymmetric,4,67,1,bt,5,16,20288,16,3650,3650,3651,,,,3686,3653,3668,16,1:15,3669,3684,16,1:15,3670,3685,16,1:15,,,0,,,,0,,,,0,,,,0,,1,2,15,17,1,,,,
asymmetric,4,68,1,bt,6,0,20416,8,3689,3689,3690,,,,3709,3692,3699,8,1:7,3700,3707,8,1:7,3701,3708,8,1:7,,,0,,,,0,,,,0,,,,0,,1,2,7,9,1,,,,
asymmetric,4,69,1,bt,6,8,20480,16,3712,3712,3713,,,,3748,3715,3730,16,1:15,3731,3746,16,1:15,3732,3747,16,1:15,,,0,,,,0,,,,0,,,,0,,1,2,15,17,1,,,,
asymmetric,4,70,1,bt,6,24,20608,8,3751,3751,3752,,,,3771,3754,3761,8,1:7,3762,3769,8,1:7,3763,3770,8,1:7,,,0,,,,0,,,,0,,,,0,,1,2,7,9,1,,,,
asymmetric,4,71,1,bt,7,0,20672,16,3774,3774,3775,,,,3810,3777,3792,16,1:15,3793,3808,16,1:15,3794,3809,16,1:15,,,0,,,,0,,,,0,,,,0,,1,2,15,17,1,,,,
asymmetric,4,72,1,bt,7,16,20800,16,3813,3813,3814,,,,3849,3816,3831,16,1:15,3832,3847,16,1:15,3833,3848,16,1:15,,,0,,,,0,,,,0,,,,0,,1,2,15,17,1,,,,
asymmetric,4,73,1,c,0,0,33120,4,4939,4939,,4960,4959,4965,4966,,,0,,,,0,,,,0,,4941,4956,4,5:3,4943,4958,4,5:3,4944,4959,4,5:3,4960,4963,4,1:3,,,,,,20,4,2,1
asymmetric,4,74,1,c,1,0,33376,4,4969,4969,,4990,4989,4995,4996,,,0,,,,0,,,,0,,4971,4986,4,5:3,4973,4988,4,5:3,4974,4989,4,5:3,4990,4993,4,1:3,,,,,,20,4,2,1
asymmetric,4,75,1,c,2,0,33632,4,4999,4999,,5020,5019,5025,5026,,,0,,,,0,,,,0,,5001,5016,4,5:3,5003,5018,4,5:3,5004,5019,4,5:3,5020,5023,4,1:3,,,,,,20,4,2,1
asymmetric,4,76,1,c,3,0,33888,4,5029,5029,,5050,5049,5055,5056,,,0,,,,0,,,,0,,5031,5046,4,5:3,5033,5048,4,5:3,5034,5049,4,5:3,5050,5053,4,1:3,,,,,,20,4,2,1
asymmetric,4,77,1,c,4,0,34144,4,5059,5059,,5080,5079,5085,5086,,,0,,,,0,,,,0,,5061,5076,4,5:3,5063,5078,4,5:3,5064,5079,4,5:3,5080,5083,4,1:3,,,,,,20,4,2,1
asymmetric,4,78,1,c,5,0,34400,4,5089,5089,,5110,5109,5115,5116,,,0,,,,0,,,,0,,5091,5106,4,5:3,5093,5108,4,5:3,5094,5109,4,5:3,5110,5113,4,1:3,,,,,,20,4,2,1
asymmetric,4,79,1,c,6,0,34656,4,5119,5119,,5140,5139,5145,5146,,,0,,,,0,,,,0,,5121,5136,4,5:3,5123,5138,4,5:3,5124,5139,4,5:3,5140,5143,4,1:3,,,,,,20,4,2,1
asymmetric,4,80,1,c,7,0,34912,4,5149,5149,,5170,5169,5175,5176,,,0,,,,0,,,,0,,5151,5166,4,5:3,5153,5168,4,5:3,5154,5169,4,5:3,5170,5173,4,1:3,,,,,,20,4,2,1
asymmetric,4,81,2,a,0,0,64,16,5185,5185,5186,,,,5221,5188,5203,16,1:15,5204,5219,16,1:15,5205,5220,16,1:15,,,0,,,,0,,,,0,,,,0,,1,2,15,17,1,,,,
asymmetric,4,82,2,a,0,16,192,16,5224,5224,5225,,,,5260,5227,5242,16,1:15,5243,5258,16,1:15,5244,5259,16,1:15,,,0,,,,0,,,,0,,,,0,,1,2,15,17,1,,,,
asymmetric,4,83,2,a,1,0,320,16,5263,5263,5264,,,,5299,5266,5281,16,1:15,5282,5297,16,1:15,5283,5298,16,1:15,,,0,,,,0,,,,0,,,,0,,1,2,15,17,1,,,,
asymmetric,4,84,2,a,1,16,448,16,5302,5302,5303,,,,5338,5305,5320,16,1:15,5321,5336,16,1:15,5322,5337,16,1:15,,,0,,,,0,,,,0,,,,0,,1,2,15,17,1,,,,
asymmetric,4,85,2,a,2,0,576,16,5341,5341,5342,,,,5377,5344,5359,16,1:15,5360,5375,16,1:15,5361,5376,16,1:15,,,0,,,,0,,,,0,,,,0,,1,2,15,17,1,,,,
asymmetric,4,86,2,a,2,16,704,16,5380,5380,5381,,,,5416,5383,5398,16,1:15,5399,5414,16,1:15,5400,5415,16,1:15,,,0,,,,0,,,,0,,,,0,,1,2,15,17,1,,,,
asymmetric,4,87,2,a,3,0,832,16,5419,5419,5420,,,,5455,5422,5437,16,1:15,5438,5453,16,1:15,5439,5454,16,1:15,,,0,,,,0,,,,0,,,,0,,1,2,15,17,1,,,,
asymmetric,4,88,2,a,3,16,960,16,5458,5458,5459,,,,5494,5461,5476,16,1:15,5477,5492,16,1:15,5478,5493,16,1:15,,,0,,,,0,,,,0,,,,0,,1,2,15,17,1,,,,
asymmetric,4,89,2,a,4,0,1088,16,5497,5497,5498,,,,5533,5500,5515,16,1:15,5516,5531,16,1:15,5517,5532,16,1:15,,,0,,,,0,,,,0,,,,0,,1,2,15,17,1,,,,
asymmetric,4,90,2,a,4,16,1216,16,5536,5536,5537,,,,5572,5539,5554,16,1:15,5555,5570,16,1:15,5556,5571,16,1:15,,,0,,,,0,,,,0,,,,0,,1,2,15,17,1,,,,
asymmetric,4,91,2,a,5,0,1344,16,5575,5575,5576,,,,5611,5578,5593,16,1:15,5594,5609,16,1:15,5595,5610,16,1:15,,,0,,,,0,,,,0,,,,0,,1,2,15,17,1,,,,
asymmetric,4,92,2,a,5,16,1472,16,5614,5614,5615,,,,5650,5617,5632,16,1:15,5633,5648,16,1:15,5634,5649,16,1:15,,,0,,,,0,,,,0,,,,0,,1,2,15,17,1,,,,
asymmetric,4,93,2,a,6,0,1600,16,5653,5653,5654,,,,5689,5656,5671,16,1:15,5672,5687,16,1:15,5673,5688,16,1:15,,,0,,,,0,,,,0,,,,0,,1,2,15,17,1,,,,
asymmetric,4,94,2,a,6,16,1728,16,5692,5692,5693,,,,5728,5695,5710,16,1:15,5711,5726,16,1:15,5712,5727,16,1:15,,,0,,,,0,,,,0,,,,0,,1,2,15,17,1,,,,
asymmetric,4,95,2,a,7,0,1856,16,5731,5731,5732,,,,5767,5734,5749,16,1:15,5750,5765,16,1:15,5751,5766,16,1:15,,,0,,,,0,,,,0,,,,0,,1,2,15,17,1,,,,
asymmetric,4,96,2,a,7,16,1984,16,5770,5770,5771,,,,5806,5773,5788,16,1:15,5789,5804,16,1:15,5790,5805,16,1:15,,,0,,,,0,,,,0,,,,0,,1,2,15,17,1,,,,
asymmetric,4,97,2,bt,0,0,20928,16,5814,5814,5815,,,,5850,5817,5832,16,1:15,5833,5848,16,1:15,5834,5849,16,1:15,,,0,,,,0,,,,0,,,,0,,1,2,15,17,1,,,,
asymmetric,4,98,2,bt,0,16,21056,16,5853,5853,5854,,,,5889,5856,5871,16,1:15,5872,5887,16,1:15,5873,5888,16,1:15,,,0,,,,0,,,,0,,,,0,,1,2,15,17,1,,,,
asymmetric,4,99,2,bt,1,0,21184,16,5892,5892,5893,,,,5928,5895,5910,16,1:15,5911,5926,16,1:15,5912,5927,16,1:15,,,0,,,,0,,,,0,,,,0,,1,2,15,17,1,,,,
asymmetric,4,100,2,bt,1,16,21312,16,5931,5931,5932,,,,5967,5934,5949,16,1:15,5950,5965,16,1:15,5951,5966,16,1:15,,,0,,,,0,,,,0,,,,0,,1,2,15,17,1,,,,
asymmetric,4,101,2,bt,2,0,21440,16,5970,5970,5971,,,,6006,5973,5988,16,1:15,5989,6004,16,1:15,5990,6005,16,1:15,,,0,,,,0,,,,0,,,,0,,1,2,15,17,1,,,,
asymmetric,4,102,2,bt,2,16,21568,16,6009,6009,6010,,,,6045,6012,6027,16,1:15,6028,6043,16,1:15,6029,6044,16,1:15,,,0,,,,0,,,,0,,,,0,,1,2,15,17,1,,,,
asymmetric,4,103,2,bt,3,0,21696,16,6048,6048,6049,,,,6084,6051,6066,16,1:15,6067,6082,16,1:15,6068,6083,16,1:15,,,0,,,,0,,,,0,,,,0,,1,2,15,17,1,,,,
asymmetric,4,104,2,bt,3,16,21824,16,6087,6087,6088,,,,6123,6090,6105,16,1:15,6106,6121,16,1:15,6107,6122,16,1:15,,,0,,,,0,,,,0,,,,0,,1,2,15,17,1,,,,
asymmetric,4,105,2,bt,4,0,21952,16,6126,6126,6127,,,,6162,6129,6144,16,1:15,6145,6160,16,1:15,6146,6161,16,1:15,,,0,,,,0,,,,0,,,,0,,1,2,15,17,1,,,,
asymmetric,4,106,2,bt,4,16,22080,16,6165,6165,6166,,,,6201,6168,6183,16,1:15,6184,6199,16,1:15,6185,6200,16,1:15,,,0,,,,0,,,,0,,,,0,,1,2,15,17,1,,,,
asymmetric,4,107,2,bt,5,0,22208,16,6204,6204,6205,,,,6240,6207,6222,16,1:15,6223,6238,16,1:15,6224,6239,16,1:15,,,0,,,,0,,,,0,,,,0,,1,2,15,17,1,,,,
asymmetric,4,108,2,bt,5,16,22336,16,6243,6243,6244,,,,6279,6246,6261,16,1:15,6262,6277,16,1:15,6263,6278,16,1:15,,,0,,,,0,,,,0,,,,0,,1,2,15,17,1,,,,
asymmetric,4,109,2,bt,6,0,22464,16,6282,6282,6283,,,,6318,6285,6300,16,1:15,6301,6316,16,1:15,6302,6317,16,1:15,,,0,,,,0,,,,0,,,,0,,1,2,15,17,1,,,,
asymmetric,4,110,2,bt,6,16,22592,16,6321,6321,6322,,,,6357,6324,6339,16,1:15,6340,6355,16,1:15,6341,6356,16,1:15,,,0,,,,0,,,,0,,,,0,,1,2,15,17,1,,,,
asymmetric,4,111,2,bt,7,0,22720,16,6360,6360,6361,,,,6396,6363,6378,16,1:15,6379,6394,16,1:15,6380,6395,16,1:15,,,0,,,,0,,,,0,,,,0,,1,2,15,17,1,,,,
asymmetric,4,112,2,bt,7,16,22848,16,6399,6399,6400,,,,6435,6402,6417,16,1:15,6418,6433,16,1:15,6419,6434,16,1:15,,,0,,,,0,,,,0,,,,0,,1,2,15,17,1,,,,
asymmetric,4,113,2,c,0,0,33152,4,7525,7525,,7546,7545,7551,7552,,,0,,,,0,,,,0,,7527,7542,4,5:3,7529,7544,4,5:3,7530,7545,4,5:3,7546,7549,4,1:3,,,,,,20,4,2,1
asymmetric,4,114,2,c,1,0,33408,4,7555,7555,,7576,7575,7581,7582,,,0,,,,0,,,,0,,7557,7572,4,5:3,7559,7574,4,5:3,7560,7575,4,5:3,7576,7579,4,1:3,,,,,,20,4,2,1
asymmetric,4,115,2,c,2,0,33664,4,7585,7585,,7606,7605,7611,7612,,,0,,,,0,,,,0,,7587,7602,4,5:3,7589,7604,4,5:3,7590,7605,4,5:3,7606,7609,4,1:3,,,,,,20,4,2,1
asymmetric,4,116,2,c,3,0,33920,4,7615,7615,,7636,7635,7641,7642,,,0,,,,0,,,,0,,7617,7632,4,5:3,7619,7634,4,5:3,7620,7635,4,5:3,7636,7639,4,1:3,,,,,,20,4,2,1
asymmetric,4,117,2,c,4,0,34176,4,7645,7645,,7666,7665,7671,7672,,,0,,,,0,,,,0,,7647,7662,4,5:3,7649,7664,4,5:3,7650,7665,4,5:3,7666,7669,4,1:3,,,,,,20,4,2,1
asymmetric,4,118,2,c,5,0,34432,4,7675,7675,,7696,7695,7701,7702,,,0,,,,0,,,,0,,7677,7692,4,5:3,7679,7694,4,5:3,7680,7695,4,5:3,7696,7699,4,1:3,,,,,,20,4,2,1
asymmetric,4,119,2,c,6,0,34688,4,7705,7705,,7726,7725,7731,7732,,,0,,,,0,,,,0,,7707,7722,4,5:3,7709,7724,4,5:3,7710,7725,4,5:3,7726,7729,4,1:3,,,,,,20,4,2,1
asymmetric,4,120,2,c,7,0,34944,4,7735,7735,,7756,7755,7761,7762,,,0,,,,0,,,,0,,7737,7752,4,5:3,7739,7754,4,5:3,7740,7755,4,5:3,7756,7759,4,1:3,,,,,,20,4,2,1
asymmetric,4,121,3,a,0,0,64,16,7771,7771,7772,,,,7807,7774,7789,16,1:15,7790,7805,16,1:15,7791,7806,16,1:15,,,0,,,,0,,,,0,,,,0,,1,2,15,17,1,,,,
asymmetric,4,122,3,a,0,16,192,16,7810,7810,7811,,,,7846,7813,7828,16,1:15,7829,7844,16,1:15,7830,7845,16,1:15,,,0,,,,0,,,,0,,,,0,,1,2,15,17,1,,,,
asymmetric,4,123,3,a,1,0,320,16,7849,7849,7850,,,,7885,7852,7867,16,1:15,7868,7883,16,1:15,7869,7884,16,1:15,,,0,,,,0,,,,0,,,,0,,1,2,15,17,1,,,,
asymmetric,4,124,3,a,1,16,448,16,7888,7888,7889,,,,7924,7891,7906,16,1:15,7907,7922,16,1:15,7908,7923,16,1:15,,,0,,,,0,,,,0,,,,0,,1,2,15,17,1,,,,
asymmetric,4,125,3,a,2,0,576,16,7927,7927,7928,,,,7963,7930,7945,16,1:15,7946,7961,16,1:15,7947,7962,16,1:15,,,0,,,,0,,,,0,,,,0,,1,2,15,17,1,,,,
asymmetric,4,126,3,a,2,16,704,16,7966,7966,7967,,,,8002,7969,7984,16,1:15,7985,8000,16,1:15,7986,8001,16,1:15,,,0,,,,0,,,,0,,,,0,,1,2,15,17,1,,,,
asymmetric,4,127,3,a,3,0,832,16,8005,8005,8006,,,,8041,8008,8023,16,1:15,8024,8039,16,1:15,8025,8040,16,1:15,,,0,,,,0,,,,0,,,,0,,1,2,15,17,1,,,,
asymmetric,4,128,3,a,3,16,960,16,8044,8044,8045,,,,8080,8047,8062,16,1:15,8063,8078,16,1:15,8064,8079,16,1:15,,,0,,,,0,,,,0,,,,0,,1,2,15,17,1,,,,
asymmetric,4,129,3,a,4,0,1088,16,8083,8083,8084,,,,8119,8086,8101,16,1:15,8102,8117,16,1:15,8103,8118,16,1:15,,,0,,,,0,,,,0,,,,0,,1,2,15,17,1,,,,
asymmetric,4,130,3,a,4,16,1216,16,8122,8122,8123,,,,8158,8125,8140,16,1:15,8141,8156,16,1:15,8142,8157,16,1:15,,,0,,,,0,,,,0,,,,0,,1,2,15,17,1,,,,
asymmetric,4,131,3,a,5,0,1344,16,8161,8161,8162,,,,8197,8164,8179,16,1:15,8180,8195,16,1:15,8181,8196,16,1:15,,,0,,,,0,,,,0,,,,0,,1,2,15,17,1,,,,
asymmetric,4,132,3,a,5,16,1472,16,8200,8200,8201,,,,8236,8203,8218,16,1:15,8219,8234,16,1:15,8220,8235,16,1:15,,,0,,,,0,,,,0,,,,0,,1,2,15,17,1,,,,
asymmetric,4,133,3,a,6,0,1600,16,8239,8239,8240,,,,8275,8242,8257,16,1:15,8258,8273,16,1:15,8259,8274,16,1:15,,,0,,,,0,,,,0,,,,0,,1,2,15,17,1,,,,
asymmetric,4,134,3,a,6,16,1728,16,8278,8278,8279,,,,8314,8281,8296,16,1:15,8297,8312,16,1:15,8298,8313,16,1:15,,,0,,,,0,,,,0,,,,0,,1,2,15,17,1,,,,
asymmetric,4,135,3,a,7,0,1856,16,8317,8317,8318,,,,8353,8320,8335,16,1:15,8336,8351,16,1:15,8337,8352,16,1:15,,,0,,,,0,,,,0,,,,0,,1,2,15,17,1,,,,
asymmetric,4,136,3,a,7,16,1984,16,8356,8356,8357,,,,8392,8359,8374,16,1:15,8375,8390,16,1:15,8376,8391,16,1:15,,,0,,,,0,,,,0,,,,0,,1,2,15,17,1,,,,
asymmetric,4,137,3,bt,0,0,22976,16,8400,8400,8401,,,,8436,8403,8418,16,1:15,8419,8434,16,1:15,8420,8435,16,1:15,,,0,,,,0,,,,0,,,,0,,1,2,15,17,1,,,,
asymmetric,4,138,3,bt,0,16,23104,16,8439,8439,8440,,,,8475,8442,8457,16,1:15,8458,8473,16,1:15,8459,8474,16,1:15,,,0,,,,0,,,,0,,,,0,,1,2,15,17,1,,,,
asymmetric,4,139,3,bt,1,0,23232,16,8478,8478,8479,,,,8514,8481,8496,16,1:15,8497,8512,16,1:15,8498,8513,16,1:15,,,0,,,,0,,,,0,,,,0,,1,2,15,17,1,,,,
asymmetric,4,140,3,bt,1,16,23360,16,8517,8517,8518,,,,8553,8520,8535,16,1:15,8536,8551,16,1:15,8537,8552,16,1:15,,,0,,,,0,,,,0,,,,0,,1,2,15,17,1,,,,
asymmetric,4,141,3,bt,2,0,23488,16,8556,8556,8557,,,,8592,8559,8574,16,1:15,8575,8590,16,1:15,8576,8591,16,1:15,,,0,,,,0,,,,0,,,,0,,1,2,15,17,1,,,,
asymmetric,4,142,3,bt,2,16,23616,16,8595,8595,8596,,,,8631,8598,8613,16,1:15,8614,8629,16,1:15,8615,8630,16,1:15,,,0,,,,0,,,,0,,,,0,,1,2,15,17,1,,,,
asymmetric,4,143,3,bt,3,0,23744,16,8634,8634,8635,,,,8670,8637,8652,16,1:15,8653,8668,16,1:15,8654,8669,16,1:15,,,0,,,,0,,,,0,,,,0,,1,2,15,17,1,,,,
asymmetric,4,144,3,bt,3,16,23872,16,8673,8673,8674,,,,8709,8676,8691,16,1:15,8692,8707,16,1:15,8693,8708,16,1:15,,,0,,,,0,,,,0,,,,0,,1,2,15,17,1,,,,
asymmetric,4,145,3,bt,4,0,24000,16,8712,8712,8713,,,,8748,8715,8730,16,1:15,8731,8746,16,1:15,8732,8747,16,1:15,,,0,,,,0,,,,0,,,,0,,1,2,15,17,1,,,,
asymmetric,4,146,3,bt,4,16,24128,16,8751,8751,8752,,,,8787,8754,8769,16,1:15,8770,8785,16,1:15,8771,8786,16,1:15,,,0,,,,0,,,,0,,,,0,,1,2,15,17,1,,,,
asymmetric,4,147,3,bt,5,0,24256,16,8790,8790,8791,,,,8826,8793,8808,16,1:15,8809,8824,16,1:15,8810,8825,16,1:15,,,0,,,,0,,,,0,,,,0,,1,2,15,17,1,,,,
asymmetric,4,148,3,bt,5,16,24384,16,8829,8829,8830,,,,8865,8832,8847,16,1:15,8848,8863,16,1:15,8849,8864,16,1:15,,,0,,,,0,,,,0,,,,0,,1,2,15,17,1,,,,
asymmetric,4,149,3,bt,6,0,24512,8,8868,8868,8869,,,,8888,8871,8878,8,1:7,8879,8886,8,1:7,8880,8887,8,1:7,,,0,,,,0,,,,0,,,,0,,1,2,7,9,1,,,,
asymmetric,4,150,3,bt,6,8,24576,16,8891,8891,8892,,,,8927,8894,8909,16,1:15,8910,8925,16,1:15,8911,8926,16,1:15,,,0,,,,0,,,,0,,,,0,,1,2,15,17,1,,,,
asymmetric,4,151,3,bt,6,24,24704,8,8930,8930,8931,,,,8950,8933,8940,8,1:7,8941,8948,8,1:7,8942,8949,8,1:7,,,0,,,,0,,,,0,,,,0,,1,2,7,9,1,,,,
asymmetric,4,152,3,bt,7,0,24768,16,8953,8953,8954,,,,8989,8956,8971,16,1:15,8972,8987,16,1:15,8973,8988,16,1:15,,,0,,,,0,,,,0,,,,0,,1,2,15,17,1,,,,
asymmetric,4,153,3,bt,7,16,24896,16,8992,8992,8993,,,,9028,8995,9010,16,1:15,9011,9026,16,1:15,9012,9027,16,1:15,,,0,,,,0,,,,0,,,,0,,1,2,15,17,1,,,,
asymmetric,4,154,3,c,0,0,33184,4,10118,10118,,10139,10138,10144,10145,,,0,,,,0,,,,0,,10120,10135,4,5:3,10122,10137,4,5:3,10123,10138,4,5:3,10139,10142,4,1:3,,,,,,20,4,2,1
asymmetric,4,155,3,c,1,0,33440,4,10148,10148,,10169,10168,10174,10175,,,0,,,,0,,,,0,,10150,10165,4,5:3,10152,10167,4,5:3,10153,10168,4,5:3,10169,10172,4,1:3,,,,,,20,4,2,1
asymmetric,4,156,3,c,2,0,33696,4,10178,10178,,10199,10198,10204,10205,,,0,,,,0,,,,0,,10180,10195,4,5:3,10182,10197,4,5:3,10183,10198,4,5:3,10199,10202,4,1:3,,,,,,20,4,2,1
asymmetric,4,157,3,c,3,0,33952,4,10208,10208,,10229,10228,10234,10235,,,0,,,,0,,,,0,,10210,10225,4,5:3,10212,10227,4,5:3,10213,10228,4,5:3,10229,10232,4,1:3,,,,,,20,4,2,1
asymmetric,4,158,3,c,4,0,34208,4,10238,10238,,10259,10258,10264,10265,,,0,,,,0,,,,0,,10240,10255,4,5:3,10242,10257,4,5:3,10243,10258,4,5:3,10259,10262,4,1:3,,,,,,20,4,2,1
asymmetric,4,159,3,c,5,0,34464,4,10268,10268,,10289,10288,10294,10295,,,0,,,,0,,,,0,,10270,10285,4,5:3,10272,10287,4,5:3,10273,10288,4,5:3,10289,10292,4,1:3,,,,,,20,4,2,1
asymmetric,4,160,3,c,6,0,34720,4,10298,10298,,10319,10318,10324,10325,,,0,,,,0,,,,0,,10300,10315,4,5:3,10302,10317,4,5:3,10303,10318,4,5:3,10319,10322,4,1:3,,,,,,20,4,2,1
asymmetric,4,161,3,c,7,0,34976,4,10328,10328,,10349,10348,10354,10355,,,0,,,,0,,,,0,,10330,10345,4,5:3,10332,10347,4,5:3,10333,10348,4,5:3,10349,10352,4,1:3,,,,,,20,4,2,1
asymmetric,4,162,4,a,0,0,64,16,10364,10364,10365,,,,10400,10367,10382,16,1:15,10383,10398,16,1:15,10384,10399,16,1:15,,,0,,,,0,,,,0,,,,0,,1,2,15,17,1,,,,
asymmetric,4,163,4,a,0,16,192,16,10403,10403,10404,,,,10439,10406,10421,16,1:15,10422,10437,16,1:15,10423,10438,16,1:15,,,0,,,,0,,,,0,,,,0,,1,2,15,17,1,,,,
asymmetric,4,164,4,a,1,0,320,16,10442,10442,10443,,,,10478,10445,10460,16,1:15,10461,10476,16,1:15,10462,10477,16,1:15,,,0,,,,0,,,,0,,,,0,,1,2,15,17,1,,,,
asymmetric,4,165,4,a,1,16,448,16,10481,10481,10482,,,,10517,10484,10499,16,1:15,10500,10515,16,1:15,10501,10516,16,1:15,,,0,,,,0,,,,0,,,,0,,1,2,15,17,1,,,,
asymmetric,4,166,4,a,2,0,576,16,10520,10520,10521,,,,10556,10523,10538,16,1:15,10539,10554,16,1:15,10540,10555,16,1:15,,,0,,,,0,,,,0,,,,0,,1,2,15,17,1,,,,
asymmetric,4,167,4,a,2,16,704,16,10559,10559,10560,,,,10595,10562,10577,16,1:15,10578,10593,16,1:15,10579,10594,16,1:15,,,0,,,,0,,,,0,,,,0,,1,2,15,17,1,,,,
asymmetric,4,168,4,a,3,0,832,16,10598,10598,10599,,,,10634,10601,10616,16,1:15,10617,10632,16,1:15,10618,10633,16,1:15,,,0,,,,0,,,,0,,,,0,,1,2,15,17,1,,,,
asymmetric,4,169,4,a,3,16,960,16,10637,10637,10638,,,,10673,10640,10655,16,1:15,10656,10671,16,1:15,10657,10672,16,1:15,,,0,,,,0,,,,0,,,,0,,1,2,15,17,1,,,,
asymmetric,4,170,4,a,4,0,1088,16,10676,10676,10677,,,,10712,10679,10694,16,1:15,10695,10710,16,1:15,10696,10711,16,1:15,,,0,,,,0,,,,0,,,,0,,1,2,15,17,1,,,,
asymmetric,4,171,4,a,4,16,1216,16,10715,10715,10716,,,,10751,10718,10733,16,1:15,10734,10749,16,1:15,10735,10750,16,1:15,,,0,,,,0,,,,0,,,,0,,1,2,15,17,1,,,,
asymmetric,4,172,4,a,5,0,1344,16,10754,10754,10755,,,,10790,10757,10772,16,1:15,10773,10788,16,1:15,10774,10789,16,1:15,,,0,,,,0,,,,0,,,,0,,1,2,15,17,1,,,,
asymmetric,4,173,4,a,5,16,1472,16,10793,10793,10794,,,,10829,10796,10811,16,1:15,10812,10827,16,1:15,10813,10828,16,1:15,,,0,,,,0,,,,0,,,,0,,1,2,15,17,1,,,,
asymmetric,4,174,4,a,6,0,1600,16,10832,10832,10833,,,,10868,10835,10850,16,1:15,10851,10866,16,1:15,10852,10867,16,1:15,,,0,,,,0,,,,0,,,,0,,1,2,15,17,1,,,,
asymmetric,4,175,4,a,6,16,1728,16,10871,10871,10872,,,,10907,10874,10889,16,1:15,10890,10905,16,1:15,10891,10906,16,1:15,,,0,,,,0,,,,0,,,,0,,1,2,15,17,1,,,,
asymmetric,4,176,4,a,7,0,1856,16,10910,10910,10911,,,,10946,10913,10928,16,1:15,10929,10944,16,1:15,10930,10945,16,1:15,,,0,,,,0,,,,0,,,,0,,1,2,15,17,1,,,,
asymmetric,4,177,4,a,7,16,1984,16,10949,10949,10950,,,,10985,10952,10967,16,1:15,10968,10983,16,1:15,10969,10984,16,1:15,,,0,,,,0,,,,0,,,,0,,1,2,15,17,1,,,,
asymmetric,4,178,4,bt,0,0,25024,16,10993,10993,10994,,,,11029,10996,11011,16,1:15,11012,11027,16,1:15,11013,11028,16,1:15,,,0,,,,0,,,,0,,,,0,,1,2,15,17,1,,,,
asymmetric,4,179,4,bt,0,16,25152,16,11032,11032,11033,,,,11068,11035,11050,16,1:15,11051,11066,16,1:15,11052,11067,16,1:15,,,0,,,,0,,,,0,,,,0,,1,2,15,17,1,,,,
asymmetric,4,180,4,bt,1,0,25280,16,11071,11071,11072,,,,11107,11074,11089,16,1:15,11090,11105,16,1:15,11091,11106,16,1:15,,,0,,,,0,,,,0,,,,0,,1,2,15,17,1,,,,
asymmetric,4,181,4,bt,1,16,25408,16,11110,11110,11111,,,,11146,11113,11128,16,1:15,11129,11144,16,1:15,11130,11145,16,1:15,,,0,,,,0,,,,0,,,,0,,1,2,15,17,1,,,,
asymmetric,4,182,4,bt,2,0,25536,16,11149,11149,11150,,,,11185,11152,11167,16,1:15,11168,11183,16,1:15,11169,11184,16,1:15,,,0,,,,0,,,,0,,,,0,,1,2,15,17,1,,,,
asymmetric,4,183,4,bt,2,16,25664,16,11188,11188,11189,,,,11224,11191,11206,16,1:15,11207,11222,16,1:15,11208,11223,16,1:15,,,0,,,,0,,,,0,,,,0,,1,2,15,17,1,,,,
asymmetric,4,184,4,bt,3,0,25792,16,11227,11227,11228,,,,11263,11230,11245,16,1:15,11246,11261,16,1:15,11247,11262,16,1:15,,,0,,,,0,,,,0,,,,0,,1,2,15,17,1,,,,
asymmetric,4,185,4,bt,3,16,25920,16,11266,11266,11267,,,,11302,11269,11284,16,1:15,11285,11300,16,1:15,11286,11301,16,1:15,,,0,,,,0,,,,0,,,,0,,1,2,15,17,1,,,,
asymmetric,4,186,4,bt,4,0,26048,16,11305,11305,11306,,,,11341,11308,11323,16,1:15,11324,11339,16,1:15,11325,11340,16,1:15,,,0,,,,0,,,,0,,,,0,,1,2,15,17,1,,,,
asymmetric,4,187,4,bt,4,16,26176,16,11344,11344,11345,,,,11380,11347,11362,16,1:15,11363,11378,16,1:15,11364,11379,16,1:15,,,0,,,,0,,,,0,,,,0,,1,2,15,17,1,,,,
asymmetric,4,188,4,bt,5,0,26304,16,11383,11383,11384,,,,11419,11386,11401,16,1:15,11402,11417,16,1:15,11403,11418,16,1:15,,,0,,,,0,,,,0,,,,0,,1,2,15,17,1,,,,
asymmetric,4,189,4,bt,5,16,26432,16,11422,11422,11423,,,,11458,11425,11440,16,1:15,11441,11456,16,1:15,11442,11457,16,1:15,,,0,,,,0,,,,0,,,,0,,1,2,15,17,1,,,,
asymmetric,4,190,4,bt,6,0,26560,16,11461,11461,11462,,,,11497,11464,11479,16,1:15,11480,11495,16,1:15,11481,11496,16,1:15,,,0,,,,0,,,,0,,,,0,,1,2,15,17,1,,,,
asymmetric,4,191,4,bt,6,16,26688,16,11500,11500,11501,,,,11536,11503,11518,16,1:15,11519,11534,16,1:15,11520,11535,16,1:15,,,0,,,,0,,,,0,,,,0,,1,2,15,17,1,,,,
asymmetric,4,192,4,bt,7,0,26816,16,11539,11539,11540,,,,11575,11542,11557,16,1:15,11558,11573,16,1:15,11559,11574,16,1:15,,,0,,,,0,,,,0,,,,0,,1,2,15,17,1,,,,
asymmetric,4,193,4,bt,7,16,26944,16,11578,11578,11579,,,,11614,11581,11596,16,1:15,11597,11612,16,1:15,11598,11613,16,1:15,,,0,,,,0,,,,0,,,,0,,1,2,15,17,1,,,,
asymmetric,4,194,4,c,0,0,33216,4,12704,12704,,12725,12724,12730,12731,,,0,,,,0,,,,0,,12706,12721,4,5:3,12708,12723,4,5:3,12709,12724,4,5:3,12725,12728,4,1:3,,,,,,20,4,2,1
asymmetric,4,195,4,c,1,0,33472,4,12734,12734,,12755,12754,12760,12761,,,0,,,,0,,,,0,,12736,12751,4,5:3,12738,12753,4,5:3,12739,12754,4,5:3,12755,12758,4,1:3,,,,,,20,4,2,1
asymmetric,4,196,4,c,2,0,33728,4,12764,12764,,12785,12784,12790,12791,,,0,,,,0,,,,0,,12766,12781,4,5:3,12768,12783,4,5:3,12769,12784,4,5:3,12785,12788,4,1:3,,,,,,20,4,2,1
asymmetric,4,197,4,c,3,0,33984,4,12794,12794,,12815,12814,12820,12821,,,0,,,,0,,,,0,,12796,12811,4,5:3,12798,12813,4,5:3,12799,12814,4,5:3,12815,12818,4,1:3,,,,,,20,4,2,1
asymmetric,4,198,4,c,4,0,34240,4,12824,12824,,12845,12844,12850,12851,,,0,,,,0,,,,0,,12826,12841,4,5:3,12828,12843,4,5:3,12829,12844,4,5:3,12845,12848,4,1:3,,,,,,20,4,2,1
asymmetric,4,199,4,c,5,0,34496,4,12854,12854,,12875,12874,12880,12881,,,0,,,,0,,,,0,,12856,12871,4,5:3,12858,12873,4,5:3,12859,12874,4,5:3,12875,12878,4,1:3,,,,,,20,4,2,1
asymmetric,4,200,4,c,6,0,34752,4,12884,12884,,12905,12904,12910,12911,,,0,,,,0,,,,0,,12886,12901,4,5:3,12888,12903,4,5:3,12889,12904,4,5:3,12905,12908,4,1:3,,,,,,20,4,2,1
asymmetric,4,201,4,c,7,0,35008,4,12914,12914,,12935,12934,12940,12941,,,0,,,,0,,,,0,,12916,12931,4,5:3,12918,12933,4,5:3,12919,12934,4,5:3,12935,12938,4,1:3,,,,,,20,4,2,1
asymmetric,4,202,5,a,0,0,64,16,12950,12950,12951,,,,12986,12953,12968,16,1:15,12969,12984,16,1:15,12970,12985,16,1:15,,,0,,,,0,,,,0,,,,0,,1,2,15,17,1,,,,
asymmetric,4,203,5,a,0,16,192,16,12989,12989,12990,,,,13025,12992,13007,16,1:15,13008,13023,16,1:15,13009,13024,16,1:15,,,0,,,,0,,,,0,,,,0,,1,2,15,17,1,,,,
asymmetric,4,204,5,a,1,0,320,16,13028,13028,13029,,,,13064,13031,13046,16,1:15,13047,13062,16,1:15,13048,13063,16,1:15,,,0,,,,0,,,,0,,,,0,,1,2,15,17,1,,,,
asymmetric,4,205,5,a,1,16,448,16,13067,13067,13068,,,,13103,13070,13085,16,1:15,13086,13101,16,1:15,13087,13102,16,1:15,,,0,,,,0,,,,0,,,,0,,1,2,15,17,1,,,,
asymmetric,4,206,5,a,2,0,576,16,13106,13106,13107,,,,13142,13109,13124,16,1:15,13125,13140,16,1:15,13126,13141,16,1:15,,,0,,,,0,,,,0,,,,0,,1,2,15,17,1,,,,
asymmetric,4,207,5,a,2,16,704,16,13145,13145,13146,,,,13181,13148,13163,16,1:15,13164,13179,16,1:15,13165,13180,16,1:15,,,0,,,,0,,,,0,,,,0,,1,2,15,17,1,,,,
asymmetric,4,208,5,a,3,0,832,16,13184,13184,13185,,,,13220,13187,13202,16,1:15,13203,13218,16,1:15,13204,13219,16,1:15,,,0,,,,0,,,,0,,,,0,,1,2,15,17,1,,,,
asymmetric,4,209,5,a,3,16,960,16,13223,13223,13224,,,,13259,13226,13241,16,1:15,13242,13257,16,1:15,13243,13258,16,1:15,,,0,,,,0,,,,0,,,,0,,1,2,15,17,1,,,,
asymmetric,4,210,5,a,4,0,1088,16,13262,13262,13263,,,,13298,13265,13280,16,1:15,13281,13296,16,1:15,13282,13297,16,1:15,,,0,,,,0,,,,0,,,,0,,1,2,15,17,1,,,,
asymmetric,4,211,5,a,4,16,1216,16,13301,13301,13302,,,,13337,13304,13319,16,1:15,13320,13335,16,1:15,13321,13336,16,1:15,,,0,,,,0,,,,0,,,,0,,1,2,15,17,1,,,,
asymmetric,4,212,5,a,5,0,1344,16,13340,13340,13341,,,,13376,13343,13358,16,1:15,13359,13374,16,1:15,13360,13375,16,1:15,,,0,,,,0,,,,0,,,,0,,1,2,15,17,1,,,,
asymmetric,4,213,5,a,5,16,1472,16,13379,13379,13380,,,,13415,13382,13397,16,1:15,13398,13413,16,1:15,13399,13414,16,1:15,,,0,,,,0,,,,0,,,,0,,1,2,15,17,1,,,,
asymmetric,4,214,5,a,6,0,1600,16,13418,13418,13419,,,,13454,13421,13436,16,1:15,13437,13452,16,1:15,13438,13453,16,1:15,,,0,,,,0,,,,0,,,,0,,1,2,15,17,1,,,,
asymmetric,4,215,5,a,6,16,1728,16,13457,13457,13458,,,,13493,13460,13475,16,1:15,13476,13491,16,1:15,13477,13492,16,1:15,,,0,,,,0,,,,0,,,,0,,1,2,15,17,1,,,,
asymmetric,4,216,5,a,7,0,1856,16,13496,13496,13497,,,,13532,13499,13514,16,1:15,13515,13530,16,1:15,13516,13531,16,1:15,,,0,,,,0,,,,0,,,,0,,1,2,15,17,1,,,,
asymmetric,4,217,5,a,7,16,1984,16,13535,13535,13536,,,,13571,13538,13553,16,1:15,13554,13569,16,1:15,13555,13570,16,1:15,,,0,,,,0,,,,0,,,,0,,1,2,15,17,1,,,,
asymmetric,4,218,5,bt,0,0,27072,16,13579,13579,13580,,,,13615,13582,13597,16,1:15,13598,13613,16,1:15,13599,13614,16,1:15,,,0,,,,0,,,,0,,,,0,,1,2,15,17,1,,,,
asymmetric,4,219,5,bt,0,16,27200,16,13618,13618,13619,,,,13654,13621,13636,16,1:15,13637,13652,16,1:15,13638,13653,16,1:15,,,0,,,,0,,,,0,,,,0,,1,2,15,17,1,,,,
asymmetric,4,220,5,bt,1,0,27328,16,13657,13657,13658,,,,13693,13660,13675,16,1:15,13676,13691,16,1:15,13677,13692,16,1:15,,,0,,,,0,,,,0,,,,0,,1,2,15,17,1,,,,
asymmetric,4,221,5,bt,1,16,27456,16,13696,13696,13697,,,,13732,13699,13714,16,1:15,13715,13730,16,1:15,13716,13731,16,1:15,,,0,,,,0,,,,0,,,,0,,1,2,15,17,1,,,,
asymmetric,4,222,5,bt,2,0,27584,16,13735,13735,13736,,,,13771,13738,13753,16,1:15,13754,13769,16,1:15,13755,13770,16,1:15,,,0,,,,0,,,,0,,,,0,,1,2,15,17,1,,,,
asymmetric,4,223,5,bt,2,16,27712,16,13774,13774,13775,,,,13810,13777,13792,16,1:15,13793,13808,16,1:15,13794,13809,16,1:15,,,0,,,,0,,,,0,,,,0,,1,2,15,17,1,,,,
asymmetric,4,224,5,bt,3,0,27840,16,13813,13813,13814,,,,13849,13816,13831,16,1:15,13832,13847,16,1:15,13833,13848,16,1:15,,,0,,,,0,,,,0,,,,0,,1,2,15,17,1,,,,
asymmetric,4,225,5,bt,3,16,27968,16,13852,13852,13853,,,,13888,13855,13870,16,1:15,13871,13886,16,1:15,13872,13887,16,1:15,,,0,,,,0,,,,0,,,,0,,1,2,15,17,1,,,,
asymmetric,4,226,5,bt,4,0,28096,16,13891,13891,13892,,,,13927,13894,13909,16,1:15,13910,13925,16,1:15,13911,13926,16,1:15,,,0,,,,0,,,,0,,,,0,,1,2,15,17,1,,,,
asymmetric,4,227,5,bt,4,16,28224,16,13930,13930,13931,,,,13966,13933,13948,16,1:15,13949,13964,16,1:15,13950,13965,16,1:15,,,0,,,,0,,,,0,,,,0,,1,2,15,17,1,,,,
asymmetric,4,228,5,bt,5,0,28352,16,13969,13969,13970,,,,14005,13972,13987,16,1:15,13988,14003,16,1:15,13989,14004,16,1:15,,,0,,,,0,,,,0,,,,0,,1,2,15,17,1,,,,
asymmetric,4,229,5,bt,5,16,28480,16,14008,14008,14009,,,,14044,14011,14026,16,1:15,14027,14042,16,1:15,14028,14043,16,1:15,,,0,,,,0,,,,0,,,,0,,1,2,15,17,1,,,,
asymmetric,4,230,5,bt,6,0,28608,8,14047,14047,14048,,,,14067,14050,14057,8,1:7,14058,14065,8,1:7,14059,14066,8,1:7,,,0,,,,0,,,,0,,,,0,,1,2,7,9,1,,,,
asymmetric,4,231,5,bt,6,8,28672,16,14070,14070,14071,,,,14106,14073,14088,16,1:15,14089,14104,16,1:15,14090,14105,16,1:15,,,0,,,,0,,,,0,,,,0,,1,2,15,17,1,,,,
asymmetric,4,232,5,bt,6,24,28800,8,14109,14109,14110,,,,14129,14112,14119,8,1:7,14120,14127,8,1:7,14121,14128,8,1:7,,,0,,,,0,,,,0,,,,0,,1,2,7,9,1,,,,
asymmetric,4,233,5,bt,7,0,28864,16,14132,14132,14133,,,,14168,14135,14150,16,1:15,14151,14166,16,1:15,14152,14167,16,1:15,,,0,,,,0,,,,0,,,,0,,1,2,15,17,1,,,,
asymmetric,4,234,5,bt,7,16,28992,16,14171,14171,14172,,,,14207,14174,14189,16,1:15,14190,14205,16,1:15,14191,14206,16,1:15,,,0,,,,0,,,,0,,,,0,,1,2,15,17,1,,,,
asymmetric,4,235,5,c,0,0,33248,4,15297,15297,,15318,15317,15323,15324,,,0,,,,0,,,,0,,15299,15314,4,5:3,15301,15316,4,5:3,15302,15317,4,5:3,15318,15321,4,1:3,,,,,,20,4,2,1
asymmetric,4,236,5,c,1,0,33504,4,15327,15327,,15348,15347,15353,15354,,,0,,,,0,,,,0,,15329,15344,4,5:3,15331,15346,4,5:3,15332,15347,4,5:3,15348,15351,4,1:3,,,,,,20,4,2,1
asymmetric,4,237,5,c,2,0,33760,4,15357,15357,,15378,15377,15383,15384,,,0,,,,0,,,,0,,15359,15374,4,5:3,15361,15376,4,5:3,15362,15377,4,5:3,15378,15381,4,1:3,,,,,,20,4,2,1
asymmetric,4,238,5,c,3,0,34016,4,15387,15387,,15408,15407,15413,15414,,,0,,,,0,,,,0,,15389,15404,4,5:3,15391,15406,4,5:3,15392,15407,4,5:3,15408,15411,4,1:3,,,,,,20,4,2,1
asymmetric,4,239,5,c,4,0,34272,4,15417,15417,,15438,15437,15443,15444,,,0,,,,0,,,,0,,15419,15434,4,5:3,15421,15436,4,5:3,15422,15437,4,5:3,15438,15441,4,1:3,,,,,,20,4,2,1
asymmetric,4,240,5,c,5,0,34528,4,15447,15447,,15468,15467,15473,15474,,,0,,,,0,,,,0,,15449,15464,4,5:3,15451,15466,4,5:3,15452,15467,4,5:3,15468,15471,4,1:3,,,,,,20,4,2,1
asymmetric,4,241,5,c,6,0,34784,4,15477,15477,,15498,15497,15503,15504,,,0,,,,0,,,,0,,15479,15494,4,5:3,15481,15496,4,5:3,15482,15497,4,5:3,15498,15501,4,1:3,,,,,,20,4,2,1
asymmetric,4,242,5,c,7,0,35040,4,15507,15507,,15528,15527,15533,15534,,,0,,,,0,,,,0,,15509,15524,4,5:3,15511,15526,4,5:3,15512,15527,4,5:3,15528,15531,4,1:3,,,,,,20,4,2,1
asymmetric,4,243,6,a,0,0,64,16,15543,15543,15544,,,,15579,15546,15561,16,1:15,15562,15577,16,1:15,15563,15578,16,1:15,,,0,,,,0,,,,0,,,,0,,1,2,15,17,1,,,,
asymmetric,4,244,6,a,0,16,192,16,15582,15582,15583,,,,15618,15585,15600,16,1:15,15601,15616,16,1:15,15602,15617,16,1:15,,,0,,,,0,,,,0,,,,0,,1,2,15,17,1,,,,
asymmetric,4,245,6,a,1,0,320,16,15621,15621,15622,,,,15657,15624,15639,16,1:15,15640,15655,16,1:15,15641,15656,16,1:15,,,0,,,,0,,,,0,,,,0,,1,2,15,17,1,,,,
asymmetric,4,246,6,a,1,16,448,16,15660,15660,15661,,,,15696,15663,15678,16,1:15,15679,15694,16,1:15,15680,15695,16,1:15,,,0,,,,0,,,,0,,,,0,,1,2,15,17,1,,,,
asymmetric,4,247,6,a,2,0,576,16,15699,15699,15700,,,,15735,15702,15717,16,1:15,15718,15733,16,1:15,15719,15734,16,1:15,,,0,,,,0,,,,0,,,,0,,1,2,15,17,1,,,,
asymmetric,4,248,6,a,2,16,704,16,15738,15738,15739,,,,15774,15741,15756,16,1:15,15757,15772,16,1:15,15758,15773,16,1:15,,,0,,,,0,,,,0,,,,0,,1,2,15,17,1,,,,
asymmetric,4,249,6,a,3,0,832,16,15777,15777,15778,,,,15813,15780,15795,16,1:15,15796,15811,16,1:15,15797,15812,16,1:15,,,0,,,,0,,,,0,,,,0,,1,2,15,17,1,,,,
asymmetric,4,250,6,a,3,16,960,16,15816,15816,15817,,,,15852,15819,15834,16,1:15,15835,15850,16,1:15,15836,15851,16,1:15,,,0,,,,0,,,,0,,,,0,,1,2,15,17,1,,,,
asymmetric,4,251,6,a,4,0,1088,16,15855,15855,15856,,,,15891,15858,15873,16,1:15,15874,15889,16,1:15,15875,15890,16,1:15,,,0,,,,0,,,,0,,,,0,,1,2,15,17,1,,,,
asymmetric,4,252,6,a,4,16,1216,16,15894,15894,15895,,,,15930,15897,15912,16,1:15,15913,15928,16,1:15,15914,15929,16,1:15,,,0,,,,0,,,,0,,,,0,,1,2,15,17,1,,,,
asymmetric,4,253,6,a,5,0,1344,16,15933,15933,15934,,,,15969,15936,15951,16,1:15,15952,15967,16,1:15,15953,15968,16,1:15,,,0,,,,0,,,,0,,,,0,,1,2,15,17,1,,,,
asymmetric,4,254,6,a,5,16,1472,16,15972,15972,15973,,,,16008,15975,15990,16,1:15,15991,16006,16,1:15,15992,16007,16,1:15,,,0,,,,0,,,,0,,,,0,,1,2,15,17,1,,,,
asymmetric,4,255,6,a,6,0,1600,16,16011,16011,16012,,,,16047,16014,16029,16,1:15,16030,16045,16,1:15,16031,16046,16,1:15,,,0,,,,0,,,,0,,,,0,,1,2,15,17,1,,,,
asymmetric,4,256,6,a,6,16,1728,16,16050,16050,16051,,,,16086,16053,16068,16,1:15,16069,16084,16,1:15,16070,16085,16,1:15,,,0,,,,0,,,,0,,,,0,,1,2,15,17,1,,,,
asymmetric,4,257,6,a,7,0,1856,16,16089,16089,16090,,,,16125,16092,16107,16,1:15,16108,16123,16,1:15,16109,16124,16,1:15,,,0,,,,0,,,,0,,,,0,,1,2,15,17,1,,,,
asymmetric,4,258,6,a,7,16,1984,16,16128,16128,16129,,,,16164,16131,16146,16,1:15,16147,16162,16,1:15,16148,16163,16,1:15,,,0,,,,0,,,,0,,,,0,,1,2,15,17,1,,,,
asymmetric,4,259,6,bt,0,0,29120,16,16172,16172,16173,,,,16208,16175,16190,16,1:15,16191,16206,16,1:15,16192,16207,16,1:15,,,0,,,,0,,,,0,,,,0,,1,2,15,17,1,,,,
asymmetric,4,260,6,bt,0,16,29248,16,16211,16211,16212,,,,16247,16214,16229,16,1:15,16230,16245,16,1:15,16231,16246,16,1:15,,,0,,,,0,,,,0,,,,0,,1,2,15,17,1,,,,
asymmetric,4,261,6,bt,1,0,29376,16,16250,16250,16251,,,,16286,16253,16268,16,1:15,16269,16284,16,1:15,16270,16285,16,1:15,,,0,,,,0,,,,0,,,,0,,1,2,15,17,1,,,,
asymmetric,4,262,6,bt,1,16,29504,16,16289,16289,16290,,,,16325,16292,16307,16,1:15,16308,16323,16,1:15,16309,16324,16,1:15,,,0,,,,0,,,,0,,,,0,,1,2,15,17,1,,,,
asymmetric,4,263,6,bt,2,0,29632,16,16328,16328,16329,,,,16364,16331,16346,16,1:15,16347,16362,16,1:15,16348,16363,16,1:15,,,0,,,,0,,,,0,,,,0,,1,2,15,17,1,,,,
asymmetric,4,264,6,bt,2,16,29760,16,16367,16367,16368,,,,16403,16370,16385,16,1:15,16386,16401,16,1:15,16387,16402,16,1:15,,,0,,,,0,,,,0,,,,0,,1,2,15,17,1,,,,
asymmetric,4,265,6,bt,3,0,29888,16,16406,16406,16407,,,,16442,16409,16424,16,1:15,16425,16440,16,1:15,16426,16441,16,1:15,,,0,,,,0,,,,0,,,,0,,1,2,15,17,1,,,,
asymmetric,4,266,6,bt,3,16,30016,16,16445,16445,16446,,,,16481,16448,16463,16,1:15,16464,16479,16,1:15,16465,16480,16,1:15,,,0,,,,0,,,,0,,,,0,,1,2,15,17,1,,,,
asymmetric,4,267,6,bt,4,0,30144,16,16484,16484,16485,,,,16520,16487,16502,16,1:15,16503,16518,16,1:15,16504,16519,16,1:15,,,0,,,,0,,,,0,,,,0,,1,2,15,17,1,,,,
asymmetric,4,268,6,bt,4,16,30272,16,16523,16523,16524,,,,16559,16526,16541,16,1:15,16542,16557,16,1:15,16543,16558,16,1:15,,,0,,,,0,,,,0,,,,0,,1,2,15,17,1,,,,
asymmetric,4,269,6,bt,5,0,30400,16,16562,16562,16563,,,,16598,16565,16580,16,1:15,16581,16596,16,1:15,16582,16597,16,1:15,,,0,,,,0,,,,0,,,,0,,1,2,15,17,1,,,,
asymmetric,4,270,6,bt,5,16,30528,16,16601,16601,16602,,,,16637,16604,16619,16,1:15,16620,16635,16,1:15,16621,16636,16,1:15,,,0,,,,0,,,,0,,,,0,,1,2,15,17,1,,,,
asymmetric,4,271,6,bt,6,0,30656,16,16640,16640,16641,,,,16676,16643,16658,16,1:15,16659,16674,16,1:15,16660,16675,16,1:15,,,0,,,,0,,,,0,,,,0,,1,2,15,17,1,,,,
asymmetric,4,272,6,bt,6,16,30784,16,16679,16679,16680,,,,16715,16682,16697,16,1:15,16698,16713,16,1:15,16699,16714,16,1:15,,,0,,,,0,,,,0,,,,0,,1,2,15,17,1,,,,
asymmetric,4,273,6,bt,7,0,30912,16,16718,16718,16719,,,,16754,16721,16736,16,1:15,16737,16752,16,1:15,16738,16753,16,1:15,,,0,,,,0,,,,0,,,,0,,1,2,15,17,1,,,,
asymmetric,4,274,6,bt,7,16,31040,16,16757,16757,16758,,,,16793,16760,16775,16,1:15,16776,16791,16,1:15,16777,16792,16,1:15,,,0,,,,0,,,,0,,,,0,,1,2,15,17,1,,,,
asymmetric,4,275,6,c,0,0,33280,4,17883,17883,,17904,17903,17909,17910,,,0,,,,0,,,,0,,17885,17900,4,5:3,17887,17902,4,5:3,17888,17903,4,5:3,17904,17907,4,1:3,,,,,,20,4,2,1
asymmetric,4,276,6,c,1,0,33536,4,17913,17913,,17934,17933,17939,17940,,,0,,,,0,,,,0,,17915,17930,4,5:3,17917,17932,4,5:3,17918,17933,4,5:3,17934,17937,4,1:3,,,,,,20,4,2,1
asymmetric,4,277,6,c,2,0,33792,4,17943,17943,,17964,17963,17969,17970,,,0,,,,0,,,,0,,17945,17960,4,5:3,17947,17962,4,5:3,17948,17963,4,5:3,17964,17967,4,1:3,,,,,,20,4,2,1
asymmetric,4,278,6,c,3,0,34048,4,17973,17973,,17994,17993,17999,18000,,,0,,,,0,,,,0,,17975,17990,4,5:3,17977,17992,4,5:3,17978,17993,4,5:3,17994,17997,4,1:3,,,,,,20,4,2,1
asymmetric,4,279,6,c,4,0,34304,4,18003,18003,,18024,18023,18029,18030,,,0,,,,0,,,,0,,18005,18020,4,5:3,18007,18022,4,5:3,18008,18023,4,5:3,18024,18027,4,1:3,,,,,,20,4,2,1
asymmetric,4,280,6,c,5,0,34560,4,18033,18033,,18054,18053,18059,18060,,,0,,,,0,,,,0,,18035,18050,4,5:3,18037,18052,4,5:3,18038,18053,4,5:3,18054,18057,4,1:3,,,,,,20,4,2,1
asymmetric,4,281,6,c,6,0,34816,4,18063,18063,,18084,18083,18089,18090,,,0,,,,0,,,,0,,18065,18080,4,5:3,18067,18082,4,5:3,18068,18083,4,5:3,18084,18087,4,1:3,,,,,,20,4,2,1
asymmetric,4,282,6,c,7,0,35072,4,18093,18093,,18114,18113,18119,18120,,,0,,,,0,,,,0,,18095,18110,4,5:3,18097,18112,4,5:3,18098,18113,4,5:3,18114,18117,4,1:3,,,,,,20,4,2,1
asymmetric,4,283,7,a,0,0,64,16,18129,18129,18130,,,,18165,18132,18147,16,1:15,18148,18163,16,1:15,18149,18164,16,1:15,,,0,,,,0,,,,0,,,,0,,1,2,15,17,1,,,,
asymmetric,4,284,7,a,0,16,192,16,18168,18168,18169,,,,18204,18171,18186,16,1:15,18187,18202,16,1:15,18188,18203,16,1:15,,,0,,,,0,,,,0,,,,0,,1,2,15,17,1,,,,
asymmetric,4,285,7,a,1,0,320,16,18207,18207,18208,,,,18243,18210,18225,16,1:15,18226,18241,16,1:15,18227,18242,16,1:15,,,0,,,,0,,,,0,,,,0,,1,2,15,17,1,,,,
asymmetric,4,286,7,a,1,16,448,16,18246,18246,18247,,,,18282,18249,18264,16,1:15,18265,18280,16,1:15,18266,18281,16,1:15,,,0,,,,0,,,,0,,,,0,,1,2,15,17,1,,,,
asymmetric,4,287,7,a,2,0,576,16,18285,18285,18286,,,,18321,18288,18303,16,1:15,18304,18319,16,1:15,18305,18320,16,1:15,,,0,,,,0,,,,0,,,,0,,1,2,15,17,1,,,,
asymmetric,4,288,7,a,2,16,704,16,18324,18324,18325,,,,18360,18327,18342,16,1:15,18343,18358,16,1:15,18344,18359,16,1:15,,,0,,,,0,,,,0,,,,0,,1,2,15,17,1,,,,
asymmetric,4,289,7,a,3,0,832,16,18363,18363,18364,,,,18399,18366,18381,16,1:15,18382,18397,16,1:15,18383,18398,16,1:15,,,0,,,,0,,,,0,,,,0,,1,2,15,17,1,,,,
asymmetric,4,290,7,a,3,16,960,16,18402,18402,18403,,,,18438,18405,18420,16,1:15,18421,18436,16,1:15,18422,18437,16,1:15,,,0,,,,0,,,,0,,,,0,,1,2,15,17,1,,,,
asymmetric,4,291,7,a,4,0,1088,16,18441,18441,18442,,,,18477,18444,18459,16,1:15,18460,18475,16,1:15,18461,18476,16,1:15,,,0,,,,0,,,,0,,,,0,,1,2,15,17,1,,,,
asymmetric,4,292,7,a,4,16,1216,16,18480,18480,18481,,,,18516,18483,18498,16,1:15,18499,18514,16,1:15,18500,18515,16,1:15,,,0,,,,0,,,,0,,,,0,,1,2,15,17,1,,,,
asymmetric,4,293,7,a,5,0,1344,16,18519,18519,18520,,,,18555,18522,18537,16,1:15,18538,18553,16,1:15,18539,18554,16,1:15,,,0,,,,0,,,,0,,,,0,,1,2,15,17,1,,,,
asymmetric,4,294,7,a,5,16,1472,16,18558,18558,18559,,,,18594,18561,18576,16,1:15,18577,18592,16,1:15,18578,18593,16,1:15,,,0,,,,0,,,,0,,,,0,,1,2,15,17,1,,,,
asymmetric,4,295,7,a,6,0,1600,16,18597,18597,18598,,,,18633,18600,18615,16,1:15,18616,18631,16,1:15,18617,18632,16,1:15,,,0,,,,0,,,,0,,,,0,,1,2,15,17,1,,,,
asymmetric,4,296,7,a,6,16,1728,16,18636,18636,18637,,,,18672,18639,18654,16,1:15,18655,18670,16,1:15,18656,18671,16,1:15,,,0,,,,0,,,,0,,,,0,,1,2,15,17,1,,,,
asymmetric,4,297,7,a,7,0,1856,16,18675,18675,18676,,,,18711,18678,18693,16,1:15,18694,18709,16,1:15,18695,18710,16,1:15,,,0,,,,0,,,,0,,,,0,,1,2,15,17,1,,,,
asymmetric,4,298,7,a,7,16,1984,16,18714,18714,18715,,,,18750,18717,18732,16,1:15,18733,18748,16,1:15,18734,18749,16,1:15,,,0,,,,0,,,,0,,,,0,,1,2,15,17,1,,,,
asymmetric,4,299,7,bt,0,0,31168,16,18758,18758,18759,,,,18794,18761,18776,16,1:15,18777,18792,16,1:15,18778,18793,16,1:15,,,0,,,,0,,,,0,,,,0,,1,2,15,17,1,,,,
asymmetric,4,300,7,bt,0,16,31296,16,18797,18797,18798,,,,18833,18800,18815,16,1:15,18816,18831,16,1:15,18817,18832,16,1:15,,,0,,,,0,,,,0,,,,0,,1,2,15,17,1,,,,
asymmetric,4,301,7,bt,1,0,31424,16,18836,18836,18837,,,,18872,18839,18854,16,1:15,18855,18870,16,1:15,18856,18871,16,1:15,,,0,,,,0,,,,0,,,,0,,1,2,15,17,1,,,,
asymmetric,4,302,7,bt,1,16,31552,16,18875,18875,18876,,,,18911,18878,18893,16,1:15,18894,18909,16,1:15,18895,18910,16,1:15,,,0,,,,0,,,,0,,,,0,,1,2,15,17,1,,,,
asymmetric,4,303,7,bt,2,0,31680,16,18914,18914,18915,,,,18950,18917,18932,16,1:15,18933,18948,16,1:15,18934,18949,16,1:15,,,0,,,,0,,,,0,,,,0,,1,2,15,17,1,,,,
asymmetric,4,304,7,bt,2,16,31808,16,18953,18953,18954,,,,18989,18956,18971,16,1:15,18972,18987,16,1:15,18973,18988,16,1:15,,,0,,,,0,,,,0,,,,0,,1,2,15,17,1,,,,
asymmetric,4,305,7,bt,3,0,31936,16,18992,18992,18993,,,,19028,18995,19010,16,1:15,19011,19026,16,1:15,19012,19027,16,1:15,,,0,,,,0,,,,0,,,,0,,1,2,15,17,1,,,,
asymmetric,4,306,7,bt,3,16,32064,16,19031,19031,19032,,,,19067,19034,19049,16,1:15,19050,19065,16,1:15,19051,19066,16,1:15,,,0,,,,0,,,,0,,,,0,,1,2,15,17,1,,,,
asymmetric,4,307,7,bt,4,0,32192,16,19070,19070,19071,,,,19106,19073,19088,16,1:15,19089,19104,16,1:15,19090,19105,16,1:15,,,0,,,,0,,,,0,,,,0,,1,2,15,17,1,,,,
asymmetric,4,308,7,bt,4,16,32320,16,19109,19109,19110,,,,19145,19112,19127,16,1:15,19128,19143,16,1:15,19129,19144,16,1:15,,,0,,,,0,,,,0,,,,0,,1,2,15,17,1,,,,
asymmetric,4,309,7,bt,5,0,32448,16,19148,19148,19149,,,,19184,19151,19166,16,1:15,19167,19182,16,1:15,19168,19183,16,1:15,,,0,,,,0,,,,0,,,,0,,1,2,15,17,1,,,,
asymmetric,4,310,7,bt,5,16,32576,16,19187,19187,19188,,,,19223,19190,19205,16,1:15,19206,19221,16,1:15,19207,19222,16,1:15,,,0,,,,0,,,,0,,,,0,,1,2,15,17,1,,,,
asymmetric,4,311,7,bt,6,0,32704,8,19226,19226,19227,,,,19246,19229,19236,8,1:7,19237,19244,8,1:7,19238,19245,8,1:7,,,0,,,,0,,,,0,,,,0,,1,2,7,9,1,,,,
asymmetric,4,312,7,bt,6,8,32768,16,19249,19249,19250,,,,19285,19252,19267,16,1:15,19268,19283,16,1:15,19269,19284,16,1:15,,,0,,,,0,,,,0,,,,0,,1,2,15,17,1,,,,
asymmetric,4,313,7,bt,6,24,32896,8,19288,19288,19289,,,,19308,19291,19298,8,1:7,19299,19306,8,1:7,19300,19307,8,1:7,,,0,,,,0,,,,0,,,,0,,1,2,7,9,1,,,,
asymmetric,4,314,7,c,0,0,33312,4,20398,20398,,20419,20418,20424,20425,,,0,,,,0,,,,0,,20400,20415,4,5:3,20402,20417,4,5:3,20403,20418,4,5:3,20419,20422,4,1:3,,,,,,20,4,2,1
asymmetric,4,315,7,c,1,0,33568,4,20428,20428,,20449,20448,20454,20455,,,0,,,,0,,,,0,,20430,20445,4,5:3,20432,20447,4,5:3,20433,20448,4,5:3,20449,20452,4,1:3,,,,,,20,4,2,1
asymmetric,4,316,7,c,2,0,33824,4,20458,20458,,20479,20478,20484,20485,,,0,,,,0,,,,0,,20460,20475,4,5:3,20462,20477,4,5:3,20463,20478,4,5:3,20479,20482,4,1:3,,,,,,20,4,2,1
asymmetric,4,317,7,c,3,0,34080,4,20488,20488,,20509,20508,20514,20515,,,0,,,,0,,,,0,,20490,20505,4,5:3,20492,20507,4,5:3,20493,20508,4,5:3,20509,20512,4,1:3,,,,,,20,4,2,1
asymmetric,4,318,7,c,4,0,34336,4,20518,20518,,20539,20538,20544,20545,,,0,,,,0,,,,0,,20520,20535,4,5:3,20522,20537,4,5:3,20523,20538,4,5:3,20539,20542,4,1:3,,,,,,20,4,2,1
asymmetric,4,319,7,c,5,0,34592,4,20548,20548,,20569,20568,20574,20575,,,0,,,,0,,,,0,,20550,20565,4,5:3,20552,20567,4,5:3,20553,20568,4,5:3,20569,20572,4,1:3,,,,,,20,4,2,1
asymmetric,4,320,7,c,6,0,34848,4,20578,20578,,20599,20598,20604,20605,,,0,,,,0,,,,0,,20580,20595,4,5:3,20582,20597,4,5:3,20583,20598,4,5:3,20599,20602,4,1:3,,,,,,20,4,2,1
asymmetric,4,321,7,c,7,0,35104,4,20608,20608,,20629,20628,20634,20635,,,0,,,,0,,,,0,,20610,20625,4,5:3,20612,20627,4,5:3,20613,20628,4,5:3,20629,20632,4,1:3,,,,,,20,4,2,1
asymmetric,4,322,8,a,0,0,2112,16,20644,20644,20645,,,,20680,20647,20662,16,1:15,20663,20678,16,1:15,20664,20679,16,1:15,,,0,,,,0,,,,0,,,,0,,1,2,15,17,1,,,,
asymmetric,4,323,8,a,0,16,2240,16,20683,20683,20684,,,,20719,20686,20701,16,1:15,20702,20717,16,1:15,20703,20718,16,1:15,,,0,,,,0,,,,0,,,,0,,1,2,15,17,1,,,,
asymmetric,4,324,8,a,1,0,2368,16,20722,20722,20723,,,,20758,20725,20740,16,1:15,20741,20756,16,1:15,20742,20757,16,1:15,,,0,,,,0,,,,0,,,,0,,1,2,15,17,1,,,,
asymmetric,4,325,8,a,1,16,2496,16,20761,20761,20762,,,,20797,20764,20779,16,1:15,20780,20795,16,1:15,20781,20796,16,1:15,,,0,,,,0,,,,0,,,,0,,1,2,15,17,1,,,,
asymmetric,4,326,8,a,2,0,2624,16,20800,20800,20801,,,,20836,20803,20818,16,1:15,20819,20834,16,1:15,20820,20835,16,1:15,,,0,,,,0,,,,0,,,,0,,1,2,15,17,1,,,,
asymmetric,4,327,8,a,2,16,2752,16,20839,20839,20840,,,,20875,20842,20857,16,1:15,20858,20873,16,1:15,20859,20874,16,1:15,,,0,,,,0,,,,0,,,,0,,1,2,15,17,1,,,,
asymmetric,4,328,8,a,3,0,2880,16,20878,20878,20879,,,,20914,20881,20896,16,1:15,20897,20912,16,1:15,20898,20913,16,1:15,,,0,,,,0,,,,0,,,,0,,1,2,15,17,1,,,,
asymmetric,4,329,8,a,3,16,3008,16,20917,20917,20918,,,,20953,20920,20935,16,1:15,20936,20951,16,1:15,20937,20952,16,1:15,,,0,,,,0,,,,0,,,,0,,1,2,15,17,1,,,,
asymmetric,4,330,8,a,4,0,3136,16,20956,20956,20957,,,,20992,20959,20974,16,1:15,20975,20990,16,1:15,20976,20991,16,1:15,,,0,,,,0,,,,0,,,,0,,1,2,15,17,1,,,,
asymmetric,4,331,8,a,4,16,3264,16,20995,20995,20996,,,,21031,20998,21013,16,1:15,21014,21029,16,1:15,21015,21030,16,1:15,,,0,,,,0,,,,0,,,,0,,1,2,15,17,1,,,,
asymmetric,4,332,8,a,5,0,3392,16,21034,21034,21035,,,,21070,21037,21052,16,1:15,21053,21068,16,1:15,21054,21069,16,1:15,,,0,,,,0,,,,0,,,,0,,1,2,15,17,1,,,,
asymmetric,4,333,8,a,5,16,3520,16,21073,21073,21074,,,,21109,21076,21091,16,1:15,21092,21107,16,1:15,21093,21108,16,1:15,,,0,,,,0,,,,0,,,,0,,1,2,15,17,1,,,,
asymmetric,4,334,8,a,6,0,3648,16,21112,21112,21113,,,,21148,21115,21130,16,1:15,21131,21146,16,1:15,21132,21147,16,1:15,,,0,,,,0,,,,0,,,,0,,1,2,15,17,1,,,,
asymmetric,4,335,8,a,6,16,3776,16,21151,21151,21152,,,,21187,21154,21169,16,1:15,21170,21185,16,1:15,21171,21186,16,1:15,,,0,,,,0,,,,0,,,,0,,1,2,15,17,1,,,,
asymmetric,4,336,8,a,7,0,3904,16,21190,21190,21191,,,,21226,21193,21208,16,1:15,21209,21224,16,1:15,21210,21225,16,1:15,,,0,,,,0,,,,0,,,,0,,1,2,15,17,1,,,,
asymmetric,4,337,8,a,7,16,4032,8,21229,21229,21230,,,,21249,21232,21239,8,1:7,21240,21247,8,1:7,21241,21248,8,1:7,,,0,,,,0,,,,0,,,,0,,1,2,7,9,1,,,,
asymmetric,4,338,8,a,7,24,4096,8,21252,21252,21253,,,,21272,21255,21262,8,1:7,21263,21270,8,1:7,21264,21271,8,1:7,,,0,,,,0,,,,0,,,,0,,1,2,7,9,1,,,,
asymmetric,4,339,8,bt,0,0,16832,16,21280,21280,21281,,,,21316,21283,21298,16,1:15,21299,21314,16,1:15,21300,21315,16,1:15,,,0,,,,0,,,,0,,,,0,,1,2,15,17,1,,,,
asymmetric,4,340,8,bt,0,16,16960,16,21319,21319,21320,,,,21355,21322,21337,16,1:15,21338,21353,16,1:15,21339,21354,16,1:15,,,0,,,,0,,,,0,,,,0,,1,2,15,17,1,,,,
asymmetric,4,341,8,bt,1,0,17088,16,21358,21358,21359,,,,21394,21361,21376,16,1:15,21377,21392,16,1:15,21378,21393,16,1:15,,,0,,,,0,,,,0,,,,0,,1,2,15,17,1,,,,
asymmetric,4,342,8,bt,1,16,17216,16,21397,21397,21398,,,,21433,21400,21415,16,1:15,21416,21431,16,1:15,21417,21432,16,1:15,,,0,,,,0,,,,0,,,,0,,1,2,15,17,1,,,,
asymmetric,4,343,8,bt,2,0,17344,16,21436,21436,21437,,,,21472,21439,21454,16,1:15,21455,21470,16,1:15,21456,21471,16,1:15,,,0,,,,0,,,,0,,,,0,,1,2,15,17,1,,,,
asymmetric,4,344,8,bt,2,16,17472,16,21475,21475,21476,,,,21511,21478,21493,16,1:15,21494,21509,16,1:15,21495,21510,16,1:15,,,0,,,,0,,,,0,,,,0,,1,2,15,17,1,,,,
asymmetric,4,345,8,bt,3,0,17600,16,21514,21514,21515,,,,21550,21517,21532,16,1:15,21533,21548,16,1:15,21534,21549,16,1:15,,,0,,,,0,,,,0,,,,0,,1,2,15,17,1,,,,
asymmetric,4,346,8,bt,3,16,17728,16,21553,21553,21554,,,,21589,21556,21571,16,1:15,21572,21587,16,1:15,21573,21588,16,1:15,,,0,,,,0,,,,0,,,,0,,1,2,15,17,1,,,,
asymmetric,4,347,8,bt,4,0,17856,16,21592,21592,21593,,,,21628,21595,21610,16,1:15,21611,21626,16,1:15,21612,21627,16,1:15,,,0,,,,0,,,,0,,,,0,,1,2,15,17,1,,,,
asymmetric,4,348,8,bt,4,16,17984,16,21631,21631,21632,,,,21667,21634,21649,16,1:15,21650,21665,16,1:15,21651,21666,16,1:15,,,0,,,,0,,,,0,,,,0,,1,2,15,17,1,,,,
asymmetric,4,349,8,bt,5,0,18112,16,21670,21670,21671,,,,21706,21673,21688,16,1:15,21689,21704,16,1:15,21690,21705,16,1:15,,,0,,,,0,,,,0,,,,0,,1,2,15,17,1,,,,
asymmetric,4,350,8,bt,5,16,18240,16,21709,21709,21710,,,,21745,21712,21727,16,1:15,21728,21743,16,1:15,21729,21744,16,1:15,,,0,,,,0,,,,0,,,,0,,1,2,15,17,1,,,,
asymmetric,4,351,8,bt,6,0,18368,16,21748,21748,21749,,,,21784,21751,21766,16,1:15,21767,21782,16,1:15,21768,21783,16,1:15,,,0,,,,0,,,,0,,,,0,,1,2,15,17,1,,,,
asymmetric,4,352,8,bt,6,16,18496,16,21787,21787,21788,,,,21823,21790,21805,16,1:15,21806,21821,16,1:15,21807,21822,16,1:15,,,0,,,,0,,,,0,,,,0,,1,2,15,17,1,,,,
asymmetric,4,353,8,bt,7,0,18624,16,21826,21826,21827,,,,21862,21829,21844,16,1:15,21845,21860,16,1:15,21846,21861,16,1:15,,,0,,,,0,,,,0,,,,0,,1,2,15,17,1,,,,
asymmetric,4,354,8,bt,7,16,18752,16,21865,21865,21866,,,,21901,21868,21883,16,1:15,21884,21899,16,1:15,21885,21900,16,1:15,,,0,,,,0,,,,0,,,,0,,1,2,15,17,1,,,,
asymmetric,4,355,8,c,0,0,35136,4,22991,22991,,23012,23011,23017,23018,,,0,,,,0,,,,0,,22993,23008,4,5:3,22995,23010,4,5:3,22996,23011,4,5:3,23012,23015,4,1:3,,,,,,20,4,2,1
asymmetric,4,356,8,c,1,0,35392,4,23021,23021,,23042,23041,23047,23048,,,0,,,,0,,,,0,,23023,23038,4,5:3,23025,23040,4,5:3,23026,23041,4,5:3,23042,23045,4,1:3,,,,,,20,4,2,1
asymmetric,4,357,8,c,2,0,35648,4,23051,23051,,23072,23071,23077,23078,,,0,,,,0,,,,0,,23053,23068,4,5:3,23055,23070,4,5:3,23056,23071,4,5:3,23072,23075,4,1:3,,,,,,20,4,2,1
asymmetric,4,358,8,c,3,0,35904,4,23081,23081,,23102,23101,23107,23108,,,0,,,,0,,,,0,,23083,23098,4,5:3,23085,23100,4,5:3,23086,23101,4,5:3,23102,23105,4,1:3,,,,,,20,4,2,1
asymmetric,4,359,8,c,4,0,36160,4,23111,23111,,23132,23131,23137,23138,,,0,,,,0,,,,0,,23113,23128,4,5:3,23115,23130,4,5:3,23116,23131,4,5:3,23132,23135,4,1:3,,,,,,20,4,2,1
asymmetric,4,360,8,c,5,0,36416,4,23141,23141,,23162,23161,23167,23168,,,0,,,,0,,,,0,,23143,23158,4,5:3,23145,23160,4,5:3,23146,23161,4,5:3,23162,23165,4,1:3,,,,,,20,4,2,1
asymmetric,4,361,8,c,6,0,36672,4,23171,23171,,23192,23191,23197,23198,,,0,,,,0,,,,0,,23173,23188,4,5:3,23175,23190,4,5:3,23176,23191,4,5:3,23192,23195,4,1:3,,,,,,20,4,2,1
asymmetric,4,362,8,c,7,0,36928,4,23201,23201,,23222,23221,23227,23228,,,0,,,,0,,,,0,,23203,23218,4,5:3,23205,23220,4,5:3,23206,23221,4,5:3,23222,23225,4,1:3,,,,,,20,4,2,1
asymmetric,4,363,9,a,0,0,2112,16,23237,23237,23238,,,,23273,23240,23255,16,1:15,23256,23271,16,1:15,23257,23272,16,1:15,,,0,,,,0,,,,0,,,,0,,1,2,15,17,1,,,,
asymmetric,4,364,9,a,0,16,2240,16,23276,23276,23277,,,,23312,23279,23294,16,1:15,23295,23310,16,1:15,23296,23311,16,1:15,,,0,,,,0,,,,0,,,,0,,1,2,15,17,1,,,,
asymmetric,4,365,9,a,1,0,2368,16,23315,23315,23316,,,,23351,23318,23333,16,1:15,23334,23349,16,1:15,23335,23350,16,1:15,,,0,,,,0,,,,0,,,,0,,1,2,15,17,1,,,,
asymmetric,4,366,9,a,1,16,2496,16,23354,23354,23355,,,,23390,23357,23372,16,1:15,23373,23388,16,1:15,23374,23389,16,1:15,,,0,,,,0,,,,0,,,,0,,1,2,15,17,1,,,,
asymmetric,4,367,9,a,2,0,2624,16,23393,23393,23394,,,,23429,23396,23411,16,1:15,23412,23427,16,1:15,23413,23428,16,1:15,,,0,,,,0,,,,0,,,,0,,1,2,15,17,1,,,,
asymmetric,4,368,9,a,2,16,2752,16,23432,23432,23433,,,,23468,23435,23450,16,1:15,23451,23466,16,1:15,23452,23467,16,1:15,,,0,,,,0,,,,0,,,,0,,1,2,15,17,1,,,,
asymmetric,4,369,9,a,3,0,2880,16,23471,23471,23472,,,,23507,23474,23489,16,1:15,23490,23505,16,1:15,23491,23506,16,1:15,,,0,,,,0,,,,0,,,,0,,1,2,15,17,1,,,,
asymmetric,4,370,9,a,3,16,3008,16,23510,23510,23511,,,,23546,23513,23528,16,1:15,23529,23544,16,1:15,23530,23545,16,1:15,,,0,,,,0,,,,0,,,,0,,1,2,15,17,1,,,,
asymmetric,4,371,9,a,4,0,3136,16,23549,23549,23550,,,,23585,23552,23567,16,1:15,23568,23583,16,1:15,23569,23584,16,1:15,,,0,,,,0,,,,0,,,,0,,1,2,15,17,1,,,,
asymmetric,4,372,9,a,4,16,3264,16,23588,23588,23589,,,,23624,23591,23606,16,1:15,23607,23622,16,1:15,23608,23623,16,1:15,,,0,,,,0,,,,0,,,,0,,1,2,15,17,1,,,,
asymmetric,4,373,9,a,5,0,3392,16,23627,23627,23628,,,,23663,23630,23645,16,1:15,23646,23661,16,1:15,23647,23662,16,1:15,,,0,,,,0,,,,0,,,,0,,1,2,15,17,1,,,,
asymmetric,4,374,9,a,5,16,3520,16,23666,23666,23667,,,,23702,23669,23684,16,1:15,23685,23700,16,1:15,23686,23701,16,1:15,,,0,,,,0,,,,0,,,,0,,1,2,15,17,1,,,,
asymmetric,4,375,9,a,6,0,3648,16,23705,23705,23706,,,,23741,23708,23723,16,1:15,23724,23739,16,1:15,23725,23740,16,1:15,,,0,,,,0,,,,0,,,,0,,1,2,15,17,1,,,,
asymmetric,4,376,9,a,6,16,3776,16,23744,23744,23745,,,,23780,23747,23762,16,1:15,23763,23778,16,1:15,23764,23779,16,1:15,,,0,,,,0,,,,0,,,,0,,1,2,15,17,1,,,,
asymmetric,4,377,9,a,7,0,3904,16,23783,23783,23784,,,,23819,23786,23801,16,1:15,23802,23817,16,1:15,23803,23818,16,1:15,,,0,,,,0,,,,0,,,,0,,1,2,15,17,1,,,,
asymmetric,4,378,9,a,7,16,4032,8,23822,23822,23823,,,,23842,23825,23832,8,1:7,23833,23840,8,1:7,23834,23841,8,1:7,,,0,,,,0,,,,0,,,,0,,1,2,7,9,1,,,,
asymmetric,4,379,9,a,7,24,4096,8,23845,23845,23846,,,,23865,23848,23855,8,1:7,23856,23863,8,1:7,23857,23864,8,1:7,,,0,,,,0,,,,0,,,,0,,1,2,7,9,1,,,,
asymmetric,4,380,9,bt,0,0,18880,16,23873,23873,23874,,,,23909,23876,23891,16,1:15,23892,23907,16,1:15,23893,23908,16,1:15,,,0,,,,0,,,,0,,,,0,,1,2,15,17,1,,,,
asymmetric,4,381,9,bt,0,16,19008,16,23912,23912,23913,,,,23948,23915,23930,16,1:15,23931,23946,16,1:15,23932,23947,16,1:15,,,0,,,,0,,,,0,,,,0,,1,2,15,17,1,,,,
asymmetric,4,382,9,bt,1,0,19136,16,23951,23951,23952,,,,23987,23954,23969,16,1:15,23970,23985,16,1:15,23971,23986,16,1:15,,,0,,,,0,,,,0,,,,0,,1,2,15,17,1,,,,
asymmetric,4,383,9,bt,1,16,19264,16,23990,23990,23991,,,,24026,23993,24008,16,1:15,24009,24024,16,1:15,24010,24025,16,1:15,,,0,,,,0,,,,0,,,,0,,1,2,15,17,1,,,,
asymmetric,4,384,9,bt,2,0,19392,16,24029,24029,24030,,,,24065,24032,24047,16,1:15,24048,24063,16,1:15,24049,24064,16,1:15,,,0,,,,0,,,,0,,,,0,,1,2,15,17,1,,,,
asymmetric,4,385,9,bt,2,16,19520,16,24068,24068,24069,,,,24104,24071,24086,16,1:15,24087,24102,16,1:15,24088,24103,16,1:15,,,0,,,,0,,,,0,,,,0,,1,2,15,17,1,,,,
asymmetric,4,386,9,bt,3,0,19648,16,24107,24107,24108,,,,24143,24110,24125,16,1:15,24126,24141,16,1:15,24127,24142,16,1:15,,,0,,,,0,,,,0,,,,0,,1,2,15,17,1,,,,
asymmetric,4,387,9,bt,3,16,19776,16,24146,24146,24147,,,,24182,24149,24164,16,1:15,24165,24180,16,1:15,24166,24181,16,1:15,,,0,,,,0,,,,0,,,,0,,1,2,15,17,1,,,,
asymmetric,4,388,9,bt,4,0,19904,16,24185,24185,24186,,,,24221,24188,24203,16,1:15,24204,24219,16,1:15,24205,24220,16,1:15,,,0,,,,0,,,,0,,,,0,,1,2,15,17,1,,,,
asymmetric,4,389,9,bt,4,16,20032,16,24224,24224,24225,,,,24260,24227,24242,16,1:15,24243,24258,16,1:15,24244,24259,16,1:15,,,0,,,,0,,,,0,,,,0,,1,2,15,17,1,,,,
asymmetric,4,390,9,bt,5,0,20160,16,24263,24263,24264,,,,24299,24266,24281,16,1:15,24282,24297,16,1:15,24283,24298,16,1:15,,,0,,,,0,,,,0,,,,0,,1,2,15,17,1,,,,
asymmetric,4,391,9,bt,5,16,20288,16,24302,24302,24303,,,,24338,24305,24320,16,1:15,24321,24336,16,1:15,24322,24337,16,1:15,,,0,,,,0,,,,0,,,,0,,1,2,15,17,1,,,,
asymmetric,4,392,9,bt,6,0,20416,8,24341,24341,24342,,,,24361,24344,24351,8,1:7,24352,24359,8,1:7,24353,24360,8,1:7,,,0,,,,0,,,,0,,,,0,,1,2,7,9,1,,,,
asymmetric,4,393,9,bt,6,8,20480,16,24364,24364,24365,,,,24400,24367,24382,16,1:15,24383,24398,16,1:15,24384,24399,16,1:15,,,0,,,,0,,,,0,,,,0,,1,2,15,17,1,,,,
asymmetric,4,394,9,bt,6,24,20608,8,24403,24403,24404,,,,24423,24406,24413,8,1:7,24414,24421,8,1:7,24415,24422,8,1:7,,,0,,,,0,,,,0,,,,0,,1,2,7,9,1,,,,
asymmetric,4,395,9,bt,7,0,20672,16,24426,24426,24427,,,,24462,24429,24444,16,1:15,24445,24460,16,1:15,24446,24461,16,1:15,,,0,,,,0,,,,0,,,,0,,1,2,15,17,1,,,,
asymmetric,4,396,9,bt,7,16,20800,16,24465,24465,24466,,,,24501,24468,24483,16,1:15,24484,24499,16,1:15,24485,24500,16,1:15,,,0,,,,0,,,,0,,,,0,,1,2,15,17,1,,,,
asymmetric,4,397,9,c,0,0,35168,4,25591,25591,,25612,25611,25617,25618,,,0,,,,0,,,,0,,25593,25608,4,5:3,25595,25610,4,5:3,25596,25611,4,5:3,25612,25615,4,1:3,,,,,,20,4,2,1
asymmetric,4,398,9,c,1,0,35424,4,25621,25621,,25642,25641,25647,25648,,,0,,,,0,,,,0,,25623,25638,4,5:3,25625,25640,4,5:3,25626,25641,4,5:3,25642,25645,4,1:3,,,,,,20,4,2,1
asymmetric,4,399,9,c,2,0,35680,4,25651,25651,,25672,25671,25677,25678,,,0,,,,0,,,,0,,25653,25668,4,5:3,25655,25670,4,5:3,25656,25671,4,5:3,25672,25675,4,1:3,,,,,,20,4,2,1
asymmetric,4,400,9,c,3,0,35936,4,25681,25681,,25702,25701,25707,25708,,,0,,,,0,,,,0,,25683,25698,4,5:3,25685,25700,4,5:3,25686,25701,4,5:3,25702,25705,4,1:3,,,,,,20,4,2,1
asymmetric,4,401,9,c,4,0,36192,4,25711,25711,,25732,25731,25737,25738,,,0,,,,0,,,,0,,25713,25728,4,5:3,25715,25730,4,5:3,25716,25731,4,5:3,25732,25735,4,1:3,,,,,,20,4,2,1
asymmetric,4,402,9,c,5,0,36448,4,25741,25741,,25762,25761,25767,25768,,,0,,,,0,,,,0,,25743,25758,4,5:3,25745,25760,4,5:3,25746,25761,4,5:3,25762,25765,4,1:3,,,,,,20,4,2,1
asymmetric,4,403,9,c,6,0,36704,4,25771,25771,,25792,25791,25797,25798,,,0,,,,0,,,,0,,25773,25788,4,5:3,25775,25790,4,5:3,25776,25791,4,5:3,25792,25795,4,1:3,,,,,,20,4,2,1
asymmetric,4,404,9,c,7,0,36960,4,25801,25801,,25822,25821,25827,25828,,,0,,,,0,,,,0,,25803,25818,4,5:3,25805,25820,4,5:3,25806,25821,4,5:3,25822,25825,4,1:3,,,,,,20,4,2,1
asymmetric,4,405,10,a,0,0,2112,16,25837,25837,25838,,,,25873,25840,25855,16,1:15,25856,25871,16,1:15,25857,25872,16,1:15,,,0,,,,0,,,,0,,,,0,,1,2,15,17,1,,,,
asymmetric,4,406,10,a,0,16,2240,16,25876,25876,25877,,,,25912,25879,25894,16,1:15,25895,25910,16,1:15,25896,25911,16,1:15,,,0,,,,0,,,,0,,,,0,,1,2,15,17,1,,,,
asymmetric,4,407,10,a,1,0,2368,16,25915,25915,25916,,,,25951,25918,25933,16,1:15,25934,25949,16,1:15,25935,25950,16,1:15,,,0,,,,0,,,,0,,,,0,,1,2,15,17,1,,,,
asymmetric,4,408,10,a,1,16,2496,16,25954,25954,25955,,,,25990,25957,25972,16,1:15,25973,25988,16,1:15,25974,25989,16,1:15,,,0,,,,0,,,,0,,,,0,,1,2,15,17,1,,,,
asymmetric,4,409,10,a,2,0,2624,16,25993,25993,25994,,,,26029,25996,26011,16,1:15,26012,26027,16,1:15,26013,26028,16,1:15,,,0,,,,0,,,,0,,,,0,,1,2,15,17,1,,,,
asymmetric,4,410,10,a,2,16,2752,16,26032,26032,26033,,,,26068,26035,26050,16,1:15,26051,26066,16,1:15,26052,26067,16,1:15,,,0,,,,0,,,,0,,,,0,,1,2,15,17,1,,,,
asymmetric,4,411,10,a,3,0,2880,16,26071,26071,26072,,,,26107,26074,26089,16,1:15,26090,26105,16,1:15,26091,26106,16,1:15,,,0,,,,0,,,,0,,,,0,,1,2,15,17,1,,,,
asymmetric,4,412,10,a,3,16,3008,16,26110,26110,26111,,,,26146,26113,26128,16,1:15,26129,26144,16,1:15,26130,26145,16,1:15,,,0,,,,0,,,,0,,,,0,,1,2,15,17,1,,,,
asymmetric,4,413,10,a,4,0,3136,16,26149,26149,26150,,,,26185,26152,26167,16,1:15,26168,26183,16,1:15,26169,26184,16,1:15,,,0,,,,0,,,,0,,,,0,,1,2,15,17,1,,,,
asymmetric,4,414,10,a,4,16,3264,16,26188,26188,26189,,,,26224,26191,26206,16,1:15,26207,26222,16,1:15,26208,26223,16,1:15,,,0,,,,0,,,,0,,,,0,,1,2,15,17,1,,,,
asymmetric,4,415,10,a,5,0,3392,16,26227,26227,26228,,,,26263,26230,26245,16,1:15,26246,26261,16,1:15,26247,26262,16,1:15,,,0,,,,0,,,,0,,,,0,,1,2,15,17,1,,,,
asymmetric,4,416,10,a,5,16,3520,16,26266,26266,26267,,,,26302,26269,26284,16,1:15,26285,26300,16,1:15,26286,26301,16,1:15,,,0,,,,0,,,,0,,,,0,,1,2,15,17,1,,,,
asymmetric,4,417,10,a,6,0,3648,16,26305,26305,26306,,,,26341,26308,26323,16,1:15,26324,26339,16,1:15,26325,26340,16,1:15,,,0,,,,0,,,,0,,,,0,,1,2,15,17,1,,,,
asymmetric,4,418,10,a,6,16,3776,16,26344,26344,26345,,,,26380,26347,26362,16,1:15,26363,26378,16,1:15,26364,26379,16,1:15,,,0,,,,0,,,,0,,,,0,,1,2,15,17,1,,,,
asymmetric,4,419,10,a,7,0,3904,16,26383,26383,26384,,,,26419,26386,26401,16,1:15,26402,26417,16,1:15,26403,26418,16,1:15,,,0,,,,0,,,,0,,,,0,,1,2,15,17,1,,,,
asymmetric,4,420,10,a,7,16,4032,8,26422,26422,26423,,,,26442,26425,26432,8,1:7,26433,26440,8,1:7,26434,26441,8,1:7,,,0,,,,0,,,,0,,,,0,,1,2,7,9,1,,,,
asymmetric,4,421,10,a,7,24,4096,8,26445,26445,26446,,,,26465,26448,26455,8,1:7,26456,26463,8,1:7,26457,26464,8,1:7,,,0,,,,0,,,,0,,,,0,,1,2,7,9,1,,,,
asymmetric,4,422,10,bt,0,0,20928,16,26473,26473,26474,,,,26509,26476,26491,16,1:15,26492,26507,16,1:15,26493,26508,16,1:15,,,0,,,,0,,,,0,,,,0,,1,2,15,17,1,,,,
asymmetric,4,423,10,bt,0,16,21056,16,26512,26512,26513,,,,26548,26515,26530,16,1:15,26531,26546,16,1:15,26532,26547,16,1:15,,,0,,,,0,,,,0,,,,0,,1,2,15,17,1,,,,
asymmetric,4,424,10,bt,1,0,21184,16,26551,26551,26552,,,,26587,26554,26569,16,1:15,26570,26585,16,1:15,26571,26586,16,1:15,,,0,,,,0,,,,0,,,,0,,1,2,15,17,1,,,,
asymmetric,4,425,10,bt,1,16,21312,16,26590,26590,26591,,,,26626,26593,26608,16,1:15,26609,26624,16,1:15,26610,26625,16,1:15,,,0,,,,0,,,,0,,,,0,,1,2,15,17,1,,,,
asymmetric,4,426,10,bt,2,0,21440,16,26629,26629,26630,,,,26665,26632,26647,16,1:15,26648,26663,16,1:15,26649,26664,16,1:15,,,0,,,,0,,,,0,,,,0,,1,2,15,17,1,,,,
asymmetric,4,427,10,bt,2,16,21568,16,26668,26668,26669,,,,26704,26671,26686,16,1:15,26687,26702,16,1:15,26688,26703,16,1:15,,,0,,,,0,,,,0,,,,0,,1,2,15,17,1,,,,
asymmetric,4,428,10,bt,3,0,21696,16,26707,26707,26708,,,,26743,26710,26725,16,1:15,26726,26741,16,1:15,26727,26742,16,1:15,,,0,,,,0,,,,0,,,,0,,1,2,15,17,1,,,,
asymmetric,4,429,10,bt,3,16,21824,16,26746,26746,26747,,,,26782,26749,26764,16,1:15,26765,26780,16,1:15,26766,26781,16,1:15,,,0,,,,0,,,,0,,,,0,,1,2,15,17,1,,,,
asymmetric,4,430,10,bt,4,0,21952,16,26785,26785,26786,,,,26821,26788,26803,16,1:15,26804,26819,16,1:15,26805,26820,16,1:15,,,0,,,,0,,,,0,,,,0,,1,2,15,17,1,,,,
asymmetric,4,431,10,bt,4,16,22080,16,26824,26824,26825,,,,26860,26827,26842,16,1:15,26843,26858,16,1:15,26844,26859,16,1:15,,,0,,,,0,,,,0,,,,0,,1,2,15,17,1,,,,
asymmetric,4,432,10,bt,5,0,22208,16,26863,26863,26864,,,,26899,26866,26881,16,1:15,26882,26897,16,1:15,26883,26898,16,1:15,,,0,,,,0,,,,0,,,,0,,1,2,15,17,1,,,,
asymmetric,4,433,10,bt,5,16,22336,16,26902,26902,26903,,,,26938,26905,26920,16,1:15,26921,26936,16,1:15,26922,26937,16,1:15,,,0,,,,0,,,,0,,,,0,,1,2,15,17,1,,,,
asymmetric,4,434,10,bt,6,0,22464,16,26941,26941,26942,,,,26977,26944,26959,16,1:15,26960,26975,16,1:15,26961,26976,16,1:15,,,0,,,,0,,,,0,,,,0,,1,2,15,17,1,,,,
asymmetric,4,435,10,bt,6,16,22592,16,26980,26980,26981,,,,27016,26983,26998,16,1:15,26999,27014,16,1:15,27000,27015,16,1:15,,,0,,,,0,,,,0,,,,0,,1,2,15,17,1,,,,
asymmetric,4,436,10,bt,7,0,22720,16,27019,27019,27020,,,,27055,27022,27037,16,1:15,27038,27053,16,1:15,27039,27054,16,1:15,,,0,,,,0,,,,0,,,,0,,1,2,15,17,1,,,,
asymmetric,4,437,10,bt,7,16,22848,16,27058,27058,27059,,,,27094,27061,27076,16,1:15,27077,27092,16,1:15,27078,27093,16,1:15,,,0,,,,0,,,,0,,,,0,,1,2,15,17,1,,,,
asymmetric,4,438,10,c,0,0,35200,4,28184,28184,,28205,28204,28210,28211,,,0,,,,0,,,,0,,28186,28201,4,5:3,28188,28203,4,5:3,28189,28204,4,5:3,28205,28208,4,1:3,,,,,,20,4,2,1
asymmetric,4,439,10,c,1,0,35456,4,28214,28214,,28235,28234,28240,28241,,,0,,,,0,,,,0,,28216,28231,4,5:3,28218,28233,4,5:3,28219,28234,4,5:3,28235,28238,4,1:3,,,,,,20,4,2,1
asymmetric,4,440,10,c,2,0,35712,4,28244,28244,,28265,28264,28270,28271,,,0,,,,0,,,,0,,28246,28261,4,5:3,28248,28263,4,5:3,28249,28264,4,5:3,28265,28268,4,1:3,,,,,,20,4,2,1
asymmetric,4,441,10,c,3,0,35968,4,28274,28274,,28295,28294,28300,28301,,,0,,,,0,,,,0,,28276,28291,4,5:3,28278,28293,4,5:3,28279,28294,4,5:3,28295,28298,4,1:3,,,,,,20,4,2,1
asymmetric,4,442,10,c,4,0,36224,4,28304,28304,,28325,28324,28330,28331,,,0,,,,0,,,,0,,28306,28321,4,5:3,28308,28323,4,5:3,28309,28324,4,5:3,28325,28328,4,1:3,,,,,,20,4,2,1
asymmetric,4,443,10,c,5,0,36480,4,28334,28334,,28355,28354,28360,28361,,,0,,,,0,,,,0,,28336,28351,4,5:3,28338,28353,4,5:3,28339,28354,4,5:3,28355,28358,4,1:3,,,,,,20,4,2,1
asymmetric,4,444,10,c,6,0,36736,4,28364,28364,,28385,28384,28390,28391,,,0,,,,0,,,,0,,28366,28381,4,5:3,28368,28383,4,5:3,28369,28384,4,5:3,28385,28388,4,1:3,,,,,,20,4,2,1
asymmetric,4,445,10,c,7,0,36992,4,28394,28394,,28415,28414,28420,28421,,,0,,,,0,,,,0,,28396,28411,4,5:3,28398,28413,4,5:3,28399,28414,4,5:3,28415,28418,4,1:3,,,,,,20,4,2,1
asymmetric,4,446,11,a,0,0,2112,16,28430,28430,28431,,,,28466,28433,28448,16,1:15,28449,28464,16,1:15,28450,28465,16,1:15,,,0,,,,0,,,,0,,,,0,,1,2,15,17,1,,,,
asymmetric,4,447,11,a,0,16,2240,16,28469,28469,28470,,,,28505,28472,28487,16,1:15,28488,28503,16,1:15,28489,28504,16,1:15,,,0,,,,0,,,,0,,,,0,,1,2,15,17,1,,,,
asymmetric,4,448,11,a,1,0,2368,16,28508,28508,28509,,,,28544,28511,28526,16,1:15,28527,28542,16,1:15,28528,28543,16,1:15,,,0,,,,0,,,,0,,,,0,,1,2,15,17,1,,,,
asymmetric,4,449,11,a,1,16,2496,16,28547,28547,28548,,,,28583,28550,28565,16,1:15,28566,28581,16,1:15,28567,28582,16,1:15,,,0,,,,0,,,,0,,,,0,,1,2,15,17,1,,,,
asymmetric,4,450,11,a,2,0,2624,16,28586,28586,28587,,,,28622,28589,28604,16,1:15,28605,28620,16,1:15,28606,28621,16,1:15,,,0,,,,0,,,,0,,,,0,,1,2,15,17,1,,,,
asymmetric,4,451,11,a,2,16,2752,16,28625,28625,28626,,,,28661,28628,28643,16,1:15,28644,28659,16,1:15,28645,28660,16,1:15,,,0,,,,0,,,,0,,,,0,,1,2,15,17,1,,,,
asymmetric,4,452,11,a,3,0,2880,16,28664,28664,28665,,,,28700,28667,28682,16,1:15,28683,28698,16,1:15,28684,28699,16,1:15,,,0,,,,0,,,,0,,,,0,,1,2,15,17,1,,,,
asymmetric,4,453,11,a,3,16,3008,16,28703,28703,28704,,,,28739,28706,28721,16,1:15,28722,28737,16,1:15,28723,28738,16,1:15,,,0,,,,0,,,,0,,,,0,,1,2,15,17,1,,,,
asymmetric,4,454,11,a,4,0,3136,16,28742,28742,28743,,,,28778,28745,28760,16,1:15,28761,28776,16,1:15,28762,28777,16,1:15,,,0,,,,0,,,,0,,,,0,,1,2,15,17,1,,,,
asymmetric,4,455,11,a,4,16,3264,16,28781,28781,28782,,,,28817,28784,28799,16,1:15,28800,28815,16,1:15,28801,28816,16,1:15,,,0,,,,0,,,,0,,,,0,,1,2,15,17,1,,,,
asymmetric,4,456,11,a,5,0,3392,16,28820,28820,28821,,,,28856,28823,28838,16,1:15,28839,28854,16,1:15,28840,28855,16,1:15,,,0,,,,0,,,,0,,,,0,,1,2,15,17,1,,,,
asymmetric,4,457,11,a,5,16,3520,16,28859,28859,28860,,,,28895,28862,28877,16,1:15,28878,28893,16,1:15,28879,28894,16,1:15,,,0,,,,0,,,,0,,,,0,,1,2,15,17,1,,,,
asymmetric,4,458,11,a,6,0,3648,16,28898,28898,28899,,,,28934,28901,28916,16,1:15,28917,28932,16,1:15,28918,28933,16,1:15,,,0,,,,0,,,,0,,,,0,,1,2,15,17,1,,,,
asymmetric,4,459,11,a,6,16,3776,16,28937,28937,28938,,,,28973,28940,28955,16,1:15,28956,28971,16,1:15,28957,28972,16,1:15,,,0,,,,0,,,,0,,,,0,,1,2,15,17,1,,,,
asymmetric,4,460,11,a,7,0,3904,16,28976,28976,28977,,,,29012,28979,28994,16,1:15,28995,29010,16,1:15,28996,29011,16,1:15,,,0,,,,0,,,,0,,,,0,,1,2,15,17,1,,,,
asymmetric,4,461,11,a,7,16,4032,8,29015,29015,29016,,,,29035,29018,29025,8,1:7,29026,29033,8,1:7,29027,29034,8,1:7,,,0,,,,0,,,,0,,,,0,,1,2,7,9,1,,,,
asymmetric,4,462,11,a,7,24,4096,8,29038,29038,29039,,,,29058,29041,29048,8,1:7,29049,29056,8,1:7,29050,29057,8,1:7,,,0,,,,0,,,,0,,,,0,,1,2,7,9,1,,,,
asymmetric,4,463,11,bt,0,0,22976,16,29066,29066,29067,,,,29102,29069,29084,16,1:15,29085,29100,16,1:15,29086,29101,16,1:15,,,0,,,,0,,,,0,,,,0,,1,2,15,17,1,,,,
asymmetric,4,464,11,bt,0,16,23104,16,29105,29105,29106,,,,29141,29108,29123,16,1:15,29124,29139,16,1:15,29125,29140,16,1:15,,,0,,,,0,,,,0,,,,0,,1,2,15,17,1,,,,
asymmetric,4,465,11,bt,1,0,23232,16,29144,29144,29145,,,,29180,29147,29162,16,1:15,29163,29178,16,1:15,29164,29179,16,1:15,,,0,,,,0,,,,0,,,,0,,1,2,15,17,1,,,,
asymmetric,4,466,11,bt,1,16,23360,16,29183,29183,29184,,,,29219,29186,29201,16,1:15,29202,29217,16,1:15,29203,29218,16,1:15,,,0,,,,0,,,,0,,,,0,,1,2,15,17,1,,,,
asymmetric,4,467,11,bt,2,0,23488,16,29222,29222,29223,,,,29258,29225,29240,16,1:15,29241,29256,16,1:15,29242,29257,16,1:15,,,0,,,,0,,,,0,,,,0,,1,2,15,17,1,,,,
asymmetric,4,468,11,bt,2,16,23616,16,29261,29261,29262,,,,29297,29264,29279,16,1:15,29280,29295,16,1:15,29281,29296,16,1:15,,,0,,,,0,,,,0,,,,0,,1,2,15,17,1,,,,
asymmetric,4,469,11,bt,3,0,23744,16,29300,29300,29301,,,,29336,29303,29318,16,1:15,29319,29334,16,1:15,29320,29335,16,1:15,,,0,,,,0,,,,0,,,,0,,1,2,15,17,1,,,,
asymmetric,4,470,11,bt,3,16,23872,16,29339,29339,29340,,,,29375,29342,29357,16,1:15,29358,29373,16,1:15,29359,29374,16,1:15,,,0,,,,0,,,,0,,,,0,,1,2,15,17,1,,,,
asymmetric,4,471,11,bt,4,0,24000,16,29378,29378,29379,,,,29414,29381,29396,16,1:15,29397,29412,16,1:15,29398,29413,16,1:15,,,0,,,,0,,,,0,,,,0,,1,2,15,17,1,,,,
asymmetric,4,472,11,bt,4,16,24128,16,29417,29417,29418,,,,29453,29420,29435,16,1:15,29436,29451,16,1:15,29437,29452,16,1:15,,,0,,,,0,,,,0,,,,0,,1,2,15,17,1,,,,
asymmetric,4,473,11,bt,5,0,24256,16,29456,29456,29457,,,,29492,29459,29474,16,1:15,29475,29490,16,1:15,29476,29491,16,1:15,,,0,,,,0,,,,0,,,,0,,1,2,15,17,1,,,,
asymmetric,4,474,11,bt,5,16,24384,16,29495,29495,29496,,,,29531,29498,29513,16,1:15,29514,29529,16,1:15,29515,29530,16,1:15,,,0,,,,0,,,,0,,,,0,,1,2,15,17,1,,,,
asymmetric,4,475,11,bt,6,0,24512,8,29534,29534,29535,,,,29554,29537,29544,8,1:7,29545,29552,8,1:7,29546,29553,8,1:7,,,0,,,,0,,,,0,,,,0,,1,2,7,9,1,,,,
asymmetric,4,476,11,bt,6,8,24576,16,29557,29557,29558,,,,29593,29560,29575,16,1:15,29576,29591,16,1:15,29577,29592,16,1:15,,,0,,,,0,,,,0,,,,0,,1,2,15,17,1,,,,
asymmetric,4,477,11,bt,6,24,24704,8,29596,29596,29597,,,,29616,29599,29606,8,1:7,29607,29614,8,1:7,29608,29615,8,1:7,,,0,,,,0,,,,0,,,,0,,1,2,7,9,1,,,,
asymmetric,4,478,11,bt,7,0,24768,16,29619,29619,29620,,,,29655,29622,29637,16,1:15,29638,29653,16,1:15,29639,29654,16,1:15,,,0,,,,0,,,,0,,,,0,,1,2,15,17,1,,,,
asymmetric,4,479,11,bt,7,16,24896,16,29658,29658,29659,,,,29694,29661,29676,16,1:15,29677,29692,16,1:15,29678,29693,16,1:15,,,0,,,,0,,,,0,,,,0,,1,2,15,17,1,,,,
asymmetric,4,480,11,c,0,0,35232,4,30784,30784,,30805,30804,30810,30811,,,0,,,,0,,,,0,,30786,30801,4,5:3,30788,30803,4,5:3,30789,30804,4,5:3,30805,30808,4,1:3,,,,,,20,4,2,1
asymmetric,4,481,11,c,1,0,35488,4,30814,30814,,30835,30834,30840,30841,,,0,,,,0,,,,0,,30816,30831,4,5:3,30818,30833,4,5:3,30819,30834,4,5:3,30835,30838,4,1:3,,,,,,20,4,2,1
asymmetric,4,482,11,c,2,0,35744,4,30844,30844,,30865,30864,30870,30871,,,0,,,,0,,,,0,,30846,30861,4,5:3,30848,30863,4,5:3,30849,30864,4,5:3,30865,30868,4,1:3,,,,,,20,4,2,1
asymmetric,4,483,11,c,3,0,36000,4,30874,30874,,30895,30894,30900,30901,,,0,,,,0,,,,0,,30876,30891,4,5:3,30878,30893,4,5:3,30879,30894,4,5:3,30895,30898,4,1:3,,,,,,20,4,2,1
asymmetric,4,484,11,c,4,0,36256,4,30904,30904,,30925,30924,30930,30931,,,0,,,,0,,,,0,,30906,30921,4,5:3,30908,30923,4,5:3,30909,30924,4,5:3,30925,30928,4,1:3,,,,,,20,4,2,1
asymmetric,4,485,11,c,5,0,36512,4,30934,30934,,30955,30954,30960,30961,,,0,,,,0,,,,0,,30936,30951,4,5:3,30938,30953,4,5:3,30939,30954,4,5:3,30955,30958,4,1:3,,,,,,20,4,2,1
asymmetric,4,486,11,c,6,0,36768,4,30964,30964,,30985,30984,30990,30991,,,0,,,,0,,,,0,,30966,30981,4,5:3,30968,30983,4,5:3,30969,30984,4,5:3,30985,30988,4,1:3,,,,,,20,4,2,1
asymmetric,4,487,11,c,7,0,37024,4,30994,30994,,31015,31014,31020,31021,,,0,,,,0,,,,0,,30996,31011,4,5:3,30998,31013,4,5:3,30999,31014,4,5:3,31015,31018,4,1:3,,,,,,20,4,2,1
asymmetric,4,488,12,a,0,0,2112,16,31030,31030,31031,,,,31066,31033,31048,16,1:15,31049,31064,16,1:15,31050,31065,16,1:15,,,0,,,,0,,,,0,,,,0,,1,2,15,17,1,,,,
asymmetric,4,489,12,a,0,16,2240,16,31069,31069,31070,,,,31105,31072,31087,16,1:15,31088,31103,16,1:15,31089,31104,16,1:15,,,0,,,,0,,,,0,,,,0,,1,2,15,17,1,,,,
asymmetric,4,490,12,a,1,0,2368,16,31108,31108,31109,,,,31144,31111,31126,16,1:15,31127,31142,16,1:15,31128,31143,16,1:15,,,0,,,,0,,,,0,,,,0,,1,2,15,17,1,,,,
asymmetric,4,491,12,a,1,16,2496,16,31147,31147,31148,,,,31183,31150,31165,16,1:15,31166,31181,16,1:15,31167,31182,16,1:15,,,0,,,,0,,,,0,,,,0,,1,2,15,17,1,,,,
asymmetric,4,492,12,a,2,0,2624,16,31186,31186,31187,,,,31222,31189,31204,16,1:15,31205,31220,16,1:15,31206,31221,16,1:15,,,0,,,,0,,,,0,,,,0,,1,2,15,17,1,,,,
asymmetric,4,493,12,a,2,16,2752,16,31225,31225,31226,,,,31261,31228,31243,16,1:15,31244,31259,16,1:15,31245,31260,16,1:15,,,0,,,,0,,,,0,,,,0,,1,2,15,17,1,,,,
asymmetric,4,494,12,a,3,0,2880,16,31264,31264,31265,,,,31300,31267,31282,16,1:15,31283,31298,16,1:15,31284,31299,16,1:15,,,0,,,,0,,,,0,,,,0,,1,2,15,17,1,,,,
asymmetric,4,495,12,a,3,16,3008,16,31303,31303,31304,,,,31339,31306,31321,16,1:15,31322,31337,16,1:15,31323,31338,16,1:15,,,0,,,,0,,,,0,,,,0,,1,2,15,17,1,,,,
asymmetric,4,496,12,a,4,0,3136,16,31342,31342,31343,,,,31378,31345,31360,16,1:15,31361,31376,16,1:15,31362,31377,16,1:15,,,0,,,,0,,,,0,,,,0,,1,2,15,17,1,,,,
asymmetric,4,497,12,a,4,16,3264,16,31381,31381,31382,,,,31417,31384,31399,16,1:15,31400,31415,16,1:15,31401,31416,16,1:15,,,0,,,,0,,,,0,,,,0,,1,2,15,17,1,,,,
asymmetric,4,498,12,a,5,0,3392,16,31420,31420,31421,,,,31456,31423,31438,16,1:15,31439,31454,16,1:15,31440,31455,16,1:15,,,0,,,,0,,,,0,,,,0,,1,2,15,17,1,,,,
asymmetric,4,499,12,a,5,16,3520,16,31459,31459,31460,,,,31495,31462,31477,16,1:15,31478,31493,16,1:15,31479,31494,16,1:15,,,0,,,,0,,,,0,,,,0,,1,2,15,17,1,,,,
asymmetric,4,500,12,a,6,0,3648,16,31498,31498,31499,,,,31534,31501,31516,16,1:15,31517,31532,16,1:15,31518,31533,16,1:15,,,0,,,,0,,,,0,,,,0,,1,2,15,17,1,,,,
asymmetric,4,501,12,a,6,16,3776,16,31537,31537,31538,,,,31573,31540,31555,16,1:15,31556,31571,16,1:15,31557,31572,16,1:15,,,0,,,,0,,,,0,,,,0,,1,2,15,17,1,,,,
asymmetric,4,502,12,a,7,0,3904,16,31576,31576,31577,,,,31612,31579,31594,16,1:15,31595,31610,16,1:15,31596,31611,16,1:15,,,0,,,,0,,,,0,,,,0,,1,2,15,17,1,,,,
asymmetric,4,503,12,a,7,16,4032,8,31615,31615,31616,,,,31635,31618,31625,8,1:7,31626,31633,8,1:7,31627,31634,8,1:7,,,0,,,,0,,,,0,,,,0,,1,2,7,9,1,,,,
asymmetric,4,504,12,a,7,24,4096,8,31638,31638,31639,,,,31658,31641,31648,8,1:7,31649,31656,8,1:7,31650,31657,8,1:7,,,0,,,,0,,,,0,,,,0,,1,2,7,9,1,,,,
asymmetric,4,505,12,bt,0,0,25024,16,31666,31666,31667,,,,31702,31669,31684,16,1:15,31685,31700,16,1:15,31686,31701,16,1:15,,,0,,,,0,,,,0,,,,0,,1,2,15,17,1,,,,
asymmetric,4,506,12,bt,0,16,25152,16,31705,31705,31706,,,,31741,31708,31723,16,1:15,31724,31739,16,1:15,31725,31740,16,1:15,,,0,,,,0,,,,0,,,,0,,1,2,15,17,1,,,,
asymmetric,4,507,12,bt,1,0,25280,16,31744,31744,31745,,,,31780,31747,31762,16,1:15,31763,31778,16,1:15,31764,31779,16,1:15,,,0,,,,0,,,,0,,,,0,,1,2,15,17,1,,,,
asymmetric,4,508,12,bt,1,16,25408,16,31783,31783,31784,,,,31819,31786,31801,16,1:15,31802,31817,16,1:15,31803,31818,16,1:15,,,0,,,,0,,,,0,,,,0,,1,2,15,17,1,,,,
asymmetric,4,509,12,bt,2,0,25536,16,31822,31822,31823,,,,31858,31825,31840,16,1:15,31841,31856,16,1:15,31842,31857,16,1:15,,,0,,,,0,,,,0,,,,0,,1,2,15,17,1,,,,
asymmetric,4,510,12,bt,2,16,25664,16,31861,31861,31862,,,,31897,31864,31879,16,1:15,31880,31895,16,1:15,31881,31896,16,1:15,,,0,,,,0,,,,0,,,,0,,1,2,15,17,1,,,,
asymmetric,4,511,12,bt,3,0,25792,16,31900,31900,31901,,,,31936,31903,31918,16,1:15,31919,31934,16,1:15,31920,31935,16,1:15,,,0,,,,0,,,,0,,,,0,,1,2,15,17,1,,,,
asymmetric,4,512,12,bt,3,16,25920,16,31939,31939,31940,,,,31975,31942,31957,16,1:15,31958,31973,16,1:15,31959,31974,16,1:15,,,0,,,,0,,,,0,,,,0,,1,2,15,17,1,,,,
asymmetric,4,513,12,bt,4,0,26048,16,31978,31978,31979,,,,32014,31981,31996,16,1:15,31997,32012,16,1:15,31998,32013,16,1:15,,,0,,,,0,,,,0,,,,0,,1,2,15,17,1,,,,
asymmetric,4,514,12,bt,4,16,26176,16,32017,32017,32018,,,,32053,32020,32035,16,1:15,32036,32051,16,1:15,32037,32052,16,1:15,,,0,,,,0,,,,0,,,,0,,1,2,15,17,1,,,,
asymmetric,4,515,12,bt,5,0,26304,16,32056,32056,32057,,,,32092,32059,32074,16,1:15,32075,32090,16,1:15,32076,32091,16,1:15,,,0,,,,0,,,,0,,,,0,,1,2,15,17,1,,,,
asymmetric,4,516,12,bt,5,16,26432,16,32095,32095,32096,,,,32131,32098,32113,16,1:15,32114,32129,16,1:15,32115,32130,16,1:15,,,0,,,,0,,,,0,,,,0,,1,2,15,17,1,,,,
asymmetric,4,517,12,bt,6,0,26560,16,32134,32134,32135,,,,32170,32137,32152,16,1:15,32153,32168,16,1:15,32154,32169,16,1:15,,,0,,,,0,,,,0,,,,0,,1,2,15,17,1,,,,
asymmetric,4,518,12,bt,6,16,26688,16,32173,32173,32174,,,,32209,32176,32191,16,1:15,32192,32207,16,1:15,32193,32208,16,1:15,,,0,,,,0,,,,0,,,,0,,1,2,15,17,1,,,,
asymmetric,4,519,12,bt,7,0,26816,16,32212,32212,32213,,,,32248,32215,32230,16,1:15,32231,32246,16,1:15,32232,32247,16,1:15,,,0,,,,0,,,,0,,,,0,,1,2,15,17,1,,,,
asymmetric,4,520,12,bt,7,16,26944,16,32251,32251,32252,,,,32287,32254,32269,16,1:15,32270,32285,16,1:15,32271,32286,16,1:15,,,0,,,,0,,,,0,,,,0,,1,2,15,17,1,,,,
asymmetric,4,521,12,c,0,0,35264,4,33377,33377,,33398,33397,33403,33404,,,0,,,,0,,,,0,,33379,33394,4,5:3,33381,33396,4,5:3,33382,33397,4,5:3,33398,33401,4,1:3,,,,,,20,4,2,1
asymmetric,4,522,12,c,1,0,35520,4,33407,33407,,33428,33427,33433,33434,,,0,,,,0,,,,0,,33409,33424,4,5:3,33411,33426,4,5:3,33412,33427,4,5:3,33428,33431,4,1:3,,,,,,20,4,2,1
asymmetric,4,523,12,c,2,0,35776,4,33437,33437,,33458,33457,33463,33464,,,0,,,,0,,,,0,,33439,33454,4,5:3,33441,33456,4,5:3,33442,33457,4,5:3,33458,33461,4,1:3,,,,,,20,4,2,1
asymmetric,4,524,12,c,3,0,36032,4,33467,33467,,33488,33487,33493,33494,,,0,,,,0,,,,0,,33469,33484,4,5:3,33471,33486,4,5:3,33472,33487,4,5:3,33488,33491,4,1:3,,,,,,20,4,2,1
asymmetric,4,525,12,c,4,0,36288,4,33497,33497,,33518,33517,33523,33524,,,0,,,,0,,,,0,,33499,33514,4,5:3,33501,33516,4,5:3,33502,33517,4,5:3,33518,33521,4,1:3,,,,,,20,4,2,1
asymmetric,4,526,12,c,5,0,36544,4,33527,33527,,33548,33547,33553,33554,,,0,,,,0,,,,0,,33529,33544,4,5:3,33531,33546,4,5:3,33532,33547,4,5:3,33548,33551,4,1:3,,,,,,20,4,2,1
asymmetric,4,527,12,c,6,0,36800,4,33557,33557,,33578,33577,33583,33584,,,0,,,,0,,,,0,,33559,33574,4,5:3,33561,33576,4,5:3,33562,33577,4,5:3,33578,33581,4,1:3,,,,,,20,4,2,1
asymmetric,4,528,12,c,7,0,37056,4,33587,33587,,33608,33607,33613,33614,,,0,,,,0,,,,0,,33589,33604,4,5:3,33591,33606,4,5:3,33592,33607,4,5:3,33608,33611,4,1:3,,,,,,20,4,2,1
asymmetric,4,529,13,a,0,0,2112,16,33623,33623,33624,,,,33659,33626,33641,16,1:15,33642,33657,16,1:15,33643,33658,16,1:15,,,0,,,,0,,,,0,,,,0,,1,2,15,17,1,,,,
asymmetric,4,530,13,a,0,16,2240,16,33662,33662,33663,,,,33698,33665,33680,16,1:15,33681,33696,16,1:15,33682,33697,16,1:15,,,0,,,,0,,,,0,,,,0,,1,2,15,17,1,,,,
asymmetric,4,531,13,a,1,0,2368,16,33701,33701,33702,,,,33737,33704,33719,16,1:15,33720,33735,16,1:15,33721,33736,16,1:15,,,0,,,,0,,,,0,,,,0,,1,2,15,17,1,,,,
asymmetric,4,532,13,a,1,16,2496,16,33740,33740,33741,,,,33776,33743,33758,16,1:15,33759,33774,16,1:15,33760,33775,16,1:15,,,0,,,,0,,,,0,,,,0,,1,2,15,17,1,,,,
asymmetric,4,533,13,a,2,0,2624,16,33779,33779,33780,,,,33815,33782,33797,16,1:15,33798,33813,16,1:15,33799,33814,16,1:15,,,0,,,,0,,,,0,,,,0,,1,2,15,17,1,,,,
asymmetric,4,534,13,a,2,16,2752,16,33818,33818,33819,,,,33854,33821,33836,16,1:15,33837,33852,16,1:15,33838,33853,16,1:15,,,0,,,,0,,,,0,,,,0,,1,2,15,17,1,,,,
asymmetric,4,535,13,a,3,0,2880,16,33857,33857,33858,,,,33893,33860,33875,16,1:15,33876,33891,16,1:15,33877,33892,16,1:15,,,0,,,,0,,,,0,,,,0,,1,2,15,17,1,,,,
asymmetric,4,536,13,a,3,16,3008,16,33896,33896,33897,,,,33932,33899,33914,16,1:15,33915,33930,16,1:15,33916,33931,16,1:15,,,0,,,,0,,,,0,,,,0,,1,2,15,17,1,,,,
asymmetric,4,537,13,a,4,0,3136,16,33935,33935,33936,,,,33971,33938,33953,16,1:15,33954,33969,16,1:15,33955,33970,16,1:15,,,0,,,,0,,,,0,,,,0,,1,2,15,17,1,,,,
asymmetric,4,538,13,a,4,16,3264,16,33974,33974,33975,,,,34010,33977,33992,16,1:15,33993,34008,16,1:15,33994,34009,16,1:15,,,0,,,,0,,,,0,,,,0,,1,2,15,17,1,,,,
asymmetric,4,539,13,a,5,0,3392,16,34013,34013,34014,,,,34049,34016,34031,16,1:15,34032,34047,16,1:15,34033,34048,16,1:15,,,0,,,,0,,,,0,,,,0,,1,2,15,17,1,,,,
asymmetric,4,540,13,a,5,16,3520,16,34052,34052,34053,,,,34088,34055,34070,16,1:15,34071,34086,16,1:15,34072,34087,16,1:15,,,0,,,,0,,,,0,,,,0,,1,2,15,17,1,,,,
asymmetric,4,541,13,a,6,0,3648,16,34091,34091,34092,,,,34127,34094,34109,16,1:15,34110,34125,16,1:15,34111,34126,16,1:15,,,0,,,,0,,,,0,,,,0,,1,2,15,17,1,,,,
asymmetric,4,542,13,a,6,16,3776,16,34130,34130,34131,,,,34166,34133,34148,16,1:15,34149,34164,16,1:15,34150,34165,16,1:15,,,0,,,,0,,,,0,,,,0,,1,2,15,17,1,,,,
asymmetric,4,543,13,a,7,0,3904,16,34169,34169,34170,,,,34205,34172,34187,16,1:15,34188,34203,16,1:15,34189,34204,16,1:15,,,0,,,,0,,,,0,,,,0,,1,2,15,17,1,,,,
asymmetric,4,544,13,a,7,16,4032,8,34208,34208,34209,,,,34228,34211,34218,8,1:7,34219,34226,8,1:7,34220,34227,8,1:7,,,0,,,,0,,,,0,,,,0,,1,2,7,9,1,,,,
asymmetric,4,545,13,a,7,24,4096,8,34231,34231,34232,,,,34251,34234,34241,8,1:7,34242,34249,8,1:7,34243,34250,8,1:7,,,0,,,,0,,,,0,,,,0,,1,2,7,9,1,,,,
asymmetric,4,546,13,bt,0,0,27072,16,34259,34259,34260,,,,34295,34262,34277,16,1:15,34278,34293,16,1:15,34279,34294,16,1:15,,,0,,,,0,,,,0,,,,0,,1,2,15,17,1,,,,
asymmetric,4,547,13,bt,0,16,27200,16,34298,34298,34299,,,,34334,34301,34316,16,1:15,34317,34332,16,1:15,34318,34333,16,1:15,,,0,,,,0,,,,0,,,,0,,1,2,15,17,1,,,,
asymmetric,4,548,13,bt,1,0,27328,16,34337,34337,34338,,,,34373,34340,34355,16,1:15,34356,34371,16,1:15,34357,34372,16,1:15,,,0,,,,0,,,,0,,,,0,,1,2,15,17,1,,,,
asymmetric,4,549,13,bt,1,16,27456,16,34376,34376,34377,,,,34412,34379,34394,16,1:15,34395,34410,16,1:15,34396,34411,16,1:15,,,0,,,,0,,,,0,,,,0,,1,2,15,17,1,,,,
asymmetric,4,550,13,bt,2,0,27584,16,34415,34415,34416,,,,34451,34418,34433,16,1:15,34434,34449,16,1:15,34435,34450,16,1:15,,,0,,,,0,,,,0,,,,0,,1,2,15,17,1,,,,
asymmetric,4,551,13,bt,2,16,27712,16,34454,34454,34455,,,,34490,34457,34472,16,1:15,34473,34488,16,1:15,34474,34489,16,1:15,,,0,,,,0,,,,0,,,,0,,1,2,15,17,1,,,,
asymmetric,4,552,13,bt,3,0,27840,16,34493,34493,34494,,,,34529,34496,34511,16,1:15,34512,34527,16,1:15,34513,34528,16,1:15,,,0,,,,0,,,,0,,,,0,,1,2,15,17,1,,,,
asymmetric,4,553,13,bt,3,16,27968,16,34532,34532,34533,,,,34568,34535,34550,16,1:15,34551,34566,16,1:15,34552,34567,16,1:15,,,0,,,,0,,,,0,,,,0,,1,2,15,17,1,,,,
asymmetric,4,554,13,bt,4,0,28096,16,34571,34571,34572,,,,34607,34574,34589,16,1:15,34590,34605,16,1:15,34591,34606,16,1:15,,,0,,,,0,,,,0,,,,0,,1,2,15,17,1,,,,
asymmetric,4,555,13,bt,4,16,28224,16,34610,34610,34611,,,,34646,34613,34628,16,1:15,34629,34644,16,1:15,34630,34645,16,1:15,,,0,,,,0,,,,0,,,,0,,1,2,15,17,1,,,,
asymmetric,4,556,13,bt,5,0,28352,16,34649,34649,34650,,,,34685,34652,34667,16,1:15,34668,34683,16,1:15,34669,34684,16,1:15,,,0,,,,0,,,,0,,,,0,,1,2,15,17,1,,,,
asymmetric,4,557,13,bt,5,16,28480,16,34688,34688,34689,,,,34724,34691,34706,16,1:15,34707,34722,16,1:15,34708,34723,16,1:15,,,0,,,,0,,,,0,,,,0,,1,2,15,17,1,,,,
asymmetric,4,558,13,bt,6,0,28608,8,34727,34727,34728,,,,34747,34730,34737,8,1:7,34738,34745,8,1:7,34739,34746,8,1:7,,,0,,,,0,,,,0,,,,0,,1,2,7,9,1,,,,
asymmetric,4,559,13,bt,6,8,28672,16,34750,34750,34751,,,,34786,34753,34768,16,1:15,34769,34784,16,1:15,34770,34785,16,1:15,,,0,,,,0,,,,0,,,,0,,1,2,15,17,1,,,,
asymmetric,4,560,13,bt,6,24,28800,8,34789,34789,34790,,,,34809,34792,34799,8,1:7,34800,34807,8,1:7,34801,34808,8,1:7,,,0,,,,0,,,,0,,,,0,,1,2,7,9,1,,,,
asymmetric,4,561,13,bt,7,0,28864,16,34812,34812,34813,,,,34848,34815,34830,16,1:15,34831,34846,16,1:15,34832,34847,16,1:15,,,0,,,,0,,,,0,,,,0,,1,2,15,17,1,,,,
asymmetric,4,562,13,bt,7,16,28992,16,34851,34851,34852,,,,34887,34854,34869,16,1:15,34870,34885,16,1:15,34871,34886,16,1:15,,,0,,,,0,,,,0,,,,0,,1,2,15,17,1,,,,
asymmetric,4,563,13,c,0,0,35296,4,35977,35977,,35998,35997,36003,36004,,,0,,,,0,,,,0,,35979,35994,4,5:3,35981,35996,4,5:3,35982,35997,4,5:3,35998,36001,4,1:3,,,,,,20,4,2,1
asymmetric,4,564,13,c,1,0,35552,4,36007,36007,,36028,36027,36033,36034,,,0,,,,0,,,,0,,36009,36024,4,5:3,36011,36026,4,5:3,36012,36027,4,5:3,36028,36031,4,1:3,,,,,,20,4,2,1
asymmetric,4,565,13,c,2,0,35808,4,36037,36037,,36058,36057,36063,36064,,,0,,,,0,,,,0,,36039,36054,4,5:3,36041,36056,4,5:3,36042,36057,4,5:3,36058,36061,4,1:3,,,,,,20,4,2,1
asymmetric,4,566,13,c,3,0,36064,4,36067,36067,,36088,36087,36093,36094,,,0,,,,0,,,,0,,36069,36084,4,5:3,36071,36086,4,5:3,36072,36087,4,5:3,36088,36091,4,1:3,,,,,,20,4,2,1
asymmetric,4,567,13,c,4,0,36320,4,36097,36097,,36118,36117,36123,36124,,,0,,,,0,,,,0,,36099,36114,4,5:3,36101,36116,4,5:3,36102,36117,4,5:3,36118,36121,4,1:3,,,,,,20,4,2,1
asymmetric,4,568,13,c,5,0,36576,4,36127,36127,,36148,36147,36153,36154,,,0,,,,0,,,,0,,36129,36144,4,5:3,36131,36146,4,5:3,36132,36147,4,5:3,36148,36151,4,1:3,,,,,,20,4,2,1
asymmetric,4,569,13,c,6,0,36832,4,36157,36157,,36178,36177,36183,36184,,,0,,,,0,,,,0,,36159,36174,4,5:3,36161,36176,4,5:3,36162,36177,4,5:3,36178,36181,4,1:3,,,,,,20,4,2,1
asymmetric,4,570,13,c,7,0,37088,4,36187,36187,,36208,36207,36213,36214,,,0,,,,0,,,,0,,36189,36204,4,5:3,36191,36206,4,5:3,36192,36207,4,5:3,36208,36211,4,1:3,,,,,,20,4,2,1
asymmetric,4,571,14,a,0,0,2112,16,36223,36223,36224,,,,36259,36226,36241,16,1:15,36242,36257,16,1:15,36243,36258,16,1:15,,,0,,,,0,,,,0,,,,0,,1,2,15,17,1,,,,
asymmetric,4,572,14,a,0,16,2240,16,36262,36262,36263,,,,36298,36265,36280,16,1:15,36281,36296,16,1:15,36282,36297,16,1:15,,,0,,,,0,,,,0,,,,0,,1,2,15,17,1,,,,
asymmetric,4,573,14,a,1,0,2368,16,36301,36301,36302,,,,36337,36304,36319,16,1:15,36320,36335,16,1:15,36321,36336,16,1:15,,,0,,,,0,,,,0,,,,0,,1,2,15,17,1,,,,
asymmetric,4,574,14,a,1,16,2496,16,36340,36340,36341,,,,36376,36343,36358,16,1:15,36359,36374,16,1:15,36360,36375,16,1:15,,,0,,,,0,,,,0,,,,0,,1,2,15,17,1,,,,
asymmetric,4,575,14,a,2,0,2624,16,36379,36379,36380,,,,36415,36382,36397,16,1:15,36398,36413,16,1:15,36399,36414,16,1:15,,,0,,,,0,,,,0,,,,0,,1,2,15,17,1,,,,
asymmetric,4,576,14,a,2,16,2752,16,36418,36418,36419,,,,36454,36421,36436,16,1:15,36437,36452,16,1:15,36438,36453,16,1:15,,,0,,,,0,,,,0,,,,0,,1,2,15,17,1,,,,
asymmetric,4,577,14,a,3,0,2880,16,36457,36457,36458,,,,36493,36460,36475,16,1:15,36476,36491,16,1:15,36477,36492,16,1:15,,,0,,,,0,,,,0,,,,0,,1,2,15,17,1,,,,
asymmetric,4,578,14,a,3,16,3008,16,36496,36496,36497,,,,36532,36499,36514,16,1:15,36515,36530,16,1:15,36516,36531,16,1:15,,,0,,,,0,,,,0,,,,0,,1,2,15,17,1,,,,
asymmetric,4,579,14,a,4,0,3136,16,36535,36535,36536,,,,36571,36538,36553,16,1:15,36554,36569,16,1:15,36555,36570,16,1:15,,,0,,,,0,,,,0,,,,0,,1,2,15,17,1,,,,
asymmetric,4,580,14,a,4,16,3264,16,36574,36574,36575,,,,36610,36577,36592,16,1:15,36593,36608,16,1:15,36594,36609,16,1:15,,,0,,,,0,,,,0,,,,0,,1,2,15,17,1,,,,
asymmetric,4,581,14,a,5,0,3392,16,36613,36613,36614,,,,36649,36616,36631,16,1:15,36632,36647,16,1:15,36633,36648,16,1:15,,,0,,,,0,,,,0,,,,0,,1,2,15,17,1,,,,
asymmetric,4,582,14,a,5,16,3520,16,36652,36652,36653,,,,36688,36655,36670,16,1:15,36671,36686,16,1:15,36672,36687,16,1:15,,,0,,,,0,,,,0,,,,0,,1,2,15,17,1,,,,
asymmetric,4,583,14,a,6,0,3648,16,36691,36691,36692,,,,36727,36694,36709,16,1:15,36710,36725,16,1:15,36711,36726,16,1:15,,,0,,,,0,,,,0,,,,0,,1,2,15,17,1,,,,
asymmetric,4,584,14,a,6,16,3776,16,36730,36730,36731,,,,36766,36733,36748,16,1:15,36749,36764,16,1:15,36750,36765,16,1:15,,,0,,,,0,,,,0,,,,0,,1,2,15,17,1,,,,
asymmetric,4,585,14,a,7,0,3904,16,36769,36769,36770,,,,36805,36772,36787,16,1:15,36788,36803,16,1:15,36789,36804,16,1:15,,,0,,,,0,,,,0,,,,0,,1,2,15,17,1,,,,
asymmetric,4,586,14,a,7,16,4032,8,36808,36808,36809,,,,36828,36811,36818,8,1:7,36819,36826,8,1:7,36820,36827,8,1:7,,,0,,,,0,,,,0,,,,0,,1,2,7,9,1,,,,
asymmetric,4,587,14,a,7,24,4096,8,36831,36831,36832,,,,36851,36834,36841,8,1:7,36842,36849,8,1:7,36843,36850,8,1:7,,,0,,,,0,,,,0,,,,0,,1,2,7,9,1,,,,
asymmetric,4,588,14,bt,0,0,29120,16,36859,36859,36860,,,,36895,36862,36877,16,1:15,36878,36893,16,1:15,36879,36894,16,1:15,,,0,,,,0,,,,0,,,,0,,1,2,15,17,1,,,,
asymmetric,4,589,14,bt,0,16,29248,16,36898,36898,36899,,,,36934,36901,36916,16,1:15,36917,36932,16,1:15,36918,36933,16,1:15,,,0,,,,0,,,,0,,,,0,,1,2,15,17,1,,,,
asymmetric,4,590,14,bt,1,0,29376,16,36937,36937,36938,,,,36973,36940,36955,16,1:15,36956,36971,16,1:15,36957,36972,16,1:15,,,0,,,,0,,,,0,,,,0,,1,2,15,17,1,,,,
asymmetric,4,591,14,bt,1,16,29504,16,36976,36976,36977,,,,37012,36979,36994,16,1:15,36995,37010,16,1:15,36996,37011,16,1:15,,,0,,,,0,,,,0,,,,0,,1,2,15,17,1,,,,
asymmetric,4,592,14,bt,2,0,29632,16,37015,37015,37016,,,,37051,37018,37033,16,1:15,37034,37049,16,1:15,37035,37050,16,1:15,,,0,,,,0,,,,0,,,,0,,1,2,15,17,1,,,,
asymmetric,4,593,14,bt,2,16,29760,16,37054,37054,37055,,,,37090,37057,37072,16,1:15,37073,37088,16,1:15,37074,37089,16,1:15,,,0,,,,0,,,,0,,,,0,,1,2,15,17,1,,,,
asymmetric,4,594,14,bt,3,0,29888,16,37093,37093,37094,,,,37129,37096,37111,16,1:15,37112,37127,16,1:15,37113,37128,16,1:15,,,0,,,,0,,,,0,,,,0,,1,2,15,17,1,,,,
asymmetric,4,595,14,bt,3,16,30016,16,37132,37132,37133,,,,37168,37135,37150,16,1:15,37151,37166,16,1:15,37152,37167,16,1:15,,,0,,,,0,,,,0,,,,0,,1,2,15,17,1,,,,
asymmetric,4,596,14,bt,4,0,30144,16,37171,37171,37172,,,,37207,37174,37189,16,1:15,37190,37205,16,1:15,37191,37206,16,1:15,,,0,,,,0,,,,0,,,,0,,1,2,15,17,1,,,,
asymmetric,4,597,14,bt,4,16,30272,16,37210,37210,37211,,,,37246,37213,37228,16,1:15,37229,37244,16,1:15,37230,37245,16,1:15,,,0,,,,0,,,,0,,,,0,,1,2,15,17,1,,,,
asymmetric,4,598,14,bt,5,0,30400,16,37249,37249,37250,,,,37285,37252,37267,16,1:15,37268,37283,16,1:15,37269,37284,16,1:15,,,0,,,,0,,,,0,,,,0,,1,2,15,17,1,,,,
asymmetric,4,599,14,bt,5,16,30528,16,37288,37288,37289,,,,37324,37291,37306,16,1:15,37307,37322,16,1:15,37308,37323,16,1:15,,,0,,,,0,,,,0,,,,0,,1,2,15,17,1,,,,
asymmetric,4,600,14,bt,6,0,30656,16,37327,37327,37328,,,,37363,37330,37345,16,1:15,37346,37361,16,1:15,37347,37362,16,1:15,,,0,,,,0,,,,0,,,,0,,1,2,15,17,1,,,,
asymmetric,4,601,14,bt,6,16,30784,16,37366,37366,37367,,,,37402,37369,37384,16,1:15,37385,37400,16,1:15,37386,37401,16,1:15,,,0,,,,0,,,,0,,,,0,,1,2,15,17,1,,,,
asymmetric,4,602,14,bt,7,0,30912,16,37405,37405,37406,,,,37441,37408,37423,16,1:15,37424,37439,16,1:15,37425,37440,16,1:15,,,0,,,,0,,,,0,,,,0,,1,2,15,17,1,,,,
asymmetric,4,603,14,bt,7,16,31040,16,37444,37444,37445,,,,37480,37447,37462,16,1:15,37463,37478,16,1:15,37464,37479,16,1:15,,,0,,,,0,,,,0,,,,0,,1,2,15,17,1,,,,
asymmetric,4,604,14,c,0,0,35328,4,38570,38570,,38591,38590,38596,38597,,,0,,,,0,,,,0,,38572,38587,4,5:3,38574,38589,4,5:3,38575,38590,4,5:3,38591,38594,4,1:3,,,,,,20,4,2,1
asymmetric,4,605,14,c,1,0,35584,4,38600,38600,,38621,38620,38626,38627,,,0,,,,0,,,,0,,38602,38617,4,5:3,38604,38619,4,5:3,38605,38620,4,5:3,38621,38624,4,1:3,,,,,,20,4,2,1
asymmetric,4,606,14,c,2,0,35840,4,38630,38630,,38651,38650,38656,38657,,,0,,,,0,,,,0,,38632,38647,4,5:3,38634,38649,4,5:3,38635,38650,4,5:3,38651,38654,4,1:3,,,,,,20,4,2,1
asymmetric,4,607,14,c,3,0,36096,4,38660,38660,,38681,38680,38686,38687,,,0,,,,0,,,,0,,38662,38677,4,5:3,38664,38679,4,5:3,38665,38680,4,5:3,38681,38684,4,1:3,,,,,,20,4,2,1
asymmetric,4,608,14,c,4,0,36352,4,38690,38690,,38711,38710,38716,38717,,,0,,,,0,,,,0,,38692,38707,4,5:3,38694,38709,4,5:3,38695,38710,4,5:3,38711,38714,4,1:3,,,,,,20,4,2,1
asymmetric,4,609,14,c,5,0,36608,4,38720,38720,,38741,38740,38746,38747,,,0,,,,0,,,,0,,38722,38737,4,5:3,38724,38739,4,5:3,38725,38740,4,5:3,38741,38744,4,1:3,,,,,,20,4,2,1
asymmetric,4,610,14,c,6,0,36864,4,38750,38750,,38771,38770,38776,38777,,,0,,,,0,,,,0,,38752,38767,4,5:3,38754,38769,4,5:3,38755,38770,4,5:3,38771,38774,4,1:3,,,,,,20,4,2,1
asymmetric,4,611,14,c,7,0,37120,4,38780,38780,,38801,38800,38806,38807,,,0,,,,0,,,,0,,38782,38797,4,5:3,38784,38799,4,5:3,38785,38800,4,5:3,38801,38804,4,1:3,,,,,,20,4,2,1
asymmetric,4,612,15,a,0,0,2112,16,38816,38816,38817,,,,38852,38819,38834,16,1:15,38835,38850,16,1:15,38836,38851,16,1:15,,,0,,,,0,,,,0,,,,0,,1,2,15,17,1,,,,
asymmetric,4,613,15,a,0,16,2240,16,38855,38855,38856,,,,38891,38858,38873,16,1:15,38874,38889,16,1:15,38875,38890,16,1:15,,,0,,,,0,,,,0,,,,0,,1,2,15,17,1,,,,
asymmetric,4,614,15,a,1,0,2368,16,38894,38894,38895,,,,38930,38897,38912,16,1:15,38913,38928,16,1:15,38914,38929,16,1:15,,,0,,,,0,,,,0,,,,0,,1,2,15,17,1,,,,
asymmetric,4,615,15,a,1,16,2496,16,38933,38933,38934,,,,38969,38936,38951,16,1:15,38952,38967,16,1:15,38953,38968,16,1:15,,,0,,,,0,,,,0,,,,0,,1,2,15,17,1,,,,
asymmetric,4,616,15,a,2,0,2624,16,38972,38972,38973,,,,39008,38975,38990,16,1:15,38991,39006,16,1:15,38992,39007,16,1:15,,,0,,,,0,,,,0,,,,0,,1,2,15,17,1,,,,
asymmetric,4,617,15,a,2,16,2752,16,39011,39011,39012,,,,39047,39014,39029,16,1:15,39030,39045,16,1:15,39031,39046,16,1:15,,,0,,,,0,,,,0,,,,0,,1,2,15,17,1,,,,
asymmetric,4,618,15,a,3,0,2880,16,39050,39050,39051,,,,39086,39053,39068,16,1:15,39069,39084,16,1:15,39070,39085,16,1:15,,,0,,,,0,,,,0,,,,0,,1,2,15,17,1,,,,
asymmetric,4,619,15,a,3,16,3008,16,39089,39089,39090,,,,39125,39092,39107,16,1:15,39108,39123,16,1:15,39109,39124,16,1:15,,,0,,,,0,,,,0,,,,0,,1,2,15,17,1,,,,
asymmetric,4,620,15,a,4,0,3136,16,39128,39128,39129,,,,39164,39131,39146,16,1:15,39147,39162,16,1:15,39148,39163,16,1:15,,,0,,,,0,,,,0,,,,0,,1,2,15,17,1,,,,
asymmetric,4,621,15,a,4,16,3264,16,39167,39167,39168,,,,39203,39170,39185,16,1:15,39186,39201,16,1:15,39187,39202,16,1:15,,,0,,,,0,,,,0,,,,0,,1,2,15,17,1,,,,
asymmetric,4,622,15,a,5,0,3392,16,39206,39206,39207,,,,39242,39209,39224,16,1:15,39225,39240,16,1:15,39226,39241,16,1:15,,,0,,,,0,,,,0,,,,0,,1,2,15,17,1,,,,
asymmetric,4,623,15,a,5,16,3520,16,39245,39245,39246,,,,39281,39248,39263,16,1:15,39264,39279,16,1:15,39265,39280,16,1:15,,,0,,,,0,,,,0,,,,0,,1,2,15,17,1,,,,
asymmetric,4,624,15,a,6,0,3648,16,39284,39284,39285,,,,39320,39287,39302,16,1:15,39303,39318,16,1:15,39304,39319,16,1:15,,,0,,,,0,,,,0,,,,0,,1,2,15,17,1,,,,
asymmetric,4,625,15,a,6,16,3776,16,39323,39323,39324,,,,39359,39326,39341,16,1:15,39342,39357,16,1:15,39343,39358,16,1:15,,,0,,,,0,,,,0,,,,0,,1,2,15,17,1,,,,
asymmetric,4,626,15,a,7,0,3904,16,39362,39362,39363,,,,39398,39365,39380,16,1:15,39381,39396,16,1:15,39382,39397,16,1:15,,,0,,,,0,,,,0,,,,0,,1,2,15,17,1,,,,
asymmetric,4,627,15,a,7,16,4032,8,39401,39401,39402,,,,39421,39404,39411,8,1:7,39412,39419,8,1:7,39413,39420,8,1:7,,,0,,,,0,,,,0,,,,0,,1,2,7,9,1,,,,
asymmetric,4,628,15,a,7,24,4096,8,39424,39424,39425,,,,39444,39427,39434,8,1:7,39435,39442,8,1:7,39436,39443,8,1:7,,,0,,,,0,,,,0,,,,0,,1,2,7,9,1,,,,
asymmetric,4,629,15,bt,0,0,31168,16,39452,39452,39453,,,,39488,39455,39470,16,1:15,39471,39486,16,1:15,39472,39487,16,1:15,,,0,,,,0,,,,0,,,,0,,1,2,15,17,1,,,,
asymmetric,4,630,15,bt,0,16,31296,16,39491,39491,39492,,,,39527,39494,39509,16,1:15,39510,39525,16,1:15,39511,39526,16,1:15,,,0,,,,0,,,,0,,,,0,,1,2,15,17,1,,,,
asymmetric,4,631,15,bt,1,0,31424,16,39530,39530,39531,,,,39566,39533,39548,16,1:15,39549,39564,16,1:15,39550,39565,16,1:15,,,0,,,,0,,,,0,,,,0,,1,2,15,17,1,,,,
asymmetric,4,632,15,bt,1,16,31552,16,39569,39569,39570,,,,39605,39572,39587,16,1:15,39588,39603,16,1:15,39589,39604,16,1:15,,,0,,,,0,,,,0,,,,0,,1,2,15,17,1,,,,
asymmetric,4,633,15,bt,2,0,31680,16,39608,39608,39609,,,,39644,39611,39626,16,1:15,39627,39642,16,1:15,39628,39643,16,1:15,,,0,,,,0,,,,0,,,,0,,1,2,15,17,1,,,,
asymmetric,4,634,15,bt,2,16,31808,16,39647,39647,39648,,,,39683,39650,39665,16,1:15,39666,39681,16,1:15,39667,39682,16,1:15,,,0,,,,0,,,,0,,,,0,,1,2,15,17,1,,,,
asymmetric,4,635,15,bt,3,0,31936,16,39686,39686,39687,,,,39722,39689,39704,16,1:15,39705,39720,16,1:15,39706,39721,16,1:15,,,0,,,,0,,,,0,,,,0,,1,2,15,17,1,,,,
asymmetric,4,636,15,bt,3,16,32064,16,39725,39725,39726,,,,39761,39728,39743,16,1:15,39744,39759,16,1:15,39745,39760,16,1:15,,,0,,,,0,,,,0,,,,0,,1,2,15,17,1,,,,
asymmetric,4,637,15,bt,4,0,32192,16,39764,39764,39765,,,,39800,39767,39782,16,1:15,39783,39798,16,1:15,39784,39799,16,1:15,,,0,,,,0,,,,0,,,,0,,1,2,15,17,1,,,,
asymmetric,4,638,15,bt,4,16,32320,16,39803,39803,39804,,,,39839,39806,39821,16,1:15,39822,39837,16,1:15,39823,39838,16,1:15,,,0,,,,0,,,,0,,,,0,,1,2,15,17,1,,,,
asymmetric,4,639,15,bt,5,0,32448,16,39842,39842,39843,,,,39878,39845,39860,16,1:15,39861,39876,16,1:15,39862,39877,16,1:15,,,0,,,,0,,,,0,,,,0,,1,2,15,17,1,,,,
asymmetric,4,640,15,bt,5,16,32576,16,39881,39881,39882,,,,39917,39884,39899,16,1:15,39900,39915,16,1:15,39901,39916,16,1:15,,,0,,,,0,,,,0,,,,0,,1,2,15,17,1,,,,
asymmetric,4,641,15,bt,6,0,32704,8,39920,39920,39921,,,,39940,39923,39930,8,1:7,39931,39938,8,1:7,39932,39939,8,1:7,,,0,,,,0,,,,0,,,,0,,1,2,7,9,1,,,,
asymmetric,4,642,15,bt,6,8,32768,16,39943,39943,39944,,,,39979,39946,39961,16,1:15,39962,39977,16,1:15,39963,39978,16,1:15,,,0,,,,0,,,,0,,,,0,,1,2,15,17,1,,,,
asymmetric,4,643,15,bt,6,24,32896,8,39982,39982,39983,,,,40002,39985,39992,8,1:7,39993,40000,8,1:7,39994,40001,8,1:7,,,0,,,,0,,,,0,,,,0,,1,2,7,9,1,,,,
asymmetric,4,644,15,c,0,0,35360,4,41092,41092,,41113,41112,41118,41119,,,0,,,,0,,,,0,,41094,41109,4,5:3,41096,41111,4,5:3,41097,41112,4,5:3,41113,41116,4,1:3,,,,,,20,4,2,1
asymmetric,4,645,15,c,1,0,35616,4,41122,41122,,41143,41142,41148,41149,,,0,,,,0,,,,0,,41124,41139,4,5:3,41126,41141,4,5:3,41127,41142,4,5:3,41143,41146,4,1:3,,,,,,20,4,2,1
asymmetric,4,646,15,c,2,0,35872,4,41152,41152,,41173,41172,41178,41179,,,0,,,,0,,,,0,,41154,41169,4,5:3,41156,41171,4,5:3,41157,41172,4,5:3,41173,41176,4,1:3,,,,,,20,4,2,1
asymmetric,4,647,15,c,3,0,36128,4,41182,41182,,41203,41202,41208,41209,,,0,,,,0,,,,0,,41184,41199,4,5:3,41186,41201,4,5:3,41187,41202,4,5:3,41203,41206,4,1:3,,,,,,20,4,2,1
asymmetric,4,648,15,c,4,0,36384,4,41212,41212,,41233,41232,41238,41239,,,0,,,,0,,,,0,,41214,41229,4,5:3,41216,41231,4,5:3,41217,41232,4,5:3,41233,41236,4,1:3,,,,,,20,4,2,1
asymmetric,4,649,15,c,5,0,36640,4,41242,41242,,41263,41262,41268,41269,,,0,,,,0,,,,0,,41244,41259,4,5:3,41246,41261,4,5:3,41247,41262,4,5:3,41263,41266,4,1:3,,,,,,20,4,2,1
asymmetric,4,650,15,c,6,0,36896,4,41272,41272,,41293,41292,41298,41299,,,0,,,,0,,,,0,,41274,41289,4,5:3,41276,41291,4,5:3,41277,41292,4,5:3,41293,41296,4,1:3,,,,,,20,4,2,1
asymmetric,4,651,15,c,7,0,37152,4,41302,41302,,41323,41322,41328,41329,,,0,,,,0,,,,0,,41304,41319,4,5:3,41306,41321,4,5:3,41307,41322,4,5:3,41323,41326,4,1:3,,,,,,20,4,2,1
asymmetric,4,652,16,a,0,0,4160,16,41338,41338,41339,,,,41374,41341,41356,16,1:15,41357,41372,16,1:15,41358,41373,16,1:15,,,0,,,,0,,,,0,,,,0,,1,2,15,17,1,,,,
asymmetric,4,653,16,a,0,16,4288,16,41377,41377,41378,,,,41413,41380,41395,16,1:15,41396,41411,16,1:15,41397,41412,16,1:15,,,0,,,,0,,,,0,,,,0,,1,2,15,17,1,,,,
asymmetric,4,654,16,a,1,0,4416,16,41416,41416,41417,,,,41452,41419,41434,16,1:15,41435,41450,16,1:15,41436,41451,16,1:15,,,0,,,,0,,,,0,,,,0,,1,2,15,17,1,,,,
asymmetric,4,655,16,a,1,16,4544,16,41455,41455,41456,,,,41491,41458,41473,16,1:15,41474,41489,16,1:15,41475,41490,16,1:15,,,0,,,,0,,,,0,,,,0,,1,2,15,17,1,,,,
asymmetric,4,656,16,a,2,0,4672,16,41494,41494,41495,,,,41530,41497,41512,16,1:15,41513,41528,16,1:15,41514,41529,16,1:15,,,0,,,,0,,,,0,,,,0,,1,2,15,17,1,,,,
asymmetric,4,657,16,a,2,16,4800,16,41533,41533,41534,,,,41569,41536,41551,16,1:15,41552,41567,16,1:15,41553,41568,16,1:15,,,0,,,,0,,,,0,,,,0,,1,2,15,17,1,,,,
asymmetric,4,658,16,a,3,0,4928,16,41572,41572,41573,,,,41608,41575,41590,16,1:15,41591,41606,16,1:15,41592,41607,16,1:15,,,0,,,,0,,,,0,,,,0,,1,2,15,17,1,,,,
asymmetric,4,659,16,a,3,16,5056,16,41611,41611,41612,,,,41647,41614,41629,16,1:15,41630,41645,16,1:15,41631,41646,16,1:15,,,0,,,,0,,,,0,,,,0,,1,2,15,17,1,,,,
asymmetric,4,660,16,a,4,0,5184,16,41650,41650,41651,,,,41686,41653,41668,16,1:15,41669,41684,16,1:15,41670,41685,16,1:15,,,0,,,,0,,,,0,,,,0,,1,2,15,17,1,,,,
asymmetric,4,661,16,a,4,16,5312,16,41689,41689,41690,,,,41725,41692,41707,16,1:15,41708,41723,16,1:15,41709,41724,16,1:15,,,0,,,,0,,,,0,,,,0,,1,2,15,17,1,,,,
asymmetric,4,662,16,a,5,0,5440,16,41728,41728,41729,,,,41764,41731,41746,16,1:15,41747,41762,16,1:15,41748,41763,16,1:15,,,0,,,,0,,,,0,,,,0,,1,2,15,17,1,,,,
asymmetric,4,663,16,a,5,16,5568,16,41767,41767,41768,,,,41803,41770,41785,16,1:15,41786,41801,16,1:15,41787,41802,16,1:15,,,0,,,,0,,,,0,,,,0,,1,2,15,17,1,,,,
asymmetric,4,664,16,a,6,0,5696,16,41806,41806,41807,,,,41842,41809,41824,16,1:15,41825,41840,16,1:15,41826,41841,16,1:15,,,0,,,,0,,,,0,,,,0,,1,2,15,17,1,,,,
asymmetric,4,665,16,a,6,16,5824,16,41845,41845,41846,,,,41881,41848,41863,16,1:15,41864,41879,16,1:15,41865,41880,16,1:15,,,0,,,,0,,,,0,,,,0,,1,2,15,17,1,,,,
asymmetric,4,666,16,a,7,0,5952,16,41884,41884,41885,,,,41920,41887,41902,16,1:15,41903,41918,16,1:15,41904,41919,16,1:15,,,0,,,,0,,,,0,,,,0,,1,2,15,17,1,,,,
asymmetric,4,667,16,a,7,16,6080,16,41923,41923,41924,,,,41959,41926,41941,16,1:15,41942,41957,16,1:15,41943,41958,16,1:15,,,0,,,,0,,,,0,,,,0,,1,2,15,17,1,,,,
asymmetric,4,668,16,bt,0,0,16832,16,41967,41967,41968,,,,42003,41970,41985,16,1:15,41986,42001,16,1:15,41987,42002,16,1:15,,,0,,,,0,,,,0,,,,0,,1,2,15,17,1,,,,
asymmetric,4,669,16,bt,0,16,16960,16,42006,42006,42007,,,,42042,42009,42024,16,1:15,42025,42040,16,1:15,42026,42041,16,1:15,,,0,,,,0,,,,0,,,,0,,1,2,15,17,1,,,,
asymmetric,4,670,16,bt,1,0,17088,16,42045,42045,42046,,,,42081,42048,42063,16,1:15,42064,42079,16,1:15,42065,42080,16,1:15,,,0,,,,0,,,,0,,,,0,,1,2,15,17,1,,,,
asymmetric,4,671,16,bt,1,16,17216,16,42084,42084,42085,,,,42120,42087,42102,16,1:15,42103,42118,16,1:15,42104,42119,16,1:15,,,0,,,,0,,,,0,,,,0,,1,2,15,17,1,,,,
asymmetric,4,672,16,bt,2,0,17344,16,42123,42123,42124,,,,42159,42126,42141,16,1:15,42142,42157,16,1:15,42143,42158,16,1:15,,,0,,,,0,,,,0,,,,0,,1,2,15,17,1,,,,
asymmetric,4,673,16,bt,2,16,17472,16,42162,42162,42163,,,,42198,42165,42180,16,1:15,42181,42196,16,1:15,42182,42197,16,1:15,,,0,,,,0,,,,0,,,,0,,1,2,15,17,1,,,,
asymmetric,4,674,16,bt,3,0,17600,16,42201,42201,42202,,,,42237,42204,42219,16,1:15,42220,42235,16,1:15,42221,42236,16,1:15,,,0,,,,0,,,,0,,,,0,,1,2,15,17,1,,,,
asymmetric,4,675,16,bt,3,16,17728,16,42240,42240,42241,,,,42276,42243,42258,16,1:15,42259,42274,16,1:15,42260,42275,16,1:15,,,0,,,,0,,,,0,,,,0,,1,2,15,17,1,,,,
asymmetric,4,676,16,bt,4,0,17856,16,42279,42279,42280,,,,42315,42282,42297,16,1:15,42298,42313,16,1:15,42299,42314,16,1:15,,,0,,,,0,,,,0,,,,0,,1,2,15,17,1,,,,
asymmetric,4,677,16,bt,4,16,17984,16,42318,42318,42319,,,,42354,42321,42336,16,1:15,42337,42352,16,1:15,42338,42353,16,1:15,,,0,,,,0,,,,0,,,,0,,1,2,15,17,1,,,,
asymmetric,4,678,16,bt,5,0,18112,16,42357,42357,42358,,,,42393,42360,42375,16,1:15,42376,42391,16,1:15,42377,42392,16,1:15,,,0,,,,0,,,,0,,,,0,,1,2,15,17,1,,,,
asymmetric,4,679,16,bt,5,16,18240,16,42396,42396,42397,,,,42432,42399,42414,16,1:15,42415,42430,16,1:15,42416,42431,16,1:15,,,0,,,,0,,,,0,,,,0,,1,2,15,17,1,,,,
asymmetric,4,680,16,bt,6,0,18368,16,42435,42435,42436,,,,42471,42438,42453,16,1:15,42454,42469,16,1:15,42455,42470,16,1:15,,,0,,,,0,,,,0,,,,0,,1,2,15,17,1,,,,
asymmetric,4,681,16,bt,6,16,18496,16,42474,42474,42475,,,,42510,42477,42492,16,1:15,42493,42508,16,1:15,42494,42509,16,1:15,,,0,,,,0,,,,0,,,,0,,1,2,15,17,1,,,,
asymmetric,4,682,16,bt,7,0,18624,16,42513,42513,42514,,,,42549,42516,42531,16,1:15,42532,42547,16,1:15,42533,42548,16,1:15,,,0,,,,0,,,,0,,,,0,,1,2,15,17,1,,,,
asymmetric,4,683,16,bt,7,16,18752,16,42552,42552,42553,,,,42588,42555,42570,16,1:15,42571,42586,16,1:15,42572,42587,16,1:15,,,0,,,,0,,,,0,,,,0,,1,2,15,17,1,,,,
asymmetric,4,684,16,c,0,0,37184,4,43678,43678,,43699,43698,43704,43705,,,0,,,,0,,,,0,,43680,43695,4,5:3,43682,43697,4,5:3,43683,43698,4,5:3,43699,43702,4,1:3,,,,,,20,4,2,1
asymmetric,4,685,16,c,1,0,37440,4,43708,43708,,43729,43728,43734,43735,,,0,,,,0,,,,0,,43710,43725,4,5:3,43712,43727,4,5:3,43713,43728,4,5:3,43729,43732,4,1:3,,,,,,20,4,2,1
asymmetric,4,686,16,c,2,0,37696,4,43738,43738,,43759,43758,43764,43765,,,0,,,,0,,,,0,,43740,43755,4,5:3,43742,43757,4,5:3,43743,43758,4,5:3,43759,43762,4,1:3,,,,,,20,4,2,1
asymmetric,4,687,16,c,3,0,37952,4,43768,43768,,43789,43788,43794,43795,,,0,,,,0,,,,0,,43770,43785,4,5:3,43772,43787,4,5:3,43773,43788,4,5:3,43789,43792,4,1:3,,,,,,20,4,2,1
asymmetric,4,688,16,c,4,0,38208,4,43798,43798,,43819,43818,43824,43825,,,0,,,,0,,,,0,,43800,43815,4,5:3,43802,43817,4,5:3,43803,43818,4,5:3,43819,43822,4,1:3,,,,,,20,4,2,1
asymmetric,4,689,16,c,5,0,38464,4,43828,43828,,43849,43848,43854,43855,,,0,,,,0,,,,0,,43830,43845,4,5:3,43832,43847,4,5:3,43833,43848,4,5:3,43849,43852,4,1:3,,,,,,20,4,2,1
asymmetric,4,690,16,c,6,0,38720,4,43858,43858,,43879,43878,43884,43885,,,0,,,,0,,,,0,,43860,43875,4,5:3,43862,43877,4,5:3,43863,43878,4,5:3,43879,43882,4,1:3,,,,,,20,4,2,1
asymmetric,4,691,16,c,7,0,38976,4,43888,43888,,43909,43908,43914,43915,,,0,,,,0,,,,0,,43890,43905,4,5:3,43892,43907,4,5:3,43893,43908,4,5:3,43909,43912,4,1:3,,,,,,20,4,2,1
asymmetric,4,692,17,a,0,0,4160,16,43924,43924,43925,,,,43960,43927,43942,16,1:15,43943,43958,16,1:15,43944,43959,16,1:15,,,0,,,,0,,,,0,,,,0,,1,2,15,17,1,,,,
asymmetric,4,693,17,a,0,16,4288,16,43963,43963,43964,,,,43999,43966,43981,16,1:15,43982,43997,16,1:15,43983,43998,16,1:15,,,0,,,,0,,,,0,,,,0,,1,2,15,17,1,,,,
asymmetric,4,694,17,a,1,0,4416,16,44002,44002,44003,,,,44038,44005,44020,16,1:15,44021,44036,16,1:15,44022,44037,16,1:15,,,0,,,,0,,,,0,,,,0,,1,2,15,17,1,,,,
asymmetric,4,695,17,a,1,16,4544,16,44041,44041,44042,,,,44077,44044,44059,16,1:15,44060,44075,16,1:15,44061,44076,16,1:15,,,0,,,,0,,,,0,,,,0,,1,2,15,17,1,,,,
asymmetric,4,696,17,a,2,0,4672,16,44080,44080,44081,,,,44116,44083,44098,16,1:15,44099,44114,16,1:15,44100,44115,16,1:15,,,0,,,,0,,,,0,,,,0,,1,2,15,17,1,,,,
asymmetric,4,697,17,a,2,16,4800,16,44119,44119,44120,,,,44155,44122,44137,16,1:15,44138,44153,16,1:15,44139,44154,16,1:15,,,0,,,,0,,,,0,,,,0,,1,2,15,17,1,,,,
asymmetric,4,698,17,a,3,0,4928,16,44158,44158,44159,,,,44194,44161,44176,16,1:15,44177,44192,16,1:15,44178,44193,16,1:15,,,0,,,,0,,,,0,,,,0,,1,2,15,17,1,,,,
asymmetric,4,699,17,a,3,16,5056,16,44197,44197,44198,,,,44233,44200,44215,16,1:15,44216,44231,16,1:15,44217,44232,16,1:15,,,0,,,,0,,,,0,,,,0,,1,2,15,17,1,,,,
asymmetric,4,700,17,a,4,0,5184,16,44236,44236,44237,,,,44272,44239,44254,16,1:15,44255,44270,16,1:15,44256,44271,16,1:15,,,0,,,,0,,,,0,,,,0,,1,2,15,17,1,,,,
asymmetric,4,701,17,a,4,16,5312,16,44275,44275,44276,,,,44311,44278,44293,16,1:15,44294,44309,16,1:15,44295,44310,16,1:15,,,0,,,,0,,,,0,,,,0,,1,2,15,17,1,,,,
asymmetric,4,702,17,a,5,0,5440,16,44314,44314,44315,,,,44350,44317,44332,16,1:15,44333,44348,16,1:15,44334,44349,16,1:15,,,0,,,,0,,,,0,,,,0,,1,2,15,17,1,,,,
asymmetric,4,703,17,a,5,16,5568,16,44353,44353,44354,,,,44389,44356,44371,16,1:15,44372,44387,16,1:15,44373,44388,16,1:15,,,0,,,,0,,,,0,,,,0,,1,2,15,17,1,,,,
asymmetric,4,704,17,a,6,0,5696,16,44392,44392,44393,,,,44428,44395,44410,16,1:15,44411,44426,16,1:15,44412,44427,16,1:15,,,0,,,,0,,,,0,,,,0,,1,2,15,17,1,,,,
asymmetric,4,705,17,a,6,16,5824,16,44431,44431,44432,,,,44467,44434,44449,16,1:15,44450,44465,16,1:15,44451,44466,16,1:15,,,0,,,,0,,,,0,,,,0,,1,2,15,17,1,,,,
asymmetric,4,706,17,a,7,0,5952,16,44470,44470,44471,,,,44506,44473,44488,16,1:15,44489,44504,16,1:15,44490,44505,16,1:15,,,0,,,,0,,,,0,,,,0,,1,2,15,17,1,,,,
asymmetric,4,707,17,a,7,16,6080,16,44509,44509,44510,,,,44545,44512,44527,16,1:15,44528,44543,16,1:15,44529,44544,16,1:15,,,0,,,,0,,,,0,,,,0,,1,2,15,17,1,,,,
asymmetric,4,708,17,bt,0,0,18880,16,44553,44553,44554,,,,44589,44556,44571,16,1:15,44572,44587,16,1:15,44573,44588,16,1:15,,,0,,,,0,,,,0,,,,0,,1,2,15,17,1,,,,
asymmetric,4,709,17,bt,0,16,19008,16,44592,44592,44593,,,,44628,44595,44610,16,1:15,44611,44626,16,1:15,44612,44627,16,1:15,,,0,,,,0,,,,0,,,,0,,1,2,15,17,1,,,,
asymmetric,4,710,17,bt,1,0,19136,16,44631,44631,44632,,,,44667,44634,44649,16,1:15,44650,44665,16,1:15,44651,44666,16,1:15,,,0,,,,0,,,,0,,,,0,,1,2,15,17,1,,,,
asymmetric,4,711,17,bt,1,16,19264,16,44670,44670,44671,,,,44706,44673,44688,16,1:15,44689,44704,16,1:15,44690,44705,16,1:15,,,0,,,,0,,,,0,,,,0,,1,2,15,17,1,,,,
asymmetric,4,712,17,bt,2,0,19392,16,44709,44709,44710,,,,44745,44712,44727,16,1:15,44728,44743,16,1:15,44729,44744,16,1:15,,,0,,,,0,,,,0,,,,0,,1,2,15,17,1,,,,
asymmetric,4,713,17,bt,2,16,19520,16,44748,44748,44749,,,,44784,44751,44766,16,1:15,44767,44782,16,1:15,44768,44783,16,1:15,,,0,,,,0,,,,0,,,,0,,1,2,15,17,1,,,,
asymmetric,4,714,17,bt,3,0,19648,16,44787,44787,44788,,,,44823,44790,44805,16,1:15,44806,44821,16,1:15,44807,44822,16,1:15,,,0,,,,0,,,,0,,,,0,,1,2,15,17,1,,,,
asymmetric,4,715,17,bt,3,16,19776,16,44826,44826,44827,,,,44862,44829,44844,16,1:15,44845,44860,16,1:15,44846,44861,16,1:15,,,0,,,,0,,,,0,,,,0,,1,2,15,17,1,,,,
asymmetric,4,716,17,bt,4,0,19904,16,44865,44865,44866,,,,44901,44868,44883,16,1:15,44884,44899,16,1:15,44885,44900,16,1:15,,,0,,,,0,,,,0,,,,0,,1,2,15,17,1,,,,
asymmetric,4,717,17,bt,4,16,20032,16,44904,44904,44905,,,,44940,44907,44922,16,1:15,44923,44938,16,1:15,44924,44939,16,1:15,,,0,,,,0,,,,0,,,,0,,1,2,15,17,1,,,,
asymmetric,4,718,17,bt,5,0,20160,16,44943,44943,44944,,,,44979,44946,44961,16,1:15,44962,44977,16,1:15,44963,44978,16,1:15,,,0,,,,0,,,,0,,,,0,,1,2,15,17,1,,,,
asymmetric,4,719,17,bt,5,16,20288,16,44982,44982,44983,,,,45018,44985,45000,16,1:15,45001,45016,16,1:15,45002,45017,16,1:15,,,0,,,,0,,,,0,,,,0,,1,2,15,17,1,,,,
asymmetric,4,720,17,bt,6,0,20416,8,45021,45021,45022,,,,45041,45024,45031,8,1:7,45032,45039,8,1:7,45033,45040,8,1:7,,,0,,,,0,,,,0,,,,0,,1,2,7,9,1,,,,
asymmetric,4,721,17,bt,6,8,20480,16,45044,45044,45045,,,,45080,45047,45062,16,1:15,45063,45078,16,1:15,45064,45079,16,1:15,,,0,,,,0,,,,0,,,,0,,1,2,15,17,1,,,,
asymmetric,4,722,17,bt,6,24,20608,8,45083,45083,45084,,,,45103,45086,45093,8,1:7,45094,45101,8,1:7,45095,45102,8,1:7,,,0,,,,0,,,,0,,,,0,,1,2,7,9,1,,,,
asymmetric,4,723,17,bt,7,0,20672,16,45106,45106,45107,,,,45142,45109,45124,16,1:15,45125,45140,16,1:15,45126,45141,16,1:15,,,0,,,,0,,,,0,,,,0,,1,2,15,17,1,,,,
asymmetric,4,724,17,bt,7,16,20800,16,45145,45145,45146,,,,45181,45148,45163,16,1:15,45164,45179,16,1:15,45165,45180,16,1:15,,,0,,,,0,,,,0,,,,0,,1,2,15,17,1,,,,
asymmetric,4,725,17,c,0,0,37216,4,46271,46271,,46292,46291,46297,46298,,,0,,,,0,,,,0,,46273,46288,4,5:3,46275,46290,4,5:3,46276,46291,4,5:3,46292,46295,4,1:3,,,,,,20,4,2,1
asymmetric,4,726,17,c,1,0,37472,4,46301,46301,,46322,46321,46327,46328,,,0,,,,0,,,,0,,46303,46318,4,5:3,46305,46320,4,5:3,46306,46321,4,5:3,46322,46325,4,1:3,,,,,,20,4,2,1
asymmetric,4,727,17,c,2,0,37728,4,46331,46331,,46352,46351,46357,46358,,,0,,,,0,,,,0,,46333,46348,4,5:3,46335,46350,4,5:3,46336,46351,4,5:3,46352,46355,4,1:3,,,,,,20,4,2,1
asymmetric,4,728,17,c,3,0,37984,4,46361,46361,,46382,46381,46387,46388,,,0,,,,0,,,,0,,46363,46378,4,5:3,46365,46380,4,5:3,46366,46381,4,5:3,46382,46385,4,1:3,,,,,,20,4,2,1
asymmetric,4,729,17,c,4,0,38240,4,46391,46391,,46412,46411,46417,46418,,,0,,,,0,,,,0,,46393,46408,4,5:3,46395,46410,4,5:3,46396,46411,4,5:3,46412,46415,4,1:3,,,,,,20,4,2,1
asymmetric,4,730,17,c,5,0,38496,4,46421,46421,,46442,46441,46447,46448,,,0,,,,0,,,,0,,46423,46438,4,5:3,46425,46440,4,5:3,46426,46441,4,5:3,46442,46445,4,1:3,,,,,,20,4,2,1
asymmetric,4,731,17,c,6,0,38752,4,46451,46451,,46472,46471,46477,46478,,,0,,,,0,,,,0,,46453,46468,4,5:3,46455,46470,4,5:3,46456,46471,4,5:3,46472,46475,4,1:3,,,,,,20,4,2,1
asymmetric,4,732,17,c,7,0,39008,4,46481,46481,,46502,46501,46507,46508,,,0,,,,0,,,,0,,46483,46498,4,5:3,46485,46500,4,5:3,46486,46501,4,5:3,46502,46505,4,1:3,,,,,,20,4,2,1
asymmetric,4,733,18,a,0,0,4160,16,46517,46517,46518,,,,46553,46520,46535,16,1:15,46536,46551,16,1:15,46537,46552,16,1:15,,,0,,,,0,,,,0,,,,0,,1,2,15,17,1,,,,
asymmetric,4,734,18,a,0,16,4288,16,46556,46556,46557,,,,46592,46559,46574,16,1:15,46575,46590,16,1:15,46576,46591,16,1:15,,,0,,,,0,,,,0,,,,0,,1,2,15,17,1,,,,
asymmetric,4,735,18,a,1,0,4416,16,46595,46595,46596,,,,46631,46598,46613,16,1:15,46614,46629,16,1:15,46615,46630,16,1:15,,,0,,,,0,,,,0,,,,0,,1,2,15,17,1,,,,
asymmetric,4,736,18,a,1,16,4544,16,46634,46634,46635,,,,46670,46637,46652,16,1:15,46653,46668,16,1:15,46654,46669,16,1:15,,,0,,,,0,,,,0,,,,0,,1,2,15,17,1,,,,
asymmetric,4,737,18,a,2,0,4672,16,46673,46673,46674,,,,46709,46676,46691,16,1:15,46692,46707,16,1:15,46693,46708,16,1:15,,,0,,,,0,,,,0,,,,0,,1,2,15,17,1,,,,
asymmetric,4,738,18,a,2,16,4800,16,46712,46712,46713,,,,46748,46715,46730,16,1:15,46731,46746,16,1:15,46732,46747,16,1:15,,,0,,,,0,,,,0,,,,0,,1,2,15,17,1,,,,
asymmetric,4,739,18,a,3,0,4928,16,46751,46751,46752,,,,46787,46754,46769,16,1:15,46770,46785,16,1:15,46771,46786,16,1:15,,,0,,,,0,,,,0,,,,0,,1,2,15,17,1,,,,
asymmetric,4,740,18,a,3,16,5056,16,46790,46790,46791,,,,46826,46793,46808,16,1:15,46809,46824,16,1:15,46810,46825,16,1:15,,,0,,,,0,,,,0,,,,0,,1,2,15,17,1,,,,
asymmetric,4,741,18,a,4,0,5184,16,46829,46829,46830,,,,46865,46832,46847,16,1:15,46848,46863,16,1:15,46849,46864,16,1:15,,,0,,,,0,,,,0,,,,0,,1,2,15,17,1,,,,
asymmetric,4,742,18,a,4,16,5312,16,46868,46868,46869,,,,46904,46871,46886,16,1:15,46887,46902,16,1:15,46888,46903,16,1:15,,,0,,,,0,,,,0,,,,0,,1,2,15,17,1,,,,
asymmetric,4,743,18,a,5,0,5440,16,46907,46907,46908,,,,46943,46910,46925,16,1:15,46926,46941,16,1:15,46927,46942,16,1:15,,,0,,,,0,,,,0,,,,0,,1,2,15,17,1,,,,
asymmetric,4,744,18,a,5,16,5568,16,46946,46946,46947,,,,46982,46949,46964,16,1:15,46965,46980,16,1:15,46966,46981,16,1:15,,,0,,,,0,,,,0,,,,0,,1,2,15,17,1,,,,
asymmetric,4,745,18,a,6,0,5696,16,46985,46985,46986,,,,47021,46988,47003,16,1:15,47004,47019,16,1:15,47005,47020,16,1:15,,,0,,,,0,,,,0,,,,0,,1,2,15,17,1,,,,
asymmetric,4,746,18,a,6,16,5824,16,47024,47024,47025,,,,47060,47027,47042,16,1:15,47043,47058,16,1:15,47044,47059,16,1:15,,,0,,,,0,,,,0,,,,0,,1,2,15,17,1,,,,
asymmetric,4,747,18,a,7,0,5952,16,47063,47063,47064,,,,47099,47066,47081,16,1:15,47082,47097,16,1:15,47083,47098,16,1:15,,,0,,,,0,,,,0,,,,0,,1,2,15,17,1,,,,
asymmetric,4,748,18,a,7,16,6080,16,47102,47102,47103,,,,47138,47105,47120,16,1:15,47121,47136,16,1:15,47122,47137,16,1:15,,,0,,,,0,,,,0,,,,0,,1,2,15,17,1,,,,
asymmetric,4,749,18,bt,0,0,20928,16,47146,47146,47147,,,,47182,47149,47164,16,1:15,47165,47180,16,1:15,47166,47181,16,1:15,,,0,,,,0,,,,0,,,,0,,1,2,15,17,1,,,,
asymmetric,4,750,18,bt,0,16,21056,16,47185,47185,47186,,,,47221,47188,47203,16,1:15,47204,47219,16,1:15,47205,47220,16,1:15,,,0,,,,0,,,,0,,,,0,,1,2,15,17,1,,,,
asymmetric,4,751,18,bt,1,0,21184,16,47224,47224,47225,,,,47260,47227,47242,16,1:15,47243,47258,16,1:15,47244,47259,16,1:15,,,0,,,,0,,,,0,,,,0,,1,2,15,17,1,,,,
asymmetric,4,752,18,bt,1,16,21312,16,47263,47263,47264,,,,47299,47266,47281,16,1:15,47282,47297,16,1:15,47283,47298,16,1:15,,,0,,,,0,,,,0,,,,0,,1,2,15,17,1,,,,
asymmetric,4,753,18,bt,2,0,21440,16,47302,47302,47303,,,,47338,47305,47320,16,1:15,47321,47336,16,1:15,47322,47337,16,1:15,,,0,,,,0,,,,0,,,,0,,1,2,15,17,1,,,,
asymmetric,4,754,18,bt,2,16,21568,16,47341,47341,47342,,,,47377,47344,47359,16,1:15,47360,47375,16,1:15,47361,47376,16,1:15,,,0,,,,0,,,,0,,,,0,,1,2,15,17,1,,,,
asymmetric,4,755,18,bt,3,0,21696,16,47380,47380,47381,,,,47416,47383,47398,16,1:15,47399,47414,16,1:15,47400,47415,16,1:15,,,0,,,,0,,,,0,,,,0,,1,2,15,17,1,,,,
asymmetric,4,756,18,bt,3,16,21824,16,47419,47419,47420,,,,47455,47422,47437,16,1:15,47438,47453,16,1:15,47439,47454,16,1:15,,,0,,,,0,,,,0,,,,0,,1,2,15,17,1,,,,
asymmetric,4,757,18,bt,4,0,21952,16,47458,47458,47459,,,,47494,47461,47476,16,1:15,47477,47492,16,1:15,47478,47493,16,1:15,,,0,,,,0,,,,0,,,,0,,1,2,15,17,1,,,,
asymmetric,4,758,18,bt,4,16,22080,16,47497,47497,47498,,,,47533,47500,47515,16,1:15,47516,47531,16,1:15,47517,47532,16,1:15,,,0,,,,0,,,,0,,,,0,,1,2,15,17,1,,,,
asymmetric,4,759,18,bt,5,0,22208,16,47536,47536,47537,,,,47572,47539,47554,16,1:15,47555,47570,16,1:15,47556,47571,16,1:15,,,0,,,,0,,,,0,,,,0,,1,2,15,17,1,,,,
asymmetric,4,760,18,bt,5,16,22336,16,47575,47575,47576,,,,47611,47578,47593,16,1:15,47594,47609,16,1:15,47595,47610,16,1:15,,,0,,,,0,,,,0,,,,0,,1,2,15,17,1,,,,
asymmetric,4,761,18,bt,6,0,22464,16,47614,47614,47615,,,,47650,47617,47632,16,1:15,47633,47648,16,1:15,47634,47649,16,1:15,,,0,,,,0,,,,0,,,,0,,1,2,15,17,1,,,,
asymmetric,4,762,18,bt,6,16,22592,16,47653,47653,47654,,,,47689,47656,47671,16,1:15,47672,47687,16,1:15,47673,47688,16,1:15,,,0,,,,0,,,,0,,,,0,,1,2,15,17,1,,,,
asymmetric,4,763,18,bt,7,0,22720,16,47692,47692,47693,,,,47728,47695,47710,16,1:15,47711,47726,16,1:15,47712,47727,16,1:15,,,0,,,,0,,,,0,,,,0,,1,2,15,17,1,,,,
asymmetric,4,764,18,bt,7,16,22848,16,47731,47731,47732,,,,47767,47734,47749,16,1:15,47750,47765,16,1:15,47751,47766,16,1:15,,,0,,,,0,,,,0,,,,0,,1,2,15,17,1,,,,
asymmetric,4,765,18,c,0,0,37248,4,48857,48857,,48878,48877,48883,48884,,,0,,,,0,,,,0,,48859,48874,4,5:3,48861,48876,4,5:3,48862,48877,4,5:3,48878,48881,4,1:3,,,,,,20,4,2,1
asymmetric,4,766,18,c,1,0,37504,4,48887,48887,,48908,48907,48913,48914,,,0,,,,0,,,,0,,48889,48904,4,5:3,48891,48906,4,5:3,48892,48907,4,5:3,48908,48911,4,1:3,,,,,,20,4,2,1
asymmetric,4,767,18,c,2,0,37760,4,48917,48917,,48938,48937,48943,48944,,,0,,,,0,,,,0,,48919,48934,4,5:3,48921,48936,4,5:3,48922,48937,4,5:3,48938,48941,4,1:3,,,,,,20,4,2,1
asymmetric,4,768,18,c,3,0,38016,4,48947,48947,,48968,48967,48973,48974,,,0,,,,0,,,,0,,48949,48964,4,5:3,48951,48966,4,5:3,48952,48967,4,5:3,48968,48971,4,1:3,,,,,,20,4,2,1
asymmetric,4,769,18,c,4,0,38272,4,48977,48977,,48998,48997,49003,49004,,,0,,,,0,,,,0,,48979,48994,4,5:3,48981,48996,4,5:3,48982,48997,4,5:3,48998,49001,4,1:3,,,,,,20,4,2,1
asymmetric,4,770,18,c,5,0,38528,4,49007,49007,,49028,49027,49033,49034,,,0,,,,0,,,,0,,49009,49024,4,5:3,49011,49026,4,5:3,49012,49027,4,5:3,49028,49031,4,1:3,,,,,,20,4,2,1
asymmetric,4,771,18,c,6,0,38784,4,49037,49037,,49058,49057,49063,49064,,,0,,,,0,,,,0,,49039,49054,4,5:3,49041,49056,4,5:3,49042,49057,4,5:3,49058,49061,4,1:3,,,,,,20,4,2,1
asymmetric,4,772,18,c,7,0,39040,4,49067,49067,,49088,49087,49093,49094,,,0,,,,0,,,,0,,49069,49084,4,5:3,49071,49086,4,5:3,49072,49087,4,5:3,49088,49091,4,1:3,,,,,,20,4,2,1
asymmetric,4,773,19,a,0,0,4160,16,49103,49103,49104,,,,49139,49106,49121,16,1:15,49122,49137,16,1:15,49123,49138,16,1:15,,,0,,,,0,,,,0,,,,0,,1,2,15,17,1,,,,
asymmetric,4,774,19,a,0,16,4288,16,49142,49142,49143,,,,49178,49145,49160,16,1:15,49161,49176,16,1:15,49162,49177,16,1:15,,,0,,,,0,,,,0,,,,0,,1,2,15,17,1,,,,
asymmetric,4,775,19,a,1,0,4416,16,49181,49181,49182,,,,49217,49184,49199,16,1:15,49200,49215,16,1:15,49201,49216,16,1:15,,,0,,,,0,,,,0,,,,0,,1,2,15,17,1,,,,
asymmetric,4,776,19,a,1,16,4544,16,49220,49220,49221,,,,49256,49223,49238,16,1:15,49239,49254,16,1:15,49240,49255,16,1:15,,,0,,,,0,,,,0,,,,0,,1,2,15,17,1,,,,
asymmetric,4,777,19,a,2,0,4672,16,49259,49259,49260,,,,49295,49262,49277,16,1:15,49278,49293,16,1:15,49279,49294,16,1:15,,,0,,,,0,,,,0,,,,0,,1,2,15,17,1,,,,
asymmetric,4,778,19,a,2,16,4800,16,49298,49298,49299,,,,49334,49301,49316,16,1:15,49317,49332,16,1:15,49318,49333,16,1:15,,,0,,,,0,,,,0,,,,0,,1,2,15,17,1,,,,
asymmetric,4,779,19,a,3,0,4928,16,49337,49337,49338,,,,49373,49340,49355,16,1:15,49356,49371,16,1:15,49357,49372,16,1:15,,,0,,,,0,,,,0,,,,0,,1,2,15,17,1,,,,
asymmetric,4,780,19,a,3,16,5056,16,49376,49376,49377,,,,49412,49379,49394,16,1:15,49395,49410,16,1:15,49396,49411,16,1:15,,,0,,,,0,,,,0,,,,0,,1,2,15,17,1,,,,
asymmetric,4,781,19,a,4,0,5184,16,49415,49415,49416,,,,49451,49418,49433,16,1:15,49434,49449,16,1:15,49435,49450,16,1:15,,,0,,,,0,,,,0,,,,0,,1,2,15,17,1,,,,
asymmetric,4,782,19,a,4,16,5312,16,49454,49454,49455,,,,49490,49457,49472,16,1:15,49473,49488,16,1:15,49474,49489,16,1:15,,,0,,,,0,,,,0,,,,0,,1,2,15,17,1,,,,
asymmetric,4,783,19,a,5,0,5440,16,49493,49493,49494,,,,49529,49496,49511,16,1:15,49512,49527,16,1:15,49513,49528,16,1:15,,,0,,,,0,,,,0,,,,0,,1,2,15,17,1,,,,
asymmetric,4,784,19,a,5,16,5568,16,49532,49532,49533,,,,49568,49535,49550,16,1:15,49551,49566,16,1:15,49552,49567,16,1:15,,,0,,,,0,,,,0,,,,0,,1,2,15,17,1,,,,
asymmetric,4,785,19,a,6,0,5696,16,49571,49571,49572,,,,49607,49574,49589,16,1:15,49590,49605,16,1:15,49591,49606,16,1:15,,,0,,,,0,,,,0,,,,0,,1,2,15,17,1,,,,
asymmetric,4,786,19,a,6,16,5824,16,49610,49610,49611,,,,49646,49613,49628,16,1:15,49629,49644,16,1:15,49630,49645,16,1:15,,,0,,,,0,,,,0,,,,0,,1,2,15,17,1,,,,
asymmetric,4,787,19,a,7,0,5952,16,49649,49649,49650,,,,49685,49652,49667,16,1:15,49668,49683,16,1:15,49669,49684,16,1:15,,,0,,,,0,,,,0,,,,0,,1,2,15,17,1,,,,
asymmetric,4,788,19,a,7,16,6080,16,49688,49688,49689,,,,49724,49691,49706,16,1:15,49707,49722,16,1:15,49708,49723,16,1:15,,,0,,,,0,,,,0,,,,0,,1,2,15,17,1,,,,
asymmetric,4,789,19,bt,0,0,22976,16,49732,49732,49733,,,,49768,49735,49750,16,1:15,49751,49766,16,1:15,49752,49767,16,1:15,,,0,,,,0,,,,0,,,,0,,1,2,15,17,1,,,,
asymmetric,4,790,19,bt,0,16,23104,16,49771,49771,49772,,,,49807,49774,49789,16,1:15,49790,49805,16,1:15,49791,49806,16,1:15,,,0,,,,0,,,,0,,,,0,,1,2,15,17,1,,,,
asymmetric,4,791,19,bt,1,0,23232,16,49810,49810,49811,,,,49846,49813,49828,16,1:15,49829,49844,16,1:15,49830,49845,16,1:15,,,0,,,,0,,,,0,,,,0,,1,2,15,17,1,,,,
asymmetric,4,792,19,bt,1,16,23360,16,49849,49849,49850,,,,49885,49852,49867,16,1:15,49868,49883,16,1:15,49869,49884,16,1:15,,,0,,,,0,,,,0,,,,0,,1,2,15,17,1,,,,
asymmetric,4,793,19,bt,2,0,23488,16,49888,49888,49889,,,,49924,49891,49906,16,1:15,49907,49922,16,1:15,49908,49923,16,1:15,,,0,,,,0,,,,0,,,,0,,1,2,15,17,1,,,,
asymmetric,4,794,19,bt,2,16,23616,16,49927,49927,49928,,,,49963,49930,49945,16,1:15,49946,49961,16,1:15,49947,49962,16,1:15,,,0,,,,0,,,,0,,,,0,,1,2,15,17,1,,,,
asymmetric,4,795,19,bt,3,0,23744,16,49966,49966,49967,,,,50002,49969,49984,16,1:15,49985,50000,16,1:15,49986,50001,16,1:15,,,0,,,,0,,,,0,,,,0,,1,2,15,17,1,,,,
asymmetric,4,796,19,bt,3,16,23872,16,50005,50005,50006,,,,50041,50008,50023,16,1:15,50024,50039,16,1:15,50025,50040,16,1:15,,,0,,,,0,,,,0,,,,0,,1,2,15,17,1,,,,
asymmetric,4,797,19,bt,4,0,24000,16,50044,50044,50045,,,,50080,50047,50062,16,1:15,50063,50078,16,1:15,50064,50079,16,1:15,,,0,,,,0,,,,0,,,,0,,1,2,15,17,1,,,,
asymmetric,4,798,19,bt,4,16,24128,16,50083,50083,50084,,,,50119,50086,50101,16,1:15,50102,50117,16,1:15,50103,50118,16,1:15,,,0,,,,0,,,,0,,,,0,,1,2,15,17,1,,,,
asymmetric,4,799,19,bt,5,0,24256,16,50122,50122,50123,,,,50158,50125,50140,16,1:15,50141,50156,16,1:15,50142,50157,16,1:15,,,0,,,,0,,,,0,,,,0,,1,2,15,17,1,,,,
asymmetric,4,800,19,bt,5,16,24384,16,50161,50161,50162,,,,50197,50164,50179,16,1:15,50180,50195,16,1:15,50181,50196,16,1:15,,,0,,,,0,,,,0,,,,0,,1,2,15,17,1,,,,
asymmetric,4,801,19,bt,6,0,24512,8,50200,50200,50201,,,,50220,50203,50210,8,1:7,50211,50218,8,1:7,50212,50219,8,1:7,,,0,,,,0,,,,0,,,,0,,1,2,7,9,1,,,,
asymmetric,4,802,19,bt,6,8,24576,16,50223,50223,50224,,,,50259,50226,50241,16,1:15,50242,50257,16,1:15,50243,50258,16,1:15,,,0,,,,0,,,,0,,,,0,,1,2,15,17,1,,,,
asymmetric,4,803,19,bt,6,24,24704,8,50262,50262,50263,,,,50282,50265,50272,8,1:7,50273,50280,8,1:7,50274,50281,8,1:7,,,0,,,,0,,,,0,,,,0,,1,2,7,9,1,,,,
asymmetric,4,804,19,bt,7,0,24768,16,50285,50285,50286,,,,50321,50288,50303,16,1:15,50304,50319,16,1:15,50305,50320,16,1:15,,,0,,,,0,,,,0,,,,0,,1,2,15,17,1,,,,
asymmetric,4,805,19,bt,7,16,24896,16,50324,50324,50325,,,,50360,50327,50342,16,1:15,50343,50358,16,1:15,50344,50359,16,1:15,,,0,,,,0,,,,0,,,,0,,1,2,15,17,1,,,,
asymmetric,4,806,19,c,0,0,37280,4,51450,51450,,51471,51470,51476,51477,,,0,,,,0,,,,0,,51452,51467,4,5:3,51454,51469,4,5:3,51455,51470,4,5:3,51471,51474,4,1:3,,,,,,20,4,2,1
asymmetric,4,807,19,c,1,0,37536,4,51480,51480,,51501,51500,51506,51507,,,0,,,,0,,,,0,,51482,51497,4,5:3,51484,51499,4,5:3,51485,51500,4,5:3,51501,51504,4,1:3,,,,,,20,4,2,1
asymmetric,4,808,19,c,2,0,37792,4,51510,51510,,51531,51530,51536,51537,,,0,,,,0,,,,0,,51512,51527,4,5:3,51514,51529,4,5:3,51515,51530,4,5:3,51531,51534,4,1:3,,,,,,20,4,2,1
asymmetric,4,809,19,c,3,0,38048,4,51540,51540,,51561,51560,51566,51567,,,0,,,,0,,,,0,,51542,51557,4,5:3,51544,51559,4,5:3,51545,51560,4,5:3,51561,51564,4,1:3,,,,,,20,4,2,1
asymmetric,4,810,19,c,4,0,38304,4,51570,51570,,51591,51590,51596,51597,,,0,,,,0,,,,0,,51572,51587,4,5:3,51574,51589,4,5:3,51575,51590,4,5:3,51591,51594,4,1:3,,,,,,20,4,2,1
asymmetric,4,811,19,c,5,0,38560,4,51600,51600,,51621,51620,51626,51627,,,0,,,,0,,,,0,,51602,51617,4,5:3,51604,51619,4,5:3,51605,51620,4,5:3,51621,51624,4,1:3,,,,,,20,4,2,1
asymmetric,4,812,19,c,6,0,38816,4,51630,51630,,51651,51650,51656,51657,,,0,,,,0,,,,0,,51632,51647,4,5:3,51634,51649,4,5:3,51635,51650,4,5:3,51651,51654,4,1:3,,,,,,20,4,2,1
asymmetric,4,813,19,c,7,0,39072,4,51660,51660,,51681,51680,51686,51687,,,0,,,,0,,,,0,,51662,51677,4,5:3,51664,51679,4,5:3,51665,51680,4,5:3,51681,51684,4,1:3,,,,,,20,4,2,1
asymmetric,4,814,20,a,0,0,4160,16,51696,51696,51697,,,,51732,51699,51714,16,1:15,51715,51730,16,1:15,51716,51731,16,1:15,,,0,,,,0,,,,0,,,,0,,1,2,15,17,1,,,,
asymmetric,4,815,20,a,0,16,4288,16,51735,51735,51736,,,,51771,51738,51753,16,1:15,51754,51769,16,1:15,51755,51770,16,1:15,,,0,,,,0,,,,0,,,,0,,1,2,15,17,1,,,,
asymmetric,4,816,20,a,1,0,4416,16,51774,51774,51775,,,,51810,51777,51792,16,1:15,51793,51808,16,1:15,51794,51809,16,1:15,,,0,,,,0,,,,0,,,,0,,1,2,15,17,1,,,,
asymmetric,4,817,20,a,1,16,4544,16,51813,51813,51814,,,,51849,51816,51831,16,1:15,51832,51847,16,1:15,51833,51848,16,1:15,,,0,,,,0,,,,0,,,,0,,1,2,15,17,1,,,,
asymmetric,4,818,20,a,2,0,4672,16,51852,51852,51853,,,,51888,51855,51870,16,1:15,51871,51886,16,1:15,51872,51887,16,1:15,,,0,,,,0,,,,0,,,,0,,1,2,15,17,1,,,,
asymmetric,4,819,20,a,2,16,4800,16,51891,51891,51892,,,,51927,51894,51909,16,1:15,51910,51925,16,1:15,51911,51926,16,1:15,,,0,,,,0,,,,0,,,,0,,1,2,15,17,1,,,,
asymmetric,4,820,20,a,3,0,4928,16,51930,51930,51931,,,,51966,51933,51948,16,1:15,51949,51964,16,1:15,51950,51965,16,1:15,,,0,,,,0,,,,0,,,,0,,1,2,15,17,1,,,,
asymmetric,4,821,20,a,3,16,5056,16,51969,51969,51970,,,,52005,51972,51987,16,1:15,51988,52003,16,1:15,51989,52004,16,1:15,,,0,,,,0,,,,0,,,,0,,1,2,15,17,1,,,,
asymmetric,4,822,20,a,4,0,5184,16,52008,52008,52009,,,,52044,52011,52026,16,1:15,52027,52042,16,1:15,52028,52043,16,1:15,,,0,,,,0,,,,0,,,,0,,1,2,15,17,1,,,,
asymmetric,4,823,20,a,4,16,5312,16,52047,52047,52048,,,,52083,52050,52065,16,1:15,52066,52081,16,1:15,52067,52082,16,1:15,,,0,,,,0,,,,0,,,,0,,1,2,15,17,1,,,,
asymmetric,4,824,20,a,5,0,5440,16,52086,52086,52087,,,,52122,52089,52104,16,1:15,52105,52120,16,1:15,52106,52121,16,1:15,,,0,,,,0,,,,0,,,,0,,1,2,15,17,1,,,,
asymmetric,4,825,20,a,5,16,5568,16,52125,52125,52126,,,,52161,52128,52143,16,1:15,52144,52159,16,1:15,52145,52160,16,1:15,,,0,,,,0,,,,0,,,,0,,1,2,15,17,1,,,,
asymmetric,4,826,20,a,6,0,5696,16,52164,52164,52165,,,,52200,52167,52182,16,1:15,52183,52198,16,1:15,52184,52199,16,1:15,,,0,,,,0,,,,0,,,,0,,1,2,15,17,1,,,,
asymmetric,4,827,20,a,6,16,5824,16,52203,52203,52204,,,,52239,52206,52221,16,1:15,52222,52237,16,1:15,52223,52238,16,1:15,,,0,,,,0,,,,0,,,,0,,1,2,15,17,1,,,,
asymmetric,4,828,20,a,7,0,5952,16,52242,52242,52243,,,,52278,52245,52260,16,1:15,52261,52276,16,1:15,52262,52277,16,1:15,,,0,,,,0,,,,0,,,,0,,1,2,15,17,1,,,,
asymmetric,4,829,20,a,7,16,6080,16,52281,52281,52282,,,,52317,52284,52299,16,1:15,52300,52315,16,1:15,52301,52316,16,1:15,,,0,,,,0,,,,0,,,,0,,1,2,15,17,1,,,,
asymmetric,4,830,20,bt,0,0,25024,16,52325,52325,52326,,,,52361,52328,52343,16,1:15,52344,52359,16,1:15,52345,52360,16,1:15,,,0,,,,0,,,,0,,,,0,,1,2,15,17,1,,,,
asymmetric,4,831,20,bt,0,16,25152,16,52364,52364,52365,,,,52400,52367,52382,16,1:15,52383,52398,16,1:15,52384,52399,16,1:15,,,0,,,,0,,,,0,,,,0,,1,2,15,17,1,,,,
asymmetric,4,832,20,bt,1,0,25280,16,52403,52403,52404,,,,52439,52406,52421,16,1:15,52422,52437,16,1:15,52423,52438,16,1:15,,,0,,,,0,,,,0,,,,0,,1,2,15,17,1,,,,
asymmetric,4,833,20,bt,1,16,25408,16,52442,52442,52443,,,,52478,52445,52460,16,1:15,52461,52476,16,1:15,52462,52477,16,1:15,,,0,,,,0,,,,0,,,,0,,1,2,15,17,1,,,,
asymmetric,4,834,20,bt,2,0,25536,16,52481,52481,52482,,,,52517,52484,52499,16,1:15,52500,52515,16,1:15,52501,52516,16,1:15,,,0,,,,0,,,,0,,,,0,,1,2,15,17,1,,,,
asymmetric,4,835,20,bt,2,16,25664,16,52520,52520,52521,,,,52556,52523,52538,16,1:15,52539,52554,16,1:15,52540,52555,16,1:15,,,0,,,,0,,,,0,,,,0,,1,2,15,17,1,,,,
asymmetric,4,836,20,bt,3,0,25792,16,52559,52559,52560,,,,52595,52562,52577,16,1:15,52578,52593,16,1:15,52579,52594,16,1:15,,,0,,,,0,,,,0,,,,0,,1,2,15,17,1,,,,
asymmetric,4,837,20,bt,3,16,25920,16,52598,52598,52599,,,,52634,52601,52616,16,1:15,52617,52632,16,1:15,52618,52633,16,1:15,,,0,,,,0,,,,0,,,,0,,1,2,15,17,1,,,,
asymmetric,4,838,20,bt,4,0,26048,16,52637,52637,52638,,,,52673,52640,52655,16,1:15,52656,52671,16,1:15,52657,52672,16,1:15,,,0,,,,0,,,,0,,,,0,,1,2,15,17,1,,,,
asymmetric,4,839,20,bt,4,16,26176,16,52676,52676,52677,,,,52712,52679,52694,16,1:15,52695,52710,16,1:15,52696,52711,16,1:15,,,0,,,,0,,,,0,,,,0,,1,2,15,17,1,,,,
asymmetric,4,840,20,bt,5,0,26304,16,52715,52715,52716,,,,52751,52718,52733,16,1:15,52734,52749,16,1:15,52735,52750,16,1:15,,,0,,,,0,,,,0,,,,0,,1,2,15,17,1,,,,
asymmetric,4,841,20,bt,5,16,26432,16,52754,52754,52755,,,,52790,52757,52772,16,1:15,52773,52788,16,1:15,52774,52789,16,1:15,,,0,,,,0,,,,0,,,,0,,1,2,15,17,1,,,,
asymmetric,4,842,20,bt,6,0,26560,16,52793,52793,52794,,,,52829,52796,52811,16,1:15,52812,52827,16,1:15,52813,52828,16,1:15,,,0,,,,0,,,,0,,,,0,,1,2,15,17,1,,,,
asymmetric,4,843,20,bt,6,16,26688,16,52832,52832,52833,,,,52868,52835,52850,16,1:15,52851,52866,16,1:15,52852,52867,16,1:15,,,0,,,,0,,,,0,,,,0,,1,2,15,17,1,,,,
asymmetric,4,844,20,bt,7,0,26816,16,52871,52871,52872,,,,52907,52874,52889,16,1:15,52890,52905,16,1:15,52891,52906,16,1:15,,,0,,,,0,,,,0,,,,0,,1,2,15,17,1,,,,
asymmetric,4,845,20,bt,7,16,26944,16,52910,52910,52911,,,,52946,52913,52928,16,1:15,52929,52944,16,1:15,52930,52945,16,1:15,,,0,,,,0,,,,0,,,,0,,1,2,15,17,1,,,,
asymmetric,4,846,20,c,0,0,37312,4,54036,54036,,54057,54056,54062,54063,,,0,,,,0,,,,0,,54038,54053,4,5:3,54040,54055,4,5:3,54041,54056,4,5:3,54057,54060,4,1:3,,,,,,20,4,2,1
asymmetric,4,847,20,c,1,0,37568,4,54066,54066,,54087,54086,54092,54093,,,0,,,,0,,,,0,,54068,54083,4,5:3,54070,54085,4,5:3,54071,54086,4,5:3,54087,54090,4,1:3,,,,,,20,4,2,1
asymmetric,4,848,20,c,2,0,37824,4,54096,54096,,54117,54116,54122,54123,,,0,,,,0,,,,0,,54098,54113,4,5:3,54100,54115,4,5:3,54101,54116,4,5:3,54117,54120,4,1:3,,,,,,20,4,2,1
asymmetric,4,849,20,c,3,0,38080,4,54126,54126,,54147,54146,54152,54153,,,0,,,,0,,,,0,,54128,54143,4,5:3,54130,54145,4,5:3,54131,54146,4,5:3,54147,54150,4,1:3,,,,,,20,4,2,1
asymmetric,4,850,20,c,4,0,38336,4,54156,54156,,54177,54176,54182,54183,,,0,,,,0,,,,0,,54158,54173,4,5:3,54160,54175,4,5:3,54161,54176,4,5:3,54177,54180,4,1:3,,,,,,20,4,2,1
asymmetric,4,851,20,c,5,0,38592,4,54186,54186,,54207,54206,54212,54213,,,0,,,,0,,,,0,,54188,54203,4,5:3,54190,54205,4,5:3,54191,54206,4,5:3,54207,54210,4,1:3,,,,,,20,4,2,1
asymmetric,4,852,20,c,6,0,38848,4,54216,54216,,54237,54236,54242,54243,,,0,,,,0,,,,0,,54218,54233,4,5:3,54220,54235,4,5:3,54221,54236,4,5:3,54237,54240,4,1:3,,,,,,20,4,2,1
asymmetric,4,853,20,c,7,0,39104,4,54246,54246,,54267,54266,54272,54273,,,0,,,,0,,,,0,,54248,54263,4,5:3,54250,54265,4,5:3,54251,54266,4,5:3,54267,54270,4,1:3,,,,,,20,4,2,1
asymmetric,4,854,21,a,0,0,4160,16,54282,54282,54283,,,,54318,54285,54300,16,1:15,54301,54316,16,1:15,54302,54317,16,1:15,,,0,,,,0,,,,0,,,,0,,1,2,15,17,1,,,,
asymmetric,4,855,21,a,0,16,4288,16,54321,54321,54322,,,,54357,54324,54339,16,1:15,54340,54355,16,1:15,54341,54356,16,1:15,,,0,,,,0,,,,0,,,,0,,1,2,15,17,1,,,,
asymmetric,4,856,21,a,1,0,4416,16,54360,54360,54361,,,,54396,54363,54378,16,1:15,54379,54394,16,1:15,54380,54395,16,1:15,,,0,,,,0,,,,0,,,,0,,1,2,15,17,1,,,,
asymmetric,4,857,21,a,1,16,4544,16,54399,54399,54400,,,,54435,54402,54417,16,1:15,54418,54433,16,1:15,54419,54434,16,1:15,,,0,,,,0,,,,0,,,,0,,1,2,15,17,1,,,,
asymmetric,4,858,21,a,2,0,4672,16,54438,54438,54439,,,,54474,54441,54456,16,1:15,54457,54472,16,1:15,54458,54473,16,1:15,,,0,,,,0,,,,0,,,,0,,1,2,15,17,1,,,,
asymmetric,4,859,21,a,2,16,4800,16,54477,54477,54478,,,,54513,54480,54495,16,1:15,54496,54511,16,1:15,54497,54512,16,1:15,,,0,,,,0,,,,0,,,,0,,1,2,15,17,1,,,,
asymmetric,4,860,21,a,3,0,4928,16,54516,54516,54517,,,,54552,54519,54534,16,1:15,54535,54550,16,1:15,54536,54551,16,1:15,,,0,,,,0,,,,0,,,,0,,1,2,15,17,1,,,,
asymmetric,4,861,21,a,3,16,5056,16,54555,54555,54556,,,,54591,54558,54573,16,1:15,54574,54589,16,1:15,54575,54590,16,1:15,,,0,,,,0,,,,0,,,,0,,1,2,15,17,1,,,,
asymmetric,4,862,21,a,4,0,5184,16,54594,54594,54595,,,,54630,54597,54612,16,1:15,54613,54628,16,1:15,54614,54629,16,1:15,,,0,,,,0,,,,0,,,,0,,1,2,15,17,1,,,,
asymmetric,4,863,21,a,4,16,5312,16,54633,54633,54634,,,,54669,54636,54651,16,1:15,54652,54667,16,1:15,54653,54668,16,1:15,,,0,,,,0,,,,0,,,,0,,1,2,15,17,1,,,,
asymmetric,4,864,21,a,5,0,5440,16,54672,54672,54673,,,,54708,54675,54690,16,1:15,54691,54706,16,1:15,54692,54707,16,1:15,,,0,,,,0,,,,0,,,,0,,1,2,15,17,1,,,,
asymmetric,4,865,21,a,5,16,5568,16,54711,54711,54712,,,,54747,54714,54729,16,1:15,54730,54745,16,1:15,54731,54746,16,1:15,,,0,,,,0,,,,0,,,,0,,1,2,15,17,1,,,,
asymmetric,4,866,21,a,6,0,5696,16,54750,54750,54751,,,,54786,54753,54768,16,1:15,54769,54784,16,1:15,54770,54785,16,1:15,,,0,,,,0,,,,0,,,,0,,1,2,15,17,1,,,,
asymmetric,4,867,21,a,6,16,5824,16,54789,54789,54790,,,,54825,54792,54807,16,1:15,54808,54823,16,1:15,54809,54824,16,1:15,,,0,,,,0,,,,0,,,,0,,1,2,15,17,1,,,,
asymmetric,4,868,21,a,7,0,5952,16,54828,54828,54829,,,,54864,54831,54846,16,1:15,54847,54862,16,1:15,54848,54863,16,1:15,,,0,,,,0,,,,0,,,,0,,1,2,15,17,1,,,,
asymmetric,4,869,21,a,7,16,6080,16,54867,54867,54868,,,,54903,54870,54885,16,1:15,54886,54901,16,1:15,54887,54902,16,1:15,,,0,,,,0,,,,0,,,,0,,1,2,15,17,1,,,,
asymmetric,4,870,21,bt,0,0,27072,16,54911,54911,54912,,,,54947,54914,54929,16,1:15,54930,54945,16,1:15,54931,54946,16,1:15,,,0,,,,0,,,,0,,,,0,,1,2,15,17,1,,,,
asymmetric,4,871,21,bt,0,16,27200,16,54950,54950,54951,,,,54986,54953,54968,16,1:15,54969,54984,16,1:15,54970,54985,16,1:15,,,0,,,,0,,,,0,,,,0,,1,2,15,17,1,,,,
asymmetric,4,872,21,bt,1,0,27328,16,54989,54989,54990,,,,55025,54992,55007,16,1:15,55008,55023,16,1:15,55009,55024,16,1:15,,,0,,,,0,,,,0,,,,0,,1,2,15,17,1,,,,
asymmetric,4,873,21,bt,1,16,27456,16,55028,55028,55029,,,,55064,55031,55046,16,1:15,55047,55062,16,1:15,55048,55063,16,1:15,,,0,,,,0,,,,0,,,,0,,1,2,15,17,1,,,,
asymmetric,4,874,21,bt,2,0,27584,16,55067,55067,55068,,,,55103,55070,55085,16,1:15,55086,55101,16,1:15,55087,55102,16,1:15,,,0,,,,0,,,,0,,,,0,,1,2,15,17,1,,,,
asymmetric,4,875,21,bt,2,16,27712,16,55106,55106,55107,,,,55142,55109,55124,16,1:15,55125,55140,16,1:15,55126,55141,16,1:15,,,0,,,,0,,,,0,,,,0,,1,2,15,17,1,,,,
asymmetric,4,876,21,bt,3,0,27840,16,55145,55145,55146,,,,55181,55148,55163,16,1:15,55164,55179,16,1:15,55165,55180,16,1:15,,,0,,,,0,,,,0,,,,0,,1,2,15,17,1,,,,
asymmetric,4,877,21,bt,3,16,27968,16,55184,55184,55185,,,,55220,55187,55202,16,1:15,55203,55218,16,1:15,55204,55219,16,1:15,,,0,,,,0,,,,0,,,,0,,1,2,15,17,1,,,,
asymmetric,4,878,21,bt,4,0,28096,16,55223,55223,55224,,,,55259,55226,55241,16,1:15,55242,55257,16,1:15,55243,55258,16,1:15,,,0,,,,0,,,,0,,,,0,,1,2,15,17,1,,,,
asymmetric,4,879,21,bt,4,16,28224,16,55262,55262,55263,,,,55298,55265,55280,16,1:15,55281,55296,16,1:15,55282,55297,16,1:15,,,0,,,,0,,,,0,,,,0,,1,2,15,17,1,,,,
asymmetric,4,880,21,bt,5,0,28352,16,55301,55301,55302,,,,55337,55304,55319,16,1:15,55320,55335,16,1:15,55321,55336,16,1:15,,,0,,,,0,,,,0,,,,0,,1,2,15,17,1,,,,
asymmetric,4,881,21,bt,5,16,28480,16,55340,55340,55341,,,,55376,55343,55358,16,1:15,55359,55374,16,1:15,55360,55375,16,1:15,,,0,,,,0,,,,0,,,,0,,1,2,15,17,1,,,,
asymmetric,4,882,21,bt,6,0,28608,8,55379,55379,55380,,,,55399,55382,55389,8,1:7,55390,55397,8,1:7,55391,55398,8,1:7,,,0,,,,0,,,,0,,,,0,,1,2,7,9,1,,,,
asymmetric,4,883,21,bt,6,8,28672,16,55402,55402,55403,,,,55438,55405,55420,16,1:15,55421,55436,16,1:15,55422,55437,16,1:15,,,0,,,,0,,,,0,,,,0,,1,2,15,17,1,,,,
asymmetric,4,884,21,bt,6,24,28800,8,55441,55441,55442,,,,55461,55444,55451,8,1:7,55452,55459,8,1:7,55453,55460,8,1:7,,,0,,,,0,,,,0,,,,0,,1,2,7,9,1,,,,
asymmetric,4,885,21,bt,7,0,28864,16,55464,55464,55465,,,,55500,55467,55482,16,1:15,55483,55498,16,1:15,55484,55499,16,1:15,,,0,,,,0,,,,0,,,,0,,1,2,15,17,1,,,,
asymmetric,4,886,21,bt,7,16,28992,16,55503,55503,55504,,,,55539,55506,55521,16,1:15,55522,55537,16,1:15,55523,55538,16,1:15,,,0,,,,0,,,,0,,,,0,,1,2,15,17,1,,,,
asymmetric,4,887,21,c,0,0,37344,4,56629,56629,,56650,56649,56655,56656,,,0,,,,0,,,,0,,56631,56646,4,5:3,56633,56648,4,5:3,56634,56649,4,5:3,56650,56653,4,1:3,,,,,,20,4,2,1
asymmetric,4,888,21,c,1,0,37600,4,56659,56659,,56680,56679,56685,56686,,,0,,,,0,,,,0,,56661,56676,4,5:3,56663,56678,4,5:3,56664,56679,4,5:3,56680,56683,4,1:3,,,,,,20,4,2,1
asymmetric,4,889,21,c,2,0,37856,4,56689,56689,,56710,56709,56715,56716,,,0,,,,0,,,,0,,56691,56706,4,5:3,56693,56708,4,5:3,56694,56709,4,5:3,56710,56713,4,1:3,,,,,,20,4,2,1
asymmetric,4,890,21,c,3,0,38112,4,56719,56719,,56740,56739,56745,56746,,,0,,,,0,,,,0,,56721,56736,4,5:3,56723,56738,4,5:3,56724,56739,4,5:3,56740,56743,4,1:3,,,,,,20,4,2,1
asymmetric,4,891,21,c,4,0,38368,4,56749,56749,,56770,56769,56775,56776,,,0,,,,0,,,,0,,56751,56766,4,5:3,56753,56768,4,5:3,56754,56769,4,5:3,56770,56773,4,1:3,,,,,,20,4,2,1
asymmetric,4,892,21,c,5,0,38624,4,56779,56779,,56800,56799,56805,56806,,,0,,,,0,,,,0,,56781,56796,4,5:3,56783,56798,4,5:3,56784,56799,4,5:3,56800,56803,4,1:3,,,,,,20,4,2,1
asymmetric,4,893,21,c,6,0,38880,4,56809,56809,,56830,56829,56835,56836,,,0,,,,0,,,,0,,56811,56826,4,5:3,56813,56828,4,5:3,56814,56829,4,5:3,56830,56833,4,1:3,,,,,,20,4,2,1
asymmetric,4,894,21,c,7,0,39136,4,56839,56839,,56860,56859,56865,56866,,,0,,,,0,,,,0,,56841,56856,4,5:3,56843,56858,4,5:3,56844,56859,4,5:3,56860,56863,4,1:3,,,,,,20,4,2,1
asymmetric,4,895,22,a,0,0,4160,16,56875,56875,56876,,,,56911,56878,56893,16,1:15,56894,56909,16,1:15,56895,56910,16,1:15,,,0,,,,0,,,,0,,,,0,,1,2,15,17,1,,,,
asymmetric,4,896,22,a,0,16,4288,16,56914,56914,56915,,,,56950,56917,56932,16,1:15,56933,56948,16,1:15,56934,56949,16,1:15,,,0,,,,0,,,,0,,,,0,,1,2,15,17,1,,,,
asymmetric,4,897,22,a,1,0,4416,16,56953,56953,56954,,,,56989,56956,56971,16,1:15,56972,56987,16,1:15,56973,56988,16,1:15,,,0,,,,0,,,,0,,,,0,,1,2,15,17,1,,,,
asymmetric,4,898,22,a,1,16,4544,16,56992,56992,56993,,,,57028,56995,57010,16,1:15,57011,57026,16,1:15,57012,57027,16,1:15,,,0,,,,0,,,,0,,,,0,,1,2,15,17,1,,,,
asymmetric,4,899,22,a,2,0,4672,16,57031,57031,57032,,,,57067,57034,57049,16,1:15,57050,57065,16,1:15,57051,57066,16,1:15,,,0,,,,0,,,,0,,,,0,,1,2,15,17,1,,,,
asymmetric,4,900,22,a,2,16,4800,16,57070,57070,57071,,,,57106,57073,57088,16,1:15,57089,57104,16,1:15,57090,57105,16,1:15,,,0,,,,0,,,,0,,,,0,,1,2,15,17,1,,,,
asymmetric,4,901,22,a,3,0,4928,16,57109,57109,57110,,,,57145,57112,57127,16,1:15,57128,57143,16,1:15,57129,57144,16,1:15,,,0,,,,0,,,,0,,,,0,,1,2,15,17,1,,,,
asymmetric,4,902,22,a,3,16,5056,16,57148,57148,57149,,,,57184,57151,57166,16,1:15,57167,57182,16,1:15,57168,57183,16,1:15,,,0,,,,0,,,,0,,,,0,,1,2,15,17,1,,,,
asymmetric,4,903,22,a,4,0,5184,16,57187,57187,57188,,,,57223,57190,57205,16,1:15,57206,57221,16,1:15,57207,57222,16,1:15,,,0,,,,0,,,,0,,,,0,,1,2,15,17,1,,,,
asymmetric,4,904,22,a,4,16,5312,16,57226,57226,57227,,,,57262,57229,57244,16,1:15,57245,57260,16,1:15,57246,57261,16,1:15,,,0,,,,0,,,,0,,,,0,,1,2,15,17,1,,,,
asymmetric,4,905,22,a,5,0,5440,16,57265,57265,57266,,,,57301,57268,57283,16,1:15,57284,57299,16,1:15,57285,57300,16,1:15,,,0,,,,0,,,,0,,,,0,,1,2,15,17,1,,,,
asymmetric,4,906,22,a,5,16,5568,16,57304,57304,57305,,,,57340,57307,57322,16,1:15,57323,57338,16,1:15,57324,57339,16,1:15,,,0,,,,0,,,,0,,,,0,,1,2,15,17,1,,,,
asymmetric,4,907,22,a,6,0,5696,16,57343,57343,57344,,,,57379,57346,57361,16,1:15,57362,57377,16,1:15,57363,57378,16,1:15,,,0,,,,0,,,,0,,,,0,,1,2,15,17,1,,,,
asymmetric,4,908,22,a,6,16,5824,16,57382,57382,57383,,,,57418,57385,57400,16,1:15,57401,57416,16,1:15,57402,57417,16,1:15,,,0,,,,0,,,,0,,,,0,,1,2,15,17,1,,,,
asymmetric,4,909,22,a,7,0,5952,16,57421,57421,57422,,,,57457,57424,57439,16,1:15,57440,57455,16,1:15,57441,57456,16,1:15,,,0,,,,0,,,,0,,,,0,,1,2,15,17,1,,,,
asymmetric,4,910,22,a,7,16,6080,16,57460,57460,57461,,,,57496,57463,57478,16,1:15,57479,57494,16,1:15,57480,57495,16,1:15,,,0,,,,0,,,,0,,,,0,,1,2,15,17,1,,,,
asymmetric,4,911,22,bt,0,0,29120,16,57504,57504,57505,,,,57540,57507,57522,16,1:15,57523,57538,16,1:15,57524,57539,16,1:15,,,0,,,,0,,,,0,,,,0,,1,2,15,17,1,,,,
asymmetric,4,912,22,bt,0,16,29248,16,57543,57543,57544,,,,57579,57546,57561,16,1:15,57562,57577,16,1:15,57563,57578,16,1:15,,,0,,,,0,,,,0,,,,0,,1,2,15,17,1,,,,
asymmetric,4,913,22,bt,1,0,29376,16,57582,57582,57583,,,,57618,57585,57600,16,1:15,57601,57616,16,1:15,57602,57617,16,1:15,,,0,,,,0,,,,0,,,,0,,1,2,15,17,1,,,,
asymmetric,4,914,22,bt,1,16,29504,16,57621,57621,57622,,,,57657,57624,57639,16,1:15,57640,57655,16,1:15,57641,57656,16,1:15,,,0,,,,0,,,,0,,,,0,,1,2,15,17,1,,,,
asymmetric,4,915,22,bt,2,0,29632,16,57660,57660,57661,,,,57696,57663,57678,16,1:15,57679,57694,16,1:15,57680,57695,16,1:15,,,0,,,,0,,,,0,,,,0,,1,2,15,17,1,,,,
asymmetric,4,916,22,bt,2,16,29760,16,57699,57699,57700,,,,57735,57702,57717,16,1:15,57718,57733,16,1:15,57719,57734,16,1:15,,,0,,,,0,,,,0,,,,0,,1,2,15,17,1,,,,
asymmetric,4,917,22,bt,3,0,29888,16,57738,57738,57739,,,,57774,57741,57756,16,1:15,57757,57772,16,1:15,57758,57773,16,1:15,,,0,,,,0,,,,0,,,,0,,1,2,15,17,1,,,,
asymmetric,4,918,22,bt,3,16,30016,16,57777,57777,57778,,,,57813,57780,57795,16,1:15,57796,57811,16,1:15,57797,57812,16,1:15,,,0,,,,0,,,,0,,,,0,,1,2,15,17,1,,,,
asymmetric,4,919,22,bt,4,0,30144,16,57816,57816,57817,,,,57852,57819,57834,16,1:15,57835,57850,16,1:15,57836,57851,16,1:15,,,0,,,,0,,,,0,,,,0,,1,2,15,17,1,,,,
asymmetric,4,920,22,bt,4,16,30272,16,57855,57855,57856,,,,57891,57858,57873,16,1:15,57874,57889,16,1:15,57875,57890,16,1:15,,,0,,,,0,,,,0,,,,0,,1,2,15,17,1,,,,
asymmetric,4,921,22,bt,5,0,30400,16,57894,57894,57895,,,,57930,57897,57912,16,1:15,57913,57928,16,1:15,57914,57929,16,1:15,,,0,,,,0,,,,0,,,,0,,1,2,15,17,1,,,,
asymmetric,4,922,22,bt,5,16,30528,16,57933,57933,57934,,,,57969,57936,57951,16,1:15,57952,57967,16,1:15,57953,57968,16,1:15,,,0,,,,0,,,,0,,,,0,,1,2,15,17,1,,,,
asymmetric,4,923,22,bt,6,0,30656,16,57972,57972,57973,,,,58008,57975,57990,16,1:15,57991,58006,16,1:15,57992,58007,16,1:15,,,0,,,,0,,,,0,,,,0,,1,2,15,17,1,,,,
asymmetric,4,924,22,bt,6,16,30784,16,58011,58011,58012,,,,58047,58014,58029,16,1:15,58030,58045,16,1:15,58031,58046,16,1:15,,,0,,,,0,,,,0,,,,0,,1,2,15,17,1,,,,
asymmetric,4,925,22,bt,7,0,30912,16,58050,58050,58051,,,,58086,58053,58068,16,1:15,58069,58084,16,1:15,58070,58085,16,1:15,,,0,,,,0,,,,0,,,,0,,1,2,15,17,1,,,,
asymmetric,4,926,22,bt,7,16,31040,16,58089,58089,58090,,,,58125,58092,58107,16,1:15,58108,58123,16,1:15,58109,58124,16,1:15,,,0,,,,0,,,,0,,,,0,,1,2,15,17,1,,,,
asymmetric,4,927,22,c,0,0,37376,4,59215,59215,,59236,59235,59241,59242,,,0,,,,0,,,,0,,59217,59232,4,5:3,59219,59234,4,5:3,59220,59235,4,5:3,59236,59239,4,1:3,,,,,,20,4,2,1
asymmetric,4,928,22,c,1,0,37632,4,59245,59245,,59266,59265,59271,59272,,,0,,,,0,,,,0,,59247,59262,4,5:3,59249,59264,4,5:3,59250,59265,4,5:3,59266,59269,4,1:3,,,,,,20,4,2,1
asymmetric,4,929,22,c,2,0,37888,4,59275,59275,,59296,59295,59301,59302,,,0,,,,0,,,,0,,59277,59292,4,5:3,59279,59294,4,5:3,59280,59295,4,5:3,59296,59299,4,1:3,,,,,,20,4,2,1
asymmetric,4,930,22,c,3,0,38144,4,59305,59305,,59326,59325,59331,59332,,,0,,,,0,,,,0,,59307,59322,4,5:3,59309,59324,4,5:3,59310,59325,4,5:3,59326,59329,4,1:3,,,,,,20,4,2,1
asymmetric,4,931,22,c,4,0,38400,4,59335,59335,,59356,59355,59361,59362,,,0,,,,0,,,,0,,59337,59352,4,5:3,59339,59354,4,5:3,59340,59355,4,5:3,59356,59359,4,1:3,,,,,,20,4,2,1
asymmetric,4,932,22,c,5,0,38656,4,59365,59365,,59386,59385,59391,59392,,,0,,,,0,,,,0,,59367,59382,4,5:3,59369,59384,4,5:3,59370,59385,4,5:3,59386,59389,4,1:3,,,,,,20,4,2,1
asymmetric,4,933,22,c,6,0,38912,4,59395,59395,,59416,59415,59421,59422,,,0,,,,0,,,,0,,59397,59412,4,5:3,59399,59414,4,5:3,59400,59415,4,5:3,59416,59419,4,1:3,,,,,,20,4,2,1
asymmetric,4,934,22,c,7,0,39168,4,59425,59425,,59446,59445,59451,59452,,,0,,,,0,,,,0,,59427,59442,4,5:3,59429,59444,4,5:3,59430,59445,4,5:3,59446,59449,4,1:3,,,,,,20,4,2,1
asymmetric,4,935,23,a,0,0,4160,16,59461,59461,59462,,,,59497,59464,59479,16,1:15,59480,59495,16,1:15,59481,59496,16,1:15,,,0,,,,0,,,,0,,,,0,,1,2,15,17,1,,,,
asymmetric,4,936,23,a,0,16,4288,16,59500,59500,59501,,,,59536,59503,59518,16,1:15,59519,59534,16,1:15,59520,59535,16,1:15,,,0,,,,0,,,,0,,,,0,,1,2,15,17,1,,,,
asymmetric,4,937,23,a,1,0,4416,16,59539,59539,59540,,,,59575,59542,59557,16,1:15,59558,59573,16,1:15,59559,59574,16,1:15,,,0,,,,0,,,,0,,,,0,,1,2,15,17,1,,,,
asymmetric,4,938,23,a,1,16,4544,16,59578,59578,59579,,,,59614,59581,59596,16,1:15,59597,59612,16,1:15,59598,59613,16,1:15,,,0,,,,0,,,,0,,,,0,,1,2,15,17,1,,,,
asymmetric,4,939,23,a,2,0,4672,16,59617,59617,59618,,,,59653,59620,59635,16,1:15,59636,59651,16,1:15,59637,59652,16,1:15,,,0,,,,0,,,,0,,,,0,,1,2,15,17,1,,,,
asymmetric,4,940,23,a,2,16,4800,16,59656,59656,59657,,,,59692,59659,59674,16,1:15,59675,59690,16,1:15,59676,59691,16,1:15,,,0,,,,0,,,,0,,,,0,,1,2,15,17,1,,,,
asymmetric,4,941,23,a,3,0,4928,16,59695,59695,59696,,,,59731,59698,59713,16,1:15,59714,59729,16,1:15,59715,59730,16,1:15,,,0,,,,0,,,,0,,,,0,,1,2,15,17,1,,,,
asymmetric,4,942,23,a,3,16,5056,16,59734,59734,59735,,,,59770,59737,59752,16,1:15,59753,59768,16,1:15,59754,59769,16,1:15,,,0,,,,0,,,,0,,,,0,,1,2,15,17,1,,,,
asymmetric,4,943,23,a,4,0,5184,16,59773,59773,59774,,,,59809,59776,59791,16,1:15,59792,59807,16,1:15,59793,59808,16,1:15,,,0,,,,0,,,,0,,,,0,,1,2,15,17,1,,,,
asymmetric,4,944,23,a,4,16,5312,16,59812,59812,59813,,,,59848,59815,59830,16,1:15,59831,59846,16,1:15,59832,59847,16,1:15,,,0,,,,0,,,,0,,,,0,,1,2,15,17,1,,,,
asymmetric,4,945,23,a,5,0,5440,16,59851,59851,59852,,,,59887,59854,59869,16,1:15,59870,59885,16,1:15,59871,59886,16,1:15,,,0,,,,0,,,,0,,,,0,,1,2,15,17,1,,,,
asymmetric,4,946,23,a,5,16,5568,16,59890,59890,59891,,,,59926,59893,59908,16,1:15,59909,59924,16,1:15,59910,59925,16,1:15,,,0,,,,0,,,,0,,,,0,,1,2,15,17,1,,,,
asymmetric,4,947,23,a,6,0,5696,16,59929,59929,59930,,,,59965,59932,59947,16,1:15,59948,59963,16,1:15,59949,59964,16,1:15,,,0,,,,0,,,,0,,,,0,,1,2,15,17,1,,,,
asymmetric,4,948,23,a,6,16,5824,16,59968,59968,59969,,,,60004,59971,59986,16,1:15,59987,60002,16,1:15,59988,60003,16,1:15,,,0,,,,0,,,,0,,,,0,,1,2,15,17,1,,,,
asymmetric,4,949,23,a,7,0,5952,16,60007,60007,60008,,,,60043,60010,60025,16,1:15,60026,60041,16,1:15,60027,60042,16,1:15,,,0,,,,0,,,,0,,,,0,,1,2,15,17,1,,,,
asymmetric,4,950,23,a,7,16,6080,16,60046,60046,60047,,,,60082,60049,60064,16,1:15,60065,60080,16,1:15,60066,60081,16,1:15,,,0,,,,0,,,,0,,,,0,,1,2,15,17,1,,,,
asymmetric,4,951,23,bt,0,0,31168,16,60090,60090,60091,,,,60126,60093,60108,16,1:15,60109,60124,16,1:15,60110,60125,16,1:15,,,0,,,,0,,,,0,,,,0,,1,2,15,17,1,,,,
asymmetric,4,952,23,bt,0,16,31296,16,60129,60129,60130,,,,60165,60132,60147,16,1:15,60148,60163,16,1:15,60149,60164,16,1:15,,,0,,,,0,,,,0,,,,0,,1,2,15,17,1,,,,
asymmetric,4,953,23,bt,1,0,31424,16,60168,60168,60169,,,,60204,60171,60186,16,1:15,60187,60202,16,1:15,60188,60203,16,1:15,,,0,,,,0,,,,0,,,,0,,1,2,15,17,1,,,,
asymmetric,4,954,23,bt,1,16,31552,16,60207,60207,60208,,,,60243,60210,60225,16,1:15,60226,60241,16,1:15,60227,60242,16,1:15,,,0,,,,0,,,,0,,,,0,,1,2,15,17,1,,,,
asymmetric,4,955,23,bt,2,0,31680,16,60246,60246,60247,,,,60282,60249,60264,16,1:15,60265,60280,16,1:15,60266,60281,16,1:15,,,0,,,,0,,,,0,,,,0,,1,2,15,17,1,,,,
asymmetric,4,956,23,bt,2,16,31808,16,60285,60285,60286,,,,60321,60288,60303,16,1:15,60304,60319,16,1:15,60305,60320,16,1:15,,,0,,,,0,,,,0,,,,0,,1,2,15,17,1,,,,
asymmetric,4,957,23,bt,3,0,31936,16,60324,60324,60325,,,,60360,60327,60342,16,1:15,60343,60358,16,1:15,60344,60359,16,1:15,,,0,,,,0,,,,0,,,,0,,1,2,15,17,1,,,,
asymmetric,4,958,23,bt,3,16,32064,16,60363,60363,60364,,,,60399,60366,60381,16,1:15,60382,60397,16,1:15,60383,60398,16,1:15,,,0,,,,0,,,,0,,,,0,,1,2,15,17,1,,,,
asymmetric,4,959,23,bt,4,0,32192,16,60402,60402,60403,,,,60438,60405,60420,16,1:15,60421,60436,16,1:15,60422,60437,16,1:15,,,0,,,,0,,,,0,,,,0,,1,2,15,17,1,,,,
asymmetric,4,960,23,bt,4,16,32320,16,60441,60441,60442,,,,60477,60444,60459,16,1:15,60460,60475,16,1:15,60461,60476,16,1:15,,,0,,,,0,,,,0,,,,0,,1,2,15,17,1,,,,
asymmetric,4,961,23,bt,5,0,32448,16,60480,60480,60481,,,,60516,60483,60498,16,1:15,60499,60514,16,1:15,60500,60515,16,1:15,,,0,,,,0,,,,0,,,,0,,1,2,15,17,1,,,,
asymmetric,4,962,23,bt,5,16,32576,16,60519,60519,60520,,,,60555,60522,60537,16,1:15,60538,60553,16,1:15,60539,60554,16,1:15,,,0,,,,0,,,,0,,,,0,,1,2,15,17,1,,,,
asymmetric,4,963,23,bt,6,0,32704,8,60558,60558,60559,,,,60578,60561,60568,8,1:7,60569,60576,8,1:7,60570,60577,8,1:7,,,0,,,,0,,,,0,,,,0,,1,2,7,9,1,,,,
asymmetric,4,964,23,bt,6,8,32768,16,60581,60581,60582,,,,60617,60584,60599,16,1:15,60600,60615,16,1:15,60601,60616,16,1:15,,,0,,,,0,,,,0,,,,0,,1,2,15,17,1,,,,
asymmetric,4,965,23,bt,6,24,32896,8,60620,60620,60621,,,,60640,60623,60630,8,1:7,60631,60638,8,1:7,60632,60639,8,1:7,,,0,,,,0,,,,0,,,,0,,1,2,7,9,1,,,,
asymmetric,4,966,23,c,0,0,37408,4,61730,61730,,61751,61750,61756,61757,,,0,,,,0,,,,0,,61732,61747,4,5:3,61734,61749,4,5:3,61735,61750,4,5:3,61751,61754,4,1:3,,,,,,20,4,2,1
asymmetric,4,967,23,c,1,0,37664,4,61760,61760,,61781,61780,61786,61787,,,0,,,,0,,,,0,,61762,61777,4,5:3,61764,61779,4,5:3,61765,61780,4,5:3,61781,61784,4,1:3,,,,,,20,4,2,1
asymmetric,4,968,23,c,2,0,37920,4,61790,61790,,61811,61810,61816,61817,,,0,,,,0,,,,0,,61792,61807,4,5:3,61794,61809,4,5:3,61795,61810,4,5:3,61811,61814,4,1:3,,,,,,20,4,2,1
asymmetric,4,969,23,c,3,0,38176,4,61820,61820,,61841,61840,61846,61847,,,0,,,,0,,,,0,,61822,61837,4,5:3,61824,61839,4,5:3,61825,61840,4,5:3,61841,61844,4,1:3,,,,,,20,4,2,1
asymmetric,4,970,23,c,4,0,38432,4,61850,61850,,61871,61870,61876,61877,,,0,,,,0,,,,0,,61852,61867,4,5:3,61854,61869,4,5:3,61855,61870,4,5:3,61871,61874,4,1:3,,,,,,20,4,2,1
asymmetric,4,971,23,c,5,0,38688,4,61880,61880,,61901,61900,61906,61907,,,0,,,,0,,,,0,,61882,61897,4,5:3,61884,61899,4,5:3,61885,61900,4,5:3,61901,61904,4,1:3,,,,,,20,4,2,1
asymmetric,4,972,23,c,6,0,38944,4,61910,61910,,61931,61930,61936,61937,,,0,,,,0,,,,0,,61912,61927,4,5:3,61914,61929,4,5:3,61915,61930,4,5:3,61931,61934,4,1:3,,,,,,20,4,2,1
asymmetric,4,973,23,c,7,0,39200,4,61940,61940,,61961,61960,61966,61967,,,0,,,,0,,,,0,,61942,61957,4,5:3,61944,61959,4,5:3,61945,61960,4,5:3,61961,61964,4,1:3,,,,,,20,4,2,1
asymmetric,4,974,24,a,0,0,6208,16,61976,61976,61977,,,,62012,61979,61994,16,1:15,61995,62010,16,1:15,61996,62011,16,1:15,,,0,,,,0,,,,0,,,,0,,1,2,15,17,1,,,,
asymmetric,4,975,24,a,0,16,6336,16,62015,62015,62016,,,,62051,62018,62033,16,1:15,62034,62049,16,1:15,62035,62050,16,1:15,,,0,,,,0,,,,0,,,,0,,1,2,15,17,1,,,,
asymmetric,4,976,24,a,1,0,6464,16,62054,62054,62055,,,,62090,62057,62072,16,1:15,62073,62088,16,1:15,62074,62089,16,1:15,,,0,,,,0,,,,0,,,,0,,1,2,15,17,1,,,,
asymmetric,4,977,24,a,1,16,6592,16,62093,62093,62094,,,,62129,62096,62111,16,1:15,62112,62127,16,1:15,62113,62128,16,1:15,,,0,,,,0,,,,0,,,,0,,1,2,15,17,1,,,,
asymmetric,4,978,24,a,2,0,6720,16,62132,62132,62133,,,,62168,62135,62150,16,1:15,62151,62166,16,1:15,62152,62167,16,1:15,,,0,,,,0,,,,0,,,,0,,1,2,15,17,1,,,,
asymmetric,4,979,24,a,2,16,6848,16,62171,62171,62172,,,,62207,62174,62189,16,1:15,62190,62205,16,1:15,62191,62206,16,1:15,,,0,,,,0,,,,0,,,,0,,1,2,15,17,1,,,,
asymmetric,4,980,24,a,3,0,6976,16,62210,62210,62211,,,,62246,62213,62228,16,1:15,62229,62244,16,1:15,62230,62245,16,1:15,,,0,,,,0,,,,0,,,,0,,1,2,15,17,1,,,,
asymmetric,4,981,24,a,3,16,7104,16,62249,62249,62250,,,,62285,62252,62267,16,1:15,62268,62283,16,1:15,62269,62284,16,1:15,,,0,,,,0,,,,0,,,,0,,1,2,15,17,1,,,,
asymmetric,4,982,24,a,4,0,7232,16,62288,62288,62289,,,,62324,62291,62306,16,1:15,62307,62322,16,1:15,62308,62323,16,1:15,,,0,,,,0,,,,0,,,,0,,1,2,15,17,1,,,,
asymmetric,4,983,24,a,4,16,7360,16,62327,62327,62328,,,,62363,62330,62345,16,1:15,62346,62361,16,1:15,62347,62362,16,1:15,,,0,,,,0,,,,0,,,,0,,1,2,15,17,1,,,,
asymmetric,4,984,24,a,5,0,7488,16,62366,62366,62367,,,,62402,62369,62384,16,1:15,62385,62400,16,1:15,62386,62401,16,1:15,,,0,,,,0,,,,0,,,,0,,1,2,15,17,1,,,,
asymmetric,4,985,24,a,5,16,7616,16,62405,62405,62406,,,,62441,62408,62423,16,1:15,62424,62439,16,1:15,62425,62440,16,1:15,,,0,,,,0,,,,0,,,,0,,1,2,15,17,1,,,,
asymmetric,4,986,24,a,6,0,7744,16,62444,62444,62445,,,,62480,62447,62462,16,1:15,62463,62478,16,1:15,62464,62479,16,1:15,,,0,,,,0,,,,0,,,,0,,1,2,15,17,1,,,,
asymmetric,4,987,24,a,6,16,7872,16,62483,62483,62484,,,,62519,62486,62501,16,1:15,62502,62517,16,1:15,62503,62518,16,1:15,,,0,,,,0,,,,0,,,,0,,1,2,15,17,1,,,,
asymmetric,4,988,24,a,7,0,8000,16,62522,62522,62523,,,,62558,62525,62540,16,1:15,62541,62556,16,1:15,62542,62557,16,1:15,,,0,,,,0,,,,0,,,,0,,1,2,15,17,1,,,,
asymmetric,4,989,24,a,7,16,8128,8,62561,62561,62562,,,,62581,62564,62571,8,1:7,62572,62579,8,1:7,62573,62580,8,1:7,,,0,,,,0,,,,0,,,,0,,1,2,7,9,1,,,,
asymmetric,4,990,24,a,7,24,8192,8,62584,62584,62585,,,,62604,62587,62594,8,1:7,62595,62602,8,1:7,62596,62603,8,1:7,,,0,,,,0,,,,0,,,,0,,1,2,7,9,1,,,,
asymmetric,4,991,24,bt,0,0,16832,16,62612,62612,62613,,,,62648,62615,62630,16,1:15,62631,62646,16,1:15,62632,62647,16,1:15,,,0,,,,0,,,,0,,,,0,,1,2,15,17,1,,,,
asymmetric,4,992,24,bt,0,16,16960,16,62651,62651,62652,,,,62687,62654,62669,16,1:15,62670,62685,16,1:15,62671,62686,16,1:15,,,0,,,,0,,,,0,,,,0,,1,2,15,17,1,,,,
asymmetric,4,993,24,bt,1,0,17088,16,62690,62690,62691,,,,62726,62693,62708,16,1:15,62709,62724,16,1:15,62710,62725,16,1:15,,,0,,,,0,,,,0,,,,0,,1,2,15,17,1,,,,
asymmetric,4,994,24,bt,1,16,17216,16,62729,62729,62730,,,,62765,62732,62747,16,1:15,62748,62763,16,1:15,62749,62764,16,1:15,,,0,,,,0,,,,0,,,,0,,1,2,15,17,1,,,,
asymmetric,4,995,24,bt,2,0,17344,16,62768,62768,62769,,,,62804,62771,62786,16,1:15,62787,62802,16,1:15,62788,62803,16,1:15,,,0,,,,0,,,,0,,,,0,,1,2,15,17,1,,,,
asymmetric,4,996,24,bt,2,16,17472,16,62807,62807,62808,,,,62843,62810,62825,16,1:15,62826,62841,16,1:15,62827,62842,16,1:15,,,0,,,,0,,,,0,,,,0,,1,2,15,17,1,,,,
asymmetric,4,997,24,bt,3,0,17600,16,62846,62846,62847,,,,62882,62849,62864,16,1:15,62865,62880,16,1:15,62866,62881,16,1:15,,,0,,,,0,,,,0,,,,0,,1,2,15,17,1,,,,
asymmetric,4,998,24,bt,3,16,17728,16,62885,62885,62886,,,,62921,62888,62903,16,1:15,62904,62919,16,1:15,62905,62920,16,1:15,,,0,,,,0,,,,0,,,,0,,1,2,15,17,1,,,,
asymmetric,4,999,24,bt,4,0,17856,16,62924,62924,62925,,,,62960,62927,62942,16,1:15,62943,62958,16,1:15,62944,62959,16,1:15,,,0,,,,0,,,,0,,,,0,,1,2,15,17,1,,,,
asymmetric,4,1000,24,bt,4,16,17984,16,62963,62963,62964,,,,62999,62966,62981,16,1:15,62982,62997,16,1:15,62983,62998,16,1:15,,,0,,,,0,,,,0,,,,0,,1,2,15,17,1,,,,
asymmetric,4,1001,24,bt,5,0,18112,16,63002,63002,63003,,,,63038,63005,63020,16,1:15,63021,63036,16,1:15,63022,63037,16,1:15,,,0,,,,0,,,,0,,,,0,,1,2,15,17,1,,,,
asymmetric,4,1002,24,bt,5,16,18240,16,63041,63041,63042,,,,63077,63044,63059,16,1:15,63060,63075,16,1:15,63061,63076,16,1:15,,,0,,,,0,,,,0,,,,0,,1,2,15,17,1,,,,
asymmetric,4,1003,24,bt,6,0,18368,16,63080,63080,63081,,,,63116,63083,63098,16,1:15,63099,63114,16,1:15,63100,63115,16,1:15,,,0,,,,0,,,,0,,,,0,,1,2,15,17,1,,,,
asymmetric,4,1004,24,bt,6,16,18496,16,63119,63119,63120,,,,63155,63122,63137,16,1:15,63138,63153,16,1:15,63139,63154,16,1:15,,,0,,,,0,,,,0,,,,0,,1,2,15,17,1,,,,
asymmetric,4,1005,24,bt,7,0,18624,16,63158,63158,63159,,,,63194,63161,63176,16,1:15,63177,63192,16,1:15,63178,63193,16,1:15,,,0,,,,0,,,,0,,,,0,,1,2,15,17,1,,,,
asymmetric,4,1006,24,bt,7,16,18752,16,63197,63197,63198,,,,63233,63200,63215,16,1:15,63216,63231,16,1:15,63217,63232,16,1:15,,,0,,,,0,,,,0,,,,0,,1,2,15,17,1,,,,
asymmetric,4,1007,24,c,0,0,39232,4,64323,64323,,64344,64343,64349,64350,,,0,,,,0,,,,0,,64325,64340,4,5:3,64327,64342,4,5:3,64328,64343,4,5:3,64344,64347,4,1:3,,,,,,20,4,2,1
asymmetric,4,1008,24,c,1,0,39488,4,64353,64353,,64374,64373,64379,64380,,,0,,,,0,,,,0,,64355,64370,4,5:3,64357,64372,4,5:3,64358,64373,4,5:3,64374,64377,4,1:3,,,,,,20,4,2,1
asymmetric,4,1009,24,c,2,0,39744,4,64383,64383,,64404,64403,64409,64410,,,0,,,,0,,,,0,,64385,64400,4,5:3,64387,64402,4,5:3,64388,64403,4,5:3,64404,64407,4,1:3,,,,,,20,4,2,1
asymmetric,4,1010,24,c,3,0,40000,4,64413,64413,,64434,64433,64439,64440,,,0,,,,0,,,,0,,64415,64430,4,5:3,64417,64432,4,5:3,64418,64433,4,5:3,64434,64437,4,1:3,,,,,,20,4,2,1
asymmetric,4,1011,24,c,4,0,40256,4,64443,64443,,64464,64463,64469,64470,,,0,,,,0,,,,0,,64445,64460,4,5:3,64447,64462,4,5:3,64448,64463,4,5:3,64464,64467,4,1:3,,,,,,20,4,2,1
asymmetric,4,1012,24,c,5,0,40512,4,64473,64473,,64494,64493,64499,64500,,,0,,,,0,,,,0,,64475,64490,4,5:3,64477,64492,4,5:3,64478,64493,4,5:3,64494,64497,4,1:3,,,,,,20,4,2,1
asymmetric,4,1013,24,c,6,0,40768,4,64503,64503,,64524,64523,64529,64530,,,0,,,,0,,,,0,,64505,64520,4,5:3,64507,64522,4,5:3,64508,64523,4,5:3,64524,64527,4,1:3,,,,,,20,4,2,1
asymmetric,4,1014,24,c,7,0,41024,4,64533,64533,,64554,64553,64559,64560,,,0,,,,0,,,,0,,64535,64550,4,5:3,64537,64552,4,5:3,64538,64553,4,5:3,64554,64557,4,1:3,,,,,,20,4,2,1
asymmetric,4,1015,25,a,0,0,6208,16,64569,64569,64570,,,,64605,64572,64587,16,1:15,64588,64603,16,1:15,64589,64604,16,1:15,,,0,,,,0,,,,0,,,,0,,1,2,15,17,1,,,,
asymmetric,4,1016,25,a,0,16,6336,16,64608,64608,64609,,,,64644,64611,64626,16,1:15,64627,64642,16,1:15,64628,64643,16,1:15,,,0,,,,0,,,,0,,,,0,,1,2,15,17,1,,,,
asymmetric,4,1017,25,a,1,0,6464,16,64647,64647,64648,,,,64683,64650,64665,16,1:15,64666,64681,16,1:15,64667,64682,16,1:15,,,0,,,,0,,,,0,,,,0,,1,2,15,17,1,,,,
asymmetric,4,1018,25,a,1,16,6592,16,64686,64686,64687,,,,64722,64689,64704,16,1:15,64705,64720,16,1:15,64706,64721,16,1:15,,,0,,,,0,,,,0,,,,0,,1,2,15,17,1,,,,
asymmetric,4,1019,25,a,2,0,6720,16,64725,64725,64726,,,,64761,64728,64743,16,1:15,64744,64759,16,1:15,64745,64760,16,1:15,,,0,,,,0,,,,0,,,,0,,1,2,15,17,1,,,,
asymmetric,4,1020,25,a,2,16,6848,16,64764,64764,64765,,,,64800,64767,64782,16,1:15,64783,64798,16,1:15,64784,64799,16,1:15,,,0,,,,0,,,,0,,,,0,,1,2,15,17,1,,,,
asymmetric,4,1021,25,a,3,0,6976,16,64803,64803,64804,,,,64839,64806,64821,16,1:15,64822,64837,16,1:15,64823,64838,16,1:15,,,0,,,,0,,,,0,,,,0,,1,2,15,17,1,,,,
asymmetric,4,1022,25,a,3,16,7104,16,64842,64842,64843,,,,64878,64845,64860,16,1:15,64861,64876,16,1:15,64862,64877,16,1:15,,,0,,,,0,,,,0,,,,0,,1,2,15,17,1,,,,
asymmetric,4,1023,25,a,4,0,7232,16,64881,64881,64882,,,,64917,64884,64899,16,1:15,64900,64915,16,1:15,64901,64916,16,1:15,,,0,,,,0,,,,0,,,,0,,1,2,15,17,1,,,,
asymmetric,4,1024,25,a,4,16,7360,16,64920,64920,64921,,,,64956,64923,64938,16,1:15,64939,64954,16,1:15,64940,64955,16,1:15,,,0,,,,0,,,,0,,,,0,,1,2,15,17,1,,,,
asymmetric,4,1025,25,a,5,0,7488,16,64959,64959,64960,,,,64995,64962,64977,16,1:15,64978,64993,16,1:15,64979,64994,16,1:15,,,0,,,,0,,,,0,,,,0,,1,2,15,17,1,,,,
asymmetric,4,1026,25,a,5,16,7616,16,64998,64998,64999,,,,65034,65001,65016,16,1:15,65017,65032,16,1:15,65018,65033,16,1:15,,,0,,,,0,,,,0,,,,0,,1,2,15,17,1,,,,
asymmetric,4,1027,25,a,6,0,7744,16,65037,65037,65038,,,,65073,65040,65055,16,1:15,65056,65071,16,1:15,65057,65072,16,1:15,,,0,,,,0,,,,0,,,,0,,1,2,15,17,1,,,,
asymmetric,4,1028,25,a,6,16,7872,16,65076,65076,65077,,,,65112,65079,65094,16,1:15,65095,65110,16,1:15,65096,65111,16,1:15,,,0,,,,0,,,,0,,,,0,,1,2,15,17,1,,,,
asymmetric,4,1029,25,a,7,0,8000,16,65115,65115,65116,,,,65151,65118,65133,16,1:15,65134,65149,16,1:15,65135,65150,16,1:15,,,0,,,,0,,,,0,,,,0,,1,2,15,17,1,,,,
asymmetric,4,1030,25,a,7,16,8128,8,65154,65154,65155,,,,65174,65157,65164,8,1:7,65165,65172,8,1:7,65166,65173,8,1:7,,,0,,,,0,,,,0,,,,0,,1,2,7,9,1,,,,
asymmetric,4,1031,25,a,7,24,8192,8,65177,65177,65178,,,,65197,65180,65187,8,1:7,65188,65195,8,1:7,65189,65196,8,1:7,,,0,,,,0,,,,0,,,,0,,1,2,7,9,1,,,,
asymmetric,4,1032,25,bt,0,0,18880,16,65205,65205,65206,,,,65241,65208,65223,16,1:15,65224,65239,16,1:15,65225,65240,16,1:15,,,0,,,,0,,,,0,,,,0,,1,2,15,17,1,,,,
asymmetric,4,1033,25,bt,0,16,19008,16,65244,65244,65245,,,,65280,65247,65262,16,1:15,65263,65278,16,1:15,65264,65279,16,1:15,,,0,,,,0,,,,0,,,,0,,1,2,15,17,1,,,,
asymmetric,4,1034,25,bt,1,0,19136,16,65283,65283,65284,,,,65319,65286,65301,16,1:15,65302,65317,16,1:15,65303,65318,16,1:15,,,0,,,,0,,,,0,,,,0,,1,2,15,17,1,,,,
asymmetric,4,1035,25,bt,1,16,19264,16,65322,65322,65323,,,,65358,65325,65340,16,1:15,65341,65356,16,1:15,65342,65357,16,1:15,,,0,,,,0,,,,0,,,,0,,1,2,15,17,1,,,,
asymmetric,4,1036,25,bt,2,0,19392,16,65361,65361,65362,,,,65397,65364,65379,16,1:15,65380,65395,16,1:15,65381,65396,16,1:15,,,0,,,,0,,,,0,,,,0,,1,2,15,17,1,,,,
asymmetric,4,1037,25,bt,2,16,19520,16,65400,65400,65401,,,,65436,65403,65418,16,1:15,65419,65434,16,1:15,65420,65435,16,1:15,,,0,,,,0,,,,0,,,,0,,1,2,15,17,1,,,,
asymmetric,4,1038,25,bt,3,0,19648,16,65439,65439,65440,,,,65475,65442,65457,16,1:15,65458,65473,16,1:15,65459,65474,16,1:15,,,0,,,,0,,,,0,,,,0,,1,2,15,17,1,,,,
asymmetric,4,1039,25,bt,3,16,19776,16,65478,65478,65479,,,,65514,65481,65496,16,1:15,65497,65512,16,1:15,65498,65513,16,1:15,,,0,,,,0,,,,0,,,,0,,1,2,15,17,1,,,,
asymmetric,4,1040,25,bt,4,0,19904,16,65517,65517,65518,,,,65553,65520,65535,16,1:15,65536,65551,16,1:15,65537,65552,16,1:15,,,0,,,,0,,,,0,,,,0,,1,2,15,17,1,,,,
asymmetric,4,1041,25,bt,4,16,20032,16,65556,65556,65557,,,,65592,65559,65574,16,1:15,65575,65590,16,1:15,65576,65591,16,1:15,,,0,,,,0,,,,0,,,,0,,1,2,15,17,1,,,,
asymmetric,4,1042,25,bt,5,0,20160,16,65595,65595,65596,,,,65631,65598,65613,16,1:15,65614,65629,16,1:15,65615,65630,16,1:15,,,0,,,,0,,,,0,,,,0,,1,2,15,17,1,,,,
asymmetric,4,1043,25,bt,5,16,20288,16,65634,65634,65635,,,,65670,65637,65652,16,1:15,65653,65668,16,1:15,65654,65669,16,1:15,,,0,,,,0,,,,0,,,,0,,1,2,15,17,1,,,,
asymmetric,4,1044,25,bt,6,0,20416,8,65673,65673,65674,,,,65693,65676,65683,8,1:7,65684,65691,8,1:7,65685,65692,8,1:7,,,0,,,,0,,,,0,,,,0,,1,2,7,9,1,,,,
asymmetric,4,1045,25,bt,6,8,20480,16,65696,65696,65697,,,,65732,65699,65714,16,1:15,65715,65730,16,1:15,65716,65731,16,1:15,,,0,,,,0,,,,0,,,,0,,1,2,15,17,1,,,,
asymmetric,4,1046,25,bt,6,24,20608,8,65735,65735,65736,,,,65755,65738,65745,8,1:7,65746,65753,8,1:7,65747,65754,8,1:7,,,0,,,,0,,,,0,,,,0,,1,2,7,9,1,,,,
asymmetric,4,1047,25,bt,7,0,20672,16,65758,65758,65759,,,,65794,65761,65776,16,1:15,65777,65792,16,1:15,65778,65793,16,1:15,,,0,,,,0,,,,0,,,,0,,1,2,15,17,1,,,,
asymmetric,4,1048,25,bt,7,16,20800,16,65797,65797,65798,,,,65833,65800,65815,16,1:15,65816,65831,16,1:15,65817,65832,16,1:15,,,0,,,,0,,,,0,,,,0,,1,2,15,17,1,,,,
asymmetric,4,1049,25,c,0,0,39264,4,66923,66923,,66944,66943,66949,66950,,,0,,,,0,,,,0,,66925,66940,4,5:3,66927,66942,4,5:3,66928,66943,4,5:3,66944,66947,4,1:3,,,,,,20,4,2,1
asymmetric,4,1050,25,c,1,0,39520,4,66953,66953,,66974,66973,66979,66980,,,0,,,,0,,,,0,,66955,66970,4,5:3,66957,66972,4,5:3,66958,66973,4,5:3,66974,66977,4,1:3,,,,,,20,4,2,1
asymmetric,4,1051,25,c,2,0,39776,4,66983,66983,,67004,67003,67009,67010,,,0,,,,0,,,,0,,66985,67000,4,5:3,66987,67002,4,5:3,66988,67003,4,5:3,67004,67007,4,1:3,,,,,,20,4,2,1
asymmetric,4,1052,25,c,3,0,40032,4,67013,67013,,67034,67033,67039,67040,,,0,,,,0,,,,0,,67015,67030,4,5:3,67017,67032,4,5:3,67018,67033,4,5:3,67034,67037,4,1:3,,,,,,20,4,2,1
asymmetric,4,1053,25,c,4,0,40288,4,67043,67043,,67064,67063,67069,67070,,,0,,,,0,,,,0,,67045,67060,4,5:3,67047,67062,4,5:3,67048,67063,4,5:3,67064,67067,4,1:3,,,,,,20,4,2,1
asymmetric,4,1054,25,c,5,0,40544,4,67073,67073,,67094,67093,67099,67100,,,0,,,,0,,,,0,,67075,67090,4,5:3,67077,67092,4,5:3,67078,67093,4,5:3,67094,67097,4,1:3,,,,,,20,4,2,1
asymmetric,4,1055,25,c,6,0,40800,4,67103,67103,,67124,67123,67129,67130,,,0,,,,0,,,,0,,67105,67120,4,5:3,67107,67122,4,5:3,67108,67123,4,5:3,67124,67127,4,1:3,,,,,,20,4,2,1
asymmetric,4,1056,25,c,7,0,41056,4,67133,67133,,67154,67153,67159,67160,,,0,,,,0,,,,0,,67135,67150,4,5:3,67137,67152,4,5:3,67138,67153,4,5:3,67154,67157,4,1:3,,,,,,20,4,2,1
asymmetric,4,1057,26,a,0,0,6208,16,67169,67169,67170,,,,67205,67172,67187,16,1:15,67188,67203,16,1:15,67189,67204,16,1:15,,,0,,,,0,,,,0,,,,0,,1,2,15,17,1,,,,
asymmetric,4,1058,26,a,0,16,6336,16,67208,67208,67209,,,,67244,67211,67226,16,1:15,67227,67242,16,1:15,67228,67243,16,1:15,,,0,,,,0,,,,0,,,,0,,1,2,15,17,1,,,,
asymmetric,4,1059,26,a,1,0,6464,16,67247,67247,67248,,,,67283,67250,67265,16,1:15,67266,67281,16,1:15,67267,67282,16,1:15,,,0,,,,0,,,,0,,,,0,,1,2,15,17,1,,,,
asymmetric,4,1060,26,a,1,16,6592,16,67286,67286,67287,,,,67322,67289,67304,16,1:15,67305,67320,16,1:15,67306,67321,16,1:15,,,0,,,,0,,,,0,,,,0,,1,2,15,17,1,,,,
asymmetric,4,1061,26,a,2,0,6720,16,67325,67325,67326,,,,67361,67328,67343,16,1:15,67344,67359,16,1:15,67345,67360,16,1:15,,,0,,,,0,,,,0,,,,0,,1,2,15,17,1,,,,
asymmetric,4,1062,26,a,2,16,6848,16,67364,67364,67365,,,,67400,67367,67382,16,1:15,67383,67398,16,1:15,67384,67399,16,1:15,,,0,,,,0,,,,0,,,,0,,1,2,15,17,1,,,,
asymmetric,4,1063,26,a,3,0,6976,16,67403,67403,67404,,,,67439,67406,67421,16,1:15,67422,67437,16,1:15,67423,67438,16,1:15,,,0,,,,0,,,,0,,,,0,,1,2,15,17,1,,,,
asymmetric,4,1064,26,a,3,16,7104,16,67442,67442,67443,,,,67478,67445,67460,16,1:15,67461,67476,16,1:15,67462,67477,16,1:15,,,0,,,,0,,,,0,,,,0,,1,2,15,17,1,,,,
asymmetric,4,1065,26,a,4,0,7232,16,67481,67481,67482,,,,67517,67484,67499,16,1:15,67500,67515,16,1:15,67501,67516,16,1:15,,,0,,,,0,,,,0,,,,0,,1,2,15,17,1,,,,
asymmetric,4,1066,26,a,4,16,7360,16,67520,67520,67521,,,,67556,67523,67538,16,1:15,67539,67554,16,1:15,67540,67555,16,1:15,,,0,,,,0,,,,0,,,,0,,1,2,15,17,1,,,,
asymmetric,4,1067,26,a,5,0,7488,16,67559,67559,67560,,,,67595,67562,67577,16,1:15,67578,67593,16,1:15,67579,67594,16,1:15,,,0,,,,0,,,,0,,,,0,,1,2,15,17,1,,,,
asymmetric,4,1068,26,a,5,16,7616,16,67598,67598,67599,,,,67634,67601,67616,16,1:15,67617,67632,16,1:15,67618,67633,16,1:15,,,0,,,,0,,,,0,,,,0,,1,2,15,17,1,,,,
asymmetric,4,1069,26,a,6,0,7744,16,67637,67637,67638,,,,67673,67640,67655,16,1:15,67656,67671,16,1:15,67657,67672,16,1:15,,,0,,,,0,,,,0,,,,0,,1,2,15,17,1,,,,
asymmetric,4,1070,26,a,6,16,7872,16,67676,67676,67677,,,,67712,67679,67694,16,1:15,67695,67710,16,1:15,67696,67711,16,1:15,,,0,,,,0,,,,0,,,,0,,1,2,15,17,1,,,,
asymmetric,4,1071,26,a,7,0,8000,16,67715,67715,67716,,,,67751,67718,67733,16,1:15,67734,67749,16,1:15,67735,67750,16,1:15,,,0,,,,0,,,,0,,,,0,,1,2,15,17,1,,,,
asymmetric,4,1072,26,a,7,16,8128,8,67754,67754,67755,,,,67774,67757,67764,8,1:7,67765,67772,8,1:7,67766,67773,8,1:7,,,0,,,,0,,,,0,,,,0,,1,2,7,9,1,,,,
asymmetric,4,1073,26,a,7,24,8192,8,67777,67777,67778,,,,67797,67780,67787,8,1:7,67788,67795,8,1:7,67789,67796,8,1:7,,,0,,,,0,,,,0,,,,0,,1,2,7,9,1,,,,
asymmetric,4,1074,26,bt,0,0,20928,16,67805,67805,67806,,,,67841,67808,67823,16,1:15,67824,67839,16,1:15,67825,67840,16,1:15,,,0,,,,0,,,,0,,,,0,,1,2,15,17,1,,,,
asymmetric,4,1075,26,bt,0,16,21056,16,67844,67844,67845,,,,67880,67847,67862,16,1:15,67863,67878,16,1:15,67864,67879,16,1:15,,,0,,,,0,,,,0,,,,0,,1,2,15,17,1,,,,
asymmetric,4,1076,26,bt,1,0,21184,16,67883,67883,67884,,,,67919,67886,67901,16,1:15,67902,67917,16,1:15,67903,67918,16,1:15,,,0,,,,0,,,,0,,,,0,,1,2,15,17,1,,,,
asymmetric,4,1077,26,bt,1,16,21312,16,67922,67922,67923,,,,67958,67925,67940,16,1:15,67941,67956,16,1:15,67942,67957,16,1:15,,,0,,,,0,,,,0,,,,0,,1,2,15,17,1,,,,
asymmetric,4,1078,26,bt,2,0,21440,16,67961,67961,67962,,,,67997,67964,67979,16,1:15,67980,67995,16,1:15,67981,67996,16,1:15,,,0,,,,0,,,,0,,,,0,,1,2,15,17,1,,,,
asymmetric,4,1079,26,bt,2,16,21568,16,68000,68000,68001,,,,68036,68003,68018,16,1:15,68019,68034,16,1:15,68020,68035,16,1:15,,,0,,,,0,,,,0,,,,0,,1,2,15,17,1,,,,
asymmetric,4,1080,26,bt,3,0,21696,16,68039,68039,68040,,,,68075,68042,68057,16,1:15,68058,68073,16,1:15,68059,68074,16,1:15,,,0,,,,0,,,,0,,,,0,,1,2,15,17,1,,,,
asymmetric,4,1081,26,bt,3,16,21824,16,68078,68078,68079,,,,68114,68081,68096,16,1:15,68097,68112,16,1:15,68098,68113,16,1:15,,,0,,,,0,,,,0,,,,0,,1,2,15,17,1,,,,
asymmetric,4,1082,26,bt,4,0,21952,16,68117,68117,68118,,,,68153,68120,68135,16,1:15,68136,68151,16,1:15,68137,68152,16,1:15,,,0,,,,0,,,,0,,,,0,,1,2,15,17,1,,,,
asymmetric,4,1083,26,bt,4,16,22080,16,68156,68156,68157,,,,68192,68159,68174,16,1:15,68175,68190,16,1:15,68176,68191,16,1:15,,,0,,,,0,,,,0,,,,0,,1,2,15,17,1,,,,
asymmetric,4,1084,26,bt,5,0,22208,16,68195,68195,68196,,,,68231,68198,68213,16,1:15,68214,68229,16,1:15,68215,68230,16,1:15,,,0,,,,0,,,,0,,,,0,,1,2,15,17,1,,,,
asymmetric,4,1085,26,bt,5,16,22336,16,68234,68234,68235,,,,68270,68237,68252,16,1:15,68253,68268,16,1:15,68254,68269,16,1:15,,,0,,,,0,,,,0,,,,0,,1,2,15,17,1,,,,
asymmetric,4,1086,26,bt,6,0,22464,16,68273,68273,68274,,,,68309,68276,68291,16,1:15,68292,68307,16,1:15,68293,68308,16,1:15,,,0,,,,0,,,,0,,,,0,,1,2,15,17,1,,,,
asymmetric,4,1087,26,bt,6,16,22592,16,68312,68312,68313,,,,68348,68315,68330,16,1:15,68331,68346,16,1:15,68332,68347,16,1:15,,,0,,,,0,,,,0,,,,0,,1,2,15,17,1,,,,
asymmetric,4,1088,26,bt,7,0,22720,16,68351,68351,68352,,,,68387,68354,68369,16,1:15,68370,68385,16,1:15,68371,68386,16,1:15,,,0,,,,0,,,,0,,,,0,,1,2,15,17,1,,,,
asymmetric,4,1089,26,bt,7,16,22848,16,68390,68390,68391,,,,68426,68393,68408,16,1:15,68409,68424,16,1:15,68410,68425,16,1:15,,,0,,,,0,,,,0,,,,0,,1,2,15,17,1,,,,
asymmetric,4,1090,26,c,0,0,39296,4,69516,69516,,69537,69536,69542,69543,,,0,,,,0,,,,0,,69518,69533,4,5:3,69520,69535,4,5:3,69521,69536,4,5:3,69537,69540,4,1:3,,,,,,20,4,2,1
asymmetric,4,1091,26,c,1,0,39552,4,69546,69546,,69567,69566,69572,69573,,,0,,,,0,,,,0,,69548,69563,4,5:3,69550,69565,4,5:3,69551,69566,4,5:3,69567,69570,4,1:3,,,,,,20,4,2,1
asymmetric,4,1092,26,c,2,0,39808,4,69576,69576,,69597,69596,69602,69603,,,0,,,,0,,,,0,,69578,69593,4,5:3,69580,69595,4,5:3,69581,69596,4,5:3,69597,69600,4,1:3,,,,,,20,4,2,1
asymmetric,4,1093,26,c,3,0,40064,4,69606,69606,,69627,69626,69632,69633,,,0,,,,0,,,,0,,69608,69623,4,5:3,69610,69625,4,5:3,69611,69626,4,5:3,69627,69630,4,1:3,,,,,,20,4,2,1
asymmetric,4,1094,26,c,4,0,40320,4,69636,69636,,69657,69656,69662,69663,,,0,,,,0,,,,0,,69638,69653,4,5:3,69640,69655,4,5:3,69641,69656,4,5:3,69657,69660,4,1:3,,,,,,20,4,2,1
asymmetric,4,1095,26,c,5,0,40576,4,69666,69666,,69687,69686,69692,69693,,,0,,,,0,,,,0,,69668,69683,4,5:3,69670,69685,4,5:3,69671,69686,4,5:3,69687,69690,4,1:3,,,,,,20,4,2,1
asymmetric,4,1096,26,c,6,0,40832,4,69696,69696,,69717,69716,69722,69723,,,0,,,,0,,,,0,,69698,69713,4,5:3,69700,69715,4,5:3,69701,69716,4,5:3,69717,69720,4,1:3,,,,,,20,4,2,1
asymmetric,4,1097,26,c,7,0,41088,4,69726,69726,,69747,69746,69752,69753,,,0,,,,0,,,,0,,69728,69743,4,5:3,69730,69745,4,5:3,69731,69746,4,5:3,69747,69750,4,1:3,,,,,,20,4,2,1
asymmetric,4,1098,27,a,0,0,6208,16,69762,69762,69763,,,,69798,69765,69780,16,1:15,69781,69796,16,1:15,69782,69797,16,1:15,,,0,,,,0,,,,0,,,,0,,1,2,15,17,1,,,,
asymmetric,4,1099,27,a,0,16,6336,16,69801,69801,69802,,,,69837,69804,69819,16,1:15,69820,69835,16,1:15,69821,69836,16,1:15,,,0,,,,0,,,,0,,,,0,,1,2,15,17,1,,,,
asymmetric,4,1100,27,a,1,0,6464,16,69840,69840,69841,,,,69876,69843,69858,16,1:15,69859,69874,16,1:15,69860,69875,16,1:15,,,0,,,,0,,,,0,,,,0,,1,2,15,17,1,,,,
asymmetric,4,1101,27,a,1,16,6592,16,69879,69879,69880,,,,69915,69882,69897,16,1:15,69898,69913,16,1:15,69899,69914,16,1:15,,,0,,,,0,,,,0,,,,0,,1,2,15,17,1,,,,
asymmetric,4,1102,27,a,2,0,6720,16,69918,69918,69919,,,,69954,69921,69936,16,1:15,69937,69952,16,1:15,69938,69953,16,1:15,,,0,,,,0,,,,0,,,,0,,1,2,15,17,1,,,,
asymmetric,4,1103,27,a,2,16,6848,16,69957,69957,69958,,,,69993,69960,69975,16,1:15,69976,69991,16,1:15,69977,69992,16,1:15,,,0,,,,0,,,,0,,,,0,,1,2,15,17,1,,,,
asymmetric,4,1104,27,a,3,0,6976,16,69996,69996,69997,,,,70032,69999,70014,16,1:15,70015,70030,16,1:15,70016,70031,16,1:15,,,0,,,,0,,,,0,,,,0,,1,2,15,17,1,,,,
asymmetric,4,1105,27,a,3,16,7104,16,70035,70035,70036,,,,70071,70038,70053,16,1:15,70054,70069,16,1:15,70055,70070,16,1:15,,,0,,,,0,,,,0,,,,0,,1,2,15,17,1,,,,
asymmetric,4,1106,27,a,4,0,7232,16,70074,70074,70075,,,,70110,70077,70092,16,1:15,70093,70108,16,1:15,70094,70109,16,1:15,,,0,,,,0,,,,0,,,,0,,1,2,15,17,1,,,,
asymmetric,4,1107,27,a,4,16,7360,16,70113,70113,70114,,,,70149,70116,70131,16,1:15,70132,70147,16,1:15,70133,70148,16,1:15,,,0,,,,0,,,,0,,,,0,,1,2,15,17,1,,,,
asymmetric,4,1108,27,a,5,0,7488,16,70152,70152,70153,,,,70188,70155,70170,16,1:15,70171,70186,16,1:15,70172,70187,16,1:15,,,0,,,,0,,,,0,,,,0,,1,2,15,17,1,,,,
asymmetric,4,1109,27,a,5,16,7616,16,70191,70191,70192,,,,70227,70194,70209,16,1:15,70210,70225,16,1:15,70211,70226,16,1:15,,,0,,,,0,,,,0,,,,0,,1,2,15,17,1,,,,
asymmetric,4,1110,27,a,6,0,7744,16,70230,70230,70231,,,,70266,70233,70248,16,1:15,70249,70264,16,1:15,70250,70265,16,1:15,,,0,,,,0,,,,0,,,,0,,1,2,15,17,1,,,,
asymmetric,4,1111,27,a,6,16,7872,16,70269,70269,70270,,,,70305,70272,70287,16,1:15,70288,70303,16,1:15,70289,70304,16,1:15,,,0,,,,0,,,,0,,,,0,,1,2,15,17,1,,,,
asymmetric,4,1112,27,a,7,0,8000,16,70308,70308,70309,,,,70344,70311,70326,16,1:15,70327,70342,16,1:15,70328,70343,16,1:15,,,0,,,,0,,,,0,,,,0,,1,2,15,17,1,,,,
asymmetric,4,1113,27,a,7,16,8128,8,70347,70347,70348,,,,70367,70350,70357,8,1:7,70358,70365,8,1:7,70359,70366,8,1:7,,,0,,,,0,,,,0,,,,0,,1,2,7,9,1,,,,
asymmetric,4,1114,27,a,7,24,8192,8,70370,70370,70371,,,,70390,70373,70380,8,1:7,70381,70388,8,1:7,70382,70389,8,1:7,,,0,,,,0,,,,0,,,,0,,1,2,7,9,1,,,,
asymmetric,4,1115,27,bt,0,0,22976,16,70398,70398,70399,,,,70434,70401,70416,16,1:15,70417,70432,16,1:15,70418,70433,16,1:15,,,0,,,,0,,,,0,,,,0,,1,2,15,17,1,,,,
asymmetric,4,1116,27,bt,0,16,23104,16,70437,70437,70438,,,,70473,70440,70455,16,1:15,70456,70471,16,1:15,70457,70472,16,1:15,,,0,,,,0,,,,0,,,,0,,1,2,15,17,1,,,,
asymmetric,4,1117,27,bt,1,0,23232,16,70476,70476,70477,,,,70512,70479,70494,16,1:15,70495,70510,16,1:15,70496,70511,16,1:15,,,0,,,,0,,,,0,,,,0,,1,2,15,17,1,,,,
asymmetric,4,1118,27,bt,1,16,23360,16,70515,70515,70516,,,,70551,70518,70533,16,1:15,70534,70549,16,1:15,70535,70550,16,1:15,,,0,,,,0,,,,0,,,,0,,1,2,15,17,1,,,,
asymmetric,4,1119,27,bt,2,0,23488,16,70554,70554,70555,,,,70590,70557,70572,16,1:15,70573,70588,16,1:15,70574,70589,16,1:15,,,0,,,,0,,,,0,,,,0,,1,2,15,17,1,,,,
asymmetric,4,1120,27,bt,2,16,23616,16,70593,70593,70594,,,,70629,70596,70611,16,1:15,70612,70627,16,1:15,70613,70628,16,1:15,,,0,,,,0,,,,0,,,,0,,1,2,15,17,1,,,,
asymmetric,4,1121,27,bt,3,0,23744,16,70632,70632,70633,,,,70668,70635,70650,16,1:15,70651,70666,16,1:15,70652,70667,16,1:15,,,0,,,,0,,,,0,,,,0,,1,2,15,17,1,,,,
asymmetric,4,1122,27,bt,3,16,23872,16,70671,70671,70672,,,,70707,70674,70689,16,1:15,70690,70705,16,1:15,70691,70706,16,1:15,,,0,,,,0,,,,0,,,,0,,1,2,15,17,1,,,,
asymmetric,4,1123,27,bt,4,0,24000,16,70710,70710,70711,,,,70746,70713,70728,16,1:15,70729,70744,16,1:15,70730,70745,16,1:15,,,0,,,,0,,,,0,,,,0,,1,2,15,17,1,,,,
asymmetric,4,1124,27,bt,4,16,24128,16,70749,70749,70750,,,,70785,70752,70767,16,1:15,70768,70783,16,1:15,70769,70784,16,1:15,,,0,,,,0,,,,0,,,,0,,1,2,15,17,1,,,,
asymmetric,4,1125,27,bt,5,0,24256,16,70788,70788,70789,,,,70824,70791,70806,16,1:15,70807,70822,16,1:15,70808,70823,16,1:15,,,0,,,,0,,,,0,,,,0,,1,2,15,17,1,,,,
asymmetric,4,1126,27,bt,5,16,24384,16,70827,70827,70828,,,,70863,70830,70845,16,1:15,70846,70861,16,1:15,70847,70862,16,1:15,,,0,,,,0,,,,0,,,,0,,1,2,15,17,1,,,,
asymmetric,4,1127,27,bt,6,0,24512,8,70866,70866,70867,,,,70886,70869,70876,8,1:7,70877,70884,8,1:7,70878,70885,8,1:7,,,0,,,,0,,,,0,,,,0,,1,2,7,9,1,,,,
asymmetric,4,1128,27,bt,6,8,24576,16,70889,70889,70890,,,,70925,70892,70907,16,1:15,70908,70923,16,1:15,70909,70924,16,1:15,,,0,,,,0,,,,0,,,,0,,1,2,15,17,1,,,,
asymmetric,4,1129,27,bt,6,24,24704,8,70928,70928,70929,,,,70948,70931,70938,8,1:7,70939,70946,8,1:7,70940,70947,8,1:7,,,0,,,,0,,,,0,,,,0,,1,2,7,9,1,,,,
asymmetric,4,1130,27,bt,7,0,24768,16,70951,70951,70952,,,,70987,70954,70969,16,1:15,70970,70985,16,1:15,70971,70986,16,1:15,,,0,,,,0,,,,0,,,,0,,1,2,15,17,1,,,,
asymmetric,4,1131,27,bt,7,16,24896,16,70990,70990,70991,,,,71026,70993,71008,16,1:15,71009,71024,16,1:15,71010,71025,16,1:15,,,0,,,,0,,,,0,,,,0,,1,2,15,17,1,,,,
asymmetric,4,1132,27,c,0,0,39328,4,72116,72116,,72137,72136,72142,72143,,,0,,,,0,,,,0,,72118,72133,4,5:3,72120,72135,4,5:3,72121,72136,4,5:3,72137,72140,4,1:3,,,,,,20,4,2,1
asymmetric,4,1133,27,c,1,0,39584,4,72146,72146,,72167,72166,72172,72173,,,0,,,,0,,,,0,,72148,72163,4,5:3,72150,72165,4,5:3,72151,72166,4,5:3,72167,72170,4,1:3,,,,,,20,4,2,1
asymmetric,4,1134,27,c,2,0,39840,4,72176,72176,,72197,72196,72202,72203,,,0,,,,0,,,,0,,72178,72193,4,5:3,72180,72195,4,5:3,72181,72196,4,5:3,72197,72200,4,1:3,,,,,,20,4,2,1
asymmetric,4,1135,27,c,3,0,40096,4,72206,72206,,72227,72226,72232,72233,,,0,,,,0,,,,0,,72208,72223,4,5:3,72210,72225,4,5:3,72211,72226,4,5:3,72227,72230,4,1:3,,,,,,20,4,2,1
asymmetric,4,1136,27,c,4,0,40352,4,72236,72236,,72257,72256,72262,72263,,,0,,,,0,,,,0,,72238,72253,4,5:3,72240,72255,4,5:3,72241,72256,4,5:3,72257,72260,4,1:3,,,,,,20,4,2,1
asymmetric,4,1137,27,c,5,0,40608,4,72266,72266,,72287,72286,72292,72293,,,0,,,,0,,,,0,,72268,72283,4,5:3,72270,72285,4,5:3,72271,72286,4,5:3,72287,72290,4,1:3,,,,,,20,4,2,1
asymmetric,4,1138,27,c,6,0,40864,4,72296,72296,,72317,72316,72322,72323,,,0,,,,0,,,,0,,72298,72313,4,5:3,72300,72315,4,5:3,72301,72316,4,5:3,72317,72320,4,1:3,,,,,,20,4,2,1
asymmetric,4,1139,27,c,7,0,41120,4,72326,72326,,72347,72346,72352,72353,,,0,,,,0,,,,0,,72328,72343,4,5:3,72330,72345,4,5:3,72331,72346,4,5:3,72347,72350,4,1:3,,,,,,20,4,2,1
asymmetric,4,1140,28,a,0,0,6208,16,72362,72362,72363,,,,72398,72365,72380,16,1:15,72381,72396,16,1:15,72382,72397,16,1:15,,,0,,,,0,,,,0,,,,0,,1,2,15,17,1,,,,
asymmetric,4,1141,28,a,0,16,6336,16,72401,72401,72402,,,,72437,72404,72419,16,1:15,72420,72435,16,1:15,72421,72436,16,1:15,,,0,,,,0,,,,0,,,,0,,1,2,15,17,1,,,,
asymmetric,4,1142,28,a,1,0,6464,16,72440,72440,72441,,,,72476,72443,72458,16,1:15,72459,72474,16,1:15,72460,72475,16,1:15,,,0,,,,0,,,,0,,,,0,,1,2,15,17,1,,,,
asymmetric,4,1143,28,a,1,16,6592,16,72479,72479,72480,,,,72515,72482,72497,16,1:15,72498,72513,16,1:15,72499,72514,16,1:15,,,0,,,,0,,,,0,,,,0,,1,2,15,17,1,,,,
asymmetric,4,1144,28,a,2,0,6720,16,72518,72518,72519,,,,72554,72521,72536,16,1:15,72537,72552,16,1:15,72538,72553,16,1:15,,,0,,,,0,,,,0,,,,0,,1,2,15,17,1,,,,
asymmetric,4,1145,28,a,2,16,6848,16,72557,72557,72558,,,,72593,72560,72575,16,1:15,72576,72591,16,1:15,72577,72592,16,1:15,,,0,,,,0,,,,0,,,,0,,1,2,15,17,1,,,,
asymmetric,4,1146,28,a,3,0,6976,16,72596,72596,72597,,,,72632,72599,72614,16,1:15,72615,72630,16,1:15,72616,72631,16,1:15,,,0,,,,0,,,,0,,,,0,,1,2,15,17,1,,,,
asymmetric,4,1147,28,a,3,16,7104,16,72635,72635,72636,,,,72671,72638,72653,16,1:15,72654,72669,16,1:15,72655,72670,16,1:15,,,0,,,,0,,,,0,,,,0,,1,2,15,17,1,,,,
asymmetric,4,1148,28,a,4,0,7232,16,72674,72674,72675,,,,72710,72677,72692,16,1:15,72693,72708,16,1:15,72694,72709,16,1:15,,,0,,,,0,,,,0,,,,0,,1,2,15,17,1,,,,
asymmetric,4,1149,28,a,4,16,7360,16,72713,72713,72714,,,,72749,72716,72731,16,1:15,72732,72747,16,1:15,72733,72748,16,1:15,,,0,,,,0,,,,0,,,,0,,1,2,15,17,1,,,,
asymmetric,4,1150,28,a,5,0,7488,16,72752,72752,72753,,,,72788,72755,72770,16,1:15,72771,72786,16,1:15,72772,72787,16,1:15,,,0,,,,0,,,,0,,,,0,,1,2,15,17,1,,,,
asymmetric,4,1151,28,a,5,16,7616,16,72791,72791,72792,,,,72827,72794,72809,16,1:15,72810,72825,16,1:15,72811,72826,16,1:15,,,0,,,,0,,,,0,,,,0,,1,2,15,17,1,,,,
asymmetric,4,1152,28,a,6,0,7744,16,72830,72830,72831,,,,72866,72833,72848,16,1:15,72849,72864,16,1:15,72850,72865,16,1:15,,,0,,,,0,,,,0,,,,0,,1,2,15,17,1,,,,
asymmetric,4,1153,28,a,6,16,7872,16,72869,72869,72870,,,,72905,72872,72887,16,1:15,72888,72903,16,1:15,72889,72904,16,1:15,,,0,,,,0,,,,0,,,,0,,1,2,15,17,1,,,,
asymmetric,4,1154,28,a,7,0,8000,16,72908,72908,72909,,,,72944,72911,72926,16,1:15,72927,72942,16,1:15,72928,72943,16,1:15,,,0,,,,0,,,,0,,,,0,,1,2,15,17,1,,,,
asymmetric,4,1155,28,a,7,16,8128,8,72947,72947,72948,,,,72967,72950,72957,8,1:7,72958,72965,8,1:7,72959,72966,8,1:7,,,0,,,,0,,,,0,,,,0,,1,2,7,9,1,,,,
asymmetric,4,1156,28,a,7,24,8192,8,72970,72970,72971,,,,72990,72973,72980,8,1:7,72981,72988,8,1:7,72982,72989,8,1:7,,,0,,,,0,,,,0,,,,0,,1,2,7,9,1,,,,
asymmetric,4,1157,28,bt,0,0,25024,16,72998,72998,72999,,,,73034,73001,73016,16,1:15,73017,73032,16,1:15,73018,73033,16,1:15,,,0,,,,0,,,,0,,,,0,,1,2,15,17,1,,,,
asymmetric,4,1158,28,bt,0,16,25152,16,73037,73037,73038,,,,73073,73040,73055,16,1:15,73056,73071,16,1:15,73057,73072,16,1:15,,,0,,,,0,,,,0,,,,0,,1,2,15,17,1,,,,
asymmetric,4,1159,28,bt,1,0,25280,16,73076,73076,73077,,,,73112,73079,73094,16,1:15,73095,73110,16,1:15,73096,73111,16,1:15,,,0,,,,0,,,,0,,,,0,,1,2,15,17,1,,,,
asymmetric,4,1160,28,bt,1,16,25408,16,73115,73115,73116,,,,73151,73118,73133,16,1:15,73134,73149,16,1:15,73135,73150,16,1:15,,,0,,,,0,,,,0,,,,0,,1,2,15,17,1,,,,
asymmetric,4,1161,28,bt,2,0,25536,16,73154,73154,73155,,,,73190,73157,73172,16,1:15,73173,73188,16,1:15,73174,73189,16,1:15,,,0,,,,0,,,,0,,,,0,,1,2,15,17,1,,,,
asymmetric,4,1162,28,bt,2,16,25664,16,73193,73193,73194,,,,73229,73196,73211,16,1:15,73212,73227,16,1:15,73213,73228,16,1:15,,,0,,,,0,,,,0,,,,0,,1,2,15,17,1,,,,
asymmetric,4,1163,28,bt,3,0,25792,16,73232,73232,73233,,,,73268,73235,73250,16,1:15,73251,73266,16,1:15,73252,73267,16,1:15,,,0,,,,0,,,,0,,,,0,,1,2,15,17,1,,,,
asymmetric,4,1164,28,bt,3,16,25920,16,73271,73271,73272,,,,73307,73274,73289,16,1:15,73290,73305,16,1:15,73291,73306,16,1:15,,,0,,,,0,,,,0,,,,0,,1,2,15,17,1,,,,
asymmetric,4,1165,28,bt,4,0,26048,16,73310,73310,73311,,,,73346,73313,73328,16,1:15,73329,73344,16,1:15,73330,73345,16,1:15,,,0,,,,0,,,,0,,,,0,,1,2,15,17,1,,,,
asymmetric,4,1166,28,bt,4,16,26176,16,73349,73349,73350,,,,73385,73352,73367,16,1:15,73368,73383,16,1:15,73369,73384,16,1:15,,,0,,,,0,,,,0,,,,0,,1,2,15,17,1,,,,
asymmetric,4,1167,28,bt,5,0,26304,16,73388,73388,73389,,,,73424,73391,73406,16,1:15,73407,73422,16,1:15,73408,73423,16,1:15,,,0,,,,0,,,,0,,,,0,,1,2,15,17,1,,,,
asymmetric,4,1168,28,bt,5,16,26432,16,73427,73427,73428,,,,73463,73430,73445,16,1:15,73446,73461,16,1:15,73447,73462,16,1:15,,,0,,,,0,,,,0,,,,0,,1,2,15,17,1,,,,
asymmetric,4,1169,28,bt,6,0,26560,16,73466,73466,73467,,,,73502,73469,73484,16,1:15,73485,73500,16,1:15,73486,73501,16,1:15,,,0,,,,0,,,,0,,,,0,,1,2,15,17,1,,,,
asymmetric,4,1170,28,bt,6,16,26688,16,73505,73505,73506,,,,73541,73508,73523,16,1:15,73524,73539,16,1:15,73525,73540,16,1:15,,,0,,,,0,,,,0,,,,0,,1,2,15,17,1,,,,
asymmetric,4,1171,28,bt,7,0,26816,16,73544,73544,73545,,,,73580,73547,73562,16,1:15,73563,73578,16,1:15,73564,73579,16,1:15,,,0,,,,0,,,,0,,,,0,,1,2,15,17,1,,,,
asymmetric,4,1172,28,bt,7,16,26944,16,73583,73583,73584,,,,73619,73586,73601,16,1:15,73602,73617,16,1:15,73603,73618,16,1:15,,,0,,,,0,,,,0,,,,0,,1,2,15,17,1,,,,
asymmetric,4,1173,28,c,0,0,39360,4,74709,74709,,74730,74729,74735,74736,,,0,,,,0,,,,0,,74711,74726,4,5:3,74713,74728,4,5:3,74714,74729,4,5:3,74730,74733,4,1:3,,,,,,20,4,2,1
asymmetric,4,1174,28,c,1,0,39616,4,74739,74739,,74760,74759,74765,74766,,,0,,,,0,,,,0,,74741,74756,4,5:3,74743,74758,4,5:3,74744,74759,4,5:3,74760,74763,4,1:3,,,,,,20,4,2,1
asymmetric,4,1175,28,c,2,0,39872,4,74769,74769,,74790,74789,74795,74796,,,0,,,,0,,,,0,,74771,74786,4,5:3,74773,74788,4,5:3,74774,74789,4,5:3,74790,74793,4,1:3,,,,,,20,4,2,1
asymmetric,4,1176,28,c,3,0,40128,4,74799,74799,,74820,74819,74825,74826,,,0,,,,0,,,,0,,74801,74816,4,5:3,74803,74818,4,5:3,74804,74819,4,5:3,74820,74823,4,1:3,,,,,,20,4,2,1
asymmetric,4,1177,28,c,4,0,40384,4,74829,74829,,74850,74849,74855,74856,,,0,,,,0,,,,0,,74831,74846,4,5:3,74833,74848,4,5:3,74834,74849,4,5:3,74850,74853,4,1:3,,,,,,20,4,2,1
asymmetric,4,1178,28,c,5,0,40640,4,74859,74859,,74880,74879,74885,74886,,,0,,,,0,,,,0,,74861,74876,4,5:3,74863,74878,4,5:3,74864,74879,4,5:3,74880,74883,4,1:3,,,,,,20,4,2,1
asymmetric,4,1179,28,c,6,0,40896,4,74889,74889,,74910,74909,74915,74916,,,0,,,,0,,,,0,,74891,74906,4,5:3,74893,74908,4,5:3,74894,74909,4,5:3,74910,74913,4,1:3,,,,,,20,4,2,1
asymmetric,4,1180,28,c,7,0,41152,4,74919,74919,,74940,74939,74945,74946,,,0,,,,0,,,,0,,74921,74936,4,5:3,74923,74938,4,5:3,74924,74939,4,5:3,74940,74943,4,1:3,,,,,,20,4,2,1
asymmetric,4,1181,29,a,0,0,6208,16,74955,74955,74956,,,,74991,74958,74973,16,1:15,74974,74989,16,1:15,74975,74990,16,1:15,,,0,,,,0,,,,0,,,,0,,1,2,15,17,1,,,,
asymmetric,4,1182,29,a,0,16,6336,16,74994,74994,74995,,,,75030,74997,75012,16,1:15,75013,75028,16,1:15,75014,75029,16,1:15,,,0,,,,0,,,,0,,,,0,,1,2,15,17,1,,,,
asymmetric,4,1183,29,a,1,0,6464,16,75033,75033,75034,,,,75069,75036,75051,16,1:15,75052,75067,16,1:15,75053,75068,16,1:15,,,0,,,,0,,,,0,,,,0,,1,2,15,17,1,,,,
asymmetric,4,1184,29,a,1,16,6592,16,75072,75072,75073,,,,75108,75075,75090,16,1:15,75091,75106,16,1:15,75092,75107,16,1:15,,,0,,,,0,,,,0,,,,0,,1,2,15,17,1,,,,
asymmetric,4,1185,29,a,2,0,6720,16,75111,75111,75112,,,,75147,75114,75129,16,1:15,75130,75145,16,1:15,75131,75146,16,1:15,,,0,,,,0,,,,0,,,,0,,1,2,15,17,1,,,,
asymmetric,4,1186,29,a,2,16,6848,16,75150,75150,75151,,,,75186,75153,75168,16,1:15,75169,75184,16,1:15,75170,75185,16,1:15,,,0,,,,0,,,,0,,,,0,,1,2,15,17,1,,,,
asymmetric,4,1187,29,a,3,0,6976,16,75189,75189,75190,,,,75225,75192,75207,16,1:15,75208,75223,16,1:15,75209,75224,16,1:15,,,0,,,,0,,,,0,,,,0,,1,2,15,17,1,,,,
asymmetric,4,1188,29,a,3,16,7104,16,75228,75228,75229,,,,75264,75231,75246,16,1:15,75247,75262,16,1:15,75248,75263,16,1:15,,,0,,,,0,,,,0,,,,0,,1,2,15,17,1,,,,
asymmetric,4,1189,29,a,4,0,7232,16,75267,75267,75268,,,,75303,75270,75285,16,1:15,75286,75301,16,1:15,75287,75302,16,1:15,,,0,,,,0,,,,0,,,,0,,1,2,15,17,1,,,,
asymmetric,4,1190,29,a,4,16,7360,16,75306,75306,75307,,,,75342,75309,75324,16,1:15,75325,75340,16,1:15,75326,75341,16,1:15,,,0,,,,0,,,,0,,,,0,,1,2,15,17,1,,,,
asymmetric,4,1191,29,a,5,0,7488,16,75345,75345,75346,,,,75381,75348,75363,16,1:15,75364,75379,16,1:15,75365,75380,16,1:15,,,0,,,,0,,,,0,,,,0,,1,2,15,17,1,,,,
asymmetric,4,1192,29,a,5,16,7616,16,75384,75384,75385,,,,75420,75387,75402,16,1:15,75403,75418,16,1:15,75404,75419,16,1:15,,,0,,,,0,,,,0,,,,0,,1,2,15,17,1,,,,
asymmetric,4,1193,29,a,6,0,7744,16,75423,75423,75424,,,,75459,75426,75441,16,1:15,75442,75457,16,1:15,75443,75458,16,1:15,,,0,,,,0,,,,0,,,,0,,1,2,15,17,1,,,,
asymmetric,4,1194,29,a,6,16,7872,16,75462,75462,75463,,,,75498,75465,75480,16,1:15,75481,75496,16,1:15,75482,75497,16,1:15,,,0,,,,0,,,,0,,,,0,,1,2,15,17,1,,,,
asymmetric,4,1195,29,a,7,0,8000,16,75501,75501,75502,,,,75537,75504,75519,16,1:15,75520,75535,16,1:15,75521,75536,16,1:15,,,0,,,,0,,,,0,,,,0,,1,2,15,17,1,,,,
asymmetric,4,1196,29,a,7,16,8128,8,75540,75540,75541,,,,75560,75543,75550,8,1:7,75551,75558,8,1:7,75552,75559,8,1:7,,,0,,,,0,,,,0,,,,0,,1,2,7,9,1,,,,
asymmetric,4,1197,29,a,7,24,8192,8,75563,75563,75564,,,,75583,75566,75573,8,1:7,75574,75581,8,1:7,75575,75582,8,1:7,,,0,,,,0,,,,0,,,,0,,1,2,7,9,1,,,,
asymmetric,4,1198,29,bt,0,0,27072,16,75591,75591,75592,,,,75627,75594,75609,16,1:15,75610,75625,16,1:15,75611,75626,16,1:15,,,0,,,,0,,,,0,,,,0,,1,2,15,17,1,,,,
asymmetric,4,1199,29,bt,0,16,27200,16,75630,75630,75631,,,,75666,75633,75648,16,1:15,75649,75664,16,1:15,75650,75665,16,1:15,,,0,,,,0,,,,0,,,,0,,1,2,15,17,1,,,,
asymmetric,4,1200,29,bt,1,0,27328,16,75669,75669,75670,,,,75705,75672,75687,16,1:15,75688,75703,16,1:15,75689,75704,16,1:15,,,0,,,,0,,,,0,,,,0,,1,2,15,17,1,,,,
asymmetric,4,1201,29,bt,1,16,27456,16,75708,75708,75709,,,,75744,75711,75726,16,1:15,75727,75742,16,1:15,75728,75743,16,1:15,,,0,,,,0,,,,0,,,,0,,1,2,15,17,1,,,,
asymmetric,4,1202,29,bt,2,0,27584,16,75747,75747,75748,,,,75783,75750,75765,16,1:15,75766,75781,16,1:15,75767,75782,16,1:15,,,0,,,,0,,,,0,,,,0,,1,2,15,17,1,,,,
asymmetric,4,1203,29,bt,2,16,27712,16,75786,75786,75787,,,,75822,75789,75804,16,1:15,75805,75820,16,1:15,75806,75821,16,1:15,,,0,,,,0,,,,0,,,,0,,1,2,15,17,1,,,,
asymmetric,4,1204,29,bt,3,0,27840,16,75825,75825,75826,,,,75861,75828,75843,16,1:15,75844,75859,16,1:15,75845,75860,16,1:15,,,0,,,,0,,,,0,,,,0,,1,2,15,17,1,,,,
asymmetric,4,1205,29,bt,3,16,27968,16,75864,75864,75865,,,,75900,75867,75882,16,1:15,75883,75898,16,1:15,75884,75899,16,1:15,,,0,,,,0,,,,0,,,,0,,1,2,15,17,1,,,,
asymmetric,4,1206,29,bt,4,0,28096,16,75903,75903,75904,,,,75939,75906,75921,16,1:15,75922,75937,16,1:15,75923,75938,16,1:15,,,0,,,,0,,,,0,,,,0,,1,2,15,17,1,,,,
asymmetric,4,1207,29,bt,4,16,28224,16,75942,75942,75943,,,,75978,75945,75960,16,1:15,75961,75976,16,1:15,75962,75977,16,1:15,,,0,,,,0,,,,0,,,,0,,1,2,15,17,1,,,,
asymmetric,4,1208,29,bt,5,0,28352,16,75981,75981,75982,,,,76017,75984,75999,16,1:15,76000,76015,16,1:15,76001,76016,16,1:15,,,0,,,,0,,,,0,,,,0,,1,2,15,17,1,,,,
asymmetric,4,1209,29,bt,5,16,28480,16,76020,76020,76021,,,,76056,76023,76038,16,1:15,76039,76054,16,1:15,76040,76055,16,1:15,,,0,,,,0,,,,0,,,,0,,1,2,15,17,1,,,,
asymmetric,4,1210,29,bt,6,0,28608,8,76059,76059,76060,,,,76079,76062,76069,8,1:7,76070,76077,8,1:7,76071,76078,8,1:7,,,0,,,,0,,,,0,,,,0,,1,2,7,9,1,,,,
asymmetric,4,1211,29,bt,6,8,28672,16,76082,76082,76083,,,,76118,76085,76100,16,1:15,76101,76116,16,1:15,76102,76117,16,1:15,,,0,,,,0,,,,0,,,,0,,1,2,15,17,1,,,,
asymmetric,4,1212,29,bt,6,24,28800,8,76121,76121,76122,,,,76141,76124,76131,8,1:7,76132,76139,8,1:7,76133,76140,8,1:7,,,0,,,,0,,,,0,,,,0,,1,2,7,9,1,,,,
asymmetric,4,1213,29,bt,7,0,28864,16,76144,76144,76145,,,,76180,76147,76162,16,1:15,76163,76178,16,1:15,76164,76179,16,1:15,,,0,,,,0,,,,0,,,,0,,1,2,15,17,1,,,,
asymmetric,4,1214,29,bt,7,16,28992,16,76183,76183,76184,,,,76219,76186,76201,16,1:15,76202,76217,16,1:15,76203,76218,16,1:15,,,0,,,,0,,,,0,,,,0,,1,2,15,17,1,,,,
asymmetric,4,1215,29,c,0,0,39392,4,77309,77309,,77330,77329,77335,77336,,,0,,,,0,,,,0,,77311,77326,4,5:3,77313,77328,4,5:3,77314,77329,4,5:3,77330,77333,4,1:3,,,,,,20,4,2,1
asymmetric,4,1216,29,c,1,0,39648,4,77339,77339,,77360,77359,77365,77366,,,0,,,,0,,,,0,,77341,77356,4,5:3,77343,77358,4,5:3,77344,77359,4,5:3,77360,77363,4,1:3,,,,,,20,4,2,1
asymmetric,4,1217,29,c,2,0,39904,4,77369,77369,,77390,77389,77395,77396,,,0,,,,0,,,,0,,77371,77386,4,5:3,77373,77388,4,5:3,77374,77389,4,5:3,77390,77393,4,1:3,,,,,,20,4,2,1
asymmetric,4,1218,29,c,3,0,40160,4,77399,77399,,77420,77419,77425,77426,,,0,,,,0,,,,0,,77401,77416,4,5:3,77403,77418,4,5:3,77404,77419,4,5:3,77420,77423,4,1:3,,,,,,20,4,2,1
asymmetric,4,1219,29,c,4,0,40416,4,77429,77429,,77450,77449,77455,77456,,,0,,,,0,,,,0,,77431,77446,4,5:3,77433,77448,4,5:3,77434,77449,4,5:3,77450,77453,4,1:3,,,,,,20,4,2,1
asymmetric,4,1220,29,c,5,0,40672,4,77459,77459,,77480,77479,77485,77486,,,0,,,,0,,,,0,,77461,77476,4,5:3,77463,77478,4,5:3,77464,77479,4,5:3,77480,77483,4,1:3,,,,,,20,4,2,1
asymmetric,4,1221,29,c,6,0,40928,4,77489,77489,,77510,77509,77515,77516,,,0,,,,0,,,,0,,77491,77506,4,5:3,77493,77508,4,5:3,77494,77509,4,5:3,77510,77513,4,1:3,,,,,,20,4,2,1
asymmetric,4,1222,29,c,7,0,41184,4,77519,77519,,77540,77539,77545,77546,,,0,,,,0,,,,0,,77521,77536,4,5:3,77523,77538,4,5:3,77524,77539,4,5:3,77540,77543,4,1:3,,,,,,20,4,2,1
asymmetric,4,1223,30,a,0,0,6208,16,77555,77555,77556,,,,77591,77558,77573,16,1:15,77574,77589,16,1:15,77575,77590,16,1:15,,,0,,,,0,,,,0,,,,0,,1,2,15,17,1,,,,
asymmetric,4,1224,30,a,0,16,6336,16,77594,77594,77595,,,,77630,77597,77612,16,1:15,77613,77628,16,1:15,77614,77629,16,1:15,,,0,,,,0,,,,0,,,,0,,1,2,15,17,1,,,,
asymmetric,4,1225,30,a,1,0,6464,16,77633,77633,77634,,,,77669,77636,77651,16,1:15,77652,77667,16,1:15,77653,77668,16,1:15,,,0,,,,0,,,,0,,,,0,,1,2,15,17,1,,,,
asymmetric,4,1226,30,a,1,16,6592,16,77672,77672,77673,,,,77708,77675,77690,16,1:15,77691,77706,16,1:15,77692,77707,16,1:15,,,0,,,,0,,,,0,,,,0,,1,2,15,17,1,,,,
asymmetric,4,1227,30,a,2,0,6720,16,77711,77711,77712,,,,77747,77714,77729,16,1:15,77730,77745,16,1:15,77731,77746,16,1:15,,,0,,,,0,,,,0,,,,0,,1,2,15,17,1,,,,
asymmetric,4,1228,30,a,2,16,6848,16,77750,77750,77751,,,,77786,77753,77768,16,1:15,77769,77784,16,1:15,77770,77785,16,1:15,,,0,,,,0,,,,0,,,,0,,1,2,15,17,1,,,,
asymmetric,4,1229,30,a,3,0,6976,16,77789,77789,77790,,,,77825,77792,77807,16,1:15,77808,77823,16,1:15,77809,77824,16,1:15,,,0,,,,0,,,,0,,,,0,,1,2,15,17,1,,,,
asymmetric,4,1230,30,a,3,16,7104,16,77828,77828,77829,,,,77864,77831,77846,16,1:15,77847,77862,16,1:15,77848,77863,16,1:15,,,0,,,,0,,,,0,,,,0,,1,2,15,17,1,,,,
asymmetric,4,1231,30,a,4,0,7232,16,77867,77867,77868,,,,77903,77870,77885,16,1:15,77886,77901,16,1:15,77887,77902,16,1:15,,,0,,,,0,,,,0,,,,0,,1,2,15,17,1,,,,
asymmetric,4,1232,30,a,4,16,7360,16,77906,77906,77907,,,,77942,77909,77924,16,1:15,77925,77940,16,1:15,77926,77941,16,1:15,,,0,,,,0,,,,0,,,,0,,1,2,15,17,1,,,,
asymmetric,4,1233,30,a,5,0,7488,16,77945,77945,77946,,,,77981,77948,77963,16,1:15,77964,77979,16,1:15,77965,77980,16,1:15,,,0,,,,0,,,,0,,,,0,,1,2,15,17,1,,,,
asymmetric,4,1234,30,a,5,16,7616,16,77984,77984,77985,,,,78020,77987,78002,16,1:15,78003,78018,16,1:15,78004,78019,16,1:15,,,0,,,,0,,,,0,,,,0,,1,2,15,17,1,,,,
asymmetric,4,1235,30,a,6,0,7744,16,78023,78023,78024,,,,78059,78026,78041,16,1:15,78042,78057,16,1:15,78043,78058,16,1:15,,,0,,,,0,,,,0,,,,0,,1,2,15,17,1,,,,
asymmetric,4,1236,30,a,6,16,7872,16,78062,78062,78063,,,,78098,78065,78080,16,1:15,78081,78096,16,1:15,78082,78097,16,1:15,,,0,,,,0,,,,0,,,,0,,1,2,15,17,1,,,,
asymmetric,4,1237,30,a,7,0,8000,16,78101,78101,78102,,,,78137,78104,78119,16,1:15,78120,78135,16,1:15,78121,78136,16,1:15,,,0,,,,0,,,,0,,,,0,,1,2,15,17,1,,,,
asymmetric,4,1238,30,a,7,16,8128,8,78140,78140,78141,,,,78160,78143,78150,8,1:7,78151,78158,8,1:7,78152,78159,8,1:7,,,0,,,,0,,,,0,,,,0,,1,2,7,9,1,,,,
asymmetric,4,1239,30,a,7,24,8192,8,78163,78163,78164,,,,78183,78166,78173,8,1:7,78174,78181,8,1:7,78175,78182,8,1:7,,,0,,,,0,,,,0,,,,0,,1,2,7,9,1,,,,
asymmetric,4,1240,30,bt,0,0,29120,16,78191,78191,78192,,,,78227,78194,78209,16,1:15,78210,78225,16,1:15,78211,78226,16,1:15,,,0,,,,0,,,,0,,,,0,,1,2,15,17,1,,,,
asymmetric,4,1241,30,bt,0,16,29248,16,78230,78230,78231,,,,78266,78233,78248,16,1:15,78249,78264,16,1:15,78250,78265,16,1:15,,,0,,,,0,,,,0,,,,0,,1,2,15,17,1,,,,
asymmetric,4,1242,30,bt,1,0,29376,16,78269,78269,78270,,,,78305,78272,78287,16,1:15,78288,78303,16,1:15,78289,78304,16,1:15,,,0,,,,0,,,,0,,,,0,,1,2,15,17,1,,,,
asymmetric,4,1243,30,bt,1,16,29504,16,78308,78308,78309,,,,78344,78311,78326,16,1:15,78327,78342,16,1:15,78328,78343,16,1:15,,,0,,,,0,,,,0,,,,0,,1,2,15,17,1,,,,
asymmetric,4,1244,30,bt,2,0,29632,16,78347,78347,78348,,,,78383,78350,78365,16,1:15,78366,78381,16,1:15,78367,78382,16,1:15,,,0,,,,0,,,,0,,,,0,,1,2,15,17,1,,,,
asymmetric,4,1245,30,bt,2,16,29760,16,78386,78386,78387,,,,78422,78389,78404,16,1:15,78405,78420,16,1:15,78406,78421,16,1:15,,,0,,,,0,,,,0,,,,0,,1,2,15,17,1,,,,
asymmetric,4,1246,30,bt,3,0,29888,16,78425,78425,78426,,,,78461,78428,78443,16,1:15,78444,78459,16,1:15,78445,78460,16,1:15,,,0,,,,0,,,,0,,,,0,,1,2,15,17,1,,,,
asymmetric,4,1247,30,bt,3,16,30016,16,78464,78464,78465,,,,78500,78467,78482,16,1:15,78483,78498,16,1:15,78484,78499,16,1:15,,,0,,,,0,,,,0,,,,0,,1,2,15,17,1,,,,
asymmetric,4,1248,30,bt,4,0,30144,16,78503,78503,78504,,,,78539,78506,78521,16,1:15,78522,78537,16,1:15,78523,78538,16,1:15,,,0,,,,0,,,,0,,,,0,,1,2,15,17,1,,,,
asymmetric,4,1249,30,bt,4,16,30272,16,78542,78542,78543,,,,78578,78545,78560,16,1:15,78561,78576,16,1:15,78562,78577,16,1:15,,,0,,,,0,,,,0,,,,0,,1,2,15,17,1,,,,
asymmetric,4,1250,30,bt,5,0,30400,16,78581,78581,78582,,,,78617,78584,78599,16,1:15,78600,78615,16,1:15,78601,78616,16,1:15,,,0,,,,0,,,,0,,,,0,,1,2,15,17,1,,,,
asymmetric,4,1251,30,bt,5,16,30528,16,78620,78620,78621,,,,78656,78623,78638,16,1:15,78639,78654,16,1:15,78640,78655,16,1:15,,,0,,,,0,,,,0,,,,0,,1,2,15,17,1,,,,
asymmetric,4,1252,30,bt,6,0,30656,16,78659,78659,78660,,,,78695,78662,78677,16,1:15,78678,78693,16,1:15,78679,78694,16,1:15,,,0,,,,0,,,,0,,,,0,,1,2,15,17,1,,,,
asymmetric,4,1253,30,bt,6,16,30784,16,78698,78698,78699,,,,78734,78701,78716,16,1:15,78717,78732,16,1:15,78718,78733,16,1:15,,,0,,,,0,,,,0,,,,0,,1,2,15,17,1,,,,
asymmetric,4,1254,30,bt,7,0,30912,16,78737,78737,78738,,,,78773,78740,78755,16,1:15,78756,78771,16,1:15,78757,78772,16,1:15,,,0,,,,0,,,,0,,,,0,,1,2,15,17,1,,,,
asymmetric,4,1255,30,bt,7,16,31040,16,78776,78776,78777,,,,78812,78779,78794,16,1:15,78795,78810,16,1:15,78796,78811,16,1:15,,,0,,,,0,,,,0,,,,0,,1,2,15,17,1,,,,
asymmetric,4,1256,30,c,0,0,39424,4,79902,79902,,79923,79922,79928,79929,,,0,,,,0,,,,0,,79904,79919,4,5:3,79906,79921,4,5:3,79907,79922,4,5:3,79923,79926,4,1:3,,,,,,20,4,2,1
asymmetric,4,1257,30,c,1,0,39680,4,79932,79932,,79953,79952,79958,79959,,,0,,,,0,,,,0,,79934,79949,4,5:3,79936,79951,4,5:3,79937,79952,4,5:3,79953,79956,4,1:3,,,,,,20,4,2,1
asymmetric,4,1258,30,c,2,0,39936,4,79962,79962,,79983,79982,79988,79989,,,0,,,,0,,,,0,,79964,79979,4,5:3,79966,79981,4,5:3,79967,79982,4,5:3,79983,79986,4,1:3,,,,,,20,4,2,1
asymmetric,4,1259,30,c,3,0,40192,4,79992,79992,,80013,80012,80018,80019,,,0,,,,0,,,,0,,79994,80009,4,5:3,79996,80011,4,5:3,79997,80012,4,5:3,80013,80016,4,1:3,,,,,,20,4,2,1
asymmetric,4,1260,30,c,4,0,40448,4,80022,80022,,80043,80042,80048,80049,,,0,,,,0,,,,0,,80024,80039,4,5:3,80026,80041,4,5:3,80027,80042,4,5:3,80043,80046,4,1:3,,,,,,20,4,2,1
asymmetric,4,1261,30,c,5,0,40704,4,80052,80052,,80073,80072,80078,80079,,,0,,,,0,,,,0,,80054,80069,4,5:3,80056,80071,4,5:3,80057,80072,4,5:3,80073,80076,4,1:3,,,,,,20,4,2,1
asymmetric,4,1262,30,c,6,0,40960,4,80082,80082,,80103,80102,80108,80109,,,0,,,,0,,,,0,,80084,80099,4,5:3,80086,80101,4,5:3,80087,80102,4,5:3,80103,80106,4,1:3,,,,,,20,4,2,1
asymmetric,4,1263,30,c,7,0,41216,4,80112,80112,,80133,80132,80138,80139,,,0,,,,0,,,,0,,80114,80129,4,5:3,80116,80131,4,5:3,80117,80132,4,5:3,80133,80136,4,1:3,,,,,,20,4,2,1
asymmetric,4,1264,31,a,0,0,6208,16,80148,80148,80149,,,,80184,80151,80166,16,1:15,80167,80182,16,1:15,80168,80183,16,1:15,,,0,,,,0,,,,0,,,,0,,1,2,15,17,1,,,,
asymmetric,4,1265,31,a,0,16,6336,16,80187,80187,80188,,,,80223,80190,80205,16,1:15,80206,80221,16,1:15,80207,80222,16,1:15,,,0,,,,0,,,,0,,,,0,,1,2,15,17,1,,,,
asymmetric,4,1266,31,a,1,0,6464,16,80226,80226,80227,,,,80262,80229,80244,16,1:15,80245,80260,16,1:15,80246,80261,16,1:15,,,0,,,,0,,,,0,,,,0,,1,2,15,17,1,,,,
asymmetric,4,1267,31,a,1,16,6592,16,80265,80265,80266,,,,80301,80268,80283,16,1:15,80284,80299,16,1:15,80285,80300,16,1:15,,,0,,,,0,,,,0,,,,0,,1,2,15,17,1,,,,
asymmetric,4,1268,31,a,2,0,6720,16,80304,80304,80305,,,,80340,80307,80322,16,1:15,80323,80338,16,1:15,80324,80339,16,1:15,,,0,,,,0,,,,0,,,,0,,1,2,15,17,1,,,,
asymmetric,4,1269,31,a,2,16,6848,16,80343,80343,80344,,,,80379,80346,80361,16,1:15,80362,80377,16,1:15,80363,80378,16,1:15,,,0,,,,0,,,,0,,,,0,,1,2,15,17,1,,,,
asymmetric,4,1270,31,a,3,0,6976,16,80382,80382,80383,,,,80418,80385,80400,16,1:15,80401,80416,16,1:15,80402,80417,16,1:15,,,0,,,,0,,,,0,,,,0,,1,2,15,17,1,,,,
asymmetric,4,1271,31,a,3,16,7104,16,80421,80421,80422,,,,80457,80424,80439,16,1:15,80440,80455,16,1:15,80441,80456,16,1:15,,,0,,,,0,,,,0,,,,0,,1,2,15,17,1,,,,
asymmetric,4,1272,31,a,4,0,7232,16,80460,80460,80461,,,,80496,80463,80478,16,1:15,80479,80494,16,1:15,80480,80495,16,1:15,,,0,,,,0,,,,0,,,,0,,1,2,15,17,1,,,,
asymmetric,4,1273,31,a,4,16,7360,16,80499,80499,80500,,,,80535,80502,80517,16,1:15,80518,80533,16,1:15,80519,80534,16,1:15,,,0,,,,0,,,,0,,,,0,,1,2,15,17,1,,,,
asymmetric,4,1274,31,a,5,0,7488,16,80538,80538,80539,,,,80574,80541,80556,16,1:15,80557,80572,16,1:15,80558,80573,16,1:15,,,0,,,,0,,,,0,,,,0,,1,2,15,17,1,,,,
asymmetric,4,1275,31,a,5,16,7616,16,80577,80577,80578,,,,80613,80580,80595,16,1:15,80596,80611,16,1:15,80597,80612,16,1:15,,,0,,,,0,,,,0,,,,0,,1,2,15,17,1,,,,
asymmetric,4,1276,31,a,6,0,7744,16,80616,80616,80617,,,,80652,80619,80634,16,1:15,80635,80650,16,1:15,80636,80651,16,1:15,,,0,,,,0,,,,0,,,,0,,1,2,15,17,1,,,,
asymmetric,4,1277,31,a,6,16,7872,16,80655,80655,80656,,,,80691,80658,80673,16,1:15,80674,80689,16,1:15,80675,80690,16,1:15,,,0,,,,0,,,,0,,,,0,,1,2,15,17,1,,,,
asymmetric,4,1278,31,a,7,0,8000,16,80694,80694,80695,,,,80730,80697,80712,16,1:15,80713,80728,16,1:15,80714,80729,16,1:15,,,0,,,,0,,,,0,,,,0,,1,2,15,17,1,,,,
asymmetric,4,1279,31,a,7,16,8128,8,80733,80733,80734,,,,80753,80736,80743,8,1:7,80744,80751,8,1:7,80745,80752,8,1:7,,,0,,,,0,,,,0,,,,0,,1,2,7,9,1,,,,
asymmetric,4,1280,31,a,7,24,8192,8,80756,80756,80757,,,,80776,80759,80766,8,1:7,80767,80774,8,1:7,80768,80775,8,1:7,,,0,,,,0,,,,0,,,,0,,1,2,7,9,1,,,,
asymmetric,4,1281,31,bt,0,0,31168,16,80784,80784,80785,,,,80820,80787,80802,16,1:15,80803,80818,16,1:15,80804,80819,16,1:15,,,0,,,,0,,,,0,,,,0,,1,2,15,17,1,,,,
asymmetric,4,1282,31,bt,0,16,31296,16,80823,80823,80824,,,,80859,80826,80841,16,1:15,80842,80857,16,1:15,80843,80858,16,1:15,,,0,,,,0,,,,0,,,,0,,1,2,15,17,1,,,,
asymmetric,4,1283,31,bt,1,0,31424,16,80862,80862,80863,,,,80898,80865,80880,16,1:15,80881,80896,16,1:15,80882,80897,16,1:15,,,0,,,,0,,,,0,,,,0,,1,2,15,17,1,,,,
asymmetric,4,1284,31,bt,1,16,31552,16,80901,80901,80902,,,,80937,80904,80919,16,1:15,80920,80935,16,1:15,80921,80936,16,1:15,,,0,,,,0,,,,0,,,,0,,1,2,15,17,1,,,,
asymmetric,4,1285,31,bt,2,0,31680,16,80940,80940,80941,,,,80976,80943,80958,16,1:15,80959,80974,16,1:15,80960,80975,16,1:15,,,0,,,,0,,,,0,,,,0,,1,2,15,17,1,,,,
asymmetric,4,1286,31,bt,2,16,31808,16,80979,80979,80980,,,,81015,80982,80997,16,1:15,80998,81013,16,1:15,80999,81014,16,1:15,,,0,,,,0,,,,0,,,,0,,1,2,15,17,1,,,,
asymmetric,4,1287,31,bt,3,0,31936,16,81018,81018,81019,,,,81054,81021,81036,16,1:15,81037,81052,16,1:15,81038,81053,16,1:15,,,0,,,,0,,,,0,,,,0,,1,2,15,17,1,,,,
asymmetric,4,1288,31,bt,3,16,32064,16,81057,81057,81058,,,,81093,81060,81075,16,1:15,81076,81091,16,1:15,81077,81092,16,1:15,,,0,,,,0,,,,0,,,,0,,1,2,15,17,1,,,,
asymmetric,4,1289,31,bt,4,0,32192,16,81096,81096,81097,,,,81132,81099,81114,16,1:15,81115,81130,16,1:15,81116,81131,16,1:15,,,0,,,,0,,,,0,,,,0,,1,2,15,17,1,,,,
asymmetric,4,1290,31,bt,4,16,32320,16,81135,81135,81136,,,,81171,81138,81153,16,1:15,81154,81169,16,1:15,81155,81170,16,1:15,,,0,,,,0,,,,0,,,,0,,1,2,15,17,1,,,,
asymmetric,4,1291,31,bt,5,0,32448,16,81174,81174,81175,,,,81210,81177,81192,16,1:15,81193,81208,16,1:15,81194,81209,16,1:15,,,0,,,,0,,,,0,,,,0,,1,2,15,17,1,,,,
asymmetric,4,1292,31,bt,5,16,32576,16,81213,81213,81214,,,,81249,81216,81231,16,1:15,81232,81247,16,1:15,81233,81248,16,1:15,,,0,,,,0,,,,0,,,,0,,1,2,15,17,1,,,,
asymmetric,4,1293,31,bt,6,0,32704,8,81252,81252,81253,,,,81272,81255,81262,8,1:7,81263,81270,8,1:7,81264,81271,8,1:7,,,0,,,,0,,,,0,,,,0,,1,2,7,9,1,,,,
asymmetric,4,1294,31,bt,6,8,32768,16,81275,81275,81276,,,,81311,81278,81293,16,1:15,81294,81309,16,1:15,81295,81310,16,1:15,,,0,,,,0,,,,0,,,,0,,1,2,15,17,1,,,,
asymmetric,4,1295,31,bt,6,24,32896,8,81314,81314,81315,,,,81334,81317,81324,8,1:7,81325,81332,8,1:7,81326,81333,8,1:7,,,0,,,,0,,,,0,,,,0,,1,2,7,9,1,,,,
asymmetric,4,1296,31,c,0,0,39456,4,82424,82424,,82445,82444,82450,82451,,,0,,,,0,,,,0,,82426,82441,4,5:3,82428,82443,4,5:3,82429,82444,4,5:3,82445,82448,4,1:3,,,,,,20,4,2,1
asymmetric,4,1297,31,c,1,0,39712,4,82454,82454,,82475,82474,82480,82481,,,0,,,,0,,,,0,,82456,82471,4,5:3,82458,82473,4,5:3,82459,82474,4,5:3,82475,82478,4,1:3,,,,,,20,4,2,1
asymmetric,4,1298,31,c,2,0,39968,4,82484,82484,,82505,82504,82510,82511,,,0,,,,0,,,,0,,82486,82501,4,5:3,82488,82503,4,5:3,82489,82504,4,5:3,82505,82508,4,1:3,,,,,,20,4,2,1
asymmetric,4,1299,31,c,3,0,40224,4,82514,82514,,82535,82534,82540,82541,,,0,,,,0,,,,0,,82516,82531,4,5:3,82518,82533,4,5:3,82519,82534,4,5:3,82535,82538,4,1:3,,,,,,20,4,2,1
asymmetric,4,1300,31,c,4,0,40480,4,82544,82544,,82565,82564,82570,82571,,,0,,,,0,,,,0,,82546,82561,4,5:3,82548,82563,4,5:3,82549,82564,4,5:3,82565,82568,4,1:3,,,,,,20,4,2,1
asymmetric,4,1301,31,c,5,0,40736,4,82574,82574,,82595,82594,82600,82601,,,0,,,,0,,,,0,,82576,82591,4,5:3,82578,82593,4,5:3,82579,82594,4,5:3,82595,82598,4,1:3,,,,,,20,4,2,1
asymmetric,4,1302,31,c,6,0,40992,4,82604,82604,,82625,82624,82630,82631,,,0,,,,0,,,,0,,82606,82621,4,5:3,82608,82623,4,5:3,82609,82624,4,5:3,82625,82628,4,1:3,,,,,,20,4,2,1
asymmetric,4,1303,31,c,7,0,41248,4,82634,82634,,82655,82654,82660,82661,,,0,,,,0,,,,0,,82636,82651,4,5:3,82638,82653,4,5:3,82639,82654,4,5:3,82655,82658,4,1:3,,,,,,20,4,2,1
asymmetric,4,1304,32,a,0,0,8256,16,82670,82670,82671,,,,82706,82673,82688,16,1:15,82689,82704,16,1:15,82690,82705,16,1:15,,,0,,,,0,,,,0,,,,0,,1,2,15,17,1,,,,
asymmetric,4,1305,32,a,0,16,8384,16,82709,82709,82710,,,,82745,82712,82727,16,1:15,82728,82743,16,1:15,82729,82744,16,1:15,,,0,,,,0,,,,0,,,,0,,1,2,15,17,1,,,,
asymmetric,4,1306,32,a,1,0,8512,16,82748,82748,82749,,,,82784,82751,82766,16,1:15,82767,82782,16,1:15,82768,82783,16,1:15,,,0,,,,0,,,,0,,,,0,,1,2,15,17,1,,,,
asymmetric,4,1307,32,a,1,16,8640,16,82787,82787,82788,,,,82823,82790,82805,16,1:15,82806,82821,16,1:15,82807,82822,16,1:15,,,0,,,,0,,,,0,,,,0,,1,2,15,17,1,,,,
asymmetric,4,1308,32,a,2,0,8768,16,82826,82826,82827,,,,82862,82829,82844,16,1:15,82845,82860,16,1:15,82846,82861,16,1:15,,,0,,,,0,,,,0,,,,0,,1,2,15,17,1,,,,
asymmetric,4,1309,32,a,2,16,8896,16,82865,82865,82866,,,,82901,82868,82883,16,1:15,82884,82899,16,1:15,82885,82900,16,1:15,,,0,,,,0,,,,0,,,,0,,1,2,15,17,1,,,,
asymmetric,4,1310,32,a,3,0,9024,16,82904,82904,82905,,,,82940,82907,82922,16,1:15,82923,82938,16,1:15,82924,82939,16,1:15,,,0,,,,0,,,,0,,,,0,,1,2,15,17,1,,,,
asymmetric,4,1311,32,a,3,16,9152,16,82943,82943,82944,,,,82979,82946,82961,16,1:15,82962,82977,16,1:15,82963,82978,16,1:15,,,0,,,,0,,,,0,,,,0,,1,2,15,17,1,,,,
asymmetric,4,1312,32,a,4,0,9280,16,82982,82982,82983,,,,83018,82985,83000,16,1:15,83001,83016,16,1:15,83002,83017,16,1:15,,,0,,,,0,,,,0,,,,0,,1,2,15,17,1,,,,
asymmetric,4,1313,32,a,4,16,9408,16,83021,83021,83022,,,,83057,83024,83039,16,1:15,83040,83055,16,1:15,83041,83056,16,1:15,,,0,,,,0,,,,0,,,,0,,1,2,15,17,1,,,,
asymmetric,4,1314,32,a,5,0,9536,16,83060,83060,83061,,,,83096,83063,83078,16,1:15,83079,83094,16,1:15,83080,83095,16,1:15,,,0,,,,0,,,,0,,,,0,,1,2,15,17,1,,,,
asymmetric,4,1315,32,a,5,16,9664,16,83099,83099,83100,,,,83135,83102,83117,16,1:15,83118,83133,16,1:15,83119,83134,16,1:15,,,0,,,,0,,,,0,,,,0,,1,2,15,17,1,,,,
asymmetric,4,1316,32,a,6,0,9792,16,83138,83138,83139,,,,83174,83141,83156,16,1:15,83157,83172,16,1:15,83158,83173,16,1:15,,,0,,,,0,,,,0,,,,0,,1,2,15,17,1,,,,
asymmetric,4,1317,32,a,6,16,9920,16,83177,83177,83178,,,,83213,83180,83195,16,1:15,83196,83211,16,1:15,83197,83212,16,1:15,,,0,,,,0,,,,0,,,,0,,1,2,15,17,1,,,,
asymmetric,4,1318,32,a,7,0,10048,16,83216,83216,83217,,,,83252,83219,83234,16,1:15,83235,83250,16,1:15,83236,83251,16,1:15,,,0,,,,0,,,,0,,,,0,,1,2,15,17,1,,,,
asymmetric,4,1319,32,a,7,16,10176,16,83255,83255,83256,,,,83291,83258,83273,16,1:15,83274,83289,16,1:15,83275,83290,16,1:15,,,0,,,,0,,,,0,,,,0,,1,2,15,17,1,,,,
asymmetric,4,1320,32,bt,0,0,16832,16,83299,83299,83300,,,,83335,83302,83317,16,1:15,83318,83333,16,1:15,83319,83334,16,1:15,,,0,,,,0,,,,0,,,,0,,1,2,15,17,1,,,,
asymmetric,4,1321,32,bt,0,16,16960,16,83338,83338,83339,,,,83374,83341,83356,16,1:15,83357,83372,16,1:15,83358,83373,16,1:15,,,0,,,,0,,,,0,,,,0,,1,2,15,17,1,,,,
asymmetric,4,1322,32,bt,1,0,17088,16,83377,83377,83378,,,,83413,83380,83395,16,1:15,83396,83411,16,1:15,83397,83412,16,1:15,,,0,,,,0,,,,0,,,,0,,1,2,15,17,1,,,,
asymmetric,4,1323,32,bt,1,16,17216,16,83416,83416,83417,,,,83452,83419,83434,16,1:15,83435,83450,16,1:15,83436,83451,16,1:15,,,0,,,,0,,,,0,,,,0,,1,2,15,17,1,,,,
asymmetric,4,1324,32,bt,2,0,17344,16,83455,83455,83456,,,,83491,83458,83473,16,1:15,83474,83489,16,1:15,83475,83490,16,1:15,,,0,,,,0,,,,0,,,,0,,1,2,15,17,1,,,,
asymmetric,4,1325,32,bt,2,16,17472,16,83494,83494,83495,,,,83530,83497,83512,16,1:15,83513,83528,16,1:15,83514,83529,16,1:15,,,0,,,,0,,,,0,,,,0,,1,2,15,17,1,,,,
asymmetric,4,1326,32,bt,3,0,17600,16,83533,83533,83534,,,,83569,83536,83551,16,1:15,83552,83567,16,1:15,83553,83568,16,1:15,,,0,,,,0,,,,0,,,,0,,1,2,15,17,1,,,,
asymmetric,4,1327,32,bt,3,16,17728,16,83572,83572,83573,,,,83608,83575,83590,16,1:15,83591,83606,16,1:15,83592,83607,16,1:15,,,0,,,,0,,,,0,,,,0,,1,2,15,17,1,,,,
asymmetric,4,1328,32,bt,4,0,17856,16,83611,83611,83612,,,,83647,83614,83629,16,1:15,83630,83645,16,1:15,83631,83646,16,1:15,,,0,,,,0,,,,0,,,,0,,1,2,15,17,1,,,,
asymmetric,4,1329,32,bt,4,16,17984,16,83650,83650,83651,,,,83686,83653,83668,16,1:15,83669,83684,16,1:15,83670,83685,16,1:15,,,0,,,,0,,,,0,,,,0,,1,2,15,17,1,,,,
asymmetric,4,1330,32,bt,5,0,18112,16,83689,83689,83690,,,,83725,83692,83707,16,1:15,83708,83723,16,1:15,83709,83724,16,1:15,,,0,,,,0,,,,0,,,,0,,1,2,15,17,1,,,,
asymmetric,4,1331,32,bt,5,16,18240,16,83728,83728,83729,,,,83764,83731,83746,16,1:15,83747,83762,16,1:15,83748,83763,16,1:15,,,0,,,,0,,,,0,,,,0,,1,2,15,17,1,,,,
asymmetric,4,1332,32,bt,6,0,18368,16,83767,83767,83768,,,,83803,83770,83785,16,1:15,83786,83801,16,1:15,83787,83802,16,1:15,,,0,,,,0,,,,0,,,,0,,1,2,15,17,1,,,,
asymmetric,4,1333,32,bt,6,16,18496,16,83806,83806,83807,,,,83842,83809,83824,16,1:15,83825,83840,16,1:15,83826,83841,16,1:15,,,0,,,,0,,,,0,,,,0,,1,2,15,17,1,,,,
asymmetric,4,1334,32,bt,7,0,18624,16,83845,83845,83846,,,,83881,83848,83863,16,1:15,83864,83879,16,1:15,83865,83880,16,1:15,,,0,,,,0,,,,0,,,,0,,1,2,15,17,1,,,,
asymmetric,4,1335,32,bt,7,16,18752,16,83884,83884,83885,,,,83920,83887,83902,16,1:15,83903,83918,16,1:15,83904,83919,16,1:15,,,0,,,,0,,,,0,,,,0,,1,2,15,17,1,,,,
asymmetric,4,1336,32,c,0,0,41280,4,85010,85010,,85031,85030,85036,85037,,,0,,,,0,,,,0,,85012,85027,4,5:3,85014,85029,4,5:3,85015,85030,4,5:3,85031,85034,4,1:3,,,,,,20,4,2,1
asymmetric,4,1337,32,c,1,0,41536,4,85040,85040,,85061,85060,85066,85067,,,0,,,,0,,,,0,,85042,85057,4,5:3,85044,85059,4,5:3,85045,85060,4,5:3,85061,85064,4,1:3,,,,,,20,4,2,1
asymmetric,4,1338,32,c,2,0,41792,4,85070,85070,,85091,85090,85096,85097,,,0,,,,0,,,,0,,85072,85087,4,5:3,85074,85089,4,5:3,85075,85090,4,5:3,85091,85094,4,1:3,,,,,,20,4,2,1
asymmetric,4,1339,32,c,3,0,42048,4,85100,85100,,85121,85120,85126,85127,,,0,,,,0,,,,0,,85102,85117,4,5:3,85104,85119,4,5:3,85105,85120,4,5:3,85121,85124,4,1:3,,,,,,20,4,2,1
asymmetric,4,1340,32,c,4,0,42304,4,85130,85130,,85151,85150,85156,85157,,,0,,,,0,,,,0,,85132,85147,4,5:3,85134,85149,4,5:3,85135,85150,4,5:3,85151,85154,4,1:3,,,,,,20,4,2,1
asymmetric,4,1341,32,c,5,0,42560,4,85160,85160,,85181,85180,85186,85187,,,0,,,,0,,,,0,,85162,85177,4,5:3,85164,85179,4,5:3,85165,85180,4,5:3,85181,85184,4,1:3,,,,,,20,4,2,1
asymmetric,4,1342,32,c,6,0,42816,4,85190,85190,,85211,85210,85216,85217,,,0,,,,0,,,,0,,85192,85207,4,5:3,85194,85209,4,5:3,85195,85210,4,5:3,85211,85214,4,1:3,,,,,,20,4,2,1
asymmetric,4,1343,32,c,7,0,43072,4,85220,85220,,85241,85240,85246,85247,,,0,,,,0,,,,0,,85222,85237,4,5:3,85224,85239,4,5:3,85225,85240,4,5:3,85241,85244,4,1:3,,,,,,20,4,2,1
asymmetric,4,1344,33,a,0,0,8256,16,85256,85256,85257,,,,85292,85259,85274,16,1:15,85275,85290,16,1:15,85276,85291,16,1:15,,,0,,,,0,,,,0,,,,0,,1,2,15,17,1,,,,
asymmetric,4,1345,33,a,0,16,8384,16,85295,85295,85296,,,,85331,85298,85313,16,1:15,85314,85329,16,1:15,85315,85330,16,1:15,,,0,,,,0,,,,0,,,,0,,1,2,15,17,1,,,,
asymmetric,4,1346,33,a,1,0,8512,16,85334,85334,85335,,,,85370,85337,85352,16,1:15,85353,85368,16,1:15,85354,85369,16,1:15,,,0,,,,0,,,,0,,,,0,,1,2,15,17,1,,,,
asymmetric,4,1347,33,a,1,16,8640,16,85373,85373,85374,,,,85409,85376,85391,16,1:15,85392,85407,16,1:15,85393,85408,16,1:15,,,0,,,,0,,,,0,,,,0,,1,2,15,17,1,,,,
asymmetric,4,1348,33,a,2,0,8768,16,85412,85412,85413,,,,85448,85415,85430,16,1:15,85431,85446,16,1:15,85432,85447,16,1:15,,,0,,,,0,,,,0,,,,0,,1,2,15,17,1,,,,
asymmetric,4,1349,33,a,2,16,8896,16,85451,85451,85452,,,,85487,85454,85469,16,1:15,85470,85485,16,1:15,85471,85486,16,1:15,,,0,,,,0,,,,0,,,,0,,1,2,15,17,1,,,,
asymmetric,4,1350,33,a,3,0,9024,16,85490,85490,85491,,,,85526,85493,85508,16,1:15,85509,85524,16,1:15,85510,85525,16,1:15,,,0,,,,0,,,,0,,,,0,,1,2,15,17,1,,,,
asymmetric,4,1351,33,a,3,16,9152,16,85529,85529,85530,,,,85565,85532,85547,16,1:15,85548,85563,16,1:15,85549,85564,16,1:15,,,0,,,,0,,,,0,,,,0,,1,2,15,17,1,,,,
asymmetric,4,1352,33,a,4,0,9280,16,85568,85568,85569,,,,85604,85571,85586,16,1:15,85587,85602,16,1:15,85588,85603,16,1:15,,,0,,,,0,,,,0,,,,0,,1,2,15,17,1,,,,
asymmetric,4,1353,33,a,4,16,9408,16,85607,85607,85608,,,,85643,85610,85625,16,1:15,85626,85641,16,1:15,85627,85642,16,1:15,,,0,,,,0,,,,0,,,,0,,1,2,15,17,1,,,,
asymmetric,4,1354,33,a,5,0,9536,16,85646,85646,85647,,,,85682,85649,85664,16,1:15,85665,85680,16,1:15,85666,85681,16,1:15,,,0,,,,0,,,,0,,,,0,,1,2,15,17,1,,,,
asymmetric,4,1355,33,a,5,16,9664,16,85685,85685,85686,,,,85721,85688,85703,16,1:15,85704,85719,16,1:15,85705,85720,16,1:15,,,0,,,,0,,,,0,,,,0,,1,2,15,17,1,,,,
asymmetric,4,1356,33,a,6,0,9792,16,85724,85724,85725,,,,85760,85727,85742,16,1:15,85743,85758,16,1:15,85744,85759,16,1:15,,,0,,,,0,,,,0,,,,0,,1,2,15,17,1,,,,
asymmetric,4,1357,33,a,6,16,9920,16,85763,85763,85764,,,,85799,85766,85781,16,1:15,85782,85797,16,1:15,85783,85798,16,1:15,,,0,,,,0,,,,0,,,,0,,1,2,15,17,1,,,,
asymmetric,4,1358,33,a,7,0,10048,16,85802,85802,85803,,,,85838,85805,85820,16,1:15,85821,85836,16,1:15,85822,85837,16,1:15,,,0,,,,0,,,,0,,,,0,,1,2,15,17,1,,,,
asymmetric,4,1359,33,a,7,16,10176,16,85841,85841,85842,,,,85877,85844,85859,16,1:15,85860,85875,16,1:15,85861,85876,16,1:15,,,0,,,,0,,,,0,,,,0,,1,2,15,17,1,,,,
asymmetric,4,1360,33,bt,0,0,18880,16,85885,85885,85886,,,,85921,85888,85903,16,1:15,85904,85919,16,1:15,85905,85920,16,1:15,,,0,,,,0,,,,0,,,,0,,1,2,15,17,1,,,,
asymmetric,4,1361,33,bt,0,16,19008,16,85924,85924,85925,,,,85960,85927,85942,16,1:15,85943,85958,16,1:15,85944,85959,16,1:15,,,0,,,,0,,,,0,,,,0,,1,2,15,17,1,,,,
asymmetric,4,1362,33,bt,1,0,19136,16,85963,85963,85964,,,,85999,85966,85981,16,1:15,85982,85997,16,1:15,85983,85998,16,1:15,,,0,,,,0,,,,0,,,,0,,1,2,15,17,1,,,,
asymmetric,4,1363,33,bt,1,16,19264,16,86002,86002,86003,,,,86038,86005,86020,16,1:15,86021,86036,16,1:15,86022,86037,16,1:15,,,0,,,,0,,,,0,,,,0,,1,2,15,17,1,,,,
asymmetric,4,1364,33,bt,2,0,19392,16,86041,86041,86042,,,,86077,86044,86059,16,1:15,86060,86075,16,1:15,86061,86076,16,1:15,,,0,,,,0,,,,0,,,,0,,1,2,15,17,1,,,,
asymmetric,4,1365,33,bt,2,16,19520,16,86080,86080,86081,,,,86116,86083,86098,16,1:15,86099,86114,16,1:15,86100,86115,16,1:15,,,0,,,,0,,,,0,,,,0,,1,2,15,17,1,,,,
asymmetric,4,1366,33,bt,3,0,19648,16,86119,86119,86120,,,,86155,86122,86137,16,1:15,86138,86153,16,1:15,86139,86154,16,1:15,,,0,,,,0,,,,0,,,,0,,1,2,15,17,1,,,,
asymmetric,4,1367,33,bt,3,16,19776,16,86158,86158,86159,,,,86194,86161,86176,16,1:15,86177,86192,16,1:15,86178,86193,16,1:15,,,0,,,,0,,,,0,,,,0,,1,2,15,17,1,,,,
asymmetric,4,1368,33,bt,4,0,19904,16,86197,86197,86198,,,,86233,86200,86215,16,1:15,86216,86231,16,1:15,86217,86232,16,1:15,,,0,,,,0,,,,0,,,,0,,1,2,15,17,1,,,,
asymmetric,4,1369,33,bt,4,16,20032,16,86236,86236,86237,,,,86272,86239,86254,16,1:15,86255,86270,16,1:15,86256,86271,16,1:15,,,0,,,,0,,,,0,,,,0,,1,2,15,17,1,,,,
asymmetric,4,1370,33,bt,5,0,20160,16,86275,86275,86276,,,,86311,86278,86293,16,1:15,86294,86309,16,1:15,86295,86310,16,1:15,,,0,,,,0,,,,0,,,,0,,1,2,15,17,1,,,,
asymmetric,4,1371,33,bt,5,16,20288,16,86314,86314,86315,,,,86350,86317,86332,16,1:15,86333,86348,16,1:15,86334,86349,16,1:15,,,0,,,,0,,,,0,,,,0,,1,2,15,17,1,,,,
asymmetric,4,1372,33,bt,6,0,20416,8,86353,86353,86354,,,,86373,86356,86363,8,1:7,86364,86371,8,1:7,86365,86372,8,1:7,,,0,,,,0,,,,0,,,,0,,1,2,7,9,1,,,,
asymmetric,4,1373,33,bt,6,8,20480,16,86376,86376,86377,,,,86412,86379,86394,16,1:15,86395,86410,16,1:15,86396,86411,16,1:15,,,0,,,,0,,,,0,,,,0,,1,2,15,17,1,,,,
asymmetric,4,1374,33,bt,6,24,20608,8,86415,86415,86416,,,,86435,86418,86425,8,1:7,86426,86433,8,1:7,86427,86434,8,1:7,,,0,,,,0,,,,0,,,,0,,1,2,7,9,1,,,,
asymmetric,4,1375,33,bt,7,0,20672,16,86438,86438,86439,,,,86474,86441,86456,16,1:15,86457,86472,16,1:15,86458,86473,16,1:15,,,0,,,,0,,,,0,,,,0,,1,2,15,17,1,,,,
asymmetric,4,1376,33,bt,7,16,20800,16,86477,86477,86478,,,,86513,86480,86495,16,1:15,86496,86511,16,1:15,86497,86512,16,1:15,,,0,,,,0,,,,0,,,,0,,1,2,15,17,1,,,,
asymmetric,4,1377,33,c,0,0,41312,4,87603,87603,,87624,87623,87629,87630,,,0,,,,0,,,,0,,87605,87620,4,5:3,87607,87622,4,5:3,87608,87623,4,5:3,87624,87627,4,1:3,,,,,,20,4,2,1
asymmetric,4,1378,33,c,1,0,41568,4,87633,87633,,87654,87653,87659,87660,,,0,,,,0,,,,0,,87635,87650,4,5:3,87637,87652,4,5:3,87638,87653,4,5:3,87654,87657,4,1:3,,,,,,20,4,2,1
asymmetric,4,1379,33,c,2,0,41824,4,87663,87663,,87684,87683,87689,87690,,,0,,,,0,,,,0,,87665,87680,4,5:3,87667,87682,4,5:3,87668,87683,4,5:3,87684,87687,4,1:3,,,,,,20,4,2,1
asymmetric,4,1380,33,c,3,0,42080,4,87693,87693,,87714,87713,87719,87720,,,0,,,,0,,,,0,,87695,87710,4,5:3,87697,87712,4,5:3,87698,87713,4,5:3,87714,87717,4,1:3,,,,,,20,4,2,1
asymmetric,4,1381,33,c,4,0,42336,4,87723,87723,,87744,87743,87749,87750,,,0,,,,0,,,,0,,87725,87740,4,5:3,87727,87742,4,5:3,87728,87743,4,5:3,87744,87747,4,1:3,,,,,,20,4,2,1
asymmetric,4,1382,33,c,5,0,42592,4,87753,87753,,87774,87773,87779,87780,,,0,,,,0,,,,0,,87755,87770,4,5:3,87757,87772,4,5:3,87758,87773,4,5:3,87774,87777,4,1:3,,,,,,20,4,2,1
asymmetric,4,1383,33,c,6,0,42848,4,87783,87783,,87804,87803,87809,87810,,,0,,,,0,,,,0,,87785,87800,4,5:3,87787,87802,4,5:3,87788,87803,4,5:3,87804,87807,4,1:3,,,,,,20,4,2,1
asymmetric,4,1384,33,c,7,0,43104,4,87813,87813,,87834,87833,87839,87840,,,0,,,,0,,,,0,,87815,87830,4,5:3,87817,87832,4,5:3,87818,87833,4,5:3,87834,87837,4,1:3,,,,,,20,4,2,1
asymmetric,4,1385,34,a,0,0,8256,16,87849,87849,87850,,,,87885,87852,87867,16,1:15,87868,87883,16,1:15,87869,87884,16,1:15,,,0,,,,0,,,,0,,,,0,,1,2,15,17,1,,,,
asymmetric,4,1386,34,a,0,16,8384,16,87888,87888,87889,,,,87924,87891,87906,16,1:15,87907,87922,16,1:15,87908,87923,16,1:15,,,0,,,,0,,,,0,,,,0,,1,2,15,17,1,,,,
asymmetric,4,1387,34,a,1,0,8512,16,87927,87927,87928,,,,87963,87930,87945,16,1:15,87946,87961,16,1:15,87947,87962,16,1:15,,,0,,,,0,,,,0,,,,0,,1,2,15,17,1,,,,
asymmetric,4,1388,34,a,1,16,8640,16,87966,87966,87967,,,,88002,87969,87984,16,1:15,87985,88000,16,1:15,87986,88001,16,1:15,,,0,,,,0,,,,0,,,,0,,1,2,15,17,1,,,,
asymmetric,4,1389,34,a,2,0,8768,16,88005,88005,88006,,,,88041,88008,88023,16,1:15,88024,88039,16,1:15,88025,88040,16,1:15,,,0,,,,0,,,,0,,,,0,,1,2,15,17,1,,,,
asymmetric,4,1390,34,a,2,16,8896,16,88044,88044,88045,,,,88080,88047,88062,16,1:15,88063,88078,16,1:15,88064,88079,16,1:15,,,0,,,,0,,,,0,,,,0,,1,2,15,17,1,,,,
asymmetric,4,1391,34,a,3,0,9024,16,88083,88083,88084,,,,88119,88086,88101,16,1:15,88102,88117,16,1:15,88103,88118,16,1:15,,,0,,,,0,,,,0,,,,0,,1,2,15,17,1,,,,
asymmetric,4,1392,34,a,3,16,9152,16,88122,88122,88123,,,,88158,88125,88140,16,1:15,88141,88156,16,1:15,88142,88157,16,1:15,,,0,,,,0,,,,0,,,,0,,1,2,15,17,1,,,,
asymmetric,4,1393,34,a,4,0,9280,16,88161,88161,88162,,,,88197,88164,88179,16,1:15,88180,88195,16,1:15,88181,88196,16,1:15,,,0,,,,0,,,,0,,,,0,,1,2,15,17,1,,,,
asymmetric,4,1394,34,a,4,16,9408,16,88200,88200,88201,,,,88236,88203,88218,16,1:15,88219,88234,16,1:15,88220,88235,16,1:15,,,0,,,,0,,,,0,,,,0,,1,2,15,17,1,,,,
asymmetric,4,1395,34,a,5,0,9536,16,88239,88239,88240,,,,88275,88242,88257,16,1:15,88258,88273,16,1:15,88259,88274,16,1:15,,,0,,,,0,,,,0,,,,0,,1,2,15,17,1,,,,
asymmetric,4,1396,34,a,5,16,9664,16,88278,88278,88279,,,,88314,88281,88296,16,1:15,88297,88312,16,1:15,88298,88313,16,1:15,,,0,,,,0,,,,0,,,,0,,1,2,15,17,1,,,,
asymmetric,4,1397,34,a,6,0,9792,16,88317,88317,88318,,,,88353,88320,88335,16,1:15,88336,88351,16,1:15,88337,88352,16,1:15,,,0,,,,0,,,,0,,,,0,,1,2,15,17,1,,,,
asymmetric,4,1398,34,a,6,16,9920,16,88356,88356,88357,,,,88392,88359,88374,16,1:15,88375,88390,16,1:15,88376,88391,16,1:15,,,0,,,,0,,,,0,,,,0,,1,2,15,17,1,,,,
asymmetric,4,1399,34,a,7,0,10048,16,88395,88395,88396,,,,88431,88398,88413,16,1:15,88414,88429,16,1:15,88415,88430,16,1:15,,,0,,,,0,,,,0,,,,0,,1,2,15,17,1,,,,
asymmetric,4,1400,34,a,7,16,10176,16,88434,88434,88435,,,,88470,88437,88452,16,1:15,88453,88468,16,1:15,88454,88469,16,1:15,,,0,,,,0,,,,0,,,,0,,1,2,15,17,1,,,,
asymmetric,4,1401,34,bt,0,0,20928,16,88478,88478,88479,,,,88514,88481,88496,16,1:15,88497,88512,16,1:15,88498,88513,16,1:15,,,0,,,,0,,,,0,,,,0,,1,2,15,17,1,,,,
asymmetric,4,1402,34,bt,0,16,21056,16,88517,88517,88518,,,,88553,88520,88535,16,1:15,88536,88551,16,1:15,88537,88552,16,1:15,,,0,,,,0,,,,0,,,,0,,1,2,15,17,1,,,,
asymmetric,4,1403,34,bt,1,0,21184,16,88556,88556,88557,,,,88592,88559,88574,16,1:15,88575,88590,16,1:15,88576,88591,16,1:15,,,0,,,,0,,,,0,,,,0,,1,2,15,17,1,,,,
asymmetric,4,1404,34,bt,1,16,21312,16,88595,88595,88596,,,,88631,88598,88613,16,1:15,88614,88629,16,1:15,88615,88630,16,1:15,,,0,,,,0,,,,0,,,,0,,1,2,15,17,1,,,,
asymmetric,4,1405,34,bt,2,0,21440,16,88634,88634,88635,,,,88670,88637,88652,16,1:15,88653,88668,16,1:15,88654,88669,16,1:15,,,0,,,,0,,,,0,,,,0,,1,2,15,17,1,,,,
asymmetric,4,1406,34,bt,2,16,21568,16,88673,88673,88674,,,,88709,88676,88691,16,1:15,88692,88707,16,1:15,88693,88708,16,1:15,,,0,,,,0,,,,0,,,,0,,1,2,15,17,1,,,,
asymmetric,4,1407,34,bt,3,0,21696,16,88712,88712,88713,,,,88748,88715,88730,16,1:15,88731,88746,16,1:15,88732,88747,16,1:15,,,0,,,,0,,,,0,,,,0,,1,2,15,17,1,,,,
asymmetric,4,1408,34,bt,3,16,21824,16,88751,88751,88752,,,,88787,88754,88769,16,1:15,88770,88785,16,1:15,88771,88786,16,1:15,,,0,,,,0,,,,0,,,,0,,1,2,15,17,1,,,,
asymmetric,4,1409,34,bt,4,0,21952,16,88790,88790,88791,,,,88826,88793,88808,16,1:15,88809,88824,16,1:15,88810,88825,16,1:15,,,0,,,,0,,,,0,,,,0,,1,2,15,17,1,,,,
asymmetric,4,1410,34,bt,4,16,22080,16,88829,88829,88830,,,,88865,88832,88847,16,1:15,88848,88863,16,1:15,88849,88864,16,1:15,,,0,,,,0,,,,0,,,,0,,1,2,15,17,1,,,,
asymmetric,4,1411,34,bt,5,0,22208,16,88868,88868,88869,,,,88904,88871,88886,16,1:15,88887,88902,16,1:15,88888,88903,16,1:15,,,0,,,,0,,,,0,,,,0,,1,2,15,17,1,,,,
asymmetric,4,1412,34,bt,5,16,22336,16,88907,88907,88908,,,,88943,88910,88925,16,1:15,88926,88941,16,1:15,88927,88942,16,1:15,,,0,,,,0,,,,0,,,,0,,1,2,15,17,1,,,,
asymmetric,4,1413,34,bt,6,0,22464,16,88946,88946,88947,,,,88982,88949,88964,16,1:15,88965,88980,16,1:15,88966,88981,16,1:15,,,0,,,,0,,,,0,,,,0,,1,2,15,17,1,,,,
asymmetric,4,1414,34,bt,6,16,22592,16,88985,88985,88986,,,,89021,88988,89003,16,1:15,89004,89019,16,1:15,89005,89020,16,1:15,,,0,,,,0,,,,0,,,,0,,1,2,15,17,1,,,,
asymmetric,4,1415,34,bt,7,0,22720,16,89024,89024,89025,,,,89060,89027,89042,16,1:15,89043,89058,16,1:15,89044,89059,16,1:15,,,0,,,,0,,,,0,,,,0,,1,2,15,17,1,,,,
asymmetric,4,1416,34,bt,7,16,22848,16,89063,89063,89064,,,,89099,89066,89081,16,1:15,89082,89097,16,1:15,89083,89098,16,1:15,,,0,,,,0,,,,0,,,,0,,1,2,15,17,1,,,,
asymmetric,4,1417,34,c,0,0,41344,4,90189,90189,,90210,90209,90215,90216,,,0,,,,0,,,,0,,90191,90206,4,5:3,90193,90208,4,5:3,90194,90209,4,5:3,90210,90213,4,1:3,,,,,,20,4,2,1
asymmetric,4,1418,34,c,1,0,41600,4,90219,90219,,90240,90239,90245,90246,,,0,,,,0,,,,0,,90221,90236,4,5:3,90223,90238,4,5:3,90224,90239,4,5:3,90240,90243,4,1:3,,,,,,20,4,2,1
asymmetric,4,1419,34,c,2,0,41856,4,90249,90249,,90270,90269,90275,90276,,,0,,,,0,,,,0,,90251,90266,4,5:3,90253,90268,4,5:3,90254,90269,4,5:3,90270,90273,4,1:3,,,,,,20,4,2,1
asymmetric,4,1420,34,c,3,0,42112,4,90279,90279,,90300,90299,90305,90306,,,0,,,,0,,,,0,,90281,90296,4,5:3,90283,90298,4,5:3,90284,90299,4,5:3,90300,90303,4,1:3,,,,,,20,4,2,1
asymmetric,4,1421,34,c,4,0,42368,4,90309,90309,,90330,90329,90335,90336,,,0,,,,0,,,,0,,90311,90326,4,5:3,90313,90328,4,5:3,90314,90329,4,5:3,90330,90333,4,1:3,,,,,,20,4,2,1
asymmetric,4,1422,34,c,5,0,42624,4,90339,90339,,90360,90359,90365,90366,,,0,,,,0,,,,0,,90341,90356,4,5:3,90343,90358,4,5:3,90344,90359,4,5:3,90360,90363,4,1:3,,,,,,20,4,2,1
asymmetric,4,1423,34,c,6,0,42880,4,90369,90369,,90390,90389,90395,90396,,,0,,,,0,,,,0,,90371,90386,4,5:3,90373,90388,4,5:3,90374,90389,4,5:3,90390,90393,4,1:3,,,,,,20,4,2,1
asymmetric,4,1424,34,c,7,0,43136,4,90399,90399,,90420,90419,90425,90426,,,0,,,,0,,,,0,,90401,90416,4,5:3,90403,90418,4,5:3,90404,90419,4,5:3,90420,90423,4,1:3,,,,,,20,4,2,1
asymmetric,4,1425,35,a,0,0,8256,16,90435,90435,90436,,,,90471,90438,90453,16,1:15,90454,90469,16,1:15,90455,90470,16,1:15,,,0,,,,0,,,,0,,,,0,,1,2,15,17,1,,,,
asymmetric,4,1426,35,a,0,16,8384,16,90474,90474,90475,,,,90510,90477,90492,16,1:15,90493,90508,16,1:15,90494,90509,16,1:15,,,0,,,,0,,,,0,,,,0,,1,2,15,17,1,,,,
asymmetric,4,1427,35,a,1,0,8512,16,90513,90513,90514,,,,90549,90516,90531,16,1:15,90532,90547,16,1:15,90533,90548,16,1:15,,,0,,,,0,,,,0,,,,0,,1,2,15,17,1,,,,
asymmetric,4,1428,35,a,1,16,8640,16,90552,90552,90553,,,,90588,90555,90570,16,1:15,90571,90586,16,1:15,90572,90587,16,1:15,,,0,,,,0,,,,0,,,,0,,1,2,15,17,1,,,,
asymmetric,4,1429,35,a,2,0,8768,16,90591,90591,90592,,,,90627,90594,90609,16,1:15,90610,90625,16,1:15,90611,90626,16,1:15,,,0,,,,0,,,,0,,,,0,,1,2,15,17,1,,,,
asymmetric,4,1430,35,a,2,16,8896,16,90630,90630,90631,,,,90666,90633,90648,16,1:15,90649,90664,16,1:15,90650,90665,16,1:15,,,0,,,,0,,,,0,,,,0,,1,2,15,17,1,,,,
asymmetric,4,1431,35,a,3,0,9024,16,90669,90669,90670,,,,90705,90672,90687,16,1:15,90688,90703,16,1:15,90689,90704,16,1:15,,,0,,,,0,,,,0,,,,0,,1,2,15,17,1,,,,
asymmetric,4,1432,35,a,3,16,9152,16,90708,90708,90709,,,,90744,90711,90726,16,1:15,90727,90742,16,1:15,90728,90743,16,1:15,,,0,,,,0,,,,0,,,,0,,1,2,15,17,1,,,,
asymmetric,4,1433,35,a,4,0,9280,16,90747,90747,90748,,,,90783,90750,90765,16,1:15,90766,90781,16,1:15,90767,90782,16,1:15,,,0,,,,0,,,,0,,,,0,,1,2,15,17,1,,,,
asymmetric,4,1434,35,a,4,16,9408,16,90786,90786,90787,,,,90822,90789,90804,16,1:15,90805,90820,16,1:15,90806,90821,16,1:15,,,0,,,,0,,,,0,,,,0,,1,2,15,17,1,,,,
asymmetric,4,1435,35,a,5,0,9536,16,90825,90825,90826,,,,90861,90828,90843,16,1:15,90844,90859,16,1:15,90845,90860,16,1:15,,,0,,,,0,,,,0,,,,0,,1,2,15,17,1,,,,
asymmetric,4,1436,35,a,5,16,9664,16,90864,90864,90865,,,,90900,90867,90882,16,1:15,90883,90898,16,1:15,90884,90899,16,1:15,,,0,,,,0,,,,0,,,,0,,1,2,15,17,1,,,,
asymmetric,4,1437,35,a,6,0,9792,16,90903,90903,90904,,,,90939,90906,90921,16,1:15,90922,90937,16,1:15,90923,90938,16,1:15,,,0,,,,0,,,,0,,,,0,,1,2,15,17,1,,,,
asymmetric,4,1438,35,a,6,16,9920,16,90942,90942,90943,,,,90978,90945,90960,16,1:15,90961,90976,16,1:15,90962,90977,16,1:15,,,0,,,,0,,,,0,,,,0,,1,2,15,17,1,,,,
asymmetric,4,1439,35,a,7,0,10048,16,90981,90981,90982,,,,91017,90984,90999,16,1:15,91000,91015,16,1:15,91001,91016,16,1:15,,,0,,,,0,,,,0,,,,0,,1,2,15,17,1,,,,
asymmetric,4,1440,35,a,7,16,10176,16,91020,91020,91021,,,,91056,91023,91038,16,1:15,91039,91054,16,1:15,91040,91055,16,1:15,,,0,,,,0,,,,0,,,,0,,1,2,15,17,1,,,,
asymmetric,4,1441,35,bt,0,0,22976,16,91064,91064,91065,,,,91100,91067,91082,16,1:15,91083,91098,16,1:15,91084,91099,16,1:15,,,0,,,,0,,,,0,,,,0,,1,2,15,17,1,,,,
asymmetric,4,1442,35,bt,0,16,23104,16,91103,91103,91104,,,,91139,91106,91121,16,1:15,91122,91137,16,1:15,91123,91138,16,1:15,,,0,,,,0,,,,0,,,,0,,1,2,15,17,1,,,,
asymmetric,4,1443,35,bt,1,0,23232,16,91142,91142,91143,,,,91178,91145,91160,16,1:15,91161,91176,16,1:15,91162,91177,16,1:15,,,0,,,,0,,,,0,,,,0,,1,2,15,17,1,,,,
asymmetric,4,1444,35,bt,1,16,23360,16,91181,91181,91182,,,,91217,91184,91199,16,1:15,91200,91215,16,1:15,91201,91216,16,1:15,,,0,,,,0,,,,0,,,,0,,1,2,15,17,1,,,,
asymmetric,4,1445,35,bt,2,0,23488,16,91220,91220,91221,,,,91256,91223,91238,16,1:15,91239,91254,16,1:15,91240,91255,16,1:15,,,0,,,,0,,,,0,,,,0,,1,2,15,17,1,,,,
asymmetric,4,1446,35,bt,2,16,23616,16,91259,91259,91260,,,,91295,91262,91277,16,1:15,91278,91293,16,1:15,91279,91294,16,1:15,,,0,,,,0,,,,0,,,,0,,1,2,15,17,1,,,,
asymmetric,4,1447,35,bt,3,0,23744,16,91298,91298,91299,,,,91334,91301,91316,16,1:15,91317,91332,16,1:15,91318,91333,16,1:15,,,0,,,,0,,,,0,,,,0,,1,2,15,17,1,,,,
asymmetric,4,1448,35,bt,3,16,23872,16,91337,91337,91338,,,,91373,91340,91355,16,1:15,91356,91371,16,1:15,91357,91372,16,1:15,,,0,,,,0,,,,0,,,,0,,1,2,15,17,1,,,,
asymmetric,4,1449,35,bt,4,0,24000,16,91376,91376,91377,,,,91412,91379,91394,16,1:15,91395,91410,16,1:15,91396,91411,16,1:15,,,0,,,,0,,,,0,,,,0,,1,2,15,17,1,,,,
asymmetric,4,1450,35,bt,4,16,24128,16,91415,91415,91416,,,,91451,91418,91433,16,1:15,91434,91449,16,1:15,91435,91450,16,1:15,,,0,,,,0,,,,0,,,,0,,1,2,15,17,1,,,,
asymmetric,4,1451,35,bt,5,0,24256,16,91454,91454,91455,,,,91490,91457,91472,16,1:15,91473,91488,16,1:15,91474,91489,16,1:15,,,0,,,,0,,,,0,,,,0,,1,2,15,17,1,,,,
asymmetric,4,1452,35,bt,5,16,24384,16,91493,91493,91494,,,,91529,91496,91511,16,1:15,91512,91527,16,1:15,91513,91528,16,1:15,,,0,,,,0,,,,0,,,,0,,1,2,15,17,1,,,,
asymmetric,4,1453,35,bt,6,0,24512,8,91532,91532,91533,,,,91552,91535,91542,8,1:7,91543,91550,8,1:7,91544,91551,8,1:7,,,0,,,,0,,,,0,,,,0,,1,2,7,9,1,,,,
asymmetric,4,1454,35,bt,6,8,24576,16,91555,91555,91556,,,,91591,91558,91573,16,1:15,91574,91589,16,1:15,91575,91590,16,1:15,,,0,,,,0,,,,0,,,,0,,1,2,15,17,1,,,,
asymmetric,4,1455,35,bt,6,24,24704,8,91594,91594,91595,,,,91614,91597,91604,8,1:7,91605,91612,8,1:7,91606,91613,8,1:7,,,0,,,,0,,,,0,,,,0,,1,2,7,9,1,,,,
asymmetric,4,1456,35,bt,7,0,24768,16,91617,91617,91618,,,,91653,91620,91635,16,1:15,91636,91651,16,1:15,91637,91652,16,1:15,,,0,,,,0,,,,0,,,,0,,1,2,15,17,1,,,,
asymmetric,4,1457,35,bt,7,16,24896,16,91656,91656,91657,,,,91692,91659,91674,16,1:15,91675,91690,16,1:15,91676,91691,16,1:15,,,0,,,,0,,,,0,,,,0,,1,2,15,17,1,,,,
asymmetric,4,1458,35,c,0,0,41376,4,92782,92782,,92803,92802,92808,92809,,,0,,,,0,,,,0,,92784,92799,4,5:3,92786,92801,4,5:3,92787,92802,4,5:3,92803,92806,4,1:3,,,,,,20,4,2,1
asymmetric,4,1459,35,c,1,0,41632,4,92812,92812,,92833,92832,92838,92839,,,0,,,,0,,,,0,,92814,92829,4,5:3,92816,92831,4,5:3,92817,92832,4,5:3,92833,92836,4,1:3,,,,,,20,4,2,1
asymmetric,4,1460,35,c,2,0,41888,4,92842,92842,,92863,92862,92868,92869,,,0,,,,0,,,,0,,92844,92859,4,5:3,92846,92861,4,5:3,92847,92862,4,5:3,92863,92866,4,1:3,,,,,,20,4,2,1
asymmetric,4,1461,35,c,3,0,42144,4,92872,92872,,92893,92892,92898,92899,,,0,,,,0,,,,0,,92874,92889,4,5:3,92876,92891,4,5:3,92877,92892,4,5:3,92893,92896,4,1:3,,,,,,20,4,2,1
asymmetric,4,1462,35,c,4,0,42400,4,92902,92902,,92923,92922,92928,92929,,,0,,,,0,,,,0,,92904,92919,4,5:3,92906,92921,4,5:3,92907,92922,4,5:3,92923,92926,4,1:3,,,,,,20,4,2,1
asymmetric,4,1463,35,c,5,0,42656,4,92932,92932,,92953,92952,92958,92959,,,0,,,,0,,,,0,,92934,92949,4,5:3,92936,92951,4,5:3,92937,92952,4,5:3,92953,92956,4,1:3,,,,,,20,4,2,1
asymmetric,4,1464,35,c,6,0,42912,4,92962,92962,,92983,92982,92988,92989,,,0,,,,0,,,,0,,92964,92979,4,5:3,92966,92981,4,5:3,92967,92982,4,5:3,92983,92986,4,1:3,,,,,,20,4,2,1
asymmetric,4,1465,35,c,7,0,43168,4,92992,92992,,93013,93012,93018,93019,,,0,,,,0,,,,0,,92994,93009,4,5:3,92996,93011,4,5:3,92997,93012,4,5:3,93013,93016,4,1:3,,,,,,20,4,2,1
asymmetric,4,1466,36,a,0,0,8256,16,93028,93028,93029,,,,93064,93031,93046,16,1:15,93047,93062,16,1:15,93048,93063,16,1:15,,,0,,,,0,,,,0,,,,0,,1,2,15,17,1,,,,
asymmetric,4,1467,36,a,0,16,8384,16,93067,93067,93068,,,,93103,93070,93085,16,1:15,93086,93101,16,1:15,93087,93102,16,1:15,,,0,,,,0,,,,0,,,,0,,1,2,15,17,1,,,,
asymmetric,4,1468,36,a,1,0,8512,16,93106,93106,93107,,,,93142,93109,93124,16,1:15,93125,93140,16,1:15,93126,93141,16,1:15,,,0,,,,0,,,,0,,,,0,,1,2,15,17,1,,,,
asymmetric,4,1469,36,a,1,16,8640,16,93145,93145,93146,,,,93181,93148,93163,16,1:15,93164,93179,16,1:15,93165,93180,16,1:15,,,0,,,,0,,,,0,,,,0,,1,2,15,17,1,,,,
asymmetric,4,1470,36,a,2,0,8768,16,93184,93184,93185,,,,93220,93187,93202,16,1:15,93203,93218,16,1:15,93204,93219,16,1:15,,,0,,,,0,,,,0,,,,0,,1,2,15,17,1,,,,
asymmetric,4,1471,36,a,2,16,8896,16,93223,93223,93224,,,,93259,93226,93241,16,1:15,93242,93257,16,1:15,93243,93258,16,1:15,,,0,,,,0,,,,0,,,,0,,1,2,15,17,1,,,,
asymmetric,4,1472,36,a,3,0,9024,16,93262,93262,93263,,,,93298,93265,93280,16,1:15,93281,93296,16,1:15,93282,93297,16,1:15,,,0,,,,0,,,,0,,,,0,,1,2,15,17,1,,,,
asymmetric,4,1473,36,a,3,16,9152,16,93301,93301,93302,,,,93337,93304,93319,16,1:15,93320,93335,16,1:15,93321,93336,16,1:15,,,0,,,,0,,,,0,,,,0,,1,2,15,17,1,,,,
asymmetric,4,1474,36,a,4,0,9280,16,93340,93340,93341,,,,93376,93343,93358,16,1:15,93359,93374,16,1:15,93360,93375,16,1:15,,,0,,,,0,,,,0,,,,0,,1,2,15,17,1,,,,
asymmetric,4,1475,36,a,4,16,9408,16,93379,93379,93380,,,,93415,93382,93397,16,1:15,93398,93413,16,1:15,93399,93414,16,1:15,,,0,,,,0,,,,0,,,,0,,1,2,15,17,1,,,,
asymmetric,4,1476,36,a,5,0,9536,16,93418,93418,93419,,,,93454,93421,93436,16,1:15,93437,93452,16,1:15,93438,93453,16,1:15,,,0,,,,0,,,,0,,,,0,,1,2,15,17,1,,,,
asymmetric,4,1477,36,a,5,16,9664,16,93457,93457,93458,,,,93493,93460,93475,16,1:15,93476,93491,16,1:15,93477,93492,16,1:15,,,0,,,,0,,,,0,,,,0,,1,2,15,17,1,,,,
asymmetric,4,1478,36,a,6,0,9792,16,93496,93496,93497,,,,93532,93499,93514,16,1:15,93515,93530,16,1:15,93516,93531,16,1:15,,,0,,,,0,,,,0,,,,0,,1,2,15,17,1,,,,
asymmetric,4,1479,36,a,6,16,9920,16,93535,93535,93536,,,,93571,93538,93553,16,1:15,93554,93569,16,1:15,93555,93570,16,1:15,,,0,,,,0,,,,0,,,,0,,1,2,15,17,1,,,,
asymmetric,4,1480,36,a,7,0,10048,16,93574,93574,93575,,,,93610,93577,93592,16,1:15,93593,93608,16,1:15,93594,93609,16,1:15,,,0,,,,0,,,,0,,,,0,,1,2,15,17,1,,,,
asymmetric,4,1481,36,a,7,16,10176,16,93613,93613,93614,,,,93649,93616,93631,16,1:15,93632,93647,16,1:15,93633,93648,16,1:15,,,0,,,,0,,,,0,,,,0,,1,2,15,17,1,,,,
asymmetric,4,1482,36,bt,0,0,25024,16,93657,93657,93658,,,,93693,93660,93675,16,1:15,93676,93691,16,1:15,93677,93692,16,1:15,,,0,,,,0,,,,0,,,,0,,1,2,15,17,1,,,,
asymmetric,4,1483,36,bt,0,16,25152,16,93696,93696,93697,,,,93732,93699,93714,16,1:15,93715,93730,16,1:15,93716,93731,16,1:15,,,0,,,,0,,,,0,,,,0,,1,2,15,17,1,,,,
asymmetric,4,1484,36,bt,1,0,25280,16,93735,93735,93736,,,,93771,93738,93753,16,1:15,93754,93769,16,1:15,93755,93770,16,1:15,,,0,,,,0,,,,0,,,,0,,1,2,15,17,1,,,,
asymmetric,4,1485,36,bt,1,16,25408,16,93774,93774,93775,,,,93810,93777,93792,16,1:15,93793,93808,16,1:15,93794,93809,16,1:15,,,0,,,,0,,,,0,,,,0,,1,2,15,17,1,,,,
asymmetric,4,1486,36,bt,2,0,25536,16,93813,93813,93814,,,,93849,93816,93831,16,1:15,93832,93847,16,1:15,93833,93848,16,1:15,,,0,,,,0,,,,0,,,,0,,1,2,15,17,1,,,,
asymmetric,4,1487,36,bt,2,16,25664,16,93852,93852,93853,,,,93888,93855,93870,16,1:15,93871,93886,16,1:15,93872,93887,16,1:15,,,0,,,,0,,,,0,,,,0,,1,2,15,17,1,,,,
asymmetric,4,1488,36,bt,3,0,25792,16,93891,93891,93892,,,,93927,93894,93909,16,1:15,93910,93925,16,1:15,93911,93926,16,1:15,,,0,,,,0,,,,0,,,,0,,1,2,15,17,1,,,,
asymmetric,4,1489,36,bt,3,16,25920,16,93930,93930,93931,,,,93966,93933,93948,16,1:15,93949,93964,16,1:15,93950,93965,16,1:15,,,0,,,,0,,,,0,,,,0,,1,2,15,17,1,,,,
asymmetric,4,1490,36,bt,4,0,26048,16,93969,93969,93970,,,,94005,93972,93987,16,1:15,93988,94003,16,1:15,93989,94004,16,1:15,,,0,,,,0,,,,0,,,,0,,1,2,15,17,1,,,,
asymmetric,4,1491,36,bt,4,16,26176,16,94008,94008,94009,,,,94044,94011,94026,16,1:15,94027,94042,16,1:15,94028,94043,16,1:15,,,0,,,,0,,,,0,,,,0,,1,2,15,17,1,,,,
asymmetric,4,1492,36,bt,5,0,26304,16,94047,94047,94048,,,,94083,94050,94065,16,1:15,94066,94081,16,1:15,94067,94082,16,1:15,,,0,,,,0,,,,0,,,,0,,1,2,15,17,1,,,,
asymmetric,4,1493,36,bt,5,16,26432,16,94086,94086,94087,,,,94122,94089,94104,16,1:15,94105,94120,16,1:15,94106,94121,16,1:15,,,0,,,,0,,,,0,,,,0,,1,2,15,17,1,,,,
asymmetric,4,1494,36,bt,6,0,26560,16,94125,94125,94126,,,,94161,94128,94143,16,1:15,94144,94159,16,1:15,94145,94160,16,1:15,,,0,,,,0,,,,0,,,,0,,1,2,15,17,1,,,,
asymmetric,4,1495,36,bt,6,16,26688,16,94164,94164,94165,,,,94200,94167,94182,16,1:15,94183,94198,16,1:15,94184,94199,16,1:15,,,0,,,,0,,,,0,,,,0,,1,2,15,17,1,,,,
asymmetric,4,1496,36,bt,7,0,26816,16,94203,94203,94204,,,,94239,94206,94221,16,1:15,94222,94237,16,1:15,94223,94238,16,1:15,,,0,,,,0,,,,0,,,,0,,1,2,15,17,1,,,,
asymmetric,4,1497,36,bt,7,16,26944,16,94242,94242,94243,,,,94278,94245,94260,16,1:15,94261,94276,16,1:15,94262,94277,16,1:15,,,0,,,,0,,,,0,,,,0,,1,2,15,17,1,,,,
asymmetric,4,1498,36,c,0,0,41408,4,95368,95368,,95389,95388,95394,95395,,,0,,,,0,,,,0,,95370,95385,4,5:3,95372,95387,4,5:3,95373,95388,4,5:3,95389,95392,4,1:3,,,,,,20,4,2,1
asymmetric,4,1499,36,c,1,0,41664,4,95398,95398,,95419,95418,95424,95425,,,0,,,,0,,,,0,,95400,95415,4,5:3,95402,95417,4,5:3,95403,95418,4,5:3,95419,95422,4,1:3,,,,,,20,4,2,1
asymmetric,4,1500,36,c,2,0,41920,4,95428,95428,,95449,95448,95454,95455,,,0,,,,0,,,,0,,95430,95445,4,5:3,95432,95447,4,5:3,95433,95448,4,5:3,95449,95452,4,1:3,,,,,,20,4,2,1
asymmetric,4,1501,36,c,3,0,42176,4,95458,95458,,95479,95478,95484,95485,,,0,,,,0,,,,0,,95460,95475,4,5:3,95462,95477,4,5:3,95463,95478,4,5:3,95479,95482,4,1:3,,,,,,20,4,2,1
asymmetric,4,1502,36,c,4,0,42432,4,95488,95488,,95509,95508,95514,95515,,,0,,,,0,,,,0,,95490,95505,4,5:3,95492,95507,4,5:3,95493,95508,4,5:3,95509,95512,4,1:3,,,,,,20,4,2,1
asymmetric,4,1503,36,c,5,0,42688,4,95518,95518,,95539,95538,95544,95545,,,0,,,,0,,,,0,,95520,95535,4,5:3,95522,95537,4,5:3,95523,95538,4,5:3,95539,95542,4,1:3,,,,,,20,4,2,1
asymmetric,4,1504,36,c,6,0,42944,4,95548,95548,,95569,95568,95574,95575,,,0,,,,0,,,,0,,95550,95565,4,5:3,95552,95567,4,5:3,95553,95568,4,5:3,95569,95572,4,1:3,,,,,,20,4,2,1
asymmetric,4,1505,36,c,7,0,43200,4,95578,95578,,95599,95598,95604,95605,,,0,,,,0,,,,0,,95580,95595,4,5:3,95582,95597,4,5:3,95583,95598,4,5:3,95599,95602,4,1:3,,,,,,20,4,2,1
asymmetric,4,1506,37,a,0,0,8256,16,95614,95614,95615,,,,95650,95617,95632,16,1:15,95633,95648,16,1:15,95634,95649,16,1:15,,,0,,,,0,,,,0,,,,0,,1,2,15,17,1,,,,
asymmetric,4,1507,37,a,0,16,8384,16,95653,95653,95654,,,,95689,95656,95671,16,1:15,95672,95687,16,1:15,95673,95688,16,1:15,,,0,,,,0,,,,0,,,,0,,1,2,15,17,1,,,,
asymmetric,4,1508,37,a,1,0,8512,16,95692,95692,95693,,,,95728,95695,95710,16,1:15,95711,95726,16,1:15,95712,95727,16,1:15,,,0,,,,0,,,,0,,,,0,,1,2,15,17,1,,,,
asymmetric,4,1509,37,a,1,16,8640,16,95731,95731,95732,,,,95767,95734,95749,16,1:15,95750,95765,16,1:15,95751,95766,16,1:15,,,0,,,,0,,,,0,,,,0,,1,2,15,17,1,,,,
asymmetric,4,1510,37,a,2,0,8768,16,95770,95770,95771,,,,95806,95773,95788,16,1:15,95789,95804,16,1:15,95790,95805,16,1:15,,,0,,,,0,,,,0,,,,0,,1,2,15,17,1,,,,
asymmetric,4,1511,37,a,2,16,8896,16,95809,95809,95810,,,,95845,95812,95827,16,1:15,95828,95843,16,1:15,95829,95844,16,1:15,,,0,,,,0,,,,0,,,,0,,1,2,15,17,1,,,,
asymmetric,4,1512,37,a,3,0,9024,16,95848,95848,95849,,,,95884,95851,95866,16,1:15,95867,95882,16,1:15,95868,95883,16,1:15,,,0,,,,0,,,,0,,,,0,,1,2,15,17,1,,,,
asymmetric,4,1513,37,a,3,16,9152,16,95887,95887,95888,,,,95923,95890,95905,16,1:15,95906,95921,16,1:15,95907,95922,16,1:15,,,0,,,,0,,,,0,,,,0,,1,2,15,17,1,,,,
asymmetric,4,1514,37,a,4,0,9280,16,95926,95926,95927,,,,95962,95929,95944,16,1:15,95945,95960,16,1:15,95946,95961,16,1:15,,,0,,,,0,,,,0,,,,0,,1,2,15,17,1,,,,
asymmetric,4,1515,37,a,4,16,9408,16,95965,95965,95966,,,,96001,95968,95983,16,1:15,95984,95999,16,1:15,95985,96000,16,1:15,,,0,,,,0,,,,0,,,,0,,1,2,15,17,1,,,,
asymmetric,4,1516,37,a,5,0,9536,16,96004,96004,96005,,,,96040,96007,96022,16,1:15,96023,96038,16,1:15,96024,96039,16,1:15,,,0,,,,0,,,,0,,,,0,,1,2,15,17,1,,,,
asymmetric,4,1517,37,a,5,16,9664,16,96043,96043,96044,,,,96079,96046,96061,16,1:15,96062,96077,16,1:15,96063,96078,16,1:15,,,0,,,,0,,,,0,,,,0,,1,2,15,17,1,,,,
asymmetric,4,1518,37,a,6,0,9792,16,96082,96082,96083,,,,96118,96085,96100,16,1:15,96101,96116,16,1:15,96102,96117,16,1:15,,,0,,,,0,,,,0,,,,0,,1,2,15,17,1,,,,
asymmetric,4,1519,37,a,6,16,9920,16,96121,96121,96122,,,,96157,96124,96139,16,1:15,96140,96155,16,1:15,96141,96156,16,1:15,,,0,,,,0,,,,0,,,,0,,1,2,15,17,1,,,,
asymmetric,4,1520,37,a,7,0,10048,16,96160,96160,96161,,,,96196,96163,96178,16,1:15,96179,96194,16,1:15,96180,96195,16,1:15,,,0,,,,0,,,,0,,,,0,,1,2,15,17,1,,,,
asymmetric,4,1521,37,a,7,16,10176,16,96199,96199,96200,,,,96235,96202,96217,16,1:15,96218,96233,16,1:15,96219,96234,16,1:15,,,0,,,,0,,,,0,,,,0,,1,2,15,17,1,,,,
asymmetric,4,1522,37,bt,0,0,27072,16,96243,96243,96244,,,,96279,96246,96261,16,1:15,96262,96277,16,1:15,96263,96278,16,1:15,,,0,,,,0,,,,0,,,,0,,1,2,15,17,1,,,,
asymmetric,4,1523,37,bt,0,16,27200,16,96282,96282,96283,,,,96318,96285,96300,16,1:15,96301,96316,16,1:15,96302,96317,16,1:15,,,0,,,,0,,,,0,,,,0,,1,2,15,17,1,,,,
asymmetric,4,1524,37,bt,1,0,27328,16,96321,96321,96322,,,,96357,96324,96339,16,1:15,96340,96355,16,1:15,96341,96356,16,1:15,,,0,,,,0,,,,0,,,,0,,1,2,15,17,1,,,,
asymmetric,4,1525,37,bt,1,16,27456,16,96360,96360,96361,,,,96396,96363,96378,16,1:15,96379,96394,16,1:15,96380,96395,16,1:15,,,0,,,,0,,,,0,,,,0,,1,2,15,17,1,,,,
asymmetric,4,1526,37,bt,2,0,27584,16,96399,96399,96400,,,,96435,96402,96417,16,1:15,96418,96433,16,1:15,96419,96434,16,1:15,,,0,,,,0,,,,0,,,,0,,1,2,15,17,1,,,,
asymmetric,4,1527,37,bt,2,16,27712,16,96438,96438,96439,,,,96474,96441,96456,16,1:15,96457,96472,16,1:15,96458,96473,16,1:15,,,0,,,,0,,,,0,,,,0,,1,2,15,17,1,,,,
asymmetric,4,1528,37,bt,3,0,27840,16,96477,96477,96478,,,,96513,96480,96495,16,1:15,96496,96511,16,1:15,96497,96512,16,1:15,,,0,,,,0,,,,0,,,,0,,1,2,15,17,1,,,,
asymmetric,4,1529,37,bt,3,16,27968,16,96516,96516,96517,,,,96552,96519,96534,16,1:15,96535,96550,16,1:15,96536,96551,16,1:15,,,0,,,,0,,,,0,,,,0,,1,2,15,17,1,,,,
asymmetric,4,1530,37,bt,4,0,28096,16,96555,96555,96556,,,,96591,96558,96573,16,1:15,96574,96589,16,1:15,96575,96590,16,1:15,,,0,,,,0,,,,0,,,,0,,1,2,15,17,1,,,,
asymmetric,4,1531,37,bt,4,16,28224,16,96594,96594,96595,,,,96630,96597,96612,16,1:15,96613,96628,16,1:15,96614,96629,16,1:15,,,0,,,,0,,,,0,,,,0,,1,2,15,17,1,,,,
asymmetric,4,1532,37,bt,5,0,28352,16,96633,96633,96634,,,,96669,96636,96651,16,1:15,96652,96667,16,1:15,96653,96668,16,1:15,,,0,,,,0,,,,0,,,,0,,1,2,15,17,1,,,,
asymmetric,4,1533,37,bt,5,16,28480,16,96672,96672,96673,,,,96708,96675,96690,16,1:15,96691,96706,16,1:15,96692,96707,16,1:15,,,0,,,,0,,,,0,,,,0,,1,2,15,17,1,,,,
asymmetric,4,1534,37,bt,6,0,28608,8,96711,96711,96712,,,,96731,96714,96721,8,1:7,96722,96729,8,1:7,96723,96730,8,1:7,,,0,,,,0,,,,0,,,,0,,1,2,7,9,1,,,,
asymmetric,4,1535,37,bt,6,8,28672,16,96734,96734,96735,,,,96770,96737,96752,16,1:15,96753,96768,16,1:15,96754,96769,16,1:15,,,0,,,,0,,,,0,,,,0,,1,2,15,17,1,,,,
asymmetric,4,1536,37,bt,6,24,28800,8,96773,96773,96774,,,,96793,96776,96783,8,1:7,96784,96791,8,1:7,96785,96792,8,1:7,,,0,,,,0,,,,0,,,,0,,1,2,7,9,1,,,,
asymmetric,4,1537,37,bt,7,0,28864,16,96796,96796,96797,,,,96832,96799,96814,16,1:15,96815,96830,16,1:15,96816,96831,16,1:15,,,0,,,,0,,,,0,,,,0,,1,2,15,17,1,,,,
asymmetric,4,1538,37,bt,7,16,28992,16,96835,96835,96836,,,,96871,96838,96853,16,1:15,96854,96869,16,1:15,96855,96870,16,1:15,,,0,,,,0,,,,0,,,,0,,1,2,15,17,1,,,,
asymmetric,4,1539,37,c,0,0,41440,4,97961,97961,,97982,97981,97987,97988,,,0,,,,0,,,,0,,97963,97978,4,5:3,97965,97980,4,5:3,97966,97981,4,5:3,97982,97985,4,1:3,,,,,,20,4,2,1
asymmetric,4,1540,37,c,1,0,41696,4,97991,97991,,98012,98011,98017,98018,,,0,,,,0,,,,0,,97993,98008,4,5:3,97995,98010,4,5:3,97996,98011,4,5:3,98012,98015,4,1:3,,,,,,20,4,2,1
asymmetric,4,1541,37,c,2,0,41952,4,98021,98021,,98042,98041,98047,98048,,,0,,,,0,,,,0,,98023,98038,4,5:3,98025,98040,4,5:3,98026,98041,4,5:3,98042,98045,4,1:3,,,,,,20,4,2,1
asymmetric,4,1542,37,c,3,0,42208,4,98051,98051,,98072,98071,98077,98078,,,0,,,,0,,,,0,,98053,98068,4,5:3,98055,98070,4,5:3,98056,98071,4,5:3,98072,98075,4,1:3,,,,,,20,4,2,1
asymmetric,4,1543,37,c,4,0,42464,4,98081,98081,,98102,98101,98107,98108,,,0,,,,0,,,,0,,98083,98098,4,5:3,98085,98100,4,5:3,98086,98101,4,5:3,98102,98105,4,1:3,,,,,,20,4,2,1
asymmetric,4,1544,37,c,5,0,42720,4,98111,98111,,98132,98131,98137,98138,,,0,,,,0,,,,0,,98113,98128,4,5:3,98115,98130,4,5:3,98116,98131,4,5:3,98132,98135,4,1:3,,,,,,20,4,2,1
asymmetric,4,1545,37,c,6,0,42976,4,98141,98141,,98162,98161,98167,98168,,,0,,,,0,,,,0,,98143,98158,4,5:3,98145,98160,4,5:3,98146,98161,4,5:3,98162,98165,4,1:3,,,,,,20,4,2,1
asymmetric,4,1546,37,c,7,0,43232,4,98171,98171,,98192,98191,98197,98198,,,0,,,,0,,,,0,,98173,98188,4,5:3,98175,98190,4,5:3,98176,98191,4,5:3,98192,98195,4,1:3,,,,,,20,4,2,1
asymmetric,4,1547,38,a,0,0,8256,16,98207,98207,98208,,,,98243,98210,98225,16,1:15,98226,98241,16,1:15,98227,98242,16,1:15,,,0,,,,0,,,,0,,,,0,,1,2,15,17,1,,,,
asymmetric,4,1548,38,a,0,16,8384,16,98246,98246,98247,,,,98282,98249,98264,16,1:15,98265,98280,16,1:15,98266,98281,16,1:15,,,0,,,,0,,,,0,,,,0,,1,2,15,17,1,,,,
asymmetric,4,1549,38,a,1,0,8512,16,98285,98285,98286,,,,98321,98288,98303,16,1:15,98304,98319,16,1:15,98305,98320,16,1:15,,,0,,,,0,,,,0,,,,0,,1,2,15,17,1,,,,
asymmetric,4,1550,38,a,1,16,8640,16,98324,98324,98325,,,,98360,98327,98342,16,1:15,98343,98358,16,1:15,98344,98359,16,1:15,,,0,,,,0,,,,0,,,,0,,1,2,15,17,1,,,,
asymmetric,4,1551,38,a,2,0,8768,16,98363,98363,98364,,,,98399,98366,98381,16,1:15,98382,98397,16,1:15,98383,98398,16,1:15,,,0,,,,0,,,,0,,,,0,,1,2,15,17,1,,,,
asymmetric,4,1552,38,a,2,16,8896,16,98402,98402,98403,,,,98438,98405,98420,16,1:15,98421,98436,16,1:15,98422,98437,16,1:15,,,0,,,,0,,,,0,,,,0,,1,2,15,17,1,,,,
asymmetric,4,1553,38,a,3,0,9024,16,98441,98441,98442,,,,98477,98444,98459,16,1:15,98460,98475,16,1:15,98461,98476,16,1:15,,,0,,,,0,,,,0,,,,0,,1,2,15,17,1,,,,
asymmetric,4,1554,38,a,3,16,9152,16,98480,98480,98481,,,,98516,98483,98498,16,1:15,98499,98514,16,1:15,98500,98515,16,1:15,,,0,,,,0,,,,0,,,,0,,1,2,15,17,1,,,,
asymmetric,4,1555,38,a,4,0,9280,16,98519,98519,98520,,,,98555,98522,98537,16,1:15,98538,98553,16,1:15,98539,98554,16,1:15,,,0,,,,0,,,,0,,,,0,,1,2,15,17,1,,,,
asymmetric,4,1556,38,a,4,16,9408,16,98558,98558,98559,,,,98594,98561,98576,16,1:15,98577,98592,16,1:15,98578,98593,16,1:15,,,0,,,,0,,,,0,,,,0,,1,2,15,17,1,,,,
asymmetric,4,1557,38,a,5,0,9536,16,98597,98597,98598,,,,98633,98600,98615,16,1:15,98616,98631,16,1:15,98617,98632,16,1:15,,,0,,,,0,,,,0,,,,0,,1,2,15,17,1,,,,
asymmetric,4,1558,38,a,5,16,9664,16,98636,98636,98637,,,,98672,98639,98654,16,1:15,98655,98670,16,1:15,98656,98671,16,1:15,,,0,,,,0,,,,0,,,,0,,1,2,15,17,1,,,,
asymmetric,4,1559,38,a,6,0,9792,16,98675,98675,98676,,,,98711,98678,98693,16,1:15,98694,98709,16,1:15,98695,98710,16,1:15,,,0,,,,0,,,,0,,,,0,,1,2,15,17,1,,,,
asymmetric,4,1560,38,a,6,16,9920,16,98714,98714,98715,,,,98750,98717,98732,16,1:15,98733,98748,16,1:15,98734,98749,16,1:15,,,0,,,,0,,,,0,,,,0,,1,2,15,17,1,,,,
asymmetric,4,1561,38,a,7,0,10048,16,98753,98753,98754,,,,98789,98756,98771,16,1:15,98772,98787,16,1:15,98773,98788,16,1:15,,,0,,,,0,,,,0,,,,0,,1,2,15,17,1,,,,
asymmetric,4,1562,38,a,7,16,10176,16,98792,98792,98793,,,,98828,98795,98810,16,1:15,98811,98826,16,1:15,98812,98827,16,1:15,,,0,,,,0,,,,0,,,,0,,1,2,15,17,1,,,,
asymmetric,4,1563,38,bt,0,0,29120,16,98836,98836,98837,,,,98872,98839,98854,16,1:15,98855,98870,16,1:15,98856,98871,16,1:15,,,0,,,,0,,,,0,,,,0,,1,2,15,17,1,,,,
asymmetric,4,1564,38,bt,0,16,29248,16,98875,98875,98876,,,,98911,98878,98893,16,1:15,98894,98909,16,1:15,98895,98910,16,1:15,,,0,,,,0,,,,0,,,,0,,1,2,15,17,1,,,,
asymmetric,4,1565,38,bt,1,0,29376,16,98914,98914,98915,,,,98950,98917,98932,16,1:15,98933,98948,16,1:15,98934,98949,16,1:15,,,0,,,,0,,,,0,,,,0,,1,2,15,17,1,,,,
asymmetric,4,1566,38,bt,1,16,29504,16,98953,98953,98954,,,,98989,98956,98971,16,1:15,98972,98987,16,1:15,98973,98988,16,1:15,,,0,,,,0,,,,0,,,,0,,1,2,15,17,1,,,,
asymmetric,4,1567,38,bt,2,0,29632,16,98992,98992,98993,,,,99028,98995,99010,16,1:15,99011,99026,16,1:15,99012,99027,16,1:15,,,0,,,,0,,,,0,,,,0,,1,2,15,17,1,,,,
asymmetric,4,1568,38,bt,2,16,29760,16,99031,99031,99032,,,,99067,99034,99049,16,1:15,99050,99065,16,1:15,99051,99066,16,1:15,,,0,,,,0,,,,0,,,,0,,1,2,15,17,1,,,,
asymmetric,4,1569,38,bt,3,0,29888,16,99070,99070,99071,,,,99106,99073,99088,16,1:15,99089,99104,16,1:15,99090,99105,16,1:15,,,0,,,,0,,,,0,,,,0,,1,2,15,17,1,,,,
asymmetric,4,1570,38,bt,3,16,30016,16,99109,99109,99110,,,,99145,99112,99127,16,1:15,99128,99143,16,1:15,99129,99144,16,1:15,,,0,,,,0,,,,0,,,,0,,1,2,15,17,1,,,,
asymmetric,4,1571,38,bt,4,0,30144,16,99148,99148,99149,,,,99184,99151,99166,16,1:15,99167,99182,16,1:15,99168,99183,16,1:15,,,0,,,,0,,,,0,,,,0,,1,2,15,17,1,,,,
asymmetric,4,1572,38,bt,4,16,30272,16,99187,99187,99188,,,,99223,99190,99205,16,1:15,99206,99221,16,1:15,99207,99222,16,1:15,,,0,,,,0,,,,0,,,,0,,1,2,15,17,1,,,,
asymmetric,4,1573,38,bt,5,0,30400,16,99226,99226,99227,,,,99262,99229,99244,16,1:15,99245,99260,16,1:15,99246,99261,16,1:15,,,0,,,,0,,,,0,,,,0,,1,2,15,17,1,,,,
asymmetric,4,1574,38,bt,5,16,30528,16,99265,99265,99266,,,,99301,99268,99283,16,1:15,99284,99299,16,1:15,99285,99300,16,1:15,,,0,,,,0,,,,0,,,,0,,1,2,15,17,1,,,,
asymmetric,4,1575,38,bt,6,0,30656,16,99304,99304,99305,,,,99340,99307,99322,16,1:15,99323,99338,16,1:15,99324,99339,16,1:15,,,0,,,,0,,,,0,,,,0,,1,2,15,17,1,,,,
asymmetric,4,1576,38,bt,6,16,30784,16,99343,99343,99344,,,,99379,99346,99361,16,1:15,99362,99377,16,1:15,99363,99378,16,1:15,,,0,,,,0,,,,0,,,,0,,1,2,15,17,1,,,,
asymmetric,4,1577,38,bt,7,0,30912,16,99382,99382,99383,,,,99418,99385,99400,16,1:15,99401,99416,16,1:15,99402,99417,16,1:15,,,0,,,,0,,,,0,,,,0,,1,2,15,17,1,,,,
asymmetric,4,1578,38,bt,7,16,31040,16,99421,99421,99422,,,,99457,99424,99439,16,1:15,99440,99455,16,1:15,99441,99456,16,1:15,,,0,,,,0,,,,0,,,,0,,1,2,15,17,1,,,,
asymmetric,4,1579,38,c,0,0,41472,4,100547,100547,,100568,100567,100573,100574,,,0,,,,0,,,,0,,100549,100564,4,5:3,100551,100566,4,5:3,100552,100567,4,5:3,100568,100571,4,1:3,,,,,,20,4,2,1
asymmetric,4,1580,38,c,1,0,41728,4,100577,100577,,100598,100597,100603,100604,,,0,,,,0,,,,0,,100579,100594,4,5:3,100581,100596,4,5:3,100582,100597,4,5:3,100598,100601,4,1:3,,,,,,20,4,2,1
asymmetric,4,1581,38,c,2,0,41984,4,100607,100607,,100628,100627,100633,100634,,,0,,,,0,,,,0,,100609,100624,4,5:3,100611,100626,4,5:3,100612,100627,4,5:3,100628,100631,4,1:3,,,,,,20,4,2,1
asymmetric,4,1582,38,c,3,0,42240,4,100637,100637,,100658,100657,100663,100664,,,0,,,,0,,,,0,,100639,100654,4,5:3,100641,100656,4,5:3,100642,100657,4,5:3,100658,100661,4,1:3,,,,,,20,4,2,1
asymmetric,4,1583,38,c,4,0,42496,4,100667,100667,,100688,100687,100693,100694,,,0,,,,0,,,,0,,100669,100684,4,5:3,100671,100686,4,5:3,100672,100687,4,5:3,100688,100691,4,1:3,,,,,,20,4,2,1
asymmetric,4,1584,38,c,5,0,42752,4,100697,100697,,100718,100717,100723,100724,,,0,,,,0,,,,0,,100699,100714,4,5:3,100701,100716,4,5:3,100702,100717,4,5:3,100718,100721,4,1:3,,,,,,20,4,2,1
asymmetric,4,1585,38,c,6,0,43008,4,100727,100727,,100748,100747,100753,100754,,,0,,,,0,,,,0,,100729,100744,4,5:3,100731,100746,4,5:3,100732,100747,4,5:3,100748,100751,4,1:3,,,,,,20,4,2,1
asymmetric,4,1586,38,c,7,0,43264,4,100757,100757,,100778,100777,100783,100784,,,0,,,,0,,,,0,,100759,100774,4,5:3,100761,100776,4,5:3,100762,100777,4,5:3,100778,100781,4,1:3,,,,,,20,4,2,1
asymmetric,4,1587,39,a,0,0,8256,16,100793,100793,100794,,,,100829,100796,100811,16,1:15,100812,100827,16,1:15,100813,100828,16,1:15,,,0,,,,0,,,,0,,,,0,,1,2,15,17,1,,,,
asymmetric,4,1588,39,a,0,16,8384,16,100832,100832,100833,,,,100868,100835,100850,16,1:15,100851,100866,16,1:15,100852,100867,16,1:15,,,0,,,,0,,,,0,,,,0,,1,2,15,17,1,,,,
asymmetric,4,1589,39,a,1,0,8512,16,100871,100871,100872,,,,100907,100874,100889,16,1:15,100890,100905,16,1:15,100891,100906,16,1:15,,,0,,,,0,,,,0,,,,0,,1,2,15,17,1,,,,
asymmetric,4,1590,39,a,1,16,8640,16,100910,100910,100911,,,,100946,100913,100928,16,1:15,100929,100944,16,1:15,100930,100945,16,1:15,,,0,,,,0,,,,0,,,,0,,1,2,15,17,1,,,,
asymmetric,4,1591,39,a,2,0,8768,16,100949,100949,100950,,,,100985,100952,100967,16,1:15,100968,100983,16,1:15,100969,100984,16,1:15,,,0,,,,0,,,,0,,,,0,,1,2,15,17,1,,,,
asymmetric,4,1592,39,a,2,16,8896,16,100988,100988,100989,,,,101024,100991,101006,16,1:15,101007,101022,16,1:15,101008,101023,16,1:15,,,0,,,,0,,,,0,,,,0,,1,2,15,17,1,,,,
asymmetric,4,1593,39,a,3,0,9024,16,101027,101027,101028,,,,101063,101030,101045,16,1:15,101046,101061,16,1:15,101047,101062,16,1:15,,,0,,,,0,,,,0,,,,0,,1,2,15,17,1,,,,
asymmetric,4,1594,39,a,3,16,9152,16,101066,101066,101067,,,,101102,101069,101084,16,1:15,101085,101100,16,1:15,101086,101101,16,1:15,,,0,,,,0,,,,0,,,,0,,1,2,15,17,1,,,,
asymmetric,4,1595,39,a,4,0,9280,16,101105,101105,101106,,,,101141,101108,101123,16,1:15,101124,101139,16,1:15,101125,101140,16,1:15,,,0,,,,0,,,,0,,,,0,,1,2,15,17,1,,,,
asymmetric,4,1596,39,a,4,16,9408,16,101144,101144,101145,,,,101180,101147,101162,16,1:15,101163,101178,16,1:15,101164,101179,16,1:15,,,0,,,,0,,,,0,,,,0,,1,2,15,17,1,,,,
asymmetric,4,1597,39,a,5,0,9536,16,101183,101183,101184,,,,101219,101186,101201,16,1:15,101202,101217,16,1:15,101203,101218,16,1:15,,,0,,,,0,,,,0,,,,0,,1,2,15,17,1,,,,
asymmetric,4,1598,39,a,5,16,9664,16,101222,101222,101223,,,,101258,101225,101240,16,1:15,101241,101256,16,1:15,101242,101257,16,1:15,,,0,,,,0,,,,0,,,,0,,1,2,15,17,1,,,,
asymmetric,4,1599,39,a,6,0,9792,16,101261,101261,101262,,,,101297,101264,101279,16,1:15,101280,101295,16,1:15,101281,101296,16,1:15,,,0,,,,0,,,,0,,,,0,,1,2,15,17,1,,,,
asymmetric,4,1600,39,a,6,16,9920,16,101300,101300,101301,,,,101336,101303,101318,16,1:15,101319,101334,16,1:15,101320,101335,16,1:15,,,0,,,,0,,,,0,,,,0,,1,2,15,17,1,,,,
asymmetric,4,1601,39,a,7,0,10048,16,101339,101339,101340,,,,101375,101342,101357,16,1:15,101358,101373,16,1:15,101359,101374,16,1:15,,,0,,,,0,,,,0,,,,0,,1,2,15,17,1,,,,
asymmetric,4,1602,39,a,7,16,10176,16,101378,101378,101379,,,,101414,101381,101396,16,1:15,101397,101412,16,1:15,101398,101413,16,1:15,,,0,,,,0,,,,0,,,,0,,1,2,15,17,1,,,,
asymmetric,4,1603,39,bt,0,0,31168,16,101422,101422,101423,,,,101458,101425,101440,16,1:15,101441,101456,16,1:15,101442,101457,16,1:15,,,0,,,,0,,,,0,,,,0,,1,2,15,17,1,,,,
asymmetric,4,1604,39,bt,0,16,31296,16,101461,101461,101462,,,,101497,101464,101479,16,1:15,101480,101495,16,1:15,101481,101496,16,1:15,,,0,,,,0,,,,0,,,,0,,1,2,15,17,1,,,,
asymmetric,4,1605,39,bt,1,0,31424,16,101500,101500,101501,,,,101536,101503,101518,16,1:15,101519,101534,16,1:15,101520,101535,16,1:15,,,0,,,,0,,,,0,,,,0,,1,2,15,17,1,,,,
asymmetric,4,1606,39,bt,1,16,31552,16,101539,101539,101540,,,,101575,101542,101557,16,1:15,101558,101573,16,1:15,101559,101574,16,1:15,,,0,,,,0,,,,0,,,,0,,1,2,15,17,1,,,,
asymmetric,4,1607,39,bt,2,0,31680,16,101578,101578,101579,,,,101614,101581,101596,16,1:15,101597,101612,16,1:15,101598,101613,16,1:15,,,0,,,,0,,,,0,,,,0,,1,2,15,17,1,,,,
asymmetric,4,1608,39,bt,2,16,31808,16,101617,101617,101618,,,,101653,101620,101635,16,1:15,101636,101651,16,1:15,101637,101652,16,1:15,,,0,,,,0,,,,0,,,,0,,1,2,15,17,1,,,,
asymmetric,4,1609,39,bt,3,0,31936,16,101656,101656,101657,,,,101692,101659,101674,16,1:15,101675,101690,16,1:15,101676,101691,16,1:15,,,0,,,,0,,,,0,,,,0,,1,2,15,17,1,,,,
asymmetric,4,1610,39,bt,3,16,32064,16,101695,101695,101696,,,,101731,101698,101713,16,1:15,101714,101729,16,1:15,101715,101730,16,1:15,,,0,,,,0,,,,0,,,,0,,1,2,15,17,1,,,,
asymmetric,4,1611,39,bt,4,0,32192,16,101734,101734,101735,,,,101770,101737,101752,16,1:15,101753,101768,16,1:15,101754,101769,16,1:15,,,0,,,,0,,,,0,,,,0,,1,2,15,17,1,,,,
asymmetric,4,1612,39,bt,4,16,32320,16,101773,101773,101774,,,,101809,101776,101791,16,1:15,101792,101807,16,1:15,101793,101808,16,1:15,,,0,,,,0,,,,0,,,,0,,1,2,15,17,1,,,,
asymmetric,4,1613,39,bt,5,0,32448,16,101812,101812,101813,,,,101848,101815,101830,16,1:15,101831,101846,16,1:15,101832,101847,16,1:15,,,0,,,,0,,,,0,,,,0,,1,2,15,17,1,,,,
asymmetric,4,1614,39,bt,5,16,32576,16,101851,101851,101852,,,,101887,101854,101869,16,1:15,101870,101885,16,1:15,101871,101886,16,1:15,,,0,,,,0,,,,0,,,,0,,1,2,15,17,1,,,,
asymmetric,4,1615,39,bt,6,0,32704,8,101890,101890,101891,,,,101910,101893,101900,8,1:7,101901,101908,8,1:7,101902,101909,8,1:7,,,0,,,,0,,,,0,,,,0,,1,2,7,9,1,,,,
asymmetric,4,1616,39,bt,6,8,32768,16,101913,101913,101914,,,,101949,101916,101931,16,1:15,101932,101947,16,1:15,101933,101948,16,1:15,,,0,,,,0,,,,0,,,,0,,1,2,15,17,1,,,,
asymmetric,4,1617,39,bt,6,24,32896,8,101952,101952,101953,,,,101972,101955,101962,8,1:7,101963,101970,8,1:7,101964,101971,8,1:7,,,0,,,,0,,,,0,,,,0,,1,2,7,9,1,,,,
asymmetric,4,1618,39,c,0,0,41504,4,103062,103062,,103083,103082,103088,103089,,,0,,,,0,,,,0,,103064,103079,4,5:3,103066,103081,4,5:3,103067,103082,4,5:3,103083,103086,4,1:3,,,,,,20,4,2,1
asymmetric,4,1619,39,c,1,0,41760,4,103092,103092,,103113,103112,103118,103119,,,0,,,,0,,,,0,,103094,103109,4,5:3,103096,103111,4,5:3,103097,103112,4,5:3,103113,103116,4,1:3,,,,,,20,4,2,1
asymmetric,4,1620,39,c,2,0,42016,4,103122,103122,,103143,103142,103148,103149,,,0,,,,0,,,,0,,103124,103139,4,5:3,103126,103141,4,5:3,103127,103142,4,5:3,103143,103146,4,1:3,,,,,,20,4,2,1
asymmetric,4,1621,39,c,3,0,42272,4,103152,103152,,103173,103172,103178,103179,,,0,,,,0,,,,0,,103154,103169,4,5:3,103156,103171,4,5:3,103157,103172,4,5:3,103173,103176,4,1:3,,,,,,20,4,2,1
asymmetric,4,1622,39,c,4,0,42528,4,103182,103182,,103203,103202,103208,103209,,,0,,,,0,,,,0,,103184,103199,4,5:3,103186,103201,4,5:3,103187,103202,4,5:3,103203,103206,4,1:3,,,,,,20,4,2,1
asymmetric,4,1623,39,c,5,0,42784,4,103212,103212,,103233,103232,103238,103239,,,0,,,,0,,,,0,,103214,103229,4,5:3,103216,103231,4,5:3,103217,103232,4,5:3,103233,103236,4,1:3,,,,,,20,4,2,1
asymmetric,4,1624,39,c,6,0,43040,4,103242,103242,,103263,103262,103268,103269,,,0,,,,0,,,,0,,103244,103259,4,5:3,103246,103261,4,5:3,103247,103262,4,5:3,103263,103266,4,1:3,,,,,,20,4,2,1
asymmetric,4,1625,39,c,7,0,43296,4,103272,103272,,103293,103292,103298,103299,,,0,,,,0,,,,0,,103274,103289,4,5:3,103276,103291,4,5:3,103277,103292,4,5:3,103293,103296,4,1:3,,,,,,20,4,2,1
asymmetric,4,1626,40,a,0,0,10304,16,103308,103308,103309,,,,103344,103311,103326,16,1:15,103327,103342,16,1:15,103328,103343,16,1:15,,,0,,,,0,,,,0,,,,0,,1,2,15,17,1,,,,
asymmetric,4,1627,40,a,0,16,10432,16,103347,103347,103348,,,,103383,103350,103365,16,1:15,103366,103381,16,1:15,103367,103382,16,1:15,,,0,,,,0,,,,0,,,,0,,1,2,15,17,1,,,,
asymmetric,4,1628,40,a,1,0,10560,16,103386,103386,103387,,,,103422,103389,103404,16,1:15,103405,103420,16,1:15,103406,103421,16,1:15,,,0,,,,0,,,,0,,,,0,,1,2,15,17,1,,,,
asymmetric,4,1629,40,a,1,16,10688,16,103425,103425,103426,,,,103461,103428,103443,16,1:15,103444,103459,16,1:15,103445,103460,16,1:15,,,0,,,,0,,,,0,,,,0,,1,2,15,17,1,,,,
asymmetric,4,1630,40,a,2,0,10816,16,103464,103464,103465,,,,103500,103467,103482,16,1:15,103483,103498,16,1:15,103484,103499,16,1:15,,,0,,,,0,,,,0,,,,0,,1,2,15,17,1,,,,
asymmetric,4,1631,40,a,2,16,10944,16,103503,103503,103504,,,,103539,103506,103521,16,1:15,103522,103537,16,1:15,103523,103538,16,1:15,,,0,,,,0,,,,0,,,,0,,1,2,15,17,1,,,,
asymmetric,4,1632,40,a,3,0,11072,16,103542,103542,103543,,,,103578,103545,103560,16,1:15,103561,103576,16,1:15,103562,103577,16,1:15,,,0,,,,0,,,,0,,,,0,,1,2,15,17,1,,,,
asymmetric,4,1633,40,a,3,16,11200,16,103581,103581,103582,,,,103617,103584,103599,16,1:15,103600,103615,16,1:15,103601,103616,16,1:15,,,0,,,,0,,,,0,,,,0,,1,2,15,17,1,,,,
asymmetric,4,1634,40,a,4,0,11328,16,103620,103620,103621,,,,103656,103623,103638,16,1:15,103639,103654,16,1:15,103640,103655,16,1:15,,,0,,,,0,,,,0,,,,0,,1,2,15,17,1,,,,
asymmetric,4,1635,40,a,4,16,11456,16,103659,103659,103660,,,,103695,103662,103677,16,1:15,103678,103693,16,1:15,103679,103694,16,1:15,,,0,,,,0,,,,0,,,,0,,1,2,15,17,1,,,,
asymmetric,4,1636,40,a,5,0,11584,16,103698,103698,103699,,,,103734,103701,103716,16,1:15,103717,103732,16,1:15,103718,103733,16,1:15,,,0,,,,0,,,,0,,,,0,,1,2,15,17,1,,,,
asymmetric,4,1637,40,a,5,16,11712,16,103737,103737,103738,,,,103773,103740,103755,16,1:15,103756,103771,16,1:15,103757,103772,16,1:15,,,0,,,,0,,,,0,,,,0,,1,2,15,17,1,,,,
asymmetric,4,1638,40,a,6,0,11840,16,103776,103776,103777,,,,103812,103779,103794,16,1:15,103795,103810,16,1:15,103796,103811,16,1:15,,,0,,,,0,,,,0,,,,0,,1,2,15,17,1,,,,
asymmetric,4,1639,40,a,6,16,11968,16,103815,103815,103816,,,,103851,103818,103833,16,1:15,103834,103849,16,1:15,103835,103850,16,1:15,,,0,,,,0,,,,0,,,,0,,1,2,15,17,1,,,,
asymmetric,4,1640,40,a,7,0,12096,16,103854,103854,103855,,,,103890,103857,103872,16,1:15,103873,103888,16,1:15,103874,103889,16,1:15,,,0,,,,0,,,,0,,,,0,,1,2,15,17,1,,,,
asymmetric,4,1641,40,a,7,16,12224,8,103893,103893,103894,,,,103913,103896,103903,8,1:7,103904,103911,8,1:7,103905,103912,8,1:7,,,0,,,,0,,,,0,,,,0,,1,2,7,9,1,,,,
asymmetric,4,1642,40,a,7,24,12288,8,103916,103916,103917,,,,103936,103919,103926,8,1:7,103927,103934,8,1:7,103928,103935,8,1:7,,,0,,,,0,,,,0,,,,0,,1,2,7,9,1,,,,
asymmetric,4,1643,40,bt,0,0,16832,16,103944,103944,103945,,,,103980,103947,103962,16,1:15,103963,103978,16,1:15,103964,103979,16,1:15,,,0,,,,0,,,,0,,,,0,,1,2,15,17,1,,,,
asymmetric,4,1644,40,bt,0,16,16960,16,103983,103983,103984,,,,104019,103986,104001,16,1:15,104002,104017,16,1:15,104003,104018,16,1:15,,,0,,,,0,,,,0,,,,0,,1,2,15,17,1,,,,
asymmetric,4,1645,40,bt,1,0,17088,16,104022,104022,104023,,,,104058,104025,104040,16,1:15,104041,104056,16,1:15,104042,104057,16,1:15,,,0,,,,0,,,,0,,,,0,,1,2,15,17,1,,,,
asymmetric,4,1646,40,bt,1,16,17216,16,104061,104061,104062,,,,104097,104064,104079,16,1:15,104080,104095,16,1:15,104081,104096,16,1:15,,,0,,,,0,,,,0,,,,0,,1,2,15,17,1,,,,
asymmetric,4,1647,40,bt,2,0,17344,16,104100,104100,104101,,,,104136,104103,104118,16,1:15,104119,104134,16,1:15,104120,104135,16,1:15,,,0,,,,0,,,,0,,,,0,,1,2,15,17,1,,,,
asymmetric,4,1648,40,bt,2,16,17472,16,104139,104139,104140,,,,104175,104142,104157,16,1:15,104158,104173,16,1:15,104159,104174,16,1:15,,,0,,,,0,,,,0,,,,0,,1,2,15,17,1,,,,
asymmetric,4,1649,40,bt,3,0,17600,16,104178,104178,104179,,,,104214,104181,104196,16,1:15,104197,104212,16,1:15,104198,104213,16,1:15,,,0,,,,0,,,,0,,,,0,,1,2,15,17,1,,,,
asymmetric,4,1650,40,bt,3,16,17728,16,104217,104217,104218,,,,104253,104220,104235,16,1:15,104236,104251,16,1:15,104237,104252,16,1:15,,,0,,,,0,,,,0,,,,0,,1,2,15,17,1,,,,
asymmetric,4,1651,40,bt,4,0,17856,16,104256,104256,104257,,,,104292,104259,104274,16,1:15,104275,104290,16,1:15,104276,104291,16,1:15,,,0,,,,0,,,,0,,,,0,,1,2,15,17,1,,,,
asymmetric,4,1652,40,bt,4,16,17984,16,104295,104295,104296,,,,104331,104298,104313,16,1:15,104314,104329,16,1:15,104315,104330,16,1:15,,,0,,,,0,,,,0,,,,0,,1,2,15,17,1,,,,
asymmetric,4,1653,40,bt,5,0,18112,16,104334,104334,104335,,,,104370,104337,104352,16,1:15,104353,104368,16,1:15,104354,104369,16,1:15,,,0,,,,0,,,,0,,,,0,,1,2,15,17,1,,,,
asymmetric,4,1654,40,bt,5,16,18240,16,104373,104373,104374,,,,104409,104376,104391,16,1:15,104392,104407,16,1:15,104393,104408,16,1:15,,,0,,,,0,,,,0,,,,0,,1,2,15,17,1,,,,
asymmetric,4,1655,40,bt,6,0,18368,16,104412,104412,104413,,,,104448,104415,104430,16,1:15,104431,104446,16,1:15,104432,104447,16,1:15,,,0,,,,0,,,,0,,,,0,,1,2,15,17,1,,,,
asymmetric,4,1656,40,bt,6,16,18496,16,104451,104451,104452,,,,104487,104454,104469,16,1:15,104470,104485,16,1:15,104471,104486,16,1:15,,,0,,,,0,,,,0,,,,0,,1,2,15,17,1,,,,
asymmetric,4,1657,40,bt,7,0,18624,16,104490,104490,104491,,,,104526,104493,104508,16,1:15,104509,104524,16,1:15,104510,104525,16,1:15,,,0,,,,0,,,,0,,,,0,,1,2,15,17,1,,,,
asymmetric,4,1658,40,bt,7,16,18752,16,104529,104529,104530,,,,104565,104532,104547,16,1:15,104548,104563,16,1:15,104549,104564,16,1:15,,,0,,,,0,,,,0,,,,0,,1,2,15,17,1,,,,
asymmetric,4,1659,40,c,0,0,43328,4,105655,105655,,105676,105675,105681,105682,,,0,,,,0,,,,0,,105657,105672,4,5:3,105659,105674,4,5:3,105660,105675,4,5:3,105676,105679,4,1:3,,,,,,20,4,2,1
asymmetric,4,1660,40,c,1,0,43584,4,105685,105685,,105706,105705,105711,105712,,,0,,,,0,,,,0,,105687,105702,4,5:3,105689,105704,4,5:3,105690,105705,4,5:3,105706,105709,4,1:3,,,,,,20,4,2,1
asymmetric,4,1661,40,c,2,0,43840,4,105715,105715,,105736,105735,105741,105742,,,0,,,,0,,,,0,,105717,105732,4,5:3,105719,105734,4,5:3,105720,105735,4,5:3,105736,105739,4,1:3,,,,,,20,4,2,1
asymmetric,4,1662,40,c,3,0,44096,4,105745,105745,,105766,105765,105771,105772,,,0,,,,0,,,,0,,105747,105762,4,5:3,105749,105764,4,5:3,105750,105765,4,5:3,105766,105769,4,1:3,,,,,,20,4,2,1
asymmetric,4,1663,40,c,4,0,44352,4,105775,105775,,105796,105795,105801,105802,,,0,,,,0,,,,0,,105777,105792,4,5:3,105779,105794,4,5:3,105780,105795,4,5:3,105796,105799,4,1:3,,,,,,20,4,2,1
asymmetric,4,1664,40,c,5,0,44608,4,105805,105805,,105826,105825,105831,105832,,,0,,,,0,,,,0,,105807,105822,4,5:3,105809,105824,4,5:3,105810,105825,4,5:3,105826,105829,4,1:3,,,,,,20,4,2,1
asymmetric,4,1665,40,c,6,0,44864,4,105835,105835,,105856,105855,105861,105862,,,0,,,,0,,,,0,,105837,105852,4,5:3,105839,105854,4,5:3,105840,105855,4,5:3,105856,105859,4,1:3,,,,,,20,4,2,1
asymmetric,4,1666,40,c,7,0,45120,4,105865,105865,,105886,105885,105891,105892,,,0,,,,0,,,,0,,105867,105882,4,5:3,105869,105884,4,5:3,105870,105885,4,5:3,105886,105889,4,1:3,,,,,,20,4,2,1
asymmetric,4,1667,41,a,0,0,10304,16,105901,105901,105902,,,,105937,105904,105919,16,1:15,105920,105935,16,1:15,105921,105936,16,1:15,,,0,,,,0,,,,0,,,,0,,1,2,15,17,1,,,,
asymmetric,4,1668,41,a,0,16,10432,16,105940,105940,105941,,,,105976,105943,105958,16,1:15,105959,105974,16,1:15,105960,105975,16,1:15,,,0,,,,0,,,,0,,,,0,,1,2,15,17,1,,,,
asymmetric,4,1669,41,a,1,0,10560,16,105979,105979,105980,,,,106015,105982,105997,16,1:15,105998,106013,16,1:15,105999,106014,16,1:15,,,0,,,,0,,,,0,,,,0,,1,2,15,17,1,,,,
asymmetric,4,1670,41,a,1,16,10688,16,106018,106018,106019,,,,106054,106021,106036,16,1:15,106037,106052,16,1:15,106038,106053,16,1:15,,,0,,,,0,,,,0,,,,0,,1,2,15,17,1,,,,
asymmetric,4,1671,41,a,2,0,10816,16,106057,106057,106058,,,,106093,106060,106075,16,1:15,106076,106091,16,1:15,106077,106092,16,1:15,,,0,,,,0,,,,0,,,,0,,1,2,15,17,1,,,,
asymmetric,4,1672,41,a,2,16,10944,16,106096,106096,106097,,,,106132,106099,106114,16,1:15,106115,106130,16,1:15,106116,106131,16,1:15,,,0,,,,0,,,,0,,,,0,,1,2,15,17,1,,,,
asymmetric,4,1673,41,a,3,0,11072,16,106135,106135,106136,,,,106171,106138,106153,16,1:15,106154,106169,16,1:15,106155,106170,16,1:15,,,0,,,,0,,,,0,,,,0,,1,2,15,17,1,,,,
asymmetric,4,1674,41,a,3,16,11200,16,106174,106174,106175,,,,106210,106177,106192,16,1:15,106193,106208,16,1:15,106194,106209,16,1:15,,,0,,,,0,,,,0,,,,0,,1,2,15,17,1,,,,
asymmetric,4,1675,41,a,4,0,11328,16,106213,106213,106214,,,,106249,106216,106231,16,1:15,106232,106247,16,1:15,106233,106248,16,1:15,,,0,,,,0,,,,0,,,,0,,1,2,15,17,1,,,,
asymmetric,4,1676,41,a,4,16,11456,16,106252,106252,106253,,,,106288,106255,106270,16,1:15,106271,106286,16,1:15,106272,106287,16,1:15,,,0,,,,0,,,,0,,,,0,,1,2,15,17,1,,,,
asymmetric,4,1677,41,a,5,0,11584,16,106291,106291,106292,,,,106327,106294,106309,16,1:15,106310,106325,16,1:15,106311,106326,16,1:15,,,0,,,,0,,,,0,,,,0,,1,2,15,17,1,,,,
asymmetric,4,1678,41,a,5,16,11712,16,106330,106330,106331,,,,106366,106333,106348,16,1:15,106349,106364,16,1:15,106350,106365,16,1:15,,,0,,,,0,,,,0,,,,0,,1,2,15,17,1,,,,
asymmetric,4,1679,41,a,6,0,11840,16,106369,106369,106370,,,,106405,106372,106387,16,1:15,106388,106403,16,1:15,106389,106404,16,1:15,,,0,,,,0,,,,0,,,,0,,1,2,15,17,1,,,,
asymmetric,4,1680,41,a,6,16,11968,16,106408,106408,106409,,,,106444,106411,106426,16,1:15,106427,106442,16,1:15,106428,106443,16,1:15,,,0,,,,0,,,,0,,,,0,,1,2,15,17,1,,,,
asymmetric,4,1681,41,a,7,0,12096,16,106447,106447,106448,,,,106483,106450,106465,16,1:15,106466,106481,16,1:15,106467,106482,16,1:15,,,0,,,,0,,,,0,,,,0,,1,2,15,17,1,,,,
asymmetric,4,1682,41,a,7,16,12224,8,106486,106486,106487,,,,106506,106489,106496,8,1:7,106497,106504,8,1:7,106498,106505,8,1:7,,,0,,,,0,,,,0,,,,0,,1,2,7,9,1,,,,
asymmetric,4,1683,41,a,7,24,12288,8,106509,106509,106510,,,,106529,106512,106519,8,1:7,106520,106527,8,1:7,106521,106528,8,1:7,,,0,,,,0,,,,0,,,,0,,1,2,7,9,1,,,,
asymmetric,4,1684,41,bt,0,0,18880,16,106537,106537,106538,,,,106573,106540,106555,16,1:15,106556,106571,16,1:15,106557,106572,16,1:15,,,0,,,,0,,,,0,,,,0,,1,2,15,17,1,,,,
asymmetric,4,1685,41,bt,0,16,19008,16,106576,106576,106577,,,,106612,106579,106594,16,1:15,106595,106610,16,1:15,106596,106611,16,1:15,,,0,,,,0,,,,0,,,,0,,1,2,15,17,1,,,,
asymmetric,4,1686,41,bt,1,0,19136,16,106615,106615,106616,,,,106651,106618,106633,16,1:15,106634,106649,16,1:15,106635,106650,16,1:15,,,0,,,,0,,,,0,,,,0,,1,2,15,17,1,,,,
asymmetric,4,1687,41,bt,1,16,19264,16,106654,106654,106655,,,,106690,106657,106672,16,1:15,106673,106688,16,1:15,106674,106689,16,1:15,,,0,,,,0,,,,0,,,,0,,1,2,15,17,1,,,,
asymmetric,4,1688,41,bt,2,0,19392,16,106693,106693,106694,,,,106729,106696,106711,16,1:15,106712,106727,16,1:15,106713,106728,16,1:15,,,0,,,,0,,,,0,,,,0,,1,2,15,17,1,,,,
asymmetric,4,1689,41,bt,2,16,19520,16,106732,106732,106733,,,,106768,106735,106750,16,1:15,106751,106766,16,1:15,106752,106767,16,1:15,,,0,,,,0,,,,0,,,,0,,1,2,15,17,1,,,,
asymmetric,4,1690,41,bt,3,0,19648,16,106771,106771,106772,,,,106807,106774,106789,16,1:15,106790,106805,16,1:15,106791,106806,16,1:15,,,0,,,,0,,,,0,,,,0,,1,2,15,17,1,,,,
asymmetric,4,1691,41,bt,3,16,19776,16,106810,106810,106811,,,,106846,106813,106828,16,1:15,106829,106844,16,1:15,106830,106845,16,1:15,,,0,,,,0,,,,0,,,,0,,1,2,15,17,1,,,,
asymmetric,4,1692,41,bt,4,0,19904,16,106849,106849,106850,,,,106885,106852,106867,16,1:15,106868,106883,16,1:15,106869,106884,16,1:15,,,0,,,,0,,,,0,,,,0,,1,2,15,17,1,,,,
asymmetric,4,1693,41,bt,4,16,20032,16,106888,106888,106889,,,,106924,106891,106906,16,1:15,106907,106922,16,1:15,106908,106923,16,1:15,,,0,,,,0,,,,0,,,,0,,1,2,15,17,1,,,,
asymmetric,4,1694,41,bt,5,0,20160,16,106927,106927,106928,,,,106963,106930,106945,16,1:15,106946,106961,16,1:15,106947,106962,16,1:15,,,0,,,,0,,,,0,,,,0,,1,2,15,17,1,,,,
asymmetric,4,1695,41,bt,5,16,20288,16,106966,106966,106967,,,,107002,106969,106984,16,1:15,106985,107000,16,1:15,106986,107001,16,1:15,,,0,,,,0,,,,0,,,,0,,1,2,15,17,1,,,,
asymmetric,4,1696,41,bt,6,0,20416,8,107005,107005,107006,,,,107025,107008,107015,8,1:7,107016,107023,8,1:7,107017,107024,8,1:7,,,0,,,,0,,,,0,,,,0,,1,2,7,9,1,,,,
asymmetric,4,1697,41,bt,6,8,20480,16,107028,107028,107029,,,,107064,107031,107046,16,1:15,107047,107062,16,1:15,107048,107063,16,1:15,,,0,,,,0,,,,0,,,,0,,1,2,15,17,1,,,,
asymmetric,4,1698,41,bt,6,24,20608,8,107067,107067,107068,,,,107087,107070,107077,8,1:7,107078,107085,8,1:7,107079,107086,8,1:7,,,0,,,,0,,,,0,,,,0,,1,2,7,9,1,,,,
asymmetric,4,1699,41,bt,7,0,20672,16,107090,107090,107091,,,,107126,107093,107108,16,1:15,107109,107124,16,1:15,107110,107125,16,1:15,,,0,,,,0,,,,0,,,,0,,1,2,15,17,1,,,,
asymmetric,4,1700,41,bt,7,16,20800,16,107129,107129,107130,,,,107165,107132,107147,16,1:15,107148,107163,16,1:15,107149,107164,16,1:15,,,0,,,,0,,,,0,,,,0,,1,2,15,17,1,,,,
asymmetric,4,1701,41,c,0,0,43360,4,108255,108255,,108276,108275,108281,108282,,,0,,,,0,,,,0,,108257,108272,4,5:3,108259,108274,4,5:3,108260,108275,4,5:3,108276,108279,4,1:3,,,,,,20,4,2,1
asymmetric,4,1702,41,c,1,0,43616,4,108285,108285,,108306,108305,108311,108312,,,0,,,,0,,,,0,,108287,108302,4,5:3,108289,108304,4,5:3,108290,108305,4,5:3,108306,108309,4,1:3,,,,,,20,4,2,1
asymmetric,4,1703,41,c,2,0,43872,4,108315,108315,,108336,108335,108341,108342,,,0,,,,0,,,,0,,108317,108332,4,5:3,108319,108334,4,5:3,108320,108335,4,5:3,108336,108339,4,1:3,,,,,,20,4,2,1
asymmetric,4,1704,41,c,3,0,44128,4,108345,108345,,108366,108365,108371,108372,,,0,,,,0,,,,0,,108347,108362,4,5:3,108349,108364,4,5:3,108350,108365,4,5:3,108366,108369,4,1:3,,,,,,20,4,2,1
asymmetric,4,1705,41,c,4,0,44384,4,108375,108375,,108396,108395,108401,108402,,,0,,,,0,,,,0,,108377,108392,4,5:3,108379,108394,4,5:3,108380,108395,4,5:3,108396,108399,4,1:3,,,,,,20,4,2,1
asymmetric,4,1706,41,c,5,0,44640,4,108405,108405,,108426,108425,108431,108432,,,0,,,,0,,,,0,,108407,108422,4,5:3,108409,108424,4,5:3,108410,108425,4,5:3,108426,108429,4,1:3,,,,,,20,4,2,1
asymmetric,4,1707,41,c,6,0,44896,4,108435,108435,,108456,108455,108461,108462,,,0,,,,0,,,,0,,108437,108452,4,5:3,108439,108454,4,5:3,108440,108455,4,5:3,108456,108459,4,1:3,,,,,,20,4,2,1
asymmetric,4,1708,41,c,7,0,45152,4,108465,108465,,108486,108485,108491,108492,,,0,,,,0,,,,0,,108467,108482,4,5:3,108469,108484,4,5:3,108470,108485,4,5:3,108486,108489,4,1:3,,,,,,20,4,2,1
asymmetric,4,1709,42,a,0,0,10304,16,108501,108501,108502,,,,108537,108504,108519,16,1:15,108520,108535,16,1:15,108521,108536,16,1:15,,,0,,,,0,,,,0,,,,0,,1,2,15,17,1,,,,
asymmetric,4,1710,42,a,0,16,10432,16,108540,108540,108541,,,,108576,108543,108558,16,1:15,108559,108574,16,1:15,108560,108575,16,1:15,,,0,,,,0,,,,0,,,,0,,1,2,15,17,1,,,,
asymmetric,4,1711,42,a,1,0,10560,16,108579,108579,108580,,,,108615,108582,108597,16,1:15,108598,108613,16,1:15,108599,108614,16,1:15,,,0,,,,0,,,,0,,,,0,,1,2,15,17,1,,,,
asymmetric,4,1712,42,a,1,16,10688,16,108618,108618,108619,,,,108654,108621,108636,16,1:15,108637,108652,16,1:15,108638,108653,16,1:15,,,0,,,,0,,,,0,,,,0,,1,2,15,17,1,,,,
asymmetric,4,1713,42,a,2,0,10816,16,108657,108657,108658,,,,108693,108660,108675,16,1:15,108676,108691,16,1:15,108677,108692,16,1:15,,,0,,,,0,,,,0,,,,0,,1,2,15,17,1,,,,
asymmetric,4,1714,42,a,2,16,10944,16,108696,108696,108697,,,,108732,108699,108714,16,1:15,108715,108730,16,1:15,108716,108731,16,1:15,,,0,,,,0,,,,0,,,,0,,1,2,15,17,1,,,,
asymmetric,4,1715,42,a,3,0,11072,16,108735,108735,108736,,,,108771,108738,108753,16,1:15,108754,108769,16,1:15,108755,108770,16,1:15,,,0,,,,0,,,,0,,,,0,,1,2,15,17,1,,,,
asymmetric,4,1716,42,a,3,16,11200,16,108774,108774,108775,,,,108810,108777,108792,16,1:15,108793,108808,16,1:15,108794,108809,16,1:15,,,0,,,,0,,,,0,,,,0,,1,2,15,17,1,,,,
asymmetric,4,1717,42,a,4,0,11328,16,108813,108813,108814,,,,108849,108816,108831,16,1:15,108832,108847,16,1:15,108833,108848,16,1:15,,,0,,,,0,,,,0,,,,0,,1,2,15,17,1,,,,
asymmetric,4,1718,42,a,4,16,11456,16,108852,108852,108853,,,,108888,108855,108870,16,1:15,108871,108886,16,1:15,108872,108887,16,1:15,,,0,,,,0,,,,0,,,,0,,1,2,15,17,1,,,,
asymmetric,4,1719,42,a,5,0,11584,16,108891,108891,108892,,,,108927,108894,108909,16,1:15,108910,108925,16,1:15,108911,108926,16,1:15,,,0,,,,0,,,,0,,,,0,,1,2,15,17,1,,,,
asymmetric,4,1720,42,a,5,16,11712,16,108930,108930,108931,,,,108966,108933,108948,16,1:15,108949,108964,16,1:15,108950,108965,16,1:15,,,0,,,,0,,,,0,,,,0,,1,2,15,17,1,,,,
asymmetric,4,1721,42,a,6,0,11840,16,108969,108969,108970,,,,109005,108972,108987,16,1:15,108988,109003,16,1:15,108989,109004,16,1:15,,,0,,,,0,,,,0,,,,0,,1,2,15,17,1,,,,
asymmetric,4,1722,42,a,6,16,11968,16,109008,109008,109009,,,,109044,109011,109026,16,1:15,109027,109042,16,1:15,109028,109043,16,1:15,,,0,,,,0,,,,0,,,,0,,1,2,15,17,1,,,,
asymmetric,4,1723,42,a,7,0,12096,16,109047,109047,109048,,,,109083,109050,109065,16,1:15,109066,109081,16,1:15,109067,109082,16,1:15,,,0,,,,0,,,,0,,,,0,,1,2,15,17,1,,,,
asymmetric,4,1724,42,a,7,16,12224,8,109086,109086,109087,,,,109106,109089,109096,8,1:7,109097,109104,8,1:7,109098,109105,8,1:7,,,0,,,,0,,,,0,,,,0,,1,2,7,9,1,,,,
asymmetric,4,1725,42,a,7,24,12288,8,109109,109109,109110,,,,109129,109112,109119,8,1:7,109120,109127,8,1:7,109121,109128,8,1:7,,,0,,,,0,,,,0,,,,0,,1,2,7,9,1,,,,
asymmetric,4,1726,42,bt,0,0,20928,16,109137,109137,109138,,,,109173,109140,109155,16,1:15,109156,109171,16,1:15,109157,109172,16,1:15,,,0,,,,0,,,,0,,,,0,,1,2,15,17,1,,,,
asymmetric,4,1727,42,bt,0,16,21056,16,109176,109176,109177,,,,109212,109179,109194,16,1:15,109195,109210,16,1:15,109196,109211,16,1:15,,,0,,,,0,,,,0,,,,0,,1,2,15,17,1,,,,
asymmetric,4,1728,42,bt,1,0,21184,16,109215,109215,109216,,,,109251,109218,109233,16,1:15,109234,109249,16,1:15,109235,109250,16,1:15,,,0,,,,0,,,,0,,,,0,,1,2,15,17,1,,,,
asymmetric,4,1729,42,bt,1,16,21312,16,109254,109254,109255,,,,109290,109257,109272,16,1:15,109273,109288,16,1:15,109274,109289,16,1:15,,,0,,,,0,,,,0,,,,0,,1,2,15,17,1,,,,
asymmetric,4,1730,42,bt,2,0,21440,16,109293,109293,109294,,,,109329,109296,109311,16,1:15,109312,109327,16,1:15,109313,109328,16,1:15,,,0,,,,0,,,,0,,,,0,,1,2,15,17,1,,,,
asymmetric,4,1731,42,bt,2,16,21568,16,109332,109332,109333,,,,109368,109335,109350,16,1:15,109351,109366,16,1:15,109352,109367,16,1:15,,,0,,,,0,,,,0,,,,0,,1,2,15,17,1,,,,
asymmetric,4,1732,42,bt,3,0,21696,16,109371,109371,109372,,,,109407,109374,109389,16,1:15,109390,109405,16,1:15,109391,109406,16,1:15,,,0,,,,0,,,,0,,,,0,,1,2,15,17,1,,,,
asymmetric,4,1733,42,bt,3,16,21824,16,109410,109410,109411,,,,109446,109413,109428,16,1:15,109429,109444,16,1:15,109430,109445,16,1:15,,,0,,,,0,,,,0,,,,0,,1,2,15,17,1,,,,
asymmetric,4,1734,42,bt,4,0,21952,16,109449,109449,109450,,,,109485,109452,109467,16,1:15,109468,109483,16,1:15,109469,109484,16,1:15,,,0,,,,0,,,,0,,,,0,,1,2,15,17,1,,,,
asymmetric,4,1735,42,bt,4,16,22080,16,109488,109488,109489,,,,109524,109491,109506,16,1:15,109507,109522,16,1:15,109508,109523,16,1:15,,,0,,,,0,,,,0,,,,0,,1,2,15,17,1,,,,
asymmetric,4,1736,42,bt,5,0,22208,16,109527,109527,109528,,,,109563,109530,109545,16,1:15,109546,109561,16,1:15,109547,109562,16,1:15,,,0,,,,0,,,,0,,,,0,,1,2,15,17,1,,,,
asymmetric,4,1737,42,bt,5,16,22336,16,109566,109566,109567,,,,109602,109569,109584,16,1:15,109585,109600,16,1:15,109586,109601,16,1:15,,,0,,,,0,,,,0,,,,0,,1,2,15,17,1,,,,
asymmetric,4,1738,42,bt,6,0,22464,16,109605,109605,109606,,,,109641,109608,109623,16,1:15,109624,109639,16,1:15,109625,109640,16,1:15,,,0,,,,0,,,,0,,,,0,,1,2,15,17,1,,,,
asymmetric,4,1739,42,bt,6,16,22592,16,109644,109644,109645,,,,109680,109647,109662,16,1:15,109663,109678,16,1:15,109664,109679,16,1:15,,,0,,,,0,,,,0,,,,0,,1,2,15,17,1,,,,
asymmetric,4,1740,42,bt,7,0,22720,16,109683,109683,109684,,,,109719,109686,109701,16,1:15,109702,109717,16,1:15,109703,109718,16,1:15,,,0,,,,0,,,,0,,,,0,,1,2,15,17,1,,,,
asymmetric,4,1741,42,bt,7,16,22848,16,109722,109722,109723,,,,109758,109725,109740,16,1:15,109741,109756,16,1:15,109742,109757,16,1:15,,,0,,,,0,,,,0,,,,0,,1,2,15,17,1,,,,
asymmetric,4,1742,42,c,0,0,43392,4,110848,110848,,110869,110868,110874,110875,,,0,,,,0,,,,0,,110850,110865,4,5:3,110852,110867,4,5:3,110853,110868,4,5:3,110869,110872,4,1:3,,,,,,20,4,2,1
asymmetric,4,1743,42,c,1,0,43648,4,110878,110878,,110899,110898,110904,110905,,,0,,,,0,,,,0,,110880,110895,4,5:3,110882,110897,4,5:3,110883,110898,4,5:3,110899,110902,4,1:3,,,,,,20,4,2,1
asymmetric,4,1744,42,c,2,0,43904,4,110908,110908,,110929,110928,110934,110935,,,0,,,,0,,,,0,,110910,110925,4,5:3,110912,110927,4,5:3,110913,110928,4,5:3,110929,110932,4,1:3,,,,,,20,4,2,1
asymmetric,4,1745,42,c,3,0,44160,4,110938,110938,,110959,110958,110964,110965,,,0,,,,0,,,,0,,110940,110955,4,5:3,110942,110957,4,5:3,110943,110958,4,5:3,110959,110962,4,1:3,,,,,,20,4,2,1
asymmetric,4,1746,42,c,4,0,44416,4,110968,110968,,110989,110988,110994,110995,,,0,,,,0,,,,0,,110970,110985,4,5:3,110972,110987,4,5:3,110973,110988,4,5:3,110989,110992,4,1:3,,,,,,20,4,2,1
asymmetric,4,1747,42,c,5,0,44672,4,110998,110998,,111019,111018,111024,111025,,,0,,,,0,,,,0,,111000,111015,4,5:3,111002,111017,4,5:3,111003,111018,4,5:3,111019,111022,4,1:3,,,,,,20,4,2,1
asymmetric,4,1748,42,c,6,0,44928,4,111028,111028,,111049,111048,111054,111055,,,0,,,,0,,,,0,,111030,111045,4,5:3,111032,111047,4,5:3,111033,111048,4,5:3,111049,111052,4,1:3,,,,,,20,4,2,1
asymmetric,4,1749,42,c,7,0,45184,4,111058,111058,,111079,111078,111084,111085,,,0,,,,0,,,,0,,111060,111075,4,5:3,111062,111077,4,5:3,111063,111078,4,5:3,111079,111082,4,1:3,,,,,,20,4,2,1
asymmetric,4,1750,43,a,0,0,10304,16,111094,111094,111095,,,,111130,111097,111112,16,1:15,111113,111128,16,1:15,111114,111129,16,1:15,,,0,,,,0,,,,0,,,,0,,1,2,15,17,1,,,,
asymmetric,4,1751,43,a,0,16,10432,16,111133,111133,111134,,,,111169,111136,111151,16,1:15,111152,111167,16,1:15,111153,111168,16,1:15,,,0,,,,0,,,,0,,,,0,,1,2,15,17,1,,,,
asymmetric,4,1752,43,a,1,0,10560,16,111172,111172,111173,,,,111208,111175,111190,16,1:15,111191,111206,16,1:15,111192,111207,16,1:15,,,0,,,,0,,,,0,,,,0,,1,2,15,17,1,,,,
asymmetric,4,1753,43,a,1,16,10688,16,111211,111211,111212,,,,111247,111214,111229,16,1:15,111230,111245,16,1:15,111231,111246,16,1:15,,,0,,,,0,,,,0,,,,0,,1,2,15,17,1,,,,
asymmetric,4,1754,43,a,2,0,10816,16,111250,111250,111251,,,,111286,111253,111268,16,1:15,111269,111284,16,1:15,111270,111285,16,1:15,,,0,,,,0,,,,0,,,,0,,1,2,15,17,1,,,,
asymmetric,4,1755,43,a,2,16,10944,16,111289,111289,111290,,,,111325,111292,111307,16,1:15,111308,111323,16,1:15,111309,111324,16,1:15,,,0,,,,0,,,,0,,,,0,,1,2,15,17,1,,,,
asymmetric,4,1756,43,a,3,0,11072,16,111328,111328,111329,,,,111364,111331,111346,16,1:15,111347,111362,16,1:15,111348,111363,16,1:15,,,0,,,,0,,,,0,,,,0,,1,2,15,17,1,,,,
asymmetric,4,1757,43,a,3,16,11200,16,111367,111367,111368,,,,111403,111370,111385,16,1:15,111386,111401,16,1:15,111387,111402,16,1:15,,,0,,,,0,,,,0,,,,0,,1,2,15,17,1,,,,
asymmetric,4,1758,43,a,4,0,11328,16,111406,111406,111407,,,,111442,111409,111424,16,1:15,111425,111440,16,1:15,111426,111441,16,1:15,,,0,,,,0,,,,0,,,,0,,1,2,15,17,1,,,,
asymmetric,4,1759,43,a,4,16,11456,16,111445,111445,111446,,,,111481,111448,111463,16,1:15,111464,111479,16,1:15,111465,111480,16,1:15,,,0,,,,0,,,,0,,,,0,,1,2,15,17,1,,,,
asymmetric,4,1760,43,a,5,0,11584,16,111484,111484,111485,,,,111520,111487,111502,16,1:15,111503,111518,16,1:15,111504,111519,16,1:15,,,0,,,,0,,,,0,,,,0,,1,2,15,17,1,,,,
asymmetric,4,1761,43,a,5,16,11712,16,111523,111523,111524,,,,111559,111526,111541,16,1:15,111542,111557,16,1:15,111543,111558,16,1:15,,,0,,,,0,,,,0,,,,0,,1,2,15,17,1,,,,
asymmetric,4,1762,43,a,6,0,11840,16,111562,111562,111563,,,,111598,111565,111580,16,1:15,111581,111596,16,1:15,111582,111597,16,1:15,,,0,,,,0,,,,0,,,,0,,1,2,15,17,1,,,,
asymmetric,4,1763,43,a,6,16,11968,16,111601,111601,111602,,,,111637,111604,111619,16,1:15,111620,111635,16,1:15,111621,111636,16,1:15,,,0,,,,0,,,,0,,,,0,,1,2,15,17,1,,,,
asymmetric,4,1764,43,a,7,0,12096,16,111640,111640,111641,,,,111676,111643,111658,16,1:15,111659,111674,16,1:15,111660,111675,16,1:15,,,0,,,,0,,,,0,,,,0,,1,2,15,17,1,,,,
asymmetric,4,1765,43,a,7,16,12224,8,111679,111679,111680,,,,111699,111682,111689,8,1:7,111690,111697,8,1:7,111691,111698,8,1:7,,,0,,,,0,,,,0,,,,0,,1,2,7,9,1,,,,
asymmetric,4,1766,43,a,7,24,12288,8,111702,111702,111703,,,,111722,111705,111712,8,1:7,111713,111720,8,1:7,111714,111721,8,1:7,,,0,,,,0,,,,0,,,,0,,1,2,7,9,1,,,,
asymmetric,4,1767,43,bt,0,0,22976,16,111730,111730,111731,,,,111766,111733,111748,16,1:15,111749,111764,16,1:15,111750,111765,16,1:15,,,0,,,,0,,,,0,,,,0,,1,2,15,17,1,,,,
asymmetric,4,1768,43,bt,0,16,23104,16,111769,111769,111770,,,,111805,111772,111787,16,1:15,111788,111803,16,1:15,111789,111804,16,1:15,,,0,,,,0,,,,0,,,,0,,1,2,15,17,1,,,,
asymmetric,4,1769,43,bt,1,0,23232,16,111808,111808,111809,,,,111844,111811,111826,16,1:15,111827,111842,16,1:15,111828,111843,16,1:15,,,0,,,,0,,,,0,,,,0,,1,2,15,17,1,,,,
asymmetric,4,1770,43,bt,1,16,23360,16,111847,111847,111848,,,,111883,111850,111865,16,1:15,111866,111881,16,1:15,111867,111882,16,1:15,,,0,,,,0,,,,0,,,,0,,1,2,15,17,1,,,,
asymmetric,4,1771,43,bt,2,0,23488,16,111886,111886,111887,,,,111922,111889,111904,16,1:15,111905,111920,16,1:15,111906,111921,16,1:15,,,0,,,,0,,,,0,,,,0,,1,2,15,17,1,,,,
asymmetric,4,1772,43,bt,2,16,23616,16,111925,111925,111926,,,,111961,111928,111943,16,1:15,111944,111959,16,1:15,111945,111960,16,1:15,,,0,,,,0,,,,0,,,,0,,1,2,15,17,1,,,,
asymmetric,4,1773,43,bt,3,0,23744,16,111964,111964,111965,,,,112000,111967,111982,16,1:15,111983,111998,16,1:15,111984,111999,16,1:15,,,0,,,,0,,,,0,,,,0,,1,2,15,17,1,,,,
asymmetric,4,1774,43,bt,3,16,23872,16,112003,112003,112004,,,,112039,112006,112021,16,1:15,112022,112037,16,1:15,112023,112038,16,1:15,,,0,,,,0,,,,0,,,,0,,1,2,15,17,1,,,,
asymmetric,4,1775,43,bt,4,0,24000,16,112042,112042,112043,,,,112078,112045,112060,16,1:15,112061,112076,16,1:15,112062,112077,16,1:15,,,0,,,,0,,,,0,,,,0,,1,2,15,17,1,,,,
asymmetric,4,1776,43,bt,4,16,24128,16,112081,112081,112082,,,,112117,112084,112099,16,1:15,112100,112115,16,1:15,112101,112116,16,1:15,,,0,,,,0,,,,0,,,,0,,1,2,15,17,1,,,,
asymmetric,4,1777,43,bt,5,0,24256,16,112120,112120,112121,,,,112156,112123,112138,16,1:15,112139,112154,16,1:15,112140,112155,16,1:15,,,0,,,,0,,,,0,,,,0,,1,2,15,17,1,,,,
asymmetric,4,1778,43,bt,5,16,24384,16,112159,112159,112160,,,,112195,112162,112177,16,1:15,112178,112193,16,1:15,112179,112194,16,1:15,,,0,,,,0,,,,0,,,,0,,1,2,15,17,1,,,,
asymmetric,4,1779,43,bt,6,0,24512,8,112198,112198,112199,,,,112218,112201,112208,8,1:7,112209,112216,8,1:7,112210,112217,8,1:7,,,0,,,,0,,,,0,,,,0,,1,2,7,9,1,,,,
asymmetric,4,1780,43,bt,6,8,24576,16,112221,112221,112222,,,,112257,112224,112239,16,1:15,112240,112255,16,1:15,112241,112256,16,1:15,,,0,,,,0,,,,0,,,,0,,1,2,15,17,1,,,,
asymmetric,4,1781,43,bt,6,24,24704,8,112260,112260,112261,,,,112280,112263,112270,8,1:7,112271,112278,8,1:7,112272,112279,8,1:7,,,0,,,,0,,,,0,,,,0,,1,2,7,9,1,,,,
asymmetric,4,1782,43,bt,7,0,24768,16,112283,112283,112284,,,,112319,112286,112301,16,1:15,112302,112317,16,1:15,112303,112318,16,1:15,,,0,,,,0,,,,0,,,,0,,1,2,15,17,1,,,,
asymmetric,4,1783,43,bt,7,16,24896,16,112322,112322,112323,,,,112358,112325,112340,16,1:15,112341,112356,16,1:15,112342,112357,16,1:15,,,0,,,,0,,,,0,,,,0,,1,2,15,17,1,,,,
asymmetric,4,1784,43,c,0,0,43424,4,113448,113448,,113469,113468,113474,113475,,,0,,,,0,,,,0,,113450,113465,4,5:3,113452,113467,4,5:3,113453,113468,4,5:3,113469,113472,4,1:3,,,,,,20,4,2,1
asymmetric,4,1785,43,c,1,0,43680,4,113478,113478,,113499,113498,113504,113505,,,0,,,,0,,,,0,,113480,113495,4,5:3,113482,113497,4,5:3,113483,113498,4,5:3,113499,113502,4,1:3,,,,,,20,4,2,1
asymmetric,4,1786,43,c,2,0,43936,4,113508,113508,,113529,113528,113534,113535,,,0,,,,0,,,,0,,113510,113525,4,5:3,113512,113527,4,5:3,113513,113528,4,5:3,113529,113532,4,1:3,,,,,,20,4,2,1
asymmetric,4,1787,43,c,3,0,44192,4,113538,113538,,113559,113558,113564,113565,,,0,,,,0,,,,0,,113540,113555,4,5:3,113542,113557,4,5:3,113543,113558,4,5:3,113559,113562,4,1:3,,,,,,20,4,2,1
asymmetric,4,1788,43,c,4,0,44448,4,113568,113568,,113589,113588,113594,113595,,,0,,,,0,,,,0,,113570,113585,4,5:3,113572,113587,4,5:3,113573,113588,4,5:3,113589,113592,4,1:3,,,,,,20,4,2,1
asymmetric,4,1789,43,c,5,0,44704,4,113598,113598,,113619,113618,113624,113625,,,0,,,,0,,,,0,,113600,113615,4,5:3,113602,113617,4,5:3,113603,113618,4,5:3,113619,113622,4,1:3,,,,,,20,4,2,1
asymmetric,4,1790,43,c,6,0,44960,4,113628,113628,,113649,113648,113654,113655,,,0,,,,0,,,,0,,113630,113645,4,5:3,113632,113647,4,5:3,113633,113648,4,5:3,113649,113652,4,1:3,,,,,,20,4,2,1
asymmetric,4,1791,43,c,7,0,45216,4,113658,113658,,113679,113678,113684,113685,,,0,,,,0,,,,0,,113660,113675,4,5:3,113662,113677,4,5:3,113663,113678,4,5:3,113679,113682,4,1:3,,,,,,20,4,2,1
asymmetric,4,1792,44,a,0,0,10304,16,113694,113694,113695,,,,113730,113697,113712,16,1:15,113713,113728,16,1:15,113714,113729,16,1:15,,,0,,,,0,,,,0,,,,0,,1,2,15,17,1,,,,
asymmetric,4,1793,44,a,0,16,10432,16,113733,113733,113734,,,,113769,113736,113751,16,1:15,113752,113767,16,1:15,113753,113768,16,1:15,,,0,,,,0,,,,0,,,,0,,1,2,15,17,1,,,,
asymmetric,4,1794,44,a,1,0,10560,16,113772,113772,113773,,,,113808,113775,113790,16,1:15,113791,113806,16,1:15,113792,113807,16,1:15,,,0,,,,0,,,,0,,,,0,,1,2,15,17,1,,,,
asymmetric,4,1795,44,a,1,16,10688,16,113811,113811,113812,,,,113847,113814,113829,16,1:15,113830,113845,16,1:15,113831,113846,16,1:15,,,0,,,,0,,,,0,,,,0,,1,2,15,17,1,,,,
asymmetric,4,1796,44,a,2,0,10816,16,113850,113850,113851,,,,113886,113853,113868,16,1:15,113869,113884,16,1:15,113870,113885,16,1:15,,,0,,,,0,,,,0,,,,0,,1,2,15,17,1,,,,
asymmetric,4,1797,44,a,2,16,10944,16,113889,113889,113890,,,,113925,113892,113907,16,1:15,113908,113923,16,1:15,113909,113924,16,1:15,,,0,,,,0,,,,0,,,,0,,1,2,15,17,1,,,,
asymmetric,4,1798,44,a,3,0,11072,16,113928,113928,113929,,,,113964,113931,113946,16,1:15,113947,113962,16,1:15,113948,113963,16,1:15,,,0,,,,0,,,,0,,,,0,,1,2,15,17,1,,,,
asymmetric,4,1799,44,a,3,16,11200,16,113967,113967,113968,,,,114003,113970,113985,16,1:15,113986,114001,16,1:15,113987,114002,16,1:15,,,0,,,,0,,,,0,,,,0,,1,2,15,17,1,,,,
asymmetric,4,1800,44,a,4,0,11328,16,114006,114006,114007,,,,114042,114009,114024,16,1:15,114025,114040,16,1:15,114026,114041,16,1:15,,,0,,,,0,,,,0,,,,0,,1,2,15,17,1,,,,
asymmetric,4,1801,44,a,4,16,11456,16,114045,114045,114046,,,,114081,114048,114063,16,1:15,114064,114079,16,1:15,114065,114080,16,1:15,,,0,,,,0,,,,0,,,,0,,1,2,15,17,1,,,,
asymmetric,4,1802,44,a,5,0,11584,16,114084,114084,114085,,,,114120,114087,114102,16,1:15,114103,114118,16,1:15,114104,114119,16,1:15,,,0,,,,0,,,,0,,,,0,,1,2,15,17,1,,,,
asymmetric,4,1803,44,a,5,16,11712,16,114123,114123,114124,,,,114159,114126,114141,16,1:15,114142,114157,16,1:15,114143,114158,16,1:15,,,0,,,,0,,,,0,,,,0,,1,2,15,17,1,,,,
asymmetric,4,1804,44,a,6,0,11840,16,114162,114162,114163,,,,114198,114165,114180,16,1:15,114181,114196,16,1:15,114182,114197,16,1:15,,,0,,,,0,,,,0,,,,0,,1,2,15,17,1,,,,
asymmetric,4,1805,44,a,6,16,11968,16,114201,114201,114202,,,,114237,114204,114219,16,1:15,114220,114235,16,1:15,114221,114236,16,1:15,,,0,,,,0,,,,0,,,,0,,1,2,15,17,1,,,,
asymmetric,4,1806,44,a,7,0,12096,16,114240,114240,114241,,,,114276,114243,114258,16,1:15,114259,114274,16,1:15,114260,114275,16,1:15,,,0,,,,0,,,,0,,,,0,,1,2,15,17,1,,,,
asymmetric,4,1807,44,a,7,16,12224,8,114279,114279,114280,,,,114299,114282,114289,8,1:7,114290,114297,8,1:7,114291,114298,8,1:7,,,0,,,,0,,,,0,,,,0,,1,2,7,9,1,,,,
asymmetric,4,1808,44,a,7,24,12288,8,114302,114302,114303,,,,114322,114305,114312,8,1:7,114313,114320,8,1:7,114314,114321,8,1:7,,,0,,,,0,,,,0,,,,0,,1,2,7,9,1,,,,
asymmetric,4,1809,44,bt,0,0,25024,16,114330,114330,114331,,,,114366,114333,114348,16,1:15,114349,114364,16,1:15,114350,114365,16,1:15,,,0,,,,0,,,,0,,,,0,,1,2,15,17,1,,,,
asymmetric,4,1810,44,bt,0,16,25152,16,114369,114369,114370,,,,114405,114372,114387,16,1:15,114388,114403,16,1:15,114389,114404,16,1:15,,,0,,,,0,,,,0,,,,0,,1,2,15,17,1,,,,
asymmetric,4,1811,44,bt,1,0,25280,16,114408,114408,114409,,,,114444,114411,114426,16,1:15,114427,114442,16,1:15,114428,114443,16,1:15,,,0,,,,0,,,,0,,,,0,,1,2,15,17,1,,,,
asymmetric,4,1812,44,bt,1,16,25408,16,114447,114447,114448,,,,114483,114450,114465,16,1:15,114466,114481,16,1:15,114467,114482,16,1:15,,,0,,,,0,,,,0,,,,0,,1,2,15,17,1,,,,
asymmetric,4,1813,44,bt,2,0,25536,16,114486,114486,114487,,,,114522,114489,114504,16,1:15,114505,114520,16,1:15,114506,114521,16,1:15,,,0,,,,0,,,,0,,,,0,,1,2,15,17,1,,,,
asymmetric,4,1814,44,bt,2,16,25664,16,114525,114525,114526,,,,114561,114528,114543,16,1:15,114544,114559,16,1:15,114545,114560,16,1:15,,,0,,,,0,,,,0,,,,0,,1,2,15,17,1,,,,
asymmetric,4,1815,44,bt,3,0,25792,16,114564,114564,114565,,,,114600,114567,114582,16,1:15,114583,114598,16,1:15,114584,114599,16,1:15,,,0,,,,0,,,,0,,,,0,,1,2,15,17,1,,,,
asymmetric,4,1816,44,bt,3,16,25920,16,114603,114603,114604,,,,114639,114606,114621,16,1:15,114622,114637,16,1:15,114623,114638,16,1:15,,,0,,,,0,,,,0,,,,0,,1,2,15,17,1,,,,
asymmetric,4,1817,44,bt,4,0,26048,16,114642,114642,114643,,,,114678,114645,114660,16,1:15,114661,114676,16,1:15,114662,114677,16,1:15,,,0,,,,0,,,,0,,,,0,,1,2,15,17,1,,,,
asymmetric,4,1818,44,bt,4,16,26176,16,114681,114681,114682,,,,114717,114684,114699,16,1:15,114700,114715,16,1:15,114701,114716,16,1:15,,,0,,,,0,,,,0,,,,0,,1,2,15,17,1,,,,
asymmetric,4,1819,44,bt,5,0,26304,16,114720,114720,114721,,,,114756,114723,114738,16,1:15,114739,114754,16,1:15,114740,114755,16,1:15,,,0,,,,0,,,,0,,,,0,,1,2,15,17,1,,,,
asymmetric,4,1820,44,bt,5,16,26432,16,114759,114759,114760,,,,114795,114762,114777,16,1:15,114778,114793,16,1:15,114779,114794,16,1:15,,,0,,,,0,,,,0,,,,0,,1,2,15,17,1,,,,
asymmetric,4,1821,44,bt,6,0,26560,16,114798,114798,114799,,,,114834,114801,114816,16,1:15,114817,114832,16,1:15,114818,114833,16,1:15,,,0,,,,0,,,,0,,,,0,,1,2,15,17,1,,,,
asymmetric,4,1822,44,bt,6,16,26688,16,114837,114837,114838,,,,114873,114840,114855,16,1:15,114856,114871,16,1:15,114857,114872,16,1:15,,,0,,,,0,,,,0,,,,0,,1,2,15,17,1,,,,
asymmetric,4,1823,44,bt,7,0,26816,16,114876,114876,114877,,,,114912,114879,114894,16,1:15,114895,114910,16,1:15,114896,114911,16,1:15,,,0,,,,0,,,,0,,,,0,,1,2,15,17,1,,,,
asymmetric,4,1824,44,bt,7,16,26944,16,114915,114915,114916,,,,114951,114918,114933,16,1:15,114934,114949,16,1:15,114935,114950,16,1:15,,,0,,,,0,,,,0,,,,0,,1,2,15,17,1,,,,
asymmetric,4,1825,44,c,0,0,43456,4,116041,116041,,116062,116061,116067,116068,,,0,,,,0,,,,0,,116043,116058,4,5:3,116045,116060,4,5:3,116046,116061,4,5:3,116062,116065,4,1:3,,,,,,20,4,2,1
asymmetric,4,1826,44,c,1,0,43712,4,116071,116071,,116092,116091,116097,116098,,,0,,,,0,,,,0,,116073,116088,4,5:3,116075,116090,4,5:3,116076,116091,4,5:3,116092,116095,4,1:3,,,,,,20,4,2,1
asymmetric,4,1827,44,c,2,0,43968,4,116101,116101,,116122,116121,116127,116128,,,0,,,,0,,,,0,,116103,116118,4,5:3,116105,116120,4,5:3,116106,116121,4,5:3,116122,116125,4,1:3,,,,,,20,4,2,1
asymmetric,4,1828,44,c,3,0,44224,4,116131,116131,,116152,116151,116157,116158,,,0,,,,0,,,,0,,116133,116148,4,5:3,116135,116150,4,5:3,116136,116151,4,5:3,116152,116155,4,1:3,,,,,,20,4,2,1
asymmetric,4,1829,44,c,4,0,44480,4,116161,116161,,116182,116181,116187,116188,,,0,,,,0,,,,0,,116163,116178,4,5:3,116165,116180,4,5:3,116166,116181,4,5:3,116182,116185,4,1:3,,,,,,20,4,2,1
asymmetric,4,1830,44,c,5,0,44736,4,116191,116191,,116212,116211,116217,116218,,,0,,,,0,,,,0,,116193,116208,4,5:3,116195,116210,4,5:3,116196,116211,4,5:3,116212,116215,4,1:3,,,,,,20,4,2,1
asymmetric,4,1831,44,c,6,0,44992,4,116221,116221,,116242,116241,116247,116248,,,0,,,,0,,,,0,,116223,116238,4,5:3,116225,116240,4,5:3,116226,116241,4,5:3,116242,116245,4,1:3,,,,,,20,4,2,1
asymmetric,4,1832,44,c,7,0,45248,4,116251,116251,,116272,116271,116277,116278,,,0,,,,0,,,,0,,116253,116268,4,5:3,116255,116270,4,5:3,116256,116271,4,5:3,116272,116275,4,1:3,,,,,,20,4,2,1
asymmetric,4,1833,45,a,0,0,10304,16,116287,116287,116288,,,,116323,116290,116305,16,1:15,116306,116321,16,1:15,116307,116322,16,1:15,,,0,,,,0,,,,0,,,,0,,1,2,15,17,1,,,,
asymmetric,4,1834,45,a,0,16,10432,16,116326,116326,116327,,,,116362,116329,116344,16,1:15,116345,116360,16,1:15,116346,116361,16,1:15,,,0,,,,0,,,,0,,,,0,,1,2,15,17,1,,,,
asymmetric,4,1835,45,a,1,0,10560,16,116365,116365,116366,,,,116401,116368,116383,16,1:15,116384,116399,16,1:15,116385,116400,16,1:15,,,0,,,,0,,,,0,,,,0,,1,2,15,17,1,,,,
asymmetric,4,1836,45,a,1,16,10688,16,116404,116404,116405,,,,116440,116407,116422,16,1:15,116423,116438,16,1:15,116424,116439,16,1:15,,,0,,,,0,,,,0,,,,0,,1,2,15,17,1,,,,
asymmetric,4,1837,45,a,2,0,10816,16,116443,116443,116444,,,,116479,116446,116461,16,1:15,116462,116477,16,1:15,116463,116478,16,1:15,,,0,,,,0,,,,0,,,,0,,1,2,15,17,1,,,,
asymmetric,4,1838,45,a,2,16,10944,16,116482,116482,116483,,,,116518,116485,116500,16,1:15,116501,116516,16,1:15,116502,116517,16,1:15,,,0,,,,0,,,,0,,,,0,,1,2,15,17,1,,,,
asymmetric,4,1839,45,a,3,0,11072,16,116521,116521,116522,,,,116557,116524,116539,16,1:15,116540,116555,16,1:15,116541,116556,16,1:15,,,0,,,,0,,,,0,,,,0,,1,2,15,17,1,,,,
asymmetric,4,1840,45,a,3,16,11200,16,116560,116560,116561,,,,116596,116563,116578,16,1:15,116579,116594,16,1:15,116580,116595,16,1:15,,,0,,,,0,,,,0,,,,0,,1,2,15,17,1,,,,
asymmetric,4,1841,45,a,4,0,11328,16,116599,116599,116600,,,,116635,116602,116617,16,1:15,116618,116633,16,1:15,116619,116634,16,1:15,,,0,,,,0,,,,0,,,,0,,1,2,15,17,1,,,,
asymmetric,4,1842,45,a,4,16,11456,16,116638,116638,116639,,,,116674,116641,116656,16,1:15,116657,116672,16,1:15,116658,116673,16,1:15,,,0,,,,0,,,,0,,,,0,,1,2,15,17,1,,,,
asymmetric,4,1843,45,a,5,0,11584,16,116677,116677,116678,,,,116713,116680,116695,16,1:15,116696,116711,16,1:15,116697,116712,16,1:15,,,0,,,,0,,,,0,,,,0,,1,2,15,17,1,,,,
asymmetric,4,1844,45,a,5,16,11712,16,116716,116716,116717,,,,116752,116719,116734,16,1:15,116735,116750,16,1:15,116736,116751,16,1:15,,,0,,,,0,,,,0,,,,0,,1,2,15,17,1,,,,
asymmetric,4,1845,45,a,6,0,11840,16,116755,116755,116756,,,,116791,116758,116773,16,1:15,116774,116789,16,1:15,116775,116790,16,1:15,,,0,,,,0,,,,0,,,,0,,1,2,15,17,1,,,,
asymmetric,4,1846,45,a,6,16,11968,16,116794,116794,116795,,,,116830,116797,116812,16,1:15,116813,116828,16,1:15,116814,116829,16,1:15,,,0,,,,0,,,,0,,,,0,,1,2,15,17,1,,,,
asymmetric,4,1847,45,a,7,0,12096,16,116833,116833,116834,,,,116869,116836,116851,16,1:15,116852,116867,16,1:15,116853,116868,16,1:15,,,0,,,,0,,,,0,,,,0,,1,2,15,17,1,,,,
asymmetric,4,1848,45,a,7,16,12224,8,116872,116872,116873,,,,116892,116875,116882,8,1:7,116883,116890,8,1:7,116884,116891,8,1:7,,,0,,,,0,,,,0,,,,0,,1,2,7,9,1,,,,
asymmetric,4,1849,45,a,7,24,12288,8,116895,116895,116896,,,,116915,116898,116905,8,1:7,116906,116913,8,1:7,116907,116914,8,1:7,,,0,,,,0,,,,0,,,,0,,1,2,7,9,1,,,,
asymmetric,4,1850,45,bt,0,0,27072,16,116923,116923,116924,,,,116959,116926,116941,16,1:15,116942,116957,16,1:15,116943,116958,16,1:15,,,0,,,,0,,,,0,,,,0,,1,2,15,17,1,,,,
asymmetric,4,1851,45,bt,0,16,27200,16,116962,116962,116963,,,,116998,116965,116980,16,1:15,116981,116996,16,1:15,116982,116997,16,1:15,,,0,,,,0,,,,0,,,,0,,1,2,15,17,1,,,,
asymmetric,4,1852,45,bt,1,0,27328,16,117001,117001,117002,,,,117037,117004,117019,16,1:15,117020,117035,16,1:15,117021,117036,16,1:15,,,0,,,,0,,,,0,,,,0,,1,2,15,17,1,,,,
asymmetric,4,1853,45,bt,1,16,27456,16,117040,117040,117041,,,,117076,117043,117058,16,1:15,117059,117074,16,1:15,117060,117075,16,1:15,,,0,,,,0,,,,0,,,,0,,1,2,15,17,1,,,,
asymmetric,4,1854,45,bt,2,0,27584,16,117079,117079,117080,,,,117115,117082,117097,16,1:15,117098,117113,16,1:15,117099,117114,16,1:15,,,0,,,,0,,,,0,,,,0,,1,2,15,17,1,,,,
asymmetric,4,1855,45,bt,2,16,27712,16,117118,117118,117119,,,,117154,117121,117136,16,1:15,117137,117152,16,1:15,117138,117153,16,1:15,,,0,,,,0,,,,0,,,,0,,1,2,15,17,1,,,,
asymmetric,4,1856,45,bt,3,0,27840,16,117157,117157,117158,,,,117193,117160,117175,16,1:15,117176,117191,16,1:15,117177,117192,16,1:15,,,0,,,,0,,,,0,,,,0,,1,2,15,17,1,,,,
asymmetric,4,1857,45,bt,3,16,27968,16,117196,117196,117197,,,,117232,117199,117214,16,1:15,117215,117230,16,1:15,117216,117231,16,1:15,,,0,,,,0,,,,0,,,,0,,1,2,15,17,1,,,,
asymmetric,4,1858,45,bt,4,0,28096,16,117235,117235,117236,,,,117271,117238,117253,16,1:15,117254,117269,16,1:15,117255,117270,16,1:15,,,0,,,,0,,,,0,,,,0,,1,2,15,17,1,,,,
asymmetric,4,1859,45,bt,4,16,28224,16,117274,117274,117275,,,,117310,117277,117292,16,1:15,117293,117308,16,1:15,117294,117309,16,1:15,,,0,,,,0,,,,0,,,,0,,1,2,15,17,1,,,,
asymmetric,4,1860,45,bt,5,0,28352,16,117313,117313,117314,,,,117349,117316,117331,16,1:15,117332,117347,16,1:15,117333,117348,16,1:15,,,0,,,,0,,,,0,,,,0,,1,2,15,17,1,,,,
asymmetric,4,1861,45,bt,5,16,28480,16,117352,117352,117353,,,,117388,117355,117370,16,1:15,117371,117386,16,1:15,117372,117387,16,1:15,,,0,,,,0,,,,0,,,,0,,1,2,15,17,1,,,,
asymmetric,4,1862,45,bt,6,0,28608,8,117391,117391,117392,,,,117411,117394,117401,8,1:7,117402,117409,8,1:7,117403,117410,8,1:7,,,0,,,,0,,,,0,,,,0,,1,2,7,9,1,,,,
asymmetric,4,1863,45,bt,6,8,28672,16,117414,117414,117415,,,,117450,117417,117432,16,1:15,117433,117448,16,1:15,117434,117449,16,1:15,,,0,,,,0,,,,0,,,,0,,1,2,15,17,1,,,,
asymmetric,4,1864,45,bt,6,24,28800,8,117453,117453,117454,,,,117473,117456,117463,8,1:7,117464,117471,8,1:7,117465,117472,8,1:7,,,0,,,,0,,,,0,,,,0,,1,2,7,9,1,,,,
asymmetric,4,1865,45,bt,7,0,28864,16,117476,117476,117477,,,,117512,117479,117494,16,1:15,117495,117510,16,1:15,117496,117511,16,1:15,,,0,,,,0,,,,0,,,,0,,1,2,15,17,1,,,,
asymmetric,4,1866,45,bt,7,16,28992,16,117515,117515,117516,,,,117551,117518,117533,16,1:15,117534,117549,16,1:15,117535,117550,16,1:15,,,0,,,,0,,,,0,,,,0,,1,2,15,17,1,,,,
asymmetric,4,1867,45,c,0,0,43488,4,118641,118641,,118662,118661,118667,118668,,,0,,,,0,,,,0,,118643,118658,4,5:3,118645,118660,4,5:3,118646,118661,4,5:3,118662,118665,4,1:3,,,,,,20,4,2,1
asymmetric,4,1868,45,c,1,0,43744,4,118671,118671,,118692,118691,118697,118698,,,0,,,,0,,,,0,,118673,118688,4,5:3,118675,118690,4,5:3,118676,118691,4,5:3,118692,118695,4,1:3,,,,,,20,4,2,1
asymmetric,4,1869,45,c,2,0,44000,4,118701,118701,,118722,118721,118727,118728,,,0,,,,0,,,,0,,118703,118718,4,5:3,118705,118720,4,5:3,118706,118721,4,5:3,118722,118725,4,1:3,,,,,,20,4,2,1
asymmetric,4,1870,45,c,3,0,44256,4,118731,118731,,118752,118751,118757,118758,,,0,,,,0,,,,0,,118733,118748,4,5:3,118735,118750,4,5:3,118736,118751,4,5:3,118752,118755,4,1:3,,,,,,20,4,2,1
asymmetric,4,1871,45,c,4,0,44512,4,118761,118761,,118782,118781,118787,118788,,,0,,,,0,,,,0,,118763,118778,4,5:3,118765,118780,4,5:3,118766,118781,4,5:3,118782,118785,4,1:3,,,,,,20,4,2,1
asymmetric,4,1872,45,c,5,0,44768,4,118791,118791,,118812,118811,118817,118818,,,0,,,,0,,,,0,,118793,118808,4,5:3,118795,118810,4,5:3,118796,118811,4,5:3,118812,118815,4,1:3,,,,,,20,4,2,1
asymmetric,4,1873,45,c,6,0,45024,4,118821,118821,,118842,118841,118847,118848,,,0,,,,0,,,,0,,118823,118838,4,5:3,118825,118840,4,5:3,118826,118841,4,5:3,118842,118845,4,1:3,,,,,,20,4,2,1
asymmetric,4,1874,45,c,7,0,45280,4,118851,118851,,118872,118871,118877,118878,,,0,,,,0,,,,0,,118853,118868,4,5:3,118855,118870,4,5:3,118856,118871,4,5:3,118872,118875,4,1:3,,,,,,20,4,2,1
asymmetric,4,1875,46,a,0,0,10304,16,118887,118887,118888,,,,118923,118890,118905,16,1:15,118906,118921,16,1:15,118907,118922,16,1:15,,,0,,,,0,,,,0,,,,0,,1,2,15,17,1,,,,
asymmetric,4,1876,46,a,0,16,10432,16,118926,118926,118927,,,,118962,118929,118944,16,1:15,118945,118960,16,1:15,118946,118961,16,1:15,,,0,,,,0,,,,0,,,,0,,1,2,15,17,1,,,,
asymmetric,4,1877,46,a,1,0,10560,16,118965,118965,118966,,,,119001,118968,118983,16,1:15,118984,118999,16,1:15,118985,119000,16,1:15,,,0,,,,0,,,,0,,,,0,,1,2,15,17,1,,,,
asymmetric,4,1878,46,a,1,16,10688,16,119004,119004,119005,,,,119040,119007,119022,16,1:15,119023,119038,16,1:15,119024,119039,16,1:15,,,0,,,,0,,,,0,,,,0,,1,2,15,17,1,,,,
asymmetric,4,1879,46,a,2,0,10816,16,119043,119043,119044,,,,119079,119046,119061,16,1:15,119062,119077,16,1:15,119063,119078,16,1:15,,,0,,,,0,,,,0,,,,0,,1,2,15,17,1,,,,
asymmetric,4,1880,46,a,2,16,10944,16,119082,119082,119083,,,,119118,119085,119100,16,1:15,119101,119116,16,1:15,119102,119117,16,1:15,,,0,,,,0,,,,0,,,,0,,1,2,15,17,1,,,,
asymmetric,4,1881,46,a,3,0,11072,16,119121,119121,119122,,,,119157,119124,119139,16,1:15,119140,119155,16,1:15,119141,119156,16,1:15,,,0,,,,0,,,,0,,,,0,,1,2,15,17,1,,,,
asymmetric,4,1882,46,a,3,16,11200,16,119160,119160,119161,,,,119196,119163,119178,16,1:15,119179,119194,16,1:15,119180,119195,16,1:15,,,0,,,,0,,,,0,,,,0,,1,2,15,17,1,,,,
asymmetric,4,1883,46,a,4,0,11328,16,119199,119199,119200,,,,119235,119202,119217,16,1:15,119218,119233,16,1:15,119219,119234,16,1:15,,,0,,,,0,,,,0,,,,0,,1,2,15,17,1,,,,
asymmetric,4,1884,46,a,4,16,11456,16,119238,119238,119239,,,,119274,119241,119256,16,1:15,119257,119272,16,1:15,119258,119273,16,1:15,,,0,,,,0,,,,0,,,,0,,1,2,15,17,1,,,,
asymmetric,4,1885,46,a,5,0,11584,16,119277,119277,119278,,,,119313,119280,119295,16,1:15,119296,119311,16,1:15,119297,119312,16,1:15,,,0,,,,0,,,,0,,,,0,,1,2,15,17,1,,,,
asymmetric,4,1886,46,a,5,16,11712,16,119316,119316,119317,,,,119352,119319,119334,16,1:15,119335,119350,16,1:15,119336,119351,16,1:15,,,0,,,,0,,,,0,,,,0,,1,2,15,17,1,,,,
asymmetric,4,1887,46,a,6,0,11840,16,119355,119355,119356,,,,119391,119358,119373,16,1:15,119374,119389,16,1:15,119375,119390,16,1:15,,,0,,,,0,,,,0,,,,0,,1,2,15,17,1,,,,
asymmetric,4,1888,46,a,6,16,11968,16,119394,119394,119395,,,,119430,119397,119412,16,1:15,119413,119428,16,1:15,119414,119429,16,1:15,,,0,,,,0,,,,0,,,,0,,1,2,15,17,1,,,,
asymmetric,4,1889,46,a,7,0,12096,16,119433,119433,119434,,,,119469,119436,119451,16,1:15,119452,119467,16,1:15,119453,119468,16,1:15,,,0,,,,0,,,,0,,,,0,,1,2,15,17,1,,,,
asymmetric,4,1890,46,a,7,16,12224,8,119472,119472,119473,,,,119492,119475,119482,8,1:7,119483,119490,8,1:7,119484,119491,8,1:7,,,0,,,,0,,,,0,,,,0,,1,2,7,9,1,,,,
asymmetric,4,1891,46,a,7,24,12288,8,119495,119495,119496,,,,119515,119498,119505,8,1:7,119506,119513,8,1:7,119507,119514,8,1:7,,,0,,,,0,,,,0,,,,0,,1,2,7,9,1,,,,
asymmetric,4,1892,46,bt,0,0,29120,16,119523,119523,119524,,,,119559,119526,119541,16,1:15,119542,119557,16,1:15,119543,119558,16,1:15,,,0,,,,0,,,,0,,,,0,,1,2,15,17,1,,,,
asymmetric,4,1893,46,bt,0,16,29248,16,119562,119562,119563,,,,119598,119565,119580,16,1:15,119581,119596,16,1:15,119582,119597,16,1:15,,,0,,,,0,,,,0,,,,0,,1,2,15,17,1,,,,
asymmetric,4,1894,46,bt,1,0,29376,16,119601,119601,119602,,,,119637,119604,119619,16,1:15,119620,119635,16,1:15,119621,119636,16,1:15,,,0,,,,0,,,,0,,,,0,,1,2,15,17,1,,,,
asymmetric,4,1895,46,bt,1,16,29504,16,119640,119640,119641,,,,119676,119643,119658,16,1:15,119659,119674,16,1:15,119660,119675,16,1:15,,,0,,,,0,,,,0,,,,0,,1,2,15,17,1,,,,
asymmetric,4,1896,46,bt,2,0,29632,16,119679,119679,119680,,,,119715,119682,119697,16,1:15,119698,119713,16,1:15,119699,119714,16,1:15,,,0,,,,0,,,,0,,,,0,,1,2,15,17,1,,,,
asymmetric,4,1897,46,bt,2,16,29760,16,119718,119718,119719,,,,119754,119721,119736,16,1:15,119737,119752,16,1:15,119738,119753,16,1:15,,,0,,,,0,,,,0,,,,0,,1,2,15,17,1,,,,
asymmetric,4,1898,46,bt,3,0,29888,16,119757,119757,119758,,,,119793,119760,119775,16,1:15,119776,119791,16,1:15,119777,119792,16,1:15,,,0,,,,0,,,,0,,,,0,,1,2,15,17,1,,,,
asymmetric,4,1899,46,bt,3,16,30016,16,119796,119796,119797,,,,119832,119799,119814,16,1:15,119815,119830,16,1:15,119816,119831,16,1:15,,,0,,,,0,,,,0,,,,0,,1,2,15,17,1,,,,
asymmetric,4,1900,46,bt,4,0,30144,16,119835,119835,119836,,,,119871,119838,119853,16,1:15,119854,119869,16,1:15,119855,119870,16,1:15,,,0,,,,0,,,,0,,,,0,,1,2,15,17,1,,,,
asymmetric,4,1901,46,bt,4,16,30272,16,119874,119874,119875,,,,119910,119877,119892,16,1:15,119893,119908,16,1:15,119894,119909,16,1:15,,,0,,,,0,,,,0,,,,0,,1,2,15,17,1,,,,
asymmetric,4,1902,46,bt,5,0,30400,16,119913,119913,119914,,,,119949,119916,119931,16,1:15,119932,119947,16,1:15,119933,119948,16,1:15,,,0,,,,0,,,,0,,,,0,,1,2,15,17,1,,,,
asymmetric,4,1903,46,bt,5,16,30528,16,119952,119952,119953,,,,119988,119955,119970,16,1:15,119971,119986,16,1:15,119972,119987,16,1:15,,,0,,,,0,,,,0,,,,0,,1,2,15,17,1,,,,
asymmetric,4,1904,46,bt,6,0,30656,16,119991,119991,119992,,,,120027,119994,120009,16,1:15,120010,120025,16,1:15,120011,120026,16,1:15,,,0,,,,0,,,,0,,,,0,,1,2,15,17,1,,,,
asymmetric,4,1905,46,bt,6,16,30784,16,120030,120030,120031,,,,120066,120033,120048,16,1:15,120049,120064,16,1:15,120050,120065,16,1:15,,,0,,,,0,,,,0,,,,0,,1,2,15,17,1,,,,
asymmetric,4,1906,46,bt,7,0,30912,16,120069,120069,120070,,,,120105,120072,120087,16,1:15,120088,120103,16,1:15,120089,120104,16,1:15,,,0,,,,0,,,,0,,,,0,,1,2,15,17,1,,,,
asymmetric,4,1907,46,bt,7,16,31040,16,120108,120108,120109,,,,120144,120111,120126,16,1:15,120127,120142,16,1:15,120128,120143,16,1:15,,,0,,,,0,,,,0,,,,0,,1,2,15,17,1,,,,
asymmetric,4,1908,46,c,0,0,43520,4,121234,121234,,121255,121254,121260,121261,,,0,,,,0,,,,0,,121236,121251,4,5:3,121238,121253,4,5:3,121239,121254,4,5:3,121255,121258,4,1:3,,,,,,20,4,2,1
asymmetric,4,1909,46,c,1,0,43776,4,121264,121264,,121285,121284,121290,121291,,,0,,,,0,,,,0,,121266,121281,4,5:3,121268,121283,4,5:3,121269,121284,4,5:3,121285,121288,4,1:3,,,,,,20,4,2,1
asymmetric,4,1910,46,c,2,0,44032,4,121294,121294,,121315,121314,121320,121321,,,0,,,,0,,,,0,,121296,121311,4,5:3,121298,121313,4,5:3,121299,121314,4,5:3,121315,121318,4,1:3,,,,,,20,4,2,1
asymmetric,4,1911,46,c,3,0,44288,4,121324,121324,,121345,121344,121350,121351,,,0,,,,0,,,,0,,121326,121341,4,5:3,121328,121343,4,5:3,121329,121344,4,5:3,121345,121348,4,1:3,,,,,,20,4,2,1
asymmetric,4,1912,46,c,4,0,44544,4,121354,121354,,121375,121374,121380,121381,,,0,,,,0,,,,0,,121356,121371,4,5:3,121358,121373,4,5:3,121359,121374,4,5:3,121375,121378,4,1:3,,,,,,20,4,2,1
asymmetric,4,1913,46,c,5,0,44800,4,121384,121384,,121405,121404,121410,121411,,,0,,,,0,,,,0,,121386,121401,4,5:3,121388,121403,4,5:3,121389,121404,4,5:3,121405,121408,4,1:3,,,,,,20,4,2,1
asymmetric,4,1914,46,c,6,0,45056,4,121414,121414,,121435,121434,121440,121441,,,0,,,,0,,,,0,,121416,121431,4,5:3,121418,121433,4,5:3,121419,121434,4,5:3,121435,121438,4,1:3,,,,,,20,4,2,1
asymmetric,4,1915,46,c,7,0,45312,4,121444,121444,,121465,121464,121470,121471,,,0,,,,0,,,,0,,121446,121461,4,5:3,121448,121463,4,5:3,121449,121464,4,5:3,121465,121468,4,1:3,,,,,,20,4,2,1
asymmetric,4,1916,47,a,0,0,10304,16,121480,121480,121481,,,,121516,121483,121498,16,1:15,121499,121514,16,1:15,121500,121515,16,1:15,,,0,,,,0,,,,0,,,,0,,1,2,15,17,1,,,,
asymmetric,4,1917,47,a,0,16,10432,16,121519,121519,121520,,,,121555,121522,121537,16,1:15,121538,121553,16,1:15,121539,121554,16,1:15,,,0,,,,0,,,,0,,,,0,,1,2,15,17,1,,,,
asymmetric,4,1918,47,a,1,0,10560,16,121558,121558,121559,,,,121594,121561,121576,16,1:15,121577,121592,16,1:15,121578,121593,16,1:15,,,0,,,,0,,,,0,,,,0,,1,2,15,17,1,,,,
asymmetric,4,1919,47,a,1,16,10688,16,121597,121597,121598,,,,121633,121600,121615,16,1:15,121616,121631,16,1:15,121617,121632,16,1:15,,,0,,,,0,,,,0,,,,0,,1,2,15,17,1,,,,
asymmetric,4,1920,47,a,2,0,10816,16,121636,121636,121637,,,,121672,121639,121654,16,1:15,121655,121670,16,1:15,121656,121671,16,1:15,,,0,,,,0,,,,0,,,,0,,1,2,15,17,1,,,,
asymmetric,4,1921,47,a,2,16,10944,16,121675,121675,121676,,,,121711,121678,121693,16,1:15,121694,121709,16,1:15,121695,121710,16,1:15,,,0,,,,0,,,,0,,,,0,,1,2,15,17,1,,,,
asymmetric,4,1922,47,a,3,0,11072,16,121714,121714,121715,,,,121750,121717,121732,16,1:15,121733,121748,16,1:15,121734,121749,16,1:15,,,0,,,,0,,,,0,,,,0,,1,2,15,17,1,,,,
asymmetric,4,1923,47,a,3,16,11200,16,121753,121753,121754,,,,121789,121756,121771,16,1:15,121772,121787,16,1:15,121773,121788,16,1:15,,,0,,,,0,,,,0,,,,0,,1,2,15,17,1,,,,
asymmetric,4,1924,47,a,4,0,11328,16,121792,121792,121793,,,,121828,121795,121810,16,1:15,121811,121826,16,1:15,121812,121827,16,1:15,,,0,,,,0,,,,0,,,,0,,1,2,15,17,1,,,,
asymmetric,4,1925,47,a,4,16,11456,16,121831,121831,121832,,,,121867,121834,121849,16,1:15,121850,121865,16,1:15,121851,121866,16,1:15,,,0,,,,0,,,,0,,,,0,,1,2,15,17,1,,,,
asymmetric,4,1926,47,a,5,0,11584,16,121870,121870,121871,,,,121906,121873,121888,16,1:15,121889,121904,16,1:15,121890,121905,16,1:15,,,0,,,,0,,,,0,,,,0,,1,2,15,17,1,,,,
asymmetric,4,1927,47,a,5,16,11712,16,121909,121909,121910,,,,121945,121912,121927,16,1:15,121928,121943,16,1:15,121929,121944,16,1:15,,,0,,,,0,,,,0,,,,0,,1,2,15,17,1,,,,
asymmetric,4,1928,47,a,6,0,11840,16,121948,121948,121949,,,,121984,121951,121966,16,1:15,121967,121982,16,1:15,121968,121983,16,1:15,,,0,,,,0,,,,0,,,,0,,1,2,15,17,1,,,,
asymmetric,4,1929,47,a,6,16,11968,16,121987,121987,121988,,,,122023,121990,122005,16,1:15,122006,122021,16,1:15,122007,122022,16,1:15,,,0,,,,0,,,,0,,,,0,,1,2,15,17,1,,,,
asymmetric,4,1930,47,a,7,0,12096,16,122026,122026,122027,,,,122062,122029,122044,16,1:15,122045,122060,16,1:15,122046,122061,16,1:15,,,0,,,,0,,,,0,,,,0,,1,2,15,17,1,,,,
asymmetric,4,1931,47,a,7,16,12224,8,122065,122065,122066,,,,122085,122068,122075,8,1:7,122076,122083,8,1:7,122077,122084,8,1:7,,,0,,,,0,,,,0,,,,0,,1,2,7,9,1,,,,
asymmetric,4,1932,47,a,7,24,12288,8,122088,122088,122089,,,,122108,122091,122098,8,1:7,122099,122106,8,1:7,122100,122107,8,1:7,,,0,,,,0,,,,0,,,,0,,1,2,7,9,1,,,,
asymmetric,4,1933,47,bt,0,0,31168,16,122116,122116,122117,,,,122152,122119,122134,16,1:15,122135,122150,16,1:15,122136,122151,16,1:15,,,0,,,,0,,,,0,,,,0,,1,2,15,17,1,,,,
asymmetric,4,1934,47,bt,0,16,31296,16,122155,122155,122156,,,,122191,122158,122173,16,1:15,122174,122189,16,1:15,122175,122190,16,1:15,,,0,,,,0,,,,0,,,,0,,1,2,15,17,1,,,,
asymmetric,4,1935,47,bt,1,0,31424,16,122194,122194,122195,,,,122230,122197,122212,16,1:15,122213,122228,16,1:15,122214,122229,16,1:15,,,0,,,,0,,,,0,,,,0,,1,2,15,17,1,,,,
asymmetric,4,1936,47,bt,1,16,31552,16,122233,122233,122234,,,,122269,122236,122251,16,1:15,122252,122267,16,1:15,122253,122268,16,1:15,,,0,,,,0,,,,0,,,,0,,1,2,15,17,1,,,,
asymmetric,4,1937,47,bt,2,0,31680,16,122272,122272,122273,,,,122308,122275,122290,16,1:15,122291,122306,16,1:15,122292,122307,16,1:15,,,0,,,,0,,,,0,,,,0,,1,2,15,17,1,,,,
asymmetric,4,1938,47,bt,2,16,31808,16,122311,122311,122312,,,,122347,122314,122329,16,1:15,122330,122345,16,1:15,122331,122346,16,1:15,,,0,,,,0,,,,0,,,,0,,1,2,15,17,1,,,,
asymmetric,4,1939,47,bt,3,0,31936,16,122350,122350,122351,,,,122386,122353,122368,16,1:15,122369,122384,16,1:15,122370,122385,16,1:15,,,0,,,,0,,,,0,,,,0,,1,2,15,17,1,,,,
asymmetric,4,1940,47,bt,3,16,32064,16,122389,122389,122390,,,,122425,122392,122407,16,1:15,122408,122423,16,1:15,122409,122424,16,1:15,,,0,,,,0,,,,0,,,,0,,1,2,15,17,1,,,,
asymmetric,4,1941,47,bt,4,0,32192,16,122428,122428,122429,,,,122464,122431,122446,16,1:15,122447,122462,16,1:15,122448,122463,16,1:15,,,0,,,,0,,,,0,,,,0,,1,2,15,17,1,,,,
asymmetric,4,1942,47,bt,4,16,32320,16,122467,122467,122468,,,,122503,122470,122485,16,1:15,122486,122501,16,1:15,122487,122502,16,1:15,,,0,,,,0,,,,0,,,,0,,1,2,15,17,1,,,,
asymmetric,4,1943,47,bt,5,0,32448,16,122506,122506,122507,,,,122542,122509,122524,16,1:15,122525,122540,16,1:15,122526,122541,16,1:15,,,0,,,,0,,,,0,,,,0,,1,2,15,17,1,,,,
asymmetric,4,1944,47,bt,5,16,32576,16,122545,122545,122546,,,,122581,122548,122563,16,1:15,122564,122579,16,1:15,122565,122580,16,1:15,,,0,,,,0,,,,0,,,,0,,1,2,15,17,1,,,,
asymmetric,4,1945,47,bt,6,0,32704,8,122584,122584,122585,,,,122604,122587,122594,8,1:7,122595,122602,8,1:7,122596,122603,8,1:7,,,0,,,,0,,,,0,,,,0,,1,2,7,9,1,,,,
asymmetric,4,1946,47,bt,6,8,32768,16,122607,122607,122608,,,,122643,122610,122625,16,1:15,122626,122641,16,1:15,122627,122642,16,1:15,,,0,,,,0,,,,0,,,,0,,1,2,15,17,1,,,,
asymmetric,4,1947,47,bt,6,24,32896,8,122646,122646,122647,,,,122666,122649,122656,8,1:7,122657,122664,8,1:7,122658,122665,8,1:7,,,0,,,,0,,,,0,,,,0,,1,2,7,9,1,,,,
asymmetric,4,1948,47,c,0,0,43552,4,123756,123756,,123777,123776,123782,123783,,,0,,,,0,,,,0,,123758,123773,4,5:3,123760,123775,4,5:3,123761,123776,4,5:3,123777,123780,4,1:3,,,,,,20,4,2,1
asymmetric,4,1949,47,c,1,0,43808,4,123786,123786,,123807,123806,123812,123813,,,0,,,,0,,,,0,,123788,123803,4,5:3,123790,123805,4,5:3,123791,123806,4,5:3,123807,123810,4,1:3,,,,,,20,4,2,1
asymmetric,4,1950,47,c,2,0,44064,4,123816,123816,,123837,123836,123842,123843,,,0,,,,0,,,,0,,123818,123833,4,5:3,123820,123835,4,5:3,123821,123836,4,5:3,123837,123840,4,1:3,,,,,,20,4,2,1
asymmetric,4,1951,47,c,3,0,44320,4,123846,123846,,123867,123866,123872,123873,,,0,,,,0,,,,0,,123848,123863,4,5:3,123850,123865,4,5:3,123851,123866,4,5:3,123867,123870,4,1:3,,,,,,20,4,2,1
asymmetric,4,1952,47,c,4,0,44576,4,123876,123876,,123897,123896,123902,123903,,,0,,,,0,,,,0,,123878,123893,4,5:3,123880,123895,4,5:3,123881,123896,4,5:3,123897,123900,4,1:3,,,,,,20,4,2,1
asymmetric,4,1953,47,c,5,0,44832,4,123906,123906,,123927,123926,123932,123933,,,0,,,,0,,,,0,,123908,123923,4,5:3,123910,123925,4,5:3,123911,123926,4,5:3,123927,123930,4,1:3,,,,,,20,4,2,1
asymmetric,4,1954,47,c,6,0,45088,4,123936,123936,,123957,123956,123962,123963,,,0,,,,0,,,,0,,123938,123953,4,5:3,123940,123955,4,5:3,123941,123956,4,5:3,123957,123960,4,1:3,,,,,,20,4,2,1
asymmetric,4,1955,47,c,7,0,45344,4,123966,123966,,123987,123986,123992,123993,,,0,,,,0,,,,0,,123968,123983,4,5:3,123970,123985,4,5:3,123971,123986,4,5:3,123987,123990,4,1:3,,,,,,20,4,2,1
asymmetric,4,1956,48,a,0,0,12352,16,124002,124002,124003,,,,124038,124005,124020,16,1:15,124021,124036,16,1:15,124022,124037,16,1:15,,,0,,,,0,,,,0,,,,0,,1,2,15,17,1,,,,
asymmetric,4,1957,48,a,0,16,12480,16,124041,124041,124042,,,,124077,124044,124059,16,1:15,124060,124075,16,1:15,124061,124076,16,1:15,,,0,,,,0,,,,0,,,,0,,1,2,15,17,1,,,,
asymmetric,4,1958,48,a,1,0,12608,16,124080,124080,124081,,,,124116,124083,124098,16,1:15,124099,124114,16,1:15,124100,124115,16,1:15,,,0,,,,0,,,,0,,,,0,,1,2,15,17,1,,,,
asymmetric,4,1959,48,a,1,16,12736,16,124119,124119,124120,,,,124155,124122,124137,16,1:15,124138,124153,16,1:15,124139,124154,16,1:15,,,0,,,,0,,,,0,,,,0,,1,2,15,17,1,,,,
asymmetric,4,1960,48,a,2,0,12864,16,124158,124158,124159,,,,124194,124161,124176,16,1:15,124177,124192,16,1:15,124178,124193,16,1:15,,,0,,,,0,,,,0,,,,0,,1,2,15,17,1,,,,
asymmetric,4,1961,48,a,2,16,12992,16,124197,124197,124198,,,,124233,124200,124215,16,1:15,124216,124231,16,1:15,124217,124232,16,1:15,,,0,,,,0,,,,0,,,,0,,1,2,15,17,1,,,,
asymmetric,4,1962,48,a,3,0,13120,16,124236,124236,124237,,,,124272,124239,124254,16,1:15,124255,124270,16,1:15,124256,124271,16,1:15,,,0,,,,0,,,,0,,,,0,,1,2,15,17,1,,,,
asymmetric,4,1963,48,a,3,16,13248,16,124275,124275,124276,,,,124311,124278,124293,16,1:15,124294,124309,16,1:15,124295,124310,16,1:15,,,0,,,,0,,,,0,,,,0,,1,2,15,17,1,,,,
asymmetric,4,1964,48,a,4,0,13376,16,124314,124314,124315,,,,124350,124317,124332,16,1:15,124333,124348,16,1:15,124334,124349,16,1:15,,,0,,,,0,,,,0,,,,0,,1,2,15,17,1,,,,
asymmetric,4,1965,48,a,4,16,13504,16,124353,124353,124354,,,,124389,124356,124371,16,1:15,124372,124387,16,1:15,124373,124388,16,1:15,,,0,,,,0,,,,0,,,,0,,1,2,15,17,1,,,,
asymmetric,4,1966,48,a,5,0,13632,16,124392,124392,124393,,,,124428,124395,124410,16,1:15,124411,124426,16,1:15,124412,124427,16,1:15,,,0,,,,0,,,,0,,,,0,,1,2,15,17,1,,,,
asymmetric,4,1967,48,a,5,16,13760,16,124431,124431,124432,,,,124467,124434,124449,16,1:15,124450,124465,16,1:15,124451,124466,16,1:15,,,0,,,,0,,,,0,,,,0,,1,2,15,17,1,,,,
asymmetric,4,1968,48,a,6,0,13888,16,124470,124470,124471,,,,124506,124473,124488,16,1:15,124489,124504,16,1:15,124490,124505,16,1:15,,,0,,,,0,,,,0,,,,0,,1,2,15,17,1,,,,
asymmetric,4,1969,48,a,6,16,14016,16,124509,124509,124510,,,,124545,124512,124527,16,1:15,124528,124543,16,1:15,124529,124544,16,1:15,,,0,,,,0,,,,0,,,,0,,1,2,15,17,1,,,,
asymmetric,4,1970,48,a,7,0,14144,16,124548,124548,124549,,,,124584,124551,124566,16,1:15,124567,124582,16,1:15,124568,124583,16,1:15,,,0,,,,0,,,,0,,,,0,,1,2,15,17,1,,,,
asymmetric,4,1971,48,a,7,16,14272,16,124587,124587,124588,,,,124623,124590,124605,16,1:15,124606,124621,16,1:15,124607,124622,16,1:15,,,0,,,,0,,,,0,,,,0,,1,2,15,17,1,,,,
asymmetric,4,1972,48,bt,0,0,16832,16,124631,124631,124632,,,,124667,124634,124649,16,1:15,124650,124665,16,1:15,124651,124666,16,1:15,,,0,,,,0,,,,0,,,,0,,1,2,15,17,1,,,,
asymmetric,4,1973,48,bt,0,16,16960,16,124670,124670,124671,,,,124706,124673,124688,16,1:15,124689,124704,16,1:15,124690,124705,16,1:15,,,0,,,,0,,,,0,,,,0,,1,2,15,17,1,,,,
asymmetric,4,1974,48,bt,1,0,17088,16,124709,124709,124710,,,,124745,124712,124727,16,1:15,124728,124743,16,1:15,124729,124744,16,1:15,,,0,,,,0,,,,0,,,,0,,1,2,15,17,1,,,,
asymmetric,4,1975,48,bt,1,16,17216,16,124748,124748,124749,,,,124784,124751,124766,16,1:15,124767,124782,16,1:15,124768,124783,16,1:15,,,0,,,,0,,,,0,,,,0,,1,2,15,17,1,,,,
asymmetric,4,1976,48,bt,2,0,17344,16,124787,124787,124788,,,,124823,124790,124805,16,1:15,124806,124821,16,1:15,124807,124822,16,1:15,,,0,,,,0,,,,0,,,,0,,1,2,15,17,1,,,,
asymmetric,4,1977,48,bt,2,16,17472,16,124826,124826,124827,,,,124862,124829,124844,16,1:15,124845,124860,16,1:15,124846,124861,16,1:15,,,0,,,,0,,,,0,,,,0,,1,2,15,17,1,,,,
asymmetric,4,1978,48,bt,3,0,17600,16,124865,124865,124866,,,,124901,124868,124883,16,1:15,124884,124899,16,1:15,124885,124900,16,1:15,,,0,,,,0,,,,0,,,,0,,1,2,15,17,1,,,,
asymmetric,4,1979,48,bt,3,16,17728,16,124904,124904,124905,,,,124940,124907,124922,16,1:15,124923,124938,16,1:15,124924,124939,16,1:15,,,0,,,,0,,,,0,,,,0,,1,2,15,17,1,,,,
asymmetric,4,1980,48,bt,4,0,17856,16,124943,124943,124944,,,,124979,124946,124961,16,1:15,124962,124977,16,1:15,124963,124978,16,1:15,,,0,,,,0,,,,0,,,,0,,1,2,15,17,1,,,,
asymmetric,4,1981,48,bt,4,16,17984,16,124982,124982,124983,,,,125018,124985,125000,16,1:15,125001,125016,16,1:15,125002,125017,16,1:15,,,0,,,,0,,,,0,,,,0,,1,2,15,17,1,,,,
asymmetric,4,1982,48,bt,5,0,18112,16,125021,125021,125022,,,,125057,125024,125039,16,1:15,125040,125055,16,1:15,125041,125056,16,1:15,,,0,,,,0,,,,0,,,,0,,1,2,15,17,1,,,,
asymmetric,4,1983,48,bt,5,16,18240,16,125060,125060,125061,,,,125096,125063,125078,16,1:15,125079,125094,16,1:15,125080,125095,16,1:15,,,0,,,,0,,,,0,,,,0,,1,2,15,17,1,,,,
asymmetric,4,1984,48,bt,6,0,18368,16,125099,125099,125100,,,,125135,125102,125117,16,1:15,125118,125133,16,1:15,125119,125134,16,1:15,,,0,,,,0,,,,0,,,,0,,1,2,15,17,1,,,,
asymmetric,4,1985,48,bt,6,16,18496,16,125138,125138,125139,,,,125174,125141,125156,16,1:15,125157,125172,16,1:15,125158,125173,16,1:15,,,0,,,,0,,,,0,,,,0,,1,2,15,17,1,,,,
asymmetric,4,1986,48,bt,7,0,18624,16,125177,125177,125178,,,,125213,125180,125195,16,1:15,125196,125211,16,1:15,125197,125212,16,1:15,,,0,,,,0,,,,0,,,,0,,1,2,15,17,1,,,,
asymmetric,4,1987,48,bt,7,16,18752,16,125216,125216,125217,,,,125252,125219,125234,16,1:15,125235,125250,16,1:15,125236,125251,16,1:15,,,0,,,,0,,,,0,,,,0,,1,2,15,17,1,,,,
asymmetric,4,1988,48,c,0,0,45376,4,126342,126342,,126363,126362,126368,126369,,,0,,,,0,,,,0,,126344,126359,4,5:3,126346,126361,4,5:3,126347,126362,4,5:3,126363,126366,4,1:3,,,,,,20,4,2,1
asymmetric,4,1989,48,c,1,0,45632,4,126372,126372,,126393,126392,126398,126399,,,0,,,,0,,,,0,,126374,126389,4,5:3,126376,126391,4,5:3,126377,126392,4,5:3,126393,126396,4,1:3,,,,,,20,4,2,1
asymmetric,4,1990,48,c,2,0,45888,4,126402,126402,,126423,126422,126428,126429,,,0,,,,0,,,,0,,126404,126419,4,5:3,126406,126421,4,5:3,126407,126422,4,5:3,126423,126426,4,1:3,,,,,,20,4,2,1
asymmetric,4,1991,48,c,3,0,46144,4,126432,126432,,126453,126452,126458,126459,,,0,,,,0,,,,0,,126434,126449,4,5:3,126436,126451,4,5:3,126437,126452,4,5:3,126453,126456,4,1:3,,,,,,20,4,2,1
asymmetric,4,1992,48,c,4,0,46400,4,126462,126462,,126483,126482,126488,126489,,,0,,,,0,,,,0,,126464,126479,4,5:3,126466,126481,4,5:3,126467,126482,4,5:3,126483,126486,4,1:3,,,,,,20,4,2,1
asymmetric,4,1993,48,c,5,0,46656,4,126492,126492,,126513,126512,126518,126519,,,0,,,,0,,,,0,,126494,126509,4,5:3,126496,126511,4,5:3,126497,126512,4,5:3,126513,126516,4,1:3,,,,,,20,4,2,1
asymmetric,4,1994,48,c,6,0,46912,4,126522,126522,,126543,126542,126548,126549,,,0,,,,0,,,,0,,126524,126539,4,5:3,126526,126541,4,5:3,126527,126542,4,5:3,126543,126546,4,1:3,,,,,,20,4,2,1
asymmetric,4,1995,48,c,7,0,47168,4,126552,126552,,126573,126572,126578,126579,,,0,,,,0,,,,0,,126554,126569,4,5:3,126556,126571,4,5:3,126557,126572,4,5:3,126573,126576,4,1:3,,,,,,20,4,2,1
asymmetric,4,1996,49,a,0,0,12352,16,126588,126588,126589,,,,126624,126591,126606,16,1:15,126607,126622,16,1:15,126608,126623,16,1:15,,,0,,,,0,,,,0,,,,0,,1,2,15,17,1,,,,
asymmetric,4,1997,49,a,0,16,12480,16,126627,126627,126628,,,,126663,126630,126645,16,1:15,126646,126661,16,1:15,126647,126662,16,1:15,,,0,,,,0,,,,0,,,,0,,1,2,15,17,1,,,,
asymmetric,4,1998,49,a,1,0,12608,16,126666,126666,126667,,,,126702,126669,126684,16,1:15,126685,126700,16,1:15,126686,126701,16,1:15,,,0,,,,0,,,,0,,,,0,,1,2,15,17,1,,,,
asymmetric,4,1999,49,a,1,16,12736,16,126705,126705,126706,,,,126741,126708,126723,16,1:15,126724,126739,16,1:15,126725,126740,16,1:15,,,0,,,,0,,,,0,,,,0,,1,2,15,17,1,,,,
asymmetric,4,2000,49,a,2,0,12864,16,126744,126744,126745,,,,126780,126747,126762,16,1:15,126763,126778,16,1:15,126764,126779,16,1:15,,,0,,,,0,,,,0,,,,0,,1,2,15,17,1,,,,
asymmetric,4,2001,49,a,2,16,12992,16,126783,126783,126784,,,,126819,126786,126801,16,1:15,126802,126817,16,1:15,126803,126818,16,1:15,,,0,,,,0,,,,0,,,,0,,1,2,15,17,1,,,,
asymmetric,4,2002,49,a,3,0,13120,16,126822,126822,126823,,,,126858,126825,126840,16,1:15,126841,126856,16,1:15,126842,126857,16,1:15,,,0,,,,0,,,,0,,,,0,,1,2,15,17,1,,,,
asymmetric,4,2003,49,a,3,16,13248,16,126861,126861,126862,,,,126897,126864,126879,16,1:15,126880,126895,16,1:15,126881,126896,16,1:15,,,0,,,,0,,,,0,,,,0,,1,2,15,17,1,,,,
asymmetric,4,2004,49,a,4,0,13376,16,126900,126900,126901,,,,126936,126903,126918,16,1:15,126919,126934,16,1:15,126920,126935,16,1:15,,,0,,,,0,,,,0,,,,0,,1,2,15,17,1,,,,
asymmetric,4,2005,49,a,4,16,13504,16,126939,126939,126940,,,,126975,126942,126957,16,1:15,126958,126973,16,1:15,126959,126974,16,1:15,,,0,,,,0,,,,0,,,,0,,1,2,15,17,1,,,,
asymmetric,4,2006,49,a,5,0,13632,16,126978,126978,126979,,,,127014,126981,126996,16,1:15,126997,127012,16,1:15,126998,127013,16,1:15,,,0,,,,0,,,,0,,,,0,,1,2,15,17,1,,,,
asymmetric,4,2007,49,a,5,16,13760,16,127017,127017,127018,,,,127053,127020,127035,16,1:15,127036,127051,16,1:15,127037,127052,16,1:15,,,0,,,,0,,,,0,,,,0,,1,2,15,17,1,,,,
asymmetric,4,2008,49,a,6,0,13888,16,127056,127056,127057,,,,127092,127059,127074,16,1:15,127075,127090,16,1:15,127076,127091,16,1:15,,,0,,,,0,,,,0,,,,0,,1,2,15,17,1,,,,
asymmetric,4,2009,49,a,6,16,14016,16,127095,127095,127096,,,,127131,127098,127113,16,1:15,127114,127129,16,1:15,127115,127130,16,1:15,,,0,,,,0,,,,0,,,,0,,1,2,15,17,1,,,,
asymmetric,4,2010,49,a,7,0,14144,16,127134,127134,127135,,,,127170,127137,127152,16,1:15,127153,127168,16,1:15,127154,127169,16,1:15,,,0,,,,0,,,,0,,,,0,,1,2,15,17,1,,,,
asymmetric,4,2011,49,a,7,16,14272,16,127173,127173,127174,,,,127209,127176,127191,16,1:15,127192,127207,16,1:15,127193,127208,16,1:15,,,0,,,,0,,,,0,,,,0,,1,2,15,17,1,,,,
asymmetric,4,2012,49,bt,0,0,18880,16,127217,127217,127218,,,,127253,127220,127235,16,1:15,127236,127251,16,1:15,127237,127252,16,1:15,,,0,,,,0,,,,0,,,,0,,1,2,15,17,1,,,,
asymmetric,4,2013,49,bt,0,16,19008,16,127256,127256,127257,,,,127292,127259,127274,16,1:15,127275,127290,16,1:15,127276,127291,16,1:15,,,0,,,,0,,,,0,,,,0,,1,2,15,17,1,,,,
asymmetric,4,2014,49,bt,1,0,19136,16,127295,127295,127296,,,,127331,127298,127313,16,1:15,127314,127329,16,1:15,127315,127330,16,1:15,,,0,,,,0,,,,0,,,,0,,1,2,15,17,1,,,,
asymmetric,4,2015,49,bt,1,16,19264,16,127334,127334,127335,,,,127370,127337,127352,16,1:15,127353,127368,16,1:15,127354,127369,16,1:15,,,0,,,,0,,,,0,,,,0,,1,2,15,17,1,,,,
asymmetric,4,2016,49,bt,2,0,19392,16,127373,127373,127374,,,,127409,127376,127391,16,1:15,127392,127407,16,1:15,127393,127408,16,1:15,,,0,,,,0,,,,0,,,,0,,1,2,15,17,1,,,,
asymmetric,4,2017,49,bt,2,16,19520,16,127412,127412,127413,,,,127448,127415,127430,16,1:15,127431,127446,16,1:15,127432,127447,16,1:15,,,0,,,,0,,,,0,,,,0,,1,2,15,17,1,,,,
asymmetric,4,2018,49,bt,3,0,19648,16,127451,127451,127452,,,,127487,127454,127469,16,1:15,127470,127485,16,1:15,127471,127486,16,1:15,,,0,,,,0,,,,0,,,,0,,1,2,15,17,1,,,,
asymmetric,4,2019,49,bt,3,16,19776,16,127490,127490,127491,,,,127526,127493,127508,16,1:15,127509,127524,16,1:15,127510,127525,16,1:15,,,0,,,,0,,,,0,,,,0,,1,2,15,17,1,,,,
asymmetric,4,2020,49,bt,4,0,19904,16,127529,127529,127530,,,,127565,127532,127547,16,1:15,127548,127563,16,1:15,127549,127564,16,1:15,,,0,,,,0,,,,0,,,,0,,1,2,15,17,1,,,,
asymmetric,4,2021,49,bt,4,16,20032,16,127568,127568,127569,,,,127604,127571,127586,16,1:15,127587,127602,16,1:15,127588,127603,16,1:15,,,0,,,,0,,,,0,,,,0,,1,2,15,17,1,,,,
asymmetric,4,2022,49,bt,5,0,20160,16,127607,127607,127608,,,,127643,127610,127625,16,1:15,127626,127641,16,1:15,127627,127642,16,1:15,,,0,,,,0,,,,0,,,,0,,1,2,15,17,1,,,,
asymmetric,4,2023,49,bt,5,16,20288,16,127646,127646,127647,,,,127682,127649,127664,16,1:15,127665,127680,16,1:15,127666,127681,16,1:15,,,0,,,,0,,,,0,,,,0,,1,2,15,17,1,,,,
asymmetric,4,2024,49,bt,6,0,20416,8,127685,127685,127686,,,,127705,127688,127695,8,1:7,127696,127703,8,1:7,127697,127704,8,1:7,,,0,,,,0,,,,0,,,,0,,1,2,7,9,1,,,,
asymmetric,4,2025,49,bt,6,8,20480,16,127708,127708,127709,,,,127744,127711,127726,16,1:15,127727,127742,16,1:15,127728,127743,16,1:15,,,0,,,,0,,,,0,,,,0,,1,2,15,17,1,,,,
asymmetric,4,2026,49,bt,6,24,20608,8,127747,127747,127748,,,,127767,127750,127757,8,1:7,127758,127765,8,1:7,127759,127766,8,1:7,,,0,,,,0,,,,0,,,,0,,1,2,7,9,1,,,,
asymmetric,4,2027,49,bt,7,0,20672,16,127770,127770,127771,,,,127806,127773,127788,16,1:15,127789,127804,16,1:15,127790,127805,16,1:15,,,0,,,,0,,,,0,,,,0,,1,2,15,17,1,,,,
asymmetric,4,2028,49,bt,7,16,20800,16,127809,127809,127810,,,,127845,127812,127827,16,1:15,127828,127843,16,1:15,127829,127844,16,1:15,,,0,,,,0,,,,0,,,,0,,1,2,15,17,1,,,,
asymmetric,4,2029,49,c,0,0,45408,4,128935,128935,,128956,128955,128961,128962,,,0,,,,0,,,,0,,128937,128952,4,5:3,128939,128954,4,5:3,128940,128955,4,5:3,128956,128959,4,1:3,,,,,,20,4,2,1
asymmetric,4,2030,49,c,1,0,45664,4,128965,128965,,128986,128985,128991,128992,,,0,,,,0,,,,0,,128967,128982,4,5:3,128969,128984,4,5:3,128970,128985,4,5:3,128986,128989,4,1:3,,,,,,20,4,2,1
asymmetric,4,2031,49,c,2,0,45920,4,128995,128995,,129016,129015,129021,129022,,,0,,,,0,,,,0,,128997,129012,4,5:3,128999,129014,4,5:3,129000,129015,4,5:3,129016,129019,4,1:3,,,,,,20,4,2,1
asymmetric,4,2032,49,c,3,0,46176,4,129025,129025,,129046,129045,129051,129052,,,0,,,,0,,,,0,,129027,129042,4,5:3,129029,129044,4,5:3,129030,129045,4,5:3,129046,129049,4,1:3,,,,,,20,4,2,1
asymmetric,4,2033,49,c,4,0,46432,4,129055,129055,,129076,129075,129081,129082,,,0,,,,0,,,,0,,129057,129072,4,5:3,129059,129074,4,5:3,129060,129075,4,5:3,129076,129079,4,1:3,,,,,,20,4,2,1
asymmetric,4,2034,49,c,5,0,46688,4,129085,129085,,129106,129105,129111,129112,,,0,,,,0,,,,0,,129087,129102,4,5:3,129089,129104,4,5:3,129090,129105,4,5:3,129106,129109,4,1:3,,,,,,20,4,2,1
asymmetric,4,2035,49,c,6,0,46944,4,129115,129115,,129136,129135,129141,129142,,,0,,,,0,,,,0,,129117,129132,4,5:3,129119,129134,4,5:3,129120,129135,4,5:3,129136,129139,4,1:3,,,,,,20,4,2,1
asymmetric,4,2036,49,c,7,0,47200,4,129145,129145,,129166,129165,129171,129172,,,0,,,,0,,,,0,,129147,129162,4,5:3,129149,129164,4,5:3,129150,129165,4,5:3,129166,129169,4,1:3,,,,,,20,4,2,1
asymmetric,4,2037,50,a,0,0,12352,16,129181,129181,129182,,,,129217,129184,129199,16,1:15,129200,129215,16,1:15,129201,129216,16,1:15,,,0,,,,0,,,,0,,,,0,,1,2,15,17,1,,,,
asymmetric,4,2038,50,a,0,16,12480,16,129220,129220,129221,,,,129256,129223,129238,16,1:15,129239,129254,16,1:15,129240,129255,16,1:15,,,0,,,,0,,,,0,,,,0,,1,2,15,17,1,,,,
asymmetric,4,2039,50,a,1,0,12608,16,129259,129259,129260,,,,129295,129262,129277,16,1:15,129278,129293,16,1:15,129279,129294,16,1:15,,,0,,,,0,,,,0,,,,0,,1,2,15,17,1,,,,
asymmetric,4,2040,50,a,1,16,12736,16,129298,129298,129299,,,,129334,129301,129316,16,1:15,129317,129332,16,1:15,129318,129333,16,1:15,,,0,,,,0,,,,0,,,,0,,1,2,15,17,1,,,,
asymmetric,4,2041,50,a,2,0,12864,16,129337,129337,129338,,,,129373,129340,129355,16,1:15,129356,129371,16,1:15,129357,129372,16,1:15,,,0,,,,0,,,,0,,,,0,,1,2,15,17,1,,,,
asymmetric,4,2042,50,a,2,16,12992,16,129376,129376,129377,,,,129412,129379,129394,16,1:15,129395,129410,16,1:15,129396,129411,16,1:15,,,0,,,,0,,,,0,,,,0,,1,2,15,17,1,,,,
asymmetric,4,2043,50,a,3,0,13120,16,129415,129415,129416,,,,129451,129418,129433,16,1:15,129434,129449,16,1:15,129435,129450,16,1:15,,,0,,,,0,,,,0,,,,0,,1,2,15,17,1,,,,
asymmetric,4,2044,50,a,3,16,13248,16,129454,129454,129455,,,,129490,129457,129472,16,1:15,129473,129488,16,1:15,129474,129489,16,1:15,,,0,,,,0,,,,0,,,,0,,1,2,15,17,1,,,,
asymmetric,4,2045,50,a,4,0,13376,16,129493,129493,129494,,,,129529,129496,129511,16,1:15,129512,129527,16,1:15,129513,129528,16,1:15,,,0,,,,0,,,,0,,,,0,,1,2,15,17,1,,,,
asymmetric,4,2046,50,a,4,16,13504,16,129532,129532,129533,,,,129568,129535,129550,16,1:15,129551,129566,16,1:15,129552,129567,16,1:15,,,0,,,,0,,,,0,,,,0,,1,2,15,17,1,,,,
asymmetric,4,2047,50,a,5,0,13632,16,129571,129571,129572,,,,129607,129574,129589,16,1:15,129590,129605,16,1:15,129591,129606,16,1:15,,,0,,,,0,,,,0,,,,0,,1,2,15,17,1,,,,
asymmetric,4,2048,50,a,5,16,13760,16,129610,129610,129611,,,,129646,129613,129628,16,1:15,129629,129644,16,1:15,129630,129645,16,1:15,,,0,,,,0,,,,0,,,,0,,1,2,15,17,1,,,,
asymmetric,4,2049,50,a,6,0,13888,16,129649,129649,129650,,,,129685,129652,129667,16,1:15,129668,129683,16,1:15,129669,129684,16,1:15,,,0,,,,0,,,,0,,,,0,,1,2,15,17,1,,,,
asymmetric,4,2050,50,a,6,16,14016,16,129688,129688,129689,,,,129724,129691,129706,16,1:15,129707,129722,16,1:15,129708,129723,16,1:15,,,0,,,,0,,,,0,,,,0,,1,2,15,17,1,,,,
asymmetric,4,2051,50,a,7,0,14144,16,129727,129727,129728,,,,129763,129730,129745,16,1:15,129746,129761,16,1:15,129747,129762,16,1:15,,,0,,,,0,,,,0,,,,0,,1,2,15,17,1,,,,
asymmetric,4,2052,50,a,7,16,14272,16,129766,129766,129767,,,,129802,129769,129784,16,1:15,129785,129800,16,1:15,129786,129801,16,1:15,,,0,,,,0,,,,0,,,,0,,1,2,15,17,1,,,,
asymmetric,4,2053,50,bt,0,0,20928,16,129810,129810,129811,,,,129846,129813,129828,16,1:15,129829,129844,16,1:15,129830,129845,16,1:15,,,0,,,,0,,,,0,,,,0,,1,2,15,17,1,,,,
asymmetric,4,2054,50,bt,0,16,21056,16,129849,129849,129850,,,,129885,129852,129867,16,1:15,129868,129883,16,1:15,129869,129884,16,1:15,,,0,,,,0,,,,0,,,,0,,1,2,15,17,1,,,,
asymmetric,4,2055,50,bt,1,0,21184,16,129888,129888,129889,,,,129924,129891,129906,16,1:15,129907,129922,16,1:15,129908,129923,16,1:15,,,0,,,,0,,,,0,,,,0,,1,2,15,17,1,,,,
asymmetric,4,2056,50,bt,1,16,21312,16,129927,129927,129928,,,,129963,129930,129945,16,1:15,129946,129961,16,1:15,129947,129962,16,1:15,,,0,,,,0,,,,0,,,,0,,1,2,15,17,1,,,,
asymmetric,4,2057,50,bt,2,0,21440,16,129966,129966,129967,,,,130002,129969,129984,16,1:15,129985,130000,16,1:15,129986,130001,16,1:15,,,0,,,,0,,,,0,,,,0,,1,2,15,17,1,,,,
asymmetric,4,2058,50,bt,2,16,21568,16,130005,130005,130006,,,,130041,130008,130023,16,1:15,130024,130039,16,1:15,130025,130040,16,1:15,,,0,,,,0,,,,0,,,,0,,1,2,15,17,1,,,,
asymmetric,4,2059,50,bt,3,0,21696,16,130044,130044,130045,,,,130080,130047,130062,16,1:15,130063,130078,16,1:15,130064,130079,16,1:15,,,0,,,,0,,,,0,,,,0,,1,2,15,17,1,,,,
asymmetric,4,2060,50,bt,3,16,21824,16,130083,130083,130084,,,,130119,130086,130101,16,1:15,130102,130117,16,1:15,130103,130118,16,1:15,,,0,,,,0,,,,0,,,,0,,1,2,15,17,1,,,,
asymmetric,4,2061,50,bt,4,0,21952,16,130122,130122,130123,,,,130158,130125,130140,16,1:15,130141,130156,16,1:15,130142,130157,16,1:15,,,0,,,,0,,,,0,,,,0,,1,2,15,17,1,,,,
asymmetric,4,2062,50,bt,4,16,22080,16,130161,130161,130162,,,,130197,130164,130179,16,1:15,130180,130195,16,1:15,130181,130196,16,1:15,,,0,,,,0,,,,0,,,,0,,1,2,15,17,1,,,,
asymmetric,4,2063,50,bt,5,0,22208,16,130200,130200,130201,,,,130236,130203,130218,16,1:15,130219,130234,16,1:15,130220,130235,16,1:15,,,0,,,,0,,,,0,,,,0,,1,2,15,17,1,,,,
asymmetric,4,2064,50,bt,5,16,22336,16,130239,130239,130240,,,,130275,130242,130257,16,1:15,130258,130273,16,1:15,130259,130274,16,1:15,,,0,,,,0,,,,0,,,,0,,1,2,15,17,1,,,,
asymmetric,4,2065,50,bt,6,0,22464,16,130278,130278,130279,,,,130314,130281,130296,16,1:15,130297,130312,16,1:15,130298,130313,16,1:15,,,0,,,,0,,,,0,,,,0,,1,2,15,17,1,,,,
asymmetric,4,2066,50,bt,6,16,22592,16,130317,130317,130318,,,,130353,130320,130335,16,1:15,130336,130351,16,1:15,130337,130352,16,1:15,,,0,,,,0,,,,0,,,,0,,1,2,15,17,1,,,,
asymmetric,4,2067,50,bt,7,0,22720,16,130356,130356,130357,,,,130392,130359,130374,16,1:15,130375,130390,16,1:15,130376,130391,16,1:15,,,0,,,,0,,,,0,,,,0,,1,2,15,17,1,,,,
asymmetric,4,2068,50,bt,7,16,22848,16,130395,130395,130396,,,,130431,130398,130413,16,1:15,130414,130429,16,1:15,130415,130430,16,1:15,,,0,,,,0,,,,0,,,,0,,1,2,15,17,1,,,,
asymmetric,4,2069,50,c,0,0,45440,4,131521,131521,,131542,131541,131547,131548,,,0,,,,0,,,,0,,131523,131538,4,5:3,131525,131540,4,5:3,131526,131541,4,5:3,131542,131545,4,1:3,,,,,,20,4,2,1
asymmetric,4,2070,50,c,1,0,45696,4,131551,131551,,131572,131571,131577,131578,,,0,,,,0,,,,0,,131553,131568,4,5:3,131555,131570,4,5:3,131556,131571,4,5:3,131572,131575,4,1:3,,,,,,20,4,2,1
asymmetric,4,2071,50,c,2,0,45952,4,131581,131581,,131602,131601,131607,131608,,,0,,,,0,,,,0,,131583,131598,4,5:3,131585,131600,4,5:3,131586,131601,4,5:3,131602,131605,4,1:3,,,,,,20,4,2,1
asymmetric,4,2072,50,c,3,0,46208,4,131611,131611,,131632,131631,131637,131638,,,0,,,,0,,,,0,,131613,131628,4,5:3,131615,131630,4,5:3,131616,131631,4,5:3,131632,131635,4,1:3,,,,,,20,4,2,1
asymmetric,4,2073,50,c,4,0,46464,4,131641,131641,,131662,131661,131667,131668,,,0,,,,0,,,,0,,131643,131658,4,5:3,131645,131660,4,5:3,131646,131661,4,5:3,131662,131665,4,1:3,,,,,,20,4,2,1
asymmetric,4,2074,50,c,5,0,46720,4,131671,131671,,131692,131691,131697,131698,,,0,,,,0,,,,0,,131673,131688,4,5:3,131675,131690,4,5:3,131676,131691,4,5:3,131692,131695,4,1:3,,,,,,20,4,2,1
asymmetric,4,2075,50,c,6,0,46976,4,131701,131701,,131722,131721,131727,131728,,,0,,,,0,,,,0,,131703,131718,4,5:3,131705,131720,4,5:3,131706,131721,4,5:3,131722,131725,4,1:3,,,,,,20,4,2,1
asymmetric,4,2076,50,c,7,0,47232,4,131731,131731,,131752,131751,131757,131758,,,0,,,,0,,,,0,,131733,131748,4,5:3,131735,131750,4,5:3,131736,131751,4,5:3,131752,131755,4,1:3,,,,,,20,4,2,1
asymmetric,4,2077,51,a,0,0,12352,16,131767,131767,131768,,,,131803,131770,131785,16,1:15,131786,131801,16,1:15,131787,131802,16,1:15,,,0,,,,0,,,,0,,,,0,,1,2,15,17,1,,,,
asymmetric,4,2078,51,a,0,16,12480,16,131806,131806,131807,,,,131842,131809,131824,16,1:15,131825,131840,16,1:15,131826,131841,16,1:15,,,0,,,,0,,,,0,,,,0,,1,2,15,17,1,,,,
asymmetric,4,2079,51,a,1,0,12608,16,131845,131845,131846,,,,131881,131848,131863,16,1:15,131864,131879,16,1:15,131865,131880,16,1:15,,,0,,,,0,,,,0,,,,0,,1,2,15,17,1,,,,
asymmetric,4,2080,51,a,1,16,12736,16,131884,131884,131885,,,,131920,131887,131902,16,1:15,131903,131918,16,1:15,131904,131919,16,1:15,,,0,,,,0,,,,0,,,,0,,1,2,15,17,1,,,,
asymmetric,4,2081,51,a,2,0,12864,16,131923,131923,131924,,,,131959,131926,131941,16,1:15,131942,131957,16,1:15,131943,131958,16,1:15,,,0,,,,0,,,,0,,,,0,,1,2,15,17,1,,,,
asymmetric,4,2082,51,a,2,16,12992,16,131962,131962,131963,,,,131998,131965,131980,16,1:15,131981,131996,16,1:15,131982,131997,16,1:15,,,0,,,,0,,,,0,,,,0,,1,2,15,17,1,,,,
asymmetric,4,2083,51,a,3,0,13120,16,132001,132001,132002,,,,132037,132004,132019,16,1:15,132020,132035,16,1:15,132021,132036,16,1:15,,,0,,,,0,,,,0,,,,0,,1,2,15,17,1,,,,
asymmetric,4,2084,51,a,3,16,13248,16,132040,132040,132041,,,,132076,132043,132058,16,1:15,132059,132074,16,1:15,132060,132075,16,1:15,,,0,,,,0,,,,0,,,,0,,1,2,15,17,1,,,,
asymmetric,4,2085,51,a,4,0,13376,16,132079,132079,132080,,,,132115,132082,132097,16,1:15,132098,132113,16,1:15,132099,132114,16,1:15,,,0,,,,0,,,,0,,,,0,,1,2,15,17,1,,,,
asymmetric,4,2086,51,a,4,16,13504,16,132118,132118,132119,,,,132154,132121,132136,16,1:15,132137,132152,16,1:15,132138,132153,16,1:15,,,0,,,,0,,,,0,,,,0,,1,2,15,17,1,,,,
asymmetric,4,2087,51,a,5,0,13632,16,132157,132157,132158,,,,132193,132160,132175,16,1:15,132176,132191,16,1:15,132177,132192,16,1:15,,,0,,,,0,,,,0,,,,0,,1,2,15,17,1,,,,
asymmetric,4,2088,51,a,5,16,13760,16,132196,132196,132197,,,,132232,132199,132214,16,1:15,132215,132230,16,1:15,132216,132231,16,1:15,,,0,,,,0,,,,0,,,,0,,1,2,15,17,1,,,,
asymmetric,4,2089,51,a,6,0,13888,16,132235,132235,132236,,,,132271,132238,132253,16,1:15,132254,132269,16,1:15,132255,132270,16,1:15,,,0,,,,0,,,,0,,,,0,,1,2,15,17,1,,,,
asymmetric,4,2090,51,a,6,16,14016,16,132274,132274,132275,,,,132310,132277,132292,16,1:15,132293,132308,16,1:15,132294,132309,16,1:15,,,0,,,,0,,,,0,,,,0,,1,2,15,17,1,,,,
asymmetric,4,2091,51,a,7,0,14144,16,132313,132313,132314,,,,132349,132316,132331,16,1:15,132332,132347,16,1:15,132333,132348,16,1:15,,,0,,,,0,,,,0,,,,0,,1,2,15,17,1,,,,
asymmetric,4,2092,51,a,7,16,14272,16,132352,132352,132353,,,,132388,132355,132370,16,1:15,132371,132386,16,1:15,132372,132387,16,1:15,,,0,,,,0,,,,0,,,,0,,1,2,15,17,1,,,,
asymmetric,4,2093,51,bt,0,0,22976,16,132396,132396,132397,,,,132432,132399,132414,16,1:15,132415,132430,16,1:15,132416,132431,16,1:15,,,0,,,,0,,,,0,,,,0,,1,2,15,17,1,,,,
asymmetric,4,2094,51,bt,0,16,23104,16,132435,132435,132436,,,,132471,132438,132453,16,1:15,132454,132469,16,1:15,132455,132470,16,1:15,,,0,,,,0,,,,0,,,,0,,1,2,15,17,1,,,,
asymmetric,4,2095,51,bt,1,0,23232,16,132474,132474,132475,,,,132510,132477,132492,16,1:15,132493,132508,16,1:15,132494,132509,16,1:15,,,0,,,,0,,,,0,,,,0,,1,2,15,17,1,,,,
asymmetric,4,2096,51,bt,1,16,23360,16,132513,132513,132514,,,,132549,132516,132531,16,1:15,132532,132547,16,1:15,132533,132548,16,1:15,,,0,,,,0,,,,0,,,,0,,1,2,15,17,1,,,,
asymmetric,4,2097,51,bt,2,0,23488,16,132552,132552,132553,,,,132588,132555,132570,16,1:15,132571,132586,16,1:15,132572,132587,16,1:15,,,0,,,,0,,,,0,,,,0,,1,2,15,17,1,,,,
asymmetric,4,2098,51,bt,2,16,23616,16,132591,132591,132592,,,,132627,132594,132609,16,1:15,132610,132625,16,1:15,132611,132626,16,1:15,,,0,,,,0,,,,0,,,,0,,1,2,15,17,1,,,,
asymmetric,4,2099,51,bt,3,0,23744,16,132630,132630,132631,,,,132666,132633,132648,16,1:15,132649,132664,16,1:15,132650,132665,16,1:15,,,0,,,,0,,,,0,,,,0,,1,2,15,17,1,,,,
asymmetric,4,2100,51,bt,3,16,23872,16,132669,132669,132670,,,,132705,132672,132687,16,1:15,132688,132703,16,1:15,132689,132704,16,1:15,,,0,,,,0,,,,0,,,,0,,1,2,15,17,1,,,,
asymmetric,4,2101,51,bt,4,0,24000,16,132708,132708,132709,,,,132744,132711,132726,16,1:15,132727,132742,16,1:15,132728,132743,16,1:15,,,0,,,,0,,,,0,,,,0,,1,2,15,17,1,,,,
asymmetric,4,2102,51,bt,4,16,24128,16,132747,132747,132748,,,,132783,132750,132765,16,1:15,132766,132781,16,1:15,132767,132782,16,1:15,,,0,,,,0,,,,0,,,,0,,1,2,15,17,1,,,,
asymmetric,4,2103,51,bt,5,0,24256,16,132786,132786,132787,,,,132822,132789,132804,16,1:15,132805,132820,16,1:15,132806,132821,16,1:15,,,0,,,,0,,,,0,,,,0,,1,2,15,17,1,,,,
asymmetric,4,2104,51,bt,5,16,24384,16,132825,132825,132826,,,,132861,132828,132843,16,1:15,132844,132859,16,1:15,132845,132860,16,1:15,,,0,,,,0,,,,0,,,,0,,1,2,15,17,1,,,,
asymmetric,4,2105,51,bt,6,0,24512,8,132864,132864,132865,,,,132884,132867,132874,8,1:7,132875,132882,8,1:7,132876,132883,8,1:7,,,0,,,,0,,,,0,,,,0,,1,2,7,9,1,,,,
asymmetric,4,2106,51,bt,6,8,24576,16,132887,132887,132888,,,,132923,132890,132905,16,1:15,132906,132921,16,1:15,132907,132922,16,1:15,,,0,,,,0,,,,0,,,,0,,1,2,15,17,1,,,,
asymmetric,4,2107,51,bt,6,24,24704,8,132926,132926,132927,,,,132946,132929,132936,8,1:7,132937,132944,8,1:7,132938,132945,8,1:7,,,0,,,,0,,,,0,,,,0,,1,2,7,9,1,,,,
asymmetric,4,2108,51,bt,7,0,24768,16,132949,132949,132950,,,,132985,132952,132967,16,1:15,132968,132983,16,1:15,132969,132984,16,1:15,,,0,,,,0,,,,0,,,,0,,1,2,15,17,1,,,,
asymmetric,4,2109,51,bt,7,16,24896,16,132988,132988,132989,,,,133024,132991,133006,16,1:15,133007,133022,16,1:15,133008,133023,16,1:15,,,0,,,,0,,,,0,,,,0,,1,2,15,17,1,,,,
asymmetric,4,2110,51,c,0,0,45472,4,134114,134114,,134135,134134,134140,134141,,,0,,,,0,,,,0,,134116,134131,4,5:3,134118,134133,4,5:3,134119,134134,4,5:3,134135,134138,4,1:3,,,,,,20,4,2,1
asymmetric,4,2111,51,c,1,0,45728,4,134144,134144,,134165,134164,134170,134171,,,0,,,,0,,,,0,,134146,134161,4,5:3,134148,134163,4,5:3,134149,134164,4,5:3,134165,134168,4,1:3,,,,,,20,4,2,1
asymmetric,4,2112,51,c,2,0,45984,4,134174,134174,,134195,134194,134200,134201,,,0,,,,0,,,,0,,134176,134191,4,5:3,134178,134193,4,5:3,134179,134194,4,5:3,134195,134198,4,1:3,,,,,,20,4,2,1
asymmetric,4,2113,51,c,3,0,46240,4,134204,134204,,134225,134224,134230,134231,,,0,,,,0,,,,0,,134206,134221,4,5:3,134208,134223,4,5:3,134209,134224,4,5:3,134225,134228,4,1:3,,,,,,20,4,2,1
asymmetric,4,2114,51,c,4,0,46496,4,134234,134234,,134255,134254,134260,134261,,,0,,,,0,,,,0,,134236,134251,4,5:3,134238,134253,4,5:3,134239,134254,4,5:3,134255,134258,4,1:3,,,,,,20,4,2,1
asymmetric,4,2115,51,c,5,0,46752,4,134264,134264,,134285,134284,134290,134291,,,0,,,,0,,,,0,,134266,134281,4,5:3,134268,134283,4,5:3,134269,134284,4,5:3,134285,134288,4,1:3,,,,,,20,4,2,1
asymmetric,4,2116,51,c,6,0,47008,4,134294,134294,,134315,134314,134320,134321,,,0,,,,0,,,,0,,134296,134311,4,5:3,134298,134313,4,5:3,134299,134314,4,5:3,134315,134318,4,1:3,,,,,,20,4,2,1
asymmetric,4,2117,51,c,7,0,47264,4,134324,134324,,134345,134344,134350,134351,,,0,,,,0,,,,0,,134326,134341,4,5:3,134328,134343,4,5:3,134329,134344,4,5:3,134345,134348,4,1:3,,,,,,20,4,2,1
asymmetric,4,2118,52,a,0,0,12352,16,134360,134360,134361,,,,134396,134363,134378,16,1:15,134379,134394,16,1:15,134380,134395,16,1:15,,,0,,,,0,,,,0,,,,0,,1,2,15,17,1,,,,
asymmetric,4,2119,52,a,0,16,12480,16,134399,134399,134400,,,,134435,134402,134417,16,1:15,134418,134433,16,1:15,134419,134434,16,1:15,,,0,,,,0,,,,0,,,,0,,1,2,15,17,1,,,,
asymmetric,4,2120,52,a,1,0,12608,16,134438,134438,134439,,,,134474,134441,134456,16,1:15,134457,134472,16,1:15,134458,134473,16,1:15,,,0,,,,0,,,,0,,,,0,,1,2,15,17,1,,,,
asymmetric,4,2121,52,a,1,16,12736,16,134477,134477,134478,,,,134513,134480,134495,16,1:15,134496,134511,16,1:15,134497,134512,16,1:15,,,0,,,,0,,,,0,,,,0,,1,2,15,17,1,,,,
asymmetric,4,2122,52,a,2,0,12864,16,134516,134516,134517,,,,134552,134519,134534,16,1:15,134535,134550,16,1:15,134536,134551,16,1:15,,,0,,,,0,,,,0,,,,0,,1,2,15,17,1,,,,
asymmetric,4,2123,52,a,2,16,12992,16,134555,134555,134556,,,,134591,134558,134573,16,1:15,134574,134589,16,1:15,134575,134590,16,1:15,,,0,,,,0,,,,0,,,,0,,1,2,15,17,1,,,,
asymmetric,4,2124,52,a,3,0,13120,16,134594,134594,134595,,,,134630,134597,134612,16,1:15,134613,134628,16,1:15,134614,134629,16,1:15,,,0,,,,0,,,,0,,,,0,,1,2,15,17,1,,,,
asymmetric,4,2125,52,a,3,16,13248,16,134633,134633,134634,,,,134669,134636,134651,16,1:15,134652,134667,16,1:15,134653,134668,16,1:15,,,0,,,,0,,,,0,,,,0,,1,2,15,17,1,,,,
asymmetric,4,2126,52,a,4,0,13376,16,134672,134672,134673,,,,134708,134675,134690,16,1:15,134691,134706,16,1:15,134692,134707,16,1:15,,,0,,,,0,,,,0,,,,0,,1,2,15,17,1,,,,
asymmetric,4,2127,52,a,4,16,13504,16,134711,134711,134712,,,,134747,134714,134729,16,1:15,134730,134745,16,1:15,134731,134746,16,1:15,,,0,,,,0,,,,0,,,,0,,1,2,15,17,1,,,,
asymmetric,4,2128,52,a,5,0,13632,16,134750,134750,134751,,,,134786,134753,134768,16,1:15,134769,134784,16,1:15,134770,134785,16,1:15,,,0,,,,0,,,,0,,,,0,,1,2,15,17,1,,,,
asymmetric,4,2129,52,a,5,16,13760,16,134789,134789,134790,,,,134825,134792,134807,16,1:15,134808,134823,16,1:15,134809,134824,16,1:15,,,0,,,,0,,,,0,,,,0,,1,2,15,17,1,,,,
asymmetric,4,2130,52,a,6,0,13888,16,134828,134828,134829,,,,134864,134831,134846,16,1:15,134847,134862,16,1:15,134848,134863,16,1:15,,,0,,,,0,,,,0,,,,0,,1,2,15,17,1,,,,
asymmetric,4,2131,52,a,6,16,14016,16,134867,134867,134868,,,,134903,134870,134885,16,1:15,134886,134901,16,1:15,134887,134902,16,1:15,,,0,,,,0,,,,0,,,,0,,1,2,15,17,1,,,,
asymmetric,4,2132,52,a,7,0,14144,16,134906,134906,134907,,,,134942,134909,134924,16,1:15,134925,134940,16,1:15,134926,134941,16,1:15,,,0,,,,0,,,,0,,,,0,,1,2,15,17,1,,,,
asymmetric,4,2133,52,a,7,16,14272,16,134945,134945,134946,,,,134981,134948,134963,16,1:15,134964,134979,16,1:15,134965,134980,16,1:15,,,0,,,,0,,,,0,,,,0,,1,2,15,17,1,,,,
asymmetric,4,2134,52,bt,0,0,25024,16,134989,134989,134990,,,,135025,134992,135007,16,1:15,135008,135023,16,1:15,135009,135024,16,1:15,,,0,,,,0,,,,0,,,,0,,1,2,15,17,1,,,,
asymmetric,4,2135,52,bt,0,16,25152,16,135028,135028,135029,,,,135064,135031,135046,16,1:15,135047,135062,16,1:15,135048,135063,16,1:15,,,0,,,,0,,,,0,,,,0,,1,2,15,17,1,,,,
asymmetric,4,2136,52,bt,1,0,25280,16,135067,135067,135068,,,,135103,135070,135085,16,1:15,135086,135101,16,1:15,135087,135102,16,1:15,,,0,,,,0,,,,0,,,,0,,1,2,15,17,1,,,,
asymmetric,4,2137,52,bt,1,16,25408,16,135106,135106,135107,,,,135142,135109,135124,16,1:15,135125,135140,16,1:15,135126,135141,16,1:15,,,0,,,,0,,,,0,,,,0,,1,2,15,17,1,,,,
asymmetric,4,2138,52,bt,2,0,25536,16,135145,135145,135146,,,,135181,135148,135163,16,1:15,135164,135179,16,1:15,135165,135180,16,1:15,,,0,,,,0,,,,0,,,,0,,1,2,15,17,1,,,,
asymmetric,4,2139,52,bt,2,16,25664,16,135184,135184,135185,,,,135220,135187,135202,16,1:15,135203,135218,16,1:15,135204,135219,16,1:15,,,0,,,,0,,,,0,,,,0,,1,2,15,17,1,,,,
asymmetric,4,2140,52,bt,3,0,25792,16,135223,135223,135224,,,,135259,135226,135241,16,1:15,135242,135257,16,1:15,135243,135258,16,1:15,,,0,,,,0,,,,0,,,,0,,1,2,15,17,1,,,,
asymmetric,4,2141,52,bt,3,16,25920,16,135262,135262,135263,,,,135298,135265,135280,16,1:15,135281,135296,16,1:15,135282,135297,16,1:15,,,0,,,,0,,,,0,,,,0,,1,2,15,17,1,,,,
asymmetric,4,2142,52,bt,4,0,26048,16,135301,135301,135302,,,,135337,135304,135319,16,1:15,135320,135335,16,1:15,135321,135336,16,1:15,,,0,,,,0,,,,0,,,,0,,1,2,15,17,1,,,,
asymmetric,4,2143,52,bt,4,16,26176,16,135340,135340,135341,,,,135376,135343,135358,16,1:15,135359,135374,16,1:15,135360,135375,16,1:15,,,0,,,,0,,,,0,,,,0,,1,2,15,17,1,,,,
asymmetric,4,2144,52,bt,5,0,26304,16,135379,135379,135380,,,,135415,135382,135397,16,1:15,135398,135413,16,1:15,135399,135414,16,1:15,,,0,,,,0,,,,0,,,,0,,1,2,15,17,1,,,,
asymmetric,4,2145,52,bt,5,16,26432,16,135418,135418,135419,,,,135454,135421,135436,16,1:15,135437,135452,16,1:15,135438,135453,16,1:15,,,0,,,,0,,,,0,,,,0,,1,2,15,17,1,,,,
asymmetric,4,2146,52,bt,6,0,26560,16,135457,135457,135458,,,,135493,135460,135475,16,1:15,135476,135491,16,1:15,135477,135492,16,1:15,,,0,,,,0,,,,0,,,,0,,1,2,15,17,1,,,,
asymmetric,4,2147,52,bt,6,16,26688,16,135496,135496,135497,,,,135532,135499,135514,16,1:15,135515,135530,16,1:15,135516,135531,16,1:15,,,0,,,,0,,,,0,,,,0,,1,2,15,17,1,,,,
asymmetric,4,2148,52,bt,7,0,26816,16,135535,135535,135536,,,,135571,135538,135553,16,1:15,135554,135569,16,1:15,135555,135570,16,1:15,,,0,,,,0,,,,0,,,,0,,1,2,15,17,1,,,,
asymmetric,4,2149,52,bt,7,16,26944,16,135574,135574,135575,,,,135610,135577,135592,16,1:15,135593,135608,16,1:15,135594,135609,16,1:15,,,0,,,,0,,,,0,,,,0,,1,2,15,17,1,,,,
asymmetric,4,2150,52,c,0,0,45504,4,136700,136700,,136721,136720,136726,136727,,,0,,,,0,,,,0,,136702,136717,4,5:3,136704,136719,4,5:3,136705,136720,4,5:3,136721,136724,4,1:3,,,,,,20,4,2,1
asymmetric,4,2151,52,c,1,0,45760,4,136730,136730,,136751,136750,136756,136757,,,0,,,,0,,,,0,,136732,136747,4,5:3,136734,136749,4,5:3,136735,136750,4,5:3,136751,136754,4,1:3,,,,,,20,4,2,1
asymmetric,4,2152,52,c,2,0,46016,4,136760,136760,,136781,136780,136786,136787,,,0,,,,0,,,,0,,136762,136777,4,5:3,136764,136779,4,5:3,136765,136780,4,5:3,136781,136784,4,1:3,,,,,,20,4,2,1
asymmetric,4,2153,52,c,3,0,46272,4,136790,136790,,136811,136810,136816,136817,,,0,,,,0,,,,0,,136792,136807,4,5:3,136794,136809,4,5:3,136795,136810,4,5:3,136811,136814,4,1:3,,,,,,20,4,2,1
asymmetric,4,2154,52,c,4,0,46528,4,136820,136820,,136841,136840,136846,136847,,,0,,,,0,,,,0,,136822,136837,4,5:3,136824,136839,4,5:3,136825,136840,4,5:3,136841,136844,4,1:3,,,,,,20,4,2,1
asymmetric,4,2155,52,c,5,0,46784,4,136850,136850,,136871,136870,136876,136877,,,0,,,,0,,,,0,,136852,136867,4,5:3,136854,136869,4,5:3,136855,136870,4,5:3,136871,136874,4,1:3,,,,,,20,4,2,1
asymmetric,4,2156,52,c,6,0,47040,4,136880,136880,,136901,136900,136906,136907,,,0,,,,0,,,,0,,136882,136897,4,5:3,136884,136899,4,5:3,136885,136900,4,5:3,136901,136904,4,1:3,,,,,,20,4,2,1
asymmetric,4,2157,52,c,7,0,47296,4,136910,136910,,136931,136930,136936,136937,,,0,,,,0,,,,0,,136912,136927,4,5:3,136914,136929,4,5:3,136915,136930,4,5:3,136931,136934,4,1:3,,,,,,20,4,2,1
asymmetric,4,2158,53,a,0,0,12352,16,136946,136946,136947,,,,136982,136949,136964,16,1:15,136965,136980,16,1:15,136966,136981,16,1:15,,,0,,,,0,,,,0,,,,0,,1,2,15,17,1,,,,
asymmetric,4,2159,53,a,0,16,12480,16,136985,136985,136986,,,,137021,136988,137003,16,1:15,137004,137019,16,1:15,137005,137020,16,1:15,,,0,,,,0,,,,0,,,,0,,1,2,15,17,1,,,,
asymmetric,4,2160,53,a,1,0,12608,16,137024,137024,137025,,,,137060,137027,137042,16,1:15,137043,137058,16,1:15,137044,137059,16,1:15,,,0,,,,0,,,,0,,,,0,,1,2,15,17,1,,,,
asymmetric,4,2161,53,a,1,16,12736,16,137063,137063,137064,,,,137099,137066,137081,16,1:15,137082,137097,16,1:15,137083,137098,16,1:15,,,0,,,,0,,,,0,,,,0,,1,2,15,17,1,,,,
asymmetric,4,2162,53,a,2,0,12864,16,137102,137102,137103,,,,137138,137105,137120,16,1:15,137121,137136,16,1:15,137122,137137,16,1:15,,,0,,,,0,,,,0,,,,0,,1,2,15,17,1,,,,
asymmetric,4,2163,53,a,2,16,12992,16,137141,137141,137142,,,,137177,137144,137159,16,1:15,137160,137175,16,1:15,137161,137176,16,1:15,,,0,,,,0,,,,0,,,,0,,1,2,15,17,1,,,,
asymmetric,4,2164,53,a,3,0,13120,16,137180,137180,137181,,,,137216,137183,137198,16,1:15,137199,137214,16,1:15,137200,137215,16,1:15,,,0,,,,0,,,,0,,,,0,,1,2,15,17,1,,,,
asymmetric,4,2165,53,a,3,16,13248,16,137219,137219,137220,,,,137255,137222,137237,16,1:15,137238,137253,16,1:15,137239,137254,16,1:15,,,0,,,,0,,,,0,,,,0,,1,2,15,17,1,,,,
asymmetric,4,2166,53,a,4,0,13376,16,137258,137258,137259,,,,137294,137261,137276,16,1:15,137277,137292,16,1:15,137278,137293,16,1:15,,,0,,,,0,,,,0,,,,0,,1,2,15,17,1,,,,
asymmetric,4,2167,53,a,4,16,13504,16,137297,137297,137298,,,,137333,137300,137315,16,1:15,137316,137331,16,1:15,137317,137332,16,1:15,,,0,,,,0,,,,0,,,,0,,1,2,15,17,1,,,,
asymmetric,4,2168,53,a,5,0,13632,16,137336,137336,137337,,,,137372,137339,137354,16,1:15,137355,137370,16,1:15,137356,137371,16,1:15,,,0,,,,0,,,,0,,,,0,,1,2,15,17,1,,,,
asymmetric,4,2169,53,a,5,16,13760,16,137375,137375,137376,,,,137411,137378,137393,16,1:15,137394,137409,16,1:15,137395,137410,16,1:15,,,0,,,,0,,,,0,,,,0,,1,2,15,17,1,,,,
asymmetric,4,2170,53,a,6,0,13888,16,137414,137414,137415,,,,137450,137417,137432,16,1:15,137433,137448,16,1:15,137434,137449,16,1:15,,,0,,,,0,,,,0,,,,0,,1,2,15,17,1,,,,
asymmetric,4,2171,53,a,6,16,14016,16,137453,137453,137454,,,,137489,137456,137471,16,1:15,137472,137487,16,1:15,137473,137488,16,1:15,,,0,,,,0,,,,0,,,,0,,1,2,15,17,1,,,,
asymmetric,4,2172,53,a,7,0,14144,16,137492,137492,137493,,,,137528,137495,137510,16,1:15,137511,137526,16,1:15,137512,137527,16,1:15,,,0,,,,0,,,,0,,,,0,,1,2,15,17,1,,,,
asymmetric,4,2173,53,a,7,16,14272,16,137531,137531,137532,,,,137567,137534,137549,16,1:15,137550,137565,16,1:15,137551,137566,16,1:15,,,0,,,,0,,,,0,,,,0,,1,2,15,17,1,,,,
asymmetric,4,2174,53,bt,0,0,27072,16,137575,137575,137576,,,,137611,137578,137593,16,1:15,137594,137609,16,1:15,137595,137610,16,1:15,,,0,,,,0,,,,0,,,,0,,1,2,15,17,1,,,,
asymmetric,4,2175,53,bt,0,16,27200,16,137614,137614,137615,,,,137650,137617,137632,16,1:15,137633,137648,16,1:15,137634,137649,16,1:15,,,0,,,,0,,,,0,,,,0,,1,2,15,17,1,,,,
asymmetric,4,2176,53,bt,1,0,27328,16,137653,137653,137654,,,,137689,137656,137671,16,1:15,137672,137687,16,1:15,137673,137688,16,1:15,,,0,,,,0,,,,0,,,,0,,1,2,15,17,1,,,,
asymmetric,4,2177,53,bt,1,16,27456,16,137692,137692,137693,,,,137728,137695,137710,16,1:15,137711,137726,16,1:15,137712,137727,16,1:15,,,0,,,,0,,,,0,,,,0,,1,2,15,17,1,,,,
asymmetric,4,2178,53,bt,2,0,27584,16,137731,137731,137732,,,,137767,137734,137749,16,1:15,137750,137765,16,1:15,137751,137766,16,1:15,,,0,,,,0,,,,0,,,,0,,1,2,15,17,1,,,,
asymmetric,4,2179,53,bt,2,16,27712,16,137770,137770,137771,,,,137806,137773,137788,16,1:15,137789,137804,16,1:15,137790,137805,16,1:15,,,0,,,,0,,,,0,,,,0,,1,2,15,17,1,,,,
asymmetric,4,2180,53,bt,3,0,27840,16,137809,137809,137810,,,,137845,137812,137827,16,1:15,137828,137843,16,1:15,137829,137844,16,1:15,,,0,,,,0,,,,0,,,,0,,1,2,15,17,1,,,,
asymmetric,4,2181,53,bt,3,16,27968,16,137848,137848,137849,,,,137884,137851,137866,16,1:15,137867,137882,16,1:15,137868,137883,16,1:15,,,0,,,,0,,,,0,,,,0,,1,2,15,17,1,,,,
asymmetric,4,2182,53,bt,4,0,28096,16,137887,137887,137888,,,,137923,137890,137905,16,1:15,137906,137921,16,1:15,137907,137922,16,1:15,,,0,,,,0,,,,0,,,,0,,1,2,15,17,1,,,,
asymmetric,4,2183,53,bt,4,16,28224,16,137926,137926,137927,,,,137962,137929,137944,16,1:15,137945,137960,16,1:15,137946,137961,16,1:15,,,0,,,,0,,,,0,,,,0,,1,2,15,17,1,,,,
asymmetric,4,2184,53,bt,5,0,28352,16,137965,137965,137966,,,,138001,137968,137983,16,1:15,137984,137999,16,1:15,137985,138000,16,1:15,,,0,,,,0,,,,0,,,,0,,1,2,15,17,1,,,,
asymmetric,4,2185,53,bt,5,16,28480,16,138004,138004,138005,,,,138040,138007,138022,16,1:15,138023,138038,16,1:15,138024,138039,16,1:15,,,0,,,,0,,,,0,,,,0,,1,2,15,17,1,,,,
asymmetric,4,2186,53,bt,6,0,28608,8,138043,138043,138044,,,,138063,138046,138053,8,1:7,138054,138061,8,1:7,138055,138062,8,1:7,,,0,,,,0,,,,0,,,,0,,1,2,7,9,1,,,,
asymmetric,4,2187,53,bt,6,8,28672,16,138066,138066,138067,,,,138102,138069,138084,16,1:15,138085,138100,16,1:15,138086,138101,16,1:15,,,0,,,,0,,,,0,,,,0,,1,2,15,17,1,,,,
asymmetric,4,2188,53,bt,6,24,28800,8,138105,138105,138106,,,,138125,138108,138115,8,1:7,138116,138123,8,1:7,138117,138124,8,1:7,,,0,,,,0,,,,0,,,,0,,1,2,7,9,1,,,,
asymmetric,4,2189,53,bt,7,0,28864,16,138128,138128,138129,,,,138164,138131,138146,16,1:15,138147,138162,16,1:15,138148,138163,16,1:15,,,0,,,,0,,,,0,,,,0,,1,2,15,17,1,,,,
asymmetric,4,2190,53,bt,7,16,28992,16,138167,138167,138168,,,,138203,138170,138185,16,1:15,138186,138201,16,1:15,138187,138202,16,1:15,,,0,,,,0,,,,0,,,,0,,1,2,15,17,1,,,,
asymmetric,4,2191,53,c,0,0,45536,4,139293,139293,,139314,139313,139319,139320,,,0,,,,0,,,,0,,139295,139310,4,5:3,139297,139312,4,5:3,139298,139313,4,5:3,139314,139317,4,1:3,,,,,,20,4,2,1
asymmetric,4,2192,53,c,1,0,45792,4,139323,139323,,139344,139343,139349,139350,,,0,,,,0,,,,0,,139325,139340,4,5:3,139327,139342,4,5:3,139328,139343,4,5:3,139344,139347,4,1:3,,,,,,20,4,2,1
asymmetric,4,2193,53,c,2,0,46048,4,139353,139353,,139374,139373,139379,139380,,,0,,,,0,,,,0,,139355,139370,4,5:3,139357,139372,4,5:3,139358,139373,4,5:3,139374,139377,4,1:3,,,,,,20,4,2,1
asymmetric,4,2194,53,c,3,0,46304,4,139383,139383,,139404,139403,139409,139410,,,0,,,,0,,,,0,,139385,139400,4,5:3,139387,139402,4,5:3,139388,139403,4,5:3,139404,139407,4,1:3,,,,,,20,4,2,1
asymmetric,4,2195,53,c,4,0,46560,4,139413,139413,,139434,139433,139439,139440,,,0,,,,0,,,,0,,139415,139430,4,5:3,139417,139432,4,5:3,139418,139433,4,5:3,139434,139437,4,1:3,,,,,,20,4,2,1
asymmetric,4,2196,53,c,5,0,46816,4,139443,139443,,139464,139463,139469,139470,,,0,,,,0,,,,0,,139445,139460,4,5:3,139447,139462,4,5:3,139448,139463,4,5:3,139464,139467,4,1:3,,,,,,20,4,2,1
asymmetric,4,2197,53,c,6,0,47072,4,139473,139473,,139494,139493,139499,139500,,,0,,,,0,,,,0,,139475,139490,4,5:3,139477,139492,4,5:3,139478,139493,4,5:3,139494,139497,4,1:3,,,,,,20,4,2,1
asymmetric,4,2198,53,c,7,0,47328,4,139503,139503,,139524,139523,139529,139530,,,0,,,,0,,,,0,,139505,139520,4,5:3,139507,139522,4,5:3,139508,139523,4,5:3,139524,139527,4,1:3,,,,,,20,4,2,1
asymmetric,4,2199,54,a,0,0,12352,16,139539,139539,139540,,,,139575,139542,139557,16,1:15,139558,139573,16,1:15,139559,139574,16,1:15,,,0,,,,0,,,,0,,,,0,,1,2,15,17,1,,,,
asymmetric,4,2200,54,a,0,16,12480,16,139578,139578,139579,,,,139614,139581,139596,16,1:15,139597,139612,16,1:15,139598,139613,16,1:15,,,0,,,,0,,,,0,,,,0,,1,2,15,17,1,,,,
asymmetric,4,2201,54,a,1,0,12608,16,139617,139617,139618,,,,139653,139620,139635,16,1:15,139636,139651,16,1:15,139637,139652,16,1:15,,,0,,,,0,,,,0,,,,0,,1,2,15,17,1,,,,
asymmetric,4,2202,54,a,1,16,12736,16,139656,139656,139657,,,,139692,139659,139674,16,1:15,139675,139690,16,1:15,139676,139691,16,1:15,,,0,,,,0,,,,0,,,,0,,1,2,15,17,1,,,,
asymmetric,4,2203,54,a,2,0,12864,16,139695,139695,139696,,,,139731,139698,139713,16,1:15,139714,139729,16,1:15,139715,139730,16,1:15,,,0,,,,0,,,,0,,,,0,,1,2,15,17,1,,,,
asymmetric,4,2204,54,a,2,16,12992,16,139734,139734,139735,,,,139770,139737,139752,16,1:15,139753,139768,16,1:15,139754,139769,16,1:15,,,0,,,,0,,,,0,,,,0,,1,2,15,17,1,,,,
asymmetric,4,2205,54,a,3,0,13120,16,139773,139773,139774,,,,139809,139776,139791,16,1:15,139792,139807,16,1:15,139793,139808,16,1:15,,,0,,,,0,,,,0,,,,0,,1,2,15,17,1,,,,
asymmetric,4,2206,54,a,3,16,13248,16,139812,139812,139813,,,,139848,139815,139830,16,1:15,139831,139846,16,1:15,139832,139847,16,1:15,,,0,,,,0,,,,0,,,,0,,1,2,15,17,1,,,,
asymmetric,4,2207,54,a,4,0,13376,16,139851,139851,139852,,,,139887,139854,139869,16,1:15,139870,139885,16,1:15,139871,139886,16,1:15,,,0,,,,0,,,,0,,,,0,,1,2,15,17,1,,,,
asymmetric,4,2208,54,a,4,16,13504,16,139890,139890,139891,,,,139926,139893,139908,16,1:15,139909,139924,16,1:15,139910,139925,16,1:15,,,0,,,,0,,,,0,,,,0,,1,2,15,17,1,,,,
asymmetric,4,2209,54,a,5,0,13632,16,139929,139929,139930,,,,139965,139932,139947,16,1:15,139948,139963,16,1:15,139949,139964,16,1:15,,,0,,,,0,,,,0,,,,0,,1,2,15,17,1,,,,
asymmetric,4,2210,54,a,5,16,13760,16,139968,139968,139969,,,,140004,139971,139986,16,1:15,139987,140002,16,1:15,139988,140003,16,1:15,,,0,,,,0,,,,0,,,,0,,1,2,15,17,1,,,,
asymmetric,4,2211,54,a,6,0,13888,16,140007,140007,140008,,,,140043,140010,140025,16,1:15,140026,140041,16,1:15,140027,140042,16,1:15,,,0,,,,0,,,,0,,,,0,,1,2,15,17,1,,,,
asymmetric,4,2212,54,a,6,16,14016,16,140046,140046,140047,,,,140082,140049,140064,16,1:15,140065,140080,16,1:15,140066,140081,16,1:15,,,0,,,,0,,,,0,,,,0,,1,2,15,17,1,,,,
asymmetric,4,2213,54,a,7,0,14144,16,140085,140085,140086,,,,140121,140088,140103,16,1:15,140104,140119,16,1:15,140105,140120,16,1:15,,,0,,,,0,,,,0,,,,0,,1,2,15,17,1,,,,
asymmetric,4,2214,54,a,7,16,14272,16,140124,140124,140125,,,,140160,140127,140142,16,1:15,140143,140158,16,1:15,140144,140159,16,1:15,,,0,,,,0,,,,0,,,,0,,1,2,15,17,1,,,,
asymmetric,4,2215,54,bt,0,0,29120,16,140168,140168,140169,,,,140204,140171,140186,16,1:15,140187,140202,16,1:15,140188,140203,16,1:15,,,0,,,,0,,,,0,,,,0,,1,2,15,17,1,,,,
asymmetric,4,2216,54,bt,0,16,29248,16,140207,140207,140208,,,,140243,140210,140225,16,1:15,140226,140241,16,1:15,140227,140242,16,1:15,,,0,,,,0,,,,0,,,,0,,1,2,15,17,1,,,,
asymmetric,4,2217,54,bt,1,0,29376,16,140246,140246,140247,,,,140282,140249,140264,16,1:15,140265,140280,16,1:15,140266,140281,16,1:15,,,0,,,,0,,,,0,,,,0,,1,2,15,17,1,,,,
asymmetric,4,2218,54,bt,1,16,29504,16,140285,140285,140286,,,,140321,140288,140303,16,1:15,140304,140319,16,1:15,140305,140320,16,1:15,,,0,,,,0,,,,0,,,,0,,1,2,15,17,1,,,,
asymmetric,4,2219,54,bt,2,0,29632,16,140324,140324,140325,,,,140360,140327,140342,16,1:15,140343,140358,16,1:15,140344,140359,16,1:15,,,0,,,,0,,,,0,,,,0,,1,2,15,17,1,,,,
asymmetric,4,2220,54,bt,2,16,29760,16,140363,140363,140364,,,,140399,140366,140381,16,1:15,140382,140397,16,1:15,140383,140398,16,1:15,,,0,,,,0,,,,0,,,,0,,1,2,15,17,1,,,,
asymmetric,4,2221,54,bt,3,0,29888,16,140402,140402,140403,,,,140438,140405,140420,16,1:15,140421,140436,16,1:15,140422,140437,16,1:15,,,0,,,,0,,,,0,,,,0,,1,2,15,17,1,,,,
asymmetric,4,2222,54,bt,3,16,30016,16,140441,140441,140442,,,,140477,140444,140459,16,1:15,140460,140475,16,1:15,140461,140476,16,1:15,,,0,,,,0,,,,0,,,,0,,1,2,15,17,1,,,,
asymmetric,4,2223,54,bt,4,0,30144,16,140480,140480,140481,,,,140516,140483,140498,16,1:15,140499,140514,16,1:15,140500,140515,16,1:15,,,0,,,,0,,,,0,,,,0,,1,2,15,17,1,,,,
asymmetric,4,2224,54,bt,4,16,30272,16,140519,140519,140520,,,,140555,140522,140537,16,1:15,140538,140553,16,1:15,140539,140554,16,1:15,,,0,,,,0,,,,0,,,,0,,1,2,15,17,1,,,,
asymmetric,4,2225,54,bt,5,0,30400,16,140558,140558,140559,,,,140594,140561,140576,16,1:15,140577,140592,16,1:15,140578,140593,16,1:15,,,0,,,,0,,,,0,,,,0,,1,2,15,17,1,,,,
asymmetric,4,2226,54,bt,5,16,30528,16,140597,140597,140598,,,,140633,140600,140615,16,1:15,140616,140631,16,1:15,140617,140632,16,1:15,,,0,,,,0,,,,0,,,,0,,1,2,15,17,1,,,,
asymmetric,4,2227,54,bt,6,0,30656,16,140636,140636,140637,,,,140672,140639,140654,16,1:15,140655,140670,16,1:15,140656,140671,16,1:15,,,0,,,,0,,,,0,,,,0,,1,2,15,17,1,,,,
asymmetric,4,2228,54,bt,6,16,30784,16,140675,140675,140676,,,,140711,140678,140693,16,1:15,140694,140709,16,1:15,140695,140710,16,1:15,,,0,,,,0,,,,0,,,,0,,1,2,15,17,1,,,,
asymmetric,4,2229,54,bt,7,0,30912,16,140714,140714,140715,,,,140750,140717,140732,16,1:15,140733,140748,16,1:15,140734,140749,16,1:15,,,0,,,,0,,,,0,,,,0,,1,2,15,17,1,,,,
asymmetric,4,2230,54,bt,7,16,31040,16,140753,140753,140754,,,,140789,140756,140771,16,1:15,140772,140787,16,1:15,140773,140788,16,1:15,,,0,,,,0,,,,0,,,,0,,1,2,15,17,1,,,,
asymmetric,4,2231,54,c,0,0,45568,4,141879,141879,,141900,141899,141905,141906,,,0,,,,0,,,,0,,141881,141896,4,5:3,141883,141898,4,5:3,141884,141899,4,5:3,141900,141903,4,1:3,,,,,,20,4,2,1
asymmetric,4,2232,54,c,1,0,45824,4,141909,141909,,141930,141929,141935,141936,,,0,,,,0,,,,0,,141911,141926,4,5:3,141913,141928,4,5:3,141914,141929,4,5:3,141930,141933,4,1:3,,,,,,20,4,2,1
asymmetric,4,2233,54,c,2,0,46080,4,141939,141939,,141960,141959,141965,141966,,,0,,,,0,,,,0,,141941,141956,4,5:3,141943,141958,4,5:3,141944,141959,4,5:3,141960,141963,4,1:3,,,,,,20,4,2,1
asymmetric,4,2234,54,c,3,0,46336,4,141969,141969,,141990,141989,141995,141996,,,0,,,,0,,,,0,,141971,141986,4,5:3,141973,141988,4,5:3,141974,141989,4,5:3,141990,141993,4,1:3,,,,,,20,4,2,1
asymmetric,4,2235,54,c,4,0,46592,4,141999,141999,,142020,142019,142025,142026,,,0,,,,0,,,,0,,142001,142016,4,5:3,142003,142018,4,5:3,142004,142019,4,5:3,142020,142023,4,1:3,,,,,,20,4,2,1
asymmetric,4,2236,54,c,5,0,46848,4,142029,142029,,142050,142049,142055,142056,,,0,,,,0,,,,0,,142031,142046,4,5:3,142033,142048,4,5:3,142034,142049,4,5:3,142050,142053,4,1:3,,,,,,20,4,2,1
asymmetric,4,2237,54,c,6,0,47104,4,142059,142059,,142080,142079,142085,142086,,,0,,,,0,,,,0,,142061,142076,4,5:3,142063,142078,4,5:3,142064,142079,4,5:3,142080,142083,4,1:3,,,,,,20,4,2,1
asymmetric,4,2238,54,c,7,0,47360,4,142089,142089,,142110,142109,142115,142116,,,0,,,,0,,,,0,,142091,142106,4,5:3,142093,142108,4,5:3,142094,142109,4,5:3,142110,142113,4,1:3,,,,,,20,4,2,1
asymmetric,4,2239,55,a,0,0,12352,16,142125,142125,142126,,,,142161,142128,142143,16,1:15,142144,142159,16,1:15,142145,142160,16,1:15,,,0,,,,0,,,,0,,,,0,,1,2,15,17,1,,,,
asymmetric,4,2240,55,a,0,16,12480,16,142164,142164,142165,,,,142200,142167,142182,16,1:15,142183,142198,16,1:15,142184,142199,16,1:15,,,0,,,,0,,,,0,,,,0,,1,2,15,17,1,,,,
asymmetric,4,2241,55,a,1,0,12608,16,142203,142203,142204,,,,142239,142206,142221,16,1:15,142222,142237,16,1:15,142223,142238,16,1:15,,,0,,,,0,,,,0,,,,0,,1,2,15,17,1,,,,
asymmetric,4,2242,55,a,1,16,12736,16,142242,142242,142243,,,,142278,142245,142260,16,1:15,142261,142276,16,1:15,142262,142277,16,1:15,,,0,,,,0,,,,0,,,,0,,1,2,15,17,1,,,,
asymmetric,4,2243,55,a,2,0,12864,16,142281,142281,142282,,,,142317,142284,142299,16,1:15,142300,142315,16,1:15,142301,142316,16,1:15,,,0,,,,0,,,,0,,,,0,,1,2,15,17,1,,,,
asymmetric,4,2244,55,a,2,16,12992,16,142320,142320,142321,,,,142356,142323,142338,16,1:15,142339,142354,16,1:15,142340,142355,16,1:15,,,0,,,,0,,,,0,,,,0,,1,2,15,17,1,,,,
asymmetric,4,2245,55,a,3,0,13120,16,142359,142359,142360,,,,142395,142362,142377,16,1:15,142378,142393,16,1:15,142379,142394,16,1:15,,,0,,,,0,,,,0,,,,0,,1,2,15,17,1,,,,
asymmetric,4,2246,55,a,3,16,13248,16,142398,142398,142399,,,,142434,142401,142416,16,1:15,142417,142432,16,1:15,142418,142433,16,1:15,,,0,,,,0,,,,0,,,,0,,1,2,15,17,1,,,,
asymmetric,4,2247,55,a,4,0,13376,16,142437,142437,142438,,,,142473,142440,142455,16,1:15,142456,142471,16,1:15,142457,142472,16,1:15,,,0,,,,0,,,,0,,,,0,,1,2,15,17,1,,,,
asymmetric,4,2248,55,a,4,16,13504,16,142476,142476,142477,,,,142512,142479,142494,16,1:15,142495,142510,16,1:15,142496,142511,16,1:15,,,0,,,,0,,,,0,,,,0,,1,2,15,17,1,,,,
asymmetric,4,2249,55,a,5,0,13632,16,142515,142515,142516,,,,142551,142518,142533,16,1:15,142534,142549,16,1:15,142535,142550,16,1:15,,,0,,,,0,,,,0,,,,0,,1,2,15,17,1,,,,
asymmetric,4,2250,55,a,5,16,13760,16,142554,142554,142555,,,,142590,142557,142572,16,1:15,142573,142588,16,1:15,142574,142589,16,1:15,,,0,,,,0,,,,0,,,,0,,1,2,15,17,1,,,,
asymmetric,4,2251,55,a,6,0,13888,16,142593,142593,142594,,,,142629,142596,142611,16,1:15,142612,142627,16,1:15,142613,142628,16,1:15,,,0,,,,0,,,,0,,,,0,,1,2,15,17,1,,,,
asymmetric,4,2252,55,a,6,16,14016,16,142632,142632,142633,,,,142668,142635,142650,16,1:15,142651,142666,16,1:15,142652,142667,16,1:15,,,0,,,,0,,,,0,,,,0,,1,2,15,17,1,,,,
asymmetric,4,2253,55,a,7,0,14144,16,142671,142671,142672,,,,142707,142674,142689,16,1:15,142690,142705,16,1:15,142691,142706,16,1:15,,,0,,,,0,,,,0,,,,0,,1,2,15,17,1,,,,
asymmetric,4,2254,55,a,7,16,14272,16,142710,142710,142711,,,,142746,142713,142728,16,1:15,142729,142744,16,1:15,142730,142745,16,1:15,,,0,,,,0,,,,0,,,,0,,1,2,15,17,1,,,,
asymmetric,4,2255,55,bt,0,0,31168,16,142754,142754,142755,,,,142790,142757,142772,16,1:15,142773,142788,16,1:15,142774,142789,16,1:15,,,0,,,,0,,,,0,,,,0,,1,2,15,17,1,,,,
asymmetric,4,2256,55,bt,0,16,31296,16,142793,142793,142794,,,,142829,142796,142811,16,1:15,142812,142827,16,1:15,142813,142828,16,1:15,,,0,,,,0,,,,0,,,,0,,1,2,15,17,1,,,,
asymmetric,4,2257,55,bt,1,0,31424,16,142832,142832,142833,,,,142868,142835,142850,16,1:15,142851,142866,16,1:15,142852,142867,16,1:15,,,0,,,,0,,,,0,,,,0,,1,2,15,17,1,,,,
asymmetric,4,2258,55,bt,1,16,31552,16,142871,142871,142872,,,,142907,142874,142889,16,1:15,142890,142905,16,1:15,142891,142906,16,1:15,,,0,,,,0,,,,0,,,,0,,1,2,15,17,1,,,,
asymmetric,4,2259,55,bt,2,0,31680,16,142910,142910,142911,,,,142946,142913,142928,16,1:15,142929,142944,16,1:15,142930,142945,16,1:15,,,0,,,,0,,,,0,,,,0,,1,2,15,17,1,,,,
asymmetric,4,2260,55,bt,2,16,31808,16,142949,142949,142950,,,,142985,142952,142967,16,1:15,142968,142983,16,1:15,142969,142984,16,1:15,,,0,,,,0,,,,0,,,,0,,1,2,15,17,1,,,,
asymmetric,4,2261,55,bt,3,0,31936,16,142988,142988,142989,,,,143024,142991,143006,16,1:15,143007,143022,16,1:15,143008,143023,16,1:15,,,0,,,,0,,,,0,,,,0,,1,2,15,17,1,,,,
asymmetric,4,2262,55,bt,3,16,32064,16,143027,143027,143028,,,,143063,143030,143045,16,1:15,143046,143061,16,1:15,143047,143062,16,1:15,,,0,,,,0,,,,0,,,,0,,1,2,15,17,1,,,,
asymmetric,4,2263,55,bt,4,0,32192,16,143066,143066,143067,,,,143102,143069,143084,16,1:15,143085,143100,16,1:15,143086,143101,16,1:15,,,0,,,,0,,,,0,,,,0,,1,2,15,17,1,,,,
asymmetric,4,2264,55,bt,4,16,32320,16,143105,143105,143106,,,,143141,143108,143123,16,1:15,143124,143139,16,1:15,143125,143140,16,1:15,,,0,,,,0,,,,0,,,,0,,1,2,15,17,1,,,,
asymmetric,4,2265,55,bt,5,0,32448,16,143144,143144,143145,,,,143180,143147,143162,16,1:15,143163,143178,16,1:15,143164,143179,16,1:15,,,0,,,,0,,,,0,,,,0,,1,2,15,17,1,,,,
asymmetric,4,2266,55,bt,5,16,32576,16,143183,143183,143184,,,,143219,143186,143201,16,1:15,143202,143217,16,1:15,143203,143218,16,1:15,,,0,,,,0,,,,0,,,,0,,1,2,15,17,1,,,,
asymmetric,4,2267,55,bt,6,0,32704,8,143222,143222,143223,,,,143242,143225,143232,8,1:7,143233,143240,8,1:7,143234,143241,8,1:7,,,0,,,,0,,,,0,,,,0,,1,2,7,9,1,,,,
asymmetric,4,2268,55,bt,6,8,32768,16,143245,143245,143246,,,,143281,143248,143263,16,1:15,143264,143279,16,1:15,143265,143280,16,1:15,,,0,,,,0,,,,0,,,,0,,1,2,15,17,1,,,,
asymmetric,4,2269,55,bt,6,24,32896,8,143284,143284,143285,,,,143304,143287,143294,8,1:7,143295,143302,8,1:7,143296,143303,8,1:7,,,0,,,,0,,,,0,,,,0,,1,2,7,9,1,,,,
asymmetric,4,2270,55,c,0,0,45600,4,144394,144394,,144415,144414,144420,144421,,,0,,,,0,,,,0,,144396,144411,4,5:3,144398,144413,4,5:3,144399,144414,4,5:3,144415,144418,4,1:3,,,,,,20,4,2,1
asymmetric,4,2271,55,c,1,0,45856,4,144424,144424,,144445,144444,144450,144451,,,0,,,,0,,,,0,,144426,144441,4,5:3,144428,144443,4,5:3,144429,144444,4,5:3,144445,144448,4,1:3,,,,,,20,4,2,1
asymmetric,4,2272,55,c,2,0,46112,4,144454,144454,,144475,144474,144480,144481,,,0,,,,0,,,,0,,144456,144471,4,5:3,144458,144473,4,5:3,144459,144474,4,5:3,144475,144478,4,1:3,,,,,,20,4,2,1
asymmetric,4,2273,55,c,3,0,46368,4,144484,144484,,144505,144504,144510,144511,,,0,,,,0,,,,0,,144486,144501,4,5:3,144488,144503,4,5:3,144489,144504,4,5:3,144505,144508,4,1:3,,,,,,20,4,2,1
asymmetric,4,2274,55,c,4,0,46624,4,144514,144514,,144535,144534,144540,144541,,,0,,,,0,,,,0,,144516,144531,4,5:3,144518,144533,4,5:3,144519,144534,4,5:3,144535,144538,4,1:3,,,,,,20,4,2,1
asymmetric,4,2275,55,c,5,0,46880,4,144544,144544,,144565,144564,144570,144571,,,0,,,,0,,,,0,,144546,144561,4,5:3,144548,144563,4,5:3,144549,144564,4,5:3,144565,144568,4,1:3,,,,,,20,4,2,1
asymmetric,4,2276,55,c,6,0,47136,4,144574,144574,,144595,144594,144600,144601,,,0,,,,0,,,,0,,144576,144591,4,5:3,144578,144593,4,5:3,144579,144594,4,5:3,144595,144598,4,1:3,,,,,,20,4,2,1
asymmetric,4,2277,55,c,7,0,47392,4,144604,144604,,144625,144624,144630,144631,,,0,,,,0,,,,0,,144606,144621,4,5:3,144608,144623,4,5:3,144609,144624,4,5:3,144625,144628,4,1:3,,,,,,20,4,2,1
asymmetric,4,2278,56,a,0,0,14400,16,144640,144640,144641,,,,144676,144643,144658,16,1:15,144659,144674,16,1:15,144660,144675,16,1:15,,,0,,,,0,,,,0,,,,0,,1,2,15,17,1,,,,
asymmetric,4,2279,56,a,0,16,14528,16,144679,144679,144680,,,,144715,144682,144697,16,1:15,144698,144713,16,1:15,144699,144714,16,1:15,,,0,,,,0,,,,0,,,,0,,1,2,15,17,1,,,,
asymmetric,4,2280,56,a,1,0,14656,16,144718,144718,144719,,,,144754,144721,144736,16,1:15,144737,144752,16,1:15,144738,144753,16,1:15,,,0,,,,0,,,,0,,,,0,,1,2,15,17,1,,,,
asymmetric,4,2281,56,a,1,16,14784,16,144757,144757,144758,,,,144793,144760,144775,16,1:15,144776,144791,16,1:15,144777,144792,16,1:15,,,0,,,,0,,,,0,,,,0,,1,2,15,17,1,,,,
asymmetric,4,2282,56,a,2,0,14912,16,144796,144796,144797,,,,144832,144799,144814,16,1:15,144815,144830,16,1:15,144816,144831,16,1:15,,,0,,,,0,,,,0,,,,0,,1,2,15,17,1,,,,
asymmetric,4,2283,56,a,2,16,15040,16,144835,144835,144836,,,,144871,144838,144853,16,1:15,144854,144869,16,1:15,144855,144870,16,1:15,,,0,,,,0,,,,0,,,,0,,1,2,15,17,1,,,,
asymmetric,4,2284,56,a,3,0,15168,16,144874,144874,144875,,,,144910,144877,144892,16,1:15,144893,144908,16,1:15,144894,144909,16,1:15,,,0,,,,0,,,,0,,,,0,,1,2,15,17,1,,,,
asymmetric,4,2285,56,a,3,16,15296,16,144913,144913,144914,,,,144949,144916,144931,16,1:15,144932,144947,16,1:15,144933,144948,16,1:15,,,0,,,,0,,,,0,,,,0,,1,2,15,17,1,,,,
asymmetric,4,2286,56,a,4,0,15424,16,144952,144952,144953,,,,144988,144955,144970,16,1:15,144971,144986,16,1:15,144972,144987,16,1:15,,,0,,,,0,,,,0,,,,0,,1,2,15,17,1,,,,
asymmetric,4,2287,56,a,4,16,15552,16,144991,144991,144992,,,,145027,144994,145009,16,1:15,145010,145025,16,1:15,145011,145026,16,1:15,,,0,,,,0,,,,0,,,,0,,1,2,15,17,1,,,,
asymmetric,4,2288,56,a,5,0,15680,16,145030,145030,145031,,,,145066,145033,145048,16,1:15,145049,145064,16,1:15,145050,145065,16,1:15,,,0,,,,0,,,,0,,,,0,,1,2,15,17,1,,,,
asymmetric,4,2289,56,a,5,16,15808,16,145069,145069,145070,,,,145105,145072,145087,16,1:15,145088,145103,16,1:15,145089,145104,16,1:15,,,0,,,,0,,,,0,,,,0,,1,2,15,17,1,,,,
asymmetric,4,2290,56,a,6,0,15936,16,145108,145108,145109,,,,145144,145111,145126,16,1:15,145127,145142,16,1:15,145128,145143,16,1:15,,,0,,,,0,,,,0,,,,0,,1,2,15,17,1,,,,
asymmetric,4,2291,56,a,6,16,16064,16,145147,145147,145148,,,,145183,145150,145165,16,1:15,145166,145181,16,1:15,145167,145182,16,1:15,,,0,,,,0,,,,0,,,,0,,1,2,15,17,1,,,,
asymmetric,4,2292,56,a,7,0,16192,16,145186,145186,145187,,,,145222,145189,145204,16,1:15,145205,145220,16,1:15,145206,145221,16,1:15,,,0,,,,0,,,,0,,,,0,,1,2,15,17,1,,,,
asymmetric,4,2293,56,a,7,16,16320,8,145225,145225,145226,,,,145245,145228,145235,8,1:7,145236,145243,8,1:7,145237,145244,8,1:7,,,0,,,,0,,,,0,,,,0,,1,2,7,9,1,,,,
asymmetric,4,2294,56,a,7,24,16384,8,145248,145248,145249,,,,145268,145251,145258,8,1:7,145259,145266,8,1:7,145260,145267,8,1:7,,,0,,,,0,,,,0,,,,0,,1,2,7,9,1,,,,
asymmetric,4,2295,56,bt,0,0,16832,16,145276,145276,145277,,,,145312,145279,145294,16,1:15,145295,145310,16,1:15,145296,145311,16,1:15,,,0,,,,0,,,,0,,,,0,,1,2,15,17,1,,,,
asymmetric,4,2296,56,bt,0,16,16960,16,145315,145315,145316,,,,145351,145318,145333,16,1:15,145334,145349,16,1:15,145335,145350,16,1:15,,,0,,,,0,,,,0,,,,0,,1,2,15,17,1,,,,
asymmetric,4,2297,56,bt,1,0,17088,16,145354,145354,145355,,,,145390,145357,145372,16,1:15,145373,145388,16,1:15,145374,145389,16,1:15,,,0,,,,0,,,,0,,,,0,,1,2,15,17,1,,,,
asymmetric,4,2298,56,bt,1,16,17216,16,145393,145393,145394,,,,145429,145396,145411,16,1:15,145412,145427,16,1:15,145413,145428,16,1:15,,,0,,,,0,,,,0,,,,0,,1,2,15,17,1,,,,
asymmetric,4,2299,56,bt,2,0,17344,16,145432,145432,145433,,,,145468,145435,145450,16,1:15,145451,145466,16,1:15,145452,145467,16,1:15,,,0,,,,0,,,,0,,,,0,,1,2,15,17,1,,,,
asymmetric,4,2300,56,bt,2,16,17472,16,145471,145471,145472,,,,145507,145474,145489,16,1:15,145490,145505,16,1:15,145491,145506,16,1:15,,,0,,,,0,,,,0,,,,0,,1,2,15,17,1,,,,
asymmetric,4,2301,56,bt,3,0,17600,16,145510,145510,145511,,,,145546,145513,145528,16,1:15,145529,145544,16,1:15,145530,145545,16,1:15,,,0,,,,0,,,,0,,,,0,,1,2,15,17,1,,,,
asymmetric,4,2302,56,bt,3,16,17728,16,145549,145549,145550,,,,145585,145552,145567,16,1:15,145568,145583,16,1:15,145569,145584,16,1:15,,,0,,,,0,,,,0,,,,0,,1,2,15,17,1,,,,
asymmetric,4,2303,56,bt,4,0,17856,16,145588,145588,145589,,,,145624,145591,145606,16,1:15,145607,145622,16,1:15,145608,145623,16,1:15,,,0,,,,0,,,,0,,,,0,,1,2,15,17,1,,,,
asymmetric,4,2304,56,bt,4,16,17984,16,145627,145627,145628,,,,145663,145630,145645,16,1:15,145646,145661,16,1:15,145647,145662,16,1:15,,,0,,,,0,,,,0,,,,0,,1,2,15,17,1,,,,
asymmetric,4,2305,56,bt,5,0,18112,16,145666,145666,145667,,,,145702,145669,145684,16,1:15,145685,145700,16,1:15,145686,145701,16,1:15,,,0,,,,0,,,,0,,,,0,,1,2,15,17,1,,,,
asymmetric,4,2306,56,bt,5,16,18240,16,145705,145705,145706,,,,145741,145708,145723,16,1:15,145724,145739,16,1:15,145725,145740,16,1:15,,,0,,,,0,,,,0,,,,0,,1,2,15,17,1,,,,
asymmetric,4,2307,56,bt,6,0,18368,16,145744,145744,145745,,,,145780,145747,145762,16,1:15,145763,145778,16,1:15,145764,145779,16,1:15,,,0,,,,0,,,,0,,,,0,,1,2,15,17,1,,,,
asymmetric,4,2308,56,bt,6,16,18496,16,145783,145783,145784,,,,145819,145786,145801,16,1:15,145802,145817,16,1:15,145803,145818,16,1:15,,,0,,,,0,,,,0,,,,0,,1,2,15,17,1,,,,
asymmetric,4,2309,56,bt,7,0,18624,16,145822,145822,145823,,,,145858,145825,145840,16,1:15,145841,145856,16,1:15,145842,145857,16,1:15,,,0,,,,0,,,,0,,,,0,,1,2,15,17,1,,,,
asymmetric,4,2310,56,bt,7,16,18752,16,145861,145861,145862,,,,145897,145864,145879,16,1:15,145880,145895,16,1:15,145881,145896,16,1:15,,,0,,,,0,,,,0,,,,0,,1,2,15,17,1,,,,
asymmetric,4,2311,56,c,0,0,47424,4,146987,146987,,147008,147007,147013,147014,,,0,,,,0,,,,0,,146989,147004,4,5:3,146991,147006,4,5:3,146992,147007,4,5:3,147008,147011,4,1:3,,,,,,20,4,2,1
asymmetric,4,2312,56,c,1,0,47680,4,147017,147017,,147038,147037,147043,147044,,,0,,,,0,,,,0,,147019,147034,4,5:3,147021,147036,4,5:3,147022,147037,4,5:3,147038,147041,4,1:3,,,,,,20,4,2,1
asymmetric,4,2313,56,c,2,0,47936,4,147047,147047,,147068,147067,147073,147074,,,0,,,,0,,,,0,,147049,147064,4,5:3,147051,147066,4,5:3,147052,147067,4,5:3,147068,147071,4,1:3,,,,,,20,4,2,1
asymmetric,4,2314,56,c,3,0,48192,4,147077,147077,,147098,147097,147103,147104,,,0,,,,0,,,,0,,147079,147094,4,5:3,147081,147096,4,5:3,147082,147097,4,5:3,147098,147101,4,1:3,,,,,,20,4,2,1
asymmetric,4,2315,56,c,4,0,48448,4,147107,147107,,147128,147127,147133,147134,,,0,,,,0,,,,0,,147109,147124,4,5:3,147111,147126,4,5:3,147112,147127,4,5:3,147128,147131,4,1:3,,,,,,20,4,2,1
asymmetric,4,2316,56,c,5,0,48704,4,147137,147137,,147158,147157,147163,147164,,,0,,,,0,,,,0,,147139,147154,4,5:3,147141,147156,4,5:3,147142,147157,4,5:3,147158,147161,4,1:3,,,,,,20,4,2,1
asymmetric,4,2317,56,c,6,0,48960,4,147167,147167,,147188,147187,147193,147194,,,0,,,,0,,,,0,,147169,147184,4,5:3,147171,147186,4,5:3,147172,147187,4,5:3,147188,147191,4,1:3,,,,,,20,4,2,1
asymmetric,4,2318,56,c,7,0,49216,4,147197,147197,,147218,147217,147223,147224,,,0,,,,0,,,,0,,147199,147214,4,5:3,147201,147216,4,5:3,147202,147217,4,5:3,147218,147221,4,1:3,,,,,,20,4,2,1
asymmetric,4,2319,57,a,0,0,14400,16,147233,147233,147234,,,,147269,147236,147251,16,1:15,147252,147267,16,1:15,147253,147268,16,1:15,,,0,,,,0,,,,0,,,,0,,1,2,15,17,1,,,,
asymmetric,4,2320,57,a,0,16,14528,16,147272,147272,147273,,,,147308,147275,147290,16,1:15,147291,147306,16,1:15,147292,147307,16,1:15,,,0,,,,0,,,,0,,,,0,,1,2,15,17,1,,,,
asymmetric,4,2321,57,a,1,0,14656,16,147311,147311,147312,,,,147347,147314,147329,16,1:15,147330,147345,16,1:15,147331,147346,16,1:15,,,0,,,,0,,,,0,,,,0,,1,2,15,17,1,,,,
asymmetric,4,2322,57,a,1,16,14784,16,147350,147350,147351,,,,147386,147353,147368,16,1:15,147369,147384,16,1:15,147370,147385,16,1:15,,,0,,,,0,,,,0,,,,0,,1,2,15,17,1,,,,
asymmetric,4,2323,57,a,2,0,14912,16,147389,147389,147390,,,,147425,147392,147407,16,1:15,147408,147423,16,1:15,147409,147424,16,1:15,,,0,,,,0,,,,0,,,,0,,1,2,15,17,1,,,,
asymmetric,4,2324,57,a,2,16,15040,16,147428,147428,147429,,,,147464,147431,147446,16,1:15,147447,147462,16,1:15,147448,147463,16,1:15,,,0,,,,0,,,,0,,,,0,,1,2,15,17,1,,,,
asymmetric,4,2325,57,a,3,0,15168,16,147467,147467,147468,,,,147503,147470,147485,16,1:15,147486,147501,16,1:15,147487,147502,16,1:15,,,0,,,,0,,,,0,,,,0,,1,2,15,17,1,,,,
asymmetric,4,2326,57,a,3,16,15296,16,147506,147506,147507,,,,147542,147509,147524,16,1:15,147525,147540,16,1:15,147526,147541,16,1:15,,,0,,,,0,,,,0,,,,0,,1,2,15,17,1,,,,
asymmetric,4,2327,57,a,4,0,15424,16,147545,147545,147546,,,,147581,147548,147563,16,1:15,147564,147579,16,1:15,147565,147580,16,1:15,,,0,,,,0,,,,0,,,,0,,1,2,15,17,1,,,,
asymmetric,4,2328,57,a,4,16,15552,16,147584,147584,147585,,,,147620,147587,147602,16,1:15,147603,147618,16,1:15,147604,147619,16,1:15,,,0,,,,0,,,,0,,,,0,,1,2,15,17,1,,,,
asymmetric,4,2329,57,a,5,0,15680,16,147623,147623,147624,,,,147659,147626,147641,16,1:15,147642,147657,16,1:15,147643,147658,16,1:15,,,0,,,,0,,,,0,,,,0,,1,2,15,17,1,,,,
asymmetric,4,2330,57,a,5,16,15808,16,147662,147662,147663,,,,147698,147665,147680,16,1:15,147681,147696,16,1:15,147682,147697,16,1:15,,,0,,,,0,,,,0,,,,0,,1,2,15,17,1,,,,
asymmetric,4,2331,57,a,6,0,15936,16,147701,147701,147702,,,,147737,147704,147719,16,1:15,147720,147735,16,1:15,147721,147736,16,1:15,,,0,,,,0,,,,0,,,,0,,1,2,15,17,1,,,,
asymmetric,4,2332,57,a,6,16,16064,16,147740,147740,147741,,,,147776,147743,147758,16,1:15,147759,147774,16,1:15,147760,147775,16,1:15,,,0,,,,0,,,,0,,,,0,,1,2,15,17,1,,,,
asymmetric,4,2333,57,a,7,0,16192,16,147779,147779,147780,,,,147815,147782,147797,16,1:15,147798,147813,16,1:15,147799,147814,16,1:15,,,0,,,,0,,,,0,,,,0,,1,2,15,17,1,,,,
asymmetric,4,2334,57,a,7,16,16320,8,147818,147818,147819,,,,147838,147821,147828,8,1:7,147829,147836,8,1:7,147830,147837,8,1:7,,,0,,,,0,,,,0,,,,0,,1,2,7,9,1,,,,
asymmetric,4,2335,57,a,7,24,16384,8,147841,147841,147842,,,,147861,147844,147851,8,1:7,147852,147859,8,1:7,147853,147860,8,1:7,,,0,,,,0,,,,0,,,,0,,1,2,7,9,1,,,,
asymmetric,4,2336,57,bt,0,0,18880,16,147869,147869,147870,,,,147905,147872,147887,16,1:15,147888,147903,16,1:15,147889,147904,16,1:15,,,0,,,,0,,,,0,,,,0,,1,2,15,17,1,,,,
asymmetric,4,2337,57,bt,0,16,19008,16,147908,147908,147909,,,,147944,147911,147926,16,1:15,147927,147942,16,1:15,147928,147943,16,1:15,,,0,,,,0,,,,0,,,,0,,1,2,15,17,1,,,,
asymmetric,4,2338,57,bt,1,0,19136,16,147947,147947,147948,,,,147983,147950,147965,16,1:15,147966,147981,16,1:15,147967,147982,16,1:15,,,0,,,,0,,,,0,,,,0,,1,2,15,17,1,,,,
asymmetric,4,2339,57,bt,1,16,19264,16,147986,147986,147987,,,,148022,147989,148004,16,1:15,148005,148020,16,1:15,148006,148021,16,1:15,,,0,,,,0,,,,0,,,,0,,1,2,15,17,1,,,,
asymmetric,4,2340,57,bt,2,0,19392,16,148025,148025,148026,,,,148061,148028,148043,16,1:15,148044,148059,16,1:15,148045,148060,16,1:15,,,0,,,,0,,,,0,,,,0,,1,2,15,17,1,,,,
asymmetric,4,2341,57,bt,2,16,19520,16,148064,148064,148065,,,,148100,148067,148082,16,1:15,148083,148098,16,1:15,148084,148099,16,1:15,,,0,,,,0,,,,0,,,,0,,1,2,15,17,1,,,,
asymmetric,4,2342,57,bt,3,0,19648,16,148103,148103,148104,,,,148139,148106,148121,16,1:15,148122,148137,16,1:15,148123,148138,16,1:15,,,0,,,,0,,,,0,,,,0,,1,2,15,17,1,,,,
asymmetric,4,2343,57,bt,3,16,19776,16,148142,148142,148143,,,,148178,148145,148160,16,1:15,148161,148176,16,1:15,148162,148177,16,1:15,,,0,,,,0,,,,0,,,,0,,1,2,15,17,1,,,,
asymmetric,4,2344,57,bt,4,0,19904,16,148181,148181,148182,,,,148217,148184,148199,16,1:15,148200,148215,16,1:15,148201,148216,16,1:15,,,0,,,,0,,,,0,,,,0,,1,2,15,17,1,,,,
asymmetric,4,2345,57,bt,4,16,20032,16,148220,148220,148221,,,,148256,148223,148238,16,1:15,148239,148254,16,1:15,148240,148255,16,1:15,,,0,,,,0,,,,0,,,,0,,1,2,15,17,1,,,,
asymmetric,4,2346,57,bt,5,0,20160,16,148259,148259,148260,,,,148295,148262,148277,16,1:15,148278,148293,16,1:15,148279,148294,16,1:15,,,0,,,,0,,,,0,,,,0,,1,2,15,17,1,,,,
asymmetric,4,2347,57,bt,5,16,20288,16,148298,148298,148299,,,,148334,148301,148316,16,1:15,148317,148332,16,1:15,148318,148333,16,1:15,,,0,,,,0,,,,0,,,,0,,1,2,15,17,1,,,,
asymmetric,4,2348,57,bt,6,0,20416,8,148337,148337,148338,,,,148357,148340,148347,8,1:7,148348,148355,8,1:7,148349,148356,8,1:7,,,0,,,,0,,,,0,,,,0,,1,2,7,9,1,,,,
asymmetric,4,2349,57,bt,6,8,20480,16,148360,148360,148361,,,,148396,148363,148378,16,1:15,148379,148394,16,1:15,148380,148395,16,1:15,,,0,,,,0,,,,0,,,,0,,1,2,15,17,1,,,,
asymmetric,4,2350,57,bt,6,24,20608,8,148399,148399,148400,,,,148419,148402,148409,8,1:7,148410,148417,8,1:7,148411,148418,8,1:7,,,0,,,,0,,,,0,,,,0,,1,2,7,9,1,,,,
asymmetric,4,2351,57,bt,7,0,20672,16,148422,148422,148423,,,,148458,148425,148440,16,1:15,148441,148456,16,1:15,148442,148457,16,1:15,,,0,,,,0,,,,0,,,,0,,1,2,15,17,1,,,,
asymmetric,4,2352,57,bt,7,16,20800,16,148461,148461,148462,,,,148497,148464,148479,16,1:15,148480,148495,16,1:15,148481,148496,16,1:15,,,0,,,,0,,,,0,,,,0,,1,2,15,17,1,,,,
asymmetric,4,2353,57,c,0,0,47456,4,149587,149587,,149608,149607,149613,149614,,,0,,,,0,,,,0,,149589,149604,4,5:3,149591,149606,4,5:3,149592,149607,4,5:3,149608,149611,4,1:3,,,,,,20,4,2,1
asymmetric,4,2354,57,c,1,0,47712,4,149617,149617,,149638,149637,149643,149644,,,0,,,,0,,,,0,,149619,149634,4,5:3,149621,149636,4,5:3,149622,149637,4,5:3,149638,149641,4,1:3,,,,,,20,4,2,1
asymmetric,4,2355,57,c,2,0,47968,4,149647,149647,,149668,149667,149673,149674,,,0,,,,0,,,,0,,149649,149664,4,5:3,149651,149666,4,5:3,149652,149667,4,5:3,149668,149671,4,1:3,,,,,,20,4,2,1
asymmetric,4,2356,57,c,3,0,48224,4,149677,149677,,149698,149697,149703,149704,,,0,,,,0,,,,0,,149679,149694,4,5:3,149681,149696,4,5:3,149682,149697,4,5:3,149698,149701,4,1:3,,,,,,20,4,2,1
asymmetric,4,2357,57,c,4,0,48480,4,149707,149707,,149728,149727,149733,149734,,,0,,,,0,,,,0,,149709,149724,4,5:3,149711,149726,4,5:3,149712,149727,4,5:3,149728,149731,4,1:3,,,,,,20,4,2,1
asymmetric,4,2358,57,c,5,0,48736,4,149737,149737,,149758,149757,149763,149764,,,0,,,,0,,,,0,,149739,149754,4,5:3,149741,149756,4,5:3,149742,149757,4,5:3,149758,149761,4,1:3,,,,,,20,4,2,1
asymmetric,4,2359,57,c,6,0,48992,4,149767,149767,,149788,149787,149793,149794,,,0,,,,0,,,,0,,149769,149784,4,5:3,149771,149786,4,5:3,149772,149787,4,5:3,149788,149791,4,1:3,,,,,,20,4,2,1
asymmetric,4,2360,57,c,7,0,49248,4,149797,149797,,149818,149817,149823,149824,,,0,,,,0,,,,0,,149799,149814,4,5:3,149801,149816,4,5:3,149802,149817,4,5:3,149818,149821,4,1:3,,,,,,20,4,2,1
asymmetric,4,2361,58,a,0,0,14400,16,149833,149833,149834,,,,149869,149836,149851,16,1:15,149852,149867,16,1:15,149853,149868,16,1:15,,,0,,,,0,,,,0,,,,0,,1,2,15,17,1,,,,
asymmetric,4,2362,58,a,0,16,14528,16,149872,149872,149873,,,,149908,149875,149890,16,1:15,149891,149906,16,1:15,149892,149907,16,1:15,,,0,,,,0,,,,0,,,,0,,1,2,15,17,1,,,,
asymmetric,4,2363,58,a,1,0,14656,16,149911,149911,149912,,,,149947,149914,149929,16,1:15,149930,149945,16,1:15,149931,149946,16,1:15,,,0,,,,0,,,,0,,,,0,,1,2,15,17,1,,,,
asymmetric,4,2364,58,a,1,16,14784,16,149950,149950,149951,,,,149986,149953,149968,16,1:15,149969,149984,16,1:15,149970,149985,16,1:15,,,0,,,,0,,,,0,,,,0,,1,2,15,17,1,,,,
asymmetric,4,2365,58,a,2,0,14912,16,149989,149989,149990,,,,150025,149992,150007,16,1:15,150008,150023,16,1:15,150009,150024,16,1:15,,,0,,,,0,,,,0,,,,0,,1,2,15,17,1,,,,
asymmetric,4,2366,58,a,2,16,15040,16,150028,150028,150029,,,,150064,150031,150046,16,1:15,150047,150062,16,1:15,150048,150063,16,1:15,,,0,,,,0,,,,0,,,,0,,1,2,15,17,1,,,,
asymmetric,4,2367,58,a,3,0,15168,16,150067,150067,150068,,,,150103,150070,150085,16,1:15,150086,150101,16,1:15,150087,150102,16,1:15,,,0,,,,0,,,,0,,,,0,,1,2,15,17,1,,,,
asymmetric,4,2368,58,a,3,16,15296,16,150106,150106,150107,,,,150142,150109,150124,16,1:15,150125,150140,16,1:15,150126,150141,16,1:15,,,0,,,,0,,,,0,,,,0,,1,2,15,17,1,,,,
asymmetric,4,2369,58,a,4,0,15424,16,150145,150145,150146,,,,150181,150148,150163,16,1:15,150164,150179,16,1:15,150165,150180,16,1:15,,,0,,,,0,,,,0,,,,0,,1,2,15,17,1,,,,
asymmetric,4,2370,58,a,4,16,15552,16,150184,150184,150185,,,,150220,150187,150202,16,1:15,150203,150218,16,1:15,150204,150219,16,1:15,,,0,,,,0,,,,0,,,,0,,1,2,15,17,1,,,,
asymmetric,4,2371,58,a,5,0,15680,16,150223,150223,150224,,,,150259,150226,150241,16,1:15,150242,150257,16,1:15,150243,150258,16,1:15,,,0,,,,0,,,,0,,,,0,,1,2,15,17,1,,,,
asymmetric,4,2372,58,a,5,16,15808,16,150262,150262,150263,,,,150298,150265,150280,16,1:15,150281,150296,16,1:15,150282,150297,16,1:15,,,0,,,,0,,,,0,,,,0,,1,2,15,17,1,,,,
asymmetric,4,2373,58,a,6,0,15936,16,150301,150301,150302,,,,150337,150304,150319,16,1:15,150320,150335,16,1:15,150321,150336,16,1:15,,,0,,,,0,,,,0,,,,0,,1,2,15,17,1,,,,
asymmetric,4,2374,58,a,6,16,16064,16,150340,150340,150341,,,,150376,150343,150358,16,1:15,150359,150374,16,1:15,150360,150375,16,1:15,,,0,,,,0,,,,0,,,,0,,1,2,15,17,1,,,,
asymmetric,4,2375,58,a,7,0,16192,16,150379,150379,150380,,,,150415,150382,150397,16,1:15,150398,150413,16,1:15,150399,150414,16,1:15,,,0,,,,0,,,,0,,,,0,,1,2,15,17,1,,,,
asymmetric,4,2376,58,a,7,16,16320,8,150418,150418,150419,,,,150438,150421,150428,8,1:7,150429,150436,8,1:7,150430,150437,8,1:7,,,0,,,,0,,,,0,,,,0,,1,2,7,9,1,,,,
asymmetric,4,2377,58,a,7,24,16384,8,150441,150441,150442,,,,150461,150444,150451,8,1:7,150452,150459,8,1:7,150453,150460,8,1:7,,,0,,,,0,,,,0,,,,0,,1,2,7,9,1,,,,
asymmetric,4,2378,58,bt,0,0,20928,16,150469,150469,150470,,,,150505,150472,150487,16,1:15,150488,150503,16,1:15,150489,150504,16,1:15,,,0,,,,0,,,,0,,,,0,,1,2,15,17,1,,,,
asymmetric,4,2379,58,bt,0,16,21056,16,150508,150508,150509,,,,150544,150511,150526,16,1:15,150527,150542,16,1:15,150528,150543,16,1:15,,,0,,,,0,,,,0,,,,0,,1,2,15,17,1,,,,
asymmetric,4,2380,58,bt,1,0,21184,16,150547,150547,150548,,,,150583,150550,150565,16,1:15,150566,150581,16,1:15,150567,150582,16,1:15,,,0,,,,0,,,,0,,,,0,,1,2,15,17,1,,,,
asymmetric,4,2381,58,bt,1,16,21312,16,150586,150586,150587,,,,150622,150589,150604,16,1:15,150605,150620,16,1:15,150606,150621,16,1:15,,,0,,,,0,,,,0,,,,0,,1,2,15,17,1,,,,
asymmetric,4,2382,58,bt,2,0,21440,16,150625,150625,150626,,,,150661,150628,150643,16,1:15,150644,150659,16,1:15,150645,150660,16,1:15,,,0,,,,0,,,,0,,,,0,,1,2,15,17,1,,,,
asymmetric,4,2383,58,bt,2,16,21568,16,150664,150664,150665,,,,150700,150667,150682,16,1:15,150683,150698,16,1:15,150684,150699,16,1:15,,,0,,,,0,,,,0,,,,0,,1,2,15,17,1,,,,
asymmetric,4,2384,58,bt,3,0,21696,16,150703,150703,150704,,,,150739,150706,150721,16,1:15,150722,150737,16,1:15,150723,150738,16,1:15,,,0,,,,0,,,,0,,,,0,,1,2,15,17,1,,,,
asymmetric,4,2385,58,bt,3,16,21824,16,150742,150742,150743,,,,150778,150745,150760,16,1:15,150761,150776,16,1:15,150762,150777,16,1:15,,,0,,,,0,,,,0,,,,0,,1,2,15,17,1,,,,
asymmetric,4,2386,58,bt,4,0,21952,16,150781,150781,150782,,,,150817,150784,150799,16,1:15,150800,150815,16,1:15,150801,150816,16,1:15,,,0,,,,0,,,,0,,,,0,,1,2,15,17,1,,,,
asymmetric,4,2387,58,bt,4,16,22080,16,150820,150820,150821,,,,150856,150823,150838,16,1:15,150839,150854,16,1:15,150840,150855,16,1:15,,,0,,,,0,,,,0,,,,0,,1,2,15,17,1,,,,
asymmetric,4,2388,58,bt,5,0,22208,16,150859,150859,150860,,,,150895,150862,150877,16,1:15,150878,150893,16,1:15,150879,150894,16,1:15,,,0,,,,0,,,,0,,,,0,,1,2,15,17,1,,,,
asymmetric,4,2389,58,bt,5,16,22336,16,150898,150898,150899,,,,150934,150901,150916,16,1:15,150917,150932,16,1:15,150918,150933,16,1:15,,,0,,,,0,,,,0,,,,0,,1,2,15,17,1,,,,
asymmetric,4,2390,58,bt,6,0,22464,16,150937,150937,150938,,,,150973,150940,150955,16,1:15,150956,150971,16,1:15,150957,150972,16,1:15,,,0,,,,0,,,,0,,,,0,,1,2,15,17,1,,,,
asymmetric,4,2391,58,bt,6,16,22592,16,150976,150976,150977,,,,151012,150979,150994,16,1:15,150995,151010,16,1:15,150996,151011,16,1:15,,,0,,,,0,,,,0,,,,0,,1,2,15,17,1,,,,
asymmetric,4,2392,58,bt,7,0,22720,16,151015,151015,151016,,,,151051,151018,151033,16,1:15,151034,151049,16,1:15,151035,151050,16,1:15,,,0,,,,0,,,,0,,,,0,,1,2,15,17,1,,,,
asymmetric,4,2393,58,bt,7,16,22848,16,151054,151054,151055,,,,151090,151057,151072,16,1:15,151073,151088,16,1:15,151074,151089,16,1:15,,,0,,,,0,,,,0,,,,0,,1,2,15,17,1,,,,
asymmetric,4,2394,58,c,0,0,47488,4,152180,152180,,152201,152200,152206,152207,,,0,,,,0,,,,0,,152182,152197,4,5:3,152184,152199,4,5:3,152185,152200,4,5:3,152201,152204,4,1:3,,,,,,20,4,2,1
asymmetric,4,2395,58,c,1,0,47744,4,152210,152210,,152231,152230,152236,152237,,,0,,,,0,,,,0,,152212,152227,4,5:3,152214,152229,4,5:3,152215,152230,4,5:3,152231,152234,4,1:3,,,,,,20,4,2,1
asymmetric,4,2396,58,c,2,0,48000,4,152240,152240,,152261,152260,152266,152267,,,0,,,,0,,,,0,,152242,152257,4,5:3,152244,152259,4,5:3,152245,152260,4,5:3,152261,152264,4,1:3,,,,,,20,4,2,1
asymmetric,4,2397,58,c,3,0,48256,4,152270,152270,,152291,152290,152296,152297,,,0,,,,0,,,,0,,152272,152287,4,5:3,152274,152289,4,5:3,152275,152290,4,5:3,152291,152294,4,1:3,,,,,,20,4,2,1
asymmetric,4,2398,58,c,4,0,48512,4,152300,152300,,152321,152320,152326,152327,,,0,,,,0,,,,0,,152302,152317,4,5:3,152304,152319,4,5:3,152305,152320,4,5:3,152321,152324,4,1:3,,,,,,20,4,2,1
asymmetric,4,2399,58,c,5,0,48768,4,152330,152330,,152351,152350,152356,152357,,,0,,,,0,,,,0,,152332,152347,4,5:3,152334,152349,4,5:3,152335,152350,4,5:3,152351,152354,4,1:3,,,,,,20,4,2,1
asymmetric,4,2400,58,c,6,0,49024,4,152360,152360,,152381,152380,152386,152387,,,0,,,,0,,,,0,,152362,152377,4,5:3,152364,152379,4,5:3,152365,152380,4,5:3,152381,152384,4,1:3,,,,,,20,4,2,1
asymmetric,4,2401,58,c,7,0,49280,4,152390,152390,,152411,152410,152416,152417,,,0,,,,0,,,,0,,152392,152407,4,5:3,152394,152409,4,5:3,152395,152410,4,5:3,152411,152414,4,1:3,,,,,,20,4,2,1
asymmetric,4,2402,59,a,0,0,14400,16,152426,152426,152427,,,,152462,152429,152444,16,1:15,152445,152460,16,1:15,152446,152461,16,1:15,,,0,,,,0,,,,0,,,,0,,1,2,15,17,1,,,,
asymmetric,4,2403,59,a,0,16,14528,16,152465,152465,152466,,,,152501,152468,152483,16,1:15,152484,152499,16,1:15,152485,152500,16,1:15,,,0,,,,0,,,,0,,,,0,,1,2,15,17,1,,,,
asymmetric,4,2404,59,a,1,0,14656,16,152504,152504,152505,,,,152540,152507,152522,16,1:15,152523,152538,16,1:15,152524,152539,16,1:15,,,0,,,,0,,,,0,,,,0,,1,2,15,17,1,,,,
asymmetric,4,2405,59,a,1,16,14784,16,152543,152543,152544,,,,152579,152546,152561,16,1:15,152562,152577,16,1:15,152563,152578,16,1:15,,,0,,,,0,,,,0,,,,0,,1,2,15,17,1,,,,
asymmetric,4,2406,59,a,2,0,14912,16,152582,152582,152583,,,,152618,152585,152600,16,1:15,152601,152616,16,1:15,152602,152617,16,1:15,,,0,,,,0,,,,0,,,,0,,1,2,15,17,1,,,,
asymmetric,4,2407,59,a,2,16,15040,16,152621,152621,152622,,,,152657,152624,152639,16,1:15,152640,152655,16,1:15,152641,152656,16,1:15,,,0,,,,0,,,,0,,,,0,,1,2,15,17,1,,,,
asymmetric,4,2408,59,a,3,0,15168,16,152660,152660,152661,,,,152696,152663,152678,16,1:15,152679,152694,16,1:15,152680,152695,16,1:15,,,0,,,,0,,,,0,,,,0,,1,2,15,17,1,,,,
asymmetric,4,2409,59,a,3,16,15296,16,152699,152699,152700,,,,152735,152702,152717,16,1:15,152718,152733,16,1:15,152719,152734,16,1:15,,,0,,,,0,,,,0,,,,0,,1,2,15,17,1,,,,
asymmetric,4,2410,59,a,4,0,15424,16,152738,152738,152739,,,,152774,152741,152756,16,1:15,152757,152772,16,1:15,152758,152773,16,1:15,,,0,,,,0,,,,0,,,,0,,1,2,15,17,1,,,,
asymmetric,4,2411,59,a,4,16,15552,16,152777,152777,152778,,,,152813,152780,152795,16,1:15,152796,152811,16,1:15,152797,152812,16,1:15,,,0,,,,0,,,,0,,,,0,,1,2,15,17,1,,,,
asymmetric,4,2412,59,a,5,0,15680,16,152816,152816,152817,,,,152852,152819,152834,16,1:15,152835,152850,16,1:15,152836,152851,16,1:15,,,0,,,,0,,,,0,,,,0,,1,2,15,17,1,,,,
asymmetric,4,2413,59,a,5,16,15808,16,152855,152855,152856,,,,152891,152858,152873,16,1:15,152874,152889,16,1:15,152875,152890,16,1:15,,,0,,,,0,,,,0,,,,0,,1,2,15,17,1,,,,
asymmetric,4,2414,59,a,6,0,15936,16,152894,152894,152895,,,,152930,152897,152912,16,1:15,152913,152928,16,1:15,152914,152929,16,1:15,,,0,,,,0,,,,0,,,,0,,1,2,15,17,1,,,,
asymmetric,4,2415,59,a,6,16,16064,16,152933,152933,152934,,,,152969,152936,152951,16,1:15,152952,152967,16,1:15,152953,152968,16,1:15,,,0,,,,0,,,,0,,,,0,,1,2,15,17,1,,,,
asymmetric,4,2416,59,a,7,0,16192,16,152972,152972,152973,,,,153008,152975,152990,16,1:15,152991,153006,16,1:15,152992,153007,16,1:15,,,0,,,,0,,,,0,,,,0,,1,2,15,17,1,,,,
asymmetric,4,2417,59,a,7,16,16320,8,153011,153011,153012,,,,153031,153014,153021,8,1:7,153022,153029,8,1:7,153023,153030,8,1:7,,,0,,,,0,,,,0,,,,0,,1,2,7,9,1,,,,
asymmetric,4,2418,59,a,7,24,16384,8,153034,153034,153035,,,,153054,153037,153044,8,1:7,153045,153052,8,1:7,153046,153053,8,1:7,,,0,,,,0,,,,0,,,,0,,1,2,7,9,1,,,,
asymmetric,4,2419,59,bt,0,0,22976,16,153062,153062,153063,,,,153098,153065,153080,16,1:15,153081,153096,16,1:15,153082,153097,16,1:15,,,0,,,,0,,,,0,,,,0,,1,2,15,17,1,,,,
asymmetric,4,2420,59,bt,0,16,23104,16,153101,153101,153102,,,,153137,153104,153119,16,1:15,153120,153135,16,1:15,153121,153136,16,1:15,,,0,,,,0,,,,0,,,,0,,1,2,15,17,1,,,,
asymmetric,4,2421,59,bt,1,0,23232,16,153140,153140,153141,,,,153176,153143,153158,16,1:15,153159,153174,16,1:15,153160,153175,16,1:15,,,0,,,,0,,,,0,,,,0,,1,2,15,17,1,,,,
asymmetric,4,2422,59,bt,1,16,23360,16,153179,153179,153180,,,,153215,153182,153197,16,1:15,153198,153213,16,1:15,153199,153214,16,1:15,,,0,,,,0,,,,0,,,,0,,1,2,15,17,1,,,,
asymmetric,4,2423,59,bt,2,0,23488,16,153218,153218,153219,,,,153254,153221,153236,16,1:15,153237,153252,16,1:15,153238,153253,16,1:15,,,0,,,,0,,,,0,,,,0,,1,2,15,17,1,,,,
asymmetric,4,2424,59,bt,2,16,23616,16,153257,153257,153258,,,,153293,153260,153275,16,1:15,153276,153291,16,1:15,153277,153292,16,1:15,,,0,,,,0,,,,0,,,,0,,1,2,15,17,1,,,,
asymmetric,4,2425,59,bt,3,0,23744,16,153296,153296,153297,,,,153332,153299,153314,16,1:15,153315,153330,16,1:15,153316,153331,16,1:15,,,0,,,,0,,,,0,,,,0,,1,2,15,17,1,,,,
asymmetric,4,2426,59,bt,3,16,23872,16,153335,153335,153336,,,,153371,153338,153353,16,1:15,153354,153369,16,1:15,153355,153370,16,1:15,,,0,,,,0,,,,0,,,,0,,1,2,15,17,1,,,,
asymmetric,4,2427,59,bt,4,0,24000,16,153374,153374,153375,,,,153410,153377,153392,16,1:15,153393,153408,16,1:15,153394,153409,16,1:15,,,0,,,,0,,,,0,,,,0,,1,2,15,17,1,,,,
asymmetric,4,2428,59,bt,4,16,24128,16,153413,153413,153414,,,,153449,153416,153431,16,1:15,153432,153447,16,1:15,153433,153448,16,1:15,,,0,,,,0,,,,0,,,,0,,1,2,15,17,1,,,,
asymmetric,4,2429,59,bt,5,0,24256,16,153452,153452,153453,,,,153488,153455,153470,16,1:15,153471,153486,16,1:15,153472,153487,16,1:15,,,0,,,,0,,,,0,,,,0,,1,2,15,17,1,,,,
asymmetric,4,2430,59,bt,5,16,24384,16,153491,153491,153492,,,,153527,153494,153509,16,1:15,153510,153525,16,1:15,153511,153526,16,1:15,,,0,,,,0,,,,0,,,,0,,1,2,15,17,1,,,,
asymmetric,4,2431,59,bt,6,0,24512,8,153530,153530,153531,,,,153550,153533,153540,8,1:7,153541,153548,8,1:7,153542,153549,8,1:7,,,0,,,,0,,,,0,,,,0,,1,2,7,9,1,,,,
asymmetric,4,2432,59,bt,6,8,24576,16,153553,153553,153554,,,,153589,153556,153571,16,1:15,153572,153587,16,1:15,153573,153588,16,1:15,,,0,,,,0,,,,0,,,,0,,1,2,15,17,1,,,,
asymmetric,4,2433,59,bt,6,24,24704,8,153592,153592,153593,,,,153612,153595,153602,8,1:7,153603,153610,8,1:7,153604,153611,8,1:7,,,0,,,,0,,,,0,,,,0,,1,2,7,9,1,,,,
asymmetric,4,2434,59,bt,7,0,24768,16,153615,153615,153616,,,,153651,153618,153633,16,1:15,153634,153649,16,1:15,153635,153650,16,1:15,,,0,,,,0,,,,0,,,,0,,1,2,15,17,1,,,,
asymmetric,4,2435,59,bt,7,16,24896,16,153654,153654,153655,,,,153690,153657,153672,16,1:15,153673,153688,16,1:15,153674,153689,16,1:15,,,0,,,,0,,,,0,,,,0,,1,2,15,17,1,,,,
asymmetric,4,2436,59,c,0,0,47520,4,154780,154780,,154801,154800,154806,154807,,,0,,,,0,,,,0,,154782,154797,4,5:3,154784,154799,4,5:3,154785,154800,4,5:3,154801,154804,4,1:3,,,,,,20,4,2,1
asymmetric,4,2437,59,c,1,0,47776,4,154810,154810,,154831,154830,154836,154837,,,0,,,,0,,,,0,,154812,154827,4,5:3,154814,154829,4,5:3,154815,154830,4,5:3,154831,154834,4,1:3,,,,,,20,4,2,1
asymmetric,4,2438,59,c,2,0,48032,4,154840,154840,,154861,154860,154866,154867,,,0,,,,0,,,,0,,154842,154857,4,5:3,154844,154859,4,5:3,154845,154860,4,5:3,154861,154864,4,1:3,,,,,,20,4,2,1
asymmetric,4,2439,59,c,3,0,48288,4,154870,154870,,154891,154890,154896,154897,,,0,,,,0,,,,0,,154872,154887,4,5:3,154874,154889,4,5:3,154875,154890,4,5:3,154891,154894,4,1:3,,,,,,20,4,2,1
asymmetric,4,2440,59,c,4,0,48544,4,154900,154900,,154921,154920,154926,154927,,,0,,,,0,,,,0,,154902,154917,4,5:3,154904,154919,4,5:3,154905,154920,4,5:3,154921,154924,4,1:3,,,,,,20,4,2,1
asymmetric,4,2441,59,c,5,0,48800,4,154930,154930,,154951,154950,154956,154957,,,0,,,,0,,,,0,,154932,154947,4,5:3,154934,154949,4,5:3,154935,154950,4,5:3,154951,154954,4,1:3,,,,,,20,4,2,1
asymmetric,4,2442,59,c,6,0,49056,4,154960,154960,,154981,154980,154986,154987,,,0,,,,0,,,,0,,154962,154977,4,5:3,154964,154979,4,5:3,154965,154980,4,5:3,154981,154984,4,1:3,,,,,,20,4,2,1
asymmetric,4,2443,59,c,7,0,49312,4,154990,154990,,155011,155010,155016,155017,,,0,,,,0,,,,0,,154992,155007,4,5:3,154994,155009,4,5:3,154995,155010,4,5:3,155011,155014,4,1:3,,,,,,20,4,2,1
asymmetric,4,2444,60,a,0,0,14400,16,155026,155026,155027,,,,155062,155029,155044,16,1:15,155045,155060,16,1:15,155046,155061,16,1:15,,,0,,,,0,,,,0,,,,0,,1,2,15,17,1,,,,
asymmetric,4,2445,60,a,0,16,14528,16,155065,155065,155066,,,,155101,155068,155083,16,1:15,155084,155099,16,1:15,155085,155100,16,1:15,,,0,,,,0,,,,0,,,,0,,1,2,15,17,1,,,,
asymmetric,4,2446,60,a,1,0,14656,16,155104,155104,155105,,,,155140,155107,155122,16,1:15,155123,155138,16,1:15,155124,155139,16,1:15,,,0,,,,0,,,,0,,,,0,,1,2,15,17,1,,,,
asymmetric,4,2447,60,a,1,16,14784,16,155143,155143,155144,,,,155179,155146,155161,16,1:15,155162,155177,16,1:15,155163,155178,16,1:15,,,0,,,,0,,,,0,,,,0,,1,2,15,17,1,,,,
asymmetric,4,2448,60,a,2,0,14912,16,155182,155182,155183,,,,155218,155185,155200,16,1:15,155201,155216,16,1:15,155202,155217,16,1:15,,,0,,,,0,,,,0,,,,0,,1,2,15,17,1,,,,
asymmetric,4,2449,60,a,2,16,15040,16,155221,155221,155222,,,,155257,155224,155239,16,1:15,155240,155255,16,1:15,155241,155256,16,1:15,,,0,,,,0,,,,0,,,,0,,1,2,15,17,1,,,,
asymmetric,4,2450,60,a,3,0,15168,16,155260,155260,155261,,,,155296,155263,155278,16,1:15,155279,155294,16,1:15,155280,155295,16,1:15,,,0,,,,0,,,,0,,,,0,,1,2,15,17,1,,,,
asymmetric,4,2451,60,a,3,16,15296,16,155299,155299,155300,,,,155335,155302,155317,16,1:15,155318,155333,16,1:15,155319,155334,16,1:15,,,0,,,,0,,,,0,,,,0,,1,2,15,17,1,,,,
asymmetric,4,2452,60,a,4,0,15424,16,155338,155338,155339,,,,155374,155341,155356,16,1:15,155357,155372,16,1:15,155358,155373,16,1:15,,,0,,,,0,,,,0,,,,0,,1,2,15,17,1,,,,
asymmetric,4,2453,60,a,4,16,15552,16,155377,155377,155378,,,,155413,155380,155395,16,1:15,155396,155411,16,1:15,155397,155412,16,1:15,,,0,,,,0,,,,0,,,,0,,1,2,15,17,1,,,,
asymmetric,4,2454,60,a,5,0,15680,16,155416,155416,155417,,,,155452,155419,155434,16,1:15,155435,155450,16,1:15,155436,155451,16,1:15,,,0,,,,0,,,,0,,,,0,,1,2,15,17,1,,,,
asymmetric,4,2455,60,a,5,16,15808,16,155455,155455,155456,,,,155491,155458,155473,16,1:15,155474,155489,16,1:15,155475,155490,16,1:15,,,0,,,,0,,,,0,,,,0,,1,2,15,17,1,,,,
asymmetric,4,2456,60,a,6,0,15936,16,155494,155494,155495,,,,155530,155497,155512,16,1:15,155513,155528,16,1:15,155514,155529,16,1:15,,,0,,,,0,,,,0,,,,0,,1,2,15,17,1,,,,
asymmetric,4,2457,60,a,6,16,16064,16,155533,155533,155534,,,,155569,155536,155551,16,1:15,155552,155567,16,1:15,155553,155568,16,1:15,,,0,,,,0,,,,0,,,,0,,1,2,15,17,1,,,,
asymmetric,4,2458,60,a,7,0,16192,16,155572,155572,155573,,,,155608,155575,155590,16,1:15,155591,155606,16,1:15,155592,155607,16,1:15,,,0,,,,0,,,,0,,,,0,,1,2,15,17,1,,,,
asymmetric,4,2459,60,a,7,16,16320,8,155611,155611,155612,,,,155631,155614,155621,8,1:7,155622,155629,8,1:7,155623,155630,8,1:7,,,0,,,,0,,,,0,,,,0,,1,2,7,9,1,,,,
asymmetric,4,2460,60,a,7,24,16384,8,155634,155634,155635,,,,155654,155637,155644,8,1:7,155645,155652,8,1:7,155646,155653,8,1:7,,,0,,,,0,,,,0,,,,0,,1,2,7,9,1,,,,
asymmetric,4,2461,60,bt,0,0,25024,16,155662,155662,155663,,,,155698,155665,155680,16,1:15,155681,155696,16,1:15,155682,155697,16,1:15,,,0,,,,0,,,,0,,,,0,,1,2,15,17,1,,,,
asymmetric,4,2462,60,bt,0,16,25152,16,155701,155701,155702,,,,155737,155704,155719,16,1:15,155720,155735,16,1:15,155721,155736,16,1:15,,,0,,,,0,,,,0,,,,0,,1,2,15,17,1,,,,
asymmetric,4,2463,60,bt,1,0,25280,16,155740,155740,155741,,,,155776,155743,155758,16,1:15,155759,155774,16,1:15,155760,155775,16,1:15,,,0,,,,0,,,,0,,,,0,,1,2,15,17,1,,,,
asymmetric,4,2464,60,bt,1,16,25408,16,155779,155779,155780,,,,155815,155782,155797,16,1:15,155798,155813,16,1:15,155799,155814,16,1:15,,,0,,,,0,,,,0,,,,0,,1,2,15,17,1,,,,
asymmetric,4,2465,60,bt,2,0,25536,16,155818,155818,155819,,,,155854,155821,155836,16,1:15,155837,155852,16,1:15,155838,155853,16,1:15,,,0,,,,0,,,,0,,,,0,,1,2,15,17,1,,,,
asymmetric,4,2466,60,bt,2,16,25664,16,155857,155857,155858,,,,155893,155860,155875,16,1:15,155876,155891,16,1:15,155877,155892,16,1:15,,,0,,,,0,,,,0,,,,0,,1,2,15,17,1,,,,
asymmetric,4,2467,60,bt,3,0,25792,16,155896,155896,155897,,,,155932,155899,155914,16,1:15,155915,155930,16,1:15,155916,155931,16,1:15,,,0,,,,0,,,,0,,,,0,,1,2,15,17,1,,,,
asymmetric,4,2468,60,bt,3,16,25920,16,155935,155935,155936,,,,155971,155938,155953,16,1:15,155954,155969,16,1:15,155955,155970,16,1:15,,,0,,,,0,,,,0,,,,0,,1,2,15,17,1,,,,
asymmetric,4,2469,60,bt,4,0,26048,16,155974,155974,155975,,,,156010,155977,155992,16,1:15,155993,156008,16,1:15,155994,156009,16,1:15,,,0,,,,0,,,,0,,,,0,,1,2,15,17,1,,,,
asymmetric,4,2470,60,bt,4,16,26176,16,156013,156013,156014,,,,156049,156016,156031,16,1:15,156032,156047,16,1:15,156033,156048,16,1:15,,,0,,,,0,,,,0,,,,0,,1,2,15,17,1,,,,
asymmetric,4,2471,60,bt,5,0,26304,16,156052,156052,156053,,,,156088,156055,156070,16,1:15,156071,156086,16,1:15,156072,156087,16,1:15,,,0,,,,0,,,,0,,,,0,,1,2,15,17,1,,,,
asymmetric,4,2472,60,bt,5,16,26432,16,156091,156091,156092,,,,156127,156094,156109,16,1:15,156110,156125,16,1:15,156111,156126,16,1:15,,,0,,,,0,,,,0,,,,0,,1,2,15,17,1,,,,
asymmetric,4,2473,60,bt,6,0,26560,16,156130,156130,156131,,,,156166,156133,156148,16,1:15,156149,156164,16,1:15,156150,156165,16,1:15,,,0,,,,0,,,,0,,,,0,,1,2,15,17,1,,,,
asymmetric,4,2474,60,bt,6,16,26688,16,156169,156169,156170,,,,156205,156172,156187,16,1:15,156188,156203,16,1:15,156189,156204,16,1:15,,,0,,,,0,,,,0,,,,0,,1,2,15,17,1,,,,
asymmetric,4,2475,60,bt,7,0,26816,16,156208,156208,156209,,,,156244,156211,156226,16,1:15,156227,156242,16,1:15,156228,156243,16,1:15,,,0,,,,0,,,,0,,,,0,,1,2,15,17,1,,,,
asymmetric,4,2476,60,bt,7,16,26944,16,156247,156247,156248,,,,156283,156250,156265,16,1:15,156266,156281,16,1:15,156267,156282,16,1:15,,,0,,,,0,,,,0,,,,0,,1,2,15,17,1,,,,
asymmetric,4,2477,60,c,0,0,47552,4,157373,157373,,157394,157393,157399,157400,,,0,,,,0,,,,0,,157375,157390,4,5:3,157377,157392,4,5:3,157378,157393,4,5:3,157394,157397,4,1:3,,,,,,20,4,2,1
asymmetric,4,2478,60,c,1,0,47808,4,157403,157403,,157424,157423,157429,157430,,,0,,,,0,,,,0,,157405,157420,4,5:3,157407,157422,4,5:3,157408,157423,4,5:3,157424,157427,4,1:3,,,,,,20,4,2,1
asymmetric,4,2479,60,c,2,0,48064,4,157433,157433,,157454,157453,157459,157460,,,0,,,,0,,,,0,,157435,157450,4,5:3,157437,157452,4,5:3,157438,157453,4,5:3,157454,157457,4,1:3,,,,,,20,4,2,1
asymmetric,4,2480,60,c,3,0,48320,4,157463,157463,,157484,157483,157489,157490,,,0,,,,0,,,,0,,157465,157480,4,5:3,157467,157482,4,5:3,157468,157483,4,5:3,157484,157487,4,1:3,,,,,,20,4,2,1
asymmetric,4,2481,60,c,4,0,48576,4,157493,157493,,157514,157513,157519,157520,,,0,,,,0,,,,0,,157495,157510,4,5:3,157497,157512,4,5:3,157498,157513,4,5:3,157514,157517,4,1:3,,,,,,20,4,2,1
asymmetric,4,2482,60,c,5,0,48832,4,157523,157523,,157544,157543,157549,157550,,,0,,,,0,,,,0,,157525,157540,4,5:3,157527,157542,4,5:3,157528,157543,4,5:3,157544,157547,4,1:3,,,,,,20,4,2,1
asymmetric,4,2483,60,c,6,0,49088,4,157553,157553,,157574,157573,157579,157580,,,0,,,,0,,,,0,,157555,157570,4,5:3,157557,157572,4,5:3,157558,157573,4,5:3,157574,157577,4,1:3,,,,,,20,4,2,1
asymmetric,4,2484,60,c,7,0,49344,4,157583,157583,,157604,157603,157609,157610,,,0,,,,0,,,,0,,157585,157600,4,5:3,157587,157602,4,5:3,157588,157603,4,5:3,157604,157607,4,1:3,,,,,,20,4,2,1
asymmetric,4,2485,61,a,0,0,14400,16,157619,157619,157620,,,,157655,157622,157637,16,1:15,157638,157653,16,1:15,157639,157654,16,1:15,,,0,,,,0,,,,0,,,,0,,1,2,15,17,1,,,,
asymmetric,4,2486,61,a,0,16,14528,16,157658,157658,157659,,,,157694,157661,157676,16,1:15,157677,157692,16,1:15,157678,157693,16,1:15,,,0,,,,0,,,,0,,,,0,,1,2,15,17,1,,,,
asymmetric,4,2487,61,a,1,0,14656,16,157697,157697,157698,,,,157733,157700,157715,16,1:15,157716,157731,16,1:15,157717,157732,16,1:15,,,0,,,,0,,,,0,,,,0,,1,2,15,17,1,,,,
asymmetric,4,2488,61,a,1,16,14784,16,157736,157736,157737,,,,157772,157739,157754,16,1:15,157755,157770,16,1:15,157756,157771,16,1:15,,,0,,,,0,,,,0,,,,0,,1,2,15,17,1,,,,
asymmetric,4,2489,61,a,2,0,14912,16,157775,157775,157776,,,,157811,157778,157793,16,1:15,157794,157809,16,1:15,157795,157810,16,1:15,,,0,,,,0,,,,0,,,,0,,1,2,15,17,1,,,,
asymmetric,4,2490,61,a,2,16,15040,16,157814,157814,157815,,,,157850,157817,157832,16,1:15,157833,157848,16,1:15,157834,157849,16,1:15,,,0,,,,0,,,,0,,,,0,,1,2,15,17,1,,,,
asymmetric,4,2491,61,a,3,0,15168,16,157853,157853,157854,,,,157889,157856,157871,16,1:15,157872,157887,16,1:15,157873,157888,16,1:15,,,0,,,,0,,,,0,,,,0,,1,2,15,17,1,,,,
asymmetric,4,2492,61,a,3,16,15296,16,157892,157892,157893,,,,157928,157895,157910,16,1:15,157911,157926,16,1:15,157912,157927,16,1:15,,,0,,,,0,,,,0,,,,0,,1,2,15,17,1,,,,
asymmetric,4,2493,61,a,4,0,15424,16,157931,157931,157932,,,,157967,157934,157949,16,1:15,157950,157965,16,1:15,157951,157966,16,1:15,,,0,,,,0,,,,0,,,,0,,1,2,15,17,1,,,,
asymmetric,4,2494,61,a,4,16,15552,16,157970,157970,157971,,,,158006,157973,157988,16,1:15,157989,158004,16,1:15,157990,158005,16,1:15,,,0,,,,0,,,,0,,,,0,,1,2,15,17,1,,,,
asymmetric,4,2495,61,a,5,0,15680,16,158009,158009,158010,,,,158045,158012,158027,16,1:15,158028,158043,16,1:15,158029,158044,16,1:15,,,0,,,,0,,,,0,,,,0,,1,2,15,17,1,,,,
asymmetric,4,2496,61,a,5,16,15808,16,158048,158048,158049,,,,158084,158051,158066,16,1:15,158067,158082,16,1:15,158068,158083,16,1:15,,,0,,,,0,,,,0,,,,0,,1,2,15,17,1,,,,
asymmetric,4,2497,61,a,6,0,15936,16,158087,158087,158088,,,,158123,158090,158105,16,1:15,158106,158121,16,1:15,158107,158122,16,1:15,,,0,,,,0,,,,0,,,,0,,1,2,15,17,1,,,,
asymmetric,4,2498,61,a,6,16,16064,16,158126,158126,158127,,,,158162,158129,158144,16,1:15,158145,158160,16,1:15,158146,158161,16,1:15,,,0,,,,0,,,,0,,,,0,,1,2,15,17,1,,,,
asymmetric,4,2499,61,a,7,0,16192,16,158165,158165,158166,,,,158201,158168,158183,16,1:15,158184,158199,16,1:15,158185,158200,16,1:15,,,0,,,,0,,,,0,,,,0,,1,2,15,17,1,,,,
asymmetric,4,2500,61,a,7,16,16320,8,158204,158204,158205,,,,158224,158207,158214,8,1:7,158215,158222,8,1:7,158216,158223,8,1:7,,,0,,,,0,,,,0,,,,0,,1,2,7,9,1,,,,
asymmetric,4,2501,61,a,7,24,16384,8,158227,158227,158228,,,,158247,158230,158237,8,1:7,158238,158245,8,1:7,158239,158246,8,1:7,,,0,,,,0,,,,0,,,,0,,1,2,7,9,1,,,,
asymmetric,4,2502,61,bt,0,0,27072,16,158255,158255,158256,,,,158291,158258,158273,16,1:15,158274,158289,16,1:15,158275,158290,16,1:15,,,0,,,,0,,,,0,,,,0,,1,2,15,17,1,,,,
asymmetric,4,2503,61,bt,0,16,27200,16,158294,158294,158295,,,,158330,158297,158312,16,1:15,158313,158328,16,1:15,158314,158329,16,1:15,,,0,,,,0,,,,0,,,,0,,1,2,15,17,1,,,,
asymmetric,4,2504,61,bt,1,0,27328,16,158333,158333,158334,,,,158369,158336,158351,16,1:15,158352,158367,16,1:15,158353,158368,16,1:15,,,0,,,,0,,,,0,,,,0,,1,2,15,17,1,,,,
asymmetric,4,2505,61,bt,1,16,27456,16,158372,158372,158373,,,,158408,158375,158390,16,1:15,158391,158406,16,1:15,158392,158407,16,1:15,,,0,,,,0,,,,0,,,,0,,1,2,15,17,1,,,,
asymmetric,4,2506,61,bt,2,0,27584,16,158411,158411,158412,,,,158447,158414,158429,16,1:15,158430,158445,16,1:15,158431,158446,16,1:15,,,0,,,,0,,,,0,,,,0,,1,2,15,17,1,,,,
asymmetric,4,2507,61,bt,2,16,27712,16,158450,158450,158451,,,,158486,158453,158468,16,1:15,158469,158484,16,1:15,158470,158485,16,1:15,,,0,,,,0,,,,0,,,,0,,1,2,15,17,1,,,,
asymmetric,4,2508,61,bt,3,0,27840,16,158489,158489,158490,,,,158525,158492,158507,16,1:15,158508,158523,16,1:15,158509,158524,16,1:15,,,0,,,,0,,,,0,,,,0,,1,2,15,17,1,,,,
asymmetric,4,2509,61,bt,3,16,27968,16,158528,158528,158529,,,,158564,158531,158546,16,1:15,158547,158562,16,1:15,158548,158563,16,1:15,,,0,,,,0,,,,0,,,,0,,1,2,15,17,1,,,,
asymmetric,4,2510,61,bt,4,0,28096,16,158567,158567,158568,,,,158603,158570,158585,16,1:15,158586,158601,16,1:15,158587,158602,16,1:15,,,0,,,,0,,,,0,,,,0,,1,2,15,17,1,,,,
asymmetric,4,2511,61,bt,4,16,28224,16,158606,158606,158607,,,,158642,158609,158624,16,1:15,158625,158640,16,1:15,158626,158641,16,1:15,,,0,,,,0,,,,0,,,,0,,1,2,15,17,1,,,,
asymmetric,4,2512,61,bt,5,0,28352,16,158645,158645,158646,,,,158681,158648,158663,16,1:15,158664,158679,16,1:15,158665,158680,16,1:15,,,0,,,,0,,,,0,,,,0,,1,2,15,17,1,,,,
asymmetric,4,2513,61,bt,5,16,28480,16,158684,158684,158685,,,,158720,158687,158702,16,1:15,158703,158718,16,1:15,158704,158719,16,1:15,,,0,,,,0,,,,0,,,,0,,1,2,15,17,1,,,,
asymmetric,4,2514,61,bt,6,0,28608,8,158723,158723,158724,,,,158743,158726,158733,8,1:7,158734,158741,8,1:7,158735,158742,8,1:7,,,0,,,,0,,,,0,,,,0,,1,2,7,9,1,,,,
asymmetric,4,2515,61,bt,6,8,28672,16,158746,158746,158747,,,,158782,158749,158764,16,1:15,158765,158780,16,1:15,158766,158781,16,1:15,,,0,,,,0,,,,0,,,,0,,1,2,15,17,1,,,,
asymmetric,4,2516,61,bt,6,24,28800,8,158785,158785,158786,,,,158805,158788,158795,8,1:7,158796,158803,8,1:7,158797,158804,8,1:7,,,0,,,,0,,,,0,,,,0,,1,2,7,9,1,,,,
asymmetric,4,2517,61,bt,7,0,28864,16,158808,158808,158809,,,,158844,158811,158826,16,1:15,158827,158842,16,1:15,158828,158843,16,1:15,,,0,,,,0,,,,0,,,,0,,1,2,15,17,1,,,,
asymmetric,4,2518,61,bt,7,16,28992,16,158847,158847,158848,,,,158883,158850,158865,16,1:15,158866,158881,16,1:15,158867,158882,16,1:15,,,0,,,,0,,,,0,,,,0,,1,2,15,17,1,,,,
asymmetric,4,2519,61,c,0,0,47584,4,159973,159973,,159994,159993,159999,160000,,,0,,,,0,,,,0,,159975,159990,4,5:3,159977,159992,4,5:3,159978,159993,4,5:3,159994,159997,4,1:3,,,,,,20,4,2,1
asymmetric,4,2520,61,c,1,0,47840,4,160003,160003,,160024,160023,160029,160030,,,0,,,,0,,,,0,,160005,160020,4,5:3,160007,160022,4,5:3,160008,160023,4,5:3,160024,160027,4,1:3,,,,,,20,4,2,1
asymmetric,4,2521,61,c,2,0,48096,4,160033,160033,,160054,160053,160059,160060,,,0,,,,0,,,,0,,160035,160050,4,5:3,160037,160052,4,5:3,160038,160053,4,5:3,160054,160057,4,1:3,,,,,,20,4,2,1
asymmetric,4,2522,61,c,3,0,48352,4,160063,160063,,160084,160083,160089,160090,,,0,,,,0,,,,0,,160065,160080,4,5:3,160067,160082,4,5:3,160068,160083,4,5:3,160084,160087,4,1:3,,,,,,20,4,2,1
asymmetric,4,2523,61,c,4,0,48608,4,160093,160093,,160114,160113,160119,160120,,,0,,,,0,,,,0,,160095,160110,4,5:3,160097,160112,4,5:3,160098,160113,4,5:3,160114,160117,4,1:3,,,,,,20,4,2,1
asymmetric,4,2524,61,c,5,0,48864,4,160123,160123,,160144,160143,160149,160150,,,0,,,,0,,,,0,,160125,160140,4,5:3,160127,160142,4,5:3,160128,160143,4,5:3,160144,160147,4,1:3,,,,,,20,4,2,1
asymmetric,4,2525,61,c,6,0,49120,4,160153,160153,,160174,160173,160179,160180,,,0,,,,0,,,,0,,160155,160170,4,5:3,160157,160172,4,5:3,160158,160173,4,5:3,160174,160177,4,1:3,,,,,,20,4,2,1
asymmetric,4,2526,61,c,7,0,49376,4,160183,160183,,160204,160203,160209,160210,,,0,,,,0,,,,0,,160185,160200,4,5:3,160187,160202,4,5:3,160188,160203,4,5:3,160204,160207,4,1:3,,,,,,20,4,2,1
asymmetric,4,2527,62,a,0,0,14400,16,160219,160219,160220,,,,160255,160222,160237,16,1:15,160238,160253,16,1:15,160239,160254,16,1:15,,,0,,,,0,,,,0,,,,0,,1,2,15,17,1,,,,
asymmetric,4,2528,62,a,0,16,14528,16,160258,160258,160259,,,,160294,160261,160276,16,1:15,160277,160292,16,1:15,160278,160293,16,1:15,,,0,,,,0,,,,0,,,,0,,1,2,15,17,1,,,,
asymmetric,4,2529,62,a,1,0,14656,16,160297,160297,160298,,,,160333,160300,160315,16,1:15,160316,160331,16,1:15,160317,160332,16,1:15,,,0,,,,0,,,,0,,,,0,,1,2,15,17,1,,,,
asymmetric,4,2530,62,a,1,16,14784,16,160336,160336,160337,,,,160372,160339,160354,16,1:15,160355,160370,16,1:15,160356,160371,16,1:15,,,0,,,,0,,,,0,,,,0,,1,2,15,17,1,,,,
asymmetric,4,2531,62,a,2,0,14912,16,160375,160375,160376,,,,160411,160378,160393,16,1:15,160394,160409,16,1:15,160395,160410,16,1:15,,,0,,,,0,,,,0,,,,0,,1,2,15,17,1,,,,
asymmetric,4,2532,62,a,2,16,15040,16,160414,160414,160415,,,,160450,160417,160432,16,1:15,160433,160448,16,1:15,160434,160449,16,1:15,,,0,,,,0,,,,0,,,,0,,1,2,15,17,1,,,,
asymmetric,4,2533,62,a,3,0,15168,16,160453,160453,160454,,,,160489,160456,160471,16,1:15,160472,160487,16,1:15,160473,160488,16,1:15,,,0,,,,0,,,,0,,,,0,,1,2,15,17,1,,,,
asymmetric,4,2534,62,a,3,16,15296,16,160492,160492,160493,,,,160528,160495,160510,16,1:15,160511,160526,16,1:15,160512,160527,16,1:15,,,0,,,,0,,,,0,,,,0,,1,2,15,17,1,,,,
asymmetric,4,2535,62,a,4,0,15424,16,160531,160531,160532,,,,160567,160534,160549,16,1:15,160550,160565,16,1:15,160551,160566,16,1:15,,,0,,,,0,,,,0,,,,0,,1,2,15,17,1,,,,
asymmetric,4,2536,62,a,4,16,15552,16,160570,160570,160571,,,,160606,160573,160588,16,1:15,160589,160604,16,1:15,160590,160605,16,1:15,,,0,,,,0,,,,0,,,,0,,1,2,15,17,1,,,,
asymmetric,4,2537,62,a,5,0,15680,16,160609,160609,160610,,,,160645,160612,160627,16,1:15,160628,160643,16,1:15,160629,160644,16,1:15,,,0,,,,0,,,,0,,,,0,,1,2,15,17,1,,,,
asymmetric,4,2538,62,a,5,16,15808,16,160648,160648,160649,,,,160684,160651,160666,16,1:15,160667,160682,16,1:15,160668,160683,16,1:15,,,0,,,,0,,,,0,,,,0,,1,2,15,17,1,,,,
asymmetric,4,2539,62,a,6,0,15936,16,160687,160687,160688,,,,160723,160690,160705,16,1:15,160706,160721,16,1:15,160707,160722,16,1:15,,,0,,,,0,,,,0,,,,0,,1,2,15,17,1,,,,
asymmetric,4,2540,62,a,6,16,16064,16,160726,160726,160727,,,,160762,160729,160744,16,1:15,160745,160760,16,1:15,160746,160761,16,1:15,,,0,,,,0,,,,0,,,,0,,1,2,15,17,1,,,,
asymmetric,4,2541,62,a,7,0,16192,16,160765,160765,160766,,,,160801,160768,160783,16,1:15,160784,160799,16,1:15,160785,160800,16,1:15,,,0,,,,0,,,,0,,,,0,,1,2,15,17,1,,,,
asymmetric,4,2542,62,a,7,16,16320,8,160804,160804,160805,,,,160824,160807,160814,8,1:7,160815,160822,8,1:7,160816,160823,8,1:7,,,0,,,,0,,,,0,,,,0,,1,2,7,9,1,,,,
asymmetric,4,2543,62,a,7,24,16384,8,160827,160827,160828,,,,160847,160830,160837,8,1:7,160838,160845,8,1:7,160839,160846,8,1:7,,,0,,,,0,,,,0,,,,0,,1,2,7,9,1,,,,
asymmetric,4,2544,62,bt,0,0,29120,16,160855,160855,160856,,,,160891,160858,160873,16,1:15,160874,160889,16,1:15,160875,160890,16,1:15,,,0,,,,0,,,,0,,,,0,,1,2,15,17,1,,,,
asymmetric,4,2545,62,bt,0,16,29248,16,160894,160894,160895,,,,160930,160897,160912,16,1:15,160913,160928,16,1:15,160914,160929,16,1:15,,,0,,,,0,,,,0,,,,0,,1,2,15,17,1,,,,
asymmetric,4,2546,62,bt,1,0,29376,16,160933,160933,160934,,,,160969,160936,160951,16,1:15,160952,160967,16,1:15,160953,160968,16,1:15,,,0,,,,0,,,,0,,,,0,,1,2,15,17,1,,,,
asymmetric,4,2547,62,bt,1,16,29504,16,160972,160972,160973,,,,161008,160975,160990,16,1:15,160991,161006,16,1:15,160992,161007,16,1:15,,,0,,,,0,,,,0,,,,0,,1,2,15,17,1,,,,
asymmetric,4,2548,62,bt,2,0,29632,16,161011,161011,161012,,,,161047,161014,161029,16,1:15,161030,161045,16,1:15,161031,161046,16,1:15,,,0,,,,0,,,,0,,,,0,,1,2,15,17,1,,,,
asymmetric,4,2549,62,bt,2,16,29760,16,161050,161050,161051,,,,161086,161053,161068,16,1:15,161069,161084,16,1:15,161070,161085,16,1:15,,,0,,,,0,,,,0,,,,0,,1,2,15,17,1,,,,
asymmetric,4,2550,62,bt,3,0,29888,16,161089,161089,161090,,,,161125,161092,161107,16,1:15,161108,161123,16,1:15,161109,161124,16,1:15,,,0,,,,0,,,,0,,,,0,,1,2,15,17,1,,,,
asymmetric,4,2551,62,bt,3,16,30016,16,161128,161128,161129,,,,161164,161131,161146,16,1:15,161147,161162,16,1:15,161148,161163,16,1:15,,,0,,,,0,,,,0,,,,0,,1,2,15,17,1,,,,
asymmetric,4,2552,62,bt,4,0,30144,16,161167,161167,161168,,,,161203,161170,161185,16,1:15,161186,161201,16,1:15,161187,161202,16,1:15,,,0,,,,0,,,,0,,,,0,,1,2,15,17,1,,,,
asymmetric,4,2553,62,bt,4,16,30272,16,161206,161206,161207,,,,161242,161209,161224,16,1:15,161225,161240,16,1:15,161226,161241,16,1:15,,,0,,,,0,,,,0,,,,0,,1,2,15,17,1,,,,
asymmetric,4,2554,62,bt,5,0,30400,16,161245,161245,161246,,,,161281,161248,161263,16,1:15,161264,161279,16,1:15,161265,161280,16,1:15,,,0,,,,0,,,,0,,,,0,,1,2,15,17,1,,,,
asymmetric,4,2555,62,bt,5,16,30528,16,161284,161284,161285,,,,161320,161287,161302,16,1:15,161303,161318,16,1:15,161304,161319,16,1:15,,,0,,,,0,,,,0,,,,0,,1,2,15,17,1,,,,
asymmetric,4,2556,62,bt,6,0,30656,16,161323,161323,161324,,,,161359,161326,161341,16,1:15,161342,161357,16,1:15,161343,161358,16,1:15,,,0,,,,0,,,,0,,,,0,,1,2,15,17,1,,,,
asymmetric,4,2557,62,bt,6,16,30784,16,161362,161362,161363,,,,161398,161365,161380,16,1:15,161381,161396,16,1:15,161382,161397,16,1:15,,,0,,,,0,,,,0,,,,0,,1,2,15,17,1,,,,
asymmetric,4,2558,62,bt,7,0,30912,16,161401,161401,161402,,,,161437,161404,161419,16,1:15,161420,161435,16,1:15,161421,161436,16,1:15,,,0,,,,0,,,,0,,,,0,,1,2,15,17,1,,,,
asymmetric,4,2559,62,bt,7,16,31040,16,161440,161440,161441,,,,161476,161443,161458,16,1:15,161459,161474,16,1:15,161460,161475,16,1:15,,,0,,,,0,,,,0,,,,0,,1,2,15,17,1,,,,
asymmetric,4,2560,62,c,0,0,47616,4,162566,162566,,162587,162586,162592,162593,,,0,,,,0,,,,0,,162568,162583,4,5:3,162570,162585,4,5:3,162571,162586,4,5:3,162587,162590,4,1:3,,,,,,20,4,2,1
asymmetric,4,2561,62,c,1,0,47872,4,162596,162596,,162617,162616,162622,162623,,,0,,,,0,,,,0,,162598,162613,4,5:3,162600,162615,4,5:3,162601,162616,4,5:3,162617,162620,4,1:3,,,,,,20,4,2,1
asymmetric,4,2562,62,c,2,0,48128,4,162626,162626,,162647,162646,162652,162653,,,0,,,,0,,,,0,,162628,162643,4,5:3,162630,162645,4,5:3,162631,162646,4,5:3,162647,162650,4,1:3,,,,,,20,4,2,1
asymmetric,4,2563,62,c,3,0,48384,4,162656,162656,,162677,162676,162682,162683,,,0,,,,0,,,,0,,162658,162673,4,5:3,162660,162675,4,5:3,162661,162676,4,5:3,162677,162680,4,1:3,,,,,,20,4,2,1
asymmetric,4,2564,62,c,4,0,48640,4,162686,162686,,162707,162706,162712,162713,,,0,,,,0,,,,0,,162688,162703,4,5:3,162690,162705,4,5:3,162691,162706,4,5:3,162707,162710,4,1:3,,,,,,20,4,2,1
asymmetric,4,2565,62,c,5,0,48896,4,162716,162716,,162737,162736,162742,162743,,,0,,,,0,,,,0,,162718,162733,4,5:3,162720,162735,4,5:3,162721,162736,4,5:3,162737,162740,4,1:3,,,,,,20,4,2,1
asymmetric,4,2566,62,c,6,0,49152,4,162746,162746,,162767,162766,162772,162773,,,0,,,,0,,,,0,,162748,162763,4,5:3,162750,162765,4,5:3,162751,162766,4,5:3,162767,162770,4,1:3,,,,,,20,4,2,1
asymmetric,4,2567,62,c,7,0,49408,4,162776,162776,,162797,162796,162802,162803,,,0,,,,0,,,,0,,162778,162793,4,5:3,162780,162795,4,5:3,162781,162796,4,5:3,162797,162800,4,1:3,,,,,,20,4,2,1
asymmetric,4,2568,63,a,0,0,14400,16,162812,162812,162813,,,,162848,162815,162830,16,1:15,162831,162846,16,1:15,162832,162847,16,1:15,,,0,,,,0,,,,0,,,,0,,1,2,15,17,1,,,,
asymmetric,4,2569,63,a,0,16,14528,16,162851,162851,162852,,,,162887,162854,162869,16,1:15,162870,162885,16,1:15,162871,162886,16,1:15,,,0,,,,0,,,,0,,,,0,,1,2,15,17,1,,,,
asymmetric,4,2570,63,a,1,0,14656,16,162890,162890,162891,,,,162926,162893,162908,16,1:15,162909,162924,16,1:15,162910,162925,16,1:15,,,0,,,,0,,,,0,,,,0,,1,2,15,17,1,,,,
asymmetric,4,2571,63,a,1,16,14784,16,162929,162929,162930,,,,162965,162932,162947,16,1:15,162948,162963,16,1:15,162949,162964,16,1:15,,,0,,,,0,,,,0,,,,0,,1,2,15,17,1,,,,
asymmetric,4,2572,63,a,2,0,14912,16,162968,162968,162969,,,,163004,162971,162986,16,1:15,162987,163002,16,1:15,162988,163003,16,1:15,,,0,,,,0,,,,0,,,,0,,1,2,15,17,1,,,,
asymmetric,4,2573,63,a,2,16,15040,16,163007,163007,163008,,,,163043,163010,163025,16,1:15,163026,163041,16,1:15,163027,163042,16,1:15,,,0,,,,0,,,,0,,,,0,,1,2,15,17,1,,,,
asymmetric,4,2574,63,a,3,0,15168,16,163046,163046,163047,,,,163082,163049,163064,16,1:15,163065,163080,16,1:15,163066,163081,16,1:15,,,0,,,,0,,,,0,,,,0,,1,2,15,17,1,,,,
asymmetric,4,2575,63,a,3,16,15296,16,163085,163085,163086,,,,163121,163088,163103,16,1:15,163104,163119,16,1:15,163105,163120,16,1:15,,,0,,,,0,,,,0,,,,0,,1,2,15,17,1,,,,
asymmetric,4,2576,63,a,4,0,15424,16,163124,163124,163125,,,,163160,163127,163142,16,1:15,163143,163158,16,1:15,163144,163159,16,1:15,,,0,,,,0,,,,0,,,,0,,1,2,15,17,1,,,,
asymmetric,4,2577,63,a,4,16,15552,16,163163,163163,163164,,,,163199,163166,163181,16,1:15,163182,163197,16,1:15,163183,163198,16,1:15,,,0,,,,0,,,,0,,,,0,,1,2,15,17,1,,,,
asymmetric,4,2578,63,a,5,0,15680,16,163202,163202,163203,,,,163238,163205,163220,16,1:15,163221,163236,16,1:15,163222,163237,16,1:15,,,0,,,,0,,,,0,,,,0,,1,2,15,17,1,,,,
asymmetric,4,2579,63,a,5,16,15808,16,163241,163241,163242,,,,163277,163244,163259,16,1:15,163260,163275,16,1:15,163261,163276,16,1:15,,,0,,,,0,,,,0,,,,0,,1,2,15,17,1,,,,
asymmetric,4,2580,63,a,6,0,15936,16,163280,163280,163281,,,,163316,163283,163298,16,1:15,163299,163314,16,1:15,163300,163315,16,1:15,,,0,,,,0,,,,0,,,,0,,1,2,15,17,1,,,,
asymmetric,4,2581,63,a,6,16,16064,16,163319,163319,163320,,,,163355,163322,163337,16,1:15,163338,163353,16,1:15,163339,163354,16,1:15,,,0,,,,0,,,,0,,,,0,,1,2,15,17,1,,,,
asymmetric,4,2582,63,a,7,0,16192,16,163358,163358,163359,,,,163394,163361,163376,16,1:15,163377,163392,16,1:15,163378,163393,16,1:15,,,0,,,,0,,,,0,,,,0,,1,2,15,17,1,,,,
asymmetric,4,2583,63,a,7,16,16320,8,163397,163397,163398,,,,163417,163400,163407,8,1:7,163408,163415,8,1:7,163409,163416,8,1:7,,,0,,,,0,,,,0,,,,0,,1,2,7,9,1,,,,
asymmetric,4,2584,63,a,7,24,16384,8,163420,163420,163421,,,,163440,163423,163430,8,1:7,163431,163438,8,1:7,163432,163439,8,1:7,,,0,,,,0,,,,0,,,,0,,1,2,7,9,1,,,,
asymmetric,4,2585,63,bt,0,0,31168,16,163448,163448,163449,,,,163484,163451,163466,16,1:15,163467,163482,16,1:15,163468,163483,16,1:15,,,0,,,,0,,,,0,,,,0,,1,2,15,17,1,,,,
asymmetric,4,2586,63,bt,0,16,31296,16,163487,163487,163488,,,,163523,163490,163505,16,1:15,163506,163521,16,1:15,163507,163522,16,1:15,,,0,,,,0,,,,0,,,,0,,1,2,15,17,1,,,,
asymmetric,4,2587,63,bt,1,0,31424,16,163526,163526,163527,,,,163562,163529,163544,16,1:15,163545,163560,16,1:15,163546,163561,16,1:15,,,0,,,,0,,,,0,,,,0,,1,2,15,17,1,,,,
asymmetric,4,2588,63,bt,1,16,31552,16,163565,163565,163566,,,,163601,163568,163583,16,1:15,163584,163599,16,1:15,163585,163600,16,1:15,,,0,,,,0,,,,0,,,,0,,1,2,15,17,1,,,,
asymmetric,4,2589,63,bt,2,0,31680,16,163604,163604,163605,,,,163640,163607,163622,16,1:15,163623,163638,16,1:15,163624,163639,16,1:15,,,0,,,,0,,,,0,,,,0,,1,2,15,17,1,,,,
asymmetric,4,2590,63,bt,2,16,31808,16,163643,163643,163644,,,,163679,163646,163661,16,1:15,163662,163677,16,1:15,163663,163678,16,1:15,,,0,,,,0,,,,0,,,,0,,1,2,15,17,1,,,,
asymmetric,4,2591,63,bt,3,0,31936,16,163682,163682,163683,,,,163718,163685,163700,16,1:15,163701,163716,16,1:15,163702,163717,16,1:15,,,0,,,,0,,,,0,,,,0,,1,2,15,17,1,,,,
asymmetric,4,2592,63,bt,3,16,32064,16,163721,163721,163722,,,,163757,163724,163739,16,1:15,163740,163755,16,1:15,163741,163756,16,1:15,,,0,,,,0,,,,0,,,,0,,1,2,15,17,1,,,,
asymmetric,4,2593,63,bt,4,0,32192,16,163760,163760,163761,,,,163796,163763,163778,16,1:15,163779,163794,16,1:15,163780,163795,16,1:15,,,0,,,,0,,,,0,,,,0,,1,2,15,17,1,,,,
asymmetric,4,2594,63,bt,4,16,32320,16,163799,163799,163800,,,,163835,163802,163817,16,1:15,163818,163833,16,1:15,163819,163834,16,1:15,,,0,,,,0,,,,0,,,,0,,1,2,15,17,1,,,,
asymmetric,4,2595,63,bt,5,0,32448,16,163838,163838,163839,,,,163874,163841,163856,16,1:15,163857,163872,16,1:15,163858,163873,16,1:15,,,0,,,,0,,,,0,,,,0,,1,2,15,17,1,,,,
asymmetric,4,2596,63,bt,5,16,32576,16,163877,163877,163878,,,,163913,163880,163895,16,1:15,163896,163911,16,1:15,163897,163912,16,1:15,,,0,,,,0,,,,0,,,,0,,1,2,15,17,1,,,,
asymmetric,4,2597,63,bt,6,0,32704,8,163916,163916,163917,,,,163936,163919,163926,8,1:7,163927,163934,8,1:7,163928,163935,8,1:7,,,0,,,,0,,,,0,,,,0,,1,2,7,9,1,,,,
asymmetric,4,2598,63,bt,6,8,32768,16,163939,163939,163940,,,,163975,163942,163957,16,1:15,163958,163973,16,1:15,163959,163974,16,1:15,,,0,,,,0,,,,0,,,,0,,1,2,15,17,1,,,,
asymmetric,4,2599,63,bt,6,24,32896,8,163978,163978,163979,,,,163998,163981,163988,8,1:7,163989,163996,8,1:7,163990,163997,8,1:7,,,0,,,,0,,,,0,,,,0,,1,2,7,9,1,,,,
asymmetric,4,2600,63,c,0,0,47648,4,165088,165088,,165109,165108,165114,165115,,,0,,,,0,,,,0,,165090,165105,4,5:3,165092,165107,4,5:3,165093,165108,4,5:3,165109,165112,4,1:3,,,,,,20,4,2,1
asymmetric,4,2601,63,c,1,0,47904,4,165118,165118,,165139,165138,165144,165145,,,0,,,,0,,,,0,,165120,165135,4,5:3,165122,165137,4,5:3,165123,165138,4,5:3,165139,165142,4,1:3,,,,,,20,4,2,1
asymmetric,4,2602,63,c,2,0,48160,4,165148,165148,,165169,165168,165174,165175,,,0,,,,0,,,,0,,165150,165165,4,5:3,165152,165167,4,5:3,165153,165168,4,5:3,165169,165172,4,1:3,,,,,,20,4,2,1
asymmetric,4,2603,63,c,3,0,48416,4,165178,165178,,165199,165198,165204,165205,,,0,,,,0,,,,0,,165180,165195,4,5:3,165182,165197,4,5:3,165183,165198,4,5:3,165199,165202,4,1:3,,,,,,20,4,2,1
asymmetric,4,2604,63,c,4,0,48672,4,165208,165208,,165229,165228,165234,165235,,,0,,,,0,,,,0,,165210,165225,4,5:3,165212,165227,4,5:3,165213,165228,4,5:3,165229,165232,4,1:3,,,,,,20,4,2,1
asymmetric,4,2605,63,c,5,0,48928,4,165238,165238,,165259,165258,165264,165265,,,0,,,,0,,,,0,,165240,165255,4,5:3,165242,165257,4,5:3,165243,165258,4,5:3,165259,165262,4,1:3,,,,,,20,4,2,1
asymmetric,4,2606,63,c,6,0,49184,4,165268,165268,,165289,165288,165294,165295,,,0,,,,0,,,,0,,165270,165285,4,5:3,165272,165287,4,5:3,165273,165288,4,5:3,165289,165292,4,1:3,,,,,,20,4,2,1
asymmetric,4,2607,63,c,7,0,49440,4,165298,165298,,165319,165318,165324,165325,,,0,,,,0,,,,0,,165300,165315,4,5:3,165302,165317,4,5:3,165303,165318,4,5:3,165319,165322,4,1:3,,,,,,20,4,2,1
asymmetric,4,2608,64,a,0,0,16448,16,165334,165334,165335,,,,165370,165337,165352,16,1:15,165353,165368,16,1:15,165354,165369,16,1:15,,,0,,,,0,,,,0,,,,0,,1,2,15,17,1,,,,
asymmetric,4,2609,64,a,0,16,16576,16,165373,165373,165374,,,,165409,165376,165391,16,1:15,165392,165407,16,1:15,165393,165408,16,1:15,,,0,,,,0,,,,0,,,,0,,1,2,15,17,1,,,,
asymmetric,4,2610,64,bt,0,0,16832,16,165417,165417,165418,,,,165453,165420,165435,16,1:15,165436,165451,16,1:15,165437,165452,16,1:15,,,0,,,,0,,,,0,,,,0,,1,2,15,17,1,,,,
asymmetric,4,2611,64,bt,0,16,16960,16,165456,165456,165457,,,,165492,165459,165474,16,1:15,165475,165490,16,1:15,165476,165491,16,1:15,,,0,,,,0,,,,0,,,,0,,1,2,15,17,1,,,,
asymmetric,4,2612,64,bt,1,0,17088,16,165495,165495,165496,,,,165531,165498,165513,16,1:15,165514,165529,16,1:15,165515,165530,16,1:15,,,0,,,,0,,,,0,,,,0,,1,2,15,17,1,,,,
asymmetric,4,2613,64,bt,1,16,17216,16,165534,165534,165535,,,,165570,165537,165552,16,1:15,165553,165568,16,1:15,165554,165569,16,1:15,,,0,,,,0,,,,0,,,,0,,1,2,15,17,1,,,,
asymmetric,4,2614,64,bt,2,0,17344,16,165573,165573,165574,,,,165609,165576,165591,16,1:15,165592,165607,16,1:15,165593,165608,16,1:15,,,0,,,,0,,,,0,,,,0,,1,2,15,17,1,,,,
asymmetric,4,2615,64,bt,2,16,17472,16,165612,165612,165613,,,,165648,165615,165630,16,1:15,165631,165646,16,1:15,165632,165647,16,1:15,,,0,,,,0,,,,0,,,,0,,1,2,15,17,1,,,,
asymmetric,4,2616,64,bt,3,0,17600,16,165651,165651,165652,,,,165687,165654,165669,16,1:15,165670,165685,16,1:15,165671,165686,16,1:15,,,0,,,,0,,,,0,,,,0,,1,2,15,17,1,,,,
asymmetric,4,2617,64,bt,3,16,17728,16,165690,165690,165691,,,,165726,165693,165708,16,1:15,165709,165724,16,1:15,165710,165725,16,1:15,,,0,,,,0,,,,0,,,,0,,1,2,15,17,1,,,,
asymmetric,4,2618,64,bt,4,0,17856,16,165729,165729,165730,,,,165765,165732,165747,16,1:15,165748,165763,16,1:15,165749,165764,16,1:15,,,0,,,,0,,,,0,,,,0,,1,2,15,17,1,,,,
asymmetric,4,2619,64,bt,4,16,17984,16,165768,165768,165769,,,,165804,165771,165786,16,1:15,165787,165802,16,1:15,165788,165803,16,1:15,,,0,,,,0,,,,0,,,,0,,1,2,15,17,1,,,,
asymmetric,4,2620,64,bt,5,0,18112,16,165807,165807,165808,,,,165843,165810,165825,16,1:15,165826,165841,16,1:15,165827,165842,16,1:15,,,0,,,,0,,,,0,,,,0,,1,2,15,17,1,,,,
asymmetric,4,2621,64,bt,5,16,18240,16,165846,165846,165847,,,,165882,165849,165864,16,1:15,165865,165880,16,1:15,165866,165881,16,1:15,,,0,,,,0,,,,0,,,,0,,1,2,15,17,1,,,,
asymmetric,4,2622,64,bt,6,0,18368,16,165885,165885,165886,,,,165921,165888,165903,16,1:15,165904,165919,16,1:15,165905,165920,16,1:15,,,0,,,,0,,,,0,,,,0,,1,2,15,17,1,,,,
asymmetric,4,2623,64,bt,6,16,18496,16,165924,165924,165925,,,,165960,165927,165942,16,1:15,165943,165958,16,1:15,165944,165959,16,1:15,,,0,,,,0,,,,0,,,,0,,1,2,15,17,1,,,,
asymmetric,4,2624,64,bt,7,0,18624,16,165963,165963,165964,,,,165999,165966,165981,16,1:15,165982,165997,16,1:15,165983,165998,16,1:15,,,0,,,,0,,,,0,,,,0,,1,2,15,17,1,,,,
asymmetric,4,2625,64,bt,7,16,18752,16,166002,166002,166003,,,,166038,166005,166020,16,1:15,166021,166036,16,1:15,166022,166037,16,1:15,,,0,,,,0,,,,0,,,,0,,1,2,15,17,1,,,,
asymmetric,4,2626,64,c,0,0,49472,4,166588,166588,,166609,166608,166614,166615,,,0,,,,0,,,,0,,166590,166605,4,5:3,166592,166607,4,5:3,166593,166608,4,5:3,166609,166612,4,1:3,,,,,,20,4,2,1
asymmetric,4,2627,65,a,0,0,16448,16,166624,166624,166625,,,,166660,166627,166642,16,1:15,166643,166658,16,1:15,166644,166659,16,1:15,,,0,,,,0,,,,0,,,,0,,1,2,15,17,1,,,,
asymmetric,4,2628,65,a,0,16,16576,16,166663,166663,166664,,,,166699,166666,166681,16,1:15,166682,166697,16,1:15,166683,166698,16,1:15,,,0,,,,0,,,,0,,,,0,,1,2,15,17,1,,,,
asymmetric,4,2629,65,bt,0,0,18880,16,166707,166707,166708,,,,166743,166710,166725,16,1:15,166726,166741,16,1:15,166727,166742,16,1:15,,,0,,,,0,,,,0,,,,0,,1,2,15,17,1,,,,
asymmetric,4,2630,65,bt,0,16,19008,16,166746,166746,166747,,,,166782,166749,166764,16,1:15,166765,166780,16,1:15,166766,166781,16,1:15,,,0,,,,0,,,,0,,,,0,,1,2,15,17,1,,,,
asymmetric,4,2631,65,bt,1,0,19136,16,166785,166785,166786,,,,166821,166788,166803,16,1:15,166804,166819,16,1:15,166805,166820,16,1:15,,,0,,,,0,,,,0,,,,0,,1,2,15,17,1,,,,
asymmetric,4,2632,65,bt,1,16,19264,16,166824,166824,166825,,,,166860,166827,166842,16,1:15,166843,166858,16,1:15,166844,166859,16,1:15,,,0,,,,0,,,,0,,,,0,,1,2,15,17,1,,,,
asymmetric,4,2633,65,bt,2,0,19392,16,166863,166863,166864,,,,166899,166866,166881,16,1:15,166882,166897,16,1:15,166883,166898,16,1:15,,,0,,,,0,,,,0,,,,0,,1,2,15,17,1,,,,
asymmetric,4,2634,65,bt,2,16,19520,16,166902,166902,166903,,,,166938,166905,166920,16,1:15,166921,166936,16,1:15,166922,166937,16,1:15,,,0,,,,0,,,,0,,,,0,,1,2,15,17,1,,,,
asymmetric,4,2635,65,bt,3,0,19648,16,166941,166941,166942,,,,166977,166944,166959,16,1:15,166960,166975,16,1:15,166961,166976,16,1:15,,,0,,,,0,,,,0,,,,0,,1,2,15,17,1,,,,
asymmetric,4,2636,65,bt,3,16,19776,16,166980,166980,166981,,,,167016,166983,166998,16,1:15,166999,167014,16,1:15,167000,167015,16,1:15,,,0,,,,0,,,,0,,,,0,,1,2,15,17,1,,,,
asymmetric,4,2637,65,bt,4,0,19904,16,167019,167019,167020,,,,167055,167022,167037,16,1:15,167038,167053,16,1:15,167039,167054,16,1:15,,,0,,,,0,,,,0,,,,0,,1,2,15,17,1,,,,
asymmetric,4,2638,65,bt,4,16,20032,16,167058,167058,167059,,,,167094,167061,167076,16,1:15,167077,167092,16,1:15,167078,167093,16,1:15,,,0,,,,0,,,,0,,,,0,,1,2,15,17,1,,,,
asymmetric,4,2639,65,bt,5,0,20160,16,167097,167097,167098,,,,167133,167100,167115,16,1:15,167116,167131,16,1:15,167117,167132,16,1:15,,,0,,,,0,,,,0,,,,0,,1,2,15,17,1,,,,
asymmetric,4,2640,65,bt,5,16,20288,16,167136,167136,167137,,,,167172,167139,167154,16,1:15,167155,167170,16,1:15,167156,167171,16,1:15,,,0,,,,0,,,,0,,,,0,,1,2,15,17,1,,,,
asymmetric,4,2641,65,bt,6,0,20416,8,167175,167175,167176,,,,167195,167178,167185,8,1:7,167186,167193,8,1:7,167187,167194,8,1:7,,,0,,,,0,,,,0,,,,0,,1,2,7,9,1,,,,
asymmetric,4,2642,65,bt,6,8,20480,16,167198,167198,167199,,,,167234,167201,167216,16,1:15,167217,167232,16,1:15,167218,167233,16,1:15,,,0,,,,0,,,,0,,,,0,,1,2,15,17,1,,,,
asymmetric,4,2643,65,bt,6,24,20608,8,167237,167237,167238,,,,167257,167240,167247,8,1:7,167248,167255,8,1:7,167249,167256,8,1:7,,,0,,,,0,,,,0,,,,0,,1,2,7,9,1,,,,
asymmetric,4,2644,65,bt,7,0,20672,16,167260,167260,167261,,,,167296,167263,167278,16,1:15,167279,167294,16,1:15,167280,167295,16,1:15,,,0,,,,0,,,,0,,,,0,,1,2,15,17,1,,,,
asymmetric,4,2645,65,bt,7,16,20800,16,167299,167299,167300,,,,167335,167302,167317,16,1:15,167318,167333,16,1:15,167319,167334,16,1:15,,,0,,,,0,,,,0,,,,0,,1,2,15,17,1,,,,
asymmetric,4,2646,65,c,0,0,49504,4,167885,167885,,167906,167905,167911,167912,,,0,,,,0,,,,0,,167887,167902,4,5:3,167889,167904,4,5:3,167890,167905,4,5:3,167906,167909,4,1:3,,,,,,20,4,2,1
asymmetric,4,2647,66,a,0,0,16448,16,167921,167921,167922,,,,167957,167924,167939,16,1:15,167940,167955,16,1:15,167941,167956,16,1:15,,,0,,,,0,,,,0,,,,0,,1,2,15,17,1,,,,
asymmetric,4,2648,66,a,0,16,16576,16,167960,167960,167961,,,,167996,167963,167978,16,1:15,167979,167994,16,1:15,167980,167995,16,1:15,,,0,,,,0,,,,0,,,,0,,1,2,15,17,1,,,,
asymmetric,4,2649,66,bt,0,0,20928,16,168004,168004,168005,,,,168040,168007,168022,16,1:15,168023,168038,16,1:15,168024,168039,16,1:15,,,0,,,,0,,,,0,,,,0,,1,2,15,17,1,,,,
asymmetric,4,2650,66,bt,0,16,21056,16,168043,168043,168044,,,,168079,168046,168061,16,1:15,168062,168077,16,1:15,168063,168078,16,1:15,,,0,,,,0,,,,0,,,,0,,1,2,15,17,1,,,,
asymmetric,4,2651,66,bt,1,0,21184,16,168082,168082,168083,,,,168118,168085,168100,16,1:15,168101,168116,16,1:15,168102,168117,16,1:15,,,0,,,,0,,,,0,,,,0,,1,2,15,17,1,,,,
asymmetric,4,2652,66,bt,1,16,21312,16,168121,168121,168122,,,,168157,168124,168139,16,1:15,168140,168155,16,1:15,168141,168156,16,1:15,,,0,,,,0,,,,0,,,,0,,1,2,15,17,1,,,,
asymmetric,4,2653,66,bt,2,0,21440,16,168160,168160,168161,,,,168196,168163,168178,16,1:15,168179,168194,16,1:15,168180,168195,16,1:15,,,0,,,,0,,,,0,,,,0,,1,2,15,17,1,,,,
asymmetric,4,2654,66,bt,2,16,21568,16,168199,168199,168200,,,,168235,168202,168217,16,1:15,168218,168233,16,1:15,168219,168234,16,1:15,,,0,,,,0,,,,0,,,,0,,1,2,15,17,1,,,,
asymmetric,4,2655,66,bt,3,0,21696,16,168238,168238,168239,,,,168274,168241,168256,16,1:15,168257,168272,16,1:15,168258,168273,16,1:15,,,0,,,,0,,,,0,,,,0,,1,2,15,17,1,,,,
asymmetric,4,2656,66,bt,3,16,21824,16,168277,168277,168278,,,,168313,168280,168295,16,1:15,168296,168311,16,1:15,168297,168312,16,1:15,,,0,,,,0,,,,0,,,,0,,1,2,15,17,1,,,,
asymmetric,4,2657,66,bt,4,0,21952,16,168316,168316,168317,,,,168352,168319,168334,16,1:15,168335,168350,16,1:15,168336,168351,16,1:15,,,0,,,,0,,,,0,,,,0,,1,2,15,17,1,,,,
asymmetric,4,2658,66,bt,4,16,22080,16,168355,168355,168356,,,,168391,168358,168373,16,1:15,168374,168389,16,1:15,168375,168390,16,1:15,,,0,,,,0,,,,0,,,,0,,1,2,15,17,1,,,,
asymmetric,4,2659,66,bt,5,0,22208,16,168394,168394,168395,,,,168430,168397,168412,16,1:15,168413,168428,16,1:15,168414,168429,16,1:15,,,0,,,,0,,,,0,,,,0,,1,2,15,17,1,,,,
asymmetric,4,2660,66,bt,5,16,22336,16,168433,168433,168434,,,,168469,168436,168451,16,1:15,168452,168467,16,1:15,168453,168468,16,1:15,,,0,,,,0,,,,0,,,,0,,1,2,15,17,1,,,,
asymmetric,4,2661,66,bt,6,0,22464,16,168472,168472,168473,,,,168508,168475,168490,16,1:15,168491,168506,16,1:15,168492,168507,16,1:15,,,0,,,,0,,,,0,,,,0,,1,2,15,17,1,,,,
asymmetric,4,2662,66,bt,6,16,22592,16,168511,168511,168512,,,,168547,168514,168529,16,1:15,168530,168545,16,1:15,168531,168546,16,1:15,,,0,,,,0,,,,0,,,,0,,1,2,15,17,1,,,,
asymmetric,4,2663,66,bt,7,0,22720,16,168550,168550,168551,,,,168586,168553,168568,16,1:15,168569,168584,16,1:15,168570,168585,16,1:15,,,0,,,,0,,,,0,,,,0,,1,2,15,17,1,,,,
asymmetric,4,2664,66,bt,7,16,22848,16,168589,168589,168590,,,,168625,168592,168607,16,1:15,168608,168623,16,1:15,168609,168624,16,1:15,,,0,,,,0,,,,0,,,,0,,1,2,15,17,1,,,,
asymmetric,4,2665,66,c,0,0,49536,4,169175,169175,,169196,169195,169201,169202,,,0,,,,0,,,,0,,169177,169192,4,5:3,169179,169194,4,5:3,169180,169195,4,5:3,169196,169199,4,1:3,,,,,,20,4,2,1
asymmetric,4,2666,67,a,0,0,16448,16,169211,169211,169212,,,,169247,169214,169229,16,1:15,169230,169245,16,1:15,169231,169246,16,1:15,,,0,,,,0,,,,0,,,,0,,1,2,15,17,1,,,,
asymmetric,4,2667,67,a,0,16,16576,16,169250,169250,169251,,,,169286,169253,169268,16,1:15,169269,169284,16,1:15,169270,169285,16,1:15,,,0,,,,0,,,,0,,,,0,,1,2,15,17,1,,,,
asymmetric,4,2668,67,bt,0,0,22976,16,169294,169294,169295,,,,169330,169297,169312,16,1:15,169313,169328,16,1:15,169314,169329,16,1:15,,,0,,,,0,,,,0,,,,0,,1,2,15,17,1,,,,
asymmetric,4,2669,67,bt,0,16,23104,16,169333,169333,169334,,,,169369,169336,169351,16,1:15,169352,169367,16,1:15,169353,169368,16,1:15,,,0,,,,0,,,,0,,,,0,,1,2,15,17,1,,,,
asymmetric,4,2670,67,bt,1,0,23232,16,169372,169372,169373,,,,169408,169375,169390,16,1:15,169391,169406,16,1:15,169392,169407,16,1:15,,,0,,,,0,,,,0,,,,0,,1,2,15,17,1,,,,
asymmetric,4,2671,67,bt,1,16,23360,16,169411,169411,169412,,,,169447,169414,169429,16,1:15,169430,169445,16,1:15,169431,169446,16,1:15,,,0,,,,0,,,,0,,,,0,,1,2,15,17,1,,,,
asymmetric,4,2672,67,bt,2,0,23488,16,169450,169450,169451,,,,169486,169453,169468,16,1:15,169469,169484,16,1:15,169470,169485,16,1:15,,,0,,,,0,,,,0,,,,0,,1,2,15,17,1,,,,
asymmetric,4,2673,67,bt,2,16,23616,16,169489,169489,169490,,,,169525,169492,169507,16,1:15,169508,169523,16,1:15,169509,169524,16,1:15,,,0,,,,0,,,,0,,,,0,,1,2,15,17,1,,,,
asymmetric,4,2674,67,bt,3,0,23744,16,169528,169528,169529,,,,169564,169531,169546,16,1:15,169547,169562,16,1:15,169548,169563,16,1:15,,,0,,,,0,,,,0,,,,0,,1,2,15,17,1,,,,
asymmetric,4,2675,67,bt,3,16,23872,16,169567,169567,169568,,,,169603,169570,169585,16,1:15,169586,169601,16,1:15,169587,169602,16,1:15,,,0,,,,0,,,,0,,,,0,,1,2,15,17,1,,,,
asymmetric,4,2676,67,bt,4,0,24000,16,169606,169606,169607,,,,169642,169609,169624,16,1:15,169625,169640,16,1:15,169626,169641,16,1:15,,,0,,,,0,,,,0,,,,0,,1,2,15,17,1,,,,
asymmetric,4,2677,67,bt,4,16,24128,16,169645,169645,169646,,,,169681,169648,169663,16,1:15,169664,169679,16,1:15,169665,169680,16,1:15,,,0,,,,0,,,,0,,,,0,,1,2,15,17,1,,,,
asymmetric,4,2678,67,bt,5,0,24256,16,169684,169684,169685,,,,169720,169687,169702,16,1:15,169703,169718,16,1:15,169704,169719,16,1:15,,,0,,,,0,,,,0,,,,0,,1,2,15,17,1,,,,
asymmetric,4,2679,67,bt,5,16,24384,16,169723,169723,169724,,,,169759,169726,169741,16,1:15,169742,169757,16,1:15,169743,169758,16,1:15,,,0,,,,0,,,,0,,,,0,,1,2,15,17,1,,,,
asymmetric,4,2680,67,bt,6,0,24512,8,169762,169762,169763,,,,169782,169765,169772,8,1:7,169773,169780,8,1:7,169774,169781,8,1:7,,,0,,,,0,,,,0,,,,0,,1,2,7,9,1,,,,
asymmetric,4,2681,67,bt,6,8,24576,16,169785,169785,169786,,,,169821,169788,169803,16,1:15,169804,169819,16,1:15,169805,169820,16,1:15,,,0,,,,0,,,,0,,,,0,,1,2,15,17,1,,,,
asymmetric,4,2682,67,bt,6,24,24704,8,169824,169824,169825,,,,169844,169827,169834,8,1:7,169835,169842,8,1:7,169836,169843,8,1:7,,,0,,,,0,,,,0,,,,0,,1,2,7,9,1,,,,
asymmetric,4,2683,67,bt,7,0,24768,16,169847,169847,169848,,,,169883,169850,169865,16,1:15,169866,169881,16,1:15,169867,169882,16,1:15,,,0,,,,0,,,,0,,,,0,,1,2,15,17,1,,,,
asymmetric,4,2684,67,bt,7,16,24896,16,169886,169886,169887,,,,169922,169889,169904,16,1:15,169905,169920,16,1:15,169906,169921,16,1:15,,,0,,,,0,,,,0,,,,0,,1,2,15,17,1,,,,
asymmetric,4,2685,67,c,0,0,49568,4,170472,170472,,170493,170492,170498,170499,,,0,,,,0,,,,0,,170474,170489,4,5:3,170476,170491,4,5:3,170477,170492,4,5:3,170493,170496,4,1:3,,,,,,20,4,2,1
asymmetric,4,2686,68,a,0,0,16448,16,170508,170508,170509,,,,170544,170511,170526,16,1:15,170527,170542,16,1:15,170528,170543,16,1:15,,,0,,,,0,,,,0,,,,0,,1,2,15,17,1,,,,
asymmetric,4,2687,68,a,0,16,16576,16,170547,170547,170548,,,,170583,170550,170565,16,1:15,170566,170581,16,1:15,170567,170582,16,1:15,,,0,,,,0,,,,0,,,,0,,1,2,15,17,1,,,,
asymmetric,4,2688,68,bt,0,0,25024,16,170591,170591,170592,,,,170627,170594,170609,16,1:15,170610,170625,16,1:15,170611,170626,16,1:15,,,0,,,,0,,,,0,,,,0,,1,2,15,17,1,,,,
asymmetric,4,2689,68,bt,0,16,25152,16,170630,170630,170631,,,,170666,170633,170648,16,1:15,170649,170664,16,1:15,170650,170665,16,1:15,,,0,,,,0,,,,0,,,,0,,1,2,15,17,1,,,,
asymmetric,4,2690,68,bt,1,0,25280,16,170669,170669,170670,,,,170705,170672,170687,16,1:15,170688,170703,16,1:15,170689,170704,16,1:15,,,0,,,,0,,,,0,,,,0,,1,2,15,17,1,,,,
asymmetric,4,2691,68,bt,1,16,25408,16,170708,170708,170709,,,,170744,170711,170726,16,1:15,170727,170742,16,1:15,170728,170743,16,1:15,,,0,,,,0,,,,0,,,,0,,1,2,15,17,1,,,,
asymmetric,4,2692,68,bt,2,0,25536,16,170747,170747,170748,,,,170783,170750,170765,16,1:15,170766,170781,16,1:15,170767,170782,16,1:15,,,0,,,,0,,,,0,,,,0,,1,2,15,17,1,,,,
asymmetric,4,2693,68,bt,2,16,25664,16,170786,170786,170787,,,,170822,170789,170804,16,1:15,170805,170820,16,1:15,170806,170821,16,1:15,,,0,,,,0,,,,0,,,,0,,1,2,15,17,1,,,,
asymmetric,4,2694,68,bt,3,0,25792,16,170825,170825,170826,,,,170861,170828,170843,16,1:15,170844,170859,16,1:15,170845,170860,16,1:15,,,0,,,,0,,,,0,,,,0,,1,2,15,17,1,,,,
asymmetric,4,2695,68,bt,3,16,25920,16,170864,170864,170865,,,,170900,170867,170882,16,1:15,170883,170898,16,1:15,170884,170899,16,1:15,,,0,,,,0,,,,0,,,,0,,1,2,15,17,1,,,,
asymmetric,4,2696,68,bt,4,0,26048,16,170903,170903,170904,,,,170939,170906,170921,16,1:15,170922,170937,16,1:15,170923,170938,16,1:15,,,0,,,,0,,,,0,,,,0,,1,2,15,17,1,,,,
asymmetric,4,2697,68,bt,4,16,26176,16,170942,170942,170943,,,,170978,170945,170960,16,1:15,170961,170976,16,1:15,170962,170977,16,1:15,,,0,,,,0,,,,0,,,,0,,1,2,15,17,1,,,,
asymmetric,4,2698,68,bt,5,0,26304,16,170981,170981,170982,,,,171017,170984,170999,16,1:15,171000,171015,16,1:15,171001,171016,16,1:15,,,0,,,,0,,,,0,,,,0,,1,2,15,17,1,,,,
asymmetric,4,2699,68,bt,5,16,26432,16,171020,171020,171021,,,,171056,171023,171038,16,1:15,171039,171054,16,1:15,171040,171055,16,1:15,,,0,,,,0,,,,0,,,,0,,1,2,15,17,1,,,,
asymmetric,4,2700,68,bt,6,0,26560,16,171059,171059,171060,,,,171095,171062,171077,16,1:15,171078,171093,16,1:15,171079,171094,16,1:15,,,0,,,,0,,,,0,,,,0,,1,2,15,17,1,,,,
asymmetric,4,2701,68,bt,6,16,26688,16,171098,171098,171099,,,,171134,171101,171116,16,1:15,171117,171132,16,1:15,171118,171133,16,1:15,,,0,,,,0,,,,0,,,,0,,1,2,15,17,1,,,,
asymmetric,4,2702,68,bt,7,0,26816,16,171137,171137,171138,,,,171173,171140,171155,16,1:15,171156,171171,16,1:15,171157,171172,16,1:15,,,0,,,,0,,,,0,,,,0,,1,2,15,17,1,,,,
asymmetric,4,2703,68,bt,7,16,26944,16,171176,171176,171177,,,,171212,171179,171194,16,1:15,171195,171210,16,1:15,171196,171211,16,1:15,,,0,,,,0,,,,0,,,,0,,1,2,15,17,1,,,,
asymmetric,4,2704,68,c,0,0,49600,4,171762,171762,,171783,171782,171788,171789,,,0,,,,0,,,,0,,171764,171779,4,5:3,171766,171781,4,5:3,171767,171782,4,5:3,171783,171786,4,1:3,,,,,,20,4,2,1
asymmetric,4,2705,69,a,0,0,16448,16,171798,171798,171799,,,,171834,171801,171816,16,1:15,171817,171832,16,1:15,171818,171833,16,1:15,,,0,,,,0,,,,0,,,,0,,1,2,15,17,1,,,,
asymmetric,4,2706,69,a,0,16,16576,16,171837,171837,171838,,,,171873,171840,171855,16,1:15,171856,171871,16,1:15,171857,171872,16,1:15,,,0,,,,0,,,,0,,,,0,,1,2,15,17,1,,,,
asymmetric,4,2707,69,bt,0,0,27072,16,171881,171881,171882,,,,171917,171884,171899,16,1:15,171900,171915,16,1:15,171901,171916,16,1:15,,,0,,,,0,,,,0,,,,0,,1,2,15,17,1,,,,
asymmetric,4,2708,69,bt,0,16,27200,16,171920,171920,171921,,,,171956,171923,171938,16,1:15,171939,171954,16,1:15,171940,171955,16,1:15,,,0,,,,0,,,,0,,,,0,,1,2,15,17,1,,,,
asymmetric,4,2709,69,bt,1,0,27328,16,171959,171959,171960,,,,171995,171962,171977,16,1:15,171978,171993,16,1:15,171979,171994,16,1:15,,,0,,,,0,,,,0,,,,0,,1,2,15,17,1,,,,
asymmetric,4,2710,69,bt,1,16,27456,16,171998,171998,171999,,,,172034,172001,172016,16,1:15,172017,172032,16,1:15,172018,172033,16,1:15,,,0,,,,0,,,,0,,,,0,,1,2,15,17,1,,,,
asymmetric,4,2711,69,bt,2,0,27584,16,172037,172037,172038,,,,172073,172040,172055,16,1:15,172056,172071,16,1:15,172057,172072,16,1:15,,,0,,,,0,,,,0,,,,0,,1,2,15,17,1,,,,
asymmetric,4,2712,69,bt,2,16,27712,16,172076,172076,172077,,,,172112,172079,172094,16,1:15,172095,172110,16,1:15,172096,172111,16,1:15,,,0,,,,0,,,,0,,,,0,,1,2,15,17,1,,,,
asymmetric,4,2713,69,bt,3,0,27840,16,172115,172115,172116,,,,172151,172118,172133,16,1:15,172134,172149,16,1:15,172135,172150,16,1:15,,,0,,,,0,,,,0,,,,0,,1,2,15,17,1,,,,
asymmetric,4,2714,69,bt,3,16,27968,16,172154,172154,172155,,,,172190,172157,172172,16,1:15,172173,172188,16,1:15,172174,172189,16,1:15,,,0,,,,0,,,,0,,,,0,,1,2,15,17,1,,,,
asymmetric,4,2715,69,bt,4,0,28096,16,172193,172193,172194,,,,172229,172196,172211,16,1:15,172212,172227,16,1:15,172213,172228,16,1:15,,,0,,,,0,,,,0,,,,0,,1,2,15,17,1,,,,
asymmetric,4,2716,69,bt,4,16,28224,16,172232,172232,172233,,,,172268,172235,172250,16,1:15,172251,172266,16,1:15,172252,172267,16,1:15,,,0,,,,0,,,,0,,,,0,,1,2,15,17,1,,,,
asymmetric,4,2717,69,bt,5,0,28352,16,172271,172271,172272,,,,172307,172274,172289,16,1:15,172290,172305,16,1:15,172291,172306,16,1:15,,,0,,,,0,,,,0,,,,0,,1,2,15,17,1,,,,
asymmetric,4,2718,69,bt,5,16,28480,16,172310,172310,172311,,,,172346,172313,172328,16,1:15,172329,172344,16,1:15,172330,172345,16,1:15,,,0,,,,0,,,,0,,,,0,,1,2,15,17,1,,,,
asymmetric,4,2719,69,bt,6,0,28608,8,172349,172349,172350,,,,172369,172352,172359,8,1:7,172360,172367,8,1:7,172361,172368,8,1:7,,,0,,,,0,,,,0,,,,0,,1,2,7,9,1,,,,
asymmetric,4,2720,69,bt,6,8,28672,16,172372,172372,172373,,,,172408,172375,172390,16,1:15,172391,172406,16,1:15,172392,172407,16,1:15,,,0,,,,0,,,,0,,,,0,,1,2,15,17,1,,,,
asymmetric,4,2721,69,bt,6,24,28800,8,172411,172411,172412,,,,172431,172414,172421,8,1:7,172422,172429,8,1:7,172423,172430,8,1:7,,,0,,,,0,,,,0,,,,0,,1,2,7,9,1,,,,
asymmetric,4,2722,69,bt,7,0,28864,16,172434,172434,172435,,,,172470,172437,172452,16,1:15,172453,172468,16,1:15,172454,172469,16,1:15,,,0,,,,0,,,,0,,,,0,,1,2,15,17,1,,,,
asymmetric,4,2723,69,bt,7,16,28992,16,172473,172473,172474,,,,172509,172476,172491,16,1:15,172492,172507,16,1:15,172493,172508,16,1:15,,,0,,,,0,,,,0,,,,0,,1,2,15,17,1,,,,
asymmetric,4,2724,69,c,0,0,49632,4,173059,173059,,173080,173079,173085,173086,,,0,,,,0,,,,0,,173061,173076,4,5:3,173063,173078,4,5:3,173064,173079,4,5:3,173080,173083,4,1:3,,,,,,20,4,2,1
asymmetric,4,2725,70,a,0,0,16448,16,173095,173095,173096,,,,173131,173098,173113,16,1:15,173114,173129,16,1:15,173115,173130,16,1:15,,,0,,,,0,,,,0,,,,0,,1,2,15,17,1,,,,
asymmetric,4,2726,70,a,0,16,16576,16,173134,173134,173135,,,,173170,173137,173152,16,1:15,173153,173168,16,1:15,173154,173169,16,1:15,,,0,,,,0,,,,0,,,,0,,1,2,15,17,1,,,,
asymmetric,4,2727,70,bt,0,0,29120,16,173178,173178,173179,,,,173214,173181,173196,16,1:15,173197,173212,16,1:15,173198,173213,16,1:15,,,0,,,,0,,,,0,,,,0,,1,2,15,17,1,,,,
asymmetric,4,2728,70,bt,0,16,29248,16,173217,173217,173218,,,,173253,173220,173235,16,1:15,173236,173251,16,1:15,173237,173252,16,1:15,,,0,,,,0,,,,0,,,,0,,1,2,15,17,1,,,,
asymmetric,4,2729,70,bt,1,0,29376,16,173256,173256,173257,,,,173292,173259,173274,16,1:15,173275,173290,16,1:15,173276,173291,16,1:15,,,0,,,,0,,,,0,,,,0,,1,2,15,17,1,,,,
asymmetric,4,2730,70,bt,1,16,29504,16,173295,173295,173296,,,,173331,173298,173313,16,1:15,173314,173329,16,1:15,173315,173330,16,1:15,,,0,,,,0,,,,0,,,,0,,1,2,15,17,1,,,,
asymmetric,4,2731,70,bt,2,0,29632,16,173334,173334,173335,,,,173370,173337,173352,16,1:15,173353,173368,16,1:15,173354,173369,16,1:15,,,0,,,,0,,,,0,,,,0,,1,2,15,17,1,,,,
asymmetric,4,2732,70,bt,2,16,29760,16,173373,173373,173374,,,,173409,173376,173391,16,1:15,173392,173407,16,1:15,173393,173408,16,1:15,,,0,,,,0,,,,0,,,,0,,1,2,15,17,1,,,,
asymmetric,4,2733,70,bt,3,0,29888,16,173412,173412,173413,,,,173448,173415,173430,16,1:15,173431,173446,16,1:15,173432,173447,16,1:15,,,0,,,,0,,,,0,,,,0,,1,2,15,17,1,,,,
asymmetric,4,2734,70,bt,3,16,30016,16,173451,173451,173452,,,,173487,173454,173469,16,1:15,173470,173485,16,1:15,173471,173486,16,1:15,,,0,,,,0,,,,0,,,,0,,1,2,15,17,1,,,,
asymmetric,4,2735,70,bt,4,0,30144,16,173490,173490,173491,,,,173526,173493,173508,16,1:15,173509,173524,16,1:15,173510,173525,16,1:15,,,0,,,,0,,,,0,,,,0,,1,2,15,17,1,,,,
asymmetric,4,2736,70,bt,4,16,30272,16,173529,173529,173530,,,,173565,173532,173547,16,1:15,173548,173563,16,1:15,173549,173564,16,1:15,,,0,,,,0,,,,0,,,,0,,1,2,15,17,1,,,,
asymmetric,4,2737,70,bt,5,0,30400,16,173568,173568,173569,,,,173604,173571,173586,16,1:15,173587,173602,16,1:15,173588,173603,16,1:15,,,0,,,,0,,,,0,,,,0,,1,2,15,17,1,,,,
asymmetric,4,2738,70,bt,5,16,30528,16,173607,173607,173608,,,,173643,173610,173625,16,1:15,173626,173641,16,1:15,173627,173642,16,1:15,,,0,,,,0,,,,0,,,,0,,1,2,15,17,1,,,,
asymmetric,4,2739,70,bt,6,0,30656,16,173646,173646,173647,,,,173682,173649,173664,16,1:15,173665,173680,16,1:15,173666,173681,16,1:15,,,0,,,,0,,,,0,,,,0,,1,2,15,17,1,,,,
asymmetric,4,2740,70,bt,6,16,30784,16,173685,173685,173686,,,,173721,173688,173703,16,1:15,173704,173719,16,1:15,173705,173720,16,1:15,,,0,,,,0,,,,0,,,,0,,1,2,15,17,1,,,,
asymmetric,4,2741,70,bt,7,0,30912,16,173724,173724,173725,,,,173760,173727,173742,16,1:15,173743,173758,16,1:15,173744,173759,16,1:15,,,0,,,,0,,,,0,,,,0,,1,2,15,17,1,,,,
asymmetric,4,2742,70,bt,7,16,31040,16,173763,173763,173764,,,,173799,173766,173781,16,1:15,173782,173797,16,1:15,173783,173798,16,1:15,,,0,,,,0,,,,0,,,,0,,1,2,15,17,1,,,,
asymmetric,4,2743,70,c,0,0,49664,4,174349,174349,,174370,174369,174375,174376,,,0,,,,0,,,,0,,174351,174366,4,5:3,174353,174368,4,5:3,174354,174369,4,5:3,174370,174373,4,1:3,,,,,,20,4,2,1
asymmetric,4,2744,71,a,0,0,16448,16,174385,174385,174386,,,,174421,174388,174403,16,1:15,174404,174419,16,1:15,174405,174420,16,1:15,,,0,,,,0,,,,0,,,,0,,1,2,15,17,1,,,,
asymmetric,4,2745,71,a,0,16,16576,16,174424,174424,174425,,,,174460,174427,174442,16,1:15,174443,174458,16,1:15,174444,174459,16,1:15,,,0,,,,0,,,,0,,,,0,,1,2,15,17,1,,,,
asymmetric,4,2746,71,bt,0,0,31168,16,174468,174468,174469,,,,174504,174471,174486,16,1:15,174487,174502,16,1:15,174488,174503,16,1:15,,,0,,,,0,,,,0,,,,0,,1,2,15,17,1,,,,
asymmetric,4,2747,71,bt,0,16,31296,16,174507,174507,174508,,,,174543,174510,174525,16,1:15,174526,174541,16,1:15,174527,174542,16,1:15,,,0,,,,0,,,,0,,,,0,,1,2,15,17,1,,,,
asymmetric,4,2748,71,bt,1,0,31424,16,174546,174546,174547,,,,174582,174549,174564,16,1:15,174565,174580,16,1:15,174566,174581,16,1:15,,,0,,,,0,,,,0,,,,0,,1,2,15,17,1,,,,
asymmetric,4,2749,71,bt,1,16,31552,16,174585,174585,174586,,,,174621,174588,174603,16,1:15,174604,174619,16,1:15,174605,174620,16,1:15,,,0,,,,0,,,,0,,,,0,,1,2,15,17,1,,,,
asymmetric,4,2750,71,bt,2,0,31680,16,174624,174624,174625,,,,174660,174627,174642,16,1:15,174643,174658,16,1:15,174644,174659,16,1:15,,,0,,,,0,,,,0,,,,0,,1,2,15,17,1,,,,
asymmetric,4,2751,71,bt,2,16,31808,16,174663,174663,174664,,,,174699,174666,174681,16,1:15,174682,174697,16,1:15,174683,174698,16,1:15,,,0,,,,0,,,,0,,,,0,,1,2,15,17,1,,,,
asymmetric,4,2752,71,bt,3,0,31936,16,174702,174702,174703,,,,174738,174705,174720,16,1:15,174721,174736,16,1:15,174722,174737,16,1:15,,,0,,,,0,,,,0,,,,0,,1,2,15,17,1,,,,
asymmetric,4,2753,71,bt,3,16,32064,16,174741,174741,174742,,,,174777,174744,174759,16,1:15,174760,174775,16,1:15,174761,174776,16,1:15,,,0,,,,0,,,,0,,,,0,,1,2,15,17,1,,,,
asymmetric,4,2754,71,bt,4,0,32192,16,174780,174780,174781,,,,174816,174783,174798,16,1:15,174799,174814,16,1:15,174800,174815,16,1:15,,,0,,,,0,,,,0,,,,0,,1,2,15,17,1,,,,
asymmetric,4,2755,71,bt,4,16,32320,16,174819,174819,174820,,,,174855,174822,174837,16,1:15,174838,174853,16,1:15,174839,174854,16,1:15,,,0,,,,0,,,,0,,,,0,,1,2,15,17,1,,,,
asymmetric,4,2756,71,bt,5,0,32448,16,174858,174858,174859,,,,174894,174861,174876,16,1:15,174877,174892,16,1:15,174878,174893,16,1:15,,,0,,,,0,,,,0,,,,0,,1,2,15,17,1,,,,
asymmetric,4,2757,71,bt,5,16,32576,16,174897,174897,174898,,,,174933,174900,174915,16,1:15,174916,174931,16,1:15,174917,174932,16,1:15,,,0,,,,0,,,,0,,,,0,,1,2,15,17,1,,,,
asymmetric,4,2758,71,bt,6,0,32704,8,174936,174936,174937,,,,174956,174939,174946,8,1:7,174947,174954,8,1:7,174948,174955,8,1:7,,,0,,,,0,,,,0,,,,0,,1,2,7,9,1,,,,
asymmetric,4,2759,71,bt,6,8,32768,16,174959,174959,174960,,,,174995,174962,174977,16,1:15,174978,174993,16,1:15,174979,174994,16,1:15,,,0,,,,0,,,,0,,,,0,,1,2,15,17,1,,,,
asymmetric,4,2760,71,bt,6,24,32896,8,174998,174998,174999,,,,175018,175001,175008,8,1:7,175009,175016,8,1:7,175010,175017,8,1:7,,,0,,,,0,,,,0,,,,0,,1,2,7,9,1,,,,
asymmetric,4,2761,71,c,0,0,49696,4,175568,175568,,175589,175588,175594,175595,,,0,,,,0,,,,0,,175570,175585,4,5:3,175572,175587,4,5:3,175573,175588,4,5:3,175589,175592,4,1:3,,,,,,20,4,2,1
