unit,schema_version,state,passed,job_id,mode,sample,seed,m,n,k,descriptor,utc_started,utc_finished,input_a_sha256_bytes,raw_b_sha256_bytes,oracle_sha256_bytes,c_before_sha256_bytes,input_residency,snapshot_sha256_bytes,stage,c_initialize_seconds,configure_seconds,job_wall_seconds,job_cycles,compute_cycles,read_beats,write_beats,write_valid_bytes,input_wait_cycles,read_stall_cycles,write_stall_cycles,p,t,build_id,core_hz,compared_elements,allocation_bytes_checked,guard_input_bytes_checked,allocation_download_seconds,validation_seconds,resident_host_seconds,core_seconds,useful_gops,useful_utilization
endurance,1,PASS,True,1,0,0,20261004,1,1,1,"{'m': 1, 'n': 1, 'k': 1, 'a_base': 64, 'bt_base': 256, 'c_base': 448, 'a_stride': 64, 'bt_stride': 64, 'c_stride': 64, 'mode': 0, 'watchdog': 10000000}",2026-10-04T17:23:42.789901+00:00,2026-10-04T17:23:43.714747+00:00,19152ddfba193b5b09fcb80d1bba5248f36027c06e81670db5a7146fb654d4ec,8d36bbb3d6fbf24f38ba020d9ceeef5d4562f5f26629f66b076ff395c438695e,b6b2ae11ecde8da962dcd3762e3467879f8c1af39dc74b72da259658c2666460,0e3b949af0637c02834d55e2995282d90a5ddb397f9d13e779dca3da96e114a7,Uploaded in this connection; reused only within this case,"{'a': '5a663bf1bd426ccb16bf0eac8a5748d8a7ab7e4e277a1b56daad1fd7a3e580f0', 'bt': 'f4fbbcf71bab4729bacf3ed8afef4a0250f84d64c8117d61cbeb9cb6244f6339', 'c': 'af03b856dcbcc8f87743d3b080950227d3ef4e0810db86f2ebd258a3c04604ff'}",PASS,0.027783899975474924,0.19201470003463328,0.5439292999799363,218,24,2,1,4,149,0,2,8,32,2638998349,100000000,1,576,572,0.12801410001702607,0.03196320001734421,0.8917420000070706,2.18e-06,0.0009174311926605505,7.167431192660551e-05
endurance,1,PASS,True,2,1,0,20261004,1,1,1,"{'m': 1, 'n': 1, 'k': 1, 'a_base': 64, 'bt_base': 256, 'c_base': 448, 'a_stride': 64, 'bt_stride': 64, 'c_stride': 64, 'mode': 1, 'watchdog': 10000000}",2026-10-04T17:23:43.727701+00:00,2026-10-04T17:23:44.642736+00:00,19152ddfba193b5b09fcb80d1bba5248f36027c06e81670db5a7146fb654d4ec,8d36bbb3d6fbf24f38ba020d9ceeef5d4562f5f26629f66b076ff395c438695e,b6b2ae11ecde8da962dcd3762e3467879f8c1af39dc74b72da259658c2666460,0e3b949af0637c02834d55e2995282d90a5ddb397f9d13e779dca3da96e114a7,Uploaded in this connection; reused only within this case,"{'a': '5a663bf1bd426ccb16bf0eac8a5748d8a7ab7e4e277a1b56daad1fd7a3e580f0', 'bt': 'f4fbbcf71bab4729bacf3ed8afef4a0250f84d64c8117d61cbeb9cb6244f6339', 'c': 'af03b856dcbcc8f87743d3b080950227d3ef4e0810db86f2ebd258a3c04604ff'}",PASS,0.017711699998471886,0.19357229996239766,0.5424234000383876,221,24,2,1,4,152,0,2,8,32,2638998349,100000000,1,576,572,0.12803769996389747,0.03195340000092983,0.8817450999631546,2.21e-06,0.0009049773755656108,7.070135746606335e-05
endurance,1,PASS,True,3,1,0,20270977,5,3,9,"{'m': 5, 'n': 3, 'k': 9, 'a_base': 64, 'bt_base': 512, 'c_base': 832, 'a_stride': 64, 'bt_stride': 64, 'c_stride': 64, 'mode': 1, 'watchdog': 10000000}",2026-10-04T17:23:44.757104+00:00,2026-10-04T17:23:45.748332+00:00,26c3c20d69998ff0f391f6770a2735c8d392ea1e4ee2e199bbc8454b3d7e6d65,e32690c585358528c52402043d84de5f7760b33c3c25c7071bafe80f5c5d6bed,0b3e05bc62b9d5f73d802f01c5a4f1e9a65b76e4e545d4641062dd0217f46ad6,07a48a2993baf2e6bbfe3703903d8328cc1f358257904d6ac2068f307a712da4,Uploaded in this connection; reused only within this case,"{'a': '66cf149e0435a3c9306d5649bc2b0c8e5a120b2d1dadc4228eee0be2e3a8e8f7', 'bt': '99184850c9a2384a6aff61d2fb625411e91a8e2ae83c44ed5842676250810b87', 'c': '14d766aaf74e589c0cedb44a26a5b712a4fb157f337dac6129d2cdea40ada805'}",PASS,0.044540799979586154,0.19212670001434162,0.5439067999832332,482,32,16,10,60,235,0,10,8,32,2638998349,100000000,15,1216,1156,0.17594939999980852,0.03361789998598397,0.9565236999769695,4.82e-06,0.056016597510373446,0.004376296680497925
endurance,1,PASS,True,4,0,0,20270977,5,3,9,"{'m': 5, 'n': 3, 'k': 9, 'a_base': 64, 'bt_base': 512, 'c_base': 832, 'a_stride': 64, 'bt_stride': 64, 'c_stride': 64, 'mode': 0, 'watchdog': 10000000}",2026-10-04T17:23:45.776003+00:00,2026-10-04T17:23:46.771610+00:00,26c3c20d69998ff0f391f6770a2735c8d392ea1e4ee2e199bbc8454b3d7e6d65,e32690c585358528c52402043d84de5f7760b33c3c25c7071bafe80f5c5d6bed,0b3e05bc62b9d5f73d802f01c5a4f1e9a65b76e4e545d4641062dd0217f46ad6,07a48a2993baf2e6bbfe3703903d8328cc1f358257904d6ac2068f307a712da4,Uploaded in this connection; reused only within this case,"{'a': '66cf149e0435a3c9306d5649bc2b0c8e5a120b2d1dadc4228eee0be2e3a8e8f7', 'bt': '99184850c9a2384a6aff61d2fb625411e91a8e2ae83c44ed5842676250810b87', 'c': '14d766aaf74e589c0cedb44a26a5b712a4fb157f337dac6129d2cdea40ada805'}",PASS,0.04822779999813065,0.19192229997133836,0.544013399980031,478,32,16,10,60,235,0,10,8,32,2638998349,100000000,15,1216,1156,0.17598709999583662,0.03284110000822693,0.9601505999453366,4.78e-06,0.056485355648535567,0.004412918410041841
endurance,1,PASS,True,5,0,0,20280950,31,33,17,"{'m': 31, 'n': 33, 'k': 17, 'a_base': 64, 'bt_base': 2176, 'c_base': 4416, 'a_stride': 64, 'bt_stride': 64, 'c_stride': 192, 'mode': 0, 'watchdog': 10000000}",2026-10-04T17:23:47.158899+00:00,2026-10-04T17:23:49.186732+00:00,e1b236cfa70c538645754d3151c4704aa30d7637ee06f15c486681ed8d395909,cb0e0456e0e948b4231c0ce6dd6f195fb42bd03f4c3fc353e0a3ba810fd6020e,a077bd1c0d85185215896f1b2e678c50512b3cee189705db57df9c2d4af39c64,c8c384a10050ac47889e98b7f436df7dd2a5b0745d611735bd36f7be8afc4600,Uploaded in this connection; reused only within this case,"{'a': '13c8141ca9293e4e4eb4376c78e398c5d4dac59b980fd155b70e4c2a18f645c7', 'bt': 'ed598be663a0859d58699eb56ab6e70f177ae0035e7471aa2761421871aed986', 'c': '2dde2f6110bd78333aaf8fd2fd5d4940ed99accb63f69cc02f782ad2f511a8cd'}",PASS,0.4256838000146672,0.19195829995442182,0.5439735000254586,7390,800,285,527,4092,1943,0,124,8,32,2638998349,100000000,1023,10432,6340,0.8279700999846682,0.036085300031118095,1.9895856999792159,7.39e-05,0.47066305818673887,0.03677055142083897
endurance,1,PASS,True,6,1,0,20280950,31,33,17,"{'m': 31, 'n': 33, 'k': 17, 'a_base': 64, 'bt_base': 2176, 'c_base': 4416, 'a_stride': 64, 'bt_stride': 64, 'c_stride': 192, 'mode': 1, 'watchdog': 10000000}",2026-10-04T17:23:49.209914+00:00,2026-10-04T17:23:51.218655+00:00,e1b236cfa70c538645754d3151c4704aa30d7637ee06f15c486681ed8d395909,cb0e0456e0e948b4231c0ce6dd6f195fb42bd03f4c3fc353e0a3ba810fd6020e,a077bd1c0d85185215896f1b2e678c50512b3cee189705db57df9c2d4af39c64,c8c384a10050ac47889e98b7f436df7dd2a5b0745d611735bd36f7be8afc4600,Uploaded in this connection; reused only within this case,"{'a': '13c8141ca9293e4e4eb4376c78e398c5d4dac59b980fd155b70e4c2a18f645c7', 'bt': 'ed598be663a0859d58699eb56ab6e70f177ae0035e7471aa2761421871aed986', 'c': '2dde2f6110bd78333aaf8fd2fd5d4940ed99accb63f69cc02f782ad2f511a8cd'}",PASS,0.42349979997379705,0.19079810002585873,0.5438330000033602,6523,800,285,527,4092,1248,0,124,8,32,2638998349,100000000,1023,10432,6340,0.8160935000050813,0.031985699955839664,1.9742244000080973,6.523e-05,0.533220910623946,0.041657883642495785
endurance,1,PASS,True,7,1,0,20290923,33,35,256,"{'m': 33, 'n': 35, 'k': 256, 'a_base': 64, 'bt_base': 8640, 'c_base': 17728, 'a_stride': 256, 'bt_stride': 256, 'c_stride': 192, 'mode': 1, 'watchdog': 10000000}",2026-10-04T17:23:52.535196+00:00,2026-10-04T17:23:55.538390+00:00,c02d511dabab86c07f9feebc277498c002386dd29c8e39e39cccdce5db61f2fe,0a706bd010c5ba0c43153257e1a879e684c690c0dcb0d046111be58726b7f31e,b148444c20daf98a4b759f235f41f1c5c0cdaa068bb19e3b30e1f5858d49ac62,96c110d9e028cc49dd27f4bb81da4b5b4ed2590d147903787b43e856b86ab7a2,Uploaded in this connection; reused only within this case,"{'a': 'c3ac834ca0ae31e0c2e331e4390355219826bfafaa47c4dc22f794be1aa0655c', 'bt': '39089b32925515cdc9478ca8e07afe8beb8dc9139045c6eb229d5e9bbf107e85', 'c': 'fe5a75e7f99a272d364ac3c0079761cef96f0f66eefdf35ec285fb588a635ac5'}",PASS,0.45751159999053925,0.1920094999950379,0.5439636000082828,13283,6975,4352,594,4620,3476,0,134,8,32,2638998349,100000000,1155,24128,19508,1.7759839000063948,0.031905599986203015,2.969468600000255,0.00013283,4.452006323872618,0.3478129940525484
endurance,1,PASS,True,8,0,0,20290923,33,35,256,"{'m': 33, 'n': 35, 'k': 256, 'a_base': 64, 'bt_base': 8640, 'c_base': 17728, 'a_stride': 256, 'bt_stride': 256, 'c_stride': 192, 'mode': 0, 'watchdog': 10000000}",2026-10-04T17:23:55.563001+00:00,2026-10-04T17:23:58.578347+00:00,c02d511dabab86c07f9feebc277498c002386dd29c8e39e39cccdce5db61f2fe,0a706bd010c5ba0c43153257e1a879e684c690c0dcb0d046111be58726b7f31e,b148444c20daf98a4b759f235f41f1c5c0cdaa068bb19e3b30e1f5858d49ac62,96c110d9e028cc49dd27f4bb81da4b5b4ed2590d147903787b43e856b86ab7a2,Uploaded in this connection; reused only within this case,"{'a': 'c3ac834ca0ae31e0c2e331e4390355219826bfafaa47c4dc22f794be1aa0655c', 'bt': '39089b32925515cdc9478ca8e07afe8beb8dc9139045c6eb229d5e9bbf107e85', 'c': 'fe5a75e7f99a272d364ac3c0079761cef96f0f66eefdf35ec285fb588a635ac5'}",PASS,0.45287189999362454,0.19205290003446862,0.5440253000124358,19837,6975,4352,594,4620,7714,0,134,8,32,2638998349,100000000,1155,24128,19508,1.7920240999665111,0.03182460000971332,2.98097420000704,0.00019837,2.981095931844533,0.23289811967535415
endurance,1,PASS,True,9,0,0,20300896,65,63,255,"{'m': 65, 'n': 63, 'k': 255, 'a_base': 64, 'bt_base': 16832, 'c_base': 33088, 'a_stride': 256, 'bt_stride': 256, 'c_stride': 256, 'mode': 0, 'watchdog': 10000000}",2026-10-04T17:24:00.998954+00:00,2026-10-04T17:24:06.546055+00:00,05e84e2d8004021242443ef4c0fa670481b1668df2343a3b0850bae5213ea6b4,181be35c7d762594e55b8328d0a0f5ce4d662a1a907cf1fe36b43ca69a3b5cf1,f228f5afbd3f8ec290bfd4c5dbfea9048f4e819f0306be8dde9364c27abb4f7a,13eef19238be48d7013ca72c21089e4a820ce7fa25203be3913a9a42dab1554d,Uploaded in this connection; reused only within this case,"{'a': 'ae877ac3f558d11c1982f8967fbd1d13cf82a626c3184ff92c502192e4e52512', 'bt': '3cd210f88512831ac76aed0b6979366eea23f32ad473c44bbb0b7c50dabc9faa', 'c': '03a55ad79023acb3edb0496bc4f20a531cccc812de7b4fef0c712e545cd1d98c'}",PASS,1.1927525000064634,0.19214900000952184,0.5438848999910988,52390,20016,10208,2080,16380,17506,0,268,8,32,2638998349,100000000,4095,49792,33412,3.584115700039547,0.03181709995260462,5.512902100046631,0.0005239,3.9863523573200994,0.31143377791563276
endurance,1,PASS,True,10,1,0,20300896,65,63,255,"{'m': 65, 'n': 63, 'k': 255, 'a_base': 64, 'bt_base': 16832, 'c_base': 33088, 'a_stride': 256, 'bt_stride': 256, 'c_stride': 256, 'mode': 1, 'watchdog': 10000000}",2026-10-04T17:24:06.566529+00:00,2026-10-04T17:24:12.097822+00:00,05e84e2d8004021242443ef4c0fa670481b1668df2343a3b0850bae5213ea6b4,181be35c7d762594e55b8328d0a0f5ce4d662a1a907cf1fe36b43ca69a3b5cf1,f228f5afbd3f8ec290bfd4c5dbfea9048f4e819f0306be8dde9364c27abb4f7a,13eef19238be48d7013ca72c21089e4a820ce7fa25203be3913a9a42dab1554d,Uploaded in this connection; reused only within this case,"{'a': 'ae877ac3f558d11c1982f8967fbd1d13cf82a626c3184ff92c502192e4e52512', 'bt': '3cd210f88512831ac76aed0b6979366eea23f32ad473c44bbb0b7c50dabc9faa', 'c': '03a55ad79023acb3edb0496bc4f20a531cccc812de7b4fef0c712e545cd1d98c'}",PASS,1.177137600025162,0.1919429000117816,0.5439270999631844,26448,20016,10208,2080,16380,3512,0,268,8,32,2638998349,100000000,4095,49792,33412,3.5839534000260755,0.03190230001928285,5.496961000026204,0.00026448,7.896438294010889,0.6169092417196007
endurance,1,PASS,True,11,1,0,20310869,1,64,256,"{'m': 1, 'n': 64, 'k': 256, 'a_base': 64, 'bt_base': 448, 'c_base': 16960, 'a_stride': 256, 'bt_stride': 256, 'c_stride': 256, 'mode': 1, 'watchdog': 10000000}",2026-10-04T17:24:13.382508+00:00,2026-10-04T17:24:15.505763+00:00,6994dc2fbac0ec8cf78acc0031fdc8325765948fdd6612ccef7106cda9c043c7,13366c4a8ec5ffa0e58ffe1e4515e7cc28577bd1b13d02cdd62b5c1475259d0c,73753548f4918cdc67aee35df04982984f900c593284cde1f1623e17fc5d8c81,70ed387e3157c73875f44fe0482ab514f156f96ac647d40ea7f5b3bb9eeeccd8,Uploaded in this connection; reused only within this case,"{'a': 'cdd1962b41eb8fa376bdc3f142aa48dd5864f3e822d440923c6b20c6ea06d22b', 'bt': '2bdbfb91df977d5392067a56df0a495ccece0c1138e415ec954c0da4866e6635', 'c': '43424bd8c611b1a21068737f000b959e5c8b023585e9a17c88fc5683b847dda9'}",PASS,0.04009679995942861,0.19194500002777204,0.5438753999769688,5022,2232,2112,32,256,2639,0,4,8,32,2638998349,100000000,64,17280,17024,1.3120979000232182,0.031971999967936426,2.0880150999873877,5.022e-05,0.6524890481879729,0.050975706889685383
endurance,1,PASS,True,12,0,0,20310869,1,64,256,"{'m': 1, 'n': 64, 'k': 256, 'a_base': 64, 'bt_base': 448, 'c_base': 16960, 'a_stride': 256, 'bt_stride': 256, 'c_stride': 256, 'mode': 0, 'watchdog': 10000000}",2026-10-04T17:24:15.528210+00:00,2026-10-04T17:24:17.649544+00:00,6994dc2fbac0ec8cf78acc0031fdc8325765948fdd6612ccef7106cda9c043c7,13366c4a8ec5ffa0e58ffe1e4515e7cc28577bd1b13d02cdd62b5c1475259d0c,73753548f4918cdc67aee35df04982984f900c593284cde1f1623e17fc5d8c81,70ed387e3157c73875f44fe0482ab514f156f96ac647d40ea7f5b3bb9eeeccd8,Uploaded in this connection; reused only within this case,"{'a': 'cdd1962b41eb8fa376bdc3f142aa48dd5864f3e822d440923c6b20c6ea06d22b', 'bt': '2bdbfb91df977d5392067a56df0a495ccece0c1138e415ec954c0da4866e6635', 'c': '43424bd8c611b1a21068737f000b959e5c8b023585e9a17c88fc5683b847dda9'}",PASS,0.03953820001333952,0.19188399997074157,0.5440736000309698,6253,2232,2112,32,256,3749,0,4,8,32,2638998349,100000000,64,17280,17024,1.311827199999243,0.03197399998316541,2.087323000014294,6.253e-05,0.524036462498001,0.040940348632656325
endurance,1,PASS,True,13,0,0,20320842,64,1,256,"{'m': 64, 'n': 1, 'k': 256, 'a_base': 64, 'bt_base': 16576, 'c_base': 16960, 'a_stride': 256, 'bt_stride': 256, 'c_stride': 64, 'mode': 0, 'watchdog': 10000000}",2026-10-04T17:24:18.916454+00:00,2026-10-04T17:24:21.553655+00:00,3b1d9127b98850eb9b6d87c63eb2a1962be444f4d9471be97718608cba9752fe,2e34a5b63befd00de67de895935fbb6f5fcb4434da0caf0ed0f40d07f6d6c45b,4749367704d7062b3d1f5c245d3f5a7994e8d2f934d8fa74dc6bad682ca1091b,f83ee626795eb1a49502a12ab3a0f23702794612f837573a9a81ca81baa7ba28,Uploaded in this connection; reused only within this case,"{'a': '8fcd0884f5f0fb88f1f038c59a2c498fb9112bc0ee00d7fa02284b178432a905', 'bt': 'b1610f85f95bb725153b5e0317c529df6f7a5e1dff175ebc5f0db8dd0cce351e', 'c': '2fc9db242a60dcc3fd7fb8ce7d3cb28f3fb51be373efa4375c30fe24826a1d1a'}",PASS,0.3001524999854155,0.19183730002259836,0.5441900999867357,8308,2232,2112,64,256,3725,0,128,8,32,2638998349,100000000,64,21120,20864,1.568090500019025,0.031858199974521995,2.6042704000137746,8.308e-05,0.39441502166586423,0.030813673567645642
endurance,1,PASS,True,14,1,0,20320842,64,1,256,"{'m': 64, 'n': 1, 'k': 256, 'a_base': 64, 'bt_base': 16576, 'c_base': 16960, 'a_stride': 256, 'bt_stride': 256, 'c_stride': 64, 'mode': 1, 'watchdog': 10000000}",2026-10-04T17:24:21.574463+00:00,2026-10-04T17:24:24.209364+00:00,3b1d9127b98850eb9b6d87c63eb2a1962be444f4d9471be97718608cba9752fe,2e34a5b63befd00de67de895935fbb6f5fcb4434da0caf0ed0f40d07f6d6c45b,4749367704d7062b3d1f5c245d3f5a7994e8d2f934d8fa74dc6bad682ca1091b,f83ee626795eb1a49502a12ab3a0f23702794612f837573a9a81ca81baa7ba28,Uploaded in this connection; reused only within this case,"{'a': '8fcd0884f5f0fb88f1f038c59a2c498fb9112bc0ee00d7fa02284b178432a905', 'bt': 'b1610f85f95bb725153b5e0317c529df6f7a5e1dff175ebc5f0db8dd0cce351e', 'c': '2fc9db242a60dcc3fd7fb8ce7d3cb28f3fb51be373efa4375c30fe24826a1d1a'}",PASS,0.2979258000268601,0.192031099984888,0.5438720000092871,6005,2232,2112,64,256,2578,0,128,8,32,2638998349,100000000,64,21120,20864,1.5678934999741614,0.03209180000703782,2.6017223999951966,6.005e-05,0.5456786011656953,0.042631140716069944
endurance,1,PASS,True,15,1,0,20330815,32,32,256,"{'m': 32, 'n': 32, 'k': 256, 'a_base': 64, 'bt_base': 8384, 'c_base': 16704, 'a_stride': 256, 'bt_stride': 256, 'c_stride': 128, 'mode': 1, 'watchdog': 10000000}",2026-10-04T17:24:25.460085+00:00,2026-10-04T17:24:28.081372+00:00,b7f378ae3cda1a0a62a0785d5ec758f3bffa324f461ab23a665de81bf47758d8,b27d0912ab9487b7a60a90deebc9b3ea6090850ab8af1133df1d56c623197cf8,847c52d0836d90cf170678aa215bec73e8810166508822163fa3a9abd9c9792b,ab6d7887926bc5d5d077bb9d42748ececc9be6516d1ef0f506cef84e4bb9ab10,Uploaded in this connection; reused only within this case,"{'a': '3ae62a20c11d3545ec317293a6a03dd199ad6ec285846be793e6f0668a771569', 'bt': '6509ace8e07880f3d215b333cbfed5f4f1d30da18295856ddafdbdbd8d3b68f3', 'c': '014526c90b5b54b9693e86121a225d6b5e9397fc7a5e5ba65d2a5195f05c72a6'}",PASS,0.3000286999740638,0.19193000002996996,0.5443267999798991,11634,4464,2048,512,4096,3485,0,66,8,32,2638998349,100000000,1024,20864,16768,1.5516943000257015,0.03208159998757765,2.5879798000096343,0.00011634,4.506515385937769,0.3520715145263882
endurance,1,PASS,True,16,0,0,20330815,32,32,256,"{'m': 32, 'n': 32, 'k': 256, 'a_base': 64, 'bt_base': 8384, 'c_base': 16704, 'a_stride': 256, 'bt_stride': 256, 'c_stride': 128, 'mode': 0, 'watchdog': 10000000}",2026-10-04T17:24:28.099580+00:00,2026-10-04T17:24:30.737510+00:00,b7f378ae3cda1a0a62a0785d5ec758f3bffa324f461ab23a665de81bf47758d8,b27d0912ab9487b7a60a90deebc9b3ea6090850ab8af1133df1d56c623197cf8,847c52d0836d90cf170678aa215bec73e8810166508822163fa3a9abd9c9792b,ab6d7887926bc5d5d077bb9d42748ececc9be6516d1ef0f506cef84e4bb9ab10,Uploaded in this connection; reused only within this case,"{'a': '3ae62a20c11d3545ec317293a6a03dd199ad6ec285846be793e6f0668a771569', 'bt': '6509ace8e07880f3d215b333cbfed5f4f1d30da18295856ddafdbdbd8d3b68f3', 'c': '014526c90b5b54b9693e86121a225d6b5e9397fc7a5e5ba65d2a5195f05c72a6'}",PASS,0.29984829999739304,0.19223869999404997,0.5439060999779031,11574,4464,2048,512,4096,3470,0,66,8,32,2638998349,100000000,1024,20864,16768,1.5678435000008903,0.03226090001408011,2.6038365999702364,0.00011574,4.529877311214792,0.3538966649386556
endurance,1,PASS,True,17,1,0,20365733,1,1,1,"{'m': 1, 'n': 1, 'k': 1, 'a_base': 64, 'bt_base': 256, 'c_base': 448, 'a_stride': 64, 'bt_stride': 64, 'c_stride': 64, 'mode': 1, 'watchdog': 10000000}",2026-10-04T17:24:30.836289+00:00,2026-10-04T17:24:31.761016+00:00,021fb596db81e6d02bf3d2586ee3981fe519f275c0ac9ca76bbcf2ebb4097d96,af193a8cdcd0e3fb39e71147e59efa5cad40763d2611f5beff34a274f514362f,44161d99cce4065b95038c1ceda233693c76cfee8e7f8dc264983a76461dd60e,cdf5c554e5a64506eeeb621eae5182f1c1e9b9059f80598bd03c0df73d529d38,Uploaded in this connection; reused only within this case,"{'a': '941b59f76202216065455def46a56745e3f222c024f680210f5040b1448ff92d', 'bt': 'e2e7db63f615ffaea72c4078e55de6400d222d0a3a7e3f9083a7855cae373f25', 'c': 'ce1bd0f8afa4a315a8cfe905365fdfb7c751660e75b8a7b6593d18b231cd52dd'}",PASS,0.027891499979887158,0.1917020999826491,0.5440479000099003,218,24,2,1,4,149,0,2,8,32,2638998349,100000000,1,576,572,0.12780620000557974,0.03203699999721721,0.8914476999780163,2.18e-06,0.0009174311926605505,7.167431192660551e-05
endurance,1,PASS,True,18,0,0,20365733,1,1,1,"{'m': 1, 'n': 1, 'k': 1, 'a_base': 64, 'bt_base': 256, 'c_base': 448, 'a_stride': 64, 'bt_stride': 64, 'c_stride': 64, 'mode': 0, 'watchdog': 10000000}",2026-10-04T17:24:31.774349+00:00,2026-10-04T17:24:32.704973+00:00,021fb596db81e6d02bf3d2586ee3981fe519f275c0ac9ca76bbcf2ebb4097d96,af193a8cdcd0e3fb39e71147e59efa5cad40763d2611f5beff34a274f514362f,44161d99cce4065b95038c1ceda233693c76cfee8e7f8dc264983a76461dd60e,cdf5c554e5a64506eeeb621eae5182f1c1e9b9059f80598bd03c0df73d529d38,Uploaded in this connection; reused only within this case,"{'a': '941b59f76202216065455def46a56745e3f222c024f680210f5040b1448ff92d', 'bt': 'e2e7db63f615ffaea72c4078e55de6400d222d0a3a7e3f9083a7855cae373f25', 'c': 'ce1bd0f8afa4a315a8cfe905365fdfb7c751660e75b8a7b6593d18b231cd52dd'}",PASS,0.017410899978131056,0.19202810002025217,0.5438802000135183,218,24,2,1,4,149,0,2,8,32,2638998349,100000000,1,576,572,0.1483126999810338,0.02768540004035458,0.9016318999929354,2.18e-06,0.0009174311926605505,7.167431192660551e-05
endurance,1,PASS,True,19,0,0,20375706,5,3,9,"{'m': 5, 'n': 3, 'k': 9, 'a_base': 64, 'bt_base': 512, 'c_base': 832, 'a_stride': 64, 'bt_stride': 64, 'c_stride': 64, 'mode': 0, 'watchdog': 10000000}",2026-10-04T17:24:32.818429+00:00,2026-10-04T17:24:33.825006+00:00,b673cc33492b2cfb1ca67bca74ee7400e55069e7c57c5fdce7a95cb1b28bbe22,c6c5af9ca5090e63e991b4ae67be8dc431f84e07faa150217baa97d22d3d0031,fe5b94096962319fd3689160cc82c6d6463518358a54c900aa004b705649e6a3,fc541e27412b561a42ec8e8bb251688629cd159aae978179dd1307973b1fd2a9,Uploaded in this connection; reused only within this case,"{'a': 'fc243b9fca8b435faccf59d2b48aebab584d157b432f195f3f72cd87cc478569', 'bt': '499c7b7d579b11f2d58465cff5804cf993696d9de8f30fba3a1e69c93bc41d7f', 'c': '2a50db3bbf5cbdf66d5763c48444cd13deb934f19f1fe07577ec08094dfe4472'}",PASS,0.04571899998700246,0.1918932000407949,0.5440933000063524,482,32,16,10,60,239,0,10,8,32,2638998349,100000000,15,1216,1156,0.17597989999921992,0.0479850999545306,0.9576854000333697,4.82e-06,0.056016597510373446,0.004376296680497925
endurance,1,PASS,True,20,1,0,20375706,5,3,9,"{'m': 5, 'n': 3, 'k': 9, 'a_base': 64, 'bt_base': 512, 'c_base': 832, 'a_stride': 64, 'bt_stride': 64, 'c_stride': 64, 'mode': 1, 'watchdog': 10000000}",2026-10-04T17:24:33.839347+00:00,2026-10-04T17:24:34.849069+00:00,b673cc33492b2cfb1ca67bca74ee7400e55069e7c57c5fdce7a95cb1b28bbe22,c6c5af9ca5090e63e991b4ae67be8dc431f84e07faa150217baa97d22d3d0031,fe5b94096962319fd3689160cc82c6d6463518358a54c900aa004b705649e6a3,fc541e27412b561a42ec8e8bb251688629cd159aae978179dd1307973b1fd2a9,Uploaded in this connection; reused only within this case,"{'a': 'fc243b9fca8b435faccf59d2b48aebab584d157b432f195f3f72cd87cc478569', 'bt': '499c7b7d579b11f2d58465cff5804cf993696d9de8f30fba3a1e69c93bc41d7f', 'c': '2a50db3bbf5cbdf66d5763c48444cd13deb934f19f1fe07577ec08094dfe4472'}",PASS,0.04880799999227747,0.19173670001327991,0.5599665000336245,482,32,16,10,60,235,0,10,8,32,2638998349,100000000,15,1216,1156,0.1760367999668233,0.03207339998334646,0.9765480000060052,4.82e-06,0.056016597510373446,0.004376296680497925
endurance,1,PASS,True,21,1,0,20385679,31,33,17,"{'m': 31, 'n': 33, 'k': 17, 'a_base': 64, 'bt_base': 2176, 'c_base': 4416, 'a_stride': 64, 'bt_stride': 64, 'c_stride': 192, 'mode': 1, 'watchdog': 10000000}",2026-10-04T17:24:35.218822+00:00,2026-10-04T17:24:37.249889+00:00,941543551a9d23f2b339386acdd96ae6551049b8fe287d3e8bce18536035f071,07ea2df0e3ce27c338cddcad61ba4880dd5e58c4d71a8f4e28b9e077931afda4,ca5f17822cee690a52efdb2b506b5e7201253c4aa6fb06ab420e0c1ce17d217a,a96fb4e23343c30c0b8cbca0fce74677188c8a7719fa949ec4aca78445ae5b27,Uploaded in this connection; reused only within this case,"{'a': '478a364c360ee52daa050972cee5bb10558a0c8a0ad11363da99c7b10dc1d782', 'bt': 'f125041c94ade2b2b78cf223c80a9566cb74222b4c66733b887df8a596f46c6a', 'c': '65d8edba1240ef17c15b1303a79ee46799fa6a04b99867a46e74d812cd3f4a10'}",PASS,0.42919009999604896,0.19190249999519438,0.5610247000004165,6493,800,285,527,4092,1224,0,124,8,32,2638998349,100000000,1023,10432,6340,0.8159793000086211,0.032028699992224574,1.9980966000002809,6.493e-05,0.535684583397505,0.041850358077930076
endurance,1,PASS,True,22,0,0,20385679,31,33,17,"{'m': 31, 'n': 33, 'k': 17, 'a_base': 64, 'bt_base': 2176, 'c_base': 4416, 'a_stride': 64, 'bt_stride': 64, 'c_stride': 192, 'mode': 0, 'watchdog': 10000000}",2026-10-04T17:24:37.263006+00:00,2026-10-04T17:24:39.313732+00:00,941543551a9d23f2b339386acdd96ae6551049b8fe287d3e8bce18536035f071,07ea2df0e3ce27c338cddcad61ba4880dd5e58c4d71a8f4e28b9e077931afda4,ca5f17822cee690a52efdb2b506b5e7201253c4aa6fb06ab420e0c1ce17d217a,a96fb4e23343c30c0b8cbca0fce74677188c8a7719fa949ec4aca78445ae5b27,Uploaded in this connection; reused only within this case,"{'a': '478a364c360ee52daa050972cee5bb10558a0c8a0ad11363da99c7b10dc1d782', 'bt': 'f125041c94ade2b2b78cf223c80a9566cb74222b4c66733b887df8a596f46c6a', 'c': '65d8edba1240ef17c15b1303a79ee46799fa6a04b99867a46e74d812cd3f4a10'}",PASS,0.44966520002344623,0.19177350000245497,0.5439538999926299,7380,800,285,527,4092,1933,0,124,8,32,2638998349,100000000,1023,10432,6340,0.8320435999776237,0.03194910002639517,2.0174361999961548,7.38e-05,0.4713008130081301,0.03682037601626016
endurance,1,PASS,True,23,0,0,20395652,33,35,256,"{'m': 33, 'n': 35, 'k': 256, 'a_base': 64, 'bt_base': 8640, 'c_base': 17728, 'a_stride': 256, 'bt_stride': 256, 'c_stride': 192, 'mode': 0, 'watchdog': 10000000}",2026-10-04T17:24:40.628933+00:00,2026-10-04T17:24:43.649674+00:00,bb68db041911caf98af9b2f3ec8595d26cfaaa471ec81a941e85a81b20dc6513,3aae8902f2aa29c765f193e80b272ab0a19ac003f4896841b77b5adafdad8fdd,858f47d672c8eb99033854138f8f0df1b5682aab4a4765399ea82c5620d3dbb1,081ffe758244f9aa7520cb7ca0b65c0498ceb17a9c05f9656c483b0bac51b643,Uploaded in this connection; reused only within this case,"{'a': '14e77da425e99659c2a23e5e3d072e480c0fdb5a9e56c6a9222b51994386d069', 'bt': '49301e03fcc0c927cf14b3540a934b78a736ffec6037a7c16b726cf5877cd934', 'c': '23c05c6e5060a949f21a28b4812d66cd0b5f157004b59492e46d2034b650ee56'}",PASS,0.45803320000413805,0.19203209999250248,0.5439082000521012,19818,6975,4352,594,4620,7702,0,134,8,32,2638998349,100000000,1155,24128,19508,1.7919895999948494,0.032020999991800636,2.985963100043591,0.00019818,2.9839539812291855,0.23312140478353013
endurance,1,PASS,True,24,1,0,20395652,33,35,256,"{'m': 33, 'n': 35, 'k': 256, 'a_base': 64, 'bt_base': 8640, 'c_base': 17728, 'a_stride': 256, 'bt_stride': 256, 'c_stride': 192, 'mode': 1, 'watchdog': 10000000}",2026-10-04T17:24:43.664948+00:00,2026-10-04T17:24:46.689463+00:00,bb68db041911caf98af9b2f3ec8595d26cfaaa471ec81a941e85a81b20dc6513,3aae8902f2aa29c765f193e80b272ab0a19ac003f4896841b77b5adafdad8fdd,858f47d672c8eb99033854138f8f0df1b5682aab4a4765399ea82c5620d3dbb1,081ffe758244f9aa7520cb7ca0b65c0498ceb17a9c05f9656c483b0bac51b643,Uploaded in this connection; reused only within this case,"{'a': '14e77da425e99659c2a23e5e3d072e480c0fdb5a9e56c6a9222b51994386d069', 'bt': '49301e03fcc0c927cf14b3540a934b78a736ffec6037a7c16b726cf5877cd934', 'c': '23c05c6e5060a949f21a28b4812d66cd0b5f157004b59492e46d2034b650ee56'}",PASS,0.46300450002308935,0.19219109998084605,0.543851199967321,13310,6975,4352,594,4620,3476,0,134,8,32,2638998349,100000000,1155,24128,19508,1.792096700053662,0.03176230000099167,2.9911435000249185,0.0001331,4.44297520661157,0.34710743801652894
endurance,1,PASS,True,25,1,0,20405625,65,63,255,"{'m': 65, 'n': 63, 'k': 255, 'a_base': 64, 'bt_base': 16832, 'c_base': 33088, 'a_stride': 256, 'bt_stride': 256, 'c_stride': 256, 'mode': 1, 'watchdog': 10000000}",2026-10-04T17:24:49.112677+00:00,2026-10-04T17:24:54.657568+00:00,04eeb7d3acde23ec8f84ada78fc394f6ca36b83145fa095a745f6671c09d28cb,01a90c0cdf10df9c6b9e590e0e31742d14ff19eb7600961995de38b9ce21d7d4,983d0a3ab828c6a73816e990d15ae8b647fbb396ff52a73b7f4db71110598a9c,2ffd50c1a5babf7cf5445b5d018958ed100f67b7015024fbfbba9b879da5c66e,Uploaded in this connection; reused only within this case,"{'a': '834c81561923d06506e92db78836ab016d14ef18a310d1d0f800f668227137b4', 'bt': 'ba9de9b1555ebcc4d4e076adbffaed2b5e9447f8e28b16f8635f144de1a5efe8', 'c': 'a151d714b3a4a5e9fbd8f2aea8e59c738b89b811ec2e68bd08ee4cd4386cd964'}",PASS,1.1739752999856137,0.19205589999910444,0.5438699000515044,26401,20016,10208,2080,16380,3455,0,268,8,32,2638998349,100000000,4095,49792,33412,3.599989599955734,0.03217140003107488,5.509890699991956,0.00026401,7.910495814552479,0.6180074855119124
endurance,1,PASS,True,26,0,0,20405625,65,63,255,"{'m': 65, 'n': 63, 'k': 255, 'a_base': 64, 'bt_base': 16832, 'c_base': 33088, 'a_stride': 256, 'bt_stride': 256, 'c_stride': 256, 'mode': 0, 'watchdog': 10000000}",2026-10-04T17:24:54.679489+00:00,2026-10-04T17:25:00.209090+00:00,04eeb7d3acde23ec8f84ada78fc394f6ca36b83145fa095a745f6671c09d28cb,01a90c0cdf10df9c6b9e590e0e31742d14ff19eb7600961995de38b9ce21d7d4,983d0a3ab828c6a73816e990d15ae8b647fbb396ff52a73b7f4db71110598a9c,2ffd50c1a5babf7cf5445b5d018958ed100f67b7015024fbfbba9b879da5c66e,Uploaded in this connection; reused only within this case,"{'a': '834c81561923d06506e92db78836ab016d14ef18a310d1d0f800f668227137b4', 'bt': 'ba9de9b1555ebcc4d4e076adbffaed2b5e9447f8e28b16f8635f144de1a5efe8', 'c': 'a151d714b3a4a5e9fbd8f2aea8e59c738b89b811ec2e68bd08ee4cd4386cd964'}",PASS,1.1751577000250109,0.1920723999501206,0.5439719000132754,52351,20016,10208,2080,16380,17499,0,268,8,32,2638998349,100000000,4095,49792,33412,3.583914300019387,0.03189889999339357,5.495116300007794,0.00052351,3.9893220759870873,0.3116657871864912
endurance,1,PASS,True,27,0,0,20415598,1,64,256,"{'m': 1, 'n': 64, 'k': 256, 'a_base': 64, 'bt_base': 448, 'c_base': 16960, 'a_stride': 256, 'bt_stride': 256, 'c_stride': 256, 'mode': 0, 'watchdog': 10000000}",2026-10-04T17:25:01.491219+00:00,2026-10-04T17:25:03.616826+00:00,599c56319345c926bbd27d54c3758caa2a77c3b97d0f25414962f2a1c39b0c0a,d17546fbb0315f3e247a9cbe4300d9ec037a8e4a9826bf5bd07dd3b5392aff9c,4595dfea611c40a00bca93788905a38c3e7c20e2d0082c8bd72a9cab67ef0804,012188b6b167410ed3a0866e88138d19b1a4a8451fbd4740598a1d62fc3bc4e1,Uploaded in this connection; reused only within this case,"{'a': '3f4099e98b5fa8f41b7adf3143fa2f45f86699c326ed775a8c9a3b9d6c5b0b4e', 'bt': 'd59516f5f888fe27727adba8ebffeeac7099fd408c95e1a541a39b4b1b002c76', 'c': 'a16e14bd1df8b6c76319094992e28956588a1b4fbaad3e878ba2f9f2cc0c7833'}",PASS,0.04375419998541474,0.19190779997734353,0.5441897000418976,6246,2232,2112,32,256,3740,0,4,8,32,2638998349,100000000,64,17280,17024,1.3121103000012226,0.031588599958922714,2.0919620000058785,6.246e-05,0.5246237592058918,0.04098623118796029
endurance,1,PASS,True,28,1,0,20415598,1,64,256,"{'m': 1, 'n': 64, 'k': 256, 'a_base': 64, 'bt_base': 448, 'c_base': 16960, 'a_stride': 256, 'bt_stride': 256, 'c_stride': 256, 'mode': 1, 'watchdog': 10000000}",2026-10-04T17:25:03.637685+00:00,2026-10-04T17:25:05.764391+00:00,599c56319345c926bbd27d54c3758caa2a77c3b97d0f25414962f2a1c39b0c0a,d17546fbb0315f3e247a9cbe4300d9ec037a8e4a9826bf5bd07dd3b5392aff9c,4595dfea611c40a00bca93788905a38c3e7c20e2d0082c8bd72a9cab67ef0804,012188b6b167410ed3a0866e88138d19b1a4a8451fbd4740598a1d62fc3bc4e1,Uploaded in this connection; reused only within this case,"{'a': '3f4099e98b5fa8f41b7adf3143fa2f45f86699c326ed775a8c9a3b9d6c5b0b4e', 'bt': 'd59516f5f888fe27727adba8ebffeeac7099fd408c95e1a541a39b4b1b002c76', 'c': 'a16e14bd1df8b6c76319094992e28956588a1b4fbaad3e878ba2f9f2cc0c7833'}",PASS,0.041412999969907105,0.19178400002419949,0.5441058999858797,4994,2232,2112,32,256,2603,0,4,8,32,2638998349,100000000,64,17280,17024,1.312339099997189,0.03501340001821518,2.089641999977175,4.994e-05,0.6561473768522227,0.051261513816579896
endurance,1,PASS,True,29,1,0,20425571,64,1,256,"{'m': 64, 'n': 1, 'k': 256, 'a_base': 64, 'bt_base': 16576, 'c_base': 16960, 'a_stride': 256, 'bt_stride': 256, 'c_stride': 64, 'mode': 1, 'watchdog': 10000000}",2026-10-04T17:25:07.059902+00:00,2026-10-04T17:25:09.697307+00:00,921b8ef919f31cb7033169f35abc25a0de8e8c58731ab99a1cc9dd0ebba1a0f0,9545eb9255383d4577aa653bcc2aabd9aa0381ac0731ec17d010f1dd34a02fe3,c8a32e92a8922eec50d0fd7d8d32393295dbbc106c09767fb4df1c19317aa318,a876ad5b10d744a0b1407785179942413be0d917c16985f36c42a65c580b1f7d,Uploaded in this connection; reused only within this case,"{'a': 'af685b8071e9178d0e966b24bdad5b2f3768f19256fd3bd6bfdb8c60785f56b5', 'bt': '6d8841f39e57622fb4e4770948b0b2205a616db30d0bc2da1c0f182ed5246064', 'c': 'ce9d5852b94fd84d7d52e9ed04e987fa41ab6ff19ab603bae30eee2815740895'}",PASS,0.29858350002905354,0.19206299999495968,0.5443972999928519,6029,2232,2112,64,256,2602,0,128,8,32,2638998349,100000000,64,21120,20864,1.5675516999908723,0.03251250000903383,2.6025955000077374,6.029e-05,0.5435063858019572,0.04246143639077791
endurance,1,PASS,True,30,0,0,20425571,64,1,256,"{'m': 64, 'n': 1, 'k': 256, 'a_base': 64, 'bt_base': 16576, 'c_base': 16960, 'a_stride': 256, 'bt_stride': 256, 'c_stride': 64, 'mode': 0, 'watchdog': 10000000}",2026-10-04T17:25:09.725801+00:00,2026-10-04T17:25:12.368665+00:00,921b8ef919f31cb7033169f35abc25a0de8e8c58731ab99a1cc9dd0ebba1a0f0,9545eb9255383d4577aa653bcc2aabd9aa0381ac0731ec17d010f1dd34a02fe3,c8a32e92a8922eec50d0fd7d8d32393295dbbc106c09767fb4df1c19317aa318,a876ad5b10d744a0b1407785179942413be0d917c16985f36c42a65c580b1f7d,Uploaded in this connection; reused only within this case,"{'a': 'af685b8071e9178d0e966b24bdad5b2f3768f19256fd3bd6bfdb8c60785f56b5', 'bt': '6d8841f39e57622fb4e4770948b0b2205a616db30d0bc2da1c0f182ed5246064', 'c': 'ce9d5852b94fd84d7d52e9ed04e987fa41ab6ff19ab603bae30eee2815740895'}",PASS,0.3046178999939002,0.1937414999702014,0.5424637999967672,8298,2232,2112,64,256,3711,0,128,8,32,2638998349,100000000,64,21120,20864,1.5679474000353366,0.03182159998686984,2.6087705999962054,8.298e-05,0.39489033502048687,0.030850807423475537
endurance,1,PASS,True,31,0,0,20435544,32,32,256,"{'m': 32, 'n': 32, 'k': 256, 'a_base': 64, 'bt_base': 8384, 'c_base': 16704, 'a_stride': 256, 'bt_stride': 256, 'c_stride': 128, 'mode': 0, 'watchdog': 10000000}",2026-10-04T17:25:13.634941+00:00,2026-10-04T17:25:16.256560+00:00,7b47b36c1b7d419726e69dda1ba4b52cc235e41f0b11131aa214c2c0ed33f916,93174aa8b1a4341b1dd9186aff814facfbc86c4ebf3f81c74b9a998cf7d6b886,0e006241548e3b865125bf9680098e66501290def326ec6ee6fabfe7eab115a5,0544e21e2321079a871c27e7c03eecbaeae08637c0957a5fbd974ed341d8dece,Uploaded in this connection; reused only within this case,"{'a': '93b4448685e996a8e6cd6a1432d15b90723867321ebf46bacfe8589f94504ebc', 'bt': 'ff39269decefbe0e40d6f55edc2f163cb537f355343adf40a47d991c9e6a6c81', 'c': 'fc1fb0e70aaed64cb2dda758942d8fef41a5bc429d3e016699dda8291d18327e'}",PASS,0.29960020002909005,0.19199510000180453,0.5437143999733962,11619,4464,2048,512,4096,3515,0,66,8,32,2638998349,100000000,1024,20864,16768,1.5519054000033066,0.03205009998055175,2.5872151000075974,0.00011619,4.5123332472674065,0.3525260349427662
endurance,1,PASS,True,32,1,0,20435544,32,32,256,"{'m': 32, 'n': 32, 'k': 256, 'a_base': 64, 'bt_base': 8384, 'c_base': 16704, 'a_stride': 256, 'bt_stride': 256, 'c_stride': 128, 'mode': 1, 'watchdog': 10000000}",2026-10-04T17:25:16.284423+00:00,2026-10-04T17:25:18.929593+00:00,7b47b36c1b7d419726e69dda1ba4b52cc235e41f0b11131aa214c2c0ed33f916,93174aa8b1a4341b1dd9186aff814facfbc86c4ebf3f81c74b9a998cf7d6b886,0e006241548e3b865125bf9680098e66501290def326ec6ee6fabfe7eab115a5,0544e21e2321079a871c27e7c03eecbaeae08637c0957a5fbd974ed341d8dece,Uploaded in this connection; reused only within this case,"{'a': '93b4448685e996a8e6cd6a1432d15b90723867321ebf46bacfe8589f94504ebc', 'bt': 'ff39269decefbe0e40d6f55edc2f163cb537f355343adf40a47d991c9e6a6c81', 'c': 'fc1fb0e70aaed64cb2dda758942d8fef41a5bc429d3e016699dda8291d18327e'}",PASS,0.2901867000036873,0.19197510002413765,0.5439730000216514,11601,4464,2048,512,4096,3492,0,66,8,32,2638998349,100000000,1024,20864,16768,1.5851305999676697,0.03197130002081394,2.611265400017146,0.00011601,4.519334540125851,0.3530730109473321
endurance,1,PASS,True,33,0,0,20470462,1,1,1,"{'m': 1, 'n': 1, 'k': 1, 'a_base': 64, 'bt_base': 256, 'c_base': 448, 'a_stride': 64, 'bt_stride': 64, 'c_stride': 64, 'mode': 0, 'watchdog': 10000000}",2026-10-04T17:25:19.030580+00:00,2026-10-04T17:25:19.953426+00:00,4bf5122f344554c53bde2ebb8cd2b7e3d1600ad631c385a5d7cce23c7785459a,65f15821061635e6807f06701bf0a12d8e89dcff88df5968bd0822c9dbb52f1c,5b0c19c648861df8ba75f336fea8efa317e047a683c33130f163bceb65401c25,e6758a7abe9a0497431dfbf405b02034f629fee286a28b580617c7a8b46b8ff6,Uploaded in this connection; reused only within this case,"{'a': 'eb6c728c8ffbdd6aa288592869f26c5588591fcff94f8768fb647bcf5af0bf9d', 'bt': 'bbc7c32501b7c139a87ebd3f67a8b317c7d86065d25e81c93372a0def60950f3', 'c': '82e10c28ab0dfc62f839e85a862479b11e1d160e86c42c69dcf15bd13cb4ffa1'}",PASS,0.024442700028885156,0.19175339996581897,0.5441442000446841,218,24,2,1,4,149,0,2,8,32,2638998349,100000000,1,576,572,0.12800979998428375,0.031961800006683916,0.888350100023672,2.18e-06,0.0009174311926605505,7.167431192660551e-05
endurance,1,PASS,True,34,1,0,20470462,1,1,1,"{'m': 1, 'n': 1, 'k': 1, 'a_base': 64, 'bt_base': 256, 'c_base': 448, 'a_stride': 64, 'bt_stride': 64, 'c_stride': 64, 'mode': 1, 'watchdog': 10000000}",2026-10-04T17:25:19.973891+00:00,2026-10-04T17:25:20.897323+00:00,4bf5122f344554c53bde2ebb8cd2b7e3d1600ad631c385a5d7cce23c7785459a,65f15821061635e6807f06701bf0a12d8e89dcff88df5968bd0822c9dbb52f1c,5b0c19c648861df8ba75f336fea8efa317e047a683c33130f163bceb65401c25,e6758a7abe9a0497431dfbf405b02034f629fee286a28b580617c7a8b46b8ff6,Uploaded in this connection; reused only within this case,"{'a': 'eb6c728c8ffbdd6aa288592869f26c5588591fcff94f8768fb647bcf5af0bf9d', 'bt': 'bbc7c32501b7c139a87ebd3f67a8b317c7d86065d25e81c93372a0def60950f3', 'c': '82e10c28ab0dfc62f839e85a862479b11e1d160e86c42c69dcf15bd13cb4ffa1'}",PASS,0.02501870004925877,0.19206709996797144,0.5438699999940582,219,24,2,1,4,150,0,2,8,32,2638998349,100000000,1,576,572,0.12819980003405362,0.03183069999795407,0.889155600045342,2.19e-06,0.0009132420091324201,7.134703196347032e-05
endurance,1,PASS,True,35,1,0,20480435,5,3,9,"{'m': 5, 'n': 3, 'k': 9, 'a_base': 64, 'bt_base': 512, 'c_base': 832, 'a_stride': 64, 'bt_stride': 64, 'c_stride': 64, 'mode': 1, 'watchdog': 10000000}",2026-10-04T17:25:21.026934+00:00,2026-10-04T17:25:22.017233+00:00,67c5a9bb6d0a17eb4aabe4158b0a4140d7bd2001ca0b883dc527acba2d8ef0ae,08935f0c2ea864bb504e97b0adab10ea3d281b52a2f1cd426a9f86ae99c5cc6d,7bd781704bf472415c6cdfeaf8a356c9c0e7f11b3da28b9050ffe70bd63662d0,0ccd965f9494d92c71a87ae21b801b2cec281cef1f4c61d101aeeba72a960438,Uploaded in this connection; reused only within this case,"{'a': 'a728081f195e3195e32c46c690e60ee013db43664bdd78680d75759e8440b976', 'bt': 'a7a148a075431a2aeb116a24c7bb0fb42bd82e3c40b042e70a1a5455bcb1999f', 'c': 'a5e14b9282394e8acd1b1e9007b2d67fa15fd1f70a5ce5e7c180b9ef081da6de'}",PASS,0.045269800000824034,0.1918908999650739,0.5442329000215977,478,32,16,10,60,235,0,10,8,32,2638998349,100000000,15,1216,1156,0.1757962999981828,0.03196130000287667,0.9571898999856785,4.78e-06,0.056485355648535567,0.004412918410041841
endurance,1,PASS,True,36,0,0,20480435,5,3,9,"{'m': 5, 'n': 3, 'k': 9, 'a_base': 64, 'bt_base': 512, 'c_base': 832, 'a_stride': 64, 'bt_stride': 64, 'c_stride': 64, 'mode': 0, 'watchdog': 10000000}",2026-10-04T17:25:22.035918+00:00,2026-10-04T17:25:23.025558+00:00,67c5a9bb6d0a17eb4aabe4158b0a4140d7bd2001ca0b883dc527acba2d8ef0ae,08935f0c2ea864bb504e97b0adab10ea3d281b52a2f1cd426a9f86ae99c5cc6d,7bd781704bf472415c6cdfeaf8a356c9c0e7f11b3da28b9050ffe70bd63662d0,0ccd965f9494d92c71a87ae21b801b2cec281cef1f4c61d101aeeba72a960438,Uploaded in this connection; reused only within this case,"{'a': 'a728081f195e3195e32c46c690e60ee013db43664bdd78680d75759e8440b976', 'bt': 'a7a148a075431a2aeb116a24c7bb0fb42bd82e3c40b042e70a1a5455bcb1999f', 'c': 'a5e14b9282394e8acd1b1e9007b2d67fa15fd1f70a5ce5e7c180b9ef081da6de'}",PASS,0.04459930001758039,0.19184129999484867,0.5438727000146173,479,32,16,10,60,236,0,10,8,32,2638998349,100000000,15,1216,1156,0.17616749997250736,0.03219680004986003,0.9564807999995537,4.79e-06,0.05636743215031315,0.004403705636743215
endurance,1,PASS,True,37,0,0,20490408,31,33,17,"{'m': 31, 'n': 33, 'k': 17, 'a_base': 64, 'bt_base': 2176, 'c_base': 4416, 'a_stride': 64, 'bt_stride': 64, 'c_stride': 192, 'mode': 0, 'watchdog': 10000000}",2026-10-04T17:25:23.411235+00:00,2026-10-04T17:25:25.425272+00:00,395b4f4d8f7f2f0910b09850220324c7646125e06c389f9d7024a7e84b693a77,af936b1dcb6571e4e88cc8f56de5a0ef72acad51b1ae755c6e1cc1ae1388d5d4,2e45d1f71d9ea5473a27c173f36d774a31bb670af8889d0ec9924571e9c8fa5f,07aa21a778bb4813cec8dd54fdd1e9227cae71732b6d95b393e42f6829cf7c60,Uploaded in this connection; reused only within this case,"{'a': '64543e8d38d0dfdbd96a5f68ea6354f837e8ac3ad93d0e822aad21829a9bf58d', 'bt': '3e0a0bbfd1c67131a2c06eb9f1cdc1457f89269640eba2786394b8764e8b6286', 'c': '0657fdc58d361563ee848be2031d2e8b7e609fb423ccd58a18df5d89d1e5372f'}",PASS,0.42747629998484626,0.19206430000485852,0.5439313999959268,7355,800,285,527,4092,1922,0,124,8,32,2638998349,100000000,1023,10432,6340,0.8159518000320531,0.032068800006527454,1.9794238000176847,7.355e-05,0.4729027872195785,0.03694553025152957
endurance,1,PASS,True,38,1,0,20490408,31,33,17,"{'m': 31, 'n': 33, 'k': 17, 'a_base': 64, 'bt_base': 2176, 'c_base': 4416, 'a_stride': 64, 'bt_stride': 64, 'c_stride': 192, 'mode': 1, 'watchdog': 10000000}",2026-10-04T17:25:25.452816+00:00,2026-10-04T17:25:27.457282+00:00,395b4f4d8f7f2f0910b09850220324c7646125e06c389f9d7024a7e84b693a77,af936b1dcb6571e4e88cc8f56de5a0ef72acad51b1ae755c6e1cc1ae1388d5d4,2e45d1f71d9ea5473a27c173f36d774a31bb670af8889d0ec9924571e9c8fa5f,07aa21a778bb4813cec8dd54fdd1e9227cae71732b6d95b393e42f6829cf7c60,Uploaded in this connection; reused only within this case,"{'a': '64543e8d38d0dfdbd96a5f68ea6354f837e8ac3ad93d0e822aad21829a9bf58d', 'bt': '3e0a0bbfd1c67131a2c06eb9f1cdc1457f89269640eba2786394b8764e8b6286', 'c': '0657fdc58d361563ee848be2031d2e8b7e609fb423ccd58a18df5d89d1e5372f'}",PASS,0.4180567999719642,0.1920535999815911,0.5440054000355303,6514,800,285,527,4092,1228,0,124,8,32,2638998349,100000000,1023,10432,6340,0.8163014999590814,0.03181720001157373,1.970417299948167,6.514e-05,0.5339576297206018,0.04171543982192202
endurance,1,PASS,True,39,1,0,20500381,33,35,256,"{'m': 33, 'n': 35, 'k': 256, 'a_base': 64, 'bt_base': 8640, 'c_base': 17728, 'a_stride': 256, 'bt_stride': 256, 'c_stride': 192, 'mode': 1, 'watchdog': 10000000}",2026-10-04T17:25:28.772760+00:00,2026-10-04T17:25:31.776988+00:00,fa9ead46996ceca018a3760013b0510f273c2e1744c5600a053cd02089f6159f,d34cf66539d85331f6f060c5cde521b3de6da12e0a8c10abb9dbed53c795fd8a,c32e39b2eab35eae1a1a104f9210a207faf4cade39ebca226c02d71771de3e7d,3dca23886e065a49fec0f409e545bd5ceada699161e913a1d38562a4e131d091,Uploaded in this connection; reused only within this case,"{'a': '1794a7bbcca7254c5e7eed339385f8a2da68fc16aa629fb5e63fc546dda897fa', 'bt': '1d99d20065290258222725716f7b372b48e9f4ee6e441d07d064045959713214', 'c': 'c777036e674d62f8d136bfea4bc63b15ab825ca9e9358fc415f1577c3628b45d'}",PASS,0.4581239999970421,0.19201160001102835,0.5440796000184491,13297,6975,4352,594,4620,3491,0,134,8,32,2638998349,100000000,1155,24128,19508,1.7763059999560937,0.03164689999539405,2.9705211999826133,0.00013297,4.447318944122734,0.34744679250958865
endurance,1,PASS,True,40,0,0,20500381,33,35,256,"{'m': 33, 'n': 35, 'k': 256, 'a_base': 64, 'bt_base': 8640, 'c_base': 17728, 'a_stride': 256, 'bt_stride': 256, 'c_stride': 192, 'mode': 0, 'watchdog': 10000000}",2026-10-04T17:25:31.802462+00:00,2026-10-04T17:25:34.800759+00:00,fa9ead46996ceca018a3760013b0510f273c2e1744c5600a053cd02089f6159f,d34cf66539d85331f6f060c5cde521b3de6da12e0a8c10abb9dbed53c795fd8a,c32e39b2eab35eae1a1a104f9210a207faf4cade39ebca226c02d71771de3e7d,3dca23886e065a49fec0f409e545bd5ceada699161e913a1d38562a4e131d091,Uploaded in this connection; reused only within this case,"{'a': '1794a7bbcca7254c5e7eed339385f8a2da68fc16aa629fb5e63fc546dda897fa', 'bt': '1d99d20065290258222725716f7b372b48e9f4ee6e441d07d064045959713214', 'c': 'c777036e674d62f8d136bfea4bc63b15ab825ca9e9358fc415f1577c3628b45d'}",PASS,0.45263680000789464,0.19196670001838356,0.5437779999920167,19817,6975,4352,594,4620,7700,0,134,8,32,2638998349,100000000,1155,24128,19508,1.775990099995397,0.03188680001767352,2.964371600013692,0.00019817,2.984104556693748,0.23313316849169904
endurance,1,PASS,True,41,0,0,20510354,65,63,255,"{'m': 65, 'n': 63, 'k': 255, 'a_base': 64, 'bt_base': 16832, 'c_base': 33088, 'a_stride': 256, 'bt_stride': 256, 'c_stride': 256, 'mode': 0, 'watchdog': 10000000}",2026-10-04T17:25:37.236715+00:00,2026-10-04T17:25:42.768431+00:00,54509275efe9c3b1cd7a495bc4be590b190c09d290e38e128bf39ccc936ffcd3,ea5a032a874fdb0510c41c4914c0680267c1b3babce5170f0528f5568a84d0ad,e4d6fd52d845ce3c61ccc51bf5747a144875d5f9e13e7882619cab3187a858b9,440f8ac6c0bea132b30315aa9c58da1c7b85769bc1dbd1f9e6d6fc2f0911d427,Uploaded in this connection; reused only within this case,"{'a': '49fe254abfb0bb746f89838dad7c47df50355b8d4a5b70472f406e334c9cb4fd', 'bt': 'fc44bfbc5f41c4c86bc11f964c384955fb8849d1d6589f27f2ff08b8b4130d14', 'c': 'be5342a952db0eddcf5bc6f3f0025f3c260e84472d3d94d00bea0ca2a40d650c'}",PASS,1.1772357000154443,0.19186459999764338,0.5439471999998204,52306,20016,10208,2080,16380,17461,0,268,8,32,2638998349,100000000,4095,49792,33412,3.5840810000081547,0.031738099991343915,5.497128500021063,0.00052306,3.9927541773410313,0.3119339201047681
endurance,1,PASS,True,42,1,0,20510354,65,63,255,"{'m': 65, 'n': 63, 'k': 255, 'a_base': 64, 'bt_base': 16832, 'c_base': 33088, 'a_stride': 256, 'bt_stride': 256, 'c_stride': 256, 'mode': 1, 'watchdog': 10000000}",2026-10-04T17:25:42.794895+00:00,2026-10-04T17:25:48.368383+00:00,54509275efe9c3b1cd7a495bc4be590b190c09d290e38e128bf39ccc936ffcd3,ea5a032a874fdb0510c41c4914c0680267c1b3babce5170f0528f5568a84d0ad,e4d6fd52d845ce3c61ccc51bf5747a144875d5f9e13e7882619cab3187a858b9,440f8ac6c0bea132b30315aa9c58da1c7b85769bc1dbd1f9e6d6fc2f0911d427,Uploaded in this connection; reused only within this case,"{'a': '49fe254abfb0bb746f89838dad7c47df50355b8d4a5b70472f406e334c9cb4fd', 'bt': 'fc44bfbc5f41c4c86bc11f964c384955fb8849d1d6589f27f2ff08b8b4130d14', 'c': 'be5342a952db0eddcf5bc6f3f0025f3c260e84472d3d94d00bea0ca2a40d650c'}",PASS,1.1712391000473872,0.19200069998623803,0.544932599994354,26417,20016,10208,2080,16380,3458,0,268,8,32,2638998349,100000000,4095,49792,33412,3.6309324000030756,0.03195550001692027,5.539104800031055,0.00026417,7.905704659878109,0.6176331765529772
endurance,1,PASS,True,43,1,0,20520327,1,64,256,"{'m': 1, 'n': 64, 'k': 256, 'a_base': 64, 'bt_base': 448, 'c_base': 16960, 'a_stride': 256, 'bt_stride': 256, 'c_stride': 256, 'mode': 1, 'watchdog': 10000000}",2026-10-04T17:25:49.635544+00:00,2026-10-04T17:25:51.760189+00:00,450b2383e832d909c731e094d96562fa1c6e11b8f2910ea5e55353fee55d0546,5b3e22cdf8c0bcfca99b3a93a691ee57ac03fab0cc3e5dcb2acf3afc4763c3ac,5d16ec8f3d5bd2b8e08e894dd6f0967c1ba7864e1672c49fafd19f39463b47ce,45f57f243a137863934232ca71c70ced2364e618b53478612f6ff15e5b723fdd,Uploaded in this connection; reused only within this case,"{'a': 'a3102f93d54776f75d85414e003712a3143626fd32c51de02b261087a35442cc', 'bt': 'c70bddddd8aff56c99549c6aa122b8d2f975a6a152d790fe813999b13c7e0c6d', 'c': '594cf6b87d22e2f0d06c5fca3b15eb0ccf17e4edfac5dd8d4c379ebc2fde8a1c'}",PASS,0.04284060001373291,0.19233539997367188,0.5435529000242241,5024,2232,2112,32,256,2641,0,4,8,32,2638998349,100000000,64,17280,17024,1.3121182000031695,0.03186360001564026,2.0908471000147983,5.024e-05,0.6522292993630574,0.050955414012738856
endurance,1,PASS,True,44,0,0,20520327,1,64,256,"{'m': 1, 'n': 64, 'k': 256, 'a_base': 64, 'bt_base': 448, 'c_base': 16960, 'a_stride': 256, 'bt_stride': 256, 'c_stride': 256, 'mode': 0, 'watchdog': 10000000}",2026-10-04T17:25:51.784252+00:00,2026-10-04T17:25:53.904176+00:00,450b2383e832d909c731e094d96562fa1c6e11b8f2910ea5e55353fee55d0546,5b3e22cdf8c0bcfca99b3a93a691ee57ac03fab0cc3e5dcb2acf3afc4763c3ac,5d16ec8f3d5bd2b8e08e894dd6f0967c1ba7864e1672c49fafd19f39463b47ce,45f57f243a137863934232ca71c70ced2364e618b53478612f6ff15e5b723fdd,Uploaded in this connection; reused only within this case,"{'a': 'a3102f93d54776f75d85414e003712a3143626fd32c51de02b261087a35442cc', 'bt': 'c70bddddd8aff56c99549c6aa122b8d2f975a6a152d790fe813999b13c7e0c6d', 'c': '594cf6b87d22e2f0d06c5fca3b15eb0ccf17e4edfac5dd8d4c379ebc2fde8a1c'}",PASS,0.03779719996964559,0.19183349999366328,0.5440527000464499,6270,2232,2112,32,256,3758,0,4,8,32,2638998349,100000000,64,17280,17024,1.3122611999860965,0.03171629999997094,2.0859445999958552,6.27e-05,0.5226156299840511,0.040829346092503986
endurance,1,PASS,True,45,0,0,20530300,64,1,256,"{'m': 64, 'n': 1, 'k': 256, 'a_base': 64, 'bt_base': 16576, 'c_base': 16960, 'a_stride': 256, 'bt_stride': 256, 'c_stride': 64, 'mode': 0, 'watchdog': 10000000}",2026-10-04T17:25:55.188433+00:00,2026-10-04T17:25:57.840238+00:00,7532e6758c6e72cbecff0ba3e0f81e45cc14dbbd66a1a5d5ad204160a343f0c1,8cd571c25b386a7963cc46d7124fff9e03cf2de11bb8a9b73efdc1f1c701f92e,e4894f5f90d4bea4ae74c991c5b556cd8c0220aa7df03df49913ba05a1b302ce,f87fbc5d5ed8813e8c0663dce06823aa90debd5b3fc3db64ced1f380c71988b4,Uploaded in this connection; reused only within this case,"{'a': '50b31426af2df516401a33d8c61f6802cd88376b45b42af9b40a60bfa8eef6ef', 'bt': 'd5578b1c4475488d9e7cd11484941491f51681f7e41bd05af6651d9ad3aee0c7', 'c': '702e69f991ebe9045c7c8105bff2a7c7a1ea79d5b0e85f19b2f82a048faa8f89'}",PASS,0.2970268999924883,0.1919056999613531,0.5601566000259481,8300,2232,2112,64,256,3713,0,128,8,32,2638998349,100000000,64,21120,20864,1.5679935999796726,0.0320204000454396,2.617082799959462,8.3e-05,0.39479518072289155,0.030843373493975902
endurance,1,PASS,True,46,1,0,20530300,64,1,256,"{'m': 64, 'n': 1, 'k': 256, 'a_base': 64, 'bt_base': 16576, 'c_base': 16960, 'a_stride': 256, 'bt_stride': 256, 'c_stride': 64, 'mode': 1, 'watchdog': 10000000}",2026-10-04T17:25:57.868818+00:00,2026-10-04T17:26:00.511983+00:00,7532e6758c6e72cbecff0ba3e0f81e45cc14dbbd66a1a5d5ad204160a343f0c1,8cd571c25b386a7963cc46d7124fff9e03cf2de11bb8a9b73efdc1f1c701f92e,e4894f5f90d4bea4ae74c991c5b556cd8c0220aa7df03df49913ba05a1b302ce,f87fbc5d5ed8813e8c0663dce06823aa90debd5b3fc3db64ced1f380c71988b4,Uploaded in this connection; reused only within this case,"{'a': '50b31426af2df516401a33d8c61f6802cd88376b45b42af9b40a60bfa8eef6ef', 'bt': 'd5578b1c4475488d9e7cd11484941491f51681f7e41bd05af6651d9ad3aee0c7', 'c': '702e69f991ebe9045c7c8105bff2a7c7a1ea79d5b0e85f19b2f82a048faa8f89'}",PASS,0.30470239999704063,0.1919417000026442,0.5441105999634601,6029,2232,2112,64,256,2604,0,128,8,32,2638998349,100000000,64,21120,20864,1.567865899996832,0.03213270002743229,2.608620599959977,6.029e-05,0.5435063858019572,0.04246143639077791
endurance,1,PASS,True,47,1,0,20540273,32,32,256,"{'m': 32, 'n': 32, 'k': 256, 'a_base': 64, 'bt_base': 8384, 'c_base': 16704, 'a_stride': 256, 'bt_stride': 256, 'c_stride': 128, 'mode': 1, 'watchdog': 10000000}",2026-10-04T17:26:01.827048+00:00,2026-10-04T17:26:04.447802+00:00,396e73f41f51980abdee26493f789ab20151c7d4c57194375170b045714f644d,9088fc1df03ece266e2773179ac441b116a0527680bc03425e49dc6ffd2194fb,acdd8c9d0c9f15a91703afefabf060b25c9198386fcd26fd70c95becb1326d84,45b3b4cfb244075d77255dfcc5a6d3f4deee34927d3b387faf271e9ac46a05ef,Uploaded in this connection; reused only within this case,"{'a': '6277afedc2ed75d228d91661fd79f6f000c077958aa519ae8dd925859fdadac8', 'bt': '9bac9f94fdee533602c1fb6af54748cb2a1999eee4a3eb779621b7fbfce0eef7', 'c': 'bc98c765929e156ec2d4362ac0ea3bd6438a34a2c79e9b95d6bc1aeac31e1657'}",PASS,0.2989706000080332,0.19198409997625276,0.5440713000134565,11628,4464,2048,512,4096,3498,0,66,8,32,2638998349,100000000,1024,20864,16768,1.5519277999992482,0.03205470001557842,2.5869537999969907,0.00011628,4.508840729274166,0.3522531819745442
endurance,1,PASS,True,48,0,0,20540273,32,32,256,"{'m': 32, 'n': 32, 'k': 256, 'a_base': 64, 'bt_base': 8384, 'c_base': 16704, 'a_stride': 256, 'bt_stride': 256, 'c_stride': 128, 'mode': 0, 'watchdog': 10000000}",2026-10-04T17:26:04.474424+00:00,2026-10-04T17:26:07.087700+00:00,396e73f41f51980abdee26493f789ab20151c7d4c57194375170b045714f644d,9088fc1df03ece266e2773179ac441b116a0527680bc03425e49dc6ffd2194fb,acdd8c9d0c9f15a91703afefabf060b25c9198386fcd26fd70c95becb1326d84,45b3b4cfb244075d77255dfcc5a6d3f4deee34927d3b387faf271e9ac46a05ef,Uploaded in this connection; reused only within this case,"{'a': '6277afedc2ed75d228d91661fd79f6f000c077958aa519ae8dd925859fdadac8', 'bt': '9bac9f94fdee533602c1fb6af54748cb2a1999eee4a3eb779621b7fbfce0eef7', 'c': 'bc98c765929e156ec2d4362ac0ea3bd6438a34a2c79e9b95d6bc1aeac31e1657'}",PASS,0.29073939996305853,0.19203360000392422,0.5440680000465363,11571,4464,2048,512,4096,3471,0,66,8,32,2638998349,100000000,1024,20864,16768,1.5519116999930702,0.03198039997369051,2.5787527000065893,0.00011571,4.531051767349408,0.3539884193241725
endurance,1,PASS,True,49,1,0,20575191,1,1,1,"{'m': 1, 'n': 1, 'k': 1, 'a_base': 64, 'bt_base': 256, 'c_base': 448, 'a_stride': 64, 'bt_stride': 64, 'c_stride': 64, 'mode': 1, 'watchdog': 10000000}",2026-10-04T17:26:07.186682+00:00,2026-10-04T17:26:08.111601+00:00,2017ff3461395672aa0aa4f64894fd2f95a4b120e2690e8951656d79adc2eed2,de5a6f78116eca62d7fc5ce159d23ae6b889b365a1739ad2cf36f925a140d0cc,fd1cb1376d0e96449642421ac7a6d0f7f1ffa77dc457b908a9ec60b64d571422,95fae88f49811d36fd8e4073ce757f4e65b051454d41c5608ec2ccf378eb2cb8,Uploaded in this connection; reused only within this case,"{'a': '4da0cad36ac5e216d273b0c4bb9bd46128dd2d21ed2603d04a95d923b343dd87', 'bt': 'd623ec343f79d38da6b12a0a769f437539059fd3b1c06283f3562c95f738a523', 'c': 'e1c17d92eef28dda12d1b4b1a96fd9d46799ee22b86e963a14332edf070bce57'}",PASS,0.02663770003709942,0.1918063999619335,0.543976700049825,219,24,2,1,4,150,0,2,8,32,2638998349,100000000,1,576,572,0.12816039996687323,0.0319022000185214,0.8905812000157312,2.19e-06,0.0009132420091324201,7.134703196347032e-05
endurance,1,PASS,True,50,0,0,20575191,1,1,1,"{'m': 1, 'n': 1, 'k': 1, 'a_base': 64, 'bt_base': 256, 'c_base': 448, 'a_stride': 64, 'bt_stride': 64, 'c_stride': 64, 'mode': 0, 'watchdog': 10000000}",2026-10-04T17:26:08.137612+00:00,2026-10-04T17:26:09.055812+00:00,2017ff3461395672aa0aa4f64894fd2f95a4b120e2690e8951656d79adc2eed2,de5a6f78116eca62d7fc5ce159d23ae6b889b365a1739ad2cf36f925a140d0cc,fd1cb1376d0e96449642421ac7a6d0f7f1ffa77dc457b908a9ec60b64d571422,95fae88f49811d36fd8e4073ce757f4e65b051454d41c5608ec2ccf378eb2cb8,Uploaded in this connection; reused only within this case,"{'a': '4da0cad36ac5e216d273b0c4bb9bd46128dd2d21ed2603d04a95d923b343dd87', 'bt': 'd623ec343f79d38da6b12a0a769f437539059fd3b1c06283f3562c95f738a523', 'c': 'e1c17d92eef28dda12d1b4b1a96fd9d46799ee22b86e963a14332edf070bce57'}",PASS,0.020215799973811954,0.19202910002786666,0.5439185000141151,236,24,2,1,4,167,0,2,8,32,2638998349,100000000,1,576,572,0.12835839996114373,0.03180140000768006,0.8845217999769375,2.36e-06,0.000847457627118644,6.620762711864407e-05
endurance,1,PASS,True,51,0,0,20585164,5,3,9,"{'m': 5, 'n': 3, 'k': 9, 'a_base': 64, 'bt_base': 512, 'c_base': 832, 'a_stride': 64, 'bt_stride': 64, 'c_stride': 64, 'mode': 0, 'watchdog': 10000000}",2026-10-04T17:26:09.185875+00:00,2026-10-04T17:26:10.175650+00:00,cd116adb73bed77cce0e9750f30bdff6f53edc81453db2b56b9183128e09e448,4fd3ab7bb9bc02e118d382e12f06d28f2ac31a1c53ca5d12cab85b313750f4d1,3e37ca2415c649b8857a8fe2138a6074492309d98ae5f8bcb3b51b51dd5db272,0a9c2d4661b8841d906ed28f2369417c3eaead63742532532988cf595a09a52f,Uploaded in this connection; reused only within this case,"{'a': '19fc5e62b22bf94904f69bd4836abd0bd640d8786bb00003b658a52074720e33', 'bt': 'f4ef2e7dfd100b1d03d0158f8fe7811923b712489598ae7a6a3fe17ce9996f6d', 'c': '37355b234ee0aea67703216b44d4758786e808d3b7ae69e05106781aa0fc5598'}",PASS,0.04426619998412207,0.1918434000108391,0.5441675999900326,479,32,16,10,60,236,0,10,8,32,2638998349,100000000,15,1216,1156,0.17591629998059943,0.03208969999104738,0.9561934999655932,4.79e-06,0.05636743215031315,0.004403705636743215
endurance,1,PASS,True,52,1,0,20585164,5,3,9,"{'m': 5, 'n': 3, 'k': 9, 'a_base': 64, 'bt_base': 512, 'c_base': 832, 'a_stride': 64, 'bt_stride': 64, 'c_stride': 64, 'mode': 1, 'watchdog': 10000000}",2026-10-04T17:26:10.200385+00:00,2026-10-04T17:26:11.183897+00:00,cd116adb73bed77cce0e9750f30bdff6f53edc81453db2b56b9183128e09e448,4fd3ab7bb9bc02e118d382e12f06d28f2ac31a1c53ca5d12cab85b313750f4d1,3e37ca2415c649b8857a8fe2138a6074492309d98ae5f8bcb3b51b51dd5db272,0a9c2d4661b8841d906ed28f2369417c3eaead63742532532988cf595a09a52f,Uploaded in this connection; reused only within this case,"{'a': '19fc5e62b22bf94904f69bd4836abd0bd640d8786bb00003b658a52074720e33', 'bt': 'f4ef2e7dfd100b1d03d0158f8fe7811923b712489598ae7a6a3fe17ce9996f6d', 'c': '37355b234ee0aea67703216b44d4758786e808d3b7ae69e05106781aa0fc5598'}",PASS,0.03701069997623563,0.19194080005399883,0.544229399994947,482,32,16,10,60,235,0,10,8,32,2638998349,100000000,15,1216,1156,0.1758962000021711,0.03233869996620342,0.9490771000273526,4.82e-06,0.056016597510373446,0.004376296680497925
endurance,1,PASS,True,53,1,0,20595137,31,33,17,"{'m': 31, 'n': 33, 'k': 17, 'a_base': 64, 'bt_base': 2176, 'c_base': 4416, 'a_stride': 64, 'bt_stride': 64, 'c_stride': 192, 'mode': 1, 'watchdog': 10000000}",2026-10-04T17:26:11.586032+00:00,2026-10-04T17:26:13.599301+00:00,283639f80e06cde39838fb7477fc50daf64e8670064b7b045e61e77ce5ba7afb,a79ccd74ddce7de5bdbbc245fd17ebc2ed8897a612527f6e677bcf43d7d3d536,29f6730581301da7fce4b9a9d00056f8910898ceced5146aa36f027c8eb6bbee,a34655294c396f217737ff47b3cf5bbb460d21c08ea9c7737c5187b248f84b5b,Uploaded in this connection; reused only within this case,"{'a': 'd4229a767ab0c0ca26e5bbabbe857d2c3ba2e3f0e84bc14589ecd85a04caf434', 'bt': '9499a2c6a79fee88e5c3e3e8ddaebcc7b6393c9435a74efc26922a5ca940afbe', 'c': '8940fe6d9fceb610389992f09eebc2c3941b2a339b80422ecae7a6d16e5158dc'}",PASS,0.4283675000187941,0.19190320000052452,0.5439491999568418,6477,800,285,527,4092,1229,0,124,8,32,2638998349,100000000,1023,10432,6340,0.8161055000382476,0.031824300007428974,1.980325400014408,6.477e-05,0.537007874015748,0.04195374015748032
endurance,1,PASS,True,54,0,0,20595137,31,33,17,"{'m': 31, 'n': 33, 'k': 17, 'a_base': 64, 'bt_base': 2176, 'c_base': 4416, 'a_stride': 64, 'bt_stride': 64, 'c_stride': 192, 'mode': 0, 'watchdog': 10000000}",2026-10-04T17:26:13.626685+00:00,2026-10-04T17:26:15.631438+00:00,283639f80e06cde39838fb7477fc50daf64e8670064b7b045e61e77ce5ba7afb,a79ccd74ddce7de5bdbbc245fd17ebc2ed8897a612527f6e677bcf43d7d3d536,29f6730581301da7fce4b9a9d00056f8910898ceced5146aa36f027c8eb6bbee,a34655294c396f217737ff47b3cf5bbb460d21c08ea9c7737c5187b248f84b5b,Uploaded in this connection; reused only within this case,"{'a': 'd4229a767ab0c0ca26e5bbabbe857d2c3ba2e3f0e84bc14589ecd85a04caf434', 'bt': '9499a2c6a79fee88e5c3e3e8ddaebcc7b6393c9435a74efc26922a5ca940afbe', 'c': '8940fe6d9fceb610389992f09eebc2c3941b2a339b80422ecae7a6d16e5158dc'}",PASS,0.4191702999523841,0.19169590005185455,0.5439717999543063,7359,800,285,527,4092,1926,0,124,8,32,2638998349,100000000,1023,10432,6340,0.8160140000400133,0.03207660000771284,1.9708519999985583,7.359e-05,0.4726457399103139,0.03692544843049327
endurance,1,PASS,True,55,0,0,20605110,33,35,256,"{'m': 33, 'n': 35, 'k': 256, 'a_base': 64, 'bt_base': 8640, 'c_base': 17728, 'a_stride': 256, 'bt_stride': 256, 'c_stride': 192, 'mode': 0, 'watchdog': 10000000}",2026-10-04T17:26:16.962415+00:00,2026-10-04T17:26:19.967212+00:00,36589c7611f00e6cc9cacfcc4256192aab172abc20a7eb939687f3beee83d3e9,7dcb55d0ea04ef81694bc5663f984b11250300262be21169dcdf01c092f8869a,fdc2588599cbb4f170cb737c2b74a765900ceffafbd7b3c8b612e90e48bb492a,f0246875d5f0ba916608a4e2086723cbaf40b47c8ecba182b0219995dde79530,Uploaded in this connection; reused only within this case,"{'a': 'eefd0dbfbbef5361fe06ead6f66ecc3681c3808825bdf44327b567c0a989d347', 'bt': 'aee42e19b5936cca898525210374b7b5a18242199009c6d03dd9c0829f16ebb0', 'c': '37b8db86302af0df98960ec107c96acede7e0832536974f93eacb8ffcabd9edf'}",PASS,0.4581682000425644,0.19179579999763519,0.544007699994836,19822,6975,4352,594,4620,7699,0,134,8,32,2638998349,100000000,1155,24128,19508,1.776074699999299,0.031876099994406104,2.9700464000343345,0.00019822,2.9833518312985574,0.23307436182019978
endurance,1,PASS,True,56,1,0,20605110,33,35,256,"{'m': 33, 'n': 35, 'k': 256, 'a_base': 64, 'bt_base': 8640, 'c_base': 17728, 'a_stride': 256, 'bt_stride': 256, 'c_stride': 192, 'mode': 1, 'watchdog': 10000000}",2026-10-04T17:26:19.988750+00:00,2026-10-04T17:26:22.991136+00:00,36589c7611f00e6cc9cacfcc4256192aab172abc20a7eb939687f3beee83d3e9,7dcb55d0ea04ef81694bc5663f984b11250300262be21169dcdf01c092f8869a,fdc2588599cbb4f170cb737c2b74a765900ceffafbd7b3c8b612e90e48bb492a,f0246875d5f0ba916608a4e2086723cbaf40b47c8ecba182b0219995dde79530,Uploaded in this connection; reused only within this case,"{'a': 'eefd0dbfbbef5361fe06ead6f66ecc3681c3808825bdf44327b567c0a989d347', 'bt': 'aee42e19b5936cca898525210374b7b5a18242199009c6d03dd9c0829f16ebb0', 'c': '37b8db86302af0df98960ec107c96acede7e0832536974f93eacb8ffcabd9edf'}",PASS,0.4561655999859795,0.19172729999991134,0.5440005999989808,13299,6975,4352,594,4620,3493,0,134,8,32,2638998349,100000000,1155,24128,19508,1.7759082000120543,0.03208560001803562,2.967801699996926,0.00013299,4.446650124069479,0.34739454094292804
endurance,1,PASS,True,57,1,0,20615083,65,63,255,"{'m': 65, 'n': 63, 'k': 255, 'a_base': 64, 'bt_base': 16832, 'c_base': 33088, 'a_stride': 256, 'bt_stride': 256, 'c_stride': 256, 'mode': 1, 'watchdog': 10000000}",2026-10-04T17:26:25.426716+00:00,2026-10-04T17:26:30.958646+00:00,24ccac32d409e2081fe4c6f6775e2d00a4d1a58cf7850bc6e5278302611b08a9,b4c82ff6ac4beead537aee177028ba71290d860a18b1319df3f2fc0f0e6a227f,2f6f4e6f0b219775af11f304e3fc7c3e90465aefc7f2afa37f35a6089ca1fd8e,b273587cc059b4bdd6a4650749e55c5e74c2d4a0ed74660c26e9fd20d37da0a5,Uploaded in this connection; reused only within this case,"{'a': '13c3d2cc89e3065cdaedc1ca83843b5d2c18b163b23a123399713d1af5e30080', 'bt': '197cb1906ae8c9e0abe58385281789a2550c4879aad7249d223b7067b592f1f4', 'c': '464f456171fd1300231ff625f1b40c19e5e683d6d7c98751bb6d2d90ac6e08f2'}",PASS,1.1776241000043228,0.19202110002515838,0.5440506999730133,26447,20016,10208,2080,16380,3474,0,268,8,32,2638998349,100000000,4095,49792,33412,3.5841279000160284,0.03156460000900552,5.497823800018523,0.00026447,7.896736869966348,0.616932567966121
endurance,1,PASS,True,58,0,0,20615083,65,63,255,"{'m': 65, 'n': 63, 'k': 255, 'a_base': 64, 'bt_base': 16832, 'c_base': 33088, 'a_stride': 256, 'bt_stride': 256, 'c_stride': 256, 'mode': 0, 'watchdog': 10000000}",2026-10-04T17:26:30.984981+00:00,2026-10-04T17:26:36.510658+00:00,24ccac32d409e2081fe4c6f6775e2d00a4d1a58cf7850bc6e5278302611b08a9,b4c82ff6ac4beead537aee177028ba71290d860a18b1319df3f2fc0f0e6a227f,2f6f4e6f0b219775af11f304e3fc7c3e90465aefc7f2afa37f35a6089ca1fd8e,b273587cc059b4bdd6a4650749e55c5e74c2d4a0ed74660c26e9fd20d37da0a5,Uploaded in this connection; reused only within this case,"{'a': '13c3d2cc89e3065cdaedc1ca83843b5d2c18b163b23a123399713d1af5e30080', 'bt': '197cb1906ae8c9e0abe58385281789a2550c4879aad7249d223b7067b592f1f4', 'c': '464f456171fd1300231ff625f1b40c19e5e683d6d7c98751bb6d2d90ac6e08f2'}",PASS,1.1720290000084788,0.19201449997490272,0.5440470000030473,52281,20016,10208,2080,16380,17471,0,268,8,32,2638998349,100000000,4095,49792,33412,3.584270999999717,0.03160980000393465,5.492361499986146,0.00052281,3.9946634532621794,0.31208308228610776
endurance,1,PASS,True,59,0,0,20625056,1,64,256,"{'m': 1, 'n': 64, 'k': 256, 'a_base': 64, 'bt_base': 448, 'c_base': 16960, 'a_stride': 256, 'bt_stride': 256, 'c_stride': 256, 'mode': 0, 'watchdog': 10000000}",2026-10-04T17:26:37.791924+00:00,2026-10-04T17:26:39.950439+00:00,96563ad28e664ae6361a4e1845bc346784d0731831bb13b7e43955cccb612b8e,7450023b82b8d84336aed1c80ab544eb75b9562922b661d209a59341e16a50b2,9fd59cec7bae4b4cae303029dcaf6560be42d60dd21b759f160f5cdf08d811b3,4934b353e722bf2289ee973f1c4a23cdcac3aac9dfdf2dd90555ce70c0b92ecd,Uploaded in this connection; reused only within this case,"{'a': '7c5b0369558aa9e4f2fd288f7fe18db683a32d6be0981b35b97c6e271677ce7b', 'bt': 'ead10f699e8d3abccf5742372601e5a3d97d5c3e2c13d39e96bffd107bb08cfa', 'c': 'cdaf5d257435864f3934345e33850793a37d9b9f6720a820b40ee84632099a60'}",PASS,0.04612230003112927,0.1914663999923505,0.543979300011415,6247,2232,2112,32,256,3747,0,4,8,32,2638998349,100000000,64,17280,17024,1.3439981999690644,0.03199029999086633,2.1255662000039592,6.247e-05,0.5245397790939651,0.040979670241716025
endurance,1,PASS,True,60,1,0,20625056,1,64,256,"{'m': 1, 'n': 64, 'k': 256, 'a_base': 64, 'bt_base': 448, 'c_base': 16960, 'a_stride': 256, 'bt_stride': 256, 'c_stride': 256, 'mode': 1, 'watchdog': 10000000}",2026-10-04T17:26:39.975086+00:00,2026-10-04T17:26:42.094447+00:00,96563ad28e664ae6361a4e1845bc346784d0731831bb13b7e43955cccb612b8e,7450023b82b8d84336aed1c80ab544eb75b9562922b661d209a59341e16a50b2,9fd59cec7bae4b4cae303029dcaf6560be42d60dd21b759f160f5cdf08d811b3,4934b353e722bf2289ee973f1c4a23cdcac3aac9dfdf2dd90555ce70c0b92ecd,Uploaded in this connection; reused only within this case,"{'a': '7c5b0369558aa9e4f2fd288f7fe18db683a32d6be0981b35b97c6e271677ce7b', 'bt': 'ead10f699e8d3abccf5742372601e5a3d97d5c3e2c13d39e96bffd107bb08cfa', 'c': 'cdaf5d257435864f3934345e33850793a37d9b9f6720a820b40ee84632099a60'}",PASS,0.036036300007253885,0.19223109999438748,0.5437652000109665,5019,2232,2112,32,256,2632,0,4,8,32,2638998349,100000000,64,17280,17024,1.311996900010854,0.03204730001743883,2.084029500023462,5.019e-05,0.6528790595736202,0.05100617652918908
endurance,1,PASS,True,61,1,0,20635029,64,1,256,"{'m': 64, 'n': 1, 'k': 256, 'a_base': 64, 'bt_base': 16576, 'c_base': 16960, 'a_stride': 256, 'bt_stride': 256, 'c_stride': 64, 'mode': 1, 'watchdog': 10000000}",2026-10-04T17:26:43.377053+00:00,2026-10-04T17:26:46.014251+00:00,ec916a60e992a191d97fde4c73a95de8c530eef8c749a9c422d7e2afb23a818b,81f52d9272ffa4adcde4bcef50a2a5e4913e2b99c62f416a053e125bbff7d110,fba1f2035e63d7a8358d27c06755da0f7aee80ee337f6c488ed70c7be340e408,729af767947ad996050ac0a2817fec1ecc09a5c89ce7ab5affd0eca18575c214,Uploaded in this connection; reused only within this case,"{'a': 'f50fed03da0eada538f47611da0d525a4b59de752b08d585c3278455299efea9', 'bt': 'cd01d5e0ea854a8e3291a1c9996d9242d6ede9aae615a19137bfe55368b1da76', 'c': 'bf14cc335fd8c18a380b33a4651b57bbbfebaf1a39d1a36dc0ba7049612f4921'}",PASS,0.30025209998711944,0.1919249999918975,0.5440594000392593,6082,2232,2112,64,256,2656,0,128,8,32,2638998349,100000000,64,21120,20864,1.567983299959451,0.03190370002994314,2.6042197999777272,6.082e-05,0.538770141400855,0.0420914172969418
endurance,1,PASS,True,62,0,0,20635029,64,1,256,"{'m': 64, 'n': 1, 'k': 256, 'a_base': 64, 'bt_base': 16576, 'c_base': 16960, 'a_stride': 256, 'bt_stride': 256, 'c_stride': 64, 'mode': 0, 'watchdog': 10000000}",2026-10-04T17:26:46.037928+00:00,2026-10-04T17:26:48.670552+00:00,ec916a60e992a191d97fde4c73a95de8c530eef8c749a9c422d7e2afb23a818b,81f52d9272ffa4adcde4bcef50a2a5e4913e2b99c62f416a053e125bbff7d110,fba1f2035e63d7a8358d27c06755da0f7aee80ee337f6c488ed70c7be340e408,729af767947ad996050ac0a2817fec1ecc09a5c89ce7ab5affd0eca18575c214,Uploaded in this connection; reused only within this case,"{'a': 'f50fed03da0eada538f47611da0d525a4b59de752b08d585c3278455299efea9', 'bt': 'cd01d5e0ea854a8e3291a1c9996d9242d6ede9aae615a19137bfe55368b1da76', 'c': 'bf14cc335fd8c18a380b33a4651b57bbbfebaf1a39d1a36dc0ba7049612f4921'}",PASS,0.293949100014288,0.19202539999969304,0.5440372999873944,8327,2232,2112,64,256,3745,0,128,8,32,2638998349,100000000,64,21120,20864,1.567993899981957,0.032219499989878386,2.5980056999833323,8.327e-05,0.3935150714543053,0.0307433649573676
endurance,1,PASS,True,63,0,0,20645002,32,32,256,"{'m': 32, 'n': 32, 'k': 256, 'a_base': 64, 'bt_base': 8384, 'c_base': 16704, 'a_stride': 256, 'bt_stride': 256, 'c_stride': 128, 'mode': 0, 'watchdog': 10000000}",2026-10-04T17:26:49.937892+00:00,2026-10-04T17:26:52.557900+00:00,965142248da9ac9a309c868dbf1b486b04b5bff191011181df77aedd41faabad,6da007c219590fce0f783aea8eacdf9e407438f1c40b462f300b736b8f7c5875,31915cfd48437bc0788442ad76672ae97dd2a144fc3a32ce70bf28a523a276fb,21f1e1d3df13891d29c59c2d87aa16ea2262582b8c3e07fbd7d5c57db96da672,Uploaded in this connection; reused only within this case,"{'a': '88fe2c43cc566f5333d3363a6bffc535df792d15debe37b0a34629ff0fbebb49', 'bt': '7daaff6407e1bfcc00bd1c47f70dc37c93ff1443af3216d36fdf14817d454eff', 'c': '1bcb25842d770607a105e281822071b4060b2c17745fa42eacc7127bb00b4758'}",PASS,0.29708400001982227,0.19227180001325905,0.5436159999808297,11576,4464,2048,512,4096,3473,0,66,8,32,2638998349,100000000,1024,20864,16768,1.5520527000189759,0.03187549998983741,2.585024500032887,0.00011576,4.529094678645474,0.3538355217691776
endurance,1,PASS,True,64,1,0,20645002,32,32,256,"{'m': 32, 'n': 32, 'k': 256, 'a_base': 64, 'bt_base': 8384, 'c_base': 16704, 'a_stride': 256, 'bt_stride': 256, 'c_stride': 128, 'mode': 1, 'watchdog': 10000000}",2026-10-04T17:26:52.575325+00:00,2026-10-04T17:26:55.198041+00:00,965142248da9ac9a309c868dbf1b486b04b5bff191011181df77aedd41faabad,6da007c219590fce0f783aea8eacdf9e407438f1c40b462f300b736b8f7c5875,31915cfd48437bc0788442ad76672ae97dd2a144fc3a32ce70bf28a523a276fb,21f1e1d3df13891d29c59c2d87aa16ea2262582b8c3e07fbd7d5c57db96da672,Uploaded in this connection; reused only within this case,"{'a': '88fe2c43cc566f5333d3363a6bffc535df792d15debe37b0a34629ff0fbebb49', 'bt': '7daaff6407e1bfcc00bd1c47f70dc37c93ff1443af3216d36fdf14817d454eff', 'c': '1bcb25842d770607a105e281822071b4060b2c17745fa42eacc7127bb00b4758'}",PASS,0.3013344000210054,0.1919251999934204,0.5439971999730915,11568,4464,2048,512,4096,3446,0,66,8,32,2638998349,100000000,1024,20864,16768,1.5519638999830931,0.03218030004063621,2.5892206999706104,0.00011568,4.53222683264177,0.35408022130013833
endurance,1,PASS,True,65,0,0,20679920,1,1,1,"{'m': 1, 'n': 1, 'k': 1, 'a_base': 64, 'bt_base': 256, 'c_base': 448, 'a_stride': 64, 'bt_stride': 64, 'c_stride': 64, 'mode': 0, 'watchdog': 10000000}",2026-10-04T17:26:55.295959+00:00,2026-10-04T17:26:56.222151+00:00,13598656f10fa962b75f6c4587a61a067c14c1ef7dc9ca3703da76bae4c1beb1,de2e331d891ae267a7009cb45b4e8830f170e0c937288ea2731a1941c7a53b0d,b6685044e174c14bfc1cdabee1bab5f2b80429f3b9b951074ba31cffc63f7fc2,f0b7623b45dd6519c5518b42bd9a9d6361a79e6ace442968bc63e0faef64e9f4,Uploaded in this connection; reused only within this case,"{'a': '6f52187819a130944b1062e0dc1cdb8c02e7bca49fe849f3e58277db5ad7a440', 'bt': 'cc25d765e53fac647ee1e12a9d754031231b54eaca99266dcce7f34e0adc7c90', 'c': 'f8c0ef4d411360e2014bd2bd5b8b11e88c5171c2bafc74f5187657cb90bd8a8a'}",PASS,0.028651499946136028,0.1919806000078097,0.543930999992881,218,24,2,1,4,149,0,2,8,32,2638998349,100000000,1,576,572,0.1281452000257559,0.0321432999917306,0.8927082999725826,2.18e-06,0.0009174311926605505,7.167431192660551e-05
endurance,1,PASS,True,66,1,0,20679920,1,1,1,"{'m': 1, 'n': 1, 'k': 1, 'a_base': 64, 'bt_base': 256, 'c_base': 448, 'a_stride': 64, 'bt_stride': 64, 'c_stride': 64, 'mode': 1, 'watchdog': 10000000}",2026-10-04T17:26:56.240332+00:00,2026-10-04T17:26:57.165818+00:00,13598656f10fa962b75f6c4587a61a067c14c1ef7dc9ca3703da76bae4c1beb1,de2e331d891ae267a7009cb45b4e8830f170e0c937288ea2731a1941c7a53b0d,b6685044e174c14bfc1cdabee1bab5f2b80429f3b9b951074ba31cffc63f7fc2,f0b7623b45dd6519c5518b42bd9a9d6361a79e6ace442968bc63e0faef64e9f4,Uploaded in this connection; reused only within this case,"{'a': '6f52187819a130944b1062e0dc1cdb8c02e7bca49fe849f3e58277db5ad7a440', 'bt': 'cc25d765e53fac647ee1e12a9d754031231b54eaca99266dcce7f34e0adc7c90', 'c': 'f8c0ef4d411360e2014bd2bd5b8b11e88c5171c2bafc74f5187657cb90bd8a8a'}",PASS,0.02850329998182133,0.19186969997826964,0.5445031000417657,221,24,2,1,4,152,0,2,8,32,2638998349,100000000,1,576,572,0.12756729999091476,0.032024000014644116,0.8924433999927714,2.21e-06,0.0009049773755656108,7.070135746606335e-05
endurance,1,PASS,True,67,1,0,20689893,5,3,9,"{'m': 5, 'n': 3, 'k': 9, 'a_base': 64, 'bt_base': 512, 'c_base': 832, 'a_stride': 64, 'bt_stride': 64, 'c_stride': 64, 'mode': 1, 'watchdog': 10000000}",2026-10-04T17:26:57.279301+00:00,2026-10-04T17:26:58.269699+00:00,7b4579717aacfb341cfcf69ef4c7e437cace9713a566b1613918092d7e7d71e3,b3c3fccb094bc1fbe7f737ca70a29a53329787d7ee7e5c44189e11bd09cba76f,07a598ef7f0ce760f80a424a599df83e92fe34bafa4e2cb218930774aea1cb11,bd1acfd58be6ef7124d24d4be01975e1e8998db084c00ab1ec69b0ddafb8f277,Uploaded in this connection; reused only within this case,"{'a': '55147f71bee9f280102561bbb71f63ebde43e8535386772c87a457542a927d19', 'bt': '861c3b8ebe8f36199b47976e4f770f9c62fb9ca14d1a5860dc02e97f6e6c54dd', 'c': 'a1bf4626d86fa10cd12ba1317533b1305034c84d6304fe23b01ea1399b1b0c76'}",PASS,0.04547459998866543,0.19160479999845847,0.5439360999735072,481,32,16,10,60,238,0,10,8,32,2638998349,100000000,15,1216,1156,0.1760890000150539,0.03195849998155609,0.957104499975685,4.81e-06,0.056133056133056136,0.004385395010395011
endurance,1,PASS,True,68,0,0,20689893,5,3,9,"{'m': 5, 'n': 3, 'k': 9, 'a_base': 64, 'bt_base': 512, 'c_base': 832, 'a_stride': 64, 'bt_stride': 64, 'c_stride': 64, 'mode': 0, 'watchdog': 10000000}",2026-10-04T17:26:58.287744+00:00,2026-10-04T17:26:59.277699+00:00,7b4579717aacfb341cfcf69ef4c7e437cace9713a566b1613918092d7e7d71e3,b3c3fccb094bc1fbe7f737ca70a29a53329787d7ee7e5c44189e11bd09cba76f,07a598ef7f0ce760f80a424a599df83e92fe34bafa4e2cb218930774aea1cb11,bd1acfd58be6ef7124d24d4be01975e1e8998db084c00ab1ec69b0ddafb8f277,Uploaded in this connection; reused only within this case,"{'a': '55147f71bee9f280102561bbb71f63ebde43e8535386772c87a457542a927d19', 'bt': '861c3b8ebe8f36199b47976e4f770f9c62fb9ca14d1a5860dc02e97f6e6c54dd', 'c': 'a1bf4626d86fa10cd12ba1317533b1305034c84d6304fe23b01ea1399b1b0c76'}",PASS,0.044570099969860166,0.19211340002948418,0.5438962999614887,480,32,16,10,60,237,0,10,8,32,2638998349,100000000,15,1216,1156,0.17600440001115203,0.031998799997381866,0.9565841999719851,4.8e-06,0.05625,0.00439453125
endurance,1,PASS,True,69,0,0,20699866,31,33,17,"{'m': 31, 'n': 33, 'k': 17, 'a_base': 64, 'bt_base': 2176, 'c_base': 4416, 'a_stride': 64, 'bt_stride': 64, 'c_stride': 192, 'mode': 0, 'watchdog': 10000000}",2026-10-04T17:26:59.648742+00:00,2026-10-04T17:27:01.661593+00:00,9e1d034c3687663cce534343b6d514f579929fb3fab9997179e1f28fe5c6b8f8,25537440cc358f03501b256345e27e485708f7d34914a56ec9f24d17f1bc7f05,75c0520760579efd43221edf985076ba391bd6f4439110a8452caf96cd9dc62b,b8aa614df7939ca5e51b2bcaf4b852e27bc3cfb2bc2df3cc02aac9b3ed1e0171,Uploaded in this connection; reused only within this case,"{'a': '3152005db4883e46f7e90dea7a4e8fd7d14aa5a24246cd971a906c8a01988726', 'bt': 'd9d3e0e68ab0076645a8b0eb6048259b25caf32a7b207d28e4edd0b2aa64b967', 'c': 'e780e5328333f317769d14031a13518dce1174af17a2f5fd4ed6f4d160512fa3'}",PASS,0.42789629998151213,0.19188920001033694,0.5440021000104025,7438,800,285,527,4092,1935,0,124,8,32,2638998349,100000000,1023,10432,6340,0.8159400000004098,0.03203850000863895,1.9797276000026613,7.438e-05,0.4676257058349019,0.03653325826835171
endurance,1,PASS,True,70,1,0,20699866,31,33,17,"{'m': 31, 'n': 33, 'k': 17, 'a_base': 64, 'bt_base': 2176, 'c_base': 4416, 'a_stride': 64, 'bt_stride': 64, 'c_stride': 192, 'mode': 1, 'watchdog': 10000000}",2026-10-04T17:27:01.679259+00:00,2026-10-04T17:27:03.693505+00:00,9e1d034c3687663cce534343b6d514f579929fb3fab9997179e1f28fe5c6b8f8,25537440cc358f03501b256345e27e485708f7d34914a56ec9f24d17f1bc7f05,75c0520760579efd43221edf985076ba391bd6f4439110a8452caf96cd9dc62b,b8aa614df7939ca5e51b2bcaf4b852e27bc3cfb2bc2df3cc02aac9b3ed1e0171,Uploaded in this connection; reused only within this case,"{'a': '3152005db4883e46f7e90dea7a4e8fd7d14aa5a24246cd971a906c8a01988726', 'bt': 'd9d3e0e68ab0076645a8b0eb6048259b25caf32a7b207d28e4edd0b2aa64b967', 'c': 'e780e5328333f317769d14031a13518dce1174af17a2f5fd4ed6f4d160512fa3'}",PASS,0.428507000033278,0.19196879997616634,0.544097900041379,6509,800,285,527,4092,1234,0,124,8,32,2638998349,100000000,1023,10432,6340,0.8158471999922767,0.03198749996954575,1.9804209000431001,6.509e-05,0.534367798432939,0.04174748425257336
endurance,1,PASS,True,71,1,0,20709839,33,35,256,"{'m': 33, 'n': 35, 'k': 256, 'a_base': 64, 'bt_base': 8640, 'c_base': 17728, 'a_stride': 256, 'bt_stride': 256, 'c_stride': 192, 'mode': 1, 'watchdog': 10000000}",2026-10-04T17:27:05.007420+00:00,2026-10-04T17:27:08.013865+00:00,424b9fa9a706154f91d73c8e568660225c5cf3f3e3498ced1aa997e2b56f7b84,dc23e9889041dd7fac55056a768cc3d01d771f965623207d3d7a747363a76c87,cbcd438a3823ca2ae04ad9122cc84fbe19683a04b6e57acdabce51bd895db071,5c6e20fdb7d9e244590ed79ce5f96a7ec889cd844933d75ac417af2c0f3bf0f1,Uploaded in this connection; reused only within this case,"{'a': '2d1a28865bbd30c5592e8ecf0ca22f8089f9fdb3251ffefec8fbbfdc33441438', 'bt': 'a382296be828e8ed10e62cb056f49c73dc103e3f49357efb7c5c6765e82b1ca1', 'c': '9f056e27b0966fab121274b115e8f652f51f271a67b8ac05af5bb87149094fd3'}",PASS,0.4609195999801159,0.19204930000705644,0.5440284999785945,13299,6975,4352,594,4620,3485,0,134,8,32,2638998349,100000000,1155,24128,19508,1.7760400000261143,0.032332299975678325,2.973037399991881,0.00013299,4.446650124069479,0.34739454094292804
endurance,1,PASS,True,72,0,0,20709839,33,35,256,"{'m': 33, 'n': 35, 'k': 256, 'a_base': 64, 'bt_base': 8640, 'c_base': 17728, 'a_stride': 256, 'bt_stride': 256, 'c_stride': 192, 'mode': 0, 'watchdog': 10000000}",2026-10-04T17:27:08.031731+00:00,2026-10-04T17:27:11.037865+00:00,424b9fa9a706154f91d73c8e568660225c5cf3f3e3498ced1aa997e2b56f7b84,dc23e9889041dd7fac55056a768cc3d01d771f965623207d3d7a747363a76c87,cbcd438a3823ca2ae04ad9122cc84fbe19683a04b6e57acdabce51bd895db071,5c6e20fdb7d9e244590ed79ce5f96a7ec889cd844933d75ac417af2c0f3bf0f1,Uploaded in this connection; reused only within this case,"{'a': '2d1a28865bbd30c5592e8ecf0ca22f8089f9fdb3251ffefec8fbbfdc33441438', 'bt': 'a382296be828e8ed10e62cb056f49c73dc103e3f49357efb7c5c6765e82b1ca1', 'c': '9f056e27b0966fab121274b115e8f652f51f271a67b8ac05af5bb87149094fd3'}",PASS,0.46055690001230687,0.192011300008744,0.5440910999896005,19770,6975,4352,594,4620,7666,0,134,8,32,2638998349,100000000,1155,24128,19508,1.7760192999849096,0.03240020002704114,2.972678599995561,0.0001977,2.9911987860394533,0.2336874051593323
endurance,1,PASS,True,73,0,0,20719812,65,63,255,"{'m': 65, 'n': 63, 'k': 255, 'a_base': 64, 'bt_base': 16832, 'c_base': 33088, 'a_stride': 256, 'bt_stride': 256, 'c_stride': 256, 'mode': 0, 'watchdog': 10000000}",2026-10-04T17:27:13.457218+00:00,2026-10-04T17:27:18.988952+00:00,3bbdf1851cdcfaf71f74b8f7be184cc4e5afefa0897522831a07f911ab098b10,9c8d34a3e69b49579236affae6dd14eb2e2e675d1cd78e22f6b01de55d6fa326,0e941cf1765f1e8409c5ec9a1e8582ccc6c6631bcc093eed86ece6bdf0d0369a,0773b424e233ba6f34ff744230eeedc28a36218abd3fba905bf138cdf475ad6b,Uploaded in this connection; reused only within this case,"{'a': '8559feb9cda295227230de722097578b2b6a0ceb86e90cc9b459e9d2f544b25b', 'bt': 'c68964528b5478ac4abf745a255a51cdfb0ce9c851a9819e170257a4721751e5', 'c': 'b34c6dea5a8dcdcf70bb4c3bd340882d21b3e560445f414f846a5b3a9f8a2e97'}",PASS,1.1786561000044458,0.1919999999809079,0.5441517999861389,52443,20016,10208,2080,16380,17559,0,268,8,32,2638998349,100000000,4095,49792,33412,3.583909399982076,0.03177870000945404,5.498717299953569,0.00052443,3.9823236656941825,0.311119036382358
endurance,1,PASS,True,74,1,0,20719812,65,63,255,"{'m': 65, 'n': 63, 'k': 255, 'a_base': 64, 'bt_base': 16832, 'c_base': 33088, 'a_stride': 256, 'bt_stride': 256, 'c_stride': 256, 'mode': 1, 'watchdog': 10000000}",2026-10-04T17:27:19.007322+00:00,2026-10-04T17:27:24.556802+00:00,3bbdf1851cdcfaf71f74b8f7be184cc4e5afefa0897522831a07f911ab098b10,9c8d34a3e69b49579236affae6dd14eb2e2e675d1cd78e22f6b01de55d6fa326,0e941cf1765f1e8409c5ec9a1e8582ccc6c6631bcc093eed86ece6bdf0d0369a,0773b424e233ba6f34ff744230eeedc28a36218abd3fba905bf138cdf475ad6b,Uploaded in this connection; reused only within this case,"{'a': '8559feb9cda295227230de722097578b2b6a0ceb86e90cc9b459e9d2f544b25b', 'bt': 'c68964528b5478ac4abf745a255a51cdfb0ce9c851a9819e170257a4721751e5', 'c': 'b34c6dea5a8dcdcf70bb4c3bd340882d21b3e560445f414f846a5b3a9f8a2e97'}",PASS,1.180741299991496,0.1917826000135392,0.5439934000023641,26445,20016,10208,2080,16380,3492,0,268,8,32,2638998349,100000000,4095,49792,33412,3.5997988999588415,0.03203850000863895,5.516316199966241,0.00026445,7.8973340896199655,0.6169792257515598
endurance,1,PASS,True,75,1,0,20729785,1,64,256,"{'m': 1, 'n': 64, 'k': 256, 'a_base': 64, 'bt_base': 448, 'c_base': 16960, 'a_stride': 256, 'bt_stride': 256, 'c_stride': 256, 'mode': 1, 'watchdog': 10000000}",2026-10-04T17:27:25.823369+00:00,2026-10-04T17:27:27.948751+00:00,3260d1ed501dbb860270c0a4e8f2cce8e57f29e579e57124b2fbc65722aa405a,ca7ab5abfd664781db130c37654efc4bb342ce0d5cb7460cb97608ebfe0d7b5e,809aafc6ebc98c019f21daa11fcbd443eebe6bd72bd1104ede42a91b9fa4e0b2,db3e75e4381976238d78cef7677f8545ec78bcb1cd3440d990b9009c862aeffa,Uploaded in this connection; reused only within this case,"{'a': '14227e1a6d66345beb5f537d8c81a6d223e6ea8d8aa66a3a046a9395a5f7edd5', 'bt': '955cc319efc5dc805c5a98e21afe9086bcc3c6c822420419d92b087fad75d0a5', 'c': '2e36e599508b3a715cdeb14a9a525f5fc64bd7c12e3825071d70226935152e96'}",PASS,0.044341999979224056,0.19202770001720637,0.5439268999616615,5018,2232,2112,32,256,2627,0,4,8,32,2638998349,100000000,64,17280,17024,1.3119616000331007,0.03211059997556731,2.0922581999911927,5.018e-05,0.6530091669988043,0.05101634117178159
endurance,1,PASS,True,76,0,0,20729785,1,64,256,"{'m': 1, 'n': 64, 'k': 256, 'a_base': 64, 'bt_base': 448, 'c_base': 16960, 'a_stride': 256, 'bt_stride': 256, 'c_stride': 256, 'mode': 0, 'watchdog': 10000000}",2026-10-04T17:27:27.965398+00:00,2026-10-04T17:27:30.092625+00:00,3260d1ed501dbb860270c0a4e8f2cce8e57f29e579e57124b2fbc65722aa405a,ca7ab5abfd664781db130c37654efc4bb342ce0d5cb7460cb97608ebfe0d7b5e,809aafc6ebc98c019f21daa11fcbd443eebe6bd72bd1104ede42a91b9fa4e0b2,db3e75e4381976238d78cef7677f8545ec78bcb1cd3440d990b9009c862aeffa,Uploaded in this connection; reused only within this case,"{'a': '14227e1a6d66345beb5f537d8c81a6d223e6ea8d8aa66a3a046a9395a5f7edd5', 'bt': '955cc319efc5dc805c5a98e21afe9086bcc3c6c822420419d92b087fad75d0a5', 'c': '2e36e599508b3a715cdeb14a9a525f5fc64bd7c12e3825071d70226935152e96'}",PASS,0.04616229998646304,0.19211870001163334,0.5439603999839164,6253,2232,2112,32,256,3747,0,4,8,32,2638998349,100000000,64,17280,17024,1.3119010000373237,0.0320246999617666,2.0941424000193365,6.253e-05,0.524036462498001,0.040940348632656325
endurance,1,PASS,True,77,0,0,20739758,64,1,256,"{'m': 64, 'n': 1, 'k': 256, 'a_base': 64, 'bt_base': 16576, 'c_base': 16960, 'a_stride': 256, 'bt_stride': 256, 'c_stride': 64, 'mode': 0, 'watchdog': 10000000}",2026-10-04T17:27:31.359203+00:00,2026-10-04T17:27:33.996636+00:00,e908bdcb8fe46b31db81b17172afba9a5c5cf0df504703af7ed5509c61ef44b5,2a3f6daa9bb640ace635e0bd4a1f0a668cbfec422c856eb6c58b8e6f7eb6eefd,203ff38cf1fc45500a3afd825ee857ebf395297cad46d078b37702112836c39f,d35136d89be8d86d15503112abba0027374a69fad1e049c1929f4895dc76392d,Uploaded in this connection; reused only within this case,"{'a': '728a1bca1d976bca7587c247d7c50d8717bca977725a4631070b16b70511ae02', 'bt': '96a4e1f43579dc178667496eeac37ee2c0dc1ba15561379e5868c575103ad885', 'c': '0b24062d274fefe64bcced1ff62a0bc54dc7ee853068759de1bbe1069bc2cdf6'}",PASS,0.30010609998134896,0.1986767000053078,0.5374148999690078,8308,2232,2112,64,256,3721,0,128,8,32,2638998349,100000000,64,21120,20864,1.568085000035353,0.03190289996564388,2.6042826999910176,8.308e-05,0.39441502166586423,0.030813673567645642
endurance,1,PASS,True,78,1,0,20739758,64,1,256,"{'m': 64, 'n': 1, 'k': 256, 'a_base': 64, 'bt_base': 16576, 'c_base': 16960, 'a_stride': 256, 'bt_stride': 256, 'c_stride': 64, 'mode': 1, 'watchdog': 10000000}",2026-10-04T17:27:34.016301+00:00,2026-10-04T17:27:36.652544+00:00,e908bdcb8fe46b31db81b17172afba9a5c5cf0df504703af7ed5509c61ef44b5,2a3f6daa9bb640ace635e0bd4a1f0a668cbfec422c856eb6c58b8e6f7eb6eefd,203ff38cf1fc45500a3afd825ee857ebf395297cad46d078b37702112836c39f,d35136d89be8d86d15503112abba0027374a69fad1e049c1929f4895dc76392d,Uploaded in this connection; reused only within this case,"{'a': '728a1bca1d976bca7587c247d7c50d8717bca977725a4631070b16b70511ae02', 'bt': '96a4e1f43579dc178667496eeac37ee2c0dc1ba15561379e5868c575103ad885', 'c': '0b24062d274fefe64bcced1ff62a0bc54dc7ee853068759de1bbe1069bc2cdf6'}",PASS,0.2988830000394955,0.19201479997718707,0.5440806000260636,5980,2232,2112,64,256,2553,0,128,8,32,2638998349,100000000,64,21120,20864,1.5679846999701113,0.03204670001287013,2.6029631000128575,5.98e-05,0.5479598662207358,0.04280936454849498
endurance,1,PASS,True,79,1,0,20749731,32,32,256,"{'m': 32, 'n': 32, 'k': 256, 'a_base': 64, 'bt_base': 8384, 'c_base': 16704, 'a_stride': 256, 'bt_stride': 256, 'c_stride': 128, 'mode': 1, 'watchdog': 10000000}",2026-10-04T17:27:37.919877+00:00,2026-10-04T17:27:40.540210+00:00,f5ebb2b446bc394392641f294478b74e3155a5746e98fadf8ecc22b90d4d31ff,2e0b5faa1f47dc85c37d43124b29ae9358d78a2d693be466f2a7850c4afaf10b,b454373fccb73f5f881004941349b69477baddd37bb2dded4503aa0a19737cfd,7cfd5cff0b401c1813ba6742119e3cb9564b8b891bc979f55af8d0a67446bafd,Uploaded in this connection; reused only within this case,"{'a': '4ec7d20d764a44f13126557d7476ce128893c22676a1787f6a2405a54aa56d12', 'bt': '99a48fc1e33528f7e28408cb0982b40873878c53583a869cbe9604f0b2bbefbe', 'c': '88700fe846a1b13a2ac60204ef6c800fc54c861642ebb0c0b92c6302c6374297'}",PASS,0.29864490003092214,0.19230339996283874,0.543865600018762,11567,4464,2048,512,4096,3469,0,66,8,32,2638998349,100000000,1024,20864,16768,1.5517981000011787,0.03191349998814985,2.5866120000137016,0.00011567,4.532618656522867,0.35411083254084896
endurance,1,PASS,True,80,0,0,20749731,32,32,256,"{'m': 32, 'n': 32, 'k': 256, 'a_base': 64, 'bt_base': 8384, 'c_base': 16704, 'a_stride': 256, 'bt_stride': 256, 'c_stride': 128, 'mode': 0, 'watchdog': 10000000}",2026-10-04T17:27:40.564804+00:00,2026-10-04T17:27:43.180083+00:00,f5ebb2b446bc394392641f294478b74e3155a5746e98fadf8ecc22b90d4d31ff,2e0b5faa1f47dc85c37d43124b29ae9358d78a2d693be466f2a7850c4afaf10b,b454373fccb73f5f881004941349b69477baddd37bb2dded4503aa0a19737cfd,7cfd5cff0b401c1813ba6742119e3cb9564b8b891bc979f55af8d0a67446bafd,Uploaded in this connection; reused only within this case,"{'a': '4ec7d20d764a44f13126557d7476ce128893c22676a1787f6a2405a54aa56d12', 'bt': '99a48fc1e33528f7e28408cb0982b40873878c53583a869cbe9604f0b2bbefbe', 'c': '88700fe846a1b13a2ac60204ef6c800fc54c861642ebb0c0b92c6302c6374297'}",PASS,0.29451869998592883,0.19165729999076575,0.5444078000145964,11611,4464,2048,512,4096,3499,0,66,8,32,2638998349,100000000,1024,20864,16768,1.5515942999627441,0.03186320001259446,2.582178099954035,0.00011611,4.515442253035914,0.3527689260184308
endurance,1,PASS,True,81,1,0,20784649,1,1,1,"{'m': 1, 'n': 1, 'k': 1, 'a_base': 64, 'bt_base': 256, 'c_base': 448, 'a_stride': 64, 'bt_stride': 64, 'c_stride': 64, 'mode': 1, 'watchdog': 10000000}",2026-10-04T17:27:43.295122+00:00,2026-10-04T17:27:44.220586+00:00,189f40034be7a199f1fa9891668ee3ab6049f82d38c68be70f596eab2e1857b7,8d33f520a3c4cef80d2453aef81b612bfe1cb44c8b2025630ad38662763f13d3,f283d9d92e16d78b20c973406dd40d59562a7091844560d7fffa2a0f551a26c1,c1d636b72011da82676a9a65d5cdb94d0bc5383b98e00f902ada11640ea4a6e6,Uploaded in this connection; reused only within this case,"{'a': '5273e7adde0bc40c31eb1228749a203f7d6d73c960bb759d42d695a10dbc1a94', 'bt': '3f1287a339c345a592adbaab89840f89b110629a2425784776926e633ad94fef', 'c': '4d39124b90e227dbf03173d48d10ba2d9f36109878b3d72f2c6ab6ae55a9a303'}",PASS,0.027203000034205616,0.19165449996944517,0.5440069999895059,218,24,2,1,4,149,0,2,8,32,2638998349,100000000,1,576,572,0.1280912000220269,0.032381299999542534,0.8909557000151835,2.18e-06,0.0009174311926605505,7.167431192660551e-05
endurance,1,PASS,True,82,0,0,20784649,1,1,1,"{'m': 1, 'n': 1, 'k': 1, 'a_base': 64, 'bt_base': 256, 'c_base': 448, 'a_stride': 64, 'bt_stride': 64, 'c_stride': 64, 'mode': 0, 'watchdog': 10000000}",2026-10-04T17:27:44.254191+00:00,2026-10-04T17:27:45.180131+00:00,189f40034be7a199f1fa9891668ee3ab6049f82d38c68be70f596eab2e1857b7,8d33f520a3c4cef80d2453aef81b612bfe1cb44c8b2025630ad38662763f13d3,f283d9d92e16d78b20c973406dd40d59562a7091844560d7fffa2a0f551a26c1,c1d636b72011da82676a9a65d5cdb94d0bc5383b98e00f902ada11640ea4a6e6,Uploaded in this connection; reused only within this case,"{'a': '5273e7adde0bc40c31eb1228749a203f7d6d73c960bb759d42d695a10dbc1a94', 'bt': '3f1287a339c345a592adbaab89840f89b110629a2425784776926e633ad94fef', 'c': '4d39124b90e227dbf03173d48d10ba2d9f36109878b3d72f2c6ab6ae55a9a303'}",PASS,0.02760830003535375,0.19190279999747872,0.5438047999632545,218,24,2,1,4,149,0,2,8,32,2638998349,100000000,1,576,572,0.12797620001947507,0.03204010002082214,0.891292100015562,2.18e-06,0.0009174311926605505,7.167431192660551e-05
endurance,1,PASS,True,83,0,0,20794622,5,3,9,"{'m': 5, 'n': 3, 'k': 9, 'a_base': 64, 'bt_base': 512, 'c_base': 832, 'a_stride': 64, 'bt_stride': 64, 'c_stride': 64, 'mode': 0, 'watchdog': 10000000}",2026-10-04T17:27:45.311826+00:00,2026-10-04T17:27:46.300085+00:00,f5f5f2b3d550ae60c0f17604be97572bd85b0a17edf08815002813db7e65c3c6,c4c51aa1b6d69f059feb153032ca21fb05ae9171d6e8713dbe683b50d1654720,1e577aae926fd5a956ee14a9afc3d2e427c22ade3ee15a490e577a8a40f4a877,69e07abf98dffff47709c83c07a162adffb7491fab62dc39bdc2db61b6e3b87f,Uploaded in this connection; reused only within this case,"{'a': 'c8923a1e1a83220f7086e3e43d8a7f5444d04e3ec710c85b86aff03c62167efd', 'bt': '97d5be50f83eb8efc7f941203b26d65d8dc34ebee8e846cb48ef7b68ca46844a', 'c': 'a60b0c8f5b92442d81ed63e7cc195bc0a3a5fef68f04e0a79ea2e3f6ed9a5439'}",PASS,0.04191630001878366,0.19203340000240132,0.5438764999853447,478,32,16,10,60,235,0,10,8,32,2638998349,100000000,15,1216,1156,0.17615999997360632,0.03192239999771118,0.953986199980136,4.78e-06,0.056485355648535567,0.004412918410041841
endurance,1,PASS,True,84,1,0,20794622,5,3,9,"{'m': 5, 'n': 3, 'k': 9, 'a_base': 64, 'bt_base': 512, 'c_base': 832, 'a_stride': 64, 'bt_stride': 64, 'c_stride': 64, 'mode': 1, 'watchdog': 10000000}",2026-10-04T17:27:46.328951+00:00,2026-10-04T17:27:47.323992+00:00,f5f5f2b3d550ae60c0f17604be97572bd85b0a17edf08815002813db7e65c3c6,c4c51aa1b6d69f059feb153032ca21fb05ae9171d6e8713dbe683b50d1654720,1e577aae926fd5a956ee14a9afc3d2e427c22ade3ee15a490e577a8a40f4a877,69e07abf98dffff47709c83c07a162adffb7491fab62dc39bdc2db61b6e3b87f,Uploaded in this connection; reused only within this case,"{'a': 'c8923a1e1a83220f7086e3e43d8a7f5444d04e3ec710c85b86aff03c62167efd', 'bt': '97d5be50f83eb8efc7f941203b26d65d8dc34ebee8e846cb48ef7b68ca46844a', 'c': 'a60b0c8f5b92442d81ed63e7cc195bc0a3a5fef68f04e0a79ea2e3f6ed9a5439'}",PASS,0.04850620002252981,0.1919429000117816,0.5442311000078917,477,32,16,10,60,234,0,10,8,32,2638998349,100000000,15,1216,1156,0.1758521999581717,0.03196010005194694,0.9605324000003748,4.77e-06,0.05660377358490566,0.004422169811320755
endurance,1,PASS,True,85,1,0,20804595,31,33,17,"{'m': 31, 'n': 33, 'k': 17, 'a_base': 64, 'bt_base': 2176, 'c_base': 4416, 'a_stride': 64, 'bt_stride': 64, 'c_stride': 192, 'mode': 1, 'watchdog': 10000000}",2026-10-04T17:27:47.711343+00:00,2026-10-04T17:27:49.724027+00:00,21e0531b100bb815565ecc491b8dd7e8f4caa801f32c69513bd94b9d7f13762d,aa1465345556e8f5a78e7e9871958dff39d715091acfbd083c5368875c7ff405,86e13625de430f552b56d596187dbbbc5609fa29589a4a070f4abba9d252564e,314d8ae8759cf13b2bf98fdf71159a22d3775e26869d859fffcf46556ee5acb5,Uploaded in this connection; reused only within this case,"{'a': 'ee6b0d99ff99259125f80a9330c84ee5e6a709dba3671c5798b3444abe7a00c0', 'bt': 'fdfc05392efd7740536cc74781c279bfc7ab21a096c7f1da9299440df7d26a3f', 'c': '7440f70c69ecc032d435da07f40c726cce38b037c697577a0147ac43f92eb6c4'}",PASS,0.42604540003230795,0.1919937999919057,0.5440443999832496,6521,800,285,527,4092,1246,0,124,8,32,2638998349,100000000,1023,10432,6340,0.8160202000290155,0.03205869998782873,1.9781038000364788,6.521e-05,0.5333844502376937,0.04167066017481981
endurance,1,PASS,True,86,0,0,20804595,31,33,17,"{'m': 31, 'n': 33, 'k': 17, 'a_base': 64, 'bt_base': 2176, 'c_base': 4416, 'a_stride': 64, 'bt_stride': 64, 'c_stride': 192, 'mode': 0, 'watchdog': 10000000}",2026-10-04T17:27:49.752094+00:00,2026-10-04T17:27:51.755853+00:00,21e0531b100bb815565ecc491b8dd7e8f4caa801f32c69513bd94b9d7f13762d,aa1465345556e8f5a78e7e9871958dff39d715091acfbd083c5368875c7ff405,86e13625de430f552b56d596187dbbbc5609fa29589a4a070f4abba9d252564e,314d8ae8759cf13b2bf98fdf71159a22d3775e26869d859fffcf46556ee5acb5,Uploaded in this connection; reused only within this case,"{'a': 'ee6b0d99ff99259125f80a9330c84ee5e6a709dba3671c5798b3444abe7a00c0', 'bt': 'fdfc05392efd7740536cc74781c279bfc7ab21a096c7f1da9299440df7d26a3f', 'c': '7440f70c69ecc032d435da07f40c726cce38b037c697577a0147ac43f92eb6c4'}",PASS,0.4174438000191003,0.19203699997160584,0.5440133000374772,7335,800,285,527,4092,1912,0,124,8,32,2638998349,100000000,1023,10432,6340,0.8159282999695279,0.03191070002503693,1.9694223999977112,7.335e-05,0.4741922290388548,0.03704626789366053
endurance,1,PASS,True,87,0,0,20814568,33,35,256,"{'m': 33, 'n': 35, 'k': 256, 'a_base': 64, 'bt_base': 8640, 'c_base': 17728, 'a_stride': 256, 'bt_stride': 256, 'c_stride': 192, 'mode': 0, 'watchdog': 10000000}",2026-10-04T17:27:53.085623+00:00,2026-10-04T17:27:56.091749+00:00,fe12e0144a30765d43afe595a24c6fb50604522a9c56637767719df42d7ca24b,26d253e1705cb20f678216e9c637000437ab323cd83702f05730968c5d391bdc,7d5262bde520b6317dcb9c47487e927366f8c79ce18515ca81516110b85b649f,d40816a4aac01d3a08f3119388c0e0193ae04fa33894bb80efd48c45e52e4767,Uploaded in this connection; reused only within this case,"{'a': '544eaaa0c3aef99555c626630f2ac09b35386f051632a37806186376b7ff736b', 'bt': '81ec31baf2cc59aeeb2359659e3ffe39edca3a1cc4ec1ca9cd068972fee6dd6e', 'c': 'a08c87ec4991d932f14e0b849ca26679da126ee2de3a9164fe5f0a85bc45f51f'}",PASS,0.4614683000254445,0.1919183999998495,0.5436766999773681,19753,6975,4352,594,4620,7646,0,134,8,32,2638998349,100000000,1155,24128,19508,1.7761606000130996,0.03193130000727251,2.9732240000157617,0.00019753,2.9937730977573027,0.23388852326228926
endurance,1,PASS,True,88,1,0,20814568,33,35,256,"{'m': 33, 'n': 35, 'k': 256, 'a_base': 64, 'bt_base': 8640, 'c_base': 17728, 'a_stride': 256, 'bt_stride': 256, 'c_stride': 192, 'mode': 1, 'watchdog': 10000000}",2026-10-04T17:27:56.113370+00:00,2026-10-04T17:27:59.115622+00:00,fe12e0144a30765d43afe595a24c6fb50604522a9c56637767719df42d7ca24b,26d253e1705cb20f678216e9c637000437ab323cd83702f05730968c5d391bdc,7d5262bde520b6317dcb9c47487e927366f8c79ce18515ca81516110b85b649f,d40816a4aac01d3a08f3119388c0e0193ae04fa33894bb80efd48c45e52e4767,Uploaded in this connection; reused only within this case,"{'a': '544eaaa0c3aef99555c626630f2ac09b35386f051632a37806186376b7ff736b', 'bt': '81ec31baf2cc59aeeb2359659e3ffe39edca3a1cc4ec1ca9cd068972fee6dd6e', 'c': 'a08c87ec4991d932f14e0b849ca26679da126ee2de3a9164fe5f0a85bc45f51f'}",PASS,0.45596589997876436,0.19202050002058968,0.5438555000000633,13264,6975,4352,594,4620,3458,0,134,8,32,2638998349,100000000,1155,24128,19508,1.7760114999837242,0.03200230002403259,2.9678533999831416,0.00013264,4.458383594692401,0.3483112183353438
endurance,1,PASS,True,89,1,0,20824541,65,63,255,"{'m': 65, 'n': 63, 'k': 255, 'a_base': 64, 'bt_base': 16832, 'c_base': 33088, 'a_stride': 256, 'bt_stride': 256, 'c_stride': 256, 'mode': 1, 'watchdog': 10000000}",2026-10-04T17:28:01.534545+00:00,2026-10-04T17:28:07.067318+00:00,6c5cd197f790e76c2aa4ca85cc4bb8477243dc910b4d03d0606645e19554dd54,f961da8e7321cb4c16d0f63b5aa81c2ed99b15644f47b6ff88d4b9a93d38a15d,7acf6f39f1d17bc7dc50d63d6a83549abf83af447e3d100181e72a30c703c936,74e333dc0cfb3a81a65b8762bf7ec8c01c1da2a871c0b1d14a754197b0f90e22,Uploaded in this connection; reused only within this case,"{'a': '6243bc6991a7c83279196fc567ce24bee54bd9ee3fb341a88742dda0ab0adcf5', 'bt': '1fc907e98d043324e10937b156204c74db8a7aebc128d1379f58c61ccb6a1d05', 'c': 'de61c18b35ede7af3e1820a925b7a94cb1fde8da7615be0a47478a9a720bc1d0'}",PASS,1.1798383999848738,0.19206729996949434,0.543964300013613,26527,20016,10208,2080,16380,3517,0,268,8,32,2638998349,100000000,4095,49792,33412,3.5841538999811746,0.03174240002408624,5.500023899949156,0.00026527,7.8729219286010474,0.6150720256719568
endurance,1,PASS,True,90,0,0,20824541,65,63,255,"{'m': 65, 'n': 63, 'k': 255, 'a_base': 64, 'bt_base': 16832, 'c_base': 33088, 'a_stride': 256, 'bt_stride': 256, 'c_stride': 256, 'mode': 0, 'watchdog': 10000000}",2026-10-04T17:28:07.091224+00:00,2026-10-04T17:28:12.619425+00:00,6c5cd197f790e76c2aa4ca85cc4bb8477243dc910b4d03d0606645e19554dd54,f961da8e7321cb4c16d0f63b5aa81c2ed99b15644f47b6ff88d4b9a93d38a15d,7acf6f39f1d17bc7dc50d63d6a83549abf83af447e3d100181e72a30c703c936,74e333dc0cfb3a81a65b8762bf7ec8c01c1da2a871c0b1d14a754197b0f90e22,Uploaded in this connection; reused only within this case,"{'a': '6243bc6991a7c83279196fc567ce24bee54bd9ee3fb341a88742dda0ab0adcf5', 'bt': '1fc907e98d043324e10937b156204c74db8a7aebc128d1379f58c61ccb6a1d05', 'c': 'de61c18b35ede7af3e1820a925b7a94cb1fde8da7615be0a47478a9a720bc1d0'}",PASS,1.1736307000392117,0.19229059998178855,0.543656199995894,52274,20016,10208,2080,16380,17409,0,268,8,32,2638998349,100000000,4095,49792,33412,3.585763400013093,0.030441500013694167,5.495340900029987,0.00052274,3.9951983777786277,0.3121248732639553
endurance,1,PASS,True,91,0,0,20834514,1,64,256,"{'m': 1, 'n': 64, 'k': 256, 'a_base': 64, 'bt_base': 448, 'c_base': 16960, 'a_stride': 256, 'bt_stride': 256, 'c_stride': 256, 'mode': 0, 'watchdog': 10000000}",2026-10-04T17:28:13.918078+00:00,2026-10-04T17:28:16.043149+00:00,410dddfe1e74484a2feb4012cb3b7c713e4579ac931360ebe776af17c5755cd1,d3c49034cc471965921ad578002f2bfc6dc95edd43790b99821c899a892aa38a,c98d17a748af6f46b585f51a37e7d3478d4c4d547240a1d9e164baaa883fcd8c,595850d13e6c68df1801982b4f286fb010f53bae7a9045d1624af7bf7bf19310,Uploaded in this connection; reused only within this case,"{'a': 'eb8822a9f182d7f5a8f1c1d4cbdb02db3ef3fbf868cd9eac05e7c6a135d93ebf', 'bt': '1d9b37e0934e5042fd8b2039404ae25c9763ae71f3d3eeff4d4a0c13389cf821', 'c': '997fbe2fd1cf125bff9cd589c532fe7f30202936c371683abd4c047c843430bf'}",PASS,0.042869500000961125,0.19175040000118315,0.5440193999675103,6236,2232,2112,32,256,3728,0,4,8,32,2638998349,100000000,64,17280,17024,1.3120769999804907,0.03210170002421364,2.090716299950145,6.236e-05,0.5254650416933933,0.04105195638229634
endurance,1,PASS,True,92,1,0,20834514,1,64,256,"{'m': 1, 'n': 64, 'k': 256, 'a_base': 64, 'bt_base': 448, 'c_base': 16960, 'a_stride': 256, 'bt_stride': 256, 'c_stride': 256, 'mode': 1, 'watchdog': 10000000}",2026-10-04T17:28:16.064162+00:00,2026-10-04T17:28:18.186867+00:00,410dddfe1e74484a2feb4012cb3b7c713e4579ac931360ebe776af17c5755cd1,d3c49034cc471965921ad578002f2bfc6dc95edd43790b99821c899a892aa38a,c98d17a748af6f46b585f51a37e7d3478d4c4d547240a1d9e164baaa883fcd8c,595850d13e6c68df1801982b4f286fb010f53bae7a9045d1624af7bf7bf19310,Uploaded in this connection; reused only within this case,"{'a': 'eb8822a9f182d7f5a8f1c1d4cbdb02db3ef3fbf868cd9eac05e7c6a135d93ebf', 'bt': '1d9b37e0934e5042fd8b2039404ae25c9763ae71f3d3eeff4d4a0c13389cf821', 'c': '997fbe2fd1cf125bff9cd589c532fe7f30202936c371683abd4c047c843430bf'}",PASS,0.04189659998519346,0.19215190003160387,0.5437898000236601,5020,2232,2112,32,256,2637,0,4,8,32,2638998349,100000000,64,17280,17024,1.3119050999521278,0.03194220003206283,2.089743399992585,5.02e-05,0.6527490039840638,0.05099601593625498
endurance,1,PASS,True,93,1,0,20844487,64,1,256,"{'m': 64, 'n': 1, 'k': 256, 'a_base': 64, 'bt_base': 16576, 'c_base': 16960, 'a_stride': 256, 'bt_stride': 256, 'c_stride': 64, 'mode': 1, 'watchdog': 10000000}",2026-10-04T17:28:19.469588+00:00,2026-10-04T17:28:22.106833+00:00,245cd0aa08ba239e628ad36c56628bc24435849c715a0fd5c9208c9430a2828c,110b60972634e3c91938771577c7c8e086b714e0e4c17cea6a121ea3cd4f5764,087c25d0921b22253359cd72e958a40a69f147d6fc5a5c2028b4e16030a5bc2c,4f8846114af962e0d7d4a24a94adf75a1a2179c4ae9e527fea1d8b78b4b52044,Uploaded in this connection; reused only within this case,"{'a': 'd02df4ff16445b7234243b05be6b5227e071995579e672b5d67ae0f3d4f45b25', 'bt': '0fca10e5a9ef6b50242aa5751012eacd36c615ca9dd236b4f842e003f01d39b3', 'c': '3cfc953bc2742504c4e8f44b34f397d44162fc0a7a533aa4e25713433c61db57'}",PASS,0.30003330000909045,0.19221120001748204,0.5437520999694243,6024,2232,2112,64,256,2599,0,128,8,32,2638998349,100000000,64,21120,20864,1.5679392000311054,0.0320557999657467,2.6039358000271022,6.024e-05,0.5439575033200531,0.04249667994687915
endurance,1,PASS,True,94,0,0,20844487,64,1,256,"{'m': 64, 'n': 1, 'k': 256, 'a_base': 64, 'bt_base': 16576, 'c_base': 16960, 'a_stride': 256, 'bt_stride': 256, 'c_stride': 64, 'mode': 0, 'watchdog': 10000000}",2026-10-04T17:28:22.131623+00:00,2026-10-04T17:28:24.763255+00:00,245cd0aa08ba239e628ad36c56628bc24435849c715a0fd5c9208c9430a2828c,110b60972634e3c91938771577c7c8e086b714e0e4c17cea6a121ea3cd4f5764,087c25d0921b22253359cd72e958a40a69f147d6fc5a5c2028b4e16030a5bc2c,4f8846114af962e0d7d4a24a94adf75a1a2179c4ae9e527fea1d8b78b4b52044,Uploaded in this connection; reused only within this case,"{'a': 'd02df4ff16445b7234243b05be6b5227e071995579e672b5d67ae0f3d4f45b25', 'bt': '0fca10e5a9ef6b50242aa5751012eacd36c615ca9dd236b4f842e003f01d39b3', 'c': '3cfc953bc2742504c4e8f44b34f397d44162fc0a7a533aa4e25713433c61db57'}",PASS,0.29320769995683804,0.19191230001160875,0.5443985000019893,8312,2232,2112,64,256,3723,0,128,8,32,2638998349,100000000,64,21120,20864,1.5678211000049487,0.03189749998273328,2.5973395999753848,8.312e-05,0.3942252165543792,0.030798845043310877
endurance,1,PASS,True,95,0,0,20854460,32,32,256,"{'m': 32, 'n': 32, 'k': 256, 'a_base': 64, 'bt_base': 8384, 'c_base': 16704, 'a_stride': 256, 'bt_stride': 256, 'c_stride': 128, 'mode': 0, 'watchdog': 10000000}",2026-10-04T17:28:26.029197+00:00,2026-10-04T17:28:28.650527+00:00,0ce917226900098eead7b4b5629c109a28753a334d747b9b959082305b565254,440996ec97563cfa0a8a25671aca98a6000894c4edc52f8f856bfaf42bc32eeb,a78a5cf1ccfca9804e7f56ab6fb9940338eeee610acaaa2ae0459837e2d01063,efa52d20385941d85d0b9cac7725224bff4adc5bdbecdaafe225e90c12db163f,Uploaded in this connection; reused only within this case,"{'a': '1a2c1a4abd9ea4af2d62a1d830b6c6d9dce7c2f14528a0e8c659d322544113f6', 'bt': '099f78f273a2caa1d7a0385ae6c5072099a63ad3fe720a81829b1493a65dc992', 'c': '9cfba9f89d4ca7ac66bd7f37755b738603577cf168cacc5491caad157addb402'}",PASS,0.2995713999844156,0.19183770002564415,0.5441116999718361,11547,4464,2048,512,4096,3450,0,66,8,32,2638998349,100000000,1024,20864,16768,1.551934999995865,0.03192849998595193,2.5874557999777608,0.00011547,4.540469385987702,0.3547241707802892
endurance,1,PASS,True,96,1,0,20854460,32,32,256,"{'m': 32, 'n': 32, 'k': 256, 'a_base': 64, 'bt_base': 8384, 'c_base': 16704, 'a_stride': 256, 'bt_stride': 256, 'c_stride': 128, 'mode': 1, 'watchdog': 10000000}",2026-10-04T17:28:28.676612+00:00,2026-10-04T17:28:31.290546+00:00,0ce917226900098eead7b4b5629c109a28753a334d747b9b959082305b565254,440996ec97563cfa0a8a25671aca98a6000894c4edc52f8f856bfaf42bc32eeb,a78a5cf1ccfca9804e7f56ab6fb9940338eeee610acaaa2ae0459837e2d01063,efa52d20385941d85d0b9cac7725224bff4adc5bdbecdaafe225e90c12db163f,Uploaded in this connection; reused only within this case,"{'a': '1a2c1a4abd9ea4af2d62a1d830b6c6d9dce7c2f14528a0e8c659d322544113f6', 'bt': '099f78f273a2caa1d7a0385ae6c5072099a63ad3fe720a81829b1493a65dc992', 'c': '9cfba9f89d4ca7ac66bd7f37755b738603577cf168cacc5491caad157addb402'}",PASS,0.29194900003494695,0.19196650001686066,0.5439982999814674,11615,4464,2048,512,4096,3521,0,66,8,32,2638998349,100000000,1024,20864,16768,1.5520394999766722,0.03190000000176951,2.5799533000099473,0.00011615,4.513887214808437,0.3526474386569092
endurance,1,PASS,True,97,0,0,20889378,1,1,1,"{'m': 1, 'n': 1, 'k': 1, 'a_base': 64, 'bt_base': 256, 'c_base': 448, 'a_stride': 64, 'bt_stride': 64, 'c_stride': 64, 'mode': 0, 'watchdog': 10000000}",2026-10-04T17:28:31.405298+00:00,2026-10-04T17:28:32.330660+00:00,6e340b9cffb37a989ca544e6bb780a2c78901d3fb33738768511a30617afa01d,c557e71380112b980eaf1145fa80621130dfbdfa1e375d87ae0018b7c60ac16b,df3f619804a92fdb4057192dc43dd748ea778adc52bc498ce80524c014b81119,132ece1443c3d9ed4f88f24688063537f860f5890bb294c98d4f62cd2c14dd52,Uploaded in this connection; reused only within this case,"{'a': '9514af0ad16e138b72661cf7588f10803bcd4e931f6c214cca093bf393c67549', 'bt': '59164bc5b5d1e29090eb152e67a74b640a680c9d163c4fb6eb5a51ef222f3e7e', 'c': 'e631a5774be4957710b7dd51a4a027dbfd3d7f09a8ffedd2173f7a685ee8db3a'}",PASS,0.02694730000803247,0.19195359997684136,0.544025800016243,219,24,2,1,4,150,0,2,8,32,2638998349,100000000,1,576,572,0.128016899980139,0.03213160001905635,0.8909435999812558,2.19e-06,0.0009132420091324201,7.134703196347032e-05
endurance,1,PASS,True,98,1,0,20889378,1,1,1,"{'m': 1, 'n': 1, 'k': 1, 'a_base': 64, 'bt_base': 256, 'c_base': 448, 'a_stride': 64, 'bt_stride': 64, 'c_stride': 64, 'mode': 1, 'watchdog': 10000000}",2026-10-04T17:28:32.360071+00:00,2026-10-04T17:28:33.290520+00:00,6e340b9cffb37a989ca544e6bb780a2c78901d3fb33738768511a30617afa01d,c557e71380112b980eaf1145fa80621130dfbdfa1e375d87ae0018b7c60ac16b,df3f619804a92fdb4057192dc43dd748ea778adc52bc498ce80524c014b81119,132ece1443c3d9ed4f88f24688063537f860f5890bb294c98d4f62cd2c14dd52,Uploaded in this connection; reused only within this case,"{'a': '9514af0ad16e138b72661cf7588f10803bcd4e931f6c214cca093bf393c67549', 'bt': '59164bc5b5d1e29090eb152e67a74b640a680c9d163c4fb6eb5a51ef222f3e7e', 'c': 'e631a5774be4957710b7dd51a4a027dbfd3d7f09a8ffedd2173f7a685ee8db3a'}",PASS,0.03233020001789555,0.19156099995598197,0.5440452000475489,220,24,2,1,4,151,0,2,8,32,2638998349,100000000,1,576,572,0.12808829999994487,0.03202189999865368,0.8960247000213712,2.2e-06,0.0009090909090909091,7.102272727272727e-05
endurance,1,PASS,True,99,1,0,20899351,5,3,9,"{'m': 5, 'n': 3, 'k': 9, 'a_base': 64, 'bt_base': 512, 'c_base': 832, 'a_stride': 64, 'bt_stride': 64, 'c_stride': 64, 'mode': 1, 'watchdog': 10000000}",2026-10-04T17:28:33.421205+00:00,2026-10-04T17:28:34.410288+00:00,b3b471a9e3a800348e25b0bead336a1ded22569df76e692cfab8d67bf93266cc,73dbd8a368a9738a547a6c556f407c1ed701d0f31255e89f18497e5e30ba3048,4a53801fb499e1a8346373a7c5bae13af21a7b67b5dc837c63051d406379f47a,eb9b77bea747f25a203266cfd53d1ed5d5bd607e4f3e7941d8dfe8d5d290efae,Uploaded in this connection; reused only within this case,"{'a': '46d0cb80e3370b45f2a33e632652fb49509998a5b3e458f021edc87727d52317', 'bt': '8d243fc286afc0fdd32411ff58c81a3d81da935a7ed52f4f4b0e8ce7d42fe0a2', 'c': '99b8eb378669a98a8f69c141b65a0ca22693cce6f51d995ed40c8ee1501eaa79'}",PASS,0.04284549999283627,0.1919251999934204,0.5439994999906048,480,32,16,10,60,237,0,10,8,32,2638998349,100000000,15,1216,1156,0.1760651000076905,0.031864000018686056,0.954835299984552,4.8e-06,0.05625,0.00439453125
endurance,1,PASS,True,100,0,0,20899351,5,3,9,"{'m': 5, 'n': 3, 'k': 9, 'a_base': 64, 'bt_base': 512, 'c_base': 832, 'a_stride': 64, 'bt_stride': 64, 'c_stride': 64, 'mode': 0, 'watchdog': 10000000}",2026-10-04T17:28:34.438812+00:00,2026-10-04T17:28:35.418320+00:00,b3b471a9e3a800348e25b0bead336a1ded22569df76e692cfab8d67bf93266cc,73dbd8a368a9738a547a6c556f407c1ed701d0f31255e89f18497e5e30ba3048,4a53801fb499e1a8346373a7c5bae13af21a7b67b5dc837c63051d406379f47a,eb9b77bea747f25a203266cfd53d1ed5d5bd607e4f3e7941d8dfe8d5d290efae,Uploaded in this connection; reused only within this case,"{'a': '46d0cb80e3370b45f2a33e632652fb49509998a5b3e458f021edc87727d52317', 'bt': '8d243fc286afc0fdd32411ff58c81a3d81da935a7ed52f4f4b0e8ce7d42fe0a2', 'c': '99b8eb378669a98a8f69c141b65a0ca22693cce6f51d995ed40c8ee1501eaa79'}",PASS,0.033133800025098026,0.19193949998589233,0.544222800002899,490,32,16,10,60,247,0,10,8,32,2638998349,100000000,15,1216,1156,0.17574119998607785,0.03196910000406206,0.9450372999999672,4.9e-06,0.05510204081632653,0.00430484693877551
endurance,1,PASS,True,101,0,0,20909324,31,33,17,"{'m': 31, 'n': 33, 'k': 17, 'a_base': 64, 'bt_base': 2176, 'c_base': 4416, 'a_stride': 64, 'bt_stride': 64, 'c_stride': 192, 'mode': 0, 'watchdog': 10000000}",2026-10-04T17:28:35.822583+00:00,2026-10-04T17:28:37.850275+00:00,6ca16739816fea1c687290612c466a451bb1d5e8a43fad43dc028dbe96eeaa9d,eb25a4a993db1cbd72776c4e2fb7121f781845e3ed4e116f11dd31deb47f3b43,9edd83b0f077a83087e6e84db43b83a3e26c4607870abdad00e22a7a815071e6,cefa5c9523e0e7445d90b42fb41da008a15875c8a352f39686762c917bb58699,Uploaded in this connection; reused only within this case,"{'a': '4a1193e665f55831917754fad6ba881fcb70b806be7dd8404822aa4b3198c510', 'bt': '141edf1d44b1d52ab0bdff096d5d46456911dea247c8a678612b09d19f2414eb', 'c': 'd8faff58b158033ab6ac6d2f06eaea10c912df73bd2c1df55818ce45c76afc38'}",PASS,0.42556990002049133,0.1919859999907203,0.545335199974943,7388,800,285,527,4092,1935,0,124,8,32,2638998349,100000000,1023,10432,6340,0.8306433000252582,0.032017000019550323,1.9935344000114128,7.388e-05,0.47079047103410937,0.036780505549539794
endurance,1,PASS,True,102,1,0,20909324,31,33,17,"{'m': 31, 'n': 33, 'k': 17, 'a_base': 64, 'bt_base': 2176, 'c_base': 4416, 'a_stride': 64, 'bt_stride': 64, 'c_stride': 192, 'mode': 1, 'watchdog': 10000000}",2026-10-04T17:28:37.882937+00:00,2026-10-04T17:28:39.898369+00:00,6ca16739816fea1c687290612c466a451bb1d5e8a43fad43dc028dbe96eeaa9d,eb25a4a993db1cbd72776c4e2fb7121f781845e3ed4e116f11dd31deb47f3b43,9edd83b0f077a83087e6e84db43b83a3e26c4607870abdad00e22a7a815071e6,cefa5c9523e0e7445d90b42fb41da008a15875c8a352f39686762c917bb58699,Uploaded in this connection; reused only within this case,"{'a': '4a1193e665f55831917754fad6ba881fcb70b806be7dd8404822aa4b3198c510', 'bt': '141edf1d44b1d52ab0bdff096d5d46456911dea247c8a678612b09d19f2414eb', 'c': 'd8faff58b158033ab6ac6d2f06eaea10c912df73bd2c1df55818ce45c76afc38'}",PASS,0.4291916000074707,0.19212909997440875,0.543801500054542,6496,800,285,527,4092,1245,0,124,8,32,2638998349,100000000,1023,10432,6340,0.8159546999959275,0.0320932999602519,1.981076900032349,6.496e-05,0.5354371921182266,0.04183103063423645
endurance,1,PASS,True,103,1,0,20919297,33,35,256,"{'m': 33, 'n': 35, 'k': 256, 'a_base': 64, 'bt_base': 8640, 'c_base': 17728, 'a_stride': 256, 'bt_stride': 256, 'c_stride': 192, 'mode': 1, 'watchdog': 10000000}",2026-10-04T17:28:41.231006+00:00,2026-10-04T17:28:44.233960+00:00,1f2b2e90204bf461cee3300a594f9da8aea3ad44296095631a86e4f2f6528fc5,dfdc91df817855950c4e793093ec603f12228a70e55b046aa8445b1749cb71bb,4e6d350f1ce050c6108fc41003ea1854ce56f07deb6e2015d3166c39bc377225,7016b03be53ff42f3cb6e944d58188c3240714cf4979098ec409241d9e106386,Uploaded in this connection; reused only within this case,"{'a': '43d20140dd2a264a096888c290810f584299e011b92feec01032941f542d623d', 'bt': '62050475b7fc57e60fec09392e6d550a5ad30f809b3e672c099c476808a3a466', 'c': 'abc745e623de6711ce9b2ee3fe6327124aef52b4eb4de8a2739d1e78fcc8eeb1'}",PASS,0.45593300001928583,0.1919977000216022,0.5439476000028662,13238,6975,4352,594,4620,3470,0,134,8,32,2638998349,100000000,1155,24128,19508,1.776072499982547,0.031864200020208955,2.9679508000263013,0.00013238,4.467140051367276,0.3489953165130684
endurance,1,PASS,True,104,0,0,20919297,33,35,256,"{'m': 33, 'n': 35, 'k': 256, 'a_base': 64, 'bt_base': 8640, 'c_base': 17728, 'a_stride': 256, 'bt_stride': 256, 'c_stride': 192, 'mode': 0, 'watchdog': 10000000}",2026-10-04T17:28:44.260876+00:00,2026-10-04T17:28:47.257913+00:00,1f2b2e90204bf461cee3300a594f9da8aea3ad44296095631a86e4f2f6528fc5,dfdc91df817855950c4e793093ec603f12228a70e55b046aa8445b1749cb71bb,4e6d350f1ce050c6108fc41003ea1854ce56f07deb6e2015d3166c39bc377225,7016b03be53ff42f3cb6e944d58188c3240714cf4979098ec409241d9e106386,Uploaded in this connection; reused only within this case,"{'a': '43d20140dd2a264a096888c290810f584299e011b92feec01032941f542d623d', 'bt': '62050475b7fc57e60fec09392e6d550a5ad30f809b3e672c099c476808a3a466', 'c': 'abc745e623de6711ce9b2ee3fe6327124aef52b4eb4de8a2739d1e78fcc8eeb1'}",PASS,0.45104040001751855,0.19212449999758974,0.5437250999966636,19764,6975,4352,594,4620,7661,0,134,8,32,2638998349,100000000,1155,24128,19508,1.7759722999762744,0.03204140003072098,2.9628622999880463,0.00019764,2.99210686095932,0.23375834851244687
endurance,1,PASS,True,105,0,0,20929270,65,63,255,"{'m': 65, 'n': 63, 'k': 255, 'a_base': 64, 'bt_base': 16832, 'c_base': 33088, 'a_stride': 256, 'bt_stride': 256, 'c_stride': 256, 'mode': 0, 'watchdog': 10000000}",2026-10-04T17:28:49.692721+00:00,2026-10-04T17:28:55.225831+00:00,53bfb28caed8f5d54a02ff6319310ea0dc20616051a78d509f3c795b8ca47e7f,b77bf3ead228796ac971bd4e195201c31a071b7f648bc937d006f021910a6919,e0b9eb2a6a9ed672c8901772839064302b052fc8ea3fd4bbc8d00c45ffbaebfe,3fec72428b7e4c36aa0ad1577dfe5e4b351c09414b6aa4d52a6553534f947f69,Uploaded in this connection; reused only within this case,"{'a': '844456146346572e5f7a2ef550331fd7d0fb2184f22bc073605827ed8adf0ebc', 'bt': 'b1973c9b1fed4f4959fc60dcb5f1b0025506e0b84e1e3066e24523d6f82018cf', 'c': 'cb489d09eae21a0877f535f449b394867c40108c87d55c379edd169bd48552f3'}",PASS,1.179843800025992,0.19198309996863827,0.5441187000251375,52282,20016,10208,2080,16380,17437,0,268,8,32,2638998349,100000000,4095,49792,33412,3.5841302999760956,0.031886600016150624,5.500075899995863,0.00052282,3.994587047167285,0.3120771130599441
endurance,1,PASS,True,106,1,0,20929270,65,63,255,"{'m': 65, 'n': 63, 'k': 255, 'a_base': 64, 'bt_base': 16832, 'c_base': 33088, 'a_stride': 256, 'bt_stride': 256, 'c_stride': 256, 'mode': 1, 'watchdog': 10000000}",2026-10-04T17:28:55.272654+00:00,2026-10-04T17:29:00.809518+00:00,53bfb28caed8f5d54a02ff6319310ea0dc20616051a78d509f3c795b8ca47e7f,b77bf3ead228796ac971bd4e195201c31a071b7f648bc937d006f021910a6919,e0b9eb2a6a9ed672c8901772839064302b052fc8ea3fd4bbc8d00c45ffbaebfe,3fec72428b7e4c36aa0ad1577dfe5e4b351c09414b6aa4d52a6553534f947f69,Uploaded in this connection; reused only within this case,"{'a': '844456146346572e5f7a2ef550331fd7d0fb2184f22bc073605827ed8adf0ebc', 'bt': 'b1973c9b1fed4f4959fc60dcb5f1b0025506e0b84e1e3066e24523d6f82018cf', 'c': 'cb489d09eae21a0877f535f449b394867c40108c87d55c379edd169bd48552f3'}",PASS,1.182258200016804,0.19226139999227598,0.5437278000172228,26412,20016,10208,2080,16380,3476,0,268,8,32,2638998349,100000000,4095,49792,33412,3.584268399979919,0.03169110004091635,5.502515800006222,0.00026412,7.907201272149023,0.6177500993866424
endurance,1,PASS,True,107,1,0,20939243,1,64,256,"{'m': 1, 'n': 64, 'k': 256, 'a_base': 64, 'bt_base': 448, 'c_base': 16960, 'a_stride': 256, 'bt_stride': 256, 'c_stride': 256, 'mode': 1, 'watchdog': 10000000}",2026-10-04T17:29:02.092427+00:00,2026-10-04T17:29:04.217480+00:00,fa24e6a32604dedfa3374f0d98b133e32ee421be0e7ced85936ec24535d4ec08,addf5292849f3f6bb720ced53808ea758fe4078704c0911bc0aab99efbf2c52a,6816c43a5825604d01740f74bc66b9920842344e575fa024d1982b914ec0eb40,106e1ddaa759d352989a475483112ebf6ae5ab74c5b74748486381d49fb06c9d,Uploaded in this connection; reused only within this case,"{'a': '492fe8c288890b75706866bb935e03f6ce66656249a0144dc1343497a5bd7db4', 'bt': '17363bc6ad2fa08325bca60276540709babb130be4eacba83a606b1cc62bf844', 'c': '5b67ef0b66c1e310329fdf11ddec22b0f124336e5fda46752d4b84c409ae8aef'}",PASS,0.04299729998456314,0.19210190000012517,0.5439008999965154,5024,2232,2112,32,256,2641,0,4,8,32,2638998349,100000000,64,17280,17024,1.312073800014332,0.03207630000542849,2.0910738999955356,5.024e-05,0.6522292993630574,0.050955414012738856
endurance,1,PASS,True,108,0,0,20939243,1,64,256,"{'m': 1, 'n': 64, 'k': 256, 'a_base': 64, 'bt_base': 448, 'c_base': 16960, 'a_stride': 256, 'bt_stride': 256, 'c_stride': 256, 'mode': 0, 'watchdog': 10000000}",2026-10-04T17:29:04.249776+00:00,2026-10-04T17:29:06.377197+00:00,fa24e6a32604dedfa3374f0d98b133e32ee421be0e7ced85936ec24535d4ec08,addf5292849f3f6bb720ced53808ea758fe4078704c0911bc0aab99efbf2c52a,6816c43a5825604d01740f74bc66b9920842344e575fa024d1982b914ec0eb40,106e1ddaa759d352989a475483112ebf6ae5ab74c5b74748486381d49fb06c9d,Uploaded in this connection; reused only within this case,"{'a': '492fe8c288890b75706866bb935e03f6ce66656249a0144dc1343497a5bd7db4', 'bt': '17363bc6ad2fa08325bca60276540709babb130be4eacba83a606b1cc62bf844', 'c': '5b67ef0b66c1e310329fdf11ddec22b0f124336e5fda46752d4b84c409ae8aef'}",PASS,0.045869799971114844,0.19190730003174394,0.5439681999851018,6244,2232,2112,32,256,3731,0,4,8,32,2638998349,100000000,64,17280,17024,1.31197019998217,0.032031800015829504,2.0937154999701306,6.244e-05,0.524791800128123,0.04099935938500961
endurance,1,PASS,True,109,0,0,20949216,64,1,256,"{'m': 64, 'n': 1, 'k': 256, 'a_base': 64, 'bt_base': 16576, 'c_base': 16960, 'a_stride': 256, 'bt_stride': 256, 'c_stride': 64, 'mode': 0, 'watchdog': 10000000}",2026-10-04T17:29:07.658956+00:00,2026-10-04T17:29:10.297269+00:00,add0dd560c1d0053a5b5c52638f37e22a12ccc4dc8b9c5d7172b88bbf2abd619,37afd98cac4db2f0379cc41f0bf969cdebf7e7fcd33c59017f4668d75d5ad738,c4ae703d68f09a88ea8dbd10f219e81459b88a9f57b257a69ead9607a0764090,6928a67c9dfb7eea7a38ccedc14c9ece4915baba0c89e578c9e6216e94ae56b6,Uploaded in this connection; reused only within this case,"{'a': 'b2e39ecacad40fc3e4936de90a1676a76d691a5f90b6ca2310f5efa886d9a54e', 'bt': '4eeb3cfeb4c75146d3f3cd888ab3afa15017642a599332c7cd15e57d3dd95190', 'c': 'e357de3338fbfe6b1039a92544b2f5d51b7a55011453c5dcc502e90f102b4592'}",PASS,0.30116550001548603,0.19215519999852404,0.5439229999901727,8310,2232,2112,64,256,3723,0,128,8,32,2638998349,100000000,64,21120,20864,1.5677961999899708,0.0322248000302352,2.6050398999941535,8.31e-05,0.3943200962695547,0.030806257521058963
endurance,1,PASS,True,110,1,0,20949216,64,1,256,"{'m': 64, 'n': 1, 'k': 256, 'a_base': 64, 'bt_base': 16576, 'c_base': 16960, 'a_stride': 256, 'bt_stride': 256, 'c_stride': 64, 'mode': 1, 'watchdog': 10000000}",2026-10-04T17:29:10.328564+00:00,2026-10-04T17:29:12.968938+00:00,add0dd560c1d0053a5b5c52638f37e22a12ccc4dc8b9c5d7172b88bbf2abd619,37afd98cac4db2f0379cc41f0bf969cdebf7e7fcd33c59017f4668d75d5ad738,c4ae703d68f09a88ea8dbd10f219e81459b88a9f57b257a69ead9607a0764090,6928a67c9dfb7eea7a38ccedc14c9ece4915baba0c89e578c9e6216e94ae56b6,Uploaded in this connection; reused only within this case,"{'a': 'b2e39ecacad40fc3e4936de90a1676a76d691a5f90b6ca2310f5efa886d9a54e', 'bt': '4eeb3cfeb4c75146d3f3cd888ab3afa15017642a599332c7cd15e57d3dd95190', 'c': 'e357de3338fbfe6b1039a92544b2f5d51b7a55011453c5dcc502e90f102b4592'}",PASS,0.30279929999960586,0.19191009999485686,0.5438861000002362,5983,2232,2112,64,256,2554,0,128,8,32,2638998349,100000000,64,21120,20864,1.5677795000374317,0.03206599998520687,2.6063750000321306,5.983e-05,0.5476851078054488,0.04278789904730069
endurance,1,PASS,True,111,1,0,20959189,32,32,256,"{'m': 32, 'n': 32, 'k': 256, 'a_base': 64, 'bt_base': 8384, 'c_base': 16704, 'a_stride': 256, 'bt_stride': 256, 'c_stride': 128, 'mode': 1, 'watchdog': 10000000}",2026-10-04T17:29:14.236394+00:00,2026-10-04T17:29:16.856877+00:00,6f0698d7845140b5b5fa678ec3569be83d4344253be3c08869a1a97b35ed10e2,4f7fae4f4e57c0e800df4b0b7b9907756b93984d4fd08c752fd379b7a10e3c9d,23ec6afa4616eb297feee765a5f17c3717e184b73335c74a7d46b3201c2fce86,dae4359cbca698adf21c2677b1afd8ec5031b2b42ae4258fb871feece4ab9b67,Uploaded in this connection; reused only within this case,"{'a': '535044c4ef897ffbd9017cdb4c62788104788e5192e8358725e74ca4955621c5', 'bt': '9b0c1cfac131ffdf51b1e64b1e69b438274279226b8c21bf2072a91e1c774e9c', 'c': 'ac58f2efba0dc6f3bb4eca7ee59edfe4d6b401f02fb843280b905cd899865403'}",PASS,0.29843299998901784,0.19218239997280762,0.5438018999993801,11573,4464,2048,512,4096,3485,0,66,8,32,2638998349,100000000,1024,20864,16768,1.551959500007797,0.03194970003096387,2.5863767999690026,0.00011573,4.530268728938045,0.35392724444828483
endurance,1,PASS,True,112,0,0,20959189,32,32,256,"{'m': 32, 'n': 32, 'k': 256, 'a_base': 64, 'bt_base': 8384, 'c_base': 16704, 'a_stride': 256, 'bt_stride': 256, 'c_stride': 128, 'mode': 0, 'watchdog': 10000000}",2026-10-04T17:29:16.890260+00:00,2026-10-04T17:29:19.512749+00:00,6f0698d7845140b5b5fa678ec3569be83d4344253be3c08869a1a97b35ed10e2,4f7fae4f4e57c0e800df4b0b7b9907756b93984d4fd08c752fd379b7a10e3c9d,23ec6afa4616eb297feee765a5f17c3717e184b73335c74a7d46b3201c2fce86,dae4359cbca698adf21c2677b1afd8ec5031b2b42ae4258fb871feece4ab9b67,Uploaded in this connection; reused only within this case,"{'a': '535044c4ef897ffbd9017cdb4c62788104788e5192e8358725e74ca4955621c5', 'bt': '9b0c1cfac131ffdf51b1e64b1e69b438274279226b8c21bf2072a91e1c774e9c', 'c': 'ac58f2efba0dc6f3bb4eca7ee59edfe4d6b401f02fb843280b905cd899865403'}",PASS,0.3008553000399843,0.19187729997793213,0.544179400021676,11583,4464,2048,512,4096,3479,0,66,8,32,2638998349,100000000,1024,20864,16768,1.551764199975878,0.032003300031647086,2.5886762000154704,0.00011583,4.52635759302426,0.3536216869550203
endurance,1,PASS,True,113,1,0,20994107,1,1,1,"{'m': 1, 'n': 1, 'k': 1, 'a_base': 64, 'bt_base': 256, 'c_base': 448, 'a_stride': 64, 'bt_stride': 64, 'c_stride': 64, 'mode': 1, 'watchdog': 10000000}",2026-10-04T17:29:19.659953+00:00,2026-10-04T17:29:20.584792+00:00,2795044ce0f83f718bc79c5f2add1e52521978df91ce9b7f82c9097191d33602,334359b90efed75da5f0ada1d5e6b256f4a6bd0aee7eb39c0f90182a021ffc8b,832fb4ce06558d93bb1e64a92732c4ccbc131da87cbfa9ddc74ea23b619dde62,ff0bac039d0b5a32bbe3dfb1ef27a8fa081182a1515e55b8dd7bbf382bbeeb50,Uploaded in this connection; reused only within this case,"{'a': '0950ba0d35656edca4fc97772cdf9ea2f787a40fa1b09a39ac40b410545c761c', 'bt': '4cbbc07e8a129638d45b23c4b4767c3e0659b75673674fdd5d64111cefc04710', 'c': '9959ac734441a14f59082f638a3d156c78998199adb2133dd5e16000408bc971'}",PASS,0.026530800038017333,0.19228069996461272,0.5436295000254177,219,24,2,1,4,150,0,2,8,32,2638998349,100000000,1,576,572,0.1284052999690175,0.031775500043295324,0.8908462999970652,2.19e-06,0.0009132420091324201,7.134703196347032e-05
endurance,1,PASS,True,114,0,0,20994107,1,1,1,"{'m': 1, 'n': 1, 'k': 1, 'a_base': 64, 'bt_base': 256, 'c_base': 448, 'a_stride': 64, 'bt_stride': 64, 'c_stride': 64, 'mode': 0, 'watchdog': 10000000}",2026-10-04T17:29:20.615902+00:00,2026-10-04T17:29:21.544636+00:00,2795044ce0f83f718bc79c5f2add1e52521978df91ce9b7f82c9097191d33602,334359b90efed75da5f0ada1d5e6b256f4a6bd0aee7eb39c0f90182a021ffc8b,832fb4ce06558d93bb1e64a92732c4ccbc131da87cbfa9ddc74ea23b619dde62,ff0bac039d0b5a32bbe3dfb1ef27a8fa081182a1515e55b8dd7bbf382bbeeb50,Uploaded in this connection; reused only within this case,"{'a': '0950ba0d35656edca4fc97772cdf9ea2f787a40fa1b09a39ac40b410545c761c', 'bt': '4cbbc07e8a129638d45b23c4b4767c3e0659b75673674fdd5d64111cefc04710', 'c': '9959ac734441a14f59082f638a3d156c78998199adb2133dd5e16000408bc971'}",PASS,0.031161500024609268,0.1918306999723427,0.5438039000146091,221,24,2,1,4,152,0,2,8,32,2638998349,100000000,1,576,572,0.1281903000199236,0.03184219996910542,0.8949864000314847,2.21e-06,0.0009049773755656108,7.070135746606335e-05
endurance,1,PASS,True,115,0,0,21004080,5,3,9,"{'m': 5, 'n': 3, 'k': 9, 'a_base': 64, 'bt_base': 512, 'c_base': 832, 'a_stride': 64, 'bt_stride': 64, 'c_stride': 64, 'mode': 0, 'watchdog': 10000000}",2026-10-04T17:29:21.692263+00:00,2026-10-04T17:29:22.680596+00:00,a513798953950527f2b09b49e65432fb83f399bfab1e35a5c95fa53e98edbd5b,a93ae871886ce93f6e3fecef9d9acbdbc3c58b4034fe03c8d9aacbb0548b38d5,ffc8842e859600efdcfb5e7351dd7d65f5b8e01946fdaaff393bcee0e420ee52,d30d3f6911828e12c3f72979c812d89c13a37a837abdd260959439967c19f564,Uploaded in this connection; reused only within this case,"{'a': '5e930755590980929a8cc2f36db5f14413a7e03d7f23cd41626fad5d4523c52c', 'bt': '0b3ae2c26225d3b659b1703ee8b2b9149590cae93a9bc952070868fcdbc9bcb8', 'c': '902f8922896d498fed3a9fb854a066642ec38575876c9855a519d529bbaa535c'}",PASS,0.0420655999914743,0.19233420002274215,0.5437033000052907,479,32,16,10,60,236,0,10,8,32,2638998349,100000000,15,1216,1156,0.1760278000147082,0.03195189998950809,0.9541309000342153,4.79e-06,0.05636743215031315,0.004403705636743215
endurance,1,PASS,True,116,1,0,21004080,5,3,9,"{'m': 5, 'n': 3, 'k': 9, 'a_base': 64, 'bt_base': 512, 'c_base': 832, 'a_stride': 64, 'bt_stride': 64, 'c_stride': 64, 'mode': 1, 'watchdog': 10000000}",2026-10-04T17:29:22.715165+00:00,2026-10-04T17:29:23.704838+00:00,a513798953950527f2b09b49e65432fb83f399bfab1e35a5c95fa53e98edbd5b,a93ae871886ce93f6e3fecef9d9acbdbc3c58b4034fe03c8d9aacbb0548b38d5,ffc8842e859600efdcfb5e7351dd7d65f5b8e01946fdaaff393bcee0e420ee52,d30d3f6911828e12c3f72979c812d89c13a37a837abdd260959439967c19f564,Uploaded in this connection; reused only within this case,"{'a': '5e930755590980929a8cc2f36db5f14413a7e03d7f23cd41626fad5d4523c52c', 'bt': '0b3ae2c26225d3b659b1703ee8b2b9149590cae93a9bc952070868fcdbc9bcb8', 'c': '902f8922896d498fed3a9fb854a066642ec38575876c9855a519d529bbaa535c'}",PASS,0.04299129999708384,0.19195020000915974,0.5440498000243679,479,32,16,10,60,236,0,10,8,32,2638998349,100000000,15,1216,1156,0.17608669999754056,0.03215679997811094,0.955078000028152,4.79e-06,0.05636743215031315,0.004403705636743215
endurance,1,PASS,True,117,1,0,21014053,31,33,17,"{'m': 31, 'n': 33, 'k': 17, 'a_base': 64, 'bt_base': 2176, 'c_base': 4416, 'a_stride': 64, 'bt_stride': 64, 'c_stride': 192, 'mode': 1, 'watchdog': 10000000}",2026-10-04T17:29:24.108506+00:00,2026-10-04T17:29:26.120776+00:00,dcd8efc24de40afd1ade6cfb203b24ca47dc901a1418fb6e932454e5484567c1,83324df83b088db635ba4ce31a11a1a4127d801e334309bd90ae9b43fae98763,242511ddb839f4d80f3f73ab037b7a2ad5110d2adf671c2db0fc5bd4ad7fed91,23f19d46b7fce2d203a14f396b249e70dd50af4410e6268df25c4e3fd8cb65da,Uploaded in this connection; reused only within this case,"{'a': '10b4aca31d6163b0eed561f5ffa94f63ea996dc1a31e7b52c6e0535a294509d7', 'bt': 'a45735961d52b2f4c49bbd0781580d1a0b16671f3e54d27dc83a16ffcf34f8b4', 'c': 'bd73c6308287f37877cba8140a7b3b506738988b3024b7d9bc1ea6ef26cff3dc'}",PASS,0.4231679000076838,0.19201439997414127,0.5440660999738611,6519,800,285,527,4092,1246,0,124,8,32,2638998349,100000000,1023,10432,6340,0.816008800000418,0.032176600012462586,1.9752571999561042,6.519e-05,0.5335480901978831,0.041683444546709615
endurance,1,PASS,True,118,0,0,21014053,31,33,17,"{'m': 31, 'n': 33, 'k': 17, 'a_base': 64, 'bt_base': 2176, 'c_base': 4416, 'a_stride': 64, 'bt_stride': 64, 'c_stride': 192, 'mode': 0, 'watchdog': 10000000}",2026-10-04T17:29:26.155372+00:00,2026-10-04T17:29:28.168343+00:00,dcd8efc24de40afd1ade6cfb203b24ca47dc901a1418fb6e932454e5484567c1,83324df83b088db635ba4ce31a11a1a4127d801e334309bd90ae9b43fae98763,242511ddb839f4d80f3f73ab037b7a2ad5110d2adf671c2db0fc5bd4ad7fed91,23f19d46b7fce2d203a14f396b249e70dd50af4410e6268df25c4e3fd8cb65da,Uploaded in this connection; reused only within this case,"{'a': '10b4aca31d6163b0eed561f5ffa94f63ea996dc1a31e7b52c6e0535a294509d7', 'bt': 'a45735961d52b2f4c49bbd0781580d1a0b16671f3e54d27dc83a16ffcf34f8b4', 'c': 'bd73c6308287f37877cba8140a7b3b506738988b3024b7d9bc1ea6ef26cff3dc'}",PASS,0.4271415999974124,0.19200820004334673,0.5441347999731079,7353,800,285,527,4092,1912,0,124,8,32,2638998349,100000000,1023,10432,6340,0.8156464000348933,0.03199779998976737,1.9789310000487603,7.353e-05,0.473031415748674,0.036955579355365156
endurance,1,PASS,True,119,0,0,21024026,33,35,256,"{'m': 33, 'n': 35, 'k': 256, 'a_base': 64, 'bt_base': 8640, 'c_base': 17728, 'a_stride': 256, 'bt_stride': 256, 'c_stride': 192, 'mode': 0, 'watchdog': 10000000}",2026-10-04T17:29:29.498405+00:00,2026-10-04T17:29:32.504403+00:00,1bd5a7c20ae2d50a2dd8522e63e9cb9b315cc1c8a80923df9047c1ff294879bc,c81ffaecee055be1cc8be6ba1e58921f260d3392e2a5dd74ef08f8ffc1330e35,53d3cb781873f67204aa0ff6334a61b4a9aa3471856087483287dee4bf0c8bbe,be516fa78a013c3d901f9b47a02dd9a8e18038b505e120ddf0f84aa8cc2cbf92,Uploaded in this connection; reused only within this case,"{'a': '86f798dfae91ee340439a1dc0f93771e707789f61aeff828fa2055d918c6cfc7', 'bt': '24aec5cbe97d5d9288d8cd97d10e22419b79747010b4400c6a2f94235423f989', 'c': '24a9c98619a20b89bbd4710660aba8c6e84338a026f3337795c9b3f88eac2f71'}",PASS,0.4597082000109367,0.19185549998655915,0.5439331000088714,19775,6975,4352,594,4620,7665,0,134,8,32,2638998349,100000000,1155,24128,19508,1.776359900017269,0.03178520000074059,2.971856700023636,0.00019775,2.990442477876106,0.2336283185840708
endurance,1,PASS,True,120,1,0,21024026,33,35,256,"{'m': 33, 'n': 35, 'k': 256, 'a_base': 64, 'bt_base': 8640, 'c_base': 17728, 'a_stride': 256, 'bt_stride': 256, 'c_stride': 192, 'mode': 1, 'watchdog': 10000000}",2026-10-04T17:29:32.535906+00:00,2026-10-04T17:29:35.544133+00:00,1bd5a7c20ae2d50a2dd8522e63e9cb9b315cc1c8a80923df9047c1ff294879bc,c81ffaecee055be1cc8be6ba1e58921f260d3392e2a5dd74ef08f8ffc1330e35,53d3cb781873f67204aa0ff6334a61b4a9aa3471856087483287dee4bf0c8bbe,be516fa78a013c3d901f9b47a02dd9a8e18038b505e120ddf0f84aa8cc2cbf92,Uploaded in this connection; reused only within this case,"{'a': '86f798dfae91ee340439a1dc0f93771e707789f61aeff828fa2055d918c6cfc7', 'bt': '24aec5cbe97d5d9288d8cd97d10e22419b79747010b4400c6a2f94235423f989', 'c': '24a9c98619a20b89bbd4710660aba8c6e84338a026f3337795c9b3f88eac2f71'}",PASS,0.46279339998727664,0.19151209999108687,0.544002000009641,13321,6975,4352,594,4620,3497,0,134,8,32,2638998349,100000000,1155,24128,19508,1.7761234000208788,0.031830099993385375,2.9744309000088833,0.00013321,4.439306358381503,0.3468208092485549
endurance,1,PASS,True,121,1,0,21033999,65,63,255,"{'m': 65, 'n': 63, 'k': 255, 'a_base': 64, 'bt_base': 16832, 'c_base': 33088, 'a_stride': 256, 'bt_stride': 256, 'c_stride': 256, 'mode': 1, 'watchdog': 10000000}",2026-10-04T17:29:37.981408+00:00,2026-10-04T17:29:43.511965+00:00,4e0d96faab29ceadf29e300ff4f0e5deca10118afb2cf3e3c631c669b4d97565,5ebf60c3eccdd6b0af060682a68d63274cc7ac90787fd13ec56296c75d34f260,f0e48ed69a77d2524e8224285e01c9c63c783be8e528f6662d37652d301b66c4,b0393e2fe29b2a2fc75c1a3ed29980ea6df45b3e82fc6bed15392c8552809375,Uploaded in this connection; reused only within this case,"{'a': 'fa246ea03f9598b4efec17615ad8be292a3df09c53ed63d7f558ee1bf44912b4', 'bt': 'b832476379f0388e154f8ef94d4c7de1dba0a789f903a2d1668a841f09213460', 'c': '9f51a4ad909c81dff6162740c0f294ef6ccc4ea176ab830d48cdc02d98d451c2'}",PASS,1.1759198000072502,0.19213109998963773,0.5437305999803357,26490,20016,10208,2080,16380,3480,0,268,8,32,2638998349,100000000,4095,49792,33412,3.5839759000227787,0.03196549997664988,5.495757400000002,0.0002649,7.883918459796149,0.6159311296715742
endurance,1,PASS,True,122,0,0,21033999,65,63,255,"{'m': 65, 'n': 63, 'k': 255, 'a_base': 64, 'bt_base': 16832, 'c_base': 33088, 'a_stride': 256, 'bt_stride': 256, 'c_stride': 256, 'mode': 0, 'watchdog': 10000000}",2026-10-04T17:29:43.544277+00:00,2026-10-04T17:29:49.079587+00:00,4e0d96faab29ceadf29e300ff4f0e5deca10118afb2cf3e3c631c669b4d97565,5ebf60c3eccdd6b0af060682a68d63274cc7ac90787fd13ec56296c75d34f260,f0e48ed69a77d2524e8224285e01c9c63c783be8e528f6662d37652d301b66c4,b0393e2fe29b2a2fc75c1a3ed29980ea6df45b3e82fc6bed15392c8552809375,Uploaded in this connection; reused only within this case,"{'a': 'fa246ea03f9598b4efec17615ad8be292a3df09c53ed63d7f558ee1bf44912b4', 'bt': 'b832476379f0388e154f8ef94d4c7de1dba0a789f903a2d1668a841f09213460', 'c': '9f51a4ad909c81dff6162740c0f294ef6ccc4ea176ab830d48cdc02d98d451c2'}",PASS,1.182230599981267,0.19187739997869357,0.5439501000219025,52360,20016,10208,2080,16380,17494,0,268,8,32,2638998349,100000000,4095,49792,33412,3.584021600021515,0.031744199979584664,5.502079700003378,0.0005236,3.9886363636363633,0.3116122159090909
endurance,1,PASS,True,123,0,0,21043972,1,64,256,"{'m': 1, 'n': 64, 'k': 256, 'a_base': 64, 'bt_base': 448, 'c_base': 16960, 'a_stride': 256, 'bt_stride': 256, 'c_stride': 256, 'mode': 0, 'watchdog': 10000000}",2026-10-04T17:29:50.362263+00:00,2026-10-04T17:29:52.487580+00:00,3581435a69731a7592746bd854c1732c4271409ea719f3dcb0c3ffeb1d946ab0,95b88071ff3d4bd504e2c04d46a32f9ab1ab4ce4b55884ea0b226c45be98c5c1,5c02cf8f976477c4038a969db996057f2688086e220f3a7b5662932846c34ddb,daa72eb706f0c3da8588c2fd684d35c359d8b6b49855044f839cdf7062be42ae,Uploaded in this connection; reused only within this case,"{'a': '05582fb82f9b1d8a1b3e47cdc591844c53d0ec2b68845ce8856aa5554e89c07f', 'bt': 'd727167feb627e40d0778ab30a9af4c7139edcb48bae618db2b25c1725378366', 'c': 'dee6b4a83dc847a75bb7562c7c6447c795cd1f93b6d80f0d310f1a7be01a7d83'}",PASS,0.04319509997731075,0.1920103000011295,0.5438923999899998,6278,2232,2112,32,256,3768,0,4,8,32,2638998349,100000000,64,17280,17024,1.3120430000126362,0.03201010002521798,2.0911407999810763,6.278e-05,0.5219496654985665,0.0407773176170755
endurance,1,PASS,True,124,1,0,21043972,1,64,256,"{'m': 1, 'n': 64, 'k': 256, 'a_base': 64, 'bt_base': 448, 'c_base': 16960, 'a_stride': 256, 'bt_stride': 256, 'c_stride': 256, 'mode': 1, 'watchdog': 10000000}",2026-10-04T17:29:52.518665+00:00,2026-10-04T17:29:54.647571+00:00,3581435a69731a7592746bd854c1732c4271409ea719f3dcb0c3ffeb1d946ab0,95b88071ff3d4bd504e2c04d46a32f9ab1ab4ce4b55884ea0b226c45be98c5c1,5c02cf8f976477c4038a969db996057f2688086e220f3a7b5662932846c34ddb,daa72eb706f0c3da8588c2fd684d35c359d8b6b49855044f839cdf7062be42ae,Uploaded in this connection; reused only within this case,"{'a': '05582fb82f9b1d8a1b3e47cdc591844c53d0ec2b68845ce8856aa5554e89c07f', 'bt': 'd727167feb627e40d0778ab30a9af4c7139edcb48bae618db2b25c1725378366', 'c': 'dee6b4a83dc847a75bb7562c7c6447c795cd1f93b6d80f0d310f1a7be01a7d83'}",PASS,0.047200099972542375,0.1917760000214912,0.5439785000053234,5012,2232,2112,32,256,2624,0,4,8,32,2638998349,100000000,64,17280,17024,1.3121527999755926,0.03175780002493411,2.0951073999749497,5.012e-05,0.6537909018355945,0.05107741420590583
endurance,1,PASS,True,125,1,0,21053945,64,1,256,"{'m': 64, 'n': 1, 'k': 256, 'a_base': 64, 'bt_base': 16576, 'c_base': 16960, 'a_stride': 256, 'bt_stride': 256, 'c_stride': 64, 'mode': 1, 'watchdog': 10000000}",2026-10-04T17:29:55.930317+00:00,2026-10-04T17:29:58.567384+00:00,c6a67f8a7723bdc6d960f6518f742cc8b6c95d294068b9fe87599d88327437b8,17919b16c2d1ea7f64ebecc5eb1b8c039f92a1f1e9abf844ac0bbfe5304c3bb7,dd54655c97c2f00653a49b5dd8e0c3915387fc360897abc070052c56ac01a399,2a92655f5afa7bfc56752a92707d25b65a69ac554a6acae909c95e4a3f7945d5,Uploaded in this connection; reused only within this case,"{'a': 'fe3106fc78f05ba884358bd8403a0e862cea80058d389498532786dc4766b5d3', 'bt': '65e78d2a943d235db1a75e9d68faafd4bc7511ab31b8c5ac1891e95b45fe63b2', 'c': 'b50f35a8b69857294fcd895ab8423d51451cfcf4d409240fa8c3efd11a72909c'}",PASS,0.29975810000905767,0.19196490000467747,0.5441018000128679,6035,2232,2112,64,256,2610,0,128,8,32,2638998349,100000000,64,21120,20864,1.5678745999466628,0.032019600039348006,2.603699399973266,6.035e-05,0.5429660314830158,0.04241922120961061
endurance,1,PASS,True,126,0,0,21053945,64,1,256,"{'m': 64, 'n': 1, 'k': 256, 'a_base': 64, 'bt_base': 16576, 'c_base': 16960, 'a_stride': 256, 'bt_stride': 256, 'c_stride': 64, 'mode': 0, 'watchdog': 10000000}",2026-10-04T17:29:58.592956+00:00,2026-10-04T17:30:01.223151+00:00,c6a67f8a7723bdc6d960f6518f742cc8b6c95d294068b9fe87599d88327437b8,17919b16c2d1ea7f64ebecc5eb1b8c039f92a1f1e9abf844ac0bbfe5304c3bb7,dd54655c97c2f00653a49b5dd8e0c3915387fc360897abc070052c56ac01a399,2a92655f5afa7bfc56752a92707d25b65a69ac554a6acae909c95e4a3f7945d5,Uploaded in this connection; reused only within this case,"{'a': 'fe3106fc78f05ba884358bd8403a0e862cea80058d389498532786dc4766b5d3', 'bt': '65e78d2a943d235db1a75e9d68faafd4bc7511ab31b8c5ac1891e95b45fe63b2', 'c': 'b50f35a8b69857294fcd895ab8423d51451cfcf4d409240fa8c3efd11a72909c'}",PASS,0.29246789996977895,0.1916444000089541,0.5438312999904156,8342,2232,2112,64,256,3760,0,128,8,32,2638998349,100000000,64,21120,20864,1.5678948999848217,0.0319450999959372,2.5958384999539703,8.342e-05,0.3928074802205706,0.030688084392232078
endurance,1,PASS,True,127,0,0,21063918,32,32,256,"{'m': 32, 'n': 32, 'k': 256, 'a_base': 64, 'bt_base': 8384, 'c_base': 16704, 'a_stride': 256, 'bt_stride': 256, 'c_stride': 128, 'mode': 0, 'watchdog': 10000000}",2026-10-04T17:30:02.491423+00:00,2026-10-04T17:30:05.111033+00:00,6aafcaa367b769fd07ffcded1b88ccbfa1ae36e4097a6650bda0e989a22138e6,1ca2c1dc2c953e645b7b2d94c3715971f2f467b0d2f5a63a21cf1e7ec95eae19,fd52933018d23e466bd3492e3da101439bc089393cc91f922a3d3fb4580f7525,928e867f9d21264392124e8b8735450135b5ddd9d29ee77b90f36bbece257cd3,Uploaded in this connection; reused only within this case,"{'a': 'f3a0dc7333e7686c670c705d42666e098e881f3479f2389e8538e585f4204dec', 'bt': '96228e0eacfe0aae18c7e2c55832ac2d13b4105caaea7a8a0b7a9a4ae6efe7ac', 'c': '4c79bb65323e051caa2ea5d80611ee15a84c8834f9413ae8223a3e5ceb319a2a'}",PASS,0.2983673000126146,0.19184630003292114,0.5440065999864601,11569,4464,2048,512,4096,3471,0,66,8,32,2638998349,100000000,1024,20864,16768,1.551964099984616,0.031927899981383234,2.586184300016612,0.00011569,4.531835076497536,0.35404961535137003
endurance,1,PASS,True,128,1,0,21063918,32,32,256,"{'m': 32, 'n': 32, 'k': 256, 'a_base': 64, 'bt_base': 8384, 'c_base': 16704, 'a_stride': 256, 'bt_stride': 256, 'c_stride': 128, 'mode': 1, 'watchdog': 10000000}",2026-10-04T17:30:05.133183+00:00,2026-10-04T17:30:07.750991+00:00,6aafcaa367b769fd07ffcded1b88ccbfa1ae36e4097a6650bda0e989a22138e6,1ca2c1dc2c953e645b7b2d94c3715971f2f467b0d2f5a63a21cf1e7ec95eae19,fd52933018d23e466bd3492e3da101439bc089393cc91f922a3d3fb4580f7525,928e867f9d21264392124e8b8735450135b5ddd9d29ee77b90f36bbece257cd3,Uploaded in this connection; reused only within this case,"{'a': 'f3a0dc7333e7686c670c705d42666e098e881f3479f2389e8538e585f4204dec', 'bt': '96228e0eacfe0aae18c7e2c55832ac2d13b4105caaea7a8a0b7a9a4ae6efe7ac', 'c': '4c79bb65323e051caa2ea5d80611ee15a84c8834f9413ae8223a3e5ceb319a2a'}",PASS,0.29514619999099523,0.1920848999870941,0.5439552000025287,11569,4464,2048,512,4096,3472,0,66,8,32,2638998349,100000000,1024,20864,16768,1.5519590000039898,0.03198520001024008,2.583145299984608,0.00011569,4.531835076497536,0.35404961535137003
endurance,1,PASS,True,129,0,0,21098836,1,1,1,"{'m': 1, 'n': 1, 'k': 1, 'a_base': 64, 'bt_base': 256, 'c_base': 448, 'a_stride': 64, 'bt_stride': 64, 'c_stride': 64, 'mode': 0, 'watchdog': 10000000}",2026-10-04T17:30:07.883629+00:00,2026-10-04T17:30:08.807112+00:00,d3bb0d59e354ea843e790801303a46e880219996c6850ddd4c85a83e08c41d92,1f18d650d205d71d934c3646ff5fac1c096ba52eba4cf758b865364f4167d3cd,e0754357a4477686d47490bd6e1e653942fc58179000d8c7a8d706a58af288cc,79b9dc722e51a6997fffaf726be92e318eca218a8bbd31ed6f7ebd4dfe9392a4,Uploaded in this connection; reused only within this case,"{'a': 'dc99cda15cdd69aeb0a0136bf654b1033055e2c30edcd6307d8b116a497ee000', 'bt': '09c9bb4eb12337d0b6c7757f03f6bc5828dddf5e785e0c86e845eb73fd6443e4', 'c': '16876dca6fd882653cc7d15e79a18dc87bb03d383d5c03e1fda8c07db8262bc1'}",PASS,0.024630500003695488,0.19218749995343387,0.5438263000105508,216,24,2,1,4,147,0,2,8,32,2638998349,100000000,1,576,572,0.12788970000110567,0.03218520001973957,0.8885339999687858,2.16e-06,0.000925925925925926,7.233796296296296e-05
endurance,1,PASS,True,130,1,0,21098836,1,1,1,"{'m': 1, 'n': 1, 'k': 1, 'a_base': 64, 'bt_base': 256, 'c_base': 448, 'a_stride': 64, 'bt_stride': 64, 'c_stride': 64, 'mode': 1, 'watchdog': 10000000}",2026-10-04T17:30:08.834389+00:00,2026-10-04T17:30:09.750908+00:00,d3bb0d59e354ea843e790801303a46e880219996c6850ddd4c85a83e08c41d92,1f18d650d205d71d934c3646ff5fac1c096ba52eba4cf758b865364f4167d3cd,e0754357a4477686d47490bd6e1e653942fc58179000d8c7a8d706a58af288cc,79b9dc722e51a6997fffaf726be92e318eca218a8bbd31ed6f7ebd4dfe9392a4,Uploaded in this connection; reused only within this case,"{'a': 'dc99cda15cdd69aeb0a0136bf654b1033055e2c30edcd6307d8b116a497ee000', 'bt': '09c9bb4eb12337d0b6c7757f03f6bc5828dddf5e785e0c86e845eb73fd6443e4', 'c': '16876dca6fd882653cc7d15e79a18dc87bb03d383d5c03e1fda8c07db8262bc1'}",PASS,0.01975440001115203,0.1919130000169389,0.5439217999810353,218,24,2,1,4,149,0,2,8,32,2638998349,100000000,1,576,572,0.12793000001693144,0.03198510000947863,0.8835192000260577,2.18e-06,0.0009174311926605505,7.167431192660551e-05
endurance,1,PASS,True,131,1,0,21108809,5,3,9,"{'m': 5, 'n': 3, 'k': 9, 'a_base': 64, 'bt_base': 512, 'c_base': 832, 'a_stride': 64, 'bt_stride': 64, 'c_stride': 64, 'mode': 1, 'watchdog': 10000000}",2026-10-04T17:30:09.882030+00:00,2026-10-04T17:30:10.871130+00:00,2994d04ddb01c0e1f0e2de703f0362dc62e4eb3973691663e246cc63fe4edebe,ddc3237c68e1cdf2d4ae007fe2e9eaab72e29843655c95cfed107a46ff3b7fb1,562dbfb9c10d02f97b2973247586d6ce740b0305b823b4172db18f3b879834d0,b938ca2340011db9d90f533806e83c5a9f6b72ae7dc815cff1be80794e71f1d8,Uploaded in this connection; reused only within this case,"{'a': '109ce89d1c33c97cac8d13e375e6d59c639f91dcf0924b0e461dfbb9874aafb6', 'bt': 'b755677ace777ee76f5ca50b5ea41a2226f35d8a852aeba7273029860c0af0db', 'c': 'a35275dcf56db9db355f0481937027b23b323896d376ec643c53974c8d273122'}",PASS,0.04286460002185777,0.19227569998474792,0.543919800024014,489,32,16,10,60,246,0,10,8,32,2638998349,100000000,15,1216,1156,0.1759658000082709,0.03214229998411611,0.9550259000388905,4.89e-06,0.05521472392638037,0.0043136503067484665
endurance,1,PASS,True,132,0,0,21108809,5,3,9,"{'m': 5, 'n': 3, 'k': 9, 'a_base': 64, 'bt_base': 512, 'c_base': 832, 'a_stride': 64, 'bt_stride': 64, 'c_stride': 64, 'mode': 0, 'watchdog': 10000000}",2026-10-04T17:30:10.902642+00:00,2026-10-04T17:30:11.895150+00:00,2994d04ddb01c0e1f0e2de703f0362dc62e4eb3973691663e246cc63fe4edebe,ddc3237c68e1cdf2d4ae007fe2e9eaab72e29843655c95cfed107a46ff3b7fb1,562dbfb9c10d02f97b2973247586d6ce740b0305b823b4172db18f3b879834d0,b938ca2340011db9d90f533806e83c5a9f6b72ae7dc815cff1be80794e71f1d8,Uploaded in this connection; reused only within this case,"{'a': '109ce89d1c33c97cac8d13e375e6d59c639f91dcf0924b0e461dfbb9874aafb6', 'bt': 'b755677ace777ee76f5ca50b5ea41a2226f35d8a852aeba7273029860c0af0db', 'c': 'a35275dcf56db9db355f0481937027b23b323896d376ec643c53974c8d273122'}",PASS,0.04586730001028627,0.19221359997754917,0.5439843999920413,481,32,16,10,60,236,0,10,8,32,2638998349,100000000,15,1216,1156,0.1758350000018254,0.03223090001847595,0.9579002999817021,4.81e-06,0.056133056133056136,0.004385395010395011
endurance,1,PASS,True,133,0,0,21118782,31,33,17,"{'m': 31, 'n': 33, 'k': 17, 'a_base': 64, 'bt_base': 2176, 'c_base': 4416, 'a_stride': 64, 'bt_stride': 64, 'c_stride': 192, 'mode': 0, 'watchdog': 10000000}",2026-10-04T17:30:12.299409+00:00,2026-10-04T17:30:14.310864+00:00,f96934cf621746cb2fd0a371315bd37171b15bda9d41a30e0324d05ae82e55d6,3aa581592b3a3656392f3e2665cf8d9e46562448fa82c6c41b73478a052f2de7,c19cb2c9a2518d49397aa0e9f09c1166a3fc34ff2347baf069ead0eae1ecfd1e,5d22e229a60260be75f4b36343dd8d97b6af4906c809deb86031f1450446bcff,Uploaded in this connection; reused only within this case,"{'a': '69f1aea9ae9a55eb09e6e0d1d9b5e5f57e9d666633197a9c5ca565a0568f673a', 'bt': '6c380d6b9844f27d5f019877c94332c46d699eb157bf82fc7c438be8ce40df89', 'c': '93da3d451bf26694769bcfa3ea06f59000d74088587a9d9768aa24b1c4fac80e'}",PASS,0.4259007000364363,0.19186009996337816,0.5443437000503764,7356,800,285,527,4092,1935,0,124,8,32,2638998349,100000000,1023,10432,6340,0.815758399956394,0.03194340004120022,1.9778629000065848,7.356e-05,0.47283849918433934,0.03694050774877651
endurance,1,PASS,True,134,1,0,21118782,31,33,17,"{'m': 31, 'n': 33, 'k': 17, 'a_base': 64, 'bt_base': 2176, 'c_base': 4416, 'a_stride': 64, 'bt_stride': 64, 'c_stride': 192, 'mode': 1, 'watchdog': 10000000}",2026-10-04T17:30:14.337280+00:00,2026-10-04T17:30:16.342660+00:00,f96934cf621746cb2fd0a371315bd37171b15bda9d41a30e0324d05ae82e55d6,3aa581592b3a3656392f3e2665cf8d9e46562448fa82c6c41b73478a052f2de7,c19cb2c9a2518d49397aa0e9f09c1166a3fc34ff2347baf069ead0eae1ecfd1e,5d22e229a60260be75f4b36343dd8d97b6af4906c809deb86031f1450446bcff,Uploaded in this connection; reused only within this case,"{'a': '69f1aea9ae9a55eb09e6e0d1d9b5e5f57e9d666633197a9c5ca565a0568f673a', 'bt': '6c380d6b9844f27d5f019877c94332c46d699eb157bf82fc7c438be8ce40df89', 'c': '93da3d451bf26694769bcfa3ea06f59000d74088587a9d9768aa24b1c4fac80e'}",PASS,0.4196904000127688,0.19201990001602098,0.5442303000018001,6475,800,285,527,4092,1227,0,124,8,32,2638998349,100000000,1023,10432,6340,0.8156256999936886,0.03203249996295199,1.9715663000242785,6.475e-05,0.5371737451737452,0.04196669884169884
endurance,1,PASS,True,135,1,0,21128755,33,35,256,"{'m': 33, 'n': 35, 'k': 256, 'a_base': 64, 'bt_base': 8640, 'c_base': 17728, 'a_stride': 256, 'bt_stride': 256, 'c_stride': 192, 'mode': 1, 'watchdog': 10000000}",2026-10-04T17:30:17.674321+00:00,2026-10-04T17:30:20.678616+00:00,bba6c540f599606be3ecb7ca5f0308ffb1be20cb00e9d7de0af6efb3b7b73e30,cd88281807099aca2be1b60f946f25c1ce942311c8d654344152098a9cdadab0,2202155d84197989e56471b3622d701cb96f2d9393c6ad101fcc54d16fe12fae,a7c165abb60c3a57b4905cdb17eb7e5e695ab414e81c49e9e98ae21706d75b53,Uploaded in this connection; reused only within this case,"{'a': '02ea29e4bda61b0510f6ce7eb86e2feec8170b5ecdf8403fec2d77d5a3b18349', 'bt': '372d2e2b725b1eb83dad78f3e3acd91e9bbfa87608532f7ac24ea1e218d94032', 'c': '0707a76cc338def2558f5c2f5d493a043749e9b265ee09a9edffecab7e67cefa'}",PASS,0.4581156999920495,0.19190730003174394,0.5440629000077024,13286,6975,4352,594,4620,3478,0,134,8,32,2638998349,100000000,1155,24128,19508,1.775917799968738,0.032061200006864965,2.970003700000234,0.00013286,4.45100105374078,0.34773445732349845
endurance,1,PASS,True,136,0,0,21128755,33,35,256,"{'m': 33, 'n': 35, 'k': 256, 'a_base': 64, 'bt_base': 8640, 'c_base': 17728, 'a_stride': 256, 'bt_stride': 256, 'c_stride': 192, 'mode': 0, 'watchdog': 10000000}",2026-10-04T17:30:20.712137+00:00,2026-10-04T17:30:23.718528+00:00,bba6c540f599606be3ecb7ca5f0308ffb1be20cb00e9d7de0af6efb3b7b73e30,cd88281807099aca2be1b60f946f25c1ce942311c8d654344152098a9cdadab0,2202155d84197989e56471b3622d701cb96f2d9393c6ad101fcc54d16fe12fae,a7c165abb60c3a57b4905cdb17eb7e5e695ab414e81c49e9e98ae21706d75b53,Uploaded in this connection; reused only within this case,"{'a': '02ea29e4bda61b0510f6ce7eb86e2feec8170b5ecdf8403fec2d77d5a3b18349', 'bt': '372d2e2b725b1eb83dad78f3e3acd91e9bbfa87608532f7ac24ea1e218d94032', 'c': '0707a76cc338def2558f5c2f5d493a043749e9b265ee09a9edffecab7e67cefa'}",PASS,0.4603610999765806,0.19204330001957715,0.543865800020285,19804,6975,4352,594,4620,7691,0,134,8,32,2638998349,100000000,1155,24128,19508,1.7759818999911658,0.03204680001363158,2.9722521000076085,0.00019804,2.986063421531004,0.23328620480710968
endurance,1,PASS,True,137,0,0,21138728,65,63,255,"{'m': 65, 'n': 63, 'k': 255, 'a_base': 64, 'bt_base': 16832, 'c_base': 33088, 'a_stride': 256, 'bt_stride': 256, 'c_stride': 256, 'mode': 0, 'watchdog': 10000000}",2026-10-04T17:30:26.155480+00:00,2026-10-04T17:30:31.686088+00:00,7f1ce489e58e3bd800eba9d473228bff60b9277f6b2e309c2efcf4cad79f8b3d,d28a9d1ac922886de29db2a3094574bac079ca4ff5b9b2e0391e7beeefb7813a,0c78d171f3cb9aab3466dcb4171cfcf05583dc4e7c4c6ddd6a5ff9319b6ab192,11f0000ec5ad81d290931cb4c22b403612cd2295485ee18c1b8e1187f0f84f5b,Uploaded in this connection; reused only within this case,"{'a': 'ec8e82b2968167274549d61fbccaba2a49ad23cdc7c635f14aba2ec443374379', 'bt': '064a749885ac05093965fb364b152b8822e9bd265cf411dacbd7e3329a00a9ed', 'c': 'd5e4c4aa6f95ef32a5a9113a847321039c9a54cb5be9f1cfb5386be5ecb31a58'}",PASS,1.1767400999669917,0.19203460001153871,0.5439422000199556,52436,20016,10208,2080,16380,17552,0,268,8,32,2638998349,100000000,4095,49792,33412,3.5840691999765113,0.03178820002358407,5.496786099974997,0.00052436,3.9828552902586014,0.3111605695514532
endurance,1,PASS,True,138,1,0,21138728,65,63,255,"{'m': 65, 'n': 63, 'k': 255, 'a_base': 64, 'bt_base': 16832, 'c_base': 33088, 'a_stride': 256, 'bt_stride': 256, 'c_stride': 256, 'mode': 1, 'watchdog': 10000000}",2026-10-04T17:30:31.718087+00:00,2026-10-04T17:30:37.253989+00:00,7f1ce489e58e3bd800eba9d473228bff60b9277f6b2e309c2efcf4cad79f8b3d,d28a9d1ac922886de29db2a3094574bac079ca4ff5b9b2e0391e7beeefb7813a,0c78d171f3cb9aab3466dcb4171cfcf05583dc4e7c4c6ddd6a5ff9319b6ab192,11f0000ec5ad81d290931cb4c22b403612cd2295485ee18c1b8e1187f0f84f5b,Uploaded in this connection; reused only within this case,"{'a': 'ec8e82b2968167274549d61fbccaba2a49ad23cdc7c635f14aba2ec443374379', 'bt': '064a749885ac05093965fb364b152b8822e9bd265cf411dacbd7e3329a00a9ed', 'c': 'd5e4c4aa6f95ef32a5a9113a847321039c9a54cb5be9f1cfb5386be5ecb31a58'}",PASS,1.181756999983918,0.19197789998725057,0.5440251000109129,26461,20016,10208,2080,16380,3488,0,268,8,32,2638998349,100000000,4095,49792,33412,3.5839747000136413,0.03184700000565499,5.501734699995723,0.00026461,7.892558860209365,0.6166061609538567
endurance,1,PASS,True,139,1,0,21148701,1,64,256,"{'m': 1, 'n': 64, 'k': 256, 'a_base': 64, 'bt_base': 448, 'c_base': 16960, 'a_stride': 256, 'bt_stride': 256, 'c_stride': 256, 'mode': 1, 'watchdog': 10000000}",2026-10-04T17:30:38.553054+00:00,2026-10-04T17:30:40.677833+00:00,cd99dd390880dfc72a7a023dfa2790a24c9b0e3330a1ace55c3935aeac2ddc6c,ea87613b388bdf3b07777d57a4a5ddcf71a904482072477da5fe0c47479d6f58,8347e1ae7c1d47db5b33755ce18d9dd13603f2aecccfe726e208fc5301d7e8f8,25419da98cc6bd5f0108ef993fdf4321abbb0efae4a49d9420a2c9c13f35578d,Uploaded in this connection; reused only within this case,"{'a': 'ec52482e94d7c587d07ee1f79c66be7c7f6534e17c4cd4f1b5344713eabe7ce0', 'bt': '3e568a6a0427780ca6d6a444fb616bbbfda908716f77aca4ae163c02a5faaf7b', 'c': '3123181544a48a3d39dc0c4105b7b6e612a175b98b3430e9d9a438dc8a4d79f6'}",PASS,0.043150999990757555,0.19211910001467913,0.5437910999753512,5014,2232,2112,32,256,2631,0,4,8,32,2638998349,100000000,64,17280,17024,1.3120870999991894,0.03192440001294017,2.0911482999799773,5.014e-05,0.653530115676107,0.05105704028719585
endurance,1,PASS,True,140,0,0,21148701,1,64,256,"{'m': 1, 'n': 64, 'k': 256, 'a_base': 64, 'bt_base': 448, 'c_base': 16960, 'a_stride': 256, 'bt_stride': 256, 'c_stride': 256, 'mode': 0, 'watchdog': 10000000}",2026-10-04T17:30:40.712999+00:00,2026-10-04T17:30:42.837736+00:00,cd99dd390880dfc72a7a023dfa2790a24c9b0e3330a1ace55c3935aeac2ddc6c,ea87613b388bdf3b07777d57a4a5ddcf71a904482072477da5fe0c47479d6f58,8347e1ae7c1d47db5b33755ce18d9dd13603f2aecccfe726e208fc5301d7e8f8,25419da98cc6bd5f0108ef993fdf4321abbb0efae4a49d9420a2c9c13f35578d,Uploaded in this connection; reused only within this case,"{'a': 'ec52482e94d7c587d07ee1f79c66be7c7f6534e17c4cd4f1b5344713eabe7ce0', 'bt': '3e568a6a0427780ca6d6a444fb616bbbfda908716f77aca4ae163c02a5faaf7b', 'c': '3123181544a48a3d39dc0c4105b7b6e612a175b98b3430e9d9a438dc8a4d79f6'}",PASS,0.042773300025146455,0.1920786999980919,0.543874999973923,6222,2232,2112,32,256,3714,0,4,8,32,2638998349,100000000,64,17280,17024,1.3120145000284538,0.0319082000060007,2.090741500025615,6.222e-05,0.5266473802635808,0.04114432658309225
endurance,1,PASS,True,141,0,0,21158674,64,1,256,"{'m': 64, 'n': 1, 'k': 256, 'a_base': 64, 'bt_base': 16576, 'c_base': 16960, 'a_stride': 256, 'bt_stride': 256, 'c_stride': 64, 'mode': 0, 'watchdog': 10000000}",2026-10-04T17:30:44.136223+00:00,2026-10-04T17:30:46.773773+00:00,785972b7d77924a86033422f270cfd638443e44dc7bda96a187da310b2bfa057,ccdc993438806cba0714dab34e9992402e8e3fa317fe3b80a306d0d8d4bd2cf8,390a5682bce5654923bb3e997e1c0118258beb6083f5e886bb761ffc7ef7ff9c,5d9bd0fb4ae19f4cf686d853a70bb8d9642d8d841fd45465cce20ac898a4aacd,Uploaded in this connection; reused only within this case,"{'a': '9b96ad6368462ed8907d0fd1dfa6b2b8a8be0f8a039f87ccde0fa118b05c9156', 'bt': '02064bed447fca83dd462a1ab0fdea705d6f87fb9ed53b48320e95412d2a8aa7', 'c': '1ec4881be34b379ef183fc45f9c257efecaf01b004e2cd09cf36b557688e6005'}",PASS,0.3002098999568261,0.19190430000890046,0.5439604999846779,8272,2232,2112,64,256,3683,0,128,8,32,2638998349,100000000,64,21120,20864,1.5680876000551507,0.0319815999828279,2.604162300005555,8.272e-05,0.39613152804642165,0.030947775628626693
endurance,1,PASS,True,142,1,0,21158674,64,1,256,"{'m': 64, 'n': 1, 'k': 256, 'a_base': 64, 'bt_base': 16576, 'c_base': 16960, 'a_stride': 256, 'bt_stride': 256, 'c_stride': 64, 'mode': 1, 'watchdog': 10000000}",2026-10-04T17:30:46.805734+00:00,2026-10-04T17:30:49.445579+00:00,785972b7d77924a86033422f270cfd638443e44dc7bda96a187da310b2bfa057,ccdc993438806cba0714dab34e9992402e8e3fa317fe3b80a306d0d8d4bd2cf8,390a5682bce5654923bb3e997e1c0118258beb6083f5e886bb761ffc7ef7ff9c,5d9bd0fb4ae19f4cf686d853a70bb8d9642d8d841fd45465cce20ac898a4aacd,Uploaded in this connection; reused only within this case,"{'a': '9b96ad6368462ed8907d0fd1dfa6b2b8a8be0f8a039f87ccde0fa118b05c9156', 'bt': '02064bed447fca83dd462a1ab0fdea705d6f87fb9ed53b48320e95412d2a8aa7', 'c': '1ec4881be34b379ef183fc45f9c257efecaf01b004e2cd09cf36b557688e6005'}",PASS,0.3028143999981694,0.191845600027591,0.5443024000269361,6001,2232,2112,64,256,2574,0,128,8,32,2638998349,100000000,64,21120,20864,1.5677675999468192,0.031987000023946166,2.6067299999995157,6.001e-05,0.5460423262789535,0.042659556740543246
endurance,1,PASS,True,143,1,0,21168647,32,32,256,"{'m': 32, 'n': 32, 'k': 256, 'a_base': 64, 'bt_base': 8384, 'c_base': 16704, 'a_stride': 256, 'bt_stride': 256, 'c_stride': 128, 'mode': 1, 'watchdog': 10000000}",2026-10-04T17:30:50.711380+00:00,2026-10-04T17:30:53.333462+00:00,f57ea5f88875dcc0d0c070f2a78ec9c9edba35e7bb2ab37c102dadeaa753bf20,49a26c4fcddf731e57c1fd181332eee8e3bf44e57adbac4e72c469c067d6ae42,a65e42f60b76f12c9f6496f8a0fa681b3c985307a9732be95fc28593c240d392,fbc639071f1d41433ebc11e0e5e9ada338f09f269ba937a8270bcf66d47ad8b6,Uploaded in this connection; reused only within this case,"{'a': 'dab8ef4546b6215c96373de5af5b69ba4a8f66bc1ea8cf3b5a87b88837502f9c', 'bt': 'd3b60686377712dcabeecfd51fab736622e283f0d1b7af146867949845665e2c', 'c': 'fc3ca156b427a22ecc52d4c03d8d7ab56814bb066348176e4868edf13ada4dfb'}",PASS,0.3010299000306986,0.19177019997732714,0.544051099976059,11553,4464,2048,512,4096,3468,0,66,8,32,2638998349,100000000,1024,20864,16768,1.551978500036057,0.031967599992640316,2.588829700020142,0.00011553,4.538111313078853,0.3545399463342855
endurance,1,PASS,True,144,0,0,21168647,32,32,256,"{'m': 32, 'n': 32, 'k': 256, 'a_base': 64, 'bt_base': 8384, 'c_base': 16704, 'a_stride': 256, 'bt_stride': 256, 'c_stride': 128, 'mode': 0, 'watchdog': 10000000}",2026-10-04T17:30:53.365944+00:00,2026-10-04T17:30:55.989322+00:00,f57ea5f88875dcc0d0c070f2a78ec9c9edba35e7bb2ab37c102dadeaa753bf20,49a26c4fcddf731e57c1fd181332eee8e3bf44e57adbac4e72c469c067d6ae42,a65e42f60b76f12c9f6496f8a0fa681b3c985307a9732be95fc28593c240d392,fbc639071f1d41433ebc11e0e5e9ada338f09f269ba937a8270bcf66d47ad8b6,Uploaded in this connection; reused only within this case,"{'a': 'dab8ef4546b6215c96373de5af5b69ba4a8f66bc1ea8cf3b5a87b88837502f9c', 'bt': 'd3b60686377712dcabeecfd51fab736622e283f0d1b7af146867949845665e2c', 'c': 'fc3ca156b427a22ecc52d4c03d8d7ab56814bb066348176e4868edf13ada4dfb'}",PASS,0.3011590000241995,0.19237529998645186,0.5437978000263683,11560,4464,2048,512,4096,3449,0,66,8,32,2638998349,100000000,1024,20864,16768,1.5518507999950089,0.0320069000008516,2.5891829000320286,0.0001156,4.5353633217993075,0.3543252595155709
endurance,1,PASS,True,145,1,0,21203565,1,1,1,"{'m': 1, 'n': 1, 'k': 1, 'a_base': 64, 'bt_base': 256, 'c_base': 448, 'a_stride': 64, 'bt_stride': 64, 'c_stride': 64, 'mode': 1, 'watchdog': 10000000}",2026-10-04T17:30:56.119404+00:00,2026-10-04T17:30:57.045323+00:00,3ebe1b59762a1c8020c1efe3747dd07f0e30617ed60b4e6a5bee16b6ea421dd0,aa7225e7d5b0a2552bbb58880b3ec00c286995b801a7aeb69281e76a8b4908de,66cde57d4789dc55d07f01cb1ede9db9258c18cb2efc111beb171f79f8c2b483,9c5adeed05d1b0d24fdd1c0a134de87e0675143abcc77742d1e17a315d92a392,Uploaded in this connection; reused only within this case,"{'a': 'ee50182a603e911c711a3dd62ee117fe8e4e525a8012d46d3ec1684871625a0e', 'bt': '711f672e0d9819de60045ac5faea5e296414d8575d0ef6ca498b06001525a1a5', 'c': '37a07deec8d16426b7d5f070b3a09cee2e081fdc3745a06ebfbf1e63d6d17f21'}",PASS,0.027809199993498623,0.1917873999918811,0.5441771000041626,221,24,2,1,4,152,0,2,8,32,2638998349,100000000,1,576,572,0.12788139999611303,0.03203619999112561,0.8916550999856554,2.21e-06,0.0009049773755656108,7.070135746606335e-05
endurance,1,PASS,True,146,0,0,21203565,1,1,1,"{'m': 1, 'n': 1, 'k': 1, 'a_base': 64, 'bt_base': 256, 'c_base': 448, 'a_stride': 64, 'bt_stride': 64, 'c_stride': 64, 'mode': 0, 'watchdog': 10000000}",2026-10-04T17:30:57.082138+00:00,2026-10-04T17:30:58.168236+00:00,3ebe1b59762a1c8020c1efe3747dd07f0e30617ed60b4e6a5bee16b6ea421dd0,aa7225e7d5b0a2552bbb58880b3ec00c286995b801a7aeb69281e76a8b4908de,66cde57d4789dc55d07f01cb1ede9db9258c18cb2efc111beb171f79f8c2b483,9c5adeed05d1b0d24fdd1c0a134de87e0675143abcc77742d1e17a315d92a392,Uploaded in this connection; reused only within this case,"{'a': 'ee50182a603e911c711a3dd62ee117fe8e4e525a8012d46d3ec1684871625a0e', 'bt': '711f672e0d9819de60045ac5faea5e296414d8575d0ef6ca498b06001525a1a5', 'c': '37a07deec8d16426b7d5f070b3a09cee2e081fdc3745a06ebfbf1e63d6d17f21'}",PASS,0.024927600054070354,0.19189609994646162,0.7069746000343002,219,24,2,1,4,150,0,2,8,32,2638998349,100000000,1,576,572,0.1280074999667704,0.03204020002158359,1.0518058000016026,2.19e-06,0.0009132420091324201,7.134703196347032e-05
endurance,1,PASS,True,147,0,0,21213538,5,3,9,"{'m': 5, 'n': 3, 'k': 9, 'a_base': 64, 'bt_base': 512, 'c_base': 832, 'a_stride': 64, 'bt_stride': 64, 'c_stride': 64, 'mode': 0, 'watchdog': 10000000}",2026-10-04T17:30:58.436558+00:00,2026-10-04T17:30:59.448326+00:00,6b7c9e536428cc87a4c28695380d719ec9af95268575e1869b66a4e8d79eb10c,4676e44e00f5419ea6033a13c795bc9b84af8936d9f6be30ee5b201c11dff227,e20b07e768af06169b035264a77cf0740966366b892403b743f6459e0374c5fa,00b98ebe6477b8a718d93f6b038004b6037ef8cf3b596c56ad78a37810539d95,Uploaded in this connection; reused only within this case,"{'a': '534a43f38b389317e29135ea6c5946ddc470f95fb5f3ec1434d8ce6f437dd3b9', 'bt': 'f0deca9ef5b381b9490adb4979d788d5029d5f0fc99f89f7aae6b1023174dd94', 'c': '46607ec06aa096493e92c7a877c18beb715f16493ac997d85206bdc1ed2f4597'}",PASS,0.05230930005200207,0.20521059999009594,0.5472021999885328,482,32,16,10,60,235,0,10,8,32,2638998349,100000000,15,1216,1156,0.17183700000168756,0.03185580001445487,0.9765591000323184,4.82e-06,0.056016597510373446,0.004376296680497925
endurance,1,PASS,True,148,1,0,21213538,5,3,9,"{'m': 5, 'n': 3, 'k': 9, 'a_base': 64, 'bt_base': 512, 'c_base': 832, 'a_stride': 64, 'bt_stride': 64, 'c_stride': 64, 'mode': 1, 'watchdog': 10000000}",2026-10-04T17:30:59.515155+00:00,2026-10-04T17:31:00.504180+00:00,6b7c9e536428cc87a4c28695380d719ec9af95268575e1869b66a4e8d79eb10c,4676e44e00f5419ea6033a13c795bc9b84af8936d9f6be30ee5b201c11dff227,e20b07e768af06169b035264a77cf0740966366b892403b743f6459e0374c5fa,00b98ebe6477b8a718d93f6b038004b6037ef8cf3b596c56ad78a37810539d95,Uploaded in this connection; reused only within this case,"{'a': '534a43f38b389317e29135ea6c5946ddc470f95fb5f3ec1434d8ce6f437dd3b9', 'bt': 'f0deca9ef5b381b9490adb4979d788d5029d5f0fc99f89f7aae6b1023174dd94', 'c': '46607ec06aa096493e92c7a877c18beb715f16493ac997d85206bdc1ed2f4597'}",PASS,0.04287469998234883,0.18976120004663244,0.5439085999969393,479,32,16,10,60,236,0,10,8,32,2638998349,100000000,15,1216,1156,0.17618519999086857,0.03189869999187067,0.9527297000167891,4.79e-06,0.05636743215031315,0.004403705636743215
endurance,1,PASS,True,149,1,0,21223511,31,33,17,"{'m': 31, 'n': 33, 'k': 17, 'a_base': 64, 'bt_base': 2176, 'c_base': 4416, 'a_stride': 64, 'bt_stride': 64, 'c_stride': 192, 'mode': 1, 'watchdog': 10000000}",2026-10-04T17:31:00.908585+00:00,2026-10-04T17:31:02.920291+00:00,86d3fdeeaa2f9383d91fa81127ad1292d8a2f17fc9b0f6f42c77b9bafbb47c94,df7f17ae10ef6fc90cca1c0c8bcde63820e0dd0c2b454e845f987da7c4182e7c,94e57285c43d13a3ce6d4f5ba5dddb0094c602e574f5f06961e29ec4521cb476,091bd9e3e104da48ffd4641fcd9b5edace4c048f936f1ba0d3dc5715a089831f,Uploaded in this connection; reused only within this case,"{'a': 'c5af6653dbed7858a881d5d4a0535b71a9610dacdb046d4e2383101dfd583422', 'bt': '8203037668c1989e0965300a0805822946df6976e07ec4741cd83b788d002e0f', 'c': '13009250bcad4e271a04bb788d8d036187ec6654d062dcdfc75809244c88e587'}",PASS,0.42522830003872514,0.1920154999825172,0.5443636999698356,6493,800,285,527,4092,1238,0,124,8,32,2638998349,100000000,1023,10432,6340,0.8159513000282459,0.03186479996656999,1.9775588000193238,6.493e-05,0.535684583397505,0.041850358077930076
endurance,1,PASS,True,150,0,0,21223511,31,33,17,"{'m': 31, 'n': 33, 'k': 17, 'a_base': 64, 'bt_base': 2176, 'c_base': 4416, 'a_stride': 64, 'bt_stride': 64, 'c_stride': 192, 'mode': 0, 'watchdog': 10000000}",2026-10-04T17:31:02.958578+00:00,2026-10-04T17:31:04.967920+00:00,86d3fdeeaa2f9383d91fa81127ad1292d8a2f17fc9b0f6f42c77b9bafbb47c94,df7f17ae10ef6fc90cca1c0c8bcde63820e0dd0c2b454e845f987da7c4182e7c,94e57285c43d13a3ce6d4f5ba5dddb0094c602e574f5f06961e29ec4521cb476,091bd9e3e104da48ffd4641fcd9b5edace4c048f936f1ba0d3dc5715a089831f,Uploaded in this connection; reused only within this case,"{'a': 'c5af6653dbed7858a881d5d4a0535b71a9610dacdb046d4e2383101dfd583422', 'bt': '8203037668c1989e0965300a0805822946df6976e07ec4741cd83b788d002e0f', 'c': '13009250bcad4e271a04bb788d8d036187ec6654d062dcdfc75809244c88e587'}",PASS,0.4231832000077702,0.1920045999577269,0.5439032000140287,7341,800,285,527,4092,1912,0,124,8,32,2638998349,100000000,1023,10432,6340,0.8160602999851108,0.03189149999525398,1.9751512999646366,7.341e-05,0.4738046587658357,0.037015988966080916
endurance,1,PASS,True,151,0,0,21233484,33,35,256,"{'m': 33, 'n': 35, 'k': 256, 'a_base': 64, 'bt_base': 8640, 'c_base': 17728, 'a_stride': 256, 'bt_stride': 256, 'c_stride': 192, 'mode': 0, 'watchdog': 10000000}",2026-10-04T17:31:06.299535+00:00,2026-10-04T17:31:09.303836+00:00,71f3b05bea316ac367f1f0b5a320856be36108482561933a2830f027a40d3fe8,63afe9c358ced0a49cac4e3a45ec31499a2057960fcb5996fbee6e0847999ef9,2c88f0e390aec7e55df7b1be3c7532fe98182f71a64a606af42fea3248466f2f,d37d19b5a85b6956684686ad3eea6bf4ad2a8d3d9b72a7322bfa1b2ce7b5351c,Uploaded in this connection; reused only within this case,"{'a': '61e16a7dd8198c90050c282381c69c40ecc68b154b12d2b8ccd8cb4751944e27', 'bt': 'adce396b0b8f58a4c30dc080e738d4d4e5afd6b797e9be3a1d7f9a5b529406b6', 'c': 'c18b11f17c63e228d43d4788a3e79bfd9d33e5ac1332b0a6aff7a0537b5823fe'}",PASS,0.4576085999724455,0.19198880001204088,0.5442982999957167,19768,6975,4352,594,4620,7658,0,134,8,32,2638998349,100000000,1155,24128,19508,1.775649200018961,0.03181909996783361,2.969544899999164,0.00019768,2.991501416430595,0.23371104815864022
endurance,1,PASS,True,152,1,0,21233484,33,35,256,"{'m': 33, 'n': 35, 'k': 256, 'a_base': 64, 'bt_base': 8640, 'c_base': 17728, 'a_stride': 256, 'bt_stride': 256, 'c_stride': 192, 'mode': 1, 'watchdog': 10000000}",2026-10-04T17:31:09.342951+00:00,2026-10-04T17:31:12.343627+00:00,71f3b05bea316ac367f1f0b5a320856be36108482561933a2830f027a40d3fe8,63afe9c358ced0a49cac4e3a45ec31499a2057960fcb5996fbee6e0847999ef9,2c88f0e390aec7e55df7b1be3c7532fe98182f71a64a606af42fea3248466f2f,d37d19b5a85b6956684686ad3eea6bf4ad2a8d3d9b72a7322bfa1b2ce7b5351c,Uploaded in this connection; reused only within this case,"{'a': '61e16a7dd8198c90050c282381c69c40ecc68b154b12d2b8ccd8cb4751944e27', 'bt': 'adce396b0b8f58a4c30dc080e738d4d4e5afd6b797e9be3a1d7f9a5b529406b6', 'c': 'c18b11f17c63e228d43d4788a3e79bfd9d33e5ac1332b0a6aff7a0537b5823fe'}",PASS,0.45458869996946305,0.19187660003080964,0.5442459999467246,13312,6975,4352,594,4620,3506,0,134,8,32,2638998349,100000000,1155,24128,19508,1.775693500007037,0.031994400022085756,2.9664047999540344,0.00013312,4.4423076923076925,0.34705528846153844
endurance,1,PASS,True,153,1,0,21243457,65,63,255,"{'m': 65, 'n': 63, 'k': 255, 'a_base': 64, 'bt_base': 16832, 'c_base': 33088, 'a_stride': 256, 'bt_stride': 256, 'c_stride': 256, 'mode': 1, 'watchdog': 10000000}",2026-10-04T17:31:14.780102+00:00,2026-10-04T17:31:20.311327+00:00,ea79a48084bfc0aa4e96d311b3e19aaba10d9b9cb755eb83ecaceaeb3224cd99,892c0a188051d9f6147543744e63701aec53a6f60d11490be0d3e6686291b9d8,7b3179b457d72a887f1391a4f72eb313678654315927b5d41a5c3e611fcf592b,438da43478aaa55a43ea5f8f5d805830bb21452bb326b32c967bea2e8854c2db,Uploaded in this connection; reused only within this case,"{'a': '3a965191b6208d3ea389401262ecbe2638b19485992fe23e1da3ec279ee87c09', 'bt': '8c89c4321a37e451450f9c787c32ae666a27ed812eddf7233b44995d562e6edb', 'c': 'ee8f159ee90d8a0c2af608e643211ef989f699ade6656baf3ed4ac9ae13c05f4'}",PASS,1.1775689999922179,0.19198990002041683,0.5440021000104025,26402,20016,10208,2080,16380,3460,0,268,8,32,2638998349,100000000,4095,49792,33412,3.5843043999630027,0.03152280003996566,5.49786539998604,0.00026402,7.9101961972577834,0.6179840779107644
endurance,1,PASS,True,154,0,0,21243457,65,63,255,"{'m': 65, 'n': 63, 'k': 255, 'a_base': 64, 'bt_base': 16832, 'c_base': 33088, 'a_stride': 256, 'bt_stride': 256, 'c_stride': 256, 'mode': 0, 'watchdog': 10000000}",2026-10-04T17:31:20.343875+00:00,2026-10-04T17:31:25.879240+00:00,ea79a48084bfc0aa4e96d311b3e19aaba10d9b9cb755eb83ecaceaeb3224cd99,892c0a188051d9f6147543744e63701aec53a6f60d11490be0d3e6686291b9d8,7b3179b457d72a887f1391a4f72eb313678654315927b5d41a5c3e611fcf592b,438da43478aaa55a43ea5f8f5d805830bb21452bb326b32c967bea2e8854c2db,Uploaded in this connection; reused only within this case,"{'a': '3a965191b6208d3ea389401262ecbe2638b19485992fe23e1da3ec279ee87c09', 'bt': '8c89c4321a37e451450f9c787c32ae666a27ed812eddf7233b44995d562e6edb', 'c': 'ee8f159ee90d8a0c2af608e643211ef989f699ade6656baf3ed4ac9ae13c05f4'}",PASS,1.1824013000004925,0.19201539998175576,0.5439897999749519,52382,20016,10208,2080,16380,17535,0,268,8,32,2638998349,100000000,4095,49792,33412,3.583786200033501,0.032027099980041385,5.502192699990701,0.00052382,3.9869611698675116,0.31148134139589934
endurance,1,PASS,True,155,0,0,21253430,1,64,256,"{'m': 1, 'n': 64, 'k': 256, 'a_base': 64, 'bt_base': 448, 'c_base': 16960, 'a_stride': 256, 'bt_stride': 256, 'c_stride': 256, 'mode': 0, 'watchdog': 10000000}",2026-10-04T17:31:27.209773+00:00,2026-10-04T17:31:29.556133+00:00,415b75a1e5b5327b5c81ad7e4f8d1f4ffb47fd03a334112d58ffa62e2ca8b607,ca3488c830ffb515ea4bbddaf1a38f3a99d1f7fbc23dd1fa653c0d71f8269729,ebb6d77cf0c160060716b3ec0861e81c8e5d24f0f0348c0b64f05a84df4158fc,d7a0475ea0111ce747a36edcfa65b86f31f63a8b5630c3a319ea6ced2d5828a0,Uploaded in this connection; reused only within this case,"{'a': '500ac9665b885c37622d77501794e37ec70039ff42daaa3b11ef113c043a6353', 'bt': '3453b940920e7b2ac5430a4d0eee03ad1b58cadacc12103672036f396c07c6f4', 'c': '824a69816d20ac8bd72eb19aedb34b52e6999d21758352c2b02b1d987e1e1c45'}",PASS,0.043143700051587075,0.19194119999883696,0.7691148999729194,6244,2232,2112,32,256,3740,0,4,8,32,2638998349,100000000,64,17280,17024,1.3079377000103705,0.03201640001498163,2.312137500033714,6.244e-05,0.524791800128123,0.04099935938500961
endurance,1,PASS,True,156,1,0,21253430,1,64,256,"{'m': 1, 'n': 64, 'k': 256, 'a_base': 64, 'bt_base': 448, 'c_base': 16960, 'a_stride': 256, 'bt_stride': 256, 'c_stride': 256, 'mode': 1, 'watchdog': 10000000}",2026-10-04T17:31:29.591926+00:00,2026-10-04T17:31:31.719093+00:00,415b75a1e5b5327b5c81ad7e4f8d1f4ffb47fd03a334112d58ffa62e2ca8b607,ca3488c830ffb515ea4bbddaf1a38f3a99d1f7fbc23dd1fa653c0d71f8269729,ebb6d77cf0c160060716b3ec0861e81c8e5d24f0f0348c0b64f05a84df4158fc,d7a0475ea0111ce747a36edcfa65b86f31f63a8b5630c3a319ea6ced2d5828a0,Uploaded in this connection; reused only within this case,"{'a': '500ac9665b885c37622d77501794e37ec70039ff42daaa3b11ef113c043a6353', 'bt': '3453b940920e7b2ac5430a4d0eee03ad1b58cadacc12103672036f396c07c6f4', 'c': '824a69816d20ac8bd72eb19aedb34b52e6999d21758352c2b02b1d987e1e1c45'}",PASS,0.042832300008740276,0.19213749998016283,0.5436595000210218,5006,2232,2112,32,256,2616,0,4,8,32,2638998349,100000000,64,17280,17024,1.312039199983701,0.0350223999703303,2.090668499993626,5.006e-05,0.6545745105872953,0.05113863363963244
endurance,1,PASS,True,157,1,0,21263403,64,1,256,"{'m': 64, 'n': 1, 'k': 256, 'a_base': 64, 'bt_base': 16576, 'c_base': 16960, 'a_stride': 256, 'bt_stride': 256, 'c_stride': 64, 'mode': 1, 'watchdog': 10000000}",2026-10-04T17:31:33.407565+00:00,2026-10-04T17:31:36.123773+00:00,8b62092d04dcdf625d7d406b56f4cc3e9f111ddafbd0d7eade7c8bef247645ed,9706a219cf1740dbee97d501fa3eaab06be214496b88de655476fc3bd3c983ff,81196919ddf6d907ad7e93d2d4c428937f5609c83206ea31868dd7e29d31fa27,199704dace9aaa10345ff246439317623a94b82cbe943970271a32139409b9b0,Uploaded in this connection; reused only within this case,"{'a': '46ebefe876bc28beba40dcef68c196300c619a63f7935ecd866d4a03a8a1ad0a', 'bt': '6c436c1edb47be947a5c56cbdc3c0eaf8f377e60966fce9e25f58dcd9ded132a', 'c': 'fd69530974d3592d7a198068a981e9b966947b5276f8d26e5e6a58b2f1bef718'}",PASS,0.34280099999159575,0.19225080002797768,0.5756894999649376,6054,2232,2112,64,256,2627,0,128,8,32,2638998349,100000000,64,21120,20864,1.568022400024347,0.031871400016825646,2.678763700008858,6.054e-05,0.5412619755533532,0.04228609184010571
endurance,1,PASS,True,158,0,0,21263403,64,1,256,"{'m': 64, 'n': 1, 'k': 256, 'a_base': 64, 'bt_base': 16576, 'c_base': 16960, 'a_stride': 256, 'bt_stride': 256, 'c_stride': 64, 'mode': 0, 'watchdog': 10000000}",2026-10-04T17:31:36.200344+00:00,2026-10-04T17:31:38.843782+00:00,8b62092d04dcdf625d7d406b56f4cc3e9f111ddafbd0d7eade7c8bef247645ed,9706a219cf1740dbee97d501fa3eaab06be214496b88de655476fc3bd3c983ff,81196919ddf6d907ad7e93d2d4c428937f5609c83206ea31868dd7e29d31fa27,199704dace9aaa10345ff246439317623a94b82cbe943970271a32139409b9b0,Uploaded in this connection; reused only within this case,"{'a': '46ebefe876bc28beba40dcef68c196300c619a63f7935ecd866d4a03a8a1ad0a', 'bt': '6c436c1edb47be947a5c56cbdc3c0eaf8f377e60966fce9e25f58dcd9ded132a', 'c': 'fd69530974d3592d7a198068a981e9b966947b5276f8d26e5e6a58b2f1bef718'}",PASS,0.3045171999838203,0.1918512000120245,0.5440331000136212,8304,2232,2112,64,256,3721,0,128,8,32,2638998349,100000000,64,21120,20864,1.5684015000006184,0.031640500004868954,2.6088030000100844,8.304e-05,0.3946050096339114,0.030828516377649325
endurance,1,PASS,True,159,0,0,21273376,32,32,256,"{'m': 32, 'n': 32, 'k': 256, 'a_base': 64, 'bt_base': 8384, 'c_base': 16704, 'a_stride': 256, 'bt_stride': 256, 'c_stride': 128, 'mode': 0, 'watchdog': 10000000}",2026-10-04T17:31:40.127253+00:00,2026-10-04T17:31:42.795892+00:00,0088b781f62d396ece10ff4789545aeb44ad26348248a929ff4208d90f3d258f,64bd24ec9516ca53f91e5b09ef28f36a0319344a36c5590cd5a52234dc836774,f58a8b952a007af1691b73cb48d08b05fcb5ef56a0f7bc59e6fd49ca59a776d7,266e15b094086af9aa52213d8424a80fd0ea9754c80bae161ecc70d054cd3899,Uploaded in this connection; reused only within this case,"{'a': 'f86415886b03ce8ab4ddb1a399a16839c6ba74332a8edd84172071af5e880338', 'bt': '6f7de814202ecc9f93f447b3b5d26e30c23d94004cde7a08e5ae2b5226b9c6f8', 'c': 'bce054f41c15622299aae6138bde1fef62395b7d6206f31a8caa27d6416baf1f'}",PASS,0.297387600003276,0.1919694000389427,0.5439799999585375,11591,4464,2048,512,4096,3472,0,66,8,32,2638998349,100000000,1024,20864,16768,1.5999065000214614,0.03237580001587048,2.6332435000222176,0.00011591,4.523233543266327,0.35337762056768185
endurance,1,PASS,True,160,1,0,21273376,32,32,256,"{'m': 32, 'n': 32, 'k': 256, 'a_base': 64, 'bt_base': 8384, 'c_base': 16704, 'a_stride': 256, 'bt_stride': 256, 'c_stride': 128, 'mode': 1, 'watchdog': 10000000}",2026-10-04T17:31:42.832401+00:00,2026-10-04T17:31:45.451630+00:00,0088b781f62d396ece10ff4789545aeb44ad26348248a929ff4208d90f3d258f,64bd24ec9516ca53f91e5b09ef28f36a0319344a36c5590cd5a52234dc836774,f58a8b952a007af1691b73cb48d08b05fcb5ef56a0f7bc59e6fd49ca59a776d7,266e15b094086af9aa52213d8424a80fd0ea9754c80bae161ecc70d054cd3899,Uploaded in this connection; reused only within this case,"{'a': 'f86415886b03ce8ab4ddb1a399a16839c6ba74332a8edd84172071af5e880338', 'bt': '6f7de814202ecc9f93f447b3b5d26e30c23d94004cde7a08e5ae2b5226b9c6f8', 'c': 'bce054f41c15622299aae6138bde1fef62395b7d6206f31a8caa27d6416baf1f'}",PASS,0.2978759999969043,0.19206929998472333,0.5439360000309534,11570,4464,2048,512,4096,3473,0,66,8,32,2638998349,100000000,1024,20864,16768,1.5519538999651559,0.03212119999807328,2.585835199977737,0.0001157,4.531443388072601,0.354019014693172
endurance,1,PASS,True,161,0,0,21308294,1,1,1,"{'m': 1, 'n': 1, 'k': 1, 'a_base': 64, 'bt_base': 256, 'c_base': 448, 'a_stride': 64, 'bt_stride': 64, 'c_stride': 64, 'mode': 0, 'watchdog': 10000000}",2026-10-04T17:31:45.598385+00:00,2026-10-04T17:31:46.523434+00:00,149488d869cbef080602a371ab0d39d97af103fb726aaeb02ccd36c06f494e5d,d4b0c0a4a8cc6c257aed34d16d39dd3c2d3539ed67fd4badd40aef16c1591715,fe33862152ed98b2c890b460ddc94b59e93c9a539aa77d7c30c0ad77dc5f57a3,abc140287dfbb7b192817658a70eda53e5dfac7b951700c6ae2042f7d6b63288,Uploaded in this connection; reused only within this case,"{'a': '7434d3fdf85d10d9928adf104acde99e1775a649253d37054ab3fe14d5ea4e68', 'bt': '61e5c092b799df2cbc0cac59bf34367f7fffb6405df36ee657706ecee5bb611d', 'c': 'fa9ef6b60bfdb125c57b51e7669d5e5225bd58d6a2d318aa0c0da16a84130d0f'}",PASS,0.027430900023318827,0.1920160999870859,0.5442934000166133,222,24,2,1,4,153,0,2,8,32,2638998349,100000000,1,576,572,0.12773840001318604,0.03195410000625998,0.8914788000402041,2.22e-06,0.0009009009009009009,7.038288288288288e-05
endurance,1,PASS,True,162,1,0,21308294,1,1,1,"{'m': 1, 'n': 1, 'k': 1, 'a_base': 64, 'bt_base': 256, 'c_base': 448, 'a_stride': 64, 'bt_stride': 64, 'c_stride': 64, 'mode': 1, 'watchdog': 10000000}",2026-10-04T17:31:46.560822+00:00,2026-10-04T17:31:47.483435+00:00,149488d869cbef080602a371ab0d39d97af103fb726aaeb02ccd36c06f494e5d,d4b0c0a4a8cc6c257aed34d16d39dd3c2d3539ed67fd4badd40aef16c1591715,fe33862152ed98b2c890b460ddc94b59e93c9a539aa77d7c30c0ad77dc5f57a3,abc140287dfbb7b192817658a70eda53e5dfac7b951700c6ae2042f7d6b63288,Uploaded in this connection; reused only within this case,"{'a': '7434d3fdf85d10d9928adf104acde99e1775a649253d37054ab3fe14d5ea4e68', 'bt': '61e5c092b799df2cbc0cac59bf34367f7fffb6405df36ee657706ecee5bb611d', 'c': 'fa9ef6b60bfdb125c57b51e7669d5e5225bd58d6a2d318aa0c0da16a84130d0f'}",PASS,0.023873500002082437,0.19212429999606684,0.5439031000132672,219,24,2,1,4,150,0,2,8,32,2638998349,100000000,1,576,572,0.12800279998918995,0.032027099980041385,0.8879037000006065,2.19e-06,0.0009132420091324201,7.134703196347032e-05
endurance,1,PASS,True,163,1,0,21318267,5,3,9,"{'m': 5, 'n': 3, 'k': 9, 'a_base': 64, 'bt_base': 512, 'c_base': 832, 'a_stride': 64, 'bt_stride': 64, 'c_stride': 64, 'mode': 1, 'watchdog': 10000000}",2026-10-04T17:31:47.629950+00:00,2026-10-04T17:31:48.619349+00:00,64769a79120f53d106d77d7411c59273f036ca26ec2c26b5850afc1dce09d104,4ca66729cb43e5dc3d0dbeb41fd4a4e03038f29bc461ad04e21f9b59535fd47c,a6f587fdd5d54765a46f20aaa7f65ec513792d71edb2674b9473982c6ab5c9e2,2e4f07a469b68582d0b306d40c59728e2a62926c7f2dba5bc874e400c206b45e,Uploaded in this connection; reused only within this case,"{'a': '4e0c58b82d81416bb70531dd946d975e51aa0b8842041b014f3981dcb38f932b', 'bt': '93aa0759720b9b1df9f18b519c6be37c8d72d9a5b6880dc2fa430583d6e12fea', 'c': '38f0c9134769564cbb0657a5725fcfaff405d19555928dcead7addd069619610'}",PASS,0.043180599983315915,0.1920350000145845,0.5439581999671645,479,32,16,10,60,236,0,10,8,32,2638998349,100000000,15,1216,1156,0.17738950002240017,0.030571900017093867,0.9565632999874651,4.79e-06,0.05636743215031315,0.004403705636743215
endurance,1,PASS,True,164,0,0,21318267,5,3,9,"{'m': 5, 'n': 3, 'k': 9, 'a_base': 64, 'bt_base': 512, 'c_base': 832, 'a_stride': 64, 'bt_stride': 64, 'c_stride': 64, 'mode': 0, 'watchdog': 10000000}",2026-10-04T17:31:48.666418+00:00,2026-10-04T17:31:49.659391+00:00,64769a79120f53d106d77d7411c59273f036ca26ec2c26b5850afc1dce09d104,4ca66729cb43e5dc3d0dbeb41fd4a4e03038f29bc461ad04e21f9b59535fd47c,a6f587fdd5d54765a46f20aaa7f65ec513792d71edb2674b9473982c6ab5c9e2,2e4f07a469b68582d0b306d40c59728e2a62926c7f2dba5bc874e400c206b45e,Uploaded in this connection; reused only within this case,"{'a': '4e0c58b82d81416bb70531dd946d975e51aa0b8842041b014f3981dcb38f932b', 'bt': '93aa0759720b9b1df9f18b519c6be37c8d72d9a5b6880dc2fa430583d6e12fea', 'c': '38f0c9134769564cbb0657a5725fcfaff405d19555928dcead7addd069619610'}",PASS,0.0460495000006631,0.19196620001457632,0.5439069999847561,478,32,16,10,60,235,0,10,8,32,2638998349,100000000,15,1216,1156,0.17616090003866702,0.03199549997225404,0.9580836000386626,4.78e-06,0.056485355648535567,0.004412918410041841
endurance,1,PASS,True,165,0,0,21328240,31,33,17,"{'m': 31, 'n': 33, 'k': 17, 'a_base': 64, 'bt_base': 2176, 'c_base': 4416, 'a_stride': 64, 'bt_stride': 64, 'c_stride': 192, 'mode': 0, 'watchdog': 10000000}",2026-10-04T17:31:50.078572+00:00,2026-10-04T17:31:52.091213+00:00,a67e1254d780eeae11971432ef031b6d989565554368e78c2094c1fef06749b7,590434c7a7a2a77050e178d91da08524f5b220a1680c85de65fe8b1d3fe0451e,c0553fd2c86747a7480a811b26c161c919556cdedc0b44594b151f28d88154f9,61fcd795ab1bc4dca4d228b5fb3f4f8bf9ddbadf8824e8f66922fb56bad1dcab,Uploaded in this connection; reused only within this case,"{'a': '137d644e9407f1d1ba8712a877d08c944f536a3cbcba96701bb3d1e90b5c71a2', 'bt': 'f4ee849b2fd22e910ac6fb67eff613b122e5703e0d13ddc50e1ca851bb4cc896', 'c': 'df098942fe2669c84459b1a67163722907b5886ee21ff41422b0d8d8a45c6a27'}",PASS,0.4262021000031382,0.19204899994656444,0.5439510000287555,7389,800,285,527,4092,1944,0,124,8,32,2638998349,100000000,1023,10432,6340,0.8159524999791756,0.031969500007107854,1.9781545999576338,7.389e-05,0.47072675598863173,0.036775527811611856
endurance,1,PASS,True,166,1,0,21328240,31,33,17,"{'m': 31, 'n': 33, 'k': 17, 'a_base': 64, 'bt_base': 2176, 'c_base': 4416, 'a_stride': 64, 'bt_stride': 64, 'c_stride': 192, 'mode': 1, 'watchdog': 10000000}",2026-10-04T17:31:52.134867+00:00,2026-10-04T17:31:54.139132+00:00,a67e1254d780eeae11971432ef031b6d989565554368e78c2094c1fef06749b7,590434c7a7a2a77050e178d91da08524f5b220a1680c85de65fe8b1d3fe0451e,c0553fd2c86747a7480a811b26c161c919556cdedc0b44594b151f28d88154f9,61fcd795ab1bc4dca4d228b5fb3f4f8bf9ddbadf8824e8f66922fb56bad1dcab,Uploaded in this connection; reused only within this case,"{'a': '137d644e9407f1d1ba8712a877d08c944f536a3cbcba96701bb3d1e90b5c71a2', 'bt': 'f4ee849b2fd22e910ac6fb67eff613b122e5703e0d13ddc50e1ca851bb4cc896', 'c': 'df098942fe2669c84459b1a67163722907b5886ee21ff41422b0d8d8a45c6a27'}",PASS,0.4175969999632798,0.19199550000485033,0.5439867000095546,6491,800,285,527,4092,1248,0,124,8,32,2638998349,100000000,1023,10432,6340,0.8160671999794431,0.03189010004280135,1.9696463999571279,6.491e-05,0.5358496379602526,0.04186325296564474
endurance,1,PASS,True,167,1,0,21338213,33,35,256,"{'m': 33, 'n': 35, 'k': 256, 'a_base': 64, 'bt_base': 8640, 'c_base': 17728, 'a_stride': 256, 'bt_stride': 256, 'c_stride': 192, 'mode': 1, 'watchdog': 10000000}",2026-10-04T17:31:55.487095+00:00,2026-10-04T17:31:58.490972+00:00,3117e065cebcd845906465165f795b8ba1192efc5058d90db3a20774e9e4740a,684b51d58ac728c28409bdddbbaf442e7fe8f519a0ce6e84a88a0b0b63e48817,afc9d5831adba7af9d8b87dcb80fec4a4505eee0e45651c58c37fba36e73260c,6526fdb69987891e0263acf01195854b936af9db8fcde550d5ee98ee2eefc5a5,Uploaded in this connection; reused only within this case,"{'a': '796df20288915b7f8fd322751fe2ec290e742ca5374d4ddad730a8d371479fea', 'bt': 'a0007a0e771ec15455b71c91e822b1cbc58d3e0fb5e76b1bc6dcd6b65f28cc17', 'c': 'd6b9f3f37c5fe8e1f4f2e60d054713fa1b70a3ed61dabc5ec63573863d798b94'}",PASS,0.45746010000584647,0.19192940002540126,0.5439933000016026,13270,6975,4352,594,4620,3456,0,134,8,32,2638998349,100000000,1155,24128,19508,1.7759154999512248,0.031970800017006695,2.969298299984075,0.0001327,4.456367746797287,0.34815373021853807
endurance,1,PASS,True,168,0,0,21338213,33,35,256,"{'m': 33, 'n': 35, 'k': 256, 'a_base': 64, 'bt_base': 8640, 'c_base': 17728, 'a_stride': 256, 'bt_stride': 256, 'c_stride': 192, 'mode': 0, 'watchdog': 10000000}",2026-10-04T17:31:58.531981+00:00,2026-10-04T17:32:01.530957+00:00,3117e065cebcd845906465165f795b8ba1192efc5058d90db3a20774e9e4740a,684b51d58ac728c28409bdddbbaf442e7fe8f519a0ce6e84a88a0b0b63e48817,afc9d5831adba7af9d8b87dcb80fec4a4505eee0e45651c58c37fba36e73260c,6526fdb69987891e0263acf01195854b936af9db8fcde550d5ee98ee2eefc5a5,Uploaded in this connection; reused only within this case,"{'a': '796df20288915b7f8fd322751fe2ec290e742ca5374d4ddad730a8d371479fea', 'bt': 'a0007a0e771ec15455b71c91e822b1cbc58d3e0fb5e76b1bc6dcd6b65f28cc17', 'c': 'd6b9f3f37c5fe8e1f4f2e60d054713fa1b70a3ed61dabc5ec63573863d798b94'}",PASS,0.4529381000320427,0.19247739994898438,0.5432806000462733,19819,6975,4352,594,4620,7696,0,134,8,32,2638998349,100000000,1155,24128,19508,1.7760727999848314,0.031950199976563454,2.964768900012132,0.00019819,2.9838034209596853,0.2331096422624754
endurance,1,PASS,True,169,0,0,21348186,65,63,255,"{'m': 65, 'n': 63, 'k': 255, 'a_base': 64, 'bt_base': 16832, 'c_base': 33088, 'a_stride': 256, 'bt_stride': 256, 'c_stride': 256, 'mode': 0, 'watchdog': 10000000}",2026-10-04T17:32:03.983505+00:00,2026-10-04T17:32:09.514595+00:00,87d4a2fdecce62174a57e51a444e58e1ae7d3ee8f9c608d3e7a10d3af0d8ea0f,bcd04eb9da60fca5d6f74ff3b02c4922b62ef0883fafcc80f4b4097908834ba9,83b23c287f6562673f95682a473a208dc06d66d75fe6fecd1fc0d178b9dfd575,e8de6647b4cb709c4eb745ce5c23e271492682e992bef6c9d5ebc0eb41242949,Uploaded in this connection; reused only within this case,"{'a': 'd19514c57538986670eff415735c6847fc9cd49baa6e6f9fdccdf42738e9d0a6', 'bt': 'c6707a8c2134436cd1fe2c0e007ede5d5a023aab3b9e45530fa83591f13af0fa', 'c': '1e692db40f17a1c63e3368047cf058274251159202532820bcbbfa45ffd4c61f'}",PASS,1.1764216999872588,0.19202580000273883,0.5439321000012569,52340,20016,10208,2080,16380,17491,0,268,8,32,2638998349,100000000,4095,49792,33412,3.5840769999776967,0.03178650001063943,5.496456599968951,0.0005234,3.990160489109668,0.31173128821169277
endurance,1,PASS,True,170,1,0,21348186,65,63,255,"{'m': 65, 'n': 63, 'k': 255, 'a_base': 64, 'bt_base': 16832, 'c_base': 33088, 'a_stride': 256, 'bt_stride': 256, 'c_stride': 256, 'mode': 1, 'watchdog': 10000000}",2026-10-04T17:32:09.552965+00:00,2026-10-04T17:32:15.082423+00:00,87d4a2fdecce62174a57e51a444e58e1ae7d3ee8f9c608d3e7a10d3af0d8ea0f,bcd04eb9da60fca5d6f74ff3b02c4922b62ef0883fafcc80f4b4097908834ba9,83b23c287f6562673f95682a473a208dc06d66d75fe6fecd1fc0d178b9dfd575,e8de6647b4cb709c4eb745ce5c23e271492682e992bef6c9d5ebc0eb41242949,Uploaded in this connection; reused only within this case,"{'a': 'd19514c57538986670eff415735c6847fc9cd49baa6e6f9fdccdf42738e9d0a6', 'bt': 'c6707a8c2134436cd1fe2c0e007ede5d5a023aab3b9e45530fa83591f13af0fa', 'c': '1e692db40f17a1c63e3368047cf058274251159202532820bcbbfa45ffd4c61f'}",PASS,1.1749753000331111,0.19188369996845722,0.5439810000243597,26434,20016,10208,2080,16380,3452,0,268,8,32,2638998349,100000000,4095,49792,33412,3.583844799955841,0.03200440004002303,5.494684799981769,0.00026434,7.900620413104336,0.6172359697737761
endurance,1,PASS,True,171,1,0,21358159,1,64,256,"{'m': 1, 'n': 64, 'k': 256, 'a_base': 64, 'bt_base': 448, 'c_base': 16960, 'a_stride': 256, 'bt_stride': 256, 'c_stride': 256, 'mode': 1, 'watchdog': 10000000}",2026-10-04T17:32:16.381799+00:00,2026-10-04T17:32:18.506289+00:00,3f3de024c11a522a0085ac75ef9a66162bd9cae5743fa4be479616050582c050,66bbac6150f4b29acfa0d8c5508289b7944ef263262e78d936062ff48c6857e2,909f1094a189ffff353712b6f8c7af2d14ccac0aeba3ef044802503002ab15bf,fb357dc8d509f573ca82ecb5fe1785eeda57f3e1f90bf405cd3dd088ee892f13,Uploaded in this connection; reused only within this case,"{'a': '6a7c3fca39bd893fd4690535e510f5fd41d9630c5fd5808d579e59320cc7cec4', 'bt': '75177339064273818c9dbb1500deb31fbe8e99d31c779a24d43e8ac0d696158e', 'c': 'ff0d47ecc28e7a1df6bb6b441cc55c64d70a01f7bdd3ff0b0c60bf698990ba2b'}",PASS,0.04269349999958649,0.1920727000106126,0.5441297999932431,5037,2232,2112,32,256,2644,0,4,8,32,2638998349,100000000,64,17280,17024,1.311536499997601,0.032107000006362796,2.090432500001043,5.037e-05,0.6505459598967639,0.05082390311693468
endurance,1,PASS,True,172,0,0,21358159,1,64,256,"{'m': 1, 'n': 64, 'k': 256, 'a_base': 64, 'bt_base': 448, 'c_base': 16960, 'a_stride': 256, 'bt_stride': 256, 'c_stride': 256, 'mode': 0, 'watchdog': 10000000}",2026-10-04T17:32:18.548501+00:00,2026-10-04T17:32:20.666268+00:00,3f3de024c11a522a0085ac75ef9a66162bd9cae5743fa4be479616050582c050,66bbac6150f4b29acfa0d8c5508289b7944ef263262e78d936062ff48c6857e2,909f1094a189ffff353712b6f8c7af2d14ccac0aeba3ef044802503002ab15bf,fb357dc8d509f573ca82ecb5fe1785eeda57f3e1f90bf405cd3dd088ee892f13,Uploaded in this connection; reused only within this case,"{'a': '6a7c3fca39bd893fd4690535e510f5fd41d9630c5fd5808d579e59320cc7cec4', 'bt': '75177339064273818c9dbb1500deb31fbe8e99d31c779a24d43e8ac0d696158e', 'c': 'ff0d47ecc28e7a1df6bb6b441cc55c64d70a01f7bdd3ff0b0c60bf698990ba2b'}",PASS,0.0359226000146009,0.19176620000507683,0.5440714999567717,6227,2232,2112,32,256,3727,0,4,8,32,2638998349,100000000,64,17280,17024,1.3118864000425674,0.032056499971076846,2.083646700019017,6.227e-05,0.5262245061827525,0.04111128954552754
endurance,1,PASS,True,173,0,0,21368132,64,1,256,"{'m': 64, 'n': 1, 'k': 256, 'a_base': 64, 'bt_base': 16576, 'c_base': 16960, 'a_stride': 256, 'bt_stride': 256, 'c_stride': 64, 'mode': 0, 'watchdog': 10000000}",2026-10-04T17:32:21.966165+00:00,2026-10-04T17:32:24.602368+00:00,751ef69cd9290b182e3dd314c2ea02f1f0913c582c7392e7f985c2b2fbe22bd5,e25e29c5e98d50b9716b557582169639da09d09c6c0c7723f90bf462f11dd6d5,3a3835f66daea675d88544a779714dc9b5daf80d8ee3635cf71a58737b1b1a9f,ce6f046478a97d15241a03cfc675a873d7de47398b3c2e7cfda44ef0a4bf16af,Uploaded in this connection; reused only within this case,"{'a': '0cda6db625e120845e2ca49363b326cd266f09ed6403f91d465a5993333ac5c0', 'bt': '5e2e1a2e0ac72ecc719061e808ba19119faaf704b78e4db91a9e8e0bd29c051c', 'c': '4be1efaa571db569d62707bc55857db1b8a10194e9172c57955c9b561ba81371'}",PASS,0.29771630000323057,0.19193229998927563,0.544016300002113,8301,2232,2112,64,256,3714,0,128,8,32,2638998349,100000000,64,21120,20864,1.567909499979578,0.03226760000688955,2.601574399974197,8.301e-05,0.3947476207685821,0.030839657872545476
endurance,1,PASS,True,174,1,0,21368132,64,1,256,"{'m': 64, 'n': 1, 'k': 256, 'a_base': 64, 'bt_base': 16576, 'c_base': 16960, 'a_stride': 256, 'bt_stride': 256, 'c_stride': 64, 'mode': 1, 'watchdog': 10000000}",2026-10-04T17:32:24.638927+00:00,2026-10-04T17:32:27.274043+00:00,751ef69cd9290b182e3dd314c2ea02f1f0913c582c7392e7f985c2b2fbe22bd5,e25e29c5e98d50b9716b557582169639da09d09c6c0c7723f90bf462f11dd6d5,3a3835f66daea675d88544a779714dc9b5daf80d8ee3635cf71a58737b1b1a9f,ce6f046478a97d15241a03cfc675a873d7de47398b3c2e7cfda44ef0a4bf16af,Uploaded in this connection; reused only within this case,"{'a': '0cda6db625e120845e2ca49363b326cd266f09ed6403f91d465a5993333ac5c0', 'bt': '5e2e1a2e0ac72ecc719061e808ba19119faaf704b78e4db91a9e8e0bd29c051c', 'c': '4be1efaa571db569d62707bc55857db1b8a10194e9172c57955c9b561ba81371'}",PASS,0.2971848999732174,0.19209199998294935,0.5438858999987133,6036,2232,2112,64,256,2609,0,128,8,32,2638998349,100000000,64,21120,20864,1.568132600048557,0.03189879999263212,2.601295400003437,6.036e-05,0.5428760768721007,0.04241219350563287
endurance,1,PASS,True,175,1,0,21378105,32,32,256,"{'m': 32, 'n': 32, 'k': 256, 'a_base': 64, 'bt_base': 8384, 'c_base': 16704, 'a_stride': 256, 'bt_stride': 256, 'c_stride': 128, 'mode': 1, 'watchdog': 10000000}",2026-10-04T17:32:28.556282+00:00,2026-10-04T17:32:31.299864+00:00,f6d84ed722db2b65e8be15075480c663f03c719bfa191026379ec3f519cc19b0,b575b8308be59c6384224db321e6d122699829fc0884067eca461d2120e85d8d,fe64433b47eb51a94bb1944030e593824ad174b235ed381949a42c1e0f9d9d30,dc6ddb1b978b6da6279a42fbc13414252707f3c2f7ecc69556cf603939926ccf,Uploaded in this connection; reused only within this case,"{'a': '725381f3e25b0f13b489ad35858d7ad7f637d8d30b26510e4a61b3368012e2e2', 'bt': 'cd6b487fdb2d2085386aa71d5f520e8d7d1a631364c54f97be6affe8c55c983a', 'c': '3ae70336dd333935a5213eec64bc0565332660e3df5be85d2bcb362af26840f9'}",PASS,0.29955559998052195,0.19187879998935387,0.6659249000367709,11568,4464,2048,512,4096,3469,0,66,8,32,2638998349,100000000,1024,20864,16768,1.5522306999773718,0.031874499982222915,2.7095899999840185,0.00011568,4.53222683264177,0.35408022130013833
endurance,1,PASS,True,176,0,0,21378105,32,32,256,"{'m': 32, 'n': 32, 'k': 256, 'a_base': 64, 'bt_base': 8384, 'c_base': 16704, 'a_stride': 256, 'bt_stride': 256, 'c_stride': 128, 'mode': 0, 'watchdog': 10000000}",2026-10-04T17:32:31.339683+00:00,2026-10-04T17:32:33.955692+00:00,f6d84ed722db2b65e8be15075480c663f03c719bfa191026379ec3f519cc19b0,b575b8308be59c6384224db321e6d122699829fc0884067eca461d2120e85d8d,fe64433b47eb51a94bb1944030e593824ad174b235ed381949a42c1e0f9d9d30,dc6ddb1b978b6da6279a42fbc13414252707f3c2f7ecc69556cf603939926ccf,Uploaded in this connection; reused only within this case,"{'a': '725381f3e25b0f13b489ad35858d7ad7f637d8d30b26510e4a61b3368012e2e2', 'bt': 'cd6b487fdb2d2085386aa71d5f520e8d7d1a631364c54f97be6affe8c55c983a', 'c': '3ae70336dd333935a5213eec64bc0565332660e3df5be85d2bcb362af26840f9'}",PASS,0.295027099957224,0.19200500001898035,0.5442792000249028,11605,4464,2048,512,4096,3507,0,66,8,32,2638998349,100000000,1024,20864,16768,1.551701799966395,0.031923300004564226,2.583013099967502,0.00011605,4.517776820336063,0.35295131408875485
endurance,1,PASS,True,177,1,0,21413023,1,1,1,"{'m': 1, 'n': 1, 'k': 1, 'a_base': 64, 'bt_base': 256, 'c_base': 448, 'a_stride': 64, 'bt_stride': 64, 'c_stride': 64, 'mode': 1, 'watchdog': 10000000}",2026-10-04T17:32:34.102513+00:00,2026-10-04T17:32:35.027750+00:00,265fda17a34611b1533d8a281ff680dc5791b0ce0a11c25b35e11c8e75685509,8e35c2cd3bf6641bdb0e2050b76932cbb2e6034a0ddacc1d9bea82a6ba57f7cf,12ef34edcca2cdb34eb5645f208dbc127cbac473b92a380ce6a750656943a60e,0fc82fdf8a89d84303b226554af3ae6263d69dea582c5a1299f36daf498bf1a6,Uploaded in this connection; reused only within this case,"{'a': '1b83fa966541536b6683367af97d210fb8ccb124a5dca8ae01b49adc20795a81', 'bt': '008db5327267daff4dfe8e5d4f2f444c8db087aac421c7bfeb01367f0bbd1506', 'c': '735dbfe3062abe6126e23ed1f8283dadae02f917626c963f9a629b49a39ed8a6'}",PASS,0.026485799986403435,0.19202040001982823,0.5440135999815539,219,24,2,1,4,150,0,2,8,32,2638998349,100000000,1,576,572,0.12803550000535324,0.03204880002886057,0.8905552999931388,2.19e-06,0.0009132420091324201,7.134703196347032e-05
endurance,1,PASS,True,178,0,0,21413023,1,1,1,"{'m': 1, 'n': 1, 'k': 1, 'a_base': 64, 'bt_base': 256, 'c_base': 448, 'a_stride': 64, 'bt_stride': 64, 'c_stride': 64, 'mode': 0, 'watchdog': 10000000}",2026-10-04T17:32:35.065916+00:00,2026-10-04T17:32:35.987656+00:00,265fda17a34611b1533d8a281ff680dc5791b0ce0a11c25b35e11c8e75685509,8e35c2cd3bf6641bdb0e2050b76932cbb2e6034a0ddacc1d9bea82a6ba57f7cf,12ef34edcca2cdb34eb5645f208dbc127cbac473b92a380ce6a750656943a60e,0fc82fdf8a89d84303b226554af3ae6263d69dea582c5a1299f36daf498bf1a6,Uploaded in this connection; reused only within this case,"{'a': '1b83fa966541536b6683367af97d210fb8ccb124a5dca8ae01b49adc20795a81', 'bt': '008db5327267daff4dfe8e5d4f2f444c8db087aac421c7bfeb01367f0bbd1506', 'c': '735dbfe3062abe6126e23ed1f8283dadae02f917626c963f9a629b49a39ed8a6'}",PASS,0.024522599996998906,0.19195919996127486,0.5442142999963835,218,24,2,1,4,149,0,2,8,32,2638998349,100000000,1,576,572,0.12799559999257326,0.031812200031708926,0.8886916999472305,2.18e-06,0.0009174311926605505,7.167431192660551e-05
endurance,1,PASS,True,179,0,0,21422996,5,3,9,"{'m': 5, 'n': 3, 'k': 9, 'a_base': 64, 'bt_base': 512, 'c_base': 832, 'a_stride': 64, 'bt_stride': 64, 'c_stride': 64, 'mode': 0, 'watchdog': 10000000}",2026-10-04T17:32:36.134856+00:00,2026-10-04T17:32:37.123641+00:00,aaee855b2dd21a3505b2abfabbbe85add882e932de86d78a787e735c6e3cc17b,241b650c1a256a936ea499e357ba14da49b4914647525c7a6c762504e8f119cc,3f18bfadf6d53c3b6a5c0acb580cf31a1d1ed7cf01a83105c86244a60fb8043e,3233d4d52dd3dc8c76668983ecc38cc590eae3a9c36df4aec814010b91946b5e,Uploaded in this connection; reused only within this case,"{'a': '1e32f0d107b1c742693cbed982734106e0081431bcd7af49c8e7c10f880fc49a', 'bt': '00886b73f98eb92ece200ed75ecbacbabb5eac6fd9f53caf26d03c0db7f05f3c', 'c': '6d07fa4b2cddd66eed3883dc17f6132956e0187e00f4b2214cf82a08f4c6878e'}",PASS,0.0404094000114128,0.19196600001305342,0.5439736999687739,481,32,16,10,60,238,0,10,8,32,2638998349,100000000,15,1216,1156,0.17614759999560192,0.03193480003392324,0.952496699988842,4.81e-06,0.056133056133056136,0.004385395010395011
endurance,1,PASS,True,180,1,0,21422996,5,3,9,"{'m': 5, 'n': 3, 'k': 9, 'a_base': 64, 'bt_base': 512, 'c_base': 832, 'a_stride': 64, 'bt_stride': 64, 'c_stride': 64, 'mode': 1, 'watchdog': 10000000}",2026-10-04T17:32:37.163353+00:00,2026-10-04T17:32:38.147587+00:00,aaee855b2dd21a3505b2abfabbbe85add882e932de86d78a787e735c6e3cc17b,241b650c1a256a936ea499e357ba14da49b4914647525c7a6c762504e8f119cc,3f18bfadf6d53c3b6a5c0acb580cf31a1d1ed7cf01a83105c86244a60fb8043e,3233d4d52dd3dc8c76668983ecc38cc590eae3a9c36df4aec814010b91946b5e,Uploaded in this connection; reused only within this case,"{'a': '1e32f0d107b1c742693cbed982734106e0081431bcd7af49c8e7c10f880fc49a', 'bt': '00886b73f98eb92ece200ed75ecbacbabb5eac6fd9f53caf26d03c0db7f05f3c', 'c': '6d07fa4b2cddd66eed3883dc17f6132956e0187e00f4b2214cf82a08f4c6878e'}",PASS,0.038295799982734025,0.1915844000177458,0.5440175000112504,480,32,16,10,60,237,0,10,8,32,2638998349,100000000,15,1216,1156,0.1760892000165768,0.031978299957700074,0.949986900028307,4.8e-06,0.05625,0.00439453125
endurance,1,PASS,True,181,1,0,21432969,31,33,17,"{'m': 31, 'n': 33, 'k': 17, 'a_base': 64, 'bt_base': 2176, 'c_base': 4416, 'a_stride': 64, 'bt_stride': 64, 'c_stride': 192, 'mode': 1, 'watchdog': 10000000}",2026-10-04T17:32:38.567531+00:00,2026-10-04T17:32:40.579707+00:00,fd1df23fa73997aeffd2fbaa4401989439641520299f66c4163b99e263c8c862,e224b348d0989d40ef607b84be341ee49ab992f25dfa1cabe155151a89fbbeba,cb10d02b712030678945f9d18607f3856e80844641cbf77baf57c852f295e1a4,af2c3b938ab980333c8b47e6f66ea23b5781ddb1052d3732e96426dd7a39f8d3,Uploaded in this connection; reused only within this case,"{'a': '93a680c1b2f8340914512db465f715c02b5c8d73e6e12411e28e1322d5d5e64a', 'bt': '99f3b12cdcb140101927f0827d2d63c2c5fe195f356676d49f6dd3edd3f0167a', 'c': '6e6b125ccbcac5cc5dc4dfcb4c3e9ca2821fc800a13d1a564c3bce9e4c2516bb'}",PASS,0.425274699984584,0.19206820003455505,0.5439135999768041,6520,800,285,527,4092,1247,0,124,8,32,2638998349,100000000,1023,10432,6340,0.8160839999909513,0.03214480000315234,1.9773404999868944,6.52e-05,0.5334662576687117,0.0416770513803681
endurance,1,PASS,True,182,0,0,21432969,31,33,17,"{'m': 31, 'n': 33, 'k': 17, 'a_base': 64, 'bt_base': 2176, 'c_base': 4416, 'a_stride': 64, 'bt_stride': 64, 'c_stride': 192, 'mode': 0, 'watchdog': 10000000}",2026-10-04T17:32:40.619538+00:00,2026-10-04T17:32:42.627359+00:00,fd1df23fa73997aeffd2fbaa4401989439641520299f66c4163b99e263c8c862,e224b348d0989d40ef607b84be341ee49ab992f25dfa1cabe155151a89fbbeba,cb10d02b712030678945f9d18607f3856e80844641cbf77baf57c852f295e1a4,af2c3b938ab980333c8b47e6f66ea23b5781ddb1052d3732e96426dd7a39f8d3,Uploaded in this connection; reused only within this case,"{'a': '93a680c1b2f8340914512db465f715c02b5c8d73e6e12411e28e1322d5d5e64a', 'bt': '99f3b12cdcb140101927f0827d2d63c2c5fe195f356676d49f6dd3edd3f0167a', 'c': '6e6b125ccbcac5cc5dc4dfcb4c3e9ca2821fc800a13d1a564c3bce9e4c2516bb'}",PASS,0.42202540003927425,0.19195919996127486,0.5439277000259608,7335,800,285,527,4092,1914,0,124,8,32,2638998349,100000000,1023,10432,6340,0.8165236000204459,0.03140869998605922,1.9744359000469558,7.335e-05,0.4741922290388548,0.03704626789366053
endurance,1,PASS,True,183,0,0,21442942,33,35,256,"{'m': 33, 'n': 35, 'k': 256, 'a_base': 64, 'bt_base': 8640, 'c_base': 17728, 'a_stride': 256, 'bt_stride': 256, 'c_stride': 192, 'mode': 0, 'watchdog': 10000000}",2026-10-04T17:32:43.989378+00:00,2026-10-04T17:32:46.995403+00:00,b3f666e5e360638949fa63c3bf5c1f2f640c473173834edd8d1caa5dcfc5fcdf,4becdb06a72faf821bfb4d307059531dfdb2fef0d764b582a6b888659bdb6dd1,44629faafe3642d12aad52b0c0b5b7d089ac575f0d00ab642bffd75983fb8465,ae016f0f3a657d1c7f5e6e94946d7d20f76aafd131818fe35660ed0669ceee65,Uploaded in this connection; reused only within this case,"{'a': 'bae6f8a9c1d2274dcfd05c1d37a010b4891e8eb25fd89502af371dfd82c32c6d', 'bt': 'c61287b68a671360859b51f2caae3ed93254ecdb1eb834d6216cf3c1671b8e73', 'c': 'de5b206a4102f065d618ba130df6e07b8b6bfeb9c80eb6adcf47da4f9464154c'}",PASS,0.4599259000387974,0.19230659998720512,0.5437002999824472,19818,6975,4352,594,4620,7684,0,134,8,32,2638998349,100000000,1155,24128,19508,1.7759190000360832,0.03213429998140782,2.971851800044533,0.00019818,2.9839539812291855,0.23312140478353013
endurance,1,PASS,True,184,1,0,21442942,33,35,256,"{'m': 33, 'n': 35, 'k': 256, 'a_base': 64, 'bt_base': 8640, 'c_base': 17728, 'a_stride': 256, 'bt_stride': 256, 'c_stride': 192, 'mode': 1, 'watchdog': 10000000}",2026-10-04T17:32:47.034806+00:00,2026-10-04T17:32:50.035066+00:00,b3f666e5e360638949fa63c3bf5c1f2f640c473173834edd8d1caa5dcfc5fcdf,4becdb06a72faf821bfb4d307059531dfdb2fef0d764b582a6b888659bdb6dd1,44629faafe3642d12aad52b0c0b5b7d089ac575f0d00ab642bffd75983fb8465,ae016f0f3a657d1c7f5e6e94946d7d20f76aafd131818fe35660ed0669ceee65,Uploaded in this connection; reused only within this case,"{'a': 'bae6f8a9c1d2274dcfd05c1d37a010b4891e8eb25fd89502af371dfd82c32c6d', 'bt': 'c61287b68a671360859b51f2caae3ed93254ecdb1eb834d6216cf3c1671b8e73', 'c': 'de5b206a4102f065d618ba130df6e07b8b6bfeb9c80eb6adcf47da4f9464154c'}",PASS,0.45366680005099624,0.19207349995849654,0.5438162999926135,13295,6975,4352,594,4620,3507,0,134,8,32,2638998349,100000000,1155,24128,19508,1.7759908000007272,0.03197430004365742,2.9655474000028335,0.00013295,4.447987965400526,0.34749905979691614
endurance,1,PASS,True,185,1,0,21452915,65,63,255,"{'m': 65, 'n': 63, 'k': 255, 'a_base': 64, 'bt_base': 16832, 'c_base': 33088, 'a_stride': 256, 'bt_stride': 256, 'c_stride': 256, 'mode': 1, 'watchdog': 10000000}",2026-10-04T17:32:52.486130+00:00,2026-10-04T17:32:58.018730+00:00,0a7c937eabb0f938899a58305d19d15a51159599447b591ad6107be673b12edb,39323e1dcfa2d901f0c615c946ea94516e9b14fda7fb153036859248c1e66a5d,a7efd43a9ef47202d6564145895d584d9360bf79a905197cbe4769e64faa4143,8a4a5a6a93abb78c3134a6f319702837fed7478f6a0e725e823a4fa927fd1a76,Uploaded in this connection; reused only within this case,"{'a': '5556f75bc05f0029e71839e6d232187b416264779393b3d55eb15607e2d82fd8', 'bt': 'dae2f35e40e1a82c6e694bba1e79e85313921b006cb530ed15eeebd7678dcc54', 'c': 'f7b86c954d703128cd981deeb688a9a7f6f8d5b63de4d8a7be4b3847a8bb3b91'}",PASS,1.1790446999948472,0.19194560003234074,0.5442782999598421,26447,20016,10208,2080,16380,3473,0,268,8,32,2638998349,100000000,4095,49792,33412,3.5839175000437535,0.03156709996983409,5.499186100030784,0.00026447,7.896736869966348,0.616932567966121
endurance,1,PASS,True,186,0,0,21452915,65,63,255,"{'m': 65, 'n': 63, 'k': 255, 'a_base': 64, 'bt_base': 16832, 'c_base': 33088, 'a_stride': 256, 'bt_stride': 256, 'c_stride': 256, 'mode': 0, 'watchdog': 10000000}",2026-10-04T17:32:58.057905+00:00,2026-10-04T17:33:03.586641+00:00,0a7c937eabb0f938899a58305d19d15a51159599447b591ad6107be673b12edb,39323e1dcfa2d901f0c615c946ea94516e9b14fda7fb153036859248c1e66a5d,a7efd43a9ef47202d6564145895d584d9360bf79a905197cbe4769e64faa4143,8a4a5a6a93abb78c3134a6f319702837fed7478f6a0e725e823a4fa927fd1a76,Uploaded in this connection; reused only within this case,"{'a': '5556f75bc05f0029e71839e6d232187b416264779393b3d55eb15607e2d82fd8', 'bt': 'dae2f35e40e1a82c6e694bba1e79e85313921b006cb530ed15eeebd7678dcc54', 'c': 'f7b86c954d703128cd981deeb688a9a7f6f8d5b63de4d8a7be4b3847a8bb3b91'}",PASS,1.1747086999821477,0.19189510005526245,0.5439875999582,52383,20016,10208,2080,16380,17502,0,268,8,32,2638998349,100000000,4095,49792,33412,3.583869800029788,0.032081999990623444,5.494461200025398,0.00052383,3.9868850581295456,0.3114753951663708
endurance,1,PASS,True,187,0,0,21462888,1,64,256,"{'m': 1, 'n': 64, 'k': 256, 'a_base': 64, 'bt_base': 448, 'c_base': 16960, 'a_stride': 256, 'bt_stride': 256, 'c_stride': 256, 'mode': 0, 'watchdog': 10000000}",2026-10-04T17:33:04.884084+00:00,2026-10-04T17:33:07.011188+00:00,e4be40fbfd7f7cd9d8152d807ff5a03e14288e9e499289b14e96f803c40b92ae,dd735afc4a7eafc19968038ddb16a4fcd58ec4aa084ebab859620d669f39f92e,a0662f9742933beaae6ad8ffec657ad05084ad9151917f25b64dee29c9233655,40775ecdcad1ba61294c32f95a9fc90c2efb0e3eb4111192523bbd64cc54e9f9,Uploaded in this connection; reused only within this case,"{'a': '934e2f58fa1ef32cff1baea42d0385a629c8bd1e6ea1e4b17a5c927e47e76af1', 'bt': '76e0efac448a00d153ec37d22f3d2daf6efd2f5910961d05cdf45d79d67196ae', 'c': '45d18ac660574d777bc758037b89eb8cd126c2ceacf77b4d8282ba6cde884414'}",PASS,0.04552240000339225,0.19203679997008294,0.5439665000303648,6259,2232,2112,32,256,3753,0,4,8,32,2638998349,100000000,64,17280,17024,1.312091399973724,0.03254889999516308,2.093617099977564,6.259e-05,0.5235341108803323,0.04090110241252596
endurance,1,PASS,True,188,1,0,21462888,1,64,256,"{'m': 1, 'n': 64, 'k': 256, 'a_base': 64, 'bt_base': 448, 'c_base': 16960, 'a_stride': 256, 'bt_stride': 256, 'c_stride': 256, 'mode': 1, 'watchdog': 10000000}",2026-10-04T17:33:07.053008+00:00,2026-10-04T17:33:09.170310+00:00,e4be40fbfd7f7cd9d8152d807ff5a03e14288e9e499289b14e96f803c40b92ae,dd735afc4a7eafc19968038ddb16a4fcd58ec4aa084ebab859620d669f39f92e,a0662f9742933beaae6ad8ffec657ad05084ad9151917f25b64dee29c9233655,40775ecdcad1ba61294c32f95a9fc90c2efb0e3eb4111192523bbd64cc54e9f9,Uploaded in this connection; reused only within this case,"{'a': '934e2f58fa1ef32cff1baea42d0385a629c8bd1e6ea1e4b17a5c927e47e76af1', 'bt': '76e0efac448a00d153ec37d22f3d2daf6efd2f5910961d05cdf45d79d67196ae', 'c': '45d18ac660574d777bc758037b89eb8cd126c2ceacf77b4d8282ba6cde884414'}",PASS,0.03491390001727268,0.1920539999846369,0.5438340000109747,5040,2232,2112,32,256,2657,0,4,8,32,2638998349,100000000,64,17280,17024,1.3119809000054374,0.031936699990183115,2.0827828000183217,5.04e-05,0.6501587301587302,0.050793650793650794
endurance,1,PASS,True,189,1,0,21472861,64,1,256,"{'m': 64, 'n': 1, 'k': 256, 'a_base': 64, 'bt_base': 16576, 'c_base': 16960, 'a_stride': 256, 'bt_stride': 256, 'c_stride': 64, 'mode': 1, 'watchdog': 10000000}",2026-10-04T17:33:10.469404+00:00,2026-10-04T17:33:13.106261+00:00,cbbd49c9a4af1065186175626c7a4705754ad0f3acbaee7a6a674998da493c79,2358d9b051edf5a4f5a32c07cc98d3ffbdae1c69e3c314750c832a8d1b529ae3,b147aa59424c3c2854379ed8b4a272714601195221990f04a33cdefd82d5d32e,1e53395b80b84bbb5097b3519bc1ed89bd111c1281618f7093077a8d3864ea8f,Uploaded in this connection; reused only within this case,"{'a': 'c3307dc3cfab1a60bb483d88fd11820a8501e13ae0d4732b77f3d673de4a82e7', 'bt': 'af12936435b6f8ef0b8842a49418e85d2fe86bd5cbeeb27f8b12ff389822334c', 'c': 'cb211b381000586825fdf50b787a8d5f60d5f4cf860e0defd91260aae7019b8d'}",PASS,0.2977152999956161,0.19200680003268644,0.5439551000017673,6016,2232,2112,64,256,2591,0,128,8,32,2638998349,100000000,64,21120,20864,1.568015299970284,0.03196240001125261,2.601692500000354,6.016e-05,0.5446808510638298,0.0425531914893617
endurance,1,PASS,True,190,0,0,21472861,64,1,256,"{'m': 64, 'n': 1, 'k': 256, 'a_base': 64, 'bt_base': 16576, 'c_base': 16960, 'a_stride': 256, 'bt_stride': 256, 'c_stride': 64, 'mode': 0, 'watchdog': 10000000}",2026-10-04T17:33:13.150229+00:00,2026-10-04T17:33:15.778105+00:00,cbbd49c9a4af1065186175626c7a4705754ad0f3acbaee7a6a674998da493c79,2358d9b051edf5a4f5a32c07cc98d3ffbdae1c69e3c314750c832a8d1b529ae3,b147aa59424c3c2854379ed8b4a272714601195221990f04a33cdefd82d5d32e,1e53395b80b84bbb5097b3519bc1ed89bd111c1281618f7093077a8d3864ea8f,Uploaded in this connection; reused only within this case,"{'a': 'c3307dc3cfab1a60bb483d88fd11820a8501e13ae0d4732b77f3d673de4a82e7', 'bt': 'af12936435b6f8ef0b8842a49418e85d2fe86bd5cbeeb27f8b12ff389822334c', 'c': 'cb211b381000586825fdf50b787a8d5f60d5f4cf860e0defd91260aae7019b8d'}",PASS,0.2897223999607377,0.19190910004545003,0.5454407999641262,8294,2232,2112,64,256,3711,0,128,8,32,2638998349,100000000,64,21120,20864,1.5665458000148647,0.03187870001420379,2.5936180999851786,8.294e-05,0.3950807812876778,0.030865686038099832
endurance,1,PASS,True,191,0,0,21482834,32,32,256,"{'m': 32, 'n': 32, 'k': 256, 'a_base': 64, 'bt_base': 8384, 'c_base': 16704, 'a_stride': 256, 'bt_stride': 256, 'c_stride': 128, 'mode': 0, 'watchdog': 10000000}",2026-10-04T17:33:17.078883+00:00,2026-10-04T17:33:19.697994+00:00,87d67ac59d5a3558c339173c9ee929e99e883e652f283b7a6d58be59d486b7fc,e94a3a02e6d6b69c716832fc44f9b4c5df8325fb01937ca978b1e83468559f6f,c448c079b9f8a11173e16f02b98ab5895fe448511cf2cc2a984b02bc257e048f,464d73abcb9d9c2f6be9ead54f43c51e47105b22d20d525030fe0b6037f56f88,Uploaded in this connection; reused only within this case,"{'a': 'ad50825886534505f0b813d769167bb76f3c777d01a221863c7239b6321c7f83', 'bt': 'deab38bba9194fd2aea9e9604138f2175d11c9176e0f5bfd0c43b6b0dc6b1922', 'c': '6849e5cb208f10abac54e7c707585aa402e7595c24edcade97a9655c3297a39a'}",PASS,0.2967792999697849,0.1921862000017427,0.5437118000118062,11585,4464,2048,512,4096,3481,0,66,8,32,2638998349,100000000,1024,20864,16768,1.551879300037399,0.032019599981140345,2.5845566000207327,0.00011585,4.525576176089771,0.3535606387570134
endurance,1,PASS,True,192,1,0,21482834,32,32,256,"{'m': 32, 'n': 32, 'k': 256, 'a_base': 64, 'bt_base': 8384, 'c_base': 16704, 'a_stride': 256, 'bt_stride': 256, 'c_stride': 128, 'mode': 1, 'watchdog': 10000000}",2026-10-04T17:33:19.739813+00:00,2026-10-04T17:33:22.370050+00:00,87d67ac59d5a3558c339173c9ee929e99e883e652f283b7a6d58be59d486b7fc,e94a3a02e6d6b69c716832fc44f9b4c5df8325fb01937ca978b1e83468559f6f,c448c079b9f8a11173e16f02b98ab5895fe448511cf2cc2a984b02bc257e048f,464d73abcb9d9c2f6be9ead54f43c51e47105b22d20d525030fe0b6037f56f88,Uploaded in this connection; reused only within this case,"{'a': 'ad50825886534505f0b813d769167bb76f3c777d01a221863c7239b6321c7f83', 'bt': 'deab38bba9194fd2aea9e9604138f2175d11c9176e0f5bfd0c43b6b0dc6b1922', 'c': '6849e5cb208f10abac54e7c707585aa402e7595c24edcade97a9655c3297a39a'}",PASS,0.29208700003800914,0.1918944999924861,0.5449866999988444,11566,4464,2048,512,4096,3479,0,66,8,32,2638998349,100000000,1024,20864,16768,1.5669122000108473,0.032191599952057004,2.595880400040187,0.00011566,4.533010548158396,0.35414144907487466
endurance,1,PASS,True,193,0,0,21517752,1,1,1,"{'m': 1, 'n': 1, 'k': 1, 'a_base': 64, 'bt_base': 256, 'c_base': 448, 'a_stride': 64, 'bt_stride': 64, 'c_stride': 64, 'mode': 0, 'watchdog': 10000000}",2026-10-04T17:33:22.534044+00:00,2026-10-04T17:33:23.474254+00:00,88aa3e3b1f22c616b1817981215e7d1e75fa32b22233ebb8477f64600a5ace1f,d16bd22f7196c0a70f4b12aa0b290c4c4acecd5d6ba350ecc8447fbdf4c3819b,b95de5cfbd3ee47a6ec355b27d35b4700a37f735847c660500d596bc8746a429,c8d331f5c45e578da003120528e7dcb1e99403a959583ccc2afccb0fbefc5af7,Uploaded in this connection; reused only within this case,"{'a': 'b9cd30edc84d0c2f3e1444402fa0be0d4023aa26ea8b78d5de972bd959f19c33', 'bt': '7159daebd16f06bc55457e6a63a39f031921919613393ba5aa2f04e08679a558', 'c': '6cf86a915327aab9a8a5c00716fd18c13914f5ad82cd24f9290bba3dfdfc0861'}",PASS,0.023648399976082146,0.19246580003527924,0.5526627999497578,221,24,2,1,4,152,0,2,8,32,2638998349,100000000,1,576,572,0.1349554000189528,0.03223690000595525,0.9037323999800719,2.21e-06,0.0009049773755656108,7.070135746606335e-05
endurance,1,PASS,True,194,1,0,21517752,1,1,1,"{'m': 1, 'n': 1, 'k': 1, 'a_base': 64, 'bt_base': 256, 'c_base': 448, 'a_stride': 64, 'bt_stride': 64, 'c_stride': 64, 'mode': 1, 'watchdog': 10000000}",2026-10-04T17:33:23.608518+00:00,2026-10-04T17:33:24.529892+00:00,88aa3e3b1f22c616b1817981215e7d1e75fa32b22233ebb8477f64600a5ace1f,d16bd22f7196c0a70f4b12aa0b290c4c4acecd5d6ba350ecc8447fbdf4c3819b,b95de5cfbd3ee47a6ec355b27d35b4700a37f735847c660500d596bc8746a429,c8d331f5c45e578da003120528e7dcb1e99403a959583ccc2afccb0fbefc5af7,Uploaded in this connection; reused only within this case,"{'a': 'b9cd30edc84d0c2f3e1444402fa0be0d4023aa26ea8b78d5de972bd959f19c33', 'bt': '7159daebd16f06bc55457e6a63a39f031921919613393ba5aa2f04e08679a558', 'c': '6cf86a915327aab9a8a5c00716fd18c13914f5ad82cd24f9290bba3dfdfc0861'}",PASS,0.022661700029857457,0.19229659996926785,0.5438721000100486,220,24,2,1,4,151,0,2,8,32,2638998349,100000000,1,576,572,0.12784460000693798,0.03202899999450892,0.8866750000161119,2.2e-06,0.0009090909090909091,7.102272727272727e-05
endurance,1,PASS,True,195,1,0,21527725,5,3,9,"{'m': 5, 'n': 3, 'k': 9, 'a_base': 64, 'bt_base': 512, 'c_base': 832, 'a_stride': 64, 'bt_stride': 64, 'c_stride': 64, 'mode': 1, 'watchdog': 10000000}",2026-10-04T17:33:24.692284+00:00,2026-10-04T17:33:25.681784+00:00,e96030720d8e90e48fdef8dc8ca699a76ea4d9801c515ffc9090189ce037d53f,2857c598eba183ca1082ca30415a7659d5c197bd8565e637de03cffb282de326,47901e1eaabe20affd19251ceac5b2a9da64666bafd12641879208edcd91be34,5701f78c9f6cf9261493334c42dc3745a25a06c55010f88362913560e07bb1b2,Uploaded in this connection; reused only within this case,"{'a': '8b1aa69871a25ec75a5edf5c3b3ace48ef5d679e24d799a3904a06a5f61be57e', 'bt': 'c4882bd9e8673b5c8b9e1c286bbe230e4377bdeef5a0788b89ad4e9e80bf0b7c', 'c': 'da43e9cc5077d6d44ede13483f6c9bea60c00cfcf58484f00ef01440d08639bd'}",PASS,0.04428970004664734,0.19203769997693598,0.5439132999745198,478,32,16,10,60,235,0,10,8,32,2638998349,100000000,15,1216,1156,0.17609910003375262,0.031936699990183115,0.9563398000318557,4.78e-06,0.056485355648535567,0.004412918410041841
endurance,1,PASS,True,196,0,0,21527725,5,3,9,"{'m': 5, 'n': 3, 'k': 9, 'a_base': 64, 'bt_base': 512, 'c_base': 832, 'a_stride': 64, 'bt_stride': 64, 'c_stride': 64, 'mode': 0, 'watchdog': 10000000}",2026-10-04T17:33:25.728967+00:00,2026-10-04T17:33:26.721732+00:00,e96030720d8e90e48fdef8dc8ca699a76ea4d9801c515ffc9090189ce037d53f,2857c598eba183ca1082ca30415a7659d5c197bd8565e637de03cffb282de326,47901e1eaabe20affd19251ceac5b2a9da64666bafd12641879208edcd91be34,5701f78c9f6cf9261493334c42dc3745a25a06c55010f88362913560e07bb1b2,Uploaded in this connection; reused only within this case,"{'a': '8b1aa69871a25ec75a5edf5c3b3ace48ef5d679e24d799a3904a06a5f61be57e', 'bt': 'c4882bd9e8673b5c8b9e1c286bbe230e4377bdeef5a0788b89ad4e9e80bf0b7c', 'c': 'da43e9cc5077d6d44ede13483f6c9bea60c00cfcf58484f00ef01440d08639bd'}",PASS,0.045838700025342405,0.1919196000089869,0.5439858000027016,479,32,16,10,60,236,0,10,8,32,2638998349,100000000,15,1216,1156,0.1825274999719113,0.025466900027822703,0.9642716000089422,4.79e-06,0.05636743215031315,0.004403705636743215
endurance,1,PASS,True,197,0,0,21537698,31,33,17,"{'m': 31, 'n': 33, 'k': 17, 'a_base': 64, 'bt_base': 2176, 'c_base': 4416, 'a_stride': 64, 'bt_stride': 64, 'c_stride': 192, 'mode': 0, 'watchdog': 10000000}",2026-10-04T17:33:27.141282+00:00,2026-10-04T17:33:29.169674+00:00,57c78b2c0a2ed5ff522375eedc545099509d73aae1534793f9d2bdb0534d09f2,5b2150c1731a438fbbfa9e33032226a0bc42590fd6e2cfc6b64101428e00243c,832e7a4e710bc0b6aa97391ada68a7975d2e75dd47b027cf04c307483fa28abb,b63eff3a37d7ce8c2699dce9d42e70bd8f3b8989576fb4f14199e9854578173e,Uploaded in this connection; reused only within this case,"{'a': '315d29607403efe6fb55d8cf413efceefff34b743b2466c2ecc48fd8ee17e29d', 'bt': '1fa7ad1af6db6991e81c17f55625334f14b7e1a259c0ca81e6f6adf2f7d480b0', 'c': 'a1599e24caf5310fa6e1833f6a7ab2f9191162b8e53c42e29b9e6194c7225f95'}",PASS,0.42636560002574697,0.19205630000215024,0.5438857999979518,7351,800,285,527,4092,1916,0,124,8,32,2638998349,100000000,1023,10432,6340,0.8320003999979235,0.03201749996514991,1.9943081000237726,7.351e-05,0.47316011427016735,0.03696563392735682
endurance,1,PASS,True,198,1,0,21537698,31,33,17,"{'m': 31, 'n': 33, 'k': 17, 'a_base': 64, 'bt_base': 2176, 'c_base': 4416, 'a_stride': 64, 'bt_stride': 64, 'c_stride': 192, 'mode': 1, 'watchdog': 10000000}",2026-10-04T17:33:29.210220+00:00,2026-10-04T17:33:31.217557+00:00,57c78b2c0a2ed5ff522375eedc545099509d73aae1534793f9d2bdb0534d09f2,5b2150c1731a438fbbfa9e33032226a0bc42590fd6e2cfc6b64101428e00243c,832e7a4e710bc0b6aa97391ada68a7975d2e75dd47b027cf04c307483fa28abb,b63eff3a37d7ce8c2699dce9d42e70bd8f3b8989576fb4f14199e9854578173e,Uploaded in this connection; reused only within this case,"{'a': '315d29607403efe6fb55d8cf413efceefff34b743b2466c2ecc48fd8ee17e29d', 'bt': '1fa7ad1af6db6991e81c17f55625334f14b7e1a259c0ca81e6f6adf2f7d480b0', 'c': 'a1599e24caf5310fa6e1833f6a7ab2f9191162b8e53c42e29b9e6194c7225f95'}",PASS,0.420809899980668,0.19194859999697655,0.5440680999890901,6519,800,285,527,4092,1230,0,124,8,32,2638998349,100000000,1023,10432,6340,0.8159891000250354,0.03187989996513352,1.97281569999177,6.519e-05,0.5335480901978831,0.041683444546709615
endurance,1,PASS,True,199,1,0,21547671,33,35,256,"{'m': 33, 'n': 35, 'k': 256, 'a_base': 64, 'bt_base': 8640, 'c_base': 17728, 'a_stride': 256, 'bt_stride': 256, 'c_stride': 192, 'mode': 1, 'watchdog': 10000000}",2026-10-04T17:33:32.581521+00:00,2026-10-04T17:33:35.585388+00:00,ea2a329d5efd0fb623b4cfb29cbc380ce10588e8a272bb40df45139775b1f52a,f9a61eb3d16916c0a0dbf00b841f6b2767087e789751fa78e8ab4ba6730ca1cf,853cd92897a35c7ade3bea2432b1a4559f66b30d80e40c2f7efa1c45deeda61c,87bc1e750cc88fc9268d6139bb83a5e50b0476699f41038d38eba4f219a8d091,Uploaded in this connection; reused only within this case,"{'a': '36c15f871db5f8f6951f603ca0cd4d45ae3436470955c8e27cc9c0a32612aba0', 'bt': 'bf4803f960a650fdaedcc0bdd689d01ea447adb183f218f7374e516349dc58cb', 'c': 'dadda38d1881ec4820161737e13b95cb2aa95f5014da4b4bc9028cce81153570'}",PASS,0.457902499998454,0.19197139999596402,0.5439920000499114,13237,6975,4352,594,4620,3464,0,134,8,32,2638998349,100000000,1155,24128,19508,1.7761460999608971,0.03179800003999844,2.9700120000052266,0.00013237,4.467477525118984,0.3490216816499207
endurance,1,PASS,True,200,0,0,21547671,33,35,256,"{'m': 33, 'n': 35, 'k': 256, 'a_base': 64, 'bt_base': 8640, 'c_base': 17728, 'a_stride': 256, 'bt_stride': 256, 'c_stride': 192, 'mode': 0, 'watchdog': 10000000}",2026-10-04T17:33:35.616222+00:00,2026-10-04T17:33:38.625256+00:00,ea2a329d5efd0fb623b4cfb29cbc380ce10588e8a272bb40df45139775b1f52a,f9a61eb3d16916c0a0dbf00b841f6b2767087e789751fa78e8ab4ba6730ca1cf,853cd92897a35c7ade3bea2432b1a4559f66b30d80e40c2f7efa1c45deeda61c,87bc1e750cc88fc9268d6139bb83a5e50b0476699f41038d38eba4f219a8d091,Uploaded in this connection; reused only within this case,"{'a': '36c15f871db5f8f6951f603ca0cd4d45ae3436470955c8e27cc9c0a32612aba0', 'bt': 'bf4803f960a650fdaedcc0bdd689d01ea447adb183f218f7374e516349dc58cb', 'c': 'dadda38d1881ec4820161737e13b95cb2aa95f5014da4b4bc9028cce81153570'}",PASS,0.46399409999139607,0.1920731000136584,0.5439493999583647,19787,6975,4352,594,4620,7647,0,134,8,32,2638998349,100000000,1155,24128,19508,1.7760271000443026,0.03186589997494593,2.976043700007722,0.00019787,2.988628897761156,0.23348663263759034
endurance,1,PASS,True,201,0,0,21557644,65,63,255,"{'m': 65, 'n': 63, 'k': 255, 'a_base': 64, 'bt_base': 16832, 'c_base': 33088, 'a_stride': 256, 'bt_stride': 256, 'c_stride': 256, 'mode': 0, 'watchdog': 10000000}",2026-10-04T17:33:41.076667+00:00,2026-10-04T17:33:46.609001+00:00,90d74d35d927e2d012e9dd344201949f53efe42d23452a71141430f88c2ebb54,668c66d3d023e60fd1e2a2e5b5d02905c55446691da74bc5859fb380b781d6c0,44558b6f9b6273928ac1c349cb931549ad13279bbd64b3fcf4690f0f835748d8,e6414d9f744e04789c70e0df8f2a2bbaaa0bc27704261a9bb3abd7777b14edf1,Uploaded in this connection; reused only within this case,"{'a': 'cb09696caa3057fdf1bab499b016e6847738e6375a1cfbf07f3fc143f3f92c12', 'bt': '5e1008821b1ad469005ec227e1cf5726af0aa556c6047645921bd72004ffb3df', 'c': 'd6972e757c9d22b7b6734b9c962fab0be8a8c95174a64707ce65dd38d5cfafc6'}",PASS,1.1786053000250831,0.19187219999730587,0.5439443999784999,52336,20016,10208,2080,16380,17463,0,268,8,32,2638998349,100000000,4095,49792,33412,3.584020700014662,0.031795899965800345,5.498442600015551,0.00052336,3.9904654539896054,0.31175511359293795
endurance,1,PASS,True,202,1,0,21557644,65,63,255,"{'m': 65, 'n': 63, 'k': 255, 'a_base': 64, 'bt_base': 16832, 'c_base': 33088, 'a_stride': 256, 'bt_stride': 256, 'c_stride': 256, 'mode': 1, 'watchdog': 10000000}",2026-10-04T17:33:46.653259+00:00,2026-10-04T17:33:52.224808+00:00,90d74d35d927e2d012e9dd344201949f53efe42d23452a71141430f88c2ebb54,668c66d3d023e60fd1e2a2e5b5d02905c55446691da74bc5859fb380b781d6c0,44558b6f9b6273928ac1c349cb931549ad13279bbd64b3fcf4690f0f835748d8,e6414d9f744e04789c70e0df8f2a2bbaaa0bc27704261a9bb3abd7777b14edf1,Uploaded in this connection; reused only within this case,"{'a': 'cb09696caa3057fdf1bab499b016e6847738e6375a1cfbf07f3fc143f3f92c12', 'bt': '5e1008821b1ad469005ec227e1cf5726af0aa556c6047645921bd72004ffb3df', 'c': 'd6972e757c9d22b7b6734b9c962fab0be8a8c95174a64707ce65dd38d5cfafc6'}",PASS,1.1689932000008412,0.1920842999825254,0.544019200024195,26422,20016,10208,2080,16380,3488,0,268,8,32,2638998349,100000000,4095,49792,33412,3.6317937999847345,0.03195500001311302,5.536890499992296,0.00026422,7.90420861403376,0.6175162979713875
endurance,1,PASS,True,203,1,0,21567617,1,64,256,"{'m': 1, 'n': 64, 'k': 256, 'a_base': 64, 'bt_base': 448, 'c_base': 16960, 'a_stride': 256, 'bt_stride': 256, 'c_stride': 256, 'mode': 1, 'watchdog': 10000000}",2026-10-04T17:33:53.540240+00:00,2026-10-04T17:33:55.664683+00:00,6cf3b77452d0a9ea280b8a680ad03c203920a68eb3fe8ae90b7d9aac29dbdffc,c517769cc85084caa066f252c2407373a32b4beb0b057517204f9c20a6212c81,124d33f9d03d1151f0a7fd9c1cb78c314c685abd7927ccad9b8cfc38b38999d5,7759c936e4015f60b8a0befe1ce215f2862773196d4061c31e0180d981a58f16,Uploaded in this connection; reused only within this case,"{'a': '272bf5fcf3ee55dbe57ba8ee3017002a24ca3a5f3628ff5adb9696c1703c45a4', 'bt': 'b222ba64579cb2e76cfaadfe50533b610a5590d468e4b691f747515306b7fae6', 'c': '042962cfb793c118f3880cedb1eefc294efff1e3e0de46c8f4710606f13335be'}",PASS,0.042087300040293485,0.19196039997041225,0.5440482000121847,5011,2232,2112,32,256,2618,0,4,8,32,2638998349,100000000,64,17280,17024,1.3120364000205882,0.03186879999702796,2.0901323000434786,5.011e-05,0.6539213729794452,0.05108760726401916
endurance,1,PASS,True,204,0,0,21567617,1,64,256,"{'m': 1, 'n': 64, 'k': 256, 'a_base': 64, 'bt_base': 448, 'c_base': 16960, 'a_stride': 256, 'bt_stride': 256, 'c_stride': 256, 'mode': 0, 'watchdog': 10000000}",2026-10-04T17:33:55.711581+00:00,2026-10-04T17:33:57.904622+00:00,6cf3b77452d0a9ea280b8a680ad03c203920a68eb3fe8ae90b7d9aac29dbdffc,c517769cc85084caa066f252c2407373a32b4beb0b057517204f9c20a6212c81,124d33f9d03d1151f0a7fd9c1cb78c314c685abd7927ccad9b8cfc38b38999d5,7759c936e4015f60b8a0befe1ce215f2862773196d4061c31e0180d981a58f16,Uploaded in this connection; reused only within this case,"{'a': '272bf5fcf3ee55dbe57ba8ee3017002a24ca3a5f3628ff5adb9696c1703c45a4', 'bt': 'b222ba64579cb2e76cfaadfe50533b610a5590d468e4b691f747515306b7fae6', 'c': '042962cfb793c118f3880cedb1eefc294efff1e3e0de46c8f4710606f13335be'}",PASS,0.04768570000305772,0.19202810002025217,0.6079319999553263,6263,2232,2112,32,256,3755,0,4,8,32,2638998349,100000000,64,17280,17024,1.312057500006631,0.03194780001649633,2.159703299985267,6.263e-05,0.5231997445313747,0.04087498004151365
endurance,1,PASS,True,205,0,0,21577590,64,1,256,"{'m': 64, 'n': 1, 'k': 256, 'a_base': 64, 'bt_base': 16576, 'c_base': 16960, 'a_stride': 256, 'bt_stride': 256, 'c_stride': 64, 'mode': 0, 'watchdog': 10000000}",2026-10-04T17:33:59.304636+00:00,2026-10-04T17:34:01.936675+00:00,28fe1532b456ad9c20bf72cfa60ac267d430dd7dd5ce6e27497d702f09d093e4,f7d5f1654deab8a76aeb92f575509c269ebcca8881f10a3ed029373dfa3a6a6c,200f07a1f7287e617e108fced3ae4ea3c97c8190f77395fc4e653061df9dad92,4b2fb042465c95d35d8c66905df9b9fd32981fa0c51af9721a0a30e339cc0f7a,Uploaded in this connection; reused only within this case,"{'a': '813d15cacba35ca8f71c48bd74529a994663edff6d10423aca8cf5a18168b3a9', 'bt': 'b9506facbcaaae75f1e7f93525495bfbf6dd74ba5ddbd712779d3e3be6418803', 'c': 'be99ceb238dc1a5f7cfcd101e453a5eae24d9184734931e41501a5da3500347e'}",PASS,0.2902804000186734,0.19479370000772178,0.5419980000006035,8302,2232,2112,64,256,3711,0,128,8,32,2638998349,100000000,64,21120,20864,1.5673084000009112,0.03194069996243343,2.59438050002791,8.302e-05,0.39470007227174175,0.030835943146229824
endurance,1,PASS,True,206,1,0,21577590,64,1,256,"{'m': 64, 'n': 1, 'k': 256, 'a_base': 64, 'bt_base': 16576, 'c_base': 16960, 'a_stride': 256, 'bt_stride': 256, 'c_stride': 64, 'mode': 1, 'watchdog': 10000000}",2026-10-04T17:34:02.002697+00:00,2026-10-04T17:34:04.656366+00:00,28fe1532b456ad9c20bf72cfa60ac267d430dd7dd5ce6e27497d702f09d093e4,f7d5f1654deab8a76aeb92f575509c269ebcca8881f10a3ed029373dfa3a6a6c,200f07a1f7287e617e108fced3ae4ea3c97c8190f77395fc4e653061df9dad92,4b2fb042465c95d35d8c66905df9b9fd32981fa0c51af9721a0a30e339cc0f7a,Uploaded in this connection; reused only within this case,"{'a': '813d15cacba35ca8f71c48bd74529a994663edff6d10423aca8cf5a18168b3a9', 'bt': 'b9506facbcaaae75f1e7f93525495bfbf6dd74ba5ddbd712779d3e3be6418803', 'c': 'be99ceb238dc1a5f7cfcd101e453a5eae24d9184734931e41501a5da3500347e'}",PASS,0.2985554999904707,0.19201500003691763,0.543968899990432,6036,2232,2112,64,256,2611,0,128,8,32,2638998349,100000000,64,21120,20864,1.584049800003413,0.03190309996716678,2.6185892000212334,6.036e-05,0.5428760768721007,0.04241219350563287
endurance,1,PASS,True,207,1,0,21587563,32,32,256,"{'m': 32, 'n': 32, 'k': 256, 'a_base': 64, 'bt_base': 8384, 'c_base': 16704, 'a_stride': 256, 'bt_stride': 256, 'c_stride': 128, 'mode': 1, 'watchdog': 10000000}",2026-10-04T17:34:05.971646+00:00,2026-10-04T17:34:08.611056+00:00,d7c1b33143387a43944b21402a40b34d3dd48c61954419aa9b9119f2d825f26a,dc3634bff37243190c2aa4de1cae5176e8e2b736b7f55bc243225e251b4a84dd,4da68f3d102ceebb7e3a5ee2855c8238b35ec8f765a7cd2b5d86a279e3d8ee82,93dd18e14c7c6a90214663b4019831a625ba99ba73984f1f942277984adc5adc,Uploaded in this connection; reused only within this case,"{'a': 'd23d2e5d57009ddbaa003e7753db6fcd2011304276b5d4a4e09cd177e40f6e59', 'bt': '178a5af4e21a5dca4ceb27ba64bb5e4cf2eb10288987dfd1723d11a19f5754b8', 'c': 'edf9632e45712f415ddd45e759133208887fa319c274cf11d9c60ac8cb155b52'}",PASS,0.2978640000219457,0.1919628999894485,0.5440043000271544,11564,4464,2048,512,4096,3449,0,66,8,32,2638998349,100000000,1024,20864,16768,1.5693078999756835,0.033464399981312454,2.603139100014232,0.00011564,4.533794534763057,0.3542026980283639
endurance,1,PASS,True,208,0,0,21587563,32,32,256,"{'m': 32, 'n': 32, 'k': 256, 'a_base': 64, 'bt_base': 8384, 'c_base': 16704, 'a_stride': 256, 'bt_stride': 256, 'c_stride': 128, 'mode': 0, 'watchdog': 10000000}",2026-10-04T17:34:08.732125+00:00,2026-10-04T17:34:11.344249+00:00,d7c1b33143387a43944b21402a40b34d3dd48c61954419aa9b9119f2d825f26a,dc3634bff37243190c2aa4de1cae5176e8e2b736b7f55bc243225e251b4a84dd,4da68f3d102ceebb7e3a5ee2855c8238b35ec8f765a7cd2b5d86a279e3d8ee82,93dd18e14c7c6a90214663b4019831a625ba99ba73984f1f942277984adc5adc,Uploaded in this connection; reused only within this case,"{'a': 'd23d2e5d57009ddbaa003e7753db6fcd2011304276b5d4a4e09cd177e40f6e59', 'bt': '178a5af4e21a5dca4ceb27ba64bb5e4cf2eb10288987dfd1723d11a19f5754b8', 'c': 'edf9632e45712f415ddd45e759133208887fa319c274cf11d9c60ac8cb155b52'}",PASS,0.2897368999547325,0.1918926000362262,0.5444454000098631,11581,4464,2048,512,4096,3472,0,66,8,32,2638998349,100000000,1024,20864,16768,1.5516924999537878,0.03191479999804869,2.5777673999546096,0.00011581,4.527139279854935,0.3536827562386668
endurance,1,PASS,True,209,1,0,21622481,1,1,1,"{'m': 1, 'n': 1, 'k': 1, 'a_base': 64, 'bt_base': 256, 'c_base': 448, 'a_stride': 64, 'bt_stride': 64, 'c_stride': 64, 'mode': 1, 'watchdog': 10000000}",2026-10-04T17:34:11.588951+00:00,2026-10-04T17:34:12.512066+00:00,383e5d7d58caa41ce723cf16af471b38f6ee9065c032d07fa6bef1678cb72f1d,021fb596db81e6d02bf3d2586ee3981fe519f275c0ac9ca76bbcf2ebb4097d96,5e8fd06075727e819a5f1ba3b167b6ccece479231bbf942baf679d9c71755949,9b54ef334d2c526cfa8a48546f2716aec0504892d9ea3b70579f74e9ad694a8a,Uploaded in this connection; reused only within this case,"{'a': '6dec5a2c6e8787bf80834c550816c566aae9b7021a25b42d6ff6bf722a527e1a', 'bt': '0609552ace50aad05a8b6282eb5bb6033910bea6ca791d1c93a2a8d557f90f18', 'c': 'd6c7d90e46819e36aecaa6ae8b8b669fbae99a923d1c216d8113656102c88c69'}",PASS,0.02363899996271357,0.1919628000468947,0.5439452999853529,219,24,2,1,4,150,0,2,8,32,2638998349,100000000,1,576,572,0.12806040002033114,0.031935099977999926,0.8876075000152923,2.19e-06,0.0009132420091324201,7.134703196347032e-05
endurance,1,PASS,True,210,0,0,21622481,1,1,1,"{'m': 1, 'n': 1, 'k': 1, 'a_base': 64, 'bt_base': 256, 'c_base': 448, 'a_stride': 64, 'bt_stride': 64, 'c_stride': 64, 'mode': 0, 'watchdog': 10000000}",2026-10-04T17:34:12.577327+00:00,2026-10-04T17:34:13.504008+00:00,383e5d7d58caa41ce723cf16af471b38f6ee9065c032d07fa6bef1678cb72f1d,021fb596db81e6d02bf3d2586ee3981fe519f275c0ac9ca76bbcf2ebb4097d96,5e8fd06075727e819a5f1ba3b167b6ccece479231bbf942baf679d9c71755949,9b54ef334d2c526cfa8a48546f2716aec0504892d9ea3b70579f74e9ad694a8a,Uploaded in this connection; reused only within this case,"{'a': '6dec5a2c6e8787bf80834c550816c566aae9b7021a25b42d6ff6bf722a527e1a', 'bt': '0609552ace50aad05a8b6282eb5bb6033910bea6ca791d1c93a2a8d557f90f18', 'c': 'd6c7d90e46819e36aecaa6ae8b8b669fbae99a923d1c216d8113656102c88c69'}",PASS,0.026396900007966906,0.19207129999995232,0.5441986999940127,219,24,2,1,4,150,0,2,8,32,2638998349,100000000,1,576,572,0.12778709997655824,0.0319333000225015,0.8904539999784902,2.19e-06,0.0009132420091324201,7.134703196347032e-05
endurance,1,PASS,True,211,0,0,21632454,5,3,9,"{'m': 5, 'n': 3, 'k': 9, 'a_base': 64, 'bt_base': 512, 'c_base': 832, 'a_stride': 64, 'bt_stride': 64, 'c_stride': 64, 'mode': 0, 'watchdog': 10000000}",2026-10-04T17:34:13.716238+00:00,2026-10-04T17:34:14.703976+00:00,c19aa2af40d2776fafdd775a186ff2e11a9e72c1a82fc756cc598773d5549fb8,457251056104e644a7a4ae58d164fb6a2e73b6d9c9cc4113fe99dc176b9d66b7,12b9e8cd2b853c1485c71730497e636a69fac19dbd79d9a97e9d5758465c00de,9bcaac4dbf3d0824202ddb954b39c27e782f5a80d4f68a125700e0a26b514148,Uploaded in this connection; reused only within this case,"{'a': '4d10bfeb4c965ff24fdb5ec412c05564fc879444baab90983d2e34e59b94d3d4', 'bt': 'b156db6d1cbea14ea249f9c9757e4aceee347de3d05b2ecdd4d48153fe081b7d', 'c': 'c5dd1b7e18045828ae69c8d01f9df303e403ce99624422a95a2066a47ae7e101'}",PASS,0.038878199993632734,0.19204369996441528,0.5445753000094555,478,32,16,10,60,235,0,10,8,32,2638998349,100000000,15,1216,1156,0.17534870002418756,0.03196449996903539,0.9508458999916911,4.78e-06,0.056485355648535567,0.004412918410041841
endurance,1,PASS,True,212,1,0,21632454,5,3,9,"{'m': 5, 'n': 3, 'k': 9, 'a_base': 64, 'bt_base': 512, 'c_base': 832, 'a_stride': 64, 'bt_stride': 64, 'c_stride': 64, 'mode': 1, 'watchdog': 10000000}",2026-10-04T17:34:14.756189+00:00,2026-10-04T17:34:15.743981+00:00,c19aa2af40d2776fafdd775a186ff2e11a9e72c1a82fc756cc598773d5549fb8,457251056104e644a7a4ae58d164fb6a2e73b6d9c9cc4113fe99dc176b9d66b7,12b9e8cd2b853c1485c71730497e636a69fac19dbd79d9a97e9d5758465c00de,9bcaac4dbf3d0824202ddb954b39c27e782f5a80d4f68a125700e0a26b514148,Uploaded in this connection; reused only within this case,"{'a': '4d10bfeb4c965ff24fdb5ec412c05564fc879444baab90983d2e34e59b94d3d4', 'bt': 'b156db6d1cbea14ea249f9c9757e4aceee347de3d05b2ecdd4d48153fe081b7d', 'c': 'c5dd1b7e18045828ae69c8d01f9df303e403ce99624422a95a2066a47ae7e101'}",PASS,0.04078390001086518,0.19202139996923506,0.5440603999886662,478,32,16,10,60,235,0,10,8,32,2638998349,100000000,15,1216,1156,0.17593730002408847,0.03198929998325184,0.9528029999928549,4.78e-06,0.056485355648535567,0.004412918410041841
endurance,1,PASS,True,213,1,0,21642427,31,33,17,"{'m': 31, 'n': 33, 'k': 17, 'a_base': 64, 'bt_base': 2176, 'c_base': 4416, 'a_stride': 64, 'bt_stride': 64, 'c_stride': 192, 'mode': 1, 'watchdog': 10000000}",2026-10-04T17:34:16.180754+00:00,2026-10-04T17:34:18.191862+00:00,0b860523e834e42b1d20abf6bba4e3214e94693f0b332c6101d09579877a96b8,15e796cb0b0fdcde0c36444acd6f8ae1d52c2937c4596e750e475bc7326a0eae,aac7a601ba5cc2a0319814382bf410fdf3d2dc785f4d1adefcf078bb8c2bfc90,caf0a55c8cc90b46d59841677cdb959f8032837668fd955eed0c7ea0f220ea33,Uploaded in this connection; reused only within this case,"{'a': '2d806a6f75bcb5231552eb1f9291c92a5529b1db9d541bafd0f4e6d49640d9b1', 'bt': 'f57abc9eeb63474223a3284f509ada77ffa90f31ba023605f1cc5687a5aec6d9', 'c': 'c703af4de2960415f59559b9cd2b36d483419d0591c2a6eafb5db6d73ecb891e'}",PASS,0.4248078999808058,0.19213460001628846,0.5438670999719761,6483,800,285,527,4092,1224,0,124,8,32,2638998349,100000000,1023,10432,6340,0.8159654000191949,0.032004999986384064,1.9767749999882653,6.483e-05,0.5365108745950948,0.041914912077741784
endurance,1,PASS,True,214,0,0,21642427,31,33,17,"{'m': 31, 'n': 33, 'k': 17, 'a_base': 64, 'bt_base': 2176, 'c_base': 4416, 'a_stride': 64, 'bt_stride': 64, 'c_stride': 192, 'mode': 0, 'watchdog': 10000000}",2026-10-04T17:34:18.245182+00:00,2026-10-04T17:34:20.255784+00:00,0b860523e834e42b1d20abf6bba4e3214e94693f0b332c6101d09579877a96b8,15e796cb0b0fdcde0c36444acd6f8ae1d52c2937c4596e750e475bc7326a0eae,aac7a601ba5cc2a0319814382bf410fdf3d2dc785f4d1adefcf078bb8c2bfc90,caf0a55c8cc90b46d59841677cdb959f8032837668fd955eed0c7ea0f220ea33,Uploaded in this connection; reused only within this case,"{'a': '2d806a6f75bcb5231552eb1f9291c92a5529b1db9d541bafd0f4e6d49640d9b1', 'bt': 'f57abc9eeb63474223a3284f509ada77ffa90f31ba023605f1cc5687a5aec6d9', 'c': 'c703af4de2960415f59559b9cd2b36d483419d0591c2a6eafb5db6d73ecb891e'}",PASS,0.4242907000007108,0.19198300002608448,0.5439912999863736,7332,800,285,527,4092,1911,0,124,8,32,2638998349,100000000,1023,10432,6340,0.8159295999794267,0.03197850001743063,1.9761945999925956,7.332e-05,0.4743862520458265,0.037061425941080195
endurance,1,PASS,True,215,0,0,21652400,33,35,256,"{'m': 33, 'n': 35, 'k': 256, 'a_base': 64, 'bt_base': 8640, 'c_base': 17728, 'a_stride': 256, 'bt_stride': 256, 'c_stride': 192, 'mode': 0, 'watchdog': 10000000}",2026-10-04T17:34:21.635335+00:00,2026-10-04T17:34:24.639636+00:00,e316496e246f17fae28f7da18a3edc6fc6670bd3f5309b1208dfba2e81d5c124,11b0178601021794e27931d3b8bed3250ac99a66fa651c4fe00afdacb4fe854d,27b0a6464e6d6a8a19ebec6035b48351127f25e00f9043c2cdb0727633d08c65,da919266f0fc970610492cd9be546ff55dc90871d6a5b014d9f197cc3d9e5598,Uploaded in this connection; reused only within this case,"{'a': '1721fc980d0e295b17fec0d164c2176535caaa8cfb07fa777118d6825dcb48f0', 'bt': '5df5ee7c6cfe2b0e3b8e76bfc90862d012a2093e66af5015838048dbd7cf2d98', 'c': 'b424ce4c74c6ee92031ae7dae19193cc0fefb3cfc6b4b971f25160302df36cbc'}",PASS,0.45823920000111684,0.19170670001767576,0.5442102999659255,19838,6975,4352,594,4620,7694,0,134,8,32,2638998349,100000000,1155,24128,19508,1.7759756000014022,0.03178660001140088,2.9701317999861203,0.00019838,2.980945659844742,0.23288637967537051
endurance,1,PASS,True,216,1,0,21652400,33,35,256,"{'m': 33, 'n': 35, 'k': 256, 'a_base': 64, 'bt_base': 8640, 'c_base': 17728, 'a_stride': 256, 'bt_stride': 256, 'c_stride': 192, 'mode': 1, 'watchdog': 10000000}",2026-10-04T17:34:24.692178+00:00,2026-10-04T17:34:27.695445+00:00,e316496e246f17fae28f7da18a3edc6fc6670bd3f5309b1208dfba2e81d5c124,11b0178601021794e27931d3b8bed3250ac99a66fa651c4fe00afdacb4fe854d,27b0a6464e6d6a8a19ebec6035b48351127f25e00f9043c2cdb0727633d08c65,da919266f0fc970610492cd9be546ff55dc90871d6a5b014d9f197cc3d9e5598,Uploaded in this connection; reused only within this case,"{'a': '1721fc980d0e295b17fec0d164c2176535caaa8cfb07fa777118d6825dcb48f0', 'bt': '5df5ee7c6cfe2b0e3b8e76bfc90862d012a2093e66af5015838048dbd7cf2d98', 'c': 'b424ce4c74c6ee92031ae7dae19193cc0fefb3cfc6b4b971f25160302df36cbc'}",PASS,0.4566698999842629,0.19187999999849126,0.544121399987489,13282,6975,4352,594,4620,3494,0,134,8,32,2638998349,100000000,1155,24128,19508,1.7759211999946274,0.0318830999894999,2.9685924999648705,0.00013282,4.452341514832104,0.3478391808462581
endurance,1,PASS,True,217,1,0,21662373,65,63,255,"{'m': 65, 'n': 63, 'k': 255, 'a_base': 64, 'bt_base': 16832, 'c_base': 33088, 'a_stride': 256, 'bt_stride': 256, 'c_stride': 256, 'mode': 1, 'watchdog': 10000000}",2026-10-04T17:34:30.164807+00:00,2026-10-04T17:34:35.695181+00:00,98e03cf5fd3840259fa3deb08e66dc5ba6973c2ce6e564735c5cf92b04fe9916,efa2b13ddc023bac72197234d25d9f1cb487124c53b3ffec5475f7ac81f2f359,14cfb24cb409aecd986a1aa2d5b83a7379140642cedc7c43fcd84d20dbd55915,10502f1ad46a5e3ec3651646c3238e5735a555492a2e585518095c88ac06ea79,Uploaded in this connection; reused only within this case,"{'a': '62876271fe5a107fd0fb82cf4537732b2c66c27d7ddd45dacf332b63648bf8a8', 'bt': '4325f1d143efaf6460e014c5f95e5a9db8c58bab42c088d8c3303617cd074157', 'c': '82333713bf9b8f890e5167477d5d1a38da272725b41e1264c171e2098e3d0cbf'}",PASS,1.176258500025142,0.191991199972108,0.543919800024014,26412,20016,10208,2080,16380,3453,0,268,8,32,2638998349,100000000,4095,49792,33412,3.5839572999975644,0.031856600020546466,5.496126800018828,0.00026412,7.907201272149023,0.6177500993866424
endurance,1,PASS,True,218,0,0,21662373,65,63,255,"{'m': 65, 'n': 63, 'k': 255, 'a_base': 64, 'bt_base': 16832, 'c_base': 33088, 'a_stride': 256, 'bt_stride': 256, 'c_stride': 256, 'mode': 0, 'watchdog': 10000000}",2026-10-04T17:34:35.742235+00:00,2026-10-04T17:34:41.279046+00:00,98e03cf5fd3840259fa3deb08e66dc5ba6973c2ce6e564735c5cf92b04fe9916,efa2b13ddc023bac72197234d25d9f1cb487124c53b3ffec5475f7ac81f2f359,14cfb24cb409aecd986a1aa2d5b83a7379140642cedc7c43fcd84d20dbd55915,10502f1ad46a5e3ec3651646c3238e5735a555492a2e585518095c88ac06ea79,Uploaded in this connection; reused only within this case,"{'a': '62876271fe5a107fd0fb82cf4537732b2c66c27d7ddd45dacf332b63648bf8a8', 'bt': '4325f1d143efaf6460e014c5f95e5a9db8c58bab42c088d8c3303617cd074157', 'c': '82333713bf9b8f890e5167477d5d1a38da272725b41e1264c171e2098e3d0cbf'}",PASS,1.1823287999723107,0.19195170002058148,0.5439373999834061,52297,20016,10208,2080,16380,17453,0,268,8,32,2638998349,100000000,4095,49792,33412,3.5840603000251576,0.03184820001479238,5.502278200001456,0.00052297,3.9934413063846876,0.3119876020613037
endurance,1,PASS,True,219,0,0,21672346,1,64,256,"{'m': 1, 'n': 64, 'k': 256, 'a_base': 64, 'bt_base': 448, 'c_base': 16960, 'a_stride': 256, 'bt_stride': 256, 'c_stride': 256, 'mode': 0, 'watchdog': 10000000}",2026-10-04T17:34:42.594249+00:00,2026-10-04T17:34:44.719017+00:00,a2627fc2139c4f89b4e852e5ffccfce5360b85b0c6463a27051e11e53e830e53,93d02a546411e1d3df13416fe4b4bd0473b9dd89d9e856b6adc2c6b39ab7af02,6805c487b01cd0fc2d249a037964ac4aaea6fed6e975ddfe2542b81ee2c236c1,8bf4b6cad647c74f4aa279fc12b7b6b9823d41030397904293af9a2663f460b6,Uploaded in this connection; reused only within this case,"{'a': 'f7f7dbb137cac0d14dfce5768394e2cee9ad74b11488e0440d5bf5748224fb62', 'bt': '2ee07e30c6a44f8c1ae2ca8dff90f91bc6d3f9b67c13f61e65ce4d9f7bdd763c', 'c': '7bbb5ef870c862a0b6ef763b5976f662556f7e8ed8b76dc91af62003621ceb7a'}",PASS,0.04147620004368946,0.19208149996120483,0.5439724000170827,6264,2232,2112,32,256,3764,0,4,8,32,2638998349,100000000,64,17280,17024,1.31193979998352,0.03207399998791516,2.089469900005497,6.264e-05,0.5231162196679439,0.04086845466155811
endurance,1,PASS,True,220,1,0,21672346,1,64,256,"{'m': 1, 'n': 64, 'k': 256, 'a_base': 64, 'bt_base': 448, 'c_base': 16960, 'a_stride': 256, 'bt_stride': 256, 'c_stride': 256, 'mode': 1, 'watchdog': 10000000}",2026-10-04T17:34:44.760801+00:00,2026-10-04T17:34:46.878739+00:00,a2627fc2139c4f89b4e852e5ffccfce5360b85b0c6463a27051e11e53e830e53,93d02a546411e1d3df13416fe4b4bd0473b9dd89d9e856b6adc2c6b39ab7af02,6805c487b01cd0fc2d249a037964ac4aaea6fed6e975ddfe2542b81ee2c236c1,8bf4b6cad647c74f4aa279fc12b7b6b9823d41030397904293af9a2663f460b6,Uploaded in this connection; reused only within this case,"{'a': 'f7f7dbb137cac0d14dfce5768394e2cee9ad74b11488e0440d5bf5748224fb62', 'bt': '2ee07e30c6a44f8c1ae2ca8dff90f91bc6d3f9b67c13f61e65ce4d9f7bdd763c', 'c': '7bbb5ef870c862a0b6ef763b5976f662556f7e8ed8b76dc91af62003621ceb7a'}",PASS,0.035591699997894466,0.19202999997651204,0.5439002000493929,4995,2232,2112,32,256,2612,0,4,8,32,2638998349,100000000,64,17280,17024,1.3120599999674596,0.03181559999939054,2.083581899991259,4.995e-05,0.656016016016016,0.051251251251251254
endurance,1,PASS,True,221,1,0,21682319,64,1,256,"{'m': 64, 'n': 1, 'k': 256, 'a_base': 64, 'bt_base': 16576, 'c_base': 16960, 'a_stride': 256, 'bt_stride': 256, 'c_stride': 64, 'mode': 1, 'watchdog': 10000000}",2026-10-04T17:34:48.194158+00:00,2026-10-04T17:34:50.830805+00:00,3da34fbc10fd97ded3e5eaff8f200cc9ff11d1b635f33c62dc82c8363e17d6ba,11de0b39e388d68fd2949588a37dec8045a1696864fbbe72f6ef78aa1e2d87e3,3d6fabd505b210b3ba0d012ea088f6d981e737d493f0c673b198c8f53fc696bf,475e270d25352aaad9ff15c3a38ad2a087debd4da076380d9ab171606aca68ac,Uploaded in this connection; reused only within this case,"{'a': '146434e307a178e43f29f7712b6b608b5c715ed509132f99637e2de3f888ca2c', 'bt': '1afbc311076ada9bcfcd4a583d2d2876e22b3bc414ed4982989e09cf14ffd704', 'c': 'c092a4cbfb9955eeee0f5a6b172dbf8c589c5d0a32ba19aed66ed4f431d8860f'}",PASS,0.2989837999921292,0.19188280001981184,0.5440751999849454,5983,2232,2112,64,256,2554,0,128,8,32,2638998349,100000000,64,21120,20864,1.5678521000081673,0.03212089999578893,2.6027939000050537,5.983e-05,0.5476851078054488,0.04278789904730069
endurance,1,PASS,True,222,0,0,21682319,64,1,256,"{'m': 64, 'n': 1, 'k': 256, 'a_base': 64, 'bt_base': 16576, 'c_base': 16960, 'a_stride': 256, 'bt_stride': 256, 'c_stride': 64, 'mode': 0, 'watchdog': 10000000}",2026-10-04T17:34:50.875090+00:00,2026-10-04T17:34:53.502720+00:00,3da34fbc10fd97ded3e5eaff8f200cc9ff11d1b635f33c62dc82c8363e17d6ba,11de0b39e388d68fd2949588a37dec8045a1696864fbbe72f6ef78aa1e2d87e3,3d6fabd505b210b3ba0d012ea088f6d981e737d493f0c673b198c8f53fc696bf,475e270d25352aaad9ff15c3a38ad2a087debd4da076380d9ab171606aca68ac,Uploaded in this connection; reused only within this case,"{'a': '146434e307a178e43f29f7712b6b608b5c715ed509132f99637e2de3f888ca2c', 'bt': '1afbc311076ada9bcfcd4a583d2d2876e22b3bc414ed4982989e09cf14ffd704', 'c': 'c092a4cbfb9955eeee0f5a6b172dbf8c589c5d0a32ba19aed66ed4f431d8860f'}",PASS,0.28958159999456257,0.19204449997050688,0.5439553000032902,8305,2232,2112,64,256,3720,0,128,8,32,2638998349,100000000,64,21120,20864,1.567900100024417,0.0321239999611862,2.5934814999927767,8.305e-05,0.3945574954846478,0.03082480433473811
endurance,1,PASS,True,223,0,0,21692292,32,32,256,"{'m': 32, 'n': 32, 'k': 256, 'a_base': 64, 'bt_base': 8384, 'c_base': 16704, 'a_stride': 256, 'bt_stride': 256, 'c_stride': 128, 'mode': 0, 'watchdog': 10000000}",2026-10-04T17:34:54.801512+00:00,2026-10-04T17:34:57.422423+00:00,a9c3c951abf5de10c329040b802ae61527a8b8f26b79cb62faff79d0224fdf98,cf99445d2caf54034d325e6df1af9e1b57cdf4ce01b48f646fec70c31505702c,773180576c34bc63e44a1c7b24a66ad1720a14c40b46d785ab859605d3e7cc7e,be044978f6c379cbd50ba9c95ac539e191d2dfb9b4d5918497cb1f5e3cf3f24b,Uploaded in this connection; reused only within this case,"{'a': '5c7a03b0946389590aa7384c08c7ea4b7c450638101a03d175a3da17f6e3eebc', 'bt': '27bd00319ac145f58ab5fecfa97537e7134a65598d0a7775a421e7f4727ddd3a', 'c': 'd84f0b125d22fed9e61766f5e47e42d0f584fb2e370e13156f5bd1842fd68f67'}",PASS,0.2982410999829881,0.19207650003954768,0.5439874999574386,11627,4464,2048,512,4096,3488,0,66,8,32,2638998349,100000000,1024,20864,16768,1.5518124000518583,0.03198029997292906,2.5861175000318326,0.00011627,4.509228519824545,0.3522834781112927
endurance,1,PASS,True,224,1,0,21692292,32,32,256,"{'m': 32, 'n': 32, 'k': 256, 'a_base': 64, 'bt_base': 8384, 'c_base': 16704, 'a_stride': 256, 'bt_stride': 256, 'c_stride': 128, 'mode': 1, 'watchdog': 10000000}",2026-10-04T17:34:57.466005+00:00,2026-10-04T17:35:00.078411+00:00,a9c3c951abf5de10c329040b802ae61527a8b8f26b79cb62faff79d0224fdf98,cf99445d2caf54034d325e6df1af9e1b57cdf4ce01b48f646fec70c31505702c,773180576c34bc63e44a1c7b24a66ad1720a14c40b46d785ab859605d3e7cc7e,be044978f6c379cbd50ba9c95ac539e191d2dfb9b4d5918497cb1f5e3cf3f24b,Uploaded in this connection; reused only within this case,"{'a': '5c7a03b0946389590aa7384c08c7ea4b7c450638101a03d175a3da17f6e3eebc', 'bt': '27bd00319ac145f58ab5fecfa97537e7134a65598d0a7775a421e7f4727ddd3a', 'c': 'd84f0b125d22fed9e61766f5e47e42d0f584fb2e370e13156f5bd1842fd68f67'}",PASS,0.29048629995668307,0.19196170003851876,0.5440055999788456,11578,4464,2048,512,4096,3481,0,66,8,32,2638998349,100000000,1024,20864,16768,1.5519882999942638,0.0320007000118494,2.578441899968311,0.00011578,4.528312316462256,0.35377439972361374
endurance,1,PASS,True,225,0,0,21727210,1,1,1,"{'m': 1, 'n': 1, 'k': 1, 'a_base': 64, 'bt_base': 256, 'c_base': 448, 'a_stride': 64, 'bt_stride': 64, 'c_stride': 64, 'mode': 0, 'watchdog': 10000000}",2026-10-04T17:35:00.241487+00:00,2026-10-04T17:35:01.166341+00:00,72dfcfb0c470ac255cde83fb8fe38de8a128188e03ea5ba5b2a93adbea1062fa,4f362f9093bb8e7012f466224ff1237c0746d8c8f660b16699f5036ccba9c64a,de5e0a12d8867047b8999a264eba4cc39d9abadf531a4d99906dce5a60ce4dcf,8a1e4f2e9d8890b8d07976593250accd1fa7faf37c39ead4d156e0deaba3517a,Uploaded in this connection; reused only within this case,"{'a': 'a75726bf1c5b76700b165d77a768fcc2195a3c15683064fc77191c45c099a3bb', 'bt': '8671917a24361928e8298aa833ef9b77c95d7fe6679bc27b570a1596b4471775', 'c': '44b08136b3df559c544b50f24354c95eb52d27095562d609f1880d753b94eea9'}",PASS,0.02801150002051145,0.191563899978064,0.5440080999978818,219,24,2,1,4,150,0,2,8,32,2638998349,100000000,1,576,572,0.12807360000442713,0.03195199999026954,0.8916571000008844,2.19e-06,0.0009132420091324201,7.134703196347032e-05
endurance,1,PASS,True,226,1,0,21727210,1,1,1,"{'m': 1, 'n': 1, 'k': 1, 'a_base': 64, 'bt_base': 256, 'c_base': 448, 'a_stride': 64, 'bt_stride': 64, 'c_stride': 64, 'mode': 1, 'watchdog': 10000000}",2026-10-04T17:35:01.213455+00:00,2026-10-04T17:35:02.142276+00:00,72dfcfb0c470ac255cde83fb8fe38de8a128188e03ea5ba5b2a93adbea1062fa,4f362f9093bb8e7012f466224ff1237c0746d8c8f660b16699f5036ccba9c64a,de5e0a12d8867047b8999a264eba4cc39d9abadf531a4d99906dce5a60ce4dcf,8a1e4f2e9d8890b8d07976593250accd1fa7faf37c39ead4d156e0deaba3517a,Uploaded in this connection; reused only within this case,"{'a': 'a75726bf1c5b76700b165d77a768fcc2195a3c15683064fc77191c45c099a3bb', 'bt': '8671917a24361928e8298aa833ef9b77c95d7fe6679bc27b570a1596b4471775', 'c': '44b08136b3df559c544b50f24354c95eb52d27095562d609f1880d753b94eea9'}",PASS,0.03049859998282045,0.19198900001356378,0.5440004999982193,218,24,2,1,4,149,0,2,8,32,2638998349,100000000,1,576,572,0.12820859998464584,0.031801900011487305,0.8946966999792494,2.18e-06,0.0009174311926605505,7.167431192660551e-05
endurance,1,PASS,True,227,1,0,21737183,5,3,9,"{'m': 5, 'n': 3, 'k': 9, 'a_base': 64, 'bt_base': 512, 'c_base': 832, 'a_stride': 64, 'bt_stride': 64, 'c_stride': 64, 'mode': 1, 'watchdog': 10000000}",2026-10-04T17:35:02.304903+00:00,2026-10-04T17:35:03.294415+00:00,0cb3805e61f66dc414a81071e57ebd2863a539b4d9b6c71c716c9e38e129302f,5c159a214bd4b4837358289fbfba35f9a9f4026942c25c482079f8ffc34ea834,962e6471a5532ad6951743f4f5fef5a0d23796a1af1cd13bafd5b8dd9b78c2b0,9560bfc044cf5378222ac2a1b95c965e69c0b8c6bca0295fdc04da33abbe7ac5,Uploaded in this connection; reused only within this case,"{'a': 'df71819ef8198a89952c7630f176dbb12c461672c14ce6857f2c696da2b6291c', 'bt': '889df135bc5f2f6ff153df445b2e51026cd57404cdab7acf968a5b57451fe3a1', 'c': '9baab093a60724be11c2b68453fbeb44ec6bdca3ddab6a0e0fe2e6b283dcf191'}",PASS,0.04342260002158582,0.19199989998014644,0.5440671999822371,483,32,16,10,60,236,0,10,8,32,2638998349,100000000,15,1216,1156,0.1758475000387989,0.03222609998192638,0.9553372000227682,4.83e-06,0.055900621118012424,0.00436723602484472
endurance,1,PASS,True,228,0,0,21737183,5,3,9,"{'m': 5, 'n': 3, 'k': 9, 'a_base': 64, 'bt_base': 512, 'c_base': 832, 'a_stride': 64, 'bt_stride': 64, 'c_stride': 64, 'mode': 0, 'watchdog': 10000000}",2026-10-04T17:35:03.335013+00:00,2026-10-04T17:35:04.318191+00:00,0cb3805e61f66dc414a81071e57ebd2863a539b4d9b6c71c716c9e38e129302f,5c159a214bd4b4837358289fbfba35f9a9f4026942c25c482079f8ffc34ea834,962e6471a5532ad6951743f4f5fef5a0d23796a1af1cd13bafd5b8dd9b78c2b0,9560bfc044cf5378222ac2a1b95c965e69c0b8c6bca0295fdc04da33abbe7ac5,Uploaded in this connection; reused only within this case,"{'a': 'df71819ef8198a89952c7630f176dbb12c461672c14ce6857f2c696da2b6291c', 'bt': '889df135bc5f2f6ff153df445b2e51026cd57404cdab7acf968a5b57451fe3a1', 'c': '9baab093a60724be11c2b68453fbeb44ec6bdca3ddab6a0e0fe2e6b283dcf191'}",PASS,0.03635870001744479,0.1917550999787636,0.5440630000084639,478,32,16,10,60,235,0,10,8,32,2638998349,100000000,15,1216,1156,0.17614210001192987,0.03184529999271035,0.9483189000166021,4.78e-06,0.056485355648535567,0.004412918410041841
endurance,1,PASS,True,229,0,0,21747156,31,33,17,"{'m': 31, 'n': 33, 'k': 17, 'a_base': 64, 'bt_base': 2176, 'c_base': 4416, 'a_stride': 64, 'bt_stride': 64, 'c_stride': 192, 'mode': 0, 'watchdog': 10000000}",2026-10-04T17:35:04.738410+00:00,2026-10-04T17:35:06.750076+00:00,9f1ea96815dfd7bd5d6b3c9f1761864e7ad72138dc6f4d2b49b6a3f5a8f43a44,f44097cb1119fb1fbdaf77cee66dde408dcb6da7d8c2723298100937d561d7f0,75f60a34b5d554608d10ce826e5df9800fe049cf60f800385527a0919f4fc904,552d34c6cffaaa1675652285552660a081d386d972628c334a638c3fdb635c8c,Uploaded in this connection; reused only within this case,"{'a': '1acfc2556aa7125476ea639a6bf36fcea63842b91236686b5ee4f4c63b907bff', 'bt': '08c6e165cf8ac5bdfaa033cf48e7995503e2b96a9cf56f0d0633669a22c4fc3e', 'c': '8753a977473fcc2ace5834e984745d01cc784af7f1b0f1260e03754f450a9812'}",PASS,0.4254928999580443,0.19200870004715398,0.5439350999658927,7351,800,285,527,4092,1916,0,124,8,32,2638998349,100000000,1023,10432,6340,0.8161973999813199,0.03176550002535805,1.977634099952411,7.351e-05,0.47316011427016735,0.03696563392735682
endurance,1,PASS,True,230,1,0,21747156,31,33,17,"{'m': 31, 'n': 33, 'k': 17, 'a_base': 64, 'bt_base': 2176, 'c_base': 4416, 'a_stride': 64, 'bt_stride': 64, 'c_stride': 192, 'mode': 1, 'watchdog': 10000000}",2026-10-04T17:35:06.795029+00:00,2026-10-04T17:35:08.814081+00:00,9f1ea96815dfd7bd5d6b3c9f1761864e7ad72138dc6f4d2b49b6a3f5a8f43a44,f44097cb1119fb1fbdaf77cee66dde408dcb6da7d8c2723298100937d561d7f0,75f60a34b5d554608d10ce826e5df9800fe049cf60f800385527a0919f4fc904,552d34c6cffaaa1675652285552660a081d386d972628c334a638c3fdb635c8c,Uploaded in this connection; reused only within this case,"{'a': '1acfc2556aa7125476ea639a6bf36fcea63842b91236686b5ee4f4c63b907bff', 'bt': '08c6e165cf8ac5bdfaa033cf48e7995503e2b96a9cf56f0d0633669a22c4fc3e', 'c': '8753a977473fcc2ace5834e984745d01cc784af7f1b0f1260e03754f450a9812'}",PASS,0.4325889000319876,0.1919056999613531,0.5440493000205606,6513,800,285,527,4092,1238,0,124,8,32,2638998349,100000000,1023,10432,6340,0.8159003999899141,0.03208110004197806,1.9844443000038154,6.513e-05,0.5340396130815293,0.04172184477199447
endurance,1,PASS,True,231,1,0,21757129,33,35,256,"{'m': 33, 'n': 35, 'k': 256, 'a_base': 64, 'bt_base': 8640, 'c_base': 17728, 'a_stride': 256, 'bt_stride': 256, 'c_stride': 192, 'mode': 1, 'watchdog': 10000000}",2026-10-04T17:35:10.179406+00:00,2026-10-04T17:35:13.181891+00:00,6ba17a7832c1a84e1262596abf4a407447b55a3c8aac19c76ce6047f9950877c,313af9b1dd4cfc17ad8645ae4811f864bd81a515e4893eea416cc09c314cf06d,9182306461c1100a5a690f160ccc8fbe2ba765e17b0905fe82a058e38e9e51e4,5ed89f531a0560b27e3ac822c2c7f50eb16608f15cdc0efb44267df173028639,Uploaded in this connection; reused only within this case,"{'a': 'f4dd1aecd5b4bd2fc11ff0cb666e04c18cf42cdd97510f2218038d444e214950', 'bt': '5871f912bd4db4cbaff7090f0413c6449ea0ce51ef7754b4a2e3f517501b7a81', 'c': 'e0b4a05435bb70a4a790e140a68f1e6094ae69bd24df9bfad0d6642bc8a5c7dd'}",PASS,0.4563370000105351,0.19178850000025705,0.5439523999812081,13327,6975,4352,594,4620,3501,0,134,8,32,2638998349,100000000,1155,24128,19508,1.7760989000089467,0.03187430003890768,2.968176800000947,0.00013327,4.437307721167555,0.3466646657162152
endurance,1,PASS,True,232,0,0,21757129,33,35,256,"{'m': 33, 'n': 35, 'k': 256, 'a_base': 64, 'bt_base': 8640, 'c_base': 17728, 'a_stride': 256, 'bt_stride': 256, 'c_stride': 192, 'mode': 0, 'watchdog': 10000000}",2026-10-04T17:35:13.224791+00:00,2026-10-04T17:35:16.221783+00:00,6ba17a7832c1a84e1262596abf4a407447b55a3c8aac19c76ce6047f9950877c,313af9b1dd4cfc17ad8645ae4811f864bd81a515e4893eea416cc09c314cf06d,9182306461c1100a5a690f160ccc8fbe2ba765e17b0905fe82a058e38e9e51e4,5ed89f531a0560b27e3ac822c2c7f50eb16608f15cdc0efb44267df173028639,Uploaded in this connection; reused only within this case,"{'a': 'f4dd1aecd5b4bd2fc11ff0cb666e04c18cf42cdd97510f2218038d444e214950', 'bt': '5871f912bd4db4cbaff7090f0413c6449ea0ce51ef7754b4a2e3f517501b7a81', 'c': 'e0b4a05435bb70a4a790e140a68f1e6094ae69bd24df9bfad0d6642bc8a5c7dd'}",PASS,0.45109489996684715,0.1917505000019446,0.5439238999970257,19826,6975,4352,594,4620,7704,0,134,8,32,2638998349,100000000,1155,24128,19508,1.7760738000506535,0.032003299973439425,2.962843100016471,0.00019826,2.9827499243417734,0.23302733783920104
endurance,1,PASS,True,233,0,0,21767102,65,63,255,"{'m': 65, 'n': 63, 'k': 255, 'a_base': 64, 'bt_base': 16832, 'c_base': 33088, 'a_stride': 256, 'bt_stride': 256, 'c_stride': 256, 'mode': 0, 'watchdog': 10000000}",2026-10-04T17:35:18.691196+00:00,2026-10-04T17:35:24.221496+00:00,035536853c2d96b1eb87de9cd2e62291ddff8052624917a28e81e301864686fc,d837cdc7d0bbb0f33636b327420ddfd7f5b27f09d63bc1dcc7571e6a09362042,09ad552b7251162a17d300caf2a2876f860e9c7d8cd297abf52ac3f660afe921,0dbad64dcdc0c23caf3ee172828309ab1255293f2b2dbf058144d105b2bf2bf1,Uploaded in this connection; reused only within this case,"{'a': '3d1bff9c4f4228fc41eb7b03074a9e22a24fcfb9e4f0460d9fd9cac6e41f633a', 'bt': '92329f863caf737b6162d383e031264e498ca9e37baadeb83d9fc0f638ed91b3', 'c': '993c2e2fd8a783f7f1a83ec4f97c23527df18bddea8fee56493b4d36941fa7bf'}",PASS,1.176171200000681,0.19185790000483394,0.5439215000369586,52349,20016,10208,2080,16380,17483,0,268,8,32,2638998349,100000000,4095,49792,33412,3.583959799958393,0.0319269000319764,5.4959104000008665,0.00052349,3.9894744885289115,0.3116776944163212
endurance,1,PASS,True,234,1,0,21767102,65,63,255,"{'m': 65, 'n': 63, 'k': 255, 'a_base': 64, 'bt_base': 16832, 'c_base': 33088, 'a_stride': 256, 'bt_stride': 256, 'c_stride': 256, 'mode': 1, 'watchdog': 10000000}",2026-10-04T17:35:24.274825+00:00,2026-10-04T17:35:29.805215+00:00,035536853c2d96b1eb87de9cd2e62291ddff8052624917a28e81e301864686fc,d837cdc7d0bbb0f33636b327420ddfd7f5b27f09d63bc1dcc7571e6a09362042,09ad552b7251162a17d300caf2a2876f860e9c7d8cd297abf52ac3f660afe921,0dbad64dcdc0c23caf3ee172828309ab1255293f2b2dbf058144d105b2bf2bf1,Uploaded in this connection; reused only within this case,"{'a': '3d1bff9c4f4228fc41eb7b03074a9e22a24fcfb9e4f0460d9fd9cac6e41f633a', 'bt': '92329f863caf737b6162d383e031264e498ca9e37baadeb83d9fc0f638ed91b3', 'c': '993c2e2fd8a783f7f1a83ec4f97c23527df18bddea8fee56493b4d36941fa7bf'}",PASS,1.1760243000462651,0.19197619997430593,0.5439598999801092,26441,20016,10208,2080,16380,3488,0,268,8,32,2638998349,100000000,4095,49792,33412,3.583939600037411,0.031889199977740645,5.495900000038091,0.00026441,7.8985287999697436,0.6170725624976362
endurance,1,PASS,True,235,1,0,21777075,1,64,256,"{'m': 1, 'n': 64, 'k': 256, 'a_base': 64, 'bt_base': 448, 'c_base': 16960, 'a_stride': 256, 'bt_stride': 256, 'c_stride': 256, 'mode': 1, 'watchdog': 10000000}",2026-10-04T17:35:31.168660+00:00,2026-10-04T17:35:33.293096+00:00,5a5b89f48b54f178105bafa88b3c1fa5f2f0700c0503edcff4bce561f80f9ecf,09b189e8234cb585bae815db5573b2ab644f855605687202b676cf4a62a4ba5d,d7f2d2f81a77d0a5fb3f7e7c963cb7b344c4f1ca0ed0d0f301b3fe8159c99edf,19323bad4a32ad5f475d89a86aeb091b391c33e0ecb985dbef46f39e2694e8e5,Uploaded in this connection; reused only within this case,"{'a': '54120ca2b9a0f1dfb66cdb04d38f671e284f3efd5f2ba4374e9618f9a30cf48e', 'bt': '3719da8f09c0a3d9ba443df2c9e258b4eae8f7473ce6c6cee976cf3ba70b1be7', 'c': 'ec87d5f020ef88c064aedb2e4ca3a494d0185e515a27197a27161a088a79804a'}",PASS,0.04128220002166927,0.19213219999801368,0.5438080999883823,4993,2232,2112,32,256,2610,0,4,8,32,2638998349,100000000,64,17280,17024,1.3121850999887101,0.0317598000401631,2.0894075999967754,4.993e-05,0.656278790306429,0.05127178049268977
endurance,1,PASS,True,236,0,0,21777075,1,64,256,"{'m': 1, 'n': 64, 'k': 256, 'a_base': 64, 'bt_base': 448, 'c_base': 16960, 'a_stride': 256, 'bt_stride': 256, 'c_stride': 256, 'mode': 0, 'watchdog': 10000000}",2026-10-04T17:35:33.343763+00:00,2026-10-04T17:35:35.469017+00:00,5a5b89f48b54f178105bafa88b3c1fa5f2f0700c0503edcff4bce561f80f9ecf,09b189e8234cb585bae815db5573b2ab644f855605687202b676cf4a62a4ba5d,d7f2d2f81a77d0a5fb3f7e7c963cb7b344c4f1ca0ed0d0f301b3fe8159c99edf,19323bad4a32ad5f475d89a86aeb091b391c33e0ecb985dbef46f39e2694e8e5,Uploaded in this connection; reused only within this case,"{'a': '54120ca2b9a0f1dfb66cdb04d38f671e284f3efd5f2ba4374e9618f9a30cf48e', 'bt': '3719da8f09c0a3d9ba443df2c9e258b4eae8f7473ce6c6cee976cf3ba70b1be7', 'c': 'ec87d5f020ef88c064aedb2e4ca3a494d0185e515a27197a27161a088a79804a'}",PASS,0.042536000022664666,0.19193500000983477,0.5439468999975361,6252,2232,2112,32,256,3746,0,4,8,32,2638998349,100000000,64,17280,17024,1.3120008999831043,0.03198309999424964,2.09041880001314,6.252e-05,0.5241202815099169,0.04094689699296225
endurance,1,PASS,True,237,0,0,21787048,64,1,256,"{'m': 64, 'n': 1, 'k': 256, 'a_base': 64, 'bt_base': 16576, 'c_base': 16960, 'a_stride': 256, 'bt_stride': 256, 'c_stride': 64, 'mode': 0, 'watchdog': 10000000}",2026-10-04T17:35:36.800591+00:00,2026-10-04T17:35:39.436864+00:00,9649b61cbf925082957621b178e7efa56430934b758d746545b44f37a71292a2,47f082c43e2579df1124feff418b69701955b106a3eb5c96b8bdd7c1f36da0b0,aed42899108bc29cffb5f2ff520c48a0cbacd12aae4e00925dbb8f431bdb01ea,b56cd6858b52e65308bc06b77c24556b1755fa0877571049925965a7d4fb8d56,Uploaded in this connection; reused only within this case,"{'a': 'c0b3151202da7ba2e2fd38e38d1b1ed11e21e407a70234b4e617f47e20c0ad17', 'bt': 'cd2a8d5d804f34ed4e356361ff5e9779aef5ba0d9eebb0623a3202ae8bcc5975', 'c': 'a3afd2688ea423fce4284b8aee28b1b0da5941cda5a1930ace4e53e13a972bcc'}",PASS,0.29668949998449534,0.19210430001839995,0.5438219999778084,8285,2232,2112,64,256,3702,0,128,8,32,2638998349,100000000,64,21120,20864,1.568087599996943,0.031865600030869246,2.6007033999776468,8.285e-05,0.3955099577549789,0.030899215449607723
endurance,1,PASS,True,238,1,0,21787048,64,1,256,"{'m': 64, 'n': 1, 'k': 256, 'a_base': 64, 'bt_base': 16576, 'c_base': 16960, 'a_stride': 256, 'bt_stride': 256, 'c_stride': 64, 'mode': 1, 'watchdog': 10000000}",2026-10-04T17:35:39.491980+00:00,2026-10-04T17:35:42.124908+00:00,9649b61cbf925082957621b178e7efa56430934b758d746545b44f37a71292a2,47f082c43e2579df1124feff418b69701955b106a3eb5c96b8bdd7c1f36da0b0,aed42899108bc29cffb5f2ff520c48a0cbacd12aae4e00925dbb8f431bdb01ea,b56cd6858b52e65308bc06b77c24556b1755fa0877571049925965a7d4fb8d56,Uploaded in this connection; reused only within this case,"{'a': 'c0b3151202da7ba2e2fd38e38d1b1ed11e21e407a70234b4e617f47e20c0ad17', 'bt': 'cd2a8d5d804f34ed4e356361ff5e9779aef5ba0d9eebb0623a3202ae8bcc5975', 'c': 'a3afd2688ea423fce4284b8aee28b1b0da5941cda5a1930ace4e53e13a972bcc'}",PASS,0.2933220000122674,0.1918761000270024,0.544073999975808,6031,2232,2112,64,256,2604,0,128,8,32,2638998349,100000000,64,21120,20864,1.5680738000082783,0.031930900004226714,2.597345900023356,6.031e-05,0.5433261482341237,0.042447355330790915
endurance,1,PASS,True,239,1,0,21797021,32,32,256,"{'m': 32, 'n': 32, 'k': 256, 'a_base': 64, 'bt_base': 8384, 'c_base': 16704, 'a_stride': 256, 'bt_stride': 256, 'c_stride': 128, 'mode': 1, 'watchdog': 10000000}",2026-10-04T17:35:43.456985+00:00,2026-10-04T17:35:46.076748+00:00,d09e9e0c1f5bee7a01b8fdf97828f2cf7864d81950f0b712a778c589467edf78,3f846c9c59fc87b93367fc5400bf5c2942282fe07e5f4aca916d573cf9032e1c,b38b9fb2a59184b88049b4567c7f69a5f0f04667609b8d9f3762be2c65e463a4,515cf3e9dcc734ee059e8bb919a436a95a1e0b69dfd3aa563a1b676efaca8f13,Uploaded in this connection; reused only within this case,"{'a': 'f9ba8ce2f3c802206bcdc7d5d26e17fd7d05b8ef88f3f55fd97047a23a032db3', 'bt': '8d353998b9291699dfc80083f5e429458e4a07f5d565ccc61d1b7886430b6636', 'c': '5d36d2490e0010930824cc50aaa6c918a4ff07d6f92a5fe40ce1f1ceb71e4558'}",PASS,0.2971075000241399,0.19197829999029636,0.5439961000229232,11571,4464,2048,512,4096,3474,0,66,8,32,2638998349,100000000,1024,20864,16768,1.551991399959661,0.03199540002970025,2.5850732999970205,0.00011571,4.531051767349408,0.3539884193241725
endurance,1,PASS,True,240,0,0,21797021,32,32,256,"{'m': 32, 'n': 32, 'k': 256, 'a_base': 64, 'bt_base': 8384, 'c_base': 16704, 'a_stride': 256, 'bt_stride': 256, 'c_stride': 128, 'mode': 0, 'watchdog': 10000000}",2026-10-04T17:35:46.135368+00:00,2026-10-04T17:35:48.748558+00:00,d09e9e0c1f5bee7a01b8fdf97828f2cf7864d81950f0b712a778c589467edf78,3f846c9c59fc87b93367fc5400bf5c2942282fe07e5f4aca916d573cf9032e1c,b38b9fb2a59184b88049b4567c7f69a5f0f04667609b8d9f3762be2c65e463a4,515cf3e9dcc734ee059e8bb919a436a95a1e0b69dfd3aa563a1b676efaca8f13,Uploaded in this connection; reused only within this case,"{'a': 'f9ba8ce2f3c802206bcdc7d5d26e17fd7d05b8ef88f3f55fd97047a23a032db3', 'bt': '8d353998b9291699dfc80083f5e429458e4a07f5d565ccc61d1b7886430b6636', 'c': '5d36d2490e0010930824cc50aaa6c918a4ff07d6f92a5fe40ce1f1ceb71e4558'}",PASS,0.29007909999927506,0.1918751000193879,0.5439380999887362,11615,4464,2048,512,4096,3511,0,66,8,32,2638998349,100000000,1024,20864,16768,1.552106700022705,0.03191660001175478,2.577999000030104,0.00011615,4.513887214808437,0.3526474386569092
endurance,1,PASS,True,241,1,0,21831939,1,1,1,"{'m': 1, 'n': 1, 'k': 1, 'a_base': 64, 'bt_base': 256, 'c_base': 448, 'a_stride': 64, 'bt_stride': 64, 'c_stride': 64, 'mode': 1, 'watchdog': 10000000}",2026-10-04T17:35:48.943781+00:00,2026-10-04T17:35:49.868510+00:00,cbe5cfdf7c2118a9c3d78ef1d684f3afa089201352886449a06a6511cfef74a7,cdce9374e0fecee1655cbc7207b0ed392201941f084c4b5672e917a99c7b2b26,63fd08a16f89f21a322f018edfee81a19cb4f6dccf6c4b1ce20c273d75d2cfde,74700b121b4789df6fec183d7e36adb1df28189b0b06ed3be77250d23587933a,Uploaded in this connection; reused only within this case,"{'a': '26a7628c3abbda20fd4171695ad90cce5032fd382dcb62415b12bd15d13b66b9', 'bt': 'c912119fc34081338a230161877d3bdead55c8330f3c8597c3618e4cae13997a', 'c': 'a01ad7dd6717c848587e1cc069c99f1e6e04417a3a5a17b4e2314ab3a1a4bd3f'}",PASS,0.025752799992915243,0.19204829999944195,0.5439553000032902,218,24,2,1,4,149,0,2,8,32,2638998349,100000000,1,576,572,0.1280234000296332,0.031976900005247444,0.8897798000252806,2.18e-06,0.0009174311926605505,7.167431192660551e-05
endurance,1,PASS,True,242,0,0,21831939,1,1,1,"{'m': 1, 'n': 1, 'k': 1, 'a_base': 64, 'bt_base': 256, 'c_base': 448, 'a_stride': 64, 'bt_stride': 64, 'c_stride': 64, 'mode': 0, 'watchdog': 10000000}",2026-10-04T17:35:49.922328+00:00,2026-10-04T17:35:50.844612+00:00,cbe5cfdf7c2118a9c3d78ef1d684f3afa089201352886449a06a6511cfef74a7,cdce9374e0fecee1655cbc7207b0ed392201941f084c4b5672e917a99c7b2b26,63fd08a16f89f21a322f018edfee81a19cb4f6dccf6c4b1ce20c273d75d2cfde,74700b121b4789df6fec183d7e36adb1df28189b0b06ed3be77250d23587933a,Uploaded in this connection; reused only within this case,"{'a': '26a7628c3abbda20fd4171695ad90cce5032fd382dcb62415b12bd15d13b66b9', 'bt': 'c912119fc34081338a230161877d3bdead55c8330f3c8597c3618e4cae13997a', 'c': 'a01ad7dd6717c848587e1cc069c99f1e6e04417a3a5a17b4e2314ab3a1a4bd3f'}",PASS,0.023574299993924797,0.19201400002930313,0.5439695999957621,223,24,2,1,4,154,0,2,8,32,2638998349,100000000,1,576,572,0.12801419995957986,0.032125100027769804,0.8875720999785699,2.23e-06,0.0008968609865470852,7.006726457399103e-05
endurance,1,PASS,True,243,0,0,21841912,5,3,9,"{'m': 5, 'n': 3, 'k': 9, 'a_base': 64, 'bt_base': 512, 'c_base': 832, 'a_stride': 64, 'bt_stride': 64, 'c_stride': 64, 'mode': 0, 'watchdog': 10000000}",2026-10-04T17:35:51.040348+00:00,2026-10-04T17:35:52.028462+00:00,32ce24d0b3902f02025496ef596b4910003128e9b7933da64cd8cc416d3b3b7a,eff02c0d442338a20cee77eff727adae1833a4c9683c516414d9ffc5c1511f98,f207fcc92cbf6b98bb49ff77b9aa1cacf5905add571330f287ee3faa92a3d0a9,34965972417a588446a064f5e42afe3e679ccb89c829c3f4857910f2fd800d26,Uploaded in this connection; reused only within this case,"{'a': '5da239e98ce8caa894f8a07ecfc6306aaddfd579d05efc18777cdd2aeb1d8c14', 'bt': 'c50bec718e1ce7901ce6b4dec0ef5780e1a45f0ff75e2e7dbe5c81ffa96c64fa', 'c': 'b1414e7e0cbc443a0c25d1c7de44ec0a5fea66ecd7a6e1836936ac5fb41e4416'}",PASS,0.042020499997306615,0.1920160999870859,0.543996199965477,479,32,16,10,60,236,0,10,8,32,2638998349,100000000,15,1216,1156,0.17605180002283305,0.031951499986462295,0.9540845999727026,4.79e-06,0.05636743215031315,0.004403705636743215
endurance,1,PASS,True,244,1,0,21841912,5,3,9,"{'m': 5, 'n': 3, 'k': 9, 'a_base': 64, 'bt_base': 512, 'c_base': 832, 'a_stride': 64, 'bt_stride': 64, 'c_stride': 64, 'mode': 1, 'watchdog': 10000000}",2026-10-04T17:35:52.091002+00:00,2026-10-04T17:35:53.084483+00:00,32ce24d0b3902f02025496ef596b4910003128e9b7933da64cd8cc416d3b3b7a,eff02c0d442338a20cee77eff727adae1833a4c9683c516414d9ffc5c1511f98,f207fcc92cbf6b98bb49ff77b9aa1cacf5905add571330f287ee3faa92a3d0a9,34965972417a588446a064f5e42afe3e679ccb89c829c3f4857910f2fd800d26,Uploaded in this connection; reused only within this case,"{'a': '5da239e98ce8caa894f8a07ecfc6306aaddfd579d05efc18777cdd2aeb1d8c14', 'bt': 'c50bec718e1ce7901ce6b4dec0ef5780e1a45f0ff75e2e7dbe5c81ffa96c64fa', 'c': 'b1414e7e0cbc443a0c25d1c7de44ec0a5fea66ecd7a6e1836936ac5fb41e4416'}",PASS,0.046727599983569235,0.19200300000375137,0.544033500016667,485,32,16,10,60,238,0,10,8,32,2638998349,100000000,15,1216,1156,0.1760082999826409,0.03206040000077337,0.9587723999866284,4.85e-06,0.0556701030927835,0.0043492268041237115
endurance,1,PASS,True,245,1,0,21851885,31,33,17,"{'m': 31, 'n': 33, 'k': 17, 'a_base': 64, 'bt_base': 2176, 'c_base': 4416, 'a_stride': 64, 'bt_stride': 64, 'c_stride': 192, 'mode': 1, 'watchdog': 10000000}",2026-10-04T17:35:53.536648+00:00,2026-10-04T17:35:55.548310+00:00,ab63939de99062bacd069c5ecb8e6a82b12928218be983a8840bc0981a30a062,5f5c5cbdfe4af848695d5d6b93e4c32f3e31ac57f3f0e296c74dbaf96c422938,300820e9cf4cf4cccef60b402f498f3997d3bb39ac56cdc3da4751dff03893b4,a3e778b50458ab240fdcd0288b162993a77261ebd4f0345c12fd63580610f1e0,Uploaded in this connection; reused only within this case,"{'a': 'b4ccd7b1c5ad502d2ce5c92b6b157aba4c4831009f8c6ab56d2df021882eea17', 'bt': '3a52a43578cb2df269cd5706402fc42c56bec49f4edee5325fa2d17a70695338', 'c': 'd2a0be2bf9a2105eb76a8a08eb996974404d249889ce3d720b481607a31fcc15'}",PASS,0.42431829997804016,0.1919365000212565,0.54410729999654,6474,800,285,527,4092,1226,0,124,8,32,2638998349,100000000,1023,10432,6340,0.8159638000070117,0.03192530001979321,1.9763259000028484,6.474e-05,0.53725671918443,0.0419731811862836
endurance,1,PASS,True,246,0,0,21851885,31,33,17,"{'m': 31, 'n': 33, 'k': 17, 'a_base': 64, 'bt_base': 2176, 'c_base': 4416, 'a_stride': 64, 'bt_stride': 64, 'c_stride': 192, 'mode': 0, 'watchdog': 10000000}",2026-10-04T17:35:55.611741+00:00,2026-10-04T17:35:57.628258+00:00,ab63939de99062bacd069c5ecb8e6a82b12928218be983a8840bc0981a30a062,5f5c5cbdfe4af848695d5d6b93e4c32f3e31ac57f3f0e296c74dbaf96c422938,300820e9cf4cf4cccef60b402f498f3997d3bb39ac56cdc3da4751dff03893b4,a3e778b50458ab240fdcd0288b162993a77261ebd4f0345c12fd63580610f1e0,Uploaded in this connection; reused only within this case,"{'a': 'b4ccd7b1c5ad502d2ce5c92b6b157aba4c4831009f8c6ab56d2df021882eea17', 'bt': '3a52a43578cb2df269cd5706402fc42c56bec49f4edee5325fa2d17a70695338', 'c': 'd2a0be2bf9a2105eb76a8a08eb996974404d249889ce3d720b481607a31fcc15'}",PASS,0.4300980999832973,0.19213400001171976,0.5437875000061467,7364,800,285,527,4092,1933,0,124,8,32,2638998349,100000000,1023,10432,6340,0.8162127999821678,0.03183839999837801,1.9822323999833316,7.364e-05,0.47232482346550786,0.0369003768332428
endurance,1,PASS,True,247,0,0,21861858,33,35,256,"{'m': 33, 'n': 35, 'k': 256, 'a_base': 64, 'bt_base': 8640, 'c_base': 17728, 'a_stride': 256, 'bt_stride': 256, 'c_stride': 192, 'mode': 0, 'watchdog': 10000000}",2026-10-04T17:35:59.024234+00:00,2026-10-04T17:36:02.028439+00:00,94e382b945f0335416d833c7ee3c367fdb5dff032f86aadafabc8e67645e0636,769351d7cdb0b32c3fd725c30f255b3e6223cdefdd81b47b25c8f013152c953a,422c30db5618c1fe8d7d8896fab9d16f6b0f1478ec30de389726e7adb21f413d,22bb68d642a66ad13ca04e09eccb22ef196d577d1ac015f7eeee1298ce68d8de,Uploaded in this connection; reused only within this case,"{'a': '3cdaa4bbe5ff9a2602a6fae91d4c12832ca84fdb91806711b8b6a8d88eb90ad1', 'bt': 'f99c3cfefcf87bf942a8b38d7ae18837c1cd17225b525d0049b4c772847da1ec', 'c': '9ca54b313626530a17c8a5679d4281db39c03dbed2ff963232d442b23b6e1bd4'}",PASS,0.45742049999535084,0.1920475999941118,0.5439575000200421,19831,6975,4352,594,4620,7710,0,134,8,32,2638998349,100000000,1155,24128,19508,1.7760113999829628,0.03223440004512668,2.9694369999924675,0.00019831,2.981997882103777,0.23296858453935756
endurance,1,PASS,True,248,1,0,21861858,33,35,256,"{'m': 33, 'n': 35, 'k': 256, 'a_base': 64, 'bt_base': 8640, 'c_base': 17728, 'a_stride': 256, 'bt_stride': 256, 'c_stride': 192, 'mode': 1, 'watchdog': 10000000}",2026-10-04T17:36:02.098225+00:00,2026-10-04T17:36:05.100081+00:00,94e382b945f0335416d833c7ee3c367fdb5dff032f86aadafabc8e67645e0636,769351d7cdb0b32c3fd725c30f255b3e6223cdefdd81b47b25c8f013152c953a,422c30db5618c1fe8d7d8896fab9d16f6b0f1478ec30de389726e7adb21f413d,22bb68d642a66ad13ca04e09eccb22ef196d577d1ac015f7eeee1298ce68d8de,Uploaded in this connection; reused only within this case,"{'a': '3cdaa4bbe5ff9a2602a6fae91d4c12832ca84fdb91806711b8b6a8d88eb90ad1', 'bt': 'f99c3cfefcf87bf942a8b38d7ae18837c1cd17225b525d0049b4c772847da1ec', 'c': '9ca54b313626530a17c8a5679d4281db39c03dbed2ff963232d442b23b6e1bd4'}",PASS,0.45511669997358695,0.19200280000222847,0.5441064000478946,13252,6975,4352,594,4620,3458,0,134,8,32,2638998349,100000000,1155,24128,19508,1.775882999994792,0.03199659998062998,2.967108900018502,0.00013252,4.462420766676728,0.3486266223966194
endurance,1,PASS,True,249,1,0,21871831,65,63,255,"{'m': 65, 'n': 63, 'k': 255, 'a_base': 64, 'bt_base': 16832, 'c_base': 33088, 'a_stride': 256, 'bt_stride': 256, 'c_stride': 256, 'mode': 1, 'watchdog': 10000000}",2026-10-04T17:36:07.648793+00:00,2026-10-04T17:36:13.196164+00:00,c5fcf7857c6ddd788b86ee6707b00a9323953e9a7055d5d51fa065aeed4186bf,bff8b9d5ebb35570e715eb0a05bb850662d2e2f190f62794c914573c69fc7c3e,c86ca77992802d2ded3a23d8514219c11fae031c118d6f4fab55e864c5acebd7,0ce331bd1dd947ed953feea7d44062344fef09d174db9e838f0770c3cac5cea5,Uploaded in this connection; reused only within this case,"{'a': '3e15e1289843c00a169c7fb41b9b27abb61792eb7eebed8567c0f5379a723c25', 'bt': '4371736f134db5ae8db4da9faf55fd4787023acd568a27628faa6d3905830e90', 'c': 'a86d65c56e18e2b73b3acdd21c938347c22301de5327319d96698f43d1065ece'}",PASS,1.1769487999845296,0.19148009998025373,0.5439162999973632,26458,20016,10208,2080,16380,3443,0,268,8,32,2638998349,100000000,4095,49792,33412,3.6005970000405796,0.03169309999793768,5.512942200002726,0.00026458,7.893453775795601,0.6166760762340313
endurance,1,PASS,True,250,0,0,21871831,65,63,255,"{'m': 65, 'n': 63, 'k': 255, 'a_base': 64, 'bt_base': 16832, 'c_base': 33088, 'a_stride': 256, 'bt_stride': 256, 'c_stride': 256, 'mode': 0, 'watchdog': 10000000}",2026-10-04T17:36:13.467030+00:00,2026-10-04T17:36:19.005761+00:00,c5fcf7857c6ddd788b86ee6707b00a9323953e9a7055d5d51fa065aeed4186bf,bff8b9d5ebb35570e715eb0a05bb850662d2e2f190f62794c914573c69fc7c3e,c86ca77992802d2ded3a23d8514219c11fae031c118d6f4fab55e864c5acebd7,0ce331bd1dd947ed953feea7d44062344fef09d174db9e838f0770c3cac5cea5,Uploaded in this connection; reused only within this case,"{'a': '3e15e1289843c00a169c7fb41b9b27abb61792eb7eebed8567c0f5379a723c25', 'bt': '4371736f134db5ae8db4da9faf55fd4787023acd568a27628faa6d3905830e90', 'c': 'a86d65c56e18e2b73b3acdd21c938347c22301de5327319d96698f43d1065ece'}",PASS,1.1761923999874853,0.19197779998648912,0.543934800021816,52378,20016,10208,2080,16380,17497,0,268,8,32,2638998349,100000000,4095,49792,33412,3.5839970000088215,0.034080599958542734,5.496102000004612,0.00052378,3.987265645881859,0.31150512858452023
endurance,1,PASS,True,251,0,0,21881804,1,64,256,"{'m': 1, 'n': 64, 'k': 256, 'a_base': 64, 'bt_base': 448, 'c_base': 16960, 'a_stride': 256, 'bt_stride': 256, 'c_stride': 256, 'mode': 0, 'watchdog': 10000000}",2026-10-04T17:36:20.431519+00:00,2026-10-04T17:36:22.555300+00:00,599d808be862ddd279e48812d1d991161593c848b818da7d04e99c87b0d13a80,ddf4d44e172efd530b8d10c48ea164785cb65ea498d47d69aaf3b3b97db7fda7,b3c31942c5c1d634894a5c4a90a9ca2947af7cb0cce0c567e7a353c4a32f32c6,e5a57bac0a1daa58f635d608ca3a7c960bf9af479561f66507a0dc2e85431af5,Uploaded in this connection; reused only within this case,"{'a': '55b04ed59b9a251ffb83aa1fe24dc781b9033437b309242d48e3108979f7575f', 'bt': '0b90ee55a2bf7dc083b99523c7fc1a2f1d69658ad19479748dbb972036317357', 'c': '96a48759a724c2fc65c5bc864eb37ff9f835c3bf99aa23db2663744222d5894f'}",PASS,0.04214420000789687,0.19208309997338802,0.5449736000155099,6258,2232,2112,32,256,3758,0,4,8,32,2638998349,100000000,64,17280,17024,1.3108893999597058,0.03193749999627471,2.0900902999565005,6.258e-05,0.5236177692553532,0.040907638223074465
endurance,1,PASS,True,252,1,0,21881804,1,64,256,"{'m': 1, 'n': 64, 'k': 256, 'a_base': 64, 'bt_base': 448, 'c_base': 16960, 'a_stride': 256, 'bt_stride': 256, 'c_stride': 256, 'mode': 1, 'watchdog': 10000000}",2026-10-04T17:36:22.615428+00:00,2026-10-04T17:36:24.731229+00:00,599d808be862ddd279e48812d1d991161593c848b818da7d04e99c87b0d13a80,ddf4d44e172efd530b8d10c48ea164785cb65ea498d47d69aaf3b3b97db7fda7,b3c31942c5c1d634894a5c4a90a9ca2947af7cb0cce0c567e7a353c4a32f32c6,e5a57bac0a1daa58f635d608ca3a7c960bf9af479561f66507a0dc2e85431af5,Uploaded in this connection; reused only within this case,"{'a': '55b04ed59b9a251ffb83aa1fe24dc781b9033437b309242d48e3108979f7575f', 'bt': '0b90ee55a2bf7dc083b99523c7fc1a2f1d69658ad19479748dbb972036317357', 'c': '96a48759a724c2fc65c5bc864eb37ff9f835c3bf99aa23db2663744222d5894f'}",PASS,0.03323280002223328,0.19191939994925633,0.5440612000529654,5012,2232,2112,32,256,2628,0,4,8,32,2638998349,100000000,64,17280,17024,1.311928499955684,0.03193620004458353,2.081141899980139,5.012e-05,0.6537909018355945,0.05107741420590583
endurance,1,PASS,True,253,1,0,21891777,64,1,256,"{'m': 64, 'n': 1, 'k': 256, 'a_base': 64, 'bt_base': 16576, 'c_base': 16960, 'a_stride': 256, 'bt_stride': 256, 'c_stride': 64, 'mode': 1, 'watchdog': 10000000}",2026-10-04T17:36:26.096226+00:00,2026-10-04T17:36:28.731145+00:00,91abd1304c011ac1bec0cda3ab945e2694961fed73ba4a5b18b9da3dca1fb1a9,a0fdc434eb67c5958761785f5d12be54147e92093459be29ce0f223954d8f4c2,9bdef54e159e12303aab29981f3ad3a95e078ac88868b90b091a6a91fcf3fba3,0e60dab68e6bbecee891fae22cf5ac7ff7466d7f6132085a4186d3f7362d1019,Uploaded in this connection; reused only within this case,"{'a': '4b34a924fc565e8c27de65fda868fd23b6ada61d8c5d45ad9c65e8eaf75a18a1', 'bt': 'b8bb9ad1175ad83741a29520cc725dfe329b8bbd9b6b49da381bfaf150c45803', 'c': 'dffc1cf75174e1aeab27c909963c97ac2b70e797f36832e7ca6de5c656db8fec'}",PASS,0.2949594999663532,0.19202240003505722,0.5439801999600604,6047,2232,2112,64,256,2618,0,128,8,32,2638998349,100000000,64,21120,20864,1.5680409000487998,0.031912899983581156,2.5990030000102706,6.047e-05,0.5418885397717876,0.04233504216967091
endurance,1,PASS,True,254,0,0,21891777,64,1,256,"{'m': 64, 'n': 1, 'k': 256, 'a_base': 64, 'bt_base': 16576, 'c_base': 16960, 'a_stride': 256, 'bt_stride': 256, 'c_stride': 64, 'mode': 0, 'watchdog': 10000000}",2026-10-04T17:36:28.797696+00:00,2026-10-04T17:36:31.435496+00:00,91abd1304c011ac1bec0cda3ab945e2694961fed73ba4a5b18b9da3dca1fb1a9,a0fdc434eb67c5958761785f5d12be54147e92093459be29ce0f223954d8f4c2,9bdef54e159e12303aab29981f3ad3a95e078ac88868b90b091a6a91fcf3fba3,0e60dab68e6bbecee891fae22cf5ac7ff7466d7f6132085a4186d3f7362d1019,Uploaded in this connection; reused only within this case,"{'a': '4b34a924fc565e8c27de65fda868fd23b6ada61d8c5d45ad9c65e8eaf75a18a1', 'bt': 'b8bb9ad1175ad83741a29520cc725dfe329b8bbd9b6b49da381bfaf150c45803', 'c': 'dffc1cf75174e1aeab27c909963c97ac2b70e797f36832e7ca6de5c656db8fec'}",PASS,0.2984996999730356,0.19207619997905567,0.5439120000228286,8278,2232,2112,64,256,3691,0,128,8,32,2638998349,100000000,64,21120,20864,1.570326599990949,0.03010650002397597,2.604814499965869,8.278e-05,0.39584440686156075,0.030925344286059434
endurance,1,PASS,True,255,0,0,21901750,32,32,256,"{'m': 32, 'n': 32, 'k': 256, 'a_base': 64, 'bt_base': 8384, 'c_base': 16704, 'a_stride': 256, 'bt_stride': 256, 'c_stride': 128, 'mode': 0, 'watchdog': 10000000}",2026-10-04T17:36:32.828965+00:00,2026-10-04T17:36:35.450772+00:00,c67870d753bdba3d9e153e0b115c8426c7df2f3f4f061247e1e6d5a555066426,568324693072a2e7c5a656482d2581449a3c34ada1c5df195a9e9f550bf5fdb8,e2477f47b8abeff328c0ead56516bcf93d02054f7d0c8fbbdd84774fbeae0d43,dfe0db15127b627bac195c5db37aa85a8c43d6d90d6291e69ac15e3bc3c8751a,Uploaded in this connection; reused only within this case,"{'a': 'ab5633358e5f5ed957cad31e1a094f862b02bd9d2dd7b2678bfc48e655eb3f41', 'bt': '83e8acdb6a5ccf3a9fc9d6b17a2ddf2152285bed8a7303a799889cb50e4975ac', 'c': 'ba1d1edaa8b9a9718e99a5bb3ac30cd52b462933fb8dbe59b10269cdd291699a'}",PASS,0.3006763000157662,0.19197350001195446,0.5440817999769934,11623,4464,2048,512,4096,3459,0,66,8,32,2638998349,100000000,1024,20864,16768,1.551900900027249,0.03200519998790696,2.588632500031963,0.00011623,4.5107803493074075,0.35240471478964125
endurance,1,PASS,True,256,1,0,21901750,32,32,256,"{'m': 32, 'n': 32, 'k': 256, 'a_base': 64, 'bt_base': 8384, 'c_base': 16704, 'a_stride': 256, 'bt_stride': 256, 'c_stride': 128, 'mode': 1, 'watchdog': 10000000}",2026-10-04T17:36:35.483292+00:00,2026-10-04T17:36:38.106665+00:00,c67870d753bdba3d9e153e0b115c8426c7df2f3f4f061247e1e6d5a555066426,568324693072a2e7c5a656482d2581449a3c34ada1c5df195a9e9f550bf5fdb8,e2477f47b8abeff328c0ead56516bcf93d02054f7d0c8fbbdd84774fbeae0d43,dfe0db15127b627bac195c5db37aa85a8c43d6d90d6291e69ac15e3bc3c8751a,Uploaded in this connection; reused only within this case,"{'a': 'ab5633358e5f5ed957cad31e1a094f862b02bd9d2dd7b2678bfc48e655eb3f41', 'bt': '83e8acdb6a5ccf3a9fc9d6b17a2ddf2152285bed8a7303a799889cb50e4975ac', 'c': 'ba1d1edaa8b9a9718e99a5bb3ac30cd52b462933fb8dbe59b10269cdd291699a'}",PASS,0.3020646999939345,0.19196590001229197,0.5440709000104107,11589,4464,2048,512,4096,3499,0,66,8,32,2638998349,100000000,1024,20864,16768,1.5519702999736182,0.0319329000194557,2.5900717999902554,0.00011589,4.524014151350418,0.35343860557425144
endurance,1,PASS,True,257,0,0,21936668,1,1,1,"{'m': 1, 'n': 1, 'k': 1, 'a_base': 64, 'bt_base': 256, 'c_base': 448, 'a_stride': 64, 'bt_stride': 64, 'c_stride': 64, 'mode': 0, 'watchdog': 10000000}",2026-10-04T17:36:38.252142+00:00,2026-10-04T17:36:39.194607+00:00,4f362f9093bb8e7012f466224ff1237c0746d8c8f660b16699f5036ccba9c64a,6922e93e3827642ce4b883c756b31abf80036649d3614bf5fcb3adda43b8ea32,db21f9a53d23ae8a7d2cf9969a5ad59e5450435499830682bf414c5aeba47eba,71f16fd43bc83b728c589688efdc63a66562b025abb2343d889cbbc08e136f0c,Uploaded in this connection; reused only within this case,"{'a': 'f0f3920b4c6823da0ed32a411a78dfdbc061afd43b1b30f8acc24418b02b55a7', 'bt': '8ecedfd7147b869c90a4c335bc7819cecd60f0f9f47da0dfbe86de39dac3285f', 'c': '4db716980a5dce6caac4cc07b5c21bf1b93194774646fd4a7e669f78418d5494'}",PASS,0.02915940003003925,0.1919353999546729,0.559982500039041,220,24,2,1,4,151,0,2,8,32,2638998349,100000000,1,576,572,0.12802379997447133,0.03196320001734421,0.9091010999982245,2.2e-06,0.0009090909090909091,7.102272727272727e-05
endurance,1,PASS,True,258,1,0,21936668,1,1,1,"{'m': 1, 'n': 1, 'k': 1, 'a_base': 64, 'bt_base': 256, 'c_base': 448, 'a_stride': 64, 'bt_stride': 64, 'c_stride': 64, 'mode': 1, 'watchdog': 10000000}",2026-10-04T17:36:39.229320+00:00,2026-10-04T17:36:40.154600+00:00,4f362f9093bb8e7012f466224ff1237c0746d8c8f660b16699f5036ccba9c64a,6922e93e3827642ce4b883c756b31abf80036649d3614bf5fcb3adda43b8ea32,db21f9a53d23ae8a7d2cf9969a5ad59e5450435499830682bf414c5aeba47eba,71f16fd43bc83b728c589688efdc63a66562b025abb2343d889cbbc08e136f0c,Uploaded in this connection; reused only within this case,"{'a': 'f0f3920b4c6823da0ed32a411a78dfdbc061afd43b1b30f8acc24418b02b55a7', 'bt': '8ecedfd7147b869c90a4c335bc7819cecd60f0f9f47da0dfbe86de39dac3285f', 'c': '4db716980a5dce6caac4cc07b5c21bf1b93194774646fd4a7e669f78418d5494'}",PASS,0.028187200019601732,0.19193669996457174,0.5440121000283398,219,24,2,1,4,150,0,2,8,32,2638998349,100000000,1,576,572,0.12803309998707846,0.031997499987483025,0.8921690999995917,2.19e-06,0.0009132420091324201,7.134703196347032e-05
endurance,1,PASS,True,259,1,0,21946641,5,3,9,"{'m': 5, 'n': 3, 'k': 9, 'a_base': 64, 'bt_base': 512, 'c_base': 832, 'a_stride': 64, 'bt_stride': 64, 'c_stride': 64, 'mode': 1, 'watchdog': 10000000}",2026-10-04T17:36:40.299992+00:00,2026-10-04T17:36:41.290552+00:00,0228cdadb19ab563daf50e2d10e87642e51d804a31273b899bd68c54893ded14,9bd73b83352e2b75570e53cac1878eb143b76edda7f6348be925e03491a1ee24,769073eb6cf6dc00a9b7c6e99f498b00c47a99a5a589f006ff1a3ec5a03eb45e,96d92cdb0b1b63de052bd6fa69221b01863c1783864cec0e65dd83d918165a96,Uploaded in this connection; reused only within this case,"{'a': 'd97c11bf7dfe0de445a8a9a537507533caaaa93636c6483b79d6189192aa7ba5', 'bt': 'db42ce761eb204a11fe5d61df6e61e837bee099d4e3ae3ed1cd573c1b960e0db', 'c': 'a19734bec1630ffde2d1252085feae5561b7ff8699d55949c349023214b8f333'}",PASS,0.04522309999447316,0.19205929996678606,0.5439317999989726,478,32,16,10,60,235,0,10,8,32,2638998349,100000000,15,1216,1156,0.17603030003374442,0.031998799997381866,0.9572444999939762,4.78e-06,0.056485355648535567,0.004412918410041841
endurance,1,PASS,True,260,0,0,21946641,5,3,9,"{'m': 5, 'n': 3, 'k': 9, 'a_base': 64, 'bt_base': 512, 'c_base': 832, 'a_stride': 64, 'bt_stride': 64, 'c_stride': 64, 'mode': 0, 'watchdog': 10000000}",2026-10-04T17:36:41.323107+00:00,2026-10-04T17:36:42.314448+00:00,0228cdadb19ab563daf50e2d10e87642e51d804a31273b899bd68c54893ded14,9bd73b83352e2b75570e53cac1878eb143b76edda7f6348be925e03491a1ee24,769073eb6cf6dc00a9b7c6e99f498b00c47a99a5a589f006ff1a3ec5a03eb45e,96d92cdb0b1b63de052bd6fa69221b01863c1783864cec0e65dd83d918165a96,Uploaded in this connection; reused only within this case,"{'a': 'd97c11bf7dfe0de445a8a9a537507533caaaa93636c6483b79d6189192aa7ba5', 'bt': 'db42ce761eb204a11fe5d61df6e61e837bee099d4e3ae3ed1cd573c1b960e0db', 'c': 'a19734bec1630ffde2d1252085feae5561b7ff8699d55949c349023214b8f333'}",PASS,0.04643839999334887,0.19195299997227266,0.5439399000024423,490,32,16,10,60,247,0,10,8,32,2638998349,100000000,15,1216,1156,0.17601950000971556,0.03197429998544976,0.9583507999777794,4.9e-06,0.05510204081632653,0.00430484693877551
endurance,1,PASS,True,261,0,0,21956614,31,33,17,"{'m': 31, 'n': 33, 'k': 17, 'a_base': 64, 'bt_base': 2176, 'c_base': 4416, 'a_stride': 64, 'bt_stride': 64, 'c_stride': 192, 'mode': 0, 'watchdog': 10000000}",2026-10-04T17:36:42.717532+00:00,2026-10-04T17:36:44.730484+00:00,5ff8ca2d768d649c91ca0cad10a0313f47cd2d4de3eb4dbd846d38984e307c7b,b7493001f62532401f598344cbe0d52dd6133e9a63f77b9c3a5a746c76103a99,3a6068ba93f88c292d33197bd2e77c3ed95bcb9d7877a40112e6767c92c3ce7f,dab474006a886def42864ae9b7547993b4b771c68ffa2ef18b03f90c9df5c4ea,Uploaded in this connection; reused only within this case,"{'a': '9749ec876f2d99df0a6ebfd5fa0e1b53bb37a88cb7ff28d0092508dbfa2f163c', 'bt': '5b22cd7d6e6b908ff133601a3e816fffe96ea81f7e21c1438afe6c4ca571ad17', 'c': 'e1dee19948376b5be110526cf15877cb650d29318c76ea412ba8a09888dadd07'}",PASS,0.427542999968864,0.19196270004613325,0.5440454999916255,7352,800,285,527,4092,1911,0,124,8,32,2638998349,100000000,1023,10432,6340,0.8158968999632634,0.03206620004493743,1.9794480999698862,7.352e-05,0.4730957562568009,0.03696060595756257
endurance,1,PASS,True,262,1,0,21956614,31,33,17,"{'m': 31, 'n': 33, 'k': 17, 'a_base': 64, 'bt_base': 2176, 'c_base': 4416, 'a_stride': 64, 'bt_stride': 64, 'c_stride': 192, 'mode': 1, 'watchdog': 10000000}",2026-10-04T17:36:44.768602+00:00,2026-10-04T17:36:46.778363+00:00,5ff8ca2d768d649c91ca0cad10a0313f47cd2d4de3eb4dbd846d38984e307c7b,b7493001f62532401f598344cbe0d52dd6133e9a63f77b9c3a5a746c76103a99,3a6068ba93f88c292d33197bd2e77c3ed95bcb9d7877a40112e6767c92c3ce7f,dab474006a886def42864ae9b7547993b4b771c68ffa2ef18b03f90c9df5c4ea,Uploaded in this connection; reused only within this case,"{'a': '9749ec876f2d99df0a6ebfd5fa0e1b53bb37a88cb7ff28d0092508dbfa2f163c', 'bt': '5b22cd7d6e6b908ff133601a3e816fffe96ea81f7e21c1438afe6c4ca571ad17', 'c': 'e1dee19948376b5be110526cf15877cb650d29318c76ea412ba8a09888dadd07'}",PASS,0.42404830001760274,0.19189509999705479,0.5440116999670863,6532,800,285,527,4092,1247,0,124,8,32,2638998349,100000000,1023,10432,6340,0.8159431000240147,0.03200589999323711,1.9758982000057586,6.532e-05,0.5324862216778935,0.04160048606858543
endurance,1,PASS,True,263,1,0,21966587,33,35,256,"{'m': 33, 'n': 35, 'k': 256, 'a_base': 64, 'bt_base': 8640, 'c_base': 17728, 'a_stride': 256, 'bt_stride': 256, 'c_stride': 192, 'mode': 1, 'watchdog': 10000000}",2026-10-04T17:36:48.124535+00:00,2026-10-04T17:36:51.146208+00:00,9b85bcd773fdfc7b6713c9a70ad63f398eaa07a6db12287852b989d1fd0509c6,40b1a245e0158e0b6480df58b4ca1bdcf57c97ae390454e957067661f9916392,e2dcf935c3fe0539cff5824e9f4f91e1856654d836b18a2746364b226ac8fa29,dbbe330fb60a0e7af7f7d44a5e153cd74005c35aabbd1cf59c49fd43b2c14c8b,Uploaded in this connection; reused only within this case,"{'a': '074d2f4db2160f2e347cacd04c81dc3723813cff2ee53cad704cfb6f0fe73c79', 'bt': '421778fbebbc3e66bc8e43cd8b59e300be2c4bc358c479c836e0ec5736850d46', 'c': 'd9abbc1a70b5adfc53baa0a06383c42d2be14b263ed29facd0e80c2e85950860'}",PASS,0.4605967999668792,0.19189130002632737,0.5601356999832205,13317,6975,4352,594,4620,3493,0,134,8,32,2638998349,100000000,1155,24128,19508,1.7758413000265136,0.03199539997149259,2.9884651000029407,0.00013317,4.440639783735075,0.34692498310430275
endurance,1,PASS,True,264,0,0,21966587,33,35,256,"{'m': 33, 'n': 35, 'k': 256, 'a_base': 64, 'bt_base': 8640, 'c_base': 17728, 'a_stride': 256, 'bt_stride': 256, 'c_stride': 192, 'mode': 0, 'watchdog': 10000000}",2026-10-04T17:36:51.179473+00:00,2026-10-04T17:36:54.186076+00:00,9b85bcd773fdfc7b6713c9a70ad63f398eaa07a6db12287852b989d1fd0509c6,40b1a245e0158e0b6480df58b4ca1bdcf57c97ae390454e957067661f9916392,e2dcf935c3fe0539cff5824e9f4f91e1856654d836b18a2746364b226ac8fa29,dbbe330fb60a0e7af7f7d44a5e153cd74005c35aabbd1cf59c49fd43b2c14c8b,Uploaded in this connection; reused only within this case,"{'a': '074d2f4db2160f2e347cacd04c81dc3723813cff2ee53cad704cfb6f0fe73c79', 'bt': '421778fbebbc3e66bc8e43cd8b59e300be2c4bc358c479c836e0ec5736850d46', 'c': 'd9abbc1a70b5adfc53baa0a06383c42d2be14b263ed29facd0e80c2e85950860'}",PASS,0.461691599979531,0.19214200001442805,0.5438888000207953,19800,6975,4352,594,4620,7679,0,134,8,32,2638998349,100000000,1155,24128,19508,1.7759144000010565,0.031966199981980026,2.973636800015811,0.000198,2.9866666666666664,0.23333333333333334
endurance,1,PASS,True,265,0,0,21976560,65,63,255,"{'m': 65, 'n': 63, 'k': 255, 'a_base': 64, 'bt_base': 16832, 'c_base': 33088, 'a_stride': 256, 'bt_stride': 256, 'c_stride': 256, 'mode': 0, 'watchdog': 10000000}",2026-10-04T17:36:56.621400+00:00,2026-10-04T17:37:02.169759+00:00,b66a7720a105919db335723970fb7253b0601926d9aeb6759828e8f048e1a8f1,be7940e7d1f6b3a91cc83c5f7d734c685cf31470a71830bfd70cce01aef88612,37ffe4c36883a12350f340c4c5c11b74c0a4f29b352120fb94ca1a9887dfa4ca,14bd75e253342a90521867b056c7497f87fd8cf63a162fba16f9424ec098432e,Uploaded in this connection; reused only within this case,"{'a': '08609029edfcf61fe267f41053e3f975ef2cec446a189823578fdc0d2542a881', 'bt': '2a7dc258dba06397a0a5fd9351f399e809a170c48e065599ff25938e1a92e422', 'c': '3491a7792df8292bdfb06c6a5a08040446bebadd1eba25067db970e4a48ce208'}",PASS,1.1793819000013173,0.19193180004367605,0.5440427999710664,52533,20016,10208,2080,16380,17561,0,268,8,32,2638998349,100000000,4095,49792,33412,3.5998865999863483,0.03191650001099333,5.515243100002408,0.00052533,3.975501113585746,0.3105860244988864
endurance,1,PASS,True,266,1,0,21976560,65,63,255,"{'m': 65, 'n': 63, 'k': 255, 'a_base': 64, 'bt_base': 16832, 'c_base': 33088, 'a_stride': 256, 'bt_stride': 256, 'c_stride': 256, 'mode': 1, 'watchdog': 10000000}",2026-10-04T17:37:02.204434+00:00,2026-10-04T17:37:07.740971+00:00,b66a7720a105919db335723970fb7253b0601926d9aeb6759828e8f048e1a8f1,be7940e7d1f6b3a91cc83c5f7d734c685cf31470a71830bfd70cce01aef88612,37ffe4c36883a12350f340c4c5c11b74c0a4f29b352120fb94ca1a9887dfa4ca,14bd75e253342a90521867b056c7497f87fd8cf63a162fba16f9424ec098432e,Uploaded in this connection; reused only within this case,"{'a': '08609029edfcf61fe267f41053e3f975ef2cec446a189823578fdc0d2542a881', 'bt': '2a7dc258dba06397a0a5fd9351f399e809a170c48e065599ff25938e1a92e422', 'c': '3491a7792df8292bdfb06c6a5a08040446bebadd1eba25067db970e4a48ce208'}",PASS,1.1798754999763332,0.19211850001011044,0.5438243999960832,26512,20016,10208,2080,16380,3474,0,268,8,32,2638998349,100000000,4095,49792,33412,3.5886749000055715,0.030365800019353628,5.504493299988098,0.00026512,7.877376282438141,0.6154200220654797
endurance,1,PASS,True,267,1,0,21986533,1,64,256,"{'m': 1, 'n': 64, 'k': 256, 'a_base': 64, 'bt_base': 448, 'c_base': 16960, 'a_stride': 256, 'bt_stride': 256, 'c_stride': 256, 'mode': 1, 'watchdog': 10000000}",2026-10-04T17:37:09.357464+00:00,2026-10-04T17:37:11.483503+00:00,d5a8b662601f4b5085d323012c363df74010096f06d6624a30cf3d7158e38a4a,1afd2ab1979e7ac4d07bd36b03057a42037ebbeab6450836a63b5b66181b7d28,db99ffd9c9a1f5f6706d3416f789ec7ff0c5d7bd38025b423a81b045f999bca0,0e36bbe53e7cba49ab76dc45b5748e7a76d61206a12ae002395822a0f76a6bae,Uploaded in this connection; reused only within this case,"{'a': '916111fd7fad87d24c05c833f054e6af3a6430d04d7ca52458e89274274a8180', 'bt': '82a5a97667aa2d10fe035b201158dafc0546b9ee55f87f089e50d210fc64fe96', 'c': 'c5573bd86cbd4e0fad3f324c90bdf2f4361fe8a551761350d6b01021350201d3'}",PASS,0.04373089998262003,0.1922276000259444,0.5436166999861598,4978,2232,2112,32,256,2589,0,4,8,32,2638998349,100000000,64,17280,17024,1.3120478999917395,0.031895300024189055,2.091623099986464,4.978e-05,0.658256327842507,0.05142627561269586
endurance,1,PASS,True,268,0,0,21986533,1,64,256,"{'m': 1, 'n': 64, 'k': 256, 'a_base': 64, 'bt_base': 448, 'c_base': 16960, 'a_stride': 256, 'bt_stride': 256, 'c_stride': 256, 'mode': 0, 'watchdog': 10000000}",2026-10-04T17:37:11.540559+00:00,2026-10-04T17:37:13.675343+00:00,d5a8b662601f4b5085d323012c363df74010096f06d6624a30cf3d7158e38a4a,1afd2ab1979e7ac4d07bd36b03057a42037ebbeab6450836a63b5b66181b7d28,db99ffd9c9a1f5f6706d3416f789ec7ff0c5d7bd38025b423a81b045f999bca0,0e36bbe53e7cba49ab76dc45b5748e7a76d61206a12ae002395822a0f76a6bae,Uploaded in this connection; reused only within this case,"{'a': '916111fd7fad87d24c05c833f054e6af3a6430d04d7ca52458e89274274a8180', 'bt': '82a5a97667aa2d10fe035b201158dafc0546b9ee55f87f089e50d210fc64fe96', 'c': 'c5573bd86cbd4e0fad3f324c90bdf2f4361fe8a551761350d6b01021350201d3'}",PASS,0.03650819999165833,0.19206450000638142,0.5438829000340775,6248,2232,2112,32,256,3744,0,4,8,32,2638998349,100000000,64,17280,17024,1.3279648999450728,0.031998999998904765,2.10042049997719,6.248e-05,0.5244558258642766,0.040973111395646605
endurance,1,PASS,True,269,0,0,21996506,64,1,256,"{'m': 64, 'n': 1, 'k': 256, 'a_base': 64, 'bt_base': 16576, 'c_base': 16960, 'a_stride': 256, 'bt_stride': 256, 'c_stride': 64, 'mode': 0, 'watchdog': 10000000}",2026-10-04T17:37:14.973263+00:00,2026-10-04T17:37:17.611159+00:00,871ffd7c71892207b67cd8eb0bfb074721fcb6a669b5fe9d16b1025eb1c2ed2b,1164696f50426e45f0bc4eec75ed95a2d33bbda75c2dd720af9c3da58b5c7f06,70c830783192abadb50c5f8f7b21ca103bf9dcfec7df2e71ee5b9f0f577c824d,97b99a8d511a0bc8d6b13e34d34128e02bb8fca48ff36727f23f002fcb8851ad,Uploaded in this connection; reused only within this case,"{'a': '7099bd67120e86c9c6782ce8fb8feaf473057e0f1bd9fe9c4a39a3c5ee664fc3', 'bt': 'e31eb611d5da0ca2c95e0e86d049503a119bdc07b9737ea09c8bc7a5dd2b40ca', 'c': '381e38bee9ddab917ad85e175998e3d2fb3561af75060827cfc5a596b072e698'}",PASS,0.30108890001429245,0.19193849997827783,0.5442418000311591,8276,2232,2112,64,256,3693,0,128,8,32,2638998349,100000000,64,21120,20864,1.56769820000045,0.031930800003465265,2.6049674000241794,8.276e-05,0.3959400676655389,0.030932817786370227
endurance,1,PASS,True,270,1,0,21996506,64,1,256,"{'m': 64, 'n': 1, 'k': 256, 'a_base': 64, 'bt_base': 16576, 'c_base': 16960, 'a_stride': 256, 'bt_stride': 256, 'c_stride': 64, 'mode': 1, 'watchdog': 10000000}",2026-10-04T17:37:17.650663+00:00,2026-10-04T17:37:20.283122+00:00,871ffd7c71892207b67cd8eb0bfb074721fcb6a669b5fe9d16b1025eb1c2ed2b,1164696f50426e45f0bc4eec75ed95a2d33bbda75c2dd720af9c3da58b5c7f06,70c830783192abadb50c5f8f7b21ca103bf9dcfec7df2e71ee5b9f0f577c824d,97b99a8d511a0bc8d6b13e34d34128e02bb8fca48ff36727f23f002fcb8851ad,Uploaded in this connection; reused only within this case,"{'a': '7099bd67120e86c9c6782ce8fb8feaf473057e0f1bd9fe9c4a39a3c5ee664fc3', 'bt': 'e31eb611d5da0ca2c95e0e86d049503a119bdc07b9737ea09c8bc7a5dd2b40ca', 'c': '381e38bee9ddab917ad85e175998e3d2fb3561af75060827cfc5a596b072e698'}",PASS,0.2953424000297673,0.19203959999140352,0.5439505000249483,6033,2232,2112,64,256,2608,0,128,8,32,2638998349,100000000,64,21120,20864,1.5679362999508157,0.03201930003706366,2.599268799996935,6.033e-05,0.5431460301674125,0.04243328360682911
endurance,1,PASS,True,271,1,0,22006479,32,32,256,"{'m': 32, 'n': 32, 'k': 256, 'a_base': 64, 'bt_base': 8384, 'c_base': 16704, 'a_stride': 256, 'bt_stride': 256, 'c_stride': 128, 'mode': 1, 'watchdog': 10000000}",2026-10-04T17:37:21.565460+00:00,2026-10-04T17:37:24.186933+00:00,9828c2c615bcc2d6b4b770c10c8f03d985d7b7d257e4b44b415c2683bace0833,f3f909da20e1e3c6a08773c8e22eb8e0ca7b386034ae3b4c5d425ee413f4da9d,9a210691891ebcce31fd0c5584df53a791811cdba7b642d61addf6ce55991e1e,5999f6a2d99eda5fe6364b52783fe7cc4f5d8e91fb8902e43e98e103f3f49398,Uploaded in this connection; reused only within this case,"{'a': '83be013e24e2e963914f43e2bfb95e0a42cc98e30ed0203a64dba91b9f02682e', 'bt': '719396b8bb3db3d8fdc4423f14cfb9386a7b3a3c6dd3101cecface9fee6da256', 'c': '544390fdfd4820ff23c8fcf94bcee89daa204d6c14e70c1035ac9b78863af19c'}",PASS,0.30029290000675246,0.1920976999681443,0.5439072999870405,11599,4464,2048,512,4096,3495,0,66,8,32,2638998349,100000000,1024,20864,16768,1.5519096000352874,0.03198769997106865,2.5882074999972247,0.00011599,4.520113802914044,0.3531338908526597
endurance,1,PASS,True,272,0,0,22006479,32,32,256,"{'m': 32, 'n': 32, 'k': 256, 'a_base': 64, 'bt_base': 8384, 'c_base': 16704, 'a_stride': 256, 'bt_stride': 256, 'c_stride': 128, 'mode': 0, 'watchdog': 10000000}",2026-10-04T17:37:24.239142+00:00,2026-10-04T17:37:26.858987+00:00,9828c2c615bcc2d6b4b770c10c8f03d985d7b7d257e4b44b415c2683bace0833,f3f909da20e1e3c6a08773c8e22eb8e0ca7b386034ae3b4c5d425ee413f4da9d,9a210691891ebcce31fd0c5584df53a791811cdba7b642d61addf6ce55991e1e,5999f6a2d99eda5fe6364b52783fe7cc4f5d8e91fb8902e43e98e103f3f49398,Uploaded in this connection; reused only within this case,"{'a': '83be013e24e2e963914f43e2bfb95e0a42cc98e30ed0203a64dba91b9f02682e', 'bt': '719396b8bb3db3d8fdc4423f14cfb9386a7b3a3c6dd3101cecface9fee6da256', 'c': '544390fdfd4820ff23c8fcf94bcee89daa204d6c14e70c1035ac9b78863af19c'}",PASS,0.2976849999977276,0.19204870000248775,0.5438918999861926,11661,4464,2048,512,4096,3490,0,66,8,32,2638998349,100000000,1024,20864,16768,1.5522793999989517,0.03179199999431148,2.5859049999853596,0.00011661,4.496080953606037,0.3512563245004717
endurance,1,PASS,True,273,1,0,22041397,1,1,1,"{'m': 1, 'n': 1, 'k': 1, 'a_base': 64, 'bt_base': 256, 'c_base': 448, 'a_stride': 64, 'bt_stride': 64, 'c_stride': 64, 'mode': 1, 'watchdog': 10000000}",2026-10-04T17:37:27.021991+00:00,2026-10-04T17:37:27.946957+00:00,85f97e04d754c81dac21f0ce857adc81170d08c6cfef7cf90edbbabf39d9671a,ba5ec51d07a4ac0e951608704431d59a02b21a4e951acc10505a8dc407c501ee,305573229b55a59bb5367ea00bd02f3a8fd1e24c83ca4305fb106f4bfd24c8b9,eec534eb047aa808f9d01fd387bcdef97584be8f135572cd1e88d6470fdca39c,Uploaded in this connection; reused only within this case,"{'a': 'e5a49b48949f00add7b7f4e2063a2d6b3cefb1acc320db303cc6803582b9d22f', 'bt': '0cc31c118ec710e51c52a844ef31678fd8135c29272bad720c1bf313bba7a1b5', 'c': '8c3fed187ac0023f263552851435cd072a2af0ad28a1b1ac97b263ddadecf36b'}",PASS,0.026786500005982816,0.19200480001745746,0.5440352999721654,222,24,2,1,4,149,0,2,8,32,2638998349,100000000,1,576,572,0.12785769999027252,0.032049600034952164,0.8906842999858782,2.22e-06,0.0009009009009009009,7.038288288288288e-05
endurance,1,PASS,True,274,0,0,22041397,1,1,1,"{'m': 1, 'n': 1, 'k': 1, 'a_base': 64, 'bt_base': 256, 'c_base': 448, 'a_stride': 64, 'bt_stride': 64, 'c_stride': 64, 'mode': 0, 'watchdog': 10000000}",2026-10-04T17:37:27.987546+00:00,2026-10-04T17:37:28.906836+00:00,85f97e04d754c81dac21f0ce857adc81170d08c6cfef7cf90edbbabf39d9671a,ba5ec51d07a4ac0e951608704431d59a02b21a4e951acc10505a8dc407c501ee,305573229b55a59bb5367ea00bd02f3a8fd1e24c83ca4305fb106f4bfd24c8b9,eec534eb047aa808f9d01fd387bcdef97584be8f135572cd1e88d6470fdca39c,Uploaded in this connection; reused only within this case,"{'a': 'e5a49b48949f00add7b7f4e2063a2d6b3cefb1acc320db303cc6803582b9d22f', 'bt': '0cc31c118ec710e51c52a844ef31678fd8135c29272bad720c1bf313bba7a1b5', 'c': '8c3fed187ac0023f263552851435cd072a2af0ad28a1b1ac97b263ddadecf36b'}",PASS,0.02126260002842173,0.1922278999700211,0.5437600000295788,219,24,2,1,4,150,0,2,8,32,2638998349,100000000,1,576,572,0.12800799997057766,0.031987000023946166,0.8852584999985993,2.19e-06,0.0009132420091324201,7.134703196347032e-05
endurance,1,PASS,True,275,0,0,22051370,5,3,9,"{'m': 5, 'n': 3, 'k': 9, 'a_base': 64, 'bt_base': 512, 'c_base': 832, 'a_stride': 64, 'bt_stride': 64, 'c_stride': 64, 'mode': 0, 'watchdog': 10000000}",2026-10-04T17:37:29.070644+00:00,2026-10-04T17:37:30.058812+00:00,cca6444ac6b8e58ca34805b8addf6cf53459d7f8df31a70b72f3acde0ef6a4a6,8759badbad42630af13a8ff5042bee19e1262f62ee9cc50fe6c02fad6ace20b9,d67122d524a72c91e1ff9d66799d4f58e7f3323afdc9a9e8f676ec2b8c560b6d,50652e3c1efbaf559a4944ca056fe74f571d79df78820bfb27af4638dbd1a8da,Uploaded in this connection; reused only within this case,"{'a': '03d4fa5735f1f242e2d03d913b8c4923ab6f4981a03c9c36d3e8db3e6766dd33', 'bt': '785d77e527eb9bb1b3ce6dee92441c1662e9321cd34f31f8b8904c221036ae04', 'c': '01486997adc8481f60c05e73547fd8161e5c54b86e850d4806cb20af0142a1b4'}",PASS,0.04230229998938739,0.1918559000478126,0.5440963999717496,479,32,16,10,60,236,0,10,8,32,2638998349,100000000,15,1216,1156,0.17599770001834258,0.03193449997343123,0.9542523000272922,4.79e-06,0.05636743215031315,0.004403705636743215
endurance,1,PASS,True,276,1,0,22051370,5,3,9,"{'m': 5, 'n': 3, 'k': 9, 'a_base': 64, 'bt_base': 512, 'c_base': 832, 'a_stride': 64, 'bt_stride': 64, 'c_stride': 64, 'mode': 1, 'watchdog': 10000000}",2026-10-04T17:37:30.101358+00:00,2026-10-04T17:37:31.082716+00:00,cca6444ac6b8e58ca34805b8addf6cf53459d7f8df31a70b72f3acde0ef6a4a6,8759badbad42630af13a8ff5042bee19e1262f62ee9cc50fe6c02fad6ace20b9,d67122d524a72c91e1ff9d66799d4f58e7f3323afdc9a9e8f676ec2b8c560b6d,50652e3c1efbaf559a4944ca056fe74f571d79df78820bfb27af4638dbd1a8da,Uploaded in this connection; reused only within this case,"{'a': '03d4fa5735f1f242e2d03d913b8c4923ab6f4981a03c9c36d3e8db3e6766dd33', 'bt': '785d77e527eb9bb1b3ce6dee92441c1662e9321cd34f31f8b8904c221036ae04', 'c': '01486997adc8481f60c05e73547fd8161e5c54b86e850d4806cb20af0142a1b4'}",PASS,0.03501520003192127,0.19203039997955784,0.5439127999707125,479,32,16,10,60,236,0,10,8,32,2638998349,100000000,15,1216,1156,0.17623250000178814,0.031812200031708926,0.9471908999839798,4.79e-06,0.05636743215031315,0.004403705636743215
endurance,1,PASS,True,277,1,0,22061343,31,33,17,"{'m': 31, 'n': 33, 'k': 17, 'a_base': 64, 'bt_base': 2176, 'c_base': 4416, 'a_stride': 64, 'bt_stride': 64, 'c_stride': 192, 'mode': 1, 'watchdog': 10000000}",2026-10-04T17:37:31.518202+00:00,2026-10-04T17:37:33.530653+00:00,3c0a3145032c44f654b52c4148daaccaccf81cadc6a484f6be32200330c37da8,27bff2c6fffeaf49f39eae4ddae0f6efb1e05960a4b2c674a0f3e92c9201f82f,5b44d5ac7c6098d7354f480bf203429c7e31a1613d7baabea6f3cc44f35a6330,d29a28e62878a2da6a1eef6ad8ca6cca645d25d6b87daaf148311c760df8992d,Uploaded in this connection; reused only within this case,"{'a': '62d3fe741d5025e120e7a183d875785f52f2f61d0783e952387936be41b4a5e0', 'bt': '8358e81e49a974839e04d1f012911cb2a82814c819a0658fa6dde8abb9d99b60', 'c': 'fda99631de83187eaba0b614b9ea8f26f7b196f15aeedd0ce57e2a1f404c2238'}",PASS,0.42595250002341345,0.19208799995249137,0.5439452000427991,6523,800,285,527,4092,1246,0,124,8,32,2638998349,100000000,1023,10432,6340,0.8159360999707133,0.032050599984358996,1.9779217999894172,6.523e-05,0.533220910623946,0.041657883642495785
endurance,1,PASS,True,278,0,0,22061343,31,33,17,"{'m': 31, 'n': 33, 'k': 17, 'a_base': 64, 'bt_base': 2176, 'c_base': 4416, 'a_stride': 64, 'bt_stride': 64, 'c_stride': 192, 'mode': 0, 'watchdog': 10000000}",2026-10-04T17:37:33.579392+00:00,2026-10-04T17:37:35.594584+00:00,3c0a3145032c44f654b52c4148daaccaccf81cadc6a484f6be32200330c37da8,27bff2c6fffeaf49f39eae4ddae0f6efb1e05960a4b2c674a0f3e92c9201f82f,5b44d5ac7c6098d7354f480bf203429c7e31a1613d7baabea6f3cc44f35a6330,d29a28e62878a2da6a1eef6ad8ca6cca645d25d6b87daaf148311c760df8992d,Uploaded in this connection; reused only within this case,"{'a': '62d3fe741d5025e120e7a183d875785f52f2f61d0783e952387936be41b4a5e0', 'bt': '8358e81e49a974839e04d1f012911cb2a82814c819a0658fa6dde8abb9d99b60', 'c': 'fda99631de83187eaba0b614b9ea8f26f7b196f15aeedd0ce57e2a1f404c2238'}",PASS,0.4296930999844335,0.19187839998630807,0.5440365000395104,7341,800,285,527,4092,1920,0,124,8,32,2638998349,100000000,1023,10432,6340,0.8160818999749608,0.031912799982819706,1.9816898999852128,7.341e-05,0.4738046587658357,0.037015988966080916
endurance,1,PASS,True,279,0,0,22071316,33,35,256,"{'m': 33, 'n': 35, 'k': 256, 'a_base': 64, 'bt_base': 8640, 'c_base': 17728, 'a_stride': 256, 'bt_stride': 256, 'c_stride': 192, 'mode': 0, 'watchdog': 10000000}",2026-10-04T17:37:36.957697+00:00,2026-10-04T17:37:39.962502+00:00,fea1931453a4ac3af2a21536f9c85ed68cf39d48f5829b5816de7c8f7bf899cb,5259191f1611aaa30b8c9326d44853c697bd849195c2c26f137a2165f90706f5,ffb5236c473d1380b42212eecedd22f738e3749b650d84032257aec221843e28,d239d2377950599b291a29490a140f5a373655651839c8384e0d51d57a3c1e6b,Uploaded in this connection; reused only within this case,"{'a': '808062a08ca9d28935f3196b27d6ddf457a28548bb5bf484bbd726b3c2383a96', 'bt': '030a3aa4a2dbc3e99ca8500dca9c4f5c255bd1b3c9ef7b9afefd83aebe2f7f6a', 'c': 'fbdabaf02cfebef5844b9bc32c344784a496fcd7e28cdc165293bcf2b67ed538'}",PASS,0.458882300008554,0.19197539996821433,0.5438549999962561,19732,6975,4352,594,4620,7598,0,134,8,32,2638998349,100000000,1155,24128,19508,1.7759949000319466,0.032077400013804436,2.970707600004971,0.00019732,2.9969592540036487,0.23413744171903508
endurance,1,PASS,True,280,1,0,22071316,33,35,256,"{'m': 33, 'n': 35, 'k': 256, 'a_base': 64, 'bt_base': 8640, 'c_base': 17728, 'a_stride': 256, 'bt_stride': 256, 'c_stride': 192, 'mode': 1, 'watchdog': 10000000}",2026-10-04T17:37:40.007814+00:00,2026-10-04T17:37:43.018354+00:00,fea1931453a4ac3af2a21536f9c85ed68cf39d48f5829b5816de7c8f7bf899cb,5259191f1611aaa30b8c9326d44853c697bd849195c2c26f137a2165f90706f5,ffb5236c473d1380b42212eecedd22f738e3749b650d84032257aec221843e28,d239d2377950599b291a29490a140f5a373655651839c8384e0d51d57a3c1e6b,Uploaded in this connection; reused only within this case,"{'a': '808062a08ca9d28935f3196b27d6ddf457a28548bb5bf484bbd726b3c2383a96', 'bt': '030a3aa4a2dbc3e99ca8500dca9c4f5c255bd1b3c9ef7b9afefd83aebe2f7f6a', 'c': 'fbdabaf02cfebef5844b9bc32c344784a496fcd7e28cdc165293bcf2b67ed538'}",PASS,0.464379699958954,0.19202770001720637,0.5439655000227503,13327,6975,4352,594,4620,3515,0,134,8,32,2638998349,100000000,1155,24128,19508,1.7758823999902233,0.032120399991981685,2.976255299989134,0.00013327,4.437307721167555,0.3466646657162152
endurance,1,PASS,True,281,1,0,22081289,65,63,255,"{'m': 65, 'n': 63, 'k': 255, 'a_base': 64, 'bt_base': 16832, 'c_base': 33088, 'a_stride': 256, 'bt_stride': 256, 'c_stride': 256, 'mode': 1, 'watchdog': 10000000}",2026-10-04T17:37:45.486328+00:00,2026-10-04T17:37:51.018115+00:00,7fef89e530b5f2c4f78d135ea3bbad9a9e12400a708fd16050e21baad52eb59b,5df7944739b8948d3a9afc314f2847ddc9daf9e77913434dd51f5cccfa89d060,0e5735dc048c0ab03301e13c796e18fa337f9cc9c3fd58ce767389d4832ccfd0,b258290d0d13c894a5f87101676976409c814f650aa898e080ea49119055dd74,Uploaded in this connection; reused only within this case,"{'a': 'a0f538772d0260527e99cbcecce0612158a365614c7e515cda70e82426b3ca4b', 'bt': 'f5aa0e9db43f583a31265063cbac47277bf87487b03c80d6ce03281ab9ac0cd7', 'c': '56a08063252dddb7b186ddfc969e705b079a0d5cb651c81afb35043f144bf2bc'}",PASS,1.1778048999840394,0.19185790000483394,0.5441524000489153,26449,20016,10208,2080,16380,3476,0,268,8,32,2638998349,100000000,4095,49792,33412,3.583723999967333,0.0320639000274241,5.4975392000051215,0.00026449,7.896139740632917,0.6168859172369465
endurance,1,PASS,True,282,0,0,22081289,65,63,255,"{'m': 65, 'n': 63, 'k': 255, 'a_base': 64, 'bt_base': 16832, 'c_base': 33088, 'a_stride': 256, 'bt_stride': 256, 'c_stride': 256, 'mode': 0, 'watchdog': 10000000}",2026-10-04T17:37:51.069920+00:00,2026-10-04T17:37:56.601833+00:00,7fef89e530b5f2c4f78d135ea3bbad9a9e12400a708fd16050e21baad52eb59b,5df7944739b8948d3a9afc314f2847ddc9daf9e77913434dd51f5cccfa89d060,0e5735dc048c0ab03301e13c796e18fa337f9cc9c3fd58ce767389d4832ccfd0,b258290d0d13c894a5f87101676976409c814f650aa898e080ea49119055dd74,Uploaded in this connection; reused only within this case,"{'a': 'a0f538772d0260527e99cbcecce0612158a365614c7e515cda70e82426b3ca4b', 'bt': 'f5aa0e9db43f583a31265063cbac47277bf87487b03c80d6ce03281ab9ac0cd7', 'c': '56a08063252dddb7b186ddfc969e705b079a0d5cb651c81afb35043f144bf2bc'}",PASS,1.178111799992621,0.1920193000114523,0.5438856999971904,52373,20016,10208,2080,16380,17492,0,268,8,32,2638998349,100000000,4095,49792,33412,3.5841368000255898,0.03183230001013726,5.498153600026853,0.00052373,3.987646306302866,0.3115348676799114
endurance,1,PASS,True,283,0,0,22091262,1,64,256,"{'m': 1, 'n': 64, 'k': 256, 'a_base': 64, 'bt_base': 448, 'c_base': 16960, 'a_stride': 256, 'bt_stride': 256, 'c_stride': 256, 'mode': 0, 'watchdog': 10000000}",2026-10-04T17:37:57.963737+00:00,2026-10-04T17:38:00.089706+00:00,e758a22029f1f74bb4d9d51c8ffd84608b3b6dd76a8e8cf84436ee23bf227264,29e40d38c865be62237ed911d20a33b04fd184314a039986ecec5bf7066399fb,afefd7cc39e32aee9c797791f0480cd27f982dd2135ea967f3ffcd0f97478f2a,935ec9a0fa050dfb0170b56c1cc4f12b141b5d308e21b69fbeec5c8e2d58d303,Uploaded in this connection; reused only within this case,"{'a': 'e0ede3a91dc34c717d6c98a2d172002d47cd88fa452bc9667cf2cfbf7e81869c', 'bt': 'cd4cd81146a183cb55f3e1a65e5821cea544ba7951f698eef2d89dbdab5fef15', 'c': '86ff9744c9413fd222ac4dd07f168c5d754db2c9a6a685ff057c2cf9bde2d943'}",PASS,0.043753799982368946,0.19202820002101362,0.5439238999970257,6242,2232,2112,32,256,3743,0,4,8,32,2638998349,100000000,64,17280,17024,1.3120534000336193,0.031951399985700846,2.0917593000340275,6.242e-05,0.52495994873438,0.04101249599487344
endurance,1,PASS,True,284,1,0,22091262,1,64,256,"{'m': 1, 'n': 64, 'k': 256, 'a_base': 64, 'bt_base': 448, 'c_base': 16960, 'a_stride': 256, 'bt_stride': 256, 'c_stride': 256, 'mode': 1, 'watchdog': 10000000}",2026-10-04T17:38:00.133396+00:00,2026-10-04T17:38:02.249688+00:00,e758a22029f1f74bb4d9d51c8ffd84608b3b6dd76a8e8cf84436ee23bf227264,29e40d38c865be62237ed911d20a33b04fd184314a039986ecec5bf7066399fb,afefd7cc39e32aee9c797791f0480cd27f982dd2135ea967f3ffcd0f97478f2a,935ec9a0fa050dfb0170b56c1cc4f12b141b5d308e21b69fbeec5c8e2d58d303,Uploaded in this connection; reused only within this case,"{'a': 'e0ede3a91dc34c717d6c98a2d172002d47cd88fa452bc9667cf2cfbf7e81869c', 'bt': 'cd4cd81146a183cb55f3e1a65e5821cea544ba7951f698eef2d89dbdab5fef15', 'c': '86ff9744c9413fd222ac4dd07f168c5d754db2c9a6a685ff057c2cf9bde2d943'}",PASS,0.034871799987740815,0.19206329999724403,0.5439785000053234,5012,2232,2112,32,256,2629,0,4,8,32,2638998349,100000000,64,17280,17024,1.312139899993781,0.03191179997520521,2.0830534999840893,5.012e-05,0.6537909018355945,0.05107741420590583
endurance,1,PASS,True,285,1,0,22101235,64,1,256,"{'m': 64, 'n': 1, 'k': 256, 'a_base': 64, 'bt_base': 16576, 'c_base': 16960, 'a_stride': 256, 'bt_stride': 256, 'c_stride': 64, 'mode': 1, 'watchdog': 10000000}",2026-10-04T17:38:03.580319+00:00,2026-10-04T17:38:06.217579+00:00,fe666984517418cb03390b567a42b6bea5a8a3644c4ac0d412ae842602bcdc3d,5229043bf8a79d4db7f0c8db686d7e38bd5bb5a7e406f864cb5e4c607d3c2b5f,16731f301226d1ae714d7bb5ed48e614de2905085ec0beac35bcbf166202df61,7c4ecc47aaeef3f6ebdb33264e7670f2824ca0c3731dd08be05e10c73a2f03f6,Uploaded in this connection; reused only within this case,"{'a': '640ab3662f4d866e33fcdeb04858d2d9a99c9ac46619118c60247083bcdac8d7', 'bt': 'b9afe8769a89a590a5d25688e2dc9f80ba00d6e0f5fcf4b7c31b07b63178806b', 'c': '3490a543fa98b1be6a41093dbd2280edca2a46993d20fd402e0c4c815211a73f'}",PASS,0.2991440000478178,0.19199009996373206,0.5440841999952681,6044,2232,2112,64,256,2619,0,128,8,32,2638998349,100000000,64,21120,20864,1.5680123000056483,0.03201950003858656,2.6032306000124663,6.044e-05,0.542157511581734,0.042356055592322965
endurance,1,PASS,True,286,0,0,22101235,64,1,256,"{'m': 64, 'n': 1, 'k': 256, 'a_base': 64, 'bt_base': 16576, 'c_base': 16960, 'a_stride': 256, 'bt_stride': 256, 'c_stride': 64, 'mode': 0, 'watchdog': 10000000}",2026-10-04T17:38:06.265459+00:00,2026-10-04T17:38:08.905382+00:00,fe666984517418cb03390b567a42b6bea5a8a3644c4ac0d412ae842602bcdc3d,5229043bf8a79d4db7f0c8db686d7e38bd5bb5a7e406f864cb5e4c607d3c2b5f,16731f301226d1ae714d7bb5ed48e614de2905085ec0beac35bcbf166202df61,7c4ecc47aaeef3f6ebdb33264e7670f2824ca0c3731dd08be05e10c73a2f03f6,Uploaded in this connection; reused only within this case,"{'a': '640ab3662f4d866e33fcdeb04858d2d9a99c9ac46619118c60247083bcdac8d7', 'bt': 'b9afe8769a89a590a5d25688e2dc9f80ba00d6e0f5fcf4b7c31b07b63178806b', 'c': '3490a543fa98b1be6a41093dbd2280edca2a46993d20fd402e0c4c815211a73f'}",PASS,0.30215409997617826,0.19200080004520714,0.5439504999667406,8313,2232,2112,64,256,3728,0,128,8,32,2638998349,100000000,64,21120,20864,1.567991300020367,0.03195999999297783,2.606096700008493,8.313e-05,0.39417779381691326,0.03079514014194635
endurance,1,PASS,True,287,0,0,22111208,32,32,256,"{'m': 32, 'n': 32, 'k': 256, 'a_base': 64, 'bt_base': 8384, 'c_base': 16704, 'a_stride': 256, 'bt_stride': 256, 'c_stride': 128, 'mode': 0, 'watchdog': 10000000}",2026-10-04T17:38:10.204109+00:00,2026-10-04T17:38:12.825223+00:00,812ecbf3e5eca6c3ffd78e2435a5e0302bb24a08cebd1d9bb12d8c2a0a86612e,8c39ba3d1673b4d160fd0140116c32ccd7bfccc64f47351193a11b30192454f9,b8c9a5a7bbdd5dde169379af7570ea9445e53bb841fd39490096b21526ae6a3a,df52530bc11dc881595fd072b5e6c15fd7a87f383da089113e7e5db6669035d8,Uploaded in this connection; reused only within this case,"{'a': '2470cdc32d4a838a11a4f7d1d1196bcd77d8f0d037d6dd118c7ee1038ed96285', 'bt': 'd716d7d329797d9041e348bb4e823b0eb39d2308d31449c8f0b006a2cf2c7645', 'c': 'a4f8136fcefbf2d49c96dab59dbc0041a79d7a76760628532ca73156d755e85c'}",PASS,0.3000048999674618,0.19192569999722764,0.5439958000206389,11589,4464,2048,512,4096,3470,0,66,8,32,2638998349,100000000,1024,20864,16768,1.5519855999737047,0.032030300004407763,2.587911999959033,0.00011589,4.524014151350418,0.35343860557425144
endurance,1,PASS,True,288,1,0,22111208,32,32,256,"{'m': 32, 'n': 32, 'k': 256, 'a_base': 64, 'bt_base': 8384, 'c_base': 16704, 'a_stride': 256, 'bt_stride': 256, 'c_stride': 128, 'mode': 1, 'watchdog': 10000000}",2026-10-04T17:38:12.872180+00:00,2026-10-04T17:38:15.497053+00:00,812ecbf3e5eca6c3ffd78e2435a5e0302bb24a08cebd1d9bb12d8c2a0a86612e,8c39ba3d1673b4d160fd0140116c32ccd7bfccc64f47351193a11b30192454f9,b8c9a5a7bbdd5dde169379af7570ea9445e53bb841fd39490096b21526ae6a3a,df52530bc11dc881595fd072b5e6c15fd7a87f383da089113e7e5db6669035d8,Uploaded in this connection; reused only within this case,"{'a': '2470cdc32d4a838a11a4f7d1d1196bcd77d8f0d037d6dd118c7ee1038ed96285', 'bt': 'd716d7d329797d9041e348bb4e823b0eb39d2308d31449c8f0b006a2cf2c7645', 'c': 'a4f8136fcefbf2d49c96dab59dbc0041a79d7a76760628532ca73156d755e85c'}",PASS,0.3030179000343196,0.19177019997732714,0.5440322000067681,11582,4464,2048,512,4096,3473,0,66,8,32,2638998349,100000000,1024,20864,16768,1.5518819999997504,0.03204680001363158,2.5907023000181653,0.00011582,4.526748402693835,0.3536522189604559
endurance,1,PASS,True,289,0,0,22146126,1,1,1,"{'m': 1, 'n': 1, 'k': 1, 'a_base': 64, 'bt_base': 256, 'c_base': 448, 'a_stride': 64, 'bt_stride': 64, 'c_stride': 64, 'mode': 0, 'watchdog': 10000000}",2026-10-04T17:38:15.674536+00:00,2026-10-04T17:38:16.601029+00:00,3cbdaf66b3dd2b174788a2f17f938b52dda93a2a97440cead19332cbfacba7c8,30a5bfa58e128af9e5a4955725d8ad26d4d574a537b58b7dc6d357acad578572,6a35d5e0735b67a62e210df84f190f179b75854258bb67f859f292d414f6d279,e253cb60aa235c82c2eab15b2b75709a7d385343010bb10722239da9f7c7c1aa,Uploaded in this connection; reused only within this case,"{'a': '19ce0db0e5ba94cd31c7e41c4c05b9cfb706df41982d6b7b9595c031fc2e430a', 'bt': 'beaf88455982d295a9fdee7ed73c57e7812037365270bd00e1d3d73c8feabea2', 'c': '596f3bd87893a399af2929111e6cef14e21ad219b56d36f4f187028eb6095c51'}",PASS,0.02938449999783188,0.1918984999647364,0.5440411000163294,219,24,2,1,4,150,0,2,8,32,2638998349,100000000,1,576,572,0.1279332999838516,0.03204240003833547,0.8932573999627493,2.19e-06,0.0009132420091324201,7.134703196347032e-05
endurance,1,PASS,True,290,1,0,22146126,1,1,1,"{'m': 1, 'n': 1, 'k': 1, 'a_base': 64, 'bt_base': 256, 'c_base': 448, 'a_stride': 64, 'bt_stride': 64, 'c_stride': 64, 'mode': 1, 'watchdog': 10000000}",2026-10-04T17:38:16.647137+00:00,2026-10-04T17:38:17.560970+00:00,3cbdaf66b3dd2b174788a2f17f938b52dda93a2a97440cead19332cbfacba7c8,30a5bfa58e128af9e5a4955725d8ad26d4d574a537b58b7dc6d357acad578572,6a35d5e0735b67a62e210df84f190f179b75854258bb67f859f292d414f6d279,e253cb60aa235c82c2eab15b2b75709a7d385343010bb10722239da9f7c7c1aa,Uploaded in this connection; reused only within this case,"{'a': '19ce0db0e5ba94cd31c7e41c4c05b9cfb706df41982d6b7b9595c031fc2e430a', 'bt': 'beaf88455982d295a9fdee7ed73c57e7812037365270bd00e1d3d73c8feabea2', 'c': '596f3bd87893a399af2929111e6cef14e21ad219b56d36f4f187028eb6095c51'}",PASS,0.016725499997846782,0.19193490000907332,0.5440552000072785,219,24,2,1,4,150,0,2,8,32,2638998349,100000000,1,576,572,0.12817280000308529,0.03179849998559803,0.8808884000172839,2.19e-06,0.0009132420091324201,7.134703196347032e-05
endurance,1,PASS,True,291,1,0,22156099,5,3,9,"{'m': 5, 'n': 3, 'k': 9, 'a_base': 64, 'bt_base': 512, 'c_base': 832, 'a_stride': 64, 'bt_stride': 64, 'c_stride': 64, 'mode': 1, 'watchdog': 10000000}",2026-10-04T17:38:17.738747+00:00,2026-10-04T17:38:18.729017+00:00,527d142f90492fb3bf82c1fd5d00005564c8b4e72629a0df72b96044b18b715a,980bf1a95a769ba948d67ccd45e3f3c277278abed1ed9b1df915d24aab234a77,a5e32bb709dfa24008168a7841e313a7b48a65abe8835c9ee8bae0770931dffd,3b6fb35ee3de4bbf639ba82c21264294139ff7a91de7bf97e97fcb3ae1f8dab3,Uploaded in this connection; reused only within this case,"{'a': 'e20df0c4f26b0190b7df248067a474b2c89d491cea4f5be8187f0b06d67f3cd6', 'bt': '5e3a6ea6eff908a15fee54b0519062c5f2cd0ee46b58c947c69609db02ce9ccd', 'c': '54e1d83fe77c5fef355330a35433e5821589cc76cfa30995ce58dd05ef44e05a'}",PASS,0.04501600004732609,0.19236749998526648,0.5437022999976762,479,32,16,10,60,236,0,10,8,32,2638998349,100000000,15,1216,1156,0.17602189996978268,0.03203810000559315,0.9571077000000514,4.79e-06,0.05636743215031315,0.004403705636743215
endurance,1,PASS,True,292,0,0,22156099,5,3,9,"{'m': 5, 'n': 3, 'k': 9, 'a_base': 64, 'bt_base': 512, 'c_base': 832, 'a_stride': 64, 'bt_stride': 64, 'c_stride': 64, 'mode': 0, 'watchdog': 10000000}",2026-10-04T17:38:18.771618+00:00,2026-10-04T17:38:19.753065+00:00,527d142f90492fb3bf82c1fd5d00005564c8b4e72629a0df72b96044b18b715a,980bf1a95a769ba948d67ccd45e3f3c277278abed1ed9b1df915d24aab234a77,a5e32bb709dfa24008168a7841e313a7b48a65abe8835c9ee8bae0770931dffd,3b6fb35ee3de4bbf639ba82c21264294139ff7a91de7bf97e97fcb3ae1f8dab3,Uploaded in this connection; reused only within this case,"{'a': 'e20df0c4f26b0190b7df248067a474b2c89d491cea4f5be8187f0b06d67f3cd6', 'bt': '5e3a6ea6eff908a15fee54b0519062c5f2cd0ee46b58c947c69609db02ce9ccd', 'c': '54e1d83fe77c5fef355330a35433e5821589cc76cfa30995ce58dd05ef44e05a'}",PASS,0.036365300009492785,0.1917572999955155,0.5441691000014544,482,32,16,10,60,235,0,10,8,32,2638998349,100000000,15,1216,1156,0.17604340001707897,0.03196280001429841,0.9483351000235416,4.82e-06,0.056016597510373446,0.004376296680497925
endurance,1,PASS,True,293,0,0,22166072,31,33,17,"{'m': 31, 'n': 33, 'k': 17, 'a_base': 64, 'bt_base': 2176, 'c_base': 4416, 'a_stride': 64, 'bt_stride': 64, 'c_stride': 192, 'mode': 0, 'watchdog': 10000000}",2026-10-04T17:38:20.188199+00:00,2026-10-04T17:38:22.201152+00:00,8644365b91e599796b8c414a3f18f3e04f7c39848f64fee6512c5c457afe9e7c,1faa378e20b4c38690585f6bc7cc29d7eea67e8980fa44f2f7298dbfdb8e1a02,3889e1ec8f02e5c8039d4f076b16b30a6c783d0ba284c6f9c2d5071b6e251974,56607543fd95dbc437f378c156d4852f8d7481609ecdf495590cb80eabceed96,Uploaded in this connection; reused only within this case,"{'a': '6e4fc7a0e0de054e8dce530748418b88df782cb7ed0b646328a5fd0844d884d5', 'bt': 'a2c1051ed0c235885434df9de4609a622cda515c417f553ebbb1c31c60ba3cec', 'c': '2b74143c4dfc4bd5b3979fa835d9a0fc0a52d4222bfeff7c2ee095f4bb0a07ca'}",PASS,0.4271551999845542,0.1919802000047639,0.5438903000322171,7367,800,285,527,4092,1936,0,124,8,32,2638998349,100000000,1023,10432,6340,0.8163354999851435,0.03200010000728071,1.9793612000066787,7.367e-05,0.47213248269309077,0.03688535021039772
endurance,1,PASS,True,294,1,0,22166072,31,33,17,"{'m': 31, 'n': 33, 'k': 17, 'a_base': 64, 'bt_base': 2176, 'c_base': 4416, 'a_stride': 64, 'bt_stride': 64, 'c_stride': 192, 'mode': 1, 'watchdog': 10000000}",2026-10-04T17:38:22.248945+00:00,2026-10-04T17:38:24.264779+00:00,8644365b91e599796b8c414a3f18f3e04f7c39848f64fee6512c5c457afe9e7c,1faa378e20b4c38690585f6bc7cc29d7eea67e8980fa44f2f7298dbfdb8e1a02,3889e1ec8f02e5c8039d4f076b16b30a6c783d0ba284c6f9c2d5071b6e251974,56607543fd95dbc437f378c156d4852f8d7481609ecdf495590cb80eabceed96,Uploaded in this connection; reused only within this case,"{'a': '6e4fc7a0e0de054e8dce530748418b88df782cb7ed0b646328a5fd0844d884d5', 'bt': 'a2c1051ed0c235885434df9de4609a622cda515c417f553ebbb1c31c60ba3cec', 'c': '2b74143c4dfc4bd5b3979fa835d9a0fc0a52d4222bfeff7c2ee095f4bb0a07ca'}",PASS,0.4299662999692373,0.19196279998868704,0.5441368000465445,6493,800,285,527,4092,1224,0,124,8,32,2638998349,100000000,1023,10432,6340,0.8159918999881484,0.031926099967677146,1.9820577999926172,6.493e-05,0.535684583397505,0.041850358077930076
endurance,1,PASS,True,295,1,0,22176045,33,35,256,"{'m': 33, 'n': 35, 'k': 256, 'a_base': 64, 'bt_base': 8640, 'c_base': 17728, 'a_stride': 256, 'bt_stride': 256, 'c_stride': 192, 'mode': 1, 'watchdog': 10000000}",2026-10-04T17:38:25.660699+00:00,2026-10-04T17:38:28.664585+00:00,d75d27d4069b611d9488503fe13e47754844f2c54013a56ae4680de2e4093587,9be0bc1aab8036b6400ac9e0855a2b52012c6cb4bd1f0ab3f78bbb30f8d836a0,8a0a5435565f178047bac929b003a33eda90d15204a464de20d4fb28fbacf1be,bc89c9084d7471e5d0de4b5e84afbc809f5fb0d28781ce419861df4db168dbb7,Uploaded in this connection; reused only within this case,"{'a': '474dd98b117b18be049350e82a3a48d6cc62cfef290311780a6933d7539c03f9', 'bt': 'b1d59d1002e6cb5df188b1054d965887f7680d02688071ebfa95ede2aed5764a', 'c': '7671cf56ce5ce6eb48ba342d6e6d13a5d2bcdbe82c55207ebc104682203ee5a2'}",PASS,0.4579033999470994,0.19157370005268604,0.5440667999791913,13280,6975,4352,594,4620,3492,0,134,8,32,2638998349,100000000,1155,24128,19508,1.7759515999932773,0.03185889997985214,2.969495499972254,0.0001328,4.453012048192771,0.34789156626506024
endurance,1,PASS,True,296,0,0,22176045,33,35,256,"{'m': 33, 'n': 35, 'k': 256, 'a_base': 64, 'bt_base': 8640, 'c_base': 17728, 'a_stride': 256, 'bt_stride': 256, 'c_stride': 192, 'mode': 0, 'watchdog': 10000000}",2026-10-04T17:38:28.713556+00:00,2026-10-04T17:38:31.720603+00:00,d75d27d4069b611d9488503fe13e47754844f2c54013a56ae4680de2e4093587,9be0bc1aab8036b6400ac9e0855a2b52012c6cb4bd1f0ab3f78bbb30f8d836a0,8a0a5435565f178047bac929b003a33eda90d15204a464de20d4fb28fbacf1be,bc89c9084d7471e5d0de4b5e84afbc809f5fb0d28781ce419861df4db168dbb7,Uploaded in this connection; reused only within this case,"{'a': '474dd98b117b18be049350e82a3a48d6cc62cfef290311780a6933d7539c03f9', 'bt': 'b1d59d1002e6cb5df188b1054d965887f7680d02688071ebfa95ede2aed5764a', 'c': '7671cf56ce5ce6eb48ba342d6e6d13a5d2bcdbe82c55207ebc104682203ee5a2'}",PASS,0.4608555000158958,0.1923586000339128,0.5436925999820232,19825,6975,4352,594,4620,7680,0,134,8,32,2638998349,100000000,1155,24128,19508,1.7759273999836296,0.032066899992059916,2.9728341000154614,0.00019825,2.9829003783102146,0.2330390920554855
endurance,1,PASS,True,297,0,0,22186018,65,63,255,"{'m': 65, 'n': 63, 'k': 255, 'a_base': 64, 'bt_base': 16832, 'c_base': 33088, 'a_stride': 256, 'bt_stride': 256, 'c_stride': 256, 'mode': 0, 'watchdog': 10000000}",2026-10-04T17:38:34.172096+00:00,2026-10-04T17:38:39.704251+00:00,6f479d192d10248a37d32e72f6ce4ea73e19d536eafbfc0eed9866aeeb295161,70b4542db24ec1a31a64eab8a76e8c76740b5592ca0c2c0b456ce215a0811f4b,bb410ce32bac450b6b8fb0e69eab8a5a66a496b5df9a2973260979bfb835bcc0,6220ba9843893c095ac291fd5fb5495cf5f3d97d910dbe8c75cd96bbe6e82a42,Uploaded in this connection; reused only within this case,"{'a': '89b584f589e2a3d0201b1731fb7ed93295f076083e05c8c4d24c004439034390', 'bt': '7ed64e409702b0adb8ebe3c07213bcbadaee60e1bfb6981a2c4d42f37ab7faea', 'c': '170648af34cb297f17e7232ccaa2dfa5de5d94b9fecb38cb1f7a6de0b256e6c6'}",PASS,1.1790869000251405,0.1921147999819368,0.5439468999975361,52328,20016,10208,2080,16380,17441,0,268,8,32,2638998349,100000000,4095,49792,33412,3.583966300007887,0.03184409998357296,5.499114900012501,0.00052328,3.9910755236202418,0.31180277528283135
endurance,1,PASS,True,298,1,0,22186018,65,63,255,"{'m': 65, 'n': 63, 'k': 255, 'a_base': 64, 'bt_base': 16832, 'c_base': 33088, 'a_stride': 256, 'bt_stride': 256, 'c_stride': 256, 'mode': 1, 'watchdog': 10000000}",2026-10-04T17:38:39.745067+00:00,2026-10-04T17:38:45.272701+00:00,6f479d192d10248a37d32e72f6ce4ea73e19d536eafbfc0eed9866aeeb295161,70b4542db24ec1a31a64eab8a76e8c76740b5592ca0c2c0b456ce215a0811f4b,bb410ce32bac450b6b8fb0e69eab8a5a66a496b5df9a2973260979bfb835bcc0,6220ba9843893c095ac291fd5fb5495cf5f3d97d910dbe8c75cd96bbe6e82a42,Uploaded in this connection; reused only within this case,"{'a': '89b584f589e2a3d0201b1731fb7ed93295f076083e05c8c4d24c004439034390', 'bt': '7ed64e409702b0adb8ebe3c07213bcbadaee60e1bfb6981a2c4d42f37ab7faea', 'c': '170648af34cb297f17e7232ccaa2dfa5de5d94b9fecb38cb1f7a6de0b256e6c6'}",PASS,1.1733257999876514,0.1916701000300236,0.543917499948293,26441,20016,10208,2080,16380,3487,0,268,8,32,2638998349,100000000,4095,49792,33412,3.58416930004023,0.03238529997179285,5.493082700006198,0.00026441,7.8985287999697436,0.6170725624976362
endurance,1,PASS,True,299,1,0,22195991,1,64,256,"{'m': 1, 'n': 64, 'k': 256, 'a_base': 64, 'bt_base': 448, 'c_base': 16960, 'a_stride': 256, 'bt_stride': 256, 'c_stride': 256, 'mode': 1, 'watchdog': 10000000}",2026-10-04T17:38:46.586565+00:00,2026-10-04T17:38:48.712028+00:00,32b574d29fab643210b522d599abcedc6ea8de33c594af5a9225dede12fe733a,3aeae7293551170f125c48d46ac4b61a0a20b1a046de704d21856b4312ab12d9,1121e716f57fa3736833bba1c6bdcd0fdcdc8ce176bed3116f1097f03c49a3e0,d93c7d90674aa2429e7b6fb711dbddfeb7e8dd31b8818c36e43bf5b59735f0ab,Uploaded in this connection; reused only within this case,"{'a': '3000dd116f627d7c83dd9d27c4c2ca8e5111966eaf9c77c3d0c743f9f25be144', 'bt': '592cde7623281ed64d48693d378281f3583dbac84ba680d6314aba5bcdc68482', 'c': '54d6841382f71dc702faeb1cc8295b3e616ff858de46b0a16f141079eabb5be1'}",PASS,0.04346570000052452,0.19187899999087676,0.5443499000393786,5003,2232,2112,32,256,2619,0,4,8,32,2638998349,100000000,64,17280,17024,1.3117805999936536,0.03198189998511225,2.0914752000244334,5.003e-05,0.6549670197881271,0.05116929842094743
endurance,1,PASS,True,300,0,0,22195991,1,64,256,"{'m': 1, 'n': 64, 'k': 256, 'a_base': 64, 'bt_base': 448, 'c_base': 16960, 'a_stride': 256, 'bt_stride': 256, 'c_stride': 256, 'mode': 0, 'watchdog': 10000000}",2026-10-04T17:38:48.751617+00:00,2026-10-04T17:38:50.871850+00:00,32b574d29fab643210b522d599abcedc6ea8de33c594af5a9225dede12fe733a,3aeae7293551170f125c48d46ac4b61a0a20b1a046de704d21856b4312ab12d9,1121e716f57fa3736833bba1c6bdcd0fdcdc8ce176bed3116f1097f03c49a3e0,d93c7d90674aa2429e7b6fb711dbddfeb7e8dd31b8818c36e43bf5b59735f0ab,Uploaded in this connection; reused only within this case,"{'a': '3000dd116f627d7c83dd9d27c4c2ca8e5111966eaf9c77c3d0c743f9f25be144', 'bt': '592cde7623281ed64d48693d378281f3583dbac84ba680d6314aba5bcdc68482', 'c': '54d6841382f71dc702faeb1cc8295b3e616ff858de46b0a16f141079eabb5be1'}",PASS,0.03827780002029613,0.19202859996585175,0.5439103000098839,6239,2232,2112,32,256,3731,0,4,8,32,2638998349,100000000,64,17280,17024,1.3121255000005476,0.03182979999110103,2.0863421999965794,6.239e-05,0.525212373777849,0.04103221670139445
endurance,1,PASS,True,301,0,0,22205964,64,1,256,"{'m': 64, 'n': 1, 'k': 256, 'a_base': 64, 'bt_base': 16576, 'c_base': 16960, 'a_stride': 256, 'bt_stride': 256, 'c_stride': 64, 'mode': 0, 'watchdog': 10000000}",2026-10-04T17:38:52.186573+00:00,2026-10-04T17:38:54.823858+00:00,8011aad2f0a1d4541891173a79f1e4846491ea5d3b618278494c774ff21ae486,3637d579dd7969acce86158d9a9fbdeae62e932097ba10557a6737c732ff5cbe,9d2a19198818a74479df1df764c5b623ab5603a1b4f87c1d059d6b79fe1f4ae4,f2c4a25aa1732c43cb1ba74b2cd364a1375695eaf45d92f193d15233319bc6f8,Uploaded in this connection; reused only within this case,"{'a': '3332576fcb64f82bbf3412a0be9f5cdc68f9e45ff8b702fdba8af1f2869bedbf', 'bt': '7a929175e2a462c8724ce37bdd768a437b2ce0a281ecd5ea6bc4b46a1831bf79', 'c': '4e779467b23edb15845018da3901b3265450c2676afbd1af31dda0bbdfba2148'}",PASS,0.3001796000171453,0.19191689998842776,0.5438817000249401,8304,2232,2112,64,256,3721,0,128,8,32,2638998349,100000000,64,21120,20864,1.568286599998828,0.0318144999910146,2.604264800029341,8.304e-05,0.3946050096339114,0.030828516377649325
endurance,1,PASS,True,302,1,0,22205964,64,1,256,"{'m': 64, 'n': 1, 'k': 256, 'a_base': 64, 'bt_base': 16576, 'c_base': 16960, 'a_stride': 256, 'bt_stride': 256, 'c_stride': 64, 'mode': 1, 'watchdog': 10000000}",2026-10-04T17:38:54.868272+00:00,2026-10-04T17:38:57.495623+00:00,8011aad2f0a1d4541891173a79f1e4846491ea5d3b618278494c774ff21ae486,3637d579dd7969acce86158d9a9fbdeae62e932097ba10557a6737c732ff5cbe,9d2a19198818a74479df1df764c5b623ab5603a1b4f87c1d059d6b79fe1f4ae4,f2c4a25aa1732c43cb1ba74b2cd364a1375695eaf45d92f193d15233319bc6f8,Uploaded in this connection; reused only within this case,"{'a': '3332576fcb64f82bbf3412a0be9f5cdc68f9e45ff8b702fdba8af1f2869bedbf', 'bt': '7a929175e2a462c8724ce37bdd768a437b2ce0a281ecd5ea6bc4b46a1831bf79', 'c': '4e779467b23edb15845018da3901b3265450c2676afbd1af31dda0bbdfba2148'}",PASS,0.2895021999720484,0.19176750001497567,0.5441003000014462,6045,2232,2112,64,256,2618,0,128,8,32,2638998349,100000000,64,21120,20864,1.5679343999945559,0.03192370000761002,2.593304399983026,6.045e-05,0.5420678246484698,0.042349048800661704
endurance,1,PASS,True,303,1,0,22215937,32,32,256,"{'m': 32, 'n': 32, 'k': 256, 'a_base': 64, 'bt_base': 8384, 'c_base': 16704, 'a_stride': 256, 'bt_stride': 256, 'c_stride': 128, 'mode': 1, 'watchdog': 10000000}",2026-10-04T17:38:58.796753+00:00,2026-10-04T17:39:01.415849+00:00,1d8686980a1950f27284253cad9aea781b9d6a18715a9b455f7568d03b2946ed,4f6f68f152ece5408c318a74efa9c2469af48eea3a705fc71376a82882b19ea5,c14d947cc526c6aa43488e50d0c2494a74470f81dcab09d9cc5ac5648b1f4503,55e42ad3c875b0f7a704d84c44af0eb3e21cadfef7b6ab5aca64a48c29bb600f,Uploaded in this connection; reused only within this case,"{'a': 'dca5e086526a7de96b1b2b0a49dc680745939d5a9b32a73bc4c8b8f8d6440e5f', 'bt': '051a9ad4d05d8669d75d58267959a9f4452e84bae5cc197dd576f175c8315db3', 'c': 'c557955bc637515c46bb97fb8b823db84ce75b1893493f89ddd8b82a36ab0237'}",PASS,0.2970586000010371,0.19209480000426993,0.5437771999859251,11593,4464,2048,512,4096,3496,0,66,8,32,2638998349,100000000,1024,20864,16768,1.552261200034991,0.03204449999611825,2.585191800026223,0.00011593,4.522453204519969,0.35331665660312256
endurance,1,PASS,True,304,0,0,22215937,32,32,256,"{'m': 32, 'n': 32, 'k': 256, 'a_base': 64, 'bt_base': 8384, 'c_base': 16704, 'a_stride': 256, 'bt_stride': 256, 'c_stride': 128, 'mode': 0, 'watchdog': 10000000}",2026-10-04T17:39:01.469211+00:00,2026-10-04T17:39:04.087683+00:00,1d8686980a1950f27284253cad9aea781b9d6a18715a9b455f7568d03b2946ed,4f6f68f152ece5408c318a74efa9c2469af48eea3a705fc71376a82882b19ea5,c14d947cc526c6aa43488e50d0c2494a74470f81dcab09d9cc5ac5648b1f4503,55e42ad3c875b0f7a704d84c44af0eb3e21cadfef7b6ab5aca64a48c29bb600f,Uploaded in this connection; reused only within this case,"{'a': 'dca5e086526a7de96b1b2b0a49dc680745939d5a9b32a73bc4c8b8f8d6440e5f', 'bt': '051a9ad4d05d8669d75d58267959a9f4452e84bae5cc197dd576f175c8315db3', 'c': 'c557955bc637515c46bb97fb8b823db84ce75b1893493f89ddd8b82a36ab0237'}",PASS,0.29602540004998446,0.19161559996427968,0.5440161000005901,11587,4464,2048,512,4096,3488,0,66,8,32,2638998349,100000000,1024,20864,16768,1.5521727000013925,0.03215990000171587,2.5838298000162467,0.00011587,4.524795028911711,0.35349961163372745
endurance,1,PASS,True,305,1,0,22250855,1,1,1,"{'m': 1, 'n': 1, 'k': 1, 'a_base': 64, 'bt_base': 256, 'c_base': 448, 'a_stride': 64, 'bt_stride': 64, 'c_stride': 64, 'mode': 1, 'watchdog': 10000000}",2026-10-04T17:39:04.265442+00:00,2026-10-04T17:39:05.191436+00:00,8de0b3c47f112c59745f717a626932264c422a7563954872e237b223af4ad643,e77b9a9ae9e30b0dbdb6f510a264ef9de781501d7b6b92ae89eb059c5ab743db,efa222edd82d4e4d22e6b957e6296ba3aa6d0324a5a7a340f561bcdec31951c3,5aa8b634a74ab3ba632225f349def950ebd0547c1d277e1f04c61fb88af8f988,Uploaded in this connection; reused only within this case,"{'a': 'b181393d14a9878fc6d1d77a3a8395f9771baf5199c85561d6bfc5d268ea992f', 'bt': 'ba50c12525d2069e8e10129b1e4b575016205c0ecf324e693b07e6a5304232ae', 'c': '01fc291a8232d46fd5037e64cde40d51d444b6044e240ab861498d8a45cb33a9'}",PASS,0.02901850000489503,0.19199560000561178,0.5438507999642752,220,24,2,1,4,151,0,2,8,32,2638998349,100000000,1,576,572,0.12792920001083985,0.032208100019488484,0.8927940999856219,2.2e-06,0.0009090909090909091,7.102272727272727e-05
endurance,1,PASS,True,306,0,0,22250855,1,1,1,"{'m': 1, 'n': 1, 'k': 1, 'a_base': 64, 'bt_base': 256, 'c_base': 448, 'a_stride': 64, 'bt_stride': 64, 'c_stride': 64, 'mode': 0, 'watchdog': 10000000}",2026-10-04T17:39:05.244132+00:00,2026-10-04T17:39:06.199185+00:00,8de0b3c47f112c59745f717a626932264c422a7563954872e237b223af4ad643,e77b9a9ae9e30b0dbdb6f510a264ef9de781501d7b6b92ae89eb059c5ab743db,efa222edd82d4e4d22e6b957e6296ba3aa6d0324a5a7a340f561bcdec31951c3,5aa8b634a74ab3ba632225f349def950ebd0547c1d277e1f04c61fb88af8f988,Uploaded in this connection; reused only within this case,"{'a': 'b181393d14a9878fc6d1d77a3a8395f9771baf5199c85561d6bfc5d268ea992f', 'bt': 'ba50c12525d2069e8e10129b1e4b575016205c0ecf324e693b07e6a5304232ae', 'c': '01fc291a8232d46fd5037e64cde40d51d444b6044e240ab861498d8a45cb33a9'}",PASS,0.03066320001380518,0.1921341000124812,0.5438115999568254,219,24,2,1,4,150,0,2,8,32,2638998349,100000000,1,576,572,0.12785759998951107,0.03198770002927631,0.8944664999726228,2.19e-06,0.0009132420091324201,7.134703196347032e-05
endurance,1,PASS,True,307,0,0,22260828,5,3,9,"{'m': 5, 'n': 3, 'k': 9, 'a_base': 64, 'bt_base': 512, 'c_base': 832, 'a_stride': 64, 'bt_stride': 64, 'c_stride': 64, 'mode': 0, 'watchdog': 10000000}",2026-10-04T17:39:06.364335+00:00,2026-10-04T17:39:07.351184+00:00,26ace5c6180394b983ee08758205ef60a9177eb4c70dfa8b271be34adea1669c,646c5f736c5619165b8ee395f6a94fa5ab3be10b7f6771d8b1bf47efb038b6b9,973cebb299cb767fcb20e467e178413da058446cfe433f3eaa5584175fef6a5c,201db28a840cc56198749b076139a2568fcc16245be3c2eb4b193a8cc922b5c5,Uploaded in this connection; reused only within this case,"{'a': 'f867b49ecd43acbc65351d118438d1d8d68579f8c66a27d0942431b9e2b8d32b', 'bt': 'fa1c21fb578567ae3ae1956ae194314bfcac0f65f01ba7d4053070915c798843', 'c': 'dd6683fc43af5dea4645c71a3b566fa04450fc04df7ae8c3a2d09ea0645992ec'}",PASS,0.04110740002943203,0.19213370000943542,0.5440042999689467,480,32,16,10,60,237,0,10,8,32,2638998349,100000000,15,1216,1156,0.17588150000665337,0.03198680002242327,0.9531269000144675,4.8e-06,0.05625,0.00439453125
endurance,1,PASS,True,308,1,0,22260828,5,3,9,"{'m': 5, 'n': 3, 'k': 9, 'a_base': 64, 'bt_base': 512, 'c_base': 832, 'a_stride': 64, 'bt_stride': 64, 'c_stride': 64, 'mode': 1, 'watchdog': 10000000}",2026-10-04T17:39:07.409383+00:00,2026-10-04T17:39:08.391392+00:00,26ace5c6180394b983ee08758205ef60a9177eb4c70dfa8b271be34adea1669c,646c5f736c5619165b8ee395f6a94fa5ab3be10b7f6771d8b1bf47efb038b6b9,973cebb299cb767fcb20e467e178413da058446cfe433f3eaa5584175fef6a5c,201db28a840cc56198749b076139a2568fcc16245be3c2eb4b193a8cc922b5c5,Uploaded in this connection; reused only within this case,"{'a': 'f867b49ecd43acbc65351d118438d1d8d68579f8c66a27d0942431b9e2b8d32b', 'bt': 'fa1c21fb578567ae3ae1956ae194314bfcac0f65f01ba7d4053070915c798843', 'c': 'dd6683fc43af5dea4645c71a3b566fa04450fc04df7ae8c3a2d09ea0645992ec'}",PASS,0.03565749997505918,0.1920920999837108,0.5437812000163831,478,32,16,10,60,235,0,10,8,32,2638998349,100000000,15,1216,1156,0.17634439998073503,0.03189340000972152,0.9478751999558881,4.78e-06,0.056485355648535567,0.004412918410041841
endurance,1,PASS,True,309,1,0,22270801,31,33,17,"{'m': 31, 'n': 33, 'k': 17, 'a_base': 64, 'bt_base': 2176, 'c_base': 4416, 'a_stride': 64, 'bt_stride': 64, 'c_stride': 192, 'mode': 1, 'watchdog': 10000000}",2026-10-04T17:39:08.825049+00:00,2026-10-04T17:39:10.839459+00:00,37567599cbb18fa86e60a88b23c306ed856909bd490ed072d81c33fa5373af2a,9fbe6a15a0fc2990ebddffdbf889f6e70f1e185afa0fb9a1298dc5f90325c114,25869162b824aef087035ed0fac0f3c8707455a1e5867eb829edbccd138e5396,e07888b4e752d0eab5060d39d6797f39ab90c8fb4516fbad45e5f7fee8dcc5c6,Uploaded in this connection; reused only within this case,"{'a': '4cebbb9b3fe2d1d955879efe67357c8ebe0587635a8d8747ebf688d376a3a9ba', 'bt': '90a888b30ae3e3ea495156ed29a1779c539419719e758ba214e4d1fd44d8c1bd', 'c': 'fc80e313b45a8f8837460b1e37c19f2dd573435d6326ea543b5851e3e2d5c785'}",PASS,0.42919110000366345,0.19183500000508502,0.5439293999806978,6496,800,285,527,4092,1226,0,124,8,32,2638998349,100000000,1023,10432,6340,0.816177400003653,0.03218540002126247,1.9811328999930993,6.496e-05,0.5354371921182266,0.04183103063423645
endurance,1,PASS,True,310,0,0,22270801,31,33,17,"{'m': 31, 'n': 33, 'k': 17, 'a_base': 64, 'bt_base': 2176, 'c_base': 4416, 'a_stride': 64, 'bt_stride': 64, 'c_stride': 192, 'mode': 0, 'watchdog': 10000000}",2026-10-04T17:39:10.886144+00:00,2026-10-04T17:39:12.903206+00:00,37567599cbb18fa86e60a88b23c306ed856909bd490ed072d81c33fa5373af2a,9fbe6a15a0fc2990ebddffdbf889f6e70f1e185afa0fb9a1298dc5f90325c114,25869162b824aef087035ed0fac0f3c8707455a1e5867eb829edbccd138e5396,e07888b4e752d0eab5060d39d6797f39ab90c8fb4516fbad45e5f7fee8dcc5c6,Uploaded in this connection; reused only within this case,"{'a': '4cebbb9b3fe2d1d955879efe67357c8ebe0587635a8d8747ebf688d376a3a9ba', 'bt': '90a888b30ae3e3ea495156ed29a1779c539419719e758ba214e4d1fd44d8c1bd', 'c': 'fc80e313b45a8f8837460b1e37c19f2dd573435d6326ea543b5851e3e2d5c785'}",PASS,0.4297359999618493,0.19204000005265698,0.5440772000001743,7407,800,285,527,4092,1942,0,124,8,32,2638998349,100000000,1023,10432,6340,0.8158439999679103,0.03220910002710298,1.981697199982591,7.407e-05,0.46958282705548804,0.03668615836371
endurance,1,PASS,True,311,0,0,22280774,33,35,256,"{'m': 33, 'n': 35, 'k': 256, 'a_base': 64, 'bt_base': 8640, 'c_base': 17728, 'a_stride': 256, 'bt_stride': 256, 'c_stride': 192, 'mode': 0, 'watchdog': 10000000}",2026-10-04T17:39:14.281843+00:00,2026-10-04T17:39:17.287020+00:00,fc3a4908ba4a04e4cbab4059f3e8d4be12160a146cfbdcfb8c463f669ec3dd6e,294aebf78c316dc1c919b2b603ac660d328b413a79108a97b2170c10cebbb96e,6c4b690805a79a43c75ae582d47e03259737a916fe8ab8b2b72c08336bdafa6a,93756a042d33a9cfd59c910011e15fed96a0746403f50e8aa110f9e75b131a6b,Uploaded in this connection; reused only within this case,"{'a': '6e076f7e3406ed28d72d9b2e000669fe6925e89127cac9406dbf91da7a79fd5c', 'bt': '77762b4b0439987f75d27720ae0dd68de079b16cd592044bb8b7c2d2e3c0a8db', 'c': '9b740d23e558f34f13808bd655f8ef26a770ef83c2c2ced4e2d80a1e0d9b23b0'}",PASS,0.4599746000021696,0.19202069996390492,0.543970700004138,19763,6975,4352,594,4620,7657,0,134,8,32,2638998349,100000000,1155,24128,19508,1.7761795000405982,0.03183989995159209,2.972145500010811,0.00019763,2.992258260385569,0.23377017659262259
endurance,1,PASS,True,312,1,0,22280774,33,35,256,"{'m': 33, 'n': 35, 'k': 256, 'a_base': 64, 'bt_base': 8640, 'c_base': 17728, 'a_stride': 256, 'bt_stride': 256, 'c_stride': 192, 'mode': 1, 'watchdog': 10000000}",2026-10-04T17:39:17.334403+00:00,2026-10-04T17:39:20.342917+00:00,fc3a4908ba4a04e4cbab4059f3e8d4be12160a146cfbdcfb8c463f669ec3dd6e,294aebf78c316dc1c919b2b603ac660d328b413a79108a97b2170c10cebbb96e,6c4b690805a79a43c75ae582d47e03259737a916fe8ab8b2b72c08336bdafa6a,93756a042d33a9cfd59c910011e15fed96a0746403f50e8aa110f9e75b131a6b,Uploaded in this connection; reused only within this case,"{'a': '6e076f7e3406ed28d72d9b2e000669fe6925e89127cac9406dbf91da7a79fd5c', 'bt': '77762b4b0439987f75d27720ae0dd68de079b16cd592044bb8b7c2d2e3c0a8db', 'c': '9b740d23e558f34f13808bd655f8ef26a770ef83c2c2ced4e2d80a1e0d9b23b0'}",PASS,0.4624748000060208,0.19174819998443127,0.5440226999926381,13257,6975,4352,594,4620,3474,0,134,8,32,2638998349,100000000,1155,24128,19508,1.7759030999732204,0.03209849999984726,2.9741487999563105,0.00013257,4.460737723466847,0.34849513464584747
endurance,1,PASS,True,313,1,0,22290747,65,63,255,"{'m': 65, 'n': 63, 'k': 255, 'a_base': 64, 'bt_base': 16832, 'c_base': 33088, 'a_stride': 256, 'bt_stride': 256, 'c_stride': 256, 'mode': 1, 'watchdog': 10000000}",2026-10-04T17:39:22.811047+00:00,2026-10-04T17:39:28.342399+00:00,48bda95bbd8b0442582366632bf59a7436f0f97e50b9dea28d1340c9792fdb77,384e9aeafa264e1a76ea559a3f4b967a6f84d173b1e6a6cb99b3073e538dbf19,50e06a5d8e08b7969df86b46cfc4a292d1d44e3c633dc1b9345432f5e18cda2e,1d98b960b2c9452bbd6dea00e0615837f789f2fe662b1cc8f044f5538ec8662f,Uploaded in this connection; reused only within this case,"{'a': '309d9062ae96c27271094a03e647490c1ab3d0c7fea640ded94087b5cdd62ad8', 'bt': 'a91426b5ada3390db24718651d0f070464b21ce73fdab9a3fab0484c66fcef70', 'c': '6fc6222e3b22561df998360a77a56463566fc8ca230fa706606cd013d374dbf9'}",PASS,1.1783617999753915,0.19174580002436414,0.5450438999687321,26443,20016,10208,2080,16380,3498,0,268,8,32,2638998349,100000000,4095,49792,33412,3.5829776000464335,0.03185259999008849,5.498129100014921,0.00026443,7.897931399614264,0.6170258905948645
endurance,1,PASS,True,314,0,0,22290747,65,63,255,"{'m': 65, 'n': 63, 'k': 255, 'a_base': 64, 'bt_base': 16832, 'c_base': 33088, 'a_stride': 256, 'bt_stride': 256, 'c_stride': 256, 'mode': 0, 'watchdog': 10000000}",2026-10-04T17:39:28.382962+00:00,2026-10-04T17:39:33.910402+00:00,48bda95bbd8b0442582366632bf59a7436f0f97e50b9dea28d1340c9792fdb77,384e9aeafa264e1a76ea559a3f4b967a6f84d173b1e6a6cb99b3073e538dbf19,50e06a5d8e08b7969df86b46cfc4a292d1d44e3c633dc1b9345432f5e18cda2e,1d98b960b2c9452bbd6dea00e0615837f789f2fe662b1cc8f044f5538ec8662f,Uploaded in this connection; reused only within this case,"{'a': '309d9062ae96c27271094a03e647490c1ab3d0c7fea640ded94087b5cdd62ad8', 'bt': 'a91426b5ada3390db24718651d0f070464b21ce73fdab9a3fab0484c66fcef70', 'c': '6fc6222e3b22561df998360a77a56463566fc8ca230fa706606cd013d374dbf9'}",PASS,1.1743769000167958,0.19194960000459105,0.5438639000058174,52358,20016,10208,2080,16380,17488,0,268,8,32,2638998349,100000000,4095,49792,33412,3.5837878999882378,0.03218529996229336,5.493978300015442,0.00052358,3.988788723786241,0.31162411904580006
endurance,1,PASS,True,315,0,0,22300720,1,64,256,"{'m': 1, 'n': 64, 'k': 256, 'a_base': 64, 'bt_base': 448, 'c_base': 16960, 'a_stride': 256, 'bt_stride': 256, 'c_stride': 256, 'mode': 0, 'watchdog': 10000000}",2026-10-04T17:39:35.224771+00:00,2026-10-04T17:39:37.350243+00:00,1bc9c07188f05918d900d210b71b5bddd4e53ce2482ac4b64bb9618181129675,885329c0a37357aa82703634f06ce55ae205a96cf9b9d54fe6794c1063f3376c,1b887d4f23ccd1b4053586751837ef27a4260ebf76c1a791704a0c07b73d6685,0f76206b59d0d37da100384c1c118ab2794e9045bdb880001f0eb41325d1dac8,Uploaded in this connection; reused only within this case,"{'a': '1bbced6ab15b1022e3e201e8412103013c2c10e300ce2c1c9d5dad96d964d8f4', 'bt': '2df28c16f2c8e81deafff0447a1e5cb18476a72c3ac73167412f2a6bb36f6949', 'c': '54f4c74f545bca3ce982d57113b2dc78374a118f0261333add4a451dd016ee7b'}",PASS,0.04436830000486225,0.19178130000364035,0.5439741999725811,6242,2232,2112,32,256,3738,0,4,8,32,2638998349,100000000,64,17280,17024,1.312674099986907,0.03147809999063611,2.092797899967991,6.242e-05,0.52495994873438,0.04101249599487344
endurance,1,PASS,True,316,1,0,22300720,1,64,256,"{'m': 1, 'n': 64, 'k': 256, 'a_base': 64, 'bt_base': 448, 'c_base': 16960, 'a_stride': 256, 'bt_stride': 256, 'c_stride': 256, 'mode': 1, 'watchdog': 10000000}",2026-10-04T17:39:37.393023+00:00,2026-10-04T17:39:39.510208+00:00,1bc9c07188f05918d900d210b71b5bddd4e53ce2482ac4b64bb9618181129675,885329c0a37357aa82703634f06ce55ae205a96cf9b9d54fe6794c1063f3376c,1b887d4f23ccd1b4053586751837ef27a4260ebf76c1a791704a0c07b73d6685,0f76206b59d0d37da100384c1c118ab2794e9045bdb880001f0eb41325d1dac8,Uploaded in this connection; reused only within this case,"{'a': '1bbced6ab15b1022e3e201e8412103013c2c10e300ce2c1c9d5dad96d964d8f4', 'bt': '2df28c16f2c8e81deafff0447a1e5cb18476a72c3ac73167412f2a6bb36f6949', 'c': '54f4c74f545bca3ce982d57113b2dc78374a118f0261333add4a451dd016ee7b'}",PASS,0.03519110003253445,0.19210649997694418,0.5438941000029445,5036,2232,2112,32,256,2649,0,4,8,32,2638998349,100000000,64,17280,17024,1.3120065000257455,0.03202789998613298,2.0831982000381686,5.036e-05,0.6506751389992057,0.050833995234312944
endurance,1,PASS,True,317,1,0,22310693,64,1,256,"{'m': 64, 'n': 1, 'k': 256, 'a_base': 64, 'bt_base': 16576, 'c_base': 16960, 'a_stride': 256, 'bt_stride': 256, 'c_stride': 64, 'mode': 1, 'watchdog': 10000000}",2026-10-04T17:39:40.824225+00:00,2026-10-04T17:39:43.462026+00:00,1823786dcc68eb47e47f76458ecd936aff10b26fd31245c31be11d2959a68e0c,8ac1941cde0ceb06e0e8cdb8941ab235c43446189a5f6ff94399b8ff874d3444,86a3c1d125ced3c0212625fe64668fe0dc669bcfa89e4ec13796e5af27bebcca,168d69bb872e3bfc81e9d00ea65e8282f43f197d001be2a373e7e82e3e7188be,Uploaded in this connection; reused only within this case,"{'a': 'c42967ce95c6d305570ec0c78faf3a333dea482fbd7f541ea1cef231c874de64', 'bt': 'e799036dafd7c27632d7847256bc93cad489ef827cf3e01f1489c52141b2ee91', 'c': '4167ae76c5eb5342dc4759c8819de9eea1ba690d820cee97c0d897d7eaf6ad19'}",PASS,0.299693200038746,0.19185209996066988,0.5442679999978282,6034,2232,2112,64,256,2607,0,128,8,32,2638998349,100000000,64,21120,20864,1.5679283000063151,0.03187540004728362,2.603741600003559,6.034e-05,0.5430560159098442,0.04242625124295658
endurance,1,PASS,True,318,0,0,22310693,64,1,256,"{'m': 64, 'n': 1, 'k': 256, 'a_base': 64, 'bt_base': 16576, 'c_base': 16960, 'a_stride': 256, 'bt_stride': 256, 'c_stride': 64, 'mode': 0, 'watchdog': 10000000}",2026-10-04T17:39:43.516253+00:00,2026-10-04T17:39:46.149780+00:00,1823786dcc68eb47e47f76458ecd936aff10b26fd31245c31be11d2959a68e0c,8ac1941cde0ceb06e0e8cdb8941ab235c43446189a5f6ff94399b8ff874d3444,86a3c1d125ced3c0212625fe64668fe0dc669bcfa89e4ec13796e5af27bebcca,168d69bb872e3bfc81e9d00ea65e8282f43f197d001be2a373e7e82e3e7188be,Uploaded in this connection; reused only within this case,"{'a': 'c42967ce95c6d305570ec0c78faf3a333dea482fbd7f541ea1cef231c874de64', 'bt': 'e799036dafd7c27632d7847256bc93cad489ef827cf3e01f1489c52141b2ee91', 'c': '4167ae76c5eb5342dc4759c8819de9eea1ba690d820cee97c0d897d7eaf6ad19'}",PASS,0.2958202000008896,0.19254300004104152,0.5434338999912143,8317,2232,2112,64,256,3734,0,128,8,32,2638998349,100000000,64,21120,20864,1.568012900010217,0.03193749999627471,2.5998100000433624,8.317e-05,0.3939882169051341,0.0307803294457136
endurance,1,PASS,True,319,0,0,22320666,32,32,256,"{'m': 32, 'n': 32, 'k': 256, 'a_base': 64, 'bt_base': 8384, 'c_base': 16704, 'a_stride': 256, 'bt_stride': 256, 'c_stride': 128, 'mode': 0, 'watchdog': 10000000}",2026-10-04T17:39:47.450057+00:00,2026-10-04T17:39:50.069762+00:00,89cd30ca9d6af4e141b24b17e5c8f90d1590b6160f75e47b1b6ae2faa98e95e9,d060e60b2f03942ad1cfd91007bbe401dad06f1a0d4b2a1d2ff25be6441844e3,52257eeafd0d1532346ae024c871ecdaa7456051156e873d609f3e66a84d0b0a,e2eee236924a7c42a8c2144c042e719cfc0572a507bf0dae2f6f66785f0cbcc8,Uploaded in this connection; reused only within this case,"{'a': '98892cf60fa75bbcadcf28a3797a80bc13e0e91aa72fc9ebba8e2174271822a9', 'bt': '82b81fce651076e111e424f68d0a250b58226376e9b10b8e8eb9e81472ccded8', 'c': '11ddf38a7a5eadc87186f4ac503739c0a33903ecfd186bf99dabc9769a698b0c'}",PASS,0.2975216999766417,0.19193780003115535,0.5440149999922141,11545,4464,2048,512,4096,3448,0,66,8,32,2638998349,100000000,1024,20864,16768,1.552138399973046,0.03171360003761947,2.585612899973057,0.00011545,4.5412559549588565,0.35478562148116066
endurance,1,PASS,True,320,1,0,22320666,32,32,256,"{'m': 32, 'n': 32, 'k': 256, 'a_base': 64, 'bt_base': 8384, 'c_base': 16704, 'a_stride': 256, 'bt_stride': 256, 'c_stride': 128, 'mode': 1, 'watchdog': 10000000}",2026-10-04T17:39:50.114432+00:00,2026-10-04T17:39:52.725475+00:00,89cd30ca9d6af4e141b24b17e5c8f90d1590b6160f75e47b1b6ae2faa98e95e9,d060e60b2f03942ad1cfd91007bbe401dad06f1a0d4b2a1d2ff25be6441844e3,52257eeafd0d1532346ae024c871ecdaa7456051156e873d609f3e66a84d0b0a,e2eee236924a7c42a8c2144c042e719cfc0572a507bf0dae2f6f66785f0cbcc8,Uploaded in this connection; reused only within this case,"{'a': '98892cf60fa75bbcadcf28a3797a80bc13e0e91aa72fc9ebba8e2174271822a9', 'bt': '82b81fce651076e111e424f68d0a250b58226376e9b10b8e8eb9e81472ccded8', 'c': '11ddf38a7a5eadc87186f4ac503739c0a33903ecfd186bf99dabc9769a698b0c'}",PASS,0.2900016999919899,0.19211190001806244,0.5438980999751948,11573,4464,2048,512,4096,3475,0,66,8,32,2638998349,100000000,1024,20864,16768,1.5520142000168562,0.031913199985865504,2.5780259000021033,0.00011573,4.530268728938045,0.35392724444828483
endurance,1,PASS,True,321,0,0,22355584,1,1,1,"{'m': 1, 'n': 1, 'k': 1, 'a_base': 64, 'bt_base': 256, 'c_base': 448, 'a_stride': 64, 'bt_stride': 64, 'c_stride': 64, 'mode': 0, 'watchdog': 10000000}",2026-10-04T17:39:52.920504+00:00,2026-10-04T17:39:53.845620+00:00,8de0b3c47f112c59745f717a626932264c422a7563954872e237b223af4ad643,aa7225e7d5b0a2552bbb58880b3ec00c286995b801a7aeb69281e76a8b4908de,f81d4782aad65c68f940a521888599fe94fc19731adf51d7b6a03b8e1dd91732,92689ef06c016d54ab97731c0a49f79f80dd83b0f3e3442cebe64e63db435c90,Uploaded in this connection; reused only within this case,"{'a': 'dad05a456bb8a146606f4cd6c38499a0fb2ce007a34d71008e774769d586877b', 'bt': '3b583827299fe27e4a4a1053910ebe8c5f1bd19a13d962a833dcee19d122dec8', 'c': '49a5eefdab890fe5153b536f67f31a067bd158ba3decae8d0e18df349b614e55'}",PASS,0.027333399979397655,0.19193120003910735,0.5440761999925599,219,24,2,1,4,150,0,2,8,32,2638998349,100000000,1,576,572,0.12824990000808612,0.031779699958860874,0.891590700019151,2.19e-06,0.0009132420091324201,7.134703196347032e-05
endurance,1,PASS,True,322,1,0,22355584,1,1,1,"{'m': 1, 'n': 1, 'k': 1, 'a_base': 64, 'bt_base': 256, 'c_base': 448, 'a_stride': 64, 'bt_stride': 64, 'c_stride': 64, 'mode': 1, 'watchdog': 10000000}",2026-10-04T17:39:53.898829+00:00,2026-10-04T17:39:54.821541+00:00,8de0b3c47f112c59745f717a626932264c422a7563954872e237b223af4ad643,aa7225e7d5b0a2552bbb58880b3ec00c286995b801a7aeb69281e76a8b4908de,f81d4782aad65c68f940a521888599fe94fc19731adf51d7b6a03b8e1dd91732,92689ef06c016d54ab97731c0a49f79f80dd83b0f3e3442cebe64e63db435c90,Uploaded in this connection; reused only within this case,"{'a': 'dad05a456bb8a146606f4cd6c38499a0fb2ce007a34d71008e774769d586877b', 'bt': '3b583827299fe27e4a4a1053910ebe8c5f1bd19a13d962a833dcee19d122dec8', 'c': '49a5eefdab890fe5153b536f67f31a067bd158ba3decae8d0e18df349b614e55'}",PASS,0.025790599989704788,0.192098299972713,0.5439483000081964,216,24,2,1,4,147,0,2,8,32,2638998349,100000000,1,576,572,0.1278120999922976,0.031973900040611625,0.8896492999629118,2.16e-06,0.000925925925925926,7.233796296296296e-05
endurance,1,PASS,True,323,1,0,22365557,5,3,9,"{'m': 5, 'n': 3, 'k': 9, 'a_base': 64, 'bt_base': 512, 'c_base': 832, 'a_stride': 64, 'bt_stride': 64, 'c_stride': 64, 'mode': 1, 'watchdog': 10000000}",2026-10-04T17:39:55.015939+00:00,2026-10-04T17:39:56.005609+00:00,ec6f006fac0e0861fe242a67df9a773289805af4bfa205a86e224c9ee1f78235,b7a49b434c5b0177c44740b070c0f807bb20750b1704f3dccf5225c063ff0439,592b2db1213f460da900e55766493970af71788b01917fb38dbd8f723b038fdc,d702755c766b25b330bcfb90d8958fde60e71e1c624f1ea9793039f679050ef4,Uploaded in this connection; reused only within this case,"{'a': '3262b9b5eedb510439a2b331e04680b41b20a809a97b2794ed94983e3878c8f6', 'bt': '15f0b23d5b4e77d869118e595a84c0cb4718697fcf726520398d6145d9edb0db', 'c': 'a6fca81a0ce2bce92b07fbbbd20156f660993d20b3712dfabd1150924e1f6409'}",PASS,0.04428530001314357,0.19162870000582188,0.5441210999852046,479,32,16,10,60,236,0,10,8,32,2638998349,100000000,15,1216,1156,0.17582810000749305,0.03216150001389906,0.9558632000116631,4.79e-06,0.05636743215031315,0.004403705636743215
endurance,1,PASS,True,324,0,0,22365557,5,3,9,"{'m': 5, 'n': 3, 'k': 9, 'a_base': 64, 'bt_base': 512, 'c_base': 832, 'a_stride': 64, 'bt_stride': 64, 'c_stride': 64, 'mode': 0, 'watchdog': 10000000}",2026-10-04T17:39:56.054158+00:00,2026-10-04T17:39:57.045331+00:00,ec6f006fac0e0861fe242a67df9a773289805af4bfa205a86e224c9ee1f78235,b7a49b434c5b0177c44740b070c0f807bb20750b1704f3dccf5225c063ff0439,592b2db1213f460da900e55766493970af71788b01917fb38dbd8f723b038fdc,d702755c766b25b330bcfb90d8958fde60e71e1c624f1ea9793039f679050ef4,Uploaded in this connection; reused only within this case,"{'a': '3262b9b5eedb510439a2b331e04680b41b20a809a97b2794ed94983e3878c8f6', 'bt': '15f0b23d5b4e77d869118e595a84c0cb4718697fcf726520398d6145d9edb0db', 'c': 'a6fca81a0ce2bce92b07fbbbd20156f660993d20b3712dfabd1150924e1f6409'}",PASS,0.0460871999966912,0.1921965999645181,0.5436174000496976,478,32,16,10,60,235,0,10,8,32,2638998349,100000000,15,1216,1156,0.17588789999717847,0.03197429998544976,0.9577891000080854,4.78e-06,0.056485355648535567,0.004412918410041841
endurance,1,PASS,True,325,0,0,22375530,31,33,17,"{'m': 31, 'n': 33, 'k': 17, 'a_base': 64, 'bt_base': 2176, 'c_base': 4416, 'a_stride': 64, 'bt_stride': 64, 'c_stride': 192, 'mode': 0, 'watchdog': 10000000}",2026-10-04T17:39:57.498194+00:00,2026-10-04T17:39:59.509385+00:00,81ff0f62119d9d058c9715807d3bb8ca8b5824e7fb4534b804b14bb20a759193,585a68284a62ba1dac6dd86d37245aaa9826df08b3ed5107e2b9812b1da94f00,397a014b4fd560847fb047c6c9554d938f53c4b058d69b655e237ed097677157,2d538a56b571b4b41a86a79bfb51865964eb262f266bcc20c60df842b8be344b,Uploaded in this connection; reused only within this case,"{'a': '08b76f5935c385b760d36c441f8db899043c554b5162b6ffa79456d3532c92fb', 'bt': 'feb6d8011c7b892bbaf437fd9cc332e5bb7711a5dee200ba4afb0fe041d792a8', 'c': '9a8db116cc385c112921e9c56af807147182465f4e42a156a9effc46878bdc38'}",PASS,0.4246028999914415,0.192228400032036,0.5436520999646746,7421,800,285,527,4092,1958,0,124,8,32,2638998349,100000000,1023,10432,6340,0.8163635000237264,0.031730799993965775,1.9768469000118785,7.421e-05,0.46869694111305754,0.03661694852445762
endurance,1,PASS,True,326,1,0,22375530,31,33,17,"{'m': 31, 'n': 33, 'k': 17, 'a_base': 64, 'bt_base': 2176, 'c_base': 4416, 'a_stride': 64, 'bt_stride': 64, 'c_stride': 192, 'mode': 1, 'watchdog': 10000000}",2026-10-04T17:39:59.565667+00:00,2026-10-04T17:40:01.573353+00:00,81ff0f62119d9d058c9715807d3bb8ca8b5824e7fb4534b804b14bb20a759193,585a68284a62ba1dac6dd86d37245aaa9826df08b3ed5107e2b9812b1da94f00,397a014b4fd560847fb047c6c9554d938f53c4b058d69b655e237ed097677157,2d538a56b571b4b41a86a79bfb51865964eb262f266bcc20c60df842b8be344b,Uploaded in this connection; reused only within this case,"{'a': '08b76f5935c385b760d36c441f8db899043c554b5162b6ffa79456d3532c92fb', 'bt': 'feb6d8011c7b892bbaf437fd9cc332e5bb7711a5dee200ba4afb0fe041d792a8', 'c': '9a8db116cc385c112921e9c56af807147182465f4e42a156a9effc46878bdc38'}",PASS,0.4214052999741398,0.19206299999495968,0.5438815000234172,6484,800,285,527,4092,1229,0,124,8,32,2638998349,100000000,1023,10432,6340,0.8160712000099011,0.032043199986219406,1.9734210000024177,6.484e-05,0.536428130783467,0.04190844771745836
endurance,1,PASS,True,327,1,0,22385503,33,35,256,"{'m': 33, 'n': 35, 'k': 256, 'a_base': 64, 'bt_base': 8640, 'c_base': 17728, 'a_stride': 256, 'bt_stride': 256, 'c_stride': 192, 'mode': 1, 'watchdog': 10000000}",2026-10-04T17:40:02.952769+00:00,2026-10-04T17:40:05.957134+00:00,776dbf5bdd485d251ceb46a1979995eb31d564e337e040ce70dff6ae61bd0012,5679470f4e66b7a3f18b975089619aa8e53fae914b082e99d2f965240fc7853d,35cefeed6ed583dd0046bf11808f0cf026bcfcae599d35b61a3efbd533eb753f,8b1fd80758b9e9792f0a28f5f94011b3be69c22485a4ed29d6647e44501c8e56,Uploaded in this connection; reused only within this case,"{'a': '5833e925b53ad9b0fc0ee6d2848a978abd281fdd39b9524be3370938624ae67b', 'bt': '87450c02c8df46d362fd339ec9a295e159f3237a22f4100923012fbe0490fd37', 'c': '19599a9c4ff580de8a980c39743fe98aa0433dfeb66a8729d4780ee7e62ade47'}",PASS,0.4580163999926299,0.19198290002532303,0.5438999999896623,13290,6975,4352,594,4620,3486,0,134,8,32,2638998349,100000000,1155,24128,19508,1.776044300000649,0.03191989997867495,2.969943600008264,0.0001329,4.449661399548533,0.3476297968397291
endurance,1,PASS,True,328,0,0,22385503,33,35,256,"{'m': 33, 'n': 35, 'k': 256, 'a_base': 64, 'bt_base': 8640, 'c_base': 17728, 'a_stride': 256, 'bt_stride': 256, 'c_stride': 192, 'mode': 0, 'watchdog': 10000000}",2026-10-04T17:40:06.014556+00:00,2026-10-04T17:40:09.013097+00:00,776dbf5bdd485d251ceb46a1979995eb31d564e337e040ce70dff6ae61bd0012,5679470f4e66b7a3f18b975089619aa8e53fae914b082e99d2f965240fc7853d,35cefeed6ed583dd0046bf11808f0cf026bcfcae599d35b61a3efbd533eb753f,8b1fd80758b9e9792f0a28f5f94011b3be69c22485a4ed29d6647e44501c8e56,Uploaded in this connection; reused only within this case,"{'a': '5833e925b53ad9b0fc0ee6d2848a978abd281fdd39b9524be3370938624ae67b', 'bt': '87450c02c8df46d362fd339ec9a295e159f3237a22f4100923012fbe0490fd37', 'c': '19599a9c4ff580de8a980c39743fe98aa0433dfeb66a8729d4780ee7e62ade47'}",PASS,0.4530823000241071,0.1917640999890864,0.5439189000171609,19785,6975,4352,594,4620,7643,0,134,8,32,2638998349,100000000,1155,24128,19508,1.7761323999729939,0.0318400000105612,2.9648977000033483,0.00019785,2.988931008339651,0.23351023502653526
endurance,1,PASS,True,329,0,0,22395476,65,63,255,"{'m': 65, 'n': 63, 'k': 255, 'a_base': 64, 'bt_base': 16832, 'c_base': 33088, 'a_stride': 256, 'bt_stride': 256, 'c_stride': 256, 'mode': 0, 'watchdog': 10000000}",2026-10-04T17:40:11.496673+00:00,2026-10-04T17:40:17.028890+00:00,5ff4933d30084976b6867e3dae59a6273214f32e1a1b0b8d70173d7cb1c2ea9d,97039e6b4b7d2f980b2da11b0d80df2e52ea87839ad8ae7dc154b8aa38b74f44,e6845c4e9aea70db27a09ec2b22833ec65acb9a344b7c723e844b1745ad5aa34,a28b93e484531e59d45500f16f48b7e1bbd63b3f6eecbc8d2178b4e67e093262,Uploaded in this connection; reused only within this case,"{'a': '6cadacf07a0fb02f15cb5da71ea952854fca23cfdc1525b8b89d5bb1a4e1fa48', 'bt': '7cf70d7b5ee0d2cebcb3455fd5ac081aa4cedb1521427fe2c47f2f35326dd3af', 'c': '51a9c80f77c3409b5ef18f2032f2ba89a4fb5731864f2b82dedf9e3fc8dd176d'}",PASS,1.1774178000050597,0.19200280000222847,0.5443402999662794,52351,20016,10208,2080,16380,17476,0,268,8,32,2638998349,100000000,4095,49792,33412,3.5838791000423953,0.031759099976625293,5.497640000015963,0.00052351,3.9893220759870873,0.3116657871864912
endurance,1,PASS,True,330,1,0,22395476,65,63,255,"{'m': 65, 'n': 63, 'k': 255, 'a_base': 64, 'bt_base': 16832, 'c_base': 33088, 'a_stride': 256, 'bt_stride': 256, 'c_stride': 256, 'mode': 1, 'watchdog': 10000000}",2026-10-04T17:40:17.071999+00:00,2026-10-04T17:40:22.596685+00:00,5ff4933d30084976b6867e3dae59a6273214f32e1a1b0b8d70173d7cb1c2ea9d,97039e6b4b7d2f980b2da11b0d80df2e52ea87839ad8ae7dc154b8aa38b74f44,e6845c4e9aea70db27a09ec2b22833ec65acb9a344b7c723e844b1745ad5aa34,a28b93e484531e59d45500f16f48b7e1bbd63b3f6eecbc8d2178b4e67e093262,Uploaded in this connection; reused only within this case,"{'a': '6cadacf07a0fb02f15cb5da71ea952854fca23cfdc1525b8b89d5bb1a4e1fa48', 'bt': '7cf70d7b5ee0d2cebcb3455fd5ac081aa4cedb1521427fe2c47f2f35326dd3af', 'c': '51a9c80f77c3409b5ef18f2032f2ba89a4fb5731864f2b82dedf9e3fc8dd176d'}",PASS,1.1716705999569967,0.1919303000322543,0.5440827999846078,26532,20016,10208,2080,16380,3496,0,268,8,32,2638998349,100000000,4095,49792,33412,3.583741899987217,0.03213420003885403,5.491425599961076,0.00026532,7.871438263229308,0.6149561143147897
endurance,1,PASS,True,331,1,0,22405449,1,64,256,"{'m': 1, 'n': 64, 'k': 256, 'a_base': 64, 'bt_base': 448, 'c_base': 16960, 'a_stride': 256, 'bt_stride': 256, 'c_stride': 256, 'mode': 1, 'watchdog': 10000000}",2026-10-04T17:40:23.911313+00:00,2026-10-04T17:40:26.036309+00:00,c2ac55b1fdfb93f927e84409d0ad4ccf3eccb93f4ffaae85009f637dda1f8c20,063efa3e5cdedbafec38a1b41bf57e9e9b5d92614d6ececc838f17e704e54303,fcf65e825789ce9cb577af398be63c52669f7909a8c80265bc577858c0e75d3a,ef658d69bf32ee8238acb1c84768b51f02087e7affddd25af1c84fa78fb4e9ff,Uploaded in this connection; reused only within this case,"{'a': 'a5e9d78efa4cc2be51099c156b6a179518456222f98330310fe76212eb0fb412', 'bt': '54e77d26ed82c5a2e44748dac52c45b8a0c50d213bd5f15609b8a1203ae14601', 'c': 'c1e30c69f2b4c92880fd901fa216e1301975a467eef3d7214de81a4f463bffef'}",PASS,0.04278850002447143,0.1918866999913007,0.5440298999892548,5010,2232,2112,32,256,2626,0,4,8,32,2638998349,100000000,64,17280,17024,1.31207089999225,0.03176010004244745,2.090775999997277,5.01e-05,0.6540518962075849,0.05109780439121756
endurance,1,PASS,True,332,0,0,22405449,1,64,256,"{'m': 1, 'n': 64, 'k': 256, 'a_base': 64, 'bt_base': 448, 'c_base': 16960, 'a_stride': 256, 'bt_stride': 256, 'c_stride': 256, 'mode': 0, 'watchdog': 10000000}",2026-10-04T17:40:26.093149+00:00,2026-10-04T17:40:28.212286+00:00,c2ac55b1fdfb93f927e84409d0ad4ccf3eccb93f4ffaae85009f637dda1f8c20,063efa3e5cdedbafec38a1b41bf57e9e9b5d92614d6ececc838f17e704e54303,fcf65e825789ce9cb577af398be63c52669f7909a8c80265bc577858c0e75d3a,ef658d69bf32ee8238acb1c84768b51f02087e7affddd25af1c84fa78fb4e9ff,Uploaded in this connection; reused only within this case,"{'a': 'a5e9d78efa4cc2be51099c156b6a179518456222f98330310fe76212eb0fb412', 'bt': '54e77d26ed82c5a2e44748dac52c45b8a0c50d213bd5f15609b8a1203ae14601', 'c': 'c1e30c69f2b4c92880fd901fa216e1301975a467eef3d7214de81a4f463bffef'}",PASS,0.03663610003422946,0.19190809997962788,0.5440182000165805,6285,2232,2112,32,256,3776,0,4,8,32,2638998349,100000000,64,17280,17024,1.3119574000011198,0.03203689999645576,2.0845198000315577,6.285e-05,0.5213683373110581,0.040731901352426415
endurance,1,PASS,True,333,0,0,22415422,64,1,256,"{'m': 64, 'n': 1, 'k': 256, 'a_base': 64, 'bt_base': 16576, 'c_base': 16960, 'a_stride': 256, 'bt_stride': 256, 'c_stride': 64, 'mode': 0, 'watchdog': 10000000}",2026-10-04T17:40:29.560326+00:00,2026-10-04T17:40:32.196128+00:00,6e97f2ee600faf3315aad5e692ad2798dc9def632b1cebf4369edeb02bc738f1,520660a7007309d703fb4e1c2e7bb3ce1ef9bcbcfc149cd8637bd088c2f9cb28,5182ba35141ee5b095c524727cb02aad42545a0b16e1d78e7c870e027f730a19,c5b75465af4d9574bfac84f48793b6aaeac21b7d84fab14628e5ebbdd62b1401,Uploaded in this connection; reused only within this case,"{'a': 'bd80ab16e20237ed9feb688eb20733dd845cd7d2905bf7cbbb456b64ddbaf97d', 'bt': 'ae0d2e369448ca25ecd6de41735f9653d6d3f7c4bed140ffe784692bae2fc4f2', 'c': 'a1eb3e8881bf089c0381b9711f482f9dc6f026f1724b3205aab4c6b51ac51113'}",PASS,0.29720470000756904,0.19198430003598332,0.5439856000011787,8280,2232,2112,64,256,3695,0,128,8,32,2638998349,100000000,64,21120,20864,1.567921399953775,0.032039000012446195,2.601095999998506,8.28e-05,0.3957487922705314,0.030917874396135265
endurance,1,PASS,True,334,1,0,22415422,64,1,256,"{'m': 64, 'n': 1, 'k': 256, 'a_base': 64, 'bt_base': 16576, 'c_base': 16960, 'a_stride': 256, 'bt_stride': 256, 'c_stride': 64, 'mode': 1, 'watchdog': 10000000}",2026-10-04T17:40:32.251494+00:00,2026-10-04T17:40:34.884448+00:00,6e97f2ee600faf3315aad5e692ad2798dc9def632b1cebf4369edeb02bc738f1,520660a7007309d703fb4e1c2e7bb3ce1ef9bcbcfc149cd8637bd088c2f9cb28,5182ba35141ee5b095c524727cb02aad42545a0b16e1d78e7c870e027f730a19,c5b75465af4d9574bfac84f48793b6aaeac21b7d84fab14628e5ebbdd62b1401,Uploaded in this connection; reused only within this case,"{'a': 'bd80ab16e20237ed9feb688eb20733dd845cd7d2905bf7cbbb456b64ddbaf97d', 'bt': 'ae0d2e369448ca25ecd6de41735f9653d6d3f7c4bed140ffe784692bae2fc4f2', 'c': 'a1eb3e8881bf089c0381b9711f482f9dc6f026f1724b3205aab4c6b51ac51113'}",PASS,0.29395219997968525,0.19215310004074126,0.543917800008785,6034,2232,2112,64,256,2607,0,128,8,32,2638998349,100000000,64,21120,20864,1.5681844999780878,0.03208269999595359,2.5982076000072993,6.034e-05,0.5430560159098442,0.04242625124295658
endurance,1,PASS,True,335,1,0,22425395,32,32,256,"{'m': 32, 'n': 32, 'k': 256, 'a_base': 64, 'bt_base': 8384, 'c_base': 16704, 'a_stride': 256, 'bt_stride': 256, 'c_stride': 128, 'mode': 1, 'watchdog': 10000000}",2026-10-04T17:40:36.182526+00:00,2026-10-04T17:40:38.803873+00:00,1887a56f08ff7a412328fca0108764268ba7f974dd464e29b8db4fc5b416b896,04665b876108dc6455ea3ab5c3d871fa6d7f1466e5cdc33ff0002539a7a4fc6e,0b4a6d190c7a446ae1511397e5297292e627ed276d7afd619bd4125324daf101,3ec0510c3dd84f2235e0a81aa2e056ef98cb4a9fb29d035e46b113f6d068bf7a,Uploaded in this connection; reused only within this case,"{'a': '6d8eab00d05a00eb5733fdccdf687dfe86a4d70568a0d2bace15159fdca2afd4', 'bt': '34e208239e3fcc6a923dc91491aefeb2f101c74f257ef654bf0c5b17852dc8a2', 'c': 'ad938aaa521cb77ec26977b57e3e6660d04e3d4b36b3405dbf24096670eb6b4b'}",PASS,0.3004557000240311,0.19187699997564778,0.5439824999775738,11601,4464,2048,512,4096,3482,0,66,8,32,2638998349,100000000,1024,20864,16768,1.5519847000250593,0.031942699977662414,2.588299900002312,0.00011601,4.519334540125851,0.3530730109473321
endurance,1,PASS,True,336,0,0,22425395,32,32,256,"{'m': 32, 'n': 32, 'k': 256, 'a_base': 64, 'bt_base': 8384, 'c_base': 16704, 'a_stride': 256, 'bt_stride': 256, 'c_stride': 128, 'mode': 0, 'watchdog': 10000000}",2026-10-04T17:40:38.852341+00:00,2026-10-04T17:40:41.476093+00:00,1887a56f08ff7a412328fca0108764268ba7f974dd464e29b8db4fc5b416b896,04665b876108dc6455ea3ab5c3d871fa6d7f1466e5cdc33ff0002539a7a4fc6e,0b4a6d190c7a446ae1511397e5297292e627ed276d7afd619bd4125324daf101,3ec0510c3dd84f2235e0a81aa2e056ef98cb4a9fb29d035e46b113f6d068bf7a,Uploaded in this connection; reused only within this case,"{'a': '6d8eab00d05a00eb5733fdccdf687dfe86a4d70568a0d2bace15159fdca2afd4', 'bt': '34e208239e3fcc6a923dc91491aefeb2f101c74f257ef654bf0c5b17852dc8a2', 'c': 'ad938aaa521cb77ec26977b57e3e6660d04e3d4b36b3405dbf24096670eb6b4b'}",PASS,0.30121879995567724,0.1919871999998577,0.5438923999899998,11602,4464,2048,512,4096,3504,0,66,8,32,2638998349,100000000,1024,20864,16768,1.5520202000043355,0.032197699998505414,2.5891185999498703,0.00011602,4.518945009481124,0.35304257886571283
endurance,1,PASS,True,337,1,0,22460313,1,1,1,"{'m': 1, 'n': 1, 'k': 1, 'a_base': 64, 'bt_base': 256, 'c_base': 448, 'a_stride': 64, 'bt_stride': 64, 'c_stride': 64, 'mode': 1, 'watchdog': 10000000}",2026-10-04T17:40:41.638338+00:00,2026-10-04T17:40:42.564022+00:00,fb95aa98d6e6c5827a57ec17b978d647fcc01d98c357b7e64989af57339e9ac3,1b16b1df538ba12dc3f97edbb85caa7050d46c148134290feba80f8236c83db9,86e07a17f1cea8501ac269b1bb3a21e3f1a59f19bdd961afc920ef0a92c016cb,60c56d20776dbed9a7dfcc106b6b5fbf5862643e20f5ff81b4b6e9c1b39b4fcd,Uploaded in this connection; reused only within this case,"{'a': '2035f711ca5f4a970b64f3e9712ed41a6139b768f977e41caf6ed949434dbaaf', 'bt': 'a4508e82e285496fde7bfa7c7c9b86f7c3230ed5591cf61524b084b077dfcc82', 'c': '0b543152e63c38478af87ce847711a77c2cabe55f7e5c627ad16bc1333892c9c'}",PASS,0.027825700002722442,0.1919983999687247,0.54389050003374,218,24,2,1,4,149,0,2,8,32,2638998349,100000000,1,576,572,0.12823809997644275,0.03193300002021715,0.8919526999816298,2.18e-06,0.0009174311926605505,7.167431192660551e-05
endurance,1,PASS,True,338,0,0,22460313,1,1,1,"{'m': 1, 'n': 1, 'k': 1, 'a_base': 64, 'bt_base': 256, 'c_base': 448, 'a_stride': 64, 'bt_stride': 64, 'c_stride': 64, 'mode': 0, 'watchdog': 10000000}",2026-10-04T17:40:42.609573+00:00,2026-10-04T17:40:43.523959+00:00,fb95aa98d6e6c5827a57ec17b978d647fcc01d98c357b7e64989af57339e9ac3,1b16b1df538ba12dc3f97edbb85caa7050d46c148134290feba80f8236c83db9,86e07a17f1cea8501ac269b1bb3a21e3f1a59f19bdd961afc920ef0a92c016cb,60c56d20776dbed9a7dfcc106b6b5fbf5862643e20f5ff81b4b6e9c1b39b4fcd,Uploaded in this connection; reused only within this case,"{'a': '2035f711ca5f4a970b64f3e9712ed41a6139b768f977e41caf6ed949434dbaaf', 'bt': 'a4508e82e285496fde7bfa7c7c9b86f7c3230ed5591cf61524b084b077dfcc82', 'c': '0b543152e63c38478af87ce847711a77c2cabe55f7e5c627ad16bc1333892c9c'}",PASS,0.017026300018187612,0.19199989998014644,0.5437095999950543,218,24,2,1,4,149,0,2,8,32,2638998349,100000000,1,576,572,0.1282515000202693,0.031984100001864135,0.8809873000136577,2.18e-06,0.0009174311926605505,7.167431192660551e-05
endurance,1,PASS,True,339,0,0,22470286,5,3,9,"{'m': 5, 'n': 3, 'k': 9, 'a_base': 64, 'bt_base': 512, 'c_base': 832, 'a_stride': 64, 'bt_stride': 64, 'c_stride': 64, 'mode': 0, 'watchdog': 10000000}",2026-10-04T17:40:43.703260+00:00,2026-10-04T17:40:44.691766+00:00,d0c88e1287ce1f9f730efbeaeae295dffdf3256985f22b5cc7df671d6203db21,bc004dc74cfa3e1553cbf03ff55160c6b827139415de1a8adf5951afa86e5c5d,81d0bbd2aa1e3b05b2a063b2b778e89c1553414d4db89a4a559ed98b1bdbf6ae,5dcfe94cb9efc79e911efdc134abccadef273ce49144730547b623269b7e8689,Uploaded in this connection; reused only within this case,"{'a': '26f391cdc2f3c229a1d9a92b03fe903c885b7a1b035b1721e81ca44d24d23a9c', 'bt': '2e71086de601e584ddd8dc3b016f5936a0b5263a283b33c6d78f7d3cabb5e2bb', 'c': '937409831b2189fa7dc0425680a8dc19e820490b655cf62d4fdd4134db0e8dbe'}",PASS,0.043501999985892326,0.1920418000081554,0.5439528999850154,480,32,16,10,60,235,0,10,8,32,2638998349,100000000,15,1216,1156,0.1765127000398934,0.03135169995948672,0.9560094000189565,4.8e-06,0.05625,0.00439453125
endurance,1,PASS,True,340,1,0,22470286,5,3,9,"{'m': 5, 'n': 3, 'k': 9, 'a_base': 64, 'bt_base': 512, 'c_base': 832, 'a_stride': 64, 'bt_stride': 64, 'c_stride': 64, 'mode': 1, 'watchdog': 10000000}",2026-10-04T17:40:44.738213+00:00,2026-10-04T17:40:45.731696+00:00,d0c88e1287ce1f9f730efbeaeae295dffdf3256985f22b5cc7df671d6203db21,bc004dc74cfa3e1553cbf03ff55160c6b827139415de1a8adf5951afa86e5c5d,81d0bbd2aa1e3b05b2a063b2b778e89c1553414d4db89a4a559ed98b1bdbf6ae,5dcfe94cb9efc79e911efdc134abccadef273ce49144730547b623269b7e8689,Uploaded in this connection; reused only within this case,"{'a': '26f391cdc2f3c229a1d9a92b03fe903c885b7a1b035b1721e81ca44d24d23a9c', 'bt': '2e71086de601e584ddd8dc3b016f5936a0b5263a283b33c6d78f7d3cabb5e2bb', 'c': '937409831b2189fa7dc0425680a8dc19e820490b655cf62d4fdd4134db0e8dbe'}",PASS,0.048446400032844394,0.19213949999539182,0.5441160000045784,479,32,16,10,60,236,0,10,8,32,2638998349,100000000,15,1216,1156,0.17561119998572394,0.03194079996319488,0.9603131000185385,4.79e-06,0.05636743215031315,0.004403705636743215
endurance,1,PASS,True,341,1,0,22480259,31,33,17,"{'m': 31, 'n': 33, 'k': 17, 'a_base': 64, 'bt_base': 2176, 'c_base': 4416, 'a_stride': 64, 'bt_stride': 64, 'c_stride': 192, 'mode': 1, 'watchdog': 10000000}",2026-10-04T17:40:46.150273+00:00,2026-10-04T17:40:48.163544+00:00,e2ffcf1bfd8ad0c0ed0256d605698d6f5bda19310551efee38d0610cb35aaad2,f8d9c109d0521a6541c98a8d9cdda5d8dcbff0f179169da493d9dd3ea28869d4,09931a09dd9993bd24bab4f4b7da7ce40643cfa951651e136d1229db02b2aac8,ed911a1103220da2285e232510c5693a6f9c4a74a5b9d0b0864566821c2b6376,Uploaded in this connection; reused only within this case,"{'a': '5107d5bfb828ba265397a65a5835967cbeb2916abed78bce2fcd2dab8eebab8f', 'bt': '9f46d2f420e2227a47be02b04740958a876c42698ac91bee14e2fe3b857642aa', 'c': '3d079c805035de3ddfc278608980a43c7bf0639a9a01648a9cd267f11dc0d25e'}",PASS,0.42852159996982664,0.191845600027591,0.5439607999869622,6497,800,285,527,4092,1224,0,124,8,32,2638998349,100000000,1023,10432,6340,0.8161115000257269,0.03180559998145327,1.9804395000101067,6.497e-05,0.5353547791288287,0.041824592119439744
endurance,1,PASS,True,342,0,0,22480259,31,33,17,"{'m': 31, 'n': 33, 'k': 17, 'a_base': 64, 'bt_base': 2176, 'c_base': 4416, 'a_stride': 64, 'bt_stride': 64, 'c_stride': 192, 'mode': 0, 'watchdog': 10000000}",2026-10-04T17:40:48.205861+00:00,2026-10-04T17:40:50.211496+00:00,e2ffcf1bfd8ad0c0ed0256d605698d6f5bda19310551efee38d0610cb35aaad2,f8d9c109d0521a6541c98a8d9cdda5d8dcbff0f179169da493d9dd3ea28869d4,09931a09dd9993bd24bab4f4b7da7ce40643cfa951651e136d1229db02b2aac8,ed911a1103220da2285e232510c5693a6f9c4a74a5b9d0b0864566821c2b6376,Uploaded in this connection; reused only within this case,"{'a': '5107d5bfb828ba265397a65a5835967cbeb2916abed78bce2fcd2dab8eebab8f', 'bt': '9f46d2f420e2227a47be02b04740958a876c42698ac91bee14e2fe3b857642aa', 'c': '3d079c805035de3ddfc278608980a43c7bf0639a9a01648a9cd267f11dc0d25e'}",PASS,0.4197643999941647,0.1920416000066325,0.5441149999969639,7376,800,285,527,4092,1935,0,124,8,32,2638998349,100000000,1023,10432,6340,0.8159185000113212,0.03180149995023385,1.9718395000090823,7.376e-05,0.47155639913232106,0.03684034368221258
endurance,1,PASS,True,343,0,0,22490232,33,35,256,"{'m': 33, 'n': 35, 'k': 256, 'a_base': 64, 'bt_base': 8640, 'c_base': 17728, 'a_stride': 256, 'bt_stride': 256, 'c_stride': 192, 'mode': 0, 'watchdog': 10000000}",2026-10-04T17:40:51.576109+00:00,2026-10-04T17:40:54.579364+00:00,237f228950ac5a6336767ac85b44026721675cb65dcc010547da6a705ccf7842,6e7e16e1382c8f1bf54528c91be9351de32548410802446a7b71f88fa0b1d69d,ce2cbb6c1256315a759d324413dc84be464021c9eefb9343d5e40dcc005e2010,ed08788aa6630773bc602f0a560155e9837f07836e1b7b40a954f2b724a4f33e,Uploaded in this connection; reused only within this case,"{'a': 'ff9ae5bc581f81121d33e7b3ede12896013358ea444defc9baa91e2a6e7b40fe', 'bt': '6028d8829c9873e8665f3e981effb64403a7ba7a84dad390e643cd26f9b81a56', 'c': '7113ddf0d25680a1a6c63ce1f1f0b607e2c177d68e578dd99371139a2d69bf66'}",PASS,0.4575015000300482,0.19223789998795837,0.5437333000008948,19746,6975,4352,594,4620,7640,0,134,8,32,2638998349,100000000,1155,24128,19508,1.7758545000106096,0.03199669998139143,2.969327200029511,0.00019746,2.9948343968398663,0.23397143725311456
endurance,1,PASS,True,344,1,0,22490232,33,35,256,"{'m': 33, 'n': 35, 'k': 256, 'a_base': 64, 'bt_base': 8640, 'c_base': 17728, 'a_stride': 256, 'bt_stride': 256, 'c_stride': 192, 'mode': 1, 'watchdog': 10000000}",2026-10-04T17:40:54.623392+00:00,2026-10-04T17:40:57.619444+00:00,237f228950ac5a6336767ac85b44026721675cb65dcc010547da6a705ccf7842,6e7e16e1382c8f1bf54528c91be9351de32548410802446a7b71f88fa0b1d69d,ce2cbb6c1256315a759d324413dc84be464021c9eefb9343d5e40dcc005e2010,ed08788aa6630773bc602f0a560155e9837f07836e1b7b40a954f2b724a4f33e,Uploaded in this connection; reused only within this case,"{'a': 'ff9ae5bc581f81121d33e7b3ede12896013358ea444defc9baa91e2a6e7b40fe', 'bt': '6028d8829c9873e8665f3e981effb64403a7ba7a84dad390e643cd26f9b81a56', 'c': '7113ddf0d25680a1a6c63ce1f1f0b607e2c177d68e578dd99371139a2d69bf66'}",PASS,0.44987150002270937,0.19194500002777204,0.5441312999464571,13268,6975,4352,594,4620,3456,0,134,8,32,2638998349,100000000,1155,24128,19508,1.7757611999986693,0.03220820002024993,2.961708999995608,0.00013268,4.457039493518239,0.34820621043111244
endurance,1,PASS,True,345,1,0,22500205,65,63,255,"{'m': 65, 'n': 63, 'k': 255, 'a_base': 64, 'bt_base': 16832, 'c_base': 33088, 'a_stride': 256, 'bt_stride': 256, 'c_stride': 256, 'mode': 1, 'watchdog': 10000000}",2026-10-04T17:41:00.089076+00:00,2026-10-04T17:41:05.619148+00:00,81069b2bee65c2cee8a5bb02859100a0cf5bf0f9eb2c01c64714e9d047d11e7c,ca235cb8636a5154062342016c4bae7865a9e35d38590ac30df1575473725e73,d0aea284ecb1b8d75b6c8ed70db755e67d49a3a85dd3179262ed170448732497,1f8ecdaf002f1e622528e083f1ae99a70f2ea3e162be957dd04fe05f192f0038,Uploaded in this connection; reused only within this case,"{'a': '9dbfb70a9edbeb9be63929138275c541704bb03bfed509717f83830afef4185e', 'bt': '5ed76923a690dab49324ce56bd901db4d27221f332c483b283f07fc62e2c77d5', 'c': '9a5e5ddd01c67d0786c6b04a57e66e8e992276ab90d6f2c11f5f0ec70cd97b32'}",PASS,1.1762906000367366,0.19190619996516034,0.5440251000109129,26495,20016,10208,2080,16380,3495,0,268,8,32,2638998349,100000000,4095,49792,33412,3.584074900019914,0.0317405000096187,5.496296800032724,0.00026495,7.882430647291941,0.615814894319683
endurance,1,PASS,True,346,0,0,22500205,65,63,255,"{'m': 65, 'n': 63, 'k': 255, 'a_base': 64, 'bt_base': 16832, 'c_base': 33088, 'a_stride': 256, 'bt_stride': 256, 'c_stride': 256, 'mode': 0, 'watchdog': 10000000}",2026-10-04T17:41:05.666526+00:00,2026-10-04T17:41:11.202693+00:00,81069b2bee65c2cee8a5bb02859100a0cf5bf0f9eb2c01c64714e9d047d11e7c,ca235cb8636a5154062342016c4bae7865a9e35d38590ac30df1575473725e73,d0aea284ecb1b8d75b6c8ed70db755e67d49a3a85dd3179262ed170448732497,1f8ecdaf002f1e622528e083f1ae99a70f2ea3e162be957dd04fe05f192f0038,Uploaded in this connection; reused only within this case,"{'a': '9dbfb70a9edbeb9be63929138275c541704bb03bfed509717f83830afef4185e', 'bt': '5ed76923a690dab49324ce56bd901db4d27221f332c483b283f07fc62e2c77d5', 'c': '9a5e5ddd01c67d0786c6b04a57e66e8e992276ab90d6f2c11f5f0ec70cd97b32'}",PASS,1.1832838000264019,0.19214419997297227,0.5438124000211246,52496,20016,10208,2080,16380,17524,0,268,8,32,2638998349,100000000,4095,49792,33412,3.5876043000025675,0.02807180001400411,5.506844700023066,0.00052496,3.97830310880829,0.31080493037564766
endurance,1,PASS,True,347,0,0,22510178,1,64,256,"{'m': 1, 'n': 64, 'k': 256, 'a_base': 64, 'bt_base': 448, 'c_base': 16960, 'a_stride': 256, 'bt_stride': 256, 'c_stride': 256, 'mode': 0, 'watchdog': 10000000}",2026-10-04T17:41:12.533558+00:00,2026-10-04T17:41:14.658909+00:00,de8d0f3d89d28006514830e32228263586db6634b2a54354bded335f111e4363,7d0b36eb39b1e2d450c106a735a10ae4fa3064bd0112364e3701d0de503f1108,8b8baa2a72ac304d0f2d8099599823241bc25be301d88713c124e3d8d8eeadc9,034ba139394ba925d43f9b14dc6bb7d5e66ed3663f4735d634ace51be0510b87,Uploaded in this connection; reused only within this case,"{'a': '158ed373c7e95c7f055a81a300b987102f5bc68192279e7253d9ef82aa56e348', 'bt': '6edbaea55be2a7234ce7e5808f063b4eba87d581604d97ac9c975664879ff940', 'c': '489e1c2d0e4aeeb278f0502cad8b227bb79c5cd0398fc3fa6370e0dcccd7ac95'}",PASS,0.04351450002286583,0.19190859998343512,0.5441509999800473,6266,2232,2112,32,256,3759,0,4,8,32,2638998349,100000000,64,17280,17024,1.3121036000084132,0.031876099994406104,2.0916776999947615,6.266e-05,0.5229492499202043,0.04085541015001596
endurance,1,PASS,True,348,1,0,22510178,1,64,256,"{'m': 1, 'n': 64, 'k': 256, 'a_base': 64, 'bt_base': 448, 'c_base': 16960, 'a_stride': 256, 'bt_stride': 256, 'c_stride': 256, 'mode': 1, 'watchdog': 10000000}",2026-10-04T17:41:14.706921+00:00,2026-10-04T17:41:16.834883+00:00,de8d0f3d89d28006514830e32228263586db6634b2a54354bded335f111e4363,7d0b36eb39b1e2d450c106a735a10ae4fa3064bd0112364e3701d0de503f1108,8b8baa2a72ac304d0f2d8099599823241bc25be301d88713c124e3d8d8eeadc9,034ba139394ba925d43f9b14dc6bb7d5e66ed3663f4735d634ace51be0510b87,Uploaded in this connection; reused only within this case,"{'a': '158ed373c7e95c7f055a81a300b987102f5bc68192279e7253d9ef82aa56e348', 'bt': '6edbaea55be2a7234ce7e5808f063b4eba87d581604d97ac9c975664879ff940', 'c': '489e1c2d0e4aeeb278f0502cad8b227bb79c5cd0398fc3fa6370e0dcccd7ac95'}",PASS,0.0467132999910973,0.19196610001381487,0.543744099966716,4995,2232,2112,32,256,2604,0,4,8,32,2638998349,100000000,64,17280,17024,1.3121620999881998,0.032193200022447854,2.094585599959828,4.995e-05,0.656016016016016,0.051251251251251254
endurance,1,PASS,True,349,1,0,22520151,64,1,256,"{'m': 64, 'n': 1, 'k': 256, 'a_base': 64, 'bt_base': 16576, 'c_base': 16960, 'a_stride': 256, 'bt_stride': 256, 'c_stride': 64, 'mode': 1, 'watchdog': 10000000}",2026-10-04T17:41:18.167999+00:00,2026-10-04T17:41:20.802535+00:00,4152f9de95b4d9e8053a8d0e5d87d27e068a31164a7bf822bb89ed2d44de4f7a,5860463b7a507287bafa1f029ead62979afd6cd95d26e8144bd6981623d1ea36,f0eb6142caf35c25bf421ba2248ae5a903da066e43549f545ef03cb2a912b257,378d9d71485c1b51e311968db18df1ded2d6149e0307361922d1233b36ebee2b,Uploaded in this connection; reused only within this case,"{'a': '9b54d73025dd208690c852efe7d8ab6bcb131c7a738557464a5960a1afa130c1', 'bt': '9c3079fbb0fb2149990cee415136672a8fc83fec2f515b41d9c5cffdae3986dd', 'c': '7a022088b5cb2f262f044e70099b6e9ce52a197886821f3b97488fcf784f850a'}",PASS,0.2963296999805607,0.1921042000176385,0.5439268000191078,6052,2232,2112,64,256,2626,0,128,8,32,2638998349,100000000,64,21120,20864,1.5679311999701895,0.03214069997193292,2.6002918999874964,6.052e-05,0.5414408460013219,0.04230006609385327
endurance,1,PASS,True,350,0,0,22520151,64,1,256,"{'m': 64, 'n': 1, 'k': 256, 'a_base': 64, 'bt_base': 16576, 'c_base': 16960, 'a_stride': 256, 'bt_stride': 256, 'c_stride': 64, 'mode': 0, 'watchdog': 10000000}",2026-10-04T17:41:20.859840+00:00,2026-10-04T17:41:23.490374+00:00,4152f9de95b4d9e8053a8d0e5d87d27e068a31164a7bf822bb89ed2d44de4f7a,5860463b7a507287bafa1f029ead62979afd6cd95d26e8144bd6981623d1ea36,f0eb6142caf35c25bf421ba2248ae5a903da066e43549f545ef03cb2a912b257,378d9d71485c1b51e311968db18df1ded2d6149e0307361922d1233b36ebee2b,Uploaded in this connection; reused only within this case,"{'a': '9b54d73025dd208690c852efe7d8ab6bcb131c7a738557464a5960a1afa130c1', 'bt': '9c3079fbb0fb2149990cee415136672a8fc83fec2f515b41d9c5cffdae3986dd', 'c': '7a022088b5cb2f262f044e70099b6e9ce52a197886821f3b97488fcf784f850a'}",PASS,0.2916175000136718,0.19305269996402785,0.5429573000292294,8275,2232,2112,64,256,3692,0,128,8,32,2638998349,100000000,64,21120,20864,1.568018599995412,0.03198729996802285,2.595646100002341,8.275e-05,0.395987915407855,0.03093655589123867
endurance,1,PASS,True,351,0,0,22530124,32,32,256,"{'m': 32, 'n': 32, 'k': 256, 'a_base': 64, 'bt_base': 8384, 'c_base': 16704, 'a_stride': 256, 'bt_stride': 256, 'c_stride': 128, 'mode': 0, 'watchdog': 10000000}",2026-10-04T17:41:24.820063+00:00,2026-10-04T17:41:27.442574+00:00,3e7599c78f0a368d1e2917c74fbeda063c4ffc70dc03b9b6ba7562ba610d1428,efda0a0d48dc7463e1997643891a7772fcbcfa34955077d1efbbdebf85157b14,681f3db0ebdaee2fbe4617262fe3c8e0081a7068a0bc6ca993df672ba152a2c6,42878bf5f642336dffa9ba1849cb9787ae2080a76a5657180b22f9704deec3c2,Uploaded in this connection; reused only within this case,"{'a': '4bf1172f1e376fb07c3dfc91617ff739bffd0e170d23079bb47c6daa8361ab1e', 'bt': '4c9e82cbd28b2dc34560c76543dc65a106790144448dd296ced6155ff695f461', 'c': '2847174651464557e2a75171cf017e2497044fe53234d6bb6ccd5cf627ea7b56'}",PASS,0.3011986000346951,0.19191319996025413,0.544060799991712,11590,4464,2048,512,4096,3486,0,66,8,32,2638998349,100000000,1024,20864,16768,1.5519777000299655,0.032275900011882186,2.5891503000166267,0.0001159,4.523623813632441,0.3534081104400345
endurance,1,PASS,True,352,1,0,22530124,32,32,256,"{'m': 32, 'n': 32, 'k': 256, 'a_base': 64, 'bt_base': 8384, 'c_base': 16704, 'a_stride': 256, 'bt_stride': 256, 'c_stride': 128, 'mode': 1, 'watchdog': 10000000}",2026-10-04T17:41:27.504912+00:00,2026-10-04T17:41:30.130646+00:00,3e7599c78f0a368d1e2917c74fbeda063c4ffc70dc03b9b6ba7562ba610d1428,efda0a0d48dc7463e1997643891a7772fcbcfa34955077d1efbbdebf85157b14,681f3db0ebdaee2fbe4617262fe3c8e0081a7068a0bc6ca993df672ba152a2c6,42878bf5f642336dffa9ba1849cb9787ae2080a76a5657180b22f9704deec3c2,Uploaded in this connection; reused only within this case,"{'a': '4bf1172f1e376fb07c3dfc91617ff739bffd0e170d23079bb47c6daa8361ab1e', 'bt': '4c9e82cbd28b2dc34560c76543dc65a106790144448dd296ced6155ff695f461', 'c': '2847174651464557e2a75171cf017e2497044fe53234d6bb6ccd5cf627ea7b56'}",PASS,0.30377220001537353,0.1919048000127077,0.5438884999603033,11565,4464,2048,512,4096,3468,0,66,8,32,2638998349,100000000,1024,20864,16768,1.5524817000259645,0.03189879999263212,2.592047200014349,0.00011565,4.533402507565931,0.35417207090358843
endurance,1,PASS,True,353,0,0,22565042,1,1,1,"{'m': 1, 'n': 1, 'k': 1, 'a_base': 64, 'bt_base': 256, 'c_base': 448, 'a_stride': 64, 'bt_stride': 64, 'c_stride': 64, 'mode': 0, 'watchdog': 10000000}",2026-10-04T17:41:30.327071+00:00,2026-10-04T17:41:31.250157+00:00,2017ff3461395672aa0aa4f64894fd2f95a4b120e2690e8951656d79adc2eed2,58f7b0780592032e4d8602a3e8690fb2c701b2e1dd546e703445aabd6469734d,af077190ca2486c225a33fd62c3c5b51f13aee7f97625f117106ae542a66c463,ac44f2cd0c8ae8a7a5a5991e2c1823a23a48c1018a920046cdf634e1ff57b46a,Uploaded in this connection; reused only within this case,"{'a': 'a1e26aa1073b0c319726cc43bb733e8fd39574c0a542cbfdbe3db7b96777ed95', 'bt': 'ee98632cc530f529cab77c397ae3f3fbc077e7400534b58bd6c7bd0e261cd1c9', 'c': 'c78cf6f253f0aa4e1864617e83031b13bb25adc50956ee798d8ad5cd2afe219c'}",PASS,0.025212200009264052,0.1919550999882631,0.5440057000378147,218,24,2,1,4,149,0,2,8,32,2638998349,100000000,1,576,572,0.1281324999872595,0.03192889998899773,0.8893055000226013,2.18e-06,0.0009174311926605505,7.167431192660551e-05
endurance,1,PASS,True,354,1,0,22565042,1,1,1,"{'m': 1, 'n': 1, 'k': 1, 'a_base': 64, 'bt_base': 256, 'c_base': 448, 'a_stride': 64, 'bt_stride': 64, 'c_stride': 64, 'mode': 1, 'watchdog': 10000000}",2026-10-04T17:41:31.305790+00:00,2026-10-04T17:41:32.241974+00:00,2017ff3461395672aa0aa4f64894fd2f95a4b120e2690e8951656d79adc2eed2,58f7b0780592032e4d8602a3e8690fb2c701b2e1dd546e703445aabd6469734d,af077190ca2486c225a33fd62c3c5b51f13aee7f97625f117106ae542a66c463,ac44f2cd0c8ae8a7a5a5991e2c1823a23a48c1018a920046cdf634e1ff57b46a,Uploaded in this connection; reused only within this case,"{'a': 'a1e26aa1073b0c319726cc43bb733e8fd39574c0a542cbfdbe3db7b96777ed95', 'bt': 'ee98632cc530f529cab77c397ae3f3fbc077e7400534b58bd6c7bd0e261cd1c9', 'c': 'c78cf6f253f0aa4e1864617e83031b13bb25adc50956ee798d8ad5cd2afe219c'}",PASS,0.021682900027371943,0.1919183999998495,0.5599533999920823,218,24,2,1,4,149,0,2,8,32,2638998349,100000000,1,576,572,0.12913279997883365,0.030911099980585277,0.9026874999981374,2.18e-06,0.0009174311926605505,7.167431192660551e-05
endurance,1,PASS,True,355,1,0,22575015,5,3,9,"{'m': 5, 'n': 3, 'k': 9, 'a_base': 64, 'bt_base': 512, 'c_base': 832, 'a_stride': 64, 'bt_stride': 64, 'c_stride': 64, 'mode': 1, 'watchdog': 10000000}",2026-10-04T17:41:32.468726+00:00,2026-10-04T17:41:33.457904+00:00,bbb5c720542613d8b627b94f29e7d9bca614420ff42e58751b3293798c44794a,0231c0bc1c6460244147b242a432f7b070c1fabcf1b86263cdcbdf04ec2a87d4,1f320808ce2102f4260eec079b9982d0f63b7634128237040cadaf58d6a44a79,9038863d29477ad3ffcf4a7b21b878d9c3240495a32c44f787ee5319be840135,Uploaded in this connection; reused only within this case,"{'a': '6d4595c197f55e019949c8a36a952dc98783d631a495f20834b2331dd0374fc6', 'bt': '0a8fdc9908819dcda2e5ceae282784da70b8514dd7fa3a273a3a35bd4e60a039', 'c': '2568b9e2195dd7e6d7097303d092c98100bc37635763ff1aafbfb44ddfa79822'}",PASS,0.04289360000984743,0.19195360003504902,0.5440306999953464,479,32,16,10,60,236,0,10,8,32,2638998349,100000000,15,1216,1156,0.17608969996217638,0.031878800014965236,0.9549676000024192,4.79e-06,0.05636743215031315,0.004403705636743215
endurance,1,PASS,True,356,0,0,22575015,5,3,9,"{'m': 5, 'n': 3, 'k': 9, 'a_base': 64, 'bt_base': 512, 'c_base': 832, 'a_stride': 64, 'bt_stride': 64, 'c_stride': 64, 'mode': 0, 'watchdog': 10000000}",2026-10-04T17:41:33.587480+00:00,2026-10-04T17:41:34.580232+00:00,bbb5c720542613d8b627b94f29e7d9bca614420ff42e58751b3293798c44794a,0231c0bc1c6460244147b242a432f7b070c1fabcf1b86263cdcbdf04ec2a87d4,1f320808ce2102f4260eec079b9982d0f63b7634128237040cadaf58d6a44a79,9038863d29477ad3ffcf4a7b21b878d9c3240495a32c44f787ee5319be840135,Uploaded in this connection; reused only within this case,"{'a': '6d4595c197f55e019949c8a36a952dc98783d631a495f20834b2331dd0374fc6', 'bt': '0a8fdc9908819dcda2e5ceae282784da70b8514dd7fa3a273a3a35bd4e60a039', 'c': '2568b9e2195dd7e6d7097303d092c98100bc37635763ff1aafbfb44ddfa79822'}",PASS,0.03848920000018552,0.19214499997906387,0.5439456000458449,478,32,16,10,60,235,0,10,8,32,2638998349,100000000,15,1216,1156,0.17625859996769577,0.033954699989408255,0.9508383999927901,4.78e-06,0.056485355648535567,0.004412918410041841
endurance,1,PASS,True,357,0,0,22584988,31,33,17,"{'m': 31, 'n': 33, 'k': 17, 'a_base': 64, 'bt_base': 2176, 'c_base': 4416, 'a_stride': 64, 'bt_stride': 64, 'c_stride': 192, 'mode': 0, 'watchdog': 10000000}",2026-10-04T17:41:35.160190+00:00,2026-10-04T17:41:37.185845+00:00,2226e6c2617a8d843e5449dbacf7565a15b9d910e072101f1225ad283869c9bf,e803f4049784cb6bc72e0f4e143dacd9e6f560a82c23ad8099db855a2888cd4a,7f021d32003f315898134e6b3d3ba339bac4caa338c66008ede69b5b404678c7,fe6fa5973c508c9e7259664ca3edb73c2eb5e82e0d6b3ce37633356d34e09a99,Uploaded in this connection; reused only within this case,"{'a': 'd748b69bb531486f86b7df0c7cd9f6f4d3ed11ac9db3c6f2e903539bd05851dc', 'bt': 'f3a8cca623cefefdb072d2419bb1b17d8a0fbed08da640d648802acde27aa693', 'c': '1150e74e0c2e3be868858718e16c2ce66cf6a0e4eb66b0d0fb4a8e968b600b1c'}",PASS,0.44192789995577186,0.1874569000210613,0.5437452999758534,7391,800,285,527,4092,1936,0,124,8,32,2638998349,100000000,1023,10432,6340,0.8159522000350989,0.03188159997807816,1.9890822999877855,7.391e-05,0.47059937762143145,0.03676557637667433
endurance,1,PASS,True,358,1,0,22584988,31,33,17,"{'m': 31, 'n': 33, 'k': 17, 'a_base': 64, 'bt_base': 2176, 'c_base': 4416, 'a_stride': 64, 'bt_stride': 64, 'c_stride': 192, 'mode': 1, 'watchdog': 10000000}",2026-10-04T17:41:37.331684+00:00,2026-10-04T17:41:39.345839+00:00,2226e6c2617a8d843e5449dbacf7565a15b9d910e072101f1225ad283869c9bf,e803f4049784cb6bc72e0f4e143dacd9e6f560a82c23ad8099db855a2888cd4a,7f021d32003f315898134e6b3d3ba339bac4caa338c66008ede69b5b404678c7,fe6fa5973c508c9e7259664ca3edb73c2eb5e82e0d6b3ce37633356d34e09a99,Uploaded in this connection; reused only within this case,"{'a': 'd748b69bb531486f86b7df0c7cd9f6f4d3ed11ac9db3c6f2e903539bd05851dc', 'bt': 'f3a8cca623cefefdb072d2419bb1b17d8a0fbed08da640d648802acde27aa693', 'c': '1150e74e0c2e3be868858718e16c2ce66cf6a0e4eb66b0d0fb4a8e968b600b1c'}",PASS,0.42527840001275763,0.19236059999093413,0.543578399985563,6469,800,285,527,4092,1224,0,124,8,32,2638998349,100000000,1023,10432,6340,0.8160889000282623,0.03187780000735074,1.977306300017517,6.469e-05,0.5376719740299891,0.04200562297109291
endurance,1,PASS,True,359,1,0,22594961,33,35,256,"{'m': 33, 'n': 35, 'k': 256, 'a_base': 64, 'bt_base': 8640, 'c_base': 17728, 'a_stride': 256, 'bt_stride': 256, 'c_stride': 192, 'mode': 1, 'watchdog': 10000000}",2026-10-04T17:41:40.918290+00:00,2026-10-04T17:41:43.921746+00:00,120f6980c634ce8f71cc891bec4800b0f6db8825b09af9fe642bc59d26ef7c6f,2d7d3281c047bb95045bb45ce7360c55a5cc5eaa4596418a2a8578cff519f9c2,e26048ea933e5a4e11d662d170f6ac0eb940591a25bece83270583838908a532,3abc836f50de99af4c0c4b6313ce9ec340dd94fb3f5068cf66367fa4220c370d,Uploaded in this connection; reused only within this case,"{'a': 'cb5410a0fc1eb8d9e9c3556bea808bc305a72153b03c76e34458cae31df39faf', 'bt': 'e6aed8905afbb320e8731698155804c6a620aabf3dd04d4eb113779bcf133bca', 'c': 'af425327af919d4f99b5253719f64a0aab80116e1b9abd8741aa2115e027e01b'}",PASS,0.45508579997112975,0.19193440000526607,0.5440247000078671,13275,6975,4352,594,4620,3461,0,134,8,32,2638998349,100000000,1155,24128,19508,1.7760267000412568,0.03199079999467358,2.9670716000255197,0.00013275,4.454689265536723,0.3480225988700565
endurance,1,PASS,True,360,0,0,22594961,33,35,256,"{'m': 33, 'n': 35, 'k': 256, 'a_base': 64, 'bt_base': 8640, 'c_base': 17728, 'a_stride': 256, 'bt_stride': 256, 'c_stride': 192, 'mode': 0, 'watchdog': 10000000}",2026-10-04T17:41:44.004214+00:00,2026-10-04T17:41:47.063430+00:00,120f6980c634ce8f71cc891bec4800b0f6db8825b09af9fe642bc59d26ef7c6f,2d7d3281c047bb95045bb45ce7360c55a5cc5eaa4596418a2a8578cff519f9c2,e26048ea933e5a4e11d662d170f6ac0eb940591a25bece83270583838908a532,3abc836f50de99af4c0c4b6313ce9ec340dd94fb3f5068cf66367fa4220c370d,Uploaded in this connection; reused only within this case,"{'a': 'cb5410a0fc1eb8d9e9c3556bea808bc305a72153b03c76e34458cae31df39faf', 'bt': 'e6aed8905afbb320e8731698155804c6a620aabf3dd04d4eb113779bcf133bca', 'c': 'af425327af919d4f99b5253719f64a0aab80116e1b9abd8741aa2115e027e01b'}",PASS,0.5125044999876991,0.19199960003606975,0.543955700006336,19720,6975,4352,594,4620,7617,0,134,8,32,2638998349,100000000,1155,24128,19508,1.7759908000007272,0.031948599964380264,3.024450600030832,0.0001972,2.998782961460446,0.23427991886409735
endurance,1,PASS,True,361,0,0,22604934,65,63,255,"{'m': 65, 'n': 63, 'k': 255, 'a_base': 64, 'bt_base': 16832, 'c_base': 33088, 'a_stride': 256, 'bt_stride': 256, 'c_stride': 256, 'mode': 0, 'watchdog': 10000000}",2026-10-04T17:41:49.564189+00:00,2026-10-04T17:41:55.095253+00:00,57662d2dbb61859c1fe4de1d64fe4d003cacd8f805364523738c8f9a70ee271e,ec5173eef71c0fa2b385f61a04eda1d1b4e9fe5a7a0ceaa5a6049f0342d722f0,283212c45e53d69b0239eeb663ed2e709908d3ba43705d5db41746f137a3c8b4,7ac889136c2ccdda516f69f45d57d63330061677ee08a9ec6f8db4bc8b029f18,Uploaded in this connection; reused only within this case,"{'a': '67488e616a2e8b0ad74fbdb28c51d3372363ebc12a613417f4e2ee9b233d5231', 'bt': 'f616234d8abf3555127fce48b6f35980e5a02ba3d5467847f3258a69943ca48a', 'c': '22eb5e96ab90f55d44c7816731eb5f7b8cb8ffde1ae69a6170088c4402ede9d7'}",PASS,1.17775829997845,0.19199780002236366,0.5439847999950871,52373,20016,10208,2080,16380,17491,0,268,8,32,2638998349,100000000,4095,49792,33412,3.5840601999661885,0.03188760002376512,5.497801099962089,0.00052373,3.987646306302866,0.3115348676799114
endurance,1,PASS,True,362,1,0,22604934,65,63,255,"{'m': 65, 'n': 63, 'k': 255, 'a_base': 64, 'bt_base': 16832, 'c_base': 33088, 'a_stride': 256, 'bt_stride': 256, 'c_stride': 256, 'mode': 1, 'watchdog': 10000000}",2026-10-04T17:41:55.178713+00:00,2026-10-04T17:42:00.710996+00:00,57662d2dbb61859c1fe4de1d64fe4d003cacd8f805364523738c8f9a70ee271e,ec5173eef71c0fa2b385f61a04eda1d1b4e9fe5a7a0ceaa5a6049f0342d722f0,283212c45e53d69b0239eeb663ed2e709908d3ba43705d5db41746f137a3c8b4,7ac889136c2ccdda516f69f45d57d63330061677ee08a9ec6f8db4bc8b029f18,Uploaded in this connection; reused only within this case,"{'a': '67488e616a2e8b0ad74fbdb28c51d3372363ebc12a613417f4e2ee9b233d5231', 'bt': 'f616234d8abf3555127fce48b6f35980e5a02ba3d5467847f3258a69943ca48a', 'c': '22eb5e96ab90f55d44c7816731eb5f7b8cb8ffde1ae69a6170088c4402ede9d7'}",PASS,1.1771531999693252,0.19192140002269298,0.5440144999884069,26408,20016,10208,2080,16380,3448,0,268,8,32,2638998349,100000000,4095,49792,33412,3.5838574999943376,0.03194980003172532,5.496946599974763,0.00026408,7.908398970009088,0.61784366953196
endurance,1,PASS,True,363,1,0,22614907,1,64,256,"{'m': 1, 'n': 64, 'k': 256, 'a_base': 64, 'bt_base': 448, 'c_base': 16960, 'a_stride': 256, 'bt_stride': 256, 'c_stride': 256, 'mode': 1, 'watchdog': 10000000}",2026-10-04T17:42:02.073599+00:00,2026-10-04T17:42:04.198945+00:00,20503b465fea2cb9c5f716f84973f7657765d659108b9d7d4d3e528b7fac05e4,d290f7b4aa7de7ca877b1c515c0b558cc4f3fe81a53066ac889bc7d55ee9757b,a085478dcea6d0a7b64c7bd8a9337e4c9297c0bb868e61cd386a506d926cc299,310b0115ce408c023720cb577cabc9792f79d9ef300492f0f233245d73f29100,Uploaded in this connection; reused only within this case,"{'a': '1fdae3cec0a88eff0ad7cdfd6e6dd2bd08d526f4be5b6f5ca46841bf4e8e7cff', 'bt': 'bed14c21e8e25384cb3dd1d217d07913694d93a641242f5bf1a22490cb40d45b', 'c': '25a83cefd97e09598e294eb44cc2e825c0d66dd883e36cda3bd3cc308225db9c'}",PASS,0.043985199998132885,0.19220719998702407,0.5437661000178196,5042,2232,2112,32,256,2659,0,4,8,32,2638998349,100000000,64,17280,17024,1.3124227999942377,0.031576599983964115,2.0923812999972142,5.042e-05,0.6499008330027766,0.05077350257834193
endurance,1,PASS,True,364,0,0,22614907,1,64,256,"{'m': 1, 'n': 64, 'k': 256, 'a_base': 64, 'bt_base': 448, 'c_base': 16960, 'a_stride': 256, 'bt_stride': 256, 'c_stride': 256, 'mode': 0, 'watchdog': 10000000}",2026-10-04T17:42:04.256342+00:00,2026-10-04T17:42:06.374858+00:00,20503b465fea2cb9c5f716f84973f7657765d659108b9d7d4d3e528b7fac05e4,d290f7b4aa7de7ca877b1c515c0b558cc4f3fe81a53066ac889bc7d55ee9757b,a085478dcea6d0a7b64c7bd8a9337e4c9297c0bb868e61cd386a506d926cc299,310b0115ce408c023720cb577cabc9792f79d9ef300492f0f233245d73f29100,Uploaded in this connection; reused only within this case,"{'a': '1fdae3cec0a88eff0ad7cdfd6e6dd2bd08d526f4be5b6f5ca46841bf4e8e7cff', 'bt': 'bed14c21e8e25384cb3dd1d217d07913694d93a641242f5bf1a22490cb40d45b', 'c': '25a83cefd97e09598e294eb44cc2e825c0d66dd883e36cda3bd3cc308225db9c'}",PASS,0.03660579997813329,0.19184909999603406,0.5442161000100896,6238,2232,2112,32,256,3733,0,4,8,32,2638998349,100000000,64,17280,17024,1.3120846999809146,0.031720400031190366,2.0847556999651715,6.238e-05,0.5252965694132735,0.04103879448541199
endurance,1,PASS,True,365,0,0,22624880,64,1,256,"{'m': 64, 'n': 1, 'k': 256, 'a_base': 64, 'bt_base': 16576, 'c_base': 16960, 'a_stride': 256, 'bt_stride': 256, 'c_stride': 64, 'mode': 0, 'watchdog': 10000000}",2026-10-04T17:42:07.704684+00:00,2026-10-04T17:42:10.342661+00:00,74d3a5181487b3a09a3eb8c3d279ae72d5889504765bd19a3b4de097ab96d526,a6661be5bead804f047ecbed302b4d98e1d3b7a8bba56f54a19bdfb1670d46db,405c2167d0678875728db6f379738cb10197cb730b64154feff64e1cf919144b,68ba1da878c3d6b3b8df7716d034769731bf968a802450fd4b2dc403fbc269ad,Uploaded in this connection; reused only within this case,"{'a': 'dadff0f46577b616c4df2f08aac87b29e022056d54273c88140f6f8447d1a1fc', 'bt': '48b039aa20670eb77dbea688a102457041b6bc2588d48b77003cde991fa5f137', 'c': 'd81f34d2234c71cd7b61f53d0149e1117197f17bf10d6cdf15d7aadacd566503'}",PASS,0.30080850003287196,0.1921796000096947,0.5438335000071675,8333,2232,2112,64,256,3750,0,128,8,32,2638998349,100000000,64,21120,20864,1.5683416999527253,0.03162000002339482,2.6051633000024594,8.333e-05,0.39323172926917077,0.030721228849153966
endurance,1,PASS,True,366,1,0,22624880,64,1,256,"{'m': 64, 'n': 1, 'k': 256, 'a_base': 64, 'bt_base': 16576, 'c_base': 16960, 'a_stride': 256, 'bt_stride': 256, 'c_stride': 64, 'mode': 1, 'watchdog': 10000000}",2026-10-04T17:42:10.393456+00:00,2026-10-04T17:42:13.037903+00:00,74d3a5181487b3a09a3eb8c3d279ae72d5889504765bd19a3b4de097ab96d526,a6661be5bead804f047ecbed302b4d98e1d3b7a8bba56f54a19bdfb1670d46db,405c2167d0678875728db6f379738cb10197cb730b64154feff64e1cf919144b,68ba1da878c3d6b3b8df7716d034769731bf968a802450fd4b2dc403fbc269ad,Uploaded in this connection; reused only within this case,"{'a': 'dadff0f46577b616c4df2f08aac87b29e022056d54273c88140f6f8447d1a1fc', 'bt': '48b039aa20670eb77dbea688a102457041b6bc2588d48b77003cde991fa5f137', 'c': 'd81f34d2234c71cd7b61f53d0149e1117197f17bf10d6cdf15d7aadacd566503'}",PASS,0.298722599982284,0.19206520001171157,0.543825900007505,6043,2232,2112,64,256,2616,0,128,8,32,2638998349,100000000,64,21120,20864,1.5692229999694973,0.038126900035422295,2.603836699970998,6.043e-05,0.5422472281979149,0.042363064702962104
endurance,1,PASS,True,367,1,0,22634853,32,32,256,"{'m': 32, 'n': 32, 'k': 256, 'a_base': 64, 'bt_base': 8384, 'c_base': 16704, 'a_stride': 256, 'bt_stride': 256, 'c_stride': 128, 'mode': 1, 'watchdog': 10000000}",2026-10-04T17:42:14.363296+00:00,2026-10-04T17:42:17.014507+00:00,43185c1724249e94e1689bfe4594e117a88a1be7208fc3e9a4e40b2fb4e7a1d9,2766ad622505c98db17e03ae557371c60b7d5c9ef60d57d55f2222e3163382e3,ed73ce0f5c722b08262d04a65b937e0c1a544a9c010db143358b9e74287970f0,54233ddeb5c26ae8e093b7664f1e8e93a8bbd75f88c8aa8cf71bf50976a6b8ee,Uploaded in this connection; reused only within this case,"{'a': '43aa69acfe289b28e18d1dc250b65c4d69ba5086e1dec5a49d92c5e1d47016a6', 'bt': '3cc067dda4bc1474e6bb1d1b9cf689f102a11fe9cec8bf93dd5a3e300f4aee5b', 'c': 'c50dd6b1b887a0cb959071f1e5d68bff07c0443da73de3051c0f114896e094e1'}",PASS,0.31330049998359755,0.19200830004410818,0.5439288999768905,11598,4464,2048,512,4096,3476,0,66,8,32,2638998349,100000000,1024,20864,16768,1.5680191999999806,0.032019799982663244,2.617256900004577,0.00011598,4.520503535092257,0.3531643386790826
endurance,1,PASS,True,368,0,0,22634853,32,32,256,"{'m': 32, 'n': 32, 'k': 256, 'a_base': 64, 'bt_base': 8384, 'c_base': 16704, 'a_stride': 256, 'bt_stride': 256, 'c_stride': 128, 'mode': 0, 'watchdog': 10000000}",2026-10-04T17:42:17.066696+00:00,2026-10-04T17:42:19.702964+00:00,43185c1724249e94e1689bfe4594e117a88a1be7208fc3e9a4e40b2fb4e7a1d9,2766ad622505c98db17e03ae557371c60b7d5c9ef60d57d55f2222e3163382e3,ed73ce0f5c722b08262d04a65b937e0c1a544a9c010db143358b9e74287970f0,54233ddeb5c26ae8e093b7664f1e8e93a8bbd75f88c8aa8cf71bf50976a6b8ee,Uploaded in this connection; reused only within this case,"{'a': '43aa69acfe289b28e18d1dc250b65c4d69ba5086e1dec5a49d92c5e1d47016a6', 'bt': '3cc067dda4bc1474e6bb1d1b9cf689f102a11fe9cec8bf93dd5a3e300f4aee5b', 'c': 'c50dd6b1b887a0cb959071f1e5d68bff07c0443da73de3051c0f114896e094e1'}",PASS,0.2978692000033334,0.191669300023932,0.5440023999544792,11578,4464,2048,512,4096,3466,0,66,8,32,2638998349,100000000,1024,20864,16768,1.5707993000396527,0.029818199982400984,2.6043402000213973,0.00011578,4.528312316462256,0.35377439972361374
endurance,1,PASS,True,369,1,0,22669771,1,1,1,"{'m': 1, 'n': 1, 'k': 1, 'a_base': 64, 'bt_base': 256, 'c_base': 448, 'a_stride': 64, 'bt_stride': 64, 'c_stride': 64, 'mode': 1, 'watchdog': 10000000}",2026-10-04T17:42:19.913447+00:00,2026-10-04T17:42:20.838255+00:00,88aa3e3b1f22c616b1817981215e7d1e75fa32b22233ebb8477f64600a5ace1f,7941cb07924fdc7b710e11d98d82850e89566e1c3cb980517ffe4b430f86dfd5,04e022764101a6daa6cdd0e9445fed86a80a65fdb16950c9f3d5521f16706d25,fdada226aa7cfe1c5d45b3111e57198bf2484b44c6a99d5a11edb6eb5a67fa1c,Uploaded in this connection; reused only within this case,"{'a': '66ee046c6eda8e0439c5cc646c8f881addbe95943e8fab516400a2f9ca7871b8', 'bt': 'cfd97103f7a52a71323d3c26e5514aef0accb05cf48541a178ff7b6614aa478d', 'c': '74b1ddd95ff955986689ed1a72697137d12298982bdd7b79ba6009413e149531'}",PASS,0.02721839997684583,0.1922282000305131,0.543663699994795,217,24,2,1,4,148,0,2,8,32,2638998349,100000000,1,576,572,0.12818320002406836,0.03183059999719262,0.8912935000262223,2.17e-06,0.0009216589861751152,7.200460829493088e-05
endurance,1,PASS,True,370,0,0,22669771,1,1,1,"{'m': 1, 'n': 1, 'k': 1, 'a_base': 64, 'bt_base': 256, 'c_base': 448, 'a_stride': 64, 'bt_stride': 64, 'c_stride': 64, 'mode': 0, 'watchdog': 10000000}",2026-10-04T17:42:20.898746+00:00,2026-10-04T17:42:21.862188+00:00,88aa3e3b1f22c616b1817981215e7d1e75fa32b22233ebb8477f64600a5ace1f,7941cb07924fdc7b710e11d98d82850e89566e1c3cb980517ffe4b430f86dfd5,04e022764101a6daa6cdd0e9445fed86a80a65fdb16950c9f3d5521f16706d25,fdada226aa7cfe1c5d45b3111e57198bf2484b44c6a99d5a11edb6eb5a67fa1c,Uploaded in this connection; reused only within this case,"{'a': '66ee046c6eda8e0439c5cc646c8f881addbe95943e8fab516400a2f9ca7871b8', 'bt': 'cfd97103f7a52a71323d3c26e5514aef0accb05cf48541a178ff7b6614aa478d', 'c': '74b1ddd95ff955986689ed1a72697137d12298982bdd7b79ba6009413e149531'}",PASS,0.017423899960704148,0.1919995000353083,0.5759557000128552,217,24,2,1,4,148,0,2,8,32,2638998349,100000000,1,576,572,0.1440753999631852,0.031932400015648454,0.9294544999720529,2.17e-06,0.0009216589861751152,7.200460829493088e-05
endurance,1,PASS,True,371,0,0,22679744,5,3,9,"{'m': 5, 'n': 3, 'k': 9, 'a_base': 64, 'bt_base': 512, 'c_base': 832, 'a_stride': 64, 'bt_stride': 64, 'c_stride': 64, 'mode': 0, 'watchdog': 10000000}",2026-10-04T17:42:22.089774+00:00,2026-10-04T17:42:23.078314+00:00,76cb851b227b735ec716448d114b70b4f98ad01c784268fba539a26186bde126,dcba8823f392c39b86c7b5458d578b8057f29b82e2a8300ce200c9f54f72ec2b,f1f43db3461f0bf4efaa3caa561dfa0c1d2f216e13ddfe02e4d6a66e330dc5c8,539d0b1edd1c513fa5e3ce4f8ac6deb858f0074e7bba5b6414d5daf259c636e9,Uploaded in this connection; reused only within this case,"{'a': '6850bdd41f9359cd21e01acc01b173f0910727b7731213abfbdfe4f561a76850', 'bt': '66b22f1088ec6eccdaf44b89ed8289aa3956604abd08e8c0aabc702c9ae88def', 'c': '5b1f75de2e2549b0cdfc85b93053b638e8b020ee409fe69fe113f005d0f8f165'}",PASS,0.041807200002949685,0.19210450001992285,0.5438166999956593,478,32,16,10,60,235,0,10,8,32,2638998349,100000000,15,1216,1156,0.17624920001253486,0.03191269998205826,0.9539776000310667,4.78e-06,0.056485355648535567,0.004412918410041841
endurance,1,PASS,True,372,1,0,22679744,5,3,9,"{'m': 5, 'n': 3, 'k': 9, 'a_base': 64, 'bt_base': 512, 'c_base': 832, 'a_stride': 64, 'bt_stride': 64, 'c_stride': 64, 'mode': 1, 'watchdog': 10000000}",2026-10-04T17:42:23.152497+00:00,2026-10-04T17:42:24.134478+00:00,76cb851b227b735ec716448d114b70b4f98ad01c784268fba539a26186bde126,dcba8823f392c39b86c7b5458d578b8057f29b82e2a8300ce200c9f54f72ec2b,f1f43db3461f0bf4efaa3caa561dfa0c1d2f216e13ddfe02e4d6a66e330dc5c8,539d0b1edd1c513fa5e3ce4f8ac6deb858f0074e7bba5b6414d5daf259c636e9,Uploaded in this connection; reused only within this case,"{'a': '6850bdd41f9359cd21e01acc01b173f0910727b7731213abfbdfe4f561a76850', 'bt': '66b22f1088ec6eccdaf44b89ed8289aa3956604abd08e8c0aabc702c9ae88def', 'c': '5b1f75de2e2549b0cdfc85b93053b638e8b020ee409fe69fe113f005d0f8f165'}",PASS,0.03502540005138144,0.19190519995754585,0.5442536000045948,482,32,16,10,60,235,0,10,8,32,2638998349,100000000,15,1216,1156,0.17612080002436414,0.03191570000490174,0.9473050000378862,4.82e-06,0.056016597510373446,0.004376296680497925
endurance,1,PASS,True,373,1,0,22689717,31,33,17,"{'m': 31, 'n': 33, 'k': 17, 'a_base': 64, 'bt_base': 2176, 'c_base': 4416, 'a_stride': 64, 'bt_stride': 64, 'c_stride': 192, 'mode': 1, 'watchdog': 10000000}",2026-10-04T17:42:24.602561+00:00,2026-10-04T17:42:26.614128+00:00,54af590ad44976e9e87a347f14ce18059821d1fc4e0b5c9ab5d78d3cd6bea6b9,e7b30bbcb88d8a5ce76b659053a2ccba7cd9176d416491d500c784dc7381adde,e6c87480827de1aa4c9519c29c1792c55e1e89ff5903d4b84c9a886817c3e6e9,1cc4a169db7b11ac5bd16cd760f8eb37fabb6a5fcac2e2a44f542fed3153b779,Uploaded in this connection; reused only within this case,"{'a': '2e20b88dff385da803c9a2c56cfd3289ba1bddfbc2669ba003aa480ff5704f48', 'bt': '5bb9edf64fc6369e8645e43b70b8c64974b7adee832f568009f8da36464e0cfb', 'c': '8a661315100900894ae8e819a38e8a121b398cf8a9ecad8312485d80309dad80'}",PASS,0.4252222999930382,0.19455829996149987,0.5414052000269294,6508,800,285,527,4092,1223,0,124,8,32,2638998349,100000000,1023,10432,6340,0.8159856999991462,0.03203050000593066,1.9771714999806136,6.508e-05,0.5344499078057775,0.04175389904732637
endurance,1,PASS,True,374,0,0,22689717,31,33,17,"{'m': 31, 'n': 33, 'k': 17, 'a_base': 64, 'bt_base': 2176, 'c_base': 4416, 'a_stride': 64, 'bt_stride': 64, 'c_stride': 192, 'mode': 0, 'watchdog': 10000000}",2026-10-04T17:42:26.675595+00:00,2026-10-04T17:42:28.693929+00:00,54af590ad44976e9e87a347f14ce18059821d1fc4e0b5c9ab5d78d3cd6bea6b9,e7b30bbcb88d8a5ce76b659053a2ccba7cd9176d416491d500c784dc7381adde,e6c87480827de1aa4c9519c29c1792c55e1e89ff5903d4b84c9a886817c3e6e9,1cc4a169db7b11ac5bd16cd760f8eb37fabb6a5fcac2e2a44f542fed3153b779,Uploaded in this connection; reused only within this case,"{'a': '2e20b88dff385da803c9a2c56cfd3289ba1bddfbc2669ba003aa480ff5704f48', 'bt': '5bb9edf64fc6369e8645e43b70b8c64974b7adee832f568009f8da36464e0cfb', 'c': '8a661315100900894ae8e819a38e8a121b398cf8a9ecad8312485d80309dad80'}",PASS,0.4319464999716729,0.19163290003780276,0.5440391000011005,7375,800,285,527,4092,1924,0,124,8,32,2638998349,100000000,1023,10432,6340,0.815905399969779,0.031955900019966066,1.983523899980355,7.375e-05,0.47162033898305084,0.03684533898305085
endurance,1,PASS,True,375,0,0,22699690,33,35,256,"{'m': 33, 'n': 35, 'k': 256, 'a_base': 64, 'bt_base': 8640, 'c_base': 17728, 'a_stride': 256, 'bt_stride': 256, 'c_stride': 192, 'mode': 0, 'watchdog': 10000000}",2026-10-04T17:42:30.122850+00:00,2026-10-04T17:42:33.125849+00:00,c69273ade8c1aab0dddd9d6dbab205f8bbdc5bf030f4e6349adbecf2d04fc357,167209c8643ea4e33a521900b655de9e47d1ee5092d1cb1eeb8955fbec318194,9d6c6e0c98cdd09b88ecbbe6c10961f2fe573c4420ab422a46ee6af9ae379878,506ecf1b630278fd4a6e4fde9727efda870bcf10a1992bd7f1b56636cbb48d02,Uploaded in this connection; reused only within this case,"{'a': '45e2e389b7650460b178bc5285c1f28a1820e06248c40aa868020a6d95f38b51', 'bt': '20b1dfe4b1b1bd9495203a0aaab4d29dc6e1cde360ab101ca4ed498a2a2b0762', 'c': '38fb195c0c5f79bc0633f0068a35b781c924a1b6c723605664a27402bd3e9806'}",PASS,0.45601179997902364,0.1919843999785371,0.5440102000138722,19726,6975,4352,594,4620,7628,0,134,8,32,2638998349,100000000,1155,24128,19508,1.7760314000188373,0.031863999960478395,2.9680377999902703,0.00019726,2.9978708303761534,0.23420865862313697
endurance,1,PASS,True,376,1,0,22699690,33,35,256,"{'m': 33, 'n': 35, 'k': 256, 'a_base': 64, 'bt_base': 8640, 'c_base': 17728, 'a_stride': 256, 'bt_stride': 256, 'c_stride': 192, 'mode': 1, 'watchdog': 10000000}",2026-10-04T17:42:33.205215+00:00,2026-10-04T17:42:36.213806+00:00,c69273ade8c1aab0dddd9d6dbab205f8bbdc5bf030f4e6349adbecf2d04fc357,167209c8643ea4e33a521900b655de9e47d1ee5092d1cb1eeb8955fbec318194,9d6c6e0c98cdd09b88ecbbe6c10961f2fe573c4420ab422a46ee6af9ae379878,506ecf1b630278fd4a6e4fde9727efda870bcf10a1992bd7f1b56636cbb48d02,Uploaded in this connection; reused only within this case,"{'a': '45e2e389b7650460b178bc5285c1f28a1820e06248c40aa868020a6d95f38b51', 'bt': '20b1dfe4b1b1bd9495203a0aaab4d29dc6e1cde360ab101ca4ed498a2a2b0762', 'c': '38fb195c0c5f79bc0633f0068a35b781c924a1b6c723605664a27402bd3e9806'}",PASS,0.4615244999877177,0.19201100000645965,0.5441931000095792,13271,6975,4352,594,4620,3503,0,134,8,32,2638998349,100000000,1155,24128,19508,1.7757924000034109,0.03201189998071641,2.9735210000071675,0.00013271,4.456031949363274,0.3481274960440057
endurance,1,PASS,True,377,1,0,22709663,65,63,255,"{'m': 65, 'n': 63, 'k': 255, 'a_base': 64, 'bt_base': 16832, 'c_base': 33088, 'a_stride': 256, 'bt_stride': 256, 'c_stride': 256, 'mode': 1, 'watchdog': 10000000}",2026-10-04T17:42:38.714503+00:00,2026-10-04T17:42:44.245402+00:00,788726869e0b311584c7e38ad0acfc5d3935f0429d71c754b3f28243d67a0f17,e141fe540ba557cbf592737f94527b56767ca462396e0c0ed70dcc91dd8672cc,829b3d6d11e8cbbcef7874d4def737ea78bbf766952843380abd0ab73466e10a,aa49eba17fb4ba075d9d05e3e2b12ee7a0864f741a098742e083394c61150688,Uploaded in this connection; reused only within this case,"{'a': 'df142ed9369e7d74a98add55c469213aa7338810e5a16692efebd3bc379ab612', 'bt': '2fd75e3a1fe06fbcf6eb4f63d3e285cabf68f8990c1d7b35c201e62440842802', 'c': '7c3fa798ad6d05e4b66a098a35249f83438bdb5c8a298bfeb9dfa096e48a46df'}",PASS,1.1765881999745034,0.19191500003216788,0.544095000019297,26428,20016,10208,2080,16380,3467,0,268,8,32,2638998349,100000000,4095,49792,33412,3.583988300000783,0.031843499979004264,5.496586500026751,0.00026428,7.902414106250946,0.6173761020508551
endurance,1,PASS,True,378,0,0,22709663,65,63,255,"{'m': 65, 'n': 63, 'k': 255, 'a_base': 64, 'bt_base': 16832, 'c_base': 33088, 'a_stride': 256, 'bt_stride': 256, 'c_stride': 256, 'mode': 0, 'watchdog': 10000000}",2026-10-04T17:42:44.306517+00:00,2026-10-04T17:42:49.861208+00:00,788726869e0b311584c7e38ad0acfc5d3935f0429d71c754b3f28243d67a0f17,e141fe540ba557cbf592737f94527b56767ca462396e0c0ed70dcc91dd8672cc,829b3d6d11e8cbbcef7874d4def737ea78bbf766952843380abd0ab73466e10a,aa49eba17fb4ba075d9d05e3e2b12ee7a0864f741a098742e083394c61150688,Uploaded in this connection; reused only within this case,"{'a': 'df142ed9369e7d74a98add55c469213aa7338810e5a16692efebd3bc379ab612', 'bt': '2fd75e3a1fe06fbcf6eb4f63d3e285cabf68f8990c1d7b35c201e62440842802', 'c': '7c3fa798ad6d05e4b66a098a35249f83438bdb5c8a298bfeb9dfa096e48a46df'}",PASS,1.1841769000166096,0.19228670001029968,0.5439452999853529,52387,20016,10208,2080,16380,17476,0,268,8,32,2638998349,100000000,4095,49792,33412,3.599732299975585,0.031945399998221546,5.520141199987847,0.00052387,3.986580640235173,0.3114516125183729
endurance,1,PASS,True,379,0,0,22719636,1,64,256,"{'m': 1, 'n': 64, 'k': 256, 'a_base': 64, 'bt_base': 448, 'c_base': 16960, 'a_stride': 256, 'bt_stride': 256, 'c_stride': 256, 'mode': 0, 'watchdog': 10000000}",2026-10-04T17:42:51.208550+00:00,2026-10-04T17:42:53.333105+00:00,5396a84bd919f4dd1db6bd91bb0b9d432392a632a6c6a3f74623b7e05c4c7f69,5855ae21ae3bb1db6d0fca44bb610214fb5bca7a8718c2364d016153c1bdae08,6fc9d8326199066285401e6d64a39a43dc022b7dc9baca3aef32b4673aa6eb77,6117c066f38a1a1e857df32dd8b2bf5db80a4efae34f021b0941f3a2b7e90563,Uploaded in this connection; reused only within this case,"{'a': '8be07d2e8a55843946d79b1629c31717c3b4051a878fe284c4c1dcc74ae5c9d4', 'bt': 'a68ac16bcd37bba9cf850f07caff300839cada07ba1cd3d5ce01b95344d14fc9', 'c': 'bfd7127c4247d1476f740a683fc6d8030de9a4bbfd8180de3d48227ae78dfa4f'}",PASS,0.04201219999231398,0.19190199999138713,0.5439630000037141,6225,2232,2112,32,256,3717,0,4,8,32,2638998349,100000000,64,17280,17024,1.3122241999953985,0.03172089997678995,2.0901013999828137,6.225e-05,0.5263935742971888,0.04112449799196787
endurance,1,PASS,True,380,1,0,22719636,1,64,256,"{'m': 1, 'n': 64, 'k': 256, 'a_base': 64, 'bt_base': 448, 'c_base': 16960, 'a_stride': 256, 'bt_stride': 256, 'c_stride': 256, 'mode': 1, 'watchdog': 10000000}",2026-10-04T17:42:53.399884+00:00,2026-10-04T17:42:55.525248+00:00,5396a84bd919f4dd1db6bd91bb0b9d432392a632a6c6a3f74623b7e05c4c7f69,5855ae21ae3bb1db6d0fca44bb610214fb5bca7a8718c2364d016153c1bdae08,6fc9d8326199066285401e6d64a39a43dc022b7dc9baca3aef32b4673aa6eb77,6117c066f38a1a1e857df32dd8b2bf5db80a4efae34f021b0941f3a2b7e90563,Uploaded in this connection; reused only within this case,"{'a': '8be07d2e8a55843946d79b1629c31717c3b4051a878fe284c4c1dcc74ae5c9d4', 'bt': 'a68ac16bcd37bba9cf850f07caff300839cada07ba1cd3d5ce01b95344d14fc9', 'c': 'bfd7127c4247d1476f740a683fc6d8030de9a4bbfd8180de3d48227ae78dfa4f'}",PASS,0.04327810002723709,0.1919569000019692,0.5439870999543928,5032,2232,2112,32,256,2649,0,4,8,32,2638998349,100000000,64,17280,17024,1.3122531000408344,0.03185289999237284,2.0914752000244334,5.032e-05,0.6511923688394277,0.05087440381558029
endurance,1,PASS,True,381,1,0,22729609,64,1,256,"{'m': 64, 'n': 1, 'k': 256, 'a_base': 64, 'bt_base': 16576, 'c_base': 16960, 'a_stride': 256, 'bt_stride': 256, 'c_stride': 64, 'mode': 1, 'watchdog': 10000000}",2026-10-04T17:42:56.922035+00:00,2026-10-04T17:42:59.588897+00:00,8d8942792eaa6bb2b56d837b5c787f2fda876981c4235f54e475209af0db1f6f,eefa409bff9fb7e87553aef1602742d931894c7ffb5f5c5af5f249c78e37c0a9,66cc6ab0699bef4ff05cadfbcaedb17b6fe151cff6fe626457c25a9973be89e8,43275ea64ba5147001ebf5cc68a8b7145d2c76ee9bd9290f731981bbccbef035,Uploaded in this connection; reused only within this case,"{'a': '89e035c3f659e3f202158c2bed0843ca07b2bc5199f3c2f6d1c3d2b58dd76e2a', 'bt': '53373afd00cdf6888c8b7fcd65e6ac8f3d7c59c4d489e602e9651e108772ab10', 'c': 'b7fe4139fd522d34ddf4c01c8c4106f5c1e62bb77b02a01f7849a4204480eca9'}",PASS,0.327836699958425,0.19197570002870634,0.5440109999617562,6059,2232,2112,64,256,2634,0,128,8,32,2638998349,100000000,64,21120,20864,1.5679619000293314,0.03194810001878068,2.631785299978219,6.059e-05,0.5408153160587555,0.04225119656709028
endurance,1,PASS,True,382,0,0,22729609,64,1,256,"{'m': 64, 'n': 1, 'k': 256, 'a_base': 64, 'bt_base': 16576, 'c_base': 16960, 'a_stride': 256, 'bt_stride': 256, 'c_stride': 64, 'mode': 0, 'watchdog': 10000000}",2026-10-04T17:42:59.667458+00:00,2026-10-04T17:43:02.308913+00:00,8d8942792eaa6bb2b56d837b5c787f2fda876981c4235f54e475209af0db1f6f,eefa409bff9fb7e87553aef1602742d931894c7ffb5f5c5af5f249c78e37c0a9,66cc6ab0699bef4ff05cadfbcaedb17b6fe151cff6fe626457c25a9973be89e8,43275ea64ba5147001ebf5cc68a8b7145d2c76ee9bd9290f731981bbccbef035,Uploaded in this connection; reused only within this case,"{'a': '89e035c3f659e3f202158c2bed0843ca07b2bc5199f3c2f6d1c3d2b58dd76e2a', 'bt': '53373afd00cdf6888c8b7fcd65e6ac8f3d7c59c4d489e602e9651e108772ab10', 'c': 'b7fe4139fd522d34ddf4c01c8c4106f5c1e62bb77b02a01f7849a4204480eca9'}",PASS,0.30250200000591576,0.19202310004038736,0.5439572999603115,8314,2232,2112,64,256,3727,0,128,8,32,2638998349,100000000,64,21120,20864,1.5683781999978237,0.031652300036512315,2.6068606000044383,8.314e-05,0.39413038248737076,0.030791436131825837
endurance,1,PASS,True,383,0,0,22739582,32,32,256,"{'m': 32, 'n': 32, 'k': 256, 'a_base': 64, 'bt_base': 8384, 'c_base': 16704, 'a_stride': 256, 'bt_stride': 256, 'c_stride': 128, 'mode': 0, 'watchdog': 10000000}",2026-10-04T17:43:03.672923+00:00,2026-10-04T17:43:06.308588+00:00,320766753c44c17db842be58cade7f2d0fe0ae02cfd1cf21465c0e9bd4249d08,73b900c0a1a7a48377bd32df372b93144e84103bdbdb03c2406bc479f2da8216,56386e9ef74a3b9bce0d5ac76ca4a1b3a205c200ec3d42255c30edf8113d9045,6d8a4de639f7ce73b191a7424e15f5467165857bf166358c2cf0da99d8316064,Uploaded in this connection; reused only within this case,"{'a': '2c0bc424d3efa2a478bf1f5e5ce17a332f288eefb0f7d22fe2df6abe1569f82c', 'bt': '7b32ca024f040aa924fe4879e84e52db47f092f8416a62c86dc58486a4dbd1de', 'c': '4c818185509819da411f983e4c2bf71a0e5c4bec3b6d02c069d3c4ddbf1209ef'}",PASS,0.3129845000221394,0.19193640002049506,0.5440745999803767,11570,4464,2048,512,4096,3483,0,66,8,32,2638998349,100000000,1024,20864,16768,1.5519487999845296,0.031889600038994104,2.6009443000075407,0.0001157,4.531443388072601,0.354019014693172
endurance,1,PASS,True,384,1,0,22739582,32,32,256,"{'m': 32, 'n': 32, 'k': 256, 'a_base': 64, 'bt_base': 8384, 'c_base': 16704, 'a_stride': 256, 'bt_stride': 256, 'c_stride': 128, 'mode': 1, 'watchdog': 10000000}",2026-10-04T17:43:06.376842+00:00,2026-10-04T17:43:08.996622+00:00,320766753c44c17db842be58cade7f2d0fe0ae02cfd1cf21465c0e9bd4249d08,73b900c0a1a7a48377bd32df372b93144e84103bdbdb03c2406bc479f2da8216,56386e9ef74a3b9bce0d5ac76ca4a1b3a205c200ec3d42255c30edf8113d9045,6d8a4de639f7ce73b191a7424e15f5467165857bf166358c2cf0da99d8316064,Uploaded in this connection; reused only within this case,"{'a': '2c0bc424d3efa2a478bf1f5e5ce17a332f288eefb0f7d22fe2df6abe1569f82c', 'bt': '7b32ca024f040aa924fe4879e84e52db47f092f8416a62c86dc58486a4dbd1de', 'c': '4c818185509819da411f983e4c2bf71a0e5c4bec3b6d02c069d3c4ddbf1209ef'}",PASS,0.2973974000196904,0.19197179999900982,0.5441360999830067,11588,4464,2048,512,4096,3498,0,66,8,32,2638998349,100000000,1024,20864,16768,1.5521010999800637,0.031841900025028735,2.5856063999817707,0.00011588,4.524404556437695,0.35346910597169484
endurance,1,PASS,True,385,0,0,22774500,1,1,1,"{'m': 1, 'n': 1, 'k': 1, 'a_base': 64, 'bt_base': 256, 'c_base': 448, 'a_stride': 64, 'bt_stride': 64, 'c_stride': 64, 'mode': 0, 'watchdog': 10000000}",2026-10-04T17:43:09.224081+00:00,2026-10-04T17:43:10.148514+00:00,9defb0a9e163278be0e05aa01b312ec78cfa3726869503385e76e3a4b7950648,2ea970ff63aec5d7a014ca6447ec743d3ba37450b85ebdcbb582b089b0194fa2,c7c180fcbbf8d2eecf60004f76907eb68514f4d858fc1073ec079b1d0d7cabde,a4864323249a9aa2845080e477268afb01c913b43d272caaccaf8e174c7c4baa,Uploaded in this connection; reused only within this case,"{'a': '15df8e40b5a7a978e6181428add93d45c3555f02a7599fb3f66250867dc8cacf', 'bt': '1f3063fc6ab7b83054b5ca581dc48338a23227f3cab3caf57ef53c68b768135f', 'c': '389f1b9d0033dae537b8324392e447281276f2c9c5c1c46080cd3136c82d148a'}",PASS,0.025956599973142147,0.19204029999673367,0.5439147999859415,219,24,2,1,4,150,0,2,8,32,2638998349,100000000,1,576,572,0.12839060003170744,0.031666999973822385,0.8903022999875247,2.19e-06,0.0009132420091324201,7.134703196347032e-05
endurance,1,PASS,True,386,1,0,22774500,1,1,1,"{'m': 1, 'n': 1, 'k': 1, 'a_base': 64, 'bt_base': 256, 'c_base': 448, 'a_stride': 64, 'bt_stride': 64, 'c_stride': 64, 'mode': 1, 'watchdog': 10000000}",2026-10-04T17:43:10.211493+00:00,2026-10-04T17:43:11.140508+00:00,9defb0a9e163278be0e05aa01b312ec78cfa3726869503385e76e3a4b7950648,2ea970ff63aec5d7a014ca6447ec743d3ba37450b85ebdcbb582b089b0194fa2,c7c180fcbbf8d2eecf60004f76907eb68514f4d858fc1073ec079b1d0d7cabde,a4864323249a9aa2845080e477268afb01c913b43d272caaccaf8e174c7c4baa,Uploaded in this connection; reused only within this case,"{'a': '15df8e40b5a7a978e6181428add93d45c3555f02a7599fb3f66250867dc8cacf', 'bt': '1f3063fc6ab7b83054b5ca581dc48338a23227f3cab3caf57ef53c68b768135f', 'c': '389f1b9d0033dae537b8324392e447281276f2c9c5c1c46080cd3136c82d148a'}",PASS,0.030447299999650568,0.1919054000172764,0.544081499974709,221,24,2,1,4,152,0,2,8,32,2638998349,100000000,1,576,572,0.12836680002510548,0.03162739996332675,0.8948010000167415,2.21e-06,0.0009049773755656108,7.070135746606335e-05
endurance,1,PASS,True,387,1,0,22784473,5,3,9,"{'m': 5, 'n': 3, 'k': 9, 'a_base': 64, 'bt_base': 512, 'c_base': 832, 'a_stride': 64, 'bt_stride': 64, 'c_stride': 64, 'mode': 1, 'watchdog': 10000000}",2026-10-04T17:43:11.336109+00:00,2026-10-04T17:43:12.324428+00:00,12758583f4f2ca64b8a24d8dddc84eec7d5e190ade2cca4b4de7db0db1b186a5,c84e86ad20be76abd6e0c346a7e254201cf79e27ff8a52d0a7126ab7c165aaef,bcc40641a65af9e25197bed5203ed0ada22796cb20ee143afe3a458cd95d643e,20a0f312049c443487c7bc09a607027598ae289fd5defa95ce23c6c7004f4b79,Uploaded in this connection; reused only within this case,"{'a': 'e978cc87ee63dad948e92d67604b0e3b125d072ea438cec1ed9eb9218ac319cd', 'bt': '2fc2b27206b6cd51ea49644a8bbdc42aba2d49c939a0fd6bfd1d360ce62de75f', 'c': 'a0e3fd4ed75ba8fc30f537220fea8bc7e6751a540f6393587f2417f3cb210a0e'}",PASS,0.04222290002508089,0.19208709994563833,0.5439278000267223,482,32,16,10,60,239,0,10,8,32,2638998349,100000000,15,1216,1156,0.1760964000131935,0.031837299990002066,0.954334200010635,4.82e-06,0.056016597510373446,0.004376296680497925
endurance,1,PASS,True,388,0,0,22784473,5,3,9,"{'m': 5, 'n': 3, 'k': 9, 'a_base': 64, 'bt_base': 512, 'c_base': 832, 'a_stride': 64, 'bt_stride': 64, 'c_stride': 64, 'mode': 0, 'watchdog': 10000000}",2026-10-04T17:43:12.386089+00:00,2026-10-04T17:43:13.364284+00:00,12758583f4f2ca64b8a24d8dddc84eec7d5e190ade2cca4b4de7db0db1b186a5,c84e86ad20be76abd6e0c346a7e254201cf79e27ff8a52d0a7126ab7c165aaef,bcc40641a65af9e25197bed5203ed0ada22796cb20ee143afe3a458cd95d643e,20a0f312049c443487c7bc09a607027598ae289fd5defa95ce23c6c7004f4b79,Uploaded in this connection; reused only within this case,"{'a': 'e978cc87ee63dad948e92d67604b0e3b125d072ea438cec1ed9eb9218ac319cd', 'bt': '2fc2b27206b6cd51ea49644a8bbdc42aba2d49c939a0fd6bfd1d360ce62de75f', 'c': 'a0e3fd4ed75ba8fc30f537220fea8bc7e6751a540f6393587f2417f3cb210a0e'}",PASS,0.03309039998566732,0.19195680000120774,0.5438702999963425,483,32,16,10,60,236,0,10,8,32,2638998349,100000000,15,1216,1156,0.17612149997148663,0.03187080001225695,0.9450389999547042,4.83e-06,0.055900621118012424,0.00436723602484472
endurance,1,PASS,True,389,0,0,22794446,31,33,17,"{'m': 31, 'n': 33, 'k': 17, 'a_base': 64, 'bt_base': 2176, 'c_base': 4416, 'a_stride': 64, 'bt_stride': 64, 'c_stride': 192, 'mode': 0, 'watchdog': 10000000}",2026-10-04T17:43:13.815922+00:00,2026-10-04T17:43:15.828297+00:00,24dfc2544d594d9a030b5e60201a39bbbb914823d8b213f2418ea142973ce8d1,9e28735b04c37cfdaf8f2795c6ea960df707dd4ccc8574c76926941c0532c963,1780ae08309030c966f43a3d8d830df3cac6d350bd4c57e6f3571c1fd49f6b1f,467119f042ec81b1df9ceb776136d852b5682333b20a06d333c6c0801379fec3,Uploaded in this connection; reused only within this case,"{'a': '47567fb683b7d3876df7e6e346ba2738606ba56e891f57a87d8a54b41239e587', 'bt': '1df07713de11762fa5469ad0e4539376c9315f3c92e4b1379740e79b9b47d2a5', 'c': '6ab6e83f87339cf5184ec7f88076ad30e3d3794754a826de50f3cff1098b5185'}",PASS,0.4258426000014879,0.19200389995239675,0.5439310000510886,7420,800,285,527,4092,1957,0,124,8,32,2638998349,100000000,1023,10432,6340,0.816076899995096,0.03195999999297783,1.9778544000000693,7.42e-05,0.4687601078167116,0.036621883423180596
endurance,1,PASS,True,390,1,0,22794446,31,33,17,"{'m': 31, 'n': 33, 'k': 17, 'a_base': 64, 'bt_base': 2176, 'c_base': 4416, 'a_stride': 64, 'bt_stride': 64, 'c_stride': 192, 'mode': 1, 'watchdog': 10000000}",2026-10-04T17:43:15.914449+00:00,2026-10-04T17:43:17.958315+00:00,24dfc2544d594d9a030b5e60201a39bbbb914823d8b213f2418ea142973ce8d1,9e28735b04c37cfdaf8f2795c6ea960df707dd4ccc8574c76926941c0532c963,1780ae08309030c966f43a3d8d830df3cac6d350bd4c57e6f3571c1fd49f6b1f,467119f042ec81b1df9ceb776136d852b5682333b20a06d333c6c0801379fec3,Uploaded in this connection; reused only within this case,"{'a': '47567fb683b7d3876df7e6e346ba2738606ba56e891f57a87d8a54b41239e587', 'bt': '1df07713de11762fa5469ad0e4539376c9315f3c92e4b1379740e79b9b47d2a5', 'c': '6ab6e83f87339cf5184ec7f88076ad30e3d3794754a826de50f3cff1098b5185'}",PASS,0.4230440999963321,0.19180900003993884,0.5441105999634601,6525,800,285,527,4092,1236,0,124,8,32,2638998349,100000000,1023,10432,6340,0.8500577000086196,0.031925100018270314,2.0090214000083506,6.525e-05,0.5330574712643679,0.04164511494252873
endurance,1,PASS,True,391,1,0,22804419,33,35,256,"{'m': 33, 'n': 35, 'k': 256, 'a_base': 64, 'bt_base': 8640, 'c_base': 17728, 'a_stride': 256, 'bt_stride': 256, 'c_stride': 192, 'mode': 1, 'watchdog': 10000000}",2026-10-04T17:43:19.418537+00:00,2026-10-04T17:43:22.422149+00:00,3c90e216f6bf3bd002a8d1cdc5f9f1287d9da49f872b2cd31439ddcfea75e52a,d2155769881cbd36d1d8e8384ddda63855a835fe9c19133f917dd58ab587cbb1,6cf8a8e67f9e59ba00413df8747dfc8606d983d267cb2f6bd365fd5560338ea5,f1276216c7ee467c3bed0960ff7434e5d27181413517766d3b7e7f157cfb75dc,Uploaded in this connection; reused only within this case,"{'a': 'b10a25773028c822c7d95c8d2f4c567657b7bee44a4e0dbe8e0cff6155afbbc6', 'bt': '4db49d3b22a49566f34a1b861e277714dd93197175b8ddb67cdd84b130b63331', 'c': '91c32f3b4bc36dc70d4c7d34604feae902bd2f5970fd178bfe5a522d1800722f'}",PASS,0.45686110004317015,0.19207160000223666,0.5440012999461032,13303,6975,4352,594,4620,3469,0,134,8,32,2638998349,100000000,1155,24128,19508,1.776065100042615,0.03186329995514825,2.968999100034125,0.00013303,4.445313087273547,0.34729008494324587
endurance,1,PASS,True,392,0,0,22804419,33,35,256,"{'m': 33, 'n': 35, 'k': 256, 'a_base': 64, 'bt_base': 8640, 'c_base': 17728, 'a_stride': 256, 'bt_stride': 256, 'c_stride': 192, 'mode': 0, 'watchdog': 10000000}",2026-10-04T17:43:22.485085+00:00,2026-10-04T17:43:25.493992+00:00,3c90e216f6bf3bd002a8d1cdc5f9f1287d9da49f872b2cd31439ddcfea75e52a,d2155769881cbd36d1d8e8384ddda63855a835fe9c19133f917dd58ab587cbb1,6cf8a8e67f9e59ba00413df8747dfc8606d983d267cb2f6bd365fd5560338ea5,f1276216c7ee467c3bed0960ff7434e5d27181413517766d3b7e7f157cfb75dc,Uploaded in this connection; reused only within this case,"{'a': 'b10a25773028c822c7d95c8d2f4c567657b7bee44a4e0dbe8e0cff6155afbbc6', 'bt': '4db49d3b22a49566f34a1b861e277714dd93197175b8ddb67cdd84b130b63331', 'c': '91c32f3b4bc36dc70d4c7d34604feae902bd2f5970fd178bfe5a522d1800722f'}",PASS,0.4624652999918908,0.19185569998808205,0.5440243000048213,19818,6975,4352,594,4620,7709,0,134,8,32,2638998349,100000000,1155,24128,19508,1.7760039999848232,0.03199430002132431,2.9743492999696173,0.00019818,2.9839539812291855,0.23312140478353013
endurance,1,PASS,True,393,0,0,22814392,65,63,255,"{'m': 65, 'n': 63, 'k': 255, 'a_base': 64, 'bt_base': 16832, 'c_base': 33088, 'a_stride': 256, 'bt_stride': 256, 'c_stride': 256, 'mode': 0, 'watchdog': 10000000}",2026-10-04T17:43:27.992621+00:00,2026-10-04T17:43:33.525675+00:00,62059fd99860adb86cb3255f34ff7d0a31b8a2a123a016cd40437f822f55b444,1d328879d11d3604bf4debe83b54cac0fb0d0578519f62b383ae973f2ef6724c,1760dfaeaecd2d66abcf24e2ad10334587e855d7c227d256b18d93e3f5583762,1b10ecc5f2642cb95c66416397f9e4879d67434e04328f597708ea8cd0dd906b,Uploaded in this connection; reused only within this case,"{'a': '807252585ee731cb748fb037b85ab0e57f3eddfd108527e60d8a8d4a1a6ce21a', 'bt': '485593cb15cc4a4855f540db7b50df39b50ac86a059d61fcdde61f46391599db', 'c': 'bfd8ec61b82ed02b21bd2303d42312152c7cfff721811fec59b7a8e07b88e9c1'}",PASS,1.179067200049758,0.19195059995399788,0.5438401999999769,52317,20016,10208,2080,16380,17481,0,268,8,32,2638998349,100000000,4095,49792,33412,3.583885600033682,0.031866899982560426,5.498743600037415,0.00052317,3.9919146740065368,0.3118683339067607
endurance,1,PASS,True,394,1,0,22814392,65,63,255,"{'m': 65, 'n': 63, 'k': 255, 'a_base': 64, 'bt_base': 16832, 'c_base': 33088, 'a_stride': 256, 'bt_stride': 256, 'c_stride': 256, 'mode': 1, 'watchdog': 10000000}",2026-10-04T17:43:33.585942+00:00,2026-10-04T17:43:39.109735+00:00,62059fd99860adb86cb3255f34ff7d0a31b8a2a123a016cd40437f822f55b444,1d328879d11d3604bf4debe83b54cac0fb0d0578519f62b383ae973f2ef6724c,1760dfaeaecd2d66abcf24e2ad10334587e855d7c227d256b18d93e3f5583762,1b10ecc5f2642cb95c66416397f9e4879d67434e04328f597708ea8cd0dd906b,Uploaded in this connection; reused only within this case,"{'a': '807252585ee731cb748fb037b85ab0e57f3eddfd108527e60d8a8d4a1a6ce21a', 'bt': '485593cb15cc4a4855f540db7b50df39b50ac86a059d61fcdde61f46391599db', 'c': 'bfd8ec61b82ed02b21bd2303d42312152c7cfff721811fec59b7a8e07b88e9c1'}",PASS,1.1697019000421278,0.1918252999894321,0.5440331999561749,26475,20016,10208,2080,16380,3477,0,268,8,32,2638998349,100000000,4095,49792,33412,3.5842227000393905,0.031903899973258376,5.489783100027125,0.00026475,7.888385269121813,0.6162800991501416
endurance,1,PASS,True,395,1,0,22824365,1,64,256,"{'m': 1, 'n': 64, 'k': 256, 'a_base': 64, 'bt_base': 448, 'c_base': 16960, 'a_stride': 256, 'bt_stride': 256, 'c_stride': 256, 'mode': 1, 'watchdog': 10000000}",2026-10-04T17:43:40.458441+00:00,2026-10-04T17:43:42.581302+00:00,c0a387612939f32a2c2c015202cc5f51d9e26fbc99decea8c584b7aebf2d2e97,2235feaa52236afede4e0d2b6cd2b104f8871e883ce4cc8bc7a8608ba4558a4e,b902bc450411cb40e4f99ac7f30a9f345b5b44a07fc2baa78f4b2a7d216316a0,ee4cfdb1e709526bb7b5446f5e8568f0789fc2261b3cae92d3ebbb5ed3705d80,Uploaded in this connection; reused only within this case,"{'a': 'ecbbe59e936e33f01821abe2186753afdbfc9adc338099714b08e4352bdbdb52', 'bt': 'e1209cdb9bef593ae52f7b5ab440f7953bace35e514d8afd4d913edc554146f2', 'c': '190cbdc238f1dccf73bd452f1f0b4096694064fe7f1e456ae179a2ba980a13ce'}",PASS,0.0408935000305064,0.19199269998352975,0.5437475999933667,4993,2232,2112,32,256,2605,0,4,8,32,2638998349,100000000,64,17280,17024,1.3123546999995597,0.03155700000934303,2.0889885000069626,4.993e-05,0.656278790306429,0.05127178049268977
endurance,1,PASS,True,396,0,0,22824365,1,64,256,"{'m': 1, 'n': 64, 'k': 256, 'a_base': 64, 'bt_base': 448, 'c_base': 16960, 'a_stride': 256, 'bt_stride': 256, 'c_stride': 256, 'mode': 0, 'watchdog': 10000000}",2026-10-04T17:43:42.644244+00:00,2026-10-04T17:43:44.773364+00:00,c0a387612939f32a2c2c015202cc5f51d9e26fbc99decea8c584b7aebf2d2e97,2235feaa52236afede4e0d2b6cd2b104f8871e883ce4cc8bc7a8608ba4558a4e,b902bc450411cb40e4f99ac7f30a9f345b5b44a07fc2baa78f4b2a7d216316a0,ee4cfdb1e709526bb7b5446f5e8568f0789fc2261b3cae92d3ebbb5ed3705d80,Uploaded in this connection; reused only within this case,"{'a': 'ecbbe59e936e33f01821abe2186753afdbfc9adc338099714b08e4352bdbdb52', 'bt': 'e1209cdb9bef593ae52f7b5ab440f7953bace35e514d8afd4d913edc554146f2', 'c': '190cbdc238f1dccf73bd452f1f0b4096694064fe7f1e456ae179a2ba980a13ce'}",PASS,0.047887700027786195,0.19193129998166114,0.5439608000451699,6245,2232,2112,32,256,3741,0,4,8,32,2638998349,100000000,64,17280,17024,1.3120410999981686,0.03204579994780943,2.095820900052786,6.245e-05,0.5247077662129703,0.04099279423538831
endurance,1,PASS,True,397,0,0,22834338,64,1,256,"{'m': 64, 'n': 1, 'k': 256, 'a_base': 64, 'bt_base': 16576, 'c_base': 16960, 'a_stride': 256, 'bt_stride': 256, 'c_stride': 64, 'mode': 0, 'watchdog': 10000000}",2026-10-04T17:43:46.121665+00:00,2026-10-04T17:43:48.757047+00:00,a5de5c7fb88a34fdc99c19dd88582fd368f6fa75ad1e44f130c31b4f66eb75ca,20a4d47e483b4c6c01140d391c533170beebae09742cb896357089b47e1bdb25,f278ca07cf6476e3be0332df0b7bee8a49e2d90309e4968835041235d30e7592,e41f9c08a636479d87d46469979b7948f3444c08c63a48842d2551c7cf201b1a,Uploaded in this connection; reused only within this case,"{'a': 'b7fbbaa9d5084cb1945b18b61e36e58d5c4eb1d0b141d22d757581955de1f9a0', 'bt': 'd9fb2baf843308786afff1d61c79b37cdebd75460f1ce6c44bae755cf111ef26', 'c': '244e90126399c03e154696173d06ab0b96d7dc6b273364a6bbd2078086cdd8e9'}",PASS,0.2984027999918908,0.19175500003620982,0.5439726999611594,8297,2232,2112,64,256,3712,0,128,8,32,2638998349,100000000,64,21120,20864,1.568030100024771,0.031912999984342605,2.602160600014031,8.297e-05,0.3949379293720622,0.03085452573219236
endurance,1,PASS,True,398,1,0,22834338,64,1,256,"{'m': 64, 'n': 1, 'k': 256, 'a_base': 64, 'bt_base': 16576, 'c_base': 16960, 'a_stride': 256, 'bt_stride': 256, 'c_stride': 64, 'mode': 1, 'watchdog': 10000000}",2026-10-04T17:43:48.824956+00:00,2026-10-04T17:43:51.461053+00:00,a5de5c7fb88a34fdc99c19dd88582fd368f6fa75ad1e44f130c31b4f66eb75ca,20a4d47e483b4c6c01140d391c533170beebae09742cb896357089b47e1bdb25,f278ca07cf6476e3be0332df0b7bee8a49e2d90309e4968835041235d30e7592,e41f9c08a636479d87d46469979b7948f3444c08c63a48842d2551c7cf201b1a,Uploaded in this connection; reused only within this case,"{'a': 'b7fbbaa9d5084cb1945b18b61e36e58d5c4eb1d0b141d22d757581955de1f9a0', 'bt': 'd9fb2baf843308786afff1d61c79b37cdebd75460f1ce6c44bae755cf111ef26', 'c': '244e90126399c03e154696173d06ab0b96d7dc6b273364a6bbd2078086cdd8e9'}",PASS,0.2973850999842398,0.19201499997870997,0.5438911000383087,5994,2232,2112,64,256,2569,0,128,8,32,2638998349,100000000,64,21120,20864,1.5680853999801911,0.031976900005247444,2.6013765999814495,5.994e-05,0.54668001334668,0.04270937604270938
endurance,1,PASS,True,399,1,0,22844311,32,32,256,"{'m': 32, 'n': 32, 'k': 256, 'a_base': 64, 'bt_base': 8384, 'c_base': 16704, 'a_stride': 256, 'bt_stride': 256, 'c_stride': 128, 'mode': 1, 'watchdog': 10000000}",2026-10-04T17:43:52.792870+00:00,2026-10-04T17:43:55.412862+00:00,8a45b55b2f99e63cf4cffeba4f73b1f2afaa78f6aa534081c89fb657cce58d10,75beb9d57a971365e0f9bcdb9731a16a2fcd6754b6e62905fe762ec38d89ceb1,ba433c0e23810bbfd49f660057ce1463a10e6b6130aa4b390e77972eea2e01d2,f5fb302094ae9a80afa65d32825b410dc490f28b66fb7789309ecd79e9d5e7df,Uploaded in this connection; reused only within this case,"{'a': 'dc7397c6f4867965881c1436f56ad4de07c9010536cb3c8e1d07b7558a983d3f', 'bt': 'd3acd1664b72f6ba896143b8edb743d3bfb409a64fbde15382701a7a1ddff143', 'c': '2930b9ba683677b1748438ff0283d7f92919b027d70940042316a0d73ae729cc'}",PASS,0.2975023000035435,0.19203539995942265,0.543959500035271,11557,4464,2048,512,4096,3463,0,66,8,32,2638998349,100000000,1024,20864,16768,1.5520458999671973,0.03187840001191944,2.5855430999654345,0.00011557,4.536540624729601,0.35441723630700006
endurance,1,PASS,True,400,0,0,22844311,32,32,256,"{'m': 32, 'n': 32, 'k': 256, 'a_base': 64, 'bt_base': 8384, 'c_base': 16704, 'a_stride': 256, 'bt_stride': 256, 'c_stride': 128, 'mode': 0, 'watchdog': 10000000}",2026-10-04T17:43:55.471837+00:00,2026-10-04T17:43:58.085185+00:00,8a45b55b2f99e63cf4cffeba4f73b1f2afaa78f6aa534081c89fb657cce58d10,75beb9d57a971365e0f9bcdb9731a16a2fcd6754b6e62905fe762ec38d89ceb1,ba433c0e23810bbfd49f660057ce1463a10e6b6130aa4b390e77972eea2e01d2,f5fb302094ae9a80afa65d32825b410dc490f28b66fb7789309ecd79e9d5e7df,Uploaded in this connection; reused only within this case,"{'a': 'dc7397c6f4867965881c1436f56ad4de07c9010536cb3c8e1d07b7558a983d3f', 'bt': 'd3acd1664b72f6ba896143b8edb743d3bfb409a64fbde15382701a7a1ddff143', 'c': '2930b9ba683677b1748438ff0283d7f92919b027d70940042316a0d73ae729cc'}",PASS,0.29116359999170527,0.19177829998079687,0.5440218999865465,11572,4464,2048,512,4096,3440,0,66,8,32,2638998349,100000000,1024,20864,16768,1.5519991000182927,0.03213040000991896,2.5789628999773413,0.00011572,4.530660214310405,0.35395782924300034
endurance,1,PASS,True,401,1,0,22879229,1,1,1,"{'m': 1, 'n': 1, 'k': 1, 'a_base': 64, 'bt_base': 256, 'c_base': 448, 'a_stride': 64, 'bt_stride': 64, 'c_stride': 64, 'mode': 1, 'watchdog': 10000000}",2026-10-04T17:43:58.295714+00:00,2026-10-04T17:43:59.220702+00:00,8a8de823d5ed3e12746a62ef169bcf372be0ca44f0a1236abc35df05d96928e1,aa7225e7d5b0a2552bbb58880b3ec00c286995b801a7aeb69281e76a8b4908de,ccc858a3ce2260bf62960ba1f612f1a26539d3757bb8b32eb8521ab8b0e07f9f,1e1ca176686e5e1905dec074669d98c7ccae450c370d8d984a0735bdc0bd64a9,Uploaded in this connection; reused only within this case,"{'a': '1a8aaa66e024f550aa4f2a5a440c68d3809c983ed178606736c58486a7c38e50', 'bt': '38b68a77aec1a040203f7d7edf42f3e5d402e43aa1e7647af4585a97c7f450a3', 'c': '6a29107aca3bb84fad5c6d715d9f39e328cf30f47cbf00a0db12dcc39c2d0c9f'}",PASS,0.026963000011164695,0.19192760001169518,0.5440166000043973,218,24,2,1,4,149,0,2,8,32,2638998349,100000000,1,576,572,0.12803389999317005,0.03194660000735894,0.8909411000204273,2.18e-06,0.0009174311926605505,7.167431192660551e-05
endurance,1,PASS,True,402,0,0,22879229,1,1,1,"{'m': 1, 'n': 1, 'k': 1, 'a_base': 64, 'bt_base': 256, 'c_base': 448, 'a_stride': 64, 'bt_stride': 64, 'c_stride': 64, 'mode': 0, 'watchdog': 10000000}",2026-10-04T17:43:59.297616+00:00,2026-10-04T17:44:00.212650+00:00,8a8de823d5ed3e12746a62ef169bcf372be0ca44f0a1236abc35df05d96928e1,aa7225e7d5b0a2552bbb58880b3ec00c286995b801a7aeb69281e76a8b4908de,ccc858a3ce2260bf62960ba1f612f1a26539d3757bb8b32eb8521ab8b0e07f9f,1e1ca176686e5e1905dec074669d98c7ccae450c370d8d984a0735bdc0bd64a9,Uploaded in this connection; reused only within this case,"{'a': '1a8aaa66e024f550aa4f2a5a440c68d3809c983ed178606736c58486a7c38e50', 'bt': '38b68a77aec1a040203f7d7edf42f3e5d402e43aa1e7647af4585a97c7f450a3', 'c': '6a29107aca3bb84fad5c6d715d9f39e328cf30f47cbf00a0db12dcc39c2d0c9f'}",PASS,0.016962299996521324,0.19202039996162057,0.5440121000283398,218,24,2,1,4,149,0,2,8,32,2638998349,100000000,1,576,572,0.12830749998101965,0.031713100033812225,0.8813022999675013,2.18e-06,0.0009174311926605505,7.167431192660551e-05
endurance,1,PASS,True,403,0,0,22889202,5,3,9,"{'m': 5, 'n': 3, 'k': 9, 'a_base': 64, 'bt_base': 512, 'c_base': 832, 'a_stride': 64, 'bt_stride': 64, 'c_stride': 64, 'mode': 0, 'watchdog': 10000000}",2026-10-04T17:44:00.407230+00:00,2026-10-04T17:44:01.396962+00:00,0a037d3dfd6725a4183873ffa28e64541720b12070869fba3b0ef137c744684a,ed7e8f415c87a6f1b74fb325bbfe0bf280690fbd1d939b24657428c2375f0f16,85cc237652bfd005fbaeaf7f209c1fabbdbceea26b8672bb5ae38781c2e7666c,c2ed824c945bb941b2be5936bb85b6f819f8191324a70916cf4ef13f1eef7384,Uploaded in this connection; reused only within this case,"{'a': '2e37a8566d6dd50a43fcb5b89aa80cd88c52275d2fae3c6fb0f7ec0114447701', 'bt': 'db5894a5738094b09cca91a5bde3c85c274441095b05a1584a4a15a094487385', 'c': '7689942d9444871287999f75580a534198fddbed37da1c0e16863bd2c5ea4386'}",PASS,0.04442260001087561,0.19181620003655553,0.5439537999918684,488,32,16,10,60,245,0,10,8,32,2638998349,100000000,15,1216,1156,0.176223199989181,0.03198889998020604,0.9564158000284806,4.88e-06,0.055327868852459015,0.004322489754098361
endurance,1,PASS,True,404,1,0,22889202,5,3,9,"{'m': 5, 'n': 3, 'k': 9, 'a_base': 64, 'bt_base': 512, 'c_base': 832, 'a_stride': 64, 'bt_stride': 64, 'c_stride': 64, 'mode': 1, 'watchdog': 10000000}",2026-10-04T17:44:01.460333+00:00,2026-10-04T17:44:02.484537+00:00,0a037d3dfd6725a4183873ffa28e64541720b12070869fba3b0ef137c744684a,ed7e8f415c87a6f1b74fb325bbfe0bf280690fbd1d939b24657428c2375f0f16,85cc237652bfd005fbaeaf7f209c1fabbdbceea26b8672bb5ae38781c2e7666c,c2ed824c945bb941b2be5936bb85b6f819f8191324a70916cf4ef13f1eef7384,Uploaded in this connection; reused only within this case,"{'a': '2e37a8566d6dd50a43fcb5b89aa80cd88c52275d2fae3c6fb0f7ec0114447701', 'bt': 'db5894a5738094b09cca91a5bde3c85c274441095b05a1584a4a15a094487385', 'c': '7689942d9444871287999f75580a534198fddbed37da1c0e16863bd2c5ea4386'}",PASS,0.04591029998846352,0.21516630001133308,0.5528280999860726,481,32,16,10,60,238,0,10,8,32,2638998349,100000000,15,1216,1156,0.17609989998163655,0.0317652000230737,0.9900045999675058,4.81e-06,0.056133056133056136,0.004385395010395011
endurance,1,PASS,True,405,1,0,22899175,31,33,17,"{'m': 31, 'n': 33, 'k': 17, 'a_base': 64, 'bt_base': 2176, 'c_base': 4416, 'a_stride': 64, 'bt_stride': 64, 'c_stride': 192, 'mode': 1, 'watchdog': 10000000}",2026-10-04T17:44:02.954291+00:00,2026-10-04T17:44:04.964471+00:00,d9f3df6e9139c6360a7761a5137f144b5e1f06fe26fd511cc033ab8544b602f1,5f5ead0902da9ed6f4f97323466e17b23d5fea6df09e18dcfb9a88651cf78a8c,dda1bc41ccc23db18bd289725061f472b54774e73c97514aed8bb5720b313b2d,55d3e1b6489a142e57578c6992cabca97dfaec46c9597cc1a0896c3b8a85c0bd,Uploaded in this connection; reused only within this case,"{'a': 'a2357c4807c6efbc1c04764419947b8ae792f9c999d8b0a96a61f7d1d1679d91', 'bt': '4317788450b247d7fa7170075c6a51b9aad0beaaa5828646473570098aa06060', 'c': 'ce92c03f4b8c4b1903e9face9414ff59558ace4022c9ca55a86012988af4c999'}",PASS,0.4239279999746941,0.19204950000857934,0.5441772000049241,6498,800,285,527,4092,1245,0,124,8,32,2638998349,100000000,1023,10432,6340,0.8158451999770477,0.0318278000340797,1.9759998999652453,6.498e-05,0.5352723915050785,0.041818155586334255
endurance,1,PASS,True,406,0,0,22899175,31,33,17,"{'m': 31, 'n': 33, 'k': 17, 'a_base': 64, 'bt_base': 2176, 'c_base': 4416, 'a_stride': 64, 'bt_stride': 64, 'c_stride': 192, 'mode': 0, 'watchdog': 10000000}",2026-10-04T17:44:05.013800+00:00,2026-10-04T17:44:07.028493+00:00,d9f3df6e9139c6360a7761a5137f144b5e1f06fe26fd511cc033ab8544b602f1,5f5ead0902da9ed6f4f97323466e17b23d5fea6df09e18dcfb9a88651cf78a8c,dda1bc41ccc23db18bd289725061f472b54774e73c97514aed8bb5720b313b2d,55d3e1b6489a142e57578c6992cabca97dfaec46c9597cc1a0896c3b8a85c0bd,Uploaded in this connection; reused only within this case,"{'a': 'a2357c4807c6efbc1c04764419947b8ae792f9c999d8b0a96a61f7d1d1679d91', 'bt': '4317788450b247d7fa7170075c6a51b9aad0beaaa5828646473570098aa06060', 'c': 'ce92c03f4b8c4b1903e9face9414ff59558ace4022c9ca55a86012988af4c999'}",PASS,0.42969440005254,0.19192909996490926,0.5439669000334106,7380,800,285,527,4092,1933,0,124,8,32,2638998349,100000000,1023,10432,6340,0.8159100000048056,0.03198449994670227,1.9815004000556655,7.38e-05,0.4713008130081301,0.03682037601626016
endurance,1,PASS,True,407,0,0,22909148,33,35,256,"{'m': 33, 'n': 35, 'k': 256, 'a_base': 64, 'bt_base': 8640, 'c_base': 17728, 'a_stride': 256, 'bt_stride': 256, 'c_stride': 192, 'mode': 0, 'watchdog': 10000000}",2026-10-04T17:44:08.422690+00:00,2026-10-04T17:44:11.428434+00:00,878eccd2c69660020eabe13d564bd825d8e72d12bb9390d50cb8577091cb3ecc,91ca935081f4ef937c645b1ff2ae9d7db1ce79e7efbba7f48ed59ed4d163e54f,40f97fdeaa7d3efe026c6e51d5c8fc96e2be0fb0292734cf41b2c2fbf09b9fe6,149611765fe1e9b0b11383fe5dfbc4b7d9a2733490d24a353324682e26a8a91a,Uploaded in this connection; reused only within this case,"{'a': 'af5b95372ea1f62a726818b4e0191601a9138f534fdbac8007f994e562ddf4ec', 'bt': '04560d025a1c05ea77aa3fe3344b127c59058ef6d55c90cd046b24a71ccc0d63', 'c': '03c428fbb000b2e32867369e556f33f91f4c9c41eadec12b9b06cb0618b20417'}",PASS,0.46062710002297536,0.19200889999046922,0.5440918999956921,19816,6975,4352,594,4620,7698,0,134,8,32,2638998349,100000000,1155,24128,19508,1.775754300004337,0.03211720002582297,2.9724822000134736,0.00019816,2.984255147355672,0.23314493338716188
endurance,1,PASS,True,408,1,0,22909148,33,35,256,"{'m': 33, 'n': 35, 'k': 256, 'a_base': 64, 'bt_base': 8640, 'c_base': 17728, 'a_stride': 256, 'bt_stride': 256, 'c_stride': 192, 'mode': 1, 'watchdog': 10000000}",2026-10-04T17:44:11.487834+00:00,2026-10-04T17:44:14.484452+00:00,878eccd2c69660020eabe13d564bd825d8e72d12bb9390d50cb8577091cb3ecc,91ca935081f4ef937c645b1ff2ae9d7db1ce79e7efbba7f48ed59ed4d163e54f,40f97fdeaa7d3efe026c6e51d5c8fc96e2be0fb0292734cf41b2c2fbf09b9fe6,149611765fe1e9b0b11383fe5dfbc4b7d9a2733490d24a353324682e26a8a91a,Uploaded in this connection; reused only within this case,"{'a': 'af5b95372ea1f62a726818b4e0191601a9138f534fdbac8007f994e562ddf4ec', 'bt': '04560d025a1c05ea77aa3fe3344b127c59058ef6d55c90cd046b24a71ccc0d63', 'c': '03c428fbb000b2e32867369e556f33f91f4c9c41eadec12b9b06cb0618b20417'}",PASS,0.4508170000044629,0.19169840001268312,0.5439466999960132,13251,6975,4352,594,4620,3481,0,134,8,32,2638998349,100000000,1155,24128,19508,1.7761771999648772,0.03202959999907762,2.9626392999780364,0.00013251,4.462757527733756,0.3486529318541997
endurance,1,PASS,True,409,1,0,22919121,65,63,255,"{'m': 65, 'n': 63, 'k': 255, 'a_base': 64, 'bt_base': 16832, 'c_base': 33088, 'a_stride': 256, 'bt_stride': 256, 'c_stride': 256, 'mode': 1, 'watchdog': 10000000}",2026-10-04T17:44:16.985490+00:00,2026-10-04T17:44:22.515899+00:00,36ac0211418763404c91e439c3e26dc53559ade7b981e8886bfd8744cf4fbfa7,144927d019cbbf654740829529279fa0c45d6e6ff6c66637ec6226df5bb38cce,49459c621c80ed4da488437a3233040ad2bdbb62986fd627765c43a42305a539,b2c3c4ebfc503559c89f6c8e865f3942dfcdee2cb17293e5ca51aa140d41ede9,Uploaded in this connection; reused only within this case,"{'a': 'a8233b3b84e3499749e46f6c32018109b01aab1379b85f36b579ce60c1fc196c', 'bt': '353eb4b1a81f1b2ded42783fdaa12a96dcb15955fd4b08be7c8cad60d9462d59', 'c': 'd1df817639f195a14e241ff07d69a16c1e4d1b8ffd3a5e87fc424932c1878c8c'}",PASS,1.1759293000213802,0.19230130000505596,0.5435936999856494,26460,20016,10208,2080,16380,3486,0,268,8,32,2638998349,100000000,4095,49792,33412,3.5839759000227787,0.03183559997705743,5.495800200034864,0.0002646,7.892857142857142,0.6166294642857143
endurance,1,PASS,True,410,0,0,22919121,65,63,255,"{'m': 65, 'n': 63, 'k': 255, 'a_base': 64, 'bt_base': 16832, 'c_base': 33088, 'a_stride': 256, 'bt_stride': 256, 'c_stride': 256, 'mode': 0, 'watchdog': 10000000}",2026-10-04T17:44:22.585922+00:00,2026-10-04T17:44:28.115918+00:00,36ac0211418763404c91e439c3e26dc53559ade7b981e8886bfd8744cf4fbfa7,144927d019cbbf654740829529279fa0c45d6e6ff6c66637ec6226df5bb38cce,49459c621c80ed4da488437a3233040ad2bdbb62986fd627765c43a42305a539,b2c3c4ebfc503559c89f6c8e865f3942dfcdee2cb17293e5ca51aa140d41ede9,Uploaded in this connection; reused only within this case,"{'a': 'a8233b3b84e3499749e46f6c32018109b01aab1379b85f36b579ce60c1fc196c', 'bt': '353eb4b1a81f1b2ded42783fdaa12a96dcb15955fd4b08be7c8cad60d9462d59', 'c': 'd1df817639f195a14e241ff07d69a16c1e4d1b8ffd3a5e87fc424932c1878c8c'}",PASS,1.17519410001114,0.1921520999749191,0.5441291000461206,52326,20016,10208,2080,16380,17439,0,268,8,32,2638998349,100000000,4095,49792,33412,3.5840994999744,0.03162359999259934,5.49557480000658,0.00052326,3.9912280701754383,0.3118146929824561
endurance,1,PASS,True,411,0,0,22929094,1,64,256,"{'m': 1, 'n': 64, 'k': 256, 'a_base': 64, 'bt_base': 448, 'c_base': 16960, 'a_stride': 256, 'bt_stride': 256, 'c_stride': 256, 'mode': 0, 'watchdog': 10000000}",2026-10-04T17:44:29.478054+00:00,2026-10-04T17:44:31.603557+00:00,419c3a86c8bb211cc6126f1fa7668937b9acf1688497a20ddf9f9fa88ba4687b,a3899cf69d7177d63c38f50c20619dacd3ccbc54a0023946fc303494ed080ab3,67c3bb35e18cf22a9e9bb520884e45d02ae1c22797fb7bc86f8d8f4efd319ab6,b1246f62ed77cb6fe7a1c98579227faaa8ffba29ad080d0ac1f4452e5c80bec1,Uploaded in this connection; reused only within this case,"{'a': 'de9c3c1f9edab0328663a1160d09d0d53b5ac3e4af5711e16974022d3962cb99', 'bt': '0ce37db2bccf35954da7607829bb83a8a4529d0fe83a06ce79fae30aea35dddf', 'c': '78f68865dabcaa81abf012909775d810dc2cb639d1d0fcf56c6dd722b3c43603'}",PASS,0.044354300014674664,0.19209490000503138,0.5438299999805167,6228,2232,2112,32,256,3724,0,4,8,32,2638998349,100000000,64,17280,17024,1.3122059000306763,0.03173999994760379,2.092485100030899,6.228e-05,0.5261400128452152,0.04110468850353243
endurance,1,PASS,True,412,1,0,22929094,1,64,256,"{'m': 1, 'n': 64, 'k': 256, 'a_base': 64, 'bt_base': 448, 'c_base': 16960, 'a_stride': 256, 'bt_stride': 256, 'c_stride': 256, 'mode': 1, 'watchdog': 10000000}",2026-10-04T17:44:31.671702+00:00,2026-10-04T17:44:33.795471+00:00,419c3a86c8bb211cc6126f1fa7668937b9acf1688497a20ddf9f9fa88ba4687b,a3899cf69d7177d63c38f50c20619dacd3ccbc54a0023946fc303494ed080ab3,67c3bb35e18cf22a9e9bb520884e45d02ae1c22797fb7bc86f8d8f4efd319ab6,b1246f62ed77cb6fe7a1c98579227faaa8ffba29ad080d0ac1f4452e5c80bec1,Uploaded in this connection; reused only within this case,"{'a': 'de9c3c1f9edab0328663a1160d09d0d53b5ac3e4af5711e16974022d3962cb99', 'bt': '0ce37db2bccf35954da7607829bb83a8a4529d0fe83a06ce79fae30aea35dddf', 'c': '78f68865dabcaa81abf012909775d810dc2cb639d1d0fcf56c6dd722b3c43603'}",PASS,0.04228320001857355,0.19203350000316277,0.5438628999982029,5014,2232,2112,32,256,2626,0,4,8,32,2638998349,100000000,64,17280,17024,1.3120195000083186,0.031923300004564226,2.090199100028258,5.014e-05,0.653530115676107,0.05105704028719585
endurance,1,PASS,True,413,1,0,22939067,64,1,256,"{'m': 64, 'n': 1, 'k': 256, 'a_base': 64, 'bt_base': 16576, 'c_base': 16960, 'a_stride': 256, 'bt_stride': 256, 'c_stride': 64, 'mode': 1, 'watchdog': 10000000}",2026-10-04T17:44:35.141894+00:00,2026-10-04T17:44:37.779296+00:00,ac61210135fe85596a2ba1468b980445ba904184f40fa7e6a12da22a5cb16a72,f80079fc0db5bed55e1360ff22c9751d1cd3f70363f52574305cc7bc63d36e27,8114ee7e50494aad215b4759fcf0ca8c4e063e871f67da37af711f0f1e3e7523,c10997c9faed24d68e6a64406984ab59a0f9c6ba7f055120165a7fff162bc685,Uploaded in this connection; reused only within this case,"{'a': 'ef91a44b7bf76f1bf202001f713e361f4920fba643f4120d3a5f231a12cbecdf', 'bt': 'd233383a10915babc19d2d52cad797af994f835b330162ccf4f36dd2e05ab70f', 'c': '759f7065dfc7b014b87e78dd15de2ec2eef7824cba9a0183786895a5a259ee0f'}",PASS,0.29866969998693094,0.1923407000140287,0.5437333000008948,6032,2232,2112,64,256,2607,0,128,8,32,2638998349,100000000,64,21120,20864,1.56792449997738,0.03195540001615882,2.6026681999792345,6.032e-05,0.5432360742705571,0.042440318302387266
endurance,1,PASS,True,414,0,0,22939067,64,1,256,"{'m': 64, 'n': 1, 'k': 256, 'a_base': 64, 'bt_base': 16576, 'c_base': 16960, 'a_stride': 256, 'bt_stride': 256, 'c_stride': 64, 'mode': 0, 'watchdog': 10000000}",2026-10-04T17:44:37.836833+00:00,2026-10-04T17:44:40.467670+00:00,ac61210135fe85596a2ba1468b980445ba904184f40fa7e6a12da22a5cb16a72,f80079fc0db5bed55e1360ff22c9751d1cd3f70363f52574305cc7bc63d36e27,8114ee7e50494aad215b4759fcf0ca8c4e063e871f67da37af711f0f1e3e7523,c10997c9faed24d68e6a64406984ab59a0f9c6ba7f055120165a7fff162bc685,Uploaded in this connection; reused only within this case,"{'a': 'ef91a44b7bf76f1bf202001f713e361f4920fba643f4120d3a5f231a12cbecdf', 'bt': 'd233383a10915babc19d2d52cad797af994f835b330162ccf4f36dd2e05ab70f', 'c': '759f7065dfc7b014b87e78dd15de2ec2eef7824cba9a0183786895a5a259ee0f'}",PASS,0.2935283000115305,0.19195289997151121,0.544292000005953,8282,2232,2112,64,256,3699,0,128,8,32,2638998349,100000000,64,21120,20864,1.5678609000169672,0.0321373000042513,2.597634100005962,8.282e-05,0.3956532238589712,0.03091040811398213
endurance,1,PASS,True,415,0,0,22949040,32,32,256,"{'m': 32, 'n': 32, 'k': 256, 'a_base': 64, 'bt_base': 8384, 'c_base': 16704, 'a_stride': 256, 'bt_stride': 256, 'c_stride': 128, 'mode': 0, 'watchdog': 10000000}",2026-10-04T17:44:41.798205+00:00,2026-10-04T17:44:44.419266+00:00,32ed5ba7f3950b86aafb0421a106df5f3f5ca00030eb381a97251ca8c764a9f7,8437155ca50b2f17efce99900f4b6226c5691b396093cbff1ee7ae78c4b26b65,81a9843fcfe5af13760dc6ef5e57af62cfc2e7e64fa03e1b1ebfd76af637e7e8,419f13873b5d7259fa2ed960d12b334dd1a71b81c32053411950e2f92d04c719,Uploaded in this connection; reused only within this case,"{'a': 'f0709b6297816dafecf5196ab57ec3b490865b88a5fa4e418261298d39716124', 'bt': '5e58294409da1a0129b373cf4644c50557fc83fa3f511d693038865387ee7044', 'c': '32b401c3abfb01bb7c15261c7aaafeb454d5cb6f7d137e173497de417557c25e'}",PASS,0.3000927999964915,0.19251600001007318,0.5432046999922022,11575,4464,2048,512,4096,3475,0,66,8,32,2638998349,100000000,1024,20864,16768,1.5522017999901436,0.0319269000319764,2.5880152999889106,0.00011575,4.52948596112311,0.353866090712743
endurance,1,PASS,True,416,1,0,22949040,32,32,256,"{'m': 32, 'n': 32, 'k': 256, 'a_base': 64, 'bt_base': 8384, 'c_base': 16704, 'a_stride': 256, 'bt_stride': 256, 'c_stride': 128, 'mode': 1, 'watchdog': 10000000}",2026-10-04T17:44:44.471543+00:00,2026-10-04T17:44:47.090927+00:00,32ed5ba7f3950b86aafb0421a106df5f3f5ca00030eb381a97251ca8c764a9f7,8437155ca50b2f17efce99900f4b6226c5691b396093cbff1ee7ae78c4b26b65,81a9843fcfe5af13760dc6ef5e57af62cfc2e7e64fa03e1b1ebfd76af637e7e8,419f13873b5d7259fa2ed960d12b334dd1a71b81c32053411950e2f92d04c719,Uploaded in this connection; reused only within this case,"{'a': 'f0709b6297816dafecf5196ab57ec3b490865b88a5fa4e418261298d39716124', 'bt': '5e58294409da1a0129b373cf4644c50557fc83fa3f511d693038865387ee7044', 'c': '32b401c3abfb01bb7c15261c7aaafeb454d5cb6f7d137e173497de417557c25e'}",PASS,0.2982308999635279,0.19207720004487783,0.5439874999574386,11574,4464,2048,512,4096,3477,0,66,8,32,2638998349,100000000,1024,20864,16768,1.5525202000280842,0.03130929998587817,2.5868157999939285,0.00011574,4.529877311214792,0.3538966649386556
endurance,1,PASS,True,417,0,0,22983958,1,1,1,"{'m': 1, 'n': 1, 'k': 1, 'a_base': 64, 'bt_base': 256, 'c_base': 448, 'a_stride': 64, 'bt_stride': 64, 'c_stride': 64, 'mode': 0, 'watchdog': 10000000}",2026-10-04T17:44:47.286227+00:00,2026-10-04T17:44:48.210917+00:00,591b7cc95037822dec5a4d593a2e2e8b19c07ddd2570e5699003d17f14c440a6,aaa9402664f1a41f40ebbc52c9993eb66aeb366602958fdfaa283b71e64db123,f3afbdae8fe4e3f3775e5420bcb59202c218f217fb840deeda97576b58bb10b8,723ad5b324a5de63bcd662163ef75063c4fcf8cdc723ce42e51f636c2ec1401e,Uploaded in this connection; reused only within this case,"{'a': '9b978d2e46caf130523c58fff234fef96c0406ded35899dfa5ab802aa5986ae8', 'bt': 'e8d2301b5bc34a8f7919780891b6b5c8e4ff89033dc1a204bc907eeecb197ff6', 'c': 'e65df08591986283248506c57559cdc0134abdbe06d7e618d88c377169cdba0d'}",PASS,0.026871300011407584,0.19184009998571128,0.5440817999769934,218,24,2,1,4,149,0,2,8,32,2638998349,100000000,1,576,572,0.12808910000603646,0.031821100041270256,0.8908822999801487,2.18e-06,0.0009174311926605505,7.167431192660551e-05
endurance,1,PASS,True,418,1,0,22983958,1,1,1,"{'m': 1, 'n': 1, 'k': 1, 'a_base': 64, 'bt_base': 256, 'c_base': 448, 'a_stride': 64, 'bt_stride': 64, 'c_stride': 64, 'mode': 1, 'watchdog': 10000000}",2026-10-04T17:44:48.269598+00:00,2026-10-04T17:44:49.186878+00:00,591b7cc95037822dec5a4d593a2e2e8b19c07ddd2570e5699003d17f14c440a6,aaa9402664f1a41f40ebbc52c9993eb66aeb366602958fdfaa283b71e64db123,f3afbdae8fe4e3f3775e5420bcb59202c218f217fb840deeda97576b58bb10b8,723ad5b324a5de63bcd662163ef75063c4fcf8cdc723ce42e51f636c2ec1401e,Uploaded in this connection; reused only within this case,"{'a': '9b978d2e46caf130523c58fff234fef96c0406ded35899dfa5ab802aa5986ae8', 'bt': 'e8d2301b5bc34a8f7919780891b6b5c8e4ff89033dc1a204bc907eeecb197ff6', 'c': 'e65df08591986283248506c57559cdc0134abdbe06d7e618d88c377169cdba0d'}",PASS,0.0189997999696061,0.19202950003091246,0.5441035999683663,221,24,2,1,4,152,0,2,8,32,2638998349,100000000,1,576,572,0.12823050003498793,0.031628499971702695,0.8833634000038728,2.21e-06,0.0009049773755656108,7.070135746606335e-05
endurance,1,PASS,True,419,1,0,22993931,5,3,9,"{'m': 5, 'n': 3, 'k': 9, 'a_base': 64, 'bt_base': 512, 'c_base': 832, 'a_stride': 64, 'bt_stride': 64, 'c_stride': 64, 'mode': 1, 'watchdog': 10000000}",2026-10-04T17:44:49.381665+00:00,2026-10-04T17:44:50.370787+00:00,dbcf0c0263dde28ab0212406171e4faba9b8699bb55cfc72262f77806a9c5bc9,907fb19316be82d4d49500ddbf224f1026d4edacbc55c83c03a4470f8a97f248,27dead032332544015706039c0f0c3c1bdb28ed7e274a86b8a55ae5e481101fd,75f4232212ce70554fe98e64a7e2fd7f8d5076adcd1cc93bafda63094c8354fb,Uploaded in this connection; reused only within this case,"{'a': '10509195f0925eeaee27a6ef51d1ad238b293ff30b1cf4ea842600c54285f74f', 'bt': 'cb03482748694fa407e3ade6dc6a979812cd1054792f387412165e248bdfed2f', 'c': '4079d8ef09efa66b40f252790e077908c98820fc7157f663feb59535908da542'}",PASS,0.04299480002373457,0.19219189998693764,0.5437511999625713,479,32,16,10,60,236,0,10,8,32,2638998349,100000000,15,1216,1156,0.17611200001556426,0.03186330001335591,0.9550498999888077,4.79e-06,0.05636743215031315,0.004403705636743215
endurance,1,PASS,True,420,0,0,22993931,5,3,9,"{'m': 5, 'n': 3, 'k': 9, 'a_base': 64, 'bt_base': 512, 'c_base': 832, 'a_stride': 64, 'bt_stride': 64, 'c_stride': 64, 'mode': 0, 'watchdog': 10000000}",2026-10-04T17:44:50.426206+00:00,2026-10-04T17:44:51.410769+00:00,dbcf0c0263dde28ab0212406171e4faba9b8699bb55cfc72262f77806a9c5bc9,907fb19316be82d4d49500ddbf224f1026d4edacbc55c83c03a4470f8a97f248,27dead032332544015706039c0f0c3c1bdb28ed7e274a86b8a55ae5e481101fd,75f4232212ce70554fe98e64a7e2fd7f8d5076adcd1cc93bafda63094c8354fb,Uploaded in this connection; reused only within this case,"{'a': '10509195f0925eeaee27a6ef51d1ad238b293ff30b1cf4ea842600c54285f74f', 'bt': 'cb03482748694fa407e3ade6dc6a979812cd1054792f387412165e248bdfed2f', 'c': '4079d8ef09efa66b40f252790e077908c98820fc7157f663feb59535908da542'}",PASS,0.03939720004564151,0.19223689998034388,0.543762199988123,487,32,16,10,60,244,0,10,8,32,2638998349,100000000,15,1216,1156,0.1761376999784261,0.031824100005906075,0.9515339999925345,4.87e-06,0.055441478439425054,0.004331365503080082
endurance,1,PASS,True,421,0,0,23003904,31,33,17,"{'m': 31, 'n': 33, 'k': 17, 'a_base': 64, 'bt_base': 2176, 'c_base': 4416, 'a_stride': 64, 'bt_stride': 64, 'c_stride': 192, 'mode': 0, 'watchdog': 10000000}",2026-10-04T17:44:51.861900+00:00,2026-10-04T17:44:53.874843+00:00,16234aa0320d228fa41843a67932f76eadcd6538bfafeb1e170eedbb07269b16,c264c9f582d1fd7ab01644f01309cd9f12d4068eedb4953c99b169cc26bf20b4,7a813d5bf1d687e6b8118176a84ef29459a11849e4d25a12784f2c3b54e685c8,b76f8e4488f2916aa4a1b875bb3aecc52676d0c2d08b1f7da9d655d3b300dc66,Uploaded in this connection; reused only within this case,"{'a': '153bfd5117132c73de5469ccdb26f945f6f4a8cfb541ecf296ad8ecab346f0fb', 'bt': '04ffcee8c96c2a44a0ac8cf0813ea0215968450bc1bdae215a43bc358a31a535', 'c': '2447c6cfe8d0aa4dd3ad5a2d0a287652ba52310d08d6f0c08fe814aa3a1e459f'}",PASS,0.42651999997906387,0.192040599999018,0.5438804000150412,7341,800,285,527,4092,1912,0,124,8,32,2638998349,100000000,1023,10432,6340,0.8160950999590568,0.03203350002877414,1.97853609995218,7.341e-05,0.4738046587658357,0.037015988966080916
endurance,1,PASS,True,422,1,0,23003904,31,33,17,"{'m': 31, 'n': 33, 'k': 17, 'a_base': 64, 'bt_base': 2176, 'c_base': 4416, 'a_stride': 64, 'bt_stride': 64, 'c_stride': 192, 'mode': 1, 'watchdog': 10000000}",2026-10-04T17:44:53.938592+00:00,2026-10-04T17:44:55.986569+00:00,16234aa0320d228fa41843a67932f76eadcd6538bfafeb1e170eedbb07269b16,c264c9f582d1fd7ab01644f01309cd9f12d4068eedb4953c99b169cc26bf20b4,7a813d5bf1d687e6b8118176a84ef29459a11849e4d25a12784f2c3b54e685c8,b76f8e4488f2916aa4a1b875bb3aecc52676d0c2d08b1f7da9d655d3b300dc66,Uploaded in this connection; reused only within this case,"{'a': '153bfd5117132c73de5469ccdb26f945f6f4a8cfb541ecf296ad8ecab346f0fb', 'bt': '04ffcee8c96c2a44a0ac8cf0813ea0215968450bc1bdae215a43bc358a31a535', 'c': '2447c6cfe8d0aa4dd3ad5a2d0a287652ba52310d08d6f0c08fe814aa3a1e459f'}",PASS,0.4303409000276588,0.19202339998446405,0.5439218999817967,6512,800,285,527,4092,1223,0,124,8,32,2638998349,100000000,1023,10432,6340,0.8481391000095755,0.031794500013347715,2.014425300003495,6.512e-05,0.5341216216216216,0.041728251689189186
endurance,1,PASS,True,423,1,0,23013877,33,35,256,"{'m': 33, 'n': 35, 'k': 256, 'a_base': 64, 'bt_base': 8640, 'c_base': 17728, 'a_stride': 256, 'bt_stride': 256, 'c_stride': 192, 'mode': 1, 'watchdog': 10000000}",2026-10-04T17:44:57.429305+00:00,2026-10-04T17:45:00.450642+00:00,6e7974cd418b1ebee5241ae6a794f82cbe25db633692f2d19b9efd738c53fe84,dc3fba4ea480b07444106e3a100c8ba8622b8b42810ac5f6c010d4bc1269ca96,2f6e4f9cea023e23b036f0ba08e1fa2912495b22f545a6321f48b4a5e5b0a750,450d436bef3d121902a130aadd93278a49c7323a4c9e45917fd6affa41acc709,Uploaded in this connection; reused only within this case,"{'a': 'ab645b01a6f60563f7c4f43ee7e9bdc5643aa1008d89ff2152a59fc2f150c89b', 'bt': 'ace096e40f11bbb654a18cf1dcb5f63c76bc2c3f83903f2e1f3dffab0d0a562d', 'c': 'fa78f1bd8be335869869cf74be1af7562f0388ba95ca254d196088d9793e020f'}",PASS,0.4761559999897145,0.1919569000019692,0.5439749999786727,13271,6975,4352,594,4620,3473,0,134,8,32,2638998349,100000000,1155,24128,19508,1.7760949999792501,0.03201130003435537,2.9881828999496065,0.00013271,4.456031949363274,0.3481274960440057
endurance,1,PASS,True,424,0,0,23013877,33,35,256,"{'m': 33, 'n': 35, 'k': 256, 'a_base': 64, 'bt_base': 8640, 'c_base': 17728, 'a_stride': 256, 'bt_stride': 256, 'c_stride': 192, 'mode': 0, 'watchdog': 10000000}",2026-10-04T17:45:00.510924+00:00,2026-10-04T17:45:03.587476+00:00,6e7974cd418b1ebee5241ae6a794f82cbe25db633692f2d19b9efd738c53fe84,dc3fba4ea480b07444106e3a100c8ba8622b8b42810ac5f6c010d4bc1269ca96,2f6e4f9cea023e23b036f0ba08e1fa2912495b22f545a6321f48b4a5e5b0a750,450d436bef3d121902a130aadd93278a49c7323a4c9e45917fd6affa41acc709,Uploaded in this connection; reused only within this case,"{'a': 'ab645b01a6f60563f7c4f43ee7e9bdc5643aa1008d89ff2152a59fc2f150c89b', 'bt': 'ace096e40f11bbb654a18cf1dcb5f63c76bc2c3f83903f2e1f3dffab0d0a562d', 'c': 'fa78f1bd8be335869869cf74be1af7562f0388ba95ca254d196088d9793e020f'}",PASS,0.44932329998118803,0.1919730000081472,0.5441351999761537,19804,6975,4352,594,4620,7699,0,134,8,32,2638998349,100000000,1155,24128,19508,1.8566789000178687,0.0322425999911502,3.0421103999833576,0.00019804,2.986063421531004,0.23328620480710968
endurance,1,PASS,True,425,0,0,23023850,65,63,255,"{'m': 65, 'n': 63, 'k': 255, 'a_base': 64, 'bt_base': 16832, 'c_base': 33088, 'a_stride': 256, 'bt_stride': 256, 'c_stride': 256, 'mode': 0, 'watchdog': 10000000}",2026-10-04T17:45:06.325667+00:00,2026-10-04T17:45:11.858125+00:00,e28c31a55a94a552d2efc2a08cd2542b26b060f036d4a5d83bb2638d705051d1,198ba6a3d916283506144b7c16be81a00c8f23277fb13b7c64558b4c611e861f,f49d841bb888f25255d2cff245b4b76be42480f9b44de14335ceee77426546ce,2d23da8e5e309d56c6ab019ed8fb2b3611747bcde9a440e1fc2a646f2e2898a4,Uploaded in this connection; reused only within this case,"{'a': '9dbc4d6cd5114424a74acdeaf273d739d9ddaa9beb4f676dbb9aea2e71a94181', 'bt': '92a8678527d6877b364e7ac3110da0620155e498c89325cd625c65d7bfbdcc8b', 'c': 'e3e30b1b6d58c0ecef5fd48d521d89e4e6a3e9cdee4edae63631b619da317251'}",PASS,1.1788490999606438,0.1919804000062868,0.5439529999857768,52345,20016,10208,2080,16380,17496,0,268,8,32,2638998349,100000000,4095,49792,33412,3.583942700002808,0.03189859999110922,5.498725199955516,0.00052345,3.98977934855287,0.311701511605693
endurance,1,PASS,True,426,1,0,23023850,65,63,255,"{'m': 65, 'n': 63, 'k': 255, 'a_base': 64, 'bt_base': 16832, 'c_base': 33088, 'a_stride': 256, 'bt_stride': 256, 'c_stride': 256, 'mode': 1, 'watchdog': 10000000}",2026-10-04T17:45:11.913564+00:00,2026-10-04T17:45:17.442815+00:00,e28c31a55a94a552d2efc2a08cd2542b26b060f036d4a5d83bb2638d705051d1,198ba6a3d916283506144b7c16be81a00c8f23277fb13b7c64558b4c611e861f,f49d841bb888f25255d2cff245b4b76be42480f9b44de14335ceee77426546ce,2d23da8e5e309d56c6ab019ed8fb2b3611747bcde9a440e1fc2a646f2e2898a4,Uploaded in this connection; reused only within this case,"{'a': '9dbc4d6cd5114424a74acdeaf273d739d9ddaa9beb4f676dbb9aea2e71a94181', 'bt': '92a8678527d6877b364e7ac3110da0620155e498c89325cd625c65d7bfbdcc8b', 'c': 'e3e30b1b6d58c0ecef5fd48d521d89e4e6a3e9cdee4edae63631b619da317251'}",PASS,1.1742086000158451,0.19171230000210926,0.5438633000012487,26454,20016,10208,2080,16380,3512,0,268,8,32,2638998349,100000000,4095,49792,33412,3.5843031000113115,0.032432999985758215,5.494087300030515,0.00026454,7.894647312315717,0.6167693212746654
endurance,1,PASS,True,427,1,0,23033823,1,64,256,"{'m': 1, 'n': 64, 'k': 256, 'a_base': 64, 'bt_base': 448, 'c_base': 16960, 'a_stride': 256, 'bt_stride': 256, 'c_stride': 256, 'mode': 1, 'watchdog': 10000000}",2026-10-04T17:45:18.772495+00:00,2026-10-04T17:45:20.897969+00:00,cd4e220c053e19985d011e839cf0f4b97d9475e8f7006d198246597d2cd0a570,832eda51f4b89e23be24b5eba9dc4f75fcbfc09d8e3f67e62833d0c34db354da,d48504475d5ce953413c72966c5e7ea63b0dbf3664c5eb2024ca6b4f1e529e66,418da2d708eddb641db8089aded02626acc4c9a8aa931ff3022881cb94cf2f79,Uploaded in this connection; reused only within this case,"{'a': 'be15372ddd1e373246199ad80ea61e12b5b3381f220aa2880cb0f66b6908cee7', 'bt': '7854cc49ca5ad9a6b47e0facc08016b1b2db5067cf4754d97f91075b988ac375', 'c': '5acfca8f2c4cc9c4c66fb7b0989420bab8ffee539e271dcc715e097ac9fef01e'}",PASS,0.044334599981084466,0.1921495000133291,0.5437124999589287,5009,2232,2112,32,256,2626,0,4,8,32,2638998349,100000000,64,17280,17024,1.312223500048276,0.03188709996175021,2.0924201000016183,5.009e-05,0.6541824715512078,0.05110800558993811
endurance,1,PASS,True,428,0,0,23033823,1,64,256,"{'m': 1, 'n': 64, 'k': 256, 'a_base': 64, 'bt_base': 448, 'c_base': 16960, 'a_stride': 256, 'bt_stride': 256, 'c_stride': 256, 'mode': 0, 'watchdog': 10000000}",2026-10-04T17:45:20.942605+00:00,2026-10-04T17:45:23.057969+00:00,cd4e220c053e19985d011e839cf0f4b97d9475e8f7006d198246597d2cd0a570,832eda51f4b89e23be24b5eba9dc4f75fcbfc09d8e3f67e62833d0c34db354da,d48504475d5ce953413c72966c5e7ea63b0dbf3664c5eb2024ca6b4f1e529e66,418da2d708eddb641db8089aded02626acc4c9a8aa931ff3022881cb94cf2f79,Uploaded in this connection; reused only within this case,"{'a': 'be15372ddd1e373246199ad80ea61e12b5b3381f220aa2880cb0f66b6908cee7', 'bt': '7854cc49ca5ad9a6b47e0facc08016b1b2db5067cf4754d97f91075b988ac375', 'c': '5acfca8f2c4cc9c4c66fb7b0989420bab8ffee539e271dcc715e097ac9fef01e'}",PASS,0.0341047000256367,0.19211980002000928,0.5439386999933049,6266,2232,2112,32,256,3766,0,4,8,32,2638998349,100000000,64,17280,17024,1.3118985000182875,0.03211409994401038,2.0820617000572383,6.266e-05,0.5229492499202043,0.04085541015001596
endurance,1,PASS,True,429,0,0,23043796,64,1,256,"{'m': 64, 'n': 1, 'k': 256, 'a_base': 64, 'bt_base': 16576, 'c_base': 16960, 'a_stride': 256, 'bt_stride': 256, 'c_stride': 64, 'mode': 0, 'watchdog': 10000000}",2026-10-04T17:45:24.403545+00:00,2026-10-04T17:45:27.042126+00:00,d0fcdc8442c33444df23f0da4ab44b1afdca9721235c8e1d9cbc70bbe9bc2b8b,1490e06f274e1a1d2128828826cad79b4c45d9e302ffe3979d3fd111f4d0de70,07ae7e1d06b23f4a9f9450bd4babe944afe0b86b25273ccd04e6f9e2155efa2f,dbe92bf7cecfa397be8dff1a3a6cc55cb952cb37e36473e84f31b2c3e7aebfd1,Uploaded in this connection; reused only within this case,"{'a': '504fcea0956e903c8ff0551926f7d1a7c5ff393079e3d1c1a7fe685786dbe5ba', 'bt': '67257d1d5ceccfc0a2a1b970191c0d28f98f0d6e15bc6323a79b8a24e65d36a2', 'c': '7179fa474cd9342b9bfbb8dc336969faf7a1f13d8eb02cb22701669efce34b69'}",PASS,0.30103649996453896,0.19212710001738742,0.5438796000089496,8343,2232,2112,64,256,3760,0,128,8,32,2638998349,100000000,64,21120,20864,1.5680773999774829,0.032299000013154,2.605120599968359,8.343e-05,0.39276039793839146,0.030684406088936834
endurance,1,PASS,True,430,1,0,23043796,64,1,256,"{'m': 64, 'n': 1, 'k': 256, 'a_base': 64, 'bt_base': 16576, 'c_base': 16960, 'a_stride': 256, 'bt_stride': 256, 'c_stride': 64, 'mode': 1, 'watchdog': 10000000}",2026-10-04T17:45:27.102634+00:00,2026-10-04T17:45:29.729383+00:00,d0fcdc8442c33444df23f0da4ab44b1afdca9721235c8e1d9cbc70bbe9bc2b8b,1490e06f274e1a1d2128828826cad79b4c45d9e302ffe3979d3fd111f4d0de70,07ae7e1d06b23f4a9f9450bd4babe944afe0b86b25273ccd04e6f9e2155efa2f,dbe92bf7cecfa397be8dff1a3a6cc55cb952cb37e36473e84f31b2c3e7aebfd1,Uploaded in this connection; reused only within this case,"{'a': '504fcea0956e903c8ff0551926f7d1a7c5ff393079e3d1c1a7fe685786dbe5ba', 'bt': '67257d1d5ceccfc0a2a1b970191c0d28f98f0d6e15bc6323a79b8a24e65d36a2', 'c': '7179fa474cd9342b9bfbb8dc336969faf7a1f13d8eb02cb22701669efce34b69'}",PASS,0.29023500002222136,0.1919901999644935,0.543672300002072,6053,2232,2112,64,256,2626,0,128,8,32,2638998349,100000000,64,21120,20864,1.5680608000257052,0.03166009997949004,2.593958300014492,6.053e-05,0.5413513960019825,0.04229307781265488
endurance,1,PASS,True,431,1,0,23053769,32,32,256,"{'m': 32, 'n': 32, 'k': 256, 'a_base': 64, 'bt_base': 8384, 'c_base': 16704, 'a_stride': 256, 'bt_stride': 256, 'c_stride': 128, 'mode': 1, 'watchdog': 10000000}",2026-10-04T17:45:31.045124+00:00,2026-10-04T17:45:33.665466+00:00,d5352e8d89c716260dc3dcac5f94b5a92cf867af6cb65d9186d52bc047b61f3e,16a98366376cdf7e073b892f8efdcfc157fce0f48abf204d6f82a58fd58f8c90,dd79ecdbf2f53c3312d3008b7e3d2cbbe3518880e908335ea9f7c9f90498950c,1080dcbc7d10c3234279805126c6bbbdc74aef0d3f301a127341a3d8d40a1ce5,Uploaded in this connection; reused only within this case,"{'a': '98d161ec8d45ee38b985c51c43d78aaefdce794a1680206e6d6f8bc48da6c2cf', 'bt': '45648983dae1bcfc59550e982abbc2a05d4b37059a3dd83bd4315fa5ca428144', 'c': '41c0d310170443b82f8c3621a700c826f1d09af1b7fe15675f024eaa83139795'}",PASS,0.2983638999867253,0.19240519998129457,0.5436495000030845,11589,4464,2048,512,4096,3477,0,66,8,32,2638998349,100000000,1024,20864,16768,1.5528143999981694,0.031213600013870746,2.587232999969274,0.00011589,4.524014151350418,0.35343860557425144
endurance,1,PASS,True,432,0,0,23053769,32,32,256,"{'m': 32, 'n': 32, 'k': 256, 'a_base': 64, 'bt_base': 8384, 'c_base': 16704, 'a_stride': 256, 'bt_stride': 256, 'c_stride': 128, 'mode': 0, 'watchdog': 10000000}",2026-10-04T17:45:33.722455+00:00,2026-10-04T17:45:36.337319+00:00,d5352e8d89c716260dc3dcac5f94b5a92cf867af6cb65d9186d52bc047b61f3e,16a98366376cdf7e073b892f8efdcfc157fce0f48abf204d6f82a58fd58f8c90,dd79ecdbf2f53c3312d3008b7e3d2cbbe3518880e908335ea9f7c9f90498950c,1080dcbc7d10c3234279805126c6bbbdc74aef0d3f301a127341a3d8d40a1ce5,Uploaded in this connection; reused only within this case,"{'a': '98d161ec8d45ee38b985c51c43d78aaefdce794a1680206e6d6f8bc48da6c2cf', 'bt': '45648983dae1bcfc59550e982abbc2a05d4b37059a3dd83bd4315fa5ca428144', 'c': '41c0d310170443b82f8c3621a700c826f1d09af1b7fe15675f024eaa83139795'}",PASS,0.293716799991671,0.1920410000020638,0.5439217999810353,11565,4464,2048,512,4096,3468,0,66,8,32,2638998349,100000000,1024,20864,16768,1.55227789998753,0.03179949999321252,2.5819574999623,0.00011565,4.533402507565931,0.35417207090358843
endurance,1,PASS,True,433,1,0,23088687,1,1,1,"{'m': 1, 'n': 1, 'k': 1, 'a_base': 64, 'bt_base': 256, 'c_base': 448, 'a_stride': 64, 'bt_stride': 64, 'c_stride': 64, 'mode': 1, 'watchdog': 10000000}",2026-10-04T17:45:36.530772+00:00,2026-10-04T17:45:37.457455+00:00,a83dd0ccbffe39d071cc317ddf6e97f5c6b1c87af91919271f9fa140b0508c6c,e4ff5e7d7a7f08e9800a3e25cb774533cb20040df30b6ba10f956f9acd0eb3f7,f11c5d8f66f67aa113a5b7c93db634d741148070a6547343ee9eb0b5bc952b7b,ac8884107af5ab05f21e4e4a83ecb89742e09c552d971048fd2ce4dc14f3df00,Uploaded in this connection; reused only within this case,"{'a': '86114b123aa278ec4be8c84a2ba0371bbd859c0b7cad42b61b22766fb0bb1cc9', 'bt': 'fbb2427e0b14e7f9b575f40e153d3de29908cc4397a70aef6a4d388208937e81', 'c': '3fff0ddb8e1eca04b8f17d6d012da63573e9749248d0fae095ede8698d9a72e3'}",PASS,0.029342799971345812,0.19214430003194138,0.5438403000007384,219,24,2,1,4,150,0,2,8,32,2638998349,100000000,1,576,572,0.12845159997232258,0.03174459998263046,0.8937789999763481,2.19e-06,0.0009132420091324201,7.134703196347032e-05
endurance,1,PASS,True,434,0,0,23088687,1,1,1,"{'m': 1, 'n': 1, 'k': 1, 'a_base': 64, 'bt_base': 256, 'c_base': 448, 'a_stride': 64, 'bt_stride': 64, 'c_stride': 64, 'mode': 0, 'watchdog': 10000000}",2026-10-04T17:45:37.512154+00:00,2026-10-04T17:45:38.433169+00:00,a83dd0ccbffe39d071cc317ddf6e97f5c6b1c87af91919271f9fa140b0508c6c,e4ff5e7d7a7f08e9800a3e25cb774533cb20040df30b6ba10f956f9acd0eb3f7,f11c5d8f66f67aa113a5b7c93db634d741148070a6547343ee9eb0b5bc952b7b,ac8884107af5ab05f21e4e4a83ecb89742e09c552d971048fd2ce4dc14f3df00,Uploaded in this connection; reused only within this case,"{'a': '86114b123aa278ec4be8c84a2ba0371bbd859c0b7cad42b61b22766fb0bb1cc9', 'bt': 'fbb2427e0b14e7f9b575f40e153d3de29908cc4397a70aef6a4d388208937e81', 'c': '3fff0ddb8e1eca04b8f17d6d012da63573e9749248d0fae095ede8698d9a72e3'}",PASS,0.023893199977464974,0.19170909997774288,0.5441244000103325,218,24,2,1,4,149,0,2,8,32,2638998349,100000000,1,576,572,0.1277917000115849,0.03203709999797866,0.8875183999771252,2.18e-06,0.0009174311926605505,7.167431192660551e-05
endurance,1,PASS,True,435,0,0,23098660,5,3,9,"{'m': 5, 'n': 3, 'k': 9, 'a_base': 64, 'bt_base': 512, 'c_base': 832, 'a_stride': 64, 'bt_stride': 64, 'c_stride': 64, 'mode': 0, 'watchdog': 10000000}",2026-10-04T17:45:38.628077+00:00,2026-10-04T17:45:39.617568+00:00,b78ba3980cd3092d61eb55815fc6303c4bf7e0a7102f95adc645e0a3b4f13a2d,1ec7cce2afa4499fb6f0473d1712dd23cab1f4b569d56df837ede511ece69cee,3d2169e8cf61e1dcb19fd06440e55bde2f5b571e1a9445dbafd14904606820a9,a1793c51795e52752fb63269f2a603cba4f8480e75cef97aae4fd7c6726fb7b1,Uploaded in this connection; reused only within this case,"{'a': '939c13a139be3b5b793ca7bd6c767f515ccbf1318598cfafb03d5a50dfac76f2', 'bt': '9b8c38244b2d7afef38a1f00e8e1c6c821c83da2aa3dc09ff8600dbf690c5cc3', 'c': '6d390923e948bbeb7ee7d8427a2fd93f68e3fa81f80e62113efcb8deb9b9b61a'}",PASS,0.043039800017140806,0.19191569997929037,0.5440371999866329,479,32,16,10,60,236,0,10,8,32,2638998349,100000000,15,1216,1156,0.17598010000074282,0.03232550004031509,0.9549727999838069,4.79e-06,0.05636743215031315,0.004403705636743215
endurance,1,PASS,True,436,1,0,23098660,5,3,9,"{'m': 5, 'n': 3, 'k': 9, 'a_base': 64, 'bt_base': 512, 'c_base': 832, 'a_stride': 64, 'bt_stride': 64, 'c_stride': 64, 'mode': 1, 'watchdog': 10000000}",2026-10-04T17:45:39.666602+00:00,2026-10-04T17:45:40.657058+00:00,b78ba3980cd3092d61eb55815fc6303c4bf7e0a7102f95adc645e0a3b4f13a2d,1ec7cce2afa4499fb6f0473d1712dd23cab1f4b569d56df837ede511ece69cee,3d2169e8cf61e1dcb19fd06440e55bde2f5b571e1a9445dbafd14904606820a9,a1793c51795e52752fb63269f2a603cba4f8480e75cef97aae4fd7c6726fb7b1,Uploaded in this connection; reused only within this case,"{'a': '939c13a139be3b5b793ca7bd6c767f515ccbf1318598cfafb03d5a50dfac76f2', 'bt': '9b8c38244b2d7afef38a1f00e8e1c6c821c83da2aa3dc09ff8600dbf690c5cc3', 'c': '6d390923e948bbeb7ee7d8427a2fd93f68e3fa81f80e62113efcb8deb9b9b61a'}",PASS,0.04410330002428964,0.1921038000145927,0.5441133999847807,480,32,16,10,60,237,0,10,8,32,2638998349,100000000,15,1216,1156,0.17586060002213344,0.031899800000246614,0.9561811000457965,4.8e-06,0.05625,0.00439453125
endurance,1,PASS,True,437,1,0,23108633,31,33,17,"{'m': 31, 'n': 33, 'k': 17, 'a_base': 64, 'bt_base': 2176, 'c_base': 4416, 'a_stride': 64, 'bt_stride': 64, 'c_stride': 192, 'mode': 1, 'watchdog': 10000000}",2026-10-04T17:45:41.124569+00:00,2026-10-04T17:45:43.137452+00:00,449c4dc74ee98ff392f080820d9f92287b5ab9c9feb214cdf227ed053038bf9e,4314c2394f243361422281607752ae25115321af1aeb26f6d5dfceec8c21f152,8ac68067d168469c0980bed4a458ddca9d1c2a7abd2ed4a1f2b25de71563b53e,6bc7a0a0b2c1a00b84435683440be41e8863e1f32f90978ead49f3fdce82feb2,Uploaded in this connection; reused only within this case,"{'a': '28d0e6b164fe80eb645a3a66467a27b39f2ccad198abcaee393c7c5b012cbcc0', 'bt': '2f874383f662e7dc30f60e1fd495ab4fca3cb735665deb3db25aca8ec5fc663e', 'c': '85d39e540a8c6444b19fa3f5a960a45b1085cc8f378df69da79bca31d1301aa1'}",PASS,0.4265876999706961,0.19191430002683774,0.5442156999488361,6475,800,285,527,4092,1227,0,124,8,32,2638998349,100000000,1023,10432,6340,0.815808100043796,0.03236979997018352,1.978525799990166,6.475e-05,0.5371737451737452,0.04196669884169884
endurance,1,PASS,True,438,0,0,23108633,31,33,17,"{'m': 31, 'n': 33, 'k': 17, 'a_base': 64, 'bt_base': 2176, 'c_base': 4416, 'a_stride': 64, 'bt_stride': 64, 'c_stride': 192, 'mode': 0, 'watchdog': 10000000}",2026-10-04T17:45:43.203426+00:00,2026-10-04T17:45:45.217049+00:00,449c4dc74ee98ff392f080820d9f92287b5ab9c9feb214cdf227ed053038bf9e,4314c2394f243361422281607752ae25115321af1aeb26f6d5dfceec8c21f152,8ac68067d168469c0980bed4a458ddca9d1c2a7abd2ed4a1f2b25de71563b53e,6bc7a0a0b2c1a00b84435683440be41e8863e1f32f90978ead49f3fdce82feb2,Uploaded in this connection; reused only within this case,"{'a': '28d0e6b164fe80eb645a3a66467a27b39f2ccad198abcaee393c7c5b012cbcc0', 'bt': '2f874383f662e7dc30f60e1fd495ab4fca3cb735665deb3db25aca8ec5fc663e', 'c': '85d39e540a8c6444b19fa3f5a960a45b1085cc8f378df69da79bca31d1301aa1'}",PASS,0.428008199960459,0.19178550003562123,0.5440039999666624,7408,800,285,527,4092,1947,0,124,8,32,2638998349,100000000,1023,10432,6340,0.8160038000205532,0.032058099983260036,1.9798014999832958,7.408e-05,0.46951943844492444,0.03668120612850972
endurance,1,PASS,True,439,0,0,23118606,33,35,256,"{'m': 33, 'n': 35, 'k': 256, 'a_base': 64, 'bt_base': 8640, 'c_base': 17728, 'a_stride': 256, 'bt_stride': 256, 'c_stride': 192, 'mode': 0, 'watchdog': 10000000}",2026-10-04T17:45:46.596187+00:00,2026-10-04T17:45:49.600951+00:00,d7a2825369de7b105fa8d95356a586137f6f1a79962eb6263f761bc8655e1154,d30647397e013203af4ed86acd1e272ba81a281b21988fa22166e91831b2ef85,110d46738e6dff9e85542bc1e56f54dc6b268f4d672d4ba06cb449d68b4fa21d,6729ac56a0fd6781d8d0d16fc4141d0932f7348ae3880eae6848fb4b839895c2,Uploaded in this connection; reused only within this case,"{'a': 'fce61ebcc1cdbe17b6eef00744d82b9723b27bcff1275b4735070be8cb0a5e42', 'bt': '551e512c22abebc5bad3436b908462799e13e20ce5746b48df327b957b5ba6cc', 'c': '04ad568c8f01c678cd2ff4887dfdc196c8a6c4984d493cf610bc28e747fee9d8'}",PASS,0.45961169997463003,0.19219390000216663,0.5437385000404902,19821,6975,4352,594,4620,7682,0,134,8,32,2638998349,100000000,1155,24128,19508,1.7759487999719568,0.03202089999103919,2.9714928999892436,0.00019821,2.98350234599667,0.23308612078098986
endurance,1,PASS,True,440,1,0,23118606,33,35,256,"{'m': 33, 'n': 35, 'k': 256, 'a_base': 64, 'bt_base': 8640, 'c_base': 17728, 'a_stride': 256, 'bt_stride': 256, 'c_stride': 192, 'mode': 1, 'watchdog': 10000000}",2026-10-04T17:45:49.651431+00:00,2026-10-04T17:45:52.656906+00:00,d7a2825369de7b105fa8d95356a586137f6f1a79962eb6263f761bc8655e1154,d30647397e013203af4ed86acd1e272ba81a281b21988fa22166e91831b2ef85,110d46738e6dff9e85542bc1e56f54dc6b268f4d672d4ba06cb449d68b4fa21d,6729ac56a0fd6781d8d0d16fc4141d0932f7348ae3880eae6848fb4b839895c2,Uploaded in this connection; reused only within this case,"{'a': 'fce61ebcc1cdbe17b6eef00744d82b9723b27bcff1275b4735070be8cb0a5e42', 'bt': '551e512c22abebc5bad3436b908462799e13e20ce5746b48df327b957b5ba6cc', 'c': '04ad568c8f01c678cd2ff4887dfdc196c8a6c4984d493cf610bc28e747fee9d8'}",PASS,0.4595013000071049,0.1920053999638185,0.5440233999979682,13254,6975,4352,594,4620,3486,0,134,8,32,2638998349,100000000,1155,24128,19508,1.7757777000078931,0.032142699987161905,2.9713077999767847,0.00013254,4.461747397012222,0.3485740153915799
endurance,1,PASS,True,441,1,0,23128579,65,63,255,"{'m': 65, 'n': 63, 'k': 255, 'a_base': 64, 'bt_base': 16832, 'c_base': 33088, 'a_stride': 256, 'bt_stride': 256, 'c_stride': 256, 'mode': 1, 'watchdog': 10000000}",2026-10-04T17:45:55.140877+00:00,2026-10-04T17:46:00.672603+00:00,4c98c13edb4a629b902f603d6f892578796a9ae92abcad6bf7826fa5186f612e,287f1eab60697c00872459aba37f22cfc2c0c7e9b5fc1009eeb85a70d5685d77,ba521bce011a7fe5bd73585cc56c763ca7fc6b3a1705245f407929418e0e53f1,3cb0d314fbbf0ba6c6df1e14e4f9d516a4771a8554942a65c0f8aa8b977945c2,Uploaded in this connection; reused only within this case,"{'a': 'ee98e417c8bf6088d476318bd1e0ac295fba4ff1178fc3a0c73d0c3d87f87753', 'bt': '99ba574c7c4809aa162df56fb792a798678b959ffc1fee24b0d79394cfeb0548', 'c': '7988ac9a1019675915d78918aabf9e3cc7a20da2cd5cfb695550806c685a79e6'}",PASS,1.1773522000294179,0.19190659996820614,0.544003100018017,26472,20016,10208,2080,16380,3489,0,268,8,32,2638998349,100000000,4095,49792,33412,3.5839797999942675,0.03200250002555549,5.4972417000099085,0.00026472,7.889279238440617,0.6163499405031732
endurance,1,PASS,True,442,0,0,23128579,65,63,255,"{'m': 65, 'n': 63, 'k': 255, 'a_base': 64, 'bt_base': 16832, 'c_base': 33088, 'a_stride': 256, 'bt_stride': 256, 'c_stride': 256, 'mode': 0, 'watchdog': 10000000}",2026-10-04T17:46:00.738569+00:00,2026-10-04T17:46:06.272439+00:00,4c98c13edb4a629b902f603d6f892578796a9ae92abcad6bf7826fa5186f612e,287f1eab60697c00872459aba37f22cfc2c0c7e9b5fc1009eeb85a70d5685d77,ba521bce011a7fe5bd73585cc56c763ca7fc6b3a1705245f407929418e0e53f1,3cb0d314fbbf0ba6c6df1e14e4f9d516a4771a8554942a65c0f8aa8b977945c2,Uploaded in this connection; reused only within this case,"{'a': 'ee98e417c8bf6088d476318bd1e0ac295fba4ff1178fc3a0c73d0c3d87f87753', 'bt': '99ba574c7c4809aa162df56fb792a798678b959ffc1fee24b0d79394cfeb0548', 'c': '7988ac9a1019675915d78918aabf9e3cc7a20da2cd5cfb695550806c685a79e6'}",PASS,1.1795171000412665,0.1919847999815829,0.543884499988053,52506,20016,10208,2080,16380,17534,0,268,8,32,2638998349,100000000,4095,49792,33412,3.584147799992934,0.031989899987820536,5.499534200003836,0.00052506,3.9775454233801852,0.31074573620157697
endurance,1,PASS,True,443,0,0,23138552,1,64,256,"{'m': 1, 'n': 64, 'k': 256, 'a_base': 64, 'bt_base': 448, 'c_base': 16960, 'a_stride': 256, 'bt_stride': 256, 'c_stride': 256, 'mode': 0, 'watchdog': 10000000}",2026-10-04T17:46:07.601798+00:00,2026-10-04T17:46:09.728078+00:00,518bd1f64ad89a948f95d23adad1668d442bbbe1bc12a1e8ac9fd48e58b37bcc,75ce0d1164a980f5c1d5c6e1be9790a347c99d65877aa242b68e9d3ca621bff8,1efd4490d1dc53096ae24173893108fe2b5a3fd7ad72ebd44c2aaf2fd33da8f7,6bc0a0d7956ee4f06258a55f93effd6aa7fcac0b5987c3d3b26fad5bba72f461,Uploaded in this connection; reused only within this case,"{'a': 'cb4cf95c034bfa63076591556825045c88e95462fa4ca0ca777be5e213f5a2ad', 'bt': '813fe6c306fc96d2107fd1ffd0bae0e072b4f0910ba8fbe791f5807bf4991b38', 'c': 'f7e28a671d2e07bf2d3969109fd7c93106f2cb85ba65c7f16618a145395232dd'}",PASS,0.045433999970555305,0.19183230004273355,0.5440546000027098,6255,2232,2112,32,256,3749,0,4,8,32,2638998349,100000000,64,17280,17024,1.3120279999566264,0.031914299994241446,2.093348899972625,6.255e-05,0.5238689048760992,0.04092725819344525
endurance,1,PASS,True,444,1,0,23138552,1,64,256,"{'m': 1, 'n': 64, 'k': 256, 'a_base': 64, 'bt_base': 448, 'c_base': 16960, 'a_stride': 256, 'bt_stride': 256, 'c_stride': 256, 'mode': 1, 'watchdog': 10000000}",2026-10-04T17:46:09.780416+00:00,2026-10-04T17:46:11.903904+00:00,518bd1f64ad89a948f95d23adad1668d442bbbe1bc12a1e8ac9fd48e58b37bcc,75ce0d1164a980f5c1d5c6e1be9790a347c99d65877aa242b68e9d3ca621bff8,1efd4490d1dc53096ae24173893108fe2b5a3fd7ad72ebd44c2aaf2fd33da8f7,6bc0a0d7956ee4f06258a55f93effd6aa7fcac0b5987c3d3b26fad5bba72f461,Uploaded in this connection; reused only within this case,"{'a': 'cb4cf95c034bfa63076591556825045c88e95462fa4ca0ca777be5e213f5a2ad', 'bt': '813fe6c306fc96d2107fd1ffd0bae0e072b4f0910ba8fbe791f5807bf4991b38', 'c': 'f7e28a671d2e07bf2d3969109fd7c93106f2cb85ba65c7f16618a145395232dd'}",PASS,0.04258000000845641,0.1921468999935314,0.544018300017342,5003,2232,2112,32,256,2620,0,4,8,32,2638998349,100000000,64,17280,17024,1.311899500025902,0.031813799985684454,2.0906447000452317,5.003e-05,0.6549670197881271,0.05116929842094743
endurance,1,PASS,True,445,1,0,23148525,64,1,256,"{'m': 64, 'n': 1, 'k': 256, 'a_base': 64, 'bt_base': 16576, 'c_base': 16960, 'a_stride': 256, 'bt_stride': 256, 'c_stride': 64, 'mode': 1, 'watchdog': 10000000}",2026-10-04T17:46:13.236651+00:00,2026-10-04T17:46:15.871739+00:00,76ef0ba60a478cfcd49ce7c3c50dfbd4a561fffeb7c4446a16dcca93aa1fb029,528d630b9f6a25c94ba9f95c55bf41246b22111dd51e22e946704d882bd1a5d3,7e98c3eac6b29f624a5c014df2ead6e312c4bca5e72a30c32f9913a7efe1fe41,05ea519401901bf00e20718a2fd9a5b7b9ee74045c5da430aff986161b55ef75,Uploaded in this connection; reused only within this case,"{'a': '1177a77b4d044374c1efcd1a5c45c1f4c2207815ad7a97835a3f748c1c0b246a', 'bt': '181513ce207acfb28f44a9807484322871e31fc7f9bec258ff41d15ce2e8c90d', 'c': '6e227ec7a01b47f487af54622470c5ce676a5b9183c6a9dc02552c5fdd474aba'}",PASS,0.29753809998510405,0.19193359999917448,0.5441239000065252,6053,2232,2112,64,256,2628,0,128,8,32,2638998349,100000000,64,21120,20864,1.5677961999899708,0.03192560002207756,2.6013917999807745,6.053e-05,0.5413513960019825,0.04229307781265488
endurance,1,PASS,True,446,0,0,23148525,64,1,256,"{'m': 64, 'n': 1, 'k': 256, 'a_base': 64, 'bt_base': 16576, 'c_base': 16960, 'a_stride': 256, 'bt_stride': 256, 'c_stride': 64, 'mode': 0, 'watchdog': 10000000}",2026-10-04T17:46:15.922855+00:00,2026-10-04T17:46:18.559916+00:00,76ef0ba60a478cfcd49ce7c3c50dfbd4a561fffeb7c4446a16dcca93aa1fb029,528d630b9f6a25c94ba9f95c55bf41246b22111dd51e22e946704d882bd1a5d3,7e98c3eac6b29f624a5c014df2ead6e312c4bca5e72a30c32f9913a7efe1fe41,05ea519401901bf00e20718a2fd9a5b7b9ee74045c5da430aff986161b55ef75,Uploaded in this connection; reused only within this case,"{'a': '1177a77b4d044374c1efcd1a5c45c1f4c2207815ad7a97835a3f748c1c0b246a', 'bt': '181513ce207acfb28f44a9807484322871e31fc7f9bec258ff41d15ce2e8c90d', 'c': '6e227ec7a01b47f487af54622470c5ce676a5b9183c6a9dc02552c5fdd474aba'}",PASS,0.2999674999737181,0.19218050001654774,0.5442708000191487,8310,2232,2112,64,256,3725,0,128,8,32,2638998349,100000000,64,21120,20864,1.5675357999862172,0.03192109998781234,2.6039545999956317,8.31e-05,0.3943200962695547,0.030806257521058963
endurance,1,PASS,True,447,0,0,23158498,32,32,256,"{'m': 32, 'n': 32, 'k': 256, 'a_base': 64, 'bt_base': 8384, 'c_base': 16704, 'a_stride': 256, 'bt_stride': 256, 'c_stride': 128, 'mode': 0, 'watchdog': 10000000}",2026-10-04T17:46:19.874655+00:00,2026-10-04T17:46:22.495768+00:00,85b047d6bf180eb0a8453b4f4d08e34cebcc15c3f0ecc26589698f20482c503b,70d0d52d6fdce0639a42dfb14c39bdccb68e4cfab7b83ad8b41e789bc1b94bd6,eeacb1e6da446327ff4212e68a7c6f91ec6716704275d38fcc9ad90d3c31c4ad,789dbb122339fdadb7a423ca7fcfdc701b8fb767867fa73dded959f0b9642eae,Uploaded in this connection; reused only within this case,"{'a': '56548e787ec6da1f47baa345af5e1a4eec3938f6e28b417eeea2af3733f2a409', 'bt': '6972440b64459fb6bb77550eff5522a9c1eade2fc5e15727c5947fefc4d13942', 'c': '34b4f6342503376a3ce6552edfb7b99994ffce887fb1811b8f857d2160c37935'}",PASS,0.2977594999829307,0.1920486000017263,0.5441911999951117,11559,4464,2048,512,4096,3456,0,66,8,32,2638998349,100000000,1024,20864,16768,1.5518228000146337,0.032022600003983825,2.5858220999944024,0.00011559,4.535755688208322,0.3543559131412752
endurance,1,PASS,True,448,1,0,23158498,32,32,256,"{'m': 32, 'n': 32, 'k': 256, 'a_base': 64, 'bt_base': 8384, 'c_base': 16704, 'a_stride': 256, 'bt_stride': 256, 'c_stride': 128, 'mode': 1, 'watchdog': 10000000}",2026-10-04T17:46:22.555087+00:00,2026-10-04T17:46:25.167470+00:00,85b047d6bf180eb0a8453b4f4d08e34cebcc15c3f0ecc26589698f20482c503b,70d0d52d6fdce0639a42dfb14c39bdccb68e4cfab7b83ad8b41e789bc1b94bd6,eeacb1e6da446327ff4212e68a7c6f91ec6716704275d38fcc9ad90d3c31c4ad,789dbb122339fdadb7a423ca7fcfdc701b8fb767867fa73dded959f0b9642eae,Uploaded in this connection; reused only within this case,"{'a': '56548e787ec6da1f47baa345af5e1a4eec3938f6e28b417eeea2af3733f2a409', 'bt': '6972440b64459fb6bb77550eff5522a9c1eade2fc5e15727c5947fefc4d13942', 'c': '34b4f6342503376a3ce6552edfb7b99994ffce887fb1811b8f857d2160c37935'}",PASS,0.29060330003267154,0.1921417000121437,0.5438957999576814,11601,4464,2048,512,4096,3492,0,66,8,32,2638998349,100000000,1024,20864,16768,1.5519954999908805,0.03189270000439137,2.578636299993377,0.00011601,4.519334540125851,0.3530730109473321
endurance,1,PASS,True,449,0,0,23193416,1,1,1,"{'m': 1, 'n': 1, 'k': 1, 'a_base': 64, 'bt_base': 256, 'c_base': 448, 'a_stride': 64, 'bt_stride': 64, 'c_stride': 64, 'mode': 0, 'watchdog': 10000000}",2026-10-04T17:46:25.377796+00:00,2026-10-04T17:46:26.303376+00:00,c337ded6f56c07205fb7b391654d7d463c9e0c726869523ae6024c9bec878878,6b86b273ff34fce19d6b804eff5a3f5747ada4eaa22f1d49c01e52ddb7875b4b,ee5df03d6e77f808d41299d568736b619ab50df52b464d4c2b33be1ffd12ff31,2acbda784d5438747db9bbaabbb73b73de0e76a4291d24385f4b1c972a19a0b7,Uploaded in this connection; reused only within this case,"{'a': 'a013dce77938564fb28a65fe0addeddcb4535fd278055a7aecfb0e61324ac58f', 'bt': '2e50f70efa2ad06c3aade1219d5815a51d314ac6ca4932d166af69fe8eb407fc', 'c': 'e67712086483af09d36fae9df78e034446bb2c5e4b79c2a7c5e894079c035ec4'}",PASS,0.028595999989192933,0.19203440001001582,0.5438965000212193,219,24,2,1,4,150,0,2,8,32,2638998349,100000000,1,576,572,0.1280764999683015,0.03191990003688261,0.8926033999887295,2.19e-06,0.0009132420091324201,7.134703196347032e-05
endurance,1,PASS,True,450,1,0,23193416,1,1,1,"{'m': 1, 'n': 1, 'k': 1, 'a_base': 64, 'bt_base': 256, 'c_base': 448, 'a_stride': 64, 'bt_stride': 64, 'c_stride': 64, 'mode': 1, 'watchdog': 10000000}",2026-10-04T17:46:26.360291+00:00,2026-10-04T17:46:27.279410+00:00,c337ded6f56c07205fb7b391654d7d463c9e0c726869523ae6024c9bec878878,6b86b273ff34fce19d6b804eff5a3f5747ada4eaa22f1d49c01e52ddb7875b4b,ee5df03d6e77f808d41299d568736b619ab50df52b464d4c2b33be1ffd12ff31,2acbda784d5438747db9bbaabbb73b73de0e76a4291d24385f4b1c972a19a0b7,Uploaded in this connection; reused only within this case,"{'a': 'a013dce77938564fb28a65fe0addeddcb4535fd278055a7aecfb0e61324ac58f', 'bt': '2e50f70efa2ad06c3aade1219d5815a51d314ac6ca4932d166af69fe8eb407fc', 'c': 'e67712086483af09d36fae9df78e034446bb2c5e4b79c2a7c5e894079c035ec4'}",PASS,0.021697100019082427,0.19188060000305995,0.5442462000064552,220,24,2,1,4,151,0,2,8,32,2638998349,100000000,1,576,572,0.12788579997140914,0.031920500041451305,0.8857097000000067,2.2e-06,0.0009090909090909091,7.102272727272727e-05
endurance,1,PASS,True,451,1,0,23203389,5,3,9,"{'m': 5, 'n': 3, 'k': 9, 'a_base': 64, 'bt_base': 512, 'c_base': 832, 'a_stride': 64, 'bt_stride': 64, 'c_stride': 64, 'mode': 1, 'watchdog': 10000000}",2026-10-04T17:46:27.458707+00:00,2026-10-04T17:46:28.447416+00:00,8cb847443ca1609fea6953cd8c3847d8972c3889b2f73dcd7819addd9d102e41,59ee61b3606ef64976cba0aea577ec8651c883f7d750d31de9447b66b54f8ab3,5b3e2b5c62ab08ff513f4b09b5a4a95aa37abaff3dc33598ec8586c197e6a22d,1763560a4ffb2103c110e54fe22f1b2db19213a58e03280c8d61fc2e9c8ac5fd,Uploaded in this connection; reused only within this case,"{'a': '7f8594d7de2c89f0f169a3bdf17ee42e2d9b7c824e3e5e958772f12f84e91d46', 'bt': '91222c190d02ee7bba1c3612ba7fd1fdc43176f7b21625ec4d9719480135f4f3', 'c': '7614bb5d3fc0d0d52ecd2768e8a5e65242eec29ffd848dc62d69dee98e3220e4'}",PASS,0.04247739998390898,0.1919084000401199,0.5439236999955028,478,32,16,10,60,235,0,10,8,32,2638998349,100000000,15,1216,1156,0.17635949997929856,0.03171810001367703,0.9546689999988303,4.78e-06,0.056485355648535567,0.004412918410041841
endurance,1,PASS,True,452,0,0,23203389,5,3,9,"{'m': 5, 'n': 3, 'k': 9, 'a_base': 64, 'bt_base': 512, 'c_base': 832, 'a_stride': 64, 'bt_stride': 64, 'c_stride': 64, 'mode': 0, 'watchdog': 10000000}",2026-10-04T17:46:28.503272+00:00,2026-10-04T17:46:29.487440+00:00,8cb847443ca1609fea6953cd8c3847d8972c3889b2f73dcd7819addd9d102e41,59ee61b3606ef64976cba0aea577ec8651c883f7d750d31de9447b66b54f8ab3,5b3e2b5c62ab08ff513f4b09b5a4a95aa37abaff3dc33598ec8586c197e6a22d,1763560a4ffb2103c110e54fe22f1b2db19213a58e03280c8d61fc2e9c8ac5fd,Uploaded in this connection; reused only within this case,"{'a': '7f8594d7de2c89f0f169a3bdf17ee42e2d9b7c824e3e5e958772f12f84e91d46', 'bt': '91222c190d02ee7bba1c3612ba7fd1fdc43176f7b21625ec4d9719480135f4f3', 'c': '7614bb5d3fc0d0d52ecd2768e8a5e65242eec29ffd848dc62d69dee98e3220e4'}",PASS,0.03910209995228797,0.19153500004904345,0.5439796999562532,482,32,16,10,60,239,0,10,8,32,2638998349,100000000,15,1216,1156,0.1761318999924697,0.03196530003333464,0.9507486999500543,4.82e-06,0.056016597510373446,0.004376296680497925
endurance,1,PASS,True,453,0,0,23213362,31,33,17,"{'m': 31, 'n': 33, 'k': 17, 'a_base': 64, 'bt_base': 2176, 'c_base': 4416, 'a_stride': 64, 'bt_stride': 64, 'c_stride': 192, 'mode': 0, 'watchdog': 10000000}",2026-10-04T17:46:29.938547+00:00,2026-10-04T17:46:31.951350+00:00,6dd8433499299d4f9c3ab1a86e7457171f46cc8ee23e604896bc67293c62bbd6,7fe43c44d1ff3e3eedfea3b3f6180c1c112e81b8168103d2978abf5ec83bbaa6,7757d934967d5234a35e58f58436159c57ba33968eedd18edc21ad96c770de5d,53f4d7b9a5d5ad13f50ae6bc1136f6282280722f81406a1ec3de6d2f1fd55083,Uploaded in this connection; reused only within this case,"{'a': 'e27c5d0ac383e5df3615269bfbe5b0a6510284d786893e97e0701f8c7f20a74d', 'bt': '1155ff8881108ff71b5569aa22beaf1103d6b4e1317c69c9a7f11f3e7547d122', 'c': '381745037213c975b7f015178880593d3d18648fcb6dfd1e3287faf4d01de9e6'}",PASS,0.42676269996445626,0.19195190002210438,0.5440397000056691,7356,800,285,527,4092,1911,0,124,8,32,2638998349,100000000,1023,10432,6340,0.8159380999859422,0.03205040004104376,1.978692399978172,7.356e-05,0.47283849918433934,0.03694050774877651
endurance,1,PASS,True,454,1,0,23213362,31,33,17,"{'m': 31, 'n': 33, 'k': 17, 'a_base': 64, 'bt_base': 2176, 'c_base': 4416, 'a_stride': 64, 'bt_stride': 64, 'c_stride': 192, 'mode': 1, 'watchdog': 10000000}",2026-10-04T17:46:32.016474+00:00,2026-10-04T17:46:34.031489+00:00,6dd8433499299d4f9c3ab1a86e7457171f46cc8ee23e604896bc67293c62bbd6,7fe43c44d1ff3e3eedfea3b3f6180c1c112e81b8168103d2978abf5ec83bbaa6,7757d934967d5234a35e58f58436159c57ba33968eedd18edc21ad96c770de5d,53f4d7b9a5d5ad13f50ae6bc1136f6282280722f81406a1ec3de6d2f1fd55083,Uploaded in this connection; reused only within this case,"{'a': 'e27c5d0ac383e5df3615269bfbe5b0a6510284d786893e97e0701f8c7f20a74d', 'bt': '1155ff8881108ff71b5569aa22beaf1103d6b4e1317c69c9a7f11f3e7547d122', 'c': '381745037213c975b7f015178880593d3d18648fcb6dfd1e3287faf4d01de9e6'}",PASS,0.4289038999704644,0.19219760003034025,0.5441533999983221,6479,800,285,527,4092,1224,0,124,8,32,2638998349,100000000,1023,10432,6340,0.8160147999878973,0.031867099984083325,1.981269699987024,6.479e-05,0.5368421052631579,0.04194078947368421
endurance,1,PASS,True,455,1,0,23223335,33,35,256,"{'m': 33, 'n': 35, 'k': 256, 'a_base': 64, 'bt_base': 8640, 'c_base': 17728, 'a_stride': 256, 'bt_stride': 256, 'c_stride': 192, 'mode': 1, 'watchdog': 10000000}",2026-10-04T17:46:35.427044+00:00,2026-10-04T17:46:38.431008+00:00,624b7c7345d8f0a3741fc43c7c6b0c4eb7f54d62dca999bb13ff6f621e164e19,6ffe1ae430dc122da2243ad79226646244d43e1c2a53cc2c6a361e4f38915008,dd12f450d8bdad508a07146abec168797b1b7d6ae7a206bd4f7f829a663be6f5,1e54cbe200c8d2996ef3edb24e61548e957836ce765bd1b12504323c2139fe2a,Uploaded in this connection; reused only within this case,"{'a': '69ebe3856d9480adde302a295ded47a57f51ac03064a13ef6489e4c36ce7ed10', 'bt': 'b5fdd9892bb6f0c17f42ffd4d08da948e2761acda88f26662406aa4ebb58c284', 'c': '832626ca1909faaa3d244d685f6726be50413bd8ced9633900b60bf5a88b47d5'}",PASS,0.4586023999727331,0.19141910003963858,0.5441195999737829,13262,6975,4352,594,4620,3494,0,134,8,32,2638998349,100000000,1155,24128,19508,1.776158900000155,0.031618000008165836,2.9702999999863096,0.00013262,4.45905594932891,0.3483637460413211
endurance,1,PASS,True,456,0,0,23223335,33,35,256,"{'m': 33, 'n': 35, 'k': 256, 'a_base': 64, 'bt_base': 8640, 'c_base': 17728, 'a_stride': 256, 'bt_stride': 256, 'c_stride': 192, 'mode': 0, 'watchdog': 10000000}",2026-10-04T17:46:38.486693+00:00,2026-10-04T17:46:41.486876+00:00,624b7c7345d8f0a3741fc43c7c6b0c4eb7f54d62dca999bb13ff6f621e164e19,6ffe1ae430dc122da2243ad79226646244d43e1c2a53cc2c6a361e4f38915008,dd12f450d8bdad508a07146abec168797b1b7d6ae7a206bd4f7f829a663be6f5,1e54cbe200c8d2996ef3edb24e61548e957836ce765bd1b12504323c2139fe2a,Uploaded in this connection; reused only within this case,"{'a': '69ebe3856d9480adde302a295ded47a57f51ac03064a13ef6489e4c36ce7ed10', 'bt': 'b5fdd9892bb6f0c17f42ffd4d08da948e2761acda88f26662406aa4ebb58c284', 'c': '832626ca1909faaa3d244d685f6726be50413bd8ced9633900b60bf5a88b47d5'}",PASS,0.4552118999999948,0.19199560000561178,0.544007699994836,19792,6975,4352,594,4620,7686,0,134,8,32,2638998349,100000000,1155,24128,19508,1.7760275999899022,0.031762099999468774,2.967242799990345,0.00019792,2.9878738884397738,0.23342764753435732
endurance,1,PASS,True,457,0,0,23233308,65,63,255,"{'m': 65, 'n': 63, 'k': 255, 'a_base': 64, 'bt_base': 16832, 'c_base': 33088, 'a_stride': 256, 'bt_stride': 256, 'c_stride': 256, 'mode': 0, 'watchdog': 10000000}",2026-10-04T17:46:43.971204+00:00,2026-10-04T17:46:49.502711+00:00,c3d70118576d6af0e42e1969630a85053afe0498beadbf9d8ff8414979b89817,15a105c8af5ef162a0124902523a5dcdda155ff88a5f96064800a9d9eaae18f2,10f4c98ebaf538ded1ca8ec8b43c2b6db77aed2f0f7448ab8cdbc24bb3b0b5f9,9cdc11f5c0c87fc00e4e98ece79e22dc501445d0d5e94b0da3076bc0eb28599d,Uploaded in this connection; reused only within this case,"{'a': '616ed2b218ff7c5bce4efcf6ac8f24417a6f591a0b67dfaa5bf142b91b56d417', 'bt': 'a2162a1c6aead8585a1de4b4a84922395c1edc762fcbbefb4010bde37f740ac9', 'c': '473586b731a4e6db3a756ef9ca863f21c8db2a76ed7bc23e4c5810545f72cd1a'}",PASS,1.1767744999960996,0.1921407000045292,0.5440923999994993,52389,20016,10208,2080,16380,17513,0,268,8,32,2638998349,100000000,4095,49792,33412,3.5838216000120156,0.031897999986540526,5.496829200012144,0.00052389,3.986428448720151,0.3114397225562618
endurance,1,PASS,True,458,1,0,23233308,65,63,255,"{'m': 65, 'n': 63, 'k': 255, 'a_base': 64, 'bt_base': 16832, 'c_base': 33088, 'a_stride': 256, 'bt_stride': 256, 'c_stride': 256, 'mode': 1, 'watchdog': 10000000}",2026-10-04T17:46:49.559240+00:00,2026-10-04T17:46:55.086422+00:00,c3d70118576d6af0e42e1969630a85053afe0498beadbf9d8ff8414979b89817,15a105c8af5ef162a0124902523a5dcdda155ff88a5f96064800a9d9eaae18f2,10f4c98ebaf538ded1ca8ec8b43c2b6db77aed2f0f7448ab8cdbc24bb3b0b5f9,9cdc11f5c0c87fc00e4e98ece79e22dc501445d0d5e94b0da3076bc0eb28599d,Uploaded in this connection; reused only within this case,"{'a': '616ed2b218ff7c5bce4efcf6ac8f24417a6f591a0b67dfaa5bf142b91b56d417', 'bt': 'a2162a1c6aead8585a1de4b4a84922395c1edc762fcbbefb4010bde37f740ac9', 'c': '473586b731a4e6db3a756ef9ca863f21c8db2a76ed7bc23e4c5810545f72cd1a'}",PASS,1.1744188999873586,0.19191560003673658,0.5439261000137776,26451,20016,10208,2080,16380,3498,0,268,8,32,2638998349,100000000,4095,49792,33412,3.5841740999603644,0.03150640003150329,5.494434699998237,0.00026451,7.895542701599183,0.6168392735624362
endurance,1,PASS,True,459,1,0,23243281,1,64,256,"{'m': 1, 'n': 64, 'k': 256, 'a_base': 64, 'bt_base': 448, 'c_base': 16960, 'a_stride': 256, 'bt_stride': 256, 'c_stride': 256, 'mode': 1, 'watchdog': 10000000}",2026-10-04T17:46:56.435650+00:00,2026-10-04T17:46:58.558352+00:00,4be2feebb8eb3c2e5d35b19c580c710bfd17b91847d85d11b99fb1ddd842928d,d06fd68e7e276d476942eb5c79f9593d5b6e274ee3c1db44938eb85004e0a36a,e186ff462de92431e7605451769a4b135e30bea77ae487ee74b351c18ec0e7a7,088db077ecfa7382f88acdfe69b7df1ec3a42d96e44b1eb50f60f0ba2aa023f1,Uploaded in this connection; reused only within this case,"{'a': 'b2a487bf8e0ef237e09bc876e4357f2d88f0f010c673476c5d9bb33c46303701', 'bt': 'f03a65e8c4936682eea9e62fc82e2710471b2a76c3e228e5f19a5648eda46183', 'c': 'b02497de18cd666ed6a056a6eed78cc7de37f84d63ca7d1101fed8a9c9ff0185'}",PASS,0.04080810002051294,0.1920164999901317,0.5438489000080153,4979,2232,2112,32,256,2588,0,4,8,32,2638998349,100000000,64,17280,17024,1.3119286999572068,0.03208110004197806,2.088602199975867,4.979e-05,0.6581241213094998,0.05141594697730468
endurance,1,PASS,True,460,0,0,23243281,1,64,256,"{'m': 1, 'n': 64, 'k': 256, 'a_base': 64, 'bt_base': 448, 'c_base': 16960, 'a_stride': 256, 'bt_stride': 256, 'c_stride': 256, 'mode': 0, 'watchdog': 10000000}",2026-10-04T17:46:58.618175+00:00,2026-10-04T17:47:00.734377+00:00,4be2feebb8eb3c2e5d35b19c580c710bfd17b91847d85d11b99fb1ddd842928d,d06fd68e7e276d476942eb5c79f9593d5b6e274ee3c1db44938eb85004e0a36a,e186ff462de92431e7605451769a4b135e30bea77ae487ee74b351c18ec0e7a7,088db077ecfa7382f88acdfe69b7df1ec3a42d96e44b1eb50f60f0ba2aa023f1,Uploaded in this connection; reused only within this case,"{'a': 'b2a487bf8e0ef237e09bc876e4357f2d88f0f010c673476c5d9bb33c46303701', 'bt': 'f03a65e8c4936682eea9e62fc82e2710471b2a76c3e228e5f19a5648eda46183', 'c': 'b02497de18cd666ed6a056a6eed78cc7de37f84d63ca7d1101fed8a9c9ff0185'}",PASS,0.035035000008065253,0.1920663999626413,0.5438550999970175,6274,2232,2112,32,256,3758,0,4,8,32,2638998349,100000000,64,17280,17024,1.3121643000049517,0.031892099999822676,2.0831207999726757,6.274e-05,0.5222824354478801,0.040803315269365634
endurance,1,PASS,True,461,0,0,23253254,64,1,256,"{'m': 64, 'n': 1, 'k': 256, 'a_base': 64, 'bt_base': 16576, 'c_base': 16960, 'a_stride': 256, 'bt_stride': 256, 'c_stride': 64, 'mode': 0, 'watchdog': 10000000}",2026-10-04T17:47:02.080824+00:00,2026-10-04T17:47:04.718191+00:00,37dba181dfd95845f71bc35fb2ae50b99754fa6a4843d0a7ef8a65f5a5cf011e,804687ea3222a89fc2809006ad32f3468ef8e45477c6f5ed7ff5cd0fac4c838b,63d8b1349639bbc1b1a747a0a064d48bfe2b860826ac19cf02d0b4ce68405fbe,bb1209832a393210e0bc78600d93ba09b971c4e20d6396a61f1cd4847f882440,Uploaded in this connection; reused only within this case,"{'a': '05177ffb1d303076d332973df5b1cd854e260962af50fae2fbe5c38fef21e470', 'bt': 'f2b5fae624f3ce1be5a87dd70d74212192030a4290af12144290480c242a1c23', 'c': '8808384e224658889d469658f1937d861bcf3df01a4be73247e631043ea8d021'}",PASS,0.3003747999900952,0.19190829998115078,0.5440404000109993,8314,2232,2112,64,256,3727,0,128,8,32,2638998349,100000000,64,21120,20864,1.5680969000095502,0.03186320001259446,2.6044203999917954,8.314e-05,0.39413038248737076,0.030791436131825837
endurance,1,PASS,True,462,1,0,23253254,64,1,256,"{'m': 64, 'n': 1, 'k': 256, 'a_base': 64, 'bt_base': 16576, 'c_base': 16960, 'a_stride': 256, 'bt_stride': 256, 'c_stride': 64, 'mode': 1, 'watchdog': 10000000}",2026-10-04T17:47:04.770413+00:00,2026-10-04T17:47:07.406028+00:00,37dba181dfd95845f71bc35fb2ae50b99754fa6a4843d0a7ef8a65f5a5cf011e,804687ea3222a89fc2809006ad32f3468ef8e45477c6f5ed7ff5cd0fac4c838b,63d8b1349639bbc1b1a747a0a064d48bfe2b860826ac19cf02d0b4ce68405fbe,bb1209832a393210e0bc78600d93ba09b971c4e20d6396a61f1cd4847f882440,Uploaded in this connection; reused only within this case,"{'a': '05177ffb1d303076d332973df5b1cd854e260962af50fae2fbe5c38fef21e470', 'bt': 'f2b5fae624f3ce1be5a87dd70d74212192030a4290af12144290480c242a1c23', 'c': '8808384e224658889d469658f1937d861bcf3df01a4be73247e631043ea8d021'}",PASS,0.298565500008408,0.19196020002709702,0.544080599967856,6059,2232,2112,64,256,2634,0,128,8,32,2638998349,100000000,64,21120,20864,1.567740100028459,0.031927899981383234,2.60234640003182,6.059e-05,0.5408153160587555,0.04225119656709028
endurance,1,PASS,True,463,1,0,23263227,32,32,256,"{'m': 32, 'n': 32, 'k': 256, 'a_base': 64, 'bt_base': 8384, 'c_base': 16704, 'a_stride': 256, 'bt_stride': 256, 'c_stride': 128, 'mode': 1, 'watchdog': 10000000}",2026-10-04T17:47:08.751849+00:00,2026-10-04T17:47:11.374087+00:00,aa7905309a0471ebe1557936f766e58658ae744733d6ca82c428a76db7507bb5,a0da331f9f28e5c9aa4801e8a7d69cd70dea819174af63e8d6b3f2ffd66e93db,2bb7a24b150f7e0c43b0874ed9f9234e9bd6faeb992bd00d7840e20ec528c3bd,ae4f09a8455bcc5831daf41a726b4a3f7a4ecd3dc3b52172f3ffd8bcf5046c50,Uploaded in this connection; reused only within this case,"{'a': '1b5259fdc3161d01d9d7d5560df9f1248eefacac15b238028809309bb6a8cc04', 'bt': '564366a47d5b2ac1031d774b7895f172db555e22501851fec4583ee458285203', 'c': 'f8d5177aaa0111818bde947ebe187fa45a95bc005c5ec489302ae5fd93ca049a'}",PASS,0.30015819997061044,0.19188120000762865,0.5439302999875508,11553,4464,2048,512,4096,3459,0,66,8,32,2638998349,100000000,1024,20864,16768,1.5521787000470795,0.03199559997301549,2.5881484000128694,0.00011553,4.538111313078853,0.3545399463342855
endurance,1,PASS,True,464,0,0,23263227,32,32,256,"{'m': 32, 'n': 32, 'k': 256, 'a_base': 64, 'bt_base': 8384, 'c_base': 16704, 'a_stride': 256, 'bt_stride': 256, 'c_stride': 128, 'mode': 0, 'watchdog': 10000000}",2026-10-04T17:47:11.434291+00:00,2026-10-04T17:47:14.045691+00:00,aa7905309a0471ebe1557936f766e58658ae744733d6ca82c428a76db7507bb5,a0da331f9f28e5c9aa4801e8a7d69cd70dea819174af63e8d6b3f2ffd66e93db,2bb7a24b150f7e0c43b0874ed9f9234e9bd6faeb992bd00d7840e20ec528c3bd,ae4f09a8455bcc5831daf41a726b4a3f7a4ecd3dc3b52172f3ffd8bcf5046c50,Uploaded in this connection; reused only within this case,"{'a': '1b5259fdc3161d01d9d7d5560df9f1248eefacac15b238028809309bb6a8cc04', 'bt': '564366a47d5b2ac1031d774b7895f172db555e22501851fec4583ee458285203', 'c': 'f8d5177aaa0111818bde947ebe187fa45a95bc005c5ec489302ae5fd93ca049a'}",PASS,0.29018599999835715,0.1924689000006765,0.5438339000102133,11592,4464,2048,512,4096,3480,0,66,8,32,2638998349,100000000,1024,20864,16768,1.5519371000118554,0.03165489999810234,2.5784259000211023,0.00011592,4.522843340234645,0.3533471359558316
endurance,1,PASS,True,465,1,0,23298145,1,1,1,"{'m': 1, 'n': 1, 'k': 1, 'a_base': 64, 'bt_base': 256, 'c_base': 448, 'a_stride': 64, 'bt_stride': 64, 'c_stride': 64, 'mode': 1, 'watchdog': 10000000}",2026-10-04T17:47:14.257854+00:00,2026-10-04T17:47:15.181784+00:00,0a43b22d89fa2499be5c7704c9bf273260b0ca9588e4cd1897cd80f9c96cd97a,c00e7f889cfc9216ec818bf2e1682fc6af0d89939c91776669478caf27c9727c,29c7c1a450d7c306615dbb5ed32015e5f9027198bdd3fe7032d01382d99d5115,e45d8165908527e3722104f311f4f70776c13718dfd7815bcd94a90c3042c0bb,Uploaded in this connection; reused only within this case,"{'a': 'b82184d43789d43b71c4d6a4c28c393b8e9f64ff886be8f7ee5d24674bccde04', 'bt': '4ad02c27773427919d85b95546a6e0481ab974ecd65e957934aeaa57be68584c', 'c': 'a138eb3d359fdd76da5766c0efb66d0548326842fde199edebee6dcf4fe4e2d0'}",PASS,0.02563039999222383,0.19192980002844706,0.5442748999921605,219,24,2,1,4,150,0,2,8,32,2638998349,100000000,1,576,572,0.1281470999820158,0.03153999999631196,0.8899821999948472,2.19e-06,0.0009132420091324201,7.134703196347032e-05
endurance,1,PASS,True,466,0,0,23298145,1,1,1,"{'m': 1, 'n': 1, 'k': 1, 'a_base': 64, 'bt_base': 256, 'c_base': 448, 'a_stride': 64, 'bt_stride': 64, 'c_stride': 64, 'mode': 0, 'watchdog': 10000000}",2026-10-04T17:47:15.244060+00:00,2026-10-04T17:47:16.173651+00:00,0a43b22d89fa2499be5c7704c9bf273260b0ca9588e4cd1897cd80f9c96cd97a,c00e7f889cfc9216ec818bf2e1682fc6af0d89939c91776669478caf27c9727c,29c7c1a450d7c306615dbb5ed32015e5f9027198bdd3fe7032d01382d99d5115,e45d8165908527e3722104f311f4f70776c13718dfd7815bcd94a90c3042c0bb,Uploaded in this connection; reused only within this case,"{'a': 'b82184d43789d43b71c4d6a4c28c393b8e9f64ff886be8f7ee5d24674bccde04', 'bt': '4ad02c27773427919d85b95546a6e0481ab974ecd65e957934aeaa57be68584c', 'c': 'a138eb3d359fdd76da5766c0efb66d0548326842fde199edebee6dcf4fe4e2d0'}",PASS,0.03249579999828711,0.19209989998489618,0.5440274000284262,216,24,2,1,4,147,0,2,8,32,2638998349,100000000,1,576,572,0.12785449996590614,0.03197900002123788,0.8964775999775156,2.16e-06,0.000925925925925926,7.233796296296296e-05
endurance,1,PASS,True,467,0,0,23308118,5,3,9,"{'m': 5, 'n': 3, 'k': 9, 'a_base': 64, 'bt_base': 512, 'c_base': 832, 'a_stride': 64, 'bt_stride': 64, 'c_stride': 64, 'mode': 0, 'watchdog': 10000000}",2026-10-04T17:47:16.370287+00:00,2026-10-04T17:47:17.357808+00:00,0bfac25c976e709a61d3248e2f28e518bb60c95bc9098aa524b9cb65d315ab51,f7235e637d214f71ec4b7178e586740e43bc71df77dd40677279a1cde0e09413,b6d40fe3458a35a230d7e0bfadfb9a2213ba2e19194603d4eb61e04b8715a5e9,469047636170cfa588e917eb4fefbd1abbb362f2a58ab1c15c229d2a7c2ba095,Uploaded in this connection; reused only within this case,"{'a': 'd0b7d96ea397a46b36fdb547d8102bfa5418fa32ed6f560d8c56c202af0be926', 'bt': 'e08d8c9444a234e2f6e668b37c059d0e29505927a73766c6a36db329e4a45777', 'c': '674814342c7e5948b88751c201cfda0b7f595a293e488439ec689816243db6a6'}",PASS,0.041546499996911734,0.19197990000247955,0.5439429999678396,486,32,16,10,60,243,0,10,8,32,2638998349,100000000,15,1216,1156,0.1760455000330694,0.03191769996192306,0.9535149000003003,4.86e-06,0.05555555555555555,0.004340277777777778
endurance,1,PASS,True,468,1,0,23308118,5,3,9,"{'m': 5, 'n': 3, 'k': 9, 'a_base': 64, 'bt_base': 512, 'c_base': 832, 'a_stride': 64, 'bt_stride': 64, 'c_stride': 64, 'mode': 1, 'watchdog': 10000000}",2026-10-04T17:47:17.407173+00:00,2026-10-04T17:47:18.397626+00:00,0bfac25c976e709a61d3248e2f28e518bb60c95bc9098aa524b9cb65d315ab51,f7235e637d214f71ec4b7178e586740e43bc71df77dd40677279a1cde0e09413,b6d40fe3458a35a230d7e0bfadfb9a2213ba2e19194603d4eb61e04b8715a5e9,469047636170cfa588e917eb4fefbd1abbb362f2a58ab1c15c229d2a7c2ba095,Uploaded in this connection; reused only within this case,"{'a': 'd0b7d96ea397a46b36fdb547d8102bfa5418fa32ed6f560d8c56c202af0be926', 'bt': 'e08d8c9444a234e2f6e668b37c059d0e29505927a73766c6a36db329e4a45777', 'c': '674814342c7e5948b88751c201cfda0b7f595a293e488439ec689816243db6a6'}",PASS,0.04536360001657158,0.19211569998878986,0.5439654000219889,479,32,16,10,60,236,0,10,8,32,2638998349,100000000,15,1216,1156,0.17571169999428093,0.03199950000271201,0.9571564000216313,4.79e-06,0.05636743215031315,0.004403705636743215
endurance,1,PASS,True,469,1,0,23318091,31,33,17,"{'m': 31, 'n': 33, 'k': 17, 'a_base': 64, 'bt_base': 2176, 'c_base': 4416, 'a_stride': 64, 'bt_stride': 64, 'c_stride': 192, 'mode': 1, 'watchdog': 10000000}",2026-10-04T17:47:18.863707+00:00,2026-10-04T17:47:20.877448+00:00,edabeac53a7414fb1b534bf19e6c879d46d6f3eacd480e1c3461ab90beaf75b0,2309f18161090ccacd967bd41e29842acf79c3d494be09b3bbbf511adbaae1f7,b9ed9c1f0651a9d260daab2eb779324e5d9b5eba5956e17c1015111c9525a318,e5f25b8834142656625978d5232a48b198b7d9baedcaa8060eb410fc8023f5e2,Uploaded in this connection; reused only within this case,"{'a': 'a1e545357fec96327cf663e61e152af50dca807dd6b7b8bae1cdef5ac0b84c04', 'bt': 'cf77bb863c3b926c481c9621e64334ca183135fc2d7ab2efd559793d3a5d581e', 'c': 'a06c789b007e4d1a75f161ac8b8af018d1c6eda6e510a8d042089ea7f8fc4abd'}",PASS,0.42889489996014163,0.1920376000343822,0.5437976999673992,6489,800,285,527,4092,1234,0,124,8,32,2638998349,100000000,1023,10432,6340,0.8161974000395276,0.031778300006408244,1.9809276000014506,6.489e-05,0.5360147942672214,0.041876155802126676
endurance,1,PASS,True,470,0,0,23318091,31,33,17,"{'m': 31, 'n': 33, 'k': 17, 'a_base': 64, 'bt_base': 2176, 'c_base': 4416, 'a_stride': 64, 'bt_stride': 64, 'c_stride': 192, 'mode': 0, 'watchdog': 10000000}",2026-10-04T17:47:20.940208+00:00,2026-10-04T17:47:22.957472+00:00,edabeac53a7414fb1b534bf19e6c879d46d6f3eacd480e1c3461ab90beaf75b0,2309f18161090ccacd967bd41e29842acf79c3d494be09b3bbbf511adbaae1f7,b9ed9c1f0651a9d260daab2eb779324e5d9b5eba5956e17c1015111c9525a318,e5f25b8834142656625978d5232a48b198b7d9baedcaa8060eb410fc8023f5e2,Uploaded in this connection; reused only within this case,"{'a': 'a1e545357fec96327cf663e61e152af50dca807dd6b7b8bae1cdef5ac0b84c04', 'bt': 'cf77bb863c3b926c481c9621e64334ca183135fc2d7ab2efd559793d3a5d581e', 'c': 'a06c789b007e4d1a75f161ac8b8af018d1c6eda6e510a8d042089ea7f8fc4abd'}",PASS,0.43142869998700917,0.19194360001711175,0.5436941999942064,7379,800,285,527,4092,1934,0,124,8,32,2638998349,100000000,1023,10432,6340,0.8159140000352636,0.03205589996650815,1.982980500033591,7.379e-05,0.47136468356145816,0.03682536590323892
endurance,1,PASS,True,471,0,0,23328064,33,35,256,"{'m': 33, 'n': 35, 'k': 256, 'a_base': 64, 'bt_base': 8640, 'c_base': 17728, 'a_stride': 256, 'bt_stride': 256, 'c_stride': 192, 'mode': 0, 'watchdog': 10000000}",2026-10-04T17:47:24.354500+00:00,2026-10-04T17:47:27.357319+00:00,0a44194ff97db25cbe5dfa4936684f9745c1d7f5e307ac88eee6c31b6fcffdbd,f9ade5bfa5b626b122fc3447066c5d3b0341ab5019d65d2fefb450eb4c953933,e05d88f422d4b561345b39e9de16b2b8e58fd5635483926e97eaefdb20f5255c,6b40ee76a8a3db16e5ed3e2c37069bc4a51dd75cd6ecc6fbff91b5a753653c91,Uploaded in this connection; reused only within this case,"{'a': 'd7fc21b4a3d9439b13cf7c38dd656ec9953be9f30e09599eb19874040ba94c6c', 'bt': '78ccf23539d772b0dd76c287d2435726a22bd8f89a6d7b58c2fd3790a646365b', 'c': '370653cc78076fa55c0f62d7093e57f67f87e7f38ebcbdc333b8294fdfd5983c'}",PASS,0.4576967999455519,0.19203900004504248,0.54378030000953,19858,6975,4352,594,4620,7728,0,134,8,32,2638998349,100000000,1155,24128,19508,1.776474199956283,0.031368000025395304,2.9699902999564074,0.00019858,2.9779433981266994,0.2326518279786484
endurance,1,PASS,True,472,1,0,23328064,33,35,256,"{'m': 33, 'n': 35, 'k': 256, 'a_base': 64, 'bt_base': 8640, 'c_base': 17728, 'a_stride': 256, 'bt_stride': 256, 'c_stride': 192, 'mode': 1, 'watchdog': 10000000}",2026-10-04T17:47:27.418249+00:00,2026-10-04T17:47:30.413735+00:00,0a44194ff97db25cbe5dfa4936684f9745c1d7f5e307ac88eee6c31b6fcffdbd,f9ade5bfa5b626b122fc3447066c5d3b0341ab5019d65d2fefb450eb4c953933,e05d88f422d4b561345b39e9de16b2b8e58fd5635483926e97eaefdb20f5255c,6b40ee76a8a3db16e5ed3e2c37069bc4a51dd75cd6ecc6fbff91b5a753653c91,Uploaded in this connection; reused only within this case,"{'a': 'd7fc21b4a3d9439b13cf7c38dd656ec9953be9f30e09599eb19874040ba94c6c', 'bt': '78ccf23539d772b0dd76c287d2435726a22bd8f89a6d7b58c2fd3790a646365b', 'c': '370653cc78076fa55c0f62d7093e57f67f87e7f38ebcbdc333b8294fdfd5983c'}",PASS,0.44930269999895245,0.19193989998893812,0.5439604999846779,13238,6975,4352,594,4620,3465,0,134,8,32,2638998349,100000000,1155,24128,19508,1.776638199982699,0.0316918000462465,2.9618412999552675,0.00013238,4.467140051367276,0.3489953165130684
endurance,1,PASS,True,473,1,0,23338037,65,63,255,"{'m': 65, 'n': 63, 'k': 255, 'a_base': 64, 'bt_base': 16832, 'c_base': 33088, 'a_stride': 256, 'bt_stride': 256, 'c_stride': 256, 'mode': 1, 'watchdog': 10000000}",2026-10-04T17:47:32.911916+00:00,2026-10-04T17:47:38.445069+00:00,639873b0bb41a1a6ba1b3db9b1d64f10e40424292e6f899f581576d08c11c078,0e7a9926979e7ddbb3c52fa47a6812e030dfbacf8198052f3e52624d13cf4bef,7bc74aaf6baf133395ad9555d41257f781a59b0ce2227bf8e95f38de1d223619,da16c58c23880d62b3c4ebd575887c6272c78fd5b7b8937d4d4bae11449bb5c3,Uploaded in this connection; reused only within this case,"{'a': 'fe640455a331e26e1f57cd7fd2882b47376ec1f74231cc6b53e9f77547ca7672', 'bt': 'ba3a759c082330bbe4f27f777e0e8c8c9ce32aeb16d4d1b6e87ef32c7cb19e47', 'c': 'ae5aeed5b7dd5d302809b6bd785c3cd5ec3092e3e2cbcd0c7c91eca7396f8062'}",PASS,1.1799708000035025,0.19220539997331798,0.5437912000343204,26517,20016,10208,2080,16380,3507,0,268,8,32,2638998349,100000000,4095,49792,33412,3.5843389999936335,0.03155939996941015,5.500306400004774,0.00026517,7.875890937888902,0.6153039795225704
endurance,1,PASS,True,474,0,0,23338037,65,63,255,"{'m': 65, 'n': 63, 'k': 255, 'a_base': 64, 'bt_base': 16832, 'c_base': 33088, 'a_stride': 256, 'bt_stride': 256, 'c_stride': 256, 'mode': 0, 'watchdog': 10000000}",2026-10-04T17:47:38.503250+00:00,2026-10-04T17:47:44.028877+00:00,639873b0bb41a1a6ba1b3db9b1d64f10e40424292e6f899f581576d08c11c078,0e7a9926979e7ddbb3c52fa47a6812e030dfbacf8198052f3e52624d13cf4bef,7bc74aaf6baf133395ad9555d41257f781a59b0ce2227bf8e95f38de1d223619,da16c58c23880d62b3c4ebd575887c6272c78fd5b7b8937d4d4bae11449bb5c3,Uploaded in this connection; reused only within this case,"{'a': 'fe640455a331e26e1f57cd7fd2882b47376ec1f74231cc6b53e9f77547ca7672', 'bt': 'ba3a759c082330bbe4f27f777e0e8c8c9ce32aeb16d4d1b6e87ef32c7cb19e47', 'c': 'ae5aeed5b7dd5d302809b6bd785c3cd5ec3092e3e2cbcd0c7c91eca7396f8062'}",PASS,1.1714445000397973,0.19209369999589399,0.5438817999674939,52323,20016,10208,2080,16380,17473,0,268,8,32,2638998349,100000000,4095,49792,33412,3.584035000007134,0.03199220000533387,5.491455000010319,0.00052323,3.991456911874319,0.31183257124018116
endurance,1,PASS,True,475,0,0,23348010,1,64,256,"{'m': 1, 'n': 64, 'k': 256, 'a_base': 64, 'bt_base': 448, 'c_base': 16960, 'a_stride': 256, 'bt_stride': 256, 'c_stride': 256, 'mode': 0, 'watchdog': 10000000}",2026-10-04T17:47:45.374775+00:00,2026-10-04T17:47:47.500654+00:00,a40a17cf1ab7c5c886d3ab4aa370f80ef8dc0d828acaad372d161da5e8ff7448,ff32b5dc5bbeaac8bc7924872874ca8463b68fdb5e9e3ec68bc157e38f93e883,db0cffc6e120896592b36d4a98c4fd33b5d503bf667d4867280d58d0c57e628a,b89ec33d03b792e349019c4e4dd957e9228d8db2fdda578275fa618db4c7c699,Uploaded in this connection; reused only within this case,"{'a': '92d51423b56d98c637898f77420b4aa7558d8b1a1944a6a46851e716169eba7f', 'bt': 'e21bd02e2e5c79896fe1e6b7ab631202a5b6c7d36805cd90c954d6fa226910db', 'c': '882710351bd9b9cbb9da6805c4ada5abc59366b9ec5a059fe921683535ec05cd'}",PASS,0.043438300024718046,0.1921903999755159,0.5441044000326656,6263,2232,2112,32,256,3755,0,4,8,32,2638998349,100000000,64,17280,17024,1.312074399960693,0.03170350001892075,2.0918074999935925,6.263e-05,0.5231997445313747,0.04087498004151365
endurance,1,PASS,True,476,1,0,23348010,1,64,256,"{'m': 1, 'n': 64, 'k': 256, 'a_base': 64, 'bt_base': 448, 'c_base': 16960, 'a_stride': 256, 'bt_stride': 256, 'c_stride': 256, 'mode': 1, 'watchdog': 10000000}",2026-10-04T17:47:47.554679+00:00,2026-10-04T17:47:49.676680+00:00,a40a17cf1ab7c5c886d3ab4aa370f80ef8dc0d828acaad372d161da5e8ff7448,ff32b5dc5bbeaac8bc7924872874ca8463b68fdb5e9e3ec68bc157e38f93e883,db0cffc6e120896592b36d4a98c4fd33b5d503bf667d4867280d58d0c57e628a,b89ec33d03b792e349019c4e4dd957e9228d8db2fdda578275fa618db4c7c699,Uploaded in this connection; reused only within this case,"{'a': '92d51423b56d98c637898f77420b4aa7558d8b1a1944a6a46851e716169eba7f', 'bt': 'e21bd02e2e5c79896fe1e6b7ab631202a5b6c7d36805cd90c954d6fa226910db', 'c': '882710351bd9b9cbb9da6805c4ada5abc59366b9ec5a059fe921683535ec05cd'}",PASS,0.04018249997170642,0.19222790002822876,0.5442674999940209,5025,2232,2112,32,256,2636,0,4,8,32,2638998349,100000000,64,17280,17024,1.3116775000235066,0.031908499950077385,2.0883554000174627,5.025e-05,0.6520995024875622,0.050945273631840794
endurance,1,PASS,True,477,1,0,23357983,64,1,256,"{'m': 64, 'n': 1, 'k': 256, 'a_base': 64, 'bt_base': 16576, 'c_base': 16960, 'a_stride': 256, 'bt_stride': 256, 'c_stride': 64, 'mode': 1, 'watchdog': 10000000}",2026-10-04T17:47:51.006896+00:00,2026-10-04T17:47:53.644609+00:00,7c7f4ee15bcf0cebde8fb7a06b191891c32b094169c070ff9a7a4c239058b579,0f9ed0b5c730de705979e8b0c9ba5027abf66ead2c83bea143afeeee40a69bbb,11431500d9ec0c8b000c5f661ff4fe4370787d7caffd03124d769094e3722df6,c976b697d659e5a0903d1ec031dd62916e15ac91da32ea9d0631df223545ae81,Uploaded in this connection; reused only within this case,"{'a': 'b27a7425aae06773a12f9f5e336b5d8aae98d93e1509c29d204fed3337aad1d3', 'bt': 'd41ca4c8c3e86a966e90d6ba1c360d1ced24bafd664bc35b321bab85886e26b5', 'c': '9fbdc06b480e74add7a9f1b05a2e6dc4462ac9168650bbde0a9623ef0cdf8533'}",PASS,0.29996139998547733,0.19195060001220554,0.5445355999981984,6017,2232,2112,64,256,2592,0,128,8,32,2638998349,100000000,64,21120,20864,1.567555200017523,0.03205290000187233,2.6040028000134043,6.017e-05,0.5445903274056839,0.042546119328569054
endurance,1,PASS,True,478,0,0,23357983,64,1,256,"{'m': 64, 'n': 1, 'k': 256, 'a_base': 64, 'bt_base': 16576, 'c_base': 16960, 'a_stride': 256, 'bt_stride': 256, 'c_stride': 64, 'mode': 0, 'watchdog': 10000000}",2026-10-04T17:47:53.702359+00:00,2026-10-04T17:47:56.332219+00:00,7c7f4ee15bcf0cebde8fb7a06b191891c32b094169c070ff9a7a4c239058b579,0f9ed0b5c730de705979e8b0c9ba5027abf66ead2c83bea143afeeee40a69bbb,11431500d9ec0c8b000c5f661ff4fe4370787d7caffd03124d769094e3722df6,c976b697d659e5a0903d1ec031dd62916e15ac91da32ea9d0631df223545ae81,Uploaded in this connection; reused only within this case,"{'a': 'b27a7425aae06773a12f9f5e336b5d8aae98d93e1509c29d204fed3337aad1d3', 'bt': 'd41ca4c8c3e86a966e90d6ba1c360d1ced24bafd664bc35b321bab85886e26b5', 'c': '9fbdc06b480e74add7a9f1b05a2e6dc4462ac9168650bbde0a9623ef0cdf8533'}",PASS,0.2923880000016652,0.19193329999689013,0.5440045000286773,8320,2232,2112,64,256,3731,0,128,8,32,2638998349,100000000,64,21120,20864,1.5681525999680161,0.03160460002254695,2.5964783999952488,8.32e-05,0.39384615384615385,0.03076923076923077
endurance,1,PASS,True,479,0,0,23367956,32,32,256,"{'m': 32, 'n': 32, 'k': 256, 'a_base': 64, 'bt_base': 8384, 'c_base': 16704, 'a_stride': 256, 'bt_stride': 256, 'c_stride': 128, 'mode': 0, 'watchdog': 10000000}",2026-10-04T17:47:57.662531+00:00,2026-10-04T17:48:00.284293+00:00,d90be6346e7b327b8f2056e6bba8ff9511fedaa1e4556b856955ef54bcf0cd06,4f42f2263592458e186964eb99627de728215fe131b97ea5ea1a3f391b8106cd,5d827605f1c64865cd3abf7a7a11107ec6ff788c3ef3a44c9bbef90664780c68,a16df5839623c389f0bb8fcbcdb91aa73bcfa6b19f3314c71ae709cfba4aaeec,Uploaded in this connection; reused only within this case,"{'a': '4e18c0be66f30df77d201668422954b2fd34fff74cb6a331570546935d99f95d', 'bt': '2c7bc093fda03e3b0f2c6631b4705c73fd4b9d5fef98f291e719885c95de4b5a', 'c': '9c638b360677749680245a98c7791351b2c2bdc5c72cc96d84a040af5b51ab9c'}",PASS,0.29937490000156686,0.19208019995130599,0.5439887000247836,11572,4464,2048,512,4096,3475,0,66,8,32,2638998349,100000000,1024,20864,16768,1.5519685000181198,0.03195819997927174,2.5874122999957763,0.00011572,4.530660214310405,0.35395782924300034
endurance,1,PASS,True,480,1,0,23367956,32,32,256,"{'m': 32, 'n': 32, 'k': 256, 'a_base': 64, 'bt_base': 8384, 'c_base': 16704, 'a_stride': 256, 'bt_stride': 256, 'c_stride': 128, 'mode': 1, 'watchdog': 10000000}",2026-10-04T17:48:00.345796+00:00,2026-10-04T17:48:02.956307+00:00,d90be6346e7b327b8f2056e6bba8ff9511fedaa1e4556b856955ef54bcf0cd06,4f42f2263592458e186964eb99627de728215fe131b97ea5ea1a3f391b8106cd,5d827605f1c64865cd3abf7a7a11107ec6ff788c3ef3a44c9bbef90664780c68,a16df5839623c389f0bb8fcbcdb91aa73bcfa6b19f3314c71ae709cfba4aaeec,Uploaded in this connection; reused only within this case,"{'a': '4e18c0be66f30df77d201668422954b2fd34fff74cb6a331570546935d99f95d', 'bt': '2c7bc093fda03e3b0f2c6631b4705c73fd4b9d5fef98f291e719885c95de4b5a', 'c': '9c638b360677749680245a98c7791351b2c2bdc5c72cc96d84a040af5b51ab9c'}",PASS,0.2894751999992877,0.19181260000914335,0.5441848000045866,11569,4464,2048,512,4096,3468,0,66,8,32,2638998349,100000000,1024,20864,16768,1.552083299960941,0.03184430004330352,2.5775558999739587,0.00011569,4.531835076497536,0.35404961535137003
endurance,1,PASS,True,481,0,0,23402874,1,1,1,"{'m': 1, 'n': 1, 'k': 1, 'a_base': 64, 'bt_base': 256, 'c_base': 448, 'a_stride': 64, 'bt_stride': 64, 'c_stride': 64, 'mode': 0, 'watchdog': 10000000}",2026-10-04T17:48:03.166870+00:00,2026-10-04T17:48:04.092031+00:00,5a0ec31daa84fa27666da56af259b9351086bba0b9ab4aa6007e3e6fb1866b47,04b8d34e20e604cadb04b9db8f6778c35f45a2d2a3335ea517dafe8c9cd9b06e,fa8b7651e53201fb73f9cb25816fed52b673abc64622986c81d995bfda891cac,0a72738d61fb30ef6cd2022ddb59f9c8f70ceba0202c9bec56b28a4059773a0c,Uploaded in this connection; reused only within this case,"{'a': 'bbd6236afd5db94fe179c277a999a6bd107e170c8f1939e6fd7101b7ede18a72', 'bt': '830d68ff84c98e24500e6f3b1ea56707a29a28e483edab03e831bc58a23a966d', 'c': 'd39c699ad7ebf29ffc616e919288fc361349929454ffd1ccb427aacbc0a4d7dc'}",PASS,0.028238200000487268,0.19193749997066334,0.5439692999934778,219,24,2,1,4,150,0,2,8,32,2638998349,100000000,1,576,572,0.12802540004486218,0.03186079999431968,0.8921704000094905,2.19e-06,0.0009132420091324201,7.134703196347032e-05
endurance,1,PASS,True,482,1,0,23402874,1,1,1,"{'m': 1, 'n': 1, 'k': 1, 'a_base': 64, 'bt_base': 256, 'c_base': 448, 'a_stride': 64, 'bt_stride': 64, 'c_stride': 64, 'mode': 1, 'watchdog': 10000000}",2026-10-04T17:48:04.147348+00:00,2026-10-04T17:48:05.068340+00:00,5a0ec31daa84fa27666da56af259b9351086bba0b9ab4aa6007e3e6fb1866b47,04b8d34e20e604cadb04b9db8f6778c35f45a2d2a3335ea517dafe8c9cd9b06e,fa8b7651e53201fb73f9cb25816fed52b673abc64622986c81d995bfda891cac,0a72738d61fb30ef6cd2022ddb59f9c8f70ceba0202c9bec56b28a4059773a0c,Uploaded in this connection; reused only within this case,"{'a': 'bbd6236afd5db94fe179c277a999a6bd107e170c8f1939e6fd7101b7ede18a72', 'bt': '830d68ff84c98e24500e6f3b1ea56707a29a28e483edab03e831bc58a23a966d', 'c': 'd39c699ad7ebf29ffc616e919288fc361349929454ffd1ccb427aacbc0a4d7dc'}",PASS,0.023360799998044968,0.1920037000090815,0.5444926000200212,219,24,2,1,4,150,0,2,8,32,2638998349,100000000,1,576,572,0.12787819997174665,0.03200610005296767,0.8877352999988943,2.19e-06,0.0009132420091324201,7.134703196347032e-05
endurance,1,PASS,True,483,1,0,23412847,5,3,9,"{'m': 5, 'n': 3, 'k': 9, 'a_base': 64, 'bt_base': 512, 'c_base': 832, 'a_stride': 64, 'bt_stride': 64, 'c_stride': 64, 'mode': 1, 'watchdog': 10000000}",2026-10-04T17:48:05.263633+00:00,2026-10-04T17:48:06.251928+00:00,8eb027eaaca1814832ef9418082b859f2edd8d62a85f6037f4393f9d0b0ee1a7,1f717896fec5ba598d72773a352d5d6b158f0c367e9ed63090c3022c76d3177a,16157aa3cb2b407cc73a19a1898a5d58b196cbdfde6176b6acc247c81818a853,fa1d53ad944840d1cb3aa01ae2f4bf48395e52938879ef9dfcbcb25ba0717b5e,Uploaded in this connection; reused only within this case,"{'a': 'c636548703a16cb51dcd8c9c6e9c4390f4a923276aaf517453eca4ca88a9243e', 'bt': '26e44ffd5f60bc0082de1407d8e71f44ff56faad8f2b1c7906971e344f7cf077', 'c': 'd818fbb2681f9443c430bf0ef2216d2909b016aa7a0ffd74377e8c3cec6ac565'}",PASS,0.043817700003273785,0.19153090001782402,0.5437736999592744,480,32,16,10,60,237,0,10,8,32,2638998349,100000000,15,1216,1156,0.17637140001170337,0.03168299997923896,0.9554936999920756,4.8e-06,0.05625,0.00439453125
endurance,1,PASS,True,484,0,0,23412847,5,3,9,"{'m': 5, 'n': 3, 'k': 9, 'a_base': 64, 'bt_base': 512, 'c_base': 832, 'a_stride': 64, 'bt_stride': 64, 'c_stride': 64, 'mode': 0, 'watchdog': 10000000}",2026-10-04T17:48:06.306421+00:00,2026-10-04T17:48:07.292239+00:00,8eb027eaaca1814832ef9418082b859f2edd8d62a85f6037f4393f9d0b0ee1a7,1f717896fec5ba598d72773a352d5d6b158f0c367e9ed63090c3022c76d3177a,16157aa3cb2b407cc73a19a1898a5d58b196cbdfde6176b6acc247c81818a853,fa1d53ad944840d1cb3aa01ae2f4bf48395e52938879ef9dfcbcb25ba0717b5e,Uploaded in this connection; reused only within this case,"{'a': 'c636548703a16cb51dcd8c9c6e9c4390f4a923276aaf517453eca4ca88a9243e', 'bt': '26e44ffd5f60bc0082de1407d8e71f44ff56faad8f2b1c7906971e344f7cf077', 'c': 'd818fbb2681f9443c430bf0ef2216d2909b016aa7a0ffd74377e8c3cec6ac565'}",PASS,0.04054229997564107,0.19189990003360435,0.5439303999883123,478,32,16,10,60,235,0,10,8,32,2638998349,100000000,15,1216,1156,0.17651149997254834,0.03178030002163723,0.952884099970106,4.78e-06,0.056485355648535567,0.004412918410041841
endurance,1,PASS,True,485,0,0,23422820,31,33,17,"{'m': 31, 'n': 33, 'k': 17, 'a_base': 64, 'bt_base': 2176, 'c_base': 4416, 'a_stride': 64, 'bt_stride': 64, 'c_stride': 192, 'mode': 0, 'watchdog': 10000000}",2026-10-04T17:48:07.758027+00:00,2026-10-04T17:48:09.772092+00:00,f0a2ff6aad0793e4736cbfcfe707d8b870fc253d392aac52a0d1b8d48f00b953,109c0a6c9e2840eedafcc84e37f30632c4e07701813aeffecad9f0b71f3b8fd0,9e50fb45e0e99d6b7661a3941add21fbb325235149b73051d4af956e653dad3c,6bc14546cb7826827d2f1ed823583fe5be36857f2f6a0c524d41b85c7d621ad1,Uploaded in this connection; reused only within this case,"{'a': 'b869c8206cde38f14353ad43ec639e0f116da0d4fa1eae91959e1c3b85fedc1e', 'bt': '48ad27a59bd937f59d2de404d0496fca802c9561d792e727d3ba60cc652ac69b', 'c': 'fd0a7a94013ccc3935cb016b4847892852396bb612aa8282542bbc54219161c7'}",PASS,0.42809760000091046,0.1916444000089541,0.5443026999710128,7402,800,285,527,4092,1955,0,124,8,32,2638998349,100000000,1023,10432,6340,0.8162876000278629,0.031610100006219,1.9803323000087403,7.402e-05,0.4699000270197244,0.03671093961091597
endurance,1,PASS,True,486,1,0,23422820,31,33,17,"{'m': 31, 'n': 33, 'k': 17, 'a_base': 64, 'bt_base': 2176, 'c_base': 4416, 'a_stride': 64, 'bt_stride': 64, 'c_stride': 192, 'mode': 1, 'watchdog': 10000000}",2026-10-04T17:48:09.838824+00:00,2026-10-04T17:48:11.851963+00:00,f0a2ff6aad0793e4736cbfcfe707d8b870fc253d392aac52a0d1b8d48f00b953,109c0a6c9e2840eedafcc84e37f30632c4e07701813aeffecad9f0b71f3b8fd0,9e50fb45e0e99d6b7661a3941add21fbb325235149b73051d4af956e653dad3c,6bc14546cb7826827d2f1ed823583fe5be36857f2f6a0c524d41b85c7d621ad1,Uploaded in this connection; reused only within this case,"{'a': 'b869c8206cde38f14353ad43ec639e0f116da0d4fa1eae91959e1c3b85fedc1e', 'bt': '48ad27a59bd937f59d2de404d0496fca802c9561d792e727d3ba60cc652ac69b', 'c': 'fd0a7a94013ccc3935cb016b4847892852396bb612aa8282542bbc54219161c7'}",PASS,0.42705260001821443,0.19210539996856824,0.5439138000365347,6478,800,285,527,4092,1228,0,124,8,32,2638998349,100000000,1023,10432,6340,0.816256899968721,0.03185010002925992,1.9793286999920383,6.478e-05,0.5369249768447051,0.04194726381599259
endurance,1,PASS,True,487,1,0,23432793,33,35,256,"{'m': 33, 'n': 35, 'k': 256, 'a_base': 64, 'bt_base': 8640, 'c_base': 17728, 'a_stride': 256, 'bt_stride': 256, 'c_stride': 192, 'mode': 1, 'watchdog': 10000000}",2026-10-04T17:48:13.247194+00:00,2026-10-04T17:48:16.251659+00:00,2a9eeab8454ecb01f1dc9749996cb86d27c7efb655eea1e65400eb1bbb700e04,c45fb13a398a2bd1ea1d0c0d7cd113c2f6ff299737a010368aa8ed0210183b8c,16a7dc8a9ee2633733e01a03f2dcd43c24b538c7db436f5f66fd0a7324c99c92,2f0ebca3354b6c8298fb6916b0392b3ff2593b6f3be19b47ecd5e9e82f5cbb5b,Uploaded in this connection; reused only within this case,"{'a': 'b0bf2a0220767ecaf2848e08bcee2d9916a732d628c77dafc4ed7827ed4abf45', 'bt': 'b33dece6076db1305cea45570f2f0ef17231ceefd44580b4230916970109a083', 'c': '1472307a04b246c32924996dbdae86e5209d6686c54a34f772eaef0dadd6abca'}",PASS,0.4579729000106454,0.1920105000026524,0.5443173000239767,13299,6975,4352,594,4620,3493,0,134,8,32,2638998349,100000000,1155,24128,19508,1.775689899979625,0.031886500015389174,2.9699906000168994,0.00013299,4.446650124069479,0.34739454094292804
endurance,1,PASS,True,488,0,0,23432793,33,35,256,"{'m': 33, 'n': 35, 'k': 256, 'a_base': 64, 'bt_base': 8640, 'c_base': 17728, 'a_stride': 256, 'bt_stride': 256, 'c_stride': 192, 'mode': 0, 'watchdog': 10000000}",2026-10-04T17:48:16.320585+00:00,2026-10-04T17:48:19.323727+00:00,2a9eeab8454ecb01f1dc9749996cb86d27c7efb655eea1e65400eb1bbb700e04,c45fb13a398a2bd1ea1d0c0d7cd113c2f6ff299737a010368aa8ed0210183b8c,16a7dc8a9ee2633733e01a03f2dcd43c24b538c7db436f5f66fd0a7324c99c92,2f0ebca3354b6c8298fb6916b0392b3ff2593b6f3be19b47ecd5e9e82f5cbb5b,Uploaded in this connection; reused only within this case,"{'a': 'b0bf2a0220767ecaf2848e08bcee2d9916a732d628c77dafc4ed7827ed4abf45', 'bt': 'b33dece6076db1305cea45570f2f0ef17231ceefd44580b4230916970109a083', 'c': '1472307a04b246c32924996dbdae86e5209d6686c54a34f772eaef0dadd6abca'}",PASS,0.45741390000330284,0.19172339997021481,0.5439134000334889,19731,6975,4352,594,4620,7597,0,134,8,32,2638998349,100000000,1155,24128,19508,1.7760369000025094,0.03206459997454658,2.969087600009516,0.00019731,2.99711114489889,0.23414930819522578
endurance,1,PASS,True,489,0,0,23442766,65,63,255,"{'m': 65, 'n': 63, 'k': 255, 'a_base': 64, 'bt_base': 16832, 'c_base': 33088, 'a_stride': 256, 'bt_stride': 256, 'c_stride': 256, 'mode': 0, 'watchdog': 10000000}",2026-10-04T17:48:21.824293+00:00,2026-10-04T17:48:27.355519+00:00,3e1c075942f80df4b082665a679bebb056b2b061e4aad0af8913a080126f69ef,37aaeed77a2442626feee0b8de6752d4e5e29a41b28957b2d7fd014060ab4c65,f05ad8e0cf00a016c7d4539fcecbea8da0b6e788f6325b45d9026d152c2c265e,cdffc36f63eb8b90486dffc6c52f4c0b2aa872682346dc650079adc6746ade24,Uploaded in this connection; reused only within this case,"{'a': '3d92cf1d5c784052345399c98545b34a58e6a36538ced00d9be25ff41a20a5d0', 'bt': '175630ef3ef392bd9d91fed4760d7935f2c39df4ba666a891d6a2d8ee4e8126c', 'c': '6061f0aa82653c090564381d9f59a402514fb91716dfe8ee5d5508a8b1d57209'}",PASS,1.1772239999845624,0.19162750005489215,0.5440566999604926,52305,20016,10208,2080,16380,17451,0,268,8,32,2638998349,100000000,4095,49792,33412,3.5848971999948844,0.031224600039422512,5.4978053999948315,0.00052305,3.992830513335245,0.31193988385431604
endurance,1,PASS,True,490,1,0,23442766,65,63,255,"{'m': 65, 'n': 63, 'k': 255, 'a_base': 64, 'bt_base': 16832, 'c_base': 33088, 'a_stride': 256, 'bt_stride': 256, 'c_stride': 256, 'mode': 1, 'watchdog': 10000000}",2026-10-04T17:48:27.419051+00:00,2026-10-04T17:48:32.955250+00:00,3e1c075942f80df4b082665a679bebb056b2b061e4aad0af8913a080126f69ef,37aaeed77a2442626feee0b8de6752d4e5e29a41b28957b2d7fd014060ab4c65,f05ad8e0cf00a016c7d4539fcecbea8da0b6e788f6325b45d9026d152c2c265e,cdffc36f63eb8b90486dffc6c52f4c0b2aa872682346dc650079adc6746ade24,Uploaded in this connection; reused only within this case,"{'a': '3d92cf1d5c784052345399c98545b34a58e6a36538ced00d9be25ff41a20a5d0', 'bt': '175630ef3ef392bd9d91fed4760d7935f2c39df4ba666a891d6a2d8ee4e8126c', 'c': '6061f0aa82653c090564381d9f59a402514fb91716dfe8ee5d5508a8b1d57209'}",PASS,1.1820640999940224,0.19195400003809482,0.5441437999834307,26446,20016,10208,2080,16380,3456,0,268,8,32,2638998349,100000000,4095,49792,33412,3.5838774999720044,0.031923300004564226,5.502039399987552,0.00026446,7.897035468501853,0.6169558959767073
endurance,1,PASS,True,491,1,0,23452739,1,64,256,"{'m': 1, 'n': 64, 'k': 256, 'a_base': 64, 'bt_base': 448, 'c_base': 16960, 'a_stride': 256, 'bt_stride': 256, 'c_stride': 256, 'mode': 1, 'watchdog': 10000000}",2026-10-04T17:48:34.285996+00:00,2026-10-04T17:48:36.410796+00:00,a1735d1bcddb5578834c0f1ed6096639f37fd35c929cf37b639ca4b0fdea367e,f17cebc841661fbd7a7756df92dda12d00cf1c170b0b6e9addff6b1a284d9526,078cfdb873a9648c0ac16b47962058e79e54a0cfd8a334112463611a6741045a,0c4ca678db976def52e636260bc97e9c879279b4098b3ea2d95ecf3e1912c7aa,Uploaded in this connection; reused only within this case,"{'a': '2b52fe06bee253494f73f1faba23254d4eb5c88963f667c19d9b305868a2be88', 'bt': 'ce8eb18d0a6a23a259fbcedf2fbd036007affdb062cfb2f10f511425a674eb54', 'c': '6f058fd8f657b25fa6d768a348e431e0a37a6ae1c46f4acf9ecaea509d341a6b'}",PASS,0.04399049998028204,0.1922344000195153,0.543663699994795,5016,2232,2112,32,256,2633,0,4,8,32,2638998349,100000000,64,17280,17024,1.3120971999596804,0.03170140000293031,2.091985799954273,5.016e-05,0.6532695374800638,0.051036682615629984
endurance,1,PASS,True,492,0,0,23452739,1,64,256,"{'m': 1, 'n': 64, 'k': 256, 'a_base': 64, 'bt_base': 448, 'c_base': 16960, 'a_stride': 256, 'bt_stride': 256, 'c_stride': 256, 'mode': 0, 'watchdog': 10000000}",2026-10-04T17:48:36.472300+00:00,2026-10-04T17:48:38.586772+00:00,a1735d1bcddb5578834c0f1ed6096639f37fd35c929cf37b639ca4b0fdea367e,f17cebc841661fbd7a7756df92dda12d00cf1c170b0b6e9addff6b1a284d9526,078cfdb873a9648c0ac16b47962058e79e54a0cfd8a334112463611a6741045a,0c4ca678db976def52e636260bc97e9c879279b4098b3ea2d95ecf3e1912c7aa,Uploaded in this connection; reused only within this case,"{'a': '2b52fe06bee253494f73f1faba23254d4eb5c88963f667c19d9b305868a2be88', 'bt': 'ce8eb18d0a6a23a259fbcedf2fbd036007affdb062cfb2f10f511425a674eb54', 'c': '6f058fd8f657b25fa6d768a348e431e0a37a6ae1c46f4acf9ecaea509d341a6b'}",PASS,0.033090699987951666,0.19199940003454685,0.5440928000025451,6252,2232,2112,32,256,3748,0,4,8,32,2638998349,100000000,64,17280,17024,1.3117850999697112,0.032025800028350204,2.080967999994755,6.252e-05,0.5241202815099169,0.04094689699296225
endurance,1,PASS,True,493,0,0,23462712,64,1,256,"{'m': 64, 'n': 1, 'k': 256, 'a_base': 64, 'bt_base': 16576, 'c_base': 16960, 'a_stride': 256, 'bt_stride': 256, 'c_stride': 64, 'mode': 0, 'watchdog': 10000000}",2026-10-04T17:48:39.936357+00:00,2026-10-04T17:48:42.570865+00:00,35c82a5aad9a8ae17ea02e20e1ca1baa5b51cfac12a09c6a2978929f55670253,a747c0d55a8edee6beb908a1a05b2faec966c9004c42273a352960161adf7b74,39b2645f13c5b38aae1a175a1a60f6b28e7c66111ddbc031ff4605edadec95be,6e0494c0cf58554b429483440897b3254bf214c13c9bb0ecffe537786a1fb24b,Uploaded in this connection; reused only within this case,"{'a': 'e2b5aa53769507d9592e43ebfbc0385b7832a0f16bb96c00f9392de4a540da0b', 'bt': '05c0303107a5ea988cdad809b5672ffc9a0f7fa8cb0b651a3c9528193e49e1a8', 'c': '30e83df707fc22a7739081fe3392fdf670ce1c12ec7cdcef2b147eb09b8a3e70'}",PASS,0.2962907000328414,0.1913172000204213,0.5438780999975279,8270,2232,2112,64,256,3683,0,128,8,32,2638998349,100000000,64,21120,20864,1.5682313999859616,0.03181640000548214,2.5997174000367522,8.27e-05,0.3962273276904474,0.030955259975816204
endurance,1,PASS,True,494,1,0,23462712,64,1,256,"{'m': 64, 'n': 1, 'k': 256, 'a_base': 64, 'bt_base': 16576, 'c_base': 16960, 'a_stride': 256, 'bt_stride': 256, 'c_stride': 64, 'mode': 1, 'watchdog': 10000000}",2026-10-04T17:48:42.629484+00:00,2026-10-04T17:48:45.258813+00:00,35c82a5aad9a8ae17ea02e20e1ca1baa5b51cfac12a09c6a2978929f55670253,a747c0d55a8edee6beb908a1a05b2faec966c9004c42273a352960161adf7b74,39b2645f13c5b38aae1a175a1a60f6b28e7c66111ddbc031ff4605edadec95be,6e0494c0cf58554b429483440897b3254bf214c13c9bb0ecffe537786a1fb24b,Uploaded in this connection; reused only within this case,"{'a': 'e2b5aa53769507d9592e43ebfbc0385b7832a0f16bb96c00f9392de4a540da0b', 'bt': '05c0303107a5ea988cdad809b5672ffc9a0f7fa8cb0b651a3c9528193e49e1a8', 'c': '30e83df707fc22a7739081fe3392fdf670ce1c12ec7cdcef2b147eb09b8a3e70'}",PASS,0.2914970999700017,0.19201200001407415,0.5439986999845132,6016,2232,2112,64,256,2589,0,128,8,32,2638998349,100000000,64,21120,20864,1.5677892999956384,0.032147300022188574,2.5952970999642275,6.016e-05,0.5446808510638298,0.0425531914893617
endurance,1,PASS,True,495,1,0,23472685,32,32,256,"{'m': 32, 'n': 32, 'k': 256, 'a_base': 64, 'bt_base': 8384, 'c_base': 16704, 'a_stride': 256, 'bt_stride': 256, 'c_stride': 128, 'mode': 1, 'watchdog': 10000000}",2026-10-04T17:48:46.589422+00:00,2026-10-04T17:48:49.210760+00:00,64acd180a9e343c7312e95fa48003425d784140005a2816f808f8f247d07c8ae,897c699f6f05c41cd8dd8592d5973df2dc5bd3a06a4b7164f2fd79dca7530199,7ddebaafa0264d6e7ba726b0e9bceb0522943cf74023f4dc9bff837c8e78719c,d0922537d4e475da0fc05692f1ce34a2305f7701dfb9d5fd83f750a9d01660d1,Uploaded in this connection; reused only within this case,"{'a': 'c21fbd0b381037be97fbef60a0483052ec33ad13472ffa24a8f4d8dbf9bb5261', 'bt': 'a7c9c8f80c8842dab8f6ca0d5ecb429a6cd3b30bc065b9c1b69399ba9cddce7d', 'c': '64ebbb8fbd9120553e47026ce08c79121549d2a0caa3e233c1e3a58b0057e49a'}",PASS,0.2996184999938123,0.1920414000051096,0.543278899975121,11575,4464,2048,512,4096,3454,0,66,8,32,2638998349,100000000,1024,20864,16768,1.5522224000305869,0.031988399976398796,2.58716120000463,0.00011575,4.52948596112311,0.353866090712743
endurance,1,PASS,True,496,0,0,23472685,32,32,256,"{'m': 32, 'n': 32, 'k': 256, 'a_base': 64, 'bt_base': 8384, 'c_base': 16704, 'a_stride': 256, 'bt_stride': 256, 'c_stride': 128, 'mode': 0, 'watchdog': 10000000}",2026-10-04T17:48:49.267896+00:00,2026-10-04T17:48:51.882488+00:00,64acd180a9e343c7312e95fa48003425d784140005a2816f808f8f247d07c8ae,897c699f6f05c41cd8dd8592d5973df2dc5bd3a06a4b7164f2fd79dca7530199,7ddebaafa0264d6e7ba726b0e9bceb0522943cf74023f4dc9bff837c8e78719c,d0922537d4e475da0fc05692f1ce34a2305f7701dfb9d5fd83f750a9d01660d1,Uploaded in this connection; reused only within this case,"{'a': 'c21fbd0b381037be97fbef60a0483052ec33ad13472ffa24a8f4d8dbf9bb5261', 'bt': 'a7c9c8f80c8842dab8f6ca0d5ecb429a6cd3b30bc065b9c1b69399ba9cddce7d', 'c': '64ebbb8fbd9120553e47026ce08c79121549d2a0caa3e233c1e3a58b0057e49a'}",PASS,0.2935995000298135,0.1918127000099048,0.543963999953121,11544,4464,2048,512,4096,3447,0,66,8,32,2638998349,100000000,1024,20864,16768,1.5519860000349581,0.03209759999299422,2.5813622000277974,0.00011544,4.541649341649341,0.3548163548163548
endurance,1,PASS,True,497,1,0,23507603,1,1,1,"{'m': 1, 'n': 1, 'k': 1, 'a_base': 64, 'bt_base': 256, 'c_base': 448, 'a_stride': 64, 'bt_stride': 64, 'c_stride': 64, 'mode': 1, 'watchdog': 10000000}",2026-10-04T17:48:52.109650+00:00,2026-10-04T17:48:53.034453+00:00,5bad0d1132ac152cf657be8918ae163578448d56d40def9a590fe3dcab0c339b,ba5ec51d07a4ac0e951608704431d59a02b21a4e951acc10505a8dc407c501ee,66b88e2bcd2119e4d81e11ab236e86633f4b03271f03bd4e0aae8b30fdbe89c1,594a8bfac636a19d5e55a6043f350561be6598ea82fbf9275978eaeb84cc65c0,Uploaded in this connection; reused only within this case,"{'a': '96d78b8f83c7f927fe90f33f1b08b0adb17ab3788ef5c7fac30e91ebb6b3e6e8', 'bt': 'ea4a106aa1e88d4c22d0dea492dc109c74ad24064a9cdf79a14e93b064e0f99a', 'c': 'eba7f56a965d24b51e0620ce5be8f107ee33cc09d0ca1054a551ef3ac1cd6fc4'}",PASS,0.027528800012078136,0.19202199997380376,0.5442599999951199,218,24,2,1,4,149,0,2,8,32,2638998349,100000000,1,576,572,0.12801570002920926,0.03183639998314902,0.891826500010211,2.18e-06,0.0009174311926605505,7.167431192660551e-05
endurance,1,PASS,True,498,0,0,23507603,1,1,1,"{'m': 1, 'n': 1, 'k': 1, 'a_base': 64, 'bt_base': 256, 'c_base': 448, 'a_stride': 64, 'bt_stride': 64, 'c_stride': 64, 'mode': 0, 'watchdog': 10000000}",2026-10-04T17:48:53.103656+00:00,2026-10-04T17:48:54.026195+00:00,5bad0d1132ac152cf657be8918ae163578448d56d40def9a590fe3dcab0c339b,ba5ec51d07a4ac0e951608704431d59a02b21a4e951acc10505a8dc407c501ee,66b88e2bcd2119e4d81e11ab236e86633f4b03271f03bd4e0aae8b30fdbe89c1,594a8bfac636a19d5e55a6043f350561be6598ea82fbf9275978eaeb84cc65c0,Uploaded in this connection; reused only within this case,"{'a': '96d78b8f83c7f927fe90f33f1b08b0adb17ab3788ef5c7fac30e91ebb6b3e6e8', 'bt': 'ea4a106aa1e88d4c22d0dea492dc109c74ad24064a9cdf79a14e93b064e0f99a', 'c': 'eba7f56a965d24b51e0620ce5be8f107ee33cc09d0ca1054a551ef3ac1cd6fc4'}",PASS,0.025028000003658235,0.19197139999596402,0.5439507000264712,219,24,2,1,4,150,0,2,8,32,2638998349,100000000,1,576,572,0.12815549998776987,0.031812500033993274,0.8891056000138633,2.19e-06,0.0009132420091324201,7.134703196347032e-05
endurance,1,PASS,True,499,0,0,23517576,5,3,9,"{'m': 5, 'n': 3, 'k': 9, 'a_base': 64, 'bt_base': 512, 'c_base': 832, 'a_stride': 64, 'bt_stride': 64, 'c_stride': 64, 'mode': 0, 'watchdog': 10000000}",2026-10-04T17:48:54.236439+00:00,2026-10-04T17:48:55.226318+00:00,31b1ef5dcf929e56801dd2d24db123f7db15f6c62db921c861e7de39a58a753c,b07dc8ecd91c6fb85f6ee5eb7b0ce13a941425e5661382b24ea433f700498bde,80560d2b8de4d8cd5f4e9e2c573365f3e2f063d4c2f1c403461215356389814b,a615361c65903c8964433efba16e613244037293bdc0a2df54f48230c8cd37da,Uploaded in this connection; reused only within this case,"{'a': '3bfb503490caee23f548ed44566481c3afa6d43e2397b61ec3c35f4ad830871a', 'bt': '146e5f3305d31c86d6c83b426af9e28f3151ce8f673e9c192d900d71fc80bfbd', 'c': 'c6e6ee5f971258ea2a1520a87f590a462d24929ddb38e3ab9a09626fa2a4ebc6'}",PASS,0.04360340000130236,0.1919359000166878,0.5439588000299409,476,32,16,10,60,233,0,10,8,32,2638998349,100000000,15,1216,1156,0.17615229997318238,0.03199789999052882,0.9556504000211135,4.76e-06,0.05672268907563025,0.004431460084033613
endurance,1,PASS,True,500,1,0,23517576,5,3,9,"{'m': 5, 'n': 3, 'k': 9, 'a_base': 64, 'bt_base': 512, 'c_base': 832, 'a_stride': 64, 'bt_stride': 64, 'c_stride': 64, 'mode': 1, 'watchdog': 10000000}",2026-10-04T17:48:55.286160+00:00,2026-10-04T17:48:56.266324+00:00,31b1ef5dcf929e56801dd2d24db123f7db15f6c62db921c861e7de39a58a753c,b07dc8ecd91c6fb85f6ee5eb7b0ce13a941425e5661382b24ea433f700498bde,80560d2b8de4d8cd5f4e9e2c573365f3e2f063d4c2f1c403461215356389814b,a615361c65903c8964433efba16e613244037293bdc0a2df54f48230c8cd37da,Uploaded in this connection; reused only within this case,"{'a': '3bfb503490caee23f548ed44566481c3afa6d43e2397b61ec3c35f4ad830871a', 'bt': '146e5f3305d31c86d6c83b426af9e28f3151ce8f673e9c192d900d71fc80bfbd', 'c': 'c6e6ee5f971258ea2a1520a87f590a462d24929ddb38e3ab9a09626fa2a4ebc6'}",PASS,0.03291700000409037,0.19197669997811317,0.543950000021141,479,32,16,10,60,236,0,10,8,32,2638998349,100000000,15,1216,1156,0.1760931999888271,0.03209569997852668,0.9449368999921717,4.79e-06,0.05636743215031315,0.004403705636743215
endurance,1,PASS,True,501,1,0,23527549,31,33,17,"{'m': 31, 'n': 33, 'k': 17, 'a_base': 64, 'bt_base': 2176, 'c_base': 4416, 'a_stride': 64, 'bt_stride': 64, 'c_stride': 192, 'mode': 1, 'watchdog': 10000000}",2026-10-04T17:48:56.748025+00:00,2026-10-04T17:48:58.762349+00:00,a6e07687b8bbe6b69704edefd86629e6e08b61fae0b6f27ad52c8c6936865de9,be5722de73dee42f4b93539849212f166b07af9ab43fc58563dce2d7f38f79d3,7b1de2dfa446c2e57aea42494db94eaa6bb62f937750920e15e531360858cdf8,3dfd2914924ff51d5bc8c11f03499267cd042da510d72cdc738fb32e9b78077b,Uploaded in this connection; reused only within this case,"{'a': '099faad73e2de685e5ca9162fd3c4688a9e7f75bb830a0652ae62d6287104c97', 'bt': '62b8875e232fc8a75de18faa3b67098f1a78493d1fb77e00f9c2e9958262dc0b', 'c': 'dad026b8879cb1e95b168028747fc15c05a8f7c557144279f872c57f46db6931'}",PASS,0.4283601000206545,0.19212479999987409,0.5440270999679342,6489,800,285,527,4092,1246,0,124,8,32,2638998349,100000000,1023,10432,6340,0.8160420000203885,0.03191219997825101,1.9805540000088513,6.489e-05,0.5360147942672214,0.041876155802126676
endurance,1,PASS,True,502,0,0,23527549,31,33,17,"{'m': 31, 'n': 33, 'k': 17, 'a_base': 64, 'bt_base': 2176, 'c_base': 4416, 'a_stride': 64, 'bt_stride': 64, 'c_stride': 192, 'mode': 0, 'watchdog': 10000000}",2026-10-04T17:48:58.829693+00:00,2026-10-04T17:49:00.842289+00:00,a6e07687b8bbe6b69704edefd86629e6e08b61fae0b6f27ad52c8c6936865de9,be5722de73dee42f4b93539849212f166b07af9ab43fc58563dce2d7f38f79d3,7b1de2dfa446c2e57aea42494db94eaa6bb62f937750920e15e531360858cdf8,3dfd2914924ff51d5bc8c11f03499267cd042da510d72cdc738fb32e9b78077b,Uploaded in this connection; reused only within this case,"{'a': '099faad73e2de685e5ca9162fd3c4688a9e7f75bb830a0652ae62d6287104c97', 'bt': '62b8875e232fc8a75de18faa3b67098f1a78493d1fb77e00f9c2e9958262dc0b', 'c': 'dad026b8879cb1e95b168028747fc15c05a8f7c557144279f872c57f46db6931'}",PASS,0.4265379999997094,0.19184399995720014,0.5440626000054181,7430,800,285,527,4092,1943,0,124,8,32,2638998349,100000000,1023,10432,6340,0.8160081999958493,0.03208219999214634,1.978452799958177,7.43e-05,0.4681292059219381,0.03657259421265141
endurance,1,PASS,True,503,0,0,23537522,33,35,256,"{'m': 33, 'n': 35, 'k': 256, 'a_base': 64, 'bt_base': 8640, 'c_base': 17728, 'a_stride': 256, 'bt_stride': 256, 'c_stride': 192, 'mode': 0, 'watchdog': 10000000}",2026-10-04T17:49:02.236355+00:00,2026-10-04T17:49:05.242133+00:00,d29aad5e79d8078ad434153342d167b30c8c60ee60db8256903fafc4fcd2c8de,a098cda4d56975b2f406d86a9b53130cef99c557e81c54e813b289dcf30840d6,316ce59c6ba758be2f8caa8be09540dfdd58d0bafa9aa98520d1399650100dce,805414bdb7f4b95598dbdc7e56a323f7a5ba39f7e54efbd52683724c1a051d1b,Uploaded in this connection; reused only within this case,"{'a': 'b8ecd652ce98c744fd0e41f125a0d4f93cf69f9663bd80bf64ddc9c154a63e84', 'bt': 'b97875bdc439b725f9266782c590f4fca3fde14193f513f69ee0d7fe41663f57', 'c': 'dd973ce42af8c15156680819d8008c8dafd130f3415ca12ef18d77555aaee879'}",PASS,0.4607061999849975,0.19212620001053438,0.5437120000133291,19796,6975,4352,594,4620,7651,0,134,8,32,2638998349,100000000,1155,24128,19508,1.776322900026571,0.031694999954197556,2.972867300035432,0.00019796,2.9872701555869874,0.2333804809052334
endurance,1,PASS,True,504,1,0,23537522,33,35,256,"{'m': 33, 'n': 35, 'k': 256, 'a_base': 64, 'bt_base': 8640, 'c_base': 17728, 'a_stride': 256, 'bt_stride': 256, 'c_stride': 192, 'mode': 1, 'watchdog': 10000000}",2026-10-04T17:49:05.299050+00:00,2026-10-04T17:49:08.297960+00:00,d29aad5e79d8078ad434153342d167b30c8c60ee60db8256903fafc4fcd2c8de,a098cda4d56975b2f406d86a9b53130cef99c557e81c54e813b289dcf30840d6,316ce59c6ba758be2f8caa8be09540dfdd58d0bafa9aa98520d1399650100dce,805414bdb7f4b95598dbdc7e56a323f7a5ba39f7e54efbd52683724c1a051d1b,Uploaded in this connection; reused only within this case,"{'a': 'b8ecd652ce98c744fd0e41f125a0d4f93cf69f9663bd80bf64ddc9c154a63e84', 'bt': 'b97875bdc439b725f9266782c590f4fca3fde14193f513f69ee0d7fe41663f57', 'c': 'dd973ce42af8c15156680819d8008c8dafd130f3415ca12ef18d77555aaee879'}",PASS,0.45248089998494834,0.19198450003750622,0.5440459999954328,13286,6975,4352,594,4620,3478,0,134,8,32,2638998349,100000000,1155,24128,19508,1.776350200001616,0.03172460000496358,2.9648616000195034,0.00013286,4.45100105374078,0.34773445732349845
endurance,1,PASS,True,505,1,0,23547495,65,63,255,"{'m': 65, 'n': 63, 'k': 255, 'a_base': 64, 'bt_base': 16832, 'c_base': 33088, 'a_stride': 256, 'bt_stride': 256, 'c_stride': 256, 'mode': 1, 'watchdog': 10000000}",2026-10-04T17:49:10.812448+00:00,2026-10-04T17:49:16.345602+00:00,8cd773ccd2f53e1e826a296b52af66e4e1d1e74e1c3b3792f0074cad7c2e8d1a,afd81e4d38f592c26b2bd1d1cfff7c5f4014485d8917cd869b6fa2439ebbda6b,c150d9ff4f3518ed96579743a1425be9b27afa2f6f1f148c6e533ff20bdb4984,948f42fc28192e51fde6cb3a20ebf673a548c475dd40ad8b11155e56ca44fc00,Uploaded in this connection; reused only within this case,"{'a': '9d5fa263c6e575536ed55bf7765368813a7b128616a3f5c54bb5ebdc971e77ef', 'bt': 'afb0503f4fc583464a7c5487d4902627808b529ce2480ff0c2f43c5017da9174', 'c': '225a1dfb0ab1647727fbbd29bceec73d624637a7fcc95893ed1b1d65d498ce4a'}",PASS,1.1793814999982715,0.1920731999562122,0.5438704999978654,26441,20016,10208,2080,16380,3499,0,268,8,32,2638998349,100000000,4095,49792,33412,3.58380100002978,0.03202779998537153,5.499126199982129,0.00026441,7.8985287999697436,0.6170725624976362
endurance,1,PASS,True,506,0,0,23547495,65,63,255,"{'m': 65, 'n': 63, 'k': 255, 'a_base': 64, 'bt_base': 16832, 'c_base': 33088, 'a_stride': 256, 'bt_stride': 256, 'c_stride': 256, 'mode': 0, 'watchdog': 10000000}",2026-10-04T17:49:16.414321+00:00,2026-10-04T17:49:21.945226+00:00,8cd773ccd2f53e1e826a296b52af66e4e1d1e74e1c3b3792f0074cad7c2e8d1a,afd81e4d38f592c26b2bd1d1cfff7c5f4014485d8917cd869b6fa2439ebbda6b,c150d9ff4f3518ed96579743a1425be9b27afa2f6f1f148c6e533ff20bdb4984,948f42fc28192e51fde6cb3a20ebf673a548c475dd40ad8b11155e56ca44fc00,Uploaded in this connection; reused only within this case,"{'a': '9d5fa263c6e575536ed55bf7765368813a7b128616a3f5c54bb5ebdc971e77ef', 'bt': 'afb0503f4fc583464a7c5487d4902627808b529ce2480ff0c2f43c5017da9174', 'c': '225a1dfb0ab1647727fbbd29bceec73d624637a7fcc95893ed1b1d65d498ce4a'}",PASS,1.1781118999933824,0.19213120004860684,0.5439064999809489,52393,20016,10208,2080,16380,17493,0,268,8,32,2638998349,100000000,4095,49792,33412,3.5838021999807097,0.03186049999203533,5.497951800003648,0.00052393,3.9861241005477828,0.31141594535529554
endurance,1,PASS,True,507,0,0,23557468,1,64,256,"{'m': 1, 'n': 64, 'k': 256, 'a_base': 64, 'bt_base': 448, 'c_base': 16960, 'a_stride': 256, 'bt_stride': 256, 'c_stride': 256, 'mode': 0, 'watchdog': 10000000}",2026-10-04T17:49:23.308212+00:00,2026-10-04T17:49:25.433299+00:00,449746ee264094eccc66b1e937e054d7a6733e9e3dc3cc71f12531261b6af2a2,6b75649ebe186d0cda3d8d285d2350d78f28e556f51d4981a52dd350d2bd56dc,f5d1e5343d84962fa68ff5489d4acc4bbdc1b89b17e9722246c7e40af0ae9a61,9b600cfbb29019ced971066438eb618c0a516aa507cecfc473c63ae7c23deb8b,Uploaded in this connection; reused only within this case,"{'a': 'e8ab0b82a9666800282e4de4761e5c50b292dc6fa8d6419ad8adb8eb1968ccaf', 'bt': '233145838db2f613ad0ebff5146a72398c2832d4d93149ad0b693ec88d31578d', 'c': '6b14c3238d8e0ef004e1055fcc547fcace8d785201df7d79464872775bd817be'}",PASS,0.04379009996773675,0.19212610000977293,0.5442056999891065,6244,2232,2112,32,256,3745,0,4,8,32,2638998349,100000000,64,17280,17024,1.312023400038015,0.03180970001267269,2.0921453000046313,6.244e-05,0.524791800128123,0.04099935938500961
endurance,1,PASS,True,508,1,0,23557468,1,64,256,"{'m': 1, 'n': 64, 'k': 256, 'a_base': 64, 'bt_base': 448, 'c_base': 16960, 'a_stride': 256, 'bt_stride': 256, 'c_stride': 256, 'mode': 1, 'watchdog': 10000000}",2026-10-04T17:49:25.489710+00:00,2026-10-04T17:49:27.609183+00:00,449746ee264094eccc66b1e937e054d7a6733e9e3dc3cc71f12531261b6af2a2,6b75649ebe186d0cda3d8d285d2350d78f28e556f51d4981a52dd350d2bd56dc,f5d1e5343d84962fa68ff5489d4acc4bbdc1b89b17e9722246c7e40af0ae9a61,9b600cfbb29019ced971066438eb618c0a516aa507cecfc473c63ae7c23deb8b,Uploaded in this connection; reused only within this case,"{'a': 'e8ab0b82a9666800282e4de4761e5c50b292dc6fa8d6419ad8adb8eb1968ccaf', 'bt': '233145838db2f613ad0ebff5146a72398c2832d4d93149ad0b693ec88d31578d', 'c': '6b14c3238d8e0ef004e1055fcc547fcace8d785201df7d79464872775bd817be'}",PASS,0.038113399990834296,0.192483099992387,0.5435382999712601,5004,2232,2112,32,256,2621,0,4,8,32,2638998349,100000000,64,17280,17024,1.3120056000188924,0.031995799974538386,2.086140399973374,5.004e-05,0.6548361310951238,0.051159072741806554
endurance,1,PASS,True,509,1,0,23567441,64,1,256,"{'m': 64, 'n': 1, 'k': 256, 'a_base': 64, 'bt_base': 16576, 'c_base': 16960, 'a_stride': 256, 'bt_stride': 256, 'c_stride': 64, 'mode': 1, 'watchdog': 10000000}",2026-10-04T17:49:28.955578+00:00,2026-10-04T17:49:31.593446+00:00,3c157e2276e3e7031694f4ce6dfb46f3c46fd67adcb7b083bbccd1b38b7cb8b2,687c8231597c27f002cacbe4dff5756a490a47b3062cc385a5e4398d57fc7688,4319ede224ec8fda01d5a2a9ed2b818a9a5a3ec0cf144fe35b7ec9a7c9adc7b1,0bd0fafc2fc360d54d07e5b4630b47125ae1eba716ceabd3a1d845fa9cfbbc7b,Uploaded in this connection; reused only within this case,"{'a': '66a83b5c313fbf3e3256079a16fb6e25607fa96ce80e58c452290a2394a61ea6', 'bt': 'bffddd37bacbf73f784587bb7e9624fe7469409999b143bec239e1a141c33bdc', 'c': '2dd5e0990d66434622db391a95a46810e1d576c75e01fa212cc543180d0f6dce'}",PASS,0.30049749999307096,0.19231750001199543,0.5436853000428528,6027,2232,2112,64,256,2602,0,128,8,32,2638998349,100000000,64,21120,20864,1.568266699963715,0.03204409999307245,2.604767000011634,6.027e-05,0.5436867429898788,0.04247552679608429
endurance,1,PASS,True,510,0,0,23567441,64,1,256,"{'m': 64, 'n': 1, 'k': 256, 'a_base': 64, 'bt_base': 16576, 'c_base': 16960, 'a_stride': 256, 'bt_stride': 256, 'c_stride': 64, 'mode': 0, 'watchdog': 10000000}",2026-10-04T17:49:31.655506+00:00,2026-10-04T17:49:34.296815+00:00,3c157e2276e3e7031694f4ce6dfb46f3c46fd67adcb7b083bbccd1b38b7cb8b2,687c8231597c27f002cacbe4dff5756a490a47b3062cc385a5e4398d57fc7688,4319ede224ec8fda01d5a2a9ed2b818a9a5a3ec0cf144fe35b7ec9a7c9adc7b1,0bd0fafc2fc360d54d07e5b4630b47125ae1eba716ceabd3a1d845fa9cfbbc7b,Uploaded in this connection; reused only within this case,"{'a': '66a83b5c313fbf3e3256079a16fb6e25607fa96ce80e58c452290a2394a61ea6', 'bt': 'bffddd37bacbf73f784587bb7e9624fe7469409999b143bec239e1a141c33bdc', 'c': '2dd5e0990d66434622db391a95a46810e1d576c75e01fa212cc543180d0f6dce'}",PASS,0.304385999974329,0.19219590001739562,0.5438488000072539,8310,2232,2112,64,256,3721,0,128,8,32,2638998349,100000000,64,21120,20864,1.56794350000564,0.03188089997274801,2.6083742000046186,8.31e-05,0.3943200962695547,0.030806257521058963
endurance,1,PASS,True,511,0,0,23577414,32,32,256,"{'m': 32, 'n': 32, 'k': 256, 'a_base': 64, 'bt_base': 8384, 'c_base': 16704, 'a_stride': 256, 'bt_stride': 256, 'c_stride': 128, 'mode': 0, 'watchdog': 10000000}",2026-10-04T17:49:35.646910+00:00,2026-10-04T17:49:38.265117+00:00,e1d80c068dbf7698a47b4a4603069c491eb278ad344703a278a3163f178a9882,998fd6b4e5ec2ffd461255d24e19a53f3b36392acd6d69bceee359aaf2a0a3fc,8584346a88f6ec8ee3616246f89bb29c33d38d9a3103ad4292372425b8abfd96,8b1202ff56b42752e5167fc0923de24aed8aff83e3e04e3a37251a17aa74d96f,Uploaded in this connection; reused only within this case,"{'a': '8edb2a3115eafe4e93f5460e3d6138ee98e4889f8b6a9ee419d5c89de670d979', 'bt': 'd9ec6a10a2acdc66a19bc0f6bf98a35f8bcc5036c5fd4afabda3cc2d9e9640e0', 'c': '6e61287c9d2747bd2fa93aeafd9b9227eaf7eb9f06b45773e64f6c4da546c2b8'}",PASS,0.29667250002967194,0.19210859999293461,0.5438502000179142,11543,4464,2048,512,4096,3449,0,66,8,32,2638998349,100000000,1024,20864,16768,1.5525184000143781,0.03183029999490827,2.585149700054899,0.00011543,4.542042796500043,0.3548470934765659
endurance,1,PASS,True,512,1,0,23577414,32,32,256,"{'m': 32, 'n': 32, 'k': 256, 'a_base': 64, 'bt_base': 8384, 'c_base': 16704, 'a_stride': 256, 'bt_stride': 256, 'c_stride': 128, 'mode': 1, 'watchdog': 10000000}",2026-10-04T17:49:38.326287+00:00,2026-10-04T17:49:40.952546+00:00,e1d80c068dbf7698a47b4a4603069c491eb278ad344703a278a3163f178a9882,998fd6b4e5ec2ffd461255d24e19a53f3b36392acd6d69bceee359aaf2a0a3fc,8584346a88f6ec8ee3616246f89bb29c33d38d9a3103ad4292372425b8abfd96,8b1202ff56b42752e5167fc0923de24aed8aff83e3e04e3a37251a17aa74d96f,Uploaded in this connection; reused only within this case,"{'a': '8edb2a3115eafe4e93f5460e3d6138ee98e4889f8b6a9ee419d5c89de670d979', 'bt': 'd9ec6a10a2acdc66a19bc0f6bf98a35f8bcc5036c5fd4afabda3cc2d9e9640e0', 'c': '6e61287c9d2747bd2fa93aeafd9b9227eaf7eb9f06b45773e64f6c4da546c2b8'}",PASS,0.3047264000051655,0.19204850000096485,0.543844900035765,11632,4464,2048,512,4096,3513,0,66,8,32,2638998349,100000000,1024,20864,16768,1.5521346000023186,0.031660999986343086,2.592754400044214,0.00011632,4.507290233837689,0.35213204951856947
endurance,1,PASS,True,513,0,0,23612332,1,1,1,"{'m': 1, 'n': 1, 'k': 1, 'a_base': 64, 'bt_base': 256, 'c_base': 448, 'a_stride': 64, 'bt_stride': 64, 'c_stride': 64, 'mode': 0, 'watchdog': 10000000}",2026-10-04T17:49:41.164897+00:00,2026-10-04T17:49:42.088640+00:00,e77b9a9ae9e30b0dbdb6f510a264ef9de781501d7b6b92ae89eb059c5ab743db,bceef655b5a034911f1c3718ce056531b45ef03b4c7b1f15629e867294011a7d,ae208bdf53d9dadd3cc4abe7ed13e24556ec0e06b884c0feb30c5f67391b4396,81fa6cf5fb06e02ecec61e6fdfd82f865083dba551844d4e63de4147cd39e0e6,Uploaded in this connection; reused only within this case,"{'a': 'eb65d307bbf988430322d442105fc60064ed21bdb73d73d4c2850ab417bdaba7', 'bt': '73c4eb19a54da5b2538ec52f61cc9922b4579fba515b6d22e94a5d29578a02e9', 'c': 'd9917cbbb4dc1f044632cef168117413a04b9cdd616a37088f7709ba39622164'}",PASS,0.02604969998355955,0.19161040004109964,0.5439694999950007,219,24,2,1,4,150,0,2,8,32,2638998349,100000000,1,576,572,0.1285486999549903,0.031531000044196844,0.8901782999746501,2.19e-06,0.0009132420091324201,7.134703196347032e-05
endurance,1,PASS,True,514,1,0,23612332,1,1,1,"{'m': 1, 'n': 1, 'k': 1, 'a_base': 64, 'bt_base': 256, 'c_base': 448, 'a_stride': 64, 'bt_stride': 64, 'c_stride': 64, 'mode': 1, 'watchdog': 10000000}",2026-10-04T17:49:42.154341+00:00,2026-10-04T17:49:43.080802+00:00,e77b9a9ae9e30b0dbdb6f510a264ef9de781501d7b6b92ae89eb059c5ab743db,bceef655b5a034911f1c3718ce056531b45ef03b4c7b1f15629e867294011a7d,ae208bdf53d9dadd3cc4abe7ed13e24556ec0e06b884c0feb30c5f67391b4396,81fa6cf5fb06e02ecec61e6fdfd82f865083dba551844d4e63de4147cd39e0e6,Uploaded in this connection; reused only within this case,"{'a': 'eb65d307bbf988430322d442105fc60064ed21bdb73d73d4c2850ab417bdaba7', 'bt': '73c4eb19a54da5b2538ec52f61cc9922b4579fba515b6d22e94a5d29578a02e9', 'c': 'd9917cbbb4dc1f044632cef168117413a04b9cdd616a37088f7709ba39622164'}",PASS,0.028571699978783727,0.19199750002007931,0.5438682999811135,219,24,2,1,4,150,0,2,8,32,2638998349,100000000,1,576,572,0.12804550002329051,0.03216150001389906,0.8924830000032671,2.19e-06,0.0009132420091324201,7.134703196347032e-05
endurance,1,PASS,True,515,1,0,23622305,5,3,9,"{'m': 5, 'n': 3, 'k': 9, 'a_base': 64, 'bt_base': 512, 'c_base': 832, 'a_stride': 64, 'bt_stride': 64, 'c_stride': 64, 'mode': 1, 'watchdog': 10000000}",2026-10-04T17:49:43.291114+00:00,2026-10-04T17:49:44.280446+00:00,c31cd0fc6d166fbe0be450dd69f41a8bf3c31a61f7727b7e2c9d5377288cf986,6d234947cb329dbbc42fbb9f099d1b233342a17b9528a8c44cc05fb4716a00de,efbc201e0af948bf4a24af4bf80a24ae341ce13ea88b7aa25d11115c57524bd1,23d0a81fe043fbd08c0ee4ba3aa114a35facabad39327dfb94dbc392ab41cb72,Uploaded in this connection; reused only within this case,"{'a': 'c443665fb814cf4b60db633659a2297008fcfb5f61e3e8053c5a1dba00eebd65', 'bt': '661e152aaf727e12769e839c28409bbbeef3c4b22015ce5a7e55a33f45887d3b', 'c': '5fc11ccd364564306faba0cb23863e3d80e8395d30fc498b761a68b6d1a2b7c7'}",PASS,0.044109500013291836,0.19208700000308454,0.5444255999755114,481,32,16,10,60,238,0,10,8,32,2638998349,100000000,15,1216,1156,0.17575990001205355,0.031720400031190366,0.9563820000039414,4.81e-06,0.056133056133056136,0.004385395010395011
endurance,1,PASS,True,516,0,0,23622305,5,3,9,"{'m': 5, 'n': 3, 'k': 9, 'a_base': 64, 'bt_base': 512, 'c_base': 832, 'a_stride': 64, 'bt_stride': 64, 'c_stride': 64, 'mode': 0, 'watchdog': 10000000}",2026-10-04T17:49:44.336284+00:00,2026-10-04T17:49:45.320597+00:00,c31cd0fc6d166fbe0be450dd69f41a8bf3c31a61f7727b7e2c9d5377288cf986,6d234947cb329dbbc42fbb9f099d1b233342a17b9528a8c44cc05fb4716a00de,efbc201e0af948bf4a24af4bf80a24ae341ce13ea88b7aa25d11115c57524bd1,23d0a81fe043fbd08c0ee4ba3aa114a35facabad39327dfb94dbc392ab41cb72,Uploaded in this connection; reused only within this case,"{'a': 'c443665fb814cf4b60db633659a2297008fcfb5f61e3e8053c5a1dba00eebd65', 'bt': '661e152aaf727e12769e839c28409bbbeef3c4b22015ce5a7e55a33f45887d3b', 'c': '5fc11ccd364564306faba0cb23863e3d80e8395d30fc498b761a68b6d1a2b7c7'}",PASS,0.03923249995568767,0.19192130002193153,0.5440018000081182,482,32,16,10,60,235,0,10,8,32,2638998349,100000000,15,1216,1156,0.17599339998560026,0.032130700012203306,0.9511489999713376,4.82e-06,0.056016597510373446,0.004376296680497925
endurance,1,PASS,True,517,0,0,23632278,31,33,17,"{'m': 31, 'n': 33, 'k': 17, 'a_base': 64, 'bt_base': 2176, 'c_base': 4416, 'a_stride': 64, 'bt_stride': 64, 'c_stride': 192, 'mode': 0, 'watchdog': 10000000}",2026-10-04T17:49:45.787900+00:00,2026-10-04T17:49:47.800599+00:00,fd477add0be96e7ace423a41241b1c1cf383e68afe992282330b737504f485a4,99e6a2a9891f959070f554751f204fdd672a1f810ed0bfe0d67e49715d3a410a,860adc1cda7bdaa343f8b36e37e0f2b11072278cb5a18429a83d383dc17335da,9a6ea32afd648f95d4d361b0e8679ecb188076c2954635d82b018923f288c8cd,Uploaded in this connection; reused only within this case,"{'a': 'a8b40c43e873679112cb22c2086fdc9c015fe6beba524900f076faf42f8e8665', 'bt': 'd2ce316b9e1d985f20e2c76a3e51b8347e4734deecf9277bc6c018a8aa322a1f', 'c': '53788fe63322c133b7eadd4c4479b79941e10779a57a5a5561f35f52f738834f'}",PASS,0.4266036000335589,0.19196279998868704,0.5439874000148848,7389,800,285,527,4092,1940,0,124,8,32,2638998349,100000000,1023,10432,6340,0.8160029999562539,0.03210950002539903,1.9785567999933846,7.389e-05,0.47072675598863173,0.036775527811611856
endurance,1,PASS,True,518,1,0,23632278,31,33,17,"{'m': 31, 'n': 33, 'k': 17, 'a_base': 64, 'bt_base': 2176, 'c_base': 4416, 'a_stride': 64, 'bt_stride': 64, 'c_stride': 192, 'mode': 1, 'watchdog': 10000000}",2026-10-04T17:49:47.863590+00:00,2026-10-04T17:49:49.880341+00:00,fd477add0be96e7ace423a41241b1c1cf383e68afe992282330b737504f485a4,99e6a2a9891f959070f554751f204fdd672a1f810ed0bfe0d67e49715d3a410a,860adc1cda7bdaa343f8b36e37e0f2b11072278cb5a18429a83d383dc17335da,9a6ea32afd648f95d4d361b0e8679ecb188076c2954635d82b018923f288c8cd,Uploaded in this connection; reused only within this case,"{'a': 'a8b40c43e873679112cb22c2086fdc9c015fe6beba524900f076faf42f8e8665', 'bt': 'd2ce316b9e1d985f20e2c76a3e51b8347e4734deecf9277bc6c018a8aa322a1f', 'c': '53788fe63322c133b7eadd4c4479b79941e10779a57a5a5561f35f52f738834f'}",PASS,0.431579599971883,0.19212560000596568,0.5443235000129789,6505,800,285,527,4092,1226,0,124,8,32,2638998349,100000000,1023,10432,6340,0.8158781999954954,0.031560299976263195,1.983906899986323,6.505e-05,0.5346963873943121,0.041773155265180634
endurance,1,PASS,True,519,1,0,23642251,33,35,256,"{'m': 33, 'n': 35, 'k': 256, 'a_base': 64, 'bt_base': 8640, 'c_base': 17728, 'a_stride': 256, 'bt_stride': 256, 'c_stride': 192, 'mode': 1, 'watchdog': 10000000}",2026-10-04T17:49:51.293197+00:00,2026-10-04T17:49:54.296376+00:00,c8c3a3ecfb1936c782d2ac572e5e188dda5c3c602d3d80a8b31ab5037538db8f,55379221050e5079a5bbb8607b20f96857060d42d43d1541790b6ed1b7fd58c2,8b988bff23abd6aa48a70b62ee9910557389211dba9d6bfdc5a3b83049a2ca60,d402ceadff8cf9ff34445d3f1819a5bdea4133184cf521a5507ed80f5dff3801,Uploaded in this connection; reused only within this case,"{'a': '681ca1fcb5085cb3493fcec71eaa58e68c77a30609205b5a675262bdc8224335', 'bt': 'c7f41cb21927309171f737d86cba3c9084c8590485d513418f10ae1337b005c3', 'c': '6a4b71f3cc54ca9ee23eb415a2229b26fdbc2e273b0c8c418fa5818317870ccc'}",PASS,0.45703839999623597,0.19221209996612743,0.5439142000395805,13317,6975,4352,594,4620,3509,0,134,8,32,2638998349,100000000,1155,24128,19508,1.7761597999488004,0.031781100027728826,2.969324499950744,0.00013317,4.440639783735075,0.34692498310430275
endurance,1,PASS,True,520,0,0,23642251,33,35,256,"{'m': 33, 'n': 35, 'k': 256, 'a_base': 64, 'bt_base': 8640, 'c_base': 17728, 'a_stride': 256, 'bt_stride': 256, 'c_stride': 192, 'mode': 0, 'watchdog': 10000000}",2026-10-04T17:49:54.354703+00:00,2026-10-04T17:49:57.352118+00:00,c8c3a3ecfb1936c782d2ac572e5e188dda5c3c602d3d80a8b31ab5037538db8f,55379221050e5079a5bbb8607b20f96857060d42d43d1541790b6ed1b7fd58c2,8b988bff23abd6aa48a70b62ee9910557389211dba9d6bfdc5a3b83049a2ca60,d402ceadff8cf9ff34445d3f1819a5bdea4133184cf521a5507ed80f5dff3801,Uploaded in this connection; reused only within this case,"{'a': '681ca1fcb5085cb3493fcec71eaa58e68c77a30609205b5a675262bdc8224335', 'bt': 'c7f41cb21927309171f737d86cba3c9084c8590485d513418f10ae1337b005c3', 'c': '6a4b71f3cc54ca9ee23eb415a2229b26fdbc2e273b0c8c418fa5818317870ccc'}",PASS,0.4528221000218764,0.19144030002644286,0.543875899980776,19826,6975,4352,594,4620,7687,0,134,8,32,2638998349,100000000,1155,24128,19508,1.7760789999738336,0.03197440004441887,2.964217300002929,0.00019826,2.9827499243417734,0.23302733783920104
endurance,1,PASS,True,521,0,0,23652224,65,63,255,"{'m': 65, 'n': 63, 'k': 255, 'a_base': 64, 'bt_base': 16832, 'c_base': 33088, 'a_stride': 256, 'bt_stride': 256, 'c_stride': 256, 'mode': 0, 'watchdog': 10000000}",2026-10-04T17:49:59.870469+00:00,2026-10-04T17:50:05.400208+00:00,0c539a619d848f63e2c60ed87b38a97d95ca5ff90311193a1e2802fbfc6cae4a,449b6b9f009acf6740a6e3a968caf9c3ee9d05fefd73f9133bc1dc3178da1e7d,40da2b83afece59691f368e628b4354842d78a11d59a736ffed5cc9dce99710c,ea9a314be57bc2b1ce1143176444e957e420feac3d27e803b7f6f0ae93acd7cc,Uploaded in this connection; reused only within this case,"{'a': 'e5b8f6577b0130f1c535e5c90c4f361bd3c388ffb14a5220cdac69cbd197ce00', 'bt': '6845a2dbfb6d18ce32c1d10383f623a73712549e3961b7c8fb807e772d2b16d3', 'c': '2dea5093e7e6c5fb934bac2351de0e8388ede9f78b3a9a54ab9431fa339f83c3'}",PASS,1.1752532999962568,0.1923403000109829,0.5438257000059821,52328,20016,10208,2080,16380,17441,0,268,8,32,2638998349,100000000,4095,49792,33412,3.5843012999976054,0.03176420001545921,5.495720600010827,0.00052328,3.9910755236202418,0.31180277528283135
endurance,1,PASS,True,522,1,0,23652224,65,63,255,"{'m': 65, 'n': 63, 'k': 255, 'a_base': 64, 'bt_base': 16832, 'c_base': 33088, 'a_stride': 256, 'bt_stride': 256, 'c_stride': 256, 'mode': 1, 'watchdog': 10000000}",2026-10-04T17:50:05.471049+00:00,2026-10-04T17:50:10.999737+00:00,0c539a619d848f63e2c60ed87b38a97d95ca5ff90311193a1e2802fbfc6cae4a,449b6b9f009acf6740a6e3a968caf9c3ee9d05fefd73f9133bc1dc3178da1e7d,40da2b83afece59691f368e628b4354842d78a11d59a736ffed5cc9dce99710c,ea9a314be57bc2b1ce1143176444e957e420feac3d27e803b7f6f0ae93acd7cc,Uploaded in this connection; reused only within this case,"{'a': 'e5b8f6577b0130f1c535e5c90c4f361bd3c388ffb14a5220cdac69cbd197ce00', 'bt': '6845a2dbfb6d18ce32c1d10383f623a73712549e3961b7c8fb807e772d2b16d3', 'c': '2dea5093e7e6c5fb934bac2351de0e8388ede9f78b3a9a54ab9431fa339f83c3'}",PASS,1.174675899965223,0.19196810002904385,0.5440257999580353,26491,20016,10208,2080,16380,3476,0,268,8,32,2638998349,100000000,4095,49792,33412,3.5839833000209183,0.03192999999737367,5.49465309997322,0.00026491,7.883620852364954,0.6159078790910121
endurance,1,PASS,True,523,1,0,23662197,1,64,256,"{'m': 1, 'n': 64, 'k': 256, 'a_base': 64, 'bt_base': 448, 'c_base': 16960, 'a_stride': 256, 'bt_stride': 256, 'c_stride': 256, 'mode': 1, 'watchdog': 10000000}",2026-10-04T17:50:12.361851+00:00,2026-10-04T17:50:14.487472+00:00,6b06552479e5835cf4c9fcbdbaa628866b3537c0cd66b1e3f9b4d6b2d4c105a3,bd1b3f2426606a805733cbee43c0041a4a76774284fb226819ea3a3e8b886d47,791d71d87e9ed7274399869eccbebd8673bb7c5c8d2e3c273d60d5593630a6c2,16020365e939c93aa00b5a7df6f2d3ae24ba0e3404084bac56e1ee592be95bce,Uploaded in this connection; reused only within this case,"{'a': '9c8e940fef52aada72e04acd47ac95662e5fb42fceaa0a256e516851a717a6d2', 'bt': 'ff1027c957f2ed39e98b0f7990330f5bdfd41015a79cffce9b17179f97b4def3', 'c': 'c6f6181d5852718efce86c3d11923ed9bf3f08d49c070bb4cacbdb7685c4c1d6'}",PASS,0.044684400025289506,0.19167450000531971,0.5439791000098921,5009,2232,2112,32,256,2626,0,4,8,32,2638998349,100000000,64,17280,17024,1.3121328999986872,0.03187800000887364,2.0924709000391886,5.009e-05,0.6541824715512078,0.05110800558993811
endurance,1,PASS,True,524,0,0,23662197,1,64,256,"{'m': 1, 'n': 64, 'k': 256, 'a_base': 64, 'bt_base': 448, 'c_base': 16960, 'a_stride': 256, 'bt_stride': 256, 'c_stride': 256, 'mode': 0, 'watchdog': 10000000}",2026-10-04T17:50:14.546211+00:00,2026-10-04T17:50:16.663290+00:00,6b06552479e5835cf4c9fcbdbaa628866b3537c0cd66b1e3f9b4d6b2d4c105a3,bd1b3f2426606a805733cbee43c0041a4a76774284fb226819ea3a3e8b886d47,791d71d87e9ed7274399869eccbebd8673bb7c5c8d2e3c273d60d5593630a6c2,16020365e939c93aa00b5a7df6f2d3ae24ba0e3404084bac56e1ee592be95bce,Uploaded in this connection; reused only within this case,"{'a': '9c8e940fef52aada72e04acd47ac95662e5fb42fceaa0a256e516851a717a6d2', 'bt': 'ff1027c957f2ed39e98b0f7990330f5bdfd41015a79cffce9b17179f97b4def3', 'c': 'c6f6181d5852718efce86c3d11923ed9bf3f08d49c070bb4cacbdb7685c4c1d6'}",PASS,0.036073499999474734,0.19209099997533485,0.5438936999998987,6255,2232,2112,32,256,3747,0,4,8,32,2638998349,100000000,64,17280,17024,1.3121222000336275,0.03174359997501597,2.0841804000083357,6.255e-05,0.5238689048760992,0.04092725819344525
endurance,1,PASS,True,525,0,0,23672170,64,1,256,"{'m': 64, 'n': 1, 'k': 256, 'a_base': 64, 'bt_base': 16576, 'c_base': 16960, 'a_stride': 256, 'bt_stride': 256, 'c_stride': 64, 'mode': 0, 'watchdog': 10000000}",2026-10-04T17:50:18.043209+00:00,2026-10-04T17:50:20.679365+00:00,970aa280d37177c7270f50d829f91c5181701a1b7c1ea003555198a03301f62f,efb35b9be7e66cfb694c77496f2467d25f450cb847501593623713b972d724bd,545339ac2adb0f6a4b6cc58fed93ef5bff648cce0398f3e52b7a487b7b796771,7996fe58b645506a6684f3ebbd610ca5e3472a7c48de9a17f4c5bede2cfc35d6,Uploaded in this connection; reused only within this case,"{'a': 'b6e659a761a9da64ebcbe1335bf2f633245f0c9a19f393abee19776dca3665ad', 'bt': '8b676b9d3eca121cca8c40681ca97a3f6f9a43e750a4dcf0660bd86eb81b0a25', 'c': '85df0582b5440c64dec07884dee2f5b054e69d0d3fb807510c4aea843803b6a1'}",PASS,0.2987186000100337,0.19212409999454394,0.5439615999930538,8282,2232,2112,64,256,3693,0,128,8,32,2638998349,100000000,64,21120,20864,1.567894400039222,0.03207769995788112,2.6026987000368536,8.282e-05,0.3956532238589712,0.03091040811398213
endurance,1,PASS,True,526,1,0,23672170,64,1,256,"{'m': 64, 'n': 1, 'k': 256, 'a_base': 64, 'bt_base': 16576, 'c_base': 16960, 'a_stride': 256, 'bt_stride': 256, 'c_stride': 64, 'mode': 1, 'watchdog': 10000000}",2026-10-04T17:50:20.745695+00:00,2026-10-04T17:50:23.383229+00:00,970aa280d37177c7270f50d829f91c5181701a1b7c1ea003555198a03301f62f,efb35b9be7e66cfb694c77496f2467d25f450cb847501593623713b972d724bd,545339ac2adb0f6a4b6cc58fed93ef5bff648cce0398f3e52b7a487b7b796771,7996fe58b645506a6684f3ebbd610ca5e3472a7c48de9a17f4c5bede2cfc35d6,Uploaded in this connection; reused only within this case,"{'a': 'b6e659a761a9da64ebcbe1335bf2f633245f0c9a19f393abee19776dca3665ad', 'bt': '8b676b9d3eca121cca8c40681ca97a3f6f9a43e750a4dcf0660bd86eb81b0a25', 'c': '85df0582b5440c64dec07884dee2f5b054e69d0d3fb807510c4aea843803b6a1'}",PASS,0.29926569998497143,0.19221260002814233,0.543766200018581,6023,2232,2112,64,256,2596,0,128,8,32,2638998349,100000000,64,21120,20864,1.5682597999693826,0.03182380000362173,2.6035043000010774,6.023e-05,0.5440478167026399,0.04250373567989374
endurance,1,PASS,True,527,1,0,23682143,32,32,256,"{'m': 32, 'n': 32, 'k': 256, 'a_base': 64, 'bt_base': 8384, 'c_base': 16704, 'a_stride': 256, 'bt_stride': 256, 'c_stride': 128, 'mode': 1, 'watchdog': 10000000}",2026-10-04T17:50:24.713701+00:00,2026-10-04T17:50:27.335528+00:00,b56ad844f348ff55d849761410103919e6b839d4b493407b391ed6ee6ca4ebf8,dbb55d79cedf0f86dccd22d04a4c2df601e2d38728399ed2b1b87429cb69583a,e22733828fde0cde3108fbc63584163401ee85346afac60ccebe8e13b66d7c85,4c2b5bdd4ef8c4d890b0ba5771addd5e5d41e33cf863317760762e70250f1ef7,Uploaded in this connection; reused only within this case,"{'a': '09aae1d0b8d4bb33109662698498b4c31e634f8a63f71eff1c23b171cfc8c154', 'bt': 'd4bb499e3b48787855dacce60286888f470492c03fd44c03a265ef50f5105390', 'c': 'd1c222aa3ad2d0886a2780fe0ef7455936afa3ba127145f566ccf671f057d592'}",PASS,0.2984786999877542,0.19209680001949891,0.5439553000032902,11571,4464,2048,512,4096,3474,0,66,8,32,2638998349,100000000,1024,20864,16768,1.5523900999687612,0.03195100004086271,2.5869208999793045,0.00011571,4.531051767349408,0.3539884193241725
endurance,1,PASS,True,528,0,0,23682143,32,32,256,"{'m': 32, 'n': 32, 'k': 256, 'a_base': 64, 'bt_base': 8384, 'c_base': 16704, 'a_stride': 256, 'bt_stride': 256, 'c_stride': 128, 'mode': 0, 'watchdog': 10000000}",2026-10-04T17:50:27.408397+00:00,2026-10-04T17:50:30.023195+00:00,b56ad844f348ff55d849761410103919e6b839d4b493407b391ed6ee6ca4ebf8,dbb55d79cedf0f86dccd22d04a4c2df601e2d38728399ed2b1b87429cb69583a,e22733828fde0cde3108fbc63584163401ee85346afac60ccebe8e13b66d7c85,4c2b5bdd4ef8c4d890b0ba5771addd5e5d41e33cf863317760762e70250f1ef7,Uploaded in this connection; reused only within this case,"{'a': '09aae1d0b8d4bb33109662698498b4c31e634f8a63f71eff1c23b171cfc8c154', 'bt': 'd4bb499e3b48787855dacce60286888f470492c03fd44c03a265ef50f5105390', 'c': 'd1c222aa3ad2d0886a2780fe0ef7455936afa3ba127145f566ccf671f057d592'}",PASS,0.2931403000256978,0.19187340000644326,0.5438678999780677,11590,4464,2048,512,4096,3466,0,66,8,32,2638998349,100000000,1024,20864,16768,1.5522988000302576,0.03167369996663183,2.5811804000404663,0.0001159,4.523623813632441,0.3534081104400345
endurance,1,PASS,True,529,1,0,23717061,1,1,1,"{'m': 1, 'n': 1, 'k': 1, 'a_base': 64, 'bt_base': 256, 'c_base': 448, 'a_stride': 64, 'bt_stride': 64, 'c_stride': 64, 'mode': 1, 'watchdog': 10000000}",2026-10-04T17:50:30.249441+00:00,2026-10-04T17:50:31.174794+00:00,88aa3e3b1f22c616b1817981215e7d1e75fa32b22233ebb8477f64600a5ace1f,4e07408562bedb8b60ce05c1decfe3ad16b72230967de01f640b7e4729b49fce,c38656428d5459497f82875ba8f24ffa2739b336f6fcf3ef47ec0727d43770e3,4a63982b6437c0abde07296e780d09cc14ac571d7f4500a1953b803a785d7654,Uploaded in this connection; reused only within this case,"{'a': '99b9962e892c2fc4203fe96b1dde8340b2795d37fb22a2903e21156f3665d60d', 'bt': '5ee4a580d663c45e1acc8676542bec38aa625aca7b31986a752b950f2767985f', 'c': '65f588e34e7747c9c77bef66df1e5d3175745b60a23da925a49f805468a8d78f'}",PASS,0.02768209995701909,0.19199130003107712,0.5438243999960832,217,24,2,1,4,148,0,2,8,32,2638998349,100000000,1,576,572,0.1281081999768503,0.03187380003510043,0.8916059999610297,2.17e-06,0.0009216589861751152,7.200460829493088e-05
endurance,1,PASS,True,530,0,0,23717061,1,1,1,"{'m': 1, 'n': 1, 'k': 1, 'a_base': 64, 'bt_base': 256, 'c_base': 448, 'a_stride': 64, 'bt_stride': 64, 'c_stride': 64, 'mode': 0, 'watchdog': 10000000}",2026-10-04T17:50:31.228865+00:00,2026-10-04T17:50:32.150799+00:00,88aa3e3b1f22c616b1817981215e7d1e75fa32b22233ebb8477f64600a5ace1f,4e07408562bedb8b60ce05c1decfe3ad16b72230967de01f640b7e4729b49fce,c38656428d5459497f82875ba8f24ffa2739b336f6fcf3ef47ec0727d43770e3,4a63982b6437c0abde07296e780d09cc14ac571d7f4500a1953b803a785d7654,Uploaded in this connection; reused only within this case,"{'a': '99b9962e892c2fc4203fe96b1dde8340b2795d37fb22a2903e21156f3665d60d', 'bt': '5ee4a580d663c45e1acc8676542bec38aa625aca7b31986a752b950f2767985f', 'c': '65f588e34e7747c9c77bef66df1e5d3175745b60a23da925a49f805468a8d78f'}",PASS,0.024899000010918826,0.19209430000046268,0.5439937000046484,220,24,2,1,4,151,0,2,8,32,2638998349,100000000,1,576,572,0.12812969996593893,0.0316105000092648,0.8891166999819688,2.2e-06,0.0009090909090909091,7.102272727272727e-05
endurance,1,PASS,True,531,0,0,23727034,5,3,9,"{'m': 5, 'n': 3, 'k': 9, 'a_base': 64, 'bt_base': 512, 'c_base': 832, 'a_stride': 64, 'bt_stride': 64, 'c_stride': 64, 'mode': 0, 'watchdog': 10000000}",2026-10-04T17:50:32.360636+00:00,2026-10-04T17:50:33.350939+00:00,ef3bc4b9b9e31c005c784039efcdb667138f4a9ec68713f92ffdcc9932148b21,564e0ad5343a437f7f7c14a3f75f17c41a9a2c7eaee32350b3c1350c985e06c5,7b30da3b90cae9a36ece686c05bbbf4e6a20e49da075f6ff8520b351849325e5,33b38f8211cd4103df5f3c9072716f32ec9313b419c91eed3a1885ab2aa50c4c,Uploaded in this connection; reused only within this case,"{'a': 'ba60213afef1db580c71ba3dac36fa123c69c15c95e9834d933d6a5a9d9027f2', 'bt': '613a2e94b35435153ab47abb0d3134e065add60984a2e6471b40450a18a3628d', 'c': 'a2cae67453b44b5c7ca208689a19477ccc0bb1f3f41951bb2215ee24b60edfa9'}",PASS,0.045044499973300844,0.19231540005421266,0.5438305999850854,479,32,16,10,60,236,0,10,8,32,2638998349,100000000,15,1216,1156,0.17563119996339083,0.03207430004840717,0.9568216999759898,4.79e-06,0.05636743215031315,0.004403705636743215
endurance,1,PASS,True,532,1,0,23727034,5,3,9,"{'m': 5, 'n': 3, 'k': 9, 'a_base': 64, 'bt_base': 512, 'c_base': 832, 'a_stride': 64, 'bt_stride': 64, 'c_stride': 64, 'mode': 1, 'watchdog': 10000000}",2026-10-04T17:50:33.424387+00:00,2026-10-04T17:50:34.406839+00:00,ef3bc4b9b9e31c005c784039efcdb667138f4a9ec68713f92ffdcc9932148b21,564e0ad5343a437f7f7c14a3f75f17c41a9a2c7eaee32350b3c1350c985e06c5,7b30da3b90cae9a36ece686c05bbbf4e6a20e49da075f6ff8520b351849325e5,33b38f8211cd4103df5f3c9072716f32ec9313b419c91eed3a1885ab2aa50c4c,Uploaded in this connection; reused only within this case,"{'a': 'ba60213afef1db580c71ba3dac36fa123c69c15c95e9834d933d6a5a9d9027f2', 'bt': '613a2e94b35435153ab47abb0d3134e065add60984a2e6471b40450a18a3628d', 'c': 'a2cae67453b44b5c7ca208689a19477ccc0bb1f3f41951bb2215ee24b60edfa9'}",PASS,0.03628709999611601,0.19198550004512072,0.5441674999892712,478,32,16,10,60,235,0,10,8,32,2638998349,100000000,15,1216,1156,0.17581400001654401,0.0319257999653928,0.9482541000470519,4.78e-06,0.056485355648535567,0.004412918410041841
endurance,1,PASS,True,533,1,0,23737007,31,33,17,"{'m': 31, 'n': 33, 'k': 17, 'a_base': 64, 'bt_base': 2176, 'c_base': 4416, 'a_stride': 64, 'bt_stride': 64, 'c_stride': 192, 'mode': 1, 'watchdog': 10000000}",2026-10-04T17:50:34.874476+00:00,2026-10-04T17:50:36.886620+00:00,8009dae3b7675ee610bf6c635aaa080ed8e32644d69641ebc86734bf35e97e13,52022d62d41ec69b9fc82e938bac735068af28c627c422df273c27e88a3ad0f7,bd3d9e669cb992f9b8d1cc249fb56f842f5cc84701dd5698d4cb0ff05c13c7bf,27962cc5b0d80d8e966d0829464fd880cc76f13649c1df19554bae03dfb3ebf3,Uploaded in this connection; reused only within this case,"{'a': '1c30a76e386872e949207336b55021eb7eadefc21d670fa93e0f96f803852604', 'bt': 'f3a6882dc8002cff75db88ae4bcfcbff4d352f377fa9a81b8e91bb2152c853f1', 'c': '13828757d39eb3fb49d711dacf44f2faea0b43ed34dc1b6f6ee75c71701c287b'}",PASS,0.42649840004742146,0.19194739998783916,0.5439136999775656,6481,800,285,527,4092,1228,0,124,8,32,2638998349,100000000,1023,10432,6340,0.8161709000123665,0.0317343000206165,1.9785304000251926,6.481e-05,0.5366764388211696,0.04192784678290387
endurance,1,PASS,True,534,0,0,23737007,31,33,17,"{'m': 31, 'n': 33, 'k': 17, 'a_base': 64, 'bt_base': 2176, 'c_base': 4416, 'a_stride': 64, 'bt_stride': 64, 'c_stride': 192, 'mode': 0, 'watchdog': 10000000}",2026-10-04T17:50:36.952091+00:00,2026-10-04T17:50:38.966853+00:00,8009dae3b7675ee610bf6c635aaa080ed8e32644d69641ebc86734bf35e97e13,52022d62d41ec69b9fc82e938bac735068af28c627c422df273c27e88a3ad0f7,bd3d9e669cb992f9b8d1cc249fb56f842f5cc84701dd5698d4cb0ff05c13c7bf,27962cc5b0d80d8e966d0829464fd880cc76f13649c1df19554bae03dfb3ebf3,Uploaded in this connection; reused only within this case,"{'a': '1c30a76e386872e949207336b55021eb7eadefc21d670fa93e0f96f803852604', 'bt': 'f3a6882dc8002cff75db88ae4bcfcbff4d352f377fa9a81b8e91bb2152c853f1', 'c': '13828757d39eb3fb49d711dacf44f2faea0b43ed34dc1b6f6ee75c71701c287b'}",PASS,0.42907989997183904,0.19198840000899509,0.5438560000038706,7378,800,285,527,4092,1939,0,124,8,32,2638998349,100000000,1023,10432,6340,0.8162005000049248,0.03206589998444542,1.9811247999896295,7.378e-05,0.4714285714285714,0.036830357142857144
endurance,1,PASS,True,535,0,0,23746980,33,35,256,"{'m': 33, 'n': 35, 'k': 256, 'a_base': 64, 'bt_base': 8640, 'c_base': 17728, 'a_stride': 256, 'bt_stride': 256, 'c_stride': 192, 'mode': 0, 'watchdog': 10000000}",2026-10-04T17:50:40.376883+00:00,2026-10-04T17:50:43.382410+00:00,345ea742bb556d3ac0435c182afef5f73ec662d8d77e20dd5e12bbecb31e148f,a841ab1985f8a6686a9b23d9eacb2af1198d7f7f2ec2bf2e99b30b89eef7c303,2adc9f95b8d2f8c75ecbd9bd4111015867650b9d529cc5f89a9bb7e0ed70e4cb,ee1fc66f793ecdd41d484678cfffebd8803e5fd7ed6736b0edf884700474f81d,Uploaded in this connection; reused only within this case,"{'a': '3325b699c67cabb3e749220656dd613b0aab7e06d29285f8f80d6df3a4fb1b2a', 'bt': 'dc3df8563208d1c0e6beadfdd6ba3c546cf37ac9661bc3d9021b0ac42eb09716', 'c': '2647fa5f1e8e33b22ae2ef1b5a48cc0226d439c5670ee285af6ffdeb2519d34c'}",PASS,0.46082790003856644,0.19193989998893812,0.543794600002002,19808,6975,4352,594,4620,7685,0,134,8,32,2638998349,100000000,1155,24128,19508,1.7758084000088274,0.03197479998925701,2.972370800038334,0.00019808,2.98546042003231,0.23323909531502424
endurance,1,PASS,True,536,1,0,23746980,33,35,256,"{'m': 33, 'n': 35, 'k': 256, 'a_base': 64, 'bt_base': 8640, 'c_base': 17728, 'a_stride': 256, 'bt_stride': 256, 'c_stride': 192, 'mode': 1, 'watchdog': 10000000}",2026-10-04T17:50:43.454925+00:00,2026-10-04T17:50:46.454708+00:00,345ea742bb556d3ac0435c182afef5f73ec662d8d77e20dd5e12bbecb31e148f,a841ab1985f8a6686a9b23d9eacb2af1198d7f7f2ec2bf2e99b30b89eef7c303,2adc9f95b8d2f8c75ecbd9bd4111015867650b9d529cc5f89a9bb7e0ed70e4cb,ee1fc66f793ecdd41d484678cfffebd8803e5fd7ed6736b0edf884700474f81d,Uploaded in this connection; reused only within this case,"{'a': '3325b699c67cabb3e749220656dd613b0aab7e06d29285f8f80d6df3a4fb1b2a', 'bt': 'dc3df8563208d1c0e6beadfdd6ba3c546cf37ac9661bc3d9021b0ac42eb09716', 'c': '2647fa5f1e8e33b22ae2ef1b5a48cc0226d439c5670ee285af6ffdeb2519d34c'}",PASS,0.4537241000216454,0.19224979996215552,0.5440322000067681,13302,6975,4352,594,4620,3466,0,134,8,32,2638998349,100000000,1155,24128,19508,1.7759325000224635,0.031890899990685284,2.9659386000130326,0.00013302,4.445647271087054,0.3473161930536761
endurance,1,PASS,True,537,1,0,23756953,65,63,255,"{'m': 65, 'n': 63, 'k': 255, 'a_base': 64, 'bt_base': 16832, 'c_base': 33088, 'a_stride': 256, 'bt_stride': 256, 'c_stride': 256, 'mode': 1, 'watchdog': 10000000}",2026-10-04T17:50:48.970076+00:00,2026-10-04T17:50:54.502421+00:00,8de01480343600414a970808e0602c5c570c36ea3a8c47ce6daecfe589382968,708126ce99731dc975e7fb9a35afeb3c741ad7503b05386410aac70a6623b025,306a675a85e4f45f36b77ef6bc14f4de87f695bc57c61239e81ef9d78c52f5b4,a9bca6de7f29d070c024d46b29fb35e03e51511825a6eb05547b4065ff62b270,Uploaded in this connection; reused only within this case,"{'a': '216fac3e176b627d25beaca557784a4d1750fc599ac02e7d909e9a92907efb51', 'bt': 'fcac22d46be2b8a09429719194ac89991bb747575d74e29d8f950f208c74bdf6', 'c': '1223a4eca9311dd094f9546c675d831a347721dce1835bfe5ddc7b8eb0cb322f'}",PASS,1.1796897000167519,0.19207409996306524,0.5431937000248581,26430,20016,10208,2080,16380,3494,0,268,8,32,2638998349,100000000,4095,49792,33412,3.5841216999688186,0.03204700001515448,5.499079199973494,0.0002643,7.901816118047673,0.6173293842224744
endurance,1,PASS,True,538,0,0,23756953,65,63,255,"{'m': 65, 'n': 63, 'k': 255, 'a_base': 64, 'bt_base': 16832, 'c_base': 33088, 'a_stride': 256, 'bt_stride': 256, 'c_stride': 256, 'mode': 0, 'watchdog': 10000000}",2026-10-04T17:50:54.572650+00:00,2026-10-04T17:51:00.101868+00:00,8de01480343600414a970808e0602c5c570c36ea3a8c47ce6daecfe589382968,708126ce99731dc975e7fb9a35afeb3c741ad7503b05386410aac70a6623b025,306a675a85e4f45f36b77ef6bc14f4de87f695bc57c61239e81ef9d78c52f5b4,a9bca6de7f29d070c024d46b29fb35e03e51511825a6eb05547b4065ff62b270,Uploaded in this connection; reused only within this case,"{'a': '216fac3e176b627d25beaca557784a4d1750fc599ac02e7d909e9a92907efb51', 'bt': 'fcac22d46be2b8a09429719194ac89991bb747575d74e29d8f950f208c74bdf6', 'c': '1223a4eca9311dd094f9546c675d831a347721dce1835bfe5ddc7b8eb0cb322f'}",PASS,1.17523400002392,0.19194619997870177,0.5439418000169098,52394,20016,10208,2080,16380,17530,0,268,8,32,2638998349,100000000,4095,49792,33412,3.5840984999667853,0.03181770001538098,5.495220499986317,0.00052394,3.9860480207657365,0.3114100016223232
endurance,1,PASS,True,539,0,0,23766926,1,64,256,"{'m': 1, 'n': 64, 'k': 256, 'a_base': 64, 'bt_base': 448, 'c_base': 16960, 'a_stride': 256, 'bt_stride': 256, 'c_stride': 256, 'mode': 0, 'watchdog': 10000000}",2026-10-04T17:51:01.464314+00:00,2026-10-04T17:51:03.589914+00:00,867e0a8e3c94f778e22b227fe15169455cb32c49577d51d37c7e0d48e4888e25,731d8ecdc754c5e514751b8e39de08b34ae1e6ff37c06debe7165baa1bcb632c,0cbbaf266a2f94b38f2ffb8ceb018701956d9999a2b8ad9943445d1c67749656,5f321d962341187293143f249b7f697a7dbac706ae86f4a3219a9b21c72f2f63,Uploaded in this connection; reused only within this case,"{'a': '53dfa7f789d5c6913ac6eeba2447da2790ed1e02eb43418f4795e8d59beefeb1', 'bt': '70684f9a7d980fcd8c705a329766f3944e17318c68366982ee2e80e186ec318b', 'c': '0fe645729acfe3fcdb0237180105bab3deeec50c80d53349771591cb7e766abf'}",PASS,0.04356610000832006,0.1917702999780886,0.5438287000288256,6277,2232,2112,32,256,3768,0,4,8,32,2638998349,100000000,64,17280,17024,1.3121563000022434,0.03200119995744899,2.0913214000174776,6.277e-05,0.5220328182252669,0.04078381392384897
endurance,1,PASS,True,540,1,0,23766926,1,64,256,"{'m': 1, 'n': 64, 'k': 256, 'a_base': 64, 'bt_base': 448, 'c_base': 16960, 'a_stride': 256, 'bt_stride': 256, 'c_stride': 256, 'mode': 1, 'watchdog': 10000000}",2026-10-04T17:51:03.652463+00:00,2026-10-04T17:51:05.781682+00:00,867e0a8e3c94f778e22b227fe15169455cb32c49577d51d37c7e0d48e4888e25,731d8ecdc754c5e514751b8e39de08b34ae1e6ff37c06debe7165baa1bcb632c,0cbbaf266a2f94b38f2ffb8ceb018701956d9999a2b8ad9943445d1c67749656,5f321d962341187293143f249b7f697a7dbac706ae86f4a3219a9b21c72f2f63,Uploaded in this connection; reused only within this case,"{'a': '53dfa7f789d5c6913ac6eeba2447da2790ed1e02eb43418f4795e8d59beefeb1', 'bt': '70684f9a7d980fcd8c705a329766f3944e17318c68366982ee2e80e186ec318b', 'c': '0fe645729acfe3fcdb0237180105bab3deeec50c80d53349771591cb7e766abf'}",PASS,0.04751510004280135,0.1919431999558583,0.5439552000025287,5055,2232,2112,32,256,2642,0,4,8,32,2638998349,100000000,64,17280,17024,1.3120213000220247,0.031988699978683144,2.095434800023213,5.055e-05,0.6482294757665678,0.050642927794263104
endurance,1,PASS,True,541,1,0,23776899,64,1,256,"{'m': 64, 'n': 1, 'k': 256, 'a_base': 64, 'bt_base': 16576, 'c_base': 16960, 'a_stride': 256, 'bt_stride': 256, 'c_stride': 64, 'mode': 1, 'watchdog': 10000000}",2026-10-04T17:51:07.160922+00:00,2026-10-04T17:51:09.797433+00:00,0062434a0360861c3ef9b52d4fcbe1ac67f5a85ca550f5eb544ce0281e18a5eb,3f685987981ce03ab11ee0af0e6dab19ec4036ca2189e3bb305009b9e6656991,04f90b67fc07e23a05bdb0bed07f0451edefb2127e22392b5722e0e2b36c7e7c,a70ed0c4d71853fed17d7319dc32a370af5c2a05f6a9c01652f6e063e4303fb5,Uploaded in this connection; reused only within this case,"{'a': '2fb270a7ed344a4dbd1cfa7e392bf225065355176462070dc763bf5a2abe6bcd', 'bt': '6e122e65d1ea155def716a1d17baf80ba20e03c3d0409a391d40a8dd9df7286d', 'c': '7b1ee69f77f908d3f8abe62b3ca06a3b7031b22d6cf0f4be4d75318558ce67a3'}",PASS,0.2986213999683969,0.19202390004647896,0.5442827999941073,6035,2232,2112,64,256,2610,0,128,8,32,2638998349,100000000,64,21120,20864,1.5679343999945559,0.031561899988446385,2.602862500003539,6.035e-05,0.5429660314830158,0.04241922120961061
endurance,1,PASS,True,542,0,0,23776899,64,1,256,"{'m': 64, 'n': 1, 'k': 256, 'a_base': 64, 'bt_base': 16576, 'c_base': 16960, 'a_stride': 256, 'bt_stride': 256, 'c_stride': 64, 'mode': 0, 'watchdog': 10000000}",2026-10-04T17:51:09.857508+00:00,2026-10-04T17:51:12.485348+00:00,0062434a0360861c3ef9b52d4fcbe1ac67f5a85ca550f5eb544ce0281e18a5eb,3f685987981ce03ab11ee0af0e6dab19ec4036ca2189e3bb305009b9e6656991,04f90b67fc07e23a05bdb0bed07f0451edefb2127e22392b5722e0e2b36c7e7c,a70ed0c4d71853fed17d7319dc32a370af5c2a05f6a9c01652f6e063e4303fb5,Uploaded in this connection; reused only within this case,"{'a': '2fb270a7ed344a4dbd1cfa7e392bf225065355176462070dc763bf5a2abe6bcd', 'bt': '6e122e65d1ea155def716a1d17baf80ba20e03c3d0409a391d40a8dd9df7286d', 'c': '7b1ee69f77f908d3f8abe62b3ca06a3b7031b22d6cf0f4be4d75318558ce67a3'}",PASS,0.2894607000052929,0.192167800036259,0.5437173999962397,8301,2232,2112,64,256,3714,0,128,8,32,2638998349,100000000,64,21120,20864,1.5681989999720827,0.031718900019768625,2.5935449000098743,8.301e-05,0.3947476207685821,0.030839657872545476
endurance,1,PASS,True,543,0,0,23786872,32,32,256,"{'m': 32, 'n': 32, 'k': 256, 'a_base': 64, 'bt_base': 8384, 'c_base': 16704, 'a_stride': 256, 'bt_stride': 256, 'c_stride': 128, 'mode': 0, 'watchdog': 10000000}",2026-10-04T17:51:13.832473+00:00,2026-10-04T17:51:16.453341+00:00,50ff326f609f9987c996fb986798e2b4cb765c50c10ee9a1337ceb817c4f0a65,eb978f75fba0da15a74a511a8dc3cf3df8270e1235fbe499770648098a003067,e4b6367fcf823ca15bf05eabc52ebc67f426038d1626015582ee551489f2f0d1,34528804e528ee06146ac3e3a322c89ad99ecc48c9abe36cbf2c6655eb89dcab,Uploaded in this connection; reused only within this case,"{'a': '0d17b5078cb937b02657b6394565b9b056aecdaa302ef18baa4e85b306c91b82', 'bt': '4f78317b15096f07f7cc34cbc47dfc816690047cde3fb4cfa256e004ae684ee4', 'c': '5adbfe25ded99e479bc2bd0dd05723490a86cd44414876a6032dcdbf3224d287'}",PASS,0.298709399998188,0.19194069999502972,0.5441779000102542,11552,4464,2048,512,4096,3453,0,66,8,32,2638998349,100000000,1024,20864,16768,1.5517454000073485,0.03208009997615591,2.5865734000108205,0.00011552,4.538504155124654,0.3545706371191136
endurance,1,PASS,True,544,1,0,23786872,32,32,256,"{'m': 32, 'n': 32, 'k': 256, 'a_base': 64, 'bt_base': 8384, 'c_base': 16704, 'a_stride': 256, 'bt_stride': 256, 'c_stride': 128, 'mode': 1, 'watchdog': 10000000}",2026-10-04T17:51:16.524911+00:00,2026-10-04T17:51:19.141307+00:00,50ff326f609f9987c996fb986798e2b4cb765c50c10ee9a1337ceb817c4f0a65,eb978f75fba0da15a74a511a8dc3cf3df8270e1235fbe499770648098a003067,e4b6367fcf823ca15bf05eabc52ebc67f426038d1626015582ee551489f2f0d1,34528804e528ee06146ac3e3a322c89ad99ecc48c9abe36cbf2c6655eb89dcab,Uploaded in this connection; reused only within this case,"{'a': '0d17b5078cb937b02657b6394565b9b056aecdaa302ef18baa4e85b306c91b82', 'bt': '4f78317b15096f07f7cc34cbc47dfc816690047cde3fb4cfa256e004ae684ee4', 'c': '5adbfe25ded99e479bc2bd0dd05723490a86cd44414876a6032dcdbf3224d287'}",PASS,0.29427399998530746,0.19204019999597222,0.544008600001689,11553,4464,2048,512,4096,3455,0,66,8,32,2638998349,100000000,1024,20864,16768,1.5521827000193298,0.03180709999287501,2.5825055000022985,0.00011553,4.538111313078853,0.3545399463342855
endurance,1,PASS,True,545,0,0,23821790,1,1,1,"{'m': 1, 'n': 1, 'k': 1, 'a_base': 64, 'bt_base': 256, 'c_base': 448, 'a_stride': 64, 'bt_stride': 64, 'c_stride': 64, 'mode': 0, 'watchdog': 10000000}",2026-10-04T17:51:19.368218+00:00,2026-10-04T17:51:20.293143+00:00,c19a797fa1fd590cd2e5b42d1cf5f246e29b91684e2f87404b81dc345c7a56a0,ca358758f6d27e6cf45272937977a748fd88391db679ceda7dc7bf1f005ee879,87f1cc541de152bd66d2ac8e88c176165e5f8ebfbaf7a4d4588a3b3208c02ea7,c614e9b66644fec70caee065b5af08053a06a0cf7e3c969f5f3ff4bbdeb29eb6,Uploaded in this connection; reused only within this case,"{'a': 'f5cadc08a59c4bcf2f14c458983ce0ef493ff38c5f459d1c43d8a8d4b6babc50', 'bt': '1da6f959eb09854e8fa0511273779f32cf927880b9da3531797a1768d76953d3', 'c': '92cf208d8e0a4046d8d4a6e82f04a85826412ba11b0fddd936bbaef366b447b9'}",PASS,0.027246100013144314,0.19195200002286583,0.5436761999735609,219,24,2,1,4,150,0,2,8,32,2638998349,100000000,1,576,572,0.12806300004012883,0.031954599951859564,0.8909373000496998,2.19e-06,0.0009132420091324201,7.134703196347032e-05
endurance,1,PASS,True,546,1,0,23821790,1,1,1,"{'m': 1, 'n': 1, 'k': 1, 'a_base': 64, 'bt_base': 256, 'c_base': 448, 'a_stride': 64, 'bt_stride': 64, 'c_stride': 64, 'mode': 1, 'watchdog': 10000000}",2026-10-04T17:51:20.359958+00:00,2026-10-04T17:51:21.285164+00:00,c19a797fa1fd590cd2e5b42d1cf5f246e29b91684e2f87404b81dc345c7a56a0,ca358758f6d27e6cf45272937977a748fd88391db679ceda7dc7bf1f005ee879,87f1cc541de152bd66d2ac8e88c176165e5f8ebfbaf7a4d4588a3b3208c02ea7,c614e9b66644fec70caee065b5af08053a06a0cf7e3c969f5f3ff4bbdeb29eb6,Uploaded in this connection; reused only within this case,"{'a': 'f5cadc08a59c4bcf2f14c458983ce0ef493ff38c5f459d1c43d8a8d4b6babc50', 'bt': '1da6f959eb09854e8fa0511273779f32cf927880b9da3531797a1768d76953d3', 'c': '92cf208d8e0a4046d8d4a6e82f04a85826412ba11b0fddd936bbaef366b447b9'}",PASS,0.027136099990457296,0.19186720001744106,0.5440615999978036,218,24,2,1,4,149,0,2,8,32,2638998349,100000000,1,576,572,0.12821699999039993,0.03177619999041781,0.8912818999961019,2.18e-06,0.0009174311926605505,7.167431192660551e-05
endurance,1,PASS,True,547,1,0,23831763,5,3,9,"{'m': 5, 'n': 3, 'k': 9, 'a_base': 64, 'bt_base': 512, 'c_base': 832, 'a_stride': 64, 'bt_stride': 64, 'c_stride': 64, 'mode': 1, 'watchdog': 10000000}",2026-10-04T17:51:21.494770+00:00,2026-10-04T17:51:22.485019+00:00,748683bde9843b91403a867f7ec9e6a53d93c1b2fdd3dc4061a7afcb6fde9a03,aa599022ab85bfcd8486de671e5f33e3baf13cb7456def082aa8af1668a05bd5,0fd2fd849d938cd48a4fe8e3cafa37f96c2ee4c03cb5fbdee924834a5fa0df95,91588c23c81ff30570d0fa4ca20d2da52a95789acad9163faad4bc76aa4b2ba7,Uploaded in this connection; reused only within this case,"{'a': 'c5ab0f8060baa68db80e08a4e04b2d535e0c8cb252337af7faf3c25927be4d6a', 'bt': '00f980baaf28b53f544780487e7a2e3e348fe00316a436e64e5bd415c0f4e676', 'c': '8f0f6b1d4bbe3596254355eb1291675b6706627615fdda8befd1d59cfbabe2eb'}",PASS,0.04532480001216754,0.19203039997955784,0.5438637000042945,478,32,16,10,60,235,0,10,8,32,2638998349,100000000,15,1216,1156,0.17622909997589886,0.0317716000135988,0.9574479999719188,4.78e-06,0.056485355648535567,0.004412918410041841
endurance,1,PASS,True,548,0,0,23831763,5,3,9,"{'m': 5, 'n': 3, 'k': 9, 'a_base': 64, 'bt_base': 512, 'c_base': 832, 'a_stride': 64, 'bt_stride': 64, 'c_stride': 64, 'mode': 0, 'watchdog': 10000000}",2026-10-04T17:51:22.553454+00:00,2026-10-04T17:51:23.541075+00:00,748683bde9843b91403a867f7ec9e6a53d93c1b2fdd3dc4061a7afcb6fde9a03,aa599022ab85bfcd8486de671e5f33e3baf13cb7456def082aa8af1668a05bd5,0fd2fd849d938cd48a4fe8e3cafa37f96c2ee4c03cb5fbdee924834a5fa0df95,91588c23c81ff30570d0fa4ca20d2da52a95789acad9163faad4bc76aa4b2ba7,Uploaded in this connection; reused only within this case,"{'a': 'c5ab0f8060baa68db80e08a4e04b2d535e0c8cb252337af7faf3c25927be4d6a', 'bt': '00f980baaf28b53f544780487e7a2e3e348fe00316a436e64e5bd415c0f4e676', 'c': '8f0f6b1d4bbe3596254355eb1291675b6706627615fdda8befd1d59cfbabe2eb'}",PASS,0.04114240000490099,0.19169439998222515,0.5438139000325464,478,32,16,10,60,235,0,10,8,32,2638998349,100000000,15,1216,1156,0.17583019996527582,0.03205300000263378,0.9524808999849483,4.78e-06,0.056485355648535567,0.004412918410041841
endurance,1,PASS,True,549,0,0,23841736,31,33,17,"{'m': 31, 'n': 33, 'k': 17, 'a_base': 64, 'bt_base': 2176, 'c_base': 4416, 'a_stride': 64, 'bt_stride': 64, 'c_stride': 192, 'mode': 0, 'watchdog': 10000000}",2026-10-04T17:51:23.991891+00:00,2026-10-04T17:51:26.005237+00:00,127ce0171d72699934b018d575e6cd19ef76546a505206ccdf2fc3e58b11aec4,98a49d7913da0828eacb65add1d42ce4df72b48df6eefb5c975fb059a1936cbb,345b1f3f211806e2f764d0802ec3f17a6cb749d7df76bf75d656e7306ddae01c,f1744c3bc5bacf7c207c284cace48096613bce21580b5fab751b7364f2c3a4b7,Uploaded in this connection; reused only within this case,"{'a': '6f9aedcba096b015fa7e038fd7be79365111e7939f61d7715dac956cbaa28363', 'bt': 'bcd3e19d7a659df6ef00c64f55d24cfd2fdc82e2b7443b73ea40c580757ceb2a', 'c': 'f389f41672cde20c4921b4bafa6f46d5e205e05e446c8ca70b6de2a3b8e44310'}",PASS,0.4285521999699995,0.1916324999765493,0.5443157000117935,7343,800,285,527,4092,1912,0,124,8,32,2638998349,100000000,1023,10432,6340,0.8158272000146098,0.03199089999543503,1.9803275999729522,7.343e-05,0.4736756094239412,0.0370059069862454
endurance,1,PASS,True,550,1,0,23841736,31,33,17,"{'m': 31, 'n': 33, 'k': 17, 'a_base': 64, 'bt_base': 2176, 'c_base': 4416, 'a_stride': 64, 'bt_stride': 64, 'c_stride': 192, 'mode': 1, 'watchdog': 10000000}",2026-10-04T17:51:26.068858+00:00,2026-10-04T17:51:28.084816+00:00,127ce0171d72699934b018d575e6cd19ef76546a505206ccdf2fc3e58b11aec4,98a49d7913da0828eacb65add1d42ce4df72b48df6eefb5c975fb059a1936cbb,345b1f3f211806e2f764d0802ec3f17a6cb749d7df76bf75d656e7306ddae01c,f1744c3bc5bacf7c207c284cace48096613bce21580b5fab751b7364f2c3a4b7,Uploaded in this connection; reused only within this case,"{'a': '6f9aedcba096b015fa7e038fd7be79365111e7939f61d7715dac956cbaa28363', 'bt': 'bcd3e19d7a659df6ef00c64f55d24cfd2fdc82e2b7443b73ea40c580757ceb2a', 'c': 'f389f41672cde20c4921b4bafa6f46d5e205e05e446c8ca70b6de2a3b8e44310'}",PASS,0.43117970001185313,0.1919676999677904,0.5436820000177249,6482,800,285,527,4092,1227,0,124,8,32,2638998349,100000000,1023,10432,6340,0.816071400011424,0.03188709996175021,1.9829008000087924,6.482e-05,0.5365936439370564,0.041921378432582534
endurance,1,PASS,True,551,1,0,23851709,33,35,256,"{'m': 33, 'n': 35, 'k': 256, 'a_base': 64, 'bt_base': 8640, 'c_base': 17728, 'a_stride': 256, 'bt_stride': 256, 'c_stride': 192, 'mode': 1, 'watchdog': 10000000}",2026-10-04T17:51:29.495612+00:00,2026-10-04T17:51:32.500764+00:00,fae1c9cc09b8f6e5324feec2ac92a048720a03bb7fb23742603c955fb52101dc,da777c360cd664b890bdf2f91079acbf32f3f511e8d274b565409af2eabfac5d,420f390262015224406f6d37ff0d800fe917a518bdb631cd0190e612676a8ea2,aca310ddb6bc159f94adadcc5698e83cfb0c0dd5acff943d15a459fa7b7a0fe0,Uploaded in this connection; reused only within this case,"{'a': '701bc8c72799f50366fd9d30f550f197430c5ff52db444a02f8e0cb20942b30e', 'bt': '0f691345c3861b3289d6e4ac5eeda10f4f884544ad0fd3aa71f000ef632f0b4c', 'c': 'd442c44c33e4e2930fb8e3c1b60d7077615c209a32f0c77bfee1805af5338bd6'}",PASS,0.45918010000605136,0.19192820001626387,0.5439846999943256,13300,6975,4352,594,4620,3512,0,134,8,32,2638998349,100000000,1155,24128,19508,1.7761475999723189,0.03175270004430786,2.9712405999889597,0.000133,4.446315789473684,0.3473684210526316
endurance,1,PASS,True,552,0,0,23851709,33,35,256,"{'m': 33, 'n': 35, 'k': 256, 'a_base': 64, 'bt_base': 8640, 'c_base': 17728, 'a_stride': 256, 'bt_stride': 256, 'c_stride': 192, 'mode': 0, 'watchdog': 10000000}",2026-10-04T17:51:32.571677+00:00,2026-10-04T17:51:35.573091+00:00,fae1c9cc09b8f6e5324feec2ac92a048720a03bb7fb23742603c955fb52101dc,da777c360cd664b890bdf2f91079acbf32f3f511e8d274b565409af2eabfac5d,420f390262015224406f6d37ff0d800fe917a518bdb631cd0190e612676a8ea2,aca310ddb6bc159f94adadcc5698e83cfb0c0dd5acff943d15a459fa7b7a0fe0,Uploaded in this connection; reused only within this case,"{'a': '701bc8c72799f50366fd9d30f550f197430c5ff52db444a02f8e0cb20942b30e', 'bt': '0f691345c3861b3289d6e4ac5eeda10f4f884544ad0fd3aa71f000ef632f0b4c', 'c': 'd442c44c33e4e2930fb8e3c1b60d7077615c209a32f0c77bfee1805af5338bd6'}",PASS,0.45545820001279935,0.1919072000309825,0.5437203999608755,19819,6975,4352,594,4620,7696,0,134,8,32,2638998349,100000000,1155,24128,19508,1.7769183000200428,0.0314986000303179,2.9680041000247,0.00019819,2.9838034209596853,0.2331096422624754
endurance,1,PASS,True,553,0,0,23861682,65,63,255,"{'m': 65, 'n': 63, 'k': 255, 'a_base': 64, 'bt_base': 16832, 'c_base': 33088, 'a_stride': 256, 'bt_stride': 256, 'c_stride': 256, 'mode': 0, 'watchdog': 10000000}",2026-10-04T17:51:38.089350+00:00,2026-10-04T17:51:43.620736+00:00,d0c647dbded708b9cb35604cdcbf3f0e55c5e2ee749b76f5aa73a46c6e0b67de,fae4b289dbcff4d5e91b944d06a7991517a3f38bc9a25b9d3f970a91db570bb1,36923415bbaa8cb825e6173ab5e0018523d65ca5aebc3058a3408879c7824372,48d619f2398bc662458cec5346a3250d1a3d7f5a20d2636241c7580d3c34140f,Uploaded in this connection; reused only within this case,"{'a': 'edbf0ffe2b7e81e988a59da42cd8b66bdc2bfdc47bdd8da70aef8031830008e0', 'bt': '1e2d929ae005985da94edc8be51d7833ea59ec4e0c83e3dec4a262ece1a19ba1', 'c': '275b0b6c440cfa4f42d8e83a0f18de6db74ae0cf59c1b60b6325f0299fc93cea'}",PASS,1.1776156999985687,0.19217579998075962,0.5441887000342831,52385,20016,10208,2080,16380,17538,0,268,8,32,2638998349,100000000,4095,49792,33412,3.5839428000035696,0.03191479999804869,5.497923000017181,0.00052385,3.9867328433711937,0.31146350338837453
endurance,1,PASS,True,554,1,0,23861682,65,63,255,"{'m': 65, 'n': 63, 'k': 255, 'a_base': 64, 'bt_base': 16832, 'c_base': 33088, 'a_stride': 256, 'bt_stride': 256, 'c_stride': 256, 'mode': 1, 'watchdog': 10000000}",2026-10-04T17:51:43.684185+00:00,2026-10-04T17:51:49.220122+00:00,d0c647dbded708b9cb35604cdcbf3f0e55c5e2ee749b76f5aa73a46c6e0b67de,fae4b289dbcff4d5e91b944d06a7991517a3f38bc9a25b9d3f970a91db570bb1,36923415bbaa8cb825e6173ab5e0018523d65ca5aebc3058a3408879c7824372,48d619f2398bc662458cec5346a3250d1a3d7f5a20d2636241c7580d3c34140f,Uploaded in this connection; reused only within this case,"{'a': 'edbf0ffe2b7e81e988a59da42cd8b66bdc2bfdc47bdd8da70aef8031830008e0', 'bt': '1e2d929ae005985da94edc8be51d7833ea59ec4e0c83e3dec4a262ece1a19ba1', 'c': '275b0b6c440cfa4f42d8e83a0f18de6db74ae0cf59c1b60b6325f0299fc93cea'}",PASS,1.1828280999907292,0.19192929996643215,0.5440564000164159,26504,20016,10208,2080,16380,3494,0,268,8,32,2638998349,100000000,4095,49792,33412,3.5839899000129662,0.03187810000963509,5.5028036999865435,0.00026504,7.879753999396318,0.6156057812028373
endurance,1,PASS,True,555,1,0,23871655,1,64,256,"{'m': 1, 'n': 64, 'k': 256, 'a_base': 64, 'bt_base': 448, 'c_base': 16960, 'a_stride': 256, 'bt_stride': 256, 'c_stride': 256, 'mode': 1, 'watchdog': 10000000}",2026-10-04T17:51:50.600094+00:00,2026-10-04T17:51:52.723967+00:00,5a815c9476cfa3da2f3a07d7d8d6352bfe237bb1ca5f1c45456d46b1509c0d03,abdd5a123899883bf2b65ae190eb296fd365f9444cc2f022ce582d2fbcab4c4b,37eeb642013c140c96a9f1f223735f1aec4fde0d693cccf151f4bf00fe1ce533,5913d4d534d24f71e4ea4791fb640e27d8796930e38f3bd6ea4f35b48ad61759,Uploaded in this connection; reused only within this case,"{'a': 'ad957295da0a8a3f12f860f568c991438f4b343d35521d246c654a9d17b678c2', 'bt': '3e3091cbd7391be79a80e49eb4918615d9681165b420806514b9cef242a5edb0', 'c': 'bd49f809903d4c66bfe7402ce1ccd08a547f38c9c5b2501ae15b1473fcd7f736'}",PASS,0.043319999997038394,0.19164989999262616,0.5438999000471085,5018,2232,2112,32,256,2635,0,4,8,32,2638998349,100000000,64,17280,17024,1.312047999992501,0.03187780000735074,2.090917800029274,5.018e-05,0.6530091669988043,0.05101634117178159
endurance,1,PASS,True,556,0,0,23871655,1,64,256,"{'m': 1, 'n': 64, 'k': 256, 'a_base': 64, 'bt_base': 448, 'c_base': 16960, 'a_stride': 256, 'bt_stride': 256, 'c_stride': 256, 'mode': 0, 'watchdog': 10000000}",2026-10-04T17:51:52.799048+00:00,2026-10-04T17:51:54.916144+00:00,5a815c9476cfa3da2f3a07d7d8d6352bfe237bb1ca5f1c45456d46b1509c0d03,abdd5a123899883bf2b65ae190eb296fd365f9444cc2f022ce582d2fbcab4c4b,37eeb642013c140c96a9f1f223735f1aec4fde0d693cccf151f4bf00fe1ce533,5913d4d534d24f71e4ea4791fb640e27d8796930e38f3bd6ea4f35b48ad61759,Uploaded in this connection; reused only within this case,"{'a': 'ad957295da0a8a3f12f860f568c991438f4b343d35521d246c654a9d17b678c2', 'bt': '3e3091cbd7391be79a80e49eb4918615d9681165b420806514b9cef242a5edb0', 'c': 'bd49f809903d4c66bfe7402ce1ccd08a547f38c9c5b2501ae15b1473fcd7f736'}",PASS,0.03491010004654527,0.19181509996997193,0.5440896999789402,6255,2232,2112,32,256,3751,0,4,8,32,2638998349,100000000,64,17280,17024,1.3119802000001073,0.03204430005280301,2.0827950999955647,6.255e-05,0.5238689048760992,0.04092725819344525
endurance,1,PASS,True,557,0,0,23881628,64,1,256,"{'m': 64, 'n': 1, 'k': 256, 'a_base': 64, 'bt_base': 16576, 'c_base': 16960, 'a_stride': 256, 'bt_stride': 256, 'c_stride': 64, 'mode': 0, 'watchdog': 10000000}",2026-10-04T17:51:56.264890+00:00,2026-10-04T17:51:58.899799+00:00,270c8552c9bc8b1b0983e29ef06c0ba2b849cdefc3adacdfe38ce801d59ce6ab,a28f61445a18b7067ea74b331d02944bfa0c8c85b6626887fe643c52ecfe0a22,460bc5b0f3fbda7dba7c47ad2499e7775bda85583a9bdd160e9b558ae02bcec7,4ba8ff719ec6e37a76938fc23a3a48863f6c0e0146b2fae28cd9f0bed3d82fc8,Uploaded in this connection; reused only within this case,"{'a': '5295a792189cd15a9381856c42a63699365f55dbcefaa9bb4126a94f2b4b289f', 'bt': 'd0315d5cae7ceea1bc4f8d1a57defeadc3bc42a16a93442b5d6286f35b2b679a', 'c': 'ed23b0ee969b20842ae436ba9a121816f5ae32c4a36e1174742972be9b9ef71a'}",PASS,0.2970618000254035,0.19189139996888116,0.5438149999827147,8292,2232,2112,64,256,3709,0,128,8,32,2638998349,100000000,64,21120,20864,1.56806510000024,0.031831500004045665,2.600833299977239,8.292e-05,0.3951760733236855,0.03087313072841293
endurance,1,PASS,True,558,1,0,23881628,64,1,256,"{'m': 64, 'n': 1, 'k': 256, 'a_base': 64, 'bt_base': 16576, 'c_base': 16960, 'a_stride': 256, 'bt_stride': 256, 'c_stride': 64, 'mode': 1, 'watchdog': 10000000}",2026-10-04T17:51:58.960959+00:00,2026-10-04T17:52:01.587690+00:00,270c8552c9bc8b1b0983e29ef06c0ba2b849cdefc3adacdfe38ce801d59ce6ab,a28f61445a18b7067ea74b331d02944bfa0c8c85b6626887fe643c52ecfe0a22,460bc5b0f3fbda7dba7c47ad2499e7775bda85583a9bdd160e9b558ae02bcec7,4ba8ff719ec6e37a76938fc23a3a48863f6c0e0146b2fae28cd9f0bed3d82fc8,Uploaded in this connection; reused only within this case,"{'a': '5295a792189cd15a9381856c42a63699365f55dbcefaa9bb4126a94f2b4b289f', 'bt': 'd0315d5cae7ceea1bc4f8d1a57defeadc3bc42a16a93442b5d6286f35b2b679a', 'c': 'ed23b0ee969b20842ae436ba9a121816f5ae32c4a36e1174742972be9b9ef71a'}",PASS,0.2893942999653518,0.19195410003885627,0.5439757999847643,6034,2232,2112,64,256,2605,0,128,8,32,2638998349,100000000,64,21120,20864,1.5678843999630772,0.031779600016307086,2.5932085999520496,6.034e-05,0.5430560159098442,0.04242625124295658
endurance,1,PASS,True,559,1,0,23891601,32,32,256,"{'m': 32, 'n': 32, 'k': 256, 'a_base': 64, 'bt_base': 8384, 'c_base': 16704, 'a_stride': 256, 'bt_stride': 256, 'c_stride': 128, 'mode': 1, 'watchdog': 10000000}",2026-10-04T17:52:02.936612+00:00,2026-10-04T17:52:05.587497+00:00,5e7ac8813447e4cd60ac5c42e6509776de88edc1b5a2465dd15fd8fad0fe7fd7,efc661c80c3e4047372efd3d25f7e879ef2124d4a5637dabdab2bfc1dfa8b283,c8d42037d9d55b20a4351bcc84f64fcebdd0645a7651b96c7254384f1cbeec7d,010798f2cd89a291388aa3ae3bb62c69691c8d94c0381677ba9ee83fc18cbd8b,Uploaded in this connection; reused only within this case,"{'a': '984e631a769457e6a929c3d9da4819536458fd4a2c997a435d0fe119a5b05b1c', 'bt': 'e4c4d4b7b8242ec7a8c624f38c2520b191445f8e23d55dc93e27091650070452', 'c': 'b6c1d97f58c1c5eeb7e45364a9825f49e4fc71d7065c662a3e22fa7e2c245afd'}",PASS,0.29787429998395965,0.19215840002289042,0.5439528999850154,11569,4464,2048,512,4096,3468,0,66,8,32,2638998349,100000000,1024,20864,16768,1.5839060000143945,0.03190519998315722,2.61789160000626,0.00011569,4.531835076497536,0.35404961535137003
endurance,1,PASS,True,560,0,0,23891601,32,32,256,"{'m': 32, 'n': 32, 'k': 256, 'a_base': 64, 'bt_base': 8384, 'c_base': 16704, 'a_stride': 256, 'bt_stride': 256, 'c_stride': 128, 'mode': 0, 'watchdog': 10000000}",2026-10-04T17:52:05.638913+00:00,2026-10-04T17:52:08.275709+00:00,5e7ac8813447e4cd60ac5c42e6509776de88edc1b5a2465dd15fd8fad0fe7fd7,efc661c80c3e4047372efd3d25f7e879ef2124d4a5637dabdab2bfc1dfa8b283,c8d42037d9d55b20a4351bcc84f64fcebdd0645a7651b96c7254384f1cbeec7d,010798f2cd89a291388aa3ae3bb62c69691c8d94c0381677ba9ee83fc18cbd8b,Uploaded in this connection; reused only within this case,"{'a': '984e631a769457e6a929c3d9da4819536458fd4a2c997a435d0fe119a5b05b1c', 'bt': 'e4c4d4b7b8242ec7a8c624f38c2520b191445f8e23d55dc93e27091650070452', 'c': 'b6c1d97f58c1c5eeb7e45364a9825f49e4fc71d7065c662a3e22fa7e2c245afd'}",PASS,0.31532669998705387,0.19200979999732226,0.5437964000157081,11561,4464,2048,512,4096,3474,0,66,8,32,2638998349,100000000,1024,20864,16768,1.5519823000067845,0.03225899999961257,2.6031152000068687,0.00011561,4.534971023267883,0.35429461119280337
endurance,1,PASS,True,561,1,0,23926519,1,1,1,"{'m': 1, 'n': 1, 'k': 1, 'a_base': 64, 'bt_base': 256, 'c_base': 448, 'a_stride': 64, 'bt_stride': 64, 'c_stride': 64, 'mode': 1, 'watchdog': 10000000}",2026-10-04T17:52:08.469040+00:00,2026-10-04T17:52:09.395321+00:00,2b4c342f5433ebe591a1da77e013d1b72475562d48578dca8b84bac6651c3cb9,30a5bfa58e128af9e5a4955725d8ad26d4d574a537b58b7dc6d357acad578572,a06329dc12855b9bec46a5deb1c6dcbad0413f1e23b238b7aaa1f5375ebaebf3,41ec210d4b262e191023aef68f580a88b2271b3e3e06bcc2d8f9b95aaa7ec1ff,Uploaded in this connection; reused only within this case,"{'a': '479008ffc4ae08d3be45c11e9bd3cc9b13069fc7bc4c4974eeb60eaa5f55e383', 'bt': '51d9f444085a0a86c6666ec0b4b2e96b3a8e2eb83668959a38315eee2ac7d65f', 'c': '4dc0bb90abf9fe1dc6d4398b8779a22db57c8c3ac19caa28cfd5cdbc3566dd32'}",PASS,0.029357399966102093,0.1921355000231415,0.5438950000097975,219,24,2,1,4,150,0,2,8,32,2638998349,100000000,1,576,572,0.12794879998546094,0.03197609999915585,0.893336699984502,2.19e-06,0.0009132420091324201,7.134703196347032e-05
endurance,1,PASS,True,562,0,0,23926519,1,1,1,"{'m': 1, 'n': 1, 'k': 1, 'a_base': 64, 'bt_base': 256, 'c_base': 448, 'a_stride': 64, 'bt_stride': 64, 'c_stride': 64, 'mode': 0, 'watchdog': 10000000}",2026-10-04T17:52:09.448905+00:00,2026-10-04T17:52:10.371297+00:00,2b4c342f5433ebe591a1da77e013d1b72475562d48578dca8b84bac6651c3cb9,30a5bfa58e128af9e5a4955725d8ad26d4d574a537b58b7dc6d357acad578572,a06329dc12855b9bec46a5deb1c6dcbad0413f1e23b238b7aaa1f5375ebaebf3,41ec210d4b262e191023aef68f580a88b2271b3e3e06bcc2d8f9b95aaa7ec1ff,Uploaded in this connection; reused only within this case,"{'a': '479008ffc4ae08d3be45c11e9bd3cc9b13069fc7bc4c4974eeb60eaa5f55e383', 'bt': '51d9f444085a0a86c6666ec0b4b2e96b3a8e2eb83668959a38315eee2ac7d65f', 'c': '4dc0bb90abf9fe1dc6d4398b8779a22db57c8c3ac19caa28cfd5cdbc3566dd32'}",PASS,0.02480820001801476,0.1919841999770142,0.5440474000060931,221,24,2,1,4,152,0,2,8,32,2638998349,100000000,1,576,572,0.12795829999959096,0.03196280001429841,0.888798100000713,2.21e-06,0.0009049773755656108,7.070135746606335e-05
endurance,1,PASS,True,563,0,0,23936492,5,3,9,"{'m': 5, 'n': 3, 'k': 9, 'a_base': 64, 'bt_base': 512, 'c_base': 832, 'a_stride': 64, 'bt_stride': 64, 'c_stride': 64, 'mode': 0, 'watchdog': 10000000}",2026-10-04T17:52:10.564980+00:00,2026-10-04T17:52:11.555301+00:00,c45aac9a18e0fef392ac169c8a17a022bf6460f02e6130d4217895c1dd9421f7,828a8bb02ca8e96a18b09a6beb7c41a628be6a994365a2065ab89dd13874286e,e78c78e31cf151325ca41471943a033db731c18baa1ecb4114c7b1fe1f981faf,58b5d5f211aa8f1db9468e37b57fd9717e96a92a5792cfcd01f0ca09f725c979,Uploaded in this connection; reused only within this case,"{'a': 'f5f5453f20a20d425d5f30443ec5b8c7a26ee846e7d84b8e69a042304b192604', 'bt': '6cc373ec595640e4a664cb65855153b82ce575dfb4e60bf7e91a1fb3b8c3b62c', 'c': '42548145840031f56adf4b14195610760216df21d80e3dfe22e18aacbbb2d256'}",PASS,0.04470950004179031,0.19192889996338636,0.5441629000124522,478,32,16,10,60,235,0,10,8,32,2638998349,100000000,15,1216,1156,0.1759460000321269,0.03191839996725321,0.9567473000497557,4.78e-06,0.056485355648535567,0.004412918410041841
endurance,1,PASS,True,564,1,0,23936492,5,3,9,"{'m': 5, 'n': 3, 'k': 9, 'a_base': 64, 'bt_base': 512, 'c_base': 832, 'a_stride': 64, 'bt_stride': 64, 'c_stride': 64, 'mode': 1, 'watchdog': 10000000}",2026-10-04T17:52:11.605921+00:00,2026-10-04T17:52:12.595294+00:00,c45aac9a18e0fef392ac169c8a17a022bf6460f02e6130d4217895c1dd9421f7,828a8bb02ca8e96a18b09a6beb7c41a628be6a994365a2065ab89dd13874286e,e78c78e31cf151325ca41471943a033db731c18baa1ecb4114c7b1fe1f981faf,58b5d5f211aa8f1db9468e37b57fd9717e96a92a5792cfcd01f0ca09f725c979,Uploaded in this connection; reused only within this case,"{'a': 'f5f5453f20a20d425d5f30443ec5b8c7a26ee846e7d84b8e69a042304b192604', 'bt': '6cc373ec595640e4a664cb65855153b82ce575dfb4e60bf7e91a1fb3b8c3b62c', 'c': '42548145840031f56adf4b14195610760216df21d80e3dfe22e18aacbbb2d256'}",PASS,0.04399129998637363,0.1919505000114441,0.5440770999994129,479,32,16,10,60,236,0,10,8,32,2638998349,100000000,15,1216,1156,0.17596249998314306,0.032035899988841265,0.9559813999803737,4.79e-06,0.05636743215031315,0.004403705636743215
endurance,1,PASS,True,565,1,0,23946465,31,33,17,"{'m': 31, 'n': 33, 'k': 17, 'a_base': 64, 'bt_base': 2176, 'c_base': 4416, 'a_stride': 64, 'bt_stride': 64, 'c_stride': 192, 'mode': 1, 'watchdog': 10000000}",2026-10-04T17:52:13.045238+00:00,2026-10-04T17:52:15.059296+00:00,5d73b098d4c07146a3318498c5dc965f0f38c4cc089b0febd26d1af97399f985,aa07b8e3ea9eea34251ffe64614948dd11e7420541d075df83e9e1ccd8c07161,6ad052830e47354c13bf0632fd87ac3fe1a41f87d70bd1ae247e1be6de3da6d5,41034d53fea30c64c155a3d6687a27b8ddaeee451593c9eca2fa9947d02fb650,Uploaded in this connection; reused only within this case,"{'a': '5fa312bed8853518af7ee346a0150fa0bf6256ae7d688dba64fa78ebed991d70', 'bt': 'fca969f44ad1d1c7ae36a5769d76349223ce18067e82b46ced95d28d829ce8b4', 'c': '093caea3a56b41565e65d00ca210672353ab4959dc47d363dee6066428e08ce8'}",PASS,0.4292015000246465,0.19193279999308288,0.5441509999800473,6488,800,285,527,4092,1245,0,124,8,32,2638998349,100000000,1023,10432,6340,0.8157669000211172,0.03205709997564554,1.981052200018894,6.488e-05,0.5360974106041924,0.041882610203452526
endurance,1,PASS,True,566,0,0,23946465,31,33,17,"{'m': 31, 'n': 33, 'k': 17, 'a_base': 64, 'bt_base': 2176, 'c_base': 4416, 'a_stride': 64, 'bt_stride': 64, 'c_stride': 192, 'mode': 0, 'watchdog': 10000000}",2026-10-04T17:52:15.112072+00:00,2026-10-04T17:52:17.123135+00:00,5d73b098d4c07146a3318498c5dc965f0f38c4cc089b0febd26d1af97399f985,aa07b8e3ea9eea34251ffe64614948dd11e7420541d075df83e9e1ccd8c07161,6ad052830e47354c13bf0632fd87ac3fe1a41f87d70bd1ae247e1be6de3da6d5,41034d53fea30c64c155a3d6687a27b8ddaeee451593c9eca2fa9947d02fb650,Uploaded in this connection; reused only within this case,"{'a': '5fa312bed8853518af7ee346a0150fa0bf6256ae7d688dba64fa78ebed991d70', 'bt': 'fca969f44ad1d1c7ae36a5769d76349223ce18067e82b46ced95d28d829ce8b4', 'c': '093caea3a56b41565e65d00ca210672353ab4959dc47d363dee6066428e08ce8'}",PASS,0.4259901000186801,0.1919965999550186,0.5440000999951735,7334,800,285,527,4092,1913,0,124,8,32,2638998349,100000000,1023,10432,6340,0.8162381000001915,0.03176830004667863,1.9782248999690637,7.334e-05,0.4742568857376602,0.037051319198254704
endurance,1,PASS,True,567,0,0,23956438,33,35,256,"{'m': 33, 'n': 35, 'k': 256, 'a_base': 64, 'bt_base': 8640, 'c_base': 17728, 'a_stride': 256, 'bt_stride': 256, 'c_stride': 192, 'mode': 0, 'watchdog': 10000000}",2026-10-04T17:52:18.501505+00:00,2026-10-04T17:52:21.507009+00:00,2db6cd53e494a49fe76a6e754798b83fedecb9ad894b0b5be87c33f733d304d9,92409c4cfba76e12d8085d5999586437b856579a62e28d483b1149a7a3f27d3d,77f28a63a35204335ef484bd9bd7c7afdb22d92f52a0bcc47df41c9b1fbfc4a4,db59378e322a6ffd25030ce087f29cb063725d37af71d2ea352a3101b5068544,Uploaded in this connection; reused only within this case,"{'a': '8db2c91f6bf9d09428e37f4a426d21492d0924307fa96579b81c2c87dd4d9b87', 'bt': '02ae73490c9264863cccabd2430e5cccac6ce55437b07af583a9ce3d2f9b5b54', 'c': '32e6e0db71743ca87c532a424adb46ab2428833c1f0427934e9edc9c9042095b'}",PASS,0.46047289995476604,0.19205050001619384,0.5438985000364482,19831,6975,4352,594,4620,7714,0,134,8,32,2638998349,100000000,1155,24128,19508,1.7760063000023365,0.03202669997699559,2.9724282000097446,0.00019831,2.981997882103777,0.23296858453935756
endurance,1,PASS,True,568,1,0,23956438,33,35,256,"{'m': 33, 'n': 35, 'k': 256, 'a_base': 64, 'bt_base': 8640, 'c_base': 17728, 'a_stride': 256, 'bt_stride': 256, 'c_stride': 192, 'mode': 1, 'watchdog': 10000000}",2026-10-04T17:52:21.558182+00:00,2026-10-04T17:52:24.578821+00:00,2db6cd53e494a49fe76a6e754798b83fedecb9ad894b0b5be87c33f733d304d9,92409c4cfba76e12d8085d5999586437b856579a62e28d483b1149a7a3f27d3d,77f28a63a35204335ef484bd9bd7c7afdb22d92f52a0bcc47df41c9b1fbfc4a4,db59378e322a6ffd25030ce087f29cb063725d37af71d2ea352a3101b5068544,Uploaded in this connection; reused only within this case,"{'a': '8db2c91f6bf9d09428e37f4a426d21492d0924307fa96579b81c2c87dd4d9b87', 'bt': '02ae73490c9264863cccabd2430e5cccac6ce55437b07af583a9ce3d2f9b5b54', 'c': '32e6e0db71743ca87c532a424adb46ab2428833c1f0427934e9edc9c9042095b'}",PASS,0.4597166000166908,0.19198309996863827,0.5441251000156626,13306,6975,4352,594,4620,3492,0,134,8,32,2638998349,100000000,1155,24128,19508,1.7918323000194505,0.03196569997817278,2.987657100020442,0.00013306,4.444310837216293,0.3472117841575229
endurance,1,PASS,True,569,1,0,23966411,65,63,255,"{'m': 65, 'n': 63, 'k': 255, 'a_base': 64, 'bt_base': 16832, 'c_base': 33088, 'a_stride': 256, 'bt_stride': 256, 'c_stride': 256, 'mode': 1, 'watchdog': 10000000}",2026-10-04T17:52:27.061473+00:00,2026-10-04T17:52:32.610591+00:00,7ccb9bf52db571f318289e646e0eeec06ff57f22a74a7eed4801157a99ecd09b,c9d711931efe2dd253c97a7dd511285690a2d574c05cc395fca0eedab42dadec,464cb17c2946ad36b88beaf58e7e636fb6ab07418e9941785d332026deebc1e3,46b283beab0be17447a75802475b93b2d932d16127f511ac6031d1a0fe496fa6,Uploaded in this connection; reused only within this case,"{'a': '1693ff6437ce476e3bad87b9ac030ef7072be29fe9f54fde05e553529796da29', 'bt': '2e9d51825ac8c284ced6ab5299640b2be7303822895541a4d162598663902047', 'c': 'ed11556c299cc95748123020c12aec36a6a8b89e695aca53ffe60e81601e2d10'}",PASS,1.1802780000143684,0.19198649999452755,0.544008800003212,26464,20016,10208,2080,16380,3466,0,268,8,32,2638998349,100000000,4095,49792,33412,3.5999429000075907,0.031942799978423864,5.516216200019699,0.00026464,7.891664147521161,0.6165362615250907
endurance,1,PASS,True,570,0,0,23966411,65,63,255,"{'m': 65, 'n': 63, 'k': 255, 'a_base': 64, 'bt_base': 16832, 'c_base': 33088, 'a_stride': 256, 'bt_stride': 256, 'c_stride': 256, 'mode': 0, 'watchdog': 10000000}",2026-10-04T17:52:32.662649+00:00,2026-10-04T17:52:38.194372+00:00,7ccb9bf52db571f318289e646e0eeec06ff57f22a74a7eed4801157a99ecd09b,c9d711931efe2dd253c97a7dd511285690a2d574c05cc395fca0eedab42dadec,464cb17c2946ad36b88beaf58e7e636fb6ab07418e9941785d332026deebc1e3,46b283beab0be17447a75802475b93b2d932d16127f511ac6031d1a0fe496fa6,Uploaded in this connection; reused only within this case,"{'a': '1693ff6437ce476e3bad87b9ac030ef7072be29fe9f54fde05e553529796da29', 'bt': '2e9d51825ac8c284ced6ab5299640b2be7303822895541a4d162598663902047', 'c': 'ed11556c299cc95748123020c12aec36a6a8b89e695aca53ffe60e81601e2d10'}",PASS,1.17836860002717,0.19201719999546185,0.5440268999664113,52312,20016,10208,2080,16380,17440,0,268,8,32,2638998349,100000000,4095,49792,33412,3.5838277000002563,0.032000400009565055,5.4982403999892995,0.00052312,3.9922962226640157,0.31189814239562624
endurance,1,PASS,True,571,0,0,23976384,1,64,256,"{'m': 1, 'n': 64, 'k': 256, 'a_base': 64, 'bt_base': 448, 'c_base': 16960, 'a_stride': 256, 'bt_stride': 256, 'c_stride': 256, 'mode': 0, 'watchdog': 10000000}",2026-10-04T17:52:39.555844+00:00,2026-10-04T17:52:41.682272+00:00,ab3fc2fa12e7cdf4f89a6159fae28a3c980da839aaaa0a753b6fc87845878ddd,77e8090e88d4619670041c30d8715c3e1c1d0ed6c9d996524329b1f6a7733874,81b61373d1eeb6722dac6e83805b6b5b3cdb9bb2b833d613e2126728fc11f0e9,100b63007f6e96700822eb87ac7d4ba20d638ea0d2af772deb2ae3f73d1b84f5,Uploaded in this connection; reused only within this case,"{'a': 'caad8756de898eb7d94b5b4f747d6ddffbffd892c2bdee74d0e542f7ac87951c', 'bt': '75f9c9240d97161ef45950f0d037e5f4a9e38cc2aa72f959f3125821fc0e852f', 'c': '361ab611dbc5a5f321c95f4b1be645a26d6699a4632475c90937642b523fccf5'}",PASS,0.045123099989723414,0.1919752000248991,0.5439845999935642,6266,2232,2112,32,256,3759,0,4,8,32,2638998349,100000000,64,17280,17024,1.31191819999367,0.03200270002707839,2.0930011000018567,6.266e-05,0.5229492499202043,0.04085541015001596
endurance,1,PASS,True,572,1,0,23976384,1,64,256,"{'m': 1, 'n': 64, 'k': 256, 'a_base': 64, 'bt_base': 448, 'c_base': 16960, 'a_stride': 256, 'bt_stride': 256, 'c_stride': 256, 'mode': 1, 'watchdog': 10000000}",2026-10-04T17:52:41.740361+00:00,2026-10-04T17:52:43.874179+00:00,ab3fc2fa12e7cdf4f89a6159fae28a3c980da839aaaa0a753b6fc87845878ddd,77e8090e88d4619670041c30d8715c3e1c1d0ed6c9d996524329b1f6a7733874,81b61373d1eeb6722dac6e83805b6b5b3cdb9bb2b833d613e2126728fc11f0e9,100b63007f6e96700822eb87ac7d4ba20d638ea0d2af772deb2ae3f73d1b84f5,Uploaded in this connection; reused only within this case,"{'a': 'caad8756de898eb7d94b5b4f747d6ddffbffd892c2bdee74d0e542f7ac87951c', 'bt': '75f9c9240d97161ef45950f0d037e5f4a9e38cc2aa72f959f3125821fc0e852f', 'c': '361ab611dbc5a5f321c95f4b1be645a26d6699a4632475c90937642b523fccf5'}",PASS,0.03637960000196472,0.19200759998057038,0.5440140999853611,5024,2232,2112,32,256,2635,0,4,8,32,2638998349,100000000,64,17280,17024,1.3279502000077628,0.032000600011087954,2.100351499975659,5.024e-05,0.6522292993630574,0.050955414012738856
endurance,1,PASS,True,573,1,0,23986357,64,1,256,"{'m': 64, 'n': 1, 'k': 256, 'a_base': 64, 'bt_base': 16576, 'c_base': 16960, 'a_stride': 256, 'bt_stride': 256, 'c_stride': 64, 'mode': 1, 'watchdog': 10000000}",2026-10-04T17:52:45.204065+00:00,2026-10-04T17:52:47.841985+00:00,3bf6dc42fa59b7afb28721b67b39654885e9b5f5419bdcb97f566392f805484a,c025282b9c91a81a62e6a107bfe5996c61902c12b949523256f2b15db2f1c802,eda6791b1f8221890704ab3d59a5d4efad0bb3a0712b1107708810dc8775652f,9dc8c86c69d40de0b6587a0bcecefc713ffe3ef88e8a5948cece05d9b07c5222,Uploaded in this connection; reused only within this case,"{'a': '7b354d137b71195af6e6618e48cc3ae938977d41fc8e8d0173deb81903ad0fd8', 'bt': 'a7cd0413d9b422d737868c69a61e1fff1e468aea4389fa1665d79c3677046f92', 'c': 'c9f3752deebc1ae7de3bd48ad0f4fb74e22472eb50b25df23c468e53d8411886'}",PASS,0.3009091999847442,0.1920410000020638,0.5439715000102296,5976,2232,2112,64,256,2551,0,128,8,32,2638998349,100000000,64,21120,20864,1.5679669000091963,0.03192410001065582,2.604888600006234,5.976e-05,0.548326639892905,0.0428380187416332
endurance,1,PASS,True,574,0,0,23986357,64,1,256,"{'m': 64, 'n': 1, 'k': 256, 'a_base': 64, 'bt_base': 16576, 'c_base': 16960, 'a_stride': 256, 'bt_stride': 256, 'c_stride': 64, 'mode': 0, 'watchdog': 10000000}",2026-10-04T17:52:47.897935+00:00,2026-10-04T17:52:50.529886+00:00,3bf6dc42fa59b7afb28721b67b39654885e9b5f5419bdcb97f566392f805484a,c025282b9c91a81a62e6a107bfe5996c61902c12b949523256f2b15db2f1c802,eda6791b1f8221890704ab3d59a5d4efad0bb3a0712b1107708810dc8775652f,9dc8c86c69d40de0b6587a0bcecefc713ffe3ef88e8a5948cece05d9b07c5222,Uploaded in this connection; reused only within this case,"{'a': '7b354d137b71195af6e6618e48cc3ae938977d41fc8e8d0173deb81903ad0fd8', 'bt': 'a7cd0413d9b422d737868c69a61e1fff1e468aea4389fa1665d79c3677046f92', 'c': 'c9f3752deebc1ae7de3bd48ad0f4fb74e22472eb50b25df23c468e53d8411886'}",PASS,0.2947721999953501,0.19203729997389019,0.5440785000100732,8293,2232,2112,64,256,3706,0,128,8,32,2638998349,100000000,64,21120,20864,1.568003399996087,0.031744100037030876,2.5988913999754004,8.293e-05,0.3951284215603521,0.030869407934402508
endurance,1,PASS,True,575,0,0,23996330,32,32,256,"{'m': 32, 'n': 32, 'k': 256, 'a_base': 64, 'bt_base': 8384, 'c_base': 16704, 'a_stride': 256, 'bt_stride': 256, 'c_stride': 128, 'mode': 0, 'watchdog': 10000000}",2026-10-04T17:52:51.843770+00:00,2026-10-04T17:52:54.465825+00:00,49ca73a1478cd739aaf827bff399fe83d3fa9bf1f3a4202b6fa7ddeffe8eb46b,2d3ef7142cdfac8cf34d25a1a360d40f468c35a7ce77dcf74a1aff1c38e83f1b,284cfe6d0ca398a9466983c539d00b68a5506c926310a80fb3e6e34cc3fdd3e5,19f3694121708fad5b90e574d5322632550748a58df653c16e76cdc15a1321fb,Uploaded in this connection; reused only within this case,"{'a': '354cfc6a841e7b1767f89295aa92d3abdd358ce4de7b6cfdd1aff4bed0879cc4', 'bt': '5e5feabe2b6a659c266a3dfa668ecafeec9fa7e2674001ffc88cdedf151e112e', 'c': 'f96c710ea7e0dc7082fbc5e9268ba6e3019463477ca7930ff2199d0931ad90be'}",PASS,0.30112379998899996,0.19202950003091246,0.544041599961929,11575,4464,2048,512,4096,3481,0,66,8,32,2638998349,100000000,1024,20864,16768,1.55189890001202,0.032028399989940226,2.5890937999938615,0.00011575,4.52948596112311,0.353866090712743
endurance,1,PASS,True,576,1,0,23996330,32,32,256,"{'m': 32, 'n': 32, 'k': 256, 'a_base': 64, 'bt_base': 8384, 'c_base': 16704, 'a_stride': 256, 'bt_stride': 256, 'c_stride': 128, 'mode': 1, 'watchdog': 10000000}",2026-10-04T17:52:54.522053+00:00,2026-10-04T17:52:57.137668+00:00,49ca73a1478cd739aaf827bff399fe83d3fa9bf1f3a4202b6fa7ddeffe8eb46b,2d3ef7142cdfac8cf34d25a1a360d40f468c35a7ce77dcf74a1aff1c38e83f1b,284cfe6d0ca398a9466983c539d00b68a5506c926310a80fb3e6e34cc3fdd3e5,19f3694121708fad5b90e574d5322632550748a58df653c16e76cdc15a1321fb,Uploaded in this connection; reused only within this case,"{'a': '354cfc6a841e7b1767f89295aa92d3abdd358ce4de7b6cfdd1aff4bed0879cc4', 'bt': '5e5feabe2b6a659c266a3dfa668ecafeec9fa7e2674001ffc88cdedf151e112e', 'c': 'f96c710ea7e0dc7082fbc5e9268ba6e3019463477ca7930ff2199d0931ad90be'}",PASS,0.2944399999687448,0.19193359999917448,0.5439991999883205,11551,4464,2048,512,4096,3463,0,66,8,32,2638998349,100000000,1024,20864,16768,1.551952900015749,0.031961900007445365,2.582325699971989,0.00011551,4.538897065189161,0.3546013332179032
endurance,1,PASS,True,577,0,0,24031248,1,1,1,"{'m': 1, 'n': 1, 'k': 1, 'a_base': 64, 'bt_base': 256, 'c_base': 448, 'a_stride': 64, 'bt_stride': 64, 'c_stride': 64, 'mode': 0, 'watchdog': 10000000}",2026-10-04T17:52:57.347403+00:00,2026-10-04T17:52:58.273651+00:00,252f10c83610ebca1a059c0bae8255eba2f95be4d1d7bcfa89d7248a82d9f111,dbc1b4c900ffe48d575b5da5c638040125f65db0fe3e24494b76ea986457d986,2d50b7e233eb18a1e9448a423bafb4b746eca935b496086a608d717c4715d83a,923f587fc86a2543c6316cb13ac5ba39483d31616415016d0a4b287fb0e085dd,Uploaded in this connection; reused only within this case,"{'a': '7857b31822390cb0154b704f8765b6f84962a9924be882ca6b80311e1e230a3f', 'bt': '4e05513f60e7c3df41db8c02d706f38feef252c6f8b536499a82ce55f1b04d99', 'c': '43b143aeb8348e3a9fe8720c2395250aac7675af17682eb8b616833e09548f8b'}",PASS,0.028935899958014488,0.19218630000250414,0.5437698000459932,228,24,2,1,4,159,0,2,8,32,2638998349,100000000,1,576,572,0.1280204999493435,0.03199660003883764,0.8929124999558553,2.28e-06,0.0008771929824561404,6.853070175438596e-05
endurance,1,PASS,True,578,1,0,24031248,1,1,1,"{'m': 1, 'n': 1, 'k': 1, 'a_base': 64, 'bt_base': 256, 'c_base': 448, 'a_stride': 64, 'bt_stride': 64, 'c_stride': 64, 'mode': 1, 'watchdog': 10000000}",2026-10-04T17:52:58.327334+00:00,2026-10-04T17:52:59.249749+00:00,252f10c83610ebca1a059c0bae8255eba2f95be4d1d7bcfa89d7248a82d9f111,dbc1b4c900ffe48d575b5da5c638040125f65db0fe3e24494b76ea986457d986,2d50b7e233eb18a1e9448a423bafb4b746eca935b496086a608d717c4715d83a,923f587fc86a2543c6316cb13ac5ba39483d31616415016d0a4b287fb0e085dd,Uploaded in this connection; reused only within this case,"{'a': '7857b31822390cb0154b704f8765b6f84962a9924be882ca6b80311e1e230a3f', 'bt': '4e05513f60e7c3df41db8c02d706f38feef252c6f8b536499a82ce55f1b04d99', 'c': '43b143aeb8348e3a9fe8720c2395250aac7675af17682eb8b616833e09548f8b'}",PASS,0.025094900047406554,0.19220559997484088,0.5437705999938771,223,24,2,1,4,154,0,2,8,32,2638998349,100000000,1,576,572,0.12804809998488054,0.032117400027345866,0.8891192000010051,2.23e-06,0.0008968609865470852,7.006726457399103e-05
endurance,1,PASS,True,579,1,0,24041221,5,3,9,"{'m': 5, 'n': 3, 'k': 9, 'a_base': 64, 'bt_base': 512, 'c_base': 832, 'a_stride': 64, 'bt_stride': 64, 'c_stride': 64, 'mode': 1, 'watchdog': 10000000}",2026-10-04T17:52:59.443160+00:00,2026-10-04T17:53:00.433552+00:00,b06e27dfbe45cb957736d167c2a5fc8a80ee27a07f0aad9568b7930033d6b532,9697fdaaf245e83e75686d8251718e86314adc02dbd01135ef56e6536211571e,ff8f3a5d87de4cace228690b4e83384e78e03a713ad4bec9a4fc2060c3173dd0,b9c8974ae45f370f9dc3ce227e07ff158b88c2ad3639e952f1ab2019817099be,Uploaded in this connection; reused only within this case,"{'a': '9bf74c47200c1d1ffc287cd06cbab3a542df67058a00231178207ad35c5ada97', 'bt': '606fb324091d08abbf01498d4cc9342e388e15f129115a29d8add5f9216fc462', 'c': '7e6397be7f466f43737e49312062a054ec5365fe2194de168c18c717436c4ab6'}",PASS,0.04562510002870113,0.19228669995209202,0.5435576000018045,478,32,16,10,60,235,0,10,8,32,2638998349,100000000,15,1216,1156,0.17598670005099848,0.0319881999748759,0.9574561000335962,4.78e-06,0.056485355648535567,0.004412918410041841
endurance,1,PASS,True,580,0,0,24041221,5,3,9,"{'m': 5, 'n': 3, 'k': 9, 'a_base': 64, 'bt_base': 512, 'c_base': 832, 'a_stride': 64, 'bt_stride': 64, 'c_stride': 64, 'mode': 0, 'watchdog': 10000000}",2026-10-04T17:53:00.493063+00:00,2026-10-04T17:53:01.489509+00:00,b06e27dfbe45cb957736d167c2a5fc8a80ee27a07f0aad9568b7930033d6b532,9697fdaaf245e83e75686d8251718e86314adc02dbd01135ef56e6536211571e,ff8f3a5d87de4cace228690b4e83384e78e03a713ad4bec9a4fc2060c3173dd0,b9c8974ae45f370f9dc3ce227e07ff158b88c2ad3639e952f1ab2019817099be,Uploaded in this connection; reused only within this case,"{'a': '9bf74c47200c1d1ffc287cd06cbab3a542df67058a00231178207ad35c5ada97', 'bt': '606fb324091d08abbf01498d4cc9342e388e15f129115a29d8add5f9216fc462', 'c': '7e6397be7f466f43737e49312062a054ec5365fe2194de168c18c717436c4ab6'}",PASS,0.03549189999466762,0.19212749996222556,0.5598879000172019,483,32,16,10,60,240,0,10,8,32,2638998349,100000000,15,1216,1156,0.17624770000111312,0.03169610002078116,0.9637549999752082,4.83e-06,0.055900621118012424,0.00436723602484472
endurance,1,PASS,True,581,0,0,24051194,31,33,17,"{'m': 31, 'n': 33, 'k': 17, 'a_base': 64, 'bt_base': 2176, 'c_base': 4416, 'a_stride': 64, 'bt_stride': 64, 'c_stride': 192, 'mode': 0, 'watchdog': 10000000}",2026-10-04T17:53:01.940044+00:00,2026-10-04T17:53:03.953562+00:00,f69fedd5012b83146b6ec483a534fb0b18aba6824b88528f1f63ab98e10f53c1,55758e10b3b3131ae2b39daac1c46bab24dff4b826fb0d5feee82d2ff7a338c7,7188bf4dfcf06cb5307c643e6a98b4836c088858344d2871f97752b318ca7ed7,c9853aa7882e9b0ac7f3aaa8d250291052195b11d5065cb4a34148cce12def80,Uploaded in this connection; reused only within this case,"{'a': '6bc0fa9a15144b5232f9f747aaeccee3edd8ade1e6e9bf5375f1354299cd0c0b', 'bt': '9a8befcd3ca002e7c2368b7059921a5b2da8e8839ea0f8c9740bd48eaeec80fc', 'c': '91953b29fe227702edbe8c79aa1ad33aa2916f7b95c652ac6ec3b770f9ad46d5'}",PASS,0.42773290001787245,0.1920252999989316,0.54385319998255,7363,800,285,527,4092,1934,0,124,8,32,2638998349,100000000,1023,10432,6340,0.8160831000423059,0.03200389997800812,1.97969450004166,7.363e-05,0.47238897188645934,0.036905388428629636
endurance,1,PASS,True,582,1,0,24051194,31,33,17,"{'m': 31, 'n': 33, 'k': 17, 'a_base': 64, 'bt_base': 2176, 'c_base': 4416, 'a_stride': 64, 'bt_stride': 64, 'c_stride': 192, 'mode': 1, 'watchdog': 10000000}",2026-10-04T17:53:04.038219+00:00,2026-10-04T17:53:06.065342+00:00,f69fedd5012b83146b6ec483a534fb0b18aba6824b88528f1f63ab98e10f53c1,55758e10b3b3131ae2b39daac1c46bab24dff4b826fb0d5feee82d2ff7a338c7,7188bf4dfcf06cb5307c643e6a98b4836c088858344d2871f97752b318ca7ed7,c9853aa7882e9b0ac7f3aaa8d250291052195b11d5065cb4a34148cce12def80,Uploaded in this connection; reused only within this case,"{'a': '6bc0fa9a15144b5232f9f747aaeccee3edd8ade1e6e9bf5375f1354299cd0c0b', 'bt': '9a8befcd3ca002e7c2368b7059921a5b2da8e8839ea0f8c9740bd48eaeec80fc', 'c': '91953b29fe227702edbe8c79aa1ad33aa2916f7b95c652ac6ec3b770f9ad46d5'}",PASS,0.4254755000001751,0.19236829999135807,0.5595679999678396,6498,800,285,527,4092,1247,0,124,8,32,2638998349,100000000,1023,10432,6340,0.8159743000287563,0.03200659999856725,1.993386099988129,6.498e-05,0.5352723915050785,0.041818155586334255
endurance,1,PASS,True,583,1,0,24061167,33,35,256,"{'m': 33, 'n': 35, 'k': 256, 'a_base': 64, 'bt_base': 8640, 'c_base': 17728, 'a_stride': 256, 'bt_stride': 256, 'c_stride': 192, 'mode': 1, 'watchdog': 10000000}",2026-10-04T17:53:07.476640+00:00,2026-10-04T17:53:10.497163+00:00,e19d1e55ecfced3258fee08839a55ca0dc1713ff814b7c0f62f4d6184473f0b6,458ea81f2cbc75392f4134a19e814bbefcdb82a75f259aeefc22396c92e36c4a,3b61e8f8610c3cc508aeec1a6d5d06372887b756e0a5d21c6755cc0542448d36,5e78e31682ae4b8c747f852b796c694e7b52f76448c9e4b21b4a33aec9d55a5b,Uploaded in this connection; reused only within this case,"{'a': '0708b0998bc82c444b29cea31129d4756cdd24773c4715213d715de8276bd10b', 'bt': 'a6017706cdddb1c9c0d06a04cbbfb3b742e9c2427cc8c06a9459bf1566d4778f', 'c': 'c9872308d61579fa03e67d849913adb703c2349eab7454d4e2926419c1da8f70'}",PASS,0.45846609998261556,0.19192820001626387,0.5600161000038497,13263,6975,4352,594,4620,3476,0,134,8,32,2638998349,100000000,1155,24128,19508,1.776103999989573,0.03176859999075532,2.986514399992302,0.00013263,4.45871974666365,0.34833748020809774
endurance,1,PASS,True,584,0,0,24061167,33,35,256,"{'m': 33, 'n': 35, 'k': 256, 'a_base': 64, 'bt_base': 8640, 'c_base': 17728, 'a_stride': 256, 'bt_stride': 256, 'c_stride': 192, 'mode': 0, 'watchdog': 10000000}",2026-10-04T17:53:10.585855+00:00,2026-10-04T17:53:13.585138+00:00,e19d1e55ecfced3258fee08839a55ca0dc1713ff814b7c0f62f4d6184473f0b6,458ea81f2cbc75392f4134a19e814bbefcdb82a75f259aeefc22396c92e36c4a,3b61e8f8610c3cc508aeec1a6d5d06372887b756e0a5d21c6755cc0542448d36,5e78e31682ae4b8c747f852b796c694e7b52f76448c9e4b21b4a33aec9d55a5b,Uploaded in this connection; reused only within this case,"{'a': '0708b0998bc82c444b29cea31129d4756cdd24773c4715213d715de8276bd10b', 'bt': 'a6017706cdddb1c9c0d06a04cbbfb3b742e9c2427cc8c06a9459bf1566d4778f', 'c': 'c9872308d61579fa03e67d849913adb703c2349eab7454d4e2926419c1da8f70'}",PASS,0.4530887000146322,0.19197390001500025,0.5439357999712229,19776,6975,4352,594,4620,7669,0,134,8,32,2638998349,100000000,1155,24128,19508,1.7759717000299133,0.031935099977999926,2.9649701000307687,0.00019776,2.9902912621359223,0.23361650485436894
endurance,1,PASS,True,585,0,0,24071140,65,63,255,"{'m': 65, 'n': 63, 'k': 255, 'a_base': 64, 'bt_base': 16832, 'c_base': 33088, 'a_stride': 256, 'bt_stride': 256, 'c_stride': 256, 'mode': 0, 'watchdog': 10000000}",2026-10-04T17:53:16.133659+00:00,2026-10-04T17:53:21.680891+00:00,cbd445ebb65d03499343d1274022bf36134eac033b4dc5b6c3ac09c23d0401ad,af021e524c06539f4c94f5aa0fe303f53e35b7a6dea659813c48e1d713a486e5,1c49eb2863b747973c6ce5ac086c9cb86825c589c4eea17927a1065cd7919475,3b2d29ae182126c1a6e1183a23428e5628ef5eb02e1c80ce9708e74419e4bfae,Uploaded in this connection; reused only within this case,"{'a': '672bdb1b3ad808e08fa89690b66129e6f6021d37e2d31f4f448fc4c12641e134', 'bt': '2737edf4d6d06a01a07fc71c9e6d3ad3da9ef66a3affa1595b497064ab39d279', 'c': 'cd11f06796e536b82de495948dfa4d9241dd7ca8c5433b368aadde0d1f921eb5'}",PASS,1.1770583000034094,0.19218130002263933,0.543880800018087,52347,20016,10208,2080,16380,17500,0,268,8,32,2638998349,100000000,4095,49792,33412,3.5999187999987043,0.03196009999373928,5.51303920004284,0.00052347,3.989626912717061,0.3116896025560204
endurance,1,PASS,True,586,1,0,24071140,65,63,255,"{'m': 65, 'n': 63, 'k': 255, 'a_base': 64, 'bt_base': 16832, 'c_base': 33088, 'a_stride': 256, 'bt_stride': 256, 'c_stride': 256, 'mode': 1, 'watchdog': 10000000}",2026-10-04T17:53:21.740011+00:00,2026-10-04T17:53:27.264944+00:00,cbd445ebb65d03499343d1274022bf36134eac033b4dc5b6c3ac09c23d0401ad,af021e524c06539f4c94f5aa0fe303f53e35b7a6dea659813c48e1d713a486e5,1c49eb2863b747973c6ce5ac086c9cb86825c589c4eea17927a1065cd7919475,3b2d29ae182126c1a6e1183a23428e5628ef5eb02e1c80ce9708e74419e4bfae,Uploaded in this connection; reused only within this case,"{'a': '672bdb1b3ad808e08fa89690b66129e6f6021d37e2d31f4f448fc4c12641e134', 'bt': '2737edf4d6d06a01a07fc71c9e6d3ad3da9ef66a3affa1595b497064ab39d279', 'c': 'cd11f06796e536b82de495948dfa4d9241dd7ca8c5433b368aadde0d1f921eb5'}",PASS,1.1699617999838665,0.1919997000368312,0.5438924999907613,26472,20016,10208,2080,16380,3466,0,268,8,32,2638998349,100000000,4095,49792,33412,3.584125599998515,0.03189749998273328,5.489979600009974,0.00026472,7.889279238440617,0.6163499405031732
endurance,1,PASS,True,587,1,0,24081113,1,64,256,"{'m': 1, 'n': 64, 'k': 256, 'a_base': 64, 'bt_base': 448, 'c_base': 16960, 'a_stride': 256, 'bt_stride': 256, 'c_stride': 256, 'mode': 1, 'watchdog': 10000000}",2026-10-04T17:53:28.625926+00:00,2026-10-04T17:53:30.752532+00:00,6b482536e8fe45b00ba87f77ba4003f0c39a80d7380e29d41da470705d966ea3,84e33aa815326e105fd4394204d5503fd3e7d6ed2530a3f9b3f326db2ab5f0a3,4008bb0071ebe39dbbe0e97901cdf83a1becda7708cf850ea4c03bb1985d5d29,102813dfc2ff3cef14f8417f70fd3da195293e6885ac7d8e27d2acd0529e8a80,Uploaded in this connection; reused only within this case,"{'a': '7dc844651e71603210d9ee688cf0e33cf750c14610ed032dbc8866def19d986b', 'bt': 'b8c89cbea5d5b8c23830a205bc9aa4b8b52855e6987a0df4c46e11ec7e87cee3', 'c': '5232f73fd3ec7f750f0316f37aee959dc59bbe912224433408c84466e8ed8db6'}",PASS,0.045109500002581626,0.19196550000924617,0.544019799970556,4987,2232,2112,32,256,2596,0,4,8,32,2638998349,100000000,64,17280,17024,1.3120097999926656,0.031929499993566424,2.0931045999750495,4.987e-05,0.6570683777822338,0.051333467014237015
endurance,1,PASS,True,588,0,0,24081113,1,64,256,"{'m': 1, 'n': 64, 'k': 256, 'a_base': 64, 'bt_base': 448, 'c_base': 16960, 'a_stride': 256, 'bt_stride': 256, 'c_stride': 256, 'mode': 0, 'watchdog': 10000000}",2026-10-04T17:53:30.821122+00:00,2026-10-04T17:53:32.944405+00:00,6b482536e8fe45b00ba87f77ba4003f0c39a80d7380e29d41da470705d966ea3,84e33aa815326e105fd4394204d5503fd3e7d6ed2530a3f9b3f326db2ab5f0a3,4008bb0071ebe39dbbe0e97901cdf83a1becda7708cf850ea4c03bb1985d5d29,102813dfc2ff3cef14f8417f70fd3da195293e6885ac7d8e27d2acd0529e8a80,Uploaded in this connection; reused only within this case,"{'a': '7dc844651e71603210d9ee688cf0e33cf750c14610ed032dbc8866def19d986b', 'bt': 'b8c89cbea5d5b8c23830a205bc9aa4b8b52855e6987a0df4c46e11ec7e87cee3', 'c': '5232f73fd3ec7f750f0316f37aee959dc59bbe912224433408c84466e8ed8db6'}",PASS,0.040453199995681643,0.19199120003031567,0.5439010999980383,6271,2232,2112,32,256,3756,0,4,8,32,2638998349,100000000,64,17280,17024,1.3120114000048488,0.03199479996692389,2.0883569000288844,6.271e-05,0.5225322915005581,0.0408228352734811
endurance,1,PASS,True,589,0,0,24091086,64,1,256,"{'m': 64, 'n': 1, 'k': 256, 'a_base': 64, 'bt_base': 16576, 'c_base': 16960, 'a_stride': 256, 'bt_stride': 256, 'c_stride': 64, 'mode': 0, 'watchdog': 10000000}",2026-10-04T17:53:34.322305+00:00,2026-10-04T17:53:36.960306+00:00,72417bc8b7b0d225b5c48296a1982524808f254f5ca6eae159dca09c86c84a29,7773f18672e13c1d50aeb3115966fa478e31531b8c29627a189f7184060ef017,a4f0cdfdf4b63040bd2cea0c50f1e6c06584675582bf4aa77f6c4823dfc2903e,cdbb8d189fd136f3a9835eb8d5d79d8ca51828ffc63fddefff146c1190dcc836,Uploaded in this connection; reused only within this case,"{'a': '60123e762953a3cad8a6dbccfe4a5857a8b9315c37d578bdd9aa250f962dadca', 'bt': '0738074e198c27fb7831d1296634c0fe84414958dccf9278cf4a19dd6074cec5', 'c': 'ae5010fed708a7da8c1e235857c5bf6cc7f863259f70591a03f7407c0e7269c2'}",PASS,0.29999209998641163,0.19214579998515546,0.5437425000127405,8326,2232,2112,64,256,3743,0,128,8,32,2638998349,100000000,64,21120,20864,1.5681069000274874,0.03189889999339357,2.603987300011795,8.326e-05,0.3935623348546721,0.030747057410521257
endurance,1,PASS,True,590,1,0,24091086,64,1,256,"{'m': 64, 'n': 1, 'k': 256, 'a_base': 64, 'bt_base': 16576, 'c_base': 16960, 'a_stride': 256, 'bt_stride': 256, 'c_stride': 64, 'mode': 1, 'watchdog': 10000000}",2026-10-04T17:53:37.015205+00:00,2026-10-04T17:53:39.648387+00:00,72417bc8b7b0d225b5c48296a1982524808f254f5ca6eae159dca09c86c84a29,7773f18672e13c1d50aeb3115966fa478e31531b8c29627a189f7184060ef017,a4f0cdfdf4b63040bd2cea0c50f1e6c06584675582bf4aa77f6c4823dfc2903e,cdbb8d189fd136f3a9835eb8d5d79d8ca51828ffc63fddefff146c1190dcc836,Uploaded in this connection; reused only within this case,"{'a': '60123e762953a3cad8a6dbccfe4a5857a8b9315c37d578bdd9aa250f962dadca', 'bt': '0738074e198c27fb7831d1296634c0fe84414958dccf9278cf4a19dd6074cec5', 'c': 'ae5010fed708a7da8c1e235857c5bf6cc7f863259f70591a03f7407c0e7269c2'}",PASS,0.2954750999924727,0.19215540000004694,0.5440568000194617,6057,2232,2112,64,256,2630,0,128,8,32,2638998349,100000000,64,21120,20864,1.5682231999817304,0.031675799982622266,2.5999104999937117,6.057e-05,0.5409938913653624,0.04226514776291894
endurance,1,PASS,True,591,1,0,24101059,32,32,256,"{'m': 32, 'n': 32, 'k': 256, 'a_base': 64, 'bt_base': 8384, 'c_base': 16704, 'a_stride': 256, 'bt_stride': 256, 'c_stride': 128, 'mode': 1, 'watchdog': 10000000}",2026-10-04T17:53:40.977965+00:00,2026-10-04T17:53:43.600244+00:00,de7246e663b9d50c654fdf6611fe1443aa6c27eecd2e2902a58e4445f6e58d6b,189f9fc7db0e46b8428d6c693e56c6eee494fd2ccf8277ec4dfb2dacd6b1b8d8,8b4a828e4be1710684a45941ede59c8398bdcaa0e87283313d6ed72023924c93,b012b7feb7dd2d83ed36c91fe1b51a78bea7deeb579a4163df9e437794361122,Uploaded in this connection; reused only within this case,"{'a': '8872952405485ca1ed0cbcf9ab761f380f085db2f461a4b127e8dd2e6c7e6722', 'bt': 'd4141fb9bc95cd635426586aa6088b6ff1fd00a3a0bfd05924bd85d6f170c6b4', 'c': '6e44f9922621e659d781fec11f3bf1b5c4204eace0b2a606a11de04107a5751b'}",PASS,0.30119420000119135,0.19221340003423393,0.5438832999789156,11556,4464,2048,512,4096,3470,0,66,8,32,2638998349,100000000,1024,20864,16768,1.5518388000200503,0.03221859998302534,2.589129700034391,0.00011556,4.53693319487712,0.35444790584977504
endurance,1,PASS,True,592,0,0,24101059,32,32,256,"{'m': 32, 'n': 32, 'k': 256, 'a_base': 64, 'bt_base': 8384, 'c_base': 16704, 'a_stride': 256, 'bt_stride': 256, 'c_stride': 128, 'mode': 0, 'watchdog': 10000000}",2026-10-04T17:53:43.656055+00:00,2026-10-04T17:53:46.271992+00:00,de7246e663b9d50c654fdf6611fe1443aa6c27eecd2e2902a58e4445f6e58d6b,189f9fc7db0e46b8428d6c693e56c6eee494fd2ccf8277ec4dfb2dacd6b1b8d8,8b4a828e4be1710684a45941ede59c8398bdcaa0e87283313d6ed72023924c93,b012b7feb7dd2d83ed36c91fe1b51a78bea7deeb579a4163df9e437794361122,Uploaded in this connection; reused only within this case,"{'a': '8872952405485ca1ed0cbcf9ab761f380f085db2f461a4b127e8dd2e6c7e6722', 'bt': 'd4141fb9bc95cd635426586aa6088b6ff1fd00a3a0bfd05924bd85d6f170c6b4', 'c': '6e44f9922621e659d781fec11f3bf1b5c4204eace0b2a606a11de04107a5751b'}",PASS,0.29453579999972135,0.19197350001195446,0.5440403000102378,11592,4464,2048,512,4096,3495,0,66,8,32,2638998349,100000000,1024,20864,16768,1.5520079000270925,0.03192310000304133,2.582557500049006,0.00011592,4.522843340234645,0.3533471359558316
