name,job_id,index,tile,kind,row,word,address,beats,command_offer,command,ar,aw,gather_complete,b,local_done,r_first,r_last,r_count,r_gap_histogram,local_reads_first,local_reads_last,local_reads_count,local_reads_gap_histogram,loads_first,loads_last,loads_count,loads_gap_histogram,result_requests_first,result_requests_last,result_requests_count,result_requests_gap_histogram,result_responses_first,result_responses_last,result_responses_count,result_responses_gap_histogram,local_writes_first,local_writes_last,local_writes_count,local_writes_gap_histogram,w_first,w_last,w_count,w_gap_histogram,command_to_ar,ar_to_first_r,remaining_r_span,last_r_to_last_bank_load,last_bank_load_to_local_done,c_gather,aw_w_issue,b_response,b_to_local_done
dense,1,0,0,a,0,0,64,16,6,6,7,,,,50,17,32,16,1:15,33,48,16,1:15,34,49,16,1:15,,,0,,,,0,,,,0,,,,0,,1,10,15,17,1,,,,
dense,1,1,0,a,0,16,192,16,53,53,54,,,,97,64,79,16,1:15,80,95,16,1:15,81,96,16,1:15,,,0,,,,0,,,,0,,,,0,,1,10,15,17,1,,,,
dense,1,2,0,a,1,0,320,16,100,100,101,,,,144,111,126,16,1:15,127,142,16,1:15,128,143,16,1:15,,,0,,,,0,,,,0,,,,0,,1,10,15,17,1,,,,
dense,1,3,0,a,1,16,448,16,147,147,148,,,,191,158,173,16,1:15,174,189,16,1:15,175,190,16,1:15,,,0,,,,0,,,,0,,,,0,,1,10,15,17,1,,,,
dense,1,4,0,a,2,0,576,16,194,194,195,,,,238,205,220,16,1:15,221,236,16,1:15,222,237,16,1:15,,,0,,,,0,,,,0,,,,0,,1,10,15,17,1,,,,
dense,1,5,0,a,2,16,704,16,241,241,242,,,,285,252,267,16,1:15,268,283,16,1:15,269,284,16,1:15,,,0,,,,0,,,,0,,,,0,,1,10,15,17,1,,,,
dense,1,6,0,a,3,0,832,16,288,288,289,,,,332,299,314,16,1:15,315,330,16,1:15,316,331,16,1:15,,,0,,,,0,,,,0,,,,0,,1,10,15,17,1,,,,
dense,1,7,0,a,3,16,960,16,335,335,336,,,,379,346,361,16,1:15,362,377,16,1:15,363,378,16,1:15,,,0,,,,0,,,,0,,,,0,,1,10,15,17,1,,,,
dense,1,8,0,a,4,0,1088,16,382,382,383,,,,426,393,408,16,1:15,409,424,16,1:15,410,425,16,1:15,,,0,,,,0,,,,0,,,,0,,1,10,15,17,1,,,,
dense,1,9,0,a,4,16,1216,16,429,429,430,,,,473,440,455,16,1:15,456,471,16,1:15,457,472,16,1:15,,,0,,,,0,,,,0,,,,0,,1,10,15,17,1,,,,
dense,1,10,0,a,5,0,1344,16,476,476,477,,,,520,487,502,16,1:15,503,518,16,1:15,504,519,16,1:15,,,0,,,,0,,,,0,,,,0,,1,10,15,17,1,,,,
dense,1,11,0,a,5,16,1472,16,523,523,524,,,,567,534,549,16,1:15,550,565,16,1:15,551,566,16,1:15,,,0,,,,0,,,,0,,,,0,,1,10,15,17,1,,,,
dense,1,12,0,a,6,0,1600,16,570,570,571,,,,614,581,596,16,1:15,597,612,16,1:15,598,613,16,1:15,,,0,,,,0,,,,0,,,,0,,1,10,15,17,1,,,,
dense,1,13,0,a,6,16,1728,16,617,617,618,,,,661,628,643,16,1:15,644,659,16,1:15,645,660,16,1:15,,,0,,,,0,,,,0,,,,0,,1,10,15,17,1,,,,
dense,1,14,0,a,7,0,1856,16,664,664,665,,,,708,675,690,16,1:15,691,706,16,1:15,692,707,16,1:15,,,0,,,,0,,,,0,,,,0,,1,10,15,17,1,,,,
dense,1,15,0,a,7,16,1984,16,711,711,712,,,,755,722,737,16,1:15,738,753,16,1:15,739,754,16,1:15,,,0,,,,0,,,,0,,,,0,,1,10,15,17,1,,,,
dense,1,16,0,bt,0,0,8384,16,763,763,764,,,,807,774,789,16,1:15,790,805,16,1:15,791,806,16,1:15,,,0,,,,0,,,,0,,,,0,,1,10,15,17,1,,,,
dense,1,17,0,bt,0,16,8512,16,810,810,811,,,,854,821,836,16,1:15,837,852,16,1:15,838,853,16,1:15,,,0,,,,0,,,,0,,,,0,,1,10,15,17,1,,,,
dense,1,18,0,bt,1,0,8640,16,857,857,858,,,,901,868,883,16,1:15,884,899,16,1:15,885,900,16,1:15,,,0,,,,0,,,,0,,,,0,,1,10,15,17,1,,,,
dense,1,19,0,bt,1,16,8768,16,904,904,905,,,,948,915,930,16,1:15,931,946,16,1:15,932,947,16,1:15,,,0,,,,0,,,,0,,,,0,,1,10,15,17,1,,,,
dense,1,20,0,bt,2,0,8896,16,951,951,952,,,,995,962,977,16,1:15,978,993,16,1:15,979,994,16,1:15,,,0,,,,0,,,,0,,,,0,,1,10,15,17,1,,,,
dense,1,21,0,bt,2,16,9024,16,998,998,999,,,,1042,1009,1024,16,1:15,1025,1040,16,1:15,1026,1041,16,1:15,,,0,,,,0,,,,0,,,,0,,1,10,15,17,1,,,,
dense,1,22,0,bt,3,0,9152,16,1045,1045,1046,,,,1089,1056,1071,16,1:15,1072,1087,16,1:15,1073,1088,16,1:15,,,0,,,,0,,,,0,,,,0,,1,10,15,17,1,,,,
dense,1,23,0,bt,3,16,9280,16,1092,1092,1093,,,,1136,1103,1118,16,1:15,1119,1134,16,1:15,1120,1135,16,1:15,,,0,,,,0,,,,0,,,,0,,1,10,15,17,1,,,,
dense,1,24,0,bt,4,0,9408,16,1139,1139,1140,,,,1183,1150,1165,16,1:15,1166,1181,16,1:15,1167,1182,16,1:15,,,0,,,,0,,,,0,,,,0,,1,10,15,17,1,,,,
dense,1,25,0,bt,4,16,9536,16,1186,1186,1187,,,,1230,1197,1212,16,1:15,1213,1228,16,1:15,1214,1229,16,1:15,,,0,,,,0,,,,0,,,,0,,1,10,15,17,1,,,,
dense,1,26,0,bt,5,0,9664,16,1233,1233,1234,,,,1277,1244,1259,16,1:15,1260,1275,16,1:15,1261,1276,16,1:15,,,0,,,,0,,,,0,,,,0,,1,10,15,17,1,,,,
dense,1,27,0,bt,5,16,9792,16,1280,1280,1281,,,,1324,1291,1306,16,1:15,1307,1322,16,1:15,1308,1323,16,1:15,,,0,,,,0,,,,0,,,,0,,1,10,15,17,1,,,,
dense,1,28,0,bt,6,0,9920,16,1327,1327,1328,,,,1371,1338,1353,16,1:15,1354,1369,16,1:15,1355,1370,16,1:15,,,0,,,,0,,,,0,,,,0,,1,10,15,17,1,,,,
dense,1,29,0,bt,6,16,10048,16,1374,1374,1375,,,,1418,1385,1400,16,1:15,1401,1416,16,1:15,1402,1417,16,1:15,,,0,,,,0,,,,0,,,,0,,1,10,15,17,1,,,,
dense,1,30,0,bt,7,0,10176,16,1421,1421,1422,,,,1465,1432,1447,16,1:15,1448,1463,16,1:15,1449,1464,16,1:15,,,0,,,,0,,,,0,,,,0,,1,10,15,17,1,,,,
dense,1,31,0,bt,7,16,10304,16,1468,1468,1469,,,,1512,1479,1494,16,1:15,1495,1510,16,1:15,1496,1511,16,1:15,,,0,,,,0,,,,0,,,,0,,1,10,15,17,1,,,,
dense,1,32,0,c,0,0,16704,4,2606,2606,,2627,2626,2638,2639,,,0,,,,0,,,,0,,2608,2623,4,5:3,2610,2625,4,5:3,2611,2626,4,5:3,2627,2630,4,1:3,,,,,,20,4,8,1
dense,1,33,0,c,1,0,16832,4,2642,2642,,2663,2662,2674,2675,,,0,,,,0,,,,0,,2644,2659,4,5:3,2646,2661,4,5:3,2647,2662,4,5:3,2663,2666,4,1:3,,,,,,20,4,8,1
dense,1,34,0,c,2,0,16960,4,2678,2678,,2699,2698,2710,2711,,,0,,,,0,,,,0,,2680,2695,4,5:3,2682,2697,4,5:3,2683,2698,4,5:3,2699,2702,4,1:3,,,,,,20,4,8,1
dense,1,35,0,c,3,0,17088,4,2714,2714,,2735,2734,2746,2747,,,0,,,,0,,,,0,,2716,2731,4,5:3,2718,2733,4,5:3,2719,2734,4,5:3,2735,2738,4,1:3,,,,,,20,4,8,1
dense,1,36,0,c,4,0,17216,4,2750,2750,,2771,2770,2782,2783,,,0,,,,0,,,,0,,2752,2767,4,5:3,2754,2769,4,5:3,2755,2770,4,5:3,2771,2774,4,1:3,,,,,,20,4,8,1
dense,1,37,0,c,5,0,17344,4,2786,2786,,2807,2806,2818,2819,,,0,,,,0,,,,0,,2788,2803,4,5:3,2790,2805,4,5:3,2791,2806,4,5:3,2807,2810,4,1:3,,,,,,20,4,8,1
dense,1,38,0,c,6,0,17472,4,2822,2822,,2843,2842,2854,2855,,,0,,,,0,,,,0,,2824,2839,4,5:3,2826,2841,4,5:3,2827,2842,4,5:3,2843,2846,4,1:3,,,,,,20,4,8,1
dense,1,39,0,c,7,0,17600,4,2858,2858,,2879,2878,2890,2891,,,0,,,,0,,,,0,,2860,2875,4,5:3,2862,2877,4,5:3,2863,2878,4,5:3,2879,2882,4,1:3,,,,,,20,4,8,1
dense,1,40,1,a,0,0,64,16,2900,2900,2901,,,,2944,2911,2926,16,1:15,2927,2942,16,1:15,2928,2943,16,1:15,,,0,,,,0,,,,0,,,,0,,1,10,15,17,1,,,,
dense,1,41,1,a,0,16,192,16,2947,2947,2948,,,,2991,2958,2973,16,1:15,2974,2989,16,1:15,2975,2990,16,1:15,,,0,,,,0,,,,0,,,,0,,1,10,15,17,1,,,,
dense,1,42,1,a,1,0,320,16,2994,2994,2995,,,,3038,3005,3020,16,1:15,3021,3036,16,1:15,3022,3037,16,1:15,,,0,,,,0,,,,0,,,,0,,1,10,15,17,1,,,,
dense,1,43,1,a,1,16,448,16,3041,3041,3042,,,,3085,3052,3067,16,1:15,3068,3083,16,1:15,3069,3084,16,1:15,,,0,,,,0,,,,0,,,,0,,1,10,15,17,1,,,,
dense,1,44,1,a,2,0,576,16,3088,3088,3089,,,,3132,3099,3114,16,1:15,3115,3130,16,1:15,3116,3131,16,1:15,,,0,,,,0,,,,0,,,,0,,1,10,15,17,1,,,,
dense,1,45,1,a,2,16,704,16,3135,3135,3136,,,,3179,3146,3161,16,1:15,3162,3177,16,1:15,3163,3178,16,1:15,,,0,,,,0,,,,0,,,,0,,1,10,15,17,1,,,,
dense,1,46,1,a,3,0,832,16,3182,3182,3183,,,,3226,3193,3208,16,1:15,3209,3224,16,1:15,3210,3225,16,1:15,,,0,,,,0,,,,0,,,,0,,1,10,15,17,1,,,,
dense,1,47,1,a,3,16,960,16,3229,3229,3230,,,,3273,3240,3255,16,1:15,3256,3271,16,1:15,3257,3272,16,1:15,,,0,,,,0,,,,0,,,,0,,1,10,15,17,1,,,,
dense,1,48,1,a,4,0,1088,16,3276,3276,3277,,,,3320,3287,3302,16,1:15,3303,3318,16,1:15,3304,3319,16,1:15,,,0,,,,0,,,,0,,,,0,,1,10,15,17,1,,,,
dense,1,49,1,a,4,16,1216,16,3323,3323,3324,,,,3367,3334,3349,16,1:15,3350,3365,16,1:15,3351,3366,16,1:15,,,0,,,,0,,,,0,,,,0,,1,10,15,17,1,,,,
dense,1,50,1,a,5,0,1344,16,3370,3370,3371,,,,3414,3381,3396,16,1:15,3397,3412,16,1:15,3398,3413,16,1:15,,,0,,,,0,,,,0,,,,0,,1,10,15,17,1,,,,
dense,1,51,1,a,5,16,1472,16,3417,3417,3418,,,,3461,3428,3443,16,1:15,3444,3459,16,1:15,3445,3460,16,1:15,,,0,,,,0,,,,0,,,,0,,1,10,15,17,1,,,,
dense,1,52,1,a,6,0,1600,16,3464,3464,3465,,,,3508,3475,3490,16,1:15,3491,3506,16,1:15,3492,3507,16,1:15,,,0,,,,0,,,,0,,,,0,,1,10,15,17,1,,,,
dense,1,53,1,a,6,16,1728,16,3511,3511,3512,,,,3555,3522,3537,16,1:15,3538,3553,16,1:15,3539,3554,16,1:15,,,0,,,,0,,,,0,,,,0,,1,10,15,17,1,,,,
dense,1,54,1,a,7,0,1856,16,3558,3558,3559,,,,3602,3569,3584,16,1:15,3585,3600,16,1:15,3586,3601,16,1:15,,,0,,,,0,,,,0,,,,0,,1,10,15,17,1,,,,
dense,1,55,1,a,7,16,1984,16,3605,3605,3606,,,,3649,3616,3631,16,1:15,3632,3647,16,1:15,3633,3648,16,1:15,,,0,,,,0,,,,0,,,,0,,1,10,15,17,1,,,,
dense,1,56,1,bt,0,0,10432,16,3657,3657,3658,,,,3701,3668,3683,16,1:15,3684,3699,16,1:15,3685,3700,16,1:15,,,0,,,,0,,,,0,,,,0,,1,10,15,17,1,,,,
dense,1,57,1,bt,0,16,10560,16,3704,3704,3705,,,,3748,3715,3730,16,1:15,3731,3746,16,1:15,3732,3747,16,1:15,,,0,,,,0,,,,0,,,,0,,1,10,15,17,1,,,,
dense,1,58,1,bt,1,0,10688,16,3751,3751,3752,,,,3795,3762,3777,16,1:15,3778,3793,16,1:15,3779,3794,16,1:15,,,0,,,,0,,,,0,,,,0,,1,10,15,17,1,,,,
dense,1,59,1,bt,1,16,10816,16,3798,3798,3799,,,,3842,3809,3824,16,1:15,3825,3840,16,1:15,3826,3841,16,1:15,,,0,,,,0,,,,0,,,,0,,1,10,15,17,1,,,,
dense,1,60,1,bt,2,0,10944,16,3845,3845,3846,,,,3889,3856,3871,16,1:15,3872,3887,16,1:15,3873,3888,16,1:15,,,0,,,,0,,,,0,,,,0,,1,10,15,17,1,,,,
dense,1,61,1,bt,2,16,11072,16,3892,3892,3893,,,,3936,3903,3918,16,1:15,3919,3934,16,1:15,3920,3935,16,1:15,,,0,,,,0,,,,0,,,,0,,1,10,15,17,1,,,,
dense,1,62,1,bt,3,0,11200,16,3939,3939,3940,,,,3983,3950,3965,16,1:15,3966,3981,16,1:15,3967,3982,16,1:15,,,0,,,,0,,,,0,,,,0,,1,10,15,17,1,,,,
dense,1,63,1,bt,3,16,11328,16,3986,3986,3987,,,,4030,3997,4012,16,1:15,4013,4028,16,1:15,4014,4029,16,1:15,,,0,,,,0,,,,0,,,,0,,1,10,15,17,1,,,,
dense,1,64,1,bt,4,0,11456,16,4033,4033,4034,,,,4077,4044,4059,16,1:15,4060,4075,16,1:15,4061,4076,16,1:15,,,0,,,,0,,,,0,,,,0,,1,10,15,17,1,,,,
dense,1,65,1,bt,4,16,11584,16,4080,4080,4081,,,,4124,4091,4106,16,1:15,4107,4122,16,1:15,4108,4123,16,1:15,,,0,,,,0,,,,0,,,,0,,1,10,15,17,1,,,,
dense,1,66,1,bt,5,0,11712,16,4127,4127,4128,,,,4171,4138,4153,16,1:15,4154,4169,16,1:15,4155,4170,16,1:15,,,0,,,,0,,,,0,,,,0,,1,10,15,17,1,,,,
dense,1,67,1,bt,5,16,11840,16,4174,4174,4175,,,,4218,4185,4200,16,1:15,4201,4216,16,1:15,4202,4217,16,1:15,,,0,,,,0,,,,0,,,,0,,1,10,15,17,1,,,,
dense,1,68,1,bt,6,0,11968,16,4221,4221,4222,,,,4265,4232,4247,16,1:15,4248,4263,16,1:15,4249,4264,16,1:15,,,0,,,,0,,,,0,,,,0,,1,10,15,17,1,,,,
dense,1,69,1,bt,6,16,12096,16,4268,4268,4269,,,,4312,4279,4294,16,1:15,4295,4310,16,1:15,4296,4311,16,1:15,,,0,,,,0,,,,0,,,,0,,1,10,15,17,1,,,,
dense,1,70,1,bt,7,0,12224,8,4315,4315,4316,,,,4343,4326,4333,8,1:7,4334,4341,8,1:7,4335,4342,8,1:7,,,0,,,,0,,,,0,,,,0,,1,10,7,9,1,,,,
dense,1,71,1,bt,7,8,12288,16,4346,4346,4347,,,,4390,4357,4372,16,1:15,4373,4388,16,1:15,4374,4389,16,1:15,,,0,,,,0,,,,0,,,,0,,1,10,15,17,1,,,,
dense,1,72,1,bt,7,24,12416,8,4393,4393,4394,,,,4421,4404,4411,8,1:7,4412,4419,8,1:7,4413,4420,8,1:7,,,0,,,,0,,,,0,,,,0,,1,10,7,9,1,,,,
dense,1,73,1,c,0,0,16736,4,5515,5515,,5536,5535,5547,5548,,,0,,,,0,,,,0,,5517,5532,4,5:3,5519,5534,4,5:3,5520,5535,4,5:3,5536,5539,4,1:3,,,,,,20,4,8,1
dense,1,74,1,c,1,0,16864,4,5551,5551,,5572,5571,5583,5584,,,0,,,,0,,,,0,,5553,5568,4,5:3,5555,5570,4,5:3,5556,5571,4,5:3,5572,5575,4,1:3,,,,,,20,4,8,1
dense,1,75,1,c,2,0,16992,4,5587,5587,,5608,5607,5619,5620,,,0,,,,0,,,,0,,5589,5604,4,5:3,5591,5606,4,5:3,5592,5607,4,5:3,5608,5611,4,1:3,,,,,,20,4,8,1
dense,1,76,1,c,3,0,17120,4,5623,5623,,5644,5643,5655,5656,,,0,,,,0,,,,0,,5625,5640,4,5:3,5627,5642,4,5:3,5628,5643,4,5:3,5644,5647,4,1:3,,,,,,20,4,8,1
dense,1,77,1,c,4,0,17248,4,5659,5659,,5680,5679,5691,5692,,,0,,,,0,,,,0,,5661,5676,4,5:3,5663,5678,4,5:3,5664,5679,4,5:3,5680,5683,4,1:3,,,,,,20,4,8,1
dense,1,78,1,c,5,0,17376,4,5695,5695,,5716,5715,5727,5728,,,0,,,,0,,,,0,,5697,5712,4,5:3,5699,5714,4,5:3,5700,5715,4,5:3,5716,5719,4,1:3,,,,,,20,4,8,1
dense,1,79,1,c,6,0,17504,4,5731,5731,,5752,5751,5763,5764,,,0,,,,0,,,,0,,5733,5748,4,5:3,5735,5750,4,5:3,5736,5751,4,5:3,5752,5755,4,1:3,,,,,,20,4,8,1
dense,1,80,1,c,7,0,17632,4,5767,5767,,5788,5787,5799,5800,,,0,,,,0,,,,0,,5769,5784,4,5:3,5771,5786,4,5:3,5772,5787,4,5:3,5788,5791,4,1:3,,,,,,20,4,8,1
dense,1,81,2,a,0,0,64,16,5809,5809,5810,,,,5853,5820,5835,16,1:15,5836,5851,16,1:15,5837,5852,16,1:15,,,0,,,,0,,,,0,,,,0,,1,10,15,17,1,,,,
dense,1,82,2,a,0,16,192,16,5856,5856,5857,,,,5900,5867,5882,16,1:15,5883,5898,16,1:15,5884,5899,16,1:15,,,0,,,,0,,,,0,,,,0,,1,10,15,17,1,,,,
dense,1,83,2,a,1,0,320,16,5903,5903,5904,,,,5947,5914,5929,16,1:15,5930,5945,16,1:15,5931,5946,16,1:15,,,0,,,,0,,,,0,,,,0,,1,10,15,17,1,,,,
dense,1,84,2,a,1,16,448,16,5950,5950,5951,,,,5994,5961,5976,16,1:15,5977,5992,16,1:15,5978,5993,16,1:15,,,0,,,,0,,,,0,,,,0,,1,10,15,17,1,,,,
dense,1,85,2,a,2,0,576,16,5997,5997,5998,,,,6041,6008,6023,16,1:15,6024,6039,16,1:15,6025,6040,16,1:15,,,0,,,,0,,,,0,,,,0,,1,10,15,17,1,,,,
dense,1,86,2,a,2,16,704,16,6044,6044,6045,,,,6088,6055,6070,16,1:15,6071,6086,16,1:15,6072,6087,16,1:15,,,0,,,,0,,,,0,,,,0,,1,10,15,17,1,,,,
dense,1,87,2,a,3,0,832,16,6091,6091,6092,,,,6135,6102,6117,16,1:15,6118,6133,16,1:15,6119,6134,16,1:15,,,0,,,,0,,,,0,,,,0,,1,10,15,17,1,,,,
dense,1,88,2,a,3,16,960,16,6138,6138,6139,,,,6182,6149,6164,16,1:15,6165,6180,16,1:15,6166,6181,16,1:15,,,0,,,,0,,,,0,,,,0,,1,10,15,17,1,,,,
dense,1,89,2,a,4,0,1088,16,6185,6185,6186,,,,6229,6196,6211,16,1:15,6212,6227,16,1:15,6213,6228,16,1:15,,,0,,,,0,,,,0,,,,0,,1,10,15,17,1,,,,
dense,1,90,2,a,4,16,1216,16,6232,6232,6233,,,,6276,6243,6258,16,1:15,6259,6274,16,1:15,6260,6275,16,1:15,,,0,,,,0,,,,0,,,,0,,1,10,15,17,1,,,,
dense,1,91,2,a,5,0,1344,16,6279,6279,6280,,,,6323,6290,6305,16,1:15,6306,6321,16,1:15,6307,6322,16,1:15,,,0,,,,0,,,,0,,,,0,,1,10,15,17,1,,,,
dense,1,92,2,a,5,16,1472,16,6326,6326,6327,,,,6370,6337,6352,16,1:15,6353,6368,16,1:15,6354,6369,16,1:15,,,0,,,,0,,,,0,,,,0,,1,10,15,17,1,,,,
dense,1,93,2,a,6,0,1600,16,6373,6373,6374,,,,6417,6384,6399,16,1:15,6400,6415,16,1:15,6401,6416,16,1:15,,,0,,,,0,,,,0,,,,0,,1,10,15,17,1,,,,
dense,1,94,2,a,6,16,1728,16,6420,6420,6421,,,,6464,6431,6446,16,1:15,6447,6462,16,1:15,6448,6463,16,1:15,,,0,,,,0,,,,0,,,,0,,1,10,15,17,1,,,,
dense,1,95,2,a,7,0,1856,16,6467,6467,6468,,,,6511,6478,6493,16,1:15,6494,6509,16,1:15,6495,6510,16,1:15,,,0,,,,0,,,,0,,,,0,,1,10,15,17,1,,,,
dense,1,96,2,a,7,16,1984,16,6514,6514,6515,,,,6558,6525,6540,16,1:15,6541,6556,16,1:15,6542,6557,16,1:15,,,0,,,,0,,,,0,,,,0,,1,10,15,17,1,,,,
dense,1,97,2,bt,0,0,12480,16,6566,6566,6567,,,,6610,6577,6592,16,1:15,6593,6608,16,1:15,6594,6609,16,1:15,,,0,,,,0,,,,0,,,,0,,1,10,15,17,1,,,,
dense,1,98,2,bt,0,16,12608,16,6613,6613,6614,,,,6657,6624,6639,16,1:15,6640,6655,16,1:15,6641,6656,16,1:15,,,0,,,,0,,,,0,,,,0,,1,10,15,17,1,,,,
dense,1,99,2,bt,1,0,12736,16,6660,6660,6661,,,,6704,6671,6686,16,1:15,6687,6702,16,1:15,6688,6703,16,1:15,,,0,,,,0,,,,0,,,,0,,1,10,15,17,1,,,,
dense,1,100,2,bt,1,16,12864,16,6707,6707,6708,,,,6751,6718,6733,16,1:15,6734,6749,16,1:15,6735,6750,16,1:15,,,0,,,,0,,,,0,,,,0,,1,10,15,17,1,,,,
dense,1,101,2,bt,2,0,12992,16,6754,6754,6755,,,,6798,6765,6780,16,1:15,6781,6796,16,1:15,6782,6797,16,1:15,,,0,,,,0,,,,0,,,,0,,1,10,15,17,1,,,,
dense,1,102,2,bt,2,16,13120,16,6801,6801,6802,,,,6845,6812,6827,16,1:15,6828,6843,16,1:15,6829,6844,16,1:15,,,0,,,,0,,,,0,,,,0,,1,10,15,17,1,,,,
dense,1,103,2,bt,3,0,13248,16,6848,6848,6849,,,,6892,6859,6874,16,1:15,6875,6890,16,1:15,6876,6891,16,1:15,,,0,,,,0,,,,0,,,,0,,1,10,15,17,1,,,,
dense,1,104,2,bt,3,16,13376,16,6895,6895,6896,,,,6939,6906,6921,16,1:15,6922,6937,16,1:15,6923,6938,16,1:15,,,0,,,,0,,,,0,,,,0,,1,10,15,17,1,,,,
dense,1,105,2,bt,4,0,13504,16,6942,6942,6943,,,,6986,6953,6968,16,1:15,6969,6984,16,1:15,6970,6985,16,1:15,,,0,,,,0,,,,0,,,,0,,1,10,15,17,1,,,,
dense,1,106,2,bt,4,16,13632,16,6989,6989,6990,,,,7033,7000,7015,16,1:15,7016,7031,16,1:15,7017,7032,16,1:15,,,0,,,,0,,,,0,,,,0,,1,10,15,17,1,,,,
dense,1,107,2,bt,5,0,13760,16,7036,7036,7037,,,,7080,7047,7062,16,1:15,7063,7078,16,1:15,7064,7079,16,1:15,,,0,,,,0,,,,0,,,,0,,1,10,15,17,1,,,,
dense,1,108,2,bt,5,16,13888,16,7083,7083,7084,,,,7127,7094,7109,16,1:15,7110,7125,16,1:15,7111,7126,16,1:15,,,0,,,,0,,,,0,,,,0,,1,10,15,17,1,,,,
dense,1,109,2,bt,6,0,14016,16,7130,7130,7131,,,,7174,7141,7156,16,1:15,7157,7172,16,1:15,7158,7173,16,1:15,,,0,,,,0,,,,0,,,,0,,1,10,15,17,1,,,,
dense,1,110,2,bt,6,16,14144,16,7177,7177,7178,,,,7221,7188,7203,16,1:15,7204,7219,16,1:15,7205,7220,16,1:15,,,0,,,,0,,,,0,,,,0,,1,10,15,17,1,,,,
dense,1,111,2,bt,7,0,14272,16,7224,7224,7225,,,,7268,7235,7250,16,1:15,7251,7266,16,1:15,7252,7267,16,1:15,,,0,,,,0,,,,0,,,,0,,1,10,15,17,1,,,,
dense,1,112,2,bt,7,16,14400,16,7271,7271,7272,,,,7315,7282,7297,16,1:15,7298,7313,16,1:15,7299,7314,16,1:15,,,0,,,,0,,,,0,,,,0,,1,10,15,17,1,,,,
dense,1,113,2,c,0,0,16768,4,8409,8409,,8430,8429,8441,8442,,,0,,,,0,,,,0,,8411,8426,4,5:3,8413,8428,4,5:3,8414,8429,4,5:3,8430,8433,4,1:3,,,,,,20,4,8,1
dense,1,114,2,c,1,0,16896,4,8445,8445,,8466,8465,8477,8478,,,0,,,,0,,,,0,,8447,8462,4,5:3,8449,8464,4,5:3,8450,8465,4,5:3,8466,8469,4,1:3,,,,,,20,4,8,1
dense,1,115,2,c,2,0,17024,4,8481,8481,,8502,8501,8513,8514,,,0,,,,0,,,,0,,8483,8498,4,5:3,8485,8500,4,5:3,8486,8501,4,5:3,8502,8505,4,1:3,,,,,,20,4,8,1
dense,1,116,2,c,3,0,17152,4,8517,8517,,8538,8537,8549,8550,,,0,,,,0,,,,0,,8519,8534,4,5:3,8521,8536,4,5:3,8522,8537,4,5:3,8538,8541,4,1:3,,,,,,20,4,8,1
dense,1,117,2,c,4,0,17280,4,8553,8553,,8574,8573,8585,8586,,,0,,,,0,,,,0,,8555,8570,4,5:3,8557,8572,4,5:3,8558,8573,4,5:3,8574,8577,4,1:3,,,,,,20,4,8,1
dense,1,118,2,c,5,0,17408,4,8589,8589,,8610,8609,8621,8622,,,0,,,,0,,,,0,,8591,8606,4,5:3,8593,8608,4,5:3,8594,8609,4,5:3,8610,8613,4,1:3,,,,,,20,4,8,1
dense,1,119,2,c,6,0,17536,4,8625,8625,,8646,8645,8657,8658,,,0,,,,0,,,,0,,8627,8642,4,5:3,8629,8644,4,5:3,8630,8645,4,5:3,8646,8649,4,1:3,,,,,,20,4,8,1
dense,1,120,2,c,7,0,17664,4,8661,8661,,8682,8681,8693,8694,,,0,,,,0,,,,0,,8663,8678,4,5:3,8665,8680,4,5:3,8666,8681,4,5:3,8682,8685,4,1:3,,,,,,20,4,8,1
dense,1,121,3,a,0,0,64,16,8703,8703,8704,,,,8747,8714,8729,16,1:15,8730,8745,16,1:15,8731,8746,16,1:15,,,0,,,,0,,,,0,,,,0,,1,10,15,17,1,,,,
dense,1,122,3,a,0,16,192,16,8750,8750,8751,,,,8794,8761,8776,16,1:15,8777,8792,16,1:15,8778,8793,16,1:15,,,0,,,,0,,,,0,,,,0,,1,10,15,17,1,,,,
dense,1,123,3,a,1,0,320,16,8797,8797,8798,,,,8841,8808,8823,16,1:15,8824,8839,16,1:15,8825,8840,16,1:15,,,0,,,,0,,,,0,,,,0,,1,10,15,17,1,,,,
dense,1,124,3,a,1,16,448,16,8844,8844,8845,,,,8888,8855,8870,16,1:15,8871,8886,16,1:15,8872,8887,16,1:15,,,0,,,,0,,,,0,,,,0,,1,10,15,17,1,,,,
dense,1,125,3,a,2,0,576,16,8891,8891,8892,,,,8935,8902,8917,16,1:15,8918,8933,16,1:15,8919,8934,16,1:15,,,0,,,,0,,,,0,,,,0,,1,10,15,17,1,,,,
dense,1,126,3,a,2,16,704,16,8938,8938,8939,,,,8982,8949,8964,16,1:15,8965,8980,16,1:15,8966,8981,16,1:15,,,0,,,,0,,,,0,,,,0,,1,10,15,17,1,,,,
dense,1,127,3,a,3,0,832,16,8985,8985,8986,,,,9029,8996,9011,16,1:15,9012,9027,16,1:15,9013,9028,16,1:15,,,0,,,,0,,,,0,,,,0,,1,10,15,17,1,,,,
dense,1,128,3,a,3,16,960,16,9032,9032,9033,,,,9076,9043,9058,16,1:15,9059,9074,16,1:15,9060,9075,16,1:15,,,0,,,,0,,,,0,,,,0,,1,10,15,17,1,,,,
dense,1,129,3,a,4,0,1088,16,9079,9079,9080,,,,9123,9090,9105,16,1:15,9106,9121,16,1:15,9107,9122,16,1:15,,,0,,,,0,,,,0,,,,0,,1,10,15,17,1,,,,
dense,1,130,3,a,4,16,1216,16,9126,9126,9127,,,,9170,9137,9152,16,1:15,9153,9168,16,1:15,9154,9169,16,1:15,,,0,,,,0,,,,0,,,,0,,1,10,15,17,1,,,,
dense,1,131,3,a,5,0,1344,16,9173,9173,9174,,,,9217,9184,9199,16,1:15,9200,9215,16,1:15,9201,9216,16,1:15,,,0,,,,0,,,,0,,,,0,,1,10,15,17,1,,,,
dense,1,132,3,a,5,16,1472,16,9220,9220,9221,,,,9264,9231,9246,16,1:15,9247,9262,16,1:15,9248,9263,16,1:15,,,0,,,,0,,,,0,,,,0,,1,10,15,17,1,,,,
dense,1,133,3,a,6,0,1600,16,9267,9267,9268,,,,9311,9278,9293,16,1:15,9294,9309,16,1:15,9295,9310,16,1:15,,,0,,,,0,,,,0,,,,0,,1,10,15,17,1,,,,
dense,1,134,3,a,6,16,1728,16,9314,9314,9315,,,,9358,9325,9340,16,1:15,9341,9356,16,1:15,9342,9357,16,1:15,,,0,,,,0,,,,0,,,,0,,1,10,15,17,1,,,,
dense,1,135,3,a,7,0,1856,16,9361,9361,9362,,,,9405,9372,9387,16,1:15,9388,9403,16,1:15,9389,9404,16,1:15,,,0,,,,0,,,,0,,,,0,,1,10,15,17,1,,,,
dense,1,136,3,a,7,16,1984,16,9408,9408,9409,,,,9452,9419,9434,16,1:15,9435,9450,16,1:15,9436,9451,16,1:15,,,0,,,,0,,,,0,,,,0,,1,10,15,17,1,,,,
dense,1,137,3,bt,0,0,14528,16,9460,9460,9461,,,,9504,9471,9486,16,1:15,9487,9502,16,1:15,9488,9503,16,1:15,,,0,,,,0,,,,0,,,,0,,1,10,15,17,1,,,,
dense,1,138,3,bt,0,16,14656,16,9507,9507,9508,,,,9551,9518,9533,16,1:15,9534,9549,16,1:15,9535,9550,16,1:15,,,0,,,,0,,,,0,,,,0,,1,10,15,17,1,,,,
dense,1,139,3,bt,1,0,14784,16,9554,9554,9555,,,,9598,9565,9580,16,1:15,9581,9596,16,1:15,9582,9597,16,1:15,,,0,,,,0,,,,0,,,,0,,1,10,15,17,1,,,,
dense,1,140,3,bt,1,16,14912,16,9601,9601,9602,,,,9645,9612,9627,16,1:15,9628,9643,16,1:15,9629,9644,16,1:15,,,0,,,,0,,,,0,,,,0,,1,10,15,17,1,,,,
dense,1,141,3,bt,2,0,15040,16,9648,9648,9649,,,,9692,9659,9674,16,1:15,9675,9690,16,1:15,9676,9691,16,1:15,,,0,,,,0,,,,0,,,,0,,1,10,15,17,1,,,,
dense,1,142,3,bt,2,16,15168,16,9695,9695,9696,,,,9739,9706,9721,16,1:15,9722,9737,16,1:15,9723,9738,16,1:15,,,0,,,,0,,,,0,,,,0,,1,10,15,17,1,,,,
dense,1,143,3,bt,3,0,15296,16,9742,9742,9743,,,,9786,9753,9768,16,1:15,9769,9784,16,1:15,9770,9785,16,1:15,,,0,,,,0,,,,0,,,,0,,1,10,15,17,1,,,,
dense,1,144,3,bt,3,16,15424,16,9789,9789,9790,,,,9833,9800,9815,16,1:15,9816,9831,16,1:15,9817,9832,16,1:15,,,0,,,,0,,,,0,,,,0,,1,10,15,17,1,,,,
dense,1,145,3,bt,4,0,15552,16,9836,9836,9837,,,,9880,9847,9862,16,1:15,9863,9878,16,1:15,9864,9879,16,1:15,,,0,,,,0,,,,0,,,,0,,1,10,15,17,1,,,,
dense,1,146,3,bt,4,16,15680,16,9883,9883,9884,,,,9927,9894,9909,16,1:15,9910,9925,16,1:15,9911,9926,16,1:15,,,0,,,,0,,,,0,,,,0,,1,10,15,17,1,,,,
dense,1,147,3,bt,5,0,15808,16,9930,9930,9931,,,,9974,9941,9956,16,1:15,9957,9972,16,1:15,9958,9973,16,1:15,,,0,,,,0,,,,0,,,,0,,1,10,15,17,1,,,,
dense,1,148,3,bt,5,16,15936,16,9977,9977,9978,,,,10021,9988,10003,16,1:15,10004,10019,16,1:15,10005,10020,16,1:15,,,0,,,,0,,,,0,,,,0,,1,10,15,17,1,,,,
dense,1,149,3,bt,6,0,16064,16,10024,10024,10025,,,,10068,10035,10050,16,1:15,10051,10066,16,1:15,10052,10067,16,1:15,,,0,,,,0,,,,0,,,,0,,1,10,15,17,1,,,,
dense,1,150,3,bt,6,16,16192,16,10071,10071,10072,,,,10115,10082,10097,16,1:15,10098,10113,16,1:15,10099,10114,16,1:15,,,0,,,,0,,,,0,,,,0,,1,10,15,17,1,,,,
dense,1,151,3,bt,7,0,16320,8,10118,10118,10119,,,,10146,10129,10136,8,1:7,10137,10144,8,1:7,10138,10145,8,1:7,,,0,,,,0,,,,0,,,,0,,1,10,7,9,1,,,,
dense,1,152,3,bt,7,8,16384,16,10149,10149,10150,,,,10193,10160,10175,16,1:15,10176,10191,16,1:15,10177,10192,16,1:15,,,0,,,,0,,,,0,,,,0,,1,10,15,17,1,,,,
dense,1,153,3,bt,7,24,16512,8,10196,10196,10197,,,,10224,10207,10214,8,1:7,10215,10222,8,1:7,10216,10223,8,1:7,,,0,,,,0,,,,0,,,,0,,1,10,7,9,1,,,,
dense,1,154,3,c,0,0,16800,4,11318,11318,,11339,11338,11350,11351,,,0,,,,0,,,,0,,11320,11335,4,5:3,11322,11337,4,5:3,11323,11338,4,5:3,11339,11342,4,1:3,,,,,,20,4,8,1
dense,1,155,3,c,1,0,16928,4,11354,11354,,11375,11374,11386,11387,,,0,,,,0,,,,0,,11356,11371,4,5:3,11358,11373,4,5:3,11359,11374,4,5:3,11375,11378,4,1:3,,,,,,20,4,8,1
dense,1,156,3,c,2,0,17056,4,11390,11390,,11411,11410,11422,11423,,,0,,,,0,,,,0,,11392,11407,4,5:3,11394,11409,4,5:3,11395,11410,4,5:3,11411,11414,4,1:3,,,,,,20,4,8,1
dense,1,157,3,c,3,0,17184,4,11426,11426,,11447,11446,11458,11459,,,0,,,,0,,,,0,,11428,11443,4,5:3,11430,11445,4,5:3,11431,11446,4,5:3,11447,11450,4,1:3,,,,,,20,4,8,1
dense,1,158,3,c,4,0,17312,4,11462,11462,,11483,11482,11494,11495,,,0,,,,0,,,,0,,11464,11479,4,5:3,11466,11481,4,5:3,11467,11482,4,5:3,11483,11486,4,1:3,,,,,,20,4,8,1
dense,1,159,3,c,5,0,17440,4,11498,11498,,11519,11518,11530,11531,,,0,,,,0,,,,0,,11500,11515,4,5:3,11502,11517,4,5:3,11503,11518,4,5:3,11519,11522,4,1:3,,,,,,20,4,8,1
dense,1,160,3,c,6,0,17568,4,11534,11534,,11555,11554,11566,11567,,,0,,,,0,,,,0,,11536,11551,4,5:3,11538,11553,4,5:3,11539,11554,4,5:3,11555,11558,4,1:3,,,,,,20,4,8,1
dense,1,161,3,c,7,0,17696,4,11570,11570,,11591,11590,11602,11603,,,0,,,,0,,,,0,,11572,11587,4,5:3,11574,11589,4,5:3,11575,11590,4,5:3,11591,11594,4,1:3,,,,,,20,4,8,1
dense,1,162,4,a,0,0,2112,16,11612,11612,11613,,,,11656,11623,11638,16,1:15,11639,11654,16,1:15,11640,11655,16,1:15,,,0,,,,0,,,,0,,,,0,,1,10,15,17,1,,,,
dense,1,163,4,a,0,16,2240,16,11659,11659,11660,,,,11703,11670,11685,16,1:15,11686,11701,16,1:15,11687,11702,16,1:15,,,0,,,,0,,,,0,,,,0,,1,10,15,17,1,,,,
dense,1,164,4,a,1,0,2368,16,11706,11706,11707,,,,11750,11717,11732,16,1:15,11733,11748,16,1:15,11734,11749,16,1:15,,,0,,,,0,,,,0,,,,0,,1,10,15,17,1,,,,
dense,1,165,4,a,1,16,2496,16,11753,11753,11754,,,,11797,11764,11779,16,1:15,11780,11795,16,1:15,11781,11796,16,1:15,,,0,,,,0,,,,0,,,,0,,1,10,15,17,1,,,,
dense,1,166,4,a,2,0,2624,16,11800,11800,11801,,,,11844,11811,11826,16,1:15,11827,11842,16,1:15,11828,11843,16,1:15,,,0,,,,0,,,,0,,,,0,,1,10,15,17,1,,,,
dense,1,167,4,a,2,16,2752,16,11847,11847,11848,,,,11891,11858,11873,16,1:15,11874,11889,16,1:15,11875,11890,16,1:15,,,0,,,,0,,,,0,,,,0,,1,10,15,17,1,,,,
dense,1,168,4,a,3,0,2880,16,11894,11894,11895,,,,11938,11905,11920,16,1:15,11921,11936,16,1:15,11922,11937,16,1:15,,,0,,,,0,,,,0,,,,0,,1,10,15,17,1,,,,
dense,1,169,4,a,3,16,3008,16,11941,11941,11942,,,,11985,11952,11967,16,1:15,11968,11983,16,1:15,11969,11984,16,1:15,,,0,,,,0,,,,0,,,,0,,1,10,15,17,1,,,,
dense,1,170,4,a,4,0,3136,16,11988,11988,11989,,,,12032,11999,12014,16,1:15,12015,12030,16,1:15,12016,12031,16,1:15,,,0,,,,0,,,,0,,,,0,,1,10,15,17,1,,,,
dense,1,171,4,a,4,16,3264,16,12035,12035,12036,,,,12079,12046,12061,16,1:15,12062,12077,16,1:15,12063,12078,16,1:15,,,0,,,,0,,,,0,,,,0,,1,10,15,17,1,,,,
dense,1,172,4,a,5,0,3392,16,12082,12082,12083,,,,12126,12093,12108,16,1:15,12109,12124,16,1:15,12110,12125,16,1:15,,,0,,,,0,,,,0,,,,0,,1,10,15,17,1,,,,
dense,1,173,4,a,5,16,3520,16,12129,12129,12130,,,,12173,12140,12155,16,1:15,12156,12171,16,1:15,12157,12172,16,1:15,,,0,,,,0,,,,0,,,,0,,1,10,15,17,1,,,,
dense,1,174,4,a,6,0,3648,16,12176,12176,12177,,,,12220,12187,12202,16,1:15,12203,12218,16,1:15,12204,12219,16,1:15,,,0,,,,0,,,,0,,,,0,,1,10,15,17,1,,,,
dense,1,175,4,a,6,16,3776,16,12223,12223,12224,,,,12267,12234,12249,16,1:15,12250,12265,16,1:15,12251,12266,16,1:15,,,0,,,,0,,,,0,,,,0,,1,10,15,17,1,,,,
dense,1,176,4,a,7,0,3904,16,12270,12270,12271,,,,12314,12281,12296,16,1:15,12297,12312,16,1:15,12298,12313,16,1:15,,,0,,,,0,,,,0,,,,0,,1,10,15,17,1,,,,
dense,1,177,4,a,7,16,4032,8,12317,12317,12318,,,,12345,12328,12335,8,1:7,12336,12343,8,1:7,12337,12344,8,1:7,,,0,,,,0,,,,0,,,,0,,1,10,7,9,1,,,,
dense,1,178,4,a,7,24,4096,8,12348,12348,12349,,,,12376,12359,12366,8,1:7,12367,12374,8,1:7,12368,12375,8,1:7,,,0,,,,0,,,,0,,,,0,,1,10,7,9,1,,,,
dense,1,179,4,bt,0,0,8384,16,12384,12384,12385,,,,12428,12395,12410,16,1:15,12411,12426,16,1:15,12412,12427,16,1:15,,,0,,,,0,,,,0,,,,0,,1,10,15,17,1,,,,
dense,1,180,4,bt,0,16,8512,16,12431,12431,12432,,,,12475,12442,12457,16,1:15,12458,12473,16,1:15,12459,12474,16,1:15,,,0,,,,0,,,,0,,,,0,,1,10,15,17,1,,,,
dense,1,181,4,bt,1,0,8640,16,12478,12478,12479,,,,12522,12489,12504,16,1:15,12505,12520,16,1:15,12506,12521,16,1:15,,,0,,,,0,,,,0,,,,0,,1,10,15,17,1,,,,
dense,1,182,4,bt,1,16,8768,16,12525,12525,12526,,,,12569,12536,12551,16,1:15,12552,12567,16,1:15,12553,12568,16,1:15,,,0,,,,0,,,,0,,,,0,,1,10,15,17,1,,,,
dense,1,183,4,bt,2,0,8896,16,12572,12572,12573,,,,12616,12583,12598,16,1:15,12599,12614,16,1:15,12600,12615,16,1:15,,,0,,,,0,,,,0,,,,0,,1,10,15,17,1,,,,
dense,1,184,4,bt,2,16,9024,16,12619,12619,12620,,,,12663,12630,12645,16,1:15,12646,12661,16,1:15,12647,12662,16,1:15,,,0,,,,0,,,,0,,,,0,,1,10,15,17,1,,,,
dense,1,185,4,bt,3,0,9152,16,12666,12666,12667,,,,12710,12677,12692,16,1:15,12693,12708,16,1:15,12694,12709,16,1:15,,,0,,,,0,,,,0,,,,0,,1,10,15,17,1,,,,
dense,1,186,4,bt,3,16,9280,16,12713,12713,12714,,,,12757,12724,12739,16,1:15,12740,12755,16,1:15,12741,12756,16,1:15,,,0,,,,0,,,,0,,,,0,,1,10,15,17,1,,,,
dense,1,187,4,bt,4,0,9408,16,12760,12760,12761,,,,12804,12771,12786,16,1:15,12787,12802,16,1:15,12788,12803,16,1:15,,,0,,,,0,,,,0,,,,0,,1,10,15,17,1,,,,
dense,1,188,4,bt,4,16,9536,16,12807,12807,12808,,,,12851,12818,12833,16,1:15,12834,12849,16,1:15,12835,12850,16,1:15,,,0,,,,0,,,,0,,,,0,,1,10,15,17,1,,,,
dense,1,189,4,bt,5,0,9664,16,12854,12854,12855,,,,12898,12865,12880,16,1:15,12881,12896,16,1:15,12882,12897,16,1:15,,,0,,,,0,,,,0,,,,0,,1,10,15,17,1,,,,
dense,1,190,4,bt,5,16,9792,16,12901,12901,12902,,,,12945,12912,12927,16,1:15,12928,12943,16,1:15,12929,12944,16,1:15,,,0,,,,0,,,,0,,,,0,,1,10,15,17,1,,,,
dense,1,191,4,bt,6,0,9920,16,12948,12948,12949,,,,12992,12959,12974,16,1:15,12975,12990,16,1:15,12976,12991,16,1:15,,,0,,,,0,,,,0,,,,0,,1,10,15,17,1,,,,
dense,1,192,4,bt,6,16,10048,16,12995,12995,12996,,,,13039,13006,13021,16,1:15,13022,13037,16,1:15,13023,13038,16,1:15,,,0,,,,0,,,,0,,,,0,,1,10,15,17,1,,,,
dense,1,193,4,bt,7,0,10176,16,13042,13042,13043,,,,13086,13053,13068,16,1:15,13069,13084,16,1:15,13070,13085,16,1:15,,,0,,,,0,,,,0,,,,0,,1,10,15,17,1,,,,
dense,1,194,4,bt,7,16,10304,16,13089,13089,13090,,,,13133,13100,13115,16,1:15,13116,13131,16,1:15,13117,13132,16,1:15,,,0,,,,0,,,,0,,,,0,,1,10,15,17,1,,,,
dense,1,195,4,c,0,0,17728,4,14227,14227,,14248,14247,14259,14260,,,0,,,,0,,,,0,,14229,14244,4,5:3,14231,14246,4,5:3,14232,14247,4,5:3,14248,14251,4,1:3,,,,,,20,4,8,1
dense,1,196,4,c,1,0,17856,4,14263,14263,,14284,14283,14295,14296,,,0,,,,0,,,,0,,14265,14280,4,5:3,14267,14282,4,5:3,14268,14283,4,5:3,14284,14287,4,1:3,,,,,,20,4,8,1
dense,1,197,4,c,2,0,17984,4,14299,14299,,14320,14319,14331,14332,,,0,,,,0,,,,0,,14301,14316,4,5:3,14303,14318,4,5:3,14304,14319,4,5:3,14320,14323,4,1:3,,,,,,20,4,8,1
dense,1,198,4,c,3,0,18112,4,14335,14335,,14356,14355,14367,14368,,,0,,,,0,,,,0,,14337,14352,4,5:3,14339,14354,4,5:3,14340,14355,4,5:3,14356,14359,4,1:3,,,,,,20,4,8,1
dense,1,199,4,c,4,0,18240,4,14371,14371,,14392,14391,14403,14404,,,0,,,,0,,,,0,,14373,14388,4,5:3,14375,14390,4,5:3,14376,14391,4,5:3,14392,14395,4,1:3,,,,,,20,4,8,1
dense,1,200,4,c,5,0,18368,4,14407,14407,,14428,14427,14439,14440,,,0,,,,0,,,,0,,14409,14424,4,5:3,14411,14426,4,5:3,14412,14427,4,5:3,14428,14431,4,1:3,,,,,,20,4,8,1
dense,1,201,4,c,6,0,18496,4,14443,14443,,14464,14463,14475,14476,,,0,,,,0,,,,0,,14445,14460,4,5:3,14447,14462,4,5:3,14448,14463,4,5:3,14464,14467,4,1:3,,,,,,20,4,8,1
dense,1,202,4,c,7,0,18624,4,14479,14479,,14500,14499,14511,14512,,,0,,,,0,,,,0,,14481,14496,4,5:3,14483,14498,4,5:3,14484,14499,4,5:3,14500,14503,4,1:3,,,,,,20,4,8,1
dense,1,203,5,a,0,0,2112,16,14521,14521,14522,,,,14565,14532,14547,16,1:15,14548,14563,16,1:15,14549,14564,16,1:15,,,0,,,,0,,,,0,,,,0,,1,10,15,17,1,,,,
dense,1,204,5,a,0,16,2240,16,14568,14568,14569,,,,14612,14579,14594,16,1:15,14595,14610,16,1:15,14596,14611,16,1:15,,,0,,,,0,,,,0,,,,0,,1,10,15,17,1,,,,
dense,1,205,5,a,1,0,2368,16,14615,14615,14616,,,,14659,14626,14641,16,1:15,14642,14657,16,1:15,14643,14658,16,1:15,,,0,,,,0,,,,0,,,,0,,1,10,15,17,1,,,,
dense,1,206,5,a,1,16,2496,16,14662,14662,14663,,,,14706,14673,14688,16,1:15,14689,14704,16,1:15,14690,14705,16,1:15,,,0,,,,0,,,,0,,,,0,,1,10,15,17,1,,,,
dense,1,207,5,a,2,0,2624,16,14709,14709,14710,,,,14753,14720,14735,16,1:15,14736,14751,16,1:15,14737,14752,16,1:15,,,0,,,,0,,,,0,,,,0,,1,10,15,17,1,,,,
dense,1,208,5,a,2,16,2752,16,14756,14756,14757,,,,14800,14767,14782,16,1:15,14783,14798,16,1:15,14784,14799,16,1:15,,,0,,,,0,,,,0,,,,0,,1,10,15,17,1,,,,
dense,1,209,5,a,3,0,2880,16,14803,14803,14804,,,,14847,14814,14829,16,1:15,14830,14845,16,1:15,14831,14846,16,1:15,,,0,,,,0,,,,0,,,,0,,1,10,15,17,1,,,,
dense,1,210,5,a,3,16,3008,16,14850,14850,14851,,,,14894,14861,14876,16,1:15,14877,14892,16,1:15,14878,14893,16,1:15,,,0,,,,0,,,,0,,,,0,,1,10,15,17,1,,,,
dense,1,211,5,a,4,0,3136,16,14897,14897,14898,,,,14941,14908,14923,16,1:15,14924,14939,16,1:15,14925,14940,16,1:15,,,0,,,,0,,,,0,,,,0,,1,10,15,17,1,,,,
dense,1,212,5,a,4,16,3264,16,14944,14944,14945,,,,14988,14955,14970,16,1:15,14971,14986,16,1:15,14972,14987,16,1:15,,,0,,,,0,,,,0,,,,0,,1,10,15,17,1,,,,
dense,1,213,5,a,5,0,3392,16,14991,14991,14992,,,,15035,15002,15017,16,1:15,15018,15033,16,1:15,15019,15034,16,1:15,,,0,,,,0,,,,0,,,,0,,1,10,15,17,1,,,,
dense,1,214,5,a,5,16,3520,16,15038,15038,15039,,,,15082,15049,15064,16,1:15,15065,15080,16,1:15,15066,15081,16,1:15,,,0,,,,0,,,,0,,,,0,,1,10,15,17,1,,,,
dense,1,215,5,a,6,0,3648,16,15085,15085,15086,,,,15129,15096,15111,16,1:15,15112,15127,16,1:15,15113,15128,16,1:15,,,0,,,,0,,,,0,,,,0,,1,10,15,17,1,,,,
dense,1,216,5,a,6,16,3776,16,15132,15132,15133,,,,15176,15143,15158,16,1:15,15159,15174,16,1:15,15160,15175,16,1:15,,,0,,,,0,,,,0,,,,0,,1,10,15,17,1,,,,
dense,1,217,5,a,7,0,3904,16,15179,15179,15180,,,,15223,15190,15205,16,1:15,15206,15221,16,1:15,15207,15222,16,1:15,,,0,,,,0,,,,0,,,,0,,1,10,15,17,1,,,,
dense,1,218,5,a,7,16,4032,8,15226,15226,15227,,,,15254,15237,15244,8,1:7,15245,15252,8,1:7,15246,15253,8,1:7,,,0,,,,0,,,,0,,,,0,,1,10,7,9,1,,,,
dense,1,219,5,a,7,24,4096,8,15257,15257,15258,,,,15285,15268,15275,8,1:7,15276,15283,8,1:7,15277,15284,8,1:7,,,0,,,,0,,,,0,,,,0,,1,10,7,9,1,,,,
dense,1,220,5,bt,0,0,10432,16,15293,15293,15294,,,,15337,15304,15319,16,1:15,15320,15335,16,1:15,15321,15336,16,1:15,,,0,,,,0,,,,0,,,,0,,1,10,15,17,1,,,,
dense,1,221,5,bt,0,16,10560,16,15340,15340,15341,,,,15384,15351,15366,16,1:15,15367,15382,16,1:15,15368,15383,16,1:15,,,0,,,,0,,,,0,,,,0,,1,10,15,17,1,,,,
dense,1,222,5,bt,1,0,10688,16,15387,15387,15388,,,,15431,15398,15413,16,1:15,15414,15429,16,1:15,15415,15430,16,1:15,,,0,,,,0,,,,0,,,,0,,1,10,15,17,1,,,,
dense,1,223,5,bt,1,16,10816,16,15434,15434,15435,,,,15478,15445,15460,16,1:15,15461,15476,16,1:15,15462,15477,16,1:15,,,0,,,,0,,,,0,,,,0,,1,10,15,17,1,,,,
dense,1,224,5,bt,2,0,10944,16,15481,15481,15482,,,,15525,15492,15507,16,1:15,15508,15523,16,1:15,15509,15524,16,1:15,,,0,,,,0,,,,0,,,,0,,1,10,15,17,1,,,,
dense,1,225,5,bt,2,16,11072,16,15528,15528,15529,,,,15572,15539,15554,16,1:15,15555,15570,16,1:15,15556,15571,16,1:15,,,0,,,,0,,,,0,,,,0,,1,10,15,17,1,,,,
dense,1,226,5,bt,3,0,11200,16,15575,15575,15576,,,,15619,15586,15601,16,1:15,15602,15617,16,1:15,15603,15618,16,1:15,,,0,,,,0,,,,0,,,,0,,1,10,15,17,1,,,,
dense,1,227,5,bt,3,16,11328,16,15622,15622,15623,,,,15666,15633,15648,16,1:15,15649,15664,16,1:15,15650,15665,16,1:15,,,0,,,,0,,,,0,,,,0,,1,10,15,17,1,,,,
dense,1,228,5,bt,4,0,11456,16,15669,15669,15670,,,,15713,15680,15695,16,1:15,15696,15711,16,1:15,15697,15712,16,1:15,,,0,,,,0,,,,0,,,,0,,1,10,15,17,1,,,,
dense,1,229,5,bt,4,16,11584,16,15716,15716,15717,,,,15760,15727,15742,16,1:15,15743,15758,16,1:15,15744,15759,16,1:15,,,0,,,,0,,,,0,,,,0,,1,10,15,17,1,,,,
dense,1,230,5,bt,5,0,11712,16,15763,15763,15764,,,,15807,15774,15789,16,1:15,15790,15805,16,1:15,15791,15806,16,1:15,,,0,,,,0,,,,0,,,,0,,1,10,15,17,1,,,,
dense,1,231,5,bt,5,16,11840,16,15810,15810,15811,,,,15854,15821,15836,16,1:15,15837,15852,16,1:15,15838,15853,16,1:15,,,0,,,,0,,,,0,,,,0,,1,10,15,17,1,,,,
dense,1,232,5,bt,6,0,11968,16,15857,15857,15858,,,,15901,15868,15883,16,1:15,15884,15899,16,1:15,15885,15900,16,1:15,,,0,,,,0,,,,0,,,,0,,1,10,15,17,1,,,,
dense,1,233,5,bt,6,16,12096,16,15904,15904,15905,,,,15948,15915,15930,16,1:15,15931,15946,16,1:15,15932,15947,16,1:15,,,0,,,,0,,,,0,,,,0,,1,10,15,17,1,,,,
dense,1,234,5,bt,7,0,12224,8,15951,15951,15952,,,,15979,15962,15969,8,1:7,15970,15977,8,1:7,15971,15978,8,1:7,,,0,,,,0,,,,0,,,,0,,1,10,7,9,1,,,,
dense,1,235,5,bt,7,8,12288,16,15982,15982,15983,,,,16026,15993,16008,16,1:15,16009,16024,16,1:15,16010,16025,16,1:15,,,0,,,,0,,,,0,,,,0,,1,10,15,17,1,,,,
dense,1,236,5,bt,7,24,12416,8,16029,16029,16030,,,,16057,16040,16047,8,1:7,16048,16055,8,1:7,16049,16056,8,1:7,,,0,,,,0,,,,0,,,,0,,1,10,7,9,1,,,,
dense,1,237,5,c,0,0,17760,4,17151,17151,,17172,17171,17183,17184,,,0,,,,0,,,,0,,17153,17168,4,5:3,17155,17170,4,5:3,17156,17171,4,5:3,17172,17175,4,1:3,,,,,,20,4,8,1
dense,1,238,5,c,1,0,17888,4,17187,17187,,17208,17207,17219,17220,,,0,,,,0,,,,0,,17189,17204,4,5:3,17191,17206,4,5:3,17192,17207,4,5:3,17208,17211,4,1:3,,,,,,20,4,8,1
dense,1,239,5,c,2,0,18016,4,17223,17223,,17244,17243,17255,17256,,,0,,,,0,,,,0,,17225,17240,4,5:3,17227,17242,4,5:3,17228,17243,4,5:3,17244,17247,4,1:3,,,,,,20,4,8,1
dense,1,240,5,c,3,0,18144,4,17259,17259,,17280,17279,17291,17292,,,0,,,,0,,,,0,,17261,17276,4,5:3,17263,17278,4,5:3,17264,17279,4,5:3,17280,17283,4,1:3,,,,,,20,4,8,1
dense,1,241,5,c,4,0,18272,4,17295,17295,,17316,17315,17327,17328,,,0,,,,0,,,,0,,17297,17312,4,5:3,17299,17314,4,5:3,17300,17315,4,5:3,17316,17319,4,1:3,,,,,,20,4,8,1
dense,1,242,5,c,5,0,18400,4,17331,17331,,17352,17351,17363,17364,,,0,,,,0,,,,0,,17333,17348,4,5:3,17335,17350,4,5:3,17336,17351,4,5:3,17352,17355,4,1:3,,,,,,20,4,8,1
dense,1,243,5,c,6,0,18528,4,17367,17367,,17388,17387,17399,17400,,,0,,,,0,,,,0,,17369,17384,4,5:3,17371,17386,4,5:3,17372,17387,4,5:3,17388,17391,4,1:3,,,,,,20,4,8,1
dense,1,244,5,c,7,0,18656,4,17403,17403,,17424,17423,17435,17436,,,0,,,,0,,,,0,,17405,17420,4,5:3,17407,17422,4,5:3,17408,17423,4,5:3,17424,17427,4,1:3,,,,,,20,4,8,1
dense,1,245,6,a,0,0,2112,16,17445,17445,17446,,,,17489,17456,17471,16,1:15,17472,17487,16,1:15,17473,17488,16,1:15,,,0,,,,0,,,,0,,,,0,,1,10,15,17,1,,,,
dense,1,246,6,a,0,16,2240,16,17492,17492,17493,,,,17536,17503,17518,16,1:15,17519,17534,16,1:15,17520,17535,16,1:15,,,0,,,,0,,,,0,,,,0,,1,10,15,17,1,,,,
dense,1,247,6,a,1,0,2368,16,17539,17539,17540,,,,17583,17550,17565,16,1:15,17566,17581,16,1:15,17567,17582,16,1:15,,,0,,,,0,,,,0,,,,0,,1,10,15,17,1,,,,
dense,1,248,6,a,1,16,2496,16,17586,17586,17587,,,,17630,17597,17612,16,1:15,17613,17628,16,1:15,17614,17629,16,1:15,,,0,,,,0,,,,0,,,,0,,1,10,15,17,1,,,,
dense,1,249,6,a,2,0,2624,16,17633,17633,17634,,,,17677,17644,17659,16,1:15,17660,17675,16,1:15,17661,17676,16,1:15,,,0,,,,0,,,,0,,,,0,,1,10,15,17,1,,,,
dense,1,250,6,a,2,16,2752,16,17680,17680,17681,,,,17724,17691,17706,16,1:15,17707,17722,16,1:15,17708,17723,16,1:15,,,0,,,,0,,,,0,,,,0,,1,10,15,17,1,,,,
dense,1,251,6,a,3,0,2880,16,17727,17727,17728,,,,17771,17738,17753,16,1:15,17754,17769,16,1:15,17755,17770,16,1:15,,,0,,,,0,,,,0,,,,0,,1,10,15,17,1,,,,
dense,1,252,6,a,3,16,3008,16,17774,17774,17775,,,,17818,17785,17800,16,1:15,17801,17816,16,1:15,17802,17817,16,1:15,,,0,,,,0,,,,0,,,,0,,1,10,15,17,1,,,,
dense,1,253,6,a,4,0,3136,16,17821,17821,17822,,,,17865,17832,17847,16,1:15,17848,17863,16,1:15,17849,17864,16,1:15,,,0,,,,0,,,,0,,,,0,,1,10,15,17,1,,,,
dense,1,254,6,a,4,16,3264,16,17868,17868,17869,,,,17912,17879,17894,16,1:15,17895,17910,16,1:15,17896,17911,16,1:15,,,0,,,,0,,,,0,,,,0,,1,10,15,17,1,,,,
dense,1,255,6,a,5,0,3392,16,17915,17915,17916,,,,17959,17926,17941,16,1:15,17942,17957,16,1:15,17943,17958,16,1:15,,,0,,,,0,,,,0,,,,0,,1,10,15,17,1,,,,
dense,1,256,6,a,5,16,3520,16,17962,17962,17963,,,,18006,17973,17988,16,1:15,17989,18004,16,1:15,17990,18005,16,1:15,,,0,,,,0,,,,0,,,,0,,1,10,15,17,1,,,,
dense,1,257,6,a,6,0,3648,16,18009,18009,18010,,,,18053,18020,18035,16,1:15,18036,18051,16,1:15,18037,18052,16,1:15,,,0,,,,0,,,,0,,,,0,,1,10,15,17,1,,,,
dense,1,258,6,a,6,16,3776,16,18056,18056,18057,,,,18100,18067,18082,16,1:15,18083,18098,16,1:15,18084,18099,16,1:15,,,0,,,,0,,,,0,,,,0,,1,10,15,17,1,,,,
dense,1,259,6,a,7,0,3904,16,18103,18103,18104,,,,18147,18114,18129,16,1:15,18130,18145,16,1:15,18131,18146,16,1:15,,,0,,,,0,,,,0,,,,0,,1,10,15,17,1,,,,
dense,1,260,6,a,7,16,4032,8,18150,18150,18151,,,,18178,18161,18168,8,1:7,18169,18176,8,1:7,18170,18177,8,1:7,,,0,,,,0,,,,0,,,,0,,1,10,7,9,1,,,,
dense,1,261,6,a,7,24,4096,8,18181,18181,18182,,,,18209,18192,18199,8,1:7,18200,18207,8,1:7,18201,18208,8,1:7,,,0,,,,0,,,,0,,,,0,,1,10,7,9,1,,,,
dense,1,262,6,bt,0,0,12480,16,18217,18217,18218,,,,18261,18228,18243,16,1:15,18244,18259,16,1:15,18245,18260,16,1:15,,,0,,,,0,,,,0,,,,0,,1,10,15,17,1,,,,
dense,1,263,6,bt,0,16,12608,16,18264,18264,18265,,,,18308,18275,18290,16,1:15,18291,18306,16,1:15,18292,18307,16,1:15,,,0,,,,0,,,,0,,,,0,,1,10,15,17,1,,,,
dense,1,264,6,bt,1,0,12736,16,18311,18311,18312,,,,18355,18322,18337,16,1:15,18338,18353,16,1:15,18339,18354,16,1:15,,,0,,,,0,,,,0,,,,0,,1,10,15,17,1,,,,
dense,1,265,6,bt,1,16,12864,16,18358,18358,18359,,,,18402,18369,18384,16,1:15,18385,18400,16,1:15,18386,18401,16,1:15,,,0,,,,0,,,,0,,,,0,,1,10,15,17,1,,,,
dense,1,266,6,bt,2,0,12992,16,18405,18405,18406,,,,18449,18416,18431,16,1:15,18432,18447,16,1:15,18433,18448,16,1:15,,,0,,,,0,,,,0,,,,0,,1,10,15,17,1,,,,
dense,1,267,6,bt,2,16,13120,16,18452,18452,18453,,,,18496,18463,18478,16,1:15,18479,18494,16,1:15,18480,18495,16,1:15,,,0,,,,0,,,,0,,,,0,,1,10,15,17,1,,,,
dense,1,268,6,bt,3,0,13248,16,18499,18499,18500,,,,18543,18510,18525,16,1:15,18526,18541,16,1:15,18527,18542,16,1:15,,,0,,,,0,,,,0,,,,0,,1,10,15,17,1,,,,
dense,1,269,6,bt,3,16,13376,16,18546,18546,18547,,,,18590,18557,18572,16,1:15,18573,18588,16,1:15,18574,18589,16,1:15,,,0,,,,0,,,,0,,,,0,,1,10,15,17,1,,,,
dense,1,270,6,bt,4,0,13504,16,18593,18593,18594,,,,18637,18604,18619,16,1:15,18620,18635,16,1:15,18621,18636,16,1:15,,,0,,,,0,,,,0,,,,0,,1,10,15,17,1,,,,
dense,1,271,6,bt,4,16,13632,16,18640,18640,18641,,,,18684,18651,18666,16,1:15,18667,18682,16,1:15,18668,18683,16,1:15,,,0,,,,0,,,,0,,,,0,,1,10,15,17,1,,,,
dense,1,272,6,bt,5,0,13760,16,18687,18687,18688,,,,18731,18698,18713,16,1:15,18714,18729,16,1:15,18715,18730,16,1:15,,,0,,,,0,,,,0,,,,0,,1,10,15,17,1,,,,
dense,1,273,6,bt,5,16,13888,16,18734,18734,18735,,,,18778,18745,18760,16,1:15,18761,18776,16,1:15,18762,18777,16,1:15,,,0,,,,0,,,,0,,,,0,,1,10,15,17,1,,,,
dense,1,274,6,bt,6,0,14016,16,18781,18781,18782,,,,18825,18792,18807,16,1:15,18808,18823,16,1:15,18809,18824,16,1:15,,,0,,,,0,,,,0,,,,0,,1,10,15,17,1,,,,
dense,1,275,6,bt,6,16,14144,16,18828,18828,18829,,,,18872,18839,18854,16,1:15,18855,18870,16,1:15,18856,18871,16,1:15,,,0,,,,0,,,,0,,,,0,,1,10,15,17,1,,,,
dense,1,276,6,bt,7,0,14272,16,18875,18875,18876,,,,18919,18886,18901,16,1:15,18902,18917,16,1:15,18903,18918,16,1:15,,,0,,,,0,,,,0,,,,0,,1,10,15,17,1,,,,
dense,1,277,6,bt,7,16,14400,16,18922,18922,18923,,,,18966,18933,18948,16,1:15,18949,18964,16,1:15,18950,18965,16,1:15,,,0,,,,0,,,,0,,,,0,,1,10,15,17,1,,,,
dense,1,278,6,c,0,0,17792,4,20060,20060,,20081,20080,20092,20093,,,0,,,,0,,,,0,,20062,20077,4,5:3,20064,20079,4,5:3,20065,20080,4,5:3,20081,20084,4,1:3,,,,,,20,4,8,1
dense,1,279,6,c,1,0,17920,4,20096,20096,,20117,20116,20128,20129,,,0,,,,0,,,,0,,20098,20113,4,5:3,20100,20115,4,5:3,20101,20116,4,5:3,20117,20120,4,1:3,,,,,,20,4,8,1
dense,1,280,6,c,2,0,18048,4,20132,20132,,20153,20152,20164,20165,,,0,,,,0,,,,0,,20134,20149,4,5:3,20136,20151,4,5:3,20137,20152,4,5:3,20153,20156,4,1:3,,,,,,20,4,8,1
dense,1,281,6,c,3,0,18176,4,20168,20168,,20189,20188,20200,20201,,,0,,,,0,,,,0,,20170,20185,4,5:3,20172,20187,4,5:3,20173,20188,4,5:3,20189,20192,4,1:3,,,,,,20,4,8,1
dense,1,282,6,c,4,0,18304,4,20204,20204,,20225,20224,20236,20237,,,0,,,,0,,,,0,,20206,20221,4,5:3,20208,20223,4,5:3,20209,20224,4,5:3,20225,20228,4,1:3,,,,,,20,4,8,1
dense,1,283,6,c,5,0,18432,4,20240,20240,,20261,20260,20272,20273,,,0,,,,0,,,,0,,20242,20257,4,5:3,20244,20259,4,5:3,20245,20260,4,5:3,20261,20264,4,1:3,,,,,,20,4,8,1
dense,1,284,6,c,6,0,18560,4,20276,20276,,20297,20296,20308,20309,,,0,,,,0,,,,0,,20278,20293,4,5:3,20280,20295,4,5:3,20281,20296,4,5:3,20297,20300,4,1:3,,,,,,20,4,8,1
dense,1,285,6,c,7,0,18688,4,20312,20312,,20333,20332,20344,20345,,,0,,,,0,,,,0,,20314,20329,4,5:3,20316,20331,4,5:3,20317,20332,4,5:3,20333,20336,4,1:3,,,,,,20,4,8,1
dense,1,286,7,a,0,0,2112,16,20354,20354,20355,,,,20398,20365,20380,16,1:15,20381,20396,16,1:15,20382,20397,16,1:15,,,0,,,,0,,,,0,,,,0,,1,10,15,17,1,,,,
dense,1,287,7,a,0,16,2240,16,20401,20401,20402,,,,20445,20412,20427,16,1:15,20428,20443,16,1:15,20429,20444,16,1:15,,,0,,,,0,,,,0,,,,0,,1,10,15,17,1,,,,
dense,1,288,7,a,1,0,2368,16,20448,20448,20449,,,,20492,20459,20474,16,1:15,20475,20490,16,1:15,20476,20491,16,1:15,,,0,,,,0,,,,0,,,,0,,1,10,15,17,1,,,,
dense,1,289,7,a,1,16,2496,16,20495,20495,20496,,,,20539,20506,20521,16,1:15,20522,20537,16,1:15,20523,20538,16,1:15,,,0,,,,0,,,,0,,,,0,,1,10,15,17,1,,,,
dense,1,290,7,a,2,0,2624,16,20542,20542,20543,,,,20586,20553,20568,16,1:15,20569,20584,16,1:15,20570,20585,16,1:15,,,0,,,,0,,,,0,,,,0,,1,10,15,17,1,,,,
dense,1,291,7,a,2,16,2752,16,20589,20589,20590,,,,20633,20600,20615,16,1:15,20616,20631,16,1:15,20617,20632,16,1:15,,,0,,,,0,,,,0,,,,0,,1,10,15,17,1,,,,
dense,1,292,7,a,3,0,2880,16,20636,20636,20637,,,,20680,20647,20662,16,1:15,20663,20678,16,1:15,20664,20679,16,1:15,,,0,,,,0,,,,0,,,,0,,1,10,15,17,1,,,,
dense,1,293,7,a,3,16,3008,16,20683,20683,20684,,,,20727,20694,20709,16,1:15,20710,20725,16,1:15,20711,20726,16,1:15,,,0,,,,0,,,,0,,,,0,,1,10,15,17,1,,,,
dense,1,294,7,a,4,0,3136,16,20730,20730,20731,,,,20774,20741,20756,16,1:15,20757,20772,16,1:15,20758,20773,16,1:15,,,0,,,,0,,,,0,,,,0,,1,10,15,17,1,,,,
dense,1,295,7,a,4,16,3264,16,20777,20777,20778,,,,20821,20788,20803,16,1:15,20804,20819,16,1:15,20805,20820,16,1:15,,,0,,,,0,,,,0,,,,0,,1,10,15,17,1,,,,
dense,1,296,7,a,5,0,3392,16,20824,20824,20825,,,,20868,20835,20850,16,1:15,20851,20866,16,1:15,20852,20867,16,1:15,,,0,,,,0,,,,0,,,,0,,1,10,15,17,1,,,,
dense,1,297,7,a,5,16,3520,16,20871,20871,20872,,,,20915,20882,20897,16,1:15,20898,20913,16,1:15,20899,20914,16,1:15,,,0,,,,0,,,,0,,,,0,,1,10,15,17,1,,,,
dense,1,298,7,a,6,0,3648,16,20918,20918,20919,,,,20962,20929,20944,16,1:15,20945,20960,16,1:15,20946,20961,16,1:15,,,0,,,,0,,,,0,,,,0,,1,10,15,17,1,,,,
dense,1,299,7,a,6,16,3776,16,20965,20965,20966,,,,21009,20976,20991,16,1:15,20992,21007,16,1:15,20993,21008,16,1:15,,,0,,,,0,,,,0,,,,0,,1,10,15,17,1,,,,
dense,1,300,7,a,7,0,3904,16,21012,21012,21013,,,,21056,21023,21038,16,1:15,21039,21054,16,1:15,21040,21055,16,1:15,,,0,,,,0,,,,0,,,,0,,1,10,15,17,1,,,,
dense,1,301,7,a,7,16,4032,8,21059,21059,21060,,,,21087,21070,21077,8,1:7,21078,21085,8,1:7,21079,21086,8,1:7,,,0,,,,0,,,,0,,,,0,,1,10,7,9,1,,,,
dense,1,302,7,a,7,24,4096,8,21090,21090,21091,,,,21118,21101,21108,8,1:7,21109,21116,8,1:7,21110,21117,8,1:7,,,0,,,,0,,,,0,,,,0,,1,10,7,9,1,,,,
dense,1,303,7,bt,0,0,14528,16,21126,21126,21127,,,,21170,21137,21152,16,1:15,21153,21168,16,1:15,21154,21169,16,1:15,,,0,,,,0,,,,0,,,,0,,1,10,15,17,1,,,,
dense,1,304,7,bt,0,16,14656,16,21173,21173,21174,,,,21217,21184,21199,16,1:15,21200,21215,16,1:15,21201,21216,16,1:15,,,0,,,,0,,,,0,,,,0,,1,10,15,17,1,,,,
dense,1,305,7,bt,1,0,14784,16,21220,21220,21221,,,,21264,21231,21246,16,1:15,21247,21262,16,1:15,21248,21263,16,1:15,,,0,,,,0,,,,0,,,,0,,1,10,15,17,1,,,,
dense,1,306,7,bt,1,16,14912,16,21267,21267,21268,,,,21311,21278,21293,16,1:15,21294,21309,16,1:15,21295,21310,16,1:15,,,0,,,,0,,,,0,,,,0,,1,10,15,17,1,,,,
dense,1,307,7,bt,2,0,15040,16,21314,21314,21315,,,,21358,21325,21340,16,1:15,21341,21356,16,1:15,21342,21357,16,1:15,,,0,,,,0,,,,0,,,,0,,1,10,15,17,1,,,,
dense,1,308,7,bt,2,16,15168,16,21361,21361,21362,,,,21405,21372,21387,16,1:15,21388,21403,16,1:15,21389,21404,16,1:15,,,0,,,,0,,,,0,,,,0,,1,10,15,17,1,,,,
dense,1,309,7,bt,3,0,15296,16,21408,21408,21409,,,,21452,21419,21434,16,1:15,21435,21450,16,1:15,21436,21451,16,1:15,,,0,,,,0,,,,0,,,,0,,1,10,15,17,1,,,,
dense,1,310,7,bt,3,16,15424,16,21455,21455,21456,,,,21499,21466,21481,16,1:15,21482,21497,16,1:15,21483,21498,16,1:15,,,0,,,,0,,,,0,,,,0,,1,10,15,17,1,,,,
dense,1,311,7,bt,4,0,15552,16,21502,21502,21503,,,,21546,21513,21528,16,1:15,21529,21544,16,1:15,21530,21545,16,1:15,,,0,,,,0,,,,0,,,,0,,1,10,15,17,1,,,,
dense,1,312,7,bt,4,16,15680,16,21549,21549,21550,,,,21593,21560,21575,16,1:15,21576,21591,16,1:15,21577,21592,16,1:15,,,0,,,,0,,,,0,,,,0,,1,10,15,17,1,,,,
dense,1,313,7,bt,5,0,15808,16,21596,21596,21597,,,,21640,21607,21622,16,1:15,21623,21638,16,1:15,21624,21639,16,1:15,,,0,,,,0,,,,0,,,,0,,1,10,15,17,1,,,,
dense,1,314,7,bt,5,16,15936,16,21643,21643,21644,,,,21687,21654,21669,16,1:15,21670,21685,16,1:15,21671,21686,16,1:15,,,0,,,,0,,,,0,,,,0,,1,10,15,17,1,,,,
dense,1,315,7,bt,6,0,16064,16,21690,21690,21691,,,,21734,21701,21716,16,1:15,21717,21732,16,1:15,21718,21733,16,1:15,,,0,,,,0,,,,0,,,,0,,1,10,15,17,1,,,,
dense,1,316,7,bt,6,16,16192,16,21737,21737,21738,,,,21781,21748,21763,16,1:15,21764,21779,16,1:15,21765,21780,16,1:15,,,0,,,,0,,,,0,,,,0,,1,10,15,17,1,,,,
dense,1,317,7,bt,7,0,16320,8,21784,21784,21785,,,,21812,21795,21802,8,1:7,21803,21810,8,1:7,21804,21811,8,1:7,,,0,,,,0,,,,0,,,,0,,1,10,7,9,1,,,,
dense,1,318,7,bt,7,8,16384,16,21815,21815,21816,,,,21859,21826,21841,16,1:15,21842,21857,16,1:15,21843,21858,16,1:15,,,0,,,,0,,,,0,,,,0,,1,10,15,17,1,,,,
dense,1,319,7,bt,7,24,16512,8,21862,21862,21863,,,,21890,21873,21880,8,1:7,21881,21888,8,1:7,21882,21889,8,1:7,,,0,,,,0,,,,0,,,,0,,1,10,7,9,1,,,,
dense,1,320,7,c,0,0,17824,4,22984,22984,,23005,23004,23016,23017,,,0,,,,0,,,,0,,22986,23001,4,5:3,22988,23003,4,5:3,22989,23004,4,5:3,23005,23008,4,1:3,,,,,,20,4,8,1
dense,1,321,7,c,1,0,17952,4,23020,23020,,23041,23040,23052,23053,,,0,,,,0,,,,0,,23022,23037,4,5:3,23024,23039,4,5:3,23025,23040,4,5:3,23041,23044,4,1:3,,,,,,20,4,8,1
dense,1,322,7,c,2,0,18080,4,23056,23056,,23077,23076,23088,23089,,,0,,,,0,,,,0,,23058,23073,4,5:3,23060,23075,4,5:3,23061,23076,4,5:3,23077,23080,4,1:3,,,,,,20,4,8,1
dense,1,323,7,c,3,0,18208,4,23092,23092,,23113,23112,23124,23125,,,0,,,,0,,,,0,,23094,23109,4,5:3,23096,23111,4,5:3,23097,23112,4,5:3,23113,23116,4,1:3,,,,,,20,4,8,1
dense,1,324,7,c,4,0,18336,4,23128,23128,,23149,23148,23160,23161,,,0,,,,0,,,,0,,23130,23145,4,5:3,23132,23147,4,5:3,23133,23148,4,5:3,23149,23152,4,1:3,,,,,,20,4,8,1
dense,1,325,7,c,5,0,18464,4,23164,23164,,23185,23184,23196,23197,,,0,,,,0,,,,0,,23166,23181,4,5:3,23168,23183,4,5:3,23169,23184,4,5:3,23185,23188,4,1:3,,,,,,20,4,8,1
dense,1,326,7,c,6,0,18592,4,23200,23200,,23221,23220,23232,23233,,,0,,,,0,,,,0,,23202,23217,4,5:3,23204,23219,4,5:3,23205,23220,4,5:3,23221,23224,4,1:3,,,,,,20,4,8,1
dense,1,327,7,c,7,0,18720,4,23236,23236,,23257,23256,23268,23269,,,0,,,,0,,,,0,,23238,23253,4,5:3,23240,23255,4,5:3,23241,23256,4,5:3,23257,23260,4,1:3,,,,,,20,4,8,1
dense,1,328,8,a,0,0,4160,16,23278,23278,23279,,,,23322,23289,23304,16,1:15,23305,23320,16,1:15,23306,23321,16,1:15,,,0,,,,0,,,,0,,,,0,,1,10,15,17,1,,,,
dense,1,329,8,a,0,16,4288,16,23325,23325,23326,,,,23369,23336,23351,16,1:15,23352,23367,16,1:15,23353,23368,16,1:15,,,0,,,,0,,,,0,,,,0,,1,10,15,17,1,,,,
dense,1,330,8,a,1,0,4416,16,23372,23372,23373,,,,23416,23383,23398,16,1:15,23399,23414,16,1:15,23400,23415,16,1:15,,,0,,,,0,,,,0,,,,0,,1,10,15,17,1,,,,
dense,1,331,8,a,1,16,4544,16,23419,23419,23420,,,,23463,23430,23445,16,1:15,23446,23461,16,1:15,23447,23462,16,1:15,,,0,,,,0,,,,0,,,,0,,1,10,15,17,1,,,,
dense,1,332,8,a,2,0,4672,16,23466,23466,23467,,,,23510,23477,23492,16,1:15,23493,23508,16,1:15,23494,23509,16,1:15,,,0,,,,0,,,,0,,,,0,,1,10,15,17,1,,,,
dense,1,333,8,a,2,16,4800,16,23513,23513,23514,,,,23557,23524,23539,16,1:15,23540,23555,16,1:15,23541,23556,16,1:15,,,0,,,,0,,,,0,,,,0,,1,10,15,17,1,,,,
dense,1,334,8,a,3,0,4928,16,23560,23560,23561,,,,23604,23571,23586,16,1:15,23587,23602,16,1:15,23588,23603,16,1:15,,,0,,,,0,,,,0,,,,0,,1,10,15,17,1,,,,
dense,1,335,8,a,3,16,5056,16,23607,23607,23608,,,,23651,23618,23633,16,1:15,23634,23649,16,1:15,23635,23650,16,1:15,,,0,,,,0,,,,0,,,,0,,1,10,15,17,1,,,,
dense,1,336,8,a,4,0,5184,16,23654,23654,23655,,,,23698,23665,23680,16,1:15,23681,23696,16,1:15,23682,23697,16,1:15,,,0,,,,0,,,,0,,,,0,,1,10,15,17,1,,,,
dense,1,337,8,a,4,16,5312,16,23701,23701,23702,,,,23745,23712,23727,16,1:15,23728,23743,16,1:15,23729,23744,16,1:15,,,0,,,,0,,,,0,,,,0,,1,10,15,17,1,,,,
dense,1,338,8,a,5,0,5440,16,23748,23748,23749,,,,23792,23759,23774,16,1:15,23775,23790,16,1:15,23776,23791,16,1:15,,,0,,,,0,,,,0,,,,0,,1,10,15,17,1,,,,
dense,1,339,8,a,5,16,5568,16,23795,23795,23796,,,,23839,23806,23821,16,1:15,23822,23837,16,1:15,23823,23838,16,1:15,,,0,,,,0,,,,0,,,,0,,1,10,15,17,1,,,,
dense,1,340,8,a,6,0,5696,16,23842,23842,23843,,,,23886,23853,23868,16,1:15,23869,23884,16,1:15,23870,23885,16,1:15,,,0,,,,0,,,,0,,,,0,,1,10,15,17,1,,,,
dense,1,341,8,a,6,16,5824,16,23889,23889,23890,,,,23933,23900,23915,16,1:15,23916,23931,16,1:15,23917,23932,16,1:15,,,0,,,,0,,,,0,,,,0,,1,10,15,17,1,,,,
dense,1,342,8,a,7,0,5952,16,23936,23936,23937,,,,23980,23947,23962,16,1:15,23963,23978,16,1:15,23964,23979,16,1:15,,,0,,,,0,,,,0,,,,0,,1,10,15,17,1,,,,
dense,1,343,8,a,7,16,6080,16,23983,23983,23984,,,,24027,23994,24009,16,1:15,24010,24025,16,1:15,24011,24026,16,1:15,,,0,,,,0,,,,0,,,,0,,1,10,15,17,1,,,,
dense,1,344,8,bt,0,0,8384,16,24035,24035,24036,,,,24079,24046,24061,16,1:15,24062,24077,16,1:15,24063,24078,16,1:15,,,0,,,,0,,,,0,,,,0,,1,10,15,17,1,,,,
dense,1,345,8,bt,0,16,8512,16,24082,24082,24083,,,,24126,24093,24108,16,1:15,24109,24124,16,1:15,24110,24125,16,1:15,,,0,,,,0,,,,0,,,,0,,1,10,15,17,1,,,,
dense,1,346,8,bt,1,0,8640,16,24129,24129,24130,,,,24173,24140,24155,16,1:15,24156,24171,16,1:15,24157,24172,16,1:15,,,0,,,,0,,,,0,,,,0,,1,10,15,17,1,,,,
dense,1,347,8,bt,1,16,8768,16,24176,24176,24177,,,,24220,24187,24202,16,1:15,24203,24218,16,1:15,24204,24219,16,1:15,,,0,,,,0,,,,0,,,,0,,1,10,15,17,1,,,,
dense,1,348,8,bt,2,0,8896,16,24223,24223,24224,,,,24267,24234,24249,16,1:15,24250,24265,16,1:15,24251,24266,16,1:15,,,0,,,,0,,,,0,,,,0,,1,10,15,17,1,,,,
dense,1,349,8,bt,2,16,9024,16,24270,24270,24271,,,,24314,24281,24296,16,1:15,24297,24312,16,1:15,24298,24313,16,1:15,,,0,,,,0,,,,0,,,,0,,1,10,15,17,1,,,,
dense,1,350,8,bt,3,0,9152,16,24317,24317,24318,,,,24361,24328,24343,16,1:15,24344,24359,16,1:15,24345,24360,16,1:15,,,0,,,,0,,,,0,,,,0,,1,10,15,17,1,,,,
dense,1,351,8,bt,3,16,9280,16,24364,24364,24365,,,,24408,24375,24390,16,1:15,24391,24406,16,1:15,24392,24407,16,1:15,,,0,,,,0,,,,0,,,,0,,1,10,15,17,1,,,,
dense,1,352,8,bt,4,0,9408,16,24411,24411,24412,,,,24455,24422,24437,16,1:15,24438,24453,16,1:15,24439,24454,16,1:15,,,0,,,,0,,,,0,,,,0,,1,10,15,17,1,,,,
dense,1,353,8,bt,4,16,9536,16,24458,24458,24459,,,,24502,24469,24484,16,1:15,24485,24500,16,1:15,24486,24501,16,1:15,,,0,,,,0,,,,0,,,,0,,1,10,15,17,1,,,,
dense,1,354,8,bt,5,0,9664,16,24505,24505,24506,,,,24549,24516,24531,16,1:15,24532,24547,16,1:15,24533,24548,16,1:15,,,0,,,,0,,,,0,,,,0,,1,10,15,17,1,,,,
dense,1,355,8,bt,5,16,9792,16,24552,24552,24553,,,,24596,24563,24578,16,1:15,24579,24594,16,1:15,24580,24595,16,1:15,,,0,,,,0,,,,0,,,,0,,1,10,15,17,1,,,,
dense,1,356,8,bt,6,0,9920,16,24599,24599,24600,,,,24643,24610,24625,16,1:15,24626,24641,16,1:15,24627,24642,16,1:15,,,0,,,,0,,,,0,,,,0,,1,10,15,17,1,,,,
dense,1,357,8,bt,6,16,10048,16,24646,24646,24647,,,,24690,24657,24672,16,1:15,24673,24688,16,1:15,24674,24689,16,1:15,,,0,,,,0,,,,0,,,,0,,1,10,15,17,1,,,,
dense,1,358,8,bt,7,0,10176,16,24693,24693,24694,,,,24737,24704,24719,16,1:15,24720,24735,16,1:15,24721,24736,16,1:15,,,0,,,,0,,,,0,,,,0,,1,10,15,17,1,,,,
dense,1,359,8,bt,7,16,10304,16,24740,24740,24741,,,,24784,24751,24766,16,1:15,24767,24782,16,1:15,24768,24783,16,1:15,,,0,,,,0,,,,0,,,,0,,1,10,15,17,1,,,,
dense,1,360,8,c,0,0,18752,4,25878,25878,,25899,25898,25910,25911,,,0,,,,0,,,,0,,25880,25895,4,5:3,25882,25897,4,5:3,25883,25898,4,5:3,25899,25902,4,1:3,,,,,,20,4,8,1
dense,1,361,8,c,1,0,18880,4,25914,25914,,25935,25934,25946,25947,,,0,,,,0,,,,0,,25916,25931,4,5:3,25918,25933,4,5:3,25919,25934,4,5:3,25935,25938,4,1:3,,,,,,20,4,8,1
dense,1,362,8,c,2,0,19008,4,25950,25950,,25971,25970,25982,25983,,,0,,,,0,,,,0,,25952,25967,4,5:3,25954,25969,4,5:3,25955,25970,4,5:3,25971,25974,4,1:3,,,,,,20,4,8,1
dense,1,363,8,c,3,0,19136,4,25986,25986,,26007,26006,26018,26019,,,0,,,,0,,,,0,,25988,26003,4,5:3,25990,26005,4,5:3,25991,26006,4,5:3,26007,26010,4,1:3,,,,,,20,4,8,1
dense,1,364,8,c,4,0,19264,4,26022,26022,,26043,26042,26054,26055,,,0,,,,0,,,,0,,26024,26039,4,5:3,26026,26041,4,5:3,26027,26042,4,5:3,26043,26046,4,1:3,,,,,,20,4,8,1
dense,1,365,8,c,5,0,19392,4,26058,26058,,26079,26078,26090,26091,,,0,,,,0,,,,0,,26060,26075,4,5:3,26062,26077,4,5:3,26063,26078,4,5:3,26079,26082,4,1:3,,,,,,20,4,8,1
dense,1,366,8,c,6,0,19520,4,26094,26094,,26115,26114,26126,26127,,,0,,,,0,,,,0,,26096,26111,4,5:3,26098,26113,4,5:3,26099,26114,4,5:3,26115,26118,4,1:3,,,,,,20,4,8,1
dense,1,367,8,c,7,0,19648,4,26130,26130,,26151,26150,26162,26163,,,0,,,,0,,,,0,,26132,26147,4,5:3,26134,26149,4,5:3,26135,26150,4,5:3,26151,26154,4,1:3,,,,,,20,4,8,1
dense,1,368,9,a,0,0,4160,16,26172,26172,26173,,,,26216,26183,26198,16,1:15,26199,26214,16,1:15,26200,26215,16,1:15,,,0,,,,0,,,,0,,,,0,,1,10,15,17,1,,,,
dense,1,369,9,a,0,16,4288,16,26219,26219,26220,,,,26263,26230,26245,16,1:15,26246,26261,16,1:15,26247,26262,16,1:15,,,0,,,,0,,,,0,,,,0,,1,10,15,17,1,,,,
dense,1,370,9,a,1,0,4416,16,26266,26266,26267,,,,26310,26277,26292,16,1:15,26293,26308,16,1:15,26294,26309,16,1:15,,,0,,,,0,,,,0,,,,0,,1,10,15,17,1,,,,
dense,1,371,9,a,1,16,4544,16,26313,26313,26314,,,,26357,26324,26339,16,1:15,26340,26355,16,1:15,26341,26356,16,1:15,,,0,,,,0,,,,0,,,,0,,1,10,15,17,1,,,,
dense,1,372,9,a,2,0,4672,16,26360,26360,26361,,,,26404,26371,26386,16,1:15,26387,26402,16,1:15,26388,26403,16,1:15,,,0,,,,0,,,,0,,,,0,,1,10,15,17,1,,,,
dense,1,373,9,a,2,16,4800,16,26407,26407,26408,,,,26451,26418,26433,16,1:15,26434,26449,16,1:15,26435,26450,16,1:15,,,0,,,,0,,,,0,,,,0,,1,10,15,17,1,,,,
dense,1,374,9,a,3,0,4928,16,26454,26454,26455,,,,26498,26465,26480,16,1:15,26481,26496,16,1:15,26482,26497,16,1:15,,,0,,,,0,,,,0,,,,0,,1,10,15,17,1,,,,
dense,1,375,9,a,3,16,5056,16,26501,26501,26502,,,,26545,26512,26527,16,1:15,26528,26543,16,1:15,26529,26544,16,1:15,,,0,,,,0,,,,0,,,,0,,1,10,15,17,1,,,,
dense,1,376,9,a,4,0,5184,16,26548,26548,26549,,,,26592,26559,26574,16,1:15,26575,26590,16,1:15,26576,26591,16,1:15,,,0,,,,0,,,,0,,,,0,,1,10,15,17,1,,,,
dense,1,377,9,a,4,16,5312,16,26595,26595,26596,,,,26639,26606,26621,16,1:15,26622,26637,16,1:15,26623,26638,16,1:15,,,0,,,,0,,,,0,,,,0,,1,10,15,17,1,,,,
dense,1,378,9,a,5,0,5440,16,26642,26642,26643,,,,26686,26653,26668,16,1:15,26669,26684,16,1:15,26670,26685,16,1:15,,,0,,,,0,,,,0,,,,0,,1,10,15,17,1,,,,
dense,1,379,9,a,5,16,5568,16,26689,26689,26690,,,,26733,26700,26715,16,1:15,26716,26731,16,1:15,26717,26732,16,1:15,,,0,,,,0,,,,0,,,,0,,1,10,15,17,1,,,,
dense,1,380,9,a,6,0,5696,16,26736,26736,26737,,,,26780,26747,26762,16,1:15,26763,26778,16,1:15,26764,26779,16,1:15,,,0,,,,0,,,,0,,,,0,,1,10,15,17,1,,,,
dense,1,381,9,a,6,16,5824,16,26783,26783,26784,,,,26827,26794,26809,16,1:15,26810,26825,16,1:15,26811,26826,16,1:15,,,0,,,,0,,,,0,,,,0,,1,10,15,17,1,,,,
dense,1,382,9,a,7,0,5952,16,26830,26830,26831,,,,26874,26841,26856,16,1:15,26857,26872,16,1:15,26858,26873,16,1:15,,,0,,,,0,,,,0,,,,0,,1,10,15,17,1,,,,
dense,1,383,9,a,7,16,6080,16,26877,26877,26878,,,,26921,26888,26903,16,1:15,26904,26919,16,1:15,26905,26920,16,1:15,,,0,,,,0,,,,0,,,,0,,1,10,15,17,1,,,,
dense,1,384,9,bt,0,0,10432,16,26929,26929,26930,,,,26973,26940,26955,16,1:15,26956,26971,16,1:15,26957,26972,16,1:15,,,0,,,,0,,,,0,,,,0,,1,10,15,17,1,,,,
dense,1,385,9,bt,0,16,10560,16,26976,26976,26977,,,,27020,26987,27002,16,1:15,27003,27018,16,1:15,27004,27019,16,1:15,,,0,,,,0,,,,0,,,,0,,1,10,15,17,1,,,,
dense,1,386,9,bt,1,0,10688,16,27023,27023,27024,,,,27067,27034,27049,16,1:15,27050,27065,16,1:15,27051,27066,16,1:15,,,0,,,,0,,,,0,,,,0,,1,10,15,17,1,,,,
dense,1,387,9,bt,1,16,10816,16,27070,27070,27071,,,,27114,27081,27096,16,1:15,27097,27112,16,1:15,27098,27113,16,1:15,,,0,,,,0,,,,0,,,,0,,1,10,15,17,1,,,,
dense,1,388,9,bt,2,0,10944,16,27117,27117,27118,,,,27161,27128,27143,16,1:15,27144,27159,16,1:15,27145,27160,16,1:15,,,0,,,,0,,,,0,,,,0,,1,10,15,17,1,,,,
dense,1,389,9,bt,2,16,11072,16,27164,27164,27165,,,,27208,27175,27190,16,1:15,27191,27206,16,1:15,27192,27207,16,1:15,,,0,,,,0,,,,0,,,,0,,1,10,15,17,1,,,,
dense,1,390,9,bt,3,0,11200,16,27211,27211,27212,,,,27255,27222,27237,16,1:15,27238,27253,16,1:15,27239,27254,16,1:15,,,0,,,,0,,,,0,,,,0,,1,10,15,17,1,,,,
dense,1,391,9,bt,3,16,11328,16,27258,27258,27259,,,,27302,27269,27284,16,1:15,27285,27300,16,1:15,27286,27301,16,1:15,,,0,,,,0,,,,0,,,,0,,1,10,15,17,1,,,,
dense,1,392,9,bt,4,0,11456,16,27305,27305,27306,,,,27349,27316,27331,16,1:15,27332,27347,16,1:15,27333,27348,16,1:15,,,0,,,,0,,,,0,,,,0,,1,10,15,17,1,,,,
dense,1,393,9,bt,4,16,11584,16,27352,27352,27353,,,,27396,27363,27378,16,1:15,27379,27394,16,1:15,27380,27395,16,1:15,,,0,,,,0,,,,0,,,,0,,1,10,15,17,1,,,,
dense,1,394,9,bt,5,0,11712,16,27399,27399,27400,,,,27443,27410,27425,16,1:15,27426,27441,16,1:15,27427,27442,16,1:15,,,0,,,,0,,,,0,,,,0,,1,10,15,17,1,,,,
dense,1,395,9,bt,5,16,11840,16,27446,27446,27447,,,,27490,27457,27472,16,1:15,27473,27488,16,1:15,27474,27489,16,1:15,,,0,,,,0,,,,0,,,,0,,1,10,15,17,1,,,,
dense,1,396,9,bt,6,0,11968,16,27493,27493,27494,,,,27537,27504,27519,16,1:15,27520,27535,16,1:15,27521,27536,16,1:15,,,0,,,,0,,,,0,,,,0,,1,10,15,17,1,,,,
dense,1,397,9,bt,6,16,12096,16,27540,27540,27541,,,,27584,27551,27566,16,1:15,27567,27582,16,1:15,27568,27583,16,1:15,,,0,,,,0,,,,0,,,,0,,1,10,15,17,1,,,,
dense,1,398,9,bt,7,0,12224,8,27587,27587,27588,,,,27615,27598,27605,8,1:7,27606,27613,8,1:7,27607,27614,8,1:7,,,0,,,,0,,,,0,,,,0,,1,10,7,9,1,,,,
dense,1,399,9,bt,7,8,12288,16,27618,27618,27619,,,,27662,27629,27644,16,1:15,27645,27660,16,1:15,27646,27661,16,1:15,,,0,,,,0,,,,0,,,,0,,1,10,15,17,1,,,,
dense,1,400,9,bt,7,24,12416,8,27665,27665,27666,,,,27693,27676,27683,8,1:7,27684,27691,8,1:7,27685,27692,8,1:7,,,0,,,,0,,,,0,,,,0,,1,10,7,9,1,,,,
dense,1,401,9,c,0,0,18784,4,28787,28787,,28808,28807,28819,28820,,,0,,,,0,,,,0,,28789,28804,4,5:3,28791,28806,4,5:3,28792,28807,4,5:3,28808,28811,4,1:3,,,,,,20,4,8,1
dense,1,402,9,c,1,0,18912,4,28823,28823,,28844,28843,28855,28856,,,0,,,,0,,,,0,,28825,28840,4,5:3,28827,28842,4,5:3,28828,28843,4,5:3,28844,28847,4,1:3,,,,,,20,4,8,1
dense,1,403,9,c,2,0,19040,4,28859,28859,,28880,28879,28891,28892,,,0,,,,0,,,,0,,28861,28876,4,5:3,28863,28878,4,5:3,28864,28879,4,5:3,28880,28883,4,1:3,,,,,,20,4,8,1
dense,1,404,9,c,3,0,19168,4,28895,28895,,28916,28915,28927,28928,,,0,,,,0,,,,0,,28897,28912,4,5:3,28899,28914,4,5:3,28900,28915,4,5:3,28916,28919,4,1:3,,,,,,20,4,8,1
dense,1,405,9,c,4,0,19296,4,28931,28931,,28952,28951,28963,28964,,,0,,,,0,,,,0,,28933,28948,4,5:3,28935,28950,4,5:3,28936,28951,4,5:3,28952,28955,4,1:3,,,,,,20,4,8,1
dense,1,406,9,c,5,0,19424,4,28967,28967,,28988,28987,28999,29000,,,0,,,,0,,,,0,,28969,28984,4,5:3,28971,28986,4,5:3,28972,28987,4,5:3,28988,28991,4,1:3,,,,,,20,4,8,1
dense,1,407,9,c,6,0,19552,4,29003,29003,,29024,29023,29035,29036,,,0,,,,0,,,,0,,29005,29020,4,5:3,29007,29022,4,5:3,29008,29023,4,5:3,29024,29027,4,1:3,,,,,,20,4,8,1
dense,1,408,9,c,7,0,19680,4,29039,29039,,29060,29059,29071,29072,,,0,,,,0,,,,0,,29041,29056,4,5:3,29043,29058,4,5:3,29044,29059,4,5:3,29060,29063,4,1:3,,,,,,20,4,8,1
dense,1,409,10,a,0,0,4160,16,29081,29081,29082,,,,29125,29092,29107,16,1:15,29108,29123,16,1:15,29109,29124,16,1:15,,,0,,,,0,,,,0,,,,0,,1,10,15,17,1,,,,
dense,1,410,10,a,0,16,4288,16,29128,29128,29129,,,,29172,29139,29154,16,1:15,29155,29170,16,1:15,29156,29171,16,1:15,,,0,,,,0,,,,0,,,,0,,1,10,15,17,1,,,,
dense,1,411,10,a,1,0,4416,16,29175,29175,29176,,,,29219,29186,29201,16,1:15,29202,29217,16,1:15,29203,29218,16,1:15,,,0,,,,0,,,,0,,,,0,,1,10,15,17,1,,,,
dense,1,412,10,a,1,16,4544,16,29222,29222,29223,,,,29266,29233,29248,16,1:15,29249,29264,16,1:15,29250,29265,16,1:15,,,0,,,,0,,,,0,,,,0,,1,10,15,17,1,,,,
dense,1,413,10,a,2,0,4672,16,29269,29269,29270,,,,29313,29280,29295,16,1:15,29296,29311,16,1:15,29297,29312,16,1:15,,,0,,,,0,,,,0,,,,0,,1,10,15,17,1,,,,
dense,1,414,10,a,2,16,4800,16,29316,29316,29317,,,,29360,29327,29342,16,1:15,29343,29358,16,1:15,29344,29359,16,1:15,,,0,,,,0,,,,0,,,,0,,1,10,15,17,1,,,,
dense,1,415,10,a,3,0,4928,16,29363,29363,29364,,,,29407,29374,29389,16,1:15,29390,29405,16,1:15,29391,29406,16,1:15,,,0,,,,0,,,,0,,,,0,,1,10,15,17,1,,,,
dense,1,416,10,a,3,16,5056,16,29410,29410,29411,,,,29454,29421,29436,16,1:15,29437,29452,16,1:15,29438,29453,16,1:15,,,0,,,,0,,,,0,,,,0,,1,10,15,17,1,,,,
dense,1,417,10,a,4,0,5184,16,29457,29457,29458,,,,29501,29468,29483,16,1:15,29484,29499,16,1:15,29485,29500,16,1:15,,,0,,,,0,,,,0,,,,0,,1,10,15,17,1,,,,
dense,1,418,10,a,4,16,5312,16,29504,29504,29505,,,,29548,29515,29530,16,1:15,29531,29546,16,1:15,29532,29547,16,1:15,,,0,,,,0,,,,0,,,,0,,1,10,15,17,1,,,,
dense,1,419,10,a,5,0,5440,16,29551,29551,29552,,,,29595,29562,29577,16,1:15,29578,29593,16,1:15,29579,29594,16,1:15,,,0,,,,0,,,,0,,,,0,,1,10,15,17,1,,,,
dense,1,420,10,a,5,16,5568,16,29598,29598,29599,,,,29642,29609,29624,16,1:15,29625,29640,16,1:15,29626,29641,16,1:15,,,0,,,,0,,,,0,,,,0,,1,10,15,17,1,,,,
dense,1,421,10,a,6,0,5696,16,29645,29645,29646,,,,29689,29656,29671,16,1:15,29672,29687,16,1:15,29673,29688,16,1:15,,,0,,,,0,,,,0,,,,0,,1,10,15,17,1,,,,
dense,1,422,10,a,6,16,5824,16,29692,29692,29693,,,,29736,29703,29718,16,1:15,29719,29734,16,1:15,29720,29735,16,1:15,,,0,,,,0,,,,0,,,,0,,1,10,15,17,1,,,,
dense,1,423,10,a,7,0,5952,16,29739,29739,29740,,,,29783,29750,29765,16,1:15,29766,29781,16,1:15,29767,29782,16,1:15,,,0,,,,0,,,,0,,,,0,,1,10,15,17,1,,,,
dense,1,424,10,a,7,16,6080,16,29786,29786,29787,,,,29830,29797,29812,16,1:15,29813,29828,16,1:15,29814,29829,16,1:15,,,0,,,,0,,,,0,,,,0,,1,10,15,17,1,,,,
dense,1,425,10,bt,0,0,12480,16,29838,29838,29839,,,,29882,29849,29864,16,1:15,29865,29880,16,1:15,29866,29881,16,1:15,,,0,,,,0,,,,0,,,,0,,1,10,15,17,1,,,,
dense,1,426,10,bt,0,16,12608,16,29885,29885,29886,,,,29929,29896,29911,16,1:15,29912,29927,16,1:15,29913,29928,16,1:15,,,0,,,,0,,,,0,,,,0,,1,10,15,17,1,,,,
dense,1,427,10,bt,1,0,12736,16,29932,29932,29933,,,,29976,29943,29958,16,1:15,29959,29974,16,1:15,29960,29975,16,1:15,,,0,,,,0,,,,0,,,,0,,1,10,15,17,1,,,,
dense,1,428,10,bt,1,16,12864,16,29979,29979,29980,,,,30023,29990,30005,16,1:15,30006,30021,16,1:15,30007,30022,16,1:15,,,0,,,,0,,,,0,,,,0,,1,10,15,17,1,,,,
dense,1,429,10,bt,2,0,12992,16,30026,30026,30027,,,,30070,30037,30052,16,1:15,30053,30068,16,1:15,30054,30069,16,1:15,,,0,,,,0,,,,0,,,,0,,1,10,15,17,1,,,,
dense,1,430,10,bt,2,16,13120,16,30073,30073,30074,,,,30117,30084,30099,16,1:15,30100,30115,16,1:15,30101,30116,16,1:15,,,0,,,,0,,,,0,,,,0,,1,10,15,17,1,,,,
dense,1,431,10,bt,3,0,13248,16,30120,30120,30121,,,,30164,30131,30146,16,1:15,30147,30162,16,1:15,30148,30163,16,1:15,,,0,,,,0,,,,0,,,,0,,1,10,15,17,1,,,,
dense,1,432,10,bt,3,16,13376,16,30167,30167,30168,,,,30211,30178,30193,16,1:15,30194,30209,16,1:15,30195,30210,16,1:15,,,0,,,,0,,,,0,,,,0,,1,10,15,17,1,,,,
dense,1,433,10,bt,4,0,13504,16,30214,30214,30215,,,,30258,30225,30240,16,1:15,30241,30256,16,1:15,30242,30257,16,1:15,,,0,,,,0,,,,0,,,,0,,1,10,15,17,1,,,,
dense,1,434,10,bt,4,16,13632,16,30261,30261,30262,,,,30305,30272,30287,16,1:15,30288,30303,16,1:15,30289,30304,16,1:15,,,0,,,,0,,,,0,,,,0,,1,10,15,17,1,,,,
dense,1,435,10,bt,5,0,13760,16,30308,30308,30309,,,,30352,30319,30334,16,1:15,30335,30350,16,1:15,30336,30351,16,1:15,,,0,,,,0,,,,0,,,,0,,1,10,15,17,1,,,,
dense,1,436,10,bt,5,16,13888,16,30355,30355,30356,,,,30399,30366,30381,16,1:15,30382,30397,16,1:15,30383,30398,16,1:15,,,0,,,,0,,,,0,,,,0,,1,10,15,17,1,,,,
dense,1,437,10,bt,6,0,14016,16,30402,30402,30403,,,,30446,30413,30428,16,1:15,30429,30444,16,1:15,30430,30445,16,1:15,,,0,,,,0,,,,0,,,,0,,1,10,15,17,1,,,,
dense,1,438,10,bt,6,16,14144,16,30449,30449,30450,,,,30493,30460,30475,16,1:15,30476,30491,16,1:15,30477,30492,16,1:15,,,0,,,,0,,,,0,,,,0,,1,10,15,17,1,,,,
dense,1,439,10,bt,7,0,14272,16,30496,30496,30497,,,,30540,30507,30522,16,1:15,30523,30538,16,1:15,30524,30539,16,1:15,,,0,,,,0,,,,0,,,,0,,1,10,15,17,1,,,,
dense,1,440,10,bt,7,16,14400,16,30543,30543,30544,,,,30587,30554,30569,16,1:15,30570,30585,16,1:15,30571,30586,16,1:15,,,0,,,,0,,,,0,,,,0,,1,10,15,17,1,,,,
dense,1,441,10,c,0,0,18816,4,31681,31681,,31702,31701,31713,31714,,,0,,,,0,,,,0,,31683,31698,4,5:3,31685,31700,4,5:3,31686,31701,4,5:3,31702,31705,4,1:3,,,,,,20,4,8,1
dense,1,442,10,c,1,0,18944,4,31717,31717,,31738,31737,31749,31750,,,0,,,,0,,,,0,,31719,31734,4,5:3,31721,31736,4,5:3,31722,31737,4,5:3,31738,31741,4,1:3,,,,,,20,4,8,1
dense,1,443,10,c,2,0,19072,4,31753,31753,,31774,31773,31785,31786,,,0,,,,0,,,,0,,31755,31770,4,5:3,31757,31772,4,5:3,31758,31773,4,5:3,31774,31777,4,1:3,,,,,,20,4,8,1
dense,1,444,10,c,3,0,19200,4,31789,31789,,31810,31809,31821,31822,,,0,,,,0,,,,0,,31791,31806,4,5:3,31793,31808,4,5:3,31794,31809,4,5:3,31810,31813,4,1:3,,,,,,20,4,8,1
dense,1,445,10,c,4,0,19328,4,31825,31825,,31846,31845,31857,31858,,,0,,,,0,,,,0,,31827,31842,4,5:3,31829,31844,4,5:3,31830,31845,4,5:3,31846,31849,4,1:3,,,,,,20,4,8,1
dense,1,446,10,c,5,0,19456,4,31861,31861,,31882,31881,31893,31894,,,0,,,,0,,,,0,,31863,31878,4,5:3,31865,31880,4,5:3,31866,31881,4,5:3,31882,31885,4,1:3,,,,,,20,4,8,1
dense,1,447,10,c,6,0,19584,4,31897,31897,,31918,31917,31929,31930,,,0,,,,0,,,,0,,31899,31914,4,5:3,31901,31916,4,5:3,31902,31917,4,5:3,31918,31921,4,1:3,,,,,,20,4,8,1
dense,1,448,10,c,7,0,19712,4,31933,31933,,31954,31953,31965,31966,,,0,,,,0,,,,0,,31935,31950,4,5:3,31937,31952,4,5:3,31938,31953,4,5:3,31954,31957,4,1:3,,,,,,20,4,8,1
dense,1,449,11,a,0,0,4160,16,31975,31975,31976,,,,32019,31986,32001,16,1:15,32002,32017,16,1:15,32003,32018,16,1:15,,,0,,,,0,,,,0,,,,0,,1,10,15,17,1,,,,
dense,1,450,11,a,0,16,4288,16,32022,32022,32023,,,,32066,32033,32048,16,1:15,32049,32064,16,1:15,32050,32065,16,1:15,,,0,,,,0,,,,0,,,,0,,1,10,15,17,1,,,,
dense,1,451,11,a,1,0,4416,16,32069,32069,32070,,,,32113,32080,32095,16,1:15,32096,32111,16,1:15,32097,32112,16,1:15,,,0,,,,0,,,,0,,,,0,,1,10,15,17,1,,,,
dense,1,452,11,a,1,16,4544,16,32116,32116,32117,,,,32160,32127,32142,16,1:15,32143,32158,16,1:15,32144,32159,16,1:15,,,0,,,,0,,,,0,,,,0,,1,10,15,17,1,,,,
dense,1,453,11,a,2,0,4672,16,32163,32163,32164,,,,32207,32174,32189,16,1:15,32190,32205,16,1:15,32191,32206,16,1:15,,,0,,,,0,,,,0,,,,0,,1,10,15,17,1,,,,
dense,1,454,11,a,2,16,4800,16,32210,32210,32211,,,,32254,32221,32236,16,1:15,32237,32252,16,1:15,32238,32253,16,1:15,,,0,,,,0,,,,0,,,,0,,1,10,15,17,1,,,,
dense,1,455,11,a,3,0,4928,16,32257,32257,32258,,,,32301,32268,32283,16,1:15,32284,32299,16,1:15,32285,32300,16,1:15,,,0,,,,0,,,,0,,,,0,,1,10,15,17,1,,,,
dense,1,456,11,a,3,16,5056,16,32304,32304,32305,,,,32348,32315,32330,16,1:15,32331,32346,16,1:15,32332,32347,16,1:15,,,0,,,,0,,,,0,,,,0,,1,10,15,17,1,,,,
dense,1,457,11,a,4,0,5184,16,32351,32351,32352,,,,32395,32362,32377,16,1:15,32378,32393,16,1:15,32379,32394,16,1:15,,,0,,,,0,,,,0,,,,0,,1,10,15,17,1,,,,
dense,1,458,11,a,4,16,5312,16,32398,32398,32399,,,,32442,32409,32424,16,1:15,32425,32440,16,1:15,32426,32441,16,1:15,,,0,,,,0,,,,0,,,,0,,1,10,15,17,1,,,,
dense,1,459,11,a,5,0,5440,16,32445,32445,32446,,,,32489,32456,32471,16,1:15,32472,32487,16,1:15,32473,32488,16,1:15,,,0,,,,0,,,,0,,,,0,,1,10,15,17,1,,,,
dense,1,460,11,a,5,16,5568,16,32492,32492,32493,,,,32536,32503,32518,16,1:15,32519,32534,16,1:15,32520,32535,16,1:15,,,0,,,,0,,,,0,,,,0,,1,10,15,17,1,,,,
dense,1,461,11,a,6,0,5696,16,32539,32539,32540,,,,32583,32550,32565,16,1:15,32566,32581,16,1:15,32567,32582,16,1:15,,,0,,,,0,,,,0,,,,0,,1,10,15,17,1,,,,
dense,1,462,11,a,6,16,5824,16,32586,32586,32587,,,,32630,32597,32612,16,1:15,32613,32628,16,1:15,32614,32629,16,1:15,,,0,,,,0,,,,0,,,,0,,1,10,15,17,1,,,,
dense,1,463,11,a,7,0,5952,16,32633,32633,32634,,,,32677,32644,32659,16,1:15,32660,32675,16,1:15,32661,32676,16,1:15,,,0,,,,0,,,,0,,,,0,,1,10,15,17,1,,,,
dense,1,464,11,a,7,16,6080,16,32680,32680,32681,,,,32724,32691,32706,16,1:15,32707,32722,16,1:15,32708,32723,16,1:15,,,0,,,,0,,,,0,,,,0,,1,10,15,17,1,,,,
dense,1,465,11,bt,0,0,14528,16,32732,32732,32733,,,,32776,32743,32758,16,1:15,32759,32774,16,1:15,32760,32775,16,1:15,,,0,,,,0,,,,0,,,,0,,1,10,15,17,1,,,,
dense,1,466,11,bt,0,16,14656,16,32779,32779,32780,,,,32823,32790,32805,16,1:15,32806,32821,16,1:15,32807,32822,16,1:15,,,0,,,,0,,,,0,,,,0,,1,10,15,17,1,,,,
dense,1,467,11,bt,1,0,14784,16,32826,32826,32827,,,,32870,32837,32852,16,1:15,32853,32868,16,1:15,32854,32869,16,1:15,,,0,,,,0,,,,0,,,,0,,1,10,15,17,1,,,,
dense,1,468,11,bt,1,16,14912,16,32873,32873,32874,,,,32917,32884,32899,16,1:15,32900,32915,16,1:15,32901,32916,16,1:15,,,0,,,,0,,,,0,,,,0,,1,10,15,17,1,,,,
dense,1,469,11,bt,2,0,15040,16,32920,32920,32921,,,,32964,32931,32946,16,1:15,32947,32962,16,1:15,32948,32963,16,1:15,,,0,,,,0,,,,0,,,,0,,1,10,15,17,1,,,,
dense,1,470,11,bt,2,16,15168,16,32967,32967,32968,,,,33011,32978,32993,16,1:15,32994,33009,16,1:15,32995,33010,16,1:15,,,0,,,,0,,,,0,,,,0,,1,10,15,17,1,,,,
dense,1,471,11,bt,3,0,15296,16,33014,33014,33015,,,,33058,33025,33040,16,1:15,33041,33056,16,1:15,33042,33057,16,1:15,,,0,,,,0,,,,0,,,,0,,1,10,15,17,1,,,,
dense,1,472,11,bt,3,16,15424,16,33061,33061,33062,,,,33105,33072,33087,16,1:15,33088,33103,16,1:15,33089,33104,16,1:15,,,0,,,,0,,,,0,,,,0,,1,10,15,17,1,,,,
dense,1,473,11,bt,4,0,15552,16,33108,33108,33109,,,,33152,33119,33134,16,1:15,33135,33150,16,1:15,33136,33151,16,1:15,,,0,,,,0,,,,0,,,,0,,1,10,15,17,1,,,,
dense,1,474,11,bt,4,16,15680,16,33155,33155,33156,,,,33199,33166,33181,16,1:15,33182,33197,16,1:15,33183,33198,16,1:15,,,0,,,,0,,,,0,,,,0,,1,10,15,17,1,,,,
dense,1,475,11,bt,5,0,15808,16,33202,33202,33203,,,,33246,33213,33228,16,1:15,33229,33244,16,1:15,33230,33245,16,1:15,,,0,,,,0,,,,0,,,,0,,1,10,15,17,1,,,,
dense,1,476,11,bt,5,16,15936,16,33249,33249,33250,,,,33293,33260,33275,16,1:15,33276,33291,16,1:15,33277,33292,16,1:15,,,0,,,,0,,,,0,,,,0,,1,10,15,17,1,,,,
dense,1,477,11,bt,6,0,16064,16,33296,33296,33297,,,,33340,33307,33322,16,1:15,33323,33338,16,1:15,33324,33339,16,1:15,,,0,,,,0,,,,0,,,,0,,1,10,15,17,1,,,,
dense,1,478,11,bt,6,16,16192,16,33343,33343,33344,,,,33387,33354,33369,16,1:15,33370,33385,16,1:15,33371,33386,16,1:15,,,0,,,,0,,,,0,,,,0,,1,10,15,17,1,,,,
dense,1,479,11,bt,7,0,16320,8,33390,33390,33391,,,,33418,33401,33408,8,1:7,33409,33416,8,1:7,33410,33417,8,1:7,,,0,,,,0,,,,0,,,,0,,1,10,7,9,1,,,,
dense,1,480,11,bt,7,8,16384,16,33421,33421,33422,,,,33465,33432,33447,16,1:15,33448,33463,16,1:15,33449,33464,16,1:15,,,0,,,,0,,,,0,,,,0,,1,10,15,17,1,,,,
dense,1,481,11,bt,7,24,16512,8,33468,33468,33469,,,,33496,33479,33486,8,1:7,33487,33494,8,1:7,33488,33495,8,1:7,,,0,,,,0,,,,0,,,,0,,1,10,7,9,1,,,,
dense,1,482,11,c,0,0,18848,4,34590,34590,,34611,34610,34622,34623,,,0,,,,0,,,,0,,34592,34607,4,5:3,34594,34609,4,5:3,34595,34610,4,5:3,34611,34614,4,1:3,,,,,,20,4,8,1
dense,1,483,11,c,1,0,18976,4,34626,34626,,34647,34646,34658,34659,,,0,,,,0,,,,0,,34628,34643,4,5:3,34630,34645,4,5:3,34631,34646,4,5:3,34647,34650,4,1:3,,,,,,20,4,8,1
dense,1,484,11,c,2,0,19104,4,34662,34662,,34683,34682,34694,34695,,,0,,,,0,,,,0,,34664,34679,4,5:3,34666,34681,4,5:3,34667,34682,4,5:3,34683,34686,4,1:3,,,,,,20,4,8,1
dense,1,485,11,c,3,0,19232,4,34698,34698,,34719,34718,34730,34731,,,0,,,,0,,,,0,,34700,34715,4,5:3,34702,34717,4,5:3,34703,34718,4,5:3,34719,34722,4,1:3,,,,,,20,4,8,1
dense,1,486,11,c,4,0,19360,4,34734,34734,,34755,34754,34766,34767,,,0,,,,0,,,,0,,34736,34751,4,5:3,34738,34753,4,5:3,34739,34754,4,5:3,34755,34758,4,1:3,,,,,,20,4,8,1
dense,1,487,11,c,5,0,19488,4,34770,34770,,34791,34790,34802,34803,,,0,,,,0,,,,0,,34772,34787,4,5:3,34774,34789,4,5:3,34775,34790,4,5:3,34791,34794,4,1:3,,,,,,20,4,8,1
dense,1,488,11,c,6,0,19616,4,34806,34806,,34827,34826,34838,34839,,,0,,,,0,,,,0,,34808,34823,4,5:3,34810,34825,4,5:3,34811,34826,4,5:3,34827,34830,4,1:3,,,,,,20,4,8,1
dense,1,489,11,c,7,0,19744,4,34842,34842,,34863,34862,34874,34875,,,0,,,,0,,,,0,,34844,34859,4,5:3,34846,34861,4,5:3,34847,34862,4,5:3,34863,34866,4,1:3,,,,,,20,4,8,1
dense,1,490,12,a,0,0,6208,16,34884,34884,34885,,,,34928,34895,34910,16,1:15,34911,34926,16,1:15,34912,34927,16,1:15,,,0,,,,0,,,,0,,,,0,,1,10,15,17,1,,,,
dense,1,491,12,a,0,16,6336,16,34931,34931,34932,,,,34975,34942,34957,16,1:15,34958,34973,16,1:15,34959,34974,16,1:15,,,0,,,,0,,,,0,,,,0,,1,10,15,17,1,,,,
dense,1,492,12,a,1,0,6464,16,34978,34978,34979,,,,35022,34989,35004,16,1:15,35005,35020,16,1:15,35006,35021,16,1:15,,,0,,,,0,,,,0,,,,0,,1,10,15,17,1,,,,
dense,1,493,12,a,1,16,6592,16,35025,35025,35026,,,,35069,35036,35051,16,1:15,35052,35067,16,1:15,35053,35068,16,1:15,,,0,,,,0,,,,0,,,,0,,1,10,15,17,1,,,,
dense,1,494,12,a,2,0,6720,16,35072,35072,35073,,,,35116,35083,35098,16,1:15,35099,35114,16,1:15,35100,35115,16,1:15,,,0,,,,0,,,,0,,,,0,,1,10,15,17,1,,,,
dense,1,495,12,a,2,16,6848,16,35119,35119,35120,,,,35163,35130,35145,16,1:15,35146,35161,16,1:15,35147,35162,16,1:15,,,0,,,,0,,,,0,,,,0,,1,10,15,17,1,,,,
dense,1,496,12,a,3,0,6976,16,35166,35166,35167,,,,35210,35177,35192,16,1:15,35193,35208,16,1:15,35194,35209,16,1:15,,,0,,,,0,,,,0,,,,0,,1,10,15,17,1,,,,
dense,1,497,12,a,3,16,7104,16,35213,35213,35214,,,,35257,35224,35239,16,1:15,35240,35255,16,1:15,35241,35256,16,1:15,,,0,,,,0,,,,0,,,,0,,1,10,15,17,1,,,,
dense,1,498,12,a,4,0,7232,16,35260,35260,35261,,,,35304,35271,35286,16,1:15,35287,35302,16,1:15,35288,35303,16,1:15,,,0,,,,0,,,,0,,,,0,,1,10,15,17,1,,,,
dense,1,499,12,a,4,16,7360,16,35307,35307,35308,,,,35351,35318,35333,16,1:15,35334,35349,16,1:15,35335,35350,16,1:15,,,0,,,,0,,,,0,,,,0,,1,10,15,17,1,,,,
dense,1,500,12,a,5,0,7488,16,35354,35354,35355,,,,35398,35365,35380,16,1:15,35381,35396,16,1:15,35382,35397,16,1:15,,,0,,,,0,,,,0,,,,0,,1,10,15,17,1,,,,
dense,1,501,12,a,5,16,7616,16,35401,35401,35402,,,,35445,35412,35427,16,1:15,35428,35443,16,1:15,35429,35444,16,1:15,,,0,,,,0,,,,0,,,,0,,1,10,15,17,1,,,,
dense,1,502,12,a,6,0,7744,16,35448,35448,35449,,,,35492,35459,35474,16,1:15,35475,35490,16,1:15,35476,35491,16,1:15,,,0,,,,0,,,,0,,,,0,,1,10,15,17,1,,,,
dense,1,503,12,a,6,16,7872,16,35495,35495,35496,,,,35539,35506,35521,16,1:15,35522,35537,16,1:15,35523,35538,16,1:15,,,0,,,,0,,,,0,,,,0,,1,10,15,17,1,,,,
dense,1,504,12,a,7,0,8000,16,35542,35542,35543,,,,35586,35553,35568,16,1:15,35569,35584,16,1:15,35570,35585,16,1:15,,,0,,,,0,,,,0,,,,0,,1,10,15,17,1,,,,
dense,1,505,12,a,7,16,8128,8,35589,35589,35590,,,,35617,35600,35607,8,1:7,35608,35615,8,1:7,35609,35616,8,1:7,,,0,,,,0,,,,0,,,,0,,1,10,7,9,1,,,,
dense,1,506,12,a,7,24,8192,8,35620,35620,35621,,,,35648,35631,35638,8,1:7,35639,35646,8,1:7,35640,35647,8,1:7,,,0,,,,0,,,,0,,,,0,,1,10,7,9,1,,,,
dense,1,507,12,bt,0,0,8384,16,35656,35656,35657,,,,35700,35667,35682,16,1:15,35683,35698,16,1:15,35684,35699,16,1:15,,,0,,,,0,,,,0,,,,0,,1,10,15,17,1,,,,
dense,1,508,12,bt,0,16,8512,16,35703,35703,35704,,,,35747,35714,35729,16,1:15,35730,35745,16,1:15,35731,35746,16,1:15,,,0,,,,0,,,,0,,,,0,,1,10,15,17,1,,,,
dense,1,509,12,bt,1,0,8640,16,35750,35750,35751,,,,35794,35761,35776,16,1:15,35777,35792,16,1:15,35778,35793,16,1:15,,,0,,,,0,,,,0,,,,0,,1,10,15,17,1,,,,
dense,1,510,12,bt,1,16,8768,16,35797,35797,35798,,,,35841,35808,35823,16,1:15,35824,35839,16,1:15,35825,35840,16,1:15,,,0,,,,0,,,,0,,,,0,,1,10,15,17,1,,,,
dense,1,511,12,bt,2,0,8896,16,35844,35844,35845,,,,35888,35855,35870,16,1:15,35871,35886,16,1:15,35872,35887,16,1:15,,,0,,,,0,,,,0,,,,0,,1,10,15,17,1,,,,
dense,1,512,12,bt,2,16,9024,16,35891,35891,35892,,,,35935,35902,35917,16,1:15,35918,35933,16,1:15,35919,35934,16,1:15,,,0,,,,0,,,,0,,,,0,,1,10,15,17,1,,,,
dense,1,513,12,bt,3,0,9152,16,35938,35938,35939,,,,35982,35949,35964,16,1:15,35965,35980,16,1:15,35966,35981,16,1:15,,,0,,,,0,,,,0,,,,0,,1,10,15,17,1,,,,
dense,1,514,12,bt,3,16,9280,16,35985,35985,35986,,,,36029,35996,36011,16,1:15,36012,36027,16,1:15,36013,36028,16,1:15,,,0,,,,0,,,,0,,,,0,,1,10,15,17,1,,,,
dense,1,515,12,bt,4,0,9408,16,36032,36032,36033,,,,36076,36043,36058,16,1:15,36059,36074,16,1:15,36060,36075,16,1:15,,,0,,,,0,,,,0,,,,0,,1,10,15,17,1,,,,
dense,1,516,12,bt,4,16,9536,16,36079,36079,36080,,,,36123,36090,36105,16,1:15,36106,36121,16,1:15,36107,36122,16,1:15,,,0,,,,0,,,,0,,,,0,,1,10,15,17,1,,,,
dense,1,517,12,bt,5,0,9664,16,36126,36126,36127,,,,36170,36137,36152,16,1:15,36153,36168,16,1:15,36154,36169,16,1:15,,,0,,,,0,,,,0,,,,0,,1,10,15,17,1,,,,
dense,1,518,12,bt,5,16,9792,16,36173,36173,36174,,,,36217,36184,36199,16,1:15,36200,36215,16,1:15,36201,36216,16,1:15,,,0,,,,0,,,,0,,,,0,,1,10,15,17,1,,,,
dense,1,519,12,bt,6,0,9920,16,36220,36220,36221,,,,36264,36231,36246,16,1:15,36247,36262,16,1:15,36248,36263,16,1:15,,,0,,,,0,,,,0,,,,0,,1,10,15,17,1,,,,
dense,1,520,12,bt,6,16,10048,16,36267,36267,36268,,,,36311,36278,36293,16,1:15,36294,36309,16,1:15,36295,36310,16,1:15,,,0,,,,0,,,,0,,,,0,,1,10,15,17,1,,,,
dense,1,521,12,bt,7,0,10176,16,36314,36314,36315,,,,36358,36325,36340,16,1:15,36341,36356,16,1:15,36342,36357,16,1:15,,,0,,,,0,,,,0,,,,0,,1,10,15,17,1,,,,
dense,1,522,12,bt,7,16,10304,16,36361,36361,36362,,,,36405,36372,36387,16,1:15,36388,36403,16,1:15,36389,36404,16,1:15,,,0,,,,0,,,,0,,,,0,,1,10,15,17,1,,,,
dense,1,523,12,c,0,0,19776,4,37499,37499,,37520,37519,37531,37532,,,0,,,,0,,,,0,,37501,37516,4,5:3,37503,37518,4,5:3,37504,37519,4,5:3,37520,37523,4,1:3,,,,,,20,4,8,1
dense,1,524,12,c,1,0,19904,4,37535,37535,,37556,37555,37567,37568,,,0,,,,0,,,,0,,37537,37552,4,5:3,37539,37554,4,5:3,37540,37555,4,5:3,37556,37559,4,1:3,,,,,,20,4,8,1
dense,1,525,12,c,2,0,20032,4,37571,37571,,37592,37591,37603,37604,,,0,,,,0,,,,0,,37573,37588,4,5:3,37575,37590,4,5:3,37576,37591,4,5:3,37592,37595,4,1:3,,,,,,20,4,8,1
dense,1,526,12,c,3,0,20160,4,37607,37607,,37628,37627,37639,37640,,,0,,,,0,,,,0,,37609,37624,4,5:3,37611,37626,4,5:3,37612,37627,4,5:3,37628,37631,4,1:3,,,,,,20,4,8,1
dense,1,527,12,c,4,0,20288,4,37643,37643,,37664,37663,37675,37676,,,0,,,,0,,,,0,,37645,37660,4,5:3,37647,37662,4,5:3,37648,37663,4,5:3,37664,37667,4,1:3,,,,,,20,4,8,1
dense,1,528,12,c,5,0,20416,4,37679,37679,,37700,37699,37711,37712,,,0,,,,0,,,,0,,37681,37696,4,5:3,37683,37698,4,5:3,37684,37699,4,5:3,37700,37703,4,1:3,,,,,,20,4,8,1
dense,1,529,12,c,6,0,20544,4,37715,37715,,37736,37735,37747,37748,,,0,,,,0,,,,0,,37717,37732,4,5:3,37719,37734,4,5:3,37720,37735,4,5:3,37736,37739,4,1:3,,,,,,20,4,8,1
dense,1,530,12,c,7,0,20672,4,37751,37751,,37772,37771,37783,37784,,,0,,,,0,,,,0,,37753,37768,4,5:3,37755,37770,4,5:3,37756,37771,4,5:3,37772,37775,4,1:3,,,,,,20,4,8,1
dense,1,531,13,a,0,0,6208,16,37793,37793,37794,,,,37837,37804,37819,16,1:15,37820,37835,16,1:15,37821,37836,16,1:15,,,0,,,,0,,,,0,,,,0,,1,10,15,17,1,,,,
dense,1,532,13,a,0,16,6336,16,37840,37840,37841,,,,37884,37851,37866,16,1:15,37867,37882,16,1:15,37868,37883,16,1:15,,,0,,,,0,,,,0,,,,0,,1,10,15,17,1,,,,
dense,1,533,13,a,1,0,6464,16,37887,37887,37888,,,,37931,37898,37913,16,1:15,37914,37929,16,1:15,37915,37930,16,1:15,,,0,,,,0,,,,0,,,,0,,1,10,15,17,1,,,,
dense,1,534,13,a,1,16,6592,16,37934,37934,37935,,,,37978,37945,37960,16,1:15,37961,37976,16,1:15,37962,37977,16,1:15,,,0,,,,0,,,,0,,,,0,,1,10,15,17,1,,,,
dense,1,535,13,a,2,0,6720,16,37981,37981,37982,,,,38025,37992,38007,16,1:15,38008,38023,16,1:15,38009,38024,16,1:15,,,0,,,,0,,,,0,,,,0,,1,10,15,17,1,,,,
dense,1,536,13,a,2,16,6848,16,38028,38028,38029,,,,38072,38039,38054,16,1:15,38055,38070,16,1:15,38056,38071,16,1:15,,,0,,,,0,,,,0,,,,0,,1,10,15,17,1,,,,
dense,1,537,13,a,3,0,6976,16,38075,38075,38076,,,,38119,38086,38101,16,1:15,38102,38117,16,1:15,38103,38118,16,1:15,,,0,,,,0,,,,0,,,,0,,1,10,15,17,1,,,,
dense,1,538,13,a,3,16,7104,16,38122,38122,38123,,,,38166,38133,38148,16,1:15,38149,38164,16,1:15,38150,38165,16,1:15,,,0,,,,0,,,,0,,,,0,,1,10,15,17,1,,,,
dense,1,539,13,a,4,0,7232,16,38169,38169,38170,,,,38213,38180,38195,16,1:15,38196,38211,16,1:15,38197,38212,16,1:15,,,0,,,,0,,,,0,,,,0,,1,10,15,17,1,,,,
dense,1,540,13,a,4,16,7360,16,38216,38216,38217,,,,38260,38227,38242,16,1:15,38243,38258,16,1:15,38244,38259,16,1:15,,,0,,,,0,,,,0,,,,0,,1,10,15,17,1,,,,
dense,1,541,13,a,5,0,7488,16,38263,38263,38264,,,,38307,38274,38289,16,1:15,38290,38305,16,1:15,38291,38306,16,1:15,,,0,,,,0,,,,0,,,,0,,1,10,15,17,1,,,,
dense,1,542,13,a,5,16,7616,16,38310,38310,38311,,,,38354,38321,38336,16,1:15,38337,38352,16,1:15,38338,38353,16,1:15,,,0,,,,0,,,,0,,,,0,,1,10,15,17,1,,,,
dense,1,543,13,a,6,0,7744,16,38357,38357,38358,,,,38401,38368,38383,16,1:15,38384,38399,16,1:15,38385,38400,16,1:15,,,0,,,,0,,,,0,,,,0,,1,10,15,17,1,,,,
dense,1,544,13,a,6,16,7872,16,38404,38404,38405,,,,38448,38415,38430,16,1:15,38431,38446,16,1:15,38432,38447,16,1:15,,,0,,,,0,,,,0,,,,0,,1,10,15,17,1,,,,
dense,1,545,13,a,7,0,8000,16,38451,38451,38452,,,,38495,38462,38477,16,1:15,38478,38493,16,1:15,38479,38494,16,1:15,,,0,,,,0,,,,0,,,,0,,1,10,15,17,1,,,,
dense,1,546,13,a,7,16,8128,8,38498,38498,38499,,,,38526,38509,38516,8,1:7,38517,38524,8,1:7,38518,38525,8,1:7,,,0,,,,0,,,,0,,,,0,,1,10,7,9,1,,,,
dense,1,547,13,a,7,24,8192,8,38529,38529,38530,,,,38557,38540,38547,8,1:7,38548,38555,8,1:7,38549,38556,8,1:7,,,0,,,,0,,,,0,,,,0,,1,10,7,9,1,,,,
dense,1,548,13,bt,0,0,10432,16,38565,38565,38566,,,,38609,38576,38591,16,1:15,38592,38607,16,1:15,38593,38608,16,1:15,,,0,,,,0,,,,0,,,,0,,1,10,15,17,1,,,,
dense,1,549,13,bt,0,16,10560,16,38612,38612,38613,,,,38656,38623,38638,16,1:15,38639,38654,16,1:15,38640,38655,16,1:15,,,0,,,,0,,,,0,,,,0,,1,10,15,17,1,,,,
dense,1,550,13,bt,1,0,10688,16,38659,38659,38660,,,,38703,38670,38685,16,1:15,38686,38701,16,1:15,38687,38702,16,1:15,,,0,,,,0,,,,0,,,,0,,1,10,15,17,1,,,,
dense,1,551,13,bt,1,16,10816,16,38706,38706,38707,,,,38750,38717,38732,16,1:15,38733,38748,16,1:15,38734,38749,16,1:15,,,0,,,,0,,,,0,,,,0,,1,10,15,17,1,,,,
dense,1,552,13,bt,2,0,10944,16,38753,38753,38754,,,,38797,38764,38779,16,1:15,38780,38795,16,1:15,38781,38796,16,1:15,,,0,,,,0,,,,0,,,,0,,1,10,15,17,1,,,,
dense,1,553,13,bt,2,16,11072,16,38800,38800,38801,,,,38844,38811,38826,16,1:15,38827,38842,16,1:15,38828,38843,16,1:15,,,0,,,,0,,,,0,,,,0,,1,10,15,17,1,,,,
dense,1,554,13,bt,3,0,11200,16,38847,38847,38848,,,,38891,38858,38873,16,1:15,38874,38889,16,1:15,38875,38890,16,1:15,,,0,,,,0,,,,0,,,,0,,1,10,15,17,1,,,,
dense,1,555,13,bt,3,16,11328,16,38894,38894,38895,,,,38938,38905,38920,16,1:15,38921,38936,16,1:15,38922,38937,16,1:15,,,0,,,,0,,,,0,,,,0,,1,10,15,17,1,,,,
dense,1,556,13,bt,4,0,11456,16,38941,38941,38942,,,,38985,38952,38967,16,1:15,38968,38983,16,1:15,38969,38984,16,1:15,,,0,,,,0,,,,0,,,,0,,1,10,15,17,1,,,,
dense,1,557,13,bt,4,16,11584,16,38988,38988,38989,,,,39032,38999,39014,16,1:15,39015,39030,16,1:15,39016,39031,16,1:15,,,0,,,,0,,,,0,,,,0,,1,10,15,17,1,,,,
dense,1,558,13,bt,5,0,11712,16,39035,39035,39036,,,,39079,39046,39061,16,1:15,39062,39077,16,1:15,39063,39078,16,1:15,,,0,,,,0,,,,0,,,,0,,1,10,15,17,1,,,,
dense,1,559,13,bt,5,16,11840,16,39082,39082,39083,,,,39126,39093,39108,16,1:15,39109,39124,16,1:15,39110,39125,16,1:15,,,0,,,,0,,,,0,,,,0,,1,10,15,17,1,,,,
dense,1,560,13,bt,6,0,11968,16,39129,39129,39130,,,,39173,39140,39155,16,1:15,39156,39171,16,1:15,39157,39172,16,1:15,,,0,,,,0,,,,0,,,,0,,1,10,15,17,1,,,,
dense,1,561,13,bt,6,16,12096,16,39176,39176,39177,,,,39220,39187,39202,16,1:15,39203,39218,16,1:15,39204,39219,16,1:15,,,0,,,,0,,,,0,,,,0,,1,10,15,17,1,,,,
dense,1,562,13,bt,7,0,12224,8,39223,39223,39224,,,,39251,39234,39241,8,1:7,39242,39249,8,1:7,39243,39250,8,1:7,,,0,,,,0,,,,0,,,,0,,1,10,7,9,1,,,,
dense,1,563,13,bt,7,8,12288,16,39254,39254,39255,,,,39298,39265,39280,16,1:15,39281,39296,16,1:15,39282,39297,16,1:15,,,0,,,,0,,,,0,,,,0,,1,10,15,17,1,,,,
dense,1,564,13,bt,7,24,12416,8,39301,39301,39302,,,,39329,39312,39319,8,1:7,39320,39327,8,1:7,39321,39328,8,1:7,,,0,,,,0,,,,0,,,,0,,1,10,7,9,1,,,,
dense,1,565,13,c,0,0,19808,4,40423,40423,,40444,40443,40455,40456,,,0,,,,0,,,,0,,40425,40440,4,5:3,40427,40442,4,5:3,40428,40443,4,5:3,40444,40447,4,1:3,,,,,,20,4,8,1
dense,1,566,13,c,1,0,19936,4,40459,40459,,40480,40479,40491,40492,,,0,,,,0,,,,0,,40461,40476,4,5:3,40463,40478,4,5:3,40464,40479,4,5:3,40480,40483,4,1:3,,,,,,20,4,8,1
dense,1,567,13,c,2,0,20064,4,40495,40495,,40516,40515,40527,40528,,,0,,,,0,,,,0,,40497,40512,4,5:3,40499,40514,4,5:3,40500,40515,4,5:3,40516,40519,4,1:3,,,,,,20,4,8,1
dense,1,568,13,c,3,0,20192,4,40531,40531,,40552,40551,40563,40564,,,0,,,,0,,,,0,,40533,40548,4,5:3,40535,40550,4,5:3,40536,40551,4,5:3,40552,40555,4,1:3,,,,,,20,4,8,1
dense,1,569,13,c,4,0,20320,4,40567,40567,,40588,40587,40599,40600,,,0,,,,0,,,,0,,40569,40584,4,5:3,40571,40586,4,5:3,40572,40587,4,5:3,40588,40591,4,1:3,,,,,,20,4,8,1
dense,1,570,13,c,5,0,20448,4,40603,40603,,40624,40623,40635,40636,,,0,,,,0,,,,0,,40605,40620,4,5:3,40607,40622,4,5:3,40608,40623,4,5:3,40624,40627,4,1:3,,,,,,20,4,8,1
dense,1,571,13,c,6,0,20576,4,40639,40639,,40660,40659,40671,40672,,,0,,,,0,,,,0,,40641,40656,4,5:3,40643,40658,4,5:3,40644,40659,4,5:3,40660,40663,4,1:3,,,,,,20,4,8,1
dense,1,572,13,c,7,0,20704,4,40675,40675,,40696,40695,40707,40708,,,0,,,,0,,,,0,,40677,40692,4,5:3,40679,40694,4,5:3,40680,40695,4,5:3,40696,40699,4,1:3,,,,,,20,4,8,1
dense,1,573,14,a,0,0,6208,16,40717,40717,40718,,,,40761,40728,40743,16,1:15,40744,40759,16,1:15,40745,40760,16,1:15,,,0,,,,0,,,,0,,,,0,,1,10,15,17,1,,,,
dense,1,574,14,a,0,16,6336,16,40764,40764,40765,,,,40808,40775,40790,16,1:15,40791,40806,16,1:15,40792,40807,16,1:15,,,0,,,,0,,,,0,,,,0,,1,10,15,17,1,,,,
dense,1,575,14,a,1,0,6464,16,40811,40811,40812,,,,40855,40822,40837,16,1:15,40838,40853,16,1:15,40839,40854,16,1:15,,,0,,,,0,,,,0,,,,0,,1,10,15,17,1,,,,
dense,1,576,14,a,1,16,6592,16,40858,40858,40859,,,,40902,40869,40884,16,1:15,40885,40900,16,1:15,40886,40901,16,1:15,,,0,,,,0,,,,0,,,,0,,1,10,15,17,1,,,,
dense,1,577,14,a,2,0,6720,16,40905,40905,40906,,,,40949,40916,40931,16,1:15,40932,40947,16,1:15,40933,40948,16,1:15,,,0,,,,0,,,,0,,,,0,,1,10,15,17,1,,,,
dense,1,578,14,a,2,16,6848,16,40952,40952,40953,,,,40996,40963,40978,16,1:15,40979,40994,16,1:15,40980,40995,16,1:15,,,0,,,,0,,,,0,,,,0,,1,10,15,17,1,,,,
dense,1,579,14,a,3,0,6976,16,40999,40999,41000,,,,41043,41010,41025,16,1:15,41026,41041,16,1:15,41027,41042,16,1:15,,,0,,,,0,,,,0,,,,0,,1,10,15,17,1,,,,
dense,1,580,14,a,3,16,7104,16,41046,41046,41047,,,,41090,41057,41072,16,1:15,41073,41088,16,1:15,41074,41089,16,1:15,,,0,,,,0,,,,0,,,,0,,1,10,15,17,1,,,,
dense,1,581,14,a,4,0,7232,16,41093,41093,41094,,,,41137,41104,41119,16,1:15,41120,41135,16,1:15,41121,41136,16,1:15,,,0,,,,0,,,,0,,,,0,,1,10,15,17,1,,,,
dense,1,582,14,a,4,16,7360,16,41140,41140,41141,,,,41184,41151,41166,16,1:15,41167,41182,16,1:15,41168,41183,16,1:15,,,0,,,,0,,,,0,,,,0,,1,10,15,17,1,,,,
dense,1,583,14,a,5,0,7488,16,41187,41187,41188,,,,41231,41198,41213,16,1:15,41214,41229,16,1:15,41215,41230,16,1:15,,,0,,,,0,,,,0,,,,0,,1,10,15,17,1,,,,
dense,1,584,14,a,5,16,7616,16,41234,41234,41235,,,,41278,41245,41260,16,1:15,41261,41276,16,1:15,41262,41277,16,1:15,,,0,,,,0,,,,0,,,,0,,1,10,15,17,1,,,,
dense,1,585,14,a,6,0,7744,16,41281,41281,41282,,,,41325,41292,41307,16,1:15,41308,41323,16,1:15,41309,41324,16,1:15,,,0,,,,0,,,,0,,,,0,,1,10,15,17,1,,,,
dense,1,586,14,a,6,16,7872,16,41328,41328,41329,,,,41372,41339,41354,16,1:15,41355,41370,16,1:15,41356,41371,16,1:15,,,0,,,,0,,,,0,,,,0,,1,10,15,17,1,,,,
dense,1,587,14,a,7,0,8000,16,41375,41375,41376,,,,41419,41386,41401,16,1:15,41402,41417,16,1:15,41403,41418,16,1:15,,,0,,,,0,,,,0,,,,0,,1,10,15,17,1,,,,
dense,1,588,14,a,7,16,8128,8,41422,41422,41423,,,,41450,41433,41440,8,1:7,41441,41448,8,1:7,41442,41449,8,1:7,,,0,,,,0,,,,0,,,,0,,1,10,7,9,1,,,,
dense,1,589,14,a,7,24,8192,8,41453,41453,41454,,,,41481,41464,41471,8,1:7,41472,41479,8,1:7,41473,41480,8,1:7,,,0,,,,0,,,,0,,,,0,,1,10,7,9,1,,,,
dense,1,590,14,bt,0,0,12480,16,41489,41489,41490,,,,41533,41500,41515,16,1:15,41516,41531,16,1:15,41517,41532,16,1:15,,,0,,,,0,,,,0,,,,0,,1,10,15,17,1,,,,
dense,1,591,14,bt,0,16,12608,16,41536,41536,41537,,,,41580,41547,41562,16,1:15,41563,41578,16,1:15,41564,41579,16,1:15,,,0,,,,0,,,,0,,,,0,,1,10,15,17,1,,,,
dense,1,592,14,bt,1,0,12736,16,41583,41583,41584,,,,41627,41594,41609,16,1:15,41610,41625,16,1:15,41611,41626,16,1:15,,,0,,,,0,,,,0,,,,0,,1,10,15,17,1,,,,
dense,1,593,14,bt,1,16,12864,16,41630,41630,41631,,,,41674,41641,41656,16,1:15,41657,41672,16,1:15,41658,41673,16,1:15,,,0,,,,0,,,,0,,,,0,,1,10,15,17,1,,,,
dense,1,594,14,bt,2,0,12992,16,41677,41677,41678,,,,41721,41688,41703,16,1:15,41704,41719,16,1:15,41705,41720,16,1:15,,,0,,,,0,,,,0,,,,0,,1,10,15,17,1,,,,
dense,1,595,14,bt,2,16,13120,16,41724,41724,41725,,,,41768,41735,41750,16,1:15,41751,41766,16,1:15,41752,41767,16,1:15,,,0,,,,0,,,,0,,,,0,,1,10,15,17,1,,,,
dense,1,596,14,bt,3,0,13248,16,41771,41771,41772,,,,41815,41782,41797,16,1:15,41798,41813,16,1:15,41799,41814,16,1:15,,,0,,,,0,,,,0,,,,0,,1,10,15,17,1,,,,
dense,1,597,14,bt,3,16,13376,16,41818,41818,41819,,,,41862,41829,41844,16,1:15,41845,41860,16,1:15,41846,41861,16,1:15,,,0,,,,0,,,,0,,,,0,,1,10,15,17,1,,,,
dense,1,598,14,bt,4,0,13504,16,41865,41865,41866,,,,41909,41876,41891,16,1:15,41892,41907,16,1:15,41893,41908,16,1:15,,,0,,,,0,,,,0,,,,0,,1,10,15,17,1,,,,
dense,1,599,14,bt,4,16,13632,16,41912,41912,41913,,,,41956,41923,41938,16,1:15,41939,41954,16,1:15,41940,41955,16,1:15,,,0,,,,0,,,,0,,,,0,,1,10,15,17,1,,,,
dense,1,600,14,bt,5,0,13760,16,41959,41959,41960,,,,42003,41970,41985,16,1:15,41986,42001,16,1:15,41987,42002,16,1:15,,,0,,,,0,,,,0,,,,0,,1,10,15,17,1,,,,
dense,1,601,14,bt,5,16,13888,16,42006,42006,42007,,,,42050,42017,42032,16,1:15,42033,42048,16,1:15,42034,42049,16,1:15,,,0,,,,0,,,,0,,,,0,,1,10,15,17,1,,,,
dense,1,602,14,bt,6,0,14016,16,42053,42053,42054,,,,42097,42064,42079,16,1:15,42080,42095,16,1:15,42081,42096,16,1:15,,,0,,,,0,,,,0,,,,0,,1,10,15,17,1,,,,
dense,1,603,14,bt,6,16,14144,16,42100,42100,42101,,,,42144,42111,42126,16,1:15,42127,42142,16,1:15,42128,42143,16,1:15,,,0,,,,0,,,,0,,,,0,,1,10,15,17,1,,,,
dense,1,604,14,bt,7,0,14272,16,42147,42147,42148,,,,42191,42158,42173,16,1:15,42174,42189,16,1:15,42175,42190,16,1:15,,,0,,,,0,,,,0,,,,0,,1,10,15,17,1,,,,
dense,1,605,14,bt,7,16,14400,16,42194,42194,42195,,,,42238,42205,42220,16,1:15,42221,42236,16,1:15,42222,42237,16,1:15,,,0,,,,0,,,,0,,,,0,,1,10,15,17,1,,,,
dense,1,606,14,c,0,0,19840,4,43332,43332,,43353,43352,43364,43365,,,0,,,,0,,,,0,,43334,43349,4,5:3,43336,43351,4,5:3,43337,43352,4,5:3,43353,43356,4,1:3,,,,,,20,4,8,1
dense,1,607,14,c,1,0,19968,4,43368,43368,,43389,43388,43400,43401,,,0,,,,0,,,,0,,43370,43385,4,5:3,43372,43387,4,5:3,43373,43388,4,5:3,43389,43392,4,1:3,,,,,,20,4,8,1
dense,1,608,14,c,2,0,20096,4,43404,43404,,43425,43424,43436,43437,,,0,,,,0,,,,0,,43406,43421,4,5:3,43408,43423,4,5:3,43409,43424,4,5:3,43425,43428,4,1:3,,,,,,20,4,8,1
dense,1,609,14,c,3,0,20224,4,43440,43440,,43461,43460,43472,43473,,,0,,,,0,,,,0,,43442,43457,4,5:3,43444,43459,4,5:3,43445,43460,4,5:3,43461,43464,4,1:3,,,,,,20,4,8,1
dense,1,610,14,c,4,0,20352,4,43476,43476,,43497,43496,43508,43509,,,0,,,,0,,,,0,,43478,43493,4,5:3,43480,43495,4,5:3,43481,43496,4,5:3,43497,43500,4,1:3,,,,,,20,4,8,1
dense,1,611,14,c,5,0,20480,4,43512,43512,,43533,43532,43544,43545,,,0,,,,0,,,,0,,43514,43529,4,5:3,43516,43531,4,5:3,43517,43532,4,5:3,43533,43536,4,1:3,,,,,,20,4,8,1
dense,1,612,14,c,6,0,20608,4,43548,43548,,43569,43568,43580,43581,,,0,,,,0,,,,0,,43550,43565,4,5:3,43552,43567,4,5:3,43553,43568,4,5:3,43569,43572,4,1:3,,,,,,20,4,8,1
dense,1,613,14,c,7,0,20736,4,43584,43584,,43605,43604,43616,43617,,,0,,,,0,,,,0,,43586,43601,4,5:3,43588,43603,4,5:3,43589,43604,4,5:3,43605,43608,4,1:3,,,,,,20,4,8,1
dense,1,614,15,a,0,0,6208,16,43626,43626,43627,,,,43670,43637,43652,16,1:15,43653,43668,16,1:15,43654,43669,16,1:15,,,0,,,,0,,,,0,,,,0,,1,10,15,17,1,,,,
dense,1,615,15,a,0,16,6336,16,43673,43673,43674,,,,43717,43684,43699,16,1:15,43700,43715,16,1:15,43701,43716,16,1:15,,,0,,,,0,,,,0,,,,0,,1,10,15,17,1,,,,
dense,1,616,15,a,1,0,6464,16,43720,43720,43721,,,,43764,43731,43746,16,1:15,43747,43762,16,1:15,43748,43763,16,1:15,,,0,,,,0,,,,0,,,,0,,1,10,15,17,1,,,,
dense,1,617,15,a,1,16,6592,16,43767,43767,43768,,,,43811,43778,43793,16,1:15,43794,43809,16,1:15,43795,43810,16,1:15,,,0,,,,0,,,,0,,,,0,,1,10,15,17,1,,,,
dense,1,618,15,a,2,0,6720,16,43814,43814,43815,,,,43858,43825,43840,16,1:15,43841,43856,16,1:15,43842,43857,16,1:15,,,0,,,,0,,,,0,,,,0,,1,10,15,17,1,,,,
dense,1,619,15,a,2,16,6848,16,43861,43861,43862,,,,43905,43872,43887,16,1:15,43888,43903,16,1:15,43889,43904,16,1:15,,,0,,,,0,,,,0,,,,0,,1,10,15,17,1,,,,
dense,1,620,15,a,3,0,6976,16,43908,43908,43909,,,,43952,43919,43934,16,1:15,43935,43950,16,1:15,43936,43951,16,1:15,,,0,,,,0,,,,0,,,,0,,1,10,15,17,1,,,,
dense,1,621,15,a,3,16,7104,16,43955,43955,43956,,,,43999,43966,43981,16,1:15,43982,43997,16,1:15,43983,43998,16,1:15,,,0,,,,0,,,,0,,,,0,,1,10,15,17,1,,,,
dense,1,622,15,a,4,0,7232,16,44002,44002,44003,,,,44046,44013,44028,16,1:15,44029,44044,16,1:15,44030,44045,16,1:15,,,0,,,,0,,,,0,,,,0,,1,10,15,17,1,,,,
dense,1,623,15,a,4,16,7360,16,44049,44049,44050,,,,44093,44060,44075,16,1:15,44076,44091,16,1:15,44077,44092,16,1:15,,,0,,,,0,,,,0,,,,0,,1,10,15,17,1,,,,
dense,1,624,15,a,5,0,7488,16,44096,44096,44097,,,,44140,44107,44122,16,1:15,44123,44138,16,1:15,44124,44139,16,1:15,,,0,,,,0,,,,0,,,,0,,1,10,15,17,1,,,,
dense,1,625,15,a,5,16,7616,16,44143,44143,44144,,,,44187,44154,44169,16,1:15,44170,44185,16,1:15,44171,44186,16,1:15,,,0,,,,0,,,,0,,,,0,,1,10,15,17,1,,,,
dense,1,626,15,a,6,0,7744,16,44190,44190,44191,,,,44234,44201,44216,16,1:15,44217,44232,16,1:15,44218,44233,16,1:15,,,0,,,,0,,,,0,,,,0,,1,10,15,17,1,,,,
dense,1,627,15,a,6,16,7872,16,44237,44237,44238,,,,44281,44248,44263,16,1:15,44264,44279,16,1:15,44265,44280,16,1:15,,,0,,,,0,,,,0,,,,0,,1,10,15,17,1,,,,
dense,1,628,15,a,7,0,8000,16,44284,44284,44285,,,,44328,44295,44310,16,1:15,44311,44326,16,1:15,44312,44327,16,1:15,,,0,,,,0,,,,0,,,,0,,1,10,15,17,1,,,,
dense,1,629,15,a,7,16,8128,8,44331,44331,44332,,,,44359,44342,44349,8,1:7,44350,44357,8,1:7,44351,44358,8,1:7,,,0,,,,0,,,,0,,,,0,,1,10,7,9,1,,,,
dense,1,630,15,a,7,24,8192,8,44362,44362,44363,,,,44390,44373,44380,8,1:7,44381,44388,8,1:7,44382,44389,8,1:7,,,0,,,,0,,,,0,,,,0,,1,10,7,9,1,,,,
dense,1,631,15,bt,0,0,14528,16,44398,44398,44399,,,,44442,44409,44424,16,1:15,44425,44440,16,1:15,44426,44441,16,1:15,,,0,,,,0,,,,0,,,,0,,1,10,15,17,1,,,,
dense,1,632,15,bt,0,16,14656,16,44445,44445,44446,,,,44489,44456,44471,16,1:15,44472,44487,16,1:15,44473,44488,16,1:15,,,0,,,,0,,,,0,,,,0,,1,10,15,17,1,,,,
dense,1,633,15,bt,1,0,14784,16,44492,44492,44493,,,,44536,44503,44518,16,1:15,44519,44534,16,1:15,44520,44535,16,1:15,,,0,,,,0,,,,0,,,,0,,1,10,15,17,1,,,,
dense,1,634,15,bt,1,16,14912,16,44539,44539,44540,,,,44583,44550,44565,16,1:15,44566,44581,16,1:15,44567,44582,16,1:15,,,0,,,,0,,,,0,,,,0,,1,10,15,17,1,,,,
dense,1,635,15,bt,2,0,15040,16,44586,44586,44587,,,,44630,44597,44612,16,1:15,44613,44628,16,1:15,44614,44629,16,1:15,,,0,,,,0,,,,0,,,,0,,1,10,15,17,1,,,,
dense,1,636,15,bt,2,16,15168,16,44633,44633,44634,,,,44677,44644,44659,16,1:15,44660,44675,16,1:15,44661,44676,16,1:15,,,0,,,,0,,,,0,,,,0,,1,10,15,17,1,,,,
dense,1,637,15,bt,3,0,15296,16,44680,44680,44681,,,,44724,44691,44706,16,1:15,44707,44722,16,1:15,44708,44723,16,1:15,,,0,,,,0,,,,0,,,,0,,1,10,15,17,1,,,,
dense,1,638,15,bt,3,16,15424,16,44727,44727,44728,,,,44771,44738,44753,16,1:15,44754,44769,16,1:15,44755,44770,16,1:15,,,0,,,,0,,,,0,,,,0,,1,10,15,17,1,,,,
dense,1,639,15,bt,4,0,15552,16,44774,44774,44775,,,,44818,44785,44800,16,1:15,44801,44816,16,1:15,44802,44817,16,1:15,,,0,,,,0,,,,0,,,,0,,1,10,15,17,1,,,,
dense,1,640,15,bt,4,16,15680,16,44821,44821,44822,,,,44865,44832,44847,16,1:15,44848,44863,16,1:15,44849,44864,16,1:15,,,0,,,,0,,,,0,,,,0,,1,10,15,17,1,,,,
dense,1,641,15,bt,5,0,15808,16,44868,44868,44869,,,,44912,44879,44894,16,1:15,44895,44910,16,1:15,44896,44911,16,1:15,,,0,,,,0,,,,0,,,,0,,1,10,15,17,1,,,,
dense,1,642,15,bt,5,16,15936,16,44915,44915,44916,,,,44959,44926,44941,16,1:15,44942,44957,16,1:15,44943,44958,16,1:15,,,0,,,,0,,,,0,,,,0,,1,10,15,17,1,,,,
dense,1,643,15,bt,6,0,16064,16,44962,44962,44963,,,,45006,44973,44988,16,1:15,44989,45004,16,1:15,44990,45005,16,1:15,,,0,,,,0,,,,0,,,,0,,1,10,15,17,1,,,,
dense,1,644,15,bt,6,16,16192,16,45009,45009,45010,,,,45053,45020,45035,16,1:15,45036,45051,16,1:15,45037,45052,16,1:15,,,0,,,,0,,,,0,,,,0,,1,10,15,17,1,,,,
dense,1,645,15,bt,7,0,16320,8,45056,45056,45057,,,,45084,45067,45074,8,1:7,45075,45082,8,1:7,45076,45083,8,1:7,,,0,,,,0,,,,0,,,,0,,1,10,7,9,1,,,,
dense,1,646,15,bt,7,8,16384,16,45087,45087,45088,,,,45131,45098,45113,16,1:15,45114,45129,16,1:15,45115,45130,16,1:15,,,0,,,,0,,,,0,,,,0,,1,10,15,17,1,,,,
dense,1,647,15,bt,7,24,16512,8,45134,45134,45135,,,,45162,45145,45152,8,1:7,45153,45160,8,1:7,45154,45161,8,1:7,,,0,,,,0,,,,0,,,,0,,1,10,7,9,1,,,,
dense,1,648,15,c,0,0,19872,4,46256,46256,,46277,46276,46288,46289,,,0,,,,0,,,,0,,46258,46273,4,5:3,46260,46275,4,5:3,46261,46276,4,5:3,46277,46280,4,1:3,,,,,,20,4,8,1
dense,1,649,15,c,1,0,20000,4,46292,46292,,46313,46312,46324,46325,,,0,,,,0,,,,0,,46294,46309,4,5:3,46296,46311,4,5:3,46297,46312,4,5:3,46313,46316,4,1:3,,,,,,20,4,8,1
dense,1,650,15,c,2,0,20128,4,46328,46328,,46349,46348,46360,46361,,,0,,,,0,,,,0,,46330,46345,4,5:3,46332,46347,4,5:3,46333,46348,4,5:3,46349,46352,4,1:3,,,,,,20,4,8,1
dense,1,651,15,c,3,0,20256,4,46364,46364,,46385,46384,46396,46397,,,0,,,,0,,,,0,,46366,46381,4,5:3,46368,46383,4,5:3,46369,46384,4,5:3,46385,46388,4,1:3,,,,,,20,4,8,1
dense,1,652,15,c,4,0,20384,4,46400,46400,,46421,46420,46432,46433,,,0,,,,0,,,,0,,46402,46417,4,5:3,46404,46419,4,5:3,46405,46420,4,5:3,46421,46424,4,1:3,,,,,,20,4,8,1
dense,1,653,15,c,5,0,20512,4,46436,46436,,46457,46456,46468,46469,,,0,,,,0,,,,0,,46438,46453,4,5:3,46440,46455,4,5:3,46441,46456,4,5:3,46457,46460,4,1:3,,,,,,20,4,8,1
dense,1,654,15,c,6,0,20640,4,46472,46472,,46493,46492,46504,46505,,,0,,,,0,,,,0,,46474,46489,4,5:3,46476,46491,4,5:3,46477,46492,4,5:3,46493,46496,4,1:3,,,,,,20,4,8,1
dense,1,655,15,c,7,0,20768,4,46508,46508,,46529,46528,46540,46541,,,0,,,,0,,,,0,,46510,46525,4,5:3,46512,46527,4,5:3,46513,46528,4,5:3,46529,46532,4,1:3,,,,,,20,4,8,1
odd,2,0,0,a,0,0,64,2,6,6,7,,,,22,17,18,2,1:1,19,20,2,1:1,20,21,2,1:1,,,0,,,,0,,,,0,,,,0,,1,10,1,3,1,,,,
odd,2,1,0,a,1,0,128,2,25,25,26,,,,41,36,37,2,1:1,38,39,2,1:1,39,40,2,1:1,,,0,,,,0,,,,0,,,,0,,1,10,1,3,1,,,,
odd,2,2,0,a,2,0,192,2,44,44,45,,,,60,55,56,2,1:1,57,58,2,1:1,58,59,2,1:1,,,0,,,,0,,,,0,,,,0,,1,10,1,3,1,,,,
odd,2,3,0,a,3,0,256,2,63,63,64,,,,79,74,75,2,1:1,76,77,2,1:1,77,78,2,1:1,,,0,,,,0,,,,0,,,,0,,1,10,1,3,1,,,,
odd,2,4,0,a,4,0,320,2,82,82,83,,,,98,93,94,2,1:1,95,96,2,1:1,96,97,2,1:1,,,0,,,,0,,,,0,,,,0,,1,10,1,3,1,,,,
odd,2,5,0,bt,0,0,512,2,106,106,107,,,,122,117,118,2,1:1,119,120,2,1:1,120,121,2,1:1,,,0,,,,0,,,,0,,,,0,,1,10,1,3,1,,,,
odd,2,6,0,bt,1,0,576,2,125,125,126,,,,141,136,137,2,1:1,138,139,2,1:1,139,140,2,1:1,,,0,,,,0,,,,0,,,,0,,1,10,1,3,1,,,,
odd,2,7,0,bt,2,0,640,2,144,144,145,,,,160,155,156,2,1:1,157,158,2,1:1,158,159,2,1:1,,,0,,,,0,,,,0,,,,0,,1,10,1,3,1,,,,
odd,2,8,0,c,0,0,832,2,218,218,,229,228,238,239,,,0,,,,0,,,,0,,220,225,2,5:1,222,227,2,5:1,223,228,2,5:1,229,230,2,1:1,,,,,,10,2,8,1
odd,2,9,0,c,1,0,896,2,242,242,,253,252,262,263,,,0,,,,0,,,,0,,244,249,2,5:1,246,251,2,5:1,247,252,2,5:1,253,254,2,1:1,,,,,,10,2,8,1
odd,2,10,0,c,2,0,960,2,266,266,,277,276,286,287,,,0,,,,0,,,,0,,268,273,2,5:1,270,275,2,5:1,271,276,2,5:1,277,278,2,1:1,,,,,,10,2,8,1
odd,2,11,0,c,3,0,1024,2,290,290,,301,300,310,311,,,0,,,,0,,,,0,,292,297,2,5:1,294,299,2,5:1,295,300,2,5:1,301,302,2,1:1,,,,,,10,2,8,1
odd,2,12,0,c,4,0,1088,2,314,314,,325,324,334,335,,,0,,,,0,,,,0,,316,321,2,5:1,318,323,2,5:1,319,324,2,5:1,325,326,2,1:1,,,,,,10,2,8,1
multi_tile,3,0,0,a,0,0,64,16,6,6,7,,,,50,17,32,16,1:15,33,48,16,1:15,34,49,16,1:15,,,0,,,,0,,,,0,,,,0,,1,10,15,17,1,,,,
multi_tile,3,1,0,a,0,16,192,16,53,53,54,,,,97,64,79,16,1:15,80,95,16,1:15,81,96,16,1:15,,,0,,,,0,,,,0,,,,0,,1,10,15,17,1,,,,
multi_tile,3,2,0,a,1,0,320,16,100,100,101,,,,144,111,126,16,1:15,127,142,16,1:15,128,143,16,1:15,,,0,,,,0,,,,0,,,,0,,1,10,15,17,1,,,,
multi_tile,3,3,0,a,1,16,448,16,147,147,148,,,,191,158,173,16,1:15,174,189,16,1:15,175,190,16,1:15,,,0,,,,0,,,,0,,,,0,,1,10,15,17,1,,,,
multi_tile,3,4,0,a,2,0,576,16,194,194,195,,,,238,205,220,16,1:15,221,236,16,1:15,222,237,16,1:15,,,0,,,,0,,,,0,,,,0,,1,10,15,17,1,,,,
multi_tile,3,5,0,a,2,16,704,16,241,241,242,,,,285,252,267,16,1:15,268,283,16,1:15,269,284,16,1:15,,,0,,,,0,,,,0,,,,0,,1,10,15,17,1,,,,
multi_tile,3,6,0,a,3,0,832,16,288,288,289,,,,332,299,314,16,1:15,315,330,16,1:15,316,331,16,1:15,,,0,,,,0,,,,0,,,,0,,1,10,15,17,1,,,,
multi_tile,3,7,0,a,3,16,960,16,335,335,336,,,,379,346,361,16,1:15,362,377,16,1:15,363,378,16,1:15,,,0,,,,0,,,,0,,,,0,,1,10,15,17,1,,,,
multi_tile,3,8,0,a,4,0,1088,16,382,382,383,,,,426,393,408,16,1:15,409,424,16,1:15,410,425,16,1:15,,,0,,,,0,,,,0,,,,0,,1,10,15,17,1,,,,
multi_tile,3,9,0,a,4,16,1216,16,429,429,430,,,,473,440,455,16,1:15,456,471,16,1:15,457,472,16,1:15,,,0,,,,0,,,,0,,,,0,,1,10,15,17,1,,,,
multi_tile,3,10,0,a,5,0,1344,16,476,476,477,,,,520,487,502,16,1:15,503,518,16,1:15,504,519,16,1:15,,,0,,,,0,,,,0,,,,0,,1,10,15,17,1,,,,
multi_tile,3,11,0,a,5,16,1472,16,523,523,524,,,,567,534,549,16,1:15,550,565,16,1:15,551,566,16,1:15,,,0,,,,0,,,,0,,,,0,,1,10,15,17,1,,,,
multi_tile,3,12,0,a,6,0,1600,16,570,570,571,,,,614,581,596,16,1:15,597,612,16,1:15,598,613,16,1:15,,,0,,,,0,,,,0,,,,0,,1,10,15,17,1,,,,
multi_tile,3,13,0,a,6,16,1728,16,617,617,618,,,,661,628,643,16,1:15,644,659,16,1:15,645,660,16,1:15,,,0,,,,0,,,,0,,,,0,,1,10,15,17,1,,,,
multi_tile,3,14,0,a,7,0,1856,16,664,664,665,,,,708,675,690,16,1:15,691,706,16,1:15,692,707,16,1:15,,,0,,,,0,,,,0,,,,0,,1,10,15,17,1,,,,
multi_tile,3,15,0,a,7,16,1984,16,711,711,712,,,,755,722,737,16,1:15,738,753,16,1:15,739,754,16,1:15,,,0,,,,0,,,,0,,,,0,,1,10,15,17,1,,,,
multi_tile,3,16,0,bt,0,0,8640,16,763,763,764,,,,807,774,789,16,1:15,790,805,16,1:15,791,806,16,1:15,,,0,,,,0,,,,0,,,,0,,1,10,15,17,1,,,,
multi_tile,3,17,0,bt,0,16,8768,16,810,810,811,,,,854,821,836,16,1:15,837,852,16,1:15,838,853,16,1:15,,,0,,,,0,,,,0,,,,0,,1,10,15,17,1,,,,
multi_tile,3,18,0,bt,1,0,8896,16,857,857,858,,,,901,868,883,16,1:15,884,899,16,1:15,885,900,16,1:15,,,0,,,,0,,,,0,,,,0,,1,10,15,17,1,,,,
multi_tile,3,19,0,bt,1,16,9024,16,904,904,905,,,,948,915,930,16,1:15,931,946,16,1:15,932,947,16,1:15,,,0,,,,0,,,,0,,,,0,,1,10,15,17,1,,,,
multi_tile,3,20,0,bt,2,0,9152,16,951,951,952,,,,995,962,977,16,1:15,978,993,16,1:15,979,994,16,1:15,,,0,,,,0,,,,0,,,,0,,1,10,15,17,1,,,,
multi_tile,3,21,0,bt,2,16,9280,16,998,998,999,,,,1042,1009,1024,16,1:15,1025,1040,16,1:15,1026,1041,16,1:15,,,0,,,,0,,,,0,,,,0,,1,10,15,17,1,,,,
multi_tile,3,22,0,bt,3,0,9408,16,1045,1045,1046,,,,1089,1056,1071,16,1:15,1072,1087,16,1:15,1073,1088,16,1:15,,,0,,,,0,,,,0,,,,0,,1,10,15,17,1,,,,
multi_tile,3,23,0,bt,3,16,9536,16,1092,1092,1093,,,,1136,1103,1118,16,1:15,1119,1134,16,1:15,1120,1135,16,1:15,,,0,,,,0,,,,0,,,,0,,1,10,15,17,1,,,,
multi_tile,3,24,0,bt,4,0,9664,16,1139,1139,1140,,,,1183,1150,1165,16,1:15,1166,1181,16,1:15,1167,1182,16,1:15,,,0,,,,0,,,,0,,,,0,,1,10,15,17,1,,,,
multi_tile,3,25,0,bt,4,16,9792,16,1186,1186,1187,,,,1230,1197,1212,16,1:15,1213,1228,16,1:15,1214,1229,16,1:15,,,0,,,,0,,,,0,,,,0,,1,10,15,17,1,,,,
multi_tile,3,26,0,bt,5,0,9920,16,1233,1233,1234,,,,1277,1244,1259,16,1:15,1260,1275,16,1:15,1261,1276,16,1:15,,,0,,,,0,,,,0,,,,0,,1,10,15,17,1,,,,
multi_tile,3,27,0,bt,5,16,10048,16,1280,1280,1281,,,,1324,1291,1306,16,1:15,1307,1322,16,1:15,1308,1323,16,1:15,,,0,,,,0,,,,0,,,,0,,1,10,15,17,1,,,,
multi_tile,3,28,0,bt,6,0,10176,16,1327,1327,1328,,,,1371,1338,1353,16,1:15,1354,1369,16,1:15,1355,1370,16,1:15,,,0,,,,0,,,,0,,,,0,,1,10,15,17,1,,,,
multi_tile,3,29,0,bt,6,16,10304,16,1374,1374,1375,,,,1418,1385,1400,16,1:15,1401,1416,16,1:15,1402,1417,16,1:15,,,0,,,,0,,,,0,,,,0,,1,10,15,17,1,,,,
multi_tile,3,30,0,bt,7,0,10432,16,1421,1421,1422,,,,1465,1432,1447,16,1:15,1448,1463,16,1:15,1449,1464,16,1:15,,,0,,,,0,,,,0,,,,0,,1,10,15,17,1,,,,
multi_tile,3,31,0,bt,7,16,10560,16,1468,1468,1469,,,,1512,1479,1494,16,1:15,1495,1510,16,1:15,1496,1511,16,1:15,,,0,,,,0,,,,0,,,,0,,1,10,15,17,1,,,,
multi_tile,3,32,0,c,0,0,17728,4,2606,2606,,2627,2626,2638,2639,,,0,,,,0,,,,0,,2608,2623,4,5:3,2610,2625,4,5:3,2611,2626,4,5:3,2627,2630,4,1:3,,,,,,20,4,8,1
multi_tile,3,33,0,c,1,0,17920,4,2642,2642,,2663,2662,2674,2675,,,0,,,,0,,,,0,,2644,2659,4,5:3,2646,2661,4,5:3,2647,2662,4,5:3,2663,2666,4,1:3,,,,,,20,4,8,1
multi_tile,3,34,0,c,2,0,18112,4,2678,2678,,2699,2698,2710,2711,,,0,,,,0,,,,0,,2680,2695,4,5:3,2682,2697,4,5:3,2683,2698,4,5:3,2699,2702,4,1:3,,,,,,20,4,8,1
multi_tile,3,35,0,c,3,0,18304,4,2714,2714,,2735,2734,2746,2747,,,0,,,,0,,,,0,,2716,2731,4,5:3,2718,2733,4,5:3,2719,2734,4,5:3,2735,2738,4,1:3,,,,,,20,4,8,1
multi_tile,3,36,0,c,4,0,18496,4,2750,2750,,2771,2770,2782,2783,,,0,,,,0,,,,0,,2752,2767,4,5:3,2754,2769,4,5:3,2755,2770,4,5:3,2771,2774,4,1:3,,,,,,20,4,8,1
multi_tile,3,37,0,c,5,0,18688,4,2786,2786,,2807,2806,2818,2819,,,0,,,,0,,,,0,,2788,2803,4,5:3,2790,2805,4,5:3,2791,2806,4,5:3,2807,2810,4,1:3,,,,,,20,4,8,1
multi_tile,3,38,0,c,6,0,18880,4,2822,2822,,2843,2842,2854,2855,,,0,,,,0,,,,0,,2824,2839,4,5:3,2826,2841,4,5:3,2827,2842,4,5:3,2843,2846,4,1:3,,,,,,20,4,8,1
multi_tile,3,39,0,c,7,0,19072,4,2858,2858,,2879,2878,2890,2891,,,0,,,,0,,,,0,,2860,2875,4,5:3,2862,2877,4,5:3,2863,2878,4,5:3,2879,2882,4,1:3,,,,,,20,4,8,1
multi_tile,3,40,1,a,0,0,64,16,2900,2900,2901,,,,2944,2911,2926,16,1:15,2927,2942,16,1:15,2928,2943,16,1:15,,,0,,,,0,,,,0,,,,0,,1,10,15,17,1,,,,
multi_tile,3,41,1,a,0,16,192,16,2947,2947,2948,,,,2991,2958,2973,16,1:15,2974,2989,16,1:15,2975,2990,16,1:15,,,0,,,,0,,,,0,,,,0,,1,10,15,17,1,,,,
multi_tile,3,42,1,a,1,0,320,16,2994,2994,2995,,,,3038,3005,3020,16,1:15,3021,3036,16,1:15,3022,3037,16,1:15,,,0,,,,0,,,,0,,,,0,,1,10,15,17,1,,,,
multi_tile,3,43,1,a,1,16,448,16,3041,3041,3042,,,,3085,3052,3067,16,1:15,3068,3083,16,1:15,3069,3084,16,1:15,,,0,,,,0,,,,0,,,,0,,1,10,15,17,1,,,,
multi_tile,3,44,1,a,2,0,576,16,3088,3088,3089,,,,3132,3099,3114,16,1:15,3115,3130,16,1:15,3116,3131,16,1:15,,,0,,,,0,,,,0,,,,0,,1,10,15,17,1,,,,
multi_tile,3,45,1,a,2,16,704,16,3135,3135,3136,,,,3179,3146,3161,16,1:15,3162,3177,16,1:15,3163,3178,16,1:15,,,0,,,,0,,,,0,,,,0,,1,10,15,17,1,,,,
multi_tile,3,46,1,a,3,0,832,16,3182,3182,3183,,,,3226,3193,3208,16,1:15,3209,3224,16,1:15,3210,3225,16,1:15,,,0,,,,0,,,,0,,,,0,,1,10,15,17,1,,,,
multi_tile,3,47,1,a,3,16,960,16,3229,3229,3230,,,,3273,3240,3255,16,1:15,3256,3271,16,1:15,3257,3272,16,1:15,,,0,,,,0,,,,0,,,,0,,1,10,15,17,1,,,,
multi_tile,3,48,1,a,4,0,1088,16,3276,3276,3277,,,,3320,3287,3302,16,1:15,3303,3318,16,1:15,3304,3319,16,1:15,,,0,,,,0,,,,0,,,,0,,1,10,15,17,1,,,,
multi_tile,3,49,1,a,4,16,1216,16,3323,3323,3324,,,,3367,3334,3349,16,1:15,3350,3365,16,1:15,3351,3366,16,1:15,,,0,,,,0,,,,0,,,,0,,1,10,15,17,1,,,,
multi_tile,3,50,1,a,5,0,1344,16,3370,3370,3371,,,,3414,3381,3396,16,1:15,3397,3412,16,1:15,3398,3413,16,1:15,,,0,,,,0,,,,0,,,,0,,1,10,15,17,1,,,,
multi_tile,3,51,1,a,5,16,1472,16,3417,3417,3418,,,,3461,3428,3443,16,1:15,3444,3459,16,1:15,3445,3460,16,1:15,,,0,,,,0,,,,0,,,,0,,1,10,15,17,1,,,,
multi_tile,3,52,1,a,6,0,1600,16,3464,3464,3465,,,,3508,3475,3490,16,1:15,3491,3506,16,1:15,3492,3507,16,1:15,,,0,,,,0,,,,0,,,,0,,1,10,15,17,1,,,,
multi_tile,3,53,1,a,6,16,1728,16,3511,3511,3512,,,,3555,3522,3537,16,1:15,3538,3553,16,1:15,3539,3554,16,1:15,,,0,,,,0,,,,0,,,,0,,1,10,15,17,1,,,,
multi_tile,3,54,1,a,7,0,1856,16,3558,3558,3559,,,,3602,3569,3584,16,1:15,3585,3600,16,1:15,3586,3601,16,1:15,,,0,,,,0,,,,0,,,,0,,1,10,15,17,1,,,,
multi_tile,3,55,1,a,7,16,1984,16,3605,3605,3606,,,,3649,3616,3631,16,1:15,3632,3647,16,1:15,3633,3648,16,1:15,,,0,,,,0,,,,0,,,,0,,1,10,15,17,1,,,,
multi_tile,3,56,1,bt,0,0,10688,16,3657,3657,3658,,,,3701,3668,3683,16,1:15,3684,3699,16,1:15,3685,3700,16,1:15,,,0,,,,0,,,,0,,,,0,,1,10,15,17,1,,,,
multi_tile,3,57,1,bt,0,16,10816,16,3704,3704,3705,,,,3748,3715,3730,16,1:15,3731,3746,16,1:15,3732,3747,16,1:15,,,0,,,,0,,,,0,,,,0,,1,10,15,17,1,,,,
multi_tile,3,58,1,bt,1,0,10944,16,3751,3751,3752,,,,3795,3762,3777,16,1:15,3778,3793,16,1:15,3779,3794,16,1:15,,,0,,,,0,,,,0,,,,0,,1,10,15,17,1,,,,
multi_tile,3,59,1,bt,1,16,11072,16,3798,3798,3799,,,,3842,3809,3824,16,1:15,3825,3840,16,1:15,3826,3841,16,1:15,,,0,,,,0,,,,0,,,,0,,1,10,15,17,1,,,,
multi_tile,3,60,1,bt,2,0,11200,16,3845,3845,3846,,,,3889,3856,3871,16,1:15,3872,3887,16,1:15,3873,3888,16,1:15,,,0,,,,0,,,,0,,,,0,,1,10,15,17,1,,,,
multi_tile,3,61,1,bt,2,16,11328,16,3892,3892,3893,,,,3936,3903,3918,16,1:15,3919,3934,16,1:15,3920,3935,16,1:15,,,0,,,,0,,,,0,,,,0,,1,10,15,17,1,,,,
multi_tile,3,62,1,bt,3,0,11456,16,3939,3939,3940,,,,3983,3950,3965,16,1:15,3966,3981,16,1:15,3967,3982,16,1:15,,,0,,,,0,,,,0,,,,0,,1,10,15,17,1,,,,
multi_tile,3,63,1,bt,3,16,11584,16,3986,3986,3987,,,,4030,3997,4012,16,1:15,4013,4028,16,1:15,4014,4029,16,1:15,,,0,,,,0,,,,0,,,,0,,1,10,15,17,1,,,,
multi_tile,3,64,1,bt,4,0,11712,16,4033,4033,4034,,,,4077,4044,4059,16,1:15,4060,4075,16,1:15,4061,4076,16,1:15,,,0,,,,0,,,,0,,,,0,,1,10,15,17,1,,,,
multi_tile,3,65,1,bt,4,16,11840,16,4080,4080,4081,,,,4124,4091,4106,16,1:15,4107,4122,16,1:15,4108,4123,16,1:15,,,0,,,,0,,,,0,,,,0,,1,10,15,17,1,,,,
multi_tile,3,66,1,bt,5,0,11968,16,4127,4127,4128,,,,4171,4138,4153,16,1:15,4154,4169,16,1:15,4155,4170,16,1:15,,,0,,,,0,,,,0,,,,0,,1,10,15,17,1,,,,
multi_tile,3,67,1,bt,5,16,12096,16,4174,4174,4175,,,,4218,4185,4200,16,1:15,4201,4216,16,1:15,4202,4217,16,1:15,,,0,,,,0,,,,0,,,,0,,1,10,15,17,1,,,,
multi_tile,3,68,1,bt,6,0,12224,8,4221,4221,4222,,,,4249,4232,4239,8,1:7,4240,4247,8,1:7,4241,4248,8,1:7,,,0,,,,0,,,,0,,,,0,,1,10,7,9,1,,,,
multi_tile,3,69,1,bt,6,8,12288,16,4252,4252,4253,,,,4296,4263,4278,16,1:15,4279,4294,16,1:15,4280,4295,16,1:15,,,0,,,,0,,,,0,,,,0,,1,10,15,17,1,,,,
multi_tile,3,70,1,bt,6,24,12416,8,4299,4299,4300,,,,4327,4310,4317,8,1:7,4318,4325,8,1:7,4319,4326,8,1:7,,,0,,,,0,,,,0,,,,0,,1,10,7,9,1,,,,
multi_tile,3,71,1,bt,7,0,12480,16,4330,4330,4331,,,,4374,4341,4356,16,1:15,4357,4372,16,1:15,4358,4373,16,1:15,,,0,,,,0,,,,0,,,,0,,1,10,15,17,1,,,,
multi_tile,3,72,1,bt,7,16,12608,16,4377,4377,4378,,,,4421,4388,4403,16,1:15,4404,4419,16,1:15,4405,4420,16,1:15,,,0,,,,0,,,,0,,,,0,,1,10,15,17,1,,,,
multi_tile,3,73,1,c,0,0,17760,4,5515,5515,,5536,5535,5547,5548,,,0,,,,0,,,,0,,5517,5532,4,5:3,5519,5534,4,5:3,5520,5535,4,5:3,5536,5539,4,1:3,,,,,,20,4,8,1
multi_tile,3,74,1,c,1,0,17952,4,5551,5551,,5572,5571,5583,5584,,,0,,,,0,,,,0,,5553,5568,4,5:3,5555,5570,4,5:3,5556,5571,4,5:3,5572,5575,4,1:3,,,,,,20,4,8,1
multi_tile,3,75,1,c,2,0,18144,4,5587,5587,,5608,5607,5619,5620,,,0,,,,0,,,,0,,5589,5604,4,5:3,5591,5606,4,5:3,5592,5607,4,5:3,5608,5611,4,1:3,,,,,,20,4,8,1
multi_tile,3,76,1,c,3,0,18336,4,5623,5623,,5644,5643,5655,5656,,,0,,,,0,,,,0,,5625,5640,4,5:3,5627,5642,4,5:3,5628,5643,4,5:3,5644,5647,4,1:3,,,,,,20,4,8,1
multi_tile,3,77,1,c,4,0,18528,4,5659,5659,,5680,5679,5691,5692,,,0,,,,0,,,,0,,5661,5676,4,5:3,5663,5678,4,5:3,5664,5679,4,5:3,5680,5683,4,1:3,,,,,,20,4,8,1
multi_tile,3,78,1,c,5,0,18720,4,5695,5695,,5716,5715,5727,5728,,,0,,,,0,,,,0,,5697,5712,4,5:3,5699,5714,4,5:3,5700,5715,4,5:3,5716,5719,4,1:3,,,,,,20,4,8,1
multi_tile,3,79,1,c,6,0,18912,4,5731,5731,,5752,5751,5763,5764,,,0,,,,0,,,,0,,5733,5748,4,5:3,5735,5750,4,5:3,5736,5751,4,5:3,5752,5755,4,1:3,,,,,,20,4,8,1
multi_tile,3,80,1,c,7,0,19104,4,5767,5767,,5788,5787,5799,5800,,,0,,,,0,,,,0,,5769,5784,4,5:3,5771,5786,4,5:3,5772,5787,4,5:3,5788,5791,4,1:3,,,,,,20,4,8,1
multi_tile,3,81,2,a,0,0,64,16,5809,5809,5810,,,,5853,5820,5835,16,1:15,5836,5851,16,1:15,5837,5852,16,1:15,,,0,,,,0,,,,0,,,,0,,1,10,15,17,1,,,,
multi_tile,3,82,2,a,0,16,192,16,5856,5856,5857,,,,5900,5867,5882,16,1:15,5883,5898,16,1:15,5884,5899,16,1:15,,,0,,,,0,,,,0,,,,0,,1,10,15,17,1,,,,
multi_tile,3,83,2,a,1,0,320,16,5903,5903,5904,,,,5947,5914,5929,16,1:15,5930,5945,16,1:15,5931,5946,16,1:15,,,0,,,,0,,,,0,,,,0,,1,10,15,17,1,,,,
multi_tile,3,84,2,a,1,16,448,16,5950,5950,5951,,,,5994,5961,5976,16,1:15,5977,5992,16,1:15,5978,5993,16,1:15,,,0,,,,0,,,,0,,,,0,,1,10,15,17,1,,,,
multi_tile,3,85,2,a,2,0,576,16,5997,5997,5998,,,,6041,6008,6023,16,1:15,6024,6039,16,1:15,6025,6040,16,1:15,,,0,,,,0,,,,0,,,,0,,1,10,15,17,1,,,,
multi_tile,3,86,2,a,2,16,704,16,6044,6044,6045,,,,6088,6055,6070,16,1:15,6071,6086,16,1:15,6072,6087,16,1:15,,,0,,,,0,,,,0,,,,0,,1,10,15,17,1,,,,
multi_tile,3,87,2,a,3,0,832,16,6091,6091,6092,,,,6135,6102,6117,16,1:15,6118,6133,16,1:15,6119,6134,16,1:15,,,0,,,,0,,,,0,,,,0,,1,10,15,17,1,,,,
multi_tile,3,88,2,a,3,16,960,16,6138,6138,6139,,,,6182,6149,6164,16,1:15,6165,6180,16,1:15,6166,6181,16,1:15,,,0,,,,0,,,,0,,,,0,,1,10,15,17,1,,,,
multi_tile,3,89,2,a,4,0,1088,16,6185,6185,6186,,,,6229,6196,6211,16,1:15,6212,6227,16,1:15,6213,6228,16,1:15,,,0,,,,0,,,,0,,,,0,,1,10,15,17,1,,,,
multi_tile,3,90,2,a,4,16,1216,16,6232,6232,6233,,,,6276,6243,6258,16,1:15,6259,6274,16,1:15,6260,6275,16,1:15,,,0,,,,0,,,,0,,,,0,,1,10,15,17,1,,,,
multi_tile,3,91,2,a,5,0,1344,16,6279,6279,6280,,,,6323,6290,6305,16,1:15,6306,6321,16,1:15,6307,6322,16,1:15,,,0,,,,0,,,,0,,,,0,,1,10,15,17,1,,,,
multi_tile,3,92,2,a,5,16,1472,16,6326,6326,6327,,,,6370,6337,6352,16,1:15,6353,6368,16,1:15,6354,6369,16,1:15,,,0,,,,0,,,,0,,,,0,,1,10,15,17,1,,,,
multi_tile,3,93,2,a,6,0,1600,16,6373,6373,6374,,,,6417,6384,6399,16,1:15,6400,6415,16,1:15,6401,6416,16,1:15,,,0,,,,0,,,,0,,,,0,,1,10,15,17,1,,,,
multi_tile,3,94,2,a,6,16,1728,16,6420,6420,6421,,,,6464,6431,6446,16,1:15,6447,6462,16,1:15,6448,6463,16,1:15,,,0,,,,0,,,,0,,,,0,,1,10,15,17,1,,,,
multi_tile,3,95,2,a,7,0,1856,16,6467,6467,6468,,,,6511,6478,6493,16,1:15,6494,6509,16,1:15,6495,6510,16,1:15,,,0,,,,0,,,,0,,,,0,,1,10,15,17,1,,,,
multi_tile,3,96,2,a,7,16,1984,16,6514,6514,6515,,,,6558,6525,6540,16,1:15,6541,6556,16,1:15,6542,6557,16,1:15,,,0,,,,0,,,,0,,,,0,,1,10,15,17,1,,,,
multi_tile,3,97,2,bt,0,0,12736,16,6566,6566,6567,,,,6610,6577,6592,16,1:15,6593,6608,16,1:15,6594,6609,16,1:15,,,0,,,,0,,,,0,,,,0,,1,10,15,17,1,,,,
multi_tile,3,98,2,bt,0,16,12864,16,6613,6613,6614,,,,6657,6624,6639,16,1:15,6640,6655,16,1:15,6641,6656,16,1:15,,,0,,,,0,,,,0,,,,0,,1,10,15,17,1,,,,
multi_tile,3,99,2,bt,1,0,12992,16,6660,6660,6661,,,,6704,6671,6686,16,1:15,6687,6702,16,1:15,6688,6703,16,1:15,,,0,,,,0,,,,0,,,,0,,1,10,15,17,1,,,,
multi_tile,3,100,2,bt,1,16,13120,16,6707,6707,6708,,,,6751,6718,6733,16,1:15,6734,6749,16,1:15,6735,6750,16,1:15,,,0,,,,0,,,,0,,,,0,,1,10,15,17,1,,,,
multi_tile,3,101,2,bt,2,0,13248,16,6754,6754,6755,,,,6798,6765,6780,16,1:15,6781,6796,16,1:15,6782,6797,16,1:15,,,0,,,,0,,,,0,,,,0,,1,10,15,17,1,,,,
multi_tile,3,102,2,bt,2,16,13376,16,6801,6801,6802,,,,6845,6812,6827,16,1:15,6828,6843,16,1:15,6829,6844,16,1:15,,,0,,,,0,,,,0,,,,0,,1,10,15,17,1,,,,
multi_tile,3,103,2,bt,3,0,13504,16,6848,6848,6849,,,,6892,6859,6874,16,1:15,6875,6890,16,1:15,6876,6891,16,1:15,,,0,,,,0,,,,0,,,,0,,1,10,15,17,1,,,,
multi_tile,3,104,2,bt,3,16,13632,16,6895,6895,6896,,,,6939,6906,6921,16,1:15,6922,6937,16,1:15,6923,6938,16,1:15,,,0,,,,0,,,,0,,,,0,,1,10,15,17,1,,,,
multi_tile,3,105,2,bt,4,0,13760,16,6942,6942,6943,,,,6986,6953,6968,16,1:15,6969,6984,16,1:15,6970,6985,16,1:15,,,0,,,,0,,,,0,,,,0,,1,10,15,17,1,,,,
multi_tile,3,106,2,bt,4,16,13888,16,6989,6989,6990,,,,7033,7000,7015,16,1:15,7016,7031,16,1:15,7017,7032,16,1:15,,,0,,,,0,,,,0,,,,0,,1,10,15,17,1,,,,
multi_tile,3,107,2,bt,5,0,14016,16,7036,7036,7037,,,,7080,7047,7062,16,1:15,7063,7078,16,1:15,7064,7079,16,1:15,,,0,,,,0,,,,0,,,,0,,1,10,15,17,1,,,,
multi_tile,3,108,2,bt,5,16,14144,16,7083,7083,7084,,,,7127,7094,7109,16,1:15,7110,7125,16,1:15,7111,7126,16,1:15,,,0,,,,0,,,,0,,,,0,,1,10,15,17,1,,,,
multi_tile,3,109,2,bt,6,0,14272,16,7130,7130,7131,,,,7174,7141,7156,16,1:15,7157,7172,16,1:15,7158,7173,16,1:15,,,0,,,,0,,,,0,,,,0,,1,10,15,17,1,,,,
multi_tile,3,110,2,bt,6,16,14400,16,7177,7177,7178,,,,7221,7188,7203,16,1:15,7204,7219,16,1:15,7205,7220,16,1:15,,,0,,,,0,,,,0,,,,0,,1,10,15,17,1,,,,
multi_tile,3,111,2,bt,7,0,14528,16,7224,7224,7225,,,,7268,7235,7250,16,1:15,7251,7266,16,1:15,7252,7267,16,1:15,,,0,,,,0,,,,0,,,,0,,1,10,15,17,1,,,,
multi_tile,3,112,2,bt,7,16,14656,16,7271,7271,7272,,,,7315,7282,7297,16,1:15,7298,7313,16,1:15,7299,7314,16,1:15,,,0,,,,0,,,,0,,,,0,,1,10,15,17,1,,,,
multi_tile,3,113,2,c,0,0,17792,4,8409,8409,,8430,8429,8441,8442,,,0,,,,0,,,,0,,8411,8426,4,5:3,8413,8428,4,5:3,8414,8429,4,5:3,8430,8433,4,1:3,,,,,,20,4,8,1
multi_tile,3,114,2,c,1,0,17984,4,8445,8445,,8466,8465,8477,8478,,,0,,,,0,,,,0,,8447,8462,4,5:3,8449,8464,4,5:3,8450,8465,4,5:3,8466,8469,4,1:3,,,,,,20,4,8,1
multi_tile,3,115,2,c,2,0,18176,4,8481,8481,,8502,8501,8513,8514,,,0,,,,0,,,,0,,8483,8498,4,5:3,8485,8500,4,5:3,8486,8501,4,5:3,8502,8505,4,1:3,,,,,,20,4,8,1
multi_tile,3,116,2,c,3,0,18368,4,8517,8517,,8538,8537,8549,8550,,,0,,,,0,,,,0,,8519,8534,4,5:3,8521,8536,4,5:3,8522,8537,4,5:3,8538,8541,4,1:3,,,,,,20,4,8,1
multi_tile,3,117,2,c,4,0,18560,4,8553,8553,,8574,8573,8585,8586,,,0,,,,0,,,,0,,8555,8570,4,5:3,8557,8572,4,5:3,8558,8573,4,5:3,8574,8577,4,1:3,,,,,,20,4,8,1
multi_tile,3,118,2,c,5,0,18752,4,8589,8589,,8610,8609,8621,8622,,,0,,,,0,,,,0,,8591,8606,4,5:3,8593,8608,4,5:3,8594,8609,4,5:3,8610,8613,4,1:3,,,,,,20,4,8,1
multi_tile,3,119,2,c,6,0,18944,4,8625,8625,,8646,8645,8657,8658,,,0,,,,0,,,,0,,8627,8642,4,5:3,8629,8644,4,5:3,8630,8645,4,5:3,8646,8649,4,1:3,,,,,,20,4,8,1
multi_tile,3,120,2,c,7,0,19136,4,8661,8661,,8682,8681,8693,8694,,,0,,,,0,,,,0,,8663,8678,4,5:3,8665,8680,4,5:3,8666,8681,4,5:3,8682,8685,4,1:3,,,,,,20,4,8,1
multi_tile,3,121,3,a,0,0,64,16,8703,8703,8704,,,,8747,8714,8729,16,1:15,8730,8745,16,1:15,8731,8746,16,1:15,,,0,,,,0,,,,0,,,,0,,1,10,15,17,1,,,,
multi_tile,3,122,3,a,0,16,192,16,8750,8750,8751,,,,8794,8761,8776,16,1:15,8777,8792,16,1:15,8778,8793,16,1:15,,,0,,,,0,,,,0,,,,0,,1,10,15,17,1,,,,
multi_tile,3,123,3,a,1,0,320,16,8797,8797,8798,,,,8841,8808,8823,16,1:15,8824,8839,16,1:15,8825,8840,16,1:15,,,0,,,,0,,,,0,,,,0,,1,10,15,17,1,,,,
multi_tile,3,124,3,a,1,16,448,16,8844,8844,8845,,,,8888,8855,8870,16,1:15,8871,8886,16,1:15,8872,8887,16,1:15,,,0,,,,0,,,,0,,,,0,,1,10,15,17,1,,,,
multi_tile,3,125,3,a,2,0,576,16,8891,8891,8892,,,,8935,8902,8917,16,1:15,8918,8933,16,1:15,8919,8934,16,1:15,,,0,,,,0,,,,0,,,,0,,1,10,15,17,1,,,,
multi_tile,3,126,3,a,2,16,704,16,8938,8938,8939,,,,8982,8949,8964,16,1:15,8965,8980,16,1:15,8966,8981,16,1:15,,,0,,,,0,,,,0,,,,0,,1,10,15,17,1,,,,
multi_tile,3,127,3,a,3,0,832,16,8985,8985,8986,,,,9029,8996,9011,16,1:15,9012,9027,16,1:15,9013,9028,16,1:15,,,0,,,,0,,,,0,,,,0,,1,10,15,17,1,,,,
multi_tile,3,128,3,a,3,16,960,16,9032,9032,9033,,,,9076,9043,9058,16,1:15,9059,9074,16,1:15,9060,9075,16,1:15,,,0,,,,0,,,,0,,,,0,,1,10,15,17,1,,,,
multi_tile,3,129,3,a,4,0,1088,16,9079,9079,9080,,,,9123,9090,9105,16,1:15,9106,9121,16,1:15,9107,9122,16,1:15,,,0,,,,0,,,,0,,,,0,,1,10,15,17,1,,,,
multi_tile,3,130,3,a,4,16,1216,16,9126,9126,9127,,,,9170,9137,9152,16,1:15,9153,9168,16,1:15,9154,9169,16,1:15,,,0,,,,0,,,,0,,,,0,,1,10,15,17,1,,,,
multi_tile,3,131,3,a,5,0,1344,16,9173,9173,9174,,,,9217,9184,9199,16,1:15,9200,9215,16,1:15,9201,9216,16,1:15,,,0,,,,0,,,,0,,,,0,,1,10,15,17,1,,,,
multi_tile,3,132,3,a,5,16,1472,16,9220,9220,9221,,,,9264,9231,9246,16,1:15,9247,9262,16,1:15,9248,9263,16,1:15,,,0,,,,0,,,,0,,,,0,,1,10,15,17,1,,,,
multi_tile,3,133,3,a,6,0,1600,16,9267,9267,9268,,,,9311,9278,9293,16,1:15,9294,9309,16,1:15,9295,9310,16,1:15,,,0,,,,0,,,,0,,,,0,,1,10,15,17,1,,,,
multi_tile,3,134,3,a,6,16,1728,16,9314,9314,9315,,,,9358,9325,9340,16,1:15,9341,9356,16,1:15,9342,9357,16,1:15,,,0,,,,0,,,,0,,,,0,,1,10,15,17,1,,,,
multi_tile,3,135,3,a,7,0,1856,16,9361,9361,9362,,,,9405,9372,9387,16,1:15,9388,9403,16,1:15,9389,9404,16,1:15,,,0,,,,0,,,,0,,,,0,,1,10,15,17,1,,,,
multi_tile,3,136,3,a,7,16,1984,16,9408,9408,9409,,,,9452,9419,9434,16,1:15,9435,9450,16,1:15,9436,9451,16,1:15,,,0,,,,0,,,,0,,,,0,,1,10,15,17,1,,,,
multi_tile,3,137,3,bt,0,0,14784,16,9460,9460,9461,,,,9504,9471,9486,16,1:15,9487,9502,16,1:15,9488,9503,16,1:15,,,0,,,,0,,,,0,,,,0,,1,10,15,17,1,,,,
multi_tile,3,138,3,bt,0,16,14912,16,9507,9507,9508,,,,9551,9518,9533,16,1:15,9534,9549,16,1:15,9535,9550,16,1:15,,,0,,,,0,,,,0,,,,0,,1,10,15,17,1,,,,
multi_tile,3,139,3,bt,1,0,15040,16,9554,9554,9555,,,,9598,9565,9580,16,1:15,9581,9596,16,1:15,9582,9597,16,1:15,,,0,,,,0,,,,0,,,,0,,1,10,15,17,1,,,,
multi_tile,3,140,3,bt,1,16,15168,16,9601,9601,9602,,,,9645,9612,9627,16,1:15,9628,9643,16,1:15,9629,9644,16,1:15,,,0,,,,0,,,,0,,,,0,,1,10,15,17,1,,,,
multi_tile,3,141,3,bt,2,0,15296,16,9648,9648,9649,,,,9692,9659,9674,16,1:15,9675,9690,16,1:15,9676,9691,16,1:15,,,0,,,,0,,,,0,,,,0,,1,10,15,17,1,,,,
multi_tile,3,142,3,bt,2,16,15424,16,9695,9695,9696,,,,9739,9706,9721,16,1:15,9722,9737,16,1:15,9723,9738,16,1:15,,,0,,,,0,,,,0,,,,0,,1,10,15,17,1,,,,
multi_tile,3,143,3,bt,3,0,15552,16,9742,9742,9743,,,,9786,9753,9768,16,1:15,9769,9784,16,1:15,9770,9785,16,1:15,,,0,,,,0,,,,0,,,,0,,1,10,15,17,1,,,,
multi_tile,3,144,3,bt,3,16,15680,16,9789,9789,9790,,,,9833,9800,9815,16,1:15,9816,9831,16,1:15,9817,9832,16,1:15,,,0,,,,0,,,,0,,,,0,,1,10,15,17,1,,,,
multi_tile,3,145,3,bt,4,0,15808,16,9836,9836,9837,,,,9880,9847,9862,16,1:15,9863,9878,16,1:15,9864,9879,16,1:15,,,0,,,,0,,,,0,,,,0,,1,10,15,17,1,,,,
multi_tile,3,146,3,bt,4,16,15936,16,9883,9883,9884,,,,9927,9894,9909,16,1:15,9910,9925,16,1:15,9911,9926,16,1:15,,,0,,,,0,,,,0,,,,0,,1,10,15,17,1,,,,
multi_tile,3,147,3,bt,5,0,16064,16,9930,9930,9931,,,,9974,9941,9956,16,1:15,9957,9972,16,1:15,9958,9973,16,1:15,,,0,,,,0,,,,0,,,,0,,1,10,15,17,1,,,,
multi_tile,3,148,3,bt,5,16,16192,16,9977,9977,9978,,,,10021,9988,10003,16,1:15,10004,10019,16,1:15,10005,10020,16,1:15,,,0,,,,0,,,,0,,,,0,,1,10,15,17,1,,,,
multi_tile,3,149,3,bt,6,0,16320,8,10024,10024,10025,,,,10052,10035,10042,8,1:7,10043,10050,8,1:7,10044,10051,8,1:7,,,0,,,,0,,,,0,,,,0,,1,10,7,9,1,,,,
multi_tile,3,150,3,bt,6,8,16384,16,10055,10055,10056,,,,10099,10066,10081,16,1:15,10082,10097,16,1:15,10083,10098,16,1:15,,,0,,,,0,,,,0,,,,0,,1,10,15,17,1,,,,
multi_tile,3,151,3,bt,6,24,16512,8,10102,10102,10103,,,,10130,10113,10120,8,1:7,10121,10128,8,1:7,10122,10129,8,1:7,,,0,,,,0,,,,0,,,,0,,1,10,7,9,1,,,,
multi_tile,3,152,3,bt,7,0,16576,16,10133,10133,10134,,,,10177,10144,10159,16,1:15,10160,10175,16,1:15,10161,10176,16,1:15,,,0,,,,0,,,,0,,,,0,,1,10,15,17,1,,,,
multi_tile,3,153,3,bt,7,16,16704,16,10180,10180,10181,,,,10224,10191,10206,16,1:15,10207,10222,16,1:15,10208,10223,16,1:15,,,0,,,,0,,,,0,,,,0,,1,10,15,17,1,,,,
multi_tile,3,154,3,c,0,0,17824,4,11318,11318,,11339,11338,11350,11351,,,0,,,,0,,,,0,,11320,11335,4,5:3,11322,11337,4,5:3,11323,11338,4,5:3,11339,11342,4,1:3,,,,,,20,4,8,1
multi_tile,3,155,3,c,1,0,18016,4,11354,11354,,11375,11374,11386,11387,,,0,,,,0,,,,0,,11356,11371,4,5:3,11358,11373,4,5:3,11359,11374,4,5:3,11375,11378,4,1:3,,,,,,20,4,8,1
multi_tile,3,156,3,c,2,0,18208,4,11390,11390,,11411,11410,11422,11423,,,0,,,,0,,,,0,,11392,11407,4,5:3,11394,11409,4,5:3,11395,11410,4,5:3,11411,11414,4,1:3,,,,,,20,4,8,1
multi_tile,3,157,3,c,3,0,18400,4,11426,11426,,11447,11446,11458,11459,,,0,,,,0,,,,0,,11428,11443,4,5:3,11430,11445,4,5:3,11431,11446,4,5:3,11447,11450,4,1:3,,,,,,20,4,8,1
multi_tile,3,158,3,c,4,0,18592,4,11462,11462,,11483,11482,11494,11495,,,0,,,,0,,,,0,,11464,11479,4,5:3,11466,11481,4,5:3,11467,11482,4,5:3,11483,11486,4,1:3,,,,,,20,4,8,1
multi_tile,3,159,3,c,5,0,18784,4,11498,11498,,11519,11518,11530,11531,,,0,,,,0,,,,0,,11500,11515,4,5:3,11502,11517,4,5:3,11503,11518,4,5:3,11519,11522,4,1:3,,,,,,20,4,8,1
multi_tile,3,160,3,c,6,0,18976,4,11534,11534,,11555,11554,11566,11567,,,0,,,,0,,,,0,,11536,11551,4,5:3,11538,11553,4,5:3,11539,11554,4,5:3,11555,11558,4,1:3,,,,,,20,4,8,1
multi_tile,3,161,3,c,7,0,19168,4,11570,11570,,11591,11590,11602,11603,,,0,,,,0,,,,0,,11572,11587,4,5:3,11574,11589,4,5:3,11575,11590,4,5:3,11591,11594,4,1:3,,,,,,20,4,8,1
multi_tile,3,162,4,a,0,0,64,16,11612,11612,11613,,,,11656,11623,11638,16,1:15,11639,11654,16,1:15,11640,11655,16,1:15,,,0,,,,0,,,,0,,,,0,,1,10,15,17,1,,,,
multi_tile,3,163,4,a,0,16,192,16,11659,11659,11660,,,,11703,11670,11685,16,1:15,11686,11701,16,1:15,11687,11702,16,1:15,,,0,,,,0,,,,0,,,,0,,1,10,15,17,1,,,,
multi_tile,3,164,4,a,1,0,320,16,11706,11706,11707,,,,11750,11717,11732,16,1:15,11733,11748,16,1:15,11734,11749,16,1:15,,,0,,,,0,,,,0,,,,0,,1,10,15,17,1,,,,
multi_tile,3,165,4,a,1,16,448,16,11753,11753,11754,,,,11797,11764,11779,16,1:15,11780,11795,16,1:15,11781,11796,16,1:15,,,0,,,,0,,,,0,,,,0,,1,10,15,17,1,,,,
multi_tile,3,166,4,a,2,0,576,16,11800,11800,11801,,,,11844,11811,11826,16,1:15,11827,11842,16,1:15,11828,11843,16,1:15,,,0,,,,0,,,,0,,,,0,,1,10,15,17,1,,,,
multi_tile,3,167,4,a,2,16,704,16,11847,11847,11848,,,,11891,11858,11873,16,1:15,11874,11889,16,1:15,11875,11890,16,1:15,,,0,,,,0,,,,0,,,,0,,1,10,15,17,1,,,,
multi_tile,3,168,4,a,3,0,832,16,11894,11894,11895,,,,11938,11905,11920,16,1:15,11921,11936,16,1:15,11922,11937,16,1:15,,,0,,,,0,,,,0,,,,0,,1,10,15,17,1,,,,
multi_tile,3,169,4,a,3,16,960,16,11941,11941,11942,,,,11985,11952,11967,16,1:15,11968,11983,16,1:15,11969,11984,16,1:15,,,0,,,,0,,,,0,,,,0,,1,10,15,17,1,,,,
multi_tile,3,170,4,a,4,0,1088,16,11988,11988,11989,,,,12032,11999,12014,16,1:15,12015,12030,16,1:15,12016,12031,16,1:15,,,0,,,,0,,,,0,,,,0,,1,10,15,17,1,,,,
multi_tile,3,171,4,a,4,16,1216,16,12035,12035,12036,,,,12079,12046,12061,16,1:15,12062,12077,16,1:15,12063,12078,16,1:15,,,0,,,,0,,,,0,,,,0,,1,10,15,17,1,,,,
multi_tile,3,172,4,a,5,0,1344,16,12082,12082,12083,,,,12126,12093,12108,16,1:15,12109,12124,16,1:15,12110,12125,16,1:15,,,0,,,,0,,,,0,,,,0,,1,10,15,17,1,,,,
multi_tile,3,173,4,a,5,16,1472,16,12129,12129,12130,,,,12173,12140,12155,16,1:15,12156,12171,16,1:15,12157,12172,16,1:15,,,0,,,,0,,,,0,,,,0,,1,10,15,17,1,,,,
multi_tile,3,174,4,a,6,0,1600,16,12176,12176,12177,,,,12220,12187,12202,16,1:15,12203,12218,16,1:15,12204,12219,16,1:15,,,0,,,,0,,,,0,,,,0,,1,10,15,17,1,,,,
multi_tile,3,175,4,a,6,16,1728,16,12223,12223,12224,,,,12267,12234,12249,16,1:15,12250,12265,16,1:15,12251,12266,16,1:15,,,0,,,,0,,,,0,,,,0,,1,10,15,17,1,,,,
multi_tile,3,176,4,a,7,0,1856,16,12270,12270,12271,,,,12314,12281,12296,16,1:15,12297,12312,16,1:15,12298,12313,16,1:15,,,0,,,,0,,,,0,,,,0,,1,10,15,17,1,,,,
multi_tile,3,177,4,a,7,16,1984,16,12317,12317,12318,,,,12361,12328,12343,16,1:15,12344,12359,16,1:15,12345,12360,16,1:15,,,0,,,,0,,,,0,,,,0,,1,10,15,17,1,,,,
multi_tile,3,178,4,bt,0,0,16832,16,12369,12369,12370,,,,12413,12380,12395,16,1:15,12396,12411,16,1:15,12397,12412,16,1:15,,,0,,,,0,,,,0,,,,0,,1,10,15,17,1,,,,
multi_tile,3,179,4,bt,0,16,16960,16,12416,12416,12417,,,,12460,12427,12442,16,1:15,12443,12458,16,1:15,12444,12459,16,1:15,,,0,,,,0,,,,0,,,,0,,1,10,15,17,1,,,,
multi_tile,3,180,4,bt,1,0,17088,16,12463,12463,12464,,,,12507,12474,12489,16,1:15,12490,12505,16,1:15,12491,12506,16,1:15,,,0,,,,0,,,,0,,,,0,,1,10,15,17,1,,,,
multi_tile,3,181,4,bt,1,16,17216,16,12510,12510,12511,,,,12554,12521,12536,16,1:15,12537,12552,16,1:15,12538,12553,16,1:15,,,0,,,,0,,,,0,,,,0,,1,10,15,17,1,,,,
multi_tile,3,182,4,bt,2,0,17344,16,12557,12557,12558,,,,12601,12568,12583,16,1:15,12584,12599,16,1:15,12585,12600,16,1:15,,,0,,,,0,,,,0,,,,0,,1,10,15,17,1,,,,
multi_tile,3,183,4,bt,2,16,17472,16,12604,12604,12605,,,,12648,12615,12630,16,1:15,12631,12646,16,1:15,12632,12647,16,1:15,,,0,,,,0,,,,0,,,,0,,1,10,15,17,1,,,,
multi_tile,3,184,4,c,0,0,17856,2,13200,13200,,13211,13210,13220,13221,,,0,,,,0,,,,0,,13202,13207,2,5:1,13204,13209,2,5:1,13205,13210,2,5:1,13211,13212,2,1:1,,,,,,10,2,8,1
multi_tile,3,185,4,c,1,0,18048,2,13224,13224,,13235,13234,13244,13245,,,0,,,,0,,,,0,,13226,13231,2,5:1,13228,13233,2,5:1,13229,13234,2,5:1,13235,13236,2,1:1,,,,,,10,2,8,1
multi_tile,3,186,4,c,2,0,18240,2,13248,13248,,13259,13258,13268,13269,,,0,,,,0,,,,0,,13250,13255,2,5:1,13252,13257,2,5:1,13253,13258,2,5:1,13259,13260,2,1:1,,,,,,10,2,8,1
multi_tile,3,187,4,c,3,0,18432,2,13272,13272,,13283,13282,13292,13293,,,0,,,,0,,,,0,,13274,13279,2,5:1,13276,13281,2,5:1,13277,13282,2,5:1,13283,13284,2,1:1,,,,,,10,2,8,1
multi_tile,3,188,4,c,4,0,18624,2,13296,13296,,13307,13306,13316,13317,,,0,,,,0,,,,0,,13298,13303,2,5:1,13300,13305,2,5:1,13301,13306,2,5:1,13307,13308,2,1:1,,,,,,10,2,8,1
multi_tile,3,189,4,c,5,0,18816,2,13320,13320,,13331,13330,13340,13341,,,0,,,,0,,,,0,,13322,13327,2,5:1,13324,13329,2,5:1,13325,13330,2,5:1,13331,13332,2,1:1,,,,,,10,2,8,1
multi_tile,3,190,4,c,6,0,19008,2,13344,13344,,13355,13354,13364,13365,,,0,,,,0,,,,0,,13346,13351,2,5:1,13348,13353,2,5:1,13349,13354,2,5:1,13355,13356,2,1:1,,,,,,10,2,8,1
multi_tile,3,191,4,c,7,0,19200,2,13368,13368,,13379,13378,13388,13389,,,0,,,,0,,,,0,,13370,13375,2,5:1,13372,13377,2,5:1,13373,13378,2,5:1,13379,13380,2,1:1,,,,,,10,2,8,1
multi_tile,3,192,5,a,0,0,2112,16,13398,13398,13399,,,,13442,13409,13424,16,1:15,13425,13440,16,1:15,13426,13441,16,1:15,,,0,,,,0,,,,0,,,,0,,1,10,15,17,1,,,,
multi_tile,3,193,5,a,0,16,2240,16,13445,13445,13446,,,,13489,13456,13471,16,1:15,13472,13487,16,1:15,13473,13488,16,1:15,,,0,,,,0,,,,0,,,,0,,1,10,15,17,1,,,,
multi_tile,3,194,5,a,1,0,2368,16,13492,13492,13493,,,,13536,13503,13518,16,1:15,13519,13534,16,1:15,13520,13535,16,1:15,,,0,,,,0,,,,0,,,,0,,1,10,15,17,1,,,,
multi_tile,3,195,5,a,1,16,2496,16,13539,13539,13540,,,,13583,13550,13565,16,1:15,13566,13581,16,1:15,13567,13582,16,1:15,,,0,,,,0,,,,0,,,,0,,1,10,15,17,1,,,,
multi_tile,3,196,5,a,2,0,2624,16,13586,13586,13587,,,,13630,13597,13612,16,1:15,13613,13628,16,1:15,13614,13629,16,1:15,,,0,,,,0,,,,0,,,,0,,1,10,15,17,1,,,,
multi_tile,3,197,5,a,2,16,2752,16,13633,13633,13634,,,,13677,13644,13659,16,1:15,13660,13675,16,1:15,13661,13676,16,1:15,,,0,,,,0,,,,0,,,,0,,1,10,15,17,1,,,,
multi_tile,3,198,5,a,3,0,2880,16,13680,13680,13681,,,,13724,13691,13706,16,1:15,13707,13722,16,1:15,13708,13723,16,1:15,,,0,,,,0,,,,0,,,,0,,1,10,15,17,1,,,,
multi_tile,3,199,5,a,3,16,3008,16,13727,13727,13728,,,,13771,13738,13753,16,1:15,13754,13769,16,1:15,13755,13770,16,1:15,,,0,,,,0,,,,0,,,,0,,1,10,15,17,1,,,,
multi_tile,3,200,5,a,4,0,3136,16,13774,13774,13775,,,,13818,13785,13800,16,1:15,13801,13816,16,1:15,13802,13817,16,1:15,,,0,,,,0,,,,0,,,,0,,1,10,15,17,1,,,,
multi_tile,3,201,5,a,4,16,3264,16,13821,13821,13822,,,,13865,13832,13847,16,1:15,13848,13863,16,1:15,13849,13864,16,1:15,,,0,,,,0,,,,0,,,,0,,1,10,15,17,1,,,,
multi_tile,3,202,5,a,5,0,3392,16,13868,13868,13869,,,,13912,13879,13894,16,1:15,13895,13910,16,1:15,13896,13911,16,1:15,,,0,,,,0,,,,0,,,,0,,1,10,15,17,1,,,,
multi_tile,3,203,5,a,5,16,3520,16,13915,13915,13916,,,,13959,13926,13941,16,1:15,13942,13957,16,1:15,13943,13958,16,1:15,,,0,,,,0,,,,0,,,,0,,1,10,15,17,1,,,,
multi_tile,3,204,5,a,6,0,3648,16,13962,13962,13963,,,,14006,13973,13988,16,1:15,13989,14004,16,1:15,13990,14005,16,1:15,,,0,,,,0,,,,0,,,,0,,1,10,15,17,1,,,,
multi_tile,3,205,5,a,6,16,3776,16,14009,14009,14010,,,,14053,14020,14035,16,1:15,14036,14051,16,1:15,14037,14052,16,1:15,,,0,,,,0,,,,0,,,,0,,1,10,15,17,1,,,,
multi_tile,3,206,5,a,7,0,3904,16,14056,14056,14057,,,,14100,14067,14082,16,1:15,14083,14098,16,1:15,14084,14099,16,1:15,,,0,,,,0,,,,0,,,,0,,1,10,15,17,1,,,,
multi_tile,3,207,5,a,7,16,4032,8,14103,14103,14104,,,,14131,14114,14121,8,1:7,14122,14129,8,1:7,14123,14130,8,1:7,,,0,,,,0,,,,0,,,,0,,1,10,7,9,1,,,,
multi_tile,3,208,5,a,7,24,4096,8,14134,14134,14135,,,,14162,14145,14152,8,1:7,14153,14160,8,1:7,14154,14161,8,1:7,,,0,,,,0,,,,0,,,,0,,1,10,7,9,1,,,,
multi_tile,3,209,5,bt,0,0,8640,16,14170,14170,14171,,,,14214,14181,14196,16,1:15,14197,14212,16,1:15,14198,14213,16,1:15,,,0,,,,0,,,,0,,,,0,,1,10,15,17,1,,,,
multi_tile,3,210,5,bt,0,16,8768,16,14217,14217,14218,,,,14261,14228,14243,16,1:15,14244,14259,16,1:15,14245,14260,16,1:15,,,0,,,,0,,,,0,,,,0,,1,10,15,17,1,,,,
multi_tile,3,211,5,bt,1,0,8896,16,14264,14264,14265,,,,14308,14275,14290,16,1:15,14291,14306,16,1:15,14292,14307,16,1:15,,,0,,,,0,,,,0,,,,0,,1,10,15,17,1,,,,
multi_tile,3,212,5,bt,1,16,9024,16,14311,14311,14312,,,,14355,14322,14337,16,1:15,14338,14353,16,1:15,14339,14354,16,1:15,,,0,,,,0,,,,0,,,,0,,1,10,15,17,1,,,,
multi_tile,3,213,5,bt,2,0,9152,16,14358,14358,14359,,,,14402,14369,14384,16,1:15,14385,14400,16,1:15,14386,14401,16,1:15,,,0,,,,0,,,,0,,,,0,,1,10,15,17,1,,,,
multi_tile,3,214,5,bt,2,16,9280,16,14405,14405,14406,,,,14449,14416,14431,16,1:15,14432,14447,16,1:15,14433,14448,16,1:15,,,0,,,,0,,,,0,,,,0,,1,10,15,17,1,,,,
multi_tile,3,215,5,bt,3,0,9408,16,14452,14452,14453,,,,14496,14463,14478,16,1:15,14479,14494,16,1:15,14480,14495,16,1:15,,,0,,,,0,,,,0,,,,0,,1,10,15,17,1,,,,
multi_tile,3,216,5,bt,3,16,9536,16,14499,14499,14500,,,,14543,14510,14525,16,1:15,14526,14541,16,1:15,14527,14542,16,1:15,,,0,,,,0,,,,0,,,,0,,1,10,15,17,1,,,,
multi_tile,3,217,5,bt,4,0,9664,16,14546,14546,14547,,,,14590,14557,14572,16,1:15,14573,14588,16,1:15,14574,14589,16,1:15,,,0,,,,0,,,,0,,,,0,,1,10,15,17,1,,,,
multi_tile,3,218,5,bt,4,16,9792,16,14593,14593,14594,,,,14637,14604,14619,16,1:15,14620,14635,16,1:15,14621,14636,16,1:15,,,0,,,,0,,,,0,,,,0,,1,10,15,17,1,,,,
multi_tile,3,219,5,bt,5,0,9920,16,14640,14640,14641,,,,14684,14651,14666,16,1:15,14667,14682,16,1:15,14668,14683,16,1:15,,,0,,,,0,,,,0,,,,0,,1,10,15,17,1,,,,
multi_tile,3,220,5,bt,5,16,10048,16,14687,14687,14688,,,,14731,14698,14713,16,1:15,14714,14729,16,1:15,14715,14730,16,1:15,,,0,,,,0,,,,0,,,,0,,1,10,15,17,1,,,,
multi_tile,3,221,5,bt,6,0,10176,16,14734,14734,14735,,,,14778,14745,14760,16,1:15,14761,14776,16,1:15,14762,14777,16,1:15,,,0,,,,0,,,,0,,,,0,,1,10,15,17,1,,,,
multi_tile,3,222,5,bt,6,16,10304,16,14781,14781,14782,,,,14825,14792,14807,16,1:15,14808,14823,16,1:15,14809,14824,16,1:15,,,0,,,,0,,,,0,,,,0,,1,10,15,17,1,,,,
multi_tile,3,223,5,bt,7,0,10432,16,14828,14828,14829,,,,14872,14839,14854,16,1:15,14855,14870,16,1:15,14856,14871,16,1:15,,,0,,,,0,,,,0,,,,0,,1,10,15,17,1,,,,
multi_tile,3,224,5,bt,7,16,10560,16,14875,14875,14876,,,,14919,14886,14901,16,1:15,14902,14917,16,1:15,14903,14918,16,1:15,,,0,,,,0,,,,0,,,,0,,1,10,15,17,1,,,,
multi_tile,3,225,5,c,0,0,19264,4,16013,16013,,16034,16033,16045,16046,,,0,,,,0,,,,0,,16015,16030,4,5:3,16017,16032,4,5:3,16018,16033,4,5:3,16034,16037,4,1:3,,,,,,20,4,8,1
multi_tile,3,226,5,c,1,0,19456,4,16049,16049,,16070,16069,16081,16082,,,0,,,,0,,,,0,,16051,16066,4,5:3,16053,16068,4,5:3,16054,16069,4,5:3,16070,16073,4,1:3,,,,,,20,4,8,1
multi_tile,3,227,5,c,2,0,19648,4,16085,16085,,16106,16105,16117,16118,,,0,,,,0,,,,0,,16087,16102,4,5:3,16089,16104,4,5:3,16090,16105,4,5:3,16106,16109,4,1:3,,,,,,20,4,8,1
multi_tile,3,228,5,c,3,0,19840,4,16121,16121,,16142,16141,16153,16154,,,0,,,,0,,,,0,,16123,16138,4,5:3,16125,16140,4,5:3,16126,16141,4,5:3,16142,16145,4,1:3,,,,,,20,4,8,1
multi_tile,3,229,5,c,4,0,20032,4,16157,16157,,16178,16177,16189,16190,,,0,,,,0,,,,0,,16159,16174,4,5:3,16161,16176,4,5:3,16162,16177,4,5:3,16178,16181,4,1:3,,,,,,20,4,8,1
multi_tile,3,230,5,c,5,0,20224,4,16193,16193,,16214,16213,16225,16226,,,0,,,,0,,,,0,,16195,16210,4,5:3,16197,16212,4,5:3,16198,16213,4,5:3,16214,16217,4,1:3,,,,,,20,4,8,1
multi_tile,3,231,5,c,6,0,20416,4,16229,16229,,16250,16249,16261,16262,,,0,,,,0,,,,0,,16231,16246,4,5:3,16233,16248,4,5:3,16234,16249,4,5:3,16250,16253,4,1:3,,,,,,20,4,8,1
multi_tile,3,232,5,c,7,0,20608,4,16265,16265,,16286,16285,16297,16298,,,0,,,,0,,,,0,,16267,16282,4,5:3,16269,16284,4,5:3,16270,16285,4,5:3,16286,16289,4,1:3,,,,,,20,4,8,1
multi_tile,3,233,6,a,0,0,2112,16,16307,16307,16308,,,,16351,16318,16333,16,1:15,16334,16349,16,1:15,16335,16350,16,1:15,,,0,,,,0,,,,0,,,,0,,1,10,15,17,1,,,,
multi_tile,3,234,6,a,0,16,2240,16,16354,16354,16355,,,,16398,16365,16380,16,1:15,16381,16396,16,1:15,16382,16397,16,1:15,,,0,,,,0,,,,0,,,,0,,1,10,15,17,1,,,,
multi_tile,3,235,6,a,1,0,2368,16,16401,16401,16402,,,,16445,16412,16427,16,1:15,16428,16443,16,1:15,16429,16444,16,1:15,,,0,,,,0,,,,0,,,,0,,1,10,15,17,1,,,,
multi_tile,3,236,6,a,1,16,2496,16,16448,16448,16449,,,,16492,16459,16474,16,1:15,16475,16490,16,1:15,16476,16491,16,1:15,,,0,,,,0,,,,0,,,,0,,1,10,15,17,1,,,,
multi_tile,3,237,6,a,2,0,2624,16,16495,16495,16496,,,,16539,16506,16521,16,1:15,16522,16537,16,1:15,16523,16538,16,1:15,,,0,,,,0,,,,0,,,,0,,1,10,15,17,1,,,,
multi_tile,3,238,6,a,2,16,2752,16,16542,16542,16543,,,,16586,16553,16568,16,1:15,16569,16584,16,1:15,16570,16585,16,1:15,,,0,,,,0,,,,0,,,,0,,1,10,15,17,1,,,,
multi_tile,3,239,6,a,3,0,2880,16,16589,16589,16590,,,,16633,16600,16615,16,1:15,16616,16631,16,1:15,16617,16632,16,1:15,,,0,,,,0,,,,0,,,,0,,1,10,15,17,1,,,,
multi_tile,3,240,6,a,3,16,3008,16,16636,16636,16637,,,,16680,16647,16662,16,1:15,16663,16678,16,1:15,16664,16679,16,1:15,,,0,,,,0,,,,0,,,,0,,1,10,15,17,1,,,,
multi_tile,3,241,6,a,4,0,3136,16,16683,16683,16684,,,,16727,16694,16709,16,1:15,16710,16725,16,1:15,16711,16726,16,1:15,,,0,,,,0,,,,0,,,,0,,1,10,15,17,1,,,,
multi_tile,3,242,6,a,4,16,3264,16,16730,16730,16731,,,,16774,16741,16756,16,1:15,16757,16772,16,1:15,16758,16773,16,1:15,,,0,,,,0,,,,0,,,,0,,1,10,15,17,1,,,,
multi_tile,3,243,6,a,5,0,3392,16,16777,16777,16778,,,,16821,16788,16803,16,1:15,16804,16819,16,1:15,16805,16820,16,1:15,,,0,,,,0,,,,0,,,,0,,1,10,15,17,1,,,,
multi_tile,3,244,6,a,5,16,3520,16,16824,16824,16825,,,,16868,16835,16850,16,1:15,16851,16866,16,1:15,16852,16867,16,1:15,,,0,,,,0,,,,0,,,,0,,1,10,15,17,1,,,,
multi_tile,3,245,6,a,6,0,3648,16,16871,16871,16872,,,,16915,16882,16897,16,1:15,16898,16913,16,1:15,16899,16914,16,1:15,,,0,,,,0,,,,0,,,,0,,1,10,15,17,1,,,,
multi_tile,3,246,6,a,6,16,3776,16,16918,16918,16919,,,,16962,16929,16944,16,1:15,16945,16960,16,1:15,16946,16961,16,1:15,,,0,,,,0,,,,0,,,,0,,1,10,15,17,1,,,,
multi_tile,3,247,6,a,7,0,3904,16,16965,16965,16966,,,,17009,16976,16991,16,1:15,16992,17007,16,1:15,16993,17008,16,1:15,,,0,,,,0,,,,0,,,,0,,1,10,15,17,1,,,,
multi_tile,3,248,6,a,7,16,4032,8,17012,17012,17013,,,,17040,17023,17030,8,1:7,17031,17038,8,1:7,17032,17039,8,1:7,,,0,,,,0,,,,0,,,,0,,1,10,7,9,1,,,,
multi_tile,3,249,6,a,7,24,4096,8,17043,17043,17044,,,,17071,17054,17061,8,1:7,17062,17069,8,1:7,17063,17070,8,1:7,,,0,,,,0,,,,0,,,,0,,1,10,7,9,1,,,,
multi_tile,3,250,6,bt,0,0,10688,16,17079,17079,17080,,,,17123,17090,17105,16,1:15,17106,17121,16,1:15,17107,17122,16,1:15,,,0,,,,0,,,,0,,,,0,,1,10,15,17,1,,,,
multi_tile,3,251,6,bt,0,16,10816,16,17126,17126,17127,,,,17170,17137,17152,16,1:15,17153,17168,16,1:15,17154,17169,16,1:15,,,0,,,,0,,,,0,,,,0,,1,10,15,17,1,,,,
multi_tile,3,252,6,bt,1,0,10944,16,17173,17173,17174,,,,17217,17184,17199,16,1:15,17200,17215,16,1:15,17201,17216,16,1:15,,,0,,,,0,,,,0,,,,0,,1,10,15,17,1,,,,
multi_tile,3,253,6,bt,1,16,11072,16,17220,17220,17221,,,,17264,17231,17246,16,1:15,17247,17262,16,1:15,17248,17263,16,1:15,,,0,,,,0,,,,0,,,,0,,1,10,15,17,1,,,,
multi_tile,3,254,6,bt,2,0,11200,16,17267,17267,17268,,,,17311,17278,17293,16,1:15,17294,17309,16,1:15,17295,17310,16,1:15,,,0,,,,0,,,,0,,,,0,,1,10,15,17,1,,,,
multi_tile,3,255,6,bt,2,16,11328,16,17314,17314,17315,,,,17358,17325,17340,16,1:15,17341,17356,16,1:15,17342,17357,16,1:15,,,0,,,,0,,,,0,,,,0,,1,10,15,17,1,,,,
multi_tile,3,256,6,bt,3,0,11456,16,17361,17361,17362,,,,17405,17372,17387,16,1:15,17388,17403,16,1:15,17389,17404,16,1:15,,,0,,,,0,,,,0,,,,0,,1,10,15,17,1,,,,
multi_tile,3,257,6,bt,3,16,11584,16,17408,17408,17409,,,,17452,17419,17434,16,1:15,17435,17450,16,1:15,17436,17451,16,1:15,,,0,,,,0,,,,0,,,,0,,1,10,15,17,1,,,,
multi_tile,3,258,6,bt,4,0,11712,16,17455,17455,17456,,,,17499,17466,17481,16,1:15,17482,17497,16,1:15,17483,17498,16,1:15,,,0,,,,0,,,,0,,,,0,,1,10,15,17,1,,,,
multi_tile,3,259,6,bt,4,16,11840,16,17502,17502,17503,,,,17546,17513,17528,16,1:15,17529,17544,16,1:15,17530,17545,16,1:15,,,0,,,,0,,,,0,,,,0,,1,10,15,17,1,,,,
multi_tile,3,260,6,bt,5,0,11968,16,17549,17549,17550,,,,17593,17560,17575,16,1:15,17576,17591,16,1:15,17577,17592,16,1:15,,,0,,,,0,,,,0,,,,0,,1,10,15,17,1,,,,
multi_tile,3,261,6,bt,5,16,12096,16,17596,17596,17597,,,,17640,17607,17622,16,1:15,17623,17638,16,1:15,17624,17639,16,1:15,,,0,,,,0,,,,0,,,,0,,1,10,15,17,1,,,,
multi_tile,3,262,6,bt,6,0,12224,8,17643,17643,17644,,,,17671,17654,17661,8,1:7,17662,17669,8,1:7,17663,17670,8,1:7,,,0,,,,0,,,,0,,,,0,,1,10,7,9,1,,,,
multi_tile,3,263,6,bt,6,8,12288,16,17674,17674,17675,,,,17718,17685,17700,16,1:15,17701,17716,16,1:15,17702,17717,16,1:15,,,0,,,,0,,,,0,,,,0,,1,10,15,17,1,,,,
multi_tile,3,264,6,bt,6,24,12416,8,17721,17721,17722,,,,17749,17732,17739,8,1:7,17740,17747,8,1:7,17741,17748,8,1:7,,,0,,,,0,,,,0,,,,0,,1,10,7,9,1,,,,
multi_tile,3,265,6,bt,7,0,12480,16,17752,17752,17753,,,,17796,17763,17778,16,1:15,17779,17794,16,1:15,17780,17795,16,1:15,,,0,,,,0,,,,0,,,,0,,1,10,15,17,1,,,,
multi_tile,3,266,6,bt,7,16,12608,16,17799,17799,17800,,,,17843,17810,17825,16,1:15,17826,17841,16,1:15,17827,17842,16,1:15,,,0,,,,0,,,,0,,,,0,,1,10,15,17,1,,,,
multi_tile,3,267,6,c,0,0,19296,4,18937,18937,,18958,18957,18969,18970,,,0,,,,0,,,,0,,18939,18954,4,5:3,18941,18956,4,5:3,18942,18957,4,5:3,18958,18961,4,1:3,,,,,,20,4,8,1
multi_tile,3,268,6,c,1,0,19488,4,18973,18973,,18994,18993,19005,19006,,,0,,,,0,,,,0,,18975,18990,4,5:3,18977,18992,4,5:3,18978,18993,4,5:3,18994,18997,4,1:3,,,,,,20,4,8,1
multi_tile,3,269,6,c,2,0,19680,4,19009,19009,,19030,19029,19041,19042,,,0,,,,0,,,,0,,19011,19026,4,5:3,19013,19028,4,5:3,19014,19029,4,5:3,19030,19033,4,1:3,,,,,,20,4,8,1
multi_tile,3,270,6,c,3,0,19872,4,19045,19045,,19066,19065,19077,19078,,,0,,,,0,,,,0,,19047,19062,4,5:3,19049,19064,4,5:3,19050,19065,4,5:3,19066,19069,4,1:3,,,,,,20,4,8,1
multi_tile,3,271,6,c,4,0,20064,4,19081,19081,,19102,19101,19113,19114,,,0,,,,0,,,,0,,19083,19098,4,5:3,19085,19100,4,5:3,19086,19101,4,5:3,19102,19105,4,1:3,,,,,,20,4,8,1
multi_tile,3,272,6,c,5,0,20256,4,19117,19117,,19138,19137,19149,19150,,,0,,,,0,,,,0,,19119,19134,4,5:3,19121,19136,4,5:3,19122,19137,4,5:3,19138,19141,4,1:3,,,,,,20,4,8,1
multi_tile,3,273,6,c,6,0,20448,4,19153,19153,,19174,19173,19185,19186,,,0,,,,0,,,,0,,19155,19170,4,5:3,19157,19172,4,5:3,19158,19173,4,5:3,19174,19177,4,1:3,,,,,,20,4,8,1
multi_tile,3,274,6,c,7,0,20640,4,19189,19189,,19210,19209,19221,19222,,,0,,,,0,,,,0,,19191,19206,4,5:3,19193,19208,4,5:3,19194,19209,4,5:3,19210,19213,4,1:3,,,,,,20,4,8,1
multi_tile,3,275,7,a,0,0,2112,16,19231,19231,19232,,,,19275,19242,19257,16,1:15,19258,19273,16,1:15,19259,19274,16,1:15,,,0,,,,0,,,,0,,,,0,,1,10,15,17,1,,,,
multi_tile,3,276,7,a,0,16,2240,16,19278,19278,19279,,,,19322,19289,19304,16,1:15,19305,19320,16,1:15,19306,19321,16,1:15,,,0,,,,0,,,,0,,,,0,,1,10,15,17,1,,,,
multi_tile,3,277,7,a,1,0,2368,16,19325,19325,19326,,,,19369,19336,19351,16,1:15,19352,19367,16,1:15,19353,19368,16,1:15,,,0,,,,0,,,,0,,,,0,,1,10,15,17,1,,,,
multi_tile,3,278,7,a,1,16,2496,16,19372,19372,19373,,,,19416,19383,19398,16,1:15,19399,19414,16,1:15,19400,19415,16,1:15,,,0,,,,0,,,,0,,,,0,,1,10,15,17,1,,,,
multi_tile,3,279,7,a,2,0,2624,16,19419,19419,19420,,,,19463,19430,19445,16,1:15,19446,19461,16,1:15,19447,19462,16,1:15,,,0,,,,0,,,,0,,,,0,,1,10,15,17,1,,,,
multi_tile,3,280,7,a,2,16,2752,16,19466,19466,19467,,,,19510,19477,19492,16,1:15,19493,19508,16,1:15,19494,19509,16,1:15,,,0,,,,0,,,,0,,,,0,,1,10,15,17,1,,,,
multi_tile,3,281,7,a,3,0,2880,16,19513,19513,19514,,,,19557,19524,19539,16,1:15,19540,19555,16,1:15,19541,19556,16,1:15,,,0,,,,0,,,,0,,,,0,,1,10,15,17,1,,,,
multi_tile,3,282,7,a,3,16,3008,16,19560,19560,19561,,,,19604,19571,19586,16,1:15,19587,19602,16,1:15,19588,19603,16,1:15,,,0,,,,0,,,,0,,,,0,,1,10,15,17,1,,,,
multi_tile,3,283,7,a,4,0,3136,16,19607,19607,19608,,,,19651,19618,19633,16,1:15,19634,19649,16,1:15,19635,19650,16,1:15,,,0,,,,0,,,,0,,,,0,,1,10,15,17,1,,,,
multi_tile,3,284,7,a,4,16,3264,16,19654,19654,19655,,,,19698,19665,19680,16,1:15,19681,19696,16,1:15,19682,19697,16,1:15,,,0,,,,0,,,,0,,,,0,,1,10,15,17,1,,,,
multi_tile,3,285,7,a,5,0,3392,16,19701,19701,19702,,,,19745,19712,19727,16,1:15,19728,19743,16,1:15,19729,19744,16,1:15,,,0,,,,0,,,,0,,,,0,,1,10,15,17,1,,,,
multi_tile,3,286,7,a,5,16,3520,16,19748,19748,19749,,,,19792,19759,19774,16,1:15,19775,19790,16,1:15,19776,19791,16,1:15,,,0,,,,0,,,,0,,,,0,,1,10,15,17,1,,,,
multi_tile,3,287,7,a,6,0,3648,16,19795,19795,19796,,,,19839,19806,19821,16,1:15,19822,19837,16,1:15,19823,19838,16,1:15,,,0,,,,0,,,,0,,,,0,,1,10,15,17,1,,,,
multi_tile,3,288,7,a,6,16,3776,16,19842,19842,19843,,,,19886,19853,19868,16,1:15,19869,19884,16,1:15,19870,19885,16,1:15,,,0,,,,0,,,,0,,,,0,,1,10,15,17,1,,,,
multi_tile,3,289,7,a,7,0,3904,16,19889,19889,19890,,,,19933,19900,19915,16,1:15,19916,19931,16,1:15,19917,19932,16,1:15,,,0,,,,0,,,,0,,,,0,,1,10,15,17,1,,,,
multi_tile,3,290,7,a,7,16,4032,8,19936,19936,19937,,,,19964,19947,19954,8,1:7,19955,19962,8,1:7,19956,19963,8,1:7,,,0,,,,0,,,,0,,,,0,,1,10,7,9,1,,,,
multi_tile,3,291,7,a,7,24,4096,8,19967,19967,19968,,,,19995,19978,19985,8,1:7,19986,19993,8,1:7,19987,19994,8,1:7,,,0,,,,0,,,,0,,,,0,,1,10,7,9,1,,,,
multi_tile,3,292,7,bt,0,0,12736,16,20003,20003,20004,,,,20047,20014,20029,16,1:15,20030,20045,16,1:15,20031,20046,16,1:15,,,0,,,,0,,,,0,,,,0,,1,10,15,17,1,,,,
multi_tile,3,293,7,bt,0,16,12864,16,20050,20050,20051,,,,20094,20061,20076,16,1:15,20077,20092,16,1:15,20078,20093,16,1:15,,,0,,,,0,,,,0,,,,0,,1,10,15,17,1,,,,
multi_tile,3,294,7,bt,1,0,12992,16,20097,20097,20098,,,,20141,20108,20123,16,1:15,20124,20139,16,1:15,20125,20140,16,1:15,,,0,,,,0,,,,0,,,,0,,1,10,15,17,1,,,,
multi_tile,3,295,7,bt,1,16,13120,16,20144,20144,20145,,,,20188,20155,20170,16,1:15,20171,20186,16,1:15,20172,20187,16,1:15,,,0,,,,0,,,,0,,,,0,,1,10,15,17,1,,,,
multi_tile,3,296,7,bt,2,0,13248,16,20191,20191,20192,,,,20235,20202,20217,16,1:15,20218,20233,16,1:15,20219,20234,16,1:15,,,0,,,,0,,,,0,,,,0,,1,10,15,17,1,,,,
multi_tile,3,297,7,bt,2,16,13376,16,20238,20238,20239,,,,20282,20249,20264,16,1:15,20265,20280,16,1:15,20266,20281,16,1:15,,,0,,,,0,,,,0,,,,0,,1,10,15,17,1,,,,
multi_tile,3,298,7,bt,3,0,13504,16,20285,20285,20286,,,,20329,20296,20311,16,1:15,20312,20327,16,1:15,20313,20328,16,1:15,,,0,,,,0,,,,0,,,,0,,1,10,15,17,1,,,,
multi_tile,3,299,7,bt,3,16,13632,16,20332,20332,20333,,,,20376,20343,20358,16,1:15,20359,20374,16,1:15,20360,20375,16,1:15,,,0,,,,0,,,,0,,,,0,,1,10,15,17,1,,,,
multi_tile,3,300,7,bt,4,0,13760,16,20379,20379,20380,,,,20423,20390,20405,16,1:15,20406,20421,16,1:15,20407,20422,16,1:15,,,0,,,,0,,,,0,,,,0,,1,10,15,17,1,,,,
multi_tile,3,301,7,bt,4,16,13888,16,20426,20426,20427,,,,20470,20437,20452,16,1:15,20453,20468,16,1:15,20454,20469,16,1:15,,,0,,,,0,,,,0,,,,0,,1,10,15,17,1,,,,
multi_tile,3,302,7,bt,5,0,14016,16,20473,20473,20474,,,,20517,20484,20499,16,1:15,20500,20515,16,1:15,20501,20516,16,1:15,,,0,,,,0,,,,0,,,,0,,1,10,15,17,1,,,,
multi_tile,3,303,7,bt,5,16,14144,16,20520,20520,20521,,,,20564,20531,20546,16,1:15,20547,20562,16,1:15,20548,20563,16,1:15,,,0,,,,0,,,,0,,,,0,,1,10,15,17,1,,,,
multi_tile,3,304,7,bt,6,0,14272,16,20567,20567,20568,,,,20611,20578,20593,16,1:15,20594,20609,16,1:15,20595,20610,16,1:15,,,0,,,,0,,,,0,,,,0,,1,10,15,17,1,,,,
multi_tile,3,305,7,bt,6,16,14400,16,20614,20614,20615,,,,20658,20625,20640,16,1:15,20641,20656,16,1:15,20642,20657,16,1:15,,,0,,,,0,,,,0,,,,0,,1,10,15,17,1,,,,
multi_tile,3,306,7,bt,7,0,14528,16,20661,20661,20662,,,,20705,20672,20687,16,1:15,20688,20703,16,1:15,20689,20704,16,1:15,,,0,,,,0,,,,0,,,,0,,1,10,15,17,1,,,,
multi_tile,3,307,7,bt,7,16,14656,16,20708,20708,20709,,,,20752,20719,20734,16,1:15,20735,20750,16,1:15,20736,20751,16,1:15,,,0,,,,0,,,,0,,,,0,,1,10,15,17,1,,,,
multi_tile,3,308,7,c,0,0,19328,4,21846,21846,,21867,21866,21878,21879,,,0,,,,0,,,,0,,21848,21863,4,5:3,21850,21865,4,5:3,21851,21866,4,5:3,21867,21870,4,1:3,,,,,,20,4,8,1
multi_tile,3,309,7,c,1,0,19520,4,21882,21882,,21903,21902,21914,21915,,,0,,,,0,,,,0,,21884,21899,4,5:3,21886,21901,4,5:3,21887,21902,4,5:3,21903,21906,4,1:3,,,,,,20,4,8,1
multi_tile,3,310,7,c,2,0,19712,4,21918,21918,,21939,21938,21950,21951,,,0,,,,0,,,,0,,21920,21935,4,5:3,21922,21937,4,5:3,21923,21938,4,5:3,21939,21942,4,1:3,,,,,,20,4,8,1
multi_tile,3,311,7,c,3,0,19904,4,21954,21954,,21975,21974,21986,21987,,,0,,,,0,,,,0,,21956,21971,4,5:3,21958,21973,4,5:3,21959,21974,4,5:3,21975,21978,4,1:3,,,,,,20,4,8,1
multi_tile,3,312,7,c,4,0,20096,4,21990,21990,,22011,22010,22022,22023,,,0,,,,0,,,,0,,21992,22007,4,5:3,21994,22009,4,5:3,21995,22010,4,5:3,22011,22014,4,1:3,,,,,,20,4,8,1
multi_tile,3,313,7,c,5,0,20288,4,22026,22026,,22047,22046,22058,22059,,,0,,,,0,,,,0,,22028,22043,4,5:3,22030,22045,4,5:3,22031,22046,4,5:3,22047,22050,4,1:3,,,,,,20,4,8,1
multi_tile,3,314,7,c,6,0,20480,4,22062,22062,,22083,22082,22094,22095,,,0,,,,0,,,,0,,22064,22079,4,5:3,22066,22081,4,5:3,22067,22082,4,5:3,22083,22086,4,1:3,,,,,,20,4,8,1
multi_tile,3,315,7,c,7,0,20672,4,22098,22098,,22119,22118,22130,22131,,,0,,,,0,,,,0,,22100,22115,4,5:3,22102,22117,4,5:3,22103,22118,4,5:3,22119,22122,4,1:3,,,,,,20,4,8,1
multi_tile,3,316,8,a,0,0,2112,16,22140,22140,22141,,,,22184,22151,22166,16,1:15,22167,22182,16,1:15,22168,22183,16,1:15,,,0,,,,0,,,,0,,,,0,,1,10,15,17,1,,,,
multi_tile,3,317,8,a,0,16,2240,16,22187,22187,22188,,,,22231,22198,22213,16,1:15,22214,22229,16,1:15,22215,22230,16,1:15,,,0,,,,0,,,,0,,,,0,,1,10,15,17,1,,,,
multi_tile,3,318,8,a,1,0,2368,16,22234,22234,22235,,,,22278,22245,22260,16,1:15,22261,22276,16,1:15,22262,22277,16,1:15,,,0,,,,0,,,,0,,,,0,,1,10,15,17,1,,,,
multi_tile,3,319,8,a,1,16,2496,16,22281,22281,22282,,,,22325,22292,22307,16,1:15,22308,22323,16,1:15,22309,22324,16,1:15,,,0,,,,0,,,,0,,,,0,,1,10,15,17,1,,,,
multi_tile,3,320,8,a,2,0,2624,16,22328,22328,22329,,,,22372,22339,22354,16,1:15,22355,22370,16,1:15,22356,22371,16,1:15,,,0,,,,0,,,,0,,,,0,,1,10,15,17,1,,,,
multi_tile,3,321,8,a,2,16,2752,16,22375,22375,22376,,,,22419,22386,22401,16,1:15,22402,22417,16,1:15,22403,22418,16,1:15,,,0,,,,0,,,,0,,,,0,,1,10,15,17,1,,,,
multi_tile,3,322,8,a,3,0,2880,16,22422,22422,22423,,,,22466,22433,22448,16,1:15,22449,22464,16,1:15,22450,22465,16,1:15,,,0,,,,0,,,,0,,,,0,,1,10,15,17,1,,,,
multi_tile,3,323,8,a,3,16,3008,16,22469,22469,22470,,,,22513,22480,22495,16,1:15,22496,22511,16,1:15,22497,22512,16,1:15,,,0,,,,0,,,,0,,,,0,,1,10,15,17,1,,,,
multi_tile,3,324,8,a,4,0,3136,16,22516,22516,22517,,,,22560,22527,22542,16,1:15,22543,22558,16,1:15,22544,22559,16,1:15,,,0,,,,0,,,,0,,,,0,,1,10,15,17,1,,,,
multi_tile,3,325,8,a,4,16,3264,16,22563,22563,22564,,,,22607,22574,22589,16,1:15,22590,22605,16,1:15,22591,22606,16,1:15,,,0,,,,0,,,,0,,,,0,,1,10,15,17,1,,,,
multi_tile,3,326,8,a,5,0,3392,16,22610,22610,22611,,,,22654,22621,22636,16,1:15,22637,22652,16,1:15,22638,22653,16,1:15,,,0,,,,0,,,,0,,,,0,,1,10,15,17,1,,,,
multi_tile,3,327,8,a,5,16,3520,16,22657,22657,22658,,,,22701,22668,22683,16,1:15,22684,22699,16,1:15,22685,22700,16,1:15,,,0,,,,0,,,,0,,,,0,,1,10,15,17,1,,,,
multi_tile,3,328,8,a,6,0,3648,16,22704,22704,22705,,,,22748,22715,22730,16,1:15,22731,22746,16,1:15,22732,22747,16,1:15,,,0,,,,0,,,,0,,,,0,,1,10,15,17,1,,,,
multi_tile,3,329,8,a,6,16,3776,16,22751,22751,22752,,,,22795,22762,22777,16,1:15,22778,22793,16,1:15,22779,22794,16,1:15,,,0,,,,0,,,,0,,,,0,,1,10,15,17,1,,,,
multi_tile,3,330,8,a,7,0,3904,16,22798,22798,22799,,,,22842,22809,22824,16,1:15,22825,22840,16,1:15,22826,22841,16,1:15,,,0,,,,0,,,,0,,,,0,,1,10,15,17,1,,,,
multi_tile,3,331,8,a,7,16,4032,8,22845,22845,22846,,,,22873,22856,22863,8,1:7,22864,22871,8,1:7,22865,22872,8,1:7,,,0,,,,0,,,,0,,,,0,,1,10,7,9,1,,,,
multi_tile,3,332,8,a,7,24,4096,8,22876,22876,22877,,,,22904,22887,22894,8,1:7,22895,22902,8,1:7,22896,22903,8,1:7,,,0,,,,0,,,,0,,,,0,,1,10,7,9,1,,,,
multi_tile,3,333,8,bt,0,0,14784,16,22912,22912,22913,,,,22956,22923,22938,16,1:15,22939,22954,16,1:15,22940,22955,16,1:15,,,0,,,,0,,,,0,,,,0,,1,10,15,17,1,,,,
multi_tile,3,334,8,bt,0,16,14912,16,22959,22959,22960,,,,23003,22970,22985,16,1:15,22986,23001,16,1:15,22987,23002,16,1:15,,,0,,,,0,,,,0,,,,0,,1,10,15,17,1,,,,
multi_tile,3,335,8,bt,1,0,15040,16,23006,23006,23007,,,,23050,23017,23032,16,1:15,23033,23048,16,1:15,23034,23049,16,1:15,,,0,,,,0,,,,0,,,,0,,1,10,15,17,1,,,,
multi_tile,3,336,8,bt,1,16,15168,16,23053,23053,23054,,,,23097,23064,23079,16,1:15,23080,23095,16,1:15,23081,23096,16,1:15,,,0,,,,0,,,,0,,,,0,,1,10,15,17,1,,,,
multi_tile,3,337,8,bt,2,0,15296,16,23100,23100,23101,,,,23144,23111,23126,16,1:15,23127,23142,16,1:15,23128,23143,16,1:15,,,0,,,,0,,,,0,,,,0,,1,10,15,17,1,,,,
multi_tile,3,338,8,bt,2,16,15424,16,23147,23147,23148,,,,23191,23158,23173,16,1:15,23174,23189,16,1:15,23175,23190,16,1:15,,,0,,,,0,,,,0,,,,0,,1,10,15,17,1,,,,
multi_tile,3,339,8,bt,3,0,15552,16,23194,23194,23195,,,,23238,23205,23220,16,1:15,23221,23236,16,1:15,23222,23237,16,1:15,,,0,,,,0,,,,0,,,,0,,1,10,15,17,1,,,,
multi_tile,3,340,8,bt,3,16,15680,16,23241,23241,23242,,,,23285,23252,23267,16,1:15,23268,23283,16,1:15,23269,23284,16,1:15,,,0,,,,0,,,,0,,,,0,,1,10,15,17,1,,,,
multi_tile,3,341,8,bt,4,0,15808,16,23288,23288,23289,,,,23332,23299,23314,16,1:15,23315,23330,16,1:15,23316,23331,16,1:15,,,0,,,,0,,,,0,,,,0,,1,10,15,17,1,,,,
multi_tile,3,342,8,bt,4,16,15936,16,23335,23335,23336,,,,23379,23346,23361,16,1:15,23362,23377,16,1:15,23363,23378,16,1:15,,,0,,,,0,,,,0,,,,0,,1,10,15,17,1,,,,
multi_tile,3,343,8,bt,5,0,16064,16,23382,23382,23383,,,,23426,23393,23408,16,1:15,23409,23424,16,1:15,23410,23425,16,1:15,,,0,,,,0,,,,0,,,,0,,1,10,15,17,1,,,,
multi_tile,3,344,8,bt,5,16,16192,16,23429,23429,23430,,,,23473,23440,23455,16,1:15,23456,23471,16,1:15,23457,23472,16,1:15,,,0,,,,0,,,,0,,,,0,,1,10,15,17,1,,,,
multi_tile,3,345,8,bt,6,0,16320,8,23476,23476,23477,,,,23504,23487,23494,8,1:7,23495,23502,8,1:7,23496,23503,8,1:7,,,0,,,,0,,,,0,,,,0,,1,10,7,9,1,,,,
multi_tile,3,346,8,bt,6,8,16384,16,23507,23507,23508,,,,23551,23518,23533,16,1:15,23534,23549,16,1:15,23535,23550,16,1:15,,,0,,,,0,,,,0,,,,0,,1,10,15,17,1,,,,
multi_tile,3,347,8,bt,6,24,16512,8,23554,23554,23555,,,,23582,23565,23572,8,1:7,23573,23580,8,1:7,23574,23581,8,1:7,,,0,,,,0,,,,0,,,,0,,1,10,7,9,1,,,,
multi_tile,3,348,8,bt,7,0,16576,16,23585,23585,23586,,,,23629,23596,23611,16,1:15,23612,23627,16,1:15,23613,23628,16,1:15,,,0,,,,0,,,,0,,,,0,,1,10,15,17,1,,,,
multi_tile,3,349,8,bt,7,16,16704,16,23632,23632,23633,,,,23676,23643,23658,16,1:15,23659,23674,16,1:15,23660,23675,16,1:15,,,0,,,,0,,,,0,,,,0,,1,10,15,17,1,,,,
multi_tile,3,350,8,c,0,0,19360,4,24770,24770,,24791,24790,24802,24803,,,0,,,,0,,,,0,,24772,24787,4,5:3,24774,24789,4,5:3,24775,24790,4,5:3,24791,24794,4,1:3,,,,,,20,4,8,1
multi_tile,3,351,8,c,1,0,19552,4,24806,24806,,24827,24826,24838,24839,,,0,,,,0,,,,0,,24808,24823,4,5:3,24810,24825,4,5:3,24811,24826,4,5:3,24827,24830,4,1:3,,,,,,20,4,8,1
multi_tile,3,352,8,c,2,0,19744,4,24842,24842,,24863,24862,24874,24875,,,0,,,,0,,,,0,,24844,24859,4,5:3,24846,24861,4,5:3,24847,24862,4,5:3,24863,24866,4,1:3,,,,,,20,4,8,1
multi_tile,3,353,8,c,3,0,19936,4,24878,24878,,24899,24898,24910,24911,,,0,,,,0,,,,0,,24880,24895,4,5:3,24882,24897,4,5:3,24883,24898,4,5:3,24899,24902,4,1:3,,,,,,20,4,8,1
multi_tile,3,354,8,c,4,0,20128,4,24914,24914,,24935,24934,24946,24947,,,0,,,,0,,,,0,,24916,24931,4,5:3,24918,24933,4,5:3,24919,24934,4,5:3,24935,24938,4,1:3,,,,,,20,4,8,1
multi_tile,3,355,8,c,5,0,20320,4,24950,24950,,24971,24970,24982,24983,,,0,,,,0,,,,0,,24952,24967,4,5:3,24954,24969,4,5:3,24955,24970,4,5:3,24971,24974,4,1:3,,,,,,20,4,8,1
multi_tile,3,356,8,c,6,0,20512,4,24986,24986,,25007,25006,25018,25019,,,0,,,,0,,,,0,,24988,25003,4,5:3,24990,25005,4,5:3,24991,25006,4,5:3,25007,25010,4,1:3,,,,,,20,4,8,1
multi_tile,3,357,8,c,7,0,20704,4,25022,25022,,25043,25042,25054,25055,,,0,,,,0,,,,0,,25024,25039,4,5:3,25026,25041,4,5:3,25027,25042,4,5:3,25043,25046,4,1:3,,,,,,20,4,8,1
multi_tile,3,358,9,a,0,0,2112,16,25064,25064,25065,,,,25108,25075,25090,16,1:15,25091,25106,16,1:15,25092,25107,16,1:15,,,0,,,,0,,,,0,,,,0,,1,10,15,17,1,,,,
multi_tile,3,359,9,a,0,16,2240,16,25111,25111,25112,,,,25155,25122,25137,16,1:15,25138,25153,16,1:15,25139,25154,16,1:15,,,0,,,,0,,,,0,,,,0,,1,10,15,17,1,,,,
multi_tile,3,360,9,a,1,0,2368,16,25158,25158,25159,,,,25202,25169,25184,16,1:15,25185,25200,16,1:15,25186,25201,16,1:15,,,0,,,,0,,,,0,,,,0,,1,10,15,17,1,,,,
multi_tile,3,361,9,a,1,16,2496,16,25205,25205,25206,,,,25249,25216,25231,16,1:15,25232,25247,16,1:15,25233,25248,16,1:15,,,0,,,,0,,,,0,,,,0,,1,10,15,17,1,,,,
multi_tile,3,362,9,a,2,0,2624,16,25252,25252,25253,,,,25296,25263,25278,16,1:15,25279,25294,16,1:15,25280,25295,16,1:15,,,0,,,,0,,,,0,,,,0,,1,10,15,17,1,,,,
multi_tile,3,363,9,a,2,16,2752,16,25299,25299,25300,,,,25343,25310,25325,16,1:15,25326,25341,16,1:15,25327,25342,16,1:15,,,0,,,,0,,,,0,,,,0,,1,10,15,17,1,,,,
multi_tile,3,364,9,a,3,0,2880,16,25346,25346,25347,,,,25390,25357,25372,16,1:15,25373,25388,16,1:15,25374,25389,16,1:15,,,0,,,,0,,,,0,,,,0,,1,10,15,17,1,,,,
multi_tile,3,365,9,a,3,16,3008,16,25393,25393,25394,,,,25437,25404,25419,16,1:15,25420,25435,16,1:15,25421,25436,16,1:15,,,0,,,,0,,,,0,,,,0,,1,10,15,17,1,,,,
multi_tile,3,366,9,a,4,0,3136,16,25440,25440,25441,,,,25484,25451,25466,16,1:15,25467,25482,16,1:15,25468,25483,16,1:15,,,0,,,,0,,,,0,,,,0,,1,10,15,17,1,,,,
multi_tile,3,367,9,a,4,16,3264,16,25487,25487,25488,,,,25531,25498,25513,16,1:15,25514,25529,16,1:15,25515,25530,16,1:15,,,0,,,,0,,,,0,,,,0,,1,10,15,17,1,,,,
multi_tile,3,368,9,a,5,0,3392,16,25534,25534,25535,,,,25578,25545,25560,16,1:15,25561,25576,16,1:15,25562,25577,16,1:15,,,0,,,,0,,,,0,,,,0,,1,10,15,17,1,,,,
multi_tile,3,369,9,a,5,16,3520,16,25581,25581,25582,,,,25625,25592,25607,16,1:15,25608,25623,16,1:15,25609,25624,16,1:15,,,0,,,,0,,,,0,,,,0,,1,10,15,17,1,,,,
multi_tile,3,370,9,a,6,0,3648,16,25628,25628,25629,,,,25672,25639,25654,16,1:15,25655,25670,16,1:15,25656,25671,16,1:15,,,0,,,,0,,,,0,,,,0,,1,10,15,17,1,,,,
multi_tile,3,371,9,a,6,16,3776,16,25675,25675,25676,,,,25719,25686,25701,16,1:15,25702,25717,16,1:15,25703,25718,16,1:15,,,0,,,,0,,,,0,,,,0,,1,10,15,17,1,,,,
multi_tile,3,372,9,a,7,0,3904,16,25722,25722,25723,,,,25766,25733,25748,16,1:15,25749,25764,16,1:15,25750,25765,16,1:15,,,0,,,,0,,,,0,,,,0,,1,10,15,17,1,,,,
multi_tile,3,373,9,a,7,16,4032,8,25769,25769,25770,,,,25797,25780,25787,8,1:7,25788,25795,8,1:7,25789,25796,8,1:7,,,0,,,,0,,,,0,,,,0,,1,10,7,9,1,,,,
multi_tile,3,374,9,a,7,24,4096,8,25800,25800,25801,,,,25828,25811,25818,8,1:7,25819,25826,8,1:7,25820,25827,8,1:7,,,0,,,,0,,,,0,,,,0,,1,10,7,9,1,,,,
multi_tile,3,375,9,bt,0,0,16832,16,25836,25836,25837,,,,25880,25847,25862,16,1:15,25863,25878,16,1:15,25864,25879,16,1:15,,,0,,,,0,,,,0,,,,0,,1,10,15,17,1,,,,
multi_tile,3,376,9,bt,0,16,16960,16,25883,25883,25884,,,,25927,25894,25909,16,1:15,25910,25925,16,1:15,25911,25926,16,1:15,,,0,,,,0,,,,0,,,,0,,1,10,15,17,1,,,,
multi_tile,3,377,9,bt,1,0,17088,16,25930,25930,25931,,,,25974,25941,25956,16,1:15,25957,25972,16,1:15,25958,25973,16,1:15,,,0,,,,0,,,,0,,,,0,,1,10,15,17,1,,,,
multi_tile,3,378,9,bt,1,16,17216,16,25977,25977,25978,,,,26021,25988,26003,16,1:15,26004,26019,16,1:15,26005,26020,16,1:15,,,0,,,,0,,,,0,,,,0,,1,10,15,17,1,,,,
multi_tile,3,379,9,bt,2,0,17344,16,26024,26024,26025,,,,26068,26035,26050,16,1:15,26051,26066,16,1:15,26052,26067,16,1:15,,,0,,,,0,,,,0,,,,0,,1,10,15,17,1,,,,
multi_tile,3,380,9,bt,2,16,17472,16,26071,26071,26072,,,,26115,26082,26097,16,1:15,26098,26113,16,1:15,26099,26114,16,1:15,,,0,,,,0,,,,0,,,,0,,1,10,15,17,1,,,,
multi_tile,3,381,9,c,0,0,19392,2,26667,26667,,26678,26677,26687,26688,,,0,,,,0,,,,0,,26669,26674,2,5:1,26671,26676,2,5:1,26672,26677,2,5:1,26678,26679,2,1:1,,,,,,10,2,8,1
multi_tile,3,382,9,c,1,0,19584,2,26691,26691,,26702,26701,26711,26712,,,0,,,,0,,,,0,,26693,26698,2,5:1,26695,26700,2,5:1,26696,26701,2,5:1,26702,26703,2,1:1,,,,,,10,2,8,1
multi_tile,3,383,9,c,2,0,19776,2,26715,26715,,26726,26725,26735,26736,,,0,,,,0,,,,0,,26717,26722,2,5:1,26719,26724,2,5:1,26720,26725,2,5:1,26726,26727,2,1:1,,,,,,10,2,8,1
multi_tile,3,384,9,c,3,0,19968,2,26739,26739,,26750,26749,26759,26760,,,0,,,,0,,,,0,,26741,26746,2,5:1,26743,26748,2,5:1,26744,26749,2,5:1,26750,26751,2,1:1,,,,,,10,2,8,1
multi_tile,3,385,9,c,4,0,20160,2,26763,26763,,26774,26773,26783,26784,,,0,,,,0,,,,0,,26765,26770,2,5:1,26767,26772,2,5:1,26768,26773,2,5:1,26774,26775,2,1:1,,,,,,10,2,8,1
multi_tile,3,386,9,c,5,0,20352,2,26787,26787,,26798,26797,26807,26808,,,0,,,,0,,,,0,,26789,26794,2,5:1,26791,26796,2,5:1,26792,26797,2,5:1,26798,26799,2,1:1,,,,,,10,2,8,1
multi_tile,3,387,9,c,6,0,20544,2,26811,26811,,26822,26821,26831,26832,,,0,,,,0,,,,0,,26813,26818,2,5:1,26815,26820,2,5:1,26816,26821,2,5:1,26822,26823,2,1:1,,,,,,10,2,8,1
multi_tile,3,388,9,c,7,0,20736,2,26835,26835,,26846,26845,26855,26856,,,0,,,,0,,,,0,,26837,26842,2,5:1,26839,26844,2,5:1,26840,26845,2,5:1,26846,26847,2,1:1,,,,,,10,2,8,1
multi_tile,3,389,10,a,0,0,4160,16,26865,26865,26866,,,,26909,26876,26891,16,1:15,26892,26907,16,1:15,26893,26908,16,1:15,,,0,,,,0,,,,0,,,,0,,1,10,15,17,1,,,,
multi_tile,3,390,10,a,0,16,4288,16,26912,26912,26913,,,,26956,26923,26938,16,1:15,26939,26954,16,1:15,26940,26955,16,1:15,,,0,,,,0,,,,0,,,,0,,1,10,15,17,1,,,,
multi_tile,3,391,10,a,1,0,4416,16,26959,26959,26960,,,,27003,26970,26985,16,1:15,26986,27001,16,1:15,26987,27002,16,1:15,,,0,,,,0,,,,0,,,,0,,1,10,15,17,1,,,,
multi_tile,3,392,10,a,1,16,4544,16,27006,27006,27007,,,,27050,27017,27032,16,1:15,27033,27048,16,1:15,27034,27049,16,1:15,,,0,,,,0,,,,0,,,,0,,1,10,15,17,1,,,,
multi_tile,3,393,10,a,2,0,4672,16,27053,27053,27054,,,,27097,27064,27079,16,1:15,27080,27095,16,1:15,27081,27096,16,1:15,,,0,,,,0,,,,0,,,,0,,1,10,15,17,1,,,,
multi_tile,3,394,10,a,2,16,4800,16,27100,27100,27101,,,,27144,27111,27126,16,1:15,27127,27142,16,1:15,27128,27143,16,1:15,,,0,,,,0,,,,0,,,,0,,1,10,15,17,1,,,,
multi_tile,3,395,10,a,3,0,4928,16,27147,27147,27148,,,,27191,27158,27173,16,1:15,27174,27189,16,1:15,27175,27190,16,1:15,,,0,,,,0,,,,0,,,,0,,1,10,15,17,1,,,,
multi_tile,3,396,10,a,3,16,5056,16,27194,27194,27195,,,,27238,27205,27220,16,1:15,27221,27236,16,1:15,27222,27237,16,1:15,,,0,,,,0,,,,0,,,,0,,1,10,15,17,1,,,,
multi_tile,3,397,10,a,4,0,5184,16,27241,27241,27242,,,,27285,27252,27267,16,1:15,27268,27283,16,1:15,27269,27284,16,1:15,,,0,,,,0,,,,0,,,,0,,1,10,15,17,1,,,,
multi_tile,3,398,10,a,4,16,5312,16,27288,27288,27289,,,,27332,27299,27314,16,1:15,27315,27330,16,1:15,27316,27331,16,1:15,,,0,,,,0,,,,0,,,,0,,1,10,15,17,1,,,,
multi_tile,3,399,10,a,5,0,5440,16,27335,27335,27336,,,,27379,27346,27361,16,1:15,27362,27377,16,1:15,27363,27378,16,1:15,,,0,,,,0,,,,0,,,,0,,1,10,15,17,1,,,,
multi_tile,3,400,10,a,5,16,5568,16,27382,27382,27383,,,,27426,27393,27408,16,1:15,27409,27424,16,1:15,27410,27425,16,1:15,,,0,,,,0,,,,0,,,,0,,1,10,15,17,1,,,,
multi_tile,3,401,10,a,6,0,5696,16,27429,27429,27430,,,,27473,27440,27455,16,1:15,27456,27471,16,1:15,27457,27472,16,1:15,,,0,,,,0,,,,0,,,,0,,1,10,15,17,1,,,,
multi_tile,3,402,10,a,6,16,5824,16,27476,27476,27477,,,,27520,27487,27502,16,1:15,27503,27518,16,1:15,27504,27519,16,1:15,,,0,,,,0,,,,0,,,,0,,1,10,15,17,1,,,,
multi_tile,3,403,10,a,7,0,5952,16,27523,27523,27524,,,,27567,27534,27549,16,1:15,27550,27565,16,1:15,27551,27566,16,1:15,,,0,,,,0,,,,0,,,,0,,1,10,15,17,1,,,,
multi_tile,3,404,10,a,7,16,6080,16,27570,27570,27571,,,,27614,27581,27596,16,1:15,27597,27612,16,1:15,27598,27613,16,1:15,,,0,,,,0,,,,0,,,,0,,1,10,15,17,1,,,,
multi_tile,3,405,10,bt,0,0,8640,16,27622,27622,27623,,,,27666,27633,27648,16,1:15,27649,27664,16,1:15,27650,27665,16,1:15,,,0,,,,0,,,,0,,,,0,,1,10,15,17,1,,,,
multi_tile,3,406,10,bt,0,16,8768,16,27669,27669,27670,,,,27713,27680,27695,16,1:15,27696,27711,16,1:15,27697,27712,16,1:15,,,0,,,,0,,,,0,,,,0,,1,10,15,17,1,,,,
multi_tile,3,407,10,bt,1,0,8896,16,27716,27716,27717,,,,27760,27727,27742,16,1:15,27743,27758,16,1:15,27744,27759,16,1:15,,,0,,,,0,,,,0,,,,0,,1,10,15,17,1,,,,
multi_tile,3,408,10,bt,1,16,9024,16,27763,27763,27764,,,,27807,27774,27789,16,1:15,27790,27805,16,1:15,27791,27806,16,1:15,,,0,,,,0,,,,0,,,,0,,1,10,15,17,1,,,,
multi_tile,3,409,10,bt,2,0,9152,16,27810,27810,27811,,,,27854,27821,27836,16,1:15,27837,27852,16,1:15,27838,27853,16,1:15,,,0,,,,0,,,,0,,,,0,,1,10,15,17,1,,,,
multi_tile,3,410,10,bt,2,16,9280,16,27857,27857,27858,,,,27901,27868,27883,16,1:15,27884,27899,16,1:15,27885,27900,16,1:15,,,0,,,,0,,,,0,,,,0,,1,10,15,17,1,,,,
multi_tile,3,411,10,bt,3,0,9408,16,27904,27904,27905,,,,27948,27915,27930,16,1:15,27931,27946,16,1:15,27932,27947,16,1:15,,,0,,,,0,,,,0,,,,0,,1,10,15,17,1,,,,
multi_tile,3,412,10,bt,3,16,9536,16,27951,27951,27952,,,,27995,27962,27977,16,1:15,27978,27993,16,1:15,27979,27994,16,1:15,,,0,,,,0,,,,0,,,,0,,1,10,15,17,1,,,,
multi_tile,3,413,10,bt,4,0,9664,16,27998,27998,27999,,,,28042,28009,28024,16,1:15,28025,28040,16,1:15,28026,28041,16,1:15,,,0,,,,0,,,,0,,,,0,,1,10,15,17,1,,,,
multi_tile,3,414,10,bt,4,16,9792,16,28045,28045,28046,,,,28089,28056,28071,16,1:15,28072,28087,16,1:15,28073,28088,16,1:15,,,0,,,,0,,,,0,,,,0,,1,10,15,17,1,,,,
multi_tile,3,415,10,bt,5,0,9920,16,28092,28092,28093,,,,28136,28103,28118,16,1:15,28119,28134,16,1:15,28120,28135,16,1:15,,,0,,,,0,,,,0,,,,0,,1,10,15,17,1,,,,
multi_tile,3,416,10,bt,5,16,10048,16,28139,28139,28140,,,,28183,28150,28165,16,1:15,28166,28181,16,1:15,28167,28182,16,1:15,,,0,,,,0,,,,0,,,,0,,1,10,15,17,1,,,,
multi_tile,3,417,10,bt,6,0,10176,16,28186,28186,28187,,,,28230,28197,28212,16,1:15,28213,28228,16,1:15,28214,28229,16,1:15,,,0,,,,0,,,,0,,,,0,,1,10,15,17,1,,,,
multi_tile,3,418,10,bt,6,16,10304,16,28233,28233,28234,,,,28277,28244,28259,16,1:15,28260,28275,16,1:15,28261,28276,16,1:15,,,0,,,,0,,,,0,,,,0,,1,10,15,17,1,,,,
multi_tile,3,419,10,bt,7,0,10432,16,28280,28280,28281,,,,28324,28291,28306,16,1:15,28307,28322,16,1:15,28308,28323,16,1:15,,,0,,,,0,,,,0,,,,0,,1,10,15,17,1,,,,
multi_tile,3,420,10,bt,7,16,10560,16,28327,28327,28328,,,,28371,28338,28353,16,1:15,28354,28369,16,1:15,28355,28370,16,1:15,,,0,,,,0,,,,0,,,,0,,1,10,15,17,1,,,,
multi_tile,3,421,10,c,0,0,20800,4,29465,29465,,29486,29485,29497,29498,,,0,,,,0,,,,0,,29467,29482,4,5:3,29469,29484,4,5:3,29470,29485,4,5:3,29486,29489,4,1:3,,,,,,20,4,8,1
multi_tile,3,422,10,c,1,0,20992,4,29501,29501,,29522,29521,29533,29534,,,0,,,,0,,,,0,,29503,29518,4,5:3,29505,29520,4,5:3,29506,29521,4,5:3,29522,29525,4,1:3,,,,,,20,4,8,1
multi_tile,3,423,10,c,2,0,21184,4,29537,29537,,29558,29557,29569,29570,,,0,,,,0,,,,0,,29539,29554,4,5:3,29541,29556,4,5:3,29542,29557,4,5:3,29558,29561,4,1:3,,,,,,20,4,8,1
multi_tile,3,424,10,c,3,0,21376,4,29573,29573,,29594,29593,29605,29606,,,0,,,,0,,,,0,,29575,29590,4,5:3,29577,29592,4,5:3,29578,29593,4,5:3,29594,29597,4,1:3,,,,,,20,4,8,1
multi_tile,3,425,10,c,4,0,21568,4,29609,29609,,29630,29629,29641,29642,,,0,,,,0,,,,0,,29611,29626,4,5:3,29613,29628,4,5:3,29614,29629,4,5:3,29630,29633,4,1:3,,,,,,20,4,8,1
multi_tile,3,426,10,c,5,0,21760,4,29645,29645,,29666,29665,29677,29678,,,0,,,,0,,,,0,,29647,29662,4,5:3,29649,29664,4,5:3,29650,29665,4,5:3,29666,29669,4,1:3,,,,,,20,4,8,1
multi_tile,3,427,10,c,6,0,21952,4,29681,29681,,29702,29701,29713,29714,,,0,,,,0,,,,0,,29683,29698,4,5:3,29685,29700,4,5:3,29686,29701,4,5:3,29702,29705,4,1:3,,,,,,20,4,8,1
multi_tile,3,428,10,c,7,0,22144,4,29717,29717,,29738,29737,29749,29750,,,0,,,,0,,,,0,,29719,29734,4,5:3,29721,29736,4,5:3,29722,29737,4,5:3,29738,29741,4,1:3,,,,,,20,4,8,1
multi_tile,3,429,11,a,0,0,4160,16,29759,29759,29760,,,,29803,29770,29785,16,1:15,29786,29801,16,1:15,29787,29802,16,1:15,,,0,,,,0,,,,0,,,,0,,1,10,15,17,1,,,,
multi_tile,3,430,11,a,0,16,4288,16,29806,29806,29807,,,,29850,29817,29832,16,1:15,29833,29848,16,1:15,29834,29849,16,1:15,,,0,,,,0,,,,0,,,,0,,1,10,15,17,1,,,,
multi_tile,3,431,11,a,1,0,4416,16,29853,29853,29854,,,,29897,29864,29879,16,1:15,29880,29895,16,1:15,29881,29896,16,1:15,,,0,,,,0,,,,0,,,,0,,1,10,15,17,1,,,,
multi_tile,3,432,11,a,1,16,4544,16,29900,29900,29901,,,,29944,29911,29926,16,1:15,29927,29942,16,1:15,29928,29943,16,1:15,,,0,,,,0,,,,0,,,,0,,1,10,15,17,1,,,,
multi_tile,3,433,11,a,2,0,4672,16,29947,29947,29948,,,,29991,29958,29973,16,1:15,29974,29989,16,1:15,29975,29990,16,1:15,,,0,,,,0,,,,0,,,,0,,1,10,15,17,1,,,,
multi_tile,3,434,11,a,2,16,4800,16,29994,29994,29995,,,,30038,30005,30020,16,1:15,30021,30036,16,1:15,30022,30037,16,1:15,,,0,,,,0,,,,0,,,,0,,1,10,15,17,1,,,,
multi_tile,3,435,11,a,3,0,4928,16,30041,30041,30042,,,,30085,30052,30067,16,1:15,30068,30083,16,1:15,30069,30084,16,1:15,,,0,,,,0,,,,0,,,,0,,1,10,15,17,1,,,,
multi_tile,3,436,11,a,3,16,5056,16,30088,30088,30089,,,,30132,30099,30114,16,1:15,30115,30130,16,1:15,30116,30131,16,1:15,,,0,,,,0,,,,0,,,,0,,1,10,15,17,1,,,,
multi_tile,3,437,11,a,4,0,5184,16,30135,30135,30136,,,,30179,30146,30161,16,1:15,30162,30177,16,1:15,30163,30178,16,1:15,,,0,,,,0,,,,0,,,,0,,1,10,15,17,1,,,,
multi_tile,3,438,11,a,4,16,5312,16,30182,30182,30183,,,,30226,30193,30208,16,1:15,30209,30224,16,1:15,30210,30225,16,1:15,,,0,,,,0,,,,0,,,,0,,1,10,15,17,1,,,,
multi_tile,3,439,11,a,5,0,5440,16,30229,30229,30230,,,,30273,30240,30255,16,1:15,30256,30271,16,1:15,30257,30272,16,1:15,,,0,,,,0,,,,0,,,,0,,1,10,15,17,1,,,,
multi_tile,3,440,11,a,5,16,5568,16,30276,30276,30277,,,,30320,30287,30302,16,1:15,30303,30318,16,1:15,30304,30319,16,1:15,,,0,,,,0,,,,0,,,,0,,1,10,15,17,1,,,,
multi_tile,3,441,11,a,6,0,5696,16,30323,30323,30324,,,,30367,30334,30349,16,1:15,30350,30365,16,1:15,30351,30366,16,1:15,,,0,,,,0,,,,0,,,,0,,1,10,15,17,1,,,,
multi_tile,3,442,11,a,6,16,5824,16,30370,30370,30371,,,,30414,30381,30396,16,1:15,30397,30412,16,1:15,30398,30413,16,1:15,,,0,,,,0,,,,0,,,,0,,1,10,15,17,1,,,,
multi_tile,3,443,11,a,7,0,5952,16,30417,30417,30418,,,,30461,30428,30443,16,1:15,30444,30459,16,1:15,30445,30460,16,1:15,,,0,,,,0,,,,0,,,,0,,1,10,15,17,1,,,,
multi_tile,3,444,11,a,7,16,6080,16,30464,30464,30465,,,,30508,30475,30490,16,1:15,30491,30506,16,1:15,30492,30507,16,1:15,,,0,,,,0,,,,0,,,,0,,1,10,15,17,1,,,,
multi_tile,3,445,11,bt,0,0,10688,16,30516,30516,30517,,,,30560,30527,30542,16,1:15,30543,30558,16,1:15,30544,30559,16,1:15,,,0,,,,0,,,,0,,,,0,,1,10,15,17,1,,,,
multi_tile,3,446,11,bt,0,16,10816,16,30563,30563,30564,,,,30607,30574,30589,16,1:15,30590,30605,16,1:15,30591,30606,16,1:15,,,0,,,,0,,,,0,,,,0,,1,10,15,17,1,,,,
multi_tile,3,447,11,bt,1,0,10944,16,30610,30610,30611,,,,30654,30621,30636,16,1:15,30637,30652,16,1:15,30638,30653,16,1:15,,,0,,,,0,,,,0,,,,0,,1,10,15,17,1,,,,
multi_tile,3,448,11,bt,1,16,11072,16,30657,30657,30658,,,,30701,30668,30683,16,1:15,30684,30699,16,1:15,30685,30700,16,1:15,,,0,,,,0,,,,0,,,,0,,1,10,15,17,1,,,,
multi_tile,3,449,11,bt,2,0,11200,16,30704,30704,30705,,,,30748,30715,30730,16,1:15,30731,30746,16,1:15,30732,30747,16,1:15,,,0,,,,0,,,,0,,,,0,,1,10,15,17,1,,,,
multi_tile,3,450,11,bt,2,16,11328,16,30751,30751,30752,,,,30795,30762,30777,16,1:15,30778,30793,16,1:15,30779,30794,16,1:15,,,0,,,,0,,,,0,,,,0,,1,10,15,17,1,,,,
multi_tile,3,451,11,bt,3,0,11456,16,30798,30798,30799,,,,30842,30809,30824,16,1:15,30825,30840,16,1:15,30826,30841,16,1:15,,,0,,,,0,,,,0,,,,0,,1,10,15,17,1,,,,
multi_tile,3,452,11,bt,3,16,11584,16,30845,30845,30846,,,,30889,30856,30871,16,1:15,30872,30887,16,1:15,30873,30888,16,1:15,,,0,,,,0,,,,0,,,,0,,1,10,15,17,1,,,,
multi_tile,3,453,11,bt,4,0,11712,16,30892,30892,30893,,,,30936,30903,30918,16,1:15,30919,30934,16,1:15,30920,30935,16,1:15,,,0,,,,0,,,,0,,,,0,,1,10,15,17,1,,,,
multi_tile,3,454,11,bt,4,16,11840,16,30939,30939,30940,,,,30983,30950,30965,16,1:15,30966,30981,16,1:15,30967,30982,16,1:15,,,0,,,,0,,,,0,,,,0,,1,10,15,17,1,,,,
multi_tile,3,455,11,bt,5,0,11968,16,30986,30986,30987,,,,31030,30997,31012,16,1:15,31013,31028,16,1:15,31014,31029,16,1:15,,,0,,,,0,,,,0,,,,0,,1,10,15,17,1,,,,
multi_tile,3,456,11,bt,5,16,12096,16,31033,31033,31034,,,,31077,31044,31059,16,1:15,31060,31075,16,1:15,31061,31076,16,1:15,,,0,,,,0,,,,0,,,,0,,1,10,15,17,1,,,,
multi_tile,3,457,11,bt,6,0,12224,8,31080,31080,31081,,,,31108,31091,31098,8,1:7,31099,31106,8,1:7,31100,31107,8,1:7,,,0,,,,0,,,,0,,,,0,,1,10,7,9,1,,,,
multi_tile,3,458,11,bt,6,8,12288,16,31111,31111,31112,,,,31155,31122,31137,16,1:15,31138,31153,16,1:15,31139,31154,16,1:15,,,0,,,,0,,,,0,,,,0,,1,10,15,17,1,,,,
multi_tile,3,459,11,bt,6,24,12416,8,31158,31158,31159,,,,31186,31169,31176,8,1:7,31177,31184,8,1:7,31178,31185,8,1:7,,,0,,,,0,,,,0,,,,0,,1,10,7,9,1,,,,
multi_tile,3,460,11,bt,7,0,12480,16,31189,31189,31190,,,,31233,31200,31215,16,1:15,31216,31231,16,1:15,31217,31232,16,1:15,,,0,,,,0,,,,0,,,,0,,1,10,15,17,1,,,,
multi_tile,3,461,11,bt,7,16,12608,16,31236,31236,31237,,,,31280,31247,31262,16,1:15,31263,31278,16,1:15,31264,31279,16,1:15,,,0,,,,0,,,,0,,,,0,,1,10,15,17,1,,,,
multi_tile,3,462,11,c,0,0,20832,4,32374,32374,,32395,32394,32406,32407,,,0,,,,0,,,,0,,32376,32391,4,5:3,32378,32393,4,5:3,32379,32394,4,5:3,32395,32398,4,1:3,,,,,,20,4,8,1
multi_tile,3,463,11,c,1,0,21024,4,32410,32410,,32431,32430,32442,32443,,,0,,,,0,,,,0,,32412,32427,4,5:3,32414,32429,4,5:3,32415,32430,4,5:3,32431,32434,4,1:3,,,,,,20,4,8,1
multi_tile,3,464,11,c,2,0,21216,4,32446,32446,,32467,32466,32478,32479,,,0,,,,0,,,,0,,32448,32463,4,5:3,32450,32465,4,5:3,32451,32466,4,5:3,32467,32470,4,1:3,,,,,,20,4,8,1
multi_tile,3,465,11,c,3,0,21408,4,32482,32482,,32503,32502,32514,32515,,,0,,,,0,,,,0,,32484,32499,4,5:3,32486,32501,4,5:3,32487,32502,4,5:3,32503,32506,4,1:3,,,,,,20,4,8,1
multi_tile,3,466,11,c,4,0,21600,4,32518,32518,,32539,32538,32550,32551,,,0,,,,0,,,,0,,32520,32535,4,5:3,32522,32537,4,5:3,32523,32538,4,5:3,32539,32542,4,1:3,,,,,,20,4,8,1
multi_tile,3,467,11,c,5,0,21792,4,32554,32554,,32575,32574,32586,32587,,,0,,,,0,,,,0,,32556,32571,4,5:3,32558,32573,4,5:3,32559,32574,4,5:3,32575,32578,4,1:3,,,,,,20,4,8,1
multi_tile,3,468,11,c,6,0,21984,4,32590,32590,,32611,32610,32622,32623,,,0,,,,0,,,,0,,32592,32607,4,5:3,32594,32609,4,5:3,32595,32610,4,5:3,32611,32614,4,1:3,,,,,,20,4,8,1
multi_tile,3,469,11,c,7,0,22176,4,32626,32626,,32647,32646,32658,32659,,,0,,,,0,,,,0,,32628,32643,4,5:3,32630,32645,4,5:3,32631,32646,4,5:3,32647,32650,4,1:3,,,,,,20,4,8,1
multi_tile,3,470,12,a,0,0,4160,16,32668,32668,32669,,,,32712,32679,32694,16,1:15,32695,32710,16,1:15,32696,32711,16,1:15,,,0,,,,0,,,,0,,,,0,,1,10,15,17,1,,,,
multi_tile,3,471,12,a,0,16,4288,16,32715,32715,32716,,,,32759,32726,32741,16,1:15,32742,32757,16,1:15,32743,32758,16,1:15,,,0,,,,0,,,,0,,,,0,,1,10,15,17,1,,,,
multi_tile,3,472,12,a,1,0,4416,16,32762,32762,32763,,,,32806,32773,32788,16,1:15,32789,32804,16,1:15,32790,32805,16,1:15,,,0,,,,0,,,,0,,,,0,,1,10,15,17,1,,,,
multi_tile,3,473,12,a,1,16,4544,16,32809,32809,32810,,,,32853,32820,32835,16,1:15,32836,32851,16,1:15,32837,32852,16,1:15,,,0,,,,0,,,,0,,,,0,,1,10,15,17,1,,,,
multi_tile,3,474,12,a,2,0,4672,16,32856,32856,32857,,,,32900,32867,32882,16,1:15,32883,32898,16,1:15,32884,32899,16,1:15,,,0,,,,0,,,,0,,,,0,,1,10,15,17,1,,,,
multi_tile,3,475,12,a,2,16,4800,16,32903,32903,32904,,,,32947,32914,32929,16,1:15,32930,32945,16,1:15,32931,32946,16,1:15,,,0,,,,0,,,,0,,,,0,,1,10,15,17,1,,,,
multi_tile,3,476,12,a,3,0,4928,16,32950,32950,32951,,,,32994,32961,32976,16,1:15,32977,32992,16,1:15,32978,32993,16,1:15,,,0,,,,0,,,,0,,,,0,,1,10,15,17,1,,,,
multi_tile,3,477,12,a,3,16,5056,16,32997,32997,32998,,,,33041,33008,33023,16,1:15,33024,33039,16,1:15,33025,33040,16,1:15,,,0,,,,0,,,,0,,,,0,,1,10,15,17,1,,,,
multi_tile,3,478,12,a,4,0,5184,16,33044,33044,33045,,,,33088,33055,33070,16,1:15,33071,33086,16,1:15,33072,33087,16,1:15,,,0,,,,0,,,,0,,,,0,,1,10,15,17,1,,,,
multi_tile,3,479,12,a,4,16,5312,16,33091,33091,33092,,,,33135,33102,33117,16,1:15,33118,33133,16,1:15,33119,33134,16,1:15,,,0,,,,0,,,,0,,,,0,,1,10,15,17,1,,,,
multi_tile,3,480,12,a,5,0,5440,16,33138,33138,33139,,,,33182,33149,33164,16,1:15,33165,33180,16,1:15,33166,33181,16,1:15,,,0,,,,0,,,,0,,,,0,,1,10,15,17,1,,,,
multi_tile,3,481,12,a,5,16,5568,16,33185,33185,33186,,,,33229,33196,33211,16,1:15,33212,33227,16,1:15,33213,33228,16,1:15,,,0,,,,0,,,,0,,,,0,,1,10,15,17,1,,,,
multi_tile,3,482,12,a,6,0,5696,16,33232,33232,33233,,,,33276,33243,33258,16,1:15,33259,33274,16,1:15,33260,33275,16,1:15,,,0,,,,0,,,,0,,,,0,,1,10,15,17,1,,,,
multi_tile,3,483,12,a,6,16,5824,16,33279,33279,33280,,,,33323,33290,33305,16,1:15,33306,33321,16,1:15,33307,33322,16,1:15,,,0,,,,0,,,,0,,,,0,,1,10,15,17,1,,,,
multi_tile,3,484,12,a,7,0,5952,16,33326,33326,33327,,,,33370,33337,33352,16,1:15,33353,33368,16,1:15,33354,33369,16,1:15,,,0,,,,0,,,,0,,,,0,,1,10,15,17,1,,,,
multi_tile,3,485,12,a,7,16,6080,16,33373,33373,33374,,,,33417,33384,33399,16,1:15,33400,33415,16,1:15,33401,33416,16,1:15,,,0,,,,0,,,,0,,,,0,,1,10,15,17,1,,,,
multi_tile,3,486,12,bt,0,0,12736,16,33425,33425,33426,,,,33469,33436,33451,16,1:15,33452,33467,16,1:15,33453,33468,16,1:15,,,0,,,,0,,,,0,,,,0,,1,10,15,17,1,,,,
multi_tile,3,487,12,bt,0,16,12864,16,33472,33472,33473,,,,33516,33483,33498,16,1:15,33499,33514,16,1:15,33500,33515,16,1:15,,,0,,,,0,,,,0,,,,0,,1,10,15,17,1,,,,
multi_tile,3,488,12,bt,1,0,12992,16,33519,33519,33520,,,,33563,33530,33545,16,1:15,33546,33561,16,1:15,33547,33562,16,1:15,,,0,,,,0,,,,0,,,,0,,1,10,15,17,1,,,,
multi_tile,3,489,12,bt,1,16,13120,16,33566,33566,33567,,,,33610,33577,33592,16,1:15,33593,33608,16,1:15,33594,33609,16,1:15,,,0,,,,0,,,,0,,,,0,,1,10,15,17,1,,,,
multi_tile,3,490,12,bt,2,0,13248,16,33613,33613,33614,,,,33657,33624,33639,16,1:15,33640,33655,16,1:15,33641,33656,16,1:15,,,0,,,,0,,,,0,,,,0,,1,10,15,17,1,,,,
multi_tile,3,491,12,bt,2,16,13376,16,33660,33660,33661,,,,33704,33671,33686,16,1:15,33687,33702,16,1:15,33688,33703,16,1:15,,,0,,,,0,,,,0,,,,0,,1,10,15,17,1,,,,
multi_tile,3,492,12,bt,3,0,13504,16,33707,33707,33708,,,,33751,33718,33733,16,1:15,33734,33749,16,1:15,33735,33750,16,1:15,,,0,,,,0,,,,0,,,,0,,1,10,15,17,1,,,,
multi_tile,3,493,12,bt,3,16,13632,16,33754,33754,33755,,,,33798,33765,33780,16,1:15,33781,33796,16,1:15,33782,33797,16,1:15,,,0,,,,0,,,,0,,,,0,,1,10,15,17,1,,,,
multi_tile,3,494,12,bt,4,0,13760,16,33801,33801,33802,,,,33845,33812,33827,16,1:15,33828,33843,16,1:15,33829,33844,16,1:15,,,0,,,,0,,,,0,,,,0,,1,10,15,17,1,,,,
multi_tile,3,495,12,bt,4,16,13888,16,33848,33848,33849,,,,33892,33859,33874,16,1:15,33875,33890,16,1:15,33876,33891,16,1:15,,,0,,,,0,,,,0,,,,0,,1,10,15,17,1,,,,
multi_tile,3,496,12,bt,5,0,14016,16,33895,33895,33896,,,,33939,33906,33921,16,1:15,33922,33937,16,1:15,33923,33938,16,1:15,,,0,,,,0,,,,0,,,,0,,1,10,15,17,1,,,,
multi_tile,3,497,12,bt,5,16,14144,16,33942,33942,33943,,,,33986,33953,33968,16,1:15,33969,33984,16,1:15,33970,33985,16,1:15,,,0,,,,0,,,,0,,,,0,,1,10,15,17,1,,,,
multi_tile,3,498,12,bt,6,0,14272,16,33989,33989,33990,,,,34033,34000,34015,16,1:15,34016,34031,16,1:15,34017,34032,16,1:15,,,0,,,,0,,,,0,,,,0,,1,10,15,17,1,,,,
multi_tile,3,499,12,bt,6,16,14400,16,34036,34036,34037,,,,34080,34047,34062,16,1:15,34063,34078,16,1:15,34064,34079,16,1:15,,,0,,,,0,,,,0,,,,0,,1,10,15,17,1,,,,
multi_tile,3,500,12,bt,7,0,14528,16,34083,34083,34084,,,,34127,34094,34109,16,1:15,34110,34125,16,1:15,34111,34126,16,1:15,,,0,,,,0,,,,0,,,,0,,1,10,15,17,1,,,,
multi_tile,3,501,12,bt,7,16,14656,16,34130,34130,34131,,,,34174,34141,34156,16,1:15,34157,34172,16,1:15,34158,34173,16,1:15,,,0,,,,0,,,,0,,,,0,,1,10,15,17,1,,,,
multi_tile,3,502,12,c,0,0,20864,4,35268,35268,,35289,35288,35300,35301,,,0,,,,0,,,,0,,35270,35285,4,5:3,35272,35287,4,5:3,35273,35288,4,5:3,35289,35292,4,1:3,,,,,,20,4,8,1
multi_tile,3,503,12,c,1,0,21056,4,35304,35304,,35325,35324,35336,35337,,,0,,,,0,,,,0,,35306,35321,4,5:3,35308,35323,4,5:3,35309,35324,4,5:3,35325,35328,4,1:3,,,,,,20,4,8,1
multi_tile,3,504,12,c,2,0,21248,4,35340,35340,,35361,35360,35372,35373,,,0,,,,0,,,,0,,35342,35357,4,5:3,35344,35359,4,5:3,35345,35360,4,5:3,35361,35364,4,1:3,,,,,,20,4,8,1
multi_tile,3,505,12,c,3,0,21440,4,35376,35376,,35397,35396,35408,35409,,,0,,,,0,,,,0,,35378,35393,4,5:3,35380,35395,4,5:3,35381,35396,4,5:3,35397,35400,4,1:3,,,,,,20,4,8,1
multi_tile,3,506,12,c,4,0,21632,4,35412,35412,,35433,35432,35444,35445,,,0,,,,0,,,,0,,35414,35429,4,5:3,35416,35431,4,5:3,35417,35432,4,5:3,35433,35436,4,1:3,,,,,,20,4,8,1
multi_tile,3,507,12,c,5,0,21824,4,35448,35448,,35469,35468,35480,35481,,,0,,,,0,,,,0,,35450,35465,4,5:3,35452,35467,4,5:3,35453,35468,4,5:3,35469,35472,4,1:3,,,,,,20,4,8,1
multi_tile,3,508,12,c,6,0,22016,4,35484,35484,,35505,35504,35516,35517,,,0,,,,0,,,,0,,35486,35501,4,5:3,35488,35503,4,5:3,35489,35504,4,5:3,35505,35508,4,1:3,,,,,,20,4,8,1
multi_tile,3,509,12,c,7,0,22208,4,35520,35520,,35541,35540,35552,35553,,,0,,,,0,,,,0,,35522,35537,4,5:3,35524,35539,4,5:3,35525,35540,4,5:3,35541,35544,4,1:3,,,,,,20,4,8,1
multi_tile,3,510,13,a,0,0,4160,16,35562,35562,35563,,,,35606,35573,35588,16,1:15,35589,35604,16,1:15,35590,35605,16,1:15,,,0,,,,0,,,,0,,,,0,,1,10,15,17,1,,,,
multi_tile,3,511,13,a,0,16,4288,16,35609,35609,35610,,,,35653,35620,35635,16,1:15,35636,35651,16,1:15,35637,35652,16,1:15,,,0,,,,0,,,,0,,,,0,,1,10,15,17,1,,,,
multi_tile,3,512,13,a,1,0,4416,16,35656,35656,35657,,,,35700,35667,35682,16,1:15,35683,35698,16,1:15,35684,35699,16,1:15,,,0,,,,0,,,,0,,,,0,,1,10,15,17,1,,,,
multi_tile,3,513,13,a,1,16,4544,16,35703,35703,35704,,,,35747,35714,35729,16,1:15,35730,35745,16,1:15,35731,35746,16,1:15,,,0,,,,0,,,,0,,,,0,,1,10,15,17,1,,,,
multi_tile,3,514,13,a,2,0,4672,16,35750,35750,35751,,,,35794,35761,35776,16,1:15,35777,35792,16,1:15,35778,35793,16,1:15,,,0,,,,0,,,,0,,,,0,,1,10,15,17,1,,,,
multi_tile,3,515,13,a,2,16,4800,16,35797,35797,35798,,,,35841,35808,35823,16,1:15,35824,35839,16,1:15,35825,35840,16,1:15,,,0,,,,0,,,,0,,,,0,,1,10,15,17,1,,,,
multi_tile,3,516,13,a,3,0,4928,16,35844,35844,35845,,,,35888,35855,35870,16,1:15,35871,35886,16,1:15,35872,35887,16,1:15,,,0,,,,0,,,,0,,,,0,,1,10,15,17,1,,,,
multi_tile,3,517,13,a,3,16,5056,16,35891,35891,35892,,,,35935,35902,35917,16,1:15,35918,35933,16,1:15,35919,35934,16,1:15,,,0,,,,0,,,,0,,,,0,,1,10,15,17,1,,,,
multi_tile,3,518,13,a,4,0,5184,16,35938,35938,35939,,,,35982,35949,35964,16,1:15,35965,35980,16,1:15,35966,35981,16,1:15,,,0,,,,0,,,,0,,,,0,,1,10,15,17,1,,,,
multi_tile,3,519,13,a,4,16,5312,16,35985,35985,35986,,,,36029,35996,36011,16,1:15,36012,36027,16,1:15,36013,36028,16,1:15,,,0,,,,0,,,,0,,,,0,,1,10,15,17,1,,,,
multi_tile,3,520,13,a,5,0,5440,16,36032,36032,36033,,,,36076,36043,36058,16,1:15,36059,36074,16,1:15,36060,36075,16,1:15,,,0,,,,0,,,,0,,,,0,,1,10,15,17,1,,,,
multi_tile,3,521,13,a,5,16,5568,16,36079,36079,36080,,,,36123,36090,36105,16,1:15,36106,36121,16,1:15,36107,36122,16,1:15,,,0,,,,0,,,,0,,,,0,,1,10,15,17,1,,,,
multi_tile,3,522,13,a,6,0,5696,16,36126,36126,36127,,,,36170,36137,36152,16,1:15,36153,36168,16,1:15,36154,36169,16,1:15,,,0,,,,0,,,,0,,,,0,,1,10,15,17,1,,,,
multi_tile,3,523,13,a,6,16,5824,16,36173,36173,36174,,,,36217,36184,36199,16,1:15,36200,36215,16,1:15,36201,36216,16,1:15,,,0,,,,0,,,,0,,,,0,,1,10,15,17,1,,,,
multi_tile,3,524,13,a,7,0,5952,16,36220,36220,36221,,,,36264,36231,36246,16,1:15,36247,36262,16,1:15,36248,36263,16,1:15,,,0,,,,0,,,,0,,,,0,,1,10,15,17,1,,,,
multi_tile,3,525,13,a,7,16,6080,16,36267,36267,36268,,,,36311,36278,36293,16,1:15,36294,36309,16,1:15,36295,36310,16,1:15,,,0,,,,0,,,,0,,,,0,,1,10,15,17,1,,,,
multi_tile,3,526,13,bt,0,0,14784,16,36319,36319,36320,,,,36363,36330,36345,16,1:15,36346,36361,16,1:15,36347,36362,16,1:15,,,0,,,,0,,,,0,,,,0,,1,10,15,17,1,,,,
multi_tile,3,527,13,bt,0,16,14912,16,36366,36366,36367,,,,36410,36377,36392,16,1:15,36393,36408,16,1:15,36394,36409,16,1:15,,,0,,,,0,,,,0,,,,0,,1,10,15,17,1,,,,
multi_tile,3,528,13,bt,1,0,15040,16,36413,36413,36414,,,,36457,36424,36439,16,1:15,36440,36455,16,1:15,36441,36456,16,1:15,,,0,,,,0,,,,0,,,,0,,1,10,15,17,1,,,,
multi_tile,3,529,13,bt,1,16,15168,16,36460,36460,36461,,,,36504,36471,36486,16,1:15,36487,36502,16,1:15,36488,36503,16,1:15,,,0,,,,0,,,,0,,,,0,,1,10,15,17,1,,,,
multi_tile,3,530,13,bt,2,0,15296,16,36507,36507,36508,,,,36551,36518,36533,16,1:15,36534,36549,16,1:15,36535,36550,16,1:15,,,0,,,,0,,,,0,,,,0,,1,10,15,17,1,,,,
multi_tile,3,531,13,bt,2,16,15424,16,36554,36554,36555,,,,36598,36565,36580,16,1:15,36581,36596,16,1:15,36582,36597,16,1:15,,,0,,,,0,,,,0,,,,0,,1,10,15,17,1,,,,
multi_tile,3,532,13,bt,3,0,15552,16,36601,36601,36602,,,,36645,36612,36627,16,1:15,36628,36643,16,1:15,36629,36644,16,1:15,,,0,,,,0,,,,0,,,,0,,1,10,15,17,1,,,,
multi_tile,3,533,13,bt,3,16,15680,16,36648,36648,36649,,,,36692,36659,36674,16,1:15,36675,36690,16,1:15,36676,36691,16,1:15,,,0,,,,0,,,,0,,,,0,,1,10,15,17,1,,,,
multi_tile,3,534,13,bt,4,0,15808,16,36695,36695,36696,,,,36739,36706,36721,16,1:15,36722,36737,16,1:15,36723,36738,16,1:15,,,0,,,,0,,,,0,,,,0,,1,10,15,17,1,,,,
multi_tile,3,535,13,bt,4,16,15936,16,36742,36742,36743,,,,36786,36753,36768,16,1:15,36769,36784,16,1:15,36770,36785,16,1:15,,,0,,,,0,,,,0,,,,0,,1,10,15,17,1,,,,
multi_tile,3,536,13,bt,5,0,16064,16,36789,36789,36790,,,,36833,36800,36815,16,1:15,36816,36831,16,1:15,36817,36832,16,1:15,,,0,,,,0,,,,0,,,,0,,1,10,15,17,1,,,,
multi_tile,3,537,13,bt,5,16,16192,16,36836,36836,36837,,,,36880,36847,36862,16,1:15,36863,36878,16,1:15,36864,36879,16,1:15,,,0,,,,0,,,,0,,,,0,,1,10,15,17,1,,,,
multi_tile,3,538,13,bt,6,0,16320,8,36883,36883,36884,,,,36911,36894,36901,8,1:7,36902,36909,8,1:7,36903,36910,8,1:7,,,0,,,,0,,,,0,,,,0,,1,10,7,9,1,,,,
multi_tile,3,539,13,bt,6,8,16384,16,36914,36914,36915,,,,36958,36925,36940,16,1:15,36941,36956,16,1:15,36942,36957,16,1:15,,,0,,,,0,,,,0,,,,0,,1,10,15,17,1,,,,
multi_tile,3,540,13,bt,6,24,16512,8,36961,36961,36962,,,,36989,36972,36979,8,1:7,36980,36987,8,1:7,36981,36988,8,1:7,,,0,,,,0,,,,0,,,,0,,1,10,7,9,1,,,,
multi_tile,3,541,13,bt,7,0,16576,16,36992,36992,36993,,,,37036,37003,37018,16,1:15,37019,37034,16,1:15,37020,37035,16,1:15,,,0,,,,0,,,,0,,,,0,,1,10,15,17,1,,,,
multi_tile,3,542,13,bt,7,16,16704,16,37039,37039,37040,,,,37083,37050,37065,16,1:15,37066,37081,16,1:15,37067,37082,16,1:15,,,0,,,,0,,,,0,,,,0,,1,10,15,17,1,,,,
multi_tile,3,543,13,c,0,0,20896,4,38177,38177,,38198,38197,38209,38210,,,0,,,,0,,,,0,,38179,38194,4,5:3,38181,38196,4,5:3,38182,38197,4,5:3,38198,38201,4,1:3,,,,,,20,4,8,1
multi_tile,3,544,13,c,1,0,21088,4,38213,38213,,38234,38233,38245,38246,,,0,,,,0,,,,0,,38215,38230,4,5:3,38217,38232,4,5:3,38218,38233,4,5:3,38234,38237,4,1:3,,,,,,20,4,8,1
multi_tile,3,545,13,c,2,0,21280,4,38249,38249,,38270,38269,38281,38282,,,0,,,,0,,,,0,,38251,38266,4,5:3,38253,38268,4,5:3,38254,38269,4,5:3,38270,38273,4,1:3,,,,,,20,4,8,1
multi_tile,3,546,13,c,3,0,21472,4,38285,38285,,38306,38305,38317,38318,,,0,,,,0,,,,0,,38287,38302,4,5:3,38289,38304,4,5:3,38290,38305,4,5:3,38306,38309,4,1:3,,,,,,20,4,8,1
multi_tile,3,547,13,c,4,0,21664,4,38321,38321,,38342,38341,38353,38354,,,0,,,,0,,,,0,,38323,38338,4,5:3,38325,38340,4,5:3,38326,38341,4,5:3,38342,38345,4,1:3,,,,,,20,4,8,1
multi_tile,3,548,13,c,5,0,21856,4,38357,38357,,38378,38377,38389,38390,,,0,,,,0,,,,0,,38359,38374,4,5:3,38361,38376,4,5:3,38362,38377,4,5:3,38378,38381,4,1:3,,,,,,20,4,8,1
multi_tile,3,549,13,c,6,0,22048,4,38393,38393,,38414,38413,38425,38426,,,0,,,,0,,,,0,,38395,38410,4,5:3,38397,38412,4,5:3,38398,38413,4,5:3,38414,38417,4,1:3,,,,,,20,4,8,1
multi_tile,3,550,13,c,7,0,22240,4,38429,38429,,38450,38449,38461,38462,,,0,,,,0,,,,0,,38431,38446,4,5:3,38433,38448,4,5:3,38434,38449,4,5:3,38450,38453,4,1:3,,,,,,20,4,8,1
multi_tile,3,551,14,a,0,0,4160,16,38471,38471,38472,,,,38515,38482,38497,16,1:15,38498,38513,16,1:15,38499,38514,16,1:15,,,0,,,,0,,,,0,,,,0,,1,10,15,17,1,,,,
multi_tile,3,552,14,a,0,16,4288,16,38518,38518,38519,,,,38562,38529,38544,16,1:15,38545,38560,16,1:15,38546,38561,16,1:15,,,0,,,,0,,,,0,,,,0,,1,10,15,17,1,,,,
multi_tile,3,553,14,a,1,0,4416,16,38565,38565,38566,,,,38609,38576,38591,16,1:15,38592,38607,16,1:15,38593,38608,16,1:15,,,0,,,,0,,,,0,,,,0,,1,10,15,17,1,,,,
multi_tile,3,554,14,a,1,16,4544,16,38612,38612,38613,,,,38656,38623,38638,16,1:15,38639,38654,16,1:15,38640,38655,16,1:15,,,0,,,,0,,,,0,,,,0,,1,10,15,17,1,,,,
multi_tile,3,555,14,a,2,0,4672,16,38659,38659,38660,,,,38703,38670,38685,16,1:15,38686,38701,16,1:15,38687,38702,16,1:15,,,0,,,,0,,,,0,,,,0,,1,10,15,17,1,,,,
multi_tile,3,556,14,a,2,16,4800,16,38706,38706,38707,,,,38750,38717,38732,16,1:15,38733,38748,16,1:15,38734,38749,16,1:15,,,0,,,,0,,,,0,,,,0,,1,10,15,17,1,,,,
multi_tile,3,557,14,a,3,0,4928,16,38753,38753,38754,,,,38797,38764,38779,16,1:15,38780,38795,16,1:15,38781,38796,16,1:15,,,0,,,,0,,,,0,,,,0,,1,10,15,17,1,,,,
multi_tile,3,558,14,a,3,16,5056,16,38800,38800,38801,,,,38844,38811,38826,16,1:15,38827,38842,16,1:15,38828,38843,16,1:15,,,0,,,,0,,,,0,,,,0,,1,10,15,17,1,,,,
multi_tile,3,559,14,a,4,0,5184,16,38847,38847,38848,,,,38891,38858,38873,16,1:15,38874,38889,16,1:15,38875,38890,16,1:15,,,0,,,,0,,,,0,,,,0,,1,10,15,17,1,,,,
multi_tile,3,560,14,a,4,16,5312,16,38894,38894,38895,,,,38938,38905,38920,16,1:15,38921,38936,16,1:15,38922,38937,16,1:15,,,0,,,,0,,,,0,,,,0,,1,10,15,17,1,,,,
multi_tile,3,561,14,a,5,0,5440,16,38941,38941,38942,,,,38985,38952,38967,16,1:15,38968,38983,16,1:15,38969,38984,16,1:15,,,0,,,,0,,,,0,,,,0,,1,10,15,17,1,,,,
multi_tile,3,562,14,a,5,16,5568,16,38988,38988,38989,,,,39032,38999,39014,16,1:15,39015,39030,16,1:15,39016,39031,16,1:15,,,0,,,,0,,,,0,,,,0,,1,10,15,17,1,,,,
multi_tile,3,563,14,a,6,0,5696,16,39035,39035,39036,,,,39079,39046,39061,16,1:15,39062,39077,16,1:15,39063,39078,16,1:15,,,0,,,,0,,,,0,,,,0,,1,10,15,17,1,,,,
multi_tile,3,564,14,a,6,16,5824,16,39082,39082,39083,,,,39126,39093,39108,16,1:15,39109,39124,16,1:15,39110,39125,16,1:15,,,0,,,,0,,,,0,,,,0,,1,10,15,17,1,,,,
multi_tile,3,565,14,a,7,0,5952,16,39129,39129,39130,,,,39173,39140,39155,16,1:15,39156,39171,16,1:15,39157,39172,16,1:15,,,0,,,,0,,,,0,,,,0,,1,10,15,17,1,,,,
multi_tile,3,566,14,a,7,16,6080,16,39176,39176,39177,,,,39220,39187,39202,16,1:15,39203,39218,16,1:15,39204,39219,16,1:15,,,0,,,,0,,,,0,,,,0,,1,10,15,17,1,,,,
multi_tile,3,567,14,bt,0,0,16832,16,39228,39228,39229,,,,39272,39239,39254,16,1:15,39255,39270,16,1:15,39256,39271,16,1:15,,,0,,,,0,,,,0,,,,0,,1,10,15,17,1,,,,
multi_tile,3,568,14,bt,0,16,16960,16,39275,39275,39276,,,,39319,39286,39301,16,1:15,39302,39317,16,1:15,39303,39318,16,1:15,,,0,,,,0,,,,0,,,,0,,1,10,15,17,1,,,,
multi_tile,3,569,14,bt,1,0,17088,16,39322,39322,39323,,,,39366,39333,39348,16,1:15,39349,39364,16,1:15,39350,39365,16,1:15,,,0,,,,0,,,,0,,,,0,,1,10,15,17,1,,,,
multi_tile,3,570,14,bt,1,16,17216,16,39369,39369,39370,,,,39413,39380,39395,16,1:15,39396,39411,16,1:15,39397,39412,16,1:15,,,0,,,,0,,,,0,,,,0,,1,10,15,17,1,,,,
multi_tile,3,571,14,bt,2,0,17344,16,39416,39416,39417,,,,39460,39427,39442,16,1:15,39443,39458,16,1:15,39444,39459,16,1:15,,,0,,,,0,,,,0,,,,0,,1,10,15,17,1,,,,
multi_tile,3,572,14,bt,2,16,17472,16,39463,39463,39464,,,,39507,39474,39489,16,1:15,39490,39505,16,1:15,39491,39506,16,1:15,,,0,,,,0,,,,0,,,,0,,1,10,15,17,1,,,,
multi_tile,3,573,14,c,0,0,20928,2,40059,40059,,40070,40069,40079,40080,,,0,,,,0,,,,0,,40061,40066,2,5:1,40063,40068,2,5:1,40064,40069,2,5:1,40070,40071,2,1:1,,,,,,10,2,8,1
multi_tile,3,574,14,c,1,0,21120,2,40083,40083,,40094,40093,40103,40104,,,0,,,,0,,,,0,,40085,40090,2,5:1,40087,40092,2,5:1,40088,40093,2,5:1,40094,40095,2,1:1,,,,,,10,2,8,1
multi_tile,3,575,14,c,2,0,21312,2,40107,40107,,40118,40117,40127,40128,,,0,,,,0,,,,0,,40109,40114,2,5:1,40111,40116,2,5:1,40112,40117,2,5:1,40118,40119,2,1:1,,,,,,10,2,8,1
multi_tile,3,576,14,c,3,0,21504,2,40131,40131,,40142,40141,40151,40152,,,0,,,,0,,,,0,,40133,40138,2,5:1,40135,40140,2,5:1,40136,40141,2,5:1,40142,40143,2,1:1,,,,,,10,2,8,1
multi_tile,3,577,14,c,4,0,21696,2,40155,40155,,40166,40165,40175,40176,,,0,,,,0,,,,0,,40157,40162,2,5:1,40159,40164,2,5:1,40160,40165,2,5:1,40166,40167,2,1:1,,,,,,10,2,8,1
multi_tile,3,578,14,c,5,0,21888,2,40179,40179,,40190,40189,40199,40200,,,0,,,,0,,,,0,,40181,40186,2,5:1,40183,40188,2,5:1,40184,40189,2,5:1,40190,40191,2,1:1,,,,,,10,2,8,1
multi_tile,3,579,14,c,6,0,22080,2,40203,40203,,40214,40213,40223,40224,,,0,,,,0,,,,0,,40205,40210,2,5:1,40207,40212,2,5:1,40208,40213,2,5:1,40214,40215,2,1:1,,,,,,10,2,8,1
multi_tile,3,580,14,c,7,0,22272,2,40227,40227,,40238,40237,40247,40248,,,0,,,,0,,,,0,,40229,40234,2,5:1,40231,40236,2,5:1,40232,40237,2,5:1,40238,40239,2,1:1,,,,,,10,2,8,1
multi_tile,3,581,15,a,0,0,6208,16,40257,40257,40258,,,,40301,40268,40283,16,1:15,40284,40299,16,1:15,40285,40300,16,1:15,,,0,,,,0,,,,0,,,,0,,1,10,15,17,1,,,,
multi_tile,3,582,15,a,0,16,6336,16,40304,40304,40305,,,,40348,40315,40330,16,1:15,40331,40346,16,1:15,40332,40347,16,1:15,,,0,,,,0,,,,0,,,,0,,1,10,15,17,1,,,,
multi_tile,3,583,15,a,1,0,6464,16,40351,40351,40352,,,,40395,40362,40377,16,1:15,40378,40393,16,1:15,40379,40394,16,1:15,,,0,,,,0,,,,0,,,,0,,1,10,15,17,1,,,,
multi_tile,3,584,15,a,1,16,6592,16,40398,40398,40399,,,,40442,40409,40424,16,1:15,40425,40440,16,1:15,40426,40441,16,1:15,,,0,,,,0,,,,0,,,,0,,1,10,15,17,1,,,,
multi_tile,3,585,15,a,2,0,6720,16,40445,40445,40446,,,,40489,40456,40471,16,1:15,40472,40487,16,1:15,40473,40488,16,1:15,,,0,,,,0,,,,0,,,,0,,1,10,15,17,1,,,,
multi_tile,3,586,15,a,2,16,6848,16,40492,40492,40493,,,,40536,40503,40518,16,1:15,40519,40534,16,1:15,40520,40535,16,1:15,,,0,,,,0,,,,0,,,,0,,1,10,15,17,1,,,,
multi_tile,3,587,15,a,3,0,6976,16,40539,40539,40540,,,,40583,40550,40565,16,1:15,40566,40581,16,1:15,40567,40582,16,1:15,,,0,,,,0,,,,0,,,,0,,1,10,15,17,1,,,,
multi_tile,3,588,15,a,3,16,7104,16,40586,40586,40587,,,,40630,40597,40612,16,1:15,40613,40628,16,1:15,40614,40629,16,1:15,,,0,,,,0,,,,0,,,,0,,1,10,15,17,1,,,,
multi_tile,3,589,15,a,4,0,7232,16,40633,40633,40634,,,,40677,40644,40659,16,1:15,40660,40675,16,1:15,40661,40676,16,1:15,,,0,,,,0,,,,0,,,,0,,1,10,15,17,1,,,,
multi_tile,3,590,15,a,4,16,7360,16,40680,40680,40681,,,,40724,40691,40706,16,1:15,40707,40722,16,1:15,40708,40723,16,1:15,,,0,,,,0,,,,0,,,,0,,1,10,15,17,1,,,,
multi_tile,3,591,15,a,5,0,7488,16,40727,40727,40728,,,,40771,40738,40753,16,1:15,40754,40769,16,1:15,40755,40770,16,1:15,,,0,,,,0,,,,0,,,,0,,1,10,15,17,1,,,,
multi_tile,3,592,15,a,5,16,7616,16,40774,40774,40775,,,,40818,40785,40800,16,1:15,40801,40816,16,1:15,40802,40817,16,1:15,,,0,,,,0,,,,0,,,,0,,1,10,15,17,1,,,,
multi_tile,3,593,15,a,6,0,7744,16,40821,40821,40822,,,,40865,40832,40847,16,1:15,40848,40863,16,1:15,40849,40864,16,1:15,,,0,,,,0,,,,0,,,,0,,1,10,15,17,1,,,,
multi_tile,3,594,15,a,6,16,7872,16,40868,40868,40869,,,,40912,40879,40894,16,1:15,40895,40910,16,1:15,40896,40911,16,1:15,,,0,,,,0,,,,0,,,,0,,1,10,15,17,1,,,,
multi_tile,3,595,15,a,7,0,8000,16,40915,40915,40916,,,,40959,40926,40941,16,1:15,40942,40957,16,1:15,40943,40958,16,1:15,,,0,,,,0,,,,0,,,,0,,1,10,15,17,1,,,,
multi_tile,3,596,15,a,7,16,8128,8,40962,40962,40963,,,,40990,40973,40980,8,1:7,40981,40988,8,1:7,40982,40989,8,1:7,,,0,,,,0,,,,0,,,,0,,1,10,7,9,1,,,,
multi_tile,3,597,15,a,7,24,8192,8,40993,40993,40994,,,,41021,41004,41011,8,1:7,41012,41019,8,1:7,41013,41020,8,1:7,,,0,,,,0,,,,0,,,,0,,1,10,7,9,1,,,,
multi_tile,3,598,15,bt,0,0,8640,16,41029,41029,41030,,,,41073,41040,41055,16,1:15,41056,41071,16,1:15,41057,41072,16,1:15,,,0,,,,0,,,,0,,,,0,,1,10,15,17,1,,,,
multi_tile,3,599,15,bt,0,16,8768,16,41076,41076,41077,,,,41120,41087,41102,16,1:15,41103,41118,16,1:15,41104,41119,16,1:15,,,0,,,,0,,,,0,,,,0,,1,10,15,17,1,,,,
multi_tile,3,600,15,bt,1,0,8896,16,41123,41123,41124,,,,41167,41134,41149,16,1:15,41150,41165,16,1:15,41151,41166,16,1:15,,,0,,,,0,,,,0,,,,0,,1,10,15,17,1,,,,
multi_tile,3,601,15,bt,1,16,9024,16,41170,41170,41171,,,,41214,41181,41196,16,1:15,41197,41212,16,1:15,41198,41213,16,1:15,,,0,,,,0,,,,0,,,,0,,1,10,15,17,1,,,,
multi_tile,3,602,15,bt,2,0,9152,16,41217,41217,41218,,,,41261,41228,41243,16,1:15,41244,41259,16,1:15,41245,41260,16,1:15,,,0,,,,0,,,,0,,,,0,,1,10,15,17,1,,,,
multi_tile,3,603,15,bt,2,16,9280,16,41264,41264,41265,,,,41308,41275,41290,16,1:15,41291,41306,16,1:15,41292,41307,16,1:15,,,0,,,,0,,,,0,,,,0,,1,10,15,17,1,,,,
multi_tile,3,604,15,bt,3,0,9408,16,41311,41311,41312,,,,41355,41322,41337,16,1:15,41338,41353,16,1:15,41339,41354,16,1:15,,,0,,,,0,,,,0,,,,0,,1,10,15,17,1,,,,
multi_tile,3,605,15,bt,3,16,9536,16,41358,41358,41359,,,,41402,41369,41384,16,1:15,41385,41400,16,1:15,41386,41401,16,1:15,,,0,,,,0,,,,0,,,,0,,1,10,15,17,1,,,,
multi_tile,3,606,15,bt,4,0,9664,16,41405,41405,41406,,,,41449,41416,41431,16,1:15,41432,41447,16,1:15,41433,41448,16,1:15,,,0,,,,0,,,,0,,,,0,,1,10,15,17,1,,,,
multi_tile,3,607,15,bt,4,16,9792,16,41452,41452,41453,,,,41496,41463,41478,16,1:15,41479,41494,16,1:15,41480,41495,16,1:15,,,0,,,,0,,,,0,,,,0,,1,10,15,17,1,,,,
multi_tile,3,608,15,bt,5,0,9920,16,41499,41499,41500,,,,41543,41510,41525,16,1:15,41526,41541,16,1:15,41527,41542,16,1:15,,,0,,,,0,,,,0,,,,0,,1,10,15,17,1,,,,
multi_tile,3,609,15,bt,5,16,10048,16,41546,41546,41547,,,,41590,41557,41572,16,1:15,41573,41588,16,1:15,41574,41589,16,1:15,,,0,,,,0,,,,0,,,,0,,1,10,15,17,1,,,,
multi_tile,3,610,15,bt,6,0,10176,16,41593,41593,41594,,,,41637,41604,41619,16,1:15,41620,41635,16,1:15,41621,41636,16,1:15,,,0,,,,0,,,,0,,,,0,,1,10,15,17,1,,,,
multi_tile,3,611,15,bt,6,16,10304,16,41640,41640,41641,,,,41684,41651,41666,16,1:15,41667,41682,16,1:15,41668,41683,16,1:15,,,0,,,,0,,,,0,,,,0,,1,10,15,17,1,,,,
multi_tile,3,612,15,bt,7,0,10432,16,41687,41687,41688,,,,41731,41698,41713,16,1:15,41714,41729,16,1:15,41715,41730,16,1:15,,,0,,,,0,,,,0,,,,0,,1,10,15,17,1,,,,
multi_tile,3,613,15,bt,7,16,10560,16,41734,41734,41735,,,,41778,41745,41760,16,1:15,41761,41776,16,1:15,41762,41777,16,1:15,,,0,,,,0,,,,0,,,,0,,1,10,15,17,1,,,,
multi_tile,3,614,15,c,0,0,22336,4,42872,42872,,42893,42892,42904,42905,,,0,,,,0,,,,0,,42874,42889,4,5:3,42876,42891,4,5:3,42877,42892,4,5:3,42893,42896,4,1:3,,,,,,20,4,8,1
multi_tile,3,615,15,c,1,0,22528,4,42908,42908,,42929,42928,42940,42941,,,0,,,,0,,,,0,,42910,42925,4,5:3,42912,42927,4,5:3,42913,42928,4,5:3,42929,42932,4,1:3,,,,,,20,4,8,1
multi_tile,3,616,15,c,2,0,22720,4,42944,42944,,42965,42964,42976,42977,,,0,,,,0,,,,0,,42946,42961,4,5:3,42948,42963,4,5:3,42949,42964,4,5:3,42965,42968,4,1:3,,,,,,20,4,8,1
multi_tile,3,617,15,c,3,0,22912,4,42980,42980,,43001,43000,43012,43013,,,0,,,,0,,,,0,,42982,42997,4,5:3,42984,42999,4,5:3,42985,43000,4,5:3,43001,43004,4,1:3,,,,,,20,4,8,1
multi_tile,3,618,15,c,4,0,23104,4,43016,43016,,43037,43036,43048,43049,,,0,,,,0,,,,0,,43018,43033,4,5:3,43020,43035,4,5:3,43021,43036,4,5:3,43037,43040,4,1:3,,,,,,20,4,8,1
multi_tile,3,619,15,c,5,0,23296,4,43052,43052,,43073,43072,43084,43085,,,0,,,,0,,,,0,,43054,43069,4,5:3,43056,43071,4,5:3,43057,43072,4,5:3,43073,43076,4,1:3,,,,,,20,4,8,1
multi_tile,3,620,15,c,6,0,23488,4,43088,43088,,43109,43108,43120,43121,,,0,,,,0,,,,0,,43090,43105,4,5:3,43092,43107,4,5:3,43093,43108,4,5:3,43109,43112,4,1:3,,,,,,20,4,8,1
multi_tile,3,621,15,c,7,0,23680,4,43124,43124,,43145,43144,43156,43157,,,0,,,,0,,,,0,,43126,43141,4,5:3,43128,43143,4,5:3,43129,43144,4,5:3,43145,43148,4,1:3,,,,,,20,4,8,1
multi_tile,3,622,16,a,0,0,6208,16,43166,43166,43167,,,,43210,43177,43192,16,1:15,43193,43208,16,1:15,43194,43209,16,1:15,,,0,,,,0,,,,0,,,,0,,1,10,15,17,1,,,,
multi_tile,3,623,16,a,0,16,6336,16,43213,43213,43214,,,,43257,43224,43239,16,1:15,43240,43255,16,1:15,43241,43256,16,1:15,,,0,,,,0,,,,0,,,,0,,1,10,15,17,1,,,,
multi_tile,3,624,16,a,1,0,6464,16,43260,43260,43261,,,,43304,43271,43286,16,1:15,43287,43302,16,1:15,43288,43303,16,1:15,,,0,,,,0,,,,0,,,,0,,1,10,15,17,1,,,,
multi_tile,3,625,16,a,1,16,6592,16,43307,43307,43308,,,,43351,43318,43333,16,1:15,43334,43349,16,1:15,43335,43350,16,1:15,,,0,,,,0,,,,0,,,,0,,1,10,15,17,1,,,,
multi_tile,3,626,16,a,2,0,6720,16,43354,43354,43355,,,,43398,43365,43380,16,1:15,43381,43396,16,1:15,43382,43397,16,1:15,,,0,,,,0,,,,0,,,,0,,1,10,15,17,1,,,,
multi_tile,3,627,16,a,2,16,6848,16,43401,43401,43402,,,,43445,43412,43427,16,1:15,43428,43443,16,1:15,43429,43444,16,1:15,,,0,,,,0,,,,0,,,,0,,1,10,15,17,1,,,,
multi_tile,3,628,16,a,3,0,6976,16,43448,43448,43449,,,,43492,43459,43474,16,1:15,43475,43490,16,1:15,43476,43491,16,1:15,,,0,,,,0,,,,0,,,,0,,1,10,15,17,1,,,,
multi_tile,3,629,16,a,3,16,7104,16,43495,43495,43496,,,,43539,43506,43521,16,1:15,43522,43537,16,1:15,43523,43538,16,1:15,,,0,,,,0,,,,0,,,,0,,1,10,15,17,1,,,,
multi_tile,3,630,16,a,4,0,7232,16,43542,43542,43543,,,,43586,43553,43568,16,1:15,43569,43584,16,1:15,43570,43585,16,1:15,,,0,,,,0,,,,0,,,,0,,1,10,15,17,1,,,,
multi_tile,3,631,16,a,4,16,7360,16,43589,43589,43590,,,,43633,43600,43615,16,1:15,43616,43631,16,1:15,43617,43632,16,1:15,,,0,,,,0,,,,0,,,,0,,1,10,15,17,1,,,,
multi_tile,3,632,16,a,5,0,7488,16,43636,43636,43637,,,,43680,43647,43662,16,1:15,43663,43678,16,1:15,43664,43679,16,1:15,,,0,,,,0,,,,0,,,,0,,1,10,15,17,1,,,,
multi_tile,3,633,16,a,5,16,7616,16,43683,43683,43684,,,,43727,43694,43709,16,1:15,43710,43725,16,1:15,43711,43726,16,1:15,,,0,,,,0,,,,0,,,,0,,1,10,15,17,1,,,,
multi_tile,3,634,16,a,6,0,7744,16,43730,43730,43731,,,,43774,43741,43756,16,1:15,43757,43772,16,1:15,43758,43773,16,1:15,,,0,,,,0,,,,0,,,,0,,1,10,15,17,1,,,,
multi_tile,3,635,16,a,6,16,7872,16,43777,43777,43778,,,,43821,43788,43803,16,1:15,43804,43819,16,1:15,43805,43820,16,1:15,,,0,,,,0,,,,0,,,,0,,1,10,15,17,1,,,,
multi_tile,3,636,16,a,7,0,8000,16,43824,43824,43825,,,,43868,43835,43850,16,1:15,43851,43866,16,1:15,43852,43867,16,1:15,,,0,,,,0,,,,0,,,,0,,1,10,15,17,1,,,,
multi_tile,3,637,16,a,7,16,8128,8,43871,43871,43872,,,,43899,43882,43889,8,1:7,43890,43897,8,1:7,43891,43898,8,1:7,,,0,,,,0,,,,0,,,,0,,1,10,7,9,1,,,,
multi_tile,3,638,16,a,7,24,8192,8,43902,43902,43903,,,,43930,43913,43920,8,1:7,43921,43928,8,1:7,43922,43929,8,1:7,,,0,,,,0,,,,0,,,,0,,1,10,7,9,1,,,,
multi_tile,3,639,16,bt,0,0,10688,16,43938,43938,43939,,,,43982,43949,43964,16,1:15,43965,43980,16,1:15,43966,43981,16,1:15,,,0,,,,0,,,,0,,,,0,,1,10,15,17,1,,,,
multi_tile,3,640,16,bt,0,16,10816,16,43985,43985,43986,,,,44029,43996,44011,16,1:15,44012,44027,16,1:15,44013,44028,16,1:15,,,0,,,,0,,,,0,,,,0,,1,10,15,17,1,,,,
multi_tile,3,641,16,bt,1,0,10944,16,44032,44032,44033,,,,44076,44043,44058,16,1:15,44059,44074,16,1:15,44060,44075,16,1:15,,,0,,,,0,,,,0,,,,0,,1,10,15,17,1,,,,
multi_tile,3,642,16,bt,1,16,11072,16,44079,44079,44080,,,,44123,44090,44105,16,1:15,44106,44121,16,1:15,44107,44122,16,1:15,,,0,,,,0,,,,0,,,,0,,1,10,15,17,1,,,,
multi_tile,3,643,16,bt,2,0,11200,16,44126,44126,44127,,,,44170,44137,44152,16,1:15,44153,44168,16,1:15,44154,44169,16,1:15,,,0,,,,0,,,,0,,,,0,,1,10,15,17,1,,,,
multi_tile,3,644,16,bt,2,16,11328,16,44173,44173,44174,,,,44217,44184,44199,16,1:15,44200,44215,16,1:15,44201,44216,16,1:15,,,0,,,,0,,,,0,,,,0,,1,10,15,17,1,,,,
multi_tile,3,645,16,bt,3,0,11456,16,44220,44220,44221,,,,44264,44231,44246,16,1:15,44247,44262,16,1:15,44248,44263,16,1:15,,,0,,,,0,,,,0,,,,0,,1,10,15,17,1,,,,
multi_tile,3,646,16,bt,3,16,11584,16,44267,44267,44268,,,,44311,44278,44293,16,1:15,44294,44309,16,1:15,44295,44310,16,1:15,,,0,,,,0,,,,0,,,,0,,1,10,15,17,1,,,,
multi_tile,3,647,16,bt,4,0,11712,16,44314,44314,44315,,,,44358,44325,44340,16,1:15,44341,44356,16,1:15,44342,44357,16,1:15,,,0,,,,0,,,,0,,,,0,,1,10,15,17,1,,,,
multi_tile,3,648,16,bt,4,16,11840,16,44361,44361,44362,,,,44405,44372,44387,16,1:15,44388,44403,16,1:15,44389,44404,16,1:15,,,0,,,,0,,,,0,,,,0,,1,10,15,17,1,,,,
multi_tile,3,649,16,bt,5,0,11968,16,44408,44408,44409,,,,44452,44419,44434,16,1:15,44435,44450,16,1:15,44436,44451,16,1:15,,,0,,,,0,,,,0,,,,0,,1,10,15,17,1,,,,
multi_tile,3,650,16,bt,5,16,12096,16,44455,44455,44456,,,,44499,44466,44481,16,1:15,44482,44497,16,1:15,44483,44498,16,1:15,,,0,,,,0,,,,0,,,,0,,1,10,15,17,1,,,,
multi_tile,3,651,16,bt,6,0,12224,8,44502,44502,44503,,,,44530,44513,44520,8,1:7,44521,44528,8,1:7,44522,44529,8,1:7,,,0,,,,0,,,,0,,,,0,,1,10,7,9,1,,,,
multi_tile,3,652,16,bt,6,8,12288,16,44533,44533,44534,,,,44577,44544,44559,16,1:15,44560,44575,16,1:15,44561,44576,16,1:15,,,0,,,,0,,,,0,,,,0,,1,10,15,17,1,,,,
multi_tile,3,653,16,bt,6,24,12416,8,44580,44580,44581,,,,44608,44591,44598,8,1:7,44599,44606,8,1:7,44600,44607,8,1:7,,,0,,,,0,,,,0,,,,0,,1,10,7,9,1,,,,
multi_tile,3,654,16,bt,7,0,12480,16,44611,44611,44612,,,,44655,44622,44637,16,1:15,44638,44653,16,1:15,44639,44654,16,1:15,,,0,,,,0,,,,0,,,,0,,1,10,15,17,1,,,,
multi_tile,3,655,16,bt,7,16,12608,16,44658,44658,44659,,,,44702,44669,44684,16,1:15,44685,44700,16,1:15,44686,44701,16,1:15,,,0,,,,0,,,,0,,,,0,,1,10,15,17,1,,,,
multi_tile,3,656,16,c,0,0,22368,4,45796,45796,,45817,45816,45828,45829,,,0,,,,0,,,,0,,45798,45813,4,5:3,45800,45815,4,5:3,45801,45816,4,5:3,45817,45820,4,1:3,,,,,,20,4,8,1
multi_tile,3,657,16,c,1,0,22560,4,45832,45832,,45853,45852,45864,45865,,,0,,,,0,,,,0,,45834,45849,4,5:3,45836,45851,4,5:3,45837,45852,4,5:3,45853,45856,4,1:3,,,,,,20,4,8,1
multi_tile,3,658,16,c,2,0,22752,4,45868,45868,,45889,45888,45900,45901,,,0,,,,0,,,,0,,45870,45885,4,5:3,45872,45887,4,5:3,45873,45888,4,5:3,45889,45892,4,1:3,,,,,,20,4,8,1
multi_tile,3,659,16,c,3,0,22944,4,45904,45904,,45925,45924,45936,45937,,,0,,,,0,,,,0,,45906,45921,4,5:3,45908,45923,4,5:3,45909,45924,4,5:3,45925,45928,4,1:3,,,,,,20,4,8,1
multi_tile,3,660,16,c,4,0,23136,4,45940,45940,,45961,45960,45972,45973,,,0,,,,0,,,,0,,45942,45957,4,5:3,45944,45959,4,5:3,45945,45960,4,5:3,45961,45964,4,1:3,,,,,,20,4,8,1
multi_tile,3,661,16,c,5,0,23328,4,45976,45976,,45997,45996,46008,46009,,,0,,,,0,,,,0,,45978,45993,4,5:3,45980,45995,4,5:3,45981,45996,4,5:3,45997,46000,4,1:3,,,,,,20,4,8,1
multi_tile,3,662,16,c,6,0,23520,4,46012,46012,,46033,46032,46044,46045,,,0,,,,0,,,,0,,46014,46029,4,5:3,46016,46031,4,5:3,46017,46032,4,5:3,46033,46036,4,1:3,,,,,,20,4,8,1
multi_tile,3,663,16,c,7,0,23712,4,46048,46048,,46069,46068,46080,46081,,,0,,,,0,,,,0,,46050,46065,4,5:3,46052,46067,4,5:3,46053,46068,4,5:3,46069,46072,4,1:3,,,,,,20,4,8,1
multi_tile,3,664,17,a,0,0,6208,16,46090,46090,46091,,,,46134,46101,46116,16,1:15,46117,46132,16,1:15,46118,46133,16,1:15,,,0,,,,0,,,,0,,,,0,,1,10,15,17,1,,,,
multi_tile,3,665,17,a,0,16,6336,16,46137,46137,46138,,,,46181,46148,46163,16,1:15,46164,46179,16,1:15,46165,46180,16,1:15,,,0,,,,0,,,,0,,,,0,,1,10,15,17,1,,,,
multi_tile,3,666,17,a,1,0,6464,16,46184,46184,46185,,,,46228,46195,46210,16,1:15,46211,46226,16,1:15,46212,46227,16,1:15,,,0,,,,0,,,,0,,,,0,,1,10,15,17,1,,,,
multi_tile,3,667,17,a,1,16,6592,16,46231,46231,46232,,,,46275,46242,46257,16,1:15,46258,46273,16,1:15,46259,46274,16,1:15,,,0,,,,0,,,,0,,,,0,,1,10,15,17,1,,,,
multi_tile,3,668,17,a,2,0,6720,16,46278,46278,46279,,,,46322,46289,46304,16,1:15,46305,46320,16,1:15,46306,46321,16,1:15,,,0,,,,0,,,,0,,,,0,,1,10,15,17,1,,,,
multi_tile,3,669,17,a,2,16,6848,16,46325,46325,46326,,,,46369,46336,46351,16,1:15,46352,46367,16,1:15,46353,46368,16,1:15,,,0,,,,0,,,,0,,,,0,,1,10,15,17,1,,,,
multi_tile,3,670,17,a,3,0,6976,16,46372,46372,46373,,,,46416,46383,46398,16,1:15,46399,46414,16,1:15,46400,46415,16,1:15,,,0,,,,0,,,,0,,,,0,,1,10,15,17,1,,,,
multi_tile,3,671,17,a,3,16,7104,16,46419,46419,46420,,,,46463,46430,46445,16,1:15,46446,46461,16,1:15,46447,46462,16,1:15,,,0,,,,0,,,,0,,,,0,,1,10,15,17,1,,,,
multi_tile,3,672,17,a,4,0,7232,16,46466,46466,46467,,,,46510,46477,46492,16,1:15,46493,46508,16,1:15,46494,46509,16,1:15,,,0,,,,0,,,,0,,,,0,,1,10,15,17,1,,,,
multi_tile,3,673,17,a,4,16,7360,16,46513,46513,46514,,,,46557,46524,46539,16,1:15,46540,46555,16,1:15,46541,46556,16,1:15,,,0,,,,0,,,,0,,,,0,,1,10,15,17,1,,,,
multi_tile,3,674,17,a,5,0,7488,16,46560,46560,46561,,,,46604,46571,46586,16,1:15,46587,46602,16,1:15,46588,46603,16,1:15,,,0,,,,0,,,,0,,,,0,,1,10,15,17,1,,,,
multi_tile,3,675,17,a,5,16,7616,16,46607,46607,46608,,,,46651,46618,46633,16,1:15,46634,46649,16,1:15,46635,46650,16,1:15,,,0,,,,0,,,,0,,,,0,,1,10,15,17,1,,,,
multi_tile,3,676,17,a,6,0,7744,16,46654,46654,46655,,,,46698,46665,46680,16,1:15,46681,46696,16,1:15,46682,46697,16,1:15,,,0,,,,0,,,,0,,,,0,,1,10,15,17,1,,,,
multi_tile,3,677,17,a,6,16,7872,16,46701,46701,46702,,,,46745,46712,46727,16,1:15,46728,46743,16,1:15,46729,46744,16,1:15,,,0,,,,0,,,,0,,,,0,,1,10,15,17,1,,,,
multi_tile,3,678,17,a,7,0,8000,16,46748,46748,46749,,,,46792,46759,46774,16,1:15,46775,46790,16,1:15,46776,46791,16,1:15,,,0,,,,0,,,,0,,,,0,,1,10,15,17,1,,,,
multi_tile,3,679,17,a,7,16,8128,8,46795,46795,46796,,,,46823,46806,46813,8,1:7,46814,46821,8,1:7,46815,46822,8,1:7,,,0,,,,0,,,,0,,,,0,,1,10,7,9,1,,,,
multi_tile,3,680,17,a,7,24,8192,8,46826,46826,46827,,,,46854,46837,46844,8,1:7,46845,46852,8,1:7,46846,46853,8,1:7,,,0,,,,0,,,,0,,,,0,,1,10,7,9,1,,,,
multi_tile,3,681,17,bt,0,0,12736,16,46862,46862,46863,,,,46906,46873,46888,16,1:15,46889,46904,16,1:15,46890,46905,16,1:15,,,0,,,,0,,,,0,,,,0,,1,10,15,17,1,,,,
multi_tile,3,682,17,bt,0,16,12864,16,46909,46909,46910,,,,46953,46920,46935,16,1:15,46936,46951,16,1:15,46937,46952,16,1:15,,,0,,,,0,,,,0,,,,0,,1,10,15,17,1,,,,
multi_tile,3,683,17,bt,1,0,12992,16,46956,46956,46957,,,,47000,46967,46982,16,1:15,46983,46998,16,1:15,46984,46999,16,1:15,,,0,,,,0,,,,0,,,,0,,1,10,15,17,1,,,,
multi_tile,3,684,17,bt,1,16,13120,16,47003,47003,47004,,,,47047,47014,47029,16,1:15,47030,47045,16,1:15,47031,47046,16,1:15,,,0,,,,0,,,,0,,,,0,,1,10,15,17,1,,,,
multi_tile,3,685,17,bt,2,0,13248,16,47050,47050,47051,,,,47094,47061,47076,16,1:15,47077,47092,16,1:15,47078,47093,16,1:15,,,0,,,,0,,,,0,,,,0,,1,10,15,17,1,,,,
multi_tile,3,686,17,bt,2,16,13376,16,47097,47097,47098,,,,47141,47108,47123,16,1:15,47124,47139,16,1:15,47125,47140,16,1:15,,,0,,,,0,,,,0,,,,0,,1,10,15,17,1,,,,
multi_tile,3,687,17,bt,3,0,13504,16,47144,47144,47145,,,,47188,47155,47170,16,1:15,47171,47186,16,1:15,47172,47187,16,1:15,,,0,,,,0,,,,0,,,,0,,1,10,15,17,1,,,,
multi_tile,3,688,17,bt,3,16,13632,16,47191,47191,47192,,,,47235,47202,47217,16,1:15,47218,47233,16,1:15,47219,47234,16,1:15,,,0,,,,0,,,,0,,,,0,,1,10,15,17,1,,,,
multi_tile,3,689,17,bt,4,0,13760,16,47238,47238,47239,,,,47282,47249,47264,16,1:15,47265,47280,16,1:15,47266,47281,16,1:15,,,0,,,,0,,,,0,,,,0,,1,10,15,17,1,,,,
multi_tile,3,690,17,bt,4,16,13888,16,47285,47285,47286,,,,47329,47296,47311,16,1:15,47312,47327,16,1:15,47313,47328,16,1:15,,,0,,,,0,,,,0,,,,0,,1,10,15,17,1,,,,
multi_tile,3,691,17,bt,5,0,14016,16,47332,47332,47333,,,,47376,47343,47358,16,1:15,47359,47374,16,1:15,47360,47375,16,1:15,,,0,,,,0,,,,0,,,,0,,1,10,15,17,1,,,,
multi_tile,3,692,17,bt,5,16,14144,16,47379,47379,47380,,,,47423,47390,47405,16,1:15,47406,47421,16,1:15,47407,47422,16,1:15,,,0,,,,0,,,,0,,,,0,,1,10,15,17,1,,,,
multi_tile,3,693,17,bt,6,0,14272,16,47426,47426,47427,,,,47470,47437,47452,16,1:15,47453,47468,16,1:15,47454,47469,16,1:15,,,0,,,,0,,,,0,,,,0,,1,10,15,17,1,,,,
multi_tile,3,694,17,bt,6,16,14400,16,47473,47473,47474,,,,47517,47484,47499,16,1:15,47500,47515,16,1:15,47501,47516,16,1:15,,,0,,,,0,,,,0,,,,0,,1,10,15,17,1,,,,
multi_tile,3,695,17,bt,7,0,14528,16,47520,47520,47521,,,,47564,47531,47546,16,1:15,47547,47562,16,1:15,47548,47563,16,1:15,,,0,,,,0,,,,0,,,,0,,1,10,15,17,1,,,,
multi_tile,3,696,17,bt,7,16,14656,16,47567,47567,47568,,,,47611,47578,47593,16,1:15,47594,47609,16,1:15,47595,47610,16,1:15,,,0,,,,0,,,,0,,,,0,,1,10,15,17,1,,,,
multi_tile,3,697,17,c,0,0,22400,4,48705,48705,,48726,48725,48737,48738,,,0,,,,0,,,,0,,48707,48722,4,5:3,48709,48724,4,5:3,48710,48725,4,5:3,48726,48729,4,1:3,,,,,,20,4,8,1
multi_tile,3,698,17,c,1,0,22592,4,48741,48741,,48762,48761,48773,48774,,,0,,,,0,,,,0,,48743,48758,4,5:3,48745,48760,4,5:3,48746,48761,4,5:3,48762,48765,4,1:3,,,,,,20,4,8,1
multi_tile,3,699,17,c,2,0,22784,4,48777,48777,,48798,48797,48809,48810,,,0,,,,0,,,,0,,48779,48794,4,5:3,48781,48796,4,5:3,48782,48797,4,5:3,48798,48801,4,1:3,,,,,,20,4,8,1
multi_tile,3,700,17,c,3,0,22976,4,48813,48813,,48834,48833,48845,48846,,,0,,,,0,,,,0,,48815,48830,4,5:3,48817,48832,4,5:3,48818,48833,4,5:3,48834,48837,4,1:3,,,,,,20,4,8,1
multi_tile,3,701,17,c,4,0,23168,4,48849,48849,,48870,48869,48881,48882,,,0,,,,0,,,,0,,48851,48866,4,5:3,48853,48868,4,5:3,48854,48869,4,5:3,48870,48873,4,1:3,,,,,,20,4,8,1
multi_tile,3,702,17,c,5,0,23360,4,48885,48885,,48906,48905,48917,48918,,,0,,,,0,,,,0,,48887,48902,4,5:3,48889,48904,4,5:3,48890,48905,4,5:3,48906,48909,4,1:3,,,,,,20,4,8,1
multi_tile,3,703,17,c,6,0,23552,4,48921,48921,,48942,48941,48953,48954,,,0,,,,0,,,,0,,48923,48938,4,5:3,48925,48940,4,5:3,48926,48941,4,5:3,48942,48945,4,1:3,,,,,,20,4,8,1
multi_tile,3,704,17,c,7,0,23744,4,48957,48957,,48978,48977,48989,48990,,,0,,,,0,,,,0,,48959,48974,4,5:3,48961,48976,4,5:3,48962,48977,4,5:3,48978,48981,4,1:3,,,,,,20,4,8,1
multi_tile,3,705,18,a,0,0,6208,16,48999,48999,49000,,,,49043,49010,49025,16,1:15,49026,49041,16,1:15,49027,49042,16,1:15,,,0,,,,0,,,,0,,,,0,,1,10,15,17,1,,,,
multi_tile,3,706,18,a,0,16,6336,16,49046,49046,49047,,,,49090,49057,49072,16,1:15,49073,49088,16,1:15,49074,49089,16,1:15,,,0,,,,0,,,,0,,,,0,,1,10,15,17,1,,,,
multi_tile,3,707,18,a,1,0,6464,16,49093,49093,49094,,,,49137,49104,49119,16,1:15,49120,49135,16,1:15,49121,49136,16,1:15,,,0,,,,0,,,,0,,,,0,,1,10,15,17,1,,,,
multi_tile,3,708,18,a,1,16,6592,16,49140,49140,49141,,,,49184,49151,49166,16,1:15,49167,49182,16,1:15,49168,49183,16,1:15,,,0,,,,0,,,,0,,,,0,,1,10,15,17,1,,,,
multi_tile,3,709,18,a,2,0,6720,16,49187,49187,49188,,,,49231,49198,49213,16,1:15,49214,49229,16,1:15,49215,49230,16,1:15,,,0,,,,0,,,,0,,,,0,,1,10,15,17,1,,,,
multi_tile,3,710,18,a,2,16,6848,16,49234,49234,49235,,,,49278,49245,49260,16,1:15,49261,49276,16,1:15,49262,49277,16,1:15,,,0,,,,0,,,,0,,,,0,,1,10,15,17,1,,,,
multi_tile,3,711,18,a,3,0,6976,16,49281,49281,49282,,,,49325,49292,49307,16,1:15,49308,49323,16,1:15,49309,49324,16,1:15,,,0,,,,0,,,,0,,,,0,,1,10,15,17,1,,,,
multi_tile,3,712,18,a,3,16,7104,16,49328,49328,49329,,,,49372,49339,49354,16,1:15,49355,49370,16,1:15,49356,49371,16,1:15,,,0,,,,0,,,,0,,,,0,,1,10,15,17,1,,,,
multi_tile,3,713,18,a,4,0,7232,16,49375,49375,49376,,,,49419,49386,49401,16,1:15,49402,49417,16,1:15,49403,49418,16,1:15,,,0,,,,0,,,,0,,,,0,,1,10,15,17,1,,,,
multi_tile,3,714,18,a,4,16,7360,16,49422,49422,49423,,,,49466,49433,49448,16,1:15,49449,49464,16,1:15,49450,49465,16,1:15,,,0,,,,0,,,,0,,,,0,,1,10,15,17,1,,,,
multi_tile,3,715,18,a,5,0,7488,16,49469,49469,49470,,,,49513,49480,49495,16,1:15,49496,49511,16,1:15,49497,49512,16,1:15,,,0,,,,0,,,,0,,,,0,,1,10,15,17,1,,,,
multi_tile,3,716,18,a,5,16,7616,16,49516,49516,49517,,,,49560,49527,49542,16,1:15,49543,49558,16,1:15,49544,49559,16,1:15,,,0,,,,0,,,,0,,,,0,,1,10,15,17,1,,,,
multi_tile,3,717,18,a,6,0,7744,16,49563,49563,49564,,,,49607,49574,49589,16,1:15,49590,49605,16,1:15,49591,49606,16,1:15,,,0,,,,0,,,,0,,,,0,,1,10,15,17,1,,,,
multi_tile,3,718,18,a,6,16,7872,16,49610,49610,49611,,,,49654,49621,49636,16,1:15,49637,49652,16,1:15,49638,49653,16,1:15,,,0,,,,0,,,,0,,,,0,,1,10,15,17,1,,,,
multi_tile,3,719,18,a,7,0,8000,16,49657,49657,49658,,,,49701,49668,49683,16,1:15,49684,49699,16,1:15,49685,49700,16,1:15,,,0,,,,0,,,,0,,,,0,,1,10,15,17,1,,,,
multi_tile,3,720,18,a,7,16,8128,8,49704,49704,49705,,,,49732,49715,49722,8,1:7,49723,49730,8,1:7,49724,49731,8,1:7,,,0,,,,0,,,,0,,,,0,,1,10,7,9,1,,,,
multi_tile,3,721,18,a,7,24,8192,8,49735,49735,49736,,,,49763,49746,49753,8,1:7,49754,49761,8,1:7,49755,49762,8,1:7,,,0,,,,0,,,,0,,,,0,,1,10,7,9,1,,,,
multi_tile,3,722,18,bt,0,0,14784,16,49771,49771,49772,,,,49815,49782,49797,16,1:15,49798,49813,16,1:15,49799,49814,16,1:15,,,0,,,,0,,,,0,,,,0,,1,10,15,17,1,,,,
multi_tile,3,723,18,bt,0,16,14912,16,49818,49818,49819,,,,49862,49829,49844,16,1:15,49845,49860,16,1:15,49846,49861,16,1:15,,,0,,,,0,,,,0,,,,0,,1,10,15,17,1,,,,
multi_tile,3,724,18,bt,1,0,15040,16,49865,49865,49866,,,,49909,49876,49891,16,1:15,49892,49907,16,1:15,49893,49908,16,1:15,,,0,,,,0,,,,0,,,,0,,1,10,15,17,1,,,,
multi_tile,3,725,18,bt,1,16,15168,16,49912,49912,49913,,,,49956,49923,49938,16,1:15,49939,49954,16,1:15,49940,49955,16,1:15,,,0,,,,0,,,,0,,,,0,,1,10,15,17,1,,,,
multi_tile,3,726,18,bt,2,0,15296,16,49959,49959,49960,,,,50003,49970,49985,16,1:15,49986,50001,16,1:15,49987,50002,16,1:15,,,0,,,,0,,,,0,,,,0,,1,10,15,17,1,,,,
multi_tile,3,727,18,bt,2,16,15424,16,50006,50006,50007,,,,50050,50017,50032,16,1:15,50033,50048,16,1:15,50034,50049,16,1:15,,,0,,,,0,,,,0,,,,0,,1,10,15,17,1,,,,
multi_tile,3,728,18,bt,3,0,15552,16,50053,50053,50054,,,,50097,50064,50079,16,1:15,50080,50095,16,1:15,50081,50096,16,1:15,,,0,,,,0,,,,0,,,,0,,1,10,15,17,1,,,,
multi_tile,3,729,18,bt,3,16,15680,16,50100,50100,50101,,,,50144,50111,50126,16,1:15,50127,50142,16,1:15,50128,50143,16,1:15,,,0,,,,0,,,,0,,,,0,,1,10,15,17,1,,,,
multi_tile,3,730,18,bt,4,0,15808,16,50147,50147,50148,,,,50191,50158,50173,16,1:15,50174,50189,16,1:15,50175,50190,16,1:15,,,0,,,,0,,,,0,,,,0,,1,10,15,17,1,,,,
multi_tile,3,731,18,bt,4,16,15936,16,50194,50194,50195,,,,50238,50205,50220,16,1:15,50221,50236,16,1:15,50222,50237,16,1:15,,,0,,,,0,,,,0,,,,0,,1,10,15,17,1,,,,
multi_tile,3,732,18,bt,5,0,16064,16,50241,50241,50242,,,,50285,50252,50267,16,1:15,50268,50283,16,1:15,50269,50284,16,1:15,,,0,,,,0,,,,0,,,,0,,1,10,15,17,1,,,,
multi_tile,3,733,18,bt,5,16,16192,16,50288,50288,50289,,,,50332,50299,50314,16,1:15,50315,50330,16,1:15,50316,50331,16,1:15,,,0,,,,0,,,,0,,,,0,,1,10,15,17,1,,,,
multi_tile,3,734,18,bt,6,0,16320,8,50335,50335,50336,,,,50363,50346,50353,8,1:7,50354,50361,8,1:7,50355,50362,8,1:7,,,0,,,,0,,,,0,,,,0,,1,10,7,9,1,,,,
multi_tile,3,735,18,bt,6,8,16384,16,50366,50366,50367,,,,50410,50377,50392,16,1:15,50393,50408,16,1:15,50394,50409,16,1:15,,,0,,,,0,,,,0,,,,0,,1,10,15,17,1,,,,
multi_tile,3,736,18,bt,6,24,16512,8,50413,50413,50414,,,,50441,50424,50431,8,1:7,50432,50439,8,1:7,50433,50440,8,1:7,,,0,,,,0,,,,0,,,,0,,1,10,7,9,1,,,,
multi_tile,3,737,18,bt,7,0,16576,16,50444,50444,50445,,,,50488,50455,50470,16,1:15,50471,50486,16,1:15,50472,50487,16,1:15,,,0,,,,0,,,,0,,,,0,,1,10,15,17,1,,,,
multi_tile,3,738,18,bt,7,16,16704,16,50491,50491,50492,,,,50535,50502,50517,16,1:15,50518,50533,16,1:15,50519,50534,16,1:15,,,0,,,,0,,,,0,,,,0,,1,10,15,17,1,,,,
multi_tile,3,739,18,c,0,0,22432,4,51629,51629,,51650,51649,51661,51662,,,0,,,,0,,,,0,,51631,51646,4,5:3,51633,51648,4,5:3,51634,51649,4,5:3,51650,51653,4,1:3,,,,,,20,4,8,1
multi_tile,3,740,18,c,1,0,22624,4,51665,51665,,51686,51685,51697,51698,,,0,,,,0,,,,0,,51667,51682,4,5:3,51669,51684,4,5:3,51670,51685,4,5:3,51686,51689,4,1:3,,,,,,20,4,8,1
multi_tile,3,741,18,c,2,0,22816,4,51701,51701,,51722,51721,51733,51734,,,0,,,,0,,,,0,,51703,51718,4,5:3,51705,51720,4,5:3,51706,51721,4,5:3,51722,51725,4,1:3,,,,,,20,4,8,1
multi_tile,3,742,18,c,3,0,23008,4,51737,51737,,51758,51757,51769,51770,,,0,,,,0,,,,0,,51739,51754,4,5:3,51741,51756,4,5:3,51742,51757,4,5:3,51758,51761,4,1:3,,,,,,20,4,8,1
multi_tile,3,743,18,c,4,0,23200,4,51773,51773,,51794,51793,51805,51806,,,0,,,,0,,,,0,,51775,51790,4,5:3,51777,51792,4,5:3,51778,51793,4,5:3,51794,51797,4,1:3,,,,,,20,4,8,1
multi_tile,3,744,18,c,5,0,23392,4,51809,51809,,51830,51829,51841,51842,,,0,,,,0,,,,0,,51811,51826,4,5:3,51813,51828,4,5:3,51814,51829,4,5:3,51830,51833,4,1:3,,,,,,20,4,8,1
multi_tile,3,745,18,c,6,0,23584,4,51845,51845,,51866,51865,51877,51878,,,0,,,,0,,,,0,,51847,51862,4,5:3,51849,51864,4,5:3,51850,51865,4,5:3,51866,51869,4,1:3,,,,,,20,4,8,1
multi_tile,3,746,18,c,7,0,23776,4,51881,51881,,51902,51901,51913,51914,,,0,,,,0,,,,0,,51883,51898,4,5:3,51885,51900,4,5:3,51886,51901,4,5:3,51902,51905,4,1:3,,,,,,20,4,8,1
multi_tile,3,747,19,a,0,0,6208,16,51923,51923,51924,,,,51967,51934,51949,16,1:15,51950,51965,16,1:15,51951,51966,16,1:15,,,0,,,,0,,,,0,,,,0,,1,10,15,17,1,,,,
multi_tile,3,748,19,a,0,16,6336,16,51970,51970,51971,,,,52014,51981,51996,16,1:15,51997,52012,16,1:15,51998,52013,16,1:15,,,0,,,,0,,,,0,,,,0,,1,10,15,17,1,,,,
multi_tile,3,749,19,a,1,0,6464,16,52017,52017,52018,,,,52061,52028,52043,16,1:15,52044,52059,16,1:15,52045,52060,16,1:15,,,0,,,,0,,,,0,,,,0,,1,10,15,17,1,,,,
multi_tile,3,750,19,a,1,16,6592,16,52064,52064,52065,,,,52108,52075,52090,16,1:15,52091,52106,16,1:15,52092,52107,16,1:15,,,0,,,,0,,,,0,,,,0,,1,10,15,17,1,,,,
multi_tile,3,751,19,a,2,0,6720,16,52111,52111,52112,,,,52155,52122,52137,16,1:15,52138,52153,16,1:15,52139,52154,16,1:15,,,0,,,,0,,,,0,,,,0,,1,10,15,17,1,,,,
multi_tile,3,752,19,a,2,16,6848,16,52158,52158,52159,,,,52202,52169,52184,16,1:15,52185,52200,16,1:15,52186,52201,16,1:15,,,0,,,,0,,,,0,,,,0,,1,10,15,17,1,,,,
multi_tile,3,753,19,a,3,0,6976,16,52205,52205,52206,,,,52249,52216,52231,16,1:15,52232,52247,16,1:15,52233,52248,16,1:15,,,0,,,,0,,,,0,,,,0,,1,10,15,17,1,,,,
multi_tile,3,754,19,a,3,16,7104,16,52252,52252,52253,,,,52296,52263,52278,16,1:15,52279,52294,16,1:15,52280,52295,16,1:15,,,0,,,,0,,,,0,,,,0,,1,10,15,17,1,,,,
multi_tile,3,755,19,a,4,0,7232,16,52299,52299,52300,,,,52343,52310,52325,16,1:15,52326,52341,16,1:15,52327,52342,16,1:15,,,0,,,,0,,,,0,,,,0,,1,10,15,17,1,,,,
multi_tile,3,756,19,a,4,16,7360,16,52346,52346,52347,,,,52390,52357,52372,16,1:15,52373,52388,16,1:15,52374,52389,16,1:15,,,0,,,,0,,,,0,,,,0,,1,10,15,17,1,,,,
multi_tile,3,757,19,a,5,0,7488,16,52393,52393,52394,,,,52437,52404,52419,16,1:15,52420,52435,16,1:15,52421,52436,16,1:15,,,0,,,,0,,,,0,,,,0,,1,10,15,17,1,,,,
multi_tile,3,758,19,a,5,16,7616,16,52440,52440,52441,,,,52484,52451,52466,16,1:15,52467,52482,16,1:15,52468,52483,16,1:15,,,0,,,,0,,,,0,,,,0,,1,10,15,17,1,,,,
multi_tile,3,759,19,a,6,0,7744,16,52487,52487,52488,,,,52531,52498,52513,16,1:15,52514,52529,16,1:15,52515,52530,16,1:15,,,0,,,,0,,,,0,,,,0,,1,10,15,17,1,,,,
multi_tile,3,760,19,a,6,16,7872,16,52534,52534,52535,,,,52578,52545,52560,16,1:15,52561,52576,16,1:15,52562,52577,16,1:15,,,0,,,,0,,,,0,,,,0,,1,10,15,17,1,,,,
multi_tile,3,761,19,a,7,0,8000,16,52581,52581,52582,,,,52625,52592,52607,16,1:15,52608,52623,16,1:15,52609,52624,16,1:15,,,0,,,,0,,,,0,,,,0,,1,10,15,17,1,,,,
multi_tile,3,762,19,a,7,16,8128,8,52628,52628,52629,,,,52656,52639,52646,8,1:7,52647,52654,8,1:7,52648,52655,8,1:7,,,0,,,,0,,,,0,,,,0,,1,10,7,9,1,,,,
multi_tile,3,763,19,a,7,24,8192,8,52659,52659,52660,,,,52687,52670,52677,8,1:7,52678,52685,8,1:7,52679,52686,8,1:7,,,0,,,,0,,,,0,,,,0,,1,10,7,9,1,,,,
multi_tile,3,764,19,bt,0,0,16832,16,52695,52695,52696,,,,52739,52706,52721,16,1:15,52722,52737,16,1:15,52723,52738,16,1:15,,,0,,,,0,,,,0,,,,0,,1,10,15,17,1,,,,
multi_tile,3,765,19,bt,0,16,16960,16,52742,52742,52743,,,,52786,52753,52768,16,1:15,52769,52784,16,1:15,52770,52785,16,1:15,,,0,,,,0,,,,0,,,,0,,1,10,15,17,1,,,,
multi_tile,3,766,19,bt,1,0,17088,16,52789,52789,52790,,,,52833,52800,52815,16,1:15,52816,52831,16,1:15,52817,52832,16,1:15,,,0,,,,0,,,,0,,,,0,,1,10,15,17,1,,,,
multi_tile,3,767,19,bt,1,16,17216,16,52836,52836,52837,,,,52880,52847,52862,16,1:15,52863,52878,16,1:15,52864,52879,16,1:15,,,0,,,,0,,,,0,,,,0,,1,10,15,17,1,,,,
multi_tile,3,768,19,bt,2,0,17344,16,52883,52883,52884,,,,52927,52894,52909,16,1:15,52910,52925,16,1:15,52911,52926,16,1:15,,,0,,,,0,,,,0,,,,0,,1,10,15,17,1,,,,
multi_tile,3,769,19,bt,2,16,17472,16,52930,52930,52931,,,,52974,52941,52956,16,1:15,52957,52972,16,1:15,52958,52973,16,1:15,,,0,,,,0,,,,0,,,,0,,1,10,15,17,1,,,,
multi_tile,3,770,19,c,0,0,22464,2,53526,53526,,53537,53536,53546,53547,,,0,,,,0,,,,0,,53528,53533,2,5:1,53530,53535,2,5:1,53531,53536,2,5:1,53537,53538,2,1:1,,,,,,10,2,8,1
multi_tile,3,771,19,c,1,0,22656,2,53550,53550,,53561,53560,53570,53571,,,0,,,,0,,,,0,,53552,53557,2,5:1,53554,53559,2,5:1,53555,53560,2,5:1,53561,53562,2,1:1,,,,,,10,2,8,1
multi_tile,3,772,19,c,2,0,22848,2,53574,53574,,53585,53584,53594,53595,,,0,,,,0,,,,0,,53576,53581,2,5:1,53578,53583,2,5:1,53579,53584,2,5:1,53585,53586,2,1:1,,,,,,10,2,8,1
multi_tile,3,773,19,c,3,0,23040,2,53598,53598,,53609,53608,53618,53619,,,0,,,,0,,,,0,,53600,53605,2,5:1,53602,53607,2,5:1,53603,53608,2,5:1,53609,53610,2,1:1,,,,,,10,2,8,1
multi_tile,3,774,19,c,4,0,23232,2,53622,53622,,53633,53632,53642,53643,,,0,,,,0,,,,0,,53624,53629,2,5:1,53626,53631,2,5:1,53627,53632,2,5:1,53633,53634,2,1:1,,,,,,10,2,8,1
multi_tile,3,775,19,c,5,0,23424,2,53646,53646,,53657,53656,53666,53667,,,0,,,,0,,,,0,,53648,53653,2,5:1,53650,53655,2,5:1,53651,53656,2,5:1,53657,53658,2,1:1,,,,,,10,2,8,1
multi_tile,3,776,19,c,6,0,23616,2,53670,53670,,53681,53680,53690,53691,,,0,,,,0,,,,0,,53672,53677,2,5:1,53674,53679,2,5:1,53675,53680,2,5:1,53681,53682,2,1:1,,,,,,10,2,8,1
multi_tile,3,777,19,c,7,0,23808,2,53694,53694,,53705,53704,53714,53715,,,0,,,,0,,,,0,,53696,53701,2,5:1,53698,53703,2,5:1,53699,53704,2,5:1,53705,53706,2,1:1,,,,,,10,2,8,1
multi_tile,3,778,20,a,0,0,8256,16,53724,53724,53725,,,,53768,53735,53750,16,1:15,53751,53766,16,1:15,53752,53767,16,1:15,,,0,,,,0,,,,0,,,,0,,1,10,15,17,1,,,,
multi_tile,3,779,20,a,0,16,8384,16,53771,53771,53772,,,,53815,53782,53797,16,1:15,53798,53813,16,1:15,53799,53814,16,1:15,,,0,,,,0,,,,0,,,,0,,1,10,15,17,1,,,,
multi_tile,3,780,20,bt,0,0,8640,16,53823,53823,53824,,,,53867,53834,53849,16,1:15,53850,53865,16,1:15,53851,53866,16,1:15,,,0,,,,0,,,,0,,,,0,,1,10,15,17,1,,,,
multi_tile,3,781,20,bt,0,16,8768,16,53870,53870,53871,,,,53914,53881,53896,16,1:15,53897,53912,16,1:15,53898,53913,16,1:15,,,0,,,,0,,,,0,,,,0,,1,10,15,17,1,,,,
multi_tile,3,782,20,bt,1,0,8896,16,53917,53917,53918,,,,53961,53928,53943,16,1:15,53944,53959,16,1:15,53945,53960,16,1:15,,,0,,,,0,,,,0,,,,0,,1,10,15,17,1,,,,
multi_tile,3,783,20,bt,1,16,9024,16,53964,53964,53965,,,,54008,53975,53990,16,1:15,53991,54006,16,1:15,53992,54007,16,1:15,,,0,,,,0,,,,0,,,,0,,1,10,15,17,1,,,,
multi_tile,3,784,20,bt,2,0,9152,16,54011,54011,54012,,,,54055,54022,54037,16,1:15,54038,54053,16,1:15,54039,54054,16,1:15,,,0,,,,0,,,,0,,,,0,,1,10,15,17,1,,,,
multi_tile,3,785,20,bt,2,16,9280,16,54058,54058,54059,,,,54102,54069,54084,16,1:15,54085,54100,16,1:15,54086,54101,16,1:15,,,0,,,,0,,,,0,,,,0,,1,10,15,17,1,,,,
multi_tile,3,786,20,bt,3,0,9408,16,54105,54105,54106,,,,54149,54116,54131,16,1:15,54132,54147,16,1:15,54133,54148,16,1:15,,,0,,,,0,,,,0,,,,0,,1,10,15,17,1,,,,
multi_tile,3,787,20,bt,3,16,9536,16,54152,54152,54153,,,,54196,54163,54178,16,1:15,54179,54194,16,1:15,54180,54195,16,1:15,,,0,,,,0,,,,0,,,,0,,1,10,15,17,1,,,,
multi_tile,3,788,20,bt,4,0,9664,16,54199,54199,54200,,,,54243,54210,54225,16,1:15,54226,54241,16,1:15,54227,54242,16,1:15,,,0,,,,0,,,,0,,,,0,,1,10,15,17,1,,,,
multi_tile,3,789,20,bt,4,16,9792,16,54246,54246,54247,,,,54290,54257,54272,16,1:15,54273,54288,16,1:15,54274,54289,16,1:15,,,0,,,,0,,,,0,,,,0,,1,10,15,17,1,,,,
multi_tile,3,790,20,bt,5,0,9920,16,54293,54293,54294,,,,54337,54304,54319,16,1:15,54320,54335,16,1:15,54321,54336,16,1:15,,,0,,,,0,,,,0,,,,0,,1,10,15,17,1,,,,
multi_tile,3,791,20,bt,5,16,10048,16,54340,54340,54341,,,,54384,54351,54366,16,1:15,54367,54382,16,1:15,54368,54383,16,1:15,,,0,,,,0,,,,0,,,,0,,1,10,15,17,1,,,,
multi_tile,3,792,20,bt,6,0,10176,16,54387,54387,54388,,,,54431,54398,54413,16,1:15,54414,54429,16,1:15,54415,54430,16,1:15,,,0,,,,0,,,,0,,,,0,,1,10,15,17,1,,,,
multi_tile,3,793,20,bt,6,16,10304,16,54434,54434,54435,,,,54478,54445,54460,16,1:15,54461,54476,16,1:15,54462,54477,16,1:15,,,0,,,,0,,,,0,,,,0,,1,10,15,17,1,,,,
multi_tile,3,794,20,bt,7,0,10432,16,54481,54481,54482,,,,54525,54492,54507,16,1:15,54508,54523,16,1:15,54509,54524,16,1:15,,,0,,,,0,,,,0,,,,0,,1,10,15,17,1,,,,
multi_tile,3,795,20,bt,7,16,10560,16,54528,54528,54529,,,,54572,54539,54554,16,1:15,54555,54570,16,1:15,54556,54571,16,1:15,,,0,,,,0,,,,0,,,,0,,1,10,15,17,1,,,,
multi_tile,3,796,20,c,0,0,23872,4,55124,55124,,55145,55144,55156,55157,,,0,,,,0,,,,0,,55126,55141,4,5:3,55128,55143,4,5:3,55129,55144,4,5:3,55145,55148,4,1:3,,,,,,20,4,8,1
multi_tile,3,797,21,a,0,0,8256,16,55166,55166,55167,,,,55210,55177,55192,16,1:15,55193,55208,16,1:15,55194,55209,16,1:15,,,0,,,,0,,,,0,,,,0,,1,10,15,17,1,,,,
multi_tile,3,798,21,a,0,16,8384,16,55213,55213,55214,,,,55257,55224,55239,16,1:15,55240,55255,16,1:15,55241,55256,16,1:15,,,0,,,,0,,,,0,,,,0,,1,10,15,17,1,,,,
multi_tile,3,799,21,bt,0,0,10688,16,55265,55265,55266,,,,55309,55276,55291,16,1:15,55292,55307,16,1:15,55293,55308,16,1:15,,,0,,,,0,,,,0,,,,0,,1,10,15,17,1,,,,
multi_tile,3,800,21,bt,0,16,10816,16,55312,55312,55313,,,,55356,55323,55338,16,1:15,55339,55354,16,1:15,55340,55355,16,1:15,,,0,,,,0,,,,0,,,,0,,1,10,15,17,1,,,,
multi_tile,3,801,21,bt,1,0,10944,16,55359,55359,55360,,,,55403,55370,55385,16,1:15,55386,55401,16,1:15,55387,55402,16,1:15,,,0,,,,0,,,,0,,,,0,,1,10,15,17,1,,,,
multi_tile,3,802,21,bt,1,16,11072,16,55406,55406,55407,,,,55450,55417,55432,16,1:15,55433,55448,16,1:15,55434,55449,16,1:15,,,0,,,,0,,,,0,,,,0,,1,10,15,17,1,,,,
multi_tile,3,803,21,bt,2,0,11200,16,55453,55453,55454,,,,55497,55464,55479,16,1:15,55480,55495,16,1:15,55481,55496,16,1:15,,,0,,,,0,,,,0,,,,0,,1,10,15,17,1,,,,
multi_tile,3,804,21,bt,2,16,11328,16,55500,55500,55501,,,,55544,55511,55526,16,1:15,55527,55542,16,1:15,55528,55543,16,1:15,,,0,,,,0,,,,0,,,,0,,1,10,15,17,1,,,,
multi_tile,3,805,21,bt,3,0,11456,16,55547,55547,55548,,,,55591,55558,55573,16,1:15,55574,55589,16,1:15,55575,55590,16,1:15,,,0,,,,0,,,,0,,,,0,,1,10,15,17,1,,,,
multi_tile,3,806,21,bt,3,16,11584,16,55594,55594,55595,,,,55638,55605,55620,16,1:15,55621,55636,16,1:15,55622,55637,16,1:15,,,0,,,,0,,,,0,,,,0,,1,10,15,17,1,,,,
multi_tile,3,807,21,bt,4,0,11712,16,55641,55641,55642,,,,55685,55652,55667,16,1:15,55668,55683,16,1:15,55669,55684,16,1:15,,,0,,,,0,,,,0,,,,0,,1,10,15,17,1,,,,
multi_tile,3,808,21,bt,4,16,11840,16,55688,55688,55689,,,,55732,55699,55714,16,1:15,55715,55730,16,1:15,55716,55731,16,1:15,,,0,,,,0,,,,0,,,,0,,1,10,15,17,1,,,,
multi_tile,3,809,21,bt,5,0,11968,16,55735,55735,55736,,,,55779,55746,55761,16,1:15,55762,55777,16,1:15,55763,55778,16,1:15,,,0,,,,0,,,,0,,,,0,,1,10,15,17,1,,,,
multi_tile,3,810,21,bt,5,16,12096,16,55782,55782,55783,,,,55826,55793,55808,16,1:15,55809,55824,16,1:15,55810,55825,16,1:15,,,0,,,,0,,,,0,,,,0,,1,10,15,17,1,,,,
multi_tile,3,811,21,bt,6,0,12224,8,55829,55829,55830,,,,55857,55840,55847,8,1:7,55848,55855,8,1:7,55849,55856,8,1:7,,,0,,,,0,,,,0,,,,0,,1,10,7,9,1,,,,
multi_tile,3,812,21,bt,6,8,12288,16,55860,55860,55861,,,,55904,55871,55886,16,1:15,55887,55902,16,1:15,55888,55903,16,1:15,,,0,,,,0,,,,0,,,,0,,1,10,15,17,1,,,,
multi_tile,3,813,21,bt,6,24,12416,8,55907,55907,55908,,,,55935,55918,55925,8,1:7,55926,55933,8,1:7,55927,55934,8,1:7,,,0,,,,0,,,,0,,,,0,,1,10,7,9,1,,,,
multi_tile,3,814,21,bt,7,0,12480,16,55938,55938,55939,,,,55982,55949,55964,16,1:15,55965,55980,16,1:15,55966,55981,16,1:15,,,0,,,,0,,,,0,,,,0,,1,10,15,17,1,,,,
multi_tile,3,815,21,bt,7,16,12608,16,55985,55985,55986,,,,56029,55996,56011,16,1:15,56012,56027,16,1:15,56013,56028,16,1:15,,,0,,,,0,,,,0,,,,0,,1,10,15,17,1,,,,
multi_tile,3,816,21,c,0,0,23904,4,56581,56581,,56602,56601,56613,56614,,,0,,,,0,,,,0,,56583,56598,4,5:3,56585,56600,4,5:3,56586,56601,4,5:3,56602,56605,4,1:3,,,,,,20,4,8,1
multi_tile,3,817,22,a,0,0,8256,16,56623,56623,56624,,,,56667,56634,56649,16,1:15,56650,56665,16,1:15,56651,56666,16,1:15,,,0,,,,0,,,,0,,,,0,,1,10,15,17,1,,,,
multi_tile,3,818,22,a,0,16,8384,16,56670,56670,56671,,,,56714,56681,56696,16,1:15,56697,56712,16,1:15,56698,56713,16,1:15,,,0,,,,0,,,,0,,,,0,,1,10,15,17,1,,,,
multi_tile,3,819,22,bt,0,0,12736,16,56722,56722,56723,,,,56766,56733,56748,16,1:15,56749,56764,16,1:15,56750,56765,16,1:15,,,0,,,,0,,,,0,,,,0,,1,10,15,17,1,,,,
multi_tile,3,820,22,bt,0,16,12864,16,56769,56769,56770,,,,56813,56780,56795,16,1:15,56796,56811,16,1:15,56797,56812,16,1:15,,,0,,,,0,,,,0,,,,0,,1,10,15,17,1,,,,
multi_tile,3,821,22,bt,1,0,12992,16,56816,56816,56817,,,,56860,56827,56842,16,1:15,56843,56858,16,1:15,56844,56859,16,1:15,,,0,,,,0,,,,0,,,,0,,1,10,15,17,1,,,,
multi_tile,3,822,22,bt,1,16,13120,16,56863,56863,56864,,,,56907,56874,56889,16,1:15,56890,56905,16,1:15,56891,56906,16,1:15,,,0,,,,0,,,,0,,,,0,,1,10,15,17,1,,,,
multi_tile,3,823,22,bt,2,0,13248,16,56910,56910,56911,,,,56954,56921,56936,16,1:15,56937,56952,16,1:15,56938,56953,16,1:15,,,0,,,,0,,,,0,,,,0,,1,10,15,17,1,,,,
multi_tile,3,824,22,bt,2,16,13376,16,56957,56957,56958,,,,57001,56968,56983,16,1:15,56984,56999,16,1:15,56985,57000,16,1:15,,,0,,,,0,,,,0,,,,0,,1,10,15,17,1,,,,
multi_tile,3,825,22,bt,3,0,13504,16,57004,57004,57005,,,,57048,57015,57030,16,1:15,57031,57046,16,1:15,57032,57047,16,1:15,,,0,,,,0,,,,0,,,,0,,1,10,15,17,1,,,,
multi_tile,3,826,22,bt,3,16,13632,16,57051,57051,57052,,,,57095,57062,57077,16,1:15,57078,57093,16,1:15,57079,57094,16,1:15,,,0,,,,0,,,,0,,,,0,,1,10,15,17,1,,,,
multi_tile,3,827,22,bt,4,0,13760,16,57098,57098,57099,,,,57142,57109,57124,16,1:15,57125,57140,16,1:15,57126,57141,16,1:15,,,0,,,,0,,,,0,,,,0,,1,10,15,17,1,,,,
multi_tile,3,828,22,bt,4,16,13888,16,57145,57145,57146,,,,57189,57156,57171,16,1:15,57172,57187,16,1:15,57173,57188,16,1:15,,,0,,,,0,,,,0,,,,0,,1,10,15,17,1,,,,
multi_tile,3,829,22,bt,5,0,14016,16,57192,57192,57193,,,,57236,57203,57218,16,1:15,57219,57234,16,1:15,57220,57235,16,1:15,,,0,,,,0,,,,0,,,,0,,1,10,15,17,1,,,,
multi_tile,3,830,22,bt,5,16,14144,16,57239,57239,57240,,,,57283,57250,57265,16,1:15,57266,57281,16,1:15,57267,57282,16,1:15,,,0,,,,0,,,,0,,,,0,,1,10,15,17,1,,,,
multi_tile,3,831,22,bt,6,0,14272,16,57286,57286,57287,,,,57330,57297,57312,16,1:15,57313,57328,16,1:15,57314,57329,16,1:15,,,0,,,,0,,,,0,,,,0,,1,10,15,17,1,,,,
multi_tile,3,832,22,bt,6,16,14400,16,57333,57333,57334,,,,57377,57344,57359,16,1:15,57360,57375,16,1:15,57361,57376,16,1:15,,,0,,,,0,,,,0,,,,0,,1,10,15,17,1,,,,
multi_tile,3,833,22,bt,7,0,14528,16,57380,57380,57381,,,,57424,57391,57406,16,1:15,57407,57422,16,1:15,57408,57423,16,1:15,,,0,,,,0,,,,0,,,,0,,1,10,15,17,1,,,,
multi_tile,3,834,22,bt,7,16,14656,16,57427,57427,57428,,,,57471,57438,57453,16,1:15,57454,57469,16,1:15,57455,57470,16,1:15,,,0,,,,0,,,,0,,,,0,,1,10,15,17,1,,,,
multi_tile,3,835,22,c,0,0,23936,4,58023,58023,,58044,58043,58055,58056,,,0,,,,0,,,,0,,58025,58040,4,5:3,58027,58042,4,5:3,58028,58043,4,5:3,58044,58047,4,1:3,,,,,,20,4,8,1
multi_tile,3,836,23,a,0,0,8256,16,58065,58065,58066,,,,58109,58076,58091,16,1:15,58092,58107,16,1:15,58093,58108,16,1:15,,,0,,,,0,,,,0,,,,0,,1,10,15,17,1,,,,
multi_tile,3,837,23,a,0,16,8384,16,58112,58112,58113,,,,58156,58123,58138,16,1:15,58139,58154,16,1:15,58140,58155,16,1:15,,,0,,,,0,,,,0,,,,0,,1,10,15,17,1,,,,
multi_tile,3,838,23,bt,0,0,14784,16,58164,58164,58165,,,,58208,58175,58190,16,1:15,58191,58206,16,1:15,58192,58207,16,1:15,,,0,,,,0,,,,0,,,,0,,1,10,15,17,1,,,,
multi_tile,3,839,23,bt,0,16,14912,16,58211,58211,58212,,,,58255,58222,58237,16,1:15,58238,58253,16,1:15,58239,58254,16,1:15,,,0,,,,0,,,,0,,,,0,,1,10,15,17,1,,,,
multi_tile,3,840,23,bt,1,0,15040,16,58258,58258,58259,,,,58302,58269,58284,16,1:15,58285,58300,16,1:15,58286,58301,16,1:15,,,0,,,,0,,,,0,,,,0,,1,10,15,17,1,,,,
multi_tile,3,841,23,bt,1,16,15168,16,58305,58305,58306,,,,58349,58316,58331,16,1:15,58332,58347,16,1:15,58333,58348,16,1:15,,,0,,,,0,,,,0,,,,0,,1,10,15,17,1,,,,
multi_tile,3,842,23,bt,2,0,15296,16,58352,58352,58353,,,,58396,58363,58378,16,1:15,58379,58394,16,1:15,58380,58395,16,1:15,,,0,,,,0,,,,0,,,,0,,1,10,15,17,1,,,,
multi_tile,3,843,23,bt,2,16,15424,16,58399,58399,58400,,,,58443,58410,58425,16,1:15,58426,58441,16,1:15,58427,58442,16,1:15,,,0,,,,0,,,,0,,,,0,,1,10,15,17,1,,,,
multi_tile,3,844,23,bt,3,0,15552,16,58446,58446,58447,,,,58490,58457,58472,16,1:15,58473,58488,16,1:15,58474,58489,16,1:15,,,0,,,,0,,,,0,,,,0,,1,10,15,17,1,,,,
multi_tile,3,845,23,bt,3,16,15680,16,58493,58493,58494,,,,58537,58504,58519,16,1:15,58520,58535,16,1:15,58521,58536,16,1:15,,,0,,,,0,,,,0,,,,0,,1,10,15,17,1,,,,
multi_tile,3,846,23,bt,4,0,15808,16,58540,58540,58541,,,,58584,58551,58566,16,1:15,58567,58582,16,1:15,58568,58583,16,1:15,,,0,,,,0,,,,0,,,,0,,1,10,15,17,1,,,,
multi_tile,3,847,23,bt,4,16,15936,16,58587,58587,58588,,,,58631,58598,58613,16,1:15,58614,58629,16,1:15,58615,58630,16,1:15,,,0,,,,0,,,,0,,,,0,,1,10,15,17,1,,,,
multi_tile,3,848,23,bt,5,0,16064,16,58634,58634,58635,,,,58678,58645,58660,16,1:15,58661,58676,16,1:15,58662,58677,16,1:15,,,0,,,,0,,,,0,,,,0,,1,10,15,17,1,,,,
multi_tile,3,849,23,bt,5,16,16192,16,58681,58681,58682,,,,58725,58692,58707,16,1:15,58708,58723,16,1:15,58709,58724,16,1:15,,,0,,,,0,,,,0,,,,0,,1,10,15,17,1,,,,
multi_tile,3,850,23,bt,6,0,16320,8,58728,58728,58729,,,,58756,58739,58746,8,1:7,58747,58754,8,1:7,58748,58755,8,1:7,,,0,,,,0,,,,0,,,,0,,1,10,7,9,1,,,,
multi_tile,3,851,23,bt,6,8,16384,16,58759,58759,58760,,,,58803,58770,58785,16,1:15,58786,58801,16,1:15,58787,58802,16,1:15,,,0,,,,0,,,,0,,,,0,,1,10,15,17,1,,,,
multi_tile,3,852,23,bt,6,24,16512,8,58806,58806,58807,,,,58834,58817,58824,8,1:7,58825,58832,8,1:7,58826,58833,8,1:7,,,0,,,,0,,,,0,,,,0,,1,10,7,9,1,,,,
multi_tile,3,853,23,bt,7,0,16576,16,58837,58837,58838,,,,58881,58848,58863,16,1:15,58864,58879,16,1:15,58865,58880,16,1:15,,,0,,,,0,,,,0,,,,0,,1,10,15,17,1,,,,
multi_tile,3,854,23,bt,7,16,16704,16,58884,58884,58885,,,,58928,58895,58910,16,1:15,58911,58926,16,1:15,58912,58927,16,1:15,,,0,,,,0,,,,0,,,,0,,1,10,15,17,1,,,,
multi_tile,3,855,23,c,0,0,23968,4,59480,59480,,59501,59500,59512,59513,,,0,,,,0,,,,0,,59482,59497,4,5:3,59484,59499,4,5:3,59485,59500,4,5:3,59501,59504,4,1:3,,,,,,20,4,8,1
multi_tile,3,856,24,a,0,0,8256,16,59522,59522,59523,,,,59566,59533,59548,16,1:15,59549,59564,16,1:15,59550,59565,16,1:15,,,0,,,,0,,,,0,,,,0,,1,10,15,17,1,,,,
multi_tile,3,857,24,a,0,16,8384,16,59569,59569,59570,,,,59613,59580,59595,16,1:15,59596,59611,16,1:15,59597,59612,16,1:15,,,0,,,,0,,,,0,,,,0,,1,10,15,17,1,,,,
multi_tile,3,858,24,bt,0,0,16832,16,59621,59621,59622,,,,59665,59632,59647,16,1:15,59648,59663,16,1:15,59649,59664,16,1:15,,,0,,,,0,,,,0,,,,0,,1,10,15,17,1,,,,
multi_tile,3,859,24,bt,0,16,16960,16,59668,59668,59669,,,,59712,59679,59694,16,1:15,59695,59710,16,1:15,59696,59711,16,1:15,,,0,,,,0,,,,0,,,,0,,1,10,15,17,1,,,,
multi_tile,3,860,24,bt,1,0,17088,16,59715,59715,59716,,,,59759,59726,59741,16,1:15,59742,59757,16,1:15,59743,59758,16,1:15,,,0,,,,0,,,,0,,,,0,,1,10,15,17,1,,,,
multi_tile,3,861,24,bt,1,16,17216,16,59762,59762,59763,,,,59806,59773,59788,16,1:15,59789,59804,16,1:15,59790,59805,16,1:15,,,0,,,,0,,,,0,,,,0,,1,10,15,17,1,,,,
multi_tile,3,862,24,bt,2,0,17344,16,59809,59809,59810,,,,59853,59820,59835,16,1:15,59836,59851,16,1:15,59837,59852,16,1:15,,,0,,,,0,,,,0,,,,0,,1,10,15,17,1,,,,
multi_tile,3,863,24,bt,2,16,17472,16,59856,59856,59857,,,,59900,59867,59882,16,1:15,59883,59898,16,1:15,59884,59899,16,1:15,,,0,,,,0,,,,0,,,,0,,1,10,15,17,1,,,,
multi_tile,3,864,24,c,0,0,24000,2,60181,60181,,60192,60191,60201,60202,,,0,,,,0,,,,0,,60183,60188,2,5:1,60185,60190,2,5:1,60186,60191,2,5:1,60192,60193,2,1:1,,,,,,10,2,8,1
asymmetric,4,0,0,a,0,0,64,16,6,6,7,,,,50,17,32,16,1:15,33,48,16,1:15,34,49,16,1:15,,,0,,,,0,,,,0,,,,0,,1,10,15,17,1,,,,
asymmetric,4,1,0,a,0,16,192,16,53,53,54,,,,97,64,79,16,1:15,80,95,16,1:15,81,96,16,1:15,,,0,,,,0,,,,0,,,,0,,1,10,15,17,1,,,,
asymmetric,4,2,0,a,1,0,320,16,100,100,101,,,,144,111,126,16,1:15,127,142,16,1:15,128,143,16,1:15,,,0,,,,0,,,,0,,,,0,,1,10,15,17,1,,,,
asymmetric,4,3,0,a,1,16,448,16,147,147,148,,,,191,158,173,16,1:15,174,189,16,1:15,175,190,16,1:15,,,0,,,,0,,,,0,,,,0,,1,10,15,17,1,,,,
asymmetric,4,4,0,a,2,0,576,16,194,194,195,,,,238,205,220,16,1:15,221,236,16,1:15,222,237,16,1:15,,,0,,,,0,,,,0,,,,0,,1,10,15,17,1,,,,
asymmetric,4,5,0,a,2,16,704,16,241,241,242,,,,285,252,267,16,1:15,268,283,16,1:15,269,284,16,1:15,,,0,,,,0,,,,0,,,,0,,1,10,15,17,1,,,,
asymmetric,4,6,0,a,3,0,832,16,288,288,289,,,,332,299,314,16,1:15,315,330,16,1:15,316,331,16,1:15,,,0,,,,0,,,,0,,,,0,,1,10,15,17,1,,,,
asymmetric,4,7,0,a,3,16,960,16,335,335,336,,,,379,346,361,16,1:15,362,377,16,1:15,363,378,16,1:15,,,0,,,,0,,,,0,,,,0,,1,10,15,17,1,,,,
asymmetric,4,8,0,a,4,0,1088,16,382,382,383,,,,426,393,408,16,1:15,409,424,16,1:15,410,425,16,1:15,,,0,,,,0,,,,0,,,,0,,1,10,15,17,1,,,,
asymmetric,4,9,0,a,4,16,1216,16,429,429,430,,,,473,440,455,16,1:15,456,471,16,1:15,457,472,16,1:15,,,0,,,,0,,,,0,,,,0,,1,10,15,17,1,,,,
asymmetric,4,10,0,a,5,0,1344,16,476,476,477,,,,520,487,502,16,1:15,503,518,16,1:15,504,519,16,1:15,,,0,,,,0,,,,0,,,,0,,1,10,15,17,1,,,,
asymmetric,4,11,0,a,5,16,1472,16,523,523,524,,,,567,534,549,16,1:15,550,565,16,1:15,551,566,16,1:15,,,0,,,,0,,,,0,,,,0,,1,10,15,17,1,,,,
asymmetric,4,12,0,a,6,0,1600,16,570,570,571,,,,614,581,596,16,1:15,597,612,16,1:15,598,613,16,1:15,,,0,,,,0,,,,0,,,,0,,1,10,15,17,1,,,,
asymmetric,4,13,0,a,6,16,1728,16,617,617,618,,,,661,628,643,16,1:15,644,659,16,1:15,645,660,16,1:15,,,0,,,,0,,,,0,,,,0,,1,10,15,17,1,,,,
asymmetric,4,14,0,a,7,0,1856,16,664,664,665,,,,708,675,690,16,1:15,691,706,16,1:15,692,707,16,1:15,,,0,,,,0,,,,0,,,,0,,1,10,15,17,1,,,,
asymmetric,4,15,0,a,7,16,1984,16,711,711,712,,,,755,722,737,16,1:15,738,753,16,1:15,739,754,16,1:15,,,0,,,,0,,,,0,,,,0,,1,10,15,17,1,,,,
asymmetric,4,16,0,bt,0,0,16832,16,763,763,764,,,,807,774,789,16,1:15,790,805,16,1:15,791,806,16,1:15,,,0,,,,0,,,,0,,,,0,,1,10,15,17,1,,,,
asymmetric,4,17,0,bt,0,16,16960,16,810,810,811,,,,854,821,836,16,1:15,837,852,16,1:15,838,853,16,1:15,,,0,,,,0,,,,0,,,,0,,1,10,15,17,1,,,,
asymmetric,4,18,0,bt,1,0,17088,16,857,857,858,,,,901,868,883,16,1:15,884,899,16,1:15,885,900,16,1:15,,,0,,,,0,,,,0,,,,0,,1,10,15,17,1,,,,
asymmetric,4,19,0,bt,1,16,17216,16,904,904,905,,,,948,915,930,16,1:15,931,946,16,1:15,932,947,16,1:15,,,0,,,,0,,,,0,,,,0,,1,10,15,17,1,,,,
asymmetric,4,20,0,bt,2,0,17344,16,951,951,952,,,,995,962,977,16,1:15,978,993,16,1:15,979,994,16,1:15,,,0,,,,0,,,,0,,,,0,,1,10,15,17,1,,,,
asymmetric,4,21,0,bt,2,16,17472,16,998,998,999,,,,1042,1009,1024,16,1:15,1025,1040,16,1:15,1026,1041,16,1:15,,,0,,,,0,,,,0,,,,0,,1,10,15,17,1,,,,
asymmetric,4,22,0,bt,3,0,17600,16,1045,1045,1046,,,,1089,1056,1071,16,1:15,1072,1087,16,1:15,1073,1088,16,1:15,,,0,,,,0,,,,0,,,,0,,1,10,15,17,1,,,,
asymmetric,4,23,0,bt,3,16,17728,16,1092,1092,1093,,,,1136,1103,1118,16,1:15,1119,1134,16,1:15,1120,1135,16,1:15,,,0,,,,0,,,,0,,,,0,,1,10,15,17,1,,,,
asymmetric,4,24,0,bt,4,0,17856,16,1139,1139,1140,,,,1183,1150,1165,16,1:15,1166,1181,16,1:15,1167,1182,16,1:15,,,0,,,,0,,,,0,,,,0,,1,10,15,17,1,,,,
asymmetric,4,25,0,bt,4,16,17984,16,1186,1186,1187,,,,1230,1197,1212,16,1:15,1213,1228,16,1:15,1214,1229,16,1:15,,,0,,,,0,,,,0,,,,0,,1,10,15,17,1,,,,
asymmetric,4,26,0,bt,5,0,18112,16,1233,1233,1234,,,,1277,1244,1259,16,1:15,1260,1275,16,1:15,1261,1276,16,1:15,,,0,,,,0,,,,0,,,,0,,1,10,15,17,1,,,,
asymmetric,4,27,0,bt,5,16,18240,16,1280,1280,1281,,,,1324,1291,1306,16,1:15,1307,1322,16,1:15,1308,1323,16,1:15,,,0,,,,0,,,,0,,,,0,,1,10,15,17,1,,,,
asymmetric,4,28,0,bt,6,0,18368,16,1327,1327,1328,,,,1371,1338,1353,16,1:15,1354,1369,16,1:15,1355,1370,16,1:15,,,0,,,,0,,,,0,,,,0,,1,10,15,17,1,,,,
asymmetric,4,29,0,bt,6,16,18496,16,1374,1374,1375,,,,1418,1385,1400,16,1:15,1401,1416,16,1:15,1402,1417,16,1:15,,,0,,,,0,,,,0,,,,0,,1,10,15,17,1,,,,
asymmetric,4,30,0,bt,7,0,18624,16,1421,1421,1422,,,,1465,1432,1447,16,1:15,1448,1463,16,1:15,1449,1464,16,1:15,,,0,,,,0,,,,0,,,,0,,1,10,15,17,1,,,,
asymmetric,4,31,0,bt,7,16,18752,16,1468,1468,1469,,,,1512,1479,1494,16,1:15,1495,1510,16,1:15,1496,1511,16,1:15,,,0,,,,0,,,,0,,,,0,,1,10,15,17,1,,,,
asymmetric,4,32,0,c,0,0,33088,4,2602,2602,,2623,2622,2634,2635,,,0,,,,0,,,,0,,2604,2619,4,5:3,2606,2621,4,5:3,2607,2622,4,5:3,2623,2626,4,1:3,,,,,,20,4,8,1
asymmetric,4,33,0,c,1,0,33344,4,2638,2638,,2659,2658,2670,2671,,,0,,,,0,,,,0,,2640,2655,4,5:3,2642,2657,4,5:3,2643,2658,4,5:3,2659,2662,4,1:3,,,,,,20,4,8,1
asymmetric,4,34,0,c,2,0,33600,4,2674,2674,,2695,2694,2706,2707,,,0,,,,0,,,,0,,2676,2691,4,5:3,2678,2693,4,5:3,2679,2694,4,5:3,2695,2698,4,1:3,,,,,,20,4,8,1
asymmetric,4,35,0,c,3,0,33856,4,2710,2710,,2731,2730,2742,2743,,,0,,,,0,,,,0,,2712,2727,4,5:3,2714,2729,4,5:3,2715,2730,4,5:3,2731,2734,4,1:3,,,,,,20,4,8,1
asymmetric,4,36,0,c,4,0,34112,4,2746,2746,,2767,2766,2778,2779,,,0,,,,0,,,,0,,2748,2763,4,5:3,2750,2765,4,5:3,2751,2766,4,5:3,2767,2770,4,1:3,,,,,,20,4,8,1
asymmetric,4,37,0,c,5,0,34368,4,2782,2782,,2803,2802,2814,2815,,,0,,,,0,,,,0,,2784,2799,4,5:3,2786,2801,4,5:3,2787,2802,4,5:3,2803,2806,4,1:3,,,,,,20,4,8,1
asymmetric,4,38,0,c,6,0,34624,4,2818,2818,,2839,2838,2850,2851,,,0,,,,0,,,,0,,2820,2835,4,5:3,2822,2837,4,5:3,2823,2838,4,5:3,2839,2842,4,1:3,,,,,,20,4,8,1
asymmetric,4,39,0,c,7,0,34880,4,2854,2854,,2875,2874,2886,2887,,,0,,,,0,,,,0,,2856,2871,4,5:3,2858,2873,4,5:3,2859,2874,4,5:3,2875,2878,4,1:3,,,,,,20,4,8,1
asymmetric,4,40,1,a,0,0,64,16,2896,2896,2897,,,,2940,2907,2922,16,1:15,2923,2938,16,1:15,2924,2939,16,1:15,,,0,,,,0,,,,0,,,,0,,1,10,15,17,1,,,,
asymmetric,4,41,1,a,0,16,192,16,2943,2943,2944,,,,2987,2954,2969,16,1:15,2970,2985,16,1:15,2971,2986,16,1:15,,,0,,,,0,,,,0,,,,0,,1,10,15,17,1,,,,
asymmetric,4,42,1,a,1,0,320,16,2990,2990,2991,,,,3034,3001,3016,16,1:15,3017,3032,16,1:15,3018,3033,16,1:15,,,0,,,,0,,,,0,,,,0,,1,10,15,17,1,,,,
asymmetric,4,43,1,a,1,16,448,16,3037,3037,3038,,,,3081,3048,3063,16,1:15,3064,3079,16,1:15,3065,3080,16,1:15,,,0,,,,0,,,,0,,,,0,,1,10,15,17,1,,,,
asymmetric,4,44,1,a,2,0,576,16,3084,3084,3085,,,,3128,3095,3110,16,1:15,3111,3126,16,1:15,3112,3127,16,1:15,,,0,,,,0,,,,0,,,,0,,1,10,15,17,1,,,,
asymmetric,4,45,1,a,2,16,704,16,3131,3131,3132,,,,3175,3142,3157,16,1:15,3158,3173,16,1:15,3159,3174,16,1:15,,,0,,,,0,,,,0,,,,0,,1,10,15,17,1,,,,
asymmetric,4,46,1,a,3,0,832,16,3178,3178,3179,,,,3222,3189,3204,16,1:15,3205,3220,16,1:15,3206,3221,16,1:15,,,0,,,,0,,,,0,,,,0,,1,10,15,17,1,,,,
asymmetric,4,47,1,a,3,16,960,16,3225,3225,3226,,,,3269,3236,3251,16,1:15,3252,3267,16,1:15,3253,3268,16,1:15,,,0,,,,0,,,,0,,,,0,,1,10,15,17,1,,,,
asymmetric,4,48,1,a,4,0,1088,16,3272,3272,3273,,,,3316,3283,3298,16,1:15,3299,3314,16,1:15,3300,3315,16,1:15,,,0,,,,0,,,,0,,,,0,,1,10,15,17,1,,,,
asymmetric,4,49,1,a,4,16,1216,16,3319,3319,3320,,,,3363,3330,3345,16,1:15,3346,3361,16,1:15,3347,3362,16,1:15,,,0,,,,0,,,,0,,,,0,,1,10,15,17,1,,,,
asymmetric,4,50,1,a,5,0,1344,16,3366,3366,3367,,,,3410,3377,3392,16,1:15,3393,3408,16,1:15,3394,3409,16,1:15,,,0,,,,0,,,,0,,,,0,,1,10,15,17,1,,,,
asymmetric,4,51,1,a,5,16,1472,16,3413,3413,3414,,,,3457,3424,3439,16,1:15,3440,3455,16,1:15,3441,3456,16,1:15,,,0,,,,0,,,,0,,,,0,,1,10,15,17,1,,,,
asymmetric,4,52,1,a,6,0,1600,16,3460,3460,3461,,,,3504,3471,3486,16,1:15,3487,3502,16,1:15,3488,3503,16,1:15,,,0,,,,0,,,,0,,,,0,,1,10,15,17,1,,,,
asymmetric,4,53,1,a,6,16,1728,16,3507,3507,3508,,,,3551,3518,3533,16,1:15,3534,3549,16,1:15,3535,3550,16,1:15,,,0,,,,0,,,,0,,,,0,,1,10,15,17,1,,,,
asymmetric,4,54,1,a,7,0,1856,16,3554,3554,3555,,,,3598,3565,3580,16,1:15,3581,3596,16,1:15,3582,3597,16,1:15,,,0,,,,0,,,,0,,,,0,,1,10,15,17,1,,,,
asymmetric,4,55,1,a,7,16,1984,16,3601,3601,3602,,,,3645,3612,3627,16,1:15,3628,3643,16,1:15,3629,3644,16,1:15,,,0,,,,0,,,,0,,,,0,,1,10,15,17,1,,,,
asymmetric,4,56,1,bt,0,0,18880,16,3653,3653,3654,,,,3697,3664,3679,16,1:15,3680,3695,16,1:15,3681,3696,16,1:15,,,0,,,,0,,,,0,,,,0,,1,10,15,17,1,,,,
asymmetric,4,57,1,bt,0,16,19008,16,3700,3700,3701,,,,3744,3711,3726,16,1:15,3727,3742,16,1:15,3728,3743,16,1:15,,,0,,,,0,,,,0,,,,0,,1,10,15,17,1,,,,
asymmetric,4,58,1,bt,1,0,19136,16,3747,3747,3748,,,,3791,3758,3773,16,1:15,3774,3789,16,1:15,3775,3790,16,1:15,,,0,,,,0,,,,0,,,,0,,1,10,15,17,1,,,,
asymmetric,4,59,1,bt,1,16,19264,16,3794,3794,3795,,,,3838,3805,3820,16,1:15,3821,3836,16,1:15,3822,3837,16,1:15,,,0,,,,0,,,,0,,,,0,,1,10,15,17,1,,,,
asymmetric,4,60,1,bt,2,0,19392,16,3841,3841,3842,,,,3885,3852,3867,16,1:15,3868,3883,16,1:15,3869,3884,16,1:15,,,0,,,,0,,,,0,,,,0,,1,10,15,17,1,,,,
asymmetric,4,61,1,bt,2,16,19520,16,3888,3888,3889,,,,3932,3899,3914,16,1:15,3915,3930,16,1:15,3916,3931,16,1:15,,,0,,,,0,,,,0,,,,0,,1,10,15,17,1,,,,
asymmetric,4,62,1,bt,3,0,19648,16,3935,3935,3936,,,,3979,3946,3961,16,1:15,3962,3977,16,1:15,3963,3978,16,1:15,,,0,,,,0,,,,0,,,,0,,1,10,15,17,1,,,,
asymmetric,4,63,1,bt,3,16,19776,16,3982,3982,3983,,,,4026,3993,4008,16,1:15,4009,4024,16,1:15,4010,4025,16,1:15,,,0,,,,0,,,,0,,,,0,,1,10,15,17,1,,,,
asymmetric,4,64,1,bt,4,0,19904,16,4029,4029,4030,,,,4073,4040,4055,16,1:15,4056,4071,16,1:15,4057,4072,16,1:15,,,0,,,,0,,,,0,,,,0,,1,10,15,17,1,,,,
asymmetric,4,65,1,bt,4,16,20032,16,4076,4076,4077,,,,4120,4087,4102,16,1:15,4103,4118,16,1:15,4104,4119,16,1:15,,,0,,,,0,,,,0,,,,0,,1,10,15,17,1,,,,
asymmetric,4,66,1,bt,5,0,20160,16,4123,4123,4124,,,,4167,4134,4149,16,1:15,4150,4165,16,1:15,4151,4166,16,1:15,,,0,,,,0,,,,0,,,,0,,1,10,15,17,1,,,,
asymmetric,4,67,1,bt,5,16,20288,16,4170,4170,4171,,,,4214,4181,4196,16,1:15,4197,4212,16,1:15,4198,4213,16,1:15,,,0,,,,0,,,,0,,,,0,,1,10,15,17,1,,,,
asymmetric,4,68,1,bt,6,0,20416,8,4217,4217,4218,,,,4245,4228,4235,8,1:7,4236,4243,8,1:7,4237,4244,8,1:7,,,0,,,,0,,,,0,,,,0,,1,10,7,9,1,,,,
asymmetric,4,69,1,bt,6,8,20480,16,4248,4248,4249,,,,4292,4259,4274,16,1:15,4275,4290,16,1:15,4276,4291,16,1:15,,,0,,,,0,,,,0,,,,0,,1,10,15,17,1,,,,
asymmetric,4,70,1,bt,6,24,20608,8,4295,4295,4296,,,,4323,4306,4313,8,1:7,4314,4321,8,1:7,4315,4322,8,1:7,,,0,,,,0,,,,0,,,,0,,1,10,7,9,1,,,,
asymmetric,4,71,1,bt,7,0,20672,16,4326,4326,4327,,,,4370,4337,4352,16,1:15,4353,4368,16,1:15,4354,4369,16,1:15,,,0,,,,0,,,,0,,,,0,,1,10,15,17,1,,,,
asymmetric,4,72,1,bt,7,16,20800,16,4373,4373,4374,,,,4417,4384,4399,16,1:15,4400,4415,16,1:15,4401,4416,16,1:15,,,0,,,,0,,,,0,,,,0,,1,10,15,17,1,,,,
asymmetric,4,73,1,c,0,0,33120,4,5507,5507,,5528,5527,5539,5540,,,0,,,,0,,,,0,,5509,5524,4,5:3,5511,5526,4,5:3,5512,5527,4,5:3,5528,5531,4,1:3,,,,,,20,4,8,1
asymmetric,4,74,1,c,1,0,33376,4,5543,5543,,5564,5563,5575,5576,,,0,,,,0,,,,0,,5545,5560,4,5:3,5547,5562,4,5:3,5548,5563,4,5:3,5564,5567,4,1:3,,,,,,20,4,8,1
asymmetric,4,75,1,c,2,0,33632,4,5579,5579,,5600,5599,5611,5612,,,0,,,,0,,,,0,,5581,5596,4,5:3,5583,5598,4,5:3,5584,5599,4,5:3,5600,5603,4,1:3,,,,,,20,4,8,1
asymmetric,4,76,1,c,3,0,33888,4,5615,5615,,5636,5635,5647,5648,,,0,,,,0,,,,0,,5617,5632,4,5:3,5619,5634,4,5:3,5620,5635,4,5:3,5636,5639,4,1:3,,,,,,20,4,8,1
asymmetric,4,77,1,c,4,0,34144,4,5651,5651,,5672,5671,5683,5684,,,0,,,,0,,,,0,,5653,5668,4,5:3,5655,5670,4,5:3,5656,5671,4,5:3,5672,5675,4,1:3,,,,,,20,4,8,1
asymmetric,4,78,1,c,5,0,34400,4,5687,5687,,5708,5707,5719,5720,,,0,,,,0,,,,0,,5689,5704,4,5:3,5691,5706,4,5:3,5692,5707,4,5:3,5708,5711,4,1:3,,,,,,20,4,8,1
asymmetric,4,79,1,c,6,0,34656,4,5723,5723,,5744,5743,5755,5756,,,0,,,,0,,,,0,,5725,5740,4,5:3,5727,5742,4,5:3,5728,5743,4,5:3,5744,5747,4,1:3,,,,,,20,4,8,1
asymmetric,4,80,1,c,7,0,34912,4,5759,5759,,5780,5779,5791,5792,,,0,,,,0,,,,0,,5761,5776,4,5:3,5763,5778,4,5:3,5764,5779,4,5:3,5780,5783,4,1:3,,,,,,20,4,8,1
asymmetric,4,81,2,a,0,0,64,16,5801,5801,5802,,,,5845,5812,5827,16,1:15,5828,5843,16,1:15,5829,5844,16,1:15,,,0,,,,0,,,,0,,,,0,,1,10,15,17,1,,,,
asymmetric,4,82,2,a,0,16,192,16,5848,5848,5849,,,,5892,5859,5874,16,1:15,5875,5890,16,1:15,5876,5891,16,1:15,,,0,,,,0,,,,0,,,,0,,1,10,15,17,1,,,,
asymmetric,4,83,2,a,1,0,320,16,5895,5895,5896,,,,5939,5906,5921,16,1:15,5922,5937,16,1:15,5923,5938,16,1:15,,,0,,,,0,,,,0,,,,0,,1,10,15,17,1,,,,
asymmetric,4,84,2,a,1,16,448,16,5942,5942,5943,,,,5986,5953,5968,16,1:15,5969,5984,16,1:15,5970,5985,16,1:15,,,0,,,,0,,,,0,,,,0,,1,10,15,17,1,,,,
asymmetric,4,85,2,a,2,0,576,16,5989,5989,5990,,,,6033,6000,6015,16,1:15,6016,6031,16,1:15,6017,6032,16,1:15,,,0,,,,0,,,,0,,,,0,,1,10,15,17,1,,,,
asymmetric,4,86,2,a,2,16,704,16,6036,6036,6037,,,,6080,6047,6062,16,1:15,6063,6078,16,1:15,6064,6079,16,1:15,,,0,,,,0,,,,0,,,,0,,1,10,15,17,1,,,,
asymmetric,4,87,2,a,3,0,832,16,6083,6083,6084,,,,6127,6094,6109,16,1:15,6110,6125,16,1:15,6111,6126,16,1:15,,,0,,,,0,,,,0,,,,0,,1,10,15,17,1,,,,
asymmetric,4,88,2,a,3,16,960,16,6130,6130,6131,,,,6174,6141,6156,16,1:15,6157,6172,16,1:15,6158,6173,16,1:15,,,0,,,,0,,,,0,,,,0,,1,10,15,17,1,,,,
asymmetric,4,89,2,a,4,0,1088,16,6177,6177,6178,,,,6221,6188,6203,16,1:15,6204,6219,16,1:15,6205,6220,16,1:15,,,0,,,,0,,,,0,,,,0,,1,10,15,17,1,,,,
asymmetric,4,90,2,a,4,16,1216,16,6224,6224,6225,,,,6268,6235,6250,16,1:15,6251,6266,16,1:15,6252,6267,16,1:15,,,0,,,,0,,,,0,,,,0,,1,10,15,17,1,,,,
asymmetric,4,91,2,a,5,0,1344,16,6271,6271,6272,,,,6315,6282,6297,16,1:15,6298,6313,16,1:15,6299,6314,16,1:15,,,0,,,,0,,,,0,,,,0,,1,10,15,17,1,,,,
asymmetric,4,92,2,a,5,16,1472,16,6318,6318,6319,,,,6362,6329,6344,16,1:15,6345,6360,16,1:15,6346,6361,16,1:15,,,0,,,,0,,,,0,,,,0,,1,10,15,17,1,,,,
asymmetric,4,93,2,a,6,0,1600,16,6365,6365,6366,,,,6409,6376,6391,16,1:15,6392,6407,16,1:15,6393,6408,16,1:15,,,0,,,,0,,,,0,,,,0,,1,10,15,17,1,,,,
asymmetric,4,94,2,a,6,16,1728,16,6412,6412,6413,,,,6456,6423,6438,16,1:15,6439,6454,16,1:15,6440,6455,16,1:15,,,0,,,,0,,,,0,,,,0,,1,10,15,17,1,,,,
asymmetric,4,95,2,a,7,0,1856,16,6459,6459,6460,,,,6503,6470,6485,16,1:15,6486,6501,16,1:15,6487,6502,16,1:15,,,0,,,,0,,,,0,,,,0,,1,10,15,17,1,,,,
asymmetric,4,96,2,a,7,16,1984,16,6506,6506,6507,,,,6550,6517,6532,16,1:15,6533,6548,16,1:15,6534,6549,16,1:15,,,0,,,,0,,,,0,,,,0,,1,10,15,17,1,,,,
asymmetric,4,97,2,bt,0,0,20928,16,6558,6558,6559,,,,6602,6569,6584,16,1:15,6585,6600,16,1:15,6586,6601,16,1:15,,,0,,,,0,,,,0,,,,0,,1,10,15,17,1,,,,
asymmetric,4,98,2,bt,0,16,21056,16,6605,6605,6606,,,,6649,6616,6631,16,1:15,6632,6647,16,1:15,6633,6648,16,1:15,,,0,,,,0,,,,0,,,,0,,1,10,15,17,1,,,,
asymmetric,4,99,2,bt,1,0,21184,16,6652,6652,6653,,,,6696,6663,6678,16,1:15,6679,6694,16,1:15,6680,6695,16,1:15,,,0,,,,0,,,,0,,,,0,,1,10,15,17,1,,,,
asymmetric,4,100,2,bt,1,16,21312,16,6699,6699,6700,,,,6743,6710,6725,16,1:15,6726,6741,16,1:15,6727,6742,16,1:15,,,0,,,,0,,,,0,,,,0,,1,10,15,17,1,,,,
asymmetric,4,101,2,bt,2,0,21440,16,6746,6746,6747,,,,6790,6757,6772,16,1:15,6773,6788,16,1:15,6774,6789,16,1:15,,,0,,,,0,,,,0,,,,0,,1,10,15,17,1,,,,
asymmetric,4,102,2,bt,2,16,21568,16,6793,6793,6794,,,,6837,6804,6819,16,1:15,6820,6835,16,1:15,6821,6836,16,1:15,,,0,,,,0,,,,0,,,,0,,1,10,15,17,1,,,,
asymmetric,4,103,2,bt,3,0,21696,16,6840,6840,6841,,,,6884,6851,6866,16,1:15,6867,6882,16,1:15,6868,6883,16,1:15,,,0,,,,0,,,,0,,,,0,,1,10,15,17,1,,,,
asymmetric,4,104,2,bt,3,16,21824,16,6887,6887,6888,,,,6931,6898,6913,16,1:15,6914,6929,16,1:15,6915,6930,16,1:15,,,0,,,,0,,,,0,,,,0,,1,10,15,17,1,,,,
asymmetric,4,105,2,bt,4,0,21952,16,6934,6934,6935,,,,6978,6945,6960,16,1:15,6961,6976,16,1:15,6962,6977,16,1:15,,,0,,,,0,,,,0,,,,0,,1,10,15,17,1,,,,
asymmetric,4,106,2,bt,4,16,22080,16,6981,6981,6982,,,,7025,6992,7007,16,1:15,7008,7023,16,1:15,7009,7024,16,1:15,,,0,,,,0,,,,0,,,,0,,1,10,15,17,1,,,,
asymmetric,4,107,2,bt,5,0,22208,16,7028,7028,7029,,,,7072,7039,7054,16,1:15,7055,7070,16,1:15,7056,7071,16,1:15,,,0,,,,0,,,,0,,,,0,,1,10,15,17,1,,,,
asymmetric,4,108,2,bt,5,16,22336,16,7075,7075,7076,,,,7119,7086,7101,16,1:15,7102,7117,16,1:15,7103,7118,16,1:15,,,0,,,,0,,,,0,,,,0,,1,10,15,17,1,,,,
asymmetric,4,109,2,bt,6,0,22464,16,7122,7122,7123,,,,7166,7133,7148,16,1:15,7149,7164,16,1:15,7150,7165,16,1:15,,,0,,,,0,,,,0,,,,0,,1,10,15,17,1,,,,
asymmetric,4,110,2,bt,6,16,22592,16,7169,7169,7170,,,,7213,7180,7195,16,1:15,7196,7211,16,1:15,7197,7212,16,1:15,,,0,,,,0,,,,0,,,,0,,1,10,15,17,1,,,,
asymmetric,4,111,2,bt,7,0,22720,16,7216,7216,7217,,,,7260,7227,7242,16,1:15,7243,7258,16,1:15,7244,7259,16,1:15,,,0,,,,0,,,,0,,,,0,,1,10,15,17,1,,,,
asymmetric,4,112,2,bt,7,16,22848,16,7263,7263,7264,,,,7307,7274,7289,16,1:15,7290,7305,16,1:15,7291,7306,16,1:15,,,0,,,,0,,,,0,,,,0,,1,10,15,17,1,,,,
asymmetric,4,113,2,c,0,0,33152,4,8397,8397,,8418,8417,8429,8430,,,0,,,,0,,,,0,,8399,8414,4,5:3,8401,8416,4,5:3,8402,8417,4,5:3,8418,8421,4,1:3,,,,,,20,4,8,1
asymmetric,4,114,2,c,1,0,33408,4,8433,8433,,8454,8453,8465,8466,,,0,,,,0,,,,0,,8435,8450,4,5:3,8437,8452,4,5:3,8438,8453,4,5:3,8454,8457,4,1:3,,,,,,20,4,8,1
asymmetric,4,115,2,c,2,0,33664,4,8469,8469,,8490,8489,8501,8502,,,0,,,,0,,,,0,,8471,8486,4,5:3,8473,8488,4,5:3,8474,8489,4,5:3,8490,8493,4,1:3,,,,,,20,4,8,1
asymmetric,4,116,2,c,3,0,33920,4,8505,8505,,8526,8525,8537,8538,,,0,,,,0,,,,0,,8507,8522,4,5:3,8509,8524,4,5:3,8510,8525,4,5:3,8526,8529,4,1:3,,,,,,20,4,8,1
asymmetric,4,117,2,c,4,0,34176,4,8541,8541,,8562,8561,8573,8574,,,0,,,,0,,,,0,,8543,8558,4,5:3,8545,8560,4,5:3,8546,8561,4,5:3,8562,8565,4,1:3,,,,,,20,4,8,1
asymmetric,4,118,2,c,5,0,34432,4,8577,8577,,8598,8597,8609,8610,,,0,,,,0,,,,0,,8579,8594,4,5:3,8581,8596,4,5:3,8582,8597,4,5:3,8598,8601,4,1:3,,,,,,20,4,8,1
asymmetric,4,119,2,c,6,0,34688,4,8613,8613,,8634,8633,8645,8646,,,0,,,,0,,,,0,,8615,8630,4,5:3,8617,8632,4,5:3,8618,8633,4,5:3,8634,8637,4,1:3,,,,,,20,4,8,1
asymmetric,4,120,2,c,7,0,34944,4,8649,8649,,8670,8669,8681,8682,,,0,,,,0,,,,0,,8651,8666,4,5:3,8653,8668,4,5:3,8654,8669,4,5:3,8670,8673,4,1:3,,,,,,20,4,8,1
asymmetric,4,121,3,a,0,0,64,16,8691,8691,8692,,,,8735,8702,8717,16,1:15,8718,8733,16,1:15,8719,8734,16,1:15,,,0,,,,0,,,,0,,,,0,,1,10,15,17,1,,,,
asymmetric,4,122,3,a,0,16,192,16,8738,8738,8739,,,,8782,8749,8764,16,1:15,8765,8780,16,1:15,8766,8781,16,1:15,,,0,,,,0,,,,0,,,,0,,1,10,15,17,1,,,,
asymmetric,4,123,3,a,1,0,320,16,8785,8785,8786,,,,8829,8796,8811,16,1:15,8812,8827,16,1:15,8813,8828,16,1:15,,,0,,,,0,,,,0,,,,0,,1,10,15,17,1,,,,
asymmetric,4,124,3,a,1,16,448,16,8832,8832,8833,,,,8876,8843,8858,16,1:15,8859,8874,16,1:15,8860,8875,16,1:15,,,0,,,,0,,,,0,,,,0,,1,10,15,17,1,,,,
asymmetric,4,125,3,a,2,0,576,16,8879,8879,8880,,,,8923,8890,8905,16,1:15,8906,8921,16,1:15,8907,8922,16,1:15,,,0,,,,0,,,,0,,,,0,,1,10,15,17,1,,,,
asymmetric,4,126,3,a,2,16,704,16,8926,8926,8927,,,,8970,8937,8952,16,1:15,8953,8968,16,1:15,8954,8969,16,1:15,,,0,,,,0,,,,0,,,,0,,1,10,15,17,1,,,,
asymmetric,4,127,3,a,3,0,832,16,8973,8973,8974,,,,9017,8984,8999,16,1:15,9000,9015,16,1:15,9001,9016,16,1:15,,,0,,,,0,,,,0,,,,0,,1,10,15,17,1,,,,
asymmetric,4,128,3,a,3,16,960,16,9020,9020,9021,,,,9064,9031,9046,16,1:15,9047,9062,16,1:15,9048,9063,16,1:15,,,0,,,,0,,,,0,,,,0,,1,10,15,17,1,,,,
asymmetric,4,129,3,a,4,0,1088,16,9067,9067,9068,,,,9111,9078,9093,16,1:15,9094,9109,16,1:15,9095,9110,16,1:15,,,0,,,,0,,,,0,,,,0,,1,10,15,17,1,,,,
asymmetric,4,130,3,a,4,16,1216,16,9114,9114,9115,,,,9158,9125,9140,16,1:15,9141,9156,16,1:15,9142,9157,16,1:15,,,0,,,,0,,,,0,,,,0,,1,10,15,17,1,,,,
asymmetric,4,131,3,a,5,0,1344,16,9161,9161,9162,,,,9205,9172,9187,16,1:15,9188,9203,16,1:15,9189,9204,16,1:15,,,0,,,,0,,,,0,,,,0,,1,10,15,17,1,,,,
asymmetric,4,132,3,a,5,16,1472,16,9208,9208,9209,,,,9252,9219,9234,16,1:15,9235,9250,16,1:15,9236,9251,16,1:15,,,0,,,,0,,,,0,,,,0,,1,10,15,17,1,,,,
asymmetric,4,133,3,a,6,0,1600,16,9255,9255,9256,,,,9299,9266,9281,16,1:15,9282,9297,16,1:15,9283,9298,16,1:15,,,0,,,,0,,,,0,,,,0,,1,10,15,17,1,,,,
asymmetric,4,134,3,a,6,16,1728,16,9302,9302,9303,,,,9346,9313,9328,16,1:15,9329,9344,16,1:15,9330,9345,16,1:15,,,0,,,,0,,,,0,,,,0,,1,10,15,17,1,,,,
asymmetric,4,135,3,a,7,0,1856,16,9349,9349,9350,,,,9393,9360,9375,16,1:15,9376,9391,16,1:15,9377,9392,16,1:15,,,0,,,,0,,,,0,,,,0,,1,10,15,17,1,,,,
asymmetric,4,136,3,a,7,16,1984,16,9396,9396,9397,,,,9440,9407,9422,16,1:15,9423,9438,16,1:15,9424,9439,16,1:15,,,0,,,,0,,,,0,,,,0,,1,10,15,17,1,,,,
asymmetric,4,137,3,bt,0,0,22976,16,9448,9448,9449,,,,9492,9459,9474,16,1:15,9475,9490,16,1:15,9476,9491,16,1:15,,,0,,,,0,,,,0,,,,0,,1,10,15,17,1,,,,
asymmetric,4,138,3,bt,0,16,23104,16,9495,9495,9496,,,,9539,9506,9521,16,1:15,9522,9537,16,1:15,9523,9538,16,1:15,,,0,,,,0,,,,0,,,,0,,1,10,15,17,1,,,,
asymmetric,4,139,3,bt,1,0,23232,16,9542,9542,9543,,,,9586,9553,9568,16,1:15,9569,9584,16,1:15,9570,9585,16,1:15,,,0,,,,0,,,,0,,,,0,,1,10,15,17,1,,,,
asymmetric,4,140,3,bt,1,16,23360,16,9589,9589,9590,,,,9633,9600,9615,16,1:15,9616,9631,16,1:15,9617,9632,16,1:15,,,0,,,,0,,,,0,,,,0,,1,10,15,17,1,,,,
asymmetric,4,141,3,bt,2,0,23488,16,9636,9636,9637,,,,9680,9647,9662,16,1:15,9663,9678,16,1:15,9664,9679,16,1:15,,,0,,,,0,,,,0,,,,0,,1,10,15,17,1,,,,
asymmetric,4,142,3,bt,2,16,23616,16,9683,9683,9684,,,,9727,9694,9709,16,1:15,9710,9725,16,1:15,9711,9726,16,1:15,,,0,,,,0,,,,0,,,,0,,1,10,15,17,1,,,,
asymmetric,4,143,3,bt,3,0,23744,16,9730,9730,9731,,,,9774,9741,9756,16,1:15,9757,9772,16,1:15,9758,9773,16,1:15,,,0,,,,0,,,,0,,,,0,,1,10,15,17,1,,,,
asymmetric,4,144,3,bt,3,16,23872,16,9777,9777,9778,,,,9821,9788,9803,16,1:15,9804,9819,16,1:15,9805,9820,16,1:15,,,0,,,,0,,,,0,,,,0,,1,10,15,17,1,,,,
asymmetric,4,145,3,bt,4,0,24000,16,9824,9824,9825,,,,9868,9835,9850,16,1:15,9851,9866,16,1:15,9852,9867,16,1:15,,,0,,,,0,,,,0,,,,0,,1,10,15,17,1,,,,
asymmetric,4,146,3,bt,4,16,24128,16,9871,9871,9872,,,,9915,9882,9897,16,1:15,9898,9913,16,1:15,9899,9914,16,1:15,,,0,,,,0,,,,0,,,,0,,1,10,15,17,1,,,,
asymmetric,4,147,3,bt,5,0,24256,16,9918,9918,9919,,,,9962,9929,9944,16,1:15,9945,9960,16,1:15,9946,9961,16,1:15,,,0,,,,0,,,,0,,,,0,,1,10,15,17,1,,,,
asymmetric,4,148,3,bt,5,16,24384,16,9965,9965,9966,,,,10009,9976,9991,16,1:15,9992,10007,16,1:15,9993,10008,16,1:15,,,0,,,,0,,,,0,,,,0,,1,10,15,17,1,,,,
asymmetric,4,149,3,bt,6,0,24512,8,10012,10012,10013,,,,10040,10023,10030,8,1:7,10031,10038,8,1:7,10032,10039,8,1:7,,,0,,,,0,,,,0,,,,0,,1,10,7,9,1,,,,
asymmetric,4,150,3,bt,6,8,24576,16,10043,10043,10044,,,,10087,10054,10069,16,1:15,10070,10085,16,1:15,10071,10086,16,1:15,,,0,,,,0,,,,0,,,,0,,1,10,15,17,1,,,,
asymmetric,4,151,3,bt,6,24,24704,8,10090,10090,10091,,,,10118,10101,10108,8,1:7,10109,10116,8,1:7,10110,10117,8,1:7,,,0,,,,0,,,,0,,,,0,,1,10,7,9,1,,,,
asymmetric,4,152,3,bt,7,0,24768,16,10121,10121,10122,,,,10165,10132,10147,16,1:15,10148,10163,16,1:15,10149,10164,16,1:15,,,0,,,,0,,,,0,,,,0,,1,10,15,17,1,,,,
asymmetric,4,153,3,bt,7,16,24896,16,10168,10168,10169,,,,10212,10179,10194,16,1:15,10195,10210,16,1:15,10196,10211,16,1:15,,,0,,,,0,,,,0,,,,0,,1,10,15,17,1,,,,
asymmetric,4,154,3,c,0,0,33184,4,11302,11302,,11323,11322,11334,11335,,,0,,,,0,,,,0,,11304,11319,4,5:3,11306,11321,4,5:3,11307,11322,4,5:3,11323,11326,4,1:3,,,,,,20,4,8,1
asymmetric,4,155,3,c,1,0,33440,4,11338,11338,,11359,11358,11370,11371,,,0,,,,0,,,,0,,11340,11355,4,5:3,11342,11357,4,5:3,11343,11358,4,5:3,11359,11362,4,1:3,,,,,,20,4,8,1
asymmetric,4,156,3,c,2,0,33696,4,11374,11374,,11395,11394,11406,11407,,,0,,,,0,,,,0,,11376,11391,4,5:3,11378,11393,4,5:3,11379,11394,4,5:3,11395,11398,4,1:3,,,,,,20,4,8,1
asymmetric,4,157,3,c,3,0,33952,4,11410,11410,,11431,11430,11442,11443,,,0,,,,0,,,,0,,11412,11427,4,5:3,11414,11429,4,5:3,11415,11430,4,5:3,11431,11434,4,1:3,,,,,,20,4,8,1
asymmetric,4,158,3,c,4,0,34208,4,11446,11446,,11467,11466,11478,11479,,,0,,,,0,,,,0,,11448,11463,4,5:3,11450,11465,4,5:3,11451,11466,4,5:3,11467,11470,4,1:3,,,,,,20,4,8,1
asymmetric,4,159,3,c,5,0,34464,4,11482,11482,,11503,11502,11514,11515,,,0,,,,0,,,,0,,11484,11499,4,5:3,11486,11501,4,5:3,11487,11502,4,5:3,11503,11506,4,1:3,,,,,,20,4,8,1
asymmetric,4,160,3,c,6,0,34720,4,11518,11518,,11539,11538,11550,11551,,,0,,,,0,,,,0,,11520,11535,4,5:3,11522,11537,4,5:3,11523,11538,4,5:3,11539,11542,4,1:3,,,,,,20,4,8,1
asymmetric,4,161,3,c,7,0,34976,4,11554,11554,,11575,11574,11586,11587,,,0,,,,0,,,,0,,11556,11571,4,5:3,11558,11573,4,5:3,11559,11574,4,5:3,11575,11578,4,1:3,,,,,,20,4,8,1
asymmetric,4,162,4,a,0,0,64,16,11596,11596,11597,,,,11640,11607,11622,16,1:15,11623,11638,16,1:15,11624,11639,16,1:15,,,0,,,,0,,,,0,,,,0,,1,10,15,17,1,,,,
asymmetric,4,163,4,a,0,16,192,16,11643,11643,11644,,,,11687,11654,11669,16,1:15,11670,11685,16,1:15,11671,11686,16,1:15,,,0,,,,0,,,,0,,,,0,,1,10,15,17,1,,,,
asymmetric,4,164,4,a,1,0,320,16,11690,11690,11691,,,,11734,11701,11716,16,1:15,11717,11732,16,1:15,11718,11733,16,1:15,,,0,,,,0,,,,0,,,,0,,1,10,15,17,1,,,,
asymmetric,4,165,4,a,1,16,448,16,11737,11737,11738,,,,11781,11748,11763,16,1:15,11764,11779,16,1:15,11765,11780,16,1:15,,,0,,,,0,,,,0,,,,0,,1,10,15,17,1,,,,
asymmetric,4,166,4,a,2,0,576,16,11784,11784,11785,,,,11828,11795,11810,16,1:15,11811,11826,16,1:15,11812,11827,16,1:15,,,0,,,,0,,,,0,,,,0,,1,10,15,17,1,,,,
asymmetric,4,167,4,a,2,16,704,16,11831,11831,11832,,,,11875,11842,11857,16,1:15,11858,11873,16,1:15,11859,11874,16,1:15,,,0,,,,0,,,,0,,,,0,,1,10,15,17,1,,,,
asymmetric,4,168,4,a,3,0,832,16,11878,11878,11879,,,,11922,11889,11904,16,1:15,11905,11920,16,1:15,11906,11921,16,1:15,,,0,,,,0,,,,0,,,,0,,1,10,15,17,1,,,,
asymmetric,4,169,4,a,3,16,960,16,11925,11925,11926,,,,11969,11936,11951,16,1:15,11952,11967,16,1:15,11953,11968,16,1:15,,,0,,,,0,,,,0,,,,0,,1,10,15,17,1,,,,
asymmetric,4,170,4,a,4,0,1088,16,11972,11972,11973,,,,12016,11983,11998,16,1:15,11999,12014,16,1:15,12000,12015,16,1:15,,,0,,,,0,,,,0,,,,0,,1,10,15,17,1,,,,
asymmetric,4,171,4,a,4,16,1216,16,12019,12019,12020,,,,12063,12030,12045,16,1:15,12046,12061,16,1:15,12047,12062,16,1:15,,,0,,,,0,,,,0,,,,0,,1,10,15,17,1,,,,
asymmetric,4,172,4,a,5,0,1344,16,12066,12066,12067,,,,12110,12077,12092,16,1:15,12093,12108,16,1:15,12094,12109,16,1:15,,,0,,,,0,,,,0,,,,0,,1,10,15,17,1,,,,
asymmetric,4,173,4,a,5,16,1472,16,12113,12113,12114,,,,12157,12124,12139,16,1:15,12140,12155,16,1:15,12141,12156,16,1:15,,,0,,,,0,,,,0,,,,0,,1,10,15,17,1,,,,
asymmetric,4,174,4,a,6,0,1600,16,12160,12160,12161,,,,12204,12171,12186,16,1:15,12187,12202,16,1:15,12188,12203,16,1:15,,,0,,,,0,,,,0,,,,0,,1,10,15,17,1,,,,
asymmetric,4,175,4,a,6,16,1728,16,12207,12207,12208,,,,12251,12218,12233,16,1:15,12234,12249,16,1:15,12235,12250,16,1:15,,,0,,,,0,,,,0,,,,0,,1,10,15,17,1,,,,
asymmetric,4,176,4,a,7,0,1856,16,12254,12254,12255,,,,12298,12265,12280,16,1:15,12281,12296,16,1:15,12282,12297,16,1:15,,,0,,,,0,,,,0,,,,0,,1,10,15,17,1,,,,
asymmetric,4,177,4,a,7,16,1984,16,12301,12301,12302,,,,12345,12312,12327,16,1:15,12328,12343,16,1:15,12329,12344,16,1:15,,,0,,,,0,,,,0,,,,0,,1,10,15,17,1,,,,
asymmetric,4,178,4,bt,0,0,25024,16,12353,12353,12354,,,,12397,12364,12379,16,1:15,12380,12395,16,1:15,12381,12396,16,1:15,,,0,,,,0,,,,0,,,,0,,1,10,15,17,1,,,,
asymmetric,4,179,4,bt,0,16,25152,16,12400,12400,12401,,,,12444,12411,12426,16,1:15,12427,12442,16,1:15,12428,12443,16,1:15,,,0,,,,0,,,,0,,,,0,,1,10,15,17,1,,,,
asymmetric,4,180,4,bt,1,0,25280,16,12447,12447,12448,,,,12491,12458,12473,16,1:15,12474,12489,16,1:15,12475,12490,16,1:15,,,0,,,,0,,,,0,,,,0,,1,10,15,17,1,,,,
asymmetric,4,181,4,bt,1,16,25408,16,12494,12494,12495,,,,12538,12505,12520,16,1:15,12521,12536,16,1:15,12522,12537,16,1:15,,,0,,,,0,,,,0,,,,0,,1,10,15,17,1,,,,
asymmetric,4,182,4,bt,2,0,25536,16,12541,12541,12542,,,,12585,12552,12567,16,1:15,12568,12583,16,1:15,12569,12584,16,1:15,,,0,,,,0,,,,0,,,,0,,1,10,15,17,1,,,,
asymmetric,4,183,4,bt,2,16,25664,16,12588,12588,12589,,,,12632,12599,12614,16,1:15,12615,12630,16,1:15,12616,12631,16,1:15,,,0,,,,0,,,,0,,,,0,,1,10,15,17,1,,,,
asymmetric,4,184,4,bt,3,0,25792,16,12635,12635,12636,,,,12679,12646,12661,16,1:15,12662,12677,16,1:15,12663,12678,16,1:15,,,0,,,,0,,,,0,,,,0,,1,10,15,17,1,,,,
asymmetric,4,185,4,bt,3,16,25920,16,12682,12682,12683,,,,12726,12693,12708,16,1:15,12709,12724,16,1:15,12710,12725,16,1:15,,,0,,,,0,,,,0,,,,0,,1,10,15,17,1,,,,
asymmetric,4,186,4,bt,4,0,26048,16,12729,12729,12730,,,,12773,12740,12755,16,1:15,12756,12771,16,1:15,12757,12772,16,1:15,,,0,,,,0,,,,0,,,,0,,1,10,15,17,1,,,,
asymmetric,4,187,4,bt,4,16,26176,16,12776,12776,12777,,,,12820,12787,12802,16,1:15,12803,12818,16,1:15,12804,12819,16,1:15,,,0,,,,0,,,,0,,,,0,,1,10,15,17,1,,,,
asymmetric,4,188,4,bt,5,0,26304,16,12823,12823,12824,,,,12867,12834,12849,16,1:15,12850,12865,16,1:15,12851,12866,16,1:15,,,0,,,,0,,,,0,,,,0,,1,10,15,17,1,,,,
asymmetric,4,189,4,bt,5,16,26432,16,12870,12870,12871,,,,12914,12881,12896,16,1:15,12897,12912,16,1:15,12898,12913,16,1:15,,,0,,,,0,,,,0,,,,0,,1,10,15,17,1,,,,
asymmetric,4,190,4,bt,6,0,26560,16,12917,12917,12918,,,,12961,12928,12943,16,1:15,12944,12959,16,1:15,12945,12960,16,1:15,,,0,,,,0,,,,0,,,,0,,1,10,15,17,1,,,,
asymmetric,4,191,4,bt,6,16,26688,16,12964,12964,12965,,,,13008,12975,12990,16,1:15,12991,13006,16,1:15,12992,13007,16,1:15,,,0,,,,0,,,,0,,,,0,,1,10,15,17,1,,,,
asymmetric,4,192,4,bt,7,0,26816,16,13011,13011,13012,,,,13055,13022,13037,16,1:15,13038,13053,16,1:15,13039,13054,16,1:15,,,0,,,,0,,,,0,,,,0,,1,10,15,17,1,,,,
asymmetric,4,193,4,bt,7,16,26944,16,13058,13058,13059,,,,13102,13069,13084,16,1:15,13085,13100,16,1:15,13086,13101,16,1:15,,,0,,,,0,,,,0,,,,0,,1,10,15,17,1,,,,
asymmetric,4,194,4,c,0,0,33216,4,14192,14192,,14213,14212,14224,14225,,,0,,,,0,,,,0,,14194,14209,4,5:3,14196,14211,4,5:3,14197,14212,4,5:3,14213,14216,4,1:3,,,,,,20,4,8,1
asymmetric,4,195,4,c,1,0,33472,4,14228,14228,,14249,14248,14260,14261,,,0,,,,0,,,,0,,14230,14245,4,5:3,14232,14247,4,5:3,14233,14248,4,5:3,14249,14252,4,1:3,,,,,,20,4,8,1
asymmetric,4,196,4,c,2,0,33728,4,14264,14264,,14285,14284,14296,14297,,,0,,,,0,,,,0,,14266,14281,4,5:3,14268,14283,4,5:3,14269,14284,4,5:3,14285,14288,4,1:3,,,,,,20,4,8,1
asymmetric,4,197,4,c,3,0,33984,4,14300,14300,,14321,14320,14332,14333,,,0,,,,0,,,,0,,14302,14317,4,5:3,14304,14319,4,5:3,14305,14320,4,5:3,14321,14324,4,1:3,,,,,,20,4,8,1
asymmetric,4,198,4,c,4,0,34240,4,14336,14336,,14357,14356,14368,14369,,,0,,,,0,,,,0,,14338,14353,4,5:3,14340,14355,4,5:3,14341,14356,4,5:3,14357,14360,4,1:3,,,,,,20,4,8,1
asymmetric,4,199,4,c,5,0,34496,4,14372,14372,,14393,14392,14404,14405,,,0,,,,0,,,,0,,14374,14389,4,5:3,14376,14391,4,5:3,14377,14392,4,5:3,14393,14396,4,1:3,,,,,,20,4,8,1
asymmetric,4,200,4,c,6,0,34752,4,14408,14408,,14429,14428,14440,14441,,,0,,,,0,,,,0,,14410,14425,4,5:3,14412,14427,4,5:3,14413,14428,4,5:3,14429,14432,4,1:3,,,,,,20,4,8,1
asymmetric,4,201,4,c,7,0,35008,4,14444,14444,,14465,14464,14476,14477,,,0,,,,0,,,,0,,14446,14461,4,5:3,14448,14463,4,5:3,14449,14464,4,5:3,14465,14468,4,1:3,,,,,,20,4,8,1
asymmetric,4,202,5,a,0,0,64,16,14486,14486,14487,,,,14530,14497,14512,16,1:15,14513,14528,16,1:15,14514,14529,16,1:15,,,0,,,,0,,,,0,,,,0,,1,10,15,17,1,,,,
asymmetric,4,203,5,a,0,16,192,16,14533,14533,14534,,,,14577,14544,14559,16,1:15,14560,14575,16,1:15,14561,14576,16,1:15,,,0,,,,0,,,,0,,,,0,,1,10,15,17,1,,,,
asymmetric,4,204,5,a,1,0,320,16,14580,14580,14581,,,,14624,14591,14606,16,1:15,14607,14622,16,1:15,14608,14623,16,1:15,,,0,,,,0,,,,0,,,,0,,1,10,15,17,1,,,,
asymmetric,4,205,5,a,1,16,448,16,14627,14627,14628,,,,14671,14638,14653,16,1:15,14654,14669,16,1:15,14655,14670,16,1:15,,,0,,,,0,,,,0,,,,0,,1,10,15,17,1,,,,
asymmetric,4,206,5,a,2,0,576,16,14674,14674,14675,,,,14718,14685,14700,16,1:15,14701,14716,16,1:15,14702,14717,16,1:15,,,0,,,,0,,,,0,,,,0,,1,10,15,17,1,,,,
asymmetric,4,207,5,a,2,16,704,16,14721,14721,14722,,,,14765,14732,14747,16,1:15,14748,14763,16,1:15,14749,14764,16,1:15,,,0,,,,0,,,,0,,,,0,,1,10,15,17,1,,,,
asymmetric,4,208,5,a,3,0,832,16,14768,14768,14769,,,,14812,14779,14794,16,1:15,14795,14810,16,1:15,14796,14811,16,1:15,,,0,,,,0,,,,0,,,,0,,1,10,15,17,1,,,,
asymmetric,4,209,5,a,3,16,960,16,14815,14815,14816,,,,14859,14826,14841,16,1:15,14842,14857,16,1:15,14843,14858,16,1:15,,,0,,,,0,,,,0,,,,0,,1,10,15,17,1,,,,
asymmetric,4,210,5,a,4,0,1088,16,14862,14862,14863,,,,14906,14873,14888,16,1:15,14889,14904,16,1:15,14890,14905,16,1:15,,,0,,,,0,,,,0,,,,0,,1,10,15,17,1,,,,
asymmetric,4,211,5,a,4,16,1216,16,14909,14909,14910,,,,14953,14920,14935,16,1:15,14936,14951,16,1:15,14937,14952,16,1:15,,,0,,,,0,,,,0,,,,0,,1,10,15,17,1,,,,
asymmetric,4,212,5,a,5,0,1344,16,14956,14956,14957,,,,15000,14967,14982,16,1:15,14983,14998,16,1:15,14984,14999,16,1:15,,,0,,,,0,,,,0,,,,0,,1,10,15,17,1,,,,
asymmetric,4,213,5,a,5,16,1472,16,15003,15003,15004,,,,15047,15014,15029,16,1:15,15030,15045,16,1:15,15031,15046,16,1:15,,,0,,,,0,,,,0,,,,0,,1,10,15,17,1,,,,
asymmetric,4,214,5,a,6,0,1600,16,15050,15050,15051,,,,15094,15061,15076,16,1:15,15077,15092,16,1:15,15078,15093,16,1:15,,,0,,,,0,,,,0,,,,0,,1,10,15,17,1,,,,
asymmetric,4,215,5,a,6,16,1728,16,15097,15097,15098,,,,15141,15108,15123,16,1:15,15124,15139,16,1:15,15125,15140,16,1:15,,,0,,,,0,,,,0,,,,0,,1,10,15,17,1,,,,
asymmetric,4,216,5,a,7,0,1856,16,15144,15144,15145,,,,15188,15155,15170,16,1:15,15171,15186,16,1:15,15172,15187,16,1:15,,,0,,,,0,,,,0,,,,0,,1,10,15,17,1,,,,
asymmetric,4,217,5,a,7,16,1984,16,15191,15191,15192,,,,15235,15202,15217,16,1:15,15218,15233,16,1:15,15219,15234,16,1:15,,,0,,,,0,,,,0,,,,0,,1,10,15,17,1,,,,
asymmetric,4,218,5,bt,0,0,27072,16,15243,15243,15244,,,,15287,15254,15269,16,1:15,15270,15285,16,1:15,15271,15286,16,1:15,,,0,,,,0,,,,0,,,,0,,1,10,15,17,1,,,,
asymmetric,4,219,5,bt,0,16,27200,16,15290,15290,15291,,,,15334,15301,15316,16,1:15,15317,15332,16,1:15,15318,15333,16,1:15,,,0,,,,0,,,,0,,,,0,,1,10,15,17,1,,,,
asymmetric,4,220,5,bt,1,0,27328,16,15337,15337,15338,,,,15381,15348,15363,16,1:15,15364,15379,16,1:15,15365,15380,16,1:15,,,0,,,,0,,,,0,,,,0,,1,10,15,17,1,,,,
asymmetric,4,221,5,bt,1,16,27456,16,15384,15384,15385,,,,15428,15395,15410,16,1:15,15411,15426,16,1:15,15412,15427,16,1:15,,,0,,,,0,,,,0,,,,0,,1,10,15,17,1,,,,
asymmetric,4,222,5,bt,2,0,27584,16,15431,15431,15432,,,,15475,15442,15457,16,1:15,15458,15473,16,1:15,15459,15474,16,1:15,,,0,,,,0,,,,0,,,,0,,1,10,15,17,1,,,,
asymmetric,4,223,5,bt,2,16,27712,16,15478,15478,15479,,,,15522,15489,15504,16,1:15,15505,15520,16,1:15,15506,15521,16,1:15,,,0,,,,0,,,,0,,,,0,,1,10,15,17,1,,,,
asymmetric,4,224,5,bt,3,0,27840,16,15525,15525,15526,,,,15569,15536,15551,16,1:15,15552,15567,16,1:15,15553,15568,16,1:15,,,0,,,,0,,,,0,,,,0,,1,10,15,17,1,,,,
asymmetric,4,225,5,bt,3,16,27968,16,15572,15572,15573,,,,15616,15583,15598,16,1:15,15599,15614,16,1:15,15600,15615,16,1:15,,,0,,,,0,,,,0,,,,0,,1,10,15,17,1,,,,
asymmetric,4,226,5,bt,4,0,28096,16,15619,15619,15620,,,,15663,15630,15645,16,1:15,15646,15661,16,1:15,15647,15662,16,1:15,,,0,,,,0,,,,0,,,,0,,1,10,15,17,1,,,,
asymmetric,4,227,5,bt,4,16,28224,16,15666,15666,15667,,,,15710,15677,15692,16,1:15,15693,15708,16,1:15,15694,15709,16,1:15,,,0,,,,0,,,,0,,,,0,,1,10,15,17,1,,,,
asymmetric,4,228,5,bt,5,0,28352,16,15713,15713,15714,,,,15757,15724,15739,16,1:15,15740,15755,16,1:15,15741,15756,16,1:15,,,0,,,,0,,,,0,,,,0,,1,10,15,17,1,,,,
asymmetric,4,229,5,bt,5,16,28480,16,15760,15760,15761,,,,15804,15771,15786,16,1:15,15787,15802,16,1:15,15788,15803,16,1:15,,,0,,,,0,,,,0,,,,0,,1,10,15,17,1,,,,
asymmetric,4,230,5,bt,6,0,28608,8,15807,15807,15808,,,,15835,15818,15825,8,1:7,15826,15833,8,1:7,15827,15834,8,1:7,,,0,,,,0,,,,0,,,,0,,1,10,7,9,1,,,,
asymmetric,4,231,5,bt,6,8,28672,16,15838,15838,15839,,,,15882,15849,15864,16,1:15,15865,15880,16,1:15,15866,15881,16,1:15,,,0,,,,0,,,,0,,,,0,,1,10,15,17,1,,,,
asymmetric,4,232,5,bt,6,24,28800,8,15885,15885,15886,,,,15913,15896,15903,8,1:7,15904,15911,8,1:7,15905,15912,8,1:7,,,0,,,,0,,,,0,,,,0,,1,10,7,9,1,,,,
asymmetric,4,233,5,bt,7,0,28864,16,15916,15916,15917,,,,15960,15927,15942,16,1:15,15943,15958,16,1:15,15944,15959,16,1:15,,,0,,,,0,,,,0,,,,0,,1,10,15,17,1,,,,
asymmetric,4,234,5,bt,7,16,28992,16,15963,15963,15964,,,,16007,15974,15989,16,1:15,15990,16005,16,1:15,15991,16006,16,1:15,,,0,,,,0,,,,0,,,,0,,1,10,15,17,1,,,,
asymmetric,4,235,5,c,0,0,33248,4,17097,17097,,17118,17117,17129,17130,,,0,,,,0,,,,0,,17099,17114,4,5:3,17101,17116,4,5:3,17102,17117,4,5:3,17118,17121,4,1:3,,,,,,20,4,8,1
asymmetric,4,236,5,c,1,0,33504,4,17133,17133,,17154,17153,17165,17166,,,0,,,,0,,,,0,,17135,17150,4,5:3,17137,17152,4,5:3,17138,17153,4,5:3,17154,17157,4,1:3,,,,,,20,4,8,1
asymmetric,4,237,5,c,2,0,33760,4,17169,17169,,17190,17189,17201,17202,,,0,,,,0,,,,0,,17171,17186,4,5:3,17173,17188,4,5:3,17174,17189,4,5:3,17190,17193,4,1:3,,,,,,20,4,8,1
asymmetric,4,238,5,c,3,0,34016,4,17205,17205,,17226,17225,17237,17238,,,0,,,,0,,,,0,,17207,17222,4,5:3,17209,17224,4,5:3,17210,17225,4,5:3,17226,17229,4,1:3,,,,,,20,4,8,1
asymmetric,4,239,5,c,4,0,34272,4,17241,17241,,17262,17261,17273,17274,,,0,,,,0,,,,0,,17243,17258,4,5:3,17245,17260,4,5:3,17246,17261,4,5:3,17262,17265,4,1:3,,,,,,20,4,8,1
asymmetric,4,240,5,c,5,0,34528,4,17277,17277,,17298,17297,17309,17310,,,0,,,,0,,,,0,,17279,17294,4,5:3,17281,17296,4,5:3,17282,17297,4,5:3,17298,17301,4,1:3,,,,,,20,4,8,1
asymmetric,4,241,5,c,6,0,34784,4,17313,17313,,17334,17333,17345,17346,,,0,,,,0,,,,0,,17315,17330,4,5:3,17317,17332,4,5:3,17318,17333,4,5:3,17334,17337,4,1:3,,,,,,20,4,8,1
asymmetric,4,242,5,c,7,0,35040,4,17349,17349,,17370,17369,17381,17382,,,0,,,,0,,,,0,,17351,17366,4,5:3,17353,17368,4,5:3,17354,17369,4,5:3,17370,17373,4,1:3,,,,,,20,4,8,1
asymmetric,4,243,6,a,0,0,64,16,17391,17391,17392,,,,17435,17402,17417,16,1:15,17418,17433,16,1:15,17419,17434,16,1:15,,,0,,,,0,,,,0,,,,0,,1,10,15,17,1,,,,
asymmetric,4,244,6,a,0,16,192,16,17438,17438,17439,,,,17482,17449,17464,16,1:15,17465,17480,16,1:15,17466,17481,16,1:15,,,0,,,,0,,,,0,,,,0,,1,10,15,17,1,,,,
asymmetric,4,245,6,a,1,0,320,16,17485,17485,17486,,,,17529,17496,17511,16,1:15,17512,17527,16,1:15,17513,17528,16,1:15,,,0,,,,0,,,,0,,,,0,,1,10,15,17,1,,,,
asymmetric,4,246,6,a,1,16,448,16,17532,17532,17533,,,,17576,17543,17558,16,1:15,17559,17574,16,1:15,17560,17575,16,1:15,,,0,,,,0,,,,0,,,,0,,1,10,15,17,1,,,,
asymmetric,4,247,6,a,2,0,576,16,17579,17579,17580,,,,17623,17590,17605,16,1:15,17606,17621,16,1:15,17607,17622,16,1:15,,,0,,,,0,,,,0,,,,0,,1,10,15,17,1,,,,
asymmetric,4,248,6,a,2,16,704,16,17626,17626,17627,,,,17670,17637,17652,16,1:15,17653,17668,16,1:15,17654,17669,16,1:15,,,0,,,,0,,,,0,,,,0,,1,10,15,17,1,,,,
asymmetric,4,249,6,a,3,0,832,16,17673,17673,17674,,,,17717,17684,17699,16,1:15,17700,17715,16,1:15,17701,17716,16,1:15,,,0,,,,0,,,,0,,,,0,,1,10,15,17,1,,,,
asymmetric,4,250,6,a,3,16,960,16,17720,17720,17721,,,,17764,17731,17746,16,1:15,17747,17762,16,1:15,17748,17763,16,1:15,,,0,,,,0,,,,0,,,,0,,1,10,15,17,1,,,,
asymmetric,4,251,6,a,4,0,1088,16,17767,17767,17768,,,,17811,17778,17793,16,1:15,17794,17809,16,1:15,17795,17810,16,1:15,,,0,,,,0,,,,0,,,,0,,1,10,15,17,1,,,,
asymmetric,4,252,6,a,4,16,1216,16,17814,17814,17815,,,,17858,17825,17840,16,1:15,17841,17856,16,1:15,17842,17857,16,1:15,,,0,,,,0,,,,0,,,,0,,1,10,15,17,1,,,,
asymmetric,4,253,6,a,5,0,1344,16,17861,17861,17862,,,,17905,17872,17887,16,1:15,17888,17903,16,1:15,17889,17904,16,1:15,,,0,,,,0,,,,0,,,,0,,1,10,15,17,1,,,,
asymmetric,4,254,6,a,5,16,1472,16,17908,17908,17909,,,,17952,17919,17934,16,1:15,17935,17950,16,1:15,17936,17951,16,1:15,,,0,,,,0,,,,0,,,,0,,1,10,15,17,1,,,,
asymmetric,4,255,6,a,6,0,1600,16,17955,17955,17956,,,,17999,17966,17981,16,1:15,17982,17997,16,1:15,17983,17998,16,1:15,,,0,,,,0,,,,0,,,,0,,1,10,15,17,1,,,,
asymmetric,4,256,6,a,6,16,1728,16,18002,18002,18003,,,,18046,18013,18028,16,1:15,18029,18044,16,1:15,18030,18045,16,1:15,,,0,,,,0,,,,0,,,,0,,1,10,15,17,1,,,,
asymmetric,4,257,6,a,7,0,1856,16,18049,18049,18050,,,,18093,18060,18075,16,1:15,18076,18091,16,1:15,18077,18092,16,1:15,,,0,,,,0,,,,0,,,,0,,1,10,15,17,1,,,,
asymmetric,4,258,6,a,7,16,1984,16,18096,18096,18097,,,,18140,18107,18122,16,1:15,18123,18138,16,1:15,18124,18139,16,1:15,,,0,,,,0,,,,0,,,,0,,1,10,15,17,1,,,,
asymmetric,4,259,6,bt,0,0,29120,16,18148,18148,18149,,,,18192,18159,18174,16,1:15,18175,18190,16,1:15,18176,18191,16,1:15,,,0,,,,0,,,,0,,,,0,,1,10,15,17,1,,,,
asymmetric,4,260,6,bt,0,16,29248,16,18195,18195,18196,,,,18239,18206,18221,16,1:15,18222,18237,16,1:15,18223,18238,16,1:15,,,0,,,,0,,,,0,,,,0,,1,10,15,17,1,,,,
asymmetric,4,261,6,bt,1,0,29376,16,18242,18242,18243,,,,18286,18253,18268,16,1:15,18269,18284,16,1:15,18270,18285,16,1:15,,,0,,,,0,,,,0,,,,0,,1,10,15,17,1,,,,
asymmetric,4,262,6,bt,1,16,29504,16,18289,18289,18290,,,,18333,18300,18315,16,1:15,18316,18331,16,1:15,18317,18332,16,1:15,,,0,,,,0,,,,0,,,,0,,1,10,15,17,1,,,,
asymmetric,4,263,6,bt,2,0,29632,16,18336,18336,18337,,,,18380,18347,18362,16,1:15,18363,18378,16,1:15,18364,18379,16,1:15,,,0,,,,0,,,,0,,,,0,,1,10,15,17,1,,,,
asymmetric,4,264,6,bt,2,16,29760,16,18383,18383,18384,,,,18427,18394,18409,16,1:15,18410,18425,16,1:15,18411,18426,16,1:15,,,0,,,,0,,,,0,,,,0,,1,10,15,17,1,,,,
asymmetric,4,265,6,bt,3,0,29888,16,18430,18430,18431,,,,18474,18441,18456,16,1:15,18457,18472,16,1:15,18458,18473,16,1:15,,,0,,,,0,,,,0,,,,0,,1,10,15,17,1,,,,
asymmetric,4,266,6,bt,3,16,30016,16,18477,18477,18478,,,,18521,18488,18503,16,1:15,18504,18519,16,1:15,18505,18520,16,1:15,,,0,,,,0,,,,0,,,,0,,1,10,15,17,1,,,,
asymmetric,4,267,6,bt,4,0,30144,16,18524,18524,18525,,,,18568,18535,18550,16,1:15,18551,18566,16,1:15,18552,18567,16,1:15,,,0,,,,0,,,,0,,,,0,,1,10,15,17,1,,,,
asymmetric,4,268,6,bt,4,16,30272,16,18571,18571,18572,,,,18615,18582,18597,16,1:15,18598,18613,16,1:15,18599,18614,16,1:15,,,0,,,,0,,,,0,,,,0,,1,10,15,17,1,,,,
asymmetric,4,269,6,bt,5,0,30400,16,18618,18618,18619,,,,18662,18629,18644,16,1:15,18645,18660,16,1:15,18646,18661,16,1:15,,,0,,,,0,,,,0,,,,0,,1,10,15,17,1,,,,
asymmetric,4,270,6,bt,5,16,30528,16,18665,18665,18666,,,,18709,18676,18691,16,1:15,18692,18707,16,1:15,18693,18708,16,1:15,,,0,,,,0,,,,0,,,,0,,1,10,15,17,1,,,,
asymmetric,4,271,6,bt,6,0,30656,16,18712,18712,18713,,,,18756,18723,18738,16,1:15,18739,18754,16,1:15,18740,18755,16,1:15,,,0,,,,0,,,,0,,,,0,,1,10,15,17,1,,,,
asymmetric,4,272,6,bt,6,16,30784,16,18759,18759,18760,,,,18803,18770,18785,16,1:15,18786,18801,16,1:15,18787,18802,16,1:15,,,0,,,,0,,,,0,,,,0,,1,10,15,17,1,,,,
asymmetric,4,273,6,bt,7,0,30912,16,18806,18806,18807,,,,18850,18817,18832,16,1:15,18833,18848,16,1:15,18834,18849,16,1:15,,,0,,,,0,,,,0,,,,0,,1,10,15,17,1,,,,
asymmetric,4,274,6,bt,7,16,31040,16,18853,18853,18854,,,,18897,18864,18879,16,1:15,18880,18895,16,1:15,18881,18896,16,1:15,,,0,,,,0,,,,0,,,,0,,1,10,15,17,1,,,,
asymmetric,4,275,6,c,0,0,33280,4,19987,19987,,20008,20007,20019,20020,,,0,,,,0,,,,0,,19989,20004,4,5:3,19991,20006,4,5:3,19992,20007,4,5:3,20008,20011,4,1:3,,,,,,20,4,8,1
asymmetric,4,276,6,c,1,0,33536,4,20023,20023,,20044,20043,20055,20056,,,0,,,,0,,,,0,,20025,20040,4,5:3,20027,20042,4,5:3,20028,20043,4,5:3,20044,20047,4,1:3,,,,,,20,4,8,1
asymmetric,4,277,6,c,2,0,33792,4,20059,20059,,20080,20079,20091,20092,,,0,,,,0,,,,0,,20061,20076,4,5:3,20063,20078,4,5:3,20064,20079,4,5:3,20080,20083,4,1:3,,,,,,20,4,8,1
asymmetric,4,278,6,c,3,0,34048,4,20095,20095,,20116,20115,20127,20128,,,0,,,,0,,,,0,,20097,20112,4,5:3,20099,20114,4,5:3,20100,20115,4,5:3,20116,20119,4,1:3,,,,,,20,4,8,1
asymmetric,4,279,6,c,4,0,34304,4,20131,20131,,20152,20151,20163,20164,,,0,,,,0,,,,0,,20133,20148,4,5:3,20135,20150,4,5:3,20136,20151,4,5:3,20152,20155,4,1:3,,,,,,20,4,8,1
asymmetric,4,280,6,c,5,0,34560,4,20167,20167,,20188,20187,20199,20200,,,0,,,,0,,,,0,,20169,20184,4,5:3,20171,20186,4,5:3,20172,20187,4,5:3,20188,20191,4,1:3,,,,,,20,4,8,1
asymmetric,4,281,6,c,6,0,34816,4,20203,20203,,20224,20223,20235,20236,,,0,,,,0,,,,0,,20205,20220,4,5:3,20207,20222,4,5:3,20208,20223,4,5:3,20224,20227,4,1:3,,,,,,20,4,8,1
asymmetric,4,282,6,c,7,0,35072,4,20239,20239,,20260,20259,20271,20272,,,0,,,,0,,,,0,,20241,20256,4,5:3,20243,20258,4,5:3,20244,20259,4,5:3,20260,20263,4,1:3,,,,,,20,4,8,1
asymmetric,4,283,7,a,0,0,64,16,20281,20281,20282,,,,20325,20292,20307,16,1:15,20308,20323,16,1:15,20309,20324,16,1:15,,,0,,,,0,,,,0,,,,0,,1,10,15,17,1,,,,
asymmetric,4,284,7,a,0,16,192,16,20328,20328,20329,,,,20372,20339,20354,16,1:15,20355,20370,16,1:15,20356,20371,16,1:15,,,0,,,,0,,,,0,,,,0,,1,10,15,17,1,,,,
asymmetric,4,285,7,a,1,0,320,16,20375,20375,20376,,,,20419,20386,20401,16,1:15,20402,20417,16,1:15,20403,20418,16,1:15,,,0,,,,0,,,,0,,,,0,,1,10,15,17,1,,,,
asymmetric,4,286,7,a,1,16,448,16,20422,20422,20423,,,,20466,20433,20448,16,1:15,20449,20464,16,1:15,20450,20465,16,1:15,,,0,,,,0,,,,0,,,,0,,1,10,15,17,1,,,,
asymmetric,4,287,7,a,2,0,576,16,20469,20469,20470,,,,20513,20480,20495,16,1:15,20496,20511,16,1:15,20497,20512,16,1:15,,,0,,,,0,,,,0,,,,0,,1,10,15,17,1,,,,
asymmetric,4,288,7,a,2,16,704,16,20516,20516,20517,,,,20560,20527,20542,16,1:15,20543,20558,16,1:15,20544,20559,16,1:15,,,0,,,,0,,,,0,,,,0,,1,10,15,17,1,,,,
asymmetric,4,289,7,a,3,0,832,16,20563,20563,20564,,,,20607,20574,20589,16,1:15,20590,20605,16,1:15,20591,20606,16,1:15,,,0,,,,0,,,,0,,,,0,,1,10,15,17,1,,,,
asymmetric,4,290,7,a,3,16,960,16,20610,20610,20611,,,,20654,20621,20636,16,1:15,20637,20652,16,1:15,20638,20653,16,1:15,,,0,,,,0,,,,0,,,,0,,1,10,15,17,1,,,,
asymmetric,4,291,7,a,4,0,1088,16,20657,20657,20658,,,,20701,20668,20683,16,1:15,20684,20699,16,1:15,20685,20700,16,1:15,,,0,,,,0,,,,0,,,,0,,1,10,15,17,1,,,,
asymmetric,4,292,7,a,4,16,1216,16,20704,20704,20705,,,,20748,20715,20730,16,1:15,20731,20746,16,1:15,20732,20747,16,1:15,,,0,,,,0,,,,0,,,,0,,1,10,15,17,1,,,,
asymmetric,4,293,7,a,5,0,1344,16,20751,20751,20752,,,,20795,20762,20777,16,1:15,20778,20793,16,1:15,20779,20794,16,1:15,,,0,,,,0,,,,0,,,,0,,1,10,15,17,1,,,,
asymmetric,4,294,7,a,5,16,1472,16,20798,20798,20799,,,,20842,20809,20824,16,1:15,20825,20840,16,1:15,20826,20841,16,1:15,,,0,,,,0,,,,0,,,,0,,1,10,15,17,1,,,,
asymmetric,4,295,7,a,6,0,1600,16,20845,20845,20846,,,,20889,20856,20871,16,1:15,20872,20887,16,1:15,20873,20888,16,1:15,,,0,,,,0,,,,0,,,,0,,1,10,15,17,1,,,,
asymmetric,4,296,7,a,6,16,1728,16,20892,20892,20893,,,,20936,20903,20918,16,1:15,20919,20934,16,1:15,20920,20935,16,1:15,,,0,,,,0,,,,0,,,,0,,1,10,15,17,1,,,,
asymmetric,4,297,7,a,7,0,1856,16,20939,20939,20940,,,,20983,20950,20965,16,1:15,20966,20981,16,1:15,20967,20982,16,1:15,,,0,,,,0,,,,0,,,,0,,1,10,15,17,1,,,,
asymmetric,4,298,7,a,7,16,1984,16,20986,20986,20987,,,,21030,20997,21012,16,1:15,21013,21028,16,1:15,21014,21029,16,1:15,,,0,,,,0,,,,0,,,,0,,1,10,15,17,1,,,,
asymmetric,4,299,7,bt,0,0,31168,16,21038,21038,21039,,,,21082,21049,21064,16,1:15,21065,21080,16,1:15,21066,21081,16,1:15,,,0,,,,0,,,,0,,,,0,,1,10,15,17,1,,,,
asymmetric,4,300,7,bt,0,16,31296,16,21085,21085,21086,,,,21129,21096,21111,16,1:15,21112,21127,16,1:15,21113,21128,16,1:15,,,0,,,,0,,,,0,,,,0,,1,10,15,17,1,,,,
asymmetric,4,301,7,bt,1,0,31424,16,21132,21132,21133,,,,21176,21143,21158,16,1:15,21159,21174,16,1:15,21160,21175,16,1:15,,,0,,,,0,,,,0,,,,0,,1,10,15,17,1,,,,
asymmetric,4,302,7,bt,1,16,31552,16,21179,21179,21180,,,,21223,21190,21205,16,1:15,21206,21221,16,1:15,21207,21222,16,1:15,,,0,,,,0,,,,0,,,,0,,1,10,15,17,1,,,,
asymmetric,4,303,7,bt,2,0,31680,16,21226,21226,21227,,,,21270,21237,21252,16,1:15,21253,21268,16,1:15,21254,21269,16,1:15,,,0,,,,0,,,,0,,,,0,,1,10,15,17,1,,,,
asymmetric,4,304,7,bt,2,16,31808,16,21273,21273,21274,,,,21317,21284,21299,16,1:15,21300,21315,16,1:15,21301,21316,16,1:15,,,0,,,,0,,,,0,,,,0,,1,10,15,17,1,,,,
asymmetric,4,305,7,bt,3,0,31936,16,21320,21320,21321,,,,21364,21331,21346,16,1:15,21347,21362,16,1:15,21348,21363,16,1:15,,,0,,,,0,,,,0,,,,0,,1,10,15,17,1,,,,
asymmetric,4,306,7,bt,3,16,32064,16,21367,21367,21368,,,,21411,21378,21393,16,1:15,21394,21409,16,1:15,21395,21410,16,1:15,,,0,,,,0,,,,0,,,,0,,1,10,15,17,1,,,,
asymmetric,4,307,7,bt,4,0,32192,16,21414,21414,21415,,,,21458,21425,21440,16,1:15,21441,21456,16,1:15,21442,21457,16,1:15,,,0,,,,0,,,,0,,,,0,,1,10,15,17,1,,,,
asymmetric,4,308,7,bt,4,16,32320,16,21461,21461,21462,,,,21505,21472,21487,16,1:15,21488,21503,16,1:15,21489,21504,16,1:15,,,0,,,,0,,,,0,,,,0,,1,10,15,17,1,,,,
asymmetric,4,309,7,bt,5,0,32448,16,21508,21508,21509,,,,21552,21519,21534,16,1:15,21535,21550,16,1:15,21536,21551,16,1:15,,,0,,,,0,,,,0,,,,0,,1,10,15,17,1,,,,
asymmetric,4,310,7,bt,5,16,32576,16,21555,21555,21556,,,,21599,21566,21581,16,1:15,21582,21597,16,1:15,21583,21598,16,1:15,,,0,,,,0,,,,0,,,,0,,1,10,15,17,1,,,,
asymmetric,4,311,7,bt,6,0,32704,8,21602,21602,21603,,,,21630,21613,21620,8,1:7,21621,21628,8,1:7,21622,21629,8,1:7,,,0,,,,0,,,,0,,,,0,,1,10,7,9,1,,,,
asymmetric,4,312,7,bt,6,8,32768,16,21633,21633,21634,,,,21677,21644,21659,16,1:15,21660,21675,16,1:15,21661,21676,16,1:15,,,0,,,,0,,,,0,,,,0,,1,10,15,17,1,,,,
asymmetric,4,313,7,bt,6,24,32896,8,21680,21680,21681,,,,21708,21691,21698,8,1:7,21699,21706,8,1:7,21700,21707,8,1:7,,,0,,,,0,,,,0,,,,0,,1,10,7,9,1,,,,
asymmetric,4,314,7,c,0,0,33312,4,22798,22798,,22819,22818,22830,22831,,,0,,,,0,,,,0,,22800,22815,4,5:3,22802,22817,4,5:3,22803,22818,4,5:3,22819,22822,4,1:3,,,,,,20,4,8,1
asymmetric,4,315,7,c,1,0,33568,4,22834,22834,,22855,22854,22866,22867,,,0,,,,0,,,,0,,22836,22851,4,5:3,22838,22853,4,5:3,22839,22854,4,5:3,22855,22858,4,1:3,,,,,,20,4,8,1
asymmetric,4,316,7,c,2,0,33824,4,22870,22870,,22891,22890,22902,22903,,,0,,,,0,,,,0,,22872,22887,4,5:3,22874,22889,4,5:3,22875,22890,4,5:3,22891,22894,4,1:3,,,,,,20,4,8,1
asymmetric,4,317,7,c,3,0,34080,4,22906,22906,,22927,22926,22938,22939,,,0,,,,0,,,,0,,22908,22923,4,5:3,22910,22925,4,5:3,22911,22926,4,5:3,22927,22930,4,1:3,,,,,,20,4,8,1
asymmetric,4,318,7,c,4,0,34336,4,22942,22942,,22963,22962,22974,22975,,,0,,,,0,,,,0,,22944,22959,4,5:3,22946,22961,4,5:3,22947,22962,4,5:3,22963,22966,4,1:3,,,,,,20,4,8,1
asymmetric,4,319,7,c,5,0,34592,4,22978,22978,,22999,22998,23010,23011,,,0,,,,0,,,,0,,22980,22995,4,5:3,22982,22997,4,5:3,22983,22998,4,5:3,22999,23002,4,1:3,,,,,,20,4,8,1
asymmetric,4,320,7,c,6,0,34848,4,23014,23014,,23035,23034,23046,23047,,,0,,,,0,,,,0,,23016,23031,4,5:3,23018,23033,4,5:3,23019,23034,4,5:3,23035,23038,4,1:3,,,,,,20,4,8,1
asymmetric,4,321,7,c,7,0,35104,4,23050,23050,,23071,23070,23082,23083,,,0,,,,0,,,,0,,23052,23067,4,5:3,23054,23069,4,5:3,23055,23070,4,5:3,23071,23074,4,1:3,,,,,,20,4,8,1
asymmetric,4,322,8,a,0,0,2112,16,23092,23092,23093,,,,23136,23103,23118,16,1:15,23119,23134,16,1:15,23120,23135,16,1:15,,,0,,,,0,,,,0,,,,0,,1,10,15,17,1,,,,
asymmetric,4,323,8,a,0,16,2240,16,23139,23139,23140,,,,23183,23150,23165,16,1:15,23166,23181,16,1:15,23167,23182,16,1:15,,,0,,,,0,,,,0,,,,0,,1,10,15,17,1,,,,
asymmetric,4,324,8,a,1,0,2368,16,23186,23186,23187,,,,23230,23197,23212,16,1:15,23213,23228,16,1:15,23214,23229,16,1:15,,,0,,,,0,,,,0,,,,0,,1,10,15,17,1,,,,
asymmetric,4,325,8,a,1,16,2496,16,23233,23233,23234,,,,23277,23244,23259,16,1:15,23260,23275,16,1:15,23261,23276,16,1:15,,,0,,,,0,,,,0,,,,0,,1,10,15,17,1,,,,
asymmetric,4,326,8,a,2,0,2624,16,23280,23280,23281,,,,23324,23291,23306,16,1:15,23307,23322,16,1:15,23308,23323,16,1:15,,,0,,,,0,,,,0,,,,0,,1,10,15,17,1,,,,
asymmetric,4,327,8,a,2,16,2752,16,23327,23327,23328,,,,23371,23338,23353,16,1:15,23354,23369,16,1:15,23355,23370,16,1:15,,,0,,,,0,,,,0,,,,0,,1,10,15,17,1,,,,
asymmetric,4,328,8,a,3,0,2880,16,23374,23374,23375,,,,23418,23385,23400,16,1:15,23401,23416,16,1:15,23402,23417,16,1:15,,,0,,,,0,,,,0,,,,0,,1,10,15,17,1,,,,
asymmetric,4,329,8,a,3,16,3008,16,23421,23421,23422,,,,23465,23432,23447,16,1:15,23448,23463,16,1:15,23449,23464,16,1:15,,,0,,,,0,,,,0,,,,0,,1,10,15,17,1,,,,
asymmetric,4,330,8,a,4,0,3136,16,23468,23468,23469,,,,23512,23479,23494,16,1:15,23495,23510,16,1:15,23496,23511,16,1:15,,,0,,,,0,,,,0,,,,0,,1,10,15,17,1,,,,
asymmetric,4,331,8,a,4,16,3264,16,23515,23515,23516,,,,23559,23526,23541,16,1:15,23542,23557,16,1:15,23543,23558,16,1:15,,,0,,,,0,,,,0,,,,0,,1,10,15,17,1,,,,
asymmetric,4,332,8,a,5,0,3392,16,23562,23562,23563,,,,23606,23573,23588,16,1:15,23589,23604,16,1:15,23590,23605,16,1:15,,,0,,,,0,,,,0,,,,0,,1,10,15,17,1,,,,
asymmetric,4,333,8,a,5,16,3520,16,23609,23609,23610,,,,23653,23620,23635,16,1:15,23636,23651,16,1:15,23637,23652,16,1:15,,,0,,,,0,,,,0,,,,0,,1,10,15,17,1,,,,
asymmetric,4,334,8,a,6,0,3648,16,23656,23656,23657,,,,23700,23667,23682,16,1:15,23683,23698,16,1:15,23684,23699,16,1:15,,,0,,,,0,,,,0,,,,0,,1,10,15,17,1,,,,
asymmetric,4,335,8,a,6,16,3776,16,23703,23703,23704,,,,23747,23714,23729,16,1:15,23730,23745,16,1:15,23731,23746,16,1:15,,,0,,,,0,,,,0,,,,0,,1,10,15,17,1,,,,
asymmetric,4,336,8,a,7,0,3904,16,23750,23750,23751,,,,23794,23761,23776,16,1:15,23777,23792,16,1:15,23778,23793,16,1:15,,,0,,,,0,,,,0,,,,0,,1,10,15,17,1,,,,
asymmetric,4,337,8,a,7,16,4032,8,23797,23797,23798,,,,23825,23808,23815,8,1:7,23816,23823,8,1:7,23817,23824,8,1:7,,,0,,,,0,,,,0,,,,0,,1,10,7,9,1,,,,
asymmetric,4,338,8,a,7,24,4096,8,23828,23828,23829,,,,23856,23839,23846,8,1:7,23847,23854,8,1:7,23848,23855,8,1:7,,,0,,,,0,,,,0,,,,0,,1,10,7,9,1,,,,
asymmetric,4,339,8,bt,0,0,16832,16,23864,23864,23865,,,,23908,23875,23890,16,1:15,23891,23906,16,1:15,23892,23907,16,1:15,,,0,,,,0,,,,0,,,,0,,1,10,15,17,1,,,,
asymmetric,4,340,8,bt,0,16,16960,16,23911,23911,23912,,,,23955,23922,23937,16,1:15,23938,23953,16,1:15,23939,23954,16,1:15,,,0,,,,0,,,,0,,,,0,,1,10,15,17,1,,,,
asymmetric,4,341,8,bt,1,0,17088,16,23958,23958,23959,,,,24002,23969,23984,16,1:15,23985,24000,16,1:15,23986,24001,16,1:15,,,0,,,,0,,,,0,,,,0,,1,10,15,17,1,,,,
asymmetric,4,342,8,bt,1,16,17216,16,24005,24005,24006,,,,24049,24016,24031,16,1:15,24032,24047,16,1:15,24033,24048,16,1:15,,,0,,,,0,,,,0,,,,0,,1,10,15,17,1,,,,
asymmetric,4,343,8,bt,2,0,17344,16,24052,24052,24053,,,,24096,24063,24078,16,1:15,24079,24094,16,1:15,24080,24095,16,1:15,,,0,,,,0,,,,0,,,,0,,1,10,15,17,1,,,,
asymmetric,4,344,8,bt,2,16,17472,16,24099,24099,24100,,,,24143,24110,24125,16,1:15,24126,24141,16,1:15,24127,24142,16,1:15,,,0,,,,0,,,,0,,,,0,,1,10,15,17,1,,,,
asymmetric,4,345,8,bt,3,0,17600,16,24146,24146,24147,,,,24190,24157,24172,16,1:15,24173,24188,16,1:15,24174,24189,16,1:15,,,0,,,,0,,,,0,,,,0,,1,10,15,17,1,,,,
asymmetric,4,346,8,bt,3,16,17728,16,24193,24193,24194,,,,24237,24204,24219,16,1:15,24220,24235,16,1:15,24221,24236,16,1:15,,,0,,,,0,,,,0,,,,0,,1,10,15,17,1,,,,
asymmetric,4,347,8,bt,4,0,17856,16,24240,24240,24241,,,,24284,24251,24266,16,1:15,24267,24282,16,1:15,24268,24283,16,1:15,,,0,,,,0,,,,0,,,,0,,1,10,15,17,1,,,,
asymmetric,4,348,8,bt,4,16,17984,16,24287,24287,24288,,,,24331,24298,24313,16,1:15,24314,24329,16,1:15,24315,24330,16,1:15,,,0,,,,0,,,,0,,,,0,,1,10,15,17,1,,,,
asymmetric,4,349,8,bt,5,0,18112,16,24334,24334,24335,,,,24378,24345,24360,16,1:15,24361,24376,16,1:15,24362,24377,16,1:15,,,0,,,,0,,,,0,,,,0,,1,10,15,17,1,,,,
asymmetric,4,350,8,bt,5,16,18240,16,24381,24381,24382,,,,24425,24392,24407,16,1:15,24408,24423,16,1:15,24409,24424,16,1:15,,,0,,,,0,,,,0,,,,0,,1,10,15,17,1,,,,
asymmetric,4,351,8,bt,6,0,18368,16,24428,24428,24429,,,,24472,24439,24454,16,1:15,24455,24470,16,1:15,24456,24471,16,1:15,,,0,,,,0,,,,0,,,,0,,1,10,15,17,1,,,,
asymmetric,4,352,8,bt,6,16,18496,16,24475,24475,24476,,,,24519,24486,24501,16,1:15,24502,24517,16,1:15,24503,24518,16,1:15,,,0,,,,0,,,,0,,,,0,,1,10,15,17,1,,,,
asymmetric,4,353,8,bt,7,0,18624,16,24522,24522,24523,,,,24566,24533,24548,16,1:15,24549,24564,16,1:15,24550,24565,16,1:15,,,0,,,,0,,,,0,,,,0,,1,10,15,17,1,,,,
asymmetric,4,354,8,bt,7,16,18752,16,24569,24569,24570,,,,24613,24580,24595,16,1:15,24596,24611,16,1:15,24597,24612,16,1:15,,,0,,,,0,,,,0,,,,0,,1,10,15,17,1,,,,
asymmetric,4,355,8,c,0,0,35136,4,25703,25703,,25724,25723,25735,25736,,,0,,,,0,,,,0,,25705,25720,4,5:3,25707,25722,4,5:3,25708,25723,4,5:3,25724,25727,4,1:3,,,,,,20,4,8,1
asymmetric,4,356,8,c,1,0,35392,4,25739,25739,,25760,25759,25771,25772,,,0,,,,0,,,,0,,25741,25756,4,5:3,25743,25758,4,5:3,25744,25759,4,5:3,25760,25763,4,1:3,,,,,,20,4,8,1
asymmetric,4,357,8,c,2,0,35648,4,25775,25775,,25796,25795,25807,25808,,,0,,,,0,,,,0,,25777,25792,4,5:3,25779,25794,4,5:3,25780,25795,4,5:3,25796,25799,4,1:3,,,,,,20,4,8,1
asymmetric,4,358,8,c,3,0,35904,4,25811,25811,,25832,25831,25843,25844,,,0,,,,0,,,,0,,25813,25828,4,5:3,25815,25830,4,5:3,25816,25831,4,5:3,25832,25835,4,1:3,,,,,,20,4,8,1
asymmetric,4,359,8,c,4,0,36160,4,25847,25847,,25868,25867,25879,25880,,,0,,,,0,,,,0,,25849,25864,4,5:3,25851,25866,4,5:3,25852,25867,4,5:3,25868,25871,4,1:3,,,,,,20,4,8,1
asymmetric,4,360,8,c,5,0,36416,4,25883,25883,,25904,25903,25915,25916,,,0,,,,0,,,,0,,25885,25900,4,5:3,25887,25902,4,5:3,25888,25903,4,5:3,25904,25907,4,1:3,,,,,,20,4,8,1
asymmetric,4,361,8,c,6,0,36672,4,25919,25919,,25940,25939,25951,25952,,,0,,,,0,,,,0,,25921,25936,4,5:3,25923,25938,4,5:3,25924,25939,4,5:3,25940,25943,4,1:3,,,,,,20,4,8,1
asymmetric,4,362,8,c,7,0,36928,4,25955,25955,,25976,25975,25987,25988,,,0,,,,0,,,,0,,25957,25972,4,5:3,25959,25974,4,5:3,25960,25975,4,5:3,25976,25979,4,1:3,,,,,,20,4,8,1
asymmetric,4,363,9,a,0,0,2112,16,25997,25997,25998,,,,26041,26008,26023,16,1:15,26024,26039,16,1:15,26025,26040,16,1:15,,,0,,,,0,,,,0,,,,0,,1,10,15,17,1,,,,
asymmetric,4,364,9,a,0,16,2240,16,26044,26044,26045,,,,26088,26055,26070,16,1:15,26071,26086,16,1:15,26072,26087,16,1:15,,,0,,,,0,,,,0,,,,0,,1,10,15,17,1,,,,
asymmetric,4,365,9,a,1,0,2368,16,26091,26091,26092,,,,26135,26102,26117,16,1:15,26118,26133,16,1:15,26119,26134,16,1:15,,,0,,,,0,,,,0,,,,0,,1,10,15,17,1,,,,
asymmetric,4,366,9,a,1,16,2496,16,26138,26138,26139,,,,26182,26149,26164,16,1:15,26165,26180,16,1:15,26166,26181,16,1:15,,,0,,,,0,,,,0,,,,0,,1,10,15,17,1,,,,
asymmetric,4,367,9,a,2,0,2624,16,26185,26185,26186,,,,26229,26196,26211,16,1:15,26212,26227,16,1:15,26213,26228,16,1:15,,,0,,,,0,,,,0,,,,0,,1,10,15,17,1,,,,
asymmetric,4,368,9,a,2,16,2752,16,26232,26232,26233,,,,26276,26243,26258,16,1:15,26259,26274,16,1:15,26260,26275,16,1:15,,,0,,,,0,,,,0,,,,0,,1,10,15,17,1,,,,
asymmetric,4,369,9,a,3,0,2880,16,26279,26279,26280,,,,26323,26290,26305,16,1:15,26306,26321,16,1:15,26307,26322,16,1:15,,,0,,,,0,,,,0,,,,0,,1,10,15,17,1,,,,
asymmetric,4,370,9,a,3,16,3008,16,26326,26326,26327,,,,26370,26337,26352,16,1:15,26353,26368,16,1:15,26354,26369,16,1:15,,,0,,,,0,,,,0,,,,0,,1,10,15,17,1,,,,
asymmetric,4,371,9,a,4,0,3136,16,26373,26373,26374,,,,26417,26384,26399,16,1:15,26400,26415,16,1:15,26401,26416,16,1:15,,,0,,,,0,,,,0,,,,0,,1,10,15,17,1,,,,
asymmetric,4,372,9,a,4,16,3264,16,26420,26420,26421,,,,26464,26431,26446,16,1:15,26447,26462,16,1:15,26448,26463,16,1:15,,,0,,,,0,,,,0,,,,0,,1,10,15,17,1,,,,
asymmetric,4,373,9,a,5,0,3392,16,26467,26467,26468,,,,26511,26478,26493,16,1:15,26494,26509,16,1:15,26495,26510,16,1:15,,,0,,,,0,,,,0,,,,0,,1,10,15,17,1,,,,
asymmetric,4,374,9,a,5,16,3520,16,26514,26514,26515,,,,26558,26525,26540,16,1:15,26541,26556,16,1:15,26542,26557,16,1:15,,,0,,,,0,,,,0,,,,0,,1,10,15,17,1,,,,
asymmetric,4,375,9,a,6,0,3648,16,26561,26561,26562,,,,26605,26572,26587,16,1:15,26588,26603,16,1:15,26589,26604,16,1:15,,,0,,,,0,,,,0,,,,0,,1,10,15,17,1,,,,
asymmetric,4,376,9,a,6,16,3776,16,26608,26608,26609,,,,26652,26619,26634,16,1:15,26635,26650,16,1:15,26636,26651,16,1:15,,,0,,,,0,,,,0,,,,0,,1,10,15,17,1,,,,
asymmetric,4,377,9,a,7,0,3904,16,26655,26655,26656,,,,26699,26666,26681,16,1:15,26682,26697,16,1:15,26683,26698,16,1:15,,,0,,,,0,,,,0,,,,0,,1,10,15,17,1,,,,
asymmetric,4,378,9,a,7,16,4032,8,26702,26702,26703,,,,26730,26713,26720,8,1:7,26721,26728,8,1:7,26722,26729,8,1:7,,,0,,,,0,,,,0,,,,0,,1,10,7,9,1,,,,
asymmetric,4,379,9,a,7,24,4096,8,26733,26733,26734,,,,26761,26744,26751,8,1:7,26752,26759,8,1:7,26753,26760,8,1:7,,,0,,,,0,,,,0,,,,0,,1,10,7,9,1,,,,
asymmetric,4,380,9,bt,0,0,18880,16,26769,26769,26770,,,,26813,26780,26795,16,1:15,26796,26811,16,1:15,26797,26812,16,1:15,,,0,,,,0,,,,0,,,,0,,1,10,15,17,1,,,,
asymmetric,4,381,9,bt,0,16,19008,16,26816,26816,26817,,,,26860,26827,26842,16,1:15,26843,26858,16,1:15,26844,26859,16,1:15,,,0,,,,0,,,,0,,,,0,,1,10,15,17,1,,,,
asymmetric,4,382,9,bt,1,0,19136,16,26863,26863,26864,,,,26907,26874,26889,16,1:15,26890,26905,16,1:15,26891,26906,16,1:15,,,0,,,,0,,,,0,,,,0,,1,10,15,17,1,,,,
asymmetric,4,383,9,bt,1,16,19264,16,26910,26910,26911,,,,26954,26921,26936,16,1:15,26937,26952,16,1:15,26938,26953,16,1:15,,,0,,,,0,,,,0,,,,0,,1,10,15,17,1,,,,
asymmetric,4,384,9,bt,2,0,19392,16,26957,26957,26958,,,,27001,26968,26983,16,1:15,26984,26999,16,1:15,26985,27000,16,1:15,,,0,,,,0,,,,0,,,,0,,1,10,15,17,1,,,,
asymmetric,4,385,9,bt,2,16,19520,16,27004,27004,27005,,,,27048,27015,27030,16,1:15,27031,27046,16,1:15,27032,27047,16,1:15,,,0,,,,0,,,,0,,,,0,,1,10,15,17,1,,,,
asymmetric,4,386,9,bt,3,0,19648,16,27051,27051,27052,,,,27095,27062,27077,16,1:15,27078,27093,16,1:15,27079,27094,16,1:15,,,0,,,,0,,,,0,,,,0,,1,10,15,17,1,,,,
asymmetric,4,387,9,bt,3,16,19776,16,27098,27098,27099,,,,27142,27109,27124,16,1:15,27125,27140,16,1:15,27126,27141,16,1:15,,,0,,,,0,,,,0,,,,0,,1,10,15,17,1,,,,
asymmetric,4,388,9,bt,4,0,19904,16,27145,27145,27146,,,,27189,27156,27171,16,1:15,27172,27187,16,1:15,27173,27188,16,1:15,,,0,,,,0,,,,0,,,,0,,1,10,15,17,1,,,,
asymmetric,4,389,9,bt,4,16,20032,16,27192,27192,27193,,,,27236,27203,27218,16,1:15,27219,27234,16,1:15,27220,27235,16,1:15,,,0,,,,0,,,,0,,,,0,,1,10,15,17,1,,,,
asymmetric,4,390,9,bt,5,0,20160,16,27239,27239,27240,,,,27283,27250,27265,16,1:15,27266,27281,16,1:15,27267,27282,16,1:15,,,0,,,,0,,,,0,,,,0,,1,10,15,17,1,,,,
asymmetric,4,391,9,bt,5,16,20288,16,27286,27286,27287,,,,27330,27297,27312,16,1:15,27313,27328,16,1:15,27314,27329,16,1:15,,,0,,,,0,,,,0,,,,0,,1,10,15,17,1,,,,
asymmetric,4,392,9,bt,6,0,20416,8,27333,27333,27334,,,,27361,27344,27351,8,1:7,27352,27359,8,1:7,27353,27360,8,1:7,,,0,,,,0,,,,0,,,,0,,1,10,7,9,1,,,,
asymmetric,4,393,9,bt,6,8,20480,16,27364,27364,27365,,,,27408,27375,27390,16,1:15,27391,27406,16,1:15,27392,27407,16,1:15,,,0,,,,0,,,,0,,,,0,,1,10,15,17,1,,,,
asymmetric,4,394,9,bt,6,24,20608,8,27411,27411,27412,,,,27439,27422,27429,8,1:7,27430,27437,8,1:7,27431,27438,8,1:7,,,0,,,,0,,,,0,,,,0,,1,10,7,9,1,,,,
asymmetric,4,395,9,bt,7,0,20672,16,27442,27442,27443,,,,27486,27453,27468,16,1:15,27469,27484,16,1:15,27470,27485,16,1:15,,,0,,,,0,,,,0,,,,0,,1,10,15,17,1,,,,
asymmetric,4,396,9,bt,7,16,20800,16,27489,27489,27490,,,,27533,27500,27515,16,1:15,27516,27531,16,1:15,27517,27532,16,1:15,,,0,,,,0,,,,0,,,,0,,1,10,15,17,1,,,,
asymmetric,4,397,9,c,0,0,35168,4,28623,28623,,28644,28643,28655,28656,,,0,,,,0,,,,0,,28625,28640,4,5:3,28627,28642,4,5:3,28628,28643,4,5:3,28644,28647,4,1:3,,,,,,20,4,8,1
asymmetric,4,398,9,c,1,0,35424,4,28659,28659,,28680,28679,28691,28692,,,0,,,,0,,,,0,,28661,28676,4,5:3,28663,28678,4,5:3,28664,28679,4,5:3,28680,28683,4,1:3,,,,,,20,4,8,1
asymmetric,4,399,9,c,2,0,35680,4,28695,28695,,28716,28715,28727,28728,,,0,,,,0,,,,0,,28697,28712,4,5:3,28699,28714,4,5:3,28700,28715,4,5:3,28716,28719,4,1:3,,,,,,20,4,8,1
asymmetric,4,400,9,c,3,0,35936,4,28731,28731,,28752,28751,28763,28764,,,0,,,,0,,,,0,,28733,28748,4,5:3,28735,28750,4,5:3,28736,28751,4,5:3,28752,28755,4,1:3,,,,,,20,4,8,1
asymmetric,4,401,9,c,4,0,36192,4,28767,28767,,28788,28787,28799,28800,,,0,,,,0,,,,0,,28769,28784,4,5:3,28771,28786,4,5:3,28772,28787,4,5:3,28788,28791,4,1:3,,,,,,20,4,8,1
asymmetric,4,402,9,c,5,0,36448,4,28803,28803,,28824,28823,28835,28836,,,0,,,,0,,,,0,,28805,28820,4,5:3,28807,28822,4,5:3,28808,28823,4,5:3,28824,28827,4,1:3,,,,,,20,4,8,1
asymmetric,4,403,9,c,6,0,36704,4,28839,28839,,28860,28859,28871,28872,,,0,,,,0,,,,0,,28841,28856,4,5:3,28843,28858,4,5:3,28844,28859,4,5:3,28860,28863,4,1:3,,,,,,20,4,8,1
asymmetric,4,404,9,c,7,0,36960,4,28875,28875,,28896,28895,28907,28908,,,0,,,,0,,,,0,,28877,28892,4,5:3,28879,28894,4,5:3,28880,28895,4,5:3,28896,28899,4,1:3,,,,,,20,4,8,1
asymmetric,4,405,10,a,0,0,2112,16,28917,28917,28918,,,,28961,28928,28943,16,1:15,28944,28959,16,1:15,28945,28960,16,1:15,,,0,,,,0,,,,0,,,,0,,1,10,15,17,1,,,,
asymmetric,4,406,10,a,0,16,2240,16,28964,28964,28965,,,,29008,28975,28990,16,1:15,28991,29006,16,1:15,28992,29007,16,1:15,,,0,,,,0,,,,0,,,,0,,1,10,15,17,1,,,,
asymmetric,4,407,10,a,1,0,2368,16,29011,29011,29012,,,,29055,29022,29037,16,1:15,29038,29053,16,1:15,29039,29054,16,1:15,,,0,,,,0,,,,0,,,,0,,1,10,15,17,1,,,,
asymmetric,4,408,10,a,1,16,2496,16,29058,29058,29059,,,,29102,29069,29084,16,1:15,29085,29100,16,1:15,29086,29101,16,1:15,,,0,,,,0,,,,0,,,,0,,1,10,15,17,1,,,,
asymmetric,4,409,10,a,2,0,2624,16,29105,29105,29106,,,,29149,29116,29131,16,1:15,29132,29147,16,1:15,29133,29148,16,1:15,,,0,,,,0,,,,0,,,,0,,1,10,15,17,1,,,,
asymmetric,4,410,10,a,2,16,2752,16,29152,29152,29153,,,,29196,29163,29178,16,1:15,29179,29194,16,1:15,29180,29195,16,1:15,,,0,,,,0,,,,0,,,,0,,1,10,15,17,1,,,,
asymmetric,4,411,10,a,3,0,2880,16,29199,29199,29200,,,,29243,29210,29225,16,1:15,29226,29241,16,1:15,29227,29242,16,1:15,,,0,,,,0,,,,0,,,,0,,1,10,15,17,1,,,,
asymmetric,4,412,10,a,3,16,3008,16,29246,29246,29247,,,,29290,29257,29272,16,1:15,29273,29288,16,1:15,29274,29289,16,1:15,,,0,,,,0,,,,0,,,,0,,1,10,15,17,1,,,,
asymmetric,4,413,10,a,4,0,3136,16,29293,29293,29294,,,,29337,29304,29319,16,1:15,29320,29335,16,1:15,29321,29336,16,1:15,,,0,,,,0,,,,0,,,,0,,1,10,15,17,1,,,,
asymmetric,4,414,10,a,4,16,3264,16,29340,29340,29341,,,,29384,29351,29366,16,1:15,29367,29382,16,1:15,29368,29383,16,1:15,,,0,,,,0,,,,0,,,,0,,1,10,15,17,1,,,,
asymmetric,4,415,10,a,5,0,3392,16,29387,29387,29388,,,,29431,29398,29413,16,1:15,29414,29429,16,1:15,29415,29430,16,1:15,,,0,,,,0,,,,0,,,,0,,1,10,15,17,1,,,,
asymmetric,4,416,10,a,5,16,3520,16,29434,29434,29435,,,,29478,29445,29460,16,1:15,29461,29476,16,1:15,29462,29477,16,1:15,,,0,,,,0,,,,0,,,,0,,1,10,15,17,1,,,,
asymmetric,4,417,10,a,6,0,3648,16,29481,29481,29482,,,,29525,29492,29507,16,1:15,29508,29523,16,1:15,29509,29524,16,1:15,,,0,,,,0,,,,0,,,,0,,1,10,15,17,1,,,,
asymmetric,4,418,10,a,6,16,3776,16,29528,29528,29529,,,,29572,29539,29554,16,1:15,29555,29570,16,1:15,29556,29571,16,1:15,,,0,,,,0,,,,0,,,,0,,1,10,15,17,1,,,,
asymmetric,4,419,10,a,7,0,3904,16,29575,29575,29576,,,,29619,29586,29601,16,1:15,29602,29617,16,1:15,29603,29618,16,1:15,,,0,,,,0,,,,0,,,,0,,1,10,15,17,1,,,,
asymmetric,4,420,10,a,7,16,4032,8,29622,29622,29623,,,,29650,29633,29640,8,1:7,29641,29648,8,1:7,29642,29649,8,1:7,,,0,,,,0,,,,0,,,,0,,1,10,7,9,1,,,,
asymmetric,4,421,10,a,7,24,4096,8,29653,29653,29654,,,,29681,29664,29671,8,1:7,29672,29679,8,1:7,29673,29680,8,1:7,,,0,,,,0,,,,0,,,,0,,1,10,7,9,1,,,,
asymmetric,4,422,10,bt,0,0,20928,16,29689,29689,29690,,,,29733,29700,29715,16,1:15,29716,29731,16,1:15,29717,29732,16,1:15,,,0,,,,0,,,,0,,,,0,,1,10,15,17,1,,,,
asymmetric,4,423,10,bt,0,16,21056,16,29736,29736,29737,,,,29780,29747,29762,16,1:15,29763,29778,16,1:15,29764,29779,16,1:15,,,0,,,,0,,,,0,,,,0,,1,10,15,17,1,,,,
asymmetric,4,424,10,bt,1,0,21184,16,29783,29783,29784,,,,29827,29794,29809,16,1:15,29810,29825,16,1:15,29811,29826,16,1:15,,,0,,,,0,,,,0,,,,0,,1,10,15,17,1,,,,
asymmetric,4,425,10,bt,1,16,21312,16,29830,29830,29831,,,,29874,29841,29856,16,1:15,29857,29872,16,1:15,29858,29873,16,1:15,,,0,,,,0,,,,0,,,,0,,1,10,15,17,1,,,,
asymmetric,4,426,10,bt,2,0,21440,16,29877,29877,29878,,,,29921,29888,29903,16,1:15,29904,29919,16,1:15,29905,29920,16,1:15,,,0,,,,0,,,,0,,,,0,,1,10,15,17,1,,,,
asymmetric,4,427,10,bt,2,16,21568,16,29924,29924,29925,,,,29968,29935,29950,16,1:15,29951,29966,16,1:15,29952,29967,16,1:15,,,0,,,,0,,,,0,,,,0,,1,10,15,17,1,,,,
asymmetric,4,428,10,bt,3,0,21696,16,29971,29971,29972,,,,30015,29982,29997,16,1:15,29998,30013,16,1:15,29999,30014,16,1:15,,,0,,,,0,,,,0,,,,0,,1,10,15,17,1,,,,
asymmetric,4,429,10,bt,3,16,21824,16,30018,30018,30019,,,,30062,30029,30044,16,1:15,30045,30060,16,1:15,30046,30061,16,1:15,,,0,,,,0,,,,0,,,,0,,1,10,15,17,1,,,,
asymmetric,4,430,10,bt,4,0,21952,16,30065,30065,30066,,,,30109,30076,30091,16,1:15,30092,30107,16,1:15,30093,30108,16,1:15,,,0,,,,0,,,,0,,,,0,,1,10,15,17,1,,,,
asymmetric,4,431,10,bt,4,16,22080,16,30112,30112,30113,,,,30156,30123,30138,16,1:15,30139,30154,16,1:15,30140,30155,16,1:15,,,0,,,,0,,,,0,,,,0,,1,10,15,17,1,,,,
asymmetric,4,432,10,bt,5,0,22208,16,30159,30159,30160,,,,30203,30170,30185,16,1:15,30186,30201,16,1:15,30187,30202,16,1:15,,,0,,,,0,,,,0,,,,0,,1,10,15,17,1,,,,
asymmetric,4,433,10,bt,5,16,22336,16,30206,30206,30207,,,,30250,30217,30232,16,1:15,30233,30248,16,1:15,30234,30249,16,1:15,,,0,,,,0,,,,0,,,,0,,1,10,15,17,1,,,,
asymmetric,4,434,10,bt,6,0,22464,16,30253,30253,30254,,,,30297,30264,30279,16,1:15,30280,30295,16,1:15,30281,30296,16,1:15,,,0,,,,0,,,,0,,,,0,,1,10,15,17,1,,,,
asymmetric,4,435,10,bt,6,16,22592,16,30300,30300,30301,,,,30344,30311,30326,16,1:15,30327,30342,16,1:15,30328,30343,16,1:15,,,0,,,,0,,,,0,,,,0,,1,10,15,17,1,,,,
asymmetric,4,436,10,bt,7,0,22720,16,30347,30347,30348,,,,30391,30358,30373,16,1:15,30374,30389,16,1:15,30375,30390,16,1:15,,,0,,,,0,,,,0,,,,0,,1,10,15,17,1,,,,
asymmetric,4,437,10,bt,7,16,22848,16,30394,30394,30395,,,,30438,30405,30420,16,1:15,30421,30436,16,1:15,30422,30437,16,1:15,,,0,,,,0,,,,0,,,,0,,1,10,15,17,1,,,,
asymmetric,4,438,10,c,0,0,35200,4,31528,31528,,31549,31548,31560,31561,,,0,,,,0,,,,0,,31530,31545,4,5:3,31532,31547,4,5:3,31533,31548,4,5:3,31549,31552,4,1:3,,,,,,20,4,8,1
asymmetric,4,439,10,c,1,0,35456,4,31564,31564,,31585,31584,31596,31597,,,0,,,,0,,,,0,,31566,31581,4,5:3,31568,31583,4,5:3,31569,31584,4,5:3,31585,31588,4,1:3,,,,,,20,4,8,1
asymmetric,4,440,10,c,2,0,35712,4,31600,31600,,31621,31620,31632,31633,,,0,,,,0,,,,0,,31602,31617,4,5:3,31604,31619,4,5:3,31605,31620,4,5:3,31621,31624,4,1:3,,,,,,20,4,8,1
asymmetric,4,441,10,c,3,0,35968,4,31636,31636,,31657,31656,31668,31669,,,0,,,,0,,,,0,,31638,31653,4,5:3,31640,31655,4,5:3,31641,31656,4,5:3,31657,31660,4,1:3,,,,,,20,4,8,1
asymmetric,4,442,10,c,4,0,36224,4,31672,31672,,31693,31692,31704,31705,,,0,,,,0,,,,0,,31674,31689,4,5:3,31676,31691,4,5:3,31677,31692,4,5:3,31693,31696,4,1:3,,,,,,20,4,8,1
asymmetric,4,443,10,c,5,0,36480,4,31708,31708,,31729,31728,31740,31741,,,0,,,,0,,,,0,,31710,31725,4,5:3,31712,31727,4,5:3,31713,31728,4,5:3,31729,31732,4,1:3,,,,,,20,4,8,1
asymmetric,4,444,10,c,6,0,36736,4,31744,31744,,31765,31764,31776,31777,,,0,,,,0,,,,0,,31746,31761,4,5:3,31748,31763,4,5:3,31749,31764,4,5:3,31765,31768,4,1:3,,,,,,20,4,8,1
asymmetric,4,445,10,c,7,0,36992,4,31780,31780,,31801,31800,31812,31813,,,0,,,,0,,,,0,,31782,31797,4,5:3,31784,31799,4,5:3,31785,31800,4,5:3,31801,31804,4,1:3,,,,,,20,4,8,1
asymmetric,4,446,11,a,0,0,2112,16,31822,31822,31823,,,,31866,31833,31848,16,1:15,31849,31864,16,1:15,31850,31865,16,1:15,,,0,,,,0,,,,0,,,,0,,1,10,15,17,1,,,,
asymmetric,4,447,11,a,0,16,2240,16,31869,31869,31870,,,,31913,31880,31895,16,1:15,31896,31911,16,1:15,31897,31912,16,1:15,,,0,,,,0,,,,0,,,,0,,1,10,15,17,1,,,,
asymmetric,4,448,11,a,1,0,2368,16,31916,31916,31917,,,,31960,31927,31942,16,1:15,31943,31958,16,1:15,31944,31959,16,1:15,,,0,,,,0,,,,0,,,,0,,1,10,15,17,1,,,,
asymmetric,4,449,11,a,1,16,2496,16,31963,31963,31964,,,,32007,31974,31989,16,1:15,31990,32005,16,1:15,31991,32006,16,1:15,,,0,,,,0,,,,0,,,,0,,1,10,15,17,1,,,,
asymmetric,4,450,11,a,2,0,2624,16,32010,32010,32011,,,,32054,32021,32036,16,1:15,32037,32052,16,1:15,32038,32053,16,1:15,,,0,,,,0,,,,0,,,,0,,1,10,15,17,1,,,,
asymmetric,4,451,11,a,2,16,2752,16,32057,32057,32058,,,,32101,32068,32083,16,1:15,32084,32099,16,1:15,32085,32100,16,1:15,,,0,,,,0,,,,0,,,,0,,1,10,15,17,1,,,,
asymmetric,4,452,11,a,3,0,2880,16,32104,32104,32105,,,,32148,32115,32130,16,1:15,32131,32146,16,1:15,32132,32147,16,1:15,,,0,,,,0,,,,0,,,,0,,1,10,15,17,1,,,,
asymmetric,4,453,11,a,3,16,3008,16,32151,32151,32152,,,,32195,32162,32177,16,1:15,32178,32193,16,1:15,32179,32194,16,1:15,,,0,,,,0,,,,0,,,,0,,1,10,15,17,1,,,,
asymmetric,4,454,11,a,4,0,3136,16,32198,32198,32199,,,,32242,32209,32224,16,1:15,32225,32240,16,1:15,32226,32241,16,1:15,,,0,,,,0,,,,0,,,,0,,1,10,15,17,1,,,,
asymmetric,4,455,11,a,4,16,3264,16,32245,32245,32246,,,,32289,32256,32271,16,1:15,32272,32287,16,1:15,32273,32288,16,1:15,,,0,,,,0,,,,0,,,,0,,1,10,15,17,1,,,,
asymmetric,4,456,11,a,5,0,3392,16,32292,32292,32293,,,,32336,32303,32318,16,1:15,32319,32334,16,1:15,32320,32335,16,1:15,,,0,,,,0,,,,0,,,,0,,1,10,15,17,1,,,,
asymmetric,4,457,11,a,5,16,3520,16,32339,32339,32340,,,,32383,32350,32365,16,1:15,32366,32381,16,1:15,32367,32382,16,1:15,,,0,,,,0,,,,0,,,,0,,1,10,15,17,1,,,,
asymmetric,4,458,11,a,6,0,3648,16,32386,32386,32387,,,,32430,32397,32412,16,1:15,32413,32428,16,1:15,32414,32429,16,1:15,,,0,,,,0,,,,0,,,,0,,1,10,15,17,1,,,,
asymmetric,4,459,11,a,6,16,3776,16,32433,32433,32434,,,,32477,32444,32459,16,1:15,32460,32475,16,1:15,32461,32476,16,1:15,,,0,,,,0,,,,0,,,,0,,1,10,15,17,1,,,,
asymmetric,4,460,11,a,7,0,3904,16,32480,32480,32481,,,,32524,32491,32506,16,1:15,32507,32522,16,1:15,32508,32523,16,1:15,,,0,,,,0,,,,0,,,,0,,1,10,15,17,1,,,,
asymmetric,4,461,11,a,7,16,4032,8,32527,32527,32528,,,,32555,32538,32545,8,1:7,32546,32553,8,1:7,32547,32554,8,1:7,,,0,,,,0,,,,0,,,,0,,1,10,7,9,1,,,,
asymmetric,4,462,11,a,7,24,4096,8,32558,32558,32559,,,,32586,32569,32576,8,1:7,32577,32584,8,1:7,32578,32585,8,1:7,,,0,,,,0,,,,0,,,,0,,1,10,7,9,1,,,,
asymmetric,4,463,11,bt,0,0,22976,16,32594,32594,32595,,,,32638,32605,32620,16,1:15,32621,32636,16,1:15,32622,32637,16,1:15,,,0,,,,0,,,,0,,,,0,,1,10,15,17,1,,,,
asymmetric,4,464,11,bt,0,16,23104,16,32641,32641,32642,,,,32685,32652,32667,16,1:15,32668,32683,16,1:15,32669,32684,16,1:15,,,0,,,,0,,,,0,,,,0,,1,10,15,17,1,,,,
asymmetric,4,465,11,bt,1,0,23232,16,32688,32688,32689,,,,32732,32699,32714,16,1:15,32715,32730,16,1:15,32716,32731,16,1:15,,,0,,,,0,,,,0,,,,0,,1,10,15,17,1,,,,
asymmetric,4,466,11,bt,1,16,23360,16,32735,32735,32736,,,,32779,32746,32761,16,1:15,32762,32777,16,1:15,32763,32778,16,1:15,,,0,,,,0,,,,0,,,,0,,1,10,15,17,1,,,,
asymmetric,4,467,11,bt,2,0,23488,16,32782,32782,32783,,,,32826,32793,32808,16,1:15,32809,32824,16,1:15,32810,32825,16,1:15,,,0,,,,0,,,,0,,,,0,,1,10,15,17,1,,,,
asymmetric,4,468,11,bt,2,16,23616,16,32829,32829,32830,,,,32873,32840,32855,16,1:15,32856,32871,16,1:15,32857,32872,16,1:15,,,0,,,,0,,,,0,,,,0,,1,10,15,17,1,,,,
asymmetric,4,469,11,bt,3,0,23744,16,32876,32876,32877,,,,32920,32887,32902,16,1:15,32903,32918,16,1:15,32904,32919,16,1:15,,,0,,,,0,,,,0,,,,0,,1,10,15,17,1,,,,
asymmetric,4,470,11,bt,3,16,23872,16,32923,32923,32924,,,,32967,32934,32949,16,1:15,32950,32965,16,1:15,32951,32966,16,1:15,,,0,,,,0,,,,0,,,,0,,1,10,15,17,1,,,,
asymmetric,4,471,11,bt,4,0,24000,16,32970,32970,32971,,,,33014,32981,32996,16,1:15,32997,33012,16,1:15,32998,33013,16,1:15,,,0,,,,0,,,,0,,,,0,,1,10,15,17,1,,,,
asymmetric,4,472,11,bt,4,16,24128,16,33017,33017,33018,,,,33061,33028,33043,16,1:15,33044,33059,16,1:15,33045,33060,16,1:15,,,0,,,,0,,,,0,,,,0,,1,10,15,17,1,,,,
asymmetric,4,473,11,bt,5,0,24256,16,33064,33064,33065,,,,33108,33075,33090,16,1:15,33091,33106,16,1:15,33092,33107,16,1:15,,,0,,,,0,,,,0,,,,0,,1,10,15,17,1,,,,
asymmetric,4,474,11,bt,5,16,24384,16,33111,33111,33112,,,,33155,33122,33137,16,1:15,33138,33153,16,1:15,33139,33154,16,1:15,,,0,,,,0,,,,0,,,,0,,1,10,15,17,1,,,,
asymmetric,4,475,11,bt,6,0,24512,8,33158,33158,33159,,,,33186,33169,33176,8,1:7,33177,33184,8,1:7,33178,33185,8,1:7,,,0,,,,0,,,,0,,,,0,,1,10,7,9,1,,,,
asymmetric,4,476,11,bt,6,8,24576,16,33189,33189,33190,,,,33233,33200,33215,16,1:15,33216,33231,16,1:15,33217,33232,16,1:15,,,0,,,,0,,,,0,,,,0,,1,10,15,17,1,,,,
asymmetric,4,477,11,bt,6,24,24704,8,33236,33236,33237,,,,33264,33247,33254,8,1:7,33255,33262,8,1:7,33256,33263,8,1:7,,,0,,,,0,,,,0,,,,0,,1,10,7,9,1,,,,
asymmetric,4,478,11,bt,7,0,24768,16,33267,33267,33268,,,,33311,33278,33293,16,1:15,33294,33309,16,1:15,33295,33310,16,1:15,,,0,,,,0,,,,0,,,,0,,1,10,15,17,1,,,,
asymmetric,4,479,11,bt,7,16,24896,16,33314,33314,33315,,,,33358,33325,33340,16,1:15,33341,33356,16,1:15,33342,33357,16,1:15,,,0,,,,0,,,,0,,,,0,,1,10,15,17,1,,,,
asymmetric,4,480,11,c,0,0,35232,4,34448,34448,,34469,34468,34480,34481,,,0,,,,0,,,,0,,34450,34465,4,5:3,34452,34467,4,5:3,34453,34468,4,5:3,34469,34472,4,1:3,,,,,,20,4,8,1
asymmetric,4,481,11,c,1,0,35488,4,34484,34484,,34505,34504,34516,34517,,,0,,,,0,,,,0,,34486,34501,4,5:3,34488,34503,4,5:3,34489,34504,4,5:3,34505,34508,4,1:3,,,,,,20,4,8,1
asymmetric,4,482,11,c,2,0,35744,4,34520,34520,,34541,34540,34552,34553,,,0,,,,0,,,,0,,34522,34537,4,5:3,34524,34539,4,5:3,34525,34540,4,5:3,34541,34544,4,1:3,,,,,,20,4,8,1
asymmetric,4,483,11,c,3,0,36000,4,34556,34556,,34577,34576,34588,34589,,,0,,,,0,,,,0,,34558,34573,4,5:3,34560,34575,4,5:3,34561,34576,4,5:3,34577,34580,4,1:3,,,,,,20,4,8,1
asymmetric,4,484,11,c,4,0,36256,4,34592,34592,,34613,34612,34624,34625,,,0,,,,0,,,,0,,34594,34609,4,5:3,34596,34611,4,5:3,34597,34612,4,5:3,34613,34616,4,1:3,,,,,,20,4,8,1
asymmetric,4,485,11,c,5,0,36512,4,34628,34628,,34649,34648,34660,34661,,,0,,,,0,,,,0,,34630,34645,4,5:3,34632,34647,4,5:3,34633,34648,4,5:3,34649,34652,4,1:3,,,,,,20,4,8,1
asymmetric,4,486,11,c,6,0,36768,4,34664,34664,,34685,34684,34696,34697,,,0,,,,0,,,,0,,34666,34681,4,5:3,34668,34683,4,5:3,34669,34684,4,5:3,34685,34688,4,1:3,,,,,,20,4,8,1
asymmetric,4,487,11,c,7,0,37024,4,34700,34700,,34721,34720,34732,34733,,,0,,,,0,,,,0,,34702,34717,4,5:3,34704,34719,4,5:3,34705,34720,4,5:3,34721,34724,4,1:3,,,,,,20,4,8,1
asymmetric,4,488,12,a,0,0,2112,16,34742,34742,34743,,,,34786,34753,34768,16,1:15,34769,34784,16,1:15,34770,34785,16,1:15,,,0,,,,0,,,,0,,,,0,,1,10,15,17,1,,,,
asymmetric,4,489,12,a,0,16,2240,16,34789,34789,34790,,,,34833,34800,34815,16,1:15,34816,34831,16,1:15,34817,34832,16,1:15,,,0,,,,0,,,,0,,,,0,,1,10,15,17,1,,,,
asymmetric,4,490,12,a,1,0,2368,16,34836,34836,34837,,,,34880,34847,34862,16,1:15,34863,34878,16,1:15,34864,34879,16,1:15,,,0,,,,0,,,,0,,,,0,,1,10,15,17,1,,,,
asymmetric,4,491,12,a,1,16,2496,16,34883,34883,34884,,,,34927,34894,34909,16,1:15,34910,34925,16,1:15,34911,34926,16,1:15,,,0,,,,0,,,,0,,,,0,,1,10,15,17,1,,,,
asymmetric,4,492,12,a,2,0,2624,16,34930,34930,34931,,,,34974,34941,34956,16,1:15,34957,34972,16,1:15,34958,34973,16,1:15,,,0,,,,0,,,,0,,,,0,,1,10,15,17,1,,,,
asymmetric,4,493,12,a,2,16,2752,16,34977,34977,34978,,,,35021,34988,35003,16,1:15,35004,35019,16,1:15,35005,35020,16,1:15,,,0,,,,0,,,,0,,,,0,,1,10,15,17,1,,,,
asymmetric,4,494,12,a,3,0,2880,16,35024,35024,35025,,,,35068,35035,35050,16,1:15,35051,35066,16,1:15,35052,35067,16,1:15,,,0,,,,0,,,,0,,,,0,,1,10,15,17,1,,,,
asymmetric,4,495,12,a,3,16,3008,16,35071,35071,35072,,,,35115,35082,35097,16,1:15,35098,35113,16,1:15,35099,35114,16,1:15,,,0,,,,0,,,,0,,,,0,,1,10,15,17,1,,,,
asymmetric,4,496,12,a,4,0,3136,16,35118,35118,35119,,,,35162,35129,35144,16,1:15,35145,35160,16,1:15,35146,35161,16,1:15,,,0,,,,0,,,,0,,,,0,,1,10,15,17,1,,,,
asymmetric,4,497,12,a,4,16,3264,16,35165,35165,35166,,,,35209,35176,35191,16,1:15,35192,35207,16,1:15,35193,35208,16,1:15,,,0,,,,0,,,,0,,,,0,,1,10,15,17,1,,,,
asymmetric,4,498,12,a,5,0,3392,16,35212,35212,35213,,,,35256,35223,35238,16,1:15,35239,35254,16,1:15,35240,35255,16,1:15,,,0,,,,0,,,,0,,,,0,,1,10,15,17,1,,,,
asymmetric,4,499,12,a,5,16,3520,16,35259,35259,35260,,,,35303,35270,35285,16,1:15,35286,35301,16,1:15,35287,35302,16,1:15,,,0,,,,0,,,,0,,,,0,,1,10,15,17,1,,,,
asymmetric,4,500,12,a,6,0,3648,16,35306,35306,35307,,,,35350,35317,35332,16,1:15,35333,35348,16,1:15,35334,35349,16,1:15,,,0,,,,0,,,,0,,,,0,,1,10,15,17,1,,,,
asymmetric,4,501,12,a,6,16,3776,16,35353,35353,35354,,,,35397,35364,35379,16,1:15,35380,35395,16,1:15,35381,35396,16,1:15,,,0,,,,0,,,,0,,,,0,,1,10,15,17,1,,,,
asymmetric,4,502,12,a,7,0,3904,16,35400,35400,35401,,,,35444,35411,35426,16,1:15,35427,35442,16,1:15,35428,35443,16,1:15,,,0,,,,0,,,,0,,,,0,,1,10,15,17,1,,,,
asymmetric,4,503,12,a,7,16,4032,8,35447,35447,35448,,,,35475,35458,35465,8,1:7,35466,35473,8,1:7,35467,35474,8,1:7,,,0,,,,0,,,,0,,,,0,,1,10,7,9,1,,,,
asymmetric,4,504,12,a,7,24,4096,8,35478,35478,35479,,,,35506,35489,35496,8,1:7,35497,35504,8,1:7,35498,35505,8,1:7,,,0,,,,0,,,,0,,,,0,,1,10,7,9,1,,,,
asymmetric,4,505,12,bt,0,0,25024,16,35514,35514,35515,,,,35558,35525,35540,16,1:15,35541,35556,16,1:15,35542,35557,16,1:15,,,0,,,,0,,,,0,,,,0,,1,10,15,17,1,,,,
asymmetric,4,506,12,bt,0,16,25152,16,35561,35561,35562,,,,35605,35572,35587,16,1:15,35588,35603,16,1:15,35589,35604,16,1:15,,,0,,,,0,,,,0,,,,0,,1,10,15,17,1,,,,
asymmetric,4,507,12,bt,1,0,25280,16,35608,35608,35609,,,,35652,35619,35634,16,1:15,35635,35650,16,1:15,35636,35651,16,1:15,,,0,,,,0,,,,0,,,,0,,1,10,15,17,1,,,,
asymmetric,4,508,12,bt,1,16,25408,16,35655,35655,35656,,,,35699,35666,35681,16,1:15,35682,35697,16,1:15,35683,35698,16,1:15,,,0,,,,0,,,,0,,,,0,,1,10,15,17,1,,,,
asymmetric,4,509,12,bt,2,0,25536,16,35702,35702,35703,,,,35746,35713,35728,16,1:15,35729,35744,16,1:15,35730,35745,16,1:15,,,0,,,,0,,,,0,,,,0,,1,10,15,17,1,,,,
asymmetric,4,510,12,bt,2,16,25664,16,35749,35749,35750,,,,35793,35760,35775,16,1:15,35776,35791,16,1:15,35777,35792,16,1:15,,,0,,,,0,,,,0,,,,0,,1,10,15,17,1,,,,
asymmetric,4,511,12,bt,3,0,25792,16,35796,35796,35797,,,,35840,35807,35822,16,1:15,35823,35838,16,1:15,35824,35839,16,1:15,,,0,,,,0,,,,0,,,,0,,1,10,15,17,1,,,,
asymmetric,4,512,12,bt,3,16,25920,16,35843,35843,35844,,,,35887,35854,35869,16,1:15,35870,35885,16,1:15,35871,35886,16,1:15,,,0,,,,0,,,,0,,,,0,,1,10,15,17,1,,,,
asymmetric,4,513,12,bt,4,0,26048,16,35890,35890,35891,,,,35934,35901,35916,16,1:15,35917,35932,16,1:15,35918,35933,16,1:15,,,0,,,,0,,,,0,,,,0,,1,10,15,17,1,,,,
asymmetric,4,514,12,bt,4,16,26176,16,35937,35937,35938,,,,35981,35948,35963,16,1:15,35964,35979,16,1:15,35965,35980,16,1:15,,,0,,,,0,,,,0,,,,0,,1,10,15,17,1,,,,
asymmetric,4,515,12,bt,5,0,26304,16,35984,35984,35985,,,,36028,35995,36010,16,1:15,36011,36026,16,1:15,36012,36027,16,1:15,,,0,,,,0,,,,0,,,,0,,1,10,15,17,1,,,,
asymmetric,4,516,12,bt,5,16,26432,16,36031,36031,36032,,,,36075,36042,36057,16,1:15,36058,36073,16,1:15,36059,36074,16,1:15,,,0,,,,0,,,,0,,,,0,,1,10,15,17,1,,,,
asymmetric,4,517,12,bt,6,0,26560,16,36078,36078,36079,,,,36122,36089,36104,16,1:15,36105,36120,16,1:15,36106,36121,16,1:15,,,0,,,,0,,,,0,,,,0,,1,10,15,17,1,,,,
asymmetric,4,518,12,bt,6,16,26688,16,36125,36125,36126,,,,36169,36136,36151,16,1:15,36152,36167,16,1:15,36153,36168,16,1:15,,,0,,,,0,,,,0,,,,0,,1,10,15,17,1,,,,
asymmetric,4,519,12,bt,7,0,26816,16,36172,36172,36173,,,,36216,36183,36198,16,1:15,36199,36214,16,1:15,36200,36215,16,1:15,,,0,,,,0,,,,0,,,,0,,1,10,15,17,1,,,,
asymmetric,4,520,12,bt,7,16,26944,16,36219,36219,36220,,,,36263,36230,36245,16,1:15,36246,36261,16,1:15,36247,36262,16,1:15,,,0,,,,0,,,,0,,,,0,,1,10,15,17,1,,,,
asymmetric,4,521,12,c,0,0,35264,4,37353,37353,,37374,37373,37385,37386,,,0,,,,0,,,,0,,37355,37370,4,5:3,37357,37372,4,5:3,37358,37373,4,5:3,37374,37377,4,1:3,,,,,,20,4,8,1
asymmetric,4,522,12,c,1,0,35520,4,37389,37389,,37410,37409,37421,37422,,,0,,,,0,,,,0,,37391,37406,4,5:3,37393,37408,4,5:3,37394,37409,4,5:3,37410,37413,4,1:3,,,,,,20,4,8,1
asymmetric,4,523,12,c,2,0,35776,4,37425,37425,,37446,37445,37457,37458,,,0,,,,0,,,,0,,37427,37442,4,5:3,37429,37444,4,5:3,37430,37445,4,5:3,37446,37449,4,1:3,,,,,,20,4,8,1
asymmetric,4,524,12,c,3,0,36032,4,37461,37461,,37482,37481,37493,37494,,,0,,,,0,,,,0,,37463,37478,4,5:3,37465,37480,4,5:3,37466,37481,4,5:3,37482,37485,4,1:3,,,,,,20,4,8,1
asymmetric,4,525,12,c,4,0,36288,4,37497,37497,,37518,37517,37529,37530,,,0,,,,0,,,,0,,37499,37514,4,5:3,37501,37516,4,5:3,37502,37517,4,5:3,37518,37521,4,1:3,,,,,,20,4,8,1
asymmetric,4,526,12,c,5,0,36544,4,37533,37533,,37554,37553,37565,37566,,,0,,,,0,,,,0,,37535,37550,4,5:3,37537,37552,4,5:3,37538,37553,4,5:3,37554,37557,4,1:3,,,,,,20,4,8,1
asymmetric,4,527,12,c,6,0,36800,4,37569,37569,,37590,37589,37601,37602,,,0,,,,0,,,,0,,37571,37586,4,5:3,37573,37588,4,5:3,37574,37589,4,5:3,37590,37593,4,1:3,,,,,,20,4,8,1
asymmetric,4,528,12,c,7,0,37056,4,37605,37605,,37626,37625,37637,37638,,,0,,,,0,,,,0,,37607,37622,4,5:3,37609,37624,4,5:3,37610,37625,4,5:3,37626,37629,4,1:3,,,,,,20,4,8,1
asymmetric,4,529,13,a,0,0,2112,16,37647,37647,37648,,,,37691,37658,37673,16,1:15,37674,37689,16,1:15,37675,37690,16,1:15,,,0,,,,0,,,,0,,,,0,,1,10,15,17,1,,,,
asymmetric,4,530,13,a,0,16,2240,16,37694,37694,37695,,,,37738,37705,37720,16,1:15,37721,37736,16,1:15,37722,37737,16,1:15,,,0,,,,0,,,,0,,,,0,,1,10,15,17,1,,,,
asymmetric,4,531,13,a,1,0,2368,16,37741,37741,37742,,,,37785,37752,37767,16,1:15,37768,37783,16,1:15,37769,37784,16,1:15,,,0,,,,0,,,,0,,,,0,,1,10,15,17,1,,,,
asymmetric,4,532,13,a,1,16,2496,16,37788,37788,37789,,,,37832,37799,37814,16,1:15,37815,37830,16,1:15,37816,37831,16,1:15,,,0,,,,0,,,,0,,,,0,,1,10,15,17,1,,,,
asymmetric,4,533,13,a,2,0,2624,16,37835,37835,37836,,,,37879,37846,37861,16,1:15,37862,37877,16,1:15,37863,37878,16,1:15,,,0,,,,0,,,,0,,,,0,,1,10,15,17,1,,,,
asymmetric,4,534,13,a,2,16,2752,16,37882,37882,37883,,,,37926,37893,37908,16,1:15,37909,37924,16,1:15,37910,37925,16,1:15,,,0,,,,0,,,,0,,,,0,,1,10,15,17,1,,,,
asymmetric,4,535,13,a,3,0,2880,16,37929,37929,37930,,,,37973,37940,37955,16,1:15,37956,37971,16,1:15,37957,37972,16,1:15,,,0,,,,0,,,,0,,,,0,,1,10,15,17,1,,,,
asymmetric,4,536,13,a,3,16,3008,16,37976,37976,37977,,,,38020,37987,38002,16,1:15,38003,38018,16,1:15,38004,38019,16,1:15,,,0,,,,0,,,,0,,,,0,,1,10,15,17,1,,,,
asymmetric,4,537,13,a,4,0,3136,16,38023,38023,38024,,,,38067,38034,38049,16,1:15,38050,38065,16,1:15,38051,38066,16,1:15,,,0,,,,0,,,,0,,,,0,,1,10,15,17,1,,,,
asymmetric,4,538,13,a,4,16,3264,16,38070,38070,38071,,,,38114,38081,38096,16,1:15,38097,38112,16,1:15,38098,38113,16,1:15,,,0,,,,0,,,,0,,,,0,,1,10,15,17,1,,,,
asymmetric,4,539,13,a,5,0,3392,16,38117,38117,38118,,,,38161,38128,38143,16,1:15,38144,38159,16,1:15,38145,38160,16,1:15,,,0,,,,0,,,,0,,,,0,,1,10,15,17,1,,,,
asymmetric,4,540,13,a,5,16,3520,16,38164,38164,38165,,,,38208,38175,38190,16,1:15,38191,38206,16,1:15,38192,38207,16,1:15,,,0,,,,0,,,,0,,,,0,,1,10,15,17,1,,,,
asymmetric,4,541,13,a,6,0,3648,16,38211,38211,38212,,,,38255,38222,38237,16,1:15,38238,38253,16,1:15,38239,38254,16,1:15,,,0,,,,0,,,,0,,,,0,,1,10,15,17,1,,,,
asymmetric,4,542,13,a,6,16,3776,16,38258,38258,38259,,,,38302,38269,38284,16,1:15,38285,38300,16,1:15,38286,38301,16,1:15,,,0,,,,0,,,,0,,,,0,,1,10,15,17,1,,,,
asymmetric,4,543,13,a,7,0,3904,16,38305,38305,38306,,,,38349,38316,38331,16,1:15,38332,38347,16,1:15,38333,38348,16,1:15,,,0,,,,0,,,,0,,,,0,,1,10,15,17,1,,,,
asymmetric,4,544,13,a,7,16,4032,8,38352,38352,38353,,,,38380,38363,38370,8,1:7,38371,38378,8,1:7,38372,38379,8,1:7,,,0,,,,0,,,,0,,,,0,,1,10,7,9,1,,,,
asymmetric,4,545,13,a,7,24,4096,8,38383,38383,38384,,,,38411,38394,38401,8,1:7,38402,38409,8,1:7,38403,38410,8,1:7,,,0,,,,0,,,,0,,,,0,,1,10,7,9,1,,,,
asymmetric,4,546,13,bt,0,0,27072,16,38419,38419,38420,,,,38463,38430,38445,16,1:15,38446,38461,16,1:15,38447,38462,16,1:15,,,0,,,,0,,,,0,,,,0,,1,10,15,17,1,,,,
asymmetric,4,547,13,bt,0,16,27200,16,38466,38466,38467,,,,38510,38477,38492,16,1:15,38493,38508,16,1:15,38494,38509,16,1:15,,,0,,,,0,,,,0,,,,0,,1,10,15,17,1,,,,
asymmetric,4,548,13,bt,1,0,27328,16,38513,38513,38514,,,,38557,38524,38539,16,1:15,38540,38555,16,1:15,38541,38556,16,1:15,,,0,,,,0,,,,0,,,,0,,1,10,15,17,1,,,,
asymmetric,4,549,13,bt,1,16,27456,16,38560,38560,38561,,,,38604,38571,38586,16,1:15,38587,38602,16,1:15,38588,38603,16,1:15,,,0,,,,0,,,,0,,,,0,,1,10,15,17,1,,,,
asymmetric,4,550,13,bt,2,0,27584,16,38607,38607,38608,,,,38651,38618,38633,16,1:15,38634,38649,16,1:15,38635,38650,16,1:15,,,0,,,,0,,,,0,,,,0,,1,10,15,17,1,,,,
asymmetric,4,551,13,bt,2,16,27712,16,38654,38654,38655,,,,38698,38665,38680,16,1:15,38681,38696,16,1:15,38682,38697,16,1:15,,,0,,,,0,,,,0,,,,0,,1,10,15,17,1,,,,
asymmetric,4,552,13,bt,3,0,27840,16,38701,38701,38702,,,,38745,38712,38727,16,1:15,38728,38743,16,1:15,38729,38744,16,1:15,,,0,,,,0,,,,0,,,,0,,1,10,15,17,1,,,,
asymmetric,4,553,13,bt,3,16,27968,16,38748,38748,38749,,,,38792,38759,38774,16,1:15,38775,38790,16,1:15,38776,38791,16,1:15,,,0,,,,0,,,,0,,,,0,,1,10,15,17,1,,,,
asymmetric,4,554,13,bt,4,0,28096,16,38795,38795,38796,,,,38839,38806,38821,16,1:15,38822,38837,16,1:15,38823,38838,16,1:15,,,0,,,,0,,,,0,,,,0,,1,10,15,17,1,,,,
asymmetric,4,555,13,bt,4,16,28224,16,38842,38842,38843,,,,38886,38853,38868,16,1:15,38869,38884,16,1:15,38870,38885,16,1:15,,,0,,,,0,,,,0,,,,0,,1,10,15,17,1,,,,
asymmetric,4,556,13,bt,5,0,28352,16,38889,38889,38890,,,,38933,38900,38915,16,1:15,38916,38931,16,1:15,38917,38932,16,1:15,,,0,,,,0,,,,0,,,,0,,1,10,15,17,1,,,,
asymmetric,4,557,13,bt,5,16,28480,16,38936,38936,38937,,,,38980,38947,38962,16,1:15,38963,38978,16,1:15,38964,38979,16,1:15,,,0,,,,0,,,,0,,,,0,,1,10,15,17,1,,,,
asymmetric,4,558,13,bt,6,0,28608,8,38983,38983,38984,,,,39011,38994,39001,8,1:7,39002,39009,8,1:7,39003,39010,8,1:7,,,0,,,,0,,,,0,,,,0,,1,10,7,9,1,,,,
asymmetric,4,559,13,bt,6,8,28672,16,39014,39014,39015,,,,39058,39025,39040,16,1:15,39041,39056,16,1:15,39042,39057,16,1:15,,,0,,,,0,,,,0,,,,0,,1,10,15,17,1,,,,
asymmetric,4,560,13,bt,6,24,28800,8,39061,39061,39062,,,,39089,39072,39079,8,1:7,39080,39087,8,1:7,39081,39088,8,1:7,,,0,,,,0,,,,0,,,,0,,1,10,7,9,1,,,,
asymmetric,4,561,13,bt,7,0,28864,16,39092,39092,39093,,,,39136,39103,39118,16,1:15,39119,39134,16,1:15,39120,39135,16,1:15,,,0,,,,0,,,,0,,,,0,,1,10,15,17,1,,,,
asymmetric,4,562,13,bt,7,16,28992,16,39139,39139,39140,,,,39183,39150,39165,16,1:15,39166,39181,16,1:15,39167,39182,16,1:15,,,0,,,,0,,,,0,,,,0,,1,10,15,17,1,,,,
asymmetric,4,563,13,c,0,0,35296,4,40273,40273,,40294,40293,40305,40306,,,0,,,,0,,,,0,,40275,40290,4,5:3,40277,40292,4,5:3,40278,40293,4,5:3,40294,40297,4,1:3,,,,,,20,4,8,1
asymmetric,4,564,13,c,1,0,35552,4,40309,40309,,40330,40329,40341,40342,,,0,,,,0,,,,0,,40311,40326,4,5:3,40313,40328,4,5:3,40314,40329,4,5:3,40330,40333,4,1:3,,,,,,20,4,8,1
asymmetric,4,565,13,c,2,0,35808,4,40345,40345,,40366,40365,40377,40378,,,0,,,,0,,,,0,,40347,40362,4,5:3,40349,40364,4,5:3,40350,40365,4,5:3,40366,40369,4,1:3,,,,,,20,4,8,1
asymmetric,4,566,13,c,3,0,36064,4,40381,40381,,40402,40401,40413,40414,,,0,,,,0,,,,0,,40383,40398,4,5:3,40385,40400,4,5:3,40386,40401,4,5:3,40402,40405,4,1:3,,,,,,20,4,8,1
asymmetric,4,567,13,c,4,0,36320,4,40417,40417,,40438,40437,40449,40450,,,0,,,,0,,,,0,,40419,40434,4,5:3,40421,40436,4,5:3,40422,40437,4,5:3,40438,40441,4,1:3,,,,,,20,4,8,1
asymmetric,4,568,13,c,5,0,36576,4,40453,40453,,40474,40473,40485,40486,,,0,,,,0,,,,0,,40455,40470,4,5:3,40457,40472,4,5:3,40458,40473,4,5:3,40474,40477,4,1:3,,,,,,20,4,8,1
asymmetric,4,569,13,c,6,0,36832,4,40489,40489,,40510,40509,40521,40522,,,0,,,,0,,,,0,,40491,40506,4,5:3,40493,40508,4,5:3,40494,40509,4,5:3,40510,40513,4,1:3,,,,,,20,4,8,1
asymmetric,4,570,13,c,7,0,37088,4,40525,40525,,40546,40545,40557,40558,,,0,,,,0,,,,0,,40527,40542,4,5:3,40529,40544,4,5:3,40530,40545,4,5:3,40546,40549,4,1:3,,,,,,20,4,8,1
asymmetric,4,571,14,a,0,0,2112,16,40567,40567,40568,,,,40611,40578,40593,16,1:15,40594,40609,16,1:15,40595,40610,16,1:15,,,0,,,,0,,,,0,,,,0,,1,10,15,17,1,,,,
asymmetric,4,572,14,a,0,16,2240,16,40614,40614,40615,,,,40658,40625,40640,16,1:15,40641,40656,16,1:15,40642,40657,16,1:15,,,0,,,,0,,,,0,,,,0,,1,10,15,17,1,,,,
asymmetric,4,573,14,a,1,0,2368,16,40661,40661,40662,,,,40705,40672,40687,16,1:15,40688,40703,16,1:15,40689,40704,16,1:15,,,0,,,,0,,,,0,,,,0,,1,10,15,17,1,,,,
asymmetric,4,574,14,a,1,16,2496,16,40708,40708,40709,,,,40752,40719,40734,16,1:15,40735,40750,16,1:15,40736,40751,16,1:15,,,0,,,,0,,,,0,,,,0,,1,10,15,17,1,,,,
asymmetric,4,575,14,a,2,0,2624,16,40755,40755,40756,,,,40799,40766,40781,16,1:15,40782,40797,16,1:15,40783,40798,16,1:15,,,0,,,,0,,,,0,,,,0,,1,10,15,17,1,,,,
asymmetric,4,576,14,a,2,16,2752,16,40802,40802,40803,,,,40846,40813,40828,16,1:15,40829,40844,16,1:15,40830,40845,16,1:15,,,0,,,,0,,,,0,,,,0,,1,10,15,17,1,,,,
asymmetric,4,577,14,a,3,0,2880,16,40849,40849,40850,,,,40893,40860,40875,16,1:15,40876,40891,16,1:15,40877,40892,16,1:15,,,0,,,,0,,,,0,,,,0,,1,10,15,17,1,,,,
asymmetric,4,578,14,a,3,16,3008,16,40896,40896,40897,,,,40940,40907,40922,16,1:15,40923,40938,16,1:15,40924,40939,16,1:15,,,0,,,,0,,,,0,,,,0,,1,10,15,17,1,,,,
asymmetric,4,579,14,a,4,0,3136,16,40943,40943,40944,,,,40987,40954,40969,16,1:15,40970,40985,16,1:15,40971,40986,16,1:15,,,0,,,,0,,,,0,,,,0,,1,10,15,17,1,,,,
asymmetric,4,580,14,a,4,16,3264,16,40990,40990,40991,,,,41034,41001,41016,16,1:15,41017,41032,16,1:15,41018,41033,16,1:15,,,0,,,,0,,,,0,,,,0,,1,10,15,17,1,,,,
asymmetric,4,581,14,a,5,0,3392,16,41037,41037,41038,,,,41081,41048,41063,16,1:15,41064,41079,16,1:15,41065,41080,16,1:15,,,0,,,,0,,,,0,,,,0,,1,10,15,17,1,,,,
asymmetric,4,582,14,a,5,16,3520,16,41084,41084,41085,,,,41128,41095,41110,16,1:15,41111,41126,16,1:15,41112,41127,16,1:15,,,0,,,,0,,,,0,,,,0,,1,10,15,17,1,,,,
asymmetric,4,583,14,a,6,0,3648,16,41131,41131,41132,,,,41175,41142,41157,16,1:15,41158,41173,16,1:15,41159,41174,16,1:15,,,0,,,,0,,,,0,,,,0,,1,10,15,17,1,,,,
asymmetric,4,584,14,a,6,16,3776,16,41178,41178,41179,,,,41222,41189,41204,16,1:15,41205,41220,16,1:15,41206,41221,16,1:15,,,0,,,,0,,,,0,,,,0,,1,10,15,17,1,,,,
asymmetric,4,585,14,a,7,0,3904,16,41225,41225,41226,,,,41269,41236,41251,16,1:15,41252,41267,16,1:15,41253,41268,16,1:15,,,0,,,,0,,,,0,,,,0,,1,10,15,17,1,,,,
asymmetric,4,586,14,a,7,16,4032,8,41272,41272,41273,,,,41300,41283,41290,8,1:7,41291,41298,8,1:7,41292,41299,8,1:7,,,0,,,,0,,,,0,,,,0,,1,10,7,9,1,,,,
asymmetric,4,587,14,a,7,24,4096,8,41303,41303,41304,,,,41331,41314,41321,8,1:7,41322,41329,8,1:7,41323,41330,8,1:7,,,0,,,,0,,,,0,,,,0,,1,10,7,9,1,,,,
asymmetric,4,588,14,bt,0,0,29120,16,41339,41339,41340,,,,41383,41350,41365,16,1:15,41366,41381,16,1:15,41367,41382,16,1:15,,,0,,,,0,,,,0,,,,0,,1,10,15,17,1,,,,
asymmetric,4,589,14,bt,0,16,29248,16,41386,41386,41387,,,,41430,41397,41412,16,1:15,41413,41428,16,1:15,41414,41429,16,1:15,,,0,,,,0,,,,0,,,,0,,1,10,15,17,1,,,,
asymmetric,4,590,14,bt,1,0,29376,16,41433,41433,41434,,,,41477,41444,41459,16,1:15,41460,41475,16,1:15,41461,41476,16,1:15,,,0,,,,0,,,,0,,,,0,,1,10,15,17,1,,,,
asymmetric,4,591,14,bt,1,16,29504,16,41480,41480,41481,,,,41524,41491,41506,16,1:15,41507,41522,16,1:15,41508,41523,16,1:15,,,0,,,,0,,,,0,,,,0,,1,10,15,17,1,,,,
asymmetric,4,592,14,bt,2,0,29632,16,41527,41527,41528,,,,41571,41538,41553,16,1:15,41554,41569,16,1:15,41555,41570,16,1:15,,,0,,,,0,,,,0,,,,0,,1,10,15,17,1,,,,
asymmetric,4,593,14,bt,2,16,29760,16,41574,41574,41575,,,,41618,41585,41600,16,1:15,41601,41616,16,1:15,41602,41617,16,1:15,,,0,,,,0,,,,0,,,,0,,1,10,15,17,1,,,,
asymmetric,4,594,14,bt,3,0,29888,16,41621,41621,41622,,,,41665,41632,41647,16,1:15,41648,41663,16,1:15,41649,41664,16,1:15,,,0,,,,0,,,,0,,,,0,,1,10,15,17,1,,,,
asymmetric,4,595,14,bt,3,16,30016,16,41668,41668,41669,,,,41712,41679,41694,16,1:15,41695,41710,16,1:15,41696,41711,16,1:15,,,0,,,,0,,,,0,,,,0,,1,10,15,17,1,,,,
asymmetric,4,596,14,bt,4,0,30144,16,41715,41715,41716,,,,41759,41726,41741,16,1:15,41742,41757,16,1:15,41743,41758,16,1:15,,,0,,,,0,,,,0,,,,0,,1,10,15,17,1,,,,
asymmetric,4,597,14,bt,4,16,30272,16,41762,41762,41763,,,,41806,41773,41788,16,1:15,41789,41804,16,1:15,41790,41805,16,1:15,,,0,,,,0,,,,0,,,,0,,1,10,15,17,1,,,,
asymmetric,4,598,14,bt,5,0,30400,16,41809,41809,41810,,,,41853,41820,41835,16,1:15,41836,41851,16,1:15,41837,41852,16,1:15,,,0,,,,0,,,,0,,,,0,,1,10,15,17,1,,,,
asymmetric,4,599,14,bt,5,16,30528,16,41856,41856,41857,,,,41900,41867,41882,16,1:15,41883,41898,16,1:15,41884,41899,16,1:15,,,0,,,,0,,,,0,,,,0,,1,10,15,17,1,,,,
asymmetric,4,600,14,bt,6,0,30656,16,41903,41903,41904,,,,41947,41914,41929,16,1:15,41930,41945,16,1:15,41931,41946,16,1:15,,,0,,,,0,,,,0,,,,0,,1,10,15,17,1,,,,
asymmetric,4,601,14,bt,6,16,30784,16,41950,41950,41951,,,,41994,41961,41976,16,1:15,41977,41992,16,1:15,41978,41993,16,1:15,,,0,,,,0,,,,0,,,,0,,1,10,15,17,1,,,,
asymmetric,4,602,14,bt,7,0,30912,16,41997,41997,41998,,,,42041,42008,42023,16,1:15,42024,42039,16,1:15,42025,42040,16,1:15,,,0,,,,0,,,,0,,,,0,,1,10,15,17,1,,,,
asymmetric,4,603,14,bt,7,16,31040,16,42044,42044,42045,,,,42088,42055,42070,16,1:15,42071,42086,16,1:15,42072,42087,16,1:15,,,0,,,,0,,,,0,,,,0,,1,10,15,17,1,,,,
asymmetric,4,604,14,c,0,0,35328,4,43178,43178,,43199,43198,43210,43211,,,0,,,,0,,,,0,,43180,43195,4,5:3,43182,43197,4,5:3,43183,43198,4,5:3,43199,43202,4,1:3,,,,,,20,4,8,1
asymmetric,4,605,14,c,1,0,35584,4,43214,43214,,43235,43234,43246,43247,,,0,,,,0,,,,0,,43216,43231,4,5:3,43218,43233,4,5:3,43219,43234,4,5:3,43235,43238,4,1:3,,,,,,20,4,8,1
asymmetric,4,606,14,c,2,0,35840,4,43250,43250,,43271,43270,43282,43283,,,0,,,,0,,,,0,,43252,43267,4,5:3,43254,43269,4,5:3,43255,43270,4,5:3,43271,43274,4,1:3,,,,,,20,4,8,1
asymmetric,4,607,14,c,3,0,36096,4,43286,43286,,43307,43306,43318,43319,,,0,,,,0,,,,0,,43288,43303,4,5:3,43290,43305,4,5:3,43291,43306,4,5:3,43307,43310,4,1:3,,,,,,20,4,8,1
asymmetric,4,608,14,c,4,0,36352,4,43322,43322,,43343,43342,43354,43355,,,0,,,,0,,,,0,,43324,43339,4,5:3,43326,43341,4,5:3,43327,43342,4,5:3,43343,43346,4,1:3,,,,,,20,4,8,1
asymmetric,4,609,14,c,5,0,36608,4,43358,43358,,43379,43378,43390,43391,,,0,,,,0,,,,0,,43360,43375,4,5:3,43362,43377,4,5:3,43363,43378,4,5:3,43379,43382,4,1:3,,,,,,20,4,8,1
asymmetric,4,610,14,c,6,0,36864,4,43394,43394,,43415,43414,43426,43427,,,0,,,,0,,,,0,,43396,43411,4,5:3,43398,43413,4,5:3,43399,43414,4,5:3,43415,43418,4,1:3,,,,,,20,4,8,1
asymmetric,4,611,14,c,7,0,37120,4,43430,43430,,43451,43450,43462,43463,,,0,,,,0,,,,0,,43432,43447,4,5:3,43434,43449,4,5:3,43435,43450,4,5:3,43451,43454,4,1:3,,,,,,20,4,8,1
asymmetric,4,612,15,a,0,0,2112,16,43472,43472,43473,,,,43516,43483,43498,16,1:15,43499,43514,16,1:15,43500,43515,16,1:15,,,0,,,,0,,,,0,,,,0,,1,10,15,17,1,,,,
asymmetric,4,613,15,a,0,16,2240,16,43519,43519,43520,,,,43563,43530,43545,16,1:15,43546,43561,16,1:15,43547,43562,16,1:15,,,0,,,,0,,,,0,,,,0,,1,10,15,17,1,,,,
asymmetric,4,614,15,a,1,0,2368,16,43566,43566,43567,,,,43610,43577,43592,16,1:15,43593,43608,16,1:15,43594,43609,16,1:15,,,0,,,,0,,,,0,,,,0,,1,10,15,17,1,,,,
asymmetric,4,615,15,a,1,16,2496,16,43613,43613,43614,,,,43657,43624,43639,16,1:15,43640,43655,16,1:15,43641,43656,16,1:15,,,0,,,,0,,,,0,,,,0,,1,10,15,17,1,,,,
asymmetric,4,616,15,a,2,0,2624,16,43660,43660,43661,,,,43704,43671,43686,16,1:15,43687,43702,16,1:15,43688,43703,16,1:15,,,0,,,,0,,,,0,,,,0,,1,10,15,17,1,,,,
asymmetric,4,617,15,a,2,16,2752,16,43707,43707,43708,,,,43751,43718,43733,16,1:15,43734,43749,16,1:15,43735,43750,16,1:15,,,0,,,,0,,,,0,,,,0,,1,10,15,17,1,,,,
asymmetric,4,618,15,a,3,0,2880,16,43754,43754,43755,,,,43798,43765,43780,16,1:15,43781,43796,16,1:15,43782,43797,16,1:15,,,0,,,,0,,,,0,,,,0,,1,10,15,17,1,,,,
asymmetric,4,619,15,a,3,16,3008,16,43801,43801,43802,,,,43845,43812,43827,16,1:15,43828,43843,16,1:15,43829,43844,16,1:15,,,0,,,,0,,,,0,,,,0,,1,10,15,17,1,,,,
asymmetric,4,620,15,a,4,0,3136,16,43848,43848,43849,,,,43892,43859,43874,16,1:15,43875,43890,16,1:15,43876,43891,16,1:15,,,0,,,,0,,,,0,,,,0,,1,10,15,17,1,,,,
asymmetric,4,621,15,a,4,16,3264,16,43895,43895,43896,,,,43939,43906,43921,16,1:15,43922,43937,16,1:15,43923,43938,16,1:15,,,0,,,,0,,,,0,,,,0,,1,10,15,17,1,,,,
asymmetric,4,622,15,a,5,0,3392,16,43942,43942,43943,,,,43986,43953,43968,16,1:15,43969,43984,16,1:15,43970,43985,16,1:15,,,0,,,,0,,,,0,,,,0,,1,10,15,17,1,,,,
asymmetric,4,623,15,a,5,16,3520,16,43989,43989,43990,,,,44033,44000,44015,16,1:15,44016,44031,16,1:15,44017,44032,16,1:15,,,0,,,,0,,,,0,,,,0,,1,10,15,17,1,,,,
asymmetric,4,624,15,a,6,0,3648,16,44036,44036,44037,,,,44080,44047,44062,16,1:15,44063,44078,16,1:15,44064,44079,16,1:15,,,0,,,,0,,,,0,,,,0,,1,10,15,17,1,,,,
asymmetric,4,625,15,a,6,16,3776,16,44083,44083,44084,,,,44127,44094,44109,16,1:15,44110,44125,16,1:15,44111,44126,16,1:15,,,0,,,,0,,,,0,,,,0,,1,10,15,17,1,,,,
asymmetric,4,626,15,a,7,0,3904,16,44130,44130,44131,,,,44174,44141,44156,16,1:15,44157,44172,16,1:15,44158,44173,16,1:15,,,0,,,,0,,,,0,,,,0,,1,10,15,17,1,,,,
asymmetric,4,627,15,a,7,16,4032,8,44177,44177,44178,,,,44205,44188,44195,8,1:7,44196,44203,8,1:7,44197,44204,8,1:7,,,0,,,,0,,,,0,,,,0,,1,10,7,9,1,,,,
asymmetric,4,628,15,a,7,24,4096,8,44208,44208,44209,,,,44236,44219,44226,8,1:7,44227,44234,8,1:7,44228,44235,8,1:7,,,0,,,,0,,,,0,,,,0,,1,10,7,9,1,,,,
asymmetric,4,629,15,bt,0,0,31168,16,44244,44244,44245,,,,44288,44255,44270,16,1:15,44271,44286,16,1:15,44272,44287,16,1:15,,,0,,,,0,,,,0,,,,0,,1,10,15,17,1,,,,
asymmetric,4,630,15,bt,0,16,31296,16,44291,44291,44292,,,,44335,44302,44317,16,1:15,44318,44333,16,1:15,44319,44334,16,1:15,,,0,,,,0,,,,0,,,,0,,1,10,15,17,1,,,,
asymmetric,4,631,15,bt,1,0,31424,16,44338,44338,44339,,,,44382,44349,44364,16,1:15,44365,44380,16,1:15,44366,44381,16,1:15,,,0,,,,0,,,,0,,,,0,,1,10,15,17,1,,,,
asymmetric,4,632,15,bt,1,16,31552,16,44385,44385,44386,,,,44429,44396,44411,16,1:15,44412,44427,16,1:15,44413,44428,16,1:15,,,0,,,,0,,,,0,,,,0,,1,10,15,17,1,,,,
asymmetric,4,633,15,bt,2,0,31680,16,44432,44432,44433,,,,44476,44443,44458,16,1:15,44459,44474,16,1:15,44460,44475,16,1:15,,,0,,,,0,,,,0,,,,0,,1,10,15,17,1,,,,
asymmetric,4,634,15,bt,2,16,31808,16,44479,44479,44480,,,,44523,44490,44505,16,1:15,44506,44521,16,1:15,44507,44522,16,1:15,,,0,,,,0,,,,0,,,,0,,1,10,15,17,1,,,,
asymmetric,4,635,15,bt,3,0,31936,16,44526,44526,44527,,,,44570,44537,44552,16,1:15,44553,44568,16,1:15,44554,44569,16,1:15,,,0,,,,0,,,,0,,,,0,,1,10,15,17,1,,,,
asymmetric,4,636,15,bt,3,16,32064,16,44573,44573,44574,,,,44617,44584,44599,16,1:15,44600,44615,16,1:15,44601,44616,16,1:15,,,0,,,,0,,,,0,,,,0,,1,10,15,17,1,,,,
asymmetric,4,637,15,bt,4,0,32192,16,44620,44620,44621,,,,44664,44631,44646,16,1:15,44647,44662,16,1:15,44648,44663,16,1:15,,,0,,,,0,,,,0,,,,0,,1,10,15,17,1,,,,
asymmetric,4,638,15,bt,4,16,32320,16,44667,44667,44668,,,,44711,44678,44693,16,1:15,44694,44709,16,1:15,44695,44710,16,1:15,,,0,,,,0,,,,0,,,,0,,1,10,15,17,1,,,,
asymmetric,4,639,15,bt,5,0,32448,16,44714,44714,44715,,,,44758,44725,44740,16,1:15,44741,44756,16,1:15,44742,44757,16,1:15,,,0,,,,0,,,,0,,,,0,,1,10,15,17,1,,,,
asymmetric,4,640,15,bt,5,16,32576,16,44761,44761,44762,,,,44805,44772,44787,16,1:15,44788,44803,16,1:15,44789,44804,16,1:15,,,0,,,,0,,,,0,,,,0,,1,10,15,17,1,,,,
asymmetric,4,641,15,bt,6,0,32704,8,44808,44808,44809,,,,44836,44819,44826,8,1:7,44827,44834,8,1:7,44828,44835,8,1:7,,,0,,,,0,,,,0,,,,0,,1,10,7,9,1,,,,
asymmetric,4,642,15,bt,6,8,32768,16,44839,44839,44840,,,,44883,44850,44865,16,1:15,44866,44881,16,1:15,44867,44882,16,1:15,,,0,,,,0,,,,0,,,,0,,1,10,15,17,1,,,,
asymmetric,4,643,15,bt,6,24,32896,8,44886,44886,44887,,,,44914,44897,44904,8,1:7,44905,44912,8,1:7,44906,44913,8,1:7,,,0,,,,0,,,,0,,,,0,,1,10,7,9,1,,,,
asymmetric,4,644,15,c,0,0,35360,4,46004,46004,,46025,46024,46036,46037,,,0,,,,0,,,,0,,46006,46021,4,5:3,46008,46023,4,5:3,46009,46024,4,5:3,46025,46028,4,1:3,,,,,,20,4,8,1
asymmetric,4,645,15,c,1,0,35616,4,46040,46040,,46061,46060,46072,46073,,,0,,,,0,,,,0,,46042,46057,4,5:3,46044,46059,4,5:3,46045,46060,4,5:3,46061,46064,4,1:3,,,,,,20,4,8,1
asymmetric,4,646,15,c,2,0,35872,4,46076,46076,,46097,46096,46108,46109,,,0,,,,0,,,,0,,46078,46093,4,5:3,46080,46095,4,5:3,46081,46096,4,5:3,46097,46100,4,1:3,,,,,,20,4,8,1
asymmetric,4,647,15,c,3,0,36128,4,46112,46112,,46133,46132,46144,46145,,,0,,,,0,,,,0,,46114,46129,4,5:3,46116,46131,4,5:3,46117,46132,4,5:3,46133,46136,4,1:3,,,,,,20,4,8,1
asymmetric,4,648,15,c,4,0,36384,4,46148,46148,,46169,46168,46180,46181,,,0,,,,0,,,,0,,46150,46165,4,5:3,46152,46167,4,5:3,46153,46168,4,5:3,46169,46172,4,1:3,,,,,,20,4,8,1
asymmetric,4,649,15,c,5,0,36640,4,46184,46184,,46205,46204,46216,46217,,,0,,,,0,,,,0,,46186,46201,4,5:3,46188,46203,4,5:3,46189,46204,4,5:3,46205,46208,4,1:3,,,,,,20,4,8,1
asymmetric,4,650,15,c,6,0,36896,4,46220,46220,,46241,46240,46252,46253,,,0,,,,0,,,,0,,46222,46237,4,5:3,46224,46239,4,5:3,46225,46240,4,5:3,46241,46244,4,1:3,,,,,,20,4,8,1
asymmetric,4,651,15,c,7,0,37152,4,46256,46256,,46277,46276,46288,46289,,,0,,,,0,,,,0,,46258,46273,4,5:3,46260,46275,4,5:3,46261,46276,4,5:3,46277,46280,4,1:3,,,,,,20,4,8,1
asymmetric,4,652,16,a,0,0,4160,16,46298,46298,46299,,,,46342,46309,46324,16,1:15,46325,46340,16,1:15,46326,46341,16,1:15,,,0,,,,0,,,,0,,,,0,,1,10,15,17,1,,,,
asymmetric,4,653,16,a,0,16,4288,16,46345,46345,46346,,,,46389,46356,46371,16,1:15,46372,46387,16,1:15,46373,46388,16,1:15,,,0,,,,0,,,,0,,,,0,,1,10,15,17,1,,,,
asymmetric,4,654,16,a,1,0,4416,16,46392,46392,46393,,,,46436,46403,46418,16,1:15,46419,46434,16,1:15,46420,46435,16,1:15,,,0,,,,0,,,,0,,,,0,,1,10,15,17,1,,,,
asymmetric,4,655,16,a,1,16,4544,16,46439,46439,46440,,,,46483,46450,46465,16,1:15,46466,46481,16,1:15,46467,46482,16,1:15,,,0,,,,0,,,,0,,,,0,,1,10,15,17,1,,,,
asymmetric,4,656,16,a,2,0,4672,16,46486,46486,46487,,,,46530,46497,46512,16,1:15,46513,46528,16,1:15,46514,46529,16,1:15,,,0,,,,0,,,,0,,,,0,,1,10,15,17,1,,,,
asymmetric,4,657,16,a,2,16,4800,16,46533,46533,46534,,,,46577,46544,46559,16,1:15,46560,46575,16,1:15,46561,46576,16,1:15,,,0,,,,0,,,,0,,,,0,,1,10,15,17,1,,,,
asymmetric,4,658,16,a,3,0,4928,16,46580,46580,46581,,,,46624,46591,46606,16,1:15,46607,46622,16,1:15,46608,46623,16,1:15,,,0,,,,0,,,,0,,,,0,,1,10,15,17,1,,,,
asymmetric,4,659,16,a,3,16,5056,16,46627,46627,46628,,,,46671,46638,46653,16,1:15,46654,46669,16,1:15,46655,46670,16,1:15,,,0,,,,0,,,,0,,,,0,,1,10,15,17,1,,,,
asymmetric,4,660,16,a,4,0,5184,16,46674,46674,46675,,,,46718,46685,46700,16,1:15,46701,46716,16,1:15,46702,46717,16,1:15,,,0,,,,0,,,,0,,,,0,,1,10,15,17,1,,,,
asymmetric,4,661,16,a,4,16,5312,16,46721,46721,46722,,,,46765,46732,46747,16,1:15,46748,46763,16,1:15,46749,46764,16,1:15,,,0,,,,0,,,,0,,,,0,,1,10,15,17,1,,,,
asymmetric,4,662,16,a,5,0,5440,16,46768,46768,46769,,,,46812,46779,46794,16,1:15,46795,46810,16,1:15,46796,46811,16,1:15,,,0,,,,0,,,,0,,,,0,,1,10,15,17,1,,,,
asymmetric,4,663,16,a,5,16,5568,16,46815,46815,46816,,,,46859,46826,46841,16,1:15,46842,46857,16,1:15,46843,46858,16,1:15,,,0,,,,0,,,,0,,,,0,,1,10,15,17,1,,,,
asymmetric,4,664,16,a,6,0,5696,16,46862,46862,46863,,,,46906,46873,46888,16,1:15,46889,46904,16,1:15,46890,46905,16,1:15,,,0,,,,0,,,,0,,,,0,,1,10,15,17,1,,,,
asymmetric,4,665,16,a,6,16,5824,16,46909,46909,46910,,,,46953,46920,46935,16,1:15,46936,46951,16,1:15,46937,46952,16,1:15,,,0,,,,0,,,,0,,,,0,,1,10,15,17,1,,,,
asymmetric,4,666,16,a,7,0,5952,16,46956,46956,46957,,,,47000,46967,46982,16,1:15,46983,46998,16,1:15,46984,46999,16,1:15,,,0,,,,0,,,,0,,,,0,,1,10,15,17,1,,,,
asymmetric,4,667,16,a,7,16,6080,16,47003,47003,47004,,,,47047,47014,47029,16,1:15,47030,47045,16,1:15,47031,47046,16,1:15,,,0,,,,0,,,,0,,,,0,,1,10,15,17,1,,,,
asymmetric,4,668,16,bt,0,0,16832,16,47055,47055,47056,,,,47099,47066,47081,16,1:15,47082,47097,16,1:15,47083,47098,16,1:15,,,0,,,,0,,,,0,,,,0,,1,10,15,17,1,,,,
asymmetric,4,669,16,bt,0,16,16960,16,47102,47102,47103,,,,47146,47113,47128,16,1:15,47129,47144,16,1:15,47130,47145,16,1:15,,,0,,,,0,,,,0,,,,0,,1,10,15,17,1,,,,
asymmetric,4,670,16,bt,1,0,17088,16,47149,47149,47150,,,,47193,47160,47175,16,1:15,47176,47191,16,1:15,47177,47192,16,1:15,,,0,,,,0,,,,0,,,,0,,1,10,15,17,1,,,,
asymmetric,4,671,16,bt,1,16,17216,16,47196,47196,47197,,,,47240,47207,47222,16,1:15,47223,47238,16,1:15,47224,47239,16,1:15,,,0,,,,0,,,,0,,,,0,,1,10,15,17,1,,,,
asymmetric,4,672,16,bt,2,0,17344,16,47243,47243,47244,,,,47287,47254,47269,16,1:15,47270,47285,16,1:15,47271,47286,16,1:15,,,0,,,,0,,,,0,,,,0,,1,10,15,17,1,,,,
asymmetric,4,673,16,bt,2,16,17472,16,47290,47290,47291,,,,47334,47301,47316,16,1:15,47317,47332,16,1:15,47318,47333,16,1:15,,,0,,,,0,,,,0,,,,0,,1,10,15,17,1,,,,
asymmetric,4,674,16,bt,3,0,17600,16,47337,47337,47338,,,,47381,47348,47363,16,1:15,47364,47379,16,1:15,47365,47380,16,1:15,,,0,,,,0,,,,0,,,,0,,1,10,15,17,1,,,,
asymmetric,4,675,16,bt,3,16,17728,16,47384,47384,47385,,,,47428,47395,47410,16,1:15,47411,47426,16,1:15,47412,47427,16,1:15,,,0,,,,0,,,,0,,,,0,,1,10,15,17,1,,,,
asymmetric,4,676,16,bt,4,0,17856,16,47431,47431,47432,,,,47475,47442,47457,16,1:15,47458,47473,16,1:15,47459,47474,16,1:15,,,0,,,,0,,,,0,,,,0,,1,10,15,17,1,,,,
asymmetric,4,677,16,bt,4,16,17984,16,47478,47478,47479,,,,47522,47489,47504,16,1:15,47505,47520,16,1:15,47506,47521,16,1:15,,,0,,,,0,,,,0,,,,0,,1,10,15,17,1,,,,
asymmetric,4,678,16,bt,5,0,18112,16,47525,47525,47526,,,,47569,47536,47551,16,1:15,47552,47567,16,1:15,47553,47568,16,1:15,,,0,,,,0,,,,0,,,,0,,1,10,15,17,1,,,,
asymmetric,4,679,16,bt,5,16,18240,16,47572,47572,47573,,,,47616,47583,47598,16,1:15,47599,47614,16,1:15,47600,47615,16,1:15,,,0,,,,0,,,,0,,,,0,,1,10,15,17,1,,,,
asymmetric,4,680,16,bt,6,0,18368,16,47619,47619,47620,,,,47663,47630,47645,16,1:15,47646,47661,16,1:15,47647,47662,16,1:15,,,0,,,,0,,,,0,,,,0,,1,10,15,17,1,,,,
asymmetric,4,681,16,bt,6,16,18496,16,47666,47666,47667,,,,47710,47677,47692,16,1:15,47693,47708,16,1:15,47694,47709,16,1:15,,,0,,,,0,,,,0,,,,0,,1,10,15,17,1,,,,
asymmetric,4,682,16,bt,7,0,18624,16,47713,47713,47714,,,,47757,47724,47739,16,1:15,47740,47755,16,1:15,47741,47756,16,1:15,,,0,,,,0,,,,0,,,,0,,1,10,15,17,1,,,,
asymmetric,4,683,16,bt,7,16,18752,16,47760,47760,47761,,,,47804,47771,47786,16,1:15,47787,47802,16,1:15,47788,47803,16,1:15,,,0,,,,0,,,,0,,,,0,,1,10,15,17,1,,,,
asymmetric,4,684,16,c,0,0,37184,4,48894,48894,,48915,48914,48926,48927,,,0,,,,0,,,,0,,48896,48911,4,5:3,48898,48913,4,5:3,48899,48914,4,5:3,48915,48918,4,1:3,,,,,,20,4,8,1
asymmetric,4,685,16,c,1,0,37440,4,48930,48930,,48951,48950,48962,48963,,,0,,,,0,,,,0,,48932,48947,4,5:3,48934,48949,4,5:3,48935,48950,4,5:3,48951,48954,4,1:3,,,,,,20,4,8,1
asymmetric,4,686,16,c,2,0,37696,4,48966,48966,,48987,48986,48998,48999,,,0,,,,0,,,,0,,48968,48983,4,5:3,48970,48985,4,5:3,48971,48986,4,5:3,48987,48990,4,1:3,,,,,,20,4,8,1
asymmetric,4,687,16,c,3,0,37952,4,49002,49002,,49023,49022,49034,49035,,,0,,,,0,,,,0,,49004,49019,4,5:3,49006,49021,4,5:3,49007,49022,4,5:3,49023,49026,4,1:3,,,,,,20,4,8,1
asymmetric,4,688,16,c,4,0,38208,4,49038,49038,,49059,49058,49070,49071,,,0,,,,0,,,,0,,49040,49055,4,5:3,49042,49057,4,5:3,49043,49058,4,5:3,49059,49062,4,1:3,,,,,,20,4,8,1
asymmetric,4,689,16,c,5,0,38464,4,49074,49074,,49095,49094,49106,49107,,,0,,,,0,,,,0,,49076,49091,4,5:3,49078,49093,4,5:3,49079,49094,4,5:3,49095,49098,4,1:3,,,,,,20,4,8,1
asymmetric,4,690,16,c,6,0,38720,4,49110,49110,,49131,49130,49142,49143,,,0,,,,0,,,,0,,49112,49127,4,5:3,49114,49129,4,5:3,49115,49130,4,5:3,49131,49134,4,1:3,,,,,,20,4,8,1
asymmetric,4,691,16,c,7,0,38976,4,49146,49146,,49167,49166,49178,49179,,,0,,,,0,,,,0,,49148,49163,4,5:3,49150,49165,4,5:3,49151,49166,4,5:3,49167,49170,4,1:3,,,,,,20,4,8,1
asymmetric,4,692,17,a,0,0,4160,16,49188,49188,49189,,,,49232,49199,49214,16,1:15,49215,49230,16,1:15,49216,49231,16,1:15,,,0,,,,0,,,,0,,,,0,,1,10,15,17,1,,,,
asymmetric,4,693,17,a,0,16,4288,16,49235,49235,49236,,,,49279,49246,49261,16,1:15,49262,49277,16,1:15,49263,49278,16,1:15,,,0,,,,0,,,,0,,,,0,,1,10,15,17,1,,,,
asymmetric,4,694,17,a,1,0,4416,16,49282,49282,49283,,,,49326,49293,49308,16,1:15,49309,49324,16,1:15,49310,49325,16,1:15,,,0,,,,0,,,,0,,,,0,,1,10,15,17,1,,,,
asymmetric,4,695,17,a,1,16,4544,16,49329,49329,49330,,,,49373,49340,49355,16,1:15,49356,49371,16,1:15,49357,49372,16,1:15,,,0,,,,0,,,,0,,,,0,,1,10,15,17,1,,,,
asymmetric,4,696,17,a,2,0,4672,16,49376,49376,49377,,,,49420,49387,49402,16,1:15,49403,49418,16,1:15,49404,49419,16,1:15,,,0,,,,0,,,,0,,,,0,,1,10,15,17,1,,,,
asymmetric,4,697,17,a,2,16,4800,16,49423,49423,49424,,,,49467,49434,49449,16,1:15,49450,49465,16,1:15,49451,49466,16,1:15,,,0,,,,0,,,,0,,,,0,,1,10,15,17,1,,,,
asymmetric,4,698,17,a,3,0,4928,16,49470,49470,49471,,,,49514,49481,49496,16,1:15,49497,49512,16,1:15,49498,49513,16,1:15,,,0,,,,0,,,,0,,,,0,,1,10,15,17,1,,,,
asymmetric,4,699,17,a,3,16,5056,16,49517,49517,49518,,,,49561,49528,49543,16,1:15,49544,49559,16,1:15,49545,49560,16,1:15,,,0,,,,0,,,,0,,,,0,,1,10,15,17,1,,,,
asymmetric,4,700,17,a,4,0,5184,16,49564,49564,49565,,,,49608,49575,49590,16,1:15,49591,49606,16,1:15,49592,49607,16,1:15,,,0,,,,0,,,,0,,,,0,,1,10,15,17,1,,,,
asymmetric,4,701,17,a,4,16,5312,16,49611,49611,49612,,,,49655,49622,49637,16,1:15,49638,49653,16,1:15,49639,49654,16,1:15,,,0,,,,0,,,,0,,,,0,,1,10,15,17,1,,,,
asymmetric,4,702,17,a,5,0,5440,16,49658,49658,49659,,,,49702,49669,49684,16,1:15,49685,49700,16,1:15,49686,49701,16,1:15,,,0,,,,0,,,,0,,,,0,,1,10,15,17,1,,,,
asymmetric,4,703,17,a,5,16,5568,16,49705,49705,49706,,,,49749,49716,49731,16,1:15,49732,49747,16,1:15,49733,49748,16,1:15,,,0,,,,0,,,,0,,,,0,,1,10,15,17,1,,,,
asymmetric,4,704,17,a,6,0,5696,16,49752,49752,49753,,,,49796,49763,49778,16,1:15,49779,49794,16,1:15,49780,49795,16,1:15,,,0,,,,0,,,,0,,,,0,,1,10,15,17,1,,,,
asymmetric,4,705,17,a,6,16,5824,16,49799,49799,49800,,,,49843,49810,49825,16,1:15,49826,49841,16,1:15,49827,49842,16,1:15,,,0,,,,0,,,,0,,,,0,,1,10,15,17,1,,,,
asymmetric,4,706,17,a,7,0,5952,16,49846,49846,49847,,,,49890,49857,49872,16,1:15,49873,49888,16,1:15,49874,49889,16,1:15,,,0,,,,0,,,,0,,,,0,,1,10,15,17,1,,,,
asymmetric,4,707,17,a,7,16,6080,16,49893,49893,49894,,,,49937,49904,49919,16,1:15,49920,49935,16,1:15,49921,49936,16,1:15,,,0,,,,0,,,,0,,,,0,,1,10,15,17,1,,,,
asymmetric,4,708,17,bt,0,0,18880,16,49945,49945,49946,,,,49989,49956,49971,16,1:15,49972,49987,16,1:15,49973,49988,16,1:15,,,0,,,,0,,,,0,,,,0,,1,10,15,17,1,,,,
asymmetric,4,709,17,bt,0,16,19008,16,49992,49992,49993,,,,50036,50003,50018,16,1:15,50019,50034,16,1:15,50020,50035,16,1:15,,,0,,,,0,,,,0,,,,0,,1,10,15,17,1,,,,
asymmetric,4,710,17,bt,1,0,19136,16,50039,50039,50040,,,,50083,50050,50065,16,1:15,50066,50081,16,1:15,50067,50082,16,1:15,,,0,,,,0,,,,0,,,,0,,1,10,15,17,1,,,,
asymmetric,4,711,17,bt,1,16,19264,16,50086,50086,50087,,,,50130,50097,50112,16,1:15,50113,50128,16,1:15,50114,50129,16,1:15,,,0,,,,0,,,,0,,,,0,,1,10,15,17,1,,,,
asymmetric,4,712,17,bt,2,0,19392,16,50133,50133,50134,,,,50177,50144,50159,16,1:15,50160,50175,16,1:15,50161,50176,16,1:15,,,0,,,,0,,,,0,,,,0,,1,10,15,17,1,,,,
asymmetric,4,713,17,bt,2,16,19520,16,50180,50180,50181,,,,50224,50191,50206,16,1:15,50207,50222,16,1:15,50208,50223,16,1:15,,,0,,,,0,,,,0,,,,0,,1,10,15,17,1,,,,
asymmetric,4,714,17,bt,3,0,19648,16,50227,50227,50228,,,,50271,50238,50253,16,1:15,50254,50269,16,1:15,50255,50270,16,1:15,,,0,,,,0,,,,0,,,,0,,1,10,15,17,1,,,,
asymmetric,4,715,17,bt,3,16,19776,16,50274,50274,50275,,,,50318,50285,50300,16,1:15,50301,50316,16,1:15,50302,50317,16,1:15,,,0,,,,0,,,,0,,,,0,,1,10,15,17,1,,,,
asymmetric,4,716,17,bt,4,0,19904,16,50321,50321,50322,,,,50365,50332,50347,16,1:15,50348,50363,16,1:15,50349,50364,16,1:15,,,0,,,,0,,,,0,,,,0,,1,10,15,17,1,,,,
asymmetric,4,717,17,bt,4,16,20032,16,50368,50368,50369,,,,50412,50379,50394,16,1:15,50395,50410,16,1:15,50396,50411,16,1:15,,,0,,,,0,,,,0,,,,0,,1,10,15,17,1,,,,
asymmetric,4,718,17,bt,5,0,20160,16,50415,50415,50416,,,,50459,50426,50441,16,1:15,50442,50457,16,1:15,50443,50458,16,1:15,,,0,,,,0,,,,0,,,,0,,1,10,15,17,1,,,,
asymmetric,4,719,17,bt,5,16,20288,16,50462,50462,50463,,,,50506,50473,50488,16,1:15,50489,50504,16,1:15,50490,50505,16,1:15,,,0,,,,0,,,,0,,,,0,,1,10,15,17,1,,,,
asymmetric,4,720,17,bt,6,0,20416,8,50509,50509,50510,,,,50537,50520,50527,8,1:7,50528,50535,8,1:7,50529,50536,8,1:7,,,0,,,,0,,,,0,,,,0,,1,10,7,9,1,,,,
asymmetric,4,721,17,bt,6,8,20480,16,50540,50540,50541,,,,50584,50551,50566,16,1:15,50567,50582,16,1:15,50568,50583,16,1:15,,,0,,,,0,,,,0,,,,0,,1,10,15,17,1,,,,
asymmetric,4,722,17,bt,6,24,20608,8,50587,50587,50588,,,,50615,50598,50605,8,1:7,50606,50613,8,1:7,50607,50614,8,1:7,,,0,,,,0,,,,0,,,,0,,1,10,7,9,1,,,,
asymmetric,4,723,17,bt,7,0,20672,16,50618,50618,50619,,,,50662,50629,50644,16,1:15,50645,50660,16,1:15,50646,50661,16,1:15,,,0,,,,0,,,,0,,,,0,,1,10,15,17,1,,,,
asymmetric,4,724,17,bt,7,16,20800,16,50665,50665,50666,,,,50709,50676,50691,16,1:15,50692,50707,16,1:15,50693,50708,16,1:15,,,0,,,,0,,,,0,,,,0,,1,10,15,17,1,,,,
asymmetric,4,725,17,c,0,0,37216,4,51799,51799,,51820,51819,51831,51832,,,0,,,,0,,,,0,,51801,51816,4,5:3,51803,51818,4,5:3,51804,51819,4,5:3,51820,51823,4,1:3,,,,,,20,4,8,1
asymmetric,4,726,17,c,1,0,37472,4,51835,51835,,51856,51855,51867,51868,,,0,,,,0,,,,0,,51837,51852,4,5:3,51839,51854,4,5:3,51840,51855,4,5:3,51856,51859,4,1:3,,,,,,20,4,8,1
asymmetric,4,727,17,c,2,0,37728,4,51871,51871,,51892,51891,51903,51904,,,0,,,,0,,,,0,,51873,51888,4,5:3,51875,51890,4,5:3,51876,51891,4,5:3,51892,51895,4,1:3,,,,,,20,4,8,1
asymmetric,4,728,17,c,3,0,37984,4,51907,51907,,51928,51927,51939,51940,,,0,,,,0,,,,0,,51909,51924,4,5:3,51911,51926,4,5:3,51912,51927,4,5:3,51928,51931,4,1:3,,,,,,20,4,8,1
asymmetric,4,729,17,c,4,0,38240,4,51943,51943,,51964,51963,51975,51976,,,0,,,,0,,,,0,,51945,51960,4,5:3,51947,51962,4,5:3,51948,51963,4,5:3,51964,51967,4,1:3,,,,,,20,4,8,1
asymmetric,4,730,17,c,5,0,38496,4,51979,51979,,52000,51999,52011,52012,,,0,,,,0,,,,0,,51981,51996,4,5:3,51983,51998,4,5:3,51984,51999,4,5:3,52000,52003,4,1:3,,,,,,20,4,8,1
asymmetric,4,731,17,c,6,0,38752,4,52015,52015,,52036,52035,52047,52048,,,0,,,,0,,,,0,,52017,52032,4,5:3,52019,52034,4,5:3,52020,52035,4,5:3,52036,52039,4,1:3,,,,,,20,4,8,1
asymmetric,4,732,17,c,7,0,39008,4,52051,52051,,52072,52071,52083,52084,,,0,,,,0,,,,0,,52053,52068,4,5:3,52055,52070,4,5:3,52056,52071,4,5:3,52072,52075,4,1:3,,,,,,20,4,8,1
asymmetric,4,733,18,a,0,0,4160,16,52093,52093,52094,,,,52137,52104,52119,16,1:15,52120,52135,16,1:15,52121,52136,16,1:15,,,0,,,,0,,,,0,,,,0,,1,10,15,17,1,,,,
asymmetric,4,734,18,a,0,16,4288,16,52140,52140,52141,,,,52184,52151,52166,16,1:15,52167,52182,16,1:15,52168,52183,16,1:15,,,0,,,,0,,,,0,,,,0,,1,10,15,17,1,,,,
asymmetric,4,735,18,a,1,0,4416,16,52187,52187,52188,,,,52231,52198,52213,16,1:15,52214,52229,16,1:15,52215,52230,16,1:15,,,0,,,,0,,,,0,,,,0,,1,10,15,17,1,,,,
asymmetric,4,736,18,a,1,16,4544,16,52234,52234,52235,,,,52278,52245,52260,16,1:15,52261,52276,16,1:15,52262,52277,16,1:15,,,0,,,,0,,,,0,,,,0,,1,10,15,17,1,,,,
asymmetric,4,737,18,a,2,0,4672,16,52281,52281,52282,,,,52325,52292,52307,16,1:15,52308,52323,16,1:15,52309,52324,16,1:15,,,0,,,,0,,,,0,,,,0,,1,10,15,17,1,,,,
asymmetric,4,738,18,a,2,16,4800,16,52328,52328,52329,,,,52372,52339,52354,16,1:15,52355,52370,16,1:15,52356,52371,16,1:15,,,0,,,,0,,,,0,,,,0,,1,10,15,17,1,,,,
asymmetric,4,739,18,a,3,0,4928,16,52375,52375,52376,,,,52419,52386,52401,16,1:15,52402,52417,16,1:15,52403,52418,16,1:15,,,0,,,,0,,,,0,,,,0,,1,10,15,17,1,,,,
asymmetric,4,740,18,a,3,16,5056,16,52422,52422,52423,,,,52466,52433,52448,16,1:15,52449,52464,16,1:15,52450,52465,16,1:15,,,0,,,,0,,,,0,,,,0,,1,10,15,17,1,,,,
asymmetric,4,741,18,a,4,0,5184,16,52469,52469,52470,,,,52513,52480,52495,16,1:15,52496,52511,16,1:15,52497,52512,16,1:15,,,0,,,,0,,,,0,,,,0,,1,10,15,17,1,,,,
asymmetric,4,742,18,a,4,16,5312,16,52516,52516,52517,,,,52560,52527,52542,16,1:15,52543,52558,16,1:15,52544,52559,16,1:15,,,0,,,,0,,,,0,,,,0,,1,10,15,17,1,,,,
asymmetric,4,743,18,a,5,0,5440,16,52563,52563,52564,,,,52607,52574,52589,16,1:15,52590,52605,16,1:15,52591,52606,16,1:15,,,0,,,,0,,,,0,,,,0,,1,10,15,17,1,,,,
asymmetric,4,744,18,a,5,16,5568,16,52610,52610,52611,,,,52654,52621,52636,16,1:15,52637,52652,16,1:15,52638,52653,16,1:15,,,0,,,,0,,,,0,,,,0,,1,10,15,17,1,,,,
asymmetric,4,745,18,a,6,0,5696,16,52657,52657,52658,,,,52701,52668,52683,16,1:15,52684,52699,16,1:15,52685,52700,16,1:15,,,0,,,,0,,,,0,,,,0,,1,10,15,17,1,,,,
asymmetric,4,746,18,a,6,16,5824,16,52704,52704,52705,,,,52748,52715,52730,16,1:15,52731,52746,16,1:15,52732,52747,16,1:15,,,0,,,,0,,,,0,,,,0,,1,10,15,17,1,,,,
asymmetric,4,747,18,a,7,0,5952,16,52751,52751,52752,,,,52795,52762,52777,16,1:15,52778,52793,16,1:15,52779,52794,16,1:15,,,0,,,,0,,,,0,,,,0,,1,10,15,17,1,,,,
asymmetric,4,748,18,a,7,16,6080,16,52798,52798,52799,,,,52842,52809,52824,16,1:15,52825,52840,16,1:15,52826,52841,16,1:15,,,0,,,,0,,,,0,,,,0,,1,10,15,17,1,,,,
asymmetric,4,749,18,bt,0,0,20928,16,52850,52850,52851,,,,52894,52861,52876,16,1:15,52877,52892,16,1:15,52878,52893,16,1:15,,,0,,,,0,,,,0,,,,0,,1,10,15,17,1,,,,
asymmetric,4,750,18,bt,0,16,21056,16,52897,52897,52898,,,,52941,52908,52923,16,1:15,52924,52939,16,1:15,52925,52940,16,1:15,,,0,,,,0,,,,0,,,,0,,1,10,15,17,1,,,,
asymmetric,4,751,18,bt,1,0,21184,16,52944,52944,52945,,,,52988,52955,52970,16,1:15,52971,52986,16,1:15,52972,52987,16,1:15,,,0,,,,0,,,,0,,,,0,,1,10,15,17,1,,,,
asymmetric,4,752,18,bt,1,16,21312,16,52991,52991,52992,,,,53035,53002,53017,16,1:15,53018,53033,16,1:15,53019,53034,16,1:15,,,0,,,,0,,,,0,,,,0,,1,10,15,17,1,,,,
asymmetric,4,753,18,bt,2,0,21440,16,53038,53038,53039,,,,53082,53049,53064,16,1:15,53065,53080,16,1:15,53066,53081,16,1:15,,,0,,,,0,,,,0,,,,0,,1,10,15,17,1,,,,
asymmetric,4,754,18,bt,2,16,21568,16,53085,53085,53086,,,,53129,53096,53111,16,1:15,53112,53127,16,1:15,53113,53128,16,1:15,,,0,,,,0,,,,0,,,,0,,1,10,15,17,1,,,,
asymmetric,4,755,18,bt,3,0,21696,16,53132,53132,53133,,,,53176,53143,53158,16,1:15,53159,53174,16,1:15,53160,53175,16,1:15,,,0,,,,0,,,,0,,,,0,,1,10,15,17,1,,,,
asymmetric,4,756,18,bt,3,16,21824,16,53179,53179,53180,,,,53223,53190,53205,16,1:15,53206,53221,16,1:15,53207,53222,16,1:15,,,0,,,,0,,,,0,,,,0,,1,10,15,17,1,,,,
asymmetric,4,757,18,bt,4,0,21952,16,53226,53226,53227,,,,53270,53237,53252,16,1:15,53253,53268,16,1:15,53254,53269,16,1:15,,,0,,,,0,,,,0,,,,0,,1,10,15,17,1,,,,
asymmetric,4,758,18,bt,4,16,22080,16,53273,53273,53274,,,,53317,53284,53299,16,1:15,53300,53315,16,1:15,53301,53316,16,1:15,,,0,,,,0,,,,0,,,,0,,1,10,15,17,1,,,,
asymmetric,4,759,18,bt,5,0,22208,16,53320,53320,53321,,,,53364,53331,53346,16,1:15,53347,53362,16,1:15,53348,53363,16,1:15,,,0,,,,0,,,,0,,,,0,,1,10,15,17,1,,,,
asymmetric,4,760,18,bt,5,16,22336,16,53367,53367,53368,,,,53411,53378,53393,16,1:15,53394,53409,16,1:15,53395,53410,16,1:15,,,0,,,,0,,,,0,,,,0,,1,10,15,17,1,,,,
asymmetric,4,761,18,bt,6,0,22464,16,53414,53414,53415,,,,53458,53425,53440,16,1:15,53441,53456,16,1:15,53442,53457,16,1:15,,,0,,,,0,,,,0,,,,0,,1,10,15,17,1,,,,
asymmetric,4,762,18,bt,6,16,22592,16,53461,53461,53462,,,,53505,53472,53487,16,1:15,53488,53503,16,1:15,53489,53504,16,1:15,,,0,,,,0,,,,0,,,,0,,1,10,15,17,1,,,,
asymmetric,4,763,18,bt,7,0,22720,16,53508,53508,53509,,,,53552,53519,53534,16,1:15,53535,53550,16,1:15,53536,53551,16,1:15,,,0,,,,0,,,,0,,,,0,,1,10,15,17,1,,,,
asymmetric,4,764,18,bt,7,16,22848,16,53555,53555,53556,,,,53599,53566,53581,16,1:15,53582,53597,16,1:15,53583,53598,16,1:15,,,0,,,,0,,,,0,,,,0,,1,10,15,17,1,,,,
asymmetric,4,765,18,c,0,0,37248,4,54689,54689,,54710,54709,54721,54722,,,0,,,,0,,,,0,,54691,54706,4,5:3,54693,54708,4,5:3,54694,54709,4,5:3,54710,54713,4,1:3,,,,,,20,4,8,1
asymmetric,4,766,18,c,1,0,37504,4,54725,54725,,54746,54745,54757,54758,,,0,,,,0,,,,0,,54727,54742,4,5:3,54729,54744,4,5:3,54730,54745,4,5:3,54746,54749,4,1:3,,,,,,20,4,8,1
asymmetric,4,767,18,c,2,0,37760,4,54761,54761,,54782,54781,54793,54794,,,0,,,,0,,,,0,,54763,54778,4,5:3,54765,54780,4,5:3,54766,54781,4,5:3,54782,54785,4,1:3,,,,,,20,4,8,1
asymmetric,4,768,18,c,3,0,38016,4,54797,54797,,54818,54817,54829,54830,,,0,,,,0,,,,0,,54799,54814,4,5:3,54801,54816,4,5:3,54802,54817,4,5:3,54818,54821,4,1:3,,,,,,20,4,8,1
asymmetric,4,769,18,c,4,0,38272,4,54833,54833,,54854,54853,54865,54866,,,0,,,,0,,,,0,,54835,54850,4,5:3,54837,54852,4,5:3,54838,54853,4,5:3,54854,54857,4,1:3,,,,,,20,4,8,1
asymmetric,4,770,18,c,5,0,38528,4,54869,54869,,54890,54889,54901,54902,,,0,,,,0,,,,0,,54871,54886,4,5:3,54873,54888,4,5:3,54874,54889,4,5:3,54890,54893,4,1:3,,,,,,20,4,8,1
asymmetric,4,771,18,c,6,0,38784,4,54905,54905,,54926,54925,54937,54938,,,0,,,,0,,,,0,,54907,54922,4,5:3,54909,54924,4,5:3,54910,54925,4,5:3,54926,54929,4,1:3,,,,,,20,4,8,1
asymmetric,4,772,18,c,7,0,39040,4,54941,54941,,54962,54961,54973,54974,,,0,,,,0,,,,0,,54943,54958,4,5:3,54945,54960,4,5:3,54946,54961,4,5:3,54962,54965,4,1:3,,,,,,20,4,8,1
asymmetric,4,773,19,a,0,0,4160,16,54983,54983,54984,,,,55027,54994,55009,16,1:15,55010,55025,16,1:15,55011,55026,16,1:15,,,0,,,,0,,,,0,,,,0,,1,10,15,17,1,,,,
asymmetric,4,774,19,a,0,16,4288,16,55030,55030,55031,,,,55074,55041,55056,16,1:15,55057,55072,16,1:15,55058,55073,16,1:15,,,0,,,,0,,,,0,,,,0,,1,10,15,17,1,,,,
asymmetric,4,775,19,a,1,0,4416,16,55077,55077,55078,,,,55121,55088,55103,16,1:15,55104,55119,16,1:15,55105,55120,16,1:15,,,0,,,,0,,,,0,,,,0,,1,10,15,17,1,,,,
asymmetric,4,776,19,a,1,16,4544,16,55124,55124,55125,,,,55168,55135,55150,16,1:15,55151,55166,16,1:15,55152,55167,16,1:15,,,0,,,,0,,,,0,,,,0,,1,10,15,17,1,,,,
asymmetric,4,777,19,a,2,0,4672,16,55171,55171,55172,,,,55215,55182,55197,16,1:15,55198,55213,16,1:15,55199,55214,16,1:15,,,0,,,,0,,,,0,,,,0,,1,10,15,17,1,,,,
asymmetric,4,778,19,a,2,16,4800,16,55218,55218,55219,,,,55262,55229,55244,16,1:15,55245,55260,16,1:15,55246,55261,16,1:15,,,0,,,,0,,,,0,,,,0,,1,10,15,17,1,,,,
asymmetric,4,779,19,a,3,0,4928,16,55265,55265,55266,,,,55309,55276,55291,16,1:15,55292,55307,16,1:15,55293,55308,16,1:15,,,0,,,,0,,,,0,,,,0,,1,10,15,17,1,,,,
asymmetric,4,780,19,a,3,16,5056,16,55312,55312,55313,,,,55356,55323,55338,16,1:15,55339,55354,16,1:15,55340,55355,16,1:15,,,0,,,,0,,,,0,,,,0,,1,10,15,17,1,,,,
asymmetric,4,781,19,a,4,0,5184,16,55359,55359,55360,,,,55403,55370,55385,16,1:15,55386,55401,16,1:15,55387,55402,16,1:15,,,0,,,,0,,,,0,,,,0,,1,10,15,17,1,,,,
asymmetric,4,782,19,a,4,16,5312,16,55406,55406,55407,,,,55450,55417,55432,16,1:15,55433,55448,16,1:15,55434,55449,16,1:15,,,0,,,,0,,,,0,,,,0,,1,10,15,17,1,,,,
asymmetric,4,783,19,a,5,0,5440,16,55453,55453,55454,,,,55497,55464,55479,16,1:15,55480,55495,16,1:15,55481,55496,16,1:15,,,0,,,,0,,,,0,,,,0,,1,10,15,17,1,,,,
asymmetric,4,784,19,a,5,16,5568,16,55500,55500,55501,,,,55544,55511,55526,16,1:15,55527,55542,16,1:15,55528,55543,16,1:15,,,0,,,,0,,,,0,,,,0,,1,10,15,17,1,,,,
asymmetric,4,785,19,a,6,0,5696,16,55547,55547,55548,,,,55591,55558,55573,16,1:15,55574,55589,16,1:15,55575,55590,16,1:15,,,0,,,,0,,,,0,,,,0,,1,10,15,17,1,,,,
asymmetric,4,786,19,a,6,16,5824,16,55594,55594,55595,,,,55638,55605,55620,16,1:15,55621,55636,16,1:15,55622,55637,16,1:15,,,0,,,,0,,,,0,,,,0,,1,10,15,17,1,,,,
asymmetric,4,787,19,a,7,0,5952,16,55641,55641,55642,,,,55685,55652,55667,16,1:15,55668,55683,16,1:15,55669,55684,16,1:15,,,0,,,,0,,,,0,,,,0,,1,10,15,17,1,,,,
asymmetric,4,788,19,a,7,16,6080,16,55688,55688,55689,,,,55732,55699,55714,16,1:15,55715,55730,16,1:15,55716,55731,16,1:15,,,0,,,,0,,,,0,,,,0,,1,10,15,17,1,,,,
asymmetric,4,789,19,bt,0,0,22976,16,55740,55740,55741,,,,55784,55751,55766,16,1:15,55767,55782,16,1:15,55768,55783,16,1:15,,,0,,,,0,,,,0,,,,0,,1,10,15,17,1,,,,
asymmetric,4,790,19,bt,0,16,23104,16,55787,55787,55788,,,,55831,55798,55813,16,1:15,55814,55829,16,1:15,55815,55830,16,1:15,,,0,,,,0,,,,0,,,,0,,1,10,15,17,1,,,,
asymmetric,4,791,19,bt,1,0,23232,16,55834,55834,55835,,,,55878,55845,55860,16,1:15,55861,55876,16,1:15,55862,55877,16,1:15,,,0,,,,0,,,,0,,,,0,,1,10,15,17,1,,,,
asymmetric,4,792,19,bt,1,16,23360,16,55881,55881,55882,,,,55925,55892,55907,16,1:15,55908,55923,16,1:15,55909,55924,16,1:15,,,0,,,,0,,,,0,,,,0,,1,10,15,17,1,,,,
asymmetric,4,793,19,bt,2,0,23488,16,55928,55928,55929,,,,55972,55939,55954,16,1:15,55955,55970,16,1:15,55956,55971,16,1:15,,,0,,,,0,,,,0,,,,0,,1,10,15,17,1,,,,
asymmetric,4,794,19,bt,2,16,23616,16,55975,55975,55976,,,,56019,55986,56001,16,1:15,56002,56017,16,1:15,56003,56018,16,1:15,,,0,,,,0,,,,0,,,,0,,1,10,15,17,1,,,,
asymmetric,4,795,19,bt,3,0,23744,16,56022,56022,56023,,,,56066,56033,56048,16,1:15,56049,56064,16,1:15,56050,56065,16,1:15,,,0,,,,0,,,,0,,,,0,,1,10,15,17,1,,,,
asymmetric,4,796,19,bt,3,16,23872,16,56069,56069,56070,,,,56113,56080,56095,16,1:15,56096,56111,16,1:15,56097,56112,16,1:15,,,0,,,,0,,,,0,,,,0,,1,10,15,17,1,,,,
asymmetric,4,797,19,bt,4,0,24000,16,56116,56116,56117,,,,56160,56127,56142,16,1:15,56143,56158,16,1:15,56144,56159,16,1:15,,,0,,,,0,,,,0,,,,0,,1,10,15,17,1,,,,
asymmetric,4,798,19,bt,4,16,24128,16,56163,56163,56164,,,,56207,56174,56189,16,1:15,56190,56205,16,1:15,56191,56206,16,1:15,,,0,,,,0,,,,0,,,,0,,1,10,15,17,1,,,,
asymmetric,4,799,19,bt,5,0,24256,16,56210,56210,56211,,,,56254,56221,56236,16,1:15,56237,56252,16,1:15,56238,56253,16,1:15,,,0,,,,0,,,,0,,,,0,,1,10,15,17,1,,,,
asymmetric,4,800,19,bt,5,16,24384,16,56257,56257,56258,,,,56301,56268,56283,16,1:15,56284,56299,16,1:15,56285,56300,16,1:15,,,0,,,,0,,,,0,,,,0,,1,10,15,17,1,,,,
asymmetric,4,801,19,bt,6,0,24512,8,56304,56304,56305,,,,56332,56315,56322,8,1:7,56323,56330,8,1:7,56324,56331,8,1:7,,,0,,,,0,,,,0,,,,0,,1,10,7,9,1,,,,
asymmetric,4,802,19,bt,6,8,24576,16,56335,56335,56336,,,,56379,56346,56361,16,1:15,56362,56377,16,1:15,56363,56378,16,1:15,,,0,,,,0,,,,0,,,,0,,1,10,15,17,1,,,,
asymmetric,4,803,19,bt,6,24,24704,8,56382,56382,56383,,,,56410,56393,56400,8,1:7,56401,56408,8,1:7,56402,56409,8,1:7,,,0,,,,0,,,,0,,,,0,,1,10,7,9,1,,,,
asymmetric,4,804,19,bt,7,0,24768,16,56413,56413,56414,,,,56457,56424,56439,16,1:15,56440,56455,16,1:15,56441,56456,16,1:15,,,0,,,,0,,,,0,,,,0,,1,10,15,17,1,,,,
asymmetric,4,805,19,bt,7,16,24896,16,56460,56460,56461,,,,56504,56471,56486,16,1:15,56487,56502,16,1:15,56488,56503,16,1:15,,,0,,,,0,,,,0,,,,0,,1,10,15,17,1,,,,
asymmetric,4,806,19,c,0,0,37280,4,57594,57594,,57615,57614,57626,57627,,,0,,,,0,,,,0,,57596,57611,4,5:3,57598,57613,4,5:3,57599,57614,4,5:3,57615,57618,4,1:3,,,,,,20,4,8,1
asymmetric,4,807,19,c,1,0,37536,4,57630,57630,,57651,57650,57662,57663,,,0,,,,0,,,,0,,57632,57647,4,5:3,57634,57649,4,5:3,57635,57650,4,5:3,57651,57654,4,1:3,,,,,,20,4,8,1
asymmetric,4,808,19,c,2,0,37792,4,57666,57666,,57687,57686,57698,57699,,,0,,,,0,,,,0,,57668,57683,4,5:3,57670,57685,4,5:3,57671,57686,4,5:3,57687,57690,4,1:3,,,,,,20,4,8,1
asymmetric,4,809,19,c,3,0,38048,4,57702,57702,,57723,57722,57734,57735,,,0,,,,0,,,,0,,57704,57719,4,5:3,57706,57721,4,5:3,57707,57722,4,5:3,57723,57726,4,1:3,,,,,,20,4,8,1
asymmetric,4,810,19,c,4,0,38304,4,57738,57738,,57759,57758,57770,57771,,,0,,,,0,,,,0,,57740,57755,4,5:3,57742,57757,4,5:3,57743,57758,4,5:3,57759,57762,4,1:3,,,,,,20,4,8,1
asymmetric,4,811,19,c,5,0,38560,4,57774,57774,,57795,57794,57806,57807,,,0,,,,0,,,,0,,57776,57791,4,5:3,57778,57793,4,5:3,57779,57794,4,5:3,57795,57798,4,1:3,,,,,,20,4,8,1
asymmetric,4,812,19,c,6,0,38816,4,57810,57810,,57831,57830,57842,57843,,,0,,,,0,,,,0,,57812,57827,4,5:3,57814,57829,4,5:3,57815,57830,4,5:3,57831,57834,4,1:3,,,,,,20,4,8,1
asymmetric,4,813,19,c,7,0,39072,4,57846,57846,,57867,57866,57878,57879,,,0,,,,0,,,,0,,57848,57863,4,5:3,57850,57865,4,5:3,57851,57866,4,5:3,57867,57870,4,1:3,,,,,,20,4,8,1
asymmetric,4,814,20,a,0,0,4160,16,57888,57888,57889,,,,57932,57899,57914,16,1:15,57915,57930,16,1:15,57916,57931,16,1:15,,,0,,,,0,,,,0,,,,0,,1,10,15,17,1,,,,
asymmetric,4,815,20,a,0,16,4288,16,57935,57935,57936,,,,57979,57946,57961,16,1:15,57962,57977,16,1:15,57963,57978,16,1:15,,,0,,,,0,,,,0,,,,0,,1,10,15,17,1,,,,
asymmetric,4,816,20,a,1,0,4416,16,57982,57982,57983,,,,58026,57993,58008,16,1:15,58009,58024,16,1:15,58010,58025,16,1:15,,,0,,,,0,,,,0,,,,0,,1,10,15,17,1,,,,
asymmetric,4,817,20,a,1,16,4544,16,58029,58029,58030,,,,58073,58040,58055,16,1:15,58056,58071,16,1:15,58057,58072,16,1:15,,,0,,,,0,,,,0,,,,0,,1,10,15,17,1,,,,
asymmetric,4,818,20,a,2,0,4672,16,58076,58076,58077,,,,58120,58087,58102,16,1:15,58103,58118,16,1:15,58104,58119,16,1:15,,,0,,,,0,,,,0,,,,0,,1,10,15,17,1,,,,
asymmetric,4,819,20,a,2,16,4800,16,58123,58123,58124,,,,58167,58134,58149,16,1:15,58150,58165,16,1:15,58151,58166,16,1:15,,,0,,,,0,,,,0,,,,0,,1,10,15,17,1,,,,
asymmetric,4,820,20,a,3,0,4928,16,58170,58170,58171,,,,58214,58181,58196,16,1:15,58197,58212,16,1:15,58198,58213,16,1:15,,,0,,,,0,,,,0,,,,0,,1,10,15,17,1,,,,
asymmetric,4,821,20,a,3,16,5056,16,58217,58217,58218,,,,58261,58228,58243,16,1:15,58244,58259,16,1:15,58245,58260,16,1:15,,,0,,,,0,,,,0,,,,0,,1,10,15,17,1,,,,
asymmetric,4,822,20,a,4,0,5184,16,58264,58264,58265,,,,58308,58275,58290,16,1:15,58291,58306,16,1:15,58292,58307,16,1:15,,,0,,,,0,,,,0,,,,0,,1,10,15,17,1,,,,
asymmetric,4,823,20,a,4,16,5312,16,58311,58311,58312,,,,58355,58322,58337,16,1:15,58338,58353,16,1:15,58339,58354,16,1:15,,,0,,,,0,,,,0,,,,0,,1,10,15,17,1,,,,
asymmetric,4,824,20,a,5,0,5440,16,58358,58358,58359,,,,58402,58369,58384,16,1:15,58385,58400,16,1:15,58386,58401,16,1:15,,,0,,,,0,,,,0,,,,0,,1,10,15,17,1,,,,
asymmetric,4,825,20,a,5,16,5568,16,58405,58405,58406,,,,58449,58416,58431,16,1:15,58432,58447,16,1:15,58433,58448,16,1:15,,,0,,,,0,,,,0,,,,0,,1,10,15,17,1,,,,
asymmetric,4,826,20,a,6,0,5696,16,58452,58452,58453,,,,58496,58463,58478,16,1:15,58479,58494,16,1:15,58480,58495,16,1:15,,,0,,,,0,,,,0,,,,0,,1,10,15,17,1,,,,
asymmetric,4,827,20,a,6,16,5824,16,58499,58499,58500,,,,58543,58510,58525,16,1:15,58526,58541,16,1:15,58527,58542,16,1:15,,,0,,,,0,,,,0,,,,0,,1,10,15,17,1,,,,
asymmetric,4,828,20,a,7,0,5952,16,58546,58546,58547,,,,58590,58557,58572,16,1:15,58573,58588,16,1:15,58574,58589,16,1:15,,,0,,,,0,,,,0,,,,0,,1,10,15,17,1,,,,
asymmetric,4,829,20,a,7,16,6080,16,58593,58593,58594,,,,58637,58604,58619,16,1:15,58620,58635,16,1:15,58621,58636,16,1:15,,,0,,,,0,,,,0,,,,0,,1,10,15,17,1,,,,
asymmetric,4,830,20,bt,0,0,25024,16,58645,58645,58646,,,,58689,58656,58671,16,1:15,58672,58687,16,1:15,58673,58688,16,1:15,,,0,,,,0,,,,0,,,,0,,1,10,15,17,1,,,,
asymmetric,4,831,20,bt,0,16,25152,16,58692,58692,58693,,,,58736,58703,58718,16,1:15,58719,58734,16,1:15,58720,58735,16,1:15,,,0,,,,0,,,,0,,,,0,,1,10,15,17,1,,,,
asymmetric,4,832,20,bt,1,0,25280,16,58739,58739,58740,,,,58783,58750,58765,16,1:15,58766,58781,16,1:15,58767,58782,16,1:15,,,0,,,,0,,,,0,,,,0,,1,10,15,17,1,,,,
asymmetric,4,833,20,bt,1,16,25408,16,58786,58786,58787,,,,58830,58797,58812,16,1:15,58813,58828,16,1:15,58814,58829,16,1:15,,,0,,,,0,,,,0,,,,0,,1,10,15,17,1,,,,
asymmetric,4,834,20,bt,2,0,25536,16,58833,58833,58834,,,,58877,58844,58859,16,1:15,58860,58875,16,1:15,58861,58876,16,1:15,,,0,,,,0,,,,0,,,,0,,1,10,15,17,1,,,,
asymmetric,4,835,20,bt,2,16,25664,16,58880,58880,58881,,,,58924,58891,58906,16,1:15,58907,58922,16,1:15,58908,58923,16,1:15,,,0,,,,0,,,,0,,,,0,,1,10,15,17,1,,,,
asymmetric,4,836,20,bt,3,0,25792,16,58927,58927,58928,,,,58971,58938,58953,16,1:15,58954,58969,16,1:15,58955,58970,16,1:15,,,0,,,,0,,,,0,,,,0,,1,10,15,17,1,,,,
asymmetric,4,837,20,bt,3,16,25920,16,58974,58974,58975,,,,59018,58985,59000,16,1:15,59001,59016,16,1:15,59002,59017,16,1:15,,,0,,,,0,,,,0,,,,0,,1,10,15,17,1,,,,
asymmetric,4,838,20,bt,4,0,26048,16,59021,59021,59022,,,,59065,59032,59047,16,1:15,59048,59063,16,1:15,59049,59064,16,1:15,,,0,,,,0,,,,0,,,,0,,1,10,15,17,1,,,,
asymmetric,4,839,20,bt,4,16,26176,16,59068,59068,59069,,,,59112,59079,59094,16,1:15,59095,59110,16,1:15,59096,59111,16,1:15,,,0,,,,0,,,,0,,,,0,,1,10,15,17,1,,,,
asymmetric,4,840,20,bt,5,0,26304,16,59115,59115,59116,,,,59159,59126,59141,16,1:15,59142,59157,16,1:15,59143,59158,16,1:15,,,0,,,,0,,,,0,,,,0,,1,10,15,17,1,,,,
asymmetric,4,841,20,bt,5,16,26432,16,59162,59162,59163,,,,59206,59173,59188,16,1:15,59189,59204,16,1:15,59190,59205,16,1:15,,,0,,,,0,,,,0,,,,0,,1,10,15,17,1,,,,
asymmetric,4,842,20,bt,6,0,26560,16,59209,59209,59210,,,,59253,59220,59235,16,1:15,59236,59251,16,1:15,59237,59252,16,1:15,,,0,,,,0,,,,0,,,,0,,1,10,15,17,1,,,,
asymmetric,4,843,20,bt,6,16,26688,16,59256,59256,59257,,,,59300,59267,59282,16,1:15,59283,59298,16,1:15,59284,59299,16,1:15,,,0,,,,0,,,,0,,,,0,,1,10,15,17,1,,,,
asymmetric,4,844,20,bt,7,0,26816,16,59303,59303,59304,,,,59347,59314,59329,16,1:15,59330,59345,16,1:15,59331,59346,16,1:15,,,0,,,,0,,,,0,,,,0,,1,10,15,17,1,,,,
asymmetric,4,845,20,bt,7,16,26944,16,59350,59350,59351,,,,59394,59361,59376,16,1:15,59377,59392,16,1:15,59378,59393,16,1:15,,,0,,,,0,,,,0,,,,0,,1,10,15,17,1,,,,
asymmetric,4,846,20,c,0,0,37312,4,60484,60484,,60505,60504,60516,60517,,,0,,,,0,,,,0,,60486,60501,4,5:3,60488,60503,4,5:3,60489,60504,4,5:3,60505,60508,4,1:3,,,,,,20,4,8,1
asymmetric,4,847,20,c,1,0,37568,4,60520,60520,,60541,60540,60552,60553,,,0,,,,0,,,,0,,60522,60537,4,5:3,60524,60539,4,5:3,60525,60540,4,5:3,60541,60544,4,1:3,,,,,,20,4,8,1
asymmetric,4,848,20,c,2,0,37824,4,60556,60556,,60577,60576,60588,60589,,,0,,,,0,,,,0,,60558,60573,4,5:3,60560,60575,4,5:3,60561,60576,4,5:3,60577,60580,4,1:3,,,,,,20,4,8,1
asymmetric,4,849,20,c,3,0,38080,4,60592,60592,,60613,60612,60624,60625,,,0,,,,0,,,,0,,60594,60609,4,5:3,60596,60611,4,5:3,60597,60612,4,5:3,60613,60616,4,1:3,,,,,,20,4,8,1
asymmetric,4,850,20,c,4,0,38336,4,60628,60628,,60649,60648,60660,60661,,,0,,,,0,,,,0,,60630,60645,4,5:3,60632,60647,4,5:3,60633,60648,4,5:3,60649,60652,4,1:3,,,,,,20,4,8,1
asymmetric,4,851,20,c,5,0,38592,4,60664,60664,,60685,60684,60696,60697,,,0,,,,0,,,,0,,60666,60681,4,5:3,60668,60683,4,5:3,60669,60684,4,5:3,60685,60688,4,1:3,,,,,,20,4,8,1
asymmetric,4,852,20,c,6,0,38848,4,60700,60700,,60721,60720,60732,60733,,,0,,,,0,,,,0,,60702,60717,4,5:3,60704,60719,4,5:3,60705,60720,4,5:3,60721,60724,4,1:3,,,,,,20,4,8,1
asymmetric,4,853,20,c,7,0,39104,4,60736,60736,,60757,60756,60768,60769,,,0,,,,0,,,,0,,60738,60753,4,5:3,60740,60755,4,5:3,60741,60756,4,5:3,60757,60760,4,1:3,,,,,,20,4,8,1
asymmetric,4,854,21,a,0,0,4160,16,60778,60778,60779,,,,60822,60789,60804,16,1:15,60805,60820,16,1:15,60806,60821,16,1:15,,,0,,,,0,,,,0,,,,0,,1,10,15,17,1,,,,
asymmetric,4,855,21,a,0,16,4288,16,60825,60825,60826,,,,60869,60836,60851,16,1:15,60852,60867,16,1:15,60853,60868,16,1:15,,,0,,,,0,,,,0,,,,0,,1,10,15,17,1,,,,
asymmetric,4,856,21,a,1,0,4416,16,60872,60872,60873,,,,60916,60883,60898,16,1:15,60899,60914,16,1:15,60900,60915,16,1:15,,,0,,,,0,,,,0,,,,0,,1,10,15,17,1,,,,
asymmetric,4,857,21,a,1,16,4544,16,60919,60919,60920,,,,60963,60930,60945,16,1:15,60946,60961,16,1:15,60947,60962,16,1:15,,,0,,,,0,,,,0,,,,0,,1,10,15,17,1,,,,
asymmetric,4,858,21,a,2,0,4672,16,60966,60966,60967,,,,61010,60977,60992,16,1:15,60993,61008,16,1:15,60994,61009,16,1:15,,,0,,,,0,,,,0,,,,0,,1,10,15,17,1,,,,
asymmetric,4,859,21,a,2,16,4800,16,61013,61013,61014,,,,61057,61024,61039,16,1:15,61040,61055,16,1:15,61041,61056,16,1:15,,,0,,,,0,,,,0,,,,0,,1,10,15,17,1,,,,
asymmetric,4,860,21,a,3,0,4928,16,61060,61060,61061,,,,61104,61071,61086,16,1:15,61087,61102,16,1:15,61088,61103,16,1:15,,,0,,,,0,,,,0,,,,0,,1,10,15,17,1,,,,
asymmetric,4,861,21,a,3,16,5056,16,61107,61107,61108,,,,61151,61118,61133,16,1:15,61134,61149,16,1:15,61135,61150,16,1:15,,,0,,,,0,,,,0,,,,0,,1,10,15,17,1,,,,
asymmetric,4,862,21,a,4,0,5184,16,61154,61154,61155,,,,61198,61165,61180,16,1:15,61181,61196,16,1:15,61182,61197,16,1:15,,,0,,,,0,,,,0,,,,0,,1,10,15,17,1,,,,
asymmetric,4,863,21,a,4,16,5312,16,61201,61201,61202,,,,61245,61212,61227,16,1:15,61228,61243,16,1:15,61229,61244,16,1:15,,,0,,,,0,,,,0,,,,0,,1,10,15,17,1,,,,
asymmetric,4,864,21,a,5,0,5440,16,61248,61248,61249,,,,61292,61259,61274,16,1:15,61275,61290,16,1:15,61276,61291,16,1:15,,,0,,,,0,,,,0,,,,0,,1,10,15,17,1,,,,
asymmetric,4,865,21,a,5,16,5568,16,61295,61295,61296,,,,61339,61306,61321,16,1:15,61322,61337,16,1:15,61323,61338,16,1:15,,,0,,,,0,,,,0,,,,0,,1,10,15,17,1,,,,
asymmetric,4,866,21,a,6,0,5696,16,61342,61342,61343,,,,61386,61353,61368,16,1:15,61369,61384,16,1:15,61370,61385,16,1:15,,,0,,,,0,,,,0,,,,0,,1,10,15,17,1,,,,
asymmetric,4,867,21,a,6,16,5824,16,61389,61389,61390,,,,61433,61400,61415,16,1:15,61416,61431,16,1:15,61417,61432,16,1:15,,,0,,,,0,,,,0,,,,0,,1,10,15,17,1,,,,
asymmetric,4,868,21,a,7,0,5952,16,61436,61436,61437,,,,61480,61447,61462,16,1:15,61463,61478,16,1:15,61464,61479,16,1:15,,,0,,,,0,,,,0,,,,0,,1,10,15,17,1,,,,
asymmetric,4,869,21,a,7,16,6080,16,61483,61483,61484,,,,61527,61494,61509,16,1:15,61510,61525,16,1:15,61511,61526,16,1:15,,,0,,,,0,,,,0,,,,0,,1,10,15,17,1,,,,
asymmetric,4,870,21,bt,0,0,27072,16,61535,61535,61536,,,,61579,61546,61561,16,1:15,61562,61577,16,1:15,61563,61578,16,1:15,,,0,,,,0,,,,0,,,,0,,1,10,15,17,1,,,,
asymmetric,4,871,21,bt,0,16,27200,16,61582,61582,61583,,,,61626,61593,61608,16,1:15,61609,61624,16,1:15,61610,61625,16,1:15,,,0,,,,0,,,,0,,,,0,,1,10,15,17,1,,,,
asymmetric,4,872,21,bt,1,0,27328,16,61629,61629,61630,,,,61673,61640,61655,16,1:15,61656,61671,16,1:15,61657,61672,16,1:15,,,0,,,,0,,,,0,,,,0,,1,10,15,17,1,,,,
asymmetric,4,873,21,bt,1,16,27456,16,61676,61676,61677,,,,61720,61687,61702,16,1:15,61703,61718,16,1:15,61704,61719,16,1:15,,,0,,,,0,,,,0,,,,0,,1,10,15,17,1,,,,
asymmetric,4,874,21,bt,2,0,27584,16,61723,61723,61724,,,,61767,61734,61749,16,1:15,61750,61765,16,1:15,61751,61766,16,1:15,,,0,,,,0,,,,0,,,,0,,1,10,15,17,1,,,,
asymmetric,4,875,21,bt,2,16,27712,16,61770,61770,61771,,,,61814,61781,61796,16,1:15,61797,61812,16,1:15,61798,61813,16,1:15,,,0,,,,0,,,,0,,,,0,,1,10,15,17,1,,,,
asymmetric,4,876,21,bt,3,0,27840,16,61817,61817,61818,,,,61861,61828,61843,16,1:15,61844,61859,16,1:15,61845,61860,16,1:15,,,0,,,,0,,,,0,,,,0,,1,10,15,17,1,,,,
asymmetric,4,877,21,bt,3,16,27968,16,61864,61864,61865,,,,61908,61875,61890,16,1:15,61891,61906,16,1:15,61892,61907,16,1:15,,,0,,,,0,,,,0,,,,0,,1,10,15,17,1,,,,
asymmetric,4,878,21,bt,4,0,28096,16,61911,61911,61912,,,,61955,61922,61937,16,1:15,61938,61953,16,1:15,61939,61954,16,1:15,,,0,,,,0,,,,0,,,,0,,1,10,15,17,1,,,,
asymmetric,4,879,21,bt,4,16,28224,16,61958,61958,61959,,,,62002,61969,61984,16,1:15,61985,62000,16,1:15,61986,62001,16,1:15,,,0,,,,0,,,,0,,,,0,,1,10,15,17,1,,,,
asymmetric,4,880,21,bt,5,0,28352,16,62005,62005,62006,,,,62049,62016,62031,16,1:15,62032,62047,16,1:15,62033,62048,16,1:15,,,0,,,,0,,,,0,,,,0,,1,10,15,17,1,,,,
asymmetric,4,881,21,bt,5,16,28480,16,62052,62052,62053,,,,62096,62063,62078,16,1:15,62079,62094,16,1:15,62080,62095,16,1:15,,,0,,,,0,,,,0,,,,0,,1,10,15,17,1,,,,
asymmetric,4,882,21,bt,6,0,28608,8,62099,62099,62100,,,,62127,62110,62117,8,1:7,62118,62125,8,1:7,62119,62126,8,1:7,,,0,,,,0,,,,0,,,,0,,1,10,7,9,1,,,,
asymmetric,4,883,21,bt,6,8,28672,16,62130,62130,62131,,,,62174,62141,62156,16,1:15,62157,62172,16,1:15,62158,62173,16,1:15,,,0,,,,0,,,,0,,,,0,,1,10,15,17,1,,,,
asymmetric,4,884,21,bt,6,24,28800,8,62177,62177,62178,,,,62205,62188,62195,8,1:7,62196,62203,8,1:7,62197,62204,8,1:7,,,0,,,,0,,,,0,,,,0,,1,10,7,9,1,,,,
asymmetric,4,885,21,bt,7,0,28864,16,62208,62208,62209,,,,62252,62219,62234,16,1:15,62235,62250,16,1:15,62236,62251,16,1:15,,,0,,,,0,,,,0,,,,0,,1,10,15,17,1,,,,
asymmetric,4,886,21,bt,7,16,28992,16,62255,62255,62256,,,,62299,62266,62281,16,1:15,62282,62297,16,1:15,62283,62298,16,1:15,,,0,,,,0,,,,0,,,,0,,1,10,15,17,1,,,,
asymmetric,4,887,21,c,0,0,37344,4,63389,63389,,63410,63409,63421,63422,,,0,,,,0,,,,0,,63391,63406,4,5:3,63393,63408,4,5:3,63394,63409,4,5:3,63410,63413,4,1:3,,,,,,20,4,8,1
asymmetric,4,888,21,c,1,0,37600,4,63425,63425,,63446,63445,63457,63458,,,0,,,,0,,,,0,,63427,63442,4,5:3,63429,63444,4,5:3,63430,63445,4,5:3,63446,63449,4,1:3,,,,,,20,4,8,1
asymmetric,4,889,21,c,2,0,37856,4,63461,63461,,63482,63481,63493,63494,,,0,,,,0,,,,0,,63463,63478,4,5:3,63465,63480,4,5:3,63466,63481,4,5:3,63482,63485,4,1:3,,,,,,20,4,8,1
asymmetric,4,890,21,c,3,0,38112,4,63497,63497,,63518,63517,63529,63530,,,0,,,,0,,,,0,,63499,63514,4,5:3,63501,63516,4,5:3,63502,63517,4,5:3,63518,63521,4,1:3,,,,,,20,4,8,1
asymmetric,4,891,21,c,4,0,38368,4,63533,63533,,63554,63553,63565,63566,,,0,,,,0,,,,0,,63535,63550,4,5:3,63537,63552,4,5:3,63538,63553,4,5:3,63554,63557,4,1:3,,,,,,20,4,8,1
asymmetric,4,892,21,c,5,0,38624,4,63569,63569,,63590,63589,63601,63602,,,0,,,,0,,,,0,,63571,63586,4,5:3,63573,63588,4,5:3,63574,63589,4,5:3,63590,63593,4,1:3,,,,,,20,4,8,1
asymmetric,4,893,21,c,6,0,38880,4,63605,63605,,63626,63625,63637,63638,,,0,,,,0,,,,0,,63607,63622,4,5:3,63609,63624,4,5:3,63610,63625,4,5:3,63626,63629,4,1:3,,,,,,20,4,8,1
asymmetric,4,894,21,c,7,0,39136,4,63641,63641,,63662,63661,63673,63674,,,0,,,,0,,,,0,,63643,63658,4,5:3,63645,63660,4,5:3,63646,63661,4,5:3,63662,63665,4,1:3,,,,,,20,4,8,1
asymmetric,4,895,22,a,0,0,4160,16,63683,63683,63684,,,,63727,63694,63709,16,1:15,63710,63725,16,1:15,63711,63726,16,1:15,,,0,,,,0,,,,0,,,,0,,1,10,15,17,1,,,,
asymmetric,4,896,22,a,0,16,4288,16,63730,63730,63731,,,,63774,63741,63756,16,1:15,63757,63772,16,1:15,63758,63773,16,1:15,,,0,,,,0,,,,0,,,,0,,1,10,15,17,1,,,,
asymmetric,4,897,22,a,1,0,4416,16,63777,63777,63778,,,,63821,63788,63803,16,1:15,63804,63819,16,1:15,63805,63820,16,1:15,,,0,,,,0,,,,0,,,,0,,1,10,15,17,1,,,,
asymmetric,4,898,22,a,1,16,4544,16,63824,63824,63825,,,,63868,63835,63850,16,1:15,63851,63866,16,1:15,63852,63867,16,1:15,,,0,,,,0,,,,0,,,,0,,1,10,15,17,1,,,,
asymmetric,4,899,22,a,2,0,4672,16,63871,63871,63872,,,,63915,63882,63897,16,1:15,63898,63913,16,1:15,63899,63914,16,1:15,,,0,,,,0,,,,0,,,,0,,1,10,15,17,1,,,,
asymmetric,4,900,22,a,2,16,4800,16,63918,63918,63919,,,,63962,63929,63944,16,1:15,63945,63960,16,1:15,63946,63961,16,1:15,,,0,,,,0,,,,0,,,,0,,1,10,15,17,1,,,,
asymmetric,4,901,22,a,3,0,4928,16,63965,63965,63966,,,,64009,63976,63991,16,1:15,63992,64007,16,1:15,63993,64008,16,1:15,,,0,,,,0,,,,0,,,,0,,1,10,15,17,1,,,,
asymmetric,4,902,22,a,3,16,5056,16,64012,64012,64013,,,,64056,64023,64038,16,1:15,64039,64054,16,1:15,64040,64055,16,1:15,,,0,,,,0,,,,0,,,,0,,1,10,15,17,1,,,,
asymmetric,4,903,22,a,4,0,5184,16,64059,64059,64060,,,,64103,64070,64085,16,1:15,64086,64101,16,1:15,64087,64102,16,1:15,,,0,,,,0,,,,0,,,,0,,1,10,15,17,1,,,,
asymmetric,4,904,22,a,4,16,5312,16,64106,64106,64107,,,,64150,64117,64132,16,1:15,64133,64148,16,1:15,64134,64149,16,1:15,,,0,,,,0,,,,0,,,,0,,1,10,15,17,1,,,,
asymmetric,4,905,22,a,5,0,5440,16,64153,64153,64154,,,,64197,64164,64179,16,1:15,64180,64195,16,1:15,64181,64196,16,1:15,,,0,,,,0,,,,0,,,,0,,1,10,15,17,1,,,,
asymmetric,4,906,22,a,5,16,5568,16,64200,64200,64201,,,,64244,64211,64226,16,1:15,64227,64242,16,1:15,64228,64243,16,1:15,,,0,,,,0,,,,0,,,,0,,1,10,15,17,1,,,,
asymmetric,4,907,22,a,6,0,5696,16,64247,64247,64248,,,,64291,64258,64273,16,1:15,64274,64289,16,1:15,64275,64290,16,1:15,,,0,,,,0,,,,0,,,,0,,1,10,15,17,1,,,,
asymmetric,4,908,22,a,6,16,5824,16,64294,64294,64295,,,,64338,64305,64320,16,1:15,64321,64336,16,1:15,64322,64337,16,1:15,,,0,,,,0,,,,0,,,,0,,1,10,15,17,1,,,,
asymmetric,4,909,22,a,7,0,5952,16,64341,64341,64342,,,,64385,64352,64367,16,1:15,64368,64383,16,1:15,64369,64384,16,1:15,,,0,,,,0,,,,0,,,,0,,1,10,15,17,1,,,,
asymmetric,4,910,22,a,7,16,6080,16,64388,64388,64389,,,,64432,64399,64414,16,1:15,64415,64430,16,1:15,64416,64431,16,1:15,,,0,,,,0,,,,0,,,,0,,1,10,15,17,1,,,,
asymmetric,4,911,22,bt,0,0,29120,16,64440,64440,64441,,,,64484,64451,64466,16,1:15,64467,64482,16,1:15,64468,64483,16,1:15,,,0,,,,0,,,,0,,,,0,,1,10,15,17,1,,,,
asymmetric,4,912,22,bt,0,16,29248,16,64487,64487,64488,,,,64531,64498,64513,16,1:15,64514,64529,16,1:15,64515,64530,16,1:15,,,0,,,,0,,,,0,,,,0,,1,10,15,17,1,,,,
asymmetric,4,913,22,bt,1,0,29376,16,64534,64534,64535,,,,64578,64545,64560,16,1:15,64561,64576,16,1:15,64562,64577,16,1:15,,,0,,,,0,,,,0,,,,0,,1,10,15,17,1,,,,
asymmetric,4,914,22,bt,1,16,29504,16,64581,64581,64582,,,,64625,64592,64607,16,1:15,64608,64623,16,1:15,64609,64624,16,1:15,,,0,,,,0,,,,0,,,,0,,1,10,15,17,1,,,,
asymmetric,4,915,22,bt,2,0,29632,16,64628,64628,64629,,,,64672,64639,64654,16,1:15,64655,64670,16,1:15,64656,64671,16,1:15,,,0,,,,0,,,,0,,,,0,,1,10,15,17,1,,,,
asymmetric,4,916,22,bt,2,16,29760,16,64675,64675,64676,,,,64719,64686,64701,16,1:15,64702,64717,16,1:15,64703,64718,16,1:15,,,0,,,,0,,,,0,,,,0,,1,10,15,17,1,,,,
asymmetric,4,917,22,bt,3,0,29888,16,64722,64722,64723,,,,64766,64733,64748,16,1:15,64749,64764,16,1:15,64750,64765,16,1:15,,,0,,,,0,,,,0,,,,0,,1,10,15,17,1,,,,
asymmetric,4,918,22,bt,3,16,30016,16,64769,64769,64770,,,,64813,64780,64795,16,1:15,64796,64811,16,1:15,64797,64812,16,1:15,,,0,,,,0,,,,0,,,,0,,1,10,15,17,1,,,,
asymmetric,4,919,22,bt,4,0,30144,16,64816,64816,64817,,,,64860,64827,64842,16,1:15,64843,64858,16,1:15,64844,64859,16,1:15,,,0,,,,0,,,,0,,,,0,,1,10,15,17,1,,,,
asymmetric,4,920,22,bt,4,16,30272,16,64863,64863,64864,,,,64907,64874,64889,16,1:15,64890,64905,16,1:15,64891,64906,16,1:15,,,0,,,,0,,,,0,,,,0,,1,10,15,17,1,,,,
asymmetric,4,921,22,bt,5,0,30400,16,64910,64910,64911,,,,64954,64921,64936,16,1:15,64937,64952,16,1:15,64938,64953,16,1:15,,,0,,,,0,,,,0,,,,0,,1,10,15,17,1,,,,
asymmetric,4,922,22,bt,5,16,30528,16,64957,64957,64958,,,,65001,64968,64983,16,1:15,64984,64999,16,1:15,64985,65000,16,1:15,,,0,,,,0,,,,0,,,,0,,1,10,15,17,1,,,,
asymmetric,4,923,22,bt,6,0,30656,16,65004,65004,65005,,,,65048,65015,65030,16,1:15,65031,65046,16,1:15,65032,65047,16,1:15,,,0,,,,0,,,,0,,,,0,,1,10,15,17,1,,,,
asymmetric,4,924,22,bt,6,16,30784,16,65051,65051,65052,,,,65095,65062,65077,16,1:15,65078,65093,16,1:15,65079,65094,16,1:15,,,0,,,,0,,,,0,,,,0,,1,10,15,17,1,,,,
asymmetric,4,925,22,bt,7,0,30912,16,65098,65098,65099,,,,65142,65109,65124,16,1:15,65125,65140,16,1:15,65126,65141,16,1:15,,,0,,,,0,,,,0,,,,0,,1,10,15,17,1,,,,
asymmetric,4,926,22,bt,7,16,31040,16,65145,65145,65146,,,,65189,65156,65171,16,1:15,65172,65187,16,1:15,65173,65188,16,1:15,,,0,,,,0,,,,0,,,,0,,1,10,15,17,1,,,,
asymmetric,4,927,22,c,0,0,37376,4,66279,66279,,66300,66299,66311,66312,,,0,,,,0,,,,0,,66281,66296,4,5:3,66283,66298,4,5:3,66284,66299,4,5:3,66300,66303,4,1:3,,,,,,20,4,8,1
asymmetric,4,928,22,c,1,0,37632,4,66315,66315,,66336,66335,66347,66348,,,0,,,,0,,,,0,,66317,66332,4,5:3,66319,66334,4,5:3,66320,66335,4,5:3,66336,66339,4,1:3,,,,,,20,4,8,1
asymmetric,4,929,22,c,2,0,37888,4,66351,66351,,66372,66371,66383,66384,,,0,,,,0,,,,0,,66353,66368,4,5:3,66355,66370,4,5:3,66356,66371,4,5:3,66372,66375,4,1:3,,,,,,20,4,8,1
asymmetric,4,930,22,c,3,0,38144,4,66387,66387,,66408,66407,66419,66420,,,0,,,,0,,,,0,,66389,66404,4,5:3,66391,66406,4,5:3,66392,66407,4,5:3,66408,66411,4,1:3,,,,,,20,4,8,1
asymmetric,4,931,22,c,4,0,38400,4,66423,66423,,66444,66443,66455,66456,,,0,,,,0,,,,0,,66425,66440,4,5:3,66427,66442,4,5:3,66428,66443,4,5:3,66444,66447,4,1:3,,,,,,20,4,8,1
asymmetric,4,932,22,c,5,0,38656,4,66459,66459,,66480,66479,66491,66492,,,0,,,,0,,,,0,,66461,66476,4,5:3,66463,66478,4,5:3,66464,66479,4,5:3,66480,66483,4,1:3,,,,,,20,4,8,1
asymmetric,4,933,22,c,6,0,38912,4,66495,66495,,66516,66515,66527,66528,,,0,,,,0,,,,0,,66497,66512,4,5:3,66499,66514,4,5:3,66500,66515,4,5:3,66516,66519,4,1:3,,,,,,20,4,8,1
asymmetric,4,934,22,c,7,0,39168,4,66531,66531,,66552,66551,66563,66564,,,0,,,,0,,,,0,,66533,66548,4,5:3,66535,66550,4,5:3,66536,66551,4,5:3,66552,66555,4,1:3,,,,,,20,4,8,1
asymmetric,4,935,23,a,0,0,4160,16,66573,66573,66574,,,,66617,66584,66599,16,1:15,66600,66615,16,1:15,66601,66616,16,1:15,,,0,,,,0,,,,0,,,,0,,1,10,15,17,1,,,,
asymmetric,4,936,23,a,0,16,4288,16,66620,66620,66621,,,,66664,66631,66646,16,1:15,66647,66662,16,1:15,66648,66663,16,1:15,,,0,,,,0,,,,0,,,,0,,1,10,15,17,1,,,,
asymmetric,4,937,23,a,1,0,4416,16,66667,66667,66668,,,,66711,66678,66693,16,1:15,66694,66709,16,1:15,66695,66710,16,1:15,,,0,,,,0,,,,0,,,,0,,1,10,15,17,1,,,,
asymmetric,4,938,23,a,1,16,4544,16,66714,66714,66715,,,,66758,66725,66740,16,1:15,66741,66756,16,1:15,66742,66757,16,1:15,,,0,,,,0,,,,0,,,,0,,1,10,15,17,1,,,,
asymmetric,4,939,23,a,2,0,4672,16,66761,66761,66762,,,,66805,66772,66787,16,1:15,66788,66803,16,1:15,66789,66804,16,1:15,,,0,,,,0,,,,0,,,,0,,1,10,15,17,1,,,,
asymmetric,4,940,23,a,2,16,4800,16,66808,66808,66809,,,,66852,66819,66834,16,1:15,66835,66850,16,1:15,66836,66851,16,1:15,,,0,,,,0,,,,0,,,,0,,1,10,15,17,1,,,,
asymmetric,4,941,23,a,3,0,4928,16,66855,66855,66856,,,,66899,66866,66881,16,1:15,66882,66897,16,1:15,66883,66898,16,1:15,,,0,,,,0,,,,0,,,,0,,1,10,15,17,1,,,,
asymmetric,4,942,23,a,3,16,5056,16,66902,66902,66903,,,,66946,66913,66928,16,1:15,66929,66944,16,1:15,66930,66945,16,1:15,,,0,,,,0,,,,0,,,,0,,1,10,15,17,1,,,,
asymmetric,4,943,23,a,4,0,5184,16,66949,66949,66950,,,,66993,66960,66975,16,1:15,66976,66991,16,1:15,66977,66992,16,1:15,,,0,,,,0,,,,0,,,,0,,1,10,15,17,1,,,,
asymmetric,4,944,23,a,4,16,5312,16,66996,66996,66997,,,,67040,67007,67022,16,1:15,67023,67038,16,1:15,67024,67039,16,1:15,,,0,,,,0,,,,0,,,,0,,1,10,15,17,1,,,,
asymmetric,4,945,23,a,5,0,5440,16,67043,67043,67044,,,,67087,67054,67069,16,1:15,67070,67085,16,1:15,67071,67086,16,1:15,,,0,,,,0,,,,0,,,,0,,1,10,15,17,1,,,,
asymmetric,4,946,23,a,5,16,5568,16,67090,67090,67091,,,,67134,67101,67116,16,1:15,67117,67132,16,1:15,67118,67133,16,1:15,,,0,,,,0,,,,0,,,,0,,1,10,15,17,1,,,,
asymmetric,4,947,23,a,6,0,5696,16,67137,67137,67138,,,,67181,67148,67163,16,1:15,67164,67179,16,1:15,67165,67180,16,1:15,,,0,,,,0,,,,0,,,,0,,1,10,15,17,1,,,,
asymmetric,4,948,23,a,6,16,5824,16,67184,67184,67185,,,,67228,67195,67210,16,1:15,67211,67226,16,1:15,67212,67227,16,1:15,,,0,,,,0,,,,0,,,,0,,1,10,15,17,1,,,,
asymmetric,4,949,23,a,7,0,5952,16,67231,67231,67232,,,,67275,67242,67257,16,1:15,67258,67273,16,1:15,67259,67274,16,1:15,,,0,,,,0,,,,0,,,,0,,1,10,15,17,1,,,,
asymmetric,4,950,23,a,7,16,6080,16,67278,67278,67279,,,,67322,67289,67304,16,1:15,67305,67320,16,1:15,67306,67321,16,1:15,,,0,,,,0,,,,0,,,,0,,1,10,15,17,1,,,,
asymmetric,4,951,23,bt,0,0,31168,16,67330,67330,67331,,,,67374,67341,67356,16,1:15,67357,67372,16,1:15,67358,67373,16,1:15,,,0,,,,0,,,,0,,,,0,,1,10,15,17,1,,,,
asymmetric,4,952,23,bt,0,16,31296,16,67377,67377,67378,,,,67421,67388,67403,16,1:15,67404,67419,16,1:15,67405,67420,16,1:15,,,0,,,,0,,,,0,,,,0,,1,10,15,17,1,,,,
asymmetric,4,953,23,bt,1,0,31424,16,67424,67424,67425,,,,67468,67435,67450,16,1:15,67451,67466,16,1:15,67452,67467,16,1:15,,,0,,,,0,,,,0,,,,0,,1,10,15,17,1,,,,
asymmetric,4,954,23,bt,1,16,31552,16,67471,67471,67472,,,,67515,67482,67497,16,1:15,67498,67513,16,1:15,67499,67514,16,1:15,,,0,,,,0,,,,0,,,,0,,1,10,15,17,1,,,,
asymmetric,4,955,23,bt,2,0,31680,16,67518,67518,67519,,,,67562,67529,67544,16,1:15,67545,67560,16,1:15,67546,67561,16,1:15,,,0,,,,0,,,,0,,,,0,,1,10,15,17,1,,,,
asymmetric,4,956,23,bt,2,16,31808,16,67565,67565,67566,,,,67609,67576,67591,16,1:15,67592,67607,16,1:15,67593,67608,16,1:15,,,0,,,,0,,,,0,,,,0,,1,10,15,17,1,,,,
asymmetric,4,957,23,bt,3,0,31936,16,67612,67612,67613,,,,67656,67623,67638,16,1:15,67639,67654,16,1:15,67640,67655,16,1:15,,,0,,,,0,,,,0,,,,0,,1,10,15,17,1,,,,
asymmetric,4,958,23,bt,3,16,32064,16,67659,67659,67660,,,,67703,67670,67685,16,1:15,67686,67701,16,1:15,67687,67702,16,1:15,,,0,,,,0,,,,0,,,,0,,1,10,15,17,1,,,,
asymmetric,4,959,23,bt,4,0,32192,16,67706,67706,67707,,,,67750,67717,67732,16,1:15,67733,67748,16,1:15,67734,67749,16,1:15,,,0,,,,0,,,,0,,,,0,,1,10,15,17,1,,,,
asymmetric,4,960,23,bt,4,16,32320,16,67753,67753,67754,,,,67797,67764,67779,16,1:15,67780,67795,16,1:15,67781,67796,16,1:15,,,0,,,,0,,,,0,,,,0,,1,10,15,17,1,,,,
asymmetric,4,961,23,bt,5,0,32448,16,67800,67800,67801,,,,67844,67811,67826,16,1:15,67827,67842,16,1:15,67828,67843,16,1:15,,,0,,,,0,,,,0,,,,0,,1,10,15,17,1,,,,
asymmetric,4,962,23,bt,5,16,32576,16,67847,67847,67848,,,,67891,67858,67873,16,1:15,67874,67889,16,1:15,67875,67890,16,1:15,,,0,,,,0,,,,0,,,,0,,1,10,15,17,1,,,,
asymmetric,4,963,23,bt,6,0,32704,8,67894,67894,67895,,,,67922,67905,67912,8,1:7,67913,67920,8,1:7,67914,67921,8,1:7,,,0,,,,0,,,,0,,,,0,,1,10,7,9,1,,,,
asymmetric,4,964,23,bt,6,8,32768,16,67925,67925,67926,,,,67969,67936,67951,16,1:15,67952,67967,16,1:15,67953,67968,16,1:15,,,0,,,,0,,,,0,,,,0,,1,10,15,17,1,,,,
asymmetric,4,965,23,bt,6,24,32896,8,67972,67972,67973,,,,68000,67983,67990,8,1:7,67991,67998,8,1:7,67992,67999,8,1:7,,,0,,,,0,,,,0,,,,0,,1,10,7,9,1,,,,
asymmetric,4,966,23,c,0,0,37408,4,69090,69090,,69111,69110,69122,69123,,,0,,,,0,,,,0,,69092,69107,4,5:3,69094,69109,4,5:3,69095,69110,4,5:3,69111,69114,4,1:3,,,,,,20,4,8,1
asymmetric,4,967,23,c,1,0,37664,4,69126,69126,,69147,69146,69158,69159,,,0,,,,0,,,,0,,69128,69143,4,5:3,69130,69145,4,5:3,69131,69146,4,5:3,69147,69150,4,1:3,,,,,,20,4,8,1
asymmetric,4,968,23,c,2,0,37920,4,69162,69162,,69183,69182,69194,69195,,,0,,,,0,,,,0,,69164,69179,4,5:3,69166,69181,4,5:3,69167,69182,4,5:3,69183,69186,4,1:3,,,,,,20,4,8,1
asymmetric,4,969,23,c,3,0,38176,4,69198,69198,,69219,69218,69230,69231,,,0,,,,0,,,,0,,69200,69215,4,5:3,69202,69217,4,5:3,69203,69218,4,5:3,69219,69222,4,1:3,,,,,,20,4,8,1
asymmetric,4,970,23,c,4,0,38432,4,69234,69234,,69255,69254,69266,69267,,,0,,,,0,,,,0,,69236,69251,4,5:3,69238,69253,4,5:3,69239,69254,4,5:3,69255,69258,4,1:3,,,,,,20,4,8,1
asymmetric,4,971,23,c,5,0,38688,4,69270,69270,,69291,69290,69302,69303,,,0,,,,0,,,,0,,69272,69287,4,5:3,69274,69289,4,5:3,69275,69290,4,5:3,69291,69294,4,1:3,,,,,,20,4,8,1
asymmetric,4,972,23,c,6,0,38944,4,69306,69306,,69327,69326,69338,69339,,,0,,,,0,,,,0,,69308,69323,4,5:3,69310,69325,4,5:3,69311,69326,4,5:3,69327,69330,4,1:3,,,,,,20,4,8,1
asymmetric,4,973,23,c,7,0,39200,4,69342,69342,,69363,69362,69374,69375,,,0,,,,0,,,,0,,69344,69359,4,5:3,69346,69361,4,5:3,69347,69362,4,5:3,69363,69366,4,1:3,,,,,,20,4,8,1
asymmetric,4,974,24,a,0,0,6208,16,69384,69384,69385,,,,69428,69395,69410,16,1:15,69411,69426,16,1:15,69412,69427,16,1:15,,,0,,,,0,,,,0,,,,0,,1,10,15,17,1,,,,
asymmetric,4,975,24,a,0,16,6336,16,69431,69431,69432,,,,69475,69442,69457,16,1:15,69458,69473,16,1:15,69459,69474,16,1:15,,,0,,,,0,,,,0,,,,0,,1,10,15,17,1,,,,
asymmetric,4,976,24,a,1,0,6464,16,69478,69478,69479,,,,69522,69489,69504,16,1:15,69505,69520,16,1:15,69506,69521,16,1:15,,,0,,,,0,,,,0,,,,0,,1,10,15,17,1,,,,
asymmetric,4,977,24,a,1,16,6592,16,69525,69525,69526,,,,69569,69536,69551,16,1:15,69552,69567,16,1:15,69553,69568,16,1:15,,,0,,,,0,,,,0,,,,0,,1,10,15,17,1,,,,
asymmetric,4,978,24,a,2,0,6720,16,69572,69572,69573,,,,69616,69583,69598,16,1:15,69599,69614,16,1:15,69600,69615,16,1:15,,,0,,,,0,,,,0,,,,0,,1,10,15,17,1,,,,
asymmetric,4,979,24,a,2,16,6848,16,69619,69619,69620,,,,69663,69630,69645,16,1:15,69646,69661,16,1:15,69647,69662,16,1:15,,,0,,,,0,,,,0,,,,0,,1,10,15,17,1,,,,
asymmetric,4,980,24,a,3,0,6976,16,69666,69666,69667,,,,69710,69677,69692,16,1:15,69693,69708,16,1:15,69694,69709,16,1:15,,,0,,,,0,,,,0,,,,0,,1,10,15,17,1,,,,
asymmetric,4,981,24,a,3,16,7104,16,69713,69713,69714,,,,69757,69724,69739,16,1:15,69740,69755,16,1:15,69741,69756,16,1:15,,,0,,,,0,,,,0,,,,0,,1,10,15,17,1,,,,
asymmetric,4,982,24,a,4,0,7232,16,69760,69760,69761,,,,69804,69771,69786,16,1:15,69787,69802,16,1:15,69788,69803,16,1:15,,,0,,,,0,,,,0,,,,0,,1,10,15,17,1,,,,
asymmetric,4,983,24,a,4,16,7360,16,69807,69807,69808,,,,69851,69818,69833,16,1:15,69834,69849,16,1:15,69835,69850,16,1:15,,,0,,,,0,,,,0,,,,0,,1,10,15,17,1,,,,
asymmetric,4,984,24,a,5,0,7488,16,69854,69854,69855,,,,69898,69865,69880,16,1:15,69881,69896,16,1:15,69882,69897,16,1:15,,,0,,,,0,,,,0,,,,0,,1,10,15,17,1,,,,
asymmetric,4,985,24,a,5,16,7616,16,69901,69901,69902,,,,69945,69912,69927,16,1:15,69928,69943,16,1:15,69929,69944,16,1:15,,,0,,,,0,,,,0,,,,0,,1,10,15,17,1,,,,
asymmetric,4,986,24,a,6,0,7744,16,69948,69948,69949,,,,69992,69959,69974,16,1:15,69975,69990,16,1:15,69976,69991,16,1:15,,,0,,,,0,,,,0,,,,0,,1,10,15,17,1,,,,
asymmetric,4,987,24,a,6,16,7872,16,69995,69995,69996,,,,70039,70006,70021,16,1:15,70022,70037,16,1:15,70023,70038,16,1:15,,,0,,,,0,,,,0,,,,0,,1,10,15,17,1,,,,
asymmetric,4,988,24,a,7,0,8000,16,70042,70042,70043,,,,70086,70053,70068,16,1:15,70069,70084,16,1:15,70070,70085,16,1:15,,,0,,,,0,,,,0,,,,0,,1,10,15,17,1,,,,
asymmetric,4,989,24,a,7,16,8128,8,70089,70089,70090,,,,70117,70100,70107,8,1:7,70108,70115,8,1:7,70109,70116,8,1:7,,,0,,,,0,,,,0,,,,0,,1,10,7,9,1,,,,
asymmetric,4,990,24,a,7,24,8192,8,70120,70120,70121,,,,70148,70131,70138,8,1:7,70139,70146,8,1:7,70140,70147,8,1:7,,,0,,,,0,,,,0,,,,0,,1,10,7,9,1,,,,
asymmetric,4,991,24,bt,0,0,16832,16,70156,70156,70157,,,,70200,70167,70182,16,1:15,70183,70198,16,1:15,70184,70199,16,1:15,,,0,,,,0,,,,0,,,,0,,1,10,15,17,1,,,,
asymmetric,4,992,24,bt,0,16,16960,16,70203,70203,70204,,,,70247,70214,70229,16,1:15,70230,70245,16,1:15,70231,70246,16,1:15,,,0,,,,0,,,,0,,,,0,,1,10,15,17,1,,,,
asymmetric,4,993,24,bt,1,0,17088,16,70250,70250,70251,,,,70294,70261,70276,16,1:15,70277,70292,16,1:15,70278,70293,16,1:15,,,0,,,,0,,,,0,,,,0,,1,10,15,17,1,,,,
asymmetric,4,994,24,bt,1,16,17216,16,70297,70297,70298,,,,70341,70308,70323,16,1:15,70324,70339,16,1:15,70325,70340,16,1:15,,,0,,,,0,,,,0,,,,0,,1,10,15,17,1,,,,
asymmetric,4,995,24,bt,2,0,17344,16,70344,70344,70345,,,,70388,70355,70370,16,1:15,70371,70386,16,1:15,70372,70387,16,1:15,,,0,,,,0,,,,0,,,,0,,1,10,15,17,1,,,,
asymmetric,4,996,24,bt,2,16,17472,16,70391,70391,70392,,,,70435,70402,70417,16,1:15,70418,70433,16,1:15,70419,70434,16,1:15,,,0,,,,0,,,,0,,,,0,,1,10,15,17,1,,,,
asymmetric,4,997,24,bt,3,0,17600,16,70438,70438,70439,,,,70482,70449,70464,16,1:15,70465,70480,16,1:15,70466,70481,16,1:15,,,0,,,,0,,,,0,,,,0,,1,10,15,17,1,,,,
asymmetric,4,998,24,bt,3,16,17728,16,70485,70485,70486,,,,70529,70496,70511,16,1:15,70512,70527,16,1:15,70513,70528,16,1:15,,,0,,,,0,,,,0,,,,0,,1,10,15,17,1,,,,
asymmetric,4,999,24,bt,4,0,17856,16,70532,70532,70533,,,,70576,70543,70558,16,1:15,70559,70574,16,1:15,70560,70575,16,1:15,,,0,,,,0,,,,0,,,,0,,1,10,15,17,1,,,,
asymmetric,4,1000,24,bt,4,16,17984,16,70579,70579,70580,,,,70623,70590,70605,16,1:15,70606,70621,16,1:15,70607,70622,16,1:15,,,0,,,,0,,,,0,,,,0,,1,10,15,17,1,,,,
asymmetric,4,1001,24,bt,5,0,18112,16,70626,70626,70627,,,,70670,70637,70652,16,1:15,70653,70668,16,1:15,70654,70669,16,1:15,,,0,,,,0,,,,0,,,,0,,1,10,15,17,1,,,,
asymmetric,4,1002,24,bt,5,16,18240,16,70673,70673,70674,,,,70717,70684,70699,16,1:15,70700,70715,16,1:15,70701,70716,16,1:15,,,0,,,,0,,,,0,,,,0,,1,10,15,17,1,,,,
asymmetric,4,1003,24,bt,6,0,18368,16,70720,70720,70721,,,,70764,70731,70746,16,1:15,70747,70762,16,1:15,70748,70763,16,1:15,,,0,,,,0,,,,0,,,,0,,1,10,15,17,1,,,,
asymmetric,4,1004,24,bt,6,16,18496,16,70767,70767,70768,,,,70811,70778,70793,16,1:15,70794,70809,16,1:15,70795,70810,16,1:15,,,0,,,,0,,,,0,,,,0,,1,10,15,17,1,,,,
asymmetric,4,1005,24,bt,7,0,18624,16,70814,70814,70815,,,,70858,70825,70840,16,1:15,70841,70856,16,1:15,70842,70857,16,1:15,,,0,,,,0,,,,0,,,,0,,1,10,15,17,1,,,,
asymmetric,4,1006,24,bt,7,16,18752,16,70861,70861,70862,,,,70905,70872,70887,16,1:15,70888,70903,16,1:15,70889,70904,16,1:15,,,0,,,,0,,,,0,,,,0,,1,10,15,17,1,,,,
asymmetric,4,1007,24,c,0,0,39232,4,71995,71995,,72016,72015,72027,72028,,,0,,,,0,,,,0,,71997,72012,4,5:3,71999,72014,4,5:3,72000,72015,4,5:3,72016,72019,4,1:3,,,,,,20,4,8,1
asymmetric,4,1008,24,c,1,0,39488,4,72031,72031,,72052,72051,72063,72064,,,0,,,,0,,,,0,,72033,72048,4,5:3,72035,72050,4,5:3,72036,72051,4,5:3,72052,72055,4,1:3,,,,,,20,4,8,1
asymmetric,4,1009,24,c,2,0,39744,4,72067,72067,,72088,72087,72099,72100,,,0,,,,0,,,,0,,72069,72084,4,5:3,72071,72086,4,5:3,72072,72087,4,5:3,72088,72091,4,1:3,,,,,,20,4,8,1
asymmetric,4,1010,24,c,3,0,40000,4,72103,72103,,72124,72123,72135,72136,,,0,,,,0,,,,0,,72105,72120,4,5:3,72107,72122,4,5:3,72108,72123,4,5:3,72124,72127,4,1:3,,,,,,20,4,8,1
asymmetric,4,1011,24,c,4,0,40256,4,72139,72139,,72160,72159,72171,72172,,,0,,,,0,,,,0,,72141,72156,4,5:3,72143,72158,4,5:3,72144,72159,4,5:3,72160,72163,4,1:3,,,,,,20,4,8,1
asymmetric,4,1012,24,c,5,0,40512,4,72175,72175,,72196,72195,72207,72208,,,0,,,,0,,,,0,,72177,72192,4,5:3,72179,72194,4,5:3,72180,72195,4,5:3,72196,72199,4,1:3,,,,,,20,4,8,1
asymmetric,4,1013,24,c,6,0,40768,4,72211,72211,,72232,72231,72243,72244,,,0,,,,0,,,,0,,72213,72228,4,5:3,72215,72230,4,5:3,72216,72231,4,5:3,72232,72235,4,1:3,,,,,,20,4,8,1
asymmetric,4,1014,24,c,7,0,41024,4,72247,72247,,72268,72267,72279,72280,,,0,,,,0,,,,0,,72249,72264,4,5:3,72251,72266,4,5:3,72252,72267,4,5:3,72268,72271,4,1:3,,,,,,20,4,8,1
asymmetric,4,1015,25,a,0,0,6208,16,72289,72289,72290,,,,72333,72300,72315,16,1:15,72316,72331,16,1:15,72317,72332,16,1:15,,,0,,,,0,,,,0,,,,0,,1,10,15,17,1,,,,
asymmetric,4,1016,25,a,0,16,6336,16,72336,72336,72337,,,,72380,72347,72362,16,1:15,72363,72378,16,1:15,72364,72379,16,1:15,,,0,,,,0,,,,0,,,,0,,1,10,15,17,1,,,,
asymmetric,4,1017,25,a,1,0,6464,16,72383,72383,72384,,,,72427,72394,72409,16,1:15,72410,72425,16,1:15,72411,72426,16,1:15,,,0,,,,0,,,,0,,,,0,,1,10,15,17,1,,,,
asymmetric,4,1018,25,a,1,16,6592,16,72430,72430,72431,,,,72474,72441,72456,16,1:15,72457,72472,16,1:15,72458,72473,16,1:15,,,0,,,,0,,,,0,,,,0,,1,10,15,17,1,,,,
asymmetric,4,1019,25,a,2,0,6720,16,72477,72477,72478,,,,72521,72488,72503,16,1:15,72504,72519,16,1:15,72505,72520,16,1:15,,,0,,,,0,,,,0,,,,0,,1,10,15,17,1,,,,
asymmetric,4,1020,25,a,2,16,6848,16,72524,72524,72525,,,,72568,72535,72550,16,1:15,72551,72566,16,1:15,72552,72567,16,1:15,,,0,,,,0,,,,0,,,,0,,1,10,15,17,1,,,,
asymmetric,4,1021,25,a,3,0,6976,16,72571,72571,72572,,,,72615,72582,72597,16,1:15,72598,72613,16,1:15,72599,72614,16,1:15,,,0,,,,0,,,,0,,,,0,,1,10,15,17,1,,,,
asymmetric,4,1022,25,a,3,16,7104,16,72618,72618,72619,,,,72662,72629,72644,16,1:15,72645,72660,16,1:15,72646,72661,16,1:15,,,0,,,,0,,,,0,,,,0,,1,10,15,17,1,,,,
asymmetric,4,1023,25,a,4,0,7232,16,72665,72665,72666,,,,72709,72676,72691,16,1:15,72692,72707,16,1:15,72693,72708,16,1:15,,,0,,,,0,,,,0,,,,0,,1,10,15,17,1,,,,
asymmetric,4,1024,25,a,4,16,7360,16,72712,72712,72713,,,,72756,72723,72738,16,1:15,72739,72754,16,1:15,72740,72755,16,1:15,,,0,,,,0,,,,0,,,,0,,1,10,15,17,1,,,,
asymmetric,4,1025,25,a,5,0,7488,16,72759,72759,72760,,,,72803,72770,72785,16,1:15,72786,72801,16,1:15,72787,72802,16,1:15,,,0,,,,0,,,,0,,,,0,,1,10,15,17,1,,,,
asymmetric,4,1026,25,a,5,16,7616,16,72806,72806,72807,,,,72850,72817,72832,16,1:15,72833,72848,16,1:15,72834,72849,16,1:15,,,0,,,,0,,,,0,,,,0,,1,10,15,17,1,,,,
asymmetric,4,1027,25,a,6,0,7744,16,72853,72853,72854,,,,72897,72864,72879,16,1:15,72880,72895,16,1:15,72881,72896,16,1:15,,,0,,,,0,,,,0,,,,0,,1,10,15,17,1,,,,
asymmetric,4,1028,25,a,6,16,7872,16,72900,72900,72901,,,,72944,72911,72926,16,1:15,72927,72942,16,1:15,72928,72943,16,1:15,,,0,,,,0,,,,0,,,,0,,1,10,15,17,1,,,,
asymmetric,4,1029,25,a,7,0,8000,16,72947,72947,72948,,,,72991,72958,72973,16,1:15,72974,72989,16,1:15,72975,72990,16,1:15,,,0,,,,0,,,,0,,,,0,,1,10,15,17,1,,,,
asymmetric,4,1030,25,a,7,16,8128,8,72994,72994,72995,,,,73022,73005,73012,8,1:7,73013,73020,8,1:7,73014,73021,8,1:7,,,0,,,,0,,,,0,,,,0,,1,10,7,9,1,,,,
asymmetric,4,1031,25,a,7,24,8192,8,73025,73025,73026,,,,73053,73036,73043,8,1:7,73044,73051,8,1:7,73045,73052,8,1:7,,,0,,,,0,,,,0,,,,0,,1,10,7,9,1,,,,
asymmetric,4,1032,25,bt,0,0,18880,16,73061,73061,73062,,,,73105,73072,73087,16,1:15,73088,73103,16,1:15,73089,73104,16,1:15,,,0,,,,0,,,,0,,,,0,,1,10,15,17,1,,,,
asymmetric,4,1033,25,bt,0,16,19008,16,73108,73108,73109,,,,73152,73119,73134,16,1:15,73135,73150,16,1:15,73136,73151,16,1:15,,,0,,,,0,,,,0,,,,0,,1,10,15,17,1,,,,
asymmetric,4,1034,25,bt,1,0,19136,16,73155,73155,73156,,,,73199,73166,73181,16,1:15,73182,73197,16,1:15,73183,73198,16,1:15,,,0,,,,0,,,,0,,,,0,,1,10,15,17,1,,,,
asymmetric,4,1035,25,bt,1,16,19264,16,73202,73202,73203,,,,73246,73213,73228,16,1:15,73229,73244,16,1:15,73230,73245,16,1:15,,,0,,,,0,,,,0,,,,0,,1,10,15,17,1,,,,
asymmetric,4,1036,25,bt,2,0,19392,16,73249,73249,73250,,,,73293,73260,73275,16,1:15,73276,73291,16,1:15,73277,73292,16,1:15,,,0,,,,0,,,,0,,,,0,,1,10,15,17,1,,,,
asymmetric,4,1037,25,bt,2,16,19520,16,73296,73296,73297,,,,73340,73307,73322,16,1:15,73323,73338,16,1:15,73324,73339,16,1:15,,,0,,,,0,,,,0,,,,0,,1,10,15,17,1,,,,
asymmetric,4,1038,25,bt,3,0,19648,16,73343,73343,73344,,,,73387,73354,73369,16,1:15,73370,73385,16,1:15,73371,73386,16,1:15,,,0,,,,0,,,,0,,,,0,,1,10,15,17,1,,,,
asymmetric,4,1039,25,bt,3,16,19776,16,73390,73390,73391,,,,73434,73401,73416,16,1:15,73417,73432,16,1:15,73418,73433,16,1:15,,,0,,,,0,,,,0,,,,0,,1,10,15,17,1,,,,
asymmetric,4,1040,25,bt,4,0,19904,16,73437,73437,73438,,,,73481,73448,73463,16,1:15,73464,73479,16,1:15,73465,73480,16,1:15,,,0,,,,0,,,,0,,,,0,,1,10,15,17,1,,,,
asymmetric,4,1041,25,bt,4,16,20032,16,73484,73484,73485,,,,73528,73495,73510,16,1:15,73511,73526,16,1:15,73512,73527,16,1:15,,,0,,,,0,,,,0,,,,0,,1,10,15,17,1,,,,
asymmetric,4,1042,25,bt,5,0,20160,16,73531,73531,73532,,,,73575,73542,73557,16,1:15,73558,73573,16,1:15,73559,73574,16,1:15,,,0,,,,0,,,,0,,,,0,,1,10,15,17,1,,,,
asymmetric,4,1043,25,bt,5,16,20288,16,73578,73578,73579,,,,73622,73589,73604,16,1:15,73605,73620,16,1:15,73606,73621,16,1:15,,,0,,,,0,,,,0,,,,0,,1,10,15,17,1,,,,
asymmetric,4,1044,25,bt,6,0,20416,8,73625,73625,73626,,,,73653,73636,73643,8,1:7,73644,73651,8,1:7,73645,73652,8,1:7,,,0,,,,0,,,,0,,,,0,,1,10,7,9,1,,,,
asymmetric,4,1045,25,bt,6,8,20480,16,73656,73656,73657,,,,73700,73667,73682,16,1:15,73683,73698,16,1:15,73684,73699,16,1:15,,,0,,,,0,,,,0,,,,0,,1,10,15,17,1,,,,
asymmetric,4,1046,25,bt,6,24,20608,8,73703,73703,73704,,,,73731,73714,73721,8,1:7,73722,73729,8,1:7,73723,73730,8,1:7,,,0,,,,0,,,,0,,,,0,,1,10,7,9,1,,,,
asymmetric,4,1047,25,bt,7,0,20672,16,73734,73734,73735,,,,73778,73745,73760,16,1:15,73761,73776,16,1:15,73762,73777,16,1:15,,,0,,,,0,,,,0,,,,0,,1,10,15,17,1,,,,
asymmetric,4,1048,25,bt,7,16,20800,16,73781,73781,73782,,,,73825,73792,73807,16,1:15,73808,73823,16,1:15,73809,73824,16,1:15,,,0,,,,0,,,,0,,,,0,,1,10,15,17,1,,,,
asymmetric,4,1049,25,c,0,0,39264,4,74915,74915,,74936,74935,74947,74948,,,0,,,,0,,,,0,,74917,74932,4,5:3,74919,74934,4,5:3,74920,74935,4,5:3,74936,74939,4,1:3,,,,,,20,4,8,1
asymmetric,4,1050,25,c,1,0,39520,4,74951,74951,,74972,74971,74983,74984,,,0,,,,0,,,,0,,74953,74968,4,5:3,74955,74970,4,5:3,74956,74971,4,5:3,74972,74975,4,1:3,,,,,,20,4,8,1
asymmetric,4,1051,25,c,2,0,39776,4,74987,74987,,75008,75007,75019,75020,,,0,,,,0,,,,0,,74989,75004,4,5:3,74991,75006,4,5:3,74992,75007,4,5:3,75008,75011,4,1:3,,,,,,20,4,8,1
asymmetric,4,1052,25,c,3,0,40032,4,75023,75023,,75044,75043,75055,75056,,,0,,,,0,,,,0,,75025,75040,4,5:3,75027,75042,4,5:3,75028,75043,4,5:3,75044,75047,4,1:3,,,,,,20,4,8,1
asymmetric,4,1053,25,c,4,0,40288,4,75059,75059,,75080,75079,75091,75092,,,0,,,,0,,,,0,,75061,75076,4,5:3,75063,75078,4,5:3,75064,75079,4,5:3,75080,75083,4,1:3,,,,,,20,4,8,1
asymmetric,4,1054,25,c,5,0,40544,4,75095,75095,,75116,75115,75127,75128,,,0,,,,0,,,,0,,75097,75112,4,5:3,75099,75114,4,5:3,75100,75115,4,5:3,75116,75119,4,1:3,,,,,,20,4,8,1
asymmetric,4,1055,25,c,6,0,40800,4,75131,75131,,75152,75151,75163,75164,,,0,,,,0,,,,0,,75133,75148,4,5:3,75135,75150,4,5:3,75136,75151,4,5:3,75152,75155,4,1:3,,,,,,20,4,8,1
asymmetric,4,1056,25,c,7,0,41056,4,75167,75167,,75188,75187,75199,75200,,,0,,,,0,,,,0,,75169,75184,4,5:3,75171,75186,4,5:3,75172,75187,4,5:3,75188,75191,4,1:3,,,,,,20,4,8,1
asymmetric,4,1057,26,a,0,0,6208,16,75209,75209,75210,,,,75253,75220,75235,16,1:15,75236,75251,16,1:15,75237,75252,16,1:15,,,0,,,,0,,,,0,,,,0,,1,10,15,17,1,,,,
asymmetric,4,1058,26,a,0,16,6336,16,75256,75256,75257,,,,75300,75267,75282,16,1:15,75283,75298,16,1:15,75284,75299,16,1:15,,,0,,,,0,,,,0,,,,0,,1,10,15,17,1,,,,
asymmetric,4,1059,26,a,1,0,6464,16,75303,75303,75304,,,,75347,75314,75329,16,1:15,75330,75345,16,1:15,75331,75346,16,1:15,,,0,,,,0,,,,0,,,,0,,1,10,15,17,1,,,,
asymmetric,4,1060,26,a,1,16,6592,16,75350,75350,75351,,,,75394,75361,75376,16,1:15,75377,75392,16,1:15,75378,75393,16,1:15,,,0,,,,0,,,,0,,,,0,,1,10,15,17,1,,,,
asymmetric,4,1061,26,a,2,0,6720,16,75397,75397,75398,,,,75441,75408,75423,16,1:15,75424,75439,16,1:15,75425,75440,16,1:15,,,0,,,,0,,,,0,,,,0,,1,10,15,17,1,,,,
asymmetric,4,1062,26,a,2,16,6848,16,75444,75444,75445,,,,75488,75455,75470,16,1:15,75471,75486,16,1:15,75472,75487,16,1:15,,,0,,,,0,,,,0,,,,0,,1,10,15,17,1,,,,
asymmetric,4,1063,26,a,3,0,6976,16,75491,75491,75492,,,,75535,75502,75517,16,1:15,75518,75533,16,1:15,75519,75534,16,1:15,,,0,,,,0,,,,0,,,,0,,1,10,15,17,1,,,,
asymmetric,4,1064,26,a,3,16,7104,16,75538,75538,75539,,,,75582,75549,75564,16,1:15,75565,75580,16,1:15,75566,75581,16,1:15,,,0,,,,0,,,,0,,,,0,,1,10,15,17,1,,,,
asymmetric,4,1065,26,a,4,0,7232,16,75585,75585,75586,,,,75629,75596,75611,16,1:15,75612,75627,16,1:15,75613,75628,16,1:15,,,0,,,,0,,,,0,,,,0,,1,10,15,17,1,,,,
asymmetric,4,1066,26,a,4,16,7360,16,75632,75632,75633,,,,75676,75643,75658,16,1:15,75659,75674,16,1:15,75660,75675,16,1:15,,,0,,,,0,,,,0,,,,0,,1,10,15,17,1,,,,
asymmetric,4,1067,26,a,5,0,7488,16,75679,75679,75680,,,,75723,75690,75705,16,1:15,75706,75721,16,1:15,75707,75722,16,1:15,,,0,,,,0,,,,0,,,,0,,1,10,15,17,1,,,,
asymmetric,4,1068,26,a,5,16,7616,16,75726,75726,75727,,,,75770,75737,75752,16,1:15,75753,75768,16,1:15,75754,75769,16,1:15,,,0,,,,0,,,,0,,,,0,,1,10,15,17,1,,,,
asymmetric,4,1069,26,a,6,0,7744,16,75773,75773,75774,,,,75817,75784,75799,16,1:15,75800,75815,16,1:15,75801,75816,16,1:15,,,0,,,,0,,,,0,,,,0,,1,10,15,17,1,,,,
asymmetric,4,1070,26,a,6,16,7872,16,75820,75820,75821,,,,75864,75831,75846,16,1:15,75847,75862,16,1:15,75848,75863,16,1:15,,,0,,,,0,,,,0,,,,0,,1,10,15,17,1,,,,
asymmetric,4,1071,26,a,7,0,8000,16,75867,75867,75868,,,,75911,75878,75893,16,1:15,75894,75909,16,1:15,75895,75910,16,1:15,,,0,,,,0,,,,0,,,,0,,1,10,15,17,1,,,,
asymmetric,4,1072,26,a,7,16,8128,8,75914,75914,75915,,,,75942,75925,75932,8,1:7,75933,75940,8,1:7,75934,75941,8,1:7,,,0,,,,0,,,,0,,,,0,,1,10,7,9,1,,,,
asymmetric,4,1073,26,a,7,24,8192,8,75945,75945,75946,,,,75973,75956,75963,8,1:7,75964,75971,8,1:7,75965,75972,8,1:7,,,0,,,,0,,,,0,,,,0,,1,10,7,9,1,,,,
asymmetric,4,1074,26,bt,0,0,20928,16,75981,75981,75982,,,,76025,75992,76007,16,1:15,76008,76023,16,1:15,76009,76024,16,1:15,,,0,,,,0,,,,0,,,,0,,1,10,15,17,1,,,,
asymmetric,4,1075,26,bt,0,16,21056,16,76028,76028,76029,,,,76072,76039,76054,16,1:15,76055,76070,16,1:15,76056,76071,16,1:15,,,0,,,,0,,,,0,,,,0,,1,10,15,17,1,,,,
asymmetric,4,1076,26,bt,1,0,21184,16,76075,76075,76076,,,,76119,76086,76101,16,1:15,76102,76117,16,1:15,76103,76118,16,1:15,,,0,,,,0,,,,0,,,,0,,1,10,15,17,1,,,,
asymmetric,4,1077,26,bt,1,16,21312,16,76122,76122,76123,,,,76166,76133,76148,16,1:15,76149,76164,16,1:15,76150,76165,16,1:15,,,0,,,,0,,,,0,,,,0,,1,10,15,17,1,,,,
asymmetric,4,1078,26,bt,2,0,21440,16,76169,76169,76170,,,,76213,76180,76195,16,1:15,76196,76211,16,1:15,76197,76212,16,1:15,,,0,,,,0,,,,0,,,,0,,1,10,15,17,1,,,,
asymmetric,4,1079,26,bt,2,16,21568,16,76216,76216,76217,,,,76260,76227,76242,16,1:15,76243,76258,16,1:15,76244,76259,16,1:15,,,0,,,,0,,,,0,,,,0,,1,10,15,17,1,,,,
asymmetric,4,1080,26,bt,3,0,21696,16,76263,76263,76264,,,,76307,76274,76289,16,1:15,76290,76305,16,1:15,76291,76306,16,1:15,,,0,,,,0,,,,0,,,,0,,1,10,15,17,1,,,,
asymmetric,4,1081,26,bt,3,16,21824,16,76310,76310,76311,,,,76354,76321,76336,16,1:15,76337,76352,16,1:15,76338,76353,16,1:15,,,0,,,,0,,,,0,,,,0,,1,10,15,17,1,,,,
asymmetric,4,1082,26,bt,4,0,21952,16,76357,76357,76358,,,,76401,76368,76383,16,1:15,76384,76399,16,1:15,76385,76400,16,1:15,,,0,,,,0,,,,0,,,,0,,1,10,15,17,1,,,,
asymmetric,4,1083,26,bt,4,16,22080,16,76404,76404,76405,,,,76448,76415,76430,16,1:15,76431,76446,16,1:15,76432,76447,16,1:15,,,0,,,,0,,,,0,,,,0,,1,10,15,17,1,,,,
asymmetric,4,1084,26,bt,5,0,22208,16,76451,76451,76452,,,,76495,76462,76477,16,1:15,76478,76493,16,1:15,76479,76494,16,1:15,,,0,,,,0,,,,0,,,,0,,1,10,15,17,1,,,,
asymmetric,4,1085,26,bt,5,16,22336,16,76498,76498,76499,,,,76542,76509,76524,16,1:15,76525,76540,16,1:15,76526,76541,16,1:15,,,0,,,,0,,,,0,,,,0,,1,10,15,17,1,,,,
asymmetric,4,1086,26,bt,6,0,22464,16,76545,76545,76546,,,,76589,76556,76571,16,1:15,76572,76587,16,1:15,76573,76588,16,1:15,,,0,,,,0,,,,0,,,,0,,1,10,15,17,1,,,,
asymmetric,4,1087,26,bt,6,16,22592,16,76592,76592,76593,,,,76636,76603,76618,16,1:15,76619,76634,16,1:15,76620,76635,16,1:15,,,0,,,,0,,,,0,,,,0,,1,10,15,17,1,,,,
asymmetric,4,1088,26,bt,7,0,22720,16,76639,76639,76640,,,,76683,76650,76665,16,1:15,76666,76681,16,1:15,76667,76682,16,1:15,,,0,,,,0,,,,0,,,,0,,1,10,15,17,1,,,,
asymmetric,4,1089,26,bt,7,16,22848,16,76686,76686,76687,,,,76730,76697,76712,16,1:15,76713,76728,16,1:15,76714,76729,16,1:15,,,0,,,,0,,,,0,,,,0,,1,10,15,17,1,,,,
asymmetric,4,1090,26,c,0,0,39296,4,77820,77820,,77841,77840,77852,77853,,,0,,,,0,,,,0,,77822,77837,4,5:3,77824,77839,4,5:3,77825,77840,4,5:3,77841,77844,4,1:3,,,,,,20,4,8,1
asymmetric,4,1091,26,c,1,0,39552,4,77856,77856,,77877,77876,77888,77889,,,0,,,,0,,,,0,,77858,77873,4,5:3,77860,77875,4,5:3,77861,77876,4,5:3,77877,77880,4,1:3,,,,,,20,4,8,1
asymmetric,4,1092,26,c,2,0,39808,4,77892,77892,,77913,77912,77924,77925,,,0,,,,0,,,,0,,77894,77909,4,5:3,77896,77911,4,5:3,77897,77912,4,5:3,77913,77916,4,1:3,,,,,,20,4,8,1
asymmetric,4,1093,26,c,3,0,40064,4,77928,77928,,77949,77948,77960,77961,,,0,,,,0,,,,0,,77930,77945,4,5:3,77932,77947,4,5:3,77933,77948,4,5:3,77949,77952,4,1:3,,,,,,20,4,8,1
asymmetric,4,1094,26,c,4,0,40320,4,77964,77964,,77985,77984,77996,77997,,,0,,,,0,,,,0,,77966,77981,4,5:3,77968,77983,4,5:3,77969,77984,4,5:3,77985,77988,4,1:3,,,,,,20,4,8,1
asymmetric,4,1095,26,c,5,0,40576,4,78000,78000,,78021,78020,78032,78033,,,0,,,,0,,,,0,,78002,78017,4,5:3,78004,78019,4,5:3,78005,78020,4,5:3,78021,78024,4,1:3,,,,,,20,4,8,1
asymmetric,4,1096,26,c,6,0,40832,4,78036,78036,,78057,78056,78068,78069,,,0,,,,0,,,,0,,78038,78053,4,5:3,78040,78055,4,5:3,78041,78056,4,5:3,78057,78060,4,1:3,,,,,,20,4,8,1
asymmetric,4,1097,26,c,7,0,41088,4,78072,78072,,78093,78092,78104,78105,,,0,,,,0,,,,0,,78074,78089,4,5:3,78076,78091,4,5:3,78077,78092,4,5:3,78093,78096,4,1:3,,,,,,20,4,8,1
asymmetric,4,1098,27,a,0,0,6208,16,78114,78114,78115,,,,78158,78125,78140,16,1:15,78141,78156,16,1:15,78142,78157,16,1:15,,,0,,,,0,,,,0,,,,0,,1,10,15,17,1,,,,
asymmetric,4,1099,27,a,0,16,6336,16,78161,78161,78162,,,,78205,78172,78187,16,1:15,78188,78203,16,1:15,78189,78204,16,1:15,,,0,,,,0,,,,0,,,,0,,1,10,15,17,1,,,,
asymmetric,4,1100,27,a,1,0,6464,16,78208,78208,78209,,,,78252,78219,78234,16,1:15,78235,78250,16,1:15,78236,78251,16,1:15,,,0,,,,0,,,,0,,,,0,,1,10,15,17,1,,,,
asymmetric,4,1101,27,a,1,16,6592,16,78255,78255,78256,,,,78299,78266,78281,16,1:15,78282,78297,16,1:15,78283,78298,16,1:15,,,0,,,,0,,,,0,,,,0,,1,10,15,17,1,,,,
asymmetric,4,1102,27,a,2,0,6720,16,78302,78302,78303,,,,78346,78313,78328,16,1:15,78329,78344,16,1:15,78330,78345,16,1:15,,,0,,,,0,,,,0,,,,0,,1,10,15,17,1,,,,
asymmetric,4,1103,27,a,2,16,6848,16,78349,78349,78350,,,,78393,78360,78375,16,1:15,78376,78391,16,1:15,78377,78392,16,1:15,,,0,,,,0,,,,0,,,,0,,1,10,15,17,1,,,,
asymmetric,4,1104,27,a,3,0,6976,16,78396,78396,78397,,,,78440,78407,78422,16,1:15,78423,78438,16,1:15,78424,78439,16,1:15,,,0,,,,0,,,,0,,,,0,,1,10,15,17,1,,,,
asymmetric,4,1105,27,a,3,16,7104,16,78443,78443,78444,,,,78487,78454,78469,16,1:15,78470,78485,16,1:15,78471,78486,16,1:15,,,0,,,,0,,,,0,,,,0,,1,10,15,17,1,,,,
asymmetric,4,1106,27,a,4,0,7232,16,78490,78490,78491,,,,78534,78501,78516,16,1:15,78517,78532,16,1:15,78518,78533,16,1:15,,,0,,,,0,,,,0,,,,0,,1,10,15,17,1,,,,
asymmetric,4,1107,27,a,4,16,7360,16,78537,78537,78538,,,,78581,78548,78563,16,1:15,78564,78579,16,1:15,78565,78580,16,1:15,,,0,,,,0,,,,0,,,,0,,1,10,15,17,1,,,,
asymmetric,4,1108,27,a,5,0,7488,16,78584,78584,78585,,,,78628,78595,78610,16,1:15,78611,78626,16,1:15,78612,78627,16,1:15,,,0,,,,0,,,,0,,,,0,,1,10,15,17,1,,,,
asymmetric,4,1109,27,a,5,16,7616,16,78631,78631,78632,,,,78675,78642,78657,16,1:15,78658,78673,16,1:15,78659,78674,16,1:15,,,0,,,,0,,,,0,,,,0,,1,10,15,17,1,,,,
asymmetric,4,1110,27,a,6,0,7744,16,78678,78678,78679,,,,78722,78689,78704,16,1:15,78705,78720,16,1:15,78706,78721,16,1:15,,,0,,,,0,,,,0,,,,0,,1,10,15,17,1,,,,
asymmetric,4,1111,27,a,6,16,7872,16,78725,78725,78726,,,,78769,78736,78751,16,1:15,78752,78767,16,1:15,78753,78768,16,1:15,,,0,,,,0,,,,0,,,,0,,1,10,15,17,1,,,,
asymmetric,4,1112,27,a,7,0,8000,16,78772,78772,78773,,,,78816,78783,78798,16,1:15,78799,78814,16,1:15,78800,78815,16,1:15,,,0,,,,0,,,,0,,,,0,,1,10,15,17,1,,,,
asymmetric,4,1113,27,a,7,16,8128,8,78819,78819,78820,,,,78847,78830,78837,8,1:7,78838,78845,8,1:7,78839,78846,8,1:7,,,0,,,,0,,,,0,,,,0,,1,10,7,9,1,,,,
asymmetric,4,1114,27,a,7,24,8192,8,78850,78850,78851,,,,78878,78861,78868,8,1:7,78869,78876,8,1:7,78870,78877,8,1:7,,,0,,,,0,,,,0,,,,0,,1,10,7,9,1,,,,
asymmetric,4,1115,27,bt,0,0,22976,16,78886,78886,78887,,,,78930,78897,78912,16,1:15,78913,78928,16,1:15,78914,78929,16,1:15,,,0,,,,0,,,,0,,,,0,,1,10,15,17,1,,,,
asymmetric,4,1116,27,bt,0,16,23104,16,78933,78933,78934,,,,78977,78944,78959,16,1:15,78960,78975,16,1:15,78961,78976,16,1:15,,,0,,,,0,,,,0,,,,0,,1,10,15,17,1,,,,
asymmetric,4,1117,27,bt,1,0,23232,16,78980,78980,78981,,,,79024,78991,79006,16,1:15,79007,79022,16,1:15,79008,79023,16,1:15,,,0,,,,0,,,,0,,,,0,,1,10,15,17,1,,,,
asymmetric,4,1118,27,bt,1,16,23360,16,79027,79027,79028,,,,79071,79038,79053,16,1:15,79054,79069,16,1:15,79055,79070,16,1:15,,,0,,,,0,,,,0,,,,0,,1,10,15,17,1,,,,
asymmetric,4,1119,27,bt,2,0,23488,16,79074,79074,79075,,,,79118,79085,79100,16,1:15,79101,79116,16,1:15,79102,79117,16,1:15,,,0,,,,0,,,,0,,,,0,,1,10,15,17,1,,,,
asymmetric,4,1120,27,bt,2,16,23616,16,79121,79121,79122,,,,79165,79132,79147,16,1:15,79148,79163,16,1:15,79149,79164,16,1:15,,,0,,,,0,,,,0,,,,0,,1,10,15,17,1,,,,
asymmetric,4,1121,27,bt,3,0,23744,16,79168,79168,79169,,,,79212,79179,79194,16,1:15,79195,79210,16,1:15,79196,79211,16,1:15,,,0,,,,0,,,,0,,,,0,,1,10,15,17,1,,,,
asymmetric,4,1122,27,bt,3,16,23872,16,79215,79215,79216,,,,79259,79226,79241,16,1:15,79242,79257,16,1:15,79243,79258,16,1:15,,,0,,,,0,,,,0,,,,0,,1,10,15,17,1,,,,
asymmetric,4,1123,27,bt,4,0,24000,16,79262,79262,79263,,,,79306,79273,79288,16,1:15,79289,79304,16,1:15,79290,79305,16,1:15,,,0,,,,0,,,,0,,,,0,,1,10,15,17,1,,,,
asymmetric,4,1124,27,bt,4,16,24128,16,79309,79309,79310,,,,79353,79320,79335,16,1:15,79336,79351,16,1:15,79337,79352,16,1:15,,,0,,,,0,,,,0,,,,0,,1,10,15,17,1,,,,
asymmetric,4,1125,27,bt,5,0,24256,16,79356,79356,79357,,,,79400,79367,79382,16,1:15,79383,79398,16,1:15,79384,79399,16,1:15,,,0,,,,0,,,,0,,,,0,,1,10,15,17,1,,,,
asymmetric,4,1126,27,bt,5,16,24384,16,79403,79403,79404,,,,79447,79414,79429,16,1:15,79430,79445,16,1:15,79431,79446,16,1:15,,,0,,,,0,,,,0,,,,0,,1,10,15,17,1,,,,
asymmetric,4,1127,27,bt,6,0,24512,8,79450,79450,79451,,,,79478,79461,79468,8,1:7,79469,79476,8,1:7,79470,79477,8,1:7,,,0,,,,0,,,,0,,,,0,,1,10,7,9,1,,,,
asymmetric,4,1128,27,bt,6,8,24576,16,79481,79481,79482,,,,79525,79492,79507,16,1:15,79508,79523,16,1:15,79509,79524,16,1:15,,,0,,,,0,,,,0,,,,0,,1,10,15,17,1,,,,
asymmetric,4,1129,27,bt,6,24,24704,8,79528,79528,79529,,,,79556,79539,79546,8,1:7,79547,79554,8,1:7,79548,79555,8,1:7,,,0,,,,0,,,,0,,,,0,,1,10,7,9,1,,,,
asymmetric,4,1130,27,bt,7,0,24768,16,79559,79559,79560,,,,79603,79570,79585,16,1:15,79586,79601,16,1:15,79587,79602,16,1:15,,,0,,,,0,,,,0,,,,0,,1,10,15,17,1,,,,
asymmetric,4,1131,27,bt,7,16,24896,16,79606,79606,79607,,,,79650,79617,79632,16,1:15,79633,79648,16,1:15,79634,79649,16,1:15,,,0,,,,0,,,,0,,,,0,,1,10,15,17,1,,,,
asymmetric,4,1132,27,c,0,0,39328,4,80740,80740,,80761,80760,80772,80773,,,0,,,,0,,,,0,,80742,80757,4,5:3,80744,80759,4,5:3,80745,80760,4,5:3,80761,80764,4,1:3,,,,,,20,4,8,1
asymmetric,4,1133,27,c,1,0,39584,4,80776,80776,,80797,80796,80808,80809,,,0,,,,0,,,,0,,80778,80793,4,5:3,80780,80795,4,5:3,80781,80796,4,5:3,80797,80800,4,1:3,,,,,,20,4,8,1
asymmetric,4,1134,27,c,2,0,39840,4,80812,80812,,80833,80832,80844,80845,,,0,,,,0,,,,0,,80814,80829,4,5:3,80816,80831,4,5:3,80817,80832,4,5:3,80833,80836,4,1:3,,,,,,20,4,8,1
asymmetric,4,1135,27,c,3,0,40096,4,80848,80848,,80869,80868,80880,80881,,,0,,,,0,,,,0,,80850,80865,4,5:3,80852,80867,4,5:3,80853,80868,4,5:3,80869,80872,4,1:3,,,,,,20,4,8,1
asymmetric,4,1136,27,c,4,0,40352,4,80884,80884,,80905,80904,80916,80917,,,0,,,,0,,,,0,,80886,80901,4,5:3,80888,80903,4,5:3,80889,80904,4,5:3,80905,80908,4,1:3,,,,,,20,4,8,1
asymmetric,4,1137,27,c,5,0,40608,4,80920,80920,,80941,80940,80952,80953,,,0,,,,0,,,,0,,80922,80937,4,5:3,80924,80939,4,5:3,80925,80940,4,5:3,80941,80944,4,1:3,,,,,,20,4,8,1
asymmetric,4,1138,27,c,6,0,40864,4,80956,80956,,80977,80976,80988,80989,,,0,,,,0,,,,0,,80958,80973,4,5:3,80960,80975,4,5:3,80961,80976,4,5:3,80977,80980,4,1:3,,,,,,20,4,8,1
asymmetric,4,1139,27,c,7,0,41120,4,80992,80992,,81013,81012,81024,81025,,,0,,,,0,,,,0,,80994,81009,4,5:3,80996,81011,4,5:3,80997,81012,4,5:3,81013,81016,4,1:3,,,,,,20,4,8,1
asymmetric,4,1140,28,a,0,0,6208,16,81034,81034,81035,,,,81078,81045,81060,16,1:15,81061,81076,16,1:15,81062,81077,16,1:15,,,0,,,,0,,,,0,,,,0,,1,10,15,17,1,,,,
asymmetric,4,1141,28,a,0,16,6336,16,81081,81081,81082,,,,81125,81092,81107,16,1:15,81108,81123,16,1:15,81109,81124,16,1:15,,,0,,,,0,,,,0,,,,0,,1,10,15,17,1,,,,
asymmetric,4,1142,28,a,1,0,6464,16,81128,81128,81129,,,,81172,81139,81154,16,1:15,81155,81170,16,1:15,81156,81171,16,1:15,,,0,,,,0,,,,0,,,,0,,1,10,15,17,1,,,,
asymmetric,4,1143,28,a,1,16,6592,16,81175,81175,81176,,,,81219,81186,81201,16,1:15,81202,81217,16,1:15,81203,81218,16,1:15,,,0,,,,0,,,,0,,,,0,,1,10,15,17,1,,,,
asymmetric,4,1144,28,a,2,0,6720,16,81222,81222,81223,,,,81266,81233,81248,16,1:15,81249,81264,16,1:15,81250,81265,16,1:15,,,0,,,,0,,,,0,,,,0,,1,10,15,17,1,,,,
asymmetric,4,1145,28,a,2,16,6848,16,81269,81269,81270,,,,81313,81280,81295,16,1:15,81296,81311,16,1:15,81297,81312,16,1:15,,,0,,,,0,,,,0,,,,0,,1,10,15,17,1,,,,
asymmetric,4,1146,28,a,3,0,6976,16,81316,81316,81317,,,,81360,81327,81342,16,1:15,81343,81358,16,1:15,81344,81359,16,1:15,,,0,,,,0,,,,0,,,,0,,1,10,15,17,1,,,,
asymmetric,4,1147,28,a,3,16,7104,16,81363,81363,81364,,,,81407,81374,81389,16,1:15,81390,81405,16,1:15,81391,81406,16,1:15,,,0,,,,0,,,,0,,,,0,,1,10,15,17,1,,,,
asymmetric,4,1148,28,a,4,0,7232,16,81410,81410,81411,,,,81454,81421,81436,16,1:15,81437,81452,16,1:15,81438,81453,16,1:15,,,0,,,,0,,,,0,,,,0,,1,10,15,17,1,,,,
asymmetric,4,1149,28,a,4,16,7360,16,81457,81457,81458,,,,81501,81468,81483,16,1:15,81484,81499,16,1:15,81485,81500,16,1:15,,,0,,,,0,,,,0,,,,0,,1,10,15,17,1,,,,
asymmetric,4,1150,28,a,5,0,7488,16,81504,81504,81505,,,,81548,81515,81530,16,1:15,81531,81546,16,1:15,81532,81547,16,1:15,,,0,,,,0,,,,0,,,,0,,1,10,15,17,1,,,,
asymmetric,4,1151,28,a,5,16,7616,16,81551,81551,81552,,,,81595,81562,81577,16,1:15,81578,81593,16,1:15,81579,81594,16,1:15,,,0,,,,0,,,,0,,,,0,,1,10,15,17,1,,,,
asymmetric,4,1152,28,a,6,0,7744,16,81598,81598,81599,,,,81642,81609,81624,16,1:15,81625,81640,16,1:15,81626,81641,16,1:15,,,0,,,,0,,,,0,,,,0,,1,10,15,17,1,,,,
asymmetric,4,1153,28,a,6,16,7872,16,81645,81645,81646,,,,81689,81656,81671,16,1:15,81672,81687,16,1:15,81673,81688,16,1:15,,,0,,,,0,,,,0,,,,0,,1,10,15,17,1,,,,
asymmetric,4,1154,28,a,7,0,8000,16,81692,81692,81693,,,,81736,81703,81718,16,1:15,81719,81734,16,1:15,81720,81735,16,1:15,,,0,,,,0,,,,0,,,,0,,1,10,15,17,1,,,,
asymmetric,4,1155,28,a,7,16,8128,8,81739,81739,81740,,,,81767,81750,81757,8,1:7,81758,81765,8,1:7,81759,81766,8,1:7,,,0,,,,0,,,,0,,,,0,,1,10,7,9,1,,,,
asymmetric,4,1156,28,a,7,24,8192,8,81770,81770,81771,,,,81798,81781,81788,8,1:7,81789,81796,8,1:7,81790,81797,8,1:7,,,0,,,,0,,,,0,,,,0,,1,10,7,9,1,,,,
asymmetric,4,1157,28,bt,0,0,25024,16,81806,81806,81807,,,,81850,81817,81832,16,1:15,81833,81848,16,1:15,81834,81849,16,1:15,,,0,,,,0,,,,0,,,,0,,1,10,15,17,1,,,,
asymmetric,4,1158,28,bt,0,16,25152,16,81853,81853,81854,,,,81897,81864,81879,16,1:15,81880,81895,16,1:15,81881,81896,16,1:15,,,0,,,,0,,,,0,,,,0,,1,10,15,17,1,,,,
asymmetric,4,1159,28,bt,1,0,25280,16,81900,81900,81901,,,,81944,81911,81926,16,1:15,81927,81942,16,1:15,81928,81943,16,1:15,,,0,,,,0,,,,0,,,,0,,1,10,15,17,1,,,,
asymmetric,4,1160,28,bt,1,16,25408,16,81947,81947,81948,,,,81991,81958,81973,16,1:15,81974,81989,16,1:15,81975,81990,16,1:15,,,0,,,,0,,,,0,,,,0,,1,10,15,17,1,,,,
asymmetric,4,1161,28,bt,2,0,25536,16,81994,81994,81995,,,,82038,82005,82020,16,1:15,82021,82036,16,1:15,82022,82037,16,1:15,,,0,,,,0,,,,0,,,,0,,1,10,15,17,1,,,,
asymmetric,4,1162,28,bt,2,16,25664,16,82041,82041,82042,,,,82085,82052,82067,16,1:15,82068,82083,16,1:15,82069,82084,16,1:15,,,0,,,,0,,,,0,,,,0,,1,10,15,17,1,,,,
asymmetric,4,1163,28,bt,3,0,25792,16,82088,82088,82089,,,,82132,82099,82114,16,1:15,82115,82130,16,1:15,82116,82131,16,1:15,,,0,,,,0,,,,0,,,,0,,1,10,15,17,1,,,,
asymmetric,4,1164,28,bt,3,16,25920,16,82135,82135,82136,,,,82179,82146,82161,16,1:15,82162,82177,16,1:15,82163,82178,16,1:15,,,0,,,,0,,,,0,,,,0,,1,10,15,17,1,,,,
asymmetric,4,1165,28,bt,4,0,26048,16,82182,82182,82183,,,,82226,82193,82208,16,1:15,82209,82224,16,1:15,82210,82225,16,1:15,,,0,,,,0,,,,0,,,,0,,1,10,15,17,1,,,,
asymmetric,4,1166,28,bt,4,16,26176,16,82229,82229,82230,,,,82273,82240,82255,16,1:15,82256,82271,16,1:15,82257,82272,16,1:15,,,0,,,,0,,,,0,,,,0,,1,10,15,17,1,,,,
asymmetric,4,1167,28,bt,5,0,26304,16,82276,82276,82277,,,,82320,82287,82302,16,1:15,82303,82318,16,1:15,82304,82319,16,1:15,,,0,,,,0,,,,0,,,,0,,1,10,15,17,1,,,,
asymmetric,4,1168,28,bt,5,16,26432,16,82323,82323,82324,,,,82367,82334,82349,16,1:15,82350,82365,16,1:15,82351,82366,16,1:15,,,0,,,,0,,,,0,,,,0,,1,10,15,17,1,,,,
asymmetric,4,1169,28,bt,6,0,26560,16,82370,82370,82371,,,,82414,82381,82396,16,1:15,82397,82412,16,1:15,82398,82413,16,1:15,,,0,,,,0,,,,0,,,,0,,1,10,15,17,1,,,,
asymmetric,4,1170,28,bt,6,16,26688,16,82417,82417,82418,,,,82461,82428,82443,16,1:15,82444,82459,16,1:15,82445,82460,16,1:15,,,0,,,,0,,,,0,,,,0,,1,10,15,17,1,,,,
asymmetric,4,1171,28,bt,7,0,26816,16,82464,82464,82465,,,,82508,82475,82490,16,1:15,82491,82506,16,1:15,82492,82507,16,1:15,,,0,,,,0,,,,0,,,,0,,1,10,15,17,1,,,,
asymmetric,4,1172,28,bt,7,16,26944,16,82511,82511,82512,,,,82555,82522,82537,16,1:15,82538,82553,16,1:15,82539,82554,16,1:15,,,0,,,,0,,,,0,,,,0,,1,10,15,17,1,,,,
asymmetric,4,1173,28,c,0,0,39360,4,83645,83645,,83666,83665,83677,83678,,,0,,,,0,,,,0,,83647,83662,4,5:3,83649,83664,4,5:3,83650,83665,4,5:3,83666,83669,4,1:3,,,,,,20,4,8,1
asymmetric,4,1174,28,c,1,0,39616,4,83681,83681,,83702,83701,83713,83714,,,0,,,,0,,,,0,,83683,83698,4,5:3,83685,83700,4,5:3,83686,83701,4,5:3,83702,83705,4,1:3,,,,,,20,4,8,1
asymmetric,4,1175,28,c,2,0,39872,4,83717,83717,,83738,83737,83749,83750,,,0,,,,0,,,,0,,83719,83734,4,5:3,83721,83736,4,5:3,83722,83737,4,5:3,83738,83741,4,1:3,,,,,,20,4,8,1
asymmetric,4,1176,28,c,3,0,40128,4,83753,83753,,83774,83773,83785,83786,,,0,,,,0,,,,0,,83755,83770,4,5:3,83757,83772,4,5:3,83758,83773,4,5:3,83774,83777,4,1:3,,,,,,20,4,8,1
asymmetric,4,1177,28,c,4,0,40384,4,83789,83789,,83810,83809,83821,83822,,,0,,,,0,,,,0,,83791,83806,4,5:3,83793,83808,4,5:3,83794,83809,4,5:3,83810,83813,4,1:3,,,,,,20,4,8,1
asymmetric,4,1178,28,c,5,0,40640,4,83825,83825,,83846,83845,83857,83858,,,0,,,,0,,,,0,,83827,83842,4,5:3,83829,83844,4,5:3,83830,83845,4,5:3,83846,83849,4,1:3,,,,,,20,4,8,1
asymmetric,4,1179,28,c,6,0,40896,4,83861,83861,,83882,83881,83893,83894,,,0,,,,0,,,,0,,83863,83878,4,5:3,83865,83880,4,5:3,83866,83881,4,5:3,83882,83885,4,1:3,,,,,,20,4,8,1
asymmetric,4,1180,28,c,7,0,41152,4,83897,83897,,83918,83917,83929,83930,,,0,,,,0,,,,0,,83899,83914,4,5:3,83901,83916,4,5:3,83902,83917,4,5:3,83918,83921,4,1:3,,,,,,20,4,8,1
asymmetric,4,1181,29,a,0,0,6208,16,83939,83939,83940,,,,83983,83950,83965,16,1:15,83966,83981,16,1:15,83967,83982,16,1:15,,,0,,,,0,,,,0,,,,0,,1,10,15,17,1,,,,
asymmetric,4,1182,29,a,0,16,6336,16,83986,83986,83987,,,,84030,83997,84012,16,1:15,84013,84028,16,1:15,84014,84029,16,1:15,,,0,,,,0,,,,0,,,,0,,1,10,15,17,1,,,,
asymmetric,4,1183,29,a,1,0,6464,16,84033,84033,84034,,,,84077,84044,84059,16,1:15,84060,84075,16,1:15,84061,84076,16,1:15,,,0,,,,0,,,,0,,,,0,,1,10,15,17,1,,,,
asymmetric,4,1184,29,a,1,16,6592,16,84080,84080,84081,,,,84124,84091,84106,16,1:15,84107,84122,16,1:15,84108,84123,16,1:15,,,0,,,,0,,,,0,,,,0,,1,10,15,17,1,,,,
asymmetric,4,1185,29,a,2,0,6720,16,84127,84127,84128,,,,84171,84138,84153,16,1:15,84154,84169,16,1:15,84155,84170,16,1:15,,,0,,,,0,,,,0,,,,0,,1,10,15,17,1,,,,
asymmetric,4,1186,29,a,2,16,6848,16,84174,84174,84175,,,,84218,84185,84200,16,1:15,84201,84216,16,1:15,84202,84217,16,1:15,,,0,,,,0,,,,0,,,,0,,1,10,15,17,1,,,,
asymmetric,4,1187,29,a,3,0,6976,16,84221,84221,84222,,,,84265,84232,84247,16,1:15,84248,84263,16,1:15,84249,84264,16,1:15,,,0,,,,0,,,,0,,,,0,,1,10,15,17,1,,,,
asymmetric,4,1188,29,a,3,16,7104,16,84268,84268,84269,,,,84312,84279,84294,16,1:15,84295,84310,16,1:15,84296,84311,16,1:15,,,0,,,,0,,,,0,,,,0,,1,10,15,17,1,,,,
asymmetric,4,1189,29,a,4,0,7232,16,84315,84315,84316,,,,84359,84326,84341,16,1:15,84342,84357,16,1:15,84343,84358,16,1:15,,,0,,,,0,,,,0,,,,0,,1,10,15,17,1,,,,
asymmetric,4,1190,29,a,4,16,7360,16,84362,84362,84363,,,,84406,84373,84388,16,1:15,84389,84404,16,1:15,84390,84405,16,1:15,,,0,,,,0,,,,0,,,,0,,1,10,15,17,1,,,,
asymmetric,4,1191,29,a,5,0,7488,16,84409,84409,84410,,,,84453,84420,84435,16,1:15,84436,84451,16,1:15,84437,84452,16,1:15,,,0,,,,0,,,,0,,,,0,,1,10,15,17,1,,,,
asymmetric,4,1192,29,a,5,16,7616,16,84456,84456,84457,,,,84500,84467,84482,16,1:15,84483,84498,16,1:15,84484,84499,16,1:15,,,0,,,,0,,,,0,,,,0,,1,10,15,17,1,,,,
asymmetric,4,1193,29,a,6,0,7744,16,84503,84503,84504,,,,84547,84514,84529,16,1:15,84530,84545,16,1:15,84531,84546,16,1:15,,,0,,,,0,,,,0,,,,0,,1,10,15,17,1,,,,
asymmetric,4,1194,29,a,6,16,7872,16,84550,84550,84551,,,,84594,84561,84576,16,1:15,84577,84592,16,1:15,84578,84593,16,1:15,,,0,,,,0,,,,0,,,,0,,1,10,15,17,1,,,,
asymmetric,4,1195,29,a,7,0,8000,16,84597,84597,84598,,,,84641,84608,84623,16,1:15,84624,84639,16,1:15,84625,84640,16,1:15,,,0,,,,0,,,,0,,,,0,,1,10,15,17,1,,,,
asymmetric,4,1196,29,a,7,16,8128,8,84644,84644,84645,,,,84672,84655,84662,8,1:7,84663,84670,8,1:7,84664,84671,8,1:7,,,0,,,,0,,,,0,,,,0,,1,10,7,9,1,,,,
asymmetric,4,1197,29,a,7,24,8192,8,84675,84675,84676,,,,84703,84686,84693,8,1:7,84694,84701,8,1:7,84695,84702,8,1:7,,,0,,,,0,,,,0,,,,0,,1,10,7,9,1,,,,
asymmetric,4,1198,29,bt,0,0,27072,16,84711,84711,84712,,,,84755,84722,84737,16,1:15,84738,84753,16,1:15,84739,84754,16,1:15,,,0,,,,0,,,,0,,,,0,,1,10,15,17,1,,,,
asymmetric,4,1199,29,bt,0,16,27200,16,84758,84758,84759,,,,84802,84769,84784,16,1:15,84785,84800,16,1:15,84786,84801,16,1:15,,,0,,,,0,,,,0,,,,0,,1,10,15,17,1,,,,
asymmetric,4,1200,29,bt,1,0,27328,16,84805,84805,84806,,,,84849,84816,84831,16,1:15,84832,84847,16,1:15,84833,84848,16,1:15,,,0,,,,0,,,,0,,,,0,,1,10,15,17,1,,,,
asymmetric,4,1201,29,bt,1,16,27456,16,84852,84852,84853,,,,84896,84863,84878,16,1:15,84879,84894,16,1:15,84880,84895,16,1:15,,,0,,,,0,,,,0,,,,0,,1,10,15,17,1,,,,
asymmetric,4,1202,29,bt,2,0,27584,16,84899,84899,84900,,,,84943,84910,84925,16,1:15,84926,84941,16,1:15,84927,84942,16,1:15,,,0,,,,0,,,,0,,,,0,,1,10,15,17,1,,,,
asymmetric,4,1203,29,bt,2,16,27712,16,84946,84946,84947,,,,84990,84957,84972,16,1:15,84973,84988,16,1:15,84974,84989,16,1:15,,,0,,,,0,,,,0,,,,0,,1,10,15,17,1,,,,
asymmetric,4,1204,29,bt,3,0,27840,16,84993,84993,84994,,,,85037,85004,85019,16,1:15,85020,85035,16,1:15,85021,85036,16,1:15,,,0,,,,0,,,,0,,,,0,,1,10,15,17,1,,,,
asymmetric,4,1205,29,bt,3,16,27968,16,85040,85040,85041,,,,85084,85051,85066,16,1:15,85067,85082,16,1:15,85068,85083,16,1:15,,,0,,,,0,,,,0,,,,0,,1,10,15,17,1,,,,
asymmetric,4,1206,29,bt,4,0,28096,16,85087,85087,85088,,,,85131,85098,85113,16,1:15,85114,85129,16,1:15,85115,85130,16,1:15,,,0,,,,0,,,,0,,,,0,,1,10,15,17,1,,,,
asymmetric,4,1207,29,bt,4,16,28224,16,85134,85134,85135,,,,85178,85145,85160,16,1:15,85161,85176,16,1:15,85162,85177,16,1:15,,,0,,,,0,,,,0,,,,0,,1,10,15,17,1,,,,
asymmetric,4,1208,29,bt,5,0,28352,16,85181,85181,85182,,,,85225,85192,85207,16,1:15,85208,85223,16,1:15,85209,85224,16,1:15,,,0,,,,0,,,,0,,,,0,,1,10,15,17,1,,,,
asymmetric,4,1209,29,bt,5,16,28480,16,85228,85228,85229,,,,85272,85239,85254,16,1:15,85255,85270,16,1:15,85256,85271,16,1:15,,,0,,,,0,,,,0,,,,0,,1,10,15,17,1,,,,
asymmetric,4,1210,29,bt,6,0,28608,8,85275,85275,85276,,,,85303,85286,85293,8,1:7,85294,85301,8,1:7,85295,85302,8,1:7,,,0,,,,0,,,,0,,,,0,,1,10,7,9,1,,,,
asymmetric,4,1211,29,bt,6,8,28672,16,85306,85306,85307,,,,85350,85317,85332,16,1:15,85333,85348,16,1:15,85334,85349,16,1:15,,,0,,,,0,,,,0,,,,0,,1,10,15,17,1,,,,
asymmetric,4,1212,29,bt,6,24,28800,8,85353,85353,85354,,,,85381,85364,85371,8,1:7,85372,85379,8,1:7,85373,85380,8,1:7,,,0,,,,0,,,,0,,,,0,,1,10,7,9,1,,,,
asymmetric,4,1213,29,bt,7,0,28864,16,85384,85384,85385,,,,85428,85395,85410,16,1:15,85411,85426,16,1:15,85412,85427,16,1:15,,,0,,,,0,,,,0,,,,0,,1,10,15,17,1,,,,
asymmetric,4,1214,29,bt,7,16,28992,16,85431,85431,85432,,,,85475,85442,85457,16,1:15,85458,85473,16,1:15,85459,85474,16,1:15,,,0,,,,0,,,,0,,,,0,,1,10,15,17,1,,,,
asymmetric,4,1215,29,c,0,0,39392,4,86565,86565,,86586,86585,86597,86598,,,0,,,,0,,,,0,,86567,86582,4,5:3,86569,86584,4,5:3,86570,86585,4,5:3,86586,86589,4,1:3,,,,,,20,4,8,1
asymmetric,4,1216,29,c,1,0,39648,4,86601,86601,,86622,86621,86633,86634,,,0,,,,0,,,,0,,86603,86618,4,5:3,86605,86620,4,5:3,86606,86621,4,5:3,86622,86625,4,1:3,,,,,,20,4,8,1
asymmetric,4,1217,29,c,2,0,39904,4,86637,86637,,86658,86657,86669,86670,,,0,,,,0,,,,0,,86639,86654,4,5:3,86641,86656,4,5:3,86642,86657,4,5:3,86658,86661,4,1:3,,,,,,20,4,8,1
asymmetric,4,1218,29,c,3,0,40160,4,86673,86673,,86694,86693,86705,86706,,,0,,,,0,,,,0,,86675,86690,4,5:3,86677,86692,4,5:3,86678,86693,4,5:3,86694,86697,4,1:3,,,,,,20,4,8,1
asymmetric,4,1219,29,c,4,0,40416,4,86709,86709,,86730,86729,86741,86742,,,0,,,,0,,,,0,,86711,86726,4,5:3,86713,86728,4,5:3,86714,86729,4,5:3,86730,86733,4,1:3,,,,,,20,4,8,1
asymmetric,4,1220,29,c,5,0,40672,4,86745,86745,,86766,86765,86777,86778,,,0,,,,0,,,,0,,86747,86762,4,5:3,86749,86764,4,5:3,86750,86765,4,5:3,86766,86769,4,1:3,,,,,,20,4,8,1
asymmetric,4,1221,29,c,6,0,40928,4,86781,86781,,86802,86801,86813,86814,,,0,,,,0,,,,0,,86783,86798,4,5:3,86785,86800,4,5:3,86786,86801,4,5:3,86802,86805,4,1:3,,,,,,20,4,8,1
asymmetric,4,1222,29,c,7,0,41184,4,86817,86817,,86838,86837,86849,86850,,,0,,,,0,,,,0,,86819,86834,4,5:3,86821,86836,4,5:3,86822,86837,4,5:3,86838,86841,4,1:3,,,,,,20,4,8,1
asymmetric,4,1223,30,a,0,0,6208,16,86859,86859,86860,,,,86903,86870,86885,16,1:15,86886,86901,16,1:15,86887,86902,16,1:15,,,0,,,,0,,,,0,,,,0,,1,10,15,17,1,,,,
asymmetric,4,1224,30,a,0,16,6336,16,86906,86906,86907,,,,86950,86917,86932,16,1:15,86933,86948,16,1:15,86934,86949,16,1:15,,,0,,,,0,,,,0,,,,0,,1,10,15,17,1,,,,
asymmetric,4,1225,30,a,1,0,6464,16,86953,86953,86954,,,,86997,86964,86979,16,1:15,86980,86995,16,1:15,86981,86996,16,1:15,,,0,,,,0,,,,0,,,,0,,1,10,15,17,1,,,,
asymmetric,4,1226,30,a,1,16,6592,16,87000,87000,87001,,,,87044,87011,87026,16,1:15,87027,87042,16,1:15,87028,87043,16,1:15,,,0,,,,0,,,,0,,,,0,,1,10,15,17,1,,,,
asymmetric,4,1227,30,a,2,0,6720,16,87047,87047,87048,,,,87091,87058,87073,16,1:15,87074,87089,16,1:15,87075,87090,16,1:15,,,0,,,,0,,,,0,,,,0,,1,10,15,17,1,,,,
asymmetric,4,1228,30,a,2,16,6848,16,87094,87094,87095,,,,87138,87105,87120,16,1:15,87121,87136,16,1:15,87122,87137,16,1:15,,,0,,,,0,,,,0,,,,0,,1,10,15,17,1,,,,
asymmetric,4,1229,30,a,3,0,6976,16,87141,87141,87142,,,,87185,87152,87167,16,1:15,87168,87183,16,1:15,87169,87184,16,1:15,,,0,,,,0,,,,0,,,,0,,1,10,15,17,1,,,,
asymmetric,4,1230,30,a,3,16,7104,16,87188,87188,87189,,,,87232,87199,87214,16,1:15,87215,87230,16,1:15,87216,87231,16,1:15,,,0,,,,0,,,,0,,,,0,,1,10,15,17,1,,,,
asymmetric,4,1231,30,a,4,0,7232,16,87235,87235,87236,,,,87279,87246,87261,16,1:15,87262,87277,16,1:15,87263,87278,16,1:15,,,0,,,,0,,,,0,,,,0,,1,10,15,17,1,,,,
asymmetric,4,1232,30,a,4,16,7360,16,87282,87282,87283,,,,87326,87293,87308,16,1:15,87309,87324,16,1:15,87310,87325,16,1:15,,,0,,,,0,,,,0,,,,0,,1,10,15,17,1,,,,
asymmetric,4,1233,30,a,5,0,7488,16,87329,87329,87330,,,,87373,87340,87355,16,1:15,87356,87371,16,1:15,87357,87372,16,1:15,,,0,,,,0,,,,0,,,,0,,1,10,15,17,1,,,,
asymmetric,4,1234,30,a,5,16,7616,16,87376,87376,87377,,,,87420,87387,87402,16,1:15,87403,87418,16,1:15,87404,87419,16,1:15,,,0,,,,0,,,,0,,,,0,,1,10,15,17,1,,,,
asymmetric,4,1235,30,a,6,0,7744,16,87423,87423,87424,,,,87467,87434,87449,16,1:15,87450,87465,16,1:15,87451,87466,16,1:15,,,0,,,,0,,,,0,,,,0,,1,10,15,17,1,,,,
asymmetric,4,1236,30,a,6,16,7872,16,87470,87470,87471,,,,87514,87481,87496,16,1:15,87497,87512,16,1:15,87498,87513,16,1:15,,,0,,,,0,,,,0,,,,0,,1,10,15,17,1,,,,
asymmetric,4,1237,30,a,7,0,8000,16,87517,87517,87518,,,,87561,87528,87543,16,1:15,87544,87559,16,1:15,87545,87560,16,1:15,,,0,,,,0,,,,0,,,,0,,1,10,15,17,1,,,,
asymmetric,4,1238,30,a,7,16,8128,8,87564,87564,87565,,,,87592,87575,87582,8,1:7,87583,87590,8,1:7,87584,87591,8,1:7,,,0,,,,0,,,,0,,,,0,,1,10,7,9,1,,,,
asymmetric,4,1239,30,a,7,24,8192,8,87595,87595,87596,,,,87623,87606,87613,8,1:7,87614,87621,8,1:7,87615,87622,8,1:7,,,0,,,,0,,,,0,,,,0,,1,10,7,9,1,,,,
asymmetric,4,1240,30,bt,0,0,29120,16,87631,87631,87632,,,,87675,87642,87657,16,1:15,87658,87673,16,1:15,87659,87674,16,1:15,,,0,,,,0,,,,0,,,,0,,1,10,15,17,1,,,,
asymmetric,4,1241,30,bt,0,16,29248,16,87678,87678,87679,,,,87722,87689,87704,16,1:15,87705,87720,16,1:15,87706,87721,16,1:15,,,0,,,,0,,,,0,,,,0,,1,10,15,17,1,,,,
asymmetric,4,1242,30,bt,1,0,29376,16,87725,87725,87726,,,,87769,87736,87751,16,1:15,87752,87767,16,1:15,87753,87768,16,1:15,,,0,,,,0,,,,0,,,,0,,1,10,15,17,1,,,,
asymmetric,4,1243,30,bt,1,16,29504,16,87772,87772,87773,,,,87816,87783,87798,16,1:15,87799,87814,16,1:15,87800,87815,16,1:15,,,0,,,,0,,,,0,,,,0,,1,10,15,17,1,,,,
asymmetric,4,1244,30,bt,2,0,29632,16,87819,87819,87820,,,,87863,87830,87845,16,1:15,87846,87861,16,1:15,87847,87862,16,1:15,,,0,,,,0,,,,0,,,,0,,1,10,15,17,1,,,,
asymmetric,4,1245,30,bt,2,16,29760,16,87866,87866,87867,,,,87910,87877,87892,16,1:15,87893,87908,16,1:15,87894,87909,16,1:15,,,0,,,,0,,,,0,,,,0,,1,10,15,17,1,,,,
asymmetric,4,1246,30,bt,3,0,29888,16,87913,87913,87914,,,,87957,87924,87939,16,1:15,87940,87955,16,1:15,87941,87956,16,1:15,,,0,,,,0,,,,0,,,,0,,1,10,15,17,1,,,,
asymmetric,4,1247,30,bt,3,16,30016,16,87960,87960,87961,,,,88004,87971,87986,16,1:15,87987,88002,16,1:15,87988,88003,16,1:15,,,0,,,,0,,,,0,,,,0,,1,10,15,17,1,,,,
asymmetric,4,1248,30,bt,4,0,30144,16,88007,88007,88008,,,,88051,88018,88033,16,1:15,88034,88049,16,1:15,88035,88050,16,1:15,,,0,,,,0,,,,0,,,,0,,1,10,15,17,1,,,,
asymmetric,4,1249,30,bt,4,16,30272,16,88054,88054,88055,,,,88098,88065,88080,16,1:15,88081,88096,16,1:15,88082,88097,16,1:15,,,0,,,,0,,,,0,,,,0,,1,10,15,17,1,,,,
asymmetric,4,1250,30,bt,5,0,30400,16,88101,88101,88102,,,,88145,88112,88127,16,1:15,88128,88143,16,1:15,88129,88144,16,1:15,,,0,,,,0,,,,0,,,,0,,1,10,15,17,1,,,,
asymmetric,4,1251,30,bt,5,16,30528,16,88148,88148,88149,,,,88192,88159,88174,16,1:15,88175,88190,16,1:15,88176,88191,16,1:15,,,0,,,,0,,,,0,,,,0,,1,10,15,17,1,,,,
asymmetric,4,1252,30,bt,6,0,30656,16,88195,88195,88196,,,,88239,88206,88221,16,1:15,88222,88237,16,1:15,88223,88238,16,1:15,,,0,,,,0,,,,0,,,,0,,1,10,15,17,1,,,,
asymmetric,4,1253,30,bt,6,16,30784,16,88242,88242,88243,,,,88286,88253,88268,16,1:15,88269,88284,16,1:15,88270,88285,16,1:15,,,0,,,,0,,,,0,,,,0,,1,10,15,17,1,,,,
asymmetric,4,1254,30,bt,7,0,30912,16,88289,88289,88290,,,,88333,88300,88315,16,1:15,88316,88331,16,1:15,88317,88332,16,1:15,,,0,,,,0,,,,0,,,,0,,1,10,15,17,1,,,,
asymmetric,4,1255,30,bt,7,16,31040,16,88336,88336,88337,,,,88380,88347,88362,16,1:15,88363,88378,16,1:15,88364,88379,16,1:15,,,0,,,,0,,,,0,,,,0,,1,10,15,17,1,,,,
asymmetric,4,1256,30,c,0,0,39424,4,89470,89470,,89491,89490,89502,89503,,,0,,,,0,,,,0,,89472,89487,4,5:3,89474,89489,4,5:3,89475,89490,4,5:3,89491,89494,4,1:3,,,,,,20,4,8,1
asymmetric,4,1257,30,c,1,0,39680,4,89506,89506,,89527,89526,89538,89539,,,0,,,,0,,,,0,,89508,89523,4,5:3,89510,89525,4,5:3,89511,89526,4,5:3,89527,89530,4,1:3,,,,,,20,4,8,1
asymmetric,4,1258,30,c,2,0,39936,4,89542,89542,,89563,89562,89574,89575,,,0,,,,0,,,,0,,89544,89559,4,5:3,89546,89561,4,5:3,89547,89562,4,5:3,89563,89566,4,1:3,,,,,,20,4,8,1
asymmetric,4,1259,30,c,3,0,40192,4,89578,89578,,89599,89598,89610,89611,,,0,,,,0,,,,0,,89580,89595,4,5:3,89582,89597,4,5:3,89583,89598,4,5:3,89599,89602,4,1:3,,,,,,20,4,8,1
asymmetric,4,1260,30,c,4,0,40448,4,89614,89614,,89635,89634,89646,89647,,,0,,,,0,,,,0,,89616,89631,4,5:3,89618,89633,4,5:3,89619,89634,4,5:3,89635,89638,4,1:3,,,,,,20,4,8,1
asymmetric,4,1261,30,c,5,0,40704,4,89650,89650,,89671,89670,89682,89683,,,0,,,,0,,,,0,,89652,89667,4,5:3,89654,89669,4,5:3,89655,89670,4,5:3,89671,89674,4,1:3,,,,,,20,4,8,1
asymmetric,4,1262,30,c,6,0,40960,4,89686,89686,,89707,89706,89718,89719,,,0,,,,0,,,,0,,89688,89703,4,5:3,89690,89705,4,5:3,89691,89706,4,5:3,89707,89710,4,1:3,,,,,,20,4,8,1
asymmetric,4,1263,30,c,7,0,41216,4,89722,89722,,89743,89742,89754,89755,,,0,,,,0,,,,0,,89724,89739,4,5:3,89726,89741,4,5:3,89727,89742,4,5:3,89743,89746,4,1:3,,,,,,20,4,8,1
asymmetric,4,1264,31,a,0,0,6208,16,89764,89764,89765,,,,89808,89775,89790,16,1:15,89791,89806,16,1:15,89792,89807,16,1:15,,,0,,,,0,,,,0,,,,0,,1,10,15,17,1,,,,
asymmetric,4,1265,31,a,0,16,6336,16,89811,89811,89812,,,,89855,89822,89837,16,1:15,89838,89853,16,1:15,89839,89854,16,1:15,,,0,,,,0,,,,0,,,,0,,1,10,15,17,1,,,,
asymmetric,4,1266,31,a,1,0,6464,16,89858,89858,89859,,,,89902,89869,89884,16,1:15,89885,89900,16,1:15,89886,89901,16,1:15,,,0,,,,0,,,,0,,,,0,,1,10,15,17,1,,,,
asymmetric,4,1267,31,a,1,16,6592,16,89905,89905,89906,,,,89949,89916,89931,16,1:15,89932,89947,16,1:15,89933,89948,16,1:15,,,0,,,,0,,,,0,,,,0,,1,10,15,17,1,,,,
asymmetric,4,1268,31,a,2,0,6720,16,89952,89952,89953,,,,89996,89963,89978,16,1:15,89979,89994,16,1:15,89980,89995,16,1:15,,,0,,,,0,,,,0,,,,0,,1,10,15,17,1,,,,
asymmetric,4,1269,31,a,2,16,6848,16,89999,89999,90000,,,,90043,90010,90025,16,1:15,90026,90041,16,1:15,90027,90042,16,1:15,,,0,,,,0,,,,0,,,,0,,1,10,15,17,1,,,,
asymmetric,4,1270,31,a,3,0,6976,16,90046,90046,90047,,,,90090,90057,90072,16,1:15,90073,90088,16,1:15,90074,90089,16,1:15,,,0,,,,0,,,,0,,,,0,,1,10,15,17,1,,,,
asymmetric,4,1271,31,a,3,16,7104,16,90093,90093,90094,,,,90137,90104,90119,16,1:15,90120,90135,16,1:15,90121,90136,16,1:15,,,0,,,,0,,,,0,,,,0,,1,10,15,17,1,,,,
asymmetric,4,1272,31,a,4,0,7232,16,90140,90140,90141,,,,90184,90151,90166,16,1:15,90167,90182,16,1:15,90168,90183,16,1:15,,,0,,,,0,,,,0,,,,0,,1,10,15,17,1,,,,
asymmetric,4,1273,31,a,4,16,7360,16,90187,90187,90188,,,,90231,90198,90213,16,1:15,90214,90229,16,1:15,90215,90230,16,1:15,,,0,,,,0,,,,0,,,,0,,1,10,15,17,1,,,,
asymmetric,4,1274,31,a,5,0,7488,16,90234,90234,90235,,,,90278,90245,90260,16,1:15,90261,90276,16,1:15,90262,90277,16,1:15,,,0,,,,0,,,,0,,,,0,,1,10,15,17,1,,,,
asymmetric,4,1275,31,a,5,16,7616,16,90281,90281,90282,,,,90325,90292,90307,16,1:15,90308,90323,16,1:15,90309,90324,16,1:15,,,0,,,,0,,,,0,,,,0,,1,10,15,17,1,,,,
asymmetric,4,1276,31,a,6,0,7744,16,90328,90328,90329,,,,90372,90339,90354,16,1:15,90355,90370,16,1:15,90356,90371,16,1:15,,,0,,,,0,,,,0,,,,0,,1,10,15,17,1,,,,
asymmetric,4,1277,31,a,6,16,7872,16,90375,90375,90376,,,,90419,90386,90401,16,1:15,90402,90417,16,1:15,90403,90418,16,1:15,,,0,,,,0,,,,0,,,,0,,1,10,15,17,1,,,,
asymmetric,4,1278,31,a,7,0,8000,16,90422,90422,90423,,,,90466,90433,90448,16,1:15,90449,90464,16,1:15,90450,90465,16,1:15,,,0,,,,0,,,,0,,,,0,,1,10,15,17,1,,,,
asymmetric,4,1279,31,a,7,16,8128,8,90469,90469,90470,,,,90497,90480,90487,8,1:7,90488,90495,8,1:7,90489,90496,8,1:7,,,0,,,,0,,,,0,,,,0,,1,10,7,9,1,,,,
asymmetric,4,1280,31,a,7,24,8192,8,90500,90500,90501,,,,90528,90511,90518,8,1:7,90519,90526,8,1:7,90520,90527,8,1:7,,,0,,,,0,,,,0,,,,0,,1,10,7,9,1,,,,
asymmetric,4,1281,31,bt,0,0,31168,16,90536,90536,90537,,,,90580,90547,90562,16,1:15,90563,90578,16,1:15,90564,90579,16,1:15,,,0,,,,0,,,,0,,,,0,,1,10,15,17,1,,,,
asymmetric,4,1282,31,bt,0,16,31296,16,90583,90583,90584,,,,90627,90594,90609,16,1:15,90610,90625,16,1:15,90611,90626,16,1:15,,,0,,,,0,,,,0,,,,0,,1,10,15,17,1,,,,
asymmetric,4,1283,31,bt,1,0,31424,16,90630,90630,90631,,,,90674,90641,90656,16,1:15,90657,90672,16,1:15,90658,90673,16,1:15,,,0,,,,0,,,,0,,,,0,,1,10,15,17,1,,,,
asymmetric,4,1284,31,bt,1,16,31552,16,90677,90677,90678,,,,90721,90688,90703,16,1:15,90704,90719,16,1:15,90705,90720,16,1:15,,,0,,,,0,,,,0,,,,0,,1,10,15,17,1,,,,
asymmetric,4,1285,31,bt,2,0,31680,16,90724,90724,90725,,,,90768,90735,90750,16,1:15,90751,90766,16,1:15,90752,90767,16,1:15,,,0,,,,0,,,,0,,,,0,,1,10,15,17,1,,,,
asymmetric,4,1286,31,bt,2,16,31808,16,90771,90771,90772,,,,90815,90782,90797,16,1:15,90798,90813,16,1:15,90799,90814,16,1:15,,,0,,,,0,,,,0,,,,0,,1,10,15,17,1,,,,
asymmetric,4,1287,31,bt,3,0,31936,16,90818,90818,90819,,,,90862,90829,90844,16,1:15,90845,90860,16,1:15,90846,90861,16,1:15,,,0,,,,0,,,,0,,,,0,,1,10,15,17,1,,,,
asymmetric,4,1288,31,bt,3,16,32064,16,90865,90865,90866,,,,90909,90876,90891,16,1:15,90892,90907,16,1:15,90893,90908,16,1:15,,,0,,,,0,,,,0,,,,0,,1,10,15,17,1,,,,
asymmetric,4,1289,31,bt,4,0,32192,16,90912,90912,90913,,,,90956,90923,90938,16,1:15,90939,90954,16,1:15,90940,90955,16,1:15,,,0,,,,0,,,,0,,,,0,,1,10,15,17,1,,,,
asymmetric,4,1290,31,bt,4,16,32320,16,90959,90959,90960,,,,91003,90970,90985,16,1:15,90986,91001,16,1:15,90987,91002,16,1:15,,,0,,,,0,,,,0,,,,0,,1,10,15,17,1,,,,
asymmetric,4,1291,31,bt,5,0,32448,16,91006,91006,91007,,,,91050,91017,91032,16,1:15,91033,91048,16,1:15,91034,91049,16,1:15,,,0,,,,0,,,,0,,,,0,,1,10,15,17,1,,,,
asymmetric,4,1292,31,bt,5,16,32576,16,91053,91053,91054,,,,91097,91064,91079,16,1:15,91080,91095,16,1:15,91081,91096,16,1:15,,,0,,,,0,,,,0,,,,0,,1,10,15,17,1,,,,
asymmetric,4,1293,31,bt,6,0,32704,8,91100,91100,91101,,,,91128,91111,91118,8,1:7,91119,91126,8,1:7,91120,91127,8,1:7,,,0,,,,0,,,,0,,,,0,,1,10,7,9,1,,,,
asymmetric,4,1294,31,bt,6,8,32768,16,91131,91131,91132,,,,91175,91142,91157,16,1:15,91158,91173,16,1:15,91159,91174,16,1:15,,,0,,,,0,,,,0,,,,0,,1,10,15,17,1,,,,
asymmetric,4,1295,31,bt,6,24,32896,8,91178,91178,91179,,,,91206,91189,91196,8,1:7,91197,91204,8,1:7,91198,91205,8,1:7,,,0,,,,0,,,,0,,,,0,,1,10,7,9,1,,,,
asymmetric,4,1296,31,c,0,0,39456,4,92296,92296,,92317,92316,92328,92329,,,0,,,,0,,,,0,,92298,92313,4,5:3,92300,92315,4,5:3,92301,92316,4,5:3,92317,92320,4,1:3,,,,,,20,4,8,1
asymmetric,4,1297,31,c,1,0,39712,4,92332,92332,,92353,92352,92364,92365,,,0,,,,0,,,,0,,92334,92349,4,5:3,92336,92351,4,5:3,92337,92352,4,5:3,92353,92356,4,1:3,,,,,,20,4,8,1
asymmetric,4,1298,31,c,2,0,39968,4,92368,92368,,92389,92388,92400,92401,,,0,,,,0,,,,0,,92370,92385,4,5:3,92372,92387,4,5:3,92373,92388,4,5:3,92389,92392,4,1:3,,,,,,20,4,8,1
asymmetric,4,1299,31,c,3,0,40224,4,92404,92404,,92425,92424,92436,92437,,,0,,,,0,,,,0,,92406,92421,4,5:3,92408,92423,4,5:3,92409,92424,4,5:3,92425,92428,4,1:3,,,,,,20,4,8,1
asymmetric,4,1300,31,c,4,0,40480,4,92440,92440,,92461,92460,92472,92473,,,0,,,,0,,,,0,,92442,92457,4,5:3,92444,92459,4,5:3,92445,92460,4,5:3,92461,92464,4,1:3,,,,,,20,4,8,1
asymmetric,4,1301,31,c,5,0,40736,4,92476,92476,,92497,92496,92508,92509,,,0,,,,0,,,,0,,92478,92493,4,5:3,92480,92495,4,5:3,92481,92496,4,5:3,92497,92500,4,1:3,,,,,,20,4,8,1
asymmetric,4,1302,31,c,6,0,40992,4,92512,92512,,92533,92532,92544,92545,,,0,,,,0,,,,0,,92514,92529,4,5:3,92516,92531,4,5:3,92517,92532,4,5:3,92533,92536,4,1:3,,,,,,20,4,8,1
asymmetric,4,1303,31,c,7,0,41248,4,92548,92548,,92569,92568,92580,92581,,,0,,,,0,,,,0,,92550,92565,4,5:3,92552,92567,4,5:3,92553,92568,4,5:3,92569,92572,4,1:3,,,,,,20,4,8,1
asymmetric,4,1304,32,a,0,0,8256,16,92590,92590,92591,,,,92634,92601,92616,16,1:15,92617,92632,16,1:15,92618,92633,16,1:15,,,0,,,,0,,,,0,,,,0,,1,10,15,17,1,,,,
asymmetric,4,1305,32,a,0,16,8384,16,92637,92637,92638,,,,92681,92648,92663,16,1:15,92664,92679,16,1:15,92665,92680,16,1:15,,,0,,,,0,,,,0,,,,0,,1,10,15,17,1,,,,
asymmetric,4,1306,32,a,1,0,8512,16,92684,92684,92685,,,,92728,92695,92710,16,1:15,92711,92726,16,1:15,92712,92727,16,1:15,,,0,,,,0,,,,0,,,,0,,1,10,15,17,1,,,,
asymmetric,4,1307,32,a,1,16,8640,16,92731,92731,92732,,,,92775,92742,92757,16,1:15,92758,92773,16,1:15,92759,92774,16,1:15,,,0,,,,0,,,,0,,,,0,,1,10,15,17,1,,,,
asymmetric,4,1308,32,a,2,0,8768,16,92778,92778,92779,,,,92822,92789,92804,16,1:15,92805,92820,16,1:15,92806,92821,16,1:15,,,0,,,,0,,,,0,,,,0,,1,10,15,17,1,,,,
asymmetric,4,1309,32,a,2,16,8896,16,92825,92825,92826,,,,92869,92836,92851,16,1:15,92852,92867,16,1:15,92853,92868,16,1:15,,,0,,,,0,,,,0,,,,0,,1,10,15,17,1,,,,
asymmetric,4,1310,32,a,3,0,9024,16,92872,92872,92873,,,,92916,92883,92898,16,1:15,92899,92914,16,1:15,92900,92915,16,1:15,,,0,,,,0,,,,0,,,,0,,1,10,15,17,1,,,,
asymmetric,4,1311,32,a,3,16,9152,16,92919,92919,92920,,,,92963,92930,92945,16,1:15,92946,92961,16,1:15,92947,92962,16,1:15,,,0,,,,0,,,,0,,,,0,,1,10,15,17,1,,,,
asymmetric,4,1312,32,a,4,0,9280,16,92966,92966,92967,,,,93010,92977,92992,16,1:15,92993,93008,16,1:15,92994,93009,16,1:15,,,0,,,,0,,,,0,,,,0,,1,10,15,17,1,,,,
asymmetric,4,1313,32,a,4,16,9408,16,93013,93013,93014,,,,93057,93024,93039,16,1:15,93040,93055,16,1:15,93041,93056,16,1:15,,,0,,,,0,,,,0,,,,0,,1,10,15,17,1,,,,
asymmetric,4,1314,32,a,5,0,9536,16,93060,93060,93061,,,,93104,93071,93086,16,1:15,93087,93102,16,1:15,93088,93103,16,1:15,,,0,,,,0,,,,0,,,,0,,1,10,15,17,1,,,,
asymmetric,4,1315,32,a,5,16,9664,16,93107,93107,93108,,,,93151,93118,93133,16,1:15,93134,93149,16,1:15,93135,93150,16,1:15,,,0,,,,0,,,,0,,,,0,,1,10,15,17,1,,,,
asymmetric,4,1316,32,a,6,0,9792,16,93154,93154,93155,,,,93198,93165,93180,16,1:15,93181,93196,16,1:15,93182,93197,16,1:15,,,0,,,,0,,,,0,,,,0,,1,10,15,17,1,,,,
asymmetric,4,1317,32,a,6,16,9920,16,93201,93201,93202,,,,93245,93212,93227,16,1:15,93228,93243,16,1:15,93229,93244,16,1:15,,,0,,,,0,,,,0,,,,0,,1,10,15,17,1,,,,
asymmetric,4,1318,32,a,7,0,10048,16,93248,93248,93249,,,,93292,93259,93274,16,1:15,93275,93290,16,1:15,93276,93291,16,1:15,,,0,,,,0,,,,0,,,,0,,1,10,15,17,1,,,,
asymmetric,4,1319,32,a,7,16,10176,16,93295,93295,93296,,,,93339,93306,93321,16,1:15,93322,93337,16,1:15,93323,93338,16,1:15,,,0,,,,0,,,,0,,,,0,,1,10,15,17,1,,,,
asymmetric,4,1320,32,bt,0,0,16832,16,93347,93347,93348,,,,93391,93358,93373,16,1:15,93374,93389,16,1:15,93375,93390,16,1:15,,,0,,,,0,,,,0,,,,0,,1,10,15,17,1,,,,
asymmetric,4,1321,32,bt,0,16,16960,16,93394,93394,93395,,,,93438,93405,93420,16,1:15,93421,93436,16,1:15,93422,93437,16,1:15,,,0,,,,0,,,,0,,,,0,,1,10,15,17,1,,,,
asymmetric,4,1322,32,bt,1,0,17088,16,93441,93441,93442,,,,93485,93452,93467,16,1:15,93468,93483,16,1:15,93469,93484,16,1:15,,,0,,,,0,,,,0,,,,0,,1,10,15,17,1,,,,
asymmetric,4,1323,32,bt,1,16,17216,16,93488,93488,93489,,,,93532,93499,93514,16,1:15,93515,93530,16,1:15,93516,93531,16,1:15,,,0,,,,0,,,,0,,,,0,,1,10,15,17,1,,,,
asymmetric,4,1324,32,bt,2,0,17344,16,93535,93535,93536,,,,93579,93546,93561,16,1:15,93562,93577,16,1:15,93563,93578,16,1:15,,,0,,,,0,,,,0,,,,0,,1,10,15,17,1,,,,
asymmetric,4,1325,32,bt,2,16,17472,16,93582,93582,93583,,,,93626,93593,93608,16,1:15,93609,93624,16,1:15,93610,93625,16,1:15,,,0,,,,0,,,,0,,,,0,,1,10,15,17,1,,,,
asymmetric,4,1326,32,bt,3,0,17600,16,93629,93629,93630,,,,93673,93640,93655,16,1:15,93656,93671,16,1:15,93657,93672,16,1:15,,,0,,,,0,,,,0,,,,0,,1,10,15,17,1,,,,
asymmetric,4,1327,32,bt,3,16,17728,16,93676,93676,93677,,,,93720,93687,93702,16,1:15,93703,93718,16,1:15,93704,93719,16,1:15,,,0,,,,0,,,,0,,,,0,,1,10,15,17,1,,,,
asymmetric,4,1328,32,bt,4,0,17856,16,93723,93723,93724,,,,93767,93734,93749,16,1:15,93750,93765,16,1:15,93751,93766,16,1:15,,,0,,,,0,,,,0,,,,0,,1,10,15,17,1,,,,
asymmetric,4,1329,32,bt,4,16,17984,16,93770,93770,93771,,,,93814,93781,93796,16,1:15,93797,93812,16,1:15,93798,93813,16,1:15,,,0,,,,0,,,,0,,,,0,,1,10,15,17,1,,,,
asymmetric,4,1330,32,bt,5,0,18112,16,93817,93817,93818,,,,93861,93828,93843,16,1:15,93844,93859,16,1:15,93845,93860,16,1:15,,,0,,,,0,,,,0,,,,0,,1,10,15,17,1,,,,
asymmetric,4,1331,32,bt,5,16,18240,16,93864,93864,93865,,,,93908,93875,93890,16,1:15,93891,93906,16,1:15,93892,93907,16,1:15,,,0,,,,0,,,,0,,,,0,,1,10,15,17,1,,,,
asymmetric,4,1332,32,bt,6,0,18368,16,93911,93911,93912,,,,93955,93922,93937,16,1:15,93938,93953,16,1:15,93939,93954,16,1:15,,,0,,,,0,,,,0,,,,0,,1,10,15,17,1,,,,
asymmetric,4,1333,32,bt,6,16,18496,16,93958,93958,93959,,,,94002,93969,93984,16,1:15,93985,94000,16,1:15,93986,94001,16,1:15,,,0,,,,0,,,,0,,,,0,,1,10,15,17,1,,,,
asymmetric,4,1334,32,bt,7,0,18624,16,94005,94005,94006,,,,94049,94016,94031,16,1:15,94032,94047,16,1:15,94033,94048,16,1:15,,,0,,,,0,,,,0,,,,0,,1,10,15,17,1,,,,
asymmetric,4,1335,32,bt,7,16,18752,16,94052,94052,94053,,,,94096,94063,94078,16,1:15,94079,94094,16,1:15,94080,94095,16,1:15,,,0,,,,0,,,,0,,,,0,,1,10,15,17,1,,,,
asymmetric,4,1336,32,c,0,0,41280,4,95186,95186,,95207,95206,95218,95219,,,0,,,,0,,,,0,,95188,95203,4,5:3,95190,95205,4,5:3,95191,95206,4,5:3,95207,95210,4,1:3,,,,,,20,4,8,1
asymmetric,4,1337,32,c,1,0,41536,4,95222,95222,,95243,95242,95254,95255,,,0,,,,0,,,,0,,95224,95239,4,5:3,95226,95241,4,5:3,95227,95242,4,5:3,95243,95246,4,1:3,,,,,,20,4,8,1
asymmetric,4,1338,32,c,2,0,41792,4,95258,95258,,95279,95278,95290,95291,,,0,,,,0,,,,0,,95260,95275,4,5:3,95262,95277,4,5:3,95263,95278,4,5:3,95279,95282,4,1:3,,,,,,20,4,8,1
asymmetric,4,1339,32,c,3,0,42048,4,95294,95294,,95315,95314,95326,95327,,,0,,,,0,,,,0,,95296,95311,4,5:3,95298,95313,4,5:3,95299,95314,4,5:3,95315,95318,4,1:3,,,,,,20,4,8,1
asymmetric,4,1340,32,c,4,0,42304,4,95330,95330,,95351,95350,95362,95363,,,0,,,,0,,,,0,,95332,95347,4,5:3,95334,95349,4,5:3,95335,95350,4,5:3,95351,95354,4,1:3,,,,,,20,4,8,1
asymmetric,4,1341,32,c,5,0,42560,4,95366,95366,,95387,95386,95398,95399,,,0,,,,0,,,,0,,95368,95383,4,5:3,95370,95385,4,5:3,95371,95386,4,5:3,95387,95390,4,1:3,,,,,,20,4,8,1
asymmetric,4,1342,32,c,6,0,42816,4,95402,95402,,95423,95422,95434,95435,,,0,,,,0,,,,0,,95404,95419,4,5:3,95406,95421,4,5:3,95407,95422,4,5:3,95423,95426,4,1:3,,,,,,20,4,8,1
asymmetric,4,1343,32,c,7,0,43072,4,95438,95438,,95459,95458,95470,95471,,,0,,,,0,,,,0,,95440,95455,4,5:3,95442,95457,4,5:3,95443,95458,4,5:3,95459,95462,4,1:3,,,,,,20,4,8,1
asymmetric,4,1344,33,a,0,0,8256,16,95480,95480,95481,,,,95524,95491,95506,16,1:15,95507,95522,16,1:15,95508,95523,16,1:15,,,0,,,,0,,,,0,,,,0,,1,10,15,17,1,,,,
asymmetric,4,1345,33,a,0,16,8384,16,95527,95527,95528,,,,95571,95538,95553,16,1:15,95554,95569,16,1:15,95555,95570,16,1:15,,,0,,,,0,,,,0,,,,0,,1,10,15,17,1,,,,
asymmetric,4,1346,33,a,1,0,8512,16,95574,95574,95575,,,,95618,95585,95600,16,1:15,95601,95616,16,1:15,95602,95617,16,1:15,,,0,,,,0,,,,0,,,,0,,1,10,15,17,1,,,,
asymmetric,4,1347,33,a,1,16,8640,16,95621,95621,95622,,,,95665,95632,95647,16,1:15,95648,95663,16,1:15,95649,95664,16,1:15,,,0,,,,0,,,,0,,,,0,,1,10,15,17,1,,,,
asymmetric,4,1348,33,a,2,0,8768,16,95668,95668,95669,,,,95712,95679,95694,16,1:15,95695,95710,16,1:15,95696,95711,16,1:15,,,0,,,,0,,,,0,,,,0,,1,10,15,17,1,,,,
asymmetric,4,1349,33,a,2,16,8896,16,95715,95715,95716,,,,95759,95726,95741,16,1:15,95742,95757,16,1:15,95743,95758,16,1:15,,,0,,,,0,,,,0,,,,0,,1,10,15,17,1,,,,
asymmetric,4,1350,33,a,3,0,9024,16,95762,95762,95763,,,,95806,95773,95788,16,1:15,95789,95804,16,1:15,95790,95805,16,1:15,,,0,,,,0,,,,0,,,,0,,1,10,15,17,1,,,,
asymmetric,4,1351,33,a,3,16,9152,16,95809,95809,95810,,,,95853,95820,95835,16,1:15,95836,95851,16,1:15,95837,95852,16,1:15,,,0,,,,0,,,,0,,,,0,,1,10,15,17,1,,,,
asymmetric,4,1352,33,a,4,0,9280,16,95856,95856,95857,,,,95900,95867,95882,16,1:15,95883,95898,16,1:15,95884,95899,16,1:15,,,0,,,,0,,,,0,,,,0,,1,10,15,17,1,,,,
asymmetric,4,1353,33,a,4,16,9408,16,95903,95903,95904,,,,95947,95914,95929,16,1:15,95930,95945,16,1:15,95931,95946,16,1:15,,,0,,,,0,,,,0,,,,0,,1,10,15,17,1,,,,
asymmetric,4,1354,33,a,5,0,9536,16,95950,95950,95951,,,,95994,95961,95976,16,1:15,95977,95992,16,1:15,95978,95993,16,1:15,,,0,,,,0,,,,0,,,,0,,1,10,15,17,1,,,,
asymmetric,4,1355,33,a,5,16,9664,16,95997,95997,95998,,,,96041,96008,96023,16,1:15,96024,96039,16,1:15,96025,96040,16,1:15,,,0,,,,0,,,,0,,,,0,,1,10,15,17,1,,,,
asymmetric,4,1356,33,a,6,0,9792,16,96044,96044,96045,,,,96088,96055,96070,16,1:15,96071,96086,16,1:15,96072,96087,16,1:15,,,0,,,,0,,,,0,,,,0,,1,10,15,17,1,,,,
asymmetric,4,1357,33,a,6,16,9920,16,96091,96091,96092,,,,96135,96102,96117,16,1:15,96118,96133,16,1:15,96119,96134,16,1:15,,,0,,,,0,,,,0,,,,0,,1,10,15,17,1,,,,
asymmetric,4,1358,33,a,7,0,10048,16,96138,96138,96139,,,,96182,96149,96164,16,1:15,96165,96180,16,1:15,96166,96181,16,1:15,,,0,,,,0,,,,0,,,,0,,1,10,15,17,1,,,,
asymmetric,4,1359,33,a,7,16,10176,16,96185,96185,96186,,,,96229,96196,96211,16,1:15,96212,96227,16,1:15,96213,96228,16,1:15,,,0,,,,0,,,,0,,,,0,,1,10,15,17,1,,,,
asymmetric,4,1360,33,bt,0,0,18880,16,96237,96237,96238,,,,96281,96248,96263,16,1:15,96264,96279,16,1:15,96265,96280,16,1:15,,,0,,,,0,,,,0,,,,0,,1,10,15,17,1,,,,
asymmetric,4,1361,33,bt,0,16,19008,16,96284,96284,96285,,,,96328,96295,96310,16,1:15,96311,96326,16,1:15,96312,96327,16,1:15,,,0,,,,0,,,,0,,,,0,,1,10,15,17,1,,,,
asymmetric,4,1362,33,bt,1,0,19136,16,96331,96331,96332,,,,96375,96342,96357,16,1:15,96358,96373,16,1:15,96359,96374,16,1:15,,,0,,,,0,,,,0,,,,0,,1,10,15,17,1,,,,
asymmetric,4,1363,33,bt,1,16,19264,16,96378,96378,96379,,,,96422,96389,96404,16,1:15,96405,96420,16,1:15,96406,96421,16,1:15,,,0,,,,0,,,,0,,,,0,,1,10,15,17,1,,,,
asymmetric,4,1364,33,bt,2,0,19392,16,96425,96425,96426,,,,96469,96436,96451,16,1:15,96452,96467,16,1:15,96453,96468,16,1:15,,,0,,,,0,,,,0,,,,0,,1,10,15,17,1,,,,
asymmetric,4,1365,33,bt,2,16,19520,16,96472,96472,96473,,,,96516,96483,96498,16,1:15,96499,96514,16,1:15,96500,96515,16,1:15,,,0,,,,0,,,,0,,,,0,,1,10,15,17,1,,,,
asymmetric,4,1366,33,bt,3,0,19648,16,96519,96519,96520,,,,96563,96530,96545,16,1:15,96546,96561,16,1:15,96547,96562,16,1:15,,,0,,,,0,,,,0,,,,0,,1,10,15,17,1,,,,
asymmetric,4,1367,33,bt,3,16,19776,16,96566,96566,96567,,,,96610,96577,96592,16,1:15,96593,96608,16,1:15,96594,96609,16,1:15,,,0,,,,0,,,,0,,,,0,,1,10,15,17,1,,,,
asymmetric,4,1368,33,bt,4,0,19904,16,96613,96613,96614,,,,96657,96624,96639,16,1:15,96640,96655,16,1:15,96641,96656,16,1:15,,,0,,,,0,,,,0,,,,0,,1,10,15,17,1,,,,
asymmetric,4,1369,33,bt,4,16,20032,16,96660,96660,96661,,,,96704,96671,96686,16,1:15,96687,96702,16,1:15,96688,96703,16,1:15,,,0,,,,0,,,,0,,,,0,,1,10,15,17,1,,,,
asymmetric,4,1370,33,bt,5,0,20160,16,96707,96707,96708,,,,96751,96718,96733,16,1:15,96734,96749,16,1:15,96735,96750,16,1:15,,,0,,,,0,,,,0,,,,0,,1,10,15,17,1,,,,
asymmetric,4,1371,33,bt,5,16,20288,16,96754,96754,96755,,,,96798,96765,96780,16,1:15,96781,96796,16,1:15,96782,96797,16,1:15,,,0,,,,0,,,,0,,,,0,,1,10,15,17,1,,,,
asymmetric,4,1372,33,bt,6,0,20416,8,96801,96801,96802,,,,96829,96812,96819,8,1:7,96820,96827,8,1:7,96821,96828,8,1:7,,,0,,,,0,,,,0,,,,0,,1,10,7,9,1,,,,
asymmetric,4,1373,33,bt,6,8,20480,16,96832,96832,96833,,,,96876,96843,96858,16,1:15,96859,96874,16,1:15,96860,96875,16,1:15,,,0,,,,0,,,,0,,,,0,,1,10,15,17,1,,,,
asymmetric,4,1374,33,bt,6,24,20608,8,96879,96879,96880,,,,96907,96890,96897,8,1:7,96898,96905,8,1:7,96899,96906,8,1:7,,,0,,,,0,,,,0,,,,0,,1,10,7,9,1,,,,
asymmetric,4,1375,33,bt,7,0,20672,16,96910,96910,96911,,,,96954,96921,96936,16,1:15,96937,96952,16,1:15,96938,96953,16,1:15,,,0,,,,0,,,,0,,,,0,,1,10,15,17,1,,,,
asymmetric,4,1376,33,bt,7,16,20800,16,96957,96957,96958,,,,97001,96968,96983,16,1:15,96984,96999,16,1:15,96985,97000,16,1:15,,,0,,,,0,,,,0,,,,0,,1,10,15,17,1,,,,
asymmetric,4,1377,33,c,0,0,41312,4,98091,98091,,98112,98111,98123,98124,,,0,,,,0,,,,0,,98093,98108,4,5:3,98095,98110,4,5:3,98096,98111,4,5:3,98112,98115,4,1:3,,,,,,20,4,8,1
asymmetric,4,1378,33,c,1,0,41568,4,98127,98127,,98148,98147,98159,98160,,,0,,,,0,,,,0,,98129,98144,4,5:3,98131,98146,4,5:3,98132,98147,4,5:3,98148,98151,4,1:3,,,,,,20,4,8,1
asymmetric,4,1379,33,c,2,0,41824,4,98163,98163,,98184,98183,98195,98196,,,0,,,,0,,,,0,,98165,98180,4,5:3,98167,98182,4,5:3,98168,98183,4,5:3,98184,98187,4,1:3,,,,,,20,4,8,1
asymmetric,4,1380,33,c,3,0,42080,4,98199,98199,,98220,98219,98231,98232,,,0,,,,0,,,,0,,98201,98216,4,5:3,98203,98218,4,5:3,98204,98219,4,5:3,98220,98223,4,1:3,,,,,,20,4,8,1
asymmetric,4,1381,33,c,4,0,42336,4,98235,98235,,98256,98255,98267,98268,,,0,,,,0,,,,0,,98237,98252,4,5:3,98239,98254,4,5:3,98240,98255,4,5:3,98256,98259,4,1:3,,,,,,20,4,8,1
asymmetric,4,1382,33,c,5,0,42592,4,98271,98271,,98292,98291,98303,98304,,,0,,,,0,,,,0,,98273,98288,4,5:3,98275,98290,4,5:3,98276,98291,4,5:3,98292,98295,4,1:3,,,,,,20,4,8,1
asymmetric,4,1383,33,c,6,0,42848,4,98307,98307,,98328,98327,98339,98340,,,0,,,,0,,,,0,,98309,98324,4,5:3,98311,98326,4,5:3,98312,98327,4,5:3,98328,98331,4,1:3,,,,,,20,4,8,1
asymmetric,4,1384,33,c,7,0,43104,4,98343,98343,,98364,98363,98375,98376,,,0,,,,0,,,,0,,98345,98360,4,5:3,98347,98362,4,5:3,98348,98363,4,5:3,98364,98367,4,1:3,,,,,,20,4,8,1
asymmetric,4,1385,34,a,0,0,8256,16,98385,98385,98386,,,,98429,98396,98411,16,1:15,98412,98427,16,1:15,98413,98428,16,1:15,,,0,,,,0,,,,0,,,,0,,1,10,15,17,1,,,,
asymmetric,4,1386,34,a,0,16,8384,16,98432,98432,98433,,,,98476,98443,98458,16,1:15,98459,98474,16,1:15,98460,98475,16,1:15,,,0,,,,0,,,,0,,,,0,,1,10,15,17,1,,,,
asymmetric,4,1387,34,a,1,0,8512,16,98479,98479,98480,,,,98523,98490,98505,16,1:15,98506,98521,16,1:15,98507,98522,16,1:15,,,0,,,,0,,,,0,,,,0,,1,10,15,17,1,,,,
asymmetric,4,1388,34,a,1,16,8640,16,98526,98526,98527,,,,98570,98537,98552,16,1:15,98553,98568,16,1:15,98554,98569,16,1:15,,,0,,,,0,,,,0,,,,0,,1,10,15,17,1,,,,
asymmetric,4,1389,34,a,2,0,8768,16,98573,98573,98574,,,,98617,98584,98599,16,1:15,98600,98615,16,1:15,98601,98616,16,1:15,,,0,,,,0,,,,0,,,,0,,1,10,15,17,1,,,,
asymmetric,4,1390,34,a,2,16,8896,16,98620,98620,98621,,,,98664,98631,98646,16,1:15,98647,98662,16,1:15,98648,98663,16,1:15,,,0,,,,0,,,,0,,,,0,,1,10,15,17,1,,,,
asymmetric,4,1391,34,a,3,0,9024,16,98667,98667,98668,,,,98711,98678,98693,16,1:15,98694,98709,16,1:15,98695,98710,16,1:15,,,0,,,,0,,,,0,,,,0,,1,10,15,17,1,,,,
asymmetric,4,1392,34,a,3,16,9152,16,98714,98714,98715,,,,98758,98725,98740,16,1:15,98741,98756,16,1:15,98742,98757,16,1:15,,,0,,,,0,,,,0,,,,0,,1,10,15,17,1,,,,
asymmetric,4,1393,34,a,4,0,9280,16,98761,98761,98762,,,,98805,98772,98787,16,1:15,98788,98803,16,1:15,98789,98804,16,1:15,,,0,,,,0,,,,0,,,,0,,1,10,15,17,1,,,,
asymmetric,4,1394,34,a,4,16,9408,16,98808,98808,98809,,,,98852,98819,98834,16,1:15,98835,98850,16,1:15,98836,98851,16,1:15,,,0,,,,0,,,,0,,,,0,,1,10,15,17,1,,,,
asymmetric,4,1395,34,a,5,0,9536,16,98855,98855,98856,,,,98899,98866,98881,16,1:15,98882,98897,16,1:15,98883,98898,16,1:15,,,0,,,,0,,,,0,,,,0,,1,10,15,17,1,,,,
asymmetric,4,1396,34,a,5,16,9664,16,98902,98902,98903,,,,98946,98913,98928,16,1:15,98929,98944,16,1:15,98930,98945,16,1:15,,,0,,,,0,,,,0,,,,0,,1,10,15,17,1,,,,
asymmetric,4,1397,34,a,6,0,9792,16,98949,98949,98950,,,,98993,98960,98975,16,1:15,98976,98991,16,1:15,98977,98992,16,1:15,,,0,,,,0,,,,0,,,,0,,1,10,15,17,1,,,,
asymmetric,4,1398,34,a,6,16,9920,16,98996,98996,98997,,,,99040,99007,99022,16,1:15,99023,99038,16,1:15,99024,99039,16,1:15,,,0,,,,0,,,,0,,,,0,,1,10,15,17,1,,,,
asymmetric,4,1399,34,a,7,0,10048,16,99043,99043,99044,,,,99087,99054,99069,16,1:15,99070,99085,16,1:15,99071,99086,16,1:15,,,0,,,,0,,,,0,,,,0,,1,10,15,17,1,,,,
asymmetric,4,1400,34,a,7,16,10176,16,99090,99090,99091,,,,99134,99101,99116,16,1:15,99117,99132,16,1:15,99118,99133,16,1:15,,,0,,,,0,,,,0,,,,0,,1,10,15,17,1,,,,
asymmetric,4,1401,34,bt,0,0,20928,16,99142,99142,99143,,,,99186,99153,99168,16,1:15,99169,99184,16,1:15,99170,99185,16,1:15,,,0,,,,0,,,,0,,,,0,,1,10,15,17,1,,,,
asymmetric,4,1402,34,bt,0,16,21056,16,99189,99189,99190,,,,99233,99200,99215,16,1:15,99216,99231,16,1:15,99217,99232,16,1:15,,,0,,,,0,,,,0,,,,0,,1,10,15,17,1,,,,
asymmetric,4,1403,34,bt,1,0,21184,16,99236,99236,99237,,,,99280,99247,99262,16,1:15,99263,99278,16,1:15,99264,99279,16,1:15,,,0,,,,0,,,,0,,,,0,,1,10,15,17,1,,,,
asymmetric,4,1404,34,bt,1,16,21312,16,99283,99283,99284,,,,99327,99294,99309,16,1:15,99310,99325,16,1:15,99311,99326,16,1:15,,,0,,,,0,,,,0,,,,0,,1,10,15,17,1,,,,
asymmetric,4,1405,34,bt,2,0,21440,16,99330,99330,99331,,,,99374,99341,99356,16,1:15,99357,99372,16,1:15,99358,99373,16,1:15,,,0,,,,0,,,,0,,,,0,,1,10,15,17,1,,,,
asymmetric,4,1406,34,bt,2,16,21568,16,99377,99377,99378,,,,99421,99388,99403,16,1:15,99404,99419,16,1:15,99405,99420,16,1:15,,,0,,,,0,,,,0,,,,0,,1,10,15,17,1,,,,
asymmetric,4,1407,34,bt,3,0,21696,16,99424,99424,99425,,,,99468,99435,99450,16,1:15,99451,99466,16,1:15,99452,99467,16,1:15,,,0,,,,0,,,,0,,,,0,,1,10,15,17,1,,,,
asymmetric,4,1408,34,bt,3,16,21824,16,99471,99471,99472,,,,99515,99482,99497,16,1:15,99498,99513,16,1:15,99499,99514,16,1:15,,,0,,,,0,,,,0,,,,0,,1,10,15,17,1,,,,
asymmetric,4,1409,34,bt,4,0,21952,16,99518,99518,99519,,,,99562,99529,99544,16,1:15,99545,99560,16,1:15,99546,99561,16,1:15,,,0,,,,0,,,,0,,,,0,,1,10,15,17,1,,,,
asymmetric,4,1410,34,bt,4,16,22080,16,99565,99565,99566,,,,99609,99576,99591,16,1:15,99592,99607,16,1:15,99593,99608,16,1:15,,,0,,,,0,,,,0,,,,0,,1,10,15,17,1,,,,
asymmetric,4,1411,34,bt,5,0,22208,16,99612,99612,99613,,,,99656,99623,99638,16,1:15,99639,99654,16,1:15,99640,99655,16,1:15,,,0,,,,0,,,,0,,,,0,,1,10,15,17,1,,,,
asymmetric,4,1412,34,bt,5,16,22336,16,99659,99659,99660,,,,99703,99670,99685,16,1:15,99686,99701,16,1:15,99687,99702,16,1:15,,,0,,,,0,,,,0,,,,0,,1,10,15,17,1,,,,
asymmetric,4,1413,34,bt,6,0,22464,16,99706,99706,99707,,,,99750,99717,99732,16,1:15,99733,99748,16,1:15,99734,99749,16,1:15,,,0,,,,0,,,,0,,,,0,,1,10,15,17,1,,,,
asymmetric,4,1414,34,bt,6,16,22592,16,99753,99753,99754,,,,99797,99764,99779,16,1:15,99780,99795,16,1:15,99781,99796,16,1:15,,,0,,,,0,,,,0,,,,0,,1,10,15,17,1,,,,
asymmetric,4,1415,34,bt,7,0,22720,16,99800,99800,99801,,,,99844,99811,99826,16,1:15,99827,99842,16,1:15,99828,99843,16,1:15,,,0,,,,0,,,,0,,,,0,,1,10,15,17,1,,,,
asymmetric,4,1416,34,bt,7,16,22848,16,99847,99847,99848,,,,99891,99858,99873,16,1:15,99874,99889,16,1:15,99875,99890,16,1:15,,,0,,,,0,,,,0,,,,0,,1,10,15,17,1,,,,
asymmetric,4,1417,34,c,0,0,41344,4,100981,100981,,101002,101001,101013,101014,,,0,,,,0,,,,0,,100983,100998,4,5:3,100985,101000,4,5:3,100986,101001,4,5:3,101002,101005,4,1:3,,,,,,20,4,8,1
asymmetric,4,1418,34,c,1,0,41600,4,101017,101017,,101038,101037,101049,101050,,,0,,,,0,,,,0,,101019,101034,4,5:3,101021,101036,4,5:3,101022,101037,4,5:3,101038,101041,4,1:3,,,,,,20,4,8,1
asymmetric,4,1419,34,c,2,0,41856,4,101053,101053,,101074,101073,101085,101086,,,0,,,,0,,,,0,,101055,101070,4,5:3,101057,101072,4,5:3,101058,101073,4,5:3,101074,101077,4,1:3,,,,,,20,4,8,1
asymmetric,4,1420,34,c,3,0,42112,4,101089,101089,,101110,101109,101121,101122,,,0,,,,0,,,,0,,101091,101106,4,5:3,101093,101108,4,5:3,101094,101109,4,5:3,101110,101113,4,1:3,,,,,,20,4,8,1
asymmetric,4,1421,34,c,4,0,42368,4,101125,101125,,101146,101145,101157,101158,,,0,,,,0,,,,0,,101127,101142,4,5:3,101129,101144,4,5:3,101130,101145,4,5:3,101146,101149,4,1:3,,,,,,20,4,8,1
asymmetric,4,1422,34,c,5,0,42624,4,101161,101161,,101182,101181,101193,101194,,,0,,,,0,,,,0,,101163,101178,4,5:3,101165,101180,4,5:3,101166,101181,4,5:3,101182,101185,4,1:3,,,,,,20,4,8,1
asymmetric,4,1423,34,c,6,0,42880,4,101197,101197,,101218,101217,101229,101230,,,0,,,,0,,,,0,,101199,101214,4,5:3,101201,101216,4,5:3,101202,101217,4,5:3,101218,101221,4,1:3,,,,,,20,4,8,1
asymmetric,4,1424,34,c,7,0,43136,4,101233,101233,,101254,101253,101265,101266,,,0,,,,0,,,,0,,101235,101250,4,5:3,101237,101252,4,5:3,101238,101253,4,5:3,101254,101257,4,1:3,,,,,,20,4,8,1
asymmetric,4,1425,35,a,0,0,8256,16,101275,101275,101276,,,,101319,101286,101301,16,1:15,101302,101317,16,1:15,101303,101318,16,1:15,,,0,,,,0,,,,0,,,,0,,1,10,15,17,1,,,,
asymmetric,4,1426,35,a,0,16,8384,16,101322,101322,101323,,,,101366,101333,101348,16,1:15,101349,101364,16,1:15,101350,101365,16,1:15,,,0,,,,0,,,,0,,,,0,,1,10,15,17,1,,,,
asymmetric,4,1427,35,a,1,0,8512,16,101369,101369,101370,,,,101413,101380,101395,16,1:15,101396,101411,16,1:15,101397,101412,16,1:15,,,0,,,,0,,,,0,,,,0,,1,10,15,17,1,,,,
asymmetric,4,1428,35,a,1,16,8640,16,101416,101416,101417,,,,101460,101427,101442,16,1:15,101443,101458,16,1:15,101444,101459,16,1:15,,,0,,,,0,,,,0,,,,0,,1,10,15,17,1,,,,
asymmetric,4,1429,35,a,2,0,8768,16,101463,101463,101464,,,,101507,101474,101489,16,1:15,101490,101505,16,1:15,101491,101506,16,1:15,,,0,,,,0,,,,0,,,,0,,1,10,15,17,1,,,,
asymmetric,4,1430,35,a,2,16,8896,16,101510,101510,101511,,,,101554,101521,101536,16,1:15,101537,101552,16,1:15,101538,101553,16,1:15,,,0,,,,0,,,,0,,,,0,,1,10,15,17,1,,,,
asymmetric,4,1431,35,a,3,0,9024,16,101557,101557,101558,,,,101601,101568,101583,16,1:15,101584,101599,16,1:15,101585,101600,16,1:15,,,0,,,,0,,,,0,,,,0,,1,10,15,17,1,,,,
asymmetric,4,1432,35,a,3,16,9152,16,101604,101604,101605,,,,101648,101615,101630,16,1:15,101631,101646,16,1:15,101632,101647,16,1:15,,,0,,,,0,,,,0,,,,0,,1,10,15,17,1,,,,
asymmetric,4,1433,35,a,4,0,9280,16,101651,101651,101652,,,,101695,101662,101677,16,1:15,101678,101693,16,1:15,101679,101694,16,1:15,,,0,,,,0,,,,0,,,,0,,1,10,15,17,1,,,,
asymmetric,4,1434,35,a,4,16,9408,16,101698,101698,101699,,,,101742,101709,101724,16,1:15,101725,101740,16,1:15,101726,101741,16,1:15,,,0,,,,0,,,,0,,,,0,,1,10,15,17,1,,,,
asymmetric,4,1435,35,a,5,0,9536,16,101745,101745,101746,,,,101789,101756,101771,16,1:15,101772,101787,16,1:15,101773,101788,16,1:15,,,0,,,,0,,,,0,,,,0,,1,10,15,17,1,,,,
asymmetric,4,1436,35,a,5,16,9664,16,101792,101792,101793,,,,101836,101803,101818,16,1:15,101819,101834,16,1:15,101820,101835,16,1:15,,,0,,,,0,,,,0,,,,0,,1,10,15,17,1,,,,
asymmetric,4,1437,35,a,6,0,9792,16,101839,101839,101840,,,,101883,101850,101865,16,1:15,101866,101881,16,1:15,101867,101882,16,1:15,,,0,,,,0,,,,0,,,,0,,1,10,15,17,1,,,,
asymmetric,4,1438,35,a,6,16,9920,16,101886,101886,101887,,,,101930,101897,101912,16,1:15,101913,101928,16,1:15,101914,101929,16,1:15,,,0,,,,0,,,,0,,,,0,,1,10,15,17,1,,,,
asymmetric,4,1439,35,a,7,0,10048,16,101933,101933,101934,,,,101977,101944,101959,16,1:15,101960,101975,16,1:15,101961,101976,16,1:15,,,0,,,,0,,,,0,,,,0,,1,10,15,17,1,,,,
asymmetric,4,1440,35,a,7,16,10176,16,101980,101980,101981,,,,102024,101991,102006,16,1:15,102007,102022,16,1:15,102008,102023,16,1:15,,,0,,,,0,,,,0,,,,0,,1,10,15,17,1,,,,
asymmetric,4,1441,35,bt,0,0,22976,16,102032,102032,102033,,,,102076,102043,102058,16,1:15,102059,102074,16,1:15,102060,102075,16,1:15,,,0,,,,0,,,,0,,,,0,,1,10,15,17,1,,,,
asymmetric,4,1442,35,bt,0,16,23104,16,102079,102079,102080,,,,102123,102090,102105,16,1:15,102106,102121,16,1:15,102107,102122,16,1:15,,,0,,,,0,,,,0,,,,0,,1,10,15,17,1,,,,
asymmetric,4,1443,35,bt,1,0,23232,16,102126,102126,102127,,,,102170,102137,102152,16,1:15,102153,102168,16,1:15,102154,102169,16,1:15,,,0,,,,0,,,,0,,,,0,,1,10,15,17,1,,,,
asymmetric,4,1444,35,bt,1,16,23360,16,102173,102173,102174,,,,102217,102184,102199,16,1:15,102200,102215,16,1:15,102201,102216,16,1:15,,,0,,,,0,,,,0,,,,0,,1,10,15,17,1,,,,
asymmetric,4,1445,35,bt,2,0,23488,16,102220,102220,102221,,,,102264,102231,102246,16,1:15,102247,102262,16,1:15,102248,102263,16,1:15,,,0,,,,0,,,,0,,,,0,,1,10,15,17,1,,,,
asymmetric,4,1446,35,bt,2,16,23616,16,102267,102267,102268,,,,102311,102278,102293,16,1:15,102294,102309,16,1:15,102295,102310,16,1:15,,,0,,,,0,,,,0,,,,0,,1,10,15,17,1,,,,
asymmetric,4,1447,35,bt,3,0,23744,16,102314,102314,102315,,,,102358,102325,102340,16,1:15,102341,102356,16,1:15,102342,102357,16,1:15,,,0,,,,0,,,,0,,,,0,,1,10,15,17,1,,,,
asymmetric,4,1448,35,bt,3,16,23872,16,102361,102361,102362,,,,102405,102372,102387,16,1:15,102388,102403,16,1:15,102389,102404,16,1:15,,,0,,,,0,,,,0,,,,0,,1,10,15,17,1,,,,
asymmetric,4,1449,35,bt,4,0,24000,16,102408,102408,102409,,,,102452,102419,102434,16,1:15,102435,102450,16,1:15,102436,102451,16,1:15,,,0,,,,0,,,,0,,,,0,,1,10,15,17,1,,,,
asymmetric,4,1450,35,bt,4,16,24128,16,102455,102455,102456,,,,102499,102466,102481,16,1:15,102482,102497,16,1:15,102483,102498,16,1:15,,,0,,,,0,,,,0,,,,0,,1,10,15,17,1,,,,
asymmetric,4,1451,35,bt,5,0,24256,16,102502,102502,102503,,,,102546,102513,102528,16,1:15,102529,102544,16,1:15,102530,102545,16,1:15,,,0,,,,0,,,,0,,,,0,,1,10,15,17,1,,,,
asymmetric,4,1452,35,bt,5,16,24384,16,102549,102549,102550,,,,102593,102560,102575,16,1:15,102576,102591,16,1:15,102577,102592,16,1:15,,,0,,,,0,,,,0,,,,0,,1,10,15,17,1,,,,
asymmetric,4,1453,35,bt,6,0,24512,8,102596,102596,102597,,,,102624,102607,102614,8,1:7,102615,102622,8,1:7,102616,102623,8,1:7,,,0,,,,0,,,,0,,,,0,,1,10,7,9,1,,,,
asymmetric,4,1454,35,bt,6,8,24576,16,102627,102627,102628,,,,102671,102638,102653,16,1:15,102654,102669,16,1:15,102655,102670,16,1:15,,,0,,,,0,,,,0,,,,0,,1,10,15,17,1,,,,
asymmetric,4,1455,35,bt,6,24,24704,8,102674,102674,102675,,,,102702,102685,102692,8,1:7,102693,102700,8,1:7,102694,102701,8,1:7,,,0,,,,0,,,,0,,,,0,,1,10,7,9,1,,,,
asymmetric,4,1456,35,bt,7,0,24768,16,102705,102705,102706,,,,102749,102716,102731,16,1:15,102732,102747,16,1:15,102733,102748,16,1:15,,,0,,,,0,,,,0,,,,0,,1,10,15,17,1,,,,
asymmetric,4,1457,35,bt,7,16,24896,16,102752,102752,102753,,,,102796,102763,102778,16,1:15,102779,102794,16,1:15,102780,102795,16,1:15,,,0,,,,0,,,,0,,,,0,,1,10,15,17,1,,,,
asymmetric,4,1458,35,c,0,0,41376,4,103886,103886,,103907,103906,103918,103919,,,0,,,,0,,,,0,,103888,103903,4,5:3,103890,103905,4,5:3,103891,103906,4,5:3,103907,103910,4,1:3,,,,,,20,4,8,1
asymmetric,4,1459,35,c,1,0,41632,4,103922,103922,,103943,103942,103954,103955,,,0,,,,0,,,,0,,103924,103939,4,5:3,103926,103941,4,5:3,103927,103942,4,5:3,103943,103946,4,1:3,,,,,,20,4,8,1
asymmetric,4,1460,35,c,2,0,41888,4,103958,103958,,103979,103978,103990,103991,,,0,,,,0,,,,0,,103960,103975,4,5:3,103962,103977,4,5:3,103963,103978,4,5:3,103979,103982,4,1:3,,,,,,20,4,8,1
asymmetric,4,1461,35,c,3,0,42144,4,103994,103994,,104015,104014,104026,104027,,,0,,,,0,,,,0,,103996,104011,4,5:3,103998,104013,4,5:3,103999,104014,4,5:3,104015,104018,4,1:3,,,,,,20,4,8,1
asymmetric,4,1462,35,c,4,0,42400,4,104030,104030,,104051,104050,104062,104063,,,0,,,,0,,,,0,,104032,104047,4,5:3,104034,104049,4,5:3,104035,104050,4,5:3,104051,104054,4,1:3,,,,,,20,4,8,1
asymmetric,4,1463,35,c,5,0,42656,4,104066,104066,,104087,104086,104098,104099,,,0,,,,0,,,,0,,104068,104083,4,5:3,104070,104085,4,5:3,104071,104086,4,5:3,104087,104090,4,1:3,,,,,,20,4,8,1
asymmetric,4,1464,35,c,6,0,42912,4,104102,104102,,104123,104122,104134,104135,,,0,,,,0,,,,0,,104104,104119,4,5:3,104106,104121,4,5:3,104107,104122,4,5:3,104123,104126,4,1:3,,,,,,20,4,8,1
asymmetric,4,1465,35,c,7,0,43168,4,104138,104138,,104159,104158,104170,104171,,,0,,,,0,,,,0,,104140,104155,4,5:3,104142,104157,4,5:3,104143,104158,4,5:3,104159,104162,4,1:3,,,,,,20,4,8,1
asymmetric,4,1466,36,a,0,0,8256,16,104180,104180,104181,,,,104224,104191,104206,16,1:15,104207,104222,16,1:15,104208,104223,16,1:15,,,0,,,,0,,,,0,,,,0,,1,10,15,17,1,,,,
asymmetric,4,1467,36,a,0,16,8384,16,104227,104227,104228,,,,104271,104238,104253,16,1:15,104254,104269,16,1:15,104255,104270,16,1:15,,,0,,,,0,,,,0,,,,0,,1,10,15,17,1,,,,
asymmetric,4,1468,36,a,1,0,8512,16,104274,104274,104275,,,,104318,104285,104300,16,1:15,104301,104316,16,1:15,104302,104317,16,1:15,,,0,,,,0,,,,0,,,,0,,1,10,15,17,1,,,,
asymmetric,4,1469,36,a,1,16,8640,16,104321,104321,104322,,,,104365,104332,104347,16,1:15,104348,104363,16,1:15,104349,104364,16,1:15,,,0,,,,0,,,,0,,,,0,,1,10,15,17,1,,,,
asymmetric,4,1470,36,a,2,0,8768,16,104368,104368,104369,,,,104412,104379,104394,16,1:15,104395,104410,16,1:15,104396,104411,16,1:15,,,0,,,,0,,,,0,,,,0,,1,10,15,17,1,,,,
asymmetric,4,1471,36,a,2,16,8896,16,104415,104415,104416,,,,104459,104426,104441,16,1:15,104442,104457,16,1:15,104443,104458,16,1:15,,,0,,,,0,,,,0,,,,0,,1,10,15,17,1,,,,
asymmetric,4,1472,36,a,3,0,9024,16,104462,104462,104463,,,,104506,104473,104488,16,1:15,104489,104504,16,1:15,104490,104505,16,1:15,,,0,,,,0,,,,0,,,,0,,1,10,15,17,1,,,,
asymmetric,4,1473,36,a,3,16,9152,16,104509,104509,104510,,,,104553,104520,104535,16,1:15,104536,104551,16,1:15,104537,104552,16,1:15,,,0,,,,0,,,,0,,,,0,,1,10,15,17,1,,,,
asymmetric,4,1474,36,a,4,0,9280,16,104556,104556,104557,,,,104600,104567,104582,16,1:15,104583,104598,16,1:15,104584,104599,16,1:15,,,0,,,,0,,,,0,,,,0,,1,10,15,17,1,,,,
asymmetric,4,1475,36,a,4,16,9408,16,104603,104603,104604,,,,104647,104614,104629,16,1:15,104630,104645,16,1:15,104631,104646,16,1:15,,,0,,,,0,,,,0,,,,0,,1,10,15,17,1,,,,
asymmetric,4,1476,36,a,5,0,9536,16,104650,104650,104651,,,,104694,104661,104676,16,1:15,104677,104692,16,1:15,104678,104693,16,1:15,,,0,,,,0,,,,0,,,,0,,1,10,15,17,1,,,,
asymmetric,4,1477,36,a,5,16,9664,16,104697,104697,104698,,,,104741,104708,104723,16,1:15,104724,104739,16,1:15,104725,104740,16,1:15,,,0,,,,0,,,,0,,,,0,,1,10,15,17,1,,,,
asymmetric,4,1478,36,a,6,0,9792,16,104744,104744,104745,,,,104788,104755,104770,16,1:15,104771,104786,16,1:15,104772,104787,16,1:15,,,0,,,,0,,,,0,,,,0,,1,10,15,17,1,,,,
asymmetric,4,1479,36,a,6,16,9920,16,104791,104791,104792,,,,104835,104802,104817,16,1:15,104818,104833,16,1:15,104819,104834,16,1:15,,,0,,,,0,,,,0,,,,0,,1,10,15,17,1,,,,
asymmetric,4,1480,36,a,7,0,10048,16,104838,104838,104839,,,,104882,104849,104864,16,1:15,104865,104880,16,1:15,104866,104881,16,1:15,,,0,,,,0,,,,0,,,,0,,1,10,15,17,1,,,,
asymmetric,4,1481,36,a,7,16,10176,16,104885,104885,104886,,,,104929,104896,104911,16,1:15,104912,104927,16,1:15,104913,104928,16,1:15,,,0,,,,0,,,,0,,,,0,,1,10,15,17,1,,,,
asymmetric,4,1482,36,bt,0,0,25024,16,104937,104937,104938,,,,104981,104948,104963,16,1:15,104964,104979,16,1:15,104965,104980,16,1:15,,,0,,,,0,,,,0,,,,0,,1,10,15,17,1,,,,
asymmetric,4,1483,36,bt,0,16,25152,16,104984,104984,104985,,,,105028,104995,105010,16,1:15,105011,105026,16,1:15,105012,105027,16,1:15,,,0,,,,0,,,,0,,,,0,,1,10,15,17,1,,,,
asymmetric,4,1484,36,bt,1,0,25280,16,105031,105031,105032,,,,105075,105042,105057,16,1:15,105058,105073,16,1:15,105059,105074,16,1:15,,,0,,,,0,,,,0,,,,0,,1,10,15,17,1,,,,
asymmetric,4,1485,36,bt,1,16,25408,16,105078,105078,105079,,,,105122,105089,105104,16,1:15,105105,105120,16,1:15,105106,105121,16,1:15,,,0,,,,0,,,,0,,,,0,,1,10,15,17,1,,,,
asymmetric,4,1486,36,bt,2,0,25536,16,105125,105125,105126,,,,105169,105136,105151,16,1:15,105152,105167,16,1:15,105153,105168,16,1:15,,,0,,,,0,,,,0,,,,0,,1,10,15,17,1,,,,
asymmetric,4,1487,36,bt,2,16,25664,16,105172,105172,105173,,,,105216,105183,105198,16,1:15,105199,105214,16,1:15,105200,105215,16,1:15,,,0,,,,0,,,,0,,,,0,,1,10,15,17,1,,,,
asymmetric,4,1488,36,bt,3,0,25792,16,105219,105219,105220,,,,105263,105230,105245,16,1:15,105246,105261,16,1:15,105247,105262,16,1:15,,,0,,,,0,,,,0,,,,0,,1,10,15,17,1,,,,
asymmetric,4,1489,36,bt,3,16,25920,16,105266,105266,105267,,,,105310,105277,105292,16,1:15,105293,105308,16,1:15,105294,105309,16,1:15,,,0,,,,0,,,,0,,,,0,,1,10,15,17,1,,,,
asymmetric,4,1490,36,bt,4,0,26048,16,105313,105313,105314,,,,105357,105324,105339,16,1:15,105340,105355,16,1:15,105341,105356,16,1:15,,,0,,,,0,,,,0,,,,0,,1,10,15,17,1,,,,
asymmetric,4,1491,36,bt,4,16,26176,16,105360,105360,105361,,,,105404,105371,105386,16,1:15,105387,105402,16,1:15,105388,105403,16,1:15,,,0,,,,0,,,,0,,,,0,,1,10,15,17,1,,,,
asymmetric,4,1492,36,bt,5,0,26304,16,105407,105407,105408,,,,105451,105418,105433,16,1:15,105434,105449,16,1:15,105435,105450,16,1:15,,,0,,,,0,,,,0,,,,0,,1,10,15,17,1,,,,
asymmetric,4,1493,36,bt,5,16,26432,16,105454,105454,105455,,,,105498,105465,105480,16,1:15,105481,105496,16,1:15,105482,105497,16,1:15,,,0,,,,0,,,,0,,,,0,,1,10,15,17,1,,,,
asymmetric,4,1494,36,bt,6,0,26560,16,105501,105501,105502,,,,105545,105512,105527,16,1:15,105528,105543,16,1:15,105529,105544,16,1:15,,,0,,,,0,,,,0,,,,0,,1,10,15,17,1,,,,
asymmetric,4,1495,36,bt,6,16,26688,16,105548,105548,105549,,,,105592,105559,105574,16,1:15,105575,105590,16,1:15,105576,105591,16,1:15,,,0,,,,0,,,,0,,,,0,,1,10,15,17,1,,,,
asymmetric,4,1496,36,bt,7,0,26816,16,105595,105595,105596,,,,105639,105606,105621,16,1:15,105622,105637,16,1:15,105623,105638,16,1:15,,,0,,,,0,,,,0,,,,0,,1,10,15,17,1,,,,
asymmetric,4,1497,36,bt,7,16,26944,16,105642,105642,105643,,,,105686,105653,105668,16,1:15,105669,105684,16,1:15,105670,105685,16,1:15,,,0,,,,0,,,,0,,,,0,,1,10,15,17,1,,,,
asymmetric,4,1498,36,c,0,0,41408,4,106776,106776,,106797,106796,106808,106809,,,0,,,,0,,,,0,,106778,106793,4,5:3,106780,106795,4,5:3,106781,106796,4,5:3,106797,106800,4,1:3,,,,,,20,4,8,1
asymmetric,4,1499,36,c,1,0,41664,4,106812,106812,,106833,106832,106844,106845,,,0,,,,0,,,,0,,106814,106829,4,5:3,106816,106831,4,5:3,106817,106832,4,5:3,106833,106836,4,1:3,,,,,,20,4,8,1
asymmetric,4,1500,36,c,2,0,41920,4,106848,106848,,106869,106868,106880,106881,,,0,,,,0,,,,0,,106850,106865,4,5:3,106852,106867,4,5:3,106853,106868,4,5:3,106869,106872,4,1:3,,,,,,20,4,8,1
asymmetric,4,1501,36,c,3,0,42176,4,106884,106884,,106905,106904,106916,106917,,,0,,,,0,,,,0,,106886,106901,4,5:3,106888,106903,4,5:3,106889,106904,4,5:3,106905,106908,4,1:3,,,,,,20,4,8,1
asymmetric,4,1502,36,c,4,0,42432,4,106920,106920,,106941,106940,106952,106953,,,0,,,,0,,,,0,,106922,106937,4,5:3,106924,106939,4,5:3,106925,106940,4,5:3,106941,106944,4,1:3,,,,,,20,4,8,1
asymmetric,4,1503,36,c,5,0,42688,4,106956,106956,,106977,106976,106988,106989,,,0,,,,0,,,,0,,106958,106973,4,5:3,106960,106975,4,5:3,106961,106976,4,5:3,106977,106980,4,1:3,,,,,,20,4,8,1
asymmetric,4,1504,36,c,6,0,42944,4,106992,106992,,107013,107012,107024,107025,,,0,,,,0,,,,0,,106994,107009,4,5:3,106996,107011,4,5:3,106997,107012,4,5:3,107013,107016,4,1:3,,,,,,20,4,8,1
asymmetric,4,1505,36,c,7,0,43200,4,107028,107028,,107049,107048,107060,107061,,,0,,,,0,,,,0,,107030,107045,4,5:3,107032,107047,4,5:3,107033,107048,4,5:3,107049,107052,4,1:3,,,,,,20,4,8,1
asymmetric,4,1506,37,a,0,0,8256,16,107070,107070,107071,,,,107114,107081,107096,16,1:15,107097,107112,16,1:15,107098,107113,16,1:15,,,0,,,,0,,,,0,,,,0,,1,10,15,17,1,,,,
asymmetric,4,1507,37,a,0,16,8384,16,107117,107117,107118,,,,107161,107128,107143,16,1:15,107144,107159,16,1:15,107145,107160,16,1:15,,,0,,,,0,,,,0,,,,0,,1,10,15,17,1,,,,
asymmetric,4,1508,37,a,1,0,8512,16,107164,107164,107165,,,,107208,107175,107190,16,1:15,107191,107206,16,1:15,107192,107207,16,1:15,,,0,,,,0,,,,0,,,,0,,1,10,15,17,1,,,,
asymmetric,4,1509,37,a,1,16,8640,16,107211,107211,107212,,,,107255,107222,107237,16,1:15,107238,107253,16,1:15,107239,107254,16,1:15,,,0,,,,0,,,,0,,,,0,,1,10,15,17,1,,,,
asymmetric,4,1510,37,a,2,0,8768,16,107258,107258,107259,,,,107302,107269,107284,16,1:15,107285,107300,16,1:15,107286,107301,16,1:15,,,0,,,,0,,,,0,,,,0,,1,10,15,17,1,,,,
asymmetric,4,1511,37,a,2,16,8896,16,107305,107305,107306,,,,107349,107316,107331,16,1:15,107332,107347,16,1:15,107333,107348,16,1:15,,,0,,,,0,,,,0,,,,0,,1,10,15,17,1,,,,
asymmetric,4,1512,37,a,3,0,9024,16,107352,107352,107353,,,,107396,107363,107378,16,1:15,107379,107394,16,1:15,107380,107395,16,1:15,,,0,,,,0,,,,0,,,,0,,1,10,15,17,1,,,,
asymmetric,4,1513,37,a,3,16,9152,16,107399,107399,107400,,,,107443,107410,107425,16,1:15,107426,107441,16,1:15,107427,107442,16,1:15,,,0,,,,0,,,,0,,,,0,,1,10,15,17,1,,,,
asymmetric,4,1514,37,a,4,0,9280,16,107446,107446,107447,,,,107490,107457,107472,16,1:15,107473,107488,16,1:15,107474,107489,16,1:15,,,0,,,,0,,,,0,,,,0,,1,10,15,17,1,,,,
asymmetric,4,1515,37,a,4,16,9408,16,107493,107493,107494,,,,107537,107504,107519,16,1:15,107520,107535,16,1:15,107521,107536,16,1:15,,,0,,,,0,,,,0,,,,0,,1,10,15,17,1,,,,
asymmetric,4,1516,37,a,5,0,9536,16,107540,107540,107541,,,,107584,107551,107566,16,1:15,107567,107582,16,1:15,107568,107583,16,1:15,,,0,,,,0,,,,0,,,,0,,1,10,15,17,1,,,,
asymmetric,4,1517,37,a,5,16,9664,16,107587,107587,107588,,,,107631,107598,107613,16,1:15,107614,107629,16,1:15,107615,107630,16,1:15,,,0,,,,0,,,,0,,,,0,,1,10,15,17,1,,,,
asymmetric,4,1518,37,a,6,0,9792,16,107634,107634,107635,,,,107678,107645,107660,16,1:15,107661,107676,16,1:15,107662,107677,16,1:15,,,0,,,,0,,,,0,,,,0,,1,10,15,17,1,,,,
asymmetric,4,1519,37,a,6,16,9920,16,107681,107681,107682,,,,107725,107692,107707,16,1:15,107708,107723,16,1:15,107709,107724,16,1:15,,,0,,,,0,,,,0,,,,0,,1,10,15,17,1,,,,
asymmetric,4,1520,37,a,7,0,10048,16,107728,107728,107729,,,,107772,107739,107754,16,1:15,107755,107770,16,1:15,107756,107771,16,1:15,,,0,,,,0,,,,0,,,,0,,1,10,15,17,1,,,,
asymmetric,4,1521,37,a,7,16,10176,16,107775,107775,107776,,,,107819,107786,107801,16,1:15,107802,107817,16,1:15,107803,107818,16,1:15,,,0,,,,0,,,,0,,,,0,,1,10,15,17,1,,,,
asymmetric,4,1522,37,bt,0,0,27072,16,107827,107827,107828,,,,107871,107838,107853,16,1:15,107854,107869,16,1:15,107855,107870,16,1:15,,,0,,,,0,,,,0,,,,0,,1,10,15,17,1,,,,
asymmetric,4,1523,37,bt,0,16,27200,16,107874,107874,107875,,,,107918,107885,107900,16,1:15,107901,107916,16,1:15,107902,107917,16,1:15,,,0,,,,0,,,,0,,,,0,,1,10,15,17,1,,,,
asymmetric,4,1524,37,bt,1,0,27328,16,107921,107921,107922,,,,107965,107932,107947,16,1:15,107948,107963,16,1:15,107949,107964,16,1:15,,,0,,,,0,,,,0,,,,0,,1,10,15,17,1,,,,
asymmetric,4,1525,37,bt,1,16,27456,16,107968,107968,107969,,,,108012,107979,107994,16,1:15,107995,108010,16,1:15,107996,108011,16,1:15,,,0,,,,0,,,,0,,,,0,,1,10,15,17,1,,,,
asymmetric,4,1526,37,bt,2,0,27584,16,108015,108015,108016,,,,108059,108026,108041,16,1:15,108042,108057,16,1:15,108043,108058,16,1:15,,,0,,,,0,,,,0,,,,0,,1,10,15,17,1,,,,
asymmetric,4,1527,37,bt,2,16,27712,16,108062,108062,108063,,,,108106,108073,108088,16,1:15,108089,108104,16,1:15,108090,108105,16,1:15,,,0,,,,0,,,,0,,,,0,,1,10,15,17,1,,,,
asymmetric,4,1528,37,bt,3,0,27840,16,108109,108109,108110,,,,108153,108120,108135,16,1:15,108136,108151,16,1:15,108137,108152,16,1:15,,,0,,,,0,,,,0,,,,0,,1,10,15,17,1,,,,
asymmetric,4,1529,37,bt,3,16,27968,16,108156,108156,108157,,,,108200,108167,108182,16,1:15,108183,108198,16,1:15,108184,108199,16,1:15,,,0,,,,0,,,,0,,,,0,,1,10,15,17,1,,,,
asymmetric,4,1530,37,bt,4,0,28096,16,108203,108203,108204,,,,108247,108214,108229,16,1:15,108230,108245,16,1:15,108231,108246,16,1:15,,,0,,,,0,,,,0,,,,0,,1,10,15,17,1,,,,
asymmetric,4,1531,37,bt,4,16,28224,16,108250,108250,108251,,,,108294,108261,108276,16,1:15,108277,108292,16,1:15,108278,108293,16,1:15,,,0,,,,0,,,,0,,,,0,,1,10,15,17,1,,,,
asymmetric,4,1532,37,bt,5,0,28352,16,108297,108297,108298,,,,108341,108308,108323,16,1:15,108324,108339,16,1:15,108325,108340,16,1:15,,,0,,,,0,,,,0,,,,0,,1,10,15,17,1,,,,
asymmetric,4,1533,37,bt,5,16,28480,16,108344,108344,108345,,,,108388,108355,108370,16,1:15,108371,108386,16,1:15,108372,108387,16,1:15,,,0,,,,0,,,,0,,,,0,,1,10,15,17,1,,,,
asymmetric,4,1534,37,bt,6,0,28608,8,108391,108391,108392,,,,108419,108402,108409,8,1:7,108410,108417,8,1:7,108411,108418,8,1:7,,,0,,,,0,,,,0,,,,0,,1,10,7,9,1,,,,
asymmetric,4,1535,37,bt,6,8,28672,16,108422,108422,108423,,,,108466,108433,108448,16,1:15,108449,108464,16,1:15,108450,108465,16,1:15,,,0,,,,0,,,,0,,,,0,,1,10,15,17,1,,,,
asymmetric,4,1536,37,bt,6,24,28800,8,108469,108469,108470,,,,108497,108480,108487,8,1:7,108488,108495,8,1:7,108489,108496,8,1:7,,,0,,,,0,,,,0,,,,0,,1,10,7,9,1,,,,
asymmetric,4,1537,37,bt,7,0,28864,16,108500,108500,108501,,,,108544,108511,108526,16,1:15,108527,108542,16,1:15,108528,108543,16,1:15,,,0,,,,0,,,,0,,,,0,,1,10,15,17,1,,,,
asymmetric,4,1538,37,bt,7,16,28992,16,108547,108547,108548,,,,108591,108558,108573,16,1:15,108574,108589,16,1:15,108575,108590,16,1:15,,,0,,,,0,,,,0,,,,0,,1,10,15,17,1,,,,
asymmetric,4,1539,37,c,0,0,41440,4,109681,109681,,109702,109701,109713,109714,,,0,,,,0,,,,0,,109683,109698,4,5:3,109685,109700,4,5:3,109686,109701,4,5:3,109702,109705,4,1:3,,,,,,20,4,8,1
asymmetric,4,1540,37,c,1,0,41696,4,109717,109717,,109738,109737,109749,109750,,,0,,,,0,,,,0,,109719,109734,4,5:3,109721,109736,4,5:3,109722,109737,4,5:3,109738,109741,4,1:3,,,,,,20,4,8,1
asymmetric,4,1541,37,c,2,0,41952,4,109753,109753,,109774,109773,109785,109786,,,0,,,,0,,,,0,,109755,109770,4,5:3,109757,109772,4,5:3,109758,109773,4,5:3,109774,109777,4,1:3,,,,,,20,4,8,1
asymmetric,4,1542,37,c,3,0,42208,4,109789,109789,,109810,109809,109821,109822,,,0,,,,0,,,,0,,109791,109806,4,5:3,109793,109808,4,5:3,109794,109809,4,5:3,109810,109813,4,1:3,,,,,,20,4,8,1
asymmetric,4,1543,37,c,4,0,42464,4,109825,109825,,109846,109845,109857,109858,,,0,,,,0,,,,0,,109827,109842,4,5:3,109829,109844,4,5:3,109830,109845,4,5:3,109846,109849,4,1:3,,,,,,20,4,8,1
asymmetric,4,1544,37,c,5,0,42720,4,109861,109861,,109882,109881,109893,109894,,,0,,,,0,,,,0,,109863,109878,4,5:3,109865,109880,4,5:3,109866,109881,4,5:3,109882,109885,4,1:3,,,,,,20,4,8,1
asymmetric,4,1545,37,c,6,0,42976,4,109897,109897,,109918,109917,109929,109930,,,0,,,,0,,,,0,,109899,109914,4,5:3,109901,109916,4,5:3,109902,109917,4,5:3,109918,109921,4,1:3,,,,,,20,4,8,1
asymmetric,4,1546,37,c,7,0,43232,4,109933,109933,,109954,109953,109965,109966,,,0,,,,0,,,,0,,109935,109950,4,5:3,109937,109952,4,5:3,109938,109953,4,5:3,109954,109957,4,1:3,,,,,,20,4,8,1
asymmetric,4,1547,38,a,0,0,8256,16,109975,109975,109976,,,,110019,109986,110001,16,1:15,110002,110017,16,1:15,110003,110018,16,1:15,,,0,,,,0,,,,0,,,,0,,1,10,15,17,1,,,,
asymmetric,4,1548,38,a,0,16,8384,16,110022,110022,110023,,,,110066,110033,110048,16,1:15,110049,110064,16,1:15,110050,110065,16,1:15,,,0,,,,0,,,,0,,,,0,,1,10,15,17,1,,,,
asymmetric,4,1549,38,a,1,0,8512,16,110069,110069,110070,,,,110113,110080,110095,16,1:15,110096,110111,16,1:15,110097,110112,16,1:15,,,0,,,,0,,,,0,,,,0,,1,10,15,17,1,,,,
asymmetric,4,1550,38,a,1,16,8640,16,110116,110116,110117,,,,110160,110127,110142,16,1:15,110143,110158,16,1:15,110144,110159,16,1:15,,,0,,,,0,,,,0,,,,0,,1,10,15,17,1,,,,
asymmetric,4,1551,38,a,2,0,8768,16,110163,110163,110164,,,,110207,110174,110189,16,1:15,110190,110205,16,1:15,110191,110206,16,1:15,,,0,,,,0,,,,0,,,,0,,1,10,15,17,1,,,,
asymmetric,4,1552,38,a,2,16,8896,16,110210,110210,110211,,,,110254,110221,110236,16,1:15,110237,110252,16,1:15,110238,110253,16,1:15,,,0,,,,0,,,,0,,,,0,,1,10,15,17,1,,,,
asymmetric,4,1553,38,a,3,0,9024,16,110257,110257,110258,,,,110301,110268,110283,16,1:15,110284,110299,16,1:15,110285,110300,16,1:15,,,0,,,,0,,,,0,,,,0,,1,10,15,17,1,,,,
asymmetric,4,1554,38,a,3,16,9152,16,110304,110304,110305,,,,110348,110315,110330,16,1:15,110331,110346,16,1:15,110332,110347,16,1:15,,,0,,,,0,,,,0,,,,0,,1,10,15,17,1,,,,
asymmetric,4,1555,38,a,4,0,9280,16,110351,110351,110352,,,,110395,110362,110377,16,1:15,110378,110393,16,1:15,110379,110394,16,1:15,,,0,,,,0,,,,0,,,,0,,1,10,15,17,1,,,,
asymmetric,4,1556,38,a,4,16,9408,16,110398,110398,110399,,,,110442,110409,110424,16,1:15,110425,110440,16,1:15,110426,110441,16,1:15,,,0,,,,0,,,,0,,,,0,,1,10,15,17,1,,,,
asymmetric,4,1557,38,a,5,0,9536,16,110445,110445,110446,,,,110489,110456,110471,16,1:15,110472,110487,16,1:15,110473,110488,16,1:15,,,0,,,,0,,,,0,,,,0,,1,10,15,17,1,,,,
asymmetric,4,1558,38,a,5,16,9664,16,110492,110492,110493,,,,110536,110503,110518,16,1:15,110519,110534,16,1:15,110520,110535,16,1:15,,,0,,,,0,,,,0,,,,0,,1,10,15,17,1,,,,
asymmetric,4,1559,38,a,6,0,9792,16,110539,110539,110540,,,,110583,110550,110565,16,1:15,110566,110581,16,1:15,110567,110582,16,1:15,,,0,,,,0,,,,0,,,,0,,1,10,15,17,1,,,,
asymmetric,4,1560,38,a,6,16,9920,16,110586,110586,110587,,,,110630,110597,110612,16,1:15,110613,110628,16,1:15,110614,110629,16,1:15,,,0,,,,0,,,,0,,,,0,,1,10,15,17,1,,,,
asymmetric,4,1561,38,a,7,0,10048,16,110633,110633,110634,,,,110677,110644,110659,16,1:15,110660,110675,16,1:15,110661,110676,16,1:15,,,0,,,,0,,,,0,,,,0,,1,10,15,17,1,,,,
asymmetric,4,1562,38,a,7,16,10176,16,110680,110680,110681,,,,110724,110691,110706,16,1:15,110707,110722,16,1:15,110708,110723,16,1:15,,,0,,,,0,,,,0,,,,0,,1,10,15,17,1,,,,
asymmetric,4,1563,38,bt,0,0,29120,16,110732,110732,110733,,,,110776,110743,110758,16,1:15,110759,110774,16,1:15,110760,110775,16,1:15,,,0,,,,0,,,,0,,,,0,,1,10,15,17,1,,,,
asymmetric,4,1564,38,bt,0,16,29248,16,110779,110779,110780,,,,110823,110790,110805,16,1:15,110806,110821,16,1:15,110807,110822,16,1:15,,,0,,,,0,,,,0,,,,0,,1,10,15,17,1,,,,
asymmetric,4,1565,38,bt,1,0,29376,16,110826,110826,110827,,,,110870,110837,110852,16,1:15,110853,110868,16,1:15,110854,110869,16,1:15,,,0,,,,0,,,,0,,,,0,,1,10,15,17,1,,,,
asymmetric,4,1566,38,bt,1,16,29504,16,110873,110873,110874,,,,110917,110884,110899,16,1:15,110900,110915,16,1:15,110901,110916,16,1:15,,,0,,,,0,,,,0,,,,0,,1,10,15,17,1,,,,
asymmetric,4,1567,38,bt,2,0,29632,16,110920,110920,110921,,,,110964,110931,110946,16,1:15,110947,110962,16,1:15,110948,110963,16,1:15,,,0,,,,0,,,,0,,,,0,,1,10,15,17,1,,,,
asymmetric,4,1568,38,bt,2,16,29760,16,110967,110967,110968,,,,111011,110978,110993,16,1:15,110994,111009,16,1:15,110995,111010,16,1:15,,,0,,,,0,,,,0,,,,0,,1,10,15,17,1,,,,
asymmetric,4,1569,38,bt,3,0,29888,16,111014,111014,111015,,,,111058,111025,111040,16,1:15,111041,111056,16,1:15,111042,111057,16,1:15,,,0,,,,0,,,,0,,,,0,,1,10,15,17,1,,,,
asymmetric,4,1570,38,bt,3,16,30016,16,111061,111061,111062,,,,111105,111072,111087,16,1:15,111088,111103,16,1:15,111089,111104,16,1:15,,,0,,,,0,,,,0,,,,0,,1,10,15,17,1,,,,
asymmetric,4,1571,38,bt,4,0,30144,16,111108,111108,111109,,,,111152,111119,111134,16,1:15,111135,111150,16,1:15,111136,111151,16,1:15,,,0,,,,0,,,,0,,,,0,,1,10,15,17,1,,,,
asymmetric,4,1572,38,bt,4,16,30272,16,111155,111155,111156,,,,111199,111166,111181,16,1:15,111182,111197,16,1:15,111183,111198,16,1:15,,,0,,,,0,,,,0,,,,0,,1,10,15,17,1,,,,
asymmetric,4,1573,38,bt,5,0,30400,16,111202,111202,111203,,,,111246,111213,111228,16,1:15,111229,111244,16,1:15,111230,111245,16,1:15,,,0,,,,0,,,,0,,,,0,,1,10,15,17,1,,,,
asymmetric,4,1574,38,bt,5,16,30528,16,111249,111249,111250,,,,111293,111260,111275,16,1:15,111276,111291,16,1:15,111277,111292,16,1:15,,,0,,,,0,,,,0,,,,0,,1,10,15,17,1,,,,
asymmetric,4,1575,38,bt,6,0,30656,16,111296,111296,111297,,,,111340,111307,111322,16,1:15,111323,111338,16,1:15,111324,111339,16,1:15,,,0,,,,0,,,,0,,,,0,,1,10,15,17,1,,,,
asymmetric,4,1576,38,bt,6,16,30784,16,111343,111343,111344,,,,111387,111354,111369,16,1:15,111370,111385,16,1:15,111371,111386,16,1:15,,,0,,,,0,,,,0,,,,0,,1,10,15,17,1,,,,
asymmetric,4,1577,38,bt,7,0,30912,16,111390,111390,111391,,,,111434,111401,111416,16,1:15,111417,111432,16,1:15,111418,111433,16,1:15,,,0,,,,0,,,,0,,,,0,,1,10,15,17,1,,,,
asymmetric,4,1578,38,bt,7,16,31040,16,111437,111437,111438,,,,111481,111448,111463,16,1:15,111464,111479,16,1:15,111465,111480,16,1:15,,,0,,,,0,,,,0,,,,0,,1,10,15,17,1,,,,
asymmetric,4,1579,38,c,0,0,41472,4,112571,112571,,112592,112591,112603,112604,,,0,,,,0,,,,0,,112573,112588,4,5:3,112575,112590,4,5:3,112576,112591,4,5:3,112592,112595,4,1:3,,,,,,20,4,8,1
asymmetric,4,1580,38,c,1,0,41728,4,112607,112607,,112628,112627,112639,112640,,,0,,,,0,,,,0,,112609,112624,4,5:3,112611,112626,4,5:3,112612,112627,4,5:3,112628,112631,4,1:3,,,,,,20,4,8,1
asymmetric,4,1581,38,c,2,0,41984,4,112643,112643,,112664,112663,112675,112676,,,0,,,,0,,,,0,,112645,112660,4,5:3,112647,112662,4,5:3,112648,112663,4,5:3,112664,112667,4,1:3,,,,,,20,4,8,1
asymmetric,4,1582,38,c,3,0,42240,4,112679,112679,,112700,112699,112711,112712,,,0,,,,0,,,,0,,112681,112696,4,5:3,112683,112698,4,5:3,112684,112699,4,5:3,112700,112703,4,1:3,,,,,,20,4,8,1
asymmetric,4,1583,38,c,4,0,42496,4,112715,112715,,112736,112735,112747,112748,,,0,,,,0,,,,0,,112717,112732,4,5:3,112719,112734,4,5:3,112720,112735,4,5:3,112736,112739,4,1:3,,,,,,20,4,8,1
asymmetric,4,1584,38,c,5,0,42752,4,112751,112751,,112772,112771,112783,112784,,,0,,,,0,,,,0,,112753,112768,4,5:3,112755,112770,4,5:3,112756,112771,4,5:3,112772,112775,4,1:3,,,,,,20,4,8,1
asymmetric,4,1585,38,c,6,0,43008,4,112787,112787,,112808,112807,112819,112820,,,0,,,,0,,,,0,,112789,112804,4,5:3,112791,112806,4,5:3,112792,112807,4,5:3,112808,112811,4,1:3,,,,,,20,4,8,1
asymmetric,4,1586,38,c,7,0,43264,4,112823,112823,,112844,112843,112855,112856,,,0,,,,0,,,,0,,112825,112840,4,5:3,112827,112842,4,5:3,112828,112843,4,5:3,112844,112847,4,1:3,,,,,,20,4,8,1
asymmetric,4,1587,39,a,0,0,8256,16,112865,112865,112866,,,,112909,112876,112891,16,1:15,112892,112907,16,1:15,112893,112908,16,1:15,,,0,,,,0,,,,0,,,,0,,1,10,15,17,1,,,,
asymmetric,4,1588,39,a,0,16,8384,16,112912,112912,112913,,,,112956,112923,112938,16,1:15,112939,112954,16,1:15,112940,112955,16,1:15,,,0,,,,0,,,,0,,,,0,,1,10,15,17,1,,,,
asymmetric,4,1589,39,a,1,0,8512,16,112959,112959,112960,,,,113003,112970,112985,16,1:15,112986,113001,16,1:15,112987,113002,16,1:15,,,0,,,,0,,,,0,,,,0,,1,10,15,17,1,,,,
asymmetric,4,1590,39,a,1,16,8640,16,113006,113006,113007,,,,113050,113017,113032,16,1:15,113033,113048,16,1:15,113034,113049,16,1:15,,,0,,,,0,,,,0,,,,0,,1,10,15,17,1,,,,
asymmetric,4,1591,39,a,2,0,8768,16,113053,113053,113054,,,,113097,113064,113079,16,1:15,113080,113095,16,1:15,113081,113096,16,1:15,,,0,,,,0,,,,0,,,,0,,1,10,15,17,1,,,,
asymmetric,4,1592,39,a,2,16,8896,16,113100,113100,113101,,,,113144,113111,113126,16,1:15,113127,113142,16,1:15,113128,113143,16,1:15,,,0,,,,0,,,,0,,,,0,,1,10,15,17,1,,,,
asymmetric,4,1593,39,a,3,0,9024,16,113147,113147,113148,,,,113191,113158,113173,16,1:15,113174,113189,16,1:15,113175,113190,16,1:15,,,0,,,,0,,,,0,,,,0,,1,10,15,17,1,,,,
asymmetric,4,1594,39,a,3,16,9152,16,113194,113194,113195,,,,113238,113205,113220,16,1:15,113221,113236,16,1:15,113222,113237,16,1:15,,,0,,,,0,,,,0,,,,0,,1,10,15,17,1,,,,
asymmetric,4,1595,39,a,4,0,9280,16,113241,113241,113242,,,,113285,113252,113267,16,1:15,113268,113283,16,1:15,113269,113284,16,1:15,,,0,,,,0,,,,0,,,,0,,1,10,15,17,1,,,,
asymmetric,4,1596,39,a,4,16,9408,16,113288,113288,113289,,,,113332,113299,113314,16,1:15,113315,113330,16,1:15,113316,113331,16,1:15,,,0,,,,0,,,,0,,,,0,,1,10,15,17,1,,,,
asymmetric,4,1597,39,a,5,0,9536,16,113335,113335,113336,,,,113379,113346,113361,16,1:15,113362,113377,16,1:15,113363,113378,16,1:15,,,0,,,,0,,,,0,,,,0,,1,10,15,17,1,,,,
asymmetric,4,1598,39,a,5,16,9664,16,113382,113382,113383,,,,113426,113393,113408,16,1:15,113409,113424,16,1:15,113410,113425,16,1:15,,,0,,,,0,,,,0,,,,0,,1,10,15,17,1,,,,
asymmetric,4,1599,39,a,6,0,9792,16,113429,113429,113430,,,,113473,113440,113455,16,1:15,113456,113471,16,1:15,113457,113472,16,1:15,,,0,,,,0,,,,0,,,,0,,1,10,15,17,1,,,,
asymmetric,4,1600,39,a,6,16,9920,16,113476,113476,113477,,,,113520,113487,113502,16,1:15,113503,113518,16,1:15,113504,113519,16,1:15,,,0,,,,0,,,,0,,,,0,,1,10,15,17,1,,,,
asymmetric,4,1601,39,a,7,0,10048,16,113523,113523,113524,,,,113567,113534,113549,16,1:15,113550,113565,16,1:15,113551,113566,16,1:15,,,0,,,,0,,,,0,,,,0,,1,10,15,17,1,,,,
asymmetric,4,1602,39,a,7,16,10176,16,113570,113570,113571,,,,113614,113581,113596,16,1:15,113597,113612,16,1:15,113598,113613,16,1:15,,,0,,,,0,,,,0,,,,0,,1,10,15,17,1,,,,
asymmetric,4,1603,39,bt,0,0,31168,16,113622,113622,113623,,,,113666,113633,113648,16,1:15,113649,113664,16,1:15,113650,113665,16,1:15,,,0,,,,0,,,,0,,,,0,,1,10,15,17,1,,,,
asymmetric,4,1604,39,bt,0,16,31296,16,113669,113669,113670,,,,113713,113680,113695,16,1:15,113696,113711,16,1:15,113697,113712,16,1:15,,,0,,,,0,,,,0,,,,0,,1,10,15,17,1,,,,
asymmetric,4,1605,39,bt,1,0,31424,16,113716,113716,113717,,,,113760,113727,113742,16,1:15,113743,113758,16,1:15,113744,113759,16,1:15,,,0,,,,0,,,,0,,,,0,,1,10,15,17,1,,,,
asymmetric,4,1606,39,bt,1,16,31552,16,113763,113763,113764,,,,113807,113774,113789,16,1:15,113790,113805,16,1:15,113791,113806,16,1:15,,,0,,,,0,,,,0,,,,0,,1,10,15,17,1,,,,
asymmetric,4,1607,39,bt,2,0,31680,16,113810,113810,113811,,,,113854,113821,113836,16,1:15,113837,113852,16,1:15,113838,113853,16,1:15,,,0,,,,0,,,,0,,,,0,,1,10,15,17,1,,,,
asymmetric,4,1608,39,bt,2,16,31808,16,113857,113857,113858,,,,113901,113868,113883,16,1:15,113884,113899,16,1:15,113885,113900,16,1:15,,,0,,,,0,,,,0,,,,0,,1,10,15,17,1,,,,
asymmetric,4,1609,39,bt,3,0,31936,16,113904,113904,113905,,,,113948,113915,113930,16,1:15,113931,113946,16,1:15,113932,113947,16,1:15,,,0,,,,0,,,,0,,,,0,,1,10,15,17,1,,,,
asymmetric,4,1610,39,bt,3,16,32064,16,113951,113951,113952,,,,113995,113962,113977,16,1:15,113978,113993,16,1:15,113979,113994,16,1:15,,,0,,,,0,,,,0,,,,0,,1,10,15,17,1,,,,
asymmetric,4,1611,39,bt,4,0,32192,16,113998,113998,113999,,,,114042,114009,114024,16,1:15,114025,114040,16,1:15,114026,114041,16,1:15,,,0,,,,0,,,,0,,,,0,,1,10,15,17,1,,,,
asymmetric,4,1612,39,bt,4,16,32320,16,114045,114045,114046,,,,114089,114056,114071,16,1:15,114072,114087,16,1:15,114073,114088,16,1:15,,,0,,,,0,,,,0,,,,0,,1,10,15,17,1,,,,
asymmetric,4,1613,39,bt,5,0,32448,16,114092,114092,114093,,,,114136,114103,114118,16,1:15,114119,114134,16,1:15,114120,114135,16,1:15,,,0,,,,0,,,,0,,,,0,,1,10,15,17,1,,,,
asymmetric,4,1614,39,bt,5,16,32576,16,114139,114139,114140,,,,114183,114150,114165,16,1:15,114166,114181,16,1:15,114167,114182,16,1:15,,,0,,,,0,,,,0,,,,0,,1,10,15,17,1,,,,
asymmetric,4,1615,39,bt,6,0,32704,8,114186,114186,114187,,,,114214,114197,114204,8,1:7,114205,114212,8,1:7,114206,114213,8,1:7,,,0,,,,0,,,,0,,,,0,,1,10,7,9,1,,,,
asymmetric,4,1616,39,bt,6,8,32768,16,114217,114217,114218,,,,114261,114228,114243,16,1:15,114244,114259,16,1:15,114245,114260,16,1:15,,,0,,,,0,,,,0,,,,0,,1,10,15,17,1,,,,
asymmetric,4,1617,39,bt,6,24,32896,8,114264,114264,114265,,,,114292,114275,114282,8,1:7,114283,114290,8,1:7,114284,114291,8,1:7,,,0,,,,0,,,,0,,,,0,,1,10,7,9,1,,,,
asymmetric,4,1618,39,c,0,0,41504,4,115382,115382,,115403,115402,115414,115415,,,0,,,,0,,,,0,,115384,115399,4,5:3,115386,115401,4,5:3,115387,115402,4,5:3,115403,115406,4,1:3,,,,,,20,4,8,1
asymmetric,4,1619,39,c,1,0,41760,4,115418,115418,,115439,115438,115450,115451,,,0,,,,0,,,,0,,115420,115435,4,5:3,115422,115437,4,5:3,115423,115438,4,5:3,115439,115442,4,1:3,,,,,,20,4,8,1
asymmetric,4,1620,39,c,2,0,42016,4,115454,115454,,115475,115474,115486,115487,,,0,,,,0,,,,0,,115456,115471,4,5:3,115458,115473,4,5:3,115459,115474,4,5:3,115475,115478,4,1:3,,,,,,20,4,8,1
asymmetric,4,1621,39,c,3,0,42272,4,115490,115490,,115511,115510,115522,115523,,,0,,,,0,,,,0,,115492,115507,4,5:3,115494,115509,4,5:3,115495,115510,4,5:3,115511,115514,4,1:3,,,,,,20,4,8,1
asymmetric,4,1622,39,c,4,0,42528,4,115526,115526,,115547,115546,115558,115559,,,0,,,,0,,,,0,,115528,115543,4,5:3,115530,115545,4,5:3,115531,115546,4,5:3,115547,115550,4,1:3,,,,,,20,4,8,1
asymmetric,4,1623,39,c,5,0,42784,4,115562,115562,,115583,115582,115594,115595,,,0,,,,0,,,,0,,115564,115579,4,5:3,115566,115581,4,5:3,115567,115582,4,5:3,115583,115586,4,1:3,,,,,,20,4,8,1
asymmetric,4,1624,39,c,6,0,43040,4,115598,115598,,115619,115618,115630,115631,,,0,,,,0,,,,0,,115600,115615,4,5:3,115602,115617,4,5:3,115603,115618,4,5:3,115619,115622,4,1:3,,,,,,20,4,8,1
asymmetric,4,1625,39,c,7,0,43296,4,115634,115634,,115655,115654,115666,115667,,,0,,,,0,,,,0,,115636,115651,4,5:3,115638,115653,4,5:3,115639,115654,4,5:3,115655,115658,4,1:3,,,,,,20,4,8,1
asymmetric,4,1626,40,a,0,0,10304,16,115676,115676,115677,,,,115720,115687,115702,16,1:15,115703,115718,16,1:15,115704,115719,16,1:15,,,0,,,,0,,,,0,,,,0,,1,10,15,17,1,,,,
asymmetric,4,1627,40,a,0,16,10432,16,115723,115723,115724,,,,115767,115734,115749,16,1:15,115750,115765,16,1:15,115751,115766,16,1:15,,,0,,,,0,,,,0,,,,0,,1,10,15,17,1,,,,
asymmetric,4,1628,40,a,1,0,10560,16,115770,115770,115771,,,,115814,115781,115796,16,1:15,115797,115812,16,1:15,115798,115813,16,1:15,,,0,,,,0,,,,0,,,,0,,1,10,15,17,1,,,,
asymmetric,4,1629,40,a,1,16,10688,16,115817,115817,115818,,,,115861,115828,115843,16,1:15,115844,115859,16,1:15,115845,115860,16,1:15,,,0,,,,0,,,,0,,,,0,,1,10,15,17,1,,,,
asymmetric,4,1630,40,a,2,0,10816,16,115864,115864,115865,,,,115908,115875,115890,16,1:15,115891,115906,16,1:15,115892,115907,16,1:15,,,0,,,,0,,,,0,,,,0,,1,10,15,17,1,,,,
asymmetric,4,1631,40,a,2,16,10944,16,115911,115911,115912,,,,115955,115922,115937,16,1:15,115938,115953,16,1:15,115939,115954,16,1:15,,,0,,,,0,,,,0,,,,0,,1,10,15,17,1,,,,
asymmetric,4,1632,40,a,3,0,11072,16,115958,115958,115959,,,,116002,115969,115984,16,1:15,115985,116000,16,1:15,115986,116001,16,1:15,,,0,,,,0,,,,0,,,,0,,1,10,15,17,1,,,,
asymmetric,4,1633,40,a,3,16,11200,16,116005,116005,116006,,,,116049,116016,116031,16,1:15,116032,116047,16,1:15,116033,116048,16,1:15,,,0,,,,0,,,,0,,,,0,,1,10,15,17,1,,,,
asymmetric,4,1634,40,a,4,0,11328,16,116052,116052,116053,,,,116096,116063,116078,16,1:15,116079,116094,16,1:15,116080,116095,16,1:15,,,0,,,,0,,,,0,,,,0,,1,10,15,17,1,,,,
asymmetric,4,1635,40,a,4,16,11456,16,116099,116099,116100,,,,116143,116110,116125,16,1:15,116126,116141,16,1:15,116127,116142,16,1:15,,,0,,,,0,,,,0,,,,0,,1,10,15,17,1,,,,
asymmetric,4,1636,40,a,5,0,11584,16,116146,116146,116147,,,,116190,116157,116172,16,1:15,116173,116188,16,1:15,116174,116189,16,1:15,,,0,,,,0,,,,0,,,,0,,1,10,15,17,1,,,,
asymmetric,4,1637,40,a,5,16,11712,16,116193,116193,116194,,,,116237,116204,116219,16,1:15,116220,116235,16,1:15,116221,116236,16,1:15,,,0,,,,0,,,,0,,,,0,,1,10,15,17,1,,,,
asymmetric,4,1638,40,a,6,0,11840,16,116240,116240,116241,,,,116284,116251,116266,16,1:15,116267,116282,16,1:15,116268,116283,16,1:15,,,0,,,,0,,,,0,,,,0,,1,10,15,17,1,,,,
asymmetric,4,1639,40,a,6,16,11968,16,116287,116287,116288,,,,116331,116298,116313,16,1:15,116314,116329,16,1:15,116315,116330,16,1:15,,,0,,,,0,,,,0,,,,0,,1,10,15,17,1,,,,
asymmetric,4,1640,40,a,7,0,12096,16,116334,116334,116335,,,,116378,116345,116360,16,1:15,116361,116376,16,1:15,116362,116377,16,1:15,,,0,,,,0,,,,0,,,,0,,1,10,15,17,1,,,,
asymmetric,4,1641,40,a,7,16,12224,8,116381,116381,116382,,,,116409,116392,116399,8,1:7,116400,116407,8,1:7,116401,116408,8,1:7,,,0,,,,0,,,,0,,,,0,,1,10,7,9,1,,,,
asymmetric,4,1642,40,a,7,24,12288,8,116412,116412,116413,,,,116440,116423,116430,8,1:7,116431,116438,8,1:7,116432,116439,8,1:7,,,0,,,,0,,,,0,,,,0,,1,10,7,9,1,,,,
asymmetric,4,1643,40,bt,0,0,16832,16,116448,116448,116449,,,,116492,116459,116474,16,1:15,116475,116490,16,1:15,116476,116491,16,1:15,,,0,,,,0,,,,0,,,,0,,1,10,15,17,1,,,,
asymmetric,4,1644,40,bt,0,16,16960,16,116495,116495,116496,,,,116539,116506,116521,16,1:15,116522,116537,16,1:15,116523,116538,16,1:15,,,0,,,,0,,,,0,,,,0,,1,10,15,17,1,,,,
asymmetric,4,1645,40,bt,1,0,17088,16,116542,116542,116543,,,,116586,116553,116568,16,1:15,116569,116584,16,1:15,116570,116585,16,1:15,,,0,,,,0,,,,0,,,,0,,1,10,15,17,1,,,,
asymmetric,4,1646,40,bt,1,16,17216,16,116589,116589,116590,,,,116633,116600,116615,16,1:15,116616,116631,16,1:15,116617,116632,16,1:15,,,0,,,,0,,,,0,,,,0,,1,10,15,17,1,,,,
asymmetric,4,1647,40,bt,2,0,17344,16,116636,116636,116637,,,,116680,116647,116662,16,1:15,116663,116678,16,1:15,116664,116679,16,1:15,,,0,,,,0,,,,0,,,,0,,1,10,15,17,1,,,,
asymmetric,4,1648,40,bt,2,16,17472,16,116683,116683,116684,,,,116727,116694,116709,16,1:15,116710,116725,16,1:15,116711,116726,16,1:15,,,0,,,,0,,,,0,,,,0,,1,10,15,17,1,,,,
asymmetric,4,1649,40,bt,3,0,17600,16,116730,116730,116731,,,,116774,116741,116756,16,1:15,116757,116772,16,1:15,116758,116773,16,1:15,,,0,,,,0,,,,0,,,,0,,1,10,15,17,1,,,,
asymmetric,4,1650,40,bt,3,16,17728,16,116777,116777,116778,,,,116821,116788,116803,16,1:15,116804,116819,16,1:15,116805,116820,16,1:15,,,0,,,,0,,,,0,,,,0,,1,10,15,17,1,,,,
asymmetric,4,1651,40,bt,4,0,17856,16,116824,116824,116825,,,,116868,116835,116850,16,1:15,116851,116866,16,1:15,116852,116867,16,1:15,,,0,,,,0,,,,0,,,,0,,1,10,15,17,1,,,,
asymmetric,4,1652,40,bt,4,16,17984,16,116871,116871,116872,,,,116915,116882,116897,16,1:15,116898,116913,16,1:15,116899,116914,16,1:15,,,0,,,,0,,,,0,,,,0,,1,10,15,17,1,,,,
asymmetric,4,1653,40,bt,5,0,18112,16,116918,116918,116919,,,,116962,116929,116944,16,1:15,116945,116960,16,1:15,116946,116961,16,1:15,,,0,,,,0,,,,0,,,,0,,1,10,15,17,1,,,,
asymmetric,4,1654,40,bt,5,16,18240,16,116965,116965,116966,,,,117009,116976,116991,16,1:15,116992,117007,16,1:15,116993,117008,16,1:15,,,0,,,,0,,,,0,,,,0,,1,10,15,17,1,,,,
asymmetric,4,1655,40,bt,6,0,18368,16,117012,117012,117013,,,,117056,117023,117038,16,1:15,117039,117054,16,1:15,117040,117055,16,1:15,,,0,,,,0,,,,0,,,,0,,1,10,15,17,1,,,,
asymmetric,4,1656,40,bt,6,16,18496,16,117059,117059,117060,,,,117103,117070,117085,16,1:15,117086,117101,16,1:15,117087,117102,16,1:15,,,0,,,,0,,,,0,,,,0,,1,10,15,17,1,,,,
asymmetric,4,1657,40,bt,7,0,18624,16,117106,117106,117107,,,,117150,117117,117132,16,1:15,117133,117148,16,1:15,117134,117149,16,1:15,,,0,,,,0,,,,0,,,,0,,1,10,15,17,1,,,,
asymmetric,4,1658,40,bt,7,16,18752,16,117153,117153,117154,,,,117197,117164,117179,16,1:15,117180,117195,16,1:15,117181,117196,16,1:15,,,0,,,,0,,,,0,,,,0,,1,10,15,17,1,,,,
asymmetric,4,1659,40,c,0,0,43328,4,118287,118287,,118308,118307,118319,118320,,,0,,,,0,,,,0,,118289,118304,4,5:3,118291,118306,4,5:3,118292,118307,4,5:3,118308,118311,4,1:3,,,,,,20,4,8,1
asymmetric,4,1660,40,c,1,0,43584,4,118323,118323,,118344,118343,118355,118356,,,0,,,,0,,,,0,,118325,118340,4,5:3,118327,118342,4,5:3,118328,118343,4,5:3,118344,118347,4,1:3,,,,,,20,4,8,1
asymmetric,4,1661,40,c,2,0,43840,4,118359,118359,,118380,118379,118391,118392,,,0,,,,0,,,,0,,118361,118376,4,5:3,118363,118378,4,5:3,118364,118379,4,5:3,118380,118383,4,1:3,,,,,,20,4,8,1
asymmetric,4,1662,40,c,3,0,44096,4,118395,118395,,118416,118415,118427,118428,,,0,,,,0,,,,0,,118397,118412,4,5:3,118399,118414,4,5:3,118400,118415,4,5:3,118416,118419,4,1:3,,,,,,20,4,8,1
asymmetric,4,1663,40,c,4,0,44352,4,118431,118431,,118452,118451,118463,118464,,,0,,,,0,,,,0,,118433,118448,4,5:3,118435,118450,4,5:3,118436,118451,4,5:3,118452,118455,4,1:3,,,,,,20,4,8,1
asymmetric,4,1664,40,c,5,0,44608,4,118467,118467,,118488,118487,118499,118500,,,0,,,,0,,,,0,,118469,118484,4,5:3,118471,118486,4,5:3,118472,118487,4,5:3,118488,118491,4,1:3,,,,,,20,4,8,1
asymmetric,4,1665,40,c,6,0,44864,4,118503,118503,,118524,118523,118535,118536,,,0,,,,0,,,,0,,118505,118520,4,5:3,118507,118522,4,5:3,118508,118523,4,5:3,118524,118527,4,1:3,,,,,,20,4,8,1
asymmetric,4,1666,40,c,7,0,45120,4,118539,118539,,118560,118559,118571,118572,,,0,,,,0,,,,0,,118541,118556,4,5:3,118543,118558,4,5:3,118544,118559,4,5:3,118560,118563,4,1:3,,,,,,20,4,8,1
asymmetric,4,1667,41,a,0,0,10304,16,118581,118581,118582,,,,118625,118592,118607,16,1:15,118608,118623,16,1:15,118609,118624,16,1:15,,,0,,,,0,,,,0,,,,0,,1,10,15,17,1,,,,
asymmetric,4,1668,41,a,0,16,10432,16,118628,118628,118629,,,,118672,118639,118654,16,1:15,118655,118670,16,1:15,118656,118671,16,1:15,,,0,,,,0,,,,0,,,,0,,1,10,15,17,1,,,,
asymmetric,4,1669,41,a,1,0,10560,16,118675,118675,118676,,,,118719,118686,118701,16,1:15,118702,118717,16,1:15,118703,118718,16,1:15,,,0,,,,0,,,,0,,,,0,,1,10,15,17,1,,,,
asymmetric,4,1670,41,a,1,16,10688,16,118722,118722,118723,,,,118766,118733,118748,16,1:15,118749,118764,16,1:15,118750,118765,16,1:15,,,0,,,,0,,,,0,,,,0,,1,10,15,17,1,,,,
asymmetric,4,1671,41,a,2,0,10816,16,118769,118769,118770,,,,118813,118780,118795,16,1:15,118796,118811,16,1:15,118797,118812,16,1:15,,,0,,,,0,,,,0,,,,0,,1,10,15,17,1,,,,
asymmetric,4,1672,41,a,2,16,10944,16,118816,118816,118817,,,,118860,118827,118842,16,1:15,118843,118858,16,1:15,118844,118859,16,1:15,,,0,,,,0,,,,0,,,,0,,1,10,15,17,1,,,,
asymmetric,4,1673,41,a,3,0,11072,16,118863,118863,118864,,,,118907,118874,118889,16,1:15,118890,118905,16,1:15,118891,118906,16,1:15,,,0,,,,0,,,,0,,,,0,,1,10,15,17,1,,,,
asymmetric,4,1674,41,a,3,16,11200,16,118910,118910,118911,,,,118954,118921,118936,16,1:15,118937,118952,16,1:15,118938,118953,16,1:15,,,0,,,,0,,,,0,,,,0,,1,10,15,17,1,,,,
asymmetric,4,1675,41,a,4,0,11328,16,118957,118957,118958,,,,119001,118968,118983,16,1:15,118984,118999,16,1:15,118985,119000,16,1:15,,,0,,,,0,,,,0,,,,0,,1,10,15,17,1,,,,
asymmetric,4,1676,41,a,4,16,11456,16,119004,119004,119005,,,,119048,119015,119030,16,1:15,119031,119046,16,1:15,119032,119047,16,1:15,,,0,,,,0,,,,0,,,,0,,1,10,15,17,1,,,,
asymmetric,4,1677,41,a,5,0,11584,16,119051,119051,119052,,,,119095,119062,119077,16,1:15,119078,119093,16,1:15,119079,119094,16,1:15,,,0,,,,0,,,,0,,,,0,,1,10,15,17,1,,,,
asymmetric,4,1678,41,a,5,16,11712,16,119098,119098,119099,,,,119142,119109,119124,16,1:15,119125,119140,16,1:15,119126,119141,16,1:15,,,0,,,,0,,,,0,,,,0,,1,10,15,17,1,,,,
asymmetric,4,1679,41,a,6,0,11840,16,119145,119145,119146,,,,119189,119156,119171,16,1:15,119172,119187,16,1:15,119173,119188,16,1:15,,,0,,,,0,,,,0,,,,0,,1,10,15,17,1,,,,
asymmetric,4,1680,41,a,6,16,11968,16,119192,119192,119193,,,,119236,119203,119218,16,1:15,119219,119234,16,1:15,119220,119235,16,1:15,,,0,,,,0,,,,0,,,,0,,1,10,15,17,1,,,,
asymmetric,4,1681,41,a,7,0,12096,16,119239,119239,119240,,,,119283,119250,119265,16,1:15,119266,119281,16,1:15,119267,119282,16,1:15,,,0,,,,0,,,,0,,,,0,,1,10,15,17,1,,,,
asymmetric,4,1682,41,a,7,16,12224,8,119286,119286,119287,,,,119314,119297,119304,8,1:7,119305,119312,8,1:7,119306,119313,8,1:7,,,0,,,,0,,,,0,,,,0,,1,10,7,9,1,,,,
asymmetric,4,1683,41,a,7,24,12288,8,119317,119317,119318,,,,119345,119328,119335,8,1:7,119336,119343,8,1:7,119337,119344,8,1:7,,,0,,,,0,,,,0,,,,0,,1,10,7,9,1,,,,
asymmetric,4,1684,41,bt,0,0,18880,16,119353,119353,119354,,,,119397,119364,119379,16,1:15,119380,119395,16,1:15,119381,119396,16,1:15,,,0,,,,0,,,,0,,,,0,,1,10,15,17,1,,,,
asymmetric,4,1685,41,bt,0,16,19008,16,119400,119400,119401,,,,119444,119411,119426,16,1:15,119427,119442,16,1:15,119428,119443,16,1:15,,,0,,,,0,,,,0,,,,0,,1,10,15,17,1,,,,
asymmetric,4,1686,41,bt,1,0,19136,16,119447,119447,119448,,,,119491,119458,119473,16,1:15,119474,119489,16,1:15,119475,119490,16,1:15,,,0,,,,0,,,,0,,,,0,,1,10,15,17,1,,,,
asymmetric,4,1687,41,bt,1,16,19264,16,119494,119494,119495,,,,119538,119505,119520,16,1:15,119521,119536,16,1:15,119522,119537,16,1:15,,,0,,,,0,,,,0,,,,0,,1,10,15,17,1,,,,
asymmetric,4,1688,41,bt,2,0,19392,16,119541,119541,119542,,,,119585,119552,119567,16,1:15,119568,119583,16,1:15,119569,119584,16,1:15,,,0,,,,0,,,,0,,,,0,,1,10,15,17,1,,,,
asymmetric,4,1689,41,bt,2,16,19520,16,119588,119588,119589,,,,119632,119599,119614,16,1:15,119615,119630,16,1:15,119616,119631,16,1:15,,,0,,,,0,,,,0,,,,0,,1,10,15,17,1,,,,
asymmetric,4,1690,41,bt,3,0,19648,16,119635,119635,119636,,,,119679,119646,119661,16,1:15,119662,119677,16,1:15,119663,119678,16,1:15,,,0,,,,0,,,,0,,,,0,,1,10,15,17,1,,,,
asymmetric,4,1691,41,bt,3,16,19776,16,119682,119682,119683,,,,119726,119693,119708,16,1:15,119709,119724,16,1:15,119710,119725,16,1:15,,,0,,,,0,,,,0,,,,0,,1,10,15,17,1,,,,
asymmetric,4,1692,41,bt,4,0,19904,16,119729,119729,119730,,,,119773,119740,119755,16,1:15,119756,119771,16,1:15,119757,119772,16,1:15,,,0,,,,0,,,,0,,,,0,,1,10,15,17,1,,,,
asymmetric,4,1693,41,bt,4,16,20032,16,119776,119776,119777,,,,119820,119787,119802,16,1:15,119803,119818,16,1:15,119804,119819,16,1:15,,,0,,,,0,,,,0,,,,0,,1,10,15,17,1,,,,
asymmetric,4,1694,41,bt,5,0,20160,16,119823,119823,119824,,,,119867,119834,119849,16,1:15,119850,119865,16,1:15,119851,119866,16,1:15,,,0,,,,0,,,,0,,,,0,,1,10,15,17,1,,,,
asymmetric,4,1695,41,bt,5,16,20288,16,119870,119870,119871,,,,119914,119881,119896,16,1:15,119897,119912,16,1:15,119898,119913,16,1:15,,,0,,,,0,,,,0,,,,0,,1,10,15,17,1,,,,
asymmetric,4,1696,41,bt,6,0,20416,8,119917,119917,119918,,,,119945,119928,119935,8,1:7,119936,119943,8,1:7,119937,119944,8,1:7,,,0,,,,0,,,,0,,,,0,,1,10,7,9,1,,,,
asymmetric,4,1697,41,bt,6,8,20480,16,119948,119948,119949,,,,119992,119959,119974,16,1:15,119975,119990,16,1:15,119976,119991,16,1:15,,,0,,,,0,,,,0,,,,0,,1,10,15,17,1,,,,
asymmetric,4,1698,41,bt,6,24,20608,8,119995,119995,119996,,,,120023,120006,120013,8,1:7,120014,120021,8,1:7,120015,120022,8,1:7,,,0,,,,0,,,,0,,,,0,,1,10,7,9,1,,,,
asymmetric,4,1699,41,bt,7,0,20672,16,120026,120026,120027,,,,120070,120037,120052,16,1:15,120053,120068,16,1:15,120054,120069,16,1:15,,,0,,,,0,,,,0,,,,0,,1,10,15,17,1,,,,
asymmetric,4,1700,41,bt,7,16,20800,16,120073,120073,120074,,,,120117,120084,120099,16,1:15,120100,120115,16,1:15,120101,120116,16,1:15,,,0,,,,0,,,,0,,,,0,,1,10,15,17,1,,,,
asymmetric,4,1701,41,c,0,0,43360,4,121207,121207,,121228,121227,121239,121240,,,0,,,,0,,,,0,,121209,121224,4,5:3,121211,121226,4,5:3,121212,121227,4,5:3,121228,121231,4,1:3,,,,,,20,4,8,1
asymmetric,4,1702,41,c,1,0,43616,4,121243,121243,,121264,121263,121275,121276,,,0,,,,0,,,,0,,121245,121260,4,5:3,121247,121262,4,5:3,121248,121263,4,5:3,121264,121267,4,1:3,,,,,,20,4,8,1
asymmetric,4,1703,41,c,2,0,43872,4,121279,121279,,121300,121299,121311,121312,,,0,,,,0,,,,0,,121281,121296,4,5:3,121283,121298,4,5:3,121284,121299,4,5:3,121300,121303,4,1:3,,,,,,20,4,8,1
asymmetric,4,1704,41,c,3,0,44128,4,121315,121315,,121336,121335,121347,121348,,,0,,,,0,,,,0,,121317,121332,4,5:3,121319,121334,4,5:3,121320,121335,4,5:3,121336,121339,4,1:3,,,,,,20,4,8,1
asymmetric,4,1705,41,c,4,0,44384,4,121351,121351,,121372,121371,121383,121384,,,0,,,,0,,,,0,,121353,121368,4,5:3,121355,121370,4,5:3,121356,121371,4,5:3,121372,121375,4,1:3,,,,,,20,4,8,1
asymmetric,4,1706,41,c,5,0,44640,4,121387,121387,,121408,121407,121419,121420,,,0,,,,0,,,,0,,121389,121404,4,5:3,121391,121406,4,5:3,121392,121407,4,5:3,121408,121411,4,1:3,,,,,,20,4,8,1
asymmetric,4,1707,41,c,6,0,44896,4,121423,121423,,121444,121443,121455,121456,,,0,,,,0,,,,0,,121425,121440,4,5:3,121427,121442,4,5:3,121428,121443,4,5:3,121444,121447,4,1:3,,,,,,20,4,8,1
asymmetric,4,1708,41,c,7,0,45152,4,121459,121459,,121480,121479,121491,121492,,,0,,,,0,,,,0,,121461,121476,4,5:3,121463,121478,4,5:3,121464,121479,4,5:3,121480,121483,4,1:3,,,,,,20,4,8,1
asymmetric,4,1709,42,a,0,0,10304,16,121501,121501,121502,,,,121545,121512,121527,16,1:15,121528,121543,16,1:15,121529,121544,16,1:15,,,0,,,,0,,,,0,,,,0,,1,10,15,17,1,,,,
asymmetric,4,1710,42,a,0,16,10432,16,121548,121548,121549,,,,121592,121559,121574,16,1:15,121575,121590,16,1:15,121576,121591,16,1:15,,,0,,,,0,,,,0,,,,0,,1,10,15,17,1,,,,
asymmetric,4,1711,42,a,1,0,10560,16,121595,121595,121596,,,,121639,121606,121621,16,1:15,121622,121637,16,1:15,121623,121638,16,1:15,,,0,,,,0,,,,0,,,,0,,1,10,15,17,1,,,,
asymmetric,4,1712,42,a,1,16,10688,16,121642,121642,121643,,,,121686,121653,121668,16,1:15,121669,121684,16,1:15,121670,121685,16,1:15,,,0,,,,0,,,,0,,,,0,,1,10,15,17,1,,,,
asymmetric,4,1713,42,a,2,0,10816,16,121689,121689,121690,,,,121733,121700,121715,16,1:15,121716,121731,16,1:15,121717,121732,16,1:15,,,0,,,,0,,,,0,,,,0,,1,10,15,17,1,,,,
asymmetric,4,1714,42,a,2,16,10944,16,121736,121736,121737,,,,121780,121747,121762,16,1:15,121763,121778,16,1:15,121764,121779,16,1:15,,,0,,,,0,,,,0,,,,0,,1,10,15,17,1,,,,
asymmetric,4,1715,42,a,3,0,11072,16,121783,121783,121784,,,,121827,121794,121809,16,1:15,121810,121825,16,1:15,121811,121826,16,1:15,,,0,,,,0,,,,0,,,,0,,1,10,15,17,1,,,,
asymmetric,4,1716,42,a,3,16,11200,16,121830,121830,121831,,,,121874,121841,121856,16,1:15,121857,121872,16,1:15,121858,121873,16,1:15,,,0,,,,0,,,,0,,,,0,,1,10,15,17,1,,,,
asymmetric,4,1717,42,a,4,0,11328,16,121877,121877,121878,,,,121921,121888,121903,16,1:15,121904,121919,16,1:15,121905,121920,16,1:15,,,0,,,,0,,,,0,,,,0,,1,10,15,17,1,,,,
asymmetric,4,1718,42,a,4,16,11456,16,121924,121924,121925,,,,121968,121935,121950,16,1:15,121951,121966,16,1:15,121952,121967,16,1:15,,,0,,,,0,,,,0,,,,0,,1,10,15,17,1,,,,
asymmetric,4,1719,42,a,5,0,11584,16,121971,121971,121972,,,,122015,121982,121997,16,1:15,121998,122013,16,1:15,121999,122014,16,1:15,,,0,,,,0,,,,0,,,,0,,1,10,15,17,1,,,,
asymmetric,4,1720,42,a,5,16,11712,16,122018,122018,122019,,,,122062,122029,122044,16,1:15,122045,122060,16,1:15,122046,122061,16,1:15,,,0,,,,0,,,,0,,,,0,,1,10,15,17,1,,,,
asymmetric,4,1721,42,a,6,0,11840,16,122065,122065,122066,,,,122109,122076,122091,16,1:15,122092,122107,16,1:15,122093,122108,16,1:15,,,0,,,,0,,,,0,,,,0,,1,10,15,17,1,,,,
asymmetric,4,1722,42,a,6,16,11968,16,122112,122112,122113,,,,122156,122123,122138,16,1:15,122139,122154,16,1:15,122140,122155,16,1:15,,,0,,,,0,,,,0,,,,0,,1,10,15,17,1,,,,
asymmetric,4,1723,42,a,7,0,12096,16,122159,122159,122160,,,,122203,122170,122185,16,1:15,122186,122201,16,1:15,122187,122202,16,1:15,,,0,,,,0,,,,0,,,,0,,1,10,15,17,1,,,,
asymmetric,4,1724,42,a,7,16,12224,8,122206,122206,122207,,,,122234,122217,122224,8,1:7,122225,122232,8,1:7,122226,122233,8,1:7,,,0,,,,0,,,,0,,,,0,,1,10,7,9,1,,,,
asymmetric,4,1725,42,a,7,24,12288,8,122237,122237,122238,,,,122265,122248,122255,8,1:7,122256,122263,8,1:7,122257,122264,8,1:7,,,0,,,,0,,,,0,,,,0,,1,10,7,9,1,,,,
asymmetric,4,1726,42,bt,0,0,20928,16,122273,122273,122274,,,,122317,122284,122299,16,1:15,122300,122315,16,1:15,122301,122316,16,1:15,,,0,,,,0,,,,0,,,,0,,1,10,15,17,1,,,,
asymmetric,4,1727,42,bt,0,16,21056,16,122320,122320,122321,,,,122364,122331,122346,16,1:15,122347,122362,16,1:15,122348,122363,16,1:15,,,0,,,,0,,,,0,,,,0,,1,10,15,17,1,,,,
asymmetric,4,1728,42,bt,1,0,21184,16,122367,122367,122368,,,,122411,122378,122393,16,1:15,122394,122409,16,1:15,122395,122410,16,1:15,,,0,,,,0,,,,0,,,,0,,1,10,15,17,1,,,,
asymmetric,4,1729,42,bt,1,16,21312,16,122414,122414,122415,,,,122458,122425,122440,16,1:15,122441,122456,16,1:15,122442,122457,16,1:15,,,0,,,,0,,,,0,,,,0,,1,10,15,17,1,,,,
asymmetric,4,1730,42,bt,2,0,21440,16,122461,122461,122462,,,,122505,122472,122487,16,1:15,122488,122503,16,1:15,122489,122504,16,1:15,,,0,,,,0,,,,0,,,,0,,1,10,15,17,1,,,,
asymmetric,4,1731,42,bt,2,16,21568,16,122508,122508,122509,,,,122552,122519,122534,16,1:15,122535,122550,16,1:15,122536,122551,16,1:15,,,0,,,,0,,,,0,,,,0,,1,10,15,17,1,,,,
asymmetric,4,1732,42,bt,3,0,21696,16,122555,122555,122556,,,,122599,122566,122581,16,1:15,122582,122597,16,1:15,122583,122598,16,1:15,,,0,,,,0,,,,0,,,,0,,1,10,15,17,1,,,,
asymmetric,4,1733,42,bt,3,16,21824,16,122602,122602,122603,,,,122646,122613,122628,16,1:15,122629,122644,16,1:15,122630,122645,16,1:15,,,0,,,,0,,,,0,,,,0,,1,10,15,17,1,,,,
asymmetric,4,1734,42,bt,4,0,21952,16,122649,122649,122650,,,,122693,122660,122675,16,1:15,122676,122691,16,1:15,122677,122692,16,1:15,,,0,,,,0,,,,0,,,,0,,1,10,15,17,1,,,,
asymmetric,4,1735,42,bt,4,16,22080,16,122696,122696,122697,,,,122740,122707,122722,16,1:15,122723,122738,16,1:15,122724,122739,16,1:15,,,0,,,,0,,,,0,,,,0,,1,10,15,17,1,,,,
asymmetric,4,1736,42,bt,5,0,22208,16,122743,122743,122744,,,,122787,122754,122769,16,1:15,122770,122785,16,1:15,122771,122786,16,1:15,,,0,,,,0,,,,0,,,,0,,1,10,15,17,1,,,,
asymmetric,4,1737,42,bt,5,16,22336,16,122790,122790,122791,,,,122834,122801,122816,16,1:15,122817,122832,16,1:15,122818,122833,16,1:15,,,0,,,,0,,,,0,,,,0,,1,10,15,17,1,,,,
asymmetric,4,1738,42,bt,6,0,22464,16,122837,122837,122838,,,,122881,122848,122863,16,1:15,122864,122879,16,1:15,122865,122880,16,1:15,,,0,,,,0,,,,0,,,,0,,1,10,15,17,1,,,,
asymmetric,4,1739,42,bt,6,16,22592,16,122884,122884,122885,,,,122928,122895,122910,16,1:15,122911,122926,16,1:15,122912,122927,16,1:15,,,0,,,,0,,,,0,,,,0,,1,10,15,17,1,,,,
asymmetric,4,1740,42,bt,7,0,22720,16,122931,122931,122932,,,,122975,122942,122957,16,1:15,122958,122973,16,1:15,122959,122974,16,1:15,,,0,,,,0,,,,0,,,,0,,1,10,15,17,1,,,,
asymmetric,4,1741,42,bt,7,16,22848,16,122978,122978,122979,,,,123022,122989,123004,16,1:15,123005,123020,16,1:15,123006,123021,16,1:15,,,0,,,,0,,,,0,,,,0,,1,10,15,17,1,,,,
asymmetric,4,1742,42,c,0,0,43392,4,124112,124112,,124133,124132,124144,124145,,,0,,,,0,,,,0,,124114,124129,4,5:3,124116,124131,4,5:3,124117,124132,4,5:3,124133,124136,4,1:3,,,,,,20,4,8,1
asymmetric,4,1743,42,c,1,0,43648,4,124148,124148,,124169,124168,124180,124181,,,0,,,,0,,,,0,,124150,124165,4,5:3,124152,124167,4,5:3,124153,124168,4,5:3,124169,124172,4,1:3,,,,,,20,4,8,1
asymmetric,4,1744,42,c,2,0,43904,4,124184,124184,,124205,124204,124216,124217,,,0,,,,0,,,,0,,124186,124201,4,5:3,124188,124203,4,5:3,124189,124204,4,5:3,124205,124208,4,1:3,,,,,,20,4,8,1
asymmetric,4,1745,42,c,3,0,44160,4,124220,124220,,124241,124240,124252,124253,,,0,,,,0,,,,0,,124222,124237,4,5:3,124224,124239,4,5:3,124225,124240,4,5:3,124241,124244,4,1:3,,,,,,20,4,8,1
asymmetric,4,1746,42,c,4,0,44416,4,124256,124256,,124277,124276,124288,124289,,,0,,,,0,,,,0,,124258,124273,4,5:3,124260,124275,4,5:3,124261,124276,4,5:3,124277,124280,4,1:3,,,,,,20,4,8,1
asymmetric,4,1747,42,c,5,0,44672,4,124292,124292,,124313,124312,124324,124325,,,0,,,,0,,,,0,,124294,124309,4,5:3,124296,124311,4,5:3,124297,124312,4,5:3,124313,124316,4,1:3,,,,,,20,4,8,1
asymmetric,4,1748,42,c,6,0,44928,4,124328,124328,,124349,124348,124360,124361,,,0,,,,0,,,,0,,124330,124345,4,5:3,124332,124347,4,5:3,124333,124348,4,5:3,124349,124352,4,1:3,,,,,,20,4,8,1
asymmetric,4,1749,42,c,7,0,45184,4,124364,124364,,124385,124384,124396,124397,,,0,,,,0,,,,0,,124366,124381,4,5:3,124368,124383,4,5:3,124369,124384,4,5:3,124385,124388,4,1:3,,,,,,20,4,8,1
asymmetric,4,1750,43,a,0,0,10304,16,124406,124406,124407,,,,124450,124417,124432,16,1:15,124433,124448,16,1:15,124434,124449,16,1:15,,,0,,,,0,,,,0,,,,0,,1,10,15,17,1,,,,
asymmetric,4,1751,43,a,0,16,10432,16,124453,124453,124454,,,,124497,124464,124479,16,1:15,124480,124495,16,1:15,124481,124496,16,1:15,,,0,,,,0,,,,0,,,,0,,1,10,15,17,1,,,,
asymmetric,4,1752,43,a,1,0,10560,16,124500,124500,124501,,,,124544,124511,124526,16,1:15,124527,124542,16,1:15,124528,124543,16,1:15,,,0,,,,0,,,,0,,,,0,,1,10,15,17,1,,,,
asymmetric,4,1753,43,a,1,16,10688,16,124547,124547,124548,,,,124591,124558,124573,16,1:15,124574,124589,16,1:15,124575,124590,16,1:15,,,0,,,,0,,,,0,,,,0,,1,10,15,17,1,,,,
asymmetric,4,1754,43,a,2,0,10816,16,124594,124594,124595,,,,124638,124605,124620,16,1:15,124621,124636,16,1:15,124622,124637,16,1:15,,,0,,,,0,,,,0,,,,0,,1,10,15,17,1,,,,
asymmetric,4,1755,43,a,2,16,10944,16,124641,124641,124642,,,,124685,124652,124667,16,1:15,124668,124683,16,1:15,124669,124684,16,1:15,,,0,,,,0,,,,0,,,,0,,1,10,15,17,1,,,,
asymmetric,4,1756,43,a,3,0,11072,16,124688,124688,124689,,,,124732,124699,124714,16,1:15,124715,124730,16,1:15,124716,124731,16,1:15,,,0,,,,0,,,,0,,,,0,,1,10,15,17,1,,,,
asymmetric,4,1757,43,a,3,16,11200,16,124735,124735,124736,,,,124779,124746,124761,16,1:15,124762,124777,16,1:15,124763,124778,16,1:15,,,0,,,,0,,,,0,,,,0,,1,10,15,17,1,,,,
asymmetric,4,1758,43,a,4,0,11328,16,124782,124782,124783,,,,124826,124793,124808,16,1:15,124809,124824,16,1:15,124810,124825,16,1:15,,,0,,,,0,,,,0,,,,0,,1,10,15,17,1,,,,
asymmetric,4,1759,43,a,4,16,11456,16,124829,124829,124830,,,,124873,124840,124855,16,1:15,124856,124871,16,1:15,124857,124872,16,1:15,,,0,,,,0,,,,0,,,,0,,1,10,15,17,1,,,,
asymmetric,4,1760,43,a,5,0,11584,16,124876,124876,124877,,,,124920,124887,124902,16,1:15,124903,124918,16,1:15,124904,124919,16,1:15,,,0,,,,0,,,,0,,,,0,,1,10,15,17,1,,,,
asymmetric,4,1761,43,a,5,16,11712,16,124923,124923,124924,,,,124967,124934,124949,16,1:15,124950,124965,16,1:15,124951,124966,16,1:15,,,0,,,,0,,,,0,,,,0,,1,10,15,17,1,,,,
asymmetric,4,1762,43,a,6,0,11840,16,124970,124970,124971,,,,125014,124981,124996,16,1:15,124997,125012,16,1:15,124998,125013,16,1:15,,,0,,,,0,,,,0,,,,0,,1,10,15,17,1,,,,
asymmetric,4,1763,43,a,6,16,11968,16,125017,125017,125018,,,,125061,125028,125043,16,1:15,125044,125059,16,1:15,125045,125060,16,1:15,,,0,,,,0,,,,0,,,,0,,1,10,15,17,1,,,,
asymmetric,4,1764,43,a,7,0,12096,16,125064,125064,125065,,,,125108,125075,125090,16,1:15,125091,125106,16,1:15,125092,125107,16,1:15,,,0,,,,0,,,,0,,,,0,,1,10,15,17,1,,,,
asymmetric,4,1765,43,a,7,16,12224,8,125111,125111,125112,,,,125139,125122,125129,8,1:7,125130,125137,8,1:7,125131,125138,8,1:7,,,0,,,,0,,,,0,,,,0,,1,10,7,9,1,,,,
asymmetric,4,1766,43,a,7,24,12288,8,125142,125142,125143,,,,125170,125153,125160,8,1:7,125161,125168,8,1:7,125162,125169,8,1:7,,,0,,,,0,,,,0,,,,0,,1,10,7,9,1,,,,
asymmetric,4,1767,43,bt,0,0,22976,16,125178,125178,125179,,,,125222,125189,125204,16,1:15,125205,125220,16,1:15,125206,125221,16,1:15,,,0,,,,0,,,,0,,,,0,,1,10,15,17,1,,,,
asymmetric,4,1768,43,bt,0,16,23104,16,125225,125225,125226,,,,125269,125236,125251,16,1:15,125252,125267,16,1:15,125253,125268,16,1:15,,,0,,,,0,,,,0,,,,0,,1,10,15,17,1,,,,
asymmetric,4,1769,43,bt,1,0,23232,16,125272,125272,125273,,,,125316,125283,125298,16,1:15,125299,125314,16,1:15,125300,125315,16,1:15,,,0,,,,0,,,,0,,,,0,,1,10,15,17,1,,,,
asymmetric,4,1770,43,bt,1,16,23360,16,125319,125319,125320,,,,125363,125330,125345,16,1:15,125346,125361,16,1:15,125347,125362,16,1:15,,,0,,,,0,,,,0,,,,0,,1,10,15,17,1,,,,
asymmetric,4,1771,43,bt,2,0,23488,16,125366,125366,125367,,,,125410,125377,125392,16,1:15,125393,125408,16,1:15,125394,125409,16,1:15,,,0,,,,0,,,,0,,,,0,,1,10,15,17,1,,,,
asymmetric,4,1772,43,bt,2,16,23616,16,125413,125413,125414,,,,125457,125424,125439,16,1:15,125440,125455,16,1:15,125441,125456,16,1:15,,,0,,,,0,,,,0,,,,0,,1,10,15,17,1,,,,
asymmetric,4,1773,43,bt,3,0,23744,16,125460,125460,125461,,,,125504,125471,125486,16,1:15,125487,125502,16,1:15,125488,125503,16,1:15,,,0,,,,0,,,,0,,,,0,,1,10,15,17,1,,,,
asymmetric,4,1774,43,bt,3,16,23872,16,125507,125507,125508,,,,125551,125518,125533,16,1:15,125534,125549,16,1:15,125535,125550,16,1:15,,,0,,,,0,,,,0,,,,0,,1,10,15,17,1,,,,
asymmetric,4,1775,43,bt,4,0,24000,16,125554,125554,125555,,,,125598,125565,125580,16,1:15,125581,125596,16,1:15,125582,125597,16,1:15,,,0,,,,0,,,,0,,,,0,,1,10,15,17,1,,,,
asymmetric,4,1776,43,bt,4,16,24128,16,125601,125601,125602,,,,125645,125612,125627,16,1:15,125628,125643,16,1:15,125629,125644,16,1:15,,,0,,,,0,,,,0,,,,0,,1,10,15,17,1,,,,
asymmetric,4,1777,43,bt,5,0,24256,16,125648,125648,125649,,,,125692,125659,125674,16,1:15,125675,125690,16,1:15,125676,125691,16,1:15,,,0,,,,0,,,,0,,,,0,,1,10,15,17,1,,,,
asymmetric,4,1778,43,bt,5,16,24384,16,125695,125695,125696,,,,125739,125706,125721,16,1:15,125722,125737,16,1:15,125723,125738,16,1:15,,,0,,,,0,,,,0,,,,0,,1,10,15,17,1,,,,
asymmetric,4,1779,43,bt,6,0,24512,8,125742,125742,125743,,,,125770,125753,125760,8,1:7,125761,125768,8,1:7,125762,125769,8,1:7,,,0,,,,0,,,,0,,,,0,,1,10,7,9,1,,,,
asymmetric,4,1780,43,bt,6,8,24576,16,125773,125773,125774,,,,125817,125784,125799,16,1:15,125800,125815,16,1:15,125801,125816,16,1:15,,,0,,,,0,,,,0,,,,0,,1,10,15,17,1,,,,
asymmetric,4,1781,43,bt,6,24,24704,8,125820,125820,125821,,,,125848,125831,125838,8,1:7,125839,125846,8,1:7,125840,125847,8,1:7,,,0,,,,0,,,,0,,,,0,,1,10,7,9,1,,,,
asymmetric,4,1782,43,bt,7,0,24768,16,125851,125851,125852,,,,125895,125862,125877,16,1:15,125878,125893,16,1:15,125879,125894,16,1:15,,,0,,,,0,,,,0,,,,0,,1,10,15,17,1,,,,
asymmetric,4,1783,43,bt,7,16,24896,16,125898,125898,125899,,,,125942,125909,125924,16,1:15,125925,125940,16,1:15,125926,125941,16,1:15,,,0,,,,0,,,,0,,,,0,,1,10,15,17,1,,,,
asymmetric,4,1784,43,c,0,0,43424,4,127032,127032,,127053,127052,127064,127065,,,0,,,,0,,,,0,,127034,127049,4,5:3,127036,127051,4,5:3,127037,127052,4,5:3,127053,127056,4,1:3,,,,,,20,4,8,1
asymmetric,4,1785,43,c,1,0,43680,4,127068,127068,,127089,127088,127100,127101,,,0,,,,0,,,,0,,127070,127085,4,5:3,127072,127087,4,5:3,127073,127088,4,5:3,127089,127092,4,1:3,,,,,,20,4,8,1
asymmetric,4,1786,43,c,2,0,43936,4,127104,127104,,127125,127124,127136,127137,,,0,,,,0,,,,0,,127106,127121,4,5:3,127108,127123,4,5:3,127109,127124,4,5:3,127125,127128,4,1:3,,,,,,20,4,8,1
asymmetric,4,1787,43,c,3,0,44192,4,127140,127140,,127161,127160,127172,127173,,,0,,,,0,,,,0,,127142,127157,4,5:3,127144,127159,4,5:3,127145,127160,4,5:3,127161,127164,4,1:3,,,,,,20,4,8,1
asymmetric,4,1788,43,c,4,0,44448,4,127176,127176,,127197,127196,127208,127209,,,0,,,,0,,,,0,,127178,127193,4,5:3,127180,127195,4,5:3,127181,127196,4,5:3,127197,127200,4,1:3,,,,,,20,4,8,1
asymmetric,4,1789,43,c,5,0,44704,4,127212,127212,,127233,127232,127244,127245,,,0,,,,0,,,,0,,127214,127229,4,5:3,127216,127231,4,5:3,127217,127232,4,5:3,127233,127236,4,1:3,,,,,,20,4,8,1
asymmetric,4,1790,43,c,6,0,44960,4,127248,127248,,127269,127268,127280,127281,,,0,,,,0,,,,0,,127250,127265,4,5:3,127252,127267,4,5:3,127253,127268,4,5:3,127269,127272,4,1:3,,,,,,20,4,8,1
asymmetric,4,1791,43,c,7,0,45216,4,127284,127284,,127305,127304,127316,127317,,,0,,,,0,,,,0,,127286,127301,4,5:3,127288,127303,4,5:3,127289,127304,4,5:3,127305,127308,4,1:3,,,,,,20,4,8,1
asymmetric,4,1792,44,a,0,0,10304,16,127326,127326,127327,,,,127370,127337,127352,16,1:15,127353,127368,16,1:15,127354,127369,16,1:15,,,0,,,,0,,,,0,,,,0,,1,10,15,17,1,,,,
asymmetric,4,1793,44,a,0,16,10432,16,127373,127373,127374,,,,127417,127384,127399,16,1:15,127400,127415,16,1:15,127401,127416,16,1:15,,,0,,,,0,,,,0,,,,0,,1,10,15,17,1,,,,
asymmetric,4,1794,44,a,1,0,10560,16,127420,127420,127421,,,,127464,127431,127446,16,1:15,127447,127462,16,1:15,127448,127463,16,1:15,,,0,,,,0,,,,0,,,,0,,1,10,15,17,1,,,,
asymmetric,4,1795,44,a,1,16,10688,16,127467,127467,127468,,,,127511,127478,127493,16,1:15,127494,127509,16,1:15,127495,127510,16,1:15,,,0,,,,0,,,,0,,,,0,,1,10,15,17,1,,,,
asymmetric,4,1796,44,a,2,0,10816,16,127514,127514,127515,,,,127558,127525,127540,16,1:15,127541,127556,16,1:15,127542,127557,16,1:15,,,0,,,,0,,,,0,,,,0,,1,10,15,17,1,,,,
asymmetric,4,1797,44,a,2,16,10944,16,127561,127561,127562,,,,127605,127572,127587,16,1:15,127588,127603,16,1:15,127589,127604,16,1:15,,,0,,,,0,,,,0,,,,0,,1,10,15,17,1,,,,
asymmetric,4,1798,44,a,3,0,11072,16,127608,127608,127609,,,,127652,127619,127634,16,1:15,127635,127650,16,1:15,127636,127651,16,1:15,,,0,,,,0,,,,0,,,,0,,1,10,15,17,1,,,,
asymmetric,4,1799,44,a,3,16,11200,16,127655,127655,127656,,,,127699,127666,127681,16,1:15,127682,127697,16,1:15,127683,127698,16,1:15,,,0,,,,0,,,,0,,,,0,,1,10,15,17,1,,,,
asymmetric,4,1800,44,a,4,0,11328,16,127702,127702,127703,,,,127746,127713,127728,16,1:15,127729,127744,16,1:15,127730,127745,16,1:15,,,0,,,,0,,,,0,,,,0,,1,10,15,17,1,,,,
asymmetric,4,1801,44,a,4,16,11456,16,127749,127749,127750,,,,127793,127760,127775,16,1:15,127776,127791,16,1:15,127777,127792,16,1:15,,,0,,,,0,,,,0,,,,0,,1,10,15,17,1,,,,
asymmetric,4,1802,44,a,5,0,11584,16,127796,127796,127797,,,,127840,127807,127822,16,1:15,127823,127838,16,1:15,127824,127839,16,1:15,,,0,,,,0,,,,0,,,,0,,1,10,15,17,1,,,,
asymmetric,4,1803,44,a,5,16,11712,16,127843,127843,127844,,,,127887,127854,127869,16,1:15,127870,127885,16,1:15,127871,127886,16,1:15,,,0,,,,0,,,,0,,,,0,,1,10,15,17,1,,,,
asymmetric,4,1804,44,a,6,0,11840,16,127890,127890,127891,,,,127934,127901,127916,16,1:15,127917,127932,16,1:15,127918,127933,16,1:15,,,0,,,,0,,,,0,,,,0,,1,10,15,17,1,,,,
asymmetric,4,1805,44,a,6,16,11968,16,127937,127937,127938,,,,127981,127948,127963,16,1:15,127964,127979,16,1:15,127965,127980,16,1:15,,,0,,,,0,,,,0,,,,0,,1,10,15,17,1,,,,
asymmetric,4,1806,44,a,7,0,12096,16,127984,127984,127985,,,,128028,127995,128010,16,1:15,128011,128026,16,1:15,128012,128027,16,1:15,,,0,,,,0,,,,0,,,,0,,1,10,15,17,1,,,,
asymmetric,4,1807,44,a,7,16,12224,8,128031,128031,128032,,,,128059,128042,128049,8,1:7,128050,128057,8,1:7,128051,128058,8,1:7,,,0,,,,0,,,,0,,,,0,,1,10,7,9,1,,,,
asymmetric,4,1808,44,a,7,24,12288,8,128062,128062,128063,,,,128090,128073,128080,8,1:7,128081,128088,8,1:7,128082,128089,8,1:7,,,0,,,,0,,,,0,,,,0,,1,10,7,9,1,,,,
asymmetric,4,1809,44,bt,0,0,25024,16,128098,128098,128099,,,,128142,128109,128124,16,1:15,128125,128140,16,1:15,128126,128141,16,1:15,,,0,,,,0,,,,0,,,,0,,1,10,15,17,1,,,,
asymmetric,4,1810,44,bt,0,16,25152,16,128145,128145,128146,,,,128189,128156,128171,16,1:15,128172,128187,16,1:15,128173,128188,16,1:15,,,0,,,,0,,,,0,,,,0,,1,10,15,17,1,,,,
asymmetric,4,1811,44,bt,1,0,25280,16,128192,128192,128193,,,,128236,128203,128218,16,1:15,128219,128234,16,1:15,128220,128235,16,1:15,,,0,,,,0,,,,0,,,,0,,1,10,15,17,1,,,,
asymmetric,4,1812,44,bt,1,16,25408,16,128239,128239,128240,,,,128283,128250,128265,16,1:15,128266,128281,16,1:15,128267,128282,16,1:15,,,0,,,,0,,,,0,,,,0,,1,10,15,17,1,,,,
asymmetric,4,1813,44,bt,2,0,25536,16,128286,128286,128287,,,,128330,128297,128312,16,1:15,128313,128328,16,1:15,128314,128329,16,1:15,,,0,,,,0,,,,0,,,,0,,1,10,15,17,1,,,,
asymmetric,4,1814,44,bt,2,16,25664,16,128333,128333,128334,,,,128377,128344,128359,16,1:15,128360,128375,16,1:15,128361,128376,16,1:15,,,0,,,,0,,,,0,,,,0,,1,10,15,17,1,,,,
asymmetric,4,1815,44,bt,3,0,25792,16,128380,128380,128381,,,,128424,128391,128406,16,1:15,128407,128422,16,1:15,128408,128423,16,1:15,,,0,,,,0,,,,0,,,,0,,1,10,15,17,1,,,,
asymmetric,4,1816,44,bt,3,16,25920,16,128427,128427,128428,,,,128471,128438,128453,16,1:15,128454,128469,16,1:15,128455,128470,16,1:15,,,0,,,,0,,,,0,,,,0,,1,10,15,17,1,,,,
asymmetric,4,1817,44,bt,4,0,26048,16,128474,128474,128475,,,,128518,128485,128500,16,1:15,128501,128516,16,1:15,128502,128517,16,1:15,,,0,,,,0,,,,0,,,,0,,1,10,15,17,1,,,,
asymmetric,4,1818,44,bt,4,16,26176,16,128521,128521,128522,,,,128565,128532,128547,16,1:15,128548,128563,16,1:15,128549,128564,16,1:15,,,0,,,,0,,,,0,,,,0,,1,10,15,17,1,,,,
asymmetric,4,1819,44,bt,5,0,26304,16,128568,128568,128569,,,,128612,128579,128594,16,1:15,128595,128610,16,1:15,128596,128611,16,1:15,,,0,,,,0,,,,0,,,,0,,1,10,15,17,1,,,,
asymmetric,4,1820,44,bt,5,16,26432,16,128615,128615,128616,,,,128659,128626,128641,16,1:15,128642,128657,16,1:15,128643,128658,16,1:15,,,0,,,,0,,,,0,,,,0,,1,10,15,17,1,,,,
asymmetric,4,1821,44,bt,6,0,26560,16,128662,128662,128663,,,,128706,128673,128688,16,1:15,128689,128704,16,1:15,128690,128705,16,1:15,,,0,,,,0,,,,0,,,,0,,1,10,15,17,1,,,,
asymmetric,4,1822,44,bt,6,16,26688,16,128709,128709,128710,,,,128753,128720,128735,16,1:15,128736,128751,16,1:15,128737,128752,16,1:15,,,0,,,,0,,,,0,,,,0,,1,10,15,17,1,,,,
asymmetric,4,1823,44,bt,7,0,26816,16,128756,128756,128757,,,,128800,128767,128782,16,1:15,128783,128798,16,1:15,128784,128799,16,1:15,,,0,,,,0,,,,0,,,,0,,1,10,15,17,1,,,,
asymmetric,4,1824,44,bt,7,16,26944,16,128803,128803,128804,,,,128847,128814,128829,16,1:15,128830,128845,16,1:15,128831,128846,16,1:15,,,0,,,,0,,,,0,,,,0,,1,10,15,17,1,,,,
asymmetric,4,1825,44,c,0,0,43456,4,129937,129937,,129958,129957,129969,129970,,,0,,,,0,,,,0,,129939,129954,4,5:3,129941,129956,4,5:3,129942,129957,4,5:3,129958,129961,4,1:3,,,,,,20,4,8,1
asymmetric,4,1826,44,c,1,0,43712,4,129973,129973,,129994,129993,130005,130006,,,0,,,,0,,,,0,,129975,129990,4,5:3,129977,129992,4,5:3,129978,129993,4,5:3,129994,129997,4,1:3,,,,,,20,4,8,1
asymmetric,4,1827,44,c,2,0,43968,4,130009,130009,,130030,130029,130041,130042,,,0,,,,0,,,,0,,130011,130026,4,5:3,130013,130028,4,5:3,130014,130029,4,5:3,130030,130033,4,1:3,,,,,,20,4,8,1
asymmetric,4,1828,44,c,3,0,44224,4,130045,130045,,130066,130065,130077,130078,,,0,,,,0,,,,0,,130047,130062,4,5:3,130049,130064,4,5:3,130050,130065,4,5:3,130066,130069,4,1:3,,,,,,20,4,8,1
asymmetric,4,1829,44,c,4,0,44480,4,130081,130081,,130102,130101,130113,130114,,,0,,,,0,,,,0,,130083,130098,4,5:3,130085,130100,4,5:3,130086,130101,4,5:3,130102,130105,4,1:3,,,,,,20,4,8,1
asymmetric,4,1830,44,c,5,0,44736,4,130117,130117,,130138,130137,130149,130150,,,0,,,,0,,,,0,,130119,130134,4,5:3,130121,130136,4,5:3,130122,130137,4,5:3,130138,130141,4,1:3,,,,,,20,4,8,1
asymmetric,4,1831,44,c,6,0,44992,4,130153,130153,,130174,130173,130185,130186,,,0,,,,0,,,,0,,130155,130170,4,5:3,130157,130172,4,5:3,130158,130173,4,5:3,130174,130177,4,1:3,,,,,,20,4,8,1
asymmetric,4,1832,44,c,7,0,45248,4,130189,130189,,130210,130209,130221,130222,,,0,,,,0,,,,0,,130191,130206,4,5:3,130193,130208,4,5:3,130194,130209,4,5:3,130210,130213,4,1:3,,,,,,20,4,8,1
asymmetric,4,1833,45,a,0,0,10304,16,130231,130231,130232,,,,130275,130242,130257,16,1:15,130258,130273,16,1:15,130259,130274,16,1:15,,,0,,,,0,,,,0,,,,0,,1,10,15,17,1,,,,
asymmetric,4,1834,45,a,0,16,10432,16,130278,130278,130279,,,,130322,130289,130304,16,1:15,130305,130320,16,1:15,130306,130321,16,1:15,,,0,,,,0,,,,0,,,,0,,1,10,15,17,1,,,,
asymmetric,4,1835,45,a,1,0,10560,16,130325,130325,130326,,,,130369,130336,130351,16,1:15,130352,130367,16,1:15,130353,130368,16,1:15,,,0,,,,0,,,,0,,,,0,,1,10,15,17,1,,,,
asymmetric,4,1836,45,a,1,16,10688,16,130372,130372,130373,,,,130416,130383,130398,16,1:15,130399,130414,16,1:15,130400,130415,16,1:15,,,0,,,,0,,,,0,,,,0,,1,10,15,17,1,,,,
asymmetric,4,1837,45,a,2,0,10816,16,130419,130419,130420,,,,130463,130430,130445,16,1:15,130446,130461,16,1:15,130447,130462,16,1:15,,,0,,,,0,,,,0,,,,0,,1,10,15,17,1,,,,
asymmetric,4,1838,45,a,2,16,10944,16,130466,130466,130467,,,,130510,130477,130492,16,1:15,130493,130508,16,1:15,130494,130509,16,1:15,,,0,,,,0,,,,0,,,,0,,1,10,15,17,1,,,,
asymmetric,4,1839,45,a,3,0,11072,16,130513,130513,130514,,,,130557,130524,130539,16,1:15,130540,130555,16,1:15,130541,130556,16,1:15,,,0,,,,0,,,,0,,,,0,,1,10,15,17,1,,,,
asymmetric,4,1840,45,a,3,16,11200,16,130560,130560,130561,,,,130604,130571,130586,16,1:15,130587,130602,16,1:15,130588,130603,16,1:15,,,0,,,,0,,,,0,,,,0,,1,10,15,17,1,,,,
asymmetric,4,1841,45,a,4,0,11328,16,130607,130607,130608,,,,130651,130618,130633,16,1:15,130634,130649,16,1:15,130635,130650,16,1:15,,,0,,,,0,,,,0,,,,0,,1,10,15,17,1,,,,
asymmetric,4,1842,45,a,4,16,11456,16,130654,130654,130655,,,,130698,130665,130680,16,1:15,130681,130696,16,1:15,130682,130697,16,1:15,,,0,,,,0,,,,0,,,,0,,1,10,15,17,1,,,,
asymmetric,4,1843,45,a,5,0,11584,16,130701,130701,130702,,,,130745,130712,130727,16,1:15,130728,130743,16,1:15,130729,130744,16,1:15,,,0,,,,0,,,,0,,,,0,,1,10,15,17,1,,,,
asymmetric,4,1844,45,a,5,16,11712,16,130748,130748,130749,,,,130792,130759,130774,16,1:15,130775,130790,16,1:15,130776,130791,16,1:15,,,0,,,,0,,,,0,,,,0,,1,10,15,17,1,,,,
asymmetric,4,1845,45,a,6,0,11840,16,130795,130795,130796,,,,130839,130806,130821,16,1:15,130822,130837,16,1:15,130823,130838,16,1:15,,,0,,,,0,,,,0,,,,0,,1,10,15,17,1,,,,
asymmetric,4,1846,45,a,6,16,11968,16,130842,130842,130843,,,,130886,130853,130868,16,1:15,130869,130884,16,1:15,130870,130885,16,1:15,,,0,,,,0,,,,0,,,,0,,1,10,15,17,1,,,,
asymmetric,4,1847,45,a,7,0,12096,16,130889,130889,130890,,,,130933,130900,130915,16,1:15,130916,130931,16,1:15,130917,130932,16,1:15,,,0,,,,0,,,,0,,,,0,,1,10,15,17,1,,,,
asymmetric,4,1848,45,a,7,16,12224,8,130936,130936,130937,,,,130964,130947,130954,8,1:7,130955,130962,8,1:7,130956,130963,8,1:7,,,0,,,,0,,,,0,,,,0,,1,10,7,9,1,,,,
asymmetric,4,1849,45,a,7,24,12288,8,130967,130967,130968,,,,130995,130978,130985,8,1:7,130986,130993,8,1:7,130987,130994,8,1:7,,,0,,,,0,,,,0,,,,0,,1,10,7,9,1,,,,
asymmetric,4,1850,45,bt,0,0,27072,16,131003,131003,131004,,,,131047,131014,131029,16,1:15,131030,131045,16,1:15,131031,131046,16,1:15,,,0,,,,0,,,,0,,,,0,,1,10,15,17,1,,,,
asymmetric,4,1851,45,bt,0,16,27200,16,131050,131050,131051,,,,131094,131061,131076,16,1:15,131077,131092,16,1:15,131078,131093,16,1:15,,,0,,,,0,,,,0,,,,0,,1,10,15,17,1,,,,
asymmetric,4,1852,45,bt,1,0,27328,16,131097,131097,131098,,,,131141,131108,131123,16,1:15,131124,131139,16,1:15,131125,131140,16,1:15,,,0,,,,0,,,,0,,,,0,,1,10,15,17,1,,,,
asymmetric,4,1853,45,bt,1,16,27456,16,131144,131144,131145,,,,131188,131155,131170,16,1:15,131171,131186,16,1:15,131172,131187,16,1:15,,,0,,,,0,,,,0,,,,0,,1,10,15,17,1,,,,
asymmetric,4,1854,45,bt,2,0,27584,16,131191,131191,131192,,,,131235,131202,131217,16,1:15,131218,131233,16,1:15,131219,131234,16,1:15,,,0,,,,0,,,,0,,,,0,,1,10,15,17,1,,,,
asymmetric,4,1855,45,bt,2,16,27712,16,131238,131238,131239,,,,131282,131249,131264,16,1:15,131265,131280,16,1:15,131266,131281,16,1:15,,,0,,,,0,,,,0,,,,0,,1,10,15,17,1,,,,
asymmetric,4,1856,45,bt,3,0,27840,16,131285,131285,131286,,,,131329,131296,131311,16,1:15,131312,131327,16,1:15,131313,131328,16,1:15,,,0,,,,0,,,,0,,,,0,,1,10,15,17,1,,,,
asymmetric,4,1857,45,bt,3,16,27968,16,131332,131332,131333,,,,131376,131343,131358,16,1:15,131359,131374,16,1:15,131360,131375,16,1:15,,,0,,,,0,,,,0,,,,0,,1,10,15,17,1,,,,
asymmetric,4,1858,45,bt,4,0,28096,16,131379,131379,131380,,,,131423,131390,131405,16,1:15,131406,131421,16,1:15,131407,131422,16,1:15,,,0,,,,0,,,,0,,,,0,,1,10,15,17,1,,,,
asymmetric,4,1859,45,bt,4,16,28224,16,131426,131426,131427,,,,131470,131437,131452,16,1:15,131453,131468,16,1:15,131454,131469,16,1:15,,,0,,,,0,,,,0,,,,0,,1,10,15,17,1,,,,
asymmetric,4,1860,45,bt,5,0,28352,16,131473,131473,131474,,,,131517,131484,131499,16,1:15,131500,131515,16,1:15,131501,131516,16,1:15,,,0,,,,0,,,,0,,,,0,,1,10,15,17,1,,,,
asymmetric,4,1861,45,bt,5,16,28480,16,131520,131520,131521,,,,131564,131531,131546,16,1:15,131547,131562,16,1:15,131548,131563,16,1:15,,,0,,,,0,,,,0,,,,0,,1,10,15,17,1,,,,
asymmetric,4,1862,45,bt,6,0,28608,8,131567,131567,131568,,,,131595,131578,131585,8,1:7,131586,131593,8,1:7,131587,131594,8,1:7,,,0,,,,0,,,,0,,,,0,,1,10,7,9,1,,,,
asymmetric,4,1863,45,bt,6,8,28672,16,131598,131598,131599,,,,131642,131609,131624,16,1:15,131625,131640,16,1:15,131626,131641,16,1:15,,,0,,,,0,,,,0,,,,0,,1,10,15,17,1,,,,
asymmetric,4,1864,45,bt,6,24,28800,8,131645,131645,131646,,,,131673,131656,131663,8,1:7,131664,131671,8,1:7,131665,131672,8,1:7,,,0,,,,0,,,,0,,,,0,,1,10,7,9,1,,,,
asymmetric,4,1865,45,bt,7,0,28864,16,131676,131676,131677,,,,131720,131687,131702,16,1:15,131703,131718,16,1:15,131704,131719,16,1:15,,,0,,,,0,,,,0,,,,0,,1,10,15,17,1,,,,
asymmetric,4,1866,45,bt,7,16,28992,16,131723,131723,131724,,,,131767,131734,131749,16,1:15,131750,131765,16,1:15,131751,131766,16,1:15,,,0,,,,0,,,,0,,,,0,,1,10,15,17,1,,,,
asymmetric,4,1867,45,c,0,0,43488,4,132857,132857,,132878,132877,132889,132890,,,0,,,,0,,,,0,,132859,132874,4,5:3,132861,132876,4,5:3,132862,132877,4,5:3,132878,132881,4,1:3,,,,,,20,4,8,1
asymmetric,4,1868,45,c,1,0,43744,4,132893,132893,,132914,132913,132925,132926,,,0,,,,0,,,,0,,132895,132910,4,5:3,132897,132912,4,5:3,132898,132913,4,5:3,132914,132917,4,1:3,,,,,,20,4,8,1
asymmetric,4,1869,45,c,2,0,44000,4,132929,132929,,132950,132949,132961,132962,,,0,,,,0,,,,0,,132931,132946,4,5:3,132933,132948,4,5:3,132934,132949,4,5:3,132950,132953,4,1:3,,,,,,20,4,8,1
asymmetric,4,1870,45,c,3,0,44256,4,132965,132965,,132986,132985,132997,132998,,,0,,,,0,,,,0,,132967,132982,4,5:3,132969,132984,4,5:3,132970,132985,4,5:3,132986,132989,4,1:3,,,,,,20,4,8,1
asymmetric,4,1871,45,c,4,0,44512,4,133001,133001,,133022,133021,133033,133034,,,0,,,,0,,,,0,,133003,133018,4,5:3,133005,133020,4,5:3,133006,133021,4,5:3,133022,133025,4,1:3,,,,,,20,4,8,1
asymmetric,4,1872,45,c,5,0,44768,4,133037,133037,,133058,133057,133069,133070,,,0,,,,0,,,,0,,133039,133054,4,5:3,133041,133056,4,5:3,133042,133057,4,5:3,133058,133061,4,1:3,,,,,,20,4,8,1
asymmetric,4,1873,45,c,6,0,45024,4,133073,133073,,133094,133093,133105,133106,,,0,,,,0,,,,0,,133075,133090,4,5:3,133077,133092,4,5:3,133078,133093,4,5:3,133094,133097,4,1:3,,,,,,20,4,8,1
asymmetric,4,1874,45,c,7,0,45280,4,133109,133109,,133130,133129,133141,133142,,,0,,,,0,,,,0,,133111,133126,4,5:3,133113,133128,4,5:3,133114,133129,4,5:3,133130,133133,4,1:3,,,,,,20,4,8,1
asymmetric,4,1875,46,a,0,0,10304,16,133151,133151,133152,,,,133195,133162,133177,16,1:15,133178,133193,16,1:15,133179,133194,16,1:15,,,0,,,,0,,,,0,,,,0,,1,10,15,17,1,,,,
asymmetric,4,1876,46,a,0,16,10432,16,133198,133198,133199,,,,133242,133209,133224,16,1:15,133225,133240,16,1:15,133226,133241,16,1:15,,,0,,,,0,,,,0,,,,0,,1,10,15,17,1,,,,
asymmetric,4,1877,46,a,1,0,10560,16,133245,133245,133246,,,,133289,133256,133271,16,1:15,133272,133287,16,1:15,133273,133288,16,1:15,,,0,,,,0,,,,0,,,,0,,1,10,15,17,1,,,,
asymmetric,4,1878,46,a,1,16,10688,16,133292,133292,133293,,,,133336,133303,133318,16,1:15,133319,133334,16,1:15,133320,133335,16,1:15,,,0,,,,0,,,,0,,,,0,,1,10,15,17,1,,,,
asymmetric,4,1879,46,a,2,0,10816,16,133339,133339,133340,,,,133383,133350,133365,16,1:15,133366,133381,16,1:15,133367,133382,16,1:15,,,0,,,,0,,,,0,,,,0,,1,10,15,17,1,,,,
asymmetric,4,1880,46,a,2,16,10944,16,133386,133386,133387,,,,133430,133397,133412,16,1:15,133413,133428,16,1:15,133414,133429,16,1:15,,,0,,,,0,,,,0,,,,0,,1,10,15,17,1,,,,
asymmetric,4,1881,46,a,3,0,11072,16,133433,133433,133434,,,,133477,133444,133459,16,1:15,133460,133475,16,1:15,133461,133476,16,1:15,,,0,,,,0,,,,0,,,,0,,1,10,15,17,1,,,,
asymmetric,4,1882,46,a,3,16,11200,16,133480,133480,133481,,,,133524,133491,133506,16,1:15,133507,133522,16,1:15,133508,133523,16,1:15,,,0,,,,0,,,,0,,,,0,,1,10,15,17,1,,,,
asymmetric,4,1883,46,a,4,0,11328,16,133527,133527,133528,,,,133571,133538,133553,16,1:15,133554,133569,16,1:15,133555,133570,16,1:15,,,0,,,,0,,,,0,,,,0,,1,10,15,17,1,,,,
asymmetric,4,1884,46,a,4,16,11456,16,133574,133574,133575,,,,133618,133585,133600,16,1:15,133601,133616,16,1:15,133602,133617,16,1:15,,,0,,,,0,,,,0,,,,0,,1,10,15,17,1,,,,
asymmetric,4,1885,46,a,5,0,11584,16,133621,133621,133622,,,,133665,133632,133647,16,1:15,133648,133663,16,1:15,133649,133664,16,1:15,,,0,,,,0,,,,0,,,,0,,1,10,15,17,1,,,,
asymmetric,4,1886,46,a,5,16,11712,16,133668,133668,133669,,,,133712,133679,133694,16,1:15,133695,133710,16,1:15,133696,133711,16,1:15,,,0,,,,0,,,,0,,,,0,,1,10,15,17,1,,,,
asymmetric,4,1887,46,a,6,0,11840,16,133715,133715,133716,,,,133759,133726,133741,16,1:15,133742,133757,16,1:15,133743,133758,16,1:15,,,0,,,,0,,,,0,,,,0,,1,10,15,17,1,,,,
asymmetric,4,1888,46,a,6,16,11968,16,133762,133762,133763,,,,133806,133773,133788,16,1:15,133789,133804,16,1:15,133790,133805,16,1:15,,,0,,,,0,,,,0,,,,0,,1,10,15,17,1,,,,
asymmetric,4,1889,46,a,7,0,12096,16,133809,133809,133810,,,,133853,133820,133835,16,1:15,133836,133851,16,1:15,133837,133852,16,1:15,,,0,,,,0,,,,0,,,,0,,1,10,15,17,1,,,,
asymmetric,4,1890,46,a,7,16,12224,8,133856,133856,133857,,,,133884,133867,133874,8,1:7,133875,133882,8,1:7,133876,133883,8,1:7,,,0,,,,0,,,,0,,,,0,,1,10,7,9,1,,,,
asymmetric,4,1891,46,a,7,24,12288,8,133887,133887,133888,,,,133915,133898,133905,8,1:7,133906,133913,8,1:7,133907,133914,8,1:7,,,0,,,,0,,,,0,,,,0,,1,10,7,9,1,,,,
asymmetric,4,1892,46,bt,0,0,29120,16,133923,133923,133924,,,,133967,133934,133949,16,1:15,133950,133965,16,1:15,133951,133966,16,1:15,,,0,,,,0,,,,0,,,,0,,1,10,15,17,1,,,,
asymmetric,4,1893,46,bt,0,16,29248,16,133970,133970,133971,,,,134014,133981,133996,16,1:15,133997,134012,16,1:15,133998,134013,16,1:15,,,0,,,,0,,,,0,,,,0,,1,10,15,17,1,,,,
asymmetric,4,1894,46,bt,1,0,29376,16,134017,134017,134018,,,,134061,134028,134043,16,1:15,134044,134059,16,1:15,134045,134060,16,1:15,,,0,,,,0,,,,0,,,,0,,1,10,15,17,1,,,,
asymmetric,4,1895,46,bt,1,16,29504,16,134064,134064,134065,,,,134108,134075,134090,16,1:15,134091,134106,16,1:15,134092,134107,16,1:15,,,0,,,,0,,,,0,,,,0,,1,10,15,17,1,,,,
asymmetric,4,1896,46,bt,2,0,29632,16,134111,134111,134112,,,,134155,134122,134137,16,1:15,134138,134153,16,1:15,134139,134154,16,1:15,,,0,,,,0,,,,0,,,,0,,1,10,15,17,1,,,,
asymmetric,4,1897,46,bt,2,16,29760,16,134158,134158,134159,,,,134202,134169,134184,16,1:15,134185,134200,16,1:15,134186,134201,16,1:15,,,0,,,,0,,,,0,,,,0,,1,10,15,17,1,,,,
asymmetric,4,1898,46,bt,3,0,29888,16,134205,134205,134206,,,,134249,134216,134231,16,1:15,134232,134247,16,1:15,134233,134248,16,1:15,,,0,,,,0,,,,0,,,,0,,1,10,15,17,1,,,,
asymmetric,4,1899,46,bt,3,16,30016,16,134252,134252,134253,,,,134296,134263,134278,16,1:15,134279,134294,16,1:15,134280,134295,16,1:15,,,0,,,,0,,,,0,,,,0,,1,10,15,17,1,,,,
asymmetric,4,1900,46,bt,4,0,30144,16,134299,134299,134300,,,,134343,134310,134325,16,1:15,134326,134341,16,1:15,134327,134342,16,1:15,,,0,,,,0,,,,0,,,,0,,1,10,15,17,1,,,,
asymmetric,4,1901,46,bt,4,16,30272,16,134346,134346,134347,,,,134390,134357,134372,16,1:15,134373,134388,16,1:15,134374,134389,16,1:15,,,0,,,,0,,,,0,,,,0,,1,10,15,17,1,,,,
asymmetric,4,1902,46,bt,5,0,30400,16,134393,134393,134394,,,,134437,134404,134419,16,1:15,134420,134435,16,1:15,134421,134436,16,1:15,,,0,,,,0,,,,0,,,,0,,1,10,15,17,1,,,,
asymmetric,4,1903,46,bt,5,16,30528,16,134440,134440,134441,,,,134484,134451,134466,16,1:15,134467,134482,16,1:15,134468,134483,16,1:15,,,0,,,,0,,,,0,,,,0,,1,10,15,17,1,,,,
asymmetric,4,1904,46,bt,6,0,30656,16,134487,134487,134488,,,,134531,134498,134513,16,1:15,134514,134529,16,1:15,134515,134530,16,1:15,,,0,,,,0,,,,0,,,,0,,1,10,15,17,1,,,,
asymmetric,4,1905,46,bt,6,16,30784,16,134534,134534,134535,,,,134578,134545,134560,16,1:15,134561,134576,16,1:15,134562,134577,16,1:15,,,0,,,,0,,,,0,,,,0,,1,10,15,17,1,,,,
asymmetric,4,1906,46,bt,7,0,30912,16,134581,134581,134582,,,,134625,134592,134607,16,1:15,134608,134623,16,1:15,134609,134624,16,1:15,,,0,,,,0,,,,0,,,,0,,1,10,15,17,1,,,,
asymmetric,4,1907,46,bt,7,16,31040,16,134628,134628,134629,,,,134672,134639,134654,16,1:15,134655,134670,16,1:15,134656,134671,16,1:15,,,0,,,,0,,,,0,,,,0,,1,10,15,17,1,,,,
asymmetric,4,1908,46,c,0,0,43520,4,135762,135762,,135783,135782,135794,135795,,,0,,,,0,,,,0,,135764,135779,4,5:3,135766,135781,4,5:3,135767,135782,4,5:3,135783,135786,4,1:3,,,,,,20,4,8,1
asymmetric,4,1909,46,c,1,0,43776,4,135798,135798,,135819,135818,135830,135831,,,0,,,,0,,,,0,,135800,135815,4,5:3,135802,135817,4,5:3,135803,135818,4,5:3,135819,135822,4,1:3,,,,,,20,4,8,1
asymmetric,4,1910,46,c,2,0,44032,4,135834,135834,,135855,135854,135866,135867,,,0,,,,0,,,,0,,135836,135851,4,5:3,135838,135853,4,5:3,135839,135854,4,5:3,135855,135858,4,1:3,,,,,,20,4,8,1
asymmetric,4,1911,46,c,3,0,44288,4,135870,135870,,135891,135890,135902,135903,,,0,,,,0,,,,0,,135872,135887,4,5:3,135874,135889,4,5:3,135875,135890,4,5:3,135891,135894,4,1:3,,,,,,20,4,8,1
asymmetric,4,1912,46,c,4,0,44544,4,135906,135906,,135927,135926,135938,135939,,,0,,,,0,,,,0,,135908,135923,4,5:3,135910,135925,4,5:3,135911,135926,4,5:3,135927,135930,4,1:3,,,,,,20,4,8,1
asymmetric,4,1913,46,c,5,0,44800,4,135942,135942,,135963,135962,135974,135975,,,0,,,,0,,,,0,,135944,135959,4,5:3,135946,135961,4,5:3,135947,135962,4,5:3,135963,135966,4,1:3,,,,,,20,4,8,1
asymmetric,4,1914,46,c,6,0,45056,4,135978,135978,,135999,135998,136010,136011,,,0,,,,0,,,,0,,135980,135995,4,5:3,135982,135997,4,5:3,135983,135998,4,5:3,135999,136002,4,1:3,,,,,,20,4,8,1
asymmetric,4,1915,46,c,7,0,45312,4,136014,136014,,136035,136034,136046,136047,,,0,,,,0,,,,0,,136016,136031,4,5:3,136018,136033,4,5:3,136019,136034,4,5:3,136035,136038,4,1:3,,,,,,20,4,8,1
asymmetric,4,1916,47,a,0,0,10304,16,136056,136056,136057,,,,136100,136067,136082,16,1:15,136083,136098,16,1:15,136084,136099,16,1:15,,,0,,,,0,,,,0,,,,0,,1,10,15,17,1,,,,
asymmetric,4,1917,47,a,0,16,10432,16,136103,136103,136104,,,,136147,136114,136129,16,1:15,136130,136145,16,1:15,136131,136146,16,1:15,,,0,,,,0,,,,0,,,,0,,1,10,15,17,1,,,,
asymmetric,4,1918,47,a,1,0,10560,16,136150,136150,136151,,,,136194,136161,136176,16,1:15,136177,136192,16,1:15,136178,136193,16,1:15,,,0,,,,0,,,,0,,,,0,,1,10,15,17,1,,,,
asymmetric,4,1919,47,a,1,16,10688,16,136197,136197,136198,,,,136241,136208,136223,16,1:15,136224,136239,16,1:15,136225,136240,16,1:15,,,0,,,,0,,,,0,,,,0,,1,10,15,17,1,,,,
asymmetric,4,1920,47,a,2,0,10816,16,136244,136244,136245,,,,136288,136255,136270,16,1:15,136271,136286,16,1:15,136272,136287,16,1:15,,,0,,,,0,,,,0,,,,0,,1,10,15,17,1,,,,
asymmetric,4,1921,47,a,2,16,10944,16,136291,136291,136292,,,,136335,136302,136317,16,1:15,136318,136333,16,1:15,136319,136334,16,1:15,,,0,,,,0,,,,0,,,,0,,1,10,15,17,1,,,,
asymmetric,4,1922,47,a,3,0,11072,16,136338,136338,136339,,,,136382,136349,136364,16,1:15,136365,136380,16,1:15,136366,136381,16,1:15,,,0,,,,0,,,,0,,,,0,,1,10,15,17,1,,,,
asymmetric,4,1923,47,a,3,16,11200,16,136385,136385,136386,,,,136429,136396,136411,16,1:15,136412,136427,16,1:15,136413,136428,16,1:15,,,0,,,,0,,,,0,,,,0,,1,10,15,17,1,,,,
asymmetric,4,1924,47,a,4,0,11328,16,136432,136432,136433,,,,136476,136443,136458,16,1:15,136459,136474,16,1:15,136460,136475,16,1:15,,,0,,,,0,,,,0,,,,0,,1,10,15,17,1,,,,
asymmetric,4,1925,47,a,4,16,11456,16,136479,136479,136480,,,,136523,136490,136505,16,1:15,136506,136521,16,1:15,136507,136522,16,1:15,,,0,,,,0,,,,0,,,,0,,1,10,15,17,1,,,,
asymmetric,4,1926,47,a,5,0,11584,16,136526,136526,136527,,,,136570,136537,136552,16,1:15,136553,136568,16,1:15,136554,136569,16,1:15,,,0,,,,0,,,,0,,,,0,,1,10,15,17,1,,,,
asymmetric,4,1927,47,a,5,16,11712,16,136573,136573,136574,,,,136617,136584,136599,16,1:15,136600,136615,16,1:15,136601,136616,16,1:15,,,0,,,,0,,,,0,,,,0,,1,10,15,17,1,,,,
asymmetric,4,1928,47,a,6,0,11840,16,136620,136620,136621,,,,136664,136631,136646,16,1:15,136647,136662,16,1:15,136648,136663,16,1:15,,,0,,,,0,,,,0,,,,0,,1,10,15,17,1,,,,
asymmetric,4,1929,47,a,6,16,11968,16,136667,136667,136668,,,,136711,136678,136693,16,1:15,136694,136709,16,1:15,136695,136710,16,1:15,,,0,,,,0,,,,0,,,,0,,1,10,15,17,1,,,,
asymmetric,4,1930,47,a,7,0,12096,16,136714,136714,136715,,,,136758,136725,136740,16,1:15,136741,136756,16,1:15,136742,136757,16,1:15,,,0,,,,0,,,,0,,,,0,,1,10,15,17,1,,,,
asymmetric,4,1931,47,a,7,16,12224,8,136761,136761,136762,,,,136789,136772,136779,8,1:7,136780,136787,8,1:7,136781,136788,8,1:7,,,0,,,,0,,,,0,,,,0,,1,10,7,9,1,,,,
asymmetric,4,1932,47,a,7,24,12288,8,136792,136792,136793,,,,136820,136803,136810,8,1:7,136811,136818,8,1:7,136812,136819,8,1:7,,,0,,,,0,,,,0,,,,0,,1,10,7,9,1,,,,
asymmetric,4,1933,47,bt,0,0,31168,16,136828,136828,136829,,,,136872,136839,136854,16,1:15,136855,136870,16,1:15,136856,136871,16,1:15,,,0,,,,0,,,,0,,,,0,,1,10,15,17,1,,,,
asymmetric,4,1934,47,bt,0,16,31296,16,136875,136875,136876,,,,136919,136886,136901,16,1:15,136902,136917,16,1:15,136903,136918,16,1:15,,,0,,,,0,,,,0,,,,0,,1,10,15,17,1,,,,
asymmetric,4,1935,47,bt,1,0,31424,16,136922,136922,136923,,,,136966,136933,136948,16,1:15,136949,136964,16,1:15,136950,136965,16,1:15,,,0,,,,0,,,,0,,,,0,,1,10,15,17,1,,,,
asymmetric,4,1936,47,bt,1,16,31552,16,136969,136969,136970,,,,137013,136980,136995,16,1:15,136996,137011,16,1:15,136997,137012,16,1:15,,,0,,,,0,,,,0,,,,0,,1,10,15,17,1,,,,
asymmetric,4,1937,47,bt,2,0,31680,16,137016,137016,137017,,,,137060,137027,137042,16,1:15,137043,137058,16,1:15,137044,137059,16,1:15,,,0,,,,0,,,,0,,,,0,,1,10,15,17,1,,,,
asymmetric,4,1938,47,bt,2,16,31808,16,137063,137063,137064,,,,137107,137074,137089,16,1:15,137090,137105,16,1:15,137091,137106,16,1:15,,,0,,,,0,,,,0,,,,0,,1,10,15,17,1,,,,
asymmetric,4,1939,47,bt,3,0,31936,16,137110,137110,137111,,,,137154,137121,137136,16,1:15,137137,137152,16,1:15,137138,137153,16,1:15,,,0,,,,0,,,,0,,,,0,,1,10,15,17,1,,,,
asymmetric,4,1940,47,bt,3,16,32064,16,137157,137157,137158,,,,137201,137168,137183,16,1:15,137184,137199,16,1:15,137185,137200,16,1:15,,,0,,,,0,,,,0,,,,0,,1,10,15,17,1,,,,
asymmetric,4,1941,47,bt,4,0,32192,16,137204,137204,137205,,,,137248,137215,137230,16,1:15,137231,137246,16,1:15,137232,137247,16,1:15,,,0,,,,0,,,,0,,,,0,,1,10,15,17,1,,,,
asymmetric,4,1942,47,bt,4,16,32320,16,137251,137251,137252,,,,137295,137262,137277,16,1:15,137278,137293,16,1:15,137279,137294,16,1:15,,,0,,,,0,,,,0,,,,0,,1,10,15,17,1,,,,
asymmetric,4,1943,47,bt,5,0,32448,16,137298,137298,137299,,,,137342,137309,137324,16,1:15,137325,137340,16,1:15,137326,137341,16,1:15,,,0,,,,0,,,,0,,,,0,,1,10,15,17,1,,,,
asymmetric,4,1944,47,bt,5,16,32576,16,137345,137345,137346,,,,137389,137356,137371,16,1:15,137372,137387,16,1:15,137373,137388,16,1:15,,,0,,,,0,,,,0,,,,0,,1,10,15,17,1,,,,
asymmetric,4,1945,47,bt,6,0,32704,8,137392,137392,137393,,,,137420,137403,137410,8,1:7,137411,137418,8,1:7,137412,137419,8,1:7,,,0,,,,0,,,,0,,,,0,,1,10,7,9,1,,,,
asymmetric,4,1946,47,bt,6,8,32768,16,137423,137423,137424,,,,137467,137434,137449,16,1:15,137450,137465,16,1:15,137451,137466,16,1:15,,,0,,,,0,,,,0,,,,0,,1,10,15,17,1,,,,
asymmetric,4,1947,47,bt,6,24,32896,8,137470,137470,137471,,,,137498,137481,137488,8,1:7,137489,137496,8,1:7,137490,137497,8,1:7,,,0,,,,0,,,,0,,,,0,,1,10,7,9,1,,,,
asymmetric,4,1948,47,c,0,0,43552,4,138588,138588,,138609,138608,138620,138621,,,0,,,,0,,,,0,,138590,138605,4,5:3,138592,138607,4,5:3,138593,138608,4,5:3,138609,138612,4,1:3,,,,,,20,4,8,1
asymmetric,4,1949,47,c,1,0,43808,4,138624,138624,,138645,138644,138656,138657,,,0,,,,0,,,,0,,138626,138641,4,5:3,138628,138643,4,5:3,138629,138644,4,5:3,138645,138648,4,1:3,,,,,,20,4,8,1
asymmetric,4,1950,47,c,2,0,44064,4,138660,138660,,138681,138680,138692,138693,,,0,,,,0,,,,0,,138662,138677,4,5:3,138664,138679,4,5:3,138665,138680,4,5:3,138681,138684,4,1:3,,,,,,20,4,8,1
asymmetric,4,1951,47,c,3,0,44320,4,138696,138696,,138717,138716,138728,138729,,,0,,,,0,,,,0,,138698,138713,4,5:3,138700,138715,4,5:3,138701,138716,4,5:3,138717,138720,4,1:3,,,,,,20,4,8,1
asymmetric,4,1952,47,c,4,0,44576,4,138732,138732,,138753,138752,138764,138765,,,0,,,,0,,,,0,,138734,138749,4,5:3,138736,138751,4,5:3,138737,138752,4,5:3,138753,138756,4,1:3,,,,,,20,4,8,1
asymmetric,4,1953,47,c,5,0,44832,4,138768,138768,,138789,138788,138800,138801,,,0,,,,0,,,,0,,138770,138785,4,5:3,138772,138787,4,5:3,138773,138788,4,5:3,138789,138792,4,1:3,,,,,,20,4,8,1
asymmetric,4,1954,47,c,6,0,45088,4,138804,138804,,138825,138824,138836,138837,,,0,,,,0,,,,0,,138806,138821,4,5:3,138808,138823,4,5:3,138809,138824,4,5:3,138825,138828,4,1:3,,,,,,20,4,8,1
asymmetric,4,1955,47,c,7,0,45344,4,138840,138840,,138861,138860,138872,138873,,,0,,,,0,,,,0,,138842,138857,4,5:3,138844,138859,4,5:3,138845,138860,4,5:3,138861,138864,4,1:3,,,,,,20,4,8,1
asymmetric,4,1956,48,a,0,0,12352,16,138882,138882,138883,,,,138926,138893,138908,16,1:15,138909,138924,16,1:15,138910,138925,16,1:15,,,0,,,,0,,,,0,,,,0,,1,10,15,17,1,,,,
asymmetric,4,1957,48,a,0,16,12480,16,138929,138929,138930,,,,138973,138940,138955,16,1:15,138956,138971,16,1:15,138957,138972,16,1:15,,,0,,,,0,,,,0,,,,0,,1,10,15,17,1,,,,
asymmetric,4,1958,48,a,1,0,12608,16,138976,138976,138977,,,,139020,138987,139002,16,1:15,139003,139018,16,1:15,139004,139019,16,1:15,,,0,,,,0,,,,0,,,,0,,1,10,15,17,1,,,,
asymmetric,4,1959,48,a,1,16,12736,16,139023,139023,139024,,,,139067,139034,139049,16,1:15,139050,139065,16,1:15,139051,139066,16,1:15,,,0,,,,0,,,,0,,,,0,,1,10,15,17,1,,,,
asymmetric,4,1960,48,a,2,0,12864,16,139070,139070,139071,,,,139114,139081,139096,16,1:15,139097,139112,16,1:15,139098,139113,16,1:15,,,0,,,,0,,,,0,,,,0,,1,10,15,17,1,,,,
asymmetric,4,1961,48,a,2,16,12992,16,139117,139117,139118,,,,139161,139128,139143,16,1:15,139144,139159,16,1:15,139145,139160,16,1:15,,,0,,,,0,,,,0,,,,0,,1,10,15,17,1,,,,
asymmetric,4,1962,48,a,3,0,13120,16,139164,139164,139165,,,,139208,139175,139190,16,1:15,139191,139206,16,1:15,139192,139207,16,1:15,,,0,,,,0,,,,0,,,,0,,1,10,15,17,1,,,,
asymmetric,4,1963,48,a,3,16,13248,16,139211,139211,139212,,,,139255,139222,139237,16,1:15,139238,139253,16,1:15,139239,139254,16,1:15,,,0,,,,0,,,,0,,,,0,,1,10,15,17,1,,,,
asymmetric,4,1964,48,a,4,0,13376,16,139258,139258,139259,,,,139302,139269,139284,16,1:15,139285,139300,16,1:15,139286,139301,16,1:15,,,0,,,,0,,,,0,,,,0,,1,10,15,17,1,,,,
asymmetric,4,1965,48,a,4,16,13504,16,139305,139305,139306,,,,139349,139316,139331,16,1:15,139332,139347,16,1:15,139333,139348,16,1:15,,,0,,,,0,,,,0,,,,0,,1,10,15,17,1,,,,
asymmetric,4,1966,48,a,5,0,13632,16,139352,139352,139353,,,,139396,139363,139378,16,1:15,139379,139394,16,1:15,139380,139395,16,1:15,,,0,,,,0,,,,0,,,,0,,1,10,15,17,1,,,,
asymmetric,4,1967,48,a,5,16,13760,16,139399,139399,139400,,,,139443,139410,139425,16,1:15,139426,139441,16,1:15,139427,139442,16,1:15,,,0,,,,0,,,,0,,,,0,,1,10,15,17,1,,,,
asymmetric,4,1968,48,a,6,0,13888,16,139446,139446,139447,,,,139490,139457,139472,16,1:15,139473,139488,16,1:15,139474,139489,16,1:15,,,0,,,,0,,,,0,,,,0,,1,10,15,17,1,,,,
asymmetric,4,1969,48,a,6,16,14016,16,139493,139493,139494,,,,139537,139504,139519,16,1:15,139520,139535,16,1:15,139521,139536,16,1:15,,,0,,,,0,,,,0,,,,0,,1,10,15,17,1,,,,
asymmetric,4,1970,48,a,7,0,14144,16,139540,139540,139541,,,,139584,139551,139566,16,1:15,139567,139582,16,1:15,139568,139583,16,1:15,,,0,,,,0,,,,0,,,,0,,1,10,15,17,1,,,,
asymmetric,4,1971,48,a,7,16,14272,16,139587,139587,139588,,,,139631,139598,139613,16,1:15,139614,139629,16,1:15,139615,139630,16,1:15,,,0,,,,0,,,,0,,,,0,,1,10,15,17,1,,,,
asymmetric,4,1972,48,bt,0,0,16832,16,139639,139639,139640,,,,139683,139650,139665,16,1:15,139666,139681,16,1:15,139667,139682,16,1:15,,,0,,,,0,,,,0,,,,0,,1,10,15,17,1,,,,
asymmetric,4,1973,48,bt,0,16,16960,16,139686,139686,139687,,,,139730,139697,139712,16,1:15,139713,139728,16,1:15,139714,139729,16,1:15,,,0,,,,0,,,,0,,,,0,,1,10,15,17,1,,,,
asymmetric,4,1974,48,bt,1,0,17088,16,139733,139733,139734,,,,139777,139744,139759,16,1:15,139760,139775,16,1:15,139761,139776,16,1:15,,,0,,,,0,,,,0,,,,0,,1,10,15,17,1,,,,
asymmetric,4,1975,48,bt,1,16,17216,16,139780,139780,139781,,,,139824,139791,139806,16,1:15,139807,139822,16,1:15,139808,139823,16,1:15,,,0,,,,0,,,,0,,,,0,,1,10,15,17,1,,,,
asymmetric,4,1976,48,bt,2,0,17344,16,139827,139827,139828,,,,139871,139838,139853,16,1:15,139854,139869,16,1:15,139855,139870,16,1:15,,,0,,,,0,,,,0,,,,0,,1,10,15,17,1,,,,
asymmetric,4,1977,48,bt,2,16,17472,16,139874,139874,139875,,,,139918,139885,139900,16,1:15,139901,139916,16,1:15,139902,139917,16,1:15,,,0,,,,0,,,,0,,,,0,,1,10,15,17,1,,,,
asymmetric,4,1978,48,bt,3,0,17600,16,139921,139921,139922,,,,139965,139932,139947,16,1:15,139948,139963,16,1:15,139949,139964,16,1:15,,,0,,,,0,,,,0,,,,0,,1,10,15,17,1,,,,
asymmetric,4,1979,48,bt,3,16,17728,16,139968,139968,139969,,,,140012,139979,139994,16,1:15,139995,140010,16,1:15,139996,140011,16,1:15,,,0,,,,0,,,,0,,,,0,,1,10,15,17,1,,,,
asymmetric,4,1980,48,bt,4,0,17856,16,140015,140015,140016,,,,140059,140026,140041,16,1:15,140042,140057,16,1:15,140043,140058,16,1:15,,,0,,,,0,,,,0,,,,0,,1,10,15,17,1,,,,
asymmetric,4,1981,48,bt,4,16,17984,16,140062,140062,140063,,,,140106,140073,140088,16,1:15,140089,140104,16,1:15,140090,140105,16,1:15,,,0,,,,0,,,,0,,,,0,,1,10,15,17,1,,,,
asymmetric,4,1982,48,bt,5,0,18112,16,140109,140109,140110,,,,140153,140120,140135,16,1:15,140136,140151,16,1:15,140137,140152,16,1:15,,,0,,,,0,,,,0,,,,0,,1,10,15,17,1,,,,
asymmetric,4,1983,48,bt,5,16,18240,16,140156,140156,140157,,,,140200,140167,140182,16,1:15,140183,140198,16,1:15,140184,140199,16,1:15,,,0,,,,0,,,,0,,,,0,,1,10,15,17,1,,,,
asymmetric,4,1984,48,bt,6,0,18368,16,140203,140203,140204,,,,140247,140214,140229,16,1:15,140230,140245,16,1:15,140231,140246,16,1:15,,,0,,,,0,,,,0,,,,0,,1,10,15,17,1,,,,
asymmetric,4,1985,48,bt,6,16,18496,16,140250,140250,140251,,,,140294,140261,140276,16,1:15,140277,140292,16,1:15,140278,140293,16,1:15,,,0,,,,0,,,,0,,,,0,,1,10,15,17,1,,,,
asymmetric,4,1986,48,bt,7,0,18624,16,140297,140297,140298,,,,140341,140308,140323,16,1:15,140324,140339,16,1:15,140325,140340,16,1:15,,,0,,,,0,,,,0,,,,0,,1,10,15,17,1,,,,
asymmetric,4,1987,48,bt,7,16,18752,16,140344,140344,140345,,,,140388,140355,140370,16,1:15,140371,140386,16,1:15,140372,140387,16,1:15,,,0,,,,0,,,,0,,,,0,,1,10,15,17,1,,,,
asymmetric,4,1988,48,c,0,0,45376,4,141478,141478,,141499,141498,141510,141511,,,0,,,,0,,,,0,,141480,141495,4,5:3,141482,141497,4,5:3,141483,141498,4,5:3,141499,141502,4,1:3,,,,,,20,4,8,1
asymmetric,4,1989,48,c,1,0,45632,4,141514,141514,,141535,141534,141546,141547,,,0,,,,0,,,,0,,141516,141531,4,5:3,141518,141533,4,5:3,141519,141534,4,5:3,141535,141538,4,1:3,,,,,,20,4,8,1
asymmetric,4,1990,48,c,2,0,45888,4,141550,141550,,141571,141570,141582,141583,,,0,,,,0,,,,0,,141552,141567,4,5:3,141554,141569,4,5:3,141555,141570,4,5:3,141571,141574,4,1:3,,,,,,20,4,8,1
asymmetric,4,1991,48,c,3,0,46144,4,141586,141586,,141607,141606,141618,141619,,,0,,,,0,,,,0,,141588,141603,4,5:3,141590,141605,4,5:3,141591,141606,4,5:3,141607,141610,4,1:3,,,,,,20,4,8,1
asymmetric,4,1992,48,c,4,0,46400,4,141622,141622,,141643,141642,141654,141655,,,0,,,,0,,,,0,,141624,141639,4,5:3,141626,141641,4,5:3,141627,141642,4,5:3,141643,141646,4,1:3,,,,,,20,4,8,1
asymmetric,4,1993,48,c,5,0,46656,4,141658,141658,,141679,141678,141690,141691,,,0,,,,0,,,,0,,141660,141675,4,5:3,141662,141677,4,5:3,141663,141678,4,5:3,141679,141682,4,1:3,,,,,,20,4,8,1
asymmetric,4,1994,48,c,6,0,46912,4,141694,141694,,141715,141714,141726,141727,,,0,,,,0,,,,0,,141696,141711,4,5:3,141698,141713,4,5:3,141699,141714,4,5:3,141715,141718,4,1:3,,,,,,20,4,8,1
asymmetric,4,1995,48,c,7,0,47168,4,141730,141730,,141751,141750,141762,141763,,,0,,,,0,,,,0,,141732,141747,4,5:3,141734,141749,4,5:3,141735,141750,4,5:3,141751,141754,4,1:3,,,,,,20,4,8,1
asymmetric,4,1996,49,a,0,0,12352,16,141772,141772,141773,,,,141816,141783,141798,16,1:15,141799,141814,16,1:15,141800,141815,16,1:15,,,0,,,,0,,,,0,,,,0,,1,10,15,17,1,,,,
asymmetric,4,1997,49,a,0,16,12480,16,141819,141819,141820,,,,141863,141830,141845,16,1:15,141846,141861,16,1:15,141847,141862,16,1:15,,,0,,,,0,,,,0,,,,0,,1,10,15,17,1,,,,
asymmetric,4,1998,49,a,1,0,12608,16,141866,141866,141867,,,,141910,141877,141892,16,1:15,141893,141908,16,1:15,141894,141909,16,1:15,,,0,,,,0,,,,0,,,,0,,1,10,15,17,1,,,,
asymmetric,4,1999,49,a,1,16,12736,16,141913,141913,141914,,,,141957,141924,141939,16,1:15,141940,141955,16,1:15,141941,141956,16,1:15,,,0,,,,0,,,,0,,,,0,,1,10,15,17,1,,,,
asymmetric,4,2000,49,a,2,0,12864,16,141960,141960,141961,,,,142004,141971,141986,16,1:15,141987,142002,16,1:15,141988,142003,16,1:15,,,0,,,,0,,,,0,,,,0,,1,10,15,17,1,,,,
asymmetric,4,2001,49,a,2,16,12992,16,142007,142007,142008,,,,142051,142018,142033,16,1:15,142034,142049,16,1:15,142035,142050,16,1:15,,,0,,,,0,,,,0,,,,0,,1,10,15,17,1,,,,
asymmetric,4,2002,49,a,3,0,13120,16,142054,142054,142055,,,,142098,142065,142080,16,1:15,142081,142096,16,1:15,142082,142097,16,1:15,,,0,,,,0,,,,0,,,,0,,1,10,15,17,1,,,,
asymmetric,4,2003,49,a,3,16,13248,16,142101,142101,142102,,,,142145,142112,142127,16,1:15,142128,142143,16,1:15,142129,142144,16,1:15,,,0,,,,0,,,,0,,,,0,,1,10,15,17,1,,,,
asymmetric,4,2004,49,a,4,0,13376,16,142148,142148,142149,,,,142192,142159,142174,16,1:15,142175,142190,16,1:15,142176,142191,16,1:15,,,0,,,,0,,,,0,,,,0,,1,10,15,17,1,,,,
asymmetric,4,2005,49,a,4,16,13504,16,142195,142195,142196,,,,142239,142206,142221,16,1:15,142222,142237,16,1:15,142223,142238,16,1:15,,,0,,,,0,,,,0,,,,0,,1,10,15,17,1,,,,
asymmetric,4,2006,49,a,5,0,13632,16,142242,142242,142243,,,,142286,142253,142268,16,1:15,142269,142284,16,1:15,142270,142285,16,1:15,,,0,,,,0,,,,0,,,,0,,1,10,15,17,1,,,,
asymmetric,4,2007,49,a,5,16,13760,16,142289,142289,142290,,,,142333,142300,142315,16,1:15,142316,142331,16,1:15,142317,142332,16,1:15,,,0,,,,0,,,,0,,,,0,,1,10,15,17,1,,,,
asymmetric,4,2008,49,a,6,0,13888,16,142336,142336,142337,,,,142380,142347,142362,16,1:15,142363,142378,16,1:15,142364,142379,16,1:15,,,0,,,,0,,,,0,,,,0,,1,10,15,17,1,,,,
asymmetric,4,2009,49,a,6,16,14016,16,142383,142383,142384,,,,142427,142394,142409,16,1:15,142410,142425,16,1:15,142411,142426,16,1:15,,,0,,,,0,,,,0,,,,0,,1,10,15,17,1,,,,
asymmetric,4,2010,49,a,7,0,14144,16,142430,142430,142431,,,,142474,142441,142456,16,1:15,142457,142472,16,1:15,142458,142473,16,1:15,,,0,,,,0,,,,0,,,,0,,1,10,15,17,1,,,,
asymmetric,4,2011,49,a,7,16,14272,16,142477,142477,142478,,,,142521,142488,142503,16,1:15,142504,142519,16,1:15,142505,142520,16,1:15,,,0,,,,0,,,,0,,,,0,,1,10,15,17,1,,,,
asymmetric,4,2012,49,bt,0,0,18880,16,142529,142529,142530,,,,142573,142540,142555,16,1:15,142556,142571,16,1:15,142557,142572,16,1:15,,,0,,,,0,,,,0,,,,0,,1,10,15,17,1,,,,
asymmetric,4,2013,49,bt,0,16,19008,16,142576,142576,142577,,,,142620,142587,142602,16,1:15,142603,142618,16,1:15,142604,142619,16,1:15,,,0,,,,0,,,,0,,,,0,,1,10,15,17,1,,,,
asymmetric,4,2014,49,bt,1,0,19136,16,142623,142623,142624,,,,142667,142634,142649,16,1:15,142650,142665,16,1:15,142651,142666,16,1:15,,,0,,,,0,,,,0,,,,0,,1,10,15,17,1,,,,
asymmetric,4,2015,49,bt,1,16,19264,16,142670,142670,142671,,,,142714,142681,142696,16,1:15,142697,142712,16,1:15,142698,142713,16,1:15,,,0,,,,0,,,,0,,,,0,,1,10,15,17,1,,,,
asymmetric,4,2016,49,bt,2,0,19392,16,142717,142717,142718,,,,142761,142728,142743,16,1:15,142744,142759,16,1:15,142745,142760,16,1:15,,,0,,,,0,,,,0,,,,0,,1,10,15,17,1,,,,
asymmetric,4,2017,49,bt,2,16,19520,16,142764,142764,142765,,,,142808,142775,142790,16,1:15,142791,142806,16,1:15,142792,142807,16,1:15,,,0,,,,0,,,,0,,,,0,,1,10,15,17,1,,,,
asymmetric,4,2018,49,bt,3,0,19648,16,142811,142811,142812,,,,142855,142822,142837,16,1:15,142838,142853,16,1:15,142839,142854,16,1:15,,,0,,,,0,,,,0,,,,0,,1,10,15,17,1,,,,
asymmetric,4,2019,49,bt,3,16,19776,16,142858,142858,142859,,,,142902,142869,142884,16,1:15,142885,142900,16,1:15,142886,142901,16,1:15,,,0,,,,0,,,,0,,,,0,,1,10,15,17,1,,,,
asymmetric,4,2020,49,bt,4,0,19904,16,142905,142905,142906,,,,142949,142916,142931,16,1:15,142932,142947,16,1:15,142933,142948,16,1:15,,,0,,,,0,,,,0,,,,0,,1,10,15,17,1,,,,
asymmetric,4,2021,49,bt,4,16,20032,16,142952,142952,142953,,,,142996,142963,142978,16,1:15,142979,142994,16,1:15,142980,142995,16,1:15,,,0,,,,0,,,,0,,,,0,,1,10,15,17,1,,,,
asymmetric,4,2022,49,bt,5,0,20160,16,142999,142999,143000,,,,143043,143010,143025,16,1:15,143026,143041,16,1:15,143027,143042,16,1:15,,,0,,,,0,,,,0,,,,0,,1,10,15,17,1,,,,
asymmetric,4,2023,49,bt,5,16,20288,16,143046,143046,143047,,,,143090,143057,143072,16,1:15,143073,143088,16,1:15,143074,143089,16,1:15,,,0,,,,0,,,,0,,,,0,,1,10,15,17,1,,,,
asymmetric,4,2024,49,bt,6,0,20416,8,143093,143093,143094,,,,143121,143104,143111,8,1:7,143112,143119,8,1:7,143113,143120,8,1:7,,,0,,,,0,,,,0,,,,0,,1,10,7,9,1,,,,
asymmetric,4,2025,49,bt,6,8,20480,16,143124,143124,143125,,,,143168,143135,143150,16,1:15,143151,143166,16,1:15,143152,143167,16,1:15,,,0,,,,0,,,,0,,,,0,,1,10,15,17,1,,,,
asymmetric,4,2026,49,bt,6,24,20608,8,143171,143171,143172,,,,143199,143182,143189,8,1:7,143190,143197,8,1:7,143191,143198,8,1:7,,,0,,,,0,,,,0,,,,0,,1,10,7,9,1,,,,
asymmetric,4,2027,49,bt,7,0,20672,16,143202,143202,143203,,,,143246,143213,143228,16,1:15,143229,143244,16,1:15,143230,143245,16,1:15,,,0,,,,0,,,,0,,,,0,,1,10,15,17,1,,,,
asymmetric,4,2028,49,bt,7,16,20800,16,143249,143249,143250,,,,143293,143260,143275,16,1:15,143276,143291,16,1:15,143277,143292,16,1:15,,,0,,,,0,,,,0,,,,0,,1,10,15,17,1,,,,
asymmetric,4,2029,49,c,0,0,45408,4,144383,144383,,144404,144403,144415,144416,,,0,,,,0,,,,0,,144385,144400,4,5:3,144387,144402,4,5:3,144388,144403,4,5:3,144404,144407,4,1:3,,,,,,20,4,8,1
asymmetric,4,2030,49,c,1,0,45664,4,144419,144419,,144440,144439,144451,144452,,,0,,,,0,,,,0,,144421,144436,4,5:3,144423,144438,4,5:3,144424,144439,4,5:3,144440,144443,4,1:3,,,,,,20,4,8,1
asymmetric,4,2031,49,c,2,0,45920,4,144455,144455,,144476,144475,144487,144488,,,0,,,,0,,,,0,,144457,144472,4,5:3,144459,144474,4,5:3,144460,144475,4,5:3,144476,144479,4,1:3,,,,,,20,4,8,1
asymmetric,4,2032,49,c,3,0,46176,4,144491,144491,,144512,144511,144523,144524,,,0,,,,0,,,,0,,144493,144508,4,5:3,144495,144510,4,5:3,144496,144511,4,5:3,144512,144515,4,1:3,,,,,,20,4,8,1
asymmetric,4,2033,49,c,4,0,46432,4,144527,144527,,144548,144547,144559,144560,,,0,,,,0,,,,0,,144529,144544,4,5:3,144531,144546,4,5:3,144532,144547,4,5:3,144548,144551,4,1:3,,,,,,20,4,8,1
asymmetric,4,2034,49,c,5,0,46688,4,144563,144563,,144584,144583,144595,144596,,,0,,,,0,,,,0,,144565,144580,4,5:3,144567,144582,4,5:3,144568,144583,4,5:3,144584,144587,4,1:3,,,,,,20,4,8,1
asymmetric,4,2035,49,c,6,0,46944,4,144599,144599,,144620,144619,144631,144632,,,0,,,,0,,,,0,,144601,144616,4,5:3,144603,144618,4,5:3,144604,144619,4,5:3,144620,144623,4,1:3,,,,,,20,4,8,1
asymmetric,4,2036,49,c,7,0,47200,4,144635,144635,,144656,144655,144667,144668,,,0,,,,0,,,,0,,144637,144652,4,5:3,144639,144654,4,5:3,144640,144655,4,5:3,144656,144659,4,1:3,,,,,,20,4,8,1
asymmetric,4,2037,50,a,0,0,12352,16,144677,144677,144678,,,,144721,144688,144703,16,1:15,144704,144719,16,1:15,144705,144720,16,1:15,,,0,,,,0,,,,0,,,,0,,1,10,15,17,1,,,,
asymmetric,4,2038,50,a,0,16,12480,16,144724,144724,144725,,,,144768,144735,144750,16,1:15,144751,144766,16,1:15,144752,144767,16,1:15,,,0,,,,0,,,,0,,,,0,,1,10,15,17,1,,,,
asymmetric,4,2039,50,a,1,0,12608,16,144771,144771,144772,,,,144815,144782,144797,16,1:15,144798,144813,16,1:15,144799,144814,16,1:15,,,0,,,,0,,,,0,,,,0,,1,10,15,17,1,,,,
asymmetric,4,2040,50,a,1,16,12736,16,144818,144818,144819,,,,144862,144829,144844,16,1:15,144845,144860,16,1:15,144846,144861,16,1:15,,,0,,,,0,,,,0,,,,0,,1,10,15,17,1,,,,
asymmetric,4,2041,50,a,2,0,12864,16,144865,144865,144866,,,,144909,144876,144891,16,1:15,144892,144907,16,1:15,144893,144908,16,1:15,,,0,,,,0,,,,0,,,,0,,1,10,15,17,1,,,,
asymmetric,4,2042,50,a,2,16,12992,16,144912,144912,144913,,,,144956,144923,144938,16,1:15,144939,144954,16,1:15,144940,144955,16,1:15,,,0,,,,0,,,,0,,,,0,,1,10,15,17,1,,,,
asymmetric,4,2043,50,a,3,0,13120,16,144959,144959,144960,,,,145003,144970,144985,16,1:15,144986,145001,16,1:15,144987,145002,16,1:15,,,0,,,,0,,,,0,,,,0,,1,10,15,17,1,,,,
asymmetric,4,2044,50,a,3,16,13248,16,145006,145006,145007,,,,145050,145017,145032,16,1:15,145033,145048,16,1:15,145034,145049,16,1:15,,,0,,,,0,,,,0,,,,0,,1,10,15,17,1,,,,
asymmetric,4,2045,50,a,4,0,13376,16,145053,145053,145054,,,,145097,145064,145079,16,1:15,145080,145095,16,1:15,145081,145096,16,1:15,,,0,,,,0,,,,0,,,,0,,1,10,15,17,1,,,,
asymmetric,4,2046,50,a,4,16,13504,16,145100,145100,145101,,,,145144,145111,145126,16,1:15,145127,145142,16,1:15,145128,145143,16,1:15,,,0,,,,0,,,,0,,,,0,,1,10,15,17,1,,,,
asymmetric,4,2047,50,a,5,0,13632,16,145147,145147,145148,,,,145191,145158,145173,16,1:15,145174,145189,16,1:15,145175,145190,16,1:15,,,0,,,,0,,,,0,,,,0,,1,10,15,17,1,,,,
asymmetric,4,2048,50,a,5,16,13760,16,145194,145194,145195,,,,145238,145205,145220,16,1:15,145221,145236,16,1:15,145222,145237,16,1:15,,,0,,,,0,,,,0,,,,0,,1,10,15,17,1,,,,
asymmetric,4,2049,50,a,6,0,13888,16,145241,145241,145242,,,,145285,145252,145267,16,1:15,145268,145283,16,1:15,145269,145284,16,1:15,,,0,,,,0,,,,0,,,,0,,1,10,15,17,1,,,,
asymmetric,4,2050,50,a,6,16,14016,16,145288,145288,145289,,,,145332,145299,145314,16,1:15,145315,145330,16,1:15,145316,145331,16,1:15,,,0,,,,0,,,,0,,,,0,,1,10,15,17,1,,,,
asymmetric,4,2051,50,a,7,0,14144,16,145335,145335,145336,,,,145379,145346,145361,16,1:15,145362,145377,16,1:15,145363,145378,16,1:15,,,0,,,,0,,,,0,,,,0,,1,10,15,17,1,,,,
asymmetric,4,2052,50,a,7,16,14272,16,145382,145382,145383,,,,145426,145393,145408,16,1:15,145409,145424,16,1:15,145410,145425,16,1:15,,,0,,,,0,,,,0,,,,0,,1,10,15,17,1,,,,
asymmetric,4,2053,50,bt,0,0,20928,16,145434,145434,145435,,,,145478,145445,145460,16,1:15,145461,145476,16,1:15,145462,145477,16,1:15,,,0,,,,0,,,,0,,,,0,,1,10,15,17,1,,,,
asymmetric,4,2054,50,bt,0,16,21056,16,145481,145481,145482,,,,145525,145492,145507,16,1:15,145508,145523,16,1:15,145509,145524,16,1:15,,,0,,,,0,,,,0,,,,0,,1,10,15,17,1,,,,
asymmetric,4,2055,50,bt,1,0,21184,16,145528,145528,145529,,,,145572,145539,145554,16,1:15,145555,145570,16,1:15,145556,145571,16,1:15,,,0,,,,0,,,,0,,,,0,,1,10,15,17,1,,,,
asymmetric,4,2056,50,bt,1,16,21312,16,145575,145575,145576,,,,145619,145586,145601,16,1:15,145602,145617,16,1:15,145603,145618,16,1:15,,,0,,,,0,,,,0,,,,0,,1,10,15,17,1,,,,
asymmetric,4,2057,50,bt,2,0,21440,16,145622,145622,145623,,,,145666,145633,145648,16,1:15,145649,145664,16,1:15,145650,145665,16,1:15,,,0,,,,0,,,,0,,,,0,,1,10,15,17,1,,,,
asymmetric,4,2058,50,bt,2,16,21568,16,145669,145669,145670,,,,145713,145680,145695,16,1:15,145696,145711,16,1:15,145697,145712,16,1:15,,,0,,,,0,,,,0,,,,0,,1,10,15,17,1,,,,
asymmetric,4,2059,50,bt,3,0,21696,16,145716,145716,145717,,,,145760,145727,145742,16,1:15,145743,145758,16,1:15,145744,145759,16,1:15,,,0,,,,0,,,,0,,,,0,,1,10,15,17,1,,,,
asymmetric,4,2060,50,bt,3,16,21824,16,145763,145763,145764,,,,145807,145774,145789,16,1:15,145790,145805,16,1:15,145791,145806,16,1:15,,,0,,,,0,,,,0,,,,0,,1,10,15,17,1,,,,
asymmetric,4,2061,50,bt,4,0,21952,16,145810,145810,145811,,,,145854,145821,145836,16,1:15,145837,145852,16,1:15,145838,145853,16,1:15,,,0,,,,0,,,,0,,,,0,,1,10,15,17,1,,,,
asymmetric,4,2062,50,bt,4,16,22080,16,145857,145857,145858,,,,145901,145868,145883,16,1:15,145884,145899,16,1:15,145885,145900,16,1:15,,,0,,,,0,,,,0,,,,0,,1,10,15,17,1,,,,
asymmetric,4,2063,50,bt,5,0,22208,16,145904,145904,145905,,,,145948,145915,145930,16,1:15,145931,145946,16,1:15,145932,145947,16,1:15,,,0,,,,0,,,,0,,,,0,,1,10,15,17,1,,,,
asymmetric,4,2064,50,bt,5,16,22336,16,145951,145951,145952,,,,145995,145962,145977,16,1:15,145978,145993,16,1:15,145979,145994,16,1:15,,,0,,,,0,,,,0,,,,0,,1,10,15,17,1,,,,
asymmetric,4,2065,50,bt,6,0,22464,16,145998,145998,145999,,,,146042,146009,146024,16,1:15,146025,146040,16,1:15,146026,146041,16,1:15,,,0,,,,0,,,,0,,,,0,,1,10,15,17,1,,,,
asymmetric,4,2066,50,bt,6,16,22592,16,146045,146045,146046,,,,146089,146056,146071,16,1:15,146072,146087,16,1:15,146073,146088,16,1:15,,,0,,,,0,,,,0,,,,0,,1,10,15,17,1,,,,
asymmetric,4,2067,50,bt,7,0,22720,16,146092,146092,146093,,,,146136,146103,146118,16,1:15,146119,146134,16,1:15,146120,146135,16,1:15,,,0,,,,0,,,,0,,,,0,,1,10,15,17,1,,,,
asymmetric,4,2068,50,bt,7,16,22848,16,146139,146139,146140,,,,146183,146150,146165,16,1:15,146166,146181,16,1:15,146167,146182,16,1:15,,,0,,,,0,,,,0,,,,0,,1,10,15,17,1,,,,
asymmetric,4,2069,50,c,0,0,45440,4,147273,147273,,147294,147293,147305,147306,,,0,,,,0,,,,0,,147275,147290,4,5:3,147277,147292,4,5:3,147278,147293,4,5:3,147294,147297,4,1:3,,,,,,20,4,8,1
asymmetric,4,2070,50,c,1,0,45696,4,147309,147309,,147330,147329,147341,147342,,,0,,,,0,,,,0,,147311,147326,4,5:3,147313,147328,4,5:3,147314,147329,4,5:3,147330,147333,4,1:3,,,,,,20,4,8,1
asymmetric,4,2071,50,c,2,0,45952,4,147345,147345,,147366,147365,147377,147378,,,0,,,,0,,,,0,,147347,147362,4,5:3,147349,147364,4,5:3,147350,147365,4,5:3,147366,147369,4,1:3,,,,,,20,4,8,1
asymmetric,4,2072,50,c,3,0,46208,4,147381,147381,,147402,147401,147413,147414,,,0,,,,0,,,,0,,147383,147398,4,5:3,147385,147400,4,5:3,147386,147401,4,5:3,147402,147405,4,1:3,,,,,,20,4,8,1
asymmetric,4,2073,50,c,4,0,46464,4,147417,147417,,147438,147437,147449,147450,,,0,,,,0,,,,0,,147419,147434,4,5:3,147421,147436,4,5:3,147422,147437,4,5:3,147438,147441,4,1:3,,,,,,20,4,8,1
asymmetric,4,2074,50,c,5,0,46720,4,147453,147453,,147474,147473,147485,147486,,,0,,,,0,,,,0,,147455,147470,4,5:3,147457,147472,4,5:3,147458,147473,4,5:3,147474,147477,4,1:3,,,,,,20,4,8,1
asymmetric,4,2075,50,c,6,0,46976,4,147489,147489,,147510,147509,147521,147522,,,0,,,,0,,,,0,,147491,147506,4,5:3,147493,147508,4,5:3,147494,147509,4,5:3,147510,147513,4,1:3,,,,,,20,4,8,1
asymmetric,4,2076,50,c,7,0,47232,4,147525,147525,,147546,147545,147557,147558,,,0,,,,0,,,,0,,147527,147542,4,5:3,147529,147544,4,5:3,147530,147545,4,5:3,147546,147549,4,1:3,,,,,,20,4,8,1
asymmetric,4,2077,51,a,0,0,12352,16,147567,147567,147568,,,,147611,147578,147593,16,1:15,147594,147609,16,1:15,147595,147610,16,1:15,,,0,,,,0,,,,0,,,,0,,1,10,15,17,1,,,,
asymmetric,4,2078,51,a,0,16,12480,16,147614,147614,147615,,,,147658,147625,147640,16,1:15,147641,147656,16,1:15,147642,147657,16,1:15,,,0,,,,0,,,,0,,,,0,,1,10,15,17,1,,,,
asymmetric,4,2079,51,a,1,0,12608,16,147661,147661,147662,,,,147705,147672,147687,16,1:15,147688,147703,16,1:15,147689,147704,16,1:15,,,0,,,,0,,,,0,,,,0,,1,10,15,17,1,,,,
asymmetric,4,2080,51,a,1,16,12736,16,147708,147708,147709,,,,147752,147719,147734,16,1:15,147735,147750,16,1:15,147736,147751,16,1:15,,,0,,,,0,,,,0,,,,0,,1,10,15,17,1,,,,
asymmetric,4,2081,51,a,2,0,12864,16,147755,147755,147756,,,,147799,147766,147781,16,1:15,147782,147797,16,1:15,147783,147798,16,1:15,,,0,,,,0,,,,0,,,,0,,1,10,15,17,1,,,,
asymmetric,4,2082,51,a,2,16,12992,16,147802,147802,147803,,,,147846,147813,147828,16,1:15,147829,147844,16,1:15,147830,147845,16,1:15,,,0,,,,0,,,,0,,,,0,,1,10,15,17,1,,,,
asymmetric,4,2083,51,a,3,0,13120,16,147849,147849,147850,,,,147893,147860,147875,16,1:15,147876,147891,16,1:15,147877,147892,16,1:15,,,0,,,,0,,,,0,,,,0,,1,10,15,17,1,,,,
asymmetric,4,2084,51,a,3,16,13248,16,147896,147896,147897,,,,147940,147907,147922,16,1:15,147923,147938,16,1:15,147924,147939,16,1:15,,,0,,,,0,,,,0,,,,0,,1,10,15,17,1,,,,
asymmetric,4,2085,51,a,4,0,13376,16,147943,147943,147944,,,,147987,147954,147969,16,1:15,147970,147985,16,1:15,147971,147986,16,1:15,,,0,,,,0,,,,0,,,,0,,1,10,15,17,1,,,,
asymmetric,4,2086,51,a,4,16,13504,16,147990,147990,147991,,,,148034,148001,148016,16,1:15,148017,148032,16,1:15,148018,148033,16,1:15,,,0,,,,0,,,,0,,,,0,,1,10,15,17,1,,,,
asymmetric,4,2087,51,a,5,0,13632,16,148037,148037,148038,,,,148081,148048,148063,16,1:15,148064,148079,16,1:15,148065,148080,16,1:15,,,0,,,,0,,,,0,,,,0,,1,10,15,17,1,,,,
asymmetric,4,2088,51,a,5,16,13760,16,148084,148084,148085,,,,148128,148095,148110,16,1:15,148111,148126,16,1:15,148112,148127,16,1:15,,,0,,,,0,,,,0,,,,0,,1,10,15,17,1,,,,
asymmetric,4,2089,51,a,6,0,13888,16,148131,148131,148132,,,,148175,148142,148157,16,1:15,148158,148173,16,1:15,148159,148174,16,1:15,,,0,,,,0,,,,0,,,,0,,1,10,15,17,1,,,,
asymmetric,4,2090,51,a,6,16,14016,16,148178,148178,148179,,,,148222,148189,148204,16,1:15,148205,148220,16,1:15,148206,148221,16,1:15,,,0,,,,0,,,,0,,,,0,,1,10,15,17,1,,,,
asymmetric,4,2091,51,a,7,0,14144,16,148225,148225,148226,,,,148269,148236,148251,16,1:15,148252,148267,16,1:15,148253,148268,16,1:15,,,0,,,,0,,,,0,,,,0,,1,10,15,17,1,,,,
asymmetric,4,2092,51,a,7,16,14272,16,148272,148272,148273,,,,148316,148283,148298,16,1:15,148299,148314,16,1:15,148300,148315,16,1:15,,,0,,,,0,,,,0,,,,0,,1,10,15,17,1,,,,
asymmetric,4,2093,51,bt,0,0,22976,16,148324,148324,148325,,,,148368,148335,148350,16,1:15,148351,148366,16,1:15,148352,148367,16,1:15,,,0,,,,0,,,,0,,,,0,,1,10,15,17,1,,,,
asymmetric,4,2094,51,bt,0,16,23104,16,148371,148371,148372,,,,148415,148382,148397,16,1:15,148398,148413,16,1:15,148399,148414,16,1:15,,,0,,,,0,,,,0,,,,0,,1,10,15,17,1,,,,
asymmetric,4,2095,51,bt,1,0,23232,16,148418,148418,148419,,,,148462,148429,148444,16,1:15,148445,148460,16,1:15,148446,148461,16,1:15,,,0,,,,0,,,,0,,,,0,,1,10,15,17,1,,,,
asymmetric,4,2096,51,bt,1,16,23360,16,148465,148465,148466,,,,148509,148476,148491,16,1:15,148492,148507,16,1:15,148493,148508,16,1:15,,,0,,,,0,,,,0,,,,0,,1,10,15,17,1,,,,
asymmetric,4,2097,51,bt,2,0,23488,16,148512,148512,148513,,,,148556,148523,148538,16,1:15,148539,148554,16,1:15,148540,148555,16,1:15,,,0,,,,0,,,,0,,,,0,,1,10,15,17,1,,,,
asymmetric,4,2098,51,bt,2,16,23616,16,148559,148559,148560,,,,148603,148570,148585,16,1:15,148586,148601,16,1:15,148587,148602,16,1:15,,,0,,,,0,,,,0,,,,0,,1,10,15,17,1,,,,
asymmetric,4,2099,51,bt,3,0,23744,16,148606,148606,148607,,,,148650,148617,148632,16,1:15,148633,148648,16,1:15,148634,148649,16,1:15,,,0,,,,0,,,,0,,,,0,,1,10,15,17,1,,,,
asymmetric,4,2100,51,bt,3,16,23872,16,148653,148653,148654,,,,148697,148664,148679,16,1:15,148680,148695,16,1:15,148681,148696,16,1:15,,,0,,,,0,,,,0,,,,0,,1,10,15,17,1,,,,
asymmetric,4,2101,51,bt,4,0,24000,16,148700,148700,148701,,,,148744,148711,148726,16,1:15,148727,148742,16,1:15,148728,148743,16,1:15,,,0,,,,0,,,,0,,,,0,,1,10,15,17,1,,,,
asymmetric,4,2102,51,bt,4,16,24128,16,148747,148747,148748,,,,148791,148758,148773,16,1:15,148774,148789,16,1:15,148775,148790,16,1:15,,,0,,,,0,,,,0,,,,0,,1,10,15,17,1,,,,
asymmetric,4,2103,51,bt,5,0,24256,16,148794,148794,148795,,,,148838,148805,148820,16,1:15,148821,148836,16,1:15,148822,148837,16,1:15,,,0,,,,0,,,,0,,,,0,,1,10,15,17,1,,,,
asymmetric,4,2104,51,bt,5,16,24384,16,148841,148841,148842,,,,148885,148852,148867,16,1:15,148868,148883,16,1:15,148869,148884,16,1:15,,,0,,,,0,,,,0,,,,0,,1,10,15,17,1,,,,
asymmetric,4,2105,51,bt,6,0,24512,8,148888,148888,148889,,,,148916,148899,148906,8,1:7,148907,148914,8,1:7,148908,148915,8,1:7,,,0,,,,0,,,,0,,,,0,,1,10,7,9,1,,,,
asymmetric,4,2106,51,bt,6,8,24576,16,148919,148919,148920,,,,148963,148930,148945,16,1:15,148946,148961,16,1:15,148947,148962,16,1:15,,,0,,,,0,,,,0,,,,0,,1,10,15,17,1,,,,
asymmetric,4,2107,51,bt,6,24,24704,8,148966,148966,148967,,,,148994,148977,148984,8,1:7,148985,148992,8,1:7,148986,148993,8,1:7,,,0,,,,0,,,,0,,,,0,,1,10,7,9,1,,,,
asymmetric,4,2108,51,bt,7,0,24768,16,148997,148997,148998,,,,149041,149008,149023,16,1:15,149024,149039,16,1:15,149025,149040,16,1:15,,,0,,,,0,,,,0,,,,0,,1,10,15,17,1,,,,
asymmetric,4,2109,51,bt,7,16,24896,16,149044,149044,149045,,,,149088,149055,149070,16,1:15,149071,149086,16,1:15,149072,149087,16,1:15,,,0,,,,0,,,,0,,,,0,,1,10,15,17,1,,,,
asymmetric,4,2110,51,c,0,0,45472,4,150178,150178,,150199,150198,150210,150211,,,0,,,,0,,,,0,,150180,150195,4,5:3,150182,150197,4,5:3,150183,150198,4,5:3,150199,150202,4,1:3,,,,,,20,4,8,1
asymmetric,4,2111,51,c,1,0,45728,4,150214,150214,,150235,150234,150246,150247,,,0,,,,0,,,,0,,150216,150231,4,5:3,150218,150233,4,5:3,150219,150234,4,5:3,150235,150238,4,1:3,,,,,,20,4,8,1
asymmetric,4,2112,51,c,2,0,45984,4,150250,150250,,150271,150270,150282,150283,,,0,,,,0,,,,0,,150252,150267,4,5:3,150254,150269,4,5:3,150255,150270,4,5:3,150271,150274,4,1:3,,,,,,20,4,8,1
asymmetric,4,2113,51,c,3,0,46240,4,150286,150286,,150307,150306,150318,150319,,,0,,,,0,,,,0,,150288,150303,4,5:3,150290,150305,4,5:3,150291,150306,4,5:3,150307,150310,4,1:3,,,,,,20,4,8,1
asymmetric,4,2114,51,c,4,0,46496,4,150322,150322,,150343,150342,150354,150355,,,0,,,,0,,,,0,,150324,150339,4,5:3,150326,150341,4,5:3,150327,150342,4,5:3,150343,150346,4,1:3,,,,,,20,4,8,1
asymmetric,4,2115,51,c,5,0,46752,4,150358,150358,,150379,150378,150390,150391,,,0,,,,0,,,,0,,150360,150375,4,5:3,150362,150377,4,5:3,150363,150378,4,5:3,150379,150382,4,1:3,,,,,,20,4,8,1
asymmetric,4,2116,51,c,6,0,47008,4,150394,150394,,150415,150414,150426,150427,,,0,,,,0,,,,0,,150396,150411,4,5:3,150398,150413,4,5:3,150399,150414,4,5:3,150415,150418,4,1:3,,,,,,20,4,8,1
asymmetric,4,2117,51,c,7,0,47264,4,150430,150430,,150451,150450,150462,150463,,,0,,,,0,,,,0,,150432,150447,4,5:3,150434,150449,4,5:3,150435,150450,4,5:3,150451,150454,4,1:3,,,,,,20,4,8,1
asymmetric,4,2118,52,a,0,0,12352,16,150472,150472,150473,,,,150516,150483,150498,16,1:15,150499,150514,16,1:15,150500,150515,16,1:15,,,0,,,,0,,,,0,,,,0,,1,10,15,17,1,,,,
asymmetric,4,2119,52,a,0,16,12480,16,150519,150519,150520,,,,150563,150530,150545,16,1:15,150546,150561,16,1:15,150547,150562,16,1:15,,,0,,,,0,,,,0,,,,0,,1,10,15,17,1,,,,
asymmetric,4,2120,52,a,1,0,12608,16,150566,150566,150567,,,,150610,150577,150592,16,1:15,150593,150608,16,1:15,150594,150609,16,1:15,,,0,,,,0,,,,0,,,,0,,1,10,15,17,1,,,,
asymmetric,4,2121,52,a,1,16,12736,16,150613,150613,150614,,,,150657,150624,150639,16,1:15,150640,150655,16,1:15,150641,150656,16,1:15,,,0,,,,0,,,,0,,,,0,,1,10,15,17,1,,,,
asymmetric,4,2122,52,a,2,0,12864,16,150660,150660,150661,,,,150704,150671,150686,16,1:15,150687,150702,16,1:15,150688,150703,16,1:15,,,0,,,,0,,,,0,,,,0,,1,10,15,17,1,,,,
asymmetric,4,2123,52,a,2,16,12992,16,150707,150707,150708,,,,150751,150718,150733,16,1:15,150734,150749,16,1:15,150735,150750,16,1:15,,,0,,,,0,,,,0,,,,0,,1,10,15,17,1,,,,
asymmetric,4,2124,52,a,3,0,13120,16,150754,150754,150755,,,,150798,150765,150780,16,1:15,150781,150796,16,1:15,150782,150797,16,1:15,,,0,,,,0,,,,0,,,,0,,1,10,15,17,1,,,,
asymmetric,4,2125,52,a,3,16,13248,16,150801,150801,150802,,,,150845,150812,150827,16,1:15,150828,150843,16,1:15,150829,150844,16,1:15,,,0,,,,0,,,,0,,,,0,,1,10,15,17,1,,,,
asymmetric,4,2126,52,a,4,0,13376,16,150848,150848,150849,,,,150892,150859,150874,16,1:15,150875,150890,16,1:15,150876,150891,16,1:15,,,0,,,,0,,,,0,,,,0,,1,10,15,17,1,,,,
asymmetric,4,2127,52,a,4,16,13504,16,150895,150895,150896,,,,150939,150906,150921,16,1:15,150922,150937,16,1:15,150923,150938,16,1:15,,,0,,,,0,,,,0,,,,0,,1,10,15,17,1,,,,
asymmetric,4,2128,52,a,5,0,13632,16,150942,150942,150943,,,,150986,150953,150968,16,1:15,150969,150984,16,1:15,150970,150985,16,1:15,,,0,,,,0,,,,0,,,,0,,1,10,15,17,1,,,,
asymmetric,4,2129,52,a,5,16,13760,16,150989,150989,150990,,,,151033,151000,151015,16,1:15,151016,151031,16,1:15,151017,151032,16,1:15,,,0,,,,0,,,,0,,,,0,,1,10,15,17,1,,,,
asymmetric,4,2130,52,a,6,0,13888,16,151036,151036,151037,,,,151080,151047,151062,16,1:15,151063,151078,16,1:15,151064,151079,16,1:15,,,0,,,,0,,,,0,,,,0,,1,10,15,17,1,,,,
asymmetric,4,2131,52,a,6,16,14016,16,151083,151083,151084,,,,151127,151094,151109,16,1:15,151110,151125,16,1:15,151111,151126,16,1:15,,,0,,,,0,,,,0,,,,0,,1,10,15,17,1,,,,
asymmetric,4,2132,52,a,7,0,14144,16,151130,151130,151131,,,,151174,151141,151156,16,1:15,151157,151172,16,1:15,151158,151173,16,1:15,,,0,,,,0,,,,0,,,,0,,1,10,15,17,1,,,,
asymmetric,4,2133,52,a,7,16,14272,16,151177,151177,151178,,,,151221,151188,151203,16,1:15,151204,151219,16,1:15,151205,151220,16,1:15,,,0,,,,0,,,,0,,,,0,,1,10,15,17,1,,,,
asymmetric,4,2134,52,bt,0,0,25024,16,151229,151229,151230,,,,151273,151240,151255,16,1:15,151256,151271,16,1:15,151257,151272,16,1:15,,,0,,,,0,,,,0,,,,0,,1,10,15,17,1,,,,
asymmetric,4,2135,52,bt,0,16,25152,16,151276,151276,151277,,,,151320,151287,151302,16,1:15,151303,151318,16,1:15,151304,151319,16,1:15,,,0,,,,0,,,,0,,,,0,,1,10,15,17,1,,,,
asymmetric,4,2136,52,bt,1,0,25280,16,151323,151323,151324,,,,151367,151334,151349,16,1:15,151350,151365,16,1:15,151351,151366,16,1:15,,,0,,,,0,,,,0,,,,0,,1,10,15,17,1,,,,
asymmetric,4,2137,52,bt,1,16,25408,16,151370,151370,151371,,,,151414,151381,151396,16,1:15,151397,151412,16,1:15,151398,151413,16,1:15,,,0,,,,0,,,,0,,,,0,,1,10,15,17,1,,,,
asymmetric,4,2138,52,bt,2,0,25536,16,151417,151417,151418,,,,151461,151428,151443,16,1:15,151444,151459,16,1:15,151445,151460,16,1:15,,,0,,,,0,,,,0,,,,0,,1,10,15,17,1,,,,
asymmetric,4,2139,52,bt,2,16,25664,16,151464,151464,151465,,,,151508,151475,151490,16,1:15,151491,151506,16,1:15,151492,151507,16,1:15,,,0,,,,0,,,,0,,,,0,,1,10,15,17,1,,,,
asymmetric,4,2140,52,bt,3,0,25792,16,151511,151511,151512,,,,151555,151522,151537,16,1:15,151538,151553,16,1:15,151539,151554,16,1:15,,,0,,,,0,,,,0,,,,0,,1,10,15,17,1,,,,
asymmetric,4,2141,52,bt,3,16,25920,16,151558,151558,151559,,,,151602,151569,151584,16,1:15,151585,151600,16,1:15,151586,151601,16,1:15,,,0,,,,0,,,,0,,,,0,,1,10,15,17,1,,,,
asymmetric,4,2142,52,bt,4,0,26048,16,151605,151605,151606,,,,151649,151616,151631,16,1:15,151632,151647,16,1:15,151633,151648,16,1:15,,,0,,,,0,,,,0,,,,0,,1,10,15,17,1,,,,
asymmetric,4,2143,52,bt,4,16,26176,16,151652,151652,151653,,,,151696,151663,151678,16,1:15,151679,151694,16,1:15,151680,151695,16,1:15,,,0,,,,0,,,,0,,,,0,,1,10,15,17,1,,,,
asymmetric,4,2144,52,bt,5,0,26304,16,151699,151699,151700,,,,151743,151710,151725,16,1:15,151726,151741,16,1:15,151727,151742,16,1:15,,,0,,,,0,,,,0,,,,0,,1,10,15,17,1,,,,
asymmetric,4,2145,52,bt,5,16,26432,16,151746,151746,151747,,,,151790,151757,151772,16,1:15,151773,151788,16,1:15,151774,151789,16,1:15,,,0,,,,0,,,,0,,,,0,,1,10,15,17,1,,,,
asymmetric,4,2146,52,bt,6,0,26560,16,151793,151793,151794,,,,151837,151804,151819,16,1:15,151820,151835,16,1:15,151821,151836,16,1:15,,,0,,,,0,,,,0,,,,0,,1,10,15,17,1,,,,
asymmetric,4,2147,52,bt,6,16,26688,16,151840,151840,151841,,,,151884,151851,151866,16,1:15,151867,151882,16,1:15,151868,151883,16,1:15,,,0,,,,0,,,,0,,,,0,,1,10,15,17,1,,,,
asymmetric,4,2148,52,bt,7,0,26816,16,151887,151887,151888,,,,151931,151898,151913,16,1:15,151914,151929,16,1:15,151915,151930,16,1:15,,,0,,,,0,,,,0,,,,0,,1,10,15,17,1,,,,
asymmetric,4,2149,52,bt,7,16,26944,16,151934,151934,151935,,,,151978,151945,151960,16,1:15,151961,151976,16,1:15,151962,151977,16,1:15,,,0,,,,0,,,,0,,,,0,,1,10,15,17,1,,,,
asymmetric,4,2150,52,c,0,0,45504,4,153068,153068,,153089,153088,153100,153101,,,0,,,,0,,,,0,,153070,153085,4,5:3,153072,153087,4,5:3,153073,153088,4,5:3,153089,153092,4,1:3,,,,,,20,4,8,1
asymmetric,4,2151,52,c,1,0,45760,4,153104,153104,,153125,153124,153136,153137,,,0,,,,0,,,,0,,153106,153121,4,5:3,153108,153123,4,5:3,153109,153124,4,5:3,153125,153128,4,1:3,,,,,,20,4,8,1
asymmetric,4,2152,52,c,2,0,46016,4,153140,153140,,153161,153160,153172,153173,,,0,,,,0,,,,0,,153142,153157,4,5:3,153144,153159,4,5:3,153145,153160,4,5:3,153161,153164,4,1:3,,,,,,20,4,8,1
asymmetric,4,2153,52,c,3,0,46272,4,153176,153176,,153197,153196,153208,153209,,,0,,,,0,,,,0,,153178,153193,4,5:3,153180,153195,4,5:3,153181,153196,4,5:3,153197,153200,4,1:3,,,,,,20,4,8,1
asymmetric,4,2154,52,c,4,0,46528,4,153212,153212,,153233,153232,153244,153245,,,0,,,,0,,,,0,,153214,153229,4,5:3,153216,153231,4,5:3,153217,153232,4,5:3,153233,153236,4,1:3,,,,,,20,4,8,1
asymmetric,4,2155,52,c,5,0,46784,4,153248,153248,,153269,153268,153280,153281,,,0,,,,0,,,,0,,153250,153265,4,5:3,153252,153267,4,5:3,153253,153268,4,5:3,153269,153272,4,1:3,,,,,,20,4,8,1
asymmetric,4,2156,52,c,6,0,47040,4,153284,153284,,153305,153304,153316,153317,,,0,,,,0,,,,0,,153286,153301,4,5:3,153288,153303,4,5:3,153289,153304,4,5:3,153305,153308,4,1:3,,,,,,20,4,8,1
asymmetric,4,2157,52,c,7,0,47296,4,153320,153320,,153341,153340,153352,153353,,,0,,,,0,,,,0,,153322,153337,4,5:3,153324,153339,4,5:3,153325,153340,4,5:3,153341,153344,4,1:3,,,,,,20,4,8,1
asymmetric,4,2158,53,a,0,0,12352,16,153362,153362,153363,,,,153406,153373,153388,16,1:15,153389,153404,16,1:15,153390,153405,16,1:15,,,0,,,,0,,,,0,,,,0,,1,10,15,17,1,,,,
asymmetric,4,2159,53,a,0,16,12480,16,153409,153409,153410,,,,153453,153420,153435,16,1:15,153436,153451,16,1:15,153437,153452,16,1:15,,,0,,,,0,,,,0,,,,0,,1,10,15,17,1,,,,
asymmetric,4,2160,53,a,1,0,12608,16,153456,153456,153457,,,,153500,153467,153482,16,1:15,153483,153498,16,1:15,153484,153499,16,1:15,,,0,,,,0,,,,0,,,,0,,1,10,15,17,1,,,,
asymmetric,4,2161,53,a,1,16,12736,16,153503,153503,153504,,,,153547,153514,153529,16,1:15,153530,153545,16,1:15,153531,153546,16,1:15,,,0,,,,0,,,,0,,,,0,,1,10,15,17,1,,,,
asymmetric,4,2162,53,a,2,0,12864,16,153550,153550,153551,,,,153594,153561,153576,16,1:15,153577,153592,16,1:15,153578,153593,16,1:15,,,0,,,,0,,,,0,,,,0,,1,10,15,17,1,,,,
asymmetric,4,2163,53,a,2,16,12992,16,153597,153597,153598,,,,153641,153608,153623,16,1:15,153624,153639,16,1:15,153625,153640,16,1:15,,,0,,,,0,,,,0,,,,0,,1,10,15,17,1,,,,
asymmetric,4,2164,53,a,3,0,13120,16,153644,153644,153645,,,,153688,153655,153670,16,1:15,153671,153686,16,1:15,153672,153687,16,1:15,,,0,,,,0,,,,0,,,,0,,1,10,15,17,1,,,,
asymmetric,4,2165,53,a,3,16,13248,16,153691,153691,153692,,,,153735,153702,153717,16,1:15,153718,153733,16,1:15,153719,153734,16,1:15,,,0,,,,0,,,,0,,,,0,,1,10,15,17,1,,,,
asymmetric,4,2166,53,a,4,0,13376,16,153738,153738,153739,,,,153782,153749,153764,16,1:15,153765,153780,16,1:15,153766,153781,16,1:15,,,0,,,,0,,,,0,,,,0,,1,10,15,17,1,,,,
asymmetric,4,2167,53,a,4,16,13504,16,153785,153785,153786,,,,153829,153796,153811,16,1:15,153812,153827,16,1:15,153813,153828,16,1:15,,,0,,,,0,,,,0,,,,0,,1,10,15,17,1,,,,
asymmetric,4,2168,53,a,5,0,13632,16,153832,153832,153833,,,,153876,153843,153858,16,1:15,153859,153874,16,1:15,153860,153875,16,1:15,,,0,,,,0,,,,0,,,,0,,1,10,15,17,1,,,,
asymmetric,4,2169,53,a,5,16,13760,16,153879,153879,153880,,,,153923,153890,153905,16,1:15,153906,153921,16,1:15,153907,153922,16,1:15,,,0,,,,0,,,,0,,,,0,,1,10,15,17,1,,,,
asymmetric,4,2170,53,a,6,0,13888,16,153926,153926,153927,,,,153970,153937,153952,16,1:15,153953,153968,16,1:15,153954,153969,16,1:15,,,0,,,,0,,,,0,,,,0,,1,10,15,17,1,,,,
asymmetric,4,2171,53,a,6,16,14016,16,153973,153973,153974,,,,154017,153984,153999,16,1:15,154000,154015,16,1:15,154001,154016,16,1:15,,,0,,,,0,,,,0,,,,0,,1,10,15,17,1,,,,
asymmetric,4,2172,53,a,7,0,14144,16,154020,154020,154021,,,,154064,154031,154046,16,1:15,154047,154062,16,1:15,154048,154063,16,1:15,,,0,,,,0,,,,0,,,,0,,1,10,15,17,1,,,,
asymmetric,4,2173,53,a,7,16,14272,16,154067,154067,154068,,,,154111,154078,154093,16,1:15,154094,154109,16,1:15,154095,154110,16,1:15,,,0,,,,0,,,,0,,,,0,,1,10,15,17,1,,,,
asymmetric,4,2174,53,bt,0,0,27072,16,154119,154119,154120,,,,154163,154130,154145,16,1:15,154146,154161,16,1:15,154147,154162,16,1:15,,,0,,,,0,,,,0,,,,0,,1,10,15,17,1,,,,
asymmetric,4,2175,53,bt,0,16,27200,16,154166,154166,154167,,,,154210,154177,154192,16,1:15,154193,154208,16,1:15,154194,154209,16,1:15,,,0,,,,0,,,,0,,,,0,,1,10,15,17,1,,,,
asymmetric,4,2176,53,bt,1,0,27328,16,154213,154213,154214,,,,154257,154224,154239,16,1:15,154240,154255,16,1:15,154241,154256,16,1:15,,,0,,,,0,,,,0,,,,0,,1,10,15,17,1,,,,
asymmetric,4,2177,53,bt,1,16,27456,16,154260,154260,154261,,,,154304,154271,154286,16,1:15,154287,154302,16,1:15,154288,154303,16,1:15,,,0,,,,0,,,,0,,,,0,,1,10,15,17,1,,,,
asymmetric,4,2178,53,bt,2,0,27584,16,154307,154307,154308,,,,154351,154318,154333,16,1:15,154334,154349,16,1:15,154335,154350,16,1:15,,,0,,,,0,,,,0,,,,0,,1,10,15,17,1,,,,
asymmetric,4,2179,53,bt,2,16,27712,16,154354,154354,154355,,,,154398,154365,154380,16,1:15,154381,154396,16,1:15,154382,154397,16,1:15,,,0,,,,0,,,,0,,,,0,,1,10,15,17,1,,,,
asymmetric,4,2180,53,bt,3,0,27840,16,154401,154401,154402,,,,154445,154412,154427,16,1:15,154428,154443,16,1:15,154429,154444,16,1:15,,,0,,,,0,,,,0,,,,0,,1,10,15,17,1,,,,
asymmetric,4,2181,53,bt,3,16,27968,16,154448,154448,154449,,,,154492,154459,154474,16,1:15,154475,154490,16,1:15,154476,154491,16,1:15,,,0,,,,0,,,,0,,,,0,,1,10,15,17,1,,,,
asymmetric,4,2182,53,bt,4,0,28096,16,154495,154495,154496,,,,154539,154506,154521,16,1:15,154522,154537,16,1:15,154523,154538,16,1:15,,,0,,,,0,,,,0,,,,0,,1,10,15,17,1,,,,
asymmetric,4,2183,53,bt,4,16,28224,16,154542,154542,154543,,,,154586,154553,154568,16,1:15,154569,154584,16,1:15,154570,154585,16,1:15,,,0,,,,0,,,,0,,,,0,,1,10,15,17,1,,,,
asymmetric,4,2184,53,bt,5,0,28352,16,154589,154589,154590,,,,154633,154600,154615,16,1:15,154616,154631,16,1:15,154617,154632,16,1:15,,,0,,,,0,,,,0,,,,0,,1,10,15,17,1,,,,
asymmetric,4,2185,53,bt,5,16,28480,16,154636,154636,154637,,,,154680,154647,154662,16,1:15,154663,154678,16,1:15,154664,154679,16,1:15,,,0,,,,0,,,,0,,,,0,,1,10,15,17,1,,,,
asymmetric,4,2186,53,bt,6,0,28608,8,154683,154683,154684,,,,154711,154694,154701,8,1:7,154702,154709,8,1:7,154703,154710,8,1:7,,,0,,,,0,,,,0,,,,0,,1,10,7,9,1,,,,
asymmetric,4,2187,53,bt,6,8,28672,16,154714,154714,154715,,,,154758,154725,154740,16,1:15,154741,154756,16,1:15,154742,154757,16,1:15,,,0,,,,0,,,,0,,,,0,,1,10,15,17,1,,,,
asymmetric,4,2188,53,bt,6,24,28800,8,154761,154761,154762,,,,154789,154772,154779,8,1:7,154780,154787,8,1:7,154781,154788,8,1:7,,,0,,,,0,,,,0,,,,0,,1,10,7,9,1,,,,
asymmetric,4,2189,53,bt,7,0,28864,16,154792,154792,154793,,,,154836,154803,154818,16,1:15,154819,154834,16,1:15,154820,154835,16,1:15,,,0,,,,0,,,,0,,,,0,,1,10,15,17,1,,,,
asymmetric,4,2190,53,bt,7,16,28992,16,154839,154839,154840,,,,154883,154850,154865,16,1:15,154866,154881,16,1:15,154867,154882,16,1:15,,,0,,,,0,,,,0,,,,0,,1,10,15,17,1,,,,
asymmetric,4,2191,53,c,0,0,45536,4,155973,155973,,155994,155993,156005,156006,,,0,,,,0,,,,0,,155975,155990,4,5:3,155977,155992,4,5:3,155978,155993,4,5:3,155994,155997,4,1:3,,,,,,20,4,8,1
asymmetric,4,2192,53,c,1,0,45792,4,156009,156009,,156030,156029,156041,156042,,,0,,,,0,,,,0,,156011,156026,4,5:3,156013,156028,4,5:3,156014,156029,4,5:3,156030,156033,4,1:3,,,,,,20,4,8,1
asymmetric,4,2193,53,c,2,0,46048,4,156045,156045,,156066,156065,156077,156078,,,0,,,,0,,,,0,,156047,156062,4,5:3,156049,156064,4,5:3,156050,156065,4,5:3,156066,156069,4,1:3,,,,,,20,4,8,1
asymmetric,4,2194,53,c,3,0,46304,4,156081,156081,,156102,156101,156113,156114,,,0,,,,0,,,,0,,156083,156098,4,5:3,156085,156100,4,5:3,156086,156101,4,5:3,156102,156105,4,1:3,,,,,,20,4,8,1
asymmetric,4,2195,53,c,4,0,46560,4,156117,156117,,156138,156137,156149,156150,,,0,,,,0,,,,0,,156119,156134,4,5:3,156121,156136,4,5:3,156122,156137,4,5:3,156138,156141,4,1:3,,,,,,20,4,8,1
asymmetric,4,2196,53,c,5,0,46816,4,156153,156153,,156174,156173,156185,156186,,,0,,,,0,,,,0,,156155,156170,4,5:3,156157,156172,4,5:3,156158,156173,4,5:3,156174,156177,4,1:3,,,,,,20,4,8,1
asymmetric,4,2197,53,c,6,0,47072,4,156189,156189,,156210,156209,156221,156222,,,0,,,,0,,,,0,,156191,156206,4,5:3,156193,156208,4,5:3,156194,156209,4,5:3,156210,156213,4,1:3,,,,,,20,4,8,1
asymmetric,4,2198,53,c,7,0,47328,4,156225,156225,,156246,156245,156257,156258,,,0,,,,0,,,,0,,156227,156242,4,5:3,156229,156244,4,5:3,156230,156245,4,5:3,156246,156249,4,1:3,,,,,,20,4,8,1
asymmetric,4,2199,54,a,0,0,12352,16,156267,156267,156268,,,,156311,156278,156293,16,1:15,156294,156309,16,1:15,156295,156310,16,1:15,,,0,,,,0,,,,0,,,,0,,1,10,15,17,1,,,,
asymmetric,4,2200,54,a,0,16,12480,16,156314,156314,156315,,,,156358,156325,156340,16,1:15,156341,156356,16,1:15,156342,156357,16,1:15,,,0,,,,0,,,,0,,,,0,,1,10,15,17,1,,,,
asymmetric,4,2201,54,a,1,0,12608,16,156361,156361,156362,,,,156405,156372,156387,16,1:15,156388,156403,16,1:15,156389,156404,16,1:15,,,0,,,,0,,,,0,,,,0,,1,10,15,17,1,,,,
asymmetric,4,2202,54,a,1,16,12736,16,156408,156408,156409,,,,156452,156419,156434,16,1:15,156435,156450,16,1:15,156436,156451,16,1:15,,,0,,,,0,,,,0,,,,0,,1,10,15,17,1,,,,
asymmetric,4,2203,54,a,2,0,12864,16,156455,156455,156456,,,,156499,156466,156481,16,1:15,156482,156497,16,1:15,156483,156498,16,1:15,,,0,,,,0,,,,0,,,,0,,1,10,15,17,1,,,,
asymmetric,4,2204,54,a,2,16,12992,16,156502,156502,156503,,,,156546,156513,156528,16,1:15,156529,156544,16,1:15,156530,156545,16,1:15,,,0,,,,0,,,,0,,,,0,,1,10,15,17,1,,,,
asymmetric,4,2205,54,a,3,0,13120,16,156549,156549,156550,,,,156593,156560,156575,16,1:15,156576,156591,16,1:15,156577,156592,16,1:15,,,0,,,,0,,,,0,,,,0,,1,10,15,17,1,,,,
asymmetric,4,2206,54,a,3,16,13248,16,156596,156596,156597,,,,156640,156607,156622,16,1:15,156623,156638,16,1:15,156624,156639,16,1:15,,,0,,,,0,,,,0,,,,0,,1,10,15,17,1,,,,
asymmetric,4,2207,54,a,4,0,13376,16,156643,156643,156644,,,,156687,156654,156669,16,1:15,156670,156685,16,1:15,156671,156686,16,1:15,,,0,,,,0,,,,0,,,,0,,1,10,15,17,1,,,,
asymmetric,4,2208,54,a,4,16,13504,16,156690,156690,156691,,,,156734,156701,156716,16,1:15,156717,156732,16,1:15,156718,156733,16,1:15,,,0,,,,0,,,,0,,,,0,,1,10,15,17,1,,,,
asymmetric,4,2209,54,a,5,0,13632,16,156737,156737,156738,,,,156781,156748,156763,16,1:15,156764,156779,16,1:15,156765,156780,16,1:15,,,0,,,,0,,,,0,,,,0,,1,10,15,17,1,,,,
asymmetric,4,2210,54,a,5,16,13760,16,156784,156784,156785,,,,156828,156795,156810,16,1:15,156811,156826,16,1:15,156812,156827,16,1:15,,,0,,,,0,,,,0,,,,0,,1,10,15,17,1,,,,
asymmetric,4,2211,54,a,6,0,13888,16,156831,156831,156832,,,,156875,156842,156857,16,1:15,156858,156873,16,1:15,156859,156874,16,1:15,,,0,,,,0,,,,0,,,,0,,1,10,15,17,1,,,,
asymmetric,4,2212,54,a,6,16,14016,16,156878,156878,156879,,,,156922,156889,156904,16,1:15,156905,156920,16,1:15,156906,156921,16,1:15,,,0,,,,0,,,,0,,,,0,,1,10,15,17,1,,,,
asymmetric,4,2213,54,a,7,0,14144,16,156925,156925,156926,,,,156969,156936,156951,16,1:15,156952,156967,16,1:15,156953,156968,16,1:15,,,0,,,,0,,,,0,,,,0,,1,10,15,17,1,,,,
asymmetric,4,2214,54,a,7,16,14272,16,156972,156972,156973,,,,157016,156983,156998,16,1:15,156999,157014,16,1:15,157000,157015,16,1:15,,,0,,,,0,,,,0,,,,0,,1,10,15,17,1,,,,
asymmetric,4,2215,54,bt,0,0,29120,16,157024,157024,157025,,,,157068,157035,157050,16,1:15,157051,157066,16,1:15,157052,157067,16,1:15,,,0,,,,0,,,,0,,,,0,,1,10,15,17,1,,,,
asymmetric,4,2216,54,bt,0,16,29248,16,157071,157071,157072,,,,157115,157082,157097,16,1:15,157098,157113,16,1:15,157099,157114,16,1:15,,,0,,,,0,,,,0,,,,0,,1,10,15,17,1,,,,
asymmetric,4,2217,54,bt,1,0,29376,16,157118,157118,157119,,,,157162,157129,157144,16,1:15,157145,157160,16,1:15,157146,157161,16,1:15,,,0,,,,0,,,,0,,,,0,,1,10,15,17,1,,,,
asymmetric,4,2218,54,bt,1,16,29504,16,157165,157165,157166,,,,157209,157176,157191,16,1:15,157192,157207,16,1:15,157193,157208,16,1:15,,,0,,,,0,,,,0,,,,0,,1,10,15,17,1,,,,
asymmetric,4,2219,54,bt,2,0,29632,16,157212,157212,157213,,,,157256,157223,157238,16,1:15,157239,157254,16,1:15,157240,157255,16,1:15,,,0,,,,0,,,,0,,,,0,,1,10,15,17,1,,,,
asymmetric,4,2220,54,bt,2,16,29760,16,157259,157259,157260,,,,157303,157270,157285,16,1:15,157286,157301,16,1:15,157287,157302,16,1:15,,,0,,,,0,,,,0,,,,0,,1,10,15,17,1,,,,
asymmetric,4,2221,54,bt,3,0,29888,16,157306,157306,157307,,,,157350,157317,157332,16,1:15,157333,157348,16,1:15,157334,157349,16,1:15,,,0,,,,0,,,,0,,,,0,,1,10,15,17,1,,,,
asymmetric,4,2222,54,bt,3,16,30016,16,157353,157353,157354,,,,157397,157364,157379,16,1:15,157380,157395,16,1:15,157381,157396,16,1:15,,,0,,,,0,,,,0,,,,0,,1,10,15,17,1,,,,
asymmetric,4,2223,54,bt,4,0,30144,16,157400,157400,157401,,,,157444,157411,157426,16,1:15,157427,157442,16,1:15,157428,157443,16,1:15,,,0,,,,0,,,,0,,,,0,,1,10,15,17,1,,,,
asymmetric,4,2224,54,bt,4,16,30272,16,157447,157447,157448,,,,157491,157458,157473,16,1:15,157474,157489,16,1:15,157475,157490,16,1:15,,,0,,,,0,,,,0,,,,0,,1,10,15,17,1,,,,
asymmetric,4,2225,54,bt,5,0,30400,16,157494,157494,157495,,,,157538,157505,157520,16,1:15,157521,157536,16,1:15,157522,157537,16,1:15,,,0,,,,0,,,,0,,,,0,,1,10,15,17,1,,,,
asymmetric,4,2226,54,bt,5,16,30528,16,157541,157541,157542,,,,157585,157552,157567,16,1:15,157568,157583,16,1:15,157569,157584,16,1:15,,,0,,,,0,,,,0,,,,0,,1,10,15,17,1,,,,
asymmetric,4,2227,54,bt,6,0,30656,16,157588,157588,157589,,,,157632,157599,157614,16,1:15,157615,157630,16,1:15,157616,157631,16,1:15,,,0,,,,0,,,,0,,,,0,,1,10,15,17,1,,,,
asymmetric,4,2228,54,bt,6,16,30784,16,157635,157635,157636,,,,157679,157646,157661,16,1:15,157662,157677,16,1:15,157663,157678,16,1:15,,,0,,,,0,,,,0,,,,0,,1,10,15,17,1,,,,
asymmetric,4,2229,54,bt,7,0,30912,16,157682,157682,157683,,,,157726,157693,157708,16,1:15,157709,157724,16,1:15,157710,157725,16,1:15,,,0,,,,0,,,,0,,,,0,,1,10,15,17,1,,,,
asymmetric,4,2230,54,bt,7,16,31040,16,157729,157729,157730,,,,157773,157740,157755,16,1:15,157756,157771,16,1:15,157757,157772,16,1:15,,,0,,,,0,,,,0,,,,0,,1,10,15,17,1,,,,
asymmetric,4,2231,54,c,0,0,45568,4,158863,158863,,158884,158883,158895,158896,,,0,,,,0,,,,0,,158865,158880,4,5:3,158867,158882,4,5:3,158868,158883,4,5:3,158884,158887,4,1:3,,,,,,20,4,8,1
asymmetric,4,2232,54,c,1,0,45824,4,158899,158899,,158920,158919,158931,158932,,,0,,,,0,,,,0,,158901,158916,4,5:3,158903,158918,4,5:3,158904,158919,4,5:3,158920,158923,4,1:3,,,,,,20,4,8,1
asymmetric,4,2233,54,c,2,0,46080,4,158935,158935,,158956,158955,158967,158968,,,0,,,,0,,,,0,,158937,158952,4,5:3,158939,158954,4,5:3,158940,158955,4,5:3,158956,158959,4,1:3,,,,,,20,4,8,1
asymmetric,4,2234,54,c,3,0,46336,4,158971,158971,,158992,158991,159003,159004,,,0,,,,0,,,,0,,158973,158988,4,5:3,158975,158990,4,5:3,158976,158991,4,5:3,158992,158995,4,1:3,,,,,,20,4,8,1
asymmetric,4,2235,54,c,4,0,46592,4,159007,159007,,159028,159027,159039,159040,,,0,,,,0,,,,0,,159009,159024,4,5:3,159011,159026,4,5:3,159012,159027,4,5:3,159028,159031,4,1:3,,,,,,20,4,8,1
asymmetric,4,2236,54,c,5,0,46848,4,159043,159043,,159064,159063,159075,159076,,,0,,,,0,,,,0,,159045,159060,4,5:3,159047,159062,4,5:3,159048,159063,4,5:3,159064,159067,4,1:3,,,,,,20,4,8,1
asymmetric,4,2237,54,c,6,0,47104,4,159079,159079,,159100,159099,159111,159112,,,0,,,,0,,,,0,,159081,159096,4,5:3,159083,159098,4,5:3,159084,159099,4,5:3,159100,159103,4,1:3,,,,,,20,4,8,1
asymmetric,4,2238,54,c,7,0,47360,4,159115,159115,,159136,159135,159147,159148,,,0,,,,0,,,,0,,159117,159132,4,5:3,159119,159134,4,5:3,159120,159135,4,5:3,159136,159139,4,1:3,,,,,,20,4,8,1
asymmetric,4,2239,55,a,0,0,12352,16,159157,159157,159158,,,,159201,159168,159183,16,1:15,159184,159199,16,1:15,159185,159200,16,1:15,,,0,,,,0,,,,0,,,,0,,1,10,15,17,1,,,,
asymmetric,4,2240,55,a,0,16,12480,16,159204,159204,159205,,,,159248,159215,159230,16,1:15,159231,159246,16,1:15,159232,159247,16,1:15,,,0,,,,0,,,,0,,,,0,,1,10,15,17,1,,,,
asymmetric,4,2241,55,a,1,0,12608,16,159251,159251,159252,,,,159295,159262,159277,16,1:15,159278,159293,16,1:15,159279,159294,16,1:15,,,0,,,,0,,,,0,,,,0,,1,10,15,17,1,,,,
asymmetric,4,2242,55,a,1,16,12736,16,159298,159298,159299,,,,159342,159309,159324,16,1:15,159325,159340,16,1:15,159326,159341,16,1:15,,,0,,,,0,,,,0,,,,0,,1,10,15,17,1,,,,
asymmetric,4,2243,55,a,2,0,12864,16,159345,159345,159346,,,,159389,159356,159371,16,1:15,159372,159387,16,1:15,159373,159388,16,1:15,,,0,,,,0,,,,0,,,,0,,1,10,15,17,1,,,,
asymmetric,4,2244,55,a,2,16,12992,16,159392,159392,159393,,,,159436,159403,159418,16,1:15,159419,159434,16,1:15,159420,159435,16,1:15,,,0,,,,0,,,,0,,,,0,,1,10,15,17,1,,,,
asymmetric,4,2245,55,a,3,0,13120,16,159439,159439,159440,,,,159483,159450,159465,16,1:15,159466,159481,16,1:15,159467,159482,16,1:15,,,0,,,,0,,,,0,,,,0,,1,10,15,17,1,,,,
asymmetric,4,2246,55,a,3,16,13248,16,159486,159486,159487,,,,159530,159497,159512,16,1:15,159513,159528,16,1:15,159514,159529,16,1:15,,,0,,,,0,,,,0,,,,0,,1,10,15,17,1,,,,
asymmetric,4,2247,55,a,4,0,13376,16,159533,159533,159534,,,,159577,159544,159559,16,1:15,159560,159575,16,1:15,159561,159576,16,1:15,,,0,,,,0,,,,0,,,,0,,1,10,15,17,1,,,,
asymmetric,4,2248,55,a,4,16,13504,16,159580,159580,159581,,,,159624,159591,159606,16,1:15,159607,159622,16,1:15,159608,159623,16,1:15,,,0,,,,0,,,,0,,,,0,,1,10,15,17,1,,,,
asymmetric,4,2249,55,a,5,0,13632,16,159627,159627,159628,,,,159671,159638,159653,16,1:15,159654,159669,16,1:15,159655,159670,16,1:15,,,0,,,,0,,,,0,,,,0,,1,10,15,17,1,,,,
asymmetric,4,2250,55,a,5,16,13760,16,159674,159674,159675,,,,159718,159685,159700,16,1:15,159701,159716,16,1:15,159702,159717,16,1:15,,,0,,,,0,,,,0,,,,0,,1,10,15,17,1,,,,
asymmetric,4,2251,55,a,6,0,13888,16,159721,159721,159722,,,,159765,159732,159747,16,1:15,159748,159763,16,1:15,159749,159764,16,1:15,,,0,,,,0,,,,0,,,,0,,1,10,15,17,1,,,,
asymmetric,4,2252,55,a,6,16,14016,16,159768,159768,159769,,,,159812,159779,159794,16,1:15,159795,159810,16,1:15,159796,159811,16,1:15,,,0,,,,0,,,,0,,,,0,,1,10,15,17,1,,,,
asymmetric,4,2253,55,a,7,0,14144,16,159815,159815,159816,,,,159859,159826,159841,16,1:15,159842,159857,16,1:15,159843,159858,16,1:15,,,0,,,,0,,,,0,,,,0,,1,10,15,17,1,,,,
asymmetric,4,2254,55,a,7,16,14272,16,159862,159862,159863,,,,159906,159873,159888,16,1:15,159889,159904,16,1:15,159890,159905,16,1:15,,,0,,,,0,,,,0,,,,0,,1,10,15,17,1,,,,
asymmetric,4,2255,55,bt,0,0,31168,16,159914,159914,159915,,,,159958,159925,159940,16,1:15,159941,159956,16,1:15,159942,159957,16,1:15,,,0,,,,0,,,,0,,,,0,,1,10,15,17,1,,,,
asymmetric,4,2256,55,bt,0,16,31296,16,159961,159961,159962,,,,160005,159972,159987,16,1:15,159988,160003,16,1:15,159989,160004,16,1:15,,,0,,,,0,,,,0,,,,0,,1,10,15,17,1,,,,
asymmetric,4,2257,55,bt,1,0,31424,16,160008,160008,160009,,,,160052,160019,160034,16,1:15,160035,160050,16,1:15,160036,160051,16,1:15,,,0,,,,0,,,,0,,,,0,,1,10,15,17,1,,,,
asymmetric,4,2258,55,bt,1,16,31552,16,160055,160055,160056,,,,160099,160066,160081,16,1:15,160082,160097,16,1:15,160083,160098,16,1:15,,,0,,,,0,,,,0,,,,0,,1,10,15,17,1,,,,
asymmetric,4,2259,55,bt,2,0,31680,16,160102,160102,160103,,,,160146,160113,160128,16,1:15,160129,160144,16,1:15,160130,160145,16,1:15,,,0,,,,0,,,,0,,,,0,,1,10,15,17,1,,,,
asymmetric,4,2260,55,bt,2,16,31808,16,160149,160149,160150,,,,160193,160160,160175,16,1:15,160176,160191,16,1:15,160177,160192,16,1:15,,,0,,,,0,,,,0,,,,0,,1,10,15,17,1,,,,
asymmetric,4,2261,55,bt,3,0,31936,16,160196,160196,160197,,,,160240,160207,160222,16,1:15,160223,160238,16,1:15,160224,160239,16,1:15,,,0,,,,0,,,,0,,,,0,,1,10,15,17,1,,,,
asymmetric,4,2262,55,bt,3,16,32064,16,160243,160243,160244,,,,160287,160254,160269,16,1:15,160270,160285,16,1:15,160271,160286,16,1:15,,,0,,,,0,,,,0,,,,0,,1,10,15,17,1,,,,
asymmetric,4,2263,55,bt,4,0,32192,16,160290,160290,160291,,,,160334,160301,160316,16,1:15,160317,160332,16,1:15,160318,160333,16,1:15,,,0,,,,0,,,,0,,,,0,,1,10,15,17,1,,,,
asymmetric,4,2264,55,bt,4,16,32320,16,160337,160337,160338,,,,160381,160348,160363,16,1:15,160364,160379,16,1:15,160365,160380,16,1:15,,,0,,,,0,,,,0,,,,0,,1,10,15,17,1,,,,
asymmetric,4,2265,55,bt,5,0,32448,16,160384,160384,160385,,,,160428,160395,160410,16,1:15,160411,160426,16,1:15,160412,160427,16,1:15,,,0,,,,0,,,,0,,,,0,,1,10,15,17,1,,,,
asymmetric,4,2266,55,bt,5,16,32576,16,160431,160431,160432,,,,160475,160442,160457,16,1:15,160458,160473,16,1:15,160459,160474,16,1:15,,,0,,,,0,,,,0,,,,0,,1,10,15,17,1,,,,
asymmetric,4,2267,55,bt,6,0,32704,8,160478,160478,160479,,,,160506,160489,160496,8,1:7,160497,160504,8,1:7,160498,160505,8,1:7,,,0,,,,0,,,,0,,,,0,,1,10,7,9,1,,,,
asymmetric,4,2268,55,bt,6,8,32768,16,160509,160509,160510,,,,160553,160520,160535,16,1:15,160536,160551,16,1:15,160537,160552,16,1:15,,,0,,,,0,,,,0,,,,0,,1,10,15,17,1,,,,
asymmetric,4,2269,55,bt,6,24,32896,8,160556,160556,160557,,,,160584,160567,160574,8,1:7,160575,160582,8,1:7,160576,160583,8,1:7,,,0,,,,0,,,,0,,,,0,,1,10,7,9,1,,,,
asymmetric,4,2270,55,c,0,0,45600,4,161674,161674,,161695,161694,161706,161707,,,0,,,,0,,,,0,,161676,161691,4,5:3,161678,161693,4,5:3,161679,161694,4,5:3,161695,161698,4,1:3,,,,,,20,4,8,1
asymmetric,4,2271,55,c,1,0,45856,4,161710,161710,,161731,161730,161742,161743,,,0,,,,0,,,,0,,161712,161727,4,5:3,161714,161729,4,5:3,161715,161730,4,5:3,161731,161734,4,1:3,,,,,,20,4,8,1
asymmetric,4,2272,55,c,2,0,46112,4,161746,161746,,161767,161766,161778,161779,,,0,,,,0,,,,0,,161748,161763,4,5:3,161750,161765,4,5:3,161751,161766,4,5:3,161767,161770,4,1:3,,,,,,20,4,8,1
asymmetric,4,2273,55,c,3,0,46368,4,161782,161782,,161803,161802,161814,161815,,,0,,,,0,,,,0,,161784,161799,4,5:3,161786,161801,4,5:3,161787,161802,4,5:3,161803,161806,4,1:3,,,,,,20,4,8,1
asymmetric,4,2274,55,c,4,0,46624,4,161818,161818,,161839,161838,161850,161851,,,0,,,,0,,,,0,,161820,161835,4,5:3,161822,161837,4,5:3,161823,161838,4,5:3,161839,161842,4,1:3,,,,,,20,4,8,1
asymmetric,4,2275,55,c,5,0,46880,4,161854,161854,,161875,161874,161886,161887,,,0,,,,0,,,,0,,161856,161871,4,5:3,161858,161873,4,5:3,161859,161874,4,5:3,161875,161878,4,1:3,,,,,,20,4,8,1
asymmetric,4,2276,55,c,6,0,47136,4,161890,161890,,161911,161910,161922,161923,,,0,,,,0,,,,0,,161892,161907,4,5:3,161894,161909,4,5:3,161895,161910,4,5:3,161911,161914,4,1:3,,,,,,20,4,8,1
asymmetric,4,2277,55,c,7,0,47392,4,161926,161926,,161947,161946,161958,161959,,,0,,,,0,,,,0,,161928,161943,4,5:3,161930,161945,4,5:3,161931,161946,4,5:3,161947,161950,4,1:3,,,,,,20,4,8,1
asymmetric,4,2278,56,a,0,0,14400,16,161968,161968,161969,,,,162012,161979,161994,16,1:15,161995,162010,16,1:15,161996,162011,16,1:15,,,0,,,,0,,,,0,,,,0,,1,10,15,17,1,,,,
asymmetric,4,2279,56,a,0,16,14528,16,162015,162015,162016,,,,162059,162026,162041,16,1:15,162042,162057,16,1:15,162043,162058,16,1:15,,,0,,,,0,,,,0,,,,0,,1,10,15,17,1,,,,
asymmetric,4,2280,56,a,1,0,14656,16,162062,162062,162063,,,,162106,162073,162088,16,1:15,162089,162104,16,1:15,162090,162105,16,1:15,,,0,,,,0,,,,0,,,,0,,1,10,15,17,1,,,,
asymmetric,4,2281,56,a,1,16,14784,16,162109,162109,162110,,,,162153,162120,162135,16,1:15,162136,162151,16,1:15,162137,162152,16,1:15,,,0,,,,0,,,,0,,,,0,,1,10,15,17,1,,,,
asymmetric,4,2282,56,a,2,0,14912,16,162156,162156,162157,,,,162200,162167,162182,16,1:15,162183,162198,16,1:15,162184,162199,16,1:15,,,0,,,,0,,,,0,,,,0,,1,10,15,17,1,,,,
asymmetric,4,2283,56,a,2,16,15040,16,162203,162203,162204,,,,162247,162214,162229,16,1:15,162230,162245,16,1:15,162231,162246,16,1:15,,,0,,,,0,,,,0,,,,0,,1,10,15,17,1,,,,
asymmetric,4,2284,56,a,3,0,15168,16,162250,162250,162251,,,,162294,162261,162276,16,1:15,162277,162292,16,1:15,162278,162293,16,1:15,,,0,,,,0,,,,0,,,,0,,1,10,15,17,1,,,,
asymmetric,4,2285,56,a,3,16,15296,16,162297,162297,162298,,,,162341,162308,162323,16,1:15,162324,162339,16,1:15,162325,162340,16,1:15,,,0,,,,0,,,,0,,,,0,,1,10,15,17,1,,,,
asymmetric,4,2286,56,a,4,0,15424,16,162344,162344,162345,,,,162388,162355,162370,16,1:15,162371,162386,16,1:15,162372,162387,16,1:15,,,0,,,,0,,,,0,,,,0,,1,10,15,17,1,,,,
asymmetric,4,2287,56,a,4,16,15552,16,162391,162391,162392,,,,162435,162402,162417,16,1:15,162418,162433,16,1:15,162419,162434,16,1:15,,,0,,,,0,,,,0,,,,0,,1,10,15,17,1,,,,
asymmetric,4,2288,56,a,5,0,15680,16,162438,162438,162439,,,,162482,162449,162464,16,1:15,162465,162480,16,1:15,162466,162481,16,1:15,,,0,,,,0,,,,0,,,,0,,1,10,15,17,1,,,,
asymmetric,4,2289,56,a,5,16,15808,16,162485,162485,162486,,,,162529,162496,162511,16,1:15,162512,162527,16,1:15,162513,162528,16,1:15,,,0,,,,0,,,,0,,,,0,,1,10,15,17,1,,,,
asymmetric,4,2290,56,a,6,0,15936,16,162532,162532,162533,,,,162576,162543,162558,16,1:15,162559,162574,16,1:15,162560,162575,16,1:15,,,0,,,,0,,,,0,,,,0,,1,10,15,17,1,,,,
asymmetric,4,2291,56,a,6,16,16064,16,162579,162579,162580,,,,162623,162590,162605,16,1:15,162606,162621,16,1:15,162607,162622,16,1:15,,,0,,,,0,,,,0,,,,0,,1,10,15,17,1,,,,
asymmetric,4,2292,56,a,7,0,16192,16,162626,162626,162627,,,,162670,162637,162652,16,1:15,162653,162668,16,1:15,162654,162669,16,1:15,,,0,,,,0,,,,0,,,,0,,1,10,15,17,1,,,,
asymmetric,4,2293,56,a,7,16,16320,8,162673,162673,162674,,,,162701,162684,162691,8,1:7,162692,162699,8,1:7,162693,162700,8,1:7,,,0,,,,0,,,,0,,,,0,,1,10,7,9,1,,,,
asymmetric,4,2294,56,a,7,24,16384,8,162704,162704,162705,,,,162732,162715,162722,8,1:7,162723,162730,8,1:7,162724,162731,8,1:7,,,0,,,,0,,,,0,,,,0,,1,10,7,9,1,,,,
asymmetric,4,2295,56,bt,0,0,16832,16,162740,162740,162741,,,,162784,162751,162766,16,1:15,162767,162782,16,1:15,162768,162783,16,1:15,,,0,,,,0,,,,0,,,,0,,1,10,15,17,1,,,,
asymmetric,4,2296,56,bt,0,16,16960,16,162787,162787,162788,,,,162831,162798,162813,16,1:15,162814,162829,16,1:15,162815,162830,16,1:15,,,0,,,,0,,,,0,,,,0,,1,10,15,17,1,,,,
asymmetric,4,2297,56,bt,1,0,17088,16,162834,162834,162835,,,,162878,162845,162860,16,1:15,162861,162876,16,1:15,162862,162877,16,1:15,,,0,,,,0,,,,0,,,,0,,1,10,15,17,1,,,,
asymmetric,4,2298,56,bt,1,16,17216,16,162881,162881,162882,,,,162925,162892,162907,16,1:15,162908,162923,16,1:15,162909,162924,16,1:15,,,0,,,,0,,,,0,,,,0,,1,10,15,17,1,,,,
asymmetric,4,2299,56,bt,2,0,17344,16,162928,162928,162929,,,,162972,162939,162954,16,1:15,162955,162970,16,1:15,162956,162971,16,1:15,,,0,,,,0,,,,0,,,,0,,1,10,15,17,1,,,,
asymmetric,4,2300,56,bt,2,16,17472,16,162975,162975,162976,,,,163019,162986,163001,16,1:15,163002,163017,16,1:15,163003,163018,16,1:15,,,0,,,,0,,,,0,,,,0,,1,10,15,17,1,,,,
asymmetric,4,2301,56,bt,3,0,17600,16,163022,163022,163023,,,,163066,163033,163048,16,1:15,163049,163064,16,1:15,163050,163065,16,1:15,,,0,,,,0,,,,0,,,,0,,1,10,15,17,1,,,,
asymmetric,4,2302,56,bt,3,16,17728,16,163069,163069,163070,,,,163113,163080,163095,16,1:15,163096,163111,16,1:15,163097,163112,16,1:15,,,0,,,,0,,,,0,,,,0,,1,10,15,17,1,,,,
asymmetric,4,2303,56,bt,4,0,17856,16,163116,163116,163117,,,,163160,163127,163142,16,1:15,163143,163158,16,1:15,163144,163159,16,1:15,,,0,,,,0,,,,0,,,,0,,1,10,15,17,1,,,,
asymmetric,4,2304,56,bt,4,16,17984,16,163163,163163,163164,,,,163207,163174,163189,16,1:15,163190,163205,16,1:15,163191,163206,16,1:15,,,0,,,,0,,,,0,,,,0,,1,10,15,17,1,,,,
asymmetric,4,2305,56,bt,5,0,18112,16,163210,163210,163211,,,,163254,163221,163236,16,1:15,163237,163252,16,1:15,163238,163253,16,1:15,,,0,,,,0,,,,0,,,,0,,1,10,15,17,1,,,,
asymmetric,4,2306,56,bt,5,16,18240,16,163257,163257,163258,,,,163301,163268,163283,16,1:15,163284,163299,16,1:15,163285,163300,16,1:15,,,0,,,,0,,,,0,,,,0,,1,10,15,17,1,,,,
asymmetric,4,2307,56,bt,6,0,18368,16,163304,163304,163305,,,,163348,163315,163330,16,1:15,163331,163346,16,1:15,163332,163347,16,1:15,,,0,,,,0,,,,0,,,,0,,1,10,15,17,1,,,,
asymmetric,4,2308,56,bt,6,16,18496,16,163351,163351,163352,,,,163395,163362,163377,16,1:15,163378,163393,16,1:15,163379,163394,16,1:15,,,0,,,,0,,,,0,,,,0,,1,10,15,17,1,,,,
asymmetric,4,2309,56,bt,7,0,18624,16,163398,163398,163399,,,,163442,163409,163424,16,1:15,163425,163440,16,1:15,163426,163441,16,1:15,,,0,,,,0,,,,0,,,,0,,1,10,15,17,1,,,,
asymmetric,4,2310,56,bt,7,16,18752,16,163445,163445,163446,,,,163489,163456,163471,16,1:15,163472,163487,16,1:15,163473,163488,16,1:15,,,0,,,,0,,,,0,,,,0,,1,10,15,17,1,,,,
asymmetric,4,2311,56,c,0,0,47424,4,164579,164579,,164600,164599,164611,164612,,,0,,,,0,,,,0,,164581,164596,4,5:3,164583,164598,4,5:3,164584,164599,4,5:3,164600,164603,4,1:3,,,,,,20,4,8,1
asymmetric,4,2312,56,c,1,0,47680,4,164615,164615,,164636,164635,164647,164648,,,0,,,,0,,,,0,,164617,164632,4,5:3,164619,164634,4,5:3,164620,164635,4,5:3,164636,164639,4,1:3,,,,,,20,4,8,1
asymmetric,4,2313,56,c,2,0,47936,4,164651,164651,,164672,164671,164683,164684,,,0,,,,0,,,,0,,164653,164668,4,5:3,164655,164670,4,5:3,164656,164671,4,5:3,164672,164675,4,1:3,,,,,,20,4,8,1
asymmetric,4,2314,56,c,3,0,48192,4,164687,164687,,164708,164707,164719,164720,,,0,,,,0,,,,0,,164689,164704,4,5:3,164691,164706,4,5:3,164692,164707,4,5:3,164708,164711,4,1:3,,,,,,20,4,8,1
asymmetric,4,2315,56,c,4,0,48448,4,164723,164723,,164744,164743,164755,164756,,,0,,,,0,,,,0,,164725,164740,4,5:3,164727,164742,4,5:3,164728,164743,4,5:3,164744,164747,4,1:3,,,,,,20,4,8,1
asymmetric,4,2316,56,c,5,0,48704,4,164759,164759,,164780,164779,164791,164792,,,0,,,,0,,,,0,,164761,164776,4,5:3,164763,164778,4,5:3,164764,164779,4,5:3,164780,164783,4,1:3,,,,,,20,4,8,1
asymmetric,4,2317,56,c,6,0,48960,4,164795,164795,,164816,164815,164827,164828,,,0,,,,0,,,,0,,164797,164812,4,5:3,164799,164814,4,5:3,164800,164815,4,5:3,164816,164819,4,1:3,,,,,,20,4,8,1
asymmetric,4,2318,56,c,7,0,49216,4,164831,164831,,164852,164851,164863,164864,,,0,,,,0,,,,0,,164833,164848,4,5:3,164835,164850,4,5:3,164836,164851,4,5:3,164852,164855,4,1:3,,,,,,20,4,8,1
asymmetric,4,2319,57,a,0,0,14400,16,164873,164873,164874,,,,164917,164884,164899,16,1:15,164900,164915,16,1:15,164901,164916,16,1:15,,,0,,,,0,,,,0,,,,0,,1,10,15,17,1,,,,
asymmetric,4,2320,57,a,0,16,14528,16,164920,164920,164921,,,,164964,164931,164946,16,1:15,164947,164962,16,1:15,164948,164963,16,1:15,,,0,,,,0,,,,0,,,,0,,1,10,15,17,1,,,,
asymmetric,4,2321,57,a,1,0,14656,16,164967,164967,164968,,,,165011,164978,164993,16,1:15,164994,165009,16,1:15,164995,165010,16,1:15,,,0,,,,0,,,,0,,,,0,,1,10,15,17,1,,,,
asymmetric,4,2322,57,a,1,16,14784,16,165014,165014,165015,,,,165058,165025,165040,16,1:15,165041,165056,16,1:15,165042,165057,16,1:15,,,0,,,,0,,,,0,,,,0,,1,10,15,17,1,,,,
asymmetric,4,2323,57,a,2,0,14912,16,165061,165061,165062,,,,165105,165072,165087,16,1:15,165088,165103,16,1:15,165089,165104,16,1:15,,,0,,,,0,,,,0,,,,0,,1,10,15,17,1,,,,
asymmetric,4,2324,57,a,2,16,15040,16,165108,165108,165109,,,,165152,165119,165134,16,1:15,165135,165150,16,1:15,165136,165151,16,1:15,,,0,,,,0,,,,0,,,,0,,1,10,15,17,1,,,,
asymmetric,4,2325,57,a,3,0,15168,16,165155,165155,165156,,,,165199,165166,165181,16,1:15,165182,165197,16,1:15,165183,165198,16,1:15,,,0,,,,0,,,,0,,,,0,,1,10,15,17,1,,,,
asymmetric,4,2326,57,a,3,16,15296,16,165202,165202,165203,,,,165246,165213,165228,16,1:15,165229,165244,16,1:15,165230,165245,16,1:15,,,0,,,,0,,,,0,,,,0,,1,10,15,17,1,,,,
asymmetric,4,2327,57,a,4,0,15424,16,165249,165249,165250,,,,165293,165260,165275,16,1:15,165276,165291,16,1:15,165277,165292,16,1:15,,,0,,,,0,,,,0,,,,0,,1,10,15,17,1,,,,
asymmetric,4,2328,57,a,4,16,15552,16,165296,165296,165297,,,,165340,165307,165322,16,1:15,165323,165338,16,1:15,165324,165339,16,1:15,,,0,,,,0,,,,0,,,,0,,1,10,15,17,1,,,,
asymmetric,4,2329,57,a,5,0,15680,16,165343,165343,165344,,,,165387,165354,165369,16,1:15,165370,165385,16,1:15,165371,165386,16,1:15,,,0,,,,0,,,,0,,,,0,,1,10,15,17,1,,,,
asymmetric,4,2330,57,a,5,16,15808,16,165390,165390,165391,,,,165434,165401,165416,16,1:15,165417,165432,16,1:15,165418,165433,16,1:15,,,0,,,,0,,,,0,,,,0,,1,10,15,17,1,,,,
asymmetric,4,2331,57,a,6,0,15936,16,165437,165437,165438,,,,165481,165448,165463,16,1:15,165464,165479,16,1:15,165465,165480,16,1:15,,,0,,,,0,,,,0,,,,0,,1,10,15,17,1,,,,
asymmetric,4,2332,57,a,6,16,16064,16,165484,165484,165485,,,,165528,165495,165510,16,1:15,165511,165526,16,1:15,165512,165527,16,1:15,,,0,,,,0,,,,0,,,,0,,1,10,15,17,1,,,,
asymmetric,4,2333,57,a,7,0,16192,16,165531,165531,165532,,,,165575,165542,165557,16,1:15,165558,165573,16,1:15,165559,165574,16,1:15,,,0,,,,0,,,,0,,,,0,,1,10,15,17,1,,,,
asymmetric,4,2334,57,a,7,16,16320,8,165578,165578,165579,,,,165606,165589,165596,8,1:7,165597,165604,8,1:7,165598,165605,8,1:7,,,0,,,,0,,,,0,,,,0,,1,10,7,9,1,,,,
asymmetric,4,2335,57,a,7,24,16384,8,165609,165609,165610,,,,165637,165620,165627,8,1:7,165628,165635,8,1:7,165629,165636,8,1:7,,,0,,,,0,,,,0,,,,0,,1,10,7,9,1,,,,
asymmetric,4,2336,57,bt,0,0,18880,16,165645,165645,165646,,,,165689,165656,165671,16,1:15,165672,165687,16,1:15,165673,165688,16,1:15,,,0,,,,0,,,,0,,,,0,,1,10,15,17,1,,,,
asymmetric,4,2337,57,bt,0,16,19008,16,165692,165692,165693,,,,165736,165703,165718,16,1:15,165719,165734,16,1:15,165720,165735,16,1:15,,,0,,,,0,,,,0,,,,0,,1,10,15,17,1,,,,
asymmetric,4,2338,57,bt,1,0,19136,16,165739,165739,165740,,,,165783,165750,165765,16,1:15,165766,165781,16,1:15,165767,165782,16,1:15,,,0,,,,0,,,,0,,,,0,,1,10,15,17,1,,,,
asymmetric,4,2339,57,bt,1,16,19264,16,165786,165786,165787,,,,165830,165797,165812,16,1:15,165813,165828,16,1:15,165814,165829,16,1:15,,,0,,,,0,,,,0,,,,0,,1,10,15,17,1,,,,
asymmetric,4,2340,57,bt,2,0,19392,16,165833,165833,165834,,,,165877,165844,165859,16,1:15,165860,165875,16,1:15,165861,165876,16,1:15,,,0,,,,0,,,,0,,,,0,,1,10,15,17,1,,,,
asymmetric,4,2341,57,bt,2,16,19520,16,165880,165880,165881,,,,165924,165891,165906,16,1:15,165907,165922,16,1:15,165908,165923,16,1:15,,,0,,,,0,,,,0,,,,0,,1,10,15,17,1,,,,
asymmetric,4,2342,57,bt,3,0,19648,16,165927,165927,165928,,,,165971,165938,165953,16,1:15,165954,165969,16,1:15,165955,165970,16,1:15,,,0,,,,0,,,,0,,,,0,,1,10,15,17,1,,,,
asymmetric,4,2343,57,bt,3,16,19776,16,165974,165974,165975,,,,166018,165985,166000,16,1:15,166001,166016,16,1:15,166002,166017,16,1:15,,,0,,,,0,,,,0,,,,0,,1,10,15,17,1,,,,
asymmetric,4,2344,57,bt,4,0,19904,16,166021,166021,166022,,,,166065,166032,166047,16,1:15,166048,166063,16,1:15,166049,166064,16,1:15,,,0,,,,0,,,,0,,,,0,,1,10,15,17,1,,,,
asymmetric,4,2345,57,bt,4,16,20032,16,166068,166068,166069,,,,166112,166079,166094,16,1:15,166095,166110,16,1:15,166096,166111,16,1:15,,,0,,,,0,,,,0,,,,0,,1,10,15,17,1,,,,
asymmetric,4,2346,57,bt,5,0,20160,16,166115,166115,166116,,,,166159,166126,166141,16,1:15,166142,166157,16,1:15,166143,166158,16,1:15,,,0,,,,0,,,,0,,,,0,,1,10,15,17,1,,,,
asymmetric,4,2347,57,bt,5,16,20288,16,166162,166162,166163,,,,166206,166173,166188,16,1:15,166189,166204,16,1:15,166190,166205,16,1:15,,,0,,,,0,,,,0,,,,0,,1,10,15,17,1,,,,
asymmetric,4,2348,57,bt,6,0,20416,8,166209,166209,166210,,,,166237,166220,166227,8,1:7,166228,166235,8,1:7,166229,166236,8,1:7,,,0,,,,0,,,,0,,,,0,,1,10,7,9,1,,,,
asymmetric,4,2349,57,bt,6,8,20480,16,166240,166240,166241,,,,166284,166251,166266,16,1:15,166267,166282,16,1:15,166268,166283,16,1:15,,,0,,,,0,,,,0,,,,0,,1,10,15,17,1,,,,
asymmetric,4,2350,57,bt,6,24,20608,8,166287,166287,166288,,,,166315,166298,166305,8,1:7,166306,166313,8,1:7,166307,166314,8,1:7,,,0,,,,0,,,,0,,,,0,,1,10,7,9,1,,,,
asymmetric,4,2351,57,bt,7,0,20672,16,166318,166318,166319,,,,166362,166329,166344,16,1:15,166345,166360,16,1:15,166346,166361,16,1:15,,,0,,,,0,,,,0,,,,0,,1,10,15,17,1,,,,
asymmetric,4,2352,57,bt,7,16,20800,16,166365,166365,166366,,,,166409,166376,166391,16,1:15,166392,166407,16,1:15,166393,166408,16,1:15,,,0,,,,0,,,,0,,,,0,,1,10,15,17,1,,,,
asymmetric,4,2353,57,c,0,0,47456,4,167499,167499,,167520,167519,167531,167532,,,0,,,,0,,,,0,,167501,167516,4,5:3,167503,167518,4,5:3,167504,167519,4,5:3,167520,167523,4,1:3,,,,,,20,4,8,1
asymmetric,4,2354,57,c,1,0,47712,4,167535,167535,,167556,167555,167567,167568,,,0,,,,0,,,,0,,167537,167552,4,5:3,167539,167554,4,5:3,167540,167555,4,5:3,167556,167559,4,1:3,,,,,,20,4,8,1
asymmetric,4,2355,57,c,2,0,47968,4,167571,167571,,167592,167591,167603,167604,,,0,,,,0,,,,0,,167573,167588,4,5:3,167575,167590,4,5:3,167576,167591,4,5:3,167592,167595,4,1:3,,,,,,20,4,8,1
asymmetric,4,2356,57,c,3,0,48224,4,167607,167607,,167628,167627,167639,167640,,,0,,,,0,,,,0,,167609,167624,4,5:3,167611,167626,4,5:3,167612,167627,4,5:3,167628,167631,4,1:3,,,,,,20,4,8,1
asymmetric,4,2357,57,c,4,0,48480,4,167643,167643,,167664,167663,167675,167676,,,0,,,,0,,,,0,,167645,167660,4,5:3,167647,167662,4,5:3,167648,167663,4,5:3,167664,167667,4,1:3,,,,,,20,4,8,1
asymmetric,4,2358,57,c,5,0,48736,4,167679,167679,,167700,167699,167711,167712,,,0,,,,0,,,,0,,167681,167696,4,5:3,167683,167698,4,5:3,167684,167699,4,5:3,167700,167703,4,1:3,,,,,,20,4,8,1
asymmetric,4,2359,57,c,6,0,48992,4,167715,167715,,167736,167735,167747,167748,,,0,,,,0,,,,0,,167717,167732,4,5:3,167719,167734,4,5:3,167720,167735,4,5:3,167736,167739,4,1:3,,,,,,20,4,8,1
asymmetric,4,2360,57,c,7,0,49248,4,167751,167751,,167772,167771,167783,167784,,,0,,,,0,,,,0,,167753,167768,4,5:3,167755,167770,4,5:3,167756,167771,4,5:3,167772,167775,4,1:3,,,,,,20,4,8,1
asymmetric,4,2361,58,a,0,0,14400,16,167793,167793,167794,,,,167837,167804,167819,16,1:15,167820,167835,16,1:15,167821,167836,16,1:15,,,0,,,,0,,,,0,,,,0,,1,10,15,17,1,,,,
asymmetric,4,2362,58,a,0,16,14528,16,167840,167840,167841,,,,167884,167851,167866,16,1:15,167867,167882,16,1:15,167868,167883,16,1:15,,,0,,,,0,,,,0,,,,0,,1,10,15,17,1,,,,
asymmetric,4,2363,58,a,1,0,14656,16,167887,167887,167888,,,,167931,167898,167913,16,1:15,167914,167929,16,1:15,167915,167930,16,1:15,,,0,,,,0,,,,0,,,,0,,1,10,15,17,1,,,,
asymmetric,4,2364,58,a,1,16,14784,16,167934,167934,167935,,,,167978,167945,167960,16,1:15,167961,167976,16,1:15,167962,167977,16,1:15,,,0,,,,0,,,,0,,,,0,,1,10,15,17,1,,,,
asymmetric,4,2365,58,a,2,0,14912,16,167981,167981,167982,,,,168025,167992,168007,16,1:15,168008,168023,16,1:15,168009,168024,16,1:15,,,0,,,,0,,,,0,,,,0,,1,10,15,17,1,,,,
asymmetric,4,2366,58,a,2,16,15040,16,168028,168028,168029,,,,168072,168039,168054,16,1:15,168055,168070,16,1:15,168056,168071,16,1:15,,,0,,,,0,,,,0,,,,0,,1,10,15,17,1,,,,
asymmetric,4,2367,58,a,3,0,15168,16,168075,168075,168076,,,,168119,168086,168101,16,1:15,168102,168117,16,1:15,168103,168118,16,1:15,,,0,,,,0,,,,0,,,,0,,1,10,15,17,1,,,,
asymmetric,4,2368,58,a,3,16,15296,16,168122,168122,168123,,,,168166,168133,168148,16,1:15,168149,168164,16,1:15,168150,168165,16,1:15,,,0,,,,0,,,,0,,,,0,,1,10,15,17,1,,,,
asymmetric,4,2369,58,a,4,0,15424,16,168169,168169,168170,,,,168213,168180,168195,16,1:15,168196,168211,16,1:15,168197,168212,16,1:15,,,0,,,,0,,,,0,,,,0,,1,10,15,17,1,,,,
asymmetric,4,2370,58,a,4,16,15552,16,168216,168216,168217,,,,168260,168227,168242,16,1:15,168243,168258,16,1:15,168244,168259,16,1:15,,,0,,,,0,,,,0,,,,0,,1,10,15,17,1,,,,
asymmetric,4,2371,58,a,5,0,15680,16,168263,168263,168264,,,,168307,168274,168289,16,1:15,168290,168305,16,1:15,168291,168306,16,1:15,,,0,,,,0,,,,0,,,,0,,1,10,15,17,1,,,,
asymmetric,4,2372,58,a,5,16,15808,16,168310,168310,168311,,,,168354,168321,168336,16,1:15,168337,168352,16,1:15,168338,168353,16,1:15,,,0,,,,0,,,,0,,,,0,,1,10,15,17,1,,,,
asymmetric,4,2373,58,a,6,0,15936,16,168357,168357,168358,,,,168401,168368,168383,16,1:15,168384,168399,16,1:15,168385,168400,16,1:15,,,0,,,,0,,,,0,,,,0,,1,10,15,17,1,,,,
asymmetric,4,2374,58,a,6,16,16064,16,168404,168404,168405,,,,168448,168415,168430,16,1:15,168431,168446,16,1:15,168432,168447,16,1:15,,,0,,,,0,,,,0,,,,0,,1,10,15,17,1,,,,
asymmetric,4,2375,58,a,7,0,16192,16,168451,168451,168452,,,,168495,168462,168477,16,1:15,168478,168493,16,1:15,168479,168494,16,1:15,,,0,,,,0,,,,0,,,,0,,1,10,15,17,1,,,,
asymmetric,4,2376,58,a,7,16,16320,8,168498,168498,168499,,,,168526,168509,168516,8,1:7,168517,168524,8,1:7,168518,168525,8,1:7,,,0,,,,0,,,,0,,,,0,,1,10,7,9,1,,,,
asymmetric,4,2377,58,a,7,24,16384,8,168529,168529,168530,,,,168557,168540,168547,8,1:7,168548,168555,8,1:7,168549,168556,8,1:7,,,0,,,,0,,,,0,,,,0,,1,10,7,9,1,,,,
asymmetric,4,2378,58,bt,0,0,20928,16,168565,168565,168566,,,,168609,168576,168591,16,1:15,168592,168607,16,1:15,168593,168608,16,1:15,,,0,,,,0,,,,0,,,,0,,1,10,15,17,1,,,,
asymmetric,4,2379,58,bt,0,16,21056,16,168612,168612,168613,,,,168656,168623,168638,16,1:15,168639,168654,16,1:15,168640,168655,16,1:15,,,0,,,,0,,,,0,,,,0,,1,10,15,17,1,,,,
asymmetric,4,2380,58,bt,1,0,21184,16,168659,168659,168660,,,,168703,168670,168685,16,1:15,168686,168701,16,1:15,168687,168702,16,1:15,,,0,,,,0,,,,0,,,,0,,1,10,15,17,1,,,,
asymmetric,4,2381,58,bt,1,16,21312,16,168706,168706,168707,,,,168750,168717,168732,16,1:15,168733,168748,16,1:15,168734,168749,16,1:15,,,0,,,,0,,,,0,,,,0,,1,10,15,17,1,,,,
asymmetric,4,2382,58,bt,2,0,21440,16,168753,168753,168754,,,,168797,168764,168779,16,1:15,168780,168795,16,1:15,168781,168796,16,1:15,,,0,,,,0,,,,0,,,,0,,1,10,15,17,1,,,,
asymmetric,4,2383,58,bt,2,16,21568,16,168800,168800,168801,,,,168844,168811,168826,16,1:15,168827,168842,16,1:15,168828,168843,16,1:15,,,0,,,,0,,,,0,,,,0,,1,10,15,17,1,,,,
asymmetric,4,2384,58,bt,3,0,21696,16,168847,168847,168848,,,,168891,168858,168873,16,1:15,168874,168889,16,1:15,168875,168890,16,1:15,,,0,,,,0,,,,0,,,,0,,1,10,15,17,1,,,,
asymmetric,4,2385,58,bt,3,16,21824,16,168894,168894,168895,,,,168938,168905,168920,16,1:15,168921,168936,16,1:15,168922,168937,16,1:15,,,0,,,,0,,,,0,,,,0,,1,10,15,17,1,,,,
asymmetric,4,2386,58,bt,4,0,21952,16,168941,168941,168942,,,,168985,168952,168967,16,1:15,168968,168983,16,1:15,168969,168984,16,1:15,,,0,,,,0,,,,0,,,,0,,1,10,15,17,1,,,,
asymmetric,4,2387,58,bt,4,16,22080,16,168988,168988,168989,,,,169032,168999,169014,16,1:15,169015,169030,16,1:15,169016,169031,16,1:15,,,0,,,,0,,,,0,,,,0,,1,10,15,17,1,,,,
asymmetric,4,2388,58,bt,5,0,22208,16,169035,169035,169036,,,,169079,169046,169061,16,1:15,169062,169077,16,1:15,169063,169078,16,1:15,,,0,,,,0,,,,0,,,,0,,1,10,15,17,1,,,,
asymmetric,4,2389,58,bt,5,16,22336,16,169082,169082,169083,,,,169126,169093,169108,16,1:15,169109,169124,16,1:15,169110,169125,16,1:15,,,0,,,,0,,,,0,,,,0,,1,10,15,17,1,,,,
asymmetric,4,2390,58,bt,6,0,22464,16,169129,169129,169130,,,,169173,169140,169155,16,1:15,169156,169171,16,1:15,169157,169172,16,1:15,,,0,,,,0,,,,0,,,,0,,1,10,15,17,1,,,,
asymmetric,4,2391,58,bt,6,16,22592,16,169176,169176,169177,,,,169220,169187,169202,16,1:15,169203,169218,16,1:15,169204,169219,16,1:15,,,0,,,,0,,,,0,,,,0,,1,10,15,17,1,,,,
asymmetric,4,2392,58,bt,7,0,22720,16,169223,169223,169224,,,,169267,169234,169249,16,1:15,169250,169265,16,1:15,169251,169266,16,1:15,,,0,,,,0,,,,0,,,,0,,1,10,15,17,1,,,,
asymmetric,4,2393,58,bt,7,16,22848,16,169270,169270,169271,,,,169314,169281,169296,16,1:15,169297,169312,16,1:15,169298,169313,16,1:15,,,0,,,,0,,,,0,,,,0,,1,10,15,17,1,,,,
asymmetric,4,2394,58,c,0,0,47488,4,170404,170404,,170425,170424,170436,170437,,,0,,,,0,,,,0,,170406,170421,4,5:3,170408,170423,4,5:3,170409,170424,4,5:3,170425,170428,4,1:3,,,,,,20,4,8,1
asymmetric,4,2395,58,c,1,0,47744,4,170440,170440,,170461,170460,170472,170473,,,0,,,,0,,,,0,,170442,170457,4,5:3,170444,170459,4,5:3,170445,170460,4,5:3,170461,170464,4,1:3,,,,,,20,4,8,1
asymmetric,4,2396,58,c,2,0,48000,4,170476,170476,,170497,170496,170508,170509,,,0,,,,0,,,,0,,170478,170493,4,5:3,170480,170495,4,5:3,170481,170496,4,5:3,170497,170500,4,1:3,,,,,,20,4,8,1
asymmetric,4,2397,58,c,3,0,48256,4,170512,170512,,170533,170532,170544,170545,,,0,,,,0,,,,0,,170514,170529,4,5:3,170516,170531,4,5:3,170517,170532,4,5:3,170533,170536,4,1:3,,,,,,20,4,8,1
asymmetric,4,2398,58,c,4,0,48512,4,170548,170548,,170569,170568,170580,170581,,,0,,,,0,,,,0,,170550,170565,4,5:3,170552,170567,4,5:3,170553,170568,4,5:3,170569,170572,4,1:3,,,,,,20,4,8,1
asymmetric,4,2399,58,c,5,0,48768,4,170584,170584,,170605,170604,170616,170617,,,0,,,,0,,,,0,,170586,170601,4,5:3,170588,170603,4,5:3,170589,170604,4,5:3,170605,170608,4,1:3,,,,,,20,4,8,1
asymmetric,4,2400,58,c,6,0,49024,4,170620,170620,,170641,170640,170652,170653,,,0,,,,0,,,,0,,170622,170637,4,5:3,170624,170639,4,5:3,170625,170640,4,5:3,170641,170644,4,1:3,,,,,,20,4,8,1
asymmetric,4,2401,58,c,7,0,49280,4,170656,170656,,170677,170676,170688,170689,,,0,,,,0,,,,0,,170658,170673,4,5:3,170660,170675,4,5:3,170661,170676,4,5:3,170677,170680,4,1:3,,,,,,20,4,8,1
asymmetric,4,2402,59,a,0,0,14400,16,170698,170698,170699,,,,170742,170709,170724,16,1:15,170725,170740,16,1:15,170726,170741,16,1:15,,,0,,,,0,,,,0,,,,0,,1,10,15,17,1,,,,
asymmetric,4,2403,59,a,0,16,14528,16,170745,170745,170746,,,,170789,170756,170771,16,1:15,170772,170787,16,1:15,170773,170788,16,1:15,,,0,,,,0,,,,0,,,,0,,1,10,15,17,1,,,,
asymmetric,4,2404,59,a,1,0,14656,16,170792,170792,170793,,,,170836,170803,170818,16,1:15,170819,170834,16,1:15,170820,170835,16,1:15,,,0,,,,0,,,,0,,,,0,,1,10,15,17,1,,,,
asymmetric,4,2405,59,a,1,16,14784,16,170839,170839,170840,,,,170883,170850,170865,16,1:15,170866,170881,16,1:15,170867,170882,16,1:15,,,0,,,,0,,,,0,,,,0,,1,10,15,17,1,,,,
asymmetric,4,2406,59,a,2,0,14912,16,170886,170886,170887,,,,170930,170897,170912,16,1:15,170913,170928,16,1:15,170914,170929,16,1:15,,,0,,,,0,,,,0,,,,0,,1,10,15,17,1,,,,
asymmetric,4,2407,59,a,2,16,15040,16,170933,170933,170934,,,,170977,170944,170959,16,1:15,170960,170975,16,1:15,170961,170976,16,1:15,,,0,,,,0,,,,0,,,,0,,1,10,15,17,1,,,,
asymmetric,4,2408,59,a,3,0,15168,16,170980,170980,170981,,,,171024,170991,171006,16,1:15,171007,171022,16,1:15,171008,171023,16,1:15,,,0,,,,0,,,,0,,,,0,,1,10,15,17,1,,,,
asymmetric,4,2409,59,a,3,16,15296,16,171027,171027,171028,,,,171071,171038,171053,16,1:15,171054,171069,16,1:15,171055,171070,16,1:15,,,0,,,,0,,,,0,,,,0,,1,10,15,17,1,,,,
asymmetric,4,2410,59,a,4,0,15424,16,171074,171074,171075,,,,171118,171085,171100,16,1:15,171101,171116,16,1:15,171102,171117,16,1:15,,,0,,,,0,,,,0,,,,0,,1,10,15,17,1,,,,
asymmetric,4,2411,59,a,4,16,15552,16,171121,171121,171122,,,,171165,171132,171147,16,1:15,171148,171163,16,1:15,171149,171164,16,1:15,,,0,,,,0,,,,0,,,,0,,1,10,15,17,1,,,,
asymmetric,4,2412,59,a,5,0,15680,16,171168,171168,171169,,,,171212,171179,171194,16,1:15,171195,171210,16,1:15,171196,171211,16,1:15,,,0,,,,0,,,,0,,,,0,,1,10,15,17,1,,,,
asymmetric,4,2413,59,a,5,16,15808,16,171215,171215,171216,,,,171259,171226,171241,16,1:15,171242,171257,16,1:15,171243,171258,16,1:15,,,0,,,,0,,,,0,,,,0,,1,10,15,17,1,,,,
asymmetric,4,2414,59,a,6,0,15936,16,171262,171262,171263,,,,171306,171273,171288,16,1:15,171289,171304,16,1:15,171290,171305,16,1:15,,,0,,,,0,,,,0,,,,0,,1,10,15,17,1,,,,
asymmetric,4,2415,59,a,6,16,16064,16,171309,171309,171310,,,,171353,171320,171335,16,1:15,171336,171351,16,1:15,171337,171352,16,1:15,,,0,,,,0,,,,0,,,,0,,1,10,15,17,1,,,,
asymmetric,4,2416,59,a,7,0,16192,16,171356,171356,171357,,,,171400,171367,171382,16,1:15,171383,171398,16,1:15,171384,171399,16,1:15,,,0,,,,0,,,,0,,,,0,,1,10,15,17,1,,,,
asymmetric,4,2417,59,a,7,16,16320,8,171403,171403,171404,,,,171431,171414,171421,8,1:7,171422,171429,8,1:7,171423,171430,8,1:7,,,0,,,,0,,,,0,,,,0,,1,10,7,9,1,,,,
asymmetric,4,2418,59,a,7,24,16384,8,171434,171434,171435,,,,171462,171445,171452,8,1:7,171453,171460,8,1:7,171454,171461,8,1:7,,,0,,,,0,,,,0,,,,0,,1,10,7,9,1,,,,
asymmetric,4,2419,59,bt,0,0,22976,16,171470,171470,171471,,,,171514,171481,171496,16,1:15,171497,171512,16,1:15,171498,171513,16,1:15,,,0,,,,0,,,,0,,,,0,,1,10,15,17,1,,,,
asymmetric,4,2420,59,bt,0,16,23104,16,171517,171517,171518,,,,171561,171528,171543,16,1:15,171544,171559,16,1:15,171545,171560,16,1:15,,,0,,,,0,,,,0,,,,0,,1,10,15,17,1,,,,
asymmetric,4,2421,59,bt,1,0,23232,16,171564,171564,171565,,,,171608,171575,171590,16,1:15,171591,171606,16,1:15,171592,171607,16,1:15,,,0,,,,0,,,,0,,,,0,,1,10,15,17,1,,,,
asymmetric,4,2422,59,bt,1,16,23360,16,171611,171611,171612,,,,171655,171622,171637,16,1:15,171638,171653,16,1:15,171639,171654,16,1:15,,,0,,,,0,,,,0,,,,0,,1,10,15,17,1,,,,
asymmetric,4,2423,59,bt,2,0,23488,16,171658,171658,171659,,,,171702,171669,171684,16,1:15,171685,171700,16,1:15,171686,171701,16,1:15,,,0,,,,0,,,,0,,,,0,,1,10,15,17,1,,,,
asymmetric,4,2424,59,bt,2,16,23616,16,171705,171705,171706,,,,171749,171716,171731,16,1:15,171732,171747,16,1:15,171733,171748,16,1:15,,,0,,,,0,,,,0,,,,0,,1,10,15,17,1,,,,
asymmetric,4,2425,59,bt,3,0,23744,16,171752,171752,171753,,,,171796,171763,171778,16,1:15,171779,171794,16,1:15,171780,171795,16,1:15,,,0,,,,0,,,,0,,,,0,,1,10,15,17,1,,,,
asymmetric,4,2426,59,bt,3,16,23872,16,171799,171799,171800,,,,171843,171810,171825,16,1:15,171826,171841,16,1:15,171827,171842,16,1:15,,,0,,,,0,,,,0,,,,0,,1,10,15,17,1,,,,
asymmetric,4,2427,59,bt,4,0,24000,16,171846,171846,171847,,,,171890,171857,171872,16,1:15,171873,171888,16,1:15,171874,171889,16,1:15,,,0,,,,0,,,,0,,,,0,,1,10,15,17,1,,,,
asymmetric,4,2428,59,bt,4,16,24128,16,171893,171893,171894,,,,171937,171904,171919,16,1:15,171920,171935,16,1:15,171921,171936,16,1:15,,,0,,,,0,,,,0,,,,0,,1,10,15,17,1,,,,
asymmetric,4,2429,59,bt,5,0,24256,16,171940,171940,171941,,,,171984,171951,171966,16,1:15,171967,171982,16,1:15,171968,171983,16,1:15,,,0,,,,0,,,,0,,,,0,,1,10,15,17,1,,,,
asymmetric,4,2430,59,bt,5,16,24384,16,171987,171987,171988,,,,172031,171998,172013,16,1:15,172014,172029,16,1:15,172015,172030,16,1:15,,,0,,,,0,,,,0,,,,0,,1,10,15,17,1,,,,
asymmetric,4,2431,59,bt,6,0,24512,8,172034,172034,172035,,,,172062,172045,172052,8,1:7,172053,172060,8,1:7,172054,172061,8,1:7,,,0,,,,0,,,,0,,,,0,,1,10,7,9,1,,,,
asymmetric,4,2432,59,bt,6,8,24576,16,172065,172065,172066,,,,172109,172076,172091,16,1:15,172092,172107,16,1:15,172093,172108,16,1:15,,,0,,,,0,,,,0,,,,0,,1,10,15,17,1,,,,
asymmetric,4,2433,59,bt,6,24,24704,8,172112,172112,172113,,,,172140,172123,172130,8,1:7,172131,172138,8,1:7,172132,172139,8,1:7,,,0,,,,0,,,,0,,,,0,,1,10,7,9,1,,,,
asymmetric,4,2434,59,bt,7,0,24768,16,172143,172143,172144,,,,172187,172154,172169,16,1:15,172170,172185,16,1:15,172171,172186,16,1:15,,,0,,,,0,,,,0,,,,0,,1,10,15,17,1,,,,
asymmetric,4,2435,59,bt,7,16,24896,16,172190,172190,172191,,,,172234,172201,172216,16,1:15,172217,172232,16,1:15,172218,172233,16,1:15,,,0,,,,0,,,,0,,,,0,,1,10,15,17,1,,,,
asymmetric,4,2436,59,c,0,0,47520,4,173324,173324,,173345,173344,173356,173357,,,0,,,,0,,,,0,,173326,173341,4,5:3,173328,173343,4,5:3,173329,173344,4,5:3,173345,173348,4,1:3,,,,,,20,4,8,1
asymmetric,4,2437,59,c,1,0,47776,4,173360,173360,,173381,173380,173392,173393,,,0,,,,0,,,,0,,173362,173377,4,5:3,173364,173379,4,5:3,173365,173380,4,5:3,173381,173384,4,1:3,,,,,,20,4,8,1
asymmetric,4,2438,59,c,2,0,48032,4,173396,173396,,173417,173416,173428,173429,,,0,,,,0,,,,0,,173398,173413,4,5:3,173400,173415,4,5:3,173401,173416,4,5:3,173417,173420,4,1:3,,,,,,20,4,8,1
asymmetric,4,2439,59,c,3,0,48288,4,173432,173432,,173453,173452,173464,173465,,,0,,,,0,,,,0,,173434,173449,4,5:3,173436,173451,4,5:3,173437,173452,4,5:3,173453,173456,4,1:3,,,,,,20,4,8,1
asymmetric,4,2440,59,c,4,0,48544,4,173468,173468,,173489,173488,173500,173501,,,0,,,,0,,,,0,,173470,173485,4,5:3,173472,173487,4,5:3,173473,173488,4,5:3,173489,173492,4,1:3,,,,,,20,4,8,1
asymmetric,4,2441,59,c,5,0,48800,4,173504,173504,,173525,173524,173536,173537,,,0,,,,0,,,,0,,173506,173521,4,5:3,173508,173523,4,5:3,173509,173524,4,5:3,173525,173528,4,1:3,,,,,,20,4,8,1
asymmetric,4,2442,59,c,6,0,49056,4,173540,173540,,173561,173560,173572,173573,,,0,,,,0,,,,0,,173542,173557,4,5:3,173544,173559,4,5:3,173545,173560,4,5:3,173561,173564,4,1:3,,,,,,20,4,8,1
asymmetric,4,2443,59,c,7,0,49312,4,173576,173576,,173597,173596,173608,173609,,,0,,,,0,,,,0,,173578,173593,4,5:3,173580,173595,4,5:3,173581,173596,4,5:3,173597,173600,4,1:3,,,,,,20,4,8,1
asymmetric,4,2444,60,a,0,0,14400,16,173618,173618,173619,,,,173662,173629,173644,16,1:15,173645,173660,16,1:15,173646,173661,16,1:15,,,0,,,,0,,,,0,,,,0,,1,10,15,17,1,,,,
asymmetric,4,2445,60,a,0,16,14528,16,173665,173665,173666,,,,173709,173676,173691,16,1:15,173692,173707,16,1:15,173693,173708,16,1:15,,,0,,,,0,,,,0,,,,0,,1,10,15,17,1,,,,
asymmetric,4,2446,60,a,1,0,14656,16,173712,173712,173713,,,,173756,173723,173738,16,1:15,173739,173754,16,1:15,173740,173755,16,1:15,,,0,,,,0,,,,0,,,,0,,1,10,15,17,1,,,,
asymmetric,4,2447,60,a,1,16,14784,16,173759,173759,173760,,,,173803,173770,173785,16,1:15,173786,173801,16,1:15,173787,173802,16,1:15,,,0,,,,0,,,,0,,,,0,,1,10,15,17,1,,,,
asymmetric,4,2448,60,a,2,0,14912,16,173806,173806,173807,,,,173850,173817,173832,16,1:15,173833,173848,16,1:15,173834,173849,16,1:15,,,0,,,,0,,,,0,,,,0,,1,10,15,17,1,,,,
asymmetric,4,2449,60,a,2,16,15040,16,173853,173853,173854,,,,173897,173864,173879,16,1:15,173880,173895,16,1:15,173881,173896,16,1:15,,,0,,,,0,,,,0,,,,0,,1,10,15,17,1,,,,
asymmetric,4,2450,60,a,3,0,15168,16,173900,173900,173901,,,,173944,173911,173926,16,1:15,173927,173942,16,1:15,173928,173943,16,1:15,,,0,,,,0,,,,0,,,,0,,1,10,15,17,1,,,,
asymmetric,4,2451,60,a,3,16,15296,16,173947,173947,173948,,,,173991,173958,173973,16,1:15,173974,173989,16,1:15,173975,173990,16,1:15,,,0,,,,0,,,,0,,,,0,,1,10,15,17,1,,,,
asymmetric,4,2452,60,a,4,0,15424,16,173994,173994,173995,,,,174038,174005,174020,16,1:15,174021,174036,16,1:15,174022,174037,16,1:15,,,0,,,,0,,,,0,,,,0,,1,10,15,17,1,,,,
asymmetric,4,2453,60,a,4,16,15552,16,174041,174041,174042,,,,174085,174052,174067,16,1:15,174068,174083,16,1:15,174069,174084,16,1:15,,,0,,,,0,,,,0,,,,0,,1,10,15,17,1,,,,
asymmetric,4,2454,60,a,5,0,15680,16,174088,174088,174089,,,,174132,174099,174114,16,1:15,174115,174130,16,1:15,174116,174131,16,1:15,,,0,,,,0,,,,0,,,,0,,1,10,15,17,1,,,,
asymmetric,4,2455,60,a,5,16,15808,16,174135,174135,174136,,,,174179,174146,174161,16,1:15,174162,174177,16,1:15,174163,174178,16,1:15,,,0,,,,0,,,,0,,,,0,,1,10,15,17,1,,,,
asymmetric,4,2456,60,a,6,0,15936,16,174182,174182,174183,,,,174226,174193,174208,16,1:15,174209,174224,16,1:15,174210,174225,16,1:15,,,0,,,,0,,,,0,,,,0,,1,10,15,17,1,,,,
asymmetric,4,2457,60,a,6,16,16064,16,174229,174229,174230,,,,174273,174240,174255,16,1:15,174256,174271,16,1:15,174257,174272,16,1:15,,,0,,,,0,,,,0,,,,0,,1,10,15,17,1,,,,
asymmetric,4,2458,60,a,7,0,16192,16,174276,174276,174277,,,,174320,174287,174302,16,1:15,174303,174318,16,1:15,174304,174319,16,1:15,,,0,,,,0,,,,0,,,,0,,1,10,15,17,1,,,,
asymmetric,4,2459,60,a,7,16,16320,8,174323,174323,174324,,,,174351,174334,174341,8,1:7,174342,174349,8,1:7,174343,174350,8,1:7,,,0,,,,0,,,,0,,,,0,,1,10,7,9,1,,,,
asymmetric,4,2460,60,a,7,24,16384,8,174354,174354,174355,,,,174382,174365,174372,8,1:7,174373,174380,8,1:7,174374,174381,8,1:7,,,0,,,,0,,,,0,,,,0,,1,10,7,9,1,,,,
asymmetric,4,2461,60,bt,0,0,25024,16,174390,174390,174391,,,,174434,174401,174416,16,1:15,174417,174432,16,1:15,174418,174433,16,1:15,,,0,,,,0,,,,0,,,,0,,1,10,15,17,1,,,,
asymmetric,4,2462,60,bt,0,16,25152,16,174437,174437,174438,,,,174481,174448,174463,16,1:15,174464,174479,16,1:15,174465,174480,16,1:15,,,0,,,,0,,,,0,,,,0,,1,10,15,17,1,,,,
asymmetric,4,2463,60,bt,1,0,25280,16,174484,174484,174485,,,,174528,174495,174510,16,1:15,174511,174526,16,1:15,174512,174527,16,1:15,,,0,,,,0,,,,0,,,,0,,1,10,15,17,1,,,,
asymmetric,4,2464,60,bt,1,16,25408,16,174531,174531,174532,,,,174575,174542,174557,16,1:15,174558,174573,16,1:15,174559,174574,16,1:15,,,0,,,,0,,,,0,,,,0,,1,10,15,17,1,,,,
asymmetric,4,2465,60,bt,2,0,25536,16,174578,174578,174579,,,,174622,174589,174604,16,1:15,174605,174620,16,1:15,174606,174621,16,1:15,,,0,,,,0,,,,0,,,,0,,1,10,15,17,1,,,,
asymmetric,4,2466,60,bt,2,16,25664,16,174625,174625,174626,,,,174669,174636,174651,16,1:15,174652,174667,16,1:15,174653,174668,16,1:15,,,0,,,,0,,,,0,,,,0,,1,10,15,17,1,,,,
asymmetric,4,2467,60,bt,3,0,25792,16,174672,174672,174673,,,,174716,174683,174698,16,1:15,174699,174714,16,1:15,174700,174715,16,1:15,,,0,,,,0,,,,0,,,,0,,1,10,15,17,1,,,,
asymmetric,4,2468,60,bt,3,16,25920,16,174719,174719,174720,,,,174763,174730,174745,16,1:15,174746,174761,16,1:15,174747,174762,16,1:15,,,0,,,,0,,,,0,,,,0,,1,10,15,17,1,,,,
asymmetric,4,2469,60,bt,4,0,26048,16,174766,174766,174767,,,,174810,174777,174792,16,1:15,174793,174808,16,1:15,174794,174809,16,1:15,,,0,,,,0,,,,0,,,,0,,1,10,15,17,1,,,,
asymmetric,4,2470,60,bt,4,16,26176,16,174813,174813,174814,,,,174857,174824,174839,16,1:15,174840,174855,16,1:15,174841,174856,16,1:15,,,0,,,,0,,,,0,,,,0,,1,10,15,17,1,,,,
asymmetric,4,2471,60,bt,5,0,26304,16,174860,174860,174861,,,,174904,174871,174886,16,1:15,174887,174902,16,1:15,174888,174903,16,1:15,,,0,,,,0,,,,0,,,,0,,1,10,15,17,1,,,,
asymmetric,4,2472,60,bt,5,16,26432,16,174907,174907,174908,,,,174951,174918,174933,16,1:15,174934,174949,16,1:15,174935,174950,16,1:15,,,0,,,,0,,,,0,,,,0,,1,10,15,17,1,,,,
asymmetric,4,2473,60,bt,6,0,26560,16,174954,174954,174955,,,,174998,174965,174980,16,1:15,174981,174996,16,1:15,174982,174997,16,1:15,,,0,,,,0,,,,0,,,,0,,1,10,15,17,1,,,,
asymmetric,4,2474,60,bt,6,16,26688,16,175001,175001,175002,,,,175045,175012,175027,16,1:15,175028,175043,16,1:15,175029,175044,16,1:15,,,0,,,,0,,,,0,,,,0,,1,10,15,17,1,,,,
asymmetric,4,2475,60,bt,7,0,26816,16,175048,175048,175049,,,,175092,175059,175074,16,1:15,175075,175090,16,1:15,175076,175091,16,1:15,,,0,,,,0,,,,0,,,,0,,1,10,15,17,1,,,,
asymmetric,4,2476,60,bt,7,16,26944,16,175095,175095,175096,,,,175139,175106,175121,16,1:15,175122,175137,16,1:15,175123,175138,16,1:15,,,0,,,,0,,,,0,,,,0,,1,10,15,17,1,,,,
asymmetric,4,2477,60,c,0,0,47552,4,176229,176229,,176250,176249,176261,176262,,,0,,,,0,,,,0,,176231,176246,4,5:3,176233,176248,4,5:3,176234,176249,4,5:3,176250,176253,4,1:3,,,,,,20,4,8,1
asymmetric,4,2478,60,c,1,0,47808,4,176265,176265,,176286,176285,176297,176298,,,0,,,,0,,,,0,,176267,176282,4,5:3,176269,176284,4,5:3,176270,176285,4,5:3,176286,176289,4,1:3,,,,,,20,4,8,1
asymmetric,4,2479,60,c,2,0,48064,4,176301,176301,,176322,176321,176333,176334,,,0,,,,0,,,,0,,176303,176318,4,5:3,176305,176320,4,5:3,176306,176321,4,5:3,176322,176325,4,1:3,,,,,,20,4,8,1
asymmetric,4,2480,60,c,3,0,48320,4,176337,176337,,176358,176357,176369,176370,,,0,,,,0,,,,0,,176339,176354,4,5:3,176341,176356,4,5:3,176342,176357,4,5:3,176358,176361,4,1:3,,,,,,20,4,8,1
asymmetric,4,2481,60,c,4,0,48576,4,176373,176373,,176394,176393,176405,176406,,,0,,,,0,,,,0,,176375,176390,4,5:3,176377,176392,4,5:3,176378,176393,4,5:3,176394,176397,4,1:3,,,,,,20,4,8,1
asymmetric,4,2482,60,c,5,0,48832,4,176409,176409,,176430,176429,176441,176442,,,0,,,,0,,,,0,,176411,176426,4,5:3,176413,176428,4,5:3,176414,176429,4,5:3,176430,176433,4,1:3,,,,,,20,4,8,1
asymmetric,4,2483,60,c,6,0,49088,4,176445,176445,,176466,176465,176477,176478,,,0,,,,0,,,,0,,176447,176462,4,5:3,176449,176464,4,5:3,176450,176465,4,5:3,176466,176469,4,1:3,,,,,,20,4,8,1
asymmetric,4,2484,60,c,7,0,49344,4,176481,176481,,176502,176501,176513,176514,,,0,,,,0,,,,0,,176483,176498,4,5:3,176485,176500,4,5:3,176486,176501,4,5:3,176502,176505,4,1:3,,,,,,20,4,8,1
asymmetric,4,2485,61,a,0,0,14400,16,176523,176523,176524,,,,176567,176534,176549,16,1:15,176550,176565,16,1:15,176551,176566,16,1:15,,,0,,,,0,,,,0,,,,0,,1,10,15,17,1,,,,
asymmetric,4,2486,61,a,0,16,14528,16,176570,176570,176571,,,,176614,176581,176596,16,1:15,176597,176612,16,1:15,176598,176613,16,1:15,,,0,,,,0,,,,0,,,,0,,1,10,15,17,1,,,,
asymmetric,4,2487,61,a,1,0,14656,16,176617,176617,176618,,,,176661,176628,176643,16,1:15,176644,176659,16,1:15,176645,176660,16,1:15,,,0,,,,0,,,,0,,,,0,,1,10,15,17,1,,,,
asymmetric,4,2488,61,a,1,16,14784,16,176664,176664,176665,,,,176708,176675,176690,16,1:15,176691,176706,16,1:15,176692,176707,16,1:15,,,0,,,,0,,,,0,,,,0,,1,10,15,17,1,,,,
asymmetric,4,2489,61,a,2,0,14912,16,176711,176711,176712,,,,176755,176722,176737,16,1:15,176738,176753,16,1:15,176739,176754,16,1:15,,,0,,,,0,,,,0,,,,0,,1,10,15,17,1,,,,
asymmetric,4,2490,61,a,2,16,15040,16,176758,176758,176759,,,,176802,176769,176784,16,1:15,176785,176800,16,1:15,176786,176801,16,1:15,,,0,,,,0,,,,0,,,,0,,1,10,15,17,1,,,,
asymmetric,4,2491,61,a,3,0,15168,16,176805,176805,176806,,,,176849,176816,176831,16,1:15,176832,176847,16,1:15,176833,176848,16,1:15,,,0,,,,0,,,,0,,,,0,,1,10,15,17,1,,,,
asymmetric,4,2492,61,a,3,16,15296,16,176852,176852,176853,,,,176896,176863,176878,16,1:15,176879,176894,16,1:15,176880,176895,16,1:15,,,0,,,,0,,,,0,,,,0,,1,10,15,17,1,,,,
asymmetric,4,2493,61,a,4,0,15424,16,176899,176899,176900,,,,176943,176910,176925,16,1:15,176926,176941,16,1:15,176927,176942,16,1:15,,,0,,,,0,,,,0,,,,0,,1,10,15,17,1,,,,
asymmetric,4,2494,61,a,4,16,15552,16,176946,176946,176947,,,,176990,176957,176972,16,1:15,176973,176988,16,1:15,176974,176989,16,1:15,,,0,,,,0,,,,0,,,,0,,1,10,15,17,1,,,,
asymmetric,4,2495,61,a,5,0,15680,16,176993,176993,176994,,,,177037,177004,177019,16,1:15,177020,177035,16,1:15,177021,177036,16,1:15,,,0,,,,0,,,,0,,,,0,,1,10,15,17,1,,,,
asymmetric,4,2496,61,a,5,16,15808,16,177040,177040,177041,,,,177084,177051,177066,16,1:15,177067,177082,16,1:15,177068,177083,16,1:15,,,0,,,,0,,,,0,,,,0,,1,10,15,17,1,,,,
asymmetric,4,2497,61,a,6,0,15936,16,177087,177087,177088,,,,177131,177098,177113,16,1:15,177114,177129,16,1:15,177115,177130,16,1:15,,,0,,,,0,,,,0,,,,0,,1,10,15,17,1,,,,
asymmetric,4,2498,61,a,6,16,16064,16,177134,177134,177135,,,,177178,177145,177160,16,1:15,177161,177176,16,1:15,177162,177177,16,1:15,,,0,,,,0,,,,0,,,,0,,1,10,15,17,1,,,,
asymmetric,4,2499,61,a,7,0,16192,16,177181,177181,177182,,,,177225,177192,177207,16,1:15,177208,177223,16,1:15,177209,177224,16,1:15,,,0,,,,0,,,,0,,,,0,,1,10,15,17,1,,,,
asymmetric,4,2500,61,a,7,16,16320,8,177228,177228,177229,,,,177256,177239,177246,8,1:7,177247,177254,8,1:7,177248,177255,8,1:7,,,0,,,,0,,,,0,,,,0,,1,10,7,9,1,,,,
asymmetric,4,2501,61,a,7,24,16384,8,177259,177259,177260,,,,177287,177270,177277,8,1:7,177278,177285,8,1:7,177279,177286,8,1:7,,,0,,,,0,,,,0,,,,0,,1,10,7,9,1,,,,
asymmetric,4,2502,61,bt,0,0,27072,16,177295,177295,177296,,,,177339,177306,177321,16,1:15,177322,177337,16,1:15,177323,177338,16,1:15,,,0,,,,0,,,,0,,,,0,,1,10,15,17,1,,,,
asymmetric,4,2503,61,bt,0,16,27200,16,177342,177342,177343,,,,177386,177353,177368,16,1:15,177369,177384,16,1:15,177370,177385,16,1:15,,,0,,,,0,,,,0,,,,0,,1,10,15,17,1,,,,
asymmetric,4,2504,61,bt,1,0,27328,16,177389,177389,177390,,,,177433,177400,177415,16,1:15,177416,177431,16,1:15,177417,177432,16,1:15,,,0,,,,0,,,,0,,,,0,,1,10,15,17,1,,,,
asymmetric,4,2505,61,bt,1,16,27456,16,177436,177436,177437,,,,177480,177447,177462,16,1:15,177463,177478,16,1:15,177464,177479,16,1:15,,,0,,,,0,,,,0,,,,0,,1,10,15,17,1,,,,
asymmetric,4,2506,61,bt,2,0,27584,16,177483,177483,177484,,,,177527,177494,177509,16,1:15,177510,177525,16,1:15,177511,177526,16,1:15,,,0,,,,0,,,,0,,,,0,,1,10,15,17,1,,,,
asymmetric,4,2507,61,bt,2,16,27712,16,177530,177530,177531,,,,177574,177541,177556,16,1:15,177557,177572,16,1:15,177558,177573,16,1:15,,,0,,,,0,,,,0,,,,0,,1,10,15,17,1,,,,
asymmetric,4,2508,61,bt,3,0,27840,16,177577,177577,177578,,,,177621,177588,177603,16,1:15,177604,177619,16,1:15,177605,177620,16,1:15,,,0,,,,0,,,,0,,,,0,,1,10,15,17,1,,,,
asymmetric,4,2509,61,bt,3,16,27968,16,177624,177624,177625,,,,177668,177635,177650,16,1:15,177651,177666,16,1:15,177652,177667,16,1:15,,,0,,,,0,,,,0,,,,0,,1,10,15,17,1,,,,
asymmetric,4,2510,61,bt,4,0,28096,16,177671,177671,177672,,,,177715,177682,177697,16,1:15,177698,177713,16,1:15,177699,177714,16,1:15,,,0,,,,0,,,,0,,,,0,,1,10,15,17,1,,,,
asymmetric,4,2511,61,bt,4,16,28224,16,177718,177718,177719,,,,177762,177729,177744,16,1:15,177745,177760,16,1:15,177746,177761,16,1:15,,,0,,,,0,,,,0,,,,0,,1,10,15,17,1,,,,
asymmetric,4,2512,61,bt,5,0,28352,16,177765,177765,177766,,,,177809,177776,177791,16,1:15,177792,177807,16,1:15,177793,177808,16,1:15,,,0,,,,0,,,,0,,,,0,,1,10,15,17,1,,,,
asymmetric,4,2513,61,bt,5,16,28480,16,177812,177812,177813,,,,177856,177823,177838,16,1:15,177839,177854,16,1:15,177840,177855,16,1:15,,,0,,,,0,,,,0,,,,0,,1,10,15,17,1,,,,
asymmetric,4,2514,61,bt,6,0,28608,8,177859,177859,177860,,,,177887,177870,177877,8,1:7,177878,177885,8,1:7,177879,177886,8,1:7,,,0,,,,0,,,,0,,,,0,,1,10,7,9,1,,,,
asymmetric,4,2515,61,bt,6,8,28672,16,177890,177890,177891,,,,177934,177901,177916,16,1:15,177917,177932,16,1:15,177918,177933,16,1:15,,,0,,,,0,,,,0,,,,0,,1,10,15,17,1,,,,
asymmetric,4,2516,61,bt,6,24,28800,8,177937,177937,177938,,,,177965,177948,177955,8,1:7,177956,177963,8,1:7,177957,177964,8,1:7,,,0,,,,0,,,,0,,,,0,,1,10,7,9,1,,,,
asymmetric,4,2517,61,bt,7,0,28864,16,177968,177968,177969,,,,178012,177979,177994,16,1:15,177995,178010,16,1:15,177996,178011,16,1:15,,,0,,,,0,,,,0,,,,0,,1,10,15,17,1,,,,
asymmetric,4,2518,61,bt,7,16,28992,16,178015,178015,178016,,,,178059,178026,178041,16,1:15,178042,178057,16,1:15,178043,178058,16,1:15,,,0,,,,0,,,,0,,,,0,,1,10,15,17,1,,,,
asymmetric,4,2519,61,c,0,0,47584,4,179149,179149,,179170,179169,179181,179182,,,0,,,,0,,,,0,,179151,179166,4,5:3,179153,179168,4,5:3,179154,179169,4,5:3,179170,179173,4,1:3,,,,,,20,4,8,1
asymmetric,4,2520,61,c,1,0,47840,4,179185,179185,,179206,179205,179217,179218,,,0,,,,0,,,,0,,179187,179202,4,5:3,179189,179204,4,5:3,179190,179205,4,5:3,179206,179209,4,1:3,,,,,,20,4,8,1
asymmetric,4,2521,61,c,2,0,48096,4,179221,179221,,179242,179241,179253,179254,,,0,,,,0,,,,0,,179223,179238,4,5:3,179225,179240,4,5:3,179226,179241,4,5:3,179242,179245,4,1:3,,,,,,20,4,8,1
asymmetric,4,2522,61,c,3,0,48352,4,179257,179257,,179278,179277,179289,179290,,,0,,,,0,,,,0,,179259,179274,4,5:3,179261,179276,4,5:3,179262,179277,4,5:3,179278,179281,4,1:3,,,,,,20,4,8,1
asymmetric,4,2523,61,c,4,0,48608,4,179293,179293,,179314,179313,179325,179326,,,0,,,,0,,,,0,,179295,179310,4,5:3,179297,179312,4,5:3,179298,179313,4,5:3,179314,179317,4,1:3,,,,,,20,4,8,1
asymmetric,4,2524,61,c,5,0,48864,4,179329,179329,,179350,179349,179361,179362,,,0,,,,0,,,,0,,179331,179346,4,5:3,179333,179348,4,5:3,179334,179349,4,5:3,179350,179353,4,1:3,,,,,,20,4,8,1
asymmetric,4,2525,61,c,6,0,49120,4,179365,179365,,179386,179385,179397,179398,,,0,,,,0,,,,0,,179367,179382,4,5:3,179369,179384,4,5:3,179370,179385,4,5:3,179386,179389,4,1:3,,,,,,20,4,8,1
asymmetric,4,2526,61,c,7,0,49376,4,179401,179401,,179422,179421,179433,179434,,,0,,,,0,,,,0,,179403,179418,4,5:3,179405,179420,4,5:3,179406,179421,4,5:3,179422,179425,4,1:3,,,,,,20,4,8,1
asymmetric,4,2527,62,a,0,0,14400,16,179443,179443,179444,,,,179487,179454,179469,16,1:15,179470,179485,16,1:15,179471,179486,16,1:15,,,0,,,,0,,,,0,,,,0,,1,10,15,17,1,,,,
asymmetric,4,2528,62,a,0,16,14528,16,179490,179490,179491,,,,179534,179501,179516,16,1:15,179517,179532,16,1:15,179518,179533,16,1:15,,,0,,,,0,,,,0,,,,0,,1,10,15,17,1,,,,
asymmetric,4,2529,62,a,1,0,14656,16,179537,179537,179538,,,,179581,179548,179563,16,1:15,179564,179579,16,1:15,179565,179580,16,1:15,,,0,,,,0,,,,0,,,,0,,1,10,15,17,1,,,,
asymmetric,4,2530,62,a,1,16,14784,16,179584,179584,179585,,,,179628,179595,179610,16,1:15,179611,179626,16,1:15,179612,179627,16,1:15,,,0,,,,0,,,,0,,,,0,,1,10,15,17,1,,,,
asymmetric,4,2531,62,a,2,0,14912,16,179631,179631,179632,,,,179675,179642,179657,16,1:15,179658,179673,16,1:15,179659,179674,16,1:15,,,0,,,,0,,,,0,,,,0,,1,10,15,17,1,,,,
asymmetric,4,2532,62,a,2,16,15040,16,179678,179678,179679,,,,179722,179689,179704,16,1:15,179705,179720,16,1:15,179706,179721,16,1:15,,,0,,,,0,,,,0,,,,0,,1,10,15,17,1,,,,
asymmetric,4,2533,62,a,3,0,15168,16,179725,179725,179726,,,,179769,179736,179751,16,1:15,179752,179767,16,1:15,179753,179768,16,1:15,,,0,,,,0,,,,0,,,,0,,1,10,15,17,1,,,,
asymmetric,4,2534,62,a,3,16,15296,16,179772,179772,179773,,,,179816,179783,179798,16,1:15,179799,179814,16,1:15,179800,179815,16,1:15,,,0,,,,0,,,,0,,,,0,,1,10,15,17,1,,,,
asymmetric,4,2535,62,a,4,0,15424,16,179819,179819,179820,,,,179863,179830,179845,16,1:15,179846,179861,16,1:15,179847,179862,16,1:15,,,0,,,,0,,,,0,,,,0,,1,10,15,17,1,,,,
asymmetric,4,2536,62,a,4,16,15552,16,179866,179866,179867,,,,179910,179877,179892,16,1:15,179893,179908,16,1:15,179894,179909,16,1:15,,,0,,,,0,,,,0,,,,0,,1,10,15,17,1,,,,
asymmetric,4,2537,62,a,5,0,15680,16,179913,179913,179914,,,,179957,179924,179939,16,1:15,179940,179955,16,1:15,179941,179956,16,1:15,,,0,,,,0,,,,0,,,,0,,1,10,15,17,1,,,,
asymmetric,4,2538,62,a,5,16,15808,16,179960,179960,179961,,,,180004,179971,179986,16,1:15,179987,180002,16,1:15,179988,180003,16,1:15,,,0,,,,0,,,,0,,,,0,,1,10,15,17,1,,,,
asymmetric,4,2539,62,a,6,0,15936,16,180007,180007,180008,,,,180051,180018,180033,16,1:15,180034,180049,16,1:15,180035,180050,16,1:15,,,0,,,,0,,,,0,,,,0,,1,10,15,17,1,,,,
asymmetric,4,2540,62,a,6,16,16064,16,180054,180054,180055,,,,180098,180065,180080,16,1:15,180081,180096,16,1:15,180082,180097,16,1:15,,,0,,,,0,,,,0,,,,0,,1,10,15,17,1,,,,
asymmetric,4,2541,62,a,7,0,16192,16,180101,180101,180102,,,,180145,180112,180127,16,1:15,180128,180143,16,1:15,180129,180144,16,1:15,,,0,,,,0,,,,0,,,,0,,1,10,15,17,1,,,,
asymmetric,4,2542,62,a,7,16,16320,8,180148,180148,180149,,,,180176,180159,180166,8,1:7,180167,180174,8,1:7,180168,180175,8,1:7,,,0,,,,0,,,,0,,,,0,,1,10,7,9,1,,,,
asymmetric,4,2543,62,a,7,24,16384,8,180179,180179,180180,,,,180207,180190,180197,8,1:7,180198,180205,8,1:7,180199,180206,8,1:7,,,0,,,,0,,,,0,,,,0,,1,10,7,9,1,,,,
asymmetric,4,2544,62,bt,0,0,29120,16,180215,180215,180216,,,,180259,180226,180241,16,1:15,180242,180257,16,1:15,180243,180258,16,1:15,,,0,,,,0,,,,0,,,,0,,1,10,15,17,1,,,,
asymmetric,4,2545,62,bt,0,16,29248,16,180262,180262,180263,,,,180306,180273,180288,16,1:15,180289,180304,16,1:15,180290,180305,16,1:15,,,0,,,,0,,,,0,,,,0,,1,10,15,17,1,,,,
asymmetric,4,2546,62,bt,1,0,29376,16,180309,180309,180310,,,,180353,180320,180335,16,1:15,180336,180351,16,1:15,180337,180352,16,1:15,,,0,,,,0,,,,0,,,,0,,1,10,15,17,1,,,,
asymmetric,4,2547,62,bt,1,16,29504,16,180356,180356,180357,,,,180400,180367,180382,16,1:15,180383,180398,16,1:15,180384,180399,16,1:15,,,0,,,,0,,,,0,,,,0,,1,10,15,17,1,,,,
asymmetric,4,2548,62,bt,2,0,29632,16,180403,180403,180404,,,,180447,180414,180429,16,1:15,180430,180445,16,1:15,180431,180446,16,1:15,,,0,,,,0,,,,0,,,,0,,1,10,15,17,1,,,,
asymmetric,4,2549,62,bt,2,16,29760,16,180450,180450,180451,,,,180494,180461,180476,16,1:15,180477,180492,16,1:15,180478,180493,16,1:15,,,0,,,,0,,,,0,,,,0,,1,10,15,17,1,,,,
asymmetric,4,2550,62,bt,3,0,29888,16,180497,180497,180498,,,,180541,180508,180523,16,1:15,180524,180539,16,1:15,180525,180540,16,1:15,,,0,,,,0,,,,0,,,,0,,1,10,15,17,1,,,,
asymmetric,4,2551,62,bt,3,16,30016,16,180544,180544,180545,,,,180588,180555,180570,16,1:15,180571,180586,16,1:15,180572,180587,16,1:15,,,0,,,,0,,,,0,,,,0,,1,10,15,17,1,,,,
asymmetric,4,2552,62,bt,4,0,30144,16,180591,180591,180592,,,,180635,180602,180617,16,1:15,180618,180633,16,1:15,180619,180634,16,1:15,,,0,,,,0,,,,0,,,,0,,1,10,15,17,1,,,,
asymmetric,4,2553,62,bt,4,16,30272,16,180638,180638,180639,,,,180682,180649,180664,16,1:15,180665,180680,16,1:15,180666,180681,16,1:15,,,0,,,,0,,,,0,,,,0,,1,10,15,17,1,,,,
asymmetric,4,2554,62,bt,5,0,30400,16,180685,180685,180686,,,,180729,180696,180711,16,1:15,180712,180727,16,1:15,180713,180728,16,1:15,,,0,,,,0,,,,0,,,,0,,1,10,15,17,1,,,,
asymmetric,4,2555,62,bt,5,16,30528,16,180732,180732,180733,,,,180776,180743,180758,16,1:15,180759,180774,16,1:15,180760,180775,16,1:15,,,0,,,,0,,,,0,,,,0,,1,10,15,17,1,,,,
asymmetric,4,2556,62,bt,6,0,30656,16,180779,180779,180780,,,,180823,180790,180805,16,1:15,180806,180821,16,1:15,180807,180822,16,1:15,,,0,,,,0,,,,0,,,,0,,1,10,15,17,1,,,,
asymmetric,4,2557,62,bt,6,16,30784,16,180826,180826,180827,,,,180870,180837,180852,16,1:15,180853,180868,16,1:15,180854,180869,16,1:15,,,0,,,,0,,,,0,,,,0,,1,10,15,17,1,,,,
asymmetric,4,2558,62,bt,7,0,30912,16,180873,180873,180874,,,,180917,180884,180899,16,1:15,180900,180915,16,1:15,180901,180916,16,1:15,,,0,,,,0,,,,0,,,,0,,1,10,15,17,1,,,,
asymmetric,4,2559,62,bt,7,16,31040,16,180920,180920,180921,,,,180964,180931,180946,16,1:15,180947,180962,16,1:15,180948,180963,16,1:15,,,0,,,,0,,,,0,,,,0,,1,10,15,17,1,,,,
asymmetric,4,2560,62,c,0,0,47616,4,182054,182054,,182075,182074,182086,182087,,,0,,,,0,,,,0,,182056,182071,4,5:3,182058,182073,4,5:3,182059,182074,4,5:3,182075,182078,4,1:3,,,,,,20,4,8,1
asymmetric,4,2561,62,c,1,0,47872,4,182090,182090,,182111,182110,182122,182123,,,0,,,,0,,,,0,,182092,182107,4,5:3,182094,182109,4,5:3,182095,182110,4,5:3,182111,182114,4,1:3,,,,,,20,4,8,1
asymmetric,4,2562,62,c,2,0,48128,4,182126,182126,,182147,182146,182158,182159,,,0,,,,0,,,,0,,182128,182143,4,5:3,182130,182145,4,5:3,182131,182146,4,5:3,182147,182150,4,1:3,,,,,,20,4,8,1
asymmetric,4,2563,62,c,3,0,48384,4,182162,182162,,182183,182182,182194,182195,,,0,,,,0,,,,0,,182164,182179,4,5:3,182166,182181,4,5:3,182167,182182,4,5:3,182183,182186,4,1:3,,,,,,20,4,8,1
asymmetric,4,2564,62,c,4,0,48640,4,182198,182198,,182219,182218,182230,182231,,,0,,,,0,,,,0,,182200,182215,4,5:3,182202,182217,4,5:3,182203,182218,4,5:3,182219,182222,4,1:3,,,,,,20,4,8,1
asymmetric,4,2565,62,c,5,0,48896,4,182234,182234,,182255,182254,182266,182267,,,0,,,,0,,,,0,,182236,182251,4,5:3,182238,182253,4,5:3,182239,182254,4,5:3,182255,182258,4,1:3,,,,,,20,4,8,1
asymmetric,4,2566,62,c,6,0,49152,4,182270,182270,,182291,182290,182302,182303,,,0,,,,0,,,,0,,182272,182287,4,5:3,182274,182289,4,5:3,182275,182290,4,5:3,182291,182294,4,1:3,,,,,,20,4,8,1
asymmetric,4,2567,62,c,7,0,49408,4,182306,182306,,182327,182326,182338,182339,,,0,,,,0,,,,0,,182308,182323,4,5:3,182310,182325,4,5:3,182311,182326,4,5:3,182327,182330,4,1:3,,,,,,20,4,8,1
asymmetric,4,2568,63,a,0,0,14400,16,182348,182348,182349,,,,182392,182359,182374,16,1:15,182375,182390,16,1:15,182376,182391,16,1:15,,,0,,,,0,,,,0,,,,0,,1,10,15,17,1,,,,
asymmetric,4,2569,63,a,0,16,14528,16,182395,182395,182396,,,,182439,182406,182421,16,1:15,182422,182437,16,1:15,182423,182438,16,1:15,,,0,,,,0,,,,0,,,,0,,1,10,15,17,1,,,,
asymmetric,4,2570,63,a,1,0,14656,16,182442,182442,182443,,,,182486,182453,182468,16,1:15,182469,182484,16,1:15,182470,182485,16,1:15,,,0,,,,0,,,,0,,,,0,,1,10,15,17,1,,,,
asymmetric,4,2571,63,a,1,16,14784,16,182489,182489,182490,,,,182533,182500,182515,16,1:15,182516,182531,16,1:15,182517,182532,16,1:15,,,0,,,,0,,,,0,,,,0,,1,10,15,17,1,,,,
asymmetric,4,2572,63,a,2,0,14912,16,182536,182536,182537,,,,182580,182547,182562,16,1:15,182563,182578,16,1:15,182564,182579,16,1:15,,,0,,,,0,,,,0,,,,0,,1,10,15,17,1,,,,
asymmetric,4,2573,63,a,2,16,15040,16,182583,182583,182584,,,,182627,182594,182609,16,1:15,182610,182625,16,1:15,182611,182626,16,1:15,,,0,,,,0,,,,0,,,,0,,1,10,15,17,1,,,,
asymmetric,4,2574,63,a,3,0,15168,16,182630,182630,182631,,,,182674,182641,182656,16,1:15,182657,182672,16,1:15,182658,182673,16,1:15,,,0,,,,0,,,,0,,,,0,,1,10,15,17,1,,,,
asymmetric,4,2575,63,a,3,16,15296,16,182677,182677,182678,,,,182721,182688,182703,16,1:15,182704,182719,16,1:15,182705,182720,16,1:15,,,0,,,,0,,,,0,,,,0,,1,10,15,17,1,,,,
asymmetric,4,2576,63,a,4,0,15424,16,182724,182724,182725,,,,182768,182735,182750,16,1:15,182751,182766,16,1:15,182752,182767,16,1:15,,,0,,,,0,,,,0,,,,0,,1,10,15,17,1,,,,
asymmetric,4,2577,63,a,4,16,15552,16,182771,182771,182772,,,,182815,182782,182797,16,1:15,182798,182813,16,1:15,182799,182814,16,1:15,,,0,,,,0,,,,0,,,,0,,1,10,15,17,1,,,,
asymmetric,4,2578,63,a,5,0,15680,16,182818,182818,182819,,,,182862,182829,182844,16,1:15,182845,182860,16,1:15,182846,182861,16,1:15,,,0,,,,0,,,,0,,,,0,,1,10,15,17,1,,,,
asymmetric,4,2579,63,a,5,16,15808,16,182865,182865,182866,,,,182909,182876,182891,16,1:15,182892,182907,16,1:15,182893,182908,16,1:15,,,0,,,,0,,,,0,,,,0,,1,10,15,17,1,,,,
asymmetric,4,2580,63,a,6,0,15936,16,182912,182912,182913,,,,182956,182923,182938,16,1:15,182939,182954,16,1:15,182940,182955,16,1:15,,,0,,,,0,,,,0,,,,0,,1,10,15,17,1,,,,
asymmetric,4,2581,63,a,6,16,16064,16,182959,182959,182960,,,,183003,182970,182985,16,1:15,182986,183001,16,1:15,182987,183002,16,1:15,,,0,,,,0,,,,0,,,,0,,1,10,15,17,1,,,,
asymmetric,4,2582,63,a,7,0,16192,16,183006,183006,183007,,,,183050,183017,183032,16,1:15,183033,183048,16,1:15,183034,183049,16,1:15,,,0,,,,0,,,,0,,,,0,,1,10,15,17,1,,,,
asymmetric,4,2583,63,a,7,16,16320,8,183053,183053,183054,,,,183081,183064,183071,8,1:7,183072,183079,8,1:7,183073,183080,8,1:7,,,0,,,,0,,,,0,,,,0,,1,10,7,9,1,,,,
asymmetric,4,2584,63,a,7,24,16384,8,183084,183084,183085,,,,183112,183095,183102,8,1:7,183103,183110,8,1:7,183104,183111,8,1:7,,,0,,,,0,,,,0,,,,0,,1,10,7,9,1,,,,
asymmetric,4,2585,63,bt,0,0,31168,16,183120,183120,183121,,,,183164,183131,183146,16,1:15,183147,183162,16,1:15,183148,183163,16,1:15,,,0,,,,0,,,,0,,,,0,,1,10,15,17,1,,,,
asymmetric,4,2586,63,bt,0,16,31296,16,183167,183167,183168,,,,183211,183178,183193,16,1:15,183194,183209,16,1:15,183195,183210,16,1:15,,,0,,,,0,,,,0,,,,0,,1,10,15,17,1,,,,
asymmetric,4,2587,63,bt,1,0,31424,16,183214,183214,183215,,,,183258,183225,183240,16,1:15,183241,183256,16,1:15,183242,183257,16,1:15,,,0,,,,0,,,,0,,,,0,,1,10,15,17,1,,,,
asymmetric,4,2588,63,bt,1,16,31552,16,183261,183261,183262,,,,183305,183272,183287,16,1:15,183288,183303,16,1:15,183289,183304,16,1:15,,,0,,,,0,,,,0,,,,0,,1,10,15,17,1,,,,
asymmetric,4,2589,63,bt,2,0,31680,16,183308,183308,183309,,,,183352,183319,183334,16,1:15,183335,183350,16,1:15,183336,183351,16,1:15,,,0,,,,0,,,,0,,,,0,,1,10,15,17,1,,,,
asymmetric,4,2590,63,bt,2,16,31808,16,183355,183355,183356,,,,183399,183366,183381,16,1:15,183382,183397,16,1:15,183383,183398,16,1:15,,,0,,,,0,,,,0,,,,0,,1,10,15,17,1,,,,
asymmetric,4,2591,63,bt,3,0,31936,16,183402,183402,183403,,,,183446,183413,183428,16,1:15,183429,183444,16,1:15,183430,183445,16,1:15,,,0,,,,0,,,,0,,,,0,,1,10,15,17,1,,,,
asymmetric,4,2592,63,bt,3,16,32064,16,183449,183449,183450,,,,183493,183460,183475,16,1:15,183476,183491,16,1:15,183477,183492,16,1:15,,,0,,,,0,,,,0,,,,0,,1,10,15,17,1,,,,
asymmetric,4,2593,63,bt,4,0,32192,16,183496,183496,183497,,,,183540,183507,183522,16,1:15,183523,183538,16,1:15,183524,183539,16,1:15,,,0,,,,0,,,,0,,,,0,,1,10,15,17,1,,,,
asymmetric,4,2594,63,bt,4,16,32320,16,183543,183543,183544,,,,183587,183554,183569,16,1:15,183570,183585,16,1:15,183571,183586,16,1:15,,,0,,,,0,,,,0,,,,0,,1,10,15,17,1,,,,
asymmetric,4,2595,63,bt,5,0,32448,16,183590,183590,183591,,,,183634,183601,183616,16,1:15,183617,183632,16,1:15,183618,183633,16,1:15,,,0,,,,0,,,,0,,,,0,,1,10,15,17,1,,,,
asymmetric,4,2596,63,bt,5,16,32576,16,183637,183637,183638,,,,183681,183648,183663,16,1:15,183664,183679,16,1:15,183665,183680,16,1:15,,,0,,,,0,,,,0,,,,0,,1,10,15,17,1,,,,
asymmetric,4,2597,63,bt,6,0,32704,8,183684,183684,183685,,,,183712,183695,183702,8,1:7,183703,183710,8,1:7,183704,183711,8,1:7,,,0,,,,0,,,,0,,,,0,,1,10,7,9,1,,,,
asymmetric,4,2598,63,bt,6,8,32768,16,183715,183715,183716,,,,183759,183726,183741,16,1:15,183742,183757,16,1:15,183743,183758,16,1:15,,,0,,,,0,,,,0,,,,0,,1,10,15,17,1,,,,
asymmetric,4,2599,63,bt,6,24,32896,8,183762,183762,183763,,,,183790,183773,183780,8,1:7,183781,183788,8,1:7,183782,183789,8,1:7,,,0,,,,0,,,,0,,,,0,,1,10,7,9,1,,,,
asymmetric,4,2600,63,c,0,0,47648,4,184880,184880,,184901,184900,184912,184913,,,0,,,,0,,,,0,,184882,184897,4,5:3,184884,184899,4,5:3,184885,184900,4,5:3,184901,184904,4,1:3,,,,,,20,4,8,1
asymmetric,4,2601,63,c,1,0,47904,4,184916,184916,,184937,184936,184948,184949,,,0,,,,0,,,,0,,184918,184933,4,5:3,184920,184935,4,5:3,184921,184936,4,5:3,184937,184940,4,1:3,,,,,,20,4,8,1
asymmetric,4,2602,63,c,2,0,48160,4,184952,184952,,184973,184972,184984,184985,,,0,,,,0,,,,0,,184954,184969,4,5:3,184956,184971,4,5:3,184957,184972,4,5:3,184973,184976,4,1:3,,,,,,20,4,8,1
asymmetric,4,2603,63,c,3,0,48416,4,184988,184988,,185009,185008,185020,185021,,,0,,,,0,,,,0,,184990,185005,4,5:3,184992,185007,4,5:3,184993,185008,4,5:3,185009,185012,4,1:3,,,,,,20,4,8,1
asymmetric,4,2604,63,c,4,0,48672,4,185024,185024,,185045,185044,185056,185057,,,0,,,,0,,,,0,,185026,185041,4,5:3,185028,185043,4,5:3,185029,185044,4,5:3,185045,185048,4,1:3,,,,,,20,4,8,1
asymmetric,4,2605,63,c,5,0,48928,4,185060,185060,,185081,185080,185092,185093,,,0,,,,0,,,,0,,185062,185077,4,5:3,185064,185079,4,5:3,185065,185080,4,5:3,185081,185084,4,1:3,,,,,,20,4,8,1
asymmetric,4,2606,63,c,6,0,49184,4,185096,185096,,185117,185116,185128,185129,,,0,,,,0,,,,0,,185098,185113,4,5:3,185100,185115,4,5:3,185101,185116,4,5:3,185117,185120,4,1:3,,,,,,20,4,8,1
asymmetric,4,2607,63,c,7,0,49440,4,185132,185132,,185153,185152,185164,185165,,,0,,,,0,,,,0,,185134,185149,4,5:3,185136,185151,4,5:3,185137,185152,4,5:3,185153,185156,4,1:3,,,,,,20,4,8,1
asymmetric,4,2608,64,a,0,0,16448,16,185174,185174,185175,,,,185218,185185,185200,16,1:15,185201,185216,16,1:15,185202,185217,16,1:15,,,0,,,,0,,,,0,,,,0,,1,10,15,17,1,,,,
asymmetric,4,2609,64,a,0,16,16576,16,185221,185221,185222,,,,185265,185232,185247,16,1:15,185248,185263,16,1:15,185249,185264,16,1:15,,,0,,,,0,,,,0,,,,0,,1,10,15,17,1,,,,
asymmetric,4,2610,64,bt,0,0,16832,16,185273,185273,185274,,,,185317,185284,185299,16,1:15,185300,185315,16,1:15,185301,185316,16,1:15,,,0,,,,0,,,,0,,,,0,,1,10,15,17,1,,,,
asymmetric,4,2611,64,bt,0,16,16960,16,185320,185320,185321,,,,185364,185331,185346,16,1:15,185347,185362,16,1:15,185348,185363,16,1:15,,,0,,,,0,,,,0,,,,0,,1,10,15,17,1,,,,
asymmetric,4,2612,64,bt,1,0,17088,16,185367,185367,185368,,,,185411,185378,185393,16,1:15,185394,185409,16,1:15,185395,185410,16,1:15,,,0,,,,0,,,,0,,,,0,,1,10,15,17,1,,,,
asymmetric,4,2613,64,bt,1,16,17216,16,185414,185414,185415,,,,185458,185425,185440,16,1:15,185441,185456,16,1:15,185442,185457,16,1:15,,,0,,,,0,,,,0,,,,0,,1,10,15,17,1,,,,
asymmetric,4,2614,64,bt,2,0,17344,16,185461,185461,185462,,,,185505,185472,185487,16,1:15,185488,185503,16,1:15,185489,185504,16,1:15,,,0,,,,0,,,,0,,,,0,,1,10,15,17,1,,,,
asymmetric,4,2615,64,bt,2,16,17472,16,185508,185508,185509,,,,185552,185519,185534,16,1:15,185535,185550,16,1:15,185536,185551,16,1:15,,,0,,,,0,,,,0,,,,0,,1,10,15,17,1,,,,
asymmetric,4,2616,64,bt,3,0,17600,16,185555,185555,185556,,,,185599,185566,185581,16,1:15,185582,185597,16,1:15,185583,185598,16,1:15,,,0,,,,0,,,,0,,,,0,,1,10,15,17,1,,,,
asymmetric,4,2617,64,bt,3,16,17728,16,185602,185602,185603,,,,185646,185613,185628,16,1:15,185629,185644,16,1:15,185630,185645,16,1:15,,,0,,,,0,,,,0,,,,0,,1,10,15,17,1,,,,
asymmetric,4,2618,64,bt,4,0,17856,16,185649,185649,185650,,,,185693,185660,185675,16,1:15,185676,185691,16,1:15,185677,185692,16,1:15,,,0,,,,0,,,,0,,,,0,,1,10,15,17,1,,,,
asymmetric,4,2619,64,bt,4,16,17984,16,185696,185696,185697,,,,185740,185707,185722,16,1:15,185723,185738,16,1:15,185724,185739,16,1:15,,,0,,,,0,,,,0,,,,0,,1,10,15,17,1,,,,
asymmetric,4,2620,64,bt,5,0,18112,16,185743,185743,185744,,,,185787,185754,185769,16,1:15,185770,185785,16,1:15,185771,185786,16,1:15,,,0,,,,0,,,,0,,,,0,,1,10,15,17,1,,,,
asymmetric,4,2621,64,bt,5,16,18240,16,185790,185790,185791,,,,185834,185801,185816,16,1:15,185817,185832,16,1:15,185818,185833,16,1:15,,,0,,,,0,,,,0,,,,0,,1,10,15,17,1,,,,
asymmetric,4,2622,64,bt,6,0,18368,16,185837,185837,185838,,,,185881,185848,185863,16,1:15,185864,185879,16,1:15,185865,185880,16,1:15,,,0,,,,0,,,,0,,,,0,,1,10,15,17,1,,,,
asymmetric,4,2623,64,bt,6,16,18496,16,185884,185884,185885,,,,185928,185895,185910,16,1:15,185911,185926,16,1:15,185912,185927,16,1:15,,,0,,,,0,,,,0,,,,0,,1,10,15,17,1,,,,
asymmetric,4,2624,64,bt,7,0,18624,16,185931,185931,185932,,,,185975,185942,185957,16,1:15,185958,185973,16,1:15,185959,185974,16,1:15,,,0,,,,0,,,,0,,,,0,,1,10,15,17,1,,,,
asymmetric,4,2625,64,bt,7,16,18752,16,185978,185978,185979,,,,186022,185989,186004,16,1:15,186005,186020,16,1:15,186006,186021,16,1:15,,,0,,,,0,,,,0,,,,0,,1,10,15,17,1,,,,
asymmetric,4,2626,64,c,0,0,49472,4,186572,186572,,186593,186592,186604,186605,,,0,,,,0,,,,0,,186574,186589,4,5:3,186576,186591,4,5:3,186577,186592,4,5:3,186593,186596,4,1:3,,,,,,20,4,8,1
asymmetric,4,2627,65,a,0,0,16448,16,186614,186614,186615,,,,186658,186625,186640,16,1:15,186641,186656,16,1:15,186642,186657,16,1:15,,,0,,,,0,,,,0,,,,0,,1,10,15,17,1,,,,
asymmetric,4,2628,65,a,0,16,16576,16,186661,186661,186662,,,,186705,186672,186687,16,1:15,186688,186703,16,1:15,186689,186704,16,1:15,,,0,,,,0,,,,0,,,,0,,1,10,15,17,1,,,,
asymmetric,4,2629,65,bt,0,0,18880,16,186713,186713,186714,,,,186757,186724,186739,16,1:15,186740,186755,16,1:15,186741,186756,16,1:15,,,0,,,,0,,,,0,,,,0,,1,10,15,17,1,,,,
asymmetric,4,2630,65,bt,0,16,19008,16,186760,186760,186761,,,,186804,186771,186786,16,1:15,186787,186802,16,1:15,186788,186803,16,1:15,,,0,,,,0,,,,0,,,,0,,1,10,15,17,1,,,,
asymmetric,4,2631,65,bt,1,0,19136,16,186807,186807,186808,,,,186851,186818,186833,16,1:15,186834,186849,16,1:15,186835,186850,16,1:15,,,0,,,,0,,,,0,,,,0,,1,10,15,17,1,,,,
asymmetric,4,2632,65,bt,1,16,19264,16,186854,186854,186855,,,,186898,186865,186880,16,1:15,186881,186896,16,1:15,186882,186897,16,1:15,,,0,,,,0,,,,0,,,,0,,1,10,15,17,1,,,,
asymmetric,4,2633,65,bt,2,0,19392,16,186901,186901,186902,,,,186945,186912,186927,16,1:15,186928,186943,16,1:15,186929,186944,16,1:15,,,0,,,,0,,,,0,,,,0,,1,10,15,17,1,,,,
asymmetric,4,2634,65,bt,2,16,19520,16,186948,186948,186949,,,,186992,186959,186974,16,1:15,186975,186990,16,1:15,186976,186991,16,1:15,,,0,,,,0,,,,0,,,,0,,1,10,15,17,1,,,,
asymmetric,4,2635,65,bt,3,0,19648,16,186995,186995,186996,,,,187039,187006,187021,16,1:15,187022,187037,16,1:15,187023,187038,16,1:15,,,0,,,,0,,,,0,,,,0,,1,10,15,17,1,,,,
asymmetric,4,2636,65,bt,3,16,19776,16,187042,187042,187043,,,,187086,187053,187068,16,1:15,187069,187084,16,1:15,187070,187085,16,1:15,,,0,,,,0,,,,0,,,,0,,1,10,15,17,1,,,,
asymmetric,4,2637,65,bt,4,0,19904,16,187089,187089,187090,,,,187133,187100,187115,16,1:15,187116,187131,16,1:15,187117,187132,16,1:15,,,0,,,,0,,,,0,,,,0,,1,10,15,17,1,,,,
asymmetric,4,2638,65,bt,4,16,20032,16,187136,187136,187137,,,,187180,187147,187162,16,1:15,187163,187178,16,1:15,187164,187179,16,1:15,,,0,,,,0,,,,0,,,,0,,1,10,15,17,1,,,,
asymmetric,4,2639,65,bt,5,0,20160,16,187183,187183,187184,,,,187227,187194,187209,16,1:15,187210,187225,16,1:15,187211,187226,16,1:15,,,0,,,,0,,,,0,,,,0,,1,10,15,17,1,,,,
asymmetric,4,2640,65,bt,5,16,20288,16,187230,187230,187231,,,,187274,187241,187256,16,1:15,187257,187272,16,1:15,187258,187273,16,1:15,,,0,,,,0,,,,0,,,,0,,1,10,15,17,1,,,,
asymmetric,4,2641,65,bt,6,0,20416,8,187277,187277,187278,,,,187305,187288,187295,8,1:7,187296,187303,8,1:7,187297,187304,8,1:7,,,0,,,,0,,,,0,,,,0,,1,10,7,9,1,,,,
asymmetric,4,2642,65,bt,6,8,20480,16,187308,187308,187309,,,,187352,187319,187334,16,1:15,187335,187350,16,1:15,187336,187351,16,1:15,,,0,,,,0,,,,0,,,,0,,1,10,15,17,1,,,,
asymmetric,4,2643,65,bt,6,24,20608,8,187355,187355,187356,,,,187383,187366,187373,8,1:7,187374,187381,8,1:7,187375,187382,8,1:7,,,0,,,,0,,,,0,,,,0,,1,10,7,9,1,,,,
asymmetric,4,2644,65,bt,7,0,20672,16,187386,187386,187387,,,,187430,187397,187412,16,1:15,187413,187428,16,1:15,187414,187429,16,1:15,,,0,,,,0,,,,0,,,,0,,1,10,15,17,1,,,,
asymmetric,4,2645,65,bt,7,16,20800,16,187433,187433,187434,,,,187477,187444,187459,16,1:15,187460,187475,16,1:15,187461,187476,16,1:15,,,0,,,,0,,,,0,,,,0,,1,10,15,17,1,,,,
asymmetric,4,2646,65,c,0,0,49504,4,188027,188027,,188048,188047,188059,188060,,,0,,,,0,,,,0,,188029,188044,4,5:3,188031,188046,4,5:3,188032,188047,4,5:3,188048,188051,4,1:3,,,,,,20,4,8,1
asymmetric,4,2647,66,a,0,0,16448,16,188069,188069,188070,,,,188113,188080,188095,16,1:15,188096,188111,16,1:15,188097,188112,16,1:15,,,0,,,,0,,,,0,,,,0,,1,10,15,17,1,,,,
asymmetric,4,2648,66,a,0,16,16576,16,188116,188116,188117,,,,188160,188127,188142,16,1:15,188143,188158,16,1:15,188144,188159,16,1:15,,,0,,,,0,,,,0,,,,0,,1,10,15,17,1,,,,
asymmetric,4,2649,66,bt,0,0,20928,16,188168,188168,188169,,,,188212,188179,188194,16,1:15,188195,188210,16,1:15,188196,188211,16,1:15,,,0,,,,0,,,,0,,,,0,,1,10,15,17,1,,,,
asymmetric,4,2650,66,bt,0,16,21056,16,188215,188215,188216,,,,188259,188226,188241,16,1:15,188242,188257,16,1:15,188243,188258,16,1:15,,,0,,,,0,,,,0,,,,0,,1,10,15,17,1,,,,
asymmetric,4,2651,66,bt,1,0,21184,16,188262,188262,188263,,,,188306,188273,188288,16,1:15,188289,188304,16,1:15,188290,188305,16,1:15,,,0,,,,0,,,,0,,,,0,,1,10,15,17,1,,,,
asymmetric,4,2652,66,bt,1,16,21312,16,188309,188309,188310,,,,188353,188320,188335,16,1:15,188336,188351,16,1:15,188337,188352,16,1:15,,,0,,,,0,,,,0,,,,0,,1,10,15,17,1,,,,
asymmetric,4,2653,66,bt,2,0,21440,16,188356,188356,188357,,,,188400,188367,188382,16,1:15,188383,188398,16,1:15,188384,188399,16,1:15,,,0,,,,0,,,,0,,,,0,,1,10,15,17,1,,,,
asymmetric,4,2654,66,bt,2,16,21568,16,188403,188403,188404,,,,188447,188414,188429,16,1:15,188430,188445,16,1:15,188431,188446,16,1:15,,,0,,,,0,,,,0,,,,0,,1,10,15,17,1,,,,
asymmetric,4,2655,66,bt,3,0,21696,16,188450,188450,188451,,,,188494,188461,188476,16,1:15,188477,188492,16,1:15,188478,188493,16,1:15,,,0,,,,0,,,,0,,,,0,,1,10,15,17,1,,,,
asymmetric,4,2656,66,bt,3,16,21824,16,188497,188497,188498,,,,188541,188508,188523,16,1:15,188524,188539,16,1:15,188525,188540,16,1:15,,,0,,,,0,,,,0,,,,0,,1,10,15,17,1,,,,
asymmetric,4,2657,66,bt,4,0,21952,16,188544,188544,188545,,,,188588,188555,188570,16,1:15,188571,188586,16,1:15,188572,188587,16,1:15,,,0,,,,0,,,,0,,,,0,,1,10,15,17,1,,,,
asymmetric,4,2658,66,bt,4,16,22080,16,188591,188591,188592,,,,188635,188602,188617,16,1:15,188618,188633,16,1:15,188619,188634,16,1:15,,,0,,,,0,,,,0,,,,0,,1,10,15,17,1,,,,
asymmetric,4,2659,66,bt,5,0,22208,16,188638,188638,188639,,,,188682,188649,188664,16,1:15,188665,188680,16,1:15,188666,188681,16,1:15,,,0,,,,0,,,,0,,,,0,,1,10,15,17,1,,,,
asymmetric,4,2660,66,bt,5,16,22336,16,188685,188685,188686,,,,188729,188696,188711,16,1:15,188712,188727,16,1:15,188713,188728,16,1:15,,,0,,,,0,,,,0,,,,0,,1,10,15,17,1,,,,
asymmetric,4,2661,66,bt,6,0,22464,16,188732,188732,188733,,,,188776,188743,188758,16,1:15,188759,188774,16,1:15,188760,188775,16,1:15,,,0,,,,0,,,,0,,,,0,,1,10,15,17,1,,,,
asymmetric,4,2662,66,bt,6,16,22592,16,188779,188779,188780,,,,188823,188790,188805,16,1:15,188806,188821,16,1:15,188807,188822,16,1:15,,,0,,,,0,,,,0,,,,0,,1,10,15,17,1,,,,
asymmetric,4,2663,66,bt,7,0,22720,16,188826,188826,188827,,,,188870,188837,188852,16,1:15,188853,188868,16,1:15,188854,188869,16,1:15,,,0,,,,0,,,,0,,,,0,,1,10,15,17,1,,,,
asymmetric,4,2664,66,bt,7,16,22848,16,188873,188873,188874,,,,188917,188884,188899,16,1:15,188900,188915,16,1:15,188901,188916,16,1:15,,,0,,,,0,,,,0,,,,0,,1,10,15,17,1,,,,
asymmetric,4,2665,66,c,0,0,49536,4,189467,189467,,189488,189487,189499,189500,,,0,,,,0,,,,0,,189469,189484,4,5:3,189471,189486,4,5:3,189472,189487,4,5:3,189488,189491,4,1:3,,,,,,20,4,8,1
asymmetric,4,2666,67,a,0,0,16448,16,189509,189509,189510,,,,189553,189520,189535,16,1:15,189536,189551,16,1:15,189537,189552,16,1:15,,,0,,,,0,,,,0,,,,0,,1,10,15,17,1,,,,
asymmetric,4,2667,67,a,0,16,16576,16,189556,189556,189557,,,,189600,189567,189582,16,1:15,189583,189598,16,1:15,189584,189599,16,1:15,,,0,,,,0,,,,0,,,,0,,1,10,15,17,1,,,,
asymmetric,4,2668,67,bt,0,0,22976,16,189608,189608,189609,,,,189652,189619,189634,16,1:15,189635,189650,16,1:15,189636,189651,16,1:15,,,0,,,,0,,,,0,,,,0,,1,10,15,17,1,,,,
asymmetric,4,2669,67,bt,0,16,23104,16,189655,189655,189656,,,,189699,189666,189681,16,1:15,189682,189697,16,1:15,189683,189698,16,1:15,,,0,,,,0,,,,0,,,,0,,1,10,15,17,1,,,,
asymmetric,4,2670,67,bt,1,0,23232,16,189702,189702,189703,,,,189746,189713,189728,16,1:15,189729,189744,16,1:15,189730,189745,16,1:15,,,0,,,,0,,,,0,,,,0,,1,10,15,17,1,,,,
asymmetric,4,2671,67,bt,1,16,23360,16,189749,189749,189750,,,,189793,189760,189775,16,1:15,189776,189791,16,1:15,189777,189792,16,1:15,,,0,,,,0,,,,0,,,,0,,1,10,15,17,1,,,,
asymmetric,4,2672,67,bt,2,0,23488,16,189796,189796,189797,,,,189840,189807,189822,16,1:15,189823,189838,16,1:15,189824,189839,16,1:15,,,0,,,,0,,,,0,,,,0,,1,10,15,17,1,,,,
asymmetric,4,2673,67,bt,2,16,23616,16,189843,189843,189844,,,,189887,189854,189869,16,1:15,189870,189885,16,1:15,189871,189886,16,1:15,,,0,,,,0,,,,0,,,,0,,1,10,15,17,1,,,,
asymmetric,4,2674,67,bt,3,0,23744,16,189890,189890,189891,,,,189934,189901,189916,16,1:15,189917,189932,16,1:15,189918,189933,16,1:15,,,0,,,,0,,,,0,,,,0,,1,10,15,17,1,,,,
asymmetric,4,2675,67,bt,3,16,23872,16,189937,189937,189938,,,,189981,189948,189963,16,1:15,189964,189979,16,1:15,189965,189980,16,1:15,,,0,,,,0,,,,0,,,,0,,1,10,15,17,1,,,,
asymmetric,4,2676,67,bt,4,0,24000,16,189984,189984,189985,,,,190028,189995,190010,16,1:15,190011,190026,16,1:15,190012,190027,16,1:15,,,0,,,,0,,,,0,,,,0,,1,10,15,17,1,,,,
asymmetric,4,2677,67,bt,4,16,24128,16,190031,190031,190032,,,,190075,190042,190057,16,1:15,190058,190073,16,1:15,190059,190074,16,1:15,,,0,,,,0,,,,0,,,,0,,1,10,15,17,1,,,,
asymmetric,4,2678,67,bt,5,0,24256,16,190078,190078,190079,,,,190122,190089,190104,16,1:15,190105,190120,16,1:15,190106,190121,16,1:15,,,0,,,,0,,,,0,,,,0,,1,10,15,17,1,,,,
asymmetric,4,2679,67,bt,5,16,24384,16,190125,190125,190126,,,,190169,190136,190151,16,1:15,190152,190167,16,1:15,190153,190168,16,1:15,,,0,,,,0,,,,0,,,,0,,1,10,15,17,1,,,,
asymmetric,4,2680,67,bt,6,0,24512,8,190172,190172,190173,,,,190200,190183,190190,8,1:7,190191,190198,8,1:7,190192,190199,8,1:7,,,0,,,,0,,,,0,,,,0,,1,10,7,9,1,,,,
asymmetric,4,2681,67,bt,6,8,24576,16,190203,190203,190204,,,,190247,190214,190229,16,1:15,190230,190245,16,1:15,190231,190246,16,1:15,,,0,,,,0,,,,0,,,,0,,1,10,15,17,1,,,,
asymmetric,4,2682,67,bt,6,24,24704,8,190250,190250,190251,,,,190278,190261,190268,8,1:7,190269,190276,8,1:7,190270,190277,8,1:7,,,0,,,,0,,,,0,,,,0,,1,10,7,9,1,,,,
asymmetric,4,2683,67,bt,7,0,24768,16,190281,190281,190282,,,,190325,190292,190307,16,1:15,190308,190323,16,1:15,190309,190324,16,1:15,,,0,,,,0,,,,0,,,,0,,1,10,15,17,1,,,,
asymmetric,4,2684,67,bt,7,16,24896,16,190328,190328,190329,,,,190372,190339,190354,16,1:15,190355,190370,16,1:15,190356,190371,16,1:15,,,0,,,,0,,,,0,,,,0,,1,10,15,17,1,,,,
asymmetric,4,2685,67,c,0,0,49568,4,190922,190922,,190943,190942,190954,190955,,,0,,,,0,,,,0,,190924,190939,4,5:3,190926,190941,4,5:3,190927,190942,4,5:3,190943,190946,4,1:3,,,,,,20,4,8,1
asymmetric,4,2686,68,a,0,0,16448,16,190964,190964,190965,,,,191008,190975,190990,16,1:15,190991,191006,16,1:15,190992,191007,16,1:15,,,0,,,,0,,,,0,,,,0,,1,10,15,17,1,,,,
asymmetric,4,2687,68,a,0,16,16576,16,191011,191011,191012,,,,191055,191022,191037,16,1:15,191038,191053,16,1:15,191039,191054,16,1:15,,,0,,,,0,,,,0,,,,0,,1,10,15,17,1,,,,
asymmetric,4,2688,68,bt,0,0,25024,16,191063,191063,191064,,,,191107,191074,191089,16,1:15,191090,191105,16,1:15,191091,191106,16,1:15,,,0,,,,0,,,,0,,,,0,,1,10,15,17,1,,,,
asymmetric,4,2689,68,bt,0,16,25152,16,191110,191110,191111,,,,191154,191121,191136,16,1:15,191137,191152,16,1:15,191138,191153,16,1:15,,,0,,,,0,,,,0,,,,0,,1,10,15,17,1,,,,
asymmetric,4,2690,68,bt,1,0,25280,16,191157,191157,191158,,,,191201,191168,191183,16,1:15,191184,191199,16,1:15,191185,191200,16,1:15,,,0,,,,0,,,,0,,,,0,,1,10,15,17,1,,,,
asymmetric,4,2691,68,bt,1,16,25408,16,191204,191204,191205,,,,191248,191215,191230,16,1:15,191231,191246,16,1:15,191232,191247,16,1:15,,,0,,,,0,,,,0,,,,0,,1,10,15,17,1,,,,
asymmetric,4,2692,68,bt,2,0,25536,16,191251,191251,191252,,,,191295,191262,191277,16,1:15,191278,191293,16,1:15,191279,191294,16,1:15,,,0,,,,0,,,,0,,,,0,,1,10,15,17,1,,,,
asymmetric,4,2693,68,bt,2,16,25664,16,191298,191298,191299,,,,191342,191309,191324,16,1:15,191325,191340,16,1:15,191326,191341,16,1:15,,,0,,,,0,,,,0,,,,0,,1,10,15,17,1,,,,
asymmetric,4,2694,68,bt,3,0,25792,16,191345,191345,191346,,,,191389,191356,191371,16,1:15,191372,191387,16,1:15,191373,191388,16,1:15,,,0,,,,0,,,,0,,,,0,,1,10,15,17,1,,,,
asymmetric,4,2695,68,bt,3,16,25920,16,191392,191392,191393,,,,191436,191403,191418,16,1:15,191419,191434,16,1:15,191420,191435,16,1:15,,,0,,,,0,,,,0,,,,0,,1,10,15,17,1,,,,
asymmetric,4,2696,68,bt,4,0,26048,16,191439,191439,191440,,,,191483,191450,191465,16,1:15,191466,191481,16,1:15,191467,191482,16,1:15,,,0,,,,0,,,,0,,,,0,,1,10,15,17,1,,,,
asymmetric,4,2697,68,bt,4,16,26176,16,191486,191486,191487,,,,191530,191497,191512,16,1:15,191513,191528,16,1:15,191514,191529,16,1:15,,,0,,,,0,,,,0,,,,0,,1,10,15,17,1,,,,
asymmetric,4,2698,68,bt,5,0,26304,16,191533,191533,191534,,,,191577,191544,191559,16,1:15,191560,191575,16,1:15,191561,191576,16,1:15,,,0,,,,0,,,,0,,,,0,,1,10,15,17,1,,,,
asymmetric,4,2699,68,bt,5,16,26432,16,191580,191580,191581,,,,191624,191591,191606,16,1:15,191607,191622,16,1:15,191608,191623,16,1:15,,,0,,,,0,,,,0,,,,0,,1,10,15,17,1,,,,
asymmetric,4,2700,68,bt,6,0,26560,16,191627,191627,191628,,,,191671,191638,191653,16,1:15,191654,191669,16,1:15,191655,191670,16,1:15,,,0,,,,0,,,,0,,,,0,,1,10,15,17,1,,,,
asymmetric,4,2701,68,bt,6,16,26688,16,191674,191674,191675,,,,191718,191685,191700,16,1:15,191701,191716,16,1:15,191702,191717,16,1:15,,,0,,,,0,,,,0,,,,0,,1,10,15,17,1,,,,
asymmetric,4,2702,68,bt,7,0,26816,16,191721,191721,191722,,,,191765,191732,191747,16,1:15,191748,191763,16,1:15,191749,191764,16,1:15,,,0,,,,0,,,,0,,,,0,,1,10,15,17,1,,,,
asymmetric,4,2703,68,bt,7,16,26944,16,191768,191768,191769,,,,191812,191779,191794,16,1:15,191795,191810,16,1:15,191796,191811,16,1:15,,,0,,,,0,,,,0,,,,0,,1,10,15,17,1,,,,
asymmetric,4,2704,68,c,0,0,49600,4,192362,192362,,192383,192382,192394,192395,,,0,,,,0,,,,0,,192364,192379,4,5:3,192366,192381,4,5:3,192367,192382,4,5:3,192383,192386,4,1:3,,,,,,20,4,8,1
asymmetric,4,2705,69,a,0,0,16448,16,192404,192404,192405,,,,192448,192415,192430,16,1:15,192431,192446,16,1:15,192432,192447,16,1:15,,,0,,,,0,,,,0,,,,0,,1,10,15,17,1,,,,
asymmetric,4,2706,69,a,0,16,16576,16,192451,192451,192452,,,,192495,192462,192477,16,1:15,192478,192493,16,1:15,192479,192494,16,1:15,,,0,,,,0,,,,0,,,,0,,1,10,15,17,1,,,,
asymmetric,4,2707,69,bt,0,0,27072,16,192503,192503,192504,,,,192547,192514,192529,16,1:15,192530,192545,16,1:15,192531,192546,16,1:15,,,0,,,,0,,,,0,,,,0,,1,10,15,17,1,,,,
asymmetric,4,2708,69,bt,0,16,27200,16,192550,192550,192551,,,,192594,192561,192576,16,1:15,192577,192592,16,1:15,192578,192593,16,1:15,,,0,,,,0,,,,0,,,,0,,1,10,15,17,1,,,,
asymmetric,4,2709,69,bt,1,0,27328,16,192597,192597,192598,,,,192641,192608,192623,16,1:15,192624,192639,16,1:15,192625,192640,16,1:15,,,0,,,,0,,,,0,,,,0,,1,10,15,17,1,,,,
asymmetric,4,2710,69,bt,1,16,27456,16,192644,192644,192645,,,,192688,192655,192670,16,1:15,192671,192686,16,1:15,192672,192687,16,1:15,,,0,,,,0,,,,0,,,,0,,1,10,15,17,1,,,,
asymmetric,4,2711,69,bt,2,0,27584,16,192691,192691,192692,,,,192735,192702,192717,16,1:15,192718,192733,16,1:15,192719,192734,16,1:15,,,0,,,,0,,,,0,,,,0,,1,10,15,17,1,,,,
asymmetric,4,2712,69,bt,2,16,27712,16,192738,192738,192739,,,,192782,192749,192764,16,1:15,192765,192780,16,1:15,192766,192781,16,1:15,,,0,,,,0,,,,0,,,,0,,1,10,15,17,1,,,,
asymmetric,4,2713,69,bt,3,0,27840,16,192785,192785,192786,,,,192829,192796,192811,16,1:15,192812,192827,16,1:15,192813,192828,16,1:15,,,0,,,,0,,,,0,,,,0,,1,10,15,17,1,,,,
asymmetric,4,2714,69,bt,3,16,27968,16,192832,192832,192833,,,,192876,192843,192858,16,1:15,192859,192874,16,1:15,192860,192875,16,1:15,,,0,,,,0,,,,0,,,,0,,1,10,15,17,1,,,,
asymmetric,4,2715,69,bt,4,0,28096,16,192879,192879,192880,,,,192923,192890,192905,16,1:15,192906,192921,16,1:15,192907,192922,16,1:15,,,0,,,,0,,,,0,,,,0,,1,10,15,17,1,,,,
asymmetric,4,2716,69,bt,4,16,28224,16,192926,192926,192927,,,,192970,192937,192952,16,1:15,192953,192968,16,1:15,192954,192969,16,1:15,,,0,,,,0,,,,0,,,,0,,1,10,15,17,1,,,,
asymmetric,4,2717,69,bt,5,0,28352,16,192973,192973,192974,,,,193017,192984,192999,16,1:15,193000,193015,16,1:15,193001,193016,16,1:15,,,0,,,,0,,,,0,,,,0,,1,10,15,17,1,,,,
asymmetric,4,2718,69,bt,5,16,28480,16,193020,193020,193021,,,,193064,193031,193046,16,1:15,193047,193062,16,1:15,193048,193063,16,1:15,,,0,,,,0,,,,0,,,,0,,1,10,15,17,1,,,,
asymmetric,4,2719,69,bt,6,0,28608,8,193067,193067,193068,,,,193095,193078,193085,8,1:7,193086,193093,8,1:7,193087,193094,8,1:7,,,0,,,,0,,,,0,,,,0,,1,10,7,9,1,,,,
asymmetric,4,2720,69,bt,6,8,28672,16,193098,193098,193099,,,,193142,193109,193124,16,1:15,193125,193140,16,1:15,193126,193141,16,1:15,,,0,,,,0,,,,0,,,,0,,1,10,15,17,1,,,,
asymmetric,4,2721,69,bt,6,24,28800,8,193145,193145,193146,,,,193173,193156,193163,8,1:7,193164,193171,8,1:7,193165,193172,8,1:7,,,0,,,,0,,,,0,,,,0,,1,10,7,9,1,,,,
asymmetric,4,2722,69,bt,7,0,28864,16,193176,193176,193177,,,,193220,193187,193202,16,1:15,193203,193218,16,1:15,193204,193219,16,1:15,,,0,,,,0,,,,0,,,,0,,1,10,15,17,1,,,,
asymmetric,4,2723,69,bt,7,16,28992,16,193223,193223,193224,,,,193267,193234,193249,16,1:15,193250,193265,16,1:15,193251,193266,16,1:15,,,0,,,,0,,,,0,,,,0,,1,10,15,17,1,,,,
asymmetric,4,2724,69,c,0,0,49632,4,193817,193817,,193838,193837,193849,193850,,,0,,,,0,,,,0,,193819,193834,4,5:3,193821,193836,4,5:3,193822,193837,4,5:3,193838,193841,4,1:3,,,,,,20,4,8,1
asymmetric,4,2725,70,a,0,0,16448,16,193859,193859,193860,,,,193903,193870,193885,16,1:15,193886,193901,16,1:15,193887,193902,16,1:15,,,0,,,,0,,,,0,,,,0,,1,10,15,17,1,,,,
asymmetric,4,2726,70,a,0,16,16576,16,193906,193906,193907,,,,193950,193917,193932,16,1:15,193933,193948,16,1:15,193934,193949,16,1:15,,,0,,,,0,,,,0,,,,0,,1,10,15,17,1,,,,
asymmetric,4,2727,70,bt,0,0,29120,16,193958,193958,193959,,,,194002,193969,193984,16,1:15,193985,194000,16,1:15,193986,194001,16,1:15,,,0,,,,0,,,,0,,,,0,,1,10,15,17,1,,,,
asymmetric,4,2728,70,bt,0,16,29248,16,194005,194005,194006,,,,194049,194016,194031,16,1:15,194032,194047,16,1:15,194033,194048,16,1:15,,,0,,,,0,,,,0,,,,0,,1,10,15,17,1,,,,
asymmetric,4,2729,70,bt,1,0,29376,16,194052,194052,194053,,,,194096,194063,194078,16,1:15,194079,194094,16,1:15,194080,194095,16,1:15,,,0,,,,0,,,,0,,,,0,,1,10,15,17,1,,,,
asymmetric,4,2730,70,bt,1,16,29504,16,194099,194099,194100,,,,194143,194110,194125,16,1:15,194126,194141,16,1:15,194127,194142,16,1:15,,,0,,,,0,,,,0,,,,0,,1,10,15,17,1,,,,
asymmetric,4,2731,70,bt,2,0,29632,16,194146,194146,194147,,,,194190,194157,194172,16,1:15,194173,194188,16,1:15,194174,194189,16,1:15,,,0,,,,0,,,,0,,,,0,,1,10,15,17,1,,,,
asymmetric,4,2732,70,bt,2,16,29760,16,194193,194193,194194,,,,194237,194204,194219,16,1:15,194220,194235,16,1:15,194221,194236,16,1:15,,,0,,,,0,,,,0,,,,0,,1,10,15,17,1,,,,
asymmetric,4,2733,70,bt,3,0,29888,16,194240,194240,194241,,,,194284,194251,194266,16,1:15,194267,194282,16,1:15,194268,194283,16,1:15,,,0,,,,0,,,,0,,,,0,,1,10,15,17,1,,,,
asymmetric,4,2734,70,bt,3,16,30016,16,194287,194287,194288,,,,194331,194298,194313,16,1:15,194314,194329,16,1:15,194315,194330,16,1:15,,,0,,,,0,,,,0,,,,0,,1,10,15,17,1,,,,
asymmetric,4,2735,70,bt,4,0,30144,16,194334,194334,194335,,,,194378,194345,194360,16,1:15,194361,194376,16,1:15,194362,194377,16,1:15,,,0,,,,0,,,,0,,,,0,,1,10,15,17,1,,,,
asymmetric,4,2736,70,bt,4,16,30272,16,194381,194381,194382,,,,194425,194392,194407,16,1:15,194408,194423,16,1:15,194409,194424,16,1:15,,,0,,,,0,,,,0,,,,0,,1,10,15,17,1,,,,
asymmetric,4,2737,70,bt,5,0,30400,16,194428,194428,194429,,,,194472,194439,194454,16,1:15,194455,194470,16,1:15,194456,194471,16,1:15,,,0,,,,0,,,,0,,,,0,,1,10,15,17,1,,,,
asymmetric,4,2738,70,bt,5,16,30528,16,194475,194475,194476,,,,194519,194486,194501,16,1:15,194502,194517,16,1:15,194503,194518,16,1:15,,,0,,,,0,,,,0,,,,0,,1,10,15,17,1,,,,
asymmetric,4,2739,70,bt,6,0,30656,16,194522,194522,194523,,,,194566,194533,194548,16,1:15,194549,194564,16,1:15,194550,194565,16,1:15,,,0,,,,0,,,,0,,,,0,,1,10,15,17,1,,,,
asymmetric,4,2740,70,bt,6,16,30784,16,194569,194569,194570,,,,194613,194580,194595,16,1:15,194596,194611,16,1:15,194597,194612,16,1:15,,,0,,,,0,,,,0,,,,0,,1,10,15,17,1,,,,
asymmetric,4,2741,70,bt,7,0,30912,16,194616,194616,194617,,,,194660,194627,194642,16,1:15,194643,194658,16,1:15,194644,194659,16,1:15,,,0,,,,0,,,,0,,,,0,,1,10,15,17,1,,,,
asymmetric,4,2742,70,bt,7,16,31040,16,194663,194663,194664,,,,194707,194674,194689,16,1:15,194690,194705,16,1:15,194691,194706,16,1:15,,,0,,,,0,,,,0,,,,0,,1,10,15,17,1,,,,
asymmetric,4,2743,70,c,0,0,49664,4,195257,195257,,195278,195277,195289,195290,,,0,,,,0,,,,0,,195259,195274,4,5:3,195261,195276,4,5:3,195262,195277,4,5:3,195278,195281,4,1:3,,,,,,20,4,8,1
asymmetric,4,2744,71,a,0,0,16448,16,195299,195299,195300,,,,195343,195310,195325,16,1:15,195326,195341,16,1:15,195327,195342,16,1:15,,,0,,,,0,,,,0,,,,0,,1,10,15,17,1,,,,
asymmetric,4,2745,71,a,0,16,16576,16,195346,195346,195347,,,,195390,195357,195372,16,1:15,195373,195388,16,1:15,195374,195389,16,1:15,,,0,,,,0,,,,0,,,,0,,1,10,15,17,1,,,,
asymmetric,4,2746,71,bt,0,0,31168,16,195398,195398,195399,,,,195442,195409,195424,16,1:15,195425,195440,16,1:15,195426,195441,16,1:15,,,0,,,,0,,,,0,,,,0,,1,10,15,17,1,,,,
asymmetric,4,2747,71,bt,0,16,31296,16,195445,195445,195446,,,,195489,195456,195471,16,1:15,195472,195487,16,1:15,195473,195488,16,1:15,,,0,,,,0,,,,0,,,,0,,1,10,15,17,1,,,,
asymmetric,4,2748,71,bt,1,0,31424,16,195492,195492,195493,,,,195536,195503,195518,16,1:15,195519,195534,16,1:15,195520,195535,16,1:15,,,0,,,,0,,,,0,,,,0,,1,10,15,17,1,,,,
asymmetric,4,2749,71,bt,1,16,31552,16,195539,195539,195540,,,,195583,195550,195565,16,1:15,195566,195581,16,1:15,195567,195582,16,1:15,,,0,,,,0,,,,0,,,,0,,1,10,15,17,1,,,,
asymmetric,4,2750,71,bt,2,0,31680,16,195586,195586,195587,,,,195630,195597,195612,16,1:15,195613,195628,16,1:15,195614,195629,16,1:15,,,0,,,,0,,,,0,,,,0,,1,10,15,17,1,,,,
asymmetric,4,2751,71,bt,2,16,31808,16,195633,195633,195634,,,,195677,195644,195659,16,1:15,195660,195675,16,1:15,195661,195676,16,1:15,,,0,,,,0,,,,0,,,,0,,1,10,15,17,1,,,,
asymmetric,4,2752,71,bt,3,0,31936,16,195680,195680,195681,,,,195724,195691,195706,16,1:15,195707,195722,16,1:15,195708,195723,16,1:15,,,0,,,,0,,,,0,,,,0,,1,10,15,17,1,,,,
asymmetric,4,2753,71,bt,3,16,32064,16,195727,195727,195728,,,,195771,195738,195753,16,1:15,195754,195769,16,1:15,195755,195770,16,1:15,,,0,,,,0,,,,0,,,,0,,1,10,15,17,1,,,,
asymmetric,4,2754,71,bt,4,0,32192,16,195774,195774,195775,,,,195818,195785,195800,16,1:15,195801,195816,16,1:15,195802,195817,16,1:15,,,0,,,,0,,,,0,,,,0,,1,10,15,17,1,,,,
asymmetric,4,2755,71,bt,4,16,32320,16,195821,195821,195822,,,,195865,195832,195847,16,1:15,195848,195863,16,1:15,195849,195864,16,1:15,,,0,,,,0,,,,0,,,,0,,1,10,15,17,1,,,,
asymmetric,4,2756,71,bt,5,0,32448,16,195868,195868,195869,,,,195912,195879,195894,16,1:15,195895,195910,16,1:15,195896,195911,16,1:15,,,0,,,,0,,,,0,,,,0,,1,10,15,17,1,,,,
asymmetric,4,2757,71,bt,5,16,32576,16,195915,195915,195916,,,,195959,195926,195941,16,1:15,195942,195957,16,1:15,195943,195958,16,1:15,,,0,,,,0,,,,0,,,,0,,1,10,15,17,1,,,,
asymmetric,4,2758,71,bt,6,0,32704,8,195962,195962,195963,,,,195990,195973,195980,8,1:7,195981,195988,8,1:7,195982,195989,8,1:7,,,0,,,,0,,,,0,,,,0,,1,10,7,9,1,,,,
asymmetric,4,2759,71,bt,6,8,32768,16,195993,195993,195994,,,,196037,196004,196019,16,1:15,196020,196035,16,1:15,196021,196036,16,1:15,,,0,,,,0,,,,0,,,,0,,1,10,15,17,1,,,,
asymmetric,4,2760,71,bt,6,24,32896,8,196040,196040,196041,,,,196068,196051,196058,8,1:7,196059,196066,8,1:7,196060,196067,8,1:7,,,0,,,,0,,,,0,,,,0,,1,10,7,9,1,,,,
asymmetric,4,2761,71,c,0,0,49696,4,196618,196618,,196639,196638,196650,196651,,,0,,,,0,,,,0,,196620,196635,4,5:3,196622,196637,4,5:3,196623,196638,4,5:3,196639,196642,4,1:3,,,,,,20,4,8,1
