schema_version,state,passed,job_id,mode,sample,seed,m,n,k,descriptor,utc_started,utc_finished,input_a_sha256_bytes,raw_b_sha256_bytes,oracle_sha256_bytes,c_before_sha256_bytes,input_residency,snapshot_sha256_bytes,stage,c_initialize_seconds,configure_seconds,job_wall_seconds,job_cycles,compute_cycles,read_beats,write_beats,write_valid_bytes,input_wait_cycles,read_stall_cycles,write_stall_cycles,p,t,build_id,core_hz,compared_elements,allocation_bytes_checked,guard_input_bytes_checked,allocation_download_seconds,validation_seconds,resident_host_seconds,core_seconds,useful_gops,useful_utilization
1,PASS,True,3,0,0,20261004,1,1,1,"{'m': 1, 'n': 1, 'k': 1, 'a_base': 64, 'bt_base': 256, 'c_base': 448, 'a_stride': 64, 'bt_stride': 64, 'c_stride': 64, 'mode': 0, 'watchdog': 10000000}",2026-10-04T16:40:47.163582+00:00,2026-10-04T16:40:48.104247+00:00,19152ddfba193b5b09fcb80d1bba5248f36027c06e81670db5a7146fb654d4ec,8d36bbb3d6fbf24f38ba020d9ceeef5d4562f5f26629f66b076ff395c438695e,b6b2ae11ecde8da962dcd3762e3467879f8c1af39dc74b72da259658c2666460,0e3b949af0637c02834d55e2995282d90a5ddb397f9d13e779dca3da96e114a7,Uploaded in this connection; reused only within this case,"{'a': '5a663bf1bd426ccb16bf0eac8a5748d8a7ab7e4e277a1b56daad1fd7a3e580f0', 'bt': 'f4fbbcf71bab4729bacf3ed8afef4a0250f84d64c8117d61cbeb9cb6244f6339', 'c': 'af03b856dcbcc8f87743d3b080950227d3ef4e0810db86f2ebd258a3c04604ff'}",PASS,0.025772999972105026,0.19221599999582395,0.5438072999822907,219,24,2,1,4,150,0,2,8,32,2638998349,100000000,1,576,572,0.12807380000595003,0.03215380001347512,0.8898700999561697,2.19e-06,0.0009132420091324201,7.134703196347032e-05
1,PASS,True,4,1,0,20261004,1,1,1,"{'m': 1, 'n': 1, 'k': 1, 'a_base': 64, 'bt_base': 256, 'c_base': 448, 'a_stride': 64, 'bt_stride': 64, 'c_stride': 64, 'mode': 1, 'watchdog': 10000000}",2026-10-04T16:40:48.119576+00:00,2026-10-04T16:40:49.048382+00:00,19152ddfba193b5b09fcb80d1bba5248f36027c06e81670db5a7146fb654d4ec,8d36bbb3d6fbf24f38ba020d9ceeef5d4562f5f26629f66b076ff395c438695e,b6b2ae11ecde8da962dcd3762e3467879f8c1af39dc74b72da259658c2666460,0e3b949af0637c02834d55e2995282d90a5ddb397f9d13e779dca3da96e114a7,Uploaded in this connection; reused only within this case,"{'a': '5a663bf1bd426ccb16bf0eac8a5748d8a7ab7e4e277a1b56daad1fd7a3e580f0', 'bt': 'f4fbbcf71bab4729bacf3ed8afef4a0250f84d64c8117d61cbeb9cb6244f6339', 'c': 'af03b856dcbcc8f87743d3b080950227d3ef4e0810db86f2ebd258a3c04604ff'}",PASS,0.031547499995213,0.19171570002799854,0.5441465000039898,221,24,2,1,4,152,0,2,8,32,2638998349,100000000,1,576,572,0.1279023999813944,0.03237149998312816,0.8953121000085957,2.21e-06,0.0009049773755656108,7.070135746606335e-05
1,PASS,True,5,1,0,20270977,5,3,9,"{'m': 5, 'n': 3, 'k': 9, 'a_base': 64, 'bt_base': 512, 'c_base': 832, 'a_stride': 64, 'bt_stride': 64, 'c_stride': 64, 'mode': 1, 'watchdog': 10000000}",2026-10-04T16:40:49.162122+00:00,2026-10-04T16:40:50.152010+00:00,26c3c20d69998ff0f391f6770a2735c8d392ea1e4ee2e199bbc8454b3d7e6d65,e32690c585358528c52402043d84de5f7760b33c3c25c7071bafe80f5c5d6bed,0b3e05bc62b9d5f73d802f01c5a4f1e9a65b76e4e545d4641062dd0217f46ad6,07a48a2993baf2e6bbfe3703903d8328cc1f358257904d6ac2068f307a712da4,Uploaded in this connection; reused only within this case,"{'a': '66cf149e0435a3c9306d5649bc2b0c8e5a120b2d1dadc4228eee0be2e3a8e8f7', 'bt': '99184850c9a2384a6aff61d2fb625411e91a8e2ae83c44ed5842676250810b87', 'c': '14d766aaf74e589c0cedb44a26a5b712a4fb157f337dac6129d2cdea40ada805'}",PASS,0.043770200049038976,0.19168419996276498,0.5440242000040598,479,32,16,10,60,236,0,10,8,32,2638998349,100000000,15,1216,1156,0.17641299997922033,0.031718800019007176,0.9558915999950841,4.79e-06,0.05636743215031315,0.004403705636743215
1,PASS,True,6,0,0,20270977,5,3,9,"{'m': 5, 'n': 3, 'k': 9, 'a_base': 64, 'bt_base': 512, 'c_base': 832, 'a_stride': 64, 'bt_stride': 64, 'c_stride': 64, 'mode': 0, 'watchdog': 10000000}",2026-10-04T16:40:50.169069+00:00,2026-10-04T16:40:51.160033+00:00,26c3c20d69998ff0f391f6770a2735c8d392ea1e4ee2e199bbc8454b3d7e6d65,e32690c585358528c52402043d84de5f7760b33c3c25c7071bafe80f5c5d6bed,0b3e05bc62b9d5f73d802f01c5a4f1e9a65b76e4e545d4641062dd0217f46ad6,07a48a2993baf2e6bbfe3703903d8328cc1f358257904d6ac2068f307a712da4,Uploaded in this connection; reused only within this case,"{'a': '66cf149e0435a3c9306d5649bc2b0c8e5a120b2d1dadc4228eee0be2e3a8e8f7', 'bt': '99184850c9a2384a6aff61d2fb625411e91a8e2ae83c44ed5842676250810b87', 'c': '14d766aaf74e589c0cedb44a26a5b712a4fb157f337dac6129d2cdea40ada805'}",PASS,0.045409100013785064,0.19201489997794852,0.5439855000004172,479,32,16,10,60,236,0,10,8,32,2638998349,100000000,15,1216,1156,0.1762814000248909,0.031775399984326214,0.9576909000170417,4.79e-06,0.05636743215031315,0.004403705636743215
1,PASS,True,7,0,0,20280950,31,33,17,"{'m': 31, 'n': 33, 'k': 17, 'a_base': 64, 'bt_base': 2176, 'c_base': 4416, 'a_stride': 64, 'bt_stride': 64, 'c_stride': 192, 'mode': 0, 'watchdog': 10000000}",2026-10-04T16:40:51.530205+00:00,2026-10-04T16:40:53.543986+00:00,e1b236cfa70c538645754d3151c4704aa30d7637ee06f15c486681ed8d395909,cb0e0456e0e948b4231c0ce6dd6f195fb42bd03f4c3fc353e0a3ba810fd6020e,a077bd1c0d85185215896f1b2e678c50512b3cee189705db57df9c2d4af39c64,c8c384a10050ac47889e98b7f436df7dd2a5b0745d611735bd36f7be8afc4600,Uploaded in this connection; reused only within this case,"{'a': '13c8141ca9293e4e4eb4376c78e398c5d4dac59b980fd155b70e4c2a18f645c7', 'bt': 'ed598be663a0859d58699eb56ab6e70f177ae0035e7471aa2761421871aed986', 'c': '2dde2f6110bd78333aaf8fd2fd5d4940ed99accb63f69cc02f782ad2f511a8cd'}",PASS,0.4276393000036478,0.19226360000902787,0.5435836000251584,7333,800,285,527,4092,1912,0,124,8,32,2638998349,100000000,1023,10432,6340,0.816171599959489,0.03199390001827851,1.979658099997323,7.333e-05,0.4743215600709123,0.03705637188054003
1,PASS,True,8,1,0,20280950,31,33,17,"{'m': 31, 'n': 33, 'k': 17, 'a_base': 64, 'bt_base': 2176, 'c_base': 4416, 'a_stride': 64, 'bt_stride': 64, 'c_stride': 192, 'mode': 1, 'watchdog': 10000000}",2026-10-04T16:40:53.556429+00:00,2026-10-04T16:40:55.559795+00:00,e1b236cfa70c538645754d3151c4704aa30d7637ee06f15c486681ed8d395909,cb0e0456e0e948b4231c0ce6dd6f195fb42bd03f4c3fc353e0a3ba810fd6020e,a077bd1c0d85185215896f1b2e678c50512b3cee189705db57df9c2d4af39c64,c8c384a10050ac47889e98b7f436df7dd2a5b0745d611735bd36f7be8afc4600,Uploaded in this connection; reused only within this case,"{'a': '13c8141ca9293e4e4eb4376c78e398c5d4dac59b980fd155b70e4c2a18f645c7', 'bt': 'ed598be663a0859d58699eb56ab6e70f177ae0035e7471aa2761421871aed986', 'c': '2dde2f6110bd78333aaf8fd2fd5d4940ed99accb63f69cc02f782ad2f511a8cd'}",PASS,0.41703020001295954,0.1918691000319086,0.5441244999528863,6533,800,285,527,4092,1244,0,124,8,32,2638998349,100000000,1023,10432,6340,0.8159206000273116,0.03189689997816458,1.968944400025066,6.533e-05,0.5324047145262513,0.041594118322363385
1,PASS,True,9,1,0,20290923,33,35,256,"{'m': 33, 'n': 35, 'k': 256, 'a_base': 64, 'bt_base': 8640, 'c_base': 17728, 'a_stride': 256, 'bt_stride': 256, 'c_stride': 192, 'mode': 1, 'watchdog': 10000000}",2026-10-04T16:40:56.874344+00:00,2026-10-04T16:40:59.879955+00:00,c02d511dabab86c07f9feebc277498c002386dd29c8e39e39cccdce5db61f2fe,0a706bd010c5ba0c43153257e1a879e684c690c0dcb0d046111be58726b7f31e,b148444c20daf98a4b759f235f41f1c5c0cdaa068bb19e3b30e1f5858d49ac62,96c110d9e028cc49dd27f4bb81da4b5b4ed2590d147903787b43e856b86ab7a2,Uploaded in this connection; reused only within this case,"{'a': 'c3ac834ca0ae31e0c2e331e4390355219826bfafaa47c4dc22f794be1aa0655c', 'bt': '39089b32925515cdc9478ca8e07afe8beb8dc9139045c6eb229d5e9bbf107e85', 'c': 'fe5a75e7f99a272d364ac3c0079761cef96f0f66eefdf35ec285fb588a635ac5'}",PASS,0.45927340001799166,0.19196319999173284,0.5440139999845996,13317,6975,4352,594,4620,3483,0,134,8,32,2638998349,100000000,1155,24128,19508,1.776081200048793,0.031984000001102686,2.9713318000431173,0.00013317,4.440639783735075,0.34692498310430275
1,PASS,True,10,0,0,20290923,33,35,256,"{'m': 33, 'n': 35, 'k': 256, 'a_base': 64, 'bt_base': 8640, 'c_base': 17728, 'a_stride': 256, 'bt_stride': 256, 'c_stride': 192, 'mode': 0, 'watchdog': 10000000}",2026-10-04T16:40:59.902436+00:00,2026-10-04T16:41:02.903397+00:00,c02d511dabab86c07f9feebc277498c002386dd29c8e39e39cccdce5db61f2fe,0a706bd010c5ba0c43153257e1a879e684c690c0dcb0d046111be58726b7f31e,b148444c20daf98a4b759f235f41f1c5c0cdaa068bb19e3b30e1f5858d49ac62,96c110d9e028cc49dd27f4bb81da4b5b4ed2590d147903787b43e856b86ab7a2,Uploaded in this connection; reused only within this case,"{'a': 'c3ac834ca0ae31e0c2e331e4390355219826bfafaa47c4dc22f794be1aa0655c', 'bt': '39089b32925515cdc9478ca8e07afe8beb8dc9139045c6eb229d5e9bbf107e85', 'c': 'fe5a75e7f99a272d364ac3c0079761cef96f0f66eefdf35ec285fb588a635ac5'}",PASS,0.4553365000174381,0.1916619999683462,0.5441235000034794,19791,6975,4352,594,4620,7674,0,134,8,32,2638998349,100000000,1155,24128,19508,1.7761139000067487,0.03175389999523759,2.9672358999960124,0.00019791,2.9880248597847503,0.23343944217068363
1,PASS,True,11,0,0,20300896,65,63,255,"{'m': 65, 'n': 63, 'k': 255, 'a_base': 64, 'bt_base': 16832, 'c_base': 33088, 'a_stride': 256, 'bt_stride': 256, 'c_stride': 256, 'mode': 0, 'watchdog': 10000000}",2026-10-04T16:41:05.307372+00:00,2026-10-04T16:41:10.839408+00:00,05e84e2d8004021242443ef4c0fa670481b1668df2343a3b0850bae5213ea6b4,181be35c7d762594e55b8328d0a0f5ce4d662a1a907cf1fe36b43ca69a3b5cf1,f228f5afbd3f8ec290bfd4c5dbfea9048f4e819f0306be8dde9364c27abb4f7a,13eef19238be48d7013ca72c21089e4a820ce7fa25203be3913a9a42dab1554d,Uploaded in this connection; reused only within this case,"{'a': 'ae877ac3f558d11c1982f8967fbd1d13cf82a626c3184ff92c502192e4e52512', 'bt': '3cd210f88512831ac76aed0b6979366eea23f32ad473c44bbb0b7c50dabc9faa', 'c': '03a55ad79023acb3edb0496bc4f20a531cccc812de7b4fef0c712e545cd1d98c'}",PASS,1.1790263000293635,0.1916454999591224,0.5439742000307888,52338,20016,10208,2080,16380,17456,0,268,8,32,2638998349,100000000,4095,49792,33412,3.584196899959352,0.031873000029008836,5.4988428999786265,0.00052338,3.9903129657228016,0.3117432004470939
1,PASS,True,12,1,0,20300896,65,63,255,"{'m': 65, 'n': 63, 'k': 255, 'a_base': 64, 'bt_base': 16832, 'c_base': 33088, 'a_stride': 256, 'bt_stride': 256, 'c_stride': 256, 'mode': 1, 'watchdog': 10000000}",2026-10-04T16:41:10.858328+00:00,2026-10-04T16:41:16.390964+00:00,05e84e2d8004021242443ef4c0fa670481b1668df2343a3b0850bae5213ea6b4,181be35c7d762594e55b8328d0a0f5ce4d662a1a907cf1fe36b43ca69a3b5cf1,f228f5afbd3f8ec290bfd4c5dbfea9048f4e819f0306be8dde9364c27abb4f7a,13eef19238be48d7013ca72c21089e4a820ce7fa25203be3913a9a42dab1554d,Uploaded in this connection; reused only within this case,"{'a': 'ae877ac3f558d11c1982f8967fbd1d13cf82a626c3184ff92c502192e4e52512', 'bt': '3cd210f88512831ac76aed0b6979366eea23f32ad473c44bbb0b7c50dabc9faa', 'c': '03a55ad79023acb3edb0496bc4f20a531cccc812de7b4fef0c712e545cd1d98c'}",PASS,1.1796493000001647,0.19209070003125817,0.5439919999917038,26466,20016,10208,2080,16380,3466,0,268,8,32,2638998349,100000000,4095,49792,33412,3.5838580999989063,0.03183039999566972,5.499590100022033,0.00026466,7.891067785082748,0.6164896707095897
1,PASS,True,13,1,0,20310869,1,64,256,"{'m': 1, 'n': 64, 'k': 256, 'a_base': 64, 'bt_base': 448, 'c_base': 16960, 'a_stride': 256, 'bt_stride': 256, 'c_stride': 256, 'mode': 1, 'watchdog': 10000000}",2026-10-04T16:41:17.658882+00:00,2026-10-04T16:41:19.783011+00:00,6994dc2fbac0ec8cf78acc0031fdc8325765948fdd6612ccef7106cda9c043c7,13366c4a8ec5ffa0e58ffe1e4515e7cc28577bd1b13d02cdd62b5c1475259d0c,73753548f4918cdc67aee35df04982984f900c593284cde1f1623e17fc5d8c81,70ed387e3157c73875f44fe0482ab514f156f96ac647d40ea7f5b3bb9eeeccd8,Uploaded in this connection; reused only within this case,"{'a': 'cdd1962b41eb8fa376bdc3f142aa48dd5864f3e822d440923c6b20c6ea06d22b', 'bt': '2bdbfb91df977d5392067a56df0a495ccece0c1138e415ec954c0da4866e6635', 'c': '43424bd8c611b1a21068737f000b959e5c8b023585e9a17c88fc5683b847dda9'}",PASS,0.04286899999715388,0.19185629999265075,0.5438580000190996,5020,2232,2112,32,256,2636,0,4,8,32,2638998349,100000000,64,17280,17024,1.3121126999612898,0.03195700002834201,2.090695999970194,5.02e-05,0.6527490039840638,0.05099601593625498
1,PASS,True,14,0,0,20310869,1,64,256,"{'m': 1, 'n': 64, 'k': 256, 'a_base': 64, 'bt_base': 448, 'c_base': 16960, 'a_stride': 256, 'bt_stride': 256, 'c_stride': 256, 'mode': 0, 'watchdog': 10000000}",2026-10-04T16:41:19.797773+00:00,2026-10-04T16:41:21.927024+00:00,6994dc2fbac0ec8cf78acc0031fdc8325765948fdd6612ccef7106cda9c043c7,13366c4a8ec5ffa0e58ffe1e4515e7cc28577bd1b13d02cdd62b5c1475259d0c,73753548f4918cdc67aee35df04982984f900c593284cde1f1623e17fc5d8c81,70ed387e3157c73875f44fe0482ab514f156f96ac647d40ea7f5b3bb9eeeccd8,Uploaded in this connection; reused only within this case,"{'a': 'cdd1962b41eb8fa376bdc3f142aa48dd5864f3e822d440923c6b20c6ea06d22b', 'bt': '2bdbfb91df977d5392067a56df0a495ccece0c1138e415ec954c0da4866e6635', 'c': '43424bd8c611b1a21068737f000b959e5c8b023585e9a17c88fc5683b847dda9'}",PASS,0.0482899000053294,0.19175900000846013,0.5439257000107318,6276,2232,2112,32,256,3768,0,4,8,32,2638998349,100000000,64,17280,17024,1.3121954000089318,0.031973699980881065,2.096170000033453,6.276e-05,0.5221159974506054,0.04079031230082855
1,PASS,True,15,0,0,20320842,64,1,256,"{'m': 64, 'n': 1, 'k': 256, 'a_base': 64, 'bt_base': 16576, 'c_base': 16960, 'a_stride': 256, 'bt_stride': 256, 'c_stride': 64, 'mode': 0, 'watchdog': 10000000}",2026-10-04T16:41:23.194067+00:00,2026-10-04T16:41:25.830800+00:00,3b1d9127b98850eb9b6d87c63eb2a1962be444f4d9471be97718608cba9752fe,2e34a5b63befd00de67de895935fbb6f5fcb4434da0caf0ed0f40d07f6d6c45b,4749367704d7062b3d1f5c245d3f5a7994e8d2f934d8fa74dc6bad682ca1091b,f83ee626795eb1a49502a12ab3a0f23702794612f837573a9a81ca81baa7ba28,Uploaded in this connection; reused only within this case,"{'a': '8fcd0884f5f0fb88f1f038c59a2c498fb9112bc0ee00d7fa02284b178432a905', 'bt': 'b1610f85f95bb725153b5e0317c529df6f7a5e1dff175ebc5f0db8dd0cce351e', 'c': '2fc9db242a60dcc3fd7fb8ce7d3cb28f3fb51be373efa4375c30fe24826a1d1a'}",PASS,0.2994106999831274,0.19180899998173118,0.5441011000075378,8286,2232,2112,64,256,3703,0,128,8,32,2638998349,100000000,64,21120,20864,1.5679357000044547,0.03200270002707839,2.603256499976851,8.286e-05,0.395462225440502,0.030895486362539224
1,PASS,True,16,1,0,20320842,64,1,256,"{'m': 64, 'n': 1, 'k': 256, 'a_base': 64, 'bt_base': 16576, 'c_base': 16960, 'a_stride': 256, 'bt_stride': 256, 'c_stride': 64, 'mode': 1, 'watchdog': 10000000}",2026-10-04T16:41:25.846786+00:00,2026-10-04T16:41:28.486755+00:00,3b1d9127b98850eb9b6d87c63eb2a1962be444f4d9471be97718608cba9752fe,2e34a5b63befd00de67de895935fbb6f5fcb4434da0caf0ed0f40d07f6d6c45b,4749367704d7062b3d1f5c245d3f5a7994e8d2f934d8fa74dc6bad682ca1091b,f83ee626795eb1a49502a12ab3a0f23702794612f837573a9a81ca81baa7ba28,Uploaded in this connection; reused only within this case,"{'a': '8fcd0884f5f0fb88f1f038c59a2c498fb9112bc0ee00d7fa02284b178432a905', 'bt': 'b1610f85f95bb725153b5e0317c529df6f7a5e1dff175ebc5f0db8dd0cce351e', 'c': '2fc9db242a60dcc3fd7fb8ce7d3cb28f3fb51be373efa4375c30fe24826a1d1a'}",PASS,0.30197440000483766,0.19196979998378083,0.543875899980776,6018,2232,2112,64,256,2591,0,128,8,32,2638998349,100000000,64,21120,20864,1.5680164000368677,0.031988499977160245,2.605836500006262,6.018e-05,0.5444998338318378,0.042539049518112326
1,PASS,True,17,1,0,20330815,32,32,256,"{'m': 32, 'n': 32, 'k': 256, 'a_base': 64, 'bt_base': 8384, 'c_base': 16704, 'a_stride': 256, 'bt_stride': 256, 'c_stride': 128, 'mode': 1, 'watchdog': 10000000}",2026-10-04T16:41:29.720294+00:00,2026-10-04T16:41:32.342649+00:00,b7f378ae3cda1a0a62a0785d5ec758f3bffa324f461ab23a665de81bf47758d8,b27d0912ab9487b7a60a90deebc9b3ea6090850ab8af1133df1d56c623197cf8,847c52d0836d90cf170678aa215bec73e8810166508822163fa3a9abd9c9792b,ab6d7887926bc5d5d077bb9d42748ececc9be6516d1ef0f506cef84e4bb9ab10,Uploaded in this connection; reused only within this case,"{'a': '3ae62a20c11d3545ec317293a6a03dd199ad6ec285846be793e6f0668a771569', 'bt': '6509ace8e07880f3d215b333cbfed5f4f1d30da18295856ddafdbdbd8d3b68f3', 'c': '014526c90b5b54b9693e86121a225d6b5e9397fc7a5e5ba65d2a5195f05c72a6'}",PASS,0.30146759998751804,0.1919140000245534,0.5437846999848261,11561,4464,2048,512,4096,3448,0,66,8,32,2638998349,100000000,1024,20864,16768,1.5521035999991,0.03206669999053702,2.5892698999959975,0.00011561,4.534971023267883,0.35429461119280337
1,PASS,True,18,0,0,20330815,32,32,256,"{'m': 32, 'n': 32, 'k': 256, 'a_base': 64, 'bt_base': 8384, 'c_base': 16704, 'a_stride': 256, 'bt_stride': 256, 'c_stride': 128, 'mode': 0, 'watchdog': 10000000}",2026-10-04T16:41:32.358876+00:00,2026-10-04T16:41:34.982441+00:00,b7f378ae3cda1a0a62a0785d5ec758f3bffa324f461ab23a665de81bf47758d8,b27d0912ab9487b7a60a90deebc9b3ea6090850ab8af1133df1d56c623197cf8,847c52d0836d90cf170678aa215bec73e8810166508822163fa3a9abd9c9792b,ab6d7887926bc5d5d077bb9d42748ececc9be6516d1ef0f506cef84e4bb9ab10,Uploaded in this connection; reused only within this case,"{'a': '3ae62a20c11d3545ec317293a6a03dd199ad6ec285846be793e6f0668a771569', 'bt': '6509ace8e07880f3d215b333cbfed5f4f1d30da18295856ddafdbdbd8d3b68f3', 'c': '014526c90b5b54b9693e86121a225d6b5e9397fc7a5e5ba65d2a5195f05c72a6'}",PASS,0.3023183000041172,0.192040599999018,0.5444120999891311,11599,4464,2048,512,4096,3501,0,66,8,32,2638998349,100000000,1024,20864,16768,1.5516167999594472,0.031975300051271915,2.5903877999517135,0.00011599,4.520113802914044,0.3531338908526597
1,PASS,True,19,1,0,20365733,1,1,1,"{'m': 1, 'n': 1, 'k': 1, 'a_base': 64, 'bt_base': 256, 'c_base': 448, 'a_stride': 64, 'bt_stride': 64, 'c_stride': 64, 'mode': 1, 'watchdog': 10000000}",2026-10-04T16:41:35.063732+00:00,2026-10-04T16:41:35.990232+00:00,021fb596db81e6d02bf3d2586ee3981fe519f275c0ac9ca76bbcf2ebb4097d96,af193a8cdcd0e3fb39e71147e59efa5cad40763d2611f5beff34a274f514362f,44161d99cce4065b95038c1ceda233693c76cfee8e7f8dc264983a76461dd60e,cdf5c554e5a64506eeeb621eae5182f1c1e9b9059f80598bd03c0df73d529d38,Uploaded in this connection; reused only within this case,"{'a': '941b59f76202216065455def46a56745e3f222c024f680210f5040b1448ff92d', 'bt': 'e2e7db63f615ffaea72c4078e55de6400d222d0a3a7e3f9083a7855cae373f25', 'c': 'ce1bd0f8afa4a315a8cfe905365fdfb7c751660e75b8a7b6593d18b231cd52dd'}",PASS,0.02960240002721548,0.19204259995603934,0.5438716000062414,218,24,2,1,4,149,0,2,8,32,2638998349,100000000,1,576,572,0.12807919998886064,0.03183280001394451,0.8935957999783568,2.18e-06,0.0009174311926605505,7.167431192660551e-05
1,PASS,True,20,0,0,20365733,1,1,1,"{'m': 1, 'n': 1, 'k': 1, 'a_base': 64, 'bt_base': 256, 'c_base': 448, 'a_stride': 64, 'bt_stride': 64, 'c_stride': 64, 'mode': 0, 'watchdog': 10000000}",2026-10-04T16:41:36.006939+00:00,2026-10-04T16:41:36.934391+00:00,021fb596db81e6d02bf3d2586ee3981fe519f275c0ac9ca76bbcf2ebb4097d96,af193a8cdcd0e3fb39e71147e59efa5cad40763d2611f5beff34a274f514362f,44161d99cce4065b95038c1ceda233693c76cfee8e7f8dc264983a76461dd60e,cdf5c554e5a64506eeeb621eae5182f1c1e9b9059f80598bd03c0df73d529d38,Uploaded in this connection; reused only within this case,"{'a': '941b59f76202216065455def46a56745e3f222c024f680210f5040b1448ff92d', 'bt': 'e2e7db63f615ffaea72c4078e55de6400d222d0a3a7e3f9083a7855cae373f25', 'c': 'ce1bd0f8afa4a315a8cfe905365fdfb7c751660e75b8a7b6593d18b231cd52dd'}",PASS,0.028968800033908337,0.19219829997746274,0.5439456999883987,222,24,2,1,4,153,0,2,8,32,2638998349,100000000,1,576,572,0.12802020000526682,0.031837399990763515,0.8931330000050366,2.22e-06,0.0009009009009009009,7.038288288288288e-05
1,PASS,True,21,0,0,20375706,5,3,9,"{'m': 5, 'n': 3, 'k': 9, 'a_base': 64, 'bt_base': 512, 'c_base': 832, 'a_stride': 64, 'bt_stride': 64, 'c_stride': 64, 'mode': 0, 'watchdog': 10000000}",2026-10-04T16:41:37.048582+00:00,2026-10-04T16:41:38.038246+00:00,b673cc33492b2cfb1ca67bca74ee7400e55069e7c57c5fdce7a95cb1b28bbe22,c6c5af9ca5090e63e991b4ae67be8dc431f84e07faa150217baa97d22d3d0031,fe5b94096962319fd3689160cc82c6d6463518358a54c900aa004b705649e6a3,fc541e27412b561a42ec8e8bb251688629cd159aae978179dd1307973b1fd2a9,Uploaded in this connection; reused only within this case,"{'a': 'fc243b9fca8b435faccf59d2b48aebab584d157b432f195f3f72cd87cc478569', 'bt': '499c7b7d579b11f2d58465cff5804cf993696d9de8f30fba3a1e69c93bc41d7f', 'c': '2a50db3bbf5cbdf66d5763c48444cd13deb934f19f1fe07577ec08094dfe4472'}",PASS,0.0436735000112094,0.19182840001303703,0.5441750999889337,478,32,16,10,60,235,0,10,8,32,2638998349,100000000,15,1216,1156,0.1761179000022821,0.03177449997747317,0.9557949000154622,4.78e-06,0.056485355648535567,0.004412918410041841
1,PASS,True,22,1,0,20375706,5,3,9,"{'m': 5, 'n': 3, 'k': 9, 'a_base': 64, 'bt_base': 512, 'c_base': 832, 'a_stride': 64, 'bt_stride': 64, 'c_stride': 64, 'mode': 1, 'watchdog': 10000000}",2026-10-04T16:41:38.058930+00:00,2026-10-04T16:41:39.046299+00:00,b673cc33492b2cfb1ca67bca74ee7400e55069e7c57c5fdce7a95cb1b28bbe22,c6c5af9ca5090e63e991b4ae67be8dc431f84e07faa150217baa97d22d3d0031,fe5b94096962319fd3689160cc82c6d6463518358a54c900aa004b705649e6a3,fc541e27412b561a42ec8e8bb251688629cd159aae978179dd1307973b1fd2a9,Uploaded in this connection; reused only within this case,"{'a': 'fc243b9fca8b435faccf59d2b48aebab584d157b432f195f3f72cd87cc478569', 'bt': '499c7b7d579b11f2d58465cff5804cf993696d9de8f30fba3a1e69c93bc41d7f', 'c': '2a50db3bbf5cbdf66d5763c48444cd13deb934f19f1fe07577ec08094dfe4472'}",PASS,0.041835899988655,0.1918887000065297,0.5443432999891229,479,32,16,10,60,236,0,10,8,32,2638998349,100000000,15,1216,1156,0.17584999999962747,0.031695400015451014,0.9539178999839351,4.79e-06,0.05636743215031315,0.004403705636743215
1,PASS,True,23,1,0,20385679,31,33,17,"{'m': 31, 'n': 33, 'k': 17, 'a_base': 64, 'bt_base': 2176, 'c_base': 4416, 'a_stride': 64, 'bt_stride': 64, 'c_stride': 192, 'mode': 1, 'watchdog': 10000000}",2026-10-04T16:41:39.418169+00:00,2026-10-04T16:41:41.430275+00:00,941543551a9d23f2b339386acdd96ae6551049b8fe287d3e8bce18536035f071,07ea2df0e3ce27c338cddcad61ba4880dd5e58c4d71a8f4e28b9e077931afda4,ca5f17822cee690a52efdb2b506b5e7201253c4aa6fb06ab420e0c1ce17d217a,a96fb4e23343c30c0b8cbca0fce74677188c8a7719fa949ec4aca78445ae5b27,Uploaded in this connection; reused only within this case,"{'a': '478a364c360ee52daa050972cee5bb10558a0c8a0ad11363da99c7b10dc1d782', 'bt': 'f125041c94ade2b2b78cf223c80a9566cb74222b4c66733b887df8a596f46c6a', 'c': '65d8edba1240ef17c15b1303a79ee46799fa6a04b99867a46e74d812cd3f4a10'}",PASS,0.42592289997264743,0.19223610003245994,0.5438286999706179,6523,800,285,527,4092,1246,0,124,8,32,2638998349,100000000,1023,10432,6340,0.8162491000257432,0.03182179998839274,1.9782368000014685,6.523e-05,0.533220910623946,0.041657883642495785
1,PASS,True,24,0,0,20385679,31,33,17,"{'m': 31, 'n': 33, 'k': 17, 'a_base': 64, 'bt_base': 2176, 'c_base': 4416, 'a_stride': 64, 'bt_stride': 64, 'c_stride': 192, 'mode': 0, 'watchdog': 10000000}",2026-10-04T16:41:41.449606+00:00,2026-10-04T16:41:43.462099+00:00,941543551a9d23f2b339386acdd96ae6551049b8fe287d3e8bce18536035f071,07ea2df0e3ce27c338cddcad61ba4880dd5e58c4d71a8f4e28b9e077931afda4,ca5f17822cee690a52efdb2b506b5e7201253c4aa6fb06ab420e0c1ce17d217a,a96fb4e23343c30c0b8cbca0fce74677188c8a7719fa949ec4aca78445ae5b27,Uploaded in this connection; reused only within this case,"{'a': '478a364c360ee52daa050972cee5bb10558a0c8a0ad11363da99c7b10dc1d782', 'bt': 'f125041c94ade2b2b78cf223c80a9566cb74222b4c66733b887df8a596f46c6a', 'c': '65d8edba1240ef17c15b1303a79ee46799fa6a04b99867a46e74d812cd3f4a10'}",PASS,0.42753390001598746,0.19156379997730255,0.5440298999892548,7363,800,285,527,4092,1934,0,124,8,32,2638998349,100000000,1023,10432,6340,0.8158953000092879,0.03195580001920462,1.9790228999918327,7.363e-05,0.47238897188645934,0.036905388428629636
1,PASS,True,25,0,0,20395652,33,35,256,"{'m': 33, 'n': 35, 'k': 256, 'a_base': 64, 'bt_base': 8640, 'c_base': 17728, 'a_stride': 256, 'bt_stride': 256, 'c_stride': 192, 'mode': 0, 'watchdog': 10000000}",2026-10-04T16:41:44.779615+00:00,2026-10-04T16:41:47.782089+00:00,bb68db041911caf98af9b2f3ec8595d26cfaaa471ec81a941e85a81b20dc6513,3aae8902f2aa29c765f193e80b272ab0a19ac003f4896841b77b5adafdad8fdd,858f47d672c8eb99033854138f8f0df1b5682aab4a4765399ea82c5620d3dbb1,081ffe758244f9aa7520cb7ca0b65c0498ceb17a9c05f9656c483b0bac51b643,Uploaded in this connection; reused only within this case,"{'a': '14e77da425e99659c2a23e5e3d072e480c0fdb5a9e56c6a9222b51994386d069', 'bt': '49301e03fcc0c927cf14b3540a934b78a736ffec6037a7c16b726cf5877cd934', 'c': '23c05c6e5060a949f21a28b4812d66cd0b5f157004b59492e46d2034b650ee56'}",PASS,0.45639700000174344,0.1919050000142306,0.5439594999770634,19823,6975,4352,594,4620,7689,0,134,8,32,2638998349,100000000,1155,24128,19508,1.776358800008893,0.031744400039315224,2.9686203000019304,0.00019823,2.983201331786309,0.23306260404580537
1,PASS,True,26,1,0,20395652,33,35,256,"{'m': 33, 'n': 35, 'k': 256, 'a_base': 64, 'bt_base': 8640, 'c_base': 17728, 'a_stride': 256, 'bt_stride': 256, 'c_stride': 192, 'mode': 1, 'watchdog': 10000000}",2026-10-04T16:41:47.796350+00:00,2026-10-04T16:41:50.806000+00:00,bb68db041911caf98af9b2f3ec8595d26cfaaa471ec81a941e85a81b20dc6513,3aae8902f2aa29c765f193e80b272ab0a19ac003f4896841b77b5adafdad8fdd,858f47d672c8eb99033854138f8f0df1b5682aab4a4765399ea82c5620d3dbb1,081ffe758244f9aa7520cb7ca0b65c0498ceb17a9c05f9656c483b0bac51b643,Uploaded in this connection; reused only within this case,"{'a': '14e77da425e99659c2a23e5e3d072e480c0fdb5a9e56c6a9222b51994386d069', 'bt': '49301e03fcc0c927cf14b3540a934b78a736ffec6037a7c16b726cf5877cd934', 'c': '23c05c6e5060a949f21a28b4812d66cd0b5f157004b59492e46d2034b650ee56'}",PASS,0.463534000038635,0.19211750000249594,0.5438984999782406,13260,6975,4352,594,4620,3473,0,134,8,32,2638998349,100000000,1155,24128,19508,1.7757866000174545,0.03218370000831783,2.975336600036826,0.0001326,4.4597285067873305,0.34841628959276016
1,PASS,True,27,1,0,20405625,65,63,255,"{'m': 65, 'n': 63, 'k': 255, 'a_base': 64, 'bt_base': 16832, 'c_base': 33088, 'a_stride': 256, 'bt_stride': 256, 'c_stride': 256, 'mode': 1, 'watchdog': 10000000}",2026-10-04T16:41:53.225528+00:00,2026-10-04T16:41:58.757566+00:00,04eeb7d3acde23ec8f84ada78fc394f6ca36b83145fa095a745f6671c09d28cb,01a90c0cdf10df9c6b9e590e0e31742d14ff19eb7600961995de38b9ce21d7d4,983d0a3ab828c6a73816e990d15ae8b647fbb396ff52a73b7f4db71110598a9c,2ffd50c1a5babf7cf5445b5d018958ed100f67b7015024fbfbba9b879da5c66e,Uploaded in this connection; reused only within this case,"{'a': '834c81561923d06506e92db78836ab016d14ef18a310d1d0f800f668227137b4', 'bt': 'ba9de9b1555ebcc4d4e076adbffaed2b5e9447f8e28b16f8635f144de1a5efe8', 'c': 'a151d714b3a4a5e9fbd8f2aea8e59c738b89b811ec2e68bd08ee4cd4386cd964'}",PASS,1.1791311000124551,0.19213169999420643,0.5439261000137776,26439,20016,10208,2080,16380,3482,0,268,8,32,2638998349,100000000,4095,49792,33412,3.5840808999491856,0.03170760005014017,5.499269799969625,0.00026439,7.89912629070691,0.6171192414614773
1,PASS,True,28,0,0,20405625,65,63,255,"{'m': 65, 'n': 63, 'k': 255, 'a_base': 64, 'bt_base': 16832, 'c_base': 33088, 'a_stride': 256, 'bt_stride': 256, 'c_stride': 256, 'mode': 0, 'watchdog': 10000000}",2026-10-04T16:41:58.774482+00:00,2026-10-04T16:42:04.309795+00:00,04eeb7d3acde23ec8f84ada78fc394f6ca36b83145fa095a745f6671c09d28cb,01a90c0cdf10df9c6b9e590e0e31742d14ff19eb7600961995de38b9ce21d7d4,983d0a3ab828c6a73816e990d15ae8b647fbb396ff52a73b7f4db71110598a9c,2ffd50c1a5babf7cf5445b5d018958ed100f67b7015024fbfbba9b879da5c66e,Uploaded in this connection; reused only within this case,"{'a': '834c81561923d06506e92db78836ab016d14ef18a310d1d0f800f668227137b4', 'bt': 'ba9de9b1555ebcc4d4e076adbffaed2b5e9447f8e28b16f8635f144de1a5efe8', 'c': 'a151d714b3a4a5e9fbd8f2aea8e59c738b89b811ec2e68bd08ee4cd4386cd964'}",PASS,1.181842400052119,0.1920846999855712,0.5437812000163831,52378,20016,10208,2080,16380,17496,0,268,8,32,2638998349,100000000,4095,49792,33412,3.584339799999725,0.031985499954316765,5.502048100053798,0.00052378,3.987265645881859,0.31150512858452023
1,PASS,True,29,0,0,20415598,1,64,256,"{'m': 1, 'n': 64, 'k': 256, 'a_base': 64, 'bt_base': 448, 'c_base': 16960, 'a_stride': 256, 'bt_stride': 256, 'c_stride': 256, 'mode': 0, 'watchdog': 10000000}",2026-10-04T16:42:05.576037+00:00,2026-10-04T16:42:07.701210+00:00,599c56319345c926bbd27d54c3758caa2a77c3b97d0f25414962f2a1c39b0c0a,d17546fbb0315f3e247a9cbe4300d9ec037a8e4a9826bf5bd07dd3b5392aff9c,4595dfea611c40a00bca93788905a38c3e7c20e2d0082c8bd72a9cab67ef0804,012188b6b167410ed3a0866e88138d19b1a4a8451fbd4740598a1d62fc3bc4e1,Uploaded in this connection; reused only within this case,"{'a': '3f4099e98b5fa8f41b7adf3143fa2f45f86699c326ed775a8c9a3b9d6c5b0b4e', 'bt': 'd59516f5f888fe27727adba8ebffeeac7099fd408c95e1a541a39b4b1b002c76', 'c': 'a16e14bd1df8b6c76319094992e28956588a1b4fbaad3e878ba2f9f2cc0c7833'}",PASS,0.04415169998537749,0.19209620001493022,0.5443406000267714,6227,2232,2112,32,256,3727,0,4,8,32,2638998349,100000000,64,17280,17024,1.3115596999996342,0.03197700000600889,2.0921482000267133,6.227e-05,0.5262245061827525,0.04111128954552754
1,PASS,True,30,1,0,20415598,1,64,256,"{'m': 1, 'n': 64, 'k': 256, 'a_base': 64, 'bt_base': 448, 'c_base': 16960, 'a_stride': 256, 'bt_stride': 256, 'c_stride': 256, 'mode': 1, 'watchdog': 10000000}",2026-10-04T16:42:07.725869+00:00,2026-10-04T16:42:09.845120+00:00,599c56319345c926bbd27d54c3758caa2a77c3b97d0f25414962f2a1c39b0c0a,d17546fbb0315f3e247a9cbe4300d9ec037a8e4a9826bf5bd07dd3b5392aff9c,4595dfea611c40a00bca93788905a38c3e7c20e2d0082c8bd72a9cab67ef0804,012188b6b167410ed3a0866e88138d19b1a4a8451fbd4740598a1d62fc3bc4e1,Uploaded in this connection; reused only within this case,"{'a': '3f4099e98b5fa8f41b7adf3143fa2f45f86699c326ed775a8c9a3b9d6c5b0b4e', 'bt': 'd59516f5f888fe27727adba8ebffeeac7099fd408c95e1a541a39b4b1b002c76', 'c': 'a16e14bd1df8b6c76319094992e28956588a1b4fbaad3e878ba2f9f2cc0c7833'}",PASS,0.03770730004180223,0.19195239996770397,0.5441142999916337,5018,2232,2112,32,256,2630,0,4,8,32,2638998349,100000000,64,17280,17024,1.3119684000266716,0.03184740000870079,2.0857424000278115,5.018e-05,0.6530091669988043,0.05101634117178159
1,PASS,True,31,1,0,20425571,64,1,256,"{'m': 64, 'n': 1, 'k': 256, 'a_base': 64, 'bt_base': 16576, 'c_base': 16960, 'a_stride': 256, 'bt_stride': 256, 'c_stride': 64, 'mode': 1, 'watchdog': 10000000}",2026-10-04T16:42:11.112657+00:00,2026-10-04T16:42:13.749120+00:00,921b8ef919f31cb7033169f35abc25a0de8e8c58731ab99a1cc9dd0ebba1a0f0,9545eb9255383d4577aa653bcc2aabd9aa0381ac0731ec17d010f1dd34a02fe3,c8a32e92a8922eec50d0fd7d8d32393295dbbc106c09767fb4df1c19317aa318,a876ad5b10d744a0b1407785179942413be0d917c16985f36c42a65c580b1f7d,Uploaded in this connection; reused only within this case,"{'a': 'af685b8071e9178d0e966b24bdad5b2f3768f19256fd3bd6bfdb8c60785f56b5', 'bt': '6d8841f39e57622fb4e4770948b0b2205a616db30d0bc2da1c0f182ed5246064', 'c': 'ce9d5852b94fd84d7d52e9ed04e987fa41ab6ff19ab603bae30eee2815740895'}",PASS,0.2991479000193067,0.1922160999965854,0.5437694999855012,6031,2232,2112,64,256,2606,0,128,8,32,2638998349,100000000,64,21120,20864,1.5681811000104062,0.03193629998713732,2.6033146000117995,6.031e-05,0.5433261482341237,0.042447355330790915
1,PASS,True,32,0,0,20425571,64,1,256,"{'m': 64, 'n': 1, 'k': 256, 'a_base': 64, 'bt_base': 16576, 'c_base': 16960, 'a_stride': 256, 'bt_stride': 256, 'c_stride': 64, 'mode': 0, 'watchdog': 10000000}",2026-10-04T16:42:13.768993+00:00,2026-10-04T16:42:16.405025+00:00,921b8ef919f31cb7033169f35abc25a0de8e8c58731ab99a1cc9dd0ebba1a0f0,9545eb9255383d4577aa653bcc2aabd9aa0381ac0731ec17d010f1dd34a02fe3,c8a32e92a8922eec50d0fd7d8d32393295dbbc106c09767fb4df1c19317aa318,a876ad5b10d744a0b1407785179942413be0d917c16985f36c42a65c580b1f7d,Uploaded in this connection; reused only within this case,"{'a': 'af685b8071e9178d0e966b24bdad5b2f3768f19256fd3bd6bfdb8c60785f56b5', 'bt': '6d8841f39e57622fb4e4770948b0b2205a616db30d0bc2da1c0f182ed5246064', 'c': 'ce9d5852b94fd84d7d52e9ed04e987fa41ab6ff19ab603bae30eee2815740895'}",PASS,0.2989692999981344,0.19197490002261475,0.5439303999883123,8278,2232,2112,64,256,3695,0,128,8,32,2638998349,100000000,64,21120,20864,1.5681249999906868,0.03191090002655983,2.602999599999748,8.278e-05,0.39584440686156075,0.030925344286059434
1,PASS,True,33,0,0,20435544,32,32,256,"{'m': 32, 'n': 32, 'k': 256, 'a_base': 64, 'bt_base': 8384, 'c_base': 16704, 'a_stride': 256, 'bt_stride': 256, 'c_stride': 128, 'mode': 0, 'watchdog': 10000000}",2026-10-04T16:42:17.655589+00:00,2026-10-04T16:42:20.276715+00:00,7b47b36c1b7d419726e69dda1ba4b52cc235e41f0b11131aa214c2c0ed33f916,93174aa8b1a4341b1dd9186aff814facfbc86c4ebf3f81c74b9a998cf7d6b886,0e006241548e3b865125bf9680098e66501290def326ec6ee6fabfe7eab115a5,0544e21e2321079a871c27e7c03eecbaeae08637c0957a5fbd974ed341d8dece,Uploaded in this connection; reused only within this case,"{'a': '93b4448685e996a8e6cd6a1432d15b90723867321ebf46bacfe8589f94504ebc', 'bt': 'ff39269decefbe0e40d6f55edc2f163cb537f355343adf40a47d991c9e6a6c81', 'c': 'fc1fb0e70aaed64cb2dda758942d8fef41a5bc429d3e016699dda8291d18327e'}",PASS,0.2995468999724835,0.19202350004343316,0.54410729999654,11598,4464,2048,512,4096,3501,0,66,8,32,2638998349,100000000,1024,20864,16768,1.552111099998001,0.031573699961882085,2.5877888000104576,0.00011598,4.520503535092257,0.3531643386790826
1,PASS,True,34,1,0,20435544,32,32,256,"{'m': 32, 'n': 32, 'k': 256, 'a_base': 64, 'bt_base': 8384, 'c_base': 16704, 'a_stride': 256, 'bt_stride': 256, 'c_stride': 128, 'mode': 1, 'watchdog': 10000000}",2026-10-04T16:42:20.302953+00:00,2026-10-04T16:42:22.917063+00:00,7b47b36c1b7d419726e69dda1ba4b52cc235e41f0b11131aa214c2c0ed33f916,93174aa8b1a4341b1dd9186aff814facfbc86c4ebf3f81c74b9a998cf7d6b886,0e006241548e3b865125bf9680098e66501290def326ec6ee6fabfe7eab115a5,0544e21e2321079a871c27e7c03eecbaeae08637c0957a5fbd974ed341d8dece,Uploaded in this connection; reused only within this case,"{'a': '93b4448685e996a8e6cd6a1432d15b90723867321ebf46bacfe8589f94504ebc', 'bt': 'ff39269decefbe0e40d6f55edc2f163cb537f355343adf40a47d991c9e6a6c81', 'c': 'fc1fb0e70aaed64cb2dda758942d8fef41a5bc429d3e016699dda8291d18327e'}",PASS,0.29120510001666844,0.1920436000218615,0.5440967999747954,11603,4464,2048,512,4096,3484,0,66,8,32,2638998349,100000000,1024,20864,16768,1.5517957999836653,0.0322816000552848,2.5791412999969907,0.00011603,4.518555545979488,0.35301215202964753
1,PASS,True,35,0,0,20470462,1,1,1,"{'m': 1, 'n': 1, 'k': 1, 'a_base': 64, 'bt_base': 256, 'c_base': 448, 'a_stride': 64, 'bt_stride': 64, 'c_stride': 64, 'mode': 0, 'watchdog': 10000000}",2026-10-04T16:42:23.016410+00:00,2026-10-04T16:42:23.940692+00:00,4bf5122f344554c53bde2ebb8cd2b7e3d1600ad631c385a5d7cce23c7785459a,65f15821061635e6807f06701bf0a12d8e89dcff88df5968bd0822c9dbb52f1c,5b0c19c648861df8ba75f336fea8efa317e047a683c33130f163bceb65401c25,e6758a7abe9a0497431dfbf405b02034f629fee286a28b580617c7a8b46b8ff6,Uploaded in this connection; reused only within this case,"{'a': 'eb6c728c8ffbdd6aa288592869f26c5588591fcff94f8768fb647bcf5af0bf9d', 'bt': 'bbc7c32501b7c139a87ebd3f67a8b317c7d86065d25e81c93372a0def60950f3', 'c': '82e10c28ab0dfc62f839e85a862479b11e1d160e86c42c69dcf15bd13cb4ffa1'}",PASS,0.02619029994821176,0.1919810000108555,0.5439255000092089,217,24,2,1,4,148,0,2,8,32,2638998349,100000000,1,576,572,0.1281103999936022,0.03199809999205172,0.8902071999618784,2.17e-06,0.0009216589861751152,7.200460829493088e-05
1,PASS,True,36,1,0,20470462,1,1,1,"{'m': 1, 'n': 1, 'k': 1, 'a_base': 64, 'bt_base': 256, 'c_base': 448, 'a_stride': 64, 'bt_stride': 64, 'c_stride': 64, 'mode': 1, 'watchdog': 10000000}",2026-10-04T16:42:23.965186+00:00,2026-10-04T16:42:24.884603+00:00,4bf5122f344554c53bde2ebb8cd2b7e3d1600ad631c385a5d7cce23c7785459a,65f15821061635e6807f06701bf0a12d8e89dcff88df5968bd0822c9dbb52f1c,5b0c19c648861df8ba75f336fea8efa317e047a683c33130f163bceb65401c25,e6758a7abe9a0497431dfbf405b02034f629fee286a28b580617c7a8b46b8ff6,Uploaded in this connection; reused only within this case,"{'a': 'eb6c728c8ffbdd6aa288592869f26c5588591fcff94f8768fb647bcf5af0bf9d', 'bt': 'bbc7c32501b7c139a87ebd3f67a8b317c7d86065d25e81c93372a0def60950f3', 'c': '82e10c28ab0dfc62f839e85a862479b11e1d160e86c42c69dcf15bd13cb4ffa1'}",PASS,0.02127269998891279,0.19208320003235713,0.5439530999865383,221,24,2,1,4,152,0,2,8,32,2638998349,100000000,1,576,572,0.12807879998581484,0.03187870001420379,0.885387799993623,2.21e-06,0.0009049773755656108,7.070135746606335e-05
1,PASS,True,37,1,0,20480435,5,3,9,"{'m': 5, 'n': 3, 'k': 9, 'a_base': 64, 'bt_base': 512, 'c_base': 832, 'a_stride': 64, 'bt_stride': 64, 'c_stride': 64, 'mode': 1, 'watchdog': 10000000}",2026-10-04T16:42:25.014836+00:00,2026-10-04T16:42:26.004653+00:00,67c5a9bb6d0a17eb4aabe4158b0a4140d7bd2001ca0b883dc527acba2d8ef0ae,08935f0c2ea864bb504e97b0adab10ea3d281b52a2f1cd426a9f86ae99c5cc6d,7bd781704bf472415c6cdfeaf8a356c9c0e7f11b3da28b9050ffe70bd63662d0,0ccd965f9494d92c71a87ae21b801b2cec281cef1f4c61d101aeeba72a960438,Uploaded in this connection; reused only within this case,"{'a': 'a728081f195e3195e32c46c690e60ee013db43664bdd78680d75759e8440b976', 'bt': 'a7a148a075431a2aeb116a24c7bb0fb42bd82e3c40b042e70a1a5455bcb1999f', 'c': 'a5e14b9282394e8acd1b1e9007b2d67fa15fd1f70a5ce5e7c180b9ef081da6de'}",PASS,0.044671000039670616,0.19220659998245537,0.5437296999734826,478,32,16,10,60,235,0,10,8,32,2638998349,100000000,15,1216,1156,0.1761376000358723,0.03194739995524287,0.9567449000314809,4.78e-06,0.056485355648535567,0.004412918410041841
1,PASS,True,38,0,0,20480435,5,3,9,"{'m': 5, 'n': 3, 'k': 9, 'a_base': 64, 'bt_base': 512, 'c_base': 832, 'a_stride': 64, 'bt_stride': 64, 'c_stride': 64, 'mode': 0, 'watchdog': 10000000}",2026-10-04T16:42:26.025625+00:00,2026-10-04T16:42:27.012592+00:00,67c5a9bb6d0a17eb4aabe4158b0a4140d7bd2001ca0b883dc527acba2d8ef0ae,08935f0c2ea864bb504e97b0adab10ea3d281b52a2f1cd426a9f86ae99c5cc6d,7bd781704bf472415c6cdfeaf8a356c9c0e7f11b3da28b9050ffe70bd63662d0,0ccd965f9494d92c71a87ae21b801b2cec281cef1f4c61d101aeeba72a960438,Uploaded in this connection; reused only within this case,"{'a': 'a728081f195e3195e32c46c690e60ee013db43664bdd78680d75759e8440b976', 'bt': 'a7a148a075431a2aeb116a24c7bb0fb42bd82e3c40b042e70a1a5455bcb1999f', 'c': 'a5e14b9282394e8acd1b1e9007b2d67fa15fd1f70a5ce5e7c180b9ef081da6de'}",PASS,0.040687199973035604,0.19199280004249886,0.5444119999883696,476,32,16,10,60,233,0,10,8,32,2638998349,100000000,15,1216,1156,0.17559820000315085,0.03186049999203533,0.952690200007055,4.76e-06,0.05672268907563025,0.004431460084033613
1,PASS,True,39,0,0,20490408,31,33,17,"{'m': 31, 'n': 33, 'k': 17, 'a_base': 64, 'bt_base': 2176, 'c_base': 4416, 'a_stride': 64, 'bt_stride': 64, 'c_stride': 192, 'mode': 0, 'watchdog': 10000000}",2026-10-04T16:42:27.399596+00:00,2026-10-04T16:42:29.412766+00:00,395b4f4d8f7f2f0910b09850220324c7646125e06c389f9d7024a7e84b693a77,af936b1dcb6571e4e88cc8f56de5a0ef72acad51b1ae755c6e1cc1ae1388d5d4,2e45d1f71d9ea5473a27c173f36d774a31bb670af8889d0ec9924571e9c8fa5f,07aa21a778bb4813cec8dd54fdd1e9227cae71732b6d95b393e42f6829cf7c60,Uploaded in this connection; reused only within this case,"{'a': '64543e8d38d0dfdbd96a5f68ea6354f837e8ac3ad93d0e822aad21829a9bf58d', 'bt': '3e0a0bbfd1c67131a2c06eb9f1cdc1457f89269640eba2786394b8764e8b6286', 'c': '0657fdc58d361563ee848be2031d2e8b7e609fb423ccd58a18df5d89d1e5372f'}",PASS,0.4266596999950707,0.1922113000182435,0.5437194000114687,7366,800,285,527,4092,1935,0,124,8,32,2638998349,100000000,1023,10432,6340,0.8161223999923095,0.03219419997185469,1.9787128000170924,7.366e-05,0.4721965788759164,0.03689035772468097
1,PASS,True,40,1,0,20490408,31,33,17,"{'m': 31, 'n': 33, 'k': 17, 'a_base': 64, 'bt_base': 2176, 'c_base': 4416, 'a_stride': 64, 'bt_stride': 64, 'c_stride': 192, 'mode': 1, 'watchdog': 10000000}",2026-10-04T16:42:29.433355+00:00,2026-10-04T16:42:31.444489+00:00,395b4f4d8f7f2f0910b09850220324c7646125e06c389f9d7024a7e84b693a77,af936b1dcb6571e4e88cc8f56de5a0ef72acad51b1ae755c6e1cc1ae1388d5d4,2e45d1f71d9ea5473a27c173f36d774a31bb670af8889d0ec9924571e9c8fa5f,07aa21a778bb4813cec8dd54fdd1e9227cae71732b6d95b393e42f6829cf7c60,Uploaded in this connection; reused only within this case,"{'a': '64543e8d38d0dfdbd96a5f68ea6354f837e8ac3ad93d0e822aad21829a9bf58d', 'bt': '3e0a0bbfd1c67131a2c06eb9f1cdc1457f89269640eba2786394b8764e8b6286', 'c': '0657fdc58d361563ee848be2031d2e8b7e609fb423ccd58a18df5d89d1e5372f'}",PASS,0.4247849999810569,0.19198030000552535,0.5439887000247836,6468,800,285,527,4092,1226,0,124,8,32,2638998349,100000000,1023,10432,6340,0.8162936000153422,0.03183539997553453,1.977047600026708,6.468e-05,0.5377551020408163,0.04201211734693878
1,PASS,True,41,1,0,20500381,33,35,256,"{'m': 33, 'n': 35, 'k': 256, 'a_base': 64, 'bt_base': 8640, 'c_base': 17728, 'a_stride': 256, 'bt_stride': 256, 'c_stride': 192, 'mode': 1, 'watchdog': 10000000}",2026-10-04T16:42:32.759867+00:00,2026-10-04T16:42:35.764172+00:00,fa9ead46996ceca018a3760013b0510f273c2e1744c5600a053cd02089f6159f,d34cf66539d85331f6f060c5cde521b3de6da12e0a8c10abb9dbed53c795fd8a,c32e39b2eab35eae1a1a104f9210a207faf4cade39ebca226c02d71771de3e7d,3dca23886e065a49fec0f409e545bd5ceada699161e913a1d38562a4e131d091,Uploaded in this connection; reused only within this case,"{'a': '1794a7bbcca7254c5e7eed339385f8a2da68fc16aa629fb5e63fc546dda897fa', 'bt': '1d99d20065290258222725716f7b372b48e9f4ee6e441d07d064045959713214', 'c': 'c777036e674d62f8d136bfea4bc63b15ab825ca9e9358fc415f1577c3628b45d'}",PASS,0.4586614999570884,0.19202800001949072,0.5441228999989107,13287,6975,4352,594,4620,3479,0,134,8,32,2638998349,100000000,1155,24128,19508,1.7758587999851443,0.03180450003128499,2.970671199960634,0.00013287,4.4506660645743965,0.3477082862948747
1,PASS,True,42,0,0,20500381,33,35,256,"{'m': 33, 'n': 35, 'k': 256, 'a_base': 64, 'bt_base': 8640, 'c_base': 17728, 'a_stride': 256, 'bt_stride': 256, 'c_stride': 192, 'mode': 0, 'watchdog': 10000000}",2026-10-04T16:42:35.785806+00:00,2026-10-04T16:42:38.788188+00:00,fa9ead46996ceca018a3760013b0510f273c2e1744c5600a053cd02089f6159f,d34cf66539d85331f6f060c5cde521b3de6da12e0a8c10abb9dbed53c795fd8a,c32e39b2eab35eae1a1a104f9210a207faf4cade39ebca226c02d71771de3e7d,3dca23886e065a49fec0f409e545bd5ceada699161e913a1d38562a4e131d091,Uploaded in this connection; reused only within this case,"{'a': '1794a7bbcca7254c5e7eed339385f8a2da68fc16aa629fb5e63fc546dda897fa', 'bt': '1d99d20065290258222725716f7b372b48e9f4ee6e441d07d064045959713214', 'c': 'c777036e674d62f8d136bfea4bc63b15ab825ca9e9358fc415f1577c3628b45d'}",PASS,0.4571462000021711,0.19209540000883862,0.5439150999882258,19721,6975,4352,594,4620,7615,0,134,8,32,2638998349,100000000,1155,24128,19508,1.775999600009527,0.03196599998045713,2.9691563000087626,0.00019721,2.9986309010699252,0.23426803914608793
1,PASS,True,43,0,0,20510354,65,63,255,"{'m': 65, 'n': 63, 'k': 255, 'a_base': 64, 'bt_base': 16832, 'c_base': 33088, 'a_stride': 256, 'bt_stride': 256, 'c_stride': 256, 'mode': 0, 'watchdog': 10000000}",2026-10-04T16:42:41.206662+00:00,2026-10-04T16:42:46.740006+00:00,54509275efe9c3b1cd7a495bc4be590b190c09d290e38e128bf39ccc936ffcd3,ea5a032a874fdb0510c41c4914c0680267c1b3babce5170f0528f5568a84d0ad,e4d6fd52d845ce3c61ccc51bf5747a144875d5f9e13e7882619cab3187a858b9,440f8ac6c0bea132b30315aa9c58da1c7b85769bc1dbd1f9e6d6fc2f0911d427,Uploaded in this connection; reused only within this case,"{'a': '49fe254abfb0bb746f89838dad7c47df50355b8d4a5b70472f406e334c9cb4fd', 'bt': 'fc44bfbc5f41c4c86bc11f964c384955fb8849d1d6589f27f2ff08b8b4130d14', 'c': 'be5342a952db0eddcf5bc6f3f0025f3c260e84472d3d94d00bea0ca2a40d650c'}",PASS,1.1804209999972954,0.192091699980665,0.5442247000173666,52409,20016,10208,2080,16380,17533,0,268,8,32,2638998349,100000000,4095,49792,33412,3.5836734999902546,0.03189490002114326,5.500410899985582,0.00052409,3.984907172432216,0.31132087284626686
1,PASS,True,44,1,0,20510354,65,63,255,"{'m': 65, 'n': 63, 'k': 255, 'a_base': 64, 'bt_base': 16832, 'c_base': 33088, 'a_stride': 256, 'bt_stride': 256, 'c_stride': 256, 'mode': 1, 'watchdog': 10000000}",2026-10-04T16:42:46.758640+00:00,2026-10-04T16:42:52.291958+00:00,54509275efe9c3b1cd7a495bc4be590b190c09d290e38e128bf39ccc936ffcd3,ea5a032a874fdb0510c41c4914c0680267c1b3babce5170f0528f5568a84d0ad,e4d6fd52d845ce3c61ccc51bf5747a144875d5f9e13e7882619cab3187a858b9,440f8ac6c0bea132b30315aa9c58da1c7b85769bc1dbd1f9e6d6fc2f0911d427,Uploaded in this connection; reused only within this case,"{'a': '49fe254abfb0bb746f89838dad7c47df50355b8d4a5b70472f406e334c9cb4fd', 'bt': 'fc44bfbc5f41c4c86bc11f964c384955fb8849d1d6589f27f2ff08b8b4130d14', 'c': 'be5342a952db0eddcf5bc6f3f0025f3c260e84472d3d94d00bea0ca2a40d650c'}",PASS,1.1790418999735266,0.1920918999821879,0.5438235000474378,26499,20016,10208,2080,16380,3491,0,268,8,32,2638998349,100000000,4095,49792,33412,3.5839155999710783,0.032116000016685575,5.498872899974231,0.00026499,7.881240801539681,0.6157219376202876
1,PASS,True,45,1,0,20520327,1,64,256,"{'m': 1, 'n': 64, 'k': 256, 'a_base': 64, 'bt_base': 448, 'c_base': 16960, 'a_stride': 256, 'bt_stride': 256, 'c_stride': 256, 'mode': 1, 'watchdog': 10000000}",2026-10-04T16:42:53.558695+00:00,2026-10-04T16:42:55.683440+00:00,450b2383e832d909c731e094d96562fa1c6e11b8f2910ea5e55353fee55d0546,5b3e22cdf8c0bcfca99b3a93a691ee57ac03fab0cc3e5dcb2acf3afc4763c3ac,5d16ec8f3d5bd2b8e08e894dd6f0967c1ba7864e1672c49fafd19f39463b47ce,45f57f243a137863934232ca71c70ced2364e618b53478612f6ff15e5b723fdd,Uploaded in this connection; reused only within this case,"{'a': 'a3102f93d54776f75d85414e003712a3143626fd32c51de02b261087a35442cc', 'bt': 'c70bddddd8aff56c99549c6aa122b8d2f975a6a152d790fe813999b13c7e0c6d', 'c': '594cf6b87d22e2f0d06c5fca3b15eb0ccf17e4edfac5dd8d4c379ebc2fde8a1c'}",PASS,0.04248629999347031,0.192109800002072,0.5438382999855094,5062,2232,2112,32,256,2649,0,4,8,32,2638998349,100000000,64,17280,17024,1.3121443000272848,0.031638899992685765,2.0905787000083365,5.062e-05,0.6473330699328328,0.050572896088502566
1,PASS,True,46,0,0,20520327,1,64,256,"{'m': 1, 'n': 64, 'k': 256, 'a_base': 64, 'bt_base': 448, 'c_base': 16960, 'a_stride': 256, 'bt_stride': 256, 'c_stride': 256, 'mode': 0, 'watchdog': 10000000}",2026-10-04T16:42:55.703386+00:00,2026-10-04T16:42:57.827722+00:00,450b2383e832d909c731e094d96562fa1c6e11b8f2910ea5e55353fee55d0546,5b3e22cdf8c0bcfca99b3a93a691ee57ac03fab0cc3e5dcb2acf3afc4763c3ac,5d16ec8f3d5bd2b8e08e894dd6f0967c1ba7864e1672c49fafd19f39463b47ce,45f57f243a137863934232ca71c70ced2364e618b53478612f6ff15e5b723fdd,Uploaded in this connection; reused only within this case,"{'a': 'a3102f93d54776f75d85414e003712a3143626fd32c51de02b261087a35442cc', 'bt': 'c70bddddd8aff56c99549c6aa122b8d2f975a6a152d790fe813999b13c7e0c6d', 'c': '594cf6b87d22e2f0d06c5fca3b15eb0ccf17e4edfac5dd8d4c379ebc2fde8a1c'}",PASS,0.04265699995448813,0.1919186000013724,0.5440132000367157,6265,2232,2112,32,256,3760,0,4,8,32,2638998349,100000000,64,17280,17024,1.3120342000038363,0.03214239998487756,2.0906229999964125,6.265e-05,0.5230327214684757,0.04086193136472466
1,PASS,True,47,0,0,20530300,64,1,256,"{'m': 64, 'n': 1, 'k': 256, 'a_base': 64, 'bt_base': 16576, 'c_base': 16960, 'a_stride': 256, 'bt_stride': 256, 'c_stride': 64, 'mode': 0, 'watchdog': 10000000}",2026-10-04T16:42:59.094259+00:00,2026-10-04T16:43:01.731305+00:00,7532e6758c6e72cbecff0ba3e0f81e45cc14dbbd66a1a5d5ad204160a343f0c1,8cd571c25b386a7963cc46d7124fff9e03cf2de11bb8a9b73efdc1f1c701f92e,e4894f5f90d4bea4ae74c991c5b556cd8c0220aa7df03df49913ba05a1b302ce,f87fbc5d5ed8813e8c0663dce06823aa90debd5b3fc3db64ced1f380c71988b4,Uploaded in this connection; reused only within this case,"{'a': '50b31426af2df516401a33d8c61f6802cd88376b45b42af9b40a60bfa8eef6ef', 'bt': 'd5578b1c4475488d9e7cd11484941491f51681f7e41bd05af6651d9ad3aee0c7', 'c': '702e69f991ebe9045c7c8105bff2a7c7a1ea79d5b0e85f19b2f82a048faa8f89'}",PASS,0.30013039999175817,0.19209050002973527,0.5439174000057392,8322,2232,2112,64,256,3740,0,128,8,32,2638998349,100000000,64,21120,20864,1.5680928999790922,0.031695100013166666,2.604231200006325,8.322e-05,0.3937515020427782,0.030761836097092043
1,PASS,True,48,1,0,20530300,64,1,256,"{'m': 64, 'n': 1, 'k': 256, 'a_base': 64, 'bt_base': 16576, 'c_base': 16960, 'a_stride': 256, 'bt_stride': 256, 'c_stride': 64, 'mode': 1, 'watchdog': 10000000}",2026-10-04T16:43:01.746319+00:00,2026-10-04T16:43:04.387299+00:00,7532e6758c6e72cbecff0ba3e0f81e45cc14dbbd66a1a5d5ad204160a343f0c1,8cd571c25b386a7963cc46d7124fff9e03cf2de11bb8a9b73efdc1f1c701f92e,e4894f5f90d4bea4ae74c991c5b556cd8c0220aa7df03df49913ba05a1b302ce,f87fbc5d5ed8813e8c0663dce06823aa90debd5b3fc3db64ced1f380c71988b4,Uploaded in this connection; reused only within this case,"{'a': '50b31426af2df516401a33d8c61f6802cd88376b45b42af9b40a60bfa8eef6ef', 'bt': 'd5578b1c4475488d9e7cd11484941491f51681f7e41bd05af6651d9ad3aee0c7', 'c': '702e69f991ebe9045c7c8105bff2a7c7a1ea79d5b0e85f19b2f82a048faa8f89'}",PASS,0.3029114999808371,0.19200340000679716,0.5437491000047885,6024,2232,2112,64,256,2597,0,128,8,32,2638998349,100000000,64,21120,20864,1.5679344999953173,0.032104299985803664,2.60659849998774,6.024e-05,0.5439575033200531,0.04249667994687915
1,PASS,True,49,1,0,20540273,32,32,256,"{'m': 32, 'n': 32, 'k': 256, 'a_base': 64, 'bt_base': 8384, 'c_base': 16704, 'a_stride': 256, 'bt_stride': 256, 'c_stride': 128, 'mode': 1, 'watchdog': 10000000}",2026-10-04T16:43:05.638857+00:00,2026-10-04T16:43:08.259216+00:00,396e73f41f51980abdee26493f789ab20151c7d4c57194375170b045714f644d,9088fc1df03ece266e2773179ac441b116a0527680bc03425e49dc6ffd2194fb,acdd8c9d0c9f15a91703afefabf060b25c9198386fcd26fd70c95becb1326d84,45b3b4cfb244075d77255dfcc5a6d3f4deee34927d3b387faf271e9ac46a05ef,Uploaded in this connection; reused only within this case,"{'a': '6277afedc2ed75d228d91661fd79f6f000c077958aa519ae8dd925859fdadac8', 'bt': '9bac9f94fdee533602c1fb6af54748cb2a1999eee4a3eb779621b7fbfce0eef7', 'c': 'bc98c765929e156ec2d4362ac0ea3bd6438a34a2c79e9b95d6bc1aeac31e1657'}",PASS,0.29840829997556284,0.19206789997406304,0.5439904000377283,11575,4464,2048,512,4096,3453,0,66,8,32,2638998349,100000000,1024,20864,16768,1.5520882999990135,0.0318144999910146,2.5865548999863677,0.00011575,4.52948596112311,0.353866090712743
1,PASS,True,50,0,0,20540273,32,32,256,"{'m': 32, 'n': 32, 'k': 256, 'a_base': 64, 'bt_base': 8384, 'c_base': 16704, 'a_stride': 256, 'bt_stride': 256, 'c_stride': 128, 'mode': 0, 'watchdog': 10000000}",2026-10-04T16:43:08.275012+00:00,2026-10-04T16:43:10.898941+00:00,396e73f41f51980abdee26493f789ab20151c7d4c57194375170b045714f644d,9088fc1df03ece266e2773179ac441b116a0527680bc03425e49dc6ffd2194fb,acdd8c9d0c9f15a91703afefabf060b25c9198386fcd26fd70c95becb1326d84,45b3b4cfb244075d77255dfcc5a6d3f4deee34927d3b387faf271e9ac46a05ef,Uploaded in this connection; reused only within this case,"{'a': '6277afedc2ed75d228d91661fd79f6f000c077958aa519ae8dd925859fdadac8', 'bt': '9bac9f94fdee533602c1fb6af54748cb2a1999eee4a3eb779621b7fbfce0eef7', 'c': 'bc98c765929e156ec2d4362ac0ea3bd6438a34a2c79e9b95d6bc1aeac31e1657'}",PASS,0.3021741000120528,0.1919245999888517,0.5440423000254668,11556,4464,2048,512,4096,3454,0,66,8,32,2638998349,100000000,1024,20864,16768,1.5522729000076652,0.03156239999225363,2.5904139000340365,0.00011556,4.53693319487712,0.35444790584977504
1,PASS,True,51,1,0,20575191,1,1,1,"{'m': 1, 'n': 1, 'k': 1, 'a_base': 64, 'bt_base': 256, 'c_base': 448, 'a_stride': 64, 'bt_stride': 64, 'c_stride': 64, 'mode': 1, 'watchdog': 10000000}",2026-10-04T16:43:10.980733+00:00,2026-10-04T16:43:11.907052+00:00,2017ff3461395672aa0aa4f64894fd2f95a4b120e2690e8951656d79adc2eed2,de5a6f78116eca62d7fc5ce159d23ae6b889b365a1739ad2cf36f925a140d0cc,fd1cb1376d0e96449642421ac7a6d0f7f1ffa77dc457b908a9ec60b64d571422,95fae88f49811d36fd8e4073ce757f4e65b051454d41c5608ec2ccf378eb2cb8,Uploaded in this connection; reused only within this case,"{'a': '4da0cad36ac5e216d273b0c4bb9bd46128dd2d21ed2603d04a95d923b343dd87', 'bt': 'd623ec343f79d38da6b12a0a769f437539059fd3b1c06283f3562c95f738a523', 'c': 'e1c17d92eef28dda12d1b4b1a96fd9d46799ee22b86e963a14332edf070bce57'}",PASS,0.02876080002170056,0.19194599997717887,0.5439986000419594,222,24,2,1,4,153,0,2,8,32,2638998349,100000000,1,576,572,0.12805030000163242,0.03201199998147786,0.8927557000424713,2.22e-06,0.0009009009009009009,7.038288288288288e-05
1,PASS,True,52,0,0,20575191,1,1,1,"{'m': 1, 'n': 1, 'k': 1, 'a_base': 64, 'bt_base': 256, 'c_base': 448, 'a_stride': 64, 'bt_stride': 64, 'c_stride': 64, 'mode': 0, 'watchdog': 10000000}",2026-10-04T16:43:11.926268+00:00,2026-10-04T16:43:12.850900+00:00,2017ff3461395672aa0aa4f64894fd2f95a4b120e2690e8951656d79adc2eed2,de5a6f78116eca62d7fc5ce159d23ae6b889b365a1739ad2cf36f925a140d0cc,fd1cb1376d0e96449642421ac7a6d0f7f1ffa77dc457b908a9ec60b64d571422,95fae88f49811d36fd8e4073ce757f4e65b051454d41c5608ec2ccf378eb2cb8,Uploaded in this connection; reused only within this case,"{'a': '4da0cad36ac5e216d273b0c4bb9bd46128dd2d21ed2603d04a95d923b343dd87', 'bt': 'd623ec343f79d38da6b12a0a769f437539059fd3b1c06283f3562c95f738a523', 'c': 'e1c17d92eef28dda12d1b4b1a96fd9d46799ee22b86e963a14332edf070bce57'}",PASS,0.02668819995597005,0.191950700012967,0.5441399000119418,218,24,2,1,4,149,0,2,8,32,2638998349,100000000,1,576,572,0.12814599997363985,0.031735400028992444,0.8909247999545187,2.18e-06,0.0009174311926605505,7.167431192660551e-05
1,PASS,True,53,0,0,20585164,5,3,9,"{'m': 5, 'n': 3, 'k': 9, 'a_base': 64, 'bt_base': 512, 'c_base': 832, 'a_stride': 64, 'bt_stride': 64, 'c_stride': 64, 'mode': 0, 'watchdog': 10000000}",2026-10-04T16:43:12.965873+00:00,2026-10-04T16:43:13.954912+00:00,cd116adb73bed77cce0e9750f30bdff6f53edc81453db2b56b9183128e09e448,4fd3ab7bb9bc02e118d382e12f06d28f2ac31a1c53ca5d12cab85b313750f4d1,3e37ca2415c649b8857a8fe2138a6074492309d98ae5f8bcb3b51b51dd5db272,0a9c2d4661b8841d906ed28f2369417c3eaead63742532532988cf595a09a52f,Uploaded in this connection; reused only within this case,"{'a': '19fc5e62b22bf94904f69bd4836abd0bd640d8786bb00003b658a52074720e33', 'bt': 'f4ef2e7dfd100b1d03d0158f8fe7811923b712489598ae7a6a3fe17ce9996f6d', 'c': '37355b234ee0aea67703216b44d4758786e808d3b7ae69e05106781aa0fc5598'}",PASS,0.04389510001055896,0.19205079996027052,0.5441399000119418,479,32,16,10,60,236,0,10,8,32,2638998349,100000000,15,1216,1156,0.17611539998324588,0.031763600010890514,0.9562011999660172,4.79e-06,0.05636743215031315,0.004403705636743215
1,PASS,True,54,1,0,20585164,5,3,9,"{'m': 5, 'n': 3, 'k': 9, 'a_base': 64, 'bt_base': 512, 'c_base': 832, 'a_stride': 64, 'bt_stride': 64, 'c_stride': 64, 'mode': 1, 'watchdog': 10000000}",2026-10-04T16:43:13.972148+00:00,2026-10-04T16:43:14.962920+00:00,cd116adb73bed77cce0e9750f30bdff6f53edc81453db2b56b9183128e09e448,4fd3ab7bb9bc02e118d382e12f06d28f2ac31a1c53ca5d12cab85b313750f4d1,3e37ca2415c649b8857a8fe2138a6074492309d98ae5f8bcb3b51b51dd5db272,0a9c2d4661b8841d906ed28f2369417c3eaead63742532532988cf595a09a52f,Uploaded in this connection; reused only within this case,"{'a': '19fc5e62b22bf94904f69bd4836abd0bd640d8786bb00003b658a52074720e33', 'bt': 'f4ef2e7dfd100b1d03d0158f8fe7811923b712489598ae7a6a3fe17ce9996f6d', 'c': '37355b234ee0aea67703216b44d4758786e808d3b7ae69e05106781aa0fc5598'}",PASS,0.04495930002303794,0.19196599995484576,0.5437764000380412,483,32,16,10,60,236,0,10,8,32,2638998349,100000000,15,1216,1156,0.17606129997875541,0.03194180002901703,0.9567629999946803,4.83e-06,0.055900621118012424,0.00436723602484472
1,PASS,True,55,1,0,20595137,31,33,17,"{'m': 31, 'n': 33, 'k': 17, 'a_base': 64, 'bt_base': 2176, 'c_base': 4416, 'a_stride': 64, 'bt_stride': 64, 'c_stride': 192, 'mode': 1, 'watchdog': 10000000}",2026-10-04T16:43:15.334883+00:00,2026-10-04T16:43:17.346889+00:00,283639f80e06cde39838fb7477fc50daf64e8670064b7b045e61e77ce5ba7afb,a79ccd74ddce7de5bdbbc245fd17ebc2ed8897a612527f6e677bcf43d7d3d536,29f6730581301da7fce4b9a9d00056f8910898ceced5146aa36f027c8eb6bbee,a34655294c396f217737ff47b3cf5bbb460d21c08ea9c7737c5187b248f84b5b,Uploaded in this connection; reused only within this case,"{'a': 'd4229a767ab0c0ca26e5bbabbe857d2c3ba2e3f0e84bc14589ecd85a04caf434', 'bt': '9499a2c6a79fee88e5c3e3e8ddaebcc7b6393c9435a74efc26922a5ca940afbe', 'c': '8940fe6d9fceb610389992f09eebc2c3941b2a339b80422ecae7a6d16e5158dc'}",PASS,0.4263255000114441,0.19209470000350848,0.5439993999898434,6518,800,285,527,4092,1247,0,124,8,32,2638998349,100000000,1023,10432,6340,0.8159221000387333,0.03203489998122677,1.9783417000435293,6.518e-05,0.5336299478367598,0.041689839674746855
1,PASS,True,56,0,0,20595137,31,33,17,"{'m': 31, 'n': 33, 'k': 17, 'a_base': 64, 'bt_base': 2176, 'c_base': 4416, 'a_stride': 64, 'bt_stride': 64, 'c_stride': 192, 'mode': 0, 'watchdog': 10000000}",2026-10-04T16:43:17.366166+00:00,2026-10-04T16:43:19.378825+00:00,283639f80e06cde39838fb7477fc50daf64e8670064b7b045e61e77ce5ba7afb,a79ccd74ddce7de5bdbbc245fd17ebc2ed8897a612527f6e677bcf43d7d3d536,29f6730581301da7fce4b9a9d00056f8910898ceced5146aa36f027c8eb6bbee,a34655294c396f217737ff47b3cf5bbb460d21c08ea9c7737c5187b248f84b5b,Uploaded in this connection; reused only within this case,"{'a': 'd4229a767ab0c0ca26e5bbabbe857d2c3ba2e3f0e84bc14589ecd85a04caf434', 'bt': '9499a2c6a79fee88e5c3e3e8ddaebcc7b6393c9435a74efc26922a5ca940afbe', 'c': '8940fe6d9fceb610389992f09eebc2c3941b2a339b80422ecae7a6d16e5158dc'}",PASS,0.42623800004366785,0.19215049996273592,0.5441273000324145,7392,800,285,527,4092,1943,0,124,8,32,2638998349,100000000,1023,10432,6340,0.8157180999987759,0.03213159996084869,1.9782339000375941,7.392e-05,0.4705357142857143,0.03676060267857143
1,PASS,True,57,0,0,20605110,33,35,256,"{'m': 33, 'n': 35, 'k': 256, 'a_base': 64, 'bt_base': 8640, 'c_base': 17728, 'a_stride': 256, 'bt_stride': 256, 'c_stride': 192, 'mode': 0, 'watchdog': 10000000}",2026-10-04T16:43:20.695437+00:00,2026-10-04T16:43:23.698460+00:00,36589c7611f00e6cc9cacfcc4256192aab172abc20a7eb939687f3beee83d3e9,7dcb55d0ea04ef81694bc5663f984b11250300262be21169dcdf01c092f8869a,fdc2588599cbb4f170cb737c2b74a765900ceffafbd7b3c8b612e90e48bb492a,f0246875d5f0ba916608a4e2086723cbaf40b47c8ecba182b0219995dde79530,Uploaded in this connection; reused only within this case,"{'a': 'eefd0dbfbbef5361fe06ead6f66ecc3681c3808825bdf44327b567c0a989d347', 'bt': 'aee42e19b5936cca898525210374b7b5a18242199009c6d03dd9c0829f16ebb0', 'c': '37b8db86302af0df98960ec107c96acede7e0832536974f93eacb8ffcabd9edf'}",PASS,0.45702430000528693,0.19182849995559081,0.5440638000145555,19777,6975,4352,594,4620,7671,0,134,8,32,2638998349,100000000,1155,24128,19508,1.7758919000043534,0.03188540000701323,2.9688084999797866,0.00019777,2.990140061687819,0.23360469231936087
1,PASS,True,58,1,0,20605110,33,35,256,"{'m': 33, 'n': 35, 'k': 256, 'a_base': 64, 'bt_base': 8640, 'c_base': 17728, 'a_stride': 256, 'bt_stride': 256, 'c_stride': 192, 'mode': 1, 'watchdog': 10000000}",2026-10-04T16:43:23.715580+00:00,2026-10-04T16:43:26.722724+00:00,36589c7611f00e6cc9cacfcc4256192aab172abc20a7eb939687f3beee83d3e9,7dcb55d0ea04ef81694bc5663f984b11250300262be21169dcdf01c092f8869a,fdc2588599cbb4f170cb737c2b74a765900ceffafbd7b3c8b612e90e48bb492a,f0246875d5f0ba916608a4e2086723cbaf40b47c8ecba182b0219995dde79530,Uploaded in this connection; reused only within this case,"{'a': 'eefd0dbfbbef5361fe06ead6f66ecc3681c3808825bdf44327b567c0a989d347', 'bt': 'aee42e19b5936cca898525210374b7b5a18242199009c6d03dd9c0829f16ebb0', 'c': '37b8db86302af0df98960ec107c96acede7e0832536974f93eacb8ffcabd9edf'}",PASS,0.46128889999818057,0.19141440000385046,0.5444057999993674,13271,6975,4352,594,4620,3503,0,134,8,32,2638998349,100000000,1155,24128,19508,1.7756922999978997,0.03208229999290779,2.972801399999298,0.00013271,4.456031949363274,0.3481274960440057
1,PASS,True,59,1,0,20615083,65,63,255,"{'m': 65, 'n': 63, 'k': 255, 'a_base': 64, 'bt_base': 16832, 'c_base': 33088, 'a_stride': 256, 'bt_stride': 256, 'c_stride': 256, 'mode': 1, 'watchdog': 10000000}",2026-10-04T16:43:29.141494+00:00,2026-10-04T16:43:34.674097+00:00,24ccac32d409e2081fe4c6f6775e2d00a4d1a58cf7850bc6e5278302611b08a9,b4c82ff6ac4beead537aee177028ba71290d860a18b1319df3f2fc0f0e6a227f,2f6f4e6f0b219775af11f304e3fc7c3e90465aefc7f2afa37f35a6089ca1fd8e,b273587cc059b4bdd6a4650749e55c5e74c2d4a0ed74660c26e9fd20d37da0a5,Uploaded in this connection; reused only within this case,"{'a': '13c3d2cc89e3065cdaedc1ca83843b5d2c18b163b23a123399713d1af5e30080', 'bt': '197cb1906ae8c9e0abe58385281789a2550c4879aad7249d223b7067b592f1f4', 'c': '464f456171fd1300231ff625f1b40c19e5e683d6d7c98751bb6d2d90ac6e08f2'}",PASS,1.1799145999830216,0.19156880001537502,0.5438726999564096,26498,20016,10208,2080,16380,3490,0,268,8,32,2638998349,100000000,4095,49792,33412,3.584375500038732,0.03145879996009171,5.499731599993538,0.00026498,7.881538229300324,0.6157451741640878
1,PASS,True,60,0,0,20615083,65,63,255,"{'m': 65, 'n': 63, 'k': 255, 'a_base': 64, 'bt_base': 16832, 'c_base': 33088, 'a_stride': 256, 'bt_stride': 256, 'c_stride': 256, 'mode': 0, 'watchdog': 10000000}",2026-10-04T16:43:34.693802+00:00,2026-10-04T16:43:40.226116+00:00,24ccac32d409e2081fe4c6f6775e2d00a4d1a58cf7850bc6e5278302611b08a9,b4c82ff6ac4beead537aee177028ba71290d860a18b1319df3f2fc0f0e6a227f,2f6f4e6f0b219775af11f304e3fc7c3e90465aefc7f2afa37f35a6089ca1fd8e,b273587cc059b4bdd6a4650749e55c5e74c2d4a0ed74660c26e9fd20d37da0a5,Uploaded in this connection; reused only within this case,"{'a': '13c3d2cc89e3065cdaedc1ca83843b5d2c18b163b23a123399713d1af5e30080', 'bt': '197cb1906ae8c9e0abe58385281789a2550c4879aad7249d223b7067b592f1f4', 'c': '464f456171fd1300231ff625f1b40c19e5e683d6d7c98751bb6d2d90ac6e08f2'}",PASS,1.1792388999601826,0.19206220004707575,0.5440683999913745,52262,20016,10208,2080,16380,17414,0,268,8,32,2638998349,100000000,4095,49792,33412,3.583947299979627,0.031892400002107024,5.49931679997826,0.00052262,3.9961157246182695,0.3121965409858023
1,PASS,True,61,0,0,20625056,1,64,256,"{'m': 1, 'n': 64, 'k': 256, 'a_base': 64, 'bt_base': 448, 'c_base': 16960, 'a_stride': 256, 'bt_stride': 256, 'c_stride': 256, 'mode': 0, 'watchdog': 10000000}",2026-10-04T16:43:41.491578+00:00,2026-10-04T16:43:43.618034+00:00,96563ad28e664ae6361a4e1845bc346784d0731831bb13b7e43955cccb612b8e,7450023b82b8d84336aed1c80ab544eb75b9562922b661d209a59341e16a50b2,9fd59cec7bae4b4cae303029dcaf6560be42d60dd21b759f160f5cdf08d811b3,4934b353e722bf2289ee973f1c4a23cdcac3aac9dfdf2dd90555ce70c0b92ecd,Uploaded in this connection; reused only within this case,"{'a': '7c5b0369558aa9e4f2fd288f7fe18db683a32d6be0981b35b97c6e271677ce7b', 'bt': 'ead10f699e8d3abccf5742372601e5a3d97d5c3e2c13d39e96bffd107bb08cfa', 'c': 'cdaf5d257435864f3934345e33850793a37d9b9f6720a820b40ee84632099a60'}",PASS,0.04432190000079572,0.1921518999733962,0.5438093999982812,6247,2232,2112,32,256,3743,0,4,8,32,2638998349,100000000,64,17280,17024,1.311933199991472,0.032114600006025285,2.092216399963945,6.247e-05,0.5245397790939651,0.040979670241716025
1,PASS,True,62,1,0,20625056,1,64,256,"{'m': 1, 'n': 64, 'k': 256, 'a_base': 64, 'bt_base': 448, 'c_base': 16960, 'a_stride': 256, 'bt_stride': 256, 'c_stride': 256, 'mode': 1, 'watchdog': 10000000}",2026-10-04T16:43:43.638505+00:00,2026-10-04T16:43:45.762107+00:00,96563ad28e664ae6361a4e1845bc346784d0731831bb13b7e43955cccb612b8e,7450023b82b8d84336aed1c80ab544eb75b9562922b661d209a59341e16a50b2,9fd59cec7bae4b4cae303029dcaf6560be42d60dd21b759f160f5cdf08d811b3,4934b353e722bf2289ee973f1c4a23cdcac3aac9dfdf2dd90555ce70c0b92ecd,Uploaded in this connection; reused only within this case,"{'a': '7c5b0369558aa9e4f2fd288f7fe18db683a32d6be0981b35b97c6e271677ce7b', 'bt': 'ead10f699e8d3abccf5742372601e5a3d97d5c3e2c13d39e96bffd107bb08cfa', 'c': 'cdaf5d257435864f3934345e33850793a37d9b9f6720a820b40ee84632099a60'}",PASS,0.04219429998192936,0.19204809999791905,0.5437768999836408,5006,2232,2112,32,256,2618,0,4,8,32,2638998349,100000000,64,17280,17024,1.3119979000184685,0.03226629999699071,2.0900171999819577,5.006e-05,0.6545745105872953,0.05113863363963244
1,PASS,True,63,1,0,20635029,64,1,256,"{'m': 64, 'n': 1, 'k': 256, 'a_base': 64, 'bt_base': 16576, 'c_base': 16960, 'a_stride': 256, 'bt_stride': 256, 'c_stride': 64, 'mode': 1, 'watchdog': 10000000}",2026-10-04T16:43:47.044308+00:00,2026-10-04T16:43:49.681917+00:00,ec916a60e992a191d97fde4c73a95de8c530eef8c749a9c422d7e2afb23a818b,81f52d9272ffa4adcde4bcef50a2a5e4913e2b99c62f416a053e125bbff7d110,fba1f2035e63d7a8358d27c06755da0f7aee80ee337f6c488ed70c7be340e408,729af767947ad996050ac0a2817fec1ecc09a5c89ce7ab5affd0eca18575c214,Uploaded in this connection; reused only within this case,"{'a': 'f50fed03da0eada538f47611da0d525a4b59de752b08d585c3278455299efea9', 'bt': 'cd01d5e0ea854a8e3291a1c9996d9242d6ede9aae615a19137bfe55368b1da76', 'c': 'bf14cc335fd8c18a380b33a4651b57bbbfebaf1a39d1a36dc0ba7049612f4921'}",PASS,0.2993426999892108,0.19186660001287237,0.5438767999876291,6013,2232,2112,64,256,2588,0,128,8,32,2638998349,100000000,64,21120,20864,1.5682287000236101,0.03190889995312318,2.6033148000133224,6.013e-05,0.5449526026941626,0.042574422085481456
1,PASS,True,64,0,0,20635029,64,1,256,"{'m': 64, 'n': 1, 'k': 256, 'a_base': 64, 'bt_base': 16576, 'c_base': 16960, 'a_stride': 256, 'bt_stride': 256, 'c_stride': 64, 'mode': 0, 'watchdog': 10000000}",2026-10-04T16:43:49.700757+00:00,2026-10-04T16:43:52.337526+00:00,ec916a60e992a191d97fde4c73a95de8c530eef8c749a9c422d7e2afb23a818b,81f52d9272ffa4adcde4bcef50a2a5e4913e2b99c62f416a053e125bbff7d110,fba1f2035e63d7a8358d27c06755da0f7aee80ee337f6c488ed70c7be340e408,729af767947ad996050ac0a2817fec1ecc09a5c89ce7ab5affd0eca18575c214,Uploaded in this connection; reused only within this case,"{'a': 'f50fed03da0eada538f47611da0d525a4b59de752b08d585c3278455299efea9', 'bt': 'cd01d5e0ea854a8e3291a1c9996d9242d6ede9aae615a19137bfe55368b1da76', 'c': 'bf14cc335fd8c18a380b33a4651b57bbbfebaf1a39d1a36dc0ba7049612f4921'}",PASS,0.2989835999906063,0.19211410003481433,0.5437064999714494,8312,2232,2112,64,256,3725,0,128,8,32,2638998349,100000000,64,21120,20864,1.5680598000180908,0.031935099977999926,2.6028640000149608,8.312e-05,0.3942252165543792,0.030798845043310877
1,PASS,True,65,0,0,20645002,32,32,256,"{'m': 32, 'n': 32, 'k': 256, 'a_base': 64, 'bt_base': 8384, 'c_base': 16704, 'a_stride': 256, 'bt_stride': 256, 'c_stride': 128, 'mode': 0, 'watchdog': 10000000}",2026-10-04T16:43:53.590148+00:00,2026-10-04T16:43:56.209467+00:00,965142248da9ac9a309c868dbf1b486b04b5bff191011181df77aedd41faabad,6da007c219590fce0f783aea8eacdf9e407438f1c40b462f300b736b8f7c5875,31915cfd48437bc0788442ad76672ae97dd2a144fc3a32ce70bf28a523a276fb,21f1e1d3df13891d29c59c2d87aa16ea2262582b8c3e07fbd7d5c57db96da672,Uploaded in this connection; reused only within this case,"{'a': '88fe2c43cc566f5333d3363a6bffc535df792d15debe37b0a34629ff0fbebb49', 'bt': '7daaff6407e1bfcc00bd1c47f70dc37c93ff1443af3216d36fdf14817d454eff', 'c': '1bcb25842d770607a105e281822071b4060b2c17745fa42eacc7127bb00b4758'}",PASS,0.296850299986545,0.19202650000806898,0.543981300026644,11619,4464,2048,512,4096,3515,0,66,8,32,2638998349,100000000,1024,20864,16768,1.5518528999527916,0.03198670002166182,2.5847109999740496,0.00011619,4.5123332472674065,0.3525260349427662
1,PASS,True,66,1,0,20645002,32,32,256,"{'m': 32, 'n': 32, 'k': 256, 'a_base': 64, 'bt_base': 8384, 'c_base': 16704, 'a_stride': 256, 'bt_stride': 256, 'c_stride': 128, 'mode': 1, 'watchdog': 10000000}",2026-10-04T16:43:56.230602+00:00,2026-10-04T16:43:58.849473+00:00,965142248da9ac9a309c868dbf1b486b04b5bff191011181df77aedd41faabad,6da007c219590fce0f783aea8eacdf9e407438f1c40b462f300b736b8f7c5875,31915cfd48437bc0788442ad76672ae97dd2a144fc3a32ce70bf28a523a276fb,21f1e1d3df13891d29c59c2d87aa16ea2262582b8c3e07fbd7d5c57db96da672,Uploaded in this connection; reused only within this case,"{'a': '88fe2c43cc566f5333d3363a6bffc535df792d15debe37b0a34629ff0fbebb49', 'bt': '7daaff6407e1bfcc00bd1c47f70dc37c93ff1443af3216d36fdf14817d454eff', 'c': '1bcb25842d770607a105e281822071b4060b2c17745fa42eacc7127bb00b4758'}",PASS,0.2970023999805562,0.1919874000013806,0.5440441000391729,11583,4464,2048,512,4096,3479,0,66,8,32,2638998349,100000000,1024,20864,16768,1.5519670999492519,0.031981100037228316,2.5850009999703616,0.00011583,4.52635759302426,0.3536216869550203
1,PASS,True,67,0,0,20679920,1,1,1,"{'m': 1, 'n': 1, 'k': 1, 'a_base': 64, 'bt_base': 256, 'c_base': 448, 'a_stride': 64, 'bt_stride': 64, 'c_stride': 64, 'mode': 0, 'watchdog': 10000000}",2026-10-04T16:43:58.947166+00:00,2026-10-04T16:43:59.873596+00:00,13598656f10fa962b75f6c4587a61a067c14c1ef7dc9ca3703da76bae4c1beb1,de2e331d891ae267a7009cb45b4e8830f170e0c937288ea2731a1941c7a53b0d,b6685044e174c14bfc1cdabee1bab5f2b80429f3b9b951074ba31cffc63f7fc2,f0b7623b45dd6519c5518b42bd9a9d6361a79e6ace442968bc63e0faef64e9f4,Uploaded in this connection; reused only within this case,"{'a': '6f52187819a130944b1062e0dc1cdb8c02e7bca49fe849f3e58277db5ad7a440', 'bt': 'cc25d765e53fac647ee1e12a9d754031231b54eaca99266dcce7f34e0adc7c90', 'c': 'f8c0ef4d411360e2014bd2bd5b8b11e88c5171c2bafc74f5187657cb90bd8a8a'}",PASS,0.02930009999545291,0.192038000037428,0.5440474000060931,218,24,2,1,4,149,0,2,8,32,2638998349,100000000,1,576,572,0.12780089996522292,0.032259500003419816,0.8931864000041969,2.18e-06,0.0009174311926605505,7.167431192660551e-05
1,PASS,True,68,1,0,20679920,1,1,1,"{'m': 1, 'n': 1, 'k': 1, 'a_base': 64, 'bt_base': 256, 'c_base': 448, 'a_stride': 64, 'bt_stride': 64, 'c_stride': 64, 'mode': 1, 'watchdog': 10000000}",2026-10-04T16:43:59.891879+00:00,2026-10-04T16:44:00.817286+00:00,13598656f10fa962b75f6c4587a61a067c14c1ef7dc9ca3703da76bae4c1beb1,de2e331d891ae267a7009cb45b4e8830f170e0c937288ea2731a1941c7a53b0d,b6685044e174c14bfc1cdabee1bab5f2b80429f3b9b951074ba31cffc63f7fc2,f0b7623b45dd6519c5518b42bd9a9d6361a79e6ace442968bc63e0faef64e9f4,Uploaded in this connection; reused only within this case,"{'a': '6f52187819a130944b1062e0dc1cdb8c02e7bca49fe849f3e58277db5ad7a440', 'bt': 'cc25d765e53fac647ee1e12a9d754031231b54eaca99266dcce7f34e0adc7c90', 'c': 'f8c0ef4d411360e2014bd2bd5b8b11e88c5171c2bafc74f5187657cb90bd8a8a'}",PASS,0.028740699985064566,0.19165489997249097,0.5440293000428937,223,24,2,1,4,154,0,2,8,32,2638998349,100000000,1,576,572,0.12811179994605482,0.03177940001478419,0.8925366999465041,2.23e-06,0.0008968609865470852,7.006726457399103e-05
1,PASS,True,69,1,0,20689893,5,3,9,"{'m': 5, 'n': 3, 'k': 9, 'a_base': 64, 'bt_base': 512, 'c_base': 832, 'a_stride': 64, 'bt_stride': 64, 'c_stride': 64, 'mode': 1, 'watchdog': 10000000}",2026-10-04T16:44:00.933481+00:00,2026-10-04T16:44:01.921391+00:00,7b4579717aacfb341cfcf69ef4c7e437cace9713a566b1613918092d7e7d71e3,b3c3fccb094bc1fbe7f737ca70a29a53329787d7ee7e5c44189e11bd09cba76f,07a598ef7f0ce760f80a424a599df83e92fe34bafa4e2cb218930774aea1cb11,bd1acfd58be6ef7124d24d4be01975e1e8998db084c00ab1ec69b0ddafb8f277,Uploaded in this connection; reused only within this case,"{'a': '55147f71bee9f280102561bbb71f63ebde43e8535386772c87a457542a927d19', 'bt': '861c3b8ebe8f36199b47976e4f770f9c62fb9ca14d1a5860dc02e97f6e6c54dd', 'c': 'a1bf4626d86fa10cd12ba1317533b1305034c84d6304fe23b01ea1399b1b0c76'}",PASS,0.04282420000527054,0.1920051999622956,0.5439995999913663,479,32,16,10,60,236,0,10,8,32,2638998349,100000000,15,1216,1156,0.17586750001646578,0.03210330003639683,0.9546964999753982,4.79e-06,0.05636743215031315,0.004403705636743215
1,PASS,True,70,0,0,20689893,5,3,9,"{'m': 5, 'n': 3, 'k': 9, 'a_base': 64, 'bt_base': 512, 'c_base': 832, 'a_stride': 64, 'bt_stride': 64, 'c_stride': 64, 'mode': 0, 'watchdog': 10000000}",2026-10-04T16:44:01.942752+00:00,2026-10-04T16:44:02.929411+00:00,7b4579717aacfb341cfcf69ef4c7e437cace9713a566b1613918092d7e7d71e3,b3c3fccb094bc1fbe7f737ca70a29a53329787d7ee7e5c44189e11bd09cba76f,07a598ef7f0ce760f80a424a599df83e92fe34bafa4e2cb218930774aea1cb11,bd1acfd58be6ef7124d24d4be01975e1e8998db084c00ab1ec69b0ddafb8f277,Uploaded in this connection; reused only within this case,"{'a': '55147f71bee9f280102561bbb71f63ebde43e8535386772c87a457542a927d19', 'bt': '861c3b8ebe8f36199b47976e4f770f9c62fb9ca14d1a5860dc02e97f6e6c54dd', 'c': 'a1bf4626d86fa10cd12ba1317533b1305034c84d6304fe23b01ea1399b1b0c76'}",PASS,0.04118709999602288,0.19201329996576533,0.5440262000192888,481,32,16,10,60,236,0,10,8,32,2638998349,100000000,15,1216,1156,0.17632800003048033,0.0318766999989748,0.9535546000115573,4.81e-06,0.056133056133056136,0.004385395010395011
1,PASS,True,71,0,0,20699866,31,33,17,"{'m': 31, 'n': 33, 'k': 17, 'a_base': 64, 'bt_base': 2176, 'c_base': 4416, 'a_stride': 64, 'bt_stride': 64, 'c_stride': 192, 'mode': 0, 'watchdog': 10000000}",2026-10-04T16:44:03.317195+00:00,2026-10-04T16:44:05.329239+00:00,9e1d034c3687663cce534343b6d514f579929fb3fab9997179e1f28fe5c6b8f8,25537440cc358f03501b256345e27e485708f7d34914a56ec9f24d17f1bc7f05,75c0520760579efd43221edf985076ba391bd6f4439110a8452caf96cd9dc62b,b8aa614df7939ca5e51b2bcaf4b852e27bc3cfb2bc2df3cc02aac9b3ed1e0171,Uploaded in this connection; reused only within this case,"{'a': '3152005db4883e46f7e90dea7a4e8fd7d14aa5a24246cd971a906c8a01988726', 'bt': 'd9d3e0e68ab0076645a8b0eb6048259b25caf32a7b207d28e4edd0b2aa64b967', 'c': 'e780e5328333f317769d14031a13518dce1174af17a2f5fd4ed6f4d160512fa3'}",PASS,0.42596289998618886,0.19201200001407415,0.5439484000089578,7410,800,285,527,4092,1949,0,124,8,32,2638998349,100000000,1023,10432,6340,0.8162544000078924,0.03177629999117926,1.9781777000171132,7.41e-05,0.46939271255060727,0.03667130566801619
1,PASS,True,72,1,0,20699866,31,33,17,"{'m': 31, 'n': 33, 'k': 17, 'a_base': 64, 'bt_base': 2176, 'c_base': 4416, 'a_stride': 64, 'bt_stride': 64, 'c_stride': 192, 'mode': 1, 'watchdog': 10000000}",2026-10-04T16:44:05.355701+00:00,2026-10-04T16:44:07.361251+00:00,9e1d034c3687663cce534343b6d514f579929fb3fab9997179e1f28fe5c6b8f8,25537440cc358f03501b256345e27e485708f7d34914a56ec9f24d17f1bc7f05,75c0520760579efd43221edf985076ba391bd6f4439110a8452caf96cd9dc62b,b8aa614df7939ca5e51b2bcaf4b852e27bc3cfb2bc2df3cc02aac9b3ed1e0171,Uploaded in this connection; reused only within this case,"{'a': '3152005db4883e46f7e90dea7a4e8fd7d14aa5a24246cd971a906c8a01988726', 'bt': 'd9d3e0e68ab0076645a8b0eb6048259b25caf32a7b207d28e4edd0b2aa64b967', 'c': 'e780e5328333f317769d14031a13518dce1174af17a2f5fd4ed6f4d160512fa3'}",PASS,0.4192990000010468,0.19212240003980696,0.5439561000093818,6495,800,285,527,4092,1227,0,124,8,32,2638998349,100000000,1023,10432,6340,0.8158902999712154,0.03214800002751872,1.971267800021451,6.495e-05,0.5355196304849884,0.04183747113163972
1,PASS,True,73,1,0,20709839,33,35,256,"{'m': 33, 'n': 35, 'k': 256, 'a_base': 64, 'bt_base': 8640, 'c_base': 17728, 'a_stride': 256, 'bt_stride': 256, 'c_stride': 192, 'mode': 1, 'watchdog': 10000000}",2026-10-04T16:44:08.676281+00:00,2026-10-04T16:44:11.681122+00:00,424b9fa9a706154f91d73c8e568660225c5cf3f3e3498ced1aa997e2b56f7b84,dc23e9889041dd7fac55056a768cc3d01d771f965623207d3d7a747363a76c87,cbcd438a3823ca2ae04ad9122cc84fbe19683a04b6e57acdabce51bd895db071,5c6e20fdb7d9e244590ed79ce5f96a7ec889cd844933d75ac417af2c0f3bf0f1,Uploaded in this connection; reused only within this case,"{'a': '2d1a28865bbd30c5592e8ecf0ca22f8089f9fdb3251ffefec8fbbfdc33441438', 'bt': 'a382296be828e8ed10e62cb056f49c73dc103e3f49357efb7c5c6765e82b1ca1', 'c': '9f056e27b0966fab121274b115e8f652f51f271a67b8ac05af5bb87149094fd3'}",PASS,0.4594342000200413,0.19209570001112297,0.5440032000187784,13263,6975,4352,594,4620,3476,0,134,8,32,2638998349,100000000,1155,24128,19508,1.7757998000015505,0.03215849999105558,2.971332900051493,0.00013263,4.45871974666365,0.34833748020809774
1,PASS,True,74,0,0,20709839,33,35,256,"{'m': 33, 'n': 35, 'k': 256, 'a_base': 64, 'bt_base': 8640, 'c_base': 17728, 'a_stride': 256, 'bt_stride': 256, 'c_stride': 192, 'mode': 0, 'watchdog': 10000000}",2026-10-04T16:44:11.698638+00:00,2026-10-04T16:44:14.704926+00:00,424b9fa9a706154f91d73c8e568660225c5cf3f3e3498ced1aa997e2b56f7b84,dc23e9889041dd7fac55056a768cc3d01d771f965623207d3d7a747363a76c87,cbcd438a3823ca2ae04ad9122cc84fbe19683a04b6e57acdabce51bd895db071,5c6e20fdb7d9e244590ed79ce5f96a7ec889cd844933d75ac417af2c0f3bf0f1,Uploaded in this connection; reused only within this case,"{'a': '2d1a28865bbd30c5592e8ecf0ca22f8089f9fdb3251ffefec8fbbfdc33441438', 'bt': 'a382296be828e8ed10e62cb056f49c73dc103e3f49357efb7c5c6765e82b1ca1', 'c': '9f056e27b0966fab121274b115e8f652f51f271a67b8ac05af5bb87149094fd3'}",PASS,0.46119519998319447,0.19202459999360144,0.54398499999661,19822,6975,4352,594,4620,7679,0,134,8,32,2638998349,100000000,1155,24128,19508,1.7768267000210471,0.031143000000156462,2.974031499994453,0.00019822,2.9833518312985574,0.23307436182019978
1,PASS,True,75,0,0,20719812,65,63,255,"{'m': 65, 'n': 63, 'k': 255, 'a_base': 64, 'bt_base': 16832, 'c_base': 33088, 'a_stride': 256, 'bt_stride': 256, 'c_stride': 256, 'mode': 0, 'watchdog': 10000000}",2026-10-04T16:44:17.123352+00:00,2026-10-04T16:44:22.656803+00:00,3bbdf1851cdcfaf71f74b8f7be184cc4e5afefa0897522831a07f911ab098b10,9c8d34a3e69b49579236affae6dd14eb2e2e675d1cd78e22f6b01de55d6fa326,0e941cf1765f1e8409c5ec9a1e8582ccc6c6631bcc093eed86ece6bdf0d0369a,0773b424e233ba6f34ff744230eeedc28a36218abd3fba905bf138cdf475ad6b,Uploaded in this connection; reused only within this case,"{'a': '8559feb9cda295227230de722097578b2b6a0ceb86e90cc9b459e9d2f544b25b', 'bt': 'c68964528b5478ac4abf745a255a51cdfb0ce9c851a9819e170257a4721751e5', 'c': 'b34c6dea5a8dcdcf70bb4c3bd340882d21b3e560445f414f846a5b3a9f8a2e97'}",PASS,1.1803270999807864,0.19220460002543405,0.5435940999886952,52395,20016,10208,2080,16380,17531,0,268,8,32,2638998349,100000000,4095,49792,33412,3.5839827999589033,0.03214340005069971,5.500108599953819,0.00052395,3.985971943887775,0.31140405811623245
1,PASS,True,76,1,0,20719812,65,63,255,"{'m': 65, 'n': 63, 'k': 255, 'a_base': 64, 'bt_base': 16832, 'c_base': 33088, 'a_stride': 256, 'bt_stride': 256, 'c_stride': 256, 'mode': 1, 'watchdog': 10000000}",2026-10-04T16:44:22.675917+00:00,2026-10-04T16:44:28.208388+00:00,3bbdf1851cdcfaf71f74b8f7be184cc4e5afefa0897522831a07f911ab098b10,9c8d34a3e69b49579236affae6dd14eb2e2e675d1cd78e22f6b01de55d6fa326,0e941cf1765f1e8409c5ec9a1e8582ccc6c6631bcc093eed86ece6bdf0d0369a,0773b424e233ba6f34ff744230eeedc28a36218abd3fba905bf138cdf475ad6b,Uploaded in this connection; reused only within this case,"{'a': '8559feb9cda295227230de722097578b2b6a0ceb86e90cc9b459e9d2f544b25b', 'bt': 'c68964528b5478ac4abf745a255a51cdfb0ce9c851a9819e170257a4721751e5', 'c': 'b34c6dea5a8dcdcf70bb4c3bd340882d21b3e560445f414f846a5b3a9f8a2e97'}",PASS,1.1794340999913402,0.19220380001934245,0.5438301999820396,26538,20016,10208,2080,16380,3502,0,268,8,32,2638998349,100000000,4095,49792,33412,3.584115899982862,0.031790199980605394,5.4995839999755844,0.00026538,7.869658602758308,0.6148170783404929
1,PASS,True,77,1,0,20729785,1,64,256,"{'m': 1, 'n': 64, 'k': 256, 'a_base': 64, 'bt_base': 448, 'c_base': 16960, 'a_stride': 256, 'bt_stride': 256, 'c_stride': 256, 'mode': 1, 'watchdog': 10000000}",2026-10-04T16:44:29.474791+00:00,2026-10-04T16:44:31.600183+00:00,3260d1ed501dbb860270c0a4e8f2cce8e57f29e579e57124b2fbc65722aa405a,ca7ab5abfd664781db130c37654efc4bb342ce0d5cb7460cb97608ebfe0d7b5e,809aafc6ebc98c019f21daa11fcbd443eebe6bd72bd1104ede42a91b9fa4e0b2,db3e75e4381976238d78cef7677f8545ec78bcb1cd3440d990b9009c862aeffa,Uploaded in this connection; reused only within this case,"{'a': '14227e1a6d66345beb5f537d8c81a6d223e6ea8d8aa66a3a046a9395a5f7edd5', 'bt': '955cc319efc5dc805c5a98e21afe9086bcc3c6c822420419d92b087fad75d0a5', 'c': '2e36e599508b3a715cdeb14a9a525f5fc64bd7c12e3825071d70226935152e96'}",PASS,0.04319200001191348,0.1920473999925889,0.5440867000143044,5001,2232,2112,32,256,2618,0,4,8,32,2638998349,100000000,64,17280,17024,1.3118557999841869,0.03191779996268451,2.0911819000029936,5.001e-05,0.6552289542091582,0.05118976204759048
1,PASS,True,78,0,0,20729785,1,64,256,"{'m': 1, 'n': 64, 'k': 256, 'a_base': 64, 'bt_base': 448, 'c_base': 16960, 'a_stride': 256, 'bt_stride': 256, 'c_stride': 256, 'mode': 0, 'watchdog': 10000000}",2026-10-04T16:44:31.618442+00:00,2026-10-04T16:44:33.744472+00:00,3260d1ed501dbb860270c0a4e8f2cce8e57f29e579e57124b2fbc65722aa405a,ca7ab5abfd664781db130c37654efc4bb342ce0d5cb7460cb97608ebfe0d7b5e,809aafc6ebc98c019f21daa11fcbd443eebe6bd72bd1104ede42a91b9fa4e0b2,db3e75e4381976238d78cef7677f8545ec78bcb1cd3440d990b9009c862aeffa,Uploaded in this connection; reused only within this case,"{'a': '14227e1a6d66345beb5f537d8c81a6d223e6ea8d8aa66a3a046a9395a5f7edd5', 'bt': '955cc319efc5dc805c5a98e21afe9086bcc3c6c822420419d92b087fad75d0a5', 'c': '2e36e599508b3a715cdeb14a9a525f5fc64bd7c12e3825071d70226935152e96'}",PASS,0.0447225000243634,0.19209409999893978,0.5439722999581136,6241,2232,2112,32,256,3736,0,4,8,32,2638998349,100000000,64,17280,17024,1.3120197000098415,0.0321059999987483,2.0928085999912582,6.241e-05,0.52504406345137,0.04101906745713828
1,PASS,True,79,0,0,20739758,64,1,256,"{'m': 64, 'n': 1, 'k': 256, 'a_base': 64, 'bt_base': 16576, 'c_base': 16960, 'a_stride': 256, 'bt_stride': 256, 'c_stride': 64, 'mode': 0, 'watchdog': 10000000}",2026-10-04T16:44:35.013087+00:00,2026-10-04T16:44:37.648202+00:00,e908bdcb8fe46b31db81b17172afba9a5c5cf0df504703af7ed5509c61ef44b5,2a3f6daa9bb640ace635e0bd4a1f0a668cbfec422c856eb6c58b8e6f7eb6eefd,203ff38cf1fc45500a3afd825ee857ebf395297cad46d078b37702112836c39f,d35136d89be8d86d15503112abba0027374a69fad1e049c1929f4895dc76392d,Uploaded in this connection; reused only within this case,"{'a': '728a1bca1d976bca7587c247d7c50d8717bca977725a4631070b16b70511ae02', 'bt': '96a4e1f43579dc178667496eeac37ee2c0dc1ba15561379e5868c575103ad885', 'c': '0b24062d274fefe64bcced1ff62a0bc54dc7ee853068759de1bbe1069bc2cdf6'}",PASS,0.2982863000361249,0.19161079998593777,0.5440624000038952,8326,2232,2112,64,256,3741,0,128,8,32,2638998349,100000000,64,21120,20864,1.5679483999847434,0.03215189999900758,2.6019079000107013,8.326e-05,0.3935623348546721,0.030747057410521257
1,PASS,True,80,1,0,20739758,64,1,256,"{'m': 64, 'n': 1, 'k': 256, 'a_base': 64, 'bt_base': 16576, 'c_base': 16960, 'a_stride': 256, 'bt_stride': 256, 'c_stride': 64, 'mode': 1, 'watchdog': 10000000}",2026-10-04T16:44:37.666498+00:00,2026-10-04T16:44:40.304211+00:00,e908bdcb8fe46b31db81b17172afba9a5c5cf0df504703af7ed5509c61ef44b5,2a3f6daa9bb640ace635e0bd4a1f0a668cbfec422c856eb6c58b8e6f7eb6eefd,203ff38cf1fc45500a3afd825ee857ebf395297cad46d078b37702112836c39f,d35136d89be8d86d15503112abba0027374a69fad1e049c1929f4895dc76392d,Uploaded in this connection; reused only within this case,"{'a': '728a1bca1d976bca7587c247d7c50d8717bca977725a4631070b16b70511ae02', 'bt': '96a4e1f43579dc178667496eeac37ee2c0dc1ba15561379e5868c575103ad885', 'c': '0b24062d274fefe64bcced1ff62a0bc54dc7ee853068759de1bbe1069bc2cdf6'}",PASS,0.30055310000898317,0.19198289996711537,0.5439790000091307,6046,2232,2112,64,256,2621,0,128,8,32,2638998349,100000000,64,21120,20864,1.5679794999887235,0.03214050002861768,2.6044944999739528,6.046e-05,0.541978167383394,0.04234204432682766
1,PASS,True,81,1,0,20749731,32,32,256,"{'m': 32, 'n': 32, 'k': 256, 'a_base': 64, 'bt_base': 8384, 'c_base': 16704, 'a_stride': 256, 'bt_stride': 256, 'c_stride': 128, 'mode': 1, 'watchdog': 10000000}",2026-10-04T16:44:41.569814+00:00,2026-10-04T16:44:44.192047+00:00,f5ebb2b446bc394392641f294478b74e3155a5746e98fadf8ecc22b90d4d31ff,2e0b5faa1f47dc85c37d43124b29ae9358d78a2d693be466f2a7850c4afaf10b,b454373fccb73f5f881004941349b69477baddd37bb2dded4503aa0a19737cfd,7cfd5cff0b401c1813ba6742119e3cb9564b8b891bc979f55af8d0a67446bafd,Uploaded in this connection; reused only within this case,"{'a': '4ec7d20d764a44f13126557d7476ce128893c22676a1787f6a2405a54aa56d12', 'bt': '99a48fc1e33528f7e28408cb0982b40873878c53583a869cbe9604f0b2bbefbe', 'c': '88700fe846a1b13a2ac60204ef6c800fc54c861642ebb0c0b92c6302c6374297'}",PASS,0.30087019997881725,0.19202850002329797,0.544177400006447,11565,4464,2048,512,4096,3468,0,66,8,32,2638998349,100000000,1024,20864,16768,1.5518255999777466,0.03216850000899285,2.588901699986309,0.00011565,4.533402507565931,0.35417207090358843
1,PASS,True,82,0,0,20749731,32,32,256,"{'m': 32, 'n': 32, 'k': 256, 'a_base': 64, 'bt_base': 8384, 'c_base': 16704, 'a_stride': 256, 'bt_stride': 256, 'c_stride': 128, 'mode': 0, 'watchdog': 10000000}",2026-10-04T16:44:44.212735+00:00,2026-10-04T16:44:46.831818+00:00,f5ebb2b446bc394392641f294478b74e3155a5746e98fadf8ecc22b90d4d31ff,2e0b5faa1f47dc85c37d43124b29ae9358d78a2d693be466f2a7850c4afaf10b,b454373fccb73f5f881004941349b69477baddd37bb2dded4503aa0a19737cfd,7cfd5cff0b401c1813ba6742119e3cb9564b8b891bc979f55af8d0a67446bafd,Uploaded in this connection; reused only within this case,"{'a': '4ec7d20d764a44f13126557d7476ce128893c22676a1787f6a2405a54aa56d12', 'bt': '99a48fc1e33528f7e28408cb0982b40873878c53583a869cbe9604f0b2bbefbe', 'c': '88700fe846a1b13a2ac60204ef6c800fc54c861642ebb0c0b92c6302c6374297'}",PASS,0.2975373000372201,0.1920041000121273,0.5439152999897487,11570,4464,2048,512,4096,3466,0,66,8,32,2638998349,100000000,1024,20864,16768,1.5520158999715932,0.03196370002115145,2.5854726000106893,0.0001157,4.531443388072601,0.354019014693172
1,PASS,True,83,1,0,20784649,1,1,1,"{'m': 1, 'n': 1, 'k': 1, 'a_base': 64, 'bt_base': 256, 'c_base': 448, 'a_stride': 64, 'bt_stride': 64, 'c_stride': 64, 'mode': 1, 'watchdog': 10000000}",2026-10-04T16:44:46.930573+00:00,2026-10-04T16:44:47.855741+00:00,189f40034be7a199f1fa9891668ee3ab6049f82d38c68be70f596eab2e1857b7,8d33f520a3c4cef80d2453aef81b612bfe1cb44c8b2025630ad38662763f13d3,f283d9d92e16d78b20c973406dd40d59562a7091844560d7fffa2a0f551a26c1,c1d636b72011da82676a9a65d5cdb94d0bc5383b98e00f902ada11640ea4a6e6,Uploaded in this connection; reused only within this case,"{'a': '5273e7adde0bc40c31eb1228749a203f7d6d73c960bb759d42d695a10dbc1a94', 'bt': '3f1287a339c345a592adbaab89840f89b110629a2425784776926e633ad94fef', 'c': '4d39124b90e227dbf03173d48d10ba2d9f36109878b3d72f2c6ab6ae55a9a303'}",PASS,0.027503299992531538,0.19162080000387505,0.543991599988658,222,24,2,1,4,153,0,2,8,32,2638998349,100000000,1,576,572,0.12808799999766052,0.03203639999264851,0.8912036999827251,2.22e-06,0.0009009009009009009,7.038288288288288e-05
1,PASS,True,84,0,0,20784649,1,1,1,"{'m': 1, 'n': 1, 'k': 1, 'a_base': 64, 'bt_base': 256, 'c_base': 448, 'a_stride': 64, 'bt_stride': 64, 'c_stride': 64, 'mode': 0, 'watchdog': 10000000}",2026-10-04T16:44:47.875583+00:00,2026-10-04T16:44:48.799756+00:00,189f40034be7a199f1fa9891668ee3ab6049f82d38c68be70f596eab2e1857b7,8d33f520a3c4cef80d2453aef81b612bfe1cb44c8b2025630ad38662763f13d3,f283d9d92e16d78b20c973406dd40d59562a7091844560d7fffa2a0f551a26c1,c1d636b72011da82676a9a65d5cdb94d0bc5383b98e00f902ada11640ea4a6e6,Uploaded in this connection; reused only within this case,"{'a': '5273e7adde0bc40c31eb1228749a203f7d6d73c960bb759d42d695a10dbc1a94', 'bt': '3f1287a339c345a592adbaab89840f89b110629a2425784776926e633ad94fef', 'c': '4d39124b90e227dbf03173d48d10ba2d9f36109878b3d72f2c6ab6ae55a9a303'}",PASS,0.027024799957871437,0.19215080002322793,0.544077800004743,217,24,2,1,4,148,0,2,8,32,2638998349,100000000,1,576,572,0.1279733999981545,0.03193769999779761,0.8912267999839969,2.17e-06,0.0009216589861751152,7.200460829493088e-05
1,PASS,True,85,0,0,20794622,5,3,9,"{'m': 5, 'n': 3, 'k': 9, 'a_base': 64, 'bt_base': 512, 'c_base': 832, 'a_stride': 64, 'bt_stride': 64, 'c_stride': 64, 'mode': 0, 'watchdog': 10000000}",2026-10-04T16:44:48.915090+00:00,2026-10-04T16:44:49.903481+00:00,f5f5f2b3d550ae60c0f17604be97572bd85b0a17edf08815002813db7e65c3c6,c4c51aa1b6d69f059feb153032ca21fb05ae9171d6e8713dbe683b50d1654720,1e577aae926fd5a956ee14a9afc3d2e427c22ade3ee15a490e577a8a40f4a877,69e07abf98dffff47709c83c07a162adffb7491fab62dc39bdc2db61b6e3b87f,Uploaded in this connection; reused only within this case,"{'a': 'c8923a1e1a83220f7086e3e43d8a7f5444d04e3ec710c85b86aff03c62167efd', 'bt': '97d5be50f83eb8efc7f941203b26d65d8dc34ebee8e846cb48ef7b68ca46844a', 'c': 'a60b0c8f5b92442d81ed63e7cc195bc0a3a5fef68f04e0a79ea2e3f6ed9a5439'}",PASS,0.0421220000134781,0.1921897999709472,0.5439481000066735,483,32,16,10,60,240,0,10,8,32,2638998349,100000000,15,1216,1156,0.1761199000175111,0.031625600007828325,0.9543798000086099,4.83e-06,0.055900621118012424,0.00436723602484472
1,PASS,True,86,1,0,20794622,5,3,9,"{'m': 5, 'n': 3, 'k': 9, 'a_base': 64, 'bt_base': 512, 'c_base': 832, 'a_stride': 64, 'bt_stride': 64, 'c_stride': 64, 'mode': 1, 'watchdog': 10000000}",2026-10-04T16:44:49.920819+00:00,2026-10-04T16:44:50.911460+00:00,f5f5f2b3d550ae60c0f17604be97572bd85b0a17edf08815002813db7e65c3c6,c4c51aa1b6d69f059feb153032ca21fb05ae9171d6e8713dbe683b50d1654720,1e577aae926fd5a956ee14a9afc3d2e427c22ade3ee15a490e577a8a40f4a877,69e07abf98dffff47709c83c07a162adffb7491fab62dc39bdc2db61b6e3b87f,Uploaded in this connection; reused only within this case,"{'a': 'c8923a1e1a83220f7086e3e43d8a7f5444d04e3ec710c85b86aff03c62167efd', 'bt': '97d5be50f83eb8efc7f941203b26d65d8dc34ebee8e846cb48ef7b68ca46844a', 'c': 'a60b0c8f5b92442d81ed63e7cc195bc0a3a5fef68f04e0a79ea2e3f6ed9a5439'}",PASS,0.04492559999926016,0.19197370001347736,0.5441680999938399,480,32,16,10,60,237,0,10,8,32,2638998349,100000000,15,1216,1156,0.17598289996385574,0.03181180002866313,0.9570502999704331,4.8e-06,0.05625,0.00439453125
1,PASS,True,87,1,0,20804595,31,33,17,"{'m': 31, 'n': 33, 'k': 17, 'a_base': 64, 'bt_base': 2176, 'c_base': 4416, 'a_stride': 64, 'bt_stride': 64, 'c_stride': 192, 'mode': 1, 'watchdog': 10000000}",2026-10-04T16:44:51.298875+00:00,2026-10-04T16:44:53.311595+00:00,21e0531b100bb815565ecc491b8dd7e8f4caa801f32c69513bd94b9d7f13762d,aa1465345556e8f5a78e7e9871958dff39d715091acfbd083c5368875c7ff405,86e13625de430f552b56d596187dbbbc5609fa29589a4a070f4abba9d252564e,314d8ae8759cf13b2bf98fdf71159a22d3775e26869d859fffcf46556ee5acb5,Uploaded in this connection; reused only within this case,"{'a': 'ee6b0d99ff99259125f80a9330c84ee5e6a709dba3671c5798b3444abe7a00c0', 'bt': 'fdfc05392efd7740536cc74781c279bfc7ab21a096c7f1da9299440df7d26a3f', 'c': '7440f70c69ecc032d435da07f40c726cce38b037c697577a0147ac43f92eb6c4'}",PASS,0.4274339000112377,0.19190350000280887,0.5441521999891847,6512,800,285,527,4092,1223,0,124,8,32,2638998349,100000000,1023,10432,6340,0.8158730000141077,0.032100000011269,1.979362600017339,6.512e-05,0.5341216216216216,0.041728251689189186
1,PASS,True,88,0,0,20804595,31,33,17,"{'m': 31, 'n': 33, 'k': 17, 'a_base': 64, 'bt_base': 2176, 'c_base': 4416, 'a_stride': 64, 'bt_stride': 64, 'c_stride': 192, 'mode': 0, 'watchdog': 10000000}",2026-10-04T16:44:53.334671+00:00,2026-10-04T16:44:55.343652+00:00,21e0531b100bb815565ecc491b8dd7e8f4caa801f32c69513bd94b9d7f13762d,aa1465345556e8f5a78e7e9871958dff39d715091acfbd083c5368875c7ff405,86e13625de430f552b56d596187dbbbc5609fa29589a4a070f4abba9d252564e,314d8ae8759cf13b2bf98fdf71159a22d3775e26869d859fffcf46556ee5acb5,Uploaded in this connection; reused only within this case,"{'a': 'ee6b0d99ff99259125f80a9330c84ee5e6a709dba3671c5798b3444abe7a00c0', 'bt': 'fdfc05392efd7740536cc74781c279bfc7ab21a096c7f1da9299440df7d26a3f', 'c': '7440f70c69ecc032d435da07f40c726cce38b037c697577a0147ac43f92eb6c4'}",PASS,0.42360979999648407,0.19195910001872107,0.545358799980022,7387,800,285,527,4092,1934,0,124,8,32,2638998349,100000000,1023,10432,6340,0.8144660000107251,0.03222150000510737,1.9753937000059523,7.387e-05,0.47085420333017464,0.036785484635169896
1,PASS,True,89,0,0,20814568,33,35,256,"{'m': 33, 'n': 35, 'k': 256, 'a_base': 64, 'bt_base': 8640, 'c_base': 17728, 'a_stride': 256, 'bt_stride': 256, 'c_stride': 192, 'mode': 0, 'watchdog': 10000000}",2026-10-04T16:44:56.659659+00:00,2026-10-04T16:44:59.663489+00:00,fe12e0144a30765d43afe595a24c6fb50604522a9c56637767719df42d7ca24b,26d253e1705cb20f678216e9c637000437ab323cd83702f05730968c5d391bdc,7d5262bde520b6317dcb9c47487e927366f8c79ce18515ca81516110b85b649f,d40816a4aac01d3a08f3119388c0e0193ae04fa33894bb80efd48c45e52e4767,Uploaded in this connection; reused only within this case,"{'a': '544eaaa0c3aef99555c626630f2ac09b35386f051632a37806186376b7ff736b', 'bt': '81ec31baf2cc59aeeb2359659e3ffe39edca3a1cc4ec1ca9cd068972fee6dd6e', 'c': 'a08c87ec4991d932f14e0b849ca26679da126ee2de3a9164fe5f0a85bc45f51f'}",PASS,0.4575087000266649,0.1919427000102587,0.5440715999575332,19796,6975,4352,594,4620,7679,0,134,8,32,2638998349,100000000,1155,24128,19508,1.776093500026036,0.031844899989664555,2.969616500020493,0.00019796,2.9872701555869874,0.2333804809052334
1,PASS,True,90,1,0,20814568,33,35,256,"{'m': 33, 'n': 35, 'k': 256, 'a_base': 64, 'bt_base': 8640, 'c_base': 17728, 'a_stride': 256, 'bt_stride': 256, 'c_stride': 192, 'mode': 1, 'watchdog': 10000000}",2026-10-04T16:44:59.688345+00:00,2026-10-04T16:45:02.687226+00:00,fe12e0144a30765d43afe595a24c6fb50604522a9c56637767719df42d7ca24b,26d253e1705cb20f678216e9c637000437ab323cd83702f05730968c5d391bdc,7d5262bde520b6317dcb9c47487e927366f8c79ce18515ca81516110b85b649f,d40816a4aac01d3a08f3119388c0e0193ae04fa33894bb80efd48c45e52e4767,Uploaded in this connection; reused only within this case,"{'a': '544eaaa0c3aef99555c626630f2ac09b35386f051632a37806186376b7ff736b', 'bt': '81ec31baf2cc59aeeb2359659e3ffe39edca3a1cc4ec1ca9cd068972fee6dd6e', 'c': 'a08c87ec4991d932f14e0b849ca26679da126ee2de3a9164fe5f0a85bc45f51f'}",PASS,0.4538180999807082,0.19217649998608977,0.5438584000221454,13258,6975,4352,594,4620,3490,0,134,8,32,2638998349,100000000,1155,24128,19508,1.7760505999904126,0.03191820002393797,2.965903599979356,0.00013258,4.46040126715945,0.3484688489968321
1,PASS,True,91,1,0,20824541,65,63,255,"{'m': 65, 'n': 63, 'k': 255, 'a_base': 64, 'bt_base': 16832, 'c_base': 33088, 'a_stride': 256, 'bt_stride': 256, 'c_stride': 256, 'mode': 1, 'watchdog': 10000000}",2026-10-04T16:45:05.108942+00:00,2026-10-04T16:45:10.638815+00:00,6c5cd197f790e76c2aa4ca85cc4bb8477243dc910b4d03d0606645e19554dd54,f961da8e7321cb4c16d0f63b5aa81c2ed99b15644f47b6ff88d4b9a93d38a15d,7acf6f39f1d17bc7dc50d63d6a83549abf83af447e3d100181e72a30c703c936,74e333dc0cfb3a81a65b8762bf7ec8c01c1da2a871c0b1d14a754197b0f90e22,Uploaded in this connection; reused only within this case,"{'a': '6243bc6991a7c83279196fc567ce24bee54bd9ee3fb341a88742dda0ab0adcf5', 'bt': '1fc907e98d043324e10937b156204c74db8a7aebc128d1379f58c61ccb6a1d05', 'c': 'de61c18b35ede7af3e1820a925b7a94cb1fde8da7615be0a47478a9a720bc1d0'}",PASS,1.1770810000016354,0.19226869998965412,0.5438320999965072,26514,20016,10208,2080,16380,3482,0,268,8,32,2638998349,100000000,4095,49792,33412,3.583764999988489,0.03183809999609366,5.4969467999762855,0.00026514,7.876782077393075,0.615373599796334
1,PASS,True,92,0,0,20824541,65,63,255,"{'m': 65, 'n': 63, 'k': 255, 'a_base': 64, 'bt_base': 16832, 'c_base': 33088, 'a_stride': 256, 'bt_stride': 256, 'c_stride': 256, 'mode': 0, 'watchdog': 10000000}",2026-10-04T16:45:10.669109+00:00,2026-10-04T16:45:16.207082+00:00,6c5cd197f790e76c2aa4ca85cc4bb8477243dc910b4d03d0606645e19554dd54,f961da8e7321cb4c16d0f63b5aa81c2ed99b15644f47b6ff88d4b9a93d38a15d,7acf6f39f1d17bc7dc50d63d6a83549abf83af447e3d100181e72a30c703c936,74e333dc0cfb3a81a65b8762bf7ec8c01c1da2a871c0b1d14a754197b0f90e22,Uploaded in this connection; reused only within this case,"{'a': '6243bc6991a7c83279196fc567ce24bee54bd9ee3fb341a88742dda0ab0adcf5', 'bt': '1fc907e98d043324e10937b156204c74db8a7aebc128d1379f58c61ccb6a1d05', 'c': 'de61c18b35ede7af3e1820a925b7a94cb1fde8da7615be0a47478a9a720bc1d0'}",PASS,1.1827903000521474,0.1919796000001952,0.5442424999782816,52506,20016,10208,2080,16380,17534,0,268,8,32,2638998349,100000000,4095,49792,33412,3.58382449997589,0.03217620000941679,5.502836900006514,0.00052506,3.9775454233801852,0.31074573620157697
1,PASS,True,93,0,0,20834514,1,64,256,"{'m': 1, 'n': 64, 'k': 256, 'a_base': 64, 'bt_base': 448, 'c_base': 16960, 'a_stride': 256, 'bt_stride': 256, 'c_stride': 256, 'mode': 0, 'watchdog': 10000000}",2026-10-04T16:45:17.473330+00:00,2026-10-04T16:45:19.598859+00:00,410dddfe1e74484a2feb4012cb3b7c713e4579ac931360ebe776af17c5755cd1,d3c49034cc471965921ad578002f2bfc6dc95edd43790b99821c899a892aa38a,c98d17a748af6f46b585f51a37e7d3478d4c4d547240a1d9e164baaa883fcd8c,595850d13e6c68df1801982b4f286fb010f53bae7a9045d1624af7bf7bf19310,Uploaded in this connection; reused only within this case,"{'a': 'eb8822a9f182d7f5a8f1c1d4cbdb02db3ef3fbf868cd9eac05e7c6a135d93ebf', 'bt': '1d9b37e0934e5042fd8b2039404ae25c9763ae71f3d3eeff4d4a0c13389cf821', 'c': '997fbe2fd1cf125bff9cd589c532fe7f30202936c371683abd4c047c843430bf'}",PASS,0.04442039999412373,0.19209040002897382,0.5437806999543682,6222,2232,2112,32,256,3714,0,4,8,32,2638998349,100000000,64,17280,17024,1.3122450000373647,0.031941299967002124,2.0925365000148304,6.222e-05,0.5266473802635808,0.04114432658309225
1,PASS,True,94,1,0,20834514,1,64,256,"{'m': 1, 'n': 64, 'k': 256, 'a_base': 64, 'bt_base': 448, 'c_base': 16960, 'a_stride': 256, 'bt_stride': 256, 'c_stride': 256, 'mode': 1, 'watchdog': 10000000}",2026-10-04T16:45:19.627574+00:00,2026-10-04T16:45:21.758637+00:00,410dddfe1e74484a2feb4012cb3b7c713e4579ac931360ebe776af17c5755cd1,d3c49034cc471965921ad578002f2bfc6dc95edd43790b99821c899a892aa38a,c98d17a748af6f46b585f51a37e7d3478d4c4d547240a1d9e164baaa883fcd8c,595850d13e6c68df1801982b4f286fb010f53bae7a9045d1624af7bf7bf19310,Uploaded in this connection; reused only within this case,"{'a': 'eb8822a9f182d7f5a8f1c1d4cbdb02db3ef3fbf868cd9eac05e7c6a135d93ebf', 'bt': '1d9b37e0934e5042fd8b2039404ae25c9763ae71f3d3eeff4d4a0c13389cf821', 'c': '997fbe2fd1cf125bff9cd589c532fe7f30202936c371683abd4c047c843430bf'}",PASS,0.048919100023340434,0.19184689997928217,0.5439716000109911,4983,2232,2112,32,256,2596,0,4,8,32,2638998349,100000000,64,17280,17024,1.3119793999940157,0.03204119997099042,2.0967170000076294,4.983e-05,0.6575958258077463,0.05137467389123018
1,PASS,True,95,1,0,20844487,64,1,256,"{'m': 64, 'n': 1, 'k': 256, 'a_base': 64, 'bt_base': 16576, 'c_base': 16960, 'a_stride': 256, 'bt_stride': 256, 'c_stride': 64, 'mode': 1, 'watchdog': 10000000}",2026-10-04T16:45:23.040878+00:00,2026-10-04T16:45:25.678459+00:00,245cd0aa08ba239e628ad36c56628bc24435849c715a0fd5c9208c9430a2828c,110b60972634e3c91938771577c7c8e086b714e0e4c17cea6a121ea3cd4f5764,087c25d0921b22253359cd72e958a40a69f147d6fc5a5c2028b4e16030a5bc2c,4f8846114af962e0d7d4a24a94adf75a1a2179c4ae9e527fea1d8b78b4b52044,Uploaded in this connection; reused only within this case,"{'a': 'd02df4ff16445b7234243b05be6b5227e071995579e672b5d67ae0f3d4f45b25', 'bt': '0fca10e5a9ef6b50242aa5751012eacd36c615ca9dd236b4f842e003f01d39b3', 'c': '3cfc953bc2742504c4e8f44b34f397d44162fc0a7a533aa4e25713433c61db57'}",PASS,0.2991961999796331,0.1919249000493437,0.5440706999506801,6018,2232,2112,64,256,2592,0,128,8,32,2638998349,100000000,64,21120,20864,1.56822800001828,0.03177639999194071,2.603419799997937,6.018e-05,0.5444998338318378,0.042539049518112326
1,PASS,True,96,0,0,20844487,64,1,256,"{'m': 64, 'n': 1, 'k': 256, 'a_base': 64, 'bt_base': 16576, 'c_base': 16960, 'a_stride': 256, 'bt_stride': 256, 'c_stride': 64, 'mode': 0, 'watchdog': 10000000}",2026-10-04T16:45:25.708984+00:00,2026-10-04T16:45:28.350657+00:00,245cd0aa08ba239e628ad36c56628bc24435849c715a0fd5c9208c9430a2828c,110b60972634e3c91938771577c7c8e086b714e0e4c17cea6a121ea3cd4f5764,087c25d0921b22253359cd72e958a40a69f147d6fc5a5c2028b4e16030a5bc2c,4f8846114af962e0d7d4a24a94adf75a1a2179c4ae9e527fea1d8b78b4b52044,Uploaded in this connection; reused only within this case,"{'a': 'd02df4ff16445b7234243b05be6b5227e071995579e672b5d67ae0f3d4f45b25', 'bt': '0fca10e5a9ef6b50242aa5751012eacd36c615ca9dd236b4f842e003f01d39b3', 'c': '3cfc953bc2742504c4e8f44b34f397d44162fc0a7a533aa4e25713433c61db57'}",PASS,0.30425649997778237,0.19194039999274537,0.5439768999931403,8314,2232,2112,64,256,3727,0,128,8,32,2638998349,100000000,64,21120,20864,1.5680456000263803,0.03231249999953434,2.6082193999900483,8.314e-05,0.39413038248737076,0.030791436131825837
1,PASS,True,97,0,0,20854460,32,32,256,"{'m': 32, 'n': 32, 'k': 256, 'a_base': 64, 'bt_base': 8384, 'c_base': 16704, 'a_stride': 256, 'bt_stride': 256, 'c_stride': 128, 'mode': 0, 'watchdog': 10000000}",2026-10-04T16:45:29.616530+00:00,2026-10-04T16:45:32.238027+00:00,0ce917226900098eead7b4b5629c109a28753a334d747b9b959082305b565254,440996ec97563cfa0a8a25671aca98a6000894c4edc52f8f856bfaf42bc32eeb,a78a5cf1ccfca9804e7f56ab6fb9940338eeee610acaaa2ae0459837e2d01063,efa52d20385941d85d0b9cac7725224bff4adc5bdbecdaafe225e90c12db163f,Uploaded in this connection; reused only within this case,"{'a': '1a2c1a4abd9ea4af2d62a1d830b6c6d9dce7c2f14528a0e8c659d322544113f6', 'bt': '099f78f273a2caa1d7a0385ae6c5072099a63ad3fe720a81829b1493a65dc992', 'c': '9cfba9f89d4ca7ac66bd7f37755b738603577cf168cacc5491caad157addb402'}",PASS,0.3006914000143297,0.1921415999531746,0.5438245999976061,11581,4464,2048,512,4096,3484,0,66,8,32,2638998349,100000000,1024,20864,16768,1.551939000026323,0.031850799976382405,2.5885965999914333,0.00011581,4.527139279854935,0.3536827562386668
1,PASS,True,98,1,0,20854460,32,32,256,"{'m': 32, 'n': 32, 'k': 256, 'a_base': 64, 'bt_base': 8384, 'c_base': 16704, 'a_stride': 256, 'bt_stride': 256, 'c_stride': 128, 'mode': 1, 'watchdog': 10000000}",2026-10-04T16:45:32.256755+00:00,2026-10-04T16:45:34.877995+00:00,0ce917226900098eead7b4b5629c109a28753a334d747b9b959082305b565254,440996ec97563cfa0a8a25671aca98a6000894c4edc52f8f856bfaf42bc32eeb,a78a5cf1ccfca9804e7f56ab6fb9940338eeee610acaaa2ae0459837e2d01063,efa52d20385941d85d0b9cac7725224bff4adc5bdbecdaafe225e90c12db163f,Uploaded in this connection; reused only within this case,"{'a': '1a2c1a4abd9ea4af2d62a1d830b6c6d9dce7c2f14528a0e8c659d322544113f6', 'bt': '099f78f273a2caa1d7a0385ae6c5072099a63ad3fe720a81829b1493a65dc992', 'c': '9cfba9f89d4ca7ac66bd7f37755b738603577cf168cacc5491caad157addb402'}",PASS,0.3003589999862015,0.1920665000216104,0.5438539999886416,11587,4464,2048,512,4096,3483,0,66,8,32,2638998349,100000000,1024,20864,16768,1.5520035999943502,0.03195099998265505,2.5882830999908037,0.00011587,4.524795028911711,0.35349961163372745
1,PASS,True,99,0,0,20889378,1,1,1,"{'m': 1, 'n': 1, 'k': 1, 'a_base': 64, 'bt_base': 256, 'c_base': 448, 'a_stride': 64, 'bt_stride': 64, 'c_stride': 64, 'mode': 0, 'watchdog': 10000000}",2026-10-04T16:45:34.975906+00:00,2026-10-04T16:45:35.902044+00:00,6e340b9cffb37a989ca544e6bb780a2c78901d3fb33738768511a30617afa01d,c557e71380112b980eaf1145fa80621130dfbdfa1e375d87ae0018b7c60ac16b,df3f619804a92fdb4057192dc43dd748ea778adc52bc498ce80524c014b81119,132ece1443c3d9ed4f88f24688063537f860f5890bb294c98d4f62cd2c14dd52,Uploaded in this connection; reused only within this case,"{'a': '9514af0ad16e138b72661cf7588f10803bcd4e931f6c214cca093bf393c67549', 'bt': '59164bc5b5d1e29090eb152e67a74b640a680c9d163c4fb6eb5a51ef222f3e7e', 'c': 'e631a5774be4957710b7dd51a4a027dbfd3d7f09a8ffedd2173f7a685ee8db3a'}",PASS,0.028967099962756038,0.19191410002531484,0.5439533999888226,219,24,2,1,4,150,0,2,8,32,2638998349,100000000,1,576,572,0.12809850001940504,0.031872799969278276,0.8929330999962986,2.19e-06,0.0009132420091324201,7.134703196347032e-05
1,PASS,True,100,1,0,20889378,1,1,1,"{'m': 1, 'n': 1, 'k': 1, 'a_base': 64, 'bt_base': 256, 'c_base': 448, 'a_stride': 64, 'bt_stride': 64, 'c_stride': 64, 'mode': 1, 'watchdog': 10000000}",2026-10-04T16:45:35.923066+00:00,2026-10-04T16:45:36.846195+00:00,6e340b9cffb37a989ca544e6bb780a2c78901d3fb33738768511a30617afa01d,c557e71380112b980eaf1145fa80621130dfbdfa1e375d87ae0018b7c60ac16b,df3f619804a92fdb4057192dc43dd748ea778adc52bc498ce80524c014b81119,132ece1443c3d9ed4f88f24688063537f860f5890bb294c98d4f62cd2c14dd52,Uploaded in this connection; reused only within this case,"{'a': '9514af0ad16e138b72661cf7588f10803bcd4e931f6c214cca093bf393c67549', 'bt': '59164bc5b5d1e29090eb152e67a74b640a680c9d163c4fb6eb5a51ef222f3e7e', 'c': 'e631a5774be4957710b7dd51a4a027dbfd3d7f09a8ffedd2173f7a685ee8db3a'}",PASS,0.025627799972426146,0.1921008000499569,0.5439481999492273,219,24,2,1,4,150,0,2,8,32,2638998349,100000000,1,576,572,0.12791310000466183,0.03218920005019754,0.8895898999762721,2.19e-06,0.0009132420091324201,7.134703196347032e-05
1,PASS,True,101,1,0,20899351,5,3,9,"{'m': 5, 'n': 3, 'k': 9, 'a_base': 64, 'bt_base': 512, 'c_base': 832, 'a_stride': 64, 'bt_stride': 64, 'c_stride': 64, 'mode': 1, 'watchdog': 10000000}",2026-10-04T16:45:36.976039+00:00,2026-10-04T16:45:37.965880+00:00,b3b471a9e3a800348e25b0bead336a1ded22569df76e692cfab8d67bf93266cc,73dbd8a368a9738a547a6c556f407c1ed701d0f31255e89f18497e5e30ba3048,4a53801fb499e1a8346373a7c5bae13af21a7b67b5dc837c63051d406379f47a,eb9b77bea747f25a203266cfd53d1ed5d5bd607e4f3e7941d8dfe8d5d290efae,Uploaded in this connection; reused only within this case,"{'a': '46d0cb80e3370b45f2a33e632652fb49509998a5b3e458f021edc87727d52317', 'bt': '8d243fc286afc0fdd32411ff58c81a3d81da935a7ed52f4f4b0e8ce7d42fe0a2', 'c': '99b8eb378669a98a8f69c141b65a0ca22693cce6f51d995ed40c8ee1501eaa79'}",PASS,0.044826500001363456,0.1921468999935314,0.5438980999751948,493,32,16,10,60,250,0,10,8,32,2638998349,100000000,15,1216,1156,0.17617739998968318,0.031812400033231825,0.9570488999597728,4.93e-06,0.05476673427991886,0.004278651115618661
1,PASS,True,102,0,0,20899351,5,3,9,"{'m': 5, 'n': 3, 'k': 9, 'a_base': 64, 'bt_base': 512, 'c_base': 832, 'a_stride': 64, 'bt_stride': 64, 'c_stride': 64, 'mode': 0, 'watchdog': 10000000}",2026-10-04T16:45:37.994712+00:00,2026-10-04T16:45:38.973923+00:00,b3b471a9e3a800348e25b0bead336a1ded22569df76e692cfab8d67bf93266cc,73dbd8a368a9738a547a6c556f407c1ed701d0f31255e89f18497e5e30ba3048,4a53801fb499e1a8346373a7c5bae13af21a7b67b5dc837c63051d406379f47a,eb9b77bea747f25a203266cfd53d1ed5d5bd607e4f3e7941d8dfe8d5d290efae,Uploaded in this connection; reused only within this case,"{'a': '46d0cb80e3370b45f2a33e632652fb49509998a5b3e458f021edc87727d52317', 'bt': '8d243fc286afc0fdd32411ff58c81a3d81da935a7ed52f4f4b0e8ce7d42fe0a2', 'c': '99b8eb378669a98a8f69c141b65a0ca22693cce6f51d995ed40c8ee1501eaa79'}",PASS,0.033191599999554455,0.19204519997583702,0.5450519000296481,479,32,16,10,60,236,0,10,8,32,2638998349,100000000,15,1216,1156,0.1750017000013031,0.03193019999889657,0.9452904000063427,4.79e-06,0.05636743215031315,0.004403705636743215
1,PASS,True,103,0,0,20909324,31,33,17,"{'m': 31, 'n': 33, 'k': 17, 'a_base': 64, 'bt_base': 2176, 'c_base': 4416, 'a_stride': 64, 'bt_stride': 64, 'c_stride': 192, 'mode': 0, 'watchdog': 10000000}",2026-10-04T16:45:39.360800+00:00,2026-10-04T16:45:41.373787+00:00,6ca16739816fea1c687290612c466a451bb1d5e8a43fad43dc028dbe96eeaa9d,eb25a4a993db1cbd72776c4e2fb7121f781845e3ed4e116f11dd31deb47f3b43,9edd83b0f077a83087e6e84db43b83a3e26c4607870abdad00e22a7a815071e6,cefa5c9523e0e7445d90b42fb41da008a15875c8a352f39686762c917bb58699,Uploaded in this connection; reused only within this case,"{'a': '4a1193e665f55831917754fad6ba881fcb70b806be7dd8404822aa4b3198c510', 'bt': '141edf1d44b1d52ab0bdff096d5d46456911dea247c8a678612b09d19f2414eb', 'c': 'd8faff58b158033ab6ac6d2f06eaea10c912df73bd2c1df55818ce45c76afc38'}",PASS,0.4273379999794997,0.19190510001499206,0.5440094000077806,7357,800,285,527,4092,1912,0,124,8,32,2638998349,100000000,1023,10432,6340,0.8164189999806695,0.03152560000307858,1.979671499982942,7.357e-05,0.4727742286257986,0.03693548661139051
1,PASS,True,104,1,0,20909324,31,33,17,"{'m': 31, 'n': 33, 'k': 17, 'a_base': 64, 'bt_base': 2176, 'c_base': 4416, 'a_stride': 64, 'bt_stride': 64, 'c_stride': 192, 'mode': 1, 'watchdog': 10000000}",2026-10-04T16:45:41.395826+00:00,2026-10-04T16:45:43.405721+00:00,6ca16739816fea1c687290612c466a451bb1d5e8a43fad43dc028dbe96eeaa9d,eb25a4a993db1cbd72776c4e2fb7121f781845e3ed4e116f11dd31deb47f3b43,9edd83b0f077a83087e6e84db43b83a3e26c4607870abdad00e22a7a815071e6,cefa5c9523e0e7445d90b42fb41da008a15875c8a352f39686762c917bb58699,Uploaded in this connection; reused only within this case,"{'a': '4a1193e665f55831917754fad6ba881fcb70b806be7dd8404822aa4b3198c510', 'bt': '141edf1d44b1d52ab0bdff096d5d46456911dea247c8a678612b09d19f2414eb', 'c': 'd8faff58b158033ab6ac6d2f06eaea10c912df73bd2c1df55818ce45c76afc38'}",PASS,0.42388660000870004,0.19187599996803328,0.5439426000230014,6476,800,285,527,4092,1223,0,124,8,32,2638998349,100000000,1023,10432,6340,0.816463399969507,0.0315674000303261,1.9761685999692418,6.476e-05,0.5370907967881408,0.041960218499073505
1,PASS,True,105,1,0,20919297,33,35,256,"{'m': 33, 'n': 35, 'k': 256, 'a_base': 64, 'bt_base': 8640, 'c_base': 17728, 'a_stride': 256, 'bt_stride': 256, 'c_stride': 192, 'mode': 1, 'watchdog': 10000000}",2026-10-04T16:45:44.736134+00:00,2026-10-04T16:45:47.741750+00:00,1f2b2e90204bf461cee3300a594f9da8aea3ad44296095631a86e4f2f6528fc5,dfdc91df817855950c4e793093ec603f12228a70e55b046aa8445b1749cb71bb,4e6d350f1ce050c6108fc41003ea1854ce56f07deb6e2015d3166c39bc377225,7016b03be53ff42f3cb6e944d58188c3240714cf4979098ec409241d9e106386,Uploaded in this connection; reused only within this case,"{'a': '43d20140dd2a264a096888c290810f584299e011b92feec01032941f542d623d', 'bt': '62050475b7fc57e60fec09392e6d550a5ad30f809b3e672c099c476808a3a466', 'c': 'abc745e623de6711ce9b2ee3fe6327124aef52b4eb4de8a2739d1e78fcc8eeb1'}",PASS,0.4604431999614462,0.1920504000154324,0.5439861000049859,13326,6975,4352,594,4620,3497,0,134,8,32,2638998349,100000000,1155,24128,19508,1.7760764000122435,0.03194329998223111,2.972556099994108,0.00013326,4.437640702386313,0.34669067987393065
1,PASS,True,106,0,0,20919297,33,35,256,"{'m': 33, 'n': 35, 'k': 256, 'a_base': 64, 'bt_base': 8640, 'c_base': 17728, 'a_stride': 256, 'bt_stride': 256, 'c_stride': 192, 'mode': 0, 'watchdog': 10000000}",2026-10-04T16:45:47.761477+00:00,2026-10-04T16:45:50.765570+00:00,1f2b2e90204bf461cee3300a594f9da8aea3ad44296095631a86e4f2f6528fc5,dfdc91df817855950c4e793093ec603f12228a70e55b046aa8445b1749cb71bb,4e6d350f1ce050c6108fc41003ea1854ce56f07deb6e2015d3166c39bc377225,7016b03be53ff42f3cb6e944d58188c3240714cf4979098ec409241d9e106386,Uploaded in this connection; reused only within this case,"{'a': '43d20140dd2a264a096888c290810f584299e011b92feec01032941f542d623d', 'bt': '62050475b7fc57e60fec09392e6d550a5ad30f809b3e672c099c476808a3a466', 'c': 'abc745e623de6711ce9b2ee3fe6327124aef52b4eb4de8a2739d1e78fcc8eeb1'}",PASS,0.4591859999927692,0.19190599996363744,0.5442332000238821,19763,6975,4352,594,4620,7640,0,134,8,32,2638998349,100000000,1155,24128,19508,1.7757444999879226,0.03206779999891296,2.9710696999682114,0.00019763,2.992258260385569,0.23377017659262259
1,PASS,True,107,0,0,20929270,65,63,255,"{'m': 65, 'n': 63, 'k': 255, 'a_base': 64, 'bt_base': 16832, 'c_base': 33088, 'a_stride': 256, 'bt_stride': 256, 'c_stride': 256, 'mode': 0, 'watchdog': 10000000}",2026-10-04T16:45:53.200462+00:00,2026-10-04T16:45:58.733310+00:00,53bfb28caed8f5d54a02ff6319310ea0dc20616051a78d509f3c795b8ca47e7f,b77bf3ead228796ac971bd4e195201c31a071b7f648bc937d006f021910a6919,e0b9eb2a6a9ed672c8901772839064302b052fc8ea3fd4bbc8d00c45ffbaebfe,3fec72428b7e4c36aa0ad1577dfe5e4b351c09414b6aa4d52a6553534f947f69,Uploaded in this connection; reused only within this case,"{'a': '844456146346572e5f7a2ef550331fd7d0fb2184f22bc073605827ed8adf0ebc', 'bt': 'b1973c9b1fed4f4959fc60dcb5f1b0025506e0b84e1e3066e24523d6f82018cf', 'c': 'cb489d09eae21a0877f535f449b394867c40108c87d55c379edd169bd48552f3'}",PASS,1.1787252000067383,0.19223889999557287,0.5437329999986105,52346,20016,10208,2080,16380,17502,0,268,8,32,2638998349,100000000,4095,49792,33412,3.584020000009332,0.031923500006087124,5.4987171000102535,0.00052346,3.989703129178925,0.3116955569671035
1,PASS,True,108,1,0,20929270,65,63,255,"{'m': 65, 'n': 63, 'k': 255, 'a_base': 64, 'bt_base': 16832, 'c_base': 33088, 'a_stride': 256, 'bt_stride': 256, 'c_stride': 256, 'mode': 1, 'watchdog': 10000000}",2026-10-04T16:45:58.759098+00:00,2026-10-04T16:46:04.285215+00:00,53bfb28caed8f5d54a02ff6319310ea0dc20616051a78d509f3c795b8ca47e7f,b77bf3ead228796ac971bd4e195201c31a071b7f648bc937d006f021910a6919,e0b9eb2a6a9ed672c8901772839064302b052fc8ea3fd4bbc8d00c45ffbaebfe,3fec72428b7e4c36aa0ad1577dfe5e4b351c09414b6aa4d52a6553534f947f69,Uploaded in this connection; reused only within this case,"{'a': '844456146346572e5f7a2ef550331fd7d0fb2184f22bc073605827ed8adf0ebc', 'bt': 'b1973c9b1fed4f4959fc60dcb5f1b0025506e0b84e1e3066e24523d6f82018cf', 'c': 'cb489d09eae21a0877f535f449b394867c40108c87d55c379edd169bd48552f3'}",PASS,1.1720147000160068,0.19218290003482252,0.5437644000048749,26448,20016,10208,2080,16380,3497,0,268,8,32,2638998349,100000000,4095,49792,33412,3.584140599996317,0.03188989998307079,5.492102600052021,0.00026448,7.896438294010889,0.6169092417196007
1,PASS,True,109,1,0,20939243,1,64,256,"{'m': 1, 'n': 64, 'k': 256, 'a_base': 64, 'bt_base': 448, 'c_base': 16960, 'a_stride': 256, 'bt_stride': 256, 'c_stride': 256, 'mode': 1, 'watchdog': 10000000}",2026-10-04T16:46:05.551574+00:00,2026-10-04T16:46:07.676932+00:00,fa24e6a32604dedfa3374f0d98b133e32ee421be0e7ced85936ec24535d4ec08,addf5292849f3f6bb720ced53808ea758fe4078704c0911bc0aab99efbf2c52a,6816c43a5825604d01740f74bc66b9920842344e575fa024d1982b914ec0eb40,106e1ddaa759d352989a475483112ebf6ae5ab74c5b74748486381d49fb06c9d,Uploaded in this connection; reused only within this case,"{'a': '492fe8c288890b75706866bb935e03f6ce66656249a0144dc1343497a5bd7db4', 'bt': '17363bc6ad2fa08325bca60276540709babb130be4eacba83a606b1cc62bf844', 'c': '5b67ef0b66c1e310329fdf11ddec22b0f124336e5fda46752d4b84c409ae8aef'}",PASS,0.04437449999386445,0.1919999999809079,0.5441042000311427,5000,2232,2112,32,256,2609,0,4,8,32,2638998349,100000000,64,17280,17024,1.3118314999737777,0.0320013000164181,2.0923101999796927,5e-05,0.65536,0.0512
1,PASS,True,110,0,0,20939243,1,64,256,"{'m': 1, 'n': 64, 'k': 256, 'a_base': 64, 'bt_base': 448, 'c_base': 16960, 'a_stride': 256, 'bt_stride': 256, 'c_stride': 256, 'mode': 0, 'watchdog': 10000000}",2026-10-04T16:46:07.704637+00:00,2026-10-04T16:46:09.820908+00:00,fa24e6a32604dedfa3374f0d98b133e32ee421be0e7ced85936ec24535d4ec08,addf5292849f3f6bb720ced53808ea758fe4078704c0911bc0aab99efbf2c52a,6816c43a5825604d01740f74bc66b9920842344e575fa024d1982b914ec0eb40,106e1ddaa759d352989a475483112ebf6ae5ab74c5b74748486381d49fb06c9d,Uploaded in this connection; reused only within this case,"{'a': '492fe8c288890b75706866bb935e03f6ce66656249a0144dc1343497a5bd7db4', 'bt': '17363bc6ad2fa08325bca60276540709babb130be4eacba83a606b1cc62bf844', 'c': '5b67ef0b66c1e310329fdf11ddec22b0f124336e5fda46752d4b84c409ae8aef'}",PASS,0.035286600003018975,0.19209379999665543,0.5436711000511423,6225,2232,2112,32,256,3717,0,4,8,32,2638998349,100000000,64,17280,17024,1.312111399951391,0.03191840002546087,2.0831629000022076,6.225e-05,0.5263935742971888,0.04112449799196787
1,PASS,True,111,0,0,20949216,64,1,256,"{'m': 64, 'n': 1, 'k': 256, 'a_base': 64, 'bt_base': 16576, 'c_base': 16960, 'a_stride': 256, 'bt_stride': 256, 'c_stride': 64, 'mode': 0, 'watchdog': 10000000}",2026-10-04T16:46:11.087064+00:00,2026-10-04T16:46:13.724877+00:00,add0dd560c1d0053a5b5c52638f37e22a12ccc4dc8b9c5d7172b88bbf2abd619,37afd98cac4db2f0379cc41f0bf969cdebf7e7fcd33c59017f4668d75d5ad738,c4ae703d68f09a88ea8dbd10f219e81459b88a9f57b257a69ead9607a0764090,6928a67c9dfb7eea7a38ccedc14c9ece4915baba0c89e578c9e6216e94ae56b6,Uploaded in this connection; reused only within this case,"{'a': 'b2e39ecacad40fc3e4936de90a1676a76d691a5f90b6ca2310f5efa886d9a54e', 'bt': '4eeb3cfeb4c75146d3f3cd888ab3afa15017642a599332c7cd15e57d3dd95190', 'c': 'e357de3338fbfe6b1039a92544b2f5d51b7a55011453c5dcc502e90f102b4592'}",PASS,0.3005237000179477,0.19169020000845194,0.5439308999921195,8284,2232,2112,64,256,3697,0,128,8,32,2638998349,100000000,64,21120,20864,1.5684388999943621,0.031739900005050004,2.6045837000128813,8.284e-05,0.3955577015934331,0.03090294543698696
1,PASS,True,112,1,0,20949216,64,1,256,"{'m': 64, 'n': 1, 'k': 256, 'a_base': 64, 'bt_base': 16576, 'c_base': 16960, 'a_stride': 256, 'bt_stride': 256, 'c_stride': 64, 'mode': 1, 'watchdog': 10000000}",2026-10-04T16:46:13.745357+00:00,2026-10-04T16:46:16.380573+00:00,add0dd560c1d0053a5b5c52638f37e22a12ccc4dc8b9c5d7172b88bbf2abd619,37afd98cac4db2f0379cc41f0bf969cdebf7e7fcd33c59017f4668d75d5ad738,c4ae703d68f09a88ea8dbd10f219e81459b88a9f57b257a69ead9607a0764090,6928a67c9dfb7eea7a38ccedc14c9ece4915baba0c89e578c9e6216e94ae56b6,Uploaded in this connection; reused only within this case,"{'a': 'b2e39ecacad40fc3e4936de90a1676a76d691a5f90b6ca2310f5efa886d9a54e', 'bt': '4eeb3cfeb4c75146d3f3cd888ab3afa15017642a599332c7cd15e57d3dd95190', 'c': 'e357de3338fbfe6b1039a92544b2f5d51b7a55011453c5dcc502e90f102b4592'}",PASS,0.29852549999486655,0.19158350001089275,0.5439096000045538,6030,2232,2112,64,256,2603,0,128,8,32,2638998349,100000000,64,21120,20864,1.5683126000221819,0.03169909998541698,2.602331200032495,6.03e-05,0.5434162520729685,0.04245439469320066
1,PASS,True,113,1,0,20959189,32,32,256,"{'m': 32, 'n': 32, 'k': 256, 'a_base': 64, 'bt_base': 8384, 'c_base': 16704, 'a_stride': 256, 'bt_stride': 256, 'c_stride': 128, 'mode': 1, 'watchdog': 10000000}",2026-10-04T16:46:17.646862+00:00,2026-10-04T16:46:20.268605+00:00,6f0698d7845140b5b5fa678ec3569be83d4344253be3c08869a1a97b35ed10e2,4f7fae4f4e57c0e800df4b0b7b9907756b93984d4fd08c752fd379b7a10e3c9d,23ec6afa4616eb297feee765a5f17c3717e184b73335c74a7d46b3201c2fce86,dae4359cbca698adf21c2677b1afd8ec5031b2b42ae4258fb871feece4ab9b67,Uploaded in this connection; reused only within this case,"{'a': '535044c4ef897ffbd9017cdb4c62788104788e5192e8358725e74ca4955621c5', 'bt': '9b0c1cfac131ffdf51b1e64b1e69b438274279226b8c21bf2072a91e1c774e9c', 'c': 'ac58f2efba0dc6f3bb4eca7ee59edfe4d6b401f02fb843280b905cd899865403'}",PASS,0.3005364999989979,0.19204309995984659,0.5440149999922141,11573,4464,2048,512,4096,3456,0,66,8,32,2638998349,100000000,1024,20864,16768,1.551765400043223,0.03202919999603182,2.5883599999942817,0.00011573,4.530268728938045,0.35392724444828483
1,PASS,True,114,0,0,20959189,32,32,256,"{'m': 32, 'n': 32, 'k': 256, 'a_base': 64, 'bt_base': 8384, 'c_base': 16704, 'a_stride': 256, 'bt_stride': 256, 'c_stride': 128, 'mode': 0, 'watchdog': 10000000}",2026-10-04T16:46:20.292137+00:00,2026-10-04T16:46:22.908468+00:00,6f0698d7845140b5b5fa678ec3569be83d4344253be3c08869a1a97b35ed10e2,4f7fae4f4e57c0e800df4b0b7b9907756b93984d4fd08c752fd379b7a10e3c9d,23ec6afa4616eb297feee765a5f17c3717e184b73335c74a7d46b3201c2fce86,dae4359cbca698adf21c2677b1afd8ec5031b2b42ae4258fb871feece4ab9b67,Uploaded in this connection; reused only within this case,"{'a': '535044c4ef897ffbd9017cdb4c62788104788e5192e8358725e74ca4955621c5', 'bt': '9b0c1cfac131ffdf51b1e64b1e69b438274279226b8c21bf2072a91e1c774e9c', 'c': 'ac58f2efba0dc6f3bb4eca7ee59edfe4d6b401f02fb843280b905cd899865403'}",PASS,0.294461399957072,0.1921367000322789,0.5438033000100404,11573,4464,2048,512,4096,3454,0,66,8,32,2638998349,100000000,1024,20864,16768,1.5520678999600932,0.03203970001777634,2.5824692999594845,0.00011573,4.530268728938045,0.35392724444828483
1,PASS,True,115,1,0,20994107,1,1,1,"{'m': 1, 'n': 1, 'k': 1, 'a_base': 64, 'bt_base': 256, 'c_base': 448, 'a_stride': 64, 'bt_stride': 64, 'c_stride': 64, 'mode': 1, 'watchdog': 10000000}",2026-10-04T16:46:23.022117+00:00,2026-10-04T16:46:23.948568+00:00,2795044ce0f83f718bc79c5f2add1e52521978df91ce9b7f82c9097191d33602,334359b90efed75da5f0ada1d5e6b256f4a6bd0aee7eb39c0f90182a021ffc8b,832fb4ce06558d93bb1e64a92732c4ccbc131da87cbfa9ddc74ea23b619dde62,ff0bac039d0b5a32bbe3dfb1ef27a8fa081182a1515e55b8dd7bbf382bbeeb50,Uploaded in this connection; reused only within this case,"{'a': '0950ba0d35656edca4fc97772cdf9ea2f787a40fa1b09a39ac40b410545c761c', 'bt': '4cbbc07e8a129638d45b23c4b4767c3e0659b75673674fdd5d64111cefc04710', 'c': '9959ac734441a14f59082f638a3d156c78998199adb2133dd5e16000408bc971'}",PASS,0.0285814999951981,0.19195530004799366,0.5437936999951489,222,24,2,1,4,153,0,2,8,32,2638998349,100000000,1,576,572,0.12829839996993542,0.03183649998391047,0.8926289000082761,2.22e-06,0.0009009009009009009,7.038288288288288e-05
1,PASS,True,116,0,0,20994107,1,1,1,"{'m': 1, 'n': 1, 'k': 1, 'a_base': 64, 'bt_base': 256, 'c_base': 448, 'a_stride': 64, 'bt_stride': 64, 'c_stride': 64, 'mode': 0, 'watchdog': 10000000}",2026-10-04T16:46:23.971966+00:00,2026-10-04T16:46:24.892334+00:00,2795044ce0f83f718bc79c5f2add1e52521978df91ce9b7f82c9097191d33602,334359b90efed75da5f0ada1d5e6b256f4a6bd0aee7eb39c0f90182a021ffc8b,832fb4ce06558d93bb1e64a92732c4ccbc131da87cbfa9ddc74ea23b619dde62,ff0bac039d0b5a32bbe3dfb1ef27a8fa081182a1515e55b8dd7bbf382bbeeb50,Uploaded in this connection; reused only within this case,"{'a': '0950ba0d35656edca4fc97772cdf9ea2f787a40fa1b09a39ac40b410545c761c', 'bt': '4cbbc07e8a129638d45b23c4b4767c3e0659b75673674fdd5d64111cefc04710', 'c': '9959ac734441a14f59082f638a3d156c78998199adb2133dd5e16000408bc971'}",PASS,0.023379100020974874,0.19183369999518618,0.5440514999791048,219,24,2,1,4,150,0,2,8,32,2638998349,100000000,1,576,572,0.1282836000318639,0.03172299999278039,0.8875479000271298,2.19e-06,0.0009132420091324201,7.134703196347032e-05
1,PASS,True,117,0,0,21004080,5,3,9,"{'m': 5, 'n': 3, 'k': 9, 'a_base': 64, 'bt_base': 512, 'c_base': 832, 'a_stride': 64, 'bt_stride': 64, 'c_stride': 64, 'mode': 0, 'watchdog': 10000000}",2026-10-04T16:46:25.022879+00:00,2026-10-04T16:46:26.012351+00:00,a513798953950527f2b09b49e65432fb83f399bfab1e35a5c95fa53e98edbd5b,a93ae871886ce93f6e3fecef9d9acbdbc3c58b4034fe03c8d9aacbb0548b38d5,ffc8842e859600efdcfb5e7351dd7d65f5b8e01946fdaaff393bcee0e420ee52,d30d3f6911828e12c3f72979c812d89c13a37a837abdd260959439967c19f564,Uploaded in this connection; reused only within this case,"{'a': '5e930755590980929a8cc2f36db5f14413a7e03d7f23cd41626fad5d4523c52c', 'bt': '0b3ae2c26225d3b659b1703ee8b2b9149590cae93a9bc952070868fcdbc9bcb8', 'c': '902f8922896d498fed3a9fb854a066642ec38575876c9855a519d529bbaa535c'}",PASS,0.04428570001618937,0.19200239999918267,0.5438993999850936,482,32,16,10,60,235,0,10,8,32,2638998349,100000000,15,1216,1156,0.17607220000354573,0.032003400032408535,0.9562597000040114,4.82e-06,0.056016597510373446,0.004376296680497925
1,PASS,True,118,1,0,21004080,5,3,9,"{'m': 5, 'n': 3, 'k': 9, 'a_base': 64, 'bt_base': 512, 'c_base': 832, 'a_stride': 64, 'bt_stride': 64, 'c_stride': 64, 'mode': 1, 'watchdog': 10000000}",2026-10-04T16:46:26.034079+00:00,2026-10-04T16:46:27.020209+00:00,a513798953950527f2b09b49e65432fb83f399bfab1e35a5c95fa53e98edbd5b,a93ae871886ce93f6e3fecef9d9acbdbc3c58b4034fe03c8d9aacbb0548b38d5,ffc8842e859600efdcfb5e7351dd7d65f5b8e01946fdaaff393bcee0e420ee52,d30d3f6911828e12c3f72979c812d89c13a37a837abdd260959439967c19f564,Uploaded in this connection; reused only within this case,"{'a': '5e930755590980929a8cc2f36db5f14413a7e03d7f23cd41626fad5d4523c52c', 'bt': '0b3ae2c26225d3b659b1703ee8b2b9149590cae93a9bc952070868fcdbc9bcb8', 'c': '902f8922896d498fed3a9fb854a066642ec38575876c9855a519d529bbaa535c'}",PASS,0.04031449998728931,0.1920475999941118,0.544080900028348,479,32,16,10,60,236,0,10,8,32,2638998349,100000000,15,1216,1156,0.17605660000117496,0.03181110002333298,0.952499600010924,4.79e-06,0.05636743215031315,0.004403705636743215
1,PASS,True,119,1,0,21014053,31,33,17,"{'m': 31, 'n': 33, 'k': 17, 'a_base': 64, 'bt_base': 2176, 'c_base': 4416, 'a_stride': 64, 'bt_stride': 64, 'c_stride': 192, 'mode': 1, 'watchdog': 10000000}",2026-10-04T16:46:27.408169+00:00,2026-10-04T16:46:29.420269+00:00,dcd8efc24de40afd1ade6cfb203b24ca47dc901a1418fb6e932454e5484567c1,83324df83b088db635ba4ce31a11a1a4127d801e334309bd90ae9b43fae98763,242511ddb839f4d80f3f73ab037b7a2ad5110d2adf671c2db0fc5bd4ad7fed91,23f19d46b7fce2d203a14f396b249e70dd50af4410e6268df25c4e3fd8cb65da,Uploaded in this connection; reused only within this case,"{'a': '10b4aca31d6163b0eed561f5ffa94f63ea996dc1a31e7b52c6e0535a294509d7', 'bt': 'a45735961d52b2f4c49bbd0781580d1a0b16671f3e54d27dc83a16ffcf34f8b4', 'c': 'bd73c6308287f37877cba8140a7b3b506738988b3024b7d9bc1ea6ef26cff3dc'}",PASS,0.4271338999969885,0.1919670000206679,0.5441946999635547,6474,800,285,527,4092,1231,0,124,8,32,2638998349,100000000,1023,10432,6340,0.8156407999922521,0.032114700006786734,1.9789363999734633,6.474e-05,0.53725671918443,0.0419731811862836
1,PASS,True,120,0,0,21014053,31,33,17,"{'m': 31, 'n': 33, 'k': 17, 'a_base': 64, 'bt_base': 2176, 'c_base': 4416, 'a_stride': 64, 'bt_stride': 64, 'c_stride': 192, 'mode': 0, 'watchdog': 10000000}",2026-10-04T16:46:29.448540+00:00,2026-10-04T16:46:31.452139+00:00,dcd8efc24de40afd1ade6cfb203b24ca47dc901a1418fb6e932454e5484567c1,83324df83b088db635ba4ce31a11a1a4127d801e334309bd90ae9b43fae98763,242511ddb839f4d80f3f73ab037b7a2ad5110d2adf671c2db0fc5bd4ad7fed91,23f19d46b7fce2d203a14f396b249e70dd50af4410e6268df25c4e3fd8cb65da,Uploaded in this connection; reused only within this case,"{'a': '10b4aca31d6163b0eed561f5ffa94f63ea996dc1a31e7b52c6e0535a294509d7', 'bt': 'a45735961d52b2f4c49bbd0781580d1a0b16671f3e54d27dc83a16ffcf34f8b4', 'c': 'bd73c6308287f37877cba8140a7b3b506738988b3024b7d9bc1ea6ef26cff3dc'}",PASS,0.41854839998995885,0.19189660000847653,0.5437702999915928,7369,800,285,527,4092,1922,0,124,8,32,2638998349,100000000,1023,10432,6340,0.8160133000346832,0.03209489997243509,1.9702286000247113,7.369e-05,0.4720043425159452,0.03687533925905822
1,PASS,True,121,0,0,21024026,33,35,256,"{'m': 33, 'n': 35, 'k': 256, 'a_base': 64, 'bt_base': 8640, 'c_base': 17728, 'a_stride': 256, 'bt_stride': 256, 'c_stride': 192, 'mode': 0, 'watchdog': 10000000}",2026-10-04T16:46:32.782169+00:00,2026-10-04T16:46:35.787898+00:00,1bd5a7c20ae2d50a2dd8522e63e9cb9b315cc1c8a80923df9047c1ff294879bc,c81ffaecee055be1cc8be6ba1e58921f260d3392e2a5dd74ef08f8ffc1330e35,53d3cb781873f67204aa0ff6334a61b4a9aa3471856087483287dee4bf0c8bbe,be516fa78a013c3d901f9b47a02dd9a8e18038b505e120ddf0f84aa8cc2cbf92,Uploaded in this connection; reused only within this case,"{'a': '86f798dfae91ee340439a1dc0f93771e707789f61aeff828fa2055d918c6cfc7', 'bt': '24aec5cbe97d5d9288d8cd97d10e22419b79747010b4400c6a2f94235423f989', 'c': '24a9c98619a20b89bbd4710660aba8c6e84338a026f3337795c9b3f88eac2f71'}",PASS,0.4608264999696985,0.19207360001746565,0.5438855999964289,19802,6975,4352,594,4620,7685,0,134,8,32,2638998349,100000000,1155,24128,19508,1.7758545000106096,0.03202230000169948,2.9726401999942027,0.00019802,2.986365013634986,0.23330976669023332
1,PASS,True,122,1,0,21024026,33,35,256,"{'m': 33, 'n': 35, 'k': 256, 'a_base': 64, 'bt_base': 8640, 'c_base': 17728, 'a_stride': 256, 'bt_stride': 256, 'c_stride': 192, 'mode': 1, 'watchdog': 10000000}",2026-10-04T16:46:35.810842+00:00,2026-10-04T16:46:38.812293+00:00,1bd5a7c20ae2d50a2dd8522e63e9cb9b315cc1c8a80923df9047c1ff294879bc,c81ffaecee055be1cc8be6ba1e58921f260d3392e2a5dd74ef08f8ffc1330e35,53d3cb781873f67204aa0ff6334a61b4a9aa3471856087483287dee4bf0c8bbe,be516fa78a013c3d901f9b47a02dd9a8e18038b505e120ddf0f84aa8cc2cbf92,Uploaded in this connection; reused only within this case,"{'a': '86f798dfae91ee340439a1dc0f93771e707789f61aeff828fa2055d918c6cfc7', 'bt': '24aec5cbe97d5d9288d8cd97d10e22419b79747010b4400c6a2f94235423f989', 'c': '24a9c98619a20b89bbd4710660aba8c6e84338a026f3337795c9b3f88eac2f71'}",PASS,0.45519089995650575,0.19192320003639907,0.544018300017342,13313,6975,4352,594,4620,3490,0,134,8,32,2638998349,100000000,1155,24128,19508,1.7762366999522783,0.03213579999282956,2.967369099962525,0.00013313,4.441974010365808,0.34702921955982874
1,PASS,True,123,1,0,21033999,65,63,255,"{'m': 65, 'n': 63, 'k': 255, 'a_base': 64, 'bt_base': 16832, 'c_base': 33088, 'a_stride': 256, 'bt_stride': 256, 'c_stride': 256, 'mode': 1, 'watchdog': 10000000}",2026-10-04T16:46:41.247206+00:00,2026-10-04T16:46:46.779546+00:00,4e0d96faab29ceadf29e300ff4f0e5deca10118afb2cf3e3c631c669b4d97565,5ebf60c3eccdd6b0af060682a68d63274cc7ac90787fd13ec56296c75d34f260,f0e48ed69a77d2524e8224285e01c9c63c783be8e528f6662d37652d301b66c4,b0393e2fe29b2a2fc75c1a3ed29980ea6df45b3e82fc6bed15392c8552809375,Uploaded in this connection; reused only within this case,"{'a': 'fa246ea03f9598b4efec17615ad8be292a3df09c53ed63d7f558ee1bf44912b4', 'bt': 'b832476379f0388e154f8ef94d4c7de1dba0a789f903a2d1668a841f09213460', 'c': '9f51a4ad909c81dff6162740c0f294ef6ccc4ea176ab830d48cdc02d98d451c2'}",PASS,1.1783427000045776,0.19203400000697002,0.5440202000318095,26449,20016,10208,2080,16380,3498,0,268,8,32,2638998349,100000000,4095,49792,33412,3.5842103000031784,0.03161259996704757,5.498607200046536,0.00026449,7.896139740632917,0.6168859172369465
1,PASS,True,124,0,0,21033999,65,63,255,"{'m': 65, 'n': 63, 'k': 255, 'a_base': 64, 'bt_base': 16832, 'c_base': 33088, 'a_stride': 256, 'bt_stride': 256, 'c_stride': 256, 'mode': 0, 'watchdog': 10000000}",2026-10-04T16:46:46.801731+00:00,2026-10-04T16:46:52.331460+00:00,4e0d96faab29ceadf29e300ff4f0e5deca10118afb2cf3e3c631c669b4d97565,5ebf60c3eccdd6b0af060682a68d63274cc7ac90787fd13ec56296c75d34f260,f0e48ed69a77d2524e8224285e01c9c63c783be8e528f6662d37652d301b66c4,b0393e2fe29b2a2fc75c1a3ed29980ea6df45b3e82fc6bed15392c8552809375,Uploaded in this connection; reused only within this case,"{'a': 'fa246ea03f9598b4efec17615ad8be292a3df09c53ed63d7f558ee1bf44912b4', 'bt': 'b832476379f0388e154f8ef94d4c7de1dba0a789f903a2d1668a841f09213460', 'c': '9f51a4ad909c81dff6162740c0f294ef6ccc4ea176ab830d48cdc02d98d451c2'}",PASS,1.176678699965123,0.1922480000066571,0.5435933999833651,52346,20016,10208,2080,16380,17499,0,268,8,32,2638998349,100000000,4095,49792,33412,3.5841125000151806,0.031853799999225885,5.496632599970326,0.00052346,3.989703129178925,0.3116955569671035
1,PASS,True,125,0,0,21043972,1,64,256,"{'m': 1, 'n': 64, 'k': 256, 'a_base': 64, 'bt_base': 448, 'c_base': 16960, 'a_stride': 256, 'bt_stride': 256, 'c_stride': 256, 'mode': 0, 'watchdog': 10000000}",2026-10-04T16:46:53.615390+00:00,2026-10-04T16:46:55.739243+00:00,3581435a69731a7592746bd854c1732c4271409ea719f3dcb0c3ffeb1d946ab0,95b88071ff3d4bd504e2c04d46a32f9ab1ab4ce4b55884ea0b226c45be98c5c1,5c02cf8f976477c4038a969db996057f2688086e220f3a7b5662932846c34ddb,daa72eb706f0c3da8588c2fd684d35c359d8b6b49855044f839cdf7062be42ae,Uploaded in this connection; reused only within this case,"{'a': '05582fb82f9b1d8a1b3e47cdc591844c53d0ec2b68845ce8856aa5554e89c07f', 'bt': 'd727167feb627e40d0778ab30a9af4c7139edcb48bae618db2b25c1725378366', 'c': 'dee6b4a83dc847a75bb7562c7c6447c795cd1f93b6d80f0d310f1a7be01a7d83'}",PASS,0.042684299987740815,0.19196290004765615,0.5440555999521166,6260,2232,2112,32,256,3754,0,4,8,32,2638998349,100000000,64,17280,17024,1.3121822000248358,0.031794600014109164,2.0908850000123493,6.26e-05,0.5234504792332269,0.04089456869009585
1,PASS,True,126,1,0,21043972,1,64,256,"{'m': 1, 'n': 64, 'k': 256, 'a_base': 64, 'bt_base': 448, 'c_base': 16960, 'a_stride': 256, 'bt_stride': 256, 'c_stride': 256, 'mode': 1, 'watchdog': 10000000}",2026-10-04T16:46:55.763087+00:00,2026-10-04T16:46:57.883055+00:00,3581435a69731a7592746bd854c1732c4271409ea719f3dcb0c3ffeb1d946ab0,95b88071ff3d4bd504e2c04d46a32f9ab1ab4ce4b55884ea0b226c45be98c5c1,5c02cf8f976477c4038a969db996057f2688086e220f3a7b5662932846c34ddb,daa72eb706f0c3da8588c2fd684d35c359d8b6b49855044f839cdf7062be42ae,Uploaded in this connection; reused only within this case,"{'a': '05582fb82f9b1d8a1b3e47cdc591844c53d0ec2b68845ce8856aa5554e89c07f', 'bt': 'd727167feb627e40d0778ab30a9af4c7139edcb48bae618db2b25c1725378366', 'c': 'dee6b4a83dc847a75bb7562c7c6447c795cd1f93b6d80f0d310f1a7be01a7d83'}",PASS,0.03909800003748387,0.19208739994792268,0.5441943000187166,5032,2232,2112,32,256,2649,0,4,8,32,2638998349,100000000,64,17280,17024,1.3118744000094011,0.03173559997230768,2.0872541000135243,5.032e-05,0.6511923688394277,0.05087440381558029
1,PASS,True,127,1,0,21053945,64,1,256,"{'m': 64, 'n': 1, 'k': 256, 'a_base': 64, 'bt_base': 16576, 'c_base': 16960, 'a_stride': 256, 'bt_stride': 256, 'c_stride': 64, 'mode': 1, 'watchdog': 10000000}",2026-10-04T16:46:59.166775+00:00,2026-10-04T16:47:01.803226+00:00,c6a67f8a7723bdc6d960f6518f742cc8b6c95d294068b9fe87599d88327437b8,17919b16c2d1ea7f64ebecc5eb1b8c039f92a1f1e9abf844ac0bbfe5304c3bb7,dd54655c97c2f00653a49b5dd8e0c3915387fc360897abc070052c56ac01a399,2a92655f5afa7bfc56752a92707d25b65a69ac554a6acae909c95e4a3f7945d5,Uploaded in this connection; reused only within this case,"{'a': 'fe3106fc78f05ba884358bd8403a0e862cea80058d389498532786dc4766b5d3', 'bt': '65e78d2a943d235db1a75e9d68faafd4bc7511ab31b8c5ac1891e95b45fe63b2', 'c': 'b50f35a8b69857294fcd895ab8423d51451cfcf4d409240fa8c3efd11a72909c'}",PASS,0.29940960003295913,0.19218649994581938,0.5436700000427663,6012,2232,2112,64,256,2587,0,128,8,32,2638998349,100000000,64,21120,20864,1.5681175999925472,0.03205629996955395,2.603383700014092,6.012e-05,0.545043246839654,0.04258150365934797
1,PASS,True,128,0,0,21053945,64,1,256,"{'m': 64, 'n': 1, 'k': 256, 'a_base': 64, 'bt_base': 16576, 'c_base': 16960, 'a_stride': 256, 'bt_stride': 256, 'c_stride': 64, 'mode': 0, 'watchdog': 10000000}",2026-10-04T16:47:01.825902+00:00,2026-10-04T16:47:04.458831+00:00,c6a67f8a7723bdc6d960f6518f742cc8b6c95d294068b9fe87599d88327437b8,17919b16c2d1ea7f64ebecc5eb1b8c039f92a1f1e9abf844ac0bbfe5304c3bb7,dd54655c97c2f00653a49b5dd8e0c3915387fc360897abc070052c56ac01a399,2a92655f5afa7bfc56752a92707d25b65a69ac554a6acae909c95e4a3f7945d5,Uploaded in this connection; reused only within this case,"{'a': 'fe3106fc78f05ba884358bd8403a0e862cea80058d389498532786dc4766b5d3', 'bt': '65e78d2a943d235db1a75e9d68faafd4bc7511ab31b8c5ac1891e95b45fe63b2', 'c': 'b50f35a8b69857294fcd895ab8423d51451cfcf4d409240fa8c3efd11a72909c'}",PASS,0.2955437999917194,0.19184849999146536,0.5438277000212111,8321,2232,2112,64,256,3738,0,128,8,32,2638998349,100000000,64,21120,20864,1.5681087999837473,0.03181130002485588,2.599328799988143,8.321e-05,0.39379882225694024,0.03076553298882346
1,PASS,True,129,0,0,21063918,32,32,256,"{'m': 32, 'n': 32, 'k': 256, 'a_base': 64, 'bt_base': 8384, 'c_base': 16704, 'a_stride': 256, 'bt_stride': 256, 'c_stride': 128, 'mode': 0, 'watchdog': 10000000}",2026-10-04T16:47:05.710116+00:00,2026-10-04T16:47:08.330685+00:00,6aafcaa367b769fd07ffcded1b88ccbfa1ae36e4097a6650bda0e989a22138e6,1ca2c1dc2c953e645b7b2d94c3715971f2f467b0d2f5a63a21cf1e7ec95eae19,fd52933018d23e466bd3492e3da101439bc089393cc91f922a3d3fb4580f7525,928e867f9d21264392124e8b8735450135b5ddd9d29ee77b90f36bbece257cd3,Uploaded in this connection; reused only within this case,"{'a': 'f3a0dc7333e7686c670c705d42666e098e881f3479f2389e8538e585f4204dec', 'bt': '96228e0eacfe0aae18c7e2c55832ac2d13b4105caaea7a8a0b7a9a4ae6efe7ac', 'c': '4c79bb65323e051caa2ea5d80611ee15a84c8834f9413ae8223a3e5ceb319a2a'}",PASS,0.2996244999812916,0.19239320000633597,0.5436110000009649,11546,4464,2048,512,4096,3449,0,66,8,32,2638998349,100000000,1024,20864,16768,1.5524444000329822,0.031443199957720935,2.5880731000215746,0.00011546,4.540862636410878,0.3547548934695999
1,PASS,True,130,1,0,21063918,32,32,256,"{'m': 32, 'n': 32, 'k': 256, 'a_base': 64, 'bt_base': 8384, 'c_base': 16704, 'a_stride': 256, 'bt_stride': 256, 'c_stride': 128, 'mode': 1, 'watchdog': 10000000}",2026-10-04T16:47:08.353150+00:00,2026-10-04T16:47:10.970660+00:00,6aafcaa367b769fd07ffcded1b88ccbfa1ae36e4097a6650bda0e989a22138e6,1ca2c1dc2c953e645b7b2d94c3715971f2f467b0d2f5a63a21cf1e7ec95eae19,fd52933018d23e466bd3492e3da101439bc089393cc91f922a3d3fb4580f7525,928e867f9d21264392124e8b8735450135b5ddd9d29ee77b90f36bbece257cd3,Uploaded in this connection; reused only within this case,"{'a': 'f3a0dc7333e7686c670c705d42666e098e881f3479f2389e8538e585f4204dec', 'bt': '96228e0eacfe0aae18c7e2c55832ac2d13b4105caaea7a8a0b7a9a4ae6efe7ac', 'c': '4c79bb65323e051caa2ea5d80611ee15a84c8834f9413ae8223a3e5ceb319a2a'}",PASS,0.2964479000074789,0.1918733000056818,0.5439863000065088,11553,4464,2048,512,4096,3454,0,66,8,32,2638998349,100000000,1024,20864,16768,1.5520554999820888,0.03188160003628582,2.5843630000017583,0.00011553,4.538111313078853,0.3545399463342855
1,PASS,True,131,0,0,21098836,1,1,1,"{'m': 1, 'n': 1, 'k': 1, 'a_base': 64, 'bt_base': 256, 'c_base': 448, 'a_stride': 64, 'bt_stride': 64, 'c_stride': 64, 'mode': 0, 'watchdog': 10000000}",2026-10-04T16:47:11.084506+00:00,2026-10-04T16:47:12.010856+00:00,d3bb0d59e354ea843e790801303a46e880219996c6850ddd4c85a83e08c41d92,1f18d650d205d71d934c3646ff5fac1c096ba52eba4cf758b865364f4167d3cd,e0754357a4477686d47490bd6e1e653942fc58179000d8c7a8d706a58af288cc,79b9dc722e51a6997fffaf726be92e318eca218a8bbd31ed6f7ebd4dfe9392a4,Uploaded in this connection; reused only within this case,"{'a': 'dc99cda15cdd69aeb0a0136bf654b1033055e2c30edcd6307d8b116a497ee000', 'bt': '09c9bb4eb12337d0b6c7757f03f6bc5828dddf5e785e0c86e845eb73fd6443e4', 'c': '16876dca6fd882653cc7d15e79a18dc87bb03d383d5c03e1fda8c07db8262bc1'}",PASS,0.029050500015728176,0.19203079998260364,0.5439141999813728,218,24,2,1,4,149,0,2,8,32,2638998349,100000000,1,576,572,0.1280655000009574,0.032085100014228374,0.893060999980662,2.18e-06,0.0009174311926605505,7.167431192660551e-05
1,PASS,True,132,1,0,21098836,1,1,1,"{'m': 1, 'n': 1, 'k': 1, 'a_base': 64, 'bt_base': 256, 'c_base': 448, 'a_stride': 64, 'bt_stride': 64, 'c_stride': 64, 'mode': 1, 'watchdog': 10000000}",2026-10-04T16:47:12.038221+00:00,2026-10-04T16:47:12.954724+00:00,d3bb0d59e354ea843e790801303a46e880219996c6850ddd4c85a83e08c41d92,1f18d650d205d71d934c3646ff5fac1c096ba52eba4cf758b865364f4167d3cd,e0754357a4477686d47490bd6e1e653942fc58179000d8c7a8d706a58af288cc,79b9dc722e51a6997fffaf726be92e318eca218a8bbd31ed6f7ebd4dfe9392a4,Uploaded in this connection; reused only within this case,"{'a': 'dc99cda15cdd69aeb0a0136bf654b1033055e2c30edcd6307d8b116a497ee000', 'bt': '09c9bb4eb12337d0b6c7757f03f6bc5828dddf5e785e0c86e845eb73fd6443e4', 'c': '16876dca6fd882653cc7d15e79a18dc87bb03d383d5c03e1fda8c07db8262bc1'}",PASS,0.01933179999468848,0.19174360000761226,0.5441228999989107,219,24,2,1,4,150,0,2,8,32,2638998349,100000000,1,576,572,0.1283619999885559,0.03169329999946058,0.8835602999897674,2.19e-06,0.0009132420091324201,7.134703196347032e-05
1,PASS,True,133,1,0,21108809,5,3,9,"{'m': 5, 'n': 3, 'k': 9, 'a_base': 64, 'bt_base': 512, 'c_base': 832, 'a_stride': 64, 'bt_stride': 64, 'c_stride': 64, 'mode': 1, 'watchdog': 10000000}",2026-10-04T16:47:13.101330+00:00,2026-10-04T16:47:14.090735+00:00,2994d04ddb01c0e1f0e2de703f0362dc62e4eb3973691663e246cc63fe4edebe,ddc3237c68e1cdf2d4ae007fe2e9eaab72e29843655c95cfed107a46ff3b7fb1,562dbfb9c10d02f97b2973247586d6ce740b0305b823b4172db18f3b879834d0,b938ca2340011db9d90f533806e83c5a9f6b72ae7dc815cff1be80794e71f1d8,Uploaded in this connection; reused only within this case,"{'a': '109ce89d1c33c97cac8d13e375e6d59c639f91dcf0924b0e461dfbb9874aafb6', 'bt': 'b755677ace777ee76f5ca50b5ea41a2226f35d8a852aeba7273029860c0af0db', 'c': 'a35275dcf56db9db355f0481937027b23b323896d376ec643c53974c8d273122'}",PASS,0.04438279999885708,0.19219359999988228,0.5435488999937661,481,32,16,10,60,236,0,10,8,32,2638998349,100000000,15,1216,1156,0.17638840002473444,0.031766099971719086,0.9565137000172399,4.81e-06,0.056133056133056136,0.004385395010395011
1,PASS,True,134,0,0,21108809,5,3,9,"{'m': 5, 'n': 3, 'k': 9, 'a_base': 64, 'bt_base': 512, 'c_base': 832, 'a_stride': 64, 'bt_stride': 64, 'c_stride': 64, 'mode': 0, 'watchdog': 10000000}",2026-10-04T16:47:14.119304+00:00,2026-10-04T16:47:15.098444+00:00,2994d04ddb01c0e1f0e2de703f0362dc62e4eb3973691663e246cc63fe4edebe,ddc3237c68e1cdf2d4ae007fe2e9eaab72e29843655c95cfed107a46ff3b7fb1,562dbfb9c10d02f97b2973247586d6ce740b0305b823b4172db18f3b879834d0,b938ca2340011db9d90f533806e83c5a9f6b72ae7dc815cff1be80794e71f1d8,Uploaded in this connection; reused only within this case,"{'a': '109ce89d1c33c97cac8d13e375e6d59c639f91dcf0924b0e461dfbb9874aafb6', 'bt': 'b755677ace777ee76f5ca50b5ea41a2226f35d8a852aeba7273029860c0af0db', 'c': 'a35275dcf56db9db355f0481937027b23b323896d376ec643c53974c8d273122'}",PASS,0.03367689996957779,0.19177790003595874,0.5442376999999397,478,32,16,10,60,235,0,10,8,32,2638998349,100000000,15,1216,1156,0.17592309997417033,0.03171349997865036,0.9456155999796465,4.78e-06,0.056485355648535567,0.004412918410041841
1,PASS,True,135,0,0,21118782,31,33,17,"{'m': 31, 'n': 33, 'k': 17, 'a_base': 64, 'bt_base': 2176, 'c_base': 4416, 'a_stride': 64, 'bt_stride': 64, 'c_stride': 192, 'mode': 0, 'watchdog': 10000000}",2026-10-04T16:47:15.484452+00:00,2026-10-04T16:47:17.498509+00:00,f96934cf621746cb2fd0a371315bd37171b15bda9d41a30e0324d05ae82e55d6,3aa581592b3a3656392f3e2665cf8d9e46562448fa82c6c41b73478a052f2de7,c19cb2c9a2518d49397aa0e9f09c1166a3fc34ff2347baf069ead0eae1ecfd1e,5d22e229a60260be75f4b36343dd8d97b6af4906c809deb86031f1450446bcff,Uploaded in this connection; reused only within this case,"{'a': '69f1aea9ae9a55eb09e6e0d1d9b5e5f57e9d666633197a9c5ca565a0568f673a', 'bt': '6c380d6b9844f27d5f019877c94332c46d699eb157bf82fc7c438be8ce40df89', 'c': '93da3d451bf26694769bcfa3ea06f59000d74088587a9d9768aa24b1c4fac80e'}",PASS,0.42938410001806915,0.19173800002317876,0.5440424999687821,7402,800,285,527,4092,1941,0,124,8,32,2638998349,100000000,1023,10432,6340,0.8159018000005744,0.03210589999798685,1.9810664000106044,7.402e-05,0.4699000270197244,0.03671093961091597
1,PASS,True,136,1,0,21118782,31,33,17,"{'m': 31, 'n': 33, 'k': 17, 'a_base': 64, 'bt_base': 2176, 'c_base': 4416, 'a_stride': 64, 'bt_stride': 64, 'c_stride': 192, 'mode': 1, 'watchdog': 10000000}",2026-10-04T16:47:17.527040+00:00,2026-10-04T16:47:19.530320+00:00,f96934cf621746cb2fd0a371315bd37171b15bda9d41a30e0324d05ae82e55d6,3aa581592b3a3656392f3e2665cf8d9e46562448fa82c6c41b73478a052f2de7,c19cb2c9a2518d49397aa0e9f09c1166a3fc34ff2347baf069ead0eae1ecfd1e,5d22e229a60260be75f4b36343dd8d97b6af4906c809deb86031f1450446bcff,Uploaded in this connection; reused only within this case,"{'a': '69f1aea9ae9a55eb09e6e0d1d9b5e5f57e9d666633197a9c5ca565a0568f673a', 'bt': '6c380d6b9844f27d5f019877c94332c46d699eb157bf82fc7c438be8ce40df89', 'c': '93da3d451bf26694769bcfa3ea06f59000d74088587a9d9768aa24b1c4fac80e'}",PASS,0.41823790001217276,0.1920685000368394,0.5440314000006765,6482,800,285,527,4092,1231,0,124,8,32,2638998349,100000000,1023,10432,6340,0.81590339995455,0.031912900041788816,1.9702412000042386,6.482e-05,0.5365936439370564,0.041921378432582534
1,PASS,True,137,1,0,21128755,33,35,256,"{'m': 33, 'n': 35, 'k': 256, 'a_base': 64, 'bt_base': 8640, 'c_base': 17728, 'a_stride': 256, 'bt_stride': 256, 'c_stride': 192, 'mode': 1, 'watchdog': 10000000}",2026-10-04T16:47:20.878106+00:00,2026-10-04T16:47:23.882414+00:00,bba6c540f599606be3ecb7ca5f0308ffb1be20cb00e9d7de0af6efb3b7b73e30,cd88281807099aca2be1b60f946f25c1ce942311c8d654344152098a9cdadab0,2202155d84197989e56471b3622d701cb96f2d9393c6ad101fcc54d16fe12fae,a7c165abb60c3a57b4905cdb17eb7e5e695ab414e81c49e9e98ae21706d75b53,Uploaded in this connection; reused only within this case,"{'a': '02ea29e4bda61b0510f6ce7eb86e2feec8170b5ecdf8403fec2d77d5a3b18349', 'bt': '372d2e2b725b1eb83dad78f3e3acd91e9bbfa87608532f7ac24ea1e218d94032', 'c': '0707a76cc338def2558f5c2f5d493a043749e9b265ee09a9edffecab7e67cefa'}",PASS,0.45761749998200685,0.192241600016132,0.5436787999933586,13246,6975,4352,594,4620,3439,0,134,8,32,2638998349,100000000,1155,24128,19508,1.7759961999836378,0.03208450000965968,2.969534099975135,0.00013246,4.464442095727012,0.3487845387286728
1,PASS,True,138,0,0,21128755,33,35,256,"{'m': 33, 'n': 35, 'k': 256, 'a_base': 64, 'bt_base': 8640, 'c_base': 17728, 'a_stride': 256, 'bt_stride': 256, 'c_stride': 192, 'mode': 0, 'watchdog': 10000000}",2026-10-04T16:47:23.913114+00:00,2026-10-04T16:47:26.922124+00:00,bba6c540f599606be3ecb7ca5f0308ffb1be20cb00e9d7de0af6efb3b7b73e30,cd88281807099aca2be1b60f946f25c1ce942311c8d654344152098a9cdadab0,2202155d84197989e56471b3622d701cb96f2d9393c6ad101fcc54d16fe12fae,a7c165abb60c3a57b4905cdb17eb7e5e695ab414e81c49e9e98ae21706d75b53,Uploaded in this connection; reused only within this case,"{'a': '02ea29e4bda61b0510f6ce7eb86e2feec8170b5ecdf8403fec2d77d5a3b18349', 'bt': '372d2e2b725b1eb83dad78f3e3acd91e9bbfa87608532f7ac24ea1e218d94032', 'c': '0707a76cc338def2558f5c2f5d493a043749e9b265ee09a9edffecab7e67cefa'}",PASS,0.46265519998269156,0.1920185000053607,0.5440121999708936,19782,6975,4352,594,4620,7659,0,134,8,32,2638998349,100000000,1155,24128,19508,1.7762389000272378,0.03172839997569099,2.9749247999861836,0.00019782,2.989384288747346,0.23354564755838642
1,PASS,True,139,0,0,21138728,65,63,255,"{'m': 65, 'n': 63, 'k': 255, 'a_base': 64, 'bt_base': 16832, 'c_base': 33088, 'a_stride': 256, 'bt_stride': 256, 'c_stride': 256, 'mode': 0, 'watchdog': 10000000}",2026-10-04T16:47:29.357792+00:00,2026-10-04T16:47:34.889789+00:00,7f1ce489e58e3bd800eba9d473228bff60b9277f6b2e309c2efcf4cad79f8b3d,d28a9d1ac922886de29db2a3094574bac079ca4ff5b9b2e0391e7beeefb7813a,0c78d171f3cb9aab3466dcb4171cfcf05583dc4e7c4c6ddd6a5ff9319b6ab192,11f0000ec5ad81d290931cb4c22b403612cd2295485ee18c1b8e1187f0f84f5b,Uploaded in this connection; reused only within this case,"{'a': 'ec8e82b2968167274549d61fbccaba2a49ad23cdc7c635f14aba2ec443374379', 'bt': '064a749885ac05093965fb364b152b8822e9bd265cf411dacbd7e3329a00a9ed', 'c': 'd5e4c4aa6f95ef32a5a9113a847321039c9a54cb5be9f1cfb5386be5ecb31a58'}",PASS,1.1781380999600515,0.19203430000925437,0.5437250999966636,52375,20016,10208,2080,16380,17493,0,268,8,32,2638998349,100000000,4095,49792,33412,3.5839355000061914,0.031936899991706014,5.497832999972161,0.00052375,3.987494033412888,0.3115229713603819
1,PASS,True,140,1,0,21138728,65,63,255,"{'m': 65, 'n': 63, 'k': 255, 'a_base': 64, 'bt_base': 16832, 'c_base': 33088, 'a_stride': 256, 'bt_stride': 256, 'c_stride': 256, 'mode': 1, 'watchdog': 10000000}",2026-10-04T16:47:34.917383+00:00,2026-10-04T16:47:40.441676+00:00,7f1ce489e58e3bd800eba9d473228bff60b9277f6b2e309c2efcf4cad79f8b3d,d28a9d1ac922886de29db2a3094574bac079ca4ff5b9b2e0391e7beeefb7813a,0c78d171f3cb9aab3466dcb4171cfcf05583dc4e7c4c6ddd6a5ff9319b6ab192,11f0000ec5ad81d290931cb4c22b403612cd2295485ee18c1b8e1187f0f84f5b,Uploaded in this connection; reused only within this case,"{'a': 'ec8e82b2968167274549d61fbccaba2a49ad23cdc7c635f14aba2ec443374379', 'bt': '064a749885ac05093965fb364b152b8822e9bd265cf411dacbd7e3329a00a9ed', 'c': 'd5e4c4aa6f95ef32a5a9113a847321039c9a54cb5be9f1cfb5386be5ecb31a58'}",PASS,1.1715265000239015,0.19180249999044463,0.543835099961143,26428,20016,10208,2080,16380,3486,0,268,8,32,2638998349,100000000,4095,49792,33412,3.5841264000046067,0.03182070003822446,5.491290499980096,0.00026428,7.902414106250946,0.6173761020508551
1,PASS,True,141,1,0,21148701,1,64,256,"{'m': 1, 'n': 64, 'k': 256, 'a_base': 64, 'bt_base': 448, 'c_base': 16960, 'a_stride': 256, 'bt_stride': 256, 'c_stride': 256, 'mode': 1, 'watchdog': 10000000}",2026-10-04T16:47:41.741414+00:00,2026-10-04T16:47:43.865552+00:00,cd99dd390880dfc72a7a023dfa2790a24c9b0e3330a1ace55c3935aeac2ddc6c,ea87613b388bdf3b07777d57a4a5ddcf71a904482072477da5fe0c47479d6f58,8347e1ae7c1d47db5b33755ce18d9dd13603f2aecccfe726e208fc5301d7e8f8,25419da98cc6bd5f0108ef993fdf4321abbb0efae4a49d9420a2c9c13f35578d,Uploaded in this connection; reused only within this case,"{'a': 'ec52482e94d7c587d07ee1f79c66be7c7f6534e17c4cd4f1b5344713eabe7ce0', 'bt': '3e568a6a0427780ca6d6a444fb616bbbfda908716f77aca4ae163c02a5faaf7b', 'c': '3123181544a48a3d39dc0c4105b7b6e612a175b98b3430e9d9a438dc8a4d79f6'}",PASS,0.042300700035411865,0.19205969996983185,0.5439958000206389,4988,2232,2112,32,256,2600,0,4,8,32,2638998349,100000000,64,17280,17024,1.311844099953305,0.03192880004644394,2.0902002999791875,4.988e-05,0.6569366479550922,0.05132317562149158
1,PASS,True,142,0,0,21148701,1,64,256,"{'m': 1, 'n': 64, 'k': 256, 'a_base': 64, 'bt_base': 448, 'c_base': 16960, 'a_stride': 256, 'bt_stride': 256, 'c_stride': 256, 'mode': 0, 'watchdog': 10000000}",2026-10-04T16:47:43.894057+00:00,2026-10-04T16:47:46.009465+00:00,cd99dd390880dfc72a7a023dfa2790a24c9b0e3330a1ace55c3935aeac2ddc6c,ea87613b388bdf3b07777d57a4a5ddcf71a904482072477da5fe0c47479d6f58,8347e1ae7c1d47db5b33755ce18d9dd13603f2aecccfe726e208fc5301d7e8f8,25419da98cc6bd5f0108ef993fdf4321abbb0efae4a49d9420a2c9c13f35578d,Uploaded in this connection; reused only within this case,"{'a': 'ec52482e94d7c587d07ee1f79c66be7c7f6534e17c4cd4f1b5344713eabe7ce0', 'bt': '3e568a6a0427780ca6d6a444fb616bbbfda908716f77aca4ae163c02a5faaf7b', 'c': '3123181544a48a3d39dc0c4105b7b6e612a175b98b3430e9d9a438dc8a4d79f6'}",PASS,0.03362790000392124,0.19212860002880916,0.5437702999915928,6256,2232,2112,32,256,3752,0,4,8,32,2638998349,100000000,64,17280,17024,1.311745000013616,0.03201169997919351,2.081271800037939,6.256e-05,0.5237851662404092,0.04092071611253197
1,PASS,True,143,0,0,21158674,64,1,256,"{'m': 64, 'n': 1, 'k': 256, 'a_base': 64, 'bt_base': 16576, 'c_base': 16960, 'a_stride': 256, 'bt_stride': 256, 'c_stride': 64, 'mode': 0, 'watchdog': 10000000}",2026-10-04T16:47:47.276799+00:00,2026-10-04T16:47:49.913580+00:00,785972b7d77924a86033422f270cfd638443e44dc7bda96a187da310b2bfa057,ccdc993438806cba0714dab34e9992402e8e3fa317fe3b80a306d0d8d4bd2cf8,390a5682bce5654923bb3e997e1c0118258beb6083f5e886bb761ffc7ef7ff9c,5d9bd0fb4ae19f4cf686d853a70bb8d9642d8d841fd45465cce20ac898a4aacd,Uploaded in this connection; reused only within this case,"{'a': '9b96ad6368462ed8907d0fd1dfa6b2b8a8be0f8a039f87ccde0fa118b05c9156', 'bt': '02064bed447fca83dd462a1ab0fdea705d6f87fb9ed53b48320e95412d2a8aa7', 'c': '1ec4881be34b379ef183fc45f9c257efecaf01b004e2cd09cf36b557688e6005'}",PASS,0.2996041000005789,0.19185790000483394,0.5441516999853775,8293,2232,2112,64,256,3710,0,128,8,32,2638998349,100000000,64,21120,20864,1.5689865999738686,0.031037700013257563,2.604600299964659,8.293e-05,0.3951284215603521,0.030869407934402508
1,PASS,True,144,1,0,21158674,64,1,256,"{'m': 64, 'n': 1, 'k': 256, 'a_base': 64, 'bt_base': 16576, 'c_base': 16960, 'a_stride': 256, 'bt_stride': 256, 'c_stride': 64, 'mode': 1, 'watchdog': 10000000}",2026-10-04T16:47:49.944246+00:00,2026-10-04T16:47:52.585601+00:00,785972b7d77924a86033422f270cfd638443e44dc7bda96a187da310b2bfa057,ccdc993438806cba0714dab34e9992402e8e3fa317fe3b80a306d0d8d4bd2cf8,390a5682bce5654923bb3e997e1c0118258beb6083f5e886bb761ffc7ef7ff9c,5d9bd0fb4ae19f4cf686d853a70bb8d9642d8d841fd45465cce20ac898a4aacd,Uploaded in this connection; reused only within this case,"{'a': '9b96ad6368462ed8907d0fd1dfa6b2b8a8be0f8a039f87ccde0fa118b05c9156', 'bt': '02064bed447fca83dd462a1ab0fdea705d6f87fb9ed53b48320e95412d2a8aa7', 'c': '1ec4881be34b379ef183fc45f9c257efecaf01b004e2cd09cf36b557688e6005'}",PASS,0.30413709999993443,0.19192700000712648,0.5438687999849208,6027,2232,2112,64,256,2602,0,128,8,32,2638998349,100000000,64,21120,20864,1.5679563999874517,0.03228290000697598,2.6078892999794334,6.027e-05,0.5436867429898788,0.04247552679608429
1,PASS,True,145,1,0,21168647,32,32,256,"{'m': 32, 'n': 32, 'k': 256, 'a_base': 64, 'bt_base': 8384, 'c_base': 16704, 'a_stride': 256, 'bt_stride': 256, 'c_stride': 128, 'mode': 1, 'watchdog': 10000000}",2026-10-04T16:47:53.868452+00:00,2026-10-04T16:47:56.489025+00:00,f57ea5f88875dcc0d0c070f2a78ec9c9edba35e7bb2ab37c102dadeaa753bf20,49a26c4fcddf731e57c1fd181332eee8e3bf44e57adbac4e72c469c067d6ae42,a65e42f60b76f12c9f6496f8a0fa681b3c985307a9732be95fc28593c240d392,fbc639071f1d41433ebc11e0e5e9ada338f09f269ba937a8270bcf66d47ad8b6,Uploaded in this connection; reused only within this case,"{'a': 'dab8ef4546b6215c96373de5af5b69ba4a8f66bc1ea8cf3b5a87b88837502f9c', 'bt': 'd3b60686377712dcabeecfd51fab736622e283f0d1b7af146867949845665e2c', 'c': 'fc3ca156b427a22ecc52d4c03d8d7ab56814bb066348176e4868edf13ada4dfb'}",PASS,0.29912929999409243,0.19208700000308454,0.5438346000155434,11567,4464,2048,512,4096,3470,0,66,8,32,2638998349,100000000,1024,20864,16768,1.5520158999715932,0.031911400030367076,2.5870667999843135,0.00011567,4.532618656522867,0.35411083254084896
1,PASS,True,146,0,0,21168647,32,32,256,"{'m': 32, 'n': 32, 'k': 256, 'a_base': 64, 'bt_base': 8384, 'c_base': 16704, 'a_stride': 256, 'bt_stride': 256, 'c_stride': 128, 'mode': 0, 'watchdog': 10000000}",2026-10-04T16:47:56.516519+00:00,2026-10-04T16:47:59.129123+00:00,f57ea5f88875dcc0d0c070f2a78ec9c9edba35e7bb2ab37c102dadeaa753bf20,49a26c4fcddf731e57c1fd181332eee8e3bf44e57adbac4e72c469c067d6ae42,a65e42f60b76f12c9f6496f8a0fa681b3c985307a9732be95fc28593c240d392,fbc639071f1d41433ebc11e0e5e9ada338f09f269ba937a8270bcf66d47ad8b6,Uploaded in this connection; reused only within this case,"{'a': 'dab8ef4546b6215c96373de5af5b69ba4a8f66bc1ea8cf3b5a87b88837502f9c', 'bt': 'd3b60686377712dcabeecfd51fab736622e283f0d1b7af146867949845665e2c', 'c': 'fc3ca156b427a22ecc52d4c03d8d7ab56814bb066348176e4868edf13ada4dfb'}",PASS,0.2910365000134334,0.19204009999521077,0.5439206999726593,11581,4464,2048,512,4096,3478,0,66,8,32,2638998349,100000000,1024,20864,16768,1.5521609000279568,0.03181800001766533,2.5791582000092603,0.00011581,4.527139279854935,0.3536827562386668
1,PASS,True,147,1,0,21203565,1,1,1,"{'m': 1, 'n': 1, 'k': 1, 'a_base': 64, 'bt_base': 256, 'c_base': 448, 'a_stride': 64, 'bt_stride': 64, 'c_stride': 64, 'mode': 1, 'watchdog': 10000000}",2026-10-04T16:47:59.258969+00:00,2026-10-04T16:48:00.185031+00:00,3ebe1b59762a1c8020c1efe3747dd07f0e30617ed60b4e6a5bee16b6ea421dd0,aa7225e7d5b0a2552bbb58880b3ec00c286995b801a7aeb69281e76a8b4908de,66cde57d4789dc55d07f01cb1ede9db9258c18cb2efc111beb171f79f8c2b483,9c5adeed05d1b0d24fdd1c0a134de87e0675143abcc77742d1e17a315d92a392,Uploaded in this connection; reused only within this case,"{'a': 'ee50182a603e911c711a3dd62ee117fe8e4e525a8012d46d3ec1684871625a0e', 'bt': '711f672e0d9819de60045ac5faea5e296414d8575d0ef6ca498b06001525a1a5', 'c': '37a07deec8d16426b7d5f070b3a09cee2e081fdc3745a06ebfbf1e63d6d17f21'}",PASS,0.027709299989510328,0.19198299996787682,0.5442227000021376,218,24,2,1,4,149,0,2,8,32,2638998349,100000000,1,576,572,0.12782450002850965,0.031957399973180145,0.8917394999880344,2.18e-06,0.0009174311926605505,7.167431192660551e-05
1,PASS,True,148,0,0,21203565,1,1,1,"{'m': 1, 'n': 1, 'k': 1, 'a_base': 64, 'bt_base': 256, 'c_base': 448, 'a_stride': 64, 'bt_stride': 64, 'c_stride': 64, 'mode': 0, 'watchdog': 10000000}",2026-10-04T16:48:00.234879+00:00,2026-10-04T16:48:01.161078+00:00,3ebe1b59762a1c8020c1efe3747dd07f0e30617ed60b4e6a5bee16b6ea421dd0,aa7225e7d5b0a2552bbb58880b3ec00c286995b801a7aeb69281e76a8b4908de,66cde57d4789dc55d07f01cb1ede9db9258c18cb2efc111beb171f79f8c2b483,9c5adeed05d1b0d24fdd1c0a134de87e0675143abcc77742d1e17a315d92a392,Uploaded in this connection; reused only within this case,"{'a': 'ee50182a603e911c711a3dd62ee117fe8e4e525a8012d46d3ec1684871625a0e', 'bt': '711f672e0d9819de60045ac5faea5e296414d8575d0ef6ca498b06001525a1a5', 'c': '37a07deec8d16426b7d5f070b3a09cee2e081fdc3745a06ebfbf1e63d6d17f21'}",PASS,0.028280500031542033,0.1918571999995038,0.5440584999741986,218,24,2,1,4,149,0,2,8,32,2638998349,100000000,1,576,572,0.12785069999517873,0.032176600012462586,0.8920469000004232,2.18e-06,0.0009174311926605505,7.167431192660551e-05
1,PASS,True,149,0,0,21213538,5,3,9,"{'m': 5, 'n': 3, 'k': 9, 'a_base': 64, 'bt_base': 512, 'c_base': 832, 'a_stride': 64, 'bt_stride': 64, 'c_stride': 64, 'mode': 0, 'watchdog': 10000000}",2026-10-04T16:48:01.291657+00:00,2026-10-04T16:48:02.280820+00:00,6b7c9e536428cc87a4c28695380d719ec9af95268575e1869b66a4e8d79eb10c,4676e44e00f5419ea6033a13c795bc9b84af8936d9f6be30ee5b201c11dff227,e20b07e768af06169b035264a77cf0740966366b892403b743f6459e0374c5fa,00b98ebe6477b8a718d93f6b038004b6037ef8cf3b596c56ad78a37810539d95,Uploaded in this connection; reused only within this case,"{'a': '534a43f38b389317e29135ea6c5946ddc470f95fb5f3ec1434d8ce6f437dd3b9', 'bt': 'f0deca9ef5b381b9490adb4979d788d5029d5f0fc99f89f7aae6b1023174dd94', 'c': '46607ec06aa096493e92c7a877c18beb715f16493ac997d85206bdc1ed2f4597'}",PASS,0.04429409996373579,0.19228270003804937,0.5438323999987915,479,32,16,10,60,236,0,10,8,32,2638998349,100000000,15,1216,1156,0.1760894000180997,0.031661199987865984,0.9564986000186764,4.79e-06,0.05636743215031315,0.004403705636743215
1,PASS,True,150,1,0,21213538,5,3,9,"{'m': 5, 'n': 3, 'k': 9, 'a_base': 64, 'bt_base': 512, 'c_base': 832, 'a_stride': 64, 'bt_stride': 64, 'c_stride': 64, 'mode': 1, 'watchdog': 10000000}",2026-10-04T16:48:02.305016+00:00,2026-10-04T16:48:03.288753+00:00,6b7c9e536428cc87a4c28695380d719ec9af95268575e1869b66a4e8d79eb10c,4676e44e00f5419ea6033a13c795bc9b84af8936d9f6be30ee5b201c11dff227,e20b07e768af06169b035264a77cf0740966366b892403b743f6459e0374c5fa,00b98ebe6477b8a718d93f6b038004b6037ef8cf3b596c56ad78a37810539d95,Uploaded in this connection; reused only within this case,"{'a': '534a43f38b389317e29135ea6c5946ddc470f95fb5f3ec1434d8ce6f437dd3b9', 'bt': 'f0deca9ef5b381b9490adb4979d788d5029d5f0fc99f89f7aae6b1023174dd94', 'c': '46607ec06aa096493e92c7a877c18beb715f16493ac997d85206bdc1ed2f4597'}",PASS,0.03827180003281683,0.19178829999873415,0.5439751999801956,479,32,16,10,60,236,0,10,8,32,2638998349,100000000,15,1216,1156,0.17607320001116022,0.03183809999609366,0.9501085000229068,4.79e-06,0.05636743215031315,0.004403705636743215
1,PASS,True,151,1,0,21223511,31,33,17,"{'m': 31, 'n': 33, 'k': 17, 'a_base': 64, 'bt_base': 2176, 'c_base': 4416, 'a_stride': 64, 'bt_stride': 64, 'c_stride': 192, 'mode': 1, 'watchdog': 10000000}",2026-10-04T16:48:03.676029+00:00,2026-10-04T16:48:05.688906+00:00,86d3fdeeaa2f9383d91fa81127ad1292d8a2f17fc9b0f6f42c77b9bafbb47c94,df7f17ae10ef6fc90cca1c0c8bcde63820e0dd0c2b454e845f987da7c4182e7c,94e57285c43d13a3ce6d4f5ba5dddb0094c602e574f5f06961e29ec4521cb476,091bd9e3e104da48ffd4641fcd9b5edace4c048f936f1ba0d3dc5715a089831f,Uploaded in this connection; reused only within this case,"{'a': 'c5af6653dbed7858a881d5d4a0535b71a9610dacdb046d4e2383101dfd583422', 'bt': '8203037668c1989e0965300a0805822946df6976e07ec4741cd83b788d002e0f', 'c': '13009250bcad4e271a04bb788d8d036187ec6654d062dcdfc75809244c88e587'}",PASS,0.4267097999691032,0.19212110002990812,0.5440270999679342,6499,800,285,527,4092,1246,0,124,8,32,2638998349,100000000,1023,10432,6340,0.8160266000195406,0.031879100017249584,1.9788845999864861,6.499e-05,0.5351900292352669,0.04181172103400523
1,PASS,True,152,0,0,21223511,31,33,17,"{'m': 31, 'n': 33, 'k': 17, 'a_base': 64, 'bt_base': 2176, 'c_base': 4416, 'a_stride': 64, 'bt_stride': 64, 'c_stride': 192, 'mode': 0, 'watchdog': 10000000}",2026-10-04T16:48:05.722175+00:00,2026-10-04T16:48:07.736708+00:00,86d3fdeeaa2f9383d91fa81127ad1292d8a2f17fc9b0f6f42c77b9bafbb47c94,df7f17ae10ef6fc90cca1c0c8bcde63820e0dd0c2b454e845f987da7c4182e7c,94e57285c43d13a3ce6d4f5ba5dddb0094c602e574f5f06961e29ec4521cb476,091bd9e3e104da48ffd4641fcd9b5edace4c048f936f1ba0d3dc5715a089831f,Uploaded in this connection; reused only within this case,"{'a': 'c5af6653dbed7858a881d5d4a0535b71a9610dacdb046d4e2383101dfd583422', 'bt': '8203037668c1989e0965300a0805822946df6976e07ec4741cd83b788d002e0f', 'c': '13009250bcad4e271a04bb788d8d036187ec6654d062dcdfc75809244c88e587'}",PASS,0.42845710000256076,0.19226109998999164,0.5435306999715976,7353,800,285,527,4092,1924,0,124,8,32,2638998349,100000000,1023,10432,6340,0.8159964000224136,0.031911299971397966,1.9802452999865636,7.353e-05,0.473031415748674,0.036955579355365156
1,PASS,True,153,0,0,21233484,33,35,256,"{'m': 33, 'n': 35, 'k': 256, 'a_base': 64, 'bt_base': 8640, 'c_base': 17728, 'a_stride': 256, 'bt_stride': 256, 'c_stride': 192, 'mode': 0, 'watchdog': 10000000}",2026-10-04T16:48:09.068001+00:00,2026-10-04T16:48:12.072858+00:00,71f3b05bea316ac367f1f0b5a320856be36108482561933a2830f027a40d3fe8,63afe9c358ced0a49cac4e3a45ec31499a2057960fcb5996fbee6e0847999ef9,2c88f0e390aec7e55df7b1be3c7532fe98182f71a64a606af42fea3248466f2f,d37d19b5a85b6956684686ad3eea6bf4ad2a8d3d9b72a7322bfa1b2ce7b5351c,Uploaded in this connection; reused only within this case,"{'a': '61e16a7dd8198c90050c282381c69c40ecc68b154b12d2b8ccd8cb4751944e27', 'bt': 'adce396b0b8f58a4c30dc080e738d4d4e5afd6b797e9be3a1d7f9a5b529406b6', 'c': 'c18b11f17c63e228d43d4788a3e79bfd9d33e5ac1332b0a6aff7a0537b5823fe'}",PASS,0.4593694999930449,0.1920867000008002,0.5437825999688357,19775,6975,4352,594,4620,7669,0,134,8,32,2638998349,100000000,1155,24128,19508,1.7763203000067733,0.03190529998391867,2.971559099969454,0.00019775,2.990442477876106,0.2336283185840708
1,PASS,True,154,1,0,21233484,33,35,256,"{'m': 33, 'n': 35, 'k': 256, 'a_base': 64, 'bt_base': 8640, 'c_base': 17728, 'a_stride': 256, 'bt_stride': 256, 'c_stride': 192, 'mode': 1, 'watchdog': 10000000}",2026-10-04T16:48:12.109605+00:00,2026-10-04T16:48:15.112653+00:00,71f3b05bea316ac367f1f0b5a320856be36108482561933a2830f027a40d3fe8,63afe9c358ced0a49cac4e3a45ec31499a2057960fcb5996fbee6e0847999ef9,2c88f0e390aec7e55df7b1be3c7532fe98182f71a64a606af42fea3248466f2f,d37d19b5a85b6956684686ad3eea6bf4ad2a8d3d9b72a7322bfa1b2ce7b5351c,Uploaded in this connection; reused only within this case,"{'a': '61e16a7dd8198c90050c282381c69c40ecc68b154b12d2b8ccd8cb4751944e27', 'bt': 'adce396b0b8f58a4c30dc080e738d4d4e5afd6b797e9be3a1d7f9a5b529406b6', 'c': 'c18b11f17c63e228d43d4788a3e79bfd9d33e5ac1332b0a6aff7a0537b5823fe'}",PASS,0.4577508000074886,0.1919859999907203,0.5439976999768987,13269,6975,4352,594,4620,3463,0,134,8,32,2638998349,100000000,1155,24128,19508,1.7758717000251636,0.03222819999791682,2.969606200000271,0.00013269,4.456703594845128,0.3481799683472756
1,PASS,True,155,1,0,21243457,65,63,255,"{'m': 65, 'n': 63, 'k': 255, 'a_base': 64, 'bt_base': 16832, 'c_base': 33088, 'a_stride': 256, 'bt_stride': 256, 'c_stride': 256, 'mode': 1, 'watchdog': 10000000}",2026-10-04T16:48:17.549500+00:00,2026-10-04T16:48:23.080178+00:00,ea79a48084bfc0aa4e96d311b3e19aaba10d9b9cb755eb83ecaceaeb3224cd99,892c0a188051d9f6147543744e63701aec53a6f60d11490be0d3e6686291b9d8,7b3179b457d72a887f1391a4f72eb313678654315927b5d41a5c3e611fcf592b,438da43478aaa55a43ea5f8f5d805830bb21452bb326b32c967bea2e8854c2db,Uploaded in this connection; reused only within this case,"{'a': '3a965191b6208d3ea389401262ecbe2638b19485992fe23e1da3ec279ee87c09', 'bt': '8c89c4321a37e451450f9c787c32ae666a27ed812eddf7233b44995d562e6edb', 'c': 'ee8f159ee90d8a0c2af608e643211ef989f699ade6656baf3ed4ac9ae13c05f4'}",PASS,1.1759553999872878,0.19228410004870966,0.5435834999661893,26427,20016,10208,2080,16380,3460,0,268,8,32,2638998349,100000000,4095,49792,33412,3.5839682000223547,0.031881999981123954,5.4957912000245415,0.00026427,7.902713134294472,0.6173994636167556
1,PASS,True,156,0,0,21243457,65,63,255,"{'m': 65, 'n': 63, 'k': 255, 'a_base': 64, 'bt_base': 16832, 'c_base': 33088, 'a_stride': 256, 'bt_stride': 256, 'c_stride': 256, 'mode': 0, 'watchdog': 10000000}",2026-10-04T16:48:23.110050+00:00,2026-10-04T16:48:28.648126+00:00,ea79a48084bfc0aa4e96d311b3e19aaba10d9b9cb755eb83ecaceaeb3224cd99,892c0a188051d9f6147543744e63701aec53a6f60d11490be0d3e6686291b9d8,7b3179b457d72a887f1391a4f72eb313678654315927b5d41a5c3e611fcf592b,438da43478aaa55a43ea5f8f5d805830bb21452bb326b32c967bea2e8854c2db,Uploaded in this connection; reused only within this case,"{'a': '3a965191b6208d3ea389401262ecbe2638b19485992fe23e1da3ec279ee87c09', 'bt': '8c89c4321a37e451450f9c787c32ae666a27ed812eddf7233b44995d562e6edb', 'c': 'ee8f159ee90d8a0c2af608e643211ef989f699ade6656baf3ed4ac9ae13c05f4'}",PASS,1.1832831999636255,0.19204430002719164,0.5441704000113532,52419,20016,10208,2080,16380,17543,0,268,8,32,2638998349,100000000,4095,49792,33412,3.5836707999696955,0.032056900032330304,5.503168699971866,0.00052419,3.9841469696102556,0.3112614820008012
1,PASS,True,157,0,0,21253430,1,64,256,"{'m': 1, 'n': 64, 'k': 256, 'a_base': 64, 'bt_base': 448, 'c_base': 16960, 'a_stride': 256, 'bt_stride': 256, 'c_stride': 256, 'mode': 0, 'watchdog': 10000000}",2026-10-04T16:48:29.929866+00:00,2026-10-04T16:48:32.055923+00:00,415b75a1e5b5327b5c81ad7e4f8d1f4ffb47fd03a334112d58ffa62e2ca8b607,ca3488c830ffb515ea4bbddaf1a38f3a99d1f7fbc23dd1fa653c0d71f8269729,ebb6d77cf0c160060716b3ec0861e81c8e5d24f0f0348c0b64f05a84df4158fc,d7a0475ea0111ce747a36edcfa65b86f31f63a8b5630c3a319ea6ced2d5828a0,Uploaded in this connection; reused only within this case,"{'a': '500ac9665b885c37622d77501794e37ec70039ff42daaa3b11ef113c043a6353', 'bt': '3453b940920e7b2ac5430a4d0eee03ad1b58cadacc12103672036f396c07c6f4', 'c': '824a69816d20ac8bd72eb19aedb34b52e6999d21758352c2b02b1d987e1e1c45'}",PASS,0.04483739996794611,0.19211970001924783,0.5438128000241704,6267,2232,2112,32,256,3759,0,4,8,32,2638998349,100000000,64,17280,17024,1.3121073999791406,0.03191560000414029,2.092877299990505,6.267e-05,0.5228658050103718,0.040848891016435296
1,PASS,True,158,1,0,21253430,1,64,256,"{'m': 1, 'n': 64, 'k': 256, 'a_base': 64, 'bt_base': 448, 'c_base': 16960, 'a_stride': 256, 'bt_stride': 256, 'c_stride': 256, 'mode': 1, 'watchdog': 10000000}",2026-10-04T16:48:32.080525+00:00,2026-10-04T16:48:34.199801+00:00,415b75a1e5b5327b5c81ad7e4f8d1f4ffb47fd03a334112d58ffa62e2ca8b607,ca3488c830ffb515ea4bbddaf1a38f3a99d1f7fbc23dd1fa653c0d71f8269729,ebb6d77cf0c160060716b3ec0861e81c8e5d24f0f0348c0b64f05a84df4158fc,d7a0475ea0111ce747a36edcfa65b86f31f63a8b5630c3a319ea6ced2d5828a0,Uploaded in this connection; reused only within this case,"{'a': '500ac9665b885c37622d77501794e37ec70039ff42daaa3b11ef113c043a6353', 'bt': '3453b940920e7b2ac5430a4d0eee03ad1b58cadacc12103672036f396c07c6f4', 'c': '824a69816d20ac8bd72eb19aedb34b52e6999d21758352c2b02b1d987e1e1c45'}",PASS,0.03834410000126809,0.19199000002117828,0.5438525999779813,4986,2232,2112,32,256,2602,0,4,8,32,2638998349,100000000,64,17280,17024,1.3122221999801695,0.031779700017068535,2.086408899980597,4.986e-05,0.657200160449258,0.05134376253509827
1,PASS,True,159,1,0,21263403,64,1,256,"{'m': 64, 'n': 1, 'k': 256, 'a_base': 64, 'bt_base': 16576, 'c_base': 16960, 'a_stride': 256, 'bt_stride': 256, 'c_stride': 64, 'mode': 1, 'watchdog': 10000000}",2026-10-04T16:48:35.483246+00:00,2026-10-04T16:48:38.119896+00:00,8b62092d04dcdf625d7d406b56f4cc3e9f111ddafbd0d7eade7c8bef247645ed,9706a219cf1740dbee97d501fa3eaab06be214496b88de655476fc3bd3c983ff,81196919ddf6d907ad7e93d2d4c428937f5609c83206ea31868dd7e29d31fa27,199704dace9aaa10345ff246439317623a94b82cbe943970271a32139409b9b0,Uploaded in this connection; reused only within this case,"{'a': '46ebefe876bc28beba40dcef68c196300c619a63f7935ecd866d4a03a8a1ad0a', 'bt': '6c436c1edb47be947a5c56cbdc3c0eaf8f377e60966fce9e25f58dcd9ded132a', 'c': 'fd69530974d3592d7a198068a981e9b966947b5276f8d26e5e6a58b2f1bef718'}",PASS,0.29883990000234917,0.19179740000981838,0.5440277999732643,6035,2232,2112,64,256,2610,0,128,8,32,2638998349,100000000,64,21120,20864,1.5680969000095502,0.031963500019628555,2.602761999994982,6.035e-05,0.5429660314830158,0.04241922120961061
1,PASS,True,160,0,0,21263403,64,1,256,"{'m': 64, 'n': 1, 'k': 256, 'a_base': 64, 'bt_base': 16576, 'c_base': 16960, 'a_stride': 256, 'bt_stride': 256, 'c_stride': 64, 'mode': 0, 'watchdog': 10000000}",2026-10-04T16:48:38.148443+00:00,2026-10-04T16:48:40.775618+00:00,8b62092d04dcdf625d7d406b56f4cc3e9f111ddafbd0d7eade7c8bef247645ed,9706a219cf1740dbee97d501fa3eaab06be214496b88de655476fc3bd3c983ff,81196919ddf6d907ad7e93d2d4c428937f5609c83206ea31868dd7e29d31fa27,199704dace9aaa10345ff246439317623a94b82cbe943970271a32139409b9b0,Uploaded in this connection; reused only within this case,"{'a': '46ebefe876bc28beba40dcef68c196300c619a63f7935ecd866d4a03a8a1ad0a', 'bt': '6c436c1edb47be947a5c56cbdc3c0eaf8f377e60966fce9e25f58dcd9ded132a', 'c': 'fd69530974d3592d7a198068a981e9b966947b5276f8d26e5e6a58b2f1bef718'}",PASS,0.29010089999064803,0.19205290003446862,0.5444968999945559,8327,2232,2112,64,256,3740,0,128,8,32,2638998349,100000000,64,21120,20864,1.5675444999942556,0.031822599994484335,2.594195200013928,8.327e-05,0.3935150714543053,0.0307433649573676
1,PASS,True,161,0,0,21273376,32,32,256,"{'m': 32, 'n': 32, 'k': 256, 'a_base': 64, 'bt_base': 8384, 'c_base': 16704, 'a_stride': 256, 'bt_stride': 256, 'c_stride': 128, 'mode': 0, 'watchdog': 10000000}",2026-10-04T16:48:42.057419+00:00,2026-10-04T16:48:44.679792+00:00,0088b781f62d396ece10ff4789545aeb44ad26348248a929ff4208d90f3d258f,64bd24ec9516ca53f91e5b09ef28f36a0319344a36c5590cd5a52234dc836774,f58a8b952a007af1691b73cb48d08b05fcb5ef56a0f7bc59e6fd49ca59a776d7,266e15b094086af9aa52213d8424a80fd0ea9754c80bae161ecc70d054cd3899,Uploaded in this connection; reused only within this case,"{'a': 'f86415886b03ce8ab4ddb1a399a16839c6ba74332a8edd84172071af5e880338', 'bt': '6f7de814202ecc9f93f447b3b5d26e30c23d94004cde7a08e5ae2b5226b9c6f8', 'c': 'bce054f41c15622299aae6138bde1fef62395b7d6206f31a8caa27d6416baf1f'}",PASS,0.3013245000038296,0.19191379996482283,0.5438906000345014,11599,4464,2048,512,4096,3484,0,66,8,32,2638998349,100000000,1024,20864,16768,1.552271299995482,0.031949899974279106,2.589400199998636,0.00011599,4.520113802914044,0.3531338908526597
1,PASS,True,162,1,0,21273376,32,32,256,"{'m': 32, 'n': 32, 'k': 256, 'a_base': 64, 'bt_base': 8384, 'c_base': 16704, 'a_stride': 256, 'bt_stride': 256, 'c_stride': 128, 'mode': 1, 'watchdog': 10000000}",2026-10-04T16:48:44.712411+00:00,2026-10-04T16:48:47.335384+00:00,0088b781f62d396ece10ff4789545aeb44ad26348248a929ff4208d90f3d258f,64bd24ec9516ca53f91e5b09ef28f36a0319344a36c5590cd5a52234dc836774,f58a8b952a007af1691b73cb48d08b05fcb5ef56a0f7bc59e6fd49ca59a776d7,266e15b094086af9aa52213d8424a80fd0ea9754c80bae161ecc70d054cd3899,Uploaded in this connection; reused only within this case,"{'a': 'f86415886b03ce8ab4ddb1a399a16839c6ba74332a8edd84172071af5e880338', 'bt': '6f7de814202ecc9f93f447b3b5d26e30c23d94004cde7a08e5ae2b5226b9c6f8', 'c': 'bce054f41c15622299aae6138bde1fef62395b7d6206f31a8caa27d6416baf1f'}",PASS,0.30193859996506944,0.19212730001891032,0.5438979999744333,11561,4464,2048,512,4096,3464,0,66,8,32,2638998349,100000000,1024,20864,16768,1.5519308000220917,0.03198480000719428,2.589894699980505,0.00011561,4.534971023267883,0.35429461119280337
1,PASS,True,163,0,0,21308294,1,1,1,"{'m': 1, 'n': 1, 'k': 1, 'a_base': 64, 'bt_base': 256, 'c_base': 448, 'a_stride': 64, 'bt_stride': 64, 'c_stride': 64, 'mode': 0, 'watchdog': 10000000}",2026-10-04T16:48:47.465202+00:00,2026-10-04T16:48:48.391626+00:00,149488d869cbef080602a371ab0d39d97af103fb726aaeb02ccd36c06f494e5d,d4b0c0a4a8cc6c257aed34d16d39dd3c2d3539ed67fd4badd40aef16c1591715,fe33862152ed98b2c890b460ddc94b59e93c9a539aa77d7c30c0ad77dc5f57a3,abc140287dfbb7b192817658a70eda53e5dfac7b951700c6ae2042f7d6b63288,Uploaded in this connection; reused only within this case,"{'a': '7434d3fdf85d10d9928adf104acde99e1775a649253d37054ab3fe14d5ea4e68', 'bt': '61e5c092b799df2cbc0cac59bf34367f7fffb6405df36ee657706ecee5bb611d', 'c': 'fa9ef6b60bfdb125c57b51e7669d5e5225bd58d6a2d318aa0c0da16a84130d0f'}",PASS,0.028999800037126988,0.1920465999864973,0.5439329000073485,222,24,2,1,4,153,0,2,8,32,2638998349,100000000,1,576,572,0.12805289996322244,0.03218840004410595,0.8930321999941953,2.22e-06,0.0009009009009009009,7.038288288288288e-05
1,PASS,True,164,1,0,21308294,1,1,1,"{'m': 1, 'n': 1, 'k': 1, 'a_base': 64, 'bt_base': 256, 'c_base': 448, 'a_stride': 64, 'bt_stride': 64, 'c_stride': 64, 'mode': 1, 'watchdog': 10000000}",2026-10-04T16:48:48.423693+00:00,2026-10-04T16:48:49.351203+00:00,149488d869cbef080602a371ab0d39d97af103fb726aaeb02ccd36c06f494e5d,d4b0c0a4a8cc6c257aed34d16d39dd3c2d3539ed67fd4badd40aef16c1591715,fe33862152ed98b2c890b460ddc94b59e93c9a539aa77d7c30c0ad77dc5f57a3,abc140287dfbb7b192817658a70eda53e5dfac7b951700c6ae2042f7d6b63288,Uploaded in this connection; reused only within this case,"{'a': '7434d3fdf85d10d9928adf104acde99e1775a649253d37054ab3fe14d5ea4e68', 'bt': '61e5c092b799df2cbc0cac59bf34367f7fffb6405df36ee657706ecee5bb611d', 'c': 'fa9ef6b60bfdb125c57b51e7669d5e5225bd58d6a2d318aa0c0da16a84130d0f'}",PASS,0.029848200036212802,0.1920288999681361,0.5437899000244215,226,24,2,1,4,157,0,2,8,32,2638998349,100000000,1,576,572,0.12802709999959916,0.0318569999653846,0.8936941000283696,2.26e-06,0.0008849557522123894,6.913716814159292e-05
1,PASS,True,165,1,0,21318267,5,3,9,"{'m': 5, 'n': 3, 'k': 9, 'a_base': 64, 'bt_base': 512, 'c_base': 832, 'a_stride': 64, 'bt_stride': 64, 'c_stride': 64, 'mode': 1, 'watchdog': 10000000}",2026-10-04T16:48:49.498089+00:00,2026-10-04T16:48:50.487328+00:00,64769a79120f53d106d77d7411c59273f036ca26ec2c26b5850afc1dce09d104,4ca66729cb43e5dc3d0dbeb41fd4a4e03038f29bc461ad04e21f9b59535fd47c,a6f587fdd5d54765a46f20aaa7f65ec513792d71edb2674b9473982c6ab5c9e2,2e4f07a469b68582d0b306d40c59728e2a62926c7f2dba5bc874e400c206b45e,Uploaded in this connection; reused only within this case,"{'a': '4e0c58b82d81416bb70531dd946d975e51aa0b8842041b014f3981dcb38f932b', 'bt': '93aa0759720b9b1df9f18b519c6be37c8d72d9a5b6880dc2fa430583d6e12fea', 'c': '38f0c9134769564cbb0657a5725fcfaff405d19555928dcead7addd069619610'}",PASS,0.04341939999721944,0.19191509997472167,0.5438199000200257,478,32,16,10,60,235,0,10,8,32,2638998349,100000000,15,1216,1156,0.17618299997411668,0.0319638000219129,0.9553373999660835,4.78e-06,0.056485355648535567,0.004412918410041841
1,PASS,True,166,0,0,21318267,5,3,9,"{'m': 5, 'n': 3, 'k': 9, 'a_base': 64, 'bt_base': 512, 'c_base': 832, 'a_stride': 64, 'bt_stride': 64, 'c_stride': 64, 'mode': 0, 'watchdog': 10000000}",2026-10-04T16:48:50.516868+00:00,2026-10-04T16:48:51.511076+00:00,64769a79120f53d106d77d7411c59273f036ca26ec2c26b5850afc1dce09d104,4ca66729cb43e5dc3d0dbeb41fd4a4e03038f29bc461ad04e21f9b59535fd47c,a6f587fdd5d54765a46f20aaa7f65ec513792d71edb2674b9473982c6ab5c9e2,2e4f07a469b68582d0b306d40c59728e2a62926c7f2dba5bc874e400c206b45e,Uploaded in this connection; reused only within this case,"{'a': '4e0c58b82d81416bb70531dd946d975e51aa0b8842041b014f3981dcb38f932b', 'bt': '93aa0759720b9b1df9f18b519c6be37c8d72d9a5b6880dc2fa430583d6e12fea', 'c': '38f0c9134769564cbb0657a5725fcfaff405d19555928dcead7addd069619610'}",PASS,0.04813130002003163,0.19197689997963607,0.5442004000069574,478,32,16,10,60,235,0,10,8,32,2638998349,100000000,15,1216,1156,0.17591619997983798,0.03174160001799464,0.960224799986463,4.78e-06,0.056485355648535567,0.004412918410041841
1,PASS,True,167,0,0,21328240,31,33,17,"{'m': 31, 'n': 33, 'k': 17, 'a_base': 64, 'bt_base': 2176, 'c_base': 4416, 'a_stride': 64, 'bt_stride': 64, 'c_stride': 192, 'mode': 0, 'watchdog': 10000000}",2026-10-04T16:48:51.914638+00:00,2026-10-04T16:48:53.927235+00:00,a67e1254d780eeae11971432ef031b6d989565554368e78c2094c1fef06749b7,590434c7a7a2a77050e178d91da08524f5b220a1680c85de65fe8b1d3fe0451e,c0553fd2c86747a7480a811b26c161c919556cdedc0b44594b151f28d88154f9,61fcd795ab1bc4dca4d228b5fb3f4f8bf9ddbadf8824e8f66922fb56bad1dcab,Uploaded in this connection; reused only within this case,"{'a': '137d644e9407f1d1ba8712a877d08c944f536a3cbcba96701bb3d1e90b5c71a2', 'bt': 'f4ee849b2fd22e910ac6fb67eff613b122e5703e0d13ddc50e1ca851bb4cc896', 'c': 'df098942fe2669c84459b1a67163722907b5886ee21ff41422b0d8d8a45c6a27'}",PASS,0.42676340002799407,0.191707200021483,0.5439942999510095,7340,800,285,527,4092,1911,0,124,8,32,2638998349,100000000,1023,10432,6340,0.8159378000418656,0.03212310001254082,1.978402700042352,7.34e-05,0.4738692098092643,0.03702103201634877
1,PASS,True,168,1,0,21328240,31,33,17,"{'m': 31, 'n': 33, 'k': 17, 'a_base': 64, 'bt_base': 2176, 'c_base': 4416, 'a_stride': 64, 'bt_stride': 64, 'c_stride': 192, 'mode': 1, 'watchdog': 10000000}",2026-10-04T16:48:53.959221+00:00,2026-10-04T16:48:55.974991+00:00,a67e1254d780eeae11971432ef031b6d989565554368e78c2094c1fef06749b7,590434c7a7a2a77050e178d91da08524f5b220a1680c85de65fe8b1d3fe0451e,c0553fd2c86747a7480a811b26c161c919556cdedc0b44594b151f28d88154f9,61fcd795ab1bc4dca4d228b5fb3f4f8bf9ddbadf8824e8f66922fb56bad1dcab,Uploaded in this connection; reused only within this case,"{'a': '137d644e9407f1d1ba8712a877d08c944f536a3cbcba96701bb3d1e90b5c71a2', 'bt': 'f4ee849b2fd22e910ac6fb67eff613b122e5703e0d13ddc50e1ca851bb4cc896', 'c': 'df098942fe2669c84459b1a67163722907b5886ee21ff41422b0d8d8a45c6a27'}",PASS,0.43005249998532236,0.19201240001711994,0.5438912999816239,6499,800,285,527,4092,1248,0,124,8,32,2638998349,100000000,1023,10432,6340,0.8161186000215821,0.03184439998585731,1.9820748000056483,6.499e-05,0.5351900292352669,0.04181172103400523
1,PASS,True,169,1,0,21338213,33,35,256,"{'m': 33, 'n': 35, 'k': 256, 'a_base': 64, 'bt_base': 8640, 'c_base': 17728, 'a_stride': 256, 'bt_stride': 256, 'c_stride': 192, 'mode': 1, 'watchdog': 10000000}",2026-10-04T16:48:57.304878+00:00,2026-10-04T16:49:00.311004+00:00,3117e065cebcd845906465165f795b8ba1192efc5058d90db3a20774e9e4740a,684b51d58ac728c28409bdddbbaf442e7fe8f519a0ce6e84a88a0b0b63e48817,afc9d5831adba7af9d8b87dcb80fec4a4505eee0e45651c58c37fba36e73260c,6526fdb69987891e0263acf01195854b936af9db8fcde550d5ee98ee2eefc5a5,Uploaded in this connection; reused only within this case,"{'a': '796df20288915b7f8fd322751fe2ec290e742ca5374d4ddad730a8d371479fea', 'bt': 'a0007a0e771ec15455b71c91e822b1cbc58d3e0fb5e76b1bc6dcd6b65f28cc17', 'c': 'd6b9f3f37c5fe8e1f4f2e60d054713fa1b70a3ed61dabc5ec63573863d798b94'}",PASS,0.46092060004593804,0.19205650000367314,0.5438693999894895,13280,6975,4352,594,4620,3482,0,134,8,32,2638998349,100000000,1155,24128,19508,1.7762230999651365,0.03183260001242161,2.973069600004237,0.0001328,4.453012048192771,0.34789156626506024
1,PASS,True,170,0,0,21338213,33,35,256,"{'m': 33, 'n': 35, 'k': 256, 'a_base': 64, 'bt_base': 8640, 'c_base': 17728, 'a_stride': 256, 'bt_stride': 256, 'c_stride': 192, 'mode': 0, 'watchdog': 10000000}",2026-10-04T16:49:00.339287+00:00,2026-10-04T16:49:03.334785+00:00,3117e065cebcd845906465165f795b8ba1192efc5058d90db3a20774e9e4740a,684b51d58ac728c28409bdddbbaf442e7fe8f519a0ce6e84a88a0b0b63e48817,afc9d5831adba7af9d8b87dcb80fec4a4505eee0e45651c58c37fba36e73260c,6526fdb69987891e0263acf01195854b936af9db8fcde550d5ee98ee2eefc5a5,Uploaded in this connection; reused only within this case,"{'a': '796df20288915b7f8fd322751fe2ec290e742ca5374d4ddad730a8d371479fea', 'bt': 'a0007a0e771ec15455b71c91e822b1cbc58d3e0fb5e76b1bc6dcd6b65f28cc17', 'c': 'd6b9f3f37c5fe8e1f4f2e60d054713fa1b70a3ed61dabc5ec63573863d798b94'}",PASS,0.4498825999908149,0.19180000002961606,0.5440244000055827,19730,6975,4352,594,4620,7596,0,134,8,32,2638998349,100000000,1155,24128,19508,1.7760657999897376,0.03186909999931231,2.9617728000157513,0.0001973,2.9972630511910796,0.2341611758743031
1,PASS,True,171,0,0,21348186,65,63,255,"{'m': 65, 'n': 63, 'k': 255, 'a_base': 64, 'bt_base': 16832, 'c_base': 33088, 'a_stride': 256, 'bt_stride': 256, 'c_stride': 256, 'mode': 0, 'watchdog': 10000000}",2026-10-04T16:49:05.787520+00:00,2026-10-04T16:49:11.318575+00:00,87d4a2fdecce62174a57e51a444e58e1ae7d3ee8f9c608d3e7a10d3af0d8ea0f,bcd04eb9da60fca5d6f74ff3b02c4922b62ef0883fafcc80f4b4097908834ba9,83b23c287f6562673f95682a473a208dc06d66d75fe6fecd1fc0d178b9dfd575,e8de6647b4cb709c4eb745ce5c23e271492682e992bef6c9d5ebc0eb41242949,Uploaded in this connection; reused only within this case,"{'a': 'd19514c57538986670eff415735c6847fc9cd49baa6e6f9fdccdf42738e9d0a6', 'bt': 'c6707a8c2134436cd1fe2c0e007ede5d5a023aab3b9e45530fa83591f13af0fa', 'c': '1e692db40f17a1c63e3368047cf058274251159202532820bcbbfa45ffd4c61f'}",PASS,1.177358099957928,0.19169820001116022,0.5438135000295006,52400,20016,10208,2080,16380,17536,0,268,8,32,2638998349,100000000,4095,49792,33412,3.5841352999559604,0.03174910001689568,5.497005099954549,0.000524,3.9855916030534355,0.31137434398854963
1,PASS,True,172,1,0,21348186,65,63,255,"{'m': 65, 'n': 63, 'k': 255, 'a_base': 64, 'bt_base': 16832, 'c_base': 33088, 'a_stride': 256, 'bt_stride': 256, 'c_stride': 256, 'mode': 1, 'watchdog': 10000000}",2026-10-04T16:49:11.354180+00:00,2026-10-04T16:49:16.886490+00:00,87d4a2fdecce62174a57e51a444e58e1ae7d3ee8f9c608d3e7a10d3af0d8ea0f,bcd04eb9da60fca5d6f74ff3b02c4922b62ef0883fafcc80f4b4097908834ba9,83b23c287f6562673f95682a473a208dc06d66d75fe6fecd1fc0d178b9dfd575,e8de6647b4cb709c4eb745ce5c23e271492682e992bef6c9d5ebc0eb41242949,Uploaded in this connection; reused only within this case,"{'a': 'd19514c57538986670eff415735c6847fc9cd49baa6e6f9fdccdf42738e9d0a6', 'bt': 'c6707a8c2134436cd1fe2c0e007ede5d5a023aab3b9e45530fa83591f13af0fa', 'c': '1e692db40f17a1c63e3368047cf058274251159202532820bcbbfa45ffd4c61f'}",PASS,1.1794826000113972,0.1919357000151649,0.5439307999913581,26519,20016,10208,2080,16380,3509,0,268,8,32,2638998349,100000000,4095,49792,33412,3.5840036000008695,0.03190070000709966,5.49935270001879,0.00026519,7.875296956898827,0.6152575747577209
1,PASS,True,173,1,0,21358159,1,64,256,"{'m': 1, 'n': 64, 'k': 256, 'a_base': 64, 'bt_base': 448, 'c_base': 16960, 'a_stride': 256, 'bt_stride': 256, 'c_stride': 256, 'mode': 1, 'watchdog': 10000000}",2026-10-04T16:49:18.184766+00:00,2026-10-04T16:49:20.310417+00:00,3f3de024c11a522a0085ac75ef9a66162bd9cae5743fa4be479616050582c050,66bbac6150f4b29acfa0d8c5508289b7944ef263262e78d936062ff48c6857e2,909f1094a189ffff353712b6f8c7af2d14ccac0aeba3ef044802503002ab15bf,fb357dc8d509f573ca82ecb5fe1785eeda57f3e1f90bf405cd3dd088ee892f13,Uploaded in this connection; reused only within this case,"{'a': '6a7c3fca39bd893fd4690535e510f5fd41d9630c5fd5808d579e59320cc7cec4', 'bt': '75177339064273818c9dbb1500deb31fbe8e99d31c779a24d43e8ac0d696158e', 'c': 'ff0d47ecc28e7a1df6bb6b441cc55c64d70a01f7bdd3ff0b0c60bf698990ba2b'}",PASS,0.043398399953730404,0.1919690000358969,0.5439460999914445,5011,2232,2112,32,256,2618,0,4,8,32,2638998349,100000000,64,17280,17024,1.312189500022214,0.031986899964977056,2.0915030000032857,5.011e-05,0.6539213729794452,0.05108760726401916
1,PASS,True,174,0,0,21358159,1,64,256,"{'m': 1, 'n': 64, 'k': 256, 'a_base': 64, 'bt_base': 448, 'c_base': 16960, 'a_stride': 256, 'bt_stride': 256, 'c_stride': 256, 'mode': 0, 'watchdog': 10000000}",2026-10-04T16:49:20.339896+00:00,2026-10-04T16:49:22.454160+00:00,3f3de024c11a522a0085ac75ef9a66162bd9cae5743fa4be479616050582c050,66bbac6150f4b29acfa0d8c5508289b7944ef263262e78d936062ff48c6857e2,909f1094a189ffff353712b6f8c7af2d14ccac0aeba3ef044802503002ab15bf,fb357dc8d509f573ca82ecb5fe1785eeda57f3e1f90bf405cd3dd088ee892f13,Uploaded in this connection; reused only within this case,"{'a': '6a7c3fca39bd893fd4690535e510f5fd41d9630c5fd5808d579e59320cc7cec4', 'bt': '75177339064273818c9dbb1500deb31fbe8e99d31c779a24d43e8ac0d696158e', 'c': 'ff0d47ecc28e7a1df6bb6b441cc55c64d70a01f7bdd3ff0b0c60bf698990ba2b'}",PASS,0.033194699964951724,0.1919501000083983,0.5438718000077643,6260,2232,2112,32,256,3756,0,4,8,32,2638998349,100000000,64,17280,17024,1.3121734000160359,0.03186449996428564,2.08118999999715,6.26e-05,0.5234504792332269,0.04089456869009585
1,PASS,True,175,0,0,21368132,64,1,256,"{'m': 64, 'n': 1, 'k': 256, 'a_base': 64, 'bt_base': 16576, 'c_base': 16960, 'a_stride': 256, 'bt_stride': 256, 'c_stride': 64, 'mode': 0, 'watchdog': 10000000}",2026-10-04T16:49:23.754936+00:00,2026-10-04T16:49:26.390108+00:00,751ef69cd9290b182e3dd314c2ea02f1f0913c582c7392e7f985c2b2fbe22bd5,e25e29c5e98d50b9716b557582169639da09d09c6c0c7723f90bf462f11dd6d5,3a3835f66daea675d88544a779714dc9b5daf80d8ee3635cf71a58737b1b1a9f,ce6f046478a97d15241a03cfc675a873d7de47398b3c2e7cfda44ef0a4bf16af,Uploaded in this connection; reused only within this case,"{'a': '0cda6db625e120845e2ca49363b326cd266f09ed6403f91d465a5993333ac5c0', 'bt': '5e2e1a2e0ac72ecc719061e808ba19119faaf704b78e4db91a9e8e0bd29c051c', 'c': '4be1efaa571db569d62707bc55857db1b8a10194e9172c57955c9b561ba81371'}",PASS,0.29794329998549074,0.1920168999931775,0.5441075999988243,8313,2232,2112,64,256,3726,0,128,8,32,2638998349,100000000,64,21120,20864,1.5680455000256188,0.03187700000125915,2.6021133000031114,8.313e-05,0.39417779381691326,0.03079514014194635
1,PASS,True,176,1,0,21368132,64,1,256,"{'m': 64, 'n': 1, 'k': 256, 'a_base': 64, 'bt_base': 16576, 'c_base': 16960, 'a_stride': 256, 'bt_stride': 256, 'c_stride': 64, 'mode': 1, 'watchdog': 10000000}",2026-10-04T16:49:26.416308+00:00,2026-10-04T16:49:29.046180+00:00,751ef69cd9290b182e3dd314c2ea02f1f0913c582c7392e7f985c2b2fbe22bd5,e25e29c5e98d50b9716b557582169639da09d09c6c0c7723f90bf462f11dd6d5,3a3835f66daea675d88544a779714dc9b5daf80d8ee3635cf71a58737b1b1a9f,ce6f046478a97d15241a03cfc675a873d7de47398b3c2e7cfda44ef0a4bf16af,Uploaded in this connection; reused only within this case,"{'a': '0cda6db625e120845e2ca49363b326cd266f09ed6403f91d465a5993333ac5c0', 'bt': '5e2e1a2e0ac72ecc719061e808ba19119faaf704b78e4db91a9e8e0bd29c051c', 'c': '4be1efaa571db569d62707bc55857db1b8a10194e9172c57955c9b561ba81371'}",PASS,0.29272670001955703,0.19202720001339912,0.543788599956315,6017,2232,2112,64,256,2592,0,128,8,32,2638998349,100000000,64,21120,20864,1.5680684000253677,0.03214189998107031,2.596610900014639,6.017e-05,0.5445903274056839,0.042546119328569054
1,PASS,True,177,1,0,21378105,32,32,256,"{'m': 32, 'n': 32, 'k': 256, 'a_base': 64, 'bt_base': 8384, 'c_base': 16704, 'a_stride': 256, 'bt_stride': 256, 'c_stride': 128, 'mode': 1, 'watchdog': 10000000}",2026-10-04T16:49:30.312801+00:00,2026-10-04T16:49:32.933719+00:00,f6d84ed722db2b65e8be15075480c663f03c719bfa191026379ec3f519cc19b0,b575b8308be59c6384224db321e6d122699829fc0884067eca461d2120e85d8d,fe64433b47eb51a94bb1944030e593824ad174b235ed381949a42c1e0f9d9d30,dc6ddb1b978b6da6279a42fbc13414252707f3c2f7ecc69556cf603939926ccf,Uploaded in this connection; reused only within this case,"{'a': '725381f3e25b0f13b489ad35858d7ad7f637d8d30b26510e4a61b3368012e2e2', 'bt': 'cd6b487fdb2d2085386aa71d5f520e8d7d1a631364c54f97be6affe8c55c983a', 'c': '3ae70336dd333935a5213eec64bc0565332660e3df5be85d2bcb362af26840f9'}",PASS,0.29986000002827495,0.19190709997201338,0.5442704000161029,11560,4464,2048,512,4096,3441,0,66,8,32,2638998349,100000000,1024,20864,16768,1.551765299984254,0.03192300000227988,2.587802800000645,0.0001156,4.5353633217993075,0.3543252595155709
1,PASS,True,178,0,0,21378105,32,32,256,"{'m': 32, 'n': 32, 'k': 256, 'a_base': 64, 'bt_base': 8384, 'c_base': 16704, 'a_stride': 256, 'bt_stride': 256, 'c_stride': 128, 'mode': 0, 'watchdog': 10000000}",2026-10-04T16:49:32.962555+00:00,2026-10-04T16:49:35.573717+00:00,f6d84ed722db2b65e8be15075480c663f03c719bfa191026379ec3f519cc19b0,b575b8308be59c6384224db321e6d122699829fc0884067eca461d2120e85d8d,fe64433b47eb51a94bb1944030e593824ad174b235ed381949a42c1e0f9d9d30,dc6ddb1b978b6da6279a42fbc13414252707f3c2f7ecc69556cf603939926ccf,Uploaded in this connection; reused only within this case,"{'a': '725381f3e25b0f13b489ad35858d7ad7f637d8d30b26510e4a61b3368012e2e2', 'bt': 'cd6b487fdb2d2085386aa71d5f520e8d7d1a631364c54f97be6affe8c55c983a', 'c': '3ae70336dd333935a5213eec64bc0565332660e3df5be85d2bcb362af26840f9'}",PASS,0.289865099999588,0.19214349996764213,0.5438460999866948,11588,4464,2048,512,4096,3471,0,66,8,32,2638998349,100000000,1024,20864,16768,1.5523325999965891,0.031671400007326156,2.578187299950514,0.00011588,4.524404556437695,0.35346910597169484
1,PASS,True,179,1,0,21413023,1,1,1,"{'m': 1, 'n': 1, 'k': 1, 'a_base': 64, 'bt_base': 256, 'c_base': 448, 'a_stride': 64, 'bt_stride': 64, 'c_stride': 64, 'mode': 1, 'watchdog': 10000000}",2026-10-04T16:49:35.706621+00:00,2026-10-04T16:49:36.630200+00:00,265fda17a34611b1533d8a281ff680dc5791b0ce0a11c25b35e11c8e75685509,8e35c2cd3bf6641bdb0e2050b76932cbb2e6034a0ddacc1d9bea82a6ba57f7cf,12ef34edcca2cdb34eb5645f208dbc127cbac473b92a380ce6a750656943a60e,0fc82fdf8a89d84303b226554af3ae6263d69dea582c5a1299f36daf498bf1a6,Uploaded in this connection; reused only within this case,"{'a': '1b83fa966541536b6683367af97d210fb8ccb124a5dca8ae01b49adc20795a81', 'bt': '008db5327267daff4dfe8e5d4f2f444c8db087aac421c7bfeb01367f0bbd1506', 'c': '735dbfe3062abe6126e23ed1f8283dadae02f917626c963f9a629b49a39ed8a6'}",PASS,0.02484359999652952,0.19208249996881932,0.5438997999881394,229,24,2,1,4,160,0,2,8,32,2638998349,100000000,1,576,572,0.1282445000251755,0.03237309999531135,0.8890703999786638,2.29e-06,0.0008733624454148471,6.823144104803493e-05
1,PASS,True,180,0,0,21413023,1,1,1,"{'m': 1, 'n': 1, 'k': 1, 'a_base': 64, 'bt_base': 256, 'c_base': 448, 'a_stride': 64, 'bt_stride': 64, 'c_stride': 64, 'mode': 0, 'watchdog': 10000000}",2026-10-04T16:49:36.678807+00:00,2026-10-04T16:49:37.605726+00:00,265fda17a34611b1533d8a281ff680dc5791b0ce0a11c25b35e11c8e75685509,8e35c2cd3bf6641bdb0e2050b76932cbb2e6034a0ddacc1d9bea82a6ba57f7cf,12ef34edcca2cdb34eb5645f208dbc127cbac473b92a380ce6a750656943a60e,0fc82fdf8a89d84303b226554af3ae6263d69dea582c5a1299f36daf498bf1a6,Uploaded in this connection; reused only within this case,"{'a': '1b83fa966541536b6683367af97d210fb8ccb124a5dca8ae01b49adc20795a81', 'bt': '008db5327267daff4dfe8e5d4f2f444c8db087aac421c7bfeb01367f0bbd1506', 'c': '735dbfe3062abe6126e23ed1f8283dadae02f917626c963f9a629b49a39ed8a6'}",PASS,0.028845899971202016,0.19181540003046393,0.5437907999730669,218,24,2,1,4,149,0,2,8,32,2638998349,100000000,1,576,572,0.12814929999876767,0.03192099998705089,0.8926013999735005,2.18e-06,0.0009174311926605505,7.167431192660551e-05
1,PASS,True,181,0,0,21422996,5,3,9,"{'m': 5, 'n': 3, 'k': 9, 'a_base': 64, 'bt_base': 512, 'c_base': 832, 'a_stride': 64, 'bt_stride': 64, 'c_stride': 64, 'mode': 0, 'watchdog': 10000000}",2026-10-04T16:49:37.736123+00:00,2026-10-04T16:49:38.725980+00:00,aaee855b2dd21a3505b2abfabbbe85add882e932de86d78a787e735c6e3cc17b,241b650c1a256a936ea499e357ba14da49b4914647525c7a6c762504e8f119cc,3f18bfadf6d53c3b6a5c0acb580cf31a1d1ed7cf01a83105c86244a60fb8043e,3233d4d52dd3dc8c76668983ecc38cc590eae3a9c36df4aec814010b91946b5e,Uploaded in this connection; reused only within this case,"{'a': '1e32f0d107b1c742693cbed982734106e0081431bcd7af49c8e7c10f880fc49a', 'bt': '00886b73f98eb92ece200ed75ecbacbabb5eac6fd9f53caf26d03c0db7f05f3c', 'c': '6d07fa4b2cddd66eed3883dc17f6132956e0187e00f4b2214cf82a08f4c6878e'}",PASS,0.04446850001113489,0.19202999997651204,0.5437573000090197,479,32,16,10,60,236,0,10,8,32,2638998349,100000000,15,1216,1156,0.17625300004146993,0.03212569997413084,0.9565088000381365,4.79e-06,0.05636743215031315,0.004403705636743215
1,PASS,True,182,1,0,21422996,5,3,9,"{'m': 5, 'n': 3, 'k': 9, 'a_base': 64, 'bt_base': 512, 'c_base': 832, 'a_stride': 64, 'bt_stride': 64, 'c_stride': 64, 'mode': 1, 'watchdog': 10000000}",2026-10-04T16:49:38.752730+00:00,2026-10-04T16:49:39.733657+00:00,aaee855b2dd21a3505b2abfabbbe85add882e932de86d78a787e735c6e3cc17b,241b650c1a256a936ea499e357ba14da49b4914647525c7a6c762504e8f119cc,3f18bfadf6d53c3b6a5c0acb580cf31a1d1ed7cf01a83105c86244a60fb8043e,3233d4d52dd3dc8c76668983ecc38cc590eae3a9c36df4aec814010b91946b5e,Uploaded in this connection; reused only within this case,"{'a': '1e32f0d107b1c742693cbed982734106e0081431bcd7af49c8e7c10f880fc49a', 'bt': '00886b73f98eb92ece200ed75ecbacbabb5eac6fd9f53caf26d03c0db7f05f3c', 'c': '6d07fa4b2cddd66eed3883dc17f6132956e0187e00f4b2214cf82a08f4c6878e'}",PASS,0.03582789999200031,0.19195810001110658,0.5439831999829039,478,32,16,10,60,235,0,10,8,32,2638998349,100000000,15,1216,1156,0.17627780005568638,0.03185539995320141,0.9480470000416972,4.78e-06,0.056485355648535567,0.004412918410041841
1,PASS,True,183,1,0,21432969,31,33,17,"{'m': 31, 'n': 33, 'k': 17, 'a_base': 64, 'bt_base': 2176, 'c_base': 4416, 'a_stride': 64, 'bt_stride': 64, 'c_stride': 192, 'mode': 1, 'watchdog': 10000000}",2026-10-04T16:49:40.120808+00:00,2026-10-04T16:49:42.133541+00:00,fd1df23fa73997aeffd2fbaa4401989439641520299f66c4163b99e263c8c862,e224b348d0989d40ef607b84be341ee49ab992f25dfa1cabe155151a89fbbeba,cb10d02b712030678945f9d18607f3856e80844641cbf77baf57c852f295e1a4,af2c3b938ab980333c8b47e6f66ea23b5781ddb1052d3732e96426dd7a39f8d3,Uploaded in this connection; reused only within this case,"{'a': '93a680c1b2f8340914512db465f715c02b5c8d73e6e12411e28e1322d5d5e64a', 'bt': '99f3b12cdcb140101927f0827d2d63c2c5fe195f356676d49f6dd3edd3f0167a', 'c': '6e6b125ccbcac5cc5dc4dfcb4c3e9ca2821fc800a13d1a564c3bce9e4c2516bb'}",PASS,0.4274652000167407,0.19185219996143132,0.5439327000058256,6488,800,285,527,4092,1237,0,124,8,32,2638998349,100000000,1023,10432,6340,0.815961700049229,0.032146899960935116,1.9792118000332266,6.488e-05,0.5360974106041924,0.041882610203452526
1,PASS,True,184,0,0,21432969,31,33,17,"{'m': 31, 'n': 33, 'k': 17, 'a_base': 64, 'bt_base': 2176, 'c_base': 4416, 'a_stride': 64, 'bt_stride': 64, 'c_stride': 192, 'mode': 0, 'watchdog': 10000000}",2026-10-04T16:49:42.163619+00:00,2026-10-04T16:49:44.181578+00:00,fd1df23fa73997aeffd2fbaa4401989439641520299f66c4163b99e263c8c862,e224b348d0989d40ef607b84be341ee49ab992f25dfa1cabe155151a89fbbeba,cb10d02b712030678945f9d18607f3856e80844641cbf77baf57c852f295e1a4,af2c3b938ab980333c8b47e6f66ea23b5781ddb1052d3732e96426dd7a39f8d3,Uploaded in this connection; reused only within this case,"{'a': '93a680c1b2f8340914512db465f715c02b5c8d73e6e12411e28e1322d5d5e64a', 'bt': '99f3b12cdcb140101927f0827d2d63c2c5fe195f356676d49f6dd3edd3f0167a', 'c': '6e6b125ccbcac5cc5dc4dfcb4c3e9ca2821fc800a13d1a564c3bce9e4c2516bb'}",PASS,0.4319190999958664,0.19225250004092231,0.5439576999633573,7383,800,285,527,4092,1934,0,124,8,32,2638998349,100000000,1023,10432,6340,0.8158187000080943,0.03209729999070987,1.9839480000082403,7.383e-05,0.47110930516050387,0.03680541446566436
1,PASS,True,185,0,0,21442942,33,35,256,"{'m': 33, 'n': 35, 'k': 256, 'a_base': 64, 'bt_base': 8640, 'c_base': 17728, 'a_stride': 256, 'bt_stride': 256, 'c_stride': 192, 'mode': 0, 'watchdog': 10000000}",2026-10-04T16:49:45.528791+00:00,2026-10-04T16:49:48.533166+00:00,b3f666e5e360638949fa63c3bf5c1f2f640c473173834edd8d1caa5dcfc5fcdf,4becdb06a72faf821bfb4d307059531dfdb2fef0d764b582a6b888659bdb6dd1,44629faafe3642d12aad52b0c0b5b7d089ac575f0d00ab642bffd75983fb8465,ae016f0f3a657d1c7f5e6e94946d7d20f76aafd131818fe35660ed0669ceee65,Uploaded in this connection; reused only within this case,"{'a': 'bae6f8a9c1d2274dcfd05c1d37a010b4891e8eb25fd89502af371dfd82c32c6d', 'bt': 'c61287b68a671360859b51f2caae3ed93254ecdb1eb834d6216cf3c1671b8e73', 'c': 'de5b206a4102f065d618ba130df6e07b8b6bfeb9c80eb6adcf47da4f9464154c'}",PASS,0.45911769999656826,0.19210729998303577,0.5439059000345878,19762,6975,4352,594,4620,7656,0,134,8,32,2638998349,100000000,1155,24128,19508,1.7760409999755211,0.03189189999829978,2.971171899989713,0.00019762,2.9924096751340956,0.23378200586985123
1,PASS,True,186,1,0,21442942,33,35,256,"{'m': 33, 'n': 35, 'k': 256, 'a_base': 64, 'bt_base': 8640, 'c_base': 17728, 'a_stride': 256, 'bt_stride': 256, 'c_stride': 192, 'mode': 1, 'watchdog': 10000000}",2026-10-04T16:49:48.563950+00:00,2026-10-04T16:49:51.573115+00:00,b3f666e5e360638949fa63c3bf5c1f2f640c473173834edd8d1caa5dcfc5fcdf,4becdb06a72faf821bfb4d307059531dfdb2fef0d764b582a6b888659bdb6dd1,44629faafe3642d12aad52b0c0b5b7d089ac575f0d00ab642bffd75983fb8465,ae016f0f3a657d1c7f5e6e94946d7d20f76aafd131818fe35660ed0669ceee65,Uploaded in this connection; reused only within this case,"{'a': 'bae6f8a9c1d2274dcfd05c1d37a010b4891e8eb25fd89502af371dfd82c32c6d', 'bt': 'c61287b68a671360859b51f2caae3ed93254ecdb1eb834d6216cf3c1671b8e73', 'c': 'de5b206a4102f065d618ba130df6e07b8b6bfeb9c80eb6adcf47da4f9464154c'}",PASS,0.4634187000337988,0.1919122000108473,0.5439739999710582,13285,6975,4352,594,4620,3497,0,134,8,32,2638998349,100000000,1155,24128,19508,1.776158900000155,0.03179540002020076,2.9754638000158593,0.00013285,4.451336093338352,0.3477606322920587
1,PASS,True,187,1,0,21452915,65,63,255,"{'m': 65, 'n': 63, 'k': 255, 'a_base': 64, 'bt_base': 16832, 'c_base': 33088, 'a_stride': 256, 'bt_stride': 256, 'c_stride': 256, 'mode': 1, 'watchdog': 10000000}",2026-10-04T16:49:54.008229+00:00,2026-10-04T16:49:59.540944+00:00,0a7c937eabb0f938899a58305d19d15a51159599447b591ad6107be673b12edb,39323e1dcfa2d901f0c615c946ea94516e9b14fda7fb153036859248c1e66a5d,a7efd43a9ef47202d6564145895d584d9360bf79a905197cbe4769e64faa4143,8a4a5a6a93abb78c3134a6f319702837fed7478f6a0e725e823a4fa927fd1a76,Uploaded in this connection; reused only within this case,"{'a': '5556f75bc05f0029e71839e6d232187b416264779393b3d55eb15607e2d82fd8', 'bt': 'dae2f35e40e1a82c6e694bba1e79e85313921b006cb530ed15eeebd7678dcc54', 'c': 'f7b86c954d703128cd981deeb688a9a7f6f8d5b63de4d8a7be4b3847a8bb3b91'}",PASS,1.179857000010088,0.19183480000356212,0.5439191999612376,26507,20016,10208,2080,16380,3509,0,268,8,32,2638998349,100000000,4095,49792,33412,3.5839979000156745,0.031938000000081956,5.499608899990562,0.00026507,7.878862187346739,0.615536108386464
1,PASS,True,188,0,0,21452915,65,63,255,"{'m': 65, 'n': 63, 'k': 255, 'a_base': 64, 'bt_base': 16832, 'c_base': 33088, 'a_stride': 256, 'bt_stride': 256, 'c_stride': 256, 'mode': 0, 'watchdog': 10000000}",2026-10-04T16:49:59.576247+00:00,2026-10-04T16:50:05.108583+00:00,0a7c937eabb0f938899a58305d19d15a51159599447b591ad6107be673b12edb,39323e1dcfa2d901f0c615c946ea94516e9b14fda7fb153036859248c1e66a5d,a7efd43a9ef47202d6564145895d584d9360bf79a905197cbe4769e64faa4143,8a4a5a6a93abb78c3134a6f319702837fed7478f6a0e725e823a4fa927fd1a76,Uploaded in this connection; reused only within this case,"{'a': '5556f75bc05f0029e71839e6d232187b416264779393b3d55eb15607e2d82fd8', 'bt': 'dae2f35e40e1a82c6e694bba1e79e85313921b006cb530ed15eeebd7678dcc54', 'c': 'f7b86c954d703128cd981deeb688a9a7f6f8d5b63de4d8a7be4b3847a8bb3b91'}",PASS,1.17947329999879,0.19211980002000928,0.5439328000065871,52388,20016,10208,2080,16380,17512,0,268,8,32,2638998349,100000000,4095,49792,33412,3.5841136999661103,0.031683600042015314,5.499639599991497,0.00052388,3.9865045430251205,0.3114456674238375
1,PASS,True,189,0,0,21462888,1,64,256,"{'m': 1, 'n': 64, 'k': 256, 'a_base': 64, 'bt_base': 448, 'c_base': 16960, 'a_stride': 256, 'bt_stride': 256, 'c_stride': 256, 'mode': 0, 'watchdog': 10000000}",2026-10-04T16:50:06.391472+00:00,2026-10-04T16:50:08.516537+00:00,e4be40fbfd7f7cd9d8152d807ff5a03e14288e9e499289b14e96f803c40b92ae,dd735afc4a7eafc19968038ddb16a4fcd58ec4aa084ebab859620d669f39f92e,a0662f9742933beaae6ad8ffec657ad05084ad9151917f25b64dee29c9233655,40775ecdcad1ba61294c32f95a9fc90c2efb0e3eb4111192523bbd64cc54e9f9,Uploaded in this connection; reused only within this case,"{'a': '934e2f58fa1ef32cff1baea42d0385a629c8bd1e6ea1e4b17a5c927e47e76af1', 'bt': '76e0efac448a00d153ec37d22f3d2daf6efd2f5910961d05cdf45d79d67196ae', 'c': '45d18ac660574d777bc758037b89eb8cd126c2ceacf77b4d8282ba6cde884414'}",PASS,0.044093100004829466,0.1921489000087604,0.5440339000197127,6223,2232,2112,32,256,3715,0,4,8,32,2638998349,100000000,64,17280,17024,1.3118123999447562,0.03192910004872829,2.092088299978059,6.223e-05,0.5265627510846859,0.04113771492849108
1,PASS,True,190,1,0,21462888,1,64,256,"{'m': 1, 'n': 64, 'k': 256, 'a_base': 64, 'bt_base': 448, 'c_base': 16960, 'a_stride': 256, 'bt_stride': 256, 'c_stride': 256, 'mode': 1, 'watchdog': 10000000}",2026-10-04T16:50:08.543291+00:00,2026-10-04T16:50:10.660526+00:00,e4be40fbfd7f7cd9d8152d807ff5a03e14288e9e499289b14e96f803c40b92ae,dd735afc4a7eafc19968038ddb16a4fcd58ec4aa084ebab859620d669f39f92e,a0662f9742933beaae6ad8ffec657ad05084ad9151917f25b64dee29c9233655,40775ecdcad1ba61294c32f95a9fc90c2efb0e3eb4111192523bbd64cc54e9f9,Uploaded in this connection; reused only within this case,"{'a': '934e2f58fa1ef32cff1baea42d0385a629c8bd1e6ea1e4b17a5c927e47e76af1', 'bt': '76e0efac448a00d153ec37d22f3d2daf6efd2f5910961d05cdf45d79d67196ae', 'c': '45d18ac660574d777bc758037b89eb8cd126c2ceacf77b4d8282ba6cde884414'}",PASS,0.03544260002672672,0.19218909996561706,0.5442280000424944,5001,2232,2112,32,256,2618,0,4,8,32,2638998349,100000000,64,17280,17024,1.3118148999637924,0.03178680001292378,2.0836745999986306,5.001e-05,0.6552289542091582,0.05118976204759048
1,PASS,True,191,1,0,21472861,64,1,256,"{'m': 64, 'n': 1, 'k': 256, 'a_base': 64, 'bt_base': 16576, 'c_base': 16960, 'a_stride': 256, 'bt_stride': 256, 'c_stride': 64, 'mode': 1, 'watchdog': 10000000}",2026-10-04T16:50:11.943995+00:00,2026-10-04T16:50:14.580854+00:00,cbbd49c9a4af1065186175626c7a4705754ad0f3acbaee7a6a674998da493c79,2358d9b051edf5a4f5a32c07cc98d3ffbdae1c69e3c314750c832a8d1b529ae3,b147aa59424c3c2854379ed8b4a272714601195221990f04a33cdefd82d5d32e,1e53395b80b84bbb5097b3519bc1ed89bd111c1281618f7093077a8d3864ea8f,Uploaded in this connection; reused only within this case,"{'a': 'c3307dc3cfab1a60bb483d88fd11820a8501e13ae0d4732b77f3d673de4a82e7', 'bt': 'af12936435b6f8ef0b8842a49418e85d2fe86bd5cbeeb27f8b12ff389822334c', 'c': 'cb211b381000586825fdf50b787a8d5f60d5f4cf860e0defd91260aae7019b8d'}",PASS,0.29831450001802295,0.19206879998091608,0.543837400036864,6033,2232,2112,64,256,2608,0,128,8,32,2638998349,100000000,64,21120,20864,1.5683778999955393,0.032090699998661876,2.6025986000313424,6.033e-05,0.5431460301674125,0.04243328360682911
1,PASS,True,192,0,0,21472861,64,1,256,"{'m': 64, 'n': 1, 'k': 256, 'a_base': 64, 'bt_base': 16576, 'c_base': 16960, 'a_stride': 256, 'bt_stride': 256, 'c_stride': 64, 'mode': 0, 'watchdog': 10000000}",2026-10-04T16:50:14.608821+00:00,2026-10-04T16:50:17.236320+00:00,cbbd49c9a4af1065186175626c7a4705754ad0f3acbaee7a6a674998da493c79,2358d9b051edf5a4f5a32c07cc98d3ffbdae1c69e3c314750c832a8d1b529ae3,b147aa59424c3c2854379ed8b4a272714601195221990f04a33cdefd82d5d32e,1e53395b80b84bbb5097b3519bc1ed89bd111c1281618f7093077a8d3864ea8f,Uploaded in this connection; reused only within this case,"{'a': 'c3307dc3cfab1a60bb483d88fd11820a8501e13ae0d4732b77f3d673de4a82e7', 'bt': 'af12936435b6f8ef0b8842a49418e85d2fe86bd5cbeeb27f8b12ff389822334c', 'c': 'cb211b381000586825fdf50b787a8d5f60d5f4cf860e0defd91260aae7019b8d'}",PASS,0.2893875999725424,0.1919876000029035,0.5441313000046648,8349,2232,2112,64,256,3762,0,128,8,32,2638998349,100000000,64,21120,20864,1.5681786999921314,0.03167039999971166,2.593685199972242,8.349e-05,0.3924781410947419,0.03066235477302671
1,PASS,True,193,0,0,21482834,32,32,256,"{'m': 32, 'n': 32, 'k': 256, 'a_base': 64, 'bt_base': 8384, 'c_base': 16704, 'a_stride': 256, 'bt_stride': 256, 'c_stride': 128, 'mode': 0, 'watchdog': 10000000}",2026-10-04T16:50:18.502768+00:00,2026-10-04T16:50:21.124129+00:00,87d67ac59d5a3558c339173c9ee929e99e883e652f283b7a6d58be59d486b7fc,e94a3a02e6d6b69c716832fc44f9b4c5df8325fb01937ca978b1e83468559f6f,c448c079b9f8a11173e16f02b98ab5895fe448511cf2cc2a984b02bc257e048f,464d73abcb9d9c2f6be9ead54f43c51e47105b22d20d525030fe0b6037f56f88,Uploaded in this connection; reused only within this case,"{'a': 'ad50825886534505f0b813d769167bb76f3c777d01a221863c7239b6321c7f83', 'bt': 'deab38bba9194fd2aea9e9604138f2175d11c9176e0f5bfd0c43b6b0dc6b1922', 'c': '6849e5cb208f10abac54e7c707585aa402e7595c24edcade97a9655c3297a39a'}",PASS,0.30065920000197366,0.1917488999897614,0.5440686999936588,11601,4464,2048,512,4096,3471,0,66,8,32,2638998349,100000000,1024,20864,16768,1.5521293000201695,0.03172849997645244,2.5886061000055633,0.00011601,4.519334540125851,0.3530730109473321
1,PASS,True,194,1,0,21482834,32,32,256,"{'m': 32, 'n': 32, 'k': 256, 'a_base': 64, 'bt_base': 8384, 'c_base': 16704, 'a_stride': 256, 'bt_stride': 256, 'c_stride': 128, 'mode': 1, 'watchdog': 10000000}",2026-10-04T16:50:21.161243+00:00,2026-10-04T16:50:23.780228+00:00,87d67ac59d5a3558c339173c9ee929e99e883e652f283b7a6d58be59d486b7fc,e94a3a02e6d6b69c716832fc44f9b4c5df8325fb01937ca978b1e83468559f6f,c448c079b9f8a11173e16f02b98ab5895fe448511cf2cc2a984b02bc257e048f,464d73abcb9d9c2f6be9ead54f43c51e47105b22d20d525030fe0b6037f56f88,Uploaded in this connection; reused only within this case,"{'a': 'ad50825886534505f0b813d769167bb76f3c777d01a221863c7239b6321c7f83', 'bt': 'deab38bba9194fd2aea9e9604138f2175d11c9176e0f5bfd0c43b6b0dc6b1922', 'c': '6849e5cb208f10abac54e7c707585aa402e7595c24edcade97a9655c3297a39a'}",PASS,0.29782540001906455,0.19198030000552535,0.5438307999866083,11564,4464,2048,512,4096,3467,0,66,8,32,2638998349,100000000,1024,20864,16768,1.5523661999613978,0.031812400033231825,2.586002699972596,0.00011564,4.533794534763057,0.3542026980283639
1,PASS,True,195,0,0,21517752,1,1,1,"{'m': 1, 'n': 1, 'k': 1, 'a_base': 64, 'bt_base': 256, 'c_base': 448, 'a_stride': 64, 'bt_stride': 64, 'c_stride': 64, 'mode': 0, 'watchdog': 10000000}",2026-10-04T16:50:23.927216+00:00,2026-10-04T16:50:24.852253+00:00,88aa3e3b1f22c616b1817981215e7d1e75fa32b22233ebb8477f64600a5ace1f,d16bd22f7196c0a70f4b12aa0b290c4c4acecd5d6ba350ecc8447fbdf4c3819b,b95de5cfbd3ee47a6ec355b27d35b4700a37f735847c660500d596bc8746a429,c8d331f5c45e578da003120528e7dcb1e99403a959583ccc2afccb0fbefc5af7,Uploaded in this connection; reused only within this case,"{'a': 'b9cd30edc84d0c2f3e1444402fa0be0d4023aa26ea8b78d5de972bd959f19c33', 'bt': '7159daebd16f06bc55457e6a63a39f031921919613393ba5aa2f04e08679a558', 'c': '6cf86a915327aab9a8a5c00716fd18c13914f5ad82cd24f9290bba3dfdfc0861'}",PASS,0.026853299990762025,0.19215540000004694,0.5437683999771252,219,24,2,1,4,150,0,2,8,32,2638998349,100000000,1,576,572,0.1281839000293985,0.03207519999705255,0.8909609999973327,2.19e-06,0.0009132420091324201,7.134703196347032e-05
1,PASS,True,196,1,0,21517752,1,1,1,"{'m': 1, 'n': 1, 'k': 1, 'a_base': 64, 'bt_base': 256, 'c_base': 448, 'a_stride': 64, 'bt_stride': 64, 'c_stride': 64, 'mode': 1, 'watchdog': 10000000}",2026-10-04T16:50:24.881741+00:00,2026-10-04T16:50:25.795905+00:00,88aa3e3b1f22c616b1817981215e7d1e75fa32b22233ebb8477f64600a5ace1f,d16bd22f7196c0a70f4b12aa0b290c4c4acecd5d6ba350ecc8447fbdf4c3819b,b95de5cfbd3ee47a6ec355b27d35b4700a37f735847c660500d596bc8746a429,c8d331f5c45e578da003120528e7dcb1e99403a959583ccc2afccb0fbefc5af7,Uploaded in this connection; reused only within this case,"{'a': 'b9cd30edc84d0c2f3e1444402fa0be0d4023aa26ea8b78d5de972bd959f19c33', 'bt': '7159daebd16f06bc55457e6a63a39f031921919613393ba5aa2f04e08679a558', 'c': '6cf86a915327aab9a8a5c00716fd18c13914f5ad82cd24f9290bba3dfdfc0861'}",PASS,0.017507000011391938,0.19183510000584647,0.5440860000089742,216,24,2,1,4,147,0,2,8,32,2638998349,100000000,1,576,572,0.12773809995269403,0.03202290000626817,0.8811661999789067,2.16e-06,0.000925925925925926,7.233796296296296e-05
1,PASS,True,197,1,0,21527725,5,3,9,"{'m': 5, 'n': 3, 'k': 9, 'a_base': 64, 'bt_base': 512, 'c_base': 832, 'a_stride': 64, 'bt_stride': 64, 'c_stride': 64, 'mode': 1, 'watchdog': 10000000}",2026-10-04T16:50:25.943663+00:00,2026-10-04T16:50:26.931841+00:00,e96030720d8e90e48fdef8dc8ca699a76ea4d9801c515ffc9090189ce037d53f,2857c598eba183ca1082ca30415a7659d5c197bd8565e637de03cffb282de326,47901e1eaabe20affd19251ceac5b2a9da64666bafd12641879208edcd91be34,5701f78c9f6cf9261493334c42dc3745a25a06c55010f88362913560e07bb1b2,Uploaded in this connection; reused only within this case,"{'a': '8b1aa69871a25ec75a5edf5c3b3ace48ef5d679e24d799a3904a06a5f61be57e', 'bt': 'c4882bd9e8673b5c8b9e1c286bbe230e4377bdeef5a0788b89ad4e9e80bf0b7c', 'c': 'da43e9cc5077d6d44ede13483f6c9bea60c00cfcf58484f00ef01440d08639bd'}",PASS,0.043303599988576025,0.1916934999753721,0.5441086000064388,479,32,16,10,60,236,0,10,8,32,2638998349,100000000,15,1216,1156,0.176021600025706,0.03180749999592081,0.9551272999960929,4.79e-06,0.05636743215031315,0.004403705636743215
1,PASS,True,198,0,0,21527725,5,3,9,"{'m': 5, 'n': 3, 'k': 9, 'a_base': 64, 'bt_base': 512, 'c_base': 832, 'a_stride': 64, 'bt_stride': 64, 'c_stride': 64, 'mode': 0, 'watchdog': 10000000}",2026-10-04T16:50:26.960435+00:00,2026-10-04T16:50:27.939887+00:00,e96030720d8e90e48fdef8dc8ca699a76ea4d9801c515ffc9090189ce037d53f,2857c598eba183ca1082ca30415a7659d5c197bd8565e637de03cffb282de326,47901e1eaabe20affd19251ceac5b2a9da64666bafd12641879208edcd91be34,5701f78c9f6cf9261493334c42dc3745a25a06c55010f88362913560e07bb1b2,Uploaded in this connection; reused only within this case,"{'a': '8b1aa69871a25ec75a5edf5c3b3ace48ef5d679e24d799a3904a06a5f61be57e', 'bt': 'c4882bd9e8673b5c8b9e1c286bbe230e4377bdeef5a0788b89ad4e9e80bf0b7c', 'c': 'da43e9cc5077d6d44ede13483f6c9bea60c00cfcf58484f00ef01440d08639bd'}",PASS,0.033471499977167696,0.19196389999706298,0.5439247000031173,478,32,16,10,60,235,0,10,8,32,2638998349,100000000,15,1216,1156,0.1760441000224091,0.0319327000179328,0.9454041999997571,4.78e-06,0.056485355648535567,0.004412918410041841
1,PASS,True,199,0,0,21537698,31,33,17,"{'m': 31, 'n': 33, 'k': 17, 'a_base': 64, 'bt_base': 2176, 'c_base': 4416, 'a_stride': 64, 'bt_stride': 64, 'c_stride': 192, 'mode': 0, 'watchdog': 10000000}",2026-10-04T16:50:28.343570+00:00,2026-10-04T16:50:30.355743+00:00,57c78b2c0a2ed5ff522375eedc545099509d73aae1534793f9d2bdb0534d09f2,5b2150c1731a438fbbfa9e33032226a0bc42590fd6e2cfc6b64101428e00243c,832e7a4e710bc0b6aa97391ada68a7975d2e75dd47b027cf04c307483fa28abb,b63eff3a37d7ce8c2699dce9d42e70bd8f3b8989576fb4f14199e9854578173e,Uploaded in this connection; reused only within this case,"{'a': '315d29607403efe6fb55d8cf413efceefff34b743b2466c2ecc48fd8ee17e29d', 'bt': '1fa7ad1af6db6991e81c17f55625334f14b7e1a259c0ca81e6f6adf2f7d480b0', 'c': 'a1599e24caf5310fa6e1833f6a7ab2f9191162b8e53c42e29b9e6194c7225f95'}",PASS,0.4256936000310816,0.19197069999063388,0.5439391999971122,7356,800,285,527,4092,1935,0,124,8,32,2638998349,100000000,1023,10432,6340,0.8159847999922931,0.03201560000889003,1.9775883000111207,7.356e-05,0.47283849918433934,0.03694050774877651
1,PASS,True,200,1,0,21537698,31,33,17,"{'m': 31, 'n': 33, 'k': 17, 'a_base': 64, 'bt_base': 2176, 'c_base': 4416, 'a_stride': 64, 'bt_stride': 64, 'c_stride': 192, 'mode': 1, 'watchdog': 10000000}",2026-10-04T16:50:30.386005+00:00,2026-10-04T16:50:32.403864+00:00,57c78b2c0a2ed5ff522375eedc545099509d73aae1534793f9d2bdb0534d09f2,5b2150c1731a438fbbfa9e33032226a0bc42590fd6e2cfc6b64101428e00243c,832e7a4e710bc0b6aa97391ada68a7975d2e75dd47b027cf04c307483fa28abb,b63eff3a37d7ce8c2699dce9d42e70bd8f3b8989576fb4f14199e9854578173e,Uploaded in this connection; reused only within this case,"{'a': '315d29607403efe6fb55d8cf413efceefff34b743b2466c2ecc48fd8ee17e29d', 'bt': '1fa7ad1af6db6991e81c17f55625334f14b7e1a259c0ca81e6f6adf2f7d480b0', 'c': 'a1599e24caf5310fa6e1833f6a7ab2f9191162b8e53c42e29b9e6194c7225f95'}",PASS,0.4316617999575101,0.19183070003055036,0.5438875000108965,6493,800,285,527,4092,1227,0,124,8,32,2638998349,100000000,1023,10432,6340,0.8159541999921203,0.03217269998276606,1.9833341999910772,6.493e-05,0.535684583397505,0.041850358077930076
1,PASS,True,201,1,0,21547671,33,35,256,"{'m': 33, 'n': 35, 'k': 256, 'a_base': 64, 'bt_base': 8640, 'c_base': 17728, 'a_stride': 256, 'bt_stride': 256, 'c_stride': 192, 'mode': 1, 'watchdog': 10000000}",2026-10-04T16:50:33.733903+00:00,2026-10-04T16:50:36.739748+00:00,ea2a329d5efd0fb623b4cfb29cbc380ce10588e8a272bb40df45139775b1f52a,f9a61eb3d16916c0a0dbf00b841f6b2767087e789751fa78e8ab4ba6730ca1cf,853cd92897a35c7ade3bea2432b1a4559f66b30d80e40c2f7efa1c45deeda61c,87bc1e750cc88fc9268d6139bb83a5e50b0476699f41038d38eba4f219a8d091,Uploaded in this connection; reused only within this case,"{'a': '36c15f871db5f8f6951f603ca0cd4d45ae3436470955c8e27cc9c0a32612aba0', 'bt': 'bf4803f960a650fdaedcc0bdd689d01ea447adb183f218f7374e516349dc58cb', 'c': 'dadda38d1881ec4820161737e13b95cb2aa95f5014da4b4bc9028cce81153570'}",PASS,0.4608726999722421,0.19167309999465942,0.5441075000562705,13253,6975,4352,594,4620,3483,0,134,8,32,2638998349,100000000,1155,24128,19508,1.7759291999973357,0.032060899946372956,2.9725825000205077,0.00013253,4.462084056440051,0.348600316909379
1,PASS,True,202,0,0,21547671,33,35,256,"{'m': 33, 'n': 35, 'k': 256, 'a_base': 64, 'bt_base': 8640, 'c_base': 17728, 'a_stride': 256, 'bt_stride': 256, 'c_stride': 192, 'mode': 0, 'watchdog': 10000000}",2026-10-04T16:50:36.773623+00:00,2026-10-04T16:50:39.779709+00:00,ea2a329d5efd0fb623b4cfb29cbc380ce10588e8a272bb40df45139775b1f52a,f9a61eb3d16916c0a0dbf00b841f6b2767087e789751fa78e8ab4ba6730ca1cf,853cd92897a35c7ade3bea2432b1a4559f66b30d80e40c2f7efa1c45deeda61c,87bc1e750cc88fc9268d6139bb83a5e50b0476699f41038d38eba4f219a8d091,Uploaded in this connection; reused only within this case,"{'a': '36c15f871db5f8f6951f603ca0cd4d45ae3436470955c8e27cc9c0a32612aba0', 'bt': 'bf4803f960a650fdaedcc0bdd689d01ea447adb183f218f7374e516349dc58cb', 'c': 'dadda38d1881ec4820161737e13b95cb2aa95f5014da4b4bc9028cce81153570'}",PASS,0.459707600006368,0.1922360000316985,0.5439620999968611,19737,6975,4352,594,4620,7634,0,134,8,32,2638998349,100000000,1155,24128,19508,1.77597199997399,0.032035999989602715,2.9718777000089176,0.00019737,2.996200030399757,0.234078127374981
1,PASS,True,203,0,0,21557644,65,63,255,"{'m': 65, 'n': 63, 'k': 255, 'a_base': 64, 'bt_base': 16832, 'c_base': 33088, 'a_stride': 256, 'bt_stride': 256, 'c_stride': 256, 'mode': 0, 'watchdog': 10000000}",2026-10-04T16:50:42.214754+00:00,2026-10-04T16:50:47.747196+00:00,90d74d35d927e2d012e9dd344201949f53efe42d23452a71141430f88c2ebb54,668c66d3d023e60fd1e2a2e5b5d02905c55446691da74bc5859fb380b781d6c0,44558b6f9b6273928ac1c349cb931549ad13279bbd64b3fcf4690f0f835748d8,e6414d9f744e04789c70e0df8f2a2bbaaa0bc27704261a9bb3abd7777b14edf1,Uploaded in this connection; reused only within this case,"{'a': 'cb09696caa3057fdf1bab499b016e6847738e6375a1cfbf07f3fc143f3f92c12', 'bt': '5e1008821b1ad469005ec227e1cf5726af0aa556c6047645921bd72004ffb3df', 'c': 'd6972e757c9d22b7b6734b9c962fab0be8a8c95174a64707ce65dd38d5cfafc6'}",PASS,1.179357599990908,0.192176999989897,0.5440726000233553,52381,20016,10208,2080,16380,17497,0,268,8,32,2638998349,100000000,4095,49792,33412,3.5840058000176214,0.031677599996328354,5.499613000021782,0.00052381,3.9870372845115596,0.3114872878524656
1,PASS,True,204,1,0,21557644,65,63,255,"{'m': 65, 'n': 63, 'k': 255, 'a_base': 64, 'bt_base': 16832, 'c_base': 33088, 'a_stride': 256, 'bt_stride': 256, 'c_stride': 256, 'mode': 1, 'watchdog': 10000000}",2026-10-04T16:50:47.778786+00:00,2026-10-04T16:50:53.315179+00:00,90d74d35d927e2d012e9dd344201949f53efe42d23452a71141430f88c2ebb54,668c66d3d023e60fd1e2a2e5b5d02905c55446691da74bc5859fb380b781d6c0,44558b6f9b6273928ac1c349cb931549ad13279bbd64b3fcf4690f0f835748d8,e6414d9f744e04789c70e0df8f2a2bbaaa0bc27704261a9bb3abd7777b14edf1,Uploaded in this connection; reused only within this case,"{'a': 'cb09696caa3057fdf1bab499b016e6847738e6375a1cfbf07f3fc143f3f92c12', 'bt': '5e1008821b1ad469005ec227e1cf5726af0aa556c6047645921bd72004ffb3df', 'c': 'd6972e757c9d22b7b6734b9c962fab0be8a8c95174a64707ce65dd38d5cfafc6'}",PASS,1.1832648999989033,0.19216539995977655,0.5438257000059821,26502,20016,10208,2080,16380,3492,0,268,8,32,2638998349,100000000,4095,49792,33412,3.5839430000050925,0.03203340002801269,5.503198999969754,0.00026502,7.880348652931854,0.6156522385103012
1,PASS,True,205,1,0,21567617,1,64,256,"{'m': 1, 'n': 64, 'k': 256, 'a_base': 64, 'bt_base': 448, 'c_base': 16960, 'a_stride': 256, 'bt_stride': 256, 'c_stride': 256, 'mode': 1, 'watchdog': 10000000}",2026-10-04T16:50:54.597621+00:00,2026-10-04T16:50:56.723105+00:00,6cf3b77452d0a9ea280b8a680ad03c203920a68eb3fe8ae90b7d9aac29dbdffc,c517769cc85084caa066f252c2407373a32b4beb0b057517204f9c20a6212c81,124d33f9d03d1151f0a7fd9c1cb78c314c685abd7927ccad9b8cfc38b38999d5,7759c936e4015f60b8a0befe1ce215f2862773196d4061c31e0180d981a58f16,Uploaded in this connection; reused only within this case,"{'a': '272bf5fcf3ee55dbe57ba8ee3017002a24ca3a5f3628ff5adb9696c1703c45a4', 'bt': 'b222ba64579cb2e76cfaadfe50533b610a5590d468e4b691f747515306b7fae6', 'c': '042962cfb793c118f3880cedb1eefc294efff1e3e0de46c8f4710606f13335be'}",PASS,0.04403640003874898,0.19214519998058677,0.5437364000244997,5019,2232,2112,32,256,2636,0,4,8,32,2638998349,100000000,64,17280,17024,1.3121839999803342,0.03202779998537153,2.0921020000241697,5.019e-05,0.6528790595736202,0.05100617652918908
1,PASS,True,206,0,0,21567617,1,64,256,"{'m': 1, 'n': 64, 'k': 256, 'a_base': 64, 'bt_base': 448, 'c_base': 16960, 'a_stride': 256, 'bt_stride': 256, 'c_stride': 256, 'mode': 0, 'watchdog': 10000000}",2026-10-04T16:50:56.753830+00:00,2026-10-04T16:50:58.882773+00:00,6cf3b77452d0a9ea280b8a680ad03c203920a68eb3fe8ae90b7d9aac29dbdffc,c517769cc85084caa066f252c2407373a32b4beb0b057517204f9c20a6212c81,124d33f9d03d1151f0a7fd9c1cb78c314c685abd7927ccad9b8cfc38b38999d5,7759c936e4015f60b8a0befe1ce215f2862773196d4061c31e0180d981a58f16,Uploaded in this connection; reused only within this case,"{'a': '272bf5fcf3ee55dbe57ba8ee3017002a24ca3a5f3628ff5adb9696c1703c45a4', 'bt': 'b222ba64579cb2e76cfaadfe50533b610a5590d468e4b691f747515306b7fae6', 'c': '042962cfb793c118f3880cedb1eefc294efff1e3e0de46c8f4710606f13335be'}",PASS,0.047967599995899945,0.19194180000340566,0.5439077999908477,6250,2232,2112,32,256,3751,0,4,8,32,2638998349,100000000,64,17280,17024,1.312101099989377,0.031902700022328645,2.0959182999795303,6.25e-05,0.524288,0.04096
1,PASS,True,207,0,0,21577590,64,1,256,"{'m': 64, 'n': 1, 'k': 256, 'a_base': 64, 'bt_base': 16576, 'c_base': 16960, 'a_stride': 256, 'bt_stride': 256, 'c_stride': 64, 'mode': 0, 'watchdog': 10000000}",2026-10-04T16:51:00.182032+00:00,2026-10-04T16:51:02.818820+00:00,28fe1532b456ad9c20bf72cfa60ac267d430dd7dd5ce6e27497d702f09d093e4,f7d5f1654deab8a76aeb92f575509c269ebcca8881f10a3ed029373dfa3a6a6c,200f07a1f7287e617e108fced3ae4ea3c97c8190f77395fc4e653061df9dad92,4b2fb042465c95d35d8c66905df9b9fd32981fa0c51af9721a0a30e339cc0f7a,Uploaded in this connection; reused only within this case,"{'a': '813d15cacba35ca8f71c48bd74529a994663edff6d10423aca8cf5a18168b3a9', 'bt': 'b9506facbcaaae75f1e7f93525495bfbf6dd74ba5ddbd712779d3e3be6418803', 'c': 'be99ceb238dc1a5f7cfcd101e453a5eae24d9184734931e41501a5da3500347e'}",PASS,0.29877170000690967,0.19178049999754876,0.5438794000074267,8304,2232,2112,64,256,3721,0,128,8,32,2638998349,100000000,64,21120,20864,1.5680646999971941,0.03206019999925047,2.6024963000090793,8.304e-05,0.3946050096339114,0.030828516377649325
1,PASS,True,208,1,0,21577590,64,1,256,"{'m': 64, 'n': 1, 'k': 256, 'a_base': 64, 'bt_base': 16576, 'c_base': 16960, 'a_stride': 256, 'bt_stride': 256, 'c_stride': 64, 'mode': 1, 'watchdog': 10000000}",2026-10-04T16:51:02.855203+00:00,2026-10-04T16:51:05.490471+00:00,28fe1532b456ad9c20bf72cfa60ac267d430dd7dd5ce6e27497d702f09d093e4,f7d5f1654deab8a76aeb92f575509c269ebcca8881f10a3ed029373dfa3a6a6c,200f07a1f7287e617e108fced3ae4ea3c97c8190f77395fc4e653061df9dad92,4b2fb042465c95d35d8c66905df9b9fd32981fa0c51af9721a0a30e339cc0f7a,Uploaded in this connection; reused only within this case,"{'a': '813d15cacba35ca8f71c48bd74529a994663edff6d10423aca8cf5a18168b3a9', 'bt': 'b9506facbcaaae75f1e7f93525495bfbf6dd74ba5ddbd712779d3e3be6418803', 'c': 'be99ceb238dc1a5f7cfcd101e453a5eae24d9184734931e41501a5da3500347e'}",PASS,0.2982686000177637,0.19192509999265894,0.5438693999894895,6040,2232,2112,64,256,2615,0,128,8,32,2638998349,100000000,64,21120,20864,1.567975000012666,0.03195949998917058,2.602038100012578,6.04e-05,0.5425165562913907,0.0423841059602649
1,PASS,True,209,1,0,21587563,32,32,256,"{'m': 32, 'n': 32, 'k': 256, 'a_base': 64, 'bt_base': 8384, 'c_base': 16704, 'a_stride': 256, 'bt_stride': 256, 'c_stride': 128, 'mode': 1, 'watchdog': 10000000}",2026-10-04T16:51:06.790943+00:00,2026-10-04T16:51:09.410750+00:00,d7c1b33143387a43944b21402a40b34d3dd48c61954419aa9b9119f2d825f26a,dc3634bff37243190c2aa4de1cae5176e8e2b736b7f55bc243225e251b4a84dd,4da68f3d102ceebb7e3a5ee2855c8238b35ec8f765a7cd2b5d86a279e3d8ee82,93dd18e14c7c6a90214663b4019831a625ba99ba73984f1f942277984adc5adc,Uploaded in this connection; reused only within this case,"{'a': 'd23d2e5d57009ddbaa003e7753db6fcd2011304276b5d4a4e09cd177e40f6e59', 'bt': '178a5af4e21a5dca4ceb27ba64bb5e4cf2eb10288987dfd1723d11a19f5754b8', 'c': 'edf9632e45712f415ddd45e759133208887fa319c274cf11d9c60ac8cb155b52'}",PASS,0.294772399996873,0.19206580001628026,0.5437893999624066,11576,4464,2048,512,4096,3466,0,66,8,32,2638998349,100000000,1024,20864,16768,1.5520537000265904,0.03222170000663027,2.5826813000021502,0.00011576,4.529094678645474,0.3538355217691776
1,PASS,True,210,0,0,21587563,32,32,256,"{'m': 32, 'n': 32, 'k': 256, 'a_base': 64, 'bt_base': 8384, 'c_base': 16704, 'a_stride': 256, 'bt_stride': 256, 'c_stride': 128, 'mode': 0, 'watchdog': 10000000}",2026-10-04T16:51:09.446844+00:00,2026-10-04T16:51:12.066383+00:00,d7c1b33143387a43944b21402a40b34d3dd48c61954419aa9b9119f2d825f26a,dc3634bff37243190c2aa4de1cae5176e8e2b736b7f55bc243225e251b4a84dd,4da68f3d102ceebb7e3a5ee2855c8238b35ec8f765a7cd2b5d86a279e3d8ee82,93dd18e14c7c6a90214663b4019831a625ba99ba73984f1f942277984adc5adc,Uploaded in this connection; reused only within this case,"{'a': 'd23d2e5d57009ddbaa003e7753db6fcd2011304276b5d4a4e09cd177e40f6e59', 'bt': '178a5af4e21a5dca4ceb27ba64bb5e4cf2eb10288987dfd1723d11a19f5754b8', 'c': 'edf9632e45712f415ddd45e759133208887fa319c274cf11d9c60ac8cb155b52'}",PASS,0.29695190000347793,0.19213469995884225,0.5437702999915928,11615,4464,2048,512,4096,3451,0,66,8,32,2638998349,100000000,1024,20864,16768,1.5521116000018083,0.031982600048650056,2.584968499955721,0.00011615,4.513887214808437,0.3526474386569092
1,PASS,True,211,1,0,21622481,1,1,1,"{'m': 1, 'n': 1, 'k': 1, 'a_base': 64, 'bt_base': 256, 'c_base': 448, 'a_stride': 64, 'bt_stride': 64, 'c_stride': 64, 'mode': 1, 'watchdog': 10000000}",2026-10-04T16:51:12.211906+00:00,2026-10-04T16:51:13.138412+00:00,383e5d7d58caa41ce723cf16af471b38f6ee9065c032d07fa6bef1678cb72f1d,021fb596db81e6d02bf3d2586ee3981fe519f275c0ac9ca76bbcf2ebb4097d96,5e8fd06075727e819a5f1ba3b167b6ccece479231bbf942baf679d9c71755949,9b54ef334d2c526cfa8a48546f2716aec0504892d9ea3b70579f74e9ad694a8a,Uploaded in this connection; reused only within this case,"{'a': '6dec5a2c6e8787bf80834c550816c566aae9b7021a25b42d6ff6bf722a527e1a', 'bt': '0609552ace50aad05a8b6282eb5bb6033910bea6ca791d1c93a2a8d557f90f18', 'c': 'd6c7d90e46819e36aecaa6ae8b8b669fbae99a923d1c216d8113656102c88c69'}",PASS,0.028637600014917552,0.19183560000965372,0.5438457999844104,218,24,2,1,4,149,0,2,8,32,2638998349,100000000,1,576,572,0.1279655999969691,0.0321799999801442,0.8922846000059508,2.18e-06,0.0009174311926605505,7.167431192660551e-05
1,PASS,True,212,0,0,21622481,1,1,1,"{'m': 1, 'n': 1, 'k': 1, 'a_base': 64, 'bt_base': 256, 'c_base': 448, 'a_stride': 64, 'bt_stride': 64, 'c_stride': 64, 'mode': 0, 'watchdog': 10000000}",2026-10-04T16:51:13.170690+00:00,2026-10-04T16:51:14.098319+00:00,383e5d7d58caa41ce723cf16af471b38f6ee9065c032d07fa6bef1678cb72f1d,021fb596db81e6d02bf3d2586ee3981fe519f275c0ac9ca76bbcf2ebb4097d96,5e8fd06075727e819a5f1ba3b167b6ccece479231bbf942baf679d9c71755949,9b54ef334d2c526cfa8a48546f2716aec0504892d9ea3b70579f74e9ad694a8a,Uploaded in this connection; reused only within this case,"{'a': '6dec5a2c6e8787bf80834c550816c566aae9b7021a25b42d6ff6bf722a527e1a', 'bt': '0609552ace50aad05a8b6282eb5bb6033910bea6ca791d1c93a2a8d557f90f18', 'c': 'd6c7d90e46819e36aecaa6ae8b8b669fbae99a923d1c216d8113656102c88c69'}",PASS,0.030227000010199845,0.19180299999425188,0.543830499984324,218,24,2,1,4,149,0,2,8,32,2638998349,100000000,1,576,572,0.12817370000993833,0.031893700012005866,0.894034199998714,2.18e-06,0.0009174311926605505,7.167431192660551e-05
1,PASS,True,213,0,0,21632454,5,3,9,"{'m': 5, 'n': 3, 'k': 9, 'a_base': 64, 'bt_base': 512, 'c_base': 832, 'a_stride': 64, 'bt_stride': 64, 'c_stride': 64, 'mode': 0, 'watchdog': 10000000}",2026-10-04T16:51:14.245313+00:00,2026-10-04T16:51:15.234267+00:00,c19aa2af40d2776fafdd775a186ff2e11a9e72c1a82fc756cc598773d5549fb8,457251056104e644a7a4ae58d164fb6a2e73b6d9c9cc4113fe99dc176b9d66b7,12b9e8cd2b853c1485c71730497e636a69fac19dbd79d9a97e9d5758465c00de,9bcaac4dbf3d0824202ddb954b39c27e782f5a80d4f68a125700e0a26b514148,Uploaded in this connection; reused only within this case,"{'a': '4d10bfeb4c965ff24fdb5ec412c05564fc879444baab90983d2e34e59b94d3d4', 'bt': 'b156db6d1cbea14ea249f9c9757e4aceee347de3d05b2ecdd4d48153fe081b7d', 'c': 'c5dd1b7e18045828ae69c8d01f9df303e403ce99624422a95a2066a47ae7e101'}",PASS,0.04267900000559166,0.19184390001464635,0.5440815000329167,479,32,16,10,60,236,0,10,8,32,2638998349,100000000,15,1216,1156,0.17607239994686097,0.031867100042290986,0.9546768000000156,4.79e-06,0.05636743215031315,0.004403705636743215
1,PASS,True,214,1,0,21632454,5,3,9,"{'m': 5, 'n': 3, 'k': 9, 'a_base': 64, 'bt_base': 512, 'c_base': 832, 'a_stride': 64, 'bt_stride': 64, 'c_stride': 64, 'mode': 1, 'watchdog': 10000000}",2026-10-04T16:51:15.273155+00:00,2026-10-04T16:51:16.258246+00:00,c19aa2af40d2776fafdd775a186ff2e11a9e72c1a82fc756cc598773d5549fb8,457251056104e644a7a4ae58d164fb6a2e73b6d9c9cc4113fe99dc176b9d66b7,12b9e8cd2b853c1485c71730497e636a69fac19dbd79d9a97e9d5758465c00de,9bcaac4dbf3d0824202ddb954b39c27e782f5a80d4f68a125700e0a26b514148,Uploaded in this connection; reused only within this case,"{'a': '4d10bfeb4c965ff24fdb5ec412c05564fc879444baab90983d2e34e59b94d3d4', 'bt': 'b156db6d1cbea14ea249f9c9757e4aceee347de3d05b2ecdd4d48153fe081b7d', 'c': 'c5dd1b7e18045828ae69c8d01f9df303e403ce99624422a95a2066a47ae7e101'}",PASS,0.03896309999981895,0.19202600000426173,0.5444782999693416,481,32,16,10,60,238,0,10,8,32,2638998349,100000000,15,1216,1156,0.17553380003664643,0.031886299955658615,0.9510012000100687,4.81e-06,0.056133056133056136,0.004385395010395011
1,PASS,True,215,1,0,21642427,31,33,17,"{'m': 31, 'n': 33, 'k': 17, 'a_base': 64, 'bt_base': 2176, 'c_base': 4416, 'a_stride': 64, 'bt_stride': 64, 'c_stride': 192, 'mode': 1, 'watchdog': 10000000}",2026-10-04T16:51:16.662676+00:00,2026-10-04T16:51:18.674388+00:00,0b860523e834e42b1d20abf6bba4e3214e94693f0b332c6101d09579877a96b8,15e796cb0b0fdcde0c36444acd6f8ae1d52c2937c4596e750e475bc7326a0eae,aac7a601ba5cc2a0319814382bf410fdf3d2dc785f4d1adefcf078bb8c2bfc90,caf0a55c8cc90b46d59841677cdb959f8032837668fd955eed0c7ea0f220ea33,Uploaded in this connection; reused only within this case,"{'a': '2d806a6f75bcb5231552eb1f9291c92a5529b1db9d541bafd0f4e6d49640d9b1', 'bt': 'f57abc9eeb63474223a3284f509ada77ffa90f31ba023605f1cc5687a5aec6d9', 'c': 'c703af4de2960415f59559b9cd2b36d483419d0591c2a6eafb5db6d73ecb891e'}",PASS,0.42581679997965693,0.19204450002871454,0.5440037000225857,6494,800,285,527,4092,1241,0,124,8,32,2638998349,100000000,1023,10432,6340,0.8159539999905974,0.031988499977160245,1.9778190000215545,6.494e-05,0.5356020942408377,0.041843913612565446
1,PASS,True,216,0,0,21642427,31,33,17,"{'m': 31, 'n': 33, 'k': 17, 'a_base': 64, 'bt_base': 2176, 'c_base': 4416, 'a_stride': 64, 'bt_stride': 64, 'c_stride': 192, 'mode': 0, 'watchdog': 10000000}",2026-10-04T16:51:18.708294+00:00,2026-10-04T16:51:20.721960+00:00,0b860523e834e42b1d20abf6bba4e3214e94693f0b332c6101d09579877a96b8,15e796cb0b0fdcde0c36444acd6f8ae1d52c2937c4596e750e475bc7326a0eae,aac7a601ba5cc2a0319814382bf410fdf3d2dc785f4d1adefcf078bb8c2bfc90,caf0a55c8cc90b46d59841677cdb959f8032837668fd955eed0c7ea0f220ea33,Uploaded in this connection; reused only within this case,"{'a': '2d806a6f75bcb5231552eb1f9291c92a5529b1db9d541bafd0f4e6d49640d9b1', 'bt': 'f57abc9eeb63474223a3284f509ada77ffa90f31ba023605f1cc5687a5aec6d9', 'c': 'c703af4de2960415f59559b9cd2b36d483419d0591c2a6eafb5db6d73ecb891e'}",PASS,0.4275663999724202,0.19201180001255125,0.5440596000407822,7420,800,285,527,4092,1961,0,124,8,32,2638998349,100000000,1023,10432,6340,0.8161220999900252,0.03170079999836162,1.9797599000157788,7.42e-05,0.4687601078167116,0.036621883423180596
1,PASS,True,217,0,0,21652400,33,35,256,"{'m': 33, 'n': 35, 'k': 256, 'a_base': 64, 'bt_base': 8640, 'c_base': 17728, 'a_stride': 256, 'bt_stride': 256, 'c_stride': 192, 'mode': 0, 'watchdog': 10000000}",2026-10-04T16:51:22.068933+00:00,2026-10-04T16:51:25.074272+00:00,e316496e246f17fae28f7da18a3edc6fc6670bd3f5309b1208dfba2e81d5c124,11b0178601021794e27931d3b8bed3250ac99a66fa651c4fe00afdacb4fe854d,27b0a6464e6d6a8a19ebec6035b48351127f25e00f9043c2cdb0727633d08c65,da919266f0fc970610492cd9be546ff55dc90871d6a5b014d9f197cc3d9e5598,Uploaded in this connection; reused only within this case,"{'a': '1721fc980d0e295b17fec0d164c2176535caaa8cfb07fa777118d6825dcb48f0', 'bt': '5df5ee7c6cfe2b0e3b8e76bfc90862d012a2093e66af5015838048dbd7cf2d98', 'c': 'b424ce4c74c6ee92031ae7dae19193cc0fefb3cfc6b4b971f25160302df36cbc'}",PASS,0.45995650003897026,0.19196530000772327,0.5440989999915473,19812,6975,4352,594,4620,7689,0,134,8,32,2638998349,100000000,1155,24128,19508,1.7759014999610372,0.032120600051712245,2.971922299999278,0.00019812,2.9848576620230163,0.23319200484554814
1,PASS,True,218,1,0,21652400,33,35,256,"{'m': 33, 'n': 35, 'k': 256, 'a_base': 64, 'bt_base': 8640, 'c_base': 17728, 'a_stride': 256, 'bt_stride': 256, 'c_stride': 192, 'mode': 1, 'watchdog': 10000000}",2026-10-04T16:51:25.120005+00:00,2026-10-04T16:51:28.130064+00:00,e316496e246f17fae28f7da18a3edc6fc6670bd3f5309b1208dfba2e81d5c124,11b0178601021794e27931d3b8bed3250ac99a66fa651c4fe00afdacb4fe854d,27b0a6464e6d6a8a19ebec6035b48351127f25e00f9043c2cdb0727633d08c65,da919266f0fc970610492cd9be546ff55dc90871d6a5b014d9f197cc3d9e5598,Uploaded in this connection; reused only within this case,"{'a': '1721fc980d0e295b17fec0d164c2176535caaa8cfb07fa777118d6825dcb48f0', 'bt': '5df5ee7c6cfe2b0e3b8e76bfc90862d012a2093e66af5015838048dbd7cf2d98', 'c': 'b424ce4c74c6ee92031ae7dae19193cc0fefb3cfc6b4b971f25160302df36cbc'}",PASS,0.4641742000239901,0.1922480000066571,0.5438410000060685,13293,6975,4352,594,4620,3483,0,134,8,32,2638998349,100000000,1155,24128,19508,1.7761541999643669,0.03192700003273785,2.9764174000010826,0.00013293,4.448657187993681,0.34755134281200634
1,PASS,True,219,1,0,21662373,65,63,255,"{'m': 65, 'n': 63, 'k': 255, 'a_base': 64, 'bt_base': 16832, 'c_base': 33088, 'a_stride': 256, 'bt_stride': 256, 'c_stride': 256, 'mode': 1, 'watchdog': 10000000}",2026-10-04T16:51:30.597401+00:00,2026-10-04T16:51:36.129675+00:00,98e03cf5fd3840259fa3deb08e66dc5ba6973c2ce6e564735c5cf92b04fe9916,efa2b13ddc023bac72197234d25d9f1cb487124c53b3ffec5475f7ac81f2f359,14cfb24cb409aecd986a1aa2d5b83a7379140642cedc7c43fcd84d20dbd55915,10502f1ad46a5e3ec3651646c3238e5735a555492a2e585518095c88ac06ea79,Uploaded in this connection; reused only within this case,"{'a': '62876271fe5a107fd0fb82cf4537732b2c66c27d7ddd45dacf332b63648bf8a8', 'bt': '4325f1d143efaf6460e014c5f95e5a9db8c58bab42c088d8c3303617cd074157', 'c': '82333713bf9b8f890e5167477d5d1a38da272725b41e1264c171e2098e3d0cbf'}",PASS,1.179261100012809,0.19176000001607463,0.5442125999834388,26443,20016,10208,2080,16380,3490,0,268,8,32,2638998349,100000000,4095,49792,33412,3.5837520000059158,0.03208600002108142,5.498985700018238,0.00026443,7.897931399614264,0.6170258905948645
1,PASS,True,220,0,0,21662373,65,63,255,"{'m': 65, 'n': 63, 'k': 255, 'a_base': 64, 'bt_base': 16832, 'c_base': 33088, 'a_stride': 256, 'bt_stride': 256, 'c_stride': 256, 'mode': 0, 'watchdog': 10000000}",2026-10-04T16:51:36.159825+00:00,2026-10-04T16:51:41.697816+00:00,98e03cf5fd3840259fa3deb08e66dc5ba6973c2ce6e564735c5cf92b04fe9916,efa2b13ddc023bac72197234d25d9f1cb487124c53b3ffec5475f7ac81f2f359,14cfb24cb409aecd986a1aa2d5b83a7379140642cedc7c43fcd84d20dbd55915,10502f1ad46a5e3ec3651646c3238e5735a555492a2e585518095c88ac06ea79,Uploaded in this connection; reused only within this case,"{'a': '62876271fe5a107fd0fb82cf4537732b2c66c27d7ddd45dacf332b63648bf8a8', 'bt': '4325f1d143efaf6460e014c5f95e5a9db8c58bab42c088d8c3303617cd074157', 'c': '82333713bf9b8f890e5167477d5d1a38da272725b41e1264c171e2098e3d0cbf'}",PASS,1.1835336000076495,0.19207649998134002,0.5437871000031009,52399,20016,10208,2080,16380,17515,0,268,8,32,2638998349,100000000,4095,49792,33412,3.5839404999860562,0.03241019998677075,5.503337699978147,0.00052399,3.985667665413462,0.31138028636042675
1,PASS,True,221,0,0,21672346,1,64,256,"{'m': 1, 'n': 64, 'k': 256, 'a_base': 64, 'bt_base': 448, 'c_base': 16960, 'a_stride': 256, 'bt_stride': 256, 'c_stride': 256, 'mode': 0, 'watchdog': 10000000}",2026-10-04T16:51:42.995225+00:00,2026-10-04T16:51:45.121180+00:00,a2627fc2139c4f89b4e852e5ffccfce5360b85b0c6463a27051e11e53e830e53,93d02a546411e1d3df13416fe4b4bd0473b9dd89d9e856b6adc2c6b39ab7af02,6805c487b01cd0fc2d249a037964ac4aaea6fed6e975ddfe2542b81ee2c236c1,8bf4b6cad647c74f4aa279fc12b7b6b9823d41030397904293af9a2663f460b6,Uploaded in this connection; reused only within this case,"{'a': 'f7f7dbb137cac0d14dfce5768394e2cee9ad74b11488e0440d5bf5748224fb62', 'bt': '2ee07e30c6a44f8c1ae2ca8dff90f91bc6d3f9b67c13f61e65ce4d9f7bdd763c', 'c': '7bbb5ef870c862a0b6ef763b5976f662556f7e8ed8b76dc91af62003621ceb7a'}",PASS,0.044232700020074844,0.19219929998507723,0.5436664000153542,6270,2232,2112,32,256,3766,0,4,8,32,2638998349,100000000,64,17280,17024,1.312362700002268,0.031601700000464916,2.092461100022774,6.27e-05,0.5226156299840511,0.040829346092503986
1,PASS,True,222,1,0,21672346,1,64,256,"{'m': 1, 'n': 64, 'k': 256, 'a_base': 64, 'bt_base': 448, 'c_base': 16960, 'a_stride': 256, 'bt_stride': 256, 'c_stride': 256, 'mode': 1, 'watchdog': 10000000}",2026-10-04T16:51:45.157381+00:00,2026-10-04T16:51:47.281377+00:00,a2627fc2139c4f89b4e852e5ffccfce5360b85b0c6463a27051e11e53e830e53,93d02a546411e1d3df13416fe4b4bd0473b9dd89d9e856b6adc2c6b39ab7af02,6805c487b01cd0fc2d249a037964ac4aaea6fed6e975ddfe2542b81ee2c236c1,8bf4b6cad647c74f4aa279fc12b7b6b9823d41030397904293af9a2663f460b6,Uploaded in this connection; reused only within this case,"{'a': 'f7f7dbb137cac0d14dfce5768394e2cee9ad74b11488e0440d5bf5748224fb62', 'bt': '2ee07e30c6a44f8c1ae2ca8dff90f91bc6d3f9b67c13f61e65ce4d9f7bdd763c', 'c': '7bbb5ef870c862a0b6ef763b5976f662556f7e8ed8b76dc91af62003621ceb7a'}",PASS,0.04210369999054819,0.19192229997133836,0.5440656000282615,5023,2232,2112,32,256,2640,0,4,8,32,2638998349,100000000,64,17280,17024,1.3119533999706618,0.032098399999085814,2.09004499996081,5.023e-05,0.65235914791957,0.050965558431216404
1,PASS,True,223,1,0,21682319,64,1,256,"{'m': 64, 'n': 1, 'k': 256, 'a_base': 64, 'bt_base': 16576, 'c_base': 16960, 'a_stride': 256, 'bt_stride': 256, 'c_stride': 64, 'mode': 1, 'watchdog': 10000000}",2026-10-04T16:51:48.579432+00:00,2026-10-04T16:51:51.217112+00:00,3da34fbc10fd97ded3e5eaff8f200cc9ff11d1b635f33c62dc82c8363e17d6ba,11de0b39e388d68fd2949588a37dec8045a1696864fbbe72f6ef78aa1e2d87e3,3d6fabd505b210b3ba0d012ea088f6d981e737d493f0c673b198c8f53fc696bf,475e270d25352aaad9ff15c3a38ad2a087debd4da076380d9ab171606aca68ac,Uploaded in this connection; reused only within this case,"{'a': '146434e307a178e43f29f7712b6b608b5c715ed509132f99637e2de3f888ca2c', 'bt': '1afbc311076ada9bcfcd4a583d2d2876e22b3bc414ed4982989e09cf14ffd704', 'c': 'c092a4cbfb9955eeee0f5a6b172dbf8c589c5d0a32ba19aed66ed4f431d8860f'}",PASS,0.3004598999978043,0.19205569999758154,0.5438825000310317,6062,2232,2112,64,256,2633,0,128,8,32,2638998349,100000000,64,21120,20864,1.5679498999961652,0.0320812999852933,2.6043480000225827,6.062e-05,0.540547674034972,0.04223028703398218
1,PASS,True,224,0,0,21682319,64,1,256,"{'m': 64, 'n': 1, 'k': 256, 'a_base': 64, 'bt_base': 16576, 'c_base': 16960, 'a_stride': 256, 'bt_stride': 256, 'c_stride': 64, 'mode': 0, 'watchdog': 10000000}",2026-10-04T16:51:51.247583+00:00,2026-10-04T16:51:53.889048+00:00,3da34fbc10fd97ded3e5eaff8f200cc9ff11d1b635f33c62dc82c8363e17d6ba,11de0b39e388d68fd2949588a37dec8045a1696864fbbe72f6ef78aa1e2d87e3,3d6fabd505b210b3ba0d012ea088f6d981e737d493f0c673b198c8f53fc696bf,475e270d25352aaad9ff15c3a38ad2a087debd4da076380d9ab171606aca68ac,Uploaded in this connection; reused only within this case,"{'a': '146434e307a178e43f29f7712b6b608b5c715ed509132f99637e2de3f888ca2c', 'bt': '1afbc311076ada9bcfcd4a583d2d2876e22b3bc414ed4982989e09cf14ffd704', 'c': 'c092a4cbfb9955eeee0f5a6b172dbf8c589c5d0a32ba19aed66ed4f431d8860f'}",PASS,0.3043988000135869,0.19194420002168044,0.5440886999713257,8305,2232,2112,64,256,3722,0,128,8,32,2638998349,100000000,64,21120,20864,1.5680580000043847,0.03190000000176951,2.6084897000109777,8.305e-05,0.3945574954846478,0.03082480433473811
1,PASS,True,225,0,0,21692292,32,32,256,"{'m': 32, 'n': 32, 'k': 256, 'a_base': 64, 'bt_base': 8384, 'c_base': 16704, 'a_stride': 256, 'bt_stride': 256, 'c_stride': 128, 'mode': 0, 'watchdog': 10000000}",2026-10-04T16:51:55.171429+00:00,2026-10-04T16:51:57.793124+00:00,a9c3c951abf5de10c329040b802ae61527a8b8f26b79cb62faff79d0224fdf98,cf99445d2caf54034d325e6df1af9e1b57cdf4ce01b48f646fec70c31505702c,773180576c34bc63e44a1c7b24a66ad1720a14c40b46d785ab859605d3e7cc7e,be044978f6c379cbd50ba9c95ac539e191d2dfb9b4d5918497cb1f5e3cf3f24b,Uploaded in this connection; reused only within this case,"{'a': '5c7a03b0946389590aa7384c08c7ea4b7c450638101a03d175a3da17f6e3eebc', 'bt': '27bd00319ac145f58ab5fecfa97537e7134a65598d0a7775a421e7f4727ddd3a', 'c': 'd84f0b125d22fed9e61766f5e47e42d0f584fb2e370e13156f5bd1842fd68f67'}",PASS,0.30025709996698424,0.19198190001770854,0.5439122999669053,11643,4464,2048,512,4096,3472,0,66,8,32,2638998349,100000000,1024,20864,16768,1.551952900015749,0.03235240001231432,2.588104199967347,0.00011643,4.503031864639698,0.3517993644249764
1,PASS,True,226,1,0,21692292,32,32,256,"{'m': 32, 'n': 32, 'k': 256, 'a_base': 64, 'bt_base': 8384, 'c_base': 16704, 'a_stride': 256, 'bt_stride': 256, 'c_stride': 128, 'mode': 1, 'watchdog': 10000000}",2026-10-04T16:51:57.831138+00:00,2026-10-04T16:52:00.448607+00:00,a9c3c951abf5de10c329040b802ae61527a8b8f26b79cb62faff79d0224fdf98,cf99445d2caf54034d325e6df1af9e1b57cdf4ce01b48f646fec70c31505702c,773180576c34bc63e44a1c7b24a66ad1720a14c40b46d785ab859605d3e7cc7e,be044978f6c379cbd50ba9c95ac539e191d2dfb9b4d5918497cb1f5e3cf3f24b,Uploaded in this connection; reused only within this case,"{'a': '5c7a03b0946389590aa7384c08c7ea4b7c450638101a03d175a3da17f6e3eebc', 'bt': '27bd00319ac145f58ab5fecfa97537e7134a65598d0a7775a421e7f4727ddd3a', 'c': 'd84f0b125d22fed9e61766f5e47e42d0f584fb2e370e13156f5bd1842fd68f67'}",PASS,0.2957099000341259,0.19212989998050034,0.5438407000037841,11620,4464,2048,512,4096,3490,0,66,8,32,2638998349,100000000,1024,20864,16768,1.5521288000163622,0.0317582999705337,2.5838093000347726,0.0001162,4.511944922547332,0.35249569707401035
1,PASS,True,227,0,0,21727210,1,1,1,"{'m': 1, 'n': 1, 'k': 1, 'a_base': 64, 'bt_base': 256, 'c_base': 448, 'a_stride': 64, 'bt_stride': 64, 'c_stride': 64, 'mode': 0, 'watchdog': 10000000}",2026-10-04T16:52:00.594568+00:00,2026-10-04T16:52:01.520640+00:00,72dfcfb0c470ac255cde83fb8fe38de8a128188e03ea5ba5b2a93adbea1062fa,4f362f9093bb8e7012f466224ff1237c0746d8c8f660b16699f5036ccba9c64a,de5e0a12d8867047b8999a264eba4cc39d9abadf531a4d99906dce5a60ce4dcf,8a1e4f2e9d8890b8d07976593250accd1fa7faf37c39ead4d156e0deaba3517a,Uploaded in this connection; reused only within this case,"{'a': 'a75726bf1c5b76700b165d77a768fcc2195a3c15683064fc77191c45c099a3bb', 'bt': '8671917a24361928e8298aa833ef9b77c95d7fe6679bc27b570a1596b4471775', 'c': '44b08136b3df559c544b50f24354c95eb52d27095562d609f1880d753b94eea9'}",PASS,0.02880109997931868,0.19195910001872107,0.5441576999728568,219,24,2,1,4,150,0,2,8,32,2638998349,100000000,1,576,572,0.12794390000635758,0.03196470002876595,0.8928617999772541,2.19e-06,0.0009132420091324201,7.134703196347032e-05
1,PASS,True,228,1,0,21727210,1,1,1,"{'m': 1, 'n': 1, 'k': 1, 'a_base': 64, 'bt_base': 256, 'c_base': 448, 'a_stride': 64, 'bt_stride': 64, 'c_stride': 64, 'mode': 1, 'watchdog': 10000000}",2026-10-04T16:52:01.547006+00:00,2026-10-04T16:52:02.464741+00:00,72dfcfb0c470ac255cde83fb8fe38de8a128188e03ea5ba5b2a93adbea1062fa,4f362f9093bb8e7012f466224ff1237c0746d8c8f660b16699f5036ccba9c64a,de5e0a12d8867047b8999a264eba4cc39d9abadf531a4d99906dce5a60ce4dcf,8a1e4f2e9d8890b8d07976593250accd1fa7faf37c39ead4d156e0deaba3517a,Uploaded in this connection; reused only within this case,"{'a': 'a75726bf1c5b76700b165d77a768fcc2195a3c15683064fc77191c45c099a3bb', 'bt': '8671917a24361928e8298aa833ef9b77c95d7fe6679bc27b570a1596b4471775', 'c': '44b08136b3df559c544b50f24354c95eb52d27095562d609f1880d753b94eea9'}",PASS,0.020258799951989204,0.1919142000260763,0.5437619999866001,222,24,2,1,4,149,0,2,8,32,2638998349,100000000,1,576,572,0.12844400003086776,0.03178680001292378,0.8843789999955334,2.22e-06,0.0009009009009009009,7.038288288288288e-05
1,PASS,True,229,1,0,21737183,5,3,9,"{'m': 5, 'n': 3, 'k': 9, 'a_base': 64, 'bt_base': 512, 'c_base': 832, 'a_stride': 64, 'bt_stride': 64, 'c_stride': 64, 'mode': 1, 'watchdog': 10000000}",2026-10-04T16:52:02.626789+00:00,2026-10-04T16:52:03.616671+00:00,0cb3805e61f66dc414a81071e57ebd2863a539b4d9b6c71c716c9e38e129302f,5c159a214bd4b4837358289fbfba35f9a9f4026942c25c482079f8ffc34ea834,962e6471a5532ad6951743f4f5fef5a0d23796a1af1cd13bafd5b8dd9b78c2b0,9560bfc044cf5378222ac2a1b95c965e69c0b8c6bca0295fdc04da33abbe7ac5,Uploaded in this connection; reused only within this case,"{'a': 'df71819ef8198a89952c7630f176dbb12c461672c14ce6857f2c696da2b6291c', 'bt': '889df135bc5f2f6ff153df445b2e51026cd57404cdab7acf968a5b57451fe3a1', 'c': '9baab093a60724be11c2b68453fbeb44ec6bdca3ddab6a0e0fe2e6b283dcf191'}",PASS,0.04466940002748743,0.19199630001094192,0.5440177000127733,479,32,16,10,60,236,0,10,8,32,2638998349,100000000,15,1216,1156,0.17602610000176355,0.03205859998706728,0.9567095000529662,4.79e-06,0.05636743215031315,0.004403705636743215
1,PASS,True,230,0,0,21737183,5,3,9,"{'m': 5, 'n': 3, 'k': 9, 'a_base': 64, 'bt_base': 512, 'c_base': 832, 'a_stride': 64, 'bt_stride': 64, 'c_stride': 64, 'mode': 0, 'watchdog': 10000000}",2026-10-04T16:52:03.650791+00:00,2026-10-04T16:52:04.641284+00:00,0cb3805e61f66dc414a81071e57ebd2863a539b4d9b6c71c716c9e38e129302f,5c159a214bd4b4837358289fbfba35f9a9f4026942c25c482079f8ffc34ea834,962e6471a5532ad6951743f4f5fef5a0d23796a1af1cd13bafd5b8dd9b78c2b0,9560bfc044cf5378222ac2a1b95c965e69c0b8c6bca0295fdc04da33abbe7ac5,Uploaded in this connection; reused only within this case,"{'a': 'df71819ef8198a89952c7630f176dbb12c461672c14ce6857f2c696da2b6291c', 'bt': '889df135bc5f2f6ff153df445b2e51026cd57404cdab7acf968a5b57451fe3a1', 'c': '9baab093a60724be11c2b68453fbeb44ec6bdca3ddab6a0e0fe2e6b283dcf191'}",PASS,0.0440392000018619,0.19199670001398772,0.5441519999876618,479,32,16,10,60,236,0,10,8,32,2638998349,100000000,15,1216,1156,0.17583680001553148,0.03262379998341203,0.9560247000190429,4.79e-06,0.05636743215031315,0.004403705636743215
1,PASS,True,231,0,0,21747156,31,33,17,"{'m': 31, 'n': 33, 'k': 17, 'a_base': 64, 'bt_base': 2176, 'c_base': 4416, 'a_stride': 64, 'bt_stride': 64, 'c_stride': 192, 'mode': 0, 'watchdog': 10000000}",2026-10-04T16:52:05.059713+00:00,2026-10-04T16:52:07.072567+00:00,9f1ea96815dfd7bd5d6b3c9f1761864e7ad72138dc6f4d2b49b6a3f5a8f43a44,f44097cb1119fb1fbdaf77cee66dde408dcb6da7d8c2723298100937d561d7f0,75f60a34b5d554608d10ce826e5df9800fe049cf60f800385527a0919f4fc904,552d34c6cffaaa1675652285552660a081d386d972628c334a638c3fdb635c8c,Uploaded in this connection; reused only within this case,"{'a': '1acfc2556aa7125476ea639a6bf36fcea63842b91236686b5ee4f4c63b907bff', 'bt': '08c6e165cf8ac5bdfaa033cf48e7995503e2b96a9cf56f0d0633669a22c4fc3e', 'c': '8753a977473fcc2ace5834e984745d01cc784af7f1b0f1260e03754f450a9812'}",PASS,0.42775430000619963,0.1919550999882631,0.5440149999922141,7362,800,285,527,4092,1937,0,124,8,32,2638998349,100000000,1023,10432,6340,0.8158920000423677,0.0321235999581404,1.9796164000290446,7.362e-05,0.47245313773431136,0.03691040138549307
1,PASS,True,232,1,0,21747156,31,33,17,"{'m': 31, 'n': 33, 'k': 17, 'a_base': 64, 'bt_base': 2176, 'c_base': 4416, 'a_stride': 64, 'bt_stride': 64, 'c_stride': 192, 'mode': 1, 'watchdog': 10000000}",2026-10-04T16:52:07.104962+00:00,2026-10-04T16:52:09.120540+00:00,9f1ea96815dfd7bd5d6b3c9f1761864e7ad72138dc6f4d2b49b6a3f5a8f43a44,f44097cb1119fb1fbdaf77cee66dde408dcb6da7d8c2723298100937d561d7f0,75f60a34b5d554608d10ce826e5df9800fe049cf60f800385527a0919f4fc904,552d34c6cffaaa1675652285552660a081d386d972628c334a638c3fdb635c8c,Uploaded in this connection; reused only within this case,"{'a': '1acfc2556aa7125476ea639a6bf36fcea63842b91236686b5ee4f4c63b907bff', 'bt': '08c6e165cf8ac5bdfaa033cf48e7995503e2b96a9cf56f0d0633669a22c4fc3e', 'c': '8753a977473fcc2ace5834e984745d01cc784af7f1b0f1260e03754f450a9812'}",PASS,0.43023299996275455,0.1919571000034921,0.5440070999902673,6511,800,285,527,4092,1224,0,124,8,32,2638998349,100000000,1023,10432,6340,0.8159914000425488,0.032055299961939454,1.9821885999990627,6.511e-05,0.5342036553524804,0.04173466057441253
1,PASS,True,233,1,0,21757129,33,35,256,"{'m': 33, 'n': 35, 'k': 256, 'a_base': 64, 'bt_base': 8640, 'c_base': 17728, 'a_stride': 256, 'bt_stride': 256, 'c_stride': 192, 'mode': 1, 'watchdog': 10000000}",2026-10-04T16:52:10.467699+00:00,2026-10-04T16:52:13.473204+00:00,6ba17a7832c1a84e1262596abf4a407447b55a3c8aac19c76ce6047f9950877c,313af9b1dd4cfc17ad8645ae4811f864bd81a515e4893eea416cc09c314cf06d,9182306461c1100a5a690f160ccc8fbe2ba765e17b0905fe82a058e38e9e51e4,5ed89f531a0560b27e3ac822c2c7f50eb16608f15cdc0efb44267df173028639,Uploaded in this connection; reused only within this case,"{'a': 'f4dd1aecd5b4bd2fc11ff0cb666e04c18cf42cdd97510f2218038d444e214950', 'bt': '5871f912bd4db4cbaff7090f0413c6449ea0ce51ef7754b4a2e3f517501b7a81', 'c': 'e0b4a05435bb70a4a790e140a68f1e6094ae69bd24df9bfad0d6642bc8a5c7dd'}",PASS,0.45875369996065274,0.19197760004317388,0.5440543000004254,13312,6975,4352,594,4620,3488,0,134,8,32,2638998349,100000000,1155,24128,19508,1.7762278999434784,0.03253940003924072,2.9710134999477305,0.00013312,4.4423076923076925,0.34705528846153844
1,PASS,True,234,0,0,21757129,33,35,256,"{'m': 33, 'n': 35, 'k': 256, 'a_base': 64, 'bt_base': 8640, 'c_base': 17728, 'a_stride': 256, 'bt_stride': 256, 'c_stride': 192, 'mode': 0, 'watchdog': 10000000}",2026-10-04T16:52:13.514388+00:00,2026-10-04T16:52:16.512094+00:00,6ba17a7832c1a84e1262596abf4a407447b55a3c8aac19c76ce6047f9950877c,313af9b1dd4cfc17ad8645ae4811f864bd81a515e4893eea416cc09c314cf06d,9182306461c1100a5a690f160ccc8fbe2ba765e17b0905fe82a058e38e9e51e4,5ed89f531a0560b27e3ac822c2c7f50eb16608f15cdc0efb44267df173028639,Uploaded in this connection; reused only within this case,"{'a': 'f4dd1aecd5b4bd2fc11ff0cb666e04c18cf42cdd97510f2218038d444e214950', 'bt': '5871f912bd4db4cbaff7090f0413c6449ea0ce51ef7754b4a2e3f517501b7a81', 'c': 'e0b4a05435bb70a4a790e140a68f1e6094ae69bd24df9bfad0d6642bc8a5c7dd'}",PASS,0.4520368999801576,0.19197909999638796,0.5439340000157245,19832,6975,4352,594,4620,7711,0,134,8,32,2638998349,100000000,1155,24128,19508,1.7761381000163965,0.03186170000117272,2.9640881000086665,0.00019832,2.981847519160952,0.23295683743444937
1,PASS,True,235,0,0,21767102,65,63,255,"{'m': 65, 'n': 63, 'k': 255, 'a_base': 64, 'bt_base': 16832, 'c_base': 33088, 'a_stride': 256, 'bt_stride': 256, 'c_stride': 256, 'mode': 0, 'watchdog': 10000000}",2026-10-04T16:52:18.965847+00:00,2026-10-04T16:52:24.495850+00:00,035536853c2d96b1eb87de9cd2e62291ddff8052624917a28e81e301864686fc,d837cdc7d0bbb0f33636b327420ddfd7f5b27f09d63bc1dcc7571e6a09362042,09ad552b7251162a17d300caf2a2876f860e9c7d8cd297abf52ac3f660afe921,0dbad64dcdc0c23caf3ee172828309ab1255293f2b2dbf058144d105b2bf2bf1,Uploaded in this connection; reused only within this case,"{'a': '3d1bff9c4f4228fc41eb7b03074a9e22a24fcfb9e4f0460d9fd9cac6e41f633a', 'bt': '92329f863caf737b6162d383e031264e498ca9e37baadeb83d9fc0f638ed91b3', 'c': '993c2e2fd8a783f7f1a83ec4f97c23527df18bddea8fee56493b4d36941fa7bf'}",PASS,1.176688700041268,0.1919789999956265,0.5437969999620691,52381,20016,10208,2080,16380,17534,0,268,8,32,2638998349,100000000,4095,49792,33412,3.5842705000541173,0.03165119996992871,5.496735200053081,0.00052381,3.9870372845115596,0.3114872878524656
1,PASS,True,236,1,0,21767102,65,63,255,"{'m': 65, 'n': 63, 'k': 255, 'a_base': 64, 'bt_base': 16832, 'c_base': 33088, 'a_stride': 256, 'bt_stride': 256, 'c_stride': 256, 'mode': 1, 'watchdog': 10000000}",2026-10-04T16:52:24.538673+00:00,2026-10-04T16:52:30.063740+00:00,035536853c2d96b1eb87de9cd2e62291ddff8052624917a28e81e301864686fc,d837cdc7d0bbb0f33636b327420ddfd7f5b27f09d63bc1dcc7571e6a09362042,09ad552b7251162a17d300caf2a2876f860e9c7d8cd297abf52ac3f660afe921,0dbad64dcdc0c23caf3ee172828309ab1255293f2b2dbf058144d105b2bf2bf1,Uploaded in this connection; reused only within this case,"{'a': '3d1bff9c4f4228fc41eb7b03074a9e22a24fcfb9e4f0460d9fd9cac6e41f633a', 'bt': '92329f863caf737b6162d383e031264e498ca9e37baadeb83d9fc0f638ed91b3', 'c': '993c2e2fd8a783f7f1a83ec4f97c23527df18bddea8fee56493b4d36941fa7bf'}",PASS,1.1718379000085406,0.19202570000197738,0.5442450999980792,26496,20016,10208,2080,16380,3498,0,268,8,32,2638998349,100000000,4095,49792,33412,3.5836661999928765,0.03199679998215288,5.491774900001474,0.00026496,7.882133152173913,0.6157916525135869
1,PASS,True,237,1,0,21777075,1,64,256,"{'m': 1, 'n': 64, 'k': 256, 'a_base': 64, 'bt_base': 448, 'c_base': 16960, 'a_stride': 256, 'bt_stride': 256, 'c_stride': 256, 'mode': 1, 'watchdog': 10000000}",2026-10-04T16:52:31.362566+00:00,2026-10-04T16:52:33.487432+00:00,5a5b89f48b54f178105bafa88b3c1fa5f2f0700c0503edcff4bce561f80f9ecf,09b189e8234cb585bae815db5573b2ab644f855605687202b676cf4a62a4ba5d,d7f2d2f81a77d0a5fb3f7e7c963cb7b344c4f1ca0ed0d0f301b3fe8159c99edf,19323bad4a32ad5f475d89a86aeb091b391c33e0ecb985dbef46f39e2694e8e5,Uploaded in this connection; reused only within this case,"{'a': '54120ca2b9a0f1dfb66cdb04d38f671e284f3efd5f2ba4374e9618f9a30cf48e', 'bt': '3719da8f09c0a3d9ba443df2c9e258b4eae8f7473ce6c6cee976cf3ba70b1be7', 'c': 'ec87d5f020ef88c064aedb2e4ca3a494d0185e515a27197a27161a088a79804a'}",PASS,0.04391910001868382,0.19202119996771216,0.544186000013724,5000,2232,2112,32,256,2610,0,4,8,32,2638998349,100000000,64,17280,17024,1.3118612000253052,0.03180679999059066,2.091987500025425,5e-05,0.65536,0.0512
1,PASS,True,238,0,0,21777075,1,64,256,"{'m': 1, 'n': 64, 'k': 256, 'a_base': 64, 'bt_base': 448, 'c_base': 16960, 'a_stride': 256, 'bt_stride': 256, 'c_stride': 256, 'mode': 0, 'watchdog': 10000000}",2026-10-04T16:52:33.518560+00:00,2026-10-04T16:52:35.647738+00:00,5a5b89f48b54f178105bafa88b3c1fa5f2f0700c0503edcff4bce561f80f9ecf,09b189e8234cb585bae815db5573b2ab644f855605687202b676cf4a62a4ba5d,d7f2d2f81a77d0a5fb3f7e7c963cb7b344c4f1ca0ed0d0f301b3fe8159c99edf,19323bad4a32ad5f475d89a86aeb091b391c33e0ecb985dbef46f39e2694e8e5,Uploaded in this connection; reused only within this case,"{'a': '54120ca2b9a0f1dfb66cdb04d38f671e284f3efd5f2ba4374e9618f9a30cf48e', 'bt': '3719da8f09c0a3d9ba443df2c9e258b4eae8f7473ce6c6cee976cf3ba70b1be7', 'c': 'ec87d5f020ef88c064aedb2e4ca3a494d0185e515a27197a27161a088a79804a'}",PASS,0.047986799967475235,0.19190770003478974,0.5438560000038706,6222,2232,2112,32,256,3714,0,4,8,32,2638998349,100000000,64,17280,17024,1.3119693999760784,0.032224000024143606,2.095719899982214,6.222e-05,0.5266473802635808,0.04114432658309225
1,PASS,True,239,0,0,21787048,64,1,256,"{'m': 64, 'n': 1, 'k': 256, 'a_base': 64, 'bt_base': 16576, 'c_base': 16960, 'a_stride': 256, 'bt_stride': 256, 'c_stride': 64, 'mode': 0, 'watchdog': 10000000}",2026-10-04T16:52:36.945837+00:00,2026-10-04T16:52:39.583517+00:00,9649b61cbf925082957621b178e7efa56430934b758d746545b44f37a71292a2,47f082c43e2579df1124feff418b69701955b106a3eb5c96b8bdd7c1f36da0b0,aed42899108bc29cffb5f2ff520c48a0cbacd12aae4e00925dbb8f431bdb01ea,b56cd6858b52e65308bc06b77c24556b1755fa0877571049925965a7d4fb8d56,Uploaded in this connection; reused only within this case,"{'a': 'c0b3151202da7ba2e2fd38e38d1b1ed11e21e407a70234b4e617f47e20c0ad17', 'bt': 'cd2a8d5d804f34ed4e356361ff5e9779aef5ba0d9eebb0623a3202ae8bcc5975', 'c': 'a3afd2688ea423fce4284b8aee28b1b0da5941cda5a1930ace4e53e13a972bcc'}",PASS,0.2995820000069216,0.19180989998858422,0.5440170000074431,8292,2232,2112,64,256,3709,0,128,8,32,2638998349,100000000,64,21120,20864,1.5678901000064798,0.03206800000043586,2.6032990000094287,8.292e-05,0.3951760733236855,0.03087313072841293
1,PASS,True,240,1,0,21787048,64,1,256,"{'m': 64, 'n': 1, 'k': 256, 'a_base': 64, 'bt_base': 16576, 'c_base': 16960, 'a_stride': 256, 'bt_stride': 256, 'c_stride': 64, 'mode': 1, 'watchdog': 10000000}",2026-10-04T16:52:39.622184+00:00,2026-10-04T16:52:42.255189+00:00,9649b61cbf925082957621b178e7efa56430934b758d746545b44f37a71292a2,47f082c43e2579df1124feff418b69701955b106a3eb5c96b8bdd7c1f36da0b0,aed42899108bc29cffb5f2ff520c48a0cbacd12aae4e00925dbb8f431bdb01ea,b56cd6858b52e65308bc06b77c24556b1755fa0877571049925965a7d4fb8d56,Uploaded in this connection; reused only within this case,"{'a': 'c0b3151202da7ba2e2fd38e38d1b1ed11e21e407a70234b4e617f47e20c0ad17', 'bt': 'cd2a8d5d804f34ed4e356361ff5e9779aef5ba0d9eebb0623a3202ae8bcc5975', 'c': 'a3afd2688ea423fce4284b8aee28b1b0da5941cda5a1930ace4e53e13a972bcc'}",PASS,0.2951871000113897,0.19206769997254014,0.544039900007192,6027,2232,2112,64,256,2602,0,128,8,32,2638998349,100000000,64,21120,20864,1.567910199984908,0.0318087000050582,2.59920489997603,6.027e-05,0.5436867429898788,0.04247552679608429
1,PASS,True,241,1,0,21797021,32,32,256,"{'m': 32, 'n': 32, 'k': 256, 'a_base': 64, 'bt_base': 8384, 'c_base': 16704, 'a_stride': 256, 'bt_stride': 256, 'c_stride': 128, 'mode': 1, 'watchdog': 10000000}",2026-10-04T16:52:43.520989+00:00,2026-10-04T16:52:46.142969+00:00,d09e9e0c1f5bee7a01b8fdf97828f2cf7864d81950f0b712a778c589467edf78,3f846c9c59fc87b93367fc5400bf5c2942282fe07e5f4aca916d573cf9032e1c,b38b9fb2a59184b88049b4567c7f69a5f0f04667609b8d9f3762be2c65e463a4,515cf3e9dcc734ee059e8bb919a436a95a1e0b69dfd3aa563a1b676efaca8f13,Uploaded in this connection; reused only within this case,"{'a': 'f9ba8ce2f3c802206bcdc7d5d26e17fd7d05b8ef88f3f55fd97047a23a032db3', 'bt': '8d353998b9291699dfc80083f5e429458e4a07f5d565ccc61d1b7886430b6636', 'c': '5d36d2490e0010930824cc50aaa6c918a4ff07d6f92a5fe40ce1f1ceb71e4558'}",PASS,0.30000879999715835,0.1920976000255905,0.5447672999580391,11588,4464,2048,512,4096,3469,0,66,8,32,2638998349,100000000,1024,20864,16768,1.551021400024183,0.03191130002960563,2.587895100004971,0.00011588,4.524404556437695,0.35346910597169484
1,PASS,True,242,0,0,21797021,32,32,256,"{'m': 32, 'n': 32, 'k': 256, 'a_base': 64, 'bt_base': 8384, 'c_base': 16704, 'a_stride': 256, 'bt_stride': 256, 'c_stride': 128, 'mode': 0, 'watchdog': 10000000}",2026-10-04T16:52:46.182166+00:00,2026-10-04T16:52:48.799144+00:00,d09e9e0c1f5bee7a01b8fdf97828f2cf7864d81950f0b712a778c589467edf78,3f846c9c59fc87b93367fc5400bf5c2942282fe07e5f4aca916d573cf9032e1c,b38b9fb2a59184b88049b4567c7f69a5f0f04667609b8d9f3762be2c65e463a4,515cf3e9dcc734ee059e8bb919a436a95a1e0b69dfd3aa563a1b676efaca8f13,Uploaded in this connection; reused only within this case,"{'a': 'f9ba8ce2f3c802206bcdc7d5d26e17fd7d05b8ef88f3f55fd97047a23a032db3', 'bt': '8d353998b9291699dfc80083f5e429458e4a07f5d565ccc61d1b7886430b6636', 'c': '5d36d2490e0010930824cc50aaa6c918a4ff07d6f92a5fe40ce1f1ceb71e4558'}",PASS,0.2957175000337884,0.19195249996846542,0.5439764999900945,11662,4464,2048,512,4096,3498,0,66,8,32,2638998349,100000000,1024,20864,16768,1.5520242000347935,0.0321121999877505,2.5836707000271417,0.00011662,4.495695421025553,0.35122620476762134
1,PASS,True,243,1,0,21831939,1,1,1,"{'m': 1, 'n': 1, 'k': 1, 'a_base': 64, 'bt_base': 256, 'c_base': 448, 'a_stride': 64, 'bt_stride': 64, 'c_stride': 64, 'mode': 1, 'watchdog': 10000000}",2026-10-04T16:52:48.945324+00:00,2026-10-04T16:52:49.870878+00:00,cbe5cfdf7c2118a9c3d78ef1d684f3afa089201352886449a06a6511cfef74a7,cdce9374e0fecee1655cbc7207b0ed392201941f084c4b5672e917a99c7b2b26,63fd08a16f89f21a322f018edfee81a19cb4f6dccf6c4b1ce20c273d75d2cfde,74700b121b4789df6fec183d7e36adb1df28189b0b06ed3be77250d23587933a,Uploaded in this connection; reused only within this case,"{'a': '26a7628c3abbda20fd4171695ad90cce5032fd382dcb62415b12bd15d13b66b9', 'bt': 'c912119fc34081338a230161877d3bdead55c8330f3c8597c3618e4cae13997a', 'c': 'a01ad7dd6717c848587e1cc069c99f1e6e04417a3a5a17b4e2314ab3a1a4bd3f'}",PASS,0.027331800025422126,0.19184210000094026,0.5440054999780841,218,24,2,1,4,149,0,2,8,32,2638998349,100000000,1,576,572,0.1279361000051722,0.0319444999913685,0.8911155000096187,2.18e-06,0.0009174311926605505,7.167431192660551e-05
1,PASS,True,244,0,0,21831939,1,1,1,"{'m': 1, 'n': 1, 'k': 1, 'a_base': 64, 'bt_base': 256, 'c_base': 448, 'a_stride': 64, 'bt_stride': 64, 'c_stride': 64, 'mode': 0, 'watchdog': 10000000}",2026-10-04T16:52:49.903439+00:00,2026-10-04T16:52:50.830987+00:00,cbe5cfdf7c2118a9c3d78ef1d684f3afa089201352886449a06a6511cfef74a7,cdce9374e0fecee1655cbc7207b0ed392201941f084c4b5672e917a99c7b2b26,63fd08a16f89f21a322f018edfee81a19cb4f6dccf6c4b1ce20c273d75d2cfde,74700b121b4789df6fec183d7e36adb1df28189b0b06ed3be77250d23587933a,Uploaded in this connection; reused only within this case,"{'a': '26a7628c3abbda20fd4171695ad90cce5032fd382dcb62415b12bd15d13b66b9', 'bt': 'c912119fc34081338a230161877d3bdead55c8330f3c8597c3618e4cae13997a', 'c': 'a01ad7dd6717c848587e1cc069c99f1e6e04417a3a5a17b4e2314ab3a1a4bd3f'}",PASS,0.03030650003347546,0.19198469998082146,0.5442266000318341,218,24,2,1,4,149,0,2,8,32,2638998349,100000000,1,576,572,0.12786149996099994,0.03198660002090037,0.894379300007131,2.18e-06,0.0009174311926605505,7.167431192660551e-05
1,PASS,True,245,0,0,21841912,5,3,9,"{'m': 5, 'n': 3, 'k': 9, 'a_base': 64, 'bt_base': 512, 'c_base': 832, 'a_stride': 64, 'bt_stride': 64, 'c_stride': 64, 'mode': 0, 'watchdog': 10000000}",2026-10-04T16:52:50.978561+00:00,2026-10-04T16:52:51.967077+00:00,32ce24d0b3902f02025496ef596b4910003128e9b7933da64cd8cc416d3b3b7a,eff02c0d442338a20cee77eff727adae1833a4c9683c516414d9ffc5c1511f98,f207fcc92cbf6b98bb49ff77b9aa1cacf5905add571330f287ee3faa92a3d0a9,34965972417a588446a064f5e42afe3e679ccb89c829c3f4857910f2fd800d26,Uploaded in this connection; reused only within this case,"{'a': '5da239e98ce8caa894f8a07ecfc6306aaddfd579d05efc18777cdd2aeb1d8c14', 'bt': 'c50bec718e1ce7901ce6b4dec0ef5780e1a45f0ff75e2e7dbe5c81ffa96c64fa', 'c': 'b1414e7e0cbc443a0c25d1c7de44ec0a5fea66ecd7a6e1836936ac5fb41e4416'}",PASS,0.042435600014869124,0.1922372000408359,0.5437441999674775,479,32,16,10,60,236,0,10,8,32,2638998349,100000000,15,1216,1156,0.17597440001554787,0.032215400016866624,0.9543914000387304,4.79e-06,0.05636743215031315,0.004403705636743215
1,PASS,True,246,1,0,21841912,5,3,9,"{'m': 5, 'n': 3, 'k': 9, 'a_base': 64, 'bt_base': 512, 'c_base': 832, 'a_stride': 64, 'bt_stride': 64, 'c_stride': 64, 'mode': 1, 'watchdog': 10000000}",2026-10-04T16:52:52.009729+00:00,2026-10-04T16:52:52.990998+00:00,32ce24d0b3902f02025496ef596b4910003128e9b7933da64cd8cc416d3b3b7a,eff02c0d442338a20cee77eff727adae1833a4c9683c516414d9ffc5c1511f98,f207fcc92cbf6b98bb49ff77b9aa1cacf5905add571330f287ee3faa92a3d0a9,34965972417a588446a064f5e42afe3e679ccb89c829c3f4857910f2fd800d26,Uploaded in this connection; reused only within this case,"{'a': '5da239e98ce8caa894f8a07ecfc6306aaddfd579d05efc18777cdd2aeb1d8c14', 'bt': 'c50bec718e1ce7901ce6b4dec0ef5780e1a45f0ff75e2e7dbe5c81ffa96c64fa', 'c': 'b1414e7e0cbc443a0c25d1c7de44ec0a5fea66ecd7a6e1836936ac5fb41e4416'}",PASS,0.03498050000052899,0.19230350002180785,0.5439691999927163,483,32,16,10,60,236,0,10,8,32,2638998349,100000000,15,1216,1156,0.17588259995682165,0.03198180004255846,0.9471357999718748,4.83e-06,0.055900621118012424,0.00436723602484472
1,PASS,True,247,1,0,21851885,31,33,17,"{'m': 31, 'n': 33, 'k': 17, 'a_base': 64, 'bt_base': 2176, 'c_base': 4416, 'a_stride': 64, 'bt_stride': 64, 'c_stride': 192, 'mode': 1, 'watchdog': 10000000}",2026-10-04T16:52:53.409264+00:00,2026-10-04T16:52:55.422729+00:00,ab63939de99062bacd069c5ecb8e6a82b12928218be983a8840bc0981a30a062,5f5c5cbdfe4af848695d5d6b93e4c32f3e31ac57f3f0e296c74dbaf96c422938,300820e9cf4cf4cccef60b402f498f3997d3bb39ac56cdc3da4751dff03893b4,a3e778b50458ab240fdcd0288b162993a77261ebd4f0345c12fd63580610f1e0,Uploaded in this connection; reused only within this case,"{'a': 'b4ccd7b1c5ad502d2ce5c92b6b157aba4c4831009f8c6ab56d2df021882eea17', 'bt': '3a52a43578cb2df269cd5706402fc42c56bec49f4edee5325fa2d17a70695338', 'c': 'd2a0be2bf9a2105eb76a8a08eb996974404d249889ce3d720b481607a31fcc15'}",PASS,0.4287049000267871,0.19175160001032054,0.5444118999876082,6481,800,285,527,4092,1224,0,124,8,32,2638998349,100000000,1023,10432,6340,0.8155964000034146,0.031980899977497756,1.9804648000281304,6.481e-05,0.5366764388211696,0.04192784678290387
1,PASS,True,248,0,0,21851885,31,33,17,"{'m': 31, 'n': 33, 'k': 17, 'a_base': 64, 'bt_base': 2176, 'c_base': 4416, 'a_stride': 64, 'bt_stride': 64, 'c_stride': 192, 'mode': 0, 'watchdog': 10000000}",2026-10-04T16:52:55.463796+00:00,2026-10-04T16:52:57.470822+00:00,ab63939de99062bacd069c5ecb8e6a82b12928218be983a8840bc0981a30a062,5f5c5cbdfe4af848695d5d6b93e4c32f3e31ac57f3f0e296c74dbaf96c422938,300820e9cf4cf4cccef60b402f498f3997d3bb39ac56cdc3da4751dff03893b4,a3e778b50458ab240fdcd0288b162993a77261ebd4f0345c12fd63580610f1e0,Uploaded in this connection; reused only within this case,"{'a': 'b4ccd7b1c5ad502d2ce5c92b6b157aba4c4831009f8c6ab56d2df021882eea17', 'bt': '3a52a43578cb2df269cd5706402fc42c56bec49f4edee5325fa2d17a70695338', 'c': 'd2a0be2bf9a2105eb76a8a08eb996974404d249889ce3d720b481607a31fcc15'}",PASS,0.42173629999160767,0.1919050000142306,0.5438992999843322,7390,800,285,527,4092,1939,0,124,8,32,2638998349,100000000,1023,10432,6340,0.8159854000550695,0.03216719999909401,1.97352600004524,7.39e-05,0.47066305818673887,0.03677055142083897
1,PASS,True,249,0,0,21861858,33,35,256,"{'m': 33, 'n': 35, 'k': 256, 'a_base': 64, 'bt_base': 8640, 'c_base': 17728, 'a_stride': 256, 'bt_stride': 256, 'c_stride': 192, 'mode': 0, 'watchdog': 10000000}",2026-10-04T16:52:58.833304+00:00,2026-10-04T16:53:01.838577+00:00,94e382b945f0335416d833c7ee3c367fdb5dff032f86aadafabc8e67645e0636,769351d7cdb0b32c3fd725c30f255b3e6223cdefdd81b47b25c8f013152c953a,422c30db5618c1fe8d7d8896fab9d16f6b0f1478ec30de389726e7adb21f413d,22bb68d642a66ad13ca04e09eccb22ef196d577d1ac015f7eeee1298ce68d8de,Uploaded in this connection; reused only within this case,"{'a': '3cdaa4bbe5ff9a2602a6fae91d4c12832ca84fdb91806711b8b6a8d88eb90ad1', 'bt': 'f99c3cfefcf87bf942a8b38d7ae18837c1cd17225b525d0049b4c772847da1ec', 'c': '9ca54b313626530a17c8a5679d4281db39c03dbed2ff963232d442b23b6e1bd4'}",PASS,0.46028040000237525,0.1919297999702394,0.5439674000372179,19805,6975,4352,594,4620,7674,0,134,8,32,2638998349,100000000,1155,24128,19508,1.7760482999728993,0.031932500016409904,2.972225899982732,0.00019805,2.9859126483211313,0.23327442565008835
1,PASS,True,250,1,0,21861858,33,35,256,"{'m': 33, 'n': 35, 'k': 256, 'a_base': 64, 'bt_base': 8640, 'c_base': 17728, 'a_stride': 256, 'bt_stride': 256, 'c_stride': 192, 'mode': 1, 'watchdog': 10000000}",2026-10-04T16:53:01.874385+00:00,2026-10-04T16:53:04.878352+00:00,94e382b945f0335416d833c7ee3c367fdb5dff032f86aadafabc8e67645e0636,769351d7cdb0b32c3fd725c30f255b3e6223cdefdd81b47b25c8f013152c953a,422c30db5618c1fe8d7d8896fab9d16f6b0f1478ec30de389726e7adb21f413d,22bb68d642a66ad13ca04e09eccb22ef196d577d1ac015f7eeee1298ce68d8de,Uploaded in this connection; reused only within this case,"{'a': '3cdaa4bbe5ff9a2602a6fae91d4c12832ca84fdb91806711b8b6a8d88eb90ad1', 'bt': 'f99c3cfefcf87bf942a8b38d7ae18837c1cd17225b525d0049b4c772847da1ec', 'c': '9ca54b313626530a17c8a5679d4281db39c03dbed2ff963232d442b23b6e1bd4'}",PASS,0.4577904000179842,0.19186540000373498,0.543898599979002,13292,6975,4352,594,4620,3463,0,134,8,32,2638998349,100000000,1155,24128,19508,1.7762413000455126,0.03168580000055954,2.969795700046234,0.00013292,4.4489918748119175,0.347577490219681
1,PASS,True,251,1,0,21871831,65,63,255,"{'m': 65, 'n': 63, 'k': 255, 'a_base': 64, 'bt_base': 16832, 'c_base': 33088, 'a_stride': 256, 'bt_stride': 256, 'c_stride': 256, 'mode': 1, 'watchdog': 10000000}",2026-10-04T16:53:07.333736+00:00,2026-10-04T16:53:12.862192+00:00,c5fcf7857c6ddd788b86ee6707b00a9323953e9a7055d5d51fa065aeed4186bf,bff8b9d5ebb35570e715eb0a05bb850662d2e2f190f62794c914573c69fc7c3e,c86ca77992802d2ded3a23d8514219c11fae031c118d6f4fab55e864c5acebd7,0ce331bd1dd947ed953feea7d44062344fef09d174db9e838f0770c3cac5cea5,Uploaded in this connection; reused only within this case,"{'a': '3e15e1289843c00a169c7fb41b9b27abb61792eb7eebed8567c0f5379a723c25', 'bt': '4371736f134db5ae8db4da9faf55fd4787023acd568a27628faa6d3905830e90', 'c': 'a86d65c56e18e2b73b3acdd21c938347c22301de5327319d96698f43d1065ece'}",PASS,1.1745608000201173,0.19189519999781623,0.5439369999803603,26448,20016,10208,2080,16380,3487,0,268,8,32,2638998349,100000000,4095,49792,33412,3.5839128000079654,0.03200359997572377,5.494305800006259,0.00026448,7.896438294010889,0.6169092417196007
1,PASS,True,252,0,0,21871831,65,63,255,"{'m': 65, 'n': 63, 'k': 255, 'a_base': 64, 'bt_base': 16832, 'c_base': 33088, 'a_stride': 256, 'bt_stride': 256, 'c_stride': 256, 'mode': 0, 'watchdog': 10000000}",2026-10-04T16:53:12.906463+00:00,2026-10-04T16:53:18.430123+00:00,c5fcf7857c6ddd788b86ee6707b00a9323953e9a7055d5d51fa065aeed4186bf,bff8b9d5ebb35570e715eb0a05bb850662d2e2f190f62794c914573c69fc7c3e,c86ca77992802d2ded3a23d8514219c11fae031c118d6f4fab55e864c5acebd7,0ce331bd1dd947ed953feea7d44062344fef09d174db9e838f0770c3cac5cea5,Uploaded in this connection; reused only within this case,"{'a': '3e15e1289843c00a169c7fb41b9b27abb61792eb7eebed8567c0f5379a723c25', 'bt': '4371736f134db5ae8db4da9faf55fd4787023acd568a27628faa6d3905830e90', 'c': 'a86d65c56e18e2b73b3acdd21c938347c22301de5327319d96698f43d1065ece'}",PASS,1.1694967999937944,0.19203650002600625,0.5441203999798745,52405,20016,10208,2080,16380,17558,0,268,8,32,2638998349,100000000,4095,49792,33412,3.5836611000122502,0.032180999987758696,5.489314800011925,0.00052405,3.985211334796298,0.3113446355309608
1,PASS,True,253,0,0,21881804,1,64,256,"{'m': 1, 'n': 64, 'k': 256, 'a_base': 64, 'bt_base': 448, 'c_base': 16960, 'a_stride': 256, 'bt_stride': 256, 'c_stride': 256, 'mode': 0, 'watchdog': 10000000}",2026-10-04T16:53:19.728168+00:00,2026-10-04T16:53:21.853883+00:00,599d808be862ddd279e48812d1d991161593c848b818da7d04e99c87b0d13a80,ddf4d44e172efd530b8d10c48ea164785cb65ea498d47d69aaf3b3b97db7fda7,b3c31942c5c1d634894a5c4a90a9ca2947af7cb0cce0c567e7a353c4a32f32c6,e5a57bac0a1daa58f635d608ca3a7c960bf9af479561f66507a0dc2e85431af5,Uploaded in this connection; reused only within this case,"{'a': '55b04ed59b9a251ffb83aa1fe24dc781b9033437b309242d48e3108979f7575f', 'bt': '0b90ee55a2bf7dc083b99523c7fc1a2f1d69658ad19479748dbb972036317357', 'c': '96a48759a724c2fc65c5bc864eb37ff9f835c3bf99aa23db2663744222d5894f'}",PASS,0.04432939999969676,0.19197869999334216,0.5441298999940045,6232,2232,2112,32,256,3724,0,4,8,32,2638998349,100000000,64,17280,17024,1.3118077999679372,0.032061000005342066,2.0922457999549806,6.232e-05,0.5258023106546855,0.0410783055198973
1,PASS,True,254,1,0,21881804,1,64,256,"{'m': 1, 'n': 64, 'k': 256, 'a_base': 64, 'bt_base': 448, 'c_base': 16960, 'a_stride': 256, 'bt_stride': 256, 'c_stride': 256, 'mode': 1, 'watchdog': 10000000}",2026-10-04T16:53:21.888029+00:00,2026-10-04T16:53:24.014230+00:00,599d808be862ddd279e48812d1d991161593c848b818da7d04e99c87b0d13a80,ddf4d44e172efd530b8d10c48ea164785cb65ea498d47d69aaf3b3b97db7fda7,b3c31942c5c1d634894a5c4a90a9ca2947af7cb0cce0c567e7a353c4a32f32c6,e5a57bac0a1daa58f635d608ca3a7c960bf9af479561f66507a0dc2e85431af5,Uploaded in this connection; reused only within this case,"{'a': '55b04ed59b9a251ffb83aa1fe24dc781b9033437b309242d48e3108979f7575f', 'bt': '0b90ee55a2bf7dc083b99523c7fc1a2f1d69658ad19479748dbb972036317357', 'c': '96a48759a724c2fc65c5bc864eb37ff9f835c3bf99aa23db2663744222d5894f'}",PASS,0.04500179999740794,0.19180349999805912,0.5438970999675803,5017,2232,2112,32,256,2634,0,4,8,32,2638998349,100000000,64,17280,17024,1.3120178999961354,0.03244540002197027,2.0927202999591827,5.017e-05,0.6531393262906119,0.05102650986645406
1,PASS,True,255,1,0,21891777,64,1,256,"{'m': 64, 'n': 1, 'k': 256, 'a_base': 64, 'bt_base': 16576, 'c_base': 16960, 'a_stride': 256, 'bt_stride': 256, 'c_stride': 64, 'mode': 1, 'watchdog': 10000000}",2026-10-04T16:53:25.330119+00:00,2026-10-04T16:53:27.965704+00:00,91abd1304c011ac1bec0cda3ab945e2694961fed73ba4a5b18b9da3dca1fb1a9,a0fdc434eb67c5958761785f5d12be54147e92093459be29ce0f223954d8f4c2,9bdef54e159e12303aab29981f3ad3a95e078ac88868b90b091a6a91fcf3fba3,0e60dab68e6bbecee891fae22cf5ac7ff7466d7f6132085a4186d3f7362d1019,Uploaded in this connection; reused only within this case,"{'a': '4b34a924fc565e8c27de65fda868fd23b6ada61d8c5d45ad9c65e8eaf75a18a1', 'bt': 'b8bb9ad1175ad83741a29520cc725dfe329b8bbd9b6b49da381bfaf150c45803', 'c': 'dffc1cf75174e1aeab27c909963c97ac2b70e797f36832e7ca6de5c656db8fec'}",PASS,0.2985086000408046,0.19204899994656444,0.5437095000525005,5995,2232,2112,64,256,2570,0,128,8,32,2638998349,100000000,64,21120,20864,1.5686596999876201,0.03143649996491149,2.6029268000274897,5.995e-05,0.5465888240200166,0.042702251876563804
1,PASS,True,256,0,0,21891777,64,1,256,"{'m': 64, 'n': 1, 'k': 256, 'a_base': 64, 'bt_base': 16576, 'c_base': 16960, 'a_stride': 256, 'bt_stride': 256, 'c_stride': 64, 'mode': 0, 'watchdog': 10000000}",2026-10-04T16:53:28.013216+00:00,2026-10-04T16:53:30.653727+00:00,91abd1304c011ac1bec0cda3ab945e2694961fed73ba4a5b18b9da3dca1fb1a9,a0fdc434eb67c5958761785f5d12be54147e92093459be29ce0f223954d8f4c2,9bdef54e159e12303aab29981f3ad3a95e078ac88868b90b091a6a91fcf3fba3,0e60dab68e6bbecee891fae22cf5ac7ff7466d7f6132085a4186d3f7362d1019,Uploaded in this connection; reused only within this case,"{'a': '4b34a924fc565e8c27de65fda868fd23b6ada61d8c5d45ad9c65e8eaf75a18a1', 'bt': 'b8bb9ad1175ad83741a29520cc725dfe329b8bbd9b6b49da381bfaf150c45803', 'c': 'dffc1cf75174e1aeab27c909963c97ac2b70e797f36832e7ca6de5c656db8fec'}",PASS,0.30256280000321567,0.191998100024648,0.5441727999714203,8308,2232,2112,64,256,3725,0,128,8,32,2638998349,100000000,64,21120,20864,1.5679345999960788,0.032032800023444,2.6066682999953628,8.308e-05,0.39441502166586423,0.030813673567645642
1,PASS,True,257,0,0,21901750,32,32,256,"{'m': 32, 'n': 32, 'k': 256, 'a_base': 64, 'bt_base': 8384, 'c_base': 16704, 'a_stride': 256, 'bt_stride': 256, 'c_stride': 128, 'mode': 0, 'watchdog': 10000000}",2026-10-04T16:53:31.952136+00:00,2026-10-04T16:53:34.573315+00:00,c67870d753bdba3d9e153e0b115c8426c7df2f3f4f061247e1e6d5a555066426,568324693072a2e7c5a656482d2581449a3c34ada1c5df195a9e9f550bf5fdb8,e2477f47b8abeff328c0ead56516bcf93d02054f7d0c8fbbdd84774fbeae0d43,dfe0db15127b627bac195c5db37aa85a8c43d6d90d6291e69ac15e3bc3c8751a,Uploaded in this connection; reused only within this case,"{'a': 'ab5633358e5f5ed957cad31e1a094f862b02bd9d2dd7b2678bfc48e655eb3f41', 'bt': '83e8acdb6a5ccf3a9fc9d6b17a2ddf2152285bed8a7303a799889cb50e4975ac', 'c': 'ba1d1edaa8b9a9718e99a5bb3ac30cd52b462933fb8dbe59b10269cdd291699a'}",PASS,0.2997981999651529,0.19152570003643632,0.5439951000153087,11578,4464,2048,512,4096,3457,0,66,8,32,2638998349,100000000,1024,20864,16768,1.5519452999578789,0.03195239999331534,2.587264299974777,0.00011578,4.528312316462256,0.35377439972361374
1,PASS,True,258,1,0,21901750,32,32,256,"{'m': 32, 'n': 32, 'k': 256, 'a_base': 64, 'bt_base': 8384, 'c_base': 16704, 'a_stride': 256, 'bt_stride': 256, 'c_stride': 128, 'mode': 1, 'watchdog': 10000000}",2026-10-04T16:53:34.608699+00:00,2026-10-04T16:53:37.229548+00:00,c67870d753bdba3d9e153e0b115c8426c7df2f3f4f061247e1e6d5a555066426,568324693072a2e7c5a656482d2581449a3c34ada1c5df195a9e9f550bf5fdb8,e2477f47b8abeff328c0ead56516bcf93d02054f7d0c8fbbdd84774fbeae0d43,dfe0db15127b627bac195c5db37aa85a8c43d6d90d6291e69ac15e3bc3c8751a,Uploaded in this connection; reused only within this case,"{'a': 'ab5633358e5f5ed957cad31e1a094f862b02bd9d2dd7b2678bfc48e655eb3f41', 'bt': '83e8acdb6a5ccf3a9fc9d6b17a2ddf2152285bed8a7303a799889cb50e4975ac', 'c': 'ba1d1edaa8b9a9718e99a5bb3ac30cd52b462933fb8dbe59b10269cdd291699a'}",PASS,0.2988185999565758,0.19215090002398938,0.5438941000029445,11564,4464,2048,512,4096,3468,0,66,8,32,2638998349,100000000,1024,20864,16768,1.552012800006196,0.03200239996658638,2.5868763999897055,0.00011564,4.533794534763057,0.3542026980283639
1,PASS,True,259,0,0,21936668,1,1,1,"{'m': 1, 'n': 1, 'k': 1, 'a_base': 64, 'bt_base': 256, 'c_base': 448, 'a_stride': 64, 'bt_stride': 64, 'c_stride': 64, 'mode': 0, 'watchdog': 10000000}",2026-10-04T16:53:37.375541+00:00,2026-10-04T16:53:38.301506+00:00,4f362f9093bb8e7012f466224ff1237c0746d8c8f660b16699f5036ccba9c64a,6922e93e3827642ce4b883c756b31abf80036649d3614bf5fcb3adda43b8ea32,db21f9a53d23ae8a7d2cf9969a5ad59e5450435499830682bf414c5aeba47eba,71f16fd43bc83b728c589688efdc63a66562b025abb2343d889cbbc08e136f0c,Uploaded in this connection; reused only within this case,"{'a': 'f0f3920b4c6823da0ed32a411a78dfdbc061afd43b1b30f8acc24418b02b55a7', 'bt': '8ecedfd7147b869c90a4c335bc7819cecd60f0f9f47da0dfbe86de39dac3285f', 'c': '4db716980a5dce6caac4cc07b5c21bf1b93194774646fd4a7e669f78418d5494'}",PASS,0.02884699997957796,0.1919742000172846,0.5440066999872215,220,24,2,1,4,151,0,2,8,32,2638998349,100000000,1,576,572,0.12788739998359233,0.032196300046052784,0.8927152999676764,2.2e-06,0.0009090909090909091,7.102272727272727e-05
1,PASS,True,260,1,0,21936668,1,1,1,"{'m': 1, 'n': 1, 'k': 1, 'a_base': 64, 'bt_base': 256, 'c_base': 448, 'a_stride': 64, 'bt_stride': 64, 'c_stride': 64, 'mode': 1, 'watchdog': 10000000}",2026-10-04T16:53:38.333938+00:00,2026-10-04T16:53:39.261450+00:00,4f362f9093bb8e7012f466224ff1237c0746d8c8f660b16699f5036ccba9c64a,6922e93e3827642ce4b883c756b31abf80036649d3614bf5fcb3adda43b8ea32,db21f9a53d23ae8a7d2cf9969a5ad59e5450435499830682bf414c5aeba47eba,71f16fd43bc83b728c589688efdc63a66562b025abb2343d889cbbc08e136f0c,Uploaded in this connection; reused only within this case,"{'a': 'f0f3920b4c6823da0ed32a411a78dfdbc061afd43b1b30f8acc24418b02b55a7', 'bt': '8ecedfd7147b869c90a4c335bc7819cecd60f0f9f47da0dfbe86de39dac3285f', 'c': '4db716980a5dce6caac4cc07b5c21bf1b93194774646fd4a7e669f78418d5494'}",PASS,0.030048699991311878,0.1920364000252448,0.5438205999671482,219,24,2,1,4,150,0,2,8,32,2638998349,100000000,1,576,572,0.12796230003004894,0.032228500000201166,0.8938680000137538,2.19e-06,0.0009132420091324201,7.134703196347032e-05
1,PASS,True,261,1,0,21946641,5,3,9,"{'m': 5, 'n': 3, 'k': 9, 'a_base': 64, 'bt_base': 512, 'c_base': 832, 'a_stride': 64, 'bt_stride': 64, 'c_stride': 64, 'mode': 1, 'watchdog': 10000000}",2026-10-04T16:53:39.425090+00:00,2026-10-04T16:53:40.413147+00:00,0228cdadb19ab563daf50e2d10e87642e51d804a31273b899bd68c54893ded14,9bd73b83352e2b75570e53cac1878eb143b76edda7f6348be925e03491a1ee24,769073eb6cf6dc00a9b7c6e99f498b00c47a99a5a589f006ff1a3ec5a03eb45e,96d92cdb0b1b63de052bd6fa69221b01863c1783864cec0e65dd83d918165a96,Uploaded in this connection; reused only within this case,"{'a': 'd97c11bf7dfe0de445a8a9a537507533caaaa93636c6483b79d6189192aa7ba5', 'bt': 'db42ce761eb204a11fe5d61df6e61e837bee099d4e3ae3ed1cd573c1b960e0db', 'c': 'a19734bec1630ffde2d1252085feae5561b7ff8699d55949c349023214b8f333'}",PASS,0.042264799994882196,0.1920506000169553,0.5442443999927491,481,32,16,10,60,236,0,10,8,32,2638998349,100000000,15,1216,1156,0.17545680003240705,0.03195809997851029,0.9540166000369936,4.81e-06,0.056133056133056136,0.004385395010395011
1,PASS,True,262,0,0,21946641,5,3,9,"{'m': 5, 'n': 3, 'k': 9, 'a_base': 64, 'bt_base': 512, 'c_base': 832, 'a_stride': 64, 'bt_stride': 64, 'c_stride': 64, 'mode': 0, 'watchdog': 10000000}",2026-10-04T16:53:40.448745+00:00,2026-10-04T16:53:41.437232+00:00,0228cdadb19ab563daf50e2d10e87642e51d804a31273b899bd68c54893ded14,9bd73b83352e2b75570e53cac1878eb143b76edda7f6348be925e03491a1ee24,769073eb6cf6dc00a9b7c6e99f498b00c47a99a5a589f006ff1a3ec5a03eb45e,96d92cdb0b1b63de052bd6fa69221b01863c1783864cec0e65dd83d918165a96,Uploaded in this connection; reused only within this case,"{'a': 'd97c11bf7dfe0de445a8a9a537507533caaaa93636c6483b79d6189192aa7ba5', 'bt': 'db42ce761eb204a11fe5d61df6e61e837bee099d4e3ae3ed1cd573c1b960e0db', 'c': 'a19734bec1630ffde2d1252085feae5561b7ff8699d55949c349023214b8f333'}",PASS,0.04364920000080019,0.1923289999831468,0.5437379000359215,478,32,16,10,60,235,0,10,8,32,2638998349,100000000,15,1216,1156,0.17586969997501,0.03195969999069348,0.9555857999948785,4.78e-06,0.056485355648535567,0.004412918410041841
1,PASS,True,263,0,0,21956614,31,33,17,"{'m': 31, 'n': 33, 'k': 17, 'a_base': 64, 'bt_base': 2176, 'c_base': 4416, 'a_stride': 64, 'bt_stride': 64, 'c_stride': 192, 'mode': 0, 'watchdog': 10000000}",2026-10-04T16:53:41.856026+00:00,2026-10-04T16:53:43.869294+00:00,5ff8ca2d768d649c91ca0cad10a0313f47cd2d4de3eb4dbd846d38984e307c7b,b7493001f62532401f598344cbe0d52dd6133e9a63f77b9c3a5a746c76103a99,3a6068ba93f88c292d33197bd2e77c3ed95bcb9d7877a40112e6767c92c3ce7f,dab474006a886def42864ae9b7547993b4b771c68ffa2ef18b03f90c9df5c4ea,Uploaded in this connection; reused only within this case,"{'a': '9749ec876f2d99df0a6ebfd5fa0e1b53bb37a88cb7ff28d0092508dbfa2f163c', 'bt': '5b22cd7d6e6b908ff133601a3e816fffe96ea81f7e21c1438afe6c4ca571ad17', 'c': 'e1dee19948376b5be110526cf15877cb650d29318c76ea412ba8a09888dadd07'}",PASS,0.42793810000875965,0.1920077000395395,0.5442213999922387,7373,800,285,527,4092,1922,0,124,8,32,2638998349,100000000,1023,10432,6340,0.8159661999670789,0.031985700014047325,1.9801334000076167,7.373e-05,0.4717482707174827,0.03685533364980333
1,PASS,True,264,1,0,21956614,31,33,17,"{'m': 31, 'n': 33, 'k': 17, 'a_base': 64, 'bt_base': 2176, 'c_base': 4416, 'a_stride': 64, 'bt_stride': 64, 'c_stride': 192, 'mode': 1, 'watchdog': 10000000}",2026-10-04T16:53:43.909570+00:00,2026-10-04T16:53:45.917312+00:00,5ff8ca2d768d649c91ca0cad10a0313f47cd2d4de3eb4dbd846d38984e307c7b,b7493001f62532401f598344cbe0d52dd6133e9a63f77b9c3a5a746c76103a99,3a6068ba93f88c292d33197bd2e77c3ed95bcb9d7877a40112e6767c92c3ce7f,dab474006a886def42864ae9b7547993b4b771c68ffa2ef18b03f90c9df5c4ea,Uploaded in this connection; reused only within this case,"{'a': '9749ec876f2d99df0a6ebfd5fa0e1b53bb37a88cb7ff28d0092508dbfa2f163c', 'bt': '5b22cd7d6e6b908ff133601a3e816fffe96ea81f7e21c1438afe6c4ca571ad17', 'c': 'e1dee19948376b5be110526cf15877cb650d29318c76ea412ba8a09888dadd07'}",PASS,0.42166390002239496,0.19206129998201504,0.5438270000158809,6521,800,285,527,4092,1232,0,124,8,32,2638998349,100000000,1023,10432,6340,0.816083499987144,0.03216679999604821,1.973635700007435,6.521e-05,0.5333844502376937,0.04167066017481981
1,PASS,True,265,1,0,21966587,33,35,256,"{'m': 33, 'n': 35, 'k': 256, 'a_base': 64, 'bt_base': 8640, 'c_base': 17728, 'a_stride': 256, 'bt_stride': 256, 'c_stride': 192, 'mode': 1, 'watchdog': 10000000}",2026-10-04T16:53:47.264531+00:00,2026-10-04T16:53:50.268904+00:00,9b85bcd773fdfc7b6713c9a70ad63f398eaa07a6db12287852b989d1fd0509c6,40b1a245e0158e0b6480df58b4ca1bdcf57c97ae390454e957067661f9916392,e2dcf935c3fe0539cff5824e9f4f91e1856654d836b18a2746364b226ac8fa29,dbbe330fb60a0e7af7f7d44a5e153cd74005c35aabbd1cf59c49fd43b2c14c8b,Uploaded in this connection; reused only within this case,"{'a': '074d2f4db2160f2e347cacd04c81dc3723813cff2ee53cad704cfb6f0fe73c79', 'bt': '421778fbebbc3e66bc8e43cd8b59e300be2c4bc358c479c836e0ec5736850d46', 'c': 'd9abbc1a70b5adfc53baa0a06383c42d2be14b263ed29facd0e80c2e85950860'}",PASS,0.4582749999826774,0.1920370000298135,0.5441681999946013,13244,6975,4352,594,4620,3450,0,134,8,32,2638998349,100000000,1155,24128,19508,1.7758079000050202,0.03195979999145493,2.9702881000121124,0.00013244,4.465116279069767,0.3488372093023256
1,PASS,True,266,0,0,21966587,33,35,256,"{'m': 33, 'n': 35, 'k': 256, 'a_base': 64, 'bt_base': 8640, 'c_base': 17728, 'a_stride': 256, 'bt_stride': 256, 'c_stride': 192, 'mode': 0, 'watchdog': 10000000}",2026-10-04T16:53:50.313048+00:00,2026-10-04T16:53:53.308729+00:00,9b85bcd773fdfc7b6713c9a70ad63f398eaa07a6db12287852b989d1fd0509c6,40b1a245e0158e0b6480df58b4ca1bdcf57c97ae390454e957067661f9916392,e2dcf935c3fe0539cff5824e9f4f91e1856654d836b18a2746364b226ac8fa29,dbbe330fb60a0e7af7f7d44a5e153cd74005c35aabbd1cf59c49fd43b2c14c8b,Uploaded in this connection; reused only within this case,"{'a': '074d2f4db2160f2e347cacd04c81dc3723813cff2ee53cad704cfb6f0fe73c79', 'bt': '421778fbebbc3e66bc8e43cd8b59e300be2c4bc358c479c836e0ec5736850d46', 'c': 'd9abbc1a70b5adfc53baa0a06383c42d2be14b263ed29facd0e80c2e85950860'}",PASS,0.44993580004666,0.1919056999613531,0.5441235000034794,19776,6975,4352,594,4620,7669,0,134,8,32,2638998349,100000000,1155,24128,19508,1.7758047999814153,0.03202980000060052,2.961769799992908,0.00019776,2.9902912621359223,0.23361650485436894
1,PASS,True,267,0,0,21976560,65,63,255,"{'m': 65, 'n': 63, 'k': 255, 'a_base': 64, 'bt_base': 16832, 'c_base': 33088, 'a_stride': 256, 'bt_stride': 256, 'c_stride': 256, 'mode': 0, 'watchdog': 10000000}",2026-10-04T16:53:55.761299+00:00,2026-10-04T16:54:01.292461+00:00,b66a7720a105919db335723970fb7253b0601926d9aeb6759828e8f048e1a8f1,be7940e7d1f6b3a91cc83c5f7d734c685cf31470a71830bfd70cce01aef88612,37ffe4c36883a12350f340c4c5c11b74c0a4f29b352120fb94ca1a9887dfa4ca,14bd75e253342a90521867b056c7497f87fd8cf63a162fba16f9424ec098432e,Uploaded in this connection; reused only within this case,"{'a': '08609029edfcf61fe267f41053e3f975ef2cec446a189823578fdc0d2542a881', 'bt': '2a7dc258dba06397a0a5fd9351f399e809a170c48e065599ff25938e1a92e422', 'c': '3491a7792df8292bdfb06c6a5a08040446bebadd1eba25067db970e4a48ce208'}",PASS,1.177356600004714,0.19200249999994412,0.5444005000172183,52399,20016,10208,2080,16380,17501,0,268,8,32,2638998349,100000000,4095,49792,33412,3.5840138000203297,0.03134940000018105,5.497773400042206,0.00052399,3.985667665413462,0.31138028636042675
1,PASS,True,268,1,0,21976560,65,63,255,"{'m': 65, 'n': 63, 'k': 255, 'a_base': 64, 'bt_base': 16832, 'c_base': 33088, 'a_stride': 256, 'bt_stride': 256, 'c_stride': 256, 'mode': 1, 'watchdog': 10000000}",2026-10-04T16:54:01.328979+00:00,2026-10-04T16:54:06.860949+00:00,b66a7720a105919db335723970fb7253b0601926d9aeb6759828e8f048e1a8f1,be7940e7d1f6b3a91cc83c5f7d734c685cf31470a71830bfd70cce01aef88612,37ffe4c36883a12350f340c4c5c11b74c0a4f29b352120fb94ca1a9887dfa4ca,14bd75e253342a90521867b056c7497f87fd8cf63a162fba16f9424ec098432e,Uploaded in this connection; reused only within this case,"{'a': '08609029edfcf61fe267f41053e3f975ef2cec446a189823578fdc0d2542a881', 'bt': '2a7dc258dba06397a0a5fd9351f399e809a170c48e065599ff25938e1a92e422', 'c': '3491a7792df8292bdfb06c6a5a08040446bebadd1eba25067db970e4a48ce208'}",PASS,1.1773410000023432,0.19232229999033734,0.5437275999574922,26512,20016,10208,2080,16380,3480,0,268,8,32,2638998349,100000000,4095,49792,33412,3.5839196000015363,0.032628700020723045,5.497310499951709,0.00026512,7.877376282438141,0.6154200220654797
1,PASS,True,269,1,0,21986533,1,64,256,"{'m': 1, 'n': 64, 'k': 256, 'a_base': 64, 'bt_base': 448, 'c_base': 16960, 'a_stride': 256, 'bt_stride': 256, 'c_stride': 256, 'mode': 1, 'watchdog': 10000000}",2026-10-04T16:54:08.173823+00:00,2026-10-04T16:54:10.300395+00:00,d5a8b662601f4b5085d323012c363df74010096f06d6624a30cf3d7158e38a4a,1afd2ab1979e7ac4d07bd36b03057a42037ebbeab6450836a63b5b66181b7d28,db99ffd9c9a1f5f6706d3416f789ec7ff0c5d7bd38025b423a81b045f999bca0,0e36bbe53e7cba49ab76dc45b5748e7a76d61206a12ae002395822a0f76a6bae,Uploaded in this connection; reused only within this case,"{'a': '916111fd7fad87d24c05c833f054e6af3a6430d04d7ca52458e89274274a8180', 'bt': '82a5a97667aa2d10fe035b201158dafc0546b9ee55f87f089e50d210fc64fe96', 'c': 'c5573bd86cbd4e0fad3f324c90bdf2f4361fe8a551761350d6b01021350201d3'}",PASS,0.04507520003244281,0.19204399996669963,0.5439422000199556,5014,2232,2112,32,256,2631,0,4,8,32,2638998349,100000000,64,17280,17024,1.3118743000086397,0.03222310001729056,2.0929357000277378,5.014e-05,0.653530115676107,0.05105704028719585
1,PASS,True,270,0,0,21986533,1,64,256,"{'m': 1, 'n': 64, 'k': 256, 'a_base': 64, 'bt_base': 448, 'c_base': 16960, 'a_stride': 256, 'bt_stride': 256, 'c_stride': 256, 'mode': 0, 'watchdog': 10000000}",2026-10-04T16:54:10.336914+00:00,2026-10-04T16:54:12.460102+00:00,d5a8b662601f4b5085d323012c363df74010096f06d6624a30cf3d7158e38a4a,1afd2ab1979e7ac4d07bd36b03057a42037ebbeab6450836a63b5b66181b7d28,db99ffd9c9a1f5f6706d3416f789ec7ff0c5d7bd38025b423a81b045f999bca0,0e36bbe53e7cba49ab76dc45b5748e7a76d61206a12ae002395822a0f76a6bae,Uploaded in this connection; reused only within this case,"{'a': '916111fd7fad87d24c05c833f054e6af3a6430d04d7ca52458e89274274a8180', 'bt': '82a5a97667aa2d10fe035b201158dafc0546b9ee55f87f089e50d210fc64fe96', 'c': 'c5573bd86cbd4e0fad3f324c90bdf2f4361fe8a551761350d6b01021350201d3'}",PASS,0.04242900002282113,0.19186189997708425,0.543946199992206,6250,2232,2112,32,256,3746,0,4,8,32,2638998349,100000000,64,17280,17024,1.312161800044123,0.03177569998661056,2.0903989000362344,6.25e-05,0.524288,0.04096
1,PASS,True,271,0,0,21996506,64,1,256,"{'m': 64, 'n': 1, 'k': 256, 'a_base': 64, 'bt_base': 16576, 'c_base': 16960, 'a_stride': 256, 'bt_stride': 256, 'c_stride': 64, 'mode': 0, 'watchdog': 10000000}",2026-10-04T16:54:13.760078+00:00,2026-10-04T16:54:16.396243+00:00,871ffd7c71892207b67cd8eb0bfb074721fcb6a669b5fe9d16b1025eb1c2ed2b,1164696f50426e45f0bc4eec75ed95a2d33bbda75c2dd720af9c3da58b5c7f06,70c830783192abadb50c5f8f7b21ca103bf9dcfec7df2e71ee5b9f0f577c824d,97b99a8d511a0bc8d6b13e34d34128e02bb8fca48ff36727f23f002fcb8851ad,Uploaded in this connection; reused only within this case,"{'a': '7099bd67120e86c9c6782ce8fb8feaf473057e0f1bd9fe9c4a39a3c5ee664fc3', 'bt': 'e31eb611d5da0ca2c95e0e86d049503a119bdc07b9737ea09c8bc7a5dd2b40ca', 'c': '381e38bee9ddab917ad85e175998e3d2fb3561af75060827cfc5a596b072e698'}",PASS,0.29895299999043345,0.19175759999779984,0.5439659000257961,8296,2232,2112,64,256,3707,0,128,8,32,2638998349,100000000,64,21120,20864,1.5681983000249602,0.03207099996507168,2.6028748000389896,8.296e-05,0.39498553519768564,0.03085824493731919
1,PASS,True,272,1,0,21996506,64,1,256,"{'m': 64, 'n': 1, 'k': 256, 'a_base': 64, 'bt_base': 16576, 'c_base': 16960, 'a_stride': 256, 'bt_stride': 256, 'c_stride': 64, 'mode': 1, 'watchdog': 10000000}",2026-10-04T16:54:16.428955+00:00,2026-10-04T16:54:19.068089+00:00,871ffd7c71892207b67cd8eb0bfb074721fcb6a669b5fe9d16b1025eb1c2ed2b,1164696f50426e45f0bc4eec75ed95a2d33bbda75c2dd720af9c3da58b5c7f06,70c830783192abadb50c5f8f7b21ca103bf9dcfec7df2e71ee5b9f0f577c824d,97b99a8d511a0bc8d6b13e34d34128e02bb8fca48ff36727f23f002fcb8851ad,Uploaded in this connection; reused only within this case,"{'a': '7099bd67120e86c9c6782ce8fb8feaf473057e0f1bd9fe9c4a39a3c5ee664fc3', 'bt': 'e31eb611d5da0ca2c95e0e86d049503a119bdc07b9737ea09c8bc7a5dd2b40ca', 'c': '381e38bee9ddab917ad85e175998e3d2fb3561af75060827cfc5a596b072e698'}",PASS,0.3014989999937825,0.19183600001269951,0.5439695999957621,6034,2232,2112,64,256,2609,0,128,8,32,2638998349,100000000,64,21120,20864,1.5681541000376455,0.031884700001683086,2.6054587000398897,6.034e-05,0.5430560159098442,0.04242625124295658
1,PASS,True,273,1,0,22006479,32,32,256,"{'m': 32, 'n': 32, 'k': 256, 'a_base': 64, 'bt_base': 8384, 'c_base': 16704, 'a_stride': 256, 'bt_stride': 256, 'c_stride': 128, 'mode': 1, 'watchdog': 10000000}",2026-10-04T16:54:20.349612+00:00,2026-10-04T16:54:22.971908+00:00,9828c2c615bcc2d6b4b770c10c8f03d985d7b7d257e4b44b415c2683bace0833,f3f909da20e1e3c6a08773c8e22eb8e0ca7b386034ae3b4c5d425ee413f4da9d,9a210691891ebcce31fd0c5584df53a791811cdba7b642d61addf6ce55991e1e,5999f6a2d99eda5fe6364b52783fe7cc4f5d8e91fb8902e43e98e103f3f49398,Uploaded in this connection; reused only within this case,"{'a': '83be013e24e2e963914f43e2bfb95e0a42cc98e30ed0203a64dba91b9f02682e', 'bt': '719396b8bb3db3d8fdc4423f14cfb9386a7b3a3c6dd3101cecface9fee6da256', 'c': '544390fdfd4820ff23c8fcf94bcee89daa204d6c14e70c1035ac9b78863af19c'}",PASS,0.3011984000331722,0.19197869999334216,0.5438149999827147,11600,4464,2048,512,4096,3506,0,66,8,32,2638998349,100000000,1024,20864,16768,1.552235200011637,0.03194369998527691,2.589227300020866,0.000116,4.519724137931034,0.35310344827586204
1,PASS,True,274,0,0,22006479,32,32,256,"{'m': 32, 'n': 32, 'k': 256, 'a_base': 64, 'bt_base': 8384, 'c_base': 16704, 'a_stride': 256, 'bt_stride': 256, 'c_stride': 128, 'mode': 0, 'watchdog': 10000000}",2026-10-04T16:54:23.008379+00:00,2026-10-04T16:54:25.627855+00:00,9828c2c615bcc2d6b4b770c10c8f03d985d7b7d257e4b44b415c2683bace0833,f3f909da20e1e3c6a08773c8e22eb8e0ca7b386034ae3b4c5d425ee413f4da9d,9a210691891ebcce31fd0c5584df53a791811cdba7b642d61addf6ce55991e1e,5999f6a2d99eda5fe6364b52783fe7cc4f5d8e91fb8902e43e98e103f3f49398,Uploaded in this connection; reused only within this case,"{'a': '83be013e24e2e963914f43e2bfb95e0a42cc98e30ed0203a64dba91b9f02682e', 'bt': '719396b8bb3db3d8fdc4423f14cfb9386a7b3a3c6dd3101cecface9fee6da256', 'c': '544390fdfd4820ff23c8fcf94bcee89daa204d6c14e70c1035ac9b78863af19c'}",PASS,0.2980496999807656,0.19209419999970123,0.5440001000533812,11584,4464,2048,512,4096,3460,0,66,8,32,2638998349,100000000,1024,20864,16768,1.5518135999445803,0.03222620004089549,2.5859575999784283,0.00011584,4.52596685082873,0.35359116022099446
1,PASS,True,275,1,0,22041397,1,1,1,"{'m': 1, 'n': 1, 'k': 1, 'a_base': 64, 'bt_base': 256, 'c_base': 448, 'a_stride': 64, 'bt_stride': 64, 'c_stride': 64, 'mode': 1, 'watchdog': 10000000}",2026-10-04T16:54:25.789173+00:00,2026-10-04T16:54:26.715695+00:00,85f97e04d754c81dac21f0ce857adc81170d08c6cfef7cf90edbbabf39d9671a,ba5ec51d07a4ac0e951608704431d59a02b21a4e951acc10505a8dc407c501ee,305573229b55a59bb5367ea00bd02f3a8fd1e24c83ca4305fb106f4bfd24c8b9,eec534eb047aa808f9d01fd387bcdef97584be8f135572cd1e88d6470fdca39c,Uploaded in this connection; reused only within this case,"{'a': 'e5a49b48949f00add7b7f4e2063a2d6b3cefb1acc320db303cc6803582b9d22f', 'bt': '0cc31c118ec710e51c52a844ef31678fd8135c29272bad720c1bf313bba7a1b5', 'c': '8c3fed187ac0023f263552851435cd072a2af0ad28a1b1ac97b263ddadecf36b'}",PASS,0.029507200000807643,0.19196299999020994,0.5441950999666005,218,24,2,1,4,149,0,2,8,32,2638998349,100000000,1,576,572,0.12767990003339946,0.0320870999712497,0.8933451999910176,2.18e-06,0.0009174311926605505,7.167431192660551e-05
1,PASS,True,276,0,0,22041397,1,1,1,"{'m': 1, 'n': 1, 'k': 1, 'a_base': 64, 'bt_base': 256, 'c_base': 448, 'a_stride': 64, 'bt_stride': 64, 'c_stride': 64, 'mode': 0, 'watchdog': 10000000}",2026-10-04T16:54:26.754163+00:00,2026-10-04T16:54:27.675843+00:00,85f97e04d754c81dac21f0ce857adc81170d08c6cfef7cf90edbbabf39d9671a,ba5ec51d07a4ac0e951608704431d59a02b21a4e951acc10505a8dc407c501ee,305573229b55a59bb5367ea00bd02f3a8fd1e24c83ca4305fb106f4bfd24c8b9,eec534eb047aa808f9d01fd387bcdef97584be8f135572cd1e88d6470fdca39c,Uploaded in this connection; reused only within this case,"{'a': 'e5a49b48949f00add7b7f4e2063a2d6b3cefb1acc320db303cc6803582b9d22f', 'bt': '0cc31c118ec710e51c52a844ef31678fd8135c29272bad720c1bf313bba7a1b5', 'c': '8c3fed187ac0023f263552851435cd072a2af0ad28a1b1ac97b263ddadecf36b'}",PASS,0.024365299963392317,0.19214320002356544,0.5437518999679014,218,24,2,1,4,149,0,2,8,32,2638998349,100000000,1,576,572,0.12849010003264993,0.03179510001791641,0.8887504999875091,2.18e-06,0.0009174311926605505,7.167431192660551e-05
1,PASS,True,277,0,0,22051370,5,3,9,"{'m': 5, 'n': 3, 'k': 9, 'a_base': 64, 'bt_base': 512, 'c_base': 832, 'a_stride': 64, 'bt_stride': 64, 'c_stride': 64, 'mode': 0, 'watchdog': 10000000}",2026-10-04T16:54:27.854363+00:00,2026-10-04T16:54:28.843643+00:00,cca6444ac6b8e58ca34805b8addf6cf53459d7f8df31a70b72f3acde0ef6a4a6,8759badbad42630af13a8ff5042bee19e1262f62ee9cc50fe6c02fad6ace20b9,d67122d524a72c91e1ff9d66799d4f58e7f3323afdc9a9e8f676ec2b8c560b6d,50652e3c1efbaf559a4944ca056fe74f571d79df78820bfb27af4638dbd1a8da,Uploaded in this connection; reused only within this case,"{'a': '03d4fa5735f1f242e2d03d913b8c4923ab6f4981a03c9c36d3e8db3e6766dd33', 'bt': '785d77e527eb9bb1b3ce6dee92441c1662e9321cd34f31f8b8904c221036ae04', 'c': '01486997adc8481f60c05e73547fd8161e5c54b86e850d4806cb20af0142a1b4'}",PASS,0.0441520000458695,0.19190179998986423,0.543897699972149,479,32,16,10,60,236,0,10,8,32,2638998349,100000000,15,1216,1156,0.1763366000377573,0.031834599969442934,0.95628810004564,4.79e-06,0.05636743215031315,0.004403705636743215
1,PASS,True,278,1,0,22051370,5,3,9,"{'m': 5, 'n': 3, 'k': 9, 'a_base': 64, 'bt_base': 512, 'c_base': 832, 'a_stride': 64, 'bt_stride': 64, 'c_stride': 64, 'mode': 1, 'watchdog': 10000000}",2026-10-04T16:54:28.876772+00:00,2026-10-04T16:54:29.867537+00:00,cca6444ac6b8e58ca34805b8addf6cf53459d7f8df31a70b72f3acde0ef6a4a6,8759badbad42630af13a8ff5042bee19e1262f62ee9cc50fe6c02fad6ace20b9,d67122d524a72c91e1ff9d66799d4f58e7f3323afdc9a9e8f676ec2b8c560b6d,50652e3c1efbaf559a4944ca056fe74f571d79df78820bfb27af4638dbd1a8da,Uploaded in this connection; reused only within this case,"{'a': '03d4fa5735f1f242e2d03d913b8c4923ab6f4981a03c9c36d3e8db3e6766dd33', 'bt': '785d77e527eb9bb1b3ce6dee92441c1662e9321cd34f31f8b8904c221036ae04', 'c': '01486997adc8481f60c05e73547fd8161e5c54b86e850d4806cb20af0142a1b4'}",PASS,0.04553819994907826,0.19228680001106113,0.5434890000033192,478,32,16,10,60,235,0,10,8,32,2638998349,100000000,15,1216,1156,0.17619130003731698,0.031902399961836636,0.9575053000007756,4.78e-06,0.056485355648535567,0.004412918410041841
1,PASS,True,279,1,0,22061343,31,33,17,"{'m': 31, 'n': 33, 'k': 17, 'a_base': 64, 'bt_base': 2176, 'c_base': 4416, 'a_stride': 64, 'bt_stride': 64, 'c_stride': 192, 'mode': 1, 'watchdog': 10000000}",2026-10-04T16:54:30.271359+00:00,2026-10-04T16:54:32.283327+00:00,3c0a3145032c44f654b52c4148daaccaccf81cadc6a484f6be32200330c37da8,27bff2c6fffeaf49f39eae4ddae0f6efb1e05960a4b2c674a0f3e92c9201f82f,5b44d5ac7c6098d7354f480bf203429c7e31a1613d7baabea6f3cc44f35a6330,d29a28e62878a2da6a1eef6ad8ca6cca645d25d6b87daaf148311c760df8992d,Uploaded in this connection; reused only within this case,"{'a': '62d3fe741d5025e120e7a183d875785f52f2f61d0783e952387936be41b4a5e0', 'bt': '8358e81e49a974839e04d1f012911cb2a82814c819a0658fa6dde8abb9d99b60', 'c': 'fda99631de83187eaba0b614b9ea8f26f7b196f15aeedd0ce57e2a1f404c2238'}",PASS,0.4261292000301182,0.19192309997742996,0.5440641000168398,6481,800,285,527,4092,1238,0,124,8,32,2638998349,100000000,1023,10432,6340,0.8157965999562293,0.03192450001370162,1.9779129999806173,6.481e-05,0.5366764388211696,0.04192784678290387
1,PASS,True,280,0,0,22061343,31,33,17,"{'m': 31, 'n': 33, 'k': 17, 'a_base': 64, 'bt_base': 2176, 'c_base': 4416, 'a_stride': 64, 'bt_stride': 64, 'c_stride': 192, 'mode': 0, 'watchdog': 10000000}",2026-10-04T16:54:32.318452+00:00,2026-10-04T16:54:34.331440+00:00,3c0a3145032c44f654b52c4148daaccaccf81cadc6a484f6be32200330c37da8,27bff2c6fffeaf49f39eae4ddae0f6efb1e05960a4b2c674a0f3e92c9201f82f,5b44d5ac7c6098d7354f480bf203429c7e31a1613d7baabea6f3cc44f35a6330,d29a28e62878a2da6a1eef6ad8ca6cca645d25d6b87daaf148311c760df8992d,Uploaded in this connection; reused only within this case,"{'a': '62d3fe741d5025e120e7a183d875785f52f2f61d0783e952387936be41b4a5e0', 'bt': '8358e81e49a974839e04d1f012911cb2a82814c819a0658fa6dde8abb9d99b60', 'c': 'fda99631de83187eaba0b614b9ea8f26f7b196f15aeedd0ce57e2a1f404c2238'}",PASS,0.4277551000122912,0.1921104000066407,0.5441364999860525,7387,800,285,527,4092,1934,0,124,8,32,2638998349,100000000,1023,10432,6340,0.8159078999888152,0.031911600031889975,1.9799098999937996,7.387e-05,0.47085420333017464,0.036785484635169896
1,PASS,True,281,0,0,22071316,33,35,256,"{'m': 33, 'n': 35, 'k': 256, 'a_base': 64, 'bt_base': 8640, 'c_base': 17728, 'a_stride': 256, 'bt_stride': 256, 'c_stride': 192, 'mode': 0, 'watchdog': 10000000}",2026-10-04T16:54:35.694674+00:00,2026-10-04T16:54:38.699354+00:00,fea1931453a4ac3af2a21536f9c85ed68cf39d48f5829b5816de7c8f7bf899cb,5259191f1611aaa30b8c9326d44853c697bd849195c2c26f137a2165f90706f5,ffb5236c473d1380b42212eecedd22f738e3749b650d84032257aec221843e28,d239d2377950599b291a29490a140f5a373655651839c8384e0d51d57a3c1e6b,Uploaded in this connection; reused only within this case,"{'a': '808062a08ca9d28935f3196b27d6ddf457a28548bb5bf484bbd726b3c2383a96', 'bt': '030a3aa4a2dbc3e99ca8500dca9c4f5c255bd1b3c9ef7b9afefd83aebe2f7f6a', 'c': 'fbdabaf02cfebef5844b9bc32c344784a496fcd7e28cdc165293bcf2b67ed538'}",PASS,0.45960409997496754,0.19196630001533777,0.5439240999985486,19801,6975,4352,594,4620,7692,0,134,8,32,2638998349,100000000,1155,24128,19508,1.7758477000170387,0.032131300016772,2.9713422000058927,0.00019801,2.9865158325337107,0.23332154941669614
1,PASS,True,282,1,0,22071316,33,35,256,"{'m': 33, 'n': 35, 'k': 256, 'a_base': 64, 'bt_base': 8640, 'c_base': 17728, 'a_stride': 256, 'bt_stride': 256, 'c_stride': 192, 'mode': 1, 'watchdog': 10000000}",2026-10-04T16:54:38.738051+00:00,2026-10-04T16:54:41.739216+00:00,fea1931453a4ac3af2a21536f9c85ed68cf39d48f5829b5816de7c8f7bf899cb,5259191f1611aaa30b8c9326d44853c697bd849195c2c26f137a2165f90706f5,ffb5236c473d1380b42212eecedd22f738e3749b650d84032257aec221843e28,d239d2377950599b291a29490a140f5a373655651839c8384e0d51d57a3c1e6b,Uploaded in this connection; reused only within this case,"{'a': '808062a08ca9d28935f3196b27d6ddf457a28548bb5bf484bbd726b3c2383a96', 'bt': '030a3aa4a2dbc3e99ca8500dca9c4f5c255bd1b3c9ef7b9afefd83aebe2f7f6a', 'c': 'fbdabaf02cfebef5844b9bc32c344784a496fcd7e28cdc165293bcf2b67ed538'}",PASS,0.4561282999929972,0.1917572999955155,0.5441796000231989,13281,6975,4352,594,4620,3457,0,134,8,32,2638998349,100000000,1155,24128,19508,1.7760846000164747,0.031827099970541894,2.9681498000281863,0.00013281,4.452676756268353,0.3478653715834651
1,PASS,True,283,1,0,22081289,65,63,255,"{'m': 65, 'n': 63, 'k': 255, 'a_base': 64, 'bt_base': 16832, 'c_base': 33088, 'a_stride': 256, 'bt_stride': 256, 'c_stride': 256, 'mode': 1, 'watchdog': 10000000}",2026-10-04T16:54:44.206369+00:00,2026-10-04T16:54:49.738889+00:00,7fef89e530b5f2c4f78d135ea3bbad9a9e12400a708fd16050e21baad52eb59b,5df7944739b8948d3a9afc314f2847ddc9daf9e77913434dd51f5cccfa89d060,0e5735dc048c0ab03301e13c796e18fa337f9cc9c3fd58ce767389d4832ccfd0,b258290d0d13c894a5f87101676976409c814f650aa898e080ea49119055dd74,Uploaded in this connection; reused only within this case,"{'a': 'a0f538772d0260527e99cbcecce0612158a365614c7e515cda70e82426b3ca4b', 'bt': 'f5aa0e9db43f583a31265063cbac47277bf87487b03c80d6ce03281ab9ac0cd7', 'c': '56a08063252dddb7b186ddfc969e705b079a0d5cb651c81afb35043f144bf2bc'}",PASS,1.1795947999926284,0.1919855999876745,0.5440239000017755,26435,20016,10208,2080,16380,3474,0,268,8,32,2638998349,100000000,4095,49792,33412,3.583992300031241,0.03170659998431802,5.499596600013319,0.00026435,7.900321543408361,0.6172126205787781
1,PASS,True,284,0,0,22081289,65,63,255,"{'m': 65, 'n': 63, 'k': 255, 'a_base': 64, 'bt_base': 16832, 'c_base': 33088, 'a_stride': 256, 'bt_stride': 256, 'c_stride': 256, 'mode': 0, 'watchdog': 10000000}",2026-10-04T16:54:49.783121+00:00,2026-10-04T16:54:55.306647+00:00,7fef89e530b5f2c4f78d135ea3bbad9a9e12400a708fd16050e21baad52eb59b,5df7944739b8948d3a9afc314f2847ddc9daf9e77913434dd51f5cccfa89d060,0e5735dc048c0ab03301e13c796e18fa337f9cc9c3fd58ce767389d4832ccfd0,b258290d0d13c894a5f87101676976409c814f650aa898e080ea49119055dd74,Uploaded in this connection; reused only within this case,"{'a': 'a0f538772d0260527e99cbcecce0612158a365614c7e515cda70e82426b3ca4b', 'bt': 'f5aa0e9db43f583a31265063cbac47277bf87487b03c80d6ce03281ab9ac0cd7', 'c': '56a08063252dddb7b186ddfc969e705b079a0d5cb651c81afb35043f144bf2bc'}",PASS,1.1702909999876283,0.19235630001639947,0.5435733000049368,52332,20016,10208,2080,16380,17459,0,268,8,32,2638998349,100000000,4095,49792,33412,3.5841284000198357,0.03171569999540225,5.4903490000288,0.00052332,3.990770465489567,0.3117789426163724
1,PASS,True,285,0,0,22091262,1,64,256,"{'m': 1, 'n': 64, 'k': 256, 'a_base': 64, 'bt_base': 448, 'c_base': 16960, 'a_stride': 256, 'bt_stride': 256, 'c_stride': 256, 'mode': 0, 'watchdog': 10000000}",2026-10-04T16:54:56.607117+00:00,2026-10-04T16:54:58.730484+00:00,e758a22029f1f74bb4d9d51c8ffd84608b3b6dd76a8e8cf84436ee23bf227264,29e40d38c865be62237ed911d20a33b04fd184314a039986ecec5bf7066399fb,afefd7cc39e32aee9c797791f0480cd27f982dd2135ea967f3ffcd0f97478f2a,935ec9a0fa050dfb0170b56c1cc4f12b141b5d308e21b69fbeec5c8e2d58d303,Uploaded in this connection; reused only within this case,"{'a': 'e0ede3a91dc34c717d6c98a2d172002d47cd88fa452bc9667cf2cfbf7e81869c', 'bt': 'cd4cd81146a183cb55f3e1a65e5821cea544ba7951f698eef2d89dbdab5fef15', 'c': '86ff9744c9413fd222ac4dd07f168c5d754db2c9a6a685ff057c2cf9bde2d943'}",PASS,0.042589499964378774,0.1920131000224501,0.5438421999569982,6262,2232,2112,32,256,3757,0,4,8,32,2638998349,100000000,64,17280,17024,1.312127600016538,0.03175780002493411,2.090572399960365,6.262e-05,0.5232832960715427,0.04088150750558927
1,PASS,True,286,1,0,22091262,1,64,256,"{'m': 1, 'n': 64, 'k': 256, 'a_base': 64, 'bt_base': 448, 'c_base': 16960, 'a_stride': 256, 'bt_stride': 256, 'c_stride': 256, 'mode': 1, 'watchdog': 10000000}",2026-10-04T16:54:58.768454+00:00,2026-10-04T16:55:00.890701+00:00,e758a22029f1f74bb4d9d51c8ffd84608b3b6dd76a8e8cf84436ee23bf227264,29e40d38c865be62237ed911d20a33b04fd184314a039986ecec5bf7066399fb,afefd7cc39e32aee9c797791f0480cd27f982dd2135ea967f3ffcd0f97478f2a,935ec9a0fa050dfb0170b56c1cc4f12b141b5d308e21b69fbeec5c8e2d58d303,Uploaded in this connection; reused only within this case,"{'a': 'e0ede3a91dc34c717d6c98a2d172002d47cd88fa452bc9667cf2cfbf7e81869c', 'bt': 'cd4cd81146a183cb55f3e1a65e5821cea544ba7951f698eef2d89dbdab5fef15', 'c': '86ff9744c9413fd222ac4dd07f168c5d754db2c9a6a685ff057c2cf9bde2d943'}",PASS,0.04103109997231513,0.1919084000401199,0.5442265999736264,4995,2232,2112,32,256,2604,0,4,8,32,2638998349,100000000,64,17280,17024,1.3117367000086233,0.03218330000527203,2.0889027999946848,4.995e-05,0.656016016016016,0.051251251251251254
1,PASS,True,287,1,0,22101235,64,1,256,"{'m': 64, 'n': 1, 'k': 256, 'a_base': 64, 'bt_base': 16576, 'c_base': 16960, 'a_stride': 256, 'bt_stride': 256, 'c_stride': 64, 'mode': 1, 'watchdog': 10000000}",2026-10-04T16:55:02.189271+00:00,2026-10-04T16:55:04.826550+00:00,fe666984517418cb03390b567a42b6bea5a8a3644c4ac0d412ae842602bcdc3d,5229043bf8a79d4db7f0c8db686d7e38bd5bb5a7e406f864cb5e4c607d3c2b5f,16731f301226d1ae714d7bb5ed48e614de2905085ec0beac35bcbf166202df61,7c4ecc47aaeef3f6ebdb33264e7670f2824ca0c3731dd08be05e10c73a2f03f6,Uploaded in this connection; reused only within this case,"{'a': '640ab3662f4d866e33fcdeb04858d2d9a99c9ac46619118c60247083bcdac8d7', 'bt': 'b9afe8769a89a590a5d25688e2dc9f80ba00d6e0f5fcf4b7c31b07b63178806b', 'c': '3490a543fa98b1be6a41093dbd2280edca2a46993d20fd402e0c4c815211a73f'}",PASS,0.30007369996747,0.1919110000017099,0.5440929000033066,6057,2232,2112,64,256,2632,0,128,8,32,2638998349,100000000,64,21120,20864,1.5676782000227831,0.032302799983881414,2.6037557999952696,6.057e-05,0.5409938913653624,0.04226514776291894
1,PASS,True,288,0,0,22101235,64,1,256,"{'m': 64, 'n': 1, 'k': 256, 'a_base': 64, 'bt_base': 16576, 'c_base': 16960, 'a_stride': 256, 'bt_stride': 256, 'c_stride': 64, 'mode': 0, 'watchdog': 10000000}",2026-10-04T16:55:04.861928+00:00,2026-10-04T16:55:07.498129+00:00,fe666984517418cb03390b567a42b6bea5a8a3644c4ac0d412ae842602bcdc3d,5229043bf8a79d4db7f0c8db686d7e38bd5bb5a7e406f864cb5e4c607d3c2b5f,16731f301226d1ae714d7bb5ed48e614de2905085ec0beac35bcbf166202df61,7c4ecc47aaeef3f6ebdb33264e7670f2824ca0c3731dd08be05e10c73a2f03f6,Uploaded in this connection; reused only within this case,"{'a': '640ab3662f4d866e33fcdeb04858d2d9a99c9ac46619118c60247083bcdac8d7', 'bt': 'b9afe8769a89a590a5d25688e2dc9f80ba00d6e0f5fcf4b7c31b07b63178806b', 'c': '3490a543fa98b1be6a41093dbd2280edca2a46993d20fd402e0c4c815211a73f'}",PASS,0.2994652999914251,0.1916699999710545,0.5439905000384897,8318,2232,2112,64,256,3735,0,128,8,32,2638998349,100000000,64,21120,20864,1.5679630999802612,0.03193860000465065,2.6030888999812305,8.318e-05,0.3939408511661457,0.030776628997355133
1,PASS,True,289,0,0,22111208,32,32,256,"{'m': 32, 'n': 32, 'k': 256, 'a_base': 64, 'bt_base': 8384, 'c_base': 16704, 'a_stride': 256, 'bt_stride': 256, 'c_stride': 128, 'mode': 0, 'watchdog': 10000000}",2026-10-04T16:55:08.781527+00:00,2026-10-04T16:55:11.402154+00:00,812ecbf3e5eca6c3ffd78e2435a5e0302bb24a08cebd1d9bb12d8c2a0a86612e,8c39ba3d1673b4d160fd0140116c32ccd7bfccc64f47351193a11b30192454f9,b8c9a5a7bbdd5dde169379af7570ea9445e53bb841fd39490096b21526ae6a3a,df52530bc11dc881595fd072b5e6c15fd7a87f383da089113e7e5db6669035d8,Uploaded in this connection; reused only within this case,"{'a': '2470cdc32d4a838a11a4f7d1d1196bcd77d8f0d037d6dd118c7ee1038ed96285', 'bt': 'd716d7d329797d9041e348bb4e823b0eb39d2308d31449c8f0b006a2cf2c7645', 'c': 'a4f8136fcefbf2d49c96dab59dbc0041a79d7a76760628532ca73156d755e85c'}",PASS,0.29937270004302263,0.19201189995510504,0.5442070999997668,11561,4464,2048,512,4096,3442,0,66,8,32,2638998349,100000000,1024,20864,16768,1.5516672999947332,0.032098399999085814,2.5872589999926277,0.00011561,4.534971023267883,0.35429461119280337
1,PASS,True,290,1,0,22111208,32,32,256,"{'m': 32, 'n': 32, 'k': 256, 'a_base': 64, 'bt_base': 8384, 'c_base': 16704, 'a_stride': 256, 'bt_stride': 256, 'c_stride': 128, 'mode': 1, 'watchdog': 10000000}",2026-10-04T16:55:11.443182+00:00,2026-10-04T16:55:14.058156+00:00,812ecbf3e5eca6c3ffd78e2435a5e0302bb24a08cebd1d9bb12d8c2a0a86612e,8c39ba3d1673b4d160fd0140116c32ccd7bfccc64f47351193a11b30192454f9,b8c9a5a7bbdd5dde169379af7570ea9445e53bb841fd39490096b21526ae6a3a,df52530bc11dc881595fd072b5e6c15fd7a87f383da089113e7e5db6669035d8,Uploaded in this connection; reused only within this case,"{'a': '2470cdc32d4a838a11a4f7d1d1196bcd77d8f0d037d6dd118c7ee1038ed96285', 'bt': 'd716d7d329797d9041e348bb4e823b0eb39d2308d31449c8f0b006a2cf2c7645', 'c': 'a4f8136fcefbf2d49c96dab59dbc0041a79d7a76760628532ca73156d755e85c'}",PASS,0.2928701000055298,0.19214340002508834,0.5442324999603443,11550,4464,2048,512,4096,3456,0,66,8,32,2638998349,100000000,1024,20864,16768,1.5517118000425398,0.031923199945595115,2.5809578000335023,0.0001155,4.539290043290043,0.35463203463203463
1,PASS,True,291,0,0,22146126,1,1,1,"{'m': 1, 'n': 1, 'k': 1, 'a_base': 64, 'bt_base': 256, 'c_base': 448, 'a_stride': 64, 'bt_stride': 64, 'c_stride': 64, 'mode': 0, 'watchdog': 10000000}",2026-10-04T16:55:14.220901+00:00,2026-10-04T16:55:15.146184+00:00,3cbdaf66b3dd2b174788a2f17f938b52dda93a2a97440cead19332cbfacba7c8,30a5bfa58e128af9e5a4955725d8ad26d4d574a537b58b7dc6d357acad578572,6a35d5e0735b67a62e210df84f190f179b75854258bb67f859f292d414f6d279,e253cb60aa235c82c2eab15b2b75709a7d385343010bb10722239da9f7c7c1aa,Uploaded in this connection; reused only within this case,"{'a': '19ce0db0e5ba94cd31c7e41c4c05b9cfb706df41982d6b7b9595c031fc2e430a', 'bt': 'beaf88455982d295a9fdee7ed73c57e7812037365270bd00e1d3d73c8feabea2', 'c': '596f3bd87893a399af2929111e6cef14e21ad219b56d36f4f187028eb6095c51'}",PASS,0.028155999956652522,0.1919307000353001,0.5440572999650612,218,24,2,1,4,149,0,2,8,32,2638998349,100000000,1,576,572,0.12792100000660866,0.03219689999241382,0.8920649999636225,2.18e-06,0.0009174311926605505,7.167431192660551e-05
1,PASS,True,292,1,0,22146126,1,1,1,"{'m': 1, 'n': 1, 'k': 1, 'a_base': 64, 'bt_base': 256, 'c_base': 448, 'a_stride': 64, 'bt_stride': 64, 'c_stride': 64, 'mode': 1, 'watchdog': 10000000}",2026-10-04T16:55:15.191629+00:00,2026-10-04T16:55:16.121857+00:00,3cbdaf66b3dd2b174788a2f17f938b52dda93a2a97440cead19332cbfacba7c8,30a5bfa58e128af9e5a4955725d8ad26d4d574a537b58b7dc6d357acad578572,6a35d5e0735b67a62e210df84f190f179b75854258bb67f859f292d414f6d279,e253cb60aa235c82c2eab15b2b75709a7d385343010bb10722239da9f7c7c1aa,Uploaded in this connection; reused only within this case,"{'a': '19ce0db0e5ba94cd31c7e41c4c05b9cfb706df41982d6b7b9595c031fc2e430a', 'bt': 'beaf88455982d295a9fdee7ed73c57e7812037365270bd00e1d3d73c8feabea2', 'c': '596f3bd87893a399af2929111e6cef14e21ad219b56d36f4f187028eb6095c51'}",PASS,0.032570799987297505,0.19147489999886602,0.5440605999901891,223,24,2,1,4,154,0,2,8,32,2638998349,100000000,1,576,572,0.12796930002514273,0.03203419997589663,0.8960756000014953,2.23e-06,0.0008968609865470852,7.006726457399103e-05
1,PASS,True,293,1,0,22156099,5,3,9,"{'m': 5, 'n': 3, 'k': 9, 'a_base': 64, 'bt_base': 512, 'c_base': 832, 'a_stride': 64, 'bt_stride': 64, 'c_stride': 64, 'mode': 1, 'watchdog': 10000000}",2026-10-04T16:55:16.283328+00:00,2026-10-04T16:55:17.274020+00:00,527d142f90492fb3bf82c1fd5d00005564c8b4e72629a0df72b96044b18b715a,980bf1a95a769ba948d67ccd45e3f3c277278abed1ed9b1df915d24aab234a77,a5e32bb709dfa24008168a7841e313a7b48a65abe8835c9ee8bae0770931dffd,3b6fb35ee3de4bbf639ba82c21264294139ff7a91de7bf97e97fcb3ae1f8dab3,Uploaded in this connection; reused only within this case,"{'a': 'e20df0c4f26b0190b7df248067a474b2c89d491cea4f5be8187f0b06d67f3cd6', 'bt': '5e3a6ea6eff908a15fee54b0519062c5f2cd0ee46b58c947c69609db02ce9ccd', 'c': '54e1d83fe77c5fef355330a35433e5821589cc76cfa30995ce58dd05ef44e05a'}",PASS,0.04501709999749437,0.19217080000089481,0.5440754999872297,479,32,16,10,60,236,0,10,8,32,2638998349,100000000,15,1216,1156,0.17592800001148134,0.03193320002174005,0.9571913999971002,4.79e-06,0.05636743215031315,0.004403705636743215
1,PASS,True,294,0,0,22156099,5,3,9,"{'m': 5, 'n': 3, 'k': 9, 'a_base': 64, 'bt_base': 512, 'c_base': 832, 'a_stride': 64, 'bt_stride': 64, 'c_stride': 64, 'mode': 0, 'watchdog': 10000000}",2026-10-04T16:55:17.308908+00:00,2026-10-04T16:55:18.297780+00:00,527d142f90492fb3bf82c1fd5d00005564c8b4e72629a0df72b96044b18b715a,980bf1a95a769ba948d67ccd45e3f3c277278abed1ed9b1df915d24aab234a77,a5e32bb709dfa24008168a7841e313a7b48a65abe8835c9ee8bae0770931dffd,3b6fb35ee3de4bbf639ba82c21264294139ff7a91de7bf97e97fcb3ae1f8dab3,Uploaded in this connection; reused only within this case,"{'a': 'e20df0c4f26b0190b7df248067a474b2c89d491cea4f5be8187f0b06d67f3cd6', 'bt': '5e3a6ea6eff908a15fee54b0519062c5f2cd0ee46b58c947c69609db02ce9ccd', 'c': '54e1d83fe77c5fef355330a35433e5821589cc76cfa30995ce58dd05ef44e05a'}",PASS,0.043753900041338056,0.1921462999889627,0.5439905999810435,479,32,16,10,60,236,0,10,8,32,2638998349,100000000,15,1216,1156,0.1760941999964416,0.03175349999219179,0.9559850000077859,4.79e-06,0.05636743215031315,0.004403705636743215
1,PASS,True,295,0,0,22166072,31,33,17,"{'m': 31, 'n': 33, 'k': 17, 'a_base': 64, 'bt_base': 2176, 'c_base': 4416, 'a_stride': 64, 'bt_stride': 64, 'c_stride': 192, 'mode': 0, 'watchdog': 10000000}",2026-10-04T16:55:18.700150+00:00,2026-10-04T16:55:20.713683+00:00,8644365b91e599796b8c414a3f18f3e04f7c39848f64fee6512c5c457afe9e7c,1faa378e20b4c38690585f6bc7cc29d7eea67e8980fa44f2f7298dbfdb8e1a02,3889e1ec8f02e5c8039d4f076b16b30a6c783d0ba284c6f9c2d5071b6e251974,56607543fd95dbc437f378c156d4852f8d7481609ecdf495590cb80eabceed96,Uploaded in this connection; reused only within this case,"{'a': '6e4fc7a0e0de054e8dce530748418b88df782cb7ed0b646328a5fd0844d884d5', 'bt': 'a2c1051ed0c235885434df9de4609a622cda515c417f553ebbb1c31c60ba3cec', 'c': '2b74143c4dfc4bd5b3979fa835d9a0fc0a52d4222bfeff7c2ee095f4bb0a07ca'}",PASS,0.42870030004996806,0.19188979995669797,0.5440801000222564,7366,800,285,527,4092,1935,0,124,8,32,2638998349,100000000,1023,10432,6340,0.8161711000138894,0.03167259995825589,1.9808413000428118,7.366e-05,0.4721965788759164,0.03689035772468097
1,PASS,True,296,1,0,22166072,31,33,17,"{'m': 31, 'n': 33, 'k': 17, 'a_base': 64, 'bt_base': 2176, 'c_base': 4416, 'a_stride': 64, 'bt_stride': 64, 'c_stride': 192, 'mode': 1, 'watchdog': 10000000}",2026-10-04T16:55:20.762546+00:00,2026-10-04T16:55:22.777876+00:00,8644365b91e599796b8c414a3f18f3e04f7c39848f64fee6512c5c457afe9e7c,1faa378e20b4c38690585f6bc7cc29d7eea67e8980fa44f2f7298dbfdb8e1a02,3889e1ec8f02e5c8039d4f076b16b30a6c783d0ba284c6f9c2d5071b6e251974,56607543fd95dbc437f378c156d4852f8d7481609ecdf495590cb80eabceed96,Uploaded in this connection; reused only within this case,"{'a': '6e4fc7a0e0de054e8dce530748418b88df782cb7ed0b646328a5fd0844d884d5', 'bt': 'a2c1051ed0c235885434df9de4609a622cda515c417f553ebbb1c31c60ba3cec', 'c': '2b74143c4dfc4bd5b3979fa835d9a0fc0a52d4222bfeff7c2ee095f4bb0a07ca'}",PASS,0.4294466999708675,0.19173140003113076,0.5441006000037305,6479,800,285,527,4092,1234,0,124,8,32,2638998349,100000000,1023,10432,6340,0.8159003999899141,0.03213010000763461,1.981179099995643,6.479e-05,0.5368421052631579,0.04194078947368421
1,PASS,True,297,1,0,22176045,33,35,256,"{'m': 33, 'n': 35, 'k': 256, 'a_base': 64, 'bt_base': 8640, 'c_base': 17728, 'a_stride': 256, 'bt_stride': 256, 'c_stride': 192, 'mode': 1, 'watchdog': 10000000}",2026-10-04T16:55:24.125637+00:00,2026-10-04T16:55:27.129521+00:00,d75d27d4069b611d9488503fe13e47754844f2c54013a56ae4680de2e4093587,9be0bc1aab8036b6400ac9e0855a2b52012c6cb4bd1f0ab3f78bbb30f8d836a0,8a0a5435565f178047bac929b003a33eda90d15204a464de20d4fb28fbacf1be,bc89c9084d7471e5d0de4b5e84afbc809f5fb0d28781ce419861df4db168dbb7,Uploaded in this connection; reused only within this case,"{'a': '474dd98b117b18be049350e82a3a48d6cc62cfef290311780a6933d7539c03f9', 'bt': 'b1d59d1002e6cb5df188b1054d965887f7680d02688071ebfa95ede2aed5764a', 'c': '7671cf56ce5ce6eb48ba342d6e6d13a5d2bcdbe82c55207ebc104682203ee5a2'}",PASS,0.457025799958501,0.19213060004403815,0.5439596999785863,13275,6975,4352,594,4620,3481,0,134,8,32,2638998349,100000000,1155,24128,19508,1.7762677000137046,0.031560499977786094,2.96938379999483,0.00013275,4.454689265536723,0.3480225988700565
1,PASS,True,298,0,0,22176045,33,35,256,"{'m': 33, 'n': 35, 'k': 256, 'a_base': 64, 'bt_base': 8640, 'c_base': 17728, 'a_stride': 256, 'bt_stride': 256, 'c_stride': 192, 'mode': 0, 'watchdog': 10000000}",2026-10-04T16:55:27.170707+00:00,2026-10-04T16:55:30.169493+00:00,d75d27d4069b611d9488503fe13e47754844f2c54013a56ae4680de2e4093587,9be0bc1aab8036b6400ac9e0855a2b52012c6cb4bd1f0ab3f78bbb30f8d836a0,8a0a5435565f178047bac929b003a33eda90d15204a464de20d4fb28fbacf1be,bc89c9084d7471e5d0de4b5e84afbc809f5fb0d28781ce419861df4db168dbb7,Uploaded in this connection; reused only within this case,"{'a': '474dd98b117b18be049350e82a3a48d6cc62cfef290311780a6933d7539c03f9', 'bt': 'b1d59d1002e6cb5df188b1054d965887f7680d02688071ebfa95ede2aed5764a', 'c': '7671cf56ce5ce6eb48ba342d6e6d13a5d2bcdbe82c55207ebc104682203ee5a2'}",PASS,0.4532543999957852,0.19202890002634376,0.5440895999781787,19763,6975,4352,594,4620,7656,0,134,8,32,2638998349,100000000,1155,24128,19508,1.7757978000445291,0.03197549999458715,2.965170700044837,0.00019763,2.992258260385569,0.23377017659262259
1,PASS,True,299,0,0,22186018,65,63,255,"{'m': 65, 'n': 63, 'k': 255, 'a_base': 64, 'bt_base': 16832, 'c_base': 33088, 'a_stride': 256, 'bt_stride': 256, 'c_stride': 256, 'mode': 0, 'watchdog': 10000000}",2026-10-04T16:55:32.622172+00:00,2026-10-04T16:55:38.153115+00:00,6f479d192d10248a37d32e72f6ce4ea73e19d536eafbfc0eed9866aeeb295161,70b4542db24ec1a31a64eab8a76e8c76740b5592ca0c2c0b456ce215a0811f4b,bb410ce32bac450b6b8fb0e69eab8a5a66a496b5df9a2973260979bfb835bcc0,6220ba9843893c095ac291fd5fb5495cf5f3d97d910dbe8c75cd96bbe6e82a42,Uploaded in this connection; reused only within this case,"{'a': '89b584f589e2a3d0201b1731fb7ed93295f076083e05c8c4d24c004439034390', 'bt': '7ed64e409702b0adb8ebe3c07213bcbadaee60e1bfb6981a2c4d42f37ab7faea', 'c': '170648af34cb297f17e7232ccaa2dfa5de5d94b9fecb38cb1f7a6de0b256e6c6'}",PASS,1.1763297999859788,0.19202690001111478,0.5440156999975443,52363,20016,10208,2080,16380,17499,0,268,8,32,2638998349,100000000,4095,49792,33412,3.583918199990876,0.03192840004339814,5.496290599985514,0.00052363,3.98840784523423,0.3115943629089242
1,PASS,True,300,1,0,22186018,65,63,255,"{'m': 65, 'n': 63, 'k': 255, 'a_base': 64, 'bt_base': 16832, 'c_base': 33088, 'a_stride': 256, 'bt_stride': 256, 'c_stride': 256, 'mode': 1, 'watchdog': 10000000}",2026-10-04T16:55:38.199385+00:00,2026-10-04T16:55:43.737084+00:00,6f479d192d10248a37d32e72f6ce4ea73e19d536eafbfc0eed9866aeeb295161,70b4542db24ec1a31a64eab8a76e8c76740b5592ca0c2c0b456ce215a0811f4b,bb410ce32bac450b6b8fb0e69eab8a5a66a496b5df9a2973260979bfb835bcc0,6220ba9843893c095ac291fd5fb5495cf5f3d97d910dbe8c75cd96bbe6e82a42,Uploaded in this connection; reused only within this case,"{'a': '89b584f589e2a3d0201b1731fb7ed93295f076083e05c8c4d24c004439034390', 'bt': '7ed64e409702b0adb8ebe3c07213bcbadaee60e1bfb6981a2c4d42f37ab7faea', 'c': '170648af34cb297f17e7232ccaa2dfa5de5d94b9fecb38cb1f7a6de0b256e6c6'}",PASS,1.183197400008794,0.19202279997989535,0.5439248000038788,26524,20016,10208,2080,16380,3514,0,268,8,32,2638998349,100000000,4095,49792,33412,3.5842607999802567,0.031649100012145936,5.503405799972825,0.00026524,7.8738123963203135,0.6151415934625245
1,PASS,True,301,1,0,22195991,1,64,256,"{'m': 1, 'n': 64, 'k': 256, 'a_base': 64, 'bt_base': 448, 'c_base': 16960, 'a_stride': 256, 'bt_stride': 256, 'c_stride': 256, 'mode': 1, 'watchdog': 10000000}",2026-10-04T16:55:45.050918+00:00,2026-10-04T16:55:47.176875+00:00,32b574d29fab643210b522d599abcedc6ea8de33c594af5a9225dede12fe733a,3aeae7293551170f125c48d46ac4b61a0a20b1a046de704d21856b4312ab12d9,1121e716f57fa3736833bba1c6bdcd0fdcdc8ce176bed3116f1097f03c49a3e0,d93c7d90674aa2429e7b6fb711dbddfeb7e8dd31b8818c36e43bf5b59735f0ab,Uploaded in this connection; reused only within this case,"{'a': '3000dd116f627d7c83dd9d27c4c2ca8e5111966eaf9c77c3d0c743f9f25be144', 'bt': '592cde7623281ed64d48693d378281f3583dbac84ba680d6314aba5bcdc68482', 'c': '54d6841382f71dc702faeb1cc8295b3e616ff858de46b0a16f141079eabb5be1'}",PASS,0.04393869999330491,0.19186180003453046,0.543914899986703,4993,2232,2112,32,256,2602,0,4,8,32,2638998349,100000000,64,17280,17024,1.3119966000085697,0.032032899965997785,2.091712000023108,4.993e-05,0.656278790306429,0.05127178049268977
1,PASS,True,302,0,0,22195991,1,64,256,"{'m': 1, 'n': 64, 'k': 256, 'a_base': 64, 'bt_base': 448, 'c_base': 16960, 'a_stride': 256, 'bt_stride': 256, 'c_stride': 256, 'mode': 0, 'watchdog': 10000000}",2026-10-04T16:55:47.220896+00:00,2026-10-04T16:55:49.336861+00:00,32b574d29fab643210b522d599abcedc6ea8de33c594af5a9225dede12fe733a,3aeae7293551170f125c48d46ac4b61a0a20b1a046de704d21856b4312ab12d9,1121e716f57fa3736833bba1c6bdcd0fdcdc8ce176bed3116f1097f03c49a3e0,d93c7d90674aa2429e7b6fb711dbddfeb7e8dd31b8818c36e43bf5b59735f0ab,Uploaded in this connection; reused only within this case,"{'a': '3000dd116f627d7c83dd9d27c4c2ca8e5111966eaf9c77c3d0c743f9f25be144', 'bt': '592cde7623281ed64d48693d378281f3583dbac84ba680d6314aba5bcdc68482', 'c': '54d6841382f71dc702faeb1cc8295b3e616ff858de46b0a16f141079eabb5be1'}",PASS,0.034752999956253916,0.1921283000265248,0.5439931000000797,6260,2232,2112,32,256,3754,0,4,8,32,2638998349,100000000,64,17280,17024,1.3117302000173368,0.03209130000323057,2.082604600000195,6.26e-05,0.5234504792332269,0.04089456869009585
1,PASS,True,303,0,0,22205964,64,1,256,"{'m': 64, 'n': 1, 'k': 256, 'a_base': 64, 'bt_base': 16576, 'c_base': 16960, 'a_stride': 256, 'bt_stride': 256, 'c_stride': 64, 'mode': 0, 'watchdog': 10000000}",2026-10-04T16:55:50.668010+00:00,2026-10-04T16:55:53.304708+00:00,8011aad2f0a1d4541891173a79f1e4846491ea5d3b618278494c774ff21ae486,3637d579dd7969acce86158d9a9fbdeae62e932097ba10557a6737c732ff5cbe,9d2a19198818a74479df1df764c5b623ab5603a1b4f87c1d059d6b79fe1f4ae4,f2c4a25aa1732c43cb1ba74b2cd364a1375695eaf45d92f193d15233319bc6f8,Uploaded in this connection; reused only within this case,"{'a': '3332576fcb64f82bbf3412a0be9f5cdc68f9e45ff8b702fdba8af1f2869bedbf', 'bt': '7a929175e2a462c8724ce37bdd768a437b2ce0a281ecd5ea6bc4b46a1831bf79', 'c': '4e779467b23edb15845018da3901b3265450c2676afbd1af31dda0bbdfba2148'}",PASS,0.29936830000951886,0.19174959999509156,0.5441681000520475,8286,2232,2112,64,256,3703,0,128,8,32,2638998349,100000000,64,21120,20864,1.5677508999942802,0.032015299948398024,2.603036900050938,8.286e-05,0.395462225440502,0.030895486362539224
1,PASS,True,304,1,0,22205964,64,1,256,"{'m': 64, 'n': 1, 'k': 256, 'a_base': 64, 'bt_base': 16576, 'c_base': 16960, 'a_stride': 256, 'bt_stride': 256, 'c_stride': 64, 'mode': 1, 'watchdog': 10000000}",2026-10-04T16:55:53.347129+00:00,2026-10-04T16:55:55.976692+00:00,8011aad2f0a1d4541891173a79f1e4846491ea5d3b618278494c774ff21ae486,3637d579dd7969acce86158d9a9fbdeae62e932097ba10557a6737c732ff5cbe,9d2a19198818a74479df1df764c5b623ab5603a1b4f87c1d059d6b79fe1f4ae4,f2c4a25aa1732c43cb1ba74b2cd364a1375695eaf45d92f193d15233319bc6f8,Uploaded in this connection; reused only within this case,"{'a': '3332576fcb64f82bbf3412a0be9f5cdc68f9e45ff8b702fdba8af1f2869bedbf', 'bt': '7a929175e2a462c8724ce37bdd768a437b2ce0a281ecd5ea6bc4b46a1831bf79', 'c': '4e779467b23edb15845018da3901b3265450c2676afbd1af31dda0bbdfba2148'}",PASS,0.29170880001038313,0.19186189997708425,0.5441486000199802,6004,2232,2112,64,256,2577,0,128,8,32,2638998349,100000000,64,21120,20864,1.568183199968189,0.031862800009548664,2.5959024999756366,6.004e-05,0.5457694870086609,0.04263824117255163
1,PASS,True,305,1,0,22215937,32,32,256,"{'m': 32, 'n': 32, 'k': 256, 'a_base': 64, 'bt_base': 8384, 'c_base': 16704, 'a_stride': 256, 'bt_stride': 256, 'c_stride': 128, 'mode': 1, 'watchdog': 10000000}",2026-10-04T16:55:57.290906+00:00,2026-10-04T16:55:59.912591+00:00,1d8686980a1950f27284253cad9aea781b9d6a18715a9b455f7568d03b2946ed,4f6f68f152ece5408c318a74efa9c2469af48eea3a705fc71376a82882b19ea5,c14d947cc526c6aa43488e50d0c2494a74470f81dcab09d9cc5ac5648b1f4503,55e42ad3c875b0f7a704d84c44af0eb3e21cadfef7b6ab5aca64a48c29bb600f,Uploaded in this connection; reused only within this case,"{'a': 'dca5e086526a7de96b1b2b0a49dc680745939d5a9b32a73bc4c8b8f8d6440e5f', 'bt': '051a9ad4d05d8669d75d58267959a9f4452e84bae5cc197dd576f175c8315db3', 'c': 'c557955bc637515c46bb97fb8b823db84ce75b1893493f89ddd8b82a36ab0237'}",PASS,0.2996922000311315,0.19211609999183565,0.5440295999869704,11564,4464,2048,512,4096,3466,0,66,8,32,2638998349,100000000,1024,20864,16768,1.5518836000119336,0.03206319996388629,2.587721500021871,0.00011564,4.533794534763057,0.3542026980283639
1,PASS,True,306,0,0,22215937,32,32,256,"{'m': 32, 'n': 32, 'k': 256, 'a_base': 64, 'bt_base': 8384, 'c_base': 16704, 'a_stride': 256, 'bt_stride': 256, 'c_stride': 128, 'mode': 0, 'watchdog': 10000000}",2026-10-04T16:55:59.976757+00:00,2026-10-04T16:56:02.600228+00:00,1d8686980a1950f27284253cad9aea781b9d6a18715a9b455f7568d03b2946ed,4f6f68f152ece5408c318a74efa9c2469af48eea3a705fc71376a82882b19ea5,c14d947cc526c6aa43488e50d0c2494a74470f81dcab09d9cc5ac5648b1f4503,55e42ad3c875b0f7a704d84c44af0eb3e21cadfef7b6ab5aca64a48c29bb600f,Uploaded in this connection; reused only within this case,"{'a': 'dca5e086526a7de96b1b2b0a49dc680745939d5a9b32a73bc4c8b8f8d6440e5f', 'bt': '051a9ad4d05d8669d75d58267959a9f4452e84bae5cc197dd576f175c8315db3', 'c': 'c557955bc637515c46bb97fb8b823db84ce75b1893493f89ddd8b82a36ab0237'}",PASS,0.30141070001991466,0.1920193000114523,0.5442654999787919,11560,4464,2048,512,4096,3447,0,66,8,32,2638998349,100000000,1024,20864,16768,1.5518450000090525,0.031696700025349855,2.5895405000192113,0.0001156,4.5353633217993075,0.3543252595155709
1,PASS,True,307,1,0,22250855,1,1,1,"{'m': 1, 'n': 1, 'k': 1, 'a_base': 64, 'bt_base': 256, 'c_base': 448, 'a_stride': 64, 'bt_stride': 64, 'c_stride': 64, 'mode': 1, 'watchdog': 10000000}",2026-10-04T16:56:02.747302+00:00,2026-10-04T16:56:03.672508+00:00,8de0b3c47f112c59745f717a626932264c422a7563954872e237b223af4ad643,e77b9a9ae9e30b0dbdb6f510a264ef9de781501d7b6b92ae89eb059c5ab743db,efa222edd82d4e4d22e6b957e6296ba3aa6d0324a5a7a340f561bcdec31951c3,5aa8b634a74ab3ba632225f349def950ebd0547c1d277e1f04c61fb88af8f988,Uploaded in this connection; reused only within this case,"{'a': 'b181393d14a9878fc6d1d77a3a8395f9771baf5199c85561d6bfc5d268ea992f', 'bt': 'ba50c12525d2069e8e10129b1e4b575016205c0ecf324e693b07e6a5304232ae', 'c': '01fc291a8232d46fd5037e64cde40d51d444b6044e240ab861498d8a45cb33a9'}",PASS,0.026651500025764108,0.19201249995967373,0.5439842999912798,219,24,2,1,4,150,0,2,8,32,2638998349,100000000,1,576,572,0.1277819000533782,0.03225149994250387,0.8904302000300959,2.19e-06,0.0009132420091324201,7.134703196347032e-05
1,PASS,True,308,0,0,22250855,1,1,1,"{'m': 1, 'n': 1, 'k': 1, 'a_base': 64, 'bt_base': 256, 'c_base': 448, 'a_stride': 64, 'bt_stride': 64, 'c_stride': 64, 'mode': 0, 'watchdog': 10000000}",2026-10-04T16:56:03.717227+00:00,2026-10-04T16:56:04.632296+00:00,8de0b3c47f112c59745f717a626932264c422a7563954872e237b223af4ad643,e77b9a9ae9e30b0dbdb6f510a264ef9de781501d7b6b92ae89eb059c5ab743db,efa222edd82d4e4d22e6b957e6296ba3aa6d0324a5a7a340f561bcdec31951c3,5aa8b634a74ab3ba632225f349def950ebd0547c1d277e1f04c61fb88af8f988,Uploaded in this connection; reused only within this case,"{'a': 'b181393d14a9878fc6d1d77a3a8395f9771baf5199c85561d6bfc5d268ea992f', 'bt': 'ba50c12525d2069e8e10129b1e4b575016205c0ecf324e693b07e6a5304232ae', 'c': '01fc291a8232d46fd5037e64cde40d51d444b6044e240ab861498d8a45cb33a9'}",PASS,0.018058500019833446,0.19198629999300465,0.5437920999829657,218,24,2,1,4,149,0,2,8,32,2638998349,100000000,1,576,572,0.12840470002265647,0.03173149999929592,0.8822416000184603,2.18e-06,0.0009174311926605505,7.167431192660551e-05
1,PASS,True,309,0,0,22260828,5,3,9,"{'m': 5, 'n': 3, 'k': 9, 'a_base': 64, 'bt_base': 512, 'c_base': 832, 'a_stride': 64, 'bt_stride': 64, 'c_stride': 64, 'mode': 0, 'watchdog': 10000000}",2026-10-04T16:56:04.793651+00:00,2026-10-04T16:56:05.784133+00:00,26ace5c6180394b983ee08758205ef60a9177eb4c70dfa8b271be34adea1669c,646c5f736c5619165b8ee395f6a94fa5ab3be10b7f6771d8b1bf47efb038b6b9,973cebb299cb767fcb20e467e178413da058446cfe433f3eaa5584175fef6a5c,201db28a840cc56198749b076139a2568fcc16245be3c2eb4b193a8cc922b5c5,Uploaded in this connection; reused only within this case,"{'a': 'f867b49ecd43acbc65351d118438d1d8d68579f8c66a27d0942431b9e2b8d32b', 'bt': 'fa1c21fb578567ae3ae1956ae194314bfcac0f65f01ba7d4053070915c798843', 'c': 'dd6683fc43af5dea4645c71a3b566fa04450fc04df7ae8c3a2d09ea0645992ec'}",PASS,0.04552799998782575,0.1923092000070028,0.5439717000117525,478,32,16,10,60,235,0,10,8,32,2638998349,100000000,15,1216,1156,0.17602010001428425,0.03170159994624555,0.9578290000208654,4.78e-06,0.056485355648535567,0.004412918410041841
1,PASS,True,310,1,0,22260828,5,3,9,"{'m': 5, 'n': 3, 'k': 9, 'a_base': 64, 'bt_base': 512, 'c_base': 832, 'a_stride': 64, 'bt_stride': 64, 'c_stride': 64, 'mode': 1, 'watchdog': 10000000}",2026-10-04T16:56:05.817268+00:00,2026-10-04T16:56:06.808076+00:00,26ace5c6180394b983ee08758205ef60a9177eb4c70dfa8b271be34adea1669c,646c5f736c5619165b8ee395f6a94fa5ab3be10b7f6771d8b1bf47efb038b6b9,973cebb299cb767fcb20e467e178413da058446cfe433f3eaa5584175fef6a5c,201db28a840cc56198749b076139a2568fcc16245be3c2eb4b193a8cc922b5c5,Uploaded in this connection; reused only within this case,"{'a': 'f867b49ecd43acbc65351d118438d1d8d68579f8c66a27d0942431b9e2b8d32b', 'bt': 'fa1c21fb578567ae3ae1956ae194314bfcac0f65f01ba7d4053070915c798843', 'c': 'dd6683fc43af5dea4645c71a3b566fa04450fc04df7ae8c3a2d09ea0645992ec'}",PASS,0.045001699996646494,0.19195209996541962,0.5441509000374936,479,32,16,10,60,236,0,10,8,32,2638998349,100000000,15,1216,1156,0.1761049999622628,0.03173160000005737,0.9572096999618225,4.79e-06,0.05636743215031315,0.004403705636743215
1,PASS,True,311,1,0,22270801,31,33,17,"{'m': 31, 'n': 33, 'k': 17, 'a_base': 64, 'bt_base': 2176, 'c_base': 4416, 'a_stride': 64, 'bt_stride': 64, 'c_stride': 192, 'mode': 1, 'watchdog': 10000000}",2026-10-04T16:56:07.226669+00:00,2026-10-04T16:56:09.240096+00:00,37567599cbb18fa86e60a88b23c306ed856909bd490ed072d81c33fa5373af2a,9fbe6a15a0fc2990ebddffdbf889f6e70f1e185afa0fb9a1298dc5f90325c114,25869162b824aef087035ed0fac0f3c8707455a1e5867eb829edbccd138e5396,e07888b4e752d0eab5060d39d6797f39ab90c8fb4516fbad45e5f7fee8dcc5c6,Uploaded in this connection; reused only within this case,"{'a': '4cebbb9b3fe2d1d955879efe67357c8ebe0587635a8d8747ebf688d376a3a9ba', 'bt': '90a888b30ae3e3ea495156ed29a1779c539419719e758ba214e4d1fd44d8c1bd', 'c': 'fc80e313b45a8f8837460b1e37c19f2dd573435d6326ea543b5851e3e2d5c785'}",PASS,0.4282128000049852,0.19190899998648092,0.5440755999879912,6506,800,285,527,4092,1247,0,124,8,32,2638998349,100000000,1023,10432,6340,0.8160062999813817,0.03190330002689734,1.980203699960839,6.506e-05,0.5346142022748233,0.041766734552720564
1,PASS,True,312,0,0,22270801,31,33,17,"{'m': 31, 'n': 33, 'k': 17, 'a_base': 64, 'bt_base': 2176, 'c_base': 4416, 'a_stride': 64, 'bt_stride': 64, 'c_stride': 192, 'mode': 0, 'watchdog': 10000000}",2026-10-04T16:56:09.284493+00:00,2026-10-04T16:56:11.288096+00:00,37567599cbb18fa86e60a88b23c306ed856909bd490ed072d81c33fa5373af2a,9fbe6a15a0fc2990ebddffdbf889f6e70f1e185afa0fb9a1298dc5f90325c114,25869162b824aef087035ed0fac0f3c8707455a1e5867eb829edbccd138e5396,e07888b4e752d0eab5060d39d6797f39ab90c8fb4516fbad45e5f7fee8dcc5c6,Uploaded in this connection; reused only within this case,"{'a': '4cebbb9b3fe2d1d955879efe67357c8ebe0587635a8d8747ebf688d376a3a9ba', 'bt': '90a888b30ae3e3ea495156ed29a1779c539419719e758ba214e4d1fd44d8c1bd', 'c': 'fc80e313b45a8f8837460b1e37c19f2dd573435d6326ea543b5851e3e2d5c785'}",PASS,0.4185006999759935,0.19214260001899675,0.5440174000104889,7356,800,285,527,4092,1925,0,124,8,32,2638998349,100000000,1023,10432,6340,0.8159823999740183,0.031807699997443706,1.9706430999794975,7.356e-05,0.47283849918433934,0.03694050774877651
1,PASS,True,313,0,0,22280774,33,35,256,"{'m': 33, 'n': 35, 'k': 256, 'a_base': 64, 'bt_base': 8640, 'c_base': 17728, 'a_stride': 256, 'bt_stride': 256, 'c_stride': 192, 'mode': 0, 'watchdog': 10000000}",2026-10-04T16:56:12.666087+00:00,2026-10-04T16:56:15.671981+00:00,fc3a4908ba4a04e4cbab4059f3e8d4be12160a146cfbdcfb8c463f669ec3dd6e,294aebf78c316dc1c919b2b603ac660d328b413a79108a97b2170c10cebbb96e,6c4b690805a79a43c75ae582d47e03259737a916fe8ab8b2b72c08336bdafa6a,93756a042d33a9cfd59c910011e15fed96a0746403f50e8aa110f9e75b131a6b,Uploaded in this connection; reused only within this case,"{'a': '6e076f7e3406ed28d72d9b2e000669fe6925e89127cac9406dbf91da7a79fd5c', 'bt': '77762b4b0439987f75d27720ae0dd68de079b16cd592044bb8b7c2d2e3c0a8db', 'c': '9b740d23e558f34f13808bd655f8ef26a770ef83c2c2ced4e2d80a1e0d9b23b0'}",PASS,0.4593955999589525,0.19171880005160347,0.5440172999515198,19844,6975,4352,594,4620,7700,0,134,8,32,2638998349,100000000,1155,24128,19508,1.7761379000148736,0.031923300004564226,2.9712695999769494,0.00019844,2.9800443458980044,0.2328159645232816
1,PASS,True,314,1,0,22280774,33,35,256,"{'m': 33, 'n': 35, 'k': 256, 'a_base': 64, 'bt_base': 8640, 'c_base': 17728, 'a_stride': 256, 'bt_stride': 256, 'c_stride': 192, 'mode': 1, 'watchdog': 10000000}",2026-10-04T16:56:15.711735+00:00,2026-10-04T16:56:18.711778+00:00,fc3a4908ba4a04e4cbab4059f3e8d4be12160a146cfbdcfb8c463f669ec3dd6e,294aebf78c316dc1c919b2b603ac660d328b413a79108a97b2170c10cebbb96e,6c4b690805a79a43c75ae582d47e03259737a916fe8ab8b2b72c08336bdafa6a,93756a042d33a9cfd59c910011e15fed96a0746403f50e8aa110f9e75b131a6b,Uploaded in this connection; reused only within this case,"{'a': '6e076f7e3406ed28d72d9b2e000669fe6925e89127cac9406dbf91da7a79fd5c', 'bt': '77762b4b0439987f75d27720ae0dd68de079b16cd592044bb8b7c2d2e3c0a8db', 'c': '9b740d23e558f34f13808bd655f8ef26a770ef83c2c2ced4e2d80a1e0d9b23b0'}",PASS,0.4541556000476703,0.1918627999839373,0.5440237000002526,13317,6975,4352,594,4620,3509,0,134,8,32,2638998349,100000000,1155,24128,19508,1.7758147999993525,0.031961900007445365,2.9658569000312127,0.00013317,4.440639783735075,0.34692498310430275
1,PASS,True,315,1,0,22290747,65,63,255,"{'m': 65, 'n': 63, 'k': 255, 'a_base': 64, 'bt_base': 16832, 'c_base': 33088, 'a_stride': 256, 'bt_stride': 256, 'c_stride': 256, 'mode': 1, 'watchdog': 10000000}",2026-10-04T16:56:21.163139+00:00,2026-10-04T16:56:26.695414+00:00,48bda95bbd8b0442582366632bf59a7436f0f97e50b9dea28d1340c9792fdb77,384e9aeafa264e1a76ea559a3f4b967a6f84d173b1e6a6cb99b3073e538dbf19,50e06a5d8e08b7969df86b46cfc4a292d1d44e3c633dc1b9345432f5e18cda2e,1d98b960b2c9452bbd6dea00e0615837f789f2fe662b1cc8f044f5538ec8662f,Uploaded in this connection; reused only within this case,"{'a': '309d9062ae96c27271094a03e647490c1ab3d0c7fea640ded94087b5cdd62ad8', 'bt': 'a91426b5ada3390db24718651d0f070464b21ce73fdab9a3fab0484c66fcef70', 'c': '6fc6222e3b22561df998360a77a56463566fc8ca230fa706606cd013d374dbf9'}",PASS,1.1782797999912873,0.19200099998852238,0.5439659000257961,26477,20016,10208,2080,16380,3489,0,268,8,32,2638998349,100000000,4095,49792,33412,3.5839886000030674,0.031878900015726686,5.498235300008673,0.00026477,7.887789402122597,0.6162335470408279
1,PASS,True,316,0,0,22290747,65,63,255,"{'m': 65, 'n': 63, 'k': 255, 'a_base': 64, 'bt_base': 16832, 'c_base': 33088, 'a_stride': 256, 'bt_stride': 256, 'c_stride': 256, 'mode': 0, 'watchdog': 10000000}",2026-10-04T16:56:26.728402+00:00,2026-10-04T16:56:32.263451+00:00,48bda95bbd8b0442582366632bf59a7436f0f97e50b9dea28d1340c9792fdb77,384e9aeafa264e1a76ea559a3f4b967a6f84d173b1e6a6cb99b3073e538dbf19,50e06a5d8e08b7969df86b46cfc4a292d1d44e3c633dc1b9345432f5e18cda2e,1d98b960b2c9452bbd6dea00e0615837f789f2fe662b1cc8f044f5538ec8662f,Uploaded in this connection; reused only within this case,"{'a': '309d9062ae96c27271094a03e647490c1ab3d0c7fea640ded94087b5cdd62ad8', 'bt': 'a91426b5ada3390db24718651d0f070464b21ce73fdab9a3fab0484c66fcef70', 'c': '6fc6222e3b22561df998360a77a56463566fc8ca230fa706606cd013d374dbf9'}",PASS,1.18124650005484,0.1920354999601841,0.543731999990996,52388,20016,10208,2080,16380,17512,0,268,8,32,2638998349,100000000,4095,49792,33412,3.5841006000409834,0.03195219999179244,5.5011146000470035,0.00052388,3.9865045430251205,0.3114456674238375
1,PASS,True,317,0,0,22300720,1,64,256,"{'m': 1, 'n': 64, 'k': 256, 'a_base': 64, 'bt_base': 448, 'c_base': 16960, 'a_stride': 256, 'bt_stride': 256, 'c_stride': 256, 'mode': 0, 'watchdog': 10000000}",2026-10-04T16:56:33.562755+00:00,2026-10-04T16:56:35.687364+00:00,1bc9c07188f05918d900d210b71b5bddd4e53ce2482ac4b64bb9618181129675,885329c0a37357aa82703634f06ce55ae205a96cf9b9d54fe6794c1063f3376c,1b887d4f23ccd1b4053586751837ef27a4260ebf76c1a791704a0c07b73d6685,0f76206b59d0d37da100384c1c118ab2794e9045bdb880001f0eb41325d1dac8,Uploaded in this connection; reused only within this case,"{'a': '1bbced6ab15b1022e3e201e8412103013c2c10e300ce2c1c9d5dad96d964d8f4', 'bt': '2df28c16f2c8e81deafff0447a1e5cb18476a72c3ac73167412f2a6bb36f6949', 'c': '54f4c74f545bca3ce982d57113b2dc78374a118f0261333add4a451dd016ee7b'}",PASS,0.042715599993243814,0.19189630000619218,0.5441437999834307,6256,2232,2112,32,256,3750,0,4,8,32,2638998349,100000000,64,17280,17024,1.311941099993419,0.032065500039607286,2.0906967999762855,6.256e-05,0.5237851662404092,0.04092071611253197
1,PASS,True,318,1,0,22300720,1,64,256,"{'m': 1, 'n': 64, 'k': 256, 'a_base': 64, 'bt_base': 448, 'c_base': 16960, 'a_stride': 256, 'bt_stride': 256, 'c_stride': 256, 'mode': 1, 'watchdog': 10000000}",2026-10-04T16:56:35.721736+00:00,2026-10-04T16:56:37.847241+00:00,1bc9c07188f05918d900d210b71b5bddd4e53ce2482ac4b64bb9618181129675,885329c0a37357aa82703634f06ce55ae205a96cf9b9d54fe6794c1063f3376c,1b887d4f23ccd1b4053586751837ef27a4260ebf76c1a791704a0c07b73d6685,0f76206b59d0d37da100384c1c118ab2794e9045bdb880001f0eb41325d1dac8,Uploaded in this connection; reused only within this case,"{'a': '1bbced6ab15b1022e3e201e8412103013c2c10e300ce2c1c9d5dad96d964d8f4', 'bt': '2df28c16f2c8e81deafff0447a1e5cb18476a72c3ac73167412f2a6bb36f6949', 'c': '54f4c74f545bca3ce982d57113b2dc78374a118f0261333add4a451dd016ee7b'}",PASS,0.04443189996527508,0.19207620003726333,0.5437707999954,5016,2232,2112,32,256,2633,0,4,8,32,2638998349,100000000,64,17280,17024,1.3124094000086188,0.031760599988047034,2.0926883000065573,5.016e-05,0.6532695374800638,0.051036682615629984
1,PASS,True,319,1,0,22310693,64,1,256,"{'m': 64, 'n': 1, 'k': 256, 'a_base': 64, 'bt_base': 16576, 'c_base': 16960, 'a_stride': 256, 'bt_stride': 256, 'c_stride': 64, 'mode': 1, 'watchdog': 10000000}",2026-10-04T16:56:39.160944+00:00,2026-10-04T16:56:41.798968+00:00,1823786dcc68eb47e47f76458ecd936aff10b26fd31245c31be11d2959a68e0c,8ac1941cde0ceb06e0e8cdb8941ab235c43446189a5f6ff94399b8ff874d3444,86a3c1d125ced3c0212625fe64668fe0dc669bcfa89e4ec13796e5af27bebcca,168d69bb872e3bfc81e9d00ea65e8282f43f197d001be2a373e7e82e3e7188be,Uploaded in this connection; reused only within this case,"{'a': 'c42967ce95c6d305570ec0c78faf3a333dea482fbd7f541ea1cef231c874de64', 'bt': 'e799036dafd7c27632d7847256bc93cad489ef827cf3e01f1489c52141b2ee91', 'c': '4167ae76c5eb5342dc4759c8819de9eea1ba690d820cee97c0d897d7eaf6ad19'}",PASS,0.30102139996597543,0.19202100002439693,0.5440582999726757,6025,2232,2112,64,256,2598,0,128,8,32,2638998349,100000000,64,21120,20864,1.567795599985402,0.03197030001319945,2.60489629994845,6.025e-05,0.5438672199170125,0.042489626556016596
1,PASS,True,320,0,0,22310693,64,1,256,"{'m': 64, 'n': 1, 'k': 256, 'a_base': 64, 'bt_base': 16576, 'c_base': 16960, 'a_stride': 256, 'bt_stride': 256, 'c_stride': 64, 'mode': 0, 'watchdog': 10000000}",2026-10-04T16:56:41.848400+00:00,2026-10-04T16:56:44.486736+00:00,1823786dcc68eb47e47f76458ecd936aff10b26fd31245c31be11d2959a68e0c,8ac1941cde0ceb06e0e8cdb8941ab235c43446189a5f6ff94399b8ff874d3444,86a3c1d125ced3c0212625fe64668fe0dc669bcfa89e4ec13796e5af27bebcca,168d69bb872e3bfc81e9d00ea65e8282f43f197d001be2a373e7e82e3e7188be,Uploaded in this connection; reused only within this case,"{'a': 'c42967ce95c6d305570ec0c78faf3a333dea482fbd7f541ea1cef231c874de64', 'bt': 'e799036dafd7c27632d7847256bc93cad489ef827cf3e01f1489c52141b2ee91', 'c': '4167ae76c5eb5342dc4759c8819de9eea1ba690d820cee97c0d897d7eaf6ad19'}",PASS,0.3008234999724664,0.19222879997687414,0.5439246000023559,8284,2232,2112,64,256,3699,0,128,8,32,2638998349,100000000,64,21120,20864,1.5678740000003017,0.03171990002738312,2.604850899951998,8.284e-05,0.3955577015934331,0.03090294543698696
1,PASS,True,321,0,0,22320666,32,32,256,"{'m': 32, 'n': 32, 'k': 256, 'a_base': 64, 'bt_base': 8384, 'c_base': 16704, 'a_stride': 256, 'bt_stride': 256, 'c_stride': 128, 'mode': 0, 'watchdog': 10000000}",2026-10-04T16:56:45.768760+00:00,2026-10-04T16:56:48.390702+00:00,89cd30ca9d6af4e141b24b17e5c8f90d1590b6160f75e47b1b6ae2faa98e95e9,d060e60b2f03942ad1cfd91007bbe401dad06f1a0d4b2a1d2ff25be6441844e3,52257eeafd0d1532346ae024c871ecdaa7456051156e873d609f3e66a84d0b0a,e2eee236924a7c42a8c2144c042e719cfc0572a507bf0dae2f6f66785f0cbcc8,Uploaded in this connection; reused only within this case,"{'a': '98892cf60fa75bbcadcf28a3797a80bc13e0e91aa72fc9ebba8e2174271822a9', 'bt': '82b81fce651076e111e424f68d0a250b58226376e9b10b8e8eb9e81472ccded8', 'c': '11ddf38a7a5eadc87186f4ac503739c0a33903ecfd186bf99dabc9769a698b0c'}",PASS,0.30110480001894757,0.19194569997489452,0.544103600026574,11587,4464,2048,512,4096,3488,0,66,8,32,2638998349,100000000,1024,20864,16768,1.551721900003031,0.032073099981062114,2.588876000023447,0.00011587,4.524795028911711,0.35349961163372745
1,PASS,True,322,1,0,22320666,32,32,256,"{'m': 32, 'n': 32, 'k': 256, 'a_base': 64, 'bt_base': 8384, 'c_base': 16704, 'a_stride': 256, 'bt_stride': 256, 'c_stride': 128, 'mode': 1, 'watchdog': 10000000}",2026-10-04T16:56:48.426185+00:00,2026-10-04T16:56:51.046599+00:00,89cd30ca9d6af4e141b24b17e5c8f90d1590b6160f75e47b1b6ae2faa98e95e9,d060e60b2f03942ad1cfd91007bbe401dad06f1a0d4b2a1d2ff25be6441844e3,52257eeafd0d1532346ae024c871ecdaa7456051156e873d609f3e66a84d0b0a,e2eee236924a7c42a8c2144c042e719cfc0572a507bf0dae2f6f66785f0cbcc8,Uploaded in this connection; reused only within this case,"{'a': '98892cf60fa75bbcadcf28a3797a80bc13e0e91aa72fc9ebba8e2174271822a9', 'bt': '82b81fce651076e111e424f68d0a250b58226376e9b10b8e8eb9e81472ccded8', 'c': '11ddf38a7a5eadc87186f4ac503739c0a33903ecfd186bf99dabc9769a698b0c'}",PASS,0.2995851000305265,0.19179189996793866,0.5440428000292741,11663,4464,2048,512,4096,3492,0,66,8,32,2638998349,100000000,1024,20864,16768,1.552297100017313,0.03152129997033626,2.587716900045052,0.00011663,4.495309954557146,0.3511960901997771
1,PASS,True,323,0,0,22355584,1,1,1,"{'m': 1, 'n': 1, 'k': 1, 'a_base': 64, 'bt_base': 256, 'c_base': 448, 'a_stride': 64, 'bt_stride': 64, 'c_stride': 64, 'mode': 0, 'watchdog': 10000000}",2026-10-04T16:56:51.211239+00:00,2026-10-04T16:56:52.134534+00:00,8de0b3c47f112c59745f717a626932264c422a7563954872e237b223af4ad643,aa7225e7d5b0a2552bbb58880b3ec00c286995b801a7aeb69281e76a8b4908de,f81d4782aad65c68f940a521888599fe94fc19731adf51d7b6a03b8e1dd91732,92689ef06c016d54ab97731c0a49f79f80dd83b0f3e3442cebe64e63db435c90,Uploaded in this connection; reused only within this case,"{'a': 'dad05a456bb8a146606f4cd6c38499a0fb2ce007a34d71008e774769d586877b', 'bt': '3b583827299fe27e4a4a1053910ebe8c5f1bd19a13d962a833dcee19d122dec8', 'c': '49a5eefdab890fe5153b536f67f31a067bd158ba3decae8d0e18df349b614e55'}",PASS,0.02646890003234148,0.19179849995998666,0.5441641000215895,220,24,2,1,4,151,0,2,8,32,2638998349,100000000,1,576,572,0.12781420000828803,0.03196809999644756,0.8902457000222057,2.2e-06,0.0009090909090909091,7.102272727272727e-05
1,PASS,True,324,1,0,22355584,1,1,1,"{'m': 1, 'n': 1, 'k': 1, 'a_base': 64, 'bt_base': 256, 'c_base': 448, 'a_stride': 64, 'bt_stride': 64, 'c_stride': 64, 'mode': 1, 'watchdog': 10000000}",2026-10-04T16:56:52.177870+00:00,2026-10-04T16:56:53.094583+00:00,8de0b3c47f112c59745f717a626932264c422a7563954872e237b223af4ad643,aa7225e7d5b0a2552bbb58880b3ec00c286995b801a7aeb69281e76a8b4908de,f81d4782aad65c68f940a521888599fe94fc19731adf51d7b6a03b8e1dd91732,92689ef06c016d54ab97731c0a49f79f80dd83b0f3e3442cebe64e63db435c90,Uploaded in this connection; reused only within this case,"{'a': 'dad05a456bb8a146606f4cd6c38499a0fb2ce007a34d71008e774769d586877b', 'bt': '3b583827299fe27e4a4a1053910ebe8c5f1bd19a13d962a833dcee19d122dec8', 'c': '49a5eefdab890fe5153b536f67f31a067bd158ba3decae8d0e18df349b614e55'}",PASS,0.01886969996849075,0.19181800005026162,0.5442611000034958,218,24,2,1,4,149,0,2,8,32,2638998349,100000000,1,576,572,0.12773939996259287,0.03205330000491813,0.882688199984841,2.18e-06,0.0009174311926605505,7.167431192660551e-05
1,PASS,True,325,1,0,22365557,5,3,9,"{'m': 5, 'n': 3, 'k': 9, 'a_base': 64, 'bt_base': 512, 'c_base': 832, 'a_stride': 64, 'bt_stride': 64, 'c_stride': 64, 'mode': 1, 'watchdog': 10000000}",2026-10-04T16:56:53.255976+00:00,2026-10-04T16:56:54.246675+00:00,ec6f006fac0e0861fe242a67df9a773289805af4bfa205a86e224c9ee1f78235,b7a49b434c5b0177c44740b070c0f807bb20750b1704f3dccf5225c063ff0439,592b2db1213f460da900e55766493970af71788b01917fb38dbd8f723b038fdc,d702755c766b25b330bcfb90d8958fde60e71e1c624f1ea9793039f679050ef4,Uploaded in this connection; reused only within this case,"{'a': '3262b9b5eedb510439a2b331e04680b41b20a809a97b2794ed94983e3878c8f6', 'bt': '15f0b23d5b4e77d869118e595a84c0cb4718697fcf726520398d6145d9edb0db', 'c': 'a6fca81a0ce2bce92b07fbbbd20156f660993d20b3712dfabd1150924e1f6409'}",PASS,0.04533679998712614,0.19241670001065359,0.54358440003125,478,32,16,10,60,235,0,10,8,32,2638998349,100000000,15,1216,1156,0.17631619999883696,0.03186170000117272,0.9576541000278667,4.78e-06,0.056485355648535567,0.004412918410041841
1,PASS,True,326,0,0,22365557,5,3,9,"{'m': 5, 'n': 3, 'k': 9, 'a_base': 64, 'bt_base': 512, 'c_base': 832, 'a_stride': 64, 'bt_stride': 64, 'c_stride': 64, 'mode': 0, 'watchdog': 10000000}",2026-10-04T16:56:54.280958+00:00,2026-10-04T16:56:55.270740+00:00,ec6f006fac0e0861fe242a67df9a773289805af4bfa205a86e224c9ee1f78235,b7a49b434c5b0177c44740b070c0f807bb20750b1704f3dccf5225c063ff0439,592b2db1213f460da900e55766493970af71788b01917fb38dbd8f723b038fdc,d702755c766b25b330bcfb90d8958fde60e71e1c624f1ea9793039f679050ef4,Uploaded in this connection; reused only within this case,"{'a': '3262b9b5eedb510439a2b331e04680b41b20a809a97b2794ed94983e3878c8f6', 'bt': '15f0b23d5b4e77d869118e595a84c0cb4718697fcf726520398d6145d9edb0db', 'c': 'a6fca81a0ce2bce92b07fbbbd20156f660993d20b3712dfabd1150924e1f6409'}",PASS,0.04465539997909218,0.19209199998294935,0.5436712999944575,478,32,16,10,60,235,0,10,8,32,2638998349,100000000,15,1216,1156,0.17645190004259348,0.031816900009289384,0.9568705999990925,4.78e-06,0.056485355648535567,0.004412918410041841
1,PASS,True,327,0,0,22375530,31,33,17,"{'m': 31, 'n': 33, 'k': 17, 'a_base': 64, 'bt_base': 2176, 'c_base': 4416, 'a_stride': 64, 'bt_stride': 64, 'c_stride': 192, 'mode': 0, 'watchdog': 10000000}",2026-10-04T16:56:55.706406+00:00,2026-10-04T16:56:57.718631+00:00,81ff0f62119d9d058c9715807d3bb8ca8b5824e7fb4534b804b14bb20a759193,585a68284a62ba1dac6dd86d37245aaa9826df08b3ed5107e2b9812b1da94f00,397a014b4fd560847fb047c6c9554d938f53c4b058d69b655e237ed097677157,2d538a56b571b4b41a86a79bfb51865964eb262f266bcc20c60df842b8be344b,Uploaded in this connection; reused only within this case,"{'a': '08b76f5935c385b760d36c441f8db899043c554b5162b6ffa79456d3532c92fb', 'bt': 'feb6d8011c7b892bbaf437fd9cc332e5bb7711a5dee200ba4afb0fe041d792a8', 'c': '9a8db116cc385c112921e9c56af807147182465f4e42a156a9effc46878bdc38'}",PASS,0.42628290003631264,0.19195149996085092,0.5439362000324763,7340,800,285,527,4092,1911,0,124,8,32,2638998349,100000000,1023,10432,6340,0.8160441999789327,0.03212410002015531,1.9782148000085726,7.34e-05,0.4738692098092643,0.03702103201634877
1,PASS,True,328,1,0,22375530,31,33,17,"{'m': 31, 'n': 33, 'k': 17, 'a_base': 64, 'bt_base': 2176, 'c_base': 4416, 'a_stride': 64, 'bt_stride': 64, 'c_stride': 192, 'mode': 1, 'watchdog': 10000000}",2026-10-04T16:56:57.757596+00:00,2026-10-04T16:56:59.766646+00:00,81ff0f62119d9d058c9715807d3bb8ca8b5824e7fb4534b804b14bb20a759193,585a68284a62ba1dac6dd86d37245aaa9826df08b3ed5107e2b9812b1da94f00,397a014b4fd560847fb047c6c9554d938f53c4b058d69b655e237ed097677157,2d538a56b571b4b41a86a79bfb51865964eb262f266bcc20c60df842b8be344b,Uploaded in this connection; reused only within this case,"{'a': '08b76f5935c385b760d36c441f8db899043c554b5162b6ffa79456d3532c92fb', 'bt': 'feb6d8011c7b892bbaf437fd9cc332e5bb7711a5dee200ba4afb0fe041d792a8', 'c': '9a8db116cc385c112921e9c56af807147182465f4e42a156a9effc46878bdc38'}",PASS,0.42392109998036176,0.19180620001861826,0.544120299979113,6569,800,285,527,4092,1250,0,124,8,32,2638998349,100000000,1023,10432,6340,0.8158982000313699,0.03224309999495745,1.975745800009463,6.569e-05,0.5294869843202923,0.041366170650022835
1,PASS,True,329,1,0,22385503,33,35,256,"{'m': 33, 'n': 35, 'k': 256, 'a_base': 64, 'bt_base': 8640, 'c_base': 17728, 'a_stride': 256, 'bt_stride': 256, 'c_stride': 192, 'mode': 1, 'watchdog': 10000000}",2026-10-04T16:57:01.146662+00:00,2026-10-04T16:57:04.150128+00:00,776dbf5bdd485d251ceb46a1979995eb31d564e337e040ce70dff6ae61bd0012,5679470f4e66b7a3f18b975089619aa8e53fae914b082e99d2f965240fc7853d,35cefeed6ed583dd0046bf11808f0cf026bcfcae599d35b61a3efbd533eb753f,8b1fd80758b9e9792f0a28f5f94011b3be69c22485a4ed29d6647e44501c8e56,Uploaded in this connection; reused only within this case,"{'a': '5833e925b53ad9b0fc0ee6d2848a978abd281fdd39b9524be3370938624ae67b', 'bt': '87450c02c8df46d362fd339ec9a295e159f3237a22f4100923012fbe0490fd37', 'c': '19599a9c4ff580de8a980c39743fe98aa0433dfeb66a8729d4780ee7e62ade47'}",PASS,0.45847480004886165,0.19167589995777234,0.5441632000147365,13304,6975,4352,594,4620,3486,0,134,8,32,2638998349,100000000,1155,24128,19508,1.7761190999881364,0.031709900009445846,2.970433000009507,0.00013304,4.444978953698136,0.34726398075766685
1,PASS,True,330,0,0,22385503,33,35,256,"{'m': 33, 'n': 35, 'k': 256, 'a_base': 64, 'bt_base': 8640, 'c_base': 17728, 'a_stride': 256, 'bt_stride': 256, 'c_stride': 192, 'mode': 0, 'watchdog': 10000000}",2026-10-04T16:57:04.194724+00:00,2026-10-04T16:57:07.190119+00:00,776dbf5bdd485d251ceb46a1979995eb31d564e337e040ce70dff6ae61bd0012,5679470f4e66b7a3f18b975089619aa8e53fae914b082e99d2f965240fc7853d,35cefeed6ed583dd0046bf11808f0cf026bcfcae599d35b61a3efbd533eb753f,8b1fd80758b9e9792f0a28f5f94011b3be69c22485a4ed29d6647e44501c8e56,Uploaded in this connection; reused only within this case,"{'a': '5833e925b53ad9b0fc0ee6d2848a978abd281fdd39b9524be3370938624ae67b', 'bt': '87450c02c8df46d362fd339ec9a295e159f3237a22f4100923012fbe0490fd37', 'c': '19599a9c4ff580de8a980c39743fe98aa0433dfeb66a8729d4780ee7e62ade47'}",PASS,0.44937290000962093,0.19203400000697002,0.5440403999527916,19792,6975,4352,594,4620,7686,0,134,8,32,2638998349,100000000,1155,24128,19508,1.775967700057663,0.03189259994542226,2.9614150000270456,0.00019792,2.9878738884397738,0.23342764753435732
1,PASS,True,331,0,0,22395476,65,63,255,"{'m': 65, 'n': 63, 'k': 255, 'a_base': 64, 'bt_base': 16832, 'c_base': 33088, 'a_stride': 256, 'bt_stride': 256, 'c_stride': 256, 'mode': 0, 'watchdog': 10000000}",2026-10-04T16:57:09.657689+00:00,2026-10-04T16:57:15.190162+00:00,5ff4933d30084976b6867e3dae59a6273214f32e1a1b0b8d70173d7cb1c2ea9d,97039e6b4b7d2f980b2da11b0d80df2e52ea87839ad8ae7dc154b8aa38b74f44,e6845c4e9aea70db27a09ec2b22833ec65acb9a344b7c723e844b1745ad5aa34,a28b93e484531e59d45500f16f48b7e1bbd63b3f6eecbc8d2178b4e67e093262,Uploaded in this connection; reused only within this case,"{'a': '6cadacf07a0fb02f15cb5da71ea952854fca23cfdc1525b8b89d5bb1a4e1fa48', 'bt': '7cf70d7b5ee0d2cebcb3455fd5ac081aa4cedb1521427fe2c47f2f35326dd3af', 'c': '51a9c80f77c3409b5ef18f2032f2ba89a4fb5731864f2b82dedf9e3fc8dd176d'}",PASS,1.179031900013797,0.19213789998320863,0.543839099991601,52331,20016,10208,2080,16380,17479,0,268,8,32,2638998349,100000000,4095,49792,33412,3.584000200033188,0.0320555999642238,5.499009100021794,0.00052331,3.9908467256501883,0.31178490044142093
1,PASS,True,332,1,0,22395476,65,63,255,"{'m': 65, 'n': 63, 'k': 255, 'a_base': 64, 'bt_base': 16832, 'c_base': 33088, 'a_stride': 256, 'bt_stride': 256, 'c_stride': 256, 'mode': 1, 'watchdog': 10000000}",2026-10-04T16:57:15.234875+00:00,2026-10-04T16:57:20.757731+00:00,5ff4933d30084976b6867e3dae59a6273214f32e1a1b0b8d70173d7cb1c2ea9d,97039e6b4b7d2f980b2da11b0d80df2e52ea87839ad8ae7dc154b8aa38b74f44,e6845c4e9aea70db27a09ec2b22833ec65acb9a344b7c723e844b1745ad5aa34,a28b93e484531e59d45500f16f48b7e1bbd63b3f6eecbc8d2178b4e67e093262,Uploaded in this connection; reused only within this case,"{'a': '6cadacf07a0fb02f15cb5da71ea952854fca23cfdc1525b8b89d5bb1a4e1fa48', 'bt': '7cf70d7b5ee0d2cebcb3455fd5ac081aa4cedb1521427fe2c47f2f35326dd3af', 'c': '51a9c80f77c3409b5ef18f2032f2ba89a4fb5731864f2b82dedf9e3fc8dd176d'}",PASS,1.169679399987217,0.19200320000527427,0.543913799978327,26438,20016,10208,2080,16380,3484,0,268,8,32,2638998349,100000000,4095,49792,33412,3.5839886000030674,0.031981300038751215,5.489584999973886,0.00026438,7.8994250699750355,0.6171425835917996
1,PASS,True,333,1,0,22405449,1,64,256,"{'m': 1, 'n': 64, 'k': 256, 'a_base': 64, 'bt_base': 448, 'c_base': 16960, 'a_stride': 256, 'bt_stride': 256, 'c_stride': 256, 'mode': 1, 'watchdog': 10000000}",2026-10-04T16:57:22.073778+00:00,2026-10-04T16:57:24.197660+00:00,c2ac55b1fdfb93f927e84409d0ad4ccf3eccb93f4ffaae85009f637dda1f8c20,063efa3e5cdedbafec38a1b41bf57e9e9b5d92614d6ececc838f17e704e54303,fcf65e825789ce9cb577af398be63c52669f7909a8c80265bc577858c0e75d3a,ef658d69bf32ee8238acb1c84768b51f02087e7affddd25af1c84fa78fb4e9ff,Uploaded in this connection; reused only within this case,"{'a': 'a5e9d78efa4cc2be51099c156b6a179518456222f98330310fe76212eb0fb412', 'bt': '54e77d26ed82c5a2e44748dac52c45b8a0c50d213bd5f15609b8a1203ae14601', 'c': 'c1e30c69f2b4c92880fd901fa216e1301975a467eef3d7214de81a4f463bffef'}",PASS,0.04197120002936572,0.19190400000661612,0.5440103000146337,4966,2232,2112,32,256,2583,0,4,8,32,2638998349,100000000,64,17280,17024,1.3121002999832854,0.03200100001413375,2.089985800033901,4.966e-05,0.6598469593233991,0.05155054369714056
1,PASS,True,334,0,0,22405449,1,64,256,"{'m': 1, 'n': 64, 'k': 256, 'a_base': 64, 'bt_base': 448, 'c_base': 16960, 'a_stride': 256, 'bt_stride': 256, 'c_stride': 256, 'mode': 0, 'watchdog': 10000000}",2026-10-04T16:57:24.243487+00:00,2026-10-04T16:57:26.357421+00:00,c2ac55b1fdfb93f927e84409d0ad4ccf3eccb93f4ffaae85009f637dda1f8c20,063efa3e5cdedbafec38a1b41bf57e9e9b5d92614d6ececc838f17e704e54303,fcf65e825789ce9cb577af398be63c52669f7909a8c80265bc577858c0e75d3a,ef658d69bf32ee8238acb1c84768b51f02087e7affddd25af1c84fa78fb4e9ff,Uploaded in this connection; reused only within this case,"{'a': 'a5e9d78efa4cc2be51099c156b6a179518456222f98330310fe76212eb0fb412', 'bt': '54e77d26ed82c5a2e44748dac52c45b8a0c50d213bd5f15609b8a1203ae14601', 'c': 'c1e30c69f2b4c92880fd901fa216e1301975a467eef3d7214de81a4f463bffef'}",PASS,0.032690700027160347,0.1921464999904856,0.5439378999872133,6231,2232,2112,32,256,3731,0,4,8,32,2638998349,100000000,64,17280,17024,1.3119461999740452,0.032003400032408535,2.0807212999789044,6.231e-05,0.5258866955544856,0.04108489809019419
1,PASS,True,335,0,0,22415422,64,1,256,"{'m': 64, 'n': 1, 'k': 256, 'a_base': 64, 'bt_base': 16576, 'c_base': 16960, 'a_stride': 256, 'bt_stride': 256, 'c_stride': 64, 'mode': 0, 'watchdog': 10000000}",2026-10-04T16:57:27.671450+00:00,2026-10-04T16:57:30.309286+00:00,6e97f2ee600faf3315aad5e692ad2798dc9def632b1cebf4369edeb02bc738f1,520660a7007309d703fb4e1c2e7bb3ce1ef9bcbcfc149cd8637bd088c2f9cb28,5182ba35141ee5b095c524727cb02aad42545a0b16e1d78e7c870e027f730a19,c5b75465af4d9574bfac84f48793b6aaeac21b7d84fab14628e5ebbdd62b1401,Uploaded in this connection; reused only within this case,"{'a': 'bd80ab16e20237ed9feb688eb20733dd845cd7d2905bf7cbbb456b64ddbaf97d', 'bt': 'ae0d2e369448ca25ecd6de41735f9653d6d3f7c4bed140ffe784692bae2fc4f2', 'c': 'a1eb3e8881bf089c0381b9711f482f9dc6f026f1724b3205aab4c6b51ac51113'}",PASS,0.30082270002458245,0.19201969995629042,0.5438529000384733,8290,2232,2112,64,256,3703,0,128,8,32,2638998349,100000000,64,21120,20864,1.5679663000046276,0.03199499996844679,2.6046616000239737,8.29e-05,0.3952714113389626,0.030880579010856453
1,PASS,True,336,1,0,22415422,64,1,256,"{'m': 64, 'n': 1, 'k': 256, 'a_base': 64, 'bt_base': 16576, 'c_base': 16960, 'a_stride': 256, 'bt_stride': 256, 'c_stride': 64, 'mode': 1, 'watchdog': 10000000}",2026-10-04T16:57:30.350499+00:00,2026-10-04T16:57:32.981235+00:00,6e97f2ee600faf3315aad5e692ad2798dc9def632b1cebf4369edeb02bc738f1,520660a7007309d703fb4e1c2e7bb3ce1ef9bcbcfc149cd8637bd088c2f9cb28,5182ba35141ee5b095c524727cb02aad42545a0b16e1d78e7c870e027f730a19,c5b75465af4d9574bfac84f48793b6aaeac21b7d84fab14628e5ebbdd62b1401,Uploaded in this connection; reused only within this case,"{'a': 'bd80ab16e20237ed9feb688eb20733dd845cd7d2905bf7cbbb456b64ddbaf97d', 'bt': 'ae0d2e369448ca25ecd6de41735f9653d6d3f7c4bed140ffe784692bae2fc4f2', 'c': 'a1eb3e8881bf089c0381b9711f482f9dc6f026f1724b3205aab4c6b51ac51113'}",PASS,0.29374799999641255,0.19193000002996996,0.5441027999622747,6009,2232,2112,64,256,2584,0,128,8,32,2638998349,100000000,64,21120,20864,1.5679668000084348,0.03197320003528148,2.597747599997092,6.009e-05,0.545315360292894,0.042602762522882344
1,PASS,True,337,1,0,22425395,32,32,256,"{'m': 32, 'n': 32, 'k': 256, 'a_base': 64, 'bt_base': 8384, 'c_base': 16704, 'a_stride': 256, 'bt_stride': 256, 'c_stride': 128, 'mode': 1, 'watchdog': 10000000}",2026-10-04T16:57:34.279581+00:00,2026-10-04T16:57:36.901351+00:00,1887a56f08ff7a412328fca0108764268ba7f974dd464e29b8db4fc5b416b896,04665b876108dc6455ea3ab5c3d871fa6d7f1466e5cdc33ff0002539a7a4fc6e,0b4a6d190c7a446ae1511397e5297292e627ed276d7afd619bd4125324daf101,3ec0510c3dd84f2235e0a81aa2e056ef98cb4a9fb29d035e46b113f6d068bf7a,Uploaded in this connection; reused only within this case,"{'a': '6d8eab00d05a00eb5733fdccdf687dfe86a4d70568a0d2bace15159fdca2afd4', 'bt': '34e208239e3fcc6a923dc91491aefeb2f101c74f257ef654bf0c5b17852dc8a2', 'c': 'ad938aaa521cb77ec26977b57e3e6660d04e3d4b36b3405dbf24096670eb6b4b'}",PASS,0.2992627999628894,0.19201100000645965,0.5439378999872133,11648,4464,2048,512,4096,3484,0,66,8,32,2638998349,100000000,1024,20864,16768,1.5519991000182927,0.032293700031004846,2.587210799974855,0.00011648,4.501098901098901,0.3516483516483517
1,PASS,True,338,0,0,22425395,32,32,256,"{'m': 32, 'n': 32, 'k': 256, 'a_base': 64, 'bt_base': 8384, 'c_base': 16704, 'a_stride': 256, 'bt_stride': 256, 'c_stride': 128, 'mode': 0, 'watchdog': 10000000}",2026-10-04T16:57:36.952775+00:00,2026-10-04T16:57:39.573085+00:00,1887a56f08ff7a412328fca0108764268ba7f974dd464e29b8db4fc5b416b896,04665b876108dc6455ea3ab5c3d871fa6d7f1466e5cdc33ff0002539a7a4fc6e,0b4a6d190c7a446ae1511397e5297292e627ed276d7afd619bd4125324daf101,3ec0510c3dd84f2235e0a81aa2e056ef98cb4a9fb29d035e46b113f6d068bf7a,Uploaded in this connection; reused only within this case,"{'a': '6d8eab00d05a00eb5733fdccdf687dfe86a4d70568a0d2bace15159fdca2afd4', 'bt': '34e208239e3fcc6a923dc91491aefeb2f101c74f257ef654bf0c5b17852dc8a2', 'c': 'ad938aaa521cb77ec26977b57e3e6660d04e3d4b36b3405dbf24096670eb6b4b'}",PASS,0.2978646000265144,0.19212289998540655,0.5439783000038005,11573,4464,2048,512,4096,3456,0,66,8,32,2638998349,100000000,1024,20864,16768,1.5519191999919713,0.03205759997945279,2.5858850000076927,0.00011573,4.530268728938045,0.35392724444828483
1,PASS,True,339,1,0,22460313,1,1,1,"{'m': 1, 'n': 1, 'k': 1, 'a_base': 64, 'bt_base': 256, 'c_base': 448, 'a_stride': 64, 'bt_stride': 64, 'c_stride': 64, 'mode': 1, 'watchdog': 10000000}",2026-10-04T16:57:39.752094+00:00,2026-10-04T16:57:40.677004+00:00,fb95aa98d6e6c5827a57ec17b978d647fcc01d98c357b7e64989af57339e9ac3,1b16b1df538ba12dc3f97edbb85caa7050d46c148134290feba80f8236c83db9,86e07a17f1cea8501ac269b1bb3a21e3f1a59f19bdd961afc920ef0a92c016cb,60c56d20776dbed9a7dfcc106b6b5fbf5862643e20f5ff81b4b6e9c1b39b4fcd,Uploaded in this connection; reused only within this case,"{'a': '2035f711ca5f4a970b64f3e9712ed41a6139b768f977e41caf6ed949434dbaaf', 'bt': 'a4508e82e285496fde7bfa7c7c9b86f7c3230ed5591cf61524b084b077dfcc82', 'c': '0b543152e63c38478af87ce847711a77c2cabe55f7e5c627ad16bc1333892c9c'}",PASS,0.02777869999408722,0.19189710001228377,0.5439284999738447,219,24,2,1,4,150,0,2,8,32,2638998349,100000000,1,576,572,0.12809419998666272,0.03195540001615882,0.8916984999668784,2.19e-06,0.0009132420091324201,7.134703196347032e-05
1,PASS,True,340,0,0,22460313,1,1,1,"{'m': 1, 'n': 1, 'k': 1, 'a_base': 64, 'bt_base': 256, 'c_base': 448, 'a_stride': 64, 'bt_stride': 64, 'c_stride': 64, 'mode': 0, 'watchdog': 10000000}",2026-10-04T16:57:40.718126+00:00,2026-10-04T16:57:41.637337+00:00,fb95aa98d6e6c5827a57ec17b978d647fcc01d98c357b7e64989af57339e9ac3,1b16b1df538ba12dc3f97edbb85caa7050d46c148134290feba80f8236c83db9,86e07a17f1cea8501ac269b1bb3a21e3f1a59f19bdd961afc920ef0a92c016cb,60c56d20776dbed9a7dfcc106b6b5fbf5862643e20f5ff81b4b6e9c1b39b4fcd,Uploaded in this connection; reused only within this case,"{'a': '2035f711ca5f4a970b64f3e9712ed41a6139b768f977e41caf6ed949434dbaaf', 'bt': 'a4508e82e285496fde7bfa7c7c9b86f7c3230ed5591cf61524b084b077dfcc82', 'c': '0b543152e63c38478af87ce847711a77c2cabe55f7e5c627ad16bc1333892c9c'}",PASS,0.021710800006985664,0.1919054999598302,0.5440481000114232,217,24,2,1,4,148,0,2,8,32,2638998349,100000000,1,576,572,0.12791470001684502,0.03242190001765266,0.8855790999950841,2.17e-06,0.0009216589861751152,7.200460829493088e-05
1,PASS,True,341,0,0,22470286,5,3,9,"{'m': 5, 'n': 3, 'k': 9, 'a_base': 64, 'bt_base': 512, 'c_base': 832, 'a_stride': 64, 'bt_stride': 64, 'c_stride': 64, 'mode': 0, 'watchdog': 10000000}",2026-10-04T16:57:41.814213+00:00,2026-10-04T16:57:42.804776+00:00,d0c88e1287ce1f9f730efbeaeae295dffdf3256985f22b5cc7df671d6203db21,bc004dc74cfa3e1553cbf03ff55160c6b827139415de1a8adf5951afa86e5c5d,81d0bbd2aa1e3b05b2a063b2b778e89c1553414d4db89a4a559ed98b1bdbf6ae,5dcfe94cb9efc79e911efdc134abccadef273ce49144730547b623269b7e8689,Uploaded in this connection; reused only within this case,"{'a': '26f391cdc2f3c229a1d9a92b03fe903c885b7a1b035b1721e81ca44d24d23a9c', 'bt': '2e71086de601e584ddd8dc3b016f5936a0b5263a283b33c6d78f7d3cabb5e2bb', 'c': '937409831b2189fa7dc0425680a8dc19e820490b655cf62d4fdd4134db0e8dbe'}",PASS,0.04556110000703484,0.19289559999015182,0.5432503999909386,479,32,16,10,60,236,0,10,8,32,2638998349,100000000,15,1216,1156,0.17609929997706786,0.03177480003796518,0.9578063999651931,4.79e-06,0.05636743215031315,0.004403705636743215
1,PASS,True,342,1,0,22470286,5,3,9,"{'m': 5, 'n': 3, 'k': 9, 'a_base': 64, 'bt_base': 512, 'c_base': 832, 'a_stride': 64, 'bt_stride': 64, 'c_stride': 64, 'mode': 1, 'watchdog': 10000000}",2026-10-04T16:57:42.844228+00:00,2026-10-04T16:57:43.828713+00:00,d0c88e1287ce1f9f730efbeaeae295dffdf3256985f22b5cc7df671d6203db21,bc004dc74cfa3e1553cbf03ff55160c6b827139415de1a8adf5951afa86e5c5d,81d0bbd2aa1e3b05b2a063b2b778e89c1553414d4db89a4a559ed98b1bdbf6ae,5dcfe94cb9efc79e911efdc134abccadef273ce49144730547b623269b7e8689,Uploaded in this connection; reused only within this case,"{'a': '26f391cdc2f3c229a1d9a92b03fe903c885b7a1b035b1721e81ca44d24d23a9c', 'bt': '2e71086de601e584ddd8dc3b016f5936a0b5263a283b33c6d78f7d3cabb5e2bb', 'c': '937409831b2189fa7dc0425680a8dc19e820490b655cf62d4fdd4134db0e8dbe'}",PASS,0.03997029998572543,0.19150279997847974,0.5440780000062659,489,32,16,10,60,242,0,10,8,32,2638998349,100000000,15,1216,1156,0.17599880002671853,0.03184720000717789,0.9515498999971896,4.89e-06,0.05521472392638037,0.0043136503067484665
1,PASS,True,343,1,0,22480259,31,33,17,"{'m': 31, 'n': 33, 'k': 17, 'a_base': 64, 'bt_base': 2176, 'c_base': 4416, 'a_stride': 64, 'bt_stride': 64, 'c_stride': 192, 'mode': 1, 'watchdog': 10000000}",2026-10-04T16:57:44.264131+00:00,2026-10-04T16:57:46.277029+00:00,e2ffcf1bfd8ad0c0ed0256d605698d6f5bda19310551efee38d0610cb35aaad2,f8d9c109d0521a6541c98a8d9cdda5d8dcbff0f179169da493d9dd3ea28869d4,09931a09dd9993bd24bab4f4b7da7ce40643cfa951651e136d1229db02b2aac8,ed911a1103220da2285e232510c5693a6f9c4a74a5b9d0b0864566821c2b6376,Uploaded in this connection; reused only within this case,"{'a': '5107d5bfb828ba265397a65a5835967cbeb2916abed78bce2fcd2dab8eebab8f', 'bt': '9f46d2f420e2227a47be02b04740958a876c42698ac91bee14e2fe3b857642aa', 'c': '3d079c805035de3ddfc278608980a43c7bf0639a9a01648a9cd267f11dc0d25e'}",PASS,0.42619659996125847,0.1921652000164613,0.5438475999981165,6476,800,285,527,4092,1223,0,124,8,32,2638998349,100000000,1023,10432,6340,0.8161806000280194,0.0320615999517031,1.9783900000038557,6.476e-05,0.5370907967881408,0.041960218499073505
1,PASS,True,344,0,0,22480259,31,33,17,"{'m': 31, 'n': 33, 'k': 17, 'a_base': 64, 'bt_base': 2176, 'c_base': 4416, 'a_stride': 64, 'bt_stride': 64, 'c_stride': 192, 'mode': 0, 'watchdog': 10000000}",2026-10-04T16:57:46.322051+00:00,2026-10-04T16:57:48.340755+00:00,e2ffcf1bfd8ad0c0ed0256d605698d6f5bda19310551efee38d0610cb35aaad2,f8d9c109d0521a6541c98a8d9cdda5d8dcbff0f179169da493d9dd3ea28869d4,09931a09dd9993bd24bab4f4b7da7ce40643cfa951651e136d1229db02b2aac8,ed911a1103220da2285e232510c5693a6f9c4a74a5b9d0b0864566821c2b6376,Uploaded in this connection; reused only within this case,"{'a': '5107d5bfb828ba265397a65a5835967cbeb2916abed78bce2fcd2dab8eebab8f', 'bt': '9f46d2f420e2227a47be02b04740958a876c42698ac91bee14e2fe3b857642aa', 'c': '3d079c805035de3ddfc278608980a43c7bf0639a9a01648a9cd267f11dc0d25e'}",PASS,0.43256009998731315,0.1920559999998659,0.5440679000457749,7340,800,285,527,4092,1911,0,124,8,32,2638998349,100000000,1023,10432,6340,0.8158658999600448,0.03210340003715828,1.9845498999929987,7.34e-05,0.4738692098092643,0.03702103201634877
1,PASS,True,345,0,0,22490232,33,35,256,"{'m': 33, 'n': 35, 'k': 256, 'a_base': 64, 'bt_base': 8640, 'c_base': 17728, 'a_stride': 256, 'bt_stride': 256, 'c_stride': 192, 'mode': 0, 'watchdog': 10000000}",2026-10-04T16:57:49.702786+00:00,2026-10-04T16:57:52.708503+00:00,237f228950ac5a6336767ac85b44026721675cb65dcc010547da6a705ccf7842,6e7e16e1382c8f1bf54528c91be9351de32548410802446a7b71f88fa0b1d69d,ce2cbb6c1256315a759d324413dc84be464021c9eefb9343d5e40dcc005e2010,ed08788aa6630773bc602f0a560155e9837f07836e1b7b40a954f2b724a4f33e,Uploaded in this connection; reused only within this case,"{'a': 'ff9ae5bc581f81121d33e7b3ede12896013358ea444defc9baa91e2a6e7b40fe', 'bt': '6028d8829c9873e8665f3e981effb64403a7ba7a84dad390e643cd26f9b81a56', 'c': '7113ddf0d25680a1a6c63ce1f1f0b607e2c177d68e578dd99371139a2d69bf66'}",PASS,0.459450000023935,0.19201479997718707,0.5441617000033148,19768,6975,4352,594,4620,7634,0,134,8,32,2638998349,100000000,1155,24128,19508,1.7760836000088602,0.03165930003160611,2.971710100013297,0.00019768,2.991501416430595,0.23371104815864022
1,PASS,True,346,1,0,22490232,33,35,256,"{'m': 33, 'n': 35, 'k': 256, 'a_base': 64, 'bt_base': 8640, 'c_base': 17728, 'a_stride': 256, 'bt_stride': 256, 'c_stride': 192, 'mode': 1, 'watchdog': 10000000}",2026-10-04T16:57:52.758040+00:00,2026-10-04T16:57:55.764579+00:00,237f228950ac5a6336767ac85b44026721675cb65dcc010547da6a705ccf7842,6e7e16e1382c8f1bf54528c91be9351de32548410802446a7b71f88fa0b1d69d,ce2cbb6c1256315a759d324413dc84be464021c9eefb9343d5e40dcc005e2010,ed08788aa6630773bc602f0a560155e9837f07836e1b7b40a954f2b724a4f33e,Uploaded in this connection; reused only within this case,"{'a': 'ff9ae5bc581f81121d33e7b3ede12896013358ea444defc9baa91e2a6e7b40fe', 'bt': '6028d8829c9873e8665f3e981effb64403a7ba7a84dad390e643cd26f9b81a56', 'c': '7113ddf0d25680a1a6c63ce1f1f0b607e2c177d68e578dd99371139a2d69bf66'}",PASS,0.46129429998109117,0.19185449997894466,0.5441321000107564,13282,6975,4352,594,4620,3484,0,134,8,32,2638998349,100000000,1155,24128,19508,1.7758776000118814,0.03213399997912347,2.9731584999826737,0.00013282,4.452341514832104,0.3478391808462581
1,PASS,True,347,1,0,22500205,65,63,255,"{'m': 65, 'n': 63, 'k': 255, 'a_base': 64, 'bt_base': 16832, 'c_base': 33088, 'a_stride': 256, 'bt_stride': 256, 'c_stride': 256, 'mode': 1, 'watchdog': 10000000}",2026-10-04T16:57:58.231329+00:00,2026-10-04T16:58:03.764259+00:00,81069b2bee65c2cee8a5bb02859100a0cf5bf0f9eb2c01c64714e9d047d11e7c,ca235cb8636a5154062342016c4bae7865a9e35d38590ac30df1575473725e73,d0aea284ecb1b8d75b6c8ed70db755e67d49a3a85dd3179262ed170448732497,1f8ecdaf002f1e622528e083f1ae99a70f2ea3e162be957dd04fe05f192f0038,Uploaded in this connection; reused only within this case,"{'a': '9dbfb70a9edbeb9be63929138275c541704bb03bfed509717f83830afef4185e', 'bt': '5ed76923a690dab49324ce56bd901db4d27221f332c483b283f07fc62e2c77d5', 'c': '9a5e5ddd01c67d0786c6b04a57e66e8e992276ab90d6f2c11f5f0ec70cd97b32'}",PASS,1.1800670999800786,0.19184189999941736,0.5440596000407822,26504,20016,10208,2080,16380,3491,0,268,8,32,2638998349,100000000,4095,49792,33412,3.5840444999630563,0.03178650001063943,5.5000130999833345,0.00026504,7.879753999396318,0.6156057812028373
1,PASS,True,348,0,0,22500205,65,63,255,"{'m': 65, 'n': 63, 'k': 255, 'a_base': 64, 'bt_base': 16832, 'c_base': 33088, 'a_stride': 256, 'bt_stride': 256, 'c_stride': 256, 'mode': 0, 'watchdog': 10000000}",2026-10-04T16:58:03.810977+00:00,2026-10-04T16:58:09.347979+00:00,81069b2bee65c2cee8a5bb02859100a0cf5bf0f9eb2c01c64714e9d047d11e7c,ca235cb8636a5154062342016c4bae7865a9e35d38590ac30df1575473725e73,d0aea284ecb1b8d75b6c8ed70db755e67d49a3a85dd3179262ed170448732497,1f8ecdaf002f1e622528e083f1ae99a70f2ea3e162be957dd04fe05f192f0038,Uploaded in this connection; reused only within this case,"{'a': '9dbfb70a9edbeb9be63929138275c541704bb03bfed509717f83830afef4185e', 'bt': '5ed76923a690dab49324ce56bd901db4d27221f332c483b283f07fc62e2c77d5', 'c': '9a5e5ddd01c67d0786c6b04a57e66e8e992276ab90d6f2c11f5f0ec70cd97b32'}",PASS,1.183924599958118,0.19214380002813414,0.5439009999972768,52367,20016,10208,2080,16380,17452,0,268,8,32,2638998349,100000000,4095,49792,33412,3.584020000009332,0.031701200001407415,5.503989399992861,0.00052367,3.988103194760059,0.3115705620906296
1,PASS,True,349,0,0,22510178,1,64,256,"{'m': 1, 'n': 64, 'k': 256, 'a_base': 64, 'bt_base': 448, 'c_base': 16960, 'a_stride': 256, 'bt_stride': 256, 'c_stride': 256, 'mode': 0, 'watchdog': 10000000}",2026-10-04T16:58:10.662266+00:00,2026-10-04T16:58:12.787734+00:00,de8d0f3d89d28006514830e32228263586db6634b2a54354bded335f111e4363,7d0b36eb39b1e2d450c106a735a10ae4fa3064bd0112364e3701d0de503f1108,8b8baa2a72ac304d0f2d8099599823241bc25be301d88713c124e3d8d8eeadc9,034ba139394ba925d43f9b14dc6bb7d5e66ed3663f4735d634ace51be0510b87,Uploaded in this connection; reused only within this case,"{'a': '158ed373c7e95c7f055a81a300b987102f5bc68192279e7253d9ef82aa56e348', 'bt': '6edbaea55be2a7234ce7e5808f063b4eba87d581604d97ac9c975664879ff940', 'c': '489e1c2d0e4aeeb278f0502cad8b227bb79c5cd0398fc3fa6370e0dcccd7ac95'}",PASS,0.044650299998465925,0.1920053000212647,0.5440925000002608,6263,2232,2112,32,256,3748,0,4,8,32,2638998349,100000000,64,17280,17024,1.3122311999904923,0.031484699982684106,2.0929793000104837,6.263e-05,0.5231997445313747,0.04087498004151365
1,PASS,True,350,1,0,22510178,1,64,256,"{'m': 1, 'n': 64, 'k': 256, 'a_base': 64, 'bt_base': 448, 'c_base': 16960, 'a_stride': 256, 'bt_stride': 256, 'c_stride': 256, 'mode': 1, 'watchdog': 10000000}",2026-10-04T16:58:12.829407+00:00,2026-10-04T16:58:14.947917+00:00,de8d0f3d89d28006514830e32228263586db6634b2a54354bded335f111e4363,7d0b36eb39b1e2d450c106a735a10ae4fa3064bd0112364e3701d0de503f1108,8b8baa2a72ac304d0f2d8099599823241bc25be301d88713c124e3d8d8eeadc9,034ba139394ba925d43f9b14dc6bb7d5e66ed3663f4735d634ace51be0510b87,Uploaded in this connection; reused only within this case,"{'a': '158ed373c7e95c7f055a81a300b987102f5bc68192279e7253d9ef82aa56e348', 'bt': '6edbaea55be2a7234ce7e5808f063b4eba87d581604d97ac9c975664879ff940', 'c': '489e1c2d0e4aeeb278f0502cad8b227bb79c5cd0398fc3fa6370e0dcccd7ac95'}",PASS,0.03762059996370226,0.19179640000220388,0.5440482000121847,5016,2232,2112,32,256,2628,0,4,8,32,2638998349,100000000,64,17280,17024,1.3123903999803588,0.03157440002541989,2.0858555999584496,5.016e-05,0.6532695374800638,0.051036682615629984
1,PASS,True,351,1,0,22520151,64,1,256,"{'m': 64, 'n': 1, 'k': 256, 'a_base': 64, 'bt_base': 16576, 'c_base': 16960, 'a_stride': 256, 'bt_stride': 256, 'c_stride': 64, 'mode': 1, 'watchdog': 10000000}",2026-10-04T16:58:16.262464+00:00,2026-10-04T16:58:18.899763+00:00,4152f9de95b4d9e8053a8d0e5d87d27e068a31164a7bf822bb89ed2d44de4f7a,5860463b7a507287bafa1f029ead62979afd6cd95d26e8144bd6981623d1ea36,f0eb6142caf35c25bf421ba2248ae5a903da066e43549f545ef03cb2a912b257,378d9d71485c1b51e311968db18df1ded2d6149e0307361922d1233b36ebee2b,Uploaded in this connection; reused only within this case,"{'a': '9b54d73025dd208690c852efe7d8ab6bcb131c7a738557464a5960a1afa130c1', 'bt': '9c3079fbb0fb2149990cee415136672a8fc83fec2f515b41d9c5cffdae3986dd', 'c': '7a022088b5cb2f262f044e70099b6e9ce52a197886821f3b97488fcf784f850a'}",PASS,0.30066780000925064,0.19169739994686097,0.5442741000442766,6040,2232,2112,64,256,2613,0,128,8,32,2638998349,100000000,64,21120,20864,1.567475599993486,0.032172299979720265,2.604114899993874,6.04e-05,0.5425165562913907,0.0423841059602649
1,PASS,True,352,0,0,22520151,64,1,256,"{'m': 64, 'n': 1, 'k': 256, 'a_base': 64, 'bt_base': 16576, 'c_base': 16960, 'a_stride': 256, 'bt_stride': 256, 'c_stride': 64, 'mode': 0, 'watchdog': 10000000}",2026-10-04T16:58:18.947098+00:00,2026-10-04T16:58:21.587668+00:00,4152f9de95b4d9e8053a8d0e5d87d27e068a31164a7bf822bb89ed2d44de4f7a,5860463b7a507287bafa1f029ead62979afd6cd95d26e8144bd6981623d1ea36,f0eb6142caf35c25bf421ba2248ae5a903da066e43549f545ef03cb2a912b257,378d9d71485c1b51e311968db18df1ded2d6149e0307361922d1233b36ebee2b,Uploaded in this connection; reused only within this case,"{'a': '9b54d73025dd208690c852efe7d8ab6bcb131c7a738557464a5960a1afa130c1', 'bt': '9c3079fbb0fb2149990cee415136672a8fc83fec2f515b41d9c5cffdae3986dd', 'c': '7a022088b5cb2f262f044e70099b6e9ce52a197886821f3b97488fcf784f850a'}",PASS,0.3027517999871634,0.1919044000096619,0.5438845999888144,8298,2232,2112,64,256,3707,0,128,8,32,2638998349,100000000,64,21120,20864,1.5681106999982148,0.03200970002217218,2.6066514999838546,8.298e-05,0.39489033502048687,0.030850807423475537
1,PASS,True,353,0,0,22530124,32,32,256,"{'m': 32, 'n': 32, 'k': 256, 'a_base': 64, 'bt_base': 8384, 'c_base': 16704, 'a_stride': 256, 'bt_stride': 256, 'c_stride': 128, 'mode': 0, 'watchdog': 10000000}",2026-10-04T16:58:22.887662+00:00,2026-10-04T16:58:25.507326+00:00,3e7599c78f0a368d1e2917c74fbeda063c4ffc70dc03b9b6ba7562ba610d1428,efda0a0d48dc7463e1997643891a7772fcbcfa34955077d1efbbdebf85157b14,681f3db0ebdaee2fbe4617262fe3c8e0081a7068a0bc6ca993df672ba152a2c6,42878bf5f642336dffa9ba1849cb9787ae2080a76a5657180b22f9704deec3c2,Uploaded in this connection; reused only within this case,"{'a': '4bf1172f1e376fb07c3dfc91617ff739bffd0e170d23079bb47c6daa8361ab1e', 'bt': '4c9e82cbd28b2dc34560c76543dc65a106790144448dd296ced6155ff695f461', 'c': '2847174651464557e2a75171cf017e2497044fe53234d6bb6ccd5cf627ea7b56'}",PASS,0.297727599972859,0.19197089999215677,0.5439892000285909,11629,4464,2048,512,4096,3499,0,66,8,32,2638998349,100000000,1024,20864,16768,1.552130899974145,0.03164560004370287,2.5858185999677517,0.00011629,4.508453005417491,0.35222289104824145
1,PASS,True,354,1,0,22530124,32,32,256,"{'m': 32, 'n': 32, 'k': 256, 'a_base': 64, 'bt_base': 8384, 'c_base': 16704, 'a_stride': 256, 'bt_stride': 256, 'c_stride': 128, 'mode': 1, 'watchdog': 10000000}",2026-10-04T16:58:25.547029+00:00,2026-10-04T16:58:28.163246+00:00,3e7599c78f0a368d1e2917c74fbeda063c4ffc70dc03b9b6ba7562ba610d1428,efda0a0d48dc7463e1997643891a7772fcbcfa34955077d1efbbdebf85157b14,681f3db0ebdaee2fbe4617262fe3c8e0081a7068a0bc6ca993df672ba152a2c6,42878bf5f642336dffa9ba1849cb9787ae2080a76a5657180b22f9704deec3c2,Uploaded in this connection; reused only within this case,"{'a': '4bf1172f1e376fb07c3dfc91617ff739bffd0e170d23079bb47c6daa8361ab1e', 'bt': '4c9e82cbd28b2dc34560c76543dc65a106790144448dd296ced6155ff695f461', 'c': '2847174651464557e2a75171cf017e2497044fe53234d6bb6ccd5cf627ea7b56'}",PASS,0.2951691000489518,0.19223119999514893,0.543726300005801,11601,4464,2048,512,4096,3507,0,66,8,32,2638998349,100000000,1024,20864,16768,1.5521798999980092,0.03171419998398051,2.583306500047911,0.00011601,4.519334540125851,0.3530730109473321
1,PASS,True,355,0,0,22565042,1,1,1,"{'m': 1, 'n': 1, 'k': 1, 'a_base': 64, 'bt_base': 256, 'c_base': 448, 'a_stride': 64, 'bt_stride': 64, 'c_stride': 64, 'mode': 0, 'watchdog': 10000000}",2026-10-04T16:58:28.328066+00:00,2026-10-04T16:58:29.251391+00:00,2017ff3461395672aa0aa4f64894fd2f95a4b120e2690e8951656d79adc2eed2,58f7b0780592032e4d8602a3e8690fb2c701b2e1dd546e703445aabd6469734d,af077190ca2486c225a33fd62c3c5b51f13aee7f97625f117106ae542a66c463,ac44f2cd0c8ae8a7a5a5991e2c1823a23a48c1018a920046cdf634e1ff57b46a,Uploaded in this connection; reused only within this case,"{'a': 'a1e26aa1073b0c319726cc43bb733e8fd39574c0a542cbfdbe3db7b96777ed95', 'bt': 'ee98632cc530f529cab77c397ae3f3fbc077e7400534b58bd6c7bd0e261cd1c9', 'c': 'c78cf6f253f0aa4e1864617e83031b13bb25adc50956ee798d8ad5cd2afe219c'}",PASS,0.025199700030498207,0.1917758000199683,0.5439674999797717,218,24,2,1,4,149,0,2,8,32,2638998349,100000000,1,576,572,0.1281757999677211,0.03198020003037527,0.8891187999979593,2.18e-06,0.0009174311926605505,7.167431192660551e-05
1,PASS,True,356,1,0,22565042,1,1,1,"{'m': 1, 'n': 1, 'k': 1, 'a_base': 64, 'bt_base': 256, 'c_base': 448, 'a_stride': 64, 'bt_stride': 64, 'c_stride': 64, 'mode': 1, 'watchdog': 10000000}",2026-10-04T16:58:29.300633+00:00,2026-10-04T16:58:30.227432+00:00,2017ff3461395672aa0aa4f64894fd2f95a4b120e2690e8951656d79adc2eed2,58f7b0780592032e4d8602a3e8690fb2c701b2e1dd546e703445aabd6469734d,af077190ca2486c225a33fd62c3c5b51f13aee7f97625f117106ae542a66c463,ac44f2cd0c8ae8a7a5a5991e2c1823a23a48c1018a920046cdf634e1ff57b46a,Uploaded in this connection; reused only within this case,"{'a': 'a1e26aa1073b0c319726cc43bb733e8fd39574c0a542cbfdbe3db7b96777ed95', 'bt': 'ee98632cc530f529cab77c397ae3f3fbc077e7400534b58bd6c7bd0e261cd1c9', 'c': 'c78cf6f253f0aa4e1864617e83031b13bb25adc50956ee798d8ad5cd2afe219c'}",PASS,0.029340900015085936,0.1921917999861762,0.5437722000060603,216,24,2,1,4,147,0,2,8,32,2638998349,100000000,1,576,572,0.12814460002118722,0.03208989999257028,0.8934495000285096,2.16e-06,0.000925925925925926,7.233796296296296e-05
1,PASS,True,357,1,0,22575015,5,3,9,"{'m': 5, 'n': 3, 'k': 9, 'a_base': 64, 'bt_base': 512, 'c_base': 832, 'a_stride': 64, 'bt_stride': 64, 'c_stride': 64, 'mode': 1, 'watchdog': 10000000}",2026-10-04T16:58:30.389551+00:00,2026-10-04T16:58:31.379165+00:00,bbb5c720542613d8b627b94f29e7d9bca614420ff42e58751b3293798c44794a,0231c0bc1c6460244147b242a432f7b070c1fabcf1b86263cdcbdf04ec2a87d4,1f320808ce2102f4260eec079b9982d0f63b7634128237040cadaf58d6a44a79,9038863d29477ad3ffcf4a7b21b878d9c3240495a32c44f787ee5319be840135,Uploaded in this connection; reused only within this case,"{'a': '6d4595c197f55e019949c8a36a952dc98783d631a495f20834b2331dd0374fc6', 'bt': '0a8fdc9908819dcda2e5ceae282784da70b8514dd7fa3a273a3a35bd4e60a039', 'c': '2568b9e2195dd7e6d7097303d092c98100bc37635763ff1aafbfb44ddfa79822'}",PASS,0.04299629997694865,0.19199960003606975,0.5441478999564424,479,32,16,10,60,236,0,10,8,32,2638998349,100000000,15,1216,1156,0.17632000002777204,0.03158050001366064,0.9554637999972329,4.79e-06,0.05636743215031315,0.004403705636743215
1,PASS,True,358,0,0,22575015,5,3,9,"{'m': 5, 'n': 3, 'k': 9, 'a_base': 64, 'bt_base': 512, 'c_base': 832, 'a_stride': 64, 'bt_stride': 64, 'c_stride': 64, 'mode': 0, 'watchdog': 10000000}",2026-10-04T16:58:31.416484+00:00,2026-10-04T16:58:32.403603+00:00,bbb5c720542613d8b627b94f29e7d9bca614420ff42e58751b3293798c44794a,0231c0bc1c6460244147b242a432f7b070c1fabcf1b86263cdcbdf04ec2a87d4,1f320808ce2102f4260eec079b9982d0f63b7634128237040cadaf58d6a44a79,9038863d29477ad3ffcf4a7b21b878d9c3240495a32c44f787ee5319be840135,Uploaded in this connection; reused only within this case,"{'a': '6d4595c197f55e019949c8a36a952dc98783d631a495f20834b2331dd0374fc6', 'bt': '0a8fdc9908819dcda2e5ceae282784da70b8514dd7fa3a273a3a35bd4e60a039', 'c': '2568b9e2195dd7e6d7097303d092c98100bc37635763ff1aafbfb44ddfa79822'}",PASS,0.041611600026953965,0.19181779999053106,0.544104199972935,479,32,16,10,60,236,0,10,8,32,2638998349,100000000,15,1216,1156,0.17592940002214164,0.03239249996840954,0.9534630000125617,4.79e-06,0.05636743215031315,0.004403705636743215
1,PASS,True,359,0,0,22584988,31,33,17,"{'m': 31, 'n': 33, 'k': 17, 'a_base': 64, 'bt_base': 2176, 'c_base': 4416, 'a_stride': 64, 'bt_stride': 64, 'c_stride': 192, 'mode': 0, 'watchdog': 10000000}",2026-10-04T16:58:32.855352+00:00,2026-10-04T16:58:34.867227+00:00,2226e6c2617a8d843e5449dbacf7565a15b9d910e072101f1225ad283869c9bf,e803f4049784cb6bc72e0f4e143dacd9e6f560a82c23ad8099db855a2888cd4a,7f021d32003f315898134e6b3d3ba339bac4caa338c66008ede69b5b404678c7,fe6fa5973c508c9e7259664ca3edb73c2eb5e82e0d6b3ce37633356d34e09a99,Uploaded in this connection; reused only within this case,"{'a': 'd748b69bb531486f86b7df0c7cd9f6f4d3ed11ac9db3c6f2e903539bd05851dc', 'bt': 'f3a8cca623cefefdb072d2419bb1b17d8a0fbed08da640d648802acde27aa693', 'c': '1150e74e0c2e3be868858718e16c2ce66cf6a0e4eb66b0d0fb4a8e968b600b1c'}",PASS,0.4258123000035994,0.19192850001854822,0.5440122000291012,7333,800,285,527,4092,1912,0,124,8,32,2638998349,100000000,1023,10432,6340,0.8160822999780066,0.0319508999818936,1.9778353000292554,7.333e-05,0.4743215600709123,0.03705637188054003
1,PASS,True,360,1,0,22584988,31,33,17,"{'m': 31, 'n': 33, 'k': 17, 'a_base': 64, 'bt_base': 2176, 'c_base': 4416, 'a_stride': 64, 'bt_stride': 64, 'c_stride': 192, 'mode': 1, 'watchdog': 10000000}",2026-10-04T16:58:34.908681+00:00,2026-10-04T16:58:36.914898+00:00,2226e6c2617a8d843e5449dbacf7565a15b9d910e072101f1225ad283869c9bf,e803f4049784cb6bc72e0f4e143dacd9e6f560a82c23ad8099db855a2888cd4a,7f021d32003f315898134e6b3d3ba339bac4caa338c66008ede69b5b404678c7,fe6fa5973c508c9e7259664ca3edb73c2eb5e82e0d6b3ce37633356d34e09a99,Uploaded in this connection; reused only within this case,"{'a': 'd748b69bb531486f86b7df0c7cd9f6f4d3ed11ac9db3c6f2e903539bd05851dc', 'bt': 'f3a8cca623cefefdb072d2419bb1b17d8a0fbed08da640d648802acde27aa693', 'c': '1150e74e0c2e3be868858718e16c2ce66cf6a0e4eb66b0d0fb4a8e968b600b1c'}",PASS,0.4204873999697156,0.19196250004461035,0.5438618999905884,6517,800,285,527,4092,1238,0,124,8,32,2638998349,100000000,1023,10432,6340,0.8160164000000805,0.031856699963100255,1.9723282000049949,6.517e-05,0.5337118305969004,0.041696236765382845
1,PASS,True,361,1,0,22594961,33,35,256,"{'m': 33, 'n': 35, 'k': 256, 'a_base': 64, 'bt_base': 8640, 'c_base': 17728, 'a_stride': 256, 'bt_stride': 256, 'c_stride': 192, 'mode': 1, 'watchdog': 10000000}",2026-10-04T16:58:38.278321+00:00,2026-10-04T16:58:41.282873+00:00,120f6980c634ce8f71cc891bec4800b0f6db8825b09af9fe642bc59d26ef7c6f,2d7d3281c047bb95045bb45ce7360c55a5cc5eaa4596418a2a8578cff519f9c2,e26048ea933e5a4e11d662d170f6ac0eb940591a25bece83270583838908a532,3abc836f50de99af4c0c4b6313ce9ec340dd94fb3f5068cf66367fa4220c370d,Uploaded in this connection; reused only within this case,"{'a': 'cb5410a0fc1eb8d9e9c3556bea808bc305a72153b03c76e34458cae31df39faf', 'bt': 'e6aed8905afbb320e8731698155804c6a620aabf3dd04d4eb113779bcf133bca', 'c': 'af425327af919d4f99b5253719f64a0aab80116e1b9abd8741aa2115e027e01b'}",PASS,0.45878950000042096,0.19195420003961772,0.5440094999503344,13325,6975,4352,594,4620,3491,0,134,8,32,2638998349,100000000,1155,24128,19508,1.7759112000348978,0.031987099966499954,2.970664400025271,0.00013325,4.4379737335834895,0.3467166979362101
1,PASS,True,362,0,0,22594961,33,35,256,"{'m': 33, 'n': 35, 'k': 256, 'a_base': 64, 'bt_base': 8640, 'c_base': 17728, 'a_stride': 256, 'bt_stride': 256, 'c_stride': 192, 'mode': 0, 'watchdog': 10000000}",2026-10-04T16:58:41.338996+00:00,2026-10-04T16:58:44.338856+00:00,120f6980c634ce8f71cc891bec4800b0f6db8825b09af9fe642bc59d26ef7c6f,2d7d3281c047bb95045bb45ce7360c55a5cc5eaa4596418a2a8578cff519f9c2,e26048ea933e5a4e11d662d170f6ac0eb940591a25bece83270583838908a532,3abc836f50de99af4c0c4b6313ce9ec340dd94fb3f5068cf66367fa4220c370d,Uploaded in this connection; reused only within this case,"{'a': 'cb5410a0fc1eb8d9e9c3556bea808bc305a72153b03c76e34458cae31df39faf', 'bt': 'e6aed8905afbb320e8731698155804c6a620aabf3dd04d4eb113779bcf133bca', 'c': 'af425327af919d4f99b5253719f64a0aab80116e1b9abd8741aa2115e027e01b'}",PASS,0.45381360000465065,0.19178539997665212,0.5440617999993265,19839,6975,4352,594,4620,7707,0,134,8,32,2638998349,100000000,1155,24128,19508,1.7757262000232004,0.03218149999156594,2.9653870000038296,0.00019839,2.9807954029941026,0.23287464085891427
1,PASS,True,363,0,0,22604934,65,63,255,"{'m': 65, 'n': 63, 'k': 255, 'a_base': 64, 'bt_base': 16832, 'c_base': 33088, 'a_stride': 256, 'bt_stride': 256, 'c_stride': 256, 'mode': 0, 'watchdog': 10000000}",2026-10-04T16:58:46.822079+00:00,2026-10-04T16:58:52.354488+00:00,57662d2dbb61859c1fe4de1d64fe4d003cacd8f805364523738c8f9a70ee271e,ec5173eef71c0fa2b385f61a04eda1d1b4e9fe5a7a0ceaa5a6049f0342d722f0,283212c45e53d69b0239eeb663ed2e709908d3ba43705d5db41746f137a3c8b4,7ac889136c2ccdda516f69f45d57d63330061677ee08a9ec6f8db4bc8b029f18,Uploaded in this connection; reused only within this case,"{'a': '67488e616a2e8b0ad74fbdb28c51d3372363ebc12a613417f4e2ee9b233d5231', 'bt': 'f616234d8abf3555127fce48b6f35980e5a02ba3d5467847f3258a69943ca48a', 'c': '22eb5e96ab90f55d44c7816731eb5f7b8cb8ffde1ae69a6170088c4402ede9d7'}",PASS,1.1790495000313967,0.19182209996506572,0.543887400010135,52277,20016,10208,2080,16380,17413,0,268,8,32,2638998349,100000000,4095,49792,33412,3.584574800042901,0.03143499995348975,5.499333800049499,0.00052277,3.9949691068730036,0.3121069614744534
1,PASS,True,364,1,0,22604934,65,63,255,"{'m': 65, 'n': 63, 'k': 255, 'a_base': 64, 'bt_base': 16832, 'c_base': 33088, 'a_stride': 256, 'bt_stride': 256, 'c_stride': 256, 'mode': 1, 'watchdog': 10000000}",2026-10-04T16:58:52.404468+00:00,2026-10-04T16:58:57.938535+00:00,57662d2dbb61859c1fe4de1d64fe4d003cacd8f805364523738c8f9a70ee271e,ec5173eef71c0fa2b385f61a04eda1d1b4e9fe5a7a0ceaa5a6049f0342d722f0,283212c45e53d69b0239eeb663ed2e709908d3ba43705d5db41746f137a3c8b4,7ac889136c2ccdda516f69f45d57d63330061677ee08a9ec6f8db4bc8b029f18,Uploaded in this connection; reused only within this case,"{'a': '67488e616a2e8b0ad74fbdb28c51d3372363ebc12a613417f4e2ee9b233d5231', 'bt': 'f616234d8abf3555127fce48b6f35980e5a02ba3d5467847f3258a69943ca48a', 'c': '22eb5e96ab90f55d44c7816731eb5f7b8cb8ffde1ae69a6170088c4402ede9d7'}",PASS,1.180926000000909,0.19189979997463524,0.5441615000017919,26465,20016,10208,2080,16380,3477,0,268,8,32,2638998349,100000000,4095,49792,33412,3.5838337000459433,0.032075299997814,5.500821000023279,0.00026465,7.891365955034952,0.6165129652371056
1,PASS,True,365,1,0,22614907,1,64,256,"{'m': 1, 'n': 64, 'k': 256, 'a_base': 64, 'bt_base': 448, 'c_base': 16960, 'a_stride': 256, 'bt_stride': 256, 'c_stride': 256, 'mode': 1, 'watchdog': 10000000}",2026-10-04T16:58:59.269337+00:00,2026-10-04T16:59:01.394340+00:00,20503b465fea2cb9c5f716f84973f7657765d659108b9d7d4d3e528b7fac05e4,d290f7b4aa7de7ca877b1c515c0b558cc4f3fe81a53066ac889bc7d55ee9757b,a085478dcea6d0a7b64c7bd8a9337e4c9297c0bb868e61cd386a506d926cc299,310b0115ce408c023720cb577cabc9792f79d9ef300492f0f233245d73f29100,Uploaded in this connection; reused only within this case,"{'a': '1fdae3cec0a88eff0ad7cdfd6e6dd2bd08d526f4be5b6f5ca46841bf4e8e7cff', 'bt': 'bed14c21e8e25384cb3dd1d217d07913694d93a641242f5bf1a22490cb40d45b', 'c': '25a83cefd97e09598e294eb44cc2e825c0d66dd883e36cda3bd3cc308225db9c'}",PASS,0.043998599983751774,0.19209020002745092,0.5438140999758616,4997,2232,2112,32,256,2606,0,4,8,32,2638998349,100000000,64,17280,17024,1.3120941999950446,0.03194250003434718,2.091997099982109,4.997e-05,0.6557534520712427,0.05123073844306584
1,PASS,True,366,0,0,22614907,1,64,256,"{'m': 1, 'n': 64, 'k': 256, 'a_base': 64, 'bt_base': 448, 'c_base': 16960, 'a_stride': 256, 'bt_stride': 256, 'c_stride': 256, 'mode': 0, 'watchdog': 10000000}",2026-10-04T16:59:01.442467+00:00,2026-10-04T16:59:03.570191+00:00,20503b465fea2cb9c5f716f84973f7657765d659108b9d7d4d3e528b7fac05e4,d290f7b4aa7de7ca877b1c515c0b558cc4f3fe81a53066ac889bc7d55ee9757b,a085478dcea6d0a7b64c7bd8a9337e4c9297c0bb868e61cd386a506d926cc299,310b0115ce408c023720cb577cabc9792f79d9ef300492f0f233245d73f29100,Uploaded in this connection; reused only within this case,"{'a': '1fdae3cec0a88eff0ad7cdfd6e6dd2bd08d526f4be5b6f5ca46841bf4e8e7cff', 'bt': 'bed14c21e8e25384cb3dd1d217d07913694d93a641242f5bf1a22490cb40d45b', 'c': '25a83cefd97e09598e294eb44cc2e825c0d66dd883e36cda3bd3cc308225db9c'}",PASS,0.0465093000093475,0.19198300002608448,0.5441392000066116,6257,2232,2112,32,256,3753,0,4,8,32,2638998349,100000000,64,17280,17024,1.3119239999796264,0.032025700027588755,2.09455550002167,6.257e-05,0.5237014543711044,0.04091417612274253
1,PASS,True,367,0,0,22624880,64,1,256,"{'m': 64, 'n': 1, 'k': 256, 'a_base': 64, 'bt_base': 16576, 'c_base': 16960, 'a_stride': 256, 'bt_stride': 256, 'c_stride': 64, 'mode': 0, 'watchdog': 10000000}",2026-10-04T16:59:04.867915+00:00,2026-10-04T16:59:07.506028+00:00,74d3a5181487b3a09a3eb8c3d279ae72d5889504765bd19a3b4de097ab96d526,a6661be5bead804f047ecbed302b4d98e1d3b7a8bba56f54a19bdfb1670d46db,405c2167d0678875728db6f379738cb10197cb730b64154feff64e1cf919144b,68ba1da878c3d6b3b8df7716d034769731bf968a802450fd4b2dc403fbc269ad,Uploaded in this connection; reused only within this case,"{'a': 'dadff0f46577b616c4df2f08aac87b29e022056d54273c88140f6f8447d1a1fc', 'bt': '48b039aa20670eb77dbea688a102457041b6bc2588d48b77003cde991fa5f137', 'c': 'd81f34d2234c71cd7b61f53d0149e1117197f17bf10d6cdf15d7aadacd566503'}",PASS,0.3005496999830939,0.1922025000094436,0.5439947000122629,8312,2232,2112,64,256,3725,0,128,8,32,2638998349,100000000,64,21120,20864,1.5680474999826401,0.031695400015451014,2.6047943999874406,8.312e-05,0.3942252165543792,0.030798845043310877
1,PASS,True,368,1,0,22624880,64,1,256,"{'m': 64, 'n': 1, 'k': 256, 'a_base': 64, 'bt_base': 16576, 'c_base': 16960, 'a_stride': 256, 'bt_stride': 256, 'c_stride': 64, 'mode': 1, 'watchdog': 10000000}",2026-10-04T16:59:07.561516+00:00,2026-10-04T16:59:10.193909+00:00,74d3a5181487b3a09a3eb8c3d279ae72d5889504765bd19a3b4de097ab96d526,a6661be5bead804f047ecbed302b4d98e1d3b7a8bba56f54a19bdfb1670d46db,405c2167d0678875728db6f379738cb10197cb730b64154feff64e1cf919144b,68ba1da878c3d6b3b8df7716d034769731bf968a802450fd4b2dc403fbc269ad,Uploaded in this connection; reused only within this case,"{'a': 'dadff0f46577b616c4df2f08aac87b29e022056d54273c88140f6f8447d1a1fc', 'bt': '48b039aa20670eb77dbea688a102457041b6bc2588d48b77003cde991fa5f137', 'c': 'd81f34d2234c71cd7b61f53d0149e1117197f17bf10d6cdf15d7aadacd566503'}",PASS,0.2943661999888718,0.19203249999554828,0.5439896000316367,6036,2232,2112,64,256,2607,0,128,8,32,2638998349,100000000,64,21120,20864,1.567818299983628,0.03205849998630583,2.598206599999685,6.036e-05,0.5428760768721007,0.04241219350563287
1,PASS,True,369,1,0,22634853,32,32,256,"{'m': 32, 'n': 32, 'k': 256, 'a_base': 64, 'bt_base': 8384, 'c_base': 16704, 'a_stride': 256, 'bt_stride': 256, 'c_stride': 128, 'mode': 1, 'watchdog': 10000000}",2026-10-04T16:59:11.508895+00:00,2026-10-04T16:59:14.129729+00:00,43185c1724249e94e1689bfe4594e117a88a1be7208fc3e9a4e40b2fb4e7a1d9,2766ad622505c98db17e03ae557371c60b7d5c9ef60d57d55f2222e3163382e3,ed73ce0f5c722b08262d04a65b937e0c1a544a9c010db143358b9e74287970f0,54233ddeb5c26ae8e093b7664f1e8e93a8bbd75f88c8aa8cf71bf50976a6b8ee,Uploaded in this connection; reused only within this case,"{'a': '43aa69acfe289b28e18d1dc250b65c4d69ba5086e1dec5a49d92c5e1d47016a6', 'bt': '3cc067dda4bc1474e6bb1d1b9cf689f102a11fe9cec8bf93dd5a3e300f4aee5b', 'c': 'c50dd6b1b887a0cb959071f1e5d68bff07c0443da73de3051c0f114896e094e1'}",PASS,0.2995361000066623,0.19198850000975654,0.5440862999530509,11558,4464,2048,512,4096,3439,0,66,8,32,2638998349,100000000,1024,20864,16768,1.5519578999956138,0.03193650004686788,2.5875687999650836,0.00011558,4.536148122512546,0.3543865720712926
1,PASS,True,370,0,0,22634853,32,32,256,"{'m': 32, 'n': 32, 'k': 256, 'a_base': 64, 'bt_base': 8384, 'c_base': 16704, 'a_stride': 256, 'bt_stride': 256, 'c_stride': 128, 'mode': 0, 'watchdog': 10000000}",2026-10-04T16:59:14.182524+00:00,2026-10-04T16:59:16.801580+00:00,43185c1724249e94e1689bfe4594e117a88a1be7208fc3e9a4e40b2fb4e7a1d9,2766ad622505c98db17e03ae557371c60b7d5c9ef60d57d55f2222e3163382e3,ed73ce0f5c722b08262d04a65b937e0c1a544a9c010db143358b9e74287970f0,54233ddeb5c26ae8e093b7664f1e8e93a8bbd75f88c8aa8cf71bf50976a6b8ee,Uploaded in this connection; reused only within this case,"{'a': '43aa69acfe289b28e18d1dc250b65c4d69ba5086e1dec5a49d92c5e1d47016a6', 'bt': '3cc067dda4bc1474e6bb1d1b9cf689f102a11fe9cec8bf93dd5a3e300f4aee5b', 'c': 'c50dd6b1b887a0cb959071f1e5d68bff07c0443da73de3051c0f114896e094e1'}",PASS,0.2977170000085607,0.19219740002881736,0.5445048999972641,11566,4464,2048,512,4096,3477,0,66,8,32,2638998349,100000000,1024,20864,16768,1.5514279999770224,0.0318649000255391,2.5858473000116646,0.00011566,4.533010548158396,0.35414144907487466
1,PASS,True,371,1,0,22669771,1,1,1,"{'m': 1, 'n': 1, 'k': 1, 'a_base': 64, 'bt_base': 256, 'c_base': 448, 'a_stride': 64, 'bt_stride': 64, 'c_stride': 64, 'mode': 1, 'watchdog': 10000000}",2026-10-04T16:59:16.981497+00:00,2026-10-04T16:59:17.905890+00:00,88aa3e3b1f22c616b1817981215e7d1e75fa32b22233ebb8477f64600a5ace1f,7941cb07924fdc7b710e11d98d82850e89566e1c3cb980517ffe4b430f86dfd5,04e022764101a6daa6cdd0e9445fed86a80a65fdb16950c9f3d5521f16706d25,fdada226aa7cfe1c5d45b3111e57198bf2484b44c6a99d5a11edb6eb5a67fa1c,Uploaded in this connection; reused only within this case,"{'a': '66ee046c6eda8e0439c5cc646c8f881addbe95943e8fab516400a2f9ca7871b8', 'bt': 'cfd97103f7a52a71323d3c26e5514aef0accb05cf48541a178ff7b6614aa478d', 'c': '74b1ddd95ff955986689ed1a72697137d12298982bdd7b79ba6009413e149531'}",PASS,0.026569899986498058,0.19143290002830327,0.5440392000018619,220,24,2,1,4,151,0,2,8,32,2638998349,100000000,1,576,572,0.12782659998629242,0.032305800006724894,0.8898686000029556,2.2e-06,0.0009090909090909091,7.102272727272727e-05
1,PASS,True,372,0,0,22669771,1,1,1,"{'m': 1, 'n': 1, 'k': 1, 'a_base': 64, 'bt_base': 256, 'c_base': 448, 'a_stride': 64, 'bt_stride': 64, 'c_stride': 64, 'mode': 0, 'watchdog': 10000000}",2026-10-04T16:59:17.951246+00:00,2026-10-04T16:59:18.865791+00:00,88aa3e3b1f22c616b1817981215e7d1e75fa32b22233ebb8477f64600a5ace1f,7941cb07924fdc7b710e11d98d82850e89566e1c3cb980517ffe4b430f86dfd5,04e022764101a6daa6cdd0e9445fed86a80a65fdb16950c9f3d5521f16706d25,fdada226aa7cfe1c5d45b3111e57198bf2484b44c6a99d5a11edb6eb5a67fa1c,Uploaded in this connection; reused only within this case,"{'a': '66ee046c6eda8e0439c5cc646c8f881addbe95943e8fab516400a2f9ca7871b8', 'bt': 'cfd97103f7a52a71323d3c26e5514aef0accb05cf48541a178ff7b6614aa478d', 'c': '74b1ddd95ff955986689ed1a72697137d12298982bdd7b79ba6009413e149531'}",PASS,0.017134400026407093,0.19216400000732392,0.5438395999954082,219,24,2,1,4,150,0,2,8,32,2638998349,100000000,1,576,572,0.1280970000079833,0.032093599962536246,0.8812350000371225,2.19e-06,0.0009132420091324201,7.134703196347032e-05
1,PASS,True,373,0,0,22679744,5,3,9,"{'m': 5, 'n': 3, 'k': 9, 'a_base': 64, 'bt_base': 512, 'c_base': 832, 'a_stride': 64, 'bt_stride': 64, 'c_stride': 64, 'mode': 0, 'watchdog': 10000000}",2026-10-04T16:59:19.044105+00:00,2026-10-04T16:59:20.033591+00:00,76cb851b227b735ec716448d114b70b4f98ad01c784268fba539a26186bde126,dcba8823f392c39b86c7b5458d578b8057f29b82e2a8300ce200c9f54f72ec2b,f1f43db3461f0bf4efaa3caa561dfa0c1d2f216e13ddfe02e4d6a66e330dc5c8,539d0b1edd1c513fa5e3ce4f8ac6deb858f0074e7bba5b6414d5daf259c636e9,Uploaded in this connection; reused only within this case,"{'a': '6850bdd41f9359cd21e01acc01b173f0910727b7731213abfbdfe4f561a76850', 'bt': '66b22f1088ec6eccdaf44b89ed8289aa3956604abd08e8c0aabc702c9ae88def', 'c': '5b1f75de2e2549b0cdfc85b93053b638e8b020ee409fe69fe113f005d0f8f165'}",PASS,0.043462000030558556,0.19229659996926785,0.5437668000231497,476,32,16,10,60,233,0,10,8,32,2638998349,100000000,15,1216,1156,0.17628849996253848,0.03182590001961216,0.9558138999855146,4.76e-06,0.05672268907563025,0.004431460084033613
1,PASS,True,374,1,0,22679744,5,3,9,"{'m': 5, 'n': 3, 'k': 9, 'a_base': 64, 'bt_base': 512, 'c_base': 832, 'a_stride': 64, 'bt_stride': 64, 'c_stride': 64, 'mode': 1, 'watchdog': 10000000}",2026-10-04T16:59:20.073343+00:00,2026-10-04T16:59:21.057615+00:00,76cb851b227b735ec716448d114b70b4f98ad01c784268fba539a26186bde126,dcba8823f392c39b86c7b5458d578b8057f29b82e2a8300ce200c9f54f72ec2b,f1f43db3461f0bf4efaa3caa561dfa0c1d2f216e13ddfe02e4d6a66e330dc5c8,539d0b1edd1c513fa5e3ce4f8ac6deb858f0074e7bba5b6414d5daf259c636e9,Uploaded in this connection; reused only within this case,"{'a': '6850bdd41f9359cd21e01acc01b173f0910727b7731213abfbdfe4f561a76850', 'bt': '66b22f1088ec6eccdaf44b89ed8289aa3956604abd08e8c0aabc702c9ae88def', 'c': '5b1f75de2e2549b0cdfc85b93053b638e8b020ee409fe69fe113f005d0f8f165'}",PASS,0.03914700000314042,0.19195150001905859,0.5440192999667488,490,32,16,10,60,247,0,10,8,32,2638998349,100000000,15,1216,1156,0.17619220004417002,0.03192239999771118,0.9513100000331178,4.9e-06,0.05510204081632653,0.00430484693877551
1,PASS,True,375,1,0,22689717,31,33,17,"{'m': 31, 'n': 33, 'k': 17, 'a_base': 64, 'bt_base': 2176, 'c_base': 4416, 'a_stride': 64, 'bt_stride': 64, 'c_stride': 192, 'mode': 1, 'watchdog': 10000000}",2026-10-04T16:59:21.493081+00:00,2026-10-04T16:59:23.505313+00:00,54af590ad44976e9e87a347f14ce18059821d1fc4e0b5c9ab5d78d3cd6bea6b9,e7b30bbcb88d8a5ce76b659053a2ccba7cd9176d416491d500c784dc7381adde,e6c87480827de1aa4c9519c29c1792c55e1e89ff5903d4b84c9a886817c3e6e9,1cc4a169db7b11ac5bd16cd760f8eb37fabb6a5fcac2e2a44f542fed3153b779,Uploaded in this connection; reused only within this case,"{'a': '2e20b88dff385da803c9a2c56cfd3289ba1bddfbc2669ba003aa480ff5704f48', 'bt': '5bb9edf64fc6369e8645e43b70b8c64974b7adee832f568009f8da36464e0cfb', 'c': '8a661315100900894ae8e819a38e8a121b398cf8a9ecad8312485d80309dad80'}",PASS,0.4269151000189595,0.19197629997506738,0.5441122999764048,6519,800,285,527,4092,1224,0,124,8,32,2638998349,100000000,1023,10432,6340,0.815914100036025,0.031938300002366304,1.9789178000064567,6.519e-05,0.5335480901978831,0.041683444546709615
1,PASS,True,376,0,0,22689717,31,33,17,"{'m': 31, 'n': 33, 'k': 17, 'a_base': 64, 'bt_base': 2176, 'c_base': 4416, 'a_stride': 64, 'bt_stride': 64, 'c_stride': 192, 'mode': 0, 'watchdog': 10000000}",2026-10-04T16:59:23.553290+00:00,2026-10-04T16:59:25.569518+00:00,54af590ad44976e9e87a347f14ce18059821d1fc4e0b5c9ab5d78d3cd6bea6b9,e7b30bbcb88d8a5ce76b659053a2ccba7cd9176d416491d500c784dc7381adde,e6c87480827de1aa4c9519c29c1792c55e1e89ff5903d4b84c9a886817c3e6e9,1cc4a169db7b11ac5bd16cd760f8eb37fabb6a5fcac2e2a44f542fed3153b779,Uploaded in this connection; reused only within this case,"{'a': '2e20b88dff385da803c9a2c56cfd3289ba1bddfbc2669ba003aa480ff5704f48', 'bt': '5bb9edf64fc6369e8645e43b70b8c64974b7adee832f568009f8da36464e0cfb', 'c': '8a661315100900894ae8e819a38e8a121b398cf8a9ecad8312485d80309dad80'}",PASS,0.4303544999565929,0.19175530003849417,0.5440272999694571,7404,800,285,527,4092,1939,0,124,8,32,2638998349,100000000,1023,10432,6340,0.8163661999860778,0.031788800028152764,1.982503299950622,7.404e-05,0.469773095623987,0.03670102309562399
1,PASS,True,377,0,0,22699690,33,35,256,"{'m': 33, 'n': 35, 'k': 256, 'a_base': 64, 'bt_base': 8640, 'c_base': 17728, 'a_stride': 256, 'bt_stride': 256, 'c_stride': 192, 'mode': 0, 'watchdog': 10000000}",2026-10-04T16:59:26.947720+00:00,2026-10-04T16:59:29.953591+00:00,c69273ade8c1aab0dddd9d6dbab205f8bbdc5bf030f4e6349adbecf2d04fc357,167209c8643ea4e33a521900b655de9e47d1ee5092d1cb1eeb8955fbec318194,9d6c6e0c98cdd09b88ecbbe6c10961f2fe573c4420ab422a46ee6af9ae379878,506ecf1b630278fd4a6e4fde9727efda870bcf10a1992bd7f1b56636cbb48d02,Uploaded in this connection; reused only within this case,"{'a': '45e2e389b7650460b178bc5285c1f28a1820e06248c40aa868020a6d95f38b51', 'bt': '20b1dfe4b1b1bd9495203a0aaab4d29dc6e1cde360ab101ca4ed498a2a2b0762', 'c': '38fb195c0c5f79bc0633f0068a35b781c924a1b6c723605664a27402bd3e9806'}",PASS,0.45924130000639707,0.1920564000029117,0.5438422000152059,19773,6975,4352,594,4620,7647,0,134,8,32,2638998349,100000000,1155,24128,19508,1.7767404999467544,0.03164460003608838,2.971880399971269,0.00019773,2.990744955241997,0.23365194962828098
1,PASS,True,378,1,0,22699690,33,35,256,"{'m': 33, 'n': 35, 'k': 256, 'a_base': 64, 'bt_base': 8640, 'c_base': 17728, 'a_stride': 256, 'bt_stride': 256, 'c_stride': 192, 'mode': 1, 'watchdog': 10000000}",2026-10-04T16:59:30.007054+00:00,2026-10-04T16:59:33.008994+00:00,c69273ade8c1aab0dddd9d6dbab205f8bbdc5bf030f4e6349adbecf2d04fc357,167209c8643ea4e33a521900b655de9e47d1ee5092d1cb1eeb8955fbec318194,9d6c6e0c98cdd09b88ecbbe6c10961f2fe573c4420ab422a46ee6af9ae379878,506ecf1b630278fd4a6e4fde9727efda870bcf10a1992bd7f1b56636cbb48d02,Uploaded in this connection; reused only within this case,"{'a': '45e2e389b7650460b178bc5285c1f28a1820e06248c40aa868020a6d95f38b51', 'bt': '20b1dfe4b1b1bd9495203a0aaab4d29dc6e1cde360ab101ca4ed498a2a2b0762', 'c': '38fb195c0c5f79bc0633f0068a35b781c924a1b6c723605664a27402bd3e9806'}",PASS,0.4568186000105925,0.19208459998480976,0.5440721000195481,13290,6975,4352,594,4620,3482,0,134,8,32,2638998349,100000000,1155,24128,19508,1.7759648999781348,0.0317341000190936,2.968940199993085,0.0001329,4.449661399548533,0.3476297968397291
1,PASS,True,379,1,0,22709663,65,63,255,"{'m': 65, 'n': 63, 'k': 255, 'a_base': 64, 'bt_base': 16832, 'c_base': 33088, 'a_stride': 256, 'bt_stride': 256, 'c_stride': 256, 'mode': 1, 'watchdog': 10000000}",2026-10-04T16:59:35.493291+00:00,2026-10-04T16:59:41.024682+00:00,788726869e0b311584c7e38ad0acfc5d3935f0429d71c754b3f28243d67a0f17,e141fe540ba557cbf592737f94527b56767ca462396e0c0ed70dcc91dd8672cc,829b3d6d11e8cbbcef7874d4def737ea78bbf766952843380abd0ab73466e10a,aa49eba17fb4ba075d9d05e3e2b12ee7a0864f741a098742e083394c61150688,Uploaded in this connection; reused only within this case,"{'a': 'df142ed9369e7d74a98add55c469213aa7338810e5a16692efebd3bc379ab612', 'bt': '2fd75e3a1fe06fbcf6eb4f63d3e285cabf68f8990c1d7b35c201e62440842802', 'c': '7c3fa798ad6d05e4b66a098a35249f83438bdb5c8a298bfeb9dfa096e48a46df'}",PASS,1.1788048000307754,0.1919062999659218,0.5437067000311799,26409,20016,10208,2080,16380,3450,0,268,8,32,2638998349,100000000,4095,49792,33412,3.5841216999688186,0.031800199998542666,5.498539499996696,0.00026409,7.9080995115301596,0.6178202743382938
1,PASS,True,380,0,0,22709663,65,63,255,"{'m': 65, 'n': 63, 'k': 255, 'a_base': 64, 'bt_base': 16832, 'c_base': 33088, 'a_stride': 256, 'bt_stride': 256, 'c_stride': 256, 'mode': 0, 'watchdog': 10000000}",2026-10-04T16:59:41.085509+00:00,2026-10-04T16:59:46.608542+00:00,788726869e0b311584c7e38ad0acfc5d3935f0429d71c754b3f28243d67a0f17,e141fe540ba557cbf592737f94527b56767ca462396e0c0ed70dcc91dd8672cc,829b3d6d11e8cbbcef7874d4def737ea78bbf766952843380abd0ab73466e10a,aa49eba17fb4ba075d9d05e3e2b12ee7a0864f741a098742e083394c61150688,Uploaded in this connection; reused only within this case,"{'a': 'df142ed9369e7d74a98add55c469213aa7338810e5a16692efebd3bc379ab612', 'bt': '2fd75e3a1fe06fbcf6eb4f63d3e285cabf68f8990c1d7b35c201e62440842802', 'c': '7c3fa798ad6d05e4b66a098a35249f83438bdb5c8a298bfeb9dfa096e48a46df'}",PASS,1.169455300027039,0.19158059998881072,0.544115700002294,52347,20016,10208,2080,16380,17463,0,268,8,32,2638998349,100000000,4095,49792,33412,3.583732399973087,0.031981300038751215,5.488883999991231,0.00052347,3.989626912717061,0.3116896025560204
1,PASS,True,381,0,0,22719636,1,64,256,"{'m': 1, 'n': 64, 'k': 256, 'a_base': 64, 'bt_base': 448, 'c_base': 16960, 'a_stride': 256, 'bt_stride': 256, 'c_stride': 256, 'mode': 0, 'watchdog': 10000000}",2026-10-04T16:59:47.923063+00:00,2026-10-04T16:59:50.048664+00:00,5396a84bd919f4dd1db6bd91bb0b9d432392a632a6c6a3f74623b7e05c4c7f69,5855ae21ae3bb1db6d0fca44bb610214fb5bca7a8718c2364d016153c1bdae08,6fc9d8326199066285401e6d64a39a43dc022b7dc9baca3aef32b4673aa6eb77,6117c066f38a1a1e857df32dd8b2bf5db80a4efae34f021b0941f3a2b7e90563,Uploaded in this connection; reused only within this case,"{'a': '8be07d2e8a55843946d79b1629c31717c3b4051a878fe284c4c1dcc74ae5c9d4', 'bt': 'a68ac16bcd37bba9cf850f07caff300839cada07ba1cd3d5ce01b95344d14fc9', 'c': 'bfd7127c4247d1476f740a683fc6d8030de9a4bbfd8180de3d48227ae78dfa4f'}",PASS,0.043745099974330515,0.19194960000459105,0.5441249000141397,6262,2232,2112,32,256,3758,0,4,8,32,2638998349,100000000,64,17280,17024,1.3119938999880105,0.03200599999399856,2.091813499981072,6.262e-05,0.5232832960715427,0.04088150750558927
1,PASS,True,382,1,0,22719636,1,64,256,"{'m': 1, 'n': 64, 'k': 256, 'a_base': 64, 'bt_base': 448, 'c_base': 16960, 'a_stride': 256, 'bt_stride': 256, 'c_stride': 256, 'mode': 1, 'watchdog': 10000000}",2026-10-04T16:59:50.096860+00:00,2026-10-04T16:59:52.224599+00:00,5396a84bd919f4dd1db6bd91bb0b9d432392a632a6c6a3f74623b7e05c4c7f69,5855ae21ae3bb1db6d0fca44bb610214fb5bca7a8718c2364d016153c1bdae08,6fc9d8326199066285401e6d64a39a43dc022b7dc9baca3aef32b4673aa6eb77,6117c066f38a1a1e857df32dd8b2bf5db80a4efae34f021b0941f3a2b7e90563,Uploaded in this connection; reused only within this case,"{'a': '8be07d2e8a55843946d79b1629c31717c3b4051a878fe284c4c1dcc74ae5c9d4', 'bt': 'a68ac16bcd37bba9cf850f07caff300839cada07ba1cd3d5ce01b95344d14fc9', 'c': 'bfd7127c4247d1476f740a683fc6d8030de9a4bbfd8180de3d48227ae78dfa4f'}",PASS,0.04656259994953871,0.1919752000248991,0.5441983999917284,4983,2232,2112,32,256,2592,0,4,8,32,2638998349,100000000,64,17280,17024,1.3118790999869816,0.03204110002843663,2.0946152999531478,4.983e-05,0.6575958258077463,0.05137467389123018
1,PASS,True,383,1,0,22729609,64,1,256,"{'m': 64, 'n': 1, 'k': 256, 'a_base': 64, 'bt_base': 16576, 'c_base': 16960, 'a_stride': 256, 'bt_stride': 256, 'c_stride': 64, 'mode': 1, 'watchdog': 10000000}",2026-10-04T16:59:53.555703+00:00,2026-10-04T16:59:56.192363+00:00,8d8942792eaa6bb2b56d837b5c787f2fda876981c4235f54e475209af0db1f6f,eefa409bff9fb7e87553aef1602742d931894c7ffb5f5c5af5f249c78e37c0a9,66cc6ab0699bef4ff05cadfbcaedb17b6fe151cff6fe626457c25a9973be89e8,43275ea64ba5147001ebf5cc68a8b7145d2c76ee9bd9290f731981bbccbef035,Uploaded in this connection; reused only within this case,"{'a': '89e035c3f659e3f202158c2bed0843ca07b2bc5199f3c2f6d1c3d2b58dd76e2a', 'bt': '53373afd00cdf6888c8b7fcd65e6ac8f3d7c59c4d489e602e9651e108772ab10', 'c': 'b7fe4139fd522d34ddf4c01c8c4106f5c1e62bb77b02a01f7849a4204480eca9'}",PASS,0.29945890000090003,0.19190990005154163,0.5442364999908023,6031,2232,2112,64,256,2604,0,128,8,32,2638998349,100000000,64,21120,20864,1.5676865999703296,0.032105499994941056,2.6032919000135735,6.031e-05,0.5433261482341237,0.042447355330790915
